smiles,template,compound_set,hit1,hit2,hit3,hit4,hit5,hit6,hit7,hit8,hit9,hit10,hit11,hit12,hit13,hit14,hit15,hit16,hit17,hit18,hit19,hit20,hit21,hit22,hit23,hit24,hit25,hit26,hit27
O=C(Cc1cocn1)Nc1ccc2c(c1)C(F)CC2,A5666a,openbind_a71ev2a_c1_scaffolds,A5151a,A5512a,,,,,,,,,,,,,,,,,,,,,,,,,
Cc1ccc(C(O)(C=O)NCc2cocn2)c2[nH]ccc12,A5666a,openbind_a71ev2a_c1_scaffolds,A0487a,A4940a,,,,,,,,,,,,,,,,,,,,,,,,,
COc1ccc(C(C)=O)cc1-c1n[nH]cc1CN,A5666a,openbind_a71ev2a_c1_scaffolds,A0501a,A4456a,,,,,,,,,,,,,,,,,,,,,,,,,
CNNc1ccccc1-c1n[nH]c(C)c1CO,A5666a,openbind_a71ev2a_c1_scaffolds,A0501a,A4524a,,,,,,,,,,,,,,,,,,,,,,,,,
CN1CCc2cc(F)c(OC(=O)N3CCCC(C(N)=O)C3)cc2C1CCOc1ccc(CNCc2ccc(C#N)cc2)cc1,A5666a,openbind_a71ev2a_c1_scaffolds,A0501b,A4214a,A4214b,,,,,,,,,,,,,,,,,,,,,,,,
NC(=O)C1CCCN(C(=O)NC2CN(CS)NC23CCCC2(CCC2)N3)C1,A5666a,openbind_a71ev2a_c1_scaffolds,A0514a,A4310a,,,,,,,,,,,,,,,,,,,,,,,,,
COC(=O)c1cc(C)ncc1N(C)N,A5666a,openbind_a71ev2a_c1_scaffolds,A0514a,A4331a,,,,,,,,,,,,,,,,,,,,,,,,,
CCNCc1ccc(OC=O)cn1,A5666a,openbind_a71ev2a_c1_scaffolds,A0514a,A4346a,,,,,,,,,,,,,,,,,,,,,,,,,
COC(=O)c1ccncc1N,A5666a,openbind_a71ev2a_c1_scaffolds,A0514a,A4368a,,,,,,,,,,,,,,,,,,,,,,,,,
CC1CCC(C(N)=O)CN1C(=O)Nc1cn(CS)nc1C(=O)NC1CCC1,A5666a,openbind_a71ev2a_c1_scaffolds,A0528a,A3940a,,,,,,,,,,,,,,,,,,,,,,,,,
CCC(=O)c1ccc2c(c1NC(C)=O)[NH+]([O-])C=C2,A5666a,openbind_a71ev2a_c1_scaffolds,A0528a,A5104a,,,,,,,,,,,,,,,,,,,,,,,,,
CN(C)OC1CCN(S(C)(=O)=O)CC1,A0207a,openbind_a71ev2a_c1_scaffolds,A0540a,A0228a,,,,,,,,,,,,,,,,,,,,,,,,,
NCc1ccc2c3c(cccc13)CN2,A0207a,openbind_a71ev2a_c1_scaffolds,A0586a,A0188a,A0229b,,,,,,,,,,,,,,,,,,,,,,,,
CNCS(=O)(=O)C(=O)c1ccc(CN)cc1,A0207a,openbind_a71ev2a_c1_scaffolds,A0305a,A0229b,,,,,,,,,,,,,,,,,,,,,,,,,
Cc1ncc(CNC(=O)C2CCC2)cc1OC1CCN(C)C1=O,A0207a,openbind_a71ev2a_c1_scaffolds,A0487a,A0237a,,,,,,,,,,,,,,,,,,,,,,,,,
Cc1ncc(CNC(=O)C2CCC2)c(C)c1NC(=O)CC#N,A0207a,openbind_a71ev2a_c1_scaffolds,A0528a,A0237a,,,,,,,,,,,,,,,,,,,,,,,,,
Cc1cc(C(C)CS(N)(=O)=O)c(CNC(=O)C2CCC2)cn1,A0207a,openbind_a71ev2a_c1_scaffolds,A0237a,A0387a,,,,,,,,,,,,,,,,,,,,,,,,,
CCC(=NNC(NC(=O)C1CCC1)c1ccc(C)nc1)NO,A0207a,openbind_a71ev2a_c1_scaffolds,A0237a,A0884a,,,,,,,,,,,,,,,,,,,,,,,,,
CC(CC1(C(=O)C2CCC2)Cc2ccc(CO)nc2N1)C(F)(F)F,A0207a,openbind_a71ev2a_c1_scaffolds,A0237a,A1169a,,,,,,,,,,,,,,,,,,,,,,,,,
CC1=NC(C#Cc2[nH]nc3ccccc23)(c2ccccc2)C(=O)C1,A0207a,openbind_a71ev2a_c1_scaffolds,A0486a,A0239a,,,,,,,,,,,,,,,,,,,,,,,,,
CCS(=O)(=O)NC(CS(N)(=O)=O)c1ccc2c(c1)OCO2,A0207a,openbind_a71ev2a_c1_scaffolds,A0450a,A0351a,,,,,,,,,,,,,,,,,,,,,,,,,
CCS(=O)(=O)NCc1cc2c(cc1NC(=O)CC(C)C(F)(F)F)OC(C)O2,A0207a,openbind_a71ev2a_c1_scaffolds,A0351a,A0365a,,,,,,,,,,,,,,,,,,,,,,,,,
CCS(=O)(=O)NCc1ccc2c(c1C(=O)N1CC(O)C1)OCO2,A0207a,openbind_a71ev2a_c1_scaffolds,A0351a,A4570a,,,,,,,,,,,,,,,,,,,,,,,,,
NC(Nc1ccn(CO)n1)c1ccccc1,A0207a,openbind_a71ev2a_c1_scaffolds,A0229a,A0359a,,,,,,,,,,,,,,,,,,,,,,,,,
COC1CCC2(CC(NCc3ccccc3)NN2C)C2=C1C(=O)C(=O)N2,A0207a,openbind_a71ev2a_c1_scaffolds,A0554a,A0365a,,,,,,,,,,,,,,,,,,,,,,,,,
c1ccc(CNc2n[nH]c3c2SCC3)cc1,A0207a,openbind_a71ev2a_c1_scaffolds,A0365a,A4650a,,,,,,,,,,,,,,,,,,,,,,,,,
COc1ccccc1C(CCS)C(=O)c1nn(C)cc1N,A0207a,openbind_a71ev2a_c1_scaffolds,A0365a,A5249a,,,,,,,,,,,,,,,,,,,,,,,,,
COCC(=O)Nc1c(C)cc(C)cc1CNCCc1cocn1,A0207a,openbind_a71ev2a_c1_scaffolds,A0528a,A0387a,,,,,,,,,,,,,,,,,,,,,,,,,
COCC(O)(Nc1c(C)cc(C)cc1C)C1CCCO1,A0207a,openbind_a71ev2a_c1_scaffolds,A0387a,A5258a,,,,,,,,,,,,,,,,,,,,,,,,,
Cc1ccc2nc(C)c(O)n2c1,A0207a,openbind_a71ev2a_c1_scaffolds,A0437a,A4826b,,,,,,,,,,,,,,,,,,,,,,,,,
COCC1CCC2NC(C)C(=O)N2C1,A0207a,openbind_a71ev2a_c1_scaffolds,A0437a,A4873b,,,,,,,,,,,,,,,,,,,,,,,,,
Cc1cccc(C(C)C)c1,A0207a,openbind_a71ev2a_c1_scaffolds,A0451a,A0719a,A2454a,A2513a,,,,,,,,,,,,,,,,,,,,,,,
Fc1ccc(CC2CCCNC2)c2nc[nH]c12,A0922a,openbind_a71ev2a_c1_scaffolds,A1140a,A4786a,,,,,,,,,,,,,,,,,,,,,,,,,
Cc1nn(C)c(C)c1CC(=O)NC(CNC(=O)C1(Cl)NCCCC1S(N)(=O)=O)c1ccc2ccccc2c1,A0922a,openbind_a71ev2a_c1_scaffolds,A1346a,A3188a,,,,,,,,,,,,,,,,,,,,,,,,,
Cc1nn(CS)c(C)c1CC(=O)NC(CNC(=O)N1CCCC(C(F)F)C1Cl)c1ccc2ccccc2c1,A0922a,openbind_a71ev2a_c1_scaffolds,A1346a,A3189a,,,,,,,,,,,,,,,,,,,,,,,,,
Cc1nn(CS)c(C)c1CC(=O)NC(CNC(=O)C1(Cl)NCCCC1CF)c1ccc2ccccc2c1,A0922a,openbind_a71ev2a_c1_scaffolds,A1346a,A3193a,,,,,,,,,,,,,,,,,,,,,,,,,
C=C(N)C1(F)CCCNC1C(=O)NCC(NC(=O)Cc1c(C)nn(C)c1C)c1ccc2ccccc2c1,A0922a,openbind_a71ev2a_c1_scaffolds,A1346a,A3201a,,,,,,,,,,,,,,,,,,,,,,,,,
C=C(N)C1CCCNC1C(=O)NCC(NC(=O)Cc1c(C)nn(C)c1C)c1ccc2ccccc2c1,A0922a,openbind_a71ev2a_c1_scaffolds,A0566a,A0365a,A0884a,A1346a,A2304a,A2846a,A3280a,A3305a,A3403a,A3436a,A3450a,A3612a,A3616b,A3618a,A3568a,A3901a,A3968a,A3982a,A4018a,A4306a,A4313a,A4316a,A4319a,A4320a,A4321a,A4321b,A4365b
C=C(N)C1CC(C)CNC1C(=O)NCC(NC(=O)Cc1c(C)nn(C)c1C)c1ccc2ccccc2c1,A0922a,openbind_a71ev2a_c1_scaffolds,A1346a,A3986a,,,,,,,,,,,,,,,,,,,,,,,,,
C=C(N)C1CCCNC1C(=O)NCC(NC(Cc1c(C)nn(C)c1C)=NCC)c1ccc2ccccc2c1,A0922a,openbind_a71ev2a_c1_scaffolds,A1346a,A4291a,,,,,,,,,,,,,,,,,,,,,,,,,
C#Cc1nn(C)c(C)c1CC(=O)NC(CNC(=O)C1NCCCC1C(=C)N)c1ccc2ccccc2c1,A0922a,openbind_a71ev2a_c1_scaffolds,A1346a,A4334a,,,,,,,,,,,,,,,,,,,,,,,,,
C=C(N)C1CCCNC1C(=O)NCC(NC(=O)Cc1c(C)nn(C)c1C)c1ccc2c(c1)CC1(CC2)CNCCC1NC=O,A0922a,openbind_a71ev2a_c1_scaffolds,A1346a,A4343a,A4343b,,,,,,,,,,,,,,,,,,,,,,,,
C=C(N)C1CCC(=O)N2Cc3c(c(C)nn3C)CC(=O)NC(c3ccc4ccccc4c3)CNC(=O)C12,A0922a,openbind_a71ev2a_c1_scaffolds,A1346a,A4381a,,,,,,,,,,,,,,,,,,,,,,,,,
COc1cc(NC(=O)CC(C)C(F)(F)F)n(CNCCc2cccc(OC)c2-c2nnco2)n1,A0922a,openbind_a71ev2a_c1_scaffolds,A1445a,A4343a,A4343b,,,,,,,,,,,,,,,,,,,,,,,,
COc1cc(NC(=O)CC(C)C(F)(F)F)n(C=C(CO)Nc2c(C)cc(C)cc2C)n1,A0922a,openbind_a71ev2a_c1_scaffolds,A1445a,A4237a,,,,,,,,,,,,,,,,,,,,,,,,,
CNC(O)(O)c1nn(C)c2ccc(F)cc12,A2290a,openbind_a71ev2a_c1_scaffolds,A2290a,A2351a,,,,,,,,,,,,,,,,,,,,,,,,,
CNC(=O)c1nn(C)c2cc(NCc3cc(C)no3)c(O)cc12,A2290a,openbind_a71ev2a_c1_scaffolds,A2290a,A3175a,,,,,,,,,,,,,,,,,,,,,,,,,
CN(C1CCOC1)C(O)(O)c1nn(C)c2ccccc12,A2290a,openbind_a71ev2a_c1_scaffolds,A2290a,A3178a,,,,,,,,,,,,,,,,,,,,,,,,,
CNC(=O)c1nn(C)c2ccc(Nc3ccn(C)n3)cc12,A2290a,openbind_a71ev2a_c1_scaffolds,A2290a,A3279a,,,,,,,,,,,,,,,,,,,,,,,,,
Cn1nc(C(=O)NCc2cocn2)c2ccccc21,A2290a,openbind_a71ev2a_c1_scaffolds,A2290a,A3403a,,,,,,,,,,,,,,,,,,,,,,,,,
Cn1nc(C(=O)NCCc2cocn2)c2ccccc21,A2290a,openbind_a71ev2a_c1_scaffolds,A2290a,A3436a,,,,,,,,,,,,,,,,,,,,,,,,,
CC(=O)c1ccc2c(c1)c(C(=O)NCC1Cc3ccccc3CN1)nn2C,A2290a,openbind_a71ev2a_c1_scaffolds,A0554a,A2293a,,,,,,,,,,,,,,,,,,,,,,,,,
Cn1nc(C(=O)NCC2Cc3ccccc3CN2)c2cc(F)ccc21,A2290a,openbind_a71ev2a_c1_scaffolds,A0884a,A2293a,,,,,,,,,,,,,,,,,,,,,,,,,
Cn1nc(C(=O)N(N)CCn2cncn2)c2ccccc21,A2290a,openbind_a71ev2a_c1_scaffolds,A2293a,A3189a,,,,,,,,,,,,,,,,,,,,,,,,,
Cn1nc(C(=O)NCC2Cc3ccccc3CN2)c2cccc(O)c21,A2290a,openbind_a71ev2a_c1_scaffolds,A2293a,A3201a,,,,,,,,,,,,,,,,,,,,,,,,,
Cn1nc(C(N=O)NCC2Cc3ccccc3CN2)c2ccccc21,A2290a,openbind_a71ev2a_c1_scaffolds,A2293a,A3207a,,,,,,,,,,,,,,,,,,,,,,,,,
Cn1nc(C2(N)CCCC(O)C2)c2c(CNO)c(F)ccc21,A2290a,openbind_a71ev2a_c1_scaffolds,A2293a,A3616b,A4559b,A4963b,,,,,,,,,,,,,,,,,,,,,,,
Cn1nc(C2NCC3Cc4ccccc4C3C3CCCN2C3)c2ccccc21,A2290a,openbind_a71ev2a_c1_scaffolds,A2293a,A4295a,A4303a,,,,,,,,,,,,,,,,,,,,,,,,
CNC1CCC(C(N)=O)CC1(CO)CO,A2290a,openbind_a71ev2a_c1_scaffolds,A2293a,A4214a,,,,,,,,,,,,,,,,,,,,,,,,,
CNc1cccc2c1c(C1NCC3Cc4ccccc4C(N)(O)C34CCN1C4)nn2C,A2290a,openbind_a71ev2a_c1_scaffolds,A2293a,A4777a,,,,,,,,,,,,,,,,,,,,,,,,,
Cc1cccc2c1c(NCN(CO)Cc1cn[nH]c1)nn2C,A2290a,openbind_a71ev2a_c1_scaffolds,A2304a,A4451a,,,,,,,,,,,,,,,,,,,,,,,,,
Cc1cc2c(cc1F)c(C(O)(O)NC#N)nn2C,A2290a,openbind_a71ev2a_c1_scaffolds,A2304a,A4798a,,,,,,,,,,,,,,,,,,,,,,,,,
CCC(C)N1CCOCC1,A2290a,openbind_a71ev2a_c1_scaffolds,A2513a,A3194a,,,,,,,,,,,,,,,,,,,,,,,,,
CCC1N(C)C(=O)Cc2cc(Br)cc3c2c(nn3C)C1(O)NCCNC(O)NC,A2290a,openbind_a71ev2a_c1_scaffolds,A2846a,A3665a,A3685a,,,,,,,,,,,,,,,,,,,,,,,,
CNC(=O)c1cn(C)c2cc3sc(N)nc3cc12,A2290a,openbind_a71ev2a_c1_scaffolds,A2972a,A3963a,,,,,,,,,,,,,,,,,,,,,,,,,
CNC(O)(C(=O)O)c1cn2c3c(cc(Br)cc13)OC2,A2290a,openbind_a71ev2a_c1_scaffolds,A2972a,A4035b,,,,,,,,,,,,,,,,,,,,,,,,,
Cc1ccc2c(c1)c(C1(N)CC(CO)CCC1O)nn2C,A2290a,openbind_a71ev2a_c1_scaffolds,A3066a,A5424b,,,,,,,,,,,,,,,,,,,,,,,,,
Cn1nc(C(O)(NC2CCOC2O)N(F)F)c2ccccc21,A2290a,openbind_a71ev2a_c1_scaffolds,A3175a,A4806b,,,,,,,,,,,,,,,,,,,,,,,,,
O=S(=O)(c1cccnc1)c1cccnc1,A2290a,openbind_a71ev2a_c1_scaffolds,A3176a,A3193a,,,,,,,,,,,,,,,,,,,,,,,,,
Cn1nc(C(=O)NCCn2cncn2)c2cc(F)ccc21,A2290a,openbind_a71ev2a_c1_scaffolds,A3176a,A3417a,,,,,,,,,,,,,,,,,,,,,,,,,
CN1NC(C(O)(Cc2ncccn2)NCCn2cncn2)C2=C1CCCC2,A2290a,openbind_a71ev2a_c1_scaffolds,A3176a,A3956a,,,,,,,,,,,,,,,,,,,,,,,,,
Cc1ccc2c(c1)c(C(=O)NCCn1cncn1)nn2C,A2290a,openbind_a71ev2a_c1_scaffolds,A3176a,A3986a,,,,,,,,,,,,,,,,,,,,,,,,,
CC1CCC(C(N)=O)CN1C(=O)Cc1cccc2nn(C)cc12,A2290a,openbind_a71ev2a_c1_scaffolds,A3176a,A3989a,,,,,,,,,,,,,,,,,,,,,,,,,
CC1CCC(C(O)(NO)c2nn(C)c3ccccc23)CC12NCN(O)C2N,A2290a,openbind_a71ev2a_c1_scaffolds,A3176a,A4012b,,,,,,,,,,,,,,,,,,,,,,,,,
Cn1nc(C(O)(O)C2CC3NCCC4(CNCN4)C3C2)c2ccccc21,A2290a,openbind_a71ev2a_c1_scaffolds,A3176a,A4689a,,,,,,,,,,,,,,,,,,,,,,,,,
CCN(C)C(O)(O)c1nn(C)c2ccccc12,A2290a,openbind_a71ev2a_c1_scaffolds,A3176a,A4977a,A4977b,,,,,,,,,,,,,,,,,,,,,,,,
COc1cccc2c1c(C(=O)NCCn1cncn1)nn2C,A2290a,openbind_a71ev2a_c1_scaffolds,A3176a,A5131a,,,,,,,,,,,,,,,,,,,,,,,,,
Cn1nc(C(=O)NCCn2cncn2)c2ccc(-c3ccc(F)cc3)cc21,A2290a,openbind_a71ev2a_c1_scaffolds,A3176a,A5210a,,,,,,,,,,,,,,,,,,,,,,,,,
O=C(NO)C1CCC2CCc3[nH]cnc3C(=O)N2C1,A3191a,openbind_a71ev2a_c1_scaffolds,A2629a,A3222a,,,,,,,,,,,,,,,,,,,,,,,,,
Cc1ocnc1CCNCC1CC(C)c2ccccc21,A3191a,openbind_a71ev2a_c1_scaffolds,A3264a,A3867a,,,,,,,,,,,,,,,,,,,,,,,,,
COCC(N)N=C(NCC(F)(F)c1ccccn1)c1nn(C)c2ccccc12,A3191a,openbind_a71ev2a_c1_scaffolds,A3181a,A3279a,,,,,,,,,,,,,,,,,,,,,,,,,
Cc1cccc2c1c(C1(O)NCCN(Cc3cc(OCN)c[nH]3)C1=O)nn2C,A3191a,openbind_a71ev2a_c1_scaffolds,A0875a,A3280a,,,,,,,,,,,,,,,,,,,,,,,,,
Cc1ocnc1CCNC1(O)CCCc2cccc3c2c1nn3C,A3191a,openbind_a71ev2a_c1_scaffolds,A3280a,A3581a,,,,,,,,,,,,,,,,,,,,,,,,,
CC1=NC(C(O)(O)NCCc2ncoc2C)=C2C(=O)C=C(Cl)C=C12,A3191a,openbind_a71ev2a_c1_scaffolds,A3280a,A4456b,,,,,,,,,,,,,,,,,,,,,,,,,
CNCNC(O)(O)c1nn(C)c2ccccc12,A3191a,openbind_a71ev2a_c1_scaffolds,A3280a,A5022a,,,,,,,,,,,,,,,,,,,,,,,,,
COC(Cc1ncoc1C)NC(O)(O)c1nn(C)c2ccccc12,A3191a,openbind_a71ev2a_c1_scaffolds,A3280a,A5213b,,,,,,,,,,,,,,,,,,,,,,,,,
Cc1ccc2cn(C)nc2c1C(=O)N1CCCC2(C1)NCOC2N,A3305a,openbind_a71ev2a_c1_scaffolds,A3305a,A4650a,,,,,,,,,,,,,,,,,,,,,,,,,
CCn1ncc2c(Nc3nn(C4CCNC4=O)cc3CNC)c(C)cc(S)c21,A3305a,openbind_a71ev2a_c1_scaffolds,A3305a,A4771a,,,,,,,,,,,,,,,,,,,,,,,,,
Cc1ccc2c(c(C(=O)N3CCCC(C(N)=O)C3)nn2C)c1Nc1ccn(C2CCNC2=O)n1,A3305a,openbind_a71ev2a_c1_scaffolds,A3305a,A4979a,,,,,,,,,,,,,,,,,,,,,,,,,
Cc1cc(NC(=O)N2CC(C(N)=O)CCC2=O)c2cnn(C)c2c1,A3305a,openbind_a71ev2a_c1_scaffolds,A0836a,A3306a,,,,,,,,,,,,,,,,,,,,,,,,,
C=CS1(=O)=C(c2cc(N3CCCC3=O)ccc2SC)CC2CCC(C(N)=O)CN21,A3305a,openbind_a71ev2a_c1_scaffolds,A1019a,A3306a,,,,,,,,,,,,,,,,,,,,,,,,,
NC(=O)C1CCC(=O)N(CC2CCCC3=C2CCCC3)C1,A3305a,openbind_a71ev2a_c1_scaffolds,A3306a,A3436a,,,,,,,,,,,,,,,,,,,,,,,,,
CC(O)(O)c1cccc(Cl)c1NC(=O)N1CCCC(C(N)=O)C1,A3305a,openbind_a71ev2a_c1_scaffolds,A3306a,A4322a,,,,,,,,,,,,,,,,,,,,,,,,,
CNC(=NC(=O)N1CCC2(C1)C[SH](O)C(N)N2)c1nn(C)c2ccc(C(=O)Nc3ccncc3)cc12,A3305a,openbind_a71ev2a_c1_scaffolds,A3306a,A4214b,,,,,,,,,,,,,,,,,,,,,,,,,
CSC1CC2CC(CC#N)CC2C(C(=O)N2CCCC(C(N)=O)C2)C1,A3305a,openbind_a71ev2a_c1_scaffolds,A3306a,A4237b,,,,,,,,,,,,,,,,,,,,,,,,,
COC1CC2CCCCC2C1C(=O)C(=O)N1CCC(C(N)=O)C1,A3305a,openbind_a71ev2a_c1_scaffolds,A3306a,A4456a,,,,,,,,,,,,,,,,,,,,,,,,,
Cc1ccccc1C(=O)NCCc1cocn1,A3305a,openbind_a71ev2a_c1_scaffolds,A3306a,A4509a,,,,,,,,,,,,,,,,,,,,,,,,,
Cn1cnc(CCNC(=O)c2nn(C)c3ccc(F)cc23)c1,A3305a,openbind_a71ev2a_c1_scaffolds,A3306a,A4519b,,,,,,,,,,,,,,,,,,,,,,,,,
NC(=O)C1CCCN(C(N)=O)C1,A3305a,openbind_a71ev2a_c1_scaffolds,A3306a,A4877b,,,,,,,,,,,,,,,,,,,,,,,,,
Cc1cc(CN2CC(C(N)=O)CCC2=O)c2c(c1)NC(c1ccccc1)O2,A3305a,openbind_a71ev2a_c1_scaffolds,A3306a,A5283b,,,,,,,,,,,,,,,,,,,,,,,,,
COc1ccc2c(c(C3(O)NCCCCN(CC4C[SH](O)C(N)N4)C3=O)nn2C)c1Cl,A3305a,openbind_a71ev2a_c1_scaffolds,A3324a,A4331b,A4333a,,,,,,,,,,,,,,,,,,,,,,,,
COCC(C(C)C)C1(CNC(N)=O)C(C)=NC2C(CCS)CCC21O,A3305a,openbind_a71ev2a_c1_scaffolds,A3324a,A4346a,A4347a,,,,,,,,,,,,,,,,,,,,,,,,
NC1N2COCC2NC12CN1CC3C(COC32)NC(O)(N2C3=C(CCC4(CNNC4)C3)C3OCCC32)C1=O,A3305a,openbind_a71ev2a_c1_scaffolds,A0501a,A3587a,,,,,,,,,,,,,,,,,,,,,,,,,
Cn1cnc(CC2(C(N)=O)CCC(OCO)C(N)(c3nn(C)c4c3CC3(CC4)COCO3)C2)c1,A3305a,openbind_a71ev2a_c1_scaffolds,A3371a,A3556a,,,,,,,,,,,,,,,,,,,,,,,,,
CCCCCC(C)C(N)OCNCC1NNCC12COCN2,A3305a,openbind_a71ev2a_c1_scaffolds,A3371a,A3883a,,,,,,,,,,,,,,,,,,,,,,,,,
Cc1cc(C(C)C(=O)N2CCCC(C(N)=O)C2)c2c(cnn2C)c1Nc1ccn(C2CCNC2=O)n1,A3305a,openbind_a71ev2a_c1_scaffolds,A3371a,A3940a,,,,,,,,,,,,,,,,,,,,,,,,,
NC(=O)C1CCCN(C(=O)C2CCCCCc3sccc32)C1,A3305a,openbind_a71ev2a_c1_scaffolds,A3371a,A3963b,,,,,,,,,,,,,,,,,,,,,,,,,
CNN(C)c1ccc(C)c(NC(CCC(=O)N(C)CC(C)C(N)=O)NNC2CCNC2=O)c1,A3305a,openbind_a71ev2a_c1_scaffolds,A3371a,A4320a,,,,,,,,,,,,,,,,,,,,,,,,,
CNc1cc2cn(C)nc2c(NC(=O)Cc2cocn2)c1CS(=O)(=O)NCc1ncc(C)o1,A3305a,openbind_a71ev2a_c1_scaffolds,A3371a,A4476a,,,,,,,,,,,,,,,,,,,,,,,,,
C#CC(NC(C)Cc1cocn1)c1nn(C)c2ccccc12,A3305a,openbind_a71ev2a_c1_scaffolds,A3371a,A4786a,,,,,,,,,,,,,,,,,,,,,,,,,
C=CS(=O)(=NCN1NC(C)=CC=C1NCC)N1CCCC(C(N)=O)C1,A3305a,openbind_a71ev2a_c1_scaffolds,A3392a,A4571a,,,,,,,,,,,,,,,,,,,,,,,,,
COc1cccc(SC)c1C(=O)C(=O)N1CCC(C(N)=O)C1,A3305a,openbind_a71ev2a_c1_scaffolds,A0375b,A3410a,,,,,,,,,,,,,,,,,,,,,,,,,
CC1Cc2ccccc2C1(CO)C(=O)N1CC2(COC(O)N2)C2CCCC21,A3305a,openbind_a71ev2a_c1_scaffolds,A0387a,A0443a,A3410a,,,,,,,,,,,,,,,,,,,,,,,,
Cn1nc2c(C(=O)C34COC5C3CC(C4)NCC53NCOC3N)ccc3c2c1C=C3C(=O)Nc1ccncc1,A3305a,openbind_a71ev2a_c1_scaffolds,A0437a,A3410a,,,,,,,,,,,,,,,,,,,,,,,,,
CCc1ccc(C#N)c(OC)c1NC(=O)N1CCCC(C(N)=O)C1,A3305a,openbind_a71ev2a_c1_scaffolds,A3410a,A4207a,,,,,,,,,,,,,,,,,,,,,,,,,
COc1ccc(Br)cc1C(=O)C(=O)N1CCCC(C(N)=O)C1,A3483a,openbind_a71ev2a_c1_scaffolds,A3488a,A4559a,,,,,,,,,,,,,,,,,,,,,,,,,
CCCC(O)C1CC(Cc2ccccc2)C(O)(N2CCCC(C(N)=O)C2)N1,A3483a,openbind_a71ev2a_c1_scaffolds,A3488a,A4943b,,,,,,,,,,,,,,,,,,,,,,,,,
COC1CCC2(CCN(C)CC2)CC1CC(=O)N1CCC(C(N)=O)C1,A3483a,openbind_a71ev2a_c1_scaffolds,A3488a,A5022b,,,,,,,,,,,,,,,,,,,,,,,,,
CC1CCC(C(N)=O)CN1C(=O)Cc1c(CS)nc2n1CCC(Br)C2,A3483a,openbind_a71ev2a_c1_scaffolds,A0310a,A3509b,,,,,,,,,,,,,,,,,,,,,,,,,
COc1cc(NC(=O)CC(C)C(F)(F)F)n(CCN=C(Nc2ccccc2F)N2CCCC(C(N)=O)C2)n1,A3483a,openbind_a71ev2a_c1_scaffolds,A3510a,A4998a,,,,,,,,,,,,,,,,,,,,,,,,,
NC(=O)C1CCCN(C(=O)C2(Cc3ccc(F)cc3)Cc3[nH]cc4cccc2c34)C1,A3483a,openbind_a71ev2a_c1_scaffolds,A0387a,A3593a,,,,,,,,,,,,,,,,,,,,,,,,,
CCNC(=O)C1CCC(C(=O)N2CCCC(C(N)=O)C2)C2CCCC2C1,A3483a,openbind_a71ev2a_c1_scaffolds,A0443a,A3593a,,,,,,,,,,,,,,,,,,,,,,,,,
CC(=O)N1CCC(NC(N)=O)C1,A3483a,openbind_a71ev2a_c1_scaffolds,A3593a,A4403a,,,,,,,,,,,,,,,,,,,,,,,,,
CCNC(=O)C1CCC(Br)C2(CCCCC(O)(N3CCCC(C(N)=O)C3)N2)C1,A3483a,openbind_a71ev2a_c1_scaffolds,A0487a,A3623a,,,,,,,,,,,,,,,,,,,,,,,,,
Cc1cnc(CNC(O)(O)C(NCc2ccccc2C)N2CCCC(C(N)=O)C2)o1,A3483a,openbind_a71ev2a_c1_scaffolds,A0351a,A3623a,,,,,,,,,,,,,,,,,,,,,,,,,
Cc1cccc2c1NC(=O)C1CC(C(N)(O)O)CN1C(=O)NC2,A3685a,openbind_a71ev2a_c1_scaffolds,A2454a,A3706b,,,,,,,,,,,,,,,,,,,,,,,,,
COCC(=O)Nc1c(Cl)cc(C)cc1OC1(c2ncccc2O)CCCC(C(F)F)C1,A3685a,openbind_a71ev2a_c1_scaffolds,A3522a,A4381a,,,,,,,,,,,,,,,,,,,,,,,,,
COCC(=O)Nc1c(Cl)cc(C)cc1N(Cc1ncccn1)N1CCCC(CCO)C1,A3685a,openbind_a71ev2a_c1_scaffolds,A3522a,A4283b,,,,,,,,,,,,,,,,,,,,,,,,,
Cc1cc(C#N)ccc1C(=O)C(=O)c1cncc(C(N)(O)O)c1,A3685a,openbind_a71ev2a_c1_scaffolds,A3557b,A4921a,,,,,,,,,,,,,,,,,,,,,,,,,
CCc1ccc(Cl)cc1C(=O)C(=O)c1cncc(C(N)(O)O)c1,A3685a,openbind_a71ev2a_c1_scaffolds,A3557b,A5015b,,,,,,,,,,,,,,,,,,,,,,,,,
CCc1cc(Cl)ccc1C(=O)C(=O)c1cncc(C(N)(O)O)c1,A3685a,openbind_a71ev2a_c1_scaffolds,A3557b,A5608a,,,,,,,,,,,,,,,,,,,,,,,,,
Cc1c(NC(=O)c2cc(C(N)(N)O)c[nH]c2=O)ccc2[nH]ccc12,A3685a,openbind_a71ev2a_c1_scaffolds,A1209a,A3564a,,,,,,,,,,,,,,,,,,,,,,,,,
Cc1cc2cc[nH]c2c(C)c1NC(=O)c1cc(C(N)(O)O)c[nH]c1=O,A3685a,openbind_a71ev2a_c1_scaffolds,A3564a,A3890a,,,,,,,,,,,,,,,,,,,,,,,,,
Cc1ccccc1NC(=O)c1cc(C(N)(O)O)c[nH]c1=O,A3685a,openbind_a71ev2a_c1_scaffolds,A3564a,A3968a,A3986a,A4464a,,,,,,,,,,,,,,,,,,,,,,,
CCc1ccc(C)c(NC(=O)c2cc(C(N)(O)O)c[nH]c2=O)c1,A3685a,openbind_a71ev2a_c1_scaffolds,A3564a,A4035a,,,,,,,,,,,,,,,,,,,,,,,,,
Cc1ccc(NC(=O)c2cc(C(N)(O)O)c[nH]c2=O)c(C)c1,A3685a,openbind_a71ev2a_c1_scaffolds,A3564a,A4304a,,,,,,,,,,,,,,,,,,,,,,,,,
COc1ccccc1C(NC(=O)OC(C)(C)C)C(=O)N1CCCC(C(N)(O)O)C1,A3849a,openbind_a71ev2a_c1_scaffolds,A3884a,A4018b,,,,,,,,,,,,,,,,,,,,,,,,,
COc1ccccc1C(NC(=O)OC(C)(C)C)C1(O)CC(=O)C2CC(C(N)(O)O)CNC21,A3849a,openbind_a71ev2a_c1_scaffolds,A3884a,A5283a,,,,,,,,,,,,,,,,,,,,,,,,,
Cc1[nH]c(C2=CNC3C(C(N)(O)O)CC(=O)N23)c2c(C)cccc12,A3849a,openbind_a71ev2a_c1_scaffolds,A3890a,A4829a,,,,,,,,,,,,,,,,,,,,,,,,,
CCCC(O)c1cc(C(C)O)c[nH]1,A3992b,openbind_a71ev2a_c1_scaffolds,A4018a,A4309b,,,,,,,,,,,,,,,,,,,,,,,,,
CN1NCC2(NCCCCN(CC3C[SH](O)C(N)N3)C2=O)c2cccnc21,A3992b,openbind_a71ev2a_c1_scaffolds,A4031a,A4914a,,,,,,,,,,,,,,,,,,,,,,,,,
CC1CN(C2CNNc3cccc4c3C2CC4)CC2(C1)NCOC2N,A3992b,openbind_a71ev2a_c1_scaffolds,A4035b,A4554a,A4606b,,,,,,,,,,,,,,,,,,,,,,,,
CN(c1ccc(F)cc1)C1C2C(CCCCC2C(=O)N2CCCC(C(N)=O)C2)CC1C(F)(F)F,A4202b,openbind_a71ev2a_c1_scaffolds,A1068a,A4295a,,,,,,,,,,,,,,,,,,,,,,,,,
C=CC1CC(C)NC2(CCC(C(=O)C(C)S)CC2)C1CC(=O)N1CCCC(C(N)=O)C1,A4202b,openbind_a71ev2a_c1_scaffolds,A3186a,A4295a,,,,,,,,,,,,,,,,,,,,,,,,,
CSc1ccc2c3c(n(C)c2c1NC(=O)N1CCCC(C(N)=O)C1)COC3,A4202b,openbind_a71ev2a_c1_scaffolds,A3264a,A4295a,,,,,,,,,,,,,,,,,,,,,,,,,
COc1ccc(NS(C)(=O)=O)cc1C(=O)C(=O)N1CCC(O)C(C(N)=O)C1,A4202b,openbind_a71ev2a_c1_scaffolds,A3992a,A4295a,,,,,,,,,,,,,,,,,,,,,,,,,
NC(=O)C1CCCN(C(=O)CC2CC3(CCNCC3)CCC2C(F)(F)F)C1,A4202b,openbind_a71ev2a_c1_scaffolds,A4303b,A4836a,,,,,,,,,,,,,,,,,,,,,,,,,
CCC(CC1CCC(C)NC1C(=O)N1CCCC(C(N)=O)C1)S(=O)(=O)CC,A4202b,openbind_a71ev2a_c1_scaffolds,A4303b,A4836a,,,,,,,,,,,,,,,,,,,,,,,,,
CC(=O)NC1N2COc3cc(C)cc(c32)C1(O)N1CC(C(N)=O)CCC1=O,A4202b,openbind_a71ev2a_c1_scaffolds,A1148a,A4310a,,,,,,,,,,,,,,,,,,,,,,,,,
CCC1CC(C(N)=O)CN1C(=O)C(C)c1ccccc1OC,A4202b,openbind_a71ev2a_c1_scaffolds,A0487a,A4311a,,,,,,,,,,,,,,,,,,,,,,,,,
Cc1cc2c3c(c1)C(O)(N1CC(C(N)(O)O)CCC1=O)CN3CO2,A4315a,openbind_a71ev2a_c1_scaffolds,A4315a,A4745a,,,,,,,,,,,,,,,,,,,,,,,,,
Cc1nc2c3c(cccc3n1)CC(=O)C1C(CC(N)N=O)CCCN21,A4344a,openbind_a71ev2a_c1_scaffolds,A3221a,A4351a,,,,,,,,,,,,,,,,,,,,,,,,,
NC(CC1CCCN2c3ncnc4cc(C(F)(F)F)cc(c34)CC(=O)C12)N=O,A4344a,openbind_a71ev2a_c1_scaffolds,A4351a,A4489b,,,,,,,,,,,,,,,,,,,,,,,,,
NC(CC1CCCN2c3ncnc4cccc(c34)C(=O)C12)N=O,A4344a,openbind_a71ev2a_c1_scaffolds,A4351a,A4514a,,,,,,,,,,,,,,,,,,,,,,,,,
Cc1cc(S(=O)(=O)N2CCC(O)C3(CNNN3)C2)c2[nH]ccc2c1,A4214a,openbind_a71ev2a_c1_scaffolds,A4012a,A4214b,,,,,,,,,,,,,,,,,,,,,,,,,
CCNN1Cc2c(C)cccc2C1(F)F,A4214a,openbind_a71ev2a_c1_scaffolds,A4239a,A5449b,,,,,,,,,,,,,,,,,,,,,,,,,
COc1ncc(Br)c2c1CC(O)(N1CC(C(N)=O)CCC1=O)CCN2,A4214a,openbind_a71ev2a_c1_scaffolds,A4386a,A4883a,A4883b,,,,,,,,,,,,,,,,,,,,,,,,
COc1ccccc1C1CN2CC(C(N)(O)O)CCC2(O)C1=O,A4214a,openbind_a71ev2a_c1_scaffolds,A4310a,A4388a,,,,,,,,,,,,,,,,,,,,,,,,,
COc1ccccc1C(O)CN1CC2(CNNN2)CC(O)C1N=O,A4214a,openbind_a71ev2a_c1_scaffolds,A4403a,A4745a,,,,,,,,,,,,,,,,,,,,,,,,,
COCC(=O)C(c1ccc(F)cc1Cl)C1(C)CCCCO1,A4415a,openbind_a71ev2a_c1_scaffolds,A3450a,A4416a,,,,,,,,,,,,,,,,,,,,,,,,,
Cc1ccc2c(c1)C(C)CC2,A4415a,openbind_a71ev2a_c1_scaffolds,A4421a,A4447a,,,,,,,,,,,,,,,,,,,,,,,,,
COc1ccncc1C(C)C(N=O)N1CCCC(C(=O)CO)C1,A4415a,openbind_a71ev2a_c1_scaffolds,A5666a,A4423a,,,,,,,,,,,,,,,,,,,,,,,,,
COc1ccnc2c1CC(O)(N1CCCC(C(=O)CO)C1)CCC2,A4415a,openbind_a71ev2a_c1_scaffolds,A5151a,A3920a,A4423a,,,,,,,,,,,,,,,,,,,,,,,,
COc1ccncc1C(CC1CCCC1)C(N=O)N1CCCC(C(=O)CO)C1,A4415a,openbind_a71ev2a_c1_scaffolds,A0501a,A4423a,,,,,,,,,,,,,,,,,,,,,,,,,
COc1ccnc(Cl)c1C1=CC2CCC(C(=O)CO)CN2C1=O,A4415a,openbind_a71ev2a_c1_scaffolds,A0310a,A0207a,A4423a,A4706a,,,,,,,,,,,,,,,,,,,,,,,
COc1ccnc(OC)c1CC(O)(O)N1CCCC(C(=O)CO)C1,A4415a,openbind_a71ev2a_c1_scaffolds,A3305a,A3306a,A4423a,,,,,,,,,,,,,,,,,,,,,,,,
COc1ccnc2c1CC(O)(N1CCCC(C(N)CO)C1)CCCO2,A4415a,openbind_a71ev2a_c1_scaffolds,A3587a,A4423a,,,,,,,,,,,,,,,,,,,,,,,,,
COc1ccncc1C1=CC2CCC(C(=O)CO)CN2C1=O,A4415a,openbind_a71ev2a_c1_scaffolds,A3489a,A3992b,A4346a,A4423a,,,,,,,,,,,,,,,,,,,,,,,
CC(C)Cc1ccc(C(C)C(C)(O)N2CCCC(C(=O)CO)C2)nc1,A4415a,openbind_a71ev2a_c1_scaffolds,A3546a,A4423a,,,,,,,,,,,,,,,,,,,,,,,,,
COc1ccnc(OC)c1CC1N=CC2C(C(N)CO)CCCN12,A4415a,openbind_a71ev2a_c1_scaffolds,A3883a,A4423a,,,,,,,,,,,,,,,,,,,,,,,,,
COc1ccncc1CC(C)(N=O)N1CCCC(C(=O)CO)C1,A4415a,openbind_a71ev2a_c1_scaffolds,A3936a,A4365b,A4423a,,,,,,,,,,,,,,,,,,,,,,,,
COc1ccnc2c1CC(O)(N1CC(C(=O)CO)CCC1=O)CCN2,A4415a,openbind_a71ev2a_c1_scaffolds,A3956a,A4423a,,,,,,,,,,,,,,,,,,,,,,,,,
COc1ccnc2c1CC(N1CCCC(C(=O)CO)C1)C(=O)CC2,A4415a,openbind_a71ev2a_c1_scaffolds,A4202a,A4423a,,,,,,,,,,,,,,,,,,,,,,,,,
COc1ccncc1CC(N=O)N1CCCC(C(=O)CO)C1,A4415a,openbind_a71ev2a_c1_scaffolds,A4343b,A4423a,A4571a,A4695a,A4703a,,,,,,,,,,,,,,,,,,,,,,
COc1ccncc1CC(N=O)N1CC(C(=O)CO)CCC1C,A4415a,openbind_a71ev2a_c1_scaffolds,A4207a,A4423a,A4449b,,,,,,,,,,,,,,,,,,,,,,,,
COc1ccncc1CC(O)(O)N1CCCC(C(=O)CO)C1,A4415a,openbind_a71ev2a_c1_scaffolds,A4423a,A4524a,A4540a,A4670a,,,,,,,,,,,,,,,,,,,,,,,
COc1ccncc1C1C(=O)C12CCCC(CCO)C2,A4415a,openbind_a71ev2a_c1_scaffolds,A4423a,A4526a,,,,,,,,,,,,,,,,,,,,,,,,,
COc1ccc(Br)cc1C1=CC2CCC(C(=O)CO)CN2C1=O,A4415a,openbind_a71ev2a_c1_scaffolds,A4423a,A4554a,,,,,,,,,,,,,,,,,,,,,,,,,
COc1ccc(Br)cc1CC(N=O)N1CC(C(=O)CO)CCC1C,A4415a,openbind_a71ev2a_c1_scaffolds,A4423a,A4583a,,,,,,,,,,,,,,,,,,,,,,,,,
CNC(=O)C(Cc1cnccc1OC)N1CCCC(C(=O)CO)C1,A4415a,openbind_a71ev2a_c1_scaffolds,A4423a,A4654a,,,,,,,,,,,,,,,,,,,,,,,,,
COc1ccncc1C1=CC2CCC(C(=O)CO)CN2C1=NC(C)=O,A4415a,openbind_a71ev2a_c1_scaffolds,A4423a,A4674a,,,,,,,,,,,,,,,,,,,,,,,,,
CC1C(=O)N(Cc2cocn2)CC1c1nn(C)c2ccccc12,A4415a,openbind_a71ev2a_c1_scaffolds,A0310a,A4426a,,,,,,,,,,,,,,,,,,,,,,,,,
CCCCCOC,A4415a,openbind_a71ev2a_c1_scaffolds,A4449a,A4977b,,,,,,,,,,,,,,,,,,,,,,,,,
CC1CC(C(O)(O)N2CCCC(C(N)(O)O)C2)c2c(O)cccc21,A4456b,openbind_a71ev2a_c1_scaffolds,A4456b,A4715a,,,,,,,,,,,,,,,,,,,,,,,,,
Cc1cc2c3c(ccn3CC2(O)N2CC(C(N)(O)O)CCC2=O)c1,A4456b,openbind_a71ev2a_c1_scaffolds,A3982a,A4490a,,,,,,,,,,,,,,,,,,,,,,,,,
Cc1cc2c3c(ccn3CC2(O)N2C(=O)CCC3(CNNN3)C2O)c1,A4456b,openbind_a71ev2a_c1_scaffolds,A4020b,A4490a,,,,,,,,,,,,,,,,,,,,,,,,,
NC(O)(O)C1CCCN(C(Cc2ncc3ccc(OS)cn23)N=O)C1,A4456b,openbind_a71ev2a_c1_scaffolds,A2304a,A4519a,,,,,,,,,,,,,,,,,,,,,,,,,
Cn1cc(C(C)(O)C(=O)N2CCCC(C(N)=O)C2)c(C(F)(F)F)n1,A4526a,openbind_a71ev2a_c1_scaffolds,A4541b,A4877b,,,,,,,,,,,,,,,,,,,,,,,,,
Cc1cc2c3c(c1)CC(Br)N3CCC2,A4526a,openbind_a71ev2a_c1_scaffolds,A3992a,A4546a,,,,,,,,,,,,,,,,,,,,,,,,,
COc1c(CC(=O)N2CC(=O)CC(C(N)=O)C2)ccc(F)c1F,A4580b,openbind_a71ev2a_c1_scaffolds,A4583b,A4883b,,,,,,,,,,,,,,,,,,,,,,,,,
CC1C23C=C(CCCC(=C2)C1(N=O)N1CCCC(C(N)=O)C1)C(F)CC3,A4580b,openbind_a71ev2a_c1_scaffolds,A3207a,A4611a,,,,,,,,,,,,,,,,,,,,,,,,,
COC1C(CC(=O)N2CCCC(C(N)=O)C2)CC2(CCNN2)C(F)C1F,A4580b,openbind_a71ev2a_c1_scaffolds,A4283a,A4644b,,,,,,,,,,,,,,,,,,,,,,,,,
Cc1ccc2onc(C(C)(O)N3CC(C(N)=O)CCC3=O)c2c1,A4580b,openbind_a71ev2a_c1_scaffolds,A4611a,A4669a,,,,,,,,,,,,,,,,,,,,,,,,,
Cc1cc(C(C)N2C(=O)CCC3(CNNN3)C2O)c2ccccc2c1,A4673a,openbind_a71ev2a_c1_scaffolds,A4710a,A4829a,,,,,,,,,,,,,,,,,,,,,,,,,
CN1NCC(O)(N2CCCC2c2c[nH]cn2)Cc2ccccc21,A4721a,openbind_a71ev2a_c1_scaffolds,A0501b,A4735a,,,,,,,,,,,,,,,,,,,,,,,,,
CC1Sc2ccccc2C(C=O)C1C,A4721a,openbind_a71ev2a_c1_scaffolds,A4701a,A4742a,,,,,,,,,,,,,,,,,,,,,,,,,
CC1CC(C(O)(O)N2CC(C(N)(O)O)CCC2N)c2ccccc2S1,A4721a,openbind_a71ev2a_c1_scaffolds,A4742a,A5052a,,,,,,,,,,,,,,,,,,,,,,,,,
CN1NCC(O)(N2CCCC(S(N)(=O)=O)C2)Cc2cc(F)ccc21,A4721a,openbind_a71ev2a_c1_scaffolds,A4742b,A4895b,,,,,,,,,,,,,,,,,,,,,,,,,
CN(C)Nc1ccccc1CC(O)(O)N1CCCC(S(N)(=O)=O)C1,A4721a,openbind_a71ev2a_c1_scaffolds,A4742b,A5222a,,,,,,,,,,,,,,,,,,,,,,,,,
CSc1ccccc1C1CC2C(=O)CC(S(N)(=O)=O)CN2C1=O,A4721a,openbind_a71ev2a_c1_scaffolds,A5151a,A4745a,,,,,,,,,,,,,,,,,,,,,,,,,
CSc1ccccc1C(=O)C(=NC(C)=O)N1CCCC(S(N)(=O)=O)C1,A4721a,openbind_a71ev2a_c1_scaffolds,A1779a,A2290a,A4745a,,,,,,,,,,,,,,,,,,,,,,,,
CSC1CCC2CCCC(O)(N3CCCC(C)(S(N)(=O)=O)C3)CC21,A4721a,openbind_a71ev2a_c1_scaffolds,A4476a,A4745a,,,,,,,,,,,,,,,,,,,,,,,,,
Cc1cc(C(O)(c2nccn2C)N2CCCC(S(N)(=O)=O)C2)c2ccccc2c1,A4721a,openbind_a71ev2a_c1_scaffolds,A4489a,A4745a,,,,,,,,,,,,,,,,,,,,,,,,,
CSc1ccccc1C1C(=O)C2CC(C)C(C(F)F)CN2C1=O,A4721a,openbind_a71ev2a_c1_scaffolds,A4745a,A5212a,,,,,,,,,,,,,,,,,,,,,,,,,
CSc1ccc(C(F)(F)F)cc1CC(O)(O)N1CCCC(C(F)F)C1,A4721a,openbind_a71ev2a_c1_scaffolds,A4745a,A5383a,,,,,,,,,,,,,,,,,,,,,,,,,
CSc1cc(C)cc2c1CC(O)(N1CCCC(CF)C1Cl)NCC(c1ccc3ccccc3c1)NC(=O)C2,A4721a,openbind_a71ev2a_c1_scaffolds,A4707a,A4748a,,,,,,,,,,,,,,,,,,,,,,,,,
CN1NCC(O)(N2CCCC(CF)C2)Cc2ccccc21,A4721a,openbind_a71ev2a_c1_scaffolds,A4748a,A4752a,,,,,,,,,,,,,,,,,,,,,,,,,
CSc1ccccc1CC(N=O)N1CCCC(C(N)F)C1,A4721a,openbind_a71ev2a_c1_scaffolds,A3564a,A4751a,,,,,,,,,,,,,,,,,,,,,,,,,
CSc1ccccc1CC(O)(c1nccn1C)N1CC(C(N)F)CCC1=O,A4721a,openbind_a71ev2a_c1_scaffolds,A4313a,A4751a,,,,,,,,,,,,,,,,,,,,,,,,,
CSc1ccc(Br)cc1CC(O)(O)N1CCCC(C(N)F)C1,A4721a,openbind_a71ev2a_c1_scaffolds,A4324a,A4751a,,,,,,,,,,,,,,,,,,,,,,,,,
CNC=NC(Cc1ccccc1SC)N1CC(C(N)F)CCC1=O,A4721a,openbind_a71ev2a_c1_scaffolds,A4381a,A4751a,,,,,,,,,,,,,,,,,,,,,,,,,
CSc1ccccc1CC(O)(N1CCc2nccc(O)c2C1)N1CC(O)C1,A4721a,openbind_a71ev2a_c1_scaffolds,A3186a,A4752a,,,,,,,,,,,,,,,,,,,,,,,,,
CSc1ccccc1CC(O)(O)N1CCc2nccc(O)c2C1=O,A4721a,openbind_a71ev2a_c1_scaffolds,A3188a,A4752a,,,,,,,,,,,,,,,,,,,,,,,,,
CSc1ccccc1CC(O)(N1CCc2nccc(O)c2C1)N1CCCC(S(N)(=O)=O)C1,A4721a,openbind_a71ev2a_c1_scaffolds,A3207a,A4752a,,,,,,,,,,,,,,,,,,,,,,,,,
CSc1ccccc1CC(O)(N1CCc2nccc(O)c2C1)N1CCCC(C(F)F)C1,A4721a,openbind_a71ev2a_c1_scaffolds,A3208a,A4752a,,,,,,,,,,,,,,,,,,,,,,,,,
CSc1ccccc1CC(O)(N1CCc2nccc(O)c2C1)N1CCCC(CF)C1,A4721a,openbind_a71ev2a_c1_scaffolds,A3218a,A4752a,,,,,,,,,,,,,,,,,,,,,,,,,
CCOCCCC(C)C(F)(F)F,A4721a,openbind_a71ev2a_c1_scaffolds,A4032a,A4774a,,,,,,,,,,,,,,,,,,,,,,,,,
CSc1ccccc1CC(O)(N1CCc2nccc(O)c2C1)N1CCCC(O)C1,A4791a,openbind_a71ev2a_c1_scaffolds,A4695a,A4794a,,,,,,,,,,,,,,,,,,,,,,,,,
CSc1ccccc1C1=CC2N(CCC2(O)c2cnn[nH]2)C1=O,A4791a,openbind_a71ev2a_c1_scaffolds,A3280a,A4798a,,,,,,,,,,,,,,,,,,,,,,,,,
CSc1ccccc1C1=CC2N(CCC2(O)c2cn(O)nn2)C1=O,A4791a,openbind_a71ev2a_c1_scaffolds,A3593a,A3621a,A4798a,,,,,,,,,,,,,,,,,,,,,,,,
CSc1ccccc1C12CC(N3CCCCC3)N=C1N1CCC(O)(c3cnn[nH]3)C1C2=O,A4791a,openbind_a71ev2a_c1_scaffolds,A3634a,A4798a,,,,,,,,,,,,,,,,,,,,,,,,,
CSc1ccccc1CC(O)(O)N1CC(F)(OCF)C(O)(c2cn(O)nn2)C1,A4791a,openbind_a71ev2a_c1_scaffolds,A3571a,A4798a,,,,,,,,,,,,,,,,,,,,,,,,,
CSC1CCC2(COCO2)CC1CC(O)(O)N1CCC(O)(c2cnn[nH]2)C1,A4791a,openbind_a71ev2a_c1_scaffolds,A3968a,A4798a,,,,,,,,,,,,,,,,,,,,,,,,,
O=C1c2cccc3nccc(c23)C1(O)N1CCC(O)(c2cn(O)nn2)C1,A4791a,openbind_a71ev2a_c1_scaffolds,A4291a,A4798a,,,,,,,,,,,,,,,,,,,,,,,,,
ONC1N(C2(O)CCc3ccccc32)CCC1(O)c1cn[nH]n1,A4791a,openbind_a71ev2a_c1_scaffolds,A4319a,A4798a,,,,,,,,,,,,,,,,,,,,,,,,,
O=C1C2CCCC3CCCC(C32)C1(N1CCC(O)(c2cnn[nH]2)C1)n1cccn1,A4791a,openbind_a71ev2a_c1_scaffolds,A4380a,A4798a,,,,,,,,,,,,,,,,,,,,,,,,,
CSc1cccc2c1C(=O)C(C(O)N1CCC(O)(c3cnn[nH]3)C1)C2,A4791a,openbind_a71ev2a_c1_scaffolds,A4214b,A4798a,,,,,,,,,,,,,,,,,,,,,,,,,
CSC1CCC2CCNC3(O)C(=CC4N3CCC4(O)c3cnn[nH]3)C21,A4791a,openbind_a71ev2a_c1_scaffolds,A4402a,A4798a,,,,,,,,,,,,,,,,,,,,,,,,,
CSc1ccccc1C(=O)C(O)(F)N1CCC(O)(c2cn(O)nn2)C1,A4791a,openbind_a71ev2a_c1_scaffolds,A4406a,A4798a,,,,,,,,,,,,,,,,,,,,,,,,,
CSc1ccccc1C1C(=O)C2N(CCC2(O)c2cnn[nH]2)C1=O,A4791a,openbind_a71ev2a_c1_scaffolds,A4415a,A4798a,A4935a,,,,,,,,,,,,,,,,,,,,,,,,
CSc1ccccc1C(=O)C(O)(F)N1CCC(O)(c2[nH]nnc2O)C1,A4791a,openbind_a71ev2a_c1_scaffolds,A4416a,A4798a,,,,,,,,,,,,,,,,,,,,,,,,,
CN1NCC(O)(N2CCC(O)(c3cnn[nH]3)C2)Cc2ccccc21,A4791a,openbind_a71ev2a_c1_scaffolds,A4421a,A4798a,A4856a,,,,,,,,,,,,,,,,,,,,,,,,
Cc1ccc(CC(O)(O)N2CCC(O)(c3cnn[nH]3)C2)c([SH](C)C)c1,A4791a,openbind_a71ev2a_c1_scaffolds,A4524a,A4798a,,,,,,,,,,,,,,,,,,,,,,,,,
CC1CCC(O)(N2CCC(O)(c3cnn[nH]3)C2)Cc2ccccc21,A4791a,openbind_a71ev2a_c1_scaffolds,A4735a,A4798a,,,,,,,,,,,,,,,,,,,,,,,,,
CSc1cccc2c1CC(O)(N1CCC(O)(c3cnn[nH]3)C1)N(C)CS2,A4791a,openbind_a71ev2a_c1_scaffolds,A4798a,A4998a,,,,,,,,,,,,,,,,,,,,,,,,,
CSc1ccc(Br)cc1CC(O)(O)N1CC(O)(c2cn(O)nn2)CC1C,A4791a,openbind_a71ev2a_c1_scaffolds,A4798a,A5022b,,,,,,,,,,,,,,,,,,,,,,,,,
OC1(c2cnn[nH]2)CCN(C(O)(O)CC2CCCC3CSCCC32)C1,A4791a,openbind_a71ev2a_c1_scaffolds,A4798a,A5090a,A5091a,,,,,,,,,,,,,,,,,,,,,,,,
CSc1ccc(C(=O)Nc2ccncc2)cc1C(=O)C(=O)N1CCC(O)(c2cn(O)nn2)C1,A4791a,openbind_a71ev2a_c1_scaffolds,A4798a,A5203a,,,,,,,,,,,,,,,,,,,,,,,,,
CSC1CCC2(CCNN2)CC1CC(O)(O)N1CCC(O)(c2cnn[nH]2)C1,A4791a,openbind_a71ev2a_c1_scaffolds,A4798a,A5203b,,,,,,,,,,,,,,,,,,,,,,,,,
CCSc1ccccc1CC(O)(O)N1CCC(O)(c2cnn[nH]2)C1,A4791a,openbind_a71ev2a_c1_scaffolds,A4798a,A5210b,,,,,,,,,,,,,,,,,,,,,,,,,
Cc1ccc2cc[nH]c2c1CC(O)(O)N1CCC(O)(c2cnn[nH]2)C1,A4791a,openbind_a71ev2a_c1_scaffolds,A4798a,A5231a,,,,,,,,,,,,,,,,,,,,,,,,,
CSC1CCC2(CCCN2)CC1CC(O)(O)N1CCC(O)(c2cnn[nH]2)C1,A4791a,openbind_a71ev2a_c1_scaffolds,A4798a,A5247b,,,,,,,,,,,,,,,,,,,,,,,,,
CSc1ccc(CC#N)cc1CC(N=O)N1CCCC(CCO)C1,A4791a,openbind_a71ev2a_c1_scaffolds,A4806b,A5203b,,,,,,,,,,,,,,,,,,,,,,,,,
CSc1ccccc1CC(N=O)N1CCCC(CCO)C1,A4791a,openbind_a71ev2a_c1_scaffolds,A4806b,A5449b,A5475a,A5584a,,,,,,,,,,,,,,,,,,,,,,,
CC1COC(C(N=O)N2CCCC(CCO)C2)c2ccccc21,A4791a,openbind_a71ev2a_c1_scaffolds,A4806b,A5512b,,,,,,,,,,,,,,,,,,,,,,,,,
CSc1cccc(Cl)c1C1=CC2CCC(CCO)CN2C1=O,A4791a,openbind_a71ev2a_c1_scaffolds,A5666a,A4809a,,,,,,,,,,,,,,,,,,,,,,,,,
CCSCc1ccccc1CC(N=O)N1CCCC(C(=O)CO)C1,A4791a,openbind_a71ev2a_c1_scaffolds,A3968a,A4809a,,,,,,,,,,,,,,,,,,,,,,,,,
CSc1cccc(C)c1CC(N=O)N1CCCC(CCO)C1,A4791a,openbind_a71ev2a_c1_scaffolds,A3992a,A4809a,,,,,,,,,,,,,,,,,,,,,,,,,
CSc1ccc(Cl)cc1CC(N=O)N1CCCC(CCO)C1,A4791a,openbind_a71ev2a_c1_scaffolds,A4309a,A4365b,A4809a,,,,,,,,,,,,,,,,,,,,,,,,
COc1cc(CC(N=O)N2CCCC(CCO)C2)c(SC)cc1OC,A4791a,openbind_a71ev2a_c1_scaffolds,A4315a,A4809a,,,,,,,,,,,,,,,,,,,,,,,,,
CNNc1ccccc1CC(N=O)N1CCCC(C(=O)CO)C1,A4791a,openbind_a71ev2a_c1_scaffolds,A4456a,A4809a,,,,,,,,,,,,,,,,,,,,,,,,,
CC(CCC=O)C(=O)CO,A4791a,openbind_a71ev2a_c1_scaffolds,A4509a,A4809a,,,,,,,,,,,,,,,,,,,,,,,,,
CSc1ccccc1CC(N=O)N1CC(C)CC(CCO)C1,A4791a,openbind_a71ev2a_c1_scaffolds,A4547a,A4809a,,,,,,,,,,,,,,,,,,,,,,,,,
CSc1ccc2scnc2c1CC(N=O)N1CCCC(CCO)C1,A4791a,openbind_a71ev2a_c1_scaffolds,A4559a,A4809a,,,,,,,,,,,,,,,,,,,,,,,,,
CSc1ccc(Br)cc1CC(N=O)N1CC(C)CC(CCO)C1,A4791a,openbind_a71ev2a_c1_scaffolds,A4580b,A4809a,,,,,,,,,,,,,,,,,,,,,,,,,
CSc1ccccc1CC(N=O)N1CCCC(C(=O)CO)C1,A4791a,openbind_a71ev2a_c1_scaffolds,A4644b,A4809a,,,,,,,,,,,,,,,,,,,,,,,,,
C#Cc1ccc(SC)c(CC(N=O)N2CCCC(CCO)C2)c1,A4791a,openbind_a71ev2a_c1_scaffolds,A4674a,A4809a,,,,,,,,,,,,,,,,,,,,,,,,,
C#[SH](C)c1ccccc1CC(N=O)N1CCCC(CCO)C1,A4791a,openbind_a71ev2a_c1_scaffolds,A4711a,A4809a,,,,,,,,,,,,,,,,,,,,,,,,,
CSc1cccc2c1C(N1CCCC(C(N)(O)O)C1)=NC2,A4840a,openbind_a71ev2a_c1_scaffolds,A4274b,A4846a,,,,,,,,,,,,,,,,,,,,,,,,,
Cc1ccc(C(=CN)N2CC3(CCC2=O)NCOC3N)c2cc[nH]c12,A4840a,openbind_a71ev2a_c1_scaffolds,A4846a,A5449a,A5584b,,,,,,,,,,,,,,,,,,,,,,,,
Cc1cc2c3c(c[nH]c3c1)CC2(O)N1CC(C(=O)NO)CCC1=O,A4840a,openbind_a71ev2a_c1_scaffolds,A3884b,A4847a,,,,,,,,,,,,,,,,,,,,,,,,,
Cc1cc2c3c(c[nH]c3c1)CC2(O)N1CC(C(N)(O)O)CCC1=O,A4840a,openbind_a71ev2a_c1_scaffolds,A4374a,A4847a,,,,,,,,,,,,,,,,,,,,,,,,,
COc1ccc(SC)c(NC(O)(O)N2CCC(O)C3(CNNN3)C2)c1Cl,A4840a,openbind_a71ev2a_c1_scaffolds,A3992b,A4873a,,,,,,,,,,,,,,,,,,,,,,,,,
COc1cc(C)cc(N2NN3COC4C3CN(C2=O)C42NCN(O)C2N)c1Cl,A4840a,openbind_a71ev2a_c1_scaffolds,A4873a,A4943b,,,,,,,,,,,,,,,,,,,,,,,,,
CCCC(N)CCCCNNC,A4840a,openbind_a71ev2a_c1_scaffolds,A3939a,A4882b,,,,,,,,,,,,,,,,,,,,,,,,,
CN1NCC(O)(N2CC(O)(C(N)(O)O)CCC2N)Cc2ccccc21,A4883a,openbind_a71ev2a_c1_scaffolds,A4885b,A5449a,,,,,,,,,,,,,,,,,,,,,,,,,
CCc1ccc(F)nc1C(C)C(O)(O)N1CCC2CNC(=O)C2C1,A4883a,openbind_a71ev2a_c1_scaffolds,A4606a,A4895a,,,,,,,,,,,,,,,,,,,,,,,,,
Cc1cc(OC(F)F)nccccn1S(=O)(=O)N1CCCC(C(N)=O)C1,A4883a,openbind_a71ev2a_c1_scaffolds,A0446a,A4899a,,,,,,,,,,,,,,,,,,,,,,,,,
Cc1cc2c3c(cncc3c1)CN2S(=O)(=O)N1CCCC(C(=O)NO)C1,A4883a,openbind_a71ev2a_c1_scaffolds,A3581a,A4899a,,,,,,,,,,,,,,,,,,,,,,,,,
CC1CN(S(=O)(=O)NN)CC2(C1)NCOC2N,A4883a,openbind_a71ev2a_c1_scaffolds,A4899a,A4963b,,,,,,,,,,,,,,,,,,,,,,,,,
Cc1cccc(C(C=O)N2CC(C(N)N=O)C(F)(NF)CC2=O)c1,A4883a,openbind_a71ev2a_c1_scaffolds,A3575a,A4926a,,,,,,,,,,,,,,,,,,,,,,,,,
Cc1cccc(C(C)(O)N2CC(C(=O)NO)CCC2=O)c1,A4883a,openbind_a71ev2a_c1_scaffolds,A4365a,A4926a,,,,,,,,,,,,,,,,,,,,,,,,,
Cc1[nH]c(C(=O)N2CCCC(C(N)=O)C2)c2c(O)c3c(cc12)NC(=O)CC3,A4963a,openbind_a71ev2a_c1_scaffolds,A0446a,A4974a,,,,,,,,,,,,,,,,,,,,,,,,,
COc1ccncc1C(CCN(C)c1ccncc1CC(=O)N1CC(C(N)=O)CC2CCCCC21)C(=O)N1CCC(C(N)=O)C1,A4963a,openbind_a71ev2a_c1_scaffolds,A4304a,A4977a,,,,,,,,,,,,,,,,,,,,,,,,,
NC(=O)C1CCC(O)N(C(=O)c2[nH]nc3cncnc23)C1,A4963a,openbind_a71ev2a_c1_scaffolds,A4977a,A5608a,,,,,,,,,,,,,,,,,,,,,,,,,
Cn1nc(CC2(O)NCC3N2CCC32NCOC2N)c2ccccc21,A4954a,openbind_a71ev2a_c1_scaffolds,A3286a,A4994a,,,,,,,,,,,,,,,,,,,,,,,,,
Cn1nc(CC2=NC(N)C3N2CCC32NCOC2N)c2ccccc21,A4954a,openbind_a71ev2a_c1_scaffolds,A3435a,A4994a,,,,,,,,,,,,,,,,,,,,,,,,,
COc1scc(SC)c1CC(O)(O)N1CCC2C(=O)NC(=O)C21,A4954a,openbind_a71ev2a_c1_scaffolds,A2454a,A4998a,,,,,,,,,,,,,,,,,,,,,,,,,
CCS(=O)(=O)c1scc(SC)c1CC(O)(O)N1CCC2C(=O)NC(=O)C21,A4954a,openbind_a71ev2a_c1_scaffolds,A3938a,A4998a,,,,,,,,,,,,,,,,,,,,,,,,,
CSc1cscc1CC(O)(O)N1CCC2C(=O)NC(=O)C21,A4954a,openbind_a71ev2a_c1_scaffolds,A4669a,A4998a,,,,,,,,,,,,,,,,,,,,,,,,,
CSc1csc(Cl)c1CC(O)(O)N1CCC2C(=O)NC(=O)C21,A4954a,openbind_a71ev2a_c1_scaffolds,A4673b,A4771a,A4998a,,,,,,,,,,,,,,,,,,,,,,,,
CSC1CSC2(CCCNC2)C1CC(O)(O)N1CCC2C(=O)NC(=O)C21,A4954a,openbind_a71ev2a_c1_scaffolds,A4824b,A4998a,,,,,,,,,,,,,,,,,,,,,,,,,
CSc1csc(SC(C)C)c1CC(O)(O)N1CCC2C(=O)NC(=O)C21,A4954a,openbind_a71ev2a_c1_scaffolds,A4949a,A4998a,,,,,,,,,,,,,,,,,,,,,,,,,
NC1CCC(C(N)(O)O)CN1C1(O)CNNc2ncccc2C1,A4954a,openbind_a71ev2a_c1_scaffolds,A5015b,A5262a,,,,,,,,,,,,,,,,,,,,,,,,,
COc1cccc(C(C)(O)N2CC(C(=O)NO)CCC2=O)c1,A4954a,openbind_a71ev2a_c1_scaffolds,A4018a,A5036a,,,,,,,,,,,,,,,,,,,,,,,,,
Cc1cc(C(C)(O)N2CC(C(N)(O)O)CCC2=O)c2ccccc2c1,A4954a,openbind_a71ev2a_c1_scaffolds,A3884b,A5036b,,,,,,,,,,,,,,,,,,,,,,,,,
CS(F)(F)c1ccccc1C(=O)CN1CC(C(N)N=O)CC1=O,A4954a,openbind_a71ev2a_c1_scaffolds,A0732a,A5065a,,,,,,,,,,,,,,,,,,,,,,,,,
CSc1ccccc1C(=O)CN1CC(C(N)(O)O)CC1=O,A4954a,openbind_a71ev2a_c1_scaffolds,A2351a,A5065a,,,,,,,,,,,,,,,,,,,,,,,,,
COC(C)CCC1CC1CN(C)N,A5081b,openbind_a71ev2a_c1_scaffolds,A3210a,A5090a,,,,,,,,,,,,,,,,,,,,,,,,,
CSc1ccc(Br)cc1CC(O)(O)N1CCC(O)C(C(N)=O)CC1,A5081b,openbind_a71ev2a_c1_scaffolds,A3178a,A3585a,A5203b,,,,,,,,,,,,,,,,,,,,,,,,
Cc1ccc2c(c1)C(C)(N1CC(C(=O)NO)CCC1=O)C(O)CC2,A5081b,openbind_a71ev2a_c1_scaffolds,A0487a,A5210a,,,,,,,,,,,,,,,,,,,,,,,,,
CCC1CCCCC1OC(O)(O)N1CCC2CNC(=O)C2C1,A5213a,openbind_a71ev2a_c1_scaffolds,A4736a,A5219b,,,,,,,,,,,,,,,,,,,,,,,,,
Cc1[nH]c2cc(C#N)cc3c2c1CC(O)(N1CC(C)C(N)(O)CCCC1=O)C3,A5213a,openbind_a71ev2a_c1_scaffolds,A3975a,A5222a,,,,,,,,,,,,,,,,,,,,,,,,,
Cc1[nH]c2cc(C#N)cc3c2c1CC(O)(N1CC(C(N)(O)O)CCC1=O)C3,A5213a,openbind_a71ev2a_c1_scaffolds,A4372a,A5222a,,,,,,,,,,,,,,,,,,,,,,,,,
CSc1ccc(C)c2c1N(C(C)(O)N1CCCC(C(N)=O)C1)CCCO2,A5213a,openbind_a71ev2a_c1_scaffolds,A4303b,A5249a,,,,,,,,,,,,,,,,,,,,,,,,,
CC1CC2(Cc3cc(Br)ccc31)CC(C(N)=O)CC(=O)C2C,A5288a,openbind_a71ev2a_c1_scaffolds,A0446a,A5289b,,,,,,,,,,,,,,,,,,,,,,,,,
C=Cc1cc(C)cc(C(C)(C(=O)NC)N2CC(C(N)=O)CC2=O)c1,A5288a,openbind_a71ev2a_c1_scaffolds,A3178a,A5339a,,,,,,,,,,,,,,,,,,,,,,,,,
C=Cc1cc2c(cc1CS(=O)(=O)N1CCCC(C(N)=O)C1)CCCCC2,A5288a,openbind_a71ev2a_c1_scaffolds,A4415a,A5359a,,,,,,,,,,,,,,,,,,,,,,,,,
CSCCCC(C)S(C)(=O)=O,A5424b,openbind_a71ev2a_c1_scaffolds,A4928a,A5427a,,,,,,,,,,,,,,,,,,,,,,,,,
CCCCCCCCCC(CC)CC,A5424b,openbind_a71ev2a_c1_scaffolds,A3510a,A5460a,,,,,,,,,,,,,,,,,,,,,,,,,
Cc1cccc2ccccc12,A5424b,openbind_a71ev2a_c1_scaffolds,A3956a,A5460a,,,,,,,,,,,,,,,,,,,,,,,,,
CC1CC2CCCC3CCC(N4CC(C(=O)NO)CCC4=O)C(C1)C32,A5424b,openbind_a71ev2a_c1_scaffolds,A4303a,A5460a,,,,,,,,,,,,,,,,,,,,,,,,,
C=Cc1ccc2c(c1CCC)CCC2,A5424b,openbind_a71ev2a_c1_scaffolds,A4421a,A5460a,,,,,,,,,,,,,,,,,,,,,,,,,
CSc1ccc2c(c1)C(C=O)C(C)C(SC)O2,A5424b,openbind_a71ev2a_c1_scaffolds,A4365a,A5475b,,,,,,,,,,,,,,,,,,,,,,,,,
CSc1ccc(C(=O)Nc2ccncc2)cc1CC(O)(O)N1CCC(O)C2(CNNN2)C1,A5424b,openbind_a71ev2a_c1_scaffolds,A2629a,A5512a,,,,,,,,,,,,,,,,,,,,,,,,,
CSc1ccc(-c2ccn[nH]2)cc1CC(O)(O)N1CCC(O)C2(CNNN2)C1,A5424b,openbind_a71ev2a_c1_scaffolds,A0732a,A5525a,,,,,,,,,,,,,,,,,,,,,,,,,
CS(F)(F)c1ccc(N2CCOCC2)c(C(F)(F)F)c1NC(=O)N1CCCC(C(N)=O)C1,A5544a,openbind_a71ev2a_c1_scaffolds,A5666a,A5598b,,,,,,,,,,,,,,,,,,,,,,,,,
Cc1ccc2c(c1OC(O)(O)N1CC(O)CC3(CNNN3)C1)CCC2,A5544a,openbind_a71ev2a_c1_scaffolds,A3509b,A5599a,,,,,,,,,,,,,,,,,,,,,,,,,
Cc1cc([SH](C)F)c(C(C)C(=O)N2CCCC(C(N)=O)C2)cc1-n1cccn1,A5544a,openbind_a71ev2a_c1_scaffolds,A0450a,A0416a,A5604a,,,,,,,,,,,,,,,,,,,,,,,,
CC(C)SC(C)C(=O)N1CCCC1CNC(=O)Cc1cocn1,A1180a,openbind_a71ev2a_c1_scaffolds,A3623a,A5393a,,,,,,,,,,,,,,,,,,,,,,,,,
CN(C(=O)CCNC(N)=O)C1CCN(C(=O)c2cccnc2)CC1,A1180a,openbind_a71ev2a_c1_scaffolds,A0556a,A3579a,,,,,,,,,,,,,,,,,,,,,,,,,
O=C1NC(c2ccccc2F)CN1C1CCCNC1,A1180a,openbind_a71ev2a_c1_scaffolds,A1081b,A3616b,A4331a,A4706a,A4873b,,,,,,,,,,,,,,,,,,,,,,
N#CC1CCN(C(=O)NCCCNc2ncccn2)CC1,A1180a,openbind_a71ev2a_c1_scaffolds,A1081b,A3616b,,,,,,,,,,,,,,,,,,,,,,,,,
CC(CNS(=O)(=O)CCc1cnoc1)Cn1cc(C(F)(F)F)cn1,A1180a,openbind_a71ev2a_c1_scaffolds,A0486a,A0309a,,,,,,,,,,,,,,,,,,,,,,,,,
CN(CC1CCCNC1)C(=O)C(=O)Nc1cccn(C)c1=O,A1180a,openbind_a71ev2a_c1_scaffolds,A0486a,A0309a,,,,,,,,,,,,,,,,,,,,,,,,,
CC(Cn1ccnc1)C(=O)N1CC2C(C1)C2NC(=O)CC#N,A1180a,openbind_a71ev2a_c1_scaffolds,A2629a,A3568a,,,,,,,,,,,,,,,,,,,,,,,,,
CN(C)C(=O)N1CCC(C(=O)NCCc2c[nH]cn2)CC1,A1180a,openbind_a71ev2a_c1_scaffolds,A3623a,A3568a,,,,,,,,,,,,,,,,,,,,,,,,,
CC(C)(C)c1cnc(C(=O)NC(CO)Cc2c[nH]c3ccccc23)o1,A1180a,openbind_a71ev2a_c1_scaffolds,A3623a,A3568a,,,,,,,,,,,,,,,,,,,,,,,,,
O=C(COc1ccccc1)N1CCC(N2CCCCC2)C1,A1180a,openbind_a71ev2a_c1_scaffolds,A0239a,A3568a,,,,,,,,,,,,,,,,,,,,,,,,,
CCS(=O)(=O)NCCC(=O)N1CCCC(NC(=O)CC#N)C1,A3890a,openbind_a71ev2a_c1_scaffolds,A1778a,A3207a,A3229a,A3616a,A3982a,A4368a,A4742b,,,,,,,,,,,,,,,,,,,,
CCC(C)C(=O)N1CCC(C(C)NC(=O)CN2CCCC2)CC1,A3890a,openbind_a71ev2a_c1_scaffolds,A1778a,A3990a,,,,,,,,,,,,,,,,,,,,,,,,,
CN(C)C(=O)Cc1cccc(NC(=O)CCCN2CCCCC2)c1,A3890a,openbind_a71ev2a_c1_scaffolds,A0556a,A4418a,,,,,,,,,,,,,,,,,,,,,,,,,
CC1CC2CCC(C1)N2C(=O)CCc1cccnc1,A3890a,openbind_a71ev2a_c1_scaffolds,A3371a,A3618a,,,,,,,,,,,,,,,,,,,,,,,,,
CC(=O)NC(C)C1CCN(c2nc(-c3cccnc3)cs2)CC1,A3890a,openbind_a71ev2a_c1_scaffolds,A1105b,A3181b,,,,,,,,,,,,,,,,,,,,,,,,,
O=C(C(O)C1CCCCC1)N1CCC(N2CCCC2)C1,A3890a,openbind_a71ev2a_c1_scaffolds,A1293a,A2972a,,,,,,,,,,,,,,,,,,,,,,,,,
c1cc2c(cc1CN1CCC(N3CCCCC3)CC1)CCN2,A3890a,openbind_a71ev2a_c1_scaffolds,A2629a,A3975a,,,,,,,,,,,,,,,,,,,,,,,,,
CCC(=O)N1CCC(NC(=O)COCC(C)N2CCCC2)CC1,A1146a,openbind_a71ev2a_c1_scaffolds,A3207a,A3371a,,,,,,,,,,,,,,,,,,,,,,,,,
CC(C(=O)NCC1CCCN1CCCO)N1CCCCC1=O,A5079b,openbind_a71ev2a_c1_scaffolds,A1445a,A4274b,,,,,,,,,,,,,,,,,,,,,,,,,
CCCN1CCCC(C(=O)NCC(O)CN2CCCCC2)C1,A5079b,openbind_a71ev2a_c1_scaffolds,A1445a,A4274b,,,,,,,,,,,,,,,,,,,,,,,,,
O=C(C1Cc2ccccc2CN1)N1CCN(c2ccc3[nH]ncc3c2)C(=O)C1,A1140a,openbind_a71ev2a_c1_scaffolds,A3306a,A4445b,,,,,,,,,,,,,,,,,,,,,,,,,
CC1CC1C(C)NC(=O)C1CCCNC1,A1140a,openbind_a71ev2a_c1_scaffolds,A1145a,A3181b,A4214b,,,,,,,,,,,,,,,,,,,,,,,,
CC(C)CCCC(=O)NC1CCN(C(C)C(=O)N2CCCCC2)C1,A1140a,openbind_a71ev2a_c1_scaffolds,A1140a,A3568a,,,,,,,,,,,,,,,,,,,,,,,,,
CCCCC(=O)NCC1CCN(C(C)C(=O)N2CCCCC2)CC1,A1180a,openbind_a71ev2a_c1_scaffolds,A1778a,A3587a,A3858a,A4291a,A4308a,A4943b,,,,,,,,,,,,,,,,,,,,,
CC(NC(=O)c1ccc2c(c1)CCN2)c1ncccc1Cl,A0528b,openbind_a71ev2a_c1_scaffolds,A0719a,A3956a,,,,,,,,,,,,,,,,,,,,,,,,,
CC(Cc1nccn1C)NC(=O)Nc1ccc2c(c1)CCN2,A0528b,openbind_a71ev2a_c1_scaffolds,A0486a,A0541a,,,,,,,,,,,,,,,,,,,,,,,,,
COC(C)C(=O)N1CCC(C(C)NC(=O)Cc2cccnc2)CC1,A0528b,openbind_a71ev2a_c1_scaffolds,A0486a,A0541a,,,,,,,,,,,,,,,,,,,,,,,,,
CC(NC(=O)Nc1cccnc1N1CCCCC1)c1ncco1,A4586a,openbind_a71ev2a_c1_scaffolds,A0717a,A1081b,,,,,,,,,,,,,,,,,,,,,,,,,
CCC(=O)N1CCCN(C(=O)CCN2CCOCC2)CC1,A4586a,openbind_a71ev2a_c1_scaffolds,A0717a,A1081b,,,,,,,,,,,,,,,,,,,,,,,,,
CC(NC(=O)c1cccnc1C1CC1)C1CCNCC1,A4586a,openbind_a71ev2a_c1_scaffolds,A0717a,A1081b,,,,,,,,,,,,,,,,,,,,,,,,,
c1c[nH]c(N2CCCCC2)n1,A4586a,openbind_a71ev2a_c1_scaffolds,A0717a,A1081b,,,,,,,,,,,,,,,,,,,,,,,,,
CC(Sc1ccccn1)C(=O)N1c2ccncc2CC1C,A4586a,openbind_a71ev2a_c1_scaffolds,A0717a,A1081b,,,,,,,,,,,,,,,,,,,,,,,,,
CCC(=O)N1CC2CCC(C1)N2C(=O)CSCc1cccnc1,A4586a,openbind_a71ev2a_c1_scaffolds,A0717a,A1081b,,,,,,,,,,,,,,,,,,,,,,,,,
CC(C)OC(=O)N1CCCC1C(=O)NCCN1CCCCC1,A4586a,openbind_a71ev2a_c1_scaffolds,A0717a,A1081b,,,,,,,,,,,,,,,,,,,,,,,,,
CCC(=O)c1ccccc1Sc1ccncn1,A4586a,openbind_a71ev2a_c1_scaffolds,A0717a,A1081b,,,,,,,,,,,,,,,,,,,,,,,,,
CC(C)(C#N)C(=O)N1CCCC(S(=O)(=O)N2CCc3ccccc32)C1,A4586a,openbind_a71ev2a_c1_scaffolds,A0717a,A1081b,,,,,,,,,,,,,,,,,,,,,,,,,
CC(NC(=O)c1cnc(N2CCNCC2)o1)C1CCCNC1,A1180a,openbind_a71ev2a_c1_scaffolds,A3564a,A4874a,,,,,,,,,,,,,,,,,,,,,,,,,
NC(=O)Nc1ccc(CNC(=O)CCC2CCCNC2)cc1,A1180a,openbind_a71ev2a_c1_scaffolds,A3564a,A4874a,,,,,,,,,,,,,,,,,,,,,,,,,
Cc1nnc2n1CC(NC(=O)CCc1n[nH]c3ccccc13)CC2,A1180a,openbind_a71ev2a_c1_scaffolds,A1778a,A2304a,,,,,,,,,,,,,,,,,,,,,,,,,
CN(CCNC(=O)Cc1cn[nH]c1)C(=O)c1cccnc1N,A1180a,openbind_a71ev2a_c1_scaffolds,A1778a,A2304a,,,,,,,,,,,,,,,,,,,,,,,,,
CCCN(CCNC(=O)Cc1cn[nH]c1)C(=O)c1nocc1Cl,A1180a,openbind_a71ev2a_c1_scaffolds,A1778a,A2304a,,,,,,,,,,,,,,,,,,,,,,,,,
CC(C)N(C(=O)c1nnc(C2CCNCC2)s1)C1CCNCC1,A1180a,openbind_a71ev2a_c1_scaffolds,A0556a,A3435a,,,,,,,,,,,,,,,,,,,,,,,,,
CC(F)(F)CN1CCCC(S(=O)(=O)N2CCc3ccccc32)C1,A1180a,openbind_a71ev2a_c1_scaffolds,A0556a,A3435a,,,,,,,,,,,,,,,,,,,,,,,,,
CN1CCC(OCC(=O)OCC(=O)NC2CCS(=O)(=O)C2)CC1,A1180a,openbind_a71ev2a_c1_scaffolds,A0556a,A3435a,,,,,,,,,,,,,,,,,,,,,,,,,
O=C(NCCN1CCOCC1=O)c1cccnc1-n1cccn1,A1180a,openbind_a71ev2a_c1_scaffolds,A0556a,A3435a,,,,,,,,,,,,,,,,,,,,,,,,,
O=C(CCn1cncn1)N1CCNCC1c1ccccn1,A1180a,openbind_a71ev2a_c1_scaffolds,A0556a,A3435a,,,,,,,,,,,,,,,,,,,,,,,,,
O=C(CN1CCCc2ccccc21)NNC(=O)c1cncn1-c1ccccc1,A1180a,openbind_a71ev2a_c1_scaffolds,A0556a,A3435a,,,,,,,,,,,,,,,,,,,,,,,,,
CC(NC(=O)Cn1cccn1)C1CCN(C(=O)CCC(F)F)CC1,A1180a,openbind_a71ev2a_c1_scaffolds,A0556a,A3435a,,,,,,,,,,,,,,,,,,,,,,,,,
CCON1CCC(CC(=O)NCCNC(=O)c2ccn[nH]2)CC1,A1180a,openbind_a71ev2a_c1_scaffolds,A0556a,A3435a,,,,,,,,,,,,,,,,,,,,,,,,,
O=C(NCCC1CC=CC1)c1ccnc(-n2cccn2)c1,A1180a,openbind_a71ev2a_c1_scaffolds,A0556a,A3435a,,,,,,,,,,,,,,,,,,,,,,,,,
CC(CCNCc1nc2ccc(Br)cc2s1)N1CCCCC1,A1180a,openbind_a71ev2a_c1_scaffolds,A0556a,A3435a,,,,,,,,,,,,,,,,,,,,,,,,,
O=CCCN1CCCC1=O,A1180a,openbind_a71ev2a_c1_scaffolds,A0556a,A3435a,,,,,,,,,,,,,,,,,,,,,,,,,
c1cn(C2CCCNC2)cn1,A1180a,openbind_a71ev2a_c1_scaffolds,A0556a,A3435a,,,,,,,,,,,,,,,,,,,,,,,,,
NC(Cc1c[nH]cn1)c1nnc(-c2ncccn2)o1,A1180a,openbind_a71ev2a_c1_scaffolds,A0556a,A3435a,,,,,,,,,,,,,,,,,,,,,,,,,
CC(CO)C(=O)N1CCC(C(C)NC(=O)Cc2ccon2)CC1,A1180a,openbind_a71ev2a_c1_scaffolds,A0556a,A3435a,,,,,,,,,,,,,,,,,,,,,,,,,
CCC(=O)N1CCC(C(C)NC(=O)Cc2csc3nccn23)CC1,A1180a,openbind_a71ev2a_c1_scaffolds,A0556a,A3435a,,,,,,,,,,,,,,,,,,,,,,,,,
CC(C)(C)OC1CCCN(C(=O)CCc2n[nH]c3ccccc23)C1,A1180a,openbind_a71ev2a_c1_scaffolds,A0556a,A3435a,,,,,,,,,,,,,,,,,,,,,,,,,
O=C(NCCc1cc[nH]n1)c1ccnc(-n2ccnc2)c1,A1180a,openbind_a71ev2a_c1_scaffolds,A0556a,A3435a,,,,,,,,,,,,,,,,,,,,,,,,,
CCC(F)C(=O)N(C)CC1CCN(C(=O)C(C)(C)c2cnco2)C1,A0309a,openbind_a71ev2a_c1_scaffolds,A4320a,A4237b,,,,,,,,,,,,,,,,,,,,,,,,,
CC(CN1CCCCC1)N(C)C(=O)C(=O)N1CCC(CC#N)C1,A0309a,openbind_a71ev2a_c1_scaffolds,A1778a,A4509a,,,,,,,,,,,,,,,,,,,,,,,,,
COc1cnccc1CNS(=O)(=O)c1cnc2cccnn12,A0514b,openbind_a71ev2a_c1_scaffolds,A0202a,A1105b,,,,,,,,,,,,,,,,,,,,,,,,,
CCN(Cc1ncccn1)C1CCCNC1,A0514b,openbind_a71ev2a_c1_scaffolds,A3623a,A3568a,,,,,,,,,,,,,,,,,,,,,,,,,
CCS(=O)(=O)N1CC(CNC(=O)CC(C(F)F)n2ccnc2)C1,A0514b,openbind_a71ev2a_c1_scaffolds,A0239a,A3849a,A4712a,A4836a,A4874a,,,,,,,,,,,,,,,,,,,,,,
CC(NC(=O)c1c[nH]c2ccccc12)C1(C)CC1,A0239a,openbind_a71ev2a_c1_scaffolds,A0309a,A3568a,,,,,,,,,,,,,,,,,,,,,,,,,
CCNC(=O)C1CCN(C(=O)N(C)Cc2cn[nH]c2)CC1,A0239a,openbind_a71ev2a_c1_scaffolds,A2629a,A3568a,,,,,,,,,,,,,,,,,,,,,,,,,
O=C(NCC1CCCNC1)c1cnc2cccnn12,A0239a,openbind_a71ev2a_c1_scaffolds,A2629a,A3568a,,,,,,,,,,,,,,,,,,,,,,,,,
CN(CC1CCCNC1)C(=O)CN(C)c1nc2ccccc2s1,A1180a,openbind_a71ev2a_c1_scaffolds,A3623a,A5393a,,,,,,,,,,,,,,,,,,,,,,,,,
O=C(C1CCc2nncn2C1)N1CCCN(c2ncccn2)CC1,A1180a,openbind_a71ev2a_c1_scaffolds,A0556a,A3579a,,,,,,,,,,,,,,,,,,,,,,,,,
N#CCC(=O)NC1(CCNC(=O)C(O)Cc2c[nH]cn2)CCC1,A1180a,openbind_a71ev2a_c1_scaffolds,A1081b,A3616b,A3706b,A4331a,A4365b,A4706a,A4873b,A4877b,,,,,,,,,,,,,,,,,,,
Cc1cc(NCC2CCCNC2)ccn1,A1180a,openbind_a71ev2a_c1_scaffolds,A0486a,A4311a,,,,,,,,,,,,,,,,,,,,,,,,,
O=C(NS(=O)(=O)C1CCOCC1)c1ccnn1-c1cccnc1,A1180a,openbind_a71ev2a_c1_scaffolds,A0486a,A0309a,,,,,,,,,,,,,,,,,,,,,,,,,
CC(NCCn1ncc2ccccc21)c1c[nH]cn1,A1180a,openbind_a71ev2a_c1_scaffolds,A0486a,A0309a,,,,,,,,,,,,,,,,,,,,,,,,,
COC(C)C(=O)NC(C)(C)C1CCN(C(=O)Cc2cn[nH]c2)CC1,A1180a,openbind_a71ev2a_c1_scaffolds,A2629a,A3568a,,,,,,,,,,,,,,,,,,,,,,,,,
CCC(=O)N1CC2CCC(C1)N2C(=O)CSc1ccncc1,A1180a,openbind_a71ev2a_c1_scaffolds,A0719a,A4020a,,,,,,,,,,,,,,,,,,,,,,,,,
COCC(OC)C(=O)N1CCCC1CNC(=O)CN1CCCC1=O,A1180a,openbind_a71ev2a_c1_scaffolds,A1779a,A3694a,,,,,,,,,,,,,,,,,,,,,,,,,
CCC(C(=O)NC1CC(NC(=O)CC#N)C1)n1ccnc1,A1180a,openbind_a71ev2a_c1_scaffolds,A3623a,A3568a,,,,,,,,,,,,,,,,,,,,,,,,,
O=C(NCc1ccc(N2CCCC2=O)cc1)NCc1ccc2c(c1)OCO2,A1180a,openbind_a71ev2a_c1_scaffolds,A3623a,A3568a,,,,,,,,,,,,,,,,,,,,,,,,,
CCOc1ncccc1S(=O)(=O)NC(=O)C(C)Cn1ncc2ccccc21,A1180a,openbind_a71ev2a_c1_scaffolds,A0239a,A3568a,,,,,,,,,,,,,,,,,,,,,,,,,
CC(C)COC1CN(C(=O)CC(C)N2CCc3ccccc32)C1,A1180a,openbind_a71ev2a_c1_scaffolds,A1778a,A3564a,,,,,,,,,,,,,,,,,,,,,,,,,
CC(S)C(=O)N1CC(S(N)(=O)=O)C1,A1180a,openbind_a71ev2a_c1_scaffolds,A3054a,A3623a,,,,,,,,,,,,,,,,,,,,,,,,,
O=C(NC1CCCNC1)N1CCc2ccc(Br)cc21,A1180a,openbind_a71ev2a_c1_scaffolds,A1081b,A3706b,,,,,,,,,,,,,,,,,,,,,,,,,
COc1ccc2ncc(C(=O)NCCC(C)N3CCCCC3)n2n1,A1180a,openbind_a71ev2a_c1_scaffolds,A0428a,A4836a,,,,,,,,,,,,,,,,,,,,,,,,,
CCNC(=O)C1CCN(C2CC=CC2)CC1,A1180a,openbind_a71ev2a_c1_scaffolds,A1445a,A3564a,,,,,,,,,,,,,,,,,,,,,,,,,
CCC(C(N)=O)N1CCC(C(C)NC(=O)CN2CCCC2)CC1,A1180a,openbind_a71ev2a_c1_scaffolds,A1445a,A3564a,,,,,,,,,,,,,,,,,,,,,,,,,
CN(CCNC(=O)Cc1cccnc1)C(=O)c1cccnc1,A1180a,openbind_a71ev2a_c1_scaffolds,A1445a,A3564a,,,,,,,,,,,,,,,,,,,,,,,,,
CCN(CC)C(=O)C(C)N1CCC(NC(=O)c2cnco2)CC1,A1180a,openbind_a71ev2a_c1_scaffolds,A1293a,A4836a,,,,,,,,,,,,,,,,,,,,,,,,,
CCC(NC(C)C)C(=O)NCC1(N2CCCCC2)CCOCC1,A1180a,openbind_a71ev2a_c1_scaffolds,A0428a,A4563a,,,,,,,,,,,,,,,,,,,,,,,,,
O=C1NCCN1CCN1Cc2ccccc2C(n2cccn2)C1,A1180a,openbind_a71ev2a_c1_scaffolds,A1140a,A4874b,,,,,,,,,,,,,,,,,,,,,,,,,
Nc1ccncc1C(=O)CCC1CCNCC1,A1180a,openbind_a71ev2a_c1_scaffolds,A0469a,A1105b,,,,,,,,,,,,,,,,,,,,,,,,,
O=C(NS(=O)(=O)C1CCCNC1)c1cccnc1C1CC1,A1180a,openbind_a71ev2a_c1_scaffolds,A0556a,A4570a,,,,,,,,,,,,,,,,,,,,,,,,,
CC(C)C(NCc1cccc2c1cnn2C)C1CCNC1,A1180a,openbind_a71ev2a_c1_scaffolds,A0556a,A3706a,,,,,,,,,,,,,,,,,,,,,,,,,
CC(C)(C(=O)N1CC2C(C1)C2NC(=O)CC#N)N1CCCCC1,A1180a,openbind_a71ev2a_c1_scaffolds,A0473a,A5424b,,,,,,,,,,,,,,,,,,,,,,,,,
O=C1NCC(C(=O)NCCN(c2ncccn2)C2CC2)N1,A1180a,openbind_a71ev2a_c1_scaffolds,A1146a,A4368a,A4943a,,,,,,,,,,,,,,,,,,,,,,,,
CN(C(=O)c1ccc(-c2ccccn2)nc1)C(CNC(=O)CC#N)C1CC1,A1180a,openbind_a71ev2a_c1_scaffolds,A1146a,A4943a,,,,,,,,,,,,,,,,,,,,,,,,,
CC(C(=O)N1CCCCC1)N1CCc2cccc(F)c2C1,A1180a,openbind_a71ev2a_c1_scaffolds,A0875a,A3207a,,,,,,,,,,,,,,,,,,,,,,,,,
COCCCN1CCC(NC(C)c2n[nH]c3ccccc23)CC1,A3890a,openbind_a71ev2a_c1_scaffolds,A3623a,A3895a,,,,,,,,,,,,,,,,,,,,,,,,,
CC(C)N(Cc1cccnc1)Cc1n[nH]c2ccccc12,A3890a,openbind_a71ev2a_c1_scaffolds,A3623a,A3895a,,,,,,,,,,,,,,,,,,,,,,,,,
CCSc1cc(C(=O)NC(C)COC)ccn1,A3890a,openbind_a71ev2a_c1_scaffolds,A0717a,A4706a,,,,,,,,,,,,,,,,,,,,,,,,,
CSC(C)C(=O)NCC1CCCN(CCC2CCOCC2)C1,A3890a,openbind_a71ev2a_c1_scaffolds,A0608a,A4321b,,,,,,,,,,,,,,,,,,,,,,,,,
CCN1CCCC(NC(=O)c2ccc3c(c2)CCN3)C1=O,A3890a,openbind_a71ev2a_c1_scaffolds,A3616b,A3623a,,,,,,,,,,,,,,,,,,,,,,,,,
CC(=O)NC(C)C1CCN(C(=O)Cc2cncnc2)CC1,A3890a,openbind_a71ev2a_c1_scaffolds,A3371a,A3618a,,,,,,,,,,,,,,,,,,,,,,,,,
COc1nccc(C(C)C=O)c1F,A3890a,openbind_a71ev2a_c1_scaffolds,A1105b,A3181b,,,,,,,,,,,,,,,,,,,,,,,,,
FC(F)C(F)(F)COc1cc(NCc2cncnc2)ccn1,A3890a,openbind_a71ev2a_c1_scaffolds,A1105b,A3181b,,,,,,,,,,,,,,,,,,,,,,,,,
O=[N+]([O-])c1c(N2CCC(c3ncco3)CC2)ccc2ncccc12,A1146a,openbind_a71ev2a_c1_scaffolds,A0556a,A3920a,,,,,,,,,,,,,,,,,,,,,,,,,
CC(NC(=O)c1ccc2c(c1)CCN2)C1(O)CCNC1,A1146a,openbind_a71ev2a_c1_scaffolds,A1775a,A4873b,,,,,,,,,,,,,,,,,,,,,,,,,
CN(CC(C)(C)NC(=O)C1CCCOC1)C(=O)Cc1cnoc1,A1146a,openbind_a71ev2a_c1_scaffolds,A1775a,A4873b,,,,,,,,,,,,,,,,,,,,,,,,,
CCC(=O)N1C2CCC1CC(CNC(=O)COc1ccon1)C2,A1146a,openbind_a71ev2a_c1_scaffolds,A3207a,A3371a,,,,,,,,,,,,,,,,,,,,,,,,,
CCS(=O)(=O)CCCNC(=O)N1CCC(N2CCCCC2)C1,A1146a,openbind_a71ev2a_c1_scaffolds,A0486a,A3181b,A4456b,,,,,,,,,,,,,,,,,,,,,,,,
CC(CO)C(=O)N1CCC(C(C)NC(=O)CN2CCCCC2)CC1,A1146a,openbind_a71ev2a_c1_scaffolds,A0586a,A4836a,,,,,,,,,,,,,,,,,,,,,,,,,
CC(NC(=O)c1ccon1)C1CN(C(=O)CC(O)CN(C)C)C1,A1146a,openbind_a71ev2a_c1_scaffolds,A0586a,A4836a,,,,,,,,,,,,,,,,,,,,,,,,,
CCC(=O)N1CCC(C(C)NC(=O)CN2CCSCC2)CC1,A1146a,openbind_a71ev2a_c1_scaffolds,A0486a,A4463a,,,,,,,,,,,,,,,,,,,,,,,,,
CC(CNC(=O)C1(C#N)CCCOC1)NC(=O)c1ccon1,A1146a,openbind_a71ev2a_c1_scaffolds,A1775a,A3207a,,,,,,,,,,,,,,,,,,,,,,,,,
O=C(CCC1CCCC1)N1CCCC(C2CCCNC2)C1,A1146a,openbind_a71ev2a_c1_scaffolds,A3207a,A3371a,,,,,,,,,,,,,,,,,,,,,,,,,
O=C(Cc1ccn(C2CCCC2)n1)NCCC1CCCNC1,A1146a,openbind_a71ev2a_c1_scaffolds,A1778a,A4570a,,,,,,,,,,,,,,,,,,,,,,,,,
COC(=O)N1CCC(C(C)NC(=O)C=CC2CCCNC2)CC1,A1146a,openbind_a71ev2a_c1_scaffolds,A3587a,A3623a,,,,,,,,,,,,,,,,,,,,,,,,,
O=C(NCC1CCN(C2CCOCC2)CC1)c1ccc2c(c1)CCN2,A1146a,openbind_a71ev2a_c1_scaffolds,A1068a,A3223a,,,,,,,,,,,,,,,,,,,,,,,,,
COC(=O)c1ccc2c(c1)CCN(C(C)C(=O)N1CCCCC1)C2,A1146a,openbind_a71ev2a_c1_scaffolds,A1068a,A3223a,,,,,,,,,,,,,,,,,,,,,,,,,
CCN1CC(C(=O)NCC(C)NC(=O)CN2CCCC2)CC1=O,A0239a,openbind_a71ev2a_c1_scaffolds,A3564a,A3986b,A4708a,A4943b,,,,,,,,,,,,,,,,,,,,,,,
N#CCC(=O)NC1C2CN(C(=O)CCn3cncn3)CC21,A0239a,openbind_a71ev2a_c1_scaffolds,A3564a,A3986b,A4708a,A4943b,,,,,,,,,,,,,,,,,,,,,,,
O=C(NCCCn1cccn1)Nc1ncccc1C(F)(F)F,A0239a,openbind_a71ev2a_c1_scaffolds,A0719a,A3612a,,,,,,,,,,,,,,,,,,,,,,,,,
CNC(=O)CC1CCN(C(=O)N(C)Cc2ccoc2)CC1,A0239a,openbind_a71ev2a_c1_scaffolds,A1080a,A3706a,,,,,,,,,,,,,,,,,,,,,,,,,
CN(CC1CCCS1(=O)=O)C(=O)N(C)c1ccncc1,A0239a,openbind_a71ev2a_c1_scaffolds,A0556a,A3564a,,,,,,,,,,,,,,,,,,,,,,,,,
CC1COCCN1C(=O)CCC1CCCNC1,A0239a,openbind_a71ev2a_c1_scaffolds,A0486a,A0717a,,,,,,,,,,,,,,,,,,,,,,,,,
CC(Sc1ccccn1)C(=O)N1CC2(CC2)CO1,A0239a,openbind_a71ev2a_c1_scaffolds,A0486a,A0717a,,,,,,,,,,,,,,,,,,,,,,,,,
CC(CC(=O)NC1CCCN(C(=O)C2CCCC2)C1)C(F)(F)F,A0239a,openbind_a71ev2a_c1_scaffolds,A0486a,A0717a,,,,,,,,,,,,,,,,,,,,,,,,,
c1ccc2nc(N3CCCCC3)c(NCc3cnco3)nc2c1,A0239a,openbind_a71ev2a_c1_scaffolds,A0486a,A0717a,,,,,,,,,,,,,,,,,,,,,,,,,
O=C(Cc1ccc2[nH]ncc2c1)NCC(O)CNC(=O)c1cc[nH]n1,A0239a,openbind_a71ev2a_c1_scaffolds,A0486a,A0717a,,,,,,,,,,,,,,,,,,,,,,,,,
CCc1nnc2n1CC(NC(=O)CCC1CCCNC1)CC2,A0239a,openbind_a71ev2a_c1_scaffolds,A1146a,A4445a,,,,,,,,,,,,,,,,,,,,,,,,,
Cc1n[nH]c2ccc(C(=O)NCC(C)NC(=O)c3cc[nH]n3)cc12,A0239a,openbind_a71ev2a_c1_scaffolds,A2629a,A4526a,,,,,,,,,,,,,,,,,,,,,,,,,
COC(=O)C1CC(NC(=O)Cc2n[nH]c3ccccc23)CCN1,A0239a,openbind_a71ev2a_c1_scaffolds,A2629a,A4526a,,,,,,,,,,,,,,,,,,,,,,,,,
CCC(C)NC(=O)CN1CCN(C(=O)CC2CCCNC2)CC1,A0239a,openbind_a71ev2a_c1_scaffolds,A2629a,A4526a,,,,,,,,,,,,,,,,,,,,,,,,,
O=c1[nH]cccc1CNS(=O)(=O)C1CCCNC1,A0239a,openbind_a71ev2a_c1_scaffolds,A2629a,A4526a,,,,,,,,,,,,,,,,,,,,,,,,,
Cc1cn2nc(NCCCCCN3CCCCC3)ccc2n1,A0239a,openbind_a71ev2a_c1_scaffolds,A2629a,A4526a,,,,,,,,,,,,,,,,,,,,,,,,,
CC(C)(C(=O)Nc1ccc2c(c1)OCO2)N(Cc1cccnc1)C(=O)Cc1ccccc1,A0239a,openbind_a71ev2a_c1_scaffolds,A1778a,A4374a,,,,,,,,,,,,,,,,,,,,,,,,,
N#CCC(=O)NC1CCN(C(=O)CCc2cnoc2)CC1,A0239a,openbind_a71ev2a_c1_scaffolds,A0556a,A3436a,,,,,,,,,,,,,,,,,,,,,,,,,
CC(NC(=O)Cn1cccn1)C1CCN(CCC(C)(C)C)CC1,A0239a,openbind_a71ev2a_c1_scaffolds,A0556a,A3436a,,,,,,,,,,,,,,,,,,,,,,,,,
CC(CCc1ccccn1)NC(=O)c1ccncn1,A5079b,openbind_a71ev2a_c1_scaffolds,A0875a,A3869a,,,,,,,,,,,,,,,,,,,,,,,,,
CC(CC(=O)NCC1CCN(CC(=O)N(C)C)C1)c1ccncc1,A5079b,openbind_a71ev2a_c1_scaffolds,A1445a,A4274b,,,,,,,,,,,,,,,,,,,,,,,,,
COC(C)C(O)C(=O)N(C)C1CN(C(=O)CCc2cn[nH]c2)C1,A5079b,openbind_a71ev2a_c1_scaffolds,A1445a,A4274b,,,,,,,,,,,,,,,,,,,,,,,,,
C=C(Cn1ccnc1)C(=O)Nc1cnn(CC(=O)N(C)C)c1,A5079b,openbind_a71ev2a_c1_scaffolds,A0719a,A4274b,,,,,,,,,,,,,,,,,,,,,,,,,
CC(NC(=O)Cc1ccno1)C1CCN(C(=O)CN(C)C)CC1,A5079b,openbind_a71ev2a_c1_scaffolds,A0719a,A4274b,,,,,,,,,,,,,,,,,,,,,,,,,
CCCCC(=O)NCC1CCN(C(=O)c2cc[nH]n2)CC1,A1140a,openbind_a71ev2a_c1_scaffolds,A0719a,A3869a,,,,,,,,,,,,,,,,,,,,,,,,,
O=C(CCc1nc(-c2ccccn2)no1)NCC1CCCNC1,A1140a,openbind_a71ev2a_c1_scaffolds,A1778a,A3868a,,,,,,,,,,,,,,,,,,,,,,,,,
Cc1ccc(NC(=O)NCC(C)c2ccncc2)nc1,A1140a,openbind_a71ev2a_c1_scaffolds,A1778a,A3868a,,,,,,,,,,,,,,,,,,,,,,,,,
CC(=O)NC(C)C1CCN(C(=O)NCCc2cccnc2)CC1,A1140a,openbind_a71ev2a_c1_scaffolds,A1778a,A3868a,,,,,,,,,,,,,,,,,,,,,,,,,
CCC(NC(=O)Nc1cccc(CC(=O)OC)n1)c1cccnc1,A1140a,openbind_a71ev2a_c1_scaffolds,A1778a,A3868a,,,,,,,,,,,,,,,,,,,,,,,,,
CC(CCNC(=O)c1cc(C(C)(C)C)on1)NC(=O)c1cc[nH]n1,A1140a,openbind_a71ev2a_c1_scaffolds,A1778a,A3868a,,,,,,,,,,,,,,,,,,,,,,,,,
CC(C)C(=O)N1CCC(C(C)NC(=O)Cc2cccnc2)CC1,A1140a,openbind_a71ev2a_c1_scaffolds,A0469a,A4554a,,,,,,,,,,,,,,,,,,,,,,,,,
CC(C)C(=O)NC(Cc1c[nH]c2ccccc12)C(=O)N1CCCC1,A1140a,openbind_a71ev2a_c1_scaffolds,A1140a,A3568a,,,,,,,,,,,,,,,,,,,,,,,,,
O=C(CNc1cccc2c1CCN2C(=O)C(F)(F)F)N1CCC1,A1140a,openbind_a71ev2a_c1_scaffolds,A0473a,A4351a,,,,,,,,,,,,,,,,,,,,,,,,,
CCCc1ncc(CNC(=O)Nc2cccnc2)o1,A1180a,openbind_a71ev2a_c1_scaffolds,A3623a,A3849a,,,,,,,,,,,,,,,,,,,,,,,,,
CCOC(=O)C1(C2=NNC(=O)C2)CCOCC1,A1180a,openbind_a71ev2a_c1_scaffolds,A2629a,A4029a,,,,,,,,,,,,,,,,,,,,,,,,,
O=C(Nc1ccc(N2CCCCC2)cn1)c1ccc2c(c1)CCN2,A1180a,openbind_a71ev2a_c1_scaffolds,A1445a,A3548a,,,,,,,,,,,,,,,,,,,,,,,,,
O=S(=O)(CCCC1CCCCC1)NC1(c2ccccn2)CC1,A0528b,openbind_a71ev2a_c1_scaffolds,A3371a,A4311a,,,,,,,,,,,,,,,,,,,,,,,,,
C1CCC(COCCCN2CCC(N3CCNCC3)CC2)OC1,A0528b,openbind_a71ev2a_c1_scaffolds,A0469a,A4570a,,,,,,,,,,,,,,,,,,,,,,,,,
O=C(COC1CCC1)N1CCC(c2ccno2)C1,A0528b,openbind_a71ev2a_c1_scaffolds,A0719a,A3956a,,,,,,,,,,,,,,,,,,,,,,,,,
O=C(C(O)c1ccccc1)N1CCC(N2CCCCC2)C1,A0528b,openbind_a71ev2a_c1_scaffolds,A0486a,A0541a,,,,,,,,,,,,,,,,,,,,,,,,,
CC(CS(=O)(=O)Nc1cc(-c2cccnc2)n[nH]1)c1ccccc1,A0528b,openbind_a71ev2a_c1_scaffolds,A0486a,A0541a,,,,,,,,,,,,,,,,,,,,,,,,,
CCN(CC)C(=O)c1ccc(NC(=O)NC2CCCNC2)cc1,A0528b,openbind_a71ev2a_c1_scaffolds,A3306a,A4445a,,,,,,,,,,,,,,,,,,,,,,,,,
CSCC(=O)N1CCC(C(C)NC(=O)Cc2cn[nH]c2)CC1,A0528b,openbind_a71ev2a_c1_scaffolds,A0719a,A3849a,,,,,,,,,,,,,,,,,,,,,,,,,
CC(C(=O)NC(N)=O)N(C)CC1CCN(C(=O)c2cn[nH]c2)CC1,A0528b,openbind_a71ev2a_c1_scaffolds,A0719a,A3849a,,,,,,,,,,,,,,,,,,,,,,,,,
O=c1cccc(Br)n1CC1CCCNC1,A0528b,openbind_a71ev2a_c1_scaffolds,A1445a,A3956a,,,,,,,,,,,,,,,,,,,,,,,,,
CC(C)Cc1nnc2c(C(=O)OC(C)c3ccncc3)cccn12,A0528b,openbind_a71ev2a_c1_scaffolds,A0473a,A3623a,,,,,,,,,,,,,,,,,,,,,,,,,
COCC(C)OC(=O)C1CCN(S(=O)(=O)N2CCCCC2)CC1,A0528b,openbind_a71ev2a_c1_scaffolds,A0556a,A3509a,,,,,,,,,,,,,,,,,,,,,,,,,
CCN(C(=O)c1ccncc1)C(C)CNC(=O)Cc1cccnc1,A0528b,openbind_a71ev2a_c1_scaffolds,A3181b,A4351a,,,,,,,,,,,,,,,,,,,,,,,,,
CNC(=O)CN1CCC(CNC(=O)C(C)C(C)(F)F)CC1,A0528b,openbind_a71ev2a_c1_scaffolds,A3181b,A4351a,,,,,,,,,,,,,,,,,,,,,,,,,
O=C(N1CCC(c2ncco2)CC1)C(F)(F)C1CC1,A0528b,openbind_a71ev2a_c1_scaffolds,A3181b,A4351a,,,,,,,,,,,,,,,,,,,,,,,,,
O=C(CCc1cncnc1)N1CCCC2(CCN(c3ccsc3)C2=O)C1,A0528b,openbind_a71ev2a_c1_scaffolds,A3181b,A4351a,,,,,,,,,,,,,,,,,,,,,,,,,
c1cc(NCCCOC2CCOC2)nc(N2CCCCC2)n1,A0528b,openbind_a71ev2a_c1_scaffolds,A3181b,A5425a,,,,,,,,,,,,,,,,,,,,,,,,,
CC(C(=O)N(C)C1CCCNC1=O)N1CCNCC1,A0528b,openbind_a71ev2a_c1_scaffolds,A1445a,A4712a,,,,,,,,,,,,,,,,,,,,,,,,,
O=C(NCCN1CCc2ccccc21)C1CNC2(CC2)CO1,A0528b,openbind_a71ev2a_c1_scaffolds,A0239a,A4351a,,,,,,,,,,,,,,,,,,,,,,,,,
O=C(c1ccc2cn[nH]c2c1)N1CCC(c2ccno2)C1,A0528b,openbind_a71ev2a_c1_scaffolds,A0239a,A4351a,,,,,,,,,,,,,,,,,,,,,,,,,
C1CCN(CCSCc2nnc(C3CCOCC3)o2)CC1,A0528b,openbind_a71ev2a_c1_scaffolds,A1140a,A3986b,,,,,,,,,,,,,,,,,,,,,,,,,
CC(CO)NC(=O)c1cccnc1SC(C)C(=O)N1CCCC1,A0528b,openbind_a71ev2a_c1_scaffolds,A2304a,A4586a,,,,,,,,,,,,,,,,,,,,,,,,,
CC(CC(=O)NC1CC2CCC1N2C(=O)c1ccccn1)C(F)(F)F,A0528b,openbind_a71ev2a_c1_scaffolds,A2304a,A4586a,,,,,,,,,,,,,,,,,,,,,,,,,
CN(Cc1nccn1C)C(=O)NCCN1CCc2ccccc21,A0528b,openbind_a71ev2a_c1_scaffolds,A3623a,A4214b,,,,,,,,,,,,,,,,,,,,,,,,,
CC(NC(=O)Cc1cncs1)C1CCN(c2ncccn2)CC1,A0556a,openbind_a71ev2a_c1_scaffolds,A0556a,A4715a,,,,,,,,,,,,,,,,,,,,,,,,,
CC(C)(NC(=O)C1CCNc2ccccc21)C1CCNCC1,A0556a,openbind_a71ev2a_c1_scaffolds,A0556a,A4715a,,,,,,,,,,,,,,,,,,,,,,,,,
COC(=O)c1cccc2c1CN(CC1CCCNC1)CC2,A0556a,openbind_a71ev2a_c1_scaffolds,A2629a,A5079a,,,,,,,,,,,,,,,,,,,,,,,,,
CN(Cc1ccc2c(c1)CCO2)C(=O)C(C)(C)N1CCCCC1,A0556a,openbind_a71ev2a_c1_scaffolds,A0556a,A1775a,,,,,,,,,,,,,,,,,,,,,,,,,
C#Cc1cccc(NC(=O)NC(CC)C2CCCO2)n1,A0556a,openbind_a71ev2a_c1_scaffolds,A1778a,A4321a,,,,,,,,,,,,,,,,,,,,,,,,,
CC(C)N(C)C(=O)CNCC1CCN(C(=O)c2cnco2)CC1,A0556a,openbind_a71ev2a_c1_scaffolds,A1778a,A4321a,,,,,,,,,,,,,,,,,,,,,,,,,
CC1CCCCN1CC(=O)c1ccc2c(c1)CCN2,A0556a,openbind_a71ev2a_c1_scaffolds,A1778a,A4321a,,,,,,,,,,,,,,,,,,,,,,,,,
O=C(COC1CCCNC1)NCC1CCCOC1,A0556a,openbind_a71ev2a_c1_scaffolds,A1146a,A4351a,,,,,,,,,,,,,,,,,,,,,,,,,
c1cc(NCC2CCNC2)nc(C2CC2)c1,A0556a,openbind_a71ev2a_c1_scaffolds,A1081b,A3616a,,,,,,,,,,,,,,,,,,,,,,,,,
CC(C)c1ccc(CN(C)C(=O)C(C)(C)N2CCCCC2)cc1,A0556a,openbind_a71ev2a_c1_scaffolds,A0556a,A3550a,,,,,,,,,,,,,,,,,,,,,,,,,
CCN1N=C(C(=O)N(CCCO)Cc2ccccn2)CC1=O,A0556a,openbind_a71ev2a_c1_scaffolds,A0556a,A3550a,,,,,,,,,,,,,,,,,,,,,,,,,
CC(NC(=O)NCC1CCCNC1)c1ccc2ncsc2c1,A4586a,openbind_a71ev2a_c1_scaffolds,A0514b,A3618a,,,,,,,,,,,,,,,,,,,,,,,,,
CC(=O)NC(C)C1CCN(C(=O)C(F)(F)c2ncccn2)CC1,A4586a,openbind_a71ev2a_c1_scaffolds,A0719a,A3201a,,,,,,,,,,,,,,,,,,,,,,,,,
CCC(=O)N1CC(C)(NC(=O)CC(C)C(F)(F)F)C1,A4586a,openbind_a71ev2a_c1_scaffolds,A0717a,A1081b,,,,,,,,,,,,,,,,,,,,,,,,,
CC(CNC(=O)C1CNC(=O)N1C)NC(=O)Cc1ccn[nH]1,A4586a,openbind_a71ev2a_c1_scaffolds,A0717a,A1081b,,,,,,,,,,,,,,,,,,,,,,,,,
O=C(CCCN1CCCCC1)NCC(O)CNc1ncccn1,A4586a,openbind_a71ev2a_c1_scaffolds,A0717a,A1081b,,,,,,,,,,,,,,,,,,,,,,,,,
O=C(NCCN1CCNC1=O)NCc1ccc(-c2ccn[nH]2)cc1,A4586a,openbind_a71ev2a_c1_scaffolds,A0717a,A1081b,,,,,,,,,,,,,,,,,,,,,,,,,
O=C(CCCN1CCCCC1)N1CCC1c1ccccc1,A4586a,openbind_a71ev2a_c1_scaffolds,A0717a,A1081b,,,,,,,,,,,,,,,,,,,,,,,,,
Cc1cccc(NC(=O)NCC(C)N2CCCCC2)n1,A4586a,openbind_a71ev2a_c1_scaffolds,A0717a,A1081b,,,,,,,,,,,,,,,,,,,,,,,,,
CC(CNC(=O)Nc1cc(C(F)F)ccn1)N1CCCCC1,A4586a,openbind_a71ev2a_c1_scaffolds,A0717a,A1081b,,,,,,,,,,,,,,,,,,,,,,,,,
CCC(=O)N1CCCN(C(C)C(=O)N2CCc3sccc3C2)CC1,A4586a,openbind_a71ev2a_c1_scaffolds,A0717a,A1081b,,,,,,,,,,,,,,,,,,,,,,,,,
CC(CCNC(=O)CCc1cnoc1)N(C)C(=O)c1[nH]ncc1Cl,A4586a,openbind_a71ev2a_c1_scaffolds,A0717a,A1081b,,,,,,,,,,,,,,,,,,,,,,,,,
CN1CC(C(=O)NCC(O)CNC(=O)CCc2cn[nH]c2)NC1=O,A4586a,openbind_a71ev2a_c1_scaffolds,A0717a,A1081b,,,,,,,,,,,,,,,,,,,,,,,,,
c1cc(NCC2CCNC2)cc(C2CC2)n1,A4586a,openbind_a71ev2a_c1_scaffolds,A0717a,A1081b,,,,,,,,,,,,,,,,,,,,,,,,,
CC(Sc1nc2ccccc2c(=O)n1-c1ccccc1)C(=O)N1CCCCC1,A4586a,openbind_a71ev2a_c1_scaffolds,A0717a,A1081b,,,,,,,,,,,,,,,,,,,,,,,,,
CCCS(=O)(=O)Nc1cc(-c2cccnc2)n[nH]1,A4586a,openbind_a71ev2a_c1_scaffolds,A0717a,A1081b,,,,,,,,,,,,,,,,,,,,,,,,,
CC(Sc1nnc(N(C)C)s1)C(=O)N1CCCCC1,A4586a,openbind_a71ev2a_c1_scaffolds,A3623a,A3869a,,,,,,,,,,,,,,,,,,,,,,,,,
Fc1cnccc1NCc1cnco1,A4586a,openbind_a71ev2a_c1_scaffolds,A3623a,A3869a,,,,,,,,,,,,,,,,,,,,,,,,,
COCC(C)CNC(=O)NC1CCN(CC2CCCO2)CC1,A4586a,openbind_a71ev2a_c1_scaffolds,A0486a,A4415a,,,,,,,,,,,,,,,,,,,,,,,,,
CCN(CC)C(=O)c1cccc(NC(=O)C(C)N2CCc3ccccc32)c1,A4586a,openbind_a71ev2a_c1_scaffolds,A3181b,A5079a,,,,,,,,,,,,,,,,,,,,,,,,,
C1CNCC(C2CCCNC2)C1,A1293a,openbind_a71ev2a_c1_scaffolds,A1778a,A4331a,,,,,,,,,,,,,,,,,,,,,,,,,
CC1CCCN(CC(=O)c2ccc3c(c2)CCN3)C1,A1293a,openbind_a71ev2a_c1_scaffolds,A1778a,A4331a,,,,,,,,,,,,,,,,,,,,,,,,,
COC(C)C(=O)N1CCC(C(C)NC(=O)Cc2ccon2)CC1,A1180a,openbind_a71ev2a_c1_scaffolds,A0514b,A4836a,,,,,,,,,,,,,,,,,,,,,,,,,
COC(=O)c1coc(CN(C)Cc2cc[nH]n2)n1,A1180a,openbind_a71ev2a_c1_scaffolds,A0514b,A4836a,,,,,,,,,,,,,,,,,,,,,,,,,
CC(NC(=O)c1ccc2nc(N3CCCCC3)sc2c1)c1ccccc1,A1180a,openbind_a71ev2a_c1_scaffolds,A0514b,A4836a,,,,,,,,,,,,,,,,,,,,,,,,,
CCN(C(=O)c1cc[nH]n1)C1CCN(C(=O)C(C)COC)C1,A1180a,openbind_a71ev2a_c1_scaffolds,A0497a,A4456a,,,,,,,,,,,,,,,,,,,,,,,,,
c1cc(CNC2CCCNC2)c2[nH]ncc2c1,A1180a,openbind_a71ev2a_c1_scaffolds,A0497a,A4456a,,,,,,,,,,,,,,,,,,,,,,,,,
CC(=CC(=O)NCCC1CCN(C)CC1)c1cccnc1,A1180a,openbind_a71ev2a_c1_scaffolds,A0719a,A4308a,,,,,,,,,,,,,,,,,,,,,,,,,
CCN(CCNC(=O)C(O)c1cccnc1)C(=O)c1cc[nH]n1,A1180a,openbind_a71ev2a_c1_scaffolds,A0556a,A3201a,,,,,,,,,,,,,,,,,,,,,,,,,
Cc1ccc(CN(C)C(=O)C(C)(C)C2CCNCC2)cc1,A1180a,openbind_a71ev2a_c1_scaffolds,A3564a,A4874a,,,,,,,,,,,,,,,,,,,,,,,,,
O=C(CC1CCNC1=O)NC1CCN(c2nc3ccccc3s2)C1,A1180a,openbind_a71ev2a_c1_scaffolds,A1778a,A2304a,,,,,,,,,,,,,,,,,,,,,,,,,
CC(=O)NC(C)C1CCN(C(=O)C(C#N)C2CCNCC2)CC1,A1180a,openbind_a71ev2a_c1_scaffolds,A1778a,A2304a,,,,,,,,,,,,,,,,,,,,,,,,,
CCNS(=O)(=O)c1ccc2c(c1)N(S(=O)(=O)c1cn[nH]c1)CC2,A1180a,openbind_a71ev2a_c1_scaffolds,A1778a,A2304a,,,,,,,,,,,,,,,,,,,,,,,,,
CON=CC(=O)N1CCC(Cc2cccnc2)CC1,A1180a,openbind_a71ev2a_c1_scaffolds,A1778a,A2304a,,,,,,,,,,,,,,,,,,,,,,,,,
CC(C)Oc1cccc(N2CCC(N3CCCCC3)C2)n1,A1180a,openbind_a71ev2a_c1_scaffolds,A0608a,A2972a,,,,,,,,,,,,,,,,,,,,,,,,,
CN(CC1CCOC1)C1CCCNC1,A0309a,openbind_a71ev2a_c1_scaffolds,A3181b,A4509a,,,,,,,,,,,,,,,,,,,,,,,,,
CC(C=O)C1CCN(C)C(C)C1,A0309a,openbind_a71ev2a_c1_scaffolds,A4320a,A4237b,,,,,,,,,,,,,,,,,,,,,,,,,
CC(=O)NC(C)C1CCN(C(=O)NCCc2ccccn2)CC1,A0309a,openbind_a71ev2a_c1_scaffolds,A4320a,A4237b,,,,,,,,,,,,,,,,,,,,,,,,,
CCN(Cc1nccn1C)C(=O)N1CCCCC1,A0309a,openbind_a71ev2a_c1_scaffolds,A4320a,A4237b,,,,,,,,,,,,,,,,,,,,,,,,,
c1cncc(C2CCCNC2)c1,A0514b,openbind_a71ev2a_c1_scaffolds,A2629a,A4445a,,,,,,,,,,,,,,,,,,,,,,,,,
O=C(NC1CCC(N2CCCC2=O)CC1)C(F)C1CCNCC1,A0514b,openbind_a71ev2a_c1_scaffolds,A0608a,A2846a,,,,,,,,,,,,,,,,,,,,,,,,,
CC(C(=O)N1CC2CCCN(C(=O)CCF)C2C1)n1ccnc1,A0514b,openbind_a71ev2a_c1_scaffolds,A0556a,A3436a,,,,,,,,,,,,,,,,,,,,,,,,,
O=C(NCC1CCCS1(=O)=O)c1ccccc1N1CCCC1=O,A0514b,openbind_a71ev2a_c1_scaffolds,A0556a,A4570a,,,,,,,,,,,,,,,,,,,,,,,,,
O=CCCn1cccn1,A0514b,openbind_a71ev2a_c1_scaffolds,A0556a,A4526a,,,,,,,,,,,,,,,,,,,,,,,,,
O=C(OCCNC(=O)N1CCCCC1)c1ccnn1C1CCCC1,A0514b,openbind_a71ev2a_c1_scaffolds,A0556a,A3568a,,,,,,,,,,,,,,,,,,,,,,,,,
O=C(Cn1ccc(C2CCCNC2)n1)NCCN1CCCC1,A0514b,openbind_a71ev2a_c1_scaffolds,A0556a,A3568a,,,,,,,,,,,,,,,,,,,,,,,,,
O=C(CC1C=CCC1)N1CCCC(n2ccnc2)C1,A0514b,openbind_a71ev2a_c1_scaffolds,A0556a,A3568a,,,,,,,,,,,,,,,,,,,,,,,,,
O=C1NCCC1N1CCCN(C(=O)CC2CCS(=O)(=O)C2)CC1,A0514b,openbind_a71ev2a_c1_scaffolds,A1778a,A3858a,,,,,,,,,,,,,,,,,,,,,,,,,
CCC(C)(NC(=O)C1CCCN(C)C1=O)c1ncccn1,A0514b,openbind_a71ev2a_c1_scaffolds,A1778a,A3858a,,,,,,,,,,,,,,,,,,,,,,,,,
COC(=O)Cc1nccn1C1CCCNC1,A0514b,openbind_a71ev2a_c1_scaffolds,A1778a,A3858a,,,,,,,,,,,,,,,,,,,,,,,,,
O=C(NCc1cn(C2CCNC2)nn1)NC1CCCNC1,A0514b,openbind_a71ev2a_c1_scaffolds,A1778a,A3858a,,,,,,,,,,,,,,,,,,,,,,,,,
CC(S)C(=O)N1CC(OCc2ccccc2)C1,A0514b,openbind_a71ev2a_c1_scaffolds,A0239a,A4836a,,,,,,,,,,,,,,,,,,,,,,,,,
OC(c1ccnc(-c2nc(C3CCCNC3)no2)c1)C(F)(F)F,A0514b,openbind_a71ev2a_c1_scaffolds,A0239a,A4836a,,,,,,,,,,,,,,,,,,,,,,,,,
CCOC(=O)NC1CCCN(CCC2CCNC2=O)C1,A0514b,openbind_a71ev2a_c1_scaffolds,A0239a,A4836a,,,,,,,,,,,,,,,,,,,,,,,,,
CC(C)SC(C)C(=O)N1CCC(NC(=O)C(C)(C)N2CCCC2)C1,A0239a,openbind_a71ev2a_c1_scaffolds,A0309a,A3568a,,,,,,,,,,,,,,,,,,,,,,,,,
COc1ccc2nc(SC(C)C(=O)N3CCCCC3)[nH]c2n1,A0239a,openbind_a71ev2a_c1_scaffolds,A0719a,A4020b,,,,,,,,,,,,,,,,,,,,,,,,,
CC(NS(=O)(=O)CC1CCCNC1)c1nnc2ccccn12,A0239a,openbind_a71ev2a_c1_scaffolds,A0556a,A3869a,,,,,,,,,,,,,,,,,,,,,,,,,
Cc1cn2nc(N3CCC(c4cccnc4)CC3)ccc2n1,A0239a,openbind_a71ev2a_c1_scaffolds,A0608a,A3371a,,,,,,,,,,,,,,,,,,,,,,,,,
c1ccc(Sc2ccnc(N3CCCCC3)n2)nc1,A2629a,openbind_a71ev2a_c1_scaffolds,A1778a,A4806a,,,,,,,,,,,,,,,,,,,,,,,,,
C=CCN1CC(NCC(c2cccnc2)N(C)C)CCC1=O,A2629a,openbind_a71ev2a_c1_scaffolds,A2629a,A5036a,,,,,,,,,,,,,,,,,,,,,,,,,
CCC(=O)N1CCC(CNC(=O)C(C)(CC)CO)(C(C)(C)C)C1,A2629a,openbind_a71ev2a_c1_scaffolds,A0428a,A1081b,,,,,,,,,,,,,,,,,,,,,,,,,
CC(C)(C(=O)NCC1CCCN1C(=O)CO)N1CCCCC1,A2629a,openbind_a71ev2a_c1_scaffolds,A3623a,A4994a,,,,,,,,,,,,,,,,,,,,,,,,,
CCC(C)NC(=O)CN1CCN(CC(=O)N2CCCCC2)CC1,A2629a,openbind_a71ev2a_c1_scaffolds,A3371a,A3568a,,,,,,,,,,,,,,,,,,,,,,,,,
O=C(NCCc1cocn1)c1ccnc(OCC(F)(F)F)c1,A2629a,openbind_a71ev2a_c1_scaffolds,A3371a,A3568a,,,,,,,,,,,,,,,,,,,,,,,,,
CC(=O)NC(C)C1CCN(CCCN2CCNCC2)CC1,A2629a,openbind_a71ev2a_c1_scaffolds,A3371a,A3568a,,,,,,,,,,,,,,,,,,,,,,,,,
O=C(COC1CCCNC1)Nc1cnn(C2CCS(=O)(=O)C2)c1,A2629a,openbind_a71ev2a_c1_scaffolds,A0351b,A4351a,,,,,,,,,,,,,,,,,,,,,,,,,
CC(C)CCCC(=O)NC1CCN(C(=O)CCc2cn[nH]c2)C1,A2629a,openbind_a71ev2a_c1_scaffolds,A0719a,A3685a,,,,,,,,,,,,,,,,,,,,,,,,,
CC(Sc1nnnn1C)C(=O)N1CCCCC1,A2629a,openbind_a71ev2a_c1_scaffolds,A1778a,A4877b,,,,,,,,,,,,,,,,,,,,,,,,,
OC(CCNc1ccnc(N2CCCCC2)n1)C1CCCC1,A2629a,openbind_a71ev2a_c1_scaffolds,A0528a,A0719a,,,,,,,,,,,,,,,,,,,,,,,,,
CNC(=O)NCC1CN(CCC(=O)N2CCCCC2)CCO1,A2629a,openbind_a71ev2a_c1_scaffolds,A3623a,A4029a,,,,,,,,,,,,,,,,,,,,,,,,,
CCC(=O)N1CCC(C(C)NC(=O)Cc2ccoc2)CC1,A2629a,openbind_a71ev2a_c1_scaffolds,A1445a,A4031a,,,,,,,,,,,,,,,,,,,,,,,,,
CCCC(OC)C(=O)NCC1CCN(C(=O)c2ncc[nH]2)CC1,A2629a,openbind_a71ev2a_c1_scaffolds,A1445a,A4031a,,,,,,,,,,,,,,,,,,,,,,,,,
CNC(=O)NCCC(=O)NCC1CCN(C(=O)c2cocn2)CC1,A2629a,openbind_a71ev2a_c1_scaffolds,A1778a,A3940a,,,,,,,,,,,,,,,,,,,,,,,,,
CC(c1nc2ccccc2o1)N1CCN(C2CCS(=O)(=O)C2)CC1,A3897a,openbind_a71ev2a_c1_scaffolds,A0469a,A0354a,,,,,,,,,,,,,,,,,,,,,,,,,
CCOc1ncccc1C(=O)NC(CNc1ncccn1)CC(C)C,A3897a,openbind_a71ev2a_c1_scaffolds,A1146a,A4463a,,,,,,,,,,,,,,,,,,,,,,,,,
CSC(C)C(=O)N1CCC(C(C)NC(=O)CN2CCCC2)CC1,A3897a,openbind_a71ev2a_c1_scaffolds,A3623a,A4509a,,,,,,,,,,,,,,,,,,,,,,,,,
COC(C)CCC(=O)N1CCC(NC(=O)Cc2ccc(=O)[nH]c2)CC1,A3897a,openbind_a71ev2a_c1_scaffolds,A0719a,A4873a,,,,,,,,,,,,,,,,,,,,,,,,,
CN(C)C(=O)CN1CCCN(CCCN2CCCCC2)CC1,A3897a,openbind_a71ev2a_c1_scaffolds,A0469a,A4237b,,,,,,,,,,,,,,,,,,,,,,,,,
CCC(C(=O)N1CCC(CCNC(=O)c2cn[nH]c2)C1)N(CC)CC,A3897a,openbind_a71ev2a_c1_scaffolds,A3371a,A4291a,,,,,,,,,,,,,,,,,,,,,,,,,
CC(CNC(=O)NCc1ccc2cn[nH]c2c1)N1CCCCC1,A3897a,openbind_a71ev2a_c1_scaffolds,A3623a,A4554a,,,,,,,,,,,,,,,,,,,,,,,,,
COCC(OC)C(=O)N1CCC(NCC(=O)N2CCCCC2)C1,A0541a,openbind_a71ev2a_c1_scaffolds,A0528a,A0875a,,,,,,,,,,,,,,,,,,,,,,,,,
CC(=O)NC(C)C1CCN(CC(=O)NC2CCOCC2)CC1,A0541a,openbind_a71ev2a_c1_scaffolds,A0719a,A3920a,,,,,,,,,,,,,,,,,,,,,,,,,
CC(CNC(=O)c1ccn(C2CCCC2)n1)N(C)c1ncccn1,A0541a,openbind_a71ev2a_c1_scaffolds,A3435a,A3623a,,,,,,,,,,,,,,,,,,,,,,,,,
O=C(CC1Cc2ccccc2N1)NCCCN1CCCCC1,A0541a,openbind_a71ev2a_c1_scaffolds,A0556a,A3956a,,,,,,,,,,,,,,,,,,,,,,,,,
O=C(OCc1cn[nH]c1)C1CC(=O)N(c2cn[nH]c2)C1,A0541a,openbind_a71ev2a_c1_scaffolds,A0556a,A3956a,,,,,,,,,,,,,,,,,,,,,,,,,
CN(CCNC(=O)C1CNC(=O)N1)C(=O)C1(C2CCOCC2)CC1,A0541a,openbind_a71ev2a_c1_scaffolds,A0608a,A3550a,,,,,,,,,,,,,,,,,,,,,,,,,
c1cc(NC2CCCNC2)nc(C2CC2)c1,A0541a,openbind_a71ev2a_c1_scaffolds,A0608a,A3550a,,,,,,,,,,,,,,,,,,,,,,,,,
O=C(COCCC1CCCNC1)N1CCCCC1,A0541a,openbind_a71ev2a_c1_scaffolds,A0239a,A4463a,,,,,,,,,,,,,,,,,,,,,,,,,
CC(C)CCC(=O)N1CCC(NC(=O)CC(C)C(F)(F)F)CC1,A0541a,openbind_a71ev2a_c1_scaffolds,A3623a,A3986a,,,,,,,,,,,,,,,,,,,,,,,,,
O=C(Cc1ccc2[nH]ncc2c1)NCC(CO)NC(=O)c1cc[nH]n1,A0541a,openbind_a71ev2a_c1_scaffolds,A0428a,A4351a,,,,,,,,,,,,,,,,,,,,,,,,,
CC(CNC(=O)c1ccc(-c2cc[nH]n2)s1)Nc1ncccn1,A0541a,openbind_a71ev2a_c1_scaffolds,A1778a,A4368a,,,,,,,,,,,,,,,,,,,,,,,,,
CN(C(=O)COC1CCNCC1)C1CCCNC1=O,A0541a,openbind_a71ev2a_c1_scaffolds,A1778a,A4368a,,,,,,,,,,,,,,,,,,,,,,,,,
c1cc(-c2ccc(CNCc3ccc4cn[nH]c4c3)cc2)[nH]n1,A0541a,openbind_a71ev2a_c1_scaffolds,A1778a,A3975a,,,,,,,,,,,,,,,,,,,,,,,,,
CCCc1nc(C(=O)NCCN2CCCCC2)co1,A0528b,openbind_a71ev2a_c1_scaffolds,A1778a,A4320a,,,,,,,,,,,,,,,,,,,,,,,,,
C#CCNC(=O)C1CCN(C(=O)N(C)Cc2c[nH]cn2)CC1,A0528b,openbind_a71ev2a_c1_scaffolds,A1778a,A4320a,,,,,,,,,,,,,,,,,,,,,,,,,
CC(S)C(=O)N1CCCC(CO)C1CO,A0528b,openbind_a71ev2a_c1_scaffolds,A0875a,A4237a,,,,,,,,,,,,,,,,,,,,,,,,,
CN(C)S(=O)(=O)N1CCCC(S(=O)(=O)N2CCc3ccccc32)C1,A0528b,openbind_a71ev2a_c1_scaffolds,A0875a,A4237a,,,,,,,,,,,,,,,,,,,,,,,,,
CCCc1nc(C(=O)NCCC(C)N2CCCCC2)co1,A0528b,openbind_a71ev2a_c1_scaffolds,A0719a,A4347a,,,,,,,,,,,,,,,,,,,,,,,,,
O=C(Nc1ccc(-c2cc[nH]n2)cc1)c1cnc2cccnn12,A0528b,openbind_a71ev2a_c1_scaffolds,A1778a,A2972a,,,,,,,,,,,,,,,,,,,,,,,,,
O=C(CCn1ccnc1)N1C2CCC1CC(CCF)C2,A0528b,openbind_a71ev2a_c1_scaffolds,A1778a,A2972a,,,,,,,,,,,,,,,,,,,,,,,,,
OCC(CN1CCCCC1)Nc1nnc(-c2ccccn2)s1,A0528b,openbind_a71ev2a_c1_scaffolds,A1778a,A2972a,,,,,,,,,,,,,,,,,,,,,,,,,
CNC(=O)NCC(=O)NCC1CC1CNC(=O)CN1CCCCC1,A0528b,openbind_a71ev2a_c1_scaffolds,A2629a,A3223a,,,,,,,,,,,,,,,,,,,,,,,,,
CNC(=O)NCC1CCCCN1C(=O)CCC1CCCNC1,A0528b,openbind_a71ev2a_c1_scaffolds,A0556a,A4846a,,,,,,,,,,,,,,,,,,,,,,,,,
O=C(c1cnc(C2CCNCC2)o1)N1CCCc2ccccc21,A0528b,openbind_a71ev2a_c1_scaffolds,A0556a,A4846a,,,,,,,,,,,,,,,,,,,,,,,,,
CC(CC(=O)Nc1cnn(C2CCNCC2)c1)n1ccnc1,A0528b,openbind_a71ev2a_c1_scaffolds,A0556a,A4846a,,,,,,,,,,,,,,,,,,,,,,,,,
CC(NC(=O)NCc1ccnc(N2CCCCC2)c1)C(=O)N1CCCCC1,A0528b,openbind_a71ev2a_c1_scaffolds,A0556a,A4846a,,,,,,,,,,,,,,,,,,,,,,,,,
CC(CN1CCCCC1)N(C)C(=O)c1cnc(C2CCOC2)s1,A1779a,openbind_a71ev2a_c1_scaffolds,A1775a,A1779a,A3194a,,,,,,,,,,,,,,,,,,,,,,,,
CC1CCN(C(CNC(=O)CCc2ccc(=O)[nH]c2)C(C)C)CC1,A1779a,openbind_a71ev2a_c1_scaffolds,A2304a,A3223a,,,,,,,,,,,,,,,,,,,,,,,,,
CC(C=O)n1cc(-c2ccccc2)cn1,A1779a,openbind_a71ev2a_c1_scaffolds,A1068a,A4706a,,,,,,,,,,,,,,,,,,,,,,,,,
CCCC(C)C(=O)N1CCC(C(C)NC(=O)CN2CCCC2)CC1,A1779a,openbind_a71ev2a_c1_scaffolds,A1068a,A4706a,,,,,,,,,,,,,,,,,,,,,,,,,
CCOC(=O)NC1CCCN(C(=O)CC2CCCNC2)C1,A1779a,openbind_a71ev2a_c1_scaffolds,A2629a,A4836a,,,,,,,,,,,,,,,,,,,,,,,,,
O=C(NCc1nnc2n1CCCC2)c1cncc(N2CCCC2)n1,A1779a,openbind_a71ev2a_c1_scaffolds,A1105b,A2629a,A4836a,,,,,,,,,,,,,,,,,,,,,,,,
c1cncc(C2CCNCC2)c1,A1779a,openbind_a71ev2a_c1_scaffolds,A2629a,A4836a,,,,,,,,,,,,,,,,,,,,,,,,,
CC(NC(=O)COC1CCCNC1)c1ncc(Br)cn1,A1779a,openbind_a71ev2a_c1_scaffolds,A2629a,A4706a,,,,,,,,,,,,,,,,,,,,,,,,,
CC(CNC(=O)c1nnc2ccc(Br)cn12)N1CCCC1,A1779a,openbind_a71ev2a_c1_scaffolds,A1105b,A4836a,,,,,,,,,,,,,,,,,,,,,,,,,
Cc1cn(C(C)C=O)c(C)n1,A1779a,openbind_a71ev2a_c1_scaffolds,A0514b,A4351a,,,,,,,,,,,,,,,,,,,,,,,,,
CCn1ncc2ccc(NC(=O)N(C)C(C)c3ccncc3)cc21,A1779a,openbind_a71ev2a_c1_scaffolds,A0514b,A4351a,,,,,,,,,,,,,,,,,,,,,,,,,
CC(C)c1nc2ccc(CC3CCCNC3)cc2s1,A1779a,openbind_a71ev2a_c1_scaffolds,A0514b,A4351a,,,,,,,,,,,,,,,,,,,,,,,,,
CCC(=O)N1CCCC(c2nc(-c3ncc[nH]3)no2)C1,A1779a,openbind_a71ev2a_c1_scaffolds,A0514b,A4351a,,,,,,,,,,,,,,,,,,,,,,,,,
CN(CCNC(=O)Cc1n[nH]c2ccccc12)c1ncncc1Cl,A1779a,openbind_a71ev2a_c1_scaffolds,A0514b,A4351a,,,,,,,,,,,,,,,,,,,,,,,,,
CN(CCn1ccnc1)C(=O)c1ccn(C2CCCNC2)n1,A1779a,openbind_a71ev2a_c1_scaffolds,A3181b,A4415a,,,,,,,,,,,,,,,,,,,,,,,,,
CCC(C)OCC(=O)NCCC1CCCN(C(=O)c2cn[nH]c2)C1,A1779a,openbind_a71ev2a_c1_scaffolds,A1146a,A4570a,,,,,,,,,,,,,,,,,,,,,,,,,
O=C(NCc1ccc(F)cn1)Nc1ccc2c(c1)NCCC2,A1779a,openbind_a71ev2a_c1_scaffolds,A1146a,A4570a,,,,,,,,,,,,,,,,,,,,,,,,,
CC(NC(=O)NCc1ccccc1N1CCCC1)c1ncco1,A1779a,openbind_a71ev2a_c1_scaffolds,A3623a,A3694a,,,,,,,,,,,,,,,,,,,,,,,,,
O=CCCc1c(Br)n[nH]c1Br,A1779a,openbind_a71ev2a_c1_scaffolds,A0556a,A3975a,,,,,,,,,,,,,,,,,,,,,,,,,
Cc1ccc(NC(=O)NCC(C)c2ccccn2)nc1,A1779a,openbind_a71ev2a_c1_scaffolds,A3623a,A3895a,,,,,,,,,,,,,,,,,,,,,,,,,
O=CNCCN1CCCCC1,A1779a,openbind_a71ev2a_c1_scaffolds,A3623a,A3895a,,,,,,,,,,,,,,,,,,,,,,,,,
CCCN(CCN1CCCCC1)C(=O)NCc1cn(C(C)C)cn1,A1779a,openbind_a71ev2a_c1_scaffolds,A3623a,A4214a,,,,,,,,,,,,,,,,,,,,,,,,,
COCCN1CC(C(=O)OC(C)C(=O)N2CCCCC2)CC1=O,A1779a,openbind_a71ev2a_c1_scaffolds,A3623a,A4214a,,,,,,,,,,,,,,,,,,,,,,,,,
CN(CCc1ncccn1)C(=O)c1cc(Br)c2[nH]ncc2c1,A3623a,openbind_a71ev2a_c1_scaffolds,A0473a,A3623a,,,,,,,,,,,,,,,,,,,,,,,,,
O=C(c1cccc2[nH]ncc12)N1C2CCC1CN(c1ncccn1)CC2,A3623a,openbind_a71ev2a_c1_scaffolds,A1068a,A4786a,,,,,,,,,,,,,,,,,,,,,,,,,
O=C(CCC1CCCNC1)NOC1CCCC1,A3623a,openbind_a71ev2a_c1_scaffolds,A1146a,A3181b,,,,,,,,,,,,,,,,,,,,,,,,,
CCC(F)(F)CC(=O)N(C)CC1CCN(C(=O)Cc2cccnc2)C1,A3623a,openbind_a71ev2a_c1_scaffolds,A0473a,A2846a,,,,,,,,,,,,,,,,,,,,,,,,,
CN1CCC(C2CN(C3CCCNC3)C(=O)N2)CC1,A3623a,openbind_a71ev2a_c1_scaffolds,A2304a,A3618a,,,,,,,,,,,,,,,,,,,,,,,,,
CCC(=O)NC(C)C(=O)N1CCCC1CNC(=O)Cc1ncc[nH]1,A3623a,openbind_a71ev2a_c1_scaffolds,A0556a,A3616b,,,,,,,,,,,,,,,,,,,,,,,,,
O=S(=O)(CC1CCCNC1)NCc1ccn2cnnc2c1,A0428a,openbind_a71ev2a_c1_scaffolds,A1778a,A4274b,,,,,,,,,,,,,,,,,,,,,,,,,
CCN(CC)C(=O)N1CCC(c2nc(-c3ccncc3)cs2)CC1,A0528b,openbind_a71ev2a_c1_scaffolds,A0556a,A0717a,,,,,,,,,,,,,,,,,,,,,,,,,
Cn1nc(C(=O)NCCCN2CCNCC2)c2ccccc21,A0528b,openbind_a71ev2a_c1_scaffolds,A0497a,A1293a,,,,,,,,,,,,,,,,,,,,,,,,,
CCC(C)C(NC(=O)c1ccc2c(c1)OCO2)C(=O)Nc1cccc(N2CCCC2)c1,A0528b,openbind_a71ev2a_c1_scaffolds,A0719a,A4388a,,,,,,,,,,,,,,,,,,,,,,,,,
CCC(=O)N1CCC(C(C)NC(=O)CC2CCCNC(=O)C2)CC1,A0528b,openbind_a71ev2a_c1_scaffolds,A3564a,A4509a,,,,,,,,,,,,,,,,,,,,,,,,,
O=C(CCc1nc2ccccc2s1)NC1CCCNC1,A0528b,openbind_a71ev2a_c1_scaffolds,A3181b,A4463a,,,,,,,,,,,,,,,,,,,,,,,,,
CCC(=O)c1cccc(S(=O)(=O)Nc2ccc3c(c2)CCN3)c1,A0528b,openbind_a71ev2a_c1_scaffolds,A1778a,A4445a,,,,,,,,,,,,,,,,,,,,,,,,,
CC(NC(=O)Cc1ccc[nH]1)C1CCN(c2ncccn2)CC1,A4445a,openbind_a71ev2a_c1_scaffolds,A0514b,A1105b,,,,,,,,,,,,,,,,,,,,,,,,,
CC(C(=O)NCCN1CCCC1)N1CCc2ccccc21,A4445a,openbind_a71ev2a_c1_scaffolds,A0514b,A1105b,,,,,,,,,,,,,,,,,,,,,,,,,
CCC(=O)N1CC2(CC(NC(=O)CC(C)c3ccncc3)C2)C1,A4445a,openbind_a71ev2a_c1_scaffolds,A0556a,A0310a,,,,,,,,,,,,,,,,,,,,,,,,,
c1cc(C2CCCCN2)[nH]n1,A4445a,openbind_a71ev2a_c1_scaffolds,A3181b,A4706a,,,,,,,,,,,,,,,,,,,,,,,,,
CC(C)Cc1nsc(NC(C)CCN2CCCC2)n1,A4445a,openbind_a71ev2a_c1_scaffolds,A0719a,A3897a,,,,,,,,,,,,,,,,,,,,,,,,,
N#CCCC1CCCCN1CCc1ncco1,A4445a,openbind_a71ev2a_c1_scaffolds,A0239a,A4563a,,,,,,,,,,,,,,,,,,,,,,,,,
CC1CCNC(=O)C1NC(=O)CSc1nnc2ccccn12,A4445a,openbind_a71ev2a_c1_scaffolds,A0239a,A4563a,,,,,,,,,,,,,,,,,,,,,,,,,
CCCCOCCCNC(=O)C1CCCCN1C(=O)CC,A4445a,openbind_a71ev2a_c1_scaffolds,A0473a,A5424a,,,,,,,,,,,,,,,,,,,,,,,,,
CC(C)(C)C(CN)NC(=O)c1cnn(C2CCCNC2)c1,A4445a,openbind_a71ev2a_c1_scaffolds,A1146a,A3986b,,,,,,,,,,,,,,,,,,,,,,,,,
CCN(CCNC(=O)c1ccncc1)C(=O)CCCN1CCCCC1,A4445a,openbind_a71ev2a_c1_scaffolds,A0541a,A1081b,,,,,,,,,,,,,,,,,,,,,,,,,
CC(=O)N(C)C1CC2CCC(C1)N2C(=O)CCc1c[nH]cn1,A4445a,openbind_a71ev2a_c1_scaffolds,A0541a,A1081b,,,,,,,,,,,,,,,,,,,,,,,,,
O=C(CSc1nc2ccccc2s1)N1CCN(c2ccccn2)CC1,A4445a,openbind_a71ev2a_c1_scaffolds,A3371a,A3568a,,,,,,,,,,,,,,,,,,,,,,,,,
CCOC(=O)C1CCCN(C(=O)c2ccc3c(c2)CCN3)C1,A4311a,openbind_a71ev2a_c1_scaffolds,A3181b,A3417a,,,,,,,,,,,,,,,,,,,,,,,,,
CC(Cc1cnn(C)c1)C(=O)NCCOC1CCNC1,A4311a,openbind_a71ev2a_c1_scaffolds,A0473a,A4836a,,,,,,,,,,,,,,,,,,,,,,,,,
CCC1(CNC(=O)C(=O)N(C)C2CCCNC2)CCC(=O)N1,A4311a,openbind_a71ev2a_c1_scaffolds,A2629a,A4570a,,,,,,,,,,,,,,,,,,,,,,,,,
CC(CCNC(=O)c1cc(-c2ccccn2)no1)NC(=O)C1CC1,A4311a,openbind_a71ev2a_c1_scaffolds,A0719a,A4333a,,,,,,,,,,,,,,,,,,,,,,,,,
O=C(CCCN1CCCCC1)Nc1cnn(CC(F)F)c1,A4311a,openbind_a71ev2a_c1_scaffolds,A0497a,A4463a,,,,,,,,,,,,,,,,,,,,,,,,,
CCC(NC(=O)Nc1cc(CCOC)ccn1)c1cccnc1,A4311a,openbind_a71ev2a_c1_scaffolds,A0497a,A4463a,,,,,,,,,,,,,,,,,,,,,,,,,
COCC(C)C(=O)N1CCN(CCNC(=O)c2cccnc2)CC1,A4311a,openbind_a71ev2a_c1_scaffolds,A0556a,A0926a,,,,,,,,,,,,,,,,,,,,,,,,,
OC(CNc1nnc(-c2ccccn2)s1)CN1CCCCC1,A4311a,openbind_a71ev2a_c1_scaffolds,A1146a,A4214b,,,,,,,,,,,,,,,,,,,,,,,,,
O=C(c1csc(C2CCNCC2)n1)N1CCc2ccccc21,A4311a,openbind_a71ev2a_c1_scaffolds,A1080a,A5036b,,,,,,,,,,,,,,,,,,,,,,,,,
c1cc(CNCC2CCCNC2)c2[nH]ncc2c1,A3436a,openbind_a71ev2a_c1_scaffolds,A3181b,A4708a,,,,,,,,,,,,,,,,,,,,,,,,,
O=C(NCc1ccno1)c1cn(-c2ccccc2)cn1,A3436a,openbind_a71ev2a_c1_scaffolds,A0525a,A3178a,,,,,,,,,,,,,,,,,,,,,,,,,
O=C(O)C1CCCN(C(=O)CCN2CCCc3ccccc32)C1,A3436a,openbind_a71ev2a_c1_scaffolds,A0469a,A4415a,,,,,,,,,,,,,,,,,,,,,,,,,
CC(NC(=O)Cc1cn[nH]c1)C1CCN(C(=O)CO)CC1,A3436a,openbind_a71ev2a_c1_scaffolds,A0469a,A4415a,,,,,,,,,,,,,,,,,,,,,,,,,
O=C(NC1CCCN(C2CCOCC2)C1)c1ncco1,A4461a,openbind_a71ev2a_c1_scaffolds,A0926a,A3623a,,,,,,,,,,,,,,,,,,,,,,,,,
COc1ccnc(CN(C)CCNC(=O)c2cccnc2)c1,A0541a,openbind_a71ev2a_c1_scaffolds,A0556a,A4333a,,,,,,,,,,,,,,,,,,,,,,,,,
CCC1CCC(C(=O)NCCN(CC)C(=O)c2cc[nH]n2)O1,A0541a,openbind_a71ev2a_c1_scaffolds,A0556a,A4333a,,,,,,,,,,,,,,,,,,,,,,,,,
CCC(C)NC(=O)CN1CCN(CCCN2CCCCC2)CC1,A0541a,openbind_a71ev2a_c1_scaffolds,A0556a,A4333a,,,,,,,,,,,,,,,,,,,,,,,,,
COc1ccc(CCN(C)C(=O)C2CCC(=O)NC2)cn1,A0541a,openbind_a71ev2a_c1_scaffolds,A0556a,A4333a,,,,,,,,,,,,,,,,,,,,,,,,,
CCNC(=O)c1cc(O)n(C)n1,A1140a,openbind_a71ev2a_c1_scaffolds,A0556a,A3435a,,,,,,,,,,,,,,,,,,,,,,,,,
O=S(=O)(N1CCCC1)N1CCc2ccc(Br)cc21,A1140a,openbind_a71ev2a_c1_scaffolds,A1778a,A5091a,,,,,,,,,,,,,,,,,,,,,,,,,
OC(CCNc1ccnc(N2CCCCC2)n1)C1CCC1,A1140a,openbind_a71ev2a_c1_scaffolds,A1146a,A4445b,,,,,,,,,,,,,,,,,,,,,,,,,
CC(Sc1ccc(Cl)cn1)C(=O)N1CCCCC1,A1140a,openbind_a71ev2a_c1_scaffolds,A0719a,A3895a,,,,,,,,,,,,,,,,,,,,,,,,,
CC(=O)NCC1CC(NC(=O)Cc2nnc3n2CCCC3)C1,A1140a,openbind_a71ev2a_c1_scaffolds,A0608a,A0239a,,,,,,,,,,,,,,,,,,,,,,,,,
O=C(CCC1CCCO1)NCC1(O)CCCc2ccccc21,A1140a,openbind_a71ev2a_c1_scaffolds,A0608a,A0239a,,,,,,,,,,,,,,,,,,,,,,,,,
O=C(CN1CCCC1)c1ccc2c(c1)CCN2,A1140a,openbind_a71ev2a_c1_scaffolds,A1778a,A3634a,,,,,,,,,,,,,,,,,,,,,,,,,
COc1ncc(C(C)C=O)cc1Cl,A1140a,openbind_a71ev2a_c1_scaffolds,A2629a,A4445b,,,,,,,,,,,,,,,,,,,,,,,,,
Cc1nccn1CC(=O)NCCC(NC(=O)CN1CCCC1)C(C)C,A4333a,openbind_a71ev2a_c1_scaffolds,A3623a,A4524a,,,,,,,,,,,,,,,,,,,,,,,,,
CC(=O)NC(C)C1CCN(c2nccc(N3CCCC3)n2)CC1,A4333a,openbind_a71ev2a_c1_scaffolds,A3623a,A4524a,,,,,,,,,,,,,,,,,,,,,,,,,
CCNC(=O)N1CCC(C(=O)NC(C)c2cn[nH]c2)CC1,A4333a,openbind_a71ev2a_c1_scaffolds,A1445a,A3920a,,,,,,,,,,,,,,,,,,,,,,,,,
c1ccc2sc(C3CCCN(c4cncc5ncnn45)C3)nc2c1,A4333a,openbind_a71ev2a_c1_scaffolds,A0556a,A3975a,,,,,,,,,,,,,,,,,,,,,,,,,
CN(Cc1ncccn1)c1nnc(-c2ccccn2)s1,A4333a,openbind_a71ev2a_c1_scaffolds,A0469a,A1146a,,,,,,,,,,,,,,,,,,,,,,,,,
O=C(Cc1ccc2cn[nH]c2c1)NCC(O)CNc1ncccn1,A4333a,openbind_a71ev2a_c1_scaffolds,A3564a,A4570a,,,,,,,,,,,,,,,,,,,,,,,,,
O=C(CC1=CCCC1)N1CCC(c2ccn[nH]2)CC1,A4333a,openbind_a71ev2a_c1_scaffolds,A2513a,A3858a,,,,,,,,,,,,,,,,,,,,,,,,,
O=C(NCC(=O)N1CCc2ccccc21)c1cnc(-c2ncccn2)s1,A4333a,openbind_a71ev2a_c1_scaffolds,A1146a,A4214a,,,,,,,,,,,,,,,,,,,,,,,,,
CC(CCNC(=O)Cc1cn[nH]c1)NC(=O)C1(O)CCOCC1,A4333a,openbind_a71ev2a_c1_scaffolds,A2629a,A4874b,,,,,,,,,,,,,,,,,,,,,,,,,
CC(NC(=O)c1ccnc(N2CCNCC2)c1)c1cnccn1,A4333a,openbind_a71ev2a_c1_scaffolds,A3181b,A4836a,,,,,,,,,,,,,,,,,,,,,,,,,
O=C1CC(c2noc(-c3ccc4nnc(C(F)F)n4c3)n2)CN1,A4333a,openbind_a71ev2a_c1_scaffolds,A3181b,A4836a,,,,,,,,,,,,,,,,,,,,,,,,,
O=C(NC(CO)c1nc[nH]n1)c1cnc(C2CCNCC2)nc1,A4333a,openbind_a71ev2a_c1_scaffolds,A3181b,A4836a,,,,,,,,,,,,,,,,,,,,,,,,,
CN(c1ccncc1)C1CCCNC1,A4333a,openbind_a71ev2a_c1_scaffolds,A3181b,A4836a,,,,,,,,,,,,,,,,,,,,,,,,,
CC(C)NS(=O)(=O)c1ccc2c(c1)CCN2C(=O)CCC(=O)N1CCCCC1,A4333a,openbind_a71ev2a_c1_scaffolds,A3181b,A4836a,,,,,,,,,,,,,,,,,,,,,,,,,
CC(NC(=O)N1CCc2ccccc21)C1CCCNC1,A4333a,openbind_a71ev2a_c1_scaffolds,A3181b,A4836a,,,,,,,,,,,,,,,,,,,,,,,,,
CCC(=O)N1CCC1CNC(=O)Cc1ccc(=O)[nH]c1,A1146a,openbind_a71ev2a_c1_scaffolds,A1146a,A4712a,,,,,,,,,,,,,,,,,,,,,,,,,
CC(C)OCCCn1c(SC(C)C(=O)N2CCCc3ccccc32)nc2ccccc2c1=O,A1146a,openbind_a71ev2a_c1_scaffolds,A0717a,A4708a,,,,,,,,,,,,,,,,,,,,,,,,,
O=C(CCc1ccncc1)N1CC2(CCC2)C1c1cccnc1,A1146a,openbind_a71ev2a_c1_scaffolds,A0586a,A1776a,,,,,,,,,,,,,,,,,,,,,,,,,
CNC(=O)C(Cc1c[nH]cn1)NC(=O)c1ccc(C)nc1,A1146a,openbind_a71ev2a_c1_scaffolds,A3371a,A3975a,A4237a,,,,,,,,,,,,,,,,,,,,,,,,
c1cc(-c2ccncc2)c2cn[nH]c2c1,A1146a,openbind_a71ev2a_c1_scaffolds,A0497a,A1105b,,,,,,,,,,,,,,,,,,,,,,,,,
CC(C)CCCC(=O)N1CC(C(C)NC(=O)c2cc[nH]n2)C1,A1776a,openbind_a71ev2a_c1_scaffolds,A3579a,A3623a,,,,,,,,,,,,,,,,,,,,,,,,,
CC(NC(=O)CC1CCNCC1)C1CCN(CC(F)(F)F)CC1,A1776a,openbind_a71ev2a_c1_scaffolds,A0586a,A0608a,,,,,,,,,,,,,,,,,,,,,,,,,
Cc1cccc2c1CCCN2CC(=O)NCC1CCCO1,A1776a,openbind_a71ev2a_c1_scaffolds,A0586a,A0608a,,,,,,,,,,,,,,,,,,,,,,,,,
c1cc(-c2nccc(NC3CCNC3)n2)c2nonc2c1,A1776a,openbind_a71ev2a_c1_scaffolds,A1146a,A4943b,,,,,,,,,,,,,,,,,,,,,,,,,
COCC(C)(C)CC(=O)NC(C)C1CCN(Cc2ccon2)CC1,A1776a,openbind_a71ev2a_c1_scaffolds,A1105b,A1293a,,,,,,,,,,,,,,,,,,,,,,,,,
CCOC(=O)NC1CCCN(C(=O)CC(C(F)F)n2ccnc2)C1,A1776a,openbind_a71ev2a_c1_scaffolds,A1105b,A1293a,,,,,,,,,,,,,,,,,,,,,,,,,
CC1(C(=O)NCCN2CCCC2=O)CCCS1(=O)=O,A1776a,openbind_a71ev2a_c1_scaffolds,A1105b,A1293a,,,,,,,,,,,,,,,,,,,,,,,,,
N=C(N)c1cn[nH]c1NC(=O)N1CCCCC1,A1776a,openbind_a71ev2a_c1_scaffolds,A1105b,A1293a,,,,,,,,,,,,,,,,,,,,,,,,,
CCN(CC)C(=O)c1ccc(CNC(C)C2CCCNC2)cc1,A1776a,openbind_a71ev2a_c1_scaffolds,A1105b,A1293a,,,,,,,,,,,,,,,,,,,,,,,,,
O=C(CC1CCCNC1)Nc1ccnn1C1CCCC1,A1776a,openbind_a71ev2a_c1_scaffolds,A1105b,A1293a,,,,,,,,,,,,,,,,,,,,,,,,,
c1cn(C2CCNC2)cn1,A5036a,openbind_a71ev2a_c1_scaffolds,A1775a,A4237b,,,,,,,,,,,,,,,,,,,,,,,,,
CCN(Cc1ccccn1)C(=O)CCCCC(C)C,A5036a,openbind_a71ev2a_c1_scaffolds,A1775a,A4237b,,,,,,,,,,,,,,,,,,,,,,,,,
CC(CCC(C)(C)C)C(=O)NCC1CN(CC(=O)N(C)C)CCO1,A5036a,openbind_a71ev2a_c1_scaffolds,A1775a,A4237b,,,,,,,,,,,,,,,,,,,,,,,,,
CC(Cl)C(=O)N(C)c1ccncc1,A5036a,openbind_a71ev2a_c1_scaffolds,A1775a,A4237b,,,,,,,,,,,,,,,,,,,,,,,,,
c1cc2c(cc1N1CC3(CC3)C1)CCN2,A5036a,openbind_a71ev2a_c1_scaffolds,A1775a,A4237b,,,,,,,,,,,,,,,,,,,,,,,,,
Cc1cnoc1C(=O)NCCC(C)NC(=O)c1cnsn1,A5036a,openbind_a71ev2a_c1_scaffolds,A1775a,A4237b,,,,,,,,,,,,,,,,,,,,,,,,,
CC(C)CN(CN1C(=O)C(=O)c2cccc(F)c21)C1CCCC1,A5036a,openbind_a71ev2a_c1_scaffolds,A0719a,A5394b,,,,,,,,,,,,,,,,,,,,,,,,,
CC(NC(=O)Cc1ccn[nH]1)C1CCN(C(=O)C(C)(C)O)CC1,A5036a,openbind_a71ev2a_c1_scaffolds,A1140a,A4333a,A4343a,A4586a,A4708a,A4855a,,,,,,,,,,,,,,,,,,,,,
CC(SC1CCNCC1)C(=O)N1CCNCC1,A5036a,openbind_a71ev2a_c1_scaffolds,A0719a,A3485a,,,,,,,,,,,,,,,,,,,,,,,,,
Cc1cccc2sc(NC(=O)C(C#N)C3CCNCC3)nc12,A5036a,openbind_a71ev2a_c1_scaffolds,A1445a,A3564a,,,,,,,,,,,,,,,,,,,,,,,,,
Fc1nccc(Sc2ncc[nH]2)n1,A5036a,openbind_a71ev2a_c1_scaffolds,A1779a,A4374a,,,,,,,,,,,,,,,,,,,,,,,,,
O=C(O)c1nccc(Sc2ncc[nH]2)n1,A5036a,openbind_a71ev2a_c1_scaffolds,A1779a,A4374a,,,,,,,,,,,,,,,,,,,,,,,,,
c1cc(-c2cnn(C3CCCCO3)c2)c2cn[nH]c2c1,A5036a,openbind_a71ev2a_c1_scaffolds,A1779a,A4374a,,,,,,,,,,,,,,,,,,,,,,,,,
CCCS(=O)(=O)NC1CC=CC1,A5036a,openbind_a71ev2a_c1_scaffolds,A1779a,A4374a,,,,,,,,,,,,,,,,,,,,,,,,,
c1cc(C2NCCCCS2)ccn1,A5036a,openbind_a71ev2a_c1_scaffolds,A1778a,A4331b,A4374a,A4742b,A4840a,,,,,,,,,,,,,,,,,,,,,,
O=C(COC1CNC1)NCCN1CCCc2ccccc21,A5036a,openbind_a71ev2a_c1_scaffolds,A0719a,A2304a,,,,,,,,,,,,,,,,,,,,,,,,,
CC(NCC(n1cccn1)C(F)(F)F)c1cccc2[nH]ncc12,A5036a,openbind_a71ev2a_c1_scaffolds,A1068a,A4706a,,,,,,,,,,,,,,,,,,,,,,,,,
COC(C)C1CCCNC1,A5036a,openbind_a71ev2a_c1_scaffolds,A0525a,A4994a,,,,,,,,,,,,,,,,,,,,,,,,,
Cc1n[nH]c2ncc(NC(=O)C(C#N)C3CCNCC3)cc12,A5036a,openbind_a71ev2a_c1_scaffolds,A0525a,A4994a,,,,,,,,,,,,,,,,,,,,,,,,,
O=C(C=C1CCSCC1)N(Cc1ncc[nH]1)c1cncc(Br)c1,A5036a,openbind_a71ev2a_c1_scaffolds,A0719a,A4331a,,,,,,,,,,,,,,,,,,,,,,,,,
C1=CCN(c2ccc3c(c2)NCC3)C1,A5036a,openbind_a71ev2a_c1_scaffolds,A0719a,A4331a,,,,,,,,,,,,,,,,,,,,,,,,,
CCC(=O)N1CCC(C(=O)NC2CNCCc3ccccc32)C1,A5036a,openbind_a71ev2a_c1_scaffolds,A0719a,A4331a,,,,,,,,,,,,,,,,,,,,,,,,,
Cc1ccc(NC(=O)C(C#N)C2CCNCC2)cn1,A5036a,openbind_a71ev2a_c1_scaffolds,A0719a,A4331a,,,,,,,,,,,,,,,,,,,,,,,,,
c1cc2c(c(N3CCCC3)c1)CCN2,A5036a,openbind_a71ev2a_c1_scaffolds,A3623a,A4333a,,,,,,,,,,,,,,,,,,,,,,,,,
CN(CC(=O)NC1CC(CCNC(=O)C2CCC(=O)N2)C1)C(N)=O,A5036a,openbind_a71ev2a_c1_scaffolds,A1779a,A3616b,,,,,,,,,,,,,,,,,,,,,,,,,
CC(C)CC(=O)NCC(C)NC(=O)c1ccc2nncn2c1,A5036a,openbind_a71ev2a_c1_scaffolds,A1779a,A4365a,,,,,,,,,,,,,,,,,,,,,,,,,
O=C1CCC(C(=O)NCc2ccc(N3CCCC3)nc2)=NN1,A5036a,openbind_a71ev2a_c1_scaffolds,A0719a,A5091a,,,,,,,,,,,,,,,,,,,,,,,,,
O=C(Nc1ncc(C2CCCCN2)cn1)C1Cc2ccccc2N1,A5036a,openbind_a71ev2a_c1_scaffolds,A0719a,A5091a,,,,,,,,,,,,,,,,,,,,,,,,,
CCCS(=O)(=O)NC1CCC(=O)NC1C1CCNCC1,A5036a,openbind_a71ev2a_c1_scaffolds,A0556a,A4586a,,,,,,,,,,,,,,,,,,,,,,,,,
COCCN1CCC(NC(=O)c2ccnc3c2CC(=O)N3)CC1,A5036a,openbind_a71ev2a_c1_scaffolds,A0719a,A4374a,,,,,,,,,,,,,,,,,,,,,,,,,
CC1(COc2ccc3c(c2)CCCN3)CCCCN1,A5036a,openbind_a71ev2a_c1_scaffolds,A1775a,A4877b,,,,,,,,,,,,,,,,,,,,,,,,,
CC(NC(=O)C(=O)NCCc1ccc2ncsc2c1)C1CCC1,A5036a,openbind_a71ev2a_c1_scaffolds,A0486a,A0528a,,,,,,,,,,,,,,,,,,,,,,,,,
O=C1CCCCC(c2ccncc2)C1,A5036a,openbind_a71ev2a_c1_scaffolds,A0556a,A3485a,,,,,,,,,,,,,,,,,,,,,,,,,
COCC1(C(=O)NCCN(C)C(=O)c2cnc[nH]2)CCOCC1,A5036a,openbind_a71ev2a_c1_scaffolds,A0556a,A4445b,,,,,,,,,,,,,,,,,,,,,,,,,
CN(CCNC(=O)Cn1cccn1)C(=O)c1cccnc1,A3977b,openbind_a71ev2a_c1_scaffolds,A0719a,A0926a,,,,,,,,,,,,,,,,,,,,,,,,,
O=C(NCc1cnc[nH]1)c1ccc2[nH]ncc2c1,A3977b,openbind_a71ev2a_c1_scaffolds,A0719a,A0926a,,,,,,,,,,,,,,,,,,,,,,,,,
CCC(C)C(=O)N1CCC(C(C)NC(=O)Cc2ccn[nH]2)CC1,A3977b,openbind_a71ev2a_c1_scaffolds,A0351b,A4415a,,,,,,,,,,,,,,,,,,,,,,,,,
CC(S)C(=O)N1CC=CCC1,A3977b,openbind_a71ev2a_c1_scaffolds,A2629a,A5079b,,,,,,,,,,,,,,,,,,,,,,,,,
C1CNCC(C2CNC2)C1,A3977b,openbind_a71ev2a_c1_scaffolds,A2629a,A5079b,,,,,,,,,,,,,,,,,,,,,,,,,
CCC(C)NC(=O)CN1CCN(C(=O)C2CCNCC2)CC1,A3977b,openbind_a71ev2a_c1_scaffolds,A2629a,A5079b,,,,,,,,,,,,,,,,,,,,,,,,,
CCC(=O)N1C2CCC1CC(NC(=O)CC(C)C(C)C)C2,A3977b,openbind_a71ev2a_c1_scaffolds,A2629a,A5079b,,,,,,,,,,,,,,,,,,,,,,,,,
O=C1CCC(c2ccc(-c3ccc4c(c3)CCCN4)cc2)N1,A3977b,openbind_a71ev2a_c1_scaffolds,A0239a,A4305a,,,,,,,,,,,,,,,,,,,,,,,,,
O=C(OCc1ccc2cn[nH]c2c1)C1CC2(CC2)C1,A3977b,openbind_a71ev2a_c1_scaffolds,A1775a,A4032b,,,,,,,,,,,,,,,,,,,,,,,,,
Cc1nocc1C(=O)NC(CNC(=O)C1=CSCS1)C(C)(C)C,A3977b,openbind_a71ev2a_c1_scaffolds,A0719a,A4274b,,,,,,,,,,,,,,,,,,,,,,,,,
CC(CNC(=O)CC1CCCC(=O)N1)Nc1nc2ccccc2s1,A3977b,openbind_a71ev2a_c1_scaffolds,A0719a,A4274b,,,,,,,,,,,,,,,,,,,,,,,,,
C#CC(=O)NCC1CCCNC1,A3977b,openbind_a71ev2a_c1_scaffolds,A0395a,A5424b,,,,,,,,,,,,,,,,,,,,,,,,,
CC(CC(=O)NC1CCN(C(=O)CC2CSC2)C1)C(F)(F)F,A3977b,openbind_a71ev2a_c1_scaffolds,A1445a,A4032b,,,,,,,,,,,,,,,,,,,,,,,,,
CCC(C)CC(=O)N1CCCN(C(=O)CCc2c[nH]cn2)CC1,A3977b,openbind_a71ev2a_c1_scaffolds,A3623a,A4368a,,,,,,,,,,,,,,,,,,,,,,,,,
OC1CCCc2nnc(CC3CCSCC3)n21,A3977b,openbind_a71ev2a_c1_scaffolds,A3618a,A4237b,,,,,,,,,,,,,,,,,,,,,,,,,
CC(CNC(=O)CC1CCC(=O)N1)CNC(=O)c1nocc1Cl,A3977b,openbind_a71ev2a_c1_scaffolds,A1445a,A4365b,,,,,,,,,,,,,,,,,,,,,,,,,
O=C(NCc1ccc2c(c1)OCO2)c1ccc(N2CCOC2=O)cc1,A3977b,openbind_a71ev2a_c1_scaffolds,A3181b,A4350a,,,,,,,,,,,,,,,,,,,,,,,,,
CCOc1nc(C(=O)NC(CNC(=O)C(C)C)C2CCC2)co1,A3977b,openbind_a71ev2a_c1_scaffolds,A0719a,A5079b,,,,,,,,,,,,,,,,,,,,,,,,,
O=C1NCCCC1C1CCCC1,A3977b,openbind_a71ev2a_c1_scaffolds,A0556a,A4570a,,,,,,,,,,,,,,,,,,,,,,,,,
c1nc(C2CCNC2)co1,A3977b,openbind_a71ev2a_c1_scaffolds,A0556a,A4570a,,,,,,,,,,,,,,,,,,,,,,,,,
CN(C(=O)c1cccnc1)C(CNC(=O)Cc1cncnc1)C1CC1,A3977b,openbind_a71ev2a_c1_scaffolds,A0556a,A4570a,,,,,,,,,,,,,,,,,,,,,,,,,
CC(CNC(=O)c1cncnc1)NC(=O)C1CNC(=O)N1C,A3706b,openbind_a71ev2a_c1_scaffolds,A0719a,A0719b,A3509b,,,,,,,,,,,,,,,,,,,,,,,,
Cc1cc(COCC(=O)NCC(C)CNC(=O)c2ccncc2)on1,A3706b,openbind_a71ev2a_c1_scaffolds,A0719a,A3194a,,,,,,,,,,,,,,,,,,,,,,,,,
C=C1CCN(C(=O)CC)C1,A3706b,openbind_a71ev2a_c1_scaffolds,A0719a,A3194a,,,,,,,,,,,,,,,,,,,,,,,,,
CNCCC1CCCCN1C(=O)c1ccc2c(c1)NS(=O)(=O)C2,A3706b,openbind_a71ev2a_c1_scaffolds,A0719a,A3194a,,,,,,,,,,,,,,,,,,,,,,,,,
CN(C(=O)c1cc(-c2ccncc2)on1)C1CCCSC1,A3706b,openbind_a71ev2a_c1_scaffolds,A0719a,A3194a,,,,,,,,,,,,,,,,,,,,,,,,,
CC(NC(=O)CSC(F)(F)F)C(CO)NC(=O)C1CNC(=O)N1,A3706b,openbind_a71ev2a_c1_scaffolds,A0719a,A3194a,,,,,,,,,,,,,,,,,,,,,,,,,
CC(C)=CCOC1CCOCC1NC(=O)c1cn2cccnc2n1,A3706b,openbind_a71ev2a_c1_scaffolds,A0719a,A3194a,,,,,,,,,,,,,,,,,,,,,,,,,
c1cncc(C2CCCCCN2)c1,A3706b,openbind_a71ev2a_c1_scaffolds,A0719a,A3194a,,,,,,,,,,,,,,,,,,,,,,,,,
CCOc1ccc2nc(NC(=O)Cc3noc4ccccc34)sc2c1,A3706b,openbind_a71ev2a_c1_scaffolds,A0719a,A3194a,,,,,,,,,,,,,,,,,,,,,,,,,
C1CCc2oc(C3CCNCC3)nc2C1,A3706b,openbind_a71ev2a_c1_scaffolds,A0719a,A3194a,,,,,,,,,,,,,,,,,,,,,,,,,
CCCC(NC(=O)OC(C)(C)C)C1CCNC(=O)C1,A3706b,openbind_a71ev2a_c1_scaffolds,A0719a,A3194a,,,,,,,,,,,,,,,,,,,,,,,,,
CC(CC(=O)NC1CCN(C(=O)C2CCCC2)C1)C(F)(F)F,A3706b,openbind_a71ev2a_c1_scaffolds,A0719a,A3194a,,,,,,,,,,,,,,,,,,,,,,,,,
CC(CC(=O)NC1CCN(CCCC2CCC2)C1)C(F)(F)F,A3706b,openbind_a71ev2a_c1_scaffolds,A0719a,A3194a,,,,,,,,,,,,,,,,,,,,,,,,,
CCCS(=O)(=O)Nc1cccc(C(=O)N(C)Cc2ncon2)c1,A3706b,openbind_a71ev2a_c1_scaffolds,A0719a,A3417a,,,,,,,,,,,,,,,,,,,,,,,,,
CC(=O)N(C)CCC(=O)NC1(CN(C)C(=O)c2cncs2)CC1,A3706b,openbind_a71ev2a_c1_scaffolds,A0719a,A3417a,,,,,,,,,,,,,,,,,,,,,,,,,
CC(C)CC(NC(=O)NCC(=O)N1CCCCC1)C(C)(C)C,A3706b,openbind_a71ev2a_c1_scaffolds,A0719a,A3417a,,,,,,,,,,,,,,,,,,,,,,,,,
C1=CC(n2cccn2)CCC1,A3706b,openbind_a71ev2a_c1_scaffolds,A0351b,A3483a,,,,,,,,,,,,,,,,,,,,,,,,,
Cc1ccnc(NC(=O)NCC(C)N2CCc3ccccc3C2)c1,A3706b,openbind_a71ev2a_c1_scaffolds,A1775a,A3417a,,,,,,,,,,,,,,,,,,,,,,,,,
CCC(C)(C)CCC(=O)c1cn[nH]c1,A3706b,openbind_a71ev2a_c1_scaffolds,A1293a,A4874a,,,,,,,,,,,,,,,,,,,,,,,,,
CC(C)C(=O)NC(CNC(=O)c1ncoc1C(C)C)C1CCC1,A3706b,openbind_a71ev2a_c1_scaffolds,A0310a,A3222a,A4456a,A4873a,,,,,,,,,,,,,,,,,,,,,,,
CN(CC#N)C(=O)OCc1ccccn1,A3706b,openbind_a71ev2a_c1_scaffolds,A0556a,A3975a,,,,,,,,,,,,,,,,,,,,,,,,,
C=C1CCN(C(=O)C(C)S)CC1,A3706b,openbind_a71ev2a_c1_scaffolds,A0556a,A3975a,,,,,,,,,,,,,,,,,,,,,,,,,
CCCN(C(=O)Nc1cc(C)ccn1)C1CCc2ccccc2C1,A3706b,openbind_a71ev2a_c1_scaffolds,A1779a,A4461a,,,,,,,,,,,,,,,,,,,,,,,,,
CC(C)(C)C(=O)CCC1CCCNC1,A3706b,openbind_a71ev2a_c1_scaffolds,A0514b,A4715a,,,,,,,,,,,,,,,,,,,,,,,,,
CCCC(CNN1CCCCC1)OC,A3706b,openbind_a71ev2a_c1_scaffolds,A0395a,A5424a,,,,,,,,,,,,,,,,,,,,,,,,,
CC(C(=O)NO)C1CCC1,A3706b,openbind_a71ev2a_c1_scaffolds,A0719a,A3186a,,,,,,,,,,,,,,,,,,,,,,,,,
O=C1CC(C(=O)N2CCCCC2c2ncc[nH]2)CC(=O)N1,A3706b,openbind_a71ev2a_c1_scaffolds,A0719a,A3186a,,,,,,,,,,,,,,,,,,,,,,,,,
c1ccc(N2CCC3CC3C2)nc1,A3706b,openbind_a71ev2a_c1_scaffolds,A0719a,A3186a,,,,,,,,,,,,,,,,,,,,,,,,,
CC(NC(=O)CC1CCCc2ccccc21)C1CCN(C)CC1,A3706b,openbind_a71ev2a_c1_scaffolds,A4298a,A1445a,,,,,,,,,,,,,,,,,,,,,,,,,
c1ccc(-c2nnc(NCc3ccc4cccnc4c3)s2)nc1,A3706b,openbind_a71ev2a_c1_scaffolds,A1775a,A4421a,,,,,,,,,,,,,,,,,,,,,,,,,
CCNC(=O)C(C)NC(=O)c1ccc(C(=O)N(CC)CC)cc1,A3706b,openbind_a71ev2a_c1_scaffolds,A3564a,A4708a,,,,,,,,,,,,,,,,,,,,,,,,,
CC(=O)NC(C)C1CCN(C(=O)NCC23CC(CO2)C3)CC1,A3706b,openbind_a71ev2a_c1_scaffolds,A1445a,A3694a,,,,,,,,,,,,,,,,,,,,,,,,,
c1ncc(C2CCNCC2)s1,A3706b,openbind_a71ev2a_c1_scaffolds,A2629a,A4526a,,,,,,,,,,,,,,,,,,,,,,,,,
CS(C)(=O)=NCC(=O)N1CC(CNC(=O)CCn2cccn2)C1,A3706b,openbind_a71ev2a_c1_scaffolds,A0719a,A5036a,,,,,,,,,,,,,,,,,,,,,,,,,
CC(CC(F)(F)F)NC(=O)C(F)(F)c1ccncc1,A3706b,openbind_a71ev2a_c1_scaffolds,A0719a,A5036a,,,,,,,,,,,,,,,,,,,,,,,,,
O=C(c1cccc2c1CCCN2)N1CCCC(c2ccncc2)C1,A3706b,openbind_a71ev2a_c1_scaffolds,A3616b,A3623a,,,,,,,,,,,,,,,,,,,,,,,,,
CC(C)C(O)C(=O)NC1CCN(C(=O)c2cn3cccnc3n2)CC1,A3706b,openbind_a71ev2a_c1_scaffolds,A3616b,A3623a,,,,,,,,,,,,,,,,,,,,,,,,,
CC(=O)N(C)CCC(=O)NC1(CN(C)C(=O)C(C)C(F)F)CC1,A3706b,openbind_a71ev2a_c1_scaffolds,A3623a,A4311a,,,,,,,,,,,,,,,,,,,,,,,,,
CC(CC(=O)NC1CCN(C(=O)c2cocn2)C1)C(F)(F)F,A3706b,openbind_a71ev2a_c1_scaffolds,A2629a,A5079a,,,,,,,,,,,,,,,,,,,,,,,,,
O=C(Cc1nsc2ccccc12)N1CCOCC1c1nc2ccccc2s1,A3706b,openbind_a71ev2a_c1_scaffolds,A2629a,A5079a,,,,,,,,,,,,,,,,,,,,,,,,,
C=C1CCCN(c2ccccn2)C1,A4526a,openbind_a71ev2a_c1_scaffolds,A1445a,A4994a,,,,,,,,,,,,,,,,,,,,,,,,,
CCOC(=O)N1CCC(C(C)NC(=O)CC2=CCNCC2)CC1,A4526a,openbind_a71ev2a_c1_scaffolds,A1779a,A4274b,,,,,,,,,,,,,,,,,,,,,,,,,
COC(CN(C)c1cccc2nncn12)C(C)C,A4526a,openbind_a71ev2a_c1_scaffolds,A2304a,A4707a,,,,,,,,,,,,,,,,,,,,,,,,,
Cc1cccc(=O)n1CCCCNCc1cnc[nH]1,A0469a,openbind_a71ev2a_c1_scaffolds,A0719a,A3306a,,,,,,,,,,,,,,,,,,,,,,,,,
CC(Sc1ccc(Cl)cc1)C(=O)N1CCCNCC1,A0469a,openbind_a71ev2a_c1_scaffolds,A1445a,A4742b,,,,,,,,,,,,,,,,,,,,,,,,,
CC(C)(C)CCN1CCN(CCC(=O)N2CCNCC2)CC1,A0469a,openbind_a71ev2a_c1_scaffolds,A1445a,A4742b,,,,,,,,,,,,,,,,,,,,,,,,,
CC(C(=O)Nc1ccc2nnc(C3CCC3)n2c1)n1cccc1,A0469a,openbind_a71ev2a_c1_scaffolds,A0486a,A4836a,,,,,,,,,,,,,,,,,,,,,,,,,
CNS(=O)(=O)CC(=O)N1CCC(NCCN2CCNC2=O)C1,A0469a,openbind_a71ev2a_c1_scaffolds,A0556a,A5079b,,,,,,,,,,,,,,,,,,,,,,,,,
N#CCS(=O)(=O)NCc1cncs1,A0469a,openbind_a71ev2a_c1_scaffolds,A2513a,A3858a,,,,,,,,,,,,,,,,,,,,,,,,,
c1cc(C2CCN2)n[nH]1,A0469a,openbind_a71ev2a_c1_scaffolds,A2513a,A3858a,,,,,,,,,,,,,,,,,,,,,,,,,
CCCC(C(=O)NC1CCNCC1)C(C)C,A0469a,openbind_a71ev2a_c1_scaffolds,A2513a,A3858a,,,,,,,,,,,,,,,,,,,,,,,,,
O=C(CCN1CCC2C(C1)OCc1cnnn12)N1CCCc2ccccc21,A4029a,openbind_a71ev2a_c1_scaffolds,A0719a,A4032a,,,,,,,,,,,,,,,,,,,,,,,,,
O=CCCN1C(=O)C(=O)c2ccccc21,A4029a,openbind_a71ev2a_c1_scaffolds,A0719a,A4032a,,,,,,,,,,,,,,,,,,,,,,,,,
CC(Sc1nnc(N2CCOCC2)s1)C(=O)C1CCCCC1,A4029a,openbind_a71ev2a_c1_scaffolds,A0719a,A4032a,,,,,,,,,,,,,,,,,,,,,,,,,
CCOC(=O)NC1CCCN(C(=O)CCc2c[nH]cn2)C1,A4029a,openbind_a71ev2a_c1_scaffolds,A0719a,A4032a,,,,,,,,,,,,,,,,,,,,,,,,,
COc1ccc(-c2ccc3c(c2)NC(=O)COC3)nc1,A4029a,openbind_a71ev2a_c1_scaffolds,A0239a,A3207a,A3616a,A3982a,A4032a,A4274a,A4855a,,,,,,,,,,,,,,,,,,,,
CCN(C(=O)c1ccn(C)n1)C(C)CNC(=O)Cc1cnc[nH]1,A4029a,openbind_a71ev2a_c1_scaffolds,A1778a,A3546a,,,,,,,,,,,,,,,,,,,,,,,,,
O=S(=O)(c1ccc2scnc2c1)N1CCN(c2cn[nH]c2)CC1,A4029a,openbind_a71ev2a_c1_scaffolds,A0556a,A5427a,,,,,,,,,,,,,,,,,,,,,,,,,
CCCC(=O)Nc1ccc(C(=O)NC(C)COC)cc1,A4029a,openbind_a71ev2a_c1_scaffolds,A1778a,A3975a,,,,,,,,,,,,,,,,,,,,,,,,,
NC(c1ccc2nncn2c1)c1ncc[nH]1,A4029a,openbind_a71ev2a_c1_scaffolds,A3623a,A4526a,,,,,,,,,,,,,,,,,,,,,,,,,
CCC(C)C(=O)NCC(=O)N1CCCC(CNC(=O)c2cn[nH]c2)C1,A4029a,openbind_a71ev2a_c1_scaffolds,A3623a,A4526a,,,,,,,,,,,,,,,,,,,,,,,,,
c1cc(C2CCCCN2)ccn1,A4029a,openbind_a71ev2a_c1_scaffolds,A1778a,A2629a,,,,,,,,,,,,,,,,,,,,,,,,,
c1cc2c(c(N3CCCCCCC3)c1)NCCC2,A4029a,openbind_a71ev2a_c1_scaffolds,A1080a,A4308a,,,,,,,,,,,,,,,,,,,,,,,,,
c1nc(C2CCCCN2)co1,A4029a,openbind_a71ev2a_c1_scaffolds,A0719a,A3435a,,,,,,,,,,,,,,,,,,,,,,,,,
O=C(C1CCC(=C(F)F)CC1)N1CCCC1c1cn[nH]c1,A4029a,openbind_a71ev2a_c1_scaffolds,A3623a,A4707a,,,,,,,,,,,,,,,,,,,,,,,,,
O=C(NCc1ccc2c(c1)CCCN2)NCC1CCCNC1,A4029a,openbind_a71ev2a_c1_scaffolds,A1445a,A4712a,,,,,,,,,,,,,,,,,,,,,,,,,
c1cc(C2CCCN2)[nH]n1,A4029a,openbind_a71ev2a_c1_scaffolds,A1775a,A2513a,,,,,,,,,,,,,,,,,,,,,,,,,
C=CCCCCC(C)NC(=O)C(=O)N(C)C1CCC(=O)NC1,A4029a,openbind_a71ev2a_c1_scaffolds,A1775a,A2513a,,,,,,,,,,,,,,,,,,,,,,,,,
COCc1cccc2c1NC(=O)C2=O,A4029a,openbind_a71ev2a_c1_scaffolds,A1775a,A2513a,,,,,,,,,,,,,,,,,,,,,,,,,
O=C(CCNc1nc2ccccc2s1)N1CCN(c2ccccn2)CC1,A4029a,openbind_a71ev2a_c1_scaffolds,A0719a,A4706a,,,,,,,,,,,,,,,,,,,,,,,,,
CC(NC(C(C)C)C1CCC1)c1cccc2cn[nH]c12,A4029a,openbind_a71ev2a_c1_scaffolds,A0719a,A4706a,,,,,,,,,,,,,,,,,,,,,,,,,
CC(NC(=O)N1CC2CCC2C1)c1cnccn1,A4029a,openbind_a71ev2a_c1_scaffolds,A0719a,A4706a,,,,,,,,,,,,,,,,,,,,,,,,,
c1ccc(C2CNCCS2)nc1,A4029a,openbind_a71ev2a_c1_scaffolds,A2629a,A3938a,,,,,,,,,,,,,,,,,,,,,,,,,
CCn1cccc(CNC(=O)Nc2cn3cccnc3n2)c1=O,A4029a,openbind_a71ev2a_c1_scaffolds,A0556a,A3618a,,,,,,,,,,,,,,,,,,,,,,,,,
CC(=O)NCCC1CCCN(C(=O)CCC2CC2)C1,A4029a,openbind_a71ev2a_c1_scaffolds,A1779a,A4336a,,,,,,,,,,,,,,,,,,,,,,,,,
CC(NC(=O)c1cnnc2ccccc12)C1CCCN(C(=O)C(F)F)C1,A1445a,openbind_a71ev2a_c1_scaffolds,A1445a,A4321a,,,,,,,,,,,,,,,,,,,,,,,,,
O=C(CCCF)NCC(CO)NC(=O)c1ncccn1,A1445a,openbind_a71ev2a_c1_scaffolds,A1445a,A4321a,,,,,,,,,,,,,,,,,,,,,,,,,
N#CCC(=O)NC1(CNC(=O)CCC2CCC(=O)N2)CC1,A1445a,openbind_a71ev2a_c1_scaffolds,A1775a,A3685a,,,,,,,,,,,,,,,,,,,,,,,,,
CC(NC(=O)CC1NCc2ccccc21)C1CCNCC1,A1445a,openbind_a71ev2a_c1_scaffolds,A3510a,A3623a,,,,,,,,,,,,,,,,,,,,,,,,,
CCCCN(CCCC)C(=O)CC(C)C1CCCNC1,A1445a,openbind_a71ev2a_c1_scaffolds,A1778a,A4873b,,,,,,,,,,,,,,,,,,,,,,,,,
c1ccc(-c2nnc(N3CCCC3c3ncc[nH]3)s2)nc1,A1445a,openbind_a71ev2a_c1_scaffolds,A4320a,A4237b,,,,,,,,,,,,,,,,,,,,,,,,,
CC=C1CCN(C2CCCNC2)C1,A1445a,openbind_a71ev2a_c1_scaffolds,A4320a,A4237b,,,,,,,,,,,,,,,,,,,,,,,,,
CC(CNc1ncncc1Cl)NC(=O)c1cccc2cn[nH]c12,A1445a,openbind_a71ev2a_c1_scaffolds,A4320a,A4237b,,,,,,,,,,,,,,,,,,,,,,,,,
CCCC(C)CC(=O)NCc1cccc2c1OCO2,A1445a,openbind_a71ev2a_c1_scaffolds,A2629a,A3201a,,,,,,,,,,,,,,,,,,,,,,,,,
CC(C)(C(=O)O)n1cc(NC(=O)COC2CCCC2)cn1,A1445a,openbind_a71ev2a_c1_scaffolds,A4298a,A1775a,,,,,,,,,,,,,,,,,,,,,,,,,
CCC(NS(=O)(=O)CCCCCC(=O)OC)c1ccncc1,A1445a,openbind_a71ev2a_c1_scaffolds,A0719a,A3920a,,,,,,,,,,,,,,,,,,,,,,,,,
c1cc2c(c(N3CCCC3)c1)CCNC2,A1445a,openbind_a71ev2a_c1_scaffolds,A0719a,A3920a,,,,,,,,,,,,,,,,,,,,,,,,,
N#CCCNS(=O)(=O)c1cccnc1,A1445a,openbind_a71ev2a_c1_scaffolds,A0719a,A3920a,,,,,,,,,,,,,,,,,,,,,,,,,
CC(CC(=O)Nc1cc(Br)ccc1N1CCCC1)C(F)(F)F,A1445a,openbind_a71ev2a_c1_scaffolds,A0719a,A3920a,,,,,,,,,,,,,,,,,,,,,,,,,
CCCCC(CC)CNC(=O)C(F)C1CCNCC1,A1445a,openbind_a71ev2a_c1_scaffolds,A0719a,A3920a,,,,,,,,,,,,,,,,,,,,,,,,,
C#CC1CCCN1C(=O)c1ccc2c(c1)CCCCN2,A1445a,openbind_a71ev2a_c1_scaffolds,A0719a,A3920a,,,,,,,,,,,,,,,,,,,,,,,,,
CC(C)C(NC(=O)CC1CCCCN1)c1nnc2ccccn12,A1445a,openbind_a71ev2a_c1_scaffolds,A0719a,A3920a,,,,,,,,,,,,,,,,,,,,,,,,,
CN(CC1CCC(=O)N1)C(=O)c1cnc2cccnn12,A1445a,openbind_a71ev2a_c1_scaffolds,A0719a,A3920a,,,,,,,,,,,,,,,,,,,,,,,,,
C1CNCC(N2CCCC2)C1,A1445a,openbind_a71ev2a_c1_scaffolds,A0719a,A3920a,,,,,,,,,,,,,,,,,,,,,,,,,
c1cc2c(cc1-c1nc(C3CCCN3)no1)CCCN2,A1445a,openbind_a71ev2a_c1_scaffolds,A1778a,A4306a,,,,,,,,,,,,,,,,,,,,,,,,,
CCC(Cl)C(=O)NCC1CCC(=O)N1,A5079a,openbind_a71ev2a_c1_scaffolds,A1778a,A5079a,,,,,,,,,,,,,,,,,,,,,,,,,
CSCC(=O)N1CC(NC(=O)CC(C)C(F)(F)F)CC12CCC2,A5079a,openbind_a71ev2a_c1_scaffolds,A1778a,A5079a,,,,,,,,,,,,,,,,,,,,,,,,,
CCCS(=O)(=O)NC1CCN(C(=O)CCC2CCCN2)CC1,A5079a,openbind_a71ev2a_c1_scaffolds,A0395a,A4586a,,,,,,,,,,,,,,,,,,,,,,,,,
CC(C(=O)NO)C1CCCCC1,A5079a,openbind_a71ev2a_c1_scaffolds,A1779a,A4563a,,,,,,,,,,,,,,,,,,,,,,,,,
CC(Sc1ccccn1)C(=O)N1CCOCC2(CC2)C1,A5079a,openbind_a71ev2a_c1_scaffolds,A3623a,A4035a,,,,,,,,,,,,,,,,,,,,,,,,,
NCc1nc[nH]c1C(=O)Nc1cccc2cn[nH]c12,A5079a,openbind_a71ev2a_c1_scaffolds,A0719a,A4351a,,,,,,,,,,,,,,,,,,,,,,,,,
C1=C(c2ccccn2)CNCC1,A5079a,openbind_a71ev2a_c1_scaffolds,A0719a,A4351a,,,,,,,,,,,,,,,,,,,,,,,,,
O=C(CNC(=O)C1CCCN1)Nc1cnc2cccnn12,A5079a,openbind_a71ev2a_c1_scaffolds,A1445a,A1778a,,,,,,,,,,,,,,,,,,,,,,,,,
COCc1nnc(SC(C)C(=O)N2CCCCC2)s1,A5079a,openbind_a71ev2a_c1_scaffolds,A0719a,A3612a,,,,,,,,,,,,,,,,,,,,,,,,,
C1CCN(C23CNCC2C3)CC1,A5079a,openbind_a71ev2a_c1_scaffolds,A0719a,A3612a,,,,,,,,,,,,,,,,,,,,,,,,,
CC(=O)N(C)CCC(=O)NC1CCCCN(C(=O)C2COC2)C1,A5079a,openbind_a71ev2a_c1_scaffolds,A1775a,A3895a,,,,,,,,,,,,,,,,,,,,,,,,,
CC(CC(=O)NC1CCN(C(=O)C2=CCCC2)C1)C(F)(F)F,A5079a,openbind_a71ev2a_c1_scaffolds,A0719a,A3869a,,,,,,,,,,,,,,,,,,,,,,,,,
CCCS(=O)(=O)NC12CCC(CC1)C2,A5079a,openbind_a71ev2a_c1_scaffolds,A1778a,A4751a,,,,,,,,,,,,,,,,,,,,,,,,,
CC(NC(=O)CC1CCCCN1)C1CCNCC1,A5079a,openbind_a71ev2a_c1_scaffolds,A1778a,A3181b,A4751a,,,,,,,,,,,,,,,,,,,,,,,,
CC(C(=O)NOC1CCCC1)C1CNC1,A5079a,openbind_a71ev2a_c1_scaffolds,A1779a,A4331a,,,,,,,,,,,,,,,,,,,,,,,,,
CCSCC(=O)N1CCC(C(C)NC(=O)Cc2cn[nH]c2)CC1,A5079a,openbind_a71ev2a_c1_scaffolds,A1779a,A4331a,,,,,,,,,,,,,,,,,,,,,,,,,
CC(CO)C(=O)N1CCCC1CNC(=O)Cc1n[nH]c(=O)s1,A5079a,openbind_a71ev2a_c1_scaffolds,A1779a,A4331a,,,,,,,,,,,,,,,,,,,,,,,,,
CC(CC(=O)NC(C)(C)CCN1CCCC1)C(F)(F)C(F)(F)F,A5079a,openbind_a71ev2a_c1_scaffolds,A1779a,A4331a,,,,,,,,,,,,,,,,,,,,,,,,,
C1CNCC(N2CCC3(CC3)C2)C1,A5079a,openbind_a71ev2a_c1_scaffolds,A1779a,A4331a,,,,,,,,,,,,,,,,,,,,,,,,,
O=c1cccc(C2CCCCCN2)[nH]1,A5079a,openbind_a71ev2a_c1_scaffolds,A1779a,A4331a,,,,,,,,,,,,,,,,,,,,,,,,,
CC(NCc1ncccn1)c1cnc2ccsc2c1,A4746a,openbind_a71ev2a_c1_scaffolds,A0556a,A4012a,,,,,,,,,,,,,,,,,,,,,,,,,
CCC(C)NC(=O)CN1CCN(C(=O)NC2CCNCC2)CC1,A4746a,openbind_a71ev2a_c1_scaffolds,A1068a,A3480a,,,,,,,,,,,,,,,,,,,,,,,,,
CN(C(=O)C(C)(C)CC(C)(C)C)C1CCC(=O)NC1,A4746a,openbind_a71ev2a_c1_scaffolds,A2629a,A3054a,,,,,,,,,,,,,,,,,,,,,,,,,
O=C(Nc1ccc2c(c1)CCCN2)C(F)(F)c1ccncc1,A4746a,openbind_a71ev2a_c1_scaffolds,A0497a,A1140a,,,,,,,,,,,,,,,,,,,,,,,,,
COC(C(=O)N1CCC(S(=O)(=O)C(C)C)C1)C1CCNCC1,A4746a,openbind_a71ev2a_c1_scaffolds,A3436a,A4445b,,,,,,,,,,,,,,,,,,,,,,,,,
CC(C)(C)CC(NC(=O)c1ccccn1)C(F)(F)F,A4746a,openbind_a71ev2a_c1_scaffolds,A3181b,A3371a,A3568a,,,,,,,,,,,,,,,,,,,,,,,,
COCCN1CCC(CNC(=O)c2ccnc3c2CC(=O)N3)CC1,A4746a,openbind_a71ev2a_c1_scaffolds,A3181b,A3371a,A3568a,,,,,,,,,,,,,,,,,,,,,,,,
CCSCC1CCN(C(=O)c2ccc3c(c2)CCCCN3)CC1,A4746a,openbind_a71ev2a_c1_scaffolds,A0351b,A1140a,,,,,,,,,,,,,,,,,,,,,,,,,
CC(=O)NC(C)(C(=O)N1CCC(c2c[nH]c3ccccc23)CC1)C(C)C,A4746a,openbind_a71ev2a_c1_scaffolds,A3623a,A4214b,,,,,,,,,,,,,,,,,,,,,,,,,
O=C(Cc1ccc2ncsc2c1)N1CCN(C2CCC2)CC1,A4746a,openbind_a71ev2a_c1_scaffolds,A1776a,A4237b,,,,,,,,,,,,,,,,,,,,,,,,,
CC(=O)NCC12CCC(CC1)N2,A4746a,openbind_a71ev2a_c1_scaffolds,A1779a,A4715a,,,,,,,,,,,,,,,,,,,,,,,,,
CN(Cc1nnc2ccccn12)C(=O)NCc1cncs1,A4746a,openbind_a71ev2a_c1_scaffolds,A0486a,A3938a,,,,,,,,,,,,,,,,,,,,,,,,,
CC(=O)C1CCN(C(=O)COC2CCCc3ccccc32)C1,A4746a,openbind_a71ev2a_c1_scaffolds,A1775a,A3618a,,,,,,,,,,,,,,,,,,,,,,,,,
CC(C1CC1)N(C(=O)c1cccc2cc[nH]c12)C1CC1,A4746a,openbind_a71ev2a_c1_scaffolds,A1445a,A5425b,,,,,,,,,,,,,,,,,,,,,,,,,
CC(=O)NC1CC2CCC(C1)N2C(=O)CCc1ccc(=O)[nH]c1,A4746a,openbind_a71ev2a_c1_scaffolds,A1775a,A4706a,,,,,,,,,,,,,,,,,,,,,,,,,
O=C1CCCN1CCC(=O)N1C2CCC1CC(F)C2,A4746a,openbind_a71ev2a_c1_scaffolds,A1779a,A3579a,,,,,,,,,,,,,,,,,,,,,,,,,
COCCn1cc(C(=O)N(C)CC2CCNCC2)ccc1=O,A4746a,openbind_a71ev2a_c1_scaffolds,A0556a,A2629a,A3548a,,,,,,,,,,,,,,,,,,,,,,,,
CC(C)SC(C)C(=O)NCCC1COCCN1C(=O)CCC1CC1,A4746a,openbind_a71ev2a_c1_scaffolds,A3194a,A3568a,,,,,,,,,,,,,,,,,,,,,,,,,
CCC(=O)N1CCCC(C(=O)NNC(=O)c2ccccn2)C1,A1778a,openbind_a71ev2a_c1_scaffolds,A0556a,A4311a,,,,,,,,,,,,,,,,,,,,,,,,,
CNC(=O)c1cc(NCc2cccc3c2CCCN3)ccn1,A1778a,openbind_a71ev2a_c1_scaffolds,A0556a,A4311a,,,,,,,,,,,,,,,,,,,,,,,,,
CCCCC(C)NC(=O)C(CC(C)C)N1CCCCC1=O,A1778a,openbind_a71ev2a_c1_scaffolds,A0556a,A4311a,,,,,,,,,,,,,,,,,,,,,,,,,
CC(CCl)C(=O)N(C)C1CCNC1=O,A1778a,openbind_a71ev2a_c1_scaffolds,A2629a,A4322a,,,,,,,,,,,,,,,,,,,,,,,,,
c1cc2c(cc1C1CCCNC1)SCCN2,A1778a,openbind_a71ev2a_c1_scaffolds,A2629a,A4322a,,,,,,,,,,,,,,,,,,,,,,,,,
c1cc2c(cc1-c1n[nH]cc1CNC1CCCCC1)OCO2,A1778a,openbind_a71ev2a_c1_scaffolds,A1445a,A3207a,,,,,,,,,,,,,,,,,,,,,,,,,
CCN(CCNC(=O)C1CNC(=O)N1)C(=O)CCc1cnoc1,A1778a,openbind_a71ev2a_c1_scaffolds,A0719a,A4461a,,,,,,,,,,,,,,,,,,,,,,,,,
CN1N=CC(CC(=O)OCC23CCCCN2CCCC3)C1=O,A1778a,openbind_a71ev2a_c1_scaffolds,A0719a,A4461a,,,,,,,,,,,,,,,,,,,,,,,,,
CCC(=O)C12CC1CCCN2,A1778a,openbind_a71ev2a_c1_scaffolds,A0719a,A4461a,,,,,,,,,,,,,,,,,,,,,,,,,
CC(NC(=O)Cc1ccn[nH]1)C1CCN(CC(F)(F)F)CC1,A1778a,openbind_a71ev2a_c1_scaffolds,A0719a,A4461a,,,,,,,,,,,,,,,,,,,,,,,,,
O=C(NC1CC(n2ccnc2)C1)c1cnc2ncccn12,A1778a,openbind_a71ev2a_c1_scaffolds,A0719a,A4461a,,,,,,,,,,,,,,,,,,,,,,,,,
CCC(NC(C)=O)C(=O)NCC1(CCNC(=O)c2ccncc2)CC1,A1778a,openbind_a71ev2a_c1_scaffolds,A2513a,A3975a,,,,,,,,,,,,,,,,,,,,,,,,,
O=C(COc1ccc(F)cn1)Nc1cn2cccnc2n1,A1778a,openbind_a71ev2a_c1_scaffolds,A0875a,A1775a,A4237a,,,,,,,,,,,,,,,,,,,,,,,,
CCN(C(=O)c1ccn(C)c(=O)c1)C(C)CNC(=O)c1ccccn1,A1778a,openbind_a71ev2a_c1_scaffolds,A0719a,A4421a,,,,,,,,,,,,,,,,,,,,,,,,,
COc1ccc(CCN(C)C(=O)C2CCCC(=O)N2)cn1,A1778a,openbind_a71ev2a_c1_scaffolds,A0719a,A4421a,,,,,,,,,,,,,,,,,,,,,,,,,
CC(C)(C)N1CCC(NC(=O)NNC(=O)c2cn[nH]c2)C1,A1778a,openbind_a71ev2a_c1_scaffolds,A0719a,A4421a,,,,,,,,,,,,,,,,,,,,,,,,,
COCCCC1CCCNC1,A1778a,openbind_a71ev2a_c1_scaffolds,A0719a,A4421a,,,,,,,,,,,,,,,,,,,,,,,,,
COC(C)(C)Cn1ccccc1=O,A1778a,openbind_a71ev2a_c1_scaffolds,A3371a,A4320a,,,,,,,,,,,,,,,,,,,,,,,,,
CCCCC(C(N)=O)N1CCC1CN(C)C(=O)Cn1cccn1,A1778a,openbind_a71ev2a_c1_scaffolds,A1775a,A4701a,,,,,,,,,,,,,,,,,,,,,,,,,
CNC(=O)C1CCCN1C(=O)C(C)Sc1ccccn1,A1778a,openbind_a71ev2a_c1_scaffolds,A1775a,A4701a,,,,,,,,,,,,,,,,,,,,,,,,,
COCc1nccc(NC(=O)c2cc3cccn3cn2)n1,A1778a,openbind_a71ev2a_c1_scaffolds,A0719a,A4321b,,,,,,,,,,,,,,,,,,,,,,,,,
c1ncc(C2CCCNC2)c2c1CCCC2,A1778a,openbind_a71ev2a_c1_scaffolds,A1779a,A3956a,,,,,,,,,,,,,,,,,,,,,,,,,
CCON(CC1CCCNC1)C(C)C,A1778a,openbind_a71ev2a_c1_scaffolds,A1779a,A3956a,,,,,,,,,,,,,,,,,,,,,,,,,
CC(C(=O)NOC1CCC1)N1CC(NC(=O)OC(C)(C)C)C1,A1778a,openbind_a71ev2a_c1_scaffolds,A0556a,A3956a,,,,,,,,,,,,,,,,,,,,,,,,,
CC(C=O)N1C2CCC1CC1(CC1)C2,A1778a,openbind_a71ev2a_c1_scaffolds,A3623a,A3694a,A4418a,,,,,,,,,,,,,,,,,,,,,,,,
CCCCC(C)NC(=O)C(=O)N(CC)C1CCNCC1,A1778a,openbind_a71ev2a_c1_scaffolds,A0719a,A3849a,,,,,,,,,,,,,,,,,,,,,,,,,
CCN(C)C(=O)CN(C)C1CCNCC1,A1778a,openbind_a71ev2a_c1_scaffolds,A0719a,A3849a,,,,,,,,,,,,,,,,,,,,,,,,,
C1CNC(C2CCSCC2)C1,A1778a,openbind_a71ev2a_c1_scaffolds,A0719a,A3849a,,,,,,,,,,,,,,,,,,,,,,,,,
C1CC(c2nc3n(n2)CCS3)CN1,A1778a,openbind_a71ev2a_c1_scaffolds,A0719a,A3849a,,,,,,,,,,,,,,,,,,,,,,,,,
CCCC(C(=O)NC1CCNC1)C(C)C,A1778a,openbind_a71ev2a_c1_scaffolds,A0719a,A3849a,,,,,,,,,,,,,,,,,,,,,,,,,
CC(C)(C#N)CN1C(=O)CN(CC(C)(C)c2ccccn2)C1=O,A1778a,openbind_a71ev2a_c1_scaffolds,A0719a,A3849a,,,,,,,,,,,,,,,,,,,,,,,,,
CC(C)CC(C(=O)NC1CNC(=O)C1)n1ccnc1,A1778a,openbind_a71ev2a_c1_scaffolds,A0719a,A3849a,,,,,,,,,,,,,,,,,,,,,,,,,
CC(Cc1ccccn1)NC(=O)c1ccc2c(c1)NS(=O)(=O)C2,A1778a,openbind_a71ev2a_c1_scaffolds,A0719a,A3849a,,,,,,,,,,,,,,,,,,,,,,,,,
CCC(=O)NC12CCC(CNC(=O)C3CNC(=O)N3)(CC1)OC2,A1778a,openbind_a71ev2a_c1_scaffolds,A0719a,A3849a,,,,,,,,,,,,,,,,,,,,,,,,,
CC(C)(C)N1CCC(NC(=O)NNC(=O)c2cn[nH]c2)CC1,A1778a,openbind_a71ev2a_c1_scaffolds,A0719a,A3849a,,,,,,,,,,,,,,,,,,,,,,,,,
CC(CNC(=O)Cc1cnns1)N(C)C(=O)CCc1ncccn1,A1778a,openbind_a71ev2a_c1_scaffolds,A0719a,A3849a,,,,,,,,,,,,,,,,,,,,,,,,,
c1coc(C2CCCCCN2)n1,A1778a,openbind_a71ev2a_c1_scaffolds,A0719a,A3849a,,,,,,,,,,,,,,,,,,,,,,,,,
CC(CNC(=O)c1ccncc1)NC(=O)CCn1ccccc1=O,A1778a,openbind_a71ev2a_c1_scaffolds,A0719a,A3849a,,,,,,,,,,,,,,,,,,,,,,,,,
CC(C)(C(=O)O)n1ccc(NC(=O)c2ccc3cccnc3c2)n1,A1778a,openbind_a71ev2a_c1_scaffolds,A0719a,A3849a,,,,,,,,,,,,,,,,,,,,,,,,,
c1ccc(-c2nnc(NC3CCc4ccccc4C3)s2)nc1,A1778a,openbind_a71ev2a_c1_scaffolds,A0719a,A3849a,,,,,,,,,,,,,,,,,,,,,,,,,
C=CC(CC)CC(=O)NCC1CCCCN1,A1778a,openbind_a71ev2a_c1_scaffolds,A1778a,A3557b,,,,,,,,,,,,,,,,,,,,,,,,,
CC(CC(=O)NC1(CNC(=O)C(O)C2CCC2)CC1)C(F)(F)F,A1778a,openbind_a71ev2a_c1_scaffolds,A1775a,A3942a,,,,,,,,,,,,,,,,,,,,,,,,,
c1c[nH]c(C2CCCN2)n1,A1778a,openbind_a71ev2a_c1_scaffolds,A0486a,A3612a,,,,,,,,,,,,,,,,,,,,,,,,,
CC(CNC(=O)C12CCCCN1CCC2)NC(=O)C1CNC(=O)N1,A1778a,openbind_a71ev2a_c1_scaffolds,A1775a,A4237a,,,,,,,,,,,,,,,,,,,,,,,,,
CCC(=O)N1CCCCC1CCNC(=O)c1ccc2c(c1)NCC2,A1778a,openbind_a71ev2a_c1_scaffolds,A4298a,A3623a,,,,,,,,,,,,,,,,,,,,,,,,,
CC(C(=O)N1CCC(OCCCN(C)C)CC1)C1CCC(=O)N1,A1778a,openbind_a71ev2a_c1_scaffolds,A2304a,A4786a,,,,,,,,,,,,,,,,,,,,,,,,,
c1ccc2c(c1)CC(C1CCCCN1)N2,A3564a,openbind_a71ev2a_c1_scaffolds,A1779a,A3557a,,,,,,,,,,,,,,,,,,,,,,,,,
N#CC1CCNCC1NC(=O)c1ccc2c(c1)NS(=O)(=O)C2,A3564a,openbind_a71ev2a_c1_scaffolds,A0719a,A3869a,,,,,,,,,,,,,,,,,,,,,,,,,
C=CCNC(=O)CC1CCNC1,A3564a,openbind_a71ev2a_c1_scaffolds,A0719a,A3869a,,,,,,,,,,,,,,,,,,,,,,,,,
O=CCCN1CCCC1,A3564a,openbind_a71ev2a_c1_scaffolds,A0719a,A3869a,,,,,,,,,,,,,,,,,,,,,,,,,
CCC(F)C(=O)NC(CNC(=O)c1nocc1C)C1CCC1,A3564a,openbind_a71ev2a_c1_scaffolds,A0719a,A3869a,,,,,,,,,,,,,,,,,,,,,,,,,
CC(CC(=O)NS(=O)(=O)c1ccccn1)C(F)(F)C(F)(F)F,A3564a,openbind_a71ev2a_c1_scaffolds,A0719a,A3869a,,,,,,,,,,,,,,,,,,,,,,,,,
CCCC(=O)Nc1cnn(CCN2CCCC2=O)c1,A3564a,openbind_a71ev2a_c1_scaffolds,A0719a,A3869a,,,,,,,,,,,,,,,,,,,,,,,,,
CC(CNC(=O)C(C)(C)C(F)(F)F)N(C)c1ncccn1,A3564a,openbind_a71ev2a_c1_scaffolds,A0719a,A3869a,,,,,,,,,,,,,,,,,,,,,,,,,
CCC(C)OCC1CCCCN1,A3564a,openbind_a71ev2a_c1_scaffolds,A0719a,A3869a,,,,,,,,,,,,,,,,,,,,,,,,,
OCCCNc1cc(NCc2ccccn2)ncn1,A3564a,openbind_a71ev2a_c1_scaffolds,A0719a,A3869a,,,,,,,,,,,,,,,,,,,,,,,,,
CC1CCc2ccccc2N1CCNC(=O)COC1CCOCC1,A3564a,openbind_a71ev2a_c1_scaffolds,A0586a,A0608a,,,,,,,,,,,,,,,,,,,,,,,,,
O=C1CC(C(=O)Nc2cccc(-c3c[nH]cn3)c2)CCN1,A3564a,openbind_a71ev2a_c1_scaffolds,A0351b,A3509a,,,,,,,,,,,,,,,,,,,,,,,,,
CCC(=O)N1C2CCC1CC(CCNC(=O)CCC(CC)CC)C2,A3564a,openbind_a71ev2a_c1_scaffolds,A3623a,A4031b,,,,,,,,,,,,,,,,,,,,,,,,,
CN(Cc1ccccc1N1CCCC1)CN1C(=O)C(=O)c2ccccc21,A3564a,openbind_a71ev2a_c1_scaffolds,A1445a,A4701a,,,,,,,,,,,,,,,,,,,,,,,,,
O=C(NCC1CC(n2cncn2)C1)C(F)=Cc1cnc[nH]1,A3564a,openbind_a71ev2a_c1_scaffolds,A0239a,A3229a,,,,,,,,,,,,,,,,,,,,,,,,,
O=C(NCC1CCN(C(=O)CO)C1)C1CCc2ccccc21,A3564a,openbind_a71ev2a_c1_scaffolds,A0719a,A3548a,,,,,,,,,,,,,,,,,,,,,,,,,
CC(Sc1ccccn1)C(=O)N1CCCC1COC(F)F,A3564a,openbind_a71ev2a_c1_scaffolds,A0719a,A3548a,,,,,,,,,,,,,,,,,,,,,,,,,
COCCN1CC(CNC(=O)NCC23CC(CCO2)C3)CC1=O,A3564a,openbind_a71ev2a_c1_scaffolds,A0719a,A3548a,,,,,,,,,,,,,,,,,,,,,,,,,
C#CC=C1CCCC1C1CCCCN1,A3564a,openbind_a71ev2a_c1_scaffolds,A0719a,A3548a,,,,,,,,,,,,,,,,,,,,,,,,,
c1ccc2c(c1)CC(C1CCCC1)N2,A3564a,openbind_a71ev2a_c1_scaffolds,A0719a,A3548a,,,,,,,,,,,,,,,,,,,,,,,,,
O=C1CSC(N2CCc3ccc(Br)cc32)=N1,A3564a,openbind_a71ev2a_c1_scaffolds,A0719a,A3548a,,,,,,,,,,,,,,,,,,,,,,,,,
CC(Sc1ccccn1)C(=O)N1CCCNCC1,A3564a,openbind_a71ev2a_c1_scaffolds,A0719a,A3548a,,,,,,,,,,,,,,,,,,,,,,,,,
CC(C=O)N1CCNCC1,A3564a,openbind_a71ev2a_c1_scaffolds,A0719a,A3548a,,,,,,,,,,,,,,,,,,,,,,,,,
CCSC(C(=O)N1CCC(CCNC(=O)c2cnc[nH]2)C1)C(C)C,A3564a,openbind_a71ev2a_c1_scaffolds,A1445a,A3616b,,,,,,,,,,,,,,,,,,,,,,,,,
C1CNC(C2CCC3CC3CC2)C1,A3564a,openbind_a71ev2a_c1_scaffolds,A1445a,A3616b,,,,,,,,,,,,,,,,,,,,,,,,,
CC(C)S(=O)(=O)C1CCN(C(=O)C(=O)N(C)C2CCCCNC2)C1,A3564a,openbind_a71ev2a_c1_scaffolds,A2513a,A4586a,,,,,,,,,,,,,,,,,,,,,,,,,
CC(C)CC(=O)C(C)(C)N1CCCCC1,A3564a,openbind_a71ev2a_c1_scaffolds,A0719a,A4994a,,,,,,,,,,,,,,,,,,,,,,,,,
CC(CO)(CO)NC(=O)Nc1ccccc1OC1CCCC1,A3564a,openbind_a71ev2a_c1_scaffolds,A0514b,A4463a,,,,,,,,,,,,,,,,,,,,,,,,,
CC(=O)NC(C)C1CCN(S(=O)(=O)c2cnc3n2CCC3)CC1,A3564a,openbind_a71ev2a_c1_scaffolds,A0719a,A3509b,,,,,,,,,,,,,,,,,,,,,,,,,
CC(C)ON=C(N)N1CCCC1,A3564a,openbind_a71ev2a_c1_scaffolds,A0719a,A3509b,,,,,,,,,,,,,,,,,,,,,,,,,
CCCC(OC)C(=O)NCC1CCN(C2CCc3ccccc32)CC1,A3564a,openbind_a71ev2a_c1_scaffolds,A0719a,A3509b,,,,,,,,,,,,,,,,,,,,,,,,,
O=C(CN1CCc2sccc2C1)NCCC1CCCN1C(=O)CO,A3564a,openbind_a71ev2a_c1_scaffolds,A0719a,A3509b,,,,,,,,,,,,,,,,,,,,,,,,,
CCCS(=O)(=O)NC1CC=CCC1,A3564a,openbind_a71ev2a_c1_scaffolds,A0719a,A3509b,,,,,,,,,,,,,,,,,,,,,,,,,
CSC=CC(=O)NN1CCCCC1,A3564a,openbind_a71ev2a_c1_scaffolds,A0719a,A3509b,,,,,,,,,,,,,,,,,,,,,,,,,
O=C1CNC(C2CCCNC2)=N1,A3564a,openbind_a71ev2a_c1_scaffolds,A3623a,A4650a,,,,,,,,,,,,,,,,,,,,,,,,,
CCN(CCNC(=O)c1ccncc1)C(=O)C1CCNC(=O)C1,A3564a,openbind_a71ev2a_c1_scaffolds,A0719a,A3895a,,,,,,,,,,,,,,,,,,,,,,,,,
O=Cc1ccc2c(c1)NC(=O)C2=O,A3564a,openbind_a71ev2a_c1_scaffolds,A0556a,A4509a,,,,,,,,,,,,,,,,,,,,,,,,,
O=CCCc1cnoc1,A3564a,openbind_a71ev2a_c1_scaffolds,A0556a,A4509a,,,,,,,,,,,,,,,,,,,,,,,,,
CC(CC(=O)NC1CCCCNCC1)C(F)(F)F,A3564a,openbind_a71ev2a_c1_scaffolds,A0556a,A4509a,,,,,,,,,,,,,,,,,,,,,,,,,
CCC(=O)c1ccccn1,A3564a,openbind_a71ev2a_c1_scaffolds,A2629a,A4445a,,,,,,,,,,,,,,,,,,,,,,,,,
CSc1nnc(SC(C)C(=O)N2CCNCC2)s1,A3564a,openbind_a71ev2a_c1_scaffolds,A2629a,A4445a,,,,,,,,,,,,,,,,,,,,,,,,,
O=C(Cc1ccc2[nH]ncc2c1)NCC(CO)NC(=O)C1CCCC1,A1779a,openbind_a71ev2a_c1_scaffolds,A0556a,A4846a,,,,,,,,,,,,,,,,,,,,,,,,,
CC(CC(C)(F)C1CCNC1)C(C)(C)C,A1779a,openbind_a71ev2a_c1_scaffolds,A0719a,A3207a,,,,,,,,,,,,,,,,,,,,,,,,,
CCC(=O)N1C2CCC1CC(CNC(=O)CC(C)CC)C2,A1779a,openbind_a71ev2a_c1_scaffolds,A0719a,A3207a,,,,,,,,,,,,,,,,,,,,,,,,,
CC(NC(=O)C1CNC(=O)N1)C(C)(C)NC(=O)c1cc[nH]n1,A1779a,openbind_a71ev2a_c1_scaffolds,A0719a,A3207a,,,,,,,,,,,,,,,,,,,,,,,,,
CCNC(=O)C1CCC(n2cc(CCNC(C)=O)nn2)CC1,A1779a,openbind_a71ev2a_c1_scaffolds,A0719a,A3207a,,,,,,,,,,,,,,,,,,,,,,,,,
CC(=O)N1CCN(C(=O)NCCc2cscn2)CC12CCCCC2,A1779a,openbind_a71ev2a_c1_scaffolds,A1775a,A3371a,,,,,,,,,,,,,,,,,,,,,,,,,
CCC(CCCC(F)(F)F)NC(=O)CC1CCCNC1,A1779a,openbind_a71ev2a_c1_scaffolds,A0719a,A4308a,,,,,,,,,,,,,,,,,,,,,,,,,
CC(CC1CCNCC1)NC(=O)CC(C)C(C)C,A1779a,openbind_a71ev2a_c1_scaffolds,A3564a,A4846a,,,,,,,,,,,,,,,,,,,,,,,,,
O=C1CCOC1c1ccncc1,A1779a,openbind_a71ev2a_c1_scaffolds,A3564a,A4846a,,,,,,,,,,,,,,,,,,,,,,,,,
CC(C)(C)SCCCNC(=O)N1CCCC1,A1779a,openbind_a71ev2a_c1_scaffolds,A3564a,A3986b,A4650a,A4846a,,,,,,,,,,,,,,,,,,,,,,,
CC(NC(=O)C1CC(S(C)(=N)=O)C1)C1CC1,A1779a,openbind_a71ev2a_c1_scaffolds,A1445a,A4650a,,,,,,,,,,,,,,,,,,,,,,,,,
CC(Sc1nnc(SCC(N)=O)s1)C(=O)N1CCOCC1,A1779a,openbind_a71ev2a_c1_scaffolds,A0354a,A0717a,,,,,,,,,,,,,,,,,,,,,,,,,
CCC(=O)N1C2CCC1CC(CNC(=O)C(F)(F)CC)C2,A1779a,openbind_a71ev2a_c1_scaffolds,A1068a,A3480a,,,,,,,,,,,,,,,,,,,,,,,,,
C1=C(c2cc[nH]n2)CCC1,A1779a,openbind_a71ev2a_c1_scaffolds,A1068a,A3480a,,,,,,,,,,,,,,,,,,,,,,,,,
COC(C)CNC1CCNCC1,A1779a,openbind_a71ev2a_c1_scaffolds,A1068a,A3480a,,,,,,,,,,,,,,,,,,,,,,,,,
C1=CCN(C2CCNCC2)C1,A1779a,openbind_a71ev2a_c1_scaffolds,A3564a,A4509a,,,,,,,,,,,,,,,,,,,,,,,,,
CCC(C)(C)CNC(=O)C1CCCCN1,A1779a,openbind_a71ev2a_c1_scaffolds,A0486a,A0528b,,,,,,,,,,,,,,,,,,,,,,,,,
CC(=O)N1c2ccccc2CC1C(=O)NC1CCCCNCC1,A1779a,openbind_a71ev2a_c1_scaffolds,A0239a,A5425a,,,,,,,,,,,,,,,,,,,,,,,,,
CSCC(=O)NCC(NC(=O)c1ccc2nccn2n1)C1CCC1,A1779a,openbind_a71ev2a_c1_scaffolds,A0556a,A0719a,,,,,,,,,,,,,,,,,,,,,,,,,
CC(O)Cc1cn(CCNC(=O)c2cccc3cn[nH]c23)nn1,A1779a,openbind_a71ev2a_c1_scaffolds,A1775a,A3616a,,,,,,,,,,,,,,,,,,,,,,,,,
CC(=O)N1CCN(C(=O)NCCc2cccs2)CC12CCCCC2,A1779a,openbind_a71ev2a_c1_scaffolds,A0556a,A4421a,,,,,,,,,,,,,,,,,,,,,,,,,
C1CSCCC(C2CCCN2)C1,A1779a,openbind_a71ev2a_c1_scaffolds,A0556a,A4421a,,,,,,,,,,,,,,,,,,,,,,,,,
CCCN(CC(C)C)C(=O)Cn1cccn1,A1779a,openbind_a71ev2a_c1_scaffolds,A0556a,A4421a,,,,,,,,,,,,,,,,,,,,,,,,,
CCC(=O)N1C2CCC1CC(CNC(=O)CC(CC)C(C)C)C2,A1779a,openbind_a71ev2a_c1_scaffolds,A3623a,A3897a,,,,,,,,,,,,,,,,,,,,,,,,,
c1cc(C2CNCCS2)ccn1,A1779a,openbind_a71ev2a_c1_scaffolds,A3181b,A3306a,,,,,,,,,,,,,,,,,,,,,,,,,
CCN(C(=O)C(C)C)c1ccncc1,A1779a,openbind_a71ev2a_c1_scaffolds,A1775a,A3392a,,,,,,,,,,,,,,,,,,,,,,,,,
CC(C)CCOCC1CCN(C(=O)CCc2ccn[nH]2)CC1,A1779a,openbind_a71ev2a_c1_scaffolds,A0497a,A0341a,,,,,,,,,,,,,,,,,,,,,,,,,
O=C(NN1CCCCC1)C(F)(F)Cl,A1779a,openbind_a71ev2a_c1_scaffolds,A3509b,A3623a,,,,,,,,,,,,,,,,,,,,,,,,,
CCC(CCCl)CNC(=O)C1CCCOC1,A1779a,openbind_a71ev2a_c1_scaffolds,A3509b,A3623a,,,,,,,,,,,,,,,,,,,,,,,,,
c1ccc(C2CCNCC2)nc1,A1779a,openbind_a71ev2a_c1_scaffolds,A3509b,A3623a,,,,,,,,,,,,,,,,,,,,,,,,,
O=C(CC1CCc2ccccc21)NCCCc1nnc2ccccn12,A1779a,openbind_a71ev2a_c1_scaffolds,A3509b,A3623a,,,,,,,,,,,,,,,,,,,,,,,,,
CCCC(NC(N)=O)C(=O)N1CCCC1CN(C)C(=O)C(C)C,A1779a,openbind_a71ev2a_c1_scaffolds,A0541a,A3612a,,,,,,,,,,,,,,,,,,,,,,,,,
CCCN(CCNC(=O)c1ccccn1)C1CCCN(C)C1=O,A1779a,openbind_a71ev2a_c1_scaffolds,A0719a,A1209a,,,,,,,,,,,,,,,,,,,,,,,,,
CC(NC(=O)c1cccc2[nH]ncc12)C1CCCN(C(=O)C(F)F)C1,A1779a,openbind_a71ev2a_c1_scaffolds,A0395a,A4526a,,,,,,,,,,,,,,,,,,,,,,,,,
CC(=O)N1c2ccccc2CC1C(=O)NC1CCCNC1,A0514b,openbind_a71ev2a_c1_scaffolds,A0875a,A4563a,,,,,,,,,,,,,,,,,,,,,,,,,
CC(C)CC(NC(=O)C=Cc1cn[nH]c1)C(F)(F)F,A0514b,openbind_a71ev2a_c1_scaffolds,A0875a,A4563a,,,,,,,,,,,,,,,,,,,,,,,,,
CC(=O)N(C)CCC(=O)NC1CC12CCN(C(=O)C1CSC1)CC2,A0514b,openbind_a71ev2a_c1_scaffolds,A1775a,A3895a,,,,,,,,,,,,,,,,,,,,,,,,,
CC(=O)NC1CC2CCC(C1)N2C(=O)CCC1CCCC(=O)N1,A0514b,openbind_a71ev2a_c1_scaffolds,A1779a,A3207a,,,,,,,,,,,,,,,,,,,,,,,,,
O=C1CCCCCC1N1CCCCC1,A0514b,openbind_a71ev2a_c1_scaffolds,A1779a,A3207a,,,,,,,,,,,,,,,,,,,,,,,,,
COCCC(C)n1cccn1,A0514b,openbind_a71ev2a_c1_scaffolds,A1779a,A3207a,,,,,,,,,,,,,,,,,,,,,,,,,
CC(C)c1nccc(NCC(CO)c2cccnc2)n1,A0514b,openbind_a71ev2a_c1_scaffolds,A1779a,A3207a,,,,,,,,,,,,,,,,,,,,,,,,,
c1nc2c(n1C1CCCNC1)CCCC2,A0514b,openbind_a71ev2a_c1_scaffolds,A3371a,A4877a,,,,,,,,,,,,,,,,,,,,,,,,,
CC(C)N(CCNC(=O)CNS(N)(=O)=O)C(=O)c1cccnc1,A0514b,openbind_a71ev2a_c1_scaffolds,A3371a,A4877a,,,,,,,,,,,,,,,,,,,,,,,,,
Cc1nnc(SC(C)C(=O)N2CCNCC2)o1,A0514b,openbind_a71ev2a_c1_scaffolds,A0556a,A3371a,,,,,,,,,,,,,,,,,,,,,,,,,
CC(=O)NC(C)C1CCN(C(=O)c2ncc[nH]2)CC1,A0514b,openbind_a71ev2a_c1_scaffolds,A1445a,A4306a,,,,,,,,,,,,,,,,,,,,,,,,,
CCC(=O)N1C2CCC1CC(CCNC(=O)C(C)(C)SC)C2,A0514b,openbind_a71ev2a_c1_scaffolds,A1775a,A4786a,,,,,,,,,,,,,,,,,,,,,,,,,
O=C(NCC1CCCN1)NCC1CCCS1(=O)=O,A0514b,openbind_a71ev2a_c1_scaffolds,A0556a,A4874b,,,,,,,,,,,,,,,,,,,,,,,,,
C=C1CC2CCC(C1)N2C(=O)NCC,A0514b,openbind_a71ev2a_c1_scaffolds,A0556a,A4874b,,,,,,,,,,,,,,,,,,,,,,,,,
CC(C)CCCC(=O)c1cn[nH]c1,A0514b,openbind_a71ev2a_c1_scaffolds,A0556a,A4874b,,,,,,,,,,,,,,,,,,,,,,,,,
CC(C)(C)OC(=O)NC(C)(C#N)C1CCCCN1,A0514b,openbind_a71ev2a_c1_scaffolds,A0541a,A4855a,,,,,,,,,,,,,,,,,,,,,,,,,
Cn1ccc2ccc(OC(=O)c3cn4c(n3)CCCC4)cc21,A0514b,openbind_a71ev2a_c1_scaffolds,A1445a,A4365a,,,,,,,,,,,,,,,,,,,,,,,,,
CC(CNC(=O)c1ccon1)N(C)C(=O)C1CCCC(=O)N1C,A0514b,openbind_a71ev2a_c1_scaffolds,A1778a,A2972a,,,,,,,,,,,,,,,,,,,,,,,,,
CCCS(=O)(=O)NC1CC2(C1)N=N2,A0514b,openbind_a71ev2a_c1_scaffolds,A1778a,A2972a,,,,,,,,,,,,,,,,,,,,,,,,,
CC(Sc1nnc(-c2ccncc2)[nH]1)C(=O)c1ccco1,A1145a,openbind_a71ev2a_c1_scaffolds,A0719a,A4707a,,,,,,,,,,,,,,,,,,,,,,,,,
Cn1cncc1CNC(=O)Nc1ccc2c(c1)NCC2,A1145a,openbind_a71ev2a_c1_scaffolds,A0719a,A4707a,,,,,,,,,,,,,,,,,,,,,,,,,
C1CC(C2CC3CC3C2)CN1,A1145a,openbind_a71ev2a_c1_scaffolds,A0719a,A4707a,,,,,,,,,,,,,,,,,,,,,,,,,
c1ccc2c(c1)NCC2C1CCCN1,A1145a,openbind_a71ev2a_c1_scaffolds,A0875a,A4874a,,,,,,,,,,,,,,,,,,,,,,,,,
c1cc(C2CCCNC2)sn1,A1145a,openbind_a71ev2a_c1_scaffolds,A3623a,A3557a,,,,,,,,,,,,,,,,,,,,,,,,,
O=C(NCC1(c2ccccn2)CC1)c1cnnc2ccccc12,A1145a,openbind_a71ev2a_c1_scaffolds,A0719a,A5425b,,,,,,,,,,,,,,,,,,,,,,,,,
O=C(NCCc1nc[nH]c1Br)c1ccc2c(c1)NCC2,A1145a,openbind_a71ev2a_c1_scaffolds,A0719a,A5425b,,,,,,,,,,,,,,,,,,,,,,,,,
O=C(COC1CCCCCC1)NCc1cc(C2CCNCC2)no1,A1145a,openbind_a71ev2a_c1_scaffolds,A0719a,A5425b,,,,,,,,,,,,,,,,,,,,,,,,,
CCC(=O)N1C2CCC1CC(NC(=O)C13CCCN1CCC3)C2,A1145a,openbind_a71ev2a_c1_scaffolds,A0719a,A5425b,,,,,,,,,,,,,,,,,,,,,,,,,
CCCS(=O)(=O)NC1CCN(C(=O)C(C)(C)c2nccs2)CC1,A1145a,openbind_a71ev2a_c1_scaffolds,A1140a,A4274b,,,,,,,,,,,,,,,,,,,,,,,,,
CCN(CCNC(=O)C(C)COC)C(=O)CNc1ncccn1,A1145a,openbind_a71ev2a_c1_scaffolds,A3306a,A4320a,,,,,,,,,,,,,,,,,,,,,,,,,
COc1ccc2c(c1)CCCN2C(=O)COC(C)Cc1ncc[nH]1,A1145a,openbind_a71ev2a_c1_scaffolds,A1775a,A3480a,,,,,,,,,,,,,,,,,,,,,,,,,
Cc1cc(NC(=O)CC(C)C(F)(F)F)nn1C1CCCCC1,A1145a,openbind_a71ev2a_c1_scaffolds,A1445a,A4343b,,,,,,,,,,,,,,,,,,,,,,,,,
C=C1CN(C2CCNC2)C1,A1145a,openbind_a71ev2a_c1_scaffolds,A1778a,A2304a,,,,,,,,,,,,,,,,,,,,,,,,,
CCC(C)(C)C(=O)C1CCCCN1,A1145a,openbind_a71ev2a_c1_scaffolds,A1778a,A2304a,,,,,,,,,,,,,,,,,,,,,,,,,
c1coc(N2CCCC3(CC2)CC3)n1,A1145a,openbind_a71ev2a_c1_scaffolds,A1778a,A2304a,,,,,,,,,,,,,,,,,,,,,,,,,
CCCS(=O)(=O)NC1CCN(C(=O)C(F)n2cccn2)CC1,A1145a,openbind_a71ev2a_c1_scaffolds,A0719a,A4350a,,,,,,,,,,,,,,,,,,,,,,,,,
CCCS(=O)(=O)NC1CCNC1,A1145a,openbind_a71ev2a_c1_scaffolds,A0719a,A4350a,,,,,,,,,,,,,,,,,,,,,,,,,
CSCCOC(C)(C)C1CCCCN1,A1145a,openbind_a71ev2a_c1_scaffolds,A0719a,A4350a,,,,,,,,,,,,,,,,,,,,,,,,,
NC(=O)NCC1CCCCN1C(=O)c1ccnc2c1CC(=O)N2,A3181b,openbind_a71ev2a_c1_scaffolds,A0719a,A4524a,,,,,,,,,,,,,,,,,,,,,,,,,
CC(C)(CNS(=O)(=O)c1ccc2scnc2c1)C1CCCN1,A3181b,openbind_a71ev2a_c1_scaffolds,A0719a,A4524a,,,,,,,,,,,,,,,,,,,,,,,,,
CCC(=O)C1NCC2CC21,A3181b,openbind_a71ev2a_c1_scaffolds,A0719a,A4524a,,,,,,,,,,,,,,,,,,,,,,,,,
CSCC(=O)NCC1(CCNC(=O)C23CCC(CC2)OC3)CC1,A3181b,openbind_a71ev2a_c1_scaffolds,A1445a,A3194a,,,,,,,,,,,,,,,,,,,,,,,,,
C1CCN(C2CCCNCC2)CC1,A3181b,openbind_a71ev2a_c1_scaffolds,A1445a,A3194a,,,,,,,,,,,,,,,,,,,,,,,,,
CC(COCc1ccccc1)NC(=O)c1ccccn1,A3181b,openbind_a71ev2a_c1_scaffolds,A1445a,A3194a,,,,,,,,,,,,,,,,,,,,,,,,,
CCCC(NC(=O)c1ccncc1)C(C)(C)C,A3181b,openbind_a71ev2a_c1_scaffolds,A1778a,A4570a,,,,,,,,,,,,,,,,,,,,,,,,,
C1CCC(N2CCCC2)CC1,A3181b,openbind_a71ev2a_c1_scaffolds,A0556a,A3621a,,,,,,,,,,,,,,,,,,,,,,,,,
O=C(NCc1nnc2ccc(Cl)cn12)c1nsc2ccccc12,A3181b,openbind_a71ev2a_c1_scaffolds,A0556a,A3621a,,,,,,,,,,,,,,,,,,,,,,,,,
CCCCC(=O)NCC1CCN(C(=O)C2Cc3ccccc32)CC1,A3181b,openbind_a71ev2a_c1_scaffolds,A0556a,A3621a,,,,,,,,,,,,,,,,,,,,,,,,,
c1cncc(C2SCCCS2)c1,A3181b,openbind_a71ev2a_c1_scaffolds,A3623a,A4570a,,,,,,,,,,,,,,,,,,,,,,,,,
Cn1ccc2ccc(CNC(=O)NCC3CCNC(=O)C3)cc21,A3181b,openbind_a71ev2a_c1_scaffolds,A3623a,A4570a,,,,,,,,,,,,,,,,,,,,,,,,,
O=C1CCCC(OC(=O)CC(C(F)F)n2ccnc2)CN1,A3181b,openbind_a71ev2a_c1_scaffolds,A3623a,A4570a,,,,,,,,,,,,,,,,,,,,,,,,,
CSCCCCCNC(=O)c1ccncc1,A3181b,openbind_a71ev2a_c1_scaffolds,A3436a,A3623a,,,,,,,,,,,,,,,,,,,,,,,,,
CCC(CC(=O)NC(C)c1ncco1)C(C)(C)C,A3181b,openbind_a71ev2a_c1_scaffolds,A3436a,A3623a,,,,,,,,,,,,,,,,,,,,,,,,,
O=C(CC1CCNCC1)C(F)(F)F,A3181b,openbind_a71ev2a_c1_scaffolds,A1779a,A3483a,,,,,,,,,,,,,,,,,,,,,,,,,
COCC(C)NC(=O)c1c(-c2ccncc2)noc1C,A3181b,openbind_a71ev2a_c1_scaffolds,A1778a,A4320a,,,,,,,,,,,,,,,,,,,,,,,,,
CCC(Br)C(=O)N(C)CCn1cccn1,A3181b,openbind_a71ev2a_c1_scaffolds,A0239a,A4418a,,,,,,,,,,,,,,,,,,,,,,,,,
CC(C)CCC(=O)NC(CO)CNC(=O)C(C)n1ccnc1,A3181b,openbind_a71ev2a_c1_scaffolds,A0473a,A4707a,,,,,,,,,,,,,,,,,,,,,,,,,
CCC(C)C(=O)CSc1ncco1,A3181b,openbind_a71ev2a_c1_scaffolds,A1779a,A3557b,,,,,,,,,,,,,,,,,,,,,,,,,
CC(=O)N1CCN(C(=O)C(C)Sc2ncc3ccccn23)CC1,A3181b,openbind_a71ev2a_c1_scaffolds,A1779a,A3557b,,,,,,,,,,,,,,,,,,,,,,,,,
CN1C(=O)CCC1C(=O)OCC(C)(C)n1cccn1,A3181b,openbind_a71ev2a_c1_scaffolds,A1779a,A3557b,,,,,,,,,,,,,,,,,,,,,,,,,
O=C(CCc1cncnc1)N1CCN(c2ccncn2)CC1,A0473a,openbind_a71ev2a_c1_scaffolds,A3623a,A4322a,,,,,,,,,,,,,,,,,,,,,,,,,
O=C(Cc1ncc[nH]1)NCC[S+]([O-])CC(F)(F)F,A0473a,openbind_a71ev2a_c1_scaffolds,A3616a,A3623a,,,,,,,,,,,,,,,,,,,,,,,,,
O=C(NC12CCCC(C1)OC2)C(=O)N1CCc2c(F)cccc21,A0473a,openbind_a71ev2a_c1_scaffolds,A3616a,A3623a,,,,,,,,,,,,,,,,,,,,,,,,,
CN(CC(O)CNCc1cn(C(C)(C)C)nn1)C(=O)c1cc[nH]n1,A0473a,openbind_a71ev2a_c1_scaffolds,A3616a,A3623a,,,,,,,,,,,,,,,,,,,,,,,,,
O=C(OCc1ccc2cn[nH]c2c1)C1(n2cccn2)CCC1,A0473a,openbind_a71ev2a_c1_scaffolds,A3616a,A3623a,,,,,,,,,,,,,,,,,,,,,,,,,
O=C1CSCC(C(=O)Nc2cnn(C3CCCC3)c2)N1,A0473a,openbind_a71ev2a_c1_scaffolds,A1778a,A3858a,,,,,,,,,,,,,,,,,,,,,,,,,
CCC(=O)N1C2CCC1CC(NC(=O)CC1CCC(=O)N1)C2,A0473a,openbind_a71ev2a_c1_scaffolds,A1775a,A4321a,,,,,,,,,,,,,,,,,,,,,,,,,
O=C(NC(CO)CN1CCCCC1)C1CNCc2ccccc21,A0473a,openbind_a71ev2a_c1_scaffolds,A0310a,A4874a,,,,,,,,,,,,,,,,,,,,,,,,,
CC(CNC(=O)Cc1cnc[nH]1)N(C)C1CCN(C)C1=O,A0473a,openbind_a71ev2a_c1_scaffolds,A1775a,A4746a,,,,,,,,,,,,,,,,,,,,,,,,,
O=C(NC12CCCC1CCC2)C1Cc2ccccc2N1,A0473a,openbind_a71ev2a_c1_scaffolds,A0556a,A4570a,,,,,,,,,,,,,,,,,,,,,,,,,
C#CCCNC(=O)CC1CCCCN1,A0473a,openbind_a71ev2a_c1_scaffolds,A0556a,A4570a,,,,,,,,,,,,,,,,,,,,,,,,,
CCC(C)N(CC)C(=O)CC1CCCNC1,A0473a,openbind_a71ev2a_c1_scaffolds,A0556a,A4570a,,,,,,,,,,,,,,,,,,,,,,,,,
CC(=O)N1CCC(C(C)NC(=O)Cc2n[nH]c3c2CCCC3)CC1,A0473a,openbind_a71ev2a_c1_scaffolds,A0202a,A1105b,,,,,,,,,,,,,,,,,,,,,,,,,
CSCCC(=O)NCC(O)CN(C)C(=O)CN1CCCCC1,A0473a,openbind_a71ev2a_c1_scaffolds,A0202a,A1105b,,,,,,,,,,,,,,,,,,,,,,,,,
O=C1CCCCC1C1Cc2ccccc2N1,A0473a,openbind_a71ev2a_c1_scaffolds,A0719a,A4031a,,,,,,,,,,,,,,,,,,,,,,,,,
CCC(C#N)C(=O)NC1CCCN(C(=O)c2cnc3n2CCC3)C1,A0473a,openbind_a71ev2a_c1_scaffolds,A0719a,A4031a,,,,,,,,,,,,,,,,,,,,,,,,,
O=C(CCc1[nH]nc2c1CCCC2)NCCCC1C=NNC1=O,A0473a,openbind_a71ev2a_c1_scaffolds,A2293a,A4943b,,,,,,,,,,,,,,,,,,,,,,,,,
C1=CCC(C2NCCc3ccccc32)CC1,A0473a,openbind_a71ev2a_c1_scaffolds,A2293a,A4943b,,,,,,,,,,,,,,,,,,,,,,,,,
CC(CC(=O)NC1CC2(C1)CN(C(=O)C(C)(F)F)C2)C(F)(F)F,A0473a,openbind_a71ev2a_c1_scaffolds,A1778a,A3435a,,,,,,,,,,,,,,,,,,,,,,,,,
c1cc2c(c(N3CC4(CC4)C3)c1)CCN2,A0473a,openbind_a71ev2a_c1_scaffolds,A0719a,A4715a,,,,,,,,,,,,,,,,,,,,,,,,,
c1cc(C2CCCNCC2)n[nH]1,A0473a,openbind_a71ev2a_c1_scaffolds,A0556a,A5394a,,,,,,,,,,,,,,,,,,,,,,,,,
CC(C)(C)c1nnc2n1CC(C(=O)Nc1ccncn1)CC2,A0473a,openbind_a71ev2a_c1_scaffolds,A0875a,A1775a,A4445b,,,,,,,,,,,,,,,,,,,,,,,,
CC(=O)NC1CCN(C(=O)c2ccc3c(c2)NS(=O)(=O)C3)C1,A0473a,openbind_a71ev2a_c1_scaffolds,A1778a,A4237a,,,,,,,,,,,,,,,,,,,,,,,,,
CC(=O)NCC1CC2CCC(C1)N2C(=O)C(C)c1ccccn1,A0473a,openbind_a71ev2a_c1_scaffolds,A1775a,A4029a,,,,,,,,,,,,,,,,,,,,,,,,,
C=C1CCCN(C(=O)C(C)S)C1,A0473a,openbind_a71ev2a_c1_scaffolds,A1775a,A4029a,,,,,,,,,,,,,,,,,,,,,,,,,
O=C(CCc1ccc2c(c1)OCO2)NC1CCC1C1CCC1,A0473a,openbind_a71ev2a_c1_scaffolds,A0719a,A3371a,,,,,,,,,,,,,,,,,,,,,,,,,
CC(C)C(NS(=O)(=O)c1ccc2c(c1)OCCCO2)C(=O)Nc1ccc(N2CCCCC2)cc1,A3181b,openbind_a71ev2a_c1_scaffolds,A1778a,A3564a,,,,,,,,,,,,,,,,,,,,,,,,,
c1ccc2c(c1)CC(C1CCCCC1)N2,A3181b,openbind_a71ev2a_c1_scaffolds,A0556a,A3509a,,,,,,,,,,,,,,,,,,,,,,,,,
CC1CN(C(=O)CC(C)(C)C#N)CC1NC(=O)CC(C)C(F)(F)F,A3181b,openbind_a71ev2a_c1_scaffolds,A0556a,A3509a,,,,,,,,,,,,,,,,,,,,,,,,,
CCCCN(CC)C(=O)c1cnco1,A3181b,openbind_a71ev2a_c1_scaffolds,A0556a,A3509a,,,,,,,,,,,,,,,,,,,,,,,,,
CC(C)C(=O)N(C)CC1CCCCN1,A3181b,openbind_a71ev2a_c1_scaffolds,A0541a,A4943a,,,,,,,,,,,,,,,,,,,,,,,,,
CC(C(=O)NOC1CCCC1)c1ccccc1C(F)(F)F,A3181b,openbind_a71ev2a_c1_scaffolds,A1080a,A4320a,,,,,,,,,,,,,,,,,,,,,,,,,
CCCN(C(=O)C1CCc2nncn2C1)C1CCNC1,A3181b,openbind_a71ev2a_c1_scaffolds,A3371a,A4311a,,,,,,,,,,,,,,,,,,,,,,,,,
CCC(CC)C(CCNC(=O)c1cn[nH]c1)OC,A3181b,openbind_a71ev2a_c1_scaffolds,A0556a,A4877b,,,,,,,,,,,,,,,,,,,,,,,,,
O=C(COC(=O)Cn1cc(C(F)(F)F)ccc1=O)NCCC1=CCCCC1,A3181b,openbind_a71ev2a_c1_scaffolds,A1445a,A2629a,,,,,,,,,,,,,,,,,,,,,,,,,
CCCN(CC)S(=O)(=O)NC(C)C1CCNCC1,A0341a,openbind_a71ev2a_c1_scaffolds,A3623a,A4712a,,,,,,,,,,,,,,,,,,,,,,,,,
CCC(SC)C(=O)NCC(NC(=O)c1ncccn1)C(C)C,A0341a,openbind_a71ev2a_c1_scaffolds,A3623a,A4712a,,,,,,,,,,,,,,,,,,,,,,,,,
CN(CCCn1nc(C#N)c2ccccc21)C1CCCCC1,A0341a,openbind_a71ev2a_c1_scaffolds,A1445a,A4029a,,,,,,,,,,,,,,,,,,,,,,,,,
c1ccc2c(c1)CC(c1cnsc1)N2,A0341a,openbind_a71ev2a_c1_scaffolds,A0719a,A5393a,,,,,,,,,,,,,,,,,,,,,,,,,
O=C(CCC1CCNC1)NO,A0341a,openbind_a71ev2a_c1_scaffolds,A0719a,A5393a,,,,,,,,,,,,,,,,,,,,,,,,,
CN(C)C(=O)CN1CCCC(NC(=O)C2CCOCC2)C1=O,A0341a,openbind_a71ev2a_c1_scaffolds,A0719a,A4368a,,,,,,,,,,,,,,,,,,,,,,,,,
CCCN(O)C(=O)c1ccccn1,A0341a,openbind_a71ev2a_c1_scaffolds,A0719a,A4368a,,,,,,,,,,,,,,,,,,,,,,,,,
CC(C#N)C(=O)N1CCCC(CNC(=O)c2cccc3[nH]ncc23)C1,A0341a,openbind_a71ev2a_c1_scaffolds,A0719a,A4368a,,,,,,,,,,,,,,,,,,,,,,,,,
CCCc1n[nH]c2ccc(C(=O)NCc3ccncn3)cc12,A0341a,openbind_a71ev2a_c1_scaffolds,A0719a,A4751a,,,,,,,,,,,,,,,,,,,,,,,,,
COc1ccc2c(c1)C(NC(=O)C1CCCCCN1)CCN2,A0341a,openbind_a71ev2a_c1_scaffolds,A0719a,A2629a,,,,,,,,,,,,,,,,,,,,,,,,,
O=C1CSC(C(=O)N2CCN(CCOCCO)CC2)C1,A0341a,openbind_a71ev2a_c1_scaffolds,A0719a,A2629a,,,,,,,,,,,,,,,,,,,,,,,,,
C=C(C(F)(F)F)C(C)(F)C1CCCCN1,A0341a,openbind_a71ev2a_c1_scaffolds,A0719a,A3550a,,,,,,,,,,,,,,,,,,,,,,,,,
CC(CC(=O)N1CCCCCc2ccccc21)C1CCNCC1,A0341a,openbind_a71ev2a_c1_scaffolds,A0719a,A3550a,,,,,,,,,,,,,,,,,,,,,,,,,
CC(C)(C(=O)O)n1ccc(NC(=O)CC2CSCCN2)n1,A0341a,openbind_a71ev2a_c1_scaffolds,A1080a,A3706b,,,,,,,,,,,,,,,,,,,,,,,,,
CCCS(=O)(=O)NC1CCNCC1,A0341a,openbind_a71ev2a_c1_scaffolds,A0719a,A3509a,,,,,,,,,,,,,,,,,,,,,,,,,
CC(=O)N(C)CCC(=O)NC1CC1CNC(=O)Cc1cnoc1,A0341a,openbind_a71ev2a_c1_scaffolds,A0719a,A3509a,,,,,,,,,,,,,,,,,,,,,,,,,
O=C(Cc1cnc2ccccc2c1)N1CCCC(N2CCNC2=O)C1,A0341a,openbind_a71ev2a_c1_scaffolds,A0719a,A3509a,,,,,,,,,,,,,,,,,,,,,,,,,
O=C(NC1(C2CCCCN2)CC1)c1ccc2c(c1)NS(=O)(=O)C2,A0341a,openbind_a71ev2a_c1_scaffolds,A3623a,A4020a,,,,,,,,,,,,,,,,,,,,,,,,,
CCC(=O)N1CCC2(CC1)CC2NC(=O)c1cccc2cn[nH]c12,A0341a,openbind_a71ev2a_c1_scaffolds,A3623a,A4020a,,,,,,,,,,,,,,,,,,,,,,,,,
CC(C)C(O)C(=O)NCC(C)(CO)NC(=O)CN1CCCCC1,A0341a,openbind_a71ev2a_c1_scaffolds,A1775a,A4707a,,,,,,,,,,,,,,,,,,,,,,,,,
CC(CNC(=O)CC(C)N1CCc2ccccc21)CC(F)(F)F,A0341a,openbind_a71ev2a_c1_scaffolds,A3623a,A4707a,,,,,,,,,,,,,,,,,,,,,,,,,
O=C(Nc1cncc(-c2nc3ccccc3s2)c1)c1cnc[nH]1,A0341a,openbind_a71ev2a_c1_scaffolds,A1778a,A2846a,,,,,,,,,,,,,,,,,,,,,,,,,
CC(C)CC(CNC(=O)C1CCC(=O)N1C)NC(=O)c1cn[nH]c1,A0341a,openbind_a71ev2a_c1_scaffolds,A1779a,A3194a,,,,,,,,,,,,,,,,,,,,,,,,,
CCc1cccc2sc(NC(=O)C(O)c3c[nH]cn3)nc12,A0341a,openbind_a71ev2a_c1_scaffolds,A1779a,A3194a,,,,,,,,,,,,,,,,,,,,,,,,,
c1ncc(C23CCC(CC2)CC3)o1,A0341a,openbind_a71ev2a_c1_scaffolds,A0528b,A5036b,,,,,,,,,,,,,,,,,,,,,,,,,
O=S1(=O)Cc2c(cccc2-c2cnc(-c3ccccc3)o2)N1,A0341a,openbind_a71ev2a_c1_scaffolds,A0239a,A3548a,,,,,,,,,,,,,,,,,,,,,,,,,
CC(NC1CCN(C2CCC2)C1=O)c1ccc2[nH]ncc2c1,A0341a,openbind_a71ev2a_c1_scaffolds,A0556a,A3509b,,,,,,,,,,,,,,,,,,,,,,,,,
CC(C(=O)NOC1CCCC1)C1CCN(C(=O)OC(C)(C)C)C1,A0341a,openbind_a71ev2a_c1_scaffolds,A0719a,A4786a,,,,,,,,,,,,,,,,,,,,,,,,,
CCC(C)(O)C(=O)N(C)CC1CCCN1C(=O)CN1CSCC1=O,A0341a,openbind_a71ev2a_c1_scaffolds,A0719a,A4786a,,,,,,,,,,,,,,,,,,,,,,,,,
CC(=O)Nc1ccc(SC(C)C(=O)N2CCCNCC2)cc1,A0341a,openbind_a71ev2a_c1_scaffolds,A0719a,A4786a,,,,,,,,,,,,,,,,,,,,,,,,,
CNC(C)c1ccnc(N2CCNC(=O)CC2)c1,A0341a,openbind_a71ev2a_c1_scaffolds,A1778a,A3229a,,,,,,,,,,,,,,,,,,,,,,,,,
C#CCNC(=O)C(C)N(C)C1CCNC1,A5427a,openbind_a71ev2a_c1_scaffolds,A1775a,A3201a,,,,,,,,,,,,,,,,,,,,,,,,,
C=CCNc1nnc(SC(C)C(=O)N2CCCC2)s1,A5427a,openbind_a71ev2a_c1_scaffolds,A1775a,A3201a,,,,,,,,,,,,,,,,,,,,,,,,,
COc1ccc(CCC(=O)NOC2CCCCC2)cn1,A5427a,openbind_a71ev2a_c1_scaffolds,A0719a,A3956a,,,,,,,,,,,,,,,,,,,,,,,,,
CC(Cl)C(=O)c1ccc2c(c1)NCC2,A5427a,openbind_a71ev2a_c1_scaffolds,A0719a,A3956a,,,,,,,,,,,,,,,,,,,,,,,,,
C1CCN(C2CCCCNC2)CC1,A5427a,openbind_a71ev2a_c1_scaffolds,A0239a,A4214b,,,,,,,,,,,,,,,,,,,,,,,,,
CCN(CC1CCCN1)C(=O)C(C)C,A5427a,openbind_a71ev2a_c1_scaffolds,A0239a,A4214b,,,,,,,,,,,,,,,,,,,,,,,,,
N#Cc1cncc(CC(=O)NCc2ccc3c(c2)CCCN3)c1,A5427a,openbind_a71ev2a_c1_scaffolds,A1775a,A3201a,,,,,,,,,,,,,,,,,,,,,,,,,
CC(C(=O)NOC1CCC1)n1ccc(C(F)(F)F)n1,A5427a,openbind_a71ev2a_c1_scaffolds,A0351b,A2846a,,,,,,,,,,,,,,,,,,,,,,,,,
CC(C)(C)c1cncc(COC(=O)c2ccnc3c2CC(=O)N3)c1,A5427a,openbind_a71ev2a_c1_scaffolds,A0926a,A3623a,,,,,,,,,,,,,,,,,,,,,,,,,
CC(C)(C#N)CNC(=O)c1ccccn1,A5427a,openbind_a71ev2a_c1_scaffolds,A1778a,A2972a,,,,,,,,,,,,,,,,,,,,,,,,,
Cc1cn2nc(NC(=O)NC3CCc4ccccc43)ccc2n1,A5427a,openbind_a71ev2a_c1_scaffolds,A1779a,A4650a,,,,,,,,,,,,,,,,,,,,,,,,,
CC(C)N(C(=O)C1CCc2ccccc2CC1)C1CCNCC1,A5427a,openbind_a71ev2a_c1_scaffolds,A1779a,A4650a,,,,,,,,,,,,,,,,,,,,,,,,,
COC(=O)CCN(C)C(=O)CCNC(=O)C(O)C1CCCCN1,A5427a,openbind_a71ev2a_c1_scaffolds,A1068a,A4445b,,,,,,,,,,,,,,,,,,,,,,,,,
CC(NC=O)c1cnsc1,A5427a,openbind_a71ev2a_c1_scaffolds,A3371a,A3986b,,,,,,,,,,,,,,,,,,,,,,,,,
c1ccc2c(c1)CCCN2C1CCCNC1,A5427a,openbind_a71ev2a_c1_scaffolds,A1779a,A2972a,,,,,,,,,,,,,,,,,,,,,,,,,
CC(CNC(=O)Cl)CN1CCCC1,A5427a,openbind_a71ev2a_c1_scaffolds,A0719a,A4415a,,,,,,,,,,,,,,,,,,,,,,,,,
C1CNCC(c2nc3n(n2)CCCS3)C1,A5427a,openbind_a71ev2a_c1_scaffolds,A1778a,A3568a,,,,,,,,,,,,,,,,,,,,,,,,,
C1CCn2nc(C3CCCNC3)nc2SC1,A5427a,openbind_a71ev2a_c1_scaffolds,A1778a,A3568a,,,,,,,,,,,,,,,,,,,,,,,,,
O=C(OCc1ccc2cn[nH]c2c1)C1=CCCCC1,A5427a,openbind_a71ev2a_c1_scaffolds,A0719a,A3436a,,,,,,,,,,,,,,,,,,,,,,,,,
CC(C)=CCCC(C)CC(=O)N(C(C)C)C1CCNCC1,A5427a,openbind_a71ev2a_c1_scaffolds,A0719a,A3436a,,,,,,,,,,,,,,,,,,,,,,,,,
CC(C)C(=O)NCCN(C(=O)c1cocn1)C1CCCC1,A5427a,openbind_a71ev2a_c1_scaffolds,A0556a,A4524a,,,,,,,,,,,,,,,,,,,,,,,,,
c1ccc(N2C3CCC2CC3)nc1,A4386a,openbind_a71ev2a_c1_scaffolds,A0719a,A3618a,,,,,,,,,,,,,,,,,,,,,,,,,
CC(=O)c1ccc(C(=O)NC(C)C2CC2)s1,A4386a,openbind_a71ev2a_c1_scaffolds,A0556a,A5394b,,,,,,,,,,,,,,,,,,,,,,,,,
CCC(C(=O)N1CC(C(C)NC(=O)c2cc[nH]n2)C1)N(CC)CC,A4386a,openbind_a71ev2a_c1_scaffolds,A0556a,A4374b,,,,,,,,,,,,,,,,,,,,,,,,,
COCC(NC(=O)CC1C=NN(C)C1=O)c1ccccn1,A4386a,openbind_a71ev2a_c1_scaffolds,A1775a,A2846a,,,,,,,,,,,,,,,,,,,,,,,,,
CC(NC(=O)c1cnccn1)C1(S(C)(=O)=O)CC1,A4386a,openbind_a71ev2a_c1_scaffolds,A3623a,A4343b,,,,,,,,,,,,,,,,,,,,,,,,,
O=C1CCC(C2CCCSC2)N1,A4386a,openbind_a71ev2a_c1_scaffolds,A3392a,A4706a,,,,,,,,,,,,,,,,,,,,,,,,,
CC1CCCCN1C(=O)NCc1ccc2c(c1)CCCN2,A4386a,openbind_a71ev2a_c1_scaffolds,A0556a,A4751a,,,,,,,,,,,,,,,,,,,,,,,,,
O=C1Nc2ccc(C3CCCC3)cc2C1=O,A4386a,openbind_a71ev2a_c1_scaffolds,A0556a,A4751a,,,,,,,,,,,,,,,,,,,,,,,,,
O=C(C(F)C1CCNC1)N1CCc2cccc(C(F)(F)F)c2C1,A4386a,openbind_a71ev2a_c1_scaffolds,A0239a,A4035a,,,,,,,,,,,,,,,,,,,,,,,,,
C=CCN(C)C(=O)C(C)Cn1cccn1,A4386a,openbind_a71ev2a_c1_scaffolds,A3623a,A4032a,,,,,,,,,,,,,,,,,,,,,,,,,
O=C(CCC1CCNC1)NCC1CCn2cnnc2C1,A4386a,openbind_a71ev2a_c1_scaffolds,A0719a,A4012b,,,,,,,,,,,,,,,,,,,,,,,,,
O=C(NCC1CCCS1(=O)=O)NCC1(c2ccncc2)CCC1,A4386a,openbind_a71ev2a_c1_scaffolds,A0719a,A4012b,,,,,,,,,,,,,,,,,,,,,,,,,
C1=CC(c2ccccn2)NC1,A4386a,openbind_a71ev2a_c1_scaffolds,A3306a,A4445a,,,,,,,,,,,,,,,,,,,,,,,,,
CC#CCCNC(=O)C1CCC(=O)N1,A4386a,openbind_a71ev2a_c1_scaffolds,A3623a,A4874a,,,,,,,,,,,,,,,,,,,,,,,,,
CC(=O)N1c2ccccc2CC1C(=O)NC1CCCCNC1,A4386a,openbind_a71ev2a_c1_scaffolds,A3623a,A4874a,,,,,,,,,,,,,,,,,,,,,,,,,
FC(c1ccc2nncn2c1)C1CCCN1,A4386a,openbind_a71ev2a_c1_scaffolds,A1068a,A3223a,,,,,,,,,,,,,,,,,,,,,,,,,
O=C(C(O)C1CCOCC1)N1CCCC1c1ccn[nH]1,A4386a,openbind_a71ev2a_c1_scaffolds,A0556a,A4526a,,,,,,,,,,,,,,,,,,,,,,,,,
CCC1C(=O)NCCN1C(=O)C(C)Sc1ccccn1,A4386a,openbind_a71ev2a_c1_scaffolds,A0556a,A4526a,,,,,,,,,,,,,,,,,,,,,,,,,
CN1CCCCC1CCC(=O)N(O)C1CCCC1,A4386a,openbind_a71ev2a_c1_scaffolds,A1080a,A3706a,,,,,,,,,,,,,,,,,,,,,,,,,
CC(NC(=O)CC1CCC(=O)N1)C1CCN(c2ncccn2)CC1,A4386a,openbind_a71ev2a_c1_scaffolds,A0269a,A0202a,,,,,,,,,,,,,,,,,,,,,,,,,
CCC(=O)Nc1ccc(NC(=O)CC(C)C(F)(F)F)cc1C,A3623a,openbind_a71ev2a_c1_scaffolds,A0310a,A1445a,,,,,,,,,,,,,,,,,,,,,,,,,
CCCS(=O)(=O)NC1C=CCCC1,A3623a,openbind_a71ev2a_c1_scaffolds,A0719a,A4020a,,,,,,,,,,,,,,,,,,,,,,,,,
CC(CC(=O)NC1CCN(C(=O)C2=CCCCCC2)C1)C(F)(F)F,A3623a,openbind_a71ev2a_c1_scaffolds,A0719a,A4020a,,,,,,,,,,,,,,,,,,,,,,,,,
CCCS(=O)(=O)NC1CCCNCC1,A3623a,openbind_a71ev2a_c1_scaffolds,A1140a,A4311a,,,,,,,,,,,,,,,,,,,,,,,,,
NS(=O)(=O)CCCN1CCC2CC2C1,A3623a,openbind_a71ev2a_c1_scaffolds,A0719a,A3621a,,,,,,,,,,,,,,,,,,,,,,,,,
C=C1CC(CCC=O)C1,A3623a,openbind_a71ev2a_c1_scaffolds,A0719a,A3621a,,,,,,,,,,,,,,,,,,,,,,,,,
CCC(=O)NC1CC2CCC(C1)N2C(=O)CCc1ccncn1,A3623a,openbind_a71ev2a_c1_scaffolds,A0719a,A3550a,,,,,,,,,,,,,,,,,,,,,,,,,
C1=C(N2CCCCC2)Cc2ccccc21,A3623a,openbind_a71ev2a_c1_scaffolds,A3623a,A4751a,,,,,,,,,,,,,,,,,,,,,,,,,
CCCS(=O)(=O)Nc1cccc(NC(=O)c2cn[nH]c2)c1,A3623a,openbind_a71ev2a_c1_scaffolds,A3435a,A3618a,,,,,,,,,,,,,,,,,,,,,,,,,
CCCS(=O)(=O)Nc1ccsn1,A4031a,openbind_a71ev2a_c1_scaffolds,A0310a,A3618a,,,,,,,,,,,,,,,,,,,,,,,,,
N#CCC(=O)NC1CCCC2(CC2)C1,A4031a,openbind_a71ev2a_c1_scaffolds,A3480a,A3623a,,,,,,,,,,,,,,,,,,,,,,,,,
C=CCN(CC(F)(F)F)C(=O)CCC1CCCN1,A4031a,openbind_a71ev2a_c1_scaffolds,A0719a,A4708a,,,,,,,,,,,,,,,,,,,,,,,,,
CC(NC(=O)CN1CCc2sccc2C1)C1CCNCC1,A4031a,openbind_a71ev2a_c1_scaffolds,A0719a,A4708a,,,,,,,,,,,,,,,,,,,,,,,,,
O=C(Nc1ccc2c(c1)CCCN2)c1ncoc1C1CCCCN1,A4031a,openbind_a71ev2a_c1_scaffolds,A0556a,A4461a,,,,,,,,,,,,,,,,,,,,,,,,,
Cc1cc(NC(=O)C(C#N)C2CCNCC2)c2[nH]cnc2c1,A4031a,openbind_a71ev2a_c1_scaffolds,A0719a,A5427a,,,,,,,,,,,,,,,,,,,,,,,,,
CC(Sc1nncs1)C(=O)N1CCC1,A4031a,openbind_a71ev2a_c1_scaffolds,A0719a,A5427a,,,,,,,,,,,,,,,,,,,,,,,,,
C1Cc2nc(C3CCCN3)oc2C1,A4031a,openbind_a71ev2a_c1_scaffolds,A0719a,A5427a,,,,,,,,,,,,,,,,,,,,,,,,,
CC(C)CN(CCC#N)C(=O)CC1CCCNC1,A4031a,openbind_a71ev2a_c1_scaffolds,A0719a,A5427a,,,,,,,,,,,,,,,,,,,,,,,,,
O=C(NCC1CCN(C(=O)CO)C1)c1n[nH]c2c1CCCCC2,A4031a,openbind_a71ev2a_c1_scaffolds,A0719a,A5427a,,,,,,,,,,,,,,,,,,,,,,,,,
O=C1NCC(COC(=O)c2ccccc2N2CCCCC2=O)N1,A4031a,openbind_a71ev2a_c1_scaffolds,A0719a,A5427a,,,,,,,,,,,,,,,,,,,,,,,,,
CCC(CNC(=O)C(=O)N1CCN(CC(=O)N(C)C)CC1)C(C)C,A4031a,openbind_a71ev2a_c1_scaffolds,A0719a,A5427a,,,,,,,,,,,,,,,,,,,,,,,,,
CC(C(=O)NO)n1cccn1,A4031a,openbind_a71ev2a_c1_scaffolds,A0719a,A5427a,,,,,,,,,,,,,,,,,,,,,,,,,
CON(CC1CCCCN1)C(C)C,A4031a,openbind_a71ev2a_c1_scaffolds,A1775a,A4291a,,,,,,,,,,,,,,,,,,,,,,,,,
O=C(NCCCC1CCCN1)c1cc(Cl)[nH]c(=O)c1,A4031a,openbind_a71ev2a_c1_scaffolds,A0875a,A4035b,,,,,,,,,,,,,,,,,,,,,,,,,
CC(=O)Nc1ccc(C(=O)NC(C)C2CC2)nc1,A4031a,openbind_a71ev2a_c1_scaffolds,A2629a,A4708a,,,,,,,,,,,,,,,,,,,,,,,,,
C1CC(N2CCNCC2)CCN1,A4031a,openbind_a71ev2a_c1_scaffolds,A0239a,A3568a,,,,,,,,,,,,,,,,,,,,,,,,,
CC(C)S(=O)(=O)C1CCN(C(=O)CC2=Cc3ccccc3C2)C1,A4031a,openbind_a71ev2a_c1_scaffolds,A0719a,A3920a,,,,,,,,,,,,,,,,,,,,,,,,,
O=C1C(=O)N(C2CCNC2)c2ccccc21,A4031a,openbind_a71ev2a_c1_scaffolds,A0239a,A3392a,,,,,,,,,,,,,,,,,,,,,,,,,
CC(F)(F)CCC(F)C1CCCCN1,A4031a,openbind_a71ev2a_c1_scaffolds,A0719a,A2629a,,,,,,,,,,,,,,,,,,,,,,,,,
CC(C)C(O)CC(=O)NC(CO)C(C)NC(=O)c1cnc[nH]1,A4031a,openbind_a71ev2a_c1_scaffolds,A0719a,A3229a,,,,,,,,,,,,,,,,,,,,,,,,,
CC(C)CC(NC(=O)C1CNC(=O)C1)C(F)(F)F,A4031a,openbind_a71ev2a_c1_scaffolds,A0528a,A0719a,,,,,,,,,,,,,,,,,,,,,,,,,
COc1ccc2ncc(C(=O)NCC34CCC(CC3)N4)n2n1,A4031a,openbind_a71ev2a_c1_scaffolds,A0528a,A0719a,,,,,,,,,,,,,,,,,,,,,,,,,
O=C(OC(c1nc2ccccc2o1)C(F)(F)F)C1CCCS1(=O)=O,A4031a,openbind_a71ev2a_c1_scaffolds,A0528a,A0719a,,,,,,,,,,,,,,,,,,,,,,,,,
C#CC(C)C(=O)C(O)c1ccncn1,A4031a,openbind_a71ev2a_c1_scaffolds,A0719a,A3201a,,,,,,,,,,,,,,,,,,,,,,,,,
CSC(CNC(=O)N1CCCCC1)C(C)(C)C,A4031a,openbind_a71ev2a_c1_scaffolds,A0719a,A3201a,,,,,,,,,,,,,,,,,,,,,,,,,
CCC(C)CCCCC(=O)NS(=O)(=O)c1ncc[nH]1,A4031a,openbind_a71ev2a_c1_scaffolds,A0719a,A3201a,,,,,,,,,,,,,,,,,,,,,,,,,
CC(NC(=O)c1ncoc1C1CCCN1)c1ccncc1,A4031a,openbind_a71ev2a_c1_scaffolds,A0719a,A3201a,,,,,,,,,,,,,,,,,,,,,,,,,
CCCN1CCC(NC(=O)c2ccnc3c2CC(=O)N3)CC1,A4031a,openbind_a71ev2a_c1_scaffolds,A0719a,A3201a,,,,,,,,,,,,,,,,,,,,,,,,,
CC(=O)NC(C)C1CCN(C(=O)c2csc3nnsc23)CC1,A4031a,openbind_a71ev2a_c1_scaffolds,A0719a,A3201a,,,,,,,,,,,,,,,,,,,,,,,,,
CC(Sc1nnc(N)s1)C(=O)N1CCC1,A4031a,openbind_a71ev2a_c1_scaffolds,A0719a,A3201a,,,,,,,,,,,,,,,,,,,,,,,,,
COc1ccc2c(c1)CCCN2C(=O)CSCC1CCNCC1,A4031a,openbind_a71ev2a_c1_scaffolds,A0719a,A3201a,,,,,,,,,,,,,,,,,,,,,,,,,
COCC(C)(NC(=O)c1ccc(S(N)(=O)=O)s1)C1CC1,A4031a,openbind_a71ev2a_c1_scaffolds,A2629a,A4415a,,,,,,,,,,,,,,,,,,,,,,,,,
CCCCC(C)NC(=O)C1CCNCC1,A4742a,openbind_a71ev2a_c1_scaffolds,A0719a,A5394b,,,,,,,,,,,,,,,,,,,,,,,,,
O=C1CCC(CCC(=O)N2CCN(C(=O)CCF)CC2)N1,A4742a,openbind_a71ev2a_c1_scaffolds,A0719a,A5394b,,,,,,,,,,,,,,,,,,,,,,,,,
COCc1nc(C(=O)NCC(NC(=O)C(C)C)C2CCC2)co1,A4742a,openbind_a71ev2a_c1_scaffolds,A0719a,A5394b,,,,,,,,,,,,,,,,,,,,,,,,,
CCC(C)CC(=O)Cc1ccccn1,A4742a,openbind_a71ev2a_c1_scaffolds,A0719a,A5394b,,,,,,,,,,,,,,,,,,,,,,,,,
c1cc2c(s1)CN(C1CCCNC1)CC2,A4742a,openbind_a71ev2a_c1_scaffolds,A1778a,A4712a,,,,,,,,,,,,,,,,,,,,,,,,,
CC(C)CNC(=O)CC(C)C1CCCNC1,A4742a,openbind_a71ev2a_c1_scaffolds,A1778a,A4712a,,,,,,,,,,,,,,,,,,,,,,,,,
CN(C)Cc1nc(CNS(=O)(=O)c2cnc3sccc3c2)co1,A4742a,openbind_a71ev2a_c1_scaffolds,A3623a,A4031a,,,,,,,,,,,,,,,,,,,,,,,,,
CC(CO)(CO)NC(=O)Nc1ccnc(OC2CCCCC2)c1,A4742a,openbind_a71ev2a_c1_scaffolds,A0528a,A4445b,,,,,,,,,,,,,,,,,,,,,,,,,
O=C(CCN1CCNCC1)NO,A0586a,openbind_a71ev2a_c1_scaffolds,A2629a,A3548a,,,,,,,,,,,,,,,,,,,,,,,,,
c1ncc(C2CSCCN2)cn1,A0586a,openbind_a71ev2a_c1_scaffolds,A1068a,A4708a,,,,,,,,,,,,,,,,,,,,,,,,,
c1cc(N2CCCC2)ncn1,A0586a,openbind_a71ev2a_c1_scaffolds,A1068a,A4708a,,,,,,,,,,,,,,,,,,,,,,,,,
CC=C(CC)C(=O)c1ncco1,A0586a,openbind_a71ev2a_c1_scaffolds,A0239a,A3485a,,,,,,,,,,,,,,,,,,,,,,,,,
CSCC(C)(C)NC(=O)C(F)(F)C1CCCNC1,A0586a,openbind_a71ev2a_c1_scaffolds,A0541a,A1778a,A4650a,,,,,,,,,,,,,,,,,,,,,,,,
CC(C)c1ocnc1CNS(=O)(=O)N=S(C)(=O)C1CCCCC1,A0586a,openbind_a71ev2a_c1_scaffolds,A3623a,A4035b,,,,,,,,,,,,,,,,,,,,,,,,,
CC(O)(C(=O)C(F)F)c1ccccn1,A0586a,openbind_a71ev2a_c1_scaffolds,A0719a,A4274a,,,,,,,,,,,,,,,,,,,,,,,,,
COCCN1CCCC(NC(=O)CC2NCc3ccccc32)C1,A0586a,openbind_a71ev2a_c1_scaffolds,A0719a,A4274a,,,,,,,,,,,,,,,,,,,,,,,,,
O=S(=O)(NCC1CCCCN1)C(F)(F)F,A0586a,openbind_a71ev2a_c1_scaffolds,A0719a,A4274a,,,,,,,,,,,,,,,,,,,,,,,,,
c1ccc(C2NCCS2)nc1,A0586a,openbind_a71ev2a_c1_scaffolds,A0719a,A4274a,,,,,,,,,,,,,,,,,,,,,,,,,
CN1CCC(NS(=O)(=O)C2CNC2)C1=O,A0586a,openbind_a71ev2a_c1_scaffolds,A0528a,A0875a,,,,,,,,,,,,,,,,,,,,,,,,,
O=C(NNC1=NCCS1)C1CCCn2cnnc21,A0586a,openbind_a71ev2a_c1_scaffolds,A0239a,A3868a,,,,,,,,,,,,,,,,,,,,,,,,,
C#CC(NC(=O)C1CCc2nnc(C)n2C1)C1CCC1,A0586a,openbind_a71ev2a_c1_scaffolds,A0239a,A3868a,,,,,,,,,,,,,,,,,,,,,,,,,
Cc1cn2nc(NC3CSC3)ccc2n1,A0586a,openbind_a71ev2a_c1_scaffolds,A1080a,A3616a,,,,,,,,,,,,,,,,,,,,,,,,,
c1cc2c(c(-c3ncco3)c1)NCC2,A3849a,openbind_a71ev2a_c1_scaffolds,A3371a,A4509a,,,,,,,,,,,,,,,,,,,,,,,,,
C=C(Cl)C(C)(C)C(=O)NC(CCOC)CNC(=O)C1CCC(=O)N1,A3849a,openbind_a71ev2a_c1_scaffolds,A1775a,A4343b,,,,,,,,,,,,,,,,,,,,,,,,,
O=C(CC(F)F)NCC1CCCN1C(=O)CCc1ncc[nH]1,A3849a,openbind_a71ev2a_c1_scaffolds,A0309a,A4715a,,,,,,,,,,,,,,,,,,,,,,,,,
CCCC(Br)CNS(=O)(=O)N1CCCC1,A3849a,openbind_a71ev2a_c1_scaffolds,A0719a,A4855a,,,,,,,,,,,,,,,,,,,,,,,,,
Cc1nccc(NCC(O)CNC(=O)c2cn3c(n2)CCCC3)n1,A3849a,openbind_a71ev2a_c1_scaffolds,A0719a,A3054a,,,,,,,,,,,,,,,,,,,,,,,,,
CC(CC1CCC1)(C(=O)O)n1cccn1,A3849a,openbind_a71ev2a_c1_scaffolds,A0719a,A3054a,,,,,,,,,,,,,,,,,,,,,,,,,
CCC(=O)N1C2CCC1CC(NC(=O)CSCc1ncc[nH]1)C2,A3849a,openbind_a71ev2a_c1_scaffolds,A0719a,A3054a,,,,,,,,,,,,,,,,,,,,,,,,,
O=C1NCC(C2CC3CC3C2)N1,A3849a,openbind_a71ev2a_c1_scaffolds,A0719a,A3054a,,,,,,,,,,,,,,,,,,,,,,,,,
C1CCc2c(noc2C2CCCNC2)C1,A3849a,openbind_a71ev2a_c1_scaffolds,A3623a,A3986a,,,,,,,,,,,,,,,,,,,,,,,,,
CCOC(=O)NC1CCCN(C(=O)c2ccc3c(c2)CCCN3)C1,A4351a,openbind_a71ev2a_c1_scaffolds,A1445a,A4322a,,,,,,,,,,,,,,,,,,,,,,,,,
CC=CC(C)NC(=O)C1CNC(=O)C1,A4351a,openbind_a71ev2a_c1_scaffolds,A3371a,A3975a,,,,,,,,,,,,,,,,,,,,,,,,,
c1cc2c(cc1C1CCNCC1)CCCN2,A4351a,openbind_a71ev2a_c1_scaffolds,A1445a,A4350a,,,,,,,,,,,,,,,,,,,,,,,,,
C1CC(N2CC3(CC3)C2)CN1,A4351a,openbind_a71ev2a_c1_scaffolds,A1779a,A3548a,,,,,,,,,,,,,,,,,,,,,,,,,
CC(CNC(=O)c1cccnc1)NC(=O)CCn1ccccc1=O,A4351a,openbind_a71ev2a_c1_scaffolds,A1779a,A3548a,,,,,,,,,,,,,,,,,,,,,,,,,
CC(Sc1ccccn1)C(=O)N1CCCC1c1nccs1,A4351a,openbind_a71ev2a_c1_scaffolds,A0528a,A1775a,,,,,,,,,,,,,,,,,,,,,,,,,
Cc1ccc2c(c1)N(C1CCNC1)C(=O)C2=O,A4351a,openbind_a71ev2a_c1_scaffolds,A1068a,A4786a,,,,,,,,,,,,,,,,,,,,,,,,,
C#CCC(=O)C(O)C1CCNCC1,A4351a,openbind_a71ev2a_c1_scaffolds,A1068a,A4786a,,,,,,,,,,,,,,,,,,,,,,,,,
CCN1CCN(C(=O)C(C)Sc2nccs2)CC1,A4351a,openbind_a71ev2a_c1_scaffolds,A1445a,A3229a,,,,,,,,,,,,,,,,,,,,,,,,,
CC(NC(=O)c1ccncc1)C1CCN(C(=O)CCNC(N)=O)C1,A4351a,openbind_a71ev2a_c1_scaffolds,A1445a,A4708a,,,,,,,,,,,,,,,,,,,,,,,,,
O=C1CC(NC(=O)c2ccc(-c3cn[nH]c3)cc2)CCN1,A4351a,openbind_a71ev2a_c1_scaffolds,A1445a,A4708a,,,,,,,,,,,,,,,,,,,,,,,,,
CC(=O)Nc1ccc(SC(C)C(=O)N2CCNCC2)cc1,A4351a,openbind_a71ev2a_c1_scaffolds,A1778a,A3623a,,,,,,,,,,,,,,,,,,,,,,,,,
CC(CC(=O)NC1CCN(CC(=O)Nc2ccon2)C1)C(F)(F)F,A4351a,openbind_a71ev2a_c1_scaffolds,A0719a,A4031a,,,,,,,,,,,,,,,,,,,,,,,,,
O=C1C(=O)N(CC2CCNCC2)c2ccc(F)cc21,A4351a,openbind_a71ev2a_c1_scaffolds,A0719a,A4031a,,,,,,,,,,,,,,,,,,,,,,,,,
c1ccc2c(c1)C(NCc1ccc(-c3cnco3)cc1)CCC21CC1,A4351a,openbind_a71ev2a_c1_scaffolds,A0719a,A4031a,,,,,,,,,,,,,,,,,,,,,,,,,
COCC1CN(C(=O)C(C)Sc2ccccn2)CCO1,A4351a,openbind_a71ev2a_c1_scaffolds,A0719a,A4031a,,,,,,,,,,,,,,,,,,,,,,,,,
CCCC(=O)N1CCC(C(C)NC(=O)C23CCC(CC2)OC3)CC1,A4351a,openbind_a71ev2a_c1_scaffolds,A0719a,A4031a,,,,,,,,,,,,,,,,,,,,,,,,,
CC(N)C(=O)CN1CCC(c2c[nH]cn2)CC1,A4351a,openbind_a71ev2a_c1_scaffolds,A0719a,A4031a,,,,,,,,,,,,,,,,,,,,,,,,,
CC(C)(CNS(=O)(=O)c1cnc2cccnn12)C(F)(F)F,A4351a,openbind_a71ev2a_c1_scaffolds,A0719a,A4031a,,,,,,,,,,,,,,,,,,,,,,,,,
c1ccc([S+]2CCCC2)nc1,A4351a,openbind_a71ev2a_c1_scaffolds,A0719a,A4031a,,,,,,,,,,,,,,,,,,,,,,,,,
C1CNC(C2CC3CC3C2)C1,A4351a,openbind_a71ev2a_c1_scaffolds,A3623a,A3975a,,,,,,,,,,,,,,,,,,,,,,,,,
CN(C(=O)Cn1cccn1)C(CNCc1cncs1)C1CC1,A4351a,openbind_a71ev2a_c1_scaffolds,A0719a,A3868a,,,,,,,,,,,,,,,,,,,,,,,,,
Cc1cn2nc(C(=O)NS(=O)(=O)CCC(C)(C)C)cc(C)c2n1,A4351a,openbind_a71ev2a_c1_scaffolds,A0719a,A3868a,,,,,,,,,,,,,,,,,,,,,,,,,
CCc1cc(COC(=O)c2ccc3c(c2)NS(=O)(=O)C3)no1,A4351a,openbind_a71ev2a_c1_scaffolds,A3436a,A4320a,,,,,,,,,,,,,,,,,,,,,,,,,
CC(CNC(=O)c1cn[nH]c1)NC(=O)C1CCCN1c1ncccn1,A4351a,openbind_a71ev2a_c1_scaffolds,A0239a,A3222a,,,,,,,,,,,,,,,,,,,,,,,,,
CCC(COC)C(=O)NC1CN(C(=O)CCc2cncs2)C1,A4351a,openbind_a71ev2a_c1_scaffolds,A0719a,A4032b,,,,,,,,,,,,,,,,,,,,,,,,,
c1cnn(-c2ccc3c(n2)CCC3)c1,A4351a,openbind_a71ev2a_c1_scaffolds,A0719a,A4701a,,,,,,,,,,,,,,,,,,,,,,,,,
CC(Sc1nnc(N)s1)C(=O)N1CCCC1,A4351a,openbind_a71ev2a_c1_scaffolds,A0556a,A4343b,,,,,,,,,,,,,,,,,,,,,,,,,
O=C1CC(C2CCNCC2)CO1,A4351a,openbind_a71ev2a_c1_scaffolds,A1778a,A2846a,,,,,,,,,,,,,,,,,,,,,,,,,
CC(Sc1ncccc1C(=O)NCC(C)(C)C)C(=O)N1CCCC1,A4351a,openbind_a71ev2a_c1_scaffolds,A3587a,A3623a,,,,,,,,,,,,,,,,,,,,,,,,,
CCCCCCCC(=O)NC(C)C1CCCNC1,A5036b,openbind_a71ev2a_c1_scaffolds,A3371a,A4291a,,,,,,,,,,,,,,,,,,,,,,,,,
CCC=C1CCN(C2CCCNC2)C1,A5036b,openbind_a71ev2a_c1_scaffolds,A3371a,A4291a,,,,,,,,,,,,,,,,,,,,,,,,,
CC(CC(=O)Nc1cc(C2CCNCC2)n[nH]1)C(F)(F)F,A5036b,openbind_a71ev2a_c1_scaffolds,A1445a,A4321b,,,,,,,,,,,,,,,,,,,,,,,,,
Cn1cncc1CCC(=O)NCCCCCN1CCNCC1,A5036b,openbind_a71ev2a_c1_scaffolds,A1775a,A5036a,,,,,,,,,,,,,,,,,,,,,,,,,
CCC(CNC(=O)c1cc(C)on1)NCC1CCNC(=O)CC1,A5036b,openbind_a71ev2a_c1_scaffolds,A1775a,A5036a,,,,,,,,,,,,,,,,,,,,,,,,,
c1ccc2c(c1)CC(C1CCCN1)N2,A5036b,openbind_a71ev2a_c1_scaffolds,A1775a,A5036a,,,,,,,,,,,,,,,,,,,,,,,,,
CC(O)(C=O)C(=O)c1cccnc1,A5036b,openbind_a71ev2a_c1_scaffolds,A1779a,A4708a,,,,,,,,,,,,,,,,,,,,,,,,,
CC1CCCN(CC(=O)N(CCO)Cc2ncc[nH]2)C1,A5036b,openbind_a71ev2a_c1_scaffolds,A0310a,A3623a,,,,,,,,,,,,,,,,,,,,,,,,,
CC(CC(=O)NC1CC2CCC1N2C(=O)c1cccnc1)C(F)(F)F,A5036b,openbind_a71ev2a_c1_scaffolds,A0310a,A3623a,,,,,,,,,,,,,,,,,,,,,,,,,
C=C(Br)CS(=O)(=O)NCc1cnco1,A5036b,openbind_a71ev2a_c1_scaffolds,A2629a,A4707a,,,,,,,,,,,,,,,,,,,,,,,,,
CC(OC(=O)c1cc(C2CC2)[nH]c(=O)c1)c1cnccn1,A5036b,openbind_a71ev2a_c1_scaffolds,A1775a,A4418a,,,,,,,,,,,,,,,,,,,,,,,,,
Cc1cc(C(=O)NC(C)CNC(=O)C2CCNC(=O)CC2)no1,A5036b,openbind_a71ev2a_c1_scaffolds,A2513a,A3568a,,,,,,,,,,,,,,,,,,,,,,,,,
CCCCOCC(O)Cc1ncco1,A5036b,openbind_a71ev2a_c1_scaffolds,A1445a,A4786a,,,,,,,,,,,,,,,,,,,,,,,,,
CC(CC(=O)NC1CCCC12CC2)C(F)(F)F,A5036b,openbind_a71ev2a_c1_scaffolds,A0239a,A4214a,,,,,,,,,,,,,,,,,,,,,,,,,
CC(C(=O)NOC1CCCCC1)N1CCN(C)CC1,A5036b,openbind_a71ev2a_c1_scaffolds,A0310a,A5425b,,,,,,,,,,,,,,,,,,,,,,,,,
c1nc2c(cc1C1CCCNC1)CCCC2,A5036b,openbind_a71ev2a_c1_scaffolds,A2629a,A5079a,,,,,,,,,,,,,,,,,,,,,,,,,
c1ccc2sc(N3CCN(C4CCSCC4)CC3)nc2c1,A5036b,openbind_a71ev2a_c1_scaffolds,A1779a,A4319a,,,,,,,,,,,,,,,,,,,,,,,,,
COCc1nc(C(=O)NCC(C)CNC(=O)c2cnc[nH]2)co1,A5036b,openbind_a71ev2a_c1_scaffolds,A0514b,A4794a,,,,,,,,,,,,,,,,,,,,,,,,,
CC(Sc1cccnn1)C(=O)N1CCNCC1,A5036b,openbind_a71ev2a_c1_scaffolds,A0719a,A3207a,,,,,,,,,,,,,,,,,,,,,,,,,
CC(C)CCOCCNc1ncco1,A5036b,openbind_a71ev2a_c1_scaffolds,A0719a,A3207a,,,,,,,,,,,,,,,,,,,,,,,,,
O=C(c1ccc2scnc2c1)N1CCN(C2CCSCC2)CC1,A5036b,openbind_a71ev2a_c1_scaffolds,A0719a,A3207a,,,,,,,,,,,,,,,,,,,,,,,,,
CC(F)(F)C1CCCN1C(=O)c1ccc2c(c1)NS(=O)(=O)C2,A5036b,openbind_a71ev2a_c1_scaffolds,A0719a,A3207a,,,,,,,,,,,,,,,,,,,,,,,,,
O=C(c1ccc2c(c1)NS(=O)(=O)C2)N1CCCC1CCCO,A5036b,openbind_a71ev2a_c1_scaffolds,A0719a,A3207a,,,,,,,,,,,,,,,,,,,,,,,,,
CC(CC(=O)NC1CCN(Cc2ccns2)C1)C(F)(F)F,A5036b,openbind_a71ev2a_c1_scaffolds,A0719a,A3207a,,,,,,,,,,,,,,,,,,,,,,,,,
O=C(Nc1cnn(C2CCCC2)c1)C1CCc2ccccc21,A5036b,openbind_a71ev2a_c1_scaffolds,A0719a,A3207a,,,,,,,,,,,,,,,,,,,,,,,,,
C1CNCC(C2CCC3CC32)C1,A5036b,openbind_a71ev2a_c1_scaffolds,A0719a,A3207a,,,,,,,,,,,,,,,,,,,,,,,,,
CC(CC(=O)Nc1cccc(C(=O)N2CCCC2)c1)C(F)(F)F,A5036b,openbind_a71ev2a_c1_scaffolds,A0719a,A3207a,,,,,,,,,,,,,,,,,,,,,,,,,
CCC(COC)C(=O)NC1CCN(C(=O)CCc2cn[nH]c2)C1,A5036b,openbind_a71ev2a_c1_scaffolds,A0719a,A3207a,,,,,,,,,,,,,,,,,,,,,,,,,
CCC(=O)NCC1CCCN1C(=O)C(C)Sc1ccccn1,A5036b,openbind_a71ev2a_c1_scaffolds,A0719a,A3207a,,,,,,,,,,,,,,,,,,,,,,,,,
Cc1cc(N2N=C(C(C)NC(=O)OC(C)(C)C)CC2=O)ccn1,A5036b,openbind_a71ev2a_c1_scaffolds,A0719a,A3207a,,,,,,,,,,,,,,,,,,,,,,,,,
O=C(CC1CCCC(C(F)(F)F)O1)NCc1c[nH]cn1,A5036b,openbind_a71ev2a_c1_scaffolds,A0473a,A3623a,,,,,,,,,,,,,,,,,,,,,,,,,
O=C(NCCc1ccc2cn[nH]c2c1)c1cn2c(n1)CCC2,A5036b,openbind_a71ev2a_c1_scaffolds,A0525a,A5036b,,,,,,,,,,,,,,,,,,,,,,,,,
CCC(NC(=O)c1nnc2ccc(Br)cn12)c1ccccn1,A5036b,openbind_a71ev2a_c1_scaffolds,A0541a,A0239a,,,,,,,,,,,,,,,,,,,,,,,,,
CCOCC(C)NC1CCNCC1,A5036b,openbind_a71ev2a_c1_scaffolds,A1779a,A3229a,,,,,,,,,,,,,,,,,,,,,,,,,
c1n[nH]cc1C1CCCC1,A5036b,openbind_a71ev2a_c1_scaffolds,A1779a,A3229a,,,,,,,,,,,,,,,,,,,,,,,,,
CC1=NNC(=O)C1CCNC(=O)C1CCCN1,A5036b,openbind_a71ev2a_c1_scaffolds,A1779a,A3229a,,,,,,,,,,,,,,,,,,,,,,,,,
O=C(CCc1nccs1)NCC1CCn2cnnc2C1,A5036b,openbind_a71ev2a_c1_scaffolds,A1779a,A3229a,,,,,,,,,,,,,,,,,,,,,,,,,
CC(CC(=O)NC1CCN(CCC2CCCC2)C1)C(F)(F)F,A5036b,openbind_a71ev2a_c1_scaffolds,A1776a,A4333a,,,,,,,,,,,,,,,,,,,,,,,,,
CC(C)(C)CCC(=O)c1cncnc1,A5036b,openbind_a71ev2a_c1_scaffolds,A1776a,A4333a,,,,,,,,,,,,,,,,,,,,,,,,,
CC(C)SCC(=O)c1cccnc1,A5036b,openbind_a71ev2a_c1_scaffolds,A1776a,A4333a,,,,,,,,,,,,,,,,,,,,,,,,,
c1cnn(C2CCCNCC2)c1,A5036b,openbind_a71ev2a_c1_scaffolds,A0556a,A4715a,,,,,,,,,,,,,,,,,,,,,,,,,
c1nc2n(c1C1CCCNC1)CCC2,A5036b,openbind_a71ev2a_c1_scaffolds,A0556a,A4715a,,,,,,,,,,,,,,,,,,,,,,,,,
Cc1oc(C2CNC2)nc1C(=O)NC(C)(C)CCCN(C)C,A5036b,openbind_a71ev2a_c1_scaffolds,A0556a,A4715a,,,,,,,,,,,,,,,,,,,,,,,,,
OC(CCNc1ccnc(-c2ccccn2)n1)c1ccccc1,A5036b,openbind_a71ev2a_c1_scaffolds,A0556a,A4715a,,,,,,,,,,,,,,,,,,,,,,,,,
CC(C)C(CNC(=O)c1cn(C(C)C)cn1)NC(=O)c1cc[nH]n1,A5036b,openbind_a71ev2a_c1_scaffolds,A0586a,A0239a,,,,,,,,,,,,,,,,,,,,,,,,,
CCC(=O)N1C2CCC1CC(CNC(=O)C(C)(C)CC)C2,A0875a,openbind_a71ev2a_c1_scaffolds,A0719a,A3621a,,,,,,,,,,,,,,,,,,,,,,,,,
CC(CC(F)(F)F)NC(=O)c1cnc2cccnn12,A0875a,openbind_a71ev2a_c1_scaffolds,A0719a,A3621a,,,,,,,,,,,,,,,,,,,,,,,,,
CCC(CNC(=O)C1CC1C1CCOCC1)NC(=O)c1cnccn1,A0875a,openbind_a71ev2a_c1_scaffolds,A3509a,A3623a,,,,,,,,,,,,,,,,,,,,,,,,,
CC(NC(=O)c1cccc(C(N)=O)n1)C1CC1,A0875a,openbind_a71ev2a_c1_scaffolds,A3181b,A3510a,,,,,,,,,,,,,,,,,,,,,,,,,
CCCS(=O)(=O)NC1CCCSC1,A0875a,openbind_a71ev2a_c1_scaffolds,A0341a,A1779a,,,,,,,,,,,,,,,,,,,,,,,,,
Cc1ccc2c(c1)CCCN2C(=O)CNC12CCCCCC1OCC2,A0875a,openbind_a71ev2a_c1_scaffolds,A0239a,A4706a,,,,,,,,,,,,,,,,,,,,,,,,,
CN(CCNC(=O)Cc1cnns1)C(=O)c1cnccc1N,A0875a,openbind_a71ev2a_c1_scaffolds,A0525a,A0341a,,,,,,,,,,,,,,,,,,,,,,,,,
C1CN(C2CCNCC2)CC2(C1)CC2,A0875a,openbind_a71ev2a_c1_scaffolds,A0525a,A0341a,,,,,,,,,,,,,,,,,,,,,,,,,
CC(C=O)n1cnc2c1CCCC2,A0875a,openbind_a71ev2a_c1_scaffolds,A1209a,A3618a,,,,,,,,,,,,,,,,,,,,,,,,,
c1cc2c(cc1-c1csc(C3CCNCC3)n1)OCCCO2,A0875a,openbind_a71ev2a_c1_scaffolds,A3623a,A4877b,,,,,,,,,,,,,,,,,,,,,,,,,
O=C(CCCc1nc2ccccc2s1)NC1CCCOC1,A0875a,openbind_a71ev2a_c1_scaffolds,A1778a,A4463a,,,,,,,,,,,,,,,,,,,,,,,,,
C#CC(CNC(=O)Cc1cncs1)CC(C)(C)C,A0875a,openbind_a71ev2a_c1_scaffolds,A0528a,A4311a,,,,,,,,,,,,,,,,,,,,,,,,,
CC1CCOCC1NCCNc1ccc2ccccc2n1,A0875a,openbind_a71ev2a_c1_scaffolds,A0528a,A4311a,,,,,,,,,,,,,,,,,,,,,,,,,
CCC(=O)C12CCCNCC1C2,A0875a,openbind_a71ev2a_c1_scaffolds,A0528a,A4311a,,,,,,,,,,,,,,,,,,,,,,,,,
Cn1ccnc1-c1noc(-c2cnc3ccoc3c2)n1,A0875a,openbind_a71ev2a_c1_scaffolds,A0528a,A4311a,,,,,,,,,,,,,,,,,,,,,,,,,
CC(C1CC1)N(C(=O)c1cnccn1)c1ccccc1,A0875a,openbind_a71ev2a_c1_scaffolds,A0719a,A3634a,,,,,,,,,,,,,,,,,,,,,,,,,
CC(NC(=O)CC1CCNC1=O)C1CCN(c2ncccn2)CC1,A0875a,openbind_a71ev2a_c1_scaffolds,A0719a,A3634a,,,,,,,,,,,,,,,,,,,,,,,,,
CC(C)C(SCC(C)(C)C)C(=O)NCc1cccnc1,A0875a,openbind_a71ev2a_c1_scaffolds,A0719a,A3634a,,,,,,,,,,,,,,,,,,,,,,,,,
CC(C)(C(=O)O)n1ccc(NC(=O)C23CNCC2C3)n1,A0875a,openbind_a71ev2a_c1_scaffolds,A0719a,A3634a,,,,,,,,,,,,,,,,,,,,,,,,,
CC(C)S(=O)(=O)C1CCN(C(=O)CC2CCCN2)C1,A0875a,openbind_a71ev2a_c1_scaffolds,A0719a,A3634a,,,,,,,,,,,,,,,,,,,,,,,,,
CSC(C)C(=O)N(C)C1CN(C(=O)C(C)Sc2ccccn2)C1,A0875a,openbind_a71ev2a_c1_scaffolds,A0719a,A3634a,,,,,,,,,,,,,,,,,,,,,,,,,
C1CCN(C23CCCNCC2C3)CC1,A0875a,openbind_a71ev2a_c1_scaffolds,A0719a,A3634a,,,,,,,,,,,,,,,,,,,,,,,,,
COCC1CCCN1C(=O)C(C)Sc1ccccn1,A0875a,openbind_a71ev2a_c1_scaffolds,A0719a,A3634a,,,,,,,,,,,,,,,,,,,,,,,,,
CCCC(C)CC(=O)N1CCCN(C(=O)CCc2ncc[nH]2)CC1,A0875a,openbind_a71ev2a_c1_scaffolds,A0719a,A3634a,,,,,,,,,,,,,,,,,,,,,,,,,
COCCCn1c(SC(C)C(=O)c2c[nH]c3ccccc23)n[nH]c1=O,A2629a,openbind_a71ev2a_c1_scaffolds,A1080a,A3975a,,,,,,,,,,,,,,,,,,,,,,,,,
O=C1C(=O)N(CN2CC=CCC2)c2cccc(Br)c21,A2629a,openbind_a71ev2a_c1_scaffolds,A1775a,A2304a,,,,,,,,,,,,,,,,,,,,,,,,,
C1CNC(C2CCC3CC32)C1,A2629a,openbind_a71ev2a_c1_scaffolds,A0556a,A3897a,,,,,,,,,,,,,,,,,,,,,,,,,
c1ccc(-c2cn[nH]c2)nc1,A2629a,openbind_a71ev2a_c1_scaffolds,A0556a,A3897a,,,,,,,,,,,,,,,,,,,,,,,,,
CCOC(=O)N1CCN(C(=O)CNC(=O)c2cc3ccccc3[nH]2)CC1,A2629a,openbind_a71ev2a_c1_scaffolds,A0719b,A3392a,,,,,,,,,,,,,,,,,,,,,,,,,
O=C(CN1CCCCC1)c1ccc2c(c1)CCCN2,A2629a,openbind_a71ev2a_c1_scaffolds,A1778a,A3550a,,,,,,,,,,,,,,,,,,,,,,,,,
Cc1cc(CCC(=O)NOC2CCCCC2)no1,A2629a,openbind_a71ev2a_c1_scaffolds,A1778a,A3550a,,,,,,,,,,,,,,,,,,,,,,,,,
O=c1cccc(N2CCCNCC2)[nH]1,A2629a,openbind_a71ev2a_c1_scaffolds,A3581a,A3623a,,,,,,,,,,,,,,,,,,,,,,,,,
CN(C)c1ccc(NC(=O)NCCCC2C=NNC2=O)nc1,A2629a,openbind_a71ev2a_c1_scaffolds,A3581a,A3623a,,,,,,,,,,,,,,,,,,,,,,,,,
c1cn(C2CNC2)cn1,A2629a,openbind_a71ev2a_c1_scaffolds,A3306a,A4445b,,,,,,,,,,,,,,,,,,,,,,,,,
CC(S)C(=O)N1CCC1,A2629a,openbind_a71ev2a_c1_scaffolds,A3306a,A4445b,,,,,,,,,,,,,,,,,,,,,,,,,
O=C(OCc1cnccn1)c1cncc(-n2ccnc2)n1,A2629a,openbind_a71ev2a_c1_scaffolds,A1779a,A4012a,,,,,,,,,,,,,,,,,,,,,,,,,
O=C(CC1NCc2ccccc21)Nc1cccc2cn[nH]c12,A2629a,openbind_a71ev2a_c1_scaffolds,A1779a,A4012a,,,,,,,,,,,,,,,,,,,,,,,,,
c1cncc(N2CCNC3CC32)c1,A2629a,openbind_a71ev2a_c1_scaffolds,A0719a,A3392a,,,,,,,,,,,,,,,,,,,,,,,,,
O=C(NCCCC1CCNCC1)c1cc(C2CC2)[nH]c(=O)c1,A2629a,openbind_a71ev2a_c1_scaffolds,A1778a,A4035a,,,,,,,,,,,,,,,,,,,,,,,,,
CC[S+]([O-])CC(=O)NCc1ccc(CN(C)C(=O)C(C)C)cc1,A2629a,openbind_a71ev2a_c1_scaffolds,A0486a,A4333a,,,,,,,,,,,,,,,,,,,,,,,,,
CC(c1ccncc1)N(C)S(=O)(=O)c1cccc2c1CCN2,A2629a,openbind_a71ev2a_c1_scaffolds,A3623a,A4445a,,,,,,,,,,,,,,,,,,,,,,,,,
c1ccc(N2CCC(NCc3cccc4[nH]ncc34)C2)nc1,A0556a,openbind_a71ev2a_c1_scaffolds,A0556a,A5036a,,,,,,,,,,,,,,,,,,,,,,,,,
CC(=O)NC(C)(C(=O)N1CCC(NC(=O)c2ncc[nH]2)CC1)C(C)C,A0556a,openbind_a71ev2a_c1_scaffolds,A1778a,A3694a,,,,,,,,,,,,,,,,,,,,,,,,,
Cc1conc1CC(=O)NCC(C)(NC(=O)C(F)F)C1CCC1,A0556a,openbind_a71ev2a_c1_scaffolds,A0354a,A0428a,,,,,,,,,,,,,,,,,,,,,,,,,
COCCN1CCC(NC(=O)CC(C)C(F)(F)F)C1,A0556a,openbind_a71ev2a_c1_scaffolds,A1775a,A3869a,,,,,,,,,,,,,,,,,,,,,,,,,
COC(=O)C(NC(=O)C1CNC(=O)N1C)c1cccnc1,A0556a,openbind_a71ev2a_c1_scaffolds,A3623a,A5091a,,,,,,,,,,,,,,,,,,,,,,,,,
CN1N=CC(CC(=O)NCC2CCCCN2)C1=O,A0556a,openbind_a71ev2a_c1_scaffolds,A0719a,A4388a,,,,,,,,,,,,,,,,,,,,,,,,,
CCC(=O)N1CCCC(CN(C)C(=O)c2ccc3c(c2)NCC3)C1,A0556a,openbind_a71ev2a_c1_scaffolds,A0719a,A4388a,,,,,,,,,,,,,,,,,,,,,,,,,
c1ccc2c(c1)NCC2C1CCC1,A0556a,openbind_a71ev2a_c1_scaffolds,A0719a,A4388a,,,,,,,,,,,,,,,,,,,,,,,,,
O=CCCc1nc2c(s1)CCCC2,A0556a,openbind_a71ev2a_c1_scaffolds,A0719a,A4388a,,,,,,,,,,,,,,,,,,,,,,,,,
CC(Cn1cccn1)C(=O)NCC=CCl,A0556a,openbind_a71ev2a_c1_scaffolds,A0719a,A4388a,,,,,,,,,,,,,,,,,,,,,,,,,
CCC(C)C(NC(=O)C1Cc2ccccc2CN1)C(=O)NC1CCCC1,A0556a,openbind_a71ev2a_c1_scaffolds,A0719a,A4388a,,,,,,,,,,,,,,,,,,,,,,,,,
CN(CCC(F)F)C(=O)C(=O)N(CC(F)F)C1CCNC1,A0556a,openbind_a71ev2a_c1_scaffolds,A0719a,A4388a,,,,,,,,,,,,,,,,,,,,,,,,,
CC(C)(C)C#CCC(=O)c1cnco1,A0556a,openbind_a71ev2a_c1_scaffolds,A1445a,A4650a,,,,,,,,,,,,,,,,,,,,,,,,,
CC(C)c1oncc1C(=O)NC(CNC(=O)C1CCCC1)C(C)(C)C,A0556a,openbind_a71ev2a_c1_scaffolds,A1775a,A5036b,,,,,,,,,,,,,,,,,,,,,,,,,
O=C1CCCN1CCOCCCl,A0556a,openbind_a71ev2a_c1_scaffolds,A0528a,A4445b,,,,,,,,,,,,,,,,,,,,,,,,,
CN(Cc1conc1C1CCC1)C(=O)NCC1CCCSC1,A0556a,openbind_a71ev2a_c1_scaffolds,A0719a,A3685a,,,,,,,,,,,,,,,,,,,,,,,,,
O=C(COC1CCCc2ccccc21)N1CCC(C(F)(F)F)C1,A0556a,openbind_a71ev2a_c1_scaffolds,A0719a,A3685a,,,,,,,,,,,,,,,,,,,,,,,,,
CC(O)C(=O)C1CCCN1,A0556a,openbind_a71ev2a_c1_scaffolds,A0719a,A3685a,,,,,,,,,,,,,,,,,,,,,,,,,
C=C1CC(NC(=O)C2Cc3ccccc3N2)C1,A0556a,openbind_a71ev2a_c1_scaffolds,A0719a,A3685a,,,,,,,,,,,,,,,,,,,,,,,,,
CC(Sc1ccccn1)C(=O)N1CCCCc2c(O)cccc21,A0556a,openbind_a71ev2a_c1_scaffolds,A0719a,A3685a,,,,,,,,,,,,,,,,,,,,,,,,,
O=C(c1cccc2[nH]ncc12)N1CCC(N2CCCC2)CC1,A0556a,openbind_a71ev2a_c1_scaffolds,A0719a,A3685a,,,,,,,,,,,,,,,,,,,,,,,,,
CC(C#N)C(=O)N1CCCC(CNC(=O)c2cccc3cn[nH]c23)C1,A0556a,openbind_a71ev2a_c1_scaffolds,A0719a,A3685a,,,,,,,,,,,,,,,,,,,,,,,,,
CCCNC(=O)c1ccc2c(c1)S(=O)(=O)N=C(C)N2CC(C)C,A0556a,openbind_a71ev2a_c1_scaffolds,A0719a,A3685a,,,,,,,,,,,,,,,,,,,,,,,,,
O=C(NCCCCCN1CCNCC1)N1CCc2ccccc21,A0556a,openbind_a71ev2a_c1_scaffolds,A0719a,A3685a,,,,,,,,,,,,,,,,,,,,,,,,,
O=C(c1ccc2c(c1)CCCCN2)N1CCC(O)C1,A0556a,openbind_a71ev2a_c1_scaffolds,A2846a,A3618a,,,,,,,,,,,,,,,,,,,,,,,,,
COC(C)C(=O)N1CCC(C(C)NC(=O)Cc2cn[nH]c2)CC1,A0556a,openbind_a71ev2a_c1_scaffolds,A2846a,A3618a,,,,,,,,,,,,,,,,,,,,,,,,,
C=C1CC(CC(=O)Nc2ccn(C(C)(C)C(=O)O)n2)C1,A0556a,openbind_a71ev2a_c1_scaffolds,A2629a,A4445b,,,,,,,,,,,,,,,,,,,,,,,,,
C1CCNC(C2CCCNC2)CC1,A0556a,openbind_a71ev2a_c1_scaffolds,A0719a,A5425b,,,,,,,,,,,,,,,,,,,,,,,,,
CCC(C)C(=O)NCC(=O)N1CCCC(CNC(=O)c2ncc[nH]2)C1,A0556a,openbind_a71ev2a_c1_scaffolds,A0428a,A3181b,,,,,,,,,,,,,,,,,,,,,,,,,
CC(CCNC(=O)C=Cc1cocn1)[S+](C)[O-],A0556a,openbind_a71ev2a_c1_scaffolds,A0875a,A4509a,,,,,,,,,,,,,,,,,,,,,,,,,
O=C(Cc1ccn(C2CCCC2)n1)NN1CCCC1=O,A0556a,openbind_a71ev2a_c1_scaffolds,A1778a,A3392a,,,,,,,,,,,,,,,,,,,,,,,,,
CC(C)(C)C(=O)CC1CCCNC1,A0514b,openbind_a71ev2a_c1_scaffolds,A1445a,A4214a,,,,,,,,,,,,,,,,,,,,,,,,,
CON(CCC(C)C)CC1CCc2nncn2C1,A0514b,openbind_a71ev2a_c1_scaffolds,A0528a,A1445a,,,,,,,,,,,,,,,,,,,,,,,,,
CSC(C)CC(=O)NCCC1CCCN(C(=O)CCC2CC2)C1,A0514b,openbind_a71ev2a_c1_scaffolds,A4298a,A0239a,A1778a,,,,,,,,,,,,,,,,,,,,,,,,
CN1CCC(N(C)C(=O)c2ccc3c(c2)NS(=O)(=O)C3)CC1,A0514b,openbind_a71ev2a_c1_scaffolds,A1775a,A4237b,,,,,,,,,,,,,,,,,,,,,,,,,
C1=C(c2ccc3c(c2)NCC3)CCCCC1,A0514b,openbind_a71ev2a_c1_scaffolds,A1775a,A4237b,,,,,,,,,,,,,,,,,,,,,,,,,
O=C(c1ccc2c(c1)NS(=O)(=O)C2)N1CCCCC1C(F)(F)CO,A0514b,openbind_a71ev2a_c1_scaffolds,A0556a,A0717a,A4650a,,,,,,,,,,,,,,,,,,,,,,,,
CC(Sc1nc2ncccn2n1)C(=O)N1CCC(C(N)=O)CC1,A0514b,openbind_a71ev2a_c1_scaffolds,A0556a,A0717a,A4650a,,,,,,,,,,,,,,,,,,,,,,,,
O=C(COC1CCCc2ccccc21)N1CCCC1,A0514b,openbind_a71ev2a_c1_scaffolds,A2304a,A4445b,,,,,,,,,,,,,,,,,,,,,,,,,
CC(Sc1nc2ccccc2c(=O)[nH]1)C(=O)N1CCC(c2ncc[nH]2)CC1,A0514b,openbind_a71ev2a_c1_scaffolds,A0239a,A4304a,,,,,,,,,,,,,,,,,,,,,,,,,
CC(C)c1cc(CNC(=O)COC2CCNC2)on1,A0514b,openbind_a71ev2a_c1_scaffolds,A0719a,A4445b,,,,,,,,,,,,,,,,,,,,,,,,,
CCCCCCC(=O)NCC(C)N1CCCCC1,A0514b,openbind_a71ev2a_c1_scaffolds,A0239a,A3890a,,,,,,,,,,,,,,,,,,,,,,,,,
CC(=O)N1CCN(C(=O)NCCc2ccncc2)CC12CCCCC2,A0514b,openbind_a71ev2a_c1_scaffolds,A0239a,A3890a,,,,,,,,,,,,,,,,,,,,,,,,,
CC(C)C(=O)N(C)C1CC2CCC(C1)N2C(=O)CCC1CC1,A0514b,openbind_a71ev2a_c1_scaffolds,A0239a,A3890a,,,,,,,,,,,,,,,,,,,,,,,,,
CSC=CC(=O)NCCC1CCNCC1,A0514b,openbind_a71ev2a_c1_scaffolds,A2304a,A3417a,,,,,,,,,,,,,,,,,,,,,,,,,
CC(C)(C)C=C1CCCC1C1CCCCN1,A0514b,openbind_a71ev2a_c1_scaffolds,A1080a,A3990a,,,,,,,,,,,,,,,,,,,,,,,,,
CC(CC(=O)N(C1CC1)C1CCNC1)C(F)(F)F,A0514b,openbind_a71ev2a_c1_scaffolds,A0719a,A3956a,,,,,,,,,,,,,,,,,,,,,,,,,
Cc1ccc2nnc(C(=O)NCCCc3cnccn3)n2c1,A0514b,openbind_a71ev2a_c1_scaffolds,A1779a,A4368a,,,,,,,,,,,,,,,,,,,,,,,,,
c1cc2c(c(N3CCCCCC3)c1)NCCC2,A0514b,openbind_a71ev2a_c1_scaffolds,A1779a,A4368a,,,,,,,,,,,,,,,,,,,,,,,,,
CCCC(C)CN(C)C(=O)C(=O)N1CCCC(c2ncc[nH]2)C1,A0514b,openbind_a71ev2a_c1_scaffolds,A1779a,A4368a,,,,,,,,,,,,,,,,,,,,,,,,,
CC(C)(C(=O)NCC(F)(F)F)C1CCCNC1,A0514b,openbind_a71ev2a_c1_scaffolds,A1779a,A4368a,,,,,,,,,,,,,,,,,,,,,,,,,
CC(=O)NCC1CCN(C(=O)C(C)Sc2ccccn2)CC1,A0514b,openbind_a71ev2a_c1_scaffolds,A1779a,A4368a,,,,,,,,,,,,,,,,,,,,,,,,,
c1ccc(N2CCCCC2)nc1,A0514b,openbind_a71ev2a_c1_scaffolds,A2629a,A4237a,,,,,,,,,,,,,,,,,,,,,,,,,
CCC(NC(=O)OC(C)(C)C)C1CCC(=O)N1,A0514b,openbind_a71ev2a_c1_scaffolds,A2629a,A4237a,,,,,,,,,,,,,,,,,,,,,,,,,
CCNC(=O)CC1CCCCN1,A0514b,openbind_a71ev2a_c1_scaffolds,A1293a,A4874b,,,,,,,,,,,,,,,,,,,,,,,,,
CC(C(=O)NO)N1CCCCC1=O,A0514b,openbind_a71ev2a_c1_scaffolds,A0719a,A3178a,,,,,,,,,,,,,,,,,,,,,,,,,
CC(=O)NCC1CCCN(C(=O)C(C)Sc2ccccn2)C1,A0514b,openbind_a71ev2a_c1_scaffolds,A0719a,A3178a,,,,,,,,,,,,,,,,,,,,,,,,,
OC(c1ncc[nH]1)C1CCN(c2cncc3ncnn23)CC1,A0514b,openbind_a71ev2a_c1_scaffolds,A3623a,A4305a,,,,,,,,,,,,,,,,,,,,,,,,,
c1n[nH]cc1C12CNCC1C2,A0514b,openbind_a71ev2a_c1_scaffolds,A0719a,A4706a,,,,,,,,,,,,,,,,,,,,,,,,,
COCC=Cc1cccc2c1NCC2,A0514b,openbind_a71ev2a_c1_scaffolds,A0514b,A3436a,,,,,,,,,,,,,,,,,,,,,,,,,
CC(S)C(=O)N1CC2(CC2)C1,A4806a,openbind_a71ev2a_c1_scaffolds,A0719a,A3510a,,,,,,,,,,,,,,,,,,,,,,,,,
CCC(=O)NOC1CCCCC1,A4806a,openbind_a71ev2a_c1_scaffolds,A0719a,A3510a,,,,,,,,,,,,,,,,,,,,,,,,,
CCC(=O)NCC1CC2CCC(C1)N2C(=O)CCC1CCCO1,A4806a,openbind_a71ev2a_c1_scaffolds,A3623a,A4786a,,,,,,,,,,,,,,,,,,,,,,,,,
C=CCCCCCC(=O)c1ccccn1,A4806a,openbind_a71ev2a_c1_scaffolds,A1775a,A4274b,,,,,,,,,,,,,,,,,,,,,,,,,
CC(C)C(C)CC(=O)N1CCCC(NC(=O)CC#N)CC1,A4806a,openbind_a71ev2a_c1_scaffolds,A1775a,A4274b,,,,,,,,,,,,,,,,,,,,,,,,,
CCOC(=O)NC1CCCN(C(=O)c2cn3c(n2)CCC3)C1,A4806a,openbind_a71ev2a_c1_scaffolds,A0239a,A4712a,,,,,,,,,,,,,,,,,,,,,,,,,
Cc1cc2c(cc1NC(=O)C(C#N)C1CCNCC1)OCO2,A4806a,openbind_a71ev2a_c1_scaffolds,A0239a,A4712a,,,,,,,,,,,,,,,,,,,,,,,,,
COC1(C(=O)NCCC(C)NC(=O)Cc2cnoc2)CCOC1,A0556a,openbind_a71ev2a_c1_scaffolds,A1775a,A3858b,,,,,,,,,,,,,,,,,,,,,,,,,
CC(C(=O)NO)N1CCNCC1,A0556a,openbind_a71ev2a_c1_scaffolds,A1776a,A1778a,A4873b,,,,,,,,,,,,,,,,,,,,,,,,
CN(CCNC(=O)CC1CCC(=O)N1)C(=O)c1cccnc1,A0556a,openbind_a71ev2a_c1_scaffolds,A0719a,A4350a,,,,,,,,,,,,,,,,,,,,,,,,,
COCCN(C(=O)CC1CCN1)C1CCS(=O)(=O)C1,A0556a,openbind_a71ev2a_c1_scaffolds,A0719a,A4350a,,,,,,,,,,,,,,,,,,,,,,,,,
c1ccc2c(c1)NCC2C1CCCC1,A0556a,openbind_a71ev2a_c1_scaffolds,A0719a,A4350a,,,,,,,,,,,,,,,,,,,,,,,,,
Cc1cccc2c1C(NC(=O)C(C#N)C1CCNCC1)CCC2,A0556a,openbind_a71ev2a_c1_scaffolds,A0719a,A4350a,,,,,,,,,,,,,,,,,,,,,,,,,
CC(S)C(=O)N1CCC2CC21,A0556a,openbind_a71ev2a_c1_scaffolds,A1445a,A3201a,,,,,,,,,,,,,,,,,,,,,,,,,
CC(C)C(NC(=O)c1ccnn1C1CCCC1)c1ncc[nH]1,A0556a,openbind_a71ev2a_c1_scaffolds,A1445a,A3201a,,,,,,,,,,,,,,,,,,,,,,,,,
N#CCC(=O)NC1CNCC2(CC2)C1,A0556a,openbind_a71ev2a_c1_scaffolds,A3306a,A3623a,,,,,,,,,,,,,,,,,,,,,,,,,
CON(C)CCc1ccccn1,A0556a,openbind_a71ev2a_c1_scaffolds,A1778a,A4706a,,,,,,,,,,,,,,,,,,,,,,,,,
COC(=O)NCC(=O)NCC(C)NC(=O)C1CCCC(=O)N1,A0556a,openbind_a71ev2a_c1_scaffolds,A1778a,A4706a,,,,,,,,,,,,,,,,,,,,,,,,,
N#CC(C(=O)NC1CC=CC1)C1CCNCC1,A0556a,openbind_a71ev2a_c1_scaffolds,A1778a,A3371a,,,,,,,,,,,,,,,,,,,,,,,,,
CCOCC(=O)N1CCC(C(C)NC(=O)Cc2cn[nH]c2)CC1,A0556a,openbind_a71ev2a_c1_scaffolds,A0719a,A4031b,,,,,,,,,,,,,,,,,,,,,,,,,
CC(CC(=O)N1CCc2ccccc2C1)C1CCNCC1,A0556a,openbind_a71ev2a_c1_scaffolds,A0719a,A4031b,,,,,,,,,,,,,,,,,,,,,,,,,
CC(NC(=O)C1CCc2ccccc2CC1)C1CC1,A0556a,openbind_a71ev2a_c1_scaffolds,A0719a,A4031b,,,,,,,,,,,,,,,,,,,,,,,,,
CC(CNC(=O)Nc1nnc(-c2ccccn2)s1)N1CCc2sccc2C1,A0556a,openbind_a71ev2a_c1_scaffolds,A0719a,A4031b,,,,,,,,,,,,,,,,,,,,,,,,,
O=C1C(=O)N(C2CCNCC2)c2cc(Cl)ccc21,A0556a,openbind_a71ev2a_c1_scaffolds,A0719a,A4031b,,,,,,,,,,,,,,,,,,,,,,,,,
CC(CF)C(=O)NCC1CCCN1C(=O)CCc1ncc[nH]1,A0556a,openbind_a71ev2a_c1_scaffolds,A1779a,A4350a,,,,,,,,,,,,,,,,,,,,,,,,,
COCc1ccnc(NC(=O)c2ccc3c(c2)NS(=O)(=O)C3)c1,A0556a,openbind_a71ev2a_c1_scaffolds,A1293a,A4877b,,,,,,,,,,,,,,,,,,,,,,,,,
N#CCN(CC#N)C(=O)CCC1CCCCN1,A0556a,openbind_a71ev2a_c1_scaffolds,A3435a,A3623a,,,,,,,,,,,,,,,,,,,,,,,,,
CC(C)C(=O)N(C(C)C)C1CCCNC1,A0556a,openbind_a71ev2a_c1_scaffolds,A3222a,A3623a,,,,,,,,,,,,,,,,,,,,,,,,,
O=C1SCCN1CCC(=O)N1CCCC1c1nnc2ccccn12,A0556a,openbind_a71ev2a_c1_scaffolds,A2513a,A4274a,,,,,,,,,,,,,,,,,,,,,,,,,
NC(=O)c1ccc(NC(=O)c2ccc3c(c2)NS(=O)(=O)C3)nc1,A0556a,openbind_a71ev2a_c1_scaffolds,A0556a,A3194a,,,,,,,,,,,,,,,,,,,,,,,,,
CCC=C(C)C(=O)NCC1CCCCN1,A0556a,openbind_a71ev2a_c1_scaffolds,A0556a,A3194a,,,,,,,,,,,,,,,,,,,,,,,,,
O=C(NC(Cc1ccccc1)c1ncco1)N1CCC12CCOC2,A0556a,openbind_a71ev2a_c1_scaffolds,A1445a,A4563a,,,,,,,,,,,,,,,,,,,,,,,,,
CC(OC(=O)c1ccc2c(c1)NS(=O)(=O)C2)c1cccnc1,A0556a,openbind_a71ev2a_c1_scaffolds,A3623a,A5394a,,,,,,,,,,,,,,,,,,,,,,,,,
CCOC(=O)N(C)Cc1ccncc1,A0556a,openbind_a71ev2a_c1_scaffolds,A3564a,A4445a,,,,,,,,,,,,,,,,,,,,,,,,,
c1n[nH]cc1Cc1nc(-c2ccn3cnnc3c2)no1,A0556a,openbind_a71ev2a_c1_scaffolds,A3564a,A4445a,,,,,,,,,,,,,,,,,,,,,,,,,
C=C(C)C(C)(F)C1CCCCN1,A0556a,openbind_a71ev2a_c1_scaffolds,A0556a,A4751a,,,,,,,,,,,,,,,,,,,,,,,,,
CCc1cnc(CC(=O)NC(C)CNC(=O)c2cscn2)[nH]1,A0556a,openbind_a71ev2a_c1_scaffolds,A0556a,A4751a,,,,,,,,,,,,,,,,,,,,,,,,,
CCOc1ccc2c(c1)N(CN(C)CC1CCC1)C(=O)C2=O,A0556a,openbind_a71ev2a_c1_scaffolds,A0719a,A4031b,,,,,,,,,,,,,,,,,,,,,,,,,
CC1C(C(=O)O)(n2cccn2)CCS1(=O)=O,A4012a,openbind_a71ev2a_c1_scaffolds,A0354a,A0428a,,,,,,,,,,,,,,,,,,,,,,,,,
C1CC(C2CCC3CC32)CN1,A4012a,openbind_a71ev2a_c1_scaffolds,A0719a,A4368a,,,,,,,,,,,,,,,,,,,,,,,,,
CCCCC(=O)NCC1CCN(Cc2ccc3c(c2)OCCO3)CC1,A4012a,openbind_a71ev2a_c1_scaffolds,A0719a,A3940a,,,,,,,,,,,,,,,,,,,,,,,,,
NS(=O)(=O)CCCN1CCC2CC21,A4012a,openbind_a71ev2a_c1_scaffolds,A0719a,A3510a,,,,,,,,,,,,,,,,,,,,,,,,,
CN(Cc1ccc2c(c1)OCO2)C(=O)C(=O)NCCC1CCCS1,A4012a,openbind_a71ev2a_c1_scaffolds,A0719a,A4020a,,,,,,,,,,,,,,,,,,,,,,,,,
COC(OC)C(O)C(=O)C1CCCCN1,A4012a,openbind_a71ev2a_c1_scaffolds,A0719a,A4020a,,,,,,,,,,,,,,,,,,,,,,,,,
CCOC(=O)C(O)CN1CCCCC1,A4012a,openbind_a71ev2a_c1_scaffolds,A0719a,A4020a,,,,,,,,,,,,,,,,,,,,,,,,,
CC(NC(=O)c1cccc2[nH]ncc12)C(C)(C)NC(=O)CO,A4012a,openbind_a71ev2a_c1_scaffolds,A0719a,A4020a,,,,,,,,,,,,,,,,,,,,,,,,,
O=C(COC1CCCC1)N1CCC(c2ccn[nH]2)C1,A4012a,openbind_a71ev2a_c1_scaffolds,A0719a,A4020a,,,,,,,,,,,,,,,,,,,,,,,,,
CC(=O)C(Cc1ccncc1)C(C)C,A4012a,openbind_a71ev2a_c1_scaffolds,A0719a,A4020a,,,,,,,,,,,,,,,,,,,,,,,,,
c1ccc(-c2nnc3n2CC(c2nc(C4CCCN4)no2)CC3)cc1,A4012a,openbind_a71ev2a_c1_scaffolds,A0719a,A4020a,,,,,,,,,,,,,,,,,,,,,,,,,
CC#CC(=O)C(C)(O)C1CCCN1,A4012a,openbind_a71ev2a_c1_scaffolds,A0719a,A3581a,,,,,,,,,,,,,,,,,,,,,,,,,
CCC(C)CCNC(=O)C(C)c1cccnc1,A4012a,openbind_a71ev2a_c1_scaffolds,A0719a,A3581a,,,,,,,,,,,,,,,,,,,,,,,,,
O=C(Oc1cccc(-c2ccccn2)c1)C1CCS(=O)(=O)C1,A4012a,openbind_a71ev2a_c1_scaffolds,A0239a,A4012b,,,,,,,,,,,,,,,,,,,,,,,,,
CC(NS(=O)(=O)C(C)C)C1CCCNC1,A4012a,openbind_a71ev2a_c1_scaffolds,A1779a,A4032b,,,,,,,,,,,,,,,,,,,,,,,,,
CCC(=O)N1C2CCC1CC(NC(=O)CCc1cnccn1)C2,A4012a,openbind_a71ev2a_c1_scaffolds,A0351b,A4570a,,,,,,,,,,,,,,,,,,,,,,,,,
O=C(CCc1ccc2c(c1)OCO2)Nc1ccn(C2CCC2)n1,A4012a,openbind_a71ev2a_c1_scaffolds,A0351b,A4570a,,,,,,,,,,,,,,,,,,,,,,,,,
CCCN1CCC(CNC(=O)c2ccnc3c2CC(=O)N3)CC1,A4012a,openbind_a71ev2a_c1_scaffolds,A2629a,A3568a,,,,,,,,,,,,,,,,,,,,,,,,,
Cc1cnccc1NCc1ccc2cc[nH]c2c1,A4012a,openbind_a71ev2a_c1_scaffolds,A2629a,A3568a,,,,,,,,,,,,,,,,,,,,,,,,,
O=C1CC(C(=O)NCCC2CCCN2)=NN1,A4012a,openbind_a71ev2a_c1_scaffolds,A1445a,A3229a,,,,,,,,,,,,,,,,,,,,,,,,,
CCCCN(CCCC)C(=O)N(C)C1CCNCC1,A4012a,openbind_a71ev2a_c1_scaffolds,A1775a,A4563a,,,,,,,,,,,,,,,,,,,,,,,,,
COC(C)C=NN1CCCCC1=O,A4012a,openbind_a71ev2a_c1_scaffolds,A1775a,A4563a,,,,,,,,,,,,,,,,,,,,,,,,,
C=C(CC)CC(=O)CC1CCCN1,A4012a,openbind_a71ev2a_c1_scaffolds,A0497a,A1293a,,,,,,,,,,,,,,,,,,,,,,,,,
O=C(Nc1n[nH]c2cc(F)ccc12)c1cccn2cnnc12,A4012a,openbind_a71ev2a_c1_scaffolds,A0497a,A1293a,,,,,,,,,,,,,,,,,,,,,,,,,
CCCC(=CC(=O)Nc1cccnc1)CCC,A4012a,openbind_a71ev2a_c1_scaffolds,A0497a,A1293a,,,,,,,,,,,,,,,,,,,,,,,,,
c1nc(C2CCNCC2)n2c1CCC2,A4012a,openbind_a71ev2a_c1_scaffolds,A0497a,A1293a,,,,,,,,,,,,,,,,,,,,,,,,,
CCCCCCCCCCC(=O)N1CCC(O)(c2ccn[nH]2)CC1,A4012a,openbind_a71ev2a_c1_scaffolds,A1779a,A4365b,,,,,,,,,,,,,,,,,,,,,,,,,
CCC(=O)C1CC2(CC2)CN1,A4012a,openbind_a71ev2a_c1_scaffolds,A0608a,A0239a,,,,,,,,,,,,,,,,,,,,,,,,,
CN(Cc1nnc2ccccn12)C(=O)NCC1CCCCN1,A4012a,openbind_a71ev2a_c1_scaffolds,A0608a,A0239a,,,,,,,,,,,,,,,,,,,,,,,,,
CC(CC(=O)Nc1ccn(C2CCCCC2)n1)C(F)(F)F,A4012a,openbind_a71ev2a_c1_scaffolds,A1445a,A4707a,,,,,,,,,,,,,,,,,,,,,,,,,
CC(C)CNS(=O)(=O)N1CCCCC1,A4012a,openbind_a71ev2a_c1_scaffolds,A1775a,A4032a,,,,,,,,,,,,,,,,,,,,,,,,,
O=C1CCC(C2CCSC2)N1,A0525a,openbind_a71ev2a_c1_scaffolds,A1775a,A3990a,,,,,,,,,,,,,,,,,,,,,,,,,
CCN(Cc1ccccn1)C(=O)c1cnc(C2CCNCC2)o1,A0525a,openbind_a71ev2a_c1_scaffolds,A0528a,A0239a,,,,,,,,,,,,,,,,,,,,,,,,,
CN(C(=O)CCNC(N)=O)C1CCN(C(=O)c2cc[nH]n2)CC1,A0525a,openbind_a71ev2a_c1_scaffolds,A1776a,A3579a,,,,,,,,,,,,,,,,,,,,,,,,,
NC(=O)CC(O)C(=O)NC1CC(CCNC(=O)c2cscn2)C1,A0525a,openbind_a71ev2a_c1_scaffolds,A1776a,A3579a,,,,,,,,,,,,,,,,,,,,,,,,,
C=C1CCCN(CCC=O)C1,A0525a,openbind_a71ev2a_c1_scaffolds,A0586a,A4031a,,,,,,,,,,,,,,,,,,,,,,,,,
C=C1CC2CCC(C1)N2CN1C(=O)C(=O)c2c(Br)cccc21,A0514b,openbind_a71ev2a_c1_scaffolds,A0497a,A1105b,,,,,,,,,,,,,,,,,,,,,,,,,
CC(OC(F)F)C(=O)Nc1n[nH]c2cccc(-n3cccn3)c12,A0514b,openbind_a71ev2a_c1_scaffolds,A0497a,A1105b,,,,,,,,,,,,,,,,,,,,,,,,,
O=C(NCCCC1CCCN1)c1ccc(=O)[nH]c1,A0514b,openbind_a71ev2a_c1_scaffolds,A0514b,A3621a,,,,,,,,,,,,,,,,,,,,,,,,,
CN(C(=O)CC1CCCCN1)C(CC(N)=O)c1ccccc1,A0514b,openbind_a71ev2a_c1_scaffolds,A0556a,A3920a,,,,,,,,,,,,,,,,,,,,,,,,,
O=S(=O)(CCCC1CC1)N(C1CCNCC1)C1CC1,A3392a,openbind_a71ev2a_c1_scaffolds,A0719a,A3223a,,,,,,,,,,,,,,,,,,,,,,,,,
COC(C)CNC1CCCN(C(=O)c2ccnc3c2CC(=O)N3)C1,A3392a,openbind_a71ev2a_c1_scaffolds,A0719a,A4418a,,,,,,,,,,,,,,,,,,,,,,,,,
CN(CC1CCN(C(=O)CCCF)C1)C(=O)C(C)(C)c1ccns1,A3392a,openbind_a71ev2a_c1_scaffolds,A0719a,A4418a,,,,,,,,,,,,,,,,,,,,,,,,,
CC=CC=CCNS(=O)(=O)N1CCCCC1,A3897a,openbind_a71ev2a_c1_scaffolds,A0719a,A4020b,,,,,,,,,,,,,,,,,,,,,,,,,
CCC(=O)C1=NCCC1,A3897a,openbind_a71ev2a_c1_scaffolds,A0875a,A4570a,,,,,,,,,,,,,,,,,,,,,,,,,
c1cc(-c2ncco2)ccn1,A3897a,openbind_a71ev2a_c1_scaffolds,A0556a,A3435a,,,,,,,,,,,,,,,,,,,,,,,,,
O=C(NCCc1cc[nH]n1)c1ccnc(-n2ccnc2)c1,A3897a,openbind_a71ev2a_c1_scaffolds,A0556a,A3435a,,,,,,,,,,,,,,,,,,,,,,,,,
C1CCC(c2nc3c([nH]2)CCCC3)NC1,A3897a,openbind_a71ev2a_c1_scaffolds,A3371a,A3706a,,,,,,,,,,,,,,,,,,,,,,,,,
C1CC(c2nc3c([nH]2)CCSC3)CCN1,A3897a,openbind_a71ev2a_c1_scaffolds,A3371a,A3706a,,,,,,,,,,,,,,,,,,,,,,,,,
CC(=O)CC(O)C1CCCNC1,A3897a,openbind_a71ev2a_c1_scaffolds,A0719a,A3509a,,,,,,,,,,,,,,,,,,,,,,,,,
