target-names,no-steps,concentration-required-mM,amount-required-uL,batch-tag,reactant-1-1,reactant-2-1,reaction-product-smiles-1,reaction-name-1,reaction-recipe-1,reaction-groupby-column-1
C142812,1,,,,O=C(O)c1ccc2c(c1)C1(CCOCC1)C(=O)N2,CN1Cc2cc(N)ccc2C1(C)C,CN1Cc2cc(NC(=O)c3ccc4c(c3)C3(CCOCC3)C(=O)N4)ccc2C1(C)C,Amidation,,
C142814,1,,,,O=C(O)c1ccc2c(c1)C1(CCOCC1)C(=O)N2,COCCCN1Cc2ccc(N)cc2C1,COCCCN1Cc2ccc(NC(=O)c3ccc4c(c3)C3(CCOCC3)C(=O)N4)cc2C1,Amidation,,
C142816,1,,,,O=C(O)c1ccc2c(c1)C1(CCOCC1)C(=O)N2,CC(C)CCN1Cc2ccc(N)cc2C1,CC(C)CCN1Cc2ccc(NC(=O)c3ccc4c(c3)C3(CCOCC3)C(=O)N4)cc2C1,Amidation,,
C142818,1,,,,O=C(O)c1ccc2c(c1)C1(CCOCC1)C(=O)N2,CCOCCCN1Cc2ccc(N)cc2C1,CCOCCCN1Cc2ccc(NC(=O)c3ccc4c(c3)C3(CCOCC3)C(=O)N4)cc2C1,Amidation,,
C190130,1,,,,Nc1cc(Cl)cc2cccnc12,CCN1C(=O)c2ccccc2N2C(=O)CCC12C(=O)O,CCN1C(=O)c2ccccc2N2C(=O)CCC12C(=O)Nc1cc(Cl)cc2cccnc12,Amidation,,
C190210,1,,,,Cc1cc(N)c2ncc(Br)cc2c1,CC(C)(C)OC(=O)N1CCC2(CC(=O)NC2C(=O)O)C1,Cc1cc(NC(=O)C2NC(=O)CC23CCN(C(=O)OC(C)(C)C)C3)c2ncc(Br)cc2c1,Amidation,,
C190217,1,,,,Cc1ccc2cccc(N)c2n1,CC(C)(C)OC(=O)N1CCC2(CC1)CC(=O)NC2C(=O)O,Cc1ccc2cccc(NC(=O)C3NC(=O)CC34CCN(C(=O)OC(C)(C)C)CC4)c2n1,Amidation,,
C190550,1,,,,Nc1cc(Cl)cc2cccnc12,CC(C)(C)OC(=O)C1CCN(c2ccc(Cl)nn2)CC1,O=C(Nc1cc(Cl)cc2cccnc12)C1CCN(c2ccc(Cl)nn2)CC1,Ester_amidation,,
C181936,1,,,,CCc1c(N)cnn1CC,Cc1ccc2cc(C(=O)O)c3ccc(C)nc3c2n1,CCc1c(NC(=O)c2cc3ccc(C)nc3c3nc(C)ccc23)cnn1CC,Amidation,,
C181937,1,,,,CC(C)c1c(N)cnn1C,Cc1ccc2cc(C(=O)O)c3ccc(C)nc3c2n1,Cc1ccc2cc(C(=O)Nc3cnn(C)c3C(C)C)c3ccc(C)nc3c2n1,Amidation,,
C190889,1,,,,Cc1nc2cc(Cl)cc(C(=O)O)c2[nH]1,CCN1Cc2ccc(N)cc2C1,CCN1Cc2ccc(NC(=O)c3cc(Cl)cc4[nH]c(C)nc34)cc2C1,Amidation,,
C190899,1,,,,Cc1nc2cc(Cl)cc(C(=O)O)c2[nH]1,CCCCN1Cc2ccc(N)cc2C1,CCCCN1Cc2ccc(NC(=O)c3cc(Cl)cc4[nH]c(C)nc34)cc2C1,Amidation,,
C190900,1,,,,Nc1ccc2c(c1)CN(CC(F)F)C2,Cc1nc2cc(Cl)cc(C(=O)O)c2[nH]1,Cc1nc2c(C(=O)Nc3ccc4c(c3)CN(CC(F)F)C4)cc(Cl)cc2[nH]1,Amidation,,
C190902,1,,,,Cc1nc2cc(Cl)cc(C(=O)O)c2[nH]1,CC(C)CCN1Cc2ccc(N)cc2C1,Cc1nc2c(C(=O)Nc3ccc4c(c3)CN(CCC(C)C)C4)cc(Cl)cc2[nH]1,Amidation,,
C190903,1,,,,Cc1nc2cc(Cl)cc(C(=O)O)c2[nH]1,CCCCN1Cc2cc(N)ccc2C1=O,CCCCN1Cc2cc(NC(=O)c3cc(Cl)cc4[nH]c(C)nc34)ccc2C1=O,Amidation,,
C190908,1,,,,Cc1nc2cc(Cl)cc(C(=O)O)c2[nH]1,COCCN1Cc2cc(N)ccc2C1=O,COCCN1Cc2cc(NC(=O)c3cc(Cl)cc4[nH]c(C)nc34)ccc2C1=O,Amidation,,
C190910,1,,,,Cc1nc2cc(Cl)cc(C(=O)O)c2[nH]1,COCCCN1Cc2ccc(N)cc2C1,COCCCN1Cc2ccc(NC(=O)c3cc(Cl)cc4[nH]c(C)nc34)cc2C1,Amidation,,
C190914,1,,,,Cc1nc2cc(Cl)cc(C(=O)O)c2[nH]1,CCOCCCN1Cc2ccc(N)cc2C1,CCOCCCN1Cc2ccc(NC(=O)c3cc(Cl)cc4[nH]c(C)nc34)cc2C1,Amidation,,
C190919,1,,,,Cc1nc2cc(Cl)cc(C(=O)O)c2[nH]1,Nc1ccc2c(c1)CN(C1CC(=O)NC1=O)C2=O,Cc1nc2c(C(=O)Nc3ccc4c(c3)CN(C3CC(=O)NC3=O)C4=O)cc(Cl)cc2[nH]1,Amidation,,
C190920,1,,,,Cc1nc2cc(Cl)cc(C(=O)O)c2[nH]1,Nc1ccc2c(c1)CN(C1CC(F)CNC1=O)C2=O,Cc1nc2c(C(=O)Nc3ccc4c(c3)CN(C3CC(F)CNC3=O)C4=O)cc(Cl)cc2[nH]1,Amidation,,
C190921,1,,,,Cc1nc2cc(Cl)cc(C(=O)O)c2[nH]1,Nc1ccc2c(c1)CN(C1CCC(=O)NC1=O)C2=O,Cc1nc2c(C(=O)Nc3ccc4c(c3)CN(C3CCC(=O)NC3=O)C4=O)cc(Cl)cc2[nH]1,Amidation,,
C190927,1,,,,Cc1nc2cc(Cl)cc(C(=O)O)c2[nH]1,Nc1ccc2c(c1)C(=O)N(c1ccc(F)cc1)C2=O,Cc1nc2c(C(=O)Nc3ccc4c(c3)C(=O)N(c3ccc(F)cc3)C4=O)cc(Cl)cc2[nH]1,Amidation,,
C190930,1,,,,Cc1nc2cc(Cl)cc(C(=O)O)c2[nH]1,Nc1ccc2c(c1)C(=O)N(C1CCC(=O)NC1=O)C2=O,Cc1nc2c(C(=O)Nc3ccc4c(c3)C(=O)N(C3CCC(=O)NC3=O)C4=O)cc(Cl)cc2[nH]1,Amidation,,
C190931,1,,,,Cc1nc2cc(Cl)cc(C(=O)O)c2[nH]1,CN1C(=O)CCC(N2Cc3cc(N)ccc3C2=O)C1=O,Cc1nc2c(C(=O)Nc3ccc4c(c3)CN(C3CCC(=O)N(C)C3=O)C4=O)cc(Cl)cc2[nH]1,Amidation,,
C190932,1,,,,Cc1nc2cc(Cl)cc(C(=O)O)c2[nH]1,CN1C(=O)CCC(N2Cc3ccc(N)cc3C2=O)C1=O,Cc1nc2c(C(=O)Nc3ccc4c(c3)C(=O)N(C3CCC(=O)N(C)C3=O)C4)cc(Cl)cc2[nH]1,Amidation,,
C182131,1,,,,CC(N)c1cccc(-n2cccc2)c1,O=C(O)c1cccn2cc(CN3CCCC3)nc12,CC(NC(=O)c1cccn2cc(CN3CCCC3)nc12)c1cccc(-n2cccc2)c1,Amidation,,
C161788,1,,,,O=C(O)c1cncc(NC(=O)C2CCCC2)c1,C#Cc1cnc(Cl)c(F)c1N,C#Cc1cnc(Cl)c(F)c1NC(=O)c1cncc(NC(=O)C2CCCC2)c1,Amidation,,
C182162,1,,,,O=C(O)c1cccn2cc(CN3CCCC3)nc12,CN(C)CCN1Cc2cccc(N)c2C1,CN(C)CCN1Cc2cccc(NC(=O)c3cccn4cc(CN5CCCC5)nc34)c2C1,Amidation,,
C182164,1,,,,Nc1cccc2c1CN(c1nccs1)C2,O=C(O)c1cccn2cc(CN3CCCC3)nc12,O=C(Nc1cccc2c1CN(c1nccs1)C2)c1cccn2cc(CN3CCCC3)nc12,Amidation,,
C182185,1,,,,CC(=O)c1cc(Br)c2c(c1N)C(=O)NC2=O,O=C(O)c1cccn2cc(CN3CCCC3)nc12,CC(=O)c1cc(Br)c2c(c1NC(=O)c1cccn3cc(CN4CCCC4)nc13)C(=O)NC2=O,Amidation,,
C182191,1,,,,CN1CCN(c2cc(F)cc(CN)c2)CC1,O=C(O)c1cccn2cc(CN3CCCC3)nc12,CN1CCN(c2cc(F)cc(CNC(=O)c3cccn4cc(CN5CCCC5)nc34)c2)CC1,Amidation,,
C182192,1,,,,Nc1cccc2c1CN(c1ccccn1)C2,O=C(O)c1cccn2cc(CN3CCCC3)nc12,O=C(Nc1cccc2c1CN(c1ccccn1)C2)c1cccn2cc(CN3CCCC3)nc12,Amidation,,
C182197,1,,,,COC(=O)c1ccc(N)c2c1CN(C)C2=O,O=C(O)c1cccn2cc(CN3CCCC3)nc12,COC(=O)c1ccc(NC(=O)c2cccn3cc(CN4CCCC4)nc23)c2c1CN(C)C2=O,Amidation,,
C182207,1,,,,CCOCCCN1Cc2ccc(N)cc2C1,O=C(O)c1cccn2cc(CN3CCCC3)nc12,CCOCCCN1Cc2ccc(NC(=O)c3cccn4cc(CN5CCCC5)nc34)cc2C1,Amidation,,
C182210,1,,,,CC(N)c1cccc(N2CCCS2(=O)=O)c1,O=C(O)c1cccn2cc(CN3CCCC3)nc12,CC(NC(=O)c1cccn2cc(CN3CCCC3)nc12)c1cccc(N2CCCS2(=O)=O)c1,Amidation,,
C182213,1,,,,O=C(O)c1cccn2cc(CN3CCCC3)nc12,CC1CN(Cc2cccc(N)c2)CC(C)O1,CC1CN(Cc2cccc(NC(=O)c3cccn4cc(CN5CCCC5)nc34)c2)CC(C)O1,Amidation,,
C199774,1,,,,CCN1CCC(c2c[nH]c3ccc(C(=O)O)cc23)CC1,CN1Cc2cc(N)ccc2C1=O,CCN1CCC(c2c[nH]c3ccc(C(=O)Nc4ccc5c(c4)CN(C)C5=O)cc23)CC1,Amidation,,
C199779,1,,,,CCN1CCC(c2c[nH]c3ccc(C(=O)O)cc23)CC1,CCN1Cc2ccc(N)cc2C1,CCN1CCC(c2c[nH]c3ccc(C(=O)Nc4ccc5c(c4)CN(CC)C5)cc23)CC1,Amidation,,
C199781,1,,,,CCN1CCC(c2c[nH]c3ccc(C(=O)O)cc23)CC1,CCN1Cc2cc(N)ccc2C1=O,CCN1CCC(c2c[nH]c3ccc(C(=O)Nc4ccc5c(c4)CN(CC)C5=O)cc23)CC1,Amidation,,
C199785,1,,,,CCN1CCC(c2c[nH]c3ccc(C(=O)O)cc23)CC1,CCCN1Cc2ccc(N)cc2C1,CCCN1Cc2ccc(NC(=O)c3ccc4[nH]cc(C5CCN(CC)CC5)c4c3)cc2C1,Amidation,,
C199790,1,,,,CCN1CCC(c2c[nH]c3ccc(C(=O)O)cc23)CC1,Nc1ccc2c(c1)CN(CC(F)F)C2,CCN1CCC(c2c[nH]c3ccc(C(=O)Nc4ccc5c(c4)CN(CC(F)F)C5)cc23)CC1,Amidation,,
C199792,1,,,,CCN1CCC(c2c[nH]c3ccc(C(=O)O)cc23)CC1,CC(C)CCN1Cc2ccc(N)cc2C1,CCN1CCC(c2c[nH]c3ccc(C(=O)Nc4ccc5c(c4)CN(CCC(C)C)C5)cc23)CC1,Amidation,,
C199793,1,,,,CCN1CCC(c2c[nH]c3ccc(C(=O)O)cc23)CC1,CCCCN1Cc2cc(N)ccc2C1=O,CCCCN1Cc2cc(NC(=O)c3ccc4[nH]cc(C5CCN(CC)CC5)c4c3)ccc2C1=O,Amidation,,
C199796,1,,,,CCN1CCC(c2c[nH]c3ccc(C(=O)O)cc23)CC1,Nc1ccc2c(c1)CN(CC(F)(F)F)C2,CCN1CCC(c2c[nH]c3ccc(C(=O)Nc4ccc5c(c4)CN(CC(F)(F)F)C5)cc23)CC1,Amidation,,
C199798,1,,,,CCN1CCC(c2c[nH]c3ccc(C(=O)O)cc23)CC1,COCCN1Cc2cc(N)ccc2C1=O,CCN1CCC(c2c[nH]c3ccc(C(=O)Nc4ccc5c(c4)CN(CCOC)C5=O)cc23)CC1,Amidation,,
C199801,1,,,,CCN1CCC(c2c[nH]c3ccc(C(=O)O)cc23)CC1,Nc1ccc2c(c1)C(=O)N(CC1CC1)C2=O,CCN1CCC(c2c[nH]c3ccc(C(=O)Nc4ccc5c(c4)C(=O)N(CC4CC4)C5=O)cc23)CC1,Amidation,,
C199803,1,,,,CCN1CCC(c2c[nH]c3ccc(C(=O)O)cc23)CC1,Nc1ccc2c(c1)CN(c1ccccc1)C2,CCN1CCC(c2c[nH]c3ccc(C(=O)Nc4ccc5c(c4)CN(c4ccccc4)C5)cc23)CC1,Amidation,,
C199810,1,,,,CCN1CCC(c2c[nH]c3ccc(C(=O)O)cc23)CC1,Nc1ccc2c(c1)CN(C1CC(=O)NC1=O)C2=O,CCN1CCC(c2c[nH]c3ccc(C(=O)Nc4ccc5c(c4)CN(C4CC(=O)NC4=O)C5=O)cc23)CC1,Amidation,,
C199811,1,,,,CCN1CCC(c2c[nH]c3ccc(C(=O)O)cc23)CC1,Nc1ccc2c(c1)CN(C1CC(F)CNC1=O)C2=O,CCN1CCC(c2c[nH]c3ccc(C(=O)Nc4ccc5c(c4)CN(C4CC(F)CNC4=O)C5=O)cc23)CC1,Amidation,,
C199812,1,,,,CCN1CCC(c2c[nH]c3ccc(C(=O)O)cc23)CC1,Nc1ccc2c(c1)CN(C1CCC(=O)NC1=O)C2=O,CCN1CCC(c2c[nH]c3ccc(C(=O)Nc4ccc5c(c4)CN(C4CCC(=O)NC4=O)C5=O)cc23)CC1,Amidation,,
C199813,1,,,,CCN1CCC(c2c[nH]c3ccc(C(=O)O)cc23)CC1,Nc1ccc2c(c1)C(=O)N(C1CC(=O)NC1=O)C2=O,CCN1CCC(c2c[nH]c3ccc(C(=O)Nc4ccc5c(c4)C(=O)N(C4CC(=O)NC4=O)C5=O)cc23)CC1,Amidation,,
C199814,1,,,,CCN1CCC(c2c[nH]c3ccc(C(=O)O)cc23)CC1,CC(C)(C)OC(=O)N1C2CCC1c1cc(N)ccc12,CCN1CCC(c2c[nH]c3ccc(C(=O)Nc4ccc5c(c4)C4CCC5N4C(=O)OC(C)(C)C)cc23)CC1,Amidation,,
C199816,1,,,,CCN1CCC(c2c[nH]c3ccc(C(=O)O)cc23)CC1,Nc1ccc2c(c1)C(=O)N(C1CCCNC1=O)C2=O,CCN1CCC(c2c[nH]c3ccc(C(=O)Nc4ccc5c(c4)C(=O)N(C4CCCNC4=O)C5=O)cc23)CC1,Amidation,,
C199817,1,,,,CCN1CCC(c2c[nH]c3ccc(C(=O)O)cc23)CC1,Nc1ccc2c(c1)C(=O)N(C1CCC(=O)NC1=O)C2,CCN1CCC(c2c[nH]c3ccc(C(=O)Nc4ccc5c(c4)C(=O)N(C4CCC(=O)NC4=O)C5)cc23)CC1,Amidation,,
C199821,1,,,,CCN1CCC(c2c[nH]c3ccc(C(=O)O)cc23)CC1,Nc1ccc2c(c1)C(=O)N(C1CCC(=O)NC1=O)C2=O,CCN1CCC(c2c[nH]c3ccc(C(=O)Nc4ccc5c(c4)C(=O)N(C4CCC(=O)NC4=O)C5=O)cc23)CC1,Amidation,,
C199822,1,,,,CCN1CCC(c2c[nH]c3ccc(C(=O)O)cc23)CC1,CN1C(=O)CCC(N2Cc3cc(N)ccc3C2=O)C1=O,CCN1CCC(c2c[nH]c3ccc(C(=O)Nc4ccc5c(c4)CN(C4CCC(=O)N(C)C4=O)C5=O)cc23)CC1,Amidation,,
C199823,1,,,,CCN1CCC(c2c[nH]c3ccc(C(=O)O)cc23)CC1,CN1C(=O)CCC(N2Cc3ccc(N)cc3C2=O)C1=O,CCN1CCC(c2c[nH]c3ccc(C(=O)Nc4ccc5c(c4)C(=O)N(C4CCC(=O)N(C)C4=O)C5)cc23)CC1,Amidation,,
C182246,1,,,,Nc1ccc2c(c1)CN(C1CC(=O)NC1=O)C2=O,O=C(O)c1cccn2cc(CN3CCCC3)nc12,O=C1CC(N2Cc3cc(NC(=O)c4cccn5cc(CN6CCCC6)nc45)ccc3C2=O)C(=O)N1,Amidation,,
C182261,1,,,,CC(C)(C)OC(=O)NC1CCc2ccc(N)cc21,O=C(O)c1cccn2cc(CN3CCCC3)nc12,CC(C)(C)OC(=O)NC1CCc2ccc(NC(=O)c3cccn4cc(CN5CCCC5)nc34)cc21,Amidation,,
C182268,1,,,,CC(C)(C)OC(=O)NCc1cc([N+](=O)[O-])ccc1N,O=C(O)c1cccn2cc(CN3CCCC3)nc12,CC(C)(C)OC(=O)NCc1cc([N+](=O)[O-])ccc1NC(=O)c1cccn2cc(CN3CCCC3)nc12,Amidation,,
C182271,1,,,,CC(C)(C)OC(=O)Nc1ccc2c(c1)C(N)CCO2,O=C(O)c1cccn2cc(CN3CCCC3)nc12,CC(C)(C)OC(=O)Nc1ccc2c(c1)C(NC(=O)c1cccn3cc(CN4CCCC4)nc13)CCO2,Amidation,,
C182281,1,,,,O=C(O)c1cccn2cc(CN3CCCC3)nc12,Cc1nc2ccccc2n1Cc1cc(N)ccc1Cl,Cc1nc2ccccc2n1Cc1cc(NC(=O)c2cccn3cc(CN4CCCC4)nc23)ccc1Cl,Amidation,,
C188209,1,,,,CCCN1Cc2ccc(N)cc2C1,Cc1nn(C2CCS(=O)(=O)C2)c2nc(C3CC3)cc(C(=O)O)c12,CCCN1Cc2ccc(NC(=O)c3cc(C4CC4)nc4c3c(C)nn4C3CCS(=O)(=O)C3)cc2C1,Amidation,,
C182289,1,,,,O=C(O)c1cccn2cc(CN3CCCC3)nc12,Nc1cccc2c1C(=O)N(C1CCC(=O)NC1=O)C2,O=C1CCC(N2Cc3cccc(NC(=O)c4cccn5cc(CN6CCCC6)nc45)c3C2=O)C(=O)N1,Amidation,,
C182298,1,,,,CCCN1Cc2ccc(N)cc2C1,O=C(Nc1cc(Cl)cc(C(=O)O)c1)OCc1ccccc1,CCCN1Cc2ccc(NC(=O)c3cc(Cl)cc(NC(=O)OCc4ccccc4)c3)cc2C1,Amidation,,
C161948,1,,,,O=C(O)c1cncc(NC(=O)C2CC2)c1,Nc1ccncc1CCC1CCCCC1,O=C(Nc1ccncc1CCC1CCCCC1)c1cncc(NC(=O)C2CC2)c1,Amidation,,
C182310,1,,,,CCOCCCN1Cc2ccc(N)cc2C1,O=C(Nc1cc(Cl)cc(C(=O)O)c1)OCc1ccccc1,CCOCCCN1Cc2ccc(NC(=O)c3cc(Cl)cc(NC(=O)OCc4ccccc4)c3)cc2C1,Amidation,,
C182313,1,,,,Nc1ccc2c(c1)CN(C1CCC(=O)NC1=O)C2=O,O=C(Nc1cc(Cl)cc(C(=O)O)c1)OCc1ccccc1,O=C1CCC(N2Cc3cc(NC(=O)c4cc(Cl)cc(NC(=O)OCc5ccccc5)c4)ccc3C2=O)C(=O)N1,Amidation,,
C182315,1,,,,Nc1ccc2c(c1)C(=O)N(C1CCC(=O)NC1=O)C2=O,O=C(Nc1cc(Cl)cc(C(=O)O)c1)OCc1ccccc1,O=C1CCC(N2C(=O)c3ccc(NC(=O)c4cc(Cl)cc(NC(=O)OCc5ccccc5)c4)cc3C2=O)C(=O)N1,Amidation,,
C182316,1,,,,CN1C(=O)CCC(N2Cc3cc(N)ccc3C2=O)C1=O,O=C(Nc1cc(Cl)cc(C(=O)O)c1)OCc1ccccc1,CN1C(=O)CCC(N2Cc3cc(NC(=O)c4cc(Cl)cc(NC(=O)OCc5ccccc5)c4)ccc3C2=O)C1=O,Amidation,,
C161958,1,,,,O=C(O)c1cncc(NC(=O)C2CC2)c1,CC1(C)CCc2c1nc1c(c2N)CCC1,CC1(C)CCc2c1nc1c(c2NC(=O)c2cncc(NC(=O)C3CC3)c2)CCC1,Amidation,,
C182317,1,,,,CN1C(=O)CCC(N2Cc3ccc(N)cc3C2=O)C1=O,O=C(Nc1cc(Cl)cc(C(=O)O)c1)OCc1ccccc1,CN1C(=O)CCC(N2Cc3ccc(NC(=O)c4cc(Cl)cc(NC(=O)OCc5ccccc5)c4)cc3C2=O)C1=O,Amidation,,
C161993,1,,,,O=C(O)c1cncc(N2CCCC2=O)c1,CC(C)c1nc(Br)c(C#N)c(N)c1C#N,CC(C)c1nc(Br)c(C#N)c(NC(=O)c2cncc(N3CCCC3=O)c2)c1C#N,Amidation,,
C162003,1,,,,O=C(O)c1cncc(NC(=O)C2CCCC2)c1,COC(=O)c1cnc(Cl)c(F)c1N,COC(=O)c1cnc(Cl)c(F)c1NC(=O)c1cncc(NC(=O)C2CCCC2)c1,Amidation,,
C162012,1,,,,O=C(O)c1cncc(NC(=O)C2CCCC2)c1,Nc1c2c(nc3c1CCC3)CCCC2,O=C(Nc1c2c(nc3c1CCC3)CCCC2)c1cncc(NC(=O)C2CCCC2)c1,Amidation,,
C162016,1,,,,O=C(O)c1cncc(NC(=O)C2CCCC2)c1,CCOC(=O)c1cnc(Cl)c(F)c1N,CCOC(=O)c1cnc(Cl)c(F)c1NC(=O)c1cncc(NC(=O)C2CCCC2)c1,Amidation,,
C162031,1,,,,CCCCC(=O)Nc1cncc(C(=O)O)c1,CC1(C)CCc2c1nc1c(c2N)CCC1,CCCCC(=O)Nc1cncc(C(=O)Nc2c3c(nc4c2CCC4(C)C)CCC3)c1,Amidation,,
C197748,1,,,,O=C(O)c1cccc2[nH]c(C3CC3)nc12,Nc1cc2c(cc1F)CCNC2=O,O=C1NCCc2cc(F)c(NC(=O)c3cccc4[nH]c(C5CC5)nc34)cc21,Amidation,,
C162051,1,,,,O=C(O)c1cncc(NC(=O)C2CC2)c1,Nc1c2c(nc3cccc(Cl)c13)CCCC2,O=C(Nc1c2c(nc3cccc(Cl)c13)CCCC2)c1cncc(NC(=O)C2CC2)c1,Amidation,,
C162054,1,,,,O=C(O)c1cncc(NC(=O)C2CC2)c1,Cc1cccc2c(N)c3c(nc12)CCCC3,Cc1cccc2c(NC(=O)c3cncc(NC(=O)C4CC4)c3)c3c(nc12)CCCC3,Amidation,,
C162060,1,,,,CCCCC(=O)Nc1cncc(C(=O)O)c1,Nc1c2c(nc3ccccc13)CCCC2,CCCCC(=O)Nc1cncc(C(=O)Nc2c3c(nc4ccccc24)CCCC3)c1,Amidation,,
C162064,1,,,,CCCCC(=O)Nc1cncc(C(=O)O)c1,Nc1ccncc1CCC1CCCCC1,CCCCC(=O)Nc1cncc(C(=O)Nc2ccncc2CCC2CCCCC2)c1,Amidation,,
C162066,1,,,,O=C(O)c1cncc(NC(=O)C2CCCC2)c1,CC1(C)CCc2c1nc1c(c2N)CCC1,CC1(C)CCc2c1nc1c(c2NC(=O)c2cncc(NC(=O)C3CCCC3)c2)CCC1,Amidation,,
C188237,1,,,,CCCCN1Cc2ccc(N)cc2C1,Cc1nn(-c2ccccn2)c2nc(C3CC3)cc(C(=O)O)c12,CCCCN1Cc2ccc(NC(=O)c3cc(C4CC4)nc4c3c(C)nn4-c3ccccn3)cc2C1,Amidation,,
C162070,1,,,,O=C(O)c1cncc(NC(=O)C2CCCC2)c1,Nc1ccncc1CCC1CCCCC1,O=C(Nc1ccncc1CCC1CCCCC1)c1cncc(NC(=O)C2CCCC2)c1,Amidation,,
C162071,1,,,,O=C(O)c1cncc(NC(=O)C2CCCC2)c1,CC(C)c1nc(Br)c(C#N)c(N)c1C#N,CC(C)c1nc(Br)c(C#N)c(NC(=O)c2cncc(NC(=O)C3CCCC3)c2)c1C#N,Amidation,,
C162073,1,,,,O=C(O)c1cncc(NC(=O)C2CCCC2)c1,Cc1ccc2c(N)c(C#N)cnc2c1Br,Cc1ccc2c(NC(=O)c3cncc(NC(=O)C4CCCC4)c3)c(C#N)cnc2c1Br,Amidation,,
C188239,1,,,,Nc1ccc2c(c1)CN(CC(F)F)C2,Cc1ccc(Cn2ncc3c(C(=O)O)cc(C4CC4)nc32)o1,Cc1ccc(Cn2ncc3c(C(=O)Nc4ccc5c(c4)CN(CC(F)F)C5)cc(C4CC4)nc32)o1,Amidation,,
C162079,1,,,,O=C(O)c1cncc(NC(=O)C2CCCC2)c1,Nc1ccncc1C(=O)c1ccccc1,O=C(Nc1ccncc1C(=O)c1ccccc1)c1cncc(NC(=O)C2CCCC2)c1,Amidation,,
C162080,1,,,,O=C(O)c1cncc(NC(=O)C2CCCC2)c1,Nc1c2c(nc3ccccc13)CCCC2,O=C(Nc1c2c(nc3ccccc13)CCCC2)c1cncc(NC(=O)C2CCCC2)c1,Amidation,,
C162088,1,,,,CCCCC(=O)Nc1cncc(C(=O)O)c1,CN1CCc2nc3ccccc3c(N)c2C1,CCCCC(=O)Nc1cncc(C(=O)Nc2c3c(nc4ccccc24)CCN(C)C3)c1,Amidation,,
C162089,1,,,,CCCCC(=O)Nc1cncc(C(=O)O)c1,Nc1c2c(nc3cccc(Cl)c13)CCCC2,CCCCC(=O)Nc1cncc(C(=O)Nc2c3c(nc4cccc(Cl)c24)CCCC3)c1,Amidation,,
C162094,1,,,,Cc1cc2c(N)c3c(nc2cc1F)CCCC3,O=C(O)c1cncc(NC(=O)C2CC2)c1,Cc1cc2c(NC(=O)c3cncc(NC(=O)C4CC4)c3)c3c(nc2cc1F)CCCC3,Amidation,,
C162096,1,,,,O=C(O)c1cncc(NC(=O)C2CC2)c1,COc1ccc2nc3c(c(N)c2c1)CCCC3,COc1ccc2nc3c(c(NC(=O)c4cncc(NC(=O)C5CC5)c4)c2c1)CCCC3,Amidation,,
C162098,1,,,,CC(=O)c1cnc2ccc(Br)cc2c1N,O=C(O)c1cncc(NC(=O)C2CCCC2)c1,CC(=O)c1cnc2ccc(Br)cc2c1NC(=O)c1cncc(NC(=O)C2CCCC2)c1,Amidation,,
C162099,1,,,,O=C(O)c1cncc(NC(=O)C2CCCC2)c1,Nc1ccncc1-c1ccc(F)cc1F,O=C(Nc1ccncc1-c1ccc(F)cc1F)c1cncc(NC(=O)C2CCCC2)c1,Amidation,,
C188243,1,,,,CCCCN1Cc2ccc(N)cc2C1,O=C(O)c1cc(C2CC2)nc2c1cnn2Cc1ccccc1,CCCCN1Cc2ccc(NC(=O)c3cc(C4CC4)nc4c3cnn4Cc3ccccc3)cc2C1,Amidation,,
C188244,1,,,,CC(C)N1Cc2ccc(N)cc2C1=O,O=C(O)c1cc(C2CC2)nc2c1cnn2-c1ccc(F)cc1,CC(C)N1Cc2ccc(NC(=O)c3cc(C4CC4)nc4c3cnn4-c3ccc(F)cc3)cc2C1=O,Amidation,,
C188245,1,,,,Nc1ccc2c(c1)CN(CC(F)F)C2,O=C(O)c1cc(C2CC2)nc2c1cnn2-c1ccc(F)cc1,O=C(Nc1ccc2c(c1)CN(CC(F)F)C2)c1cc(C2CC2)nc2c1cnn2-c1ccc(F)cc1,Amidation,,
C188246,1,,,,CCCCN1Cc2ccc(N)cc2C1,O=C(O)c1cc(C2CC2)nc2c1cnn2-c1ccc(F)cc1,CCCCN1Cc2ccc(NC(=O)c3cc(C4CC4)nc4c3cnn4-c3ccc(F)cc3)cc2C1,Amidation,,
C162249,1,,,,O=C(O)c1cccc2[nH]c(C(F)(F)F)nc12,Nc1ccc2c(c1)C(=O)N(c1ccc(F)cc1)C2=O,O=C(Nc1ccc2c(c1)C(=O)N(c1ccc(F)cc1)C2=O)c1cccc2nc(C(F)(F)F)[nH]c12,Amidation,,
C162253,1,,,,O=C(O)c1cccc2[nH]c(C(F)(F)F)nc12,CN1C(=O)CCC(N2Cc3cc(N)ccc3C2=O)C1=O,CN1C(=O)CCC(N2Cc3cc(NC(=O)c4cccc5nc(C(F)(F)F)[nH]c45)ccc3C2=O)C1=O,Amidation,,
C162278,1,,,,COCCCN1Cc2ccc(N)cc2C1,Cc1nccn1-c1ccc(Cl)cc1C(=O)O,COCCCN1Cc2ccc(NC(=O)c3cc(Cl)ccc3-n3ccnc3C)cc2C1,Amidation,,
C162279,1,,,,Nc1ccc2c(c1)CN(CC(F)(F)F)C2,Cc1nccn1-c1ccc(Cl)cc1C(=O)O,Cc1nccn1-c1ccc(Cl)cc1C(=O)Nc1ccc2c(c1)CN(CC(F)(F)F)C2,Amidation,,
C162288,1,,,,CCOCCCN1Cc2ccc(N)cc2C1,Cc1nccn1-c1ccc(Cl)cc1C(=O)O,CCOCCCN1Cc2ccc(NC(=O)c3cc(Cl)ccc3-n3ccnc3C)cc2C1,Amidation,,
C162291,1,,,,Nc1ccc2c(c1)CN(c1ccccc1)C2,Cc1nccn1-c1ccc(Cl)cc1C(=O)O,Cc1nccn1-c1ccc(Cl)cc1C(=O)Nc1ccc2c(c1)CN(c1ccccc1)C2,Amidation,,
C162296,1,,,,Nc1ccc2c(c1)CN(C1CC(=O)NC1=O)C2=O,Cc1nccn1-c1ccc(Cl)cc1C(=O)O,Cc1nccn1-c1ccc(Cl)cc1C(=O)Nc1ccc2c(c1)CN(C1CC(=O)NC1=O)C2=O,Amidation,,
C162297,1,,,,Nc1ccc2c(c1)C(=O)N(C1CC(=O)NC1=O)C2=O,Cc1nccn1-c1ccc(Cl)cc1C(=O)O,Cc1nccn1-c1ccc(Cl)cc1C(=O)Nc1ccc2c(c1)C(=O)N(C1CC(=O)NC1=O)C2=O,Amidation,,
C162298,1,,,,Nc1ccc2c(c1)CN(C1CCC(=O)NC1=O)C2=O,Cc1nccn1-c1ccc(Cl)cc1C(=O)O,Cc1nccn1-c1ccc(Cl)cc1C(=O)Nc1ccc2c(c1)CN(C1CCC(=O)NC1=O)C2=O,Amidation,,
C162299,1,,,,Nc1ccc2c(c1)CN(C1CC(F)CNC1=O)C2=O,Cc1nccn1-c1ccc(Cl)cc1C(=O)O,Cc1nccn1-c1ccc(Cl)cc1C(=O)Nc1ccc2c(c1)CN(C1CC(F)CNC1=O)C2=O,Amidation,,
C197802,1,,,,O=C(O)c1cccc2[nH]c(C3CC3)nc12,Nc1cc2c(cc1Br)CCNC2=O,O=C1NCCc2cc(Br)c(NC(=O)c3cccc4[nH]c(C5CC5)nc34)cc21,Amidation,,
C197807,1,,,,O=C(O)c1cccc2[nH]c(C3CC3)nc12,Nc1cccc(Cn2ccnc2)c1,O=C(Nc1cccc(Cn2ccnc2)c1)c1cccc2[nH]c(C3CC3)nc12,Amidation,,
C162830,1,,,,O=C(Nc1cc(Cl)cc(C(=O)O)c1)OCc1ccccc1,CNC(=O)c1c(F)ccc(N)c1F,CNC(=O)c1c(F)ccc(NC(=O)c2cc(Cl)cc(NC(=O)OCc3ccccc3)c2)c1F,Amidation,,
C182791,1,,,,CNC(=O)c1cc(N)ccc1Br,CC(C)(C)OC(=O)NCc1cc(Cl)cc(C(=O)O)c1,CNC(=O)c1cc(NC(=O)c2cc(Cl)cc(CNC(=O)OC(C)(C)C)c2)ccc1Br,Amidation,,
C162904,1,,,,O=C(Nc1cc(Cl)cc(C(=O)O)c1)OCc1ccccc1,Cc1ccc(CN2CCCC2)cc1N,Cc1ccc(CN2CCCC2)cc1NC(=O)c1cc(Cl)cc(NC(=O)OCc2ccccc2)c1,Amidation,,
C162905,1,,,,O=C(Nc1cc(Cl)cc(C(=O)O)c1)OCc1ccccc1,CN(C)C1CCOc2c(N)cccc21,CN(C)C1CCOc2c(NC(=O)c3cc(Cl)cc(NC(=O)OCc4ccccc4)c3)cccc21,Amidation,,
C162911,1,,,,O=C(Nc1cc(Cl)cc(C(=O)O)c1)OCc1ccccc1,NC1CCCc2ccc([N+](=O)[O-])cc21,O=C(Nc1cc(Cl)cc(C(=O)NC2CCCc3ccc([N+](=O)[O-])cc32)c1)OCc1ccccc1,Amidation,,
C162946,1,,,,O=C(Nc1cc(Cl)cc(C(=O)O)c1)OCc1ccccc1,CC(C)CN1Cc2cccc(N)c2C1,CC(C)CN1Cc2cccc(NC(=O)c3cc(Cl)cc(NC(=O)OCc4ccccc4)c3)c2C1,Amidation,,
C162992,1,,,,O=C(Nc1cc(Cl)cc(C(=O)O)c1)OCc1ccccc1,NC(c1cccc([N+](=O)[O-])c1)C(F)(F)F,O=C(Nc1cc(Cl)cc(C(=O)NC(c2cccc([N+](=O)[O-])c2)C(F)(F)F)c1)OCc1ccccc1,Amidation,,
C162993,1,,,,O=C(Nc1cc(Cl)cc(C(=O)O)c1)OCc1ccccc1,CNC(=O)c1cc([N+](=O)[O-])cc(C)c1N,CNC(=O)c1cc([N+](=O)[O-])cc(C)c1NC(=O)c1cc(Cl)cc(NC(=O)OCc2ccccc2)c1,Amidation,,
C162998,1,,,,O=C(Nc1cc(Cl)cc(C(=O)O)c1)OCc1ccccc1,CC(N)c1cccc(N2CCCC2=O)c1,CC(NC(=O)c1cc(Cl)cc(NC(=O)OCc2ccccc2)c1)c1cccc(N2CCCC2=O)c1,Amidation,,
C162999,1,,,,O=C(Nc1cc(Cl)cc(C(=O)O)c1)OCc1ccccc1,COc1ccc(CN2CCCC2)cc1N,COc1ccc(CN2CCCC2)cc1NC(=O)c1cc(Cl)cc(NC(=O)OCc2ccccc2)c1,Amidation,,
C163004,1,,,,O=C(Nc1cc(Cl)cc(C(=O)O)c1)OCc1ccccc1,Cc1c[nH]c(=O)n1-c1cccc(CN)c1,Cc1c[nH]c(=O)n1-c1cccc(CNC(=O)c2cc(Cl)cc(NC(=O)OCc3ccccc3)c2)c1,Amidation,,
C163025,1,,,,O=C(Nc1cc(Cl)cc(C(=O)O)c1)OCc1ccccc1,NCc1cccc(NC(=O)C2CCC2)c1,O=C(Nc1cc(Cl)cc(C(=O)NCc2cccc(NC(=O)C3CCC3)c2)c1)OCc1ccccc1,Amidation,,
C163030,1,,,,O=C(Nc1cc(Cl)cc(C(=O)O)c1)OCc1ccccc1,CC(N)c1cccc(N2CCNC2=O)c1,CC(NC(=O)c1cc(Cl)cc(NC(=O)OCc2ccccc2)c1)c1cccc(N2CCNC2=O)c1,Amidation,,
C163035,1,,,,O=C(Nc1cc(Cl)cc(C(=O)O)c1)OCc1ccccc1,COC(=O)c1ccc(N)c2c1CNC2=O,COC(=O)c1ccc(NC(=O)c2cc(Cl)cc(NC(=O)OCc3ccccc3)c2)c2c1CNC2=O,Amidation,,
C163037,1,,,,O=C(Nc1cc(Cl)cc(C(=O)O)c1)OCc1ccccc1,CC1(c2cccc(N)c2)NC(=O)NC1=O,CC1(c2cccc(NC(=O)c3cc(Cl)cc(NC(=O)OCc4ccccc4)c3)c2)NC(=O)NC1=O,Amidation,,
C163048,1,,,,O=C(Nc1cc(Cl)cc(C(=O)O)c1)OCc1ccccc1,CC(=O)c1cc(Br)c2c(c1N)C(=O)NC2=O,CC(=O)c1cc(Br)c2c(c1NC(=O)c1cc(Cl)cc(NC(=O)OCc3ccccc3)c1)C(=O)NC2=O,Amidation,,
C163061,1,,,,O=C(Nc1cc(Cl)cc(C(=O)O)c1)OCc1ccccc1,COC(=O)c1ccc(N)c2c1CN(C)C2=O,COC(=O)c1ccc(NC(=O)c2cc(Cl)cc(NC(=O)OCc3ccccc3)c2)c2c1CN(C)C2=O,Amidation,,
C163065,1,,,,O=C(Nc1cc(Cl)cc(C(=O)O)c1)OCc1ccccc1,CCOc1ccc(N)cc1CN1CCCC1,CCOc1ccc(NC(=O)c2cc(Cl)cc(NC(=O)OCc3ccccc3)c2)cc1CN1CCCC1,Amidation,,
C163070,1,,,,O=C(Nc1cc(Cl)cc(C(=O)O)c1)OCc1ccccc1,Nc1cccc(C(=O)NCc2cccs2)c1,O=C(Nc1cc(Cl)cc(C(=O)Nc2cccc(C(=O)NCc3cccs3)c2)c1)OCc1ccccc1,Amidation,,
C163076,1,,,,O=C(Nc1cc(Cl)cc(C(=O)O)c1)OCc1ccccc1,Cc1ccc(C(=O)NCC(F)(F)F)cc1N,Cc1ccc(C(=O)NCC(F)(F)F)cc1NC(=O)c1cc(Cl)cc(NC(=O)OCc2ccccc2)c1,Amidation,,
C163081,1,,,,O=C(Nc1cc(Cl)cc(C(=O)O)c1)OCc1ccccc1,CC(N)c1cccc(N2CCCS2(=O)=O)c1,CC(NC(=O)c1cc(Cl)cc(NC(=O)OCc2ccccc2)c1)c1cccc(N2CCCS2(=O)=O)c1,Amidation,,
C183018,1,,,,CN1C(=O)CCC(N2Cc3cc(N)ccc3C2=O)C1=O,O=C(O)c1cccc2c3c([nH]c12)CCC3,CN1C(=O)CCC(N2Cc3cc(NC(=O)c4cccc5c6c([nH]c45)CCC6)ccc3C2=O)C1=O,Amidation,,
C183023,1,,,,NC(=O)c1ccc2[nH]cc(C3CCNCC3)c2c1,O=C1CCC(N2C(=O)c3ccc(I)cc3C2=O)C(=O)N1,O=C1CCC(N2C(=O)c3ccc(NC(=O)c4ccc5[nH]cc(C6CCNCC6)c5c4)cc3C2=O)C(=O)N1,Buchwald-Hartwig_amidation_with_amide-like_nucleophile,,
C183026,1,,,,CC(C)CCN1Cc2ccc(N)cc2C1,CC(C1CC1)n1ncc2c(C(=O)O)cc(C3CC3)nc21,CC(C)CCN1Cc2ccc(NC(=O)c3cc(C4CC4)nc4c3cnn4C(C)C3CC3)cc2C1,Amidation,,
C183027,1,,,,CCCCN1Cc2cc(N)ccc2C1=O,CC(C1CC1)n1ncc2c(C(=O)O)cc(C3CC3)nc21,CCCCN1Cc2cc(NC(=O)c3cc(C4CC4)nc4c3cnn4C(C)C3CC3)ccc2C1=O,Amidation,,
C163099,1,,,,O=C(Nc1cc(Cl)cc(C(=O)O)c1)OCc1ccccc1,Cc1ccc(N)cc1CNC(=O)OC(C)(C)C,Cc1ccc(NC(=O)c2cc(Cl)cc(NC(=O)OCc3ccccc3)c2)cc1CNC(=O)OC(C)(C)C,Amidation,,
C183030,1,,,,Nc1ccc2c(c1)CN(CC(F)(F)F)C2,CC(C1CC1)n1ncc2c(C(=O)O)cc(C3CC3)nc21,CC(C1CC1)n1ncc2c(C(=O)Nc3ccc4c(c3)CN(CC(F)(F)F)C4)cc(C3CC3)nc21,Amidation,,
C183032,1,,,,COCCN1Cc2cc(N)ccc2C1=O,CC(C1CC1)n1ncc2c(C(=O)O)cc(C3CC3)nc21,COCCN1Cc2cc(NC(=O)c3cc(C4CC4)nc4c3cnn4C(C)C3CC3)ccc2C1=O,Amidation,,
C183033,1,,,,COCN1C(=O)c2ccc(N)cc2C1=O,CC(C1CC1)n1ncc2c(C(=O)O)cc(C3CC3)nc21,COCN1C(=O)c2ccc(NC(=O)c3cc(C4CC4)nc4c3cnn4C(C)C3CC3)cc2C1=O,Amidation,,
C183034,1,,,,COCCCN1Cc2ccc(N)cc2C1,CC(C1CC1)n1ncc2c(C(=O)O)cc(C3CC3)nc21,COCCCN1Cc2ccc(NC(=O)c3cc(C4CC4)nc4c3cnn4C(C)C3CC3)cc2C1,Amidation,,
C183035,1,,,,Nc1ccc2c(c1)C(=O)N(CC1CC1)C2=O,CC(C1CC1)n1ncc2c(C(=O)O)cc(C3CC3)nc21,CC(C1CC1)n1ncc2c(C(=O)Nc3ccc4c(c3)C(=O)N(CC3CC3)C4=O)cc(C3CC3)nc21,Amidation,,
C163107,1,,,,O=C(Nc1cc(Cl)cc(C(=O)O)c1)OCc1ccccc1,Nc1ccc(Cl)c(C(=O)NC2CCCCC2)c1,O=C(Nc1cc(Cl)cc(C(=O)Nc2ccc(Cl)c(C(=O)NC3CCCCC3)c2)c1)OCc1ccccc1,Amidation,,
C183037,1,,,,Nc1ccc2c(c1)CN(c1ccccc1)C2,CC(C1CC1)n1ncc2c(C(=O)O)cc(C3CC3)nc21,CC(C1CC1)n1ncc2c(C(=O)Nc3ccc4c(c3)CN(c3ccccc3)C4)cc(C3CC3)nc21,Amidation,,
C183038,1,,,,CCOCCCN1Cc2ccc(N)cc2C1,CC(C1CC1)n1ncc2c(C(=O)O)cc(C3CC3)nc21,CCOCCCN1Cc2ccc(NC(=O)c3cc(C4CC4)nc4c3cnn4C(C)C3CC3)cc2C1,Amidation,,
C183040,1,,,,CC(C)(O)CCN1Cc2ccc(N)cc2C1=O,CC(C1CC1)n1ncc2c(C(=O)O)cc(C3CC3)nc21,CC(C1CC1)n1ncc2c(C(=O)Nc3ccc4c(c3)C(=O)N(CCC(C)(C)O)C4)cc(C3CC3)nc21,Amidation,,
C183041,1,,,,Nc1ccc2c(c1)C1CCC2N1C(=O)C(F)(F)F,CC(C1CC1)n1ncc2c(C(=O)O)cc(C3CC3)nc21,CC(C1CC1)n1ncc2c(C(=O)Nc3ccc4c(c3)C3CCC4N3C(=O)C(F)(F)F)cc(C3CC3)nc21,Amidation,,
C183042,1,,,,Nc1ccc2c(c1)CN(C1CC(=O)NC1=O)C2=O,CC(C1CC1)n1ncc2c(C(=O)O)cc(C3CC3)nc21,CC(C1CC1)n1ncc2c(C(=O)Nc3ccc4c(c3)CN(C3CC(=O)NC3=O)C4=O)cc(C3CC3)nc21,Amidation,,
C183043,1,,,,Nc1ccc2c(c1)CN(C1CC(F)CNC1=O)C2=O,CC(C1CC1)n1ncc2c(C(=O)O)cc(C3CC3)nc21,CC(C1CC1)n1ncc2c(C(=O)Nc3ccc4c(c3)CN(C3CC(F)CNC3=O)C4=O)cc(C3CC3)nc21,Amidation,,
C183044,1,,,,Nc1ccc2c(c1)CN(C1CCC(=O)NC1=O)C2=O,CC(C1CC1)n1ncc2c(C(=O)O)cc(C3CC3)nc21,CC(C1CC1)n1ncc2c(C(=O)Nc3ccc4c(c3)CN(C3CCC(=O)NC3=O)C4=O)cc(C3CC3)nc21,Amidation,,
C183045,1,,,,Nc1ccc2c(c1)C(=O)N(C1CC(=O)NC1=O)C2=O,CC(C1CC1)n1ncc2c(C(=O)O)cc(C3CC3)nc21,CC(C1CC1)n1ncc2c(C(=O)Nc3ccc4c(c3)C(=O)N(C3CC(=O)NC3=O)C4=O)cc(C3CC3)nc21,Amidation,,
C183046,1,,,,CC(C)(C)OC(=O)N1C2CCC1c1cc(N)ccc12,CC(C1CC1)n1ncc2c(C(=O)O)cc(C3CC3)nc21,CC(C1CC1)n1ncc2c(C(=O)Nc3ccc4c(c3)C3CCC4N3C(=O)OC(C)(C)C)cc(C3CC3)nc21,Amidation,,
C183047,1,,,,CC(C)c1ccc(N2Cc3ccc(N)cc3C2)cc1,CC(C1CC1)n1ncc2c(C(=O)O)cc(C3CC3)nc21,CC(C)c1ccc(N2Cc3ccc(NC(=O)c4cc(C5CC5)nc5c4cnn5C(C)C4CC4)cc3C2)cc1,Amidation,,
C183048,1,,,,Nc1ccc2c(c1)C(=O)N(C1CCCNC1=O)C2=O,CC(C1CC1)n1ncc2c(C(=O)O)cc(C3CC3)nc21,CC(C1CC1)n1ncc2c(C(=O)Nc3ccc4c(c3)C(=O)N(C3CCCNC3=O)C4=O)cc(C3CC3)nc21,Amidation,,
C183049,1,,,,Nc1ccc2c(c1)C(=O)N(C1CCC(=O)NC1=O)C2,CC(C1CC1)n1ncc2c(C(=O)O)cc(C3CC3)nc21,CC(C1CC1)n1ncc2c(C(=O)Nc3ccc4c(c3)C(=O)N(C3CCC(=O)NC3=O)C4)cc(C3CC3)nc21,Amidation,,
C163121,1,,,,O=C(Nc1cc(Cl)cc(C(=O)O)c1)OCc1ccccc1,CNC(=O)c1ccc(N2CCSCC2)c(N)c1,CNC(=O)c1ccc(N2CCSCC2)c(NC(=O)c2cc(Cl)cc(NC(=O)OCc3ccccc3)c2)c1,Amidation,,
C163122,1,,,,O=C(Nc1cc(Cl)cc(C(=O)O)c1)OCc1ccccc1,CC(C)(C)OC(=O)Nc1ccc(F)c(CN)c1,CC(C)(C)OC(=O)Nc1ccc(F)c(CNC(=O)c2cc(Cl)cc(NC(=O)OCc3ccccc3)c2)c1,Amidation,,
C183050,1,,,,Nc1ccc2c(c1)C(=O)N(c1ccc(F)cc1)C2=O,CC(C1CC1)n1ncc2c(C(=O)O)cc(C3CC3)nc21,CC(C1CC1)n1ncc2c(C(=O)Nc3ccc4c(c3)C(=O)N(c3ccc(F)cc3)C4=O)cc(C3CC3)nc21,Amidation,,
C183053,1,,,,Nc1ccc2c(c1)C(=O)N(C1CCC(=O)NC1=O)C2=O,CC(C1CC1)n1ncc2c(C(=O)O)cc(C3CC3)nc21,CC(C1CC1)n1ncc2c(C(=O)Nc3ccc4c(c3)C(=O)N(C3CCC(=O)NC3=O)C4=O)cc(C3CC3)nc21,Amidation,,
C183054,1,,,,CN1C(=O)CCC(N2Cc3cc(N)ccc3C2=O)C1=O,CC(C1CC1)n1ncc2c(C(=O)O)cc(C3CC3)nc21,CC(C1CC1)n1ncc2c(C(=O)Nc3ccc4c(c3)CN(C3CCC(=O)N(C)C3=O)C4=O)cc(C3CC3)nc21,Amidation,,
C163126,1,,,,O=C(Nc1cc(Cl)cc(C(=O)O)c1)OCc1ccccc1,Cc1c(N)cccc1C(=O)Nc1ccccc1,Cc1c(NC(=O)c2cc(Cl)cc(NC(=O)OCc3ccccc3)c2)cccc1C(=O)Nc1ccccc1,Amidation,,
C183055,1,,,,CN1C(=O)CCC(N2Cc3ccc(N)cc3C2=O)C1=O,CC(C1CC1)n1ncc2c(C(=O)O)cc(C3CC3)nc21,CC(C1CC1)n1ncc2c(C(=O)Nc3ccc4c(c3)C(=O)N(C3CCC(=O)N(C)C3=O)C4)cc(C3CC3)nc21,Amidation,,
C163131,1,,,,O=C(Nc1cc(Cl)cc(C(=O)O)c1)OCc1ccccc1,Nc1cccc(C(=O)Nc2cccc(F)c2)c1,O=C(Nc1cc(Cl)cc(C(=O)Nc2cccc(C(=O)Nc3cccc(F)c3)c2)c1)OCc1ccccc1,Amidation,,
C163137,1,,,,O=C(Nc1cc(Cl)cc(C(=O)O)c1)OCc1ccccc1,COc1ccc(NC(=O)c2cccc(N)c2)cn1,COc1ccc(NC(=O)c2cccc(NC(=O)c3cc(Cl)cc(NC(=O)OCc4ccccc4)c3)c2)cn1,Amidation,,
C163140,1,,,,Nc1ccc2c(c1)CN(C1CC(=O)NC1=O)C2=O,O=C(Nc1cc(Cl)cc(C(=O)O)c1)OCc1ccccc1,O=C1CC(N2Cc3cc(NC(=O)c4cc(Cl)cc(NC(=O)OCc5ccccc5)c4)ccc3C2=O)C(=O)N1,Amidation,,
C163142,1,,,,O=C(Nc1cc(Cl)cc(C(=O)O)c1)OCc1ccccc1,COc1ccc(C(=O)N2CCN(C)CC2)cc1N,COc1ccc(C(=O)N2CCN(C)CC2)cc1NC(=O)c1cc(Cl)cc(NC(=O)OCc2ccccc2)c1,Amidation,,
C163158,1,,,,O=C(Nc1cc(Cl)cc(C(=O)O)c1)OCc1ccccc1,Cc1ccc(N2CCc3c(N)cccc3C2)nn1,Cc1ccc(N2CCc3c(cccc3NC(=O)c3cc(Cl)cc(NC(=O)OCc4ccccc4)c3)C2)nn1,Amidation,,
C163173,1,,,,O=C(Nc1cc(Cl)cc(C(=O)O)c1)OCc1ccccc1,Nc1cccc2c1C(=O)N(C1CC(=O)NC1=O)C2=O,O=C1CC(N2C(=O)c3cccc(NC(=O)c4cc(Cl)cc(NC(=O)OCc5ccccc5)c4)c3C2=O)C(=O)N1,Amidation,,
C163176,1,,,,Nc1ccc2c(c1)CN(C1CC(F)CNC1=O)C2=O,O=C(Nc1cc(Cl)cc(C(=O)O)c1)OCc1ccccc1,O=C(Nc1cc(Cl)cc(C(=O)Nc2ccc3c(c2)CN(C2CC(F)CNC2=O)C3=O)c1)OCc1ccccc1,Amidation,,
C163177,1,,,,O=C(Nc1cc(Cl)cc(C(=O)O)c1)OCc1ccccc1,CC(C)(C)OC(=O)NC1(c2cccc(N)c2)CCC1,CC(C)(C)OC(=O)NC1(c2cccc(NC(=O)c3cc(Cl)cc(NC(=O)OCc4ccccc4)c3)c2)CCC1,Amidation,,
C163182,1,,,,O=C(Nc1cc(Cl)cc(C(=O)O)c1)OCc1ccccc1,Nc1cc(C(=O)NCCN2CCCC2)cc(Cl)c1Cl,O=C(Nc1cc(Cl)cc(C(=O)Nc2cc(C(=O)NCCN3CCCC3)cc(Cl)c2Cl)c1)OCc1ccccc1,Amidation,,
C163185,1,,,,O=C(Nc1cc(Cl)cc(C(=O)O)c1)OCc1ccccc1,Cc1c(N)cccc1C(=O)NC1CCC(=O)NC1=O,Cc1c(NC(=O)c2cc(Cl)cc(NC(=O)OCc3ccccc3)c2)cccc1C(=O)NC1CCC(=O)NC1=O,Amidation,,
C163187,1,,,,O=C(Nc1cc(Cl)cc(C(=O)O)c1)OCc1ccccc1,CC1(C2CC2)NC(=O)N(c2cccc(CN)c2)C1=O,CC1(C2CC2)NC(=O)N(c2cccc(CNC(=O)c3cc(Cl)cc(NC(=O)OCc4ccccc4)c3)c2)C1=O,Amidation,,
C163189,1,,,,O=C(Nc1cc(Cl)cc(C(=O)O)c1)OCc1ccccc1,CC(C)(C)OC(=O)Nc1ccc2c(c1)C(N)CCO2,CC(C)(C)OC(=O)Nc1ccc2c(c1)C(NC(=O)c1cc(Cl)cc(NC(=O)OCc3ccccc3)c1)CCO2,Amidation,,
C163193,1,,,,O=C(Nc1cc(Cl)cc(C(=O)O)c1)OCc1ccccc1,CC(C)(C)OC(=O)CN1Cc2c(N)cccc2C1=O,CC(C)(C)OC(=O)CN1Cc2c(NC(=O)c3cc(Cl)cc(NC(=O)OCc4ccccc4)c3)cccc2C1=O,Amidation,,
C163200,1,,,,O=C(Nc1cc(Cl)cc(C(=O)O)c1)OCc1ccccc1,CN(Cc1ccccc1)C(=O)c1ccc(Cl)c(N)c1,CN(Cc1ccccc1)C(=O)c1ccc(Cl)c(NC(=O)c2cc(Cl)cc(NC(=O)OCc3ccccc3)c2)c1,Amidation,,
C163202,1,,,,O=C(Nc1cc(Cl)cc(C(=O)O)c1)OCc1ccccc1,NCc1cccc(NS(=O)(=O)c2ccc(Cl)cc2)c1,O=C(Nc1cc(Cl)cc(C(=O)NCc2cccc(NS(=O)(=O)c3ccc(Cl)cc3)c2)c1)OCc1ccccc1,Amidation,,
C163206,1,,,,O=C(Nc1cc(Cl)cc(C(=O)O)c1)OCc1ccccc1,Nc1ccc(Cl)c(C(=O)NCc2ccccc2F)c1,O=C(Nc1cc(Cl)cc(C(=O)Nc2ccc(Cl)c(C(=O)NCc3ccccc3F)c2)c1)OCc1ccccc1,Amidation,,
C163212,1,,,,O=C(Nc1cc(Cl)cc(C(=O)O)c1)OCc1ccccc1,CC(C)(C)OC(=O)N1CCc2c(N)ccc(Cl)c2C1,CC(C)(C)OC(=O)N1CCc2c(NC(=O)c3cc(Cl)cc(NC(=O)OCc4ccccc4)c3)ccc(Cl)c2C1,Amidation,,
C163214,1,,,,Nc1ccc2c(c1)C(=O)N(C1CCCNC1=O)C2=O,O=C(Nc1cc(Cl)cc(C(=O)O)c1)OCc1ccccc1,O=C(Nc1cc(Cl)cc(C(=O)Nc2ccc3c(c2)C(=O)N(C2CCCNC2=O)C3=O)c1)OCc1ccccc1,Amidation,,
C163215,1,,,,Nc1ccc2c(c1)C(=O)N(C1CCC(=O)NC1=O)C2,O=C(Nc1cc(Cl)cc(C(=O)O)c1)OCc1ccccc1,O=C1CCC(N2Cc3ccc(NC(=O)c4cc(Cl)cc(NC(=O)OCc5ccccc5)c4)cc3C2=O)C(=O)N1,Amidation,,
C163218,1,,,,O=C(Nc1cc(Cl)cc(C(=O)O)c1)OCc1ccccc1,Cc1cccc(NC(=O)Nc2cccc(CN)c2)c1,Cc1cccc(NC(=O)Nc2cccc(CNC(=O)c3cc(Cl)cc(NC(=O)OCc4ccccc4)c3)c2)c1,Amidation,,
C163405,1,,,,CCN1Cc2cc(N)ccc2C1=O,O=C(O)c1cc(Cl)c2[nH]c(=O)[nH]c2c1,CCN1Cc2cc(NC(=O)c3cc(Cl)c4[nH]c(=O)[nH]c4c3)ccc2C1=O,Amidation,,
C163422,1,,,,CCN1Cc2cc(N)ccc2C1=O,O=C(O)c1cc(F)c2[nH]c(=O)[nH]c2c1,CCN1Cc2cc(NC(=O)c3cc(F)c4[nH]c(=O)[nH]c4c3)ccc2C1=O,Amidation,,
C163425,1,,,,CCCN1Cc2ccc(N)cc2C1,O=C(O)c1cc(Cl)c2[nH]c(=O)[nH]c2c1,CCCN1Cc2ccc(NC(=O)c3cc(Cl)c4[nH]c(=O)[nH]c4c3)cc2C1,Amidation,,
C163435,1,,,,CN1Cc2cc(N)ccc2C1(C)C,O=C(O)c1cc(Cl)c2[nH]c(=O)[nH]c2c1,CN1Cc2cc(NC(=O)c3cc(Cl)c4[nH]c(=O)[nH]c4c3)ccc2C1(C)C,Amidation,,
C163440,1,,,,CCCN1Cc2ccc(N)cc2C1,O=C(O)c1cc(F)c2[nH]c(=O)[nH]c2c1,CCCN1Cc2ccc(NC(=O)c3cc(F)c4[nH]c(=O)[nH]c4c3)cc2C1,Amidation,,
C163442,1,,,,CN1Cc2cc(N)ccc2C1(C)C,O=C(O)c1cc(F)c2[nH]c(=O)[nH]c2c1,CN1Cc2cc(NC(=O)c3cc(F)c4[nH]c(=O)[nH]c4c3)ccc2C1(C)C,Amidation,,
C163443,1,,,,CCN1Cc2ccc(N)cc2C1=O,O=C(O)c1cc(Cl)c2[nH]c(=O)[nH]c2c1,CCN1Cc2ccc(NC(=O)c3cc(Cl)c4[nH]c(=O)[nH]c4c3)cc2C1=O,Amidation,,
C163470,1,,,,CC(C)N1Cc2ccc(N)cc2C1=O,O=C(O)c1cc(Cl)c2[nH]c(=O)[nH]c2c1,CC(C)N1Cc2ccc(NC(=O)c3cc(Cl)c4[nH]c(=O)[nH]c4c3)cc2C1=O,Amidation,,
C163471,1,,,,Nc1ccc2c(c1)CN(CC(F)F)C2,O=C(O)c1cc(Cl)c2[nH]c(=O)[nH]c2c1,O=C(Nc1ccc2c(c1)CN(CC(F)F)C2)c1cc(Cl)c2[nH]c(=O)[nH]c2c1,Amidation,,
C163472,1,,,,CCCCN1Cc2ccc(N)cc2C1,O=C(O)c1cc(Cl)c2[nH]c(=O)[nH]c2c1,CCCCN1Cc2ccc(NC(=O)c3cc(Cl)c4[nH]c(=O)[nH]c4c3)cc2C1,Amidation,,
C163537,1,,,,CCCCN1Cc2ccc(N)cc2C1,O=C(O)c1cc(F)c2[nH]c(=O)[nH]c2c1,CCCCN1Cc2ccc(NC(=O)c3cc(F)c4[nH]c(=O)[nH]c4c3)cc2C1,Amidation,,
C163540,1,,,,CCCCN1Cc2ccc(N)cc2C1,O=C(O)c1cc2[nH]c(=O)[nH]c2cc1F,CCCCN1Cc2ccc(NC(=O)c3cc4[nH]c(=O)[nH]c4cc3F)cc2C1,Amidation,,
C163553,1,,,,Nc1ccc2c(c1)CN(CC(F)F)C2,O=C(O)c1cc(F)c2[nH]c(=O)[nH]c2c1,O=C(Nc1ccc2c(c1)CN(CC(F)F)C2)c1cc(F)c2[nH]c(=O)[nH]c2c1,Amidation,,
C163574,1,,,,CCCCN1Cc2cc(N)ccc2C1=O,O=C(O)c1cc(F)c2[nH]c(=O)[nH]c2c1,CCCCN1Cc2cc(NC(=O)c3cc(F)c4[nH]c(=O)[nH]c4c3)ccc2C1=O,Amidation,,
C163578,1,,,,CCCCN1Cc2ccc(N)cc2C1,COc1cc(C(=O)O)cc2[nH]c(=O)[nH]c12,CCCCN1Cc2ccc(NC(=O)c3cc(OC)c4[nH]c(=O)[nH]c4c3)cc2C1,Amidation,,
C163600,1,,,,Nc1ccc2c(c1)CN(CC(F)(F)F)C2,O=C(O)c1ccc2[nH]c(=O)[nH]c2c1F,O=C(Nc1ccc2c(c1)CN(CC(F)(F)F)C2)c1ccc2[nH]c(=O)[nH]c2c1F,Amidation,,
C163644,1,,,,COCCCN1Cc2ccc(N)cc2C1,O=C(O)c1cc(F)c2[nH]c(=O)[nH]c2c1,COCCCN1Cc2ccc(NC(=O)c3cc(F)c4[nH]c(=O)[nH]c4c3)cc2C1,Amidation,,
C163645,1,,,,Nc1ccc2c(c1)CN(CC(F)(F)F)C2,O=C(O)c1cc(F)c2[nH]c(=O)[nH]c2c1,O=C(Nc1ccc2c(c1)CN(CC(F)(F)F)C2)c1cc(F)c2[nH]c(=O)[nH]c2c1,Amidation,,
C163646,1,,,,COCN1C(=O)c2ccc(N)cc2C1=O,O=C(O)c1cc(Cl)c2[nH]c(=O)[nH]c2c1,COCN1C(=O)c2ccc(NC(=O)c3cc(Cl)c4[nH]c(=O)[nH]c4c3)cc2C1=O,Amidation,,
C163674,1,,,,COCCN1Cc2cc(N)ccc2C1=O,O=C(O)c1cc(Cl)c2[nH]c(=O)[nH]c2c1,COCCN1Cc2cc(NC(=O)c3cc(Cl)c4[nH]c(=O)[nH]c4c3)ccc2C1=O,Amidation,,
C183609,1,,,,CC1(C)C(=O)Nc2cccc(C(=O)O)c21,Nc1cccc(CN2CCSCC2)c1,CC1(C)C(=O)Nc2cccc(C(=O)Nc3cccc(CN4CCSCC4)c3)c21,Amidation,,
C183618,1,,,,CC1(C)C(=O)Nc2cccc(C(=O)O)c21,Nc1cccc(Cn2cc(Br)cn2)c1,CC1(C)C(=O)Nc2cccc(C(=O)Nc3cccc(Cn4cc(Br)cn4)c3)c21,Amidation,,
C163693,1,,,,CC(C)CCN1Cc2ccc(N)cc2C1,O=C(O)c1ccc2[nH]c(=O)[nH]c2c1F,CC(C)CCN1Cc2ccc(NC(=O)c3ccc4[nH]c(=O)[nH]c4c3F)cc2C1,Amidation,,
C163695,1,,,,CC(C)CCN1Cc2ccc(N)cc2C1,O=C(O)c1cc(F)c2[nH]c(=O)[nH]c2c1,CC(C)CCN1Cc2ccc(NC(=O)c3cc(F)c4[nH]c(=O)[nH]c4c3)cc2C1,Amidation,,
C163704,1,,,,COCCCN1Cc2ccc(N)cc2C1,O=C(O)c1cc(Cl)c2[nH]c(=O)[nH]c2c1,COCCCN1Cc2ccc(NC(=O)c3cc(Cl)c4[nH]c(=O)[nH]c4c3)cc2C1,Amidation,,
C163706,1,,,,Nc1ccc2c(c1)CN(CC(F)(F)F)C2,O=C(O)c1cc(Cl)c2[nH]c(=O)[nH]c2c1,O=C(Nc1ccc2c(c1)CN(CC(F)(F)F)C2)c1cc(Cl)c2[nH]c(=O)[nH]c2c1,Amidation,,
C183653,1,,,,CC1(C)C(=O)Nc2cccc(C(=O)O)c21,Nc1cccc(Cn2cc(Cl)cn2)c1,CC1(C)C(=O)Nc2cccc(C(=O)Nc3cccc(Cn4cc(Cl)cn4)c3)c21,Amidation,,
C163761,1,,,,CC(C)n1c(=O)[nH]c2ccc(C(=O)O)cc21,CCCCN1Cc2ccc(N)cc2C1,CCCCN1Cc2ccc(NC(=O)c3ccc4[nH]c(=O)n(C(C)C)c4c3)cc2C1,Amidation,,
C163762,1,,,,Nc1ccc2c(c1)CN(CC(F)F)C2,CC(C)n1c(=O)[nH]c2ccc(C(=O)O)cc21,CC(C)n1c(=O)[nH]c2ccc(C(=O)Nc3ccc4c(c3)CN(CC(F)F)C4)cc21,Amidation,,
C183697,1,,,,CC1(C)C(=O)Nc2cccc(C(=O)O)c21,CN(C)CCN1Cc2cccc(N)c2C1,CN(C)CCN1Cc2cccc(NC(=O)c3cccc4c3C(C)(C)C(=O)N4)c2C1,Amidation,,
C163772,1,,,,Nc1ccc2c(c1)CN(CC(F)(F)F)C2,CCn1c(=O)[nH]c2ccc(C(=O)O)cc21,CCn1c(=O)[nH]c2ccc(C(=O)Nc3ccc4c(c3)CN(CC(F)(F)F)C4)cc21,Amidation,,
C183704,1,,,,CC1(C)C(=O)Nc2cccc(C(=O)O)c21,Nc1cccc(CN=S2(=O)CCCC2)c1,CC1(C)C(=O)Nc2cccc(C(=O)Nc3cccc(CN=S4(=O)CCCC4)c3)c21,Amidation,,
C183710,1,,,,CN1CCN(Cc2cccc(N)c2)CC1,CC1(C)C(=O)Nc2cccc(C(=O)O)c21,CN1CCN(Cc2cccc(NC(=O)c3cccc4c3C(C)(C)C(=O)N4)c2)CC1,Amidation,,
C163783,1,,,,Nc1ccc2c(c1)C(=O)N(CC1CC1)C2=O,O=C(O)c1cc(F)c2[nH]c(=O)[nH]c2c1,O=C(Nc1ccc2c(c1)C(=O)N(CC1CC1)C2=O)c1cc(F)c2[nH]c(=O)[nH]c2c1,Amidation,,
C183721,1,,,,CC1(C)C(=O)Nc2cccc(C(=O)O)c21,Cc1c(N)cccc1CN1CCSCC1,Cc1c(CN2CCSCC2)cccc1NC(=O)c1cccc2c1C(C)(C)C(=O)N2,Amidation,,
C183722,1,,,,CC1(C)C(=O)Nc2cccc(C(=O)O)c21,Nc1cccc(Cn2ccccc2=O)c1,CC1(C)C(=O)Nc2cccc(C(=O)Nc3cccc(Cn4ccccc4=O)c3)c21,Amidation,,
C183723,1,,,,CC1(C)C(=O)Nc2cccc(C(=O)O)c21,Cc1ccc(CN2CCSCC2)cc1N,Cc1ccc(CN2CCSCC2)cc1NC(=O)c1cccc2c1C(C)(C)C(=O)N2,Amidation,,
C183731,1,,,,CC1(C)C(=O)Nc2cccc(C(=O)O)c21,Nc1cccc2c1CN(c1nccs1)C2,CC1(C)C(=O)Nc2cccc(C(=O)Nc3cccc4c3CN(c3nccs3)C4)c21,Amidation,,
C183732,1,,,,CC1(C)C(=O)Nc2cccc(C(=O)O)c21,CC1(c2cccc(N)c2)NC(=O)NC1=O,CC1(C)C(=O)Nc2cccc(C(=O)Nc3cccc(C4(C)NC(=O)NC4=O)c3)c21,Amidation,,
C163806,1,,,,COCCN1Cc2cc(N)ccc2C1=O,COc1cc(C(=O)O)cc2[nH]c(=O)[nH]c12,COCCN1Cc2cc(NC(=O)c3cc(OC)c4[nH]c(=O)[nH]c4c3)ccc2C1=O,Amidation,,
C163818,1,,,,CCOCCCN1Cc2ccc(N)cc2C1,O=C(O)c1cc(Cl)c2[nH]c(=O)[nH]c2c1,CCOCCCN1Cc2ccc(NC(=O)c3cc(Cl)c4[nH]c(=O)[nH]c4c3)cc2C1,Amidation,,
C163819,1,,,,Nc1ccc2c(c1)C(=O)N(CC1CC1)C2=O,O=C(O)c1cc(Cl)c2[nH]c(=O)[nH]c2c1,O=C(Nc1ccc2c(c1)C(=O)N(CC1CC1)C2=O)c1cc(Cl)c2[nH]c(=O)[nH]c2c1,Amidation,,
C163867,1,,,,CC(C)(O)CCN1Cc2ccc(N)cc2C1=O,O=C(O)c1cc(Cl)c2[nH]c(=O)[nH]c2c1,CC(C)(O)CCN1Cc2ccc(NC(=O)c3cc(Cl)c4[nH]c(=O)[nH]c4c3)cc2C1=O,Amidation,,
C183825,1,,,,CC1(C)C(=O)Nc2cccc(C(=O)O)c21,Nc1cccc(Cn2cccnc2=O)c1,CC1(C)C(=O)Nc2cccc(C(=O)Nc3cccc(Cn4cccnc4=O)c3)c21,Amidation,,
C183843,1,,,,CC1(C)C(=O)Nc2cccc(C(=O)O)c21,Nc1cccc2c1CCN(CC(F)(F)F)C2,CC1(C)C(=O)Nc2cccc(C(=O)Nc3cccc4c3CCN(CC(F)(F)F)C4)c21,Amidation,,
C163916,1,,,,CN1Cc2ccc(N)cc2C1,O=C(O)c1ccc2[nH]c(=O)n(Cc3ccccc3)c2c1,CN1Cc2ccc(NC(=O)c3ccc4[nH]c(=O)n(Cc5ccccc5)c4c3)cc2C1,Amidation,,
C163917,1,,,,Nc1ccc2c(c1)CNC2=O,O=C(O)c1ccc2[nH]c(=O)n(Cc3ccccc3)c2c1,O=C(Nc1ccc2c(c1)CNC2=O)c1ccc2[nH]c(=O)n(Cc3ccccc3)c2c1,Amidation,,
C183848,1,,,,CC1(C)C(=O)Nc2cccc(C(=O)O)c21,CC(C)(O)CN1CCc2c(N)cccc2C1,CC(C)(O)CN1CCc2c(cccc2NC(=O)c2cccc3c2C(C)(C)C(=O)N3)C1,Amidation,,
C163933,1,,,,CC(C)n1c(=O)[nH]c2ccc(C(=O)O)cc21,COCCCN1Cc2ccc(N)cc2C1,COCCCN1Cc2ccc(NC(=O)c3ccc4[nH]c(=O)n(C(C)C)c4c3)cc2C1,Amidation,,
C163934,1,,,,CC(C)n1c(=O)[nH]c2ccc(C(=O)O)cc21,Nc1ccc2c(c1)CN(CC(F)(F)F)C2,CC(C)n1c(=O)[nH]c2ccc(C(=O)Nc3ccc4c(c3)CN(CC(F)(F)F)C4)cc21,Amidation,,
C183862,1,,,,CC1(C)C(=O)Nc2cccc(C(=O)O)c21,Cc1cc(N)cc(CNC(=O)C(F)(F)F)c1,Cc1cc(CNC(=O)C(F)(F)F)cc(NC(=O)c2cccc3c2C(C)(C)C(=O)N3)c1,Amidation,,
C163945,1,,,,Nc1ccc2c(c1)CN(c1ccccc1)C2,COc1cc(C(=O)O)cc2[nH]c(=O)[nH]c12,COc1cc(C(=O)Nc2ccc3c(c2)CN(c2ccccc2)C3)cc2[nH]c(=O)[nH]c12,Amidation,,
C163967,1,,,,Nc1ccc2c(c1)CN(CC(F)(F)F)C2,O=C(O)c1ccc2[nH]c(=O)n(C3CC3)c2c1,O=C(Nc1ccc2c(c1)CN(CC(F)(F)F)C2)c1ccc2[nH]c(=O)n(C3CC3)c2c1,Amidation,,
C163971,1,,,,CC(C)CCN1Cc2ccc(N)cc2C1,O=C(O)c1ccc2[nH]c(=O)n(C3CC3)c2c1,CC(C)CCN1Cc2ccc(NC(=O)c3ccc4[nH]c(=O)n(C5CC5)c4c3)cc2C1,Amidation,,
C183904,1,,,,CC1(C)C(=O)Nc2cccc(C(=O)O)c21,CC(C)(C)CNC(=O)c1ccc(Cl)c(N)c1,CC(C)(C)CNC(=O)c1ccc(Cl)c(NC(=O)c2cccc3c2C(C)(C)C(=O)N3)c1,Amidation,,
C163998,1,,,,CN1Cc2cc(N)ccc2C1=O,O=C(O)c1ccc2[nH]c(=O)n(Cc3ccccc3)c2c1,CN1Cc2cc(NC(=O)c3ccc4[nH]c(=O)n(Cc5ccccc5)c4c3)ccc2C1=O,Amidation,,
C164015,1,,,,Nc1cc2c(cc1F)CNC2=O,O=C(O)c1ccc2[nH]c(=O)n(Cc3ccccc3)c2c1,O=C(Nc1cc2c(cc1F)CNC2=O)c1ccc2[nH]c(=O)n(Cc3ccccc3)c2c1,Amidation,,
C183963,1,,,,CC1(C)C(=O)Nc2cccc(C(=O)O)c21,Nc1cccc(Cn2cnc3ccccc32)c1,CC1(C)C(=O)Nc2cccc(C(=O)Nc3cccc(Cn4cnc5ccccc54)c3)c21,Amidation,,
C164038,1,,,,CC(C)n1c(=O)[nH]c2ccc(C(=O)O)cc21,CCOCCCN1Cc2ccc(N)cc2C1,CCOCCCN1Cc2ccc(NC(=O)c3ccc4[nH]c(=O)n(C(C)C)c4c3)cc2C1,Amidation,,
C183976,1,,,,CC1(C)C(=O)Nc2cccc(C(=O)O)c21,CC(C)(C)OC(=O)NCc1ccc(F)c(N)c1,CC(C)(C)OC(=O)NCc1ccc(F)c(NC(=O)c2cccc3c2C(C)(C)C(=O)N3)c1,Amidation,,
C164052,1,,,,CCN1Cc2ccc(N)cc2C1,O=C(O)c1ccc2[nH]c(=O)n(Cc3ccccc3)c2c1,CCN1Cc2ccc(NC(=O)c3ccc4[nH]c(=O)n(Cc5ccccc5)c4c3)cc2C1,Amidation,,
C164054,1,,,,CCOCCCN1Cc2ccc(N)cc2C1,O=C(O)c1ccc2[nH]c(=O)n(C3CC3)c2c1,CCOCCCN1Cc2ccc(NC(=O)c3ccc4[nH]c(=O)n(C5CC5)c4c3)cc2C1,Amidation,,
C183988,1,,,,CC1(C)C(=O)Nc2cccc(C(=O)O)c21,CC1(C)OC(=O)N(Cc2cccc(N)c2)C1=O,CC1(C)OC(=O)N(Cc2cccc(NC(=O)c3cccc4c3C(C)(C)C(=O)N4)c2)C1=O,Amidation,,
C164061,1,,,,Nc1ccc2c(c1)CN(c1ccccc1)C2,O=C(O)c1ccc2[nH]c(=O)n(C3CC3)c2c1,O=C(Nc1ccc2c(c1)CN(c1ccccc1)C2)c1ccc2[nH]c(=O)n(C3CC3)c2c1,Amidation,,
C164073,1,,,,CC(C)n1c(=O)[nH]c2ccc(C(=O)O)cc21,Nc1ccc2c(c1)C(=O)N(CC1CC1)C2=O,CC(C)n1c(=O)[nH]c2ccc(C(=O)Nc3ccc4c(c3)C(=O)N(CC3CC3)C4=O)cc21,Amidation,,
C184006,1,,,,CC1(C)C(=O)Nc2cccc(C(=O)O)c21,Cc1c(N)cccc1CNC(=O)OC(C)(C)C,Cc1c(CNC(=O)OC(C)(C)C)cccc1NC(=O)c1cccc2c1C(C)(C)C(=O)N2,Amidation,,
C164078,1,,,,Nc1ccc2c(c1)CN(CC(F)F)C2,O=C(O)c1ccc2[nH]c(=O)n(CC(F)(F)F)c2c1,O=C(Nc1ccc2c(c1)CN(CC(F)F)C2)c1ccc2[nH]c(=O)n(CC(F)(F)F)c2c1,Amidation,,
C184007,1,,,,CC1(C)C(=O)Nc2cccc(C(=O)O)c21,Nc1ccc(Cl)c(C(=O)NCc2cccs2)c1,CC1(C)C(=O)Nc2cccc(C(=O)Nc3ccc(Cl)c(C(=O)NCc4cccs4)c3)c21,Amidation,,
C184013,1,,,,CC1(C)C(=O)Nc2cccc(C(=O)O)c21,CNC(=O)c1ccc(N2CCSCC2)c(N)c1,CNC(=O)c1ccc(N2CCSCC2)c(NC(=O)c2cccc3c2C(C)(C)C(=O)N3)c1,Amidation,,
C164089,1,,,,Nc1ccc2c(c1)CN(C1CC(=O)NC1=O)C2=O,O=C(O)c1cc(Cl)c2[nH]c(=O)[nH]c2c1,O=C1CC(N2Cc3cc(NC(=O)c4cc(Cl)c5[nH]c(=O)[nH]c5c4)ccc3C2=O)C(=O)N1,Amidation,,
C164097,1,,,,CN1C(=O)c2ccc(N)cc2C1=O,O=C(O)c1ccc2[nH]c(=O)n(Cc3ccccc3)c2c1,CN1C(=O)c2ccc(NC(=O)c3ccc4[nH]c(=O)n(Cc5ccccc5)c4c3)cc2C1=O,Amidation,,
C164102,1,,,,CCN1Cc2ccc(N)cc2C1=O,O=C(O)c1ccc2[nH]c(=O)n(Cc3ccccc3)c2c1,CCN1Cc2ccc(NC(=O)c3ccc4[nH]c(=O)n(Cc5ccccc5)c4c3)cc2C1=O,Amidation,,
C164104,1,,,,CN1Cc2cc(N)ccc2C1(C)C,O=C(O)c1ccc2[nH]c(=O)n(Cc3ccccc3)c2c1,CN1Cc2cc(NC(=O)c3ccc4[nH]c(=O)n(Cc5ccccc5)c4c3)ccc2C1(C)C,Amidation,,
C164107,1,,,,CCN1Cc2cc(N)ccc2C1=O,O=C(O)c1ccc2[nH]c(=O)n(Cc3ccccc3)c2c1,CCN1Cc2cc(NC(=O)c3ccc4[nH]c(=O)n(Cc5ccccc5)c4c3)ccc2C1=O,Amidation,,
C164111,1,,,,CN(C)CCn1c(=O)[nH]c2ccc(C(=O)O)cc21,CCCCN1Cc2cc(N)ccc2C1=O,CCCCN1Cc2cc(NC(=O)c3ccc4[nH]c(=O)n(CCN(C)C)c4c3)ccc2C1=O,Amidation,,
C164114,1,,,,CC(C)CCN1Cc2ccc(N)cc2C1,O=C(O)c1ccc2[nH]c(=O)n(CC(F)(F)F)c2c1,CC(C)CCN1Cc2ccc(NC(=O)c3ccc4[nH]c(=O)n(CC(F)(F)F)c4c3)cc2C1,Amidation,,
C164115,1,,,,COCCCN1Cc2ccc(N)cc2C1,O=C(O)c1ccc2[nH]c(=O)n(CC(F)(F)F)c2c1,COCCCN1Cc2ccc(NC(=O)c3ccc4[nH]c(=O)n(CC(F)(F)F)c4c3)cc2C1,Amidation,,
C184048,1,,,,CC1(C)C(=O)Nc2cccc(C(=O)O)c21,COc1ccc(CN2CCN(C)CC2)cc1N,COc1ccc(CN2CCN(C)CC2)cc1NC(=O)c1cccc2c1C(C)(C)C(=O)N2,Amidation,,
C164123,1,,,,CN(C)CCn1c(=O)[nH]c2ccc(C(=O)O)cc21,Nc1ccc2c(c1)CN(CC(F)(F)F)C2,CN(C)CCn1c(=O)[nH]c2ccc(C(=O)Nc3ccc4c(c3)CN(CC(F)(F)F)C4)cc21,Amidation,,
C164125,1,,,,CN(C)CCn1c(=O)[nH]c2ccc(C(=O)O)cc21,CC(C)CCN1Cc2ccc(N)cc2C1,CC(C)CCN1Cc2ccc(NC(=O)c3ccc4[nH]c(=O)n(CCN(C)C)c4c3)cc2C1,Amidation,,
C164127,1,,,,COCCN1Cc2cc(N)ccc2C1=O,O=C(O)c1ccc2[nH]c(=O)n(CC(F)(F)F)c2c1,COCCN1Cc2cc(NC(=O)c3ccc4[nH]c(=O)n(CC(F)(F)F)c4c3)ccc2C1=O,Amidation,,
C164135,1,,,,Nc1ccc2c(c1)CN(C1CC(F)CNC1=O)C2=O,O=C(O)c1cc(Cl)c2[nH]c(=O)[nH]c2c1,O=C(Nc1ccc2c(c1)CN(C1CC(F)CNC1=O)C2=O)c1cc(Cl)c2[nH]c(=O)[nH]c2c1,Amidation,,
C164136,1,,,,Nc1ccc2c(c1)C(=O)N(C1CC(=O)NC1=O)C2=O,O=C(O)c1cc(Cl)c2[nH]c(=O)[nH]c2c1,O=C1CC(N2C(=O)c3ccc(NC(=O)c4cc(Cl)c5[nH]c(=O)[nH]c5c4)cc3C2=O)C(=O)N1,Amidation,,
C164148,1,,,,Nc1ccc2c(c1)C(=O)N(C1CCC(=O)NC1=O)C2,O=C(O)c1cc(Cl)c2[nH]c(=O)[nH]c2c1,O=C1CCC(N2Cc3ccc(NC(=O)c4cc(Cl)c5[nH]c(=O)[nH]c5c4)cc3C2=O)C(=O)N1,Amidation,,
C164164,1,,,,Nc1ccc2c(c1)CN(C1CC(F)CNC1=O)C2=O,O=C(O)c1cc(F)c2[nH]c(=O)[nH]c2c1,O=C(Nc1ccc2c(c1)CN(C1CC(F)CNC1=O)C2=O)c1cc(F)c2[nH]c(=O)[nH]c2c1,Amidation,,
C184150,1,,,,Nc1ccc2c(c1)CN(C1CCC(=O)NC1=O)C2=O,Cn1ccc2c(C(=O)O)cc(Br)cc21,Cn1ccc2c(C(=O)Nc3ccc4c(c3)CN(C3CCC(=O)NC3=O)C4=O)cc(Br)cc21,Amidation,,
C164323,1,,,,O=C1CCc2cc(C(=O)O)cc(F)c2N1,CCCCN1Cc2ccc(N)cc2C1,CCCCN1Cc2ccc(NC(=O)c3cc(F)c4c(c3)CCC(=O)N4)cc2C1,Amidation,,
C164324,1,,,,Nc1ccc2c(c1)CN(CC(F)F)C2,O=C1CCc2cc(C(=O)O)cc(F)c2N1,O=C1CCc2cc(C(=O)Nc3ccc4c(c3)CN(CC(F)F)C4)cc(F)c2N1,Amidation,,
C164350,1,,,,O=C1CCc2cc(C(=O)O)cc(F)c2N1,COCCCN1Cc2ccc(N)cc2C1,COCCCN1Cc2ccc(NC(=O)c3cc(F)c4c(c3)CCC(=O)N4)cc2C1,Amidation,,
C164352,1,,,,O=C1CCc2cc(C(=O)O)cc(F)c2N1,COCCN1Cc2cc(N)ccc2C1=O,COCCN1Cc2cc(NC(=O)c3cc(F)c4c(c3)CCC(=O)N4)ccc2C1=O,Amidation,,
C184291,1,,,,CCCN1Cc2ccc(N)cc2C1,CN1C(=O)Cc2cc(C(=O)O)cc(Cl)c21,CCCN1Cc2ccc(NC(=O)c3cc(Cl)c4c(c3)CC(=O)N4C)cc2C1,Amidation,,
C184296,1,,,,CCN1Cc2cc(N)ccc2C1=O,O=C1Nc2c(Br)cc(C(=O)O)cc2C1=O,CCN1Cc2cc(NC(=O)c3cc(Br)c4c(c3)C(=O)C(=O)N4)ccc2C1=O,Amidation,,
C184299,1,,,,CN1Cc2cc(N)ccc2C1(C)C,O=C1Nc2c(Br)cc(C(=O)O)cc2C1=O,CN1Cc2cc(NC(=O)c3cc(Br)c4c(c3)C(=O)C(=O)N4)ccc2C1(C)C,Amidation,,
C184328,1,,,,CCCN1Cc2ccc(N)cc2C1,O=C1Nc2c(Br)cc(C(=O)O)cc2C1=O,CCCN1Cc2ccc(NC(=O)c3cc(Br)c4c(c3)C(=O)C(=O)N4)cc2C1,Amidation,,
C184369,1,,,,Nc1ccc2c(c1)CN(CC(F)F)C2,CN1C(=O)Cc2cc(C(=O)O)cc(Cl)c21,CN1C(=O)Cc2cc(C(=O)Nc3ccc4c(c3)CN(CC(F)F)C4)cc(Cl)c21,Amidation,,
C184371,1,,,,CC1(C)C(=O)Nc2ccc(C(=O)O)cc21,CCCCN1Cc2ccc(N)cc2C1,CCCCN1Cc2ccc(NC(=O)c3ccc4c(c3)C(C)(C)C(=O)N4)cc2C1,Amidation,,
C184377,1,,,,Nc1ccc2c(c1)CN(CC(F)F)C2,O=C(O)c1ccc2c(c1)C1(CC1)C(=O)N2,O=C(Nc1ccc2c(c1)CN(CC(F)F)C2)c1ccc2c(c1)C1(CC1)C(=O)N2,Amidation,,
C164442,1,,,,O=C1CCc2cc(C(=O)O)cc(F)c2N1,Nc1ccc2c(c1)CN(C1CCC(=O)NC1=O)C2=O,O=C1CCC(N2Cc3cc(NC(=O)c4cc(F)c5c(c4)CCC(=O)N5)ccc3C2=O)C(=O)N1,Amidation,,
C184389,1,,,,Nc1ccc2c(c1)CN(CC(F)F)C2,O=C1Nc2c(Br)cc(C(=O)O)cc2C1=O,O=C1Nc2c(Br)cc(C(=O)Nc3ccc4c(c3)CN(CC(F)F)C4)cc2C1=O,Amidation,,
C184390,1,,,,CCCCN1Cc2ccc(N)cc2C1,O=C1Nc2c(Br)cc(C(=O)O)cc2C1=O,CCCCN1Cc2ccc(NC(=O)c3cc(Br)c4c(c3)C(=O)C(=O)N4)cc2C1,Amidation,,
C164469,1,,,,CN1Cc2ccc(N)cc2C1,COC(=O)c1cc(Cl)c2[nH]cc(C)c2c1,Cc1c[nH]c2c(Cl)cc(C(=O)Nc3ccc4c(c3)CN(C)C4)cc12,Ester_amidation,,
C164474,1,,,,COC(=O)c1cc(Cl)c2[nH]cc(C)c2c1,CCN1Cc2ccc(N)cc2C1,CCN1Cc2ccc(NC(=O)c3cc(Cl)c4[nH]cc(C)c4c3)cc2C1,Ester_amidation,,
C164476,1,,,,COC(=O)c1cc(Cl)c2[nH]cc(C)c2c1,CN1Cc2cc(N)ccc2C1(C)C,Cc1c[nH]c2c(Cl)cc(C(=O)Nc3ccc4c(c3)CN(C)C4(C)C)cc12,Ester_amidation,,
C164478,1,,,,COC(=O)c1cc(Cl)c2[nH]cc(C)c2c1,CCCN1Cc2ccc(N)cc2C1,CCCN1Cc2ccc(NC(=O)c3cc(Cl)c4[nH]cc(C)c4c3)cc2C1,Ester_amidation,,
C184418,1,,,,CCCCN1Cc2ccc(N)cc2C1,O=C(O)c1ccc2c(c1)C1(CC1)C(=O)N2,CCCCN1Cc2ccc(NC(=O)c3ccc4c(c3)C3(CC3)C(=O)N4)cc2C1,Amidation,,
C164487,1,,,,COC(=O)c1cc(Cl)c2[nH]cc(C)c2c1,CC(C)CCN1Cc2ccc(N)cc2C1,Cc1c[nH]c2c(Cl)cc(C(=O)Nc3ccc4c(c3)CN(CCC(C)C)C4)cc12,Ester_amidation,,
C184432,1,,,,COCCCN1Cc2ccc(N)cc2C1,O=C(O)c1ccc2c(c1)C1(CC1)C(=O)N2,COCCCN1Cc2ccc(NC(=O)c3ccc4c(c3)C3(CC3)C(=O)N4)cc2C1,Amidation,,
C184435,1,,,,CC1(C)C(=O)Nc2ccc(C(=O)O)cc21,CC(C)CCN1Cc2ccc(N)cc2C1,CC(C)CCN1Cc2ccc(NC(=O)c3ccc4c(c3)C(C)(C)C(=O)N4)cc2C1,Amidation,,
C164504,1,,,,COC(=O)c1cc(Cl)c2[nH]cc(C)c2c1,CC(C)c1ccc(N2Cc3ccc(N)cc3C2)cc1,Cc1c[nH]c2c(Cl)cc(C(=O)Nc3ccc4c(c3)CN(c3ccc(C(C)C)cc3)C4)cc12,Ester_amidation,,
C184440,1,,,,CC1(C)C(=O)Nc2ccc(C(=O)O)cc21,Nc1ccc2c(c1)CN(CC(F)(F)F)C2,CC1(C)C(=O)Nc2ccc(C(=O)Nc3ccc4c(c3)CN(CC(F)(F)F)C4)cc21,Amidation,,
C184459,1,,,,Nc1ccc2c(c1)CN(CC(F)(F)F)C2,CN1C(=O)Cc2cc(C(=O)O)cc(Cl)c21,CN1C(=O)Cc2cc(C(=O)Nc3ccc4c(c3)CN(CC(F)(F)F)C4)cc(Cl)c21,Amidation,,
C184461,1,,,,Nc1ccc2c(c1)CN(CC(F)(F)F)C2,O=C1Nc2c(Br)cc(C(=O)O)cc2C1=O,O=C1Nc2c(Br)cc(C(=O)Nc3ccc4c(c3)CN(CC(F)(F)F)C4)cc2C1=O,Amidation,,
C184462,1,,,,COCCN1Cc2cc(N)ccc2C1=O,O=C1Nc2c(Br)cc(C(=O)O)cc2C1=O,COCCN1Cc2cc(NC(=O)c3cc(Br)c4c(c3)C(=O)C(=O)N4)ccc2C1=O,Amidation,,
C184468,1,,,,CCCCN1Cc2cc(N)ccc2C1=O,O=C1Nc2c(Br)cc(C(=O)O)cc2C1=O,CCCCN1Cc2cc(NC(=O)c3cc(Br)c4c(c3)C(=O)C(=O)N4)ccc2C1=O,Amidation,,
C184472,1,,,,O=C(O)c1ccc2c(c1)C1(CC1)C(=O)N2,CCCCN1Cc2cc(N)ccc2C1=O,CCCCN1Cc2cc(NC(=O)c3ccc4c(c3)C3(CC3)C(=O)N4)ccc2C1=O,Amidation,,
C184481,1,,,,COCCCN1Cc2ccc(N)cc2C1,O=C1Nc2c(Br)cc(C(=O)O)cc2C1=O,COCCCN1Cc2ccc(NC(=O)c3cc(Br)c4c(c3)C(=O)C(=O)N4)cc2C1,Amidation,,
C184487,1,,,,CCCCN1Cc2cc(N)ccc2C1=O,CN1C(=O)Cc2cc(C(=O)O)cc(Cl)c21,CCCCN1Cc2cc(NC(=O)c3cc(Cl)c4c(c3)CC(=O)N4C)ccc2C1=O,Amidation,,
C184503,1,,,,O=C(O)c1ccc2c(c1)C1(CCOCC1)C(=O)N2,CCCN1Cc2ccc(N)cc2C1,CCCN1Cc2ccc(NC(=O)c3ccc4c(c3)C3(CCOCC3)C(=O)N4)cc2C1,Amidation,,
C184523,1,,,,CC1(C)C(=O)Nc2ccc(C(=O)O)cc21,Nc1ccc2c(c1)CN(c1ccccc1)C2,CC1(C)C(=O)Nc2ccc(C(=O)Nc3ccc4c(c3)CN(c3ccccc3)C4)cc21,Amidation,,
C184525,1,,,,Nc1ccc2c(c1)CN(c1ccccc1)C2,O=C1Nc2c(Br)cc(C(=O)O)cc2C1=O,O=C1Nc2c(Br)cc(C(=O)Nc3ccc4c(c3)CN(c3ccccc3)C4)cc2C1=O,Amidation,,
C184527,1,,,,Nc1ccc2c(c1)C(=O)N(CC1CC1)C2=O,O=C1Nc2c(Br)cc(C(=O)O)cc2C1=O,O=C1Nc2c(Br)cc(C(=O)Nc3ccc4c(c3)C(=O)N(CC3CC3)C4=O)cc2C1=O,Amidation,,
C184535,1,,,,Nc1ccc2c(c1)CN(c1ccccc1)C2,CN1C(=O)Cc2cc(C(=O)O)cc(Cl)c21,CN1C(=O)Cc2cc(C(=O)Nc3ccc4c(c3)CN(c3ccccc3)C4)cc(Cl)c21,Amidation,,
C184538,1,,,,CC1(C)C(=O)Nc2ccc(C(=O)O)cc21,CCOCCCN1Cc2ccc(N)cc2C1,CCOCCCN1Cc2ccc(NC(=O)c3ccc4c(c3)C(C)(C)C(=O)N4)cc2C1,Amidation,,
C184563,1,,,,Nc1ccc2c(c1)CN(CC(F)F)C2,O=C(O)c1ccc2c(c1)C1(CCOCC1)C(=O)N2,O=C(Nc1ccc2c(c1)CN(CC(F)F)C2)c1ccc2c(c1)C1(CCOCC1)C(=O)N2,Amidation,,
C184564,1,,,,O=C(O)c1ccc2c(c1)C1(CCOCC1)C(=O)N2,CCCCN1Cc2ccc(N)cc2C1,CCCCN1Cc2ccc(NC(=O)c3ccc4c(c3)C3(CCOCC3)C(=O)N4)cc2C1,Amidation,,
C184573,1,,,,CC(C)(O)CCN1Cc2ccc(N)cc2C1=O,O=C1Nc2c(Br)cc(C(=O)O)cc2C1=O,CC(C)(O)CCN1Cc2ccc(NC(=O)c3cc(Br)c4c(c3)C(=O)C(=O)N4)cc2C1=O,Amidation,,
C184601,1,,,,Nc1ccc2c(c1)CN(C1CC(=O)NC1=O)C2=O,O=C1Nc2c(Br)cc(C(=O)O)cc2C1=O,O=C1CC(N2Cc3cc(NC(=O)c4cc(Br)c5c(c4)C(=O)C(=O)N5)ccc3C2=O)C(=O)N1,Amidation,,
C184603,1,,,,O=C(O)c1ccc2c(c1)C1(CCOCC1)C(=O)N2,Nc1ccc2c(c1)CN(CC(F)(F)F)C2,O=C(Nc1ccc2c(c1)CN(CC(F)(F)F)C2)c1ccc2c(c1)C1(CCOCC1)C(=O)N2,Amidation,,
C184615,1,,,,CC1(C)C(=O)Nc2ccc(C(=O)O)cc21,Nc1ccc2c(c1)CN(C1CC(=O)NC1=O)C2=O,CC1(C)C(=O)Nc2ccc(C(=O)Nc3ccc4c(c3)CN(C3CC(=O)NC3=O)C4=O)cc21,Amidation,,
C184618,1,,,,O=C(O)c1ccc2c(c1)C1(CCOCC1)C(=O)N2,CCCCN1Cc2cc(N)ccc2C1=O,CCCCN1Cc2cc(NC(=O)c3ccc4c(c3)C3(CCOCC3)C(=O)N4)ccc2C1=O,Amidation,,
C184627,1,,,,Nc1ccc2c(c1)CN(C1CC(=O)NC1=O)C2=O,CN1C(=O)Cc2cc(C(=O)O)cc(Cl)c21,CN1C(=O)Cc2cc(C(=O)Nc3ccc4c(c3)CN(C3CC(=O)NC3=O)C4=O)cc(Cl)c21,Amidation,,
C166251,1,,,,CC1(C)C(=O)Nc2cccc(C(=O)O)c21,Cc1nc(N2CCC(N)C2)c(Cl)cc1C#N,Cc1nc(N2CCC(NC(=O)c3cccc4c3C(C)(C)C(=O)N4)C2)c(Cl)cc1C#N,Amidation,,
C166252,1,,,,CC1(C)C(=O)Nc2cccc(C(=O)O)c21,NC1CCN(c2ncc(C(F)(F)F)cc2Cl)C1,CC1(C)C(=O)Nc2cccc(C(=O)NC3CCN(c4ncc(C(F)(F)F)cc4Cl)C3)c21,Amidation,,
C166262,1,,,,Nc1ccc2c(c1)CNC2=O,N#Cc1c(Cl)cc(C(=O)O)cc1Cl,N#Cc1c(Cl)cc(C(=O)Nc2ccc3c(c2)CNC3=O)cc1Cl,Amidation,,
C166263,1,,,,CN1Cc2ccc(N)cc2C1,N#Cc1c(Cl)cc(C(=O)O)cc1Cl,CN1Cc2ccc(NC(=O)c3cc(Cl)c(C#N)c(Cl)c3)cc2C1,Amidation,,
C166267,1,,,,Nc1ccc2c(c1)C(=O)NC2=O,N#Cc1c(Cl)cc(C(=O)O)cc1Cl,N#Cc1c(Cl)cc(C(=O)Nc2ccc3c(c2)C(=O)NC3=O)cc1Cl,Amidation,,
C166268,1,,,,CN1Cc2cc(N)ccc2C1=O,N#Cc1c(Cl)cc(C(=O)O)cc1Cl,CN1Cc2cc(NC(=O)c3cc(Cl)c(C#N)c(Cl)c3)ccc2C1=O,Amidation,,
C166269,1,,,,Nc1cc2c(cc1F)CNC2=O,N#Cc1c(Cl)cc(C(=O)O)cc1Cl,N#Cc1c(Cl)cc(C(=O)Nc2cc3c(cc2F)CNC3=O)cc1Cl,Amidation,,
C166274,1,,,,CCN1Cc2ccc(N)cc2C1,N#Cc1c(Cl)cc(C(=O)O)cc1Cl,CCN1Cc2ccc(NC(=O)c3cc(Cl)c(C#N)c(Cl)c3)cc2C1,Amidation,,
C166294,1,,,,CCN1Cc2cc(N)ccc2C1=O,N#Cc1c(Cl)cc(C(=O)O)cc1Cl,CCN1Cc2cc(NC(=O)c3cc(Cl)c(C#N)c(Cl)c3)ccc2C1=O,Amidation,,
C166296,1,,,,CN1Cc2cc(N)ccc2C1(C)C,N#Cc1c(Cl)cc(C(=O)O)cc1Cl,CN1Cc2cc(NC(=O)c3cc(Cl)c(C#N)c(Cl)c3)ccc2C1(C)C,Amidation,,
C166297,1,,,,CCCN1Cc2ccc(N)cc2C1,N#Cc1c(Cl)cc(C(=O)O)cc1Cl,CCCN1Cc2ccc(NC(=O)c3cc(Cl)c(C#N)c(Cl)c3)cc2C1,Amidation,,
C166301,1,,,,Nc1ccc2c(c1)CN(CC(F)F)C2,N#Cc1c(Cl)cc(C(=O)O)cc1Cl,N#Cc1c(Cl)cc(C(=O)Nc2ccc3c(c2)CN(CC(F)F)C3)cc1Cl,Amidation,,
C166313,1,,,,CCCCN1Cc2cc(N)ccc2C1=O,N#Cc1c(Cl)cc(C(=O)O)cc1Cl,CCCCN1Cc2cc(NC(=O)c3cc(Cl)c(C#N)c(Cl)c3)ccc2C1=O,Amidation,,
C166327,1,,,,CCOCCCN1Cc2ccc(N)cc2C1,N#Cc1c(Cl)cc(C(=O)O)cc1Cl,CCOCCCN1Cc2ccc(NC(=O)c3cc(Cl)c(C#N)c(Cl)c3)cc2C1,Amidation,,
C166338,1,,,,Nc1ccc2c(c1)CN(C1CC(=O)NC1=O)C2=O,N#Cc1c(Cl)cc(C(=O)O)cc1Cl,N#Cc1c(Cl)cc(C(=O)Nc2ccc3c(c2)CN(C2CC(=O)NC2=O)C3=O)cc1Cl,Amidation,,
C166347,1,,,,Nc1ccc2c(c1)CN(C1CC(F)CNC1=O)C2=O,N#Cc1c(Cl)cc(C(=O)O)cc1Cl,N#Cc1c(Cl)cc(C(=O)Nc2ccc3c(c2)CN(C2CC(F)CNC2=O)C3=O)cc1Cl,Amidation,,
C166348,1,,,,Nc1ccc2c(c1)CN(C1CCC(=O)NC1=O)C2=O,N#Cc1c(Cl)cc(C(=O)O)cc1Cl,N#Cc1c(Cl)cc(C(=O)Nc2ccc3c(c2)CN(C2CCC(=O)NC2=O)C3=O)cc1Cl,Amidation,,
C166349,1,,,,Nc1ccc2c(c1)C(=O)N(c1ccc(F)cc1)C2=O,N#Cc1c(Cl)cc(C(=O)O)cc1Cl,N#Cc1c(Cl)cc(C(=O)Nc2ccc3c(c2)C(=O)N(c2ccc(F)cc2)C3=O)cc1Cl,Amidation,,
C177948,1,,,,Nc1ccc2c(c1)C(=O)NC2=O,CCn1ncc2c(C(=O)O)cc(C3CC3)nc21,CCn1ncc2c(C(=O)Nc3ccc4c(c3)C(=O)NC4=O)cc(C3CC3)nc21,Amidation,,
C177964,1,,,,Nc1ccc2c(c1)C(=O)NC2,CC(C)n1ncc2c(C(=O)O)cc(C3CC3)nc21,CC(C)n1ncc2c(C(=O)Nc3ccc4c(c3)C(=O)NC4)cc(C3CC3)nc21,Amidation,,
C177966,1,,,,CN1Cc2ccc(N)cc2C1,CC(C)n1ncc2c(C(=O)O)cc(C3CC3)nc21,CC(C)n1ncc2c(C(=O)Nc3ccc4c(c3)CN(C)C4)cc(C3CC3)nc21,Amidation,,
C177967,1,,,,CN1Cc2ccc(N)cc2C1,Cc1nn(C)c2nc(C3CC3)c(Cl)c(C(=O)O)c12,Cc1nn(C)c2nc(C3CC3)c(Cl)c(C(=O)Nc3ccc4c(c3)CN(C)C4)c12,Amidation,,
C177971,1,,,,Nc1ccc2c(c1)CNC2=O,Cc1nn(C)c2nc(C3CC3)c(Cl)c(C(=O)O)c12,Cc1nn(C)c2nc(C3CC3)c(Cl)c(C(=O)Nc3ccc4c(c3)CNC4=O)c12,Amidation,,
C178004,1,,,,Nc1cc2c(cc1F)CNC2=O,Cc1nn(C)c2nc(C3CC3)cc(C(=O)O)c12,Cc1nn(C)c2nc(C3CC3)cc(C(=O)Nc3cc4c(cc3F)CNC4=O)c12,Amidation,,
C178049,1,,,,Nc1ccc2c(c1)CNC2=O,CCC(C)n1ncc2c(C(=O)O)cc(C3CC3)nc21,CCC(C)n1ncc2c(C(=O)Nc3ccc4c(c3)CNC4=O)cc(C3CC3)nc21,Amidation,,
C178065,1,,,,CCN1Cc2cc(N)ccc2C1=O,Cc1nn(C)c2nc(C3CC3)cc(C(=O)O)c12,CCN1Cc2cc(NC(=O)c3cc(C4CC4)nc4c3c(C)nn4C)ccc2C1=O,Amidation,,
C178070,1,,,,CCCN1Cc2ccc(N)cc2C1,Cc1nn(C)c2nc(C3CC3)cc(C(=O)O)c12,CCCN1Cc2ccc(NC(=O)c3cc(C4CC4)nc4c3c(C)nn4C)cc2C1,Amidation,,
C178131,1,,,,CN1Cc2cc(N)ccc2C1=O,Cc1nn(C)c2nc(C3CC3)c(Cl)c(C(=O)O)c12,Cc1nn(C)c2nc(C3CC3)c(Cl)c(C(=O)Nc3ccc4c(c3)CN(C)C4=O)c12,Amidation,,
C178137,1,,,,Nc1cc2c(cc1F)CNC2=O,Cc1nn(C)c2nc(C3CC3)c(Cl)c(C(=O)O)c12,Cc1nn(C)c2nc(C3CC3)c(Cl)c(C(=O)Nc3cc4c(cc3F)CNC4=O)c12,Amidation,,
C178168,1,,,,CN1Cc2ccc(N)cc2C1=O,Cc1nn(C)c2nc(C3CC3)c(Cl)c(C(=O)O)c12,Cc1nn(C)c2nc(C3CC3)c(Cl)c(C(=O)Nc3ccc4c(c3)C(=O)N(C)C4)c12,Amidation,,
C178169,1,,,,CCN1Cc2ccc(N)cc2C1,Cc1nn(C)c2nc(C3CC3)c(Cl)c(C(=O)O)c12,CCN1Cc2ccc(NC(=O)c3c(Cl)c(C4CC4)nc4c3c(C)nn4C)cc2C1,Amidation,,
C178174,1,,,,Nc1cc2c(cc1F)CNC2=O,CC(C)n1ncc2c(C(=O)O)cc(C3CC3)nc21,CC(C)n1ncc2c(C(=O)Nc3cc4c(cc3F)CNC4=O)cc(C3CC3)nc21,Amidation,,
C178179,1,,,,CCN1Cc2ccc(N)cc2C1,CC(C)n1ncc2c(C(=O)O)cc(C3CC3)nc21,CCN1Cc2ccc(NC(=O)c3cc(C4CC4)nc4c3cnn4C(C)C)cc2C1,Amidation,,
C178182,1,,,,Nc1cc2c(cc1F)CNC2=O,CCCn1ncc2c(C(=O)O)cc(C3CC3)nc21,CCCn1ncc2c(C(=O)Nc3cc4c(cc3F)CNC4=O)cc(C3CC3)nc21,Amidation,,
C178187,1,,,,Nc1ccc2c(c1)C(=O)NC2,CCC(C)n1ncc2c(C(=O)O)cc(C3CC3)nc21,CCC(C)n1ncc2c(C(=O)Nc3ccc4c(c3)C(=O)NC4)cc(C3CC3)nc21,Amidation,,
C178215,1,,,,CN1Cc2ccc(N)cc2C1,Cn1nc(C2CC2)c2c(C(=O)O)cc(C3CC3)nc21,CN1Cc2ccc(NC(=O)c3cc(C4CC4)nc4c3c(C3CC3)nn4C)cc2C1,Amidation,,
C178228,1,,,,CCN1Cc2cc(N)ccc2C1=O,CCn1ncc2c(C(=O)O)cc(C3CC3)nc21,CCN1Cc2cc(NC(=O)c3cc(C4CC4)nc4c3cnn4CC)ccc2C1=O,Amidation,,
C178231,1,,,,CN1Cc2cc(N)ccc2C1(C)C,CCn1ncc2c(C(=O)O)cc(C3CC3)nc21,CCn1ncc2c(C(=O)Nc3ccc4c(c3)CN(C)C4(C)C)cc(C3CC3)nc21,Amidation,,
C178254,1,,,,CCN1Cc2cc(N)ccc2C1=O,CC(C)n1ncc2c(C(=O)O)cc(C3CC3)nc21,CCN1Cc2cc(NC(=O)c3cc(C4CC4)nc4c3cnn4C(C)C)ccc2C1=O,Amidation,,
C178258,1,,,,CCN1Cc2ccc(N)cc2C1=O,CC(C)n1ncc2c(C(=O)O)cc(C3CC3)nc21,CCN1Cc2ccc(NC(=O)c3cc(C4CC4)nc4c3cnn4C(C)C)cc2C1=O,Amidation,,
C178259,1,,,,CCCN1Cc2ccc(N)cc2C1,CC(C)n1ncc2c(C(=O)O)cc(C3CC3)nc21,CCCN1Cc2ccc(NC(=O)c3cc(C4CC4)nc4c3cnn4C(C)C)cc2C1,Amidation,,
C178262,1,,,,CN1C(=O)c2ccc(N)cc2C1=O,Cc1nn(C)c2nc(C3CC3)c(Cl)c(C(=O)O)c12,Cc1nn(C)c2nc(C3CC3)c(Cl)c(C(=O)Nc3ccc4c(c3)C(=O)N(C)C4=O)c12,Amidation,,
C178265,1,,,,Nc1ccc2c(c1)C(=O)NC2=O,CCC(C)n1ncc2c(C(=O)O)cc(C3CC3)nc21,CCC(C)n1ncc2c(C(=O)Nc3ccc4c(c3)C(=O)NC4=O)cc(C3CC3)nc21,Amidation,,
C178275,1,,,,Nc1cc2c(cc1F)CNC2=O,Cc1cc(C(=O)O)c2cnn(Cc3cccs3)c2n1,Cc1cc(C(=O)Nc2cc3c(cc2F)CNC3=O)c2cnn(Cc3cccs3)c2n1,Amidation,,
C178280,1,,,,CN1Cc2ccc(N)cc2C1,Cc1nn(CC(F)F)c2nc(C3CC3)cc(C(=O)O)c12,Cc1nn(CC(F)F)c2nc(C3CC3)cc(C(=O)Nc3ccc4c(c3)CN(C)C4)c12,Amidation,,
C178286,1,,,,CCN1Cc2ccc(N)cc2C1,CCC(C)n1ncc2c(C(=O)O)cc(C3CC3)nc21,CCC(C)n1ncc2c(C(=O)Nc3ccc4c(c3)CN(CC)C4)cc(C3CC3)nc21,Amidation,,
C178287,1,,,,CCN1Cc2cc(N)ccc2C1=O,CCCn1ncc2c(C(=O)O)cc(C3CC3)nc21,CCCn1ncc2c(C(=O)Nc3ccc4c(c3)CN(CC)C4=O)cc(C3CC3)nc21,Amidation,,
C178290,1,,,,CN1Cc2cc(N)ccc2C1(C)C,CCCn1ncc2c(C(=O)O)cc(C3CC3)nc21,CCCn1ncc2c(C(=O)Nc3ccc4c(c3)CN(C)C4(C)C)cc(C3CC3)nc21,Amidation,,
C178292,1,,,,CCCN1Cc2ccc(N)cc2C1,CCCn1ncc2c(C(=O)O)cc(C3CC3)nc21,CCCN1Cc2ccc(NC(=O)c3cc(C4CC4)nc4c3cnn4CCC)cc2C1,Amidation,,
C178297,1,,,,Nc1ccc2c(c1)CN(CC(F)F)C2,CCn1ncc2c(C(=O)O)cc(C3CC3)nc21,CCn1ncc2c(C(=O)Nc3ccc4c(c3)CN(CC(F)F)C4)cc(C3CC3)nc21,Amidation,,
C178303,1,,,,CN1Cc2ccc(N)cc2C1,Cc1cc(C(=O)O)c2c(C)nn(-c3ccccc3)c2n1,Cc1cc(C(=O)Nc2ccc3c(c2)CN(C)C3)c2c(C)nn(-c3ccccc3)c2n1,Amidation,,
C178305,1,,,,Nc1cc2c(cc1F)CNC2=O,CCC(C)n1ncc2c(C(=O)O)cc(C3CC3)nc21,CCC(C)n1ncc2c(C(=O)Nc3cc4c(cc3F)CNC4=O)cc(C3CC3)nc21,Amidation,,
C178316,1,,,,CN1Cc2cc(N)ccc2C1(C)C,Cc1nn(C)c2nc(C3CC3)c(Cl)c(C(=O)O)c12,Cc1nn(C)c2nc(C3CC3)c(Cl)c(C(=O)Nc3ccc4c(c3)CN(C)C4(C)C)c12,Amidation,,
C178324,1,,,,CN1Cc2ccc(N)cc2C1,Cc1nn(C(C)(C)C)c2nc(C(C)C)cc(C(=O)O)c12,Cc1nn(C(C)(C)C)c2nc(C(C)C)cc(C(=O)Nc3ccc4c(c3)CN(C)C4)c12,Amidation,,
C178342,1,,,,CCN1Cc2cc(N)ccc2C1=O,Cc1cc(C(=O)O)c2cnn(C3CCCC3)c2n1,CCN1Cc2cc(NC(=O)c3cc(C)nc4c3cnn4C3CCCC3)ccc2C1=O,Amidation,,
C178345,1,,,,CN1Cc2cc(N)ccc2C1(C)C,Cc1cc(C(=O)O)c2cnn(C3CCCC3)c2n1,Cc1cc(C(=O)Nc2ccc3c(c2)CN(C)C3(C)C)c2cnn(C3CCCC3)c2n1,Amidation,,
C178347,1,,,,CCCN1Cc2ccc(N)cc2C1,Cc1cc(C(=O)O)c2cnn(C3CCCC3)c2n1,CCCN1Cc2ccc(NC(=O)c3cc(C)nc4c3cnn4C3CCCC3)cc2C1,Amidation,,
C178355,1,,,,CN1Cc2cc(N)ccc2C1(C)C,CC(C)c1cc(C(=O)O)c2cnn(C(C)C)c2n1,CC(C)c1cc(C(=O)Nc2ccc3c(c2)CN(C)C3(C)C)c2cnn(C(C)C)c2n1,Amidation,,
C178359,1,,,,CN1Cc2ccc(N)cc2C1,Cc1nn(C(C)(C)C)c2nc(C3CC3)cc(C(=O)O)c12,Cc1nn(C(C)(C)C)c2nc(C3CC3)cc(C(=O)Nc3ccc4c(c3)CN(C)C4)c12,Amidation,,
C178366,1,,,,Nc1ccc2c(c1)CNC2=O,Cc1nn(C(C)(C)C)c2nc(C3CC3)cc(C(=O)O)c12,Cc1nn(C(C)(C)C)c2nc(C3CC3)cc(C(=O)Nc3ccc4c(c3)CNC4=O)c12,Amidation,,
C178367,1,,,,Nc1ccc2c(c1)C(=O)NC2,Cc1nn(C(C)(C)C)c2nc(C3CC3)cc(C(=O)O)c12,Cc1nn(C(C)(C)C)c2nc(C3CC3)cc(C(=O)Nc3ccc4c(c3)C(=O)NC4)c12,Amidation,,
C178368,1,,,,CCN1Cc2ccc(N)cc2C1,Cc1cc(C(=O)O)c2cnn(Cc3cccs3)c2n1,CCN1Cc2ccc(NC(=O)c3cc(C)nc4c3cnn4Cc3cccs3)cc2C1,Amidation,,
C178372,1,,,,CCN1Cc2cc(N)ccc2C1=O,Cc1nn(C)c2nc(C3CC3)c(Cl)c(C(=O)O)c12,CCN1Cc2cc(NC(=O)c3c(Cl)c(C4CC4)nc4c3c(C)nn4C)ccc2C1=O,Amidation,,
C178373,1,,,,Nc1cc2c(cc1Br)CN(C=O)C2,Cc1nn(C)c2nc(C3CC3)c(Cl)c(C(=O)O)c12,Cc1nn(C)c2nc(C3CC3)c(Cl)c(C(=O)Nc3cc4c(cc3Br)CN(C=O)C4)c12,Amidation,,
C178376,1,,,,CCN1Cc2ccc(N)cc2C1=O,Cc1nn(C)c2nc(C3CC3)c(Cl)c(C(=O)O)c12,CCN1Cc2ccc(NC(=O)c3c(Cl)c(C4CC4)nc4c3c(C)nn4C)cc2C1=O,Amidation,,
C178393,1,,,,CC(C)CCN1Cc2ccc(N)cc2C1,CCCn1ncc2c(C(=O)O)cc(C)nc21,CCCn1ncc2c(C(=O)Nc3ccc4c(c3)CN(CCC(C)C)C4)cc(C)nc21,Amidation,,
C178395,1,,,,CCCCN1Cc2cc(N)ccc2C1=O,CCCn1ncc2c(C(=O)O)cc(C)nc21,CCCCN1Cc2cc(NC(=O)c3cc(C)nc4c3cnn4CCC)ccc2C1=O,Amidation,,
C178402,1,,,,Nc1ccc2c(c1)CN(CC(F)F)C2,CCC(C)n1ncc2c(C(=O)O)cc(C)nc21,CCC(C)n1ncc2c(C(=O)Nc3ccc4c(c3)CN(CC(F)F)C4)cc(C)nc21,Amidation,,
C178403,1,,,,CCCCN1Cc2ccc(N)cc2C1,CCC(C)n1ncc2c(C(=O)O)cc(C)nc21,CCCCN1Cc2ccc(NC(=O)c3cc(C)nc4c3cnn4C(C)CC)cc2C1,Amidation,,
C178408,1,,,,COCCN1Cc2cc(N)ccc2C1=O,Cn1ncc2c(C(=O)O)cc(C3CC3)nc21,COCCN1Cc2cc(NC(=O)c3cc(C4CC4)nc4c3cnn4C)ccc2C1=O,Amidation,,
C178414,1,,,,CCCCN1Cc2cc(N)ccc2C1=O,Cn1ncc2c(C(=O)O)cc(C3CC3)nc21,CCCCN1Cc2cc(NC(=O)c3cc(C4CC4)nc4c3cnn4C)ccc2C1=O,Amidation,,
C178420,1,,,,CN1Cc2cc(N)ccc2C1=O,CCCCn1nc(C)c2c(C(=O)O)c(Cl)c(C)nc21,CCCCn1nc(C)c2c(C(=O)Nc3ccc4c(c3)CN(C)C4=O)c(Cl)c(C)nc21,Amidation,,
C178421,1,,,,Nc1cc2c(cc1F)CNC2=O,CCCCn1nc(C)c2c(C(=O)O)c(Cl)c(C)nc21,CCCCn1nc(C)c2c(C(=O)Nc3cc4c(cc3F)CNC4=O)c(Cl)c(C)nc21,Amidation,,
C178425,1,,,,Nc1cc2c(cc1F)CNC2=O,Cn1nc(C2CC2)c2c(C(=O)O)cc(C3CC3)nc21,Cn1nc(C2CC2)c2c(C(=O)Nc3cc4c(cc3F)CNC4=O)cc(C3CC3)nc21,Amidation,,
C178433,1,,,,CCN1Cc2ccc(N)cc2C1,CCCCn1nc(C)c2c(C(=O)O)c(Cl)c(C)nc21,CCCCn1nc(C)c2c(C(=O)Nc3ccc4c(c3)CN(CC)C4)c(Cl)c(C)nc21,Amidation,,
C178446,1,,,,CCCCN1Cc2ccc(N)cc2C1,CCc1cc(C(=O)O)c2c(C)nn(CC)c2n1,CCCCN1Cc2ccc(NC(=O)c3cc(CC)nc4c3c(C)nn4CC)cc2C1,Amidation,,
C178447,1,,,,Nc1ccc2c(c1)CN(CC(F)F)C2,CCc1cc(C(=O)O)c2c(C)nn(CC)c2n1,CCc1cc(C(=O)Nc2ccc3c(c2)CN(CC(F)F)C3)c2c(C)nn(CC)c2n1,Amidation,,
C178450,1,,,,CN1Cc2cc(N)ccc2C1=O,Cc1nn(CCO)c2nc(C3CC3)cc(C(=O)O)c12,Cc1nn(CCO)c2nc(C3CC3)cc(C(=O)Nc3ccc4c(c3)CN(C)C4=O)c12,Amidation,,
C178453,1,,,,Nc1ccc2c(c1)CNC2=O,O=C(O)c1cc(C2CC2)nc2c1cnn2C1CCCC1,O=C1NCc2cc(NC(=O)c3cc(C4CC4)nc4c3cnn4C3CCCC3)ccc21,Amidation,,
C178454,1,,,,CN1Cc2ccc(N)cc2C1,O=C(O)c1cc(C2CC2)nc2c1cnn2C1CCCC1,CN1Cc2ccc(NC(=O)c3cc(C4CC4)nc4c3cnn4C3CCCC3)cc2C1,Amidation,,
C178464,1,,,,Nc1ccc2c(c1)CN(CC(F)F)C2,CCCn1nc(C)c2c(C(=O)O)cc(C)nc21,CCCn1nc(C)c2c(C(=O)Nc3ccc4c(c3)CN(CC(F)F)C4)cc(C)nc21,Amidation,,
C178465,1,,,,CCCCN1Cc2ccc(N)cc2C1,CCCn1nc(C)c2c(C(=O)O)cc(C)nc21,CCCCN1Cc2ccc(NC(=O)c3cc(C)nc4c3c(C)nn4CCC)cc2C1,Amidation,,
C178469,1,,,,CN1Cc2cc(N)ccc2C1=O,O=C(O)c1cc(C2CC2)nc2c1cnn2CC(F)F,CN1Cc2cc(NC(=O)c3cc(C4CC4)nc4c3cnn4CC(F)F)ccc2C1=O,Amidation,,
C178478,1,,,,CCN1Cc2ccc(N)cc2C1,O=C(O)c1cc(C2CC2)nc2c1cnn2CC(F)F,CCN1Cc2ccc(NC(=O)c3cc(C4CC4)nc4c3cnn4CC(F)F)cc2C1,Amidation,,
C178483,1,,,,Nc1ccc2c(c1)CNC2=O,CC(C1CC1)n1ncc2c(C(=O)O)cc(C3CC3)nc21,CC(C1CC1)n1ncc2c(C(=O)Nc3ccc4c(c3)CNC4=O)cc(C3CC3)nc21,Amidation,,
C178495,1,,,,CN1Cc2cc(N)ccc2C1=O,CCc1cc(C(=O)O)c2c(C3CC3)nn(CC)c2n1,CCc1cc(C(=O)Nc2ccc3c(c2)CN(C)C3=O)c2c(C3CC3)nn(CC)c2n1,Amidation,,
C178500,1,,,,CCN1Cc2ccc(N)cc2C1,Cn1nc(C2CC2)c2c(C(=O)O)cc(C3CC3)nc21,CCN1Cc2ccc(NC(=O)c3cc(C4CC4)nc4c3c(C3CC3)nn4C)cc2C1,Amidation,,
C178504,1,,,,CN1Cc2ccc(N)cc2C1,CC(C1CC1)n1ncc2c(C(=O)O)cc(C3CC3)nc21,CC(C1CC1)n1ncc2c(C(=O)Nc3ccc4c(c3)CN(C)C4)cc(C3CC3)nc21,Amidation,,
C178505,1,,,,CCN1Cc2ccc(N)cc2C1,Cc1nn(CCO)c2nc(C3CC3)cc(C(=O)O)c12,CCN1Cc2ccc(NC(=O)c3cc(C4CC4)nc4c3c(C)nn4CCO)cc2C1,Amidation,,
C178516,1,,,,CCN1Cc2cc(N)ccc2C1=O,Cc1cc(C(=O)O)c2c(C)nn(C(C)(C)C)c2n1,CCN1Cc2cc(NC(=O)c3cc(C)nc4c3c(C)nn4C(C)(C)C)ccc2C1=O,Amidation,,
C178527,1,,,,CCCCN1Cc2ccc(N)cc2C1,Cn1[nH]c(=O)c2c(C(=O)O)cc(C3CC3)nc21,CCCCN1Cc2ccc(NC(=O)c3cc(C4CC4)nc4c3c(=O)[nH]n4C)cc2C1,Amidation,,
C178537,1,,,,Nc1cc2c(cc1F)CNC2=O,CCc1cc(C(=O)O)c2c(C3CC3)nn(CC)c2n1,CCc1cc(C(=O)Nc2cc3c(cc2F)CNC3=O)c2c(C3CC3)nn(CC)c2n1,Amidation,,
C178538,1,,,,CN1Cc2cc(N)ccc2C1(C)C,Cc1cc(C(=O)O)c2c(C)nn(C(C)(C)C)c2n1,Cc1cc(C(=O)Nc2ccc3c(c2)CN(C)C3(C)C)c2c(C)nn(C(C)(C)C)c2n1,Amidation,,
C178547,1,,,,CCN1Cc2ccc(N)cc2C1,CCc1cc(C(=O)O)c2c(C3CC3)nn(CC)c2n1,CCc1cc(C(=O)Nc2ccc3c(c2)CN(CC)C3)c2c(C3CC3)nn(CC)c2n1,Amidation,,
C178556,1,,,,CN1C(=O)c2ccc(N)cc2C1=O,Cn1nc(C2CC2)c2c(C(=O)O)cc(C3CC3)nc21,CN1C(=O)c2ccc(NC(=O)c3cc(C4CC4)nc4c3c(C3CC3)nn4C)cc2C1=O,Amidation,,
C178559,1,,,,CCCN1Cc2ccc(N)cc2C1,Cn1nc(C2CC2)c2c(C(=O)O)cc(C3CC3)nc21,CCCN1Cc2ccc(NC(=O)c3cc(C4CC4)nc4c3c(C3CC3)nn4C)cc2C1,Amidation,,
C178560,1,,,,CCN1Cc2ccc(N)cc2C1=O,Cn1nc(C2CC2)c2c(C(=O)O)cc(C3CC3)nc21,CCN1Cc2ccc(NC(=O)c3cc(C4CC4)nc4c3c(C3CC3)nn4C)cc2C1=O,Amidation,,
C178562,1,,,,CCN1Cc2cc(N)ccc2C1=O,O=C(O)c1cc(C2CC2)nc2c1cnn2CC(F)F,CCN1Cc2cc(NC(=O)c3cc(C4CC4)nc4c3cnn4CC(F)F)ccc2C1=O,Amidation,,
C178565,1,,,,CN1Cc2cc(N)ccc2C1(C)C,O=C(O)c1cc(C2CC2)nc2c1cnn2CC(F)F,CN1Cc2cc(NC(=O)c3cc(C4CC4)nc4c3cnn4CC(F)F)ccc2C1(C)C,Amidation,,
C178567,1,,,,CCCN1Cc2ccc(N)cc2C1,O=C(O)c1cc(C2CC2)nc2c1cnn2CC(F)F,CCCN1Cc2ccc(NC(=O)c3cc(C4CC4)nc4c3cnn4CC(F)F)cc2C1,Amidation,,
C178569,1,,,,CN1C(=O)c2ccc(N)cc2C1=O,O=C(O)c1cc(C2CC2)nc2c1cnn2CC(F)F,CN1C(=O)c2ccc(NC(=O)c3cc(C4CC4)nc4c3cnn4CC(F)F)cc2C1=O,Amidation,,
C178572,1,,,,CCN1Cc2cc(N)ccc2C1=O,Cn1nc(C2CC2)c2c(C(=O)O)cc(C3CC3)nc21,CCN1Cc2cc(NC(=O)c3cc(C4CC4)nc4c3c(C3CC3)nn4C)ccc2C1=O,Amidation,,
C178575,1,,,,CCN1Cc2cc(N)ccc2C1=O,CCc1cc(C(=O)O)c2c(C3CC3)nn(CC)c2n1,CCc1cc(C(=O)Nc2ccc3c(c2)CN(CC)C3=O)c2c(C3CC3)nn(CC)c2n1,Amidation,,
C178578,1,,,,CN1Cc2cc(N)ccc2C1(C)C,CCc1cc(C(=O)O)c2c(C3CC3)nn(CC)c2n1,CCc1cc(C(=O)Nc2ccc3c(c2)CN(C)C3(C)C)c2c(C3CC3)nn(CC)c2n1,Amidation,,
C178588,1,,,,Nc1ccc2c(c1)C(=O)NC2,Cc1ccc(Cn2ncc3c(C(=O)O)cc(C)nc32)cc1,Cc1ccc(Cn2ncc3c(C(=O)Nc4ccc5c(c4)C(=O)NC5)cc(C)nc32)cc1,Amidation,,
C178590,1,,,,CN1Cc2ccc(N)cc2C1,Cc1ccc(Cn2ncc3c(C(=O)O)cc(C)nc32)cc1,Cc1ccc(Cn2ncc3c(C(=O)Nc4ccc5c(c4)CN(C)C5)cc(C)nc32)cc1,Amidation,,
C178593,1,,,,Nc1cc2c(cc1F)CNC2=O,O=C(O)c1cc(C2CC2)nc2c1cnn2C1CCCC1,O=C1NCc2cc(F)c(NC(=O)c3cc(C4CC4)nc4c3cnn4C3CCCC3)cc21,Amidation,,
C178594,1,,,,CN1Cc2cc(N)ccc2C1=O,O=C(O)c1cc(C2CC2)nc2c1cnn2C1CCCC1,CN1Cc2cc(NC(=O)c3cc(C4CC4)nc4c3cnn4C3CCCC3)ccc2C1=O,Amidation,,
C178595,1,,,,Nc1ccc2c(c1)C(=O)NC2=O,O=C(O)c1cc(C2CC2)nc2c1cnn2C1CCCC1,O=C1NC(=O)c2cc(NC(=O)c3cc(C4CC4)nc4c3cnn4C3CCCC3)ccc21,Amidation,,
C178601,1,,,,Nc1ccc2c(c1)C(=O)NC2,CCc1cc(C(=O)O)c2c(C)nn(-c3ccccc3)c2n1,CCc1cc(C(=O)Nc2ccc3c(c2)C(=O)NC3)c2c(C)nn(-c3ccccc3)c2n1,Amidation,,
C178603,1,,,,CN1Cc2ccc(N)cc2C1,CCc1cc(C(=O)O)c2c(C)nn(-c3ccccc3)c2n1,CCc1cc(C(=O)Nc2ccc3c(c2)CN(C)C3)c2c(C)nn(-c3ccccc3)c2n1,Amidation,,
C178608,1,,,,CN1Cc2ccc(N)cc2C1,O=C(O)c1cc(C2CC2)nc2c1cnn2Cc1ccsc1,CN1Cc2ccc(NC(=O)c3cc(C4CC4)nc4c3cnn4Cc3ccsc3)cc2C1,Amidation,,
C178622,1,,,,CCN1Cc2ccc(N)cc2C1,Cc1nn(C)c2nc(-c3cccnc3)cc(C(=O)O)c12,CCN1Cc2ccc(NC(=O)c3cc(-c4cccnc4)nc4c3c(C)nn4C)cc2C1,Amidation,,
C178630,1,,,,CCN1Cc2ccc(N)cc2C1,O=C(O)c1cc(C2CC2)nc2c1cnn2C1CCCC1,CCN1Cc2ccc(NC(=O)c3cc(C4CC4)nc4c3cnn4C3CCCC3)cc2C1,Amidation,,
C178631,1,,,,Nc1ccc2c(c1)CNC2=O,O=C(O)c1cc(C2CC2)nc2c1cnn2Cc1ccsc1,O=C1NCc2cc(NC(=O)c3cc(C4CC4)nc4c3cnn4Cc3ccsc3)ccc21,Amidation,,
C178634,1,,,,CN1Cc2ccc(N)cc2C1,O=C(O)c1cc(C2CC2)nc2c1cnn2C1CCCCC1,CN1Cc2ccc(NC(=O)c3cc(C4CC4)nc4c3cnn4C3CCCCC3)cc2C1,Amidation,,
C178635,1,,,,Nc1ccc2c(c1)CNC2=O,O=C(O)c1cc(C2CC2)nc2c1cnn2C1CCCCC1,O=C1NCc2cc(NC(=O)c3cc(C4CC4)nc4c3cnn4C3CCCCC3)ccc21,Amidation,,
C178636,1,,,,Nc1ccc2c(c1)C(=O)NC2,O=C(O)c1cc(C2CC2)nc2c1cnn2C1CCCCC1,O=C1NCc2ccc(NC(=O)c3cc(C4CC4)nc4c3cnn4C3CCCCC3)cc21,Amidation,,
C178639,1,,,,CN1Cc2ccc(N)cc2C1,Cc1cc(C(=O)O)c2c(C)nn(-c3ccc(F)cc3)c2n1,Cc1cc(C(=O)Nc2ccc3c(c2)CN(C)C3)c2c(C)nn(-c3ccc(F)cc3)c2n1,Amidation,,
C178640,1,,,,Nc1ccc2c(c1)CNC2=O,Cc1cc(C(=O)O)c2c(C)nn(-c3ccc(F)cc3)c2n1,Cc1cc(C(=O)Nc2ccc3c(c2)CNC3=O)c2c(C)nn(-c3ccc(F)cc3)c2n1,Amidation,,
C178641,1,,,,Nc1ccc2c(c1)C(=O)NC2,Cc1cc(C(=O)O)c2c(C)nn(-c3ccc(F)cc3)c2n1,Cc1cc(C(=O)Nc2ccc3c(c2)C(=O)NC3)c2c(C)nn(-c3ccc(F)cc3)c2n1,Amidation,,
C178665,1,,,,Nc1ccc2c(c1)C(=O)NC2,O=C(O)c1cc(C2CC2)nc2c1cnn2Cc1ccsc1,O=C1NCc2ccc(NC(=O)c3cc(C4CC4)nc4c3cnn4Cc3ccsc3)cc21,Amidation,,
C178672,1,,,,CCN1Cc2ccc(N)cc2C1,Cc1nn(C(C)(C)C)c2nc(C3CC3)cc(C(=O)O)c12,CCN1Cc2ccc(NC(=O)c3cc(C4CC4)nc4c3c(C)nn4C(C)(C)C)cc2C1,Amidation,,
C178673,1,,,,CN1Cc2ccc(N)cc2C1=O,Cc1nn(C(C)(C)C)c2nc(C3CC3)cc(C(=O)O)c12,Cc1nn(C(C)(C)C)c2nc(C3CC3)cc(C(=O)Nc3ccc4c(c3)C(=O)N(C)C4)c12,Amidation,,
C178677,1,,,,Nc1cc2c(cc1F)CNC2=O,Cc1nn(C(C)(C)C)c2nc(C3CC3)cc(C(=O)O)c12,Cc1nn(C(C)(C)C)c2nc(C3CC3)cc(C(=O)Nc3cc4c(cc3F)CNC4=O)c12,Amidation,,
C178679,1,,,,Nc1ccc2c(c1)C(=O)NC2=O,Cc1nn(C(C)(C)C)c2nc(C3CC3)cc(C(=O)O)c12,Cc1nn(C(C)(C)C)c2nc(C3CC3)cc(C(=O)Nc3ccc4c(c3)C(=O)NC4=O)c12,Amidation,,
C178691,1,,,,CCN1Cc2ccc(N)cc2C1,Cc1nn(C(C)(C)C)c2nc(C(C)C)cc(C(=O)O)c12,CCN1Cc2ccc(NC(=O)c3cc(C(C)C)nc4c3c(C)nn4C(C)(C)C)cc2C1,Amidation,,
C178698,1,,,,CCN1Cc2ccc(N)cc2C1,Cc1cc(C(=O)O)c2c(C)nn(-c3ccccc3)c2n1,CCN1Cc2ccc(NC(=O)c3cc(C)nc4c3c(C)nn4-c3ccccc3)cc2C1,Amidation,,
C178699,1,,,,CN1Cc2ccc(N)cc2C1=O,Cc1cc(C(=O)O)c2c(C)nn(-c3ccccc3)c2n1,Cc1cc(C(=O)Nc2ccc3c(c2)C(=O)N(C)C3)c2c(C)nn(-c3ccccc3)c2n1,Amidation,,
C178700,1,,,,CNc1ccc2c(c1)CN(C)C2,Cc1cc(C(=O)O)c2c(C)nn(-c3ccccc3)c2n1,Cc1cc(C(=O)N(C)c2ccc3c(c2)CN(C)C3)c2c(C)nn(-c3ccccc3)c2n1,Amidation,,
C178703,1,,,,Nc1cc2c(cc1F)CNC2=O,Cc1cc(C(=O)O)c2c(C)nn(-c3ccccc3)c2n1,Cc1cc(C(=O)Nc2cc3c(cc2F)CNC3=O)c2c(C)nn(-c3ccccc3)c2n1,Amidation,,
C178704,1,,,,CN1Cc2cc(N)ccc2C1=O,Cc1cc(C(=O)O)c2c(C)nn(-c3ccccc3)c2n1,Cc1cc(C(=O)Nc2ccc3c(c2)CN(C)C3=O)c2c(C)nn(-c3ccccc3)c2n1,Amidation,,
C178714,1,,,,CCN1Cc2ccc(N)cc2C1,Cc1nn(CC(F)F)c2nc(C3CC3)cc(C(=O)O)c12,CCN1Cc2ccc(NC(=O)c3cc(C4CC4)nc4c3c(C)nn4CC(F)F)cc2C1,Amidation,,
C178718,1,,,,Nc1ccc2c(c1)CNC2=O,Cc1cc(C(=O)O)c2c(C)nn(CC(=O)NC(C)C)c2n1,Cc1cc(C(=O)Nc2ccc3c(c2)CNC3=O)c2c(C)nn(CC(=O)NC(C)C)c2n1,Amidation,,
C178746,1,,,,CN1Cc2cc(N)ccc2C1=O,Cc1nn(CC(F)F)c2nc(C3CC3)cc(C(=O)O)c12,Cc1nn(CC(F)F)c2nc(C3CC3)cc(C(=O)Nc3ccc4c(c3)CN(C)C4=O)c12,Amidation,,
C178749,1,,,,CN1Cc2ccc(N)cc2C1=O,CC(C1CC1)n1ncc2c(C(=O)O)cc(C3CC3)nc21,CC(C1CC1)n1ncc2c(C(=O)Nc3ccc4c(c3)C(=O)N(C)C4)cc(C3CC3)nc21,Amidation,,
C178750,1,,,,CNc1ccc2c(c1)CN(C)C2,CC(C1CC1)n1ncc2c(C(=O)O)cc(C3CC3)nc21,CC(C1CC1)n1ncc2c(C(=O)N(C)c3ccc4c(c3)CN(C)C4)cc(C3CC3)nc21,Amidation,,
C178756,1,,,,Nc1cc2c(cc1F)CNC2=O,CC(C1CC1)n1ncc2c(C(=O)O)cc(C3CC3)nc21,CC(C1CC1)n1ncc2c(C(=O)Nc3cc4c(cc3F)CNC4=O)cc(C3CC3)nc21,Amidation,,
C178757,1,,,,CN1Cc2cc(N)ccc2C1=O,CC(C1CC1)n1ncc2c(C(=O)O)cc(C3CC3)nc21,CC(C1CC1)n1ncc2c(C(=O)Nc3ccc4c(c3)CN(C)C4=O)cc(C3CC3)nc21,Amidation,,
C178758,1,,,,Nc1ccc2c(c1)C(=O)NC2=O,CC(C1CC1)n1ncc2c(C(=O)O)cc(C3CC3)nc21,CC(C1CC1)n1ncc2c(C(=O)Nc3ccc4c(c3)C(=O)NC4=O)cc(C3CC3)nc21,Amidation,,
C178759,1,,,,CCN1Cc2ccc(N)cc2C1,CC(C1CC1)n1ncc2c(C(=O)O)cc(C3CC3)nc21,CCN1Cc2ccc(NC(=O)c3cc(C4CC4)nc4c3cnn4C(C)C3CC3)cc2C1,Amidation,,
C178760,1,,,,CCCN1Cc2ccc(N)cc2C1,CCc1cc(C(=O)O)c2c(C3CC3)nn(CC)c2n1,CCCN1Cc2ccc(NC(=O)c3cc(CC)nc4c3c(C3CC3)nn4CC)cc2C1,Amidation,,
C178765,1,,,,CCCCN1Cc2ccc(N)cc2C1,Cc1cc(C(=O)O)c2cnn(C3CCCC3)c2n1,CCCCN1Cc2ccc(NC(=O)c3cc(C)nc4c3cnn4C3CCCC3)cc2C1,Amidation,,
C178766,1,,,,Nc1ccc2c(c1)CN(CC(F)F)C2,Cc1cc(C(=O)O)c2cnn(C3CCCC3)c2n1,Cc1cc(C(=O)Nc2ccc3c(c2)CN(CC(F)F)C3)c2cnn(C3CCCC3)c2n1,Amidation,,
C178767,1,,,,CC(C)N1Cc2ccc(N)cc2C1=O,Cc1cc(C(=O)O)c2cnn(C3CCCC3)c2n1,Cc1cc(C(=O)Nc2ccc3c(c2)C(=O)N(C(C)C)C3)c2cnn(C3CCCC3)c2n1,Amidation,,
C178776,1,,,,COCCCN1Cc2ccc(N)cc2C1,CCC(C)n1ncc2c(C(=O)O)cc(C)nc21,CCC(C)n1ncc2c(C(=O)Nc3ccc4c(c3)CN(CCCOC)C4)cc(C)nc21,Amidation,,
C178778,1,,,,Nc1ccc2c(c1)CN(CC(F)(F)F)C2,CCn1ncc2c(C(=O)O)cc(C3CC3)nc21,CCn1ncc2c(C(=O)Nc3ccc4c(c3)CN(CC(F)(F)F)C4)cc(C3CC3)nc21,Amidation,,
C178781,1,,,,Nc1ccc2c(c1)CN(CC(F)(F)F)C2,Cn1[nH]c(=O)c2c(C(=O)O)cc(C3CC3)nc21,Cn1[nH]c(=O)c2c(C(=O)Nc3ccc4c(c3)CN(CC(F)(F)F)C4)cc(C3CC3)nc21,Amidation,,
C178783,1,,,,CCCCN1Cc2ccc(N)cc2C1,Cc1nn(C)c2nc(C3CC3)c(Cl)c(C(=O)O)c12,CCCCN1Cc2ccc(NC(=O)c3c(Cl)c(C4CC4)nc4c3c(C)nn4C)cc2C1,Amidation,,
C178784,1,,,,Nc1ccc2c(c1)CN(CC(F)F)C2,Cc1nn(C)c2nc(C3CC3)c(Cl)c(C(=O)O)c12,Cc1nn(C)c2nc(C3CC3)c(Cl)c(C(=O)Nc3ccc4c(c3)CN(CC(F)F)C4)c12,Amidation,,
C178785,1,,,,CC(C)N1Cc2ccc(N)cc2C1=O,Cc1nn(C)c2nc(C3CC3)c(Cl)c(C(=O)O)c12,Cc1nn(C)c2nc(C3CC3)c(Cl)c(C(=O)Nc3ccc4c(c3)C(=O)N(C(C)C)C4)c12,Amidation,,
C178786,1,,,,COCCN1Cc2cc(N)ccc2C1=O,CCn1ncc2c(C(=O)O)cc(C3CC3)nc21,CCn1ncc2c(C(=O)Nc3ccc4c(c3)CN(CCOC)C4=O)cc(C3CC3)nc21,Amidation,,
C178792,1,,,,CCCCN1Cc2ccc(N)cc2C1,CC(C)c1cc(C(=O)O)c2cnn(C(C)C)c2n1,CCCCN1Cc2ccc(NC(=O)c3cc(C(C)C)nc4c3cnn4C(C)C)cc2C1,Amidation,,
C178798,1,,,,CN1C(=O)c2ccc(N)cc2C1=O,Cc1cc(C(=O)O)c2cnn(Cc3cccs3)c2n1,Cc1cc(C(=O)Nc2ccc3c(c2)C(=O)N(C)C3=O)c2cnn(Cc3cccs3)c2n1,Amidation,,
C178799,1,,,,CC(=O)N1Cc2ccc(N)cc2C1,Cc1cc(C(=O)O)c2cnn(Cc3cccs3)c2n1,CC(=O)N1Cc2ccc(NC(=O)c3cc(C)nc4c3cnn4Cc3cccs3)cc2C1,Amidation,,
C178800,1,,,,CCCN1Cc2ccc(N)cc2C1,Cc1cc(C(=O)O)c2cnn(Cc3cccs3)c2n1,CCCN1Cc2ccc(NC(=O)c3cc(C)nc4c3cnn4Cc3cccs3)cc2C1,Amidation,,
C178802,1,,,,CN1Cc2cc(N)ccc2C1(C)C,Cc1cc(C(=O)O)c2cnn(Cc3cccs3)c2n1,Cc1cc(C(=O)Nc2ccc3c(c2)CN(C)C3(C)C)c2cnn(Cc3cccs3)c2n1,Amidation,,
C178808,1,,,,Nc1ccc2c(c1)CN(c1ccccc1)C2,Cc1cc(C(=O)O)c2cnn(C(C)C)c2n1,Cc1cc(C(=O)Nc2ccc3c(c2)CN(c2ccccc2)C3)c2cnn(C(C)C)c2n1,Amidation,,
C178810,1,,,,CCN1Cc2cc(N)ccc2C1=O,Cc1cc(C(=O)O)c2cnn(Cc3cccs3)c2n1,CCN1Cc2cc(NC(=O)c3cc(C)nc4c3cnn4Cc3cccs3)ccc2C1=O,Amidation,,
C178823,1,,,,CCN1Cc2cc(N)ccc2C1=O,CCC(C)n1ncc2c(C(=O)O)cc(C3CC3)nc21,CCC(C)n1ncc2c(C(=O)Nc3ccc4c(c3)CN(CC)C4=O)cc(C3CC3)nc21,Amidation,,
C178824,1,,,,CC(=O)N1Cc2ccc(N)cc2C1,CCC(C)n1ncc2c(C(=O)O)cc(C3CC3)nc21,CCC(C)n1ncc2c(C(=O)Nc3ccc4c(c3)CN(C(C)=O)C4)cc(C3CC3)nc21,Amidation,,
C178829,1,,,,CC(C)CCN1Cc2ccc(N)cc2C1,CCCn1nc(C)c2c(C(=O)O)cc(C)nc21,CCCn1nc(C)c2c(C(=O)Nc3ccc4c(c3)CN(CCC(C)C)C4)cc(C)nc21,Amidation,,
C178833,1,,,,COCCN1Cc2cc(N)ccc2C1=O,CCCn1nc(C)c2c(C(=O)O)cc(C)nc21,CCCn1nc(C)c2c(C(=O)Nc3ccc4c(c3)CN(CCOC)C4=O)cc(C)nc21,Amidation,,
C178835,1,,,,Nc1ccc2c(c1)CN(CC(F)(F)F)C2,CCCn1nc(C)c2c(C(=O)O)cc(C)nc21,CCCn1nc(C)c2c(C(=O)Nc3ccc4c(c3)CN(CC(F)(F)F)C4)cc(C)nc21,Amidation,,
C178836,1,,,,CCCCN1Cc2ccc(N)cc2C1,Cc1cc(C(=O)O)c2c(C)nn(C(C)(C)C)c2n1,CCCCN1Cc2ccc(NC(=O)c3cc(C)nc4c3c(C)nn4C(C)(C)C)cc2C1,Amidation,,
C178837,1,,,,Nc1ccc2c(c1)CN(CC(F)F)C2,Cc1cc(C(=O)O)c2c(C)nn(C(C)(C)C)c2n1,Cc1cc(C(=O)Nc2ccc3c(c2)CN(CC(F)F)C3)c2c(C)nn(C(C)(C)C)c2n1,Amidation,,
C178838,1,,,,CC(C)N1Cc2ccc(N)cc2C1=O,Cc1cc(C(=O)O)c2c(C)nn(C(C)(C)C)c2n1,Cc1cc(C(=O)Nc2ccc3c(c2)C(=O)N(C(C)C)C3)c2c(C)nn(C(C)(C)C)c2n1,Amidation,,
C178844,1,,,,CC(C)CCN1Cc2ccc(N)cc2C1,Cc1nn(C)c2nc(C3CC3)cc(C(=O)O)c12,Cc1nn(C)c2nc(C3CC3)cc(C(=O)Nc3ccc4c(c3)CN(CCC(C)C)C4)c12,Amidation,,
C178845,1,,,,COCN1C(=O)c2ccc(N)cc2C1=O,Cc1nn(C)c2nc(C3CC3)cc(C(=O)O)c12,COCN1C(=O)c2ccc(NC(=O)c3cc(C4CC4)nc4c3c(C)nn4C)cc2C1=O,Amidation,,
C178846,1,,,,Nc1ccc2c(c1)CN(CC(F)(F)F)C2,CCC(C)n1ncc2c(C(=O)O)cc(C)nc21,CCC(C)n1ncc2c(C(=O)Nc3ccc4c(c3)CN(CC(F)(F)F)C4)cc(C)nc21,Amidation,,
C178847,1,,,,COCCN1Cc2cc(N)ccc2C1=O,CCC(C)n1ncc2c(C(=O)O)cc(C)nc21,CCC(C)n1ncc2c(C(=O)Nc3ccc4c(c3)CN(CCOC)C4=O)cc(C)nc21,Amidation,,
C178851,1,,,,CC(C)CCN1Cc2ccc(N)cc2C1,CCC(C)n1ncc2c(C(=O)O)cc(C)nc21,CCC(C)n1ncc2c(C(=O)Nc3ccc4c(c3)CN(CCC(C)C)C4)cc(C)nc21,Amidation,,
C178856,1,,,,COCCCN1Cc2ccc(N)cc2C1,Cc1nn(C)c2nc(C3CC3)cc(C(=O)O)c12,COCCCN1Cc2ccc(NC(=O)c3cc(C4CC4)nc4c3c(C)nn4C)cc2C1,Amidation,,
C178858,1,,,,COCCN1Cc2cc(N)ccc2C1=O,Cc1nn(C)c2nc(C3CC3)cc(C(=O)O)c12,COCCN1Cc2cc(NC(=O)c3cc(C4CC4)nc4c3c(C)nn4C)ccc2C1=O,Amidation,,
C178860,1,,,,CCCCN1Cc2cc(N)ccc2C1=O,CCC(C)n1ncc2c(C(=O)O)cc(C)nc21,CCCCN1Cc2cc(NC(=O)c3cc(C)nc4c3cnn4C(C)CC)ccc2C1=O,Amidation,,
C178870,1,,,,CC(C)N1Cc2ccc(N)cc2C1=O,CCCn1ncc2c(C(=O)O)cc(C3CC3)nc21,CCCn1ncc2c(C(=O)Nc3ccc4c(c3)C(=O)N(C(C)C)C4)cc(C3CC3)nc21,Amidation,,
C178874,1,,,,Nc1ccc2c(c1)CN(CC(F)F)C2,CC(C)n1ncc2c(C(=O)O)cc(C3CC3)nc21,CC(C)n1ncc2c(C(=O)Nc3ccc4c(c3)CN(CC(F)F)C4)cc(C3CC3)nc21,Amidation,,
C178879,1,,,,Nc1ccc2c(c1)CN(CC(F)F)C2,CCCn1ncc2c(C(=O)O)cc(C3CC3)nc21,CCCn1ncc2c(C(=O)Nc3ccc4c(c3)CN(CC(F)F)C4)cc(C3CC3)nc21,Amidation,,
C178880,1,,,,CCCCN1Cc2ccc(N)cc2C1,CCCn1ncc2c(C(=O)O)cc(C3CC3)nc21,CCCCN1Cc2ccc(NC(=O)c3cc(C4CC4)nc4c3cnn4CCC)cc2C1,Amidation,,
C178881,1,,,,COCCCN1Cc2ccc(N)cc2C1,CCc1cc(C(=O)O)c2c(C)nn(CC)c2n1,CCc1cc(C(=O)Nc2ccc3c(c2)CN(CCCOC)C3)c2c(C)nn(CC)c2n1,Amidation,,
C178883,1,,,,Nc1ccc2c(c1)CN(CC(F)(F)F)C2,Cc1nn(C)c2nc(C(C)C)cc(C(=O)O)c12,Cc1nn(C)c2nc(C(C)C)cc(C(=O)Nc3ccc4c(c3)CN(CC(F)(F)F)C4)c12,Amidation,,
C178895,1,,,,COCCN1Cc2cc(N)ccc2C1=O,CCc1cc(C(=O)O)c2c(C)nn(CC)c2n1,CCc1cc(C(=O)Nc2ccc3c(c2)CN(CCOC)C3=O)c2c(C)nn(CC)c2n1,Amidation,,
C178905,1,,,,CN1Cc2cc(N)ccc2C1(C)C,CCCCn1nc(C)c2c(C(=O)O)c(Cl)c(C)nc21,CCCCn1nc(C)c2c(C(=O)Nc3ccc4c(c3)CN(C)C4(C)C)c(Cl)c(C)nc21,Amidation,,
C178907,1,,,,CCCN1Cc2ccc(N)cc2C1,CCCCn1nc(C)c2c(C(=O)O)c(Cl)c(C)nc21,CCCCn1nc(C)c2c(C(=O)Nc3ccc4c(c3)CN(CCC)C4)c(Cl)c(C)nc21,Amidation,,
C178924,1,,,,CN1Cc2cc(N)ccc2C1(C)C,Cc1nn(CCO)c2nc(C3CC3)cc(C(=O)O)c12,Cc1nn(CCO)c2nc(C3CC3)cc(C(=O)Nc3ccc4c(c3)CN(C)C4(C)C)c12,Amidation,,
C178926,1,,,,CCCN1Cc2ccc(N)cc2C1,Cc1nn(CCO)c2nc(C3CC3)cc(C(=O)O)c12,CCCN1Cc2ccc(NC(=O)c3cc(C4CC4)nc4c3c(C)nn4CCO)cc2C1,Amidation,,
C178928,1,,,,CN1C(=O)c2ccc(N)cc2C1=O,Cc1nn(CCO)c2nc(C3CC3)cc(C(=O)O)c12,Cc1nn(CCO)c2nc(C3CC3)cc(C(=O)Nc3ccc4c(c3)C(=O)N(C)C4=O)c12,Amidation,,
C178951,1,,,,CCN1Cc2cc(N)ccc2C1=O,Cc1nn(CCO)c2nc(C3CC3)cc(C(=O)O)c12,CCN1Cc2cc(NC(=O)c3cc(C4CC4)nc4c3c(C)nn4CCO)ccc2C1=O,Amidation,,
C178954,1,,,,CN1Cc2ccc(N)cc2C1,O=C(O)c1cc(C2CC2)nc2c1cnn2-c1ccc(F)cc1,CN1Cc2ccc(NC(=O)c3cc(C4CC4)nc4c3cnn4-c3ccc(F)cc3)cc2C1,Amidation,,
C178955,1,,,,Nc1ccc2c(c1)CNC2=O,O=C(O)c1cc(C2CC2)nc2c1cnn2-c1ccc(F)cc1,O=C1NCc2cc(NC(=O)c3cc(C4CC4)nc4c3cnn4-c3ccc(F)cc3)ccc21,Amidation,,
C178959,1,,,,CCN1Cc2cc(N)ccc2C1=O,O=C(O)c1cc(C2CC2)nc2c1cnn2C1CCCC1,CCN1Cc2cc(NC(=O)c3cc(C4CC4)nc4c3cnn4C3CCCC3)ccc2C1=O,Amidation,,
C178962,1,,,,CN1Cc2cc(N)ccc2C1(C)C,O=C(O)c1cc(C2CC2)nc2c1cnn2C1CCCC1,CN1Cc2cc(NC(=O)c3cc(C4CC4)nc4c3cnn4C3CCCC3)ccc2C1(C)C,Amidation,,
C178963,1,,,,CCN1Cc2ccc(N)cc2C1=O,O=C(O)c1cc(C2CC2)nc2c1cnn2C1CCCC1,CCN1Cc2ccc(NC(=O)c3cc(C4CC4)nc4c3cnn4C3CCCC3)cc2C1=O,Amidation,,
C178970,1,,,,Nc1ccc2c(c1)CNC2=O,CCc1cc(C(=O)O)c2c(C)nn(Cc3ccccc3)c2n1,CCc1cc(C(=O)Nc2ccc3c(c2)CNC3=O)c2c(C)nn(Cc3ccccc3)c2n1,Amidation,,
C178972,1,,,,CN1C(=O)c2ccc(N)cc2C1=O,O=C(O)c1cc(C2CC2)nc2c1cnn2C1CCCC1,CN1C(=O)c2ccc(NC(=O)c3cc(C4CC4)nc4c3cnn4C3CCCC3)cc2C1=O,Amidation,,
C178974,1,,,,Nc1ccc2c(c1)C(=O)NC2,O=C(O)c1cc(C2CC2)nc2c1cnn2-c1ccc(F)cc1,O=C1NCc2ccc(NC(=O)c3cc(C4CC4)nc4c3cnn4-c3ccc(F)cc3)cc21,Amidation,,
C178976,1,,,,CCCN1Cc2ccc(N)cc2C1,O=C(O)c1cc(C2CC2)nc2c1cnn2C1CCCC1,CCCN1Cc2ccc(NC(=O)c3cc(C4CC4)nc4c3cnn4C3CCCC3)cc2C1,Amidation,,
C179000,1,,,,CCOCCCN1Cc2ccc(N)cc2C1,Cn1[nH]c(=O)c2c(C(=O)O)cc(C3CC3)nc21,CCOCCCN1Cc2ccc(NC(=O)c3cc(C4CC4)nc4c3c(=O)[nH]n4C)cc2C1,Amidation,,
C179007,1,,,,Nc1ccc2c(c1)C(=O)N(CC1CC1)C2=O,Cc1nn(C)c2nc(C(C)C)cc(C(=O)O)c12,Cc1nn(C)c2nc(C(C)C)cc(C(=O)Nc3ccc4c(c3)C(=O)N(CC3CC3)C4=O)c12,Amidation,,
C179014,1,,,,Nc1ccc2c(c1)C(=O)NC2,O=C(O)c1cc(C2CC2)nc2c1cnn2Cc1cccnc1,O=C1NCc2ccc(NC(=O)c3cc(C4CC4)nc4c3cnn4Cc3cccnc3)cc21,Amidation,,
C179021,1,,,,CN1Cc2cc(N)ccc2C1(C)C,Cc1nn(C)c2nc(-c3cnn(C)c3)cc(C(=O)O)c12,Cc1nn(C)c2nc(-c3cnn(C)c3)cc(C(=O)Nc3ccc4c(c3)CN(C)C4(C)C)c12,Amidation,,
C179027,1,,,,CCN1Cc2cc(N)ccc2C1=O,Cc1nn(C)c2nc(-c3cnn(C)c3)cc(C(=O)O)c12,CCN1Cc2cc(NC(=O)c3cc(-c4cnn(C)c4)nc4c3c(C)nn4C)ccc2C1=O,Amidation,,
C179032,1,,,,CCOCCCN1Cc2ccc(N)cc2C1,CCc1cc(C(=O)O)c2c(C)nn(CC)c2n1,CCOCCCN1Cc2ccc(NC(=O)c3cc(CC)nc4c3c(C)nn4CC)cc2C1,Amidation,,
C179035,1,,,,Nc1ccc2c(c1)CNC2=O,O=C(O)c1cc(C2CC2)nc2c1cnn2Cc1cccnc1,O=C1NCc2cc(NC(=O)c3cc(C4CC4)nc4c3cnn4Cc3cccnc3)ccc21,Amidation,,
C179036,1,,,,CN1Cc2ccc(N)cc2C1,O=C(O)c1cc(C2CC2)nc2c1cnn2Cc1cccnc1,CN1Cc2ccc(NC(=O)c3cc(C4CC4)nc4c3cnn4Cc3cccnc3)cc2C1,Amidation,,
C179045,1,,,,Nc1ccc2c(c1)C(=O)N(CC1CC1)C2=O,CCCn1nc(C)c2c(C(=O)O)cc(C)nc21,CCCn1nc(C)c2c(C(=O)Nc3ccc4c(c3)C(=O)N(CC3CC3)C4=O)cc(C)nc21,Amidation,,
C179051,1,,,,CN1Cc2cc(N)ccc2C1(C)C,Cc1nn(C)c2nc(-c3cccnc3)cc(C(=O)O)c12,Cc1nn(C)c2nc(-c3cccnc3)cc(C(=O)Nc3ccc4c(c3)CN(C)C4(C)C)c12,Amidation,,
C179053,1,,,,CCCN1Cc2ccc(N)cc2C1,Cc1nn(C)c2nc(-c3cccnc3)cc(C(=O)O)c12,CCCN1Cc2ccc(NC(=O)c3cc(-c4cccnc4)nc4c3c(C)nn4C)cc2C1,Amidation,,
C179067,1,,,,CN1Cc2ccc(N)cc2C1,O=C(O)c1cc(C2CC2)nc2c1cnn2Cc1ccccc1,CN1Cc2ccc(NC(=O)c3cc(C4CC4)nc4c3cnn4Cc3ccccc3)cc2C1,Amidation,,
C179068,1,,,,Nc1ccc2c(c1)CNC2=O,O=C(O)c1cc(C2CC2)nc2c1cnn2Cc1ccccc1,O=C1NCc2cc(NC(=O)c3cc(C4CC4)nc4c3cnn4Cc3ccccc3)ccc21,Amidation,,
C179069,1,,,,Nc1ccc2c(c1)C(=O)NC2,O=C(O)c1cc(C2CC2)nc2c1cnn2Cc1ccccc1,O=C1NCc2ccc(NC(=O)c3cc(C4CC4)nc4c3cnn4Cc3ccccc3)cc21,Amidation,,
C179075,1,,,,CN1Cc2ccc(N)cc2C1=O,O=C(O)c1cc(C2CC2)nc2c1cnn2Cc1ccsc1,CN1Cc2ccc(NC(=O)c3cc(C4CC4)nc4c3cnn4Cc3ccsc3)cc2C1=O,Amidation,,
C179076,1,,,,CCN1Cc2ccc(N)cc2C1,O=C(O)c1cc(C2CC2)nc2c1cnn2Cc1ccsc1,CCN1Cc2ccc(NC(=O)c3cc(C4CC4)nc4c3cnn4Cc3ccsc3)cc2C1,Amidation,,
C179087,1,,,,Nc1ccc2c(c1)C(=O)NC2,Cc1ccc(Cn2ncc3c(C(=O)O)cc(C4CC4)nc32)o1,Cc1ccc(Cn2ncc3c(C(=O)Nc4ccc5c(c4)C(=O)NC5)cc(C4CC4)nc32)o1,Amidation,,
C179088,1,,,,Nc1ccc2c(c1)CNC2=O,Cc1ccc(Cn2ncc3c(C(=O)O)cc(C4CC4)nc32)o1,Cc1ccc(Cn2ncc3c(C(=O)Nc4ccc5c(c4)CNC5=O)cc(C4CC4)nc32)o1,Amidation,,
C179119,1,,,,CN1Cc2cc(N)ccc2C1=O,Cc1cc(C(=O)O)c2c(C)nn(-c3ccc(F)cc3)c2n1,Cc1cc(C(=O)Nc2ccc3c(c2)CN(C)C3=O)c2c(C)nn(-c3ccc(F)cc3)c2n1,Amidation,,
C179120,1,,,,CN1Cc2ccc(N)cc2C1,Cc1nn(-c2ccccn2)c2nc(C3CC3)cc(C(=O)O)c12,Cc1nn(-c2ccccn2)c2nc(C3CC3)cc(C(=O)Nc3ccc4c(c3)CN(C)C4)c12,Amidation,,
C179138,1,,,,Nc1ccc2c(c1)C(=O)NC2,Cc1nn(-c2ccccn2)c2nc(C3CC3)cc(C(=O)O)c12,Cc1nn(-c2ccccn2)c2nc(C3CC3)cc(C(=O)Nc3ccc4c(c3)C(=O)NC4)c12,Amidation,,
C179139,1,,,,Nc1ccc2c(c1)CNC2=O,Cc1nn(-c2ccccn2)c2nc(C3CC3)cc(C(=O)O)c12,Cc1nn(-c2ccccn2)c2nc(C3CC3)cc(C(=O)Nc3ccc4c(c3)CNC4=O)c12,Amidation,,
C179152,1,,,,Nc1ccc2c(c1)C(=O)NC2,Cc1cc(C(=O)O)c2c(C)nn(Cc3ccc(Cl)cc3)c2n1,Cc1cc(C(=O)Nc2ccc3c(c2)C(=O)NC3)c2c(C)nn(Cc3ccc(Cl)cc3)c2n1,Amidation,,
C179154,1,,,,CN1Cc2ccc(N)cc2C1,Cc1cc(C(=O)O)c2c(C)nn(Cc3ccc(Cl)cc3)c2n1,Cc1cc(C(=O)Nc2ccc3c(c2)CN(C)C3)c2c(C)nn(Cc3ccc(Cl)cc3)c2n1,Amidation,,
C179160,1,,,,CN1Cc2cc(N)ccc2C1=O,O=C(O)c1cc(C2CC2)nc2c1cnn2Cc1ccsc1,CN1Cc2cc(NC(=O)c3cc(C4CC4)nc4c3cnn4Cc3ccsc3)ccc2C1=O,Amidation,,
C179161,1,,,,Nc1cc2c(cc1F)CNC2=O,O=C(O)c1cc(C2CC2)nc2c1cnn2Cc1ccsc1,O=C1NCc2cc(F)c(NC(=O)c3cc(C4CC4)nc4c3cnn4Cc3ccsc3)cc21,Amidation,,
C179163,1,,,,CCN1Cc2ccc(N)cc2C1,Cc1cc(C(=O)O)c2c(C)nn(-c3ccc(F)cc3)c2n1,CCN1Cc2ccc(NC(=O)c3cc(C)nc4c3c(C)nn4-c3ccc(F)cc3)cc2C1,Amidation,,
C179164,1,,,,CN1Cc2ccc(N)cc2C1=O,Cc1cc(C(=O)O)c2c(C)nn(-c3ccc(F)cc3)c2n1,Cc1cc(C(=O)Nc2ccc3c(c2)C(=O)N(C)C3)c2c(C)nn(-c3ccc(F)cc3)c2n1,Amidation,,
C179168,1,,,,Nc1cc2c(cc1F)CNC2=O,Cc1cc(C(=O)O)c2c(C)nn(-c3ccc(F)cc3)c2n1,Cc1cc(C(=O)Nc2cc3c(cc2F)CNC3=O)c2c(C)nn(-c3ccc(F)cc3)c2n1,Amidation,,
C179169,1,,,,Nc1ccc2c(c1)C(=O)NC2=O,O=C(O)c1cc(C2CC2)nc2c1cnn2C1CCCCC1,O=C1NC(=O)c2cc(NC(=O)c3cc(C4CC4)nc4c3cnn4C3CCCCC3)ccc21,Amidation,,
C179170,1,,,,CN1Cc2cc(N)ccc2C1=O,O=C(O)c1cc(C2CC2)nc2c1cnn2C1CCCCC1,CN1Cc2cc(NC(=O)c3cc(C4CC4)nc4c3cnn4C3CCCCC3)ccc2C1=O,Amidation,,
C179174,1,,,,Nc1ccc2c(c1)C(=O)NC2=O,Cc1cc(C(=O)O)c2c(C)nn(-c3ccc(F)cc3)c2n1,Cc1cc(C(=O)Nc2ccc3c(c2)C(=O)NC3=O)c2c(C)nn(-c3ccc(F)cc3)c2n1,Amidation,,
C179176,1,,,,CN1Cc2ccc(N)cc2C1=O,O=C(O)c1cc(C2CC2)nc2c1cnn2C1CCCCC1,CN1Cc2ccc(NC(=O)c3cc(C4CC4)nc4c3cnn4C3CCCCC3)cc2C1=O,Amidation,,
C179179,1,,,,Nc1ccc2c(c1)C(=O)NC2=O,O=C(O)c1cc(C2CC2)nc2c1cnn2Cc1ccsc1,O=C1NC(=O)c2cc(NC(=O)c3cc(C4CC4)nc4c3cnn4Cc3ccsc3)ccc21,Amidation,,
C179181,1,,,,Nc1cc2c(cc1F)CNC2=O,O=C(O)c1cc(C2CC2)nc2c1cnn2C1CCCCC1,O=C1NCc2cc(F)c(NC(=O)c3cc(C4CC4)nc4c3cnn4C3CCCCC3)cc21,Amidation,,
C179182,1,,,,CCN1Cc2ccc(N)cc2C1,O=C(O)c1cc(C2CC2)nc2c1cnn2C1CCCCC1,CCN1Cc2ccc(NC(=O)c3cc(C4CC4)nc4c3cnn4C3CCCCC3)cc2C1,Amidation,,
C187797,1,,,,Nc1ccc2c(c1)C(=O)NC2,CC(C)(C)OC(=O)N1CCC(c2c[nH]c3ccc(C(=O)O)cc23)CC1,CC(C)(C)OC(=O)N1CCC(c2c[nH]c3ccc(C(=O)Nc4ccc5c(c4)C(=O)NC5)cc23)CC1,Amidation,,
C179195,1,,,,CN1Cc2ccc(N)cc2C1,CCc1cc(C(=O)O)c2c(C)nn(-c3ccccc3F)c2n1,CCc1cc(C(=O)Nc2ccc3c(c2)CN(C)C3)c2c(C)nn(-c3ccccc3F)c2n1,Amidation,,
C179196,1,,,,Nc1ccc2c(c1)C(=O)NC2,CCc1cc(C(=O)O)c2c(C)nn(-c3ccccc3F)c2n1,CCc1cc(C(=O)Nc2ccc3c(c2)C(=O)NC3)c2c(C)nn(-c3ccccc3F)c2n1,Amidation,,
C179198,1,,,,CN1Cc2cc(N)ccc2C1=O,Cc1ccc(Cn2ncc3c(C(=O)O)cc(C)nc32)cc1,Cc1ccc(Cn2ncc3c(C(=O)Nc4ccc5c(c4)CN(C)C5=O)cc(C)nc32)cc1,Amidation,,
C179199,1,,,,Nc1cc2c(cc1F)CNC2=O,Cc1ccc(Cn2ncc3c(C(=O)O)cc(C)nc32)cc1,Cc1ccc(Cn2ncc3c(C(=O)Nc4cc5c(cc4F)CNC5=O)cc(C)nc32)cc1,Amidation,,
C179200,1,,,,Nc1ccc2c(c1)CNC2=O,CCc1cc(C(=O)O)c2c(C)nn(-c3ccccc3F)c2n1,CCc1cc(C(=O)Nc2ccc3c(c2)CNC3=O)c2c(C)nn(-c3ccccc3F)c2n1,Amidation,,
C187810,1,,,,CN1Cc2cc(N)ccc2C1(C)C,CC(C)(C)OC(=O)N1CCC(c2c[nH]c3ccc(C(=O)O)cc23)CC1,CN1Cc2cc(NC(=O)c3ccc4[nH]cc(C5CCN(C(=O)OC(C)(C)C)CC5)c4c3)ccc2C1(C)C,Amidation,,
C179202,1,,,,Nc1ccc2c(c1)C(=O)NC2,CCc1ccc(Cn2ncc3c(C(=O)O)cc(C)nc32)cc1,CCc1ccc(Cn2ncc3c(C(=O)Nc4ccc5c(c4)C(=O)NC5)cc(C)nc32)cc1,Amidation,,
C179203,1,,,,Nc1ccc2c(c1)CNC2=O,CCc1ccc(Cn2ncc3c(C(=O)O)cc(C)nc32)cc1,CCc1ccc(Cn2ncc3c(C(=O)Nc4ccc5c(c4)CNC5=O)cc(C)nc32)cc1,Amidation,,
C187830,1,,,,Nc1ccc2c(c1)C(=O)NC2,Cc1nn(-c2ccccc2F)c2nc(C3CC3)c(Cl)c(C(=O)O)c12,Cc1nn(-c2ccccc2F)c2nc(C3CC3)c(Cl)c(C(=O)Nc3ccc4c(c3)C(=O)NC4)c12,Amidation,,
C179204,1,,,,CN1Cc2ccc(N)cc2C1,CCc1ccc(Cn2ncc3c(C(=O)O)cc(C)nc32)cc1,CCc1ccc(Cn2ncc3c(C(=O)Nc4ccc5c(c4)CN(C)C5)cc(C)nc32)cc1,Amidation,,
C187812,1,,,,CCCCN1Cc2ccc(N)cc2C1,CC(C)(C)OC(=O)N1CCC(c2c[nH]c3ccc(C(=O)O)cc23)CC1,CCCCN1Cc2ccc(NC(=O)c3ccc4[nH]cc(C5CCN(C(=O)OC(C)(C)C)CC5)c4c3)cc2C1,Amidation,,
C187829,1,,,,CN1Cc2cc(N)ccc2C1=O,Cc1nn(CC(=O)NC(C)C)c2nc(C3CC3)cc(C(=O)O)c12,Cc1nn(CC(=O)NC(C)C)c2nc(C3CC3)cc(C(=O)Nc3ccc4c(c3)CN(C)C4=O)c12,Amidation,,
C179208,1,,,,CC(C)N1Cc2ccc(N)cc2C1=O,CCC(C)n1ncc2c(C(=O)O)cc(C3CC3)nc21,CCC(C)n1ncc2c(C(=O)Nc3ccc4c(c3)C(=O)N(C(C)C)C4)cc(C3CC3)nc21,Amidation,,
C179209,1,,,,Nc1ccc2c(c1)CN(CC(F)F)C2,CCC(C)n1ncc2c(C(=O)O)cc(C3CC3)nc21,CCC(C)n1ncc2c(C(=O)Nc3ccc4c(c3)CN(CC(F)F)C4)cc(C3CC3)nc21,Amidation,,
C179210,1,,,,CCCCN1Cc2ccc(N)cc2C1,CCC(C)n1ncc2c(C(=O)O)cc(C3CC3)nc21,CCCCN1Cc2ccc(NC(=O)c3cc(C4CC4)nc4c3cnn4C(C)CC)cc2C1,Amidation,,
C179211,1,,,,Nc1ccc2c(c1)C(=O)NC2,Cc1cc(C(=O)O)c2c(C3CC3)nn(-c3ccccc3)c2n1,Cc1cc(C(=O)Nc2ccc3c(c2)C(=O)NC3)c2c(C3CC3)nn(-c3ccccc3)c2n1,Amidation,,
C187831,1,,,,Nc1ccc2c(c1)C(=O)NC2=O,Cc1nn(CC(=O)NC(C)C)c2nc(C3CC3)cc(C(=O)O)c12,Cc1nn(CC(=O)NC(C)C)c2nc(C3CC3)cc(C(=O)Nc3ccc4c(c3)C(=O)NC4=O)c12,Amidation,,
C179213,1,,,,CCCCN1Cc2cc(N)ccc2C1=O,Cc1cc(C(=O)O)c2cnn(C3CCCC3)c2n1,CCCCN1Cc2cc(NC(=O)c3cc(C)nc4c3cnn4C3CCCC3)ccc2C1=O,Amidation,,
C197202,1,,,,CC1(C)C(=O)Nc2cccc(C(=O)O)c21,CC1CN(CCc2cccc(N)c2)CC1C,CC1CN(CCc2cccc(NC(=O)c3cccc4c3C(C)(C)C(=O)N4)c2)CC1C,Amidation,,
C187832,1,,,,CCN1Cc2cc(N)ccc2C1=O,O=C(O)c1cc(C2CC2)nc2c1cnn2-c1ccc(F)cc1,CCN1Cc2cc(NC(=O)c3cc(C4CC4)nc4c3cnn4-c3ccc(F)cc3)ccc2C1=O,Amidation,,
C187833,1,,,,CN1Cc2ccc(N)cc2C1,Cc1nn(-c2ccccc2F)c2nc(C3CC3)c(Cl)c(C(=O)O)c12,Cc1nn(-c2ccccc2F)c2nc(C3CC3)c(Cl)c(C(=O)Nc3ccc4c(c3)CN(C)C4)c12,Amidation,,
C187834,1,,,,Nc1cc2c(cc1Br)CN(C=O)C2,O=C(O)c1cc(C2CC2)nc2c1cnn2-c1ccc(F)cc1,O=CN1Cc2cc(Br)c(NC(=O)c3cc(C4CC4)nc4c3cnn4-c3ccc(F)cc3)cc2C1,Amidation,,
C187837,1,,,,CN1Cc2cc(N)ccc2C1(C)C,O=C(O)c1cc(C2CC2)nc2c1cnn2-c1ccc(F)cc1,CN1Cc2cc(NC(=O)c3cc(C4CC4)nc4c3cnn4-c3ccc(F)cc3)ccc2C1(C)C,Amidation,,
C187838,1,,,,CCN1Cc2ccc(N)cc2C1=O,O=C(O)c1cc(C2CC2)nc2c1cnn2-c1ccc(F)cc1,CCN1Cc2ccc(NC(=O)c3cc(C4CC4)nc4c3cnn4-c3ccc(F)cc3)cc2C1=O,Amidation,,
C187839,1,,,,Nc1ccc2c(c1)CNC2=O,Cc1nn(-c2ccccc2F)c2nc(C3CC3)c(Cl)c(C(=O)O)c12,Cc1nn(-c2ccccc2F)c2nc(C3CC3)c(Cl)c(C(=O)Nc3ccc4c(c3)CNC4=O)c12,Amidation,,
C187840,1,,,,CCCN1Cc2ccc(N)cc2C1,O=C(O)c1cc(C2CC2)nc2c1cnn2-c1ccc(F)cc1,CCCN1Cc2ccc(NC(=O)c3cc(C4CC4)nc4c3cnn4-c3ccc(F)cc3)cc2C1,Amidation,,
C187841,1,,,,CN1C(=O)c2ccc(N)cc2C1=O,O=C(O)c1cc(C2CC2)nc2c1cnn2-c1ccc(F)cc1,CN1C(=O)c2ccc(NC(=O)c3cc(C4CC4)nc4c3cnn4-c3ccc(F)cc3)cc2C1=O,Amidation,,
C179223,1,,,,CCCCN1Cc2cc(N)ccc2C1=O,CC(C)c1cc(C(=O)O)c2cnn(C(C)C)c2n1,CCCCN1Cc2cc(NC(=O)c3cc(C(C)C)nc4c3cnn4C(C)C)ccc2C1=O,Amidation,,
C187849,1,,,,Nc1ccc2c(c1)C(=O)NC2,CCNC(=O)Cn1nc(C2CC2)c2c(C(=O)O)cc(C3CC3)nc21,CCNC(=O)Cn1nc(C2CC2)c2c(C(=O)Nc3ccc4c(c3)C(=O)NC4)cc(C3CC3)nc21,Amidation,,
C179225,1,,,,CC(C)CCN1Cc2ccc(N)cc2C1,CC(C)c1cc(C(=O)O)c2cnn(C(C)C)c2n1,CC(C)CCN1Cc2ccc(NC(=O)c3cc(C(C)C)nc4c3cnn4C(C)C)cc2C1,Amidation,,
C187850,1,,,,Nc1ccc2c(c1)CNC2=O,CCNC(=O)Cn1nc(C2CC2)c2c(C(=O)O)cc(C3CC3)nc21,CCNC(=O)Cn1nc(C2CC2)c2c(C(=O)Nc3ccc4c(c3)CNC4=O)cc(C3CC3)nc21,Amidation,,
C187851,1,,,,CN1Cc2ccc(N)cc2C1,CCNC(=O)Cn1nc(C2CC2)c2c(C(=O)O)cc(C3CC3)nc21,CCNC(=O)Cn1nc(C2CC2)c2c(C(=O)Nc3ccc4c(c3)CN(C)C4)cc(C3CC3)nc21,Amidation,,
C187854,1,,,,CN1C(=O)c2ccc(N)cc2C1=O,Cc1nn(-c2ccccn2)c2nc(C3CC3)cc(C(=O)O)c12,Cc1nn(-c2ccccn2)c2nc(C3CC3)cc(C(=O)Nc3ccc4c(c3)C(=O)N(C)C4=O)c12,Amidation,,
C179229,1,,,,COCCN1Cc2cc(N)ccc2C1=O,CC(C)c1cc(C(=O)O)c2cnn(C(C)C)c2n1,COCCN1Cc2cc(NC(=O)c3cc(C(C)C)nc4c3cnn4C(C)C)ccc2C1=O,Amidation,,
C187856,1,,,,CCN1Cc2cc(N)ccc2C1=O,Cc1ccc(Cn2ncc3c(C(=O)O)cc(C4CC4)nc32)o1,CCN1Cc2cc(NC(=O)c3cc(C4CC4)nc4c3cnn4Cc3ccc(C)o3)ccc2C1=O,Amidation,,
C179232,1,,,,COCCCN1Cc2ccc(N)cc2C1,Cc1cc(C(=O)O)c2cnn(C3CCCC3)c2n1,COCCCN1Cc2ccc(NC(=O)c3cc(C)nc4c3cnn4C3CCCC3)cc2C1,Amidation,,
C179233,1,,,,CN1C(=O)c2ccc(N)cc2C1=O,Cc1cc(C(=O)O)c2c(C)nn(-c3ccccc3)c2n1,Cc1cc(C(=O)Nc2ccc3c(c2)C(=O)N(C)C3=O)c2c(C)nn(-c3ccccc3)c2n1,Amidation,,
C187859,1,,,,CCN1Cc2ccc(N)cc2C1=O,Cc1ccc(Cn2ncc3c(C(=O)O)cc(C4CC4)nc32)o1,CCN1Cc2ccc(NC(=O)c3cc(C4CC4)nc4c3cnn4Cc3ccc(C)o3)cc2C1=O,Amidation,,
C179235,1,,,,CCCN1Cc2ccc(N)cc2C1,Cc1cc(C(=O)O)c2c(C)nn(-c3ccccc3)c2n1,CCCN1Cc2ccc(NC(=O)c3cc(C)nc4c3c(C)nn4-c3ccccc3)cc2C1,Amidation,,
C197224,1,,,,CC1(C)C(=O)Nc2cccc(C(=O)O)c21,CNC(=O)CCN1CCc2cccc(N)c2C1,CNC(=O)CCN1CCc2cccc(NC(=O)c3cccc4c3C(C)(C)C(=O)N4)c2C1,Amidation,,
C197225,1,,,,CC1(C)C(=O)Nc2cccc(C(=O)O)c21,CN(C)CCCN1CCc2cccc(N)c2C1,CN(C)CCCN1CCc2cccc(NC(=O)c3cccc4c3C(C)(C)C(=O)N4)c2C1,Amidation,,
C187864,1,,,,CNc1ccc2c(c1)CN(C)C2,Cc1nn(C2CCS(=O)(=O)C2)c2nc(C3CC3)cc(C(=O)O)c12,Cc1nn(C2CCS(=O)(=O)C2)c2nc(C3CC3)cc(C(=O)N(C)c3ccc4c(c3)CN(C)C4)c12,Amidation,,
C179236,1,,,,CCN1Cc2ccc(N)cc2C1=O,Cc1cc(C(=O)O)c2c(C)nn(-c3ccccc3)c2n1,CCN1Cc2ccc(NC(=O)c3cc(C)nc4c3c(C)nn4-c3ccccc3)cc2C1=O,Amidation,,
C179237,1,,,,CN1Cc2cc(N)ccc2C1(C)C,Cc1cc(C(=O)O)c2c(C)nn(-c3ccccc3)c2n1,Cc1cc(C(=O)Nc2ccc3c(c2)CN(C)C3(C)C)c2c(C)nn(-c3ccccc3)c2n1,Amidation,,
C187860,1,,,,CCCN1Cc2ccc(N)cc2C1,Cc1ccc(Cn2ncc3c(C(=O)O)cc(C4CC4)nc32)o1,CCCN1Cc2ccc(NC(=O)c3cc(C4CC4)nc4c3cnn4Cc3ccc(C)o3)cc2C1,Amidation,,
C187862,1,,,,CCN1Cc2ccc(N)cc2C1,Cc1nn(C2CCS(=O)(=O)C2)c2nc(C3CC3)cc(C(=O)O)c12,CCN1Cc2ccc(NC(=O)c3cc(C4CC4)nc4c3c(C)nn4C3CCS(=O)(=O)C3)cc2C1,Amidation,,
C179240,1,,,,CCN1Cc2cc(N)ccc2C1=O,Cc1cc(C(=O)O)c2c(C)nn(-c3ccccc3)c2n1,CCN1Cc2cc(NC(=O)c3cc(C)nc4c3c(C)nn4-c3ccccc3)ccc2C1=O,Amidation,,
C187863,1,,,,CN1Cc2ccc(N)cc2C1=O,Cc1nn(C2CCS(=O)(=O)C2)c2nc(C3CC3)cc(C(=O)O)c12,Cc1nn(C2CCS(=O)(=O)C2)c2nc(C3CC3)cc(C(=O)Nc3ccc4c(c3)C(=O)N(C)C4)c12,Amidation,,
C179242,1,,,,CN1Cc2ccc(N)cc2C1=O,Cc1ccc(Cn2ncc3c(C(=O)O)cc(C)nc32)cc1,Cc1ccc(Cn2ncc3c(C(=O)Nc4ccc5c(c4)C(=O)N(C)C5)cc(C)nc32)cc1,Amidation,,
C179243,1,,,,CCN1Cc2ccc(N)cc2C1,Cc1ccc(Cn2ncc3c(C(=O)O)cc(C)nc32)cc1,CCN1Cc2ccc(NC(=O)c3cc(C)nc4c3cnn4Cc3ccc(C)cc3)cc2C1,Amidation,,
C179244,1,,,,CC(C)CCN1Cc2ccc(N)cc2C1,Cc1cc(C(=O)O)c2cnn(C3CCCC3)c2n1,Cc1cc(C(=O)Nc2ccc3c(c2)CN(CCC(C)C)C3)c2cnn(C3CCCC3)c2n1,Amidation,,
C179246,1,,,,COCN1C(=O)c2ccc(N)cc2C1=O,Cc1cc(C(=O)O)c2cnn(C3CCCC3)c2n1,COCN1C(=O)c2ccc(NC(=O)c3cc(C)nc4c3cnn4C3CCCC3)cc2C1=O,Amidation,,
C187866,1,,,,CN1Cc2cc(N)ccc2C1(C)C,Cc1ccc(Cn2ncc3c(C(=O)O)cc(C4CC4)nc32)o1,Cc1ccc(Cn2ncc3c(C(=O)Nc4ccc5c(c4)CN(C)C5(C)C)cc(C4CC4)nc32)o1,Amidation,,
C179249,1,,,,Nc1ccc2c(c1)CN(CC(F)(F)F)C2,Cc1cc(C(=O)O)c2cnn(C3CCCC3)c2n1,Cc1cc(C(=O)Nc2ccc3c(c2)CN(CC(F)(F)F)C3)c2cnn(C3CCCC3)c2n1,Amidation,,
C179250,1,,,,Nc1ccc2c(c1)CN(CC(F)(F)F)C2,CC(C)c1cc(C(=O)O)c2cnn(C(C)C)c2n1,CC(C)c1cc(C(=O)Nc2ccc3c(c2)CN(CC(F)(F)F)C3)c2cnn(C(C)C)c2n1,Amidation,,
C179251,1,,,,CCCCN1Cc2ccc(N)cc2C1,Cc1cc(C(=O)O)c2cnn(Cc3cccs3)c2n1,CCCCN1Cc2ccc(NC(=O)c3cc(C)nc4c3cnn4Cc3cccs3)cc2C1,Amidation,,
C187879,1,,,,CCCN1Cc2ccc(N)cc2C1,O=C(O)c1cc(C2CC2)nc2c1cnn2Cc1cccnc1,CCCN1Cc2ccc(NC(=O)c3cc(C4CC4)nc4c3cnn4Cc3cccnc3)cc2C1,Amidation,,
C187880,1,,,,CCN1Cc2ccc(N)cc2C1=O,O=C(O)c1cc(C2CC2)nc2c1cnn2Cc1cccnc1,CCN1Cc2ccc(NC(=O)c3cc(C4CC4)nc4c3cnn4Cc3cccnc3)cc2C1=O,Amidation,,
C187881,1,,,,CN1Cc2cc(N)ccc2C1(C)C,O=C(O)c1cc(C2CC2)nc2c1cnn2Cc1cccnc1,CN1Cc2cc(NC(=O)c3cc(C4CC4)nc4c3cnn4Cc3cccnc3)ccc2C1(C)C,Amidation,,
C197242,1,,,,CC1(C)C(=O)Nc2cccc(C(=O)O)c21,Cc1ccc(CCNC(=O)OC(C)(C)C)cc1N,Cc1ccc(CCNC(=O)OC(C)(C)C)cc1NC(=O)c1cccc2c1C(C)(C)C(=O)N2,Amidation,,
C179252,1,,,,CC(C)N1Cc2ccc(N)cc2C1=O,Cc1cc(C(=O)O)c2cnn(Cc3cccs3)c2n1,Cc1cc(C(=O)Nc2ccc3c(c2)C(=O)N(C(C)C)C3)c2cnn(Cc3cccs3)c2n1,Amidation,,
C179256,1,,,,Nc1ccc2c(c1)CNC2=O,Cc1nn(-c2ccccc2)c2nc(C(C)C)cc(C(=O)O)c12,Cc1nn(-c2ccccc2)c2nc(C(C)C)cc(C(=O)Nc3ccc4c(c3)CNC4=O)c12,Amidation,,
C179257,1,,,,CN1Cc2ccc(N)cc2C1,Cc1nn(-c2ccccc2)c2nc(C(C)C)cc(C(=O)O)c12,Cc1nn(-c2ccccc2)c2nc(C(C)C)cc(C(=O)Nc3ccc4c(c3)CN(C)C4)c12,Amidation,,
C187877,1,,,,CN1C(=O)c2ccc(N)cc2C1=O,O=C(O)c1cc(C2CC2)nc2c1cnn2Cc1cccnc1,CN1C(=O)c2ccc(NC(=O)c3cc(C4CC4)nc4c3cnn4Cc3cccnc3)cc2C1=O,Amidation,,
C179261,1,,,,CCCCN1Cc2ccc(N)cc2C1,Cc1nn(CCO)c2nc(C3CC3)cc(C(=O)O)c12,CCCCN1Cc2ccc(NC(=O)c3cc(C4CC4)nc4c3c(C)nn4CCO)cc2C1,Amidation,,
C187888,1,,,,CCN1Cc2cc(N)ccc2C1=O,O=C(O)c1cc(C2CC2)nc2c1cnn2Cc1ccccc1,CCN1Cc2cc(NC(=O)c3cc(C4CC4)nc4c3cnn4Cc3ccccc3)ccc2C1=O,Amidation,,
C179262,1,,,,CCCCN1Cc2ccc(N)cc2C1,Cn1nc(C2CC2)c2c(C(=O)O)cc(C3CC3)nc21,CCCCN1Cc2ccc(NC(=O)c3cc(C4CC4)nc4c3c(C3CC3)nn4C)cc2C1,Amidation,,
C179263,1,,,,Nc1ccc2c(c1)CN(CC(F)F)C2,Cn1nc(C2CC2)c2c(C(=O)O)cc(C3CC3)nc21,Cn1nc(C2CC2)c2c(C(=O)Nc3ccc4c(c3)CN(CC(F)F)C4)cc(C3CC3)nc21,Amidation,,
C179264,1,,,,CC(C)N1Cc2ccc(N)cc2C1=O,Cn1nc(C2CC2)c2c(C(=O)O)cc(C3CC3)nc21,CC(C)N1Cc2ccc(NC(=O)c3cc(C4CC4)nc4c3c(C3CC3)nn4C)cc2C1=O,Amidation,,
C187884,1,,,,Nc1cc2c(cc1F)CNC2=O,Cc1nn(C2CCS(=O)(=O)C2)c2nc(C3CC3)cc(C(=O)O)c12,Cc1nn(C2CCS(=O)(=O)C2)c2nc(C3CC3)cc(C(=O)Nc3cc4c(cc3F)CNC4=O)c12,Amidation,,
C187885,1,,,,Nc1ccc2c(c1)C(=O)NC2=O,Cc1nn(C2CCS(=O)(=O)C2)c2nc(C3CC3)cc(C(=O)O)c12,Cc1nn(C2CCS(=O)(=O)C2)c2nc(C3CC3)cc(C(=O)Nc3ccc4c(c3)C(=O)NC4=O)c12,Amidation,,
C187886,1,,,,Nc1ccc2c(c1)CNC2=O,Cc1cc(C)nc(-n2nc(C)c3c(C(=O)O)cc(C4CC4)nc32)n1,Cc1cc(C)nc(-n2nc(C)c3c(C(=O)Nc4ccc5c(c4)CNC5=O)cc(C4CC4)nc32)n1,Amidation,,
C187887,1,,,,CN1Cc2ccc(N)cc2C1,Cc1cc(C)nc(-n2nc(C)c3c(C(=O)O)cc(C4CC4)nc32)n1,Cc1cc(C)nc(-n2nc(C)c3c(C(=O)Nc4ccc5c(c4)CN(C)C5)cc(C4CC4)nc32)n1,Amidation,,
C179269,1,,,,CN1Cc2ccc(N)cc2C1,Cc1cc(C(=O)O)c2c(C)nn(Cc3ccccc3Cl)c2n1,Cc1cc(C(=O)Nc2ccc3c(c2)CN(C)C3)c2c(C)nn(Cc3ccccc3Cl)c2n1,Amidation,,
C179270,1,,,,Nc1ccc2c(c1)CNC2=O,Cc1cc(C(=O)O)c2c(C)nn(Cc3ccccc3Cl)c2n1,Cc1cc(C(=O)Nc2ccc3c(c2)CNC3=O)c2c(C)nn(Cc3ccccc3Cl)c2n1,Amidation,,
C179271,1,,,,Nc1ccc2c(c1)C(=O)NC2,Cc1cc(C(=O)O)c2c(C)nn(Cc3ccccc3Cl)c2n1,Cc1cc(C(=O)Nc2ccc3c(c2)C(=O)NC3)c2c(C)nn(Cc3ccccc3Cl)c2n1,Amidation,,
C187891,1,,,,CN1Cc2cc(N)ccc2C1(C)C,O=C(O)c1cc(C2CC2)nc2c1cnn2Cc1ccccc1,CN1Cc2cc(NC(=O)c3cc(C4CC4)nc4c3cnn4Cc3ccccc3)ccc2C1(C)C,Amidation,,
C187892,1,,,,CN1Cc2ccc(N)cc2C1=O,Cc1nn(CC(=O)NC(C)C)c2nc(C3CC3)cc(C(=O)O)c12,Cc1nn(CC(=O)NC(C)C)c2nc(C3CC3)cc(C(=O)Nc3ccc4c(c3)C(=O)N(C)C4)c12,Amidation,,
C187896,1,,,,Nc1cc2c(cc1F)CNC2=O,Cc1nn(CC(=O)NC(C)C)c2nc(C3CC3)cc(C(=O)O)c12,Cc1nn(CC(=O)NC(C)C)c2nc(C3CC3)cc(C(=O)Nc3cc4c(cc3F)CNC4=O)c12,Amidation,,
C187897,1,,,,CCN1Cc2ccc(N)cc2C1=O,O=C(O)c1cc(C2CC2)nc2c1cnn2Cc1ccccc1,CCN1Cc2ccc(NC(=O)c3cc(C4CC4)nc4c3cnn4Cc3ccccc3)cc2C1=O,Amidation,,
C187898,1,,,,CCCN1Cc2ccc(N)cc2C1,O=C(O)c1cc(C2CC2)nc2c1cnn2Cc1ccccc1,CCCN1Cc2ccc(NC(=O)c3cc(C4CC4)nc4c3cnn4Cc3ccccc3)cc2C1,Amidation,,
C187899,1,,,,CCN1Cc2ccc(N)cc2C1,Cc1nn(CC(=O)NC(C)C)c2nc(C3CC3)cc(C(=O)O)c12,CCN1Cc2ccc(NC(=O)c3cc(C4CC4)nc4c3c(C)nn4CC(=O)NC(C)C)cc2C1,Amidation,,
C187900,1,,,,CN1Cc2cc(N)ccc2C1=O,Cc1nn(C2CCS(=O)(=O)C2)c2nc(C3CC3)cc(C(=O)O)c12,Cc1nn(C2CCS(=O)(=O)C2)c2nc(C3CC3)cc(C(=O)Nc3ccc4c(c3)CN(C)C4=O)c12,Amidation,,
C187906,1,,,,CN1Cc2ccc(N)cc2C1=O,Cc1nn(Cc2ccccc2)c2nc(C3CC3)cc(C(=O)O)c12,Cc1nn(Cc2ccccc2)c2nc(C3CC3)cc(C(=O)Nc3ccc4c(c3)C(=O)N(C)C4)c12,Amidation,,
C187901,1,,,,Nc1ccc2c(c1)C(=O)NC2,O=C(O)c1cc(C2CC2)nc2c1c(C1CC1)nn2-c1ccccc1,O=C1NCc2ccc(NC(=O)c3cc(C4CC4)nc4c3c(C3CC3)nn4-c3ccccc3)cc21,Amidation,,
C187902,1,,,,Nc1ccc2c(c1)CNC2=O,O=C(O)c1cc(C2CC2)nc2c1c(C1CC1)nn2-c1ccccc1,O=C1NCc2cc(NC(=O)c3cc(C4CC4)nc4c3c(C3CC3)nn4-c3ccccc3)ccc21,Amidation,,
C187909,1,,,,Nc1cc2c(cc1F)CNC2=O,Cc1nn(Cc2ccccc2)c2nc(C3CC3)cc(C(=O)O)c12,Cc1nn(Cc2ccccc2)c2nc(C3CC3)cc(C(=O)Nc3cc4c(cc3F)CNC4=O)c12,Amidation,,
C187910,1,,,,CN1Cc2cc(N)ccc2C1=O,Cc1nn(Cc2ccccc2)c2nc(C3CC3)cc(C(=O)O)c12,Cc1nn(Cc2ccccc2)c2nc(C3CC3)cc(C(=O)Nc3ccc4c(c3)CN(C)C4=O)c12,Amidation,,
C187903,1,,,,CN1Cc2ccc(N)cc2C1,O=C(O)c1cc(C2CC2)nc2c1c(C1CC1)nn2-c1ccccc1,CN1Cc2ccc(NC(=O)c3cc(C4CC4)nc4c3c(C3CC3)nn4-c3ccccc3)cc2C1,Amidation,,
C179283,1,,,,CCCCN1Cc2ccc(N)cc2C1,CCc1cc(C(=O)O)c2c(C3CC3)nn(CC)c2n1,CCCCN1Cc2ccc(NC(=O)c3cc(CC)nc4c3c(C3CC3)nn4CC)cc2C1,Amidation,,
C179284,1,,,,Nc1ccc2c(c1)CN(CC(F)F)C2,CCc1cc(C(=O)O)c2c(C3CC3)nn(CC)c2n1,CCc1cc(C(=O)Nc2ccc3c(c2)CN(CC(F)F)C3)c2c(C3CC3)nn(CC)c2n1,Amidation,,
C187905,1,,,,CCN1Cc2ccc(N)cc2C1,Cc1nn(Cc2ccccc2)c2nc(C3CC3)cc(C(=O)O)c12,CCN1Cc2ccc(NC(=O)c3cc(C4CC4)nc4c3c(C)nn4Cc3ccccc3)cc2C1,Amidation,,
C187915,1,,,,COCN1C(=O)c2ccc(N)cc2C1=O,Cc1nn(CC(F)F)c2nc(C3CC3)cc(C(=O)O)c12,COCN1C(=O)c2ccc(NC(=O)c3cc(C4CC4)nc4c3c(C)nn4CC(F)F)cc2C1=O,Amidation,,
C179287,1,,,,CN1Cc2ccc(N)cc2C1,Cc1cc(-c2cc(C(=O)O)c3cnn(C(C)C)c3n2)c(C)s1,Cc1cc(-c2cc(C(=O)Nc3ccc4c(c3)CN(C)C4)c3cnn(C(C)C)c3n2)c(C)s1,Amidation,,
C187917,1,,,,COCCN1Cc2cc(N)ccc2C1=O,Cc1nn(CC(F)F)c2nc(C3CC3)cc(C(=O)O)c12,COCCN1Cc2cc(NC(=O)c3cc(C4CC4)nc4c3c(C)nn4CC(F)F)ccc2C1=O,Amidation,,
C187918,1,,,,Nc1ccc2c(c1)CN(CC(F)(F)F)C2,Cc1nn(CC(F)F)c2nc(C3CC3)cc(C(=O)O)c12,Cc1nn(CC(F)F)c2nc(C3CC3)cc(C(=O)Nc3ccc4c(c3)CN(CC(F)(F)F)C4)c12,Amidation,,
C187919,1,,,,COCCCN1Cc2ccc(N)cc2C1,Cc1nn(CC(F)F)c2nc(C3CC3)cc(C(=O)O)c12,COCCCN1Cc2ccc(NC(=O)c3cc(C4CC4)nc4c3c(C)nn4CC(F)F)cc2C1,Amidation,,
C179288,1,,,,CN1Cc2ccc(N)cc2C1,Cc1cc(C(=O)O)c2c(C3CC3)nn(-c3ccccc3)c2n1,Cc1cc(C(=O)Nc2ccc3c(c2)CN(C)C3)c2c(C3CC3)nn(-c3ccccc3)c2n1,Amidation,,
C179289,1,,,,Nc1ccc2c(c1)CNC2=O,Cc1cc(C(=O)O)c2c(C3CC3)nn(-c3ccccc3)c2n1,Cc1cc(C(=O)Nc2ccc3c(c2)CNC3=O)c2c(C3CC3)nn(-c3ccccc3)c2n1,Amidation,,
C179290,1,,,,CC(C)N1Cc2ccc(N)cc2C1=O,CCc1cc(C(=O)O)c2c(C3CC3)nn(CC)c2n1,CCc1cc(C(=O)Nc2ccc3c(c2)C(=O)N(C(C)C)C3)c2c(C3CC3)nn(CC)c2n1,Amidation,,
C187923,1,,,,CCCCN1Cc2cc(N)ccc2C1=O,Cc1nn(C(C)(C)C)c2nc(C3CC3)cc(C(=O)O)c12,CCCCN1Cc2cc(NC(=O)c3cc(C4CC4)nc4c3c(C)nn4C(C)(C)C)ccc2C1=O,Amidation,,
C179291,1,,,,Nc1ccc2c(c1)C(=O)NC2,CC(C)c1cc(C(=O)O)c2cnn(-c3ccccc3F)c2n1,CC(C)c1cc(C(=O)Nc2ccc3c(c2)C(=O)NC3)c2cnn(-c3ccccc3F)c2n1,Amidation,,
C179299,1,,,,CCCCN1Cc2ccc(N)cc2C1,CCCCn1nc(C)c2c(C(=O)O)c(Cl)c(C)nc21,CCCCN1Cc2ccc(NC(=O)c3c(Cl)c(C)nc4c3c(C)nn4CCCC)cc2C1,Amidation,,
C187925,1,,,,CC(C)CCN1Cc2ccc(N)cc2C1,Cc1nn(C(C)(C)C)c2nc(C3CC3)cc(C(=O)O)c12,Cc1nn(C(C)(C)C)c2nc(C3CC3)cc(C(=O)Nc3ccc4c(c3)CN(CCC(C)C)C4)c12,Amidation,,
C179301,1,,,,Nc1ccc2c(c1)CN(CC(F)F)C2,O=C(O)c1cc(C2CC2)nc2c1cnn2CC(F)F,O=C(Nc1ccc2c(c1)CN(CC(F)F)C2)c1cc(C2CC2)nc2c1cnn2CC(F)F,Amidation,,
C179302,1,,,,CC(C)N1Cc2ccc(N)cc2C1=O,O=C(O)c1cc(C2CC2)nc2c1cnn2CC(F)F,CC(C)N1Cc2ccc(NC(=O)c3cc(C4CC4)nc4c3cnn4CC(F)F)cc2C1=O,Amidation,,
C179303,1,,,,Nc1ccc2c(c1)C(=O)NC2,O=C(O)c1cc(C2CC2)nc2c1cnn2Cc1ccncc1,O=C1NCc2ccc(NC(=O)c3cc(C4CC4)nc4c3cnn4Cc3ccncc3)cc21,Amidation,,
C179304,1,,,,Nc1ccc2c(c1)CNC2=O,O=C(O)c1cc(C2CC2)nc2c1cnn2Cc1ccncc1,O=C1NCc2cc(NC(=O)c3cc(C4CC4)nc4c3cnn4Cc3ccncc3)ccc21,Amidation,,
C179305,1,,,,CN1Cc2ccc(N)cc2C1,O=C(O)c1cc(C2CC2)nc2c1cnn2Cc1ccncc1,CN1Cc2ccc(NC(=O)c3cc(C4CC4)nc4c3cnn4Cc3ccncc3)cc2C1,Amidation,,
C179306,1,,,,Nc1ccc2c(c1)CN(CC(F)F)C2,Cc1cc(C(=O)O)c2cnn(Cc3cccs3)c2n1,Cc1cc(C(=O)Nc2ccc3c(c2)CN(CC(F)F)C3)c2cnn(Cc3cccs3)c2n1,Amidation,,
C187927,1,,,,COCN1C(=O)c2ccc(N)cc2C1=O,Cc1nn(C(C)(C)C)c2nc(C3CC3)cc(C(=O)O)c12,COCN1C(=O)c2ccc(NC(=O)c3cc(C4CC4)nc4c3c(C)nn4C(C)(C)C)cc2C1=O,Amidation,,
C179308,1,,,,COCCN1Cc2cc(N)ccc2C1=O,Cc1cc(C(=O)O)c2cnn(C3CCCC3)c2n1,COCCN1Cc2cc(NC(=O)c3cc(C)nc4c3cnn4C3CCCC3)ccc2C1=O,Amidation,,
C179309,1,,,,COCCN1Cc2cc(N)ccc2C1=O,CCCn1ncc2c(C(=O)O)cc(C3CC3)nc21,CCCn1ncc2c(C(=O)Nc3ccc4c(c3)CN(CCOC)C4=O)cc(C3CC3)nc21,Amidation,,
C179310,1,,,,Nc1ccc2c(c1)CN(CC(F)(F)F)C2,CCCn1ncc2c(C(=O)O)cc(C3CC3)nc21,CCCn1ncc2c(C(=O)Nc3ccc4c(c3)CN(CC(F)(F)F)C4)cc(C3CC3)nc21,Amidation,,
C179311,1,,,,COCCCN1Cc2ccc(N)cc2C1,CCCn1ncc2c(C(=O)O)cc(C3CC3)nc21,CCCn1ncc2c(C(=O)Nc3ccc4c(c3)CN(CCCOC)C4)cc(C3CC3)nc21,Amidation,,
C187931,1,,,,Nc1ccc2c(c1)CN(CC(F)(F)F)C2,Cc1nn(C(C)(C)C)c2nc(C3CC3)cc(C(=O)O)c12,Cc1nn(C(C)(C)C)c2nc(C3CC3)cc(C(=O)Nc3ccc4c(c3)CN(CC(F)(F)F)C4)c12,Amidation,,
C179313,1,,,,CCCCN1Cc2cc(N)ccc2C1=O,Cc1cc(C(=O)O)c2c(C)nn(CC(F)F)c2n1,CCCCN1Cc2cc(NC(=O)c3cc(C)nc4c3c(C)nn4CC(F)F)ccc2C1=O,Amidation,,
C187932,1,,,,CC(C)CCN1Cc2ccc(N)cc2C1,Cc1nn(CC(F)F)c2nc(C3CC3)cc(C(=O)O)c12,Cc1nn(CC(F)F)c2nc(C3CC3)cc(C(=O)Nc3ccc4c(c3)CN(CCC(C)C)C4)c12,Amidation,,
C187933,1,,,,CCCCN1Cc2cc(N)ccc2C1=O,Cc1nn(CC(F)F)c2nc(C3CC3)cc(C(=O)O)c12,CCCCN1Cc2cc(NC(=O)c3cc(C4CC4)nc4c3c(C)nn4CC(F)F)ccc2C1=O,Amidation,,
C187934,1,,,,CC(C)CCN1Cc2ccc(N)cc2C1,O=C(O)c1cc(C2CC2)nc2c1cnn2C1CCCC1,CC(C)CCN1Cc2ccc(NC(=O)c3cc(C4CC4)nc4c3cnn4C3CCCC3)cc2C1,Amidation,,
C179317,1,,,,CCCN1Cc2ccc(N)cc2C1,Cc1nn(CC(F)F)c2nc(C3CC3)cc(C(=O)O)c12,CCCN1Cc2ccc(NC(=O)c3cc(C4CC4)nc4c3c(C)nn4CC(F)F)cc2C1,Amidation,,
C179318,1,,,,CCN1Cc2ccc(N)cc2C1=O,Cc1nn(CC(F)F)c2nc(C3CC3)cc(C(=O)O)c12,CCN1Cc2ccc(NC(=O)c3cc(C4CC4)nc4c3c(C)nn4CC(F)F)cc2C1=O,Amidation,,
C179319,1,,,,CN1Cc2cc(N)ccc2C1(C)C,Cc1nn(CC(F)F)c2nc(C3CC3)cc(C(=O)O)c12,Cc1nn(CC(F)F)c2nc(C3CC3)cc(C(=O)Nc3ccc4c(c3)CN(C)C4(C)C)c12,Amidation,,
C187943,1,,,,COCCCN1Cc2ccc(N)cc2C1,Cc1nn(C(C)(C)C)c2nc(C3CC3)cc(C(=O)O)c12,COCCCN1Cc2ccc(NC(=O)c3cc(C4CC4)nc4c3c(C)nn4C(C)(C)C)cc2C1,Amidation,,
C187946,1,,,,Nc1ccc2c(c1)C(=O)N(CC1CC1)C2=O,Cc1nn(CCO)c2nc(C3CC3)cc(C(=O)O)c12,Cc1nn(CCO)c2nc(C3CC3)cc(C(=O)Nc3ccc4c(c3)C(=O)N(CC3CC3)C4=O)c12,Amidation,,
C187948,1,,,,Nc1ccc2c(c1)CN(C1CC(=O)NC1=O)C2=O,Cc1nn(C)c2nc(C3CC3)cc(C(=O)O)c12,Cc1nn(C)c2nc(C3CC3)cc(C(=O)Nc3ccc4c(c3)CN(C3CC(=O)NC3=O)C4=O)c12,Amidation,,
C179323,1,,,,CC(C)CCN1Cc2ccc(N)cc2C1,CCCn1ncc2c(C(=O)O)cc(C3CC3)nc21,CCCn1ncc2c(C(=O)Nc3ccc4c(c3)CN(CCC(C)C)C4)cc(C3CC3)nc21,Amidation,,
C187951,1,,,,Nc1ccc2c(c1)CN(c1ccccc1)C2,CCC(C)n1ncc2c(C(=O)O)cc(C3CC3)nc21,CCC(C)n1ncc2c(C(=O)Nc3ccc4c(c3)CN(c3ccccc3)C4)cc(C3CC3)nc21,Amidation,,
C179328,1,,,,COCN1C(=O)c2ccc(N)cc2C1=O,Cc1cc(C(=O)O)c2c(C)nn(C(C)(C)C)c2n1,COCN1C(=O)c2ccc(NC(=O)c3cc(C)nc4c3c(C)nn4C(C)(C)C)cc2C1=O,Amidation,,
C187955,1,,,,CC(C)(O)CCN1Cc2ccc(N)cc2C1=O,Cc1nn(C)c2nc(C3CC3)c(Cl)c(C(=O)O)c12,Cc1nn(C)c2nc(C3CC3)c(Cl)c(C(=O)Nc3ccc4c(c3)C(=O)N(CCC(C)(C)O)C4)c12,Amidation,,
C179331,1,,,,Nc1ccc2c(c1)CN(CC(F)(F)F)C2,Cc1cc(C(=O)O)c2c(C)nn(C(C)(C)C)c2n1,Cc1cc(C(=O)Nc2ccc3c(c2)CN(CC(F)(F)F)C3)c2c(C)nn(C(C)(C)C)c2n1,Amidation,,
C179332,1,,,,COCCCN1Cc2ccc(N)cc2C1,Cc1cc(C(=O)O)c2c(C)nn(C(C)(C)C)c2n1,COCCCN1Cc2ccc(NC(=O)c3cc(C)nc4c3c(C)nn4C(C)(C)C)cc2C1,Amidation,,
C179333,1,,,,COCCN1Cc2cc(N)ccc2C1=O,Cc1cc(C(=O)O)c2c(C)nn(C(C)(C)C)c2n1,COCCN1Cc2cc(NC(=O)c3cc(C)nc4c3c(C)nn4C(C)(C)C)ccc2C1=O,Amidation,,
C187958,1,,,,CC(C)(O)CCN1Cc2ccc(N)cc2C1=O,CCCn1ncc2c(C(=O)O)cc(C3CC3)nc21,CCCn1ncc2c(C(=O)Nc3ccc4c(c3)C(=O)N(CCC(C)(C)O)C4)cc(C3CC3)nc21,Amidation,,
C187961,1,,,,CC(C)(O)CCN1Cc2ccc(N)cc2C1=O,CC(C)n1ncc2c(C(=O)O)cc(C3CC3)nc21,CC(C)n1ncc2c(C(=O)Nc3ccc4c(c3)C(=O)N(CCC(C)(C)O)C4)cc(C3CC3)nc21,Amidation,,
C179337,1,,,,COCCCN1Cc2ccc(N)cc2C1,Cc1cc(C(=O)O)c2c(C)nn(CC(F)F)c2n1,COCCCN1Cc2ccc(NC(=O)c3cc(C)nc4c3c(C)nn4CC(F)F)cc2C1,Amidation,,
C187964,1,,,,Nc1ccc2c(c1)CN(c1ccccc1)C2,Cc1nn(CCO)c2nc(C3CC3)cc(C(=O)O)c12,Cc1nn(CCO)c2nc(C3CC3)cc(C(=O)Nc3ccc4c(c3)CN(c3ccccc3)C4)c12,Amidation,,
C187965,1,,,,CCOCCCN1Cc2ccc(N)cc2C1,Cc1nn(CCO)c2nc(C3CC3)cc(C(=O)O)c12,CCOCCCN1Cc2ccc(NC(=O)c3cc(C4CC4)nc4c3c(C)nn4CCO)cc2C1,Amidation,,
C179344,1,,,,Nc1ccc2c(c1)CN(c1ccccc1)C2,Cc1nn(C)c2nc(C3CC3)cc(C(=O)O)c12,Cc1nn(C)c2nc(C3CC3)cc(C(=O)Nc3ccc4c(c3)CN(c3ccccc3)C4)c12,Amidation,,
C179347,1,,,,CN1C(=O)c2ccc(N)cc2C1=O,CC(C1CC1)n1ncc2c(C(=O)O)cc(C3CC3)nc21,CC(C1CC1)n1ncc2c(C(=O)Nc3ccc4c(c3)C(=O)N(C)C4=O)cc(C3CC3)nc21,Amidation,,
C187973,1,,,,CCOCCCN1Cc2ccc(N)cc2C1,O=C(O)c1cc(C2CC2)nc2c1cnn2CC(F)F,CCOCCCN1Cc2ccc(NC(=O)c3cc(C4CC4)nc4c3cnn4CC(F)F)cc2C1,Amidation,,
C187975,1,,,,Nc1ccc2c(c1)CN(c1ccccc1)C2,O=C(O)c1cc(C2CC2)nc2c1cnn2CC(F)F,O=C(Nc1ccc2c(c1)CN(c1ccccc1)C2)c1cc(C2CC2)nc2c1cnn2CC(F)F,Amidation,,
C179350,1,,,,CCN1Cc2ccc(N)cc2C1=O,CC(C1CC1)n1ncc2c(C(=O)O)cc(C3CC3)nc21,CCN1Cc2ccc(NC(=O)c3cc(C4CC4)nc4c3cnn4C(C)C3CC3)cc2C1=O,Amidation,,
C179351,1,,,,CN1Cc2cc(N)ccc2C1(C)C,CC(C1CC1)n1ncc2c(C(=O)O)cc(C3CC3)nc21,CC(C1CC1)n1ncc2c(C(=O)Nc3ccc4c(c3)CN(C)C4(C)C)cc(C3CC3)nc21,Amidation,,
C179352,1,,,,CCCCN1Cc2cc(N)ccc2C1=O,Cc1cc(C(=O)O)c2c(C)nn(C(C)(C)C)c2n1,CCCCN1Cc2cc(NC(=O)c3cc(C)nc4c3c(C)nn4C(C)(C)C)ccc2C1=O,Amidation,,
C187976,1,,,,Nc1ccc2c(c1)C(=O)N(CC1CC1)C2=O,O=C(O)c1cc(C2CC2)nc2c1cnn2CC(F)F,O=C(Nc1ccc2c(c1)C(=O)N(CC1CC1)C2=O)c1cc(C2CC2)nc2c1cnn2CC(F)F,Amidation,,
C187981,1,,,,Nc1ccc2c(c1)CN(c1ccccc1)C2,Cn1nc(C2CC2)c2c(C(=O)O)cc(C3CC3)nc21,Cn1nc(C2CC2)c2c(C(=O)Nc3ccc4c(c3)CN(c3ccccc3)C4)cc(C3CC3)nc21,Amidation,,
C179356,1,,,,CCN1Cc2cc(N)ccc2C1=O,CC(C1CC1)n1ncc2c(C(=O)O)cc(C3CC3)nc21,CCN1Cc2cc(NC(=O)c3cc(C4CC4)nc4c3cnn4C(C)C3CC3)ccc2C1=O,Amidation,,
C187983,1,,,,Nc1ccc2c(c1)C(=O)N(CC1CC1)C2=O,Cn1nc(C2CC2)c2c(C(=O)O)cc(C3CC3)nc21,Cn1nc(C2CC2)c2c(C(=O)Nc3ccc4c(c3)C(=O)N(CC3CC3)C4=O)cc(C3CC3)nc21,Amidation,,
C187985,1,,,,CCCCN1Cc2cc(N)ccc2C1=O,O=C(O)c1cc(C2CC2)nc2c1cnn2C1CCCC1,CCCCN1Cc2cc(NC(=O)c3cc(C4CC4)nc4c3cnn4C3CCCC3)ccc2C1=O,Amidation,,
C179363,1,,,,CCN1Cc2cc(N)ccc2C1=O,Cc1nn(CC(F)F)c2nc(C3CC3)cc(C(=O)O)c12,CCN1Cc2cc(NC(=O)c3cc(C4CC4)nc4c3c(C)nn4CC(F)F)ccc2C1=O,Amidation,,
C187989,1,,,,CN1Cc2cc(N)ccc2C1(C)C,O=C(O)c1cc(C2CC2)nc2c1cnn2Cc1ccncc1,CN1Cc2cc(NC(=O)c3cc(C4CC4)nc4c3cnn4Cc3ccncc3)ccc2C1(C)C,Amidation,,
C187990,1,,,,Nc1ccc2c(c1)C(=O)NC2,COc1ccc(-n2nc(C)c3c(C(=O)O)cc(C4CC4)nc32)cc1,COc1ccc(-n2nc(C)c3c(C(=O)Nc4ccc5c(c4)C(=O)NC5)cc(C4CC4)nc32)cc1,Amidation,,
C187994,1,,,,Nc1ccc2c(c1)CNC2=O,COc1ccc(-n2nc(C)c3c(C(=O)O)cc(C4CC4)nc32)cc1,COc1ccc(-n2nc(C)c3c(C(=O)Nc4ccc5c(c4)CNC5=O)cc(C4CC4)nc32)cc1,Amidation,,
C179369,1,,,,Nc1ccc2c(c1)C(=O)N(CC1CC1)C2=O,Cc1nn(C)c2nc(C3CC3)cc(C(=O)O)c12,Cc1nn(C)c2nc(C3CC3)cc(C(=O)Nc3ccc4c(c3)C(=O)N(CC3CC3)C4=O)c12,Amidation,,
C187995,1,,,,CN1Cc2ccc(N)cc2C1,COc1ccc(-n2nc(C)c3c(C(=O)O)cc(C4CC4)nc32)cc1,COc1ccc(-n2nc(C)c3c(C(=O)Nc4ccc5c(c4)CN(C)C5)cc(C4CC4)nc32)cc1,Amidation,,
C187996,1,,,,CCN1Cc2cc(N)ccc2C1=O,O=C(O)c1cc(C2CC2)nc2c1cnn2Cc1ccncc1,CCN1Cc2cc(NC(=O)c3cc(C4CC4)nc4c3cnn4Cc3ccncc3)ccc2C1=O,Amidation,,
C179373,1,,,,CC(C)CCN1Cc2ccc(N)cc2C1,Cc1nn(C)c2nc(C3CC3)c(Cl)c(C(=O)O)c12,Cc1nn(C)c2nc(C3CC3)c(Cl)c(C(=O)Nc3ccc4c(c3)CN(CCC(C)C)C4)c12,Amidation,,
C188000,1,,,,CN1C(=O)c2ccc(N)cc2C1=O,O=C(O)c1cc(C2CC2)nc2c1cnn2Cc1ccncc1,CN1C(=O)c2ccc(NC(=O)c3cc(C4CC4)nc4c3cnn4Cc3ccncc3)cc2C1=O,Amidation,,
C179375,1,,,,COCN1C(=O)c2ccc(N)cc2C1=O,Cc1nn(C)c2nc(C3CC3)c(Cl)c(C(=O)O)c12,COCN1C(=O)c2ccc(NC(=O)c3c(Cl)c(C4CC4)nc4c3c(C)nn4C)cc2C1=O,Amidation,,
C188002,1,,,,CCCN1Cc2ccc(N)cc2C1,O=C(O)c1cc(C2CC2)nc2c1cnn2Cc1ccncc1,CCCN1Cc2ccc(NC(=O)c3cc(C4CC4)nc4c3cnn4Cc3ccncc3)cc2C1,Amidation,,
C179377,1,,,,COCCN1Cc2cc(N)ccc2C1=O,Cc1nn(C)c2nc(C3CC3)c(Cl)c(C(=O)O)c12,COCCN1Cc2cc(NC(=O)c3c(Cl)c(C4CC4)nc4c3c(C)nn4C)ccc2C1=O,Amidation,,
C179378,1,,,,COCCCN1Cc2ccc(N)cc2C1,Cc1nn(C)c2nc(C3CC3)c(Cl)c(C(=O)O)c12,COCCCN1Cc2ccc(NC(=O)c3c(Cl)c(C4CC4)nc4c3c(C)nn4C)cc2C1,Amidation,,
C188004,1,,,,CC(C)N1Cc2ccc(N)cc2C1=O,O=C(O)c1cc(C2CC2)nc2c1cnn2Cc1ccsc1,CC(C)N1Cc2ccc(NC(=O)c3cc(C4CC4)nc4c3cnn4Cc3ccsc3)cc2C1=O,Amidation,,
C188005,1,,,,Nc1ccc2c(c1)CN(CC(F)F)C2,O=C(O)c1cc(C2CC2)nc2c1cnn2Cc1ccsc1,O=C(Nc1ccc2c(c1)CN(CC(F)F)C2)c1cc(C2CC2)nc2c1cnn2Cc1ccsc1,Amidation,,
C179381,1,,,,CN1Cc2cc(N)ccc2C1=O,CCc1cc(C(=O)O)c2c(C)nn(-c3ccccc3)c2n1,CCc1cc(C(=O)Nc2ccc3c(c2)CN(C)C3=O)c2c(C)nn(-c3ccccc3)c2n1,Amidation,,
C179382,1,,,,CCCCN1Cc2cc(N)ccc2C1=O,CC(C)n1ncc2c(C(=O)O)cc(C3CC3)nc21,CCCCN1Cc2cc(NC(=O)c3cc(C4CC4)nc4c3cnn4C(C)C)ccc2C1=O,Amidation,,
C179383,1,,,,Nc1ccc2c(c1)CN(CC(F)(F)F)C2,Cc1nn(C)c2nc(C3CC3)c(Cl)c(C(=O)O)c12,Cc1nn(C)c2nc(C3CC3)c(Cl)c(C(=O)Nc3ccc4c(c3)CN(CC(F)(F)F)C4)c12,Amidation,,
C188007,1,,,,Nc1ccc2c(c1)CN(CC(F)F)C2,O=C(O)c1cc(C2CC2)nc2c1cnn2C1CCCCC1,O=C(Nc1ccc2c(c1)CN(CC(F)F)C2)c1cc(C2CC2)nc2c1cnn2C1CCCCC1,Amidation,,
C188009,1,,,,CCCCN1Cc2ccc(N)cc2C1,O=C(O)c1cc(C2CC2)nc2c1cnn2C1CCCCC1,CCCCN1Cc2ccc(NC(=O)c3cc(C4CC4)nc4c3cnn4C3CCCCC3)cc2C1,Amidation,,
C179386,1,,,,CC(C)CCN1Cc2ccc(N)cc2C1,Cc1cc(C(=O)O)c2c(C)nn(C(C)(C)C)c2n1,Cc1cc(C(=O)Nc2ccc3c(c2)CN(CCC(C)C)C3)c2c(C)nn(C(C)(C)C)c2n1,Amidation,,
C179389,1,,,,CCCCN1Cc2cc(N)ccc2C1=O,Cc1nn(C)c2nc(C3CC3)c(Cl)c(C(=O)O)c12,CCCCN1Cc2cc(NC(=O)c3c(Cl)c(C4CC4)nc4c3c(C)nn4C)ccc2C1=O,Amidation,,
C179393,1,,,,CCN1Cc2cc(N)ccc2C1=O,Cc1nn(C(C)(C)C)c2nc(C(C)C)cc(C(=O)O)c12,CCN1Cc2cc(NC(=O)c3cc(C(C)C)nc4c3c(C)nn4C(C)(C)C)ccc2C1=O,Amidation,,
C179394,1,,,,CCCN1Cc2ccc(N)cc2C1,Cc1nn(C(C)(C)C)c2nc(C(C)C)cc(C(=O)O)c12,CCCN1Cc2ccc(NC(=O)c3cc(C(C)C)nc4c3c(C)nn4C(C)(C)C)cc2C1,Amidation,,
C188021,1,,,,CCCCN1Cc2ccc(N)cc2C1,O=C(O)c1cc(C2CC2)nc2c1cnn2Cc1ccsc1,CCCCN1Cc2ccc(NC(=O)c3cc(C4CC4)nc4c3cnn4Cc3ccsc3)cc2C1,Amidation,,
C179396,1,,,,CN1Cc2cc(N)ccc2C1(C)C,Cc1nn(C(C)(C)C)c2nc(C(C)C)cc(C(=O)O)c12,Cc1nn(C(C)(C)C)c2nc(C(C)C)cc(C(=O)Nc3ccc4c(c3)CN(C)C4(C)C)c12,Amidation,,
C188024,1,,,,CC(C)N1Cc2ccc(N)cc2C1=O,O=C(O)c1cc(C2CC2)nc2c1cnn2C1CCCCC1,CC(C)N1Cc2ccc(NC(=O)c3cc(C4CC4)nc4c3cnn4C3CCCCC3)cc2C1=O,Amidation,,
C179401,1,,,,CN1C(=O)c2ccc(N)cc2C1=O,Cc1nn(C(C)(C)C)c2nc(C3CC3)cc(C(=O)O)c12,Cc1nn(C(C)(C)C)c2nc(C3CC3)cc(C(=O)Nc3ccc4c(c3)C(=O)N(C)C4=O)c12,Amidation,,
C179402,1,,,,CC(=O)N1Cc2ccc(N)cc2C1,Cc1nn(C(C)(C)C)c2nc(C3CC3)cc(C(=O)O)c12,CC(=O)N1Cc2ccc(NC(=O)c3cc(C4CC4)nc4c3c(C)nn4C(C)(C)C)cc2C1,Amidation,,
C179403,1,,,,CCCN1Cc2ccc(N)cc2C1,Cc1nn(C(C)(C)C)c2nc(C3CC3)cc(C(=O)O)c12,CCCN1Cc2ccc(NC(=O)c3cc(C4CC4)nc4c3c(C)nn4C(C)(C)C)cc2C1,Amidation,,
C179404,1,,,,CCOCCCN1Cc2ccc(N)cc2C1,CCC(C)n1ncc2c(C(=O)O)cc(C)nc21,CCOCCCN1Cc2ccc(NC(=O)c3cc(C)nc4c3cnn4C(C)CC)cc2C1,Amidation,,
C179405,1,,,,COCCCN1Cc2ccc(N)cc2C1,CC(C)n1ncc2c(C(=O)O)cc(C3CC3)nc21,COCCCN1Cc2ccc(NC(=O)c3cc(C4CC4)nc4c3cnn4C(C)C)cc2C1,Amidation,,
C188027,1,,,,Nc1ccc2c(c1)CNC2=O,CC(C)NC(=O)Cn1nc(C2CC2)c2c(C(=O)O)cc(C3CC3)nc21,CC(C)NC(=O)Cn1nc(C2CC2)c2c(C(=O)Nc3ccc4c(c3)CNC4=O)cc(C3CC3)nc21,Amidation,,
C179407,1,,,,CN1Cc2ccc(N)cc2C1=O,CCc1cc(C(=O)O)c2c(C)nn(-c3ccccc3)c2n1,CCc1cc(C(=O)Nc2ccc3c(c2)C(=O)N(C)C3)c2c(C)nn(-c3ccccc3)c2n1,Amidation,,
C179408,1,,,,CCN1Cc2ccc(N)cc2C1,CCc1cc(C(=O)O)c2c(C)nn(-c3ccccc3)c2n1,CCc1cc(C(=O)Nc2ccc3c(c2)CN(CC)C3)c2c(C)nn(-c3ccccc3)c2n1,Amidation,,
C188028,1,,,,CN1Cc2ccc(N)cc2C1,CC(C)NC(=O)Cn1nc(C2CC2)c2c(C(=O)O)cc(C3CC3)nc21,CC(C)NC(=O)Cn1nc(C2CC2)c2c(C(=O)Nc3ccc4c(c3)CN(C)C4)cc(C3CC3)nc21,Amidation,,
C188030,1,,,,CN1Cc2cc(N)ccc2C1=O,CCNC(=O)Cn1nc(C2CC2)c2c(C(=O)O)cc(C3CC3)nc21,CCNC(=O)Cn1nc(C2CC2)c2c(C(=O)Nc3ccc4c(c3)CN(C)C4=O)cc(C3CC3)nc21,Amidation,,
C188031,1,,,,CN1Cc2cc(N)ccc2C1=O,Cc1nn(-c2ccccc2F)c2nc(C3CC3)c(Cl)c(C(=O)O)c12,Cc1nn(-c2ccccc2F)c2nc(C3CC3)c(Cl)c(C(=O)Nc3ccc4c(c3)CN(C)C4=O)c12,Amidation,,
C188035,1,,,,Nc1ccc2c(c1)C(=O)NC2=O,Cc1nn(-c2ccccc2F)c2nc(C3CC3)c(Cl)c(C(=O)O)c12,Cc1nn(-c2ccccc2F)c2nc(C3CC3)c(Cl)c(C(=O)Nc3ccc4c(c3)C(=O)NC4=O)c12,Amidation,,
C179413,1,,,,CCCCN1Cc2cc(N)ccc2C1=O,CCCn1ncc2c(C(=O)O)cc(C3CC3)nc21,CCCCN1Cc2cc(NC(=O)c3cc(C4CC4)nc4c3cnn4CCC)ccc2C1=O,Amidation,,
C188039,1,,,,CN1Cc2ccc(N)cc2C1,Cc1nn(CC(=O)NC2CCCC2)c2nc(C3CC3)cc(C(=O)O)c12,Cc1nn(CC(=O)NC2CCCC2)c2nc(C3CC3)cc(C(=O)Nc3ccc4c(c3)CN(C)C4)c12,Amidation,,
C188040,1,,,,Nc1ccc2c(c1)CNC2=O,Cc1nn(CC(=O)NC2CCCC2)c2nc(C3CC3)cc(C(=O)O)c12,Cc1nn(CC(=O)NC2CCCC2)c2nc(C3CC3)cc(C(=O)Nc3ccc4c(c3)CNC4=O)c12,Amidation,,
C188041,1,,,,Nc1ccc2c(c1)C(=O)NC2,Cc1nn(CC(=O)NC2CCCC2)c2nc(C3CC3)cc(C(=O)O)c12,Cc1nn(CC(=O)NC2CCCC2)c2nc(C3CC3)cc(C(=O)Nc3ccc4c(c3)C(=O)NC4)c12,Amidation,,
C188042,1,,,,CCN1Cc2ccc(N)cc2C1,CCNC(=O)Cn1nc(C2CC2)c2c(C(=O)O)cc(C3CC3)nc21,CCNC(=O)Cn1nc(C2CC2)c2c(C(=O)Nc3ccc4c(c3)CN(CC)C4)cc(C3CC3)nc21,Amidation,,
C188043,1,,,,CN1Cc2ccc(N)cc2C1=O,CCNC(=O)Cn1nc(C2CC2)c2c(C(=O)O)cc(C3CC3)nc21,CCNC(=O)Cn1nc(C2CC2)c2c(C(=O)Nc3ccc4c(c3)C(=O)N(C)C4)cc(C3CC3)nc21,Amidation,,
C179419,1,,,,COCCN1Cc2cc(N)ccc2C1=O,CC(C)n1ncc2c(C(=O)O)cc(C3CC3)nc21,COCCN1Cc2cc(NC(=O)c3cc(C4CC4)nc4c3cnn4C(C)C)ccc2C1=O,Amidation,,
C188047,1,,,,Nc1cc2c(cc1F)CNC2=O,CCNC(=O)Cn1nc(C2CC2)c2c(C(=O)O)cc(C3CC3)nc21,CCNC(=O)Cn1nc(C2CC2)c2c(C(=O)Nc3cc4c(cc3F)CNC4=O)cc(C3CC3)nc21,Amidation,,
C188048,1,,,,Nc1ccc2c(c1)C(=O)NC2=O,CCNC(=O)Cn1nc(C2CC2)c2c(C(=O)O)cc(C3CC3)nc21,CCNC(=O)Cn1nc(C2CC2)c2c(C(=O)Nc3ccc4c(c3)C(=O)NC4=O)cc(C3CC3)nc21,Amidation,,
C188049,1,,,,Nc1ccc2c(c1)C(=O)NC2,CC(C)NC(=O)Cn1nc(C2CC2)c2c(C(=O)O)cc(C3CC3)nc21,CC(C)NC(=O)Cn1nc(C2CC2)c2c(C(=O)Nc3ccc4c(c3)C(=O)NC4)cc(C3CC3)nc21,Amidation,,
C179425,1,,,,CN1Cc2cc(N)ccc2C1(C)C,Cc1nn(C(C)(C)C)c2nc(C3CC3)cc(C(=O)O)c12,Cc1nn(C(C)(C)C)c2nc(C3CC3)cc(C(=O)Nc3ccc4c(c3)CN(C)C4(C)C)c12,Amidation,,
C188051,1,,,,CN1Cc2ccc(N)cc2C1=O,Cc1cc(C)nc(-n2nc(C)c3c(C(=O)O)cc(C4CC4)nc32)n1,Cc1cc(C)nc(-n2nc(C)c3c(C(=O)Nc4ccc5c(c4)C(=O)N(C)C5)cc(C4CC4)nc32)n1,Amidation,,
C188053,1,,,,Nc1ccc2c(c1)C(=O)NC2=O,O=C(O)c1cc(C2CC2)nc2c1c(C1CC1)nn2-c1ccccc1,O=C1NC(=O)c2cc(NC(=O)c3cc(C4CC4)nc4c3c(C3CC3)nn4-c3ccccc3)ccc21,Amidation,,
C179428,1,,,,CCN1Cc2cc(N)ccc2C1=O,Cc1nn(C(C)(C)C)c2nc(C3CC3)cc(C(=O)O)c12,CCN1Cc2cc(NC(=O)c3cc(C4CC4)nc4c3c(C)nn4C(C)(C)C)ccc2C1=O,Amidation,,
C188054,1,,,,CN1Cc2cc(N)ccc2C1=O,O=C(O)c1cc(C2CC2)nc2c1c(C1CC1)nn2-c1ccccc1,CN1Cc2cc(NC(=O)c3cc(C4CC4)nc4c3c(C3CC3)nn4-c3ccccc3)ccc2C1=O,Amidation,,
C179430,1,,,,Nc1cc2c(cc1F)CNC2=O,CCc1cc(C(=O)O)c2c(C)nn(-c3ccccc3)c2n1,CCc1cc(C(=O)Nc2cc3c(cc2F)CNC3=O)c2c(C)nn(-c3ccccc3)c2n1,Amidation,,
C188055,1,,,,Nc1cc2c(cc1F)CNC2=O,O=C(O)c1cc(C2CC2)nc2c1c(C1CC1)nn2-c1ccccc1,O=C1NCc2cc(F)c(NC(=O)c3cc(C4CC4)nc4c3c(C3CC3)nn4-c3ccccc3)cc21,Amidation,,
C188056,1,,,,Nc1cc2c(cc1F)CNC2=O,Cc1nn(-c2ccccc2F)c2nc(C3CC3)c(Cl)c(C(=O)O)c12,Cc1nn(-c2ccccc2F)c2nc(C3CC3)c(Cl)c(C(=O)Nc3cc4c(cc3F)CNC4=O)c12,Amidation,,
C188057,1,,,,CCN1Cc2ccc(N)cc2C1,COc1ccc(-n2nc(C)c3c(C(=O)O)cc(C4CC4)nc32)cc1,CCN1Cc2ccc(NC(=O)c3cc(C4CC4)nc4c3c(C)nn4-c3ccc(OC)cc3)cc2C1,Amidation,,
C188058,1,,,,CN1Cc2ccc(N)cc2C1=O,COc1ccc(-n2nc(C)c3c(C(=O)O)cc(C4CC4)nc32)cc1,COc1ccc(-n2nc(C)c3c(C(=O)Nc4ccc5c(c4)C(=O)N(C)C5)cc(C4CC4)nc32)cc1,Amidation,,
C188059,1,,,,CNc1ccc2c(c1)CN(C)C2,COc1ccc(-n2nc(C)c3c(C(=O)O)cc(C4CC4)nc32)cc1,COc1ccc(-n2nc(C)c3c(C(=O)N(C)c4ccc5c(c4)CN(C)C5)cc(C4CC4)nc32)cc1,Amidation,,
C179438,1,,,,Nc1ccc2c(c1)C(=O)NC2=O,Cc1cc(C(=O)O)c2c(C)nn(Cc3ccccc3Cl)c2n1,Cc1cc(C(=O)Nc2ccc3c(c2)C(=O)NC3=O)c2c(C)nn(Cc3ccccc3Cl)c2n1,Amidation,,
C179439,1,,,,CN1Cc2cc(N)ccc2C1=O,Cc1cc(C(=O)O)c2c(C)nn(Cc3ccccc3Cl)c2n1,Cc1cc(C(=O)Nc2ccc3c(c2)CN(C)C3=O)c2c(C)nn(Cc3ccccc3Cl)c2n1,Amidation,,
C179440,1,,,,Nc1cc2c(cc1F)CNC2=O,Cc1cc(C(=O)O)c2c(C)nn(Cc3ccccc3Cl)c2n1,Cc1cc(C(=O)Nc2cc3c(cc2F)CNC3=O)c2c(C)nn(Cc3ccccc3Cl)c2n1,Amidation,,
C188064,1,,,,Nc1cc2c(cc1F)CNC2=O,COc1ccc(-n2nc(C)c3c(C(=O)O)cc(C4CC4)nc32)cc1,COc1ccc(-n2nc(C)c3c(C(=O)Nc4cc5c(cc4F)CNC5=O)cc(C4CC4)nc32)cc1,Amidation,,
C179444,1,,,,CN1Cc2ccc(N)cc2C1=O,Cc1cc(C(=O)O)c2c(C)nn(Cc3ccccc3Cl)c2n1,Cc1cc(C(=O)Nc2ccc3c(c2)C(=O)N(C)C3)c2c(C)nn(Cc3ccccc3Cl)c2n1,Amidation,,
C179445,1,,,,CCN1Cc2ccc(N)cc2C1,Cc1cc(C(=O)O)c2c(C)nn(Cc3ccccc3Cl)c2n1,CCN1Cc2ccc(NC(=O)c3cc(C)nc4c3c(C)nn4Cc3ccccc3Cl)cc2C1,Amidation,,
C188073,1,,,,Nc1ccc2c(c1)C(=O)NC2=O,COc1ccc(-n2nc(C)c3c(C(=O)O)cc(C4CC4)nc32)cc1,COc1ccc(-n2nc(C)c3c(C(=O)Nc4ccc5c(c4)C(=O)NC5=O)cc(C4CC4)nc32)cc1,Amidation,,
C188074,1,,,,CN1Cc2cc(N)ccc2C1=O,COc1ccc(-n2nc(C)c3c(C(=O)O)cc(C4CC4)nc32)cc1,COc1ccc(-n2nc(C)c3c(C(=O)Nc4ccc5c(c4)CN(C)C5=O)cc(C4CC4)nc32)cc1,Amidation,,
C179449,1,,,,CN1Cc2ccc(N)cc2C1=O,Cc1cc(C(=O)O)c2c(C3CC3)nn(-c3ccccc3)c2n1,Cc1cc(C(=O)Nc2ccc3c(c2)C(=O)N(C)C3)c2c(C3CC3)nn(-c3ccccc3)c2n1,Amidation,,
C188075,1,,,,CN1Cc2ccc(N)cc2C1=O,O=C(O)c1cc(C2CC2)nc2c1c(C1CC1)nn2-c1ccccc1,CN1Cc2ccc(NC(=O)c3cc(C4CC4)nc4c3c(C3CC3)nn4-c3ccccc3)cc2C1=O,Amidation,,
C188076,1,,,,CCN1Cc2ccc(N)cc2C1,O=C(O)c1cc(C2CC2)nc2c1c(C1CC1)nn2-c1ccccc1,CCN1Cc2ccc(NC(=O)c3cc(C4CC4)nc4c3c(C3CC3)nn4-c3ccccc3)cc2C1,Amidation,,
C179453,1,,,,Nc1cc2c(cc1F)CNC2=O,Cc1cc(C(=O)O)c2c(C3CC3)nn(-c3ccccc3)c2n1,Cc1cc(C(=O)Nc2cc3c(cc2F)CNC3=O)c2c(C3CC3)nn(-c3ccccc3)c2n1,Amidation,,
C179454,1,,,,CN1Cc2cc(N)ccc2C1=O,Cc1cc(C(=O)O)c2c(C3CC3)nn(-c3ccccc3)c2n1,Cc1cc(C(=O)Nc2ccc3c(c2)CN(C)C3=O)c2c(C3CC3)nn(-c3ccccc3)c2n1,Amidation,,
C179455,1,,,,Nc1ccc2c(c1)C(=O)NC2=O,Cc1cc(C(=O)O)c2c(C3CC3)nn(-c3ccccc3)c2n1,Cc1cc(C(=O)Nc2ccc3c(c2)C(=O)NC3=O)c2c(C3CC3)nn(-c3ccccc3)c2n1,Amidation,,
C188081,1,,,,Nc1ccc2c(c1)C(=O)NC2,CC(C)c1nn(-c2ccc(F)cc2)c2nc(C3CC3)cc(C(=O)O)c12,CC(C)c1nn(-c2ccc(F)cc2)c2nc(C3CC3)cc(C(=O)Nc3ccc4c(c3)C(=O)NC4)c12,Amidation,,
C179460,1,,,,Nc1ccc2c(c1)C(=O)NC2=O,CCc1cc(C(=O)O)c2c(C)nn(-c3ccccc3F)c2n1,CCc1cc(C(=O)Nc2ccc3c(c2)C(=O)NC3=O)c2c(C)nn(-c3ccccc3F)c2n1,Amidation,,
C179461,1,,,,CN1Cc2cc(N)ccc2C1=O,CCc1cc(C(=O)O)c2c(C)nn(-c3ccccc3F)c2n1,CCc1cc(C(=O)Nc2ccc3c(c2)CN(C)C3=O)c2c(C)nn(-c3ccccc3F)c2n1,Amidation,,
C188089,1,,,,CN1Cc2ccc(N)cc2C1,CC(C)c1nn(-c2ccc(F)cc2)c2nc(C3CC3)cc(C(=O)O)c12,CC(C)c1nn(-c2ccc(F)cc2)c2nc(C3CC3)cc(C(=O)Nc3ccc4c(c3)CN(C)C4)c12,Amidation,,
C179464,1,,,,CCN1Cc2ccc(N)cc2C1,CCc1cc(C(=O)O)c2c(C)nn(-c3ccccc3F)c2n1,CCc1cc(C(=O)Nc2ccc3c(c2)CN(CC)C3)c2c(C)nn(-c3ccccc3F)c2n1,Amidation,,
C188090,1,,,,CNc1ccc2c(c1)CN(C)C2,Cc1cc(C)nc(-n2nc(C)c3c(C(=O)O)cc(C4CC4)nc32)n1,Cc1cc(C)nc(-n2nc(C)c3c(C(=O)N(C)c4ccc5c(c4)CN(C)C5)cc(C4CC4)nc32)n1,Amidation,,
C188091,1,,,,Nc1ccc2c(c1)CNC2=O,CC(C)c1nn(-c2ccc(F)cc2)c2nc(C3CC3)cc(C(=O)O)c12,CC(C)c1nn(-c2ccc(F)cc2)c2nc(C3CC3)cc(C(=O)Nc3ccc4c(c3)CNC4=O)c12,Amidation,,
C179467,1,,,,Nc1cc2c(cc1F)CNC2=O,CCc1cc(C(=O)O)c2c(C)nn(-c3ccccc3F)c2n1,CCc1cc(C(=O)Nc2cc3c(cc2F)CNC3=O)c2c(C)nn(-c3ccccc3F)c2n1,Amidation,,
C188092,1,,,,CCN1Cc2ccc(N)cc2C1,Cc1cc(C)nc(-n2nc(C)c3c(C(=O)O)cc(C4CC4)nc32)n1,CCN1Cc2ccc(NC(=O)c3cc(C4CC4)nc4c3c(C)nn4-c3nc(C)cc(C)n3)cc2C1,Amidation,,
C179469,1,,,,CN1Cc2ccc(N)cc2C1=O,CCc1cc(C(=O)O)c2c(C)nn(-c3ccccc3F)c2n1,CCc1cc(C(=O)Nc2ccc3c(c2)C(=O)N(C)C3)c2c(C)nn(-c3ccccc3F)c2n1,Amidation,,
C188094,1,,,,CN1Cc2cc(N)ccc2C1=O,Cc1cc(C)nc(-n2nc(C)c3c(C(=O)O)cc(C4CC4)nc32)n1,Cc1cc(C)nc(-n2nc(C)c3c(C(=O)Nc4ccc5c(c4)CN(C)C5=O)cc(C4CC4)nc32)n1,Amidation,,
C179473,1,,,,CCN1Cc2ccc(N)cc2C1,Cc1cc(C(=O)O)c2c(C3CC3)nn(-c3ccccc3)c2n1,CCN1Cc2ccc(NC(=O)c3cc(C)nc4c3c(C3CC3)nn4-c3ccccc3)cc2C1,Amidation,,
C188099,1,,,,Nc1cc2c(cc1F)CNC2=O,Cc1cc(C)nc(-n2nc(C)c3c(C(=O)O)cc(C4CC4)nc32)n1,Cc1cc(C)nc(-n2nc(C)c3c(C(=O)Nc4cc5c(cc4F)CNC5=O)cc(C4CC4)nc32)n1,Amidation,,
C188101,1,,,,Nc1ccc2c(c1)C(=O)NC2=O,Cc1cc(C)nc(-n2nc(C)c3c(C(=O)O)cc(C4CC4)nc32)n1,Cc1cc(C)nc(-n2nc(C)c3c(C(=O)Nc4ccc5c(c4)C(=O)NC5=O)cc(C4CC4)nc32)n1,Amidation,,
C188104,1,,,,Nc1ccc2c(c1)CN(c1ccccc1)C2,Cc1nn(CC(F)F)c2nc(C3CC3)cc(C(=O)O)c12,Cc1nn(CC(F)F)c2nc(C3CC3)cc(C(=O)Nc3ccc4c(c3)CN(c3ccccc3)C4)c12,Amidation,,
C188106,1,,,,Nc1ccc2c(c1)C(=O)N(CC1CC1)C2=O,Cc1nn(CC(F)F)c2nc(C3CC3)cc(C(=O)O)c12,Cc1nn(CC(F)F)c2nc(C3CC3)cc(C(=O)Nc3ccc4c(c3)C(=O)N(CC3CC3)C4=O)c12,Amidation,,
C188107,1,,,,Nc1ccc2c(c1)CN(C(=O)C(F)(F)F)C2,Cc1nn(C(C)(C)C)c2nc(C3CC3)cc(C(=O)O)c12,Cc1nn(C(C)(C)C)c2nc(C3CC3)cc(C(=O)Nc3ccc4c(c3)CN(C(=O)C(F)(F)F)C4)c12,Amidation,,
C188109,1,,,,Nc1ccc2c(c1)CN(c1ccccc1)C2,Cc1nn(C(C)(C)C)c2nc(C3CC3)cc(C(=O)O)c12,Cc1nn(C(C)(C)C)c2nc(C3CC3)cc(C(=O)Nc3ccc4c(c3)CN(c3ccccc3)C4)c12,Amidation,,
C188111,1,,,,Nc1ccc2c(c1)C(=O)N(CC1CC1)C2=O,Cc1nn(C(C)(C)C)c2nc(C3CC3)cc(C(=O)O)c12,Cc1nn(C(C)(C)C)c2nc(C3CC3)cc(C(=O)Nc3ccc4c(c3)C(=O)N(CC3CC3)C4=O)c12,Amidation,,
C179487,1,,,,CCN1Cc2ccc(N)cc2C1,CC(C)c1cc(C(=O)O)c2cnn(-c3ccccc3F)c2n1,CCN1Cc2ccc(NC(=O)c3cc(C(C)C)nc4c3cnn4-c3ccccc3F)cc2C1,Amidation,,
C179488,1,,,,CN1Cc2ccc(N)cc2C1=O,CC(C)c1cc(C(=O)O)c2cnn(-c3ccccc3F)c2n1,CC(C)c1cc(C(=O)Nc2ccc3c(c2)C(=O)N(C)C3)c2cnn(-c3ccccc3F)c2n1,Amidation,,
C188116,1,,,,CC(C)(O)CCN1Cc2ccc(N)cc2C1=O,O=C(O)c1cc(C2CC2)nc2c1cnn2CC(F)F,CC(C)(O)CCN1Cc2ccc(NC(=O)c3cc(C4CC4)nc4c3cnn4CC(F)F)cc2C1=O,Amidation,,
C197682,1,,,,O=C(O)c1cccc2[nH]c(C3CC3)nc12,CN(C)Cc1cc(N)ccc1Cl,CN(C)Cc1cc(NC(=O)c2cccc3[nH]c(C4CC4)nc23)ccc1Cl,Amidation,,
C179492,1,,,,Nc1cc2c(cc1F)CNC2=O,CC(C)c1cc(C(=O)O)c2cnn(-c3ccccc3F)c2n1,CC(C)c1cc(C(=O)Nc2cc3c(cc2F)CNC3=O)c2cnn(-c3ccccc3F)c2n1,Amidation,,
C179493,1,,,,CN1Cc2cc(N)ccc2C1=O,CC(C)c1cc(C(=O)O)c2cnn(-c3ccccc3F)c2n1,CC(C)c1cc(C(=O)Nc2ccc3c(c2)CN(C)C3=O)c2cnn(-c3ccccc3F)c2n1,Amidation,,
C179494,1,,,,Nc1ccc2c(c1)C(=O)NC2=O,CC(C)c1cc(C(=O)O)c2cnn(-c3ccccc3F)c2n1,CC(C)c1cc(C(=O)Nc2ccc3c(c2)C(=O)NC3=O)c2cnn(-c3ccccc3F)c2n1,Amidation,,
C188119,1,,,,CC(C)(O)CCN1Cc2ccc(N)cc2C1=O,Cn1nc(C2CC2)c2c(C(=O)O)cc(C3CC3)nc21,Cn1nc(C2CC2)c2c(C(=O)Nc3ccc4c(c3)C(=O)N(CCC(C)(C)O)C4)cc(C3CC3)nc21,Amidation,,
C188121,1,,,,CCOCCCN1Cc2ccc(N)cc2C1,Cc1nn(CC(F)F)c2nc(C3CC3)cc(C(=O)O)c12,CCOCCCN1Cc2ccc(NC(=O)c3cc(C4CC4)nc4c3c(C)nn4CC(F)F)cc2C1,Amidation,,
C188124,1,,,,CCCCN1Cc2cc(N)ccc2C1=O,O=C(O)c1cc(C2CC2)nc2c1cnn2C1CCCCC1,CCCCN1Cc2cc(NC(=O)c3cc(C4CC4)nc4c3cnn4C3CCCCC3)ccc2C1=O,Amidation,,
C179500,1,,,,CCN1Cc2ccc(N)cc2C1,O=C(O)c1cc(C2CC2)nc2c1cnn2-c1ccc(F)cc1,CCN1Cc2ccc(NC(=O)c3cc(C4CC4)nc4c3cnn4-c3ccc(F)cc3)cc2C1,Amidation,,
C188126,1,,,,CC(C)CCN1Cc2ccc(N)cc2C1,O=C(O)c1cc(C2CC2)nc2c1cnn2C1CCCCC1,CC(C)CCN1Cc2ccc(NC(=O)c3cc(C4CC4)nc4c3cnn4C3CCCCC3)cc2C1,Amidation,,
C188128,1,,,,COCN1C(=O)c2ccc(N)cc2C1=O,O=C(O)c1cc(C2CC2)nc2c1cnn2C1CCCCC1,COCN1C(=O)c2ccc(NC(=O)c3cc(C4CC4)nc4c3cnn4C3CCCCC3)cc2C1=O,Amidation,,
C179504,1,,,,Nc1ccc2c(c1)CNC2=O,Cc1cc(C(=O)O)c2c(C)nn(CC(=O)NC3CCCC3)c2n1,Cc1cc(C(=O)Nc2ccc3c(c2)CNC3=O)c2c(C)nn(CC(=O)NC3CCCC3)c2n1,Amidation,,
C188130,1,,,,COCCN1Cc2cc(N)ccc2C1=O,O=C(O)c1cc(C2CC2)nc2c1cnn2C1CCCCC1,COCCN1Cc2cc(NC(=O)c3cc(C4CC4)nc4c3cnn4C3CCCCC3)ccc2C1=O,Amidation,,
C179506,1,,,,CN1Cc2ccc(N)cc2C1,Cc1nn(CC(=O)NC(C)C)c2nc(C3CC3)cc(C(=O)O)c12,Cc1nn(CC(=O)NC(C)C)c2nc(C3CC3)cc(C(=O)Nc3ccc4c(c3)CN(C)C4)c12,Amidation,,
C179507,1,,,,Nc1ccc2c(c1)CNC2=O,Cc1nn(CC(=O)NC(C)C)c2nc(C3CC3)cc(C(=O)O)c12,Cc1nn(CC(=O)NC(C)C)c2nc(C3CC3)cc(C(=O)Nc3ccc4c(c3)CNC4=O)c12,Amidation,,
C188131,1,,,,Nc1ccc2c(c1)CN(CC(F)(F)F)C2,O=C(O)c1cc(C2CC2)nc2c1cnn2C1CCCCC1,O=C(Nc1ccc2c(c1)CN(CC(F)(F)F)C2)c1cc(C2CC2)nc2c1cnn2C1CCCCC1,Amidation,,
C188132,1,,,,COCCCN1Cc2ccc(N)cc2C1,O=C(O)c1cc(C2CC2)nc2c1cnn2C1CCCCC1,COCCCN1Cc2ccc(NC(=O)c3cc(C4CC4)nc4c3cnn4C3CCCCC3)cc2C1,Amidation,,
C188134,1,,,,CCOCCCN1Cc2ccc(N)cc2C1,O=C(O)c1cc(C2CC2)nc2c1cnn2C1CCCC1,CCOCCCN1Cc2ccc(NC(=O)c3cc(C4CC4)nc4c3cnn4C3CCCC3)cc2C1,Amidation,,
C188135,1,,,,Nc1ccc2c(c1)CN(c1ccccc1)C2,O=C(O)c1cc(C2CC2)nc2c1cnn2C1CCCC1,O=C(Nc1ccc2c(c1)CN(c1ccccc1)C2)c1cc(C2CC2)nc2c1cnn2C1CCCC1,Amidation,,
C188137,1,,,,Nc1ccc2c(c1)C(=O)N(CC1CC1)C2=O,O=C(O)c1cc(C2CC2)nc2c1cnn2C1CCCC1,O=C(Nc1ccc2c(c1)C(=O)N(CC1CC1)C2=O)c1cc(C2CC2)nc2c1cnn2C1CCCC1,Amidation,,
C188138,1,,,,COCCCN1Cc2ccc(N)cc2C1,O=C(O)c1cc(C2CC2)nc2c1cnn2Cc1ccsc1,COCCCN1Cc2ccc(NC(=O)c3cc(C4CC4)nc4c3cnn4Cc3ccsc3)cc2C1,Amidation,,
C179515,1,,,,Nc1ccc2c(c1)C(=O)NC2,CCc1cc(C(=O)O)c2cnn(Cc3ccc(OC)cc3)c2n1,CCc1cc(C(=O)Nc2ccc3c(c2)C(=O)NC3)c2cnn(Cc3ccc(OC)cc3)c2n1,Amidation,,
C179516,1,,,,CN1Cc2ccc(N)cc2C1,Cc1cc(C(=O)O)c2c(C3CC3)nn(-c3ccccc3F)c2n1,Cc1cc(C(=O)Nc2ccc3c(c2)CN(C)C3)c2c(C3CC3)nn(-c3ccccc3F)c2n1,Amidation,,
C179517,1,,,,Nc1ccc2c(c1)CNC2=O,Cc1cc(C(=O)O)c2c(C3CC3)nn(-c3ccccc3F)c2n1,Cc1cc(C(=O)Nc2ccc3c(c2)CNC3=O)c2c(C3CC3)nn(-c3ccccc3F)c2n1,Amidation,,
C179518,1,,,,Nc1ccc2c(c1)C(=O)NC2,Cc1cc(C(=O)O)c2c(C3CC3)nn(-c3ccccc3F)c2n1,Cc1cc(C(=O)Nc2ccc3c(c2)C(=O)NC3)c2c(C3CC3)nn(-c3ccccc3F)c2n1,Amidation,,
C188144,1,,,,CC(C)c1ccc(N2Cc3ccc(N)cc3C2)cc1,Cn1[nH]c(=O)c2c(C(=O)O)cc(C3CC3)nc21,CC(C)c1ccc(N2Cc3ccc(NC(=O)c4cc(C5CC5)nc5c4c(=O)[nH]n5C)cc3C2)cc1,Amidation,,
C179522,1,,,,CN1Cc2ccc(N)cc2C1,Cc1nn(-c2ccc(F)cc2)c2nc(C(C)C)cc(C(=O)O)c12,Cc1nn(-c2ccc(F)cc2)c2nc(C(C)C)cc(C(=O)Nc3ccc4c(c3)CN(C)C4)c12,Amidation,,
C188148,1,,,,Nc1ccc2c(c1)CN(C1CCC(=O)NC1=O)C2=O,CCn1ncc2c(C(=O)O)cc(C3CC3)nc21,CCn1ncc2c(C(=O)Nc3ccc4c(c3)CN(C3CCC(=O)NC3=O)C4=O)cc(C3CC3)nc21,Amidation,,
C188149,1,,,,Nc1ccc2c(c1)CN(C1CC(F)CNC1=O)C2=O,CCn1ncc2c(C(=O)O)cc(C3CC3)nc21,CCn1ncc2c(C(=O)Nc3ccc4c(c3)CN(C3CC(F)CNC3=O)C4=O)cc(C3CC3)nc21,Amidation,,
C179525,1,,,,CN1Cc2ccc(N)cc2C1,Cc1cc(C(=O)O)c2c(C3CC3)nn(CC(=O)NC(C)C)c2n1,Cc1cc(C(=O)Nc2ccc3c(c2)CN(C)C3)c2c(C3CC3)nn(CC(=O)NC(C)C)c2n1,Amidation,,
C188150,1,,,,Nc1ccc2c(c1)C(=O)N(C1CC(=O)NC1=O)C2=O,CCn1ncc2c(C(=O)O)cc(C3CC3)nc21,CCn1ncc2c(C(=O)Nc3ccc4c(c3)C(=O)N(C3CC(=O)NC3=O)C4=O)cc(C3CC3)nc21,Amidation,,
C188153,1,,,,Nc1ccc2c(c1)C(=O)N(C1CCCNC1=O)C2=O,CCn1ncc2c(C(=O)O)cc(C3CC3)nc21,CCn1ncc2c(C(=O)Nc3ccc4c(c3)C(=O)N(C3CCCNC3=O)C4=O)cc(C3CC3)nc21,Amidation,,
C179528,1,,,,CN1Cc2ccc(N)cc2C1,CCc1cc(C(=O)O)c2cnn(Cc3ccc(OC)cc3)c2n1,CCc1cc(C(=O)Nc2ccc3c(c2)CN(C)C3)c2cnn(Cc3ccc(OC)cc3)c2n1,Amidation,,
C179529,1,,,,Nc1ccc2c(c1)CNC2=O,CCc1cc(C(=O)O)c2cnn(Cc3ccc(OC)cc3)c2n1,CCc1cc(C(=O)Nc2ccc3c(c2)CNC3=O)c2cnn(Cc3ccc(OC)cc3)c2n1,Amidation,,
C188154,1,,,,Nc1ccc2c(c1)C(=O)N(C1CCC(=O)NC1=O)C2,CCn1ncc2c(C(=O)O)cc(C3CC3)nc21,CCn1ncc2c(C(=O)Nc3ccc4c(c3)C(=O)N(C3CCC(=O)NC3=O)C4)cc(C3CC3)nc21,Amidation,,
C179531,1,,,,Nc1ccc2c(c1)CNC2=O,Cc1nn(-c2ccc(F)cc2)c2nc(C(C)C)cc(C(=O)O)c12,Cc1nn(-c2ccc(F)cc2)c2nc(C(C)C)cc(C(=O)Nc3ccc4c(c3)CNC4=O)c12,Amidation,,
C179532,1,,,,Nc1ccc2c(c1)C(=O)NC2,Cc1nn(-c2ccc(F)cc2)c2nc(C(C)C)cc(C(=O)O)c12,Cc1nn(-c2ccc(F)cc2)c2nc(C(C)C)cc(C(=O)Nc3ccc4c(c3)C(=O)NC4)c12,Amidation,,
C188155,1,,,,CC(C)(C)OC(=O)N1C2CCC1c1cc(N)ccc12,CCn1ncc2c(C(=O)O)cc(C3CC3)nc21,CCn1ncc2c(C(=O)Nc3ccc4c(c3)C3CCC4N3C(=O)OC(C)(C)C)cc(C3CC3)nc21,Amidation,,
C188159,1,,,,CC(C)(O)CCN1Cc2ccc(N)cc2C1=O,CCC(C)n1ncc2c(C(=O)O)cc(C3CC3)nc21,CCC(C)n1ncc2c(C(=O)Nc3ccc4c(c3)C(=O)N(CCC(C)(C)O)C4)cc(C3CC3)nc21,Amidation,,
C188161,1,,,,Nc1ccc2c(c1)CN(C1CC(=O)NC1=O)C2=O,Cc1nn(C)c2nc(C3CC3)c(Cl)c(C(=O)O)c12,Cc1nn(C)c2nc(C3CC3)c(Cl)c(C(=O)Nc3ccc4c(c3)CN(C3CC(=O)NC3=O)C4=O)c12,Amidation,,
C188163,1,,,,Nc1ccc2c(c1)CN(C1CC(=O)NC1=O)C2=O,CC(C)n1ncc2c(C(=O)O)cc(C3CC3)nc21,CC(C)n1ncc2c(C(=O)Nc3ccc4c(c3)CN(C3CC(=O)NC3=O)C4=O)cc(C3CC3)nc21,Amidation,,
C188165,1,,,,Nc1ccc2c(c1)CN(C1CC(=O)NC1=O)C2=O,CCCn1ncc2c(C(=O)O)cc(C3CC3)nc21,CCCn1ncc2c(C(=O)Nc3ccc4c(c3)CN(C3CC(=O)NC3=O)C4=O)cc(C3CC3)nc21,Amidation,,
C188167,1,,,,Nc1ccc2c(c1)CN(C1CCC(=O)NC1=O)C2=O,Cc1nn(C)c2nc(C3CC3)cc(C(=O)O)c12,Cc1nn(C)c2nc(C3CC3)cc(C(=O)Nc3ccc4c(c3)CN(C3CCC(=O)NC3=O)C4=O)c12,Amidation,,
C188169,1,,,,Nc1ccc2c(c1)C(=O)N(C1CC(=O)NC1=O)C2=O,Cc1nn(C)c2nc(C3CC3)cc(C(=O)O)c12,Cc1nn(C)c2nc(C3CC3)cc(C(=O)Nc3ccc4c(c3)C(=O)N(C3CC(=O)NC3=O)C4=O)c12,Amidation,,
C188170,1,,,,Nc1ccc2c(c1)C(=O)N(c1ccc(F)cc1)C2=O,Cc1nn(C)c2nc(C3CC3)cc(C(=O)O)c12,Cc1nn(C)c2nc(C3CC3)cc(C(=O)Nc3ccc4c(c3)C(=O)N(c3ccc(F)cc3)C4=O)c12,Amidation,,
C188171,1,,,,CC(C)c1ccc(N2Cc3ccc(N)cc3C2)cc1,Cc1nn(C)c2nc(C3CC3)cc(C(=O)O)c12,Cc1nn(C)c2nc(C3CC3)cc(C(=O)Nc3ccc4c(c3)CN(c3ccc(C(C)C)cc3)C4)c12,Amidation,,
C188172,1,,,,Nc1ccc2c(c1)C(=O)N(C1CCCNC1=O)C2=O,Cc1nn(C)c2nc(C3CC3)cc(C(=O)O)c12,Cc1nn(C)c2nc(C3CC3)cc(C(=O)Nc3ccc4c(c3)C(=O)N(C3CCCNC3=O)C4=O)c12,Amidation,,
C188173,1,,,,Nc1ccc2c(c1)C(=O)N(C1CCC(=O)NC1=O)C2,Cc1nn(C)c2nc(C3CC3)cc(C(=O)O)c12,Cc1nn(C)c2nc(C3CC3)cc(C(=O)Nc3ccc4c(c3)C(=O)N(C3CCC(=O)NC3=O)C4)c12,Amidation,,
C197739,1,,,,O=C(O)c1cccc2[nH]c(C3CC3)nc12,CC(C)N1Cc2cccc(N)c2C1,CC(C)N1Cc2cccc(NC(=O)c3cccc4[nH]c(C5CC5)nc34)c2C1,Amidation,,
C188175,1,,,,Nc1ccc2c(c1)CN(CC(F)(F)F)C2,O=C(O)c1cc(C2CC2)nc2c1cnn2Cc1ccsc1,O=C(Nc1ccc2c(c1)CN(CC(F)(F)F)C2)c1cc(C2CC2)nc2c1cnn2Cc1ccsc1,Amidation,,
C179550,1,,,,CN1Cc2ccc(N)cc2C1,Cc1ccc(Cn2nc(C)c3c(C(=O)O)c(Cl)c(C)nc32)cc1,Cc1ccc(Cn2nc(C)c3c(C(=O)Nc4ccc5c(c4)CN(C)C5)c(Cl)c(C)nc32)cc1,Amidation,,
C179551,1,,,,Nc1ccc2c(c1)CNC2=O,Cc1ccc(Cn2nc(C)c3c(C(=O)O)c(Cl)c(C)nc32)cc1,Cc1ccc(Cn2nc(C)c3c(C(=O)Nc4ccc5c(c4)CNC5=O)c(Cl)c(C)nc32)cc1,Amidation,,
C179552,1,,,,Nc1ccc2c(c1)C(=O)NC2,Cc1ccc(Cn2nc(C)c3c(C(=O)O)c(Cl)c(C)nc32)cc1,Cc1ccc(Cn2nc(C)c3c(C(=O)Nc4ccc5c(c4)C(=O)NC5)c(Cl)c(C)nc32)cc1,Amidation,,
C188177,1,,,,CN1C(=O)c2ccc(N)cc2C1=O,Cc1nn(CC(=O)NC(C)C)c2nc(C3CC3)cc(C(=O)O)c12,Cc1nn(CC(=O)NC(C)C)c2nc(C3CC3)cc(C(=O)Nc3ccc4c(c3)C(=O)N(C)C4=O)c12,Amidation,,
C188178,1,,,,CCN1Cc2cc(N)ccc2C1=O,Cc1nn(Cc2ccccc2)c2nc(C3CC3)cc(C(=O)O)c12,CCN1Cc2cc(NC(=O)c3cc(C4CC4)nc4c3c(C)nn4Cc3ccccc3)ccc2C1=O,Amidation,,
C188181,1,,,,CN1Cc2cc(N)ccc2C1(C)C,Cc1nn(Cc2ccccc2)c2nc(C3CC3)cc(C(=O)O)c12,Cc1nn(Cc2ccccc2)c2nc(C3CC3)cc(C(=O)Nc3ccc4c(c3)CN(C)C4(C)C)c12,Amidation,,
C188182,1,,,,CCN1Cc2ccc(N)cc2C1=O,Cc1nn(Cc2ccccc2)c2nc(C3CC3)cc(C(=O)O)c12,CCN1Cc2ccc(NC(=O)c3cc(C4CC4)nc4c3c(C)nn4Cc3ccccc3)cc2C1=O,Amidation,,
C179557,1,,,,CN1Cc2ccc(N)cc2C1,Cc1cc(C(=O)O)c2c(C3CC3)nn(-c3ccc(F)cc3)c2n1,Cc1cc(C(=O)Nc2ccc3c(c2)CN(C)C3)c2c(C3CC3)nn(-c3ccc(F)cc3)c2n1,Amidation,,
C179558,1,,,,Nc1ccc2c(c1)CNC2=O,Cc1cc(C(=O)O)c2c(C3CC3)nn(-c3ccc(F)cc3)c2n1,Cc1cc(C(=O)Nc2ccc3c(c2)CNC3=O)c2c(C3CC3)nn(-c3ccc(F)cc3)c2n1,Amidation,,
C179559,1,,,,Nc1ccc2c(c1)C(=O)NC2,Cc1cc(C(=O)O)c2c(C3CC3)nn(-c3ccc(F)cc3)c2n1,Cc1cc(C(=O)Nc2ccc3c(c2)C(=O)NC3)c2c(C3CC3)nn(-c3ccc(F)cc3)c2n1,Amidation,,
C179560,1,,,,Nc1ccc2c(c1)C(=O)NC2=O,O=C(O)c1cc(C2CC2)nc2c1cnn2Cc1ccccc1,O=C1NC(=O)c2cc(NC(=O)c3cc(C4CC4)nc4c3cnn4Cc3ccccc3)ccc21,Amidation,,
C179561,1,,,,CCN1Cc2ccc(N)cc2C1,Cc1ccc(Cn2ncc3c(C(=O)O)cc(C4CC4)nc32)o1,CCN1Cc2ccc(NC(=O)c3cc(C4CC4)nc4c3cnn4Cc3ccc(C)o3)cc2C1,Amidation,,
C188183,1,,,,CCCN1Cc2ccc(N)cc2C1,Cc1nn(Cc2ccccc2)c2nc(C3CC3)cc(C(=O)O)c12,CCCN1Cc2ccc(NC(=O)c3cc(C4CC4)nc4c3c(C)nn4Cc3ccccc3)cc2C1,Amidation,,
C188185,1,,,,CN1C(=O)c2ccc(N)cc2C1=O,Cc1nn(Cc2ccccc2)c2nc(C3CC3)cc(C(=O)O)c12,Cc1nn(Cc2ccccc2)c2nc(C3CC3)cc(C(=O)Nc3ccc4c(c3)C(=O)N(C)C4=O)c12,Amidation,,
C188186,1,,,,CCN1Cc2cc(N)ccc2C1=O,Cc1nn(C2CCS(=O)(=O)C2)c2nc(C3CC3)cc(C(=O)O)c12,CCN1Cc2cc(NC(=O)c3cc(C4CC4)nc4c3c(C)nn4C3CCS(=O)(=O)C3)ccc2C1=O,Amidation,,
C188189,1,,,,CN1Cc2cc(N)ccc2C1(C)C,Cc1nn(C2CCS(=O)(=O)C2)c2nc(C3CC3)cc(C(=O)O)c12,Cc1nn(C2CCS(=O)(=O)C2)c2nc(C3CC3)cc(C(=O)Nc3ccc4c(c3)CN(C)C4(C)C)c12,Amidation,,
C179566,1,,,,Nc1cc2c(cc1F)CNC2=O,Cc1ccc(Cn2ncc3c(C(=O)O)cc(C4CC4)nc32)o1,Cc1ccc(Cn2ncc3c(C(=O)Nc4cc5c(cc4F)CNC5=O)cc(C4CC4)nc32)o1,Amidation,,
C188191,1,,,,CCN1Cc2ccc(N)cc2C1=O,Cc1nn(C2CCS(=O)(=O)C2)c2nc(C3CC3)cc(C(=O)O)c12,CCN1Cc2ccc(NC(=O)c3cc(C4CC4)nc4c3c(C)nn4C3CCS(=O)(=O)C3)cc2C1=O,Amidation,,
C179568,1,,,,Nc1ccc2c(c1)C(=O)NC2=O,Cc1ccc(Cn2ncc3c(C(=O)O)cc(C4CC4)nc32)o1,Cc1ccc(Cn2ncc3c(C(=O)Nc4ccc5c(c4)C(=O)NC5=O)cc(C4CC4)nc32)o1,Amidation,,
C188193,1,,,,CN1Cc2cc(N)ccc2C1(C)C,Cc1nn(CC(=O)NC(C)C)c2nc(C3CC3)cc(C(=O)O)c12,Cc1nn(CC(=O)NC(C)C)c2nc(C3CC3)cc(C(=O)Nc3ccc4c(c3)CN(C)C4(C)C)c12,Amidation,,
C179570,1,,,,CN1Cc2cc(N)ccc2C1=O,O=C(O)c1cc(C2CC2)nc2c1cnn2Cc1ccccc1,CN1Cc2cc(NC(=O)c3cc(C4CC4)nc4c3cnn4Cc3ccccc3)ccc2C1=O,Amidation,,
C188194,1,,,,CN1Cc2ccc(N)cc2C1=O,Cc1nn(-c2ccccc2F)c2nc(C3CC3)c(Cl)c(C(=O)O)c12,Cc1nn(-c2ccccc2F)c2nc(C3CC3)c(Cl)c(C(=O)Nc3ccc4c(c3)C(=O)N(C)C4)c12,Amidation,,
C188195,1,,,,CCN1Cc2ccc(N)cc2C1,Cc1nn(-c2ccccc2F)c2nc(C3CC3)c(Cl)c(C(=O)O)c12,CCN1Cc2ccc(NC(=O)c3c(Cl)c(C4CC4)nc4c3c(C)nn4-c3ccccc3F)cc2C1,Amidation,,
C179577,1,,,,CCN1Cc2ccc(N)cc2C1,Cc1cc(C(=O)O)c2c(C)nn(Cc3ccc(Cl)cc3)c2n1,CCN1Cc2ccc(NC(=O)c3cc(C)nc4c3c(C)nn4Cc3ccc(Cl)cc3)cc2C1,Amidation,,
C179578,1,,,,CN1Cc2ccc(N)cc2C1=O,Cc1cc(C(=O)O)c2c(C)nn(Cc3ccc(Cl)cc3)c2n1,Cc1cc(C(=O)Nc2ccc3c(c2)C(=O)N(C)C3)c2c(C)nn(Cc3ccc(Cl)cc3)c2n1,Amidation,,
C188204,1,,,,CCN1Cc2cc(N)ccc2C1=O,Cc1nn(CC(=O)NC(C)C)c2nc(C3CC3)cc(C(=O)O)c12,CCN1Cc2cc(NC(=O)c3cc(C4CC4)nc4c3c(C)nn4CC(=O)NC(C)C)ccc2C1=O,Amidation,,
C188207,1,,,,CCN1Cc2ccc(N)cc2C1=O,Cc1nn(CC(=O)NC(C)C)c2nc(C3CC3)cc(C(=O)O)c12,CCN1Cc2ccc(NC(=O)c3cc(C4CC4)nc4c3c(C)nn4CC(=O)NC(C)C)cc2C1=O,Amidation,,
C179582,1,,,,Nc1cc2c(cc1F)CNC2=O,Cc1cc(C(=O)O)c2c(C)nn(Cc3ccc(Cl)cc3)c2n1,Cc1cc(C(=O)Nc2cc3c(cc2F)CNC3=O)c2c(C)nn(Cc3ccc(Cl)cc3)c2n1,Amidation,,
C179583,1,,,,CN1Cc2cc(N)ccc2C1=O,Cc1cc(C(=O)O)c2c(C)nn(Cc3ccc(Cl)cc3)c2n1,Cc1cc(C(=O)Nc2ccc3c(c2)CN(C)C3=O)c2c(C)nn(Cc3ccc(Cl)cc3)c2n1,Amidation,,
C188210,1,,,,CN1C(=O)c2ccc(N)cc2C1=O,Cc1nn(C2CCS(=O)(=O)C2)c2nc(C3CC3)cc(C(=O)O)c12,Cc1nn(C2CCS(=O)(=O)C2)c2nc(C3CC3)cc(C(=O)Nc3ccc4c(c3)C(=O)N(C)C4=O)c12,Amidation,,
C179585,1,,,,Nc1ccc2c(c1)C(=O)NC2=O,Cc1cc(C(=O)O)c2c(C)nn(Cc3ccc(Cl)cc3)c2n1,Cc1cc(C(=O)Nc2ccc3c(c2)C(=O)NC3=O)c2c(C)nn(Cc3ccc(Cl)cc3)c2n1,Amidation,,
C179586,1,,,,Nc1cc2c(cc1F)CNC2=O,O=C(O)c1cc(C2CC2)nc2c1cnn2Cc1ccccc1,O=C1NCc2cc(F)c(NC(=O)c3cc(C4CC4)nc4c3cnn4Cc3ccccc3)cc21,Amidation,,
C188211,1,,,,CC(C)N1Cc2ccc(N)cc2C1=O,O=C(O)c1cc(C2CC2)nc2c1cnn2Cc1ccncc1,CC(C)N1Cc2ccc(NC(=O)c3cc(C4CC4)nc4c3cnn4Cc3ccncc3)cc2C1=O,Amidation,,
C188212,1,,,,Nc1ccc2c(c1)CN(CC(F)F)C2,O=C(O)c1cc(C2CC2)nc2c1cnn2Cc1ccncc1,O=C(Nc1ccc2c(c1)CN(CC(F)F)C2)c1cc(C2CC2)nc2c1cnn2Cc1ccncc1,Amidation,,
C188213,1,,,,CCCCN1Cc2ccc(N)cc2C1,O=C(O)c1cc(C2CC2)nc2c1cnn2Cc1ccncc1,CCCCN1Cc2ccc(NC(=O)c3cc(C4CC4)nc4c3cnn4Cc3ccncc3)cc2C1,Amidation,,
C179590,1,,,,Nc1cc2c(cc1F)CNC2=O,O=C(O)c1cc(C2CC2)nc2c1cnn2-c1ccc(F)cc1,O=C1NCc2cc(F)c(NC(=O)c3cc(C4CC4)nc4c3cnn4-c3ccc(F)cc3)cc21,Amidation,,
C179591,1,,,,CN1Cc2cc(N)ccc2C1=O,O=C(O)c1cc(C2CC2)nc2c1cnn2-c1ccc(F)cc1,CN1Cc2cc(NC(=O)c3cc(C4CC4)nc4c3cnn4-c3ccc(F)cc3)ccc2C1=O,Amidation,,
C179592,1,,,,Nc1ccc2c(c1)C(=O)NC2=O,O=C(O)c1cc(C2CC2)nc2c1cnn2-c1ccc(F)cc1,O=C1NC(=O)c2cc(NC(=O)c3cc(C4CC4)nc4c3cnn4-c3ccc(F)cc3)ccc21,Amidation,,
C188223,1,,,,CCCCN1Cc2cc(N)ccc2C1=O,O=C(O)c1cc(C2CC2)nc2c1cnn2Cc1ccsc1,CCCCN1Cc2cc(NC(=O)c3cc(C4CC4)nc4c3cnn4Cc3ccsc3)ccc2C1=O,Amidation,,
C188225,1,,,,CC(C)CCN1Cc2ccc(N)cc2C1,O=C(O)c1cc(C2CC2)nc2c1cnn2Cc1ccsc1,CC(C)CCN1Cc2ccc(NC(=O)c3cc(C4CC4)nc4c3cnn4Cc3ccsc3)cc2C1,Amidation,,
C179601,1,,,,CCN1Cc2ccc(N)cc2C1,CCc1cc(C(=O)O)c2c(C)nn(Cc3ccccc3)c2n1,CCc1cc(C(=O)Nc2ccc3c(c2)CN(CC)C3)c2c(C)nn(Cc3ccccc3)c2n1,Amidation,,
C188227,1,,,,COCN1C(=O)c2ccc(N)cc2C1=O,O=C(O)c1cc(C2CC2)nc2c1cnn2Cc1ccsc1,COCN1C(=O)c2ccc(NC(=O)c3cc(C4CC4)nc4c3cnn4Cc3ccsc3)cc2C1=O,Amidation,,
C197793,1,,,,O=C(O)c1cccc2[nH]c(C3CC3)nc12,CCCN1Cc2cccc(N)c2C1,CCCN1Cc2cccc(NC(=O)c3cccc4[nH]c(C5CC5)nc34)c2C1,Amidation,,
C179606,1,,,,CN1Cc2cc(N)ccc2C1=O,CCc1cc(C(=O)O)c2c(C)nn(Cc3ccccc3)c2n1,CCc1cc(C(=O)Nc2ccc3c(c2)CN(C)C3=O)c2c(C)nn(Cc3ccccc3)c2n1,Amidation,,
C179607,1,,,,Nc1ccc2c(c1)C(=O)NC2=O,CCc1cc(C(=O)O)c2c(C)nn(Cc3ccccc3)c2n1,CCc1cc(C(=O)Nc2ccc3c(c2)C(=O)NC3=O)c2c(C)nn(Cc3ccccc3)c2n1,Amidation,,
C188232,1,,,,CC(C)N1Cc2ccc(N)cc2C1=O,O=C(O)c1cc(C2CC2)nc2c1cnn2Cc1cccnc1,CC(C)N1Cc2ccc(NC(=O)c3cc(C4CC4)nc4c3cnn4Cc3cccnc3)cc2C1=O,Amidation,,
C179609,1,,,,CN1Cc2ccc(N)cc2C1=O,O=C(O)c1cc(C2CC2)nc2c1cnn2Cc1ccccc1,CN1Cc2ccc(NC(=O)c3cc(C4CC4)nc4c3cnn4Cc3ccccc3)cc2C1=O,Amidation,,
C188233,1,,,,Nc1ccc2c(c1)CN(CC(F)F)C2,O=C(O)c1cc(C2CC2)nc2c1cnn2Cc1cccnc1,O=C(Nc1ccc2c(c1)CN(CC(F)F)C2)c1cc(C2CC2)nc2c1cnn2Cc1cccnc1,Amidation,,
C179611,1,,,,CN1Cc2ccc(N)cc2C1=O,O=C(O)c1cc(C2CC2)nc2c1cnn2-c1ccc(F)cc1,CN1Cc2ccc(NC(=O)c3cc(C4CC4)nc4c3cnn4-c3ccc(F)cc3)cc2C1=O,Amidation,,
C179612,1,,,,CCN1Cc2ccc(N)cc2C1,Cc1nn(-c2ccccn2)c2nc(C3CC3)cc(C(=O)O)c12,CCN1Cc2ccc(NC(=O)c3cc(C4CC4)nc4c3c(C)nn4-c3ccccn3)cc2C1,Amidation,,
C188234,1,,,,CCCCN1Cc2ccc(N)cc2C1,O=C(O)c1cc(C2CC2)nc2c1cnn2Cc1cccnc1,CCCCN1Cc2ccc(NC(=O)c3cc(C4CC4)nc4c3cnn4Cc3cccnc3)cc2C1,Amidation,,
C188235,1,,,,CC(C)N1Cc2ccc(N)cc2C1=O,Cc1nn(-c2ccccn2)c2nc(C3CC3)cc(C(=O)O)c12,Cc1nn(-c2ccccn2)c2nc(C3CC3)cc(C(=O)Nc3ccc4c(c3)C(=O)N(C(C)C)C4)c12,Amidation,,
C188236,1,,,,Nc1ccc2c(c1)CN(CC(F)F)C2,Cc1nn(-c2ccccn2)c2nc(C3CC3)cc(C(=O)O)c12,Cc1nn(-c2ccccn2)c2nc(C3CC3)cc(C(=O)Nc3ccc4c(c3)CN(CC(F)F)C4)c12,Amidation,,
C188238,1,,,,CC(C)N1Cc2ccc(N)cc2C1=O,Cc1ccc(Cn2ncc3c(C(=O)O)cc(C4CC4)nc32)o1,Cc1ccc(Cn2ncc3c(C(=O)Nc4ccc5c(c4)C(=O)N(C(C)C)C5)cc(C4CC4)nc32)o1,Amidation,,
C179617,1,,,,CN1Cc2ccc(N)cc2C1,Cc1nn(C2CCS(=O)(=O)C2)c2nc(C3CC3)cc(C(=O)O)c12,Cc1nn(C2CCS(=O)(=O)C2)c2nc(C3CC3)cc(C(=O)Nc3ccc4c(c3)CN(C)C4)c12,Amidation,,
C179618,1,,,,Nc1ccc2c(c1)CNC2=O,Cc1nn(C2CCS(=O)(=O)C2)c2nc(C3CC3)cc(C(=O)O)c12,Cc1nn(C2CCS(=O)(=O)C2)c2nc(C3CC3)cc(C(=O)Nc3ccc4c(c3)CNC4=O)c12,Amidation,,
C179619,1,,,,Nc1ccc2c(c1)C(=O)NC2,Cc1nn(C2CCS(=O)(=O)C2)c2nc(C3CC3)cc(C(=O)O)c12,Cc1nn(C2CCS(=O)(=O)C2)c2nc(C3CC3)cc(C(=O)Nc3ccc4c(c3)C(=O)NC4)c12,Amidation,,
C179620,1,,,,CN1Cc2ccc(N)cc2C1,Cc1nn(Cc2ccccc2)c2nc(C3CC3)cc(C(=O)O)c12,Cc1nn(Cc2ccccc2)c2nc(C3CC3)cc(C(=O)Nc3ccc4c(c3)CN(C)C4)c12,Amidation,,
C188240,1,,,,CCCCN1Cc2ccc(N)cc2C1,Cc1ccc(Cn2ncc3c(C(=O)O)cc(C4CC4)nc32)o1,CCCCN1Cc2ccc(NC(=O)c3cc(C4CC4)nc4c3cnn4Cc3ccc(C)o3)cc2C1,Amidation,,
C179622,1,,,,Nc1ccc2c(c1)CNC2=O,Cc1nn(Cc2ccccc2)c2nc(C3CC3)cc(C(=O)O)c12,Cc1nn(Cc2ccccc2)c2nc(C3CC3)cc(C(=O)Nc3ccc4c(c3)CNC4=O)c12,Amidation,,
C188241,1,,,,CC(C)N1Cc2ccc(N)cc2C1=O,O=C(O)c1cc(C2CC2)nc2c1cnn2Cc1ccccc1,CC(C)N1Cc2ccc(NC(=O)c3cc(C4CC4)nc4c3cnn4Cc3ccccc3)cc2C1=O,Amidation,,
C188242,1,,,,Nc1ccc2c(c1)CN(CC(F)F)C2,O=C(O)c1cc(C2CC2)nc2c1cnn2Cc1ccccc1,O=C(Nc1ccc2c(c1)CN(CC(F)F)C2)c1cc(C2CC2)nc2c1cnn2Cc1ccccc1,Amidation,,
C197813,1,,,,O=C(O)c1cccc2[nH]c(C3CC3)nc12,Nc1ccc2c(c1)C(=O)NCCC2,O=C1NCCCc2ccc(NC(=O)c3cccc4[nH]c(C5CC5)nc34)cc21,Amidation,,
C179626,1,,,,CN1Cc2ccc(N)cc2C1,Cc1nn(-c2ccccc2F)c2nc(C(C)C)cc(C(=O)O)c12,Cc1nn(-c2ccccc2F)c2nc(C(C)C)cc(C(=O)Nc3ccc4c(c3)CN(C)C4)c12,Amidation,,
C179627,1,,,,Nc1ccc2c(c1)CNC2=O,Cc1nn(-c2ccccc2F)c2nc(C(C)C)cc(C(=O)O)c12,Cc1nn(-c2ccccc2F)c2nc(C(C)C)cc(C(=O)Nc3ccc4c(c3)CNC4=O)c12,Amidation,,
C179628,1,,,,Nc1ccc2c(c1)C(=O)NC2,Cc1nn(-c2ccccc2F)c2nc(C(C)C)cc(C(=O)O)c12,Cc1nn(-c2ccccc2F)c2nc(C(C)C)cc(C(=O)Nc3ccc4c(c3)C(=O)NC4)c12,Amidation,,
C179629,1,,,,Nc1ccc2c(c1)C(=O)NC2,Cc1nn(Cc2ccccc2)c2nc(C3CC3)cc(C(=O)O)c12,Cc1nn(Cc2ccccc2)c2nc(C3CC3)cc(C(=O)Nc3ccc4c(c3)C(=O)NC4)c12,Amidation,,
C197823,1,,,,O=C(O)c1cccc2[nH]c(C3CC3)nc12,Cc1ccc(CN2CCCC2)cc1N,Cc1ccc(CN2CCCC2)cc1NC(=O)c1cccc2[nH]c(C3CC3)nc12,Amidation,,
C179632,1,,,,CN1Cc2ccc(N)cc2C1=O,Cc1nn(-c2ccccn2)c2nc(C3CC3)cc(C(=O)O)c12,Cc1nn(-c2ccccn2)c2nc(C3CC3)cc(C(=O)Nc3ccc4c(c3)C(=O)N(C)C4)c12,Amidation,,
C197824,1,,,,O=C(O)c1cccc2[nH]c(C3CC3)nc12,CN(C)C1CCOc2c(N)cccc21,CN(C)C1CCOc2c(NC(=O)c3cccc4[nH]c(C5CC5)nc34)cccc21,Amidation,,
C179636,1,,,,Nc1cc2c(cc1F)CNC2=O,Cc1nn(-c2ccccn2)c2nc(C3CC3)cc(C(=O)O)c12,Cc1nn(-c2ccccn2)c2nc(C3CC3)cc(C(=O)Nc3cc4c(cc3F)CNC4=O)c12,Amidation,,
C179637,1,,,,CN1Cc2cc(N)ccc2C1=O,Cc1nn(-c2ccccn2)c2nc(C3CC3)cc(C(=O)O)c12,Cc1nn(-c2ccccn2)c2nc(C3CC3)cc(C(=O)Nc3ccc4c(c3)CN(C)C4=O)c12,Amidation,,
C179638,1,,,,Nc1ccc2c(c1)C(=O)NC2=O,Cc1nn(-c2ccccn2)c2nc(C3CC3)cc(C(=O)O)c12,Cc1nn(-c2ccccn2)c2nc(C3CC3)cc(C(=O)Nc3ccc4c(c3)C(=O)NC4=O)c12,Amidation,,
C179639,1,,,,CCN1Cc2ccc(N)cc2C1,O=C(O)c1cc(C2CC2)nc2c1cnn2Cc1cccnc1,CCN1Cc2ccc(NC(=O)c3cc(C4CC4)nc4c3cnn4Cc3cccnc3)cc2C1,Amidation,,
C179640,1,,,,CN1Cc2ccc(N)cc2C1=O,O=C(O)c1cc(C2CC2)nc2c1cnn2Cc1cccnc1,CN1Cc2ccc(NC(=O)c3cc(C4CC4)nc4c3cnn4Cc3cccnc3)cc2C1=O,Amidation,,
C197830,1,,,,O=C(O)c1cccc2[nH]c(C3CC3)nc12,NC1CCCc2ccc([N+](=O)[O-])cc21,O=C(NC1CCCc2ccc([N+](=O)[O-])cc21)c1cccc2[nH]c(C3CC3)nc12,Amidation,,
C179645,1,,,,CN1Cc2cc(N)ccc2C1=O,O=C(O)c1cc(C2CC2)nc2c1cnn2Cc1cccnc1,CN1Cc2cc(NC(=O)c3cc(C4CC4)nc4c3cnn4Cc3cccnc3)ccc2C1=O,Amidation,,
C179646,1,,,,Nc1ccc2c(c1)C(=O)NC2=O,O=C(O)c1cc(C2CC2)nc2c1cnn2Cc1cccnc1,O=C1NC(=O)c2cc(NC(=O)c3cc(C4CC4)nc4c3cnn4Cc3cccnc3)ccc21,Amidation,,
C197843,1,,,,CC(CO)N1Cc2cccc(N)c2C1,O=C(O)c1cccc2[nH]c(C3CC3)nc12,CC(CO)N1Cc2cccc(NC(=O)c3cccc4[nH]c(C5CC5)nc34)c2C1,Amidation,,
C179655,1,,,,Nc1cc2c(cc1F)CNC2=O,O=C(O)c1cc(C2CC2)nc2c1cnn2Cc1cccnc1,O=C1NCc2cc(F)c(NC(=O)c3cc(C4CC4)nc4c3cnn4Cc3cccnc3)cc21,Amidation,,
C197849,1,,,,O=C(O)c1cccc2[nH]c(C3CC3)nc12,CC1(c2cccc(N)c2)COC(=O)N1,CC1(c2cccc(NC(=O)c3cccc4[nH]c(C5CC5)nc34)c2)COC(=O)N1,Amidation,,
C179659,1,,,,Nc1ccc2c(c1)C(=O)N(CC1CC1)C2=O,CC(C)n1ncc2c(C(=O)O)cc(C3CC3)nc21,CC(C)n1ncc2c(C(=O)Nc3ccc4c(c3)C(=O)N(CC3CC3)C4=O)cc(C3CC3)nc21,Amidation,,
C179660,1,,,,CCCCN1Cc2ccc(N)cc2C1,Cc1nn(C(C)(C)C)c2nc(C3CC3)cc(C(=O)O)c12,CCCCN1Cc2ccc(NC(=O)c3cc(C4CC4)nc4c3c(C)nn4C(C)(C)C)cc2C1,Amidation,,
C179661,1,,,,Nc1ccc2c(c1)CN(CC(F)F)C2,Cc1nn(C(C)(C)C)c2nc(C3CC3)cc(C(=O)O)c12,Cc1nn(C(C)(C)C)c2nc(C3CC3)cc(C(=O)Nc3ccc4c(c3)CN(CC(F)F)C4)c12,Amidation,,
C179662,1,,,,CC(C)N1Cc2ccc(N)cc2C1=O,Cc1nn(C(C)(C)C)c2nc(C3CC3)cc(C(=O)O)c12,Cc1nn(C(C)(C)C)c2nc(C3CC3)cc(C(=O)Nc3ccc4c(c3)C(=O)N(C(C)C)C4)c12,Amidation,,
C197851,1,,,,O=C(O)c1cccc2[nH]c(C3CC3)nc12,CCCCN1Cc2cccc(N)c2C1,CCCCN1Cc2cccc(NC(=O)c3cccc4[nH]c(C5CC5)nc34)c2C1,Amidation,,
C197854,1,,,,O=C(O)c1cccc2[nH]c(C3CC3)nc12,Nc1cccc(CN2CCCCC2)c1,O=C(Nc1cccc(CN2CCCCC2)c1)c1cccc2[nH]c(C3CC3)nc12,Amidation,,
C179665,1,,,,Nc1ccc2c(c1)CN(c1ccccc1)C2,CCCn1ncc2c(C(=O)O)cc(C3CC3)nc21,CCCn1ncc2c(C(=O)Nc3ccc4c(c3)CN(c3ccccc3)C4)cc(C3CC3)nc21,Amidation,,
C179673,1,,,,Nc1ccc2c(c1)CN(c1ccccc1)C2,Cc1cc(C(=O)O)c2c(C)nn(CC(F)F)c2n1,Cc1cc(C(=O)Nc2ccc3c(c2)CN(c2ccccc2)C3)c2c(C)nn(CC(F)F)c2n1,Amidation,,
C179676,1,,,,CCCCN1Cc2ccc(N)cc2C1,Cc1nn(CC(F)F)c2nc(C3CC3)cc(C(=O)O)c12,CCCCN1Cc2ccc(NC(=O)c3cc(C4CC4)nc4c3c(C)nn4CC(F)F)cc2C1,Amidation,,
C179677,1,,,,Nc1ccc2c(c1)CN(CC(F)F)C2,Cc1nn(CC(F)F)c2nc(C3CC3)cc(C(=O)O)c12,Cc1nn(CC(F)F)c2nc(C3CC3)cc(C(=O)Nc3ccc4c(c3)CN(CC(F)F)C4)c12,Amidation,,
C179678,1,,,,CC(C)N1Cc2ccc(N)cc2C1=O,Cc1nn(CC(F)F)c2nc(C3CC3)cc(C(=O)O)c12,Cc1nn(CC(F)F)c2nc(C3CC3)cc(C(=O)Nc3ccc4c(c3)C(=O)N(C(C)C)C4)c12,Amidation,,
C179679,1,,,,Nc1ccc2c(c1)CN(C(=O)C(F)(F)F)C2,Cc1cc(C(=O)O)c2c(C)nn(C(C)(C)C)c2n1,Cc1cc(C(=O)Nc2ccc3c(c2)CN(C(=O)C(F)(F)F)C3)c2c(C)nn(C(C)(C)C)c2n1,Amidation,,
C179681,1,,,,Nc1ccc2c(c1)CN(c1ccccc1)C2,Cc1cc(C(=O)O)c2c(C)nn(C(C)(C)C)c2n1,Cc1cc(C(=O)Nc2ccc3c(c2)CN(c2ccccc2)C3)c2c(C)nn(C(C)(C)C)c2n1,Amidation,,
C179683,1,,,,Nc1ccc2c(c1)C(=O)N(CC1CC1)C2=O,Cc1cc(C(=O)O)c2c(C)nn(C(C)(C)C)c2n1,Cc1cc(C(=O)Nc2ccc3c(c2)C(=O)N(CC2CC2)C3=O)c2c(C)nn(C(C)(C)C)c2n1,Amidation,,
C179684,1,,,,CCCCN1Cc2ccc(N)cc2C1,CC(C1CC1)n1ncc2c(C(=O)O)cc(C3CC3)nc21,CCCCN1Cc2ccc(NC(=O)c3cc(C4CC4)nc4c3cnn4C(C)C3CC3)cc2C1,Amidation,,
C197876,1,,,,O=C(O)c1cccc2[nH]c(C3CC3)nc12,CC(N)c1ccc2c(c1)NC(=O)CO2,CC(NC(=O)c1cccc2[nH]c(C3CC3)nc12)c1ccc2c(c1)NC(=O)CO2,Amidation,,
C179687,1,,,,CCOCCCN1Cc2ccc(N)cc2C1,CC(C)n1ncc2c(C(=O)O)cc(C3CC3)nc21,CCOCCCN1Cc2ccc(NC(=O)c3cc(C4CC4)nc4c3cnn4C(C)C)cc2C1,Amidation,,
C197882,1,,,,O=C(O)c1cccc2[nH]c(C3CC3)nc12,CC(N)c1cccc(-n2cnnn2)c1,CC(NC(=O)c1cccc2[nH]c(C3CC3)nc12)c1cccc(-n2cnnn2)c1,Amidation,,
C197884,1,,,,O=C(O)c1cccc2[nH]c(C3CC3)nc12,CS(C)(=O)=NC(=O)c1cccc(N)c1,CS(C)(=O)=NC(=O)c1cccc(NC(=O)c2cccc3[nH]c(C4CC4)nc23)c1,Amidation,,
C179696,1,,,,Nc1ccc2c(c1)C(=O)N(CC1CC1)C2=O,Cc1cc(C(=O)O)c2cnn(C3CCCC3)c2n1,Cc1cc(C(=O)Nc2ccc3c(c2)C(=O)N(CC2CC2)C3=O)c2cnn(C3CCCC3)c2n1,Amidation,,
C179697,1,,,,CCCCN1Cc2ccc(N)cc2C1,Cc1cc(C(=O)O)c2c(C)nn(-c3ccccc3)c2n1,CCCCN1Cc2ccc(NC(=O)c3cc(C)nc4c3c(C)nn4-c3ccccc3)cc2C1,Amidation,,
C179698,1,,,,Nc1ccc2c(c1)CN(CC(F)F)C2,Cc1cc(C(=O)O)c2c(C)nn(-c3ccccc3)c2n1,Cc1cc(C(=O)Nc2ccc3c(c2)CN(CC(F)F)C3)c2c(C)nn(-c3ccccc3)c2n1,Amidation,,
C179699,1,,,,CC(C)N1Cc2ccc(N)cc2C1=O,Cc1cc(C(=O)O)c2c(C)nn(-c3ccccc3)c2n1,Cc1cc(C(=O)Nc2ccc3c(c2)C(=O)N(C(C)C)C3)c2c(C)nn(-c3ccccc3)c2n1,Amidation,,
C197890,1,,,,O=C(O)c1cccc2[nH]c(C3CC3)nc12,Nc1cccc(CN2CCOCC2)c1,O=C(Nc1cccc(CN2CCOCC2)c1)c1cccc2[nH]c(C3CC3)nc12,Amidation,,
C179701,1,,,,CCOCCCN1Cc2ccc(N)cc2C1,CC(C)c1cc(C(=O)O)c2cnn(C(C)C)c2n1,CCOCCCN1Cc2ccc(NC(=O)c3cc(C(C)C)nc4c3cnn4C(C)C)cc2C1,Amidation,,
C179702,1,,,,Nc1ccc2c(c1)CN(c1ccccc1)C2,CC(C)c1cc(C(=O)O)c2cnn(C(C)C)c2n1,CC(C)c1cc(C(=O)Nc2ccc3c(c2)CN(c2ccccc2)C3)c2cnn(C(C)C)c2n1,Amidation,,
C197897,1,,,,O=C(O)c1cccc2[nH]c(C3CC3)nc12,CC(N)c1cccc(-n2cccc2)c1,CC(NC(=O)c1cccc2[nH]c(C3CC3)nc12)c1cccc(-n2cccc2)c1,Amidation,,
C179709,1,,,,CCOCCCN1Cc2ccc(N)cc2C1,Cc1nn(C)c2nc(C3CC3)c(Cl)c(C(=O)O)c12,CCOCCCN1Cc2ccc(NC(=O)c3c(Cl)c(C4CC4)nc4c3c(C)nn4C)cc2C1,Amidation,,
C179710,1,,,,Nc1ccc2c(c1)CN(c1ccccc1)C2,Cc1nn(C)c2nc(C3CC3)c(Cl)c(C(=O)O)c12,Cc1nn(C)c2nc(C3CC3)c(Cl)c(C(=O)Nc3ccc4c(c3)CN(c3ccccc3)C4)c12,Amidation,,
C179712,1,,,,Nc1ccc2c(c1)C(=O)N(CC1CC1)C2=O,Cc1nn(C)c2nc(C3CC3)c(Cl)c(C(=O)O)c12,Cc1nn(C)c2nc(C3CC3)c(Cl)c(C(=O)Nc3ccc4c(c3)C(=O)N(CC3CC3)C4=O)c12,Amidation,,
C179714,1,,,,Nc1ccc2c(c1)CN(CC(F)F)C2,Cc1nn(C(C)(C)C)c2nc(C(C)C)cc(C(=O)O)c12,Cc1nn(C(C)(C)C)c2nc(C(C)C)cc(C(=O)Nc3ccc4c(c3)CN(CC(F)F)C4)c12,Amidation,,
C179715,1,,,,CC(C)N1Cc2ccc(N)cc2C1=O,Cc1nn(C(C)(C)C)c2nc(C(C)C)cc(C(=O)O)c12,Cc1nn(C(C)(C)C)c2nc(C(C)C)cc(C(=O)Nc3ccc4c(c3)C(=O)N(C(C)C)C4)c12,Amidation,,
C179716,1,,,,Nc1ccc2c(c1)CN(CC(F)F)C2,CC(C1CC1)n1ncc2c(C(=O)O)cc(C3CC3)nc21,CC(C1CC1)n1ncc2c(C(=O)Nc3ccc4c(c3)CN(CC(F)F)C4)cc(C3CC3)nc21,Amidation,,
C179718,1,,,,CC(C)N1Cc2ccc(N)cc2C1=O,CC(C1CC1)n1ncc2c(C(=O)O)cc(C3CC3)nc21,CC(C)N1Cc2ccc(NC(=O)c3cc(C4CC4)nc4c3cnn4C(C)C3CC3)cc2C1=O,Amidation,,
C197911,1,,,,O=C(O)c1cccc2[nH]c(C3CC3)nc12,NC(c1cccc([N+](=O)[O-])c1)C(F)(F)F,O=C(NC(c1cccc([N+](=O)[O-])c1)C(F)(F)F)c1cccc2[nH]c(C3CC3)nc12,Amidation,,
C179721,1,,,,Nc1ccc2c(c1)CN(CC(F)F)C2,O=C(O)c1cc(C2CC2)nc2c1cnn2C1CCCC1,O=C(Nc1ccc2c(c1)CN(CC(F)F)C2)c1cc(C2CC2)nc2c1cnn2C1CCCC1,Amidation,,
C179722,1,,,,CC(C)N1Cc2ccc(N)cc2C1=O,O=C(O)c1cc(C2CC2)nc2c1cnn2C1CCCC1,CC(C)N1Cc2ccc(NC(=O)c3cc(C4CC4)nc4c3cnn4C3CCCC3)cc2C1=O,Amidation,,
C197917,1,,,,O=C(O)c1cccc2[nH]c(C3CC3)nc12,CS(=O)(=O)N1CCc2c(N)cccc2C1,CS(=O)(=O)N1CCc2c(cccc2NC(=O)c2cccc3[nH]c(C4CC4)nc23)C1,Amidation,,
C197920,1,,,,O=C(O)c1cccc2[nH]c(C3CC3)nc12,CC(N)c1cccc(N2CCCC2=O)c1,CC(NC(=O)c1cccc2[nH]c(C3CC3)nc12)c1cccc(N2CCCC2=O)c1,Amidation,,
C197925,1,,,,O=C(O)c1cccc2[nH]c(C3CC3)nc12,Cc1c[nH]c(=O)n1-c1cccc(CN)c1,Cc1c[nH]c(=O)n1-c1cccc(CNC(=O)c2cccc3[nH]c(C4CC4)nc23)c1,Amidation,,
C197929,1,,,,O=C(O)c1cccc2[nH]c(C3CC3)nc12,CCCCN1Cc2cc(N)ccc2C1=O,CCCCN1Cc2cc(NC(=O)c3cccc4[nH]c(C5CC5)nc34)ccc2C1=O,Amidation,,
C197935,1,,,,O=C(O)c1cccc2[nH]c(C3CC3)nc12,CNC(=O)CNC(=O)c1cccc(N)c1,CNC(=O)CNC(=O)c1cccc(NC(=O)c2cccc3[nH]c(C4CC4)nc23)c1,Amidation,,
C197942,1,,,,O=C(O)c1cccc2[nH]c(C3CC3)nc12,Nc1cccc2c1CN(c1nccs1)C2,O=C(Nc1cccc2c1CN(c1nccs1)C2)c1cccc2[nH]c(C3CC3)nc12,Amidation,,
C197947,1,,,,O=C(O)c1cccc2[nH]c(C3CC3)nc12,Cc1ncn(Cc2cccc(N)c2)c1C,Cc1ncn(Cc2cccc(NC(=O)c3cccc4[nH]c(C5CC5)nc34)c2)c1C,Amidation,,
C197950,1,,,,O=C(O)c1cccc2[nH]c(C3CC3)nc12,Cc1cc(C)n(Cc2cccc(N)c2)n1,Cc1cc(C)n(Cc2cccc(NC(=O)c3cccc4[nH]c(C5CC5)nc34)c2)n1,Amidation,,
C179759,1,,,,CC(C)(O)CCN1Cc2ccc(N)cc2C1=O,CCCn1nc(C)c2c(C(=O)O)cc(C)nc21,CCCn1nc(C)c2c(C(=O)Nc3ccc4c(c3)C(=O)N(CCC(C)(C)O)C4)cc(C)nc21,Amidation,,
C179768,1,,,,Nc1ccc2c(c1)CN(CC(F)F)C2,Cc1nn(C)c2nc(-c3cnn(C)c3)cc(C(=O)O)c12,Cc1nn(C)c2nc(-c3cnn(C)c3)cc(C(=O)Nc3ccc4c(c3)CN(CC(F)F)C4)c12,Amidation,,
C197964,1,,,,O=C(O)c1cccc2[nH]c(C3CC3)nc12,Nc1cccc(CN2CCNC(=O)C2)c1,O=C1CN(Cc2cccc(NC(=O)c3cccc4[nH]c(C5CC5)nc34)c2)CCN1,Amidation,,
C197969,1,,,,O=C(O)c1cccc2[nH]c(C3CC3)nc12,CC1(c2cccc(N)c2)NC(=O)NC1=O,CC1(c2cccc(NC(=O)c3cccc4[nH]c(C5CC5)nc34)c2)NC(=O)NC1=O,Amidation,,
C179780,1,,,,Nc1ccc2c(c1)CN(CC(F)(F)F)C2,Cc1nn(CCO)c2nc(C3CC3)cc(C(=O)O)c12,Cc1nn(CCO)c2nc(C3CC3)cc(C(=O)Nc3ccc4c(c3)CN(CC(F)(F)F)C4)c12,Amidation,,
C179781,1,,,,COCCCN1Cc2ccc(N)cc2C1,Cc1nn(CCO)c2nc(C3CC3)cc(C(=O)O)c12,COCCCN1Cc2ccc(NC(=O)c3cc(C4CC4)nc4c3c(C)nn4CCO)cc2C1,Amidation,,
C179782,1,,,,COCCCN1Cc2ccc(N)cc2C1,Cn1nc(C2CC2)c2c(C(=O)O)cc(C3CC3)nc21,COCCCN1Cc2ccc(NC(=O)c3cc(C4CC4)nc4c3c(C3CC3)nn4C)cc2C1,Amidation,,
C197974,1,,,,O=C(O)c1cccc2[nH]c(C3CC3)nc12,COc1ccc(CNS(C)(=O)=O)cc1N,COc1ccc(CNS(C)(=O)=O)cc1NC(=O)c1cccc2[nH]c(C3CC3)nc12,Amidation,,
C179784,1,,,,COCCN1Cc2cc(N)ccc2C1=O,Cn1nc(C2CC2)c2c(C(=O)O)cc(C3CC3)nc21,COCCN1Cc2cc(NC(=O)c3cc(C4CC4)nc4c3c(C3CC3)nn4C)ccc2C1=O,Amidation,,
C179786,1,,,,COCN1C(=O)c2ccc(N)cc2C1=O,Cn1nc(C2CC2)c2c(C(=O)O)cc(C3CC3)nc21,COCN1C(=O)c2ccc(NC(=O)c3cc(C4CC4)nc4c3c(C3CC3)nn4C)cc2C1=O,Amidation,,
C197979,1,,,,O=C(O)c1cccc2[nH]c(C3CC3)nc12,Nc1cccc2c1C(=O)N(C1CC1)C2=O,O=C(Nc1cccc2c1C(=O)N(C1CC1)C2=O)c1cccc2[nH]c(C3CC3)nc12,Amidation,,
C179788,1,,,,CC(C)CCN1Cc2ccc(N)cc2C1,Cn1nc(C2CC2)c2c(C(=O)O)cc(C3CC3)nc21,CC(C)CCN1Cc2ccc(NC(=O)c3cc(C4CC4)nc4c3c(C3CC3)nn4C)cc2C1,Amidation,,
C179790,1,,,,CCCCN1Cc2cc(N)ccc2C1=O,Cn1nc(C2CC2)c2c(C(=O)O)cc(C3CC3)nc21,CCCCN1Cc2cc(NC(=O)c3cc(C4CC4)nc4c3c(C3CC3)nn4C)ccc2C1=O,Amidation,,
C197983,1,,,,O=C(O)c1cccc2[nH]c(C3CC3)nc12,CC(=O)c1cc(Br)c2c(c1N)C(=O)NC2=O,CC(=O)c1cc(Br)c2c(c1NC(=O)c1cccc3[nH]c(C4CC4)nc13)C(=O)NC2=O,Amidation,,
C197982,1,,,,O=C(O)c1cccc2[nH]c(C3CC3)nc12,COC(=O)CN1Cc2c(N)cccc2C1=O,COC(=O)CN1Cc2c(NC(=O)c3cccc4[nH]c(C5CC5)nc34)cccc2C1=O,Amidation,,
C179793,1,,,,CC(C)CCN1Cc2ccc(N)cc2C1,CCCCn1nc(C)c2c(C(=O)O)c(Cl)c(C)nc21,CCCCn1nc(C)c2c(C(=O)Nc3ccc4c(c3)CN(CCC(C)C)C4)c(Cl)c(C)nc21,Amidation,,
C179795,1,,,,COCN1C(=O)c2ccc(N)cc2C1=O,CCCCn1nc(C)c2c(C(=O)O)c(Cl)c(C)nc21,CCCCn1nc(C)c2c(C(=O)Nc3ccc4c(c3)C(=O)N(COC)C4=O)c(Cl)c(C)nc21,Amidation,,
C179797,1,,,,COCCN1Cc2cc(N)ccc2C1=O,CCCCn1nc(C)c2c(C(=O)O)c(Cl)c(C)nc21,CCCCn1nc(C)c2c(C(=O)Nc3ccc4c(c3)CN(CCOC)C4=O)c(Cl)c(C)nc21,Amidation,,
C179798,1,,,,Nc1ccc2c(c1)CN(CC(F)(F)F)C2,CCCCn1nc(C)c2c(C(=O)O)c(Cl)c(C)nc21,CCCCn1nc(C)c2c(C(=O)Nc3ccc4c(c3)CN(CC(F)(F)F)C4)c(Cl)c(C)nc21,Amidation,,
C179799,1,,,,COCCCN1Cc2ccc(N)cc2C1,CCCCn1nc(C)c2c(C(=O)O)c(Cl)c(C)nc21,CCCCn1nc(C)c2c(C(=O)Nc3ccc4c(c3)CN(CCCOC)C4)c(Cl)c(C)nc21,Amidation,,
C179801,1,,,,Nc1ccc2c(c1)CN(CC(F)(F)F)C2,O=C(O)c1cc(C2CC2)nc2c1cnn2CC(F)F,O=C(Nc1ccc2c(c1)CN(CC(F)(F)F)C2)c1cc(C2CC2)nc2c1cnn2CC(F)F,Amidation,,
C179802,1,,,,COCCN1Cc2cc(N)ccc2C1=O,O=C(O)c1cc(C2CC2)nc2c1cnn2CC(F)F,COCCN1Cc2cc(NC(=O)c3cc(C4CC4)nc4c3cnn4CC(F)F)ccc2C1=O,Amidation,,
C197993,1,,,,O=C(O)c1cccc2[nH]c(C3CC3)nc12,CC(C)c1nccn1Cc1cccc(N)c1,CC(C)c1nccn1Cc1cccc(NC(=O)c2cccc3[nH]c(C4CC4)nc23)c1,Amidation,,
C179804,1,,,,COCN1C(=O)c2ccc(N)cc2C1=O,O=C(O)c1cc(C2CC2)nc2c1cnn2CC(F)F,COCN1C(=O)c2ccc(NC(=O)c3cc(C4CC4)nc4c3cnn4CC(F)F)cc2C1=O,Amidation,,
C197996,1,,,,O=C(O)c1cccc2[nH]c(C3CC3)nc12,CN(C)CCNC(=O)c1ccc(Cl)c(N)c1,CN(C)CCNC(=O)c1ccc(Cl)c(NC(=O)c2cccc3[nH]c(C4CC4)nc23)c1,Amidation,,
C198002,1,,,,O=C(O)c1cccc2[nH]c(C3CC3)nc12,COC(=O)c1ccc(N)c2c1CN(C)C2=O,COC(=O)c1ccc(NC(=O)c2cccc3[nH]c(C4CC4)nc23)c2c1CN(C)C2=O,Amidation,,
C198005,1,,,,O=C(O)c1cccc2[nH]c(C3CC3)nc12,CC(C)(O)CN1CCc2c(N)cccc2C1,CC(C)(O)CN1CCc2c(cccc2NC(=O)c2cccc3[nH]c(C4CC4)nc23)C1,Amidation,,
C198014,1,,,,O=C(O)c1cccc2[nH]c(C3CC3)nc12,CCS(=O)(=O)N1CCc2c(N)cccc2C1,CCS(=O)(=O)N1CCc2c(cccc2NC(=O)c2cccc3[nH]c(C4CC4)nc23)C1,Amidation,,
C198015,1,,,,O=C(O)c1cccc2[nH]c(C3CC3)nc12,Nc1ccc2c(c1)C(=O)N(CC1CC1)C2=O,O=C(Nc1ccc2c(c1)C(=O)N(CC1CC1)C2=O)c1cccc2[nH]c(C3CC3)nc12,Amidation,,
C179834,1,,,,CCCCN1Cc2cc(N)ccc2C1=O,Cc1nn(CCO)c2nc(C3CC3)cc(C(=O)O)c12,CCCCN1Cc2cc(NC(=O)c3cc(C4CC4)nc4c3c(C)nn4CCO)ccc2C1=O,Amidation,,
C198028,1,,,,O=C(O)c1cccc2[nH]c(C3CC3)nc12,CC1CN(Cc2cccc(N)c2)CC(C)O1,CC1CN(Cc2cccc(NC(=O)c3cccc4[nH]c(C5CC5)nc34)c2)CC(C)O1,Amidation,,
C179839,1,,,,CCCCN1Cc2cc(N)ccc2C1=O,O=C(O)c1cc(C2CC2)nc2c1cnn2CC(F)F,CCCCN1Cc2cc(NC(=O)c3cc(C4CC4)nc4c3cnn4CC(F)F)ccc2C1=O,Amidation,,
C179841,1,,,,COCN1C(=O)c2ccc(N)cc2C1=O,CCC(C)n1ncc2c(C(=O)O)cc(C3CC3)nc21,CCC(C)n1ncc2c(C(=O)Nc3ccc4c(c3)C(=O)N(COC)C4=O)cc(C3CC3)nc21,Amidation,,
C179843,1,,,,COCCN1Cc2cc(N)ccc2C1=O,CCC(C)n1ncc2c(C(=O)O)cc(C3CC3)nc21,CCC(C)n1ncc2c(C(=O)Nc3ccc4c(c3)CN(CCOC)C4=O)cc(C3CC3)nc21,Amidation,,
C198036,1,,,,O=C(O)c1cccc2[nH]c(C3CC3)nc12,NC(c1cccc([N+](=O)[O-])c1F)C(F)(F)F,O=C(NC(c1cccc([N+](=O)[O-])c1F)C(F)(F)F)c1cccc2[nH]c(C3CC3)nc12,Amidation,,
C198040,1,,,,O=C(O)c1cccc2[nH]c(C3CC3)nc12,Nc1ccc(Cl)c(C(=O)NCc2cccs2)c1,O=C(NCc1cccs1)c1cc(NC(=O)c2cccc3[nH]c(C4CC4)nc23)ccc1Cl,Amidation,,
C179852,1,,,,CC(C)CCN1Cc2ccc(N)cc2C1,CCC(C)n1ncc2c(C(=O)O)cc(C3CC3)nc21,CCC(C)n1ncc2c(C(=O)Nc3ccc4c(c3)CN(CCC(C)C)C4)cc(C3CC3)nc21,Amidation,,
C198045,1,,,,O=C(O)c1cccc2[nH]c(C3CC3)nc12,Cc1ccc(N)cc1CNC(=O)OC(C)(C)C,Cc1ccc(NC(=O)c2cccc3[nH]c(C4CC4)nc23)cc1CNC(=O)OC(C)(C)C,Amidation,,
C198053,1,,,,O=C(O)c1cccc2[nH]c(C3CC3)nc12,Nc1ccc(Cl)c(C(=O)NC2CCCCC2)c1,O=C(NC1CCCCC1)c1cc(NC(=O)c2cccc3[nH]c(C4CC4)nc23)ccc1Cl,Amidation,,
C179866,1,,,,Nc1ccc2c(c1)CN(CC(F)(F)F)C2,CCC(C)n1ncc2c(C(=O)O)cc(C3CC3)nc21,CCC(C)n1ncc2c(C(=O)Nc3ccc4c(c3)CN(CC(F)(F)F)C4)cc(C3CC3)nc21,Amidation,,
C179868,1,,,,CCCCN1Cc2cc(N)ccc2C1=O,CCC(C)n1ncc2c(C(=O)O)cc(C3CC3)nc21,CCCCN1Cc2cc(NC(=O)c3cc(C4CC4)nc4c3cnn4C(C)CC)ccc2C1=O,Amidation,,
C179869,1,,,,COCCCN1Cc2ccc(N)cc2C1,Cc1cc(C(=O)O)c2cnn(Cc3cccs3)c2n1,COCCCN1Cc2ccc(NC(=O)c3cc(C)nc4c3cnn4Cc3cccs3)cc2C1,Amidation,,
C198065,1,,,,O=C(O)c1cccc2[nH]c(C3CC3)nc12,COc1ccc(CN2CCN(C)CC2)cc1N,COc1ccc(CN2CCN(C)CC2)cc1NC(=O)c1cccc2[nH]c(C3CC3)nc12,Amidation,,
C198066,1,,,,O=C(O)c1cccc2[nH]c(C3CC3)nc12,CNC(=O)c1ccc(N2CCSCC2)c(N)c1,CNC(=O)c1ccc(N2CCSCC2)c(NC(=O)c2cccc3[nH]c(C4CC4)nc23)c1,Amidation,,
C198069,1,,,,O=C(O)c1cccc2[nH]c(C3CC3)nc12,Nc1cc(C(=O)Nc2ccccc2)ccc1Cl,O=C(Nc1ccccc1)c1ccc(Cl)c(NC(=O)c2cccc3[nH]c(C4CC4)nc23)c1,Amidation,,
C179879,1,,,,CCCCN1Cc2cc(N)ccc2C1=O,Cc1cc(C(=O)O)c2cnn(Cc3cccs3)c2n1,CCCCN1Cc2cc(NC(=O)c3cc(C)nc4c3cnn4Cc3cccs3)ccc2C1=O,Amidation,,
C179881,1,,,,COCCCN1Cc2ccc(N)cc2C1,CCc1cc(C(=O)O)c2c(C3CC3)nn(CC)c2n1,CCc1cc(C(=O)Nc2ccc3c(c2)CN(CCCOC)C3)c2c(C3CC3)nn(CC)c2n1,Amidation,,
C179882,1,,,,Nc1ccc2c(c1)CN(CC(F)(F)F)C2,CCc1cc(C(=O)O)c2c(C3CC3)nn(CC)c2n1,CCc1cc(C(=O)Nc2ccc3c(c2)CN(CC(F)(F)F)C3)c2c(C3CC3)nn(CC)c2n1,Amidation,,
C179883,1,,,,COCCN1Cc2cc(N)ccc2C1=O,CCc1cc(C(=O)O)c2c(C3CC3)nn(CC)c2n1,CCc1cc(C(=O)Nc2ccc3c(c2)CN(CCOC)C3=O)c2c(C3CC3)nn(CC)c2n1,Amidation,,
C198073,1,,,,Cc1cc(N)cc(CNC(=O)OC(C)(C)C)c1,O=C(O)c1cccc2[nH]c(C3CC3)nc12,Cc1cc(CNC(=O)OC(C)(C)C)cc(NC(=O)c2cccc3[nH]c(C4CC4)nc23)c1,Amidation,,
C179885,1,,,,COCN1C(=O)c2ccc(N)cc2C1=O,CCc1cc(C(=O)O)c2c(C3CC3)nn(CC)c2n1,CCc1cc(C(=O)Nc2ccc3c(c2)C(=O)N(COC)C3=O)c2c(C3CC3)nn(CC)c2n1,Amidation,,
C198078,1,,,,O=C(O)c1cccc2[nH]c(C3CC3)nc12,Nc1cccc(C(=O)Nc2cccc(F)c2)c1,O=C(Nc1cccc(F)c1)c1cccc(NC(=O)c2cccc3[nH]c(C4CC4)nc23)c1,Amidation,,
C179887,1,,,,CC(C)CCN1Cc2ccc(N)cc2C1,CCc1cc(C(=O)O)c2c(C3CC3)nn(CC)c2n1,CCc1cc(C(=O)Nc2ccc3c(c2)CN(CCC(C)C)C3)c2c(C3CC3)nn(CC)c2n1,Amidation,,
C179890,1,,,,CC(C)CCN1Cc2ccc(N)cc2C1,Cc1cc(C(=O)O)c2cnn(Cc3cccs3)c2n1,Cc1cc(C(=O)Nc2ccc3c(c2)CN(CCC(C)C)C3)c2cnn(Cc3cccs3)c2n1,Amidation,,
C179892,1,,,,COCN1C(=O)c2ccc(N)cc2C1=O,Cc1cc(C(=O)O)c2cnn(Cc3cccs3)c2n1,COCN1C(=O)c2ccc(NC(=O)c3cc(C)nc4c3cnn4Cc3cccs3)cc2C1=O,Amidation,,
C198085,1,,,,O=C(O)c1cccc2[nH]c(C3CC3)nc12,CC(C)(C)OC(=O)NC1(c2cccc(N)c2)CC1,CC(C)(C)OC(=O)NC1(c2cccc(NC(=O)c3cccc4[nH]c(C5CC5)nc34)c2)CC1,Amidation,,
C179894,1,,,,COCCN1Cc2cc(N)ccc2C1=O,Cc1cc(C(=O)O)c2cnn(Cc3cccs3)c2n1,COCCN1Cc2cc(NC(=O)c3cc(C)nc4c3cnn4Cc3cccs3)ccc2C1=O,Amidation,,
C179895,1,,,,Nc1ccc2c(c1)CN(CC(F)(F)F)C2,Cc1cc(C(=O)O)c2cnn(Cc3cccs3)c2n1,Cc1cc(C(=O)Nc2ccc3c(c2)CN(CC(F)(F)F)C3)c2cnn(Cc3cccs3)c2n1,Amidation,,
C198089,1,,,,Nc1ccc2c(c1)CN(C1CC(=O)NC1=O)C2=O,O=C(O)c1cccc2[nH]c(C3CC3)nc12,O=C1CC(N2Cc3cc(NC(=O)c4cccc5[nH]c(C6CC6)nc45)ccc3C2=O)C(=O)N1,Amidation,,
C179898,1,,,,CN1C(=O)c2ccc(N)cc2C1=O,O=C(O)c1cc(C2CC2)nc2c1cnn2C1CCCCC1,CN1C(=O)c2ccc(NC(=O)c3cc(C4CC4)nc4c3cnn4C3CCCCC3)cc2C1=O,Amidation,,
C179899,1,,,,CCCN1Cc2ccc(N)cc2C1,O=C(O)c1cc(C2CC2)nc2c1cnn2C1CCCCC1,CCCN1Cc2ccc(NC(=O)c3cc(C4CC4)nc4c3cnn4C3CCCCC3)cc2C1,Amidation,,
C179900,1,,,,CN1C(=O)c2ccc(N)cc2C1=O,CCc1cc(C(=O)O)c2c(C)nn(-c3ccccc3)c2n1,CCc1cc(C(=O)Nc2ccc3c(c2)C(=O)N(C)C3=O)c2c(C)nn(-c3ccccc3)c2n1,Amidation,,
C179902,1,,,,CCCN1Cc2ccc(N)cc2C1,CCc1cc(C(=O)O)c2c(C)nn(-c3ccccc3)c2n1,CCCN1Cc2ccc(NC(=O)c3cc(CC)nc4c3c(C)nn4-c3ccccc3)cc2C1,Amidation,,
C179903,1,,,,CCN1Cc2ccc(N)cc2C1=O,CCc1cc(C(=O)O)c2c(C)nn(-c3ccccc3)c2n1,CCc1cc(C(=O)Nc2ccc3c(c2)C(=O)N(CC)C3)c2c(C)nn(-c3ccccc3)c2n1,Amidation,,
C179904,1,,,,CN1Cc2cc(N)ccc2C1(C)C,CCc1cc(C(=O)O)c2c(C)nn(-c3ccccc3)c2n1,CCc1cc(C(=O)Nc2ccc3c(c2)CN(C)C3(C)C)c2c(C)nn(-c3ccccc3)c2n1,Amidation,,
C179907,1,,,,CCN1Cc2cc(N)ccc2C1=O,CCc1cc(C(=O)O)c2c(C)nn(-c3ccccc3)c2n1,CCc1cc(C(=O)Nc2ccc3c(c2)CN(CC)C3=O)c2c(C)nn(-c3ccccc3)c2n1,Amidation,,
C198103,1,,,,O=C(O)c1cccc2[nH]c(C3CC3)nc12,COc1ccc(C(=O)Nc2nc(C)cs2)cc1N,COc1ccc(C(=O)Nc2nc(C)cs2)cc1NC(=O)c1cccc2[nH]c(C3CC3)nc12,Amidation,,
C179911,1,,,,CN1C(=O)c2ccc(N)cc2C1=O,Cc1ccc(Cn2ncc3c(C(=O)O)cc(C)nc32)cc1,Cc1ccc(Cn2ncc3c(C(=O)Nc4ccc5c(c4)C(=O)N(C)C5=O)cc(C)nc32)cc1,Amidation,,
C179912,1,,,,CCCN1Cc2ccc(N)cc2C1,Cc1ccc(Cn2ncc3c(C(=O)O)cc(C)nc32)cc1,CCCN1Cc2ccc(NC(=O)c3cc(C)nc4c3cnn4Cc3ccc(C)cc3)cc2C1,Amidation,,
C179913,1,,,,CCN1Cc2ccc(N)cc2C1=O,Cc1ccc(Cn2ncc3c(C(=O)O)cc(C)nc32)cc1,CCN1Cc2ccc(NC(=O)c3cc(C)nc4c3cnn4Cc3ccc(C)cc3)cc2C1=O,Amidation,,
C179914,1,,,,CN1Cc2cc(N)ccc2C1(C)C,Cc1ccc(Cn2ncc3c(C(=O)O)cc(C)nc32)cc1,Cc1ccc(Cn2ncc3c(C(=O)Nc4ccc5c(c4)CN(C)C5(C)C)cc(C)nc32)cc1,Amidation,,
C198106,1,,,,O=C(O)c1cccc2[nH]c(C3CC3)nc12,COc1ccc(C(=O)Nc2ncc(C)s2)cc1N,COc1ccc(C(=O)Nc2ncc(C)s2)cc1NC(=O)c1cccc2[nH]c(C3CC3)nc12,Amidation,,
C179917,1,,,,CCN1Cc2cc(N)ccc2C1=O,Cc1ccc(Cn2ncc3c(C(=O)O)cc(C)nc32)cc1,CCN1Cc2cc(NC(=O)c3cc(C)nc4c3cnn4Cc3ccc(C)cc3)ccc2C1=O,Amidation,,
C198117,1,,,,O=C(O)c1cccc2[nH]c(C3CC3)nc12,CC(C)(C)OC(=O)Nc1cccc(C2(N)CC2)c1,CC(C)(C)OC(=O)Nc1cccc(C2(NC(=O)c3cccc4[nH]c(C5CC5)nc34)CC2)c1,Amidation,,
C198119,1,,,,O=C(O)c1cccc2[nH]c(C3CC3)nc12,CC(C)(C)OC(=O)NC1CCc2ccc(N)cc21,CC(C)(C)OC(=O)NC1CCc2ccc(NC(=O)c3cccc4[nH]c(C5CC5)nc34)cc21,Amidation,,
C198121,1,,,,O=C(O)c1cccc2[nH]c(C3CC3)nc12,Nc1cccc2c1C(=O)N(C1CC(=O)NC1=O)C2=O,O=C1CC(N2C(=O)c3cccc(NC(=O)c4cccc5[nH]c(C6CC6)nc45)c3C2=O)C(=O)N1,Amidation,,
C198122,1,,,,Nc1cccc2c1CN(C1CC(=O)NC(=O)C1)C2=O,O=C(O)c1cccc2[nH]c(C3CC3)nc12,O=C1CC(N2Cc3c(NC(=O)c4cccc5[nH]c(C6CC6)nc45)cccc3C2=O)CC(=O)N1,Amidation,,
C198125,1,,,,Nc1ccc2c(c1)CN(C1CC(F)CNC1=O)C2=O,O=C(O)c1cccc2[nH]c(C3CC3)nc12,O=C(Nc1ccc2c(c1)CN(C1CC(F)CNC1=O)C2=O)c1cccc2[nH]c(C3CC3)nc12,Amidation,,
C198129,1,,,,O=C(O)c1cccc2[nH]c(C3CC3)nc12,NN1C(=O)c2cccc3cc([N+](=O)[O-])cc(c23)C1=O,O=C(NN1C(=O)c2cccc3cc([N+](=O)[O-])cc(c23)C1=O)c1cccc2[nH]c(C3CC3)nc12,Amidation,,
C198131,1,,,,O=C(O)c1cccc2[nH]c(C3CC3)nc12,CC(C)(C)OC(=O)NC1CCOc2ccc(N)cc21,CC(C)(C)OC(=O)NC1CCOc2ccc(NC(=O)c3cccc4[nH]c(C5CC5)nc34)cc21,Amidation,,
C198133,1,,,,O=C(O)c1cccc2[nH]c(C3CC3)nc12,CC(C)(C)OC(=O)NCc1cc([N+](=O)[O-])ccc1N,CC(C)(C)OC(=O)NCc1cc([N+](=O)[O-])ccc1NC(=O)c1cccc2[nH]c(C3CC3)nc12,Amidation,,
C198136,1,,,,O=C(O)c1cccc2[nH]c(C3CC3)nc12,CC1(C2CC2)NC(=O)N(c2cccc(CN)c2)C1=O,CC1(C2CC2)NC(=O)N(c2cccc(CNC(=O)c3cccc4[nH]c(C5CC5)nc34)c2)C1=O,Amidation,,
C198137,1,,,,O=C(O)c1cccc2[nH]c(C3CC3)nc12,CC(C)(C)OC(=O)Nc1ccc2c(c1)C(N)CCO2,CC(C)(C)OC(=O)Nc1ccc2c(c1)C(NC(=O)c1cccc3[nH]c(C4CC4)nc13)CCO2,Amidation,,
C198140,1,,,,O=C(O)c1cccc2[nH]c(C3CC3)nc12,Nc1cccc2c1C(=O)N(Cc1ccccc1)C2=O,O=C(Nc1cccc2c1C(=O)N(Cc1ccccc1)C2=O)c1cccc2[nH]c(C3CC3)nc12,Amidation,,
C198141,1,,,,Nc1ccc2c(c1)CN(C1CCC(=O)NC1=O)C2=O,O=C(O)c1cccc2[nH]c(C3CC3)nc12,O=C1CCC(N2Cc3cc(NC(=O)c4cccc5[nH]c(C6CC6)nc45)ccc3C2=O)C(=O)N1,Amidation,,
C198144,1,,,,O=C(O)c1cccc2[nH]c(C3CC3)nc12,CC(C)(C)OC(=O)NC1CCCc2ccc(N)cc21,CC(C)(C)OC(=O)NC1CCCc2ccc(NC(=O)c3cccc4[nH]c(C5CC5)nc34)cc21,Amidation,,
C179951,1,,,,CCN1Cc2ccc(N)cc2C1,CC(C)c1cc(C(=O)O)c2cnn(-c3ccc(F)cc3)c2n1,CCN1Cc2ccc(NC(=O)c3cc(C(C)C)nc4c3cnn4-c3ccc(F)cc3)cc2C1,Amidation,,
C198146,1,,,,O=C(O)c1cccc2[nH]c(C3CC3)nc12,Nc1cccc2c1C(=O)N(C1CCCNC1=O)C2=O,O=C(Nc1cccc2c1C(=O)N(C1CCCNC1=O)C2=O)c1cccc2[nH]c(C3CC3)nc12,Amidation,,
C179956,1,,,,Nc1cc2c(cc1F)CNC2=O,CC(C)c1cc(C(=O)O)c2cnn(-c3ccc(F)cc3)c2n1,CC(C)c1cc(C(=O)Nc2cc3c(cc2F)CNC3=O)c2cnn(-c3ccc(F)cc3)c2n1,Amidation,,
C179957,1,,,,CN1Cc2cc(N)ccc2C1=O,CC(C)c1cc(C(=O)O)c2cnn(-c3ccc(F)cc3)c2n1,CC(C)c1cc(C(=O)Nc2ccc3c(c2)CN(C)C3=O)c2cnn(-c3ccc(F)cc3)c2n1,Amidation,,
C179958,1,,,,Nc1ccc2c(c1)C(=O)NC2=O,CC(C)c1cc(C(=O)O)c2cnn(-c3ccc(F)cc3)c2n1,CC(C)c1cc(C(=O)Nc2ccc3c(c2)C(=O)NC3=O)c2cnn(-c3ccc(F)cc3)c2n1,Amidation,,
C179959,1,,,,CCN1Cc2ccc(N)cc2C1,Cc1nn(-c2ccccc2)c2nc(C(C)C)cc(C(=O)O)c12,CCN1Cc2ccc(NC(=O)c3cc(C(C)C)nc4c3c(C)nn4-c3ccccc3)cc2C1,Amidation,,
C179960,1,,,,CN1Cc2ccc(N)cc2C1=O,Cc1nn(-c2ccccc2)c2nc(C(C)C)cc(C(=O)O)c12,Cc1nn(-c2ccccc2)c2nc(C(C)C)cc(C(=O)Nc3ccc4c(c3)C(=O)N(C)C4)c12,Amidation,,
C198150,1,,,,O=C(O)c1cccc2[nH]c(C3CC3)nc12,NCc1cccc(NS(=O)(=O)c2ccc(Cl)cc2)c1,O=C(NCc1cccc(NS(=O)(=O)c2ccc(Cl)cc2)c1)c1cccc2[nH]c(C3CC3)nc12,Amidation,,
C198151,1,,,,O=C(O)c1cccc2[nH]c(C3CC3)nc12,COc1ccc(C(=O)NC2CCS(=O)(=O)C2)cc1N,COc1ccc(C(=O)NC2CCS(=O)(=O)C2)cc1NC(=O)c1cccc2[nH]c(C3CC3)nc12,Amidation,,
C179963,1,,,,Nc1cc2c(cc1F)CNC2=O,Cc1nn(-c2ccccc2)c2nc(C(C)C)cc(C(=O)O)c12,Cc1nn(-c2ccccc2)c2nc(C(C)C)cc(C(=O)Nc3cc4c(cc3F)CNC4=O)c12,Amidation,,
C179964,1,,,,CN1Cc2cc(N)ccc2C1=O,Cc1nn(-c2ccccc2)c2nc(C(C)C)cc(C(=O)O)c12,Cc1nn(-c2ccccc2)c2nc(C(C)C)cc(C(=O)Nc3ccc4c(c3)CN(C)C4=O)c12,Amidation,,
C179965,1,,,,Nc1ccc2c(c1)C(=O)NC2=O,Cc1nn(-c2ccccc2)c2nc(C(C)C)cc(C(=O)O)c12,Cc1nn(-c2ccccc2)c2nc(C(C)C)cc(C(=O)Nc3ccc4c(c3)C(=O)NC4=O)c12,Amidation,,
C198152,1,,,,CC(C)(C)OC(=O)N1C2CCC1c1cc(N)ccc12,O=C(O)c1cccc2[nH]c(C3CC3)nc12,CC(C)(C)OC(=O)N1C2CCC1c1cc(NC(=O)c3cccc4[nH]c(C5CC5)nc34)ccc12,Amidation,,
C198161,1,,,,O=C(O)c1cccc2[nH]c(C3CC3)nc12,Nc1cccc2c1CN(C1CCC(=O)NC1=O)C2=O,O=C1CCC(N2Cc3c(NC(=O)c4cccc5[nH]c(C6CC6)nc45)cccc3C2=O)C(=O)N1,Amidation,,
C198164,1,,,,O=C(O)c1cccc2[nH]c(C3CC3)nc12,Cc1ccc(C(=O)Nc2cc(Br)ccc2O)cc1N,Cc1ccc(C(=O)Nc2cc(Br)ccc2O)cc1NC(=O)c1cccc2[nH]c(C3CC3)nc12,Amidation,,
C198165,1,,,,O=C(O)c1cccc2[nH]c(C3CC3)nc12,CC(C)(C)OC(=O)N1C2CCC1c1c(N)cccc12,CC(C)(C)OC(=O)N1C2CCC1c1c(NC(=O)c3cccc4[nH]c(C5CC5)nc34)cccc12,Amidation,,
C179972,1,,,,Nc1ccc2c(c1)C(=O)NC2=O,O=C(O)c1cc(C2CC2)nc2c1cnn2Cc1ccncc1,O=C1NC(=O)c2cc(NC(=O)c3cc(C4CC4)nc4c3cnn4Cc3ccncc3)ccc21,Amidation,,
C179973,1,,,,CN1Cc2cc(N)ccc2C1=O,O=C(O)c1cc(C2CC2)nc2c1cnn2Cc1ccncc1,CN1Cc2cc(NC(=O)c3cc(C4CC4)nc4c3cnn4Cc3ccncc3)ccc2C1=O,Amidation,,
C179974,1,,,,Nc1cc2c(cc1F)CNC2=O,O=C(O)c1cc(C2CC2)nc2c1cnn2Cc1ccncc1,O=C1NCc2cc(F)c(NC(=O)c3cc(C4CC4)nc4c3cnn4Cc3ccncc3)cc21,Amidation,,
C198167,1,,,,O=C(O)c1cccc2[nH]c(C3CC3)nc12,NCc1cccc(N2C(=O)NC3(CCCC3)C2=O)c1,O=C(NCc1cccc(N2C(=O)NC3(CCCC3)C2=O)c1)c1cccc2[nH]c(C3CC3)nc12,Amidation,,
C198168,1,,,,Nc1ccc2c(c1)C(=O)N(C1CCCNC1=O)C2=O,O=C(O)c1cccc2[nH]c(C3CC3)nc12,O=C(Nc1ccc2c(c1)C(=O)N(C1CCCNC1=O)C2=O)c1cccc2[nH]c(C3CC3)nc12,Amidation,,
C198171,1,,,,O=C(O)c1cccc2[nH]c(C3CC3)nc12,Nc1cccc2c1C(=O)N(C1CCC(=O)NC1=O)C2,O=C1CCC(N2Cc3cccc(NC(=O)c4cccc5[nH]c(C6CC6)nc45)c3C2=O)C(=O)N1,Amidation,,
C179980,1,,,,Nc1cc2c(cc1F)CNC2=O,CCc1ccc(Cn2ncc3c(C(=O)O)cc(C)nc32)cc1,CCc1ccc(Cn2ncc3c(C(=O)Nc4cc5c(cc4F)CNC5=O)cc(C)nc32)cc1,Amidation,,
C179981,1,,,,CN1Cc2cc(N)ccc2C1=O,CCc1ccc(Cn2ncc3c(C(=O)O)cc(C)nc32)cc1,CCc1ccc(Cn2ncc3c(C(=O)Nc4ccc5c(c4)CN(C)C5=O)cc(C)nc32)cc1,Amidation,,
C179982,1,,,,Nc1ccc2c(c1)C(=O)NC2=O,CCc1ccc(Cn2ncc3c(C(=O)O)cc(C)nc32)cc1,CCc1ccc(Cn2ncc3c(C(=O)Nc4ccc5c(c4)C(=O)NC5=O)cc(C)nc32)cc1,Amidation,,
C179991,1,,,,CCN1Cc2ccc(N)cc2C1,O=C(O)c1cc(C2CC2)nc2c1cnn2Cc1ccncc1,CCN1Cc2ccc(NC(=O)c3cc(C4CC4)nc4c3cnn4Cc3ccncc3)cc2C1,Amidation,,
C179992,1,,,,CN1Cc2ccc(N)cc2C1=O,O=C(O)c1cc(C2CC2)nc2c1cnn2Cc1ccncc1,CN1Cc2ccc(NC(=O)c3cc(C4CC4)nc4c3cnn4Cc3ccncc3)cc2C1=O,Amidation,,
C179997,1,,,,CC(=O)N1Cc2ccc(N)cc2C1,O=C(O)c1cc(C2CC2)nc2c1cnn2C1CCCCC1,CC(=O)N1Cc2ccc(NC(=O)c3cc(C4CC4)nc4c3cnn4C3CCCCC3)cc2C1,Amidation,,
C179999,1,,,,Nc1ccc2c(c1)CN(C1CC(F)CNC1=O)C2=O,CCn1ncc2c(C(=O)O)cc(C)nc21,CCn1ncc2c(C(=O)Nc3ccc4c(c3)CN(C3CC(F)CNC3=O)C4=O)cc(C)nc21,Amidation,,
C180002,1,,,,CCCN1Cc2ccc(N)cc2C1,CCn1ccc(-c2cc(C(=O)O)c3c(C)nn(C)c3n2)n1,CCCN1Cc2ccc(NC(=O)c3cc(-c4ccn(CC)n4)nc4c3c(C)nn4C)cc2C1,Amidation,,
C180012,1,,,,CCCN1Cc2ccc(N)cc2C1,CCn1nccc1-c1cc(C(=O)O)c2c(C)nn(C)c2n1,CCCN1Cc2ccc(NC(=O)c3cc(-c4ccnn4CC)nc4c3c(C)nn4C)cc2C1,Amidation,,
C188638,1,,,,Cn1cc(-c2cn3ccc(C(=O)O)cc3n2)cn1,C#Cc1cnc(Cl)c(F)c1N,C#Cc1cnc(Cl)c(F)c1NC(=O)c1ccn2cc(-c3cnn(C)c3)nc2c1,Amidation,,
C180014,1,,,,CN1Cc2cc(N)ccc2C1(C)C,CCn1nccc1-c1cc(C(=O)O)c2c(C)nn(C)c2n1,CCn1nccc1-c1cc(C(=O)Nc2ccc3c(c2)CN(C)C3(C)C)c2c(C)nn(C)c2n1,Amidation,,
C180018,1,,,,CN1C(=O)c2ccc(N)cc2C1=O,O=C(O)c1cc(C2CC2)nc2c1cnn2Cc1ccsc1,CN1C(=O)c2ccc(NC(=O)c3cc(C4CC4)nc4c3cnn4Cc3ccsc3)cc2C1=O,Amidation,,
C180019,1,,,,CC(=O)N1Cc2ccc(N)cc2C1,O=C(O)c1cc(C2CC2)nc2c1cnn2Cc1ccsc1,CC(=O)N1Cc2ccc(NC(=O)c3cc(C4CC4)nc4c3cnn4Cc3ccsc3)cc2C1,Amidation,,
C180020,1,,,,CCCN1Cc2ccc(N)cc2C1,O=C(O)c1cc(C2CC2)nc2c1cnn2Cc1ccsc1,CCCN1Cc2ccc(NC(=O)c3cc(C4CC4)nc4c3cnn4Cc3ccsc3)cc2C1,Amidation,,
C180021,1,,,,CCN1Cc2ccc(N)cc2C1=O,O=C(O)c1cc(C2CC2)nc2c1cnn2Cc1ccsc1,CCN1Cc2ccc(NC(=O)c3cc(C4CC4)nc4c3cnn4Cc3ccsc3)cc2C1=O,Amidation,,
C180024,1,,,,CCN1Cc2ccc(N)cc2C1=O,O=C(O)c1cc(C2CC2)nc2c1cnn2C1CCCCC1,CCN1Cc2ccc(NC(=O)c3cc(C4CC4)nc4c3cnn4C3CCCCC3)cc2C1=O,Amidation,,
C180025,1,,,,CN1Cc2cc(N)ccc2C1(C)C,O=C(O)c1cc(C2CC2)nc2c1cnn2C1CCCCC1,CN1Cc2cc(NC(=O)c3cc(C4CC4)nc4c3cnn4C3CCCCC3)ccc2C1(C)C,Amidation,,
C180027,1,,,,Nc1cc2c(cc1Br)CN(C=O)C2,O=C(O)c1cc(C2CC2)nc2c1cnn2C1CCCCC1,O=CN1Cc2cc(Br)c(NC(=O)c3cc(C4CC4)nc4c3cnn4C3CCCCC3)cc2C1,Amidation,,
C180028,1,,,,CCN1Cc2cc(N)ccc2C1=O,O=C(O)c1cc(C2CC2)nc2c1cnn2C1CCCCC1,CCN1Cc2cc(NC(=O)c3cc(C4CC4)nc4c3cnn4C3CCCCC3)ccc2C1=O,Amidation,,
C180030,1,,,,CN1C(=O)c2ccc(N)cc2C1=O,Cc1cc(C(=O)O)c2c(C)nn(-c3ccc(F)cc3)c2n1,Cc1cc(C(=O)Nc2ccc3c(c2)C(=O)N(C)C3=O)c2c(C)nn(-c3ccc(F)cc3)c2n1,Amidation,,
C180031,1,,,,CC(=O)N1Cc2ccc(N)cc2C1,Cc1cc(C(=O)O)c2c(C)nn(-c3ccc(F)cc3)c2n1,CC(=O)N1Cc2ccc(NC(=O)c3cc(C)nc4c3c(C)nn4-c3ccc(F)cc3)cc2C1,Amidation,,
C180032,1,,,,CCCN1Cc2ccc(N)cc2C1,Cc1cc(C(=O)O)c2c(C)nn(-c3ccc(F)cc3)c2n1,CCCN1Cc2ccc(NC(=O)c3cc(C)nc4c3c(C)nn4-c3ccc(F)cc3)cc2C1,Amidation,,
C180033,1,,,,CCN1Cc2ccc(N)cc2C1=O,Cc1cc(C(=O)O)c2c(C)nn(-c3ccc(F)cc3)c2n1,CCN1Cc2ccc(NC(=O)c3cc(C)nc4c3c(C)nn4-c3ccc(F)cc3)cc2C1=O,Amidation,,
C180034,1,,,,CN1Cc2cc(N)ccc2C1(C)C,Cc1cc(C(=O)O)c2c(C)nn(-c3ccc(F)cc3)c2n1,Cc1cc(C(=O)Nc2ccc3c(c2)CN(C)C3(C)C)c2c(C)nn(-c3ccc(F)cc3)c2n1,Amidation,,
C180037,1,,,,CCN1Cc2cc(N)ccc2C1=O,Cc1cc(C(=O)O)c2c(C)nn(-c3ccc(F)cc3)c2n1,CCN1Cc2cc(NC(=O)c3cc(C)nc4c3c(C)nn4-c3ccc(F)cc3)ccc2C1=O,Amidation,,
C188669,1,,,,O=C(O)c1ccn2cc(C3CC3)nc2c1,Nc1c2c(nc3c1CCC3)CCCC2,O=C(Nc1c2c(nc3c1CCC3)CCCC2)c1ccn2cc(C3CC3)nc2c1,Amidation,,
C188670,1,,,,O=Cc1cn2cc(Br)c(C(=O)O)cc2n1,Nc1c2c(nc3c1CCC3)CCCC2,O=Cc1cn2cc(Br)c(C(=O)Nc3c4c(nc5c3CCC5)CCCC4)cc2n1,Amidation,,
C180047,1,,,,CN1Cc2cc(N)ccc2C1(C)C,O=C(O)c1cc(C2CC2)nc2c1cnn2Cc1ccsc1,CN1Cc2cc(NC(=O)c3cc(C4CC4)nc4c3cnn4Cc3ccsc3)ccc2C1(C)C,Amidation,,
C188673,1,,,,O=Cc1cn2cc(Br)c(C(=O)O)cc2n1,N#Cc1cnc2cc(I)ccc2c1N,N#Cc1cnc2cc(I)ccc2c1NC(=O)c1cc2nc(C=O)cn2cc1Br,Amidation,,
C180050,1,,,,CCN1Cc2cc(N)ccc2C1=O,O=C(O)c1cc(C2CC2)nc2c1cnn2Cc1ccsc1,CCN1Cc2cc(NC(=O)c3cc(C4CC4)nc4c3cnn4Cc3ccsc3)ccc2C1=O,Amidation,,
C188678,1,,,,O=Cc1cn2cc(Br)c(C(=O)O)cc2n1,N#Cc1cnc2c(Br)cccc2c1N,N#Cc1cnc2c(Br)cccc2c1NC(=O)c1cc2nc(C=O)cn2cc1Br,Amidation,,
C180064,1,,,,CCCN1Cc2ccc(N)cc2C1,Cc1cc(C(=O)O)c2c(C)nn(CC(=O)NC(C)C)c2n1,CCCN1Cc2ccc(NC(=O)c3cc(C)nc4c3c(C)nn4CC(=O)NC(C)C)cc2C1,Amidation,,
C180073,1,,,,Nc1ccc2c(c1)CN(C1CC(F)CNC1=O)C2=O,Cc1cc(C(=O)O)c2c(C)nn(C)c2n1,Cc1cc(C(=O)Nc2ccc3c(c2)CN(C2CC(F)CNC2=O)C3=O)c2c(C)nn(C)c2n1,Amidation,,
C180082,1,,,,Nc1cc2c(cc1Br)CN(C=O)C2,COC(=O)c1cc(C2CC2)nc2c1c(C)nn2CC(=O)O,COC(=O)c1cc(C2CC2)nc2c1c(C)nn2CC(=O)Nc1cc2c(cc1Br)CN(C=O)C2,Amidation,,
C188708,1,,,,O=C(O)c1ccn2cc(C3CC3)nc2c1,Cc1ccc2c(N)c(C#N)cnc2c1Br,Cc1ccc2c(NC(=O)c3ccn4cc(C5CC5)nc4c3)c(C#N)cnc2c1Br,Amidation,,
C180089,1,,,,CN1Cc2cc(N)ccc2C1(C)C,COC(=O)c1cc(C)nc2c1c(C1CC1)nn2CC(=O)O,COC(=O)c1cc(C)nc2c1c(C1CC1)nn2CC(=O)Nc1ccc2c(c1)CN(C)C2(C)C,Amidation,,
C198429,1,,,,O=C(Nc1cc(Cl)cc(C(=O)O)c1)OCc1ccccc1,CN1C(=O)NC(C)(c2ccc(N)cc2)C1=O,CN1C(=O)NC(C)(c2ccc(NC(=O)c3cc(Cl)cc(NC(=O)OCc4ccccc4)c3)cc2)C1=O,Amidation,,
C188724,1,,,,O=C(O)c1ccn2cc(C3CC3)nc2c1,Nc1ccncc1-c1ccc(F)cc1F,O=C(Nc1ccncc1-c1ccc(F)cc1F)c1ccn2cc(C3CC3)nc2c1,Amidation,,
C198452,1,,,,O=C(Nc1cc(Cl)cc(C(=O)O)c1)OCc1ccccc1,CC1(c2ccc([N+](=O)[O-])cc2)NC(=O)N(N)C1=O,CC1(c2ccc([N+](=O)[O-])cc2)NC(=O)N(NC(=O)c2cc(Cl)cc(NC(=O)OCc3ccccc3)c2)C1=O,Amidation,,
C198454,1,,,,O=C(Nc1cc(Cl)cc(C(=O)O)c1)OCc1ccccc1,CC(C)(C)OC(=O)Nc1ccc2c(c1)CCC2N,CC(C)(C)OC(=O)Nc1ccc2c(c1)CCC2NC(=O)c1cc(Cl)cc(NC(=O)OCc2ccccc2)c1,Amidation,,
C198456,1,,,,O=C(Nc1cc(Cl)cc(C(=O)O)c1)OCc1ccccc1,CC(N)c1ccc(-n2cnc3ccccc32)c(F)c1,CC(NC(=O)c1cc(Cl)cc(NC(=O)OCc2ccccc2)c1)c1ccc(-n2cnc3ccccc32)c(F)c1,Amidation,,
C198463,1,,,,O=C(Nc1cc(Cl)cc(C(=O)O)c1)OCc1ccccc1,COc1cc(C(C)(C)NC(=O)OC(C)(C)C)ccc1N,COc1cc(C(C)(C)NC(=O)OC(C)(C)C)ccc1NC(=O)c1cc(Cl)cc(NC(=O)OCc2ccccc2)c1,Amidation,,
C188761,1,,,,O=C(O)c1ccn2cc(C(F)(F)F)nc2c1,Nc1c2c(nc3c1CCC3)CCCC2,O=C(Nc1c2c(nc3c1CCC3)CCCC2)c1ccn2cc(C(F)(F)F)nc2c1,Amidation,,
C188780,1,,,,O=Cc1cn2cc(Br)c(C(=O)O)cc2n1,Cc1ccc2c(N)c(C#N)cnc2c1Br,Cc1ccc2c(NC(=O)c3cc4nc(C=O)cn4cc3Br)c(C#N)cnc2c1Br,Amidation,,
C188800,1,,,,O=Cc1cn2cc(Br)c(C(=O)O)cc2n1,Nc1c2c(nc3ccccc13)CCCC2,O=Cc1cn2cc(Br)c(C(=O)Nc3c4c(nc5ccccc35)CCCC4)cc2n1,Amidation,,
C188803,1,,,,CC(C)(C)OC(=O)NCc1cn2ccc(C(=O)O)cc2n1,Cc1cnc(Cl)c(I)c1N,Cc1cnc(Cl)c(I)c1NC(=O)c1ccn2cc(CNC(=O)OC(C)(C)C)nc2c1,Amidation,,
C180177,1,,,,Cn1c(=O)[nH]c2c(C(=O)O)cc(Br)cc21,CCOCCCN1Cc2ccc(N)cc2C1,CCOCCCN1Cc2ccc(NC(=O)c3cc(Br)cc4c3[nH]c(=O)n4C)cc2C1,Amidation,,
C198520,1,,,,C#Cc1cnc(Cl)c(F)c1N,Cn1c(C2CC2)cc(C(=O)O)c1C1CC1,C#Cc1cnc(Cl)c(F)c1NC(=O)c1cc(C2CC2)n(C)c1C1CC1,Amidation,,
C180192,1,,,,Cn1c(=O)[nH]c2c(C(=O)O)cc(Br)cc21,CC(C)c1ccc(N2Cc3ccc(N)cc3C2)cc1,CC(C)c1ccc(N2Cc3ccc(NC(=O)c4cc(Br)cc5c4[nH]c(=O)n5C)cc3C2)cc1,Amidation,,
C188825,1,,,,CC(C)(C)OC(=O)NCc1cn2ccc(C(=O)O)cc2n1,Cc1cnc(Cl)c(Br)c1N,Cc1cnc(Cl)c(Br)c1NC(=O)c1ccn2cc(CNC(=O)OC(C)(C)C)nc2c1,Amidation,,
C198544,1,,,,Nc1ccnc2c1CCCCC2,Cn1c(C2CC2)cc(C(=O)O)c1C1CC1,Cn1c(C2CC2)cc(C(=O)Nc2ccnc3c2CCCCC3)c1C1CC1,Amidation,,
C198545,1,,,,Nc1cc(S)ncc1C(F)(F)F,Cn1c(C2CC2)cc(C(=O)O)c1C1CC1,Cn1c(C2CC2)cc(C(=O)Nc2cc(S)ncc2C(F)(F)F)c1C1CC1,Amidation,,
C188837,1,,,,Cn1cc(-c2cn3ccc(C(=O)O)cc3n2)cn1,N#Cc1cnc2ccccc2c1N,Cn1cc(-c2cn3ccc(C(=O)Nc4c(C#N)cnc5ccccc45)cc3n2)cn1,Amidation,,
C198547,1,,,,Cc1cc(N)c2c(n1)CCCC2,Cn1c(C2CC2)cc(C(=O)O)c1C1CC1,Cc1cc(NC(=O)c2cc(C3CC3)n(C)c2C2CC2)c2c(n1)CCCC2,Amidation,,
C198569,1,,,,COC(=O)c1cnc(Cl)c(F)c1N,Cn1c(C2CC2)cc(C(=O)O)c1C1CC1,COC(=O)c1cnc(Cl)c(F)c1NC(=O)c1cc(C2CC2)n(C)c1C1CC1,Amidation,,
C198572,1,,,,COC(=O)c1c(N)cc(Cl)nc1Cl,Cn1c(C2CC2)cc(C(=O)O)c1C1CC1,COC(=O)c1c(NC(=O)c2cc(C3CC3)n(C)c2C2CC2)cc(Cl)nc1Cl,Amidation,,
C198573,1,,,,CN(C)c1cc(N)c2c(n1)CCC2,Cn1c(C2CC2)cc(C(=O)O)c1C1CC1,CN(C)c1cc(NC(=O)c2cc(C3CC3)n(C)c2C2CC2)c2c(n1)CCC2,Amidation,,
C188866,1,,,,O=C(O)c1ccn2cc(C(F)(F)F)nc2c1,Cc1ccc2c(N)c(C#N)cnc2c1Br,Cc1ccc2c(NC(=O)c3ccn4cc(C(F)(F)F)nc4c3)c(C#N)cnc2c1Br,Amidation,,
C198585,1,,,,COC(=O)CCc1c(N)ccnc1F,Cn1c(C2CC2)cc(C(=O)O)c1C1CC1,COC(=O)CCc1c(NC(=O)c2cc(C3CC3)n(C)c2C2CC2)ccnc1F,Amidation,,
C188878,1,,,,O=C(O)c1ccn2cc(C3CC3)nc2c1,Nc1c2c(nc3cccc(Cl)c13)CCCC2,O=C(Nc1c2c(nc3cccc(Cl)c13)CCCC2)c1ccn2cc(C3CC3)nc2c1,Amidation,,
C198588,1,,,,N#Cc1cnc2c(Br)cccc2c1N,Cn1c(C2CC2)cc(C(=O)O)c1C1CC1,Cn1c(C2CC2)cc(C(=O)Nc2c(C#N)cnc3c(Br)cccc23)c1C1CC1,Amidation,,
C198590,1,,,,Nc1c2c(nc3c1CCC3)CCCC2,Cn1c(C2CC2)cc(C(=O)O)c1C1CC1,Cn1c(C2CC2)cc(C(=O)Nc2c3c(nc4c2CCC4)CCCC3)c1C1CC1,Amidation,,
C188885,1,,,,O=Cc1cn2cc(Br)c(C(=O)O)cc2n1,CN1CCc2nc3ccccc3c(N)c2C1,CN1CCc2nc3ccccc3c(NC(=O)c3cc4nc(C=O)cn4cc3Br)c2C1,Amidation,,
C188886,1,,,,O=Cc1cn2cc(Br)c(C(=O)O)cc2n1,Nc1c2c(nc3cccc(Cl)c13)CCCC2,O=Cc1cn2cc(Br)c(C(=O)Nc3c4c(nc5cccc(Cl)c35)CCCC4)cc2n1,Amidation,,
C198593,1,,,,CCOC(=O)c1cnc(Cl)c(F)c1N,Cn1c(C2CC2)cc(C(=O)O)c1C1CC1,CCOC(=O)c1cnc(Cl)c(F)c1NC(=O)c1cc(C2CC2)n(C)c1C1CC1,Amidation,,
C198596,1,,,,N#Cc1cnc2cc(I)ccc2c1N,Cn1c(C2CC2)cc(C(=O)O)c1C1CC1,Cn1c(C2CC2)cc(C(=O)Nc2c(C#N)cnc3cc(I)ccc23)c1C1CC1,Amidation,,
C198597,1,,,,CC(C)(C)OC(=O)c1cnc(Br)cc1N,Cn1c(C2CC2)cc(C(=O)O)c1C1CC1,Cn1c(C2CC2)cc(C(=O)Nc2cc(Br)ncc2C(=O)OC(C)(C)C)c1C1CC1,Amidation,,
C198599,1,,,,Nc1c2c(nc3ccccc13)CCCC2,Cn1c(C2CC2)cc(C(=O)O)c1C1CC1,Cn1c(C2CC2)cc(C(=O)Nc2c3c(nc4ccccc24)CCCC3)c1C1CC1,Amidation,,
C198600,1,,,,Cc1nc2ccccc2c(N)c1C(C)C,Cn1c(C2CC2)cc(C(=O)O)c1C1CC1,Cc1nc2ccccc2c(NC(=O)c2cc(C3CC3)n(C)c2C2CC2)c1C(C)C,Amidation,,
C198601,1,,,,Cc1ccc2c(N)c(C#N)cnc2c1Br,Cn1c(C2CC2)cc(C(=O)O)c1C1CC1,Cc1ccc2c(NC(=O)c3cc(C4CC4)n(C)c3C3CC3)c(C#N)cnc2c1Br,Amidation,,
C198602,1,,,,CC(C)c1nc(Br)c(C#N)c(N)c1C#N,Cn1c(C2CC2)cc(C(=O)O)c1C1CC1,CC(C)c1nc(Br)c(C#N)c(NC(=O)c2cc(C3CC3)n(C)c2C2CC2)c1C#N,Amidation,,
C198603,1,,,,Nc1ccncc1CCC1CCCCC1,Cn1c(C2CC2)cc(C(=O)O)c1C1CC1,Cn1c(C2CC2)cc(C(=O)Nc2ccncc2CCC2CCCCC2)c1C1CC1,Amidation,,
C198607,1,,,,Nc1c2c(nc3ccccc13)CCOC2,Cn1c(C2CC2)cc(C(=O)O)c1C1CC1,Cn1c(C2CC2)cc(C(=O)Nc2c3c(nc4ccccc24)CCOC3)c1C1CC1,Amidation,,
C198609,1,,,,CC(=O)c1cnc2ccc(Br)cc2c1N,Cn1c(C2CC2)cc(C(=O)O)c1C1CC1,CC(=O)c1cnc2ccc(Br)cc2c1NC(=O)c1cc(C2CC2)n(C)c1C1CC1,Amidation,,
C198611,1,,,,Nc1ccncc1-c1ccc(F)cc1F,Cn1c(C2CC2)cc(C(=O)O)c1C1CC1,Cn1c(C2CC2)cc(C(=O)Nc2ccncc2-c2ccc(F)cc2F)c1C1CC1,Amidation,,
C198612,1,,,,CC(=O)c1c(C)nc2ccccc2c1N,Cn1c(C2CC2)cc(C(=O)O)c1C1CC1,CC(=O)c1c(C)nc2ccccc2c1NC(=O)c1cc(C2CC2)n(C)c1C1CC1,Amidation,,
C198614,1,,,,CC1(C)CCc2c1nc1c(c2N)CCC1,Cn1c(C2CC2)cc(C(=O)O)c1C1CC1,Cn1c(C2CC2)cc(C(=O)Nc2c3c(nc4c2CCC4(C)C)CCC3)c1C1CC1,Amidation,,
C198615,1,,,,Cc1cnc(-c2ccnc(O)c2)cc1N,Cn1c(C2CC2)cc(C(=O)O)c1C1CC1,Cc1cnc(-c2ccnc(O)c2)cc1NC(=O)c1cc(C2CC2)n(C)c1C1CC1,Amidation,,
C198620,1,,,,N#Cc1c(N)ccn(-c2ccccc2)c1=O,Cn1c(C2CC2)cc(C(=O)O)c1C1CC1,Cn1c(C2CC2)cc(C(=O)Nc2ccn(-c3ccccc3)c(=O)c2C#N)c1C1CC1,Amidation,,
C198621,1,,,,Cc1cccc2c(N)c3c(nc12)CCCC3,Cn1c(C2CC2)cc(C(=O)O)c1C1CC1,Cc1cccc2c(NC(=O)c3cc(C4CC4)n(C)c3C3CC3)c3c(nc12)CCCC3,Amidation,,
C198622,1,,,,CN1CCc2nc3ccccc3c(N)c2C1,Cn1c(C2CC2)cc(C(=O)O)c1C1CC1,CN1CCc2nc3ccccc3c(NC(=O)c3cc(C4CC4)n(C)c3C3CC3)c2C1,Amidation,,
C198623,1,,,,Nc1c2c(nc3cccc(Cl)c13)CCCC2,Cn1c(C2CC2)cc(C(=O)O)c1C1CC1,Cn1c(C2CC2)cc(C(=O)Nc2c3c(nc4cccc(Cl)c24)CCCC3)c1C1CC1,Amidation,,
C198767,1,,,,O=C(Nc1cc(Cl)cc(C(=O)O)c1)OCc1ccccc1,CCN1CCc2ccc(N)cc21,CCN1CCc2ccc(NC(=O)c3cc(Cl)cc(NC(=O)OCc4ccccc4)c3)cc21,Amidation,,
C198800,1,,,,O=C(Nc1cc(Cl)cc(C(=O)O)c1)OCc1ccccc1,CCCCN1CCc2ccc(N)cc21,CCCCN1CCc2ccc(NC(=O)c3cc(Cl)cc(NC(=O)OCc4ccccc4)c3)cc21,Amidation,,
C180376,1,,,,CCCCN1Cc2ccc(N)cc2C1,O=C(O)c1cccc2c3c([nH]c12)CCCCC3,CCCCN1Cc2ccc(NC(=O)c3cccc4c5c([nH]c34)CCCCC5)cc2C1,Amidation,,
C180377,1,,,,Nc1ccc2c(c1)CN(CC(F)F)C2,O=C(O)c1cccc2c3c([nH]c12)CCCCC3,O=C(Nc1ccc2c(c1)CN(CC(F)F)C2)c1cccc2c3c([nH]c12)CCCCC3,Amidation,,
C180380,1,,,,CCCCN1Cc2ccc(N)cc2C1,CC1CCc2[nH]c3c(C(=O)O)cccc3c2C1,CCCCN1Cc2ccc(NC(=O)c3cccc4c5c([nH]c34)CCC(C)C5)cc2C1,Amidation,,
C198839,1,,,,O=C(Nc1cc(Cl)cc(C(=O)O)c1)OCc1ccccc1,CNC(=O)CN1CCc2ccc(N)cc21,CNC(=O)CN1CCc2ccc(NC(=O)c3cc(Cl)cc(NC(=O)OCc4ccccc4)c3)cc21,Amidation,,
C180398,1,,,,COCCCN1Cc2ccc(N)cc2C1,O=C(O)c1cccc2c3c([nH]c12)CCCCC3,COCCCN1Cc2ccc(NC(=O)c3cccc4c5c([nH]c34)CCCCC5)cc2C1,Amidation,,
C180399,1,,,,Nc1ccc2c(c1)CN(CC(F)(F)F)C2,O=C(O)c1cccc2c3c([nH]c12)CCCCC3,O=C(Nc1ccc2c(c1)CN(CC(F)(F)F)C2)c1cccc2c3c([nH]c12)CCCCC3,Amidation,,
C198845,1,,,,O=C(Nc1cc(Cl)cc(C(=O)O)c1)OCc1ccccc1,Nc1ccc(CCN2CCSCC2)cc1,O=C(Nc1cc(Cl)cc(C(=O)Nc2ccc(CCN3CCSCC3)cc2)c1)OCc1ccccc1,Amidation,,
C198862,1,,,,CN1CCN(CCc2ccc(N)cc2)CC1,O=C(Nc1cc(Cl)cc(C(=O)O)c1)OCc1ccccc1,CN1CCN(CCc2ccc(NC(=O)c3cc(Cl)cc(NC(=O)OCc4ccccc4)c3)cc2)CC1,Amidation,,
C180419,1,,,,CC(C)CCN1Cc2ccc(N)cc2C1,CC1CCc2[nH]c3c(C(=O)O)cccc3c2C1,CC(C)CCN1Cc2ccc(NC(=O)c3cccc4c5c([nH]c34)CCC(C)C5)cc2C1,Amidation,,
C180423,1,,,,COCCN1Cc2cc(N)ccc2C1=O,CC1CCc2[nH]c3c(C(=O)O)cccc3c2C1,COCCN1Cc2cc(NC(=O)c3cccc4c5c([nH]c34)CCC(C)C5)ccc2C1=O,Amidation,,
C180424,1,,,,Nc1ccc2c(c1)CN(CC(F)(F)F)C2,CC1CCc2[nH]c3c(C(=O)O)cccc3c2C1,CC1CCc2[nH]c3c(C(=O)Nc4ccc5c(c4)CN(CC(F)(F)F)C5)cccc3c2C1,Amidation,,
C180425,1,,,,COCCCN1Cc2ccc(N)cc2C1,CC1CCc2[nH]c3c(C(=O)O)cccc3c2C1,COCCCN1Cc2ccc(NC(=O)c3cccc4c5c([nH]c34)CCC(C)C5)cc2C1,Amidation,,
C180426,1,,,,CCCCN1Cc2cc(N)ccc2C1=O,CC1CCc2[nH]c3c(C(=O)O)cccc3c2C1,CCCCN1Cc2cc(NC(=O)c3cccc4c5c([nH]c34)CCC(C)C5)ccc2C1=O,Amidation,,
C198871,1,,,,O=C(Nc1cc(Cl)cc(C(=O)O)c1)OCc1ccccc1,CCC1(c2ccc(N)cc2)CCC(=O)NC1=O,CCC1(c2ccc(NC(=O)c3cc(Cl)cc(NC(=O)OCc4ccccc4)c3)cc2)CCC(=O)NC1=O,Amidation,,
C198874,1,,,,O=C(Nc1cc(Cl)cc(C(=O)O)c1)OCc1ccccc1,COc1cc(CCNC(C)=O)c(OC)cc1N,COc1cc(NC(=O)c2cc(Cl)cc(NC(=O)OCc3ccccc3)c2)c(OC)cc1CCNC(C)=O,Amidation,,
C180432,1,,,,CCOCCCN1Cc2ccc(N)cc2C1,CC1CCc2[nH]c3c(C(=O)O)cccc3c2C1,CCOCCCN1Cc2ccc(NC(=O)c3cccc4c5c([nH]c34)CCC(C)C5)cc2C1,Amidation,,
C198883,1,,,,O=C(Nc1cc(Cl)cc(C(=O)O)c1)OCc1ccccc1,Nc1ccc(CC(=O)NCc2ccccc2)cc1,O=C(Cc1ccc(NC(=O)c2cc(Cl)cc(NC(=O)OCc3ccccc3)c2)cc1)NCc1ccccc1,Amidation,,
C180439,1,,,,CCOCCCN1Cc2ccc(N)cc2C1,O=C(O)c1cccc2c3c([nH]c12)CCCCC3,CCOCCCN1Cc2ccc(NC(=O)c3cccc4c5c([nH]c34)CCCCC5)cc2C1,Amidation,,
C198887,1,,,,O=C(Nc1cc(Cl)cc(C(=O)O)c1)OCc1ccccc1,CC(C)(C)OC(=O)NC1Cc2ccc(N)cc2C1,CC(C)(C)OC(=O)NC1Cc2ccc(NC(=O)c3cc(Cl)cc(NC(=O)OCc4ccccc4)c3)cc2C1,Amidation,,
C198888,1,,,,O=C(Nc1cc(Cl)cc(C(=O)O)c1)OCc1ccccc1,CN(CCc1ccc(N)cc1)C(=O)OC(C)(C)C,CN(CCc1ccc(NC(=O)c2cc(Cl)cc(NC(=O)OCc3ccccc3)c2)cc1)C(=O)OC(C)(C)C,Amidation,,
C198889,1,,,,O=C(Nc1cc(Cl)cc(C(=O)O)c1)OCc1ccccc1,CC(C)(C)OC(=O)Nc1ccc(C2CNC2)cc1,CC(C)(C)OC(=O)Nc1ccc(C2CN(C(=O)c3cc(Cl)cc(NC(=O)OCc4ccccc4)c3)C2)cc1,Amidation,,
C180449,1,,,,Nc1ccc2c(c1)CN(C1CC(=O)NC1=O)C2=O,O=C(O)c1cccc2c3c([nH]c12)CCCC3,O=C1CC(N2Cc3cc(NC(=O)c4cccc5c6c([nH]c45)CCCC6)ccc3C2=O)C(=O)N1,Amidation,,
C198896,1,,,,O=C(Nc1cc(Cl)cc(C(=O)O)c1)OCc1ccccc1,CC(C)(C)OC(=O)C(N)Cc1ccc([N+](=O)[O-])cc1,CC(C)(C)OC(=O)C(Cc1ccc([N+](=O)[O-])cc1)NC(=O)c1cc(Cl)cc(NC(=O)OCc2ccccc2)c1,Amidation,,
C198899,1,,,,O=C(Nc1cc(Cl)cc(C(=O)O)c1)OCc1ccccc1,CC(C)(C)OC(=O)N1CCC(c2ccc(N)cc2)C1,CC(C)(C)OC(=O)N1CCC(c2ccc(NC(=O)c3cc(Cl)cc(NC(=O)OCc4ccccc4)c3)cc2)C1,Amidation,,
C198909,1,,,,O=C(Nc1cc(Cl)cc(C(=O)O)c1)OCc1ccccc1,Nc1ccc(CC(=O)N2CCCc3ccccc32)cc1,O=C(Nc1cc(Cl)cc(C(=O)Nc2ccc(CC(=O)N3CCCc4ccccc43)cc2)c1)OCc1ccccc1,Amidation,,
C198945,1,,,,CC(C)(C)OC(=O)NCc1cc(Cl)cc(C(=O)O)c1,Nc1cc(Br)cc(-c2nnn[nH]2)c1,CC(C)(C)OC(=O)NCc1cc(Cl)cc(C(=O)Nc2cc(Br)cc(-c3nnn[nH]3)c2)c1,Amidation,,
C198946,1,,,,CC(C)(C)OC(=O)NCc1cc(Cl)cc(C(=O)O)c1,Nc1cc(-c2nnn[nH]2)ccc1F,CC(C)(C)OC(=O)NCc1cc(Cl)cc(C(=O)Nc2cc(-c3nnn[nH]3)ccc2F)c1,Amidation,,
C198948,1,,,,CC(C)(C)OC(=O)NCc1cc(Cl)cc(C(=O)O)c1,Nc1cc(-c2nnn[nH]2)ccc1Cl,CC(C)(C)OC(=O)NCc1cc(Cl)cc(C(=O)Nc2cc(-c3nnn[nH]3)ccc2Cl)c1,Amidation,,
C198952,1,,,,CC(C)(C)OC(=O)NCc1cc(Cl)cc(C(=O)O)c1,Cn1nnnc1-c1cc(N)cc(Cl)c1,Cn1nnnc1-c1cc(Cl)cc(NC(=O)c2cc(Cl)cc(CNC(=O)OC(C)(C)C)c2)c1,Amidation,,
C198953,1,,,,CC(C)(C)OC(=O)NCc1cc(Cl)cc(C(=O)O)c1,Nc1cccc(-c2nnnn2C2CC2)c1,CC(C)(C)OC(=O)NCc1cc(Cl)cc(C(=O)Nc2cccc(-c3nnnn3C3CC3)c2)c1,Amidation,,
C198954,1,,,,CC(C)(C)OC(=O)NCc1cc(Cl)cc(C(=O)O)c1,CC(C)n1nnnc1-c1cccc(N)c1,CC(C)n1nnnc1-c1cccc(NC(=O)c2cc(Cl)cc(CNC(=O)OC(C)(C)C)c2)c1,Amidation,,
C179292,1,,,,Nc1ccc2c(c1)CNC2=O,CC(C)c1cc(C(=O)O)c2cnn(-c3ccccc3F)c2n1,CC(C)c1cc(C(=O)Nc2ccc3c(c2)CNC3=O)c2cnn(-c3ccccc3F)c2n1,Amidation,,
C179293,1,,,,CN1Cc2ccc(N)cc2C1,CC(C)c1cc(C(=O)O)c2cnn(-c3ccccc3F)c2n1,CC(C)c1cc(C(=O)Nc2ccc3c(c2)CN(C)C3)c2cnn(-c3ccccc3F)c2n1,Amidation,,
C187870,1,,,,CCCN1Cc2ccc(N)cc2C1,Cc1nn(-c2ccccn2)c2nc(C3CC3)cc(C(=O)O)c12,CCCN1Cc2ccc(NC(=O)c3cc(C4CC4)nc4c3c(C)nn4-c3ccccn3)cc2C1,Amidation,,
C179295,1,,,,Nc1ccc2c(c1)CNC2=O,CC(C)c1cc(C(=O)O)c2cnn(-c3ccc(F)cc3)c2n1,CC(C)c1cc(C(=O)Nc2ccc3c(c2)CNC3=O)c2cnn(-c3ccc(F)cc3)c2n1,Amidation,,
C187871,1,,,,CCN1Cc2ccc(N)cc2C1=O,Cc1nn(-c2ccccn2)c2nc(C3CC3)cc(C(=O)O)c12,CCN1Cc2ccc(NC(=O)c3cc(C4CC4)nc4c3c(C)nn4-c3ccccn3)cc2C1=O,Amidation,,
C189176,1,,,,CC(C)(C)Cn1c(=O)[nH]c2cccc(C(=O)O)c21,CCN1Cc2ccc(N)cc2C1,CCN1Cc2ccc(NC(=O)c3cccc4[nH]c(=O)n(CC(C)(C)C)c34)cc2C1,Amidation,,
C187872,1,,,,CN1Cc2cc(N)ccc2C1(C)C,Cc1nn(-c2ccccn2)c2nc(C3CC3)cc(C(=O)O)c12,Cc1nn(-c2ccccn2)c2nc(C3CC3)cc(C(=O)Nc3ccc4c(c3)CN(C)C4(C)C)c12,Amidation,,
C179297,1,,,,CC(C)N1Cc2ccc(N)cc2C1=O,CCCCn1nc(C)c2c(C(=O)O)c(Cl)c(C)nc21,CCCCn1nc(C)c2c(C(=O)Nc3ccc4c(c3)C(=O)N(C(C)C)C4)c(Cl)c(C)nc21,Amidation,,
C189181,1,,,,CC(C)(C)Cn1c(=O)[nH]c2cccc(C(=O)O)c21,Nc1cc2c(cc1F)CNC2=O,CC(C)(C)Cn1c(=O)[nH]c2cccc(C(=O)Nc3cc4c(cc3F)CNC4=O)c21,Amidation,,
C189182,1,,,,CC(C)(C)Cn1c(=O)[nH]c2cccc(C(=O)O)c21,CN1Cc2cc(N)ccc2C1=O,CN1Cc2cc(NC(=O)c3cccc4[nH]c(=O)n(CC(C)(C)C)c34)ccc2C1=O,Amidation,,
C189184,1,,,,CC(C)(C)Cn1c(=O)[nH]c2cccc(C(=O)O)c21,CCCN1Cc2ccc(N)cc2C1,CCCN1Cc2ccc(NC(=O)c3cccc4[nH]c(=O)n(CC(C)(C)C)c34)cc2C1,Amidation,,
C179298,1,,,,Nc1ccc2c(c1)CN(CC(F)F)C2,CCCCn1nc(C)c2c(C(=O)O)c(Cl)c(C)nc21,CCCCn1nc(C)c2c(C(=O)Nc3ccc4c(c3)CN(CC(F)F)C4)c(Cl)c(C)nc21,Amidation,,
C189193,1,,,,CC(C)(C)Cn1c(=O)[nH]c2cccc(C(=O)O)c21,CCN1Cc2ccc(N)cc2C1=O,CCN1Cc2ccc(NC(=O)c3cccc4[nH]c(=O)n(CC(C)(C)C)c34)cc2C1=O,Amidation,,
C187875,1,,,,CCN1Cc2cc(N)ccc2C1=O,Cc1nn(-c2ccccn2)c2nc(C3CC3)cc(C(=O)O)c12,CCN1Cc2cc(NC(=O)c3cc(C4CC4)nc4c3c(C)nn4-c3ccccn3)ccc2C1=O,Amidation,,
C189195,1,,,,CC(C)(C)Cn1c(=O)[nH]c2cccc(C(=O)O)c21,CN1Cc2cc(N)ccc2C1(C)C,CN1Cc2cc(NC(=O)c3cccc4[nH]c(=O)n(CC(C)(C)C)c34)ccc2C1(C)C,Amidation,,
C199056,1,,,,O=C(Nc1cc(Cl)cc(C(=O)O)c1)OCc1ccccc1,C=C(CN)c1ccc(OC)c([N+](=O)[O-])c1,C=C(CNC(=O)c1cc(Cl)cc(NC(=O)OCc2ccccc2)c1)c1ccc(OC)c([N+](=O)[O-])c1,Amidation,,
C187876,1,,,,CCN1Cc2cc(N)ccc2C1=O,O=C(O)c1cc(C2CC2)nc2c1cnn2Cc1cccnc1,CCN1Cc2cc(NC(=O)c3cc(C4CC4)nc4c3cnn4Cc3cccnc3)ccc2C1=O,Amidation,,
C199059,1,,,,O=C(Nc1cc(Cl)cc(C(=O)O)c1)OCc1ccccc1,Nc1cccc(C(O)CN2CCCCC2)c1,O=C(Nc1cc(Cl)cc(C(=O)Nc2cccc(C(O)CN3CCCCC3)c2)c1)OCc1ccccc1,Amidation,,
C189201,1,,,,CC(C)(C)Cn1c(=O)[nH]c2c(C(=O)O)cccc21,CCN1Cc2cc(N)ccc2C1=O,CCN1Cc2cc(NC(=O)c3cccc4c3[nH]c(=O)n4CC(C)(C)C)ccc2C1=O,Amidation,,
C199061,1,,,,O=C(Nc1cc(Cl)cc(C(=O)O)c1)OCc1ccccc1,CC(C)(C)OC(=O)N1CCc2cccc(N)c21,CC(C)(C)OC(=O)N1CCc2cccc(NC(=O)c3cc(Cl)cc(NC(=O)OCc4ccccc4)c3)c21,Amidation,,
C141606,1,,,,O=C(O)c1ccc2c(c1)C1(CCOCC1)C(=O)N2,Nc1ccc2c(c1)CN(c1ccccc1)C2,O=C(Nc1ccc2c(c1)CN(c1ccccc1)C2)c1ccc2c(c1)C1(CCOCC1)C(=O)N2,Amidation,,
C189206,1,,,,CC(C)(C)Cn1c(=O)[nH]c2c(C(=O)O)cccc21,CCCN1Cc2ccc(N)cc2C1,CCCN1Cc2ccc(NC(=O)c3cccc4c3[nH]c(=O)n4CC(C)(C)C)cc2C1,Amidation,,
C199068,1,,,,O=C(Nc1cc(Cl)cc(C(=O)O)c1)OCc1ccccc1,CN1Cc2c(N)cccc2C(c2ccccc2)C1,CN1Cc2c(NC(=O)c3cc(Cl)cc(NC(=O)OCc4ccccc4)c3)cccc2C(c2ccccc2)C1,Amidation,,
C199069,1,,,,O=C(Nc1cc(Cl)cc(C(=O)O)c1)OCc1ccccc1,CC(C)(C)OC(=O)Nc1cccc(C2CNC2)c1,CC(C)(C)OC(=O)Nc1cccc(C2CN(C(=O)c3cc(Cl)cc(NC(=O)OCc4ccccc4)c3)C2)c1,Amidation,,
C189211,1,,,,CC(C)(C)Cn1c(=O)[nH]c2cccc(C(=O)O)c21,CCN1Cc2cc(N)ccc2C1=O,CCN1Cc2cc(NC(=O)c3cccc4[nH]c(=O)n(CC(C)(C)C)c34)ccc2C1=O,Amidation,,
C199072,1,,,,O=C(Nc1cc(Cl)cc(C(=O)O)c1)OCc1ccccc1,CCOC(=O)CN1C(=O)C(F)(F)c2cc(N)ccc21,CCOC(=O)CN1C(=O)C(F)(F)c2cc(NC(=O)c3cc(Cl)cc(NC(=O)OCc4ccccc4)c3)ccc21,Amidation,,
C199073,1,,,,O=C(Nc1cc(Cl)cc(C(=O)O)c1)OCc1ccccc1,CC(C)(C)OC(=O)Nc1cccc(C2CCCNC2)c1,CC(C)(C)OC(=O)Nc1cccc(C2CCCN(C(=O)c3cc(Cl)cc(NC(=O)OCc4ccccc4)c3)C2)c1,Amidation,,
C189216,1,,,,Nc1ccc2c(c1)CN(CC(F)F)C2,CC(C)(C)Cn1c(=O)[nH]c2c(C(=O)O)cccc21,CC(C)(C)Cn1c(=O)[nH]c2c(C(=O)Nc3ccc4c(c3)CN(CC(F)F)C4)cccc21,Amidation,,
C199826,1,,,,Nc1ccc2c(c1)CN(C1CCC(=O)NC1=O)C2=O,CC1(C)C(=O)Nc2cccc(C(=O)O)c21,CC1(C)C(=O)Nc2cccc(C(=O)Nc3ccc4c(c3)CN(C3CCC(=O)NC3=O)C4=O)c21,Amidation,,
C189222,1,,,,CC(C)(C)Cn1c(=O)[nH]c2cccc(C(=O)O)c21,CCCCN1Cc2ccc(N)cc2C1,CCCCN1Cc2ccc(NC(=O)c3cccc4[nH]c(=O)n(CC(C)(C)C)c34)cc2C1,Amidation,,
C189223,1,,,,Nc1ccc2c(c1)CN(CC(F)F)C2,CC(C)(C)Cn1c(=O)[nH]c2cccc(C(=O)O)c21,CC(C)(C)Cn1c(=O)[nH]c2cccc(C(=O)Nc3ccc4c(c3)CN(CC(F)F)C4)c21,Amidation,,
C189229,1,,,,Nc1ccc2c(c1)CN(CC(F)(F)F)C2,CC(C)(C)Cn1c(=O)[nH]c2cccc(C(=O)O)c21,CC(C)(C)Cn1c(=O)[nH]c2cccc(C(=O)Nc3ccc4c(c3)CN(CC(F)(F)F)C4)c21,Amidation,,
C189230,1,,,,CC(C)(C)Cn1c(=O)[nH]c2cccc(C(=O)O)c21,COCCN1Cc2cc(N)ccc2C1=O,COCCN1Cc2cc(NC(=O)c3cccc4[nH]c(=O)n(CC(C)(C)C)c34)ccc2C1=O,Amidation,,
C189232,1,,,,CC(C)(C)Cn1c(=O)[nH]c2cccc(C(=O)O)c21,COCN1C(=O)c2ccc(N)cc2C1=O,COCN1C(=O)c2ccc(NC(=O)c3cccc4[nH]c(=O)n(CC(C)(C)C)c34)cc2C1=O,Amidation,,
C189234,1,,,,CC(C)(C)Cn1c(=O)[nH]c2cccc(C(=O)O)c21,CC(C)CCN1Cc2ccc(N)cc2C1,CC(C)CCN1Cc2ccc(NC(=O)c3cccc4[nH]c(=O)n(CC(C)(C)C)c34)cc2C1,Amidation,,
C189236,1,,,,CC(C)(C)Cn1c(=O)[nH]c2c(C(=O)O)cccc21,CCCCN1Cc2cc(N)ccc2C1=O,CCCCN1Cc2cc(NC(=O)c3cccc4c3[nH]c(=O)n4CC(C)(C)C)ccc2C1=O,Amidation,,
C189238,1,,,,CC(C)(C)Cn1c(=O)[nH]c2c(C(=O)O)cccc21,CC(C)CCN1Cc2ccc(N)cc2C1,CC(C)CCN1Cc2ccc(NC(=O)c3cccc4c3[nH]c(=O)n4CC(C)(C)C)cc2C1,Amidation,,
C189259,1,,,,CC(C)(C)Cn1c(=O)[nH]c2c(C(=O)O)cccc21,COCCN1Cc2cc(N)ccc2C1=O,COCCN1Cc2cc(NC(=O)c3cccc4c3[nH]c(=O)n4CC(C)(C)C)ccc2C1=O,Amidation,,
C189260,1,,,,Nc1ccc2c(c1)CN(CC(F)(F)F)C2,CC(C)(C)Cn1c(=O)[nH]c2c(C(=O)O)cccc21,CC(C)(C)Cn1c(=O)[nH]c2c(C(=O)Nc3ccc4c(c3)CN(CC(F)(F)F)C4)cccc21,Amidation,,
C189261,1,,,,CC(C)(C)Cn1c(=O)[nH]c2c(C(=O)O)cccc21,COCCCN1Cc2ccc(N)cc2C1,COCCCN1Cc2ccc(NC(=O)c3cccc4c3[nH]c(=O)n4CC(C)(C)C)cc2C1,Amidation,,
C189272,1,,,,CC(C)(C)Cn1c(=O)[nH]c2cccc(C(=O)O)c21,CCCCN1Cc2cc(N)ccc2C1=O,CCCCN1Cc2cc(NC(=O)c3cccc4[nH]c(=O)n(CC(C)(C)C)c34)ccc2C1=O,Amidation,,
C141757,1,,,,COC(=O)c1cc(Cl)c2[nH]cc(C)c2c1,CN1Cc2cc(N)ccc2C1=O,Cc1c[nH]c2c(Cl)cc(C(=O)Nc3ccc4c(c3)CN(C)C4=O)cc12,Ester_amidation,,
C141758,1,,,,COC(=O)c1cc(Cl)c2[nH]cc(C)c2c1,CN1C(=O)c2ccc(N)cc2C1=O,Cc1c[nH]c2c(Cl)cc(C(=O)Nc3ccc4c(c3)C(=O)N(C)C4=O)cc12,Ester_amidation,,
C141759,1,,,,COC(=O)c1cc(Cl)c2[nH]cc(C)c2c1,CCN1Cc2cc(N)ccc2C1=O,CCN1Cc2cc(NC(=O)c3cc(Cl)c4[nH]cc(C)c4c3)ccc2C1=O,Ester_amidation,,
C189305,1,,,,O=C(O)c1ccc2c(c1)C1(CCOCC1)C(=O)N2,Nc1ccc2c(c1)C(=O)N(CC1CC1)C2=O,O=C(Nc1ccc2c(c1)C(=O)N(CC1CC1)C2=O)c1ccc2c(c1)C1(CCOCC1)C(=O)N2,Amidation,,
C189306,1,,,,Nc1ccc2c(c1)CN(C1CCC(=O)NC1=O)C2=O,O=C1Nc2c(Br)cc(C(=O)O)cc2C1=O,O=C1CCC(N2Cc3cc(NC(=O)c4cc(Br)c5c(c4)C(=O)C(=O)N5)ccc3C2=O)C(=O)N1,Amidation,,
C189312,1,,,,Nc1ccc2c(c1)C(=O)N(C1CCC(=O)NC1=O)C2,CN1C(=O)Cc2cc(C(=O)O)cc(Cl)c21,CN1C(=O)Cc2cc(C(=O)Nc3ccc4c(c3)C(=O)N(C3CCC(=O)NC3=O)C4)cc(Cl)c21,Amidation,,
C189320,1,,,,Nc1ccc2c(c1)CN(C1CC(F)CNC1=O)C2=O,CN1C(=O)Cc2cc(C(=O)O)cc(Cl)c21,CN1C(=O)Cc2cc(C(=O)Nc3ccc4c(c3)CN(C3CC(F)CNC3=O)C4=O)cc(Cl)c21,Amidation,,
C189321,1,,,,Nc1ccc2c(c1)CN(C1CC(F)CNC1=O)C2=O,O=C(O)c1ccc2c(c1)C1(CC1)C(=O)N2,O=C(Nc1ccc2c(c1)CN(C1CC(F)CNC1=O)C2=O)c1ccc2c(c1)C1(CC1)C(=O)N2,Amidation,,
C189329,1,,,,CC(C)c1ccc(N2Cc3ccc(N)cc3C2)cc1,O=C1Nc2c(Br)cc(C(=O)O)cc2C1=O,CC(C)c1ccc(N2Cc3ccc(NC(=O)c4cc(Br)c5c(c4)C(=O)C(=O)N5)cc3C2)cc1,Amidation,,
C189330,1,,,,Nc1ccc2c(c1)C(=O)N(c1ccc(F)cc1)C2=O,O=C1Nc2c(Br)cc(C(=O)O)cc2C1=O,O=C1Nc2c(Br)cc(C(=O)Nc3ccc4c(c3)C(=O)N(c3ccc(F)cc3)C4=O)cc2C1=O,Amidation,,
C189332,1,,,,Nc1ccc2c(c1)CN(C1CC(F)CNC1=O)C2=O,O=C1Nc2c(Br)cc(C(=O)O)cc2C1=O,O=C1Nc2c(Br)cc(C(=O)Nc3ccc4c(c3)CN(C3CC(F)CNC3=O)C4=O)cc2C1=O,Amidation,,
C189335,1,,,,Nc1ccc2c(c1)CN(C1CCC(=O)NC1=O)C2=O,CN1C(=O)Cc2cc(C(=O)O)cc(Cl)c21,CN1C(=O)Cc2cc(C(=O)Nc3ccc4c(c3)CN(C3CCC(=O)NC3=O)C4=O)cc(Cl)c21,Amidation,,
C187904,1,,,,CN1C(=O)c2ccc(N)cc2C1=O,Cc1ccc(Cn2ncc3c(C(=O)O)cc(C4CC4)nc32)o1,Cc1ccc(Cn2ncc3c(C(=O)Nc4ccc5c(c4)C(=O)N(C)C5=O)cc(C4CC4)nc32)o1,Amidation,,
C187911,1,,,,Nc1ccc2c(c1)C(=O)NC2=O,Cc1nn(Cc2ccccc2)c2nc(C3CC3)cc(C(=O)O)c12,Cc1nn(Cc2ccccc2)c2nc(C3CC3)cc(C(=O)Nc3ccc4c(c3)C(=O)NC4=O)c12,Amidation,,
C187913,1,,,,Nc1ccc2c(c1)C(=O)NC2,Cc1cc(C)nc(-n2nc(C)c3c(C(=O)O)cc(C4CC4)nc32)n1,Cc1cc(C)nc(-n2nc(C)c3c(C(=O)Nc4ccc5c(c4)C(=O)NC5)cc(C4CC4)nc32)n1,Amidation,,
C200067,1,,,,CCOC(=O)c1cnc(Cl)c(F)c1N,Cc1cnc(-c2cccc(C(=O)O)c2)s1,CCOC(=O)c1cnc(Cl)c(F)c1NC(=O)c1cccc(-c2ncc(C)s2)c1,Amidation,,
C200104,1,,,,CC1(C)CCc2c1nc1c(c2N)CCC1,Cc1csc(-c2cccc(C(=O)O)c2)n1,Cc1csc(-c2cccc(C(=O)Nc3c4c(nc5c3CCC5(C)C)CCC4)c2)n1,Amidation,,
C200110,1,,,,CC1(C)CCc2c1nc1c(c2N)CCC1,Cc1cnc(-c2cccc(C(=O)O)c2)s1,Cc1cnc(-c2cccc(C(=O)Nc3c4c(nc5c3CCC5(C)C)CCC4)c2)s1,Amidation,,
C187936,1,,,,COCN1C(=O)c2ccc(N)cc2C1=O,O=C(O)c1cc(C2CC2)nc2c1cnn2C1CCCC1,COCN1C(=O)c2ccc(NC(=O)c3cc(C4CC4)nc4c3cnn4C3CCCC3)cc2C1=O,Amidation,,
C200111,1,,,,Nc1ccncc1CCC1CCCCC1,Cc1cnc(-c2cccc(C(=O)O)c2)s1,Cc1cnc(-c2cccc(C(=O)Nc3ccncc3CCC3CCCCC3)c2)s1,Amidation,,
C200120,1,,,,CC(C)c1nc(Br)c(C#N)c(N)c1C#N,Cc1cnc(-c2cccc(C(=O)O)c2)s1,Cc1cnc(-c2cccc(C(=O)Nc3c(C#N)c(Br)nc(C(C)C)c3C#N)c2)s1,Amidation,,
C187938,1,,,,COCCN1Cc2cc(N)ccc2C1=O,O=C(O)c1cc(C2CC2)nc2c1cnn2C1CCCC1,COCCN1Cc2cc(NC(=O)c3cc(C4CC4)nc4c3cnn4C3CCCC3)ccc2C1=O,Amidation,,
C187939,1,,,,Nc1ccc2c(c1)CN(CC(F)(F)F)C2,O=C(O)c1cc(C2CC2)nc2c1cnn2C1CCCC1,O=C(Nc1ccc2c(c1)CN(CC(F)(F)F)C2)c1cc(C2CC2)nc2c1cnn2C1CCCC1,Amidation,,
C187940,1,,,,COCCCN1Cc2ccc(N)cc2C1,O=C(O)c1cc(C2CC2)nc2c1cnn2C1CCCC1,COCCCN1Cc2ccc(NC(=O)c3cc(C4CC4)nc4c3cnn4C3CCCC3)cc2C1,Amidation,,
C200134,1,,,,Nc1ccncc1CCC1CCCCC1,Cc1csc(-c2cccc(C(=O)O)c2)n1,Cc1csc(-c2cccc(C(=O)Nc3ccncc3CCC3CCCCC3)c2)n1,Amidation,,
C200139,1,,,,Nc1c2c(nc3cccc(Cl)c13)CCCC2,Cc1csc(-c2cccc(C(=O)O)c2)n1,Cc1csc(-c2cccc(C(=O)Nc3c4c(nc5cccc(Cl)c35)CCCC4)c2)n1,Amidation,,
C200141,1,,,,CN1CCc2nc3ccccc3c(N)c2C1,Cc1cnc(-c2cccc(C(=O)O)c2)s1,Cc1cnc(-c2cccc(C(=O)Nc3c4c(nc5ccccc35)CCN(C)C4)c2)s1,Amidation,,
C200143,1,,,,Cc1cccc2c(N)c3c(nc12)CCCC3,Cc1cnc(-c2cccc(C(=O)O)c2)s1,Cc1cnc(-c2cccc(C(=O)Nc3c4c(nc5c(C)cccc35)CCCC4)c2)s1,Amidation,,
C200154,1,,,,Cc1cccc2c(N)c3c(nc12)CCCC3,Cc1csc(-c2cccc(C(=O)O)c2)n1,Cc1csc(-c2cccc(C(=O)Nc3c4c(nc5c(C)cccc35)CCCC4)c2)n1,Amidation,,
C200155,1,,,,COc1ccc2nc3c(c(N)c2c1)CCCC3,Cc1cnc(-c2cccc(C(=O)O)c2)s1,COc1ccc2nc3c(c(NC(=O)c4cccc(-c5ncc(C)s5)c4)c2c1)CCCC3,Amidation,,
C200157,1,,,,Cc1cc2c(N)c3c(nc2cc1F)CCCC3,Cc1csc(-c2cccc(C(=O)O)c2)n1,Cc1csc(-c2cccc(C(=O)Nc3c4c(nc5cc(F)c(C)cc35)CCCC4)c2)n1,Amidation,,
C200160,1,,,,Cc1cc2c(N)c3c(nc2cc1F)CCCC3,Cc1cnc(-c2cccc(C(=O)O)c2)s1,Cc1cnc(-c2cccc(C(=O)Nc3c4c(nc5cc(F)c(C)cc35)CCCC4)c2)s1,Amidation,,
C189970,1,,,,CN1C(=O)c2ccccc2N2C(=O)CCC12C(=O)O,Nc1cccc2c(O)ccnc12,CN1C(=O)c2ccccc2N2C(=O)CCC12C(=O)Nc1cccc2c(O)ccnc12,Amidation,,
C190041,1,,,,Nc1cc(Cl)cc2cccnc12,CC(C)(C)OC(=O)N1CCC2(CC(=O)NC2C(=O)O)C1,CC(C)(C)OC(=O)N1CCC2(CC(=O)NC2C(=O)Nc2cc(Cl)cc3cccnc23)C1,Amidation,,
C190049,1,,,,CC(C)(C)OC(=O)N1CCC2(CC(=O)NC2C(=O)O)C1,Nc1cccc2c(Br)ccnc12,CC(C)(C)OC(=O)N1CCC2(CC(=O)NC2C(=O)Nc2cccc3c(Br)ccnc23)C1,Amidation,,
C190050,1,,,,COc1ccc2cccc(N)c2n1,NC(=O)CCC(NC(=O)c1ccc(F)cc1)C(=O)O,COc1ccc2cccc(NC(=O)C(CCC(N)=O)NC(=O)c3ccc(F)cc3)c2n1,Amidation,,
