compound_id,smiles,inchikey,required_amount_mg,quoted_amount_mg,quote_id,quote_supplier,quote_catalogue,quote_entry,quote_price,quote_currency,quote_lead_time_days,quoted_purity,quoted_smiles,quote_date,num_downstream_reaction_types,num_downstream_reactions,num_downstream_products,downstream_reaction_types,downstream_reaction_ids,downstream_product_ids
124938,O=C(O)c1ccc2c(c1)C1(CCOCC1)C(=O)N2,DEQDFNBVRHFKBQ-UHFFFAOYSA-N,11.0,11.0,,Enamine,,Z3244911186,46.2,EUR,,,O=C(O)c1ccc2c(c1)C1(CCOCC1)C(=O)N2,2025-12-09,1,11,11,{'Amidation'},"{48643, 53063, 10825, 9994, 10827, 48588, 10829, 48589, 10831, 48528, 48628}","{142816, 142818, 141606, 184618, 184563, 184564, 184503, 189305, 184603, 142812, 142814}"
139363,Nc1ccc2c(c1)CN(c1ccccc1)C2,BJTCEQMNWZXCGG-UHFFFAOYSA-N,23.0,23.0,,Enamine,,Z406357852,80.5,EUR,,,Nc1ccc2c(c1)CN(c1ccccc1)C2,2025-12-09,1,23,23,{'Amidation'},"{51721, 9994, 43537, 51734, 51745, 51874, 48548, 48550, 51751, 51879, 28202, 48560, 62137, 51905, 29514, 43858, 29398, 43866, 43874, 47094, 43895, 43001, 43903}","{179344, 141606, 187951, 187964, 187975, 188104, 184523, 184525, 187981, 188109, 179665, 184535, 179673, 164061, 179681, 188135, 163945, 162291, 179702, 178808, 199803, 183037, 179710}"
128069,COC(=O)c1cc(Cl)c2[nH]cc(C)c2c1,AJKLRBSMVKYPMF-UHFFFAOYSA-N,9.0,10.0,7392,Enamine,,Z2733214122,65.0,EUR,,,COC(=O)c1cc(Cl)c2[nH]cc(C)c2c1,2025-12-09,1,9,9,{'Ester_amidation'},"{29921, 29919, 29931, 10070, 10071, 10072, 29949, 29917, 29912}","{164487, 164478, 164469, 164504, 164474, 164476, 141757, 141758, 141759}"
141753,CN1Cc2cc(N)ccc2C1=O,VNYNRNAJJGDULT-UHFFFAOYSA-N,41.0,41.0,,Enamine,,Z1255441398,57.4,EUR,,,CN1Cc2cc(N)ccc2C1=O,2025-12-09,2,41,41,"{'Ester_amidation', 'Amidation'}","{43776, 51844, 43654, 44166, 43784, 29451, 44174, 51599, 30993, 42897, 42643, 43799, 51864, 62108, 42787, 42662, 43686, 43312, 43574, 43830, 42939, 43838, 42688, 42950, 43391, 42324, 10070, 51670, 51800, 43353, 51801, 52952, 51680, 43363, 43632, 51824, 43763, 42613, 44150, 44157, 43647}","{179461, 179973, 179591, 187910, 179981, 189182, 178704, 178450, 179606, 188054, 163998, 178594, 178469, 179493, 188074, 179119, 179381, 179637, 187829, 178746, 141757, 179645, 178495, 188094, 178757, 178131, 179198, 179160, 187900, 199774, 179170, 179964, 188030, 179439, 188031, 179570, 178420, 179957, 166268, 179454, 179583}"
141754,CN1C(=O)c2ccc(N)cc2C1=O,KMEBUNSLFRQSEM-UHFFFAOYSA-N,24.0,24.0,,Enamine,,Z57036341,33.599999999999994,EUR,,,CN1C(=O)c2ccc(N)cc2C1=O,2025-12-09,2,24,24,"{'Ester_amidation', 'Amidation'}","{42762, 51980, 43540, 51611, 43165, 43426, 51624, 44211, 51770, 44091, 44093, 51647, 44223, 44104, 43594, 10071, 42455, 51674, 51947, 29550, 42991, 43121, 51955, 42749}","{187904, 164097, 178569, 188177, 179347, 188185, 178972, 179233, 180018, 188210, 179898, 179900, 180030, 141758, 187841, 179911, 179401, 187854, 178262, 188000, 187877, 178798, 178928, 178556}"
141755,CCN1Cc2cc(N)ccc2C1=O,JABHYVLKNVQMNM-UHFFFAOYSA-N,43.0,43.0,,Enamine,,Z1255363367,64.5,EUR,,,CCN1Cc2cc(N)ccc2C1=O,2025-12-09,2,43,43,"{'Ester_amidation', 'Amidation'}","{42755, 51974, 43016, 43144, 42765, 42768, 43152, 42258, 51602, 43549, 62115, 43556, 42535, 43433, 51626, 31019, 42421, 51766, 28858, 44221, 51645, 51646, 48321, 43586, 44100, 42565, 44230, 51658, 28875, 44110, 42447, 44243, 43220, 42709, 10072, 43621, 52971, 51948, 42480, 51956, 52981, 29560, 43003}","{178562, 178823, 178951, 164107, 178572, 178575, 178959, 178065, 188178, 189201, 166294, 188186, 189211, 179356, 179363, 178342, 179240, 188204, 178228, 187832, 180028, 141759, 179393, 179907, 178372, 180037, 163405, 178254, 179917, 187856, 180050, 179027, 178516, 187996, 163422, 187875, 179428, 187876, 199781, 184296, 178287, 187888, 178810}"
142773,CN1Cc2cc(N)ccc2C1(C)C,QAWIGFGJXOCTRI-UHFFFAOYSA-N,44.0,44.0,,Enamine,,Z1509482126,321.2,EUR,,,CN1Cc2cc(N)ccc2C1(C)C,2025-12-09,2,44,44,"{'Ester_amidation', 'Amidation'}","{42758, 51594, 42509, 42771, 43155, 51607, 43544, 43430, 42538, 31021, 44207, 51759, 42548, 51636, 42424, 44218, 51642, 44097, 44227, 48324, 43589, 51651, 10825, 44107, 51661, 43214, 44240, 28888, 43098, 28895, 29919, 43618, 52965, 42731, 43244, 43117, 51951, 42483, 42995, 29557, 51959, 43512, 44282, 51963}","{178565, 164104, 189195, 178316, 178578, 178962, 188181, 179351, 166296, 188189, 188193, 187810, 179237, 178345, 180014, 178355, 178231, 180025, 187837, 179904, 180034, 179396, 179914, 179021, 180047, 187989, 178905, 187866, 142812, 187872, 179425, 187881, 178538, 163435, 178924, 179051, 184299, 163442, 178290, 178802, 187891, 179319, 180089, 164476}"
140991,COCCCN1Cc2ccc(N)cc2C1,XWZRAKCORTZBKY-UHFFFAOYSA-N,33.0,33.0,,Enamine,,Z406357982,92.39999999999999,EUR,,,COCCCN1Cc2ccc(N)cc2C1,2025-12-09,1,33,33,{'Amidation'},"{29568, 51713, 43525, 43530, 44570, 54554, 28189, 44062, 43425, 53031, 29097, 43049, 44074, 43571, 44597, 51902, 43074, 51908, 43974, 43975, 48457, 29386, 10827, 43598, 43992, 42969, 29157, 29799, 51689, 43504, 47091, 48506, 51710}","{179332, 179337, 187919, 164115, 179869, 179232, 184481, 187940, 187943, 178856, 179881, 180398, 179378, 163644, 190910, 178881, 179781, 179782, 180425, 179405, 189261, 179799, 178776, 163933, 142814, 188132, 162278, 188138, 179311, 184432, 163704, 183034, 164350}"
140993,CC(C)CCN1Cc2ccc(N)cc2C1,IVAPZPHQPAQHHW-UHFFFAOYSA-N,33.0,33.0,,Enamine,,Z406357176,59.4,EUR,,,CC(C)CCN1Cc2ccc(N)cc2C1,2025-12-09,2,33,33,"{'Ester_amidation', 'Amidation'}","{29578, 53004, 44045, 43022, 53008, 54546, 43418, 51995, 43037, 43044, 43437, 43566, 44591, 44080, 62126, 44083, 51896, 43579, 48460, 10829, 43981, 43986, 42586, 29146, 29148, 29931, 47083, 51695, 29424, 51702, 51704, 43516, 29567}","{163971, 164487, 179852, 178829, 164114, 187925, 179225, 178844, 164125, 187932, 187934, 178851, 179244, 179373, 179887, 179890, 189234, 189238, 190902, 179386, 188225, 180419, 179788, 179793, 178393, 188126, 142816, 163693, 163695, 199792, 183026, 184435, 179323}"
140994,CCOCCCN1Cc2ccc(N)cc2C1,NJNJHDULCWSORL-UHFFFAOYSA-N,24.0,24.0,,Enamine,,Z406357730,43.2,EUR,,,CCOCCCN1Cc2ccc(N)cc2C1,2025-12-09,1,24,24,{'Amidation'},"{51735, 54558, 51743, 28199, 29491, 48563, 51891, 43193, 44604, 51904, 29507, 44611, 31052, 43597, 10831, 44370, 46423, 29271, 43225, 43880, 46320, 43894, 47095, 43902}","{182310, 166327, 179000, 187965, 182207, 190914, 187973, 164038, 179404, 180432, 180177, 164054, 180439, 179032, 188121, 184538, 142818, 188134, 179687, 163818, 162288, 179701, 179709, 183038}"
161312,O=C(O)c1cncc(NC(=O)C2CCCC2)c1,DNSZNRSKPJWJIZ-UHFFFAOYSA-N,12.0,12.0,,Enamine,,Z1095363708,157.32,EUR,,,O=C(O)c1cncc(NC(=O)C2CCCC2)c1,2025-12-09,1,12,12,{'Amidation'},"{27976, 27913, 28008, 28009, 27980, 27981, 27983, 27698, 27922, 27989, 27926, 27990}","{162016, 162080, 162066, 162003, 162012, 162098, 162070, 162071, 162099, 162073, 161788, 162079}"
161382,C#Cc1cnc(Cl)c(F)c1N,MUCIAMHJIPTPCU-UHFFFAOYSA-N,3.0,10.0,8308,Enamine,,Z9185203711,39.0,EUR,,,C#Cc1cnc(Cl)c(F)c1N,2025-12-09,1,3,3,{'Amidation'},"{52408, 27698, 61006}","{198520, 161788, 188638}"
161309,O=C(O)c1cncc(NC(=O)C2CC2)c1,VQGJSQHSAFSADO-UHFFFAOYSA-N,6.0,10.0,8238,Enamine,,Z1095363693,33.0,EUR,,,O=C(O)c1cncc(NC(=O)C2CC2)c1,2025-12-09,1,6,6,{'Amidation'},"{28004, 28006, 27858, 27964, 27961, 27868}","{162051, 161958, 162054, 162094, 162096, 161948}"
161442,Nc1ccncc1CCC1CCCCC1,WCFHMGXINWMDOF-UHFFFAOYSA-N,6.0,10.0,8365,Enamine,,Z1197887778,185.0,EUR,,,Nc1ccncc1CCC1CCCCC1,2025-12-09,1,6,6,{'Amidation'},"{61089, 62466, 27974, 62443, 27980, 27858}","{200134, 198603, 200111, 162064, 162070, 161948}"
161447,CC1(C)CCc2c1nc1c(c2N)CCC1,WHHOCZPMOLFVFU-UHFFFAOYSA-N,6.0,10.0,8370,Enamine,,Z4658848332,64.0,EUR,,,CC1(C)CCc2c1nc1c(c2N)CCC1,2025-12-09,1,6,6,{'Amidation'},"{62436, 27941, 27976, 62442, 61100, 27868}","{161958, 200104, 200110, 162031, 162066, 198614}"
161310,O=C(O)c1cncc(N2CCCC2=O)c1,WVEAOXXSQFLRJU-UHFFFAOYSA-N,1.0,1.0,4388,Enamine,,Z1095365442,20.0,EUR,,,O=C(O)c1cncc(N2CCCC2=O)c1,2025-12-09,1,1,1,{'Amidation'},{27903},{161993}
161444,CC(C)c1nc(Br)c(C#N)c(N)c1C#N,OUVSFOJUBKXPFO-UHFFFAOYSA-N,4.0,10.0,8367,Enamine,,Z2934465698,52.0,EUR,,,CC(C)c1nc(Br)c(C#N)c(N)c1C#N,2025-12-09,1,4,4,{'Amidation'},"{61088, 62452, 27981, 27903}","{200120, 161993, 198602, 162071}"
161419,COC(=O)c1cnc(Cl)c(F)c1N,MAAYDZRXUKJZNT-UHFFFAOYSA-N,2.0,10.0,8344,Enamine,,Z4991178706,17.0,EUR,,,COC(=O)c1cnc(Cl)c(F)c1N,2025-12-09,1,2,2,{'Amidation'},"{27913, 61055}","{198569, 162003}"
161434,Nc1c2c(nc3c1CCC3)CCCC2,YLUSMKAJIQOXPV-UHFFFAOYSA-N,5.0,10.0,8358,Enamine,,Z56766574,14.0,EUR,,,Nc1c2c(nc3c1CCC3)CCCC2,2025-12-09,1,5,5,{'Amidation'},"{27922, 52531, 61076, 52439, 52440}","{188670, 188761, 162012, 188669, 198590}"
161425,CCOC(=O)c1cnc(Cl)c(F)c1N,BYIJYBRHUZZBLR-UHFFFAOYSA-N,3.0,10.0,8350,Enamine,,Z5021120101,15.0,EUR,,,CCOC(=O)c1cnc(Cl)c(F)c1N,2025-12-09,1,3,3,{'Amidation'},"{62399, 27926, 61079}","{162016, 198593, 200067}"
161311,CCCCC(=O)Nc1cncc(C(=O)O)c1,KSYARJALXSCYAT-UHFFFAOYSA-N,5.0,10.0,8240,Enamine,,Z1095363753,44.0,EUR,,,CCCCC(=O)Nc1cncc(C(=O)O)c1,2025-12-09,1,5,5,{'Amidation'},"{27970, 27941, 27974, 27998, 27999}","{162088, 162089, 162060, 162031, 162064}"
161459,Nc1c2c(nc3cccc(Cl)c13)CCCC2,KVGMGGLTJLJDFE-UHFFFAOYSA-N,6.0,10.0,8382,Enamine,,Z2379802551,40.0,EUR,,,Nc1c2c(nc3cccc(Cl)c13)CCCC2,2025-12-09,1,6,6,{'Amidation'},"{62471, 52648, 52656, 61109, 27961, 27999}","{162051, 162089, 200139, 188878, 188886, 198623}"
161452,Cc1cccc2c(N)c3c(nc12)CCCC3,GODLIFKIXOXQIS-UHFFFAOYSA-N,4.0,10.0,8375,Enamine,,Z960971190,20.0,EUR,,,Cc1cccc2c(N)c3c(nc12)CCCC3,2025-12-09,1,4,4,{'Amidation'},"{62475, 61107, 27964, 62486}","{200154, 198621, 162054, 200143}"
161435,Nc1c2c(nc3ccccc13)CCCC2,YLJREFDVOIBQDA-UHFFFAOYSA-N,4.0,10.0,8359,Enamine,,Z56790573,14.0,EUR,,,Nc1c2c(nc3ccccc13)CCCC2,2025-12-09,1,4,4,{'Amidation'},"{27970, 61085, 52570, 27990}","{162080, 162060, 188800, 198599}"
161439,Cc1ccc2c(N)c(C#N)cnc2c1Br,PZXCPRHIOMAFFP-UHFFFAOYSA-N,5.0,10.0,8362,Enamine,,Z1470688558,47.0,EUR,,,Cc1ccc2c(N)c(C#N)cnc2c1Br,2025-12-09,1,5,5,{'Amidation'},"{52550, 27983, 52636, 52478, 61087}","{188866, 188708, 198601, 188780, 162073}"
161438,Nc1ccncc1C(=O)c1ccccc1,VNVZYKIZNNYVBJ-UHFFFAOYSA-N,1.0,1.0,4510,Enamine,,Z1192043569,94.0,EUR,,,Nc1ccncc1C(=O)c1ccccc1,2025-12-09,1,1,1,{'Amidation'},{27989},{162079}
161458,CN1CCc2nc3ccccc3c(N)c2C1,MLYXSBBYKPZBCK-UHFFFAOYSA-N,4.0,10.0,8381,Enamine,,Z1509511884,37.0,EUR,,,CN1CCc2nc3ccccc3c(N)c2C1,2025-12-09,1,4,4,{'Amidation'},"{62473, 61108, 27998, 52655}","{162088, 200141, 188885, 198622}"
148472,Cc1cc2c(N)c3c(nc2cc1F)CCCC3,ACOCWQHAGYYMMP-UHFFFAOYSA-N,3.0,10.0,7685,Enamine,,Z1629552924,51.0,EUR,,,Cc1cc2c(N)c3c(nc2cc1F)CCCC3,2025-12-09,1,3,3,{'Amidation'},"{62489, 28004, 62492}","{200160, 200157, 162094}"
161461,COc1ccc2nc3c(c(N)c2c1)CCCC3,APQPVVOYBLOJDY-UHFFFAOYSA-N,2.0,10.0,8384,Enamine,,Z960971048,23.0,EUR,,,COc1ccc2nc3c(c(N)c2c1)CCCC3,2025-12-09,1,2,2,{'Amidation'},"{28006, 62487}","{162096, 200155}"
148468,CC(=O)c1cnc2ccc(Br)cc2c1N,PYPDLSBRIRORKP-UHFFFAOYSA-N,2.0,10.0,7684,Enamine,,Z2030402717,37.0,EUR,,,CC(=O)c1cnc2ccc(Br)cc2c1N,2025-12-09,1,2,2,{'Amidation'},"{28008, 61095}","{198609, 162098}"
161450,Nc1ccncc1-c1ccc(F)cc1F,BISNTZPLYSGIDC-UHFFFAOYSA-N,3.0,10.0,8373,Enamine,,Z1192005051,21.0,EUR,,,Nc1ccncc1-c1ccc(F)cc1F,2025-12-09,1,3,3,{'Amidation'},"{28009, 61097, 52494}","{162099, 188724, 198611}"
121684,O=C(O)c1cccc2[nH]c(C(F)(F)F)nc12,HYGKNIWVMZCKJL-UHFFFAOYSA-N,2.0,10.0,7303,Enamine,,Z1079086976,15.0,EUR,,,O=C(O)c1cccc2[nH]c(C(F)(F)F)nc12,2025-12-09,1,2,2,{'Amidation'},"{28161, 28165}","{162249, 162253}"
135363,Nc1ccc2c(c1)C(=O)N(c1ccc(F)cc1)C2=O,KJJQQXNTFVPKAZ-UHFFFAOYSA-N,6.0,10.0,7487,Enamine,,Z351063820,32.0,EUR,,,Nc1ccc2c(c1)C(=O)N(c1ccc(F)cc1)C2=O,2025-12-09,1,6,6,{'Amidation'},"{53088, 28161, 31074, 47107, 51940, 54571}","{162249, 183050, 188170, 166349, 190927, 189330}"
140996,CN1C(=O)CCC(N2Cc3cc(N)ccc3C2=O)C1=O,CMHQPTBPDFUNKW-UHFFFAOYSA-N,6.0,10.0,7541,Enamine,,Z6062378662,46.0,EUR,,,CN1C(=O)CCC(N2Cc3cc(N)ccc3C2=O)C1=O,2025-12-09,1,6,6,{'Amidation'},"{47075, 28165, 47111, 62156, 54575, 46429}","{183018, 182316, 162253, 183054, 199822, 190931}"
162255,Cc1nccn1-c1ccc(Cl)cc1C(=O)O,FZICTLQEMWBAJV-UHFFFAOYSA-N,8.0,10.0,8385,Enamine,,Z838078146,158.0,EUR,,,Cc1nccn1-c1ccc(Cl)cc1C(=O)O,2025-12-09,1,8,8,{'Amidation'},"{28199, 28202, 28207, 28208, 28209, 28210, 28189, 28190}","{162278, 162279, 162288, 162291, 162296, 162297, 162298, 162299}"
129339,Nc1ccc2c(c1)CN(CC(F)(F)F)C2,JESIGGUZBUVBCP-UHFFFAOYSA-N,39.0,39.0,,Enamine,,Z406357596,171.60000000000002,EUR,,,Nc1ccc2c(c1)CN(CC(F)(F)F)C2,2025-12-09,1,39,39,{'Amidation'},"{43524, 52999, 29576, 43028, 44059, 44571, 28190, 43039, 53030, 29225, 29098, 44075, 43442, 43443, 44596, 62130, 43576, 44088, 51901, 51709, 43076, 43973, 29387, 48465, 43991, 43994, 42971, 42974, 48484, 48486, 29159, 51688, 51945, 29420, 43503, 47087, 48628, 51701, 29053}","{179331, 184459, 184461, 187918, 188175, 163600, 178835, 179866, 164123, 184603, 187931, 178846, 187939, 179882, 189229, 180399, 179249, 179250, 179383, 179895, 163772, 163645, 178883, 179780, 180424, 189260, 179798, 179801, 178778, 178781, 163934, 188131, 162279, 179310, 199796, 183030, 184440, 163706, 163967}"
135357,Nc1ccc2c(c1)CN(C1CC(=O)NC1=O)C2=O,NPLWBNYQPCVCGF-UHFFFAOYSA-N,17.0,17.0,,Enamine,,Z7940082164,365.5,EUR,,,Nc1ccc2c(c1)CN(C1CC(=O)NC1=O)C2=O,2025-12-09,1,17,17,{'Amidation'},"{48640, 62144, 54563, 29542, 28615, 51718, 48652, 44621, 60717, 28207, 48626, 31063, 47099, 46359, 51933, 51931, 51935}","{180449, 166338, 183042, 163140, 188161, 182246, 184601, 184615, 188163, 188165, 190919, 187948, 198089, 199810, 184627, 162296, 164089}"
135364,Nc1ccc2c(c1)C(=O)N(C1CC(=O)NC1=O)C2=O,ZQAUOFWDVHCTPN-UHFFFAOYSA-N,6.0,10.0,7488,Enamine,,Z3174714418,52.0,EUR,,,Nc1ccc2c(c1)C(=O)N(C1CC(=O)NC1=O)C2=O,2025-12-09,1,6,6,{'Amidation'},"{51939, 62147, 28208, 51920, 29589, 47102}","{183045, 199813, 164136, 188169, 188150, 162297}"
135360,Nc1ccc2c(c1)CN(C1CCC(=O)NC1=O)C2=O,WLUIQUZGNPAKRL-UHFFFAOYSA-N,14.0,14.0,,Enamine,,Z2508929214,22.400000000000002,EUR,,,Nc1ccc2c(c1)CN(C1CCC(=O)NC1=O)C2=O,2025-12-09,1,14,14,{'Amidation'},"{31073, 51937, 29891, 60769, 53093, 54565, 62146, 53064, 51918, 62160, 28209, 48179, 46426, 47101}","{183044, 199812, 188167, 182313, 190921, 166348, 199826, 188148, 164442, 184150, 189335, 162298, 198141, 189306}"
135359,Nc1ccc2c(c1)CN(C1CC(F)CNC1=O)C2=O,PGYAMNRJVYQNTH-UHFFFAOYSA-N,15.0,15.0,,Enamine,,EN300-45585904,273.0,EUR,,,Nc1ccc2c(c1)CN([C@H]1C[C@H](F)CNC1=O)C2=O,2025-12-01,1,15,15,{'Amidation'},"{31072, 44192, 53090, 62145, 54564, 44266, 28651, 51919, 29617, 28210, 60753, 29588, 53078, 53079, 47100}","{183043, 164164, 199811, 164135, 163176, 180073, 189320, 166347, 189321, 190920, 198125, 189332, 188149, 162299, 179999}"
162311,O=C(Nc1cc(Cl)cc(C(=O)O)c1)OCc1ccccc1,VHNWXGPHRNYHAG-UHFFFAOYSA-N,77.0,77.0,,Enamine,,Z1462193909,246.4,EUR,,,O=C(Nc1cc(Cl)cc(C(=O)O)c1)OCc1ccccc1,2025-12-09,1,77,77,{'Amidation'},"{28675, 28677, 28681, 60939, 60941, 28687, 60943, 28689, 28690, 28693, 60950, 28305, 61121, 28379, 28380, 28386, 61154, 28421, 61193, 61199, 61216, 61225, 61228, 28467, 28468, 61237, 28473, 28474, 61241, 61242, 61243, 28479, 61250, 61253, 46411, 61263, 28500, 46423, 28505, 46426, 46428, 46429, 28510, 46430, 28512, 28523, 28536, 28540, 28545, 28551, 28556, 28574, 28582, 28596, 28597, 28601, 28606, 28612, 28615, 28617, 61392, 61395, 61397, 28633, 61404, 61405, 61408, 61409, 28648, 28651, 28652, 28657, 28660, 60916, 28662, 28664, 28668}","{162830, 182298, 182310, 182313, 182315, 182316, 182317, 162904, 162905, 162911, 198767, 162946, 198800, 162992, 162993, 162998, 162999, 198839, 163004, 198845, 198862, 163025, 163030, 198871, 198874, 163035, 163037, 198883, 198887, 163048, 198888, 198889, 198896, 198899, 163061, 163065, 198909, 163070, 163076, 163081, 163099, 198429, 163107, 163121, 163122, 198452, 163126, 198454, 198456, 163131, 198463, 163137, 163140, 163142, 163158, 163173, 163176, 163177, 163182, 163185, 163187, 163189, 163193, 163200, 163202, 163206, 163212, 163214, 163215, 199056, 163218, 199059, 199061, 199068, 199069, 199072, 199073}"
162383,CNC(=O)c1c(F)ccc(N)c1F,SAZVPBMIFSMECQ-UHFFFAOYSA-N,1.0,1.0,4606,Enamine,,Z1262685167,15.0,EUR,,,CNC(=O)c1c(F)ccc(N)c1F,2025-12-09,1,1,1,{'Amidation'},{28305},{162830}
162451,Cc1ccc(CN2CCCC2)cc1N,QKXXPDZHWSZSBB-UHFFFAOYSA-N,2.0,10.0,8522,Enamine,,Z335286622,33.0,EUR,,,Cc1ccc(CN2CCCC2)cc1N,2025-12-09,1,2,2,{'Amidation'},"{60451, 28379}","{162904, 197823}"
162452,CN(C)C1CCOc2c(N)cccc21,PZVJEUWCUYNUOU-UHFFFAOYSA-N,2.0,10.0,8523,Enamine,,Z1463271032,37.0,EUR,,,CN(C)C1CCOc2c(N)cccc21,2025-12-09,1,2,2,{'Amidation'},"{28380, 60452}","{197824, 162905}"
162458,NC1CCCc2ccc([N+](=O)[O-])cc21,ASDSSALPMXLNCA-UHFFFAOYSA-N,2.0,10.0,8529,Enamine,,Z3300694867,103.0,EUR,,,NC1CCCc2ccc([N+](=O)[O-])cc21,2025-12-09,1,2,2,{'Amidation'},"{28386, 60458}","{197830, 162911}"
162491,CC(C)CN1Cc2cccc(N)c2C1,ZBDAIRHLVCVACH-UHFFFAOYSA-N,1.0,1.0,4709,Enamine,,Z406357824,23.0,EUR,,,CC(C)CN1Cc2cccc(N)c2C1,2025-12-09,1,1,1,{'Amidation'},{28421},{162946}
162536,NC(c1cccc([N+](=O)[O-])c1)C(F)(F)F,OILJTNSRBUKLKP-UHFFFAOYSA-N,2.0,10.0,8601,Enamine,,Z1509535360,61.0,EUR,,,NC(c1cccc([N+](=O)[O-])c1)C(F)(F)F,2025-12-09,1,2,2,{'Amidation'},"{60539, 28467}","{162992, 197911}"
162537,CNC(=O)c1cc([N+](=O)[O-])cc(C)c1N,DJSVQZJNVUKHDZ-UHFFFAOYSA-N,1.0,1.0,4751,Enamine,,Z4480681090,22.0,EUR,,,CNC(=O)c1cc([N+](=O)[O-])cc(C)c1N,2025-12-09,1,1,1,{'Amidation'},{28468},{162993}
162542,CC(N)c1cccc(N2CCCC2=O)c1,PHDOEZIQADMSJW-UHFFFAOYSA-N,2.0,10.0,8607,Enamine,,Z858042796,15.0,EUR,,,CC(N)c1cccc(N2CCCC2=O)c1,2025-12-09,1,2,2,{'Amidation'},"{28473, 60548}","{197920, 162998}"
162543,COc1ccc(CN2CCCC2)cc1N,DFCHYLHKWPSOCX-UHFFFAOYSA-N,1.0,1.0,4757,Enamine,,Z356290480,15.0,EUR,,,COc1ccc(CN2CCCC2)cc1N,2025-12-09,1,1,1,{'Amidation'},{28474},{162999}
162548,Cc1c[nH]c(=O)n1-c1cccc(CN)c1,SNMBSCUPTPCUGN-UHFFFAOYSA-N,2.0,10.0,8613,Enamine,,Z905065792,41.0,EUR,,,Cc1c[nH]c(=O)n1-c1cccc(CN)c1,2025-12-09,1,2,2,{'Amidation'},"{60553, 28479}","{163004, 197925}"
162567,NCc1cccc(NC(=O)C2CCC2)c1,MJJZKJAKJMAJNM-UHFFFAOYSA-N,1.0,1.0,4780,Enamine,,Z239097320,14.0,EUR,,,NCc1cccc(NC(=O)C2CCC2)c1,2025-12-09,1,1,1,{'Amidation'},{28500},{163025}
162572,CC(N)c1cccc(N2CCNC2=O)c1,PMCPAVYDLLPCEE-UHFFFAOYSA-N,1.0,1.0,4785,Enamine,,Z1259086231,17.0,EUR,,,CC(N)c1cccc(N2CCNC2=O)c1,2025-12-09,1,1,1,{'Amidation'},{28505},{163030}
162577,COC(=O)c1ccc(N)c2c1CNC2=O,SHGKDGVPIPQLSQ-UHFFFAOYSA-N,1.0,1.0,4790,Enamine,,Z3037486668,25.0,EUR,,,COC(=O)c1ccc(N)c2c1CNC2=O,2025-12-09,1,1,1,{'Amidation'},{28510},{163035}
162579,CC1(c2cccc(N)c2)NC(=O)NC1=O,JJFIISOFQBYREX-UHFFFAOYSA-N,3.0,10.0,8643,Enamine,,Z406679134,15.0,EUR,,,CC1(c2cccc(N)c2)NC(=O)NC1=O,2025-12-09,1,3,3,{'Amidation'},"{28512, 60597, 47766}","{197969, 183732, 163037}"
162588,CC(=O)c1cc(Br)c2c(c1N)C(=O)NC2=O,KCOCIVLKQSEJLF-UHFFFAOYSA-N,3.0,10.0,8652,Enamine,,Z8377228710,73.0,EUR,,,CC(=O)c1cc(Br)c2c(c1N)C(=O)NC2=O,2025-12-09,1,3,3,{'Amidation'},"{46298, 28523, 60611}","{163048, 182185, 197983}"
162600,COC(=O)c1ccc(N)c2c1CN(C)C2=O,IANHBPTUXAOBAC-UHFFFAOYSA-N,3.0,10.0,8662,Enamine,,Z9302940576,42.0,EUR,,,COC(=O)c1ccc(N)c2c1CN(C)C2=O,2025-12-09,1,3,3,{'Amidation'},"{28536, 60630, 46310}","{198002, 163061, 182197}"
162604,CCOc1ccc(N)cc1CN1CCCC1,IGZUQQSXZWPSPB-UHFFFAOYSA-N,1.0,1.0,4815,Enamine,,Z408151944,21.0,EUR,,,CCOc1ccc(N)cc1CN1CCCC1,2025-12-09,1,1,1,{'Amidation'},{28540},{163065}
162609,Nc1cccc(C(=O)NCc2cccs2)c1,LPHNZBMRZOBHES-UHFFFAOYSA-N,1.0,1.0,4820,Enamine,,Z404000206,15.0,EUR,,,Nc1cccc(C(=O)NCc2cccs2)c1,2025-12-09,1,1,1,{'Amidation'},{28545},{163070}
162614,Cc1ccc(C(=O)NCC(F)(F)F)cc1N,KIZCVTPSAPRUAK-UHFFFAOYSA-N,1.0,1.0,4825,Enamine,,Z295451442,15.0,EUR,,,Cc1ccc(C(=O)NCC(F)(F)F)cc1N,2025-12-09,1,1,1,{'Amidation'},{28551},{163076}
162619,CC(N)c1cccc(N2CCCS2(=O)=O)c1,VOLCEGNUCYAADY-UHFFFAOYSA-N,2.0,10.0,8681,Enamine,,Z285921528,28.0,EUR,,,CC(N)c1cccc(N2CCCS2(=O)=O)c1,2025-12-09,1,2,2,{'Amidation'},"{46323, 28556}","{163081, 182210}"
162636,Cc1ccc(N)cc1CNC(=O)OC(C)(C)C,IRABMFBCTXDXJR-UHFFFAOYSA-N,2.0,10.0,8698,Enamine,,Z3581199189,15.0,EUR,,,Cc1ccc(N)cc1CNC(=O)OC(C)(C)C,2025-12-09,1,2,2,{'Amidation'},"{60673, 28574}","{163099, 198045}"
162644,Nc1ccc(Cl)c(C(=O)NC2CCCCC2)c1,WYQDSKAXZHUYQW-UHFFFAOYSA-N,2.0,10.0,8704,Enamine,,Z239124120,14.0,EUR,,,Nc1ccc(Cl)c(C(=O)NC2CCCCC2)c1,2025-12-09,1,2,2,{'Amidation'},"{60681, 28582}","{163107, 198053}"
162657,CNC(=O)c1ccc(N2CCSCC2)c(N)c1,LTLACCZKCRFZKD-UHFFFAOYSA-N,3.0,10.0,8716,Enamine,,Z979431820,131.1,EUR,,,CNC(=O)c1ccc(N2CCSCC2)c(N)c1,2025-12-09,1,3,3,{'Amidation'},"{28596, 60694, 48047}","{163121, 198066, 184013}"
162658,CC(C)(C)OC(=O)Nc1ccc(F)c(CN)c1,QGCXKZXRTBGDHI-UHFFFAOYSA-N,1.0,1.0,4866,Enamine,,Z975767418,17.0,EUR,,,CC(C)(C)OC(=O)Nc1ccc(F)c(CN)c1,2025-12-09,1,1,1,{'Amidation'},{28597},{163122}
162662,Cc1c(N)cccc1C(=O)Nc1ccccc1,FNQCVQGZMCIKOL-UHFFFAOYSA-N,1.0,1.0,4870,Enamine,,Z239124168,15.0,EUR,,,Cc1c(N)cccc1C(=O)Nc1ccccc1,2025-12-09,1,1,1,{'Amidation'},{28601},{163126}
162666,Nc1cccc(C(=O)Nc2cccc(F)c2)c1,NTRUKPPSBDQENE-UHFFFAOYSA-N,2.0,10.0,8725,Enamine,,Z240087122,15.0,EUR,,,Nc1cccc(C(=O)Nc2cccc(F)c2)c1,2025-12-09,1,2,2,{'Amidation'},"{60706, 28606}","{163131, 198078}"
162672,COc1ccc(NC(=O)c2cccc(N)c2)cn1,CJVHQDOOYHPDNG-UHFFFAOYSA-N,1.0,1.0,4880,Enamine,,Z239872816,14.0,EUR,,,COc1ccc(NC(=O)c2cccc(N)c2)cn1,2025-12-09,1,1,1,{'Amidation'},{28612},{163137}
162676,COc1ccc(C(=O)N2CCN(C)CC2)cc1N,FZHHDWXAKBBOKM-UHFFFAOYSA-N,1.0,1.0,4883,Enamine,,Z239124506,15.0,EUR,,,COc1ccc(C(=O)N2CCN(C)CC2)cc1N,2025-12-09,1,1,1,{'Amidation'},{28617},{163142}
162692,Cc1ccc(N2CCc3c(N)cccc3C2)nn1,BSFZIZJOJZLHHY-UHFFFAOYSA-N,1.0,1.0,4898,Enamine,,Z802822188,23.0,EUR,,,Cc1ccc(N2CCc3c(N)cccc3C2)nn1,2025-12-09,1,1,1,{'Amidation'},{28633},{163158}
162706,Nc1cccc2c1C(=O)N(C1CC(=O)NC1=O)C2=O,MSHTVRYXGFREAN-UHFFFAOYSA-N,2.0,10.0,8763,Enamine,,Z3174714421,52.0,EUR,,,Nc1cccc2c1C(=O)N(C1CC(=O)NC1=O)C2=O,2025-12-09,1,2,2,{'Amidation'},"{28648, 60749}","{198121, 163173}"
162708,CC(C)(C)OC(=O)NC1(c2cccc(N)c2)CCC1,JAELPCLFLCIGOE-UHFFFAOYSA-N,1.0,1.0,4913,Enamine,,Z3580103215,36.0,EUR,,,CC(C)(C)OC(=O)NC1(c2cccc(N)c2)CCC1,2025-12-09,1,1,1,{'Amidation'},{28652},{163177}
162712,Nc1cc(C(=O)NCCN2CCCC2)cc(Cl)c1Cl,TUXQWKXLKUMEGZ-UHFFFAOYSA-N,1.0,1.0,4917,Enamine,,Z993995964,31.0,EUR,,,Nc1cc(C(=O)NCCN2CCCC2)cc(Cl)c1Cl,2025-12-09,1,1,1,{'Amidation'},{28657},{163182}
162715,Cc1c(N)cccc1C(=O)NC1CCC(=O)NC1=O,WYVRRHRAVWFLFT-UHFFFAOYSA-N,1.0,1.0,4920,Enamine,,Z1269638930,104.5,EUR,,,Cc1c(N)cccc1C(=O)NC1CCC(=O)NC1=O,2025-12-09,1,1,1,{'Amidation'},{28660},{163185}
162717,CC1(C2CC2)NC(=O)N(c2cccc(CN)c2)C1=O,DQVVWNHMMCAUDD-UHFFFAOYSA-N,2.0,10.0,8773,Enamine,,Z1413746898,47.0,EUR,,,CC1(C2CC2)NC(=O)N(c2cccc(CN)c2)C1=O,2025-12-09,1,2,2,{'Amidation'},"{60764, 28662}","{198136, 163187}"
162719,CC(C)(C)OC(=O)Nc1ccc2c(c1)C(N)CCO2,VLLKCLCYUPEWKM-UHFFFAOYSA-N,3.0,10.0,8775,Enamine,,Z1508727596,121.0,EUR,,,CC(C)(C)OC(=O)Nc1ccc2c(c1)C(N)CCO2,2025-12-09,1,3,3,{'Amidation'},"{28664, 46384, 60765}","{198137, 163189, 182271}"
162723,CC(C)(C)OC(=O)CN1Cc2c(N)cccc2C1=O,KRSZIQYMLLTKHS-UHFFFAOYSA-N,1.0,1.0,4928,Enamine,,Z9058749899,74.0,EUR,,,CC(C)(C)OC(=O)CN1Cc2c(N)cccc2C1=O,2025-12-09,1,1,1,{'Amidation'},{28668},{163193}
162729,CN(Cc1ccccc1)C(=O)c1ccc(Cl)c(N)c1,MTQMQRFOAMBALM-UHFFFAOYSA-N,1.0,1.0,4934,Enamine,,Z234893435,15.0,EUR,,,CN(Cc1ccccc1)C(=O)c1ccc(Cl)c(N)c1,2025-12-09,1,1,1,{'Amidation'},{28675},{163200}
162731,NCc1cccc(NS(=O)(=O)c2ccc(Cl)cc2)c1,DJRGHAZJPXFAOR-UHFFFAOYSA-N,2.0,10.0,8787,Enamine,,Z1105562866,35.0,EUR,,,NCc1cccc(NS(=O)(=O)c2ccc(Cl)cc2)c1,2025-12-09,1,2,2,{'Amidation'},"{60778, 28677}","{163202, 198150}"
162734,Nc1ccc(Cl)c(C(=O)NCc2ccccc2F)c1,UEJWHFMOQQDNFG-UHFFFAOYSA-N,1.0,1.0,4939,Enamine,,Z240087738,15.0,EUR,,,Nc1ccc(Cl)c(C(=O)NCc2ccccc2F)c1,2025-12-09,1,1,1,{'Amidation'},{28681},{163206}
162740,CC(C)(C)OC(=O)N1CCc2c(N)ccc(Cl)c2C1,MKMPHFUPDMZDTL-UHFFFAOYSA-N,1.0,1.0,4945,Enamine,,Z2733705450,32.0,EUR,,,CC(C)(C)OC(=O)N1CCc2c(N)ccc(Cl)c2C1,2025-12-09,1,1,1,{'Amidation'},{28687},{163212}
135361,Nc1ccc2c(c1)C(=O)N(C1CCCNC1=O)C2=O,XQCBTIIVRYODOY-UHFFFAOYSA-N,6.0,10.0,7485,Enamine,,Z954635488,35.0,EUR,,,Nc1ccc2c(c1)C(=O)N(C1CCCNC1=O)C2=O,2025-12-09,1,6,6,{'Amidation'},"{47105, 51942, 62150, 28689, 51923, 60796}","{183048, 199816, 188172, 163214, 198168, 188153}"
135362,Nc1ccc2c(c1)C(=O)N(C1CCC(=O)NC1=O)C2,LAGNQECGHYBSCQ-UHFFFAOYSA-N,7.0,10.0,7486,Enamine,,Z2508929263,18.0,EUR,,,Nc1ccc2c(c1)C(=O)N(C1CCC(=O)NC1=O)C2,2025-12-09,1,7,7,{'Amidation'},"{29601, 47106, 51943, 62151, 53070, 28690, 51924}","{189312, 183049, 199817, 188173, 163215, 164148, 188154}"
162744,Cc1cccc(NC(=O)Nc2cccc(CN)c2)c1,JMGHBGDVNXGGGH-UHFFFAOYSA-N,1.0,1.0,4949,Enamine,,Z278085568,14.0,EUR,,,Cc1cccc(NC(=O)Nc2cccc(CN)c2)c1,2025-12-09,1,1,1,{'Amidation'},{28693},{163218}
163221,O=C(O)c1cc(Cl)c2[nH]c(=O)[nH]c2c1,LQFOELDGFDCQMH-UHFFFAOYSA-N,18.0,18.0,,Enamine,,Z1508964832,30.599999999999998,EUR,,,O=C(O)c1cc(Cl)c2[nH]c(=O)[nH]c2c1,2025-12-09,1,18,18,{'Amidation'},"{28896, 29601, 29157, 29542, 29127, 29159, 29320, 29099, 29272, 28878, 29588, 29589, 29271, 28888, 28858, 28923, 28924, 28925}","{163425, 164135, 164136, 163818, 163435, 163819, 163405, 163470, 163471, 163472, 163443, 164148, 163706, 163704, 164089, 163674, 163867, 163646}"
163220,O=C(O)c1cc(F)c2[nH]c(=O)[nH]c2c1,BDNFQKWMDAKXFF-UHFFFAOYSA-N,11.0,11.0,,Enamine,,Z1551942602,51.7,EUR,,,O=C(O)c1cc(F)c2[nH]c(=O)[nH]c2c1,2025-12-09,1,11,11,{'Amidation'},"{29027, 29097, 29098, 28875, 29006, 29617, 29236, 29148, 28893, 28990, 28895}","{163553, 164164, 163783, 163695, 163440, 163537, 163442, 163574, 163644, 163645, 163422}"
140987,CCCN1Cc2ccc(N)cc2C1,OTVMJIZBIJQTPX-UHFFFAOYSA-N,43.0,43.0,,Enamine,,Z406357838,90.3,EUR,,,CCCN1Cc2ccc(N)cc2C1,2025-12-09,2,43,43,"{'Ester_amidation', 'Amidation'}","{42752, 42760, 51979, 48528, 42263, 51610, 43169, 44195, 43428, 62119, 42540, 44205, 31022, 51630, 44213, 51640, 44092, 48316, 51772, 44095, 44225, 51649, 43587, 42953, 44105, 46411, 43596, 28878, 42452, 51668, 52954, 43100, 28893, 29921, 44257, 48353, 43246, 43119, 52976, 42993, 51953, 42485, 43510}","{189184, 178567, 184328, 178070, 188183, 189206, 166297, 182298, 178976, 180002, 179235, 178347, 180012, 188209, 180020, 184503, 179899, 179902, 180032, 187840, 179394, 178760, 179912, 179403, 178259, 187860, 178907, 187870, 180064, 163425, 188002, 184291, 187879, 199785, 179053, 178926, 163440, 178800, 178292, 179317, 187898, 164478, 178559}"
142772,CCN1Cc2ccc(N)cc2C1=O,PSDSAEYHBZOZBR-UHFFFAOYSA-N,23.0,23.0,,Enamine,,Z1255359036,32.199999999999996,EUR,,,CCN1Cc2ccc(N)cc2C1=O,2025-12-09,1,23,23,{'Amidation'},"{42753, 51977, 43156, 43543, 51608, 43429, 51629, 44214, 51641, 44217, 44096, 44226, 51650, 42569, 44106, 42451, 51667, 28896, 52963, 51952, 29555, 43511, 51961}","{178560, 164102, 189193, 178963, 179350, 188182, 188191, 179236, 188207, 180021, 180024, 187838, 179903, 180033, 178376, 179913, 178258, 187859, 187871, 187880, 163443, 179318, 187897}"
140990,CC(C)N1Cc2ccc(N)cc2C1=O,OKPFNNJANJLNJN-UHFFFAOYSA-N,25.0,25.0,,Enamine,,Z1278923664,82.5,EUR,,,CC(C)N1Cc2ccc(N)cc2C1=O,2025-12-09,1,25,25,{'Amidation'},"{43908, 43911, 43401, 43915, 51981, 43031, 52002, 52005, 52008, 52011, 52014, 43445, 43063, 51774, 43457, 43855, 42960, 51794, 43483, 43871, 42978, 43490, 43495, 43892, 28923}","{179715, 179718, 179208, 179722, 163470, 178838, 188211, 179252, 178870, 179264, 188232, 188235, 179662, 178767, 188238, 188241, 188244, 179290, 179678, 178785, 179297, 188004, 179302, 179699, 188024}"
123891,Nc1ccc2c(c1)CN(CC(F)F)C2,RCLXLNAXPRBUBU-UHFFFAOYSA-N,45.0,45.0,,Enamine,,Z1269911272,211.5,EUR,,,Nc1ccc2c(c1)CN(CC(F)F)C2,2025-12-09,1,45,45,{'Amidation'},"{52993, 43907, 43909, 44549, 43402, 43914, 48394, 51982, 42640, 54544, 48402, 43030, 48414, 29215, 42657, 52003, 52006, 52009, 52012, 62124, 52015, 31026, 43961, 43067, 51775, 43072, 43456, 51777, 48588, 29773, 29006, 42959, 43854, 43477, 52986, 29531, 43870, 42977, 42595, 43491, 43494, 43499, 43891, 42490, 28924}","{179714, 179716, 179209, 179721, 163471, 178447, 178837, 180377, 166301, 178464, 189216, 189223, 184369, 163762, 188212, 190900, 179768, 184377, 178874, 179263, 178879, 184389, 188233, 188236, 179661, 178766, 188239, 188242, 179284, 188245, 179677, 178784, 163553, 178402, 179298, 164324, 179301, 188005, 188007, 179306, 164078, 199790, 179698, 184563, 178297}"
140989,CCCCN1Cc2ccc(N)cc2C1,AZIHCNZTNDHDQH-UHFFFAOYSA-N,42.0,42.0,,Enamine,,Z406357162,117.6,EUR,,,CCCCN1Cc2ccc(N)cc2C1,2025-12-09,1,42,42,{'Amidation'},"{52992, 44548, 44552, 43403, 48396, 51596, 42639, 51983, 54543, 43029, 29214, 48415, 42658, 52004, 52007, 52010, 52013, 52016, 43444, 48443, 28990, 43454, 43455, 28993, 43073, 51779, 29772, 43853, 42958, 48589, 51791, 43476, 43869, 42720, 42976, 42596, 43492, 43877, 29031, 42985, 43890, 28925}","{179210, 178446, 163472, 178836, 180376, 180380, 178465, 187812, 189222, 163761, 179251, 184371, 188213, 190899, 179261, 179262, 178880, 184390, 188234, 179660, 178765, 188237, 188240, 163537, 179283, 163540, 188243, 188246, 179676, 178783, 178527, 184418, 164323, 178403, 179299, 179684, 178792, 188009, 179697, 184564, 188021, 163578}"
163222,O=C(O)c1cc2[nH]c(=O)[nH]c2cc1F,NSJVPMRXKYFRLE-UHFFFAOYSA-N,1.0,1.0,4953,Enamine,,Z1551929672,25.0,EUR,,,O=C(O)c1cc2[nH]c(=O)[nH]c2cc1F,2025-12-09,1,1,1,{'Amidation'},{28993},{163540}
141756,CCCCN1Cc2cc(N)ccc2C1=O,HQCXEJCRNPPLQB-UHFFFAOYSA-N,34.0,34.0,,Enamine,,Z1509412111,122.4,EUR,,,CCCCN1Cc2cc(N)ccc2C1=O,2025-12-09,1,34,34,{'Amidation'},"{44032, 48512, 48643, 60557, 43406, 53006, 54547, 43416, 43545, 51993, 44061, 44072, 51755, 43053, 62127, 53042, 44598, 43575, 51894, 43582, 31038, 43983, 43606, 42588, 29027, 47084, 48493, 51693, 42607, 48497, 43506, 51703, 44027, 29564}","{179213, 164111, 187923, 184468, 179223, 179352, 184472, 179868, 187933, 179879, 184487, 166313, 184618, 197929, 178860, 189236, 179382, 190903, 179389, 188223, 180426, 179790, 187985, 179413, 189272, 178395, 188124, 178414, 179313, 199793, 183027, 163574, 179834, 179839}"
163226,COc1cc(C(=O)O)cc2[nH]c(=O)[nH]c12,IEPHEGXCNHAHCB-UHFFFAOYSA-N,3.0,10.0,8808,Enamine,,Z1551943865,52.0,EUR,,,COc1cc(C(=O)O)cc2[nH]c(=O)[nH]c12,2025-12-09,1,3,3,{'Amidation'},"{29259, 29398, 29031}","{163945, 163578, 163806}"
163224,O=C(O)c1ccc2[nH]c(=O)[nH]c2c1F,MUNCENINHOBDAN-UHFFFAOYSA-N,2.0,10.0,8806,Enamine,,Z1551955272,61.0,EUR,,,O=C(O)c1ccc2[nH]c(=O)[nH]c2c1F,2025-12-09,1,2,2,{'Amidation'},"{29146, 29053}","{163600, 163693}"
142774,COCN1C(=O)c2ccc(N)cc2C1=O,HXXYAEGIKZLIGJ-UHFFFAOYSA-N,18.0,18.0,,Enamine,,Z1259227319,75.60000000000001,EUR,,,COCN1C(=O)c2ccc(N)cc2C1=O,2025-12-09,1,18,18,{'Amidation'},"{43521, 44034, 51685, 51997, 29099, 43979, 53002, 44078, 43439, 43568, 51697, 47090, 43988, 44085, 51898, 51706, 43997, 43038}","{179328, 179841, 187936, 188128, 188227, 179786, 187915, 179885, 179246, 179375, 189232, 179795, 179892, 187927, 183033, 179804, 178845, 163646}"
143757,COCCN1Cc2cc(N)ccc2C1=O,RXMAGKZNMHWDRZ-UHFFFAOYSA-N,32.0,32.0,,Enamine,,Z1862019212,134.4,EUR,,,COCCN1Cc2cc(N)ccc2C1=O,2025-12-09,1,32,32,{'Amidation'},"{44036, 43526, 53000, 29580, 43026, 54552, 43422, 43040, 53029, 43051, 44076, 43570, 44595, 62132, 44087, 51900, 29127, 43977, 29259, 43088, 43990, 43995, 43612, 42979, 48487, 51687, 29801, 42601, 43501, 43502, 47089, 51708}","{164352, 179843, 179333, 187917, 184462, 178833, 179229, 178847, 164127, 187938, 178858, 179883, 189230, 179377, 179894, 190908, 180423, 179784, 189259, 178895, 179797, 179802, 163674, 179419, 163806, 178786, 188130, 178408, 179308, 179309, 199798, 183032}"
128612,CC(C)n1c(=O)[nH]c2ccc(C(=O)O)cc21,ASRBUXIQHDAEIL-UHFFFAOYSA-N,6.0,10.0,7395,Enamine,,Z1543424925,21.0,EUR,,,CC(C)n1c(=O)[nH]c2ccc(C(=O)O)cc21,2025-12-09,1,6,6,{'Amidation'},"{29386, 29387, 29491, 29526, 29214, 29215}","{164038, 164073, 163761, 163762, 163933, 163934}"
163229,CCn1c(=O)[nH]c2ccc(C(=O)O)cc21,SRKAYPNQWBNHTG-UHFFFAOYSA-N,1.0,1.0,4960,Enamine,,Z1543425230,14.0,EUR,,,CCn1c(=O)[nH]c2ccc(C(=O)O)cc21,2025-12-09,1,1,1,{'Amidation'},{29225},{163772}
143759,Nc1ccc2c(c1)C(=O)N(CC1CC1)C2=O,UERFHNPWKVKJIU-UHFFFAOYSA-N,21.0,21.0,,Enamine,,Z351064032,31.5,EUR,,,Nc1ccc2c(c1)C(=O)N(CC1CC1)C2=O,2025-12-09,1,21,21,{'Amidation'},"{43905, 51716, 51746, 51876, 48552, 51753, 43562, 51881, 29236, 62135, 43200, 51907, 53063, 43852, 29526, 29272, 60643, 43876, 43238, 43889, 47092}","{179712, 179369, 187946, 179007, 199801, 163783, 187976, 188106, 179659, 184527, 187983, 188111, 179683, 179045, 188137, 164073, 163819, 179696, 189305, 183035, 198015}"
135358,CC(C)(O)CCN1Cc2ccc(N)cc2C1=O,VDMBARUFBWQXLX-UHFFFAOYSA-N,10.0,10.0,7483,Enamine,,Z1318241666,53.0,EUR,,,CC(C)(O)CCN1Cc2ccc(N)cc2C1=O,2025-12-09,1,10,10,{'Amidation'},"{29320, 51725, 51886, 43952, 51728, 51889, 51731, 51929, 48598, 47097}","{183040, 179759, 187955, 188116, 187958, 188119, 187961, 163867, 184573, 188159}"
127535,CN1Cc2ccc(N)cc2C1,QAJAXOPOSLBUDC-UHFFFAOYSA-N,48.0,48.0,,Enamine,,Z406357890,72.0,EUR,,,CN1Cc2ccc(N)cc2C1,2025-12-09,2,48,48,"{'Ester_amidation', 'Amidation'}","{42496, 43397, 43147, 30988, 51603, 51859, 42517, 42647, 42783, 43810, 43813, 51621, 42408, 43819, 42796, 42159, 42160, 42801, 43313, 43699, 51765, 42552, 29369, 43388, 43450, 43709, 43715, 43462, 43718, 42697, 43721, 42827, 51657, 42832, 43347, 51798, 29912, 43480, 43481, 51673, 43229, 43486, 43743, 51809, 43750, 42473, 43498, 43260}","{179204, 188039, 178954, 178324, 178454, 178590, 179617, 179620, 178215, 179626, 178603, 177966, 177967, 178608, 179120, 179506, 178359, 179257, 187833, 188089, 179516, 179522, 179269, 179525, 179195, 178504, 179528, 178634, 187851, 163916, 178639, 179154, 179287, 179288, 187995, 179036, 179293, 179550, 179557, 178280, 179305, 187903, 187887, 164469, 166263, 179067, 188028, 178303}"
163240,O=C(O)c1ccc2[nH]c(=O)n(Cc3ccccc3)c2c1,FHFVRYFRSXAKKZ-UHFFFAOYSA-N,9.0,10.0,8822,Enamine,,Z1543425117,35.0,EUR,,,O=C(O)c1ccc2[nH]c(=O)n(Cc3ccccc3)c2c1,2025-12-09,1,9,9,{'Amidation'},"{29505, 29451, 29550, 29555, 29557, 29560, 29369, 29370, 29468}","{164097, 164102, 164104, 164107, 163916, 163917, 164015, 164052, 163998}"
123714,Nc1ccc2c(c1)CNC2=O,RGJCJWXNNDARPQ-UHFFFAOYSA-N,43.0,43.0,,Enamine,,Z1198272534,60.199999999999996,EUR,,,Nc1ccc2c(c1)CNC2=O,2025-12-09,1,43,43,{'Amidation'},"{43393, 42242, 43396, 30987, 43148, 43281, 51861, 42646, 51609, 43163, 42911, 43811, 51620, 43815, 43820, 43697, 42164, 42676, 43700, 51764, 43449, 29370, 43710, 42559, 43332, 43463, 42824, 51656, 43722, 42828, 43724, 42833, 51797, 51672, 43482, 43228, 43485, 43488, 43744, 51810, 43751, 43497, 43261}","{179200, 178049, 179203, 188040, 178955, 179088, 178453, 178970, 178718, 179618, 179622, 179627, 179504, 177971, 178483, 179507, 179256, 188091, 179517, 178366, 187839, 179139, 179270, 178631, 179529, 187850, 178635, 179531, 163917, 178640, 179289, 187994, 179035, 179292, 179295, 179551, 179558, 179304, 187886, 166262, 188027, 179068, 187902}"
163232,O=C(O)c1ccc2[nH]c(=O)n(C3CC3)c2c1,JOALTBZZXLKPMS-UHFFFAOYSA-N,4.0,10.0,8814,Enamine,,Z1543425242,35.0,EUR,,,O=C(O)c1ccc2[nH]c(=O)n(C3CC3)c2c1,2025-12-09,1,4,4,{'Amidation'},"{29424, 29514, 29507, 29420}","{163971, 164061, 164054, 163967}"
140986,Nc1cc2c(cc1F)CNC2=O,RCTISGMYSBVFPB-UHFFFAOYSA-N,43.0,43.0,,Enamine,,Z1262645761,154.8,EUR,,,Nc1cc2c(cc1F)CNC2=O,2025-12-09,1,43,43,{'Amidation'},"{43392, 42498, 43779, 42375, 43783, 44167, 43660, 44173, 42896, 30994, 29468, 51869, 42786, 43685, 43829, 51834, 42949, 51654, 43848, 51666, 43775, 42197, 52951, 43354, 42330, 51679, 43361, 42468, 43623, 51817, 42730, 43374, 43759, 43633, 51825, 51826, 44149, 42614, 42870, 42618, 44156, 43646, 42367}","{178305, 179586, 187909, 178182, 179590, 179974, 189181, 179467, 179980, 178703, 188047, 188055, 188056, 188064, 178593, 179492, 164015, 179636, 188099, 178756, 179655, 178004, 178137, 179161, 179453, 179168, 179582, 178275, 179430, 178537, 187884, 179181, 179566, 179440, 179956, 178421, 178677, 187896, 178425, 179963, 166269, 178174, 179199}"
142768,CCN1Cc2ccc(N)cc2C1,GPTKTLALJBGUGE-UHFFFAOYSA-N,48.0,48.0,,Enamine,,Z406357810,72.0,EUR,,,CCN1Cc2ccc(N)cc2C1,2025-12-09,2,48,48,"{'Ester_amidation', 'Amidation'}","{42626, 42372, 42884, 43269, 51846, 54533, 43657, 42891, 43666, 43794, 51862, 30999, 44184, 42907, 43805, 43680, 62113, 43436, 43693, 42671, 51632, 43832, 43770, 42815, 29505, 42561, 42693, 42823, 42952, 42698, 43601, 52946, 51669, 51675, 43356, 29917, 51812, 43754, 42479, 43375, 42865, 44144, 51827, 42740, 43638, 44152, 42362, 51965}","{178433, 166274, 178179, 178691, 179076, 187905, 179464, 178698, 188042, 179473, 179601, 179991, 188057, 178714, 179612, 179487, 188195, 190889, 179243, 179500, 188076, 178478, 179639, 188092, 178622, 178368, 178500, 178630, 178759, 178505, 179577, 179408, 164052, 187862, 179163, 199779, 179561, 178286, 179182, 178672, 179951, 178547, 179445, 179959, 189176, 178169, 164474, 187899}"
163239,O=C(O)c1ccc2[nH]c(=O)n(CC(F)(F)F)c2c1,FSJPHZNUPMTSNX-UHFFFAOYSA-N,4.0,10.0,8821,Enamine,,Z1543425138,42.0,EUR,,,O=C(O)c1ccc2[nH]c(=O)n(CC(F)(F)F)c2c1,2025-12-09,1,4,4,{'Amidation'},"{29568, 29531, 29580, 29567}","{164114, 164115, 164078, 164127}"
128613,CN(C)CCn1c(=O)[nH]c2ccc(C(=O)O)cc21,BIZMXNOTUIAPLZ-UHFFFAOYSA-N,3.0,10.0,7396,Enamine,,Z1543425861,158.0,EUR,,,CN(C)CCn1c(=O)[nH]c2ccc(C(=O)O)cc21,2025-12-09,1,3,3,{'Amidation'},"{29576, 29578, 29564}","{164123, 164125, 164111}"
126870,O=C1CCc2cc(C(=O)O)cc(F)c2N1,BUQPAWKOWOAMLC-UHFFFAOYSA-N,5.0,10.0,7381,Enamine,,Z1509655083,47.0,EUR,,,O=C1CCc2cc(C(=O)O)cc(F)c2N1,2025-12-09,1,5,5,{'Amidation'},"{29891, 29799, 29801, 29772, 29773}","{164352, 164323, 164324, 164442, 164350}"
140995,CC(C)c1ccc(N2Cc3ccc(N)cc3C2)cc1,KMOWSBJDYXASIA-UHFFFAOYSA-N,6.0,10.0,7540,Enamine,,Z406357186,37.0,EUR,,,CC(C)c1ccc(N2Cc3ccc(N)cc3C2)cc1,2025-12-09,2,6,6,"{'Ester_amidation', 'Amidation'}","{47104, 44385, 51941, 51914, 29949, 53087}","{180192, 183047, 188171, 188144, 189329, 164504}"
162305,CC1(C)C(=O)Nc2cccc(C(=O)O)c21,VCNARVPACRFWIE-UHFFFAOYSA-N,30.0,30.0,,Enamine,,Z4452137608,99.0,EUR,,,CC1(C)C(=O)Nc2cccc(C(=O)O)c21,2025-12-09,1,30,30,{'Amidation'},"{47744, 30978, 30979, 60034, 47877, 47882, 47755, 47756, 47757, 48010, 47765, 47766, 48022, 47896, 60056, 60057, 47643, 47652, 48040, 48041, 60074, 48047, 47938, 47687, 62160, 48082, 47731, 47859, 47738, 47997}","{183697, 183825, 199826, 183704, 183963, 183710, 183843, 183848, 183721, 183722, 183723, 183976, 183731, 183732, 183988, 183862, 183609, 183618, 184006, 184007, 184013, 197202, 183904, 183653, 197224, 197225, 166251, 166252, 184048, 197242}"
166234,Cc1nc(N2CCC(N)C2)c(Cl)cc1C#N,WDNZDUDOLUBMES-UHFFFAOYSA-N,1.0,1.0,5147,Enamine,,Z2368294679,104.5,EUR,,,Cc1nc(N2CCC(N)C2)c(Cl)cc1C#N,2025-12-09,1,1,1,{'Amidation'},{30978},{166251}
166235,NC1CCN(c2ncc(C(F)(F)F)cc2Cl)C1,CUPFRJFRESZDCT-UHFFFAOYSA-N,1.0,1.0,5148,Enamine,,Z934138760,29.0,EUR,,,NC1CCN(c2ncc(C(F)(F)F)cc2Cl)C1,2025-12-09,1,1,1,{'Amidation'},{30979},{166252}
166259,N#Cc1c(Cl)cc(C(=O)O)cc1Cl,SXHGNXVZHQRYSN-UHFFFAOYSA-N,16.0,16.0,,Enamine,,Z1269202970,65.6,EUR,,,N#Cc1c(Cl)cc(C(=O)O)cc1Cl,2025-12-09,1,16,16,{'Amidation'},"{31072, 31073, 31074, 30987, 30988, 31019, 31021, 31022, 30992, 30993, 30994, 31026, 31052, 31063, 30999, 31038}","{166327, 166274, 166338, 166296, 166313, 166347, 166348, 166349, 166262, 166263, 166294, 166297, 166267, 166268, 166269, 166301}"
142770,Nc1ccc2c(c1)C(=O)NC2=O,PXRKCOCTEMYUEG-UHFFFAOYSA-N,32.0,32.0,,Enamine,,Z56795283,44.8,EUR,,,Nc1ccc2c(c1)C(=O)NC2=O,2025-12-09,1,32,32,{'Amidation'},"{43648, 43778, 51843, 43653, 44165, 43785, 44175, 30992, 51601, 43800, 42141, 51871, 42788, 43687, 43831, 43839, 42951, 51655, 42458, 51805, 51681, 43362, 43367, 43753, 51818, 43372, 43631, 51823, 43761, 44151, 42872, 44158}","{179585, 188035, 179460, 179972, 187911, 179592, 179982, 188048, 188053, 179607, 177948, 178595, 179494, 188073, 179638, 187831, 179646, 188101, 178758, 178265, 179169, 179174, 179560, 179179, 187885, 179438, 179568, 179958, 178679, 166267, 179965, 179455}"
177674,CCn1ncc2c(C(=O)O)cc(C3CC3)nc21,KVOJFHZWBXRJGZ-UHFFFAOYSA-N,12.0,12.0,,Enamine,,Z56648434,24.0,EUR,,,CCn1ncc2c(C(=O)O)cc(C3CC3)nc21,2025-12-09,1,12,12,{'Amidation'},"{42979, 51918, 51919, 51920, 51923, 51924, 42421, 51925, 42424, 42490, 42971, 42141}","{178786, 188154, 178228, 188148, 188149, 178231, 188150, 178297, 178778, 188153, 177948, 188155}"
142767,Nc1ccc2c(c1)C(=O)NC2,PGKXYAZNGUURHR-UHFFFAOYSA-N,37.0,37.0,,Enamine,,Z234898249,55.5,EUR,,,Nc1ccc2c(c1)C(=O)NC2,2025-12-09,1,37,37,{'Amidation'},"{43395, 51851, 42380, 43404, 43280, 51600, 42781, 43167, 51619, 43812, 42794, 42157, 43821, 43822, 51760, 43708, 51581, 43711, 42560, 43331, 43207, 43464, 42829, 43725, 43345, 42834, 51671, 43484, 43745, 51683, 51811, 43496, 43752, 42858, 51819, 43389, 43262}","{179202, 187913, 188041, 178187, 179211, 179087, 188049, 187797, 178588, 178974, 179619, 178601, 177964, 179628, 179629, 188081, 187830, 179515, 179518, 178367, 179138, 179014, 179271, 187849, 178636, 179532, 179152, 178641, 187990, 179291, 179552, 187901, 179303, 179559, 178665, 179196, 179069}"
177677,CC(C)n1ncc2c(C(=O)O)cc(C3CC3)nc21,YZDILIKIHKVAHO-UHFFFAOYSA-N,15.0,15.0,,Enamine,,Z56643554,27.0,EUR,,,CC(C)n1ncc2c(C(=O)O)cc(C3CC3)nc21,2025-12-09,1,15,15,{'Amidation'},"{42372, 43880, 43852, 42157, 43598, 42447, 42159, 42451, 42452, 51731, 43575, 43067, 43612, 51933, 42367}","{178179, 188163, 179687, 179659, 177964, 179405, 178254, 177966, 178258, 178259, 179382, 187961, 178874, 179419, 178174}"
177678,Cc1nn(C)c2nc(C3CC3)c(Cl)c(C(=O)O)c12,DZRURMZYAMDNAK-UHFFFAOYSA-N,25.0,25.0,,Enamine,,Z1263738688,55.00000000000001,EUR,,,Cc1nn(C)c2nc(C3CC3)c(Cl)c(C(=O)O)c12,2025-12-09,1,25,25,{'Amidation'},"{43905, 42509, 51725, 43566, 42160, 43568, 43570, 43571, 42164, 43576, 43582, 42565, 42566, 42569, 42324, 42455, 42330, 51931, 42976, 42977, 42978, 42361, 42362, 43902, 43903}","{179712, 188161, 178316, 179373, 177967, 179375, 179377, 179378, 177971, 187955, 179383, 179389, 178372, 178373, 178376, 178131, 178262, 178137, 178783, 178784, 178785, 178168, 178169, 179709, 179710}"
177672,Cc1nn(C)c2nc(C3CC3)cc(C(=O)O)c12,GMQFFGPSZPLCJJ-UHFFFAOYSA-N,16.0,16.0,,Enamine,,Z56640550,22.4,EUR,,,Cc1nn(C)c2nc(C3CC3)cc(C(=O)O)c12,2025-12-09,1,16,16,{'Amidation'},"{51937, 51939, 51940, 51941, 51718, 51942, 51943, 43049, 43562, 43051, 43537, 42258, 42197, 42263, 43037, 43038}","{188167, 178856, 179369, 178858, 188169, 187948, 188170, 188171, 188172, 179344, 178065, 188173, 178004, 178070, 178844, 178845}"
177684,CCC(C)n1ncc2c(C(=O)O)cc(C3CC3)nc21,ZYNVJPTVIHFKON-UHFFFAOYSA-N,17.0,17.0,,Enamine,,Z56649410,47.599999999999994,EUR,,,CCC(C)n1ncc2c(C(=O)O)cc(C3CC3)nc21,2025-12-09,1,17,17,{'Amidation'},"{42242, 42498, 44034, 44036, 43016, 43017, 43401, 43402, 42380, 43403, 44045, 42479, 51721, 51929, 42458, 44059, 44061}","{178049, 178305, 179841, 179843, 178823, 178824, 179208, 179209, 178187, 179210, 179852, 178286, 187951, 178265, 179866, 179868, 188159}"
142769,CN1Cc2ccc(N)cc2C1=O,CDYSDJOORITTLL-UHFFFAOYSA-N,28.0,28.0,,Enamine,,Z1255466676,39.199999999999996,EUR,,,CN1Cc2ccc(N)cc2C1=O,2025-12-09,1,28,28,{'Amidation'},"{43268, 51845, 42361, 42892, 43662, 44185, 43802, 43804, 43681, 43435, 43825, 51633, 43833, 42942, 51662, 43600, 51676, 43357, 51813, 43369, 51821, 42866, 51828, 43637, 44153, 43642, 43771, 51964}","{187906, 179075, 178699, 188043, 179469, 188051, 178168, 179609, 179992, 179611, 188058, 179488, 188194, 179242, 188075, 179632, 179640, 178749, 179407, 187863, 179164, 179176, 178673, 179444, 187892, 179960, 179449, 179578}"
177679,CCCn1ncc2c(C(=O)O)cc(C3CC3)nc21,AMFWYYBVTMGMSH-UHFFFAOYSA-N,15.0,15.0,,Enamine,,Z680883220,33.0,EUR,,,CCCn1ncc2c(C(=O)O)cc(C3CC3)nc21,2025-12-09,1,15,15,{'Amidation'},"{43072, 43073, 42375, 43502, 43503, 42480, 43504, 43858, 42483, 51728, 42485, 43606, 43063, 43516, 51935}","{178880, 188165, 178182, 179309, 179310, 178287, 179311, 179665, 178290, 178292, 179413, 178870, 187958, 179323, 178879}"
177695,Cn1nc(C2CC2)c2c(C(=O)O)cc(C3CC3)nc21,GOHFVPPHNQBYMS-UHFFFAOYSA-N,18.0,18.0,,Enamine,,Z2685657901,79.2,EUR,,,Cn1nc(C2CC2)c2c(C(=O)O)cc(C3CC3)nc21,2025-12-09,1,18,18,{'Amidation'},"{42752, 42753, 43456, 43457, 42693, 43975, 42408, 43977, 51751, 43979, 51753, 42765, 43981, 43983, 51889, 42618, 42749, 43455}","{178560, 179264, 178500, 179782, 178215, 179784, 179786, 178572, 179788, 179790, 187981, 187983, 188119, 178425, 178556, 179263, 179262, 178559}"
177690,Cc1cc(C(=O)O)c2cnn(Cc3cccs3)c2n1,YFRLWLAEMJSVAD-UHFFFAOYSA-N,16.0,16.0,,Enamine,,Z235346989,24.0,EUR,,,Cc1cc(C(=O)O)c2cnn(Cc3cccs3)c2n1,2025-12-09,1,16,16,{'Amidation'},"{42561, 42468, 44072, 43499, 42991, 42992, 42993, 42995, 43444, 43445, 44083, 44085, 44087, 44088, 43003, 44062}","{178368, 178275, 179879, 179895, 179306, 178798, 178799, 178800, 178802, 179251, 179252, 179890, 179892, 179894, 178810, 179869}"
177699,Cc1nn(CC(F)F)c2nc(C3CC3)cc(C(=O)O)c12,GFMPMZIJFPKONN-UHFFFAOYSA-N,19.0,19.0,,Enamine,,Z2106598566,53.199999999999996,EUR,,,Cc1nn(CC(F)F)c2nc(C3CC3)cc(C(=O)O)c12,2025-12-09,1,19,19,{'Amidation'},"{42907, 51874, 43511, 43556, 51876, 51891, 42939, 43869, 43870, 43871, 51685, 51687, 51688, 42473, 51689, 43510, 51703, 43512, 51702}","{187915, 187917, 187918, 187919, 178714, 187932, 187933, 179363, 178746, 188104, 188106, 188121, 179676, 179677, 179678, 178280, 179317, 179318, 179319}"
177700,Cc1cc(C(=O)O)c2c(C)nn(-c3ccccc3)c2n1,GGNIHFFEYHWPQO-UHFFFAOYSA-N,14.0,14.0,,Enamine,,Z240121058,19.599999999999998,EUR,,,Cc1cc(C(=O)O)c2c(C)nn(-c3ccccc3)c2n1,2025-12-09,1,14,14,{'Amidation'},"{42496, 43426, 43428, 43429, 43430, 43433, 42891, 42892, 42893, 42896, 42897, 43890, 43891, 43892}","{179233, 179235, 179236, 179237, 179240, 178698, 178699, 178700, 178703, 178704, 179697, 179698, 179699, 178303}"
177701,Cc1nn(C(C)(C)C)c2nc(C(C)C)cc(C(=O)O)c12,CPSDZXOHHDEEHZ-UHFFFAOYSA-N,7.0,10.0,9338,Enamine,,Z425330798,15.0,EUR,,,Cc1nn(C(C)(C)C)c2nc(C(C)C)cc(C(=O)O)c12,2025-12-09,1,7,7,{'Amidation'},"{43586, 43587, 42884, 43589, 43907, 43908, 42517}","{179393, 179394, 178691, 179396, 179714, 179715, 178324}"
177680,Cc1cc(C(=O)O)c2cnn(C3CCCC3)c2n1,GARVQEXMFKOXRF-UHFFFAOYSA-N,13.0,13.0,,Enamine,,Z240122540,23.400000000000002,EUR,,,Cc1cc(C(=O)O)c2cnn(C3CCCC3)c2n1,2025-12-09,1,13,13,{'Amidation'},"{43425, 42535, 42538, 42540, 43437, 42958, 42959, 42960, 43406, 43439, 43442, 43501, 43889}","{179232, 178342, 178345, 178347, 179244, 178765, 178766, 178767, 179213, 179246, 179249, 179308, 179696}"
177681,CC(C)c1cc(C(=O)O)c2cnn(C(C)C)c2n1,DMECABOZAOLLJG-UHFFFAOYSA-N,8.0,10.0,9320,Enamine,,Z57985991,18.0,EUR,,,CC(C)c1cc(C(=O)O)c2cnn(C(C)C)c2n1,2025-12-09,1,8,8,{'Amidation'},"{42985, 43443, 42548, 43894, 43895, 43416, 43418, 43422}","{178792, 179250, 178355, 179701, 179702, 179223, 179225, 179229}"
177703,Cc1nn(C(C)(C)C)c2nc(C3CC3)cc(C(=O)O)c12,ICILRPWQMYTXTM-UHFFFAOYSA-N,23.0,23.0,,Enamine,,Z419905120,34.5,EUR,,,Cc1nn(C(C)(C)C)c2nc(C3CC3)cc(C(=O)O)c12,2025-12-09,1,23,23,{'Amidation'},"{51713, 51877, 51879, 51881, 42552, 42559, 42560, 43594, 43595, 43596, 43853, 43854, 43855, 43618, 43621, 51693, 51695, 42865, 42866, 51697, 51701, 42870, 42872}","{187923, 187925, 187927, 187931, 187943, 178359, 178366, 178367, 179401, 179402, 179403, 179660, 179661, 179662, 188107, 188109, 188111, 179425, 179428, 178672, 178673, 178677, 178679}"
140988,Nc1cc2c(cc1Br)CN(C=O)C2,WTQZAXFFWGTIMU-UHFFFAOYSA-N,4.0,10.0,7534,Enamine,,Z1192341025,52.0,EUR,,,Nc1cc2c(cc1Br)CN(C=O)C2,2025-12-09,1,4,4,{'Amidation'},"{51604, 44275, 44220, 42566}","{187834, 180082, 180027, 178373}"
177668,CCCn1ncc2c(C(=O)O)cc(C)nc21,HPBUPBDPEMUQBS-UHFFFAOYSA-N,2.0,10.0,9308,Enamine,,Z680882350,18.0,EUR,,,CCCn1ncc2c(C(=O)O)cc(C)nc21,2025-12-09,1,2,2,{'Amidation'},"{42586, 42588}","{178393, 178395}"
177673,CCC(C)n1ncc2c(C(=O)O)cc(C)nc21,IQLFFGJLHQSXST-UHFFFAOYSA-N,8.0,10.0,9313,Enamine,,Z240122600,42.0,EUR,,,CCC(C)n1ncc2c(C(=O)O)cc(C)nc21,2025-12-09,1,8,8,{'Amidation'},"{43040, 42595, 42596, 43044, 43053, 43597, 42969, 43039}","{178402, 178403, 178851, 178860, 179404, 178776, 178846, 178847}"
177665,Cn1ncc2c(C(=O)O)cc(C3CC3)nc21,GRXOHEXNROQVRY-UHFFFAOYSA-N,2.0,10.0,9306,Enamine,,Z875036206,19.0,EUR,,,Cn1ncc2c(C(=O)O)cc(C3CC3)nc21,2025-12-09,1,2,2,{'Amidation'},"{42601, 42607}","{178408, 178414}"
177686,CCCCn1nc(C)c2c(C(=O)O)c(Cl)c(C)nc21,KPMGDVVEIQYFBJ-UHFFFAOYSA-N,13.0,13.0,,Enamine,,Z2106595844,26.0,EUR,,,CCCCn1nc(C)c2c(C(=O)O)c(Cl)c(C)nc21,2025-12-09,1,13,13,{'Amidation'},"{42626, 43490, 43491, 43492, 43986, 43991, 43988, 42613, 42614, 43990, 43992, 43098, 43100}","{178433, 179297, 179298, 179299, 179799, 179793, 179795, 178420, 178421, 179797, 179798, 178905, 178907}"
177671,CCc1cc(C(=O)O)c2c(C)nn(CC)c2n1,WECJIZTWHCBWCY-UHFFFAOYSA-N,5.0,10.0,9311,Enamine,,Z3637082787,53.0,EUR,,,CCc1cc(C(=O)O)c2c(C)nn(CC)c2n1,2025-12-09,1,5,5,{'Amidation'},"{43074, 42639, 42640, 43088, 43225}","{178881, 178446, 178895, 178447, 179032}"
177687,Cc1nn(CCO)c2nc(C3CC3)cc(C(=O)O)c12,GUSVYNQNXQJZJV-UHFFFAOYSA-N,13.0,13.0,,Enamine,,Z240121398,45.5,EUR,,,Cc1nn(CCO)c2nc(C3CC3)cc(C(=O)O)c12,2025-12-09,1,13,13,{'Amidation'},"{51716, 43973, 43974, 43144, 42698, 43117, 43119, 43121, 42643, 51734, 51735, 44027, 43454}","{187965, 179780, 179781, 178951, 178505, 187946, 178924, 178926, 178928, 178450, 179834, 187964, 179261}"
177706,O=C(O)c1cc(C2CC2)nc2c1cnn2C1CCCC1,NOAIJOPDRXQOJJ-UHFFFAOYSA-N,22.0,22.0,,Enamine,,Z56648922,52.8,EUR,,,O=C(O)c1cc(C2CC2)nc2c1cnn2C1CCCC1,2025-12-09,1,22,22,{'Amidation'},"{43914, 43915, 43152, 43155, 43156, 42646, 42647, 43165, 43169, 42786, 42787, 42788, 51755, 51904, 51905, 51907, 42823, 51704, 51706, 51708, 51709, 51710}","{179721, 179722, 178959, 178962, 178963, 178453, 178454, 178972, 187934, 178976, 178593, 178594, 178595, 187936, 187938, 187939, 187940, 178630, 187985, 188134, 188135, 188137}"
177669,CCCn1nc(C)c2c(C(=O)O)cc(C)nc21,ALWQIHWLNLCNJZ-UHFFFAOYSA-N,7.0,10.0,9309,Enamine,,Z1263738764,18.0,EUR,,,CCCn1nc(C)c2c(C(=O)O)cc(C)nc21,2025-12-09,1,7,7,{'Amidation'},"{42657, 42658, 43238, 43022, 43952, 43026, 43028}","{178464, 178465, 179045, 178829, 179759, 178833, 178835}"
177697,O=C(O)c1cc(C2CC2)nc2c1cnn2CC(F)F,AVQLXQOYNDTMLV-UHFFFAOYSA-N,16.0,16.0,,Enamine,,Z2106599218,44.8,EUR,,,O=C(O)c1cc(C2CC2)nc2c1cnn2CC(F)F,2025-12-09,1,16,16,{'Amidation'},"{44032, 51745, 51746, 42755, 42758, 42662, 42760, 43494, 42762, 43495, 51886, 42671, 43994, 43995, 43997, 51743}","{178562, 178469, 178565, 178567, 179301, 178569, 179302, 187973, 187975, 187976, 178478, 188116, 179801, 179802, 179804, 179839}"
177709,CC(C1CC1)n1ncc2c(C(=O)O)cc(C3CC3)nc21,FUBSOULSLMXLJM-UHFFFAOYSA-N,38.0,38.0,,Enamine,,Z56647458,106.39999999999999,EUR,,,CC(C1CC1)n1ncc2c(C(=O)O)cc(C3CC3)nc21,2025-12-09,1,38,38,{'Amidation'},"{47104, 47105, 47106, 47107, 43909, 47110, 43911, 47111, 47112, 43540, 43543, 43544, 43549, 42676, 42942, 42943, 42949, 42950, 42951, 42952, 42697, 43877, 47083, 47084, 47087, 47089, 47090, 47091, 47092, 47094, 47095, 47097, 47098, 47099, 47100, 47101, 47102, 47103}","{183040, 183041, 183042, 183043, 179716, 183044, 179718, 183045, 183046, 183047, 183048, 183049, 183050, 183053, 183054, 183055, 179347, 179350, 179351, 179356, 178483, 178749, 178750, 178756, 178757, 178758, 178759, 178504, 179684, 183026, 183027, 183030, 183032, 183033, 183034, 183035, 183037, 183038}"
177685,CCc1cc(C(=O)O)c2c(C3CC3)nn(CC)c2n1,DMJNUAXNPYFJIG-UHFFFAOYSA-N,14.0,14.0,,Enamine,,Z2106601229,26.599999999999998,EUR,,,CCc1cc(C(=O)O)c2c(C3CC3)nn(CC)c2n1,2025-12-09,1,14,14,{'Amidation'},"{42688, 42953, 42730, 44074, 44075, 44076, 44078, 42768, 44080, 42771, 42740, 43476, 43477, 43483}","{178760, 178537, 179881, 179882, 179883, 179885, 178575, 179887, 178578, 178547, 179283, 179284, 179290, 178495}"
177683,Cc1cc(C(=O)O)c2c(C)nn(C(C)(C)C)c2n1,LNABWTAJAKLZLB-UHFFFAOYSA-N,14.0,14.0,,Enamine,,Z424788518,25.2,EUR,,,Cc1cc(C(=O)O)c2c(C)nn(C(C)(C)C)c2n1,2025-12-09,1,14,14,{'Amidation'},"{43872, 43521, 43874, 43524, 43525, 43526, 43876, 42731, 43031, 43029, 42709, 43030, 43545, 43579}","{179328, 179681, 179331, 179332, 179333, 179683, 178538, 178836, 178516, 178837, 178838, 179352, 179386, 179679}"
177676,Cn1[nH]c(=O)c2c(C(=O)O)cc(C3CC3)nc21,DJAGYHZCYMBGGO-UHFFFAOYSA-N,4.0,10.0,9315,Enamine,,Z374049418,15.0,EUR,,,Cn1[nH]c(=O)c2c(C(=O)O)cc(C3CC3)nc21,2025-12-09,1,4,4,{'Amidation'},"{42720, 43193, 51914, 42974}","{179000, 178781, 188144, 178527}"
177713,Cc1ccc(Cn2ncc3c(C(=O)O)cc(C)nc32)cc1,YYXAQSFNYXGRGR-UHFFFAOYSA-N,11.0,11.0,,Enamine,,Z111414070,16.5,EUR,,,Cc1ccc(Cn2ncc3c(C(=O)O)cc(C)nc32)cc1,2025-12-09,1,11,11,{'Amidation'},"{43392, 44104, 44105, 44106, 43435, 43436, 44107, 44110, 42783, 42781, 43391}","{178590, 179911, 179912, 179913, 179242, 179243, 179914, 179917, 178588, 179198, 179199}"
177715,CCc1cc(C(=O)O)c2c(C)nn(-c3ccccc3)c2n1,KPQNCJSSRKGJMF-UHFFFAOYSA-N,11.0,11.0,,Enamine,,Z415731238,20.9,EUR,,,CCc1cc(C(=O)O)c2c(C)nn(-c3ccccc3)c2n1,2025-12-09,1,11,11,{'Amidation'},"{44096, 44097, 44100, 43623, 42794, 42796, 43600, 43601, 43574, 44093, 44095}","{179904, 179907, 179430, 178601, 178603, 179407, 179408, 179381, 179900, 179902, 179903}"
177716,O=C(O)c1cc(C2CC2)nc2c1cnn2Cc1ccsc1,XSATUYCOIJVBQO-UHFFFAOYSA-N,22.0,22.0,,Enamine,,Z240123324,61.599999999999994,EUR,,,O=C(O)c1cc(C2CC2)nc2c1cnn2Cc1ccsc1,2025-12-09,1,22,22,{'Amidation'},"{43268, 43269, 51993, 51995, 51997, 42801, 44211, 44212, 44213, 44214, 51774, 51775, 51908, 42824, 51791, 44240, 44243, 43353, 43354, 51945, 42858, 43372}","{179075, 179076, 188175, 178608, 180018, 180019, 180020, 180021, 188223, 188225, 188227, 178631, 180047, 180050, 179160, 179161, 188004, 188005, 178665, 188138, 179179, 188021}"
177708,Cc1nn(C)c2nc(-c3cccnc3)cc(C(=O)O)c12,PWJKXCJMWFWZHK-UHFFFAOYSA-N,3.0,10.0,9345,Enamine,,Z55872169,19.0,EUR,,,Cc1nn(C)c2nc(-c3cccnc3)cc(C(=O)O)c12,2025-12-09,1,3,3,{'Amidation'},"{43244, 43246, 42815}","{179051, 179053, 178622}"
177717,O=C(O)c1cc(C2CC2)nc2c1cnn2C1CCCCC1,CTSATCKBTPWPCA-UHFFFAOYSA-N,24.0,24.0,,Enamine,,Z56643066,67.19999999999999,EUR,,,O=C(O)c1cc(C2CC2)nc2c1cnn2C1CCCCC1,2025-12-09,1,24,24,{'Amidation'},"{44190, 51894, 51896, 44217, 44218, 44091, 44220, 44092, 44221, 51898, 51900, 51777, 51901, 51779, 51902, 42827, 42828, 42829, 51794, 43362, 43363, 43369, 43374, 43375}","{179997, 180024, 180025, 179898, 180027, 179899, 180028, 178634, 178635, 178636, 188124, 188126, 188128, 179169, 179170, 188130, 188131, 188132, 188007, 179176, 188009, 179181, 179182, 188024}"
177719,Cc1cc(C(=O)O)c2c(C)nn(-c3ccc(F)cc3)c2n1,PANIZACEQJWOTI-UHFFFAOYSA-N,14.0,14.0,,Enamine,,Z240121612,26.599999999999998,EUR,,,Cc1cc(C(=O)O)c2c(C)nn(-c3ccc(F)cc3)c2n1,2025-12-09,1,14,14,{'Amidation'},"{44224, 43361, 44225, 44226, 44227, 44230, 43367, 42832, 42833, 42834, 43312, 43356, 43357, 44223}","{179168, 180032, 180033, 180034, 180037, 179174, 179119, 178640, 178641, 178639, 179163, 179164, 180030, 180031}"
142721,CNc1ccc2c(c1)CN(C)C2,CYDJPNCZZFIUBL-UHFFFAOYSA-N,5.0,10.0,2750,Enamine,,EN300-37104410,62.0,EUR,,,CNc1ccc2c(c1)CN(C)C2.Cl.Cl,2025-12-01,1,5,5,{'Amidation'},"{42893, 51634, 51860, 51829, 42943}","{178700, 187864, 188090, 188059, 178750}"
177725,Cc1cc(C(=O)O)c2c(C)nn(CC(=O)NC(C)C)c2n1,VFWNANLJFSWVKL-UHFFFAOYSA-N,2.0,10.0,9359,Enamine,,Z2106598417,18.0,EUR,,,Cc1cc(C(=O)O)c2c(C)nn(CC(=O)NC(C)C)c2n1,2025-12-09,1,2,2,{'Amidation'},"{44257, 42911}","{180064, 178718}"
142771,CC(=O)N1Cc2ccc(N)cc2C1,YIOYWZUOBVMFGA-UHFFFAOYSA-N,6.0,10.0,7572,Enamine,,Z1192341021,35.0,EUR,,,CC(=O)N1Cc2ccc(N)cc2C1,2025-12-09,1,6,6,{'Amidation'},"{44224, 43017, 43595, 42992, 44212, 44190}","{178824, 179402, 178799, 180019, 179997, 180031}"
177667,Cc1cc(C(=O)O)c2cnn(C(C)C)c2n1,FZTBEHSMFGKXNA-UHFFFAOYSA-N,1.0,1.0,5456,Enamine,,Z203037854,14.0,EUR,,,Cc1cc(C(=O)O)c2cnn(C(C)C)c2n1,2025-12-09,1,1,1,{'Amidation'},{43001},{178808}
177670,Cc1nn(C)c2nc(C(C)C)cc(C(=O)O)c12,KRBKBSUHIBFJRE-UHFFFAOYSA-N,2.0,10.0,9310,Enamine,,Z98638409,15.0,EUR,,,Cc1nn(C)c2nc(C(C)C)cc(C(=O)O)c12,2025-12-09,1,2,2,{'Amidation'},"{43200, 43076}","{178883, 179007}"
177729,O=C(O)c1cc(C2CC2)nc2c1cnn2-c1ccc(F)cc1,GVHVCQZWQQFMOM-UHFFFAOYSA-N,17.0,17.0,,Enamine,,Z2106598145,30.6,EUR,,,O=C(O)c1cc(C2CC2)nc2c1cnn2-c1ccc(F)cc1,2025-12-09,1,17,17,{'Amidation'},"{43783, 43784, 43785, 43147, 43148, 43693, 52014, 52015, 52016, 51602, 51604, 51607, 51608, 51610, 51611, 43804, 43167}","{187840, 187841, 187838, 179590, 179591, 179592, 178954, 178955, 179500, 188244, 188245, 188246, 187832, 187834, 179611, 187837, 178974}"
177728,CCc1cc(C(=O)O)c2c(C)nn(Cc3ccccc3)c2n1,VJDWTMLECFCDCT-UHFFFAOYSA-N,4.0,10.0,9362,Enamine,,Z680881406,20.0,EUR,,,CCc1cc(C(=O)O)c2c(C)nn(Cc3ccccc3)c2n1,2025-12-09,1,4,4,{'Amidation'},"{43800, 43794, 43163, 43799}","{179601, 178970, 179606, 179607}"
177732,O=C(O)c1cc(C2CC2)nc2c1cnn2Cc1cccnc1,CROFMVRILSMXIG-UHFFFAOYSA-N,16.0,16.0,,Enamine,,Z240122728,44.8,EUR,,,O=C(O)c1cc(C2CC2)nc2c1cnn2Cc1cccnc1,2025-12-09,1,16,16,{'Amidation'},"{51649, 51650, 51651, 51646, 52002, 52003, 43207, 43848, 51647, 52004, 43832, 43833, 43228, 43229, 43838, 43839}","{187876, 187877, 179014, 179655, 187879, 187880, 187881, 188232, 188233, 188234, 179639, 179640, 179035, 179036, 179645, 179646}"
177704,Cc1nn(C)c2nc(-c3cnn(C)c3)cc(C(=O)O)c12,SYGGINSAINJSHE-UHFFFAOYSA-N,3.0,10.0,9341,Enamine,,Z2106599164,21.0,EUR,,,Cc1nn(C)c2nc(-c3cnn(C)c3)cc(C(=O)O)c12,2025-12-09,1,3,3,{'Amidation'},"{43961, 43220, 43214}","{179768, 179027, 179021}"
177733,O=C(O)c1cc(C2CC2)nc2c1cnn2Cc1ccccc1,HQRULNZCJUTCAP-UHFFFAOYSA-N,14.0,14.0,,Enamine,,Z240122908,39.199999999999996,EUR,,,O=C(O)c1cc(C2CC2)nc2c1cnn2Cc1ccccc1,2025-12-09,1,14,14,{'Amidation'},"{43779, 43753, 51658, 52011, 52012, 51661, 52013, 43763, 51667, 51668, 43802, 43260, 43261, 43262}","{179586, 179560, 187897, 187888, 188241, 179570, 187891, 188242, 188243, 179609, 187898, 179067, 179068, 179069}"
177736,Cc1ccc(Cn2ncc3c(C(=O)O)cc(C4CC4)nc32)o1,KPDPUJVMUXNWBA-UHFFFAOYSA-N,13.0,13.0,,Enamine,,Z240122848,36.4,EUR,,,Cc1ccc(Cn2ncc3c(C(=O)O)cc(C4CC4)nc32)o1,2025-12-09,1,13,13,{'Amidation'},"{52008, 52009, 43754, 51626, 52010, 51629, 51630, 43759, 43280, 43281, 43761, 51636, 51674}","{187904, 179561, 179566, 179087, 179088, 179568, 187856, 187859, 187860, 188238, 188239, 188240, 187866}"
177737,Cc1nn(-c2ccccn2)c2nc(C3CC3)cc(C(=O)O)c12,JJUMUYPEXZXUEZ-UHFFFAOYSA-N,16.0,16.0,,Enamine,,Z56634472,44.8,EUR,,,Cc1nn(-c2ccccn2)c2nc(C3CC3)cc(C(=O)O)c12,2025-12-09,1,16,16,{'Amidation'},"{43331, 43332, 52005, 52006, 52007, 51624, 43313, 43825, 43829, 43830, 43831, 51640, 51641, 51642, 43805, 51645}","{187872, 179138, 179139, 187875, 188235, 188236, 188237, 187854, 179120, 179632, 179636, 179637, 179638, 179612, 187870, 187871}"
177738,Cc1cc(C(=O)O)c2c(C)nn(Cc3ccc(Cl)cc3)c2n1,LIWUKOYOBBJUTC-UHFFFAOYSA-N,7.0,10.0,9370,Enamine,,Z2106595888,14.0,EUR,,,Cc1cc(C(=O)O)c2c(C)nn(Cc3ccc(Cl)cc3)c2n1,2025-12-09,1,7,7,{'Amidation'},"{43776, 43778, 43345, 43347, 43770, 43771, 43775}","{179585, 179152, 179154, 179577, 179578, 179582, 179583}"
177740,CCc1cc(C(=O)O)c2c(C)nn(-c3ccccc3F)c2n1,ONXXLXKNKQBOJP-UHFFFAOYSA-N,8.0,10.0,9372,Enamine,,Z680881464,18.0,EUR,,,CCc1cc(C(=O)O)c2c(C)nn(-c3ccccc3F)c2n1,2025-12-09,1,8,8,{'Amidation'},"{43393, 43653, 43654, 43657, 43660, 43662, 43388, 43389}","{179200, 179460, 179461, 179464, 179467, 179469, 179195, 179196}"
177741,CCc1ccc(Cn2ncc3c(C(=O)O)cc(C)nc32)cc1,YXAPTGNGBICIOX-UHFFFAOYSA-N,6.0,10.0,9373,Enamine,,Z108567492,15.0,EUR,,,CCc1ccc(Cn2ncc3c(C(=O)O)cc(C)nc32)cc1,2025-12-09,1,6,6,{'Amidation'},"{43395, 43396, 43397, 44173, 44174, 44175}","{179202, 179203, 179204, 179980, 179981, 179982}"
177742,Cc1cc(C(=O)O)c2c(C3CC3)nn(-c3ccccc3)c2n1,HVYMFRFJECULBQ-UHFFFAOYSA-N,8.0,10.0,9374,Enamine,,Z240123606,24.0,EUR,,,Cc1cc(C(=O)O)c2c(C3CC3)nn(-c3ccccc3)c2n1,2025-12-09,1,8,8,{'Amidation'},"{43648, 43404, 43666, 43642, 43481, 43482, 43646, 43647}","{179449, 179211, 179473, 179288, 179289, 179453, 179454, 179455}"
177743,Cc1nn(-c2ccccc2)c2nc(C(C)C)cc(C(=O)O)c12,OXKCSPSWZWVIOF-UHFFFAOYSA-N,7.0,10.0,9375,Enamine,,Z98638371,17.0,EUR,,,Cc1nn(-c2ccccc2)c2nc(C(C)C)cc(C(=O)O)c12,2025-12-09,1,7,7,{'Amidation'},"{44153, 44152, 43449, 43450, 44156, 44157, 44158}","{179960, 179959, 179256, 179257, 179963, 179964, 179965}"
177745,Cc1cc(C(=O)O)c2c(C)nn(Cc3ccccc3Cl)c2n1,XGFMAEQDTFHSSJ-UHFFFAOYSA-N,8.0,10.0,9376,Enamine,,Z2106595890,14.0,EUR,,,Cc1cc(C(=O)O)c2c(C)nn(Cc3ccccc3Cl)c2n1,2025-12-09,1,8,8,{'Amidation'},"{43462, 43463, 43464, 43631, 43632, 43633, 43637, 43638}","{179269, 179270, 179271, 179438, 179439, 179440, 179444, 179445}"
177747,Cc1cc(-c2cc(C(=O)O)c3cnn(C(C)C)c3n2)c(C)s1,MNCMXNMCWCOWST-UHFFFAOYSA-N,1.0,1.0,5528,Enamine,,Z56643746,15.0,EUR,,,Cc1cc(-c2cc(C(=O)O)c3cnn(C(C)C)c3n2)c(C)s1,2025-12-09,1,1,1,{'Amidation'},{43480},{179287}
177748,CC(C)c1cc(C(=O)O)c2cnn(-c3ccccc3F)c2n1,AQKVDCMULITYAE-UHFFFAOYSA-N,8.0,10.0,9379,Enamine,,Z2106600201,15.0,EUR,,,CC(C)c1cc(C(=O)O)c2cnn(-c3ccccc3F)c2n1,2025-12-09,1,8,8,{'Amidation'},"{43680, 43681, 43685, 43686, 43687, 43484, 43485, 43486}","{179488, 179492, 179493, 179494, 179291, 179292, 179293, 179487}"
177749,CC(C)c1cc(C(=O)O)c2cnn(-c3ccc(F)cc3)c2n1,CUZVNHFDNLNDEM-UHFFFAOYSA-N,5.0,10.0,9380,Enamine,,Z2106600237,15.0,EUR,,,CC(C)c1cc(C(=O)O)c2cnn(-c3ccc(F)cc3)c2n1,2025-12-09,1,5,5,{'Amidation'},"{43488, 44144, 44149, 44150, 44151}","{179951, 179956, 179957, 179958, 179295}"
177750,O=C(O)c1cc(C2CC2)nc2c1cnn2Cc1ccncc1,RKQIQBKHEOBJEG-UHFFFAOYSA-N,15.0,15.0,,Enamine,,Z240122788,42.0,EUR,,,O=C(O)c1cc(C2CC2)nc2c1cnn2Cc1ccncc1,2025-12-09,1,15,15,{'Amidation'},"{44165, 44166, 44167, 43496, 43497, 43498, 51981, 51982, 51759, 51983, 51766, 44184, 44185, 51770, 51772}","{188000, 188002, 179972, 179973, 179974, 179303, 179304, 179305, 188211, 188212, 187989, 188213, 179991, 179992, 187996}"
177682,Cc1cc(C(=O)O)c2c(C)nn(CC(F)F)c2n1,NYZQFFKXCVGLMR-UHFFFAOYSA-N,3.0,10.0,9321,Enamine,,Z1263738674,32.0,EUR,,,Cc1cc(C(=O)O)c2c(C)nn(CC(F)F)c2n1,2025-12-09,1,3,3,{'Amidation'},"{43506, 43530, 43866}","{179313, 179337, 179673}"
177754,Cc1cc(C(=O)O)c2c(C)nn(CC(=O)NC3CCCC3)c2n1,DVMSLNCYKAXLGJ-UHFFFAOYSA-N,1.0,1.0,5534,Enamine,,Z2106598418,15.0,EUR,,,Cc1cc(C(=O)O)c2c(C)nn(CC(=O)NC3CCCC3)c2n1,2025-12-09,1,1,1,{'Amidation'},{43697},{179504}
177755,Cc1nn(CC(=O)NC(C)C)c2nc(C3CC3)cc(C(=O)O)c12,GCVDWFXJJZISPZ-UHFFFAOYSA-N,11.0,11.0,,Enamine,,Z2106598442,19.8,EUR,,,Cc1nn(CC(=O)NC(C)C)c2nc(C3CC3)cc(C(=O)O)c12,2025-12-09,1,11,11,{'Amidation'},"{51974, 51977, 51947, 51662, 51599, 51601, 51666, 43699, 43700, 51669, 51963}","{188193, 188204, 188207, 188177, 179506, 179507, 187892, 187829, 187831, 187896, 187899}"
177758,CCc1cc(C(=O)O)c2cnn(Cc3ccc(OC)cc3)c2n1,QPNFTSLBXWRIAS-UHFFFAOYSA-N,3.0,10.0,9386,Enamine,,Z680881410,20.0,EUR,,,CCc1cc(C(=O)O)c2cnn(Cc3ccc(OC)cc3)c2n1,2025-12-09,1,3,3,{'Amidation'},"{43721, 43722, 43708}","{179528, 179529, 179515}"
177759,Cc1cc(C(=O)O)c2c(C3CC3)nn(-c3ccccc3F)c2n1,ZPVYWCVOJDTAJO-UHFFFAOYSA-N,3.0,10.0,9387,Enamine,,Z2106600230,18.0,EUR,,,Cc1cc(C(=O)O)c2c(C3CC3)nn(-c3ccccc3F)c2n1,2025-12-09,1,3,3,{'Amidation'},"{43709, 43710, 43711}","{179516, 179517, 179518}"
177761,Cc1nn(-c2ccc(F)cc2)c2nc(C(C)C)cc(C(=O)O)c12,OQUZABOAGONUDX-UHFFFAOYSA-N,3.0,10.0,9388,Enamine,,Z98638407,17.0,EUR,,,Cc1nn(-c2ccc(F)cc2)c2nc(C(C)C)cc(C(=O)O)c12,2025-12-09,1,3,3,{'Amidation'},"{43715, 43724, 43725}","{179522, 179531, 179532}"
177763,Cc1cc(C(=O)O)c2c(C3CC3)nn(CC(=O)NC(C)C)c2n1,FDTLMGDLQFBPDP-UHFFFAOYSA-N,1.0,1.0,5539,Enamine,,Z2106598622,15.0,EUR,,,Cc1cc(C(=O)O)c2c(C3CC3)nn(CC(=O)NC(C)C)c2n1,2025-12-09,1,1,1,{'Amidation'},{43718},{179525}
177770,Cc1ccc(Cn2nc(C)c3c(C(=O)O)c(Cl)c(C)nc32)cc1,LSBJILAYPMVZMC-UHFFFAOYSA-N,3.0,10.0,9393,Enamine,,Z2106598389,15.0,EUR,,,Cc1ccc(Cn2nc(C)c3c(C(=O)O)c(Cl)c(C)nc32)cc1,2025-12-09,1,3,3,{'Amidation'},"{43744, 43745, 43743}","{179552, 179550, 179551}"
177772,Cc1cc(C(=O)O)c2c(C3CC3)nn(-c3ccc(F)cc3)c2n1,MAMLPLZJXWNSNN-UHFFFAOYSA-N,3.0,10.0,9394,Enamine,,Z2106598250,21.0,EUR,,,Cc1cc(C(=O)O)c2c(C3CC3)nn(-c3ccc(F)cc3)c2n1,2025-12-09,1,3,3,{'Amidation'},"{43752, 43750, 43751}","{179557, 179558, 179559}"
177773,Cc1nn(C2CCS(=O)(=O)C2)c2nc(C3CC3)cc(C(=O)O)c12,GENJQCQDMUDBOT-UHFFFAOYSA-N,14.0,14.0,,Enamine,,Z56644042,21.0,EUR,,,Cc1nn(C2CCS(=O)(=O)C2)c2nc(C3CC3)cc(C(=O)O)c12,2025-12-09,1,14,14,{'Amidation'},"{43810, 43811, 43812, 51654, 51655, 51979, 51980, 51632, 51633, 51634, 51956, 51670, 51959, 51961}","{179617, 179618, 179619, 187884, 187885, 188209, 188210, 187862, 187863, 187864, 188186, 187900, 188189, 188191}"
177774,Cc1nn(Cc2ccccc2)c2nc(C3CC3)cc(C(=O)O)c12,AMIFSJBVJVHAJY-UHFFFAOYSA-N,13.0,13.0,,Enamine,,Z680883202,26.0,EUR,,,Cc1nn(Cc2ccccc2)c2nc(C3CC3)cc(C(=O)O)c12,2025-12-09,1,13,13,{'Amidation'},"{51680, 51681, 43813, 43815, 51948, 43822, 51951, 51952, 51953, 51955, 51675, 51676, 51679}","{187905, 187906, 179620, 187909, 179622, 187910, 187911, 179629, 188178, 188181, 188182, 188183, 188185}"
177776,Cc1nn(-c2ccccc2F)c2nc(C(C)C)cc(C(=O)O)c12,BXSUCJBFZBTLTD-UHFFFAOYSA-N,3.0,10.0,9398,Enamine,,Z680857094,16.0,EUR,,,Cc1nn(-c2ccccc2F)c2nc(C(C)C)cc(C(=O)O)c12,2025-12-09,1,3,3,{'Amidation'},"{43819, 43820, 43821}","{179626, 179627, 179628}"
143760,Nc1ccc2c(c1)CN(C(=O)C(F)(F)F)C2,GLZWTOBGMDMQCW-UHFFFAOYSA-N,2.0,10.0,7583,Enamine,,Z1934383729,15.0,EUR,,,Nc1ccc2c(c1)CN(C(=O)C(F)(F)F)C2,2025-12-09,1,2,2,{'Amidation'},"{43872, 51877}","{188107, 179679}"
177662,CCn1ncc2c(C(=O)O)cc(C)nc21,JTTJVZMRWYUXBW-UHFFFAOYSA-N,1.0,1.0,5453,Enamine,,Z240122480,14.0,EUR,,,CCn1ncc2c(C(=O)O)cc(C)nc21,2025-12-09,1,1,1,{'Amidation'},{44192},{179999}
177720,CCn1ccc(-c2cc(C(=O)O)c3c(C)nn(C)c3n2)n1,SHBWYJFZQVVGIQ-UHFFFAOYSA-N,1.0,1.0,5504,Enamine,,Z2106598571,14.0,EUR,,,CCn1ccc(-c2cc(C(=O)O)c3c(C)nn(C)c3n2)n1,2025-12-09,1,1,1,{'Amidation'},{44195},{180002}
177714,CCn1nccc1-c1cc(C(=O)O)c2c(C)nn(C)c2n1,KSZJUXCJDIKXIB-UHFFFAOYSA-N,2.0,10.0,9349,Enamine,,Z2106598604,24.0,EUR,,,CCn1nccc1-c1cc(C(=O)O)c2c(C)nn(C)c2n1,2025-12-09,1,2,2,{'Amidation'},"{44205, 44207}","{180012, 180014}"
177663,Cc1cc(C(=O)O)c2c(C)nn(C)c2n1,RDFKCZQFWJDUEX-UHFFFAOYSA-N,1.0,1.0,5454,Enamine,,Z234808484,14.0,EUR,,,Cc1cc(C(=O)O)c2c(C)nn(C)c2n1,2025-12-09,1,1,1,{'Amidation'},{44266},{180073}
177726,COC(=O)c1cc(C2CC2)nc2c1c(C)nn2CC(=O)O,ACYGEGIPAJPBGM-UHFFFAOYSA-N,1.0,1.0,5510,Enamine,,Z2106598228,14.0,EUR,,,COC(=O)c1cc(C2CC2)nc2c1c(C)nn2CC(=O)O,2025-12-09,1,1,1,{'Amidation'},{44275},{180082}
177724,COC(=O)c1cc(C)nc2c1c(C1CC1)nn2CC(=O)O,YYRCOJWETHBGFO-UHFFFAOYSA-N,1.0,1.0,5508,Enamine,,Z2106598515,14.0,EUR,,,COC(=O)c1cc(C)nc2c1c(C1CC1)nn2CC(=O)O,2025-12-09,1,1,1,{'Amidation'},{44282},{180089}
137192,Cn1c(=O)[nH]c2c(C(=O)O)cc(Br)cc21,DNXZBYHWYHVSEO-UHFFFAOYSA-N,2.0,10.0,7506,Enamine,,Z3243082751,65.0,EUR,,,Cn1c(=O)[nH]c2c(C(=O)O)cc(Br)cc21,2025-12-09,1,2,2,{'Amidation'},"{44385, 44370}","{180192, 180177}"
145820,O=C(O)c1cccc2c3c([nH]c12)CCCCC3,YKASTBHMLNMFOL-UHFFFAOYSA-N,5.0,10.0,7659,Enamine,,Z316172668,15.0,EUR,,,O=C(O)c1cccc2c3c([nH]c12)CCCCC3,2025-12-09,1,5,5,{'Amidation'},"{44611, 44548, 44549, 44570, 44571}","{180398, 180399, 180439, 180376, 180377}"
145821,CC1CCc2[nH]c3c(C(=O)O)cccc3c2C1,YDECTAHOPWOBON-UHFFFAOYSA-N,7.0,10.0,7660,Enamine,,Z381026484,15.0,EUR,,,CC1CCc2[nH]c3c(C(=O)O)cccc3c2C1,2025-12-09,1,7,7,{'Amidation'},"{44552, 44591, 44595, 44596, 44597, 44598, 44604}","{180419, 180423, 180424, 180425, 180426, 180432, 180380}"
145818,O=C(O)c1cccc2c3c([nH]c12)CCCC3,POBJTDRFZSKTBC-UHFFFAOYSA-N,1.0,1.0,1720,Enamine,,EN300-30538,14.0,EUR,,,O=C(O)c1cccc2c3c([nH]c12)CCCC3,2025-12-01,1,1,1,{'Amidation'},{44621},{180449}
164630,CCc1c(N)cnn1CC,QDINHCVKXHGLHV-UHFFFAOYSA-N,1.0,1.0,5046,Enamine,,Z1276654170,29.0,EUR,,,CCc1c(N)cnn1CC,2025-12-09,1,1,1,{'Amidation'},{46092},{181936}
180483,Cc1ccc2cc(C(=O)O)c3ccc(C)nc3c2n1,SDWCEVMJPFJVCG-UHFFFAOYSA-N,2.0,10.0,9435,Enamine,,Z2858783229,141.0,EUR,,,Cc1ccc2cc(C(=O)O)c3ccc(C)nc3c2n1,2025-12-09,1,2,2,{'Amidation'},"{46092, 46093}","{181936, 181937}"
164629,CC(C)c1c(N)cnn1C,SGEMDBSQVGTATH-UHFFFAOYSA-N,1.0,1.0,5045,Enamine,,Z1276653928,23.0,EUR,,,CC(C)c1c(N)cnn1C,2025-12-09,1,1,1,{'Amidation'},{46093},{181937}
162521,CC(N)c1cccc(-n2cccc2)c1,MRPLWYVUULIYMY-UHFFFAOYSA-N,2.0,10.0,8588,Enamine,,Z336080418,89.0,EUR,,,CC(N)c1cccc(-n2cccc2)c1,2025-12-09,1,2,2,{'Amidation'},"{46244, 60525}","{197897, 182131}"
181958,O=C(O)c1cccn2cc(CN3CCCC3)nc12,IGLXARCHGFRGSR-UHFFFAOYSA-N,16.0,16.0,,Enamine,,Z235344941,67.2,EUR,,,O=C(O)c1cccn2cc(CN3CCCC3)nc12,2025-12-09,1,16,16,{'Amidation'},"{46304, 46305, 46402, 46275, 46244, 46277, 46310, 46374, 46394, 46381, 46320, 46384, 46323, 46326, 46359, 46298}","{182210, 182213, 182246, 182185, 182281, 182191, 182192, 182289, 182162, 182131, 182164, 182197, 182261, 182271, 182268, 182207}"
181970,CN(C)CCN1Cc2cccc(N)c2C1,MZGYFDVOLDFIHM-UHFFFAOYSA-N,2.0,10.0,9447,Enamine,,Z406357898,23.0,EUR,,,CN(C)CCN1Cc2cccc(N)c2C1,2025-12-09,1,2,2,{'Amidation'},"{46275, 47731}","{183697, 182162}"
162559,Nc1cccc2c1CN(c1nccs1)C2,SQZYHRHJPZSHFW-UHFFFAOYSA-N,3.0,10.0,8623,Enamine,,Z406357870,42.0,EUR,,,Nc1cccc2c1CN(c1nccs1)C2,2025-12-09,1,3,3,{'Amidation'},"{60570, 46277, 47765}","{183731, 182164, 197942}"
162595,CN1CCN(c2cc(F)cc(CN)c2)CC1,XYTRDNFWXDWILO-UHFFFAOYSA-N,1.0,1.0,4806,Enamine,,Z1799960727,31.0,EUR,,,CN1CCN(c2cc(F)cc(CN)c2)CC1,2025-12-09,1,1,1,{'Amidation'},{46304},{182191}
1925,Nc1cccc2c1CN(c1ccccn1)C2,AQBWQDXBAHASJB-UHFFFAOYSA-N,1.0,1.0,3413,Enamine,,Z406357806,25.0,EUR,,,Nc1cccc2c1CN(c1ccccn1)C2,2025-12-09,1,1,1,{'Amidation'},{46305},{182192}
181985,CC1CN(Cc2cccc(N)c2)CC(C)O1,SAPOZTKSZOJTJM-UHFFFAOYSA-N,2.0,10.0,9460,Enamine,,Z285162788,131.1,EUR,,,CC1CN(Cc2cccc(N)c2)CC(C)O1,2025-12-09,1,2,2,{'Amidation'},"{60656, 46326}","{198028, 182213}"
162704,CC(C)(C)OC(=O)NC1CCc2ccc(N)cc21,CLHXLEGKJBLKFP-UHFFFAOYSA-N,2.0,10.0,8761,Enamine,,Z2751298771,33.0,EUR,,,CC(C)(C)OC(=O)NC1CCc2ccc(N)cc21,2025-12-09,1,2,2,{'Amidation'},"{60747, 46374}","{182261, 198119}"
162714,CC(C)(C)OC(=O)NCc1cc([N+](=O)[O-])ccc1N,HRQDOJOTIIDVRB-UHFFFAOYSA-N,2.0,10.0,8770,Enamine,,Z3581203905,42.0,EUR,,,CC(C)(C)OC(=O)NCc1cc([N+](=O)[O-])ccc1N,2025-12-09,1,2,2,{'Amidation'},"{60761, 46381}","{182268, 198133}"
181996,Cc1nc2ccccc2n1Cc1cc(N)ccc1Cl,KXRLDAQDFLIDQT-UHFFFAOYSA-N,1.0,1.0,5620,Enamine,,Z394691586,15.0,EUR,,,Cc1nc2ccccc2n1Cc1cc(N)ccc1Cl,2025-12-09,1,1,1,{'Amidation'},{46394},{182281}
182000,Nc1cccc2c1C(=O)N(C1CCC(=O)NC1=O)C2,XKAYAFBLGLCWSY-UHFFFAOYSA-N,2.0,10.0,9473,Enamine,,Z2311307207,40.0,EUR,,,Nc1cccc2c1C(=O)N(C1CCC(=O)NC1=O)C2,2025-12-09,1,2,2,{'Amidation'},"{46402, 60799}","{182289, 198171}"
135365,Nc1ccc2c(c1)C(=O)N(C1CCC(=O)NC1=O)C2=O,IICWMVJMJVXCLY-UHFFFAOYSA-N,4.0,10.0,2214,Enamine,,EN300-7365471,14.0,EUR,,,Nc1ccc2c(c1)C(=O)N(C1CCC(=O)NC1=O)C2=O,2025-12-01,1,4,4,{'Amidation'},"{54574, 62155, 46428, 47110}","{190930, 182315, 183053, 199821}"
140998,CN1C(=O)CCC(N2Cc3ccc(N)cc3C2=O)C1=O,CAZZZPLILVNKBD-UHFFFAOYSA-N,4.0,10.0,7543,Enamine,,Z5775753726,58.0,EUR,,,CN1C(=O)CCC(N2Cc3ccc(N)cc3C2=O)C1=O,2025-12-09,1,4,4,{'Amidation'},"{47112, 54576, 62157, 46430}","{199823, 190932, 182317, 183055}"
162341,CNC(=O)c1cc(N)ccc1Br,PWAQEPBQBVFOMB-UHFFFAOYSA-N,1.0,1.0,4565,Enamine,,Z902258260,104.5,EUR,,,CNC(=O)c1cc(N)ccc1Br,2025-12-09,1,1,1,{'Amidation'},{46848},{182791}
182319,CC(C)(C)OC(=O)NCc1cc(Cl)cc(C(=O)O)c1,IERCEDAMPVDZCV-UHFFFAOYSA-N,7.0,10.0,9474,Enamine,,Z2182005363,42.0,EUR,,,CC(C)(C)OC(=O)NCc1cc(Cl)cc(C(=O)O)c1,2025-12-09,1,7,7,{'Amidation'},"{46848, 61285, 61286, 61288, 61292, 61293, 61294}","{198945, 198946, 198948, 182791, 198952, 198953, 198954}"
145816,O=C(O)c1cccc2c3c([nH]c12)CCC3,KUCYGAINBAZNHN-UHFFFAOYSA-N,1.0,1.0,1718,Enamine,,EN300-30836,15.0,EUR,,,O=C(O)c1cccc2c3c([nH]c12)CCC3,2025-12-01,1,1,1,{'Amidation'},{47075},{183018}
124670,NC(=O)c1ccc2[nH]cc(C3CCNCC3)c2c1,DRVXDHFVKADYKC-UHFFFAOYSA-N,1.0,1.0,3513,Enamine,,Z1157651614,32.0,EUR,,,NC(=O)c1ccc2[nH]cc(C3CCNCC3)c2c1,2025-12-09,1,1,1,{'Buchwald-Hartwig_amidation_with_amide-like_nucleophile'},{47080},{183023}
165889,O=C1CCC(N2C(=O)c3ccc(I)cc3C2=O)C(=O)N1,CPMXADCMGIFEEI-UHFFFAOYSA-N,1.0,1.0,5081,Enamine,,Z3847488925,14.0,EUR,,,O=C1CCC(N2C(=O)c3ccc(I)cc3C2=O)C(=O)N1,2025-12-09,1,1,1,{'Buchwald-Hartwig_amidation_with_amide-like_nucleophile'},{47080},{183023}
135356,Nc1ccc2c(c1)C1CCC2N1C(=O)C(F)(F)F,BZNZPLOHNVZZRG-UHFFFAOYSA-N,1.0,1.0,3627,Enamine,,Z2645122519,36.0,EUR,,,Nc1ccc2c(c1)C1CCC2N1C(=O)C(F)(F)F,2025-12-09,1,1,1,{'Amidation'},{47098},{183041}
135366,CC(C)(C)OC(=O)N1C2CCC1c1cc(N)ccc12,RGNQFMYCOUARHV-UHFFFAOYSA-N,4.0,10.0,7490,Enamine,,Z2050599292,51.0,EUR,,,CC(C)(C)OC(=O)N1C2CCC1c1cc(N)ccc12,2025-12-09,1,4,4,{'Amidation'},"{62148, 60780, 51925, 47103}","{198152, 188155, 183046, 199814}"
162497,Nc1cccc(CN2CCSCC2)c1,TUTPFTCILWEGMR-UHFFFAOYSA-N,1.0,1.0,4715,Enamine,,Z234897205,15.0,EUR,,,Nc1cccc(CN2CCSCC2)c1,2025-12-09,1,1,1,{'Amidation'},{47643},{183609}
182330,Nc1cccc(Cn2cc(Br)cn2)c1,BXTGPJCVSUEYNV-UHFFFAOYSA-N,1.0,1.0,5635,Enamine,,Z729840028,42.0,EUR,,,Nc1cccc(Cn2cc(Br)cn2)c1,2025-12-09,1,1,1,{'Amidation'},{47652},{183618}
182335,Nc1cccc(Cn2cc(Cl)cn2)c1,XGPQLTNNMJBPOQ-UHFFFAOYSA-N,1.0,1.0,5640,Enamine,,Z729827036,42.0,EUR,,,Nc1cccc(Cn2cc(Cl)cn2)c1,2025-12-09,1,1,1,{'Amidation'},{47687},{183653}
181966,Nc1cccc(CN=S2(=O)CCCC2)c1,IUESDXAKVCAYIF-UHFFFAOYSA-N,1.0,1.0,5594,Enamine,,Z2350065069,54.0,EUR,,,Nc1cccc(CN=S2(=O)CCCC2)c1,2025-12-09,1,1,1,{'Amidation'},{47738},{183704}
161003,CN1CCN(Cc2cccc(N)c2)CC1,ZGPHZHCPWKOKDX-UHFFFAOYSA-N,1.0,1.0,4287,Enamine,,Z285162780,14.0,EUR,,,CN1CCN(Cc2cccc(N)c2)CC1,2025-12-09,1,1,1,{'Amidation'},{47744},{183710}
182357,Cc1c(N)cccc1CN1CCSCC1,PVNZJSSCDHVCQR-UHFFFAOYSA-N,1.0,1.0,5662,Enamine,,Z425792112,15.0,EUR,,,Cc1c(N)cccc1CN1CCSCC1,2025-12-09,1,1,1,{'Amidation'},{47755},{183721}
182345,Nc1cccc(Cn2ccccc2=O)c1,IRWBZMWYZZXIEH-UHFFFAOYSA-N,1.0,1.0,5650,Enamine,,Z285163616,14.0,EUR,,,Nc1cccc(Cn2ccccc2=O)c1,2025-12-09,1,1,1,{'Amidation'},{47756},{183722}
182343,Cc1ccc(CN2CCSCC2)cc1N,WWXYCVPEPZEQQB-UHFFFAOYSA-N,1.0,1.0,5648,Enamine,,Z234897237,22.0,EUR,,,Cc1ccc(CN2CCSCC2)cc1N,2025-12-09,1,1,1,{'Amidation'},{47757},{183723}
182352,Nc1cccc(Cn2cccnc2=O)c1,UKHXTQMLCJUOBO-UHFFFAOYSA-N,1.0,1.0,5657,Enamine,,Z285163652,15.0,EUR,,,Nc1cccc(Cn2cccnc2=O)c1,2025-12-09,1,1,1,{'Amidation'},{47859},{183825}
181981,Nc1cccc2c1CCN(CC(F)(F)F)C2,AGJVNWUVONCETK-UHFFFAOYSA-N,1.0,1.0,5607,Enamine,,Z728885104,29.0,EUR,,,Nc1cccc2c1CCN(CC(F)(F)F)C2,2025-12-09,1,1,1,{'Amidation'},{47877},{183843}
162603,CC(C)(O)CN1CCc2c(N)cccc2C1,NORGSCFXDSAMOJ-UHFFFAOYSA-N,2.0,10.0,8665,Enamine,,Z728886622,28.0,EUR,,,CC(C)(O)CN1CCc2c(N)cccc2C1,2025-12-09,1,2,2,{'Amidation'},"{60633, 47882}","{183848, 198005}"
182358,Cc1cc(N)cc(CNC(=O)C(F)(F)F)c1,QVCYFVIDCSFSGJ-UHFFFAOYSA-N,1.0,1.0,5663,Enamine,,Z2235332197,26.0,EUR,,,Cc1cc(N)cc(CNC(=O)C(F)(F)F)c1,2025-12-09,1,1,1,{'Amidation'},{47896},{183862}
182370,CC(C)(C)CNC(=O)c1ccc(Cl)c(N)c1,VYUALZYOEHNFNJ-UHFFFAOYSA-N,1.0,1.0,5675,Enamine,,Z763364298,15.0,EUR,,,CC(C)(C)CNC(=O)c1ccc(Cl)c(N)c1,2025-12-09,1,1,1,{'Amidation'},{47938},{183904}
183070,Nc1cccc(Cn2cnc3ccccc32)c1,PBCMAQMJRXLGTE-UHFFFAOYSA-N,1.0,1.0,5692,Enamine,,Z285163660,15.0,EUR,,,Nc1cccc(Cn2cnc3ccccc32)c1,2025-12-09,1,1,1,{'Amidation'},{47997},{183963}
183067,CC(C)(C)OC(=O)NCc1ccc(F)c(N)c1,ZESPVVPBNKPRRE-UHFFFAOYSA-N,1.0,1.0,5690,Enamine,,Z1505710416,14.0,EUR,,,CC(C)(C)OC(=O)NCc1ccc(F)c(N)c1,2025-12-09,1,1,1,{'Amidation'},{48010},{183976}
183068,CC1(C)OC(=O)N(Cc2cccc(N)c2)C1=O,IIFZQASPUKZTMF-UHFFFAOYSA-N,1.0,1.0,5691,Enamine,,Z4654075263,15.0,EUR,,,CC1(C)OC(=O)N(Cc2cccc(N)c2)C1=O,2025-12-09,1,1,1,{'Amidation'},{48022},{183988}
183058,Cc1c(N)cccc1CNC(=O)OC(C)(C)C,RNACIMILHGHUIR-UHFFFAOYSA-N,1.0,1.0,5681,Enamine,,Z1827150272,25.0,EUR,,,Cc1c(N)cccc1CNC(=O)OC(C)(C)C,2025-12-09,1,1,1,{'Amidation'},{48040},{184006}
162632,Nc1ccc(Cl)c(C(=O)NCc2cccs2)c1,NHYJCSGSBYOMRX-UHFFFAOYSA-N,2.0,10.0,8694,Enamine,,Z404000196,18.0,EUR,,,Nc1ccc(Cl)c(C(=O)NCc2cccs2)c1,2025-12-09,1,2,2,{'Amidation'},"{48041, 60668}","{198040, 184007}"
183065,COc1ccc(CN2CCN(C)CC2)cc1N,BHTYPSWTPJXAEL-UHFFFAOYSA-N,2.0,10.0,9538,Enamine,,Z356290488,17.0,EUR,,,COc1ccc(CN2CCN(C)CC2)cc1N,2025-12-09,1,2,2,{'Amidation'},"{48082, 60693}","{184048, 198065}"
184072,Cn1ccc2c(C(=O)O)cc(Br)cc21,INJDINSSWBNLMX-UHFFFAOYSA-N,1.0,1.0,5705,Enamine,,Z3243099889,14.0,EUR,,,Cn1ccc2c(C(=O)O)cc(Br)cc21,2025-12-09,1,1,1,{'Amidation'},{48179},{184150}
184155,CN1C(=O)Cc2cc(C(=O)O)cc(Cl)c21,TZWHDANOLNVBCX-UHFFFAOYSA-N,9.0,10.0,9559,Enamine,,Z2733251307,52.0,EUR,,,CN1C(=O)Cc2cc(C(=O)O)cc(Cl)c21,2025-12-09,1,9,9,{'Amidation'},"{48512, 48484, 53093, 48394, 48652, 53070, 48560, 53078, 48316}","{189312, 184291, 184487, 189320, 184459, 189335, 184369, 184627, 184535}"
184156,O=C1Nc2c(Br)cc(C(=O)O)cc2C1=O,XSVUHNBXTRTHJA-UHFFFAOYSA-N,17.0,17.0,,Enamine,,Z1625208203,181.89999999999998,EUR,,,O=C1Nc2c(Br)cc(C(=O)O)cc2C1=O,2025-12-09,1,17,17,{'Amidation'},"{53088, 48321, 48353, 53090, 48324, 48486, 48487, 48550, 48552, 53064, 48493, 48626, 48598, 53087, 48506, 48414, 48415}","{184481, 184389, 184390, 184296, 184328, 184299, 184461, 184462, 184525, 184527, 189329, 189330, 184468, 189332, 184601, 189306, 184573}"
127537,CC1(C)C(=O)Nc2ccc(C(=O)O)cc21,CYOJGCZECBHBRW-UHFFFAOYSA-N,6.0,10.0,7388,Enamine,,Z1407216431,16.0,EUR,,,CC1(C)C(=O)Nc2ccc(C(=O)O)cc21,2025-12-09,1,6,6,{'Amidation'},"{48640, 48548, 48396, 48460, 48465, 48563}","{184615, 184523, 184371, 184435, 184440, 184538}"
141603,O=C(O)c1ccc2c(c1)C1(CC1)C(=O)N2,DZFRNBXONNVCQK-UHFFFAOYSA-N,5.0,10.0,7546,Enamine,,Z2751024878,52.0,EUR,,,O=C(O)c1ccc2c(c1)C1(CC1)C(=O)N2,2025-12-09,1,5,5,{'Amidation'},"{48457, 48497, 48402, 53079, 48443}","{184418, 189321, 184432, 184472, 184377}"
187794,CC(C)(C)OC(=O)N1CCC(c2c[nH]c3ccc(C(=O)O)cc23)CC1,JUVUQAKNOFBBBO-UHFFFAOYSA-N,3.0,10.0,9781,Enamine,,Z2378832487,46.0,EUR,,,CC(C)(C)OC(=O)N1CCC(c2c[nH]c3ccc(C(=O)O)cc23)CC1,2025-12-09,1,3,3,{'Amidation'},"{51594, 51596, 51581}","{187810, 187812, 187797}"
187814,Cc1nn(-c2ccccc2F)c2nc(C3CC3)c(Cl)c(C(=O)O)c12,JURYZRUAGLIEKH-UHFFFAOYSA-N,8.0,10.0,9782,Enamine,,Z2106598433,18.0,EUR,,,Cc1nn(-c2ccccc2F)c2nc(C3CC3)c(Cl)c(C(=O)O)c12,2025-12-09,1,8,8,{'Amidation'},"{51965, 51600, 51801, 51826, 51603, 51609, 51964, 51805}","{188194, 188035, 188195, 187839, 187830, 188056, 187833, 188031}"
187816,CCNC(=O)Cn1nc(C2CC2)c2c(C(=O)O)cc(C3CC3)nc21,DYNDRPAZZHGZGQ-UHFFFAOYSA-N,8.0,10.0,9783,Enamine,,Z2106598592,18.0,EUR,,,CCNC(=O)Cn1nc(C2CC2)c2c(C(=O)O)cc(C3CC3)nc21,2025-12-09,1,8,8,{'Amidation'},"{51619, 51812, 51620, 51621, 51813, 51817, 51818, 51800}","{187849, 187850, 187851, 188042, 188043, 188047, 188048, 188030}"
187817,Cc1cc(C)nc(-n2nc(C)c3c(C(=O)O)cc(C4CC4)nc32)n1,XILPSPUITUCKDN-UHFFFAOYSA-N,9.0,10.0,9784,Enamine,,Z56634796,35.0,EUR,,,Cc1cc(C)nc(-n2nc(C)c3c(C(=O)O)cc(C4CC4)nc32)n1,2025-12-09,1,9,9,{'Amidation'},"{51683, 51656, 51657, 51821, 51860, 51862, 51864, 51869, 51871}","{188099, 188101, 187913, 187886, 187887, 188051, 188090, 188092, 188094}"
187818,O=C(O)c1cc(C2CC2)nc2c1c(C1CC1)nn2-c1ccccc1,JQBBRZLWPLOUEI-UHFFFAOYSA-N,8.0,10.0,9785,Enamine,,Z240123614,18.0,EUR,,,O=C(O)c1cc(C2CC2)nc2c1c(C1CC1)nn2-c1ccccc1,2025-12-09,1,8,8,{'Amidation'},"{51845, 51846, 51823, 51824, 51825, 51671, 51672, 51673}","{188075, 188076, 188053, 188054, 188055, 187901, 187902, 187903}"
187820,COc1ccc(-n2nc(C)c3c(C(=O)O)cc(C4CC4)nc32)cc1,JGSXTOMEEZNFPW-UHFFFAOYSA-N,9.0,10.0,9786,Enamine,,Z2106596974,18.0,EUR,,,COc1ccc(-n2nc(C)c3c(C(=O)O)cc(C4CC4)nc32)cc1,2025-12-09,1,9,9,{'Amidation'},"{51843, 51844, 51760, 51827, 51828, 51764, 51765, 51829, 51834}","{188064, 188073, 188074, 187990, 188058, 188057, 187994, 187995, 188059}"
187823,CC(C)NC(=O)Cn1nc(C2CC2)c2c(C(=O)O)cc(C3CC3)nc21,UPRFDSAKCNUXEM-UHFFFAOYSA-N,3.0,10.0,9787,Enamine,,Z2106598596,18.0,EUR,,,CC(C)NC(=O)Cn1nc(C2CC2)c2c(C(=O)O)cc(C3CC3)nc21,2025-12-09,1,3,3,{'Amidation'},"{51819, 51797, 51798}","{188049, 188027, 188028}"
187825,Cc1nn(CC(=O)NC2CCCC2)c2nc(C3CC3)cc(C(=O)O)c12,QIUGLGFNAZEBMS-UHFFFAOYSA-N,3.0,10.0,9788,Enamine,,Z2106598544,18.0,EUR,,,Cc1nn(CC(=O)NC2CCCC2)c2nc(C3CC3)cc(C(=O)O)c12,2025-12-09,1,3,3,{'Amidation'},"{51809, 51810, 51811}","{188040, 188041, 188039}"
187826,CC(C)c1nn(-c2ccc(F)cc2)c2nc(C3CC3)cc(C(=O)O)c12,ABERBUFWYGONOA-UHFFFAOYSA-N,3.0,10.0,9789,Enamine,,Z2106598330,14.0,EUR,,,CC(C)c1nn(-c2ccc(F)cc2)c2nc(C3CC3)cc(C(=O)O)c12,2025-12-09,1,3,3,{'Amidation'},"{51851, 51859, 51861}","{188081, 188089, 188091}"
141800,Cn1cc(-c2cn3ccc(C(=O)O)cc3n2)cn1,SEJFRTMXMNSUDX-UHFFFAOYSA-N,2.0,10.0,7556,Enamine,,Z1227708232,47.0,EUR,,,Cn1cc(-c2cn3ccc(C(=O)O)cc3n2)cn1,2025-12-09,1,2,2,{'Amidation'},"{52408, 52607}","{188837, 188638}"
141798,O=C(O)c1ccn2cc(C3CC3)nc2c1,FORDCAXEHLRYFX-UHFFFAOYSA-N,4.0,10.0,7554,Enamine,,Z1227708261,42.0,EUR,,,O=C(O)c1ccn2cc(C3CC3)nc2c1,2025-12-09,1,4,4,{'Amidation'},"{52648, 52494, 52478, 52439}","{188878, 188708, 188669, 188724}"
141796,O=Cc1cn2cc(Br)c(C(=O)O)cc2n1,SJZCCGCHWVNGBY-UHFFFAOYSA-N,7.0,10.0,7553,Enamine,,Z2733616133,65.0,EUR,,,O=Cc1cn2cc(Br)c(C(=O)O)cc2n1,2025-12-09,1,7,7,{'Amidation'},"{52448, 52550, 52655, 52656, 52440, 52570, 52443}","{188800, 188673, 188678, 188780, 188885, 188886, 188670}"
148462,N#Cc1cnc2cc(I)ccc2c1N,FSGOYOIMDNRDEU-UHFFFAOYSA-N,2.0,10.0,7683,Enamine,,Z4119319510,35.0,EUR,,,N#Cc1cnc2cc(I)ccc2c1N,2025-12-09,1,2,2,{'Amidation'},"{61082, 52443}","{188673, 198596}"
148460,N#Cc1cnc2c(Br)cccc2c1N,LJGQFHGNMHXKJU-UHFFFAOYSA-N,2.0,10.0,7682,Enamine,,Z960622402,37.0,EUR,,,N#Cc1cnc2c(Br)cccc2c1N,2025-12-09,1,2,2,{'Amidation'},"{52448, 61074}","{198588, 188678}"
141799,O=C(O)c1ccn2cc(C(F)(F)F)nc2c1,IWQCDGQOZWSPJD-UHFFFAOYSA-N,2.0,10.0,7555,Enamine,,Z1227708286,33.0,EUR,,,O=C(O)c1ccn2cc(C(F)(F)F)nc2c1,2025-12-09,1,2,2,{'Amidation'},"{52531, 52636}","{188761, 188866}"
141801,CC(C)(C)OC(=O)NCc1cn2ccc(C(=O)O)cc2n1,IGMNEVKYZMGTQX-UHFFFAOYSA-N,2.0,10.0,7557,Enamine,,Z3025037678,52.0,EUR,,,CC(C)(C)OC(=O)NCc1cn2ccc(C(=O)O)cc2n1,2025-12-09,1,2,2,{'Amidation'},"{52595, 52573}","{188825, 188803}"
161358,Cc1cnc(Cl)c(I)c1N,ZYHWPDDTMBVEIX-UHFFFAOYSA-N,1.0,1.0,4435,Enamine,,Z8648960217,15.0,EUR,,,Cc1cnc(Cl)c(I)c1N,2025-12-09,1,1,1,{'Amidation'},{52573},{188803}
161357,Cc1cnc(Cl)c(Br)c1N,FHVKEWVJTXCXMK-UHFFFAOYSA-N,1.0,1.0,4434,Enamine,,Z1813078967,29.0,EUR,,,Cc1cnc(Cl)c(Br)c1N,2025-12-09,1,1,1,{'Amidation'},{52595},{188825}
148495,N#Cc1cnc2ccccc2c1N,VBMNWPOIPHHUSC-UHFFFAOYSA-N,1.0,1.0,3835,Enamine,,Z445216146,19.0,EUR,,,N#Cc1cnc2ccccc2c1N,2025-12-09,1,1,1,{'Amidation'},{52607},{188837}
137194,CC(C)(C)Cn1c(=O)[nH]c2cccc(C(=O)O)c21,CILPVTWSVKQFED-UHFFFAOYSA-N,14.0,14.0,,Enamine,,Z1612966182,33.6,EUR,,,CC(C)(C)Cn1c(=O)[nH]c2cccc(C(=O)O)c21,2025-12-09,1,14,14,{'Amidation'},"{52992, 52993, 52963, 52965, 52999, 53000, 53002, 53004, 52946, 53042, 52981, 52951, 52952, 52954}","{189184, 189222, 189223, 189193, 189195, 189229, 189230, 189232, 189234, 189272, 189176, 189211, 189181, 189182}"
137193,CC(C)(C)Cn1c(=O)[nH]c2c(C(=O)O)cccc21,ISILCDNEUIGHIN-UHFFFAOYSA-N,8.0,10.0,7507,Enamine,,Z1507581719,44.0,EUR,,,CC(C)(C)Cn1c(=O)[nH]c2c(C(=O)O)cccc21,2025-12-09,1,8,8,{'Amidation'},"{53029, 53030, 53031, 52971, 53006, 52976, 53008, 52986}","{189216, 189259, 189260, 189261, 189201, 189236, 189238, 189206}"
189654,CN1C(=O)c2ccccc2N2C(=O)CCC12C(=O)O,PXMULXKTJMAYLB-UHFFFAOYSA-N,1.0,1.0,5961,Enamine,,Z99599866,15.0,EUR,,,CN1C(=O)c2ccccc2N2C(=O)CCC12C(=O)O,2025-12-09,1,1,1,{'Amidation'},{53661},{189970}
189677,Nc1cccc2c(O)ccnc12,INLBSFZJESHRAK-UHFFFAOYSA-N,1.0,1.0,5983,Enamine,,Z1198218526,15.0,EUR,,,Nc1cccc2c(O)ccnc12,2025-12-09,1,1,1,{'Amidation'},{53661},{189970}
130058,Nc1cc(Cl)cc2cccnc12,RRFMPCSQKFOUFO-UHFFFAOYSA-N,3.0,10.0,7445,Enamine,,Z235353829,14.0,EUR,,,Nc1cc(Cl)cc2cccnc12,2025-12-09,2,3,3,"{'Ester_amidation', 'Amidation'}","{54229, 53732, 53821}","{190041, 190130, 190550}"
189657,CC(C)(C)OC(=O)N1CCC2(CC(=O)NC2C(=O)O)C1,ADKDVZHZUSRBFS-UHFFFAOYSA-N,3.0,10.0,9812,Enamine,,Z9374794403,42.0,EUR,,,CC(C)(C)OC(=O)N1CCC2(CC(=O)NC2C(=O)O)C1,2025-12-09,1,3,3,{'Amidation'},"{53740, 53732, 53901}","{190041, 190210, 190049}"
189669,Nc1cccc2c(Br)ccnc12,HCYKBCVCZOPWGQ-UHFFFAOYSA-N,1.0,1.0,5975,Enamine,,Z1504682807,14.0,EUR,,,Nc1cccc2c(Br)ccnc12,2025-12-09,1,1,1,{'Amidation'},{53740},{190049}
128697,COc1ccc2cccc(N)c2n1,QURAWDWTNZXEDT-UHFFFAOYSA-N,1.0,1.0,3549,Enamine,,Z1258977483,31.0,EUR,,,COc1ccc2cccc(N)c2n1,2025-12-09,1,1,1,{'Amidation'},{53741},{190050}
189656,NC(=O)CCC(NC(=O)c1ccc(F)cc1)C(=O)O,KCUJDSOLGULFAG-UHFFFAOYSA-N,1.0,1.0,5963,Enamine,,Z56812809,15.0,EUR,,,NC(=O)CCC(NC(=O)c1ccc(F)cc1)C(=O)O,2025-12-09,1,1,1,{'Amidation'},{53741},{190050}
189661,CCN1C(=O)c2ccccc2N2C(=O)CCC12C(=O)O,HXZUMCQWWOGJBT-UHFFFAOYSA-N,1.0,1.0,5967,Enamine,,Z104341292,14.0,EUR,,,CCN1C(=O)c2ccccc2N2C(=O)CCC12C(=O)O,2025-12-09,1,1,1,{'Amidation'},{53821},{190130}
142096,Cc1cc(N)c2ncc(Br)cc2c1,IOLDALBRIVEDBA-UHFFFAOYSA-N,1.0,1.0,3712,Enamine,,Z1486025807,15.0,EUR,,,Cc1cc(N)c2ncc(Br)cc2c1,2025-12-09,1,1,1,{'Amidation'},{53901},{190210}
129127,Cc1ccc2cccc(N)c2n1,JHIAOWGCGNMQKA-UHFFFAOYSA-N,1.0,1.0,3568,Enamine,,Z111808714,14.0,EUR,,,Cc1ccc2cccc(N)c2n1,2025-12-09,1,1,1,{'Amidation'},{53908},{190217}
189665,CC(C)(C)OC(=O)N1CCC2(CC1)CC(=O)NC2C(=O)O,LIWUKQODLZEQSQ-UHFFFAOYSA-N,1.0,1.0,5971,Enamine,,Z1505707623,25.0,EUR,,,CC(C)(C)OC(=O)N1CCC2(CC1)CC(=O)NC2C(=O)O,2025-12-09,1,1,1,{'Amidation'},{53908},{190217}
190367,CC(C)(C)OC(=O)C1CCN(c2ccc(Cl)nn2)CC1,XCPHXAXXWUSEDU-UHFFFAOYSA-N,1.0,1.0,6017,Enamine,,Z2409457151,21.0,EUR,,,CC(C)(C)OC(=O)C1CCN(c2ccc(Cl)nn2)CC1,2025-12-09,1,1,1,{'Ester_amidation'},{54229},{190550}
123935,Cc1nc2cc(Cl)cc(C(=O)O)c2[nH]1,XHAIAECRXLKZMJ-UHFFFAOYSA-N,15.0,15.0,,Enamine,,Z2732960736,97.5,EUR,,,Cc1nc2cc(Cl)cc(C(=O)O)c2[nH]1,2025-12-09,1,15,15,{'Amidation'},"{54563, 54564, 54533, 54565, 54571, 54574, 54543, 54544, 54575, 54546, 54547, 54576, 54552, 54554, 54558}","{190914, 190919, 190920, 190889, 190921, 190927, 190930, 190899, 190900, 190931, 190902, 190903, 190932, 190908, 190910}"
197020,CC1CN(CCc2cccc(N)c2)CC1C,HFTCNYIARDEQIU-UHFFFAOYSA-N,1.0,1.0,6742,Enamine,,Z1313441619,169.0,EUR,,,CC1CN(CCc2cccc(N)c2)CC1C,2025-12-09,1,1,1,{'Amidation'},{60034},{197202}
197047,CNC(=O)CCN1CCc2cccc(N)c2C1,RZXHZFVCPWDPAP-UHFFFAOYSA-N,1.0,1.0,6766,Enamine,,Z1723556581,41.0,EUR,,,CNC(=O)CCN1CCc2cccc(N)c2C1,2025-12-09,1,1,1,{'Amidation'},{60056},{197224}
197048,CN(C)CCCN1CCc2cccc(N)c2C1,HWRKGGXCPROGGI-UHFFFAOYSA-N,1.0,1.0,6767,Enamine,,Z1723556239,58.0,EUR,,,CN(C)CCCN1CCc2cccc(N)c2C1,2025-12-09,1,1,1,{'Amidation'},{60057},{197225}
197046,Cc1ccc(CCNC(=O)OC(C)(C)C)cc1N,LOVSMEIYBZQXIS-UHFFFAOYSA-N,1.0,1.0,6765,Enamine,,Z3580392313,25.0,EUR,,,Cc1ccc(CCNC(=O)OC(C)(C)C)cc1N,2025-12-09,1,1,1,{'Amidation'},{60074},{197242}
140791,O=C(O)c1cccc2[nH]c(C3CC3)nc12,JVDNIHOFKIDFQC-UHFFFAOYSA-N,77.0,77.0,,Enamine,,Z1079086918,1925.0,EUR,,,O=C(O)c1cccc2[nH]c(C3CC3)nc12,2025-12-09,1,77,77,{'Amidation'},"{60421, 60430, 60435, 60441, 60451, 60452, 60458, 60471, 60477, 60479, 60482, 60504, 60510, 60512, 60518, 60525, 60539, 60545, 60548, 60553, 60557, 60563, 60570, 60575, 60578, 60592, 60597, 60602, 60607, 60610, 60611, 60621, 60624, 60630, 60633, 60642, 60643, 60656, 60664, 60668, 60673, 60681, 60693, 60694, 60697, 60701, 60706, 60713, 60717, 60731, 60734, 60745, 60747, 60749, 60750, 60753, 60757, 60759, 60761, 60764, 60765, 60768, 60769, 60772, 60774, 60778, 60779, 60780, 60789, 60792, 60793, 60795, 60796, 60799, 60310, 60367, 60376}","{198144, 198146, 198150, 198151, 198152, 198161, 198164, 198165, 198167, 198168, 198171, 197682, 197739, 197748, 197793, 197802, 197807, 197813, 197823, 197824, 197830, 197843, 197849, 197851, 197854, 197876, 197882, 197884, 197890, 197897, 197911, 197917, 197920, 197925, 197929, 197935, 197942, 197947, 197950, 197964, 197969, 197974, 197979, 197982, 197983, 197993, 197996, 198002, 198005, 198014, 198015, 198028, 198036, 198040, 198045, 198053, 198065, 198066, 198069, 198073, 198078, 198085, 198089, 198103, 198106, 198117, 198119, 198121, 198122, 198125, 198129, 198131, 198133, 198136, 198137, 198140, 198141}"
166109,CN(C)Cc1cc(N)ccc1Cl,CMEATEQCIZPULA-UHFFFAOYSA-N,1.0,1.0,5125,Enamine,,Z394691460,17.0,EUR,,,CN(C)Cc1cc(N)ccc1Cl,2025-12-09,1,1,1,{'Amidation'},{60310},{197682}
166116,CC(C)N1Cc2cccc(N)c2C1,APJPGQBMXQDZDA-UHFFFAOYSA-N,1.0,1.0,5132,Enamine,,Z406357904,14.0,EUR,,,CC(C)N1Cc2cccc(N)c2C1,2025-12-09,1,1,1,{'Amidation'},{60367},{197739}
162389,Nc1cc2c(cc1F)CCNC2=O,DIZIXEGXKKMGHF-UHFFFAOYSA-N,1.0,1.0,4612,Enamine,,Z1262673195,24.0,EUR,,,Nc1cc2c(cc1F)CCNC2=O,2025-12-09,1,1,1,{'Amidation'},{60376},{197748}
166122,CCCN1Cc2cccc(N)c2C1,JBIZIGZHQMDVHR-UHFFFAOYSA-N,1.0,1.0,5138,Enamine,,Z406357842,15.0,EUR,,,CCCN1Cc2cccc(N)c2C1,2025-12-09,1,1,1,{'Amidation'},{60421},{197793}
162431,Nc1cc2c(cc1Br)CCNC2=O,PEAKNVLUUINZPK-UHFFFAOYSA-N,1.0,1.0,4652,Enamine,,Z3443962854,15.0,EUR,,,Nc1cc2c(cc1Br)CCNC2=O,2025-12-09,1,1,1,{'Amidation'},{60430},{197802}
182328,Nc1cccc(Cn2ccnc2)c1,HOZXQBSHRUITCX-UHFFFAOYSA-N,1.0,1.0,5633,Enamine,,Z285163628,14.0,EUR,,,Nc1cccc(Cn2ccnc2)c1,2025-12-09,1,1,1,{'Amidation'},{60435},{197807}
162443,Nc1ccc2c(c1)C(=O)NCCC2,GTNSBFKKRPRPKU-UHFFFAOYSA-N,1.0,1.0,4663,Enamine,,Z1262648374,22.0,EUR,,,Nc1ccc2c(c1)C(=O)NCCC2,2025-12-09,1,1,1,{'Amidation'},{60441},{197813}
61512,CC(CO)N1Cc2cccc(N)c2C1,HZDIFBMUSWOJHD-UHFFFAOYSA-N,1.0,1.0,3427,Enamine,,Z1198273214,26.0,EUR,,,CC(CO)N1Cc2cccc(N)c2C1,2025-12-09,1,1,1,{'Amidation'},{60471},{197843}
162476,CC1(c2cccc(N)c2)COC(=O)N1,NUJCRMDYLBNUCW-UHFFFAOYSA-N,1.0,1.0,4695,Enamine,,Z2696738995,56.0,EUR,,,CC1(c2cccc(N)c2)COC(=O)N1,2025-12-09,1,1,1,{'Amidation'},{60477},{197849}
144962,CCCCN1Cc2cccc(N)c2C1,MZJPCZPYCHIABC-UHFFFAOYSA-N,1.0,1.0,1664,Enamine,,EN300-66507,15.0,EUR,,,CCCCN1Cc2cccc(N)c2C1,2025-12-01,1,1,1,{'Amidation'},{60479},{197851}
181963,Nc1cccc(CN2CCCCC2)c1,SEJNYLBEEMVJNN-UHFFFAOYSA-N,1.0,1.0,5591,Enamine,,Z285162812,14.0,EUR,,,Nc1cccc(CN2CCCCC2)c1,2025-12-09,1,1,1,{'Amidation'},{60482},{197854}
162502,CC(N)c1ccc2c(c1)NC(=O)CO2,IDOFUCXHAUJAEQ-UHFFFAOYSA-N,1.0,1.0,4720,Enamine,,Z228586424,15.0,EUR,,,CC(N)c1ccc2c(c1)NC(=O)CO2,2025-12-09,1,1,1,{'Amidation'},{60504},{197876}
162509,CC(N)c1cccc(-n2cnnn2)c1,VADSVKGJGKLFME-UHFFFAOYSA-N,1.0,1.0,4727,Enamine,,Z239627238,24.0,EUR,,,CC(N)c1cccc(-n2cnnn2)c1,2025-12-09,1,1,1,{'Amidation'},{60510},{197882}
182334,CS(C)(=O)=NC(=O)c1cccc(N)c1,XIEMDOLTLCUXLC-UHFFFAOYSA-N,1.0,1.0,5639,Enamine,,Z1509469411,30.0,EUR,,,CS(C)(=O)=NC(=O)c1cccc(N)c1,2025-12-09,1,1,1,{'Amidation'},{60512},{197884}
182336,Nc1cccc(CN2CCOCC2)c1,IHHKTIKNEDOMIK-UHFFFAOYSA-N,1.0,1.0,5641,Enamine,,Z275128540,14.0,EUR,,,Nc1cccc(CN2CCOCC2)c1,2025-12-09,1,1,1,{'Amidation'},{60518},{197890}
181967,CS(=O)(=O)N1CCc2c(N)cccc2C1,VBCCURKVUWPQQK-UHFFFAOYSA-N,1.0,1.0,5595,Enamine,,Z728884608,21.0,EUR,,,CS(=O)(=O)N1CCc2c(N)cccc2C1,2025-12-09,1,1,1,{'Amidation'},{60545},{197917}
182350,CNC(=O)CNC(=O)c1cccc(N)c1,NDFRECYDZQFIAD-UHFFFAOYSA-N,1.0,1.0,5655,Enamine,,Z414741322,23.0,EUR,,,CNC(=O)CNC(=O)c1cccc(N)c1,2025-12-09,1,1,1,{'Amidation'},{60563},{197935}
182347,Cc1ncn(Cc2cccc(N)c2)c1C,QHEZDUTXXFYXIL-UHFFFAOYSA-N,1.0,1.0,5652,Enamine,,Z978935918,29.0,EUR,,,Cc1ncn(Cc2cccc(N)c2)c1C,2025-12-09,1,1,1,{'Amidation'},{60575},{197947}
181972,Cc1cc(C)n(Cc2cccc(N)c2)n1,CFQRNXKPVQMHEL-UHFFFAOYSA-N,1.0,1.0,5599,Enamine,,Z285163644,14.0,EUR,,,Cc1cc(C)n(Cc2cccc(N)c2)n1,2025-12-09,1,1,1,{'Amidation'},{60578},{197950}
182342,Nc1cccc(CN2CCNC(=O)C2)c1,PXSLZAJVQONFLC-UHFFFAOYSA-N,1.0,1.0,5647,Enamine,,Z285162816,14.0,EUR,,,Nc1cccc(CN2CCNC(=O)C2)c1,2025-12-09,1,1,1,{'Amidation'},{60592},{197964}
181975,COc1ccc(CNS(C)(=O)=O)cc1N,FREZFOWNGXNPKT-UHFFFAOYSA-N,1.0,1.0,5601,Enamine,,Z653222066,31.0,EUR,,,COc1ccc(CNS(C)(=O)=O)cc1N,2025-12-09,1,1,1,{'Amidation'},{60602},{197974}
144969,Nc1cccc2c1C(=O)N(C1CC1)C2=O,GOFGGQZPDQXLNB-UHFFFAOYSA-N,1.0,1.0,3748,Enamine,,Z351063986,15.0,EUR,,,Nc1cccc2c1C(=O)N(C1CC1)C2=O,2025-12-09,1,1,1,{'Amidation'},{60607},{197979}
162587,COC(=O)CN1Cc2c(N)cccc2C1=O,UWUCTAPASAQLGA-UHFFFAOYSA-N,1.0,1.0,4800,Enamine,,Z9058746332,21.0,EUR,,,COC(=O)CN1Cc2c(N)cccc2C1=O,2025-12-09,1,1,1,{'Amidation'},{60610},{197982}
182361,CC(C)c1nccn1Cc1cccc(N)c1,UYMHKRACCGCPQJ-UHFFFAOYSA-N,1.0,1.0,5666,Enamine,,Z335244202,14.0,EUR,,,CC(C)c1nccn1Cc1cccc(N)c1,2025-12-09,1,1,1,{'Amidation'},{60621},{197993}
162596,CN(C)CCNC(=O)c1ccc(Cl)c(N)c1,NYFBRISXVALGRA-UHFFFAOYSA-N,1.0,1.0,4807,Enamine,,Z239124760,50.0,EUR,,,CN(C)CCNC(=O)c1ccc(Cl)c(N)c1,2025-12-09,1,1,1,{'Amidation'},{60624},{197996}
182365,CCS(=O)(=O)N1CCc2c(N)cccc2C1,BYQPVXVPDNRJLV-UHFFFAOYSA-N,1.0,1.0,5670,Enamine,,Z728884680,15.0,EUR,,,CCS(=O)(=O)N1CCc2c(N)cccc2C1,2025-12-09,1,1,1,{'Amidation'},{60642},{198014}
162628,NC(c1cccc([N+](=O)[O-])c1F)C(F)(F)F,RPPLHJLOAZCLFS-UHFFFAOYSA-N,1.0,1.0,4839,Enamine,,Z2050066310,31.0,EUR,,,NC(c1cccc([N+](=O)[O-])c1F)C(F)(F)F,2025-12-09,1,1,1,{'Amidation'},{60664},{198036}
183064,Nc1cc(C(=O)Nc2ccccc2)ccc1Cl,JKDBEPYYWWSPKJ-UHFFFAOYSA-N,1.0,1.0,5687,Enamine,,Z239124148,15.0,EUR,,,Nc1cc(C(=O)Nc2ccccc2)ccc1Cl,2025-12-09,1,1,1,{'Amidation'},{60697},{198069}
123824,Cc1cc(N)cc(CNC(=O)OC(C)(C)C)c1,QXFVUHGOFINSDJ-UHFFFAOYSA-N,1.0,1.0,3502,Enamine,,Z2237065278,23.0,EUR,,,Cc1cc(N)cc(CNC(=O)OC(C)(C)C)c1,2025-12-09,1,1,1,{'Amidation'},{60701},{198073}
183076,CC(C)(C)OC(=O)NC1(c2cccc(N)c2)CC1,KADHMXVNYDEMIS-UHFFFAOYSA-N,1.0,1.0,5698,Enamine,,Z3243509931,68.0,EUR,,,CC(C)(C)OC(=O)NC1(c2cccc(N)c2)CC1,2025-12-09,1,1,1,{'Amidation'},{60713},{198085}
162687,COc1ccc(C(=O)Nc2nc(C)cs2)cc1N,OQYSKLRYCOSJAT-UHFFFAOYSA-N,1.0,1.0,4893,Enamine,,Z283655970,15.0,EUR,,,COc1ccc(C(=O)Nc2nc(C)cs2)cc1N,2025-12-09,1,1,1,{'Amidation'},{60731},{198103}
162690,COc1ccc(C(=O)Nc2ncc(C)s2)cc1N,QHYBLRCJPCPXCK-UHFFFAOYSA-N,1.0,1.0,4896,Enamine,,Z240087210,15.0,EUR,,,COc1ccc(C(=O)Nc2ncc(C)s2)cc1N,2025-12-09,1,1,1,{'Amidation'},{60734},{198106}
162702,CC(C)(C)OC(=O)Nc1cccc(C2(N)CC2)c1,ZZSLXHIDTPPIFO-UHFFFAOYSA-N,1.0,1.0,4908,Enamine,,Z1505693949,30.0,EUR,,,CC(C)(C)OC(=O)Nc1cccc(C2(N)CC2)c1,2025-12-09,1,1,1,{'Amidation'},{60745},{198117}
137227,Nc1cccc2c1CN(C1CC(=O)NC(=O)C1)C2=O,XGMQIGRFKYAXMG-UHFFFAOYSA-N,1.0,1.0,3655,Enamine,,Z2945047927,234.0,EUR,,,Nc1cccc2c1CN(C1CC(=O)NC(=O)C1)C2=O,2025-12-09,1,1,1,{'Amidation'},{60750},{198122}
162711,NN1C(=O)c2cccc3cc([N+](=O)[O-])cc(c23)C1=O,PRYNAPNTIQGRGK-UHFFFAOYSA-N,1.0,1.0,4916,Enamine,,Z56839999,15.0,EUR,,,NN1C(=O)c2cccc3cc([N+](=O)[O-])cc(c23)C1=O,2025-12-09,1,1,1,{'Amidation'},{60757},{198129}
162713,CC(C)(C)OC(=O)NC1CCOc2ccc(N)cc21,MYFFIWRZDGXOQK-UHFFFAOYSA-N,1.0,1.0,4918,Enamine,,Z2751299191,21.0,EUR,,,CC(C)(C)OC(=O)NC1CCOc2ccc(N)cc21,2025-12-09,1,1,1,{'Amidation'},{60759},{198131}
162722,Nc1cccc2c1C(=O)N(Cc1ccccc1)C2=O,BOEKGECXVFTDEX-UHFFFAOYSA-N,1.0,1.0,4927,Enamine,,Z25790132,15.0,EUR,,,Nc1cccc2c1C(=O)N(Cc1ccccc1)C2=O,2025-12-09,1,1,1,{'Amidation'},{60768},{198140}
162725,CC(C)(C)OC(=O)NC1CCCc2ccc(N)cc21,LTLPUSMWZUFSTA-UHFFFAOYSA-N,1.0,1.0,4930,Enamine,,Z1508713196,23.0,EUR,,,CC(C)(C)OC(=O)NC1CCCc2ccc(N)cc21,2025-12-09,1,1,1,{'Amidation'},{60772},{198144}
162727,Nc1cccc2c1C(=O)N(C1CCCNC1=O)C2=O,GWHXPFBXPSHXGR-UHFFFAOYSA-N,1.0,1.0,4932,Enamine,,Z954635486,26.0,EUR,,,Nc1cccc2c1C(=O)N(C1CCCNC1=O)C2=O,2025-12-09,1,1,1,{'Amidation'},{60774},{198146}
162732,COc1ccc(C(=O)NC2CCS(=O)(=O)C2)cc1N,ZOQVZECSCJTCAL-UHFFFAOYSA-N,1.0,1.0,4937,Enamine,,Z285214292,15.0,EUR,,,COc1ccc(C(=O)NC2CCS(=O)(=O)C2)cc1N,2025-12-09,1,1,1,{'Amidation'},{60779},{198151}
162736,Nc1cccc2c1CN(C1CCC(=O)NC1=O)C2=O,GOTYRUGSSMKFNF-UHFFFAOYSA-N,1.0,1.0,4941,Enamine,,Z1515385074,14.0,EUR,,,Nc1cccc2c1CN(C1CCC(=O)NC1=O)C2=O,2025-12-09,1,1,1,{'Amidation'},{60789},{198161}
197654,Cc1ccc(C(=O)Nc2cc(Br)ccc2O)cc1N,DKFFNZNZGDCJER-UHFFFAOYSA-N,1.0,1.0,6973,Enamine,,Z1365532149,25.0,EUR,,,Cc1ccc(C(=O)Nc2cc(Br)ccc2O)cc1N,2025-12-09,1,1,1,{'Amidation'},{60792},{198164}
162738,CC(C)(C)OC(=O)N1C2CCC1c1c(N)cccc12,XCWJXOVFSLIHPH-UHFFFAOYSA-N,1.0,1.0,4943,Enamine,,Z2181966153,31.0,EUR,,,CC(C)(C)OC(=O)N1C2CCC1c1c(N)cccc12,2025-12-09,1,1,1,{'Amidation'},{60793},{198165}
162741,NCc1cccc(N2C(=O)NC3(CCCC3)C2=O)c1,UOUYBVGEQIDDMW-UHFFFAOYSA-N,1.0,1.0,4946,Enamine,,Z1413746790,98.0,EUR,,,NCc1cccc(N2C(=O)NC3(CCCC3)C2=O)c1,2025-12-09,1,1,1,{'Amidation'},{60795},{198167}
198346,CN1C(=O)NC(C)(c2ccc(N)cc2)C1=O,JECMGCYXCUNLQH-UHFFFAOYSA-N,1.0,1.0,7073,Enamine,,Z2509346538,22.0,EUR,,,CN1C(=O)NC(C)(c2ccc(N)cc2)C1=O,2025-12-09,1,1,1,{'Amidation'},{60916},{198429}
198369,CC1(c2ccc([N+](=O)[O-])cc2)NC(=O)N(N)C1=O,DJXDKYMMYQHPPG-UHFFFAOYSA-N,1.0,1.0,7090,Enamine,,Z55992956,15.0,EUR,,,CC1(c2ccc([N+](=O)[O-])cc2)NC(=O)N(N)C1=O,2025-12-09,1,1,1,{'Amidation'},{60939},{198452}
198371,CC(C)(C)OC(=O)Nc1ccc2c(c1)CCC2N,HVXVGAKDEJZVIE-UHFFFAOYSA-N,1.0,1.0,7091,Enamine,,Z1342229697,21.0,EUR,,,CC(C)(C)OC(=O)Nc1ccc2c(c1)CCC2N,2025-12-09,1,1,1,{'Amidation'},{60941},{198454}
198373,CC(N)c1ccc(-n2cnc3ccccc32)c(F)c1,LJEUPXPVFYQMCI-UHFFFAOYSA-N,1.0,1.0,7093,Enamine,,Z332383490,22.0,EUR,,,CC(N)c1ccc(-n2cnc3ccccc32)c(F)c1,2025-12-09,1,1,1,{'Amidation'},{60943},{198456}
198380,COc1cc(C(C)(C)NC(=O)OC(C)(C)C)ccc1N,COISRKHYBHGLMG-UHFFFAOYSA-N,1.0,1.0,7099,Enamine,,Z3579574360,63.0,EUR,,,COc1cc(C(C)(C)NC(=O)OC(C)(C)C)ccc1N,2025-12-09,1,1,1,{'Amidation'},{60950},{198463}
198465,Cn1c(C2CC2)cc(C(=O)O)c1C1CC1,JUHXVUTWJPDXGE-UHFFFAOYSA-N,28.0,28.0,,Enamine,,Z2689188245,117.60000000000001,EUR,,,Cn1c(C2CC2)cc(C(=O)O)c1C1CC1,2025-12-09,1,28,28,{'Amidation'},"{61058, 61059, 61071, 61074, 61076, 61079, 61082, 61083, 61085, 61086, 61087, 61088, 61089, 61093, 61095, 61097, 61098, 61100, 61101, 61106, 61107, 61108, 61109, 61006, 61030, 61031, 61033, 61055}","{198544, 198545, 198547, 198569, 198572, 198573, 198585, 198588, 198590, 198593, 198596, 198597, 198599, 198600, 198601, 198602, 198603, 198607, 198609, 198611, 198612, 198614, 198615, 198620, 198621, 198622, 198623, 198520}"
161397,Nc1ccnc2c1CCCCC2,KVCZSOHSZXITFA-UHFFFAOYSA-N,1.0,1.0,4472,Enamine,,Z3243123497,25.0,EUR,,,Nc1ccnc2c1CCCCC2,2025-12-09,1,1,1,{'Amidation'},{61030},{198544}
161408,Nc1cc(S)ncc1C(F)(F)F,OPWDTKYACPZWMF-UHFFFAOYSA-N,1.0,1.0,4482,Enamine,,Z2310139073,117.0,EUR,,,Nc1cc(S)ncc1C(F)(F)F,2025-12-09,1,1,1,{'Amidation'},{61031},{198545}
161399,Cc1cc(N)c2c(n1)CCCC2,FTGOJKPUJODQKE-UHFFFAOYSA-N,1.0,1.0,4474,Enamine,,Z1198162667,25.0,EUR,,,Cc1cc(N)c2c(n1)CCCC2,2025-12-09,1,1,1,{'Amidation'},{61033},{198547}
161415,COC(=O)c1c(N)cc(Cl)nc1Cl,MIFISBCVMRCXAA-UHFFFAOYSA-N,1.0,1.0,4489,Enamine,,Z2310155884,21.0,EUR,,,COC(=O)c1c(N)cc(Cl)nc1Cl,2025-12-09,1,1,1,{'Amidation'},{61058},{198572}
161414,CN(C)c1cc(N)c2c(n1)CCC2,HXLDQWPXDLGJSI-UHFFFAOYSA-N,1.0,1.0,4488,Enamine,,Z2239077738,61.0,EUR,,,CN(C)c1cc(N)c2c(n1)CCC2,2025-12-09,1,1,1,{'Amidation'},{61059},{198573}
161433,COC(=O)CCc1c(N)ccnc1F,PZQBYDBWJVXQAA-UHFFFAOYSA-N,1.0,1.0,4506,Enamine,,Z8641291426,23.0,EUR,,,COC(=O)CCc1c(N)ccnc1F,2025-12-09,1,1,1,{'Amidation'},{61071},{198585}
161440,CC(C)(C)OC(=O)c1cnc(Br)cc1N,KFBDMRBASRDROF-UHFFFAOYSA-N,1.0,1.0,4512,Enamine,,Z5193072456,30.0,EUR,,,CC(C)(C)OC(=O)c1cnc(Br)cc1N,2025-12-09,1,1,1,{'Amidation'},{61083},{198597}
148450,Cc1nc2ccccc2c(N)c1C(C)C,IXBIYLVYHJCSDR-UHFFFAOYSA-N,1.0,1.0,3826,Enamine,,Z1037540310,14.0,EUR,,,Cc1nc2ccccc2c(N)c1C(C)C,2025-12-09,1,1,1,{'Amidation'},{61086},{198600}
161443,Nc1c2c(nc3ccccc13)CCOC2,KMFVOFDZYJJARK-UHFFFAOYSA-N,1.0,1.0,4515,Enamine,,Z1509394421,15.0,EUR,,,Nc1c2c(nc3ccccc13)CCOC2,2025-12-09,1,1,1,{'Amidation'},{61093},{198607}
148447,CC(=O)c1c(C)nc2ccccc2c1N,YFGFFNPPTDOYLI-UHFFFAOYSA-N,1.0,1.0,1917,Enamine,,EN300-13430,14.0,EUR,,,CC(=O)c1c(C)nc2ccccc2c1N,2025-12-01,1,1,1,{'Amidation'},{61098},{198612}
161448,Cc1cnc(-c2ccnc(O)c2)cc1N,CSFIURRKVXXAQC-UHFFFAOYSA-N,1.0,1.0,4520,Enamine,,Z4510627888,42.0,EUR,,,Cc1cnc(-c2ccnc(O)c2)cc1N,2025-12-09,1,1,1,{'Amidation'},{61101},{198615}
161453,N#Cc1c(N)ccn(-c2ccccc2)c1=O,UMZAWFARQMIQDJ-UHFFFAOYSA-N,1.0,1.0,4525,Enamine,,Z4874248133,31.0,EUR,,,N#Cc1c(N)ccn(-c2ccccc2)c1=O,2025-12-09,1,1,1,{'Amidation'},{61106},{198620}
198634,CCN1CCc2ccc(N)cc21,DASPMFXHFCNQHX-UHFFFAOYSA-N,1.0,1.0,7110,Enamine,,Z334596090,15.0,EUR,,,CCN1CCc2ccc(N)cc21,2025-12-09,1,1,1,{'Amidation'},{61121},{198767}
198659,CCCCN1CCc2ccc(N)cc21,KXVGOCNJGSJIGK-UHFFFAOYSA-N,1.0,1.0,7133,Enamine,,Z334596096,14.0,EUR,,,CCCCN1CCc2ccc(N)cc21,2025-12-09,1,1,1,{'Amidation'},{61154},{198800}
198694,CNC(=O)CN1CCc2ccc(N)cc21,LEEPGHDYXQMSIR-UHFFFAOYSA-N,1.0,1.0,7164,Enamine,,Z334595878,15.0,EUR,,,CNC(=O)CN1CCc2ccc(N)cc21,2025-12-09,1,1,1,{'Amidation'},{61193},{198839}
198700,Nc1ccc(CCN2CCSCC2)cc1,QLEWSVVVLAMGRE-UHFFFAOYSA-N,1.0,1.0,7170,Enamine,,Z234897211,15.0,EUR,,,Nc1ccc(CCN2CCSCC2)cc1,2025-12-09,1,1,1,{'Amidation'},{61199},{198845}
161079,CN1CCN(CCc2ccc(N)cc2)CC1,BKUWHZDNFSRARB-UHFFFAOYSA-N,1.0,1.0,4361,Enamine,,Z335286868,14.0,EUR,,,CN1CCN(CCc2ccc(N)cc2)CC1,2025-12-09,1,1,1,{'Amidation'},{61216},{198862}
198723,CCC1(c2ccc(N)cc2)CCC(=O)NC1=O,ROBVIMPUHSLWNV-UHFFFAOYSA-N,1.0,1.0,7189,Enamine,,Z800191876,14.0,EUR,,,CCC1(c2ccc(N)cc2)CCC(=O)NC1=O,2025-12-09,1,1,1,{'Amidation'},{61225},{198871}
198726,COc1cc(CCNC(C)=O)c(OC)cc1N,YYPBXBIBNKNOQS-UHFFFAOYSA-N,1.0,1.0,7191,Enamine,,Z1777257252,23.0,EUR,,,COc1cc(CCNC(C)=O)c(OC)cc1N,2025-12-09,1,1,1,{'Amidation'},{61228},{198874}
198733,Nc1ccc(CC(=O)NCc2ccccc2)cc1,OUIHBOMOUPBFPP-UHFFFAOYSA-N,1.0,1.0,7197,Enamine,,Z285214262,15.0,EUR,,,Nc1ccc(CC(=O)NCc2ccccc2)cc1,2025-12-09,1,1,1,{'Amidation'},{61237},{198883}
197041,CC(C)(C)OC(=O)NC1Cc2ccc(N)cc2C1,FIZZCNCGJUVFEU-UHFFFAOYSA-N,1.0,1.0,6760,Enamine,,Z1505690948,14.0,EUR,,,CC(C)(C)OC(=O)NC1Cc2ccc(N)cc2C1,2025-12-09,1,1,1,{'Amidation'},{61241},{198887}
198737,CN(CCc1ccc(N)cc1)C(=O)OC(C)(C)C,RFLBWARNKVMNSZ-UHFFFAOYSA-N,1.0,1.0,7201,Enamine,,Z1505699651,15.0,EUR,,,CN(CCc1ccc(N)cc1)C(=O)OC(C)(C)C,2025-12-09,1,1,1,{'Amidation'},{61242},{198888}
165899,CC(C)(C)OC(=O)Nc1ccc(C2CNC2)cc1,PMCNPLSFQVWUOB-UHFFFAOYSA-N,1.0,1.0,5085,Enamine,,Z1505695023,124.0,EUR,,,CC(C)(C)OC(=O)Nc1ccc(C2CNC2)cc1,2025-12-09,1,1,1,{'Amidation'},{61243},{198889}
198743,CC(C)(C)OC(=O)C(N)Cc1ccc([N+](=O)[O-])cc1,WFXHVZZCTZMYSA-UHFFFAOYSA-N,1.0,1.0,7205,Enamine,,Z1592682525,15.0,EUR,,,CC(C)(C)OC(=O)C(N)Cc1ccc([N+](=O)[O-])cc1,2025-12-09,1,1,1,{'Amidation'},{61250},{198896}
198745,CC(C)(C)OC(=O)N1CCC(c2ccc(N)cc2)C1,QUBNPUPUCMVUFI-UHFFFAOYSA-N,1.0,1.0,7207,Enamine,,Z1505702111,14.0,EUR,,,CC(C)(C)OC(=O)N1CCC(c2ccc(N)cc2)C1,2025-12-09,1,1,1,{'Amidation'},{61253},{198899}
198754,Nc1ccc(CC(=O)N2CCCc3ccccc32)cc1,RGHPZWWKTGVVPG-UHFFFAOYSA-N,1.0,1.0,7212,Enamine,,Z239872910,15.0,EUR,,,Nc1ccc(CC(=O)N2CCCc3ccccc32)cc1,2025-12-09,1,1,1,{'Amidation'},{61263},{198909}
198916,Nc1cc(Br)cc(-c2nnn[nH]2)c1,CQCNPWPBBOYWJK-UHFFFAOYSA-N,1.0,1.0,7218,Enamine,,Z3300783341,25.0,EUR,,,Nc1cc(Br)cc(-c2nnn[nH]2)c1,2025-12-09,1,1,1,{'Amidation'},{61285},{198945}
198917,Nc1cc(-c2nnn[nH]2)ccc1F,SPFBMNKRQFPDGH-UHFFFAOYSA-N,1.0,1.0,7219,Enamine,,Z2235407134,31.0,EUR,,,Nc1cc(-c2nnn[nH]2)ccc1F,2025-12-09,1,1,1,{'Amidation'},{61286},{198946}
198919,Nc1cc(-c2nnn[nH]2)ccc1Cl,UNNASRAFQFFILA-UHFFFAOYSA-N,1.0,1.0,7221,Enamine,,Z1262680395,15.0,EUR,,,Nc1cc(-c2nnn[nH]2)ccc1Cl,2025-12-09,1,1,1,{'Amidation'},{61288},{198948}
198922,Cn1nnnc1-c1cc(N)cc(Cl)c1,HLFBLGJIYXYRDA-UHFFFAOYSA-N,1.0,1.0,7224,Enamine,,Z1462165940,29.0,EUR,,,Cn1nnnc1-c1cc(N)cc(Cl)c1,2025-12-09,1,1,1,{'Amidation'},{61292},{198952}
198923,Nc1cccc(-c2nnnn2C2CC2)c1,HXZYYHOPQNWLHT-UHFFFAOYSA-N,1.0,1.0,7225,Enamine,,Z220637164,15.0,EUR,,,Nc1cccc(-c2nnnn2C2CC2)c1,2025-12-09,1,1,1,{'Amidation'},{61293},{198953}
198924,CC(C)n1nnnc1-c1cccc(N)c1,VTBVWZUAGABJGK-UHFFFAOYSA-N,1.0,1.0,7226,Enamine,,Z804950384,15.0,EUR,,,CC(C)n1nnnc1-c1cccc(N)c1,2025-12-09,1,1,1,{'Amidation'},{61294},{198954}
197006,C=C(CN)c1ccc(OC)c([N+](=O)[O-])c1,NQLPWPPYURLEHV-UHFFFAOYSA-N,1.0,1.0,6731,Enamine,,Z3271405267,106.0,EUR,,,C=C(CN)c1ccc(OC)c([N+](=O)[O-])c1,2025-12-09,1,1,1,{'Amidation'},{61392},{199056}
197025,Nc1cccc(C(O)CN2CCCCC2)c1,JLWZJHWOSRAISP-UHFFFAOYSA-N,1.0,1.0,6746,Enamine,,Z970069346,23.0,EUR,,,Nc1cccc(C(O)CN2CCCCC2)c1,2025-12-09,1,1,1,{'Amidation'},{61395},{199059}
197033,CC(C)(C)OC(=O)N1CCc2cccc(N)c21,IGGCXTTVKSYIIK-UHFFFAOYSA-N,1.0,1.0,6753,Enamine,,Z1342206399,14.0,EUR,,,CC(C)(C)OC(=O)N1CCc2cccc(N)c21,2025-12-09,1,1,1,{'Amidation'},{61397},{199061}
197043,CN1Cc2c(N)cccc2C(c2ccccc2)C1,XXPANQJNYNUNES-UHFFFAOYSA-N,1.0,1.0,6762,Enamine,,Z2216900850,14.0,EUR,,,CN1Cc2c(N)cccc2C(c2ccccc2)C1,2025-12-09,1,1,1,{'Amidation'},{61404},{199068}
197045,CC(C)(C)OC(=O)Nc1cccc(C2CNC2)c1,FOPVAGIHWCEKBJ-UHFFFAOYSA-N,1.0,1.0,6764,Enamine,,Z1505712921,105.0,EUR,,,CC(C)(C)OC(=O)Nc1cccc(C2CNC2)c1,2025-12-09,1,1,1,{'Amidation'},{61405},{199069}
197056,CCOC(=O)CN1C(=O)C(F)(F)c2cc(N)ccc21,AVBMFXQSIUHVKT-UHFFFAOYSA-N,1.0,1.0,6775,Enamine,,Z2168390320,31.0,EUR,,,CCOC(=O)CN1C(=O)C(F)(F)c2cc(N)ccc21,2025-12-09,1,1,1,{'Amidation'},{61408},{199072}
199007,CC(C)(C)OC(=O)Nc1cccc(C2CCCNC2)c1,MRRCMEJMLODJCD-UHFFFAOYSA-N,1.0,1.0,7231,Enamine,,Z1505694259,23.0,EUR,,,CC(C)(C)OC(=O)Nc1cccc(C2CCCNC2)c1,2025-12-09,1,1,1,{'Amidation'},{61409},{199073}
32113,CCN1CCC(c2c[nH]c3ccc(C(=O)O)cc23)CC1,RWOHMGSASOGTNM-UHFFFAOYSA-N,21.0,21.0,,Enamine,,Z2899144553,275.31,EUR,,,CCN1CCC(c2c[nH]c3ccc(C(=O)O)cc23)CC1,2025-12-09,1,21,21,{'Amidation'},"{62108, 62113, 62115, 62119, 62124, 62126, 62127, 62130, 62132, 62135, 62137, 62144, 62145, 62146, 62147, 62148, 62150, 62151, 62155, 62156, 62157}","{199810, 199811, 199812, 199813, 199814, 199816, 199817, 199821, 199822, 199823, 199774, 199779, 199781, 199785, 199790, 199792, 199793, 199796, 199798, 199801, 199803}"
199834,Cc1cnc(-c2cccc(C(=O)O)c2)s1,ZVMVNRWWXZEPMS-UHFFFAOYSA-N,8.0,10.0,11081,Enamine,,Z994267518,32.0,EUR,,,Cc1cnc(-c2cccc(C(=O)O)c2)s1,2025-12-09,1,8,8,{'Amidation'},"{62473, 62442, 62443, 62475, 62452, 62487, 62492, 62399}","{200160, 200067, 200141, 200110, 200111, 200143, 200120, 200155}"
199833,Cc1csc(-c2cccc(C(=O)O)c2)n1,WXENPEKCGWEERP-UHFFFAOYSA-N,5.0,10.0,11080,Enamine,,Z803330146,18.0,EUR,,,Cc1csc(-c2cccc(C(=O)O)c2)n1,2025-12-09,1,5,5,{'Amidation'},"{62466, 62436, 62471, 62486, 62489}","{200134, 200104, 200139, 200154, 200157}"
