name gnina_score gnina_score_min smina_score_min min_rmsd 
P95884 4.374 4.386 -4.597 1.207
P95885 4.450 4.417 -4.744 1.324
P95886 4.521 4.489 -4.816 0.739
P95888 4.505 4.427 -5.174 1.404
P95889 4.499 4.470 -4.676 0.805
P95890 4.563 4.433 -5.426 1.181
P95891 4.545 4.482 -4.799 0.667
P95892 4.560 4.448 -5.098 1.128
P95893 4.506 4.498 -4.704 0.885
P95894 4.411 4.303 -4.789 0.869
P95895 4.397 4.229 -4.665 0.933
P95896 4.480 4.361 -4.898 0.847
P95898 4.551 4.566 -4.668 1.048
P95900 4.566 4.538 -5.591 2.224
P95903 4.421 4.401 -4.703 0.901
P95905 4.596 4.584 -4.797 0.892
P95906 4.590 4.547 -4.672 1.703
P95908 4.497 4.410 -4.678 1.483
P95911 4.465 4.521 -4.642 1.106
P95912 4.662 4.604 -5.705 2.139
P95913 4.400 4.368 -4.694 1.014
P95914 4.634 4.596 -4.957 0.680
P95915 4.641 4.631 -4.604 1.346
P95916 4.536 4.508 -4.593 0.819
P95918 4.571 4.580 -4.632 1.135
P95920 4.436 4.451 -5.215 2.331
P95921 4.644 4.536 -5.494 0.770
P95922 4.527 4.490 -4.977 1.835
P95925 4.582 4.520 -4.632 0.757
P95926 4.619 4.593 -4.964 1.139
P95927 4.691 4.663 -5.495 1.164
P95928 4.505 4.514 -5.055 1.252
P95930 4.488 4.447 -5.166 2.258
P95931 4.467 4.412 -4.695 0.835
P95932 4.646 4.649 -5.524 0.425
P95933 4.513 4.444 -5.677 1.637
P95934 4.413 4.390 -4.660 1.937
P95936 4.564 4.556 -4.675 0.818
P95937 4.494 4.450 -4.736 1.264
P95938 4.679 4.647 -5.323 2.770
P95940 4.632 4.651 -4.795 0.778
P95941 4.647 4.643 -5.548 0.800
P95942 4.691 4.555 -5.500 1.101
P95944 4.625 4.478 -4.656 1.293
P95945 4.638 4.567 -4.614 1.874
P95946 4.534 4.498 -5.153 2.071
P95947 4.638 4.570 -5.403 1.116
P95948 4.442 4.384 -5.395 1.731
P95949 4.439 4.440 -4.571 2.247
P95950 4.612 4.620 -4.327 0.747
P95951 4.474 4.357 -5.383 2.054
P95953 4.472 4.641 -5.377 2.649
P95954 4.499 4.438 -4.464 1.086
P95955 4.603 4.528 -4.425 1.020
P95956 4.585 4.629 -4.781 1.807
P95957 4.662 4.647 -5.486 2.276
P95958 4.598 4.574 -4.788 0.885
P95959 4.543 4.483 -4.785 0.949
P95961 4.433 4.388 -4.707 0.747
P95962 4.512 4.481 -4.640 0.797
P95963 4.713 4.563 -5.713 1.273
P95967 4.706 4.648 -4.891 1.723
P95968 4.629 4.516 -5.086 0.877
P95970 4.672 4.627 -5.430 1.630
P95971 3.946 3.983 -5.130 0.833
P95972 4.162 4.127 -5.578 0.373
P95973 4.051 4.081 -4.663 0.218
P95974 3.656 3.593 -4.487 0.544
P95975 3.898 3.953 -5.418 1.100
P95976 3.877 3.954 -5.973 0.384
P95977 3.990 3.945 -4.321 0.810
P95978 3.935 4.012 -5.645 0.548
P95979 3.918 3.948 -5.463 0.647
P95980 4.206 4.199 -5.491 0.325
P95981 3.931 4.112 -5.843 0.513
P95982 3.996 4.033 -5.628 0.425
P95983 4.298 4.269 -5.185 1.178
P95984 4.175 4.062 -5.305 0.886
P95985 4.253 4.150 -5.786 1.278
P95987 4.483 4.542 -6.072 0.400
P95988 4.435 4.479 -5.743 0.610
P95989 4.241 4.223 -5.243 0.638
P95990 3.832 3.784 -4.620 0.486
P95991 4.245 4.017 -4.975 0.414
P95992 4.392 4.461 -6.310 0.430
P95993 4.362 4.164 -4.385 0.713
P95994 4.272 4.382 -5.626 1.328
P95995 4.254 4.318 -5.286 1.150
P95996 3.964 3.799 -4.167 0.950
P95997 4.188 4.250 -5.801 0.534
P95998 3.982 4.006 -5.545 0.384
P95999 4.218 4.333 -6.036 0.730
P96000 4.183 4.156 -5.448 0.720
P96001 3.925 3.904 -4.976 0.708
P96002 3.692 3.763 -4.852 0.469
P96005 4.011 3.711 -5.089 0.773
P96006 3.881 3.814 -5.452 0.608
P96007 4.279 4.015 -5.126 1.214
P96008 4.272 4.274 -5.537 0.463
P96009 3.912 3.820 -5.004 0.716
P96010 4.182 4.376 -6.373 0.672
P96011 4.143 4.132 -5.268 0.598
P96012 4.211 4.314 -5.946 0.739
P96013 3.847 3.787 -4.546 0.829
P96014 4.292 4.316 -5.810 0.503
P96015 4.280 4.340 -6.253 0.488
P96016 4.340 4.403 -5.830 0.298
P96017 4.047 4.214 -6.291 0.506
P96018 4.268 4.357 -5.885 0.861
P96019 4.068 4.216 -6.029 0.583
P96020 4.065 4.291 -6.409 0.811
P96022 4.018 3.891 -5.029 1.865
P96023 4.549 4.559 -6.629 0.515
P96024 4.130 4.128 -5.514 1.256
P96026 4.115 4.161 -5.038 0.702
P96027 4.243 4.264 -5.772 0.690
P96028 4.258 4.382 -6.020 0.323
P96029 4.497 4.483 -5.668 0.620
P96030 4.172 3.920 -4.105 1.417
P96031 4.492 4.572 -6.306 0.575
P96033 4.213 4.115 -5.254 0.555
P96034 4.505 4.519 -5.858 0.212
P96036 4.664 4.715 -6.443 0.548
P96037 4.436 4.445 -5.718 0.506
P96038 4.137 3.974 -5.692 1.223
P96039 4.161 4.122 -5.611 0.393
P96040 4.362 4.424 -6.236 0.674
P96041 3.878 3.760 -4.956 1.109
P96042 4.258 4.325 -5.721 0.862
P96043 4.041 4.129 -5.797 0.850
P96044 4.223 4.126 -5.067 0.547
P96045 4.191 4.054 -4.968 0.485
P96046 4.321 4.033 -4.717 1.232
P96047 4.205 4.254 -5.810 0.559
P96048 4.309 4.356 -6.103 0.490
P96049 4.300 4.338 -6.182 0.615
P96050 4.287 4.349 -5.834 0.407
P96051 4.538 4.577 -6.527 0.615
P96052 4.631 4.663 -5.501 0.539
P96053 4.373 4.502 -6.227 0.555
P96054 4.477 4.544 -6.552 0.460
P96056 4.656 4.617 -5.720 0.253
P96057 4.568 4.622 -6.194 0.501
P96059 4.149 4.122 -5.495 0.807
P96061 4.228 4.280 -5.523 0.681
P96062 4.517 4.517 -5.818 0.521
P96063 4.370 4.466 -5.980 0.294
P96064 4.654 4.672 -5.521 0.516
P96065 4.430 4.516 -6.054 0.253
P96066 3.896 3.811 -4.284 0.981
P96068 4.009 3.857 -4.612 0.263
P96071 4.088 4.095 -4.833 0.804
P96072 4.097 4.232 -5.386 1.337
P96073 4.264 4.371 -5.739 1.062
P96076 4.181 4.323 -5.720 1.181
P96077 4.507 4.508 -5.597 0.333
P96078 4.525 4.589 -5.974 0.236
P96080 4.024 3.971 -5.530 0.473
P96081 4.136 4.039 -5.097 0.687
P96084 3.982 4.045 -5.173 1.422
P96085 4.173 4.078 -4.431 0.473
P96087 4.020 4.074 -4.182 0.960
P96088 4.283 4.402 -6.145 0.396
P96089 3.676 3.789 -4.352 0.997
P96091 4.168 4.245 -5.721 1.071
P96094 4.159 4.156 -5.667 0.660
P96095 3.951 3.933 -4.869 0.610
P96097 3.656 3.649 -4.427 0.630
P96100 4.113 3.742 -5.211 1.403
P96101 4.660 4.626 -5.553 0.272
P96102 4.386 4.331 -5.711 0.509
P96103 4.376 4.541 -5.461 0.632
P96105 4.077 4.111 -5.030 1.519
P96106 4.101 4.232 -4.568 0.312
P96108 3.793 3.851 -5.562 0.316
P96109 4.623 4.619 -6.445 0.530
P96111 3.944 3.872 -4.639 0.444
P96113 3.990 4.148 -5.908 0.594
P96114 4.305 4.323 -6.108 0.490
P96116 4.272 4.368 -5.887 0.729
P96117 4.292 4.374 -6.132 0.415
P96119 4.021 4.001 -5.327 1.073
P96120 4.051 4.145 -5.595 0.367
P96122 4.130 4.277 -6.235 0.526
P96125 4.014 3.923 -4.825 0.560
P96128 3.937 3.999 -5.246 0.490
P96129 4.075 4.205 -6.347 1.066
P96130 4.309 4.411 -5.761 0.373
P96131 4.389 4.384 -5.860 0.427
P96133 4.396 4.423 -5.762 0.681
P96134 4.715 4.693 -5.813 0.584
P96135 4.350 4.300 -4.942 0.587
P96136 4.420 4.485 -5.878 0.484
P96137 4.333 4.385 -5.574 0.658
P96138 4.481 4.427 -4.768 1.002
P96139 4.370 4.367 -5.631 0.290
P96140 4.009 4.342 -5.818 1.019
P96141 4.047 4.153 -5.787 0.918
P96142 4.383 4.347 -6.121 0.403
P96143 4.362 4.385 -5.132 0.838
P96144 4.465 4.416 -5.960 0.601
P96145 4.408 4.478 -5.081 1.513
P96146 3.688 4.328 -4.879 1.417
P96147 4.208 4.430 -6.179 1.481
P96148 4.545 4.671 -6.381 0.621
P96149 4.525 4.626 -6.112 0.730
P96150 4.097 3.952 -5.414 0.997
P96152 4.065 3.954 -5.515 0.680
P96153 4.099 3.962 -5.603 1.013
P96154 4.105 3.938 -5.507 1.055
P96156 4.078 3.958 -5.178 1.040
P96157 4.058 3.855 -5.134 0.835
P96158 4.649 4.563 -5.398 0.787
P96159 3.930 4.337 -5.669 0.642
P96160 4.654 4.636 -6.009 1.241
P96161 4.273 4.234 -5.176 0.343
P96163 4.359 4.323 -5.303 1.352
P96165 4.595 4.620 -6.440 0.342
P96166 4.010 4.066 -5.474 0.346
P96169 3.992 4.040 -5.303 0.717
P96170 4.577 4.658 -6.165 0.270
P96172 4.029 3.985 -4.937 0.876
P96174 4.105 4.096 -4.548 0.872
P96175 4.180 4.166 -4.999 0.853
P96176 4.325 4.215 -5.246 1.536
P96177 4.379 4.352 -5.152 0.462
P96179 4.728 4.798 -6.139 0.294
P96181 4.200 4.286 -5.647 1.532
P96182 4.351 4.230 -5.307 0.792
P96185 4.085 4.108 -5.085 0.446
P96186 4.652 4.616 -6.218 0.377
P96187 3.980 3.965 -4.298 0.879
P96189 3.890 4.035 -4.556 0.769
P96190 4.302 4.376 -5.687 0.313
P96192 3.977 4.105 -5.489 1.030
P96194 4.047 4.189 -5.566 1.072
P96196 4.245 4.283 -5.857 0.688
P96197 4.341 4.453 -6.057 0.470
P96199 4.449 4.440 -5.908 0.694
P96200 4.478 4.188 -4.138 0.495
P96201 4.314 4.193 -4.703 0.728
P96203 4.434 4.409 -4.842 0.738
P96204 4.749 4.792 -6.070 0.197
P96205 4.513 4.505 -5.778 0.713
P96207 4.650 4.734 -6.313 0.455
P96208 4.322 4.544 -6.262 1.352
P96210 4.228 4.229 -5.872 0.672
P96211 4.066 4.146 -5.776 1.028
P96213 4.193 4.081 -4.979 0.549
P96215 4.556 4.545 -5.701 0.643
P96216 4.448 4.448 -5.738 1.244
P96218 4.242 4.240 -5.571 0.397
P96219 4.457 4.442 -6.269 0.878
P96220 4.655 4.243 -5.280 1.291
P96222 4.020 4.058 -5.502 0.334
P96224 4.005 4.125 -5.554 0.681
P96225 4.358 4.423 -5.874 0.435
P96226 4.331 4.405 -6.012 0.375
P96227 4.291 4.200 -5.119 0.738
P96228 4.744 4.695 -5.981 0.465
P96230 4.256 4.432 -5.886 0.742
P96232 4.541 4.604 -6.361 0.440
P96233 4.514 4.573 -5.795 0.690
P96234 4.442 4.244 -5.554 0.729
P96235 4.583 4.681 -6.273 0.340
P96236 4.406 4.683 -5.571 0.752
P96237 4.492 4.603 -6.071 0.565
P96238 4.612 4.674 -6.436 0.505
P96240 4.600 4.681 -6.178 0.712
P96241 4.567 4.504 -5.727 0.348
P96242 4.634 4.499 -4.819 1.130
P96243 4.597 4.592 -4.766 0.986
P96244 4.706 4.884 -5.993 0.773
P96245 4.430 4.448 -5.643 1.274
P96247 4.646 4.683 -5.612 0.302
P96248 4.679 4.638 -5.618 0.297
P96250 4.391 4.252 -5.017 2.292
P96251 4.582 4.659 -6.256 0.477
P96252 4.313 4.174 -5.354 1.335
P96253 4.432 4.204 -5.096 0.865
P96255 4.681 4.689 -5.807 0.306
P96256 4.328 4.545 -5.921 0.797
P96258 4.461 4.729 -5.275 0.658
P96259 4.509 4.404 -5.074 0.231
P96260 4.487 4.413 -5.273 1.182
P96261 4.199 4.149 -5.320 1.183
P96263 4.205 4.190 -5.185 1.392
P96264 4.466 4.562 -6.059 0.364
P96266 4.258 4.346 -5.262 0.477
P96268 4.232 4.241 -5.367 1.528
P96269 4.404 4.504 -5.739 0.370
P96271 4.520 4.458 -5.326 0.449
P96273 4.546 4.306 -4.664 1.423
P96274 4.130 4.206 -5.710 2.238
P96276 4.145 4.227 -5.873 1.499
P96278 4.452 4.536 -5.618 0.701
P96279 4.364 4.560 -5.675 1.052
P96281 4.406 4.778 -6.037 1.451
P96282 4.539 4.519 -6.480 0.857
P96284 4.575 4.722 -6.607 0.389
P96286 4.518 4.611 -6.632 0.362
P96288 3.835 3.702 -4.692 0.979
P96289 3.867 3.832 -4.797 0.495
P96291 3.904 3.700 -5.121 0.628
P96292 4.513 3.971 -5.190 1.651
P96293 4.062 4.007 -4.957 0.491
P96294 4.282 4.074 -5.287 0.947
P96296 4.254 4.002 -5.818 0.781
P96297 4.092 3.921 -4.958 0.936
P96299 4.153 4.175 -5.069 1.187
P96300 3.474 3.548 -3.882 1.266
P96302 3.738 3.518 -3.548 1.921
P96303 3.593 3.545 -3.922 1.510
P96306 3.625 3.576 -3.794 1.854
P96309 3.590 3.972 -5.390 5.035
P96311 3.697 3.574 -2.906 0.767
P96312 3.567 3.670 -3.759 0.529
P96313 3.652 3.613 -3.551 1.902
P96314 3.573 3.673 -3.595 0.931
P96317 3.653 3.485 -4.159 1.526
P96319 3.675 3.371 -3.694 2.481
P96322 3.600 3.664 -3.903 0.814
P96323 3.668 3.680 -3.433 1.547
P96326 3.775 3.722 -4.030 0.555
P96328 3.691 3.744 -3.515 1.444
P96329 3.737 3.811 -3.426 0.790
P96330 4.011 3.633 -3.531 2.184
P96331 3.588 3.743 -3.722 0.775
P96332 3.820 3.927 -3.203 0.895
P96333 3.647 3.643 -3.655 1.427
P96334 3.668 3.542 -3.776 2.465
P96336 3.460 3.579 -3.775 0.830
P96338 3.823 3.806 -3.824 0.783
P96341 3.742 3.555 -3.649 1.468
P96343 3.858 3.622 -3.463 1.799
P96345 3.668 3.714 -3.590 1.964
P96347 3.613 3.764 -3.388 0.449
P96348 3.592 3.612 -3.784 0.647
P96351 3.688 3.538 -4.328 1.053
P96353 3.851 3.709 -3.529 1.494
P96354 3.981 3.935 -3.237 0.548
P96356 3.652 3.704 -3.732 0.685
P96358 3.862 3.769 -2.530 1.351
P96360 3.909 3.979 -3.230 1.348
P96361 3.936 3.984 -1.742 0.396
P96363 3.634 3.732 -3.805 1.139
P96364 3.723 3.649 -4.118 0.762
P96366 3.868 3.434 -3.665 1.220
P96367 3.694 3.738 -3.546 0.858
P96368 3.944 3.762 -3.723 1.120
P96371 3.714 3.593 -3.756 1.259
P96372 3.791 3.822 -3.877 0.503
P96374 3.665 3.567 -4.182 0.884
P96376 3.701 3.735 -4.145 0.534
P96378 3.679 3.629 -3.675 0.819
P96379 3.833 3.565 -3.490 1.131
P96380 3.698 3.672 -3.149 2.052
P96383 3.696 3.649 -3.538 0.815
P96385 3.590 3.750 -3.497 0.907
P96386 3.839 3.703 -3.495 1.682
P96387 3.929 3.646 -3.597 1.728
P96388 3.830 3.789 -3.617 1.448
P96390 3.736 3.831 -3.747 1.056
P96391 3.648 3.744 -3.521 0.832
P96392 3.886 3.642 -2.955 1.802
P96393 3.764 3.626 -3.009 1.801
P96394 3.323 3.733 -3.402 1.190
P96395 3.458 3.523 -4.087 0.990
P96396 3.825 3.748 -3.563 1.362
P96397 3.938 3.801 -3.342 1.627
P96398 3.620 3.740 -3.723 1.089
P96399 3.509 3.765 -3.763 0.569
P96401 3.740 3.759 -3.448 1.539
P96403 3.631 3.793 -3.826 1.027
P96404 3.667 3.692 -3.680 2.289
P96405 3.859 3.726 -3.775 1.598
P96409 3.989 3.640 -3.275 1.051
P96412 3.596 3.748 -3.532 1.143
P96415 3.938 3.981 -3.250 1.031
P96416 3.714 3.589 -3.520 1.214
P96423 3.804 3.882 -3.594 0.873
P96427 3.643 3.686 -3.971 0.855
P96428 3.686 3.707 -3.852 0.938
P96435 3.662 3.665 -3.727 1.297
P96438 3.838 3.626 -3.323 1.086
P96441 3.620 3.616 -2.904 1.783
P96444 3.628 3.858 -4.090 1.755
P96448 3.508 3.832 -3.240 0.927
P96450 3.757 3.747 -3.723 2.189
P96451 3.607 3.795 -3.875 1.331
P96452 3.868 3.611 -3.802 1.505
P96453 3.891 3.658 -3.500 2.419
P96456 3.520 3.716 -3.603 0.696
P96457 3.611 3.730 -3.769 0.847
P96458 3.761 3.749 -3.622 1.843
P96459 3.695 4.271 -5.746 5.203
P96460 3.638 4.014 -4.724 3.520
P96463 3.765 3.738 -4.090 2.337
P96464 3.790 3.732 -3.511 1.428
P96466 3.561 3.654 -3.875 1.496
P96468 3.640 3.653 -3.577 1.797
P96470 3.644 3.736 -4.142 1.808
P96471 3.664 3.619 -3.709 1.324
P96474 3.594 3.652 -3.701 0.972
P96478 3.765 3.823 -3.456 1.531
P96480 3.815 3.639 -3.422 1.497
P96481 3.433 3.654 -3.376 0.854
P96482 3.959 3.739 -3.734 2.131
P96483 3.823 3.766 -3.981 2.056
P96484 3.773 3.863 -3.121 1.820
P96485 3.684 3.653 -3.662 1.027
P96486 3.722 3.589 -3.691 1.363
P96487 3.708 3.689 -3.598 1.930
P96488 3.561 3.757 -4.048 1.313
P96489 3.753 3.666 -3.642 1.858
P96490 3.636 3.674 -3.758 0.569
P96491 3.635 3.751 -3.964 0.690
P96492 3.678 3.652 -4.149 0.641
P96493 3.811 3.832 -3.663 0.709
P96494 3.918 3.663 -3.454 1.663
P96500 3.893 3.767 -3.652 2.260
P96501 3.548 3.778 -3.702 1.323
P96502 3.680 3.608 -4.062 1.823
P96503 3.685 3.785 -4.068 2.888
P96504 3.790 3.655 -3.092 1.427
P96505 3.712 3.773 -3.518 0.838
P96506 3.987 3.723 -3.591 1.840
P96507 3.915 3.680 -2.880 1.316
P96508 3.858 3.846 -3.360 0.776
P96509 3.679 3.600 -3.573 1.648
P96510 3.933 3.601 -4.272 1.693
P96512 3.711 3.806 -3.799 1.036
P96513 3.751 3.769 -3.628 1.024
P96514 3.435 3.533 -3.744 0.529
P96516 3.417 3.670 -3.370 0.921
P96518 3.887 3.714 -3.602 1.489
P96519 3.663 3.596 -3.130 1.662
P96520 3.725 3.829 -3.737 0.503
P96522 3.662 3.610 -3.990 0.823
P96523 3.886 3.796 -3.571 0.869
P96524 3.770 3.614 -3.583 1.439
P96525 3.712 3.751 -3.608 1.003
P96526 3.848 3.473 -3.289 2.034
P96527 3.699 3.585 -3.477 1.074
P96529 3.942 3.835 -3.201 0.744
P96530 3.873 3.870 -2.909 1.250
P96531 3.752 3.616 -3.442 0.906
P96532 4.023 3.685 -3.929 1.812
P96533 3.989 3.744 -3.381 1.197
P96534 3.615 3.579 -4.149 0.735
P96536 3.934 3.670 -3.433 1.068
P96537 3.876 3.616 -2.967 2.162
P96538 3.849 3.617 -3.572 1.544
P96540 3.662 3.633 -3.792 0.750
P96541 3.639 3.716 -4.011 0.621
P96543 3.505 3.470 -3.892 1.428
P96544 3.738 3.688 -3.323 0.683
P96545 3.804 3.647 -3.365 1.139
P96547 3.747 3.744 -3.877 1.127
P96548 3.854 3.927 -3.353 0.748
P96551 3.618 3.650 -3.785 0.610
P96552 3.780 3.804 -4.083 1.837
P96554 3.835 4.007 -4.024 1.770
P96555 3.927 3.653 -4.010 1.272
P96556 3.832 3.675 -4.207 2.593
P96558 3.900 3.792 -4.291 2.152
P96559 3.713 3.767 -3.813 0.763
P96561 3.949 3.682 -3.555 1.951
P96562 3.745 3.785 -3.949 1.276
P96563 3.940 3.936 -3.677 1.304
P96564 3.814 3.641 -3.969 1.461
P96565 3.871 3.850 -4.048 1.243
P96566 3.810 3.824 -3.528 1.832
P96568 3.780 3.806 -3.885 1.359
P96569 3.924 3.868 -3.519 1.322
P96570 3.738 3.789 -4.090 1.870
P96571 3.839 3.961 -3.694 2.067
P96572 3.779 3.863 -4.125 0.947
P96574 3.659 3.772 -3.971 0.854
P96575 3.758 3.734 -3.920 0.917
P96577 3.732 3.790 -3.860 1.655
P96578 3.877 3.729 -3.379 1.823
P96579 3.881 3.793 -3.558 1.489
P96580 4.003 3.515 -3.626 1.484
P96581 3.619 3.772 -3.596 1.342
P96582 4.004 4.012 -2.995 0.617
P96583 3.843 3.769 -3.859 1.594
P96584 3.837 3.810 -3.350 0.608
P96585 3.659 3.723 -4.014 1.146
P96586 3.827 3.848 -2.844 1.530
P96587 3.789 3.724 -3.627 1.192
P96589 3.661 3.760 -3.708 0.928
P96590 4.202 3.825 -3.906 1.342
P96591 3.734 3.846 -4.162 1.376
P96593 3.843 3.775 -4.027 2.252
P96595 3.729 3.934 -4.126 1.955
P96597 3.826 3.736 -3.581 1.747
P96599 4.052 3.793 -4.020 1.562
P96600 3.515 3.753 -3.674 1.305
P96601 3.548 3.649 -4.072 0.958
P96602 3.911 3.824 -3.816 1.793
P96603 3.752 3.560 -4.008 1.322
P96604 3.804 3.732 -4.001 0.834
P96605 3.710 3.813 -3.924 1.309
P96606 3.723 3.695 -2.739 1.820
P96607 3.721 3.794 -3.603 0.889
P96608 3.594 3.676 -3.778 1.114
P96609 3.821 3.589 -3.631 1.437
P96610 3.965 3.855 -3.585 1.412
P96611 4.115 3.875 -3.263 1.995
P96612 4.113 3.974 -3.680 1.884
P96613 3.667 3.797 -3.877 1.997
P96616 3.968 3.623 -3.850 1.476
P96617 3.992 4.043 -3.497 1.061
P96618 3.736 3.733 -3.584 1.315
P96619 4.065 3.601 -3.455 1.521
P96620 3.902 3.817 -3.828 2.340
P96621 3.779 3.806 -4.061 1.290
P96622 3.769 3.850 -3.643 1.149
P96624 3.673 3.858 -3.991 0.641
P96625 3.916 3.854 -3.599 1.383
P96626 3.744 3.843 -4.143 1.721
P96627 3.910 3.808 -4.266 1.631
P96628 3.809 3.789 -3.537 1.304
P96629 4.036 3.699 -3.673 2.219
P96630 3.656 3.906 -4.137 2.080
P96631 3.926 3.712 -3.600 1.477
P96635 3.702 3.493 -3.896 1.449
P96639 3.421 3.771 -3.892 0.550
P96641 3.560 3.636 -3.942 2.164
P96642 3.703 3.431 -3.614 1.539
P96645 3.742 3.841 -3.909 0.620
P96647 3.828 3.849 -3.876 2.195
P96648 3.780 3.560 -3.594 1.376
P96649 3.797 3.714 -3.522 1.010
P96650 4.048 4.037 -3.568 0.931
P96651 3.778 3.616 -3.518 2.126
P96652 3.838 3.836 -3.995 1.314
P96653 3.810 3.818 -3.665 0.856
P96654 3.707 3.752 -3.769 1.049
P96655 3.984 3.778 -3.654 1.411
P96656 3.681 3.692 -3.458 1.091
P96657 3.672 3.634 -3.983 0.772
P96658 3.852 3.815 -3.216 1.597
P96659 4.045 3.854 -3.531 1.343
P96660 4.068 3.810 -4.040 1.829
P96661 3.770 3.850 -3.619 1.748
P96662 3.758 3.833 -3.757 1.740
P96663 3.693 3.758 -3.587 1.558
P96664 3.959 3.755 -3.410 1.594
P96665 4.056 3.955 -3.274 2.545
P96666 3.813 3.560 -3.333 1.717
P96667 3.814 3.933 -3.497 1.348
P96668 3.716 3.676 -3.852 0.901
P96669 3.834 3.733 -3.648 0.989
P96670 3.817 3.745 -3.588 0.697
P96671 3.957 3.599 -3.569 1.168
P96672 3.757 3.708 -3.133 2.900
P96673 3.617 3.711 -3.127 0.643
P96674 3.639 3.543 -3.604 1.005
P96675 3.896 3.677 -3.389 1.780
P96676 4.025 3.716 -3.340 1.340
P96677 3.965 3.744 -3.849 1.777
P96678 3.806 3.929 -4.270 1.816
P96679 4.053 3.814 -4.220 1.905
P96680 3.522 3.505 -4.111 1.555
P96681 3.670 3.856 -4.301 2.196
P96682 3.961 3.910 -3.952 0.714
P96683 3.842 3.819 -4.346 0.862
P96684 3.783 3.838 -4.110 0.840
P96685 3.942 3.939 -2.928 1.516
P96686 3.796 3.771 -3.360 1.544
P96687 3.634 3.892 -3.507 0.637
P96688 3.922 3.597 -3.722 1.735
P96689 3.682 3.779 -3.752 0.921
P96690 4.065 3.706 -3.631 2.672
P96691 4.125 3.882 -4.459 1.956
P96692 3.934 3.747 -4.015 1.619
P96693 4.052 4.107 -3.944 2.123
P96694 3.984 3.574 -3.760 1.951
P96696 3.882 3.803 -4.115 0.754
P96698 3.801 3.763 -4.115 0.836
P96700 4.033 3.732 -3.475 1.004
P96702 3.750 3.685 -3.418 1.638
P96703 3.634 3.933 -3.391 0.780
P96705 3.682 3.764 -3.740 0.667
P96707 3.909 3.793 -3.661 1.711
P96709 3.814 3.822 -3.944 1.294
P96710 4.092 4.024 -3.210 1.331
P96711 4.079 4.057 -2.354 1.617
P96714 3.820 3.615 -4.432 0.889
P96715 3.749 3.726 -3.826 0.706
P96716 3.946 3.754 -3.724 2.066
P96717 3.692 3.788 -3.699 1.041
P96718 4.112 3.981 -3.604 1.613
P96719 3.740 3.597 -3.279 1.569
P96720 3.719 3.965 -3.592 0.707
P96721 3.820 3.657 -3.974 0.958
P96722 3.747 3.739 -3.949 0.888
P96723 3.725 3.878 -3.561 1.147
P96724 3.735 3.705 -3.461 1.328
P96725 3.529 3.786 -3.678 1.068
P96726 3.602 3.627 -4.190 0.973
P96727 3.861 3.958 -3.632 1.699
P96728 4.121 3.924 -3.107 1.866
P96729 3.985 3.852 -3.869 1.399
P96730 3.943 3.685 -3.876 1.353
P96731 3.999 4.039 -3.350 0.654
P96732 3.884 3.584 -3.593 0.785
P96733 3.855 3.964 -3.717 0.631
P96734 3.757 3.666 -4.174 0.781
P96735 3.858 3.817 -4.069 0.783
P96736 3.806 3.836 -3.878 0.910
P96737 3.982 3.683 -3.669 1.235
P96738 3.728 3.632 -2.994 1.134
P96739 4.115 3.841 -3.992 1.496
P96740 3.562 3.769 -3.347 0.926
P96741 3.893 3.978 -3.861 0.547
P96743 3.883 3.760 -3.798 1.589
P96744 4.052 4.009 -3.614 1.438
P96747 3.658 3.754 -3.903 0.482
P96748 3.978 3.806 -3.654 1.475
P96750 4.280 3.794 -3.857 1.097
P96752 3.932 3.947 -3.834 1.784
P96754 3.686 3.874 -3.400 0.497
P96755 4.044 3.705 -3.476 2.292
P96756 3.713 3.808 -3.859 1.574
P96757 4.063 4.048 -3.254 0.671
P96758 3.751 3.563 -3.937 2.034
P96759 3.768 3.716 -4.258 1.455
P96760 3.722 3.733 -3.623 2.010
P96763 3.854 3.960 -3.939 1.249
P96764 4.023 3.625 -3.629 1.480
P96765 3.895 3.903 -3.268 1.407
P96766 3.968 3.884 -3.751 1.806
P96768 3.725 3.790 -3.712 0.787
P96770 4.074 3.993 -3.667 1.374
P96773 3.919 3.737 -3.806 1.526
P96774 3.729 3.748 -4.083 1.565
P96775 3.873 3.932 -4.083 1.348
P96778 3.808 3.681 -4.273 0.838
P96780 3.894 3.813 -4.102 0.772
P96781 4.010 3.647 -4.140 1.175
P96783 3.817 3.761 -3.941 1.122
P96784 3.676 3.705 -4.074 2.157
P96785 3.968 3.756 -3.286 1.287
P96786 3.993 3.650 -4.022 0.927
P96787 3.822 3.727 -3.882 1.100
P96789 3.682 3.733 -3.563 1.645
P96790 3.740 3.772 -3.380 0.706
P96791 3.861 3.772 -3.220 1.553
P96792 4.075 3.957 -3.514 1.697
P96793 3.842 3.764 -3.951 1.734
P96795 3.679 3.628 -4.176 1.506
P96797 4.008 3.759 -3.546 2.705
P96798 3.853 3.584 -3.581 1.079
P96799 3.837 3.703 -4.359 1.877
P96800 3.740 3.816 -3.703 0.810
P96801 3.802 3.669 -3.594 1.030
P96802 3.866 3.908 -3.615 0.776
P96803 3.802 3.757 -4.273 0.871
P96804 3.814 3.809 -4.134 0.926
P96805 3.783 3.823 -3.883 0.817
P96806 4.047 3.804 -3.546 1.305
P96807 3.737 3.657 -3.806 1.812
P96808 4.040 4.007 -3.472 0.956
P96809 3.915 3.712 -4.480 1.990
P96810 4.046 4.006 -2.978 1.436
P96811 4.131 3.758 -3.481 1.614
P96813 4.019 3.590 -3.449 1.435
P96815 3.747 3.689 -3.645 0.757
P96817 4.039 4.003 -3.151 0.839
P96818 3.801 3.690 -3.334 1.193
P96820 3.872 3.946 -3.696 0.745
P96822 3.725 3.672 -3.865 0.767
P96823 3.810 3.740 -3.914 0.824
P96825 3.748 3.672 -3.716 0.749
P96827 3.907 3.706 -3.457 0.820
P96828 3.811 3.743 -3.250 2.288
P96830 3.567 3.780 -3.205 0.574
P96832 3.557 3.582 -3.777 0.751
P96834 3.554 3.886 -3.447 0.740
P96835 3.933 3.722 -3.674 1.516
P96837 3.786 3.913 -3.617 1.559
P96839 3.929 3.763 -2.760 2.180
P96840 3.737 3.782 -4.035 1.906
P96843 3.834 3.742 -4.155 1.913
P96845 3.675 3.752 -4.282 1.747
P96846 3.918 3.798 -4.195 2.227
P96848 3.780 3.756 -3.734 0.784
P96850 3.879 3.809 -3.869 0.746
P96851 3.762 3.777 -3.820 0.794
P96852 4.041 3.802 -3.554 2.673
P96853 3.852 3.739 -3.314 2.964
P96856 3.589 3.849 -3.343 0.714
P96858 3.657 3.561 -3.636 0.710
P96860 4.000 4.038 -3.133 1.596
P96862 4.050 3.846 -3.656 1.621
P96863 4.148 3.960 -3.885 1.868
P96864 3.823 3.897 -4.358 1.919
P96866 3.450 3.763 -3.620 0.684
P96867 4.150 3.786 -4.212 1.825
P96868 3.733 3.786 -3.963 0.529
P96869 4.137 3.769 -3.704 1.983
P96872 3.787 3.735 -3.599 0.683
P96874 4.028 4.009 -3.243 0.790
P96876 3.694 3.671 -3.737 1.116
P96878 3.902 3.959 -3.639 0.649
P96879 3.819 3.777 -3.861 0.857
P96881 3.868 3.469 -3.755 2.305
P96883 3.794 3.927 -4.388 1.240
P96884 3.699 3.822 -3.850 0.931
P96885 3.898 3.752 -3.664 1.360
P96886 3.808 3.774 -3.286 2.091
P96887 3.539 3.807 -3.696 0.939
P96888 3.622 3.605 -4.380 1.456
P96889 3.798 3.806 -4.051 1.199
P96890 4.131 3.923 -3.701 2.017
P96891 3.713 3.821 -3.948 0.537
P96894 3.762 3.846 -3.962 1.918
P96896 3.766 3.803 -3.837 0.883
P96901 3.768 3.776 -3.760 2.053
P96903 4.041 3.902 -4.100 1.516
P96904 3.845 3.626 -4.399 0.874
P96905 3.901 3.847 -3.994 0.826
P96906 3.825 3.724 -3.767 1.254
P96907 3.794 3.921 -3.673 1.577
P96909 3.684 3.892 -3.868 1.893
P96912 3.717 3.607 -3.803 2.058
P96914 3.652 3.584 -4.246 1.685
P96915 3.801 3.869 -3.614 2.027
P96916 3.676 3.802 -3.794 1.924
P96917 3.734 3.518 -4.217 1.929
P96918 3.714 3.592 -4.285 1.757
P96919 4.013 3.687 -3.753 1.773
P96920 3.805 3.813 -3.978 0.886
P96921 3.947 3.970 -3.617 1.395
P96922 3.711 4.247 -5.866 5.246
P96925 3.876 3.858 -4.114 1.244
P96926 3.681 3.956 -3.781 2.755
P96927 3.994 3.822 -3.670 1.616
P96928 3.946 3.695 -3.756 1.986
P96929 3.779 3.785 -3.609 1.092
P96930 4.043 3.976 -3.278 0.969
P96931 3.883 3.693 -3.460 2.427
P96932 3.931 3.882 -3.653 0.996
P96933 3.757 3.700 -4.009 0.690
P96934 3.866 3.847 -3.940 1.172
P96935 3.732 3.762 -3.541 1.100
P96936 4.065 3.698 -3.481 1.659
P96937 3.776 3.735 -3.094 2.265
P96938 3.677 3.806 -3.405 0.615
P96939 3.593 3.645 -3.474 0.627
P96940 3.989 3.840 -3.271 1.333
P96941 3.869 3.812 -4.255 2.509
P96942 3.761 3.840 -4.291 1.722
P96943 3.713 3.891 -4.370 2.285
P96946 3.909 3.708 -4.195 1.815
P96948 3.742 3.719 -4.321 0.776
P96950 3.830 3.671 -3.719 2.647
P96951 3.730 3.842 -4.330 1.442
P96952 3.923 3.760 -4.373 1.741
P96954 3.776 3.856 -3.583 0.732
P96955 3.904 3.889 -3.522 1.906
P96956 3.679 3.818 -4.058 1.894
P96958 3.941 3.849 -3.371 0.689
P96961 3.772 3.811 -4.002 1.341
P96963 3.834 3.838 -3.774 2.337
P96964 3.901 3.667 -3.804 2.662
P96968 3.780 3.733 -4.221 1.429
P96972 3.806 3.831 -3.902 2.273
P96977 3.699 3.766 -4.198 2.028
P96982 3.775 3.811 -3.767 2.523
P96983 4.212 3.891 -3.859 1.764
P96984 3.727 3.721 -3.556 1.180
P96985 3.745 3.999 -3.192 1.839
P96986 3.783 3.684 -3.553 1.357
P96987 3.881 3.860 -3.650 0.688
P96988 3.690 3.626 -3.967 1.265
P96989 3.709 3.638 -3.906 0.854
P96990 3.535 3.627 -3.734 1.757
P96991 3.950 3.684 -3.655 1.570
P96992 3.721 3.754 -3.783 1.282
P96993 3.754 3.999 -3.533 1.115
P96994 3.724 3.530 -3.140 1.408
P96995 3.724 3.849 -3.900 0.961
P96996 3.681 3.612 -4.033 1.539
P96997 3.685 3.687 -4.050 0.920
P96998 3.761 3.789 -3.538 0.745
P96999 3.869 3.649 -3.469 1.834
P97000 3.838 3.723 -3.238 1.839
P97001 3.371 3.805 -3.642 1.499
P97002 3.707 3.679 -3.630 0.667
P97003 3.843 3.787 -3.279 1.744
P97004 3.748 3.594 -2.868 1.451
P97005 3.386 3.710 -3.505 1.204
P97006 3.897 3.878 -3.363 2.208
P97007 3.722 3.630 -3.804 1.607
P97008 3.394 3.864 -3.317 1.474
P97009 3.541 3.608 -4.007 0.886
P97010 3.857 3.837 -3.543 2.256
P97011 3.998 3.765 -3.313 1.993
P97012 4.062 3.936 -3.956 1.861
P97013 3.768 3.934 -4.115 2.234
P97015 3.751 3.619 -3.839 1.437
P97017 3.767 3.831 -3.337 1.051
P97018 3.737 3.755 -3.876 0.913
P97019 3.626 3.638 -3.947 2.180
P97020 3.794 3.814 -3.965 0.922
P97021 3.892 3.891 -3.458 0.822
P97022 3.538 3.592 -3.690 1.318
P97023 3.866 3.884 -3.586 1.465
P97024 4.071 3.739 -3.518 1.138
P97025 3.900 3.719 -3.840 1.820
P97027 3.891 3.669 -3.774 1.562
P97029 3.713 3.835 -3.609 0.871
P97030 4.121 3.723 -2.717 1.383
P97031 3.761 3.842 -3.816 0.789
P97032 4.100 4.081 -3.156 0.738
P97033 3.776 3.671 -3.760 1.371
P97034 3.746 3.803 -3.774 0.948
P97035 4.072 3.948 -3.164 1.080
P97036 3.957 3.762 -3.564 1.240
P97038 3.791 3.661 -2.497 1.132
P97040 3.625 3.727 -3.479 0.840
P97042 3.937 3.990 -3.059 0.705
P97043 3.714 3.497 -3.731 1.195
P97045 3.680 3.786 -3.804 0.872
P97047 3.650 3.618 -4.041 0.685
P97049 3.710 3.583 -4.036 0.586
P97051 3.720 3.560 -3.798 0.599
P97053 3.799 3.602 -3.232 1.110
P97054 3.663 3.614 -3.088 1.860
P97056 3.455 3.597 -3.517 0.642
P97058 3.533 3.361 -3.986 0.821
P97060 3.847 3.744 -3.324 1.097
P97062 4.071 3.652 -3.334 1.759
P97064 3.824 3.708 -4.308 1.602
P97066 3.886 3.808 -3.004 1.829
P97069 3.665 3.762 -4.252 1.593
P97070 3.942 3.702 -3.905 2.205
P97071 3.635 3.786 -4.046 2.193
P97072 3.788 3.643 -3.972 1.759
P97074 3.768 3.836 -4.084 0.667
P97076 3.937 3.755 -4.244 2.134
P97077 3.718 3.870 -4.067 2.218
P97078 3.858 3.656 -3.643 1.625
P97079 3.701 3.751 -3.290 1.490
P97082 3.733 3.842 -3.835 1.050
P97085 3.838 3.698 -2.610 1.679
P97086 4.064 3.640 -3.698 1.799
P97087 3.716 3.789 -3.739 0.703
P97088 3.992 4.067 -3.278 0.592
P97089 3.826 3.596 -3.889 1.591
P97090 3.825 3.894 -3.795 0.580
P97091 3.743 3.595 -4.270 0.617
P97092 3.815 3.771 -4.069 0.664
P97093 3.852 3.663 -3.580 1.219
P97094 3.942 3.746 -3.889 1.779
P97095 3.856 3.625 -3.277 1.493
P97096 3.568 3.825 -3.401 0.939
P97097 3.622 3.561 -3.968 0.947
P97098 3.834 3.900 -3.389 1.819
P97099 3.762 3.936 -3.581 1.486
P97103 3.527 3.635 -3.785 0.595
P97104 3.924 4.012 -3.579 0.516
P97105 4.299 3.955 -3.417 1.077
P97106 3.633 3.795 -3.466 0.826
P97107 3.808 3.796 -3.542 0.732
P97108 3.802 3.640 -3.514 0.926
P97109 4.016 4.036 -3.345 1.895
P97110 3.968 4.003 -3.352 0.854
P97111 4.291 3.938 -3.092 1.304
P97112 3.874 3.630 -3.655 1.194
P97113 4.044 3.679 -3.639 1.106
P97114 4.124 3.832 -3.644 1.446
P97116 3.788 3.778 -3.754 0.562
P97117 4.448 3.805 -3.829 1.552
P97118 4.191 3.775 -3.552 0.898
P97120 3.559 3.729 -3.618 0.871
P97121 4.210 4.009 -3.624 2.575
P97122 4.174 4.114 -4.235 0.675
P97123 4.160 3.864 -3.166 1.388
P97124 4.025 3.758 -3.805 1.371
P97126 3.756 3.775 -3.538 0.984
P97128 3.791 3.671 -3.696 1.611
P97130 4.152 4.143 -3.584 1.615
P97131 3.736 3.833 -3.703 0.987
P97134 4.123 3.839 -3.623 1.659
P97136 4.383 4.012 -3.358 1.165
P97138 3.901 3.700 -3.640 1.093
P97139 3.982 3.661 -3.474 1.189
P97142 4.170 3.725 -3.522 2.090
P97143 3.763 3.906 -3.401 1.232
P97147 3.967 3.789 -3.245 1.503
P97149 3.815 3.868 -3.731 1.269
P97150 3.742 3.736 -3.054 1.858
P97153 4.117 3.989 -3.726 0.576
P97155 4.173 4.090 -3.065 1.473
P97156 4.022 4.002 -3.427 2.069
P97158 3.788 3.656 -3.570 1.005
P97160 3.911 3.880 -3.135 0.712
P97162 4.109 3.626 -3.320 1.423
P97163 3.738 3.661 -3.467 1.038
P97164 3.683 3.858 -3.730 0.664
P97165 3.609 3.865 -3.385 1.185
P97166 3.961 3.570 -3.566 1.421
P97167 4.482 3.932 -3.691 1.357
P97170 3.871 4.001 -3.831 0.712
P97171 3.569 3.696 -3.734 0.584
P97172 4.191 4.069 -4.264 0.628
P97174 3.778 3.768 -3.726 1.047
P97176 4.173 3.893 -2.758 1.433
P97178 4.084 3.487 -3.466 1.141
P97179 4.013 3.905 -3.179 1.086
P97181 4.022 3.724 -3.197 2.713
P97182 3.897 3.696 -3.247 1.116
P97184 3.509 3.576 -4.150 1.022
P97186 3.474 3.800 -3.535 1.275
P97189 3.791 3.721 -3.405 2.412
P97190 3.691 3.694 -3.705 0.560
P97192 3.752 3.777 -3.784 0.607
P97195 3.758 3.750 -4.186 0.939
P97196 3.745 3.909 -3.600 0.493
P97198 3.782 3.634 -3.327 1.134
P97200 3.918 3.963 -3.193 0.728
P97202 3.737 3.758 -3.583 1.075
P97204 4.136 3.691 -3.593 1.695
P97205 3.868 3.810 -3.740 1.376
P97207 4.215 4.159 -2.674 1.866
P97211 4.252 3.905 -3.322 1.025
P97216 4.076 4.147 -3.559 0.798
P97217 3.536 3.664 -3.489 0.848
P97222 4.009 3.599 -3.504 1.369
P97229 3.976 3.901 -3.908 1.793
P97234 3.658 3.840 -3.591 1.032
P97236 3.733 3.931 -3.734 0.716
P97241 3.692 3.960 -3.186 0.860
P97243 4.067 3.461 -3.385 1.515
P97248 4.011 3.717 -3.754 1.738
P97250 4.022 3.649 -3.760 1.120
P97252 3.999 3.776 -3.684 1.043
P97254 4.185 4.161 -4.148 0.837
P97260 4.131 3.689 -3.514 1.908
P97262 3.655 3.874 -3.663 0.795
P97267 4.471 3.941 -3.544 1.174
P97272 3.957 4.017 -3.790 0.657
P97274 3.746 3.844 -3.158 2.360
P97278 4.262 3.996 -2.924 1.206
P97283 3.755 3.797 -3.376 0.976
P97284 3.742 3.671 -3.683 1.613
P97291 4.126 4.097 -3.272 2.039
P97292 3.753 3.956 -4.035 1.008
P97296 4.003 3.744 -3.544 1.550
P97300 4.157 3.886 -2.817 1.488
P97303 3.984 3.643 -3.626 0.984
P97308 3.966 3.658 -3.400 1.242
P97311 4.133 3.830 -3.418 1.313
P97320 3.841 3.776 -3.860 1.034
P97322 3.824 3.727 -3.281 2.218
P97324 3.944 3.951 -3.836 0.506
P97325 3.686 3.739 -3.424 1.672
P97329 4.025 3.618 -3.770 2.079
P97330 4.032 3.898 -3.557 1.631
P97332 3.712 3.737 -3.670 0.797
P97334 3.708 3.793 -3.993 1.332
P97336 3.759 3.936 -3.360 0.480
P97338 4.003 3.469 -3.770 1.070
P97340 4.004 3.797 -3.907 1.501
P97342 4.084 3.830 -3.697 1.295
P97343 4.207 4.118 -4.192 0.705
P97345 4.058 3.747 -3.728 0.967
P97347 3.988 4.020 -3.551 0.913
P97350 3.889 4.112 -3.226 2.213
P97351 4.232 3.826 -4.018 7.430
P97354 3.798 3.761 -3.490 0.590
P97356 3.809 3.618 -3.636 0.898
P97358 4.164 4.043 -3.333 1.514
P97360 3.699 3.837 -3.514 0.958
P97362 3.937 3.690 -3.664 1.460
P97363 4.321 3.737 -3.594 2.494
P97366 3.550 3.692 -3.800 1.036
P97367 3.931 3.634 -3.772 1.178
P97369 4.254 3.813 -3.528 1.024
P97370 3.886 3.944 -3.242 0.838
P97371 3.853 3.981 -3.142 1.661
P97372 4.183 4.126 -4.219 1.050
P97373 3.745 3.801 -3.513 1.351
P97374 3.756 3.802 -3.573 1.722
P97375 4.123 3.604 -3.728 1.322
P97376 3.646 3.628 -3.664 1.059
P97377 3.973 3.990 -3.591 0.791
P97378 4.131 4.245 -2.210 2.089
P97379 4.002 3.634 -3.535 1.373
P97380 3.861 3.762 -3.406 0.871
P97381 3.778 3.686 -3.598 1.440
P97382 4.157 4.096 -3.056 1.584
P97383 3.764 3.882 -3.523 1.185
P97384 4.193 4.061 -2.677 0.821
P97385 4.074 3.560 -3.696 1.761
P97386 3.936 3.743 -3.565 1.039
P97387 4.184 3.835 -3.614 1.373
P97388 3.827 3.899 -3.626 1.155
P97389 4.155 4.010 -3.615 0.753
P97390 4.136 3.809 -3.661 1.272
P97391 3.693 3.722 -3.205 1.440
P97392 3.628 3.908 -3.343 0.798
P97395 3.828 3.605 -3.634 1.838
P97396 3.773 3.769 -3.845 0.485
P97398 3.958 3.695 -3.509 1.561
P97399 4.262 3.983 -2.965 1.410
P97400 4.018 3.680 -3.546 1.082
P97401 3.967 3.728 -3.384 1.511
P97403 3.998 3.774 -3.572 1.081
P97404 3.765 3.860 -3.734 0.856
P97405 4.067 4.044 -3.760 0.724
P97406 4.285 4.006 -3.698 1.322
P97407 4.204 3.805 -3.508 2.050
P97409 4.161 3.818 -3.439 1.654
P97412 3.683 3.907 -3.580 0.793
P97413 3.922 3.782 -3.563 2.796
P97416 4.285 3.812 -2.981 1.088
P97418 3.647 3.831 -3.442 1.600
P97420 4.067 3.737 -3.638 1.751
P97424 4.021 3.841 -3.867 1.487
P97425 3.720 3.858 -3.931 0.979
P97428 3.680 3.961 -3.711 0.695
P97430 3.743 3.928 -3.347 0.613
P97432 4.011 3.544 -3.935 1.451
P97433 4.026 3.824 -3.389 2.390
P97435 3.810 3.777 -4.055 0.907
P97437 4.248 4.013 -4.373 1.010
P97438 4.133 3.640 -3.757 1.807
P97440 3.567 3.717 -3.808 0.665
P97442 3.915 3.610 -3.780 1.174
P97444 4.093 3.876 -3.753 1.346
P97448 4.132 4.155 -3.185 0.886
P97449 4.100 3.987 -3.854 0.571
P97452 4.243 3.781 -3.882 1.170
P97453 4.166 3.775 -3.498 2.234
P97455 4.207 3.848 -3.358 1.023
P97456 4.212 3.817 -3.777 1.082
P97458 4.045 3.986 -3.773 0.639
P97460 3.823 3.900 -3.623 0.768
P97462 3.686 3.691 -3.516 1.213
P97463 3.951 3.726 -2.909 1.215
P97464 4.069 3.930 -3.115 1.711
P97465 3.773 3.741 -3.525 0.954
P97466 3.696 3.877 -3.819 1.036
P97467 3.668 3.876 -3.420 0.801
P97468 3.987 3.575 -3.504 1.418
P97469 4.058 3.952 -2.673 1.959
P97470 3.917 3.788 -3.469 2.032
P97471 4.188 4.139 -3.947 0.822
P97472 4.136 3.777 -3.676 1.525
P97473 3.557 3.633 -3.596 0.631
P97474 3.916 3.935 -3.757 1.017
P97475 3.776 3.754 -2.722 1.371
P97476 4.348 4.129 -3.256 1.048
P97477 3.515 3.795 -3.559 0.957
P97478 3.677 3.912 -3.635 1.155
P97479 3.646 3.806 -3.814 0.672
P97481 4.026 3.791 -3.687 1.101
P97483 3.889 3.956 -3.241 1.268
P97485 3.563 3.595 -3.847 0.650
P97487 3.574 3.691 -3.265 0.545
P97489 4.063 3.936 -3.882 1.907
P97491 3.934 3.719 -3.578 1.865
P97492 4.121 4.117 -3.078 0.678
P97495 3.774 3.663 -3.505 1.198
P97497 3.773 3.892 -3.802 0.538
P97499 3.781 3.690 -3.986 0.727
P97500 3.829 3.834 -3.736 1.135
P97502 3.775 3.749 -3.812 0.757
P97503 3.674 3.774 -3.730 0.840
P97505 3.731 3.731 -3.680 0.595
P97506 3.764 3.650 -3.279 1.939
P97509 3.703 3.783 -3.474 1.657
P97511 4.073 3.853 -3.895 1.717
P97515 4.105 3.650 -3.416 1.104
P97516 3.820 3.700 -3.609 1.171
P97517 3.828 3.978 -4.122 1.176
P97518 4.092 3.780 -3.613 1.421
P97519 3.705 3.868 -4.057 0.978
P97520 4.071 3.991 -3.391 1.312
P97521 3.856 3.710 -4.282 1.571
P97522 4.169 3.957 -3.740 2.229
P97523 3.806 3.836 -4.004 0.912
P97524 4.084 4.112 -4.205 2.345
P97525 3.880 3.687 -3.809 1.020
P97526 3.990 4.058 -3.692 0.985
P97527 3.880 3.750 -4.428 1.131
P97528 3.895 3.841 -4.225 1.258
P97529 3.913 3.931 -4.059 1.010
P97530 4.277 3.992 -3.586 1.615
P97531 3.905 3.820 -3.259 1.568
P97532 3.692 3.916 -3.615 1.240
P97533 3.650 3.681 -3.995 1.008
P97534 4.012 3.934 -3.780 1.824
P97535 3.744 3.931 -3.397 1.316
P97536 3.762 3.833 -3.952 1.949
P97537 3.923 4.014 -3.166 1.182
P97538 3.943 3.854 -3.867 0.798
P97541 3.947 4.030 -3.595 0.503
P97543 3.981 3.788 -3.858 1.238
P97544 4.116 3.938 -3.588 1.135
P97546 3.832 3.904 -4.109 0.761
P97548 4.040 3.880 -4.159 0.942
P97550 3.979 3.887 -3.987 0.773
P97552 3.951 3.771 -3.786 0.998
P97553 3.950 3.892 -3.859 2.256
P97555 3.819 4.080 -3.075 0.582
P97557 4.229 3.900 -3.210 2.054
P97558 4.100 3.859 -3.491 1.659
P97560 4.012 3.553 -3.835 1.997
P97562 4.010 4.134 -3.309 0.626
P97563 3.690 3.943 -3.380 0.673
P97564 3.521 3.717 -4.079 1.466
P97565 4.202 3.962 -4.038 2.590
P97566 3.931 3.836 -3.457 0.821
P97567 4.001 3.821 -3.656 1.042
P97569 3.796 3.627 -3.868 1.302
P97570 3.798 3.894 -3.236 1.584
P97572 4.085 3.845 -4.331 1.982
P97574 3.751 3.762 -3.805 1.632
P97575 4.050 3.986 -2.271 1.701
P97577 3.910 3.786 -4.044 1.865
P97578 3.592 3.640 -4.055 0.723
P97581 3.530 3.896 -3.424 0.614
P97582 3.709 3.575 -3.475 1.902
P97584 3.996 3.718 -3.976 1.529
P97587 3.766 3.733 -4.057 1.657
P97589 3.799 3.741 -4.177 1.172
P97591 3.750 3.718 -4.275 0.721
P97593 3.835 3.934 -3.764 0.764
P97595 3.867 3.622 -3.756 1.375
P97596 3.911 3.951 -3.043 1.948
P97597 3.941 3.865 -3.644 1.031
P97598 3.853 3.910 -3.731 1.775
P97599 3.910 3.734 -3.821 0.740
P97600 3.921 3.568 -4.039 1.789
P97601 3.687 3.785 -3.629 1.084
P97602 3.621 3.873 -3.520 0.623
P97603 3.730 3.592 -3.604 1.775
P97604 3.865 3.745 -3.556 2.069
P97605 3.940 3.800 -3.882 2.149
P97606 3.826 3.698 -4.387 1.349
P97607 3.784 3.664 -4.343 0.959
P97608 3.887 3.929 -4.004 1.555
P97609 3.893 3.598 -3.940 1.577
P97610 4.064 3.816 -3.864 2.027
P97611 3.775 3.752 -3.936 1.203
P97612 4.042 3.583 -3.858 1.545
P97613 3.792 3.817 -4.151 1.338
P97614 4.091 3.892 -3.281 1.593
P97615 3.773 3.937 -3.837 1.856
P97616 3.902 4.005 -3.901 0.709
P97617 4.408 3.919 -3.957 1.743
P97618 4.441 3.974 -3.656 1.302
P97619 3.776 3.764 -3.932 1.381
P97620 3.798 3.863 -3.860 1.233
P97621 4.024 4.047 -2.549 0.133
P97622 3.845 3.617 -3.632 2.073
P97623 3.943 3.893 -3.806 0.778
P97624 3.811 3.667 -3.995 1.486
P97625 4.237 3.672 -3.288 2.828
P97626 3.848 3.737 -3.503 1.129
P97627 3.910 4.186 -3.292 0.713
P97628 3.995 3.654 -3.464 1.360
P97629 3.999 3.874 -3.723 0.624
P97630 3.830 3.708 -4.090 1.324
P97631 3.835 3.796 -3.806 1.741
P97632 3.772 3.862 -3.499 1.831
P97633 4.066 4.025 -2.943 2.024
P97634 3.375 3.916 -3.346 0.723
P97635 3.648 3.608 -3.650 0.770
P97637 3.776 3.679 -3.983 0.774
P97638 4.172 4.029 -2.594 1.439
P97639 4.106 4.018 -4.029 1.890
P97640 4.294 4.039 -3.235 2.099
P97642 4.156 4.023 -3.381 1.165
P97644 3.942 4.017 -2.869 1.361
P97645 3.644 3.888 -3.744 1.440
P97646 3.555 3.606 -4.066 1.332
P97647 4.027 3.950 -3.437 1.672
P97648 4.231 4.157 -2.813 1.218
P97649 4.130 4.086 -3.252 2.731
P97651 3.952 3.877 -3.525 0.725
P97652 3.892 3.842 -2.984 1.677
P97654 3.487 3.839 -3.198 0.762
P97658 3.827 3.819 -3.180 1.968
P97663 3.792 3.625 -3.875 1.165
P97665 3.747 3.735 -3.523 0.732
P97671 3.765 3.777 -4.108 0.569
P97675 3.675 3.643 -4.342 0.772
P97677 3.825 3.872 -3.904 1.076
P97681 3.800 3.705 -3.373 1.701
P97685 3.862 4.051 -3.416 1.032
P97688 3.664 3.679 -3.737 1.440
P97695 3.819 3.441 -3.650 0.927
P97696 3.900 3.905 -3.538 1.425
P97698 4.006 3.923 -3.670 1.302
P97699 4.111 3.938 -2.877 1.685
P97700 3.965 3.989 -4.016 0.512
P97702 4.029 3.828 -3.650 0.996
P97705 4.187 3.930 -3.955 1.586
P97706 3.868 3.811 -3.918 0.655
P97708 4.145 3.788 -4.108 1.734
P97710 3.874 3.865 -4.416 0.549
P97712 3.896 3.647 -4.092 1.916
P97713 3.951 3.936 -3.904 0.900
P97714 3.791 3.796 -4.304 0.634
P97715 3.865 3.829 -4.115 0.838
P97716 3.829 3.923 -4.256 1.064
P97717 4.046 3.910 -3.912 1.655
P97718 3.821 3.658 -3.535 1.725
P97719 3.562 3.914 -3.486 0.799
P97720 3.744 3.664 -3.372 0.943
P97721 3.979 3.831 -4.324 0.607
P97724 4.060 3.797 -3.678 0.979
P97725 4.204 3.913 -4.033 1.413
P97726 3.910 3.874 -3.087 1.490
P97728 3.737 3.765 -3.417 1.191
P97731 3.925 3.792 -4.038 0.530
P97732 4.007 3.684 -3.621 1.771
P97733 4.002 3.944 -3.338 1.629
P97734 3.860 3.892 -3.557 1.518
P97736 4.187 4.125 -3.284 1.784
P97738 4.243 4.241 -2.507 4.535
P97740 4.082 3.951 -3.942 1.899
P97741 3.749 3.968 -3.542 0.985
P97743 3.723 3.855 -3.553 0.658
P97745 3.888 3.731 -3.356 1.151
P97746 3.779 3.897 -3.853 1.663
P97747 4.104 3.897 -3.809 1.201
P97748 3.980 3.942 -3.598 1.342
P97749 4.100 3.881 -4.233 2.678
P97750 4.107 3.896 -3.610 1.925
P97751 3.793 3.745 -3.679 0.955
P97753 4.141 3.746 -3.390 0.951
P97757 4.249 4.064 -4.133 1.914
P97758 4.177 3.862 -3.548 2.471
P97761 4.060 3.817 -3.682 0.997
P97764 4.210 3.989 -3.528 1.659
P97769 3.737 3.821 -3.938 0.520
P97773 3.849 3.723 -3.344 1.036
P97776 4.113 3.885 -3.267 0.999
P97780 3.823 3.794 -3.933 0.749
P97785 3.853 3.873 -4.373 0.919
P97789 3.909 3.782 -4.215 0.669
P97792 3.986 4.076 -3.870 0.742
P97793 3.909 3.703 -4.365 1.370
P97800 4.171 4.191 -3.728 0.836
P97802 3.887 3.906 -3.883 0.905
P97808 3.722 3.892 -3.856 1.771
P97809 3.738 3.732 -3.843 1.003
P97811 4.021 4.044 -3.396 1.654
P97812 3.938 3.781 -3.445 0.747
P97814 4.099 3.730 -3.194 0.929
P97816 3.990 3.674 -3.474 1.096
P97818 4.090 4.208 -2.967 0.762
P97819 4.050 3.697 -3.430 1.181
P97821 4.040 3.891 -3.649 0.970
P97823 3.958 3.683 -3.989 1.042
P97825 4.033 3.821 -3.708 1.040
P97828 3.961 3.786 -3.533 1.470
P97829 4.098 3.850 -3.402 1.088
P97831 3.949 3.762 -3.249 1.714
P97833 3.906 3.772 -3.566 1.177
P97836 3.824 3.793 -3.567 0.693
P97837 3.716 3.629 -3.848 0.804
P97838 4.100 3.898 -3.135 1.568
P97839 4.143 3.864 -3.922 1.765
P97840 3.794 3.706 -3.996 1.982
P97841 4.030 3.956 -3.305 1.507
P97842 3.752 3.800 -4.196 1.199
P97843 3.954 3.841 -4.025 1.270
P97844 3.861 3.862 -3.928 1.756
P97845 4.027 3.843 -3.633 1.201
P97846 3.984 3.970 -3.521 2.244
P97847 3.824 3.891 -3.499 1.439
P97848 3.834 3.860 -3.993 1.335
P97849 3.652 3.688 -4.281 1.707
P97850 4.073 3.835 -3.653 1.391
P97852 4.146 4.099 -3.715 1.554
P97854 3.965 3.828 -3.599 1.601
P97855 4.595 4.149 -3.507 1.651
P97858 3.521 3.607 -3.814 0.704
P97859 4.182 3.781 -3.360 1.341
P97860 4.160 4.038 -3.964 2.330
P97862 4.175 3.916 -3.658 1.723
P97864 4.120 3.850 -3.668 0.986
P97865 4.025 3.826 -3.506 1.131
P97867 3.629 3.709 -3.950 0.807
P97869 3.877 3.734 -3.342 1.256
P97871 3.931 3.824 -3.591 1.135
P97873 3.832 3.887 -3.790 0.637
P97875 3.940 3.826 -4.080 0.731
P97878 3.885 3.847 -3.746 1.151
P97880 4.033 4.164 -3.587 0.858
P97881 3.920 3.760 -3.778 1.233
P97883 4.066 4.229 -3.146 0.610
P97886 3.883 3.949 -3.610 0.865
P97887 3.829 3.935 -3.390 0.940
P97889 4.050 3.746 -3.534 1.000
P97890 4.032 3.799 -3.808 1.377
P97891 4.027 3.874 -3.515 1.520
P97892 4.043 3.766 -3.483 2.612
P97893 4.111 4.159 -3.640 0.690
P97894 3.925 3.705 -3.488 1.229
P97895 3.907 4.009 -3.955 0.767
P97896 3.897 3.820 -4.315 0.669
P97897 3.897 3.871 -4.025 0.752
P97898 3.854 3.914 -4.012 0.930
P97899 4.032 3.752 -3.762 1.382
P97900 3.844 3.894 -3.462 2.597
P97901 3.680 3.921 -3.630 0.842
P97902 4.179 4.045 -3.166 1.389
P97903 4.124 3.833 -3.453 1.603
P97907 3.606 3.684 -4.018 0.711
P97908 4.564 4.099 -3.661 1.288
P97909 3.928 3.726 -3.206 1.686
P97910 3.547 3.720 -4.051 1.420
P97911 3.887 3.843 -3.756 1.980
P97912 4.033 3.885 -3.884 1.432
P97913 3.770 3.897 -3.933 0.903
P97914 3.881 3.843 -4.530 2.124
P97915 3.834 3.711 -4.434 1.614
P97916 3.961 3.960 -3.868 0.702
P97917 3.895 3.718 -4.002 1.738
P97918 4.043 3.934 -3.112 1.387
P97919 3.780 3.843 -3.932 1.750
P97920 3.805 3.924 -3.599 0.725
P97921 4.055 3.965 -3.368 1.547
P97922 4.035 3.909 -3.158 2.069
P97923 4.540 3.834 -3.547 1.585
P97925 3.995 3.601 -3.755 1.238
P97926 3.815 3.859 -3.578 0.705
P97929 4.011 4.023 -3.556 0.615
P97930 3.983 3.821 -3.059 1.637
P97933 3.931 3.995 -3.874 0.618
P97934 3.903 3.681 -3.822 1.727
P97937 4.095 3.741 -3.873 2.077
P97938 3.772 3.788 -3.127 1.570
P97943 4.116 3.871 -3.147 0.640
P97944 4.078 3.716 -3.903 0.870
P97948 4.306 3.844 -4.113 2.099
P97950 4.003 3.806 -3.320 2.213
P97952 4.174 4.124 -3.586 0.737
P97954 3.712 3.836 -3.343 0.799
P97955 3.880 4.003 -4.230 0.999
P97958 4.265 3.949 -3.797 1.727
P97960 3.927 3.760 -3.817 1.344
P97961 4.201 3.812 -3.523 1.258
P97963 3.969 3.699 -3.552 0.844
P97965 4.206 4.181 -3.419 2.248
P97967 3.846 3.883 -3.489 0.749
P97968 4.256 3.757 -4.258 2.800
P97970 4.352 4.049 -3.163 1.270
P97972 4.189 3.726 -3.553 1.215
P97974 4.071 3.838 -3.805 1.456
P97978 3.829 3.854 -3.839 0.443
P97980 4.252 4.187 -3.633 0.596
P97981 4.655 4.290 -3.179 6.451
P97983 4.297 3.901 -3.848 1.053
P97985 3.918 3.793 -3.908 1.163
P97987 3.908 3.776 -3.087 1.152
P97988 3.832 3.952 -3.834 0.866
P97990 3.894 3.781 -3.807 0.881
P97992 3.773 3.825 -3.657 0.865
P97993 3.954 3.781 -3.666 0.916
P97994 4.314 4.194 -3.390 1.435
P97995 3.817 3.910 -3.704 0.891
P97996 4.005 3.781 -3.601 1.525
P97997 4.476 4.026 -3.614 2.518
P97998 3.966 3.766 -3.787 1.172
P97999 4.493 3.980 -3.563 1.659
P98000 4.012 3.799 -3.449 2.186
P98001 3.870 3.969 -3.858 1.034
P98002 4.225 4.189 -3.882 0.899
P98003 4.332 3.955 -3.422 2.062
P98004 4.293 3.910 -2.851 0.955
P98006 3.833 3.802 -4.270 0.601
P98007 4.200 3.851 -3.657 1.501
P98009 3.808 3.929 -2.873 2.271
P98010 4.007 4.060 -3.778 0.931
P98012 3.986 3.731 -3.991 1.240
P98014 3.861 3.670 -3.688 1.502
P98016 4.074 3.970 -2.929 1.785
P98017 3.615 3.642 -3.847 0.810
P98021 4.191 3.838 -3.234 1.169
P98024 4.625 4.147 -3.863 1.251
P98025 3.971 3.947 -3.334 1.151
P98027 4.132 3.748 -3.891 1.830
P98028 4.094 4.200 -2.689 1.050
P98029 3.815 3.874 -3.792 0.687
P98030 3.787 4.013 -3.403 0.808
P98031 3.952 3.857 -4.034 1.801
P98032 4.246 3.897 -3.900 1.464
P98033 4.183 4.037 -3.814 1.855
P98034 4.292 4.254 -4.379 0.897
P98035 3.939 3.893 -3.961 1.978
P98036 3.654 3.676 -3.687 0.879
P98037 3.833 3.889 -3.791 0.774
P98039 3.944 3.848 -4.122 0.670
P98041 3.593 3.661 -3.847 0.461
P98043 4.149 4.057 -2.924 1.566
P98044 3.724 3.731 -3.963 0.619
P98046 3.787 3.695 -3.866 0.652
P98049 3.466 3.933 -3.208 0.995
P98050 4.067 3.489 -3.728 1.230
P98052 4.092 3.746 -3.621 1.153
P98053 3.947 3.915 -3.588 1.387
P98055 4.212 4.021 -4.326 0.541
P98059 4.008 3.636 -3.492 0.950
P98062 4.100 3.643 -3.468 1.866
P98064 3.920 3.868 -3.845 0.576
P98065 3.745 3.785 -3.720 1.851
P98066 4.399 3.931 -3.176 1.276
P98068 3.462 3.709 -3.673 0.759
P98069 3.864 3.657 -3.622 0.879
P98072 4.001 3.985 -3.152 1.543
P98074 3.648 3.596 -3.452 0.770
P98076 3.764 3.653 -3.658 0.695
P98077 3.622 3.577 -3.793 1.794
P98079 3.685 3.896 -3.946 1.628
P98080 3.684 3.709 -4.117 1.214
P98081 4.058 3.989 -3.812 1.441
P98082 4.268 4.286 -3.965 1.206
P98083 4.011 3.873 -3.491 2.144
P98084 3.582 3.968 -3.661 1.239
P98085 3.766 4.027 -3.912 1.314
P98086 3.785 3.881 -3.717 0.911
P98087 4.224 4.106 -3.222 2.354
P98089 4.108 3.770 -3.460 1.145
P98090 4.127 3.755 -3.336 1.462
P98091 4.133 3.581 -3.582 1.716
P98093 4.052 4.092 -3.669 0.704
P98094 3.957 3.596 -3.533 1.570
P98096 4.032 3.414 -3.837 1.135
P98098 4.094 3.743 -4.071 1.496
P98100 3.936 3.865 -3.380 1.526
P98102 3.746 3.967 -3.399 0.725
P98105 3.715 3.787 -3.823 0.844
P98106 4.098 3.830 -3.331 0.777
P98109 3.844 3.789 -3.459 1.206
P98110 3.937 3.889 -3.946 1.227
P98114 4.199 3.840 -3.567 1.793
P98117 3.804 3.765 -3.838 0.993
P98119 3.744 3.867 -3.854 0.489
P98121 3.802 4.048 -3.263 0.712
P98123 4.141 3.622 -3.810 1.153
P98124 4.163 4.144 -3.118 7.228
P98125 4.133 3.932 -3.682 0.997
P98128 4.405 4.150 -4.101 0.654
P98129 4.305 3.777 -3.654 1.604
P98131 4.209 4.175 -3.412 1.741
P98132 4.388 3.523 -3.205 1.075
P98134 3.850 3.908 -3.658 0.834
P98136 3.995 4.010 -3.790 0.699
P98139 3.930 3.504 -3.679 1.781
P98141 4.153 3.821 -3.591 1.567
P98144 3.792 3.780 -3.855 0.493
P98146 4.006 4.050 -3.503 0.679
P98148 4.441 3.765 -3.741 1.804
P98149 4.175 3.713 -3.718 1.016
P98152 3.891 3.813 -4.068 0.820
P98153 3.964 3.744 -3.059 1.202
P98156 3.913 3.893 -3.865 0.836
P98157 3.972 3.962 -3.408 1.688
P98159 3.901 3.802 -3.550 1.127
P98162 3.948 3.831 -3.641 0.609
P98164 3.903 3.874 -3.805 1.038
P98166 3.975 3.817 -3.296 1.135
P98167 3.914 3.533 -3.488 1.972
P98169 3.723 3.712 -3.728 0.702
P98170 3.961 3.825 -3.555 0.520
P98173 3.816 3.597 -3.600 1.353
P98174 3.861 3.899 -3.942 0.816
P98176 3.812 3.703 -4.172 0.802
P98178 3.812 3.699 -3.776 0.731
P98179 3.951 3.671 -3.488 1.183
P98181 3.681 3.633 -3.161 1.045
P98182 3.583 3.795 -3.299 0.646
P98184 3.613 3.534 -3.838 0.694
P98186 3.962 3.657 -3.274 0.935
P98188 4.085 3.705 -3.675 1.320
P98189 3.824 3.686 -4.082 0.713
P98192 3.833 3.835 -2.728 0.181
P98193 4.030 4.059 -3.667 1.083
P98194 3.938 3.938 -2.798 1.659
P98195 4.336 4.096 -3.334 1.756
P98196 3.992 3.789 -3.491 0.669
P98197 3.946 3.803 -3.471 1.150
P98198 4.283 4.168 -3.444 2.102
P98199 3.889 3.909 -3.533 1.059
P98200 4.478 4.149 -2.986 2.065
P98201 4.032 3.697 -3.898 1.003
P98202 4.010 3.820 -3.772 1.726
P98203 4.039 3.783 -3.535 0.805
P98205 3.899 3.876 -3.727 1.036
P98206 4.315 4.152 -3.576 0.761
P98207 4.481 3.974 -3.801 1.647
P98208 4.264 3.909 -3.534 1.337
P98209 3.781 3.731 -3.135 0.685
P98210 3.755 3.735 -3.531 0.943
P98212 3.780 3.999 -4.024 1.111
P98213 3.619 3.918 -3.560 0.980
P98214 4.016 3.722 -3.292 1.734
P98215 4.249 4.101 -3.688 1.224
P98216 4.004 3.855 -3.803 2.077
P98217 4.330 4.332 -4.382 1.210
P98218 4.066 3.758 -3.849 1.497
P98219 4.174 4.002 -4.151 1.378
P98220 4.050 4.069 -3.974 0.838
P98221 4.185 3.742 -3.594 1.779
P98225 4.419 4.043 -3.220 1.202
P98226 3.655 3.952 -3.786 1.347
P98227 3.841 3.894 -3.909 1.607
P98228 4.122 4.134 -3.662 2.206
P98229 3.802 3.969 -3.813 1.246
P98230 4.132 4.024 -3.911 1.683
P98231 4.128 3.857 -3.432 2.219
P98233 3.956 4.032 -3.556 1.012
P98234 3.999 4.111 -3.572 0.697
P98238 3.925 3.897 -3.147 1.430
P98242 4.102 3.825 -3.555 0.795
P98244 3.923 3.960 -3.295 1.622
P98249 3.475 3.578 -3.943 0.573
P98250 3.858 3.763 -3.631 1.319
P98251 3.743 4.031 -3.097 1.375
P98252 4.088 3.869 -3.180 1.036
P98253 4.292 4.207 -2.876 0.590
P98254 4.090 3.816 -3.587 1.259
P98256 3.942 3.800 -3.234 2.760
P98257 4.220 4.169 -2.986 1.140
P98258 4.113 3.998 -2.793 0.951
P98259 3.944 3.898 -4.015 1.104
P98260 3.987 3.801 -3.807 1.294
P98261 4.259 4.291 -4.080 0.958
P98262 4.039 3.861 -2.755 1.632
P98263 4.297 4.155 -4.151 0.659
P98266 4.231 3.806 -3.738 1.950
P98268 3.673 3.660 -3.700 0.774
P98270 4.026 4.027 -3.663 0.720
P98272 3.907 3.838 -3.132 2.323
P98274 3.895 3.875 -3.253 0.739
P98276 4.024 3.822 -3.516 7.436
P98277 3.925 3.718 -3.575 0.799
P98279 4.271 4.153 -3.235 1.733
P98281 3.799 3.843 -3.552 0.706
P98282 4.094 3.887 -2.727 0.315
P98285 4.211 3.977 -3.192 1.219
P98286 4.108 3.641 -3.603 1.318
P98288 4.065 3.721 -3.346 0.923
P98290 4.235 4.053 -3.522 1.727
P98293 3.890 3.836 -3.587 1.323
P98295 3.728 3.840 -3.452 1.015
P98296 4.137 4.201 -3.729 0.601
P98298 3.860 4.011 -3.120 0.712
P98301 3.681 3.870 -3.534 0.704
P98303 3.598 3.736 -4.134 1.230
P98304 4.131 3.853 -3.698 2.460
P98305 4.190 3.927 -3.490 1.143
P98308 4.135 4.239 -3.780 1.915
P98310 3.944 3.689 -3.652 0.759
P98312 4.163 3.840 -3.630 1.253
P98313 3.835 3.979 -3.327 1.954
P98315 4.116 3.542 -3.500 1.113
P98318 4.090 3.804 -3.237 1.547
P98319 4.022 3.919 -3.185 2.208
P98321 3.911 3.836 -3.823 0.579
P98322 4.071 3.898 -3.860 2.529
P98323 3.797 3.873 -3.721 0.790
P98325 3.654 3.637 -3.438 2.025
P98327 4.144 3.625 -3.211 1.017
P98330 4.068 4.068 -2.977 1.217
P98331 3.777 3.799 -3.797 0.774
P98333 3.845 3.876 -3.643 0.975
P98335 4.301 3.987 -3.415 1.933
P98337 4.292 4.034 -3.939 3.164
P98338 4.259 4.063 -3.634 0.973
P98343 3.754 3.813 -4.189 0.717
P98344 3.891 3.912 -4.676 1.187
P98351 3.854 4.059 -3.508 1.419
P98352 4.185 4.022 -3.034 1.191
P98357 3.888 3.880 -3.467 2.331
P98362 3.864 3.872 -3.781 0.759
P98365 3.788 3.853 -3.617 1.212
P98369 3.975 4.000 -3.607 2.131
P98372 4.309 3.806 -3.981 2.021
P98373 3.956 4.080 -3.260 1.485
P98374 4.088 3.732 -2.799 1.097
P98376 4.044 4.153 -3.231 2.248
P98377 3.864 3.833 -3.498 1.229
P98378 3.841 3.795 -3.801 1.490
P98379 3.840 3.947 -3.397 0.934
P98380 3.861 3.858 -3.893 1.708
P98381 4.297 4.045 -2.838 1.200
P98385 4.011 3.978 -3.613 1.257
P98386 3.912 3.866 -3.614 0.946
P98387 3.934 3.860 -3.265 0.980
P98389 4.141 3.815 -4.002 1.881
P98394 3.823 3.917 -3.646 1.294
P98396 4.166 4.241 -3.362 0.471
P98401 3.993 4.022 -3.501 1.153
P98405 3.996 4.019 -4.020 0.717
P98411 3.885 3.879 -4.322 0.616
P98413 3.870 3.949 -4.124 1.312
P98419 3.911 4.041 -4.013 1.172
P98420 3.866 3.769 -3.810 2.358
P98424 3.748 4.032 -3.363 0.724
P98429 3.736 3.899 -3.919 0.512
P98434 4.048 3.917 -3.923 1.954
P98437 4.291 3.895 -3.759 1.824
P98443 4.206 3.990 -4.479 1.790
P98445 4.062 3.916 -3.657 1.013
P98450 4.297 4.058 -3.378 0.873
P98454 4.034 3.686 -3.929 1.945
P98458 3.807 3.900 -3.849 0.701
P98462 3.676 4.034 -3.388 0.563
P98465 4.008 3.917 -3.331 2.558
P98468 4.136 3.898 -3.995 2.074
P98474 3.901 3.965 -3.925 1.085
P98475 3.903 3.851 -4.032 1.000
P98480 3.879 3.949 -4.061 0.689
P98484 3.988 4.103 -3.878 0.588
P98487 4.004 3.803 -3.818 1.545
P98492 4.163 3.825 -3.934 2.173
P98496 3.860 3.944 -3.768 0.527
P98500 4.161 3.870 -4.128 2.142
P98503 4.139 4.137 -3.429 1.389
P98507 3.909 3.740 -3.162 1.188
P98508 3.684 3.726 -3.461 1.761
P98509 4.007 3.581 -3.737 1.364
P98510 3.885 3.715 -4.182 0.875
P98512 4.359 3.987 -3.398 1.017
P98513 3.924 3.992 -3.314 2.357
P98515 3.674 3.894 -3.486 0.669
P98516 3.867 3.829 -3.749 0.961
P98517 3.706 3.555 -4.290 0.771
P98518 3.727 3.646 -4.129 0.713
P98519 3.672 3.722 -3.884 1.202
P98520 4.008 3.639 -2.982 1.141
P98521 3.697 3.676 -3.429 2.656
P98522 3.600 3.617 -3.886 1.286
P98523 3.930 3.747 -3.639 1.553
P98524 3.772 3.551 -3.728 1.308
P98525 3.947 3.771 -4.180 1.418
P98527 4.155 4.191 -3.417 2.148
P98529 3.895 3.735 -3.738 1.253
P98531 4.172 4.185 -3.063 0.775
P98532 4.165 3.821 -3.472 2.058
P98534 4.119 3.843 -3.587 1.428
P98536 3.776 3.650 -3.857 0.751
P98537 3.749 3.909 -3.268 1.013
P98539 4.131 3.765 -3.029 2.085
P98540 3.908 3.937 -3.803 1.491
P98541 3.700 3.711 -3.834 1.272
P98542 3.950 3.742 -3.241 1.426
P98544 3.958 3.777 -3.640 1.144
P98545 3.833 3.855 -3.522 0.939
P98547 3.901 3.878 -3.831 0.814
P98549 3.865 3.747 -4.443 0.804
P98551 3.856 4.057 -3.473 0.481
P98554 3.898 3.852 -3.785 1.194
P98555 3.975 4.094 -3.703 1.051
P98557 3.830 3.792 -3.407 0.662
P98559 4.024 3.901 -3.531 1.742
P98561 3.884 3.837 -3.179 1.320
P98564 3.950 3.728 -3.555 1.111
P98565 4.017 3.858 -3.956 0.888
P98568 3.973 3.784 -3.952 0.969
P98570 4.020 4.021 -3.838 0.610
P98571 3.999 3.748 -3.544 1.303
P98573 4.145 4.108 -3.288 0.854
P98575 3.906 3.854 -3.672 0.774
P98578 4.144 3.920 -3.863 1.607
P98580 3.949 3.879 -3.858 1.485
P98581 3.750 3.669 -3.689 1.682
P98582 3.757 3.811 -3.799 1.337
P98583 3.732 3.704 -3.825 1.864
P98584 4.174 3.882 -3.662 1.578
P98587 3.929 3.915 -3.622 0.580
P98588 4.043 4.005 -3.216 0.661
P98591 3.784 3.836 -3.836 0.621
P98592 3.928 3.772 -3.605 1.172
P98594 3.939 3.788 -3.936 0.915
P98596 4.330 4.284 -2.298 2.065
P98599 4.147 3.914 -3.525 1.878
P98601 4.119 3.901 -3.697 1.951
P98603 4.231 3.628 -3.440 1.210
P98605 4.043 3.672 -3.214 1.116
P98606 3.523 3.558 -3.428 1.481
P98609 3.760 3.742 -3.299 0.640
P98611 4.083 4.114 -3.368 0.722
P98612 3.815 4.062 -3.462 0.904
P98614 3.751 4.118 -3.081 0.570
P98617 4.219 3.955 -4.486 2.068
P98619 4.159 3.739 -4.211 2.557
P98621 3.879 3.829 -3.879 1.999
P98623 4.157 3.903 -3.912 0.887
P98624 3.905 3.683 -4.036 1.307
P98626 3.963 3.988 -3.990 0.533
P98628 3.778 3.660 -4.740 1.390
P98631 3.869 3.744 -4.686 0.820
P98633 3.933 3.982 -4.020 1.240
P98635 4.060 3.871 -4.270 2.624
P98637 3.817 3.855 -3.630 2.105
P98639 3.772 4.053 -3.398 0.866
P98641 3.798 3.795 -4.021 1.023
P98643 3.980 3.735 -3.938 1.177
P98644 4.296 3.895 -4.041 2.332
P98645 3.714 3.687 -3.147 2.254
P98648 3.996 3.827 -3.453 0.946
P98650 3.945 3.672 -3.860 0.796
P98651 4.027 3.856 -3.915 2.072
P98652 3.678 3.790 -3.950 1.673
P98653 4.096 4.137 -3.183 0.872
P98654 3.861 3.680 -3.743 1.747
P98655 3.784 3.865 -3.752 1.584
P98656 3.806 3.747 -4.608 0.874
P98657 3.792 3.898 -4.013 1.887
P98658 3.748 3.965 -3.353 1.631
P98659 3.817 3.897 -3.422 0.814
P98660 3.643 3.624 -3.966 1.418
P98661 3.964 3.838 -3.528 1.982
P98662 3.983 3.960 -3.360 3.291
P98663 4.006 3.961 -3.372 1.730
P98664 3.768 3.857 -4.235 1.648
P98665 3.825 3.852 -3.504 1.631
P98667 4.118 3.986 -3.490 1.549
P98669 3.847 3.666 -3.947 0.810
P98671 3.990 3.929 -3.624 0.886
P98673 3.917 3.692 -3.476 1.251
P98675 4.073 4.065 -3.148 0.661
P98676 3.693 3.712 -3.443 1.473
P98679 3.841 3.630 -3.371 1.636
P98680 4.034 3.909 -3.655 1.557
P98681 4.044 3.936 -3.667 0.569
P98682 4.155 3.843 -3.170 1.635
P98683 4.106 3.979 -3.489 2.542
P98685 3.735 3.915 -3.049 0.715
P98687 3.760 3.733 -3.663 0.715
P98689 4.238 3.900 -2.908 1.662
P98691 4.119 3.890 -3.364 1.744
P98693 3.874 3.731 -3.662 0.777
P98694 4.192 4.038 -4.511 2.489
P98695 4.218 3.944 -3.860 2.157
P98696 4.062 3.735 -4.243 1.678
P98697 3.794 3.838 -3.771 0.994
P98698 3.680 4.037 -3.443 0.581
P98699 3.986 3.688 -3.823 2.274
P98700 4.129 4.001 -4.340 2.522
P98701 3.933 3.936 -4.339 1.362
P98703 3.630 3.754 -3.626 0.860
P98704 3.974 3.888 -4.552 1.396
P98705 4.055 4.012 -4.034 0.844
P98706 4.029 3.686 -4.028 1.758
P98707 4.217 4.000 -4.098 2.010
P98708 3.902 3.868 -4.126 1.626
P98709 4.158 3.783 -4.300 1.606
P98710 3.921 3.854 -4.350 1.146
P98712 4.028 4.012 -3.798 0.633
P98713 4.048 3.819 -3.718 1.906
P98714 3.788 3.687 -3.802 0.846
P98715 3.742 3.782 -3.539 1.082
P98716 3.902 3.567 -3.181 1.701
P98717 3.778 3.615 -2.789 2.010
P98718 3.538 3.820 -3.569 0.717
P98719 3.601 3.585 -3.610 0.965
P98720 3.915 3.662 -3.425 1.882
P98721 4.208 3.876 -3.395 2.074
P98722 3.936 3.835 -3.990 2.055
P98723 3.970 3.865 -3.701 0.779
P98724 4.111 3.920 -3.834 1.203
P98725 4.035 3.736 -3.939 1.461
P98726 4.002 3.869 -3.985 0.882
P98727 3.875 3.789 -4.352 0.735
P98728 3.960 3.748 -4.517 0.812
P98729 3.908 3.799 -4.287 0.765
P98730 4.153 3.759 -3.809 1.219
P98731 3.915 3.772 -4.161 2.415
P98732 3.706 3.993 -3.394 0.705
P98733 3.824 3.888 -3.553 1.262
P98734 4.269 3.911 -3.644 1.236
P98737 3.993 3.647 -3.675 1.230
P98738 4.047 4.033 -3.626 1.099
P98739 3.916 3.812 -3.287 1.274
P98740 4.002 4.092 -3.408 1.046
P98742 4.366 4.242 -4.132 0.938
P98744 3.993 3.746 -3.607 1.219
P98745 3.795 3.862 -3.693 0.974
P98747 3.998 3.973 -3.506 2.211
P98749 3.872 3.733 -3.530 1.351
P98751 3.834 3.943 -3.977 1.097
P98753 3.728 3.862 -3.958 1.500
P98754 3.876 3.910 -4.386 1.956
P98757 3.818 3.816 -4.030 1.346
P98758 4.078 3.951 -3.385 1.057
P98760 3.813 3.967 -3.751 2.157
P98763 3.646 4.022 -3.524 1.030
P98765 3.627 3.649 -3.781 0.928
P98767 3.971 3.952 -3.095 1.855
P98768 4.199 3.931 -3.572 1.847
P98769 4.090 4.074 -3.010 1.438
P98771 4.261 3.852 -3.497 1.755
P98773 4.259 4.148 -2.216 1.633
P98774 3.618 3.814 -3.760 1.028
P98776 4.027 3.841 -3.140 1.079
P98778 3.806 3.883 -3.972 1.042
P98779 3.733 3.855 -4.229 1.114
P98780 3.903 3.792 -4.314 1.468
P98781 3.919 3.943 -3.703 1.527
P98782 3.869 3.741 -3.696 2.277
P98783 4.055 4.171 -3.766 1.271
P98784 3.807 3.870 -3.846 1.025
P98785 4.055 3.829 -3.832 1.601
P98786 3.965 3.859 -3.352 1.249
P98787 3.863 3.897 -3.737 1.346
P98788 3.701 3.774 -3.772 2.132
P98789 4.019 3.699 -3.587 1.426
P98790 4.009 4.187 -3.662 1.483
P98791 3.889 3.762 -4.110 1.692
P98792 3.946 3.935 -4.083 1.069
P98793 3.766 3.605 -3.833 1.127
P98794 3.921 3.874 -4.349 1.042
P98795 3.853 3.913 -4.044 0.878
P98796 3.907 3.860 -3.470 1.675
P98797 3.699 3.946 -3.413 0.556
P98798 4.072 4.209 -3.619 0.507
P98799 3.834 3.984 -3.626 1.337
P98801 4.079 3.881 -3.913 1.423
P98802 3.877 3.647 -3.555 1.843
P98803 3.715 3.919 -3.820 1.462
P98804 4.656 3.956 -3.729 1.983
P98806 4.133 3.967 -4.242 1.618
P98808 4.249 3.965 -4.048 2.180
P98809 4.001 3.929 -3.787 1.625
P98812 3.662 3.668 -3.950 1.466
P98813 3.706 3.869 -3.848 1.530
P98815 3.929 3.765 -3.742 2.156
P98816 4.146 3.918 -4.081 1.654
P98818 4.294 3.910 -3.785 1.088
P98819 3.833 3.977 -3.796 1.428
P98822 3.841 3.730 -4.561 1.412
P98823 3.979 3.967 -4.021 0.929
P98826 3.846 3.702 -4.022 1.268
P98827 4.040 3.853 -3.866 1.478
P98830 3.740 3.858 -3.879 1.704
P98832 4.137 3.904 -3.527 2.529
P98833 3.815 4.003 -4.080 1.349
P98835 3.800 3.572 -3.721 1.985
P98836 3.854 3.830 -3.972 0.922
P98837 3.724 3.648 -4.109 1.473
P98838 3.738 3.779 -4.280 1.004
P98839 3.746 3.755 -3.929 0.869
P98840 3.698 3.640 -3.659 0.778
P98841 3.536 3.661 -4.172 1.076
P98842 3.851 3.842 -3.511 1.163
P98843 4.037 3.906 -3.324 1.175
P98844 4.251 3.858 -3.948 1.594
P98846 3.634 3.697 -4.324 0.969
P98847 4.042 3.976 -4.032 1.612
P98848 3.772 3.771 -3.895 1.568
P98850 3.982 3.875 -3.608 0.658
P98852 4.027 3.775 -3.705 1.621
P98854 3.760 3.931 -3.665 0.897
P98856 4.023 3.897 -3.344 0.966
P98857 3.804 3.950 -3.994 0.995
P98859 3.777 3.748 -3.510 2.159
P98861 4.186 4.048 -2.718 0.789
P98863 4.182 4.023 -3.604 1.660
P98865 4.214 4.040 -3.266 1.480
P98867 3.820 3.685 -3.682 0.664
P98869 4.117 3.996 -3.215 1.216
P98871 3.499 3.831 -3.608 0.693
P98873 4.136 3.780 -3.560 1.307
P98874 4.027 4.074 -2.744 1.193
P98875 3.905 3.776 -3.640 1.477
P98876 4.200 4.210 -3.189 1.194
P98879 3.977 3.831 -3.226 1.456
P98880 4.041 3.994 -1.968 1.471
P98882 3.934 3.752 -3.721 1.993
P98884 4.077 3.626 -4.041 2.525
P98886 3.778 3.796 -3.796 0.908
P98888 4.065 3.701 -3.957 1.234
P98890 3.839 3.576 -3.927 1.413
P98892 3.880 3.908 -3.843 0.666
P98894 3.756 3.703 -4.224 0.604
P98896 3.792 3.614 -4.557 0.970
P98897 3.739 3.679 -3.989 1.478
P98900 4.035 3.661 -3.868 2.463
P98902 3.750 3.627 -3.398 2.525
P98903 3.748 3.857 -3.666 0.718
P98905 3.722 3.762 -3.764 0.954
P98907 4.196 4.057 -3.706 2.680
P98909 3.888 4.053 -3.456 0.617
P98911 3.742 3.959 -3.647 0.958
P98913 4.091 4.194 -3.351 0.697
P98919 3.923 3.661 -3.807 1.735
P98922 3.907 4.007 -3.874 0.537
P98924 3.798 3.660 -4.464 0.896
P98928 3.939 3.799 -4.111 0.779
P98934 3.840 3.849 -3.851 0.892
P98938 4.029 3.808 -4.048 2.345
P98940 3.789 3.880 -3.677 2.139
P98946 3.635 3.944 -3.461 0.483
P98948 3.801 3.795 -3.803 0.757
P98954 3.847 3.801 -3.869 0.657
P98955 4.185 3.925 -3.627 2.835
P98959 4.070 4.063 -4.155 2.126
P98961 4.177 4.113 -3.369 0.536
P98963 3.983 3.865 -3.070 2.473
P98965 3.998 3.945 -3.511 1.717
P98967 4.022 3.857 -3.821 0.655
P98969 3.919 3.869 -3.935 0.580
P98971 3.994 4.006 -3.660 0.643
P98975 3.987 3.835 -3.760 1.871
P98977 4.158 3.789 -4.033 2.468
P98981 3.657 4.053 -3.334 0.554
P98982 3.877 3.775 -3.486 1.660
P98984 4.104 4.027 -4.218 2.460
P98986 3.849 3.986 -3.836 1.161
P98989 3.910 3.840 -4.634 0.819
P98991 3.857 3.675 -4.715 0.832
P98993 3.989 4.085 -3.948 0.977
P98995 3.927 3.723 -4.229 1.310
P98997 4.204 3.978 -4.115 1.732
P98999 3.848 3.821 -4.190 0.749
P99001 4.214 3.813 -3.790 1.919
P99003 4.035 3.953 -3.848 1.074
P99004 4.208 3.768 -4.198 2.032
P99007 3.896 3.802 -4.166 0.852
P99008 4.121 4.074 -3.926 2.092
P99011 3.940 3.715 -4.146 1.289
P99013 3.999 4.054 -3.999 0.864
P99014 4.175 3.733 -3.489 2.218
P99017 4.475 4.108 -3.234 1.437
P99019 4.211 3.868 -3.419 1.152
P99020 4.272 4.030 -3.272 1.667
P99021 4.215 3.737 -3.599 2.625
P99023 3.682 3.710 -4.018 0.950
P99025 3.788 3.887 -3.467 0.542
P99027 3.921 3.856 -3.389 1.525
P99028 4.167 3.936 -3.102 1.432
P99030 3.868 3.948 -3.911 0.649
P99031 3.960 3.959 -3.534 1.307
P99033 3.934 3.889 -3.731 1.159
P99036 3.959 3.914 -3.823 0.940
P99037 4.128 3.814 -3.130 1.299
P99038 3.811 3.846 -4.052 1.024
P99039 3.925 4.051 -3.148 1.501
P99040 3.855 3.680 -3.844 2.135
P99041 3.871 3.909 -4.251 1.184
P99042 3.878 3.833 -4.283 1.178
P99043 3.937 3.857 -4.072 1.009
P99044 3.892 3.864 -3.957 1.066
P99045 4.076 3.920 -3.578 1.452
P99046 3.916 3.862 -3.822 1.661
P99047 3.687 3.999 -3.513 1.184
P99048 3.734 3.618 -4.026 1.176
P99049 3.943 3.919 -3.610 1.662
P99050 4.188 3.958 -3.629 1.674
P99051 3.796 3.792 -3.247 1.567
P99054 4.157 3.904 -2.928 0.992
P99056 3.960 3.829 -3.591 1.099
P99057 4.149 4.296 -3.015 0.678
P99060 4.028 3.856 -3.784 1.448
P99061 3.794 3.776 -3.910 1.927
P99062 4.065 4.168 -3.838 1.075
P99063 3.866 3.706 -4.072 1.266
P99064 3.945 4.048 -3.816 0.594
P99065 3.799 3.730 -4.632 0.966
P99066 3.891 3.976 -3.983 0.842
P99067 3.834 4.015 -3.782 1.458
P99068 4.162 3.961 -3.406 0.952
P99069 3.886 3.946 -3.980 1.677
P99070 4.186 3.764 -3.576 1.432
P99071 3.750 3.970 -3.945 1.063
P99072 4.093 3.944 -4.124 1.234
P99073 4.126 3.954 -3.643 1.967
P99075 3.802 3.925 -3.621 0.648
P99076 4.229 3.948 -4.165 1.834
P99078 3.650 3.677 -4.096 1.528
P99080 3.859 3.709 -4.531 0.807
P99082 3.915 3.844 -4.527 0.811
P99084 3.949 4.029 -4.112 1.115
P99085 4.127 3.841 -4.015 2.753
P99087 3.885 3.731 -3.371 1.701
P99089 3.717 3.900 -3.550 1.280
P99090 3.816 3.706 -3.414 0.876
P99093 4.068 3.786 -4.185 1.721
P99094 4.204 3.809 -3.872 2.117
P99097 4.111 3.988 -3.806 1.337
P99098 3.839 3.736 -3.796 1.150
P99101 3.817 3.833 -3.707 0.909
P99103 4.149 3.981 -4.366 2.033
P99104 4.096 3.878 -4.501 2.742
P99106 4.003 3.694 -3.174 1.845
P99108 3.688 3.766 -3.918 1.060
P99110 3.563 3.901 -3.374 0.627
P99112 3.874 3.676 -3.491 1.016
P99113 3.960 3.662 -3.782 2.287
P99116 3.855 3.926 -3.975 1.641
P99117 3.871 3.908 -3.479 1.126
P99120 3.816 3.673 -4.611 0.699
P99122 3.908 3.974 -3.824 0.685
P99123 3.944 3.694 -3.854 1.977
P99126 4.079 3.829 -3.831 1.902
P99128 3.815 3.851 -3.802 0.885
P99129 4.005 3.935 -2.447 1.477
P99132 3.811 3.713 -4.229 0.844
P99134 4.148 4.161 -3.772 0.568
P99136 4.184 3.545 -3.312 1.503
P99138 4.078 3.743 -3.815 1.229
P99141 4.216 4.047 -3.567 1.411
P99142 3.978 3.965 -4.060 1.846
P99143 3.804 3.990 -3.716 0.843
P99144 3.886 3.809 -3.816 1.693
P99145 4.258 3.870 -3.465 1.469
P99146 3.849 3.859 -4.164 1.151
P99147 3.850 3.842 -4.339 1.115
P99148 3.879 3.745 -4.539 1.300
P99149 3.923 3.867 -4.172 1.082
P99150 3.780 3.776 -4.223 1.418
P99151 4.023 3.859 -4.183 1.708
P99152 3.793 3.843 -4.112 1.192
P99153 4.111 3.828 -4.051 1.596
P99154 3.641 3.609 -4.237 1.076
P99156 4.151 3.818 -3.284 1.502
P99159 4.195 3.989 -3.582 2.153
P99160 3.979 3.519 -4.097 1.387
P99162 3.803 3.844 -3.877 1.477
P99164 4.054 3.952 -3.954 1.902
P99165 3.851 3.715 -3.831 1.992
P99167 3.899 4.021 -3.740 0.765
P99169 3.764 3.697 -4.519 0.830
P99171 3.749 3.894 -4.074 1.155
P99173 3.844 3.746 -4.243 1.256
P99174 4.028 3.776 -3.150 1.377
P99177 3.778 3.898 -3.097 1.568
P99178 3.850 3.888 -3.777 0.747
P99180 3.972 3.710 -3.828 1.578
P99181 4.108 3.758 -3.733 1.972
P99182 4.020 4.012 -3.301 1.226
P99184 4.114 3.831 -3.711 1.394
P99187 4.110 3.747 -3.685 1.094
P99188 3.866 3.866 -4.383 1.464
P99189 3.858 3.920 -3.763 1.320
P99191 3.950 3.619 -3.742 2.263
P99193 3.843 3.910 -3.138 0.621
P99194 3.561 3.609 -4.141 1.239
P99197 3.995 4.018 -2.840 1.782
P99198 4.020 3.687 -3.775 1.647
P99200 4.133 4.021 -3.765 1.234
P99202 4.160 3.871 -3.910 2.374
P99203 4.098 4.072 -3.623 1.372
P99205 3.748 3.927 -3.895 0.658
P99208 3.812 4.033 -3.335 0.841
P99210 3.826 3.731 -3.818 2.287
P99211 4.107 3.795 -4.044 2.513
P99214 3.882 3.849 -3.991 1.898
P99216 3.944 3.838 -3.392 2.047
P99217 3.671 3.697 -4.077 0.805
P99218 3.977 3.686 -3.824 1.061
P99219 3.878 3.848 -3.916 0.784
P99222 4.007 3.990 -3.717 1.186
P99224 3.953 3.658 -3.850 1.387
P99226 3.910 3.970 -3.946 1.316
P99227 3.807 3.757 -4.237 1.028
P99230 3.818 3.956 -3.534 0.789
P99231 3.880 3.789 -3.769 1.218
P99233 4.002 3.973 -3.405 1.464
P99235 4.164 3.971 -4.380 1.948
P99236 4.071 3.907 -3.867 1.333
P99238 3.816 3.811 -3.882 0.950
P99240 3.862 3.865 -4.356 1.312
P99242 3.880 3.733 -4.537 1.637
P99243 3.957 3.988 -4.203 1.732
P99245 3.900 3.776 -3.933 1.346
P99247 4.178 3.988 -3.578 1.165
P99249 3.838 3.780 -4.069 0.958
P99251 3.975 4.036 -2.972 0.862
P99252 4.048 3.668 -3.256 1.653
P99253 4.259 3.916 -3.030 1.203
P99260 3.830 3.906 -3.551 0.865
P99262 4.171 4.192 -3.394 1.346
P99265 3.959 3.938 -3.053 1.738
P99271 4.027 3.887 -4.090 0.705
P99273 3.910 3.888 -4.061 1.271
P99275 3.905 3.860 -4.551 0.589
P99277 4.041 3.995 -4.082 0.667
P99279 4.025 3.861 -3.570 1.029
P99281 4.190 3.952 -3.780 0.981
P99283 4.039 3.817 -3.574 1.755
P99284 4.018 3.584 -3.388 2.028
P99286 4.118 4.221 -2.900 1.230
P99287 3.892 3.811 -3.568 0.764
P99288 3.790 3.997 -3.699 1.656
P99289 3.691 3.975 -3.754 2.777
P99290 4.149 3.670 -3.683 1.128
P99291 3.891 4.048 -3.239 0.550
P99292 3.797 3.990 -3.739 1.021
P99293 3.782 3.894 -3.382 1.371
P99294 4.175 4.076 -3.420 2.189
P99296 4.132 3.949 -3.193 1.138
P99297 4.200 3.987 -3.920 1.953
P99298 3.688 3.830 -3.762 1.535
P99299 4.119 4.226 -3.300 1.219
P99305 3.996 3.749 -3.122 1.846
P99306 4.232 3.794 -3.749 2.077
P99309 3.991 3.769 -3.297 1.607
P99310 4.113 3.679 -3.289 1.611
P99312 4.245 3.913 -2.969 1.329
P99315 3.813 3.831 -3.534 1.404
P99317 4.345 4.181 -4.526 1.686
P99318 3.839 3.837 -3.599 1.427
P99319 4.083 4.188 -3.319 2.415
P99320 3.935 3.832 -4.039 2.221
P99321 3.614 3.837 -3.562 1.148
P99322 4.188 3.764 -3.456 1.987
P99323 4.178 4.010 -3.201 0.928
P99324 4.078 3.855 -3.168 2.211
P99325 4.024 3.942 -3.496 0.772
P99326 4.116 4.173 -3.553 0.990
P99327 3.795 3.880 -3.542 1.286
P99328 3.946 3.884 -3.204 1.724
P99329 3.963 4.061 -3.730 0.945
P99330 3.664 3.644 -3.659 0.853
P99331 3.809 3.715 -3.412 1.617
P99332 3.826 4.008 -3.393 1.386
P99333 4.086 3.558 -3.609 1.168
P99334 3.895 3.820 -3.499 1.335
P99335 4.173 4.077 -3.491 0.612
P99336 4.537 3.879 -3.485 1.593
P99337 4.259 4.088 -2.687 1.398
P99338 4.177 3.851 -3.594 1.484
P99343 4.075 3.872 -3.150 0.596
P99348 4.125 4.119 -3.484 0.840
P99351 3.808 3.862 -3.063 1.410
P99355 4.145 4.041 -3.293 0.865
P99359 3.849 3.808 -3.678 1.434
P99370 3.966 3.937 -3.349 0.915
P99371 4.082 3.831 -2.977 1.632
P99372 3.915 3.703 -3.572 1.181
P99373 4.385 3.863 -3.405 2.997
P99374 4.131 4.113 -3.353 3.114
P99375 4.195 4.173 -3.866 0.726
P99376 4.231 3.677 -3.378 1.271
P99377 3.720 3.654 -3.469 0.915
P99378 4.002 3.977 -3.582 0.576
P99379 3.879 3.759 -2.909 1.310
P99380 4.321 4.078 -2.605 1.421
P99381 3.441 3.809 -3.423 0.782
P99382 3.831 3.791 -3.374 1.698
P99383 4.244 4.145 -3.246 1.391
P99384 3.903 3.889 -3.300 1.330
P99385 4.129 3.738 -3.122 1.474
P99386 3.854 3.891 -3.092 0.641
P99388 4.042 3.795 -3.373 1.470
P99390 4.224 4.142 -3.311 0.909
P99392 3.660 3.953 -3.575 1.266
P99394 4.005 4.003 -4.179 0.962
P99396 3.996 3.845 -3.777 1.137
P99397 3.927 4.040 -3.999 0.757
P99399 4.268 3.906 -3.647 1.728
P99400 3.891 3.967 -3.367 1.832
P99402 4.264 3.782 -3.790 1.539
P99403 4.092 4.215 -2.867 0.932
P99404 3.809 3.981 -3.695 0.985
P99405 3.810 3.959 -3.520 1.274
P99406 3.765 4.053 -3.519 0.753
P99408 3.906 3.810 -3.702 0.915
P99412 4.097 3.706 -3.939 0.910
P99416 4.138 3.694 -2.776 0.894
P99417 4.135 3.763 -4.177 1.640
P99418 3.869 3.897 -3.877 0.821
P99419 4.231 3.912 -4.054 1.709
P99420 4.001 3.724 -3.962 1.370
P99421 4.072 4.018 -3.986 1.178
P99422 3.882 3.896 -4.134 0.911
P99423 4.009 3.874 -4.392 1.001
P99424 3.929 3.879 -4.069 1.323
P99425 4.130 3.874 -4.006 1.843
P99426 3.925 3.757 -3.499 2.499
P99428 3.930 3.828 -3.739 1.139
P99429 4.048 3.782 -3.244 1.907
P99430 4.008 3.860 -3.189 1.280
P99432 4.158 3.995 -3.664 1.485
P99433 4.366 4.010 -3.566 0.791
P99434 4.414 3.982 -3.868 1.288
P99435 4.350 4.107 -3.275 1.399
P99436 3.849 4.040 -3.556 0.573
P99437 4.099 4.248 -3.404 1.029
P99438 3.827 3.895 -3.562 1.455
P99439 4.190 4.025 -4.322 1.914
P99441 3.813 3.852 -3.747 1.025
P99443 4.168 3.710 -3.810 1.310
P99444 4.038 3.840 -3.889 1.830
P99445 3.846 3.945 -3.816 0.719
P99446 4.255 4.147 -2.931 1.488
P99447 4.150 4.031 -3.513 2.078
P99448 4.320 4.181 -4.285 0.759
P99449 4.239 3.931 -3.327 1.532
P99450 3.671 3.690 -3.520 1.422
P99451 4.044 4.091 -3.909 0.667
P99452 4.033 3.831 -3.223 1.231
P99453 4.477 4.134 -3.519 1.017
P99454 3.989 3.907 -3.804 1.236
P99455 3.821 3.917 -3.757 1.024
P99456 4.231 4.151 -3.510 1.460
P99457 3.855 3.892 -3.745 0.691
P99458 4.082 3.815 -3.377 1.508
P99459 4.062 3.852 -4.116 2.304
P99460 3.830 3.860 -3.310 1.522
P99461 4.168 4.169 -3.561 2.060
P99462 4.536 4.035 -3.134 0.969
P99463 3.958 3.849 -3.712 1.303
P99464 4.057 3.812 -3.219 1.362
P99465 4.293 3.889 -3.726 1.562
P99467 3.827 3.857 -3.609 1.540
P99468 4.091 4.134 -3.553 1.476
P99469 4.140 4.160 -3.918 1.137
P99470 4.375 3.953 -3.481 1.067
P99472 4.227 3.909 -3.782 1.959
P99473 4.432 4.021 -3.761 1.699
P99474 3.851 3.804 -3.615 2.109
P99475 4.286 4.290 -4.212 1.309
P99476 3.712 3.933 -3.073 1.750
P99477 3.707 4.010 -3.234 1.024
P99478 3.961 4.112 -3.886 1.560
P99479 3.910 3.968 -3.104 1.998
P99480 4.041 3.794 -3.704 1.425
P99485 4.183 3.729 -3.496 1.649
P99486 3.803 3.892 -3.310 1.613
P99488 4.312 4.028 -2.771 1.175
P99489 4.070 3.749 -3.809 1.520
P99490 4.071 3.838 -3.843 1.999
P99491 4.132 3.889 -3.812 1.317
P99494 4.543 4.032 -3.423 0.929
P99496 3.977 3.842 -3.247 1.644
P99497 4.090 4.114 -3.642 0.714
P99499 3.704 3.799 -3.740 0.513
P99500 4.243 3.724 -3.513 1.170
P99503 4.165 4.085 -3.867 2.780
P99505 4.279 4.016 -3.604 1.535
P99507 4.093 3.637 -4.032 1.145
P99508 3.895 3.989 -3.601 0.740
P99509 4.374 4.269 -4.288 0.877
P99512 4.029 3.920 -3.629 0.973
P99514 4.176 4.102 -3.679 1.872
P99516 3.884 4.035 -3.903 0.685
P99517 4.337 3.956 -4.026 1.406
P99520 4.397 3.914 -4.295 1.112
P99522 4.202 4.199 -3.792 0.753
P99523 3.870 4.035 -3.758 1.472
P99527 4.250 3.996 -4.052 1.290
P99530 3.984 3.751 -4.118 0.970
P99532 4.070 3.866 -3.722 1.390
P99533 4.457 3.837 -3.781 2.374
P99534 4.126 3.849 -3.825 1.822
P99535 4.030 3.717 -3.651 1.395
P99538 4.065 3.864 -3.784 1.487
P99539 3.835 3.786 -3.941 0.533
P99541 3.593 4.081 -4.121 2.224
P99542 4.142 3.675 -3.375 1.884
P99543 4.225 4.061 -3.279 7.994
P99544 4.031 3.961 -2.942 1.914
P99545 4.344 4.213 -4.283 0.973
P99546 3.842 3.831 -3.540 1.132
P99547 3.771 3.964 -3.855 1.068
P99548 3.635 3.795 -3.855 0.978
P99549 3.858 3.842 -3.389 1.601
P99550 4.410 4.148 -3.615 1.840
P99551 3.614 3.835 -3.755 1.180
P99552 3.842 3.791 -4.047 1.599
P99553 3.980 4.017 -4.006 1.302
P99554 3.809 3.936 -3.987 1.234
P99555 4.118 3.903 -4.083 1.494
P99557 4.187 3.750 -3.781 1.656
P99558 4.075 3.987 -3.485 0.644
P99561 3.888 3.704 -3.748 1.137
P99562 3.916 3.947 -4.009 0.560
P99564 3.816 3.776 -4.371 0.659
P99567 3.873 3.846 -4.265 0.575
P99568 3.840 3.752 -4.027 0.442
P99571 4.015 3.777 -3.712 0.980
P99573 3.875 3.849 -3.689 1.828
P99574 3.677 3.932 -3.874 1.140
P99576 3.711 3.794 -3.564 1.073
P99578 4.020 4.066 -3.481 1.577
P99580 3.866 3.713 -3.770 1.150
P99581 3.883 3.885 -2.908 1.558
P99582 3.794 3.815 -3.700 1.380
P99583 3.916 3.798 -3.859 2.219
P99584 4.182 4.136 -3.559 1.834
P99585 4.121 3.589 -3.776 1.038
P99586 3.905 3.856 -3.421 2.457
P99589 3.628 3.690 -3.910 0.492
P99591 3.643 3.932 -3.395 1.151
P99593 3.957 3.876 -3.337 2.135
P99594 3.986 3.639 -3.655 2.025
P99596 3.890 3.838 -3.814 0.521
P99598 3.907 3.762 -4.036 0.940
P99600 3.964 3.979 -3.845 0.661
P99602 3.916 3.689 -3.547 1.293
P99603 4.029 4.147 -3.079 0.681
P99605 3.835 3.857 -3.792 0.573
P99607 4.135 3.794 -3.834 1.869
P99609 3.824 3.699 -4.237 0.963
P99610 4.152 3.950 -3.794 7.178
P99611 4.348 4.163 -4.354 0.710
P99612 4.013 4.058 -2.785 0.252
P99613 4.038 3.770 -3.644 1.054
P99614 4.090 3.714 -3.920 1.211
P99615 4.146 3.785 -3.596 2.123
P99616 3.850 3.844 -3.600 0.967
P99617 4.176 4.133 -3.383 1.699
P99618 3.973 3.774 -3.671 1.199
P99619 3.699 3.839 -3.608 0.941
P99620 4.450 4.115 -2.747 1.320
P99621 3.890 3.825 -3.246 2.229
P99622 3.679 3.697 -3.874 0.643
P99623 4.181 3.842 -3.802 1.403
P99624 3.731 3.944 -3.446 0.981
P99625 3.797 3.881 -3.842 0.688
P99626 4.193 4.009 -3.238 1.612
P99627 3.994 3.756 -3.539 1.473
P99628 4.373 4.137 -3.587 1.195
P99629 3.740 3.949 -3.585 1.054
P99630 4.123 4.110 -2.620 1.087
P99631 3.967 3.671 -3.996 1.230
P99632 4.115 3.945 -3.668 1.661
P99633 3.966 3.990 -3.839 2.110
P99634 4.143 4.060 -3.842 1.188
P99635 4.198 3.830 -3.927 1.422
P99636 4.168 3.972 -3.809 1.043
P99637 3.978 3.704 -3.950 1.399
P99638 3.853 3.929 -3.379 1.901
P99639 4.066 3.750 -3.732 2.229
P99640 3.856 3.941 -3.568 1.813
P99641 3.832 3.971 -3.593 1.807
P99642 3.953 4.043 -2.757 2.480
P99643 4.209 4.094 -4.252 1.050
P99644 4.006 3.771 -3.350 1.428
P99645 3.475 3.741 -3.523 0.782
P99646 4.072 3.961 -3.664 1.712
P99647 4.337 4.053 -3.146 1.833
P99648 3.816 3.827 -3.796 0.889
P99649 3.783 3.853 -3.905 1.272
P99650 4.416 4.030 -3.438 1.873
P99652 4.069 3.915 -3.531 1.871
P99653 3.816 3.793 -3.407 0.758
P99655 3.793 3.916 -3.652 0.616
P99657 3.885 3.714 -3.485 1.276
P99658 4.094 3.879 -3.985 1.212
P99659 4.143 3.984 -3.562 1.115
P99661 4.053 3.971 -3.148 1.820
P99662 4.102 3.821 -3.465 1.527
P99663 3.879 3.961 -3.799 1.135
P99664 4.398 4.056 -3.830 1.333
P99665 4.208 4.146 -3.765 0.819
P99666 4.333 3.922 -3.282 1.466
P99667 4.126 3.819 -3.623 2.024
P99668 3.878 3.922 -3.546 1.330
P99669 3.570 3.964 -3.613 1.237
P99670 4.073 3.813 -3.793 1.629
P99671 4.263 3.860 -3.956 1.461
P99672 4.079 4.031 -2.931 1.754
P99673 4.231 4.195 -4.190 1.092
P99674 4.202 3.823 -3.827 1.396
P99675 3.995 3.648 -3.497 2.128
P99676 3.975 4.124 -3.877 1.133
P99677 4.027 3.909 -3.128 1.369
P99678 4.525 4.090 -3.489 1.558
P99679 3.721 3.940 -3.511 0.662
P99680 3.883 3.778 -3.512 1.869
P99681 4.226 4.151 -3.598 1.242
P99682 4.193 3.885 -2.331 1.016
P99683 3.765 3.981 -3.763 0.926
P99684 3.769 3.871 -3.885 1.335
P99685 3.847 3.798 -3.936 1.553
P99686 4.310 3.981 -3.354 1.304
P99687 4.274 3.974 -3.853 1.596
P99688 4.074 4.210 -3.617 0.896
P99689 4.242 3.998 -3.470 1.987
P99690 4.117 4.219 -3.407 1.430
P99692 4.326 4.150 -3.402 1.270
P99693 3.979 4.013 -3.738 0.877
P99694 3.803 3.796 -4.312 0.839
P99695 3.729 3.945 -4.241 0.657
P99696 3.869 3.987 -3.925 1.506
P99697 3.856 3.824 -2.982 2.288
P99698 3.668 3.942 -3.687 1.732
P99699 3.694 3.694 -4.230 1.334
P99700 4.084 3.778 -3.287 1.720
P99702 3.917 3.784 -4.043 0.649
P99703 3.967 3.814 -4.266 0.787
P99706 3.934 3.854 -4.496 0.618
P99708 4.038 3.961 -4.110 0.595
P99709 4.019 3.694 -3.738 1.613
P99712 4.170 3.942 -3.954 1.604
P99713 3.886 3.836 -3.923 0.616
P99716 4.064 3.804 -4.009 1.610
P99717 4.059 4.182 -3.788 1.260
P99718 4.017 3.902 -3.625 1.548
P99719 3.934 3.834 -3.646 0.905
P99722 3.795 3.828 -2.453 0.154
P99726 4.089 4.115 -3.672 1.306
P99728 3.980 3.852 -3.449 0.731
P99735 3.934 3.995 -3.637 0.791
P99738 4.308 4.022 -3.509 1.699
P99741 4.190 3.997 -3.520 1.647
P99744 3.901 3.978 -3.602 1.433
P99748 4.193 4.141 -3.746 0.562
P99751 3.956 4.074 -3.241 1.154
P99753 4.655 4.180 -3.153 1.190
P99759 4.128 3.937 -3.425 1.630
P99761 3.704 3.848 -3.912 0.713
P99772 3.909 3.915 -3.132 2.075
P99773 3.749 3.706 -3.620 1.707
P99778 3.965 3.872 -3.433 0.765
P99781 3.948 3.934 -3.705 1.296
P99785 3.851 3.881 -3.792 0.479
P99786 4.243 3.936 -3.742 1.732
P99789 4.084 3.925 -3.532 1.357
P99790 3.948 3.816 -3.823 1.512
P99792 4.086 3.892 -3.675 1.450
P99793 3.900 4.024 -3.753 1.169
P99794 4.153 4.108 -4.016 1.059
P99795 4.264 4.045 -3.529 0.668
P99796 4.356 4.013 -3.619 1.434
P99797 4.006 3.726 -4.210 1.115
P99799 4.207 4.069 -3.369 1.758
P99801 3.870 3.825 -4.067 0.589
P99802 3.761 3.863 -3.678 1.099
P99805 4.138 4.146 -3.239 0.916
P99806 4.248 3.878 -3.786 2.001
P99810 3.948 3.839 -3.843 0.888
P99814 4.235 3.878 -3.906 1.277
P99818 3.917 3.848 -3.760 1.312
P99819 3.905 3.829 -3.705 1.205
P99820 3.796 3.905 -3.567 0.743
P99821 3.894 3.767 -3.562 1.279
P99822 3.938 3.791 -3.528 1.616
P99823 3.696 3.600 -3.741 1.373
P99824 3.623 3.970 -4.082 0.670
P99825 3.918 3.963 -3.309 2.149
P99826 4.112 3.838 -3.459 1.658
P99827 4.688 4.155 -3.631 1.377
P99828 3.987 3.635 -3.776 1.258
P99829 4.018 3.906 -3.524 1.203
P99830 3.905 3.760 -3.603 0.748
P99831 3.790 3.903 -3.743 1.603
P99832 4.265 3.914 -3.439 1.679
P99834 3.608 3.769 -3.722 1.244
P99836 3.982 3.849 -3.136 0.670
P99837 4.189 4.198 -3.441 0.854
P99838 4.032 3.875 -3.387 2.906
P99841 3.971 4.036 -4.087 1.212
P99843 4.418 3.894 -3.867 1.174
P99844 4.246 3.865 -3.760 1.139
P99845 4.182 4.017 -4.113 1.422
P99848 4.251 3.967 -4.030 1.853
P99849 3.811 3.704 -3.815 0.650
P99850 4.118 3.711 -3.842 1.125
P99851 4.012 4.142 -3.870 0.782
P99855 4.052 3.822 -4.128 1.397
P99856 4.108 3.770 -3.849 1.561
P99857 4.369 3.806 -4.065 1.455
P99859 3.878 3.920 -4.089 0.738
P99860 4.233 4.179 -3.894 0.702
P99861 4.433 3.902 -4.199 1.501
P99862 4.354 4.073 -4.089 1.678
P99863 4.166 3.796 -3.325 1.858
P99864 3.995 3.844 -3.127 1.497
P99865 4.197 3.792 -4.279 1.194
P99866 4.122 3.613 -3.715 1.715
P99867 3.784 3.815 -3.738 1.637
P99868 3.904 3.716 -4.018 1.608
P99869 3.777 3.909 -3.895 0.661
P99871 3.943 3.615 -3.316 2.113
P99872 3.704 3.670 -3.306 1.244
P99873 4.052 3.806 -3.093 0.834
P99875 4.053 3.728 -3.804 1.479
P99876 4.072 3.730 -2.844 1.479
P99877 4.204 4.146 -3.012 1.563
P99878 4.008 3.893 -3.294 1.310
P99879 4.193 4.075 -3.463 1.124
P99880 4.168 4.010 -3.863 1.609
P99881 3.829 3.869 -3.722 1.254
P99882 4.119 4.194 -3.122 1.312
P99883 3.873 3.711 -3.613 1.978
P99884 3.992 4.045 -3.662 0.949
P99885 3.842 3.790 -4.237 0.678
P99886 3.894 3.894 -4.167 0.787
P99887 4.061 3.785 -3.529 1.113
P99888 3.842 3.771 -3.229 0.858
P99889 3.948 3.830 -3.397 0.852
P99890 3.679 3.857 -3.611 0.873
P99891 4.054 3.771 -3.430 0.838
P99892 3.874 3.763 -3.675 1.172
P99893 3.849 3.893 -3.656 1.745
P99894 3.521 4.153 -2.779 1.352
P99895 3.759 3.906 -3.401 0.853
P99896 3.720 3.785 -3.568 1.409
P99897 4.219 3.798 -3.876 1.071
P99899 4.135 3.700 -3.008 1.515
P99900 4.531 4.081 -3.440 1.474
P99901 3.534 3.846 -3.688 1.140
P99902 3.860 3.802 -3.675 1.065
P99903 4.104 4.245 -3.436 1.510
P99904 3.841 3.896 -3.648 1.798
P99905 4.084 4.077 -3.485 1.048
P99906 4.429 4.109 -3.261 1.601
P99907 4.075 3.906 -3.246 1.271
P99908 4.076 3.787 -3.736 1.327
P99909 3.970 3.744 -3.677 1.484
P99911 4.043 3.841 -3.649 1.706
P99912 4.343 3.901 -3.505 1.622
P99913 4.608 4.091 -3.692 0.986
P99914 4.357 4.025 -3.932 1.298
P99915 3.859 3.993 -3.538 1.124
P99917 4.019 3.939 -3.408 1.223
P99918 4.025 4.124 -3.452 2.106
P99919 4.337 3.894 -3.405 1.218
P99920 4.370 4.034 -3.750 1.330
P99921 4.036 4.075 -3.847 0.849
P99922 3.781 3.914 -3.757 1.692
P99923 4.129 4.038 -3.516 1.100
P99924 4.047 3.710 -3.492 1.655
P99925 4.017 3.729 -3.658 1.369
P99926 4.282 3.880 -3.333 1.348
P99927 4.314 4.200 -4.269 1.173
P99928 3.721 3.691 -3.503 0.688
P99929 3.990 4.054 -3.889 1.101
P99930 3.963 3.922 -3.127 1.433
P99931 4.068 4.115 -3.298 1.862
P99932 4.549 3.992 -3.312 1.693
P99933 3.826 3.760 -3.653 1.487
P99934 4.281 4.163 -3.457 1.914
P99935 3.743 3.881 -3.708 0.968
P99936 4.162 3.854 -4.041 2.006
P99937 3.424 3.833 -3.478 1.786
P99938 4.371 3.902 -3.426 1.788
P99940 4.324 4.271 -4.412 0.897
P99941 3.561 3.622 -3.943 0.602
P99942 3.820 3.909 -3.475 1.143
P99943 3.878 4.174 -3.914 0.752
P99944 3.937 4.053 -3.117 1.850
P99945 4.283 3.959 -3.435 1.542
P99946 4.118 3.910 -3.437 1.290
P99947 3.936 3.970 -3.309 1.143
P99948 3.880 3.990 -3.431 1.277
P99949 4.031 3.789 -3.711 1.278
P99950 4.631 4.225 -2.928 1.886
P99951 4.184 4.023 -3.060 1.151
P99952 3.708 3.673 -3.551 1.025
P99954 3.884 3.889 -3.087 1.625
P99955 3.540 3.623 -3.798 1.627
P99956 4.048 3.780 -3.811 1.807
P99957 3.923 3.859 -3.720 1.776
P99958 3.806 3.667 -3.100 7.569
P99959 3.875 3.742 -4.565 1.125
P99960 3.856 4.000 -3.589 0.694
P99961 3.847 3.770 -3.814 1.255
P99962 3.942 4.269 -3.473 1.374
P99963 3.846 3.814 -4.039 1.169
P99964 4.090 3.693 -3.702 1.326
P99965 3.844 4.022 -3.584 0.781
P99966 3.894 3.830 -3.828 1.251
P99967 3.585 3.982 -4.096 1.081
P99968 4.325 3.886 -3.636 1.670
P99969 4.252 3.943 -3.729 1.874
P99970 4.300 3.806 -3.778 2.141
P99971 4.180 4.016 -3.988 0.667
P99972 3.907 3.898 -3.873 1.303
P99973 4.054 3.873 -3.838 1.035
P99974 4.125 4.128 -3.356 1.861
P99975 3.998 3.653 -3.962 1.762
P99976 4.081 3.769 -3.993 1.576
P99977 4.466 3.786 -3.785 1.625
P99978 4.242 4.004 -3.735 1.089
P99980 4.019 3.930 -3.808 0.639
P99981 3.904 3.748 -3.189 1.582
P99982 4.445 3.971 -3.675 2.043
P99983 3.631 3.741 -3.681 1.200
P99984 3.676 3.783 -3.330 0.811
P99985 4.037 4.027 -3.337 1.936
P99986 3.762 3.814 -4.061 0.651
P99987 4.099 3.771 -3.709 1.529
P99988 4.397 3.785 -3.624 2.346
P99989 4.038 3.707 -3.980 1.679
P99990 4.045 3.737 -4.059 1.813
P99991 3.855 3.733 -3.829 1.616
P99992 4.185 3.772 -3.745 1.999
P99993 4.159 4.156 -3.501 0.881
P99994 3.947 3.767 -2.996 2.000
P99996 4.383 3.901 -3.646 1.041
P99997 4.438 4.043 -3.885 1.393
P99999 4.115 4.173 -3.678 0.745
P100001 3.873 3.898 -3.848 0.921
P100003 4.148 4.008 -3.700 1.370
P100007 3.936 3.823 -3.587 1.062
P100009 3.836 3.694 -4.363 1.873
P100011 4.174 3.812 -4.037 1.734
P100012 4.215 3.955 -4.399 1.821
P100013 3.874 3.882 -4.020 1.284
P100014 3.766 3.992 -3.682 0.725
P100015 4.419 4.018 -3.923 1.895
P100016 3.971 3.761 -3.665 1.712
P100017 4.058 4.081 -3.758 0.795
P100018 3.704 3.774 -3.654 0.816
P100019 3.801 3.793 -3.696 1.493
P100020 4.278 3.876 -3.966 1.809
P100021 4.152 4.175 -1.842 1.424
P100022 4.235 3.575 -4.046 1.408
P100023 3.860 4.040 -3.409 0.672
P100024 3.860 3.871 -4.035 1.028
P100025 4.439 4.227 -4.547 1.139
P100026 4.063 3.730 -3.599 1.403
P100028 4.104 4.128 -3.304 1.703
P100031 4.042 4.105 -3.865 0.656
P100032 3.634 3.733 -3.970 1.847
P100034 4.438 4.094 -4.003 2.912
P100035 3.897 3.867 -3.673 1.399
P100037 3.974 3.905 -4.011 1.280
P100038 4.009 3.873 -4.201 1.409
P100039 3.942 3.788 -4.264 0.871
P100040 4.039 4.019 -3.798 0.823
P100041 4.050 3.691 -3.831 1.756
P100042 4.286 4.262 -3.355 0.557
P100043 3.928 3.824 -3.869 0.919
P100044 4.170 3.766 -3.938 1.717
P100045 4.125 3.865 -3.699 1.657
P100046 3.781 3.741 -3.720 0.883
P100047 3.731 4.023 -3.444 0.650
P100048 3.920 3.796 -3.642 2.615
P100049 4.126 3.888 -3.407 1.253
P100051 4.201 3.837 -3.642 1.850
P100053 3.684 3.830 -3.968 0.696
P100056 4.000 3.876 -3.412 2.109
P100057 3.743 3.639 -3.807 1.251
P100059 3.695 3.820 -3.329 0.934
P100061 3.959 3.866 -3.423 0.823
P100063 4.215 3.842 -3.887 1.779
P100064 4.300 4.047 -3.422 1.349
P100066 3.996 3.783 -3.708 1.586
P100068 4.042 3.807 -3.942 1.349
P100072 4.326 4.221 -3.375 1.196
P100075 3.944 3.886 -3.988 0.927
P100077 4.169 4.250 -3.775 0.698
P100079 4.390 3.892 -4.337 1.320
P100081 4.342 3.975 -3.808 1.921
P100082 3.880 3.987 -3.814 0.994
P100084 4.256 3.876 -3.737 1.225
P100085 4.266 4.147 -4.014 0.544
P100087 4.114 3.950 -2.946 1.679
P100088 3.854 3.771 -3.576 2.090
P100089 4.219 3.869 -3.656 1.311
P100090 3.754 3.849 -3.460 1.463
P100091 3.969 3.923 -3.435 2.865
P100092 4.442 3.944 -3.138 0.893
P100093 4.037 3.716 -3.710 1.107
P100094 3.961 3.810 -3.205 1.534
P100095 3.960 4.022 -2.951 1.307
P100096 3.929 3.945 -3.493 1.230
P100097 4.158 4.167 -3.639 3.238
P100098 4.476 3.878 -3.408 1.465
P100099 4.183 3.820 -2.979 1.339
P100100 4.229 3.894 -4.083 1.407
P100102 4.369 4.285 -4.334 0.900
P100104 4.239 3.749 -4.007 2.323
P100106 3.675 3.880 -3.618 0.936
P100107 4.010 4.051 -3.577 1.178
P100108 4.249 3.936 -2.887 1.272
P100109 4.051 3.637 -3.567 1.292
P100111 3.635 4.064 -3.387 0.920
P100112 4.041 3.929 -3.281 1.133
P100113 3.669 3.829 -3.251 1.227
P100114 3.886 3.805 -3.189 1.706
P100115 3.946 3.932 -3.598 1.451
P100116 3.768 3.977 -3.715 0.828
P100117 4.157 3.963 -3.654 1.608
P100119 4.039 4.047 -3.579 1.306
P100122 4.275 3.871 -3.498 0.865
P100125 4.211 4.233 -3.639 1.431
P100126 3.834 3.841 -3.744 1.604
P100128 3.788 3.976 -3.767 0.567
P100129 3.693 4.119 -3.292 0.461
P100131 4.179 3.665 -4.071 1.959
P100133 3.813 3.869 -3.478 0.844
P100135 4.199 3.895 -3.856 1.220
P100136 3.472 3.916 -3.194 1.127
P100137 4.021 3.580 -3.585 2.502
P100138 4.089 3.992 -3.214 1.088
P100139 3.946 3.796 -3.511 1.122
P100140 4.187 4.067 -4.018 1.215
P100141 3.880 3.855 -3.511 1.291
P100142 3.908 3.776 -3.831 1.869
P100145 3.784 3.815 -3.725 0.743
P100147 3.827 3.936 -3.708 1.465
P100149 4.082 4.087 -3.653 0.817
P100150 4.328 4.051 -4.064 1.849
P100151 4.063 3.732 -3.532 1.301
P100154 3.924 3.815 -3.543 0.997
P100155 3.620 3.789 -3.765 0.915
P100158 4.461 4.489 -2.733 6.915
P100159 4.048 3.875 -3.353 1.917
P100161 3.903 3.817 -3.380 2.373
P100162 4.032 3.960 -3.384 1.242
P100164 3.726 3.837 -3.502 1.174
P100166 4.084 3.743 -3.567 1.461
P100168 3.969 3.938 -3.654 1.295
P100170 4.120 4.174 -3.686 1.567
P100172 4.089 3.922 -3.658 1.220
P100174 3.974 4.014 -3.651 0.858
P100176 4.313 3.930 -3.365 1.540
P100178 4.710 4.194 -3.609 1.516
P100180 3.938 3.989 -3.554 0.522
P100182 4.026 3.999 -3.538 1.431
P100183 4.095 4.104 -4.024 0.923
P100185 4.678 4.363 -3.618 1.948
P100187 4.010 3.921 -3.470 1.636
P100188 4.189 4.159 -4.082 0.866
P100190 3.723 3.755 -3.567 0.695
P100192 4.401 3.912 -3.726 1.530
P100194 4.393 4.182 -4.143 2.170
P100197 4.612 4.009 -4.004 1.837
P100198 4.307 4.391 -3.735 0.767
P100201 4.450 4.266 -4.483 0.859
P100203 4.318 4.086 -4.165 1.059
P100205 4.212 3.910 -4.221 1.546
P100206 3.984 4.094 -3.909 1.214
P100208 3.634 3.954 -3.426 1.524
P100210 4.621 4.181 -3.755 2.265
P100211 3.953 3.958 -4.011 0.913
P100213 4.350 4.151 -3.594 1.326
P100215 4.014 3.970 -3.948 1.133
P100216 4.336 4.045 -3.216 2.273
P100219 4.317 4.250 -3.808 0.733
P100220 4.047 3.918 -3.740 1.189
P100222 4.343 4.107 -3.738 1.824
P100226 4.139 3.885 -3.421 1.100
P100228 4.190 3.830 -3.535 1.576
P100231 4.311 4.012 -2.785 0.798
P100232 4.285 3.995 -3.301 1.335
P100234 4.196 4.189 -3.727 0.551
P100235 4.735 3.870 -3.792 2.033
P100237 3.956 4.008 -3.642 0.815
P100239 4.347 4.044 -3.489 2.452
P100241 3.967 3.877 -4.318 0.824
P100242 4.166 4.211 -3.231 1.463
P100244 4.100 4.110 -3.618 0.794
P100245 4.238 4.321 -2.943 1.487
P100249 4.188 3.964 -3.821 1.891
P100252 4.062 3.985 -3.421 1.256
P100255 4.135 3.786 -3.617 1.162
P100257 4.346 4.239 -3.321 1.893
P100260 3.900 3.903 -4.195 1.085
P100262 3.973 3.994 -4.051 0.760
P100264 3.890 3.921 -3.751 0.686
P100265 3.982 4.044 -3.689 0.747
P100267 4.060 3.930 -3.914 1.333
P100270 3.796 4.256 -3.671 1.122
P100271 4.168 4.032 -3.004 1.422
P100273 4.301 3.794 -4.067 1.319
P100274 4.615 4.119 -3.974 2.178
P100276 4.239 3.906 -4.062 2.112
P100278 4.023 4.195 -3.891 0.919
P100280 4.234 3.896 -3.943 2.069
P100281 4.425 4.286 -3.091 1.345
P100285 4.211 3.935 -4.426 1.554
P100287 3.958 3.828 -3.557 1.663
P100289 4.309 4.233 -3.744 1.775
P100291 4.142 3.906 -3.925 1.420
P100292 3.930 4.155 -3.730 1.033
P100293 3.859 4.230 -3.294 0.490
P100296 4.173 3.687 -4.390 1.350
P100298 4.542 4.295 -3.731 0.646
P100299 4.274 4.279 -3.763 1.166
P100301 4.456 4.032 -3.671 1.659
P100302 4.211 3.624 -3.364 2.487
P100304 3.956 4.060 -2.970 0.741
P100306 3.884 4.097 -3.272 1.115
P100307 3.826 3.983 -3.833 1.073
P100310 4.564 4.085 -3.850 2.154
P100312 3.998 3.959 -3.285 1.154
P100313 4.125 4.173 -3.785 0.748
P100316 3.837 3.982 -3.595 0.842
P100318 4.231 3.723 -4.278 1.242
P100320 4.488 4.400 -4.611 1.148
P100321 4.290 4.034 -3.784 1.302
P100322 4.195 4.343 -2.894 1.747
P100324 4.465 4.115 -3.979 1.605
P100327 4.119 3.780 -3.670 1.614
P100329 3.879 3.839 -3.673 0.545
P100330 3.912 3.979 -3.913 1.062
P100331 4.200 4.034 -4.158 1.832
P100333 3.775 3.999 -4.153 2.065
P100336 4.032 3.849 -3.498 0.936
P100338 4.325 4.240 -2.901 1.340
P100340 3.916 3.978 -3.589 0.722
P100341 4.225 4.137 -3.355 2.453
P100344 4.454 4.090 -3.155 1.844
P100346 4.201 3.835 -3.801 1.538
P100348 4.514 4.050 -3.596 1.430
P100350 4.117 3.986 -4.025 1.628
P100351 3.986 4.089 -3.836 1.166
P100354 4.207 4.222 -3.967 1.020
P100356 4.558 4.167 -3.727 1.183
P100358 4.366 3.971 -3.851 1.284
P100359 3.942 3.963 -3.520 1.974
P100361 4.282 4.060 -3.652 1.379
P100365 3.983 3.843 -3.043 1.645
P100366 4.066 4.153 -3.700 0.949
P100368 4.510 4.175 -3.010 2.124
P100371 4.388 4.246 -3.750 0.915
P100373 4.122 4.075 -3.706 1.014
P100375 4.322 4.152 -3.933 1.311
P100379 4.284 3.837 -3.832 1.325
P100380 4.272 3.938 -3.412 1.775
P100382 4.413 4.151 -3.767 2.571
P100384 4.430 3.965 -3.381 3.150
P100387 4.134 3.990 -3.530 0.645
P100388 3.868 3.947 -3.553 1.684
P100389 4.260 4.206 -3.234 1.604
P100392 4.185 3.787 -3.500 1.319
P100395 3.826 3.983 -3.438 1.885
P100397 4.381 4.029 -4.128 1.300
P100399 3.969 4.029 -4.005 1.173
P100401 4.328 4.161 -4.126 0.880
P100403 4.235 3.849 -3.745 1.340
P100404 3.810 3.785 -3.753 1.075
P100406 3.883 3.964 -3.585 2.032
P100408 3.684 3.775 -3.710 1.137
P100414 4.334 3.874 -4.158 2.578
P100415 4.387 4.454 -4.035 1.510
P100419 4.105 4.064 -2.599 1.215
P100421 4.393 4.055 -3.714 2.165
P100425 3.940 3.744 -3.440 1.425
P100429 4.037 4.034 -3.507 1.251
P100434 4.006 4.041 -3.922 1.135
P100438 3.831 4.107 -3.577 1.330
P100439 4.351 3.945 -3.146 1.579
P100443 4.136 4.130 -4.136 0.945
P100445 3.602 3.721 -4.044 0.728
P100448 3.832 3.724 -4.017 1.747
P100450 4.109 3.771 -4.080 2.661
P100453 4.233 4.284 -3.338 2.197
P100456 3.824 3.896 -3.931 0.832
P100457 3.888 3.937 -4.042 0.759
P100459 3.883 4.182 -3.486 0.595
P100462 4.201 3.689 -3.743 1.267
P100464 4.256 3.904 -4.366 1.033
P100466 4.349 4.175 -4.787 1.119
P100467 3.818 3.934 -3.640 1.079
P100468 4.389 3.989 -4.025 1.026
P100469 4.032 3.900 -3.003 1.281
P100470 3.668 3.983 -3.708 1.240
P100471 3.819 4.026 -3.890 2.457
P100472 3.987 3.992 -4.190 0.692
P100473 4.170 4.109 -3.342 2.046
P100475 4.252 4.246 -3.434 2.125
P100476 4.239 3.880 -2.956 2.266
P100478 4.071 3.888 -3.529 1.771
P100479 3.784 3.877 -3.644 0.861
P100480 4.499 4.097 -3.308 1.953
P100482 4.057 3.935 -3.318 2.300
P100484 4.099 4.134 -3.824 0.889
P100486 3.768 3.708 -3.804 0.635
P100487 4.331 3.803 -3.564 1.890
P100490 4.428 4.221 -4.274 0.872
P100491 3.880 4.122 -4.017 1.974
P100492 3.842 4.013 -3.581 1.121
P100493 4.087 3.959 -3.496 2.168
P100494 4.125 3.763 -3.616 1.040
P100495 4.566 4.226 -2.828 1.647
P100496 4.333 4.075 -3.833 1.784
P100497 3.896 3.937 -3.832 1.233
P100498 4.137 4.190 -3.537 1.586
P100499 3.980 3.868 -3.694 1.369
P100500 3.673 3.934 -3.458 0.796
P100501 4.519 4.118 -3.771 1.862
P100502 3.999 3.880 -3.172 2.301
P100503 3.992 4.073 -3.880 1.841
P100504 3.808 3.883 -3.355 0.936
P100505 4.200 4.153 -3.023 1.557
P100506 4.334 4.313 -4.436 1.743
P100507 3.868 3.778 -3.197 0.174
P100508 4.361 4.098 -4.164 1.938
P100510 4.283 4.330 -3.388 1.924
P100511 4.240 4.102 -3.816 6.703
P100512 3.913 4.152 -3.815 1.376
P100514 4.372 3.945 -4.109 1.520
P100516 4.124 3.865 -3.885 2.578
P100518 4.232 3.918 -3.751 2.095
P100520 4.473 4.087 -3.247 1.555
P100521 4.000 3.947 -3.757 1.707
P100523 4.088 3.944 -3.584 1.427
P100525 4.369 4.250 -3.397 1.128
P100529 3.949 4.012 -3.956 1.647
P100531 4.264 4.169 -3.935 0.743
P100533 4.507 4.105 -3.898 1.171
P100535 4.460 4.113 -3.986 1.219
P100537 4.000 4.004 -3.882 1.579
P100538 4.607 4.233 -3.220 1.895
P100543 4.302 4.016 -3.085 2.104
P100545 3.951 3.796 -4.099 1.001
P100547 4.609 4.157 -3.492 1.280
P100548 4.598 4.125 -3.785 1.572
P100549 4.191 4.253 -4.004 0.940
P100550 3.896 4.020 -3.855 0.784
P100552 3.781 3.999 -3.479 0.960
P100553 4.324 3.958 -3.982 1.699
P100554 4.475 4.301 -4.365 0.945
P100555 4.335 3.787 -3.985 1.481
P100556 3.714 3.714 -3.593 0.851
P100557 4.041 4.067 -4.215 1.498
P100558 4.070 3.856 -3.371 1.752
P100559 4.434 4.186 -3.208 1.385
P100560 3.791 3.890 -3.958 0.957
P100561 4.145 3.961 -3.590 1.614
P100562 4.275 4.160 -3.874 1.926
P100563 3.874 3.936 -3.644 1.051
P100564 4.174 4.123 -3.548 1.241
P100565 4.509 4.164 -3.291 2.011
P100566 4.187 3.748 -3.987 1.145
P100567 4.184 3.758 -3.771 1.526
P100569 4.350 4.260 -3.040 1.765
P100570 3.903 4.043 -4.134 1.516
P100572 4.157 4.059 -3.994 0.595
P100573 3.859 3.805 -2.398 0.256
P100574 4.261 3.872 -4.172 1.139
P100575 4.443 4.287 -4.561 0.571
P100577 4.330 4.037 -4.158 1.208
P100580 4.338 4.259 -3.417 1.148
P100581 3.872 3.977 -3.787 0.648
P100583 4.436 4.049 -3.767 2.533
P100584 3.985 3.976 -3.102 1.572
P100586 4.559 4.198 -3.061 0.914
P100589 3.908 3.941 -3.826 0.767
P100590 4.034 3.930 -3.942 0.510
P100593 4.397 4.007 -4.239 1.261
P100596 4.159 4.012 -3.436 1.671
P100599 4.245 3.826 -4.103 1.845
P100600 4.513 4.121 -3.272 0.943
P100603 4.221 4.208 -3.856 6.230
P100604 3.959 3.921 -3.809 0.668
P100607 4.417 4.197 -3.701 1.709
P100608 4.130 3.856 -3.829 1.567
P100610 4.333 4.280 -3.886 0.651
P100612 4.166 3.779 -3.711 0.726
P100614 4.148 4.009 -3.030 1.660
P100617 4.210 3.924 -3.342 1.134
P100619 4.344 3.781 -4.005 2.032
P100621 4.389 4.393 -4.441 1.240
P100623 4.250 4.048 -4.119 1.154
P100624 4.201 4.156 -3.696 3.309
P100627 4.166 3.780 -4.555 1.916
P100629 3.862 4.024 -3.828 1.690
P100632 4.445 4.020 -4.402 1.789
P100634 4.070 4.037 -3.485 1.984
P100638 3.879 3.900 -3.913 1.718
P100641 4.059 4.124 -4.036 2.133
P100643 4.063 3.877 -3.723 2.695
P100646 4.114 4.186 -3.889 0.716
P100648 3.781 3.913 -3.798 0.835
P100649 3.933 3.953 -3.877 0.864
P100650 4.606 4.007 -4.244 1.336
P100653 3.877 3.874 -3.434 1.206
P100655 4.276 3.860 -3.903 1.548
P100659 4.208 3.786 -4.219 2.737
P100663 4.393 4.034 -4.323 2.500
P100674 4.032 3.973 -4.413 0.980
P100675 4.300 4.341 -3.728 0.567
P100681 4.570 4.071 -4.586 1.701
P100684 4.418 4.135 -4.126 1.833
P100687 4.547 4.120 -4.074 2.834
P100692 4.293 3.850 -4.278 2.984
P100695 3.889 4.087 -3.628 1.390
P100701 4.279 4.348 -3.342 2.069
P100705 4.199 4.091 -4.620 1.215
P100707 4.464 3.993 -4.267 1.561
P100709 4.259 3.815 -4.122 2.346
P100714 3.845 4.008 -3.972 0.944
P100717 4.439 4.297 -4.336 0.897
P100722 4.338 3.855 -4.000 1.839
P100725 4.108 4.064 -4.317 1.495
P100729 4.015 4.072 -3.840 2.069
P100733 4.428 4.271 -4.147 1.082
P100736 3.760 4.058 -3.745 0.654
P100740 4.105 3.855 -3.459 1.660
P100743 3.836 3.895 -3.735 0.790
P100747 4.439 3.995 -4.084 1.056
P100751 4.283 3.970 -3.113 1.530
P100753 4.433 4.362 -3.016 1.509
P100762 3.998 4.083 -3.654 1.170
P100767 4.251 4.250 -3.998 0.593
P100770 4.529 4.170 -3.225 1.112
P100773 4.504 3.997 -3.649 1.968
P100776 3.995 3.962 -4.419 1.118
P100782 4.254 4.224 -3.406 1.414
P100790 4.248 3.907 -4.441 0.970
P100793 4.166 3.948 -3.620 1.450
P100796 4.233 3.939 -3.768 1.335
P100798 4.049 3.919 -3.376 0.725
P100801 4.330 3.945 -4.309 1.359
P100803 4.550 3.900 -4.089 2.262
P100804 4.249 4.332 -3.708 0.699
P100807 3.921 3.936 -4.354 0.945
P100810 4.252 3.985 -3.696 1.205
P100813 4.249 3.790 -3.989 1.510
P100815 4.354 4.069 -3.561 1.161
P100817 4.263 3.800 -5.064 2.476
P100819 3.902 4.164 -3.948 1.181
P100820 4.257 4.344 -3.230 1.031
P100823 4.013 3.888 -3.756 1.230
P100826 3.869 4.220 -3.076 1.110
P100829 3.916 4.107 -4.068 0.604
P100833 4.177 3.873 -3.756 1.639
P100834 3.948 3.875 -4.123 1.738
P100836 4.265 4.262 -4.302 1.968
P100837 4.293 3.823 -3.649 1.405
P100841 4.118 3.494 -2.689 1.318
P100842 3.743 3.911 -3.263 1.106
P100843 3.869 3.940 -3.703 1.348
P100844 4.324 3.944 -4.101 2.655
P100846 4.268 4.259 -3.581 2.238
P100847 3.926 3.883 -4.189 1.800
P100848 3.842 3.934 -3.737 1.303
P100849 4.207 3.726 -3.802 1.545
P100850 4.411 4.129 -3.589 1.055
P100851 4.256 4.182 -3.813 1.715
P100852 4.389 4.332 -4.195 0.833
P100853 4.284 3.877 -4.272 2.578
P100854 3.880 4.094 -3.531 0.711
P100855 3.942 4.014 -3.309 1.571
P100856 4.302 3.984 -3.825 1.085
P100857 4.237 3.889 -3.709 7.434
P100858 3.635 3.795 -3.201 1.081
P100859 4.501 3.712 -3.311 1.586
P100860 4.035 4.036 -3.478 1.193
P100861 3.750 3.850 -3.329 0.915
P100862 4.156 3.964 -3.242 2.016
P100864 3.983 3.826 -3.826 1.253
P100865 3.889 3.816 -3.179 1.713
P100866 4.318 3.937 -3.074 1.585
P100867 4.213 3.928 -3.381 2.428
P100868 4.043 4.139 -4.118 1.994
P100869 3.836 3.788 -3.335 1.013
P100870 3.930 3.745 -3.457 1.138
P100871 3.597 3.892 -3.658 0.966
P100872 4.461 3.903 -3.050 1.080
P100873 3.916 3.862 -3.054 2.058
P100874 3.865 4.038 -3.866 1.457
P100875 4.019 4.122 -3.435 1.997
P100876 4.299 3.901 -3.476 8.033
P100877 4.535 4.233 -3.203 7.743
P100878 4.477 4.316 -2.837 1.932
P100879 4.331 4.419 -2.445 2.434
P100881 4.030 4.090 -3.419 0.828
P100882 4.389 4.313 -3.340 1.862
P100884 4.196 3.964 -3.490 1.641
P100886 4.486 3.906 -4.115 1.394
P100887 4.471 3.964 -3.742 1.291
P100888 3.926 3.786 -3.640 0.666
P100891 3.800 3.937 -3.423 0.692
P100892 4.557 4.012 -2.844 1.494
P100894 4.138 4.021 -2.835 1.115
P100896 4.303 3.873 -3.304 1.317
P100897 4.276 3.873 -3.237 1.121
P100899 4.283 4.038 -2.938 1.113
P100901 3.987 4.095 -3.431 1.589
P100903 3.766 3.978 -4.060 1.060
P100904 4.055 3.895 -3.805 1.280
P100905 4.201 4.138 -3.708 1.422
P100906 4.259 3.762 -4.108 2.093
P100907 4.092 3.855 -3.726 1.776
P100908 4.129 3.988 -3.008 1.097
P100909 4.217 3.942 -3.396 1.365
P100910 3.910 4.065 -3.725 0.878
P100911 4.305 4.254 -4.168 0.820
P100912 3.813 3.935 -3.700 1.355
P100913 4.046 4.047 -3.417 3.104
P100915 4.154 3.730 -3.211 1.577
P100916 3.795 3.859 -3.503 1.230
P100917 3.886 3.970 -3.800 1.253
P100919 4.367 4.012 -3.865 1.264
P100920 4.503 4.192 -3.099 7.273
P100921 3.707 3.760 -3.849 1.389
P100922 4.199 4.093 -3.374 2.391
P100923 3.771 3.807 -3.776 1.058
P100924 4.283 4.048 -3.254 2.546
P100925 4.380 3.923 -3.329 1.378
P100926 3.968 3.626 -3.981 1.235
P100927 3.969 3.756 -3.995 3.149
P100929 4.085 3.732 -3.677 1.184
P100930 3.841 3.894 -3.557 3.006
P100931 3.932 3.971 -3.794 0.966
P100932 3.642 3.621 -3.570 0.673
P100934 3.971 3.916 -4.036 1.849
P100935 3.964 3.906 -4.254 1.051
P100939 4.644 4.295 -3.192 1.741
P100946 3.917 4.012 -3.501 2.788
P100947 3.933 4.003 -3.691 0.797
P100951 4.113 4.174 -3.750 0.568
P100952 3.700 3.695 -3.270 1.749
P100953 4.128 4.086 -2.403 0.322
P100955 4.042 3.746 -4.068 1.582
P100956 3.745 3.821 -3.789 0.821
P100957 3.695 3.889 -3.374 1.000
P100958 4.079 4.026 -2.687 1.880
P100959 3.982 3.806 -2.775 1.057
P100960 4.202 4.215 -3.900 0.849
P100961 4.083 3.798 -3.885 2.460
P100962 3.777 3.874 -3.769 1.148
P100963 4.181 3.730 -4.093 1.141
P100965 4.448 4.172 -2.545 1.122
P100966 4.622 4.071 -3.741 1.544
P100968 4.325 4.222 -3.621 0.678
P100970 4.446 4.066 -3.697 6.691
P100972 3.908 4.124 -3.452 0.645
P100975 4.072 3.973 -4.068 0.811
P100977 4.030 3.987 -3.732 1.171
P100978 4.308 4.240 -3.451 1.256
P100980 3.788 3.855 -3.928 0.995
P100981 4.132 3.887 -3.963 1.096
P100982 4.359 3.717 -3.704 1.422
P100983 4.325 4.025 -2.858 1.322
P100984 4.228 3.909 -3.580 0.799
P100987 4.088 4.051 -3.280 2.535
P100988 4.177 3.972 -3.066 1.876
P100992 4.285 3.891 -3.756 1.706
P100995 3.868 3.841 -3.567 1.540
P100996 3.826 3.745 -3.737 1.326
P100997 3.936 3.873 -3.903 0.785
P100999 4.098 4.161 -2.999 1.699
P101000 3.913 3.872 -3.633 1.503
P101001 3.784 3.949 -4.033 1.096
P101002 3.740 3.902 -3.477 1.469
P101003 4.195 3.668 -3.682 1.572
P101004 4.240 4.308 -3.450 1.492
P101005 4.280 4.038 -3.692 1.636
P101006 4.325 4.350 -4.355 1.677
P101007 4.231 3.893 -3.636 1.671
P101008 3.628 3.696 -3.519 1.061
P101009 3.911 4.104 -3.821 1.167
P101010 3.992 3.992 -2.887 2.558
P101011 4.566 4.020 -3.178 2.775
P101012 3.479 3.997 -3.659 1.330
P101013 3.936 3.853 -3.667 1.555
P101014 4.230 4.217 -3.868 2.641
P101015 3.794 3.950 -3.538 1.053
P101016 4.387 4.083 -3.563 2.318
P101017 4.570 4.071 -3.437 6.982
P101018 4.161 3.847 -3.568 2.116
P101019 3.994 3.921 -2.215 1.248
P101021 4.351 4.041 -3.441 0.659
P101022 3.887 4.167 -3.872 1.811
P101024 4.247 3.829 -3.734 2.522
P101025 4.101 4.067 -3.501 1.413
P101026 4.252 3.784 -3.991 1.796
P101027 4.399 3.984 -3.702 1.307
P101029 4.055 3.725 -3.490 1.596
P101030 4.235 4.304 -3.503 2.221
P101031 3.786 3.830 -3.589 1.520
P101032 4.273 4.006 -3.201 2.475
P101033 4.743 4.018 -2.968 1.322
P101034 4.225 3.846 -3.491 1.350
P101035 4.085 3.862 -3.000 1.277
P101036 4.373 3.983 -3.102 2.035
P101037 3.924 4.019 -3.595 1.158
P101038 4.126 4.163 -3.774 1.049
P101039 4.558 4.009 -3.436 2.407
P101040 4.468 4.079 -2.946 1.564
P101041 4.185 3.853 -3.837 1.280
P101042 3.819 3.770 -3.366 0.195
P101047 4.373 3.928 -3.613 1.316
P101048 4.322 4.352 -3.355 1.833
P101050 4.059 3.908 -3.670 1.320
P101052 4.348 3.983 -3.935 0.962
P101053 4.679 4.134 -4.135 1.829
P101054 4.353 4.269 -3.679 1.041
P101055 4.102 4.034 -3.928 1.264
P101056 4.454 4.039 -3.631 1.586
P101057 4.337 3.850 -3.749 1.604
P101058 4.019 3.867 -3.808 0.615
P101059 4.076 4.078 -2.907 1.809
P101062 3.902 3.873 -3.833 0.920
P101064 4.303 4.176 -4.239 0.941
P101066 4.027 3.852 -4.106 1.500
P101068 3.713 3.523 -3.750 0.626
P101069 3.980 3.973 -3.710 0.904
P101071 3.776 3.880 -3.306 1.463
P101073 4.035 3.987 -3.847 1.314
P101074 4.039 3.928 -3.964 0.776
P101075 4.396 4.274 -3.137 2.457
P101076 4.288 3.954 -3.072 1.188
P101078 4.100 3.525 -3.891 1.244
P101080 4.033 4.117 -3.508 1.427
P101082 3.872 4.033 -3.915 2.156
P101084 4.313 3.673 -3.972 1.938
P101085 4.495 3.947 -4.270 1.879
P101087 4.211 4.007 -4.237 1.789
P101089 4.413 4.427 -4.426 1.489
P101092 4.392 3.926 -3.588 2.461
P101094 3.651 3.797 -3.633 0.779
P101095 4.240 3.793 -4.025 0.957
P101098 3.776 3.957 -3.911 0.703
P101100 4.167 4.216 -3.693 1.073
P101102 4.055 4.007 -3.876 0.946
P101104 3.659 3.871 -3.487 1.360
P101106 3.795 3.752 -3.579 0.961
P101107 4.346 4.235 -3.503 2.127
P101108 4.169 3.877 -3.890 1.722
P101109 3.864 3.882 -3.995 1.971
P101110 4.421 4.138 -3.890 1.114
P101111 4.040 3.942 -3.558 2.337
P101112 4.281 4.107 -3.725 0.735
P101113 3.879 3.966 -3.570 1.103
P101114 4.070 3.879 -4.167 0.946
P101116 4.325 3.987 -3.351 1.312
P101123 4.243 4.200 -3.805 1.412
P101125 3.809 3.839 -3.737 0.887
P101126 4.374 4.171 -3.600 1.918
P101127 4.551 4.328 -4.491 1.138
P101128 4.373 3.989 -3.600 1.614
P101129 4.238 4.263 -2.361 7.112
P101130 4.261 3.738 -3.963 1.393
P101131 3.958 4.230 -3.412 0.548
P101132 3.706 3.709 -3.281 1.926
P101133 4.019 3.554 -3.733 0.772
P101137 4.138 4.081 -3.000 1.771
P101139 4.621 4.182 -3.097 2.128
P101140 4.414 4.163 -4.138 1.751
P101141 4.566 4.037 -4.413 1.400
P101142 4.393 4.241 -4.061 0.698
P101143 3.998 3.982 -4.113 1.885
P101144 4.145 4.069 -4.565 1.977
P101146 4.200 3.915 -3.995 2.665
P101147 4.604 3.984 -3.819 2.554
P101148 4.270 4.012 -3.901 1.272
P101149 4.007 4.001 -3.760 1.642
P101150 4.387 4.196 -3.533 1.935
P101151 4.151 3.831 -3.949 1.828
P101152 3.898 3.906 -3.774 0.799
P101153 4.660 4.239 -3.356 2.552
P101154 4.056 3.883 -3.538 2.075
P101155 4.238 3.871 -3.309 0.921
P101157 4.151 3.865 -3.566 1.867
P101158 4.215 4.164 -4.235 1.521
P101159 3.829 4.020 -3.820 0.834
P101160 3.909 4.077 -3.525 1.144
P101161 3.910 4.015 -3.188 0.901
P101162 4.141 3.934 -3.174 1.051
P101164 4.010 3.895 -3.927 1.426
P101166 4.437 4.325 -3.602 2.549
P101167 4.041 3.896 -3.700 0.845
P101170 4.372 3.964 -3.802 1.627
P101171 4.377 3.990 -3.627 1.207
P101172 4.292 3.775 -3.831 2.103
P101175 4.079 3.852 -3.902 1.151
P101177 4.284 4.088 -3.869 1.248
P101179 4.070 3.980 -3.990 0.692
P101182 4.338 4.239 -3.708 0.975
P101183 4.586 4.057 -3.870 1.061
P101185 4.411 4.033 -3.530 2.304
P101188 3.750 3.896 -3.804 0.667
P101193 4.352 3.929 -3.739 1.466
P101194 3.845 3.883 -3.123 1.950
P101198 3.948 4.042 -3.817 1.041
P101202 3.657 3.684 -3.848 0.935
P101205 4.156 3.681 -3.764 2.156
P101209 4.291 4.197 -4.103 1.224
P101212 4.001 3.911 -3.952 1.093
P101216 4.139 4.003 -3.132 1.970
P101217 4.369 4.280 -4.185 1.073
P101218 4.271 3.998 -3.346 2.442
P101219 4.372 3.849 -4.152 1.561
P101220 4.487 4.328 -4.657 0.991
P101221 4.224 3.999 -3.896 2.352
P101222 4.194 3.876 -4.316 2.529
P101223 3.980 4.220 -3.562 0.763
P101224 4.007 3.969 -4.040 0.835
P101225 3.948 3.930 -4.150 0.767
P101226 4.360 4.356 -3.229 1.875
P101228 4.336 3.862 -4.069 1.331
P101229 3.991 4.095 -3.299 1.124
P101230 3.913 3.867 -3.025 1.676
P101231 3.804 3.822 -3.566 0.942
P101233 4.255 4.006 -2.449 1.030
P101234 3.882 3.893 -3.692 1.563
P101235 4.058 4.161 -3.212 1.754
P101236 3.873 3.903 -3.068 1.253
P101237 4.289 3.870 -3.457 1.480
P101238 4.099 3.827 -3.504 1.047
P101239 4.408 4.193 -4.073 0.824
P101240 4.372 3.813 -3.351 1.230
P101241 3.900 3.738 -3.628 0.897
P101242 4.157 4.019 -3.589 0.778
P101243 4.157 3.960 -3.024 1.683
P101244 4.233 3.992 -3.911 1.579
P101245 3.942 3.989 -3.438 0.937
P101248 3.711 3.767 -3.747 1.586
P101251 3.944 4.039 -3.075 1.629
P101254 3.706 3.713 -3.447 1.268
P101255 3.994 4.212 -3.984 0.930
P101256 4.024 4.141 -3.417 2.495
P101257 4.369 4.090 -3.553 1.887
P101258 3.670 4.019 -3.366 0.842
P101259 4.023 3.935 -3.463 2.087
P101260 4.186 4.247 -3.406 2.139
P101261 3.933 3.822 -3.790 1.754
P101262 4.506 4.128 -3.716 1.209
P101266 4.037 3.663 -3.859 1.446
P101271 4.122 3.903 -3.804 1.034
P101272 4.325 3.968 -3.841 1.863
P101274 3.899 4.002 -3.483 1.189
P101275 4.265 4.243 -3.999 1.232
P101276 4.449 4.057 -3.095 1.823
P101279 4.140 3.492 -3.684 2.048
P101282 3.717 3.996 -3.380 0.541
P101287 3.804 3.910 -3.519 0.765
P101292 3.864 3.735 -3.624 0.786
P101293 4.130 3.888 -3.404 1.074
P101295 4.258 4.087 -3.551 1.865
P101296 4.430 4.005 -4.039 2.346
P101300 4.461 3.928 -3.711 1.150
P101301 4.723 3.970 -3.501 1.704
P101302 4.212 4.233 -4.096 1.091
P101303 3.951 3.990 -3.892 1.067
P101304 4.342 4.017 -3.573 2.487
P101306 4.313 4.067 -3.623 1.187
P101307 4.160 3.897 -3.866 0.928
P101308 4.440 4.144 -3.334 1.645
P101309 4.306 4.008 -4.089 2.423
P101310 3.986 3.744 -3.529 0.989
P101311 4.333 4.312 -3.813 1.543
P101312 3.947 3.824 -3.725 1.798
P101313 3.999 4.067 -3.869 1.794
P101315 4.167 3.862 -3.792 2.223
P101316 4.549 4.104 -3.501 1.442
P101319 4.307 3.964 -3.806 1.789
P101320 3.971 3.968 -3.841 0.903
P101323 3.929 3.727 -3.554 1.575
P101325 4.287 4.271 -3.463 0.697
P101326 4.015 3.963 -3.869 0.690
P101327 4.089 4.082 -3.322 1.872
P101328 4.634 4.429 -3.530 2.491
P101329 3.938 3.970 -4.106 1.409
P101332 3.960 3.913 -4.061 1.655
P101334 4.298 4.434 -3.419 1.405
P101335 3.963 3.975 -3.770 0.661
P101338 4.341 3.744 -3.659 2.216
P101339 4.668 4.146 -3.433 1.858
P101342 4.221 3.871 -3.550 1.195
P101344 4.216 4.110 -3.703 1.950
P101347 3.958 4.043 -3.883 0.805
P101350 4.294 4.156 -3.926 0.686
P101352 4.527 4.052 -3.353 0.737
P101353 4.293 4.057 -3.946 1.229
P101355 4.604 4.104 -3.542 2.740
P101357 3.795 4.126 -3.521 1.049
P101358 4.072 3.865 -3.958 1.296
P101359 4.076 4.035 -3.589 1.195
P101362 4.321 4.220 -3.301 2.102
P101364 4.016 3.883 -3.886 0.922
P101365 4.513 4.088 -3.044 1.535
P101366 3.922 3.825 -3.598 1.334
P101368 4.189 3.850 -3.487 1.269
P101369 4.313 3.946 -3.800 1.435
P101373 3.975 4.051 -3.710 0.834
P101375 4.227 4.215 -3.878 0.847
P101378 4.463 4.062 -3.925 1.619
P101379 4.290 3.857 -3.824 1.569
P101380 3.830 4.012 -3.231 0.880
P101381 3.950 4.034 -3.835 1.292
P101382 3.926 4.028 -3.809 0.991
P101383 4.265 3.985 -4.137 2.066
P101385 4.209 3.799 -3.743 1.180
P101387 4.313 4.043 -3.348 1.791
P101388 4.424 4.053 -3.558 2.082
P101389 4.455 4.091 -3.903 1.997
P101391 4.492 4.024 -3.877 2.273
P101394 4.331 4.451 -3.615 1.172
P101395 4.037 4.008 -3.955 0.771
P101397 3.928 3.861 -3.709 0.998
P101398 4.321 3.835 -3.661 1.901
P101400 4.536 4.082 -3.281 1.557
P101402 3.886 3.961 -3.928 0.870
P101404 4.016 4.192 -4.225 1.454
P101405 3.705 3.673 -3.656 0.790
P101406 4.308 4.039 -3.373 1.794
P101407 4.276 4.231 -4.143 1.104
P101408 4.006 4.021 -2.757 1.211
P101409 4.446 4.131 -3.800 1.713
P101411 3.942 3.875 -3.714 1.751
P101414 4.284 3.997 -3.756 1.492
P101417 4.314 4.244 -3.140 1.570
P101419 3.919 4.057 -3.919 0.854
P101420 3.985 4.108 -3.896 0.974
P101422 3.790 4.045 -3.778 1.002
P101425 4.238 3.924 -3.732 1.714
P101427 4.392 3.945 -3.581 1.986
P101428 4.474 4.017 -3.519 1.818
P101430 4.425 4.257 -3.892 0.811
P101432 4.315 3.875 -2.692 1.159
P101434 3.768 3.698 -4.015 0.782
P101436 4.075 4.158 -4.106 0.884
P101439 4.064 3.901 -3.230 1.293
P101440 4.507 4.152 -3.273 2.038
P101441 3.675 3.840 -3.652 1.445
P101443 3.990 3.848 -3.565 1.448
P101445 4.302 4.010 -3.614 2.120
P101447 4.221 4.327 -2.566 3.273
P101449 4.367 4.305 -3.975 0.483
P101450 4.389 3.919 -3.840 1.577
P101452 4.521 4.223 -2.948 1.052
P101453 4.659 3.966 -3.774 1.411
P101454 4.350 4.318 -3.703 0.658
P101455 4.037 4.027 -3.596 1.313
P101457 4.181 3.849 -3.495 0.979
P101458 4.335 3.914 -3.780 1.414
P101459 4.227 3.931 -3.492 1.645
P101460 4.582 4.347 -2.924 0.999
P101461 4.162 4.068 -2.933 1.294
P101462 4.079 3.955 -3.437 0.955
P101464 4.011 3.631 -3.831 1.307
P101467 4.109 4.105 -3.289 1.571
P101468 3.802 3.789 -3.547 0.664
P101470 4.133 3.868 -2.768 0.311
P101471 4.260 3.744 -3.489 1.463
P101474 4.127 3.578 -3.785 1.397
P101476 4.008 3.745 -3.530 1.372
P101479 3.962 3.710 -2.757 1.007
P101481 4.229 4.024 -3.940 0.696
P101484 4.446 3.882 -3.779 1.183
P101485 4.262 3.889 -2.926 1.132
P101486 3.863 3.834 -3.682 0.822
P101488 4.152 3.869 -3.492 1.357
P101489 4.514 4.221 -3.244 1.873
P101490 4.169 3.947 -3.686 2.319
P101491 4.145 4.137 -3.551 0.768
P101492 3.820 3.912 -3.002 0.980
P101493 4.224 3.901 -3.712 1.691
P101494 4.358 4.246 -4.171 0.750
P101495 4.025 4.033 -3.639 1.263
P101496 4.419 4.065 -3.182 1.030
P101497 4.078 3.914 -3.853 2.394
P101498 4.200 3.834 -3.358 1.788
P101499 4.000 3.943 -3.613 1.149
P101500 3.924 3.914 -3.962 0.698
P101501 4.200 4.035 -4.160 1.838
P101502 4.257 3.956 -2.821 1.053
P101504 4.099 4.112 -3.418 1.666
P101505 3.859 4.026 -3.154 1.803
P101508 4.171 3.895 -3.920 0.976
P101511 4.327 4.384 -2.680 1.248
P101512 3.934 4.075 -3.483 1.127
P101515 3.938 3.953 -3.911 0.602
P101516 3.859 4.224 -3.180 1.015
P101519 4.315 3.797 -3.366 1.909
P101520 3.889 4.097 -3.248 1.287
P101521 4.318 4.242 -3.363 2.202
P101522 3.999 4.001 -3.577 0.828
P101523 3.973 4.110 -3.835 1.278
P101525 4.734 4.216 -3.466 2.798
P101526 4.124 4.028 -3.284 1.758
P101530 3.783 3.733 -3.267 0.123
P101538 4.229 3.835 -4.181 2.267
P101543 4.249 4.146 -3.782 1.864
P101547 3.875 3.918 -3.925 0.708
P101550 3.927 3.973 -3.900 0.541
P101552 3.835 3.922 -3.963 1.905
P101556 4.210 3.727 -4.229 2.123
P101559 4.376 4.052 -3.702 2.095
P101565 4.071 3.884 -4.055 1.076
P101567 4.441 4.384 -4.490 1.230
P101571 4.256 3.938 -4.469 1.259
P101575 3.803 3.864 -3.865 0.661
P101580 4.085 4.107 -3.896 0.525
P101583 4.030 3.848 -3.848 2.263
P101587 4.512 4.135 -3.405 1.181
P101591 3.780 4.033 -3.679 0.554
P101595 4.088 3.770 -3.712 1.611
P101597 4.342 4.146 -3.707 2.163
P101598 3.915 4.001 -4.172 0.644
P101604 4.147 3.790 -4.586 2.459
P101608 4.534 4.021 -3.396 1.355
P101609 4.508 4.264 -3.525 1.575
P101610 3.865 4.058 -2.447 1.599
P101611 3.866 3.854 -3.474 1.065
P101612 3.885 3.707 -3.723 1.102
P101613 4.193 4.199 -3.021 1.378
P101614 3.689 3.862 -3.488 2.484
P101615 4.184 3.917 -3.813 1.670
P101616 4.028 3.666 -3.808 1.127
P101617 3.989 3.658 -4.142 0.913
P101618 4.153 3.985 -3.515 1.459
P101620 4.588 4.169 -4.266 2.210
P101621 3.777 3.855 -4.123 1.175
P101622 4.134 4.108 -4.092 1.099
P101623 4.190 4.319 -3.514 1.769
P101624 4.052 4.005 -3.973 1.716
P101625 4.301 3.874 -4.059 2.100
P101627 4.346 4.408 -3.328 0.730
P101628 4.297 3.899 -3.228 1.602
P101631 3.830 3.828 -4.240 2.101
P101634 4.152 3.725 -3.793 1.832
P101635 4.103 4.102 -3.355 1.291
P101637 3.847 3.907 -3.847 1.823
P101638 4.071 3.677 -3.979 1.499
P101640 3.777 3.972 -3.760 1.610
P101642 4.171 3.626 -3.792 1.713
P101643 4.193 3.976 -4.006 1.199
P101645 4.330 4.324 -4.431 1.228
P101647 4.224 3.663 -4.184 2.451
P101648 3.700 3.744 -3.578 1.031
P101650 4.047 3.962 -4.154 0.565
P101651 3.904 3.695 -3.184 1.629
P101653 4.313 4.017 -3.606 1.891
P101655 3.729 3.952 -3.710 0.994
P101657 4.003 3.769 -3.961 2.036
P101660 4.184 4.147 -3.812 1.889
P101661 4.038 3.804 -4.222 1.065
P101663 4.039 3.880 -4.310 2.986
P101666 4.365 4.190 -4.470 1.801
P101668 4.221 4.193 -3.871 1.655
P101671 4.194 3.858 -4.096 1.341
P101672 3.944 3.958 -3.807 1.608
P101673 4.600 4.232 -2.676 1.494
P101674 4.337 3.957 -3.896 1.781
P101675 4.216 4.126 -3.667 1.589
P101676 3.928 3.940 -3.264 0.953
P101677 3.791 4.145 -3.194 0.765
P101678 4.780 4.157 -3.279 1.731
P101679 3.933 3.907 -4.044 2.005
P101683 4.661 4.029 -3.805 1.458
P101684 4.199 4.143 -4.093 1.049
P101685 4.374 3.989 -3.545 1.905
P101686 4.509 4.264 -4.213 0.854
P101687 4.296 4.136 -3.850 1.071
P101688 4.259 3.946 -3.590 1.369
P101689 3.894 4.024 -3.808 1.326
P101690 3.926 3.894 -3.565 1.522
P101694 4.213 3.771 -3.933 1.406
P101698 4.148 3.902 -3.450 1.193
P101700 4.372 4.161 -4.296 2.095
P101709 3.956 3.954 -3.922 1.574
P101710 3.789 3.795 -3.360 1.311
P101711 4.089 3.730 -4.054 2.072
P101713 3.965 3.990 -4.023 0.927
P101714 4.055 3.814 -3.792 1.592
P101716 4.549 4.493 -4.215 0.994
P101717 4.399 4.168 -3.560 2.341
P101718 3.985 3.888 -3.847 2.047
P101721 4.271 4.448 -3.696 1.623
P101723 3.920 4.014 -3.943 0.883
P101725 4.284 3.874 -3.966 1.817
P101727 4.393 4.021 -3.454 1.445
P101729 4.098 3.740 -4.285 1.458
P101731 4.159 3.862 -3.484 1.448
P101734 4.186 3.914 -3.419 1.302
P101736 3.963 3.939 -4.184 0.954
P101737 4.297 4.136 -4.179 1.107
P101739 4.518 3.849 -3.712 1.700
P101742 4.365 4.040 -3.492 7.856
P101743 4.334 4.317 -2.960 1.857
P101746 4.197 3.898 -3.670 1.564
P101747 3.879 4.108 -3.183 1.464
P101750 4.609 4.129 -3.904 1.748
P101751 4.120 4.056 -3.256 2.082
P101754 4.162 4.133 -3.924 1.611
P101756 3.950 3.815 -3.660 0.556
P101757 4.363 3.946 -4.161 1.276
P101759 4.587 3.960 -4.165 1.190
P101761 4.241 4.247 -3.990 0.619
P101764 4.430 4.001 -3.812 1.361
P101765 3.931 3.928 -3.550 1.516
P101768 4.114 4.058 -3.959 0.566
P101770 3.870 3.861 -4.047 0.756
P101771 4.125 3.857 -4.120 1.474
P101774 4.349 4.181 -4.541 0.531
P101775 4.130 3.910 -4.078 1.535
P101776 4.361 3.921 -3.882 1.518
P101778 4.142 3.922 -4.226 1.998
P101780 3.803 4.107 -4.021 2.032
P101782 3.951 3.939 -4.054 0.829
P101784 3.898 3.679 -3.910 1.213
P101787 3.908 3.926 -3.830 0.737
P101788 4.246 3.807 -3.855 0.908
P101792 3.809 3.661 -3.450 0.812
P101794 3.701 3.775 -3.799 1.328
P101795 4.159 3.781 -3.798 1.484
P101796 4.051 4.150 -3.248 1.289
P101797 3.800 3.879 -4.114 1.013
P101798 3.705 3.958 -4.040 1.698
P101799 3.848 3.982 -3.629 0.716
P101800 3.948 3.776 -4.040 1.577
P101801 4.216 4.055 -2.935 1.168
P101802 4.138 3.924 -3.796 0.980
P101803 4.223 4.109 -4.369 1.147
P101804 4.334 4.161 -3.728 1.155
P101806 3.782 3.654 -3.952 1.681
P101808 4.039 3.862 -3.824 1.080
P101809 3.944 3.953 -4.036 0.452
P101811 4.282 3.994 -4.198 1.825
P101816 4.090 3.861 -4.056 1.941
P101817 4.123 3.760 -4.011 1.274
P101820 4.461 3.929 -3.673 1.104
P101822 4.138 4.003 -4.033 2.216
P101823 4.030 4.060 -4.115 0.916
P101825 4.375 4.017 -3.050 7.133
P101827 4.210 3.733 -4.015 1.182
P101829 3.945 4.228 -3.151 0.539
P101830 3.933 4.143 -3.296 1.047
P101833 4.067 3.985 -3.484 0.823
P101835 4.464 4.271 -3.441 1.242
P101837 4.128 3.745 -3.580 0.681
P101840 3.939 3.961 -3.800 2.102
P101841 4.335 4.398 -3.662 1.836
P101844 4.288 3.892 -3.518 1.268
P101846 4.069 3.656 -4.169 0.952
P101848 4.137 3.705 -3.815 1.438
P101849 4.634 4.009 -3.962 1.776
P101853 4.101 3.875 -3.889 1.240
P101855 4.190 4.041 -4.084 1.025
P101856 4.039 3.682 -3.890 1.208
P101858 4.122 4.153 -3.621 1.380
P101859 3.867 4.001 -3.912 1.351
P101861 3.810 3.946 -3.998 1.236
P101863 4.350 4.263 -3.428 2.729
P101864 4.133 3.808 -3.539 1.071
P101866 3.937 3.742 -3.498 1.880
P101867 3.876 3.876 -3.632 0.927
P101868 4.106 3.776 -3.708 0.423
P101870 4.202 4.211 -3.795 1.857
P101871 3.930 3.943 -3.820 1.516
P101872 3.950 3.933 -3.608 1.518
P101873 4.011 4.196 -3.381 1.060
P101874 4.303 4.261 -3.934 0.747
P101875 4.009 4.086 -3.915 1.270
P101877 4.361 4.029 -3.391 1.899
P101878 4.184 3.866 -4.003 1.184
P101879 3.903 3.964 -3.846 0.967
P101880 3.997 3.944 -3.701 0.602
P101881 3.784 4.101 -3.644 0.871
P101882 4.170 3.729 -3.615 1.542
P101883 4.334 3.971 -3.871 1.493
P101884 4.423 4.210 -4.475 0.783
P101885 4.261 3.857 -4.032 1.531
P101886 3.813 3.683 -4.060 0.996
P101887 4.114 4.143 -3.842 1.181
P101890 3.799 3.749 -3.950 1.012
P101891 3.816 3.738 -3.871 1.563
P101894 4.400 4.194 -4.314 0.945
P101895 4.159 4.175 -3.939 0.728
P101896 3.951 3.994 -3.474 2.683
P101897 4.578 4.073 -3.760 1.284
P101898 3.792 4.029 -3.434 0.540
P101899 4.034 3.844 -3.913 1.399
P101900 4.313 4.128 -3.544 1.868
P101901 4.003 3.909 -3.802 0.786
P101902 4.157 4.373 -1.710 6.063
P101903 4.510 4.223 -3.273 1.545
P101904 4.287 3.830 -4.060 1.262
P101906 4.023 4.118 -3.220 1.928
P101907 4.063 4.109 -3.438 2.250
P101908 4.357 4.260 -4.431 1.586
P101911 4.563 4.045 -3.503 1.163
P101916 4.224 4.060 -3.684 1.121
P101918 3.787 3.834 -3.801 1.983
P101924 4.256 3.897 -3.653 1.605
P101930 4.005 3.671 -3.685 2.319
P101934 4.070 3.663 -3.581 1.192
P101939 4.181 3.702 -3.562 1.106
P101943 4.109 3.741 -3.627 1.912
P101944 3.800 3.724 -3.778 0.933
P101950 4.213 4.166 -3.368 1.668
P101954 3.979 3.591 -3.800 1.241
P101955 3.845 3.806 -3.497 0.993
P101957 4.316 4.260 -3.623 1.413
P101958 3.990 4.048 -3.625 0.579
P101960 4.074 3.939 -3.932 0.826
P101962 3.936 3.893 -3.502 1.631
P101964 4.150 3.766 -3.977 1.088
P101965 4.455 4.360 -2.867 1.216
P101966 4.236 3.944 -3.769 0.838
P101968 4.353 4.265 -4.432 0.580
P101969 4.427 3.920 -3.608 1.975
P101971 3.884 3.745 -3.907 0.879
P101974 4.271 4.246 -3.429 1.135
P101976 4.384 3.972 -3.220 2.071
P101979 4.321 4.079 -3.463 0.889
P101980 4.306 3.955 -3.628 1.640
P101981 3.796 3.894 -3.477 1.436
P101982 4.156 4.130 -3.812 1.257
P101983 4.008 3.905 -3.446 1.655
P101984 4.064 3.841 -3.975 0.741
P101985 4.108 3.892 -4.116 1.227
P101986 4.031 3.857 -3.923 1.792
P101987 4.316 4.378 -3.354 1.970
P101988 3.939 4.013 -3.641 0.936
P101989 4.061 3.903 -3.987 2.277
P101990 4.192 3.855 -3.646 1.184
P101991 4.225 3.946 -3.948 1.072
P101993 3.996 4.056 -4.050 1.109
P101994 3.721 3.843 -3.754 0.729
P101998 4.303 4.251 -3.759 1.040
P101999 4.363 3.955 -3.789 1.961
P102000 4.408 3.910 -3.696 1.602
P102001 4.230 3.830 -3.890 1.285
P102002 4.137 3.780 -3.474 1.809
P102003 4.376 3.805 -3.510 2.365
P102005 4.479 4.129 -2.898 2.286
P102006 4.139 3.751 -3.527 1.071
P102009 4.247 3.769 -3.563 2.493
P102011 4.399 4.065 -3.238 1.764
P102015 4.162 3.911 -3.494 0.684
P102016 4.370 4.144 -3.510 1.037
P102019 4.450 3.974 -3.575 1.987
P102020 4.371 4.023 -3.629 1.087
P102022 3.972 3.994 -3.201 1.268
P102024 4.383 3.889 -3.130 0.986
P102026 4.444 4.089 -3.369 1.653
P102027 4.296 4.244 -3.847 0.787
P102029 3.872 3.902 -3.552 1.444
P102030 4.231 3.999 -3.738 1.206
P102035 4.083 3.800 -3.861 1.585
P102036 4.056 3.775 -3.804 1.319
P102038 4.370 4.016 -3.247 1.634
P102041 4.175 3.887 -3.502 1.330
P102044 3.953 3.981 -3.881 1.679
P102046 4.203 4.021 -4.230 0.826
P102048 4.359 3.786 -3.714 2.835
P102050 4.269 4.152 -2.654 1.280
P102051 4.017 3.824 -3.583 1.970
P102056 4.315 3.930 -3.546 2.118
P102058 4.414 4.079 -3.390 1.403
P102060 3.971 3.955 -3.507 1.301
P102061 4.184 3.813 -3.680 1.276
P102064 3.878 3.971 -3.305 0.919
P102065 4.279 3.570 -3.385 1.559
P102066 4.244 4.081 -2.332 7.017
P102068 4.373 3.769 -3.694 1.568
P102069 4.396 4.288 -4.211 0.593
P102071 4.340 3.669 -3.244 1.713
P102073 3.861 3.925 -3.534 1.656
P102075 4.209 4.136 -3.504 1.045
P102076 4.023 3.999 -3.210 2.398
P102078 4.367 4.076 -3.409 1.091
P102081 3.760 3.927 -3.501 0.697
P102082 4.017 3.975 -3.351 1.129
P102084 4.473 4.179 -3.424 8.251
P102085 4.200 4.237 -2.828 0.809
P102087 4.414 4.446 -3.321 0.936
P102088 3.954 3.955 -2.837 1.633
P102089 4.440 4.224 -3.434 2.412
P102090 3.962 3.861 -4.157 1.542
P102091 3.987 3.796 -4.024 1.694
P102092 4.165 4.251 -3.204 1.145
P102093 3.955 3.949 -3.818 0.815
P102094 4.210 3.790 -4.164 2.000
P102095 4.481 3.833 -4.153 1.389
P102096 4.077 3.698 -4.199 1.935
P102097 4.125 4.007 -3.588 1.821
P102098 4.090 4.040 -4.156 0.900
P102099 4.307 3.927 -3.901 1.542
P102101 4.178 4.213 -3.804 0.622
P102102 4.418 3.838 -3.763 2.483
P102103 4.305 3.997 -4.098 1.181
P102104 3.913 4.025 -4.085 1.109
P102105 3.925 3.897 -3.736 1.018
P102107 3.731 3.620 -3.433 1.176
P102108 4.372 4.123 -4.753 1.373
P102109 4.066 3.976 -3.577 2.212
P102111 3.932 3.791 -3.852 0.960
P102113 4.013 4.127 -2.999 2.325
P102115 4.269 3.776 -4.006 1.546
P102116 3.684 3.726 -3.860 0.905
P102118 4.094 3.807 -3.798 1.936
P102119 4.144 4.191 -3.350 1.601
P102120 3.931 3.942 -3.718 2.001
P102121 3.891 3.982 -3.939 1.599
P102122 3.888 4.008 -3.959 1.291
P102123 4.065 3.738 -3.600 2.655
P102124 4.092 4.173 -3.416 2.545
P102125 4.201 4.135 -3.409 1.156
P102129 4.059 3.970 -3.682 0.739
P102132 3.996 3.985 -3.804 0.788
P102133 4.315 4.302 -3.116 2.292
P102134 4.080 3.993 -3.326 1.537
P102135 3.909 4.032 -3.414 1.707
P102136 4.019 4.157 -3.977 0.656
P102137 3.854 3.920 -3.659 2.045
P102139 4.031 4.051 -4.165 1.116
P102141 4.235 3.999 -3.343 2.653
P102142 4.220 3.949 -3.299 1.482
P102144 4.303 3.985 -3.718 1.831
P102146 4.246 4.084 -3.166 2.427
P102148 3.943 3.979 -3.616 0.743
P102149 4.118 3.865 -3.788 1.337
P102150 3.737 4.097 -3.776 1.661
P102151 4.265 4.042 -3.306 1.533
P102152 3.897 3.991 -4.231 1.129
P102153 4.326 3.971 -3.828 2.122
P102155 4.177 4.010 -3.734 1.456
P102156 3.848 3.790 -3.148 0.184
P102158 3.948 3.862 -4.199 1.862
P102162 4.375 4.031 -3.828 0.973
P102164 4.309 4.140 -3.935 1.190
P102166 3.927 4.057 -4.071 1.432
P102168 3.991 3.933 -4.267 0.782
P102169 3.798 4.038 -3.987 2.266
P102172 4.307 3.719 -3.841 1.480
P102174 4.310 4.371 -2.951 2.307
P102175 4.142 4.234 -2.298 1.540
P102176 3.898 3.911 -4.073 0.892
P102178 4.489 4.421 -4.621 1.246
P102179 4.166 4.081 -3.509 1.463
P102180 4.042 4.015 -3.182 1.493
P102184 4.061 4.125 -3.975 1.555
P102187 4.266 4.309 -3.859 0.488
P102192 4.662 4.153 -3.798 1.119
P102194 4.462 4.062 -3.848 1.812
P102197 4.154 3.786 -3.005 2.093
P102199 4.203 3.868 -3.933 1.443
P102200 4.053 4.163 -3.408 1.591
P102201 4.133 3.948 -3.368 1.616
P102202 3.771 4.072 -4.146 0.698
P102203 4.096 3.907 -4.019 1.236
P102204 3.972 4.051 -3.793 1.177
P102205 4.099 3.936 -3.849 0.927
P102206 4.065 3.944 -3.325 1.835
P102207 3.910 3.823 -3.610 0.983
P102208 4.071 3.854 -3.090 1.976
P102210 3.648 3.707 -3.769 0.693
P102211 4.232 4.195 -3.336 1.899
P102212 4.780 4.375 -3.447 7.746
P102213 4.383 4.339 -2.783 0.940
P102215 4.321 3.875 -4.260 1.205
P102223 4.399 3.908 -4.327 1.726
P102225 4.155 4.112 -4.223 0.775
P102226 4.278 3.984 -3.783 1.855
P102227 4.237 4.266 -3.241 0.965
P102228 3.753 4.173 -4.238 1.530
P102229 4.121 3.937 -3.729 1.997
P102230 3.946 4.100 -3.326 1.065
P102231 3.995 3.900 -3.715 1.358
P102232 4.164 3.904 -3.708 1.653
P102233 3.725 3.811 -3.816 1.963
P102234 4.051 4.041 -3.073 1.668
P102235 3.809 3.698 -3.651 0.912
P102237 4.313 4.007 -3.494 1.262
P102238 4.175 3.972 -3.156 1.970
P102239 4.494 4.398 -3.256 1.612
P102240 3.994 4.078 -3.360 1.131
P102241 4.050 4.083 -3.669 1.651
P102242 4.434 4.225 -3.475 1.518
P102243 4.383 4.237 -3.311 1.857
P102244 4.051 3.858 -3.157 1.537
P102245 4.073 4.091 -3.612 1.692
P102246 4.022 4.202 -3.422 1.458
P102247 3.987 3.988 -3.712 1.018
P102248 4.174 3.986 -3.754 1.006
P102250 3.780 3.987 -3.864 1.183
P102252 4.327 3.861 -3.342 1.777
P102253 4.384 4.347 -2.812 1.931
P102254 3.954 3.950 -3.739 2.214
P102255 4.094 4.001 -3.651 1.413
P102257 3.830 3.966 -3.805 0.581
P102258 4.154 3.933 -3.626 1.407
P102260 4.002 4.034 -3.672 2.343
P102262 4.500 4.195 -4.214 1.010
P102264 3.786 3.728 -4.126 2.168
P102266 4.114 3.896 -3.983 1.785
P102267 4.331 4.297 -3.393 1.938
P102269 3.899 4.070 -4.085 0.944
P102270 4.564 4.477 -5.405 2.433
P102274 4.322 4.375 -4.634 1.162
P102276 4.241 4.362 -4.451 0.744
P102278 4.255 4.465 -5.783 2.167
P102282 4.536 4.571 -4.633 0.648
P102287 4.336 4.436 -5.167 1.350
P102290 4.559 4.501 -4.855 0.803
P102292 4.354 4.615 -5.206 1.141
P102296 4.279 4.381 -5.378 1.994
P102300 4.400 4.455 -5.320 2.359
P102302 4.252 4.350 -4.890 0.792
P102304 4.473 4.510 -4.954 0.458
P102308 4.326 4.597 -4.936 0.992
P102312 4.661 4.657 -4.885 0.770
P102316 4.478 4.519 -5.605 2.038
P102318 4.639 4.596 -5.445 1.702
P102321 4.516 4.556 -5.166 0.636
P102325 4.381 4.557 -5.809 1.646
P102329 4.573 4.781 -5.698 1.891
P102333 4.592 4.477 -5.757 2.088
P102337 4.528 4.515 -4.682 0.133
P102341 4.477 4.439 -5.653 1.200
P102342 4.468 4.575 -5.255 1.020
P102346 4.449 4.497 -5.158 0.612
P102351 4.519 4.584 -5.601 0.617
P102354 4.524 4.704 -5.908 1.661
P102360 4.557 4.671 -5.730 1.880
P102363 4.859 4.713 -4.664 0.451
P102364 4.894 4.849 -4.946 0.395
P102368 3.821 4.012 -5.217 0.837
P102370 4.135 4.275 -5.198 1.759
P102372 4.156 3.981 -4.771 1.269
P102373 4.061 4.048 -4.628 0.672
P102374 4.155 4.367 -5.139 1.475
P102375 3.905 3.644 -4.047 0.658
P102376 4.337 4.100 -4.728 0.468
P102377 4.003 4.000 -4.820 0.864
P102379 4.262 4.300 -4.959 0.842
P102383 4.280 4.251 -4.942 0.629
P102386 4.062 4.058 -4.116 0.684
P102387 3.948 3.923 -4.971 0.701
P102389 4.004 4.094 -5.101 0.378
P102390 3.975 3.912 -4.797 0.323
P102391 4.176 4.530 -5.565 1.185
P102395 4.127 4.257 -4.497 0.860
P102398 4.157 4.446 -4.594 0.789
P102399 4.134 4.278 -4.575 0.722
P102400 4.194 4.106 -4.321 0.752
P102401 4.184 4.127 -4.756 1.445
P102403 4.247 4.137 -4.717 0.381
P102407 3.818 3.703 -4.472 0.608
P102409 4.398 4.271 -4.616 0.467
P102410 4.389 4.142 -4.346 0.847
P102412 4.195 4.474 -4.691 1.476
P102413 4.227 4.481 -4.037 0.725
P102414 4.169 3.999 -4.496 1.050
P102417 4.084 4.293 -4.534 2.280
P102418 4.317 4.275 -4.520 0.556
P102420 4.245 4.086 -4.320 1.025
P102421 4.138 4.411 -4.896 1.541
P102423 4.594 4.363 -4.188 1.169
P102424 4.371 4.281 -4.881 1.233
P102425 4.665 4.526 -4.484 0.316
P102427 3.739 4.100 -3.778 2.156
P102428 4.270 4.562 -4.550 1.007
P102430 4.047 3.882 -4.250 0.236
P102435 4.596 4.325 -5.501 2.650
P102438 4.374 4.425 -4.978 1.198
P102440 4.132 4.200 -4.787 0.740
P102441 4.260 4.512 -4.726 1.357
P102443 4.576 4.348 -4.592 0.856
P102444 4.110 4.160 -4.757 0.798
P102445 4.623 4.276 -4.751 1.070
P102446 4.489 4.361 -4.229 0.487
P102447 4.355 4.566 -3.941 0.828
P102450 4.153 4.123 -5.101 0.790
P102456 3.996 3.947 -4.182 1.392
P102458 4.330 4.531 -4.657 1.335
P102459 4.536 4.729 -5.447 1.377
P102460 4.375 4.530 -5.507 1.595
P102461 4.873 4.718 -5.951 1.227
P102462 4.325 4.283 -5.480 0.546
P102463 4.512 4.509 -5.169 2.669
P102464 4.300 4.435 -4.580 0.890
P102465 4.237 4.478 -4.493 1.710
P102466 4.384 4.233 -4.222 1.809
P102467 4.720 4.703 -4.600 0.537
P102468 4.599 4.370 -4.709 0.644
P102469 4.968 4.572 -5.249 4.052
P102470 4.298 4.038 -3.911 1.501
P102471 4.408 4.270 -5.077 0.905
P102474 4.547 4.165 -4.092 1.374
P102475 4.638 4.455 -4.184 3.110
P102478 4.620 4.654 -5.003 1.475
P102481 4.670 4.607 -5.553 1.237
P102484 4.257 4.101 -4.303 1.311
P102485 4.162 4.082 -5.237 1.198
P102486 4.571 4.571 -5.219 0.675
P102488 4.335 4.072 -5.223 1.615
P102489 4.349 4.300 -5.265 0.953
P102491 4.184 4.101 -5.103 1.564
P102492 4.418 4.305 -5.140 0.711
P102493 4.472 4.468 -5.216 1.652
P102494 4.678 4.581 -4.868 0.451
P102495 5.145 5.030 -5.934 1.045
P102496 4.739 4.598 -6.027 1.347
P102498 4.688 4.596 -5.055 0.596
P102501 4.298 4.395 -4.455 0.632
P102504 4.684 4.517 -5.353 2.175
P102507 4.587 4.499 -4.661 0.604
P102508 4.953 4.553 -5.556 1.208
P102509 4.641 4.468 -4.760 1.830
P102510 4.483 4.394 -4.784 2.339
P102511 4.856 4.915 -4.915 0.650
P102513 4.288 4.347 -5.564 0.705
P102514 4.671 4.575 -4.773 1.640
P102515 4.967 4.521 -4.594 1.271
P102516 4.294 4.302 -5.331 2.526
P102517 4.656 4.244 -4.552 1.017
P102518 4.521 4.468 -4.826 2.259
P102519 4.847 5.032 -5.397 1.438
P102520 4.702 4.441 -5.005 1.283
P102521 4.573 4.624 -5.806 1.360
P102522 4.335 4.518 -4.720 1.520
P102523 4.647 4.548 -4.248 1.552
P102524 4.542 4.595 -5.444 1.194
P102525 4.669 4.819 -5.428 0.457
P102526 4.428 4.491 -5.825 0.670
P102528 4.658 4.273 -4.335 0.923
P102529 4.745 4.408 -4.350 1.284
P102530 4.724 4.796 -5.171 0.814
P102531 4.633 4.685 -5.400 2.518
P102532 4.633 4.774 -4.165 0.512
P102533 4.415 4.452 -5.503 1.001
P102534 4.633 4.817 -5.636 1.287
P102535 4.752 4.864 -5.286 1.702
P102537 4.663 4.409 -5.470 1.135
P102538 4.351 4.488 -3.895 2.607
P102541 4.493 4.580 -5.834 0.692
P102542 4.976 4.987 -5.076 0.831
P102544 4.709 4.717 -4.723 1.582
P102545 4.554 4.361 -5.612 1.581
P102547 4.432 4.300 -5.533 1.570
P102548 4.987 4.566 -5.220 1.983
P102549 4.639 4.391 -5.162 1.753
P102550 4.790 4.659 -5.426 0.584
P102552 4.680 4.884 -5.521 1.458
P102553 4.998 5.071 -4.624 2.300
P102554 4.270 4.806 -5.242 1.251
P102555 4.498 4.698 -5.610 2.200
P102556 4.419 4.173 -4.140 3.923
P102557 4.618 4.283 -4.466 2.419
P102558 4.317 4.471 -5.182 1.457
P102560 4.325 4.295 -4.858 1.885
P102561 4.688 3.964 -4.755 3.268
P102563 4.432 4.554 -5.435 1.601
P102564 4.842 4.703 -5.819 1.182
P102565 4.820 4.645 -4.547 1.220
P102567 4.595 4.649 -4.782 1.028
P102571 4.815 4.906 -5.185 1.030
P102576 4.451 4.647 -5.834 1.603
P102577 5.276 4.886 -4.576 2.738
P102579 4.809 4.856 -5.426 1.473
P102580 4.545 4.581 -4.683 0.670
P102581 4.533 4.701 -5.625 0.938
P102582 4.680 4.787 -5.895 1.097
P102583 4.645 4.804 -5.460 1.475
P102584 4.808 4.790 -5.014 1.706
P102586 4.698 4.687 -5.629 1.423
P102587 5.701 5.682 -7.005 0.544
P102588 5.559 5.415 -6.243 0.858
P102589 5.576 5.344 -6.487 0.667
P102590 5.636 5.586 -6.593 0.657
P102591 5.581 5.527 -6.574 0.675
P102592 5.611 5.478 -6.026 0.492
P102593 5.439 5.397 -6.233 0.412
P102594 5.558 5.478 -6.248 0.490
P102595 5.833 5.538 -6.051 1.005
P102596 5.512 5.161 -6.425 0.941
P102597 5.652 5.366 -5.903 0.638
P102598 5.607 5.504 -6.569 0.707
P102599 5.620 5.455 -6.482 0.900
P102600 5.662 5.389 -6.431 0.954
P102601 5.575 5.461 -6.432 0.714
P102602 5.814 5.796 -7.061 0.545
P102603 6.014 5.545 -6.587 1.964
P102604 5.761 5.517 -6.409 0.914
P102605 5.974 5.826 -6.665 0.788
P102606 5.598 5.615 -6.710 0.534
P102607 5.498 5.423 -7.296 0.711
P102608 5.706 5.734 -6.748 0.513
P102609 5.709 5.580 -6.954 0.604
P102610 5.760 5.639 -6.965 0.582
P102611 5.590 5.608 -6.535 0.444
P102612 5.629 5.541 -6.641 0.565
P102613 5.550 5.406 -6.693 0.599
P102614 5.777 5.707 -6.455 0.613
P102615 5.478 5.224 -6.318 0.673
P102616 5.806 5.827 -6.521 0.571
P102617 5.723 5.601 -6.370 0.827
P102618 6.029 5.710 -6.141 1.901
P102619 5.814 5.695 -6.525 0.830
P102620 5.659 5.566 -7.110 0.683
P102621 6.116 5.962 -6.183 0.790
P102622 5.833 5.838 -6.641 0.602
P102623 5.666 5.512 -6.220 0.700
P102624 5.780 5.724 -6.172 1.053
P102625 5.759 5.673 -6.461 0.665
P102626 5.764 5.771 -6.598 0.498
P102627 5.585 5.289 -6.455 0.893
P102628 5.599 5.402 -6.194 0.982
P102629 5.624 5.472 -6.328 0.632
P102630 5.792 5.618 -6.364 0.741
P102631 5.776 5.650 -6.854 0.482
P102632 5.658 5.356 -6.392 0.796
P102633 5.486 5.187 -6.738 0.983
P102634 5.552 5.419 -6.471 0.541
P102635 6.026 5.728 -6.127 0.838
P102636 5.912 5.705 -6.651 0.408
P102637 5.716 5.512 -6.261 0.926
P102638 5.727 5.521 -6.282 0.597
P102639 5.611 5.321 -6.301 0.931
P102640 5.583 5.452 -6.438 0.501
P102641 5.670 5.525 -6.409 0.433
P102642 5.654 5.300 -6.154 1.040
P102643 6.004 5.799 -6.190 0.649
P102644 6.125 5.699 -6.083 0.967
P102645 6.035 5.518 -5.867 1.144
P102646 5.741 5.705 -6.388 0.373
P102647 5.847 5.559 -5.827 0.873
P102648 5.638 5.496 -6.778 0.469
P102649 5.715 5.682 -6.418 0.718
P102650 5.730 5.581 -6.727 0.570
P102651 5.716 5.548 -6.845 0.578
P102652 6.224 5.946 -6.592 0.942
P102653 6.237 5.951 -6.564 0.930
P102654 6.103 5.867 -6.510 0.873
P102655 5.806 5.772 -6.858 0.550
P102656 5.953 5.602 -6.208 0.854
P102657 5.668 5.604 -6.984 0.616
P102658 5.793 5.672 -6.682 0.603
P102659 5.577 5.462 -6.768 0.619
P102660 5.640 5.547 -6.808 0.515
P102661 5.797 5.538 -6.592 0.855
P102662 5.614 5.612 -6.737 0.797
P102663 5.776 5.731 -6.587 0.545
P102664 5.837 5.760 -6.608 0.810
P102665 5.818 5.703 -7.035 0.637
P102666 5.707 5.610 -6.852 0.671
P102667 5.657 5.473 -6.916 0.578
P102668 6.136 5.728 -6.346 0.929
P102669 5.757 5.623 -6.802 0.579
P102670 5.616 5.559 -7.062 0.597
P102671 5.469 5.435 -6.923 0.576
P102672 5.795 5.675 -6.678 0.507
P102673 5.715 5.789 -6.601 0.596
P102674 5.799 5.701 -6.280 0.548
P102675 5.662 5.656 -6.309 0.555
P102676 5.762 5.548 -5.845 0.649
P102677 5.580 5.327 -6.541 0.601
P102678 6.312 5.956 -6.233 0.921
P102679 5.862 5.628 -6.609 0.480
P102680 5.868 5.803 -6.837 0.348
P102681 5.701 5.659 -7.018 0.543
P102682 5.854 5.763 -6.395 0.750
P102683 6.015 5.703 -6.018 1.109
P102684 5.808 5.656 -6.447 0.735
P102685 5.949 5.863 -6.504 0.566
P102686 5.675 5.669 -6.390 0.578
P102687 5.761 5.595 -6.452 0.519
P102688 6.174 5.710 -6.216 1.823
P102689 5.774 5.734 -6.255 0.708
P102690 6.017 5.507 -5.931 1.403
P102691 5.709 5.625 -7.474 0.939
P102692 5.858 5.704 -6.609 0.770
P102693 6.123 5.838 -6.454 0.668
P102694 5.920 5.589 -6.995 0.853
P102695 5.827 5.811 -7.257 0.645
P102696 5.858 5.735 -7.279 0.596
P102697 5.928 5.799 -6.387 0.707
P102698 5.668 5.697 -6.906 0.788
P102699 5.765 5.832 -6.493 0.625
P102700 6.183 5.727 -6.249 1.839
P102701 5.667 5.564 -6.208 0.767
P102702 5.754 5.705 -6.765 0.709
P102703 5.826 5.763 -6.683 0.801
P102704 5.869 5.860 -6.882 0.741
P102705 5.844 5.857 -6.489 0.449
P102706 5.825 5.626 -7.263 0.859
P102707 5.884 5.791 -7.292 0.527
P102708 5.627 5.443 -6.454 0.671
P102709 5.526 5.529 -6.155 0.405
P102710 5.922 5.586 -6.402 0.817
P102711 5.771 5.386 -6.354 0.964
P102712 5.769 5.626 -8.353 0.737
P102713 5.566 5.321 -6.412 0.584
P102714 5.748 5.580 -6.232 0.511
P102715 5.762 5.665 -7.793 0.778
P102716 6.192 6.020 -6.664 0.469
P102717 5.835 5.778 -7.163 0.507
P102718 5.803 5.668 -6.866 0.674
P102719 5.554 5.393 -6.550 0.734
P102720 5.444 5.443 -6.569 0.713
P102721 5.761 5.674 -6.823 0.546
P102722 5.533 5.404 -6.321 0.953
P102723 5.783 5.642 -6.897 0.579
P102724 5.883 5.817 -7.315 0.565
P102725 5.879 5.461 -6.767 0.890
P102726 5.813 5.644 -6.431 1.289
P102727 5.667 5.523 -6.808 0.546
P102728 5.983 5.879 -6.762 0.603
P102729 5.748 5.648 -6.551 0.592
P102730 5.789 5.474 -6.559 0.846
P102731 5.720 5.553 -6.720 0.685
P102732 6.339 6.071 -6.933 0.592
P102733 5.743 5.657 -7.169 0.629
P102734 5.753 5.633 -6.614 0.565
P102735 5.811 5.686 -7.626 0.595
P102736 6.021 5.845 -7.020 0.546
P102737 5.962 5.677 -6.771 0.981
P102738 6.072 6.006 -7.165 0.460
P102739 6.013 5.973 -7.439 0.465
P102740 5.951 5.862 -7.141 0.577
P102741 5.768 5.730 -7.189 0.537
P102742 6.330 5.924 -6.707 0.977
P102743 5.949 5.876 -7.089 0.558
P102744 5.831 5.600 -7.389 0.880
P102745 6.096 5.858 -6.487 0.936
P102746 5.914 5.832 -7.076 0.512
P102747 5.809 5.700 -6.728 0.530
P102748 5.834 5.858 -6.514 1.264
P102749 5.882 5.803 -6.610 0.583
P102750 5.342 5.723 -6.817 0.803
P102751 5.611 5.573 -6.855 0.504
P102752 5.945 5.526 -7.356 2.344
P102753 5.909 5.878 -7.385 0.579
P102754 5.676 5.563 -6.681 0.609
P102755 5.966 5.968 -7.147 0.578
P102756 5.782 5.730 -7.825 0.372
P102757 5.661 5.452 -6.743 0.818
P102758 5.799 5.742 -6.241 0.967
P102759 5.612 5.568 -6.698 0.648
P102760 5.907 5.713 -7.146 0.869
P102761 5.763 5.669 -6.766 0.740
P102762 5.717 5.690 -5.868 0.952
P102763 5.813 5.779 -6.599 0.576
P102764 5.947 5.802 -6.060 0.919
P102765 6.090 6.004 -6.422 0.716
P102766 5.671 5.608 -6.189 0.687
P102767 5.978 5.714 -6.843 0.858
P102768 5.808 5.812 -6.179 0.733
P102769 5.825 5.756 -6.318 0.680
P102770 6.150 5.971 -6.159 0.783
P102771 5.984 5.818 -6.822 0.685
P102772 5.948 5.931 -6.688 0.565
P102773 5.831 5.790 -6.717 0.700
P102774 5.761 5.577 -5.890 0.823
P102775 5.870 5.862 -6.273 0.495
P102776 5.956 5.810 -6.827 0.641
P102777 5.712 5.667 -6.442 0.712
P102778 6.017 5.606 -6.061 1.192
P102779 5.587 5.430 -6.241 1.084
P102780 5.926 5.594 -6.352 0.888
P102781 5.018 5.504 -6.597 0.804
P102782 5.728 5.601 -6.428 0.477
P102783 5.659 5.513 -6.118 1.225
P102784 5.830 5.629 -7.114 0.856
P102785 5.660 5.631 -6.331 0.458
P102786 5.678 5.227 -6.103 1.239
P102787 5.763 5.165 -6.654 1.899
P102788 6.013 5.963 -6.848 0.518
P102789 5.635 5.621 -6.282 0.419
P102790 5.833 5.654 -6.762 0.617
P102791 5.588 5.452 -7.400 0.680
P102793 5.647 5.485 -6.598 0.612
P102794 5.965 5.881 -7.033 0.660
P102795 5.809 5.512 -7.002 0.898
P102796 5.867 5.818 -7.031 1.288
P102797 5.904 5.735 -7.116 0.612
P102798 6.325 5.873 -6.809 1.055
P102799 6.407 6.189 -6.827 0.984
P102800 6.148 5.995 -7.098 1.988
P102801 6.062 5.865 -6.586 0.913
P102802 5.882 5.808 -7.278 0.554
P102803 6.077 5.886 -6.986 0.667
P102804 5.788 5.647 -6.807 0.604
P102805 5.517 5.924 -6.349 1.026
P102806 6.149 6.114 -7.129 0.634
P102807 6.485 6.363 -7.299 0.489
P102808 6.066 6.048 -7.521 0.475
P102809 6.137 5.977 -7.320 0.534
P102810 6.037 5.925 -6.759 1.098
P102811 5.787 5.694 -7.007 0.733
P102812 5.988 5.936 -6.744 1.024
P102813 5.866 5.826 -6.797 0.643
P102814 5.678 5.665 -6.343 0.830
P102815 5.898 5.749 -7.219 0.821
P102816 5.797 5.702 -6.924 0.920
P102817 5.919 5.990 -7.442 0.618
P102818 5.940 5.960 -6.893 0.631
P102819 5.881 5.576 -7.133 0.866
P102820 5.988 5.915 -7.940 0.707
P102821 6.004 5.665 -6.873 0.798
P102822 5.818 5.743 -6.785 0.601
P102823 6.030 5.927 -7.189 0.560
P102824 5.962 5.800 -7.127 0.739
P102825 5.794 5.650 -6.743 0.612
P102826 6.000 5.894 -7.167 0.494
P102827 6.049 5.901 -7.089 0.488
P102828 6.071 5.677 -7.058 1.018
P102829 5.950 5.819 -6.856 0.544
P102830 5.919 5.833 -6.589 0.628
P102831 5.859 5.696 -6.484 0.660
P102833 6.099 5.974 -6.859 0.541
P102834 5.880 5.700 -6.611 0.707
P102835 5.499 5.448 -6.201 0.756
P102836 5.497 5.314 -6.142 0.676
P102837 6.033 5.477 -6.158 0.813
P102838 5.842 5.488 -6.489 0.719
P102839 5.767 5.701 -6.020 0.372
P102841 5.730 5.519 -6.359 0.800
P102842 5.815 5.550 -6.411 0.765
P102843 5.802 5.881 -6.384 1.145
P102844 5.850 5.606 -6.659 0.806
P102845 5.881 5.720 -6.581 0.925
P102846 6.200 6.052 -6.593 0.489
P102847 6.074 5.819 -6.923 2.296
P102848 5.998 5.496 -5.927 1.371
P102849 5.964 5.905 -6.307 0.796
P102850 6.072 5.884 -6.721 2.632
P102851 5.714 5.745 -6.470 0.640
P102852 5.967 5.881 -5.808 0.949
P102853 6.142 6.043 -6.723 0.966
P102854 6.136 5.971 -6.318 0.544
P102855 5.760 5.727 -5.990 1.282
P102856 5.780 5.540 -6.301 1.105
P102857 5.541 5.563 -6.606 0.460
P102858 5.787 5.544 -6.413 0.863
P102859 6.121 6.089 -6.863 0.594
P102860 5.990 5.561 -7.262 2.677
P102861 5.926 5.798 -6.046 1.406
P102862 5.752 5.611 -6.077 0.650
P102863 6.187 6.105 -6.429 0.495
P102864 6.032 6.024 -7.279 0.381
P102865 6.155 6.004 -7.429 0.792
P102866 5.195 5.792 -6.897 1.064
P102867 5.992 5.874 -7.036 0.797
P102868 6.083 6.084 -6.923 1.407
P102869 6.095 6.010 -6.761 0.642
P102870 5.915 5.869 -7.043 0.424
P102871 6.172 5.744 -6.383 0.920
P102872 6.194 6.122 -7.171 1.286
P102873 6.003 5.769 -6.300 0.554
P102874 5.939 5.834 -7.493 0.614
P102875 5.987 5.875 -6.425 1.215
P102876 6.184 6.059 -7.445 0.803
P102878 6.022 5.952 -7.920 0.375
P102879 6.004 5.869 -7.223 0.802
P102880 5.927 5.792 -6.930 0.685
P102881 6.164 6.065 -7.581 0.589
P102883 5.953 5.768 -6.375 0.901
P102884 6.059 5.562 -6.668 2.026
P102885 6.102 5.574 -6.544 1.049
P102886 6.043 5.749 -6.254 0.842
P102887 5.940 5.325 -7.399 2.486
P102888 5.918 5.592 -6.960 0.943
P102889 5.891 5.482 -6.493 1.169
P102890 5.861 5.704 -6.233 0.722
P102891 6.175 6.105 -7.159 0.585
P102892 6.268 6.130 -7.156 0.884
P102893 6.162 6.016 -7.285 2.139
P102894 6.281 5.774 -7.091 1.753
P102895 6.180 6.051 -6.753 0.891
P102896 6.063 5.650 -7.557 2.053
P102897 5.750 5.508 -6.026 1.437
P102898 6.029 5.568 -7.480 1.901
P102899 5.818 5.837 -6.849 0.480
P102900 5.959 5.906 -6.139 1.464
P102901 6.056 6.024 -6.399 0.482
P102902 6.057 5.897 -6.565 1.136
P102903 6.097 6.103 -6.517 0.495
P102904 6.064 6.030 -6.842 0.450
P102905 6.154 5.856 -7.223 2.125
P102906 6.200 5.958 -6.624 0.855
P102907 6.164 5.682 -7.867 2.561
P102908 5.995 5.962 -6.625 0.618
P102909 6.032 5.960 -6.857 0.777
P102910 5.745 5.710 -6.416 0.684
P102911 6.280 6.239 -6.467 2.090
P102912 6.126 5.583 -7.724 2.562
P102913 6.233 6.032 -6.039 0.748
P102914 6.458 6.187 -6.283 0.758
P102915 5.802 5.519 -6.352 0.859
P102916 6.478 6.258 -7.252 0.880
P102917 5.989 5.885 -6.690 0.834
P102918 6.246 6.170 -7.108 0.758
P102919 6.221 5.955 -6.919 2.092
P102920 5.901 5.862 -6.734 0.575
P102921 6.253 6.098 -6.353 0.919
P102922 6.045 5.841 -8.046 0.612
P102923 6.128 5.908 -7.228 2.295
P102924 6.159 6.035 -6.700 1.082
P102925 6.004 5.999 -6.791 0.873
P102926 6.205 6.147 -7.052 0.585
P102927 6.106 5.850 -6.868 1.209
P102928 5.953 5.381 -7.126 2.177
P102929 6.016 5.838 -6.128 0.751
P102930 5.848 5.520 -5.915 0.910
P102931 6.313 6.042 -7.055 0.853
P102932 5.964 5.706 -6.885 1.261
P102933 6.006 5.981 -7.136 2.244
P102934 5.958 5.872 -6.307 1.030
P102935 6.146 5.575 -7.523 2.633
P102936 6.055 5.968 -6.941 1.026
P102937 6.026 6.002 -6.411 0.618
P102938 5.558 5.555 -6.139 0.717
P102939 6.197 6.338 -6.310 0.930
P102940 6.080 6.018 -6.760 1.003
P102941 6.196 5.664 -6.500 1.036
P102942 6.052 5.636 -6.538 1.224
P102943 6.267 5.507 -7.438 2.607
P102944 5.858 5.837 -6.735 0.603
P102945 6.317 6.380 -7.185 0.616
P102946 6.112 5.778 -6.700 0.925
P102947 6.103 6.015 -7.154 1.031
P102948 6.132 5.986 -6.950 0.817
P102949 5.989 5.812 -7.035 1.518
P102950 6.060 6.172 -7.697 1.030
P102951 6.107 6.128 -7.159 0.967
P102952 6.028 5.924 -6.798 1.360
P102954 6.330 6.230 -7.650 0.769
P102955 6.318 5.899 -7.497 2.195
P102956 6.312 6.241 -6.902 0.806
P102957 6.321 6.025 -6.702 1.550
P102958 6.340 5.595 -7.562 1.920
P102959 6.181 5.937 -6.412 0.871
P102960 6.279 5.760 -8.083 2.312
P102961 6.429 6.159 -7.496 0.669
P102962 6.145 6.071 -7.654 0.646
P102963 6.351 6.253 -6.917 0.937
P102964 5.964 5.821 -6.428 0.607
P102965 5.879 5.668 -6.485 0.755
P102966 6.044 5.996 -5.878 0.717
P102967 6.117 6.015 -7.833 0.564
P102968 6.083 6.052 -6.208 0.928
P102969 6.104 5.961 -7.408 0.929
P102970 6.150 5.551 -6.035 1.123
P102971 6.122 5.511 -6.715 1.310
P102972 6.389 6.059 -7.313 2.012
P102973 6.237 5.923 -6.972 1.049
P102974 6.077 6.097 -6.142 1.881
P102975 6.504 6.512 -7.053 0.736
P102976 6.523 6.109 -7.630 1.045
P102977 6.095 5.926 -6.493 1.111
P102978 6.477 6.338 -7.374 0.936
P102979 5.859 5.769 -6.140 0.668
P102980 6.307 6.168 -6.487 1.028
P102981 6.363 6.206 -6.646 0.880
P102982 6.273 6.170 -7.061 1.377
P102983 6.091 6.132 -6.640 0.793
P102984 6.441 6.279 -6.668 0.765
P102985 6.274 6.026 -8.747 0.327
P102986 6.581 6.230 -7.523 1.470
P102987 6.060 6.130 -5.804 0.898
P102988 6.499 6.516 -7.719 0.678
P102989 6.733 6.664 -6.638 0.708
P102990 6.000 5.948 -6.529 1.823
P102991 6.254 6.334 -7.176 1.041
P102992 6.257 6.014 -7.238 0.984
P102993 6.397 6.009 -6.920 1.049
P102994 6.261 5.840 -8.097 2.559
P102995 6.287 6.121 -6.803 1.202
P102996 6.197 6.414 -6.906 1.802
P102997 6.359 6.283 -8.039 0.475
P102998 6.011 5.720 -6.907 1.133
P102999 6.090 5.867 -7.528 0.757
P103000 6.118 6.049 -7.553 0.564
P103001 6.175 5.983 -6.432 1.011
P103002 6.587 6.506 -7.397 0.665
P103003 6.744 6.544 -6.575 0.535
P103004 6.414 6.174 -7.190 0.992
P103005 5.991 6.085 -7.316 0.966
P103006 6.471 6.396 -7.546 0.804
P103007 6.029 6.003 -6.515 0.742
P103008 6.348 6.277 -7.165 0.859
P103009 6.281 6.152 -6.949 1.057
P103010 6.313 6.285 -7.174 1.081
P103011 6.333 6.322 -7.233 1.077
P103012 5.464 5.789 -8.518 0.705
P103013 5.400 5.580 -8.563 0.534
P103014 5.423 5.409 -8.085 0.416
P103015 5.454 5.708 -8.499 0.989
P103016 5.478 5.802 -8.845 0.644
P103017 5.701 5.747 -8.388 0.927
P103018 5.530 5.705 -8.359 1.209
P103019 5.562 5.857 -8.653 0.553
P103020 5.670 5.873 -8.620 0.472
P103021 5.666 5.749 -8.552 0.810
P103022 5.650 5.937 -8.637 0.568
P103023 5.511 5.767 -8.701 1.045
P103024 5.630 5.929 -8.173 1.108
P103025 5.602 5.913 -7.437 1.116
P103026 5.722 5.810 -8.574 0.491
P103027 5.663 5.914 -8.866 0.716
P103028 5.825 6.021 -7.988 0.701
P103029 5.682 5.843 -7.985 1.126
P103031 5.871 5.878 -8.099 0.724
P103033 5.812 5.899 -7.804 0.328
P103034 5.651 5.805 -7.459 0.805
P103035 5.624 6.082 -7.866 1.064
P103036 5.610 5.740 -8.373 0.817
P103037 5.751 6.027 -8.163 0.694
P103038 5.729 5.925 -9.215 0.737
P103039 5.726 6.036 -9.606 1.127
P103040 5.667 5.941 -7.243 1.459
P103041 5.816 6.017 -8.716 0.683
P103043 5.959 6.083 -8.951 1.178
P103045 5.953 6.040 -9.027 0.785
P103048 6.004 6.161 -9.821 0.891
P103051 5.977 5.951 -9.389 0.587
P103052 5.831 6.028 -8.672 0.594
P103053 5.786 5.651 -8.872 0.527
P103055 5.910 6.024 -10.457 1.066
P103057 6.014 6.141 -10.010 0.785
P103059 6.019 6.161 -9.326 1.298
P103060 6.105 6.150 -8.454 0.908
P103061 6.211 6.272 -9.784 0.306
P103062 6.176 6.222 -9.956 0.300
P103063 6.204 6.411 -10.197 1.128
P103064 6.306 6.410 -10.376 1.152
P103065 6.273 6.409 -10.567 0.679
P103066 6.498 6.611 -10.231 1.159
P103067 6.266 6.415 -10.173 1.119
P103068 6.363 6.480 -9.615 0.921
P103069 6.449 6.542 -10.185 0.621
P103070 6.413 6.531 -10.154 1.099
P103071 6.455 6.546 -9.740 0.709
P103072 6.339 6.490 -10.532 1.123
P103073 6.486 6.686 -10.044 1.108
P103074 6.559 6.676 -10.025 0.679
P103075 6.469 6.496 -10.207 0.324
P103076 6.455 6.669 -10.432 0.976
P103077 6.439 6.636 -9.510 0.933
P103078 6.637 6.746 -9.533 0.965
P103080 6.595 6.643 -8.626 1.014
P103082 6.416 6.569 -8.939 2.155
P103083 6.532 6.549 -10.418 0.267
P103084 6.432 6.583 -10.099 1.022
P103085 6.530 6.677 -9.685 0.758
P103086 6.515 6.747 -10.631 1.041
P103087 6.595 6.791 -10.853 0.890
P103088 6.514 6.742 -9.502 0.685
P103089 6.545 6.739 -10.297 0.861
P103090 6.431 6.716 -10.875 0.854
P103095 6.490 6.687 -10.952 0.942
P103096 6.470 6.662 -10.906 0.924
P103098 6.399 6.553 -11.170 0.665
P103101 6.438 6.558 -11.030 0.561
P103102 6.722 6.802 -10.785 0.917
P103104 6.516 6.749 -11.572 0.924
P103106 6.460 6.561 -11.189 0.828
P103107 6.548 6.687 -10.020 0.970
P103109 6.525 6.660 -10.396 0.917
P103111 5.621 5.823 -8.841 0.542
P103112 5.602 5.790 -9.024 0.512
P103113 5.597 5.742 -8.967 0.736
P103114 5.660 5.851 -9.116 0.852
P103115 5.648 5.869 -9.354 0.515
P103116 5.879 5.981 -9.053 0.807
P103117 5.645 5.827 -9.066 0.837
P103118 5.712 5.926 -9.033 0.455
P103119 5.777 5.918 -9.017 0.617
P103120 5.776 5.914 -8.918 0.782
P103121 5.848 5.927 -8.153 0.660
P103122 5.719 5.855 -9.300 0.844
P103123 5.895 6.045 -8.776 0.685
P103124 5.869 6.092 -9.084 0.686
P103125 5.850 5.992 -9.210 0.710
P103126 5.866 6.013 -8.262 0.834
P103127 5.941 6.142 -8.656 0.679
P103129 5.983 6.184 -8.972 0.590
P103130 5.951 6.166 -8.651 0.719
P103132 5.669 6.001 -8.186 0.799
P103133 5.771 6.009 -7.879 1.040
P103134 5.832 5.981 -8.624 0.624
P103135 5.887 6.049 -7.634 0.524
P103136 6.007 5.980 -8.510 1.384
P103137 5.824 5.972 -9.071 0.433
P103138 5.914 6.123 -8.402 0.569
P103139 5.858 5.962 -9.293 1.205
P103140 5.967 6.167 -9.186 0.735
P103145 6.064 6.103 -8.640 0.553
P103146 6.147 6.165 -9.698 0.351
P103148 5.912 6.103 -9.651 0.539
P103150 6.092 6.147 -7.502 0.935
P103151 5.940 6.099 -9.537 0.681
P103152 6.059 6.156 -9.655 0.478
P103154 5.938 6.215 -9.814 0.846
P103155 6.072 6.083 -10.178 0.512
P103157 6.153 6.212 -9.380 0.549
P103159 6.010 6.093 -8.662 1.017
P103160 5.982 5.981 -8.764 1.200
P103161 5.970 5.896 -9.022 1.196
P103162 5.952 5.654 -8.471 1.207
P103163 6.052 5.650 -8.746 1.186
P103164 6.187 5.887 -8.651 1.151
P103165 6.028 6.009 -9.072 1.212
P103166 6.036 5.681 -8.381 1.293
P103167 5.974 5.715 -7.356 1.315
P103168 6.053 5.713 -8.769 1.226
P103169 6.076 6.168 -8.106 1.285
P103170 6.161 5.842 -8.536 1.304
P103171 6.183 6.144 -7.558 0.470
P103172 6.194 6.128 -8.684 0.957
P103173 6.214 6.045 -8.839 1.010
P103174 6.186 5.871 -8.860 1.205
P103175 6.028 5.634 -7.022 1.136
P103176 6.145 6.275 -7.929 0.892
P103177 6.310 6.247 -9.217 1.168
P103178 6.123 6.007 -7.892 0.648
P103180 6.413 6.073 -6.455 0.892
P103181 6.262 6.126 -7.755 0.799
P103182 6.279 6.319 -8.801 1.211
P103184 6.175 6.137 -7.198 0.496
P103185 6.233 6.293 -7.917 0.972
P103186 6.316 6.069 -8.312 0.906
P103187 6.182 6.248 -8.492 0.656
P103188 6.204 5.930 -7.417 0.767
P103189 6.224 6.157 -7.694 0.665
P103191 6.382 6.254 -8.575 0.533
P103192 6.460 6.273 -7.436 0.585
P103194 6.438 6.321 -8.588 0.519
P103196 6.421 6.265 -8.415 0.614
P103198 6.468 6.022 -8.577 0.700
P103201 6.288 6.095 -8.976 1.105
P103202 6.462 6.060 -6.736 0.792
P103203 5.296 5.258 -8.610 0.291
P103204 5.416 5.599 -9.220 0.469
P103205 5.756 5.638 -7.066 1.237
P103206 5.493 5.602 -6.081 1.186
P103207 5.726 5.803 -7.396 1.219
P103208 5.657 5.887 -8.406 1.952
P103209 5.842 5.955 -7.018 1.248
P103210 5.830 5.709 -6.774 1.462
P103211 5.913 5.976 -8.281 0.883
P103213 5.828 5.911 -6.619 1.288
P103214 5.991 5.839 -7.184 1.405
P103215 5.731 5.786 -7.554 1.219
P103216 6.021 5.744 -6.211 1.389
P103217 6.096 6.076 -7.333 1.424
P103218 6.010 6.098 -7.881 1.530
P103219 5.829 5.792 -7.900 1.282
P103220 5.963 5.835 -7.118 1.308
P103221 5.884 5.823 -7.330 1.233
P103222 5.934 5.809 -7.234 1.255
P103223 5.787 5.755 -7.659 1.165
P103224 6.025 6.074 -7.361 0.879
P103225 5.509 5.768 -7.020 1.940
P103226 5.626 5.742 -6.396 1.208
P103227 5.712 5.955 -7.389 2.217
P103228 5.880 5.942 -7.378 1.007
P103229 5.838 5.925 -7.474 1.389
P103230 5.959 5.923 -7.527 1.191
P103231 5.628 5.671 -6.359 1.349
P103233 6.069 5.752 -6.125 1.401
P103234 5.786 5.631 -6.723 1.191
P103235 5.984 5.873 -7.513 1.278
P103236 5.965 5.873 -7.602 1.217
P103237 5.902 5.870 -7.714 1.091
P103238 5.861 5.940 -7.406 1.262
P103239 5.950 5.778 -6.792 1.149
P103240 5.838 5.855 -8.149 1.277
P103241 5.884 6.130 -7.384 1.706
P103242 5.687 5.775 -7.145 0.901
P103243 5.884 5.859 -7.850 1.326
P103244 5.974 6.173 -7.517 2.029
P103245 6.233 6.270 -7.516 1.290
P103246 6.107 5.940 -7.748 1.252
P103248 5.919 6.159 -8.329 1.389
P103249 6.105 6.080 -7.821 1.187
P103250 5.834 5.754 -7.337 1.538
P103251 5.935 5.939 -7.767 0.583
P103252 6.069 5.992 -7.837 1.307
P103253 5.847 5.937 -6.990 1.287
P103254 5.933 6.097 -7.660 1.208
P103255 6.059 5.891 -7.571 1.178
P103256 6.037 6.033 -7.772 1.310
P103257 5.858 5.859 -7.861 1.268
P103258 6.054 6.085 -7.054 1.275
P103259 5.813 5.896 -7.434 1.817
P103260 5.891 5.804 -7.780 1.268
P103261 5.949 5.675 -7.232 1.552
P103263 6.026 5.642 -6.075 1.283
P103264 5.744 5.820 -7.282 1.334
P103265 5.692 5.761 -7.324 1.356
P103266 5.802 5.830 -7.238 1.278
P103269 5.908 6.060 -7.258 1.098
P103270 5.827 5.582 -6.800 1.303
P103272 5.986 6.000 -7.010 1.171
P103273 5.972 6.013 -6.868 1.181
P103274 5.753 5.846 -7.387 0.640
P103275 5.964 6.040 -7.216 1.207
P103277 5.751 5.870 -7.211 1.567
P103278 6.187 6.165 -8.141 1.196
P103279 5.744 5.742 -6.757 1.348
P103280 5.804 5.891 -7.668 0.845
P103281 5.861 5.789 -6.942 1.455
P103282 6.216 6.102 -7.353 1.445
P103283 6.208 5.909 -6.241 1.378
P103284 5.877 5.730 -7.876 1.162
P103285 5.580 5.663 -7.030 1.203
P103286 6.098 6.279 -7.701 0.844
P103288 6.300 6.217 -7.446 1.246
P103289 5.629 5.642 -7.405 1.239
P103290 5.940 5.916 -7.755 1.167
P103291 6.304 6.340 -8.060 1.949
P103293 6.067 5.981 -7.041 0.864
P103296 5.910 6.105 -7.870 1.171
P103297 5.776 5.778 -7.375 1.425
P103298 6.042 5.875 -6.202 1.351
P103300 5.889 6.110 -7.503 1.157
P103301 5.636 5.518 -7.327 1.620
P103302 5.764 5.709 -6.623 1.152
P103303 6.058 6.107 -7.077 1.175
P103304 5.988 6.112 -8.141 1.139
P103305 5.999 6.145 -7.998 1.151
P103306 5.997 6.112 -8.152 2.342
P103307 5.978 6.081 -8.109 1.568
P103308 5.717 5.831 -6.732 1.158
P103310 6.015 6.161 -8.035 1.105
P103312 5.941 6.042 -7.931 1.318
P103313 5.801 5.989 -7.357 1.190
P103314 6.398 6.390 -7.400 1.387
P103315 5.804 5.913 -7.340 1.635
P103317 6.064 6.146 -7.992 1.133
P103318 6.090 6.038 -6.745 1.519
P103319 5.861 5.907 -7.172 1.196
P103320 6.024 6.053 -8.008 0.983
P103322 6.177 6.008 -7.637 1.719
P103323 5.720 5.727 -6.540 2.316
P103325 6.091 6.087 -7.810 1.359
P103326 5.868 6.025 -7.363 1.220
P103327 5.919 6.082 -8.029 1.804
P103329 6.078 5.873 -7.269 1.381
P103330 5.819 6.040 -7.776 1.300
P103331 5.938 5.873 -7.213 0.794
P103332 5.973 6.000 -7.291 1.322
P103334 6.005 6.188 -8.070 1.131
P103335 6.087 6.072 -6.746 1.587
P103337 6.187 5.988 -5.212 1.587
P103338 6.234 6.084 -7.458 1.215
P103339 6.165 5.970 -7.735 3.824
P103341 6.009 5.695 -6.652 1.355
P103342 6.135 6.128 -8.026 1.976
P103343 6.059 6.044 -8.125 1.342
P103344 6.212 6.317 -8.094 1.097
P103346 6.376 6.291 -7.540 1.266
P103347 6.205 5.908 -7.286 1.317
P103348 6.299 6.187 -8.035 1.922
P103349 5.738 5.763 -7.319 1.721
P103350 6.184 6.342 -8.265 1.215
P103351 6.403 6.308 -7.144 1.207
P103352 6.143 6.080 -6.650 1.166
P103353 5.942 6.033 -8.780 2.404
P103354 6.188 6.206 -7.193 1.847
P103355 6.135 6.088 -7.651 1.116
P103356 5.927 6.064 -7.283 1.651
P103358 6.256 6.074 -7.192 1.236
P103359 6.001 6.218 -8.458 1.885
P103360 6.156 6.021 -6.336 1.675
P103362 6.026 6.083 -8.050 2.081
P103363 6.131 6.175 -7.839 1.268
P103364 6.091 6.197 -6.665 1.137
P103366 6.197 5.269 -6.533 2.211
P103367 6.319 6.134 -7.552 1.111
P103368 6.062 6.197 -8.105 0.818
P103369 6.246 6.292 -7.171 1.204
P103370 5.985 5.927 -7.795 1.188
P103371 5.956 6.205 -8.067 1.174
P103372 5.973 5.860 -6.704 1.199
P103374 5.968 5.976 -6.998 1.098
P103375 6.119 6.240 -8.192 2.018
P103378 5.899 5.965 -7.572 1.094
P103379 5.988 6.034 -7.901 2.641
P103380 5.993 6.049 -8.618 2.208
P103381 6.324 6.102 -7.567 1.280
P103382 6.129 6.039 -7.297 4.784
P103383 6.075 5.947 -7.013 1.248
P103384 6.381 6.542 -8.426 1.297
P103385 5.939 5.860 -6.521 1.299
P103386 6.138 5.765 -6.754 1.352
P103387 6.109 6.088 -7.312 1.750
P103388 5.933 6.052 -7.938 2.570
P103389 6.289 5.851 -6.739 1.375
P103390 6.253 6.362 -7.933 1.423
P103391 6.011 6.004 -7.642 1.238
P103393 6.532 6.172 -7.722 1.234
P103394 6.199 6.101 -7.260 1.216
P103395 6.135 6.223 -7.304 1.088
P103396 5.691 5.750 -7.000 1.365
P103397 6.384 6.266 -6.940 1.200
P103398 5.979 6.040 -7.946 1.216
P103399 6.081 6.137 -8.834 1.368
P103400 6.134 6.306 -7.157 1.456
P103401 6.210 5.709 -6.784 1.516
P103403 6.239 6.326 -7.930 1.085
P103404 6.164 6.194 -8.161 1.701
P103405 6.042 6.194 -6.281 1.494
P103407 6.204 6.142 -6.932 1.429
P103408 6.097 6.048 -6.944 1.180
P103410 5.773 5.564 -7.202 0.972
P103411 5.668 5.977 -7.842 2.607
P103412 6.173 6.164 -8.572 5.160
P103413 6.052 6.266 -8.027 1.165
P103415 6.340 6.217 -6.194 1.263
P103416 6.111 6.068 -8.126 0.989
P103417 6.322 6.442 -7.113 1.177
P103418 6.116 5.912 -6.114 1.437
P103419 6.253 6.268 -6.876 1.168
P103420 6.046 5.987 -7.373 1.562
P103421 6.191 6.111 -8.364 1.422
P103422 6.380 6.401 -7.734 1.501
P103423 6.280 6.256 -7.064 1.342
P103424 6.057 6.196 -7.622 1.242
P103425 6.005 6.228 -8.704 1.977
P103426 6.079 5.870 -7.257 1.189
P103427 6.216 6.256 -8.144 1.826
P103428 5.907 6.158 -6.769 0.791
P103429 6.281 6.166 -7.433 1.169
P103431 6.279 6.167 -7.631 1.676
P103432 6.187 6.206 -7.567 1.611
P103433 6.340 6.352 -9.300 1.150
P103435 6.342 6.383 -9.195 1.054
P103436 6.168 6.025 -8.295 1.103
P103437 6.062 6.272 -8.189 1.234
P103438 5.787 6.110 -8.017 2.037
P103439 5.961 6.198 -8.725 1.470
P103440 5.993 6.104 -8.286 2.236
P103441 6.300 6.190 -7.545 1.080
P103442 6.650 6.804 -7.864 1.831
P103443 6.223 6.038 -7.406 1.016
P103445 5.842 5.915 -7.622 1.129
P103446 5.898 5.878 -7.517 3.324
P103447 6.077 5.995 -6.748 1.516
P103448 6.210 5.916 -7.652 1.357
P103449 6.582 6.587 -8.841 1.510
P103450 6.591 6.069 -7.789 1.305
P103453 6.685 6.507 -8.390 1.221
P103454 6.263 6.301 -7.763 2.407
P103455 6.289 6.144 -7.922 1.419
P103457 6.219 6.137 -8.377 1.138
P103458 6.439 6.425 -7.360 2.235
P103459 5.976 6.155 -7.675 1.536
P103460 6.161 6.349 -8.585 1.253
P103461 6.363 6.415 -6.416 1.104
P103463 6.440 6.438 -7.359 1.679
P103465 6.231 6.209 -7.899 1.818
P103466 6.339 6.161 -9.459 1.571
P103468 6.639 6.054 -7.447 1.259
P103469 6.749 6.856 -7.907 1.226
P103470 6.737 6.598 -7.540 0.821
P103471 6.285 6.074 -7.838 1.161
P103472 5.746 5.862 -7.666 2.015
P103473 6.448 6.507 -8.384 1.217
P103474 6.691 6.715 -7.496 1.383
P103475 6.342 6.398 -9.620 1.096
P103476 6.228 6.267 -10.248 1.769
P103477 6.384 6.349 -8.101 2.069
P103478 5.430 5.340 -7.492 0.578
P103479 6.006 5.992 -8.937 0.349
P103480 5.954 6.001 -9.261 0.258
P103481 5.991 5.989 -9.157 0.268
P103482 6.107 5.885 -8.630 0.458
P103483 6.042 5.981 -9.041 0.513
P103484 6.100 6.005 -8.629 0.391
P103485 5.611 5.567 -8.878 0.348
P103486 5.619 5.616 -9.320 0.350
P103487 5.696 5.663 -8.258 0.622
P103488 5.524 5.355 -8.028 0.587
P103489 5.496 5.241 -7.942 0.722
P103490 5.517 5.111 -7.590 1.075
P103491 5.796 5.756 -8.653 0.320
P103492 5.756 5.787 -9.104 0.331
P103493 5.768 5.780 -8.922 0.263
P103494 5.751 5.832 -8.438 0.525
P103495 5.686 5.785 -8.607 0.609
P103496 5.671 5.667 -9.210 0.334
P103497 5.436 5.268 -8.384 0.844
P103498 5.411 5.258 -8.021 0.700
P103499 5.478 5.151 -7.841 1.124
P103500 5.711 5.435 -7.719 0.646
P103501 5.699 5.448 -7.575 0.350
P103502 5.987 6.015 -8.479 0.225
P103503 6.163 6.059 -8.953 0.355
P103504 6.100 5.967 -8.955 0.478
P103505 5.998 5.779 -7.776 0.625
P103506 6.357 6.093 -8.419 0.604
P103507 6.168 6.092 -8.364 0.639
P103508 5.714 5.767 -8.538 0.854
P103509 5.517 5.347 -8.335 0.581
P103510 5.574 5.404 -8.112 0.894
P103511 5.693 5.329 -8.171 0.976
P103512 5.919 5.915 -8.593 0.383
P103513 5.980 5.935 -8.321 0.423
P103514 5.640 5.314 -8.108 0.878
P103515 5.768 5.313 -7.531 1.167
P103516 5.928 5.879 -8.237 0.871
P103517 6.031 5.972 -9.198 0.640
P103518 6.087 6.113 -9.511 0.255
P103519 6.272 6.111 -8.863 0.569
P103520 6.046 5.927 -7.933 0.380
P103521 6.075 5.917 -8.817 0.581
P103522 5.799 5.680 -8.315 0.737
P103523 5.847 5.995 -8.763 0.649
P103524 5.459 5.477 -7.332 0.679
P103525 5.467 5.430 -8.717 1.208
P103526 5.633 5.440 -7.749 0.335
P103527 5.848 5.801 -8.357 0.240
P103528 6.141 6.189 -9.097 0.341
P103529 6.185 6.047 -8.786 0.648
P103530 5.953 5.839 -8.387 0.343
P103531 5.424 5.263 -8.232 0.736
P103532 5.953 5.925 -8.682 0.281
P103533 5.722 5.628 -9.157 0.413
P103534 5.748 5.706 -9.541 0.302
P103535 5.878 5.688 -8.815 0.552
P103536 5.420 5.320 -8.533 0.927
P103537 5.736 5.666 -8.908 0.301
P103538 5.783 5.766 -9.271 0.203
P103539 5.489 5.327 -8.036 0.843
P103540 5.840 5.888 -8.821 0.479
P103541 5.874 5.833 -8.910 0.411
P103542 5.718 5.733 -9.180 0.403
P103543 5.791 5.795 -8.907 0.331
P103544 5.895 5.863 -9.286 0.300
P103545 5.713 5.699 -8.785 0.365
P103546 6.049 6.003 -8.664 0.384
P103547 5.366 4.871 -5.724 3.690
P103548 5.511 5.763 -8.449 1.069
P103549 5.544 5.434 -8.526 1.022
P103550 5.730 5.522 -7.994 0.365
P103551 5.798 5.431 -7.851 0.799
P103552 5.825 5.594 -7.793 0.754
P103553 5.839 5.644 -8.377 0.385
P103554 5.372 5.343 -8.218 1.085
P103555 5.651 5.520 -7.181 0.788
P103556 5.992 5.833 -8.676 0.597
P103557 5.833 5.755 -8.324 0.248
P103558 5.912 5.873 -8.976 0.218
P103559 5.969 5.895 -8.667 0.393
P103560 6.044 5.998 -8.728 0.271
P103561 6.191 5.998 -8.206 0.580
P103562 5.977 5.944 -8.308 0.620
P103563 6.015 5.935 -8.590 0.603
P103564 5.855 5.847 -9.406 0.360
P103565 5.629 5.483 -7.813 0.620
P103566 5.691 5.471 -6.952 0.689
P103567 5.525 5.413 -8.482 0.530
P103568 5.605 5.549 -8.144 0.408
P103569 5.658 5.311 -8.353 1.003
P103570 5.880 5.854 -9.135 0.339
P103571 5.818 5.800 -9.262 0.311
P103572 5.852 5.755 -8.826 0.360
P103573 5.514 5.262 -8.222 1.062
P103574 5.744 5.813 -8.669 0.756
P103575 5.812 5.806 -9.218 0.311
P103576 5.659 5.354 -6.980 0.774
P103577 5.976 6.056 -8.907 0.505
P103578 6.019 5.777 -8.543 0.686
P103579 5.875 5.853 -8.525 0.627
P103580 5.586 5.566 -8.525 0.401
P103581 5.554 5.492 -9.012 0.722
P103582 5.529 5.454 -8.622 0.568
P103583 5.958 6.044 -8.722 0.404
P103584 5.517 5.395 -7.922 0.920
P103585 5.809 5.789 -9.380 0.358
P103586 5.867 5.806 -8.909 0.332
P103587 6.059 5.933 -8.187 0.508
P103588 6.100 5.994 -8.161 0.406
P103589 6.239 6.012 -7.747 0.721
P103590 6.060 5.868 -7.521 0.590
P103591 6.136 6.073 -7.878 0.464
P103592 5.525 5.416 -8.228 0.836
P103593 5.544 5.585 -8.012 0.740
P103594 5.696 5.572 -8.015 0.926
P103595 5.829 5.755 -8.829 0.414
P103596 6.294 6.370 -8.789 0.263
P103597 5.840 5.745 -9.155 0.347
P103598 6.030 6.032 -9.172 0.328
P103599 5.848 5.758 -8.245 0.606
P103600 5.923 5.896 -9.032 0.393
P103601 5.885 5.868 -9.395 0.310
P103602 5.950 5.919 -8.865 0.350
P103603 6.025 6.072 -8.662 0.425
P103604 5.992 5.969 -8.600 0.233
P103605 5.864 5.724 -8.945 0.486
P103606 6.067 6.043 -8.406 0.309
P103607 6.204 6.241 -9.347 0.287
P103608 6.242 6.365 -8.030 0.323
P103609 6.219 6.120 -8.811 0.429
P103610 5.768 5.603 -8.416 0.745
P103611 5.647 5.472 -7.591 0.836
P103612 5.699 5.780 -8.652 1.041
P103613 5.604 5.288 -8.257 1.118
P103614 6.347 6.213 -8.995 0.501
P103615 5.696 5.628 -7.880 0.486
P103616 6.104 6.125 -9.218 0.382
P103617 6.236 6.271 -9.242 0.258
P103618 6.191 6.095 -9.043 0.562
P103619 6.274 6.290 -9.059 0.397
P103620 6.294 6.233 -8.489 0.628
P103621 6.112 5.935 -8.706 0.527
P103622 5.617 5.435 -7.220 0.970
P103623 5.697 5.243 -6.900 1.787
P103624 5.611 5.516 -8.972 0.602
P103625 6.172 6.084 -8.155 0.563
P103626 6.249 6.163 -8.277 0.479
P103627 6.168 5.977 -7.629 0.995
P103628 5.684 5.265 -8.061 1.831
P103629 5.862 5.692 -7.750 1.592
P103630 5.596 5.515 -8.161 0.963
P103631 5.603 5.283 -6.986 1.609
P103632 5.641 5.534 -7.538 0.850
P103633 5.654 5.654 -7.588 0.996
P103634 5.431 5.250 -8.248 1.122
P103635 5.580 5.818 -8.689 1.066
P103636 5.657 5.670 -8.729 0.422
P103637 6.322 6.327 -8.702 0.372
P103638 6.359 6.433 -9.181 0.280
P103639 6.208 6.266 -7.578 0.685
P103640 6.128 5.983 -8.005 0.515
P103641 6.143 5.981 -7.584 0.679
P103642 5.685 5.638 -8.857 0.607
P103643 5.730 5.653 -7.939 0.509
P103644 5.694 5.614 -7.651 0.914
P103645 5.717 5.418 -7.338 1.438
P103646 5.632 5.422 -8.465 1.089
P103647 6.008 6.044 -9.392 0.436
P103648 5.923 5.859 -8.684 0.286
P103649 5.690 5.530 -7.649 0.754
P103650 5.922 5.840 -9.055 0.426
P103651 5.743 5.483 -7.168 0.733
P103652 5.735 5.615 -7.198 0.590
P103653 5.857 5.506 -7.195 0.800
P103654 5.927 5.940 -9.427 0.289
P103655 5.745 5.499 -6.990 0.709
P103656 5.801 5.676 -7.196 0.586
P103657 6.014 6.020 -9.418 0.306
P103658 5.926 5.887 -8.775 0.311
P103659 6.053 6.001 -8.530 0.349
P103660 5.960 5.975 -9.512 0.294
P103661 5.610 4.990 -6.687 2.523
P103662 5.642 5.600 -8.384 0.634
P103663 5.595 5.525 -8.671 0.535
P103664 5.568 5.594 -8.350 0.461
P103665 5.561 5.238 -7.303 1.111
P103666 6.101 6.175 -8.697 0.288
P103667 6.179 6.185 -8.139 0.354
P103668 6.116 6.063 -8.468 0.601
P103669 6.105 6.069 -7.808 0.623
P103670 6.108 5.920 -8.788 0.625
P103671 5.664 5.458 -7.892 0.937
P103672 5.880 5.836 -8.343 0.589
P103673 5.919 5.859 -9.173 0.413
P103674 5.982 5.935 -9.287 0.367
P103675 5.927 5.868 -9.359 0.488
P103676 6.060 6.008 -8.738 0.400
P103677 5.971 5.915 -8.519 0.239
P103678 6.026 6.068 -8.905 0.598
P103679 5.903 5.829 -8.980 0.402
P103680 6.030 6.032 -9.174 0.349
P103681 5.713 5.782 -6.749 0.750
P103682 5.651 5.349 -8.124 1.376
P103683 6.230 6.299 -8.470 0.338
P103684 5.714 5.574 -7.054 0.814
P103685 5.682 5.695 -7.061 0.650
P103686 5.981 6.219 -8.603 0.841
P103687 5.339 6.015 -8.742 0.816
P103688 5.713 5.995 -8.898 0.639
P103689 5.400 5.112 -6.530 1.634
P103690 6.230 6.187 -9.425 0.489
P103691 5.851 5.781 -8.257 0.685
P103692 6.076 6.035 -9.139 0.482
P103693 6.079 6.183 -8.905 0.561
P103694 6.076 6.103 -9.134 0.452
P103695 5.704 5.848 -7.938 0.566
P103696 5.194 5.012 -5.648 0.855
P103697 5.927 5.745 -7.638 0.613
P103698 6.107 6.302 -9.467 0.683
P103699 5.954 5.996 -9.146 0.264
P103701 5.773 6.043 -9.955 0.681
P103702 5.856 5.846 -8.870 0.580
P103703 5.896 5.926 -8.386 0.490
P103705 6.091 6.103 -9.644 0.403
P103706 5.884 5.956 -8.048 0.901
P103707 5.616 5.485 -6.161 0.822
P103708 5.432 5.439 -7.609 1.140
P103709 5.678 5.658 -8.154 0.605
P103710 5.724 5.750 -8.087 0.320
P103711 5.627 5.619 -8.885 0.558
P103712 5.860 5.541 -7.595 0.845
P103714 6.273 6.387 -9.304 0.311
P103715 6.285 6.324 -8.959 0.352
P103716 5.654 5.538 -8.379 1.371
P103717 5.328 5.075 -6.798 1.674
P103718 6.180 6.219 -8.148 0.472
P103719 5.989 6.047 -8.544 0.387
P103720 6.142 6.157 -8.616 0.391
P103721 5.985 6.154 -8.145 0.623
P103722 5.752 4.800 -6.636 2.526
P103723 5.516 5.348 -6.272 1.517
P103724 5.889 5.789 -7.090 1.307
P103725 5.757 5.592 -8.764 1.325
P103726 6.125 6.093 -9.086 0.446
P103727 5.995 5.925 -9.049 0.352
P103728 5.629 5.252 -7.122 1.281
P103729 5.645 5.253 -7.821 1.326
P103730 5.693 5.547 -7.590 0.801
P103731 5.685 5.530 -7.919 1.409
P103732 5.744 5.879 -9.120 1.085
P103733 5.758 5.588 -8.016 0.776
P103734 5.896 5.837 -8.099 0.388
P103735 5.840 5.811 -7.441 0.732
P103736 6.013 6.145 -8.668 0.921
P103737 6.130 6.204 -9.425 0.309
P103738 5.997 6.079 -9.360 0.979
P103739 5.946 5.970 -8.530 0.594
P103741 6.092 6.211 -8.748 0.499
P103743 5.675 5.365 -7.435 0.861
P103744 5.574 5.644 -6.953 0.989
P103745 5.549 5.687 -7.504 1.023
P103746 5.590 5.506 -7.235 1.162
P103747 5.902 5.753 -9.039 0.512
P103748 5.958 5.937 -7.028 0.613
P103749 6.021 6.069 -9.060 0.458
P103750 6.056 5.993 -8.846 0.340
P103751 6.077 5.964 -8.968 0.495
P103752 6.128 6.081 -9.267 0.289
P103753 6.014 5.937 -9.163 0.384
P103754 6.095 6.066 -8.835 0.417
P103755 6.055 5.926 -9.141 0.576
P103756 6.096 6.055 -8.842 0.382
P103757 6.083 6.055 -9.307 0.318
P103758 6.096 6.129 -8.162 0.364
P103759 5.571 5.723 -8.569 0.530
P103760 6.247 6.157 -7.968 0.648
P103762 6.325 6.466 -8.714 0.300
P103763 6.257 6.168 -8.332 0.649
P103764 6.329 6.365 -8.379 0.528
P103766 5.406 5.562 -5.876 1.779
P103767 5.207 5.498 -6.912 0.968
P103768 5.593 5.617 -7.780 0.841
P103769 5.702 5.114 -7.497 1.349
P103770 5.800 5.933 -8.661 0.791
P103771 5.661 5.627 -7.336 0.679
P103772 5.745 5.341 -6.392 1.542
P103773 5.662 5.642 -8.621 1.099
P103774 5.849 5.790 -6.141 0.606
P103775 6.181 6.291 -8.354 0.513
P103776 6.280 6.335 -9.594 0.277
P103777 6.224 6.239 -8.479 0.414
P103778 5.903 5.230 -5.426 3.301
P103779 5.954 5.961 -8.999 0.399
P103780 5.893 5.791 -7.340 0.561
P103781 5.947 5.420 -7.471 1.137
P103782 5.787 5.582 -6.925 0.795
P103783 5.911 5.230 -7.233 1.975
P103784 5.629 5.307 -7.221 1.113
P103785 6.108 6.217 -8.822 0.744
P103787 5.961 5.893 -7.601 0.555
P103789 5.926 5.819 -7.472 1.069
P103790 5.905 5.933 -8.406 0.567
P103791 5.391 5.994 -7.676 0.918
P103792 5.921 6.112 -9.163 0.498
P103794 6.090 6.142 -8.610 0.225
P103795 6.162 6.335 -7.702 0.818
P103796 6.102 5.878 -6.355 1.173
P103797 6.157 6.059 -7.967 0.874
P103798 6.148 6.019 -7.878 0.651
P103799 5.950 5.670 -8.141 0.887
P103800 5.921 5.680 -7.936 1.177
P103802 5.863 5.781 -7.422 1.150
P103804 5.946 5.864 -8.083 0.910
P103805 5.813 5.555 -7.802 0.714
P103806 5.859 5.562 -8.064 0.989
P103807 5.925 5.925 -9.097 0.417
P103808 5.989 5.962 -8.955 0.427
P103809 5.883 5.909 -8.346 0.312
P103810 5.678 5.486 -7.726 1.635
P103811 5.949 6.006 -8.568 0.375
P103812 5.901 5.947 -8.661 0.366
P103813 6.086 6.208 -9.104 0.625
P103814 5.765 5.685 -6.945 0.888
P103815 6.193 6.306 -8.620 0.492
P103817 6.229 6.327 -8.708 0.384
P103818 5.896 5.778 -7.295 0.903
P103819 5.743 5.785 -6.826 1.079
P103820 6.155 6.126 -8.978 0.554
P103821 6.197 6.297 -7.447 0.415
P103822 5.728 5.612 -7.203 0.867
P103823 6.359 6.409 -9.430 0.297
P103824 6.162 6.148 -8.176 0.327
P103825 5.682 5.350 -8.460 1.207
P103826 5.844 5.774 -6.792 0.969
P103827 5.562 5.351 -8.237 1.224
P103828 6.137 6.082 -6.480 0.690
P103829 5.551 5.575 -6.799 1.358
P103830 5.653 5.342 -6.563 1.204
P103831 6.128 5.997 -7.760 0.640
P103832 6.133 6.036 -9.244 0.514
P103833 5.863 5.847 -6.721 1.067
P103834 5.981 5.979 -7.179 0.543
P103835 5.881 5.739 -6.844 1.232
P103836 5.792 5.762 -6.525 0.918
P103837 5.790 5.715 -7.350 0.903
P103838 6.245 6.127 -8.827 0.727
P103839 5.744 5.673 -7.628 0.700
P103840 5.979 5.327 -7.039 1.795
P103841 5.653 5.478 -8.572 0.814
P103842 5.406 5.607 -7.404 0.659
P103843 5.719 5.845 -8.015 0.527
P103844 6.005 5.964 -8.848 0.565
P103845 5.873 5.764 -7.496 0.641
P103846 5.725 5.829 -7.801 1.176
P103847 5.845 5.586 -7.705 1.596
P103848 5.655 5.682 -7.731 1.264
P103849 5.565 5.658 -6.601 1.467
P103850 6.245 6.275 -8.955 0.623
P103851 6.225 6.228 -9.380 0.457
P103852 6.157 6.044 -9.349 0.540
P103853 5.740 5.029 -5.997 2.773
P103854 5.239 5.542 -6.238 1.185
P103855 5.629 4.811 -6.519 2.800
P103856 5.902 6.031 -7.677 0.755
P103857 6.036 6.042 -9.528 0.392
P103858 5.896 5.474 -8.590 1.445
P103859 6.061 6.231 -9.634 0.563
P103860 6.049 6.039 -7.639 1.825
P103861 6.012 5.998 -8.659 0.395
P103862 6.099 6.028 -8.139 0.680
P103864 6.119 6.160 -8.994 0.467
P103865 6.172 6.199 -9.017 0.476
P103867 6.140 6.100 -7.902 0.704
P103868 5.964 5.971 -8.834 0.284
P103869 6.060 5.970 -8.300 0.796
P103870 5.938 5.729 -8.177 0.933
P103871 6.284 6.234 -8.968 0.481
P103872 6.103 6.105 -9.518 0.213
P103873 5.978 6.125 -7.362 1.463
P103874 5.855 5.831 -8.011 0.536
P103875 5.951 5.942 -8.683 0.562
P103876 6.081 6.151 -8.199 0.487
P103877 5.901 5.848 -8.360 0.445
P103878 5.812 5.678 -7.352 1.235
P103879 5.816 5.899 -7.079 0.889
P103880 5.950 5.979 -8.580 0.610
P103881 5.879 5.867 -7.164 0.745
P103883 6.070 5.883 -7.655 2.188
P103884 6.043 6.088 -8.388 0.433
P103885 5.762 6.094 -9.042 0.789
P103886 5.880 6.218 -7.683 1.023
P103887 5.834 5.958 -8.333 0.615
P103888 5.616 5.477 -7.130 1.612
P103889 5.801 5.936 -7.431 0.917
P103890 5.879 5.990 -9.946 0.562
P103891 5.908 5.938 -9.337 0.510
P103893 6.163 6.165 -7.967 0.656
P103894 6.268 6.220 -7.563 0.519
P103895 6.298 6.310 -8.656 0.451
P103896 5.577 5.398 -6.746 0.782
P103897 5.619 5.205 -6.699 1.859
P103898 5.957 5.911 -8.974 0.488
P103899 6.124 6.127 -7.244 1.009
P103900 6.190 5.981 -7.600 0.741
P103902 6.066 6.097 -7.665 0.737
P103903 6.027 5.919 -7.142 0.584
P103904 5.898 5.700 -7.389 0.724
P103905 6.195 6.089 -7.597 0.543
P103907 5.933 5.908 -7.160 1.099
P103908 5.699 5.814 -6.153 1.878
P103909 6.138 6.109 -8.360 1.265
P103910 5.917 5.883 -6.732 1.247
P103912 5.695 5.736 -7.473 0.861
P103913 5.764 5.721 -6.720 0.879
P103915 6.067 5.881 -8.521 1.005
P103916 6.170 6.158 -8.463 0.225
P103917 6.100 6.084 -9.116 0.780
P103918 5.856 5.767 -6.904 0.505
P103919 5.712 5.608 -6.781 1.435
P103920 5.605 5.703 -8.833 1.067
P103921 5.953 5.861 -8.458 1.011
P103923 5.778 5.541 -6.503 1.486
P103924 5.688 5.632 -7.517 1.446
P103925 5.883 5.617 -7.795 1.163
P103926 5.767 5.638 -7.460 0.508
P103927 5.591 5.810 -7.594 1.795
P103928 5.650 5.516 -6.593 1.833
P103929 6.073 5.958 -7.693 0.501
P103930 5.675 5.679 -6.660 1.847
P103931 5.814 5.857 -7.696 1.161
P103932 5.832 5.478 -6.412 1.174
P103933 6.214 6.246 -8.279 1.182
P103934 5.864 5.791 -8.309 0.596
P103935 6.031 6.019 -8.514 0.315
P103936 5.837 5.702 -6.458 1.339
P103937 6.148 5.546 -5.978 1.933
P103938 5.844 5.690 -6.946 1.508
P103939 5.697 5.637 -7.860 1.471
P103940 5.750 5.729 -7.209 1.524
P103941 5.758 5.898 -7.568 0.822
P103942 5.687 5.990 -7.599 0.807
P103943 5.790 5.679 -6.450 0.940
P103944 6.109 5.805 -5.950 0.924
P103945 6.025 6.001 -8.924 0.279
P103946 5.587 5.446 -5.457 1.322
P103947 5.850 5.363 -5.373 1.648
P103948 5.804 5.578 -5.974 1.382
P103949 6.042 5.371 -6.832 1.876
P103950 6.007 5.991 -8.411 0.752
P103951 6.048 6.025 -8.384 0.477
P103952 6.082 6.164 -8.110 0.328
P103953 6.044 6.032 -8.643 0.298
P103954 5.867 5.536 -8.311 0.659
P103955 5.893 5.381 -8.339 1.309
P103956 5.848 5.798 -6.832 0.840
P103957 6.014 6.127 -9.078 0.734
P103958 6.191 6.243 -9.517 0.398
P103959 6.155 6.224 -9.704 0.530
P103960 6.231 6.175 -9.038 0.466
P103961 5.854 5.847 -6.390 0.773
P103962 5.702 5.115 -7.394 1.819
P103963 5.629 5.616 -7.254 0.493
P103965 5.700 5.480 -7.626 0.665
P103966 6.139 6.181 -8.805 0.457
P103967 6.089 6.063 -9.177 0.391
P103968 6.051 6.146 -9.950 0.582
P103969 6.144 6.113 -8.614 0.461
P103970 6.184 6.328 -8.695 0.827
P103971 6.296 6.321 -9.903 0.313
P103972 6.126 6.075 -8.957 0.401
P103974 6.268 6.267 -8.983 0.734
P103975 6.189 6.074 -7.414 0.547
P103977 6.314 6.328 -9.339 0.353
P103978 6.175 6.145 -8.751 0.950
P103979 6.244 6.192 -8.319 0.392
P103980 6.114 6.223 -8.961 0.394
P103982 6.282 6.272 -9.444 0.369
P103983 6.248 6.276 -8.974 0.502
P103985 5.921 5.667 -6.916 0.702
P103987 6.054 5.774 -7.794 1.998
P103988 6.026 5.918 -6.984 0.919
P103990 6.073 5.813 -7.013 0.906
P103991 6.075 5.927 -7.125 1.122
P103992 6.067 6.003 -6.740 0.711
P103993 5.523 5.656 -8.891 0.993
P103994 6.015 5.950 -8.934 0.408
P103995 5.717 5.448 -8.474 0.979
P103996 5.760 5.583 -6.838 0.757
P103997 6.138 6.171 -9.300 0.335
P103998 6.126 6.053 -9.059 0.586
P103999 6.200 6.314 -9.688 0.539
P104000 6.136 5.626 -6.622 2.102
P104001 6.117 6.046 -8.844 0.555
P104002 6.252 6.264 -9.043 0.381
P104003 5.836 5.914 -8.325 1.095
P104004 6.168 6.190 -8.618 0.464
P104005 5.819 5.822 -8.886 0.543
P104006 5.796 5.654 -7.714 0.774
P104007 5.699 5.703 -7.818 0.277
P104009 5.806 5.714 -6.576 0.811
P104010 5.710 5.671 -7.452 0.860
P104011 5.767 5.693 -8.204 0.813
P104013 5.692 5.840 -7.403 0.884
P104014 6.085 5.955 -8.708 0.951
P104015 6.190 5.919 -7.941 0.773
P104016 5.468 5.366 -6.515 1.356
P104017 5.765 5.896 -7.894 0.625
P104018 5.886 5.803 -9.341 0.390
P104019 6.048 5.726 -7.937 0.727
P104020 6.236 6.192 -9.208 0.435
P104021 6.255 6.292 -9.538 0.301
P104022 5.894 5.425 -6.885 0.994
P104023 5.635 5.449 -6.832 2.322
P104024 5.799 5.690 -7.032 1.758
P104025 5.735 5.686 -1.852 1.649
P104026 5.875 5.126 -5.206 3.255
P104028 5.897 5.780 -6.801 1.104
P104029 5.543 5.458 -6.791 1.158
P104030 5.362 5.295 -5.051 1.731
P104031 5.170 5.399 -5.882 1.504
P104032 5.694 5.269 -4.972 1.155
P104033 6.089 5.595 -7.914 1.432
P104034 6.207 6.140 -8.903 0.608
P104035 6.385 6.443 -9.149 0.542
P104036 5.842 5.553 -6.192 2.438
P104037 5.788 5.435 -6.689 1.233
P104038 6.233 6.192 -9.341 0.467
P104040 5.663 5.540 -7.826 0.945
P104041 6.026 5.790 -7.540 0.775
P104042 5.983 5.766 -7.521 1.272
P104043 5.942 5.783 -6.615 1.596
P104044 5.680 5.726 -7.036 0.915
P104045 5.742 5.802 -7.168 0.681
P104046 5.741 5.626 -5.642 1.995
P104047 6.187 6.293 -8.726 0.533
P104048 6.095 5.546 -6.211 1.787
P104050 5.663 5.380 -8.034 1.370
P104051 5.869 5.841 -7.668 0.475
P104052 5.800 5.687 -8.980 0.968
P104053 5.909 5.685 -9.231 1.153
P104054 5.678 5.539 -7.942 1.400
P104055 6.232 6.104 -8.900 0.720
P104056 6.274 6.283 -9.606 0.628
P104057 5.845 5.683 -4.933 2.189
P104058 6.185 6.225 -8.775 0.484
P104059 6.007 5.546 -8.166 1.307
P104060 5.839 5.746 -6.963 0.784
P104061 5.844 5.621 -9.471 1.475
P104062 5.933 5.792 -6.068 0.940
P104063 6.165 6.229 -9.968 0.803
P104064 6.090 6.032 -9.165 0.520
P104065 6.137 6.086 -8.866 0.395
P104066 5.859 5.786 -8.205 1.001
P104067 6.072 5.955 -8.760 0.519
P104068 6.085 6.133 -8.442 0.597
P104070 5.930 5.873 -9.401 0.450
P104071 6.180 6.166 -9.471 0.595
P104073 6.206 6.234 -9.374 0.478
P104074 6.198 6.170 -9.086 0.256
P104075 5.947 5.751 -5.873 0.670
P104076 5.833 5.899 -5.795 1.862
P104077 6.286 6.248 -9.389 0.438
P104078 5.947 5.481 -6.858 1.693
P104079 6.139 6.063 -8.600 0.606
P104080 6.187 6.197 -9.448 0.526
P104081 5.993 5.995 -8.495 0.423
P104082 6.266 6.309 -9.141 1.052
P104084 6.082 6.107 -6.221 0.701
P104085 6.264 6.155 -6.751 0.732
P104086 6.251 6.232 -9.510 0.621
P104087 6.264 6.174 -6.077 1.188
P104088 6.087 5.999 -9.545 0.629
P104089 6.175 5.683 -6.238 2.455
P104090 6.280 6.257 -9.303 0.559
P104091 6.252 6.224 -6.298 0.772
P104092 6.324 6.376 -9.082 0.509
P104093 6.284 6.344 -9.671 0.352
P104094 6.071 6.064 -7.726 0.561
P104095 6.202 6.234 -7.701 0.642
P104096 6.232 6.193 -8.433 1.155
P104098 6.383 6.369 -9.840 0.829
P104099 6.329 6.349 -9.061 0.465
P104100 6.214 6.252 -8.483 0.729
P104101 6.206 6.079 -8.096 0.704
P104102 6.202 6.154 -9.022 0.627
P104103 6.266 6.344 -8.358 0.487
P104105 6.061 5.978 -8.457 0.472
P104106 6.083 5.994 -7.508 1.129
P104107 6.222 6.316 -9.244 0.813
P104108 6.061 5.857 -6.731 0.708
P104109 6.266 6.311 -8.117 0.497
P104110 6.209 6.241 -8.473 0.432
P104112 6.194 6.217 -8.160 0.806
P104114 6.048 6.029 -9.264 0.912
P104116 5.888 5.693 -6.861 1.884
P104118 5.855 5.700 -8.632 1.058
P104119 5.995 6.014 -8.545 0.274
P104123 5.994 5.913 -8.462 0.935
P104126 6.299 6.145 -8.678 1.263
P104127 6.251 6.278 -8.950 0.338
P104131 6.161 6.222 -9.489 0.494
P104133 6.197 6.058 -9.040 0.718
P104134 5.842 5.807 -9.205 0.745
P104135 5.920 6.021 -9.498 0.355
P104137 6.024 6.002 -10.201 1.114
P104138 5.832 5.974 -9.450 0.521
P104140 5.847 5.925 -9.590 0.442
P104144 6.077 5.927 -8.665 1.025
P104146 6.236 6.074 -8.293 0.656
P104149 6.250 6.224 -9.106 1.190
P104150 5.739 5.513 -7.114 1.614
P104152 5.907 6.036 -9.275 0.493
P104153 5.721 5.596 -8.386 0.788
P104155 5.875 5.798 -8.304 0.365
P104157 5.911 5.746 -8.416 1.136
P104158 6.069 6.137 -10.400 0.676
P104160 6.073 6.023 -10.368 0.931
P104161 5.934 5.949 -9.670 0.437
P104164 6.033 6.047 -9.229 0.512
P104166 6.068 6.040 -9.747 0.154
P104169 6.269 6.098 -8.931 1.247
P104171 6.218 6.212 -9.324 0.801
P104175 6.112 6.132 -9.673 0.844
P104176 6.191 6.157 -10.437 0.853
P104177 5.796 5.925 -9.076 0.494
P104179 6.133 6.176 -9.815 0.462
P104180 5.958 6.103 -8.789 1.030
P104181 6.176 6.045 -7.745 0.783
P104183 5.950 5.884 -10.032 0.183
P104184 5.825 5.725 -8.534 0.494
P104185 5.803 5.432 -7.289 1.174
P104186 6.049 5.910 -8.118 1.050
P104187 5.896 5.632 -6.534 1.326
P104188 5.870 5.829 -7.291 0.807
P104189 5.896 5.752 -8.276 1.196
P104190 5.936 5.811 -9.004 0.540
P104191 5.401 5.931 -7.883 0.926
P104192 5.155 5.899 -7.027 1.409
P104193 5.712 5.571 -7.032 1.236
P104194 5.924 5.933 -7.779 1.069
P104196 5.800 5.808 -7.141 1.799
P104197 6.142 6.145 -9.233 0.353
P104198 6.178 6.152 -9.048 0.339
P104200 5.930 5.870 -9.224 0.807
P104203 5.873 5.799 -9.563 0.826
P104205 5.879 5.946 -11.205 1.090
P104207 5.878 5.975 -9.997 0.633
P104209 5.944 5.768 -9.688 0.815
P104211 6.172 6.169 -9.073 0.568
P104213 6.097 6.047 -9.088 0.476
P104215 5.937 5.640 -8.526 1.123
P104216 5.720 5.315 -7.124 2.320
P104221 5.609 5.532 -7.812 0.550
P104222 5.685 5.484 -8.685 0.929
P104224 5.807 5.710 -7.489 0.677
P104225 5.793 5.540 -7.118 1.227
P104228 5.698 5.836 -9.200 0.920
P104229 5.909 5.747 -7.383 0.800
P104230 5.607 5.591 -8.678 0.239
P104231 5.258 5.124 -8.578 0.946
P104232 5.276 5.115 -7.523 0.733
P104233 5.906 5.979 -9.377 0.231
P104234 5.874 5.891 -9.522 0.202
P104235 5.881 5.811 -9.197 0.329
P104236 5.271 4.964 -8.284 1.046
P104237 5.536 5.577 -8.917 0.271
P104238 5.571 5.498 -8.709 0.348
P104239 5.325 5.077 -8.558 0.980
P104240 5.495 5.181 -8.401 0.975
P104241 5.346 5.174 -8.186 1.104
P104242 5.377 5.440 -7.790 0.558
P104243 5.345 5.207 -8.256 0.919
P104244 5.646 5.566 -8.941 0.422
P104245 5.800 5.886 -8.795 0.314
P104246 5.968 5.927 -9.415 0.376
P104247 5.982 6.042 -9.682 0.228
P104248 6.112 5.930 -9.142 0.522
P104249 5.699 5.539 -8.605 0.561
P104250 5.687 5.699 -8.984 0.231
P104251 6.004 6.043 -9.374 0.435
P104252 5.792 5.655 -8.795 0.540
P104253 5.978 5.875 -8.888 0.517
P104254 6.129 6.136 -9.581 0.321
P104255 5.455 5.365 -7.686 1.577
P104256 5.446 5.524 -7.788 0.688
P104257 5.453 5.466 -7.154 0.513
P104258 5.428 5.130 -7.260 1.133
P104259 5.586 5.508 -7.634 0.754
P104260 5.631 5.588 -7.147 0.679
P104261 5.447 5.393 -7.736 0.676
P104262 5.560 5.410 -8.697 0.766
P104263 5.498 5.358 -7.843 0.698
P104264 6.128 6.124 -9.272 0.302
P104265 5.440 5.275 -8.395 1.128
P104266 6.120 6.105 -8.539 0.504
P104267 5.878 5.862 -9.098 0.408
P104268 6.096 6.023 -9.108 0.510
P104269 5.883 5.852 -8.852 0.333
P104270 5.858 5.714 -8.737 0.574
P104271 5.776 5.711 -8.915 0.336
P104272 6.013 6.013 -9.369 0.316
P104273 5.853 5.886 -8.490 0.306
P104274 5.593 5.348 -7.083 1.281
P104275 5.861 5.799 -9.020 0.530
P104276 5.926 5.985 -9.356 0.291
P104277 5.990 6.008 -8.824 0.382
P104278 5.505 5.332 -8.227 0.838
P104279 5.637 5.492 -7.183 1.030
P104280 5.680 5.560 -7.220 0.812
P104281 5.436 5.347 -7.348 1.253
P104282 5.593 5.564 -7.634 0.656
P104283 5.531 5.504 -7.652 0.712
P104284 5.609 5.614 -7.125 0.819
P104285 5.703 5.142 -7.932 2.045
P104286 5.447 5.491 -7.350 0.972
P104287 5.528 5.298 -7.168 1.120
P104288 5.554 5.518 -7.251 0.771
P104289 6.203 6.266 -9.299 0.513
P104290 6.055 6.206 -9.655 0.663
P104291 6.150 6.136 -9.486 0.369
P104292 5.485 5.421 -6.846 1.136
P104293 5.201 5.575 -7.381 0.938
P104294 5.635 5.522 -7.139 0.826
P104296 5.684 5.518 -7.792 1.062
P104297 5.665 5.406 -7.717 1.095
P104298 5.722 5.730 -7.199 0.734
P104299 5.584 5.427 -7.526 0.547
P104300 5.411 5.501 -8.556 0.533
P104301 5.515 5.547 -6.929 1.763
P104302 5.645 5.339 -8.017 1.416
P104303 6.147 6.187 -9.011 0.625
P104304 5.538 5.507 -8.431 1.116
P104305 5.512 5.513 -7.182 0.682
P104306 5.736 5.523 -8.086 1.299
P104307 5.600 5.486 -7.214 0.616
P104308 5.701 5.413 -7.308 1.552
P104309 6.141 6.244 -8.931 0.561
P104310 6.061 6.081 -9.015 0.764
P104311 6.152 6.202 -9.038 0.438
P104312 6.078 6.027 -8.786 0.477
P104314 6.202 6.207 -8.960 0.573
P104315 6.172 5.955 -8.766 1.325
P104316 6.147 6.169 -8.601 0.256
P104318 5.545 5.252 -7.241 1.492
P104320 6.017 5.959 -8.495 0.767
P104321 6.119 5.869 -9.228 1.153
P104322 5.976 5.995 -8.614 0.745
P104324 5.880 5.828 -8.393 0.540
P104325 5.912 5.978 -8.417 0.407
P104326 5.936 5.843 -9.691 1.158
P104327 5.972 6.106 -8.368 0.539
P104328 6.142 6.130 -10.032 0.816
P104329 6.070 6.093 -8.489 0.744
P104330 5.810 5.746 -7.474 0.818
P104331 5.801 5.597 -6.146 1.076
P104332 5.344 5.529 -6.901 1.253
P104333 5.819 5.749 -7.529 0.727
P104334 6.001 6.172 -1.708 0.494
P104335 5.700 5.658 -6.901 0.768
P104336 5.712 5.666 -6.617 1.766
P104337 5.474 5.225 -8.378 1.031
P104338 5.604 5.397 -7.970 1.901
P104339 5.934 5.866 -7.323 0.900
P104340 5.919 5.835 -9.116 0.613
P104341 5.047 5.293 -7.202 2.123
P104342 5.942 6.004 -8.965 0.732
P104343 5.819 5.813 -6.687 0.505
P104344 5.820 5.705 -7.893 1.006
P104345 5.989 5.905 -7.427 0.670
P104347 5.920 5.486 -7.447 1.439
P104348 5.833 5.991 -9.033 0.992
P104349 5.732 5.799 -7.938 0.733
P104350 5.815 5.818 -6.958 0.951
P104351 5.543 5.792 -6.051 1.233
P104353 5.924 5.863 -7.221 0.788
P104354 6.089 5.795 -9.170 1.169
P104355 5.863 5.462 -7.353 1.406
P104357 5.341 5.378 -6.876 0.651
P104358 5.520 5.302 -7.599 1.400
P104359 5.955 5.681 -6.087 1.557
P104361 5.966 5.711 -8.874 1.343
P104362 6.133 6.106 -9.551 0.528
P104364 5.757 5.519 -7.645 1.545
P104366 5.567 5.511 -7.687 0.568
P104367 5.828 5.753 -7.561 0.893
P104368 5.966 5.807 -6.885 0.960
P104370 6.177 6.073 -9.671 0.961
P104372 6.203 6.011 -9.180 0.942
P104373 6.063 5.917 -10.443 0.928
P104374 6.073 6.029 -10.136 0.390
P104378 6.210 6.020 -9.453 0.995
P104380 6.203 6.203 -9.827 1.152
P104381 5.978 5.955 -9.423 0.531
P104384 5.971 5.947 -9.257 0.591
P104387 5.863 5.816 -9.752 0.452
P104389 5.952 5.885 -8.727 0.648
P104390 5.648 5.566 -7.656 1.288
P104392 5.519 5.574 -8.868 1.227
P104395 5.543 5.389 -8.507 1.112
P104397 5.567 5.537 -7.582 2.373
P104398 5.635 5.257 -8.249 1.952
P104400 5.888 5.693 -9.317 0.455
P104402 5.799 5.570 -9.340 0.484
P104405 5.518 5.410 -8.721 0.708
P104406 6.117 6.201 -9.500 0.281
P104407 6.178 6.290 -10.054 0.325
P104408 6.130 5.987 -9.126 0.525
P104409 6.193 6.293 -9.445 0.504
P104410 6.281 6.293 -9.998 0.770
P104411 6.211 6.320 -9.752 0.276
P104412 6.366 6.364 -9.720 0.203
P104413 6.240 6.108 -9.184 0.389
P104414 6.210 6.232 -8.814 0.278
P104415 6.291 6.176 -8.404 0.597
P104416 6.301 6.178 -9.312 0.499
P104417 6.313 6.146 -9.460 0.450
P104418 6.246 6.217 -8.564 0.476
P104419 6.277 6.047 -7.908 0.892
P104420 6.256 6.305 -9.953 0.740
P104422 6.238 6.039 -7.990 0.851
P104423 6.170 6.051 -8.931 0.409
P104424 6.146 6.015 -7.911 1.736
P104425 6.109 6.081 -9.148 0.230
P104426 6.285 5.994 -8.010 1.002
P104427 6.236 6.120 -9.136 0.378
P104428 6.265 6.201 -9.685 0.433
P104429 6.373 6.044 -8.886 1.966
P104430 6.259 6.057 -8.106 0.638
P104431 5.655 5.661 -8.512 1.014
P104432 5.694 5.841 -8.476 0.464
P104433 5.703 5.360 -8.533 1.041
P104434 5.838 5.806 -8.801 0.999
P104435 5.906 5.855 -8.867 0.980
P104436 5.763 5.544 -8.733 0.947
P104437 5.826 5.646 -8.251 0.992
P104438 5.910 5.586 -8.482 1.060
P104439 5.991 5.771 -6.507 0.695
P104440 5.818 5.685 -7.791 1.029
P104441 5.857 5.735 -8.600 0.914
P104442 5.934 5.638 -8.950 0.991
P104443 5.850 5.792 -7.810 0.949
P104444 5.862 5.629 -7.768 0.856
P104446 5.982 5.867 -8.254 1.059
P104448 5.710 5.489 -8.291 0.956
P104449 5.826 5.812 -6.877 0.587
P104450 5.869 5.686 -8.393 1.082
P104451 6.009 5.899 -7.085 0.509
P104452 5.917 5.931 -7.916 0.291
P104453 6.073 5.898 -7.792 0.875
P104454 6.033 5.611 -6.332 2.661
P104455 5.877 5.714 -8.294 0.916
P104456 6.216 5.960 -6.553 0.637
P104457 6.046 6.092 -8.673 0.952
P104458 6.061 5.833 -8.349 0.699
P104460 6.178 5.988 -8.581 0.857
P104461 5.419 5.269 -7.367 1.331
P104462 5.537 5.046 -5.983 2.348
P104463 5.156 5.056 -7.635 1.260
P104464 5.422 5.265 -7.550 1.322
P104465 5.436 5.276 -7.545 1.344
P104466 5.321 5.044 -7.415 1.062
P104467 5.506 5.227 -7.388 2.094
P104468 5.458 5.259 -7.660 1.346
P104469 5.490 5.407 -6.792 0.803
P104470 5.429 5.244 -7.336 1.218
P104471 5.517 5.365 -7.093 1.433
P104472 5.602 5.605 -7.408 0.460
P104473 5.438 5.226 -6.705 0.403
P104474 5.530 5.288 -7.427 1.612
P104475 5.584 5.385 -7.167 1.326
P104476 5.545 5.497 -7.067 0.566
P104477 5.622 5.122 -6.845 1.620
P104478 5.560 5.356 -7.412 1.532
P104479 5.570 5.225 -6.694 1.954
P104480 5.624 5.625 -7.020 0.549
P104481 5.506 5.565 -7.945 0.631
P104482 5.534 5.515 -6.974 0.528
P104483 5.487 5.284 -7.128 1.498
P104484 5.458 5.268 -7.324 1.393
P104485 5.503 5.466 -7.178 1.994
P104486 5.607 5.376 -7.282 1.347
P104487 5.563 5.397 -7.280 1.320
P104488 5.569 5.385 -7.510 1.335
P104489 5.680 5.553 -6.566 0.649
P104490 5.643 5.295 -6.716 2.041
P104491 5.583 5.377 -7.470 1.614
P104492 5.491 5.140 -6.998 0.937
P104493 5.484 5.261 -7.328 1.704
P104494 5.582 5.426 -7.105 1.461
P104495 5.743 5.023 -6.181 2.555
P104496 5.379 5.261 -7.232 1.197
P104497 5.551 5.329 -6.711 1.830
P104498 5.512 5.337 -7.400 1.373
P104499 5.638 5.425 -7.489 1.348
P104500 5.689 5.508 -7.605 1.385
P104501 5.680 5.433 -7.783 1.611
P104502 5.538 5.493 -7.557 0.427
P104503 5.468 4.806 -7.283 1.256
P104504 5.671 5.084 -6.721 1.812
P104505 5.862 5.298 -6.134 2.086
P104506 5.688 5.523 -6.841 0.934
P104507 5.719 5.391 -7.466 1.813
P104509 5.605 5.471 -6.690 0.799
P104510 5.587 5.397 -6.761 0.778
P104512 5.578 5.388 -7.327 1.346
P104513 5.586 5.345 -7.886 1.529
P104514 5.709 5.405 -7.517 1.511
P104515 5.690 5.373 -7.426 1.827
P104516 5.658 5.384 -7.650 1.681
P104517 5.674 5.216 -6.398 1.963
P104518 5.846 5.365 -5.601 2.846
P104519 5.626 5.375 -6.933 1.577
P104520 5.785 5.574 -6.079 0.604
P104521 5.549 5.219 -6.496 1.765
P104522 5.740 5.526 -7.582 1.359
P104523 5.778 5.440 -8.113 2.446
P104524 5.746 5.719 -7.055 0.641
P104525 5.756 5.715 -7.485 0.474
P104526 5.807 5.376 -6.299 0.825
P104527 5.676 5.448 -7.628 1.427
P104528 5.631 5.335 -7.551 1.788
P104529 5.512 5.326 -6.738 0.982
P104530 5.759 5.534 -7.505 1.348
P104531 5.736 5.500 -7.131 1.247
P104532 5.791 5.242 -6.552 1.994
P104533 5.707 5.441 -7.776 1.699
P104534 5.589 5.301 -6.842 1.547
P104535 5.319 5.238 -7.103 0.379
P104536 5.515 5.384 -7.271 1.052
P104537 5.778 5.583 -6.881 0.834
P104538 5.739 5.456 -7.762 1.537
P104539 5.789 5.671 -6.651 0.667
P104540 5.683 5.439 -7.340 1.665
P104541 5.729 5.494 -7.669 1.317
P104542 5.729 5.564 -6.728 0.469
P104543 5.593 5.337 -7.822 1.274
P104544 5.754 5.628 -6.317 0.774
P104545 5.693 5.504 -6.207 0.673
P104546 5.808 5.619 -6.325 0.440
P104547 5.716 5.418 -7.732 1.494
P104548 5.636 5.436 -7.732 1.369
P104549 5.602 5.396 -7.383 1.492
P104550 5.672 5.604 -7.092 0.459
P104551 5.720 5.190 -6.614 1.993
P104552 5.592 4.956 -6.620 1.348
P104553 5.802 5.565 -6.593 0.974
P104554 5.593 5.386 -7.505 1.376
P104555 5.638 5.443 -6.937 0.823
P104556 5.770 5.717 -6.339 0.470
P104557 5.618 5.306 -7.200 1.886
P104559 5.741 5.468 -7.680 1.396
P104560 5.727 5.434 -6.729 1.359
P104561 5.836 5.821 -6.978 0.670
P104562 5.791 5.613 -6.528 1.649
P104563 5.601 5.641 -7.826 0.618
P104564 5.363 5.386 -6.955 0.434
P104565 5.678 5.434 -7.979 1.321
P104566 5.746 5.502 -7.110 1.328
P104567 5.699 5.492 -8.006 1.263
P104568 5.377 5.490 -6.943 0.608
P104569 5.799 5.521 -7.096 1.675
P104570 5.907 5.755 -6.678 0.641
P104571 5.823 5.593 -6.673 0.711
P104572 5.776 5.447 -7.480 1.893
P104573 5.709 5.473 -7.359 1.279
P104574 5.784 5.519 -7.784 1.270
P104576 5.810 5.496 -7.830 1.405
P104577 5.936 5.851 -6.014 0.358
P104578 5.892 5.882 -6.048 0.123
P104579 5.878 5.534 -6.157 1.861
P104580 5.807 5.626 -7.297 1.330
P104581 5.767 5.433 -7.596 1.717
P104582 5.825 5.737 -6.434 1.138
P104583 5.796 5.527 -7.968 1.587
P104584 5.606 5.448 -7.649 1.038
P104585 5.909 5.660 -6.863 1.009
P104586 5.891 5.615 -7.272 1.254
P104588 5.694 5.732 -7.252 0.652
P104589 5.608 5.245 -7.553 1.798
P104590 5.861 5.573 -7.363 1.387
P104591 5.185 5.372 -6.781 0.785
P104592 5.725 5.356 -7.329 1.865
P104593 5.403 5.269 -7.081 0.510
P104594 5.802 5.319 -6.305 1.804
P104595 5.830 5.752 -5.991 0.302
P104596 5.825 5.574 -7.803 1.377
P104597 5.852 5.577 -7.139 1.448
P104599 5.711 5.472 -7.631 1.290
P104600 5.889 5.742 -6.971 1.194
P104601 5.551 5.393 -7.553 1.278
P104602 5.472 5.169 -6.790 1.390
P104603 5.489 5.241 -8.017 1.298
P104605 5.681 5.287 -6.456 1.341
P104606 5.801 5.604 -6.373 0.482
P104607 5.729 5.560 -6.844 0.692
P104608 5.802 5.311 -6.855 1.923
P104609 5.514 5.242 -6.160 2.202
P104611 5.904 5.487 -7.708 1.895
P104612 5.520 5.419 -6.722 1.018
P104613 5.690 5.472 -8.080 1.264
P104615 5.712 5.622 -7.129 0.427
P104616 5.483 5.617 -6.929 0.823
P104617 5.760 5.532 -7.743 1.290
P104618 5.862 5.584 -7.859 1.305
P104619 5.676 5.358 -6.543 1.370
P104620 5.754 5.549 -6.610 0.965
P104621 5.757 5.180 -7.546 1.450
P104622 5.667 5.632 -7.435 0.478
P104623 5.554 5.303 -6.931 0.550
P104624 5.778 5.538 -7.778 1.428
P104625 5.653 5.651 -7.256 0.547
P104626 5.837 5.625 -8.004 1.523
P104627 5.896 5.604 -6.409 0.610
P104628 5.884 5.691 -6.979 0.875
P104629 5.774 5.503 -7.761 1.503
P104631 5.824 5.442 -7.560 1.250
P104632 5.700 5.480 -7.394 1.679
P104633 5.671 5.414 -7.841 1.172
P104634 5.646 5.399 -6.608 0.624
P104635 5.633 5.320 -6.744 1.709
P104636 5.695 5.731 -7.983 0.656
P104637 5.408 5.467 -7.410 1.318
P104639 5.831 5.506 -7.682 1.228
P104640 5.715 5.475 -7.919 1.379
P104641 5.408 5.478 -6.599 2.124
P104642 5.797 5.782 -7.204 0.538
P104643 5.872 5.501 -7.421 1.652
P104644 5.453 5.256 -6.333 2.679
P104645 5.803 5.804 -7.072 0.579
P104646 5.440 5.569 -6.924 1.268
P104647 6.009 5.787 -6.903 0.889
P104648 5.955 5.638 -7.979 1.822
P104649 5.750 5.444 -7.301 1.216
P104650 5.745 5.495 -7.797 1.360
P104651 5.982 5.707 -7.049 1.139
P104652 5.837 5.584 -7.473 1.242
P104653 5.725 5.664 -7.029 0.388
P104654 5.345 5.103 -7.510 0.727
P104655 5.822 5.488 -5.962 0.951
P104656 5.848 5.609 -8.081 1.266
P104657 5.477 5.632 -7.157 0.805
P104658 5.799 5.194 -6.804 2.574
P104659 5.705 5.384 -6.948 2.254
P104661 5.834 5.555 -7.872 1.330
P104662 5.926 5.765 -6.284 0.688
P104663 5.970 5.608 -7.174 1.382
P104664 5.962 5.737 -6.994 1.209
P104665 5.777 5.617 -7.067 0.994
P104666 5.863 5.665 -7.034 1.242
P104667 5.966 5.923 -6.995 0.651
P104668 5.817 5.489 -8.121 1.479
P104669 5.767 5.843 -7.211 0.341
P104670 5.754 5.501 -8.039 1.569
P104671 5.775 5.775 -7.466 0.408
P104673 5.786 5.453 -8.035 1.428
P104674 5.745 5.679 -6.534 1.051
P104675 5.569 5.557 -7.089 0.522
P104677 5.830 5.538 -7.415 1.306
P104678 5.408 5.226 -6.645 1.674
P104679 5.997 5.692 -7.833 1.410
P104680 5.826 5.515 -6.664 0.811
P104681 5.794 5.664 -6.802 1.002
P104682 6.036 5.761 -6.547 1.121
P104683 5.748 5.568 -6.477 0.938
P104684 5.823 5.361 -6.811 2.683
P104685 5.861 5.766 -6.107 0.327
P104686 5.826 5.453 -7.712 2.026
P104687 5.924 5.879 -6.366 0.218
P104688 5.916 5.657 -6.873 1.143
P104689 5.760 5.537 -6.997 1.259
P104690 5.362 5.674 -6.852 0.716
P104691 5.751 5.427 -8.104 1.547
P104693 5.819 5.527 -7.570 1.501
P104695 5.813 5.749 -7.519 0.549
P104696 5.829 5.359 -6.217 1.451
P104697 5.996 5.870 -6.560 1.067
P104698 5.868 5.561 -8.266 1.407
P104699 5.954 6.025 -6.771 0.582
P104700 5.686 5.433 -8.179 1.066
P104701 5.315 5.163 -6.741 0.427
P104702 5.882 5.860 -7.497 0.257
P104704 5.966 5.679 -8.162 1.462
P104705 5.963 5.722 -8.033 1.244
P104706 5.939 5.706 -6.658 0.506
P104707 5.857 5.614 -7.141 0.918
P104708 5.773 5.464 -7.857 2.273
P104709 5.921 5.673 -7.227 1.349
P104710 5.843 5.586 -7.919 1.518
P104711 5.924 5.676 -6.505 1.960
P104712 5.825 5.553 -7.506 1.631
P104713 5.893 5.793 -7.619 1.208
P104714 6.065 5.800 -7.132 1.370
P104715 6.010 5.849 -7.870 0.426
P104717 5.999 5.895 -6.832 0.418
P104718 5.962 5.713 -7.704 1.296
P104719 5.871 5.614 -8.134 1.468
P104720 5.828 5.747 -6.915 0.513
P104721 6.050 5.824 -7.208 1.420
P104722 5.645 5.695 -7.779 0.398
P104723 5.892 5.621 -8.183 1.513
P104724 5.880 5.715 -7.331 1.244
P104725 5.941 5.675 -7.797 1.297
P104726 5.851 5.570 -8.216 1.557
P104728 5.609 5.586 -7.912 1.119
P104729 5.769 5.513 -7.708 1.268
P104730 5.864 5.875 -6.217 0.320
P104731 5.228 5.284 -6.536 1.786
P104732 5.981 5.953 -6.218 0.292
P104733 5.783 4.986 -7.125 2.149
P104734 5.905 5.310 -6.809 1.901
P104735 5.964 5.846 -6.541 0.282
P104736 6.211 5.909 -6.746 1.551
P104737 5.674 5.639 -6.784 0.560
P104738 5.869 5.584 -7.123 0.932
P104739 5.943 5.757 -7.318 1.244
P104740 5.907 5.669 -8.327 1.464
P104741 5.624 5.421 -7.156 1.836
P104743 6.046 5.913 -6.629 0.789
P104745 5.928 5.827 -6.939 1.311
P104746 5.626 5.608 -7.901 0.776
P104747 6.005 5.688 -6.537 0.853
P104748 5.837 5.697 -7.624 1.238
P104749 5.845 5.602 -7.095 1.447
P104750 5.789 5.488 -7.961 1.554
P104751 5.900 5.733 -7.223 1.250
P104753 5.816 5.539 -7.052 0.581
P104754 5.782 5.549 -7.441 1.514
P104755 5.825 5.455 -7.476 0.726
P104756 5.858 5.599 -7.857 1.123
P104757 5.922 5.637 -8.242 1.499
P104758 6.015 5.819 -7.761 1.279
P104759 5.838 5.427 -6.256 1.551
P104760 5.868 5.605 -6.581 0.622
P104761 5.954 5.804 -7.677 1.368
P104762 5.730 5.046 -6.591 1.926
P104763 5.908 5.689 -7.339 1.715
P104764 6.064 6.047 -6.841 0.627
P104765 5.928 5.561 -8.641 2.323
P104766 5.638 5.458 -5.817 0.517
P104767 5.845 5.628 -8.246 1.447
P104768 6.045 5.538 -6.900 1.680
P104769 5.897 5.762 -6.841 1.320
P104771 5.463 5.480 -6.979 0.792
P104772 5.874 5.612 -8.305 1.260
P104774 5.870 5.646 -8.112 1.513
P104775 5.682 5.428 -7.550 1.118
P104776 5.834 5.653 -7.907 1.583
P104777 6.144 5.603 -7.920 2.631
P104778 5.950 5.862 -7.495 0.623
P104779 6.014 5.783 -7.037 1.356
P104780 5.933 5.660 -7.586 1.557
P104781 5.480 5.370 -7.831 0.641
P104783 5.866 5.566 -7.961 1.403
P104784 5.730 5.363 -7.221 1.665
P104786 6.086 5.946 -7.457 1.299
P104787 5.783 5.572 -8.307 1.505
P104788 5.716 5.560 -6.024 1.248
P104791 5.988 5.979 -7.359 0.304
P104793 5.793 5.541 -8.005 0.650
P104795 5.651 5.625 -6.935 0.534
P104796 5.942 5.441 -8.150 2.158
P104798 5.931 5.782 -7.549 1.241
P104799 5.787 5.356 -7.730 3.093
P104800 5.881 5.526 -7.526 1.803
P104801 5.759 5.507 -7.756 0.485
P104802 6.035 5.910 -7.177 1.227
P104803 5.815 5.574 -7.762 1.244
P104804 5.787 5.575 -7.098 2.581
P104805 6.013 5.829 -7.703 0.772
P104806 6.002 5.838 -7.077 0.994
P104807 5.933 5.477 -8.234 2.626
P104809 6.069 5.782 -8.163 1.209
P104811 5.752 5.472 -7.440 1.261
P104812 6.048 5.738 -8.362 1.441
P104813 5.920 5.579 -6.654 0.579
P104814 5.849 5.685 -8.448 1.202
P104815 5.644 5.458 -7.923 0.469
P104816 5.839 5.731 -8.917 1.686
P104817 6.059 5.816 -7.045 1.456
P104818 6.087 5.978 -6.941 1.598
P104820 5.774 5.344 -8.031 2.421
P104821 6.164 5.823 -7.396 1.290
P104822 5.966 5.927 -7.406 0.494
P104823 6.095 5.923 -7.398 1.117
P104825 6.013 5.548 -6.874 3.000
P104826 6.013 5.707 -8.411 1.463
P104827 6.036 5.751 -8.307 1.376
P104828 5.544 5.568 -6.606 1.062
P104829 6.017 5.873 -7.275 1.165
P104830 6.060 5.644 -6.834 2.527
P104831 6.013 5.999 -7.258 0.931
P104833 6.051 5.844 -7.914 1.117
P104834 5.807 5.551 -8.087 1.783
P104835 6.223 5.981 -6.996 1.098
P104836 6.015 5.750 -7.852 1.402
P104837 5.867 5.578 -7.249 1.301
P104838 6.018 5.743 -8.517 1.595
P104839 6.135 5.767 -8.319 1.506
P104840 6.093 5.890 -7.058 1.245
P104841 5.901 5.650 -8.301 1.746
P104842 5.867 5.912 -7.674 0.796
P104844 6.066 5.977 -7.817 0.633
P104845 5.572 5.259 -6.907 0.923
P104846 5.803 5.144 -7.011 3.238
P104847 6.113 5.762 -7.337 1.273
P104848 6.090 5.839 -7.385 1.214
P104849 5.710 5.229 -6.034 2.256
P104850 6.056 5.989 -6.539 0.296
P104851 5.782 5.582 -8.118 1.181
P104852 6.062 5.799 -8.376 1.554
P104853 5.764 5.714 -7.427 1.112
P104854 5.396 5.361 -7.097 0.711
P104855 5.705 5.566 -6.722 0.848
P104856 5.966 5.657 -8.409 1.422
P104857 6.094 5.845 -7.320 1.300
P104858 6.114 5.797 -7.501 1.301
P104859 6.109 5.849 -7.768 2.495
P104860 6.038 5.761 -8.431 1.536
P104861 5.999 5.665 -6.841 1.630
P104862 6.011 5.889 -7.099 1.081
P104863 6.020 5.762 -7.536 1.316
P104864 6.075 5.901 -7.557 1.014
P104865 5.840 5.482 -8.314 1.131
P104866 6.019 5.808 -7.345 1.795
P104867 6.042 5.741 -7.481 1.179
P104868 6.275 5.991 -7.385 1.226
P104869 5.715 5.566 -7.582 1.439
P104870 6.146 5.861 -7.194 1.692
P104871 6.173 5.972 -7.220 1.214
P104872 6.053 5.834 -7.714 1.151
P104873 5.909 5.871 -7.198 0.635
P104874 6.094 5.838 -7.305 1.207
P104875 5.780 5.604 -8.391 1.282
P104876 6.163 5.772 -7.651 2.396
P104877 6.100 5.824 -6.919 1.256
P104878 5.978 6.089 -9.051 0.542
P104879 6.318 6.017 -7.359 1.588
P104880 6.182 6.078 -7.815 0.919
P104881 6.132 5.952 -7.389 1.473
P104882 5.944 5.865 -9.112 1.859
P104883 6.207 5.766 -6.854 1.664
P104884 6.181 5.978 -7.118 0.877
P104885 6.209 5.873 -6.779 2.931
P104886 5.925 6.032 -8.922 0.648
P104887 6.172 5.839 -8.401 2.173
P104888 5.989 5.684 -6.417 1.528
P104889 6.228 5.848 -7.857 1.677
P104890 6.042 5.487 -7.985 2.135
P104891 6.118 5.823 -7.029 1.264
P104892 6.018 5.819 -7.573 1.253
P104893 6.105 5.860 -8.247 1.437
P104894 6.248 6.007 -7.589 1.129
P104895 6.126 5.685 -8.211 1.531
P104896 6.152 5.883 -8.085 1.339
P104897 6.086 5.869 -8.035 1.424
P104898 6.124 5.556 -6.841 1.055
P104900 6.075 6.131 -7.569 0.510
P104901 5.775 5.606 -8.425 1.438
P104902 5.761 5.643 -8.587 1.425
P104903 6.082 5.969 -7.327 0.725
P104904 6.027 5.798 -8.293 1.637
P104905 6.316 6.034 -7.144 1.520
P104906 5.968 5.702 -8.192 0.910
P104907 6.173 6.005 -6.472 1.836
P104908 6.125 6.119 -7.115 0.785
P104909 6.091 5.946 -7.449 1.233
P104910 5.853 5.728 -7.993 1.097
P104911 5.887 5.814 -8.447 1.073
P104912 5.936 5.796 -7.305 1.593
P104913 6.233 6.109 -6.869 0.994
P104915 5.789 5.769 -6.603 0.775
P104916 6.016 5.999 -7.409 0.474
P104917 5.671 5.396 -7.198 1.783
P104919 5.733 5.666 -6.600 1.364
P104920 5.844 5.547 -6.887 0.867
P104921 6.146 6.101 -7.074 1.023
P104922 5.940 5.765 -8.528 1.237
P104923 5.500 5.669 -6.393 1.004
P104924 6.062 6.026 -7.548 0.629
P104925 5.951 5.701 -7.979 0.669
P104926 6.257 6.203 -7.123 0.901
P104927 6.116 6.048 -7.669 0.824
P104928 5.437 5.905 -6.495 0.605
P104929 5.780 5.715 -8.698 1.321
P104930 6.172 6.087 -7.563 0.780
P104931 6.184 5.825 -7.711 1.531
P104932 6.044 5.660 -9.160 1.113
P104933 6.183 5.956 -7.896 1.389
P104934 6.150 5.951 -7.893 1.227
P104935 6.175 6.179 -7.227 1.084
P104936 5.909 5.685 -7.569 2.014
P104937 6.217 5.782 -7.920 1.517
P104938 6.159 6.150 -6.802 1.031
P104939 5.958 5.613 -8.378 1.071
P104940 5.844 5.515 -7.596 1.122
P104941 5.980 5.806 -7.835 1.032
P104942 6.137 5.773 -7.956 2.081
P104943 6.173 5.876 -8.224 1.922
P104944 6.168 6.046 -7.584 0.893
P104945 6.251 6.021 -7.928 1.216
P104946 6.109 5.512 -8.172 2.187
P104947 6.116 5.543 -8.298 2.265
P104948 6.281 6.223 -6.868 1.146
P104949 6.104 6.137 -6.613 1.225
P104950 6.231 5.700 -7.482 2.726
P104951 6.014 5.875 -7.049 0.544
P104952 6.370 5.977 -7.437 1.526
P104953 6.251 6.152 -7.300 0.814
P104954 6.137 5.934 -7.996 1.257
P104955 6.281 5.946 -6.841 3.179
P104956 6.123 5.972 -7.128 0.809
P104957 6.174 5.910 -7.866 1.293
P104958 6.269 6.011 -7.884 1.378
P104959 6.072 5.663 -7.818 1.934
P104960 6.034 5.984 -7.512 0.633
P104961 5.872 5.842 -6.974 0.578
P104962 6.145 5.689 -8.731 3.168
P104963 6.116 5.602 -8.345 2.277
P104964 5.952 5.703 -8.316 1.554
P104965 5.989 5.703 -8.429 1.469
P104966 6.355 6.213 -6.882 1.060
P104967 5.593 5.676 -7.012 1.007
P104968 5.558 5.699 -6.799 0.627
P104969 5.892 5.566 -8.319 2.778
P104970 6.051 5.762 -7.257 1.292
P104971 6.178 5.977 -8.727 2.807
P104972 5.806 5.848 -8.525 0.726
P104973 5.982 5.957 -6.626 0.395
P104974 6.262 6.142 -7.074 1.250
P104975 5.932 5.781 -8.745 1.310
P104976 5.682 5.511 -8.104 1.204
P104978 6.113 5.825 -7.061 0.874
P104979 6.103 5.519 -8.265 2.195
P104980 6.159 5.935 -7.810 2.172
P104981 5.790 5.817 -8.053 0.415
P104982 6.261 6.073 -8.160 0.987
P104983 6.404 5.682 -8.096 1.425
P104984 6.125 5.809 -8.217 3.877
P104985 6.131 6.019 -6.436 0.324
P104986 6.337 6.025 -6.633 1.848
P104987 6.389 6.194 -6.903 1.574
P104988 5.874 5.821 -9.357 1.421
P104989 6.348 6.107 -6.863 0.492
P104990 5.885 5.713 -6.919 0.708
P104991 6.498 6.340 -6.862 1.564
P104992 6.213 6.053 -7.539 1.045
P104993 6.129 5.923 -7.575 1.362
P104994 6.181 5.723 -7.194 1.546
P104995 6.197 6.006 -6.965 1.206
P104996 5.945 5.526 -7.887 2.609
P104997 6.103 5.701 -8.627 1.088
P104998 6.236 5.902 -7.623 2.300
P104999 5.976 5.868 -7.486 1.463
P105000 6.137 5.860 -6.007 0.558
P105001 6.243 5.942 -7.508 1.159
P105002 6.121 5.741 -8.447 1.612
P105003 6.355 6.016 -7.325 1.736
P105004 6.254 5.975 -6.110 0.909
P105005 6.331 6.087 -5.951 1.493
P105006 5.816 5.587 -8.122 0.998
P105007 6.257 6.052 -7.538 0.956
P105008 6.089 5.794 -6.063 1.275
P105009 6.506 6.172 -6.366 2.743
P105010 6.229 5.989 -6.732 1.754
P105011 6.066 5.685 -7.137 0.666
P105012 5.988 5.738 -8.200 1.053
P105013 6.162 5.796 -6.773 2.546
P105015 6.479 6.534 -9.052 1.664
P105018 6.512 6.561 -9.043 1.079
P105019 6.350 6.407 -8.467 1.506
P105020 6.539 6.570 -9.770 1.514
P105022 6.550 6.523 -9.363 1.523
P105023 6.297 6.340 -7.414 1.006
P105024 5.649 5.686 -8.916 0.120
P105025 5.717 5.768 -9.307 0.143
P105026 5.748 5.337 -8.542 0.530
P105027 5.797 5.745 -9.004 0.151
P105028 5.869 5.815 -9.125 0.322
P105029 5.789 5.720 -8.962 0.252
P105030 5.899 5.679 -8.747 0.441
P105031 5.921 5.450 -8.558 0.637
P105032 5.781 5.801 -7.943 0.697
P105033 5.683 5.501 -7.650 0.589
P105034 5.979 5.905 -8.674 0.311
P105035 5.933 5.620 -9.064 0.521
P105036 5.755 5.896 -8.568 1.001
P105037 5.865 5.934 -8.507 0.658
P105039 5.890 5.903 -8.891 0.282
P105040 5.917 5.761 -8.400 0.343
P105042 5.839 5.525 -8.427 0.747
P105043 5.975 5.516 -7.775 2.524
P105044 5.952 5.964 -8.900 0.338
P105045 5.752 5.658 -9.098 0.848
P105046 5.793 5.673 -8.985 0.377
P105047 5.823 5.922 -8.067 1.194
P105048 5.903 5.651 -9.229 0.392
P105049 5.715 5.525 -8.702 1.312
P105050 5.972 5.858 -9.201 0.411
P105051 5.960 5.836 -9.495 0.323
P105053 6.098 5.576 -7.702 2.175
P105055 5.447 5.608 -10.282 0.886
P105056 5.945 5.879 -9.760 1.493
P105058 5.991 5.420 -7.954 2.320
P105060 5.924 5.970 -11.328 0.489
P105062 6.133 6.265 -9.001 0.811
P105063 6.256 6.242 -8.879 0.393
P105064 5.359 4.984 -8.450 0.646
P105065 5.357 5.245 -8.567 0.348
P105067 5.421 5.114 -8.517 0.549
P105070 5.768 5.930 -9.504 1.083
P105071 5.884 6.032 -9.546 1.060
P105073 5.546 5.358 -7.949 0.663
P105076 5.529 5.705 -9.299 0.340
P105077 5.602 5.765 -9.647 0.309
P105078 5.701 5.432 -8.900 0.619
P105080 5.864 5.915 -9.425 0.237
P105081 5.774 5.608 -9.444 0.557
P105083 5.830 5.682 -9.273 0.442
P105084 5.880 6.011 -9.106 0.402
P105091 5.920 5.844 -8.790 0.555
P105093 5.846 6.020 -8.718 0.431
P105094 5.904 5.743 -8.949 0.772
P105095 5.646 5.406 -7.263 0.597
P105097 5.853 5.773 -9.368 0.589
P105100 5.932 5.885 -10.069 0.463
P105101 5.908 5.896 -9.517 0.497
P105103 5.444 5.516 -9.368 0.249
P105104 5.520 5.444 -8.899 0.304
P105105 5.571 5.513 -9.171 0.409
P105106 5.574 5.676 -9.503 0.227
P105107 5.772 5.485 -9.008 0.604
P105108 5.604 5.616 -8.841 0.280
P105109 5.690 5.690 -8.934 0.506
P105110 5.729 5.804 -9.510 0.576
P105111 5.729 5.467 -9.096 0.502
P105113 5.676 5.403 -9.149 0.598
P105114 5.671 5.550 -8.577 0.706
P105115 5.806 5.602 -8.426 0.945
P105116 5.789 5.560 -9.102 0.645
P105123 5.810 5.878 -8.471 0.288
P105126 5.749 5.842 -9.616 0.799
P105127 5.643 5.501 -7.409 0.465
P105128 5.801 5.525 -8.974 0.637
P105134 5.977 5.934 -9.433 0.791
P105138 5.680 5.590 -9.597 0.747
P105139 5.851 5.749 -9.373 0.932
P105144 5.933 5.838 -9.942 0.634
P105147 6.058 5.829 -9.172 1.414
P105150 6.560 6.513 -8.493 1.091
P105151 6.665 6.788 -8.522 1.966
P105152 6.547 6.591 -8.383 1.013
P105153 6.343 6.317 -7.935 1.378
P105154 6.518 6.339 -7.784 0.717
P105156 6.354 6.362 -7.768 1.333
P105157 6.488 6.370 -8.045 1.551
P105158 6.285 6.270 -7.631 0.300
P105160 6.315 6.293 -7.706 1.681
P105161 6.348 6.437 -9.091 1.488
P105162 6.238 6.280 -7.622 0.888
P105163 6.466 6.239 -7.470 0.564
P105164 6.348 6.571 -7.907 2.093
P105165 6.202 6.218 -8.606 0.575
P105167 6.390 6.309 -7.672 1.362
P105168 6.370 6.248 -7.755 0.585
P105169 6.473 6.366 -8.863 1.089
P105170 6.234 6.202 -7.723 0.665
P105171 6.321 6.409 -7.692 1.509
P105172 6.448 6.413 -8.543 1.056
P105173 6.373 6.444 -8.945 1.487
P105174 6.228 6.044 -7.314 1.070
P105175 6.298 6.272 -7.284 0.770
P105176 6.354 6.494 -7.859 1.156
P105177 6.491 6.343 -7.596 0.783
P105178 6.398 6.258 -7.638 0.653
P105180 6.215 6.345 -7.417 1.462
P105181 6.190 6.268 -8.156 1.462
P105182 6.352 6.338 -7.792 1.122
P105183 6.084 6.140 -7.638 1.899
P105184 6.081 6.105 -7.659 1.084
P105185 6.158 6.203 -7.538 1.572
P105186 6.227 6.402 -8.876 0.992
P105187 6.204 6.353 -7.957 1.181
P105189 6.479 6.614 -7.977 1.082
P105190 6.367 6.268 -7.713 0.614
P105191 6.137 5.892 -7.069 0.741
P105192 6.265 6.218 -7.616 1.145
P105193 6.303 6.249 -7.321 0.620
P105194 6.416 6.514 -7.427 1.194
P105195 6.259 6.091 -7.359 0.669
P105197 6.391 6.439 -8.209 0.678
P105198 6.139 6.279 -7.984 1.059
P105199 6.230 6.137 -6.801 0.933
P105200 6.264 6.301 -8.183 1.136
P105201 6.114 6.049 -7.873 0.627
P105203 6.381 6.126 -6.923 0.990
P105204 6.301 6.375 -7.477 0.942
P105205 6.261 6.197 -7.791 0.573
P105206 6.295 5.881 -7.231 1.156
P105207 6.254 6.184 -7.956 0.655
P105208 6.350 6.472 -7.802 1.485
P105209 6.297 5.837 -7.312 0.928
P105210 6.170 6.255 -8.010 0.933
P105212 6.159 6.094 -7.951 0.615
P105213 6.326 6.051 -7.405 0.754
P105214 6.350 6.341 -8.566 1.023
P105215 6.164 6.308 -7.138 1.019
P105216 6.296 6.448 -8.965 0.890
P105217 6.376 6.491 -7.996 0.853
P105218 6.080 6.191 -7.267 1.176
P105219 6.319 6.429 -8.615 1.044
P105220 6.480 6.435 -7.562 0.622
P105221 6.144 6.108 -7.570 0.935
P105222 6.298 6.441 -7.865 1.277
P105223 6.463 6.420 -7.194 1.227
P105224 6.302 6.393 -8.018 1.302
P105225 6.224 6.251 -8.423 1.317
P105226 6.353 6.288 -7.745 1.054
P105227 6.259 6.301 -7.866 1.527
P105228 6.403 6.445 -7.879 1.205
P105229 6.340 6.097 -6.691 1.044
P105230 6.549 6.525 -8.122 1.059
P105231 6.284 6.300 -6.993 0.617
P105232 6.328 6.186 -7.841 0.672
P105233 6.195 6.207 -7.549 1.043
P105234 6.273 6.173 -7.554 0.743
P105235 6.412 6.165 -7.141 0.471
P105236 6.398 6.424 -8.111 1.306
P105237 6.340 6.363 -7.999 0.434
P105238 6.325 6.299 -8.347 1.312
P105239 6.356 6.386 -8.127 1.223
P105243 5.613 5.687 -9.449 1.230
P105244 5.716 5.538 -8.315 0.912
P105246 5.646 5.367 -8.307 0.894
P105248 5.688 5.471 -8.354 0.937
P105250 5.855 5.857 -9.490 0.935
P105253 5.814 5.894 -9.728 0.994
P105254 5.870 6.037 -9.595 0.280
P105256 5.817 5.840 -9.439 0.829
P105259 5.786 5.641 -8.252 0.494
P105260 6.159 5.953 -9.294 0.477
P105263 6.261 6.291 -9.981 0.735
P105264 6.239 6.424 -10.611 0.335
P105266 5.802 5.759 -8.955 0.800
P105267 5.948 6.114 -9.783 0.465
P105269 6.009 6.162 -10.045 0.935
P105270 5.958 6.109 -10.153 0.562
P105272 5.957 5.933 -6.501 0.172
P105273 6.098 6.133 -8.686 0.492
P105274 6.184 6.299 -8.956 0.325
P105275 6.207 6.309 -8.658 0.327
P105276 5.885 5.825 -6.420 0.210
P105277 5.896 5.662 -6.593 2.180
P105278 5.992 5.726 -6.255 1.452
P105279 6.183 6.284 -8.878 0.388
P105280 6.216 6.332 -8.988 0.335
P105281 6.337 6.280 -8.552 0.598
P105282 5.925 5.827 -6.581 0.875
P105283 6.190 6.317 -8.469 0.377
P105284 5.887 5.840 -6.581 1.029
P105285 5.920 5.888 -6.716 0.171
P105286 6.104 6.078 -8.366 0.643
P105287 6.140 6.178 -8.841 0.573
P105288 6.170 6.157 -8.501 0.646
P105289 5.895 5.881 -6.771 0.690
P105290 6.018 6.105 -6.467 0.311
P105291 5.972 5.965 -6.257 0.561
P105292 6.049 5.938 -6.911 0.271
P105293 6.210 6.354 -8.726 0.397
P105294 6.289 6.342 -8.490 0.459
P105295 6.235 6.369 -8.844 0.331
P105296 6.003 5.946 -7.420 2.155
P105297 6.121 6.188 -8.896 0.489
P105298 5.950 5.915 -6.900 0.791
P105299 6.145 6.341 -8.830 0.334
P105300 5.927 5.906 -5.705 0.592
P105301 6.004 5.840 -6.250 1.288
P105303 5.905 5.852 -6.655 0.646
P105304 5.780 5.966 -6.990 0.664
P105305 6.066 6.078 -7.679 0.608
P105307 6.120 5.998 -7.021 0.642
P105308 6.194 6.322 -8.479 0.360
P105309 6.074 6.203 -8.162 0.319
P105311 6.111 6.105 -7.939 0.409
P105313 5.991 6.115 -8.386 0.711
P105314 5.819 6.052 -8.149 0.867
P105315 5.998 5.779 -6.115 2.632
P105316 6.129 5.967 -6.567 0.616
P105317 6.171 6.333 -7.943 0.393
P105318 6.053 6.108 -8.684 0.658
P105319 5.987 5.929 -6.701 0.719
P105320 6.045 5.986 -7.983 0.513
P105321 5.980 5.877 -6.887 2.266
P105323 6.118 6.233 -8.856 0.489
P105325 6.203 5.956 -7.368 1.616
P105327 6.142 6.001 -8.221 1.011
P105329 6.128 5.958 -7.761 1.858
P105330 6.046 6.053 -7.801 0.578
P105332 6.083 6.157 -9.363 0.491
P105335 6.196 6.241 -9.144 0.389
P105338 6.282 6.314 -8.174 0.391
P105339 6.114 6.211 -9.135 0.598
P105340 6.150 6.028 -7.134 1.141
P105342 6.087 6.104 -7.041 0.568
P105345 6.013 6.016 -7.269 0.990
P105347 6.024 5.968 -7.626 1.071
P105349 6.012 6.055 -7.099 0.448
P105351 6.064 5.941 -7.284 0.684
P105352 4.430 4.357 -6.510 0.820
P105353 4.460 4.357 -6.201 0.735
P105354 4.639 4.718 -6.437 0.354
P105355 4.520 4.647 -6.293 0.371
P105356 4.565 4.484 -6.551 0.815
P105357 4.387 4.285 -6.552 0.748
P105358 4.336 4.195 -5.919 0.551
P105359 4.310 4.341 -6.250 0.281
P105360 4.283 4.199 -6.257 0.844
P105361 4.403 4.345 -6.657 0.865
P105362 4.409 4.517 -6.402 0.325
P105363 4.371 4.300 -6.673 0.866
P105364 4.376 4.485 -6.589 0.400
P105365 4.356 4.351 -5.774 0.392
P105366 4.005 4.180 -4.411 2.276
P105367 4.645 4.553 -6.567 0.806
P105368 4.646 4.758 -6.383 0.355
P105369 4.467 4.637 -6.493 0.427
P105370 4.362 4.284 -6.515 0.860
P105371 4.376 4.458 -6.756 0.278
P105372 4.290 4.258 -6.437 0.657
P105373 4.274 4.144 -6.357 0.863
P105374 4.453 4.447 -5.962 0.340
P105375 4.591 4.524 -6.463 0.817
P105376 4.499 4.330 -5.876 0.602
P105377 4.543 4.683 -6.084 0.323
P105378 4.622 4.690 -6.807 0.283
P105379 4.563 4.579 -6.400 0.235
P105380 4.522 4.569 -6.701 0.403
P105381 4.420 4.354 -6.376 0.667
P105382 4.412 4.515 -6.769 0.287
P105383 4.433 4.322 -5.850 0.583
P105384 4.552 4.509 -5.692 0.383
P105385 4.552 4.569 -5.794 0.358
P105386 4.428 4.309 -6.128 0.926
P105387 4.381 4.295 -5.586 0.603
P105388 4.479 4.610 -6.288 0.363
P105389 4.506 4.432 -6.488 0.854
P105390 4.443 4.315 -6.299 0.730
P105391 4.538 4.586 -6.589 0.370
P105392 4.470 4.390 -6.812 0.774
P105393 4.396 4.541 -6.262 0.325
P105394 4.400 4.295 -4.584 0.762
P105395 4.705 4.730 -6.551 0.417
P105396 4.731 4.690 -6.306 0.817
P105397 4.723 4.736 -6.600 0.350
P105398 4.683 4.684 -6.458 0.907
P105400 4.686 4.805 -6.062 0.533
P105402 4.652 4.808 -6.837 0.430
P105403 4.833 4.804 -6.164 0.292
P105404 4.580 4.738 -6.531 0.429
P105408 4.671 4.737 -7.235 0.297
P105409 4.632 4.763 -6.412 0.392
P105410 4.619 4.676 -6.479 0.774
P105411 4.634 4.679 -6.785 0.324
P105413 4.483 4.430 -6.199 0.314
P105414 4.352 4.461 -6.422 0.519
P105415 4.631 4.680 -6.601 0.266
P105416 4.426 4.379 -6.478 0.598
P105417 4.665 4.653 -6.737 0.752
P105419 4.697 4.751 -6.879 0.316
P105421 4.571 4.745 -6.771 0.675
P105423 4.325 4.367 -6.558 0.670
P105424 4.413 4.607 -6.258 0.388
P105425 4.322 4.635 -6.636 0.671
P105426 4.388 4.465 -6.427 0.338
P105428 4.423 4.160 -5.619 1.949
P105429 4.688 4.737 -7.234 0.496
P105433 4.567 4.657 -6.630 0.474
P105434 4.506 4.545 -6.941 0.806
P105436 4.592 4.738 -6.459 0.509
P105437 4.639 4.624 -6.739 0.831
P105439 4.465 4.336 -6.443 0.756
P105441 4.687 4.698 -6.608 0.563
P105442 4.709 4.649 -6.827 0.483
P105444 4.565 4.542 -6.375 0.724
P105445 4.653 4.692 -6.144 0.339
P105446 4.600 4.757 -6.747 0.517
P105448 4.606 4.725 -6.785 0.404
P105449 4.738 4.719 -6.590 0.579
P105451 4.485 4.688 -6.345 0.828
P105452 4.620 4.812 -6.321 0.646
P105453 4.518 4.491 -6.776 0.869
P105455 4.568 4.569 -6.509 0.354
P105456 4.569 4.733 -6.514 0.757
P105457 4.677 4.605 -6.993 0.441
P105459 4.363 4.386 -6.467 0.751
P105460 4.554 4.490 -6.186 0.649
P105461 4.387 4.501 -6.231 0.619
P105464 4.444 4.360 -6.773 0.655
P105465 4.414 4.565 -6.008 0.653
P105467 4.332 4.292 -5.602 0.742
P105468 4.422 4.397 -6.174 0.386
P105469 4.266 4.336 -6.341 0.436
P105471 4.219 4.292 -6.315 0.324
P105472 4.320 4.449 -6.011 0.412
P105473 4.275 4.330 -6.487 0.525
P105474 4.430 4.585 -6.249 0.443
P105475 4.253 4.187 -6.143 0.471
P105476 4.442 4.329 -6.683 0.687
P105478 4.424 4.470 -6.220 0.832
P105479 4.465 4.596 -6.021 0.380
P105480 4.478 4.333 -6.689 0.616
P105482 4.469 4.619 -5.957 0.494
P105483 4.482 4.517 -6.596 0.676
P105485 4.406 4.366 -6.524 0.895
P105486 4.494 4.445 -6.400 0.636
P105488 4.315 4.217 -6.186 0.611
P105489 4.534 4.533 -5.909 0.379
P105490 4.735 4.551 -6.292 0.642
P105491 4.406 4.391 -6.943 0.688
P105492 4.641 4.665 -7.094 0.652
P105494 4.686 4.640 -6.922 0.804
P105496 4.537 4.504 -6.415 0.458
P105497 4.659 4.589 -6.059 0.294
P105498 4.460 4.415 -6.056 0.870
P105500 4.361 4.473 -6.129 0.357
P105501 4.479 4.390 -6.159 0.694
P105502 4.542 4.467 -6.706 0.746
P105504 4.437 4.331 -6.095 0.576
P105505 4.673 4.563 -5.937 0.860
P105506 4.609 4.618 -5.761 0.404
P105507 4.772 4.774 -7.108 0.538
P105508 4.453 4.399 -6.301 0.567
P105509 4.643 4.560 -6.796 0.817
P105511 4.583 4.454 -6.536 0.679
P105512 4.593 4.446 -6.432 0.636
P105514 4.558 4.507 -6.888 0.791
P105515 3.835 4.050 -5.154 1.821
P105516 4.080 4.202 -5.180 1.806
P105517 4.537 4.470 -6.542 0.522
P105519 4.599 4.715 -7.207 0.663
P105522 4.542 4.545 -6.759 0.629
P105523 4.378 4.369 -6.279 0.301
P105524 4.768 4.565 -5.495 0.909
P105526 4.381 4.436 -6.525 0.485
P105527 4.485 4.431 -6.391 0.879
P105528 4.451 4.466 -6.343 0.604
P105529 4.521 4.693 -6.683 0.610
P105530 4.619 4.595 -7.004 0.747
P105532 4.396 4.434 -6.674 0.491
P105533 4.542 4.629 -6.553 0.435
P105534 4.155 4.302 -6.741 0.361
P105535 4.570 4.690 -6.699 0.314
P105537 4.562 4.563 -6.970 0.650
P105538 4.654 4.764 -6.551 0.536
P105540 4.095 4.322 -6.388 1.231
P105541 4.475 4.456 -6.606 1.063
P105543 4.492 4.452 -6.813 0.469
P105546 4.532 4.521 -5.812 0.531
P105547 4.561 4.529 -5.847 0.438
P105549 4.532 4.400 -6.587 0.817
P105552 4.579 4.616 -5.871 0.707
P105553 4.457 4.260 -6.681 0.796
P105555 4.628 4.666 -6.164 0.485
P105557 4.735 4.760 -6.879 0.434
P105558 4.457 4.312 -6.307 0.724
P105560 4.567 4.407 -6.411 0.906
P105561 4.630 4.594 -6.135 0.683
P105562 4.662 4.514 -6.238 0.920
P105563 4.577 4.590 -6.009 0.486
P105564 4.526 4.422 -6.241 0.721
P105566 4.537 4.628 -6.583 0.594
P105567 4.443 4.487 -6.023 0.327
P105568 4.698 4.517 -6.120 0.948
P105569 4.487 4.383 -6.514 0.904
P105570 4.717 4.590 -6.498 0.775
P105571 4.537 4.583 -5.799 0.418
P105573 4.538 4.500 -5.974 0.497
P105574 4.316 4.204 -6.320 0.689
P105575 4.580 4.477 -5.937 0.636
P105577 4.539 4.379 -6.367 0.780
P105578 4.493 4.435 -6.719 0.885
P105579 4.453 4.595 -5.778 0.496
P105580 4.495 4.453 -5.885 0.406
P105581 4.643 4.487 -5.924 1.314
P105582 4.406 4.306 -6.071 0.768
P105583 4.578 4.568 -6.100 0.424
P105585 4.475 4.347 -6.369 0.609
P105586 4.556 4.576 -5.841 0.462
P105587 4.434 4.495 -6.321 0.415
P105588 4.588 4.264 -5.431 0.790
P105589 4.502 4.307 -5.258 0.479
P105591 4.487 4.334 -5.435 0.442
P105592 4.534 4.286 -5.861 0.426
P105593 4.590 4.370 -5.153 0.313
P105594 4.582 4.435 -5.443 0.504
P105596 4.607 4.306 -5.477 0.839
P105597 4.598 4.456 -5.450 0.681
P105598 4.591 4.794 -6.029 0.534
P105599 4.368 4.407 -5.320 0.719
P105600 4.594 4.225 -5.383 0.567
P105601 4.530 4.327 -5.724 0.568
P105602 4.469 4.295 -5.528 0.631
P105603 4.488 4.467 -6.166 0.330
P105607 4.594 4.277 -5.344 0.695
P105608 4.394 4.387 -5.668 0.482
P105609 4.494 4.332 -5.221 0.709
P105610 4.367 4.192 -5.553 0.741
P105611 4.625 4.400 -5.624 0.844
P105613 4.588 4.341 -5.706 0.682
P105614 4.449 4.321 -5.940 0.434
P105615 4.428 4.408 -6.262 0.466
P105617 4.591 4.673 -6.759 0.331
P105621 4.606 4.697 -7.219 0.312
P105622 4.537 4.716 -6.171 0.395
P105623 4.473 4.469 -6.315 0.326
P105625 4.265 4.391 -6.413 0.399
P105626 4.382 4.381 -6.571 0.632
P105627 4.625 4.608 -6.725 0.762
P105629 4.651 4.691 -6.593 0.262
P105630 4.376 4.285 -6.125 0.743
P105632 4.437 4.483 -6.495 0.352
P105633 4.450 4.454 -6.404 0.406
P105635 4.321 4.239 -6.047 0.756
P105637 4.479 4.365 -5.950 0.690
P105638 4.457 4.348 -6.479 0.889
P105640 4.524 4.484 -5.906 0.374
P105641 4.501 4.492 -6.121 0.839
P105642 4.466 4.344 -6.622 0.670
P105644 4.507 4.370 -6.179 0.645
P105645 4.439 4.305 -6.495 0.637
P105647 4.205 4.128 -6.320 0.730
P105648 4.386 4.287 -6.174 0.442
P105649 4.211 4.068 -6.023 0.546
P105650 4.330 4.180 -5.675 0.595
P105651 4.503 4.388 -5.783 0.622
P105653 4.551 4.404 -5.467 0.585
P105654 4.537 4.420 -5.876 0.466
P105655 4.539 4.393 -5.471 0.619
P105656 4.523 4.515 -5.635 0.364
P105657 4.505 4.546 -6.182 0.274
P105658 4.497 4.329 -5.714 0.617
P105659 4.480 4.230 -5.423 0.845
P105661 4.700 4.800 -6.611 0.349
P105662 4.440 4.472 -5.809 0.569
P105663 4.256 4.222 -5.475 0.540
P105665 4.655 4.606 -6.129 0.682
P105666 4.562 4.531 -6.470 0.673
P105667 4.397 4.455 -5.857 0.435
P105668 4.497 4.532 -6.361 0.217
P105672 4.729 4.579 -5.831 0.851
P105673 4.642 4.679 -6.929 0.349
P105674 4.578 4.533 -6.646 0.872
P105675 4.973 4.918 -6.076 0.642
P105676 4.983 4.986 -6.437 0.762
P105677 4.361 4.229 -6.256 0.909
P105678 4.419 4.309 -6.331 0.620
P105679 4.660 4.708 -6.427 0.384
P105681 4.690 4.717 -6.928 0.396
P105685 4.597 4.573 -6.560 0.468
P105686 4.803 4.645 -6.217 0.654
P105687 4.698 4.564 -6.068 0.611
P105688 4.654 4.598 -6.686 0.765
P105690 4.672 4.766 -6.394 0.363
P105691 4.593 4.595 -6.586 0.585
P105693 4.442 4.447 -6.098 0.381
P105694 4.476 4.502 -6.459 0.738
P105695 4.626 4.701 -6.374 0.300
P105696 4.440 4.482 -6.201 0.383
P105697 4.611 4.534 -6.313 0.523
P105699 4.470 4.514 -7.050 0.491
P105702 4.661 4.753 -6.388 0.490
P105703 4.608 4.490 -6.162 0.919
P105705 4.725 4.585 -6.577 0.822
P105706 4.677 4.577 -6.238 0.649
P105707 4.806 4.887 -6.219 0.353
P105708 4.655 4.587 -6.668 0.853
P105710 4.735 4.908 -5.879 0.548
P105712 4.690 4.783 -5.844 0.346
P105714 4.720 4.846 -6.496 0.289
P105715 4.765 4.780 -6.778 0.835
P105716 4.791 4.779 -6.017 0.766
P105717 4.690 4.620 -6.075 0.743
P105719 4.612 4.560 -6.039 0.750
P105720 4.690 4.585 -6.217 0.618
P105721 4.685 4.543 -4.730 0.590
P105722 4.685 4.416 -4.602 0.956
P105723 4.708 4.566 -5.379 1.371
P105724 4.588 4.459 -5.740 0.449
P105725 4.490 4.337 -6.403 0.712
P105726 4.279 4.257 -6.081 0.222
P105728 4.762 4.810 -6.781 0.739
P105730 4.469 4.365 -6.331 0.707
P105731 4.552 4.247 -5.742 2.035
P105732 4.603 4.612 -6.630 0.481
P105734 4.624 4.786 -6.836 0.448
P105735 4.575 4.698 -6.745 0.502
P105736 4.699 4.724 -6.113 0.580
P105737 4.594 4.701 -6.375 0.568
P105739 4.422 4.375 -6.588 0.620
P105740 4.420 4.200 -5.410 0.569
P105742 4.484 4.463 -6.969 0.361
P105745 4.494 4.474 -6.506 0.365
P105746 4.246 3.987 -6.122 1.015
P105749 4.536 4.503 -6.133 0.247
P105750 4.706 4.684 -6.478 0.625
P105751 4.726 4.839 -7.090 0.284
P105755 4.688 4.709 -6.168 0.409
P105756 4.583 4.558 -6.249 0.374
P105758 4.412 4.530 -6.202 0.347
P105759 4.755 4.802 -6.371 0.290
P105760 4.698 4.677 -5.421 0.842
P105761 4.748 4.897 -6.442 0.401
P105762 4.713 4.582 -5.510 0.759
P105763 4.536 4.450 -6.340 0.823
P105764 4.762 4.724 -5.702 0.389
P105766 4.610 4.483 -6.170 0.384
P105767 4.736 4.719 -5.539 0.668
P105768 4.526 4.401 -5.862 0.688
P105770 4.679 4.567 -6.274 0.682
P105771 4.660 4.548 -5.673 0.504
P105772 4.826 4.639 -5.763 0.743
P105773 4.695 4.702 -5.657 0.671
P105775 4.821 4.729 -6.801 0.945
P105776 4.722 4.591 -6.030 0.884
P105777 4.789 4.891 -6.051 0.554
P105778 4.560 4.297 -6.327 0.921
P105779 4.681 4.683 -5.695 0.758
P105781 4.659 4.510 -6.499 0.682
P105784 4.676 4.631 -5.723 0.420
P105785 4.408 4.254 -5.634 0.355
P105786 4.639 4.500 -6.021 0.751
P105787 4.485 4.348 -5.679 0.400
P105788 4.664 4.594 -5.840 0.438
P105790 4.717 4.703 -5.732 0.418
P105791 4.711 4.641 -6.570 0.591
P105792 4.725 4.684 -6.379 0.525
P105793 4.696 4.620 -6.281 0.433
P105794 4.501 4.532 -6.192 0.491
P105795 4.706 4.606 -6.261 0.622
P105796 4.605 4.619 -6.440 0.632
P105797 4.904 4.879 -6.944 0.653
P105799 4.752 4.715 -6.341 0.553
P105801 4.904 4.896 -6.736 0.514
P105802 4.902 4.831 -6.534 0.689
P105803 4.808 4.719 -6.375 0.594
P105804 4.877 4.829 -6.693 0.783
P105806 4.767 4.602 -5.618 0.937
P105808 4.812 4.925 -7.136 0.306
P105811 4.703 4.827 -6.148 0.742
P105812 4.829 4.877 -6.438 0.366
P105813 4.765 4.897 -6.871 0.473
P105814 4.729 4.837 -6.685 0.423
P105815 4.694 4.759 -6.406 0.517
P105817 4.785 4.515 -5.653 0.804
P105818 4.788 4.712 -5.712 0.619
P105819 4.678 4.770 -6.185 0.490
P105821 4.449 4.611 -6.479 0.448
P105822 4.584 4.552 -6.217 0.219
P105823 4.724 4.834 -6.662 0.582
P105824 4.798 4.840 -7.264 0.277
P105828 4.632 4.564 -6.313 0.399
P105830 4.746 4.833 -6.474 0.317
P105831 4.780 4.739 -6.728 0.769
P105833 4.740 4.844 -6.415 0.369
P105834 4.752 4.849 -6.724 0.863
P105836 4.652 4.425 -6.029 0.983
P105837 4.475 4.602 -6.621 0.484
P105838 4.368 4.333 -6.254 0.374
P105839 4.259 4.481 -6.475 0.551
P105840 4.403 4.567 -6.263 0.473
P105841 4.285 4.322 -6.559 0.660
P105842 4.508 4.503 -6.701 0.720
P105844 4.618 4.669 -6.430 0.593
P105845 4.520 4.638 -6.641 0.503
P105846 4.552 4.669 -6.517 0.302
P105847 4.558 4.569 -6.535 0.384
P105848 4.463 4.492 -6.627 0.608
P105849 4.491 4.666 -6.029 0.602
P105851 4.500 4.665 -6.810 0.470
P105852 4.722 4.812 -6.308 0.347
P105853 4.377 4.311 -6.230 0.696
P105854 4.561 4.430 -6.054 0.653
P105855 4.401 4.481 -6.302 0.373
P105856 4.392 4.177 -5.747 0.992
P105857 4.560 4.470 -6.193 0.561
P105859 4.578 4.577 -6.935 0.250
P105862 4.577 4.509 -6.333 0.641
P105863 4.473 4.496 -6.282 0.873
P105865 4.583 4.517 -6.464 0.601
P105867 4.627 4.610 -6.206 0.522
P105868 4.570 4.476 -6.457 0.850
P105869 4.818 4.848 -6.615 0.316
P105871 4.575 4.570 -6.106 0.443
P105872 4.851 4.798 -5.974 0.392
P105873 4.822 4.640 -6.082 0.670
P105874 4.553 4.493 -6.313 0.901
P105876 4.591 4.635 -6.531 0.356
P105877 4.775 4.617 -6.348 0.742
P105878 4.511 4.435 -5.604 0.403
P105879 4.502 4.248 -6.394 0.886
P105880 4.487 4.461 -6.024 0.513
P105881 4.600 4.531 -6.640 0.751
P105882 4.630 4.663 -5.977 0.473
P105883 4.558 4.480 -6.300 0.866
P105884 4.604 4.451 -6.087 0.755
P105885 4.552 4.481 -6.158 0.586
P105886 4.485 4.522 -6.536 0.285
P105887 4.822 4.796 -6.550 0.595
P105888 4.552 4.375 -4.490 0.755
P105889 4.465 4.095 -4.711 0.904
P105890 4.589 4.293 -4.822 0.947
P105892 4.573 4.558 -4.747 0.514
P105893 4.550 4.607 -5.788 1.695
P105894 4.427 4.417 -4.612 0.804
P105895 4.434 4.317 -4.468 0.638
P105896 4.669 4.213 -5.512 1.839
P105898 4.132 4.467 -5.541 0.843
P105899 4.528 4.224 -4.651 0.520
P105902 4.538 4.416 -4.845 0.901
P105903 4.624 4.202 -4.776 0.946
P105904 4.414 4.278 -4.749 0.430
P105905 4.603 4.107 -4.138 0.972
P105906 4.672 4.524 -6.277 0.707
P105907 4.649 4.422 -6.241 0.801
P105908 4.507 4.273 -4.764 0.549
P105910 4.443 4.533 -5.394 0.247
P105913 4.674 4.386 -4.646 0.696
P105915 4.413 4.318 -6.106 0.761
P105916 4.622 4.256 -4.576 0.514
P105918 4.456 4.319 -6.333 0.846
P105919 4.321 4.254 -6.456 0.652
P105920 4.571 4.669 -6.424 0.499
P105922 4.562 4.685 -6.358 0.393
P105923 4.563 4.642 -6.392 0.288
P105925 4.599 4.656 -6.149 0.351
P105926 4.508 4.479 -6.753 0.868
P105927 4.547 4.681 -6.699 0.412
P105928 4.515 4.537 -6.046 0.215
P105929 4.521 4.574 -6.228 0.566
P105930 4.302 4.486 -6.522 0.487
P105931 4.511 4.524 -6.352 0.264
P105932 4.457 4.327 -6.240 0.905
P105933 4.502 4.445 -6.341 0.576
P105934 4.890 4.621 -5.613 0.453
P105935 4.843 4.496 -5.650 0.521
P105936 4.362 4.337 -6.114 0.292
P105937 4.579 4.637 -6.455 0.382
P105938 4.566 4.621 -6.906 0.401
P105941 4.539 4.557 -6.206 0.382
P105942 4.532 4.504 -6.453 0.697
P105943 4.880 4.949 -6.498 0.276
P105945 4.565 4.494 -5.840 0.853
P105946 4.550 4.658 -6.552 0.587
P105947 4.668 4.776 -6.240 0.279
P105948 4.495 4.598 -6.333 0.654
P105949 4.625 4.537 -6.285 0.407
P105950 4.753 4.778 -6.587 0.243
P105951 4.767 4.834 -7.218 0.274
P105955 4.556 4.655 -6.741 0.301
P105956 4.785 4.646 -6.576 0.721
P105957 4.724 4.766 -6.764 0.306
P105958 4.754 4.791 -6.800 0.488
P105960 4.977 4.888 -6.308 0.669
P105961 4.871 4.780 -6.542 0.764
P105963 4.854 4.736 -6.463 0.823
P105964 4.719 4.638 -6.205 0.702
P105966 4.787 4.823 -6.104 0.454
P105968 4.736 4.871 -6.776 0.422
P105969 4.790 4.747 -6.403 0.895
P105971 4.800 4.779 -6.548 0.374
P105972 4.716 4.828 -6.303 0.596
P105973 4.746 4.809 -6.770 0.730
P105974 4.782 4.871 -6.356 0.336
P105975 4.380 4.012 -6.238 0.580
P105976 4.581 4.501 -6.182 0.353
P105977 4.375 4.225 -6.641 0.806
P105978 4.262 4.100 -5.940 1.113
P105979 4.453 4.341 -5.776 0.642
P105980 4.267 4.065 -5.828 0.579
P105981 4.522 4.328 -5.877 1.102
P105983 4.522 4.398 -5.861 0.793
P105984 4.494 4.372 -6.724 0.735
P105985 4.527 4.491 -6.037 0.344
P105986 4.498 4.433 -5.867 0.756
P105987 4.416 4.301 -6.420 0.618
P105989 4.585 4.305 -5.746 1.261
P105990 4.469 4.136 -4.987 1.447
P105991 4.491 4.368 -5.911 0.905
P105992 4.115 4.201 -6.556 1.238
P105994 4.498 4.280 -6.769 0.539
P105998 4.527 4.591 -7.123 0.476
P106002 4.201 4.315 -4.725 1.844
P106005 4.098 4.455 -4.416 0.350
P106007 4.342 4.450 -3.730 0.635
P106008 4.719 4.491 -5.386 0.881
P106009 4.727 4.499 -5.283 0.843
P106010 4.168 4.078 -3.617 0.364
P106011 4.508 4.072 -3.574 0.540
P106012 4.294 3.921 -3.751 1.002
P106013 4.489 4.366 -4.607 1.441
P106014 4.012 4.279 -4.216 2.003
P106016 4.489 4.303 -4.033 0.909
P106017 4.192 4.306 -4.274 2.040
P106018 4.507 4.176 -4.789 2.791
P106020 4.197 4.316 -4.987 1.936
P106021 4.788 4.791 -6.917 0.679
P106023 4.757 4.779 -6.495 0.344
P106024 4.686 4.790 -7.118 0.281
P106028 4.628 4.587 -6.369 0.508
P106029 4.504 4.521 -6.190 0.410
P106030 4.595 4.550 -6.346 0.531
P106031 4.421 4.341 -6.370 0.703
P106032 5.044 4.985 -6.557 0.488
P106033 4.615 4.727 -6.310 0.427
P106035 4.350 4.331 -6.351 0.343
P106036 4.504 4.626 -6.781 0.494
P106038 4.536 4.629 -7.342 0.275
P106040 4.456 4.600 -6.319 0.414
P106041 4.376 4.397 -6.592 0.332
P106042 4.244 4.373 -6.527 0.523
P106043 4.424 4.559 -6.370 0.300
P106044 4.314 4.308 -6.701 0.622
P106045 4.558 4.544 -6.824 0.737
P106047 4.487 4.618 -6.375 0.347
P106049 4.551 4.649 -6.801 0.489
P106050 4.498 4.624 -6.464 0.407
P106052 4.471 4.423 -6.306 0.683
P106054 4.521 4.661 -6.933 0.411
P106055 4.475 4.618 -6.251 0.721
P106056 4.538 4.680 -6.316 0.355
P106057 4.869 4.800 -6.447 0.619
P106058 4.703 4.652 -6.696 0.747
P106060 4.648 4.756 -6.178 0.396
P106061 4.395 4.063 -6.068 1.933
P106062 4.476 4.685 -6.824 0.539
P106063 4.693 4.624 -6.370 0.579
P106064 4.661 4.503 -6.536 1.054
P106066 4.697 4.744 -6.077 0.312
P106068 4.756 4.834 -6.480 0.282
P106069 4.597 4.532 -6.397 0.787
P106070 4.736 4.764 -6.068 0.443
P106072 4.611 4.541 -6.007 0.844
P106073 4.688 4.497 -5.620 0.711
P106074 4.488 4.434 -5.744 1.531
P106075 4.546 4.633 -5.406 0.570
P106076 4.669 4.565 -5.645 0.785
P106077 4.516 4.554 -6.793 0.416
P106079 4.555 4.546 -5.658 0.454
P106080 4.588 4.421 -6.081 0.683
P106081 4.600 4.435 -6.162 0.679
P106082 4.732 4.586 -5.818 0.281
P106083 4.403 4.225 -6.252 0.939
P106084 4.405 4.416 -6.421 0.684
P106085 4.708 4.601 -5.870 0.885
P106086 4.442 4.332 -5.833 0.702
P106087 4.686 4.659 -5.523 0.314
P106088 4.502 4.397 -6.105 0.660
P106089 4.529 4.400 -5.765 0.792
P106090 4.685 4.710 -6.637 0.341
P106091 4.461 4.526 -6.378 0.520
P106092 4.508 4.454 -6.293 0.663
P106094 4.560 4.548 -7.059 0.296
P106096 4.908 4.808 -5.704 0.623
P106097 4.774 4.694 -6.486 0.427
P106098 4.652 4.619 -5.748 0.387
P106099 4.560 4.477 -6.504 0.850
P106101 4.503 4.578 -6.719 0.387
P106102 4.335 4.312 -6.237 0.445
P106103 4.547 4.408 -6.220 0.494
P106104 4.619 4.603 -6.652 0.407
P106105 4.333 4.205 -6.069 0.594
P106106 4.630 4.494 -5.968 0.417
P106107 4.343 4.150 -5.919 0.834
P106108 4.691 4.582 -6.223 0.626
P106109 4.659 4.510 -5.303 0.433
P106110 4.597 4.551 -5.745 0.413
P106113 4.538 4.450 -6.485 0.642
P106116 4.583 4.415 -6.058 0.369
P106117 4.728 4.696 -5.578 0.444
P106118 4.728 4.647 -5.770 0.326
P106119 4.692 4.684 -5.764 0.419
P106120 4.683 4.500 -5.542 0.551
P106121 4.732 4.513 -4.604 1.372
P106122 4.362 4.253 -6.024 0.610
P106123 4.631 4.608 -5.601 0.400
P106124 4.457 4.252 -5.504 0.789
P106125 4.675 4.367 -6.190 1.289
P106126 4.617 4.432 -6.074 0.578
P106129 4.650 4.489 -6.455 0.540
P106131 4.590 4.489 -6.196 0.805
P106132 4.586 4.380 -6.147 1.208
P106134 4.654 4.563 -5.743 0.462
P106136 5.086 4.981 -6.714 0.806
P106137 4.513 4.467 -6.347 0.841
P106138 4.644 4.480 -5.265 0.570
P106139 4.741 4.672 -5.874 0.370
P106140 4.823 4.625 -5.249 0.396
P106141 4.127 4.536 -5.629 1.902
P106142 4.134 4.572 -4.707 1.012
P106144 4.586 4.481 -6.861 0.421
P106145 4.648 4.661 -6.745 0.607
P106148 4.696 4.685 -7.136 0.590
P106150 4.897 4.736 -5.546 0.710
P106151 5.176 5.209 -5.978 0.888
P106152 5.100 5.016 -6.296 0.648
P106153 5.037 4.952 -6.605 0.671
P106154 5.088 5.091 -5.933 0.346
P106155 5.149 5.082 -6.748 0.561
P106159 5.086 4.971 -6.384 1.336
P106162 5.210 5.309 -5.979 0.539
P106163 4.904 4.778 -5.769 0.772
P106164 5.049 5.025 -6.268 0.666
P106165 4.872 4.678 -5.534 1.293
P106166 5.164 5.236 -5.885 0.656
P106168 4.764 4.882 -6.503 0.522
P106170 4.769 4.863 -6.732 0.415
P106171 4.554 4.723 -5.485 0.844
P106172 4.788 4.670 -5.563 0.699
P106173 4.751 4.704 -6.066 0.959
P106175 4.753 4.886 -6.927 0.444
P106177 4.941 4.821 -6.330 0.821
P106178 5.078 5.062 -6.374 0.621
P106180 4.798 4.704 -6.580 0.794
P106181 4.710 4.611 -6.203 0.710
P106182 4.992 4.733 -5.721 0.653
P106183 4.793 4.564 -6.041 0.922
P106185 5.135 5.023 -5.424 0.731
P106186 5.187 5.206 -5.945 0.391
P106188 5.113 5.146 -6.656 0.737
P106189 5.215 5.204 -5.937 0.342
P106191 4.741 4.491 -5.824 1.404
P106193 4.754 4.600 -6.663 0.738
P106194 5.004 4.869 -5.568 0.425
P106195 4.732 4.418 -6.202 0.616
P106196 4.860 4.730 -6.479 0.718
P106198 4.866 4.573 -5.793 0.990
P106199 5.015 4.959 -6.173 0.562
P106200 4.855 4.812 -5.875 0.408
P106201 5.076 4.986 -6.137 0.560
P106202 5.047 4.909 -6.801 0.646
P106206 4.990 4.862 -6.456 0.763
P106207 4.928 4.632 -6.339 0.794
P106208 4.810 4.684 -6.495 0.792
P106209 4.891 4.692 -6.619 0.748
P106213 4.793 4.624 -6.335 0.714
P106214 4.858 4.702 -6.139 0.440
P106215 4.807 4.657 -6.108 0.621
P106217 4.797 4.609 -6.312 0.434
P106218 4.837 4.654 -6.333 0.650
P106219 4.907 4.831 -6.113 0.351
P106220 4.899 4.741 -5.960 0.830
P106221 4.948 4.838 -6.028 0.447
P106223 4.678 4.432 -6.017 0.725
P106224 4.682 4.534 -5.946 1.655
P106225 4.428 4.356 -6.117 0.652
P106226 4.870 4.770 -6.712 0.937
P106228 4.554 4.826 -5.917 0.442
P106229 5.116 4.929 -6.434 0.625
P106231 4.977 4.871 -6.269 0.824
P106232 4.439 4.301 -5.911 0.684
P106234 4.643 4.584 -6.598 0.748
P106235 4.817 4.641 -6.129 1.186
P106237 4.734 4.638 -6.688 0.498
P106238 4.591 4.593 -5.898 0.773
P106239 3.915 4.272 -4.634 1.046
P106241 4.695 4.621 -6.435 0.261
P106243 4.707 4.537 -6.435 0.739
P106244 4.618 4.360 -6.234 0.443
P106245 4.592 4.613 -5.892 0.730
P106246 4.455 4.370 -5.911 0.707
P106248 4.582 4.476 -6.616 0.631
P106249 4.745 4.645 -6.332 0.447
P106250 4.697 4.777 -5.254 0.364
P106251 4.470 4.725 -5.635 0.623
P106253 4.531 4.387 -6.862 0.644
P106254 4.622 4.443 -6.356 1.036
P106258 4.686 4.591 -6.653 0.570
P106259 4.718 4.600 -5.887 0.623
P106260 4.709 4.305 -5.141 1.015
P106261 4.313 4.309 -5.558 1.547
P106262 4.597 4.482 -5.943 0.909
P106265 4.782 4.663 -6.618 0.754
P106268 4.504 4.448 -5.918 0.434
P106269 4.728 4.577 -6.144 0.650
P106270 4.543 4.457 -6.191 0.675
P106271 4.746 4.619 -6.453 0.749
P106273 4.681 4.790 -5.780 0.587
P106274 4.785 4.705 -6.625 0.826
P106275 4.960 5.021 -6.059 0.645
P106276 5.043 4.913 -6.690 0.981
P106278 4.753 4.657 -6.337 0.749
P106279 4.730 4.525 -6.306 0.591
P106280 5.009 4.812 -5.897 1.044
P106282 5.191 4.942 -5.775 0.815
P106283 4.771 4.560 -6.146 0.691
P106285 4.975 4.813 -6.252 0.878
P106286 5.112 5.073 -6.286 0.402
P106288 5.156 5.074 -5.392 0.511
P106289 5.011 4.891 -6.439 0.779
P106291 5.010 4.865 -6.339 0.778
P106292 5.035 4.956 -5.669 0.424
P106293 5.146 5.036 -5.240 0.282
P106294 5.031 4.777 -5.770 0.758
P106295 4.722 4.966 -5.981 0.498
P106297 5.127 5.114 -5.421 0.298
P106298 5.100 4.960 -6.105 0.403
P106299 4.988 5.022 -5.698 0.471
P106300 4.905 5.111 -6.124 0.505
P106301 4.823 5.051 -6.181 0.586
P106302 5.049 4.870 -5.580 0.645
P106303 5.025 4.873 -5.871 0.716
P106305 4.584 4.604 -5.605 0.485
P106307 4.414 4.613 -5.452 0.773
P106308 4.428 4.748 -6.170 0.499
P106309 4.618 4.535 -6.211 0.828
P106310 4.688 4.516 -5.633 0.798
P106311 4.466 4.529 -6.059 1.109
P106313 4.440 4.695 -5.803 0.964
P106314 4.670 4.610 -6.395 0.775
P106316 4.453 4.579 -6.223 0.816
P106317 4.588 4.600 -6.353 0.857
P106321 4.466 4.631 -6.735 0.520
P106322 4.477 4.527 -6.165 0.588
P106323 4.332 4.461 -5.757 0.679
P106324 4.398 4.333 -6.367 0.900
P106325 4.494 4.602 -5.917 0.762
P106327 4.397 4.491 -5.740 0.805
P106329 4.597 4.650 -6.628 0.931
P106330 4.658 4.575 -6.232 0.894
P106331 4.538 4.509 -6.191 0.725
P106332 4.622 4.647 -6.147 0.570
P106334 4.668 4.607 -6.709 0.674
P106335 4.574 4.578 -6.021 0.449
P106336 4.692 4.611 -6.319 0.558
P106337 4.599 4.590 -6.569 0.852
P106339 4.681 4.740 -5.918 0.375
P106340 4.472 4.362 -6.142 0.754
P106343 4.626 4.644 -6.489 0.404
P106344 4.608 4.671 -6.512 0.350
P106345 4.662 4.510 -5.828 0.411
P106347 4.562 4.420 -6.244 0.698
P106349 4.579 4.535 -5.928 0.648
P106350 4.693 4.550 -5.756 0.623
P106351 4.588 4.502 -6.577 0.617
P106353 4.334 4.328 -6.478 0.767
P106354 4.619 4.570 -6.199 0.583
P106355 4.664 4.668 -6.482 0.524
P106356 4.641 4.660 -7.019 0.325
P106360 4.576 4.607 -5.948 0.664
P106361 4.431 4.345 -6.511 0.687
P106363 4.353 4.307 -6.426 0.410
P106364 4.419 4.318 -6.466 0.840
P106365 4.723 4.858 -5.328 0.453
P106366 4.519 4.677 -5.710 0.455
P106367 5.095 5.067 -5.774 0.326
P106369 5.008 5.042 -6.534 0.308
P106372 4.799 4.745 -6.276 0.808
P106373 4.835 4.696 -6.609 0.744
P106377 4.801 4.616 -6.137 0.606
P106378 4.764 4.457 -5.783 0.906
P106379 4.782 4.740 -5.623 0.336
P106381 4.762 4.791 -6.392 0.222
P106384 4.667 4.719 -5.931 0.417
P106385 4.573 4.497 -5.392 0.645
P106386 4.598 4.501 -5.892 0.758
P106387 4.797 4.665 -6.225 1.421
P106388 4.566 4.442 -6.194 0.699
P106389 4.767 4.644 -6.443 0.690
P106390 4.817 4.680 -6.115 0.684
P106391 4.847 4.793 -6.614 0.768
P106392 4.739 4.791 -5.991 0.399
P106393 4.843 4.666 -6.168 0.609
P106394 4.851 4.630 -6.514 0.583
P106395 4.299 4.290 -5.414 0.414
P106396 4.728 4.508 -5.327 0.678
P106397 4.547 4.292 -5.546 0.708
P106399 4.663 4.608 -5.556 0.883
P106400 4.760 4.757 -5.337 0.306
P106401 4.533 4.505 -5.660 0.948
P106403 4.753 4.587 -5.773 0.779
P106405 4.462 4.597 -5.640 0.710
P106406 4.739 4.709 -5.589 0.508
P106408 4.741 4.551 -5.716 0.575
P106409 4.704 4.605 -5.405 0.683
P106410 4.428 4.708 -5.501 0.767
P106411 4.563 4.608 -6.458 0.417
P106412 4.732 4.806 -6.923 0.340
P106414 4.780 4.862 -7.353 0.280
P106417 4.747 4.877 -6.145 0.485
P106418 4.833 4.747 -6.899 0.942
P106420 4.826 4.882 -6.734 0.352
P106421 4.768 4.836 -6.454 0.465
P106422 4.761 4.787 -6.825 0.863
P106424 4.742 4.862 -6.398 0.391
P106425 4.727 4.698 -6.042 0.346
P106426 4.783 4.770 -6.814 0.742
P106428 4.529 4.510 -6.734 0.638
P106429 4.703 4.778 -6.724 0.241
P106430 4.522 4.613 -6.473 0.512
P106431 4.622 4.629 -6.470 0.403
P106432 4.726 4.845 -6.342 0.455
P106433 4.748 4.499 -5.653 0.830
P106435 4.707 4.824 -6.106 0.438
P106436 4.640 4.748 -6.473 0.487
P106437 4.338 4.354 -5.641 0.525
P106439 4.449 4.356 -6.529 0.583
P106440 4.609 4.584 -5.931 0.378
P106441 4.635 4.540 -6.914 0.327
P106445 4.587 4.588 -6.746 0.653
P106446 4.447 4.330 -6.746 0.701
P106447 4.603 4.504 -6.413 0.488
P106448 4.403 4.233 -6.509 0.621
P106449 4.560 4.444 -6.413 0.732
P106451 4.510 4.537 -5.891 0.606
P106453 4.494 4.531 -6.164 0.634
P106454 4.384 4.641 -5.911 0.455
P106455 4.597 4.503 -6.088 0.350
P106456 4.558 4.387 -6.194 0.986
P106457 4.640 4.457 -6.837 1.117
P106459 4.515 4.438 -5.714 0.434
P106460 4.482 4.442 -6.160 0.599
P106461 4.667 4.629 -5.748 0.852
P106462 4.597 4.471 -6.605 0.317
P106463 4.685 4.554 -6.475 0.390
P106464 4.699 4.607 -6.208 0.255
P106465 4.631 4.548 -6.724 0.683
P106466 4.532 4.616 -5.926 0.268
P106467 4.643 4.537 -5.329 0.777
P106468 4.834 4.636 -5.933 0.944
P106469 4.377 4.571 -5.289 0.953
P106470 4.740 4.582 -5.479 0.704
P106472 4.654 4.509 -5.249 0.575
P106473 4.607 4.577 -5.221 0.950
P106474 4.556 4.507 -5.341 0.719
P106475 4.688 4.522 -5.536 0.714
P106477 4.694 4.571 -5.507 0.870
P106478 4.756 4.573 -5.463 0.996
P106480 4.736 4.388 -5.782 1.337
P106482 4.512 4.400 -5.454 0.841
P106483 4.741 4.748 -5.275 0.309
P106484 4.474 4.365 -6.492 0.747
P106485 4.799 4.541 -5.603 0.840
P106489 4.762 4.697 -5.872 0.779
P106490 4.810 4.552 -5.488 0.665
P106491 4.617 4.647 -5.945 0.575
P106493 4.679 4.539 -6.012 0.724
P106494 4.839 4.751 -6.603 0.738
P106496 4.829 4.752 -5.732 0.601
P106498 4.676 4.770 -5.782 0.608
P106499 4.731 4.614 -6.379 0.724
P106500 4.306 4.269 -5.983 0.611
P106501 4.600 4.318 -6.323 0.976
P106502 4.363 4.194 -6.500 0.671
P106503 4.558 4.458 -5.841 0.485
P106505 4.632 4.317 -6.499 0.732
P106506 4.650 4.482 -6.927 0.776
P106507 4.526 4.510 -6.173 0.641
P106508 4.553 4.387 -6.626 0.691
P106509 4.579 4.498 -6.223 0.558
P106510 4.620 4.347 -6.900 0.685
P106514 4.577 4.547 -6.358 0.767
P106515 4.118 4.288 -6.592 1.229
P106516 4.690 4.805 -5.691 0.384
P106518 4.864 4.678 -5.653 1.076
P106519 4.713 4.712 -5.430 0.708
P106520 4.907 4.685 -5.703 0.504
P106523 4.921 4.989 -6.302 0.307
P106525 5.043 4.856 -5.396 0.513
P106526 5.021 4.944 -5.869 1.048
P106528 4.866 4.675 -5.346 0.604
P106529 4.996 4.698 -5.505 0.568
P106530 5.028 4.807 -6.011 0.362
P106531 4.991 4.878 -5.835 0.687
P106532 4.982 4.951 -5.671 0.595
P106533 4.753 4.609 -5.616 0.720
P106534 4.917 4.655 -5.360 0.685
P106535 4.980 4.742 -5.425 0.728
P106536 4.928 4.646 -5.236 0.378
P106537 4.616 4.722 -6.646 0.445
P106539 4.543 4.472 -6.300 0.703
P106540 4.777 4.571 -5.804 1.005
P106542 4.660 4.732 -6.020 0.510
P106544 4.135 4.250 -4.658 1.724
P106545 4.125 4.348 -5.151 1.911
P106546 4.271 4.287 -5.519 1.748
P106548 3.991 4.471 -4.992 1.685
P106549 4.070 4.002 -4.708 0.602
P106550 4.142 4.227 -4.456 0.560
P106551 4.145 4.201 -4.683 1.617
P106552 4.699 4.739 -5.835 0.419
P106554 4.499 4.558 -6.337 0.523
P106555 4.555 4.667 -6.135 0.435
P106556 4.631 4.717 -6.264 0.359
P106558 4.683 4.740 -6.961 0.350
P106561 4.560 4.615 -5.927 0.376
P106562 4.610 4.568 -6.208 0.671
P106563 4.389 4.473 -5.995 0.469
P106564 4.579 4.746 -6.505 0.389
P106565 4.412 4.468 -6.227 0.688
P106566 4.645 4.707 -6.107 0.329
P106568 4.585 4.525 -6.178 0.631
P106569 4.658 4.702 -6.327 0.337
P106570 4.648 4.734 -6.183 0.323
P106571 5.008 5.003 -6.033 0.341
P106572 4.972 4.817 -5.681 0.923
P106573 5.001 4.967 -6.684 0.603
P106575 5.038 4.889 -6.199 0.855
P106576 4.963 4.976 -6.639 0.568
P106577 5.040 4.930 -6.294 0.711
P106578 4.968 4.849 -6.281 0.631
P106579 4.989 4.853 -6.530 0.734
P106581 5.002 5.053 -5.950 0.414
P106582 4.872 4.960 -6.266 0.465
P106584 4.986 5.015 -6.642 0.335
P106585 4.949 4.974 -6.646 0.411
P106586 4.839 4.942 -6.563 0.335
P106587 4.935 4.895 -6.948 0.619
P106589 4.555 4.525 -6.581 0.624
P106590 4.705 4.546 -6.375 0.612
P106591 4.640 4.592 -6.244 0.461
P106592 4.665 4.674 -6.407 0.384
P106594 4.659 4.711 -5.841 0.824
P106596 4.821 4.867 -7.257 0.346
P106599 4.773 4.718 -6.591 0.642
P106601 4.626 4.585 -6.217 0.246
P106602 4.919 4.986 -6.330 0.431
P106604 5.147 5.148 -6.658 0.408
P106605 5.149 5.101 -7.125 0.961
P106606 5.070 5.016 -6.968 0.505
P106607 5.068 5.032 -6.912 0.477
P106608 5.112 4.989 -7.230 0.425
P106610 5.074 4.938 -6.069 0.381
P106611 5.175 5.153 -6.755 0.545
P106613 5.126 5.114 -6.693 0.536
P106614 5.160 5.015 -6.562 0.982
P106616 5.126 5.009 -6.201 0.541
P106618 5.033 4.977 -5.632 0.389
P106619 5.085 4.837 -5.259 0.281
P106620 5.139 4.992 -6.680 0.399
P106622 4.872 4.894 -6.808 0.521
P106623 5.047 5.001 -6.938 0.473
P106624 4.120 4.166 -5.082 1.912
P106625 5.098 5.061 -6.974 0.667
P106627 5.130 5.096 -7.231 0.655
P106630 5.014 4.998 -6.909 0.414
P106631 4.964 4.846 -6.977 0.430
P106632 4.720 4.815 -6.718 0.459
P106634 4.937 4.821 -6.978 0.433
P106635 4.131 4.439 -5.721 1.621
P106637 4.460 4.229 -6.732 0.696
P106638 4.595 4.460 -6.330 0.820
P106641 4.648 4.492 -6.698 0.645
P106643 4.663 4.621 -5.873 0.412
P106644 4.471 4.283 -6.497 0.774
P106646 4.446 4.354 -5.987 0.690
P106647 4.528 4.378 -6.229 0.688
P106648 4.383 4.255 -6.226 0.605
P106649 4.694 4.574 -6.160 0.576
P106650 4.793 4.816 -6.808 0.289
P106654 4.784 4.775 -6.407 0.666
P106655 4.663 4.224 -5.992 1.682
P106657 4.620 4.679 -6.246 0.384
P106658 4.593 4.596 -6.641 0.598
P106660 4.544 4.667 -5.973 0.605
P106662 4.440 4.527 -6.349 0.529
P106664 4.568 4.482 -6.716 0.827
P106665 4.583 4.587 -6.422 0.327
P106666 4.739 4.669 -6.211 0.653
P106668 4.539 4.554 -6.014 0.446
P106669 4.720 4.671 -5.601 0.454
P106671 4.694 4.465 -6.186 0.714
P106673 4.708 4.732 -5.953 0.541
P106674 4.415 4.304 -4.990 1.639
P106675 4.597 4.405 -6.183 0.707
P106676 4.584 4.489 -6.472 0.698
P106679 4.414 4.386 -6.097 0.289
P106680 4.536 4.440 -6.472 0.833
P106681 4.620 4.672 -7.066 0.459
P106685 4.537 4.370 -6.247 0.720
P106686 4.317 4.027 -6.092 0.747
P106687 4.503 4.348 -6.258 0.743
P106688 4.323 4.256 -6.395 0.850
P106689 4.617 4.636 -6.770 0.717
P106691 4.536 4.686 -6.506 0.583
P106692 4.550 4.499 -6.294 0.188
P106694 4.429 4.376 -5.887 0.535
P106696 4.645 4.506 -6.092 0.917
P106697 4.839 4.663 -5.779 0.998
P106698 4.738 4.593 -6.390 0.808
P106700 4.807 4.855 -6.363 0.446
P106702 4.633 4.600 -5.857 0.427
P106703 4.808 4.775 -5.916 0.610
P106704 4.756 4.646 -6.636 1.045
P106706 4.826 4.838 -6.361 0.370
P106707 4.743 4.637 -6.186 0.539
P106708 4.089 4.275 -4.796 0.553
P106709 4.081 4.298 -4.922 0.700
P106711 4.196 4.101 -5.479 1.652
P106712 4.155 4.395 -4.535 1.514
P106713 3.983 4.132 -4.737 0.542
P106714 4.170 4.431 -4.907 1.769
P106718 3.922 4.351 -5.443 0.447
P106719 4.069 4.321 -5.520 1.656
P106720 4.882 4.889 -7.273 0.582
P106722 4.986 5.018 -6.673 0.578
P106723 4.935 4.911 -6.260 0.486
P106725 4.980 4.915 -7.218 0.499
P106726 4.812 4.794 -7.039 0.706
P106727 5.058 4.966 -6.544 0.700
P106728 4.960 4.917 -6.455 0.594
P106730 4.816 4.762 -6.664 0.667
P106732 4.801 4.889 -6.743 0.553
P106733 4.745 4.693 -6.389 0.592
P106735 4.426 4.288 -6.404 0.684
P106736 4.719 4.691 -6.281 0.328
P106737 4.942 5.010 -6.725 0.370
P106738 5.024 4.995 -6.819 0.210
P106739 4.930 4.940 -7.328 0.677
P106740 4.668 4.800 -6.895 1.008
P106742 4.952 4.940 -6.987 0.593
P106744 5.036 4.947 -7.241 0.454
P106747 4.988 4.983 -6.791 0.365
P106748 4.771 4.708 -6.368 0.650
P106749 4.849 4.930 -6.595 0.290
P106750 4.778 4.764 -6.788 0.634
P106751 4.991 4.900 -6.580 0.302
P106753 4.969 4.980 -6.597 0.431
P106754 4.852 4.726 -6.970 0.427
P106755 4.683 4.471 -6.242 0.666
P106756 4.648 4.741 -6.721 0.345
P106757 4.752 4.870 -6.180 0.368
P106758 4.675 4.801 -6.305 0.414
P106759 4.674 4.686 -6.745 0.419
P106760 4.668 4.804 -6.281 0.369
P106761 4.721 4.739 -6.784 0.808
P106763 4.441 4.456 -6.535 0.621
P106764 4.669 4.786 -6.463 0.332
P106765 4.467 4.610 -6.313 0.494
P106766 4.670 4.775 -6.571 0.252
P106767 4.699 4.794 -7.141 0.302
P106772 4.500 4.505 -6.270 0.342
P106773 4.619 4.647 -6.580 0.481
P106774 4.629 4.678 -5.273 0.644
P106775 4.956 4.809 -5.994 0.539
P106776 4.919 4.671 -5.770 0.733
P106777 5.010 4.873 -5.344 0.289
P106778 4.899 4.709 -5.529 0.849
P106780 4.749 4.684 -5.452 0.744
P106781 4.967 4.850 -5.957 0.951
P106784 4.902 4.640 -6.129 0.719
P106786 4.987 4.949 -5.740 0.316
P106787 4.921 4.917 -6.027 0.268
P106788 4.922 4.745 -5.857 0.733
P106790 4.838 4.773 -5.438 0.698
P106792 4.927 4.976 -6.215 0.326
P106793 4.869 4.914 -5.618 0.890
P106794 4.696 4.907 -5.460 0.697
P106795 4.769 4.948 -6.226 0.522
P106796 4.650 4.846 -6.216 0.763
P106797 4.993 4.694 -5.344 0.513
P106798 4.938 4.955 -6.133 0.253
P106802 4.857 4.657 -5.783 0.543
P106803 4.580 4.411 -5.138 0.794
P106804 4.630 4.433 -5.450 0.869
P106806 4.919 4.596 -5.709 0.846
P106807 4.911 4.560 -5.571 0.476
P106808 4.827 4.566 -5.498 0.920
P106809 4.927 4.620 -5.169 0.738
P106812 4.861 4.594 -5.560 0.924
P106813 5.019 4.634 -5.483 0.735
P106814 4.834 4.700 -6.000 0.468
P106816 4.823 4.681 -5.190 0.864
P106817 4.935 4.671 -5.256 0.315
P106818 5.000 4.691 -5.576 1.019
P106820 4.918 4.684 -5.972 0.505
P106821 4.912 4.685 -5.560 0.824
P106823 4.935 4.441 -5.016 1.051
P106824 4.864 4.851 -5.943 0.763
P106825 4.901 4.754 -6.591 0.564
P106827 4.982 4.960 -5.505 0.953
P106829 4.802 4.629 -6.207 1.199
P106830 4.939 4.761 -6.594 0.762
P106832 4.780 4.703 -6.374 0.590
P106833 5.021 4.599 -5.998 0.628
P106834 4.893 4.669 -5.492 1.034
P106836 4.665 4.778 -6.338 0.588
P106838 4.701 4.840 -6.793 0.411
P106840 4.995 4.826 -6.899 0.579
P106841 4.837 4.719 -6.412 0.656
P106842 4.788 4.604 -6.378 0.586
P106845 4.608 4.662 -6.628 1.230
P106846 4.849 4.754 -6.701 0.781
P106848 4.924 4.779 -6.832 0.628
P106852 4.757 4.580 -6.728 0.808
P106853 4.626 4.474 -5.907 0.592
P106854 4.806 4.821 -5.738 0.408
P106855 4.632 4.539 -6.373 0.617
P106856 4.897 4.844 -5.972 0.701
P106858 4.589 4.503 -6.708 0.874
P106859 4.600 4.554 -6.101 0.596
P106860 4.554 4.431 -6.190 0.592
P106862 4.334 4.130 -6.286 0.766
P106863 4.452 4.451 -5.856 0.599
P106864 4.332 4.267 -5.779 0.622
P106865 4.497 4.251 -6.319 0.676
P106867 4.521 4.452 -6.237 0.709
P106869 4.557 4.530 -6.776 0.471
P106872 4.539 4.550 -5.977 0.575
P106873 4.430 4.519 -6.210 0.816
P106874 4.624 4.533 -5.829 0.699
P106875 4.585 4.512 -5.834 0.405
P106877 4.867 4.961 -6.104 0.460
P106878 4.875 4.956 -6.436 0.358
P106880 4.798 4.706 -6.315 0.581
P106881 4.869 4.904 -6.447 0.426
P106883 4.815 4.687 -6.777 0.715
P106885 4.547 4.467 -5.782 0.571
P106886 4.615 4.491 -5.895 1.136
P106887 4.560 4.334 -6.263 0.958
P106888 4.628 4.684 -6.463 0.525
P106891 4.492 4.422 -5.776 0.603
P106892 4.559 4.354 -6.448 1.166
P106893 4.611 4.709 -6.999 0.834
P106894 4.577 4.822 -6.566 0.727
P106896 4.616 4.719 -6.726 0.396
P106897 4.644 4.853 -7.024 0.498
P106898 4.779 4.861 -6.503 0.333
P106899 4.606 4.736 -6.383 0.618
P106901 4.595 4.460 -6.442 0.773
P106902 4.266 4.290 -5.963 1.420
P106904 4.594 4.852 -6.729 0.527
P106905 4.614 4.824 -7.017 0.476
P106906 4.529 4.605 -6.514 0.830
P106908 4.579 4.700 -6.561 0.519
P106909 4.633 4.826 -7.530 0.377
P106913 4.601 4.841 -6.597 0.475
P106915 4.796 4.927 -6.702 0.519
P106916 4.546 4.576 -6.800 0.421
P106917 4.440 4.680 -6.890 0.473
P106918 4.400 4.520 -6.718 0.641
P106919 4.681 4.843 -6.994 0.481
P106921 4.596 4.667 -6.269 0.358
P106922 4.863 4.701 -6.932 0.620
P106923 4.713 4.774 -6.528 0.354
P106924 4.659 4.721 -6.256 0.480
P106926 4.907 4.868 -6.679 0.749
P106928 4.941 4.887 -6.456 0.667
P106930 5.011 4.990 -7.103 0.274
P106933 4.933 4.787 -6.195 0.733
P106934 4.619 4.558 -6.341 0.543
P106935 4.894 4.750 -6.161 0.692
P106936 4.747 4.685 -6.347 0.692
P106937 4.781 4.657 -5.809 1.085
P106939 4.602 4.476 -6.395 0.381
P106940 4.747 4.610 -5.931 0.930
P106941 4.922 4.812 -6.276 0.626
P106943 4.966 4.862 -6.695 0.666
P106946 4.885 4.828 -6.404 0.843
P106947 4.908 4.762 -6.339 1.318
P106948 4.916 4.925 -6.012 0.387
P106949 4.894 4.879 -5.879 0.637
P106950 5.008 4.857 -5.908 0.420
P106951 4.949 4.911 -6.775 0.704
P106952 4.970 4.900 -5.664 0.757
P106954 4.908 4.846 -6.391 0.407
P106955 4.932 4.951 -5.831 0.518
P106956 4.971 4.987 -5.970 0.412
P106958 4.876 4.838 -6.555 0.745
P106959 4.630 4.642 -6.055 0.748
P106960 4.960 5.029 -5.893 0.658
P106962 4.903 4.832 -5.791 0.488
P106963 4.714 4.626 -4.741 1.243
P106964 5.058 4.879 -5.274 0.385
P106965 4.970 4.904 -5.800 0.285
P106967 4.720 4.601 -6.102 0.701
P106968 4.930 4.881 -5.301 0.339
P106970 4.930 4.757 -5.484 0.480
P106971 4.555 4.519 -4.940 1.804
P106973 4.449 4.578 -4.260 0.915
P106974 4.615 4.554 -4.925 0.937
P106975 4.269 4.475 -5.547 1.910
P106976 4.794 4.756 -6.503 0.798
P106977 4.904 4.831 -5.891 0.854
P106978 4.762 4.665 -6.571 0.563
P106982 4.886 4.803 -5.851 0.428
P106983 4.950 4.801 -6.023 0.454
P106984 4.665 4.495 -5.471 0.487
P106985 4.697 4.493 -5.797 0.431
P106986 4.929 4.865 -5.846 0.378
P106987 4.886 4.840 -5.561 0.472
P106989 4.957 4.685 -5.257 0.278
P106990 4.977 4.942 -6.603 0.746
P106991 4.737 4.692 -5.862 0.640
P106993 4.619 4.426 -5.859 1.114
P106994 4.497 4.466 -6.011 1.108
P106995 4.732 4.766 -6.419 0.684
P106996 4.605 4.473 -6.312 0.783
P106997 4.808 4.694 -6.467 0.836
P106999 4.727 4.713 -6.353 0.657
P107001 4.840 4.717 -6.517 0.926
P107002 4.839 4.496 -5.971 1.144
P107003 4.838 4.552 -6.098 1.076
P107004 4.875 4.655 -6.555 0.681
P107009 4.836 4.824 -7.013 0.250
P107010 4.626 4.588 -6.255 0.664
P107011 4.823 4.668 -6.383 0.780
P107012 4.991 4.916 -5.833 0.442
P107014 4.959 4.747 -6.404 0.755
P107016 5.014 4.955 -5.816 0.901
P107017 4.650 4.397 -5.853 1.330
P107018 4.695 4.711 -5.862 0.710
P107020 4.874 4.944 -6.490 0.496
P107021 4.900 4.575 -5.636 0.439
P107022 4.664 4.548 -5.654 0.750
P107023 4.884 4.702 -5.780 0.401
P107025 4.865 4.693 -5.808 0.649
P107026 4.828 4.786 -5.627 0.425
P107027 4.710 4.629 -5.454 0.609
P107028 4.979 4.885 -5.859 0.794
P107030 4.946 4.742 -5.395 0.440
P107031 4.804 4.732 -5.547 0.431
P107032 4.864 4.826 -5.940 0.357
P107034 5.033 5.100 -6.549 0.727
P107036 4.771 4.586 -6.510 0.718
P107037 4.743 4.646 -6.378 0.978
P107038 4.869 4.654 -5.614 1.235
P107039 4.803 4.645 -6.213 1.011
P107041 4.463 4.435 -4.523 1.006
P107042 5.044 5.102 -6.831 0.361
P107043 4.772 4.843 -6.289 0.299
P107046 4.874 4.633 -5.454 0.685
P107047 4.474 4.436 -4.196 1.076
P107048 4.484 4.827 -5.152 1.246
P107050 4.282 4.387 -5.475 0.400
P107051 4.602 4.518 -5.453 1.040
P107052 4.449 4.523 -4.924 0.810
P107053 4.552 4.608 -4.895 0.551
P107054 4.504 4.669 -5.110 0.938
P107058 4.785 4.626 -6.000 0.933
P107059 4.692 4.424 -4.958 1.247
P107060 4.715 4.624 -5.550 0.670
P107061 4.545 4.120 -5.467 0.946
P107062 4.725 4.723 -6.144 0.842
P107064 4.458 4.495 -5.216 0.827
P107065 4.340 4.536 -5.137 1.031
P107066 4.518 4.649 -5.621 0.848
P107068 4.192 4.482 -5.570 0.817
P107069 4.128 4.601 -5.861 0.856
P107073 4.179 4.286 -5.424 0.768
P107074 4.342 4.592 -5.398 0.807
P107075 4.353 4.744 -5.929 1.073
P107077 4.207 4.431 -5.507 0.719
P107078 4.357 4.633 -5.826 0.934
P107079 4.196 4.473 -5.316 0.758
P107080 3.932 4.333 -5.241 0.679
P107081 4.426 4.396 -5.599 0.823
P107082 4.249 4.619 -4.895 0.692
P107083 4.187 4.306 -4.737 1.044
P107084 4.507 4.707 -5.063 1.773
P107085 4.290 4.583 -4.604 0.975
P107086 4.354 4.669 -4.995 0.988
P107088 4.498 4.455 -4.901 0.844
P107089 4.382 4.628 -4.633 0.912
P107090 4.578 4.698 -5.017 1.965
P107092 4.159 4.776 -5.247 0.396
P107095 4.896 4.708 -6.616 0.653
P107097 4.983 4.877 -6.012 0.993
P107098 4.787 4.737 -5.291 0.405
P107100 4.972 4.982 -6.171 0.414
P107102 4.908 4.861 -5.505 0.379
P107103 4.839 4.744 -6.431 0.789
P107104 4.703 4.782 -5.876 1.196
P107106 4.888 4.765 -6.721 0.922
P107108 4.755 4.605 -6.604 1.069
P107109 4.910 4.976 -6.256 0.637
P107110 4.928 4.928 -6.408 0.400
P107114 4.963 4.904 -6.141 0.531
P107115 4.899 4.886 -6.203 0.526
P107116 4.653 4.555 -6.369 0.667
P107117 4.998 4.789 -6.330 0.707
P107119 4.748 4.762 -6.260 0.909
P107120 4.840 4.780 -5.407 0.625
P107122 4.850 4.844 -5.827 0.811
P107125 4.857 4.802 -5.510 0.810
P107126 4.829 4.789 -5.477 0.698
P107127 4.816 4.833 -5.206 0.840
P107129 4.771 4.773 -5.530 0.540
P107130 4.407 4.855 -5.300 0.505
P107131 4.848 4.826 -5.326 0.626
P107132 4.874 4.864 -5.853 0.843
P107134 4.712 4.787 -5.235 0.739
P107135 4.781 4.537 -5.682 1.369
P107137 4.614 4.658 -5.365 0.497
P107138 4.825 4.768 -5.378 0.680
P107139 4.499 4.518 -5.369 0.507
P107140 4.903 4.754 -6.735 0.652
P107142 4.845 4.896 -5.576 0.682
P107144 4.887 4.783 -6.660 0.745
P107145 4.884 4.809 -6.058 0.725
P107146 4.740 4.840 -6.004 0.757
P107148 4.851 4.775 -6.505 0.792
P107149 4.896 4.785 -6.464 0.732
P107151 4.799 4.640 -6.622 1.036
P107152 4.890 4.938 -6.040 0.643
P107154 4.813 4.865 -6.666 0.908
P107156 4.867 4.746 -6.499 0.698
P107157 4.748 4.485 -5.679 1.368
P107158 4.712 4.637 -5.737 0.630
P107159 4.810 4.703 -6.462 0.719
P107160 4.675 4.598 -6.454 0.663
P107161 4.776 4.849 -5.946 0.717
P107162 4.877 4.748 -6.434 0.748
P107163 4.857 4.665 -6.504 1.199
P107164 4.916 4.857 -5.020 0.692
P107165 4.811 4.632 -4.790 0.869
P107167 4.626 4.304 -4.647 0.926
P107168 4.816 4.568 -4.380 1.153
P107169 4.600 4.229 -4.411 0.991
P107170 4.536 4.363 -4.937 0.401
P107171 4.721 4.871 -5.328 0.333
P107175 4.729 4.346 -4.349 1.220
P107176 4.784 4.719 -4.955 0.522
P107177 4.610 4.542 -5.261 0.511
P107179 4.654 4.529 -6.479 0.680
P107181 4.560 4.446 -6.213 0.834
P107182 4.824 4.590 -5.906 0.674
P107184 4.646 4.440 -5.984 0.734
P107185 4.798 4.444 -4.422 1.038
P107187 4.661 4.506 -5.027 0.444
P107188 4.791 4.365 -4.389 0.756
P107191 4.711 4.330 -4.319 0.838
P107192 4.811 4.667 -4.832 1.937
P107193 4.863 4.735 -4.951 1.186
P107195 4.579 4.635 -4.455 0.920
P107196 4.698 4.404 -4.336 1.072
P107197 4.825 4.670 -5.245 1.774
P107199 4.910 4.867 -6.588 0.567
P107201 4.902 4.888 -6.291 0.395
P107202 4.991 5.102 -6.746 0.426
P107203 4.943 4.769 -6.208 0.687
P107204 4.899 4.729 -6.172 0.875
P107205 5.025 5.089 -6.290 0.503
P107206 4.810 4.698 -5.775 0.445
P107208 4.905 4.964 -6.792 0.243
P107209 4.881 4.702 -6.548 0.835
P107210 4.920 4.802 -5.791 0.576
P107211 4.906 4.865 -6.208 0.446
P107212 4.688 4.565 -6.559 0.683
P107213 4.882 4.997 -6.485 0.350
P107214 4.721 4.814 -6.459 0.473
P107215 4.683 4.883 -5.669 1.493
P107216 4.765 4.698 -6.144 0.666
P107217 4.906 4.872 -7.039 0.263
P107220 4.868 4.713 -6.186 0.813
P107221 4.717 4.670 -6.086 0.625
P107223 4.597 4.543 -6.610 0.635
P107225 4.590 4.553 -6.155 0.868
P107226 4.545 4.457 -6.501 0.613
P107228 4.297 4.186 -6.398 0.905
P107229 4.460 4.327 -6.206 0.553
P107230 4.346 4.309 -6.129 0.538
P107231 4.565 4.549 -6.107 0.845
P107232 4.626 4.515 -5.841 0.669
P107233 4.563 4.477 -5.873 0.663
P107234 5.020 4.961 -5.843 0.361
P107235 4.890 4.723 -6.481 0.910
P107237 4.661 4.510 -6.079 0.596
P107238 4.944 4.815 -5.700 0.518
P107239 4.762 4.516 -5.675 0.522
P107240 4.482 4.430 -5.842 0.811
P107242 4.570 4.391 -5.907 0.880
P107243 4.545 4.580 -6.447 0.343
P107245 4.564 4.548 -6.299 0.599
P107246 4.460 4.424 -5.831 0.414
P107248 4.333 4.264 -6.172 0.445
P107249 4.550 4.457 -6.552 0.859
P107251 4.669 4.514 -6.054 0.790
P107252 4.768 4.746 -6.342 0.591
P107254 4.737 4.575 -6.150 0.785
P107255 4.806 4.654 -5.601 0.710
P107257 4.756 4.780 -6.142 0.567
P107258 4.347 4.266 -6.371 0.354
P107260 4.505 4.335 -6.188 0.639
P107264 4.569 4.510 -6.888 0.307
P107265 4.579 4.506 -6.283 0.665
P107267 4.311 4.153 -6.317 0.860
P107268 4.864 4.697 -5.710 0.981
P107269 4.755 4.605 -6.510 0.972
P107271 4.792 4.681 -6.287 0.664
P107273 4.793 4.777 -6.972 0.280
P107276 4.712 4.710 -5.927 0.655
P107277 4.611 4.616 -6.334 0.789
P107278 4.507 4.291 -6.049 0.784
P107279 4.745 4.573 -6.074 0.658
P107280 4.752 4.728 -6.485 0.583
P107282 4.721 4.816 -6.355 0.661
P107284 4.840 4.706 -6.556 0.612
P107285 4.789 4.826 -6.430 0.578
P107286 4.683 4.668 -5.921 0.589
P107287 4.568 4.503 -6.330 0.701
P107288 4.933 4.845 -6.446 0.840
P107290 4.981 4.925 -5.763 0.471
P107292 4.420 4.237 -6.638 0.672
P107293 4.532 4.403 -6.872 0.642
P107297 4.480 4.113 -6.295 0.706
P107298 4.991 4.712 -5.339 1.124
P107299 4.851 4.514 -5.917 0.582
P107300 5.082 4.985 -5.768 0.316
P107302 5.078 4.867 -5.835 0.422
P107303 5.046 4.954 -5.766 0.563
P107304 4.438 4.387 -5.683 0.721
P107306 4.272 4.050 -6.668 0.859
P107307 4.590 4.481 -6.309 0.552
P107308 4.473 4.396 -6.513 0.409
P107310 4.292 4.209 -5.620 0.816
P107311 4.517 4.338 -6.430 0.688
P107312 4.244 4.021 -6.508 1.587
P107314 4.398 4.412 -6.815 0.836
P107315 4.510 4.569 -6.233 0.868
P107316 4.492 4.543 -6.210 0.905
P107317 4.355 4.564 -6.267 0.463
P107318 4.459 4.228 -6.912 1.205
P107320 4.479 4.305 -6.023 0.853
P107321 4.561 4.409 -6.865 0.853
P107324 4.707 4.675 -6.579 0.736
P107325 4.763 4.606 -6.017 0.949
P107326 4.518 4.443 -5.931 0.657
P107328 4.739 4.782 -6.259 0.402
P107329 4.583 4.583 -6.557 0.286
P107330 4.684 4.734 -6.486 0.528
P107332 4.718 4.762 -6.318 0.896
P107333 4.648 4.763 -6.678 0.369
P107334 4.749 4.769 -6.253 0.484
P107335 4.565 4.589 -6.851 0.440
P107338 4.486 4.607 -6.835 0.329
P107340 4.534 4.481 -6.771 0.828
P107343 4.820 4.952 -7.363 0.412
P107345 4.518 4.619 -6.655 0.474
P107347 4.695 4.726 -6.659 0.659
P107349 4.790 4.850 -6.905 0.688
P107350 4.710 4.705 -6.379 0.462
P107352 4.845 4.866 -6.082 0.522
P107353 4.683 4.751 -6.641 0.460
P107355 4.784 4.842 -6.692 0.542
P107359 4.267 4.383 -6.229 0.690
P107360 4.847 4.749 -5.913 0.780
P107363 4.800 4.754 -6.349 0.775
P107365 4.526 4.690 -6.752 0.414
P107367 4.761 4.716 -6.880 0.568
P107368 4.912 5.013 -6.366 0.285
P107370 4.676 4.738 -6.323 0.422
P107374 4.906 4.701 -6.589 0.713
P107376 4.883 4.916 -6.305 0.261
P107378 4.751 4.650 -6.377 0.920
P107379 4.972 4.906 -6.186 0.710
P107383 4.731 4.877 -6.642 0.295
P107384 4.898 4.974 -6.558 0.408
P107385 4.716 4.876 -6.642 0.417
P107388 4.603 4.699 -5.727 0.301
P107389 4.729 4.894 -6.517 0.612
P107390 4.759 4.813 -6.306 0.773
P107392 5.063 4.978 -6.287 0.666
P107393 4.936 4.989 -6.539 0.286
P107394 4.671 4.872 -6.376 0.383
P107395 4.388 4.552 -6.344 0.362
P107396 4.967 5.067 -6.564 0.369
P107397 4.960 5.051 -6.604 0.776
P107398 4.925 5.039 -5.816 0.539
P107400 4.956 4.715 -5.631 0.873
P107401 4.749 4.835 -6.630 0.725
P107403 4.850 4.839 -6.217 0.792
P107404 4.759 4.620 -6.022 0.820
P107406 4.401 4.474 -5.772 0.521
P107409 4.446 4.317 -5.850 0.576
P107414 4.354 4.279 -5.721 0.577
P107415 4.550 4.237 -5.601 0.233
P107417 4.695 4.484 -5.174 0.500
P107418 4.467 4.309 -5.249 0.918
P107419 4.586 4.354 -5.562 0.986
P107421 4.543 4.376 -5.744 0.764
P107423 4.389 4.453 -5.415 0.812
P107425 4.517 4.128 -5.144 0.996
P107426 4.465 4.123 -5.565 1.193
P107427 4.432 4.256 -5.213 0.710
P107428 4.722 4.551 -5.683 0.322
P107429 4.578 4.466 -5.918 0.450
P107430 4.610 4.689 -5.118 0.973
P107431 4.500 4.254 -5.563 0.804
P107432 4.547 4.477 -4.801 0.842
P107433 4.626 4.468 -5.721 0.572
P107434 4.737 4.550 -5.352 0.659
P107435 4.710 4.664 -5.493 0.612
P107437 4.553 4.334 -5.290 0.447
P107439 4.781 4.731 -6.254 0.920
P107440 4.784 4.889 -6.796 0.433
P107441 4.608 4.715 -6.238 0.352
P107442 4.586 4.786 -6.410 0.843
P107443 4.757 4.885 -6.599 0.396
P107444 4.882 4.842 -6.028 0.491
P107445 4.683 4.760 -6.939 0.336
P107446 4.649 4.760 -6.633 0.473
P107447 4.845 4.870 -6.504 0.986
P107449 4.605 4.497 -5.288 0.472
P107450 4.686 4.335 -5.234 0.488
P107451 4.529 4.265 -5.403 0.490
P107452 4.723 4.690 -5.642 0.542
P107453 4.716 4.266 -5.591 1.230
P107454 4.521 4.212 -5.406 0.306
P107455 4.234 4.059 -5.279 0.503
P107456 4.670 4.581 -5.577 0.648
P107459 4.912 5.074 -6.075 0.665
P107460 4.454 4.519 -5.952 0.472
P107461 4.716 4.648 -6.431 0.796
P107463 4.870 4.929 -6.826 0.370
P107464 4.857 4.923 -5.970 0.556
P107465 4.941 4.877 -6.071 0.520
P107467 4.773 4.851 -6.817 0.557
P107468 4.739 4.807 -6.864 0.291
P107470 4.778 4.867 -6.642 0.693
P107472 4.603 4.658 -7.104 0.296
P107474 4.628 4.593 -7.045 0.558
P107475 4.823 4.894 -6.852 0.379
P107476 4.819 4.681 -6.073 0.757
P107477 4.869 4.954 -7.102 0.440
P107481 4.636 4.729 -6.124 0.777
P107482 4.658 4.692 -6.318 0.495
P107483 4.522 4.458 -6.082 0.517
P107484 4.126 4.207 -6.093 0.341
P107485 4.641 4.742 -6.577 0.331
P107488 4.568 4.694 -6.328 0.554
P107489 4.575 4.577 -6.017 0.692
P107492 4.977 4.982 -6.297 0.707
P107493 4.804 4.892 -6.981 0.253
P107494 4.646 4.757 -6.225 0.366
P107495 4.373 4.463 -5.539 0.324
P107497 4.594 4.674 -6.710 0.466
P107498 5.000 5.006 -6.141 0.391
P107499 4.788 4.812 -6.256 0.535
P107500 4.254 4.359 -6.363 0.401
P107501 4.779 4.927 -6.657 0.404
P107503 4.626 4.703 -6.142 0.610
P107504 4.766 4.921 -6.497 0.592
P107505 4.846 4.849 -6.340 0.672
P107506 4.797 4.752 -6.446 0.698
P107509 4.853 4.878 -6.614 0.544
P107512 4.788 4.774 -6.833 0.248
P107513 4.609 4.638 -6.126 0.399
P107514 4.950 5.012 -6.071 0.599
P107515 4.638 4.750 -6.227 0.340
P107516 4.760 4.663 -6.672 0.591
P107518 4.575 4.674 -6.775 0.660
P107520 4.680 4.740 -6.213 0.657
P107521 4.783 4.606 -6.302 0.816
P107522 4.552 4.538 -6.540 0.382
P107523 4.363 4.452 -6.172 0.462
P107524 4.875 4.953 -6.391 0.459
P107527 4.576 4.679 -5.911 0.774
P107528 4.863 4.939 -6.155 0.427
P107531 4.760 4.690 -5.779 0.721
P107532 4.872 4.587 -6.078 0.819
P107534 4.659 4.635 -6.045 1.015
P107535 4.570 4.598 -6.824 0.131
P107536 4.382 4.487 -6.245 0.385
P107537 4.272 4.353 -6.430 0.381
P107538 4.705 4.766 -6.481 0.310
P107539 4.913 4.757 -5.980 0.773
P107540 4.761 4.823 -6.737 0.698
P107542 4.676 4.518 -5.865 1.173
P107544 4.844 4.605 -6.069 0.706
P107545 4.458 4.290 -5.877 1.317
P107546 4.870 4.829 -6.350 0.900
P107547 4.918 4.994 -6.847 0.662
P107548 4.606 4.476 -6.410 0.505
P107549 4.436 4.367 -5.286 0.605
P107551 4.694 4.597 -5.952 0.789
P107552 4.658 4.746 -6.127 0.514
P107554 4.459 4.494 -6.045 0.321
P107555 4.469 4.398 -6.569 0.880
P107557 4.413 4.518 -6.385 0.401
P107559 4.536 4.640 -6.139 0.879
P107561 4.398 4.500 -6.063 0.523
P107562 4.419 4.241 -6.255 0.625
P107563 4.506 4.611 -6.416 0.683
P107564 4.678 4.710 -6.924 0.660
P107565 4.571 4.487 -6.374 0.973
P107566 4.432 4.392 -6.303 0.413
P107567 4.650 4.717 -6.871 0.693
P107569 4.522 4.567 -6.574 0.664
P107570 4.480 4.584 -6.108 0.629
P107571 4.550 4.543 -6.816 0.316
P107572 4.476 4.575 -6.494 0.397
P107573 4.466 4.566 -5.993 0.741
P107575 4.506 4.426 -6.311 0.518
P107577 4.453 4.529 -6.578 0.572
P107580 4.383 4.374 -6.601 1.047
P107581 4.600 4.663 -6.451 0.234
P107584 4.624 4.730 -6.800 0.377
P107587 4.517 4.641 -6.564 0.753
P107588 4.339 4.367 -6.556 0.545
P107592 4.617 4.725 -6.748 0.535
P107594 4.708 4.481 -5.924 0.156
P107595 4.705 4.562 -6.621 0.820
P107596 4.552 4.627 -6.435 0.983
P107597 4.695 4.813 -7.580 0.894
P107598 4.565 4.638 -6.379 0.611
P107600 4.761 4.777 -6.514 0.573
P107601 4.785 4.767 -6.828 0.490
P107602 4.731 4.696 -6.580 0.304
P107604 4.563 4.603 -7.092 0.455
P107606 4.581 4.602 -6.858 0.469
P107607 4.481 4.510 -7.010 0.609
P107609 4.773 4.767 -7.218 0.346
P107612 4.838 4.696 -7.201 0.688
P107615 4.573 4.715 -7.478 0.881
P107616 4.564 4.634 -6.879 0.524
P107618 4.745 4.641 -6.891 0.669
P107620 4.792 4.688 -7.056 0.728
P107621 4.725 4.707 -6.416 0.619
P107623 4.876 4.922 -6.182 0.734
P107625 4.703 4.723 -6.813 0.455
P107628 4.873 4.900 -6.733 0.321
P107630 4.305 4.444 -6.488 0.504
P107631 4.599 4.557 -5.673 0.586
P107633 4.645 4.562 -5.425 1.139
P107635 4.598 4.514 -6.068 0.881
P107637 4.344 4.269 -6.396 1.098
P107638 4.619 4.536 -6.506 0.827
P107639 4.436 4.319 -6.322 0.796
P107641 4.795 4.778 -5.784 0.523
P107646 4.795 4.720 -5.934 0.632
P107647 4.762 4.731 -5.696 0.425
P107648 4.795 4.735 -6.347 0.403
P107650 4.590 4.689 -5.752 0.483
P107651 4.604 4.544 -6.426 0.961
P107652 4.717 4.830 -6.693 0.362
P107654 4.579 4.655 -6.276 0.435
P107656 4.800 4.808 -6.353 0.250
P107658 4.692 4.694 -6.186 0.756
P107659 4.782 4.558 -5.558 0.792
P107660 4.608 4.585 -6.475 0.725
P107661 4.591 4.529 -5.611 0.786
P107662 4.441 4.471 -5.483 0.507
P107663 4.654 4.502 -6.339 0.683
P107664 4.703 4.765 -5.613 1.087
P107665 4.803 4.771 -5.967 0.813
P107666 4.869 4.609 -5.706 1.250
P107668 4.673 4.757 -6.758 0.676
P107669 4.411 4.348 -5.937 0.629
P107671 4.714 4.817 -6.408 0.398
P107672 5.019 4.959 -6.275 0.713
P107677 4.602 4.678 -6.471 0.457
P107678 4.949 4.997 -6.421 0.294
P107683 4.864 4.888 -6.392 0.256
P107684 4.943 4.885 -7.039 0.855
P107685 4.904 4.925 -6.156 0.398
P107687 4.937 4.757 -5.776 0.931
P107688 4.709 4.749 -6.180 0.336
P107690 4.849 4.917 -6.248 0.284
P107692 4.565 4.587 -6.609 0.514
P107694 4.783 4.814 -6.293 0.503
P107695 4.867 4.794 -6.329 0.623
P107697 4.481 4.608 -6.731 0.510
P107698 4.698 4.689 -6.163 0.476
P107699 4.796 4.796 -6.554 0.295
P107700 4.936 4.976 -5.450 0.269
P107702 4.610 4.438 -6.506 0.962
P107703 4.999 5.009 -5.818 0.323
P107704 4.928 4.963 -6.682 0.373
P107705 4.791 4.875 -6.610 0.317
P107706 4.805 4.852 -5.975 0.437
P107708 4.887 4.954 -6.380 0.498
P107709 4.931 4.751 -6.447 0.961
P107710 4.599 4.719 -6.194 0.323
P107711 4.852 4.863 -6.762 1.094
P107713 4.757 4.750 -7.152 0.291
P107714 4.541 4.640 -6.566 0.574
P107715 4.588 4.475 -6.144 0.510
P107716 4.831 4.751 -6.965 0.469
P107717 4.469 4.557 -5.872 0.795
P107718 4.848 4.840 -5.869 0.824
P107720 4.805 4.816 -6.795 0.526
P107721 4.701 4.612 -6.855 0.899
P107722 4.857 4.874 -6.526 0.256
P107724 4.803 4.821 -6.119 0.532
P107725 4.903 4.965 -6.315 0.358
P107728 4.727 4.792 -5.970 0.278
P107729 4.778 4.822 -6.746 0.690
P107730 5.101 4.992 -6.589 0.776
P107731 4.911 4.806 -6.113 0.867
P107732 4.360 4.481 -6.411 0.656
P107734 4.904 4.946 -6.790 0.335
P107735 4.924 4.643 -5.649 0.708
P107737 4.330 4.204 -5.387 0.290
P107739 4.573 4.488 -6.400 0.670
P107740 4.399 4.321 -5.056 1.413
P107741 4.684 4.714 -5.402 0.412
P107742 4.528 4.594 -5.422 0.639
P107744 4.395 4.416 -5.413 0.752
P107745 4.651 4.462 -5.567 0.772
P107747 4.573 4.496 -5.702 0.831
P107749 4.213 4.241 -5.771 0.430
P107751 4.319 4.273 -5.616 0.367
P107753 4.589 4.616 -6.074 0.381
P107754 4.579 4.392 -5.234 0.997
P107757 4.659 4.680 -6.630 0.474
P107759 4.744 4.659 -5.716 0.368
P107760 4.674 4.626 -5.939 0.252
P107762 4.387 4.373 -5.854 0.430
P107763 4.416 4.548 -5.550 0.416
P107764 4.254 4.565 -5.534 0.568
P107765 4.243 4.217 -5.627 0.215
P107766 4.613 4.661 -5.856 0.414
P107768 4.403 4.434 -5.481 0.481
P107770 4.551 4.427 -5.013 0.636
P107771 4.364 4.554 -6.025 0.836
P107774 4.366 4.457 -6.041 0.624
P107776 4.128 4.452 -5.986 0.464
P107777 4.599 4.490 -5.799 0.593
P107778 4.650 4.242 -5.283 0.817
P107779 4.616 4.480 -5.128 0.874
P107781 4.293 4.242 -5.745 0.327
P107782 4.572 4.490 -5.947 0.344
P107784 4.525 4.456 -6.104 0.697
P107786 4.500 4.518 -5.543 0.653
P107787 4.620 4.355 -5.329 0.729
P107788 4.427 4.417 -5.973 0.238
P107789 4.402 4.144 -5.396 0.450
P107790 4.639 4.505 -6.027 0.834
P107791 4.530 4.233 -5.332 0.762
P107793 4.572 4.476 -5.777 0.901
P107794 4.772 4.582 -6.191 0.957
P107795 4.832 4.653 -5.596 0.471
P107797 4.433 4.408 -6.533 0.679
P107798 4.626 4.361 -5.159 1.120
P107800 4.700 4.574 -6.158 0.705
P107801 4.467 4.370 -5.989 0.709
P107802 4.573 4.652 -6.916 0.900
P107803 4.844 4.777 -5.858 0.351
P107804 4.676 4.570 -6.181 0.589
P107806 4.724 4.521 -5.247 1.100
P107808 4.789 4.545 -6.220 1.014
P107809 4.628 4.491 -6.613 0.775
P107810 4.601 4.600 -5.730 0.502
P107811 4.790 4.681 -6.182 0.965
P107812 4.472 4.363 -5.890 0.868
P107813 4.652 4.671 -6.774 0.956
P107814 4.867 4.772 -5.810 0.660
P107815 4.943 4.738 -5.893 0.832
P107816 4.831 4.638 -6.122 0.995
P107817 4.606 4.641 -6.074 1.090
P107820 4.477 4.373 -6.059 0.584
P107821 4.800 4.786 -5.575 0.421
P107825 4.756 4.681 -6.472 0.737
P107826 4.584 4.570 -5.898 0.235
P107829 4.532 4.484 -6.459 0.721
P107833 4.773 4.474 -5.892 0.857
P107834 4.837 4.650 -5.747 0.582
P107835 4.689 4.557 -5.971 0.673
P107837 4.888 4.741 -5.710 1.021
P107838 4.495 4.410 -5.379 0.737
P107839 4.643 4.501 -6.304 0.614
P107841 4.766 4.483 -6.474 0.858
P107843 4.319 4.157 -5.893 0.557
P107844 4.912 4.834 -5.656 0.505
P107847 5.008 4.873 -6.289 0.682
P107849 4.789 4.791 -6.854 0.276
P107851 4.689 4.622 -6.476 0.388
P107852 5.075 5.082 -6.481 0.238
P107854 4.908 4.668 -5.776 1.221
P107855 5.065 4.968 -6.783 0.534
P107859 4.640 4.559 -6.488 0.756
P107863 5.072 5.109 -6.630 0.437
P107866 5.003 5.008 -6.268 0.264
P107867 5.033 4.949 -7.054 0.837
P107868 4.850 4.660 -5.973 0.786
P107869 4.875 4.953 -6.638 0.323
P107870 5.012 5.066 -6.648 0.396
P107872 4.588 4.614 -4.998 0.324
P107873 4.841 4.740 -5.596 0.414
P107875 4.852 4.747 -5.594 1.105
P107877 5.141 5.050 -6.423 0.575
P107878 4.966 4.906 -6.663 0.618
P107879 4.769 4.804 -6.058 0.342
P107880 5.040 5.086 -6.654 0.335
P107881 4.973 4.911 -6.036 1.157
P107882 5.046 4.793 -5.798 0.957
P107883 5.120 5.111 -5.847 0.295
P107884 4.616 4.431 -5.858 0.339
P107887 5.139 5.085 -5.957 0.996
P107889 4.714 4.615 -4.968 1.272
P107890 4.401 4.526 -6.786 0.335
P107893 4.661 4.756 -6.722 0.585
P107895 4.635 4.636 -6.601 0.608
P107897 4.700 4.811 -7.049 0.442
P107900 4.660 4.606 -6.387 0.481
P107901 4.430 4.594 -6.310 0.658
P107903 4.584 4.669 -6.474 0.399
P107904 4.460 4.457 -6.814 0.454
P107906 4.506 4.635 -6.347 0.633
P107908 4.816 4.777 -6.056 0.604
P107909 4.662 4.758 -6.693 0.361
P107911 4.354 4.399 -6.543 0.658
P107912 4.637 4.685 -6.745 0.210
P107913 4.689 4.623 -6.505 0.446
P107914 4.580 4.420 -5.689 0.710
P107915 4.754 4.746 -6.039 0.548
P107917 4.556 4.642 -6.612 0.478
P107918 4.576 4.614 -6.116 0.719
P107920 4.649 4.543 -6.390 0.771
P107923 4.432 4.540 -6.930 0.414
P107924 4.613 4.689 -6.526 0.466
P107925 4.446 4.488 -6.543 0.454
P107926 4.762 4.489 -5.593 0.916
P107927 4.753 4.638 -6.336 0.754
P107928 4.509 4.365 -5.482 0.422
P107929 4.898 4.887 -5.884 0.361
P107930 4.921 4.831 -5.858 0.590
P107931 4.674 4.493 -5.562 1.210
P107933 4.850 4.819 -5.895 0.773
P107934 4.655 4.505 -6.207 0.735
P107935 4.704 4.549 -5.288 0.827
P107937 4.570 4.641 -6.172 0.717
P107938 4.570 4.645 -6.490 0.671
P107939 4.836 4.821 -6.151 0.564
P107940 4.648 4.658 -6.251 0.392
P107941 4.125 4.284 -6.408 0.459
P107942 4.653 4.688 -6.472 0.614
P107944 4.499 4.586 -6.166 0.713
P107945 4.702 4.704 -6.020 0.492
P107947 4.815 4.694 -6.511 0.636
P107948 4.674 4.778 -5.648 0.658
P107949 4.707 4.759 -6.586 0.397
P107950 4.551 4.535 -6.560 0.421
P107951 4.811 4.873 -6.338 0.281
P107953 4.667 4.753 -5.915 0.497
P107954 4.788 4.852 -6.269 0.388
P107956 4.466 4.529 -6.648 0.614
P107958 4.455 4.272 -6.607 1.083
P107959 4.659 4.658 -6.830 0.501
P107961 4.793 4.869 -6.973 0.413
P107963 4.781 4.858 -6.619 0.367
P107964 4.144 3.964 -6.130 0.571
P107966 4.588 4.341 -6.178 1.063
P107967 4.400 4.183 -5.611 1.345
P107968 4.629 4.500 -5.528 1.167
P107970 4.758 4.721 -6.423 0.494
P107971 4.600 4.668 -6.337 0.708
P107972 4.669 4.495 -5.703 0.604
P107974 4.519 4.592 -6.842 0.639
P107976 4.739 4.829 -6.520 0.455
P107980 4.942 4.840 -6.541 0.798
P107981 4.713 4.678 -6.255 0.237
P107982 4.764 4.819 -6.746 0.348
P107985 4.449 4.574 -5.835 0.673
P107986 4.660 4.714 -6.281 0.448
P107987 4.209 4.342 -6.170 0.477
P107988 4.759 4.800 -6.881 0.733
P107989 4.691 4.628 -6.254 0.780
P107990 4.879 4.667 -5.874 0.652
P107991 4.429 4.621 -6.235 0.938
P107992 4.576 4.459 -6.504 0.627
P107994 4.472 4.472 -6.655 0.445
P107995 4.497 4.409 -5.952 0.853
P107996 4.502 4.548 -6.119 0.414
P107997 4.677 4.681 -6.341 0.822
P107998 4.685 4.476 -5.351 0.732
P107999 4.406 4.168 -6.317 0.769
P108001 5.054 5.131 -6.176 0.367
P108002 4.844 4.754 -6.071 0.818
P108004 5.011 5.062 -6.332 0.347
P108005 4.964 4.995 -6.188 0.475
P108006 4.669 4.516 -5.932 0.763
P108007 4.375 4.314 -6.070 0.734
P108008 4.610 4.376 -6.486 0.658
P108009 4.714 4.365 -6.236 0.567
P108011 4.722 4.495 -5.820 0.646
P108012 4.982 4.815 -6.332 0.703
P108013 4.875 4.871 -6.834 0.659
P108015 4.865 4.965 -6.287 0.557
P108017 4.964 4.534 -5.968 1.066
P108018 4.778 4.752 -6.352 0.273
P108019 4.895 4.937 -6.764 0.661
P108020 4.958 4.988 -6.463 0.266
P108021 5.178 5.066 -6.614 0.783
P108022 4.693 4.499 -5.979 0.910
P108023 4.453 4.574 -6.102 0.867
P108024 4.494 4.447 -5.486 0.609
P108025 4.560 4.271 -6.611 1.234
P108028 4.374 4.240 -6.623 0.813
P108029 4.504 4.230 -5.851 1.076
P108031 4.729 4.501 -5.933 0.964
P108032 4.403 4.270 -6.145 0.431
P108033 4.509 4.503 -7.061 0.933
P108034 4.668 4.365 -6.609 1.282
P108035 4.519 4.330 -6.209 0.703
P108036 4.492 4.264 -6.424 0.721
P108037 4.544 4.456 -6.830 0.828
P108038 4.540 4.498 -5.925 0.745
P108040 4.600 4.344 -5.372 0.856
P108042 4.530 4.473 -5.346 1.256
P108044 4.404 4.118 -6.558 1.249
P108046 4.303 4.150 -6.492 0.963
P108047 4.664 4.303 -6.548 1.270
P108051 4.706 4.440 -6.622 0.748
P108052 4.384 4.365 -5.822 0.696
P108056 4.705 4.540 -5.756 0.684
P108059 4.566 4.109 -6.508 1.295
P108061 4.711 4.434 -5.173 1.126
P108063 4.680 4.621 -6.237 0.818
P108065 4.654 4.465 -5.965 0.686
P108066 4.523 4.323 -5.875 0.353
P108068 4.411 4.197 -6.288 1.257
P108070 4.649 4.531 -5.199 0.602
P108071 4.700 4.653 -6.574 0.862
P108074 4.560 4.415 -5.387 1.026
P108078 4.742 4.569 -6.520 0.730
P108080 4.782 4.669 -5.482 0.533
P108081 4.731 4.582 -6.625 0.708
P108082 4.697 4.578 -5.427 0.322
P108083 4.595 4.472 -6.243 0.757
P108084 4.797 4.746 -5.964 0.947
P108085 4.635 4.570 -6.416 0.687
P108086 4.583 4.374 -5.780 0.612
P108087 4.560 4.306 -5.259 0.957
P108088 4.745 4.531 -6.276 0.690
P108089 4.796 4.838 -5.669 0.379
P108090 4.800 4.715 -5.995 0.830
P108091 4.611 4.441 -5.586 1.186
P108092 4.499 4.341 -6.166 0.767
P108094 4.712 4.748 -6.044 0.660
P108098 4.705 4.715 -6.124 0.431
P108101 4.735 4.774 -6.295 0.560
P108103 4.655 4.314 -6.091 1.402
P108104 4.487 4.319 -5.379 0.488
P108106 4.615 4.588 -5.826 0.510
P108107 4.563 4.241 -6.542 1.250
P108109 4.568 4.674 -6.002 0.449
P108110 4.790 4.662 -5.974 0.797
P108111 4.661 4.460 -6.624 0.825
P108113 4.483 4.295 -6.147 0.561
P108114 4.659 4.497 -6.538 0.690
P108115 4.731 4.536 -6.278 0.635
P108116 4.771 4.537 -5.903 1.337
P108118 4.712 4.702 -5.001 0.453
P108119 4.633 4.706 -6.216 0.732
P108120 4.571 4.397 -6.439 1.072
P108122 4.734 4.547 -5.388 0.877
P108123 4.719 4.478 -6.228 0.795
P108125 4.447 4.441 -6.169 0.418
P108127 4.595 4.324 -5.689 1.060
P108128 4.952 4.642 -5.548 0.698
P108129 4.675 4.683 -5.409 0.509
P108130 4.692 4.755 -5.653 0.443
P108132 4.676 4.593 -5.847 0.623
P108133 4.710 4.543 -6.269 0.737
P108134 4.746 4.595 -6.173 0.835
P108135 4.700 4.460 -6.225 1.249
P108136 4.326 4.181 -5.465 0.467
P108138 4.667 4.481 -6.184 0.864
P108140 4.501 4.483 -5.307 0.292
P108141 4.462 4.283 -6.385 0.790
P108142 4.720 4.817 -5.832 0.414
P108143 4.573 4.383 -5.582 0.554
P108144 4.709 4.596 -5.541 0.793
P108145 4.746 4.696 -6.403 0.789
P108146 4.731 4.544 -6.100 1.082
P108147 4.798 4.624 -6.186 0.616
P108148 4.686 4.404 -5.351 0.601
P108150 4.689 4.440 -5.610 0.775
P108152 4.594 4.328 -6.039 1.205
P108153 4.480 4.151 -5.965 0.434
P108154 4.830 4.679 -6.868 0.772
P108156 4.858 4.811 -5.675 0.516
P108157 4.653 4.651 -6.420 0.295
P108158 4.212 4.355 -6.363 0.428
P108160 4.660 4.703 -6.229 0.525
P108162 4.444 4.536 -6.236 0.672
P108164 4.660 4.656 -6.250 0.824
P108165 4.913 4.772 -5.487 0.629
P108166 4.751 4.668 -6.315 0.660
P108167 4.799 4.477 -5.373 0.554
P108168 4.901 4.707 -6.455 0.794
P108171 5.000 4.777 -5.301 0.451
P108173 4.715 4.473 -5.843 1.006
P108174 4.659 4.405 -5.482 0.964
P108175 4.676 4.472 -5.619 1.201
P108177 4.374 4.134 -5.836 0.841
P108178 4.814 4.715 -5.489 0.632
P108180 4.807 4.656 -5.620 0.429
P108181 4.833 4.574 -5.906 1.638
P108182 4.773 4.608 -5.312 0.368
P108183 4.928 4.761 -5.651 0.769
P108184 4.353 4.360 -5.608 0.789
P108185 4.630 4.469 -6.306 0.692
P108186 4.475 4.426 -6.277 0.712
P108188 4.686 4.560 -5.445 0.630
P108190 4.516 4.417 -5.891 0.348
P108191 4.677 4.693 -6.780 0.884
P108192 4.269 4.093 -5.508 0.340
P108193 4.631 4.472 -5.932 0.635
P108195 4.588 4.422 -6.100 0.714
P108196 4.769 4.658 -5.618 0.382
P108197 4.709 4.777 -6.977 0.380
P108198 4.559 4.683 -6.415 0.344
P108199 4.704 4.811 -6.707 0.361
P108200 4.769 4.781 -6.392 0.790
P108201 4.785 4.618 -6.376 0.942
P108202 4.830 4.618 -5.270 0.405
P108203 4.434 4.390 -6.368 0.625
P108205 4.557 4.382 -6.134 0.713
P108206 4.753 4.687 -5.569 0.363
P108207 4.576 4.412 -6.214 0.606
P108208 4.457 4.618 -6.495 0.613
P108209 4.594 4.646 -6.985 0.405
P108210 4.492 4.530 -7.013 0.440
P108212 4.538 4.668 -6.232 0.612
P108215 4.863 4.738 -6.133 0.743
P108216 4.623 4.479 -6.280 0.642
P108217 4.486 4.519 -6.423 0.552
P108218 4.619 4.707 -6.658 0.282
P108219 4.712 4.773 -6.994 0.627
P108220 4.624 4.597 -6.531 0.437
P108221 4.769 4.722 -6.778 0.698
P108222 4.608 4.690 -7.090 0.324
P108223 4.577 4.668 -6.737 0.454
P108225 4.621 4.658 -6.242 0.669
P108226 4.705 4.556 -6.499 0.742
P108229 4.475 4.569 -7.071 0.398
P108230 4.503 4.320 -6.743 1.093
P108231 4.686 4.753 -6.948 0.369
P108233 4.789 4.762 -6.998 0.577
P108238 4.440 4.553 -6.796 0.449
P108241 4.729 4.765 -6.757 0.480
P108244 4.652 4.650 -6.803 0.419
P108246 4.853 4.709 -6.145 0.784
P108247 4.844 4.828 -6.740 0.252
P108248 4.413 4.459 -6.779 0.485
P108249 4.534 4.361 -5.816 2.136
P108250 4.761 4.825 -6.783 0.343
P108251 4.723 4.857 -6.129 0.469
P108253 4.758 4.852 -6.167 0.658
P108254 4.630 4.721 -6.922 0.358
P108255 4.593 4.724 -6.633 0.473
P108256 4.639 4.680 -6.116 0.373
P108258 4.609 4.846 -6.700 0.649
P108260 4.512 4.801 -6.492 0.786
P108262 4.500 4.707 -7.059 0.593
P108263 4.546 4.631 -6.216 0.406
P108265 4.827 4.783 -6.373 0.221
P108266 4.654 4.701 -6.337 0.199
P108267 4.728 4.786 -6.257 0.582
P108268 4.244 4.342 -6.188 0.557
P108269 4.640 4.537 -6.474 0.593
P108271 4.484 4.557 -6.032 0.606
P108274 4.725 4.849 -6.490 0.577
P108275 4.712 4.713 -6.132 0.997
P108277 4.723 4.783 -6.930 0.149
P108279 4.668 4.578 -6.930 0.882
P108280 4.741 4.783 -6.784 0.361
P108282 4.733 4.785 -6.658 0.795
P108283 4.695 4.769 -6.693 0.425
P108284 4.863 4.901 -6.524 0.490
P108285 4.717 4.746 -6.370 0.542
P108286 4.231 4.378 -6.260 0.549
P108287 4.498 4.601 -6.122 0.355
P108288 4.645 4.702 -6.236 0.422
P108292 4.868 4.988 -7.474 0.504
P108293 4.475 4.681 -6.753 0.619
P108298 4.736 4.924 -7.176 0.615
P108300 4.638 4.686 -6.782 0.762
P108301 4.667 4.810 -6.896 0.501
P108302 4.835 4.925 -6.126 0.689
P108304 4.321 4.493 -6.234 0.666
P108305 4.507 4.607 -6.383 0.350
P108307 4.511 4.558 -6.829 0.468
P108309 4.566 4.662 -6.232 0.954
P108311 4.605 4.664 -6.339 0.518
P108312 4.922 4.509 -5.599 0.694
P108314 4.852 4.472 -4.818 0.946
P108316 4.698 4.363 -5.073 0.772
P108317 4.879 4.588 -5.630 0.752
P108319 4.783 4.494 -5.532 0.860
P108320 4.906 4.392 -5.005 0.994
P108321 4.803 4.457 -5.212 0.945
P108323 4.803 4.736 -6.518 1.234
P108325 4.758 4.789 -6.718 0.350
P108326 4.598 4.676 -6.340 0.374
P108327 4.535 4.298 -6.115 0.814
P108328 4.782 4.848 -6.639 0.409
P108329 4.720 4.589 -5.195 0.850
P108330 4.838 4.480 -5.200 0.801
P108331 4.882 4.602 -5.930 0.430
P108333 4.837 4.384 -5.215 1.026
P108335 4.821 4.872 -6.163 0.226
P108338 4.951 4.727 -5.463 0.553
P108339 4.585 4.491 -5.351 0.914
P108340 4.889 4.498 -5.226 0.975
P108341 4.589 4.346 -5.461 0.850
P108342 4.914 4.648 -6.027 0.574
P108344 4.847 4.458 -5.198 0.823
P108345 4.670 4.604 -6.560 0.624
P108347 4.777 4.550 -5.714 0.994
P108348 4.711 4.603 -6.442 0.789
P108349 4.930 4.838 -6.023 0.646
P108351 4.432 4.418 -5.831 1.274
P108353 4.498 4.521 -6.692 0.426
P108354 4.452 4.521 -7.096 0.782
P108357 4.631 4.658 -6.237 0.717
P108358 4.763 4.638 -6.571 1.171
P108359 4.436 4.448 -6.313 0.649
P108360 4.706 4.756 -5.958 0.329
P108361 4.760 4.699 -7.142 0.887
P108363 4.665 4.685 -6.284 0.087
P108367 4.779 4.822 -6.547 0.460
P108368 4.721 4.757 -6.724 0.447
P108369 4.580 4.693 -6.881 0.324
P108371 4.613 4.710 -6.188 0.724
P108372 4.730 4.813 -6.461 0.346
P108374 4.652 4.618 -6.569 0.800
P108375 4.432 4.380 -6.627 0.542
P108377 4.629 4.668 -7.048 0.230
P108381 4.805 4.887 -7.238 0.462
P108383 4.515 4.585 -6.563 0.516
P108385 4.514 4.568 -6.952 0.568
P108387 4.753 4.840 -6.655 0.321
P108388 4.695 4.868 -6.670 0.685
P108390 4.400 4.306 -6.626 0.550
P108392 4.487 4.410 -6.210 0.446
P108393 4.586 4.544 -7.296 0.470
P108395 4.377 4.337 -5.995 0.855
P108396 4.682 4.632 -5.963 0.536
P108398 4.178 4.135 -6.088 0.505
P108399 4.375 4.435 -6.393 0.447
P108401 4.352 4.252 -6.708 1.009
P108404 4.502 4.544 -6.015 0.547
P108405 4.523 4.392 -6.125 0.625
P108406 4.412 4.318 -6.018 0.565
P108410 4.619 4.519 -6.503 0.649
P108412 4.345 4.340 -6.436 0.777
P108414 4.540 4.493 -5.618 0.383
P108415 4.557 4.431 -6.528 0.677
P108416 4.477 4.502 -6.518 0.412
P108417 4.481 4.398 -5.598 0.511
P108419 4.517 4.354 -6.227 0.914
P108421 4.373 4.451 -6.600 0.311
P108424 4.355 4.118 -6.506 1.158
P108425 4.581 4.564 -6.640 0.296
P108428 4.642 4.669 -6.637 0.321
P108431 4.540 4.532 -6.432 0.568
P108432 4.522 4.599 -6.016 0.521
P108433 4.723 4.674 -6.492 0.500
P108434 4.917 5.003 -6.387 0.444
P108435 4.964 5.041 -6.012 0.487
P108437 4.901 4.719 -5.835 0.771
P108438 4.760 4.774 -6.844 0.343
P108439 4.746 4.837 -6.596 0.314
P108441 4.792 4.732 -6.148 0.651
P108442 4.873 4.913 -6.602 0.293
P108443 4.851 4.800 -6.391 0.440
P108444 4.518 4.467 -6.619 0.655
P108445 4.510 4.454 -6.237 0.691
P108446 4.313 4.232 -5.586 0.765
P108447 4.595 4.503 -5.946 1.001
P108448 4.611 4.468 -5.743 0.794
P108449 4.028 4.015 -6.018 0.337
P108451 4.549 4.473 -6.233 0.418
P108453 4.277 4.278 -5.874 0.487
P108455 4.571 4.551 -6.013 0.591
P108457 4.511 4.315 -5.928 0.761
P108458 4.422 4.333 -6.102 0.326
P108459 4.643 4.729 -6.386 0.561
P108461 4.594 4.632 -6.414 0.477
P108463 5.051 4.951 -6.376 0.650
P108465 4.778 4.680 -5.915 0.411
P108466 4.554 4.660 -5.982 0.557
P108468 4.572 4.522 -6.181 0.844
P108469 4.591 4.503 -6.601 0.528
P108470 4.415 4.336 -6.074 0.596
P108471 4.341 4.172 -5.662 0.495
P108472 4.630 4.527 -6.385 0.450
P108473 4.642 4.491 -6.625 1.026
P108474 4.758 4.775 -6.067 0.625
P108478 4.737 4.678 -6.782 0.361
P108479 4.727 4.726 -5.945 0.528
P108480 4.653 4.602 -6.402 0.722
P108482 4.553 4.459 -5.778 0.640
P108483 4.551 4.541 -6.091 0.664
P108486 4.671 4.667 -6.939 0.299
P108488 4.698 4.530 -6.276 0.780
P108490 4.424 4.271 -6.339 0.860
P108491 4.603 4.656 -6.099 0.795
P108492 4.448 4.367 -6.294 0.192
P108494 4.671 4.601 -5.892 0.638
P108495 4.637 4.570 -6.451 0.726
P108497 4.693 4.556 -6.203 0.603
P108498 4.707 4.704 -6.446 0.586
P108499 4.702 4.525 -6.587 0.845
P108501 4.693 4.749 -6.453 0.481
P108502 4.628 4.590 -6.473 0.611
P108504 4.379 4.273 -6.363 0.734
P108505 4.611 4.608 -6.106 0.610
P108506 4.361 4.282 -6.019 0.705
P108507 5.276 5.318 -6.822 0.315
P108508 5.276 5.317 -6.473 0.326
P108509 5.217 5.032 -6.742 0.890
P108511 4.520 4.283 -3.594 0.819
P108513 5.189 5.084 -6.427 0.575
P108514 5.264 5.216 -6.727 0.600
P108515 5.414 5.337 -6.474 0.634
P108516 4.739 4.684 -4.088 0.669
P108517 5.306 5.332 -6.785 0.322
P108519 5.365 5.330 -7.111 0.607
P108521 5.213 5.273 -6.534 0.666
P108522 5.259 5.320 -6.652 0.380
P108524 5.222 4.987 -6.785 0.827
P108527 5.227 5.298 -6.430 0.349
P108528 4.573 4.319 -4.806 1.840
P108529 5.128 5.011 -6.374 0.564
P108530 4.541 4.250 -4.728 2.555
P108531 5.287 5.176 -6.306 0.831
P108533 4.811 4.704 -6.268 0.387
P108535 4.726 4.522 -6.745 0.778
P108536 4.779 4.714 -6.282 0.788
P108537 4.863 4.736 -6.648 0.582
P108541 4.943 4.900 -5.844 0.384
P108542 4.894 4.758 -6.107 0.916
P108543 4.916 4.878 -5.852 0.377
P108544 4.824 4.742 -6.357 0.644
P108546 4.742 4.449 -5.219 0.542
P108547 4.952 4.795 -6.073 0.446
P108548 4.819 4.678 -6.222 0.642
P108549 4.603 4.489 -6.176 0.603
P108550 4.729 4.609 -6.461 0.676
P108551 4.733 4.629 -6.510 0.754
P108553 4.811 4.824 -6.210 0.425
P108555 4.759 4.651 -5.735 0.682
P108556 4.825 4.814 -5.025 0.448
P108557 5.049 4.866 -5.452 0.401
P108558 4.910 4.748 -5.795 0.518
P108559 4.854 4.758 -6.405 0.720
P108561 4.841 4.692 -5.816 0.943
P108563 4.657 4.785 -6.100 0.642
P108564 4.770 4.788 -5.937 0.356
P108566 5.050 4.894 -5.525 0.405
P108567 4.949 4.796 -5.832 0.395
P108569 4.902 4.806 -6.487 0.798
P108570 4.932 4.891 -5.900 0.420
P108574 4.911 4.775 -6.721 0.592
P108575 4.922 4.931 -6.009 0.881
P108576 4.786 4.663 -6.496 1.211
P108579 4.732 4.574 -6.698 0.848
P108581 4.864 4.815 -5.469 0.564
P108582 4.905 4.867 -6.042 1.098
P108583 4.839 4.764 -6.386 0.643
P108585 4.938 4.946 -5.864 0.425
P108586 4.925 4.888 -5.838 0.509
P108587 4.859 4.761 -6.281 0.764
P108588 4.941 4.837 -6.005 0.453
P108590 4.750 4.542 -5.847 0.459
P108591 4.875 4.810 -5.763 0.517
P108592 4.741 4.549 -5.529 0.500
P108593 4.894 4.851 -6.675 0.899
P108594 4.799 4.866 -6.316 0.623
P108596 4.659 4.620 -6.380 0.504
P108598 4.689 4.721 -6.778 0.383
P108600 4.866 4.947 -6.629 0.431
P108601 4.929 5.064 -6.284 0.650
P108603 4.793 4.871 -6.609 0.441
P108604 4.852 4.874 -6.967 0.309
P108605 5.041 4.975 -6.055 0.469
P108606 4.958 5.038 -6.307 0.265
P108607 4.863 4.935 -6.849 0.390
P108608 4.971 5.021 -6.440 0.416
P108609 4.889 5.004 -6.693 0.394
P108610 4.595 4.625 -6.241 0.641
P108611 4.888 4.947 -6.973 0.163
P108612 5.026 4.972 -6.382 0.220
P108614 4.782 4.714 -6.838 0.896
P108615 4.932 4.978 -6.818 0.413
P108619 4.972 5.072 -7.159 0.329
P108621 4.915 4.944 -6.798 0.348
P108625 5.000 5.052 -7.505 0.408
P108627 4.606 4.711 -6.958 0.265
P108629 4.980 5.033 -6.997 0.393
P108634 4.822 4.772 -6.766 0.457
P108635 4.834 4.899 -6.579 0.500
P108636 4.843 4.818 -6.400 0.425
P108638 5.035 4.916 -6.016 0.743
P108639 4.667 4.767 -6.137 0.572
P108640 4.816 4.852 -6.511 0.393
P108642 4.719 4.671 -6.832 0.493
P108645 4.773 4.857 -6.132 0.542
P108647 4.564 4.688 -7.016 0.425
P108648 4.753 4.724 -6.558 0.289
P108649 4.881 4.819 -6.426 0.785
P108650 4.875 4.861 -6.302 0.282
P108651 4.343 4.439 -6.247 0.347
P108652 4.593 4.582 -4.563 0.993
P108653 4.624 4.276 -3.989 1.795
P108654 4.360 4.328 -3.704 1.221
P108655 4.477 4.246 -5.099 1.760
P108657 4.317 4.379 -4.969 1.861
P108658 4.339 3.956 -3.490 1.103
P108659 4.468 4.431 -5.012 1.975
P108660 4.314 4.411 -4.778 1.549
P108663 4.682 4.443 -4.856 1.551
P108665 4.429 4.007 -3.837 0.901
P108668 4.511 4.351 -4.542 0.557
P108669 4.579 4.601 -4.670 1.723
P108671 4.436 4.007 -4.202 2.281
P108672 4.266 4.534 -5.299 1.518
P108673 4.515 4.434 -4.869 1.903
P108674 4.592 4.359 -4.090 1.684
P108676 4.867 4.903 -6.515 0.507
P108677 4.479 4.395 -3.720 0.326
P108680 4.513 4.311 -4.247 1.598
P108681 4.635 4.764 -5.845 0.507
P108684 4.885 4.949 -6.376 0.418
P108685 4.901 4.826 -5.723 0.393
P108687 4.726 4.646 -5.973 1.172
P108688 4.700 4.640 -6.448 0.635
P108689 4.487 4.555 -5.299 0.337
P108690 4.758 4.651 -6.346 0.491
P108692 4.483 4.376 -3.973 0.416
P108693 4.021 4.878 -4.554 1.315
P108694 4.564 4.426 -6.057 0.611
P108695 4.674 4.655 -6.689 0.760
P108697 4.939 4.989 -6.288 0.326
P108698 4.767 4.597 -4.978 0.531
P108699 4.558 4.459 -5.011 0.535
P108700 4.505 3.862 -4.461 0.663
P108701 4.628 4.592 -4.487 0.668
P108703 4.649 4.593 -5.141 0.869
P108705 4.644 4.375 -4.834 0.890
P108707 4.183 4.226 -4.055 0.533
P108709 4.696 4.747 -4.453 0.898
P108710 4.598 4.151 -4.429 0.855
P108711 4.632 4.488 -4.681 0.379
P108713 4.576 4.272 -4.860 0.531
P108714 4.729 4.667 -5.014 0.552
P108718 4.460 4.303 -5.056 0.448
P108719 4.322 4.444 -4.893 0.678
P108723 4.475 4.427 -4.945 0.535
P108725 4.562 4.491 -5.087 0.456
P108726 4.754 4.660 -5.023 0.511
P108727 4.900 4.926 -6.807 0.455
P108728 4.798 4.864 -6.208 0.542
P108729 4.970 5.022 -5.844 0.721
P108731 4.952 5.018 -6.157 0.513
P108732 4.909 5.009 -6.652 0.670
P108733 4.925 4.985 -6.828 0.188
P108734 4.619 4.677 -6.188 0.688
P108735 4.944 4.991 -6.840 0.365
P108737 4.960 4.903 -6.266 0.756
P108738 4.748 4.704 -4.959 0.567
P108741 4.692 4.699 -4.533 0.991
P108743 4.650 4.282 -4.301 0.981
P108745 4.788 4.562 -4.623 0.896
P108746 4.292 4.215 -4.635 0.420
P108747 4.493 4.330 -4.705 0.271
P108748 4.886 4.226 -4.397 1.034
P108750 4.652 4.741 -6.799 0.646
P108751 4.719 4.681 -4.627 0.372
P108753 4.938 4.980 -6.972 0.673
P108754 4.911 4.807 -6.444 0.828
P108755 4.679 4.710 -6.375 0.381
P108756 4.965 4.843 -6.460 1.172
P108758 4.811 4.682 -6.074 0.887
P108759 4.747 4.741 -6.782 0.948
P108761 4.814 4.866 -6.605 0.406
P108763 4.866 4.856 -6.404 0.513
P108765 4.880 4.859 -6.714 0.457
P108766 4.940 4.962 -6.693 0.558
P108770 4.694 4.759 -6.596 0.463
P108772 4.830 4.896 -6.851 0.263
P108774 4.840 4.840 -6.115 0.648
P108775 4.791 4.620 -5.030 0.547
P108776 4.643 4.584 -4.973 0.734
P108777 4.655 4.791 -4.500 0.504
P108778 4.647 4.536 -4.761 0.519
P108779 4.744 4.401 -4.733 0.561
P108780 4.657 4.455 -4.976 0.317
P108782 4.911 4.879 -6.204 0.810
P108783 4.865 5.019 -6.473 0.591
P108784 4.690 4.759 -5.993 0.321
P108786 4.918 4.914 -6.518 0.588
P108788 4.357 4.401 -6.092 0.551
P108789 4.890 4.901 -6.330 0.325
P108790 5.061 5.035 -6.477 0.366
P108791 4.821 4.409 -4.508 1.269
P108792 4.592 4.178 -4.192 1.681
P108793 4.315 4.376 -3.851 0.388
P108794 4.184 4.261 -3.689 0.220
P108795 4.422 4.315 -6.231 0.659
P108796 4.733 4.638 -6.653 0.462
P108799 4.794 4.751 -7.205 0.466
P108802 4.398 4.445 -6.213 0.220
P108804 4.629 4.682 -6.471 0.624
P108807 4.627 4.594 -6.662 0.490
P108809 4.651 4.589 -6.409 0.425
P108810 4.670 4.552 -5.894 0.617
P108811 4.817 4.795 -5.822 0.512
P108813 4.465 4.483 -6.226 0.457
P108814 4.696 4.657 -6.398 0.630
P108816 4.686 4.669 -6.363 0.636
P108817 4.677 4.671 -6.427 0.433
P108818 4.513 4.537 -6.449 0.328
P108821 4.743 4.783 -6.353 0.663
P108823 4.576 4.541 -5.919 0.506
P108825 4.743 4.735 -6.257 0.482
P108826 4.591 4.521 -6.347 0.420
P108827 4.705 4.724 -5.841 0.402
P108828 4.312 4.331 -6.130 0.397
P108829 4.674 4.644 -6.087 0.314
P108830 4.772 4.609 -5.732 0.750
P108832 4.701 4.717 -5.865 0.464
P108833 4.456 4.404 -6.228 0.514
P108834 4.534 4.516 -6.526 0.575
P108836 4.613 4.539 -5.825 0.751
P108838 4.530 4.579 -6.536 0.646
P108839 4.771 4.835 -6.427 0.788
P108840 4.765 4.770 -6.240 0.555
P108841 4.595 4.557 -6.515 0.281
P108842 4.819 4.797 -6.257 0.254
P108843 4.839 4.847 -6.651 0.758
P108844 4.662 4.453 -4.293 1.634
P108845 4.564 4.676 -6.199 0.591
P108846 4.525 4.757 -5.117 1.828
P108847 4.353 4.588 -4.319 1.840
P108849 4.360 4.879 -5.301 1.096
P108853 4.939 5.023 -6.914 0.399
P108854 4.735 4.522 -6.466 0.640
P108855 4.568 4.523 -4.475 1.649
P108856 4.382 4.564 -5.040 1.791
P108858 4.564 4.656 -6.451 0.469
P108859 4.880 4.932 -6.566 0.423
P108863 4.773 4.810 -6.515 0.428
P108865 4.859 4.902 -6.461 0.338
P108866 4.942 4.973 -5.928 0.670
P108867 4.296 4.343 -6.112 0.518
P108869 4.752 4.653 -5.721 0.709
P108870 4.698 4.606 -6.464 0.690
P108871 4.808 4.804 -5.871 0.429
P108872 4.751 4.748 -5.843 0.223
P108873 4.855 4.918 -6.374 0.595
P108875 4.583 4.668 -6.071 0.529
P108877 4.851 4.910 -6.253 0.400
P108879 4.841 4.792 -5.972 0.807
P108880 4.738 4.663 -6.217 0.837
P108882 4.881 4.677 -6.191 0.840
P108884 5.010 4.752 -5.362 1.268
P108885 4.540 4.692 -5.081 1.148
P108886 5.064 5.032 -6.777 0.312
P108887 5.025 4.913 -5.317 1.016
P108889 5.181 5.007 -5.923 0.735
P108890 4.825 4.711 -5.825 0.741
P108891 4.748 4.281 -5.397 1.385
P108893 4.876 4.790 -5.926 0.615
P108894 5.034 5.050 -5.906 0.477
P108896 4.795 4.575 -5.604 1.348
P108897 4.731 4.903 -6.012 1.354
P108899 4.732 4.506 -5.531 1.695
P108900 4.908 4.978 -6.638 0.308
P108901 4.678 4.538 -6.442 0.684
P108902 4.733 4.555 -6.610 1.150
P108905 4.680 4.523 -6.253 0.545
P108906 4.677 4.847 -5.686 1.121
P108907 4.906 4.914 -6.293 0.401
P108908 4.867 4.705 -5.714 0.581
P108909 4.514 4.736 -5.779 0.583
P108914 4.863 4.815 -5.878 0.619
P108916 4.939 4.646 -6.382 1.093
P108917 4.797 4.810 -5.614 0.650
P108918 4.790 4.791 -5.327 0.321
P108919 4.428 4.010 -5.522 1.432
P108921 4.859 4.479 -5.699 1.419
P108922 4.901 4.777 -6.396 0.980
P108923 5.006 4.885 -6.315 0.642
P108924 4.655 4.571 -6.530 0.783
P108926 4.548 4.524 -5.023 0.968
P108929 4.836 4.789 -5.247 1.204
P108930 4.720 4.391 -5.415 1.189
P108932 4.510 4.424 -6.144 0.409
P108934 4.925 4.789 -6.350 0.709
P108935 4.745 4.619 -6.618 1.111
P108936 4.836 4.705 -6.503 1.287
P108937 4.860 4.536 -6.033 1.318
P108938 5.096 4.968 -6.687 0.512
P108940 5.076 5.091 -7.094 0.524
P108943 4.879 4.690 -6.650 0.722
P108945 5.076 5.080 -6.674 0.572
P108950 4.951 4.917 -6.640 0.699
P108951 5.029 5.116 -6.497 0.362
P108952 5.048 4.901 -5.957 0.977
P108953 4.796 4.877 -5.655 0.709
P108955 4.580 4.472 -5.072 0.805
P108956 4.444 4.929 -5.011 0.511
P108957 4.959 5.009 -6.641 0.539
P108959 4.691 4.751 -6.014 0.484
P108961 5.137 5.280 -6.068 0.659
P108962 4.901 4.890 -6.626 0.689
P108964 5.019 4.915 -6.070 0.832
P108966 4.660 4.376 -6.363 1.080
P108968 4.815 4.626 -6.540 0.654
P108969 4.956 5.018 -6.256 0.891
P108971 5.084 5.013 -6.280 0.550
P108972 4.776 4.782 -5.865 0.694
P108973 5.018 5.089 -6.538 0.732
P108974 5.043 5.129 -6.777 0.476
P108976 5.107 5.127 -6.049 0.587
P108978 4.890 4.945 -6.101 0.484
P108979 5.092 4.962 -6.354 0.741
P108981 4.856 4.731 -6.616 0.747
P108982 4.508 4.585 -6.459 0.359
P108983 5.023 5.071 -6.172 0.496
P108984 5.191 5.038 -5.994 0.975
P108986 4.829 4.946 -6.189 0.689
P108987 4.934 4.984 -6.175 0.640
P108991 4.710 4.523 -6.935 0.779
P108993 4.862 4.936 -6.025 0.465
P108994 4.885 4.932 -5.996 0.712
P108995 4.732 4.547 -5.695 1.314
P108998 4.868 4.851 -6.166 0.419
P108999 5.033 4.917 -6.368 1.146
P109001 4.895 4.727 -6.632 1.327
P109002 4.653 4.673 -5.539 0.611
P109003 4.848 4.724 -6.615 0.684
P109004 4.894 4.735 -6.600 0.654
P109005 4.983 4.858 -6.102 1.053
P109006 4.835 4.851 -6.581 0.427
P109011 4.989 5.000 -6.638 0.439
P109013 4.844 4.794 -5.839 1.428
P109014 4.656 4.582 -5.917 0.792
P109016 4.643 4.663 -5.685 0.535
P109018 4.831 4.800 -6.370 0.702
P109019 4.577 4.717 -5.499 0.857
P109022 5.023 5.098 -6.493 0.426
P109024 4.892 4.879 -5.965 0.623
P109025 4.874 4.860 -5.729 0.558
P109026 4.487 4.400 -5.961 0.607
P109028 5.009 4.979 -5.376 0.717
P109029 4.900 4.765 -5.988 0.794
P109030 4.968 4.760 -6.344 0.764
P109032 5.035 4.665 -6.624 0.909
P109033 4.668 4.577 -5.946 1.046
P109034 4.795 4.754 -6.541 0.918
P109037 4.795 4.528 -5.715 1.243
P109038 4.938 4.638 -5.956 0.811
P109039 4.800 4.793 -6.242 0.651
P109042 4.861 4.563 -5.722 1.111
P109043 4.708 4.645 -6.522 0.665
P109046 4.815 4.683 -6.444 0.639
P109047 5.043 4.740 -5.997 0.725
P109048 4.501 4.637 -6.061 0.643
P109049 4.875 4.892 -6.418 0.530
P109053 5.083 4.864 -6.830 0.696
P109054 4.968 4.864 -6.417 0.794
P109055 4.393 4.359 -6.286 0.760
P109056 4.683 4.538 -5.914 0.941
P109058 4.883 4.872 -6.264 0.738
P109059 4.771 4.746 -6.059 1.151
P109062 4.931 4.939 -6.440 0.374
P109064 4.618 4.583 -6.678 0.824
P109067 4.949 5.008 -5.571 0.548
P109069 4.774 4.834 -6.796 0.774
P109070 5.093 4.872 -5.952 1.054
P109071 4.941 4.718 -6.197 0.808
P109072 4.849 4.763 -6.087 0.298
P109073 4.958 4.621 -5.996 0.796
P109075 4.961 5.007 -5.497 0.484
P109077 4.917 4.719 -5.798 0.910
P109078 4.911 4.779 -6.235 0.803
P109081 4.741 4.553 -6.605 0.770
P109083 4.709 4.556 -6.284 0.972
P109084 4.953 4.751 -6.412 0.843
P109087 4.949 4.860 -7.160 0.837
P109091 4.926 4.948 -6.493 0.437
P109092 4.404 4.277 -5.955 0.936
P109093 5.032 4.851 -6.032 1.033
P109094 4.855 4.876 -6.165 0.569
P109095 4.999 4.740 -5.530 0.922
P109096 5.057 4.816 -5.567 0.949
P109098 4.951 4.755 -6.380 0.927
P109099 4.796 4.867 -6.611 0.839
P109101 4.910 4.891 -5.735 1.257
P109102 4.975 4.659 -6.186 1.038
P109103 4.705 4.373 -6.141 0.859
P109104 4.773 4.583 -5.867 0.955
P109105 4.881 4.893 -6.332 0.630
P109106 4.708 4.624 -6.440 0.957
P109111 4.938 4.624 -6.301 0.674
P109113 4.864 4.578 -6.598 0.772
P109114 4.722 4.428 -5.843 1.033
P109117 4.732 4.586 -6.485 0.696
P109118 4.562 4.351 -5.726 0.920
P109121 4.737 4.575 -6.067 0.874
P109122 4.454 4.335 -5.685 0.585
P109123 4.814 4.545 -6.138 0.950
P109124 4.915 4.894 -5.412 0.419
P109125 4.557 4.544 -5.965 0.780
P109126 4.888 4.746 -6.278 0.831
P109127 4.938 4.865 -5.852 0.679
P109128 4.866 4.683 -6.513 0.830
P109129 4.820 4.758 -6.039 0.977
P109130 4.977 4.866 -5.871 0.929
P109132 4.815 4.876 -6.981 0.905
P109133 4.697 4.643 -6.977 0.922
P109134 4.547 4.275 -6.210 0.748
P109136 4.949 4.698 -5.191 1.121
P109137 4.714 4.517 -5.768 1.218
P109138 4.930 4.830 -6.288 0.361
P109139 4.359 4.300 -6.046 0.994
P109140 4.565 4.434 -5.937 0.680
P109141 4.894 4.855 -5.912 0.954
P109142 4.831 4.687 -6.226 0.419
P109144 5.053 4.971 -5.857 0.930
P109145 5.067 4.979 -5.994 0.589
P109146 4.889 4.864 -6.066 0.326
P109147 4.898 4.870 -6.587 0.816
P109148 4.829 4.808 -6.325 0.841
P109149 5.062 4.840 -5.848 0.489
P109151 5.096 4.944 -5.915 0.647
P109153 5.023 4.744 -6.354 1.388
P109156 4.684 4.572 -6.289 0.871
P109160 5.028 4.947 -6.733 0.699
P109162 4.638 4.517 -6.415 0.927
P109163 4.794 4.541 -6.013 0.612
P109165 5.030 4.982 -5.940 0.753
P109166 4.813 4.551 -5.534 1.280
P109167 4.997 5.021 -6.006 0.363
P109168 4.734 4.567 -5.870 0.740
P109169 5.068 5.022 -5.947 0.351
P109170 5.159 5.073 -5.778 0.348
P109171 4.907 4.858 -5.840 0.695
P109172 4.732 4.273 -5.507 1.391
P109173 4.550 4.497 -5.636 0.846
P109174 4.714 4.713 -5.887 0.474
P109176 4.822 4.682 -5.663 0.435
P109177 4.659 4.609 -5.555 0.357
P109179 4.905 4.696 -5.834 0.934
P109180 4.500 4.396 -5.925 0.621
P109181 4.689 4.563 -6.405 0.617
P109182 4.802 4.472 -6.708 0.780
P109184 4.790 4.672 -6.689 0.588
P109188 4.541 4.384 -6.220 0.819
P109190 4.750 4.515 -6.167 0.996
P109192 4.666 4.602 -5.427 1.256
P109194 4.538 4.381 -6.569 0.662
P109198 4.888 4.880 -5.969 0.494
P109199 4.697 4.985 -6.056 0.344
P109200 4.871 4.828 -5.481 0.521
P109201 4.914 4.841 -6.434 0.693
P109202 4.929 4.969 -5.854 0.649
P109203 4.724 4.615 -6.502 0.740
P109206 4.661 4.546 -6.320 0.384
P109207 4.571 4.340 -6.269 1.004
P109209 4.710 4.565 -6.063 0.846
P109212 4.693 4.706 -5.268 1.219
P109213 4.856 4.823 -6.087 0.709
P109214 4.737 4.863 -6.054 1.323
P109216 4.697 4.652 -6.206 0.601
P109217 5.166 5.094 -5.903 0.800
P109218 4.664 4.552 -6.450 0.803
P109220 4.891 4.725 -6.038 0.995
P109221 4.815 4.490 -5.806 0.949
P109223 4.785 4.818 -6.395 1.421
P109224 4.926 4.914 -6.629 0.954
P109225 5.105 4.907 -5.777 0.772
P109226 5.095 5.210 -6.261 0.256
P109228 4.666 4.468 -5.743 1.129
P109230 4.843 4.740 -5.760 0.547
P109233 4.900 4.877 -6.408 0.391
P109236 4.516 4.624 -5.977 0.944
P109240 4.654 4.798 -6.046 0.468
P109241 4.823 4.543 -5.903 0.836
P109243 4.693 4.739 -5.834 0.348
P109244 4.767 4.492 -5.095 0.824
P109245 4.951 4.610 -4.851 0.894
P109247 4.519 4.314 -4.944 1.178
P109248 4.777 4.596 -5.676 0.787
P109251 4.604 4.430 -5.666 0.960
P109253 4.871 4.647 -5.579 1.079
P109254 4.902 4.712 -5.658 0.546
P109255 4.591 4.509 -4.854 0.477
P109256 4.626 4.532 -5.196 0.801
P109257 4.880 4.754 -5.549 0.649
P109258 4.973 4.980 -6.221 0.261
P109259 4.781 4.609 -4.832 0.627
P109261 4.944 4.417 -4.851 1.192
P109262 4.828 4.728 -5.754 0.562
P109263 4.879 4.872 -6.093 0.275
P109264 4.706 4.515 -4.939 0.564
P109266 4.744 4.634 -6.041 0.761
P109268 4.549 4.667 -5.384 1.205
P109269 4.740 4.704 -5.505 0.611
P109271 4.413 4.651 -5.131 0.447
P109272 4.903 4.787 -5.625 0.729
P109274 4.733 4.676 -5.420 0.424
P109276 5.103 4.970 -5.801 0.711
P109277 5.102 4.952 -6.064 0.762
P109278 4.908 4.607 -5.733 1.024
P109279 4.681 4.549 -5.467 0.951
P109280 4.977 4.926 -6.092 0.793
P109281 4.870 4.681 -6.142 1.387
P109282 5.178 4.948 -5.592 0.798
P109283 4.373 4.318 -5.811 0.188
P109284 4.816 4.312 -5.262 0.908
P109285 4.605 4.666 -5.784 1.180
P109286 4.864 4.805 -5.811 0.738
P109287 4.978 4.824 -5.605 0.508
P109289 3.842 3.831 -4.848 0.479
P109290 3.720 3.800 -4.229 1.031
P109291 3.732 3.772 -4.353 0.574
P109292 3.669 3.753 -4.676 0.533
P109293 3.534 3.645 -4.965 0.425
P109294 3.903 3.912 -4.613 0.308
P109295 3.776 3.804 -4.683 0.277
P109297 3.838 3.828 -4.766 0.705
P109298 3.765 3.809 -4.681 0.340
P109299 3.596 3.609 -4.296 0.901
P109300 3.741 3.752 -4.662 0.289
P109301 3.831 4.040 -4.354 0.616
P109302 3.872 3.970 -4.948 1.511
P109304 3.824 3.846 -4.902 0.350
P109305 4.051 4.027 -4.601 0.280
P109306 3.906 3.872 -4.640 0.255
P109307 4.027 4.004 -4.611 0.312
P109308 3.752 3.799 -4.856 1.023
P109309 3.900 3.904 -4.760 0.649
P109310 4.010 4.122 -4.977 1.209
P109311 3.797 3.679 -4.194 1.448
P109312 3.683 3.771 -4.668 0.278
P109313 3.808 3.858 -5.012 0.261
P109314 3.775 3.947 -4.988 0.459
P109315 4.007 3.934 -5.153 0.729
P109316 3.951 4.036 -4.242 0.254
P109317 3.809 3.729 -3.899 0.960
P109318 3.986 3.950 -5.006 0.756
P109320 3.735 3.828 -4.749 0.347
P109321 3.913 4.037 -4.907 0.394
P109322 3.683 3.518 -4.874 0.903
P109323 3.872 3.888 -4.788 0.944
P109324 4.038 4.109 -4.608 0.252
P109325 3.819 3.741 -4.764 0.520
P109326 4.104 4.118 -5.185 0.417
P109327 4.146 4.159 -4.474 0.556
P109328 4.006 4.065 -5.044 0.613
P109329 3.871 3.957 -4.516 0.246
P109330 3.822 3.903 -4.853 0.899
P109331 3.913 4.059 -4.452 0.521
P109332 3.807 3.744 -4.823 0.560
P109333 4.129 4.169 -5.170 0.380
P109334 4.005 4.007 -4.799 0.579
P109335 3.689 3.558 -4.352 0.656
P109336 3.964 3.988 -4.844 0.761
P109337 3.865 3.883 -4.946 0.804
P109338 3.948 3.985 -4.869 0.521
P109339 3.815 3.753 -5.004 0.666
P109341 3.714 3.751 -4.559 0.838
P109342 3.968 3.934 -4.060 0.524
P109344 4.008 4.067 -5.079 0.556
P109345 3.817 3.974 -4.967 0.432
P109347 3.618 3.627 -3.967 0.757
P109348 3.910 3.959 -4.676 1.299
P109349 3.638 3.526 -5.138 0.647
P109351 3.926 4.031 -5.083 0.331
P109353 3.873 4.261 -4.579 1.069
P109354 3.644 3.604 -4.162 0.760
P109356 3.971 4.073 -4.724 0.466
P109357 3.731 3.775 -4.930 0.447
P109359 3.923 3.923 -4.768 0.400
P109360 3.782 3.818 -4.688 0.789
P109361 3.799 3.860 -4.623 0.360
P109362 3.974 3.959 -4.151 0.497
P109363 3.786 3.698 -4.095 1.195
P109365 3.723 3.757 -4.337 0.287
P109367 3.973 4.164 -4.852 0.749
P109369 3.746 3.917 -4.672 0.439
P109371 3.703 3.843 -4.595 0.334
P109372 4.023 4.200 -4.325 0.424
P109373 3.481 3.481 -4.915 0.361
P109374 3.737 3.746 -4.670 0.486
P109375 4.060 4.106 -5.136 0.447
P109376 4.159 4.222 -4.478 0.420
P109377 3.932 4.022 -4.934 0.547
P109378 3.598 3.754 -4.915 0.627
P109380 4.009 4.237 -5.167 0.446
P109381 3.829 3.860 -4.078 1.843
P109382 3.700 3.767 -3.754 0.411
P109383 4.126 4.043 -4.938 0.399
P109385 3.899 3.865 -4.971 0.731
P109386 3.877 3.739 -4.084 1.267
P109387 3.864 4.077 -4.553 1.835
P109388 4.146 4.213 -4.669 0.780
P109390 3.730 3.807 -4.697 0.408
P109391 3.801 3.705 -4.617 0.879
P109392 3.627 3.626 -4.497 0.591
P109393 3.971 3.933 -4.642 1.141
P109394 3.892 3.939 -4.736 0.304
P109396 4.002 4.212 -4.601 1.131
P109398 3.955 4.027 -4.763 0.212
P109399 3.887 3.873 -4.463 0.552
P109400 3.897 4.109 -4.599 0.634
P109401 3.872 3.809 -4.774 1.163
P109402 4.251 4.129 -4.069 0.848
P109403 3.767 3.789 -3.765 1.209
P109405 4.129 4.118 -4.346 1.077
P109406 3.886 4.045 -4.945 1.037
P109408 3.885 3.987 -4.602 0.231
P109409 3.683 3.843 -4.746 0.613
P109411 3.659 3.664 -4.758 0.928
P109412 4.146 4.190 -4.356 0.640
P109414 3.906 3.964 -4.795 0.341
P109415 3.917 3.888 -5.071 1.084
P109416 3.973 3.959 -5.277 0.753
P109417 3.580 3.491 -3.592 0.416
P109419 3.828 3.927 -4.988 0.592
P109420 3.892 3.968 -4.576 0.476
P109421 3.871 3.936 -5.196 0.448
P109423 4.100 3.978 -4.441 0.656
P109424 3.905 3.949 -4.949 0.870
P109425 4.052 4.035 -5.000 0.742
P109426 3.750 3.758 -4.867 0.305
P109427 3.949 3.952 -5.023 0.663
P109429 3.927 4.027 -4.656 0.419
P109433 3.971 4.163 -4.756 0.530
P109435 4.315 4.321 -4.801 1.174
P109436 4.212 4.225 -4.971 1.069
P109437 3.867 3.874 -4.959 0.752
P109438 3.692 3.701 -4.540 0.242
P109439 3.741 3.826 -4.618 0.354
P109441 3.947 3.926 -4.538 0.849
P109443 4.017 4.037 -4.844 0.872
P109444 3.751 3.806 -4.337 0.312
P109445 3.891 3.843 -4.967 0.717
P109447 3.922 3.949 -5.280 0.429
P109448 3.787 3.881 -5.037 0.409
P109450 3.725 3.658 -4.811 0.713
P109452 3.726 3.785 -5.032 0.812
P109455 3.759 3.879 -4.810 0.596
P109457 3.919 3.959 -4.836 0.235
P109458 3.899 3.866 -4.983 0.657
P109460 3.945 3.990 -4.756 1.129
P109461 3.736 3.760 -4.971 0.320
P109462 3.887 3.898 -4.891 1.047
P109463 3.954 3.929 -5.246 0.502
P109464 3.722 3.844 -4.627 0.403
P109465 3.751 3.775 -4.590 0.809
P109466 3.800 3.751 -4.605 0.817
P109467 3.731 3.715 -4.509 0.440
P109469 4.079 4.078 -4.808 0.241
P109471 4.141 4.108 -4.499 0.426
P109472 3.790 3.834 -4.461 0.556
P109474 3.968 3.809 -4.592 0.753
P109476 3.926 4.007 -5.028 0.299
P109477 4.037 4.053 -4.886 0.398
P109478 3.943 3.967 -4.983 0.496
P109479 3.615 3.749 -4.766 0.461
P109480 3.637 3.659 -4.928 1.786
P109481 3.839 4.037 -4.930 0.390
P109482 3.891 4.025 -4.456 1.022
P109483 3.881 3.939 -4.813 0.462
P109485 3.606 3.604 -4.614 0.309
P109486 3.821 3.887 -4.088 0.761
P109487 4.002 3.901 -4.436 0.642
P109488 3.761 3.829 -4.668 0.276
P109490 3.749 3.753 -4.662 0.483
P109491 3.795 3.960 -4.767 0.308
P109493 3.910 4.007 -4.921 0.271
P109494 3.829 3.840 -4.843 0.493
P109495 4.047 4.068 -5.280 0.758
P109496 3.969 4.096 -4.736 0.801
P109497 4.239 4.162 -4.538 0.628
P109498 3.941 3.974 -5.186 0.457
P109499 3.822 3.960 -5.162 1.180
P109500 3.778 3.703 -4.244 0.805
P109501 3.801 3.891 -4.832 0.346
P109503 3.633 3.698 -4.752 0.314
P109504 3.742 3.888 -4.973 0.417
P109505 3.956 3.946 -4.167 0.575
P109506 4.099 4.147 -5.228 0.523
P109508 3.975 4.068 -4.675 0.519
P109509 4.034 3.965 -5.077 0.667
P109510 4.071 4.319 -5.357 1.706
P109511 4.006 3.979 -5.168 0.645
P109518 3.957 4.006 -5.144 0.492
P109520 3.759 3.704 -4.501 0.536
P109521 3.776 3.880 -4.600 0.319
P109523 4.115 4.245 -4.829 0.614
P109524 3.816 3.823 -5.486 0.745
P109526 3.941 3.879 -4.696 0.507
P109527 3.832 3.824 -4.696 1.761
P109529 4.235 4.357 -4.779 1.107
P109530 4.048 4.140 -4.939 0.364
P109532 3.871 3.978 -5.130 0.737
P109533 3.945 3.937 -4.900 0.535
P109534 3.983 4.209 -4.309 1.733
P109535 4.048 4.039 -4.607 0.932
P109536 3.999 4.111 -4.760 0.413
P109538 3.789 3.806 -4.691 0.436
P109540 4.109 4.067 -4.992 0.860
P109543 4.063 4.161 -4.894 0.605
P109544 3.880 3.811 -5.057 0.879
P109545 4.279 4.324 -5.478 0.378
P109546 3.839 4.042 -5.226 0.747
P109547 3.754 3.816 -5.178 0.384
P109548 3.821 4.040 -4.677 0.906
P109549 3.602 3.581 -4.423 0.771
P109550 3.852 3.992 -5.521 0.953
P109551 3.618 3.570 -4.588 0.319
P109553 3.860 4.100 -5.635 0.413
P109554 4.071 4.003 -4.420 0.767
P109555 4.185 4.227 -4.885 0.386
P109556 3.691 3.641 -4.639 0.556
P109557 3.849 3.776 -4.380 0.683
P109558 4.187 4.171 -4.709 0.547
P109559 3.985 3.995 -5.360 0.449
P109561 4.052 4.083 -4.848 0.141
P109562 4.060 4.057 -5.132 0.517
P109563 4.075 4.080 -5.337 0.818
P109564 4.033 3.998 -4.606 0.898
P109565 4.106 4.241 -4.554 1.235
P109566 4.027 3.924 -4.421 0.359
P109567 3.947 3.976 -5.052 0.386
P109570 4.000 4.024 -4.924 0.506
P109573 3.811 3.932 -3.852 0.320
P109575 4.110 4.100 -5.316 0.487
P109576 3.789 3.839 -4.780 0.473
P109577 4.048 4.130 -5.342 0.681
P109579 4.072 4.271 -4.727 0.544
P109580 4.316 4.462 -4.470 0.525
P109581 4.028 4.234 -4.522 0.770
P109582 3.694 3.951 -5.179 1.453
P109583 3.969 4.022 -5.297 0.698
P109585 4.082 4.299 -5.147 0.500
P109586 4.098 4.000 -4.280 0.374
P109587 4.224 4.007 -4.107 1.089
P109589 4.154 4.213 -3.965 0.121
P109590 4.092 4.064 -4.990 1.240
P109591 4.362 4.287 -5.227 0.693
P109592 3.983 4.005 -4.682 0.161
P109593 4.256 4.171 -5.460 0.817
P109594 3.977 3.930 -5.394 0.652
P109595 4.053 4.099 -5.367 0.357
P109597 4.068 4.188 -5.077 0.432
P109598 4.026 4.103 -4.738 0.374
P109602 4.172 4.267 -5.007 0.375
P109603 4.311 4.328 -5.384 0.527
P109604 3.987 3.950 -5.024 0.632
P109606 4.090 4.151 -4.902 0.309
P109611 4.050 4.167 -4.681 0.315
P109614 3.867 3.997 -4.958 0.378
P109615 4.123 4.177 -4.256 0.492
P109616 3.922 3.985 -4.200 0.099
P109619 4.162 4.001 -3.847 1.153
P109620 4.058 3.861 -4.732 1.194
P109625 3.865 4.160 -4.873 0.999
P109628 3.809 3.760 -5.039 0.858
P109629 3.701 3.737 -4.625 1.137
P109630 3.791 3.860 -5.451 0.866
P109631 4.093 4.185 -5.267 0.490
P109634 4.033 3.999 -5.100 0.776
P109637 4.052 4.068 -5.223 0.409
P109639 4.293 4.322 -5.466 0.344
P109641 4.001 4.111 -5.528 0.638
P109642 4.032 4.089 -5.316 0.497
P109644 4.035 4.122 -4.761 0.286
P109645 4.091 3.949 -4.058 0.462
P109646 3.870 3.972 -4.821 0.694
P109648 3.989 4.063 -4.579 0.423
P109650 3.976 4.010 -5.208 0.877
P109652 4.052 4.081 -4.971 0.645
P109654 4.037 4.154 -5.037 0.420
P109655 4.141 4.141 -4.391 0.139
P109660 4.097 4.207 -5.060 0.813
P109661 3.988 3.961 -4.846 0.673
P109662 4.195 4.224 -4.027 0.266
P109664 4.009 4.070 -5.002 0.622
P109667 4.000 3.858 -5.286 0.558
P109668 3.997 4.078 -4.857 0.510
P109669 3.990 4.115 -4.662 0.736
P109671 4.049 4.015 -4.796 0.312
P109672 4.086 4.104 -5.364 0.538
P109673 4.194 4.226 -5.209 0.669
P109675 4.049 4.078 -5.466 0.708
P109677 3.924 3.963 -4.925 0.980
P109678 3.812 3.805 -5.220 0.426
P109679 4.020 4.057 -4.823 1.451
P109682 4.000 4.018 -5.078 0.513
P109686 4.161 4.286 -5.365 1.125
P109687 4.164 4.138 -5.200 0.572
P109688 3.816 3.916 -4.817 0.673
P109690 3.965 3.978 -5.311 0.516
P109691 4.020 3.915 -5.213 1.365
P109693 3.891 4.014 -4.979 0.364
P109694 3.806 3.655 -3.961 0.724
P109696 4.137 4.259 -5.487 0.778
P109697 4.265 4.369 -5.620 0.597
P109698 4.088 4.167 -4.615 1.446
P109699 3.908 3.898 -4.926 0.806
P109700 4.152 4.094 -5.153 0.576
P109702 3.727 3.742 -5.076 0.685
P109705 3.834 3.886 -5.133 0.882
P109706 4.068 4.049 -5.497 0.707
P109707 4.062 4.053 -5.354 0.592
P109709 4.099 4.114 -5.140 0.678
P109710 3.945 4.014 -4.578 0.545
P109711 4.276 4.302 -4.901 0.430
P109712 4.081 4.170 -5.072 0.496
P109713 3.923 4.094 -5.253 0.665
P109714 4.026 3.999 -5.250 0.642
P109715 4.109 4.286 -5.154 2.769
P109716 4.107 3.974 -4.465 0.935
P109717 3.808 3.832 -4.801 0.592
P109720 3.917 4.002 -5.192 0.531
P109721 4.078 4.015 -4.704 0.930
P109722 3.970 3.840 -4.181 0.942
P109723 4.053 3.920 -4.400 1.032
P109725 4.038 4.045 -4.701 1.213
P109727 4.245 4.051 -4.791 1.376
P109728 3.888 3.938 -4.937 0.577
P109730 4.182 4.112 -5.244 1.460
P109731 4.028 4.112 -4.514 1.951
P109733 4.032 4.090 -4.260 0.322
P109734 4.019 3.719 -4.202 1.381
P109735 4.059 4.091 -5.481 0.744
P109736 4.021 4.119 -5.059 0.739
P109738 3.825 3.942 -5.087 0.604
P109739 4.274 4.222 -5.224 0.429
P109740 3.993 3.988 -5.211 1.038
P109741 4.142 4.265 -5.724 1.645
P109742 4.033 4.093 -4.925 0.426
P109745 3.930 4.057 -5.390 0.743
P109746 3.792 3.896 -5.108 0.295
P109748 3.738 3.556 -5.051 0.536
P109750 3.608 3.643 -5.152 0.525
P109751 3.666 3.706 -4.922 1.333
P109753 3.737 3.919 -4.738 0.425
P109755 4.211 4.475 -4.907 0.653
P109756 3.855 3.851 -4.593 0.524
P109758 3.930 3.955 -4.770 0.560
P109759 4.001 4.086 -5.063 0.359
P109760 3.953 4.084 -4.520 0.524
P109762 3.935 3.944 -5.141 0.657
P109763 3.945 4.091 -4.811 0.578
P109765 3.902 3.818 -4.740 0.868
P109767 3.913 4.072 -5.138 0.310
P109768 4.007 4.148 -5.441 0.430
P109769 3.988 4.109 -5.060 0.718
P109770 4.002 3.875 -4.364 0.889
P109772 3.905 4.001 -5.127 0.494
P109775 3.931 4.094 -5.117 0.768
P109776 4.007 4.028 -4.939 0.448
P109777 4.290 4.280 -4.700 0.400
P109778 4.410 4.246 -4.717 1.094
P109779 4.051 4.131 -5.230 0.811
P109781 4.147 3.876 -4.607 2.023
P109782 4.229 4.222 -5.146 0.815
P109783 4.009 3.952 -4.964 1.012
P109785 4.211 4.090 -5.287 0.788
P109786 3.874 3.814 -5.013 0.720
P109789 4.116 4.127 -5.117 0.604
P109791 3.948 4.092 -5.149 0.729
P109793 3.841 3.924 -4.933 0.801
P109794 3.914 4.105 -5.186 0.433
P109797 3.934 4.045 -5.043 0.272
P109799 4.060 4.013 -5.430 1.105
P109801 4.120 4.338 -5.001 1.173
P109803 3.912 3.876 -5.120 0.718
P109804 3.690 3.716 -4.226 1.026
P109805 3.938 4.131 -5.256 0.365
P109806 4.012 4.040 -4.503 0.213
P109808 3.815 4.117 -4.642 0.964
P109809 3.848 3.954 -4.767 0.679
P109810 3.871 3.922 -4.180 0.127
P109811 3.939 3.894 -4.975 1.004
P109812 3.924 4.033 -5.063 0.470
P109813 4.048 4.136 -4.845 0.349
P109814 4.084 4.173 -4.992 1.486
P109815 3.864 3.779 -4.427 0.958
P109816 3.879 3.928 -4.885 0.642
P109817 3.846 3.878 -4.734 0.202
P109818 4.180 4.178 -5.289 0.395
P109819 4.131 4.082 -5.227 1.180
P109820 3.984 3.908 -4.122 0.561
P109822 3.678 3.633 -4.612 0.497
P109823 4.072 4.155 -5.189 0.370
P109825 3.963 3.840 -4.831 1.058
P109826 3.940 4.077 -4.649 0.502
P109827 4.019 4.238 -4.693 0.789
P109828 4.156 4.232 -4.566 0.547
P109829 4.162 4.287 -4.561 0.554
P109830 4.188 4.128 -4.862 0.815
P109831 3.960 3.826 -4.467 1.219
P109834 4.028 4.388 -5.619 0.740
P109835 3.896 3.930 -4.556 0.478
P109837 4.115 4.128 -5.139 1.022
P109838 3.671 3.517 -4.500 0.956
P109839 3.969 3.942 -5.057 1.033
P109840 4.129 4.197 -4.839 1.290
P109841 4.059 4.019 -4.833 0.453
P109843 4.009 3.903 -4.657 0.455
P109845 4.220 4.425 -5.002 0.892
P109846 3.822 4.046 -4.548 0.672
P109847 3.939 4.007 -4.921 0.990
P109848 3.991 4.029 -4.975 0.781
P109850 3.992 3.935 -5.252 1.026
P109852 4.224 4.229 -5.252 0.588
P109853 4.069 3.880 -4.336 1.273
P109854 3.871 3.891 -5.214 0.320
P109855 4.030 3.970 -4.882 1.098
P109856 3.873 3.890 -4.594 0.610
P109857 4.022 4.053 -4.566 0.389
P109859 3.898 4.065 -4.487 0.471
P109860 4.060 4.174 -4.468 0.786
P109861 3.942 4.053 -5.228 0.490
P109862 3.821 3.824 -4.558 0.955
P109863 3.866 3.894 -4.563 0.792
P109864 3.796 3.903 -5.117 1.022
P109865 3.855 3.940 -4.924 0.506
P109866 3.975 4.117 -4.753 0.495
P109868 3.950 4.054 -5.037 0.485
P109869 3.929 3.820 -4.120 0.693
P109870 3.862 3.901 -4.914 0.664
P109872 3.862 3.861 -4.656 0.742
P109873 3.835 3.952 -5.415 0.864
P109875 4.108 4.203 -5.020 0.862
P109876 3.709 3.680 -3.880 0.593
P109877 4.048 4.221 -4.805 0.673
P109878 3.892 3.805 -4.106 0.609
P109879 4.360 4.456 -4.805 0.486
P109881 3.869 3.988 -4.513 0.786
P109882 4.188 4.257 -5.488 0.723
P109883 3.837 3.875 -5.338 0.725
P109885 3.989 4.074 -4.937 0.553
P109886 3.983 4.088 -4.961 0.749
P109887 4.048 4.123 -4.572 1.349
P109888 4.073 3.888 -4.211 1.335
P109890 3.874 3.906 -5.225 0.761
P109892 3.753 3.828 -4.649 0.499
P109893 3.977 3.951 -4.932 1.255
P109895 3.838 3.879 -4.818 0.261
P109897 3.958 3.995 -5.158 0.638
P109898 4.078 4.201 -4.702 0.432
P109900 3.956 3.884 -4.384 1.278
P109901 4.282 4.352 -4.746 0.291
P109902 4.013 4.126 -4.369 0.387
P109903 3.948 3.982 -4.951 0.659
P109904 4.249 4.421 -4.709 0.531
P109905 4.084 4.082 -5.199 0.417
P109906 3.753 3.880 -5.008 0.478
P109907 3.739 3.799 -4.668 0.873
P109908 3.696 3.646 -5.293 0.553
P109909 4.019 4.041 -4.834 0.568
P109910 3.792 3.822 -4.623 0.612
P109911 3.884 3.857 -4.980 0.728
P109912 4.076 4.092 -4.052 0.489
P109913 3.970 3.847 -4.534 0.923
P109916 3.891 3.990 -4.740 0.457
P109919 4.032 4.098 -5.258 0.628
P109921 3.903 3.962 -4.964 0.218
P109924 4.004 4.223 -4.318 0.685
P109926 4.178 3.858 -4.432 1.998
P109927 3.925 3.948 -4.915 0.571
P109929 3.976 3.975 -5.133 0.422
P109930 3.786 3.812 -5.259 1.097
P109931 4.067 4.058 -5.638 0.674
P109933 3.506 3.636 -5.169 0.449
P109934 3.988 4.190 -4.715 0.416
P109935 4.091 4.107 -4.431 0.577
P109936 4.145 4.154 -4.702 0.770
P109937 4.271 4.097 -3.991 1.002
P109939 4.011 4.056 -5.159 0.657
P109940 4.021 4.069 -5.181 0.342
P109941 4.210 4.338 -4.950 0.764
P109942 4.275 4.271 -4.369 0.588
P109943 4.171 3.982 -4.026 1.310
P109944 4.070 4.087 -5.384 0.745
P109945 3.896 3.940 -4.798 0.289
P109946 4.040 4.118 -4.714 1.247
P109947 3.741 3.585 -4.461 1.157
P109949 3.938 3.665 -4.490 1.162
P109950 4.029 4.020 -5.237 1.060
P109951 4.035 4.025 -5.222 1.729
P109953 4.043 4.086 -5.196 0.503
P109955 3.897 3.851 -5.116 0.918
P109956 4.076 4.094 -5.376 0.458
P109957 4.017 4.219 -4.665 0.481
P109958 4.256 4.095 -4.203 0.293
P109959 3.941 4.202 -5.600 1.544
P109961 3.838 3.748 -4.774 1.034
P109962 4.191 4.128 -5.065 0.834
P109963 3.795 4.047 -5.238 1.533
P109964 3.822 3.935 -4.516 0.487
P109965 3.824 3.895 -4.752 0.285
P109966 3.759 3.733 -4.196 0.359
P109967 3.917 4.140 -5.236 0.909
P109968 3.989 3.985 -4.435 0.484
P109969 3.880 3.652 -4.125 1.723
P109970 3.993 3.746 -4.311 1.037
P109971 3.753 3.742 -4.841 0.604
P109973 3.995 4.103 -5.203 0.677
P109975 3.819 3.860 -5.198 0.784
P109976 3.895 3.869 -4.515 1.289
P109977 4.153 4.050 -4.456 0.781
P109979 3.924 3.820 -5.001 1.491
P109981 3.655 3.731 -4.213 1.362
P109982 4.279 4.322 -5.049 0.878
P109983 4.029 4.108 -4.760 0.414
P109984 4.030 4.018 -4.791 0.558
P109985 3.969 3.845 -4.767 1.295
P109986 4.245 4.371 -5.065 0.222
P109988 3.975 4.033 -4.883 0.306
P109990 3.958 3.915 -4.653 0.771
P109991 4.262 4.189 -4.846 0.414
P109993 3.952 3.958 -4.827 0.484
P109995 3.893 4.006 -5.195 0.499
P109996 3.597 3.578 -4.182 1.356
P109997 3.871 3.991 -4.416 0.435
P109999 3.914 3.873 -4.606 0.475
P110001 4.048 4.095 -4.997 0.328
P110003 4.060 4.201 -4.875 0.972
P110004 3.905 4.143 -4.592 0.617
P110005 3.841 3.858 -4.735 1.047
P110007 3.963 4.168 -4.789 0.330
P110009 3.701 3.684 -4.970 0.327
P110010 3.868 3.729 -3.685 0.909
P110011 3.871 3.926 -4.499 0.294
P110012 4.165 4.399 -5.687 0.697
P110015 4.069 4.356 -5.150 0.559
P110017 4.236 4.288 -4.787 0.417
P110018 3.863 3.825 -4.277 2.011
P110019 4.105 4.089 -4.420 0.173
P110021 3.985 4.050 -5.061 0.412
P110022 3.885 4.077 -4.824 1.625
P110023 3.841 3.868 -4.832 0.356
P110024 3.844 3.906 -4.716 0.473
P110026 3.961 4.226 -4.935 0.792
P110027 4.074 4.164 -5.050 0.587
P110029 3.919 3.767 -3.983 0.854
P110030 4.006 4.103 -4.742 0.456
P110032 4.334 4.417 -5.629 0.422
P110033 3.893 3.826 -4.297 0.701
P110034 4.009 4.065 -4.776 0.941
P110035 4.161 4.219 -4.955 0.329
P110036 3.997 3.937 -4.376 1.004
P110037 4.141 4.178 -4.906 0.325
P110038 3.756 3.904 -4.796 0.435
P110040 4.257 4.483 -5.622 0.682
P110041 4.269 4.336 -5.300 0.480
P110043 3.933 4.119 -5.342 0.420
P110044 3.893 4.021 -4.749 0.187
P110045 3.852 3.959 -5.111 0.237
P110046 3.862 4.004 -4.820 0.630
P110047 4.068 4.396 -5.124 0.848
P110048 3.858 3.888 -4.968 0.519
P110049 3.930 3.757 -5.112 0.563
P110050 3.746 3.768 -4.592 1.006
P110051 3.795 3.854 -5.210 0.760
P110053 3.766 3.783 -4.544 0.110
P110054 4.065 4.390 -4.906 1.040
P110055 3.764 3.876 -4.950 0.366
P110057 3.749 3.818 -4.168 0.532
P110059 3.826 4.012 -4.772 0.542
P110060 4.075 4.199 -5.002 0.426
P110061 3.746 3.470 -4.518 0.907
P110062 3.577 3.531 -4.949 0.388
P110063 3.889 3.991 -5.231 1.266
P110065 3.583 3.736 -4.992 0.500
P110066 3.677 3.817 -5.332 0.480
P110067 3.776 3.842 -5.991 0.690
P110068 3.598 3.723 -5.062 0.833
P110069 3.756 3.895 -5.505 0.633
P110071 4.134 4.096 -5.292 0.867
P110072 4.054 4.029 -4.835 1.158
P110073 4.041 4.092 -4.917 0.499
P110074 4.189 4.216 -4.956 0.359
P110075 3.896 3.966 -4.934 0.309
P110077 4.118 4.187 -4.738 1.128
P110079 4.028 4.115 -5.116 0.453
P110080 4.089 4.188 -4.450 0.273
P110082 4.576 4.566 -5.631 0.431
P110083 4.143 4.481 -4.813 0.616
P110084 4.239 4.437 -5.319 0.568
P110085 3.976 4.086 -4.543 0.519
P110086 4.048 3.937 -4.673 1.255
P110087 4.007 4.113 -4.920 0.419
P110089 4.265 4.264 -4.478 0.654
P110090 4.275 4.431 -4.863 0.727
P110091 3.942 4.013 -3.948 0.409
P110092 4.106 4.055 -4.376 2.016
P110093 3.891 3.830 -3.916 0.698
P110095 4.055 4.136 -5.268 0.966
P110097 4.089 4.063 -5.156 0.971
P110098 4.348 4.362 -5.097 0.266
P110099 4.112 4.078 -5.154 0.415
P110100 3.953 4.025 -4.696 0.841
P110104 3.912 4.017 -4.975 0.489
P110105 4.260 4.231 -5.158 0.257
P110107 4.216 4.225 -4.872 0.207
P110109 3.810 3.954 -4.752 0.568
P110110 4.009 4.160 -5.093 0.405
P110111 4.008 4.103 -5.145 0.373
P110115 3.999 3.920 -4.420 0.236
P110117 4.245 4.287 -4.810 0.312
P110118 3.821 4.064 -4.917 0.720
P110120 4.144 4.221 -5.384 0.486
P110121 3.960 3.946 -4.703 1.278
P110122 4.164 4.372 -4.826 0.547
P110123 4.091 4.320 -4.977 1.379
P110124 4.140 4.248 -4.957 0.388
P110127 3.955 4.080 -4.606 0.193
P110128 3.952 3.899 -4.728 1.001
P110129 3.844 3.868 -5.014 0.779
P110131 4.215 4.392 -4.801 0.729
P110132 3.958 4.193 -4.879 0.600
P110133 4.506 4.459 -5.476 0.453
P110135 4.005 4.105 -5.101 0.839
P110136 3.821 3.931 -4.166 0.458
P110137 3.907 4.013 -5.100 0.367
P110138 3.926 3.950 -4.879 0.736
P110139 3.995 4.081 -5.322 0.396
P110140 3.826 3.826 -4.688 0.270
P110141 3.930 4.237 -4.280 1.155
P110142 3.710 3.632 -4.110 1.287
P110143 3.860 3.896 -4.511 0.567
P110145 4.072 4.123 -4.648 1.124
P110146 4.320 4.402 -4.997 0.451
P110147 4.052 4.061 -5.219 0.714
P110149 3.961 4.017 -5.099 0.381
P110153 4.041 4.099 -5.043 0.276
P110154 4.255 4.369 -4.822 0.276
P110156 3.948 3.867 -4.312 0.816
P110157 3.918 3.970 -4.973 0.302
P110159 3.820 3.920 -4.737 0.435
P110161 3.866 4.015 -4.507 0.946
P110163 3.911 4.051 -4.996 0.485
P110166 3.946 3.931 -4.972 0.459
P110170 4.100 4.194 -4.970 0.434
P110172 3.960 4.069 -4.904 0.279
P110176 3.874 3.949 -5.147 1.092
P110179 3.849 3.921 -4.964 0.322
P110181 4.098 4.195 -4.676 0.351
P110182 3.789 3.796 -4.767 0.427
P110185 3.958 4.128 -5.330 1.016
P110187 4.209 4.185 -4.897 0.342
P110188 3.918 3.975 -4.832 0.421
P110189 3.889 3.977 -4.617 0.408
P110190 4.379 4.330 -5.603 0.763
P110192 4.087 4.165 -5.348 0.384
P110195 4.165 4.291 -4.724 0.855
P110196 3.806 3.973 -4.941 0.417
P110198 3.621 3.654 -5.247 0.269
P110199 3.777 3.921 -4.866 0.694
P110200 4.156 4.263 -4.901 0.370
P110201 4.014 4.074 -4.734 0.715
P110202 4.148 4.212 -4.893 0.507
P110203 3.888 4.117 -4.736 0.362
P110205 4.053 4.042 -4.491 0.764
P110207 4.148 4.071 -4.033 0.472
P110209 4.052 4.191 -5.459 0.597
P110212 3.805 3.915 -5.170 0.437
P110214 3.703 3.787 -5.106 0.888
P110216 4.397 4.178 -4.017 1.156
P110218 4.039 4.022 -4.794 0.239
P110220 3.992 4.148 -4.789 1.016
P110222 3.858 3.801 -4.459 0.564
P110223 3.942 4.154 -5.736 0.436
P110224 3.744 3.815 -4.794 0.608
P110225 4.002 3.984 -5.355 0.635
P110227 3.876 3.840 -5.302 0.763
P110228 3.844 3.803 -4.776 0.615
P110229 4.149 4.224 -5.391 0.409
P110231 3.923 3.954 -5.031 0.771
P110233 4.040 4.189 -5.771 0.364
P110234 4.004 4.204 -5.041 0.424
P110236 3.844 4.013 -5.368 0.398
P110239 3.642 3.765 -5.236 0.466
P110241 4.118 4.241 -5.458 1.129
P110242 3.840 3.885 -5.082 0.312
P110246 3.797 3.723 -4.930 0.651
P110247 4.102 4.186 -4.874 0.433
P110248 3.687 3.858 -4.499 0.477
P110249 3.834 3.846 -3.735 0.259
P110250 3.897 3.828 -4.283 1.125
P110252 4.115 4.113 -4.681 0.493
P110254 4.027 4.098 -5.541 0.899
P110255 3.740 3.734 -5.352 0.990
P110258 3.927 4.005 -5.223 0.565
P110260 4.111 4.038 -4.400 0.790
P110261 3.960 4.015 -4.899 0.424
P110262 3.941 4.068 -4.677 0.815
P110266 3.896 4.002 -4.939 0.226
P110267 3.874 3.881 -4.420 0.449
P110268 4.168 4.149 -4.900 0.632
P110269 4.053 4.085 -4.835 0.947
P110270 4.054 4.143 -5.472 0.931
P110272 4.021 4.036 -4.277 0.231
P110274 4.254 4.267 -5.476 0.308
P110275 4.026 4.214 -5.794 0.577
P110276 4.107 4.205 -4.964 0.319
P110280 3.989 4.032 -4.911 0.458
P110281 3.961 4.143 -5.347 0.378
P110284 3.900 4.100 -5.460 0.688
P110286 3.878 3.879 -4.782 0.342
P110288 3.999 3.974 -4.254 0.680
P110290 4.177 4.280 -5.495 0.727
P110291 4.018 4.120 -5.224 0.560
P110292 3.894 3.935 -5.009 0.696
P110293 4.032 4.086 -4.512 0.275
P110294 3.830 3.796 -4.205 0.787
P110296 3.902 4.022 -5.233 0.503
P110297 4.221 4.319 -5.303 0.851
P110299 3.829 3.938 -5.240 0.370
P110300 3.950 4.092 -5.022 0.450
P110301 3.772 3.841 -4.508 0.621
P110303 4.204 3.976 -3.867 0.728
P110304 4.058 4.127 -5.088 0.358
P110305 4.007 4.075 -4.965 0.359
P110306 4.142 4.296 -4.992 0.716
P110308 3.863 3.900 -4.496 0.755
P110309 3.923 4.070 -5.108 0.802
P110310 4.083 4.212 -4.736 0.635
P110311 3.916 3.963 -3.967 0.535
P110312 4.259 4.328 -5.014 1.404
P110313 4.120 4.188 -4.829 0.345
P110314 3.977 4.020 -4.705 0.952
P110315 4.005 3.931 -4.566 0.997
P110316 4.217 4.396 -5.195 0.926
P110317 4.022 4.156 -5.013 0.248
P110318 3.964 4.038 -4.820 0.364
P110319 4.060 3.963 -4.507 1.153
P110320 3.903 3.823 -4.774 0.824
P110321 3.782 3.768 -4.852 0.701
P110322 4.085 4.046 -4.699 0.521
P110323 3.859 3.843 -4.814 0.433
P110324 3.970 4.458 -4.199 0.537
P110326 4.093 4.131 -5.456 0.369
P110327 4.022 4.398 -4.718 1.122
P110329 4.009 3.978 -5.050 0.235
P110331 4.266 4.267 -4.772 0.438
P110333 4.183 4.276 -5.482 0.590
P110334 3.998 4.177 -4.880 0.540
P110335 4.250 4.288 -5.001 0.842
P110336 4.343 4.398 -4.927 0.787
P110337 4.129 4.134 -5.119 0.488
P110339 4.185 4.217 -4.989 0.540
P110340 4.046 4.248 -5.169 0.544
P110341 3.860 3.923 -4.846 0.745
P110343 4.586 4.509 -5.570 0.355
P110345 4.216 4.131 -4.384 0.821
P110347 3.795 3.713 -4.622 0.651
P110349 3.852 3.790 -4.022 0.727
P110351 4.074 4.057 -4.896 0.958
P110353 4.099 4.205 -5.043 0.395
P110354 3.977 3.943 -4.210 1.532
P110355 4.292 4.382 -5.176 0.744
P110356 4.011 4.047 -4.773 0.671
P110357 4.033 4.075 -4.635 0.884
P110359 4.125 4.245 -4.887 0.441
P110360 3.980 4.024 -4.648 1.142
P110363 4.141 4.281 -5.159 0.363
P110365 4.187 4.199 -5.094 0.322
P110367 3.801 3.854 -3.860 0.570
P110368 4.030 4.050 -5.121 0.443
P110369 4.417 4.492 -5.106 0.824
P110372 4.126 4.232 -5.176 0.253
P110373 4.423 4.448 -5.498 0.264
P110376 4.222 4.285 -4.992 0.501
P110377 3.918 4.156 -4.677 0.891
P110378 4.112 4.188 -4.751 0.472
P110379 3.941 3.980 -5.032 0.836
P110380 4.353 4.315 -5.012 0.737
P110381 3.512 3.559 -3.923 0.712
P110382 4.156 4.275 -5.306 1.451
P110384 4.392 4.571 -5.096 0.469
P110385 4.174 4.263 -4.632 0.495
P110388 3.815 3.796 -4.922 0.322
P110389 4.293 4.287 -4.509 1.120
P110390 4.330 4.347 -4.698 0.588
P110394 3.892 3.849 -4.594 0.903
P110395 3.929 4.019 -5.039 0.927
P110396 4.154 4.147 -5.057 0.700
P110398 4.122 4.233 -5.002 0.260
P110400 4.202 4.250 -5.723 1.010
P110401 3.864 3.898 -5.043 0.272
P110402 4.132 4.144 -4.587 1.425
P110403 4.001 4.001 -4.819 0.820
P110404 3.984 3.997 -4.708 0.811
P110406 3.947 4.182 -4.871 0.433
P110408 3.932 4.195 -4.691 0.866
P110409 3.658 4.091 -4.857 0.752
P110411 3.934 3.891 -4.881 1.210
P110412 4.082 4.364 -4.951 0.688
P110413 3.819 3.818 -4.834 0.530
P110414 3.911 3.954 -4.738 1.423
P110415 4.193 4.188 -5.234 0.744
P110418 4.186 4.204 -5.301 0.269
P110420 3.963 3.999 -5.144 0.697
P110422 4.077 4.081 -4.336 0.133
P110424 4.001 4.147 -4.944 0.756
P110425 4.193 4.248 -4.994 0.304
P110427 4.286 4.403 -5.097 1.018
P110428 3.916 3.862 -4.608 1.356
P110429 4.345 4.349 -4.883 0.467
P110430 3.919 4.120 -4.640 0.780
P110432 4.048 3.952 -5.016 0.531
P110433 4.023 4.266 -5.277 0.767
P110434 4.371 4.357 -5.145 0.459
P110435 4.393 4.448 -5.237 0.356
P110437 4.407 4.573 -5.478 0.775
P110438 4.271 4.345 -5.370 0.379
P110439 4.243 4.432 -4.862 0.544
P110440 4.043 4.047 -5.400 0.297
P110441 4.455 4.493 -5.711 0.448
P110442 3.994 4.074 -5.226 0.317
P110443 4.224 4.408 -5.370 0.895
P110445 3.956 3.940 -4.751 1.445
P110447 4.388 4.368 -4.996 0.223
P110449 4.074 4.153 -5.194 0.847
P110450 4.180 4.285 -5.228 0.310
P110452 4.378 4.365 -4.954 0.745
P110454 4.395 4.447 -5.270 0.739
P110457 3.996 3.787 -4.031 1.232
P110458 4.217 4.399 -5.108 0.839
P110459 3.945 3.981 -4.862 1.245
P110460 3.906 4.102 -5.445 0.825
P110462 4.123 4.342 -5.115 1.700
P110463 4.046 4.210 -5.189 0.485
P110465 4.453 4.549 -5.573 0.330
P110466 4.258 4.208 -4.582 1.483
P110467 3.926 3.895 -5.183 0.802
P110469 3.787 3.803 -4.948 0.287
P110471 3.870 3.921 -4.864 0.682
P110473 4.017 4.108 -5.133 0.475
P110474 4.165 4.095 -4.788 0.743
P110476 4.180 4.384 -5.161 0.421
P110477 4.317 4.427 -5.365 0.828
P110478 4.360 4.447 -5.316 0.745
P110479 3.991 4.062 -5.176 0.632
P110480 4.053 4.174 -5.257 1.017
P110481 4.495 4.502 -5.489 0.354
P110482 4.103 4.044 -3.866 0.649
P110483 4.089 4.273 -4.677 0.528
P110484 4.349 4.366 -4.942 0.994
P110485 4.071 4.185 -5.140 1.040
P110486 3.883 3.769 -4.373 1.725
P110488 4.134 4.220 -4.648 0.493
P110489 4.023 4.172 -4.987 0.380
P110490 4.087 4.022 -4.852 1.050
P110491 4.375 4.399 -4.761 0.437
P110493 3.945 3.980 -4.421 1.619
P110495 4.093 4.203 -5.195 0.387
P110496 4.101 4.201 -4.831 0.535
P110499 3.797 3.811 -5.525 0.498
P110501 4.058 4.174 -4.612 0.605
P110502 4.079 4.300 -5.269 0.863
P110503 4.504 4.471 -4.793 0.342
P110505 3.999 4.024 -4.296 1.628
P110506 4.302 4.118 -4.374 1.051
P110507 4.340 4.392 -4.482 0.631
P110508 3.943 3.946 -4.936 0.534
P110510 3.733 3.764 -4.328 0.911
P110512 4.044 3.920 -4.824 0.511
P110513 4.158 4.242 -5.142 0.496
P110514 4.083 4.094 -5.241 1.086
P110515 4.180 4.089 -5.040 1.604
P110517 3.921 3.950 -4.219 1.458
P110518 3.877 4.084 -5.170 0.926
P110519 4.500 4.616 -5.341 0.779
P110520 4.239 4.186 -4.168 0.862
P110521 4.284 4.402 -4.143 0.406
P110522 3.872 4.135 -5.300 1.830
P110523 3.858 3.796 -5.157 0.338
P110524 4.229 4.313 -4.670 0.607
P110525 4.071 4.104 -4.892 1.174
P110527 4.027 4.174 -5.530 0.979
P110528 4.126 4.101 -5.075 0.604
P110529 4.301 4.452 -4.904 0.932
P110530 4.013 3.856 -4.246 0.806
P110532 4.213 4.226 -5.136 0.560
P110533 3.839 3.941 -4.657 0.564
P110534 3.992 4.322 -4.735 0.783
P110535 4.059 4.367 -4.854 1.128
P110536 4.591 4.610 -5.354 0.463
P110537 4.105 4.207 -5.005 0.621
P110538 4.332 4.541 -5.195 0.948
P110540 3.849 4.004 -4.118 0.672
P110541 4.251 4.269 -5.292 0.299
P110542 4.253 4.178 -5.220 0.879
P110543 4.060 4.070 -4.921 0.796
P110545 4.031 4.177 -4.644 0.723
P110547 4.133 4.362 -4.552 0.871
P110548 4.163 4.284 -4.683 0.751
P110549 4.324 4.214 -4.819 0.527
P110550 4.451 4.461 -4.755 0.372
P110552 4.021 4.058 -3.388 3.516
P110554 4.336 4.508 -4.194 0.745
P110555 3.752 3.831 -3.963 0.296
P110556 3.888 3.863 -4.396 0.852
P110558 4.071 4.119 -4.618 0.499
P110560 4.022 3.942 -4.957 0.804
P110561 4.037 3.990 -4.827 0.613
P110562 4.229 4.029 -4.308 1.543
P110563 4.656 4.564 -4.349 0.456
P110565 3.931 3.944 -4.026 0.582
P110567 4.507 4.637 -5.204 0.235
P110568 4.275 4.360 -5.147 0.447
P110570 4.247 4.297 -4.917 0.521
P110571 4.017 4.067 -5.126 1.069
P110572 4.259 4.313 -5.547 0.460
P110574 4.274 4.289 -4.704 0.783
P110576 3.987 4.122 -5.364 0.309
P110577 3.973 4.096 -4.373 0.593
P110578 4.067 3.988 -4.788 0.204
P110579 4.155 4.082 -4.938 1.368
P110580 4.003 4.070 -4.733 1.234
P110582 4.043 4.250 -4.619 0.823
P110584 3.924 4.136 -4.662 0.693
P110586 4.378 4.333 -5.202 1.095
P110587 4.206 4.358 -4.994 0.353
P110588 4.104 4.181 -4.994 0.186
P110591 4.059 4.194 -4.944 0.897
P110593 3.802 3.828 -4.846 0.801
P110594 4.194 4.144 -4.444 0.571
P110595 4.159 4.274 -5.268 0.993
P110596 4.133 4.281 -5.129 0.654
P110599 4.530 4.571 -4.950 0.550
P110600 4.116 4.037 -4.837 1.168
P110603 4.264 4.072 -5.239 1.040
P110604 4.550 4.578 -5.563 0.343
P110606 4.019 4.086 -5.298 0.936
P110608 4.409 4.303 -5.240 0.414
P110611 4.206 4.292 -4.759 0.305
P110612 4.210 4.068 -5.857 0.872
P110613 3.939 4.010 -5.045 0.743
P110614 3.928 3.897 -5.449 0.765
P110616 4.423 4.526 -5.042 0.460
P110618 4.109 4.242 -4.933 0.624
P110619 4.124 4.335 -4.836 0.592
P110620 4.050 3.833 -3.807 0.635
P110621 4.055 4.168 -5.004 0.650
P110622 3.995 4.017 -5.139 1.269
P110623 4.184 4.155 -5.004 1.116
P110624 4.197 4.343 -5.126 0.342
P110627 4.318 4.464 -5.306 1.128
P110628 4.047 3.953 -5.151 0.911
P110629 4.134 4.089 -4.913 0.753
P110630 4.051 3.944 -4.720 0.655
P110632 4.337 4.454 -5.152 0.353
P110633 4.089 3.926 -3.724 1.015
P110634 4.312 4.397 -5.532 0.971
P110635 4.546 4.678 -5.082 0.649
P110637 4.221 4.277 -5.334 1.163
P110640 4.017 4.099 -3.889 0.804
P110643 4.079 4.166 -4.604 0.406
P110646 4.058 4.043 -4.954 0.994
P110649 3.920 3.958 -4.725 0.979
P110651 4.134 4.027 -5.332 0.766
P110652 4.321 4.370 -5.875 0.873
P110653 4.096 4.217 -5.086 0.526
P110654 4.227 4.371 -5.277 0.359
P110655 4.473 4.394 -5.624 0.480
P110656 4.103 4.241 -5.201 0.687
P110658 4.060 4.017 -5.169 0.766
P110659 3.902 4.001 -4.713 0.418
P110661 3.959 4.031 -4.797 0.344
P110665 4.028 4.133 -4.831 0.499
P110667 3.720 3.791 -4.678 0.496
P110669 4.079 3.934 -5.350 1.757
P110672 4.042 4.153 -5.491 0.854
P110673 4.193 4.275 -4.652 0.689
P110674 4.196 4.148 -5.349 0.592
P110676 4.145 4.115 -4.651 1.152
P110678 4.300 4.463 -5.254 1.077
P110682 4.147 3.991 -4.425 0.962
P110684 4.205 4.508 -4.871 1.034
P110685 4.229 4.336 -4.783 1.178
P110686 4.130 4.139 -4.482 0.097
P110687 4.159 4.140 -5.058 0.871
P110688 4.069 4.187 -4.850 0.543
P110692 3.833 3.883 -4.609 0.760
P110694 3.936 3.941 -4.263 0.133
P110695 3.900 3.846 -4.733 0.941
P110698 4.235 4.546 -5.227 0.908
P110699 4.114 4.266 -5.046 0.796
P110700 4.097 4.267 -5.917 0.805
P110701 4.304 4.422 -5.863 0.737
P110702 4.218 4.332 -5.162 1.215
P110703 4.177 4.067 -4.429 0.862
P110704 4.125 4.152 -4.222 0.738
P110706 4.276 4.381 -5.509 1.023
P110707 4.331 4.284 -4.883 0.707
P110708 4.355 4.422 -5.677 0.613
P110710 4.004 4.015 -4.252 0.090
P110712 4.305 4.323 -4.172 0.090
P110714 4.134 4.223 -4.751 0.221
P110717 4.120 4.166 -5.218 0.853
P110718 4.178 4.305 -5.202 0.611
P110722 4.208 4.198 -5.573 0.740
P110724 4.374 4.513 -4.706 0.898
P110725 4.040 4.125 -4.992 0.624
P110726 4.250 4.175 -4.283 0.526
P110727 3.963 3.915 -4.441 0.322
P110729 3.954 3.896 -4.926 0.511
P110730 4.210 4.412 -4.623 0.687
P110731 4.202 4.253 -5.115 1.146
P110732 3.880 3.844 -4.907 0.811
P110733 3.729 3.625 -3.904 0.899
P110735 3.977 3.993 -5.623 0.324
P110736 4.075 4.100 -4.229 0.094
P110737 3.913 3.973 -5.310 0.378
P110738 3.949 4.071 -5.222 0.615
P110740 4.083 3.890 -4.665 1.317
P110741 4.054 4.019 -5.391 0.969
P110742 4.248 4.322 -5.812 0.672
P110743 4.105 4.221 -4.827 1.052
P110744 4.205 4.239 -5.384 0.684
P110747 4.074 4.082 -5.055 0.415
P110748 4.242 4.274 -5.596 0.571
P110754 4.196 4.252 -5.443 1.429
P110755 4.422 4.396 -5.496 0.792
P110761 3.954 4.005 -5.188 0.510
P110762 4.103 4.108 -4.746 0.112
P110766 4.132 4.305 -4.989 0.861
P110768 3.949 4.122 -4.959 0.411
P110773 4.166 4.328 -4.960 0.452
P110781 3.956 4.022 -4.826 0.323
P110783 4.366 4.470 -4.900 0.554
P110784 4.029 4.020 -4.113 0.797
P110785 4.042 3.955 -5.050 0.730
P110790 4.092 4.051 -4.959 0.790
P110791 4.226 4.108 -4.941 0.319
P110792 3.851 3.714 -5.183 1.486
P110794 4.147 3.998 -4.758 0.850
P110795 4.403 4.296 -4.232 1.064
P110796 3.989 3.974 -5.264 0.613
P110798 4.117 3.985 -4.401 1.197
P110800 4.020 4.227 -4.532 1.385
P110801 4.206 4.365 -4.166 0.768
P110803 4.064 4.181 -4.512 0.457
P110804 4.157 4.313 -4.343 0.693
P110805 4.101 4.176 -4.623 0.360
P110806 4.284 4.464 -4.969 0.461
P110808 4.400 4.377 -4.573 0.470
P110809 4.217 4.160 -4.247 0.522
P110811 4.059 4.026 -5.144 0.421
P110813 4.040 4.214 -4.959 0.557
P110814 4.173 3.954 -4.228 1.287
P110817 4.197 4.105 -5.248 0.426
P110818 4.112 4.303 -5.085 0.437
P110820 4.039 4.037 -5.304 1.234
P110823 4.109 4.179 -5.336 0.809
P110824 3.976 4.123 -5.129 0.737
P110827 3.886 3.950 -5.204 0.294
P110828 4.042 4.113 -5.568 0.351
P110829 3.957 4.053 -4.941 0.566
P110834 3.926 4.079 -5.149 0.480
P110835 4.103 4.167 -5.452 0.497
P110838 3.912 4.018 -5.245 0.322
P110839 3.922 3.875 -4.292 0.729
P110840 4.047 4.130 -5.359 0.325
P110842 4.158 4.283 -5.392 0.324
P110843 4.141 4.149 -5.143 0.518
P110844 3.977 3.798 -4.146 0.709
P110846 4.272 4.238 -5.589 0.959
P110847 4.050 4.238 -5.048 0.639
P110848 4.018 4.088 -5.949 0.394
P110849 4.087 4.210 -4.855 0.920
P110851 4.102 4.240 -5.127 0.624
P110852 3.923 3.986 -4.525 0.915
P110853 4.188 4.317 -5.098 0.539
P110856 4.134 4.214 -4.212 0.297
P110857 4.425 4.570 -4.775 0.708
P110859 4.095 4.035 -5.307 1.162
P110860 4.448 4.450 -5.572 0.594
P110861 4.424 4.169 -4.352 0.671
P110862 4.471 4.472 -5.246 0.496
P110864 4.007 3.931 -4.850 0.603
P110866 4.202 4.291 -5.213 0.683
P110869 4.268 4.288 -5.110 0.858
P110871 4.186 4.291 -5.655 0.331
P110873 4.168 4.311 -5.073 0.421
P110875 4.125 4.182 -4.575 0.376
P110876 4.217 4.269 -4.997 0.831
P110878 4.222 4.286 -5.220 0.962
P110879 4.209 4.174 -5.530 0.702
P110881 4.399 4.490 -4.986 1.033
P110884 4.035 4.126 -4.802 0.579
P110888 4.209 4.601 -5.007 1.170
P110889 4.227 4.411 -5.022 0.753
P110891 4.133 4.284 -5.273 0.434
P110892 4.074 4.114 -5.238 0.646
P110893 4.136 4.261 -5.508 0.587
P110895 4.029 4.039 -5.222 0.487
P110896 4.110 4.232 -4.830 1.156
P110899 4.209 4.266 -5.082 0.654
P110901 4.035 4.071 -4.367 0.964
P110902 4.340 4.496 -5.596 0.718
P110903 4.184 4.133 -5.035 1.123
P110906 4.242 4.403 -5.426 0.391
P110909 4.172 4.099 -4.635 0.896
P110910 3.840 3.743 -4.321 0.631
P110911 4.253 4.138 -4.369 0.708
P110912 4.057 4.254 -5.028 1.127
P110913 3.984 3.938 -4.852 0.418
P110915 4.163 4.128 -5.360 0.906
P110916 4.194 4.273 -5.581 0.392
P110917 4.209 4.077 -4.605 0.425
P110918 3.997 4.047 -5.318 0.508
P110919 4.099 4.105 -5.145 1.023
P110920 4.158 4.327 -5.093 0.328
P110922 4.242 4.354 -5.224 1.147
P110923 4.019 3.989 -5.113 0.523
P110924 3.842 3.977 -5.090 0.499
P110925 4.097 4.223 -5.585 0.458
P110926 4.182 4.235 -5.102 0.892
P110927 4.018 4.132 -5.380 0.511
P110928 4.026 4.073 -5.108 1.272
P110932 4.291 4.406 -5.220 0.422
P110933 4.249 4.365 -4.975 0.697
P110934 4.114 4.235 -5.225 0.426
P110936 4.182 4.285 -4.936 0.331
P110939 3.992 4.070 -4.804 0.839
P110940 3.933 3.990 -4.878 0.375
P110941 3.905 4.163 -4.797 0.892
P110942 4.070 4.045 -4.725 0.565
P110943 4.220 4.347 -5.841 1.533
P110944 4.326 4.376 -5.063 0.374
P110945 4.318 4.357 -5.374 0.256
P110946 4.068 4.238 -5.217 0.505
P110947 4.073 4.195 -4.816 0.965
P110948 4.306 4.330 -5.522 0.907
P110949 4.230 4.015 -4.125 0.725
P110950 4.540 4.540 -4.838 0.275
P110951 3.977 4.159 -5.033 1.825
P110952 4.239 4.433 -5.465 0.554
P110953 4.242 4.335 -5.316 1.096
P110954 4.095 4.223 -4.842 0.832
P110955 4.165 4.130 -5.352 0.368
P110956 4.101 4.149 -4.543 0.313
P110958 3.667 3.711 -4.888 0.486
P110959 3.978 3.900 -4.946 0.677
P110960 3.918 3.830 -5.011 0.457
P110961 3.778 3.761 -4.988 0.453
P110962 3.953 3.965 -5.017 0.622
P110963 3.757 3.635 -4.880 0.768
P110965 3.920 3.881 -5.434 0.906
P110966 3.760 3.598 -4.098 0.683
P110967 4.335 4.430 -4.363 0.634
P110968 4.215 4.282 -4.586 0.993
P110970 4.084 4.085 -5.197 0.876
P110972 4.195 4.284 -4.765 0.552
P110973 4.256 4.133 -4.457 0.547
P110974 4.027 4.098 -5.039 0.772
P110976 4.038 3.980 -4.846 0.596
P110977 4.028 4.012 -4.787 1.145
P110979 4.410 4.516 -4.936 0.827
P110980 4.060 4.172 -4.485 1.937
P110981 4.260 4.424 -4.535 0.715
P110983 4.124 3.987 -5.253 0.457
P110984 3.945 3.940 -5.237 0.664
P110985 4.001 4.020 -4.988 0.802
P110990 4.206 4.379 -4.969 0.521
P110991 4.404 4.309 -4.264 0.695
P110994 3.860 4.066 -5.048 0.851
P110996 4.151 4.151 -5.003 1.061
P110997 3.969 3.984 -5.235 0.401
P110999 4.054 4.133 -4.904 0.868
P111002 4.059 4.224 -5.237 0.711
P111004 4.299 4.239 -5.516 0.915
P111005 4.254 4.261 -5.097 0.425
P111007 4.177 4.263 -5.114 0.283
P111009 4.135 4.190 -4.674 1.021
P111011 4.121 4.157 -5.380 0.622
P111012 4.333 4.313 -5.542 0.896
P111013 4.147 4.280 -5.562 0.993
P111015 4.105 4.174 -5.525 0.683
P111018 4.156 4.202 -4.652 0.620
P111019 4.051 3.926 -4.671 0.587
P111021 4.040 4.096 -5.635 0.891
P111023 4.348 4.380 -5.374 0.613
P111024 3.981 3.991 -4.698 0.791
P111025 4.216 4.111 -4.208 0.672
P111026 4.120 4.272 -4.940 0.481
P111027 4.022 4.006 -5.105 0.387
P111029 3.891 3.943 -5.084 0.402
P111030 4.139 4.285 -5.618 0.578
P111031 4.167 4.159 -5.146 1.366
P111032 4.063 4.135 -5.296 0.463
P111033 4.110 4.170 -4.969 0.459
P111034 4.093 4.151 -4.858 1.424
P111035 4.260 4.418 -5.821 0.620
P111037 4.315 4.221 -5.312 0.720
P111038 4.225 4.157 -4.331 0.334
P111039 4.242 4.277 -5.417 0.718
P111040 4.365 4.350 -5.474 0.567
P111041 4.022 3.994 -5.101 0.626
P111042 4.172 4.260 -5.161 0.291
P111044 4.089 4.198 -5.268 0.912
P111045 4.325 4.229 -5.401 1.215
P111046 3.989 3.834 -4.349 0.960
P111047 3.789 3.746 -4.271 1.860
P111048 4.016 4.039 -4.730 0.828
P111050 4.102 4.047 -4.819 0.966
P111051 3.891 3.932 -4.904 0.456
P111052 4.037 4.122 -4.568 0.354
P111053 4.067 4.205 -5.621 0.674
P111054 4.026 4.166 -5.022 0.593
P111055 4.191 4.161 -5.213 0.727
P111057 4.203 4.175 -5.481 0.637
P111060 4.256 4.272 -5.126 0.851
P111061 4.120 4.138 -4.301 0.094
P111062 4.110 4.232 -5.518 0.816
P111063 4.024 4.112 -5.299 1.017
P111064 4.311 4.398 -4.997 0.798
P111065 4.182 4.307 -4.490 0.379
P111067 4.079 4.029 -5.304 0.300
P111069 4.016 3.904 -4.874 0.521
P111070 3.939 3.902 -3.971 1.277
P111071 3.976 3.993 -4.787 1.012
P111072 3.941 3.944 -5.061 0.306
P111073 4.003 4.091 -4.748 0.536
P111075 4.011 4.186 -4.663 0.299
P111076 4.179 4.261 -5.120 0.433
P111077 4.346 4.245 -5.115 0.605
P111078 4.063 4.112 -5.199 0.917
P111079 4.417 4.311 -5.375 0.689
P111080 4.200 4.179 -4.932 0.921
P111081 4.215 4.227 -5.119 0.457
P111083 4.074 4.241 -5.478 0.755
P111084 4.123 4.113 -5.284 0.583
P111086 4.224 4.305 -4.800 0.327
P111087 4.314 4.324 -5.442 0.515
P111088 4.177 4.353 -4.427 0.276
P111090 4.327 4.374 -5.680 0.898
P111091 4.025 4.062 -5.222 1.015
P111092 4.328 4.442 -5.313 0.395
P111094 4.136 4.067 -5.492 0.330
P111096 3.958 4.115 -5.170 0.374
P111097 4.187 4.283 -5.242 0.308
P111099 4.490 4.405 -5.319 0.823
P111100 4.168 3.891 -4.112 0.737
P111102 4.385 4.342 -5.219 0.498
P111103 4.094 4.325 -4.677 0.426
P111104 4.242 4.270 -4.612 1.839
P111105 4.269 4.160 -5.017 1.267
P111106 4.005 3.899 -3.913 0.556
P111107 3.924 3.866 -4.511 0.918
P111108 4.227 4.370 -4.810 0.677
P111109 4.040 4.265 -4.876 0.896
P111110 3.863 4.183 -5.099 1.732
P111111 3.998 3.909 -4.114 1.061
P111112 4.141 4.015 -4.822 1.167
P111113 4.111 4.057 -4.753 0.246
P111115 4.170 4.216 -4.859 0.451
P111116 4.178 4.282 -4.833 0.587
P111117 3.974 3.887 -4.753 1.640
P111118 4.183 4.092 -4.328 0.839
P111119 3.996 4.039 -4.663 0.294
P111122 4.016 3.975 -4.216 0.782
P111123 4.415 4.486 -5.507 0.605
P111125 4.287 4.408 -5.022 1.116
P111126 3.970 3.964 -4.982 0.919
P111130 4.177 4.280 -5.255 0.501
P111134 4.086 4.190 -6.101 0.495
P111137 4.353 4.355 -5.612 0.335
P111141 4.340 4.205 -4.638 0.776
P111148 4.129 4.240 -5.537 0.543
P111149 4.300 4.145 -5.476 0.633
P111151 4.158 4.137 -5.085 0.794
P111155 4.232 4.274 -5.058 0.694
P111157 4.267 4.155 -4.271 0.495
P111160 4.079 4.181 -4.848 0.549
P111164 4.166 4.184 -4.995 0.610
P111166 4.223 4.307 -5.367 0.372
P111168 4.318 3.916 -4.440 1.894
P111169 3.889 4.003 -4.451 0.505
P111171 4.043 4.006 -4.993 0.459
P111173 4.154 4.155 -4.724 0.476
P111174 4.058 4.099 -5.456 0.745
P111175 3.898 3.940 -5.320 0.505
P111177 3.931 3.999 -4.921 0.496
P111179 3.923 3.949 -4.716 0.847
P111183 3.923 4.014 -5.032 1.091
P111185 4.137 4.228 -5.221 1.380
P111187 3.955 3.965 -3.917 0.091
P111189 4.119 4.063 -5.026 0.571
P111190 3.901 3.816 -4.238 0.770
P111194 3.714 3.763 -5.488 0.571
P111195 4.251 4.034 -4.632 0.711
P111199 4.121 3.984 -4.716 0.692
P111201 3.937 3.948 -4.162 0.882
P111205 4.332 4.443 -4.874 0.638
P111210 3.953 4.085 -5.519 0.654
P111216 4.115 4.244 -4.967 0.518
P111220 3.784 3.932 -5.009 0.476
P111221 4.344 4.380 -5.911 0.596
P111222 4.172 4.112 -5.422 1.104
P111223 4.387 4.279 -5.611 0.781
P111225 4.274 4.127 -4.198 0.459
P111226 3.928 4.156 -5.001 0.897
P111227 4.135 4.134 -5.535 0.597
P111229 4.113 4.159 -5.590 0.660
P111230 4.213 4.235 -5.411 0.644
P111232 4.011 3.990 -5.334 0.601
P111234 4.026 4.050 -4.925 0.916
P111235 4.100 4.211 -5.128 0.389
P111237 3.981 3.940 -5.272 0.721
P111238 4.143 4.104 -5.337 0.740
P111240 4.058 4.108 -5.304 0.523
P111241 4.267 4.172 -4.511 0.389
P111242 4.110 4.264 -4.161 0.348
P111244 4.202 4.186 -5.057 1.012
P111247 4.304 4.332 -4.813 0.296
P111248 4.214 4.155 -5.153 0.628
P111250 4.016 4.016 -4.757 0.805
P111251 4.174 4.162 -5.181 0.426
P111252 4.158 4.092 -5.269 1.188
P111253 4.260 4.340 -5.614 0.357
P111254 4.039 4.040 -5.427 0.877
P111258 4.092 4.164 -5.015 0.503
P111259 4.049 4.158 -4.500 0.963
P111261 4.028 4.129 -5.473 0.660
P111264 4.110 4.215 -5.363 0.689
P111266 4.030 4.068 -5.110 0.766
P111268 3.957 4.152 -5.146 0.728
P111272 4.268 4.386 -4.998 1.154
P111273 4.079 3.992 -5.295 0.645
P111275 4.264 4.096 -4.211 0.386
P111276 4.015 3.900 -4.876 0.918
P111277 4.248 4.244 -5.319 0.818
P111278 4.192 4.205 -5.643 0.688
P111279 4.072 4.204 -5.689 0.808
P111281 4.171 4.174 -5.297 0.924
P111282 4.170 4.183 -4.976 0.885
P111284 4.453 4.366 -5.309 0.693
P111285 4.358 4.328 -5.810 0.601
P111287 3.912 3.853 -5.130 1.060
P111288 4.148 4.205 -5.147 0.716
P111291 4.222 4.235 -5.339 0.532
P111292 4.148 4.072 -5.633 0.982
P111293 3.999 3.930 -4.639 1.269
P111295 4.075 4.136 -5.137 0.522
P111296 4.324 4.408 -5.244 0.810
P111297 4.142 4.234 -4.886 0.496
P111298 4.177 4.148 -5.497 0.520
P111299 4.152 4.202 -4.587 0.695
P111300 4.114 4.124 -5.340 0.431
P111303 3.768 3.774 -4.307 0.689
P111304 4.124 4.043 -4.636 0.496
P111306 4.058 4.095 -5.240 0.419
P111307 3.951 4.107 -5.002 0.627
P111311 3.902 4.082 -5.129 1.062
P111316 3.869 3.862 -5.159 0.563
P111317 3.944 3.987 -4.849 0.329
P111319 4.064 4.088 -4.793 0.889
P111322 3.902 3.922 -5.011 0.827
P111323 4.275 4.310 -5.340 1.095
P111328 4.223 4.239 -4.876 0.313
P111329 4.042 4.135 -4.940 0.815
P111330 4.128 4.183 -6.015 0.392
P111331 4.069 4.125 -4.874 0.394
P111332 4.088 4.231 -5.101 0.507
P111335 4.212 4.318 -4.839 0.379
P111338 4.339 4.350 -5.113 0.709
P111339 3.994 4.112 -5.736 0.879
P111340 4.059 4.121 -5.180 1.113
P111341 4.442 4.396 -5.652 0.703
P111342 4.086 4.349 -4.867 1.717
P111343 4.311 4.130 -4.227 1.067
P111345 4.067 3.942 -3.975 1.263
P111346 4.152 4.366 -4.569 0.622
P111347 4.344 4.334 -4.655 0.554
P111349 3.952 4.015 -4.703 0.897
P111352 4.221 4.282 -4.692 0.507
P111353 4.108 4.296 -5.175 1.445
P111354 3.965 4.127 -5.181 0.542
P111356 4.207 4.293 -4.881 0.410
P111357 4.015 3.974 -5.103 1.012
P111359 4.149 4.141 -5.178 0.479
P111360 4.159 4.281 -5.108 0.754
P111361 4.045 4.099 -5.386 0.944
P111362 4.278 4.127 -5.215 0.729
P111363 4.332 4.258 -5.545 0.496
P111364 3.990 4.039 -5.124 0.536
P111365 4.202 4.253 -4.996 0.346
P111366 4.095 4.171 -5.210 0.507
P111367 4.053 4.233 -5.133 0.705
P111369 4.140 4.289 -5.618 1.057
P111370 4.119 4.141 -5.652 0.425
P111371 4.256 4.305 -4.978 1.052
P111372 4.219 4.180 -4.831 0.788
P111374 4.217 4.302 -4.874 0.290
P111375 4.234 4.154 -4.116 0.744
P111376 4.191 4.378 -4.971 0.454
P111378 4.130 4.195 -4.708 0.905
P111379 4.393 4.349 -4.306 0.726
P111380 4.649 4.721 -5.364 0.407
P111381 4.254 4.177 -4.467 1.013
P111382 4.265 4.424 -5.052 0.406
P111385 4.125 4.253 -4.870 0.245
P111387 4.156 4.076 -5.322 0.550
P111388 3.670 4.003 -4.672 1.737
P111390 4.301 4.161 -4.769 0.516
P111391 4.168 4.277 -4.968 0.453
P111393 3.845 3.915 -4.526 0.465
P111394 4.068 4.172 -5.337 0.925
P111395 3.993 3.955 -4.880 0.913
P111396 4.034 3.742 -3.975 1.205
P111397 4.191 4.182 -5.015 0.507
P111399 4.028 4.169 -4.865 0.309
P111401 3.983 4.185 -4.358 0.556
P111402 3.849 3.824 -5.068 0.952
P111403 3.897 3.933 -5.200 0.779
P111404 4.206 4.361 -5.174 0.407
P111406 4.306 4.376 -4.550 0.676
P111407 4.231 4.048 -3.800 0.882
P111408 4.315 4.398 -5.001 0.779
P111410 4.189 4.135 -4.874 0.525
P111411 4.250 4.335 -4.876 0.391
P111412 4.199 4.353 -4.896 0.876
P111413 3.935 4.124 -5.087 0.505
P111414 4.508 4.571 -5.684 0.170
P111415 4.035 4.072 -4.774 1.047
P111416 4.090 4.157 -5.465 0.351
P111418 4.139 4.166 -4.775 0.439
P111420 4.140 4.077 -4.867 0.397
P111422 4.098 4.300 -5.024 0.627
P111423 4.175 4.194 -5.120 0.520
P111425 4.454 4.492 -5.359 0.290
P111427 4.298 4.545 -5.017 0.983
P111428 3.957 4.086 -4.347 1.426
P111429 4.516 4.502 -5.432 0.261
P111430 4.124 4.173 -5.173 0.347
P111432 4.144 4.150 -5.019 0.401
P111434 3.863 4.223 -5.387 0.998
P111435 4.005 4.114 -4.815 0.409
P111436 4.247 4.234 -4.637 0.956
P111438 4.260 4.257 -5.004 0.915
P111439 3.995 3.992 -5.375 0.253
P111440 4.012 4.162 -4.596 0.480
P111442 3.948 3.963 -4.958 0.643
P111445 3.825 3.914 -4.965 0.389
P111446 4.359 4.386 -4.713 0.283
P111448 4.117 4.154 -5.463 0.375
P111451 3.952 4.086 -4.148 2.812
P111452 4.188 3.968 -4.020 0.833
P111453 4.416 4.488 -5.543 0.820
P111456 4.078 4.269 -5.015 0.381
P111458 4.392 4.561 -5.139 0.642
P111459 4.351 4.421 -5.366 0.451
P111462 3.986 4.114 -5.224 0.827
P111464 4.105 4.080 -5.250 0.485
P111466 4.231 4.199 -4.990 1.102
P111470 4.136 4.176 -5.227 0.307
P111472 4.065 4.004 -4.658 0.588
P111473 4.066 4.152 -5.253 0.662
P111474 4.009 4.146 -5.195 0.934
P111475 4.313 4.514 -5.732 0.809
P111476 4.152 4.017 -4.818 0.930
P111477 3.940 4.018 -4.968 0.513
P111479 3.836 4.074 -4.891 0.562
P111480 3.867 3.985 -5.709 0.442
P111481 4.328 4.465 -5.132 0.538
P111483 4.070 4.135 -4.739 0.530
P111484 4.345 4.592 -5.073 0.555
P111485 3.814 3.773 -4.756 0.724
P111486 3.870 3.952 -5.072 0.947
P111488 4.220 4.239 -5.359 0.410
P111491 3.884 3.955 -4.840 0.484
P111493 3.938 3.935 -5.318 0.291
P111494 4.237 4.215 -5.032 0.666
P111495 4.370 4.419 -5.227 0.252
P111497 3.886 4.001 -5.044 0.303
P111499 4.023 4.086 -5.008 0.463
P111500 3.713 4.148 -4.950 0.833
P111501 3.663 4.186 -5.329 1.158
P111502 4.194 4.424 -4.233 0.618
P111504 4.417 4.485 -5.648 0.199
P111505 3.953 3.969 -4.921 0.373
P111506 4.132 4.045 -4.118 1.221
P111508 4.118 4.117 -4.563 0.609
P111510 4.433 4.453 -5.165 0.586
P111511 4.037 4.205 -5.232 0.767
P111512 4.017 4.033 -5.082 0.431
P111513 3.949 4.212 -4.829 0.785
P111514 4.112 4.036 -5.636 1.139
P111515 3.857 3.836 -4.728 0.535
P111516 4.318 4.429 -4.895 0.455
P111517 4.411 4.494 -4.438 0.113
P111518 4.083 4.112 -5.239 0.745
P111521 4.002 4.132 -5.044 0.454
P111522 4.367 4.464 -5.245 0.444
P111523 4.081 3.940 -4.208 1.312
P111524 4.143 4.056 -4.741 0.723
P111525 4.251 4.258 -5.109 0.403
P111526 4.039 4.146 -5.227 1.307
P111528 4.093 3.960 -5.272 0.619
P111529 4.109 4.033 -4.863 1.367
P111530 4.537 4.658 -5.836 0.576
P111534 4.003 4.085 -5.089 0.409
P111536 4.082 4.400 -5.285 1.037
P111539 4.290 4.448 -5.394 0.857
P111541 3.986 4.060 -4.459 1.406
P111543 4.254 4.276 -4.754 0.743
P111545 4.046 4.052 -4.542 0.955
P111549 4.213 4.466 -5.090 0.302
P111551 4.126 3.988 -4.589 0.605
P111553 4.395 4.259 -5.172 0.632
P111556 4.377 4.343 -4.945 0.336
P111558 3.981 3.850 -4.260 0.565
P111559 4.170 4.348 -4.538 0.412
P111562 4.129 4.117 -5.085 0.694
P111564 4.058 4.257 -5.070 0.604
P111565 4.284 4.433 -4.744 0.338
P111567 4.351 4.347 -5.577 1.421
P111568 4.204 4.249 -4.549 0.776
P111569 4.195 4.206 -5.894 0.413
P111572 4.214 4.086 -4.586 0.351
P111574 3.856 4.053 -4.754 1.166
P111575 4.462 4.561 -5.268 0.392
P111579 4.058 4.140 -5.096 0.414
P111581 3.937 3.894 -5.380 0.403
P111583 4.039 4.222 -5.167 0.300
P111584 4.014 3.971 -5.222 0.947
P111585 4.041 4.034 -4.635 0.737
P111586 4.189 4.208 -4.704 0.802
P111589 3.905 3.946 -3.487 0.679
P111590 4.375 4.416 -4.951 0.709
P111591 4.262 4.125 -5.120 0.651
P111592 4.178 4.257 -4.795 0.391
P111593 4.124 4.056 -3.772 1.109
P111594 3.963 3.994 -4.986 0.668
P111595 4.164 4.094 -4.736 0.932
P111596 4.008 3.950 -4.467 1.428
P111597 4.509 4.405 -5.018 1.083
P111598 4.289 4.410 -5.040 0.510
P111599 3.964 4.083 -4.920 0.773
P111602 4.129 4.146 -4.997 0.682
P111604 4.372 4.408 -5.450 1.234
P111606 4.350 4.423 -5.105 0.420
P111609 3.865 4.002 -4.135 2.079
P111612 4.334 4.318 -4.931 0.369
P111615 3.956 3.966 -5.061 0.882
P111619 3.786 3.899 -4.997 0.421
P111620 3.817 4.177 -4.999 1.466
P111621 4.086 4.249 -5.089 1.108
P111622 4.433 4.476 -5.711 0.358
P111623 4.066 4.275 -5.307 0.350
P111624 4.291 4.404 -5.289 0.923
P111625 4.049 3.946 -4.549 1.368
P111627 4.058 4.084 -4.993 0.564
P111628 4.189 4.310 -5.399 0.350
P111630 4.318 4.440 -5.180 0.284
P111631 3.951 4.063 -4.402 0.563
P111632 4.348 4.408 -4.926 0.566
P111634 4.190 4.434 -4.854 0.545
P111636 4.289 4.182 -5.128 0.985
P111637 4.282 4.340 -4.905 0.548
P111638 4.183 4.233 -5.423 0.449
P111639 4.067 4.233 -5.130 0.493
P111640 4.063 4.075 -4.949 0.485
P111642 4.170 4.088 -4.828 0.829
P111644 4.049 4.102 -5.196 0.545
P111645 4.095 4.234 -4.867 0.617
P111646 4.012 4.054 -4.986 0.873
P111648 3.844 3.882 -3.960 0.206
P111650 3.584 3.720 -5.220 0.523
P111652 3.815 4.080 -5.253 1.078
P111653 3.998 4.041 -4.809 0.505
P111657 4.199 4.279 -5.126 0.685
P111659 3.967 3.944 -5.345 0.819
P111660 3.881 3.868 -5.307 0.701
P111661 3.881 4.005 -5.203 0.546
P111665 3.827 3.969 -4.753 1.162
P111667 3.969 4.083 -5.064 0.420
P111669 3.890 3.870 -5.579 0.363
P111671 3.527 3.656 -4.163 0.761
P111673 4.092 4.232 -4.554 0.686
P111675 3.953 3.959 -4.874 0.650
P111677 4.011 4.222 -5.342 0.392
P111678 4.193 4.231 -5.368 0.428
P111681 4.183 4.393 -5.002 0.507
P111682 4.020 3.913 -4.432 1.454
P111683 3.939 3.786 -4.678 1.044
P111684 3.566 3.760 -4.310 1.590
P111685 4.115 4.251 -5.219 0.456
P111690 3.997 4.103 -5.096 0.446
P111691 4.241 4.475 -5.437 0.870
P111692 4.254 4.155 -5.237 0.549
P111694 3.935 3.995 -4.688 0.579
P111695 4.239 4.278 -4.812 0.459
P111696 4.434 4.430 -5.567 0.648
P111697 4.212 4.383 -5.670 0.586
P111699 4.332 4.365 -5.451 0.503
P111702 4.036 4.109 -5.224 0.326
P111703 3.792 3.788 -5.486 0.520
P111705 3.829 4.200 -5.136 2.250
P111706 3.894 3.891 -5.320 1.058
P111708 4.201 4.241 -5.693 0.335
P111711 3.701 3.628 -4.534 0.750
P111716 3.785 3.880 -4.952 1.002
P111717 3.958 3.968 -5.397 0.660
P111719 4.020 4.140 -4.885 0.747
P111720 3.766 4.015 -4.708 1.066
P111722 3.970 4.166 -5.522 0.422
P111723 3.961 4.069 -4.967 0.391
P111726 3.986 3.993 -5.361 0.243
P111727 4.229 4.391 -4.754 0.424
P111728 4.044 4.205 -5.111 0.554
P111730 4.141 4.173 -5.068 0.476
P111731 4.059 4.056 -4.445 0.896
P111732 4.095 4.264 -5.903 0.776
P111733 3.716 3.832 -4.032 0.709
P111734 4.355 4.391 -4.534 0.222
P111735 3.982 4.237 -4.170 1.253
P111736 4.176 4.049 -4.990 1.006
P111737 4.004 4.146 -4.733 0.531
P111739 4.087 4.314 -4.799 0.531
P111740 4.082 3.979 -3.857 0.578
P111742 3.940 3.855 -3.767 0.686
P111743 3.774 3.884 -4.734 0.740
P111744 4.306 4.484 -4.475 0.615
P111745 3.842 3.965 -5.545 0.742
P111746 4.083 3.920 -4.246 1.261
P111747 3.908 3.998 -5.320 0.292
P111748 3.979 4.126 -5.309 0.504
P111749 3.704 4.130 -5.152 0.843
P111750 4.010 3.981 -4.319 0.621
P111751 4.159 4.199 -4.868 1.040
P111753 3.856 3.918 -4.724 0.444
P111755 4.173 4.139 -4.176 1.184
P111756 4.013 3.976 -4.187 0.987
P111757 4.168 4.136 -4.564 0.820
P111758 4.196 4.415 -5.066 0.625
P111760 4.022 4.161 -4.900 0.366
P111761 4.062 4.130 -4.511 0.386
P111762 4.464 4.480 -5.384 0.814
P111763 4.225 4.213 -4.615 1.586
P111764 4.165 4.177 -4.574 0.582
P111766 4.329 4.405 -5.545 0.427
P111768 4.061 4.105 -5.057 0.927
P111769 4.043 4.001 -4.843 0.588
P111770 4.075 4.189 -4.653 0.472
P111771 4.017 4.037 -4.882 0.568
P111772 4.291 4.340 -4.981 1.247
P111773 4.118 4.118 -4.701 0.500
P111774 3.783 3.980 -5.542 0.705
P111775 4.057 4.065 -4.925 0.660
P111776 3.988 4.121 -5.319 0.492
P111777 4.127 4.213 -5.248 0.664
P111778 3.907 4.018 -5.128 0.396
P111779 4.178 4.275 -4.741 0.358
P111780 4.302 4.204 -5.148 1.057
P111781 4.064 4.223 -5.383 0.389
P111783 4.433 4.390 -5.818 0.454
P111784 4.087 3.816 -3.989 0.567
P111785 4.088 4.082 -5.557 0.360
P111786 4.286 4.152 -5.126 0.929
P111788 4.117 4.144 -5.345 1.065
P111792 4.452 4.516 -5.692 0.426
P111793 4.123 4.234 -5.171 0.416
P111794 4.086 4.146 -5.442 0.334
P111797 4.465 4.566 -5.213 0.500
P111800 4.039 4.067 -5.173 0.515
P111801 4.243 4.192 -4.725 0.391
P111802 4.096 4.263 -4.706 0.942
P111804 4.332 4.413 -5.446 0.371
P111805 4.116 4.272 -4.987 0.859
P111809 3.741 3.883 -5.475 0.646
P111810 3.754 3.885 -5.355 0.530
P111811 3.865 3.685 -4.174 0.836
P111812 3.845 3.683 -5.664 0.787
P111814 3.691 3.813 -5.135 0.765
P111815 3.797 3.823 -5.318 0.703
P111816 4.048 3.959 -4.537 0.463
P111817 4.346 4.446 -4.827 0.683
P111819 4.416 4.536 -5.102 0.314
P111821 4.029 3.977 -4.276 1.371
P111822 4.122 4.314 -4.949 0.833
P111824 4.028 4.570 -5.264 2.674
P111825 4.446 4.641 -5.247 0.362
P111827 4.315 4.421 -5.218 0.325
P111828 4.197 4.257 -5.076 0.429
P111831 3.769 4.098 -5.528 0.773
P111833 4.201 4.198 -5.123 0.472
P111835 4.022 4.090 -4.946 0.726
P111836 4.271 4.508 -5.269 0.662
P111838 4.162 4.274 -4.539 0.637
P111839 4.357 4.193 -4.971 1.493
P111840 4.152 4.114 -4.949 0.551
P111841 4.061 4.129 -5.328 0.396
P111843 4.019 4.073 -3.929 1.068
P111844 4.052 3.973 -4.129 0.608
P111845 4.525 4.644 -5.979 0.607
P111846 4.019 4.070 -4.836 0.541
P111848 4.338 4.430 -5.154 0.378
P111850 4.142 4.139 -5.350 0.626
P111853 4.111 4.150 -5.106 0.400
P111854 4.460 4.274 -4.606 1.184
P111855 4.039 4.307 -4.740 1.794
P111857 4.262 4.277 -5.147 0.420
P111861 4.124 4.134 -4.725 0.331
P111862 3.926 4.142 -5.692 0.732
P111863 3.979 4.017 -5.020 0.734
P111864 4.266 4.192 -4.919 0.811
P111865 4.080 4.007 -5.056 0.939
P111866 4.100 4.198 -6.032 0.602
P111868 4.223 4.172 -5.100 0.908
P111869 4.371 4.467 -5.344 0.440
P111870 4.036 4.054 -5.524 0.843
P111871 4.308 4.276 -5.132 0.847
P111872 3.980 4.185 -4.746 0.649
P111873 4.345 4.414 -5.259 0.427
P111874 4.167 4.268 -5.461 0.408
P111876 4.103 4.288 -5.163 0.438
P111878 4.185 4.038 -5.438 0.567
P111880 3.829 3.801 -5.042 0.860
P111881 3.951 3.930 -4.607 0.407
P111883 3.791 3.868 -4.992 0.332
P111884 4.426 4.470 -5.575 0.885
P111886 4.047 4.054 -4.950 0.664
P111887 4.375 4.466 -4.815 0.936
P111888 4.169 3.989 -4.938 0.863
P111889 3.971 3.983 -4.781 1.103
P111890 4.133 4.263 -4.772 1.083
P111892 4.289 4.495 -5.079 0.541
P111893 4.184 4.308 -4.747 0.764
P111895 3.800 3.849 -5.145 1.057
P111896 3.738 3.834 -4.877 0.817
P111897 3.776 3.773 -4.648 0.733
P111898 3.883 4.005 -5.158 0.914
P111899 3.832 3.905 -4.715 0.351
P111901 4.224 4.196 -5.172 0.779
P111903 4.128 4.132 -5.030 0.473
P111904 4.108 4.204 -5.021 0.332
P111905 3.951 3.958 -4.867 0.392
P111907 3.870 3.656 -4.361 0.480
P111908 4.363 4.436 -4.988 0.582
P111909 4.189 4.280 -4.503 0.515
P111912 3.874 3.955 -4.325 0.765
P111914 3.961 4.003 -5.269 1.257
P111915 3.880 3.871 -4.950 1.919
P111917 3.908 3.981 -4.970 0.333
P111919 3.686 3.710 -4.306 0.888
P111921 3.828 3.922 -5.288 0.297
P111922 4.172 4.241 -6.004 0.878
P111924 4.171 4.025 -5.952 0.798
P111926 3.785 3.742 -4.831 0.550
P111927 4.093 4.240 -5.166 0.550
P111929 3.685 3.666 -5.135 0.550
P111930 3.603 3.737 -5.314 0.795
P111931 3.676 3.718 -5.196 0.828
P111932 3.713 3.927 -4.972 0.735
P111934 3.836 4.036 -5.081 0.574
P111935 3.981 3.628 -4.999 0.967
P111936 4.026 3.986 -4.957 0.645
P111938 4.032 4.119 -5.250 0.345
P111940 3.866 3.661 -4.040 0.578
P111941 3.895 3.967 -5.299 0.663
P111942 3.765 3.905 -5.746 0.571
P111943 3.810 3.875 -4.864 0.268
P111945 4.218 4.295 -5.419 0.386
P111946 4.328 4.342 -5.135 0.304
P111948 3.878 3.866 -5.299 0.264
P111950 3.697 3.547 -4.875 0.586
P111951 4.071 4.020 -4.974 0.341
P111953 3.726 3.901 -5.229 1.133
P111954 4.464 4.493 -4.845 0.323
P111955 3.805 3.923 -4.585 0.429
P111957 3.987 4.356 -5.626 0.738
P111958 3.669 3.905 -5.873 2.008
P111959 3.963 3.920 -4.862 0.219
P111961 3.930 4.089 -4.787 0.510
P111962 4.141 4.342 -5.157 0.856
P111963 4.146 4.057 -5.302 0.823
P111964 3.993 3.952 -4.985 0.664
P111967 4.350 4.454 -5.745 0.780
P111969 4.411 4.361 -5.621 0.803
P111970 4.048 4.025 -5.142 0.393
P111971 4.348 4.307 -4.998 0.353
P111973 4.097 3.946 -4.155 0.744
P111974 4.398 4.634 -5.232 0.952
P111975 4.391 4.405 -4.589 0.834
P111976 4.010 4.086 -5.072 0.325
P111978 4.155 4.213 -5.106 1.116
P111979 3.788 3.670 -4.654 0.679
P111980 3.924 3.941 -5.135 0.737
P111981 3.736 3.747 -5.523 0.450
P111982 3.979 3.851 -5.199 0.798
P111983 4.026 4.090 -4.908 0.884
P111985 4.032 4.276 -5.517 0.983
P111986 4.125 4.234 -5.011 0.603
P111987 3.780 3.716 -4.290 0.478
P111989 4.351 4.259 -4.766 0.365
P111990 4.141 4.131 -4.999 0.539
P111991 3.944 3.805 -4.716 1.274
P111993 3.851 3.980 -5.260 0.466
P111994 4.013 3.828 -4.919 0.827
P111995 4.065 3.958 -4.853 0.550
P111997 4.024 4.083 -4.846 0.291
P111999 4.120 4.274 -4.941 0.324
P112000 4.130 3.972 -4.518 1.277
P112001 3.901 3.955 -4.642 0.487
P112002 3.938 3.999 -5.173 0.262
P112003 4.130 4.405 -4.636 1.064
P112004 4.367 4.310 -4.439 0.758
P112005 4.302 4.405 -5.435 0.484
P112008 4.034 4.129 -4.961 0.305
P112009 3.953 4.020 -5.125 0.873
P112011 4.024 3.938 -5.287 0.657
P112012 4.427 4.452 -4.607 0.315
P112015 4.142 4.164 -5.118 1.276
P112016 4.015 4.168 -5.060 0.624
P112018 3.830 3.708 -4.538 0.772
P112019 4.132 3.917 -3.975 0.650
P112020 4.100 4.102 -4.427 1.686
P112021 4.056 3.973 -3.832 0.809
P112022 4.315 4.233 -4.641 2.232
P112024 3.812 3.870 -4.717 0.422
P112025 4.133 4.280 -4.678 0.343
P112026 4.035 4.126 -5.309 0.314
P112028 4.125 4.299 -4.927 0.932
P112034 3.675 4.076 -5.790 1.053
P112035 3.919 4.011 -4.954 0.356
P112038 4.362 4.458 -5.526 0.384
P112039 4.299 4.183 -5.148 0.492
P112040 4.376 4.414 -5.406 1.135
P112041 4.189 4.157 -5.557 0.863
P112043 3.936 4.007 -4.639 0.570
P112045 4.203 4.432 -5.307 0.496
P112046 4.142 4.250 -4.992 0.312
P112048 3.889 3.937 -5.153 0.418
P112049 4.067 4.077 -5.463 0.618
P112050 4.449 4.396 -5.098 0.612
P112052 3.953 4.212 -4.760 1.143
P112053 4.025 3.998 -4.712 1.301
P112054 4.070 4.096 -4.909 0.449
P112056 4.092 4.085 -5.119 0.670
P112057 4.416 4.447 -5.057 0.423
P112063 4.337 4.387 -5.443 0.754
P112067 4.052 4.172 -4.932 0.475
P112068 4.397 4.447 -5.353 0.624
P112074 4.074 4.141 -4.028 0.746
P112077 4.419 4.390 -5.411 0.440
P112079 4.143 4.176 -5.177 0.542
P112081 4.269 4.163 -5.507 1.367
P112085 4.405 4.483 -4.702 0.709
P112086 4.429 4.286 -5.443 1.115
P112087 4.360 4.407 -5.508 0.866
P112088 4.311 4.419 -5.123 0.338
P112089 4.270 4.232 -4.538 0.947
P112092 4.390 4.532 -5.222 0.564
P112094 4.004 4.143 -5.296 0.439
P112099 4.057 4.054 -5.253 0.666
P112103 4.328 4.457 -5.434 0.581
P112104 4.333 4.388 -4.923 0.600
P112114 4.586 4.524 -5.782 0.713
P112119 4.167 4.304 -5.166 0.333
P112121 4.286 4.388 -5.505 0.847
P112123 4.445 4.443 -5.459 1.070
P112128 4.066 4.174 -5.280 0.680
P112131 4.170 4.488 -5.001 1.083
P112136 4.198 4.139 -5.252 0.551
P112139 4.162 4.168 -5.306 1.122
P112143 4.140 4.308 -5.066 0.409
P112144 4.297 4.356 -4.921 1.993
P112145 4.009 3.984 -4.629 0.608
P112146 4.010 4.089 -5.026 0.595
P112148 4.301 4.365 -5.464 0.541
P112151 4.145 4.216 -5.087 0.416
P112154 4.097 4.202 -5.758 0.750
P112158 4.280 4.441 -4.719 0.673
P112160 4.188 4.261 -5.319 0.871
P112161 4.235 4.365 -5.115 0.489
P112163 4.426 4.591 -5.300 1.730
P112164 4.473 4.310 -4.482 1.230
P112165 4.383 4.579 -5.304 0.675
P112166 4.159 4.166 -3.888 0.294
P112168 4.245 4.239 -4.899 0.804
P112169 4.728 4.480 -4.344 0.932
P112170 4.209 4.302 -5.417 0.515
P112171 4.091 4.138 -5.238 0.323
P112173 4.254 4.188 -5.037 0.965
P112174 4.197 4.242 -4.886 0.780
P112175 4.393 4.414 -4.856 0.341
P112176 4.146 4.255 -5.303 0.295
P112178 4.187 4.261 -5.220 0.934
P112179 4.441 4.521 -5.007 1.271
P112180 4.268 4.215 -5.457 0.800
P112182 3.838 3.987 -4.690 0.725
P112183 4.094 4.136 -5.623 0.797
P112184 4.238 4.289 -5.548 1.643
P112185 4.014 4.017 -4.751 0.672
P112187 3.895 4.147 -5.070 0.795
P112188 4.154 4.253 -5.525 0.898
P112190 4.445 4.564 -5.557 0.463
P112192 3.886 3.887 -5.556 0.261
P112193 4.134 4.317 -4.763 1.006
P112195 4.103 4.195 -4.955 0.920
P112196 4.494 4.568 -4.522 1.360
P112198 4.335 4.364 -5.464 0.473
P112203 3.928 3.903 -5.766 0.260
P112204 4.031 4.086 -4.941 0.264
P112207 4.183 4.352 -5.187 0.557
P112208 4.498 4.697 -5.447 0.500
P112209 4.444 4.485 -5.781 0.350
P112210 4.099 4.220 -5.209 0.896
P112211 4.333 4.448 -4.691 0.558
P112212 4.438 4.469 -4.910 0.621
P112213 4.315 4.211 -4.921 1.584
P112214 3.976 3.926 -4.356 0.764
P112217 4.339 4.466 -5.305 0.814
P112219 4.284 4.366 -4.625 0.246
P112223 4.024 3.861 -4.158 1.574
P112227 4.376 4.353 -5.251 0.980
P112230 4.500 4.453 -5.059 0.895
P112231 4.253 4.451 -5.146 0.965
P112234 4.160 4.263 -4.883 0.455
P112237 4.185 4.293 -5.268 0.587
P112238 4.443 4.356 -5.175 0.439
P112241 4.175 4.238 -4.748 0.689
P112242 4.234 4.294 -5.212 0.515
P112244 4.554 4.588 -4.873 0.286
P112246 4.283 4.388 -5.287 0.752
P112250 4.350 4.249 -4.710 0.785
P112252 4.161 4.205 -5.207 1.073
P112253 4.347 4.316 -4.681 0.883
P112257 4.203 4.399 -5.396 0.631
P112259 4.172 4.309 -5.241 1.312
P112260 4.349 4.410 -5.054 0.966
P112261 4.192 4.317 -4.798 1.479
P112262 4.224 4.336 -4.497 0.595
P112263 4.046 4.265 -5.324 0.974
P112264 4.248 4.297 -4.997 1.275
P112266 4.051 3.966 -4.387 1.503
P112268 4.307 4.400 -5.552 0.973
P112269 4.231 4.095 -5.559 1.259
P112270 3.866 4.102 -4.607 1.001
P112272 4.021 4.083 -6.022 0.710
P112276 3.879 3.906 -5.291 0.497
P112277 3.751 3.849 -5.568 0.537
P112280 4.526 4.620 -5.774 1.173
P112282 4.379 4.258 -4.735 0.461
P112284 4.594 4.821 -5.312 0.774
P112287 4.223 4.350 -6.030 0.701
P112290 3.926 4.115 -5.274 0.647
P112291 4.435 4.377 -5.580 0.745
P112296 4.128 4.008 -4.730 0.636
P112300 4.399 4.492 -5.276 0.456
P112301 4.127 4.238 -5.543 0.880
P112304 4.006 4.103 -4.921 0.943
P112305 4.313 4.281 -5.306 0.537
P112308 4.107 4.219 -5.082 0.323
P112309 4.280 3.988 -4.075 0.554
P112310 4.102 4.387 -5.113 1.152
P112311 4.189 4.522 -5.026 1.521
P112312 4.439 4.329 -4.511 0.541
P112314 4.204 4.281 -5.358 0.414
P112315 4.204 4.244 -5.699 0.414
P112316 4.564 4.589 -6.111 0.604
P112317 4.554 4.451 -4.262 0.483
P112319 4.186 4.148 -3.760 0.705
P112322 4.362 4.519 -5.015 0.890
P112323 4.113 4.452 -4.965 0.768
P112325 4.629 4.605 -5.239 0.984
P112327 4.454 4.593 -4.889 0.689
P112328 4.278 4.295 -4.691 0.389
P112329 4.393 4.446 -4.951 0.862
P112331 4.285 4.434 -4.817 0.391
P112332 4.339 4.402 -5.035 0.698
P112334 4.433 4.225 -4.702 1.162
P112335 4.215 4.379 -4.610 0.569
P112336 4.335 4.402 -4.990 0.474
P112337 4.379 4.297 -4.481 0.474
P112338 4.438 4.495 -5.398 0.522
P112340 4.391 4.421 -5.353 0.280
P112343 4.140 4.263 -5.039 0.764
P112347 4.181 4.368 -4.812 0.526
P112349 4.307 4.304 -5.080 0.963
P112350 4.487 4.374 -5.162 0.984
P112351 4.443 4.536 -5.160 0.649
P112354 4.236 4.391 -5.165 1.369
P112356 4.583 4.468 -4.908 0.497
P112357 4.309 4.417 -5.556 0.355
P112359 4.538 4.497 -5.665 0.890
P112360 4.063 4.039 -4.426 0.681
P112361 4.094 4.319 -5.059 0.891
P112362 4.179 4.143 -4.141 0.334
P112365 4.343 4.229 -5.771 0.602
P112366 3.972 4.318 -5.424 0.795
P112367 4.263 4.293 -5.287 0.684
P112368 4.315 4.044 -4.633 0.819
P112369 4.127 4.284 -5.335 0.642
P112370 4.030 4.103 -5.055 0.198
P112373 3.818 4.387 -5.888 1.542
P112375 4.341 4.339 -4.652 0.374
P112376 4.163 4.284 -5.307 0.593
P112377 4.137 4.153 -4.949 1.050
P112378 4.305 4.340 -5.651 0.435
P112379 4.145 4.148 -5.396 0.946
P112381 4.573 4.649 -6.016 0.445
P112383 4.219 4.420 -4.521 0.502
P112385 4.390 4.548 -5.305 0.255
P112387 4.343 4.235 -5.415 0.436
P112388 4.213 4.594 -4.978 1.010
P112389 4.192 4.280 -5.235 0.675
P112390 4.239 4.376 -5.548 0.384
P112391 4.552 4.527 -5.405 0.785
P112392 4.370 4.428 -5.003 0.694
P112393 4.073 3.883 -4.576 1.445
P112395 4.391 4.626 -4.683 0.881
P112396 4.208 4.423 -4.683 1.193
P112399 4.319 4.262 -5.029 0.393
P112400 4.160 4.502 -4.991 1.055
P112401 4.112 4.202 -5.080 0.557
P112404 4.392 4.475 -5.565 0.858
P112405 4.189 4.247 -5.143 0.264
P112409 4.633 4.713 -5.609 0.642
P112412 4.201 4.232 -5.449 0.338
P112414 4.287 4.328 -5.261 0.933
P112416 4.379 4.432 -5.109 0.466
P112418 4.299 4.231 -4.647 0.664
P112424 4.467 4.551 -4.847 0.295
P112426 4.144 4.054 -3.772 1.239
P112428 4.551 4.560 -4.783 1.496
P112430 4.077 4.140 -5.143 0.860
P112431 4.266 4.362 -5.154 0.263
P112434 4.002 4.159 -5.380 0.350
P112440 4.040 4.244 -5.552 0.957
P112441 4.183 4.173 -5.137 0.990
P112442 4.601 4.539 -4.961 0.392
P112446 4.269 4.195 -4.511 0.272
P112450 4.518 4.661 -5.080 0.876
P112453 4.350 4.250 -5.556 0.579
P112454 4.536 4.569 -4.739 0.875
P112456 4.114 4.298 -5.146 0.407
P112457 4.200 4.153 -5.048 1.367
P112460 4.080 4.289 -5.255 0.763
P112461 4.467 4.553 -5.292 0.667
P112463 3.776 3.885 -4.735 0.630
P112464 4.413 4.445 -6.159 0.806
P112465 4.513 4.569 -5.241 0.751
P112467 4.660 4.585 -5.756 0.808
P112469 4.197 4.288 -5.359 0.806
P112470 4.504 4.621 -5.442 0.649
P112472 4.130 4.284 -4.851 1.031
P112473 4.406 4.323 -4.743 0.477
P112474 4.299 4.291 -5.115 1.172
P112475 4.440 4.470 -5.154 0.222
P112476 4.487 4.306 -4.550 0.901
P112477 4.318 4.401 -5.216 1.404
P112478 3.960 4.026 -5.103 0.637
P112482 4.138 4.193 -5.339 0.631
P112484 4.589 4.596 -5.416 0.177
P112485 4.501 4.617 -6.042 0.763
P112488 4.249 4.158 -5.510 0.398
P112491 4.592 4.443 -5.258 0.799
P112494 4.172 4.189 -5.378 0.561
P112497 4.435 4.444 -5.504 0.994
P112498 4.100 3.996 -4.697 1.344
P112499 4.295 4.176 -4.872 0.606
P112500 4.165 4.151 -5.356 1.112
P112503 4.068 4.226 -5.507 0.301
P112507 4.248 4.364 -5.272 0.280
P112510 4.469 4.481 -5.465 1.097
P112512 4.178 4.043 -3.905 1.262
P112514 4.496 4.517 -5.307 0.484
P112518 4.000 4.049 -3.949 1.291
P112520 4.293 4.348 -5.123 0.819
P112521 4.493 4.408 -4.400 1.046
P112522 4.096 4.108 -5.378 0.713
P112523 4.111 4.114 -5.036 0.792
P112526 3.943 4.033 -4.977 0.414
P112528 3.879 3.837 -4.985 1.002
P112529 4.048 3.916 -4.828 0.792
P112532 4.054 4.087 -4.444 1.218
P112533 3.896 3.812 -5.213 0.941
P112537 4.184 4.358 -5.391 0.668
P112540 4.059 4.106 -5.021 0.551
P112543 3.855 3.921 -4.785 1.215
P112546 3.929 3.952 -5.138 0.420
P112547 3.875 3.983 -5.354 1.014
P112551 4.050 3.998 -5.155 0.435
P112556 4.430 4.335 -5.649 0.302
P112557 4.103 4.068 -5.165 0.335
P112560 4.265 4.267 -4.942 0.473
P112562 4.286 4.363 -5.275 0.748
P112563 4.198 4.226 -4.944 0.509
P112564 4.109 4.187 -5.301 0.768
P112565 4.423 4.478 -4.952 0.792
P112566 4.454 4.534 -5.244 0.832
P112568 4.155 4.032 -4.509 1.577
P112569 4.611 4.429 -4.881 0.529
P112571 4.141 4.164 -5.474 0.836
P112573 3.942 4.119 -5.788 0.868
P112574 3.746 3.829 -5.360 0.851
P112579 3.824 4.155 -5.353 1.121
P112582 4.041 4.119 -4.489 0.635
P112584 3.700 3.761 -4.914 1.498
P112588 3.936 3.967 -5.168 0.363
P112591 4.345 4.498 -5.768 0.808
P112592 4.234 4.323 -5.004 0.735
P112593 4.107 3.993 -4.884 1.511
P112600 4.489 4.578 -5.397 0.667
P112601 4.247 4.121 -4.125 0.959
P112602 4.287 4.383 -5.538 0.810
P112603 4.248 4.170 -5.221 0.368
P112605 4.016 3.936 -4.873 0.400
P112606 3.966 3.827 -5.079 0.751
P112607 4.026 3.853 -5.136 0.316
P112610 4.231 4.358 -5.204 0.540
P112612 4.261 4.146 -5.574 0.660
P112614 4.120 4.213 -5.130 0.321
P112617 4.037 3.890 -5.081 0.532
P112619 4.358 4.459 -5.435 1.266
P112621 4.150 4.230 -5.144 0.679
P112622 4.225 4.397 -5.419 0.445
P112625 4.591 4.646 -5.951 0.562
P112626 4.251 4.272 -5.674 0.364
P112627 4.037 4.114 -5.448 1.107
P112631 4.174 4.284 -5.462 0.497
P112632 4.320 4.405 -5.591 0.403
P112634 4.202 4.282 -5.337 0.391
P112635 4.587 4.387 -4.817 0.557
P112639 4.091 4.186 -5.236 0.755
P112640 4.250 4.004 -4.380 1.645
P112643 4.169 4.160 -5.183 0.469
P112645 4.092 3.884 -5.205 0.608
P112646 3.863 3.790 -5.037 1.003
P112648 4.054 4.004 -4.958 0.642
P112649 4.046 4.051 -5.088 0.350
P112650 4.303 4.229 -5.270 0.872
P112651 3.924 3.933 -4.989 1.013
P112653 3.856 3.777 -4.231 0.523
P112655 4.077 4.030 -4.890 0.358
P112656 3.835 3.844 -5.015 0.484
P112660 4.201 4.315 -5.405 0.430
P112663 4.196 4.225 -5.569 0.442
P112664 4.182 4.193 -5.023 0.634
P112665 4.322 4.219 -4.813 0.947
P112667 4.218 4.325 -5.485 0.588
P112668 4.502 4.347 -4.602 0.528
P112669 4.448 4.619 -5.427 0.535
P112670 4.161 4.205 -5.244 0.442
P112673 4.440 4.458 -5.294 0.275
P112675 4.006 4.038 -4.426 0.601
P112676 4.207 4.395 -5.152 0.500
P112677 4.137 4.118 -4.928 0.919
P112682 4.392 4.525 -5.711 0.369
P112685 4.191 4.308 -5.116 0.657
P112689 4.580 4.680 -5.766 0.597
P112692 4.176 4.142 -5.337 0.343
P112695 4.100 4.265 -5.229 0.490
P112699 4.136 4.353 -5.026 0.360
P112700 4.407 4.367 -6.131 0.850
P112701 4.280 4.309 -5.584 0.277
P112703 4.101 4.056 -5.286 0.533
P112704 4.325 4.372 -5.819 0.356
P112705 3.986 3.972 -5.167 0.503
P112706 4.070 4.306 -5.577 1.238
P112708 4.217 4.286 -5.253 0.366
P112709 3.941 3.947 -5.196 0.733
P112710 5.211 5.157 -6.911 0.672
P112711 5.440 4.987 -5.986 2.198
P112712 4.993 4.778 -7.119 0.830
P112713 5.285 5.169 -7.085 0.819
P112714 5.279 5.278 -7.131 0.728
P112715 5.173 5.098 -7.642 0.622
P112716 5.411 5.394 -7.124 1.157
P112717 5.351 5.475 -7.280 0.710
P112718 5.269 5.065 -7.010 1.213
P112719 5.375 5.339 -7.127 1.111
P112720 5.334 5.334 -7.328 1.019
P112721 5.280 5.151 -6.520 0.950
P112722 5.365 5.394 -7.459 0.690
P112723 5.110 4.971 -7.392 0.896
P112724 5.364 5.233 -6.822 0.875
P112725 5.344 5.227 -6.838 0.846
P112726 5.291 5.275 -6.500 0.131
P112727 5.477 5.121 -7.227 1.423
P112728 5.291 5.167 -6.781 1.038
P112729 5.591 5.208 -6.197 1.756
P112730 5.427 5.372 -6.984 0.756
P112731 5.295 5.086 -7.559 1.074
P112732 5.309 5.316 -6.956 0.820
P112733 5.248 5.208 -6.731 0.597
P112734 5.177 5.155 -6.844 0.712
P112735 5.308 5.346 -7.047 1.085
P112736 5.386 5.191 -6.610 1.142
P112737 5.353 5.140 -6.803 1.167
P112738 5.334 5.208 -6.989 1.283
P112739 5.470 5.383 -6.981 1.173
P112740 5.535 5.496 -7.367 1.160
P112741 5.310 5.273 -6.975 0.542
P112742 5.287 4.945 -7.248 0.741
P112743 5.303 5.274 -6.665 0.561
P112744 5.280 5.110 -7.057 1.328
P112745 5.543 5.021 -6.193 2.126
P112746 5.175 5.186 -7.038 0.736
P112747 5.567 5.139 -6.692 1.962
P112748 5.290 5.302 -6.965 0.596
P112749 5.372 5.268 -6.986 0.832
P112750 5.430 5.332 -7.032 1.031
P112751 5.448 5.423 -7.104 0.506
P112752 5.316 5.248 -7.427 0.719
P112753 5.384 5.025 -7.049 1.647
P112754 5.642 5.050 -6.482 1.607
P112755 5.660 5.266 -5.847 1.777
P112756 5.532 5.469 -7.068 1.082
P112757 5.518 5.204 -7.050 1.536
P112759 5.174 5.412 -7.267 1.241
P112760 5.448 5.382 -7.174 1.178
P112761 5.237 5.232 -7.067 0.959
P112763 5.318 5.315 -7.356 0.736
P112764 5.441 5.457 -6.833 0.480
P112765 5.551 5.279 -6.425 1.100
P112766 5.427 5.322 -6.963 1.080
P112767 5.366 5.025 -6.982 0.984
P112768 5.648 5.362 -6.748 2.114
P112769 5.331 5.211 -6.526 0.789
P112770 5.620 5.439 -6.857 1.310
P112771 5.354 5.191 -6.947 0.971
P112772 5.476 5.332 -6.904 1.205
P112773 5.580 5.435 -7.202 1.272
P112774 5.548 5.285 -7.035 1.411
P112775 5.518 5.492 -7.617 0.775
P112776 5.625 5.446 -6.818 1.124
P112777 5.475 5.458 -7.178 1.237
P112778 5.383 5.367 -6.991 0.841
P112779 5.244 5.300 -7.082 1.437
P112780 5.515 5.361 -6.964 1.087
P112781 5.495 5.259 -6.580 1.439
P112782 5.611 5.490 -7.021 1.145
P112783 5.451 5.340 -6.943 1.198
P112784 5.436 5.356 -6.720 1.387
P112785 5.186 5.096 -7.163 0.751
P112786 5.457 5.305 -6.969 0.923
P112787 5.587 5.537 -7.032 1.113
P112788 5.457 5.310 -7.108 0.790
P112789 5.607 5.439 -7.188 1.175
P112790 5.405 5.259 -6.936 0.847
P112791 5.504 5.314 -7.155 0.749
P112792 5.287 5.193 -6.772 0.841
P112793 5.391 5.271 -7.158 0.537
P112794 5.583 5.373 -6.856 1.109
P112795 5.482 5.302 -6.793 1.251
P112796 5.630 5.531 -7.192 1.407
P112797 5.449 5.407 -7.114 0.535
P112798 5.424 5.218 -7.129 1.154
P112799 5.391 5.300 -6.758 0.506
P112800 5.444 5.294 -6.980 0.921
P112801 5.587 5.505 -6.994 1.254
P112802 5.262 5.072 -6.495 1.115
P112803 5.586 5.417 -7.000 1.124
P112804 5.323 5.305 -6.909 0.564
P112805 5.482 5.410 -7.460 1.172
P112806 5.648 5.125 -6.904 1.598
P112807 5.566 5.284 -7.216 1.164
P112808 5.471 5.400 -7.201 0.648
P112810 5.568 5.242 -6.349 1.383
P112811 5.637 5.377 -6.923 1.376
P112812 5.636 5.549 -6.755 1.651
P112813 5.420 5.410 -7.894 0.766
P112814 5.363 5.222 -7.108 0.743
P112815 5.485 5.258 -7.366 1.186
P112816 5.514 5.469 -6.575 0.447
P112817 5.508 5.402 -7.574 0.632
P112818 5.180 5.462 -7.421 1.048
P112819 5.666 5.512 -7.368 1.344
P112820 5.711 5.543 -7.160 1.213
P112821 5.599 5.689 -7.193 1.294
P112822 5.521 5.399 -6.823 1.139
P112823 5.536 5.319 -6.808 1.416
P112825 5.533 5.525 -7.007 0.477
P112826 5.556 5.282 -7.139 0.895
P112827 5.786 5.500 -6.549 1.371
P112828 5.739 5.391 -6.583 1.636
P112829 5.734 5.460 -5.993 1.741
P112830 5.603 5.653 -6.829 0.580
P112831 5.532 5.428 -6.679 1.008
P112832 5.586 5.451 -6.873 1.164
P112833 5.666 5.537 -7.208 1.333
P112834 5.476 5.243 -7.540 0.766
P112835 5.752 5.563 -7.259 1.471
P112836 5.595 5.448 -6.681 0.896
P112838 5.486 5.536 -7.477 0.744
P112839 5.393 5.386 -6.967 0.762
P112840 5.610 5.431 -7.112 0.841
P112841 5.018 5.420 -7.307 0.983
P112842 5.363 5.389 -7.077 1.393
P112843 5.359 5.400 -7.301 0.514
P112844 5.642 5.504 -6.797 1.162
P112845 5.553 5.416 -5.998 0.408
P112846 5.567 5.444 -7.117 1.050
P112847 5.664 5.465 -6.909 1.251
P112849 5.373 5.422 -7.010 0.778
P112850 5.628 5.377 -6.947 1.300
P112851 5.381 5.194 -7.024 0.941
P112852 5.285 5.319 -7.274 1.294
P112854 5.293 5.172 -7.658 0.723
P112855 5.477 4.977 -7.440 1.809
P112856 5.670 5.587 -7.265 1.445
P112857 5.645 5.557 -7.335 1.358
P112858 5.672 5.306 -6.856 1.487
P112859 5.456 5.437 -7.085 1.072
P112860 5.594 5.479 -6.861 0.995
P112862 5.438 5.379 -7.372 0.744
P112864 5.487 5.293 -7.371 1.023
P112865 5.490 5.307 -6.740 1.423
P112866 5.420 5.579 -7.459 1.164
P112867 5.571 5.447 -7.127 0.967
P112868 5.559 5.407 -7.135 0.985
P112869 5.333 5.224 -7.324 0.886
P112870 5.595 5.445 -7.085 1.397
P112871 5.411 5.084 -7.154 0.850
P112872 5.488 5.457 -7.441 0.484
P112873 5.449 5.283 -7.597 1.264
P112874 5.571 5.375 -7.089 1.086
P112875 5.552 5.418 -7.810 0.739
P112876 5.657 5.623 -7.486 0.578
P112877 5.773 5.631 -6.887 1.375
P112878 5.791 5.631 -7.547 1.430
P112879 5.550 5.540 -7.335 0.556
P112881 5.695 5.668 -6.908 0.473
P112882 5.546 5.330 -6.937 1.200
P112883 5.484 5.274 -7.442 0.892
P112884 5.588 5.519 -7.094 1.103
P112885 5.650 5.448 -6.094 0.941
P112886 5.485 5.337 -7.393 1.281
P112887 5.548 5.355 -7.420 1.607
P112888 5.528 5.406 -7.263 0.708
P112890 5.538 5.417 -7.343 1.086
P112891 5.578 5.300 -7.266 1.119
P112892 5.579 5.502 -6.920 0.778
P112893 5.535 5.456 -6.824 0.791
P112894 5.383 5.212 -6.464 1.466
P112895 5.648 5.586 -7.208 0.809
P112896 5.236 5.677 -7.404 1.152
P112897 5.833 5.682 -7.250 1.446
P112898 5.665 5.362 -7.520 1.545
P112899 5.607 5.531 -7.687 0.898
P112900 5.557 5.422 -6.965 1.011
P112901 5.850 5.748 -6.880 0.892
P112902 5.524 5.290 -6.721 1.256
P112903 5.685 5.540 -7.073 0.524
P112904 5.574 5.138 -7.422 1.797
P112905 5.396 5.177 -6.998 0.995
P112906 5.612 5.454 -7.347 1.060
P112907 5.341 5.611 -7.538 0.985
P112908 5.725 5.305 -6.900 2.732
P112909 5.600 5.373 -7.370 1.471
P112911 5.775 5.677 -6.699 1.004
P112912 5.702 5.566 -6.771 1.260
P112913 5.670 5.549 -7.226 0.785
P112914 5.730 5.428 -7.291 1.222
P112915 5.660 5.384 -6.281 1.245
P112916 5.847 5.818 -7.242 0.821
P112917 5.624 5.393 -7.557 1.114
P112918 5.467 5.367 -7.115 1.239
P112919 5.581 5.452 -7.445 1.057
P112921 5.688 5.642 -7.048 0.473
P112922 5.600 5.494 -7.425 0.429
P112923 5.754 5.427 -6.595 1.261
P112924 5.482 5.201 -7.164 0.818
P112925 5.581 5.426 -7.407 1.124
P112927 5.451 5.208 -5.605 0.462
P112928 5.220 5.035 -6.016 2.867
P112929 5.655 5.473 -7.476 0.916
P112930 5.689 5.685 -7.579 1.235
P112931 5.680 5.554 -6.959 1.047
P112932 5.608 5.469 -7.985 2.511
P112933 5.554 5.232 -7.418 1.238
P112934 5.763 5.745 -7.490 1.355
P112935 5.700 5.381 -6.708 1.221
P112936 5.640 5.693 -6.747 0.573
P112937 5.813 5.579 -6.637 0.933
P112938 5.682 5.565 -7.052 0.786
P112939 5.939 5.541 -7.534 1.114
P112940 5.469 5.419 -7.180 1.855
P112941 5.620 5.423 -7.398 1.166
P112942 5.591 5.547 -7.144 1.186
P112944 5.596 5.404 -7.019 1.053
P112946 5.746 5.560 -7.023 1.461
P112947 5.661 5.566 -6.921 0.759
P112948 5.723 5.475 -8.108 1.198
P112949 5.782 5.764 -6.747 1.048
P112950 5.814 5.636 -6.790 1.445
P112951 5.621 5.497 -7.989 0.743
P112952 5.042 5.209 -7.433 1.969
P112953 5.578 5.603 -6.937 0.641
P112955 5.807 5.672 -7.622 1.093
P112956 5.840 5.693 -7.587 1.016
P112957 5.826 5.599 -6.652 1.393
P112958 5.858 5.470 -6.443 2.254
P112959 5.616 5.400 -7.399 1.389
P112960 5.412 5.449 -7.042 0.683
P112961 5.615 5.564 -7.361 0.780
P112962 5.681 5.459 -7.336 1.173
P112963 5.803 5.578 -6.863 1.030
P112964 5.632 5.444 -7.916 1.508
P112965 5.783 5.711 -7.530 0.983
P112966 5.795 5.593 -6.280 0.737
P112968 5.946 5.650 -7.588 0.796
P112969 5.655 5.550 -6.655 0.956
P112970 5.783 5.752 -7.483 0.938
P112971 5.808 5.612 -7.559 1.170
P112972 5.757 5.765 -7.282 1.541
P112973 5.822 5.625 -6.818 1.100
P112974 5.502 5.491 -7.225 0.595
P112975 5.760 5.453 -7.656 1.147
P112976 5.646 5.492 -7.258 1.052
P112977 5.684 5.616 -7.788 0.625
P112978 5.719 5.529 -7.350 0.793
P112979 5.707 5.608 -7.594 0.539
P112981 5.737 5.567 -6.888 1.065
P112982 5.660 5.482 -6.472 0.862
P112983 5.628 5.463 -7.291 1.444
P112984 5.522 5.224 -7.131 1.078
P112985 5.786 5.640 -7.279 1.203
P112986 5.284 5.169 -7.071 0.680
P112987 5.842 5.322 -6.821 1.627
P112988 5.811 5.470 -8.209 1.954
P112989 5.629 4.981 -6.832 1.771
P112990 5.766 5.783 -7.747 1.029
P112991 5.609 5.453 -7.506 0.660
P112992 5.773 5.618 -7.463 1.091
P112994 5.431 5.371 -6.525 0.687
P112995 5.810 5.581 -6.418 0.834
P112997 5.806 5.594 -6.878 1.727
P112998 5.714 5.500 -6.970 1.439
P112999 5.754 5.835 -6.983 1.077
P113000 6.091 5.464 -6.741 1.765
P113001 5.616 5.342 -6.789 1.163
P113002 5.703 5.773 -6.794 0.431
P113004 5.921 5.856 -7.748 0.560
P113005 5.564 5.591 -6.957 0.719
P113006 6.017 5.520 -6.517 1.946
P113007 5.856 5.574 -7.399 1.028
P113008 5.780 5.550 -7.970 0.943
P113009 5.820 5.856 -7.254 0.888
P113010 5.919 5.414 -6.797 1.378
P113011 5.517 5.236 -7.097 1.091
P113012 5.804 5.913 -6.741 0.459
P113013 5.541 5.540 -7.355 0.663
P113014 5.843 5.657 -6.631 0.934
P113015 5.730 5.556 -8.099 1.927
P113016 5.357 5.067 -7.891 1.170
P113017 5.686 5.545 -7.609 1.072
P113018 5.601 5.476 -6.933 0.840
P113020 5.808 5.621 -7.235 1.434
P113021 5.169 5.509 -7.222 1.179
P113022 5.713 5.697 -7.435 0.500
P113024 5.683 5.634 -7.334 0.514
P113025 5.831 5.363 -7.241 1.858
P113026 5.604 5.449 -7.484 1.415
P113027 5.749 5.507 -6.925 1.916
P113028 5.788 5.604 -7.628 0.732
P113029 5.824 5.909 -6.835 0.799
P113030 5.623 5.463 -7.620 1.014
P113031 5.985 5.557 -6.632 1.941
P113033 5.705 5.657 -7.446 0.900
P113035 5.534 5.433 -6.981 0.887
P113036 5.979 6.025 -7.142 0.618
P113037 5.657 5.648 -8.319 0.528
P113038 5.772 5.670 -7.466 1.245
P113041 5.915 5.650 -7.689 1.254
P113043 5.793 5.628 -7.812 0.896
P113045 5.671 5.489 -7.054 0.594
P113046 5.747 5.791 -7.416 0.619
P113048 5.770 5.665 -7.439 1.258
P113049 5.861 5.906 -6.680 0.458
P113050 5.685 5.570 -6.202 0.815
P113051 5.950 5.878 -6.180 0.607
P113052 5.921 5.434 -6.957 2.977
P113053 5.836 5.730 -6.637 1.062
P113054 5.791 5.591 -6.738 1.315
P113055 5.708 5.732 -5.595 0.136
P113056 5.854 5.564 -7.409 1.078
P113057 5.924 5.871 -6.796 0.614
P113058 5.920 5.652 -6.684 1.197
P113062 5.994 5.843 -7.911 0.514
P113063 5.587 5.530 -6.949 1.343
P113064 5.901 5.589 -7.587 1.095
P113065 5.764 5.165 -7.057 1.571
P113066 5.688 5.727 -6.609 0.658
P113067 5.656 5.644 -8.059 0.438
P113068 5.677 5.579 -7.610 0.898
P113069 5.718 5.312 -7.277 0.813
P113070 5.890 6.011 -6.101 1.242
P113071 5.528 5.524 -7.391 0.547
P113073 5.979 5.949 -6.929 0.697
P113074 5.751 5.700 -7.536 0.687
P113075 5.813 5.685 -7.535 1.215
P113077 5.920 5.777 -7.532 1.606
P113078 5.834 5.578 -7.904 1.271
P113079 5.955 5.632 -7.787 0.902
P113080 5.264 5.711 -7.212 1.265
P113081 5.530 5.563 -7.577 0.928
P113082 5.971 5.727 -6.553 2.320
P113083 6.017 5.446 -7.816 1.359
P113085 5.925 5.624 -7.520 0.917
P113086 5.765 5.624 -6.823 0.734
P113087 6.077 5.947 -7.358 1.398
P113088 5.867 5.600 -7.410 0.971
P113089 5.636 5.646 -7.479 0.602
P113090 5.861 5.641 -7.678 0.939
P113091 5.971 5.792 -7.641 0.942
P113092 5.920 5.645 -7.023 1.423
P113093 5.735 5.582 -7.744 0.835
P113095 5.907 5.769 -7.526 0.751
P113096 5.961 5.668 -7.733 0.904
P113097 5.684 5.479 -6.341 0.920
P113098 5.733 5.456 -7.290 1.358
P113099 5.946 5.842 -7.558 1.100
P113100 5.866 5.915 -6.744 0.478
P113101 5.839 5.698 -7.539 1.340
P113102 5.886 5.888 -7.159 0.746
P113103 5.982 5.786 -7.575 1.106
P113104 5.999 5.711 -7.781 1.173
P113105 5.153 5.527 -8.072 1.424
P113106 5.907 5.718 -7.233 1.722
P113107 5.753 5.582 -7.249 1.192
P113108 5.864 5.895 -6.941 0.667
P113109 5.962 5.985 -6.783 0.448
P113110 5.974 5.594 -6.847 1.216
P113111 5.863 5.721 -7.752 1.223
P113112 5.775 5.565 -7.301 0.987
P113113 5.812 5.653 -6.519 0.806
P113114 5.863 5.823 -7.693 0.653
P113115 6.026 5.600 -7.192 1.857
P113116 5.577 5.419 -7.622 0.891
P113117 5.954 5.689 -8.010 1.016
P113118 6.151 6.187 -6.823 0.570
P113119 5.578 5.718 -6.266 1.794
P113120 5.987 5.400 -7.892 2.573
P113121 5.905 5.637 -7.152 1.428
P113122 5.970 5.695 -7.333 1.160
P113123 6.043 5.992 -8.017 0.790
P113124 5.856 5.757 -6.729 0.555
P113125 5.655 5.559 -7.867 1.090
P113126 6.023 5.526 -7.815 1.367
P113127 5.940 5.866 -6.999 1.032
P113128 6.042 5.991 -8.764 0.906
P113129 6.075 6.135 -6.783 0.518
P113130 6.015 5.702 -7.610 1.106
P113131 6.005 6.087 -6.978 0.724
P113132 6.056 5.903 -7.040 1.437
P113133 6.064 5.911 -6.561 2.407
P113134 6.055 5.736 -7.799 1.101
P113135 6.119 5.887 -6.588 2.322
P113136 5.940 5.915 -8.920 0.901
P113137 5.967 5.765 -7.277 0.732
P113138 5.997 5.805 -5.940 0.856
P113139 6.190 5.898 -6.998 1.120
P113140 5.956 5.685 -7.416 1.097
P113141 5.619 5.488 -7.465 1.191
P113142 5.830 5.714 -7.196 1.094
P113143 5.997 5.751 -7.435 1.187
P113144 6.138 5.746 -7.292 1.276
P113145 5.953 5.755 -7.590 0.981
P113146 5.983 5.695 -7.690 1.236
P113147 5.934 5.794 -7.432 0.769
P113148 5.927 5.783 -7.301 1.385
P113150 5.911 5.972 -7.741 0.690
P113151 5.800 5.626 -7.887 1.948
P113152 6.042 5.922 -7.105 0.990
P113153 6.169 6.037 -6.996 1.574
P113154 6.150 5.681 -7.301 1.895
P113155 5.710 5.587 -7.814 0.971
P113156 5.848 5.718 -8.246 0.584
P113157 6.051 5.863 -6.528 2.375
P113158 6.026 5.762 -8.193 0.880
P113159 6.058 5.829 -6.600 2.475
P113160 6.064 5.898 -7.560 1.105
P113161 5.804 5.674 -7.457 1.038
P113162 6.143 6.186 -7.013 0.741
P113163 5.513 5.416 -7.413 0.737
P113164 6.117 5.908 -7.397 1.692
P113166 5.235 5.754 -7.250 1.445
P113167 6.038 5.483 -6.956 1.520
P113168 5.940 5.721 -7.080 1.383
P113169 5.654 5.602 -6.535 0.629
P113171 5.739 5.508 -6.404 1.157
P113172 5.773 5.408 -7.103 0.899
P113173 6.072 5.902 -7.079 1.024
P113174 6.192 6.159 -7.174 0.958
P113175 5.311 5.787 -6.961 1.216
P113176 6.066 5.799 -7.315 1.095
P113177 5.894 5.793 -7.885 0.909
P113178 6.160 5.771 -7.147 2.748
P113179 5.900 5.751 -7.083 0.725
P113181 5.395 5.772 -6.880 0.948
P113182 5.909 5.456 -8.057 0.877
P113183 6.112 5.771 -7.228 1.065
P113184 5.983 5.909 -6.753 0.728
P113185 6.015 5.539 -8.540 1.218
P113186 6.048 5.911 -6.919 0.842
P113187 6.007 5.814 -7.441 1.084
P113188 6.008 5.671 -6.685 1.212
P113189 5.729 5.635 -7.678 0.846
P113190 6.009 5.934 -7.474 0.707
P113191 5.962 5.582 -7.217 1.203
P113192 6.113 5.455 -8.061 3.161
P113193 5.970 5.794 -7.628 1.293
P113194 5.997 5.598 -7.983 1.471
P113195 5.873 5.743 -7.686 1.882
P113196 6.021 5.764 -7.251 1.059
P113197 6.034 5.843 -7.464 1.179
P113198 6.070 5.979 -7.752 1.198
P113199 5.999 5.953 -7.228 1.641
P113200 6.174 6.144 -6.967 1.771
P113201 6.104 5.807 -6.818 2.543
P113202 6.284 5.972 -6.337 2.076
P113203 6.028 5.651 -6.923 1.808
P113204 5.896 5.769 -6.075 2.917
P113205 6.067 5.966 -7.153 0.469
P113206 6.284 5.975 -6.939 0.897
P113207 6.061 6.057 -7.898 0.838
P113208 6.159 5.791 -7.328 1.697
P113209 5.958 5.816 -7.460 0.892
P113210 6.036 5.949 -7.504 0.645
P113211 6.098 5.816 -7.244 1.310
P113212 6.069 5.548 -7.269 3.867
P113213 6.239 5.760 -7.210 1.708
P113214 6.049 5.706 -7.548 1.323
P113215 5.820 5.788 -6.948 1.566
P113216 6.055 5.955 -6.764 0.470
P113217 5.970 5.906 -7.310 1.181
P113218 5.865 5.551 -8.120 1.500
P113219 5.805 5.489 -8.558 1.196
P113220 6.307 5.855 -7.575 1.830
P113221 5.406 5.770 -7.025 1.200
P113222 5.207 5.540 -6.619 2.242
P113223 5.788 5.695 -6.616 0.714
P113224 5.604 5.575 -8.053 0.564
P113225 6.092 5.740 -7.216 1.300
P113226 5.788 5.500 -7.611 1.025
P113227 5.971 5.754 -7.543 0.897
P113228 5.831 5.722 -8.035 1.203
P113230 5.460 5.292 -7.445 2.048
P113231 6.255 5.665 -7.427 3.543
P113232 6.227 5.822 -7.147 1.324
P113233 5.813 5.640 -7.269 1.344
P113234 5.917 5.654 -7.650 0.908
P113235 5.552 5.715 -7.872 0.828
P113236 6.312 6.268 -7.174 0.480
P113237 6.273 5.926 -6.259 1.402
P113238 6.055 6.062 -6.426 0.525
P113239 6.225 5.920 -7.276 1.625
P113240 6.217 5.965 -7.300 0.950
P113241 5.788 5.696 -8.302 1.531
P113242 6.431 6.147 -6.396 1.878
P113243 6.060 5.576 -7.564 2.273
P113244 6.198 6.074 -7.329 0.748
P113245 6.011 5.820 -7.195 0.683
P113246 6.180 5.923 -7.148 1.113
P113247 5.943 5.551 -6.918 1.236
P113248 5.788 5.406 -7.716 1.485
P113249 5.714 5.631 -7.864 1.195
P113250 6.034 6.129 -8.690 1.016
P113251 6.323 6.131 -6.740 1.483
P113252 6.070 5.601 -7.932 1.516
P113253 6.275 6.322 -6.851 0.787
P113254 6.119 6.156 -8.820 0.952
P113255 6.182 6.094 -6.768 0.995
P113256 6.332 5.969 -6.151 2.134
P113257 6.108 5.778 -6.777 1.284
P113258 5.751 5.607 -8.496 1.157
P113259 6.079 5.964 -7.238 0.623
P113260 6.008 5.909 -6.481 1.894
P113261 6.177 5.677 -7.803 2.127
P113262 6.047 5.959 -7.391 1.976
P113263 5.943 5.544 -7.506 1.846
P113264 5.877 5.736 -7.930 0.891
P113265 6.005 6.055 -7.174 2.252
P113266 5.239 5.117 -6.981 1.562
P113267 5.073 5.012 -6.253 0.951
P113268 4.981 4.920 -7.006 1.144
P113269 5.271 5.201 -7.233 1.828
P113270 5.235 5.162 -7.066 1.471
P113271 5.085 5.207 -7.480 0.635
P113272 5.166 5.083 -6.348 0.790
P113273 5.319 5.474 -6.916 0.487
P113274 5.234 5.142 -7.083 1.471
P113275 5.312 5.305 -6.382 0.574
P113276 5.293 5.411 -6.710 0.437
P113277 5.247 5.237 -6.790 1.656
P113278 5.383 5.294 -7.510 1.625
P113279 5.323 5.234 -6.641 0.565
P113280 5.313 5.305 -6.814 1.506
P113281 5.305 5.271 -6.651 1.514
P113282 5.318 5.407 -7.635 0.699
P113283 5.381 5.265 -6.533 0.698
P113284 5.314 5.259 -7.096 1.645
P113285 5.273 5.223 -6.299 2.023
P113286 5.407 5.585 -6.782 0.521
P113287 5.281 5.239 -7.124 1.895
P113288 5.282 5.243 -6.921 1.762
P113289 5.241 5.222 -6.647 1.413
P113290 5.248 5.176 -6.947 1.527
P113291 5.208 5.206 -6.322 0.829
P113292 5.331 5.207 -6.953 1.763
P113293 5.325 5.262 -6.958 1.829
P113294 5.296 5.233 -7.178 1.825
P113295 5.414 5.372 -6.170 0.621
P113296 5.397 5.312 -6.470 0.663
P113297 5.202 5.053 -6.565 0.921
P113298 5.204 5.204 -6.891 1.512
P113299 5.321 5.243 -6.775 1.537
P113300 5.331 5.121 -6.386 0.719
P113301 5.187 5.154 -6.891 1.339
P113302 5.210 5.260 -6.335 1.815
P113303 5.291 5.267 -7.065 1.632
P113304 5.221 5.215 -7.028 1.480
P113305 5.456 5.393 -7.268 1.651
P113306 5.200 5.204 -7.481 1.640
P113307 5.517 5.164 -6.447 0.590
P113308 5.430 5.424 -6.668 1.063
P113310 5.461 5.320 -6.951 1.662
P113311 5.421 5.290 -7.033 1.584
P113312 5.337 5.127 -6.074 1.885
P113313 5.402 5.265 -6.302 0.836
P113314 5.477 5.392 -6.931 1.650
P113315 5.324 4.996 -6.862 1.460
P113316 5.292 5.286 -6.460 0.858
P113317 5.345 5.280 -7.055 1.836
P113318 5.455 5.387 -6.422 0.962
P113319 5.169 5.143 -7.441 1.361
P113320 5.400 5.335 -7.334 1.685
P113321 5.390 5.217 -6.508 0.696
P113322 5.411 5.333 -6.792 1.674
P113324 5.239 5.175 -7.056 1.166
P113325 5.300 5.512 -6.875 0.605
P113326 5.388 5.299 -7.234 1.522
P113327 5.454 5.284 -7.417 1.661
P113328 5.556 5.454 -6.290 1.251
P113329 5.471 5.570 -6.346 0.753
P113330 5.488 5.681 -6.814 0.638
P113331 5.422 5.392 -7.523 1.794
P113332 5.353 5.341 -7.180 1.739
P113333 5.478 5.512 -6.593 1.014
P113334 5.408 5.409 -6.833 1.156
P113335 5.417 5.335 -6.995 1.851
P113336 5.363 5.238 -6.125 1.678
P113337 5.453 5.390 -7.340 1.457
P113338 5.210 5.163 -6.628 1.211
P113339 5.333 5.189 -7.349 1.397
P113340 5.470 5.355 -7.438 1.962
P113341 5.407 5.135 -6.013 1.636
P113342 5.138 4.935 -6.550 1.081
P113343 5.273 5.324 -6.497 1.505
P113344 5.405 5.386 -5.829 0.278
P113345 5.581 5.533 -5.976 0.577
P113346 5.252 5.292 -6.500 0.803
P113347 5.403 5.306 -7.326 1.487
P113348 5.341 5.255 -7.065 1.600
P113349 5.322 5.172 -6.240 2.265
P113350 5.370 5.297 -6.694 1.470
P113351 5.493 5.467 -6.217 0.873
P113352 5.455 5.339 -7.396 1.826
P113353 5.600 5.604 -6.332 0.798
P113354 5.368 5.267 -6.198 1.583
P113355 5.341 4.792 -5.860 2.162
P113356 5.334 5.244 -6.443 0.824
P113357 5.330 5.304 -6.745 0.818
P113358 5.356 5.461 -6.728 0.452
P113359 5.448 5.437 -6.741 1.359
P113360 5.330 5.265 -7.586 1.435
P113361 4.979 5.000 -6.477 0.432
P113362 5.395 5.298 -7.657 1.716
P113363 5.645 5.535 -6.005 0.978
P113365 5.224 5.309 -7.451 0.510
P113366 5.539 5.229 -6.189 1.768
P113367 5.462 5.411 -6.928 1.599
P113368 5.587 5.384 -6.535 1.634
P113369 5.397 5.344 -7.537 1.872
P113370 5.158 4.945 -6.517 1.412
P113371 5.249 5.207 -6.162 0.701
P113372 5.267 5.448 -7.535 0.686
P113373 5.568 5.379 -7.127 1.893
P113374 5.613 5.584 -6.473 0.860
P113375 5.544 5.744 -6.687 0.623
P113376 5.423 5.350 -7.193 1.405
P113378 5.470 5.294 -6.726 1.931
P113379 5.328 5.193 -6.574 1.676
P113380 5.628 5.151 -6.583 0.550
P113381 5.256 5.431 -7.197 0.553
P113382 5.433 5.279 -5.949 1.639
P113383 5.415 5.328 -6.724 0.920
P113384 5.362 5.355 -6.577 1.886
P113385 5.619 5.621 -6.251 0.337
P113386 5.590 5.547 -6.691 1.136
P113387 5.496 5.310 -7.205 1.777
P113388 5.510 5.516 -5.937 0.734
P113389 5.195 5.358 -6.613 0.534
P113390 5.650 5.344 -7.347 2.056
P113391 5.607 5.471 -7.248 1.544
P113392 5.213 5.341 -6.956 0.852
P113393 5.520 5.476 -5.910 0.218
P113394 5.555 5.519 -6.914 1.442
P113395 5.405 5.593 -6.994 0.502
P113396 5.587 5.762 -6.950 0.497
P113397 5.253 5.434 -6.631 0.778
P113398 5.364 5.349 -7.118 1.666
P113399 5.146 5.005 -6.173 0.935
P113400 5.380 5.268 -6.790 1.621
P113401 5.627 5.488 -6.996 1.534
P113403 5.509 5.466 -6.071 1.705
P113404 5.693 5.638 -6.637 1.071
P113405 5.663 5.626 -6.032 0.632
P113406 5.506 5.165 -6.005 1.880
P113407 5.474 5.352 -5.935 1.689
P113408 5.137 5.227 -7.024 0.925
P113409 5.166 5.184 -6.860 0.509
P113410 5.501 5.589 -6.745 1.051
P113411 5.556 5.414 -7.423 1.752
P113412 5.532 5.388 -7.201 1.712
P113413 5.149 5.082 -6.775 0.861
P113414 5.558 5.397 -7.176 1.490
P113416 5.326 5.314 -7.573 1.755
P113417 5.559 5.392 -7.384 1.668
P113418 5.373 5.296 -7.216 1.528
P113419 5.599 5.748 -7.057 0.475
P113420 5.507 5.398 -7.268 1.708
P113422 5.673 5.520 -5.737 0.385
P113423 5.520 5.371 -7.466 1.667
P113424 5.280 5.454 -6.645 0.528
P113425 5.335 5.566 -7.754 0.799
P113426 5.581 5.614 -6.312 2.255
P113427 5.323 5.301 -6.553 0.705
P113428 5.462 5.289 -6.999 1.767
P113429 5.429 5.243 -7.426 1.516
P113430 5.497 5.315 -7.150 2.166
P113431 5.491 5.327 -7.591 1.706
P113432 5.882 5.461 -6.665 1.484
P113433 5.563 5.314 -6.623 1.219
P113434 5.753 5.757 -6.754 0.758
P113435 5.691 5.497 -7.782 1.845
P113436 5.483 5.558 -6.948 1.041
P113437 5.736 5.102 -6.488 0.570
P113438 5.530 5.314 -6.285 1.062
P113439 5.529 5.693 -6.908 0.582
P113440 5.455 5.643 -6.982 1.026
P113441 5.741 5.494 -6.332 2.013
P113442 5.588 5.471 -7.688 1.774
P113443 5.704 5.636 -6.891 1.145
P113444 5.522 5.494 -7.137 1.747
P113445 5.396 5.190 -6.481 1.049
P113446 5.550 5.447 -7.160 1.792
P113448 5.471 5.312 -7.549 1.644
P113449 5.614 5.485 -7.576 1.816
P113450 5.709 5.404 -5.743 2.097
P113451 5.253 5.128 -6.839 0.622
P113452 5.555 5.376 -6.744 1.561
P113453 5.561 5.483 -6.594 1.093
P113454 5.347 5.497 -7.293 0.576
P113455 5.322 5.168 -7.032 1.023
P113456 5.581 5.547 -5.989 0.439
P113457 5.307 5.413 -6.657 0.563
P113458 5.587 5.447 -7.621 1.676
P113459 5.501 5.563 -6.769 0.828
P113460 5.543 5.356 -6.480 0.785
P113461 5.847 5.305 -6.616 2.062
P113463 5.637 5.471 -7.372 1.753
P113464 5.659 5.640 -6.007 0.567
P113465 5.691 5.361 -7.001 1.815
P113466 5.603 5.400 -7.423 2.146
P113467 5.372 5.387 -6.972 1.011
P113468 5.739 5.502 -6.638 1.719
P113469 5.657 5.655 -6.512 1.173
P113470 5.489 5.383 -6.883 1.617
P113471 5.470 5.342 -7.737 1.667
P113472 5.494 5.329 -7.668 1.629
P113473 5.583 5.423 -7.632 1.395
P113474 5.499 5.439 -7.435 0.868
P113475 5.429 5.163 -6.298 1.662
P113476 5.654 5.376 -7.824 1.500
P113478 5.447 5.403 -6.818 2.014
P113479 5.596 5.500 -6.920 1.117
P113480 5.763 5.708 -6.304 0.321
P113481 5.655 5.318 -6.372 1.299
P113482 5.593 5.454 -7.027 0.700
P113483 5.664 5.292 -6.374 1.415
P113484 5.305 5.305 -6.554 1.099
P113485 5.567 5.489 -7.385 1.491
P113486 5.571 5.657 -6.755 1.329
P113488 5.526 5.684 -7.254 0.462
P113489 5.531 5.386 -6.001 2.029
P113490 5.644 5.780 -6.455 0.576
P113491 5.593 5.346 -7.516 1.934
P113493 5.599 5.166 -5.846 1.929
P113494 5.445 5.366 -6.820 2.020
P113495 5.556 5.349 -7.544 1.923
P113497 5.599 5.442 -7.153 1.654
P113498 5.505 5.517 -7.169 0.532
P113499 5.534 5.289 -6.133 2.155
P113500 5.536 5.451 -7.787 1.599
P113501 5.685 5.753 -7.327 1.350
P113502 5.666 5.515 -6.866 1.490
P113504 5.843 5.741 -7.465 0.334
P113505 5.868 5.774 -6.600 0.933
P113506 5.635 5.628 -6.772 1.402
P113507 5.698 5.611 -7.196 1.618
P113508 5.773 5.767 -6.957 1.038
P113509 5.843 5.428 -7.688 1.813
P113510 5.749 5.576 -5.741 0.722
P113511 5.740 5.711 -7.223 1.602
P113512 5.610 5.323 -7.045 1.451
P113513 5.490 5.560 -7.144 0.860
P113514 5.536 5.451 -7.836 1.602
P113515 5.705 5.568 -6.327 1.268
P113516 5.494 5.535 -6.506 0.637
P113517 5.698 5.530 -7.756 1.582
P113518 5.617 5.349 -6.856 1.436
P113520 5.788 5.477 -6.065 2.349
P113521 5.657 5.634 -8.001 1.736
P113522 5.594 5.595 -8.090 1.735
P113523 5.652 5.709 -7.384 0.545
P113525 5.631 5.422 -6.907 1.740
P113526 5.658 5.528 -5.926 1.093
P113527 5.544 5.238 -6.822 0.783
P113528 5.465 5.278 -6.620 1.222
P113529 5.570 5.500 -7.917 1.609
P113530 5.704 5.736 -7.785 1.266
P113531 5.703 5.605 -6.797 1.175
P113532 5.671 5.540 -7.173 1.854
P113533 5.394 5.402 -7.509 0.542
P113534 5.652 5.521 -6.972 1.040
P113535 5.790 5.890 -6.621 0.438
P113536 5.610 5.713 -7.026 0.607
P113537 5.417 5.397 -7.181 0.745
P113538 5.863 5.689 -7.015 1.434
P113539 5.632 5.636 -6.783 0.610
P113540 5.671 5.540 -7.752 1.541
P113541 5.638 5.621 -7.127 1.187
P113542 5.746 5.675 -6.710 1.444
P113543 5.462 5.254 -7.413 1.504
P113544 5.744 5.058 -6.216 1.490
P113545 5.480 5.672 -6.226 0.519
P113546 5.481 5.292 -6.805 0.956
P113547 5.931 5.568 -6.849 2.060
P113548 5.438 5.437 -6.680 0.911
P113549 5.575 5.469 -7.050 1.893
P113550 5.510 5.260 -7.222 0.556
P113551 5.538 5.403 -7.651 1.455
P113552 5.617 5.696 -6.062 0.796
P113553 5.515 5.325 -5.714 2.092
P113554 5.459 5.471 -7.572 0.619
P113555 5.480 5.411 -8.319 1.812
P113556 5.678 5.733 -7.159 1.466
P113558 5.300 5.127 -6.971 1.612
P113559 5.583 5.456 -7.817 1.654
P113560 5.556 5.454 -6.633 1.568
P113561 5.729 5.499 -6.922 1.487
P113562 5.569 5.442 -6.967 1.073
P113563 5.596 5.416 -6.962 1.711
P113564 5.524 5.222 -6.569 1.732
P113565 5.468 5.315 -7.018 1.779
P113566 5.598 5.537 -7.443 0.798
P113567 5.526 5.469 -8.011 1.254
P113568 5.790 5.558 -6.844 1.716
P113569 5.515 5.657 -7.265 0.418
P113570 5.488 5.323 -7.924 1.634
P113571 5.721 5.342 -6.693 2.480
P113572 5.695 5.684 -6.389 0.555
P113573 5.665 5.458 -7.359 1.646
P113574 5.317 5.397 -6.939 0.460
P113575 5.530 5.430 -7.897 1.518
P113576 5.422 5.436 -6.706 0.791
P113578 5.507 5.436 -7.641 1.649
P113579 5.638 5.364 -7.091 1.000
P113580 5.624 5.754 -7.374 0.425
P113581 5.511 5.343 -7.038 1.041
P113582 5.733 5.724 -6.135 0.871
P113584 5.818 5.665 -6.483 0.920
P113585 5.687 5.415 -7.220 1.497
P113587 5.822 5.925 -6.668 0.652
P113588 5.666 5.674 -6.895 0.791
P113589 5.677 5.493 -7.504 0.536
P113590 5.932 5.440 -7.176 1.388
P113591 5.511 5.291 -6.039 1.803
P113592 5.638 5.800 -7.212 2.443
P113593 5.512 5.395 -6.236 0.706
P113594 5.626 5.476 -7.498 1.615
P113595 5.553 5.182 -6.796 1.738
P113596 5.471 5.315 -7.886 1.246
P113597 5.757 5.524 -6.336 1.864
P113599 5.754 5.513 -8.047 1.665
P113600 5.633 5.756 -6.905 1.343
P113601 5.850 5.437 -7.457 1.678
P113602 5.862 5.687 -6.843 1.691
P113603 5.674 5.610 -8.058 1.758
P113604 5.677 5.741 -6.035 1.043
P113605 5.637 5.346 -6.853 1.026
P113606 5.654 5.605 -7.161 1.054
P113607 5.937 5.641 -6.402 2.780
P113608 5.836 5.593 -7.113 1.445
P113609 5.714 5.745 -6.492 0.953
P113610 5.530 5.684 -6.861 0.806
P113611 5.591 5.441 -5.709 1.884
P113612 5.562 5.281 -6.262 1.527
P113613 5.675 5.600 -7.420 1.369
P113614 5.861 5.698 -6.248 0.603
P113615 5.837 5.852 -6.466 0.695
P113617 5.740 5.661 -7.567 0.848
P113618 5.300 5.356 -7.162 1.408
P113619 5.791 5.966 -7.322 0.587
P113622 5.757 5.667 -6.870 1.384
P113623 5.422 5.054 -8.235 1.517
P113624 5.896 5.739 -6.830 0.878
P113625 5.500 5.287 -7.272 1.525
P113626 5.684 5.590 -7.419 1.385
P113627 5.692 5.454 -7.755 1.696
P113628 5.699 5.565 -7.856 1.900
P113629 5.742 5.760 -6.489 0.202
P113630 5.691 5.564 -7.977 1.682
P113631 5.602 5.485 -7.812 1.366
P113632 5.860 5.505 -6.816 1.674
P113633 5.663 5.024 -6.441 1.467
P113635 5.561 5.519 -7.225 1.545
P113636 5.444 5.475 -6.972 0.696
P113637 5.566 5.471 -7.084 2.019
P113638 5.559 5.483 -6.597 0.468
P113639 5.332 5.396 -6.692 0.636
P113640 5.795 5.624 -6.905 1.602
P113641 5.411 5.372 -6.839 0.558
P113642 5.573 5.246 -6.914 1.228
P113643 5.799 5.633 -7.383 1.879
P113644 5.678 5.504 -8.095 1.750
P113645 5.610 5.418 -7.705 1.623
P113646 5.684 5.523 -7.664 1.898
P113647 5.716 5.459 -7.520 1.656
P113648 5.668 5.540 -7.050 1.664
P113649 5.749 5.461 -6.521 1.214
P113651 5.703 5.257 -6.599 1.649
P113652 5.659 5.457 -6.824 1.371
P113653 5.741 5.611 -8.244 1.701
P113654 5.826 5.848 -6.731 1.032
P113655 5.684 5.819 -7.522 0.403
P113656 5.656 5.806 -7.557 0.525
P113657 5.791 5.931 -6.834 0.560
P113658 5.822 5.716 -6.872 1.383
P113659 5.699 5.632 -8.052 1.719
P113660 5.877 5.607 -7.017 1.418
P113661 5.654 5.505 -7.834 1.598
P113662 5.720 5.402 -6.447 0.459
P113663 5.822 5.578 -6.422 1.064
P113665 5.716 5.410 -7.594 1.392
P113666 5.768 5.716 -6.891 1.379
P113667 5.656 5.557 -8.268 1.583
P113668 5.829 5.902 -5.860 0.791
P113669 5.784 5.700 -6.605 1.325
P113671 5.514 5.427 -7.735 1.327
P113672 5.893 5.700 -6.931 1.448
P113673 5.541 5.439 -7.196 1.851
P113674 5.565 5.769 -8.117 1.354
P113675 5.895 5.744 -7.258 1.662
P113676 5.637 5.536 -8.602 1.753
P113678 5.506 5.456 -8.155 1.296
P113679 5.783 5.231 -6.760 1.894
P113680 5.375 5.360 -7.700 1.544
P113681 5.915 5.704 -6.758 0.630
P113682 5.548 5.492 -8.133 1.552
P113683 5.782 5.431 -6.995 1.705
P113684 5.427 5.425 -6.543 1.603
P113685 5.642 5.712 -6.896 0.732
P113686 6.143 5.934 -7.042 1.652
P113687 5.667 5.112 -7.669 2.782
P113688 5.906 6.008 -7.330 1.238
P113689 5.726 5.763 -7.574 0.899
P113690 5.777 5.557 -7.072 0.995
P113691 5.954 5.579 -6.844 3.023
P113692 5.831 5.981 -7.163 0.622
P113693 5.656 5.789 -7.286 0.781
P113694 5.735 5.529 -6.956 1.246
P113695 5.665 5.789 -6.925 0.995
P113696 5.691 5.384 -6.231 1.785
P113697 5.729 5.833 -7.111 0.572
P113698 5.671 5.324 -7.334 1.768
P113699 6.016 5.599 -7.965 2.656
P113700 5.766 5.571 -6.884 1.406
P113701 5.709 5.725 -6.569 0.932
P113702 6.023 5.585 -6.277 2.468
P113703 5.859 5.711 -6.736 1.485
P113704 5.688 5.494 -6.858 1.101
P113705 5.899 5.801 -6.631 1.456
P113706 5.774 5.688 -7.433 1.290
P113707 5.593 5.351 -8.147 0.504
P113708 5.777 5.770 -7.784 1.347
P113709 5.610 5.667 -8.205 1.550
P113710 5.771 5.623 -6.777 1.132
P113711 6.016 5.760 -6.459 2.606
P113712 5.757 5.201 -7.663 1.567
P113713 5.722 5.415 -6.377 2.278
P113714 5.647 5.512 -7.163 1.391
P113715 6.115 5.938 -6.864 1.329
P113716 5.457 5.302 -6.528 0.653
P113717 6.060 5.927 -7.090 1.304
P113718 5.803 5.129 -7.438 1.836
P113719 5.754 5.338 -7.511 0.984
P113720 5.750 5.708 -6.945 1.331
P113721 5.709 5.736 -7.862 1.417
P113722 5.834 5.912 -7.527 0.547
P113723 5.819 5.847 -7.379 0.572
P113724 5.987 5.697 -5.978 1.371
P113726 5.492 5.364 -7.760 1.789
P113727 5.804 5.590 -6.792 1.067
P113728 5.606 5.470 -7.312 1.486
P113729 5.954 5.971 -6.930 1.147
P113731 5.636 5.756 -7.491 0.504
P113732 5.785 5.551 -7.433 1.789
P113733 5.759 5.613 -6.615 1.274
P113734 5.684 5.589 -6.391 1.439
P113735 5.451 5.147 -7.362 1.504
P113736 5.717 5.588 -7.960 1.251
P113737 5.292 5.139 -7.200 1.775
P113738 6.148 5.970 -6.986 1.378
P113739 5.940 5.673 -7.050 1.455
P113740 5.826 5.666 -6.671 1.458
P113741 5.471 5.803 -8.876 1.233
P113742 5.834 5.598 -7.655 1.483
P113743 6.024 5.882 -6.968 1.406
P113744 5.450 5.575 -7.221 0.531
P113745 5.797 5.889 -7.290 1.027
P113746 5.837 5.559 -7.750 1.664
P113747 5.686 5.840 -8.544 0.545
P113748 5.787 5.866 -7.618 1.969
P113749 5.945 5.861 -6.563 0.671
P113750 5.851 5.789 -7.799 1.663
P113751 5.826 5.459 -7.538 2.079
P113752 6.233 6.008 -6.872 1.662
P113753 5.693 5.581 -8.010 1.789
P113754 5.756 5.685 -7.151 0.803
P113755 5.496 4.988 -7.118 2.206
P113756 5.925 5.825 -7.079 1.455
P113757 5.690 5.564 -7.916 1.436
P113758 5.917 5.749 -8.074 1.457
P113759 5.848 5.697 -7.801 1.629
P113760 5.837 5.677 -7.909 0.490
P113761 5.974 5.387 -6.983 0.923
P113762 6.211 6.021 -7.090 1.665
P113763 5.815 5.912 -7.189 0.649
P113764 5.855 5.905 -7.220 0.492
P113765 5.459 5.233 -7.083 1.880
P113766 5.809 5.491 -7.965 1.199
P113767 5.744 5.442 -8.490 1.087
P113768 6.114 6.244 -6.972 0.806
P113769 6.027 5.766 -5.989 1.816
P113770 5.876 5.849 -6.335 0.767
P113771 5.940 5.795 -6.189 1.779
P113772 5.518 5.269 -7.309 1.577
P113773 5.628 5.500 -7.282 0.439
P113774 5.602 5.589 -7.772 0.732
P113775 5.915 5.731 -6.391 2.017
P113776 5.993 5.912 -6.657 1.241
P113777 5.654 5.631 -6.468 0.742
P113778 5.827 5.681 -8.707 1.583
P113779 5.840 5.665 -7.442 1.743
P113780 5.812 5.906 -7.224 0.646
P113781 5.758 5.704 -7.710 2.072
P113782 5.937 5.859 -6.944 1.358
P113783 5.982 6.066 -7.630 1.480
P113784 6.056 6.050 -7.159 1.762
P113785 6.093 5.895 -6.390 2.740
P113786 5.930 6.040 -6.874 0.969
P113787 5.928 5.875 -7.674 1.337
P113788 5.370 5.480 -6.782 1.080
P113789 6.112 5.654 -6.913 2.897
P113790 5.867 5.612 -7.691 1.724
P113791 5.965 5.880 -6.362 2.010
P113792 5.894 5.685 -7.816 0.395
P113793 5.943 5.731 -7.209 1.858
P113795 5.501 5.382 -7.448 2.527
P113796 5.696 5.511 -7.783 3.093
P113797 6.051 6.004 -6.455 1.175
P113798 5.823 5.554 -7.418 1.744
P113799 6.121 6.031 -6.020 1.155
P113800 5.920 5.461 -7.906 2.250
P113801 5.950 5.252 -7.376 1.451
P113803 5.859 6.031 -7.115 0.708
P113804 5.997 5.875 -6.947 1.606
P113805 6.194 5.894 -5.839 2.028
P113806 6.041 5.824 -5.869 0.608
P113807 5.838 6.045 -6.429 0.932
P113808 6.006 5.890 -6.966 1.761
P113809 5.944 6.146 -7.168 0.862
P113810 5.612 5.814 -7.503 1.491
P113811 5.429 5.644 -7.116 0.977
P113812 6.004 5.891 -7.301 2.010
P113813 5.946 5.256 -7.712 2.140
P113814 5.887 5.813 -7.987 0.842
P113815 5.723 5.735 -6.152 1.770
P113816 5.643 5.970 -7.614 1.009
P113817 5.813 5.727 -6.443 0.610
P113818 6.161 6.049 -7.253 1.435
P113819 5.426 5.599 -7.760 1.376
P113820 5.605 5.436 -6.769 0.825
P113821 5.549 5.788 -7.909 2.414
P113822 6.125 6.235 -6.637 0.959
P113823 5.882 5.547 -7.842 1.760
P113824 5.712 5.545 -7.154 1.729
P113825 6.116 6.046 -6.754 1.844
P113826 5.804 5.694 -7.249 1.204
P113827 5.907 6.095 -6.538 0.547
P113828 5.881 5.926 -7.164 1.104
P113829 6.148 6.023 -6.321 2.203
P113830 5.990 5.803 -6.657 1.062
P113831 5.477 5.503 -8.595 0.553
P113832 5.833 5.910 -6.859 1.023
P113833 6.144 6.247 -7.203 0.889
P113834 5.854 5.675 -7.384 1.269
P113836 5.578 5.572 -7.422 0.525
P113837 6.359 6.226 -6.209 1.619
P113838 5.911 5.807 -6.791 1.545
P113839 5.989 5.381 -7.225 1.822
P113841 5.841 5.592 -7.716 2.725
P113842 5.868 5.406 -6.547 0.910
P113843 6.164 5.706 -6.813 2.008
P113844 6.021 5.952 -6.980 0.979
P113845 5.778 5.512 -7.636 0.766
P113846 6.249 6.156 -6.182 1.020
P113847 5.595 5.756 -7.100 1.016
P113848 5.714 5.714 -7.603 1.935
P113855 3.973 3.899 -5.837 0.366
P113875 4.211 4.249 -5.219 0.317
P113882 4.417 4.354 -5.268 0.472
P113883 4.524 4.425 -5.076 0.306
P113891 4.320 4.238 -5.349 0.346
P113893 4.250 4.174 -5.565 0.477
P113916 4.507 4.389 -5.219 0.362
P113921 4.395 4.368 -5.261 0.467
P113935 4.276 4.161 -5.619 0.296
P113937 4.125 3.966 -5.476 0.350
P113941 4.450 4.301 -5.431 0.255
P113943 4.289 4.164 -5.602 0.314
P113951 4.364 4.258 -5.515 0.471
P113960 4.376 4.166 -5.593 0.352
P113966 4.342 4.312 -5.104 0.500
P113996 4.080 3.917 -5.029 0.385
P114021 4.260 4.028 -5.078 0.656
P114028 4.347 4.472 -4.845 0.515
P114029 4.251 4.282 -5.267 0.328
P114030 4.230 4.113 -5.774 0.353
P114031 4.366 4.172 -5.773 0.495
P114032 4.065 4.154 -5.918 0.310
P114034 4.450 4.319 -5.669 0.343
P114036 4.301 4.206 -5.992 0.451
P114037 4.305 4.240 -5.817 0.374
P114039 4.358 4.223 -5.674 0.341
P114040 4.309 4.087 -3.883 1.469
P114041 4.268 4.246 -5.580 0.286
P114042 4.199 4.141 -5.898 0.301
P114048 4.206 4.061 -5.613 0.450
P114050 4.511 4.391 -5.220 0.366
P114051 4.406 4.294 -5.361 0.464
P114055 4.647 4.502 -5.001 0.379
P114059 4.512 4.443 -5.259 0.482
P114060 4.629 4.475 -5.254 0.521
P114069 4.336 4.284 -5.543 0.461
P114071 4.367 4.354 -5.295 0.480
P114072 4.544 4.514 -5.366 0.897
P114099 4.307 4.245 -5.236 0.495
P114108 4.355 4.193 -4.891 0.514
P114123 4.509 4.363 -4.683 0.314
P114127 4.433 4.251 -4.938 0.597
P114135 4.300 4.160 -4.882 0.504
P114142 4.342 4.109 -5.977 0.420
P114168 4.203 4.221 -5.068 0.358
P114177 4.525 4.364 -5.242 0.521
P114178 4.408 4.365 -5.231 0.505
P114184 4.183 4.217 -5.404 0.281
P114208 4.364 4.215 -5.436 0.422
P114216 4.398 4.367 -5.272 0.293
P114221 4.392 4.330 -5.406 0.436
P114252 4.372 4.228 -5.164 0.503
P114264 4.492 4.519 -4.735 0.485
P114275 4.456 4.355 -5.310 0.729
P114286 4.425 4.317 -5.350 0.661
P114311 4.139 4.210 -5.371 0.301
P114316 4.441 4.434 -5.325 0.865
P114318 4.443 4.342 -5.124 0.354
P114325 4.285 4.325 -5.240 0.309
P114342 4.334 4.335 -5.056 0.370
P114343 4.225 4.281 -5.573 0.432
P114352 4.658 4.539 -5.059 0.308
P114353 4.401 4.390 -5.337 0.516
P114354 4.536 4.476 -5.248 0.490
P114355 4.511 4.482 -5.298 0.507
P114359 4.337 4.376 -5.305 0.340
P114360 4.656 4.552 -5.143 0.412
P114361 4.478 4.373 -5.197 0.371
P114368 4.358 4.315 -5.319 0.896
P114380 4.460 4.288 -5.129 0.578
P114384 4.379 4.342 -4.732 0.352
P114388 4.725 4.629 -4.692 0.538
P114389 4.646 4.440 -5.134 0.795
P114403 4.840 4.636 -4.827 0.542
P114407 4.690 4.438 -5.136 0.730
P114411 4.675 4.444 -5.157 0.644
P114413 4.581 4.412 -5.016 0.446
P114416 4.504 4.352 -5.214 0.605
P114418 4.730 4.592 -4.811 0.323
P114440 4.655 4.701 -4.933 0.500
P114450 4.420 4.299 -5.105 0.367
P114454 4.745 4.666 -5.448 0.307
P114459 4.581 4.578 -5.632 0.539
P114460 4.728 4.649 -5.437 0.491
P114466 4.609 4.520 -5.597 0.460
P114469 4.395 4.460 -5.910 0.459
P114470 4.481 4.515 -5.326 0.387
P114472 4.394 4.384 -4.761 0.429
P114490 4.432 4.123 -4.547 0.619
P114495 4.666 4.589 -4.682 0.522
P114496 4.564 4.365 -4.919 0.609
P114497 4.631 4.495 -4.764 0.308
P114503 4.670 4.541 -4.484 0.804
P114523 4.053 4.168 -5.347 0.275
P114527 4.156 4.207 -5.211 0.418
P114528 4.203 4.237 -5.150 0.464
P114530 4.168 4.230 -3.467 1.300
P114544 4.731 4.561 -5.392 1.433
P114547 4.711 4.701 -3.860 2.240
P114619 4.690 4.545 -4.778 0.321
P114621 4.516 4.407 -5.005 0.395
P114626 4.499 4.409 -5.127 0.575
P114628 4.288 4.257 -5.174 0.354
P114631 4.426 4.273 -5.143 0.390
P114636 4.101 4.174 -5.401 0.425
P114639 4.457 4.476 -5.925 0.462
P114659 4.638 4.534 -5.559 0.539
P114669 4.473 4.397 -5.889 0.538
P114670 4.632 4.490 -5.330 0.350
P114681 4.620 4.560 -5.375 1.271
P114688 4.599 4.527 -5.631 0.539
P114699 4.592 4.530 -3.824 1.420
P114734 4.751 4.609 -5.446 0.425
P114743 4.525 4.252 -5.983 0.478
P114744 4.615 4.338 -5.794 0.396
P114748 4.473 4.216 -6.055 0.347
P114753 4.477 4.384 -6.055 0.307
P114757 4.202 4.227 -6.272 0.301
P114759 4.463 4.324 -6.111 0.229
P114770 4.786 4.629 -4.817 0.403
P114771 4.659 4.501 -4.960 0.501
P114772 4.118 4.468 -3.800 1.246
P114778 4.813 4.702 -4.663 0.380
P114780 4.911 4.708 -4.727 0.512
P114781 4.730 4.519 -5.039 0.420
P114783 4.617 4.464 -5.012 0.440
P114787 4.693 4.496 -4.692 0.390
P114788 4.201 4.180 -5.937 0.379
P114800 4.354 4.224 -6.291 0.319
P114806 4.432 4.321 -6.038 0.214
P114817 4.853 4.702 -5.219 0.413
P114824 4.518 4.549 -5.516 0.282
P114827 4.410 4.492 -5.700 0.442
P114828 4.728 4.572 -5.140 0.464
P114852 4.522 4.592 -5.406 0.296
P114854 4.648 4.506 -5.476 0.424
P114883 4.612 4.506 -5.523 0.301
P114885 4.469 4.376 -5.658 0.329
P114895 4.650 4.450 -5.568 0.446
P114915 4.514 4.374 -5.424 0.325
P114927 4.511 4.307 -4.597 0.580
P114982 4.739 4.621 -4.409 0.745
P114983 4.589 4.403 -5.047 0.885
P114984 4.685 4.486 -4.829 1.023
P114988 4.436 4.340 -4.986 0.414
P114989 4.872 4.732 -4.188 0.792
P114993 5.275 5.368 -7.993 0.259
P114994 5.510 5.500 -7.877 0.320
P114995 5.508 5.568 -8.241 0.326
P114996 5.500 5.583 -8.079 0.232
P114997 5.541 5.521 -8.662 0.686
P114998 5.535 5.621 -8.116 0.246
P114999 5.523 5.607 -8.403 0.696
P115000 5.276 5.353 -8.631 0.754
P115001 5.324 5.266 -8.279 0.751
P115002 5.694 5.775 -8.421 0.263
P115003 5.577 5.475 -8.121 0.463
P115004 5.578 5.561 -8.039 0.440
P115005 5.664 5.811 -8.358 0.293
P115006 5.381 5.401 -7.908 0.429
P115007 5.504 5.580 -8.268 0.431
P115008 5.655 5.681 -8.228 0.563
P115009 5.685 5.702 -8.177 0.368
P115010 5.736 5.721 -8.179 0.504
P115011 5.624 5.721 -8.512 0.319
P115012 5.577 5.594 -8.372 0.788
P115013 5.598 5.699 -8.228 0.314
P115014 5.756 5.865 -8.286 0.922
P115015 5.778 5.788 -8.424 0.654
P115016 5.791 5.597 -8.071 1.082
P115017 5.778 5.701 -8.323 1.071
P115018 5.808 5.893 -7.698 0.159
P115019 5.432 5.589 -8.314 0.287
P115020 5.681 5.828 -7.182 0.938
P115021 5.617 5.763 -7.111 2.627
P115022 5.672 5.793 -7.293 0.388
P115023 5.440 5.380 -8.755 0.720
P115024 5.697 5.684 -8.579 0.726
P115025 5.686 5.724 -8.587 0.255
P115026 5.779 5.763 -8.680 0.392
P115027 5.570 5.638 -7.704 0.337
P115028 5.738 5.714 -8.283 0.318
P115029 5.677 5.701 -7.491 0.881
P115030 5.632 5.607 -8.516 0.664
P115031 5.594 5.536 -8.689 0.724
P115032 5.866 5.843 -8.046 0.711
P115033 5.796 5.848 -7.521 0.876
P115034 5.697 5.523 -6.950 0.533
P115035 5.783 5.761 -7.541 0.511
P115036 5.821 5.562 -7.345 1.106
P115037 5.982 5.814 -7.383 0.555
P115038 5.892 5.890 -7.873 0.216
P115039 5.825 5.864 -8.513 0.311
P115040 5.736 5.700 -8.360 0.514
P115041 5.767 5.671 -7.737 0.538
P115042 5.882 5.915 -8.326 0.809
P115043 5.827 5.851 -8.831 0.265
P115044 5.702 5.668 -8.754 0.797
P115045 5.793 5.580 -7.758 1.041
P115046 5.885 5.986 -7.963 0.903
P115047 5.919 5.904 -8.389 0.637
P115048 5.939 5.793 -7.235 0.561
P115049 5.901 5.818 -8.174 0.769
P115050 5.868 5.886 -7.058 0.181
P115051 5.890 5.605 -7.598 0.983
P115052 6.012 5.849 -7.964 0.618
P115053 5.914 5.805 -7.705 1.003
P115054 5.852 5.821 -8.498 0.738
P115058 5.835 5.867 -8.334 0.307
P115060 5.942 5.885 -8.500 0.567
P115062 5.908 5.915 -7.480 0.334
P115063 5.710 5.773 -8.455 0.765
P115064 5.760 5.861 -8.277 0.442
P115065 5.855 5.990 -7.233 2.667
P115066 5.818 5.901 -7.700 0.309
P115067 5.750 5.687 -8.247 0.606
P115068 5.796 5.795 -8.266 0.593
P115069 5.923 5.942 -8.441 0.738
P115070 5.710 5.668 -7.937 0.713
P115074 5.806 5.735 -8.398 0.684
P115075 5.914 5.915 -8.703 0.365
P115076 5.900 5.835 -8.693 0.627
P115078 5.699 5.539 -8.315 1.010
P115080 5.806 5.793 -8.040 0.403
P115082 5.652 5.710 -7.806 0.389
P115083 5.608 5.572 -7.927 0.400
P115084 5.604 5.515 -8.670 0.771
P115085 5.790 5.812 -7.837 0.255
P115086 5.778 5.675 -8.021 0.397
P115087 5.769 5.897 -7.949 0.790
P115088 5.792 5.801 -8.187 0.881
P115089 5.862 5.961 -5.616 1.360
P115090 5.616 5.646 -8.277 0.539
P115091 5.771 5.874 -8.269 0.254
P115092 5.640 5.696 -8.360 0.243
P115093 5.711 5.729 -7.007 1.103
P115094 5.867 5.896 -7.266 0.481
P115095 5.813 5.769 -8.480 0.769
P115096 5.638 5.665 -8.168 0.472
P115097 5.505 5.396 -8.573 0.764
P115098 5.751 5.967 -8.492 0.559
P115099 6.033 5.899 -7.641 0.409
P115100 6.003 6.097 -7.693 0.499
P115101 6.134 6.031 -8.114 0.706
P115102 5.926 5.579 -8.259 1.172
P115103 5.832 5.841 -7.605 0.860
P115104 6.063 5.940 -7.076 0.810
P115105 6.005 5.754 -7.051 0.736
P115106 5.893 5.727 -8.021 0.921
P115107 6.084 5.971 -7.984 0.799
P115108 5.942 5.947 -8.882 0.537
P115109 6.016 5.905 -7.343 0.789
P115110 5.950 5.962 -8.712 0.631
P115111 5.832 5.834 -7.569 0.587
P115114 5.898 6.025 -8.135 0.653
P115115 5.769 5.847 -8.212 0.435
P115116 5.625 5.830 -8.716 0.683
P115117 5.714 5.977 -8.194 0.646
P115118 5.923 5.966 -8.174 0.363
P115119 5.866 5.859 -8.089 0.834
P115120 5.874 6.014 -7.834 0.649
P115124 5.904 5.820 -8.385 0.641
P115125 5.967 5.921 -8.451 0.658
P115127 6.109 6.090 -8.838 0.706
P115132 5.960 5.945 -8.109 0.358
P115133 5.909 5.764 -7.876 0.473
P115143 6.026 5.959 -9.307 0.830
P115144 6.020 6.080 -9.042 0.522
P115145 6.077 6.054 -8.840 0.267
P115146 5.974 5.463 -8.105 1.424
P115147 6.081 5.872 -7.614 0.885
P115148 6.043 5.829 -7.573 1.012
P115149 5.785 5.742 -7.930 0.709
P115150 5.843 5.941 -8.568 0.341
P115151 6.052 6.029 -8.067 0.810
P115153 5.946 5.791 -8.487 0.505
P115155 6.008 6.027 -8.419 0.300
P115157 5.640 5.744 -7.693 0.700
P115158 5.690 5.743 -8.391 0.339
P115159 5.617 5.495 -8.867 0.822
P115160 5.853 5.782 -8.027 0.565
P115161 6.097 5.993 -8.531 0.801
P115162 5.912 5.983 -8.511 0.810
P115164 6.066 6.088 -8.304 0.424
P115165 5.843 5.875 -8.311 0.459
P115167 5.859 5.841 -7.987 0.670
P115168 6.045 6.033 -9.040 0.552
P115169 6.079 6.066 -9.003 0.509
P115175 5.761 5.775 -8.036 0.652
P115176 5.930 5.881 -8.752 0.755
P115177 5.961 5.761 -7.172 0.577
P115178 5.957 5.753 -7.289 0.627
P115179 5.941 5.959 -7.589 0.525
P115180 5.978 5.920 -8.422 0.667
P115181 5.893 5.990 -8.789 0.598
P115182 5.938 5.978 -7.906 0.307
P115183 5.805 5.764 -8.249 0.492
P115184 5.915 5.837 -8.127 1.142
P115185 5.877 5.758 -7.535 0.723
P115186 5.912 5.910 -7.506 0.699
P115187 5.942 5.826 -7.832 0.487
P115188 5.893 5.801 -8.098 0.385
P115189 5.870 5.865 -7.178 0.548
P115190 5.987 6.032 -7.765 0.959
P115191 5.918 5.783 -8.477 0.455
P115192 5.925 6.051 -8.219 0.633
P115193 5.801 5.740 -8.596 0.462
P115194 5.882 5.793 -7.153 0.626
P115195 5.765 5.900 -7.473 0.563
P115196 5.838 5.808 -8.472 0.311
P115197 5.634 5.827 -9.059 0.552
P115198 5.732 5.830 -7.221 0.667
P115200 6.008 5.979 -8.396 0.802
P115201 6.085 6.116 -8.301 0.321
P115205 6.119 6.196 -8.004 0.742
P115206 5.864 5.828 -7.869 0.629
P115208 6.077 6.061 -8.362 0.292
P115209 6.081 6.102 -7.422 0.824
P115211 5.759 5.733 -8.018 0.692
P115213 6.015 5.956 -8.744 0.738
P115214 6.236 6.173 -9.024 0.562
P115215 6.053 5.800 -6.905 1.047
P115216 6.101 6.195 -6.862 0.599
P115217 6.128 6.023 -6.918 0.474
P115218 5.704 5.710 -7.751 0.806
P115219 6.046 6.112 -7.077 1.549
P115221 6.073 5.916 -7.582 0.470
P115224 6.119 6.143 -8.021 0.259
P115226 6.107 5.747 -7.198 0.954
P115228 5.968 5.885 -8.321 0.468
P115229 5.780 5.813 -7.958 0.444
P115230 5.865 5.962 -7.871 0.380
P115231 6.101 6.122 -7.232 0.230
P115232 5.994 5.865 -8.172 0.699
P115234 5.895 5.861 -8.874 0.365
P115235 5.693 5.740 -8.878 0.367
P115236 5.515 5.545 -6.787 0.733
P115237 5.580 5.550 -7.743 0.362
P115239 5.678 5.742 -8.254 0.522
P115240 5.672 5.748 -7.976 0.246
P115242 5.785 5.517 -7.617 1.206
P115244 5.538 5.662 -7.516 0.636
P115245 5.948 5.900 -7.677 0.757
P115246 6.170 6.183 -7.226 0.410
P115247 6.095 6.129 -8.137 0.308
P115248 6.124 6.098 -8.155 0.726
P115249 6.020 5.970 -7.911 0.548
P115251 5.971 5.880 -8.149 0.795
P115252 6.015 5.833 -7.138 1.247
P115253 6.080 6.007 -6.983 0.578
P115254 6.215 6.082 -7.439 0.874
P115255 6.089 6.181 -8.170 0.406
P115256 5.936 5.890 -7.820 0.512
P115257 6.008 5.693 -7.691 1.161
P115258 6.225 6.076 -8.640 0.618
P115260 5.879 5.739 -7.824 1.183
P115261 5.920 5.895 -7.402 0.904
P115262 6.274 5.973 -7.471 0.835
P115263 6.148 6.018 -7.448 0.438
P115264 5.898 6.010 -7.226 0.711
P115265 6.047 6.131 -8.587 0.558
P115266 5.961 6.118 -8.415 0.454
P115267 5.922 5.909 -8.172 0.738
P115274 5.951 5.464 -7.247 2.601
P115276 6.008 6.029 -8.814 0.442
P115277 6.037 6.052 -8.893 0.321
P115278 6.250 6.151 -9.089 0.798
P115279 5.979 5.961 -8.610 0.470
P115280 6.136 6.186 -8.979 0.317
P115281 5.677 5.228 -7.233 2.625
P115282 5.667 5.399 -7.424 2.763
P115283 5.622 5.674 -7.347 0.659
P115284 5.687 5.696 -6.716 1.251
P115285 5.695 5.338 -7.582 2.388
P115286 5.700 5.427 -7.366 1.932
P115287 5.957 5.946 -8.537 0.701
P115288 6.089 6.040 -8.486 0.892
P115289 5.824 5.808 -7.931 0.514
P115290 5.958 5.951 -8.179 0.414
P115291 6.004 6.040 -9.011 0.760
P115292 6.159 6.119 -9.071 0.585
P115293 5.919 5.875 -8.524 0.656
P115294 6.130 6.055 -7.151 0.571
P115297 5.976 6.078 -8.000 0.484
P115298 5.910 5.976 -7.637 0.488
P115300 6.074 5.969 -7.793 0.686
P115308 5.982 5.790 -6.229 1.026
P115311 6.018 5.902 -7.894 0.954
P115312 5.246 5.334 -5.978 1.619
P115313 5.392 5.245 -6.726 1.173
P115314 5.930 5.807 -8.244 0.740
P115315 5.965 5.917 -8.472 0.480
P115316 6.132 6.156 -8.453 0.275
P115317 5.942 5.939 -8.173 0.522
P115318 6.020 6.109 -8.311 0.455
P115319 6.061 5.946 -8.270 0.399
P115320 6.173 6.144 -8.704 0.326
P115321 6.089 6.081 -8.705 0.553
P115322 5.949 6.097 -8.000 0.785
P115323 5.753 5.940 -6.509 1.082
P115324 5.841 6.039 -8.333 0.602
P115325 5.850 6.004 -7.649 0.927
P115326 5.813 5.805 -8.181 0.500
P115327 5.958 5.948 -7.908 0.313
P115329 5.921 6.088 -7.806 0.854
P115330 6.057 6.102 -8.108 0.344
P115332 6.118 6.117 -6.689 0.302
P115334 6.119 5.829 -7.501 1.157
P115336 5.869 5.597 -7.547 2.088
P115337 5.874 5.443 -7.489 2.285
P115339 5.832 6.055 -6.613 0.566
P115340 5.986 6.109 -8.547 0.409
P115342 5.779 5.699 -7.317 0.650
P115348 5.910 6.087 -7.998 0.795
P115352 6.198 6.115 -7.932 0.722
P115353 6.002 6.122 -8.818 0.368
P115354 6.053 5.923 -7.545 0.598
P115355 6.074 6.022 -7.573 0.514
P115356 5.985 6.101 -8.317 0.622
P115357 6.214 6.187 -7.829 0.510
P115358 5.925 5.645 -6.240 1.168
P115359 6.084 5.984 -7.793 0.466
P115360 5.913 5.941 -8.713 0.557
P115361 5.713 5.446 -7.936 2.789
P115362 5.870 5.985 -7.036 1.491
P115364 6.216 6.169 -7.833 0.597
P115367 6.118 6.163 -8.763 0.332
P115371 5.930 5.970 -6.929 0.619
P115372 6.003 6.082 -7.487 0.515
P115373 6.004 6.075 -7.360 0.855
P115374 6.036 6.076 -7.947 0.486
P115375 5.854 5.991 -7.121 0.615
P115376 6.144 6.496 -8.523 1.229
P115377 5.932 5.960 -8.262 0.558
P115379 5.824 5.718 -6.913 0.732
P115385 5.710 5.621 -6.708 0.889
P115392 6.069 6.041 -6.954 0.702
P115395 5.898 5.837 -7.482 1.613
P115396 6.135 6.148 -9.350 0.601
P115397 6.147 6.197 -9.730 0.398
P115398 6.196 6.282 -9.426 0.317
P115402 6.073 6.028 -7.367 1.476
P115403 6.211 6.276 -7.054 1.025
P115405 6.059 6.166 -6.646 0.692
P115406 5.987 6.259 -7.069 0.627
P115407 5.690 5.695 -6.702 0.968
P115408 5.777 5.622 -7.237 1.668
P115409 5.904 5.788 -6.560 0.957
P115410 6.343 6.146 -7.055 0.533
P115412 6.112 6.238 -8.067 0.487
P115413 6.117 6.130 -8.440 0.305
P115415 6.123 6.051 -8.077 0.776
P115416 5.924 5.936 -7.771 0.399
P115417 5.806 6.093 -7.753 0.824
P115418 6.325 6.368 -7.785 0.233
P115419 6.357 6.126 -7.966 0.996
P115420 6.305 6.171 -7.830 0.460
P115421 5.879 5.910 -8.846 0.636
P115422 5.914 5.996 -7.822 0.632
P115423 6.153 6.196 -7.341 0.371
P115425 6.134 5.942 -6.476 1.123
P115426 6.088 5.966 -6.474 0.853
P115427 6.072 5.700 -6.392 1.238
P115430 6.212 6.224 -8.932 0.289
P115431 6.197 6.239 -8.730 0.700
P115432 6.108 6.105 -8.660 0.410
P115433 6.207 6.218 -8.414 0.271
P115434 6.083 6.111 -9.014 0.712
P115437 6.244 6.217 -7.320 0.339
P115438 6.149 6.064 -7.126 0.384
P115439 5.825 5.926 -7.963 1.178
P115440 6.032 6.185 -7.446 0.535
P115442 6.131 5.854 -6.521 1.168
P115443 6.078 5.710 -6.950 2.047
P115446 6.097 6.201 -8.511 0.538
P115447 5.974 6.179 -8.512 0.992
P115450 5.877 5.616 -7.568 2.016
P115451 6.214 6.164 -6.813 0.332
P115452 5.955 5.920 -7.160 0.706
P115453 6.121 5.870 -6.459 1.234
P115454 5.962 6.151 -7.913 0.542
P115455 6.047 6.106 -8.113 0.807
P115456 5.773 5.959 -7.442 0.634
P115457 5.926 5.995 -8.098 0.768
P115458 6.109 6.228 -7.960 0.649
P115460 6.031 5.990 -6.552 0.916
P115461 6.157 6.064 -6.564 1.149
P115462 6.106 6.243 -8.458 0.797
P115464 6.048 6.202 -7.735 1.035
P115465 6.034 5.752 -6.653 2.047
P115466 5.946 5.730 -7.143 1.774
P115467 6.063 6.124 -8.134 0.464
P115469 5.800 5.484 -6.905 1.009
P115470 5.999 6.149 -7.755 0.756
P115471 6.187 6.253 -8.887 0.415
P115473 6.161 6.266 -8.355 0.746
P115474 6.214 6.220 -8.415 0.366
P115475 5.917 6.288 -8.553 0.720
P115476 6.110 6.082 -8.797 0.497
P115477 5.775 6.088 -7.481 0.784
P115478 6.068 6.269 -7.681 0.680
P115479 5.840 5.652 -6.166 1.428
P115481 6.139 6.314 -8.089 0.660
P115482 5.937 5.988 -6.736 0.778
P115483 6.151 6.116 -7.764 0.330
P115485 6.097 6.230 -7.689 1.224
P115486 6.104 6.175 -7.387 0.652
P115487 6.202 6.023 -6.739 1.060
P115488 6.178 5.745 -7.428 2.265
P115489 6.121 5.467 -7.173 2.530
P115490 6.133 6.061 -8.572 0.496
P115492 6.216 6.293 -7.196 1.175
P115493 6.251 6.406 -7.171 0.816
P115494 5.929 5.864 -8.723 0.756
P115496 6.226 5.994 -7.275 1.063
P115497 6.076 5.924 -7.948 1.183
P115498 6.066 6.185 -8.150 0.828
P115499 6.108 6.003 -8.229 0.574
P115501 5.954 5.933 -7.660 0.325
P115502 5.887 5.923 -8.119 0.738
P115503 6.317 6.429 -7.088 0.587
P115504 6.168 6.143 -7.046 1.202
P115505 5.834 5.994 -6.957 1.181
P115506 5.829 5.632 -8.088 2.438
P115507 5.795 5.772 -7.871 1.944
P115508 5.673 5.485 -5.879 1.354
P115510 6.070 6.071 -8.327 0.532
P115511 5.971 5.868 -7.487 0.880
P115512 5.578 5.915 -6.323 0.833
P115513 6.147 6.254 -7.564 0.670
P115514 6.114 6.248 -7.888 0.736
P115515 5.967 5.829 -7.529 0.731
P115522 5.734 5.656 -8.684 0.819
P115523 5.617 5.507 -8.875 0.702
P115524 5.774 5.937 -7.827 0.553
P115525 6.054 6.190 -9.460 0.853
P115526 6.216 6.294 -8.339 0.286
P115527 6.146 6.248 -8.002 0.527
P115528 5.767 5.222 -7.749 2.396
P115529 5.704 5.357 -7.822 2.299
P115532 5.764 5.904 -7.881 0.675
P115533 6.066 6.184 -8.551 0.380
P115534 5.939 6.046 -7.684 0.362
P115537 6.036 6.049 -7.521 1.784
P115538 5.990 5.915 -8.106 2.382
P115539 6.029 5.524 -7.520 2.302
P115542 5.613 5.566 -6.769 0.456
P115543 5.904 5.817 -6.815 0.932
P115544 5.832 5.486 -8.014 1.677
P115545 5.617 5.666 -7.125 0.670
P115546 5.747 5.333 -8.112 2.277
P115547 5.297 5.667 -7.529 1.820
P115548 6.120 5.692 -7.223 0.950
P115549 6.376 6.252 -8.045 0.664
P115550 5.869 5.814 -8.030 0.520
P115553 5.757 5.643 -6.909 1.469
P115556 6.174 6.204 -7.891 0.326
P115559 6.074 6.070 -8.370 0.509
P115560 6.089 6.100 -8.140 0.257
P115561 5.991 5.895 -8.001 0.523
P115562 6.064 6.158 -8.067 0.371
P115563 5.799 5.538 -7.296 1.651
P115564 6.269 6.248 -9.083 0.561
P115565 5.959 5.891 -7.059 0.397
P115566 6.328 6.193 -8.291 0.718
P115567 6.131 6.076 -8.809 0.644
P115568 5.756 5.780 -6.851 0.897
P115569 6.022 6.132 -9.624 0.468
P115570 6.035 6.171 -9.890 0.353
P115571 6.084 6.201 -9.506 0.344
P115572 5.686 5.692 -7.127 1.232
P115574 5.768 5.863 -7.652 0.643
P115575 6.234 6.112 -8.641 0.403
P115576 5.834 5.740 -6.795 1.385
P115577 6.244 6.178 -7.521 0.463
P115578 6.342 6.262 -7.832 0.914
P115579 6.265 6.250 -8.497 0.313
P115580 5.922 5.680 -7.335 0.900
P115582 5.920 6.105 -7.883 0.424
P115584 6.274 6.226 -7.534 0.571
P115585 6.118 5.986 -6.592 1.117
P115586 6.050 5.814 -6.626 1.180
P115588 5.818 5.872 -6.720 0.840
P115591 6.237 6.073 -7.686 1.013
P115597 5.852 5.830 -6.395 1.332
P115599 6.383 6.340 -7.733 0.834
P115600 6.444 6.455 -7.174 0.315
P115601 6.320 6.109 -7.501 0.721
P115602 5.688 5.700 -7.137 0.895
P115603 5.763 5.780 -6.666 1.431
P115604 5.815 5.617 -7.229 1.625
P115605 6.180 5.781 -6.775 1.214
P115606 6.128 6.220 -8.859 0.892
P115607 6.020 6.057 -8.796 0.546
P115608 6.162 6.216 -8.782 0.783
P115612 5.835 5.354 -6.821 2.504
P115613 5.799 5.362 -7.175 1.852
P115614 6.186 5.755 -7.822 2.035
P115615 6.259 6.266 -8.614 0.485
P115616 6.310 6.100 -8.924 1.040
P115617 6.198 6.434 -8.647 0.670
P115620 5.997 6.024 -6.970 0.854
P115621 5.858 6.030 -7.608 1.522
P115622 5.852 5.824 -8.088 1.805
P115623 6.108 5.913 -6.731 1.187
P115624 6.284 5.672 -7.325 2.391
P115625 6.046 6.029 -7.172 0.800
P115626 6.072 6.228 -7.649 1.100
P115627 6.063 5.687 -6.853 1.928
P115628 5.972 5.687 -8.878 2.335
P115629 5.936 6.055 -7.705 1.207
P115632 5.814 5.340 -7.794 2.218
P115636 6.180 6.235 -9.013 0.959
P115637 6.215 6.268 -8.947 0.698
P115638 6.291 6.409 -9.562 0.342
P115639 6.249 6.368 -9.958 0.337
P115640 6.226 6.241 -9.580 0.503
P115641 6.157 5.933 -7.814 2.452
P115642 6.185 5.983 -6.593 2.010
P115643 5.768 5.461 -7.346 1.850
P115644 5.897 5.320 -7.807 2.383
P115645 5.924 5.636 -7.202 1.701
P115646 5.699 5.863 -6.257 1.174
P115647 5.809 5.733 -6.974 1.378
P115648 6.183 6.007 -7.110 1.250
P115649 6.198 6.236 -8.590 0.634
P115650 5.976 5.942 -6.748 0.781
P115651 5.964 5.713 -7.203 1.755
P115652 5.786 5.848 -6.964 0.717
P115654 6.505 6.190 -7.707 0.910
P115655 6.361 6.199 -7.725 0.551
P115656 6.352 6.084 -8.078 1.023
P115660 6.361 6.132 -7.997 0.865
P115662 5.666 6.034 -7.564 1.223
P115663 5.601 5.769 -7.340 0.901
P115664 5.483 5.551 -5.925 1.464
P115665 5.979 5.471 -7.237 2.413
P115666 5.778 5.958 -7.631 1.309
P115667 5.782 5.851 -7.695 1.882
P115668 6.396 6.013 -7.539 1.076
P115669 6.341 6.220 -7.218 0.490
P115673 6.335 6.444 -7.499 0.694
P115675 6.300 6.367 -9.134 0.365
P115676 6.238 6.259 -9.553 0.557
P115677 6.296 6.385 -9.687 0.326
P115678 6.379 6.331 -9.532 0.854
P115679 6.224 6.302 -9.785 0.331
P115680 6.204 6.155 -9.698 0.708
P115681 6.220 6.006 -6.379 0.995
P115684 6.085 6.021 -8.982 1.031
P115685 6.246 6.240 -8.611 0.434
P115686 5.648 5.663 -7.331 0.689
P115687 5.844 5.285 -8.058 2.192
P115688 6.143 6.257 -9.381 0.347
P115689 6.112 6.144 -9.619 0.526
P115690 6.252 6.180 -9.390 0.901
P115691 6.121 6.266 -9.922 0.339
P115692 6.085 6.188 -9.837 0.524
P115693 5.854 5.776 -6.676 1.997
P115694 5.849 5.790 -8.116 1.193
P115695 5.484 5.721 -6.453 1.551
P115696 5.332 5.609 -5.633 1.478
P115711 6.330 6.401 -7.022 0.845
P115712 5.955 5.981 -7.231 0.824
P115713 5.671 5.615 -8.142 0.387
P115714 6.286 6.396 -8.323 0.758
P115715 6.275 6.372 -9.491 0.375
P115716 6.309 6.209 -9.291 0.376
P115717 6.055 6.112 -8.697 0.761
P115718 5.946 5.906 -8.781 0.747
P115719 6.099 6.153 -8.397 1.254
P115720 6.209 5.840 -5.938 1.403
P115722 6.230 6.272 -7.512 0.367
P115723 6.121 5.907 -6.488 1.257
P115725 6.245 6.117 -7.665 0.672
P115728 5.935 5.756 -5.904 0.816
P115733 6.243 6.023 -6.719 0.747
P115735 6.072 5.861 -6.847 0.733
P115736 6.335 6.399 -7.397 0.668
P115737 5.901 6.171 -6.105 0.404
P115740 6.176 5.933 -6.570 1.708
P115741 6.075 6.220 -8.655 0.797
P115742 6.053 6.286 -8.415 0.832
P115743 6.205 6.320 -8.024 0.602
P115744 6.090 6.143 -8.220 0.693
P115745 6.207 6.276 -8.214 0.229
P115746 6.085 6.089 -7.966 0.685
P115747 6.060 6.162 -7.934 0.666
P115748 6.141 6.261 -9.277 0.854
P115749 6.181 6.280 -8.867 0.430
P115750 6.117 6.149 -7.608 0.399
P115751 6.112 6.101 -8.852 0.257
P115755 6.347 6.117 -6.662 0.924
P115762 6.260 6.281 -7.677 0.458
P115763 5.807 5.990 -7.902 0.490
P115765 5.931 5.910 -7.093 0.434
P115766 6.122 6.004 -6.936 0.698
P115767 6.204 6.203 -7.300 0.347
P115768 6.246 6.163 -7.574 0.690
P115769 6.104 6.098 -7.863 0.484
P115770 6.135 6.223 -6.819 0.908
P115773 6.189 6.301 -8.188 0.537
P115774 6.415 6.444 -7.377 0.846
P115775 6.328 6.346 -8.608 0.370
P115776 6.170 6.201 -9.049 0.723
P115777 6.291 6.157 -6.767 0.643
P115778 6.217 6.182 -6.792 0.313
P115780 6.163 6.192 -6.844 0.741
P115781 6.005 5.913 -6.834 1.536
P115785 6.154 6.298 -8.566 0.578
P115787 6.099 6.284 -7.848 0.749
P115788 6.060 6.114 -7.887 1.026
P115793 6.192 6.334 -8.371 0.685
P115795 6.194 6.326 -8.428 0.470
P115798 6.266 6.267 -8.137 0.464
P115802 6.214 6.163 -7.423 0.741
P115803 6.279 6.212 -8.154 0.635
P115808 6.216 6.265 -8.129 0.727
P115810 6.239 6.199 -6.894 0.661
P115811 5.868 5.991 -6.893 0.591
P115812 6.169 6.304 -8.117 0.686
P115814 6.202 6.322 -8.381 0.650
P115815 6.209 6.178 -8.362 0.485
P115817 6.314 6.267 -8.056 0.304
P115818 6.078 6.113 -8.384 0.487
P115820 6.079 6.300 -7.534 0.649
P115821 6.180 6.086 -7.325 0.900
P115822 6.281 6.035 -6.915 0.733
P115828 6.171 6.178 -8.583 0.404
P115831 6.119 6.253 -7.488 0.546
P115832 5.964 5.850 -6.308 1.308
P115833 5.699 6.318 -6.308 0.697
P115834 6.144 6.037 -6.309 0.615
P115835 6.123 6.187 -7.897 0.491
P115836 6.163 6.134 -8.710 0.622
P115837 6.025 6.027 -8.301 0.456
P115838 5.904 6.101 -7.409 1.119
P115839 6.188 6.239 -7.489 0.738
P115841 5.909 5.865 -5.851 0.949
P115842 6.142 6.345 -7.299 0.766
P115844 6.017 6.345 -7.370 0.901
P115845 6.164 6.193 -8.249 0.325
P115846 6.108 6.144 -8.687 0.823
P115847 5.756 5.646 -7.160 1.447
P115848 5.955 6.025 -7.294 0.846
P115849 5.949 5.609 -6.911 1.902
P115850 6.132 6.251 -6.942 0.712
P115851 6.101 6.095 -7.942 0.662
P115852 6.263 6.066 -7.724 0.721
P115853 6.346 6.331 -7.020 0.463
P115854 6.279 6.179 -7.086 0.669
P115855 6.361 6.444 -6.997 0.617
P115856 6.046 6.136 -7.126 0.648
P115857 5.872 5.750 -7.805 0.436
P115858 6.212 6.168 -7.288 0.549
P115859 5.690 5.722 -8.364 1.596
P115860 5.342 5.546 -6.225 1.137
P115861 6.021 6.010 -7.362 1.135
P115866 5.470 5.508 -6.561 0.562
P115867 6.028 6.144 -8.165 0.621
P115868 5.890 5.914 -7.584 0.898
P115869 5.622 5.715 -6.904 0.644
P115870 5.338 5.475 -6.449 2.093
P115871 5.795 5.734 -6.830 1.236
P115872 5.792 5.796 -6.876 1.457
P115873 5.838 5.771 -7.758 1.729
P115874 5.881 5.680 -7.054 1.660
P115875 6.009 6.029 -7.770 1.056
P115876 5.983 6.093 -7.579 1.339
P115878 6.116 5.996 -6.919 1.217
P115879 6.249 6.163 -8.067 1.079
P115882 6.514 6.657 -8.721 0.853
P115883 6.221 6.225 -8.304 0.668
P115887 6.194 6.135 -8.423 0.925
P115889 6.019 6.071 -8.732 0.751
P115890 6.189 6.246 -7.490 0.671
P115891 6.280 6.325 -7.993 0.477
P115892 6.213 6.152 -9.176 0.647
P115894 6.437 6.471 -9.083 0.935
P115896 6.221 6.190 -7.450 0.343
P115898 6.220 6.117 -8.589 0.764
P115899 5.890 5.561 -7.011 1.454
P115900 6.000 5.731 -7.510 1.284
P115901 5.860 5.649 -8.028 1.363
P115902 5.893 5.911 -7.489 1.272
P115903 6.350 6.132 -6.764 0.743
P115904 5.329 5.726 -5.632 1.440
P115905 5.948 5.789 -6.632 0.675
P115906 5.801 5.716 -7.427 0.904
P115909 5.498 5.779 -5.655 1.342
P115910 6.240 6.071 -9.002 0.741
P115911 5.894 5.952 -7.452 1.513
P115912 6.221 6.212 -7.353 1.320
P115913 5.563 5.889 -6.605 1.587
P115914 5.497 5.713 -6.258 2.051
P115915 6.387 6.509 -8.315 1.141
P115916 6.470 6.556 -8.855 0.628
P115918 6.346 6.238 -7.303 0.926
P115919 6.098 6.059 -7.494 0.735
P115920 6.120 6.267 -6.644 0.666
P115921 6.276 6.174 -6.409 0.705
P115922 6.121 6.408 -6.553 0.991
P115923 6.329 5.634 -6.073 2.428
P115926 6.250 6.190 -7.938 0.483
P115927 5.954 6.078 -7.077 1.152
P115928 5.822 6.028 -7.004 0.950
P115929 6.008 5.893 -6.825 1.128
P115930 6.257 6.286 -7.873 0.833
P115931 6.253 6.126 -8.363 0.682
P115932 6.162 6.245 -8.048 1.390
P115933 6.217 6.239 -6.989 0.907
P115934 6.303 5.638 -5.907 2.290
P115935 6.305 6.298 -8.454 0.352
P115936 6.219 6.141 -8.625 0.925
P115937 6.033 6.106 -7.949 0.791
P115938 6.239 6.140 -8.181 0.777
P115944 6.322 6.327 -8.267 0.564
P115945 6.381 6.455 -8.708 0.437
P115946 6.451 6.539 -8.467 1.338
P115947 6.169 5.524 -7.560 2.734
P115948 6.112 6.236 -8.389 1.479
P115951 6.164 6.026 -8.186 0.649
P115952 5.796 6.029 -8.613 0.754
P115953 6.117 6.143 -8.422 0.637
P115954 6.181 6.138 -8.270 0.578
P115955 6.125 6.051 -6.721 0.786
P115956 6.239 5.943 -7.108 1.392
P115957 6.160 6.066 -7.376 1.259
P115958 5.995 5.968 -8.245 0.314
P115959 5.963 6.026 -7.876 0.813
P115960 6.027 6.188 -7.160 1.861
P115961 6.321 6.421 -9.916 0.347
P115963 6.155 6.100 -6.937 0.855
P115964 5.818 5.608 -7.968 1.885
P115965 6.096 5.489 -7.652 2.410
P115966 5.877 5.589 -7.458 1.848
P115967 5.952 5.464 -7.890 2.007
P115968 6.185 6.108 -6.234 0.326
P115969 5.935 6.014 -7.486 1.186
P115970 5.433 5.738 -5.369 2.142
P115971 5.152 5.649 -5.429 2.817
P115972 6.063 6.125 -7.466 0.492
P115975 6.142 6.128 -6.985 0.717
P115977 5.937 5.840 -7.067 0.939
P115978 5.944 5.825 -6.927 0.889
P115979 6.397 6.458 -9.011 0.836
P115980 6.424 6.500 -8.901 0.474
P115983 6.391 6.474 -9.783 0.342
P115984 6.333 6.326 -9.668 0.527
P115985 6.467 6.429 -9.681 0.771
P115988 6.081 5.989 -8.385 0.488
P115990 6.309 6.265 -9.855 0.674
P115991 6.178 6.033 -7.206 1.934
P115996 6.239 6.250 -8.965 0.849
P115997 5.812 5.624 -7.613 1.221
P115999 6.171 6.173 -8.406 0.363
P116000 6.137 5.672 -8.190 2.536
P116004 6.264 5.721 -7.744 2.323
P116005 6.146 6.566 -7.812 0.736
P116006 6.331 6.333 -8.516 0.531
P116007 6.193 6.333 -9.246 0.832
P116008 6.335 6.392 -9.035 0.931
P116009 6.482 6.258 -8.999 1.051
P116010 6.163 6.302 -8.451 0.913
P116011 6.217 6.406 -8.828 0.807
P116012 6.226 6.347 -8.755 0.940
P116013 5.991 5.687 -6.664 1.946
P116014 5.990 5.825 -6.833 0.967
P116015 5.814 5.844 -7.139 0.937
P116022 6.372 6.348 -9.011 0.675
P116023 6.359 6.355 -8.330 0.577
P116024 6.448 6.415 -9.330 0.424
P116027 6.337 6.359 -7.070 0.392
P116028 6.393 6.379 -7.092 0.387
P116029 6.176 6.159 -6.811 0.834
P116030 6.315 6.410 -6.921 0.614
P116031 6.163 6.328 -6.554 0.772
P116033 6.065 6.168 -7.081 0.576
P116034 6.012 6.311 -6.075 1.032
P116036 6.052 6.075 -9.217 0.559
P116037 6.160 6.210 -7.055 0.871
P116038 6.229 6.254 -9.679 0.555
P116039 6.289 6.372 -8.832 0.376
P116040 6.317 6.278 -9.492 0.526
P116041 6.302 6.384 -8.741 0.634
P116042 6.313 6.367 -9.618 0.308
P116043 6.160 6.205 -9.023 1.036
P116044 6.217 6.240 -8.977 0.908
P116045 6.359 6.341 -7.699 0.621
P116046 6.395 6.457 -9.016 0.309
P116048 6.204 6.263 -8.609 0.720
P116049 6.142 6.215 -9.111 0.861
P116050 6.275 6.264 -8.550 0.368
P116051 5.970 6.289 -7.527 0.341
P116052 6.384 6.353 -8.145 0.860
P116053 6.146 6.253 -8.758 0.903
P116054 6.167 6.144 -8.574 1.255
P116055 6.474 6.495 -8.435 0.494
P116056 6.431 6.433 -8.146 0.343
P116062 6.219 6.456 -7.340 0.943
P116064 6.337 6.133 -8.664 1.043
P116066 6.101 5.988 -6.755 0.946
P116067 6.399 6.524 -8.613 0.349
P116068 6.532 6.601 -9.152 0.547
P116069 6.349 6.421 -8.381 0.457
P116070 5.958 6.003 -7.750 1.039
P116071 5.911 6.045 -8.039 0.897
P116072 5.817 5.815 -7.528 1.558
P116073 6.006 5.482 -8.167 1.698
P116074 6.016 5.935 -5.606 2.329
P116075 5.882 5.725 -7.103 1.534
P116076 5.911 5.505 -6.227 1.958
P116077 6.415 6.487 -7.037 0.914
P116078 6.314 6.274 -7.888 0.732
P116079 6.254 6.295 -7.015 0.927
P116080 6.502 6.556 -9.466 0.411
P116081 6.403 6.415 -9.341 0.601
P116082 6.249 6.212 -7.683 0.716
P116083 6.357 6.495 -8.230 0.971
P116084 6.441 6.528 -8.417 0.486
P116085 6.409 6.382 -7.942 1.095
P116086 6.096 6.174 -8.028 0.390
P116087 6.252 6.260 -8.573 1.074
P116088 6.199 6.192 -7.930 0.609
P116089 6.307 6.301 -7.258 0.565
P116090 6.397 6.435 -7.890 0.368
P116091 6.401 6.488 -6.441 0.891
P116098 6.193 6.320 -8.389 0.914
P116099 6.055 6.092 -6.270 0.880
P116100 6.185 6.318 -7.962 2.138
P116103 6.243 6.224 -7.926 0.421
P116105 6.191 6.177 -8.054 0.816
P116112 5.743 6.054 -7.476 0.767
P116114 6.243 6.213 -8.695 0.469
P116115 6.371 6.428 -8.826 0.994
P116116 6.320 6.275 -7.322 2.227
P116117 6.192 6.273 -6.179 1.486
P116118 6.126 6.171 -9.080 0.335
P116119 6.272 6.258 -7.546 0.747
P116120 6.061 5.843 -6.803 1.012
P116121 6.126 5.696 -7.163 1.888
P116122 6.121 6.188 -7.552 0.454
P116125 6.403 6.260 -8.521 0.535
P116128 6.359 6.107 -6.749 0.971
P116134 6.368 6.383 -8.200 0.284
P116135 5.968 6.031 -8.131 0.780
P116138 6.114 6.059 -8.033 0.506
P116140 6.169 6.124 -7.094 0.468
P116141 6.218 6.339 -7.806 0.851
P116143 5.844 5.809 -6.814 1.286
P116144 6.143 6.331 -8.219 0.696
P116145 6.270 6.378 -9.762 0.401
P116146 6.231 6.216 -9.578 0.536
P116150 5.852 6.208 -7.294 0.611
P116153 6.221 6.325 -9.259 0.502
P116154 6.362 5.960 -9.006 1.252
P116155 6.459 6.482 -9.089 0.403
P116157 6.037 6.275 -8.144 0.567
P116160 6.396 6.482 -8.337 0.617
P116164 6.311 6.175 -7.324 0.425
P116165 6.395 6.494 -7.527 0.398
P116166 6.392 6.429 -7.479 0.376
P116167 6.178 6.123 -7.389 1.040
P116168 6.466 6.515 -7.153 0.450
P116169 6.259 6.330 -9.699 0.322
P116170 6.266 6.164 -7.118 0.550
P116173 6.224 6.409 -7.705 0.814
P116174 6.451 6.385 -9.017 0.560
P116175 6.444 6.519 -8.797 0.349
P116176 6.443 6.322 -7.975 0.584
P116178 5.922 6.047 -7.667 0.828
P116183 5.836 5.930 -7.281 0.824
P116186 6.006 6.095 -7.676 0.760
P116187 6.158 6.206 -9.813 0.575
P116188 6.417 6.130 -7.972 0.718
P116191 6.190 6.119 -8.606 0.710
P116193 6.388 6.309 -8.708 0.457
P116194 6.145 6.062 -7.422 0.617
P116198 6.338 6.368 -8.679 0.649
P116199 6.585 6.629 -9.223 0.579
P116200 6.687 6.664 -9.037 0.685
P116201 6.536 6.494 -9.581 0.568
P116202 6.649 6.649 -9.031 0.512
P116203 6.590 6.172 -8.717 1.190
P116204 6.431 6.446 -9.006 0.647
P116205 6.602 6.527 -9.324 0.775
P116206 6.440 6.547 -9.280 0.571
P116207 6.470 6.483 -9.505 0.517
P116208 6.427 6.366 -8.733 0.791
P116209 6.553 6.590 -9.082 0.392
P116210 6.485 6.734 -8.937 0.605
P116211 6.575 6.717 -8.968 0.919
P116212 6.596 6.606 -9.169 0.624
P116214 6.598 6.672 -9.564 0.329
P116216 6.424 6.417 -8.704 0.764
P116217 6.402 6.298 -8.510 0.680
P116220 6.407 6.392 -7.096 0.842
P116221 6.149 6.213 -7.895 0.475
P116222 6.304 6.489 -7.936 0.642
P116223 6.374 6.353 -8.069 1.063
P116224 6.198 6.384 -8.226 0.767
P116225 6.272 6.108 -8.498 0.920
P116228 6.213 6.258 -8.230 0.654
P116229 6.151 6.168 -8.086 0.564
P116232 6.344 6.048 -7.773 1.157
P116233 6.312 6.356 -8.266 0.388
P116234 6.428 6.486 -8.853 0.385
P116235 6.244 6.007 -8.612 1.089
P116236 6.400 6.134 -7.357 2.808
P116237 6.327 5.988 -7.302 2.955
P116238 6.173 6.358 -8.161 1.231
P116239 6.640 6.799 -9.535 0.734
P116240 6.640 6.795 -9.858 0.547
P116241 6.486 6.391 -9.065 0.737
P116242 6.090 5.770 -7.500 2.051
P116243 6.424 6.380 -7.933 0.899
P116244 6.153 5.630 -5.610 3.337
P116245 6.223 6.395 -7.484 0.901
P116246 6.422 6.169 -8.147 0.674
P116247 5.908 6.373 -7.627 0.938
P116248 6.221 6.519 -8.287 1.005
P116249 6.352 6.308 -8.931 1.023
P116250 6.538 6.468 -8.596 0.642
P116251 6.193 5.951 -7.875 2.786
P116252 6.608 5.906 -6.327 2.658
P116256 5.954 5.963 -7.420 2.197
P116257 6.041 6.094 -7.491 1.327
P116258 6.606 6.655 -8.286 0.473
P116259 6.536 6.606 -8.483 0.361
P116260 6.514 6.540 -8.628 0.606
P116261 6.513 6.647 -8.317 0.799
P116262 6.484 6.628 -8.153 1.314
P116263 6.390 6.583 -8.088 1.830
P116264 6.089 6.056 -7.845 1.710
P116265 6.573 6.671 -9.735 0.370
P116266 6.566 6.655 -9.845 0.364
P116267 6.542 6.600 -9.518 0.454
P116268 6.603 6.612 -9.646 0.416
P116269 6.547 6.487 -9.522 0.627
P116270 6.543 6.457 -9.434 0.539
P116272 6.267 6.409 -8.144 0.558
P116275 6.037 6.192 -7.804 0.426
P116277 6.497 6.575 -8.669 0.465
P116279 6.392 6.362 -8.572 0.559
P116280 6.461 6.636 -8.793 0.573
P116281 6.429 6.586 -8.935 0.895
P116282 6.337 6.384 -8.670 0.521
P116283 6.510 6.553 -9.102 0.802
P116284 6.436 6.408 -8.838 0.900
P116285 6.585 6.608 -9.042 0.757
P116286 6.464 6.512 -9.139 0.865
P116287 6.312 6.318 -9.219 1.117
P116292 6.579 6.660 -8.759 0.630
P116293 6.384 6.464 -8.387 1.214
P116294 6.419 6.463 -8.189 1.431
P116295 6.449 6.597 -8.958 0.883
P116296 6.327 6.424 -8.537 0.639
P116297 6.366 6.561 -8.417 0.803
P116298 6.264 6.069 -8.501 0.831
P116299 6.393 6.077 -8.067 1.219
P116300 6.372 6.428 -8.722 0.862
P116301 6.510 6.431 -9.236 0.575
P116302 6.318 6.105 -7.825 1.266
P116305 6.456 6.399 -8.018 0.864
P116306 6.124 5.774 -7.503 1.069
P116315 6.363 6.418 -7.683 0.327
P116316 6.536 6.495 -8.362 1.201
P116317 6.482 6.440 -8.605 0.925
P116319 6.164 5.795 -7.170 1.213
P116328 6.207 5.614 -7.339 1.854
P116330 6.117 5.625 -7.745 2.557
P116331 6.191 6.340 -7.870 0.900
P116335 6.182 6.183 -6.776 0.549
P116337 6.114 6.074 -7.653 0.596
P116338 6.043 6.161 -6.079 0.758
P116339 5.767 6.141 -7.169 0.701
P116340 5.923 6.002 -7.817 1.226
P116341 6.238 6.345 -9.010 0.662
P116342 6.239 6.193 -7.903 0.730
P116343 6.324 6.371 -7.255 0.806
P116346 6.275 6.294 -9.332 0.324
P116347 6.390 6.382 -9.335 0.264
P116348 6.468 6.396 -8.691 0.533
P116351 6.192 6.112 -7.028 0.685
P116352 6.279 6.219 -6.973 1.381
P116353 6.133 5.982 -7.672 0.603
P116358 6.314 6.167 -9.501 0.942
P116359 6.374 6.226 -8.366 0.835
P116360 6.378 6.415 -8.822 0.435
P116361 6.411 6.524 -9.681 0.539
P116362 6.394 6.383 -9.808 0.483
P116363 6.223 6.289 -6.229 0.746
P116364 6.070 6.327 -7.634 1.216
P116365 6.058 6.041 -7.301 0.885
P116366 6.290 6.153 -6.849 0.875
P116367 6.068 6.264 -6.096 0.580
P116369 6.310 6.225 -7.372 0.543
P116370 6.407 6.088 -7.017 1.425
P116371 6.385 6.510 -7.863 0.443
P116372 6.466 6.413 -7.714 0.467
P116376 6.332 6.196 -7.503 0.823
P116380 6.443 6.199 -6.425 1.043
P116384 5.803 5.899 -7.984 1.238
P116385 6.173 6.165 -7.754 0.387
P116386 5.741 6.011 -6.235 1.083
P116387 6.009 5.952 -7.368 0.876
P116388 5.885 5.527 -7.880 1.702
P116389 5.972 5.755 -6.833 1.222
P116390 5.939 5.803 -7.132 1.621
P116392 6.113 6.173 -8.637 0.841
P116393 5.778 6.011 -7.350 0.789
P116394 6.146 6.225 -8.436 0.727
P116395 6.158 6.117 -7.395 0.951
P116396 5.943 5.975 -7.094 0.823
P116398 6.181 6.194 -8.438 0.507
P116399 6.274 6.132 -8.487 1.885
P116400 6.336 6.375 -9.659 0.417
P116401 6.283 6.282 -9.901 0.514
P116402 6.240 6.355 -7.669 1.156
P116403 5.851 5.850 -6.754 1.826
P116404 5.975 5.999 -7.445 1.046
P116405 6.203 5.999 -6.402 1.385
P116406 6.316 6.217 -7.104 0.847
P116407 6.229 6.171 -7.035 1.007
P116408 6.220 6.150 -7.393 0.371
P116409 6.118 6.038 -7.770 0.941
P116410 5.747 6.167 -6.563 1.346
P116416 5.813 5.998 -6.422 1.321
P116417 6.281 6.279 -6.668 0.600
P116424 6.452 6.501 -7.373 1.173
P116425 6.410 6.411 -7.441 2.078
P116427 6.233 6.266 -7.319 0.720
P116428 6.393 6.451 -7.058 0.842
P116429 6.456 6.549 -7.210 0.586
P116430 6.411 6.359 -6.752 0.672
P116431 6.179 6.007 -5.977 0.645
P116435 6.481 6.518 -7.860 0.519
P116439 6.020 5.885 -6.419 0.866
P116440 5.954 6.024 -7.114 1.059
P116441 5.270 6.005 -8.195 1.038
P116442 5.929 6.138 -6.490 0.868
P116443 5.362 5.707 -5.806 2.432
P116445 5.906 5.929 -6.706 0.827
P116446 5.676 5.897 -7.150 1.175
P116447 6.137 5.934 -6.149 1.268
P116453 6.258 6.157 -7.072 0.592
P116454 6.206 6.417 -7.480 0.876
P116463 5.717 5.734 -5.574 1.387
P116464 5.452 5.969 -5.438 1.479
P116465 5.531 5.914 -6.034 1.119
P116466 5.564 5.685 -6.582 1.246
P116467 5.782 5.650 -6.623 2.151
P116468 6.128 5.860 -5.431 0.787
P116470 6.025 5.877 -6.779 1.043
P116473 5.744 6.081 -6.423 0.892
P116474 6.308 6.147 -6.580 1.145
P116477 6.241 6.124 -6.321 1.191
P116478 6.266 5.745 -6.070 2.197
P116479 6.266 6.095 -5.728 1.375
P116480 6.099 5.990 -6.078 1.233
P116490 6.232 6.245 -7.349 0.819
P116491 5.917 5.720 -6.216 2.369
P116492 5.960 6.027 -6.870 0.866
P116493 5.701 5.868 -5.889 1.265
P116494 6.300 5.995 -6.055 0.917
P116495 5.770 5.769 -6.567 1.146
P116496 5.716 5.866 -5.325 1.748
P116497 5.591 5.933 -6.899 0.928
P116498 5.916 5.471 -6.102 2.408
P116499 6.368 6.354 -8.110 0.789
P116501 6.327 6.495 -8.048 0.867
P116502 6.377 6.455 -7.250 1.110
P116503 6.290 6.455 -7.709 0.439
P116504 5.988 6.515 -7.033 0.771
P116505 6.185 6.280 -7.329 0.673
P116506 6.374 6.443 -7.054 0.383
P116508 6.322 6.567 -7.105 0.962
P116510 6.355 6.600 -7.501 0.933
P116511 6.435 6.323 -7.906 0.958
P116512 6.339 6.215 -7.574 0.564
P116514 6.233 6.308 -8.293 0.826
P116515 6.247 6.484 -8.228 1.008
P116516 6.219 6.358 -9.195 0.843
P116521 6.423 6.422 -8.905 0.595
P116522 6.552 6.505 -8.220 0.418
P116523 6.415 6.482 -8.866 0.741
P116524 6.529 6.556 -9.032 0.703
P116525 6.460 6.426 -8.958 0.947
P116526 5.811 5.801 -9.274 0.289
P116529 5.839 5.843 -8.744 0.318
P116530 6.176 6.214 -8.821 0.681
P116531 6.280 6.466 -8.510 0.951
P116532 6.196 6.318 -9.005 0.995
P116533 6.212 6.405 -8.909 1.042
P116534 6.297 6.308 -8.823 1.016
P116535 6.297 6.111 -7.362 0.837
P116536 6.320 5.818 -7.935 0.746
P116537 5.885 5.805 -7.245 0.402
P116538 5.737 5.748 -9.475 0.703
P116540 5.968 5.897 -7.712 0.484
P116542 5.964 6.068 -9.018 0.627
P116543 6.045 6.042 -9.023 1.104
P116545 6.117 5.926 -7.393 1.385
P116546 6.206 6.293 -8.970 0.985
P116547 6.388 6.410 -9.040 0.622
P116548 6.243 6.271 -8.850 0.975
P116549 6.304 6.365 -8.612 1.013
P116550 6.368 6.358 -8.444 0.296
P116552 6.141 6.147 -9.224 0.659
P116553 5.839 5.747 -8.620 0.321
P116557 6.114 6.163 -7.435 0.928
P116558 6.475 5.849 -7.137 1.108
P116559 6.298 5.713 -7.932 2.109
P116560 6.335 6.473 -8.214 0.813
P116561 6.277 6.074 -8.142 0.867
P116562 6.434 6.573 -8.104 1.013
P116563 6.412 6.549 -8.537 0.428
P116564 6.368 6.272 -8.718 1.056
P116565 6.329 6.444 -7.764 1.068
P116566 6.512 6.303 -8.257 0.934
P116567 6.541 6.237 -8.892 1.386
P116568 6.283 6.376 -8.623 1.053
P116569 6.241 6.219 -8.384 1.168
P116570 6.173 5.932 -7.096 1.732
P116574 6.357 6.580 -8.844 1.152
P116575 6.242 6.475 -8.893 0.908
P116576 6.210 6.424 -8.888 0.907
P116579 6.343 5.941 -7.610 1.660
P116580 5.960 5.960 -9.465 0.666
P116584 6.161 6.300 -9.274 0.986
P116585 5.988 6.323 -6.215 0.673
P116586 6.382 6.177 -6.748 1.442
P116588 5.939 6.020 -7.967 0.782
P116589 6.167 6.109 -7.434 1.435
P116590 6.337 6.225 -6.136 1.032
P116591 6.183 5.990 -6.993 1.433
P116592 6.280 6.224 -6.913 1.164
P116593 6.130 5.514 -6.814 2.271
P116595 6.247 6.366 -7.382 0.643
P116598 6.096 6.168 -9.068 0.804
P116601 6.500 6.573 -8.105 0.910
P116604 6.158 6.172 -8.751 0.471
P116605 6.364 6.402 -9.831 0.523
P116606 6.292 6.436 -9.707 0.350
P116607 6.466 6.515 -9.292 0.343
P116608 6.417 6.424 -9.637 0.509
P116609 6.444 6.509 -8.869 0.571
P116610 6.421 6.508 -9.981 0.346
P116613 5.961 5.981 -9.116 0.796
P116615 5.966 5.972 -9.325 0.327
P116617 6.265 6.133 -8.628 0.962
P116619 6.077 6.013 -9.189 0.785
P116620 5.990 6.014 -7.971 0.672
P116621 6.097 6.204 -7.477 0.466
P116622 6.068 6.055 -7.862 0.687
P116623 6.009 6.171 -8.304 0.486
P116625 6.069 6.147 -8.830 0.814
P116626 5.971 6.089 -9.706 0.486
P116628 5.973 5.912 -9.210 0.506
P116632 6.335 6.356 -9.474 0.812
P116634 6.089 6.236 -8.014 0.530
P116636 5.896 6.174 -6.638 1.047
P116637 5.895 5.928 -6.532 1.133
P116639 6.114 6.112 -8.765 0.505
P116640 5.632 5.708 -5.501 2.380
P116641 6.155 6.200 -7.541 0.433
P116642 5.569 5.610 -5.594 1.361
P116643 5.659 5.720 -9.048 0.313
P116644 5.610 5.652 -9.180 0.330
P116645 5.644 5.642 -8.924 0.455
P116646 5.716 5.729 -9.137 0.492
P116647 5.723 5.773 -9.313 0.297
P116648 5.942 5.950 -8.936 0.634
P116649 5.732 5.731 -9.049 0.664
P116650 5.780 5.811 -9.081 0.279
P116651 5.843 5.837 -9.203 0.287
P116652 5.837 5.866 -8.944 0.626
P116653 5.774 5.744 -7.523 0.626
P116654 5.747 5.803 -9.124 0.670
P116655 5.892 5.998 -8.718 0.437
P116656 5.860 5.732 -7.178 0.569
P116657 5.791 5.852 -9.203 0.413
P116658 5.778 5.908 -8.994 0.446
P116659 5.921 5.947 -8.427 0.255
P116660 5.895 5.915 -8.310 0.342
P116662 5.959 5.952 -8.661 0.336
P116663 5.887 5.989 -8.379 0.281
P116664 5.621 5.753 -7.631 0.668
P116665 5.685 5.841 -8.814 0.565
P116666 5.820 5.910 -8.063 0.315
P116667 5.843 5.941 -9.021 0.462
P116668 5.839 5.897 -9.586 0.177
P116669 5.904 5.960 -8.329 0.630
P116670 5.860 5.876 -9.118 0.446
P116671 5.774 5.428 -7.470 0.800
P116672 5.929 5.978 -9.609 0.533
P116675 6.032 6.024 -9.464 0.816
P116678 6.144 6.127 -9.525 0.505
P116680 5.856 5.954 -10.120 0.492
P116682 5.775 5.593 -9.264 0.371
P116683 5.957 5.976 -9.941 0.952
P116684 5.972 6.017 -10.185 0.477
P116685 5.869 6.025 -10.447 0.677
P116686 6.044 6.079 -9.712 0.453
P116688 6.005 6.001 -8.590 0.452
P116689 6.074 6.090 -9.412 0.624
P116690 5.910 5.885 -8.923 0.227
P116691 5.857 5.848 -9.273 0.185
P116692 5.926 5.899 -8.931 0.289
P116693 6.021 6.017 -9.140 0.328
P116694 6.178 5.979 -8.680 0.427
P116695 5.968 6.029 -9.503 0.224
P116696 6.032 5.915 -8.792 0.264
P116697 6.099 6.098 -8.911 0.387
P116698 6.064 5.974 -8.949 0.257
P116699 6.209 6.145 -7.931 0.244
P116700 6.156 6.043 -8.479 0.315
P116702 6.180 6.156 -9.260 0.314
P116703 6.255 6.167 -8.980 0.283
P116704 6.196 6.061 -9.048 0.419
P116705 6.064 5.910 -7.904 0.857
P116707 6.174 6.157 -9.412 0.397
P116708 6.145 6.164 -8.042 0.182
P116709 6.064 5.990 -8.301 0.555
P116713 6.226 6.221 -8.982 0.314
P116715 6.132 6.009 -7.656 0.584
P116716 6.205 6.296 -8.317 0.432
P116717 6.213 5.966 -8.459 1.099
P116718 6.119 6.048 -8.542 0.204
P116719 6.233 5.951 -8.259 1.764
P116721 6.229 6.168 -8.621 0.397
P116723 6.190 6.051 -9.175 0.466
P116724 6.436 6.050 -8.278 1.068
P116726 6.243 6.113 -9.216 0.326
P116727 6.182 6.179 -9.174 0.463
P116728 6.217 6.110 -8.190 0.919
P116729 6.329 6.137 -8.582 1.027
P116731 6.359 6.278 -9.205 0.484
P116732 5.234 5.379 -8.051 1.044
P116733 5.629 5.395 -7.847 1.504
P116734 5.687 5.507 -5.992 0.809
P116736 5.717 5.493 -8.676 0.531
P116737 5.721 5.614 -8.778 0.632
P116738 5.747 5.645 -8.296 0.606
P116742 5.704 5.654 -10.042 0.430
P116743 5.748 5.797 -10.332 0.340
P116744 5.676 5.726 -10.104 0.339
P116745 5.890 5.705 -7.629 0.725
P116746 5.837 5.517 -8.452 0.756
P116747 5.945 5.667 -8.737 0.609
P116748 5.832 5.757 -8.592 0.616
P116749 5.781 5.587 -8.930 0.528
P116754 6.021 5.886 -8.516 0.621
P116755 5.924 5.684 -7.919 0.822
P116756 5.846 5.740 -7.165 0.374
P116757 5.933 5.906 -8.017 0.413
P116758 5.787 5.747 -10.237 0.439
P116759 5.816 5.767 -10.112 0.367
P116761 5.879 5.628 -8.677 0.778
P116763 5.923 5.948 -10.283 0.334
P116765 5.881 5.944 -10.462 0.364
P116766 5.535 5.767 -9.710 0.484
P116767 5.805 5.884 -10.476 0.374
P116768 5.959 5.887 -9.831 0.395
P116769 5.777 5.703 -9.998 0.454
P116770 5.840 5.877 -10.248 0.357
P116771 5.934 6.074 -11.093 0.887
P116772 5.864 5.778 -10.155 0.353
P116778 5.934 6.094 -10.961 0.831
P116779 5.849 5.823 -10.324 0.507
P116780 5.898 5.859 -9.718 0.375
P116781 5.886 6.159 -10.077 0.998
P116782 5.910 5.936 -9.373 0.435
P116783 6.084 5.988 -9.898 0.386
P116784 5.987 6.175 -11.280 0.804
P116785 5.890 5.829 -10.318 0.393
P116786 5.883 5.951 -10.069 0.324
P116787 5.930 6.025 -11.064 0.872
P116788 5.969 6.053 -10.146 0.353
P116790 5.937 6.030 -9.871 0.428
P116791 5.902 6.031 -11.160 0.927
P116793 5.944 6.081 -10.893 0.629
P116795 6.078 6.032 -9.847 0.410
P116797 5.811 5.626 -7.147 1.698
P116798 5.958 6.002 -7.964 0.402
P116799 5.909 5.636 -8.116 0.860
P116803 5.898 5.965 -10.980 0.960
P116806 5.953 5.914 -10.333 0.332
P116808 5.986 5.953 -10.266 0.478
P116809 6.073 6.156 -10.192 0.418
P116810 6.036 6.074 -9.588 0.408
P116812 5.989 6.075 -10.026 0.394
P116814 5.972 5.881 -9.477 0.325
P116817 6.142 6.170 -10.025 0.549
P116818 5.994 6.094 -10.299 0.352
P116828 6.089 6.119 -9.708 0.281
P116829 5.874 5.710 -7.032 1.389
P116830 6.014 6.091 -10.102 0.365
P116831 5.983 5.942 -9.616 0.230
P116832 5.945 6.033 -9.212 0.365
P116833 5.983 5.965 -10.523 0.598
P116834 5.940 5.766 -6.237 1.669
P116835 5.972 5.767 -7.206 1.229
P116837 5.949 5.758 -7.702 1.030
P116838 5.621 5.773 -7.413 0.537
P116839 5.793 5.678 -7.299 0.907
P116840 5.974 5.915 -7.156 0.638
P116842 5.850 5.672 -8.280 0.850
P116844 6.140 6.186 -10.240 0.417
P116846 6.089 6.308 -10.817 0.834
P116847 6.058 5.945 -8.912 0.841
P116848 6.179 6.310 -9.818 0.499
P116849 6.075 6.322 -10.587 0.896
P116850 6.052 5.988 -10.209 0.380
P116851 6.107 6.089 -8.225 0.456
P116853 6.155 6.301 -9.928 0.480
P116855 6.089 6.043 -10.449 0.463
P116856 6.100 6.282 -10.076 0.759
P116860 5.991 5.955 -8.958 0.425
P116861 5.927 5.835 -6.750 0.620
P116862 5.946 5.742 -7.864 1.396
P116864 5.966 5.954 -8.325 0.946
P116865 6.031 6.137 -9.230 0.348
P116866 5.923 6.016 -8.039 2.346
P116867 6.106 6.228 -9.250 0.464
P116868 6.088 6.284 -10.341 0.941
P116869 5.973 6.119 -8.961 0.383
P116870 6.011 6.000 -9.639 0.445
P116872 6.148 6.265 -9.730 0.533
P116873 6.117 6.162 -8.862 0.597
P116874 6.073 6.108 -9.137 0.447
P116876 6.110 6.100 -7.972 0.329
P116877 6.107 6.053 -9.754 0.533
P116878 6.033 6.105 -10.159 0.429
P116883 6.123 6.026 -9.646 0.408
P116884 6.082 6.042 -9.790 0.489
P116887 6.140 6.218 -9.707 0.469
P116890 6.189 6.426 -10.600 0.844
P116891 5.999 5.874 -6.574 0.589
P116893 6.134 6.250 -9.912 0.835
P116895 6.168 6.267 -9.988 0.480
P116897 6.127 6.348 -9.851 0.797
P116899 6.174 6.376 -10.220 0.832
P116900 6.255 6.199 -8.514 0.423
P116904 6.179 6.097 -9.737 0.606
P116907 6.189 6.320 -9.642 0.968
P116909 6.270 6.025 -7.765 0.684
P116910 6.217 6.153 -9.205 0.765
P116911 6.185 6.124 -9.667 0.547
P116912 6.058 6.328 -9.781 0.981
P116913 6.052 6.020 -9.927 0.342
P116914 5.857 5.921 -9.033 0.795
P116917 6.131 5.872 -8.158 1.274
P116918 5.991 6.016 -9.923 0.363
P116919 6.299 6.193 -5.739 0.656
P116920 6.385 6.306 -10.298 0.523
P116923 6.033 5.890 -8.029 0.610
P116925 6.009 5.915 -7.815 0.559
P116926 6.160 5.957 -9.007 1.442
P116941 6.050 6.015 -8.151 0.284
P116942 5.954 6.058 -8.017 0.589
P116943 5.039 4.856 -6.222 1.481
P116944 5.142 5.309 -7.984 0.654
P116945 5.249 5.452 -7.685 0.847
P116946 5.003 5.182 -7.526 0.782
P116947 5.287 5.489 -8.037 1.666
P116948 5.001 5.113 -7.897 0.399
P116949 5.073 5.065 -7.464 0.133
P116950 5.097 5.196 -7.903 0.800
P116951 5.182 5.295 -8.301 0.374
P116952 5.148 5.056 -7.469 0.206
P116953 4.828 4.931 -8.485 0.492
P116954 5.007 5.129 -8.403 0.807
P116955 5.024 5.096 -8.066 0.401
P116956 5.007 5.079 -8.392 0.746
P116957 4.807 4.947 -8.215 0.426
P116958 5.024 5.063 -7.847 0.826
P116959 5.477 5.401 -5.872 0.663
P116960 5.408 5.526 -6.438 0.700
P116961 5.360 5.486 -6.340 0.764
P116962 5.393 5.432 -6.285 1.070
P116963 5.220 5.262 -6.755 0.836
P116964 5.457 5.422 -5.660 0.489
P116965 5.438 5.612 -6.517 0.801
P116966 5.373 5.353 -6.031 1.059
P116967 5.286 5.403 -8.403 0.653
P116968 5.161 5.234 -8.899 0.712
P116969 5.307 5.252 -7.182 0.205
P116970 5.242 5.332 -8.332 0.677
P116971 5.277 5.377 -8.394 0.643
P116972 5.026 5.138 -8.375 0.675
P116973 5.149 5.166 -7.854 0.180
P116974 4.956 5.084 -8.374 0.736
P116975 5.218 5.324 -8.347 0.793
P116976 5.210 5.301 -7.797 0.176
P116977 5.200 5.359 -8.352 0.824
P116978 5.091 5.165 -8.839 0.599
P116979 5.209 5.300 -8.040 0.612
P116980 5.194 5.316 -8.019 0.713
P116981 5.323 5.464 -8.380 0.733
P116982 5.266 5.259 -7.177 0.137
P116983 5.190 5.237 -7.293 0.248
P116984 5.208 5.308 -8.398 0.878
P116985 5.255 5.412 -8.363 0.831
P116986 5.144 5.260 -8.061 0.823
P116987 5.272 5.490 -7.714 0.756
P116988 5.287 5.432 -7.403 0.720
P116989 5.331 5.305 -6.730 0.172
P116990 5.211 5.425 -9.047 0.714
P116991 5.162 5.066 -8.968 0.949
P116992 5.123 5.381 -9.091 0.711
P116993 4.901 5.084 -9.105 0.666
P116994 5.144 5.088 -7.377 0.348
P116995 5.254 5.414 -7.202 0.716
P116996 5.183 5.335 -8.116 0.790
P116997 5.194 4.699 -6.661 0.948
P116998 4.920 5.059 -9.635 0.544
P116999 5.135 5.130 -7.618 0.290
P117000 5.225 5.452 -9.105 0.716
P117001 5.193 5.398 -9.020 0.725
P117002 5.099 5.040 -6.209 1.487
P117003 5.084 4.897 -6.236 1.286
P117004 5.184 4.969 -6.267 1.406
P117005 5.165 5.015 -6.302 1.485
P117006 4.956 4.780 -6.505 0.515
P117007 5.312 5.061 -6.268 1.112
P117008 5.071 4.990 -5.990 0.737
P117009 5.111 5.014 -6.106 0.933
P117010 4.902 4.664 -6.461 0.889
P117011 4.871 4.785 -6.145 0.900
P117012 5.015 5.287 -8.748 0.698
P117013 5.098 5.145 -7.654 0.223
P117014 5.160 4.983 -6.299 1.673
P117015 5.134 4.884 -6.418 0.987
P117016 5.222 5.206 -7.476 1.228
P117017 5.321 5.451 -7.403 0.722
P117018 5.344 5.499 -7.434 0.727
P117019 5.098 5.245 -7.464 0.631
P117020 5.251 5.172 -7.026 0.489
P117021 5.099 4.933 -6.457 0.373
P117022 5.210 5.362 -7.316 0.785
P117023 5.229 5.199 -6.751 0.151
P117024 5.244 5.431 -7.735 0.831
P117025 5.328 5.548 -7.721 0.755
P117026 5.363 5.532 -7.469 0.668
P117027 5.182 5.128 -7.737 0.671
P117028 5.395 5.578 -7.455 0.750
P117029 5.018 4.777 -7.087 0.776
P117030 5.183 4.928 -6.571 1.531
P117031 5.260 4.885 -6.504 1.096
P117032 5.176 5.157 -7.513 1.298
P117033 4.994 4.654 -6.598 1.035
P117034 5.375 5.377 -6.464 0.134
P117035 5.051 4.853 -6.163 0.943
P117036 5.258 5.379 -8.403 0.736
P117037 5.342 5.494 -7.489 0.703
P117038 5.212 5.541 -7.849 1.551
P117039 5.221 5.354 -8.205 0.793
P117040 5.356 5.280 -7.255 0.572
P117041 5.199 5.358 -7.870 0.780
P117042 5.295 5.416 -8.211 0.826
P117043 5.344 5.362 -7.363 0.306
P117044 5.353 5.465 -8.089 0.796
P117045 5.273 5.427 -8.254 0.853
P117046 5.270 5.429 -8.292 0.845
P117047 5.324 5.304 -7.072 1.661
P117048 5.323 5.380 -7.125 0.258
P117049 5.213 5.160 -7.233 0.336
P117050 5.287 5.416 -7.788 0.777
P117051 5.250 5.418 -7.974 0.783
P117052 5.430 5.245 -6.877 1.417
P117053 5.407 5.540 -8.267 0.769
P117054 5.214 5.227 -7.605 0.305
P117055 5.340 5.460 -8.519 0.821
P117056 5.233 5.365 -7.726 0.855
P117057 5.231 5.385 -7.728 0.767
P117058 5.291 5.418 -8.078 0.811
P117059 5.293 5.438 -8.088 0.764
P117060 5.166 5.171 -7.542 1.021
P117061 5.332 5.394 -7.253 0.855
P117062 5.274 5.252 -8.599 1.049
P117063 5.149 5.307 -8.317 0.661
P117064 5.338 5.535 -8.771 0.728
P117065 5.234 5.475 -8.686 0.711
P117066 5.182 5.317 -8.329 0.749
P117067 5.288 5.462 -9.249 0.695
P117068 5.139 5.029 -8.058 0.353
P117069 5.204 5.357 -8.393 0.823
P117070 5.184 5.360 -8.290 0.715
P117071 5.160 5.378 -8.938 0.676
P117072 5.118 5.204 -9.755 0.590
P117073 5.311 5.243 -7.263 0.246
P117074 5.265 5.133 -8.015 1.428
P117075 5.163 5.348 -8.771 0.676
P117076 5.275 5.033 -8.546 0.746
P117077 5.378 5.017 -7.305 1.534
P117078 5.245 5.220 -7.667 0.439
P117079 5.131 5.301 -8.558 0.805
P117080 5.092 5.164 -8.654 0.366
P117081 5.311 5.520 -8.744 0.729
P117082 5.246 5.458 -8.715 0.707
P117083 5.144 5.348 -8.899 0.736
P117084 5.230 5.224 -7.447 0.300
P117085 5.185 5.350 -8.904 0.729
P117086 5.064 5.054 -9.063 0.453
P117087 5.125 5.298 -8.326 0.751
P117088 5.191 5.410 -8.520 0.826
P117089 5.098 5.293 -8.745 0.669
P117090 5.418 5.534 -7.624 0.743
P117091 5.350 5.489 -7.253 0.909
P117092 5.441 5.542 -7.959 0.815
P117093 5.306 5.215 -7.194 0.279
P117094 5.373 5.490 -7.131 0.885
P117095 5.343 5.470 -7.052 0.869
P117096 5.359 5.474 -7.502 0.661
P117097 5.299 5.207 -7.772 0.865
P117098 5.470 5.266 -6.904 1.398
P117099 5.396 5.304 -7.006 0.613
P117100 5.482 5.602 -7.582 0.982
P117101 5.329 5.349 -7.017 0.847
P117102 5.382 5.528 -7.437 0.744
P117103 5.373 5.388 -7.391 0.803
P117104 5.413 5.379 -6.879 0.161
P117105 5.294 5.374 -7.216 0.944
P117106 5.482 5.375 -6.964 0.344
P117107 5.434 5.570 -7.484 0.813
P117108 5.384 5.511 -7.645 0.845
P117109 5.332 5.417 -7.537 0.908
P117110 5.408 5.481 -7.482 0.834
P117111 5.343 5.239 -7.273 0.760
P117112 5.288 5.446 -7.791 0.847
P117113 5.400 5.505 -7.155 0.823
P117114 5.520 5.134 -6.635 2.074
P117115 5.252 5.372 -7.274 0.840
P117116 5.500 5.411 -6.875 0.665
P117117 5.378 5.328 -6.646 0.479
P117118 5.238 5.404 -7.998 0.841
P117119 5.438 5.515 -7.096 0.739
P117120 5.249 5.357 -8.217 0.919
P117121 5.567 5.530 -5.581 0.697
P117122 5.584 5.395 -6.392 2.267
P117123 5.343 5.122 -7.313 1.926
P117124 5.511 5.414 -6.361 2.145
P117125 5.461 5.285 -6.479 2.151
P117126 5.496 5.447 -6.410 2.180
P117127 5.275 5.214 -6.246 1.361
P117128 5.469 5.456 -6.530 2.458
P117129 5.492 5.455 -6.212 2.569
P117130 5.692 5.716 -7.150 1.240
P117131 5.750 5.681 -6.608 0.266
P117132 5.838 5.894 -7.432 1.222
P117133 5.869 5.853 -6.677 0.186
P117134 5.643 5.572 -7.667 1.079
P117135 5.546 5.370 -6.347 2.374
P117136 5.438 5.333 -6.226 2.230
P117137 5.506 5.479 -7.444 1.278
P117138 5.511 5.462 -7.942 1.581
P117139 5.531 5.541 -7.728 1.353
P117140 5.651 5.566 -6.725 0.411
P117141 5.442 5.308 -7.874 1.308
P117142 5.551 5.560 -7.709 1.382
P117143 5.557 5.553 -7.663 1.256
P117144 5.321 5.380 -7.711 1.150
P117145 5.628 5.540 -6.749 0.396
P117146 5.590 5.373 -7.479 1.212
P117147 5.786 5.771 -7.439 1.311
P117148 5.782 5.794 -7.440 1.173
P117149 5.537 5.624 -7.232 0.819
P117150 5.619 5.638 -6.487 0.251
P117151 5.628 5.715 -7.641 0.735
P117152 5.662 5.751 -7.619 0.780
P117153 5.716 5.736 -6.533 0.147
P117154 5.469 5.323 -7.774 0.718
P117155 5.605 5.751 -7.422 0.742
P117156 5.631 5.705 -7.466 0.781
P117157 5.378 5.468 -7.489 0.741
P117158 5.708 5.687 -6.389 0.238
P117159 5.585 5.497 -7.289 0.612
P117160 5.817 5.685 -7.166 1.066
P117161 5.521 5.585 -7.440 1.186
P117162 5.834 5.813 -6.490 0.374
P117163 5.464 5.292 -7.064 1.177
P117164 5.534 5.366 -7.395 1.075
P117165 5.598 5.446 -7.534 1.211
P117166 5.500 5.238 -7.467 1.440
P117167 5.102 5.230 -7.342 0.486
P117168 5.271 5.469 -6.841 0.736
P117169 5.492 5.532 -6.941 0.227
P117170 5.278 5.374 -7.596 1.010
P117171 5.271 5.086 -7.416 1.120
P117172 5.300 5.155 -6.255 1.240
P117173 5.195 5.257 -7.067 1.480
P117174 5.472 5.614 -7.213 0.645
P117175 5.427 5.513 -6.884 0.677
P117176 5.575 5.679 -7.300 0.838
P117177 5.516 5.629 -7.245 0.690
P117178 5.435 5.551 -6.862 0.762
P117179 5.539 5.641 -7.701 0.705
P117180 5.362 5.322 -6.929 0.244
P117181 5.452 5.523 -6.871 0.640
P117182 5.601 5.462 -6.331 0.704
P117183 5.522 5.577 -6.866 0.739
P117184 5.441 5.520 -7.314 0.571
P117185 5.300 5.292 -7.964 0.630
P117186 5.472 5.417 -6.871 0.245
P117187 5.474 5.417 -6.643 0.572
P117188 5.533 5.314 -5.829 1.318
P117189 5.336 5.465 -7.209 0.727
P117190 5.370 5.547 -7.136 0.751
P117191 5.263 5.232 -8.883 0.808
P117192 5.445 5.414 -7.080 0.593
P117193 5.320 5.345 -7.376 0.326
P117194 5.604 5.289 -6.146 1.815
P117195 5.509 5.486 -6.680 0.740
P117196 5.357 5.356 -7.048 0.331
P117197 5.527 5.645 -7.246 0.735
P117198 5.507 5.599 -7.283 0.840
P117199 5.481 5.576 -7.341 0.696
P117200 5.522 5.515 -6.369 0.191
P117201 5.416 5.521 -7.428 0.739
P117202 5.394 5.366 -6.590 0.738
P117203 5.405 5.548 -6.893 0.741
P117204 5.357 5.481 -7.073 0.714
P117205 5.387 5.523 -6.247 1.031
P117206 5.529 5.692 -6.244 0.822
P117207 5.598 5.377 -6.045 0.780
P117208 5.541 5.358 -5.654 0.948
P117209 5.011 4.935 -5.248 0.951
P117210 5.398 5.359 -6.560 0.766
P117211 5.409 5.399 -7.641 0.940
P117212 5.458 5.427 -7.488 0.816
P117213 5.119 4.963 -6.515 1.555
P117214 4.889 4.890 -7.312 0.734
P117215 5.048 4.958 -4.409 1.590
P117216 5.429 5.389 -7.657 0.882
P117217 4.830 4.749 -5.393 0.924
P117218 5.390 5.122 -6.504 0.753
P117219 5.001 4.985 -5.809 0.295
P117220 5.465 5.426 -6.483 1.472
P117221 5.528 5.573 -6.389 0.634
P117222 5.521 5.636 -5.965 0.801
P117223 5.545 5.627 -6.415 0.946
P117224 5.516 5.587 -6.244 0.820
P117225 5.535 5.444 -5.698 0.708
P117226 5.446 5.587 -6.347 0.756
P117227 5.462 5.296 -5.898 0.559
P117228 5.462 5.527 -5.972 0.776
P117229 5.484 5.414 -6.322 1.449
P117230 5.639 5.262 -5.906 2.179
P117231 5.404 5.485 -6.212 0.796
P117232 5.454 5.588 -6.313 0.789
P117233 5.528 5.610 -6.204 0.721
P117234 5.473 5.466 -6.166 1.274
P117235 5.627 5.721 -6.174 0.704
P117236 5.566 5.650 -6.195 0.732
P117237 5.506 5.535 -6.006 0.826
P117238 5.570 5.539 -6.476 1.163
P117239 5.439 5.316 -6.286 0.520
P117240 5.491 5.551 -6.010 0.715
P117241 5.653 5.314 -5.877 1.132
P117242 5.120 4.803 -6.814 1.080
P117243 5.378 5.239 -7.254 1.246
P117244 5.341 5.494 -7.848 0.854
P117245 5.436 5.554 -8.636 0.678
P117246 5.315 5.175 -7.569 0.275
P117247 5.367 5.465 -7.778 0.742
P117248 5.358 5.443 -8.007 0.989
P117249 5.367 5.507 -8.068 0.740
P117250 5.328 5.452 -8.260 0.571
P117251 5.378 5.340 -7.789 0.257
P117252 5.342 5.289 -7.302 0.341
P117253 5.287 5.301 -8.853 0.643
P117254 5.437 5.580 -8.013 0.728
P117255 5.279 5.416 -7.775 0.779
P117256 5.386 5.501 -8.110 0.641
P117257 5.255 5.381 -7.999 0.682
P117258 5.435 5.402 -7.337 0.287
P117259 5.414 5.556 -8.117 0.754
P117260 5.374 5.503 -8.170 0.731
P117261 5.333 5.459 -8.169 0.672
P117262 5.407 5.312 -7.076 0.500
P117263 5.340 5.486 -8.075 0.715
P117264 5.362 5.224 -7.185 0.323
P117265 5.332 5.451 -7.777 0.849
P117266 5.376 5.471 -7.731 0.795
P117267 5.570 5.295 -6.924 1.270
P117268 5.211 5.346 -8.102 0.723
P117269 5.497 5.376 -7.147 0.658
P117270 5.336 5.439 -8.068 0.752
P117271 5.170 4.979 -6.535 1.675
P117272 5.264 5.205 -6.460 1.156
P117273 5.070 4.841 -5.838 0.793
P117274 5.368 4.995 -6.237 1.719
P117275 5.243 5.011 -6.182 1.794
P117276 5.199 5.093 -5.678 1.059
P117277 5.228 4.972 -6.031 1.567
P117278 5.089 4.821 -6.003 1.623
P117279 5.236 5.184 -6.131 1.750
P117280 5.179 5.087 -6.116 1.067
P117281 5.202 4.976 -6.222 1.421
P117282 5.237 5.128 -5.902 1.327
P117283 5.233 4.948 -6.143 1.429
P117284 5.184 5.081 -6.070 1.029
P117285 5.119 4.825 -6.304 1.332
P117286 5.110 4.842 -6.074 1.394
P117287 5.171 4.963 -6.489 1.593
P117288 5.277 5.178 -6.412 1.299
P117289 5.309 5.248 -5.892 0.958
P117290 5.063 4.854 -6.728 1.014
P117291 5.221 4.907 -5.742 1.322
P117292 5.134 5.112 -5.931 1.014
P117293 5.014 4.883 -6.842 0.671
P117294 5.259 5.159 -6.570 1.384
P117295 5.168 5.141 -5.852 1.054
P117296 5.169 5.046 -6.476 1.219
P117297 5.272 5.055 -6.291 1.872
P117298 5.233 5.084 -7.755 1.347
P117299 5.054 5.099 -7.929 0.483
P117300 5.030 5.144 -7.615 0.511
P117301 5.249 5.389 -8.382 0.508
P117302 4.987 4.894 -8.061 0.222
P117303 5.071 5.152 -7.651 0.519
P117304 4.999 5.145 -7.750 0.343
P117305 5.230 5.358 -7.695 0.595
P117306 5.089 5.233 -7.903 0.652
P117307 5.289 4.910 -7.320 1.255
P117308 5.207 5.115 -7.544 0.188
P117309 5.116 5.057 -8.579 0.788
P117310 5.025 5.125 -7.651 0.427
P117311 5.218 5.263 -7.595 0.715
P117312 5.125 5.145 -7.662 0.985
P117313 5.229 5.346 -7.650 0.703
P117314 5.202 5.191 -8.382 1.099
P117315 5.089 5.156 -8.285 1.081
P117316 5.105 5.217 -8.761 1.990
P117317 5.063 5.198 -7.941 0.495
P117318 5.094 4.940 -7.445 0.346
P117319 5.029 5.118 -7.741 0.896
P117320 5.086 5.181 -7.918 0.502
P117321 5.289 5.006 -7.092 1.531
P117322 5.068 5.186 -7.668 0.596
P117323 5.249 4.976 -7.444 1.277
P117324 5.091 5.173 -8.040 0.424
P117325 5.103 5.142 -7.385 1.243
P117326 5.155 4.928 -6.476 1.086
P117327 5.270 4.828 -6.522 1.755
P117328 5.150 4.781 -6.502 1.054
P117329 5.318 4.773 -6.108 1.766
P117330 5.157 4.958 -6.454 1.093
P117331 5.315 5.335 -6.964 1.196
P117332 5.212 5.024 -6.158 1.062
P117333 5.161 4.786 -6.550 1.738
P117334 5.246 4.947 -6.316 1.597
P117335 5.158 4.801 -6.461 1.818
P117336 5.269 5.068 -6.174 1.060
P117337 5.227 5.291 -7.233 1.550
P117338 5.293 5.314 -7.495 1.251
P117339 5.114 4.906 -6.155 1.168
P117340 5.232 5.036 -6.104 0.898
P117341 5.309 5.357 -7.709 1.408
P117342 5.273 5.208 -7.067 1.295
P117343 5.174 4.939 -5.998 0.992
P117344 5.273 5.072 -6.605 0.990
P117345 5.041 4.620 -7.059 0.555
P117346 5.227 4.991 -5.962 0.928
P117347 5.231 5.000 -5.980 0.952
P117348 5.292 4.831 -6.468 1.477
P117349 5.135 4.705 -7.065 1.083
P117350 5.187 5.110 -7.219 1.316
P117351 5.298 5.097 -6.433 1.096
P117352 5.656 5.717 -7.373 1.226
P117353 5.668 5.660 -7.681 1.609
P117354 5.587 5.501 -7.813 1.428
P117355 5.236 5.052 -6.076 2.155
P117356 5.477 5.095 -6.198 1.723
P117357 5.373 5.311 -6.299 1.271
P117358 5.334 5.112 -6.333 1.525
P117359 5.435 5.350 -6.176 0.899
P117360 5.422 5.187 -6.128 1.916
P117361 5.365 5.083 -6.250 1.304
P117362 5.649 5.473 -6.763 1.136
P117363 5.392 5.198 -6.069 2.006
P117364 5.217 5.460 -8.972 0.687
P117365 5.252 5.087 -6.108 1.822
P117366 5.526 5.304 -6.960 0.464
P117367 5.138 5.103 -5.901 0.315
P117368 5.398 5.027 -7.046 1.683
P117369 5.290 5.114 -6.666 1.037
P117370 5.219 4.910 -6.575 1.683
P117371 5.405 5.242 -6.205 2.376
P117373 5.372 5.106 -6.501 1.540
P117374 5.218 5.151 -6.133 1.641
P117375 5.503 5.147 -6.111 1.939
P117376 5.662 5.672 -7.090 0.586
P117377 5.621 5.677 -7.327 1.243
P117378 5.656 5.636 -7.477 1.176
P117379 5.698 5.644 -6.889 0.641
P117380 5.907 5.631 -6.268 1.398
P117381 5.639 5.296 -7.711 0.819
P117382 5.675 5.706 -7.421 0.681
P117383 5.722 5.762 -7.036 0.795
P117384 5.698 5.747 -7.181 0.836
P117385 5.639 5.579 -6.780 0.735
P117386 5.634 5.426 -6.731 1.129
P117387 5.786 5.580 -6.809 1.270
P117388 5.566 5.271 -7.006 1.186
P117389 5.604 5.586 -7.131 1.483
P117390 5.668 5.621 -7.260 1.440
P117391 5.732 5.525 -6.481 1.589
P117392 5.516 5.535 -7.465 1.261
P117393 5.756 5.562 -6.690 1.536
P117394 5.643 5.547 -7.421 1.250
P117395 5.014 4.982 -5.951 0.955
P117396 5.590 5.592 -7.158 1.221
P117397 5.762 5.641 -7.966 1.713
P117398 5.686 5.683 -7.793 1.390
P117399 5.687 5.472 -7.483 1.524
P117400 5.694 5.657 -7.966 1.313
P117401 5.510 5.498 -7.345 0.247
P117402 5.640 5.660 -7.221 1.384
P117403 5.634 5.629 -7.650 1.489
P117404 5.647 5.545 -7.715 1.352
P117405 5.593 5.432 -8.100 1.195
P117406 5.637 5.599 -6.496 0.457
P117407 5.128 5.103 -6.540 1.179
P117408 5.172 4.953 -6.297 0.932
P117409 5.214 5.133 -6.404 1.108
P117410 5.580 5.625 -6.692 0.972
P117411 5.422 5.485 -6.182 1.033
P117412 5.607 5.462 -5.289 0.995
P117413 5.530 5.637 -6.419 0.837
P117414 5.552 5.718 -6.521 0.727
P117415 5.618 5.524 -5.820 0.507
P117416 5.658 5.718 -6.558 0.831
P117417 5.546 5.686 -6.520 0.797
P117418 5.628 5.511 -6.436 1.934
P117419 5.575 5.412 -5.707 0.804
P117420 5.626 5.705 -6.062 0.790
P117421 5.667 5.803 -6.207 1.153
P117422 5.790 5.328 -5.345 1.835
P117423 5.216 5.551 -9.207 2.054
P117424 5.504 5.432 -6.148 0.714
P117426 5.670 5.738 -5.968 0.783
P117427 5.707 5.586 -6.029 0.714
P117428 5.746 5.553 -5.566 0.612
P117429 5.556 5.660 -6.055 0.803
P117430 5.552 5.697 -6.386 0.732
P117431 5.550 5.637 -6.126 0.960
P117432 5.639 5.718 -6.585 0.809
P117433 5.726 5.368 -7.130 1.663
P117434 5.759 5.620 -6.291 1.042
P117435 5.649 5.527 -5.784 0.632
P117436 5.675 5.768 -6.503 0.775
P117437 5.492 5.337 -6.447 1.220
P117438 5.678 5.355 -5.370 1.429
P117439 5.530 5.718 -6.242 0.843
P117440 5.702 5.442 -5.864 1.035
P117441 5.592 5.597 -6.806 1.358
P117442 5.522 5.600 -6.705 1.127
P117443 5.641 5.739 -6.653 0.752
P117444 5.628 5.478 -5.533 0.891
P117445 5.472 5.393 -6.554 1.379
P117446 5.704 5.513 -5.406 1.066
P117447 5.561 5.385 -6.198 0.491
P117448 5.250 4.965 -6.301 0.549
P117449 5.185 5.157 -6.774 1.246
P117450 5.440 5.248 -6.586 0.582
P117451 5.239 5.261 -6.983 1.003
P117452 5.295 5.142 -6.994 0.529
P117453 5.454 5.454 -7.173 0.897
P117454 5.264 5.163 -6.412 1.053
P117455 5.207 4.725 -5.824 1.759
P117456 5.015 5.046 -6.516 1.155
P117457 5.257 4.722 -6.015 1.298
P117458 5.785 5.818 -7.611 0.837
P117459 5.172 5.154 -6.004 0.833
P117460 5.232 5.060 -6.332 0.814
P117461 5.205 5.036 -6.434 0.930
P117462 5.464 5.445 -7.141 1.001
P117463 5.573 5.548 -7.945 0.961
P117464 5.272 4.991 -6.653 0.590
P117465 5.423 5.418 -7.368 0.998
P117466 5.412 5.452 -7.490 0.980
P117467 5.482 5.504 -7.585 0.953
P117468 5.523 5.516 -7.381 0.989
P117469 5.183 4.793 -5.943 1.592
P117470 5.290 5.136 -6.164 0.520
P117472 5.467 5.485 -7.241 1.214
P117473 5.240 4.957 -6.733 1.514
P117474 5.119 4.811 -6.020 0.681
P117475 5.483 4.925 -6.029 1.972
P117476 5.300 5.171 -6.543 1.642
P117477 5.390 5.213 -6.237 1.165
P117478 5.287 4.814 -6.141 1.723
P117479 5.335 4.979 -6.975 1.690
P117480 5.457 5.491 -7.103 1.154
P117481 5.518 5.510 -7.808 1.411
P117482 5.373 5.149 -6.125 1.926
P117483 5.433 5.428 -7.765 1.211
P117484 5.290 5.025 -6.468 0.916
P117485 5.282 5.018 -6.697 1.797
P117486 5.164 4.695 -6.751 1.295
P117487 5.175 5.167 -5.471 1.325
P117488 5.153 5.144 -6.634 0.900
P117489 5.680 5.744 -7.063 0.740
P117490 5.760 5.829 -7.293 0.720
P117491 5.717 5.605 -6.032 0.765
P117492 5.821 5.906 -7.088 0.851
P117493 5.827 5.873 -7.144 1.236
P117494 5.827 5.758 -7.138 1.401
P117495 5.881 5.849 -7.449 1.535
P117496 5.875 5.818 -6.981 1.147
P117497 5.847 5.923 -7.576 1.271
P117498 5.774 5.651 -7.064 0.271
P117499 5.832 5.856 -6.979 1.348
P117500 5.960 5.628 -6.486 1.373
P117501 5.799 5.869 -6.868 1.222
P117502 5.798 5.841 -7.807 1.416
P117503 5.766 5.653 -7.536 1.069
P117504 5.977 5.791 -6.563 1.259
P117505 5.862 5.797 -6.798 0.522
P117506 5.725 5.730 -7.249 1.288
P117507 5.972 5.696 -6.272 1.665
P117508 5.811 5.859 -6.864 1.241
P117509 5.363 5.201 -5.923 1.158
P117510 5.394 5.244 -5.982 1.734
P117511 5.103 4.860 -6.474 1.609
P117512 5.396 5.141 -6.419 2.252
P117513 5.408 5.388 -5.653 1.582
P117514 5.395 5.275 -6.290 1.168
P117515 5.383 5.182 -6.325 1.041
P117516 5.318 5.217 -5.579 0.887
P117517 5.882 5.819 -6.764 0.584
P117518 5.757 5.779 -7.112 1.108
P117519 5.882 5.853 -7.425 1.717
P117520 5.845 5.920 -7.228 1.320
P117521 5.879 5.829 -7.551 1.548
P117522 5.836 5.916 -6.924 0.549
P117523 5.843 5.818 -6.404 0.628
P117524 5.838 5.888 -7.121 0.607
P117525 5.808 5.735 -7.554 1.611
P117526 5.808 5.845 -7.338 1.597
P117527 5.311 5.540 -6.693 0.777
P117528 5.565 5.437 -7.556 1.172
P117529 5.401 5.635 -6.928 0.767
P117530 5.663 5.509 -7.313 1.202
P117531 5.457 5.441 -6.948 1.633
P117532 5.586 5.543 -6.543 0.477
P117533 5.341 5.164 -6.584 1.134
P117534 5.338 5.541 -6.988 0.711
P117535 5.366 5.089 -6.091 0.771
P117536 5.192 5.166 -5.310 1.165
P117537 5.399 5.248 -6.312 0.960
P117538 5.388 4.945 -6.455 1.547
P117539 5.343 4.930 -6.317 2.000
P117540 5.343 5.130 -6.704 0.776
P117541 5.349 5.175 -5.999 1.123
P117542 5.452 5.454 -7.217 1.293
P117543 5.414 5.411 -6.570 0.325
P117544 5.301 5.548 -6.856 0.945
P117545 5.560 5.420 -6.907 1.143
P117546 5.541 5.455 -6.314 0.567
P117547 5.666 5.517 -6.784 1.287
P117548 5.230 5.214 -7.509 0.759
P117549 5.544 5.345 -7.429 0.999
P117550 5.284 5.395 -6.649 1.551
P117551 5.534 5.423 -6.797 1.147
P117552 5.272 5.342 -7.015 0.667
P117553 5.639 5.528 -7.590 1.088
P117554 5.536 5.374 -6.909 1.093
P117555 5.633 5.486 -7.134 1.064
P117556 5.497 5.361 -7.068 1.204
P117557 5.587 5.436 -7.269 1.181
P117558 5.329 5.143 -6.608 1.732
P117559 5.642 5.522 -6.853 1.264
P117560 5.469 5.334 -7.078 1.186
P117561 5.545 5.383 -6.979 1.341
P117562 5.733 5.814 -7.419 0.763
P117563 5.378 5.242 -6.073 1.042
P117564 5.431 5.211 -5.983 0.828
P117565 5.329 5.080 -6.584 1.122
P117566 5.329 5.176 -5.951 0.544
P117567 5.273 5.136 -6.421 1.435
P117568 5.337 4.841 -6.243 1.406
P117569 5.321 5.049 -6.007 1.015
P117570 5.298 4.840 -6.376 1.084
P117571 5.404 5.133 -7.359 0.696
P117572 5.356 5.167 -6.634 1.160
P117573 5.263 5.052 -6.025 1.028
P117574 5.335 5.169 -6.101 1.033
P117575 5.267 4.991 -6.206 1.571
P117576 5.483 5.246 -6.202 2.084
P117577 5.332 5.044 -6.721 1.885
P117578 5.403 5.140 -5.812 1.034
P117579 5.350 5.101 -5.875 1.553
P117580 5.422 5.157 -6.121 2.334
P117581 5.240 4.860 -6.115 1.614
P117582 5.408 5.251 -5.614 2.112
P117583 5.306 4.850 -6.705 1.021
P117584 5.260 5.017 -6.327 0.516
P117585 5.273 4.769 -6.253 1.405
P117586 5.671 5.736 -7.071 0.792
P117587 5.715 5.795 -7.369 0.716
P117588 5.662 5.655 -7.367 0.830
P117589 5.894 5.602 -6.519 1.962
P117590 5.599 5.669 -7.194 0.766
P117591 5.837 5.505 -6.048 1.667
P117592 5.769 5.790 -6.938 0.824
P117593 5.709 5.761 -7.003 0.808
P117594 5.655 5.616 -6.429 0.298
P117595 5.691 5.786 -7.398 0.840
P117596 5.759 5.790 -6.299 0.243
P117597 5.705 5.804 -7.585 0.813
P117598 5.757 5.851 -7.234 0.843
P117599 5.786 5.852 -7.393 0.828
P117600 5.740 5.758 -6.714 0.747
P117601 5.638 5.634 -7.275 0.797
P117602 5.797 5.590 -6.572 1.564
P117603 5.251 4.978 -6.436 0.932
P117604 5.296 4.896 -6.229 0.756
P117605 5.457 5.295 -5.730 0.861
P117606 5.442 5.329 -6.574 1.210
P117607 5.442 5.275 -5.710 0.759
P117608 5.538 5.293 -6.789 1.821
P117609 5.614 5.448 -5.731 1.104
P117610 5.593 5.560 -5.920 1.385
P117611 5.574 5.442 -6.039 0.884
P117612 5.410 5.352 -6.162 0.562
P117613 5.643 5.617 -6.474 1.390
P117614 5.588 5.465 -6.456 1.717
P117615 5.662 5.658 -6.545 1.281
P117616 5.422 5.387 -7.206 1.499
P117617 5.396 5.252 -6.708 1.071
P117618 5.506 5.279 -5.915 1.902
P117619 5.179 4.947 -6.279 1.281
P117620 5.371 5.119 -6.290 1.074
P117621 5.408 5.340 -5.741 0.821
P117622 5.570 5.507 -6.073 2.344
P117623 5.662 5.558 -5.554 0.722
P117624 5.730 5.665 -5.475 0.694
P117625 5.363 5.161 -6.384 1.435
P117626 5.396 5.269 -6.224 1.315
P117627 5.369 5.198 -5.688 1.014
P117628 5.680 5.487 -6.483 2.632
P117629 5.543 5.382 -5.856 0.970
P117630 5.648 5.384 -6.324 2.435
P117631 5.620 5.642 -6.072 1.815
P117632 5.638 5.570 -5.522 0.684
P117633 5.596 5.476 -6.304 1.374
P117634 5.685 5.513 -6.220 2.752
P117635 5.584 5.568 -6.013 1.280
P117636 5.464 5.447 -6.305 1.921
P117637 5.535 5.461 -6.162 1.423
P117638 5.644 5.589 -5.672 1.361
P117639 5.738 5.467 -6.466 1.943
P117640 5.458 5.449 -6.116 1.588
P117641 5.645 5.606 -6.460 1.440
P117642 5.588 5.470 -6.277 2.292
P117643 5.601 5.559 -5.428 0.929
P117644 5.569 5.389 -5.631 1.076
P117645 5.385 5.243 -6.230 1.072
P117646 5.450 5.091 -6.096 0.997
P117647 5.535 5.325 -5.479 1.229
P117648 5.703 5.780 -6.191 0.971
P117649 5.483 5.611 -7.709 0.857
P117650 5.580 5.443 -6.826 0.453
P117651 5.542 5.682 -7.556 0.841
P117652 5.486 5.628 -7.331 0.861
P117653 5.645 5.493 -6.567 0.600
P117654 5.481 5.371 -6.616 0.363
P117655 5.497 5.653 -7.222 0.842
P117656 5.658 5.279 -6.491 2.309
P117657 5.421 5.339 -6.813 0.571
P117658 5.461 5.385 -7.078 0.584
P117659 5.542 5.446 -6.846 0.609
P117660 5.341 5.128 -7.067 0.466
P117661 5.286 5.518 -8.969 0.705
P117662 5.262 5.432 -8.270 0.653
P117663 5.556 5.504 -6.982 0.353
P117664 5.507 5.597 -7.258 0.863
P117666 5.451 5.591 -7.931 0.851
P117667 5.438 5.579 -8.271 0.769
P117668 5.488 5.622 -8.721 0.809
P117669 5.416 5.484 -7.146 0.303
P117670 5.501 5.617 -8.322 1.012
P117671 5.253 5.260 -7.121 0.457
P117672 5.489 5.525 -6.921 0.766
P117673 5.450 5.528 -7.440 0.769
P117674 5.499 5.427 -7.026 0.593
P117675 5.484 5.523 -7.151 0.246
P117676 5.459 5.589 -8.436 0.864
P117677 5.436 5.466 -6.986 0.408
P117678 5.166 5.296 -7.856 0.357
P117679 5.419 5.352 -6.960 0.580
P117680 5.425 5.524 -8.073 0.895
P117681 5.436 5.520 -7.997 1.375
P117682 5.428 5.552 -8.400 0.752
P117683 5.361 5.440 -8.237 0.291
P117684 5.485 5.465 -6.998 0.497
P117685 5.728 5.758 -6.332 1.179
P117686 5.501 5.625 -8.178 0.736
P117687 5.384 5.482 -7.483 0.974
P117688 5.458 5.599 -8.414 0.868
P117689 5.471 5.430 -7.095 0.481
P117690 5.490 5.635 -7.817 0.849
P117691 5.427 5.500 -7.482 0.839
P117692 5.494 5.443 -6.478 0.782
P117693 5.432 5.390 -6.590 0.248
P117694 5.616 5.554 -6.631 0.217
P117695 5.523 5.648 -8.290 0.703
P117696 5.532 5.650 -7.726 0.685
P117697 5.611 5.448 -7.151 0.579
P117698 5.368 5.294 -7.958 0.780
P117699 5.522 5.693 -8.196 0.711
P117700 5.486 5.648 -8.018 0.721
P117701 5.580 5.639 -7.711 0.832
P117702 5.507 5.647 -8.366 0.700
P117703 5.605 5.657 -8.567 0.889
P117704 5.433 5.550 -7.514 0.895
P117705 5.207 5.437 -9.504 1.821
P117706 5.367 5.367 -7.435 0.327
P117707 5.291 5.500 -9.023 0.656
P117708 5.259 5.502 -8.364 0.708
P117709 5.315 5.406 -8.714 0.902
P117710 5.388 5.207 -7.383 0.557
P117711 5.250 5.144 -7.403 0.474
P117712 5.245 5.286 -7.351 0.396
P117713 5.551 5.689 -8.179 0.618
P117714 5.556 5.557 -7.058 0.203
P117715 5.545 5.673 -8.369 0.723
P117716 5.278 5.492 -8.917 0.703
P117717 5.374 5.316 -7.811 0.436
P117718 5.363 5.571 -8.967 0.716
P117719 5.266 5.518 -8.500 0.833
P117720 5.257 5.277 -8.845 0.694
P117721 5.172 5.159 -7.312 0.363
P117722 5.243 5.518 -8.595 0.911
P117723 5.304 5.577 -8.113 0.687
P117724 5.440 5.125 -7.144 1.865
P117725 5.263 5.123 -7.480 0.512
P117726 5.193 5.191 -7.745 0.499
P117728 5.356 5.557 -8.511 0.760
P117729 5.373 5.270 -7.534 0.521
P117730 5.160 5.042 -7.787 0.419
P117731 5.543 5.673 -8.374 0.690
P117732 5.546 5.551 -7.177 0.136
P117733 5.475 5.441 -7.036 0.627
P117734 5.558 5.444 -7.033 0.622
P117735 5.438 5.554 -7.492 0.714
P117736 5.550 5.571 -6.752 0.177
P117737 5.341 5.286 -7.090 0.470
P117738 5.345 5.532 -9.069 0.713
P117739 5.188 5.288 -8.871 0.426
P117740 5.490 5.587 -7.533 0.867
P117741 5.574 5.644 -7.897 0.878
P117742 5.557 5.717 -7.335 0.844
P117743 5.497 5.437 -6.761 0.464
P117744 5.533 5.680 -7.648 0.863
P117745 5.344 5.291 -6.717 0.567
P117746 5.517 5.463 -6.515 0.792
P117747 5.445 5.566 -7.366 1.004
P117748 5.560 5.478 -6.765 0.635
P117749 5.504 5.639 -7.347 0.888
P117750 5.479 5.436 -7.461 1.437
P117751 5.543 5.607 -7.699 0.955
P117752 5.505 5.523 -6.666 0.142
P117753 5.497 5.328 -6.776 0.811
P117754 5.523 5.418 -6.750 0.636
P117755 5.444 5.538 -7.623 1.156
P117756 5.465 5.608 -7.137 0.760
P117757 5.456 5.511 -7.653 0.858
P117758 5.430 5.477 -7.517 1.108
P117759 5.572 5.485 -6.855 0.632
P117760 5.382 5.318 -6.735 0.284
P117761 5.404 5.342 -7.417 0.452
P117762 5.239 5.454 -8.302 0.696
P117763 5.363 5.275 -7.306 0.832
P117764 5.164 5.093 -8.936 0.883
P117765 5.372 5.550 -8.934 0.678
P117766 5.299 5.343 -7.487 0.240
P117767 5.437 5.425 -7.525 0.400
P117768 5.455 5.420 -9.147 1.078
P117769 5.360 5.549 -9.010 0.714
P117770 5.255 5.462 -8.507 1.102
P117771 5.373 5.349 -7.362 0.452
P117772 4.998 4.894 -7.704 0.494
P117773 5.340 5.608 -8.835 0.776
P117774 5.408 5.586 -8.577 0.719
P117775 5.426 5.284 -8.380 1.106
P117776 5.404 5.587 -7.203 1.109
P117777 5.469 5.613 -7.784 1.096
P117778 5.498 5.452 -6.872 0.756
P117779 5.539 5.731 -7.148 0.818
P117780 5.536 5.684 -7.417 0.825
P117781 5.324 5.274 -7.576 0.353
P117782 5.560 5.611 -7.082 0.297
P117783 5.242 4.857 -7.271 1.606
P117784 5.428 5.478 -6.756 0.259
P117785 5.590 5.641 -6.340 0.355
P117786 5.436 5.324 -6.296 2.057
P117787 5.666 5.479 -6.223 2.010
P117788 5.475 5.672 -7.476 0.913
P117789 5.556 5.617 -6.936 0.660
P117790 5.531 5.604 -7.412 0.710
P117791 5.668 5.666 -6.477 0.171
P117792 5.489 5.515 -6.363 0.186
P117793 5.604 5.558 -6.207 0.430
P117794 5.418 5.572 -7.577 0.716
P117795 5.562 5.680 -7.518 0.736
P117796 5.624 5.556 -6.890 0.406
P117797 5.606 5.746 -7.544 0.662
P117798 5.521 5.725 -7.179 0.765
P117799 5.750 5.601 -6.133 0.382
P117800 5.470 5.301 -7.234 0.902
P117801 5.638 5.694 -7.015 1.197
P117802 5.473 5.709 -7.245 0.843
P117803 5.593 5.702 -7.551 0.755
P117804 5.745 5.432 -6.021 2.111
P117805 5.641 5.647 -6.420 0.196
P117806 5.693 5.628 -6.439 0.717
P117807 5.248 5.374 -8.003 0.942
P117808 5.321 5.410 -7.942 0.556
P117809 5.504 5.543 -6.562 0.792
P117810 5.566 5.678 -7.512 0.744
P117811 5.616 5.675 -6.698 0.829
P117812 5.635 5.754 -7.044 0.662
P117813 5.663 5.787 -7.397 0.837
P117814 5.297 5.332 -6.645 1.341
P117815 5.666 5.542 -6.257 1.434
P117816 5.497 5.649 -7.090 0.644
P117817 5.606 5.717 -7.398 0.669
P117818 5.686 5.759 -7.766 0.754
P117819 5.713 5.813 -6.703 0.668
P117820 5.601 5.572 -6.497 0.475
P117821 5.618 5.738 -7.522 0.728
P117822 5.401 5.326 -6.386 0.462
P117823 5.604 5.534 -6.225 0.832
P117824 5.535 5.560 -6.672 0.944
P117825 5.504 5.458 -7.187 0.469
P117826 5.324 5.268 -7.038 0.413
P117827 5.555 5.425 -6.481 0.599
P117829 5.588 5.714 -7.125 0.723
P117830 5.051 5.020 -7.344 0.416
P117831 5.272 5.392 -8.381 0.802
P117832 5.298 5.300 -7.350 0.219
P117833 5.447 5.515 -7.688 0.476
P117834 5.349 5.478 -8.111 0.612
P117835 5.165 5.289 -7.790 0.501
P117836 5.396 5.223 -7.333 0.535
P117837 5.089 4.999 -7.501 0.526
P117838 5.339 5.458 -7.840 0.594
P117839 5.307 5.371 -8.126 0.986
P117840 5.293 5.232 -7.466 0.668
P117841 5.223 5.362 -8.418 0.810
P117842 5.161 5.274 -7.375 0.756
P117843 5.493 5.783 -6.250 0.890
P117844 5.621 5.708 -6.562 0.703
P117845 5.710 5.559 -5.573 1.053
P117846 5.316 5.339 -7.059 0.232
P117847 5.466 5.482 -6.752 0.471
P117848 5.152 5.320 -7.419 0.369
P117849 5.276 5.157 -7.861 0.377
P117850 5.692 5.680 -6.695 0.697
P117851 5.520 5.380 -6.827 0.442
P117852 5.294 5.309 -7.778 0.420
P117853 5.222 5.409 -8.074 0.572
P117854 5.166 5.295 -8.276 0.644
P117855 5.255 5.167 -7.112 0.591
P117856 5.188 5.215 -7.102 0.258
P117857 5.384 5.311 -7.318 0.245
P117858 5.166 5.312 -8.216 0.373
P117859 5.203 5.351 -7.807 0.509
P117860 5.145 5.236 -7.893 0.887
P117861 5.350 5.217 -7.263 0.421
P117862 5.139 4.913 -7.051 1.316
P117863 5.285 5.231 -7.262 0.353
P117864 5.258 5.389 -8.406 0.760
P117865 5.231 5.319 -7.490 0.361
P117866 5.343 5.275 -7.333 0.491
P117867 5.277 5.380 -7.082 0.294
P117868 5.296 5.348 -8.409 0.889
P117869 5.678 5.251 -6.651 1.790
P117870 5.434 5.566 -8.457 0.673
P117871 5.507 5.629 -8.311 0.694
P117872 5.574 5.679 -8.353 0.648
P117873 5.491 5.636 -8.120 0.732
P117874 5.623 5.537 -6.821 0.603
P117875 5.517 5.382 -7.061 0.556
P117876 5.595 5.647 -7.963 0.940
P117877 5.572 5.660 -7.529 0.697
P117878 5.368 5.199 -6.984 1.922
P117879 5.423 5.373 -7.369 0.506
P117880 5.553 5.665 -7.950 0.699
P117882 5.563 5.416 -7.135 0.542
P117883 5.549 5.550 -6.634 0.162
P117884 5.203 5.052 -7.722 0.465
P117885 5.292 5.208 -7.462 0.585
P117887 5.273 5.399 -7.855 0.410
P117888 5.169 5.200 -7.641 0.521
P117889 5.142 5.100 -7.313 0.519
P117890 5.357 5.129 -6.457 0.732
P117891 5.177 5.346 -7.905 0.561
P117892 5.274 5.385 -7.740 0.555
P117893 5.245 5.199 -7.862 0.853
P117894 5.526 5.271 -7.452 0.431
P117895 5.445 5.469 -6.983 0.735
P117896 5.488 5.426 -6.946 0.512
P117897 5.411 5.500 -8.362 0.892
P117898 5.484 5.591 -8.318 0.813
P117899 5.493 5.483 -7.506 0.395
P117900 5.547 5.653 -8.303 0.730
P117901 5.484 5.591 -7.936 0.849
P117902 5.561 5.491 -6.786 0.609
P117903 5.394 5.410 -7.013 0.310
P117904 5.497 5.554 -8.158 1.421
P117905 5.433 5.583 -7.934 0.821
P117906 5.553 5.350 -6.695 1.431
P117907 5.622 5.665 -6.926 0.081
P117908 5.343 5.383 -7.355 0.499
P117909 5.500 5.643 -7.813 0.836
P117911 5.449 5.413 -7.162 0.534
P117912 5.324 5.389 -7.468 0.780
P117913 5.215 5.122 -8.206 0.837
P117914 5.488 5.581 -8.413 1.064
P117915 5.483 5.606 -7.788 0.663
P117916 5.590 5.630 -7.585 0.694
P117917 5.481 5.532 -8.176 0.941
P117918 5.249 5.313 -7.022 1.211
P117919 5.903 5.941 -7.512 0.743
P117920 5.884 5.939 -6.027 0.279
P117921 5.807 5.843 -7.083 0.752
P117922 5.863 5.919 -6.421 0.332
P117923 5.896 5.954 -7.266 0.784
P117924 5.962 5.926 -7.781 0.920
P117925 5.845 5.857 -7.661 0.841
P117926 5.773 5.759 -6.466 0.459
P117927 5.700 5.348 -6.599 0.795
P117928 5.902 5.972 -7.421 0.794
P117929 5.922 5.958 -7.152 0.753
P117930 5.894 5.728 -6.138 1.253
P117931 5.871 5.897 -7.715 0.814
P117932 5.701 5.873 -7.167 0.720
P117933 5.460 5.169 -5.923 1.673
P117934 5.813 5.862 -6.820 0.824
P117935 5.929 5.874 -6.677 0.343
P117936 5.858 5.770 -6.636 0.488
P117937 5.773 5.674 -7.286 0.647
P117938 5.849 5.920 -6.540 0.323
P117939 5.698 5.616 -6.668 0.984
P117940 5.455 5.558 -7.802 1.040
P117941 5.392 5.555 -6.958 0.802
P117942 5.533 5.460 -6.507 0.698
P117943 5.571 5.365 -7.065 1.152
P117944 5.281 5.121 -6.270 1.440
P117945 5.885 5.904 -7.210 0.765
P117946 5.751 5.678 -7.507 1.203
P117947 5.678 5.606 -6.488 0.255
P117948 5.615 5.439 -7.455 1.570
P117949 5.522 5.518 -6.462 0.668
P117950 5.593 5.582 -6.986 1.474
P117951 5.634 5.616 -6.345 0.811
P117952 5.493 5.519 -6.476 0.668
P117953 5.317 5.420 -6.533 0.668
P117954 5.660 5.581 -6.180 0.367
P117955 5.722 5.625 -7.385 1.080
P117956 5.910 5.893 -7.252 1.081
P117957 5.305 5.433 -6.785 0.683
P117958 5.676 5.571 -6.492 0.278
P117959 5.534 5.604 -7.533 1.770
P117961 5.319 5.622 -6.799 0.506
P117962 5.603 5.468 -7.469 1.114
P117963 5.562 5.405 -6.520 2.069
P117964 5.583 5.619 -6.936 1.044
P117965 5.663 5.650 -7.006 1.380
P117966 5.235 4.982 -6.266 1.090
P117967 5.630 5.450 -6.583 2.020
P117968 5.704 5.651 -7.268 1.601
P117969 5.741 5.657 -7.474 1.272
P117970 5.636 5.725 -6.928 0.379
P117971 5.527 5.324 -6.403 2.000
P117972 5.562 5.795 -7.146 0.651
P117973 5.498 5.526 -6.873 0.905
P117974 5.713 5.622 -7.060 1.219
P117975 5.854 5.875 -7.752 0.741
P117976 5.783 5.764 -7.701 0.771
P117977 5.882 5.899 -6.197 0.226
P117978 5.823 5.857 -6.244 0.353
P117979 6.002 5.910 -6.480 0.719
P117980 5.921 5.688 -6.199 0.731
P117981 5.784 5.821 -7.606 0.815
P117982 5.822 5.830 -6.907 0.903
P117983 5.894 5.725 -6.148 2.537
P117984 5.801 5.666 -6.286 0.442
P117985 5.879 5.840 -6.309 0.731
P117986 5.896 5.910 -7.723 0.762
P117987 5.770 5.910 -7.281 0.684
P117988 5.939 5.894 -7.515 0.714
P117989 5.696 5.632 -6.873 0.375
P117990 5.727 5.675 -7.869 1.238
P117991 5.717 5.612 -7.361 1.249
P117992 5.679 5.566 -7.348 1.253
P117993 5.704 5.651 -6.702 0.605
P117994 5.472 5.268 -6.647 0.573
P117995 5.729 5.718 -7.321 1.283
P117996 5.504 5.776 -6.669 0.607
P117997 5.722 5.701 -6.749 0.495
P117998 5.716 5.731 -7.136 0.611
P117999 5.878 5.879 -6.912 0.802
P118000 5.936 5.541 -6.863 1.678
P118001 5.762 5.719 -6.651 0.348
P118002 5.747 5.581 -6.881 1.158
P118003 5.843 5.878 -7.393 0.871
P118005 5.911 5.801 -6.018 0.947
P118006 5.986 5.952 -6.022 0.366
P118007 5.960 5.806 -6.934 0.421
P118008 5.838 5.859 -7.845 1.298
P118009 5.791 5.463 -6.947 1.507
P118010 5.751 5.680 -7.923 1.634
P118011 5.811 5.690 -6.686 0.569
P118012 5.763 5.678 -7.292 1.336
P118013 5.828 5.744 -6.310 0.529
P118014 5.606 5.576 -6.836 0.523
P118015 5.856 5.693 -7.454 1.232
P118016 5.765 5.691 -6.629 0.423
P118017 5.828 5.873 -7.536 1.269
P118018 5.871 5.806 -8.193 1.363
P118019 5.737 5.766 -7.307 1.382
P118020 5.799 5.542 -6.795 1.196
P118021 5.681 5.359 -6.689 0.965
P118022 5.791 5.823 -7.667 1.363
P118023 5.827 5.636 -6.975 1.179
P118024 5.755 5.709 -6.845 0.634
P118025 5.799 5.708 -7.724 1.323
P118026 5.723 5.672 -7.068 1.317
P118027 5.830 5.722 -7.658 1.304
P118028 5.772 5.552 -6.556 0.957
P118029 5.774 5.537 -6.490 1.439
P118030 5.758 5.591 -6.485 1.179
P118032 5.838 5.806 -7.833 1.830
P118033 5.765 5.613 -7.112 0.746
P118034 5.650 5.390 -6.773 1.200
P118035 5.858 5.655 -6.409 1.803
P118036 5.780 5.739 -7.045 1.297
P118037 5.793 5.816 -7.446 1.509
P118038 5.699 5.305 -6.812 1.315
P118039 5.898 5.542 -6.506 1.271
P118040 5.794 5.644 -7.863 1.785
P118041 5.786 5.647 -6.868 0.448
P118042 5.877 5.752 -7.714 1.110
P118043 5.814 5.739 -7.960 1.420
P118044 5.751 5.686 -7.636 0.987
P118045 5.737 5.689 -6.586 0.501
P118046 5.702 5.404 -6.826 1.201
P118047 5.945 5.594 -6.848 1.323
P118048 5.783 5.695 -7.855 1.230
P118049 5.697 5.717 -6.874 0.396
P118050 5.743 5.580 -8.348 1.700
P118051 5.818 5.524 -7.395 1.133
P118052 5.358 5.279 -6.297 1.363
P118053 5.449 5.191 -6.541 1.048
P118054 5.394 5.132 -6.315 2.077
P118055 5.496 5.495 -7.104 1.221
P118056 5.260 5.206 -5.656 0.648
P118057 5.159 4.875 -6.585 1.090
P118058 5.253 4.849 -5.933 1.144
P118059 5.295 5.251 -6.340 0.672
P118060 5.625 5.689 -7.640 1.214
P118061 5.636 5.704 -7.947 0.998
P118062 5.322 5.491 -6.536 1.002
P118063 5.356 5.355 -6.747 1.126
P118064 5.322 5.049 -5.250 1.209
P118065 5.352 5.107 -6.277 2.051
P118066 5.155 5.011 -5.639 1.778
P118067 5.428 5.429 -6.763 1.234
P118068 5.358 5.189 -6.186 1.113
P118069 5.522 5.094 -6.132 1.784
P118070 5.308 5.390 -6.646 0.871
P118071 5.495 5.509 -7.086 1.180
P118072 5.593 5.481 -7.069 0.577
P118073 5.385 5.086 -6.319 1.850
P118074 5.231 5.173 -5.784 0.393
P118076 5.712 5.628 -7.384 1.344
P118077 5.273 5.145 -5.813 2.433
P118078 5.180 5.059 -4.899 2.238
P118079 5.575 5.142 -6.357 1.001
P118080 5.306 5.579 -7.069 1.684
P118081 5.572 5.561 -7.534 1.190
P118082 5.216 5.269 -5.918 0.692
P118083 5.629 5.423 -5.924 0.632
P118084 5.317 5.135 -5.070 1.025
P118085 5.296 4.950 -5.983 1.640
P118086 5.643 5.683 -7.563 0.882
P118087 5.639 5.606 -7.753 0.911
P118088 5.104 4.979 -5.504 0.980
P118089 5.492 5.432 -7.100 1.169
P118090 5.246 5.010 -6.018 0.922
P118091 5.624 5.486 -7.095 0.517
P118092 5.313 5.404 -7.137 1.127
P118093 5.561 5.567 -7.183 0.790
P118094 5.501 5.581 -7.692 1.553
P118095 5.216 5.032 -5.308 1.198
P118096 5.739 5.585 -7.129 0.423
P118097 5.219 4.963 -5.933 0.595
P118098 5.960 5.839 -6.433 1.033
P118099 5.979 5.860 -7.163 1.294
P118100 5.983 5.945 -6.627 0.330
P118101 5.993 6.018 -7.759 1.622
P118102 5.994 5.927 -6.423 0.800
P118103 5.889 5.639 -6.481 0.596
P118104 5.959 5.642 -6.602 1.651
P118105 5.797 5.777 -6.635 0.482
P118106 6.015 6.130 -7.197 0.386
P118107 5.870 5.701 -6.276 1.211
P118108 5.968 5.660 -6.627 1.382
P118109 6.015 6.053 -7.843 1.381
P118110 5.985 6.041 -7.497 1.425
P118111 5.915 6.007 -7.127 1.408
P118112 6.017 5.935 -6.655 0.608
P118113 5.841 5.723 -6.782 0.557
P118114 6.009 6.067 -7.482 1.347
P118115 5.988 6.020 -7.336 1.521
P118116 5.996 6.016 -7.342 1.009
P118117 6.034 5.978 -6.654 0.495
P118118 5.875 5.948 -6.884 1.244
P118119 5.961 5.767 -6.245 1.233
P118120 6.032 5.898 -6.915 0.696
P118122 5.995 6.068 -7.600 1.502
P118123 5.901 5.938 -6.890 0.430
P118124 5.845 5.681 -6.286 0.952
P118125 6.069 5.839 -6.144 1.882
P118126 5.967 6.080 -6.617 1.445
P118127 5.977 6.102 -7.154 1.470
P118128 5.911 5.819 -6.382 0.413
P118129 5.884 5.914 -6.800 1.120
P118130 6.057 5.903 -6.004 0.508
P118131 6.016 6.072 -6.808 0.755
P118132 6.027 5.971 -7.033 0.364
P118133 5.986 6.060 -7.351 0.640
P118134 5.885 5.981 -7.290 0.862
P118135 5.940 5.933 -6.152 0.202
P118136 5.829 5.873 -6.192 0.291
P118137 6.066 5.991 -7.680 1.701
P118138 5.959 5.956 -7.581 1.228
P118139 5.889 5.934 -6.767 0.425
P118140 6.006 6.075 -7.545 1.433
P118141 5.991 5.934 -6.666 0.696
P118142 5.590 5.352 -6.757 2.264
P118143 5.827 5.712 -5.936 2.744
P118144 5.742 5.571 -6.620 2.593
P118145 5.775 5.728 -6.250 1.567
P118146 5.704 5.506 -5.795 1.556
P118147 5.769 5.665 -6.067 2.837
P118148 5.623 5.564 -6.308 1.958
P118149 5.779 5.674 -6.308 2.568
P118150 5.710 5.615 -6.282 1.720
P118151 5.806 5.810 -6.545 2.034
P118152 5.827 5.793 -6.642 1.448
P118153 5.728 5.632 -5.609 1.003
P118154 5.670 5.540 -6.533 1.428
P118155 5.820 5.596 -6.316 2.804
P118156 5.522 5.325 -6.651 2.112
P118157 5.811 5.753 -5.426 0.534
P118158 5.791 5.678 -6.047 2.481
P118159 5.828 5.626 -6.330 2.665
P118160 5.711 5.612 -6.217 0.781
P118161 5.696 5.524 -5.590 1.236
P118162 5.860 5.753 -6.319 2.887
P118163 5.537 5.488 -6.330 1.500
P118164 5.779 5.711 -6.278 1.250
P118165 5.579 5.417 -6.370 1.083
P118166 5.762 5.681 -6.178 2.619
P118167 5.753 5.650 -6.112 2.552
P118169 5.591 5.623 -6.632 1.719
P118170 5.667 5.557 -6.328 1.834
P118171 5.798 5.698 -5.937 2.247
P118172 5.828 5.595 -6.254 2.604
P118173 5.818 5.674 -6.032 1.801
P118174 5.592 5.530 -6.151 2.095
P118175 5.906 5.781 -6.249 2.385
P118176 5.760 5.630 -4.952 0.521
P118177 5.741 5.592 -5.522 1.021
P118178 5.795 5.598 -6.480 2.357
P118179 5.814 5.689 -5.431 0.452
P118180 5.683 5.526 -6.306 1.046
P118181 5.709 5.537 -5.732 1.113
P118182 5.747 5.569 -5.950 2.765
P118183 5.650 5.598 -6.167 1.365
P118184 5.694 5.504 -5.571 0.550
P118185 5.696 5.567 -6.387 1.015
P118186 5.773 5.811 -6.315 1.852
P118187 5.697 5.675 -7.238 1.400
P118188 5.989 6.001 -6.192 1.034
P118189 5.937 5.912 -7.260 1.234
P118190 5.711 5.723 -7.764 1.386
P118191 6.070 6.017 -6.560 0.616
P118192 5.980 6.018 -7.243 1.276
P118193 5.906 5.883 -6.639 0.948
P118194 5.755 5.483 -6.433 2.535
P118195 5.956 6.036 -6.967 1.477
P118196 6.050 6.097 -7.462 1.192
P118197 5.688 5.726 -5.716 1.249
P118198 5.981 6.000 -6.809 1.243
P118199 5.834 5.932 -7.757 1.265
P118200 6.186 6.126 -6.295 0.894
P118201 6.100 6.160 -7.257 1.283
P118202 5.920 5.752 -5.519 1.666
P118203 6.059 6.030 -6.739 1.007
P118204 5.892 5.839 -7.399 1.513
P118205 6.048 5.863 -6.542 0.627
P118206 6.030 5.863 -6.365 1.460
P118207 6.056 5.921 -6.987 1.609
P118208 5.795 5.725 -5.785 1.283
P118209 6.014 6.082 -6.854 1.371
P118210 5.918 5.741 -7.019 1.599
P118211 6.143 6.035 -6.309 1.665
P118212 5.948 5.975 -7.001 0.939
P118213 5.937 5.990 -7.252 1.269
P118214 6.052 5.898 -6.824 0.874
P118215 6.014 6.021 -7.718 1.679
P118216 6.137 6.040 -6.466 1.173
P118217 6.042 5.908 -6.178 1.389
P118218 6.257 6.160 -6.706 1.086
P118219 6.066 5.998 -7.153 1.462
P118220 6.113 6.233 -7.234 1.265
P118221 6.198 6.036 -5.699 1.181
P118222 6.001 5.940 -6.333 0.591
P118223 5.993 6.016 -5.582 1.944
P118224 6.067 6.162 -7.323 1.066
P118225 6.063 5.746 -6.350 1.101
P118226 5.952 5.978 -6.596 0.959
P118227 6.049 5.863 -5.659 1.346
P118229 6.178 6.111 -6.148 0.738
P118230 6.135 6.075 -6.269 1.122
P118231 6.150 6.095 -7.225 1.051
P118232 6.082 6.003 -6.745 1.670
P118233 6.143 5.897 -6.816 0.983
P118234 5.948 5.926 -6.634 1.061
P118235 5.886 5.616 -6.351 2.260
P118236 6.076 5.994 -7.203 1.548
P118237 6.147 6.202 -7.051 1.336
P118238 6.137 6.218 -7.274 1.328
P118239 5.950 5.898 -6.354 0.791
P118240 6.058 6.067 -6.845 1.071
P118241 6.158 6.140 -7.746 1.287
P118242 6.169 5.852 -7.199 1.940
P118243 6.110 6.025 -6.430 0.834
P118244 6.131 5.874 -6.997 1.269
P118245 6.062 5.981 -5.296 1.194
P118246 6.022 5.977 -6.542 1.337
P118247 6.179 6.164 -6.172 1.009
P118248 6.136 6.128 -7.135 1.388
P118249 6.093 5.961 -5.836 1.218
P118250 6.115 6.074 -7.717 1.542
P118251 6.123 5.965 -6.513 1.216
P118252 5.754 5.718 -8.479 0.906
P118253 5.993 6.103 -8.511 0.436
P118254 5.535 5.588 -6.603 0.304
P118255 5.968 5.798 -7.579 0.456
P118256 5.641 5.457 -7.028 0.625
P118257 5.759 5.782 -7.691 0.325
P118258 5.908 5.634 -6.867 1.627
P118259 5.991 5.943 -7.002 0.374
P118260 6.032 6.038 -8.454 0.346
P118261 5.883 5.743 -6.950 0.387
P118262 6.010 6.097 -7.665 0.386
P118263 6.120 6.087 -7.015 0.392
P118264 5.874 5.710 -6.638 0.601
P118265 6.042 5.979 -7.721 0.669
P118266 6.121 6.057 -7.030 0.455
P118267 5.762 5.774 -6.544 0.573
P118268 5.968 5.862 -6.745 0.690
P118269 6.072 5.833 -6.811 0.458
P118270 6.181 6.015 -6.505 0.576
P118271 5.819 5.985 -5.785 0.603
P118272 6.158 6.024 -7.640 0.472
P118273 5.757 5.700 -6.496 0.693
P118274 6.040 6.097 -7.619 0.758
P118275 5.859 5.630 -7.129 1.036
P118276 6.005 5.834 -6.716 0.401
P118277 6.232 6.123 -7.624 0.665
P118278 5.934 5.809 -7.191 0.355
P118280 5.957 5.935 -7.775 0.393
P118281 6.178 5.984 -6.816 0.292
P118282 5.901 5.896 -8.005 0.368
P118283 6.132 5.918 -6.321 0.700
P118284 5.986 6.078 -8.628 0.384
P118285 6.237 6.099 -7.898 0.587
P118286 5.998 5.825 -6.892 0.899
P118287 5.968 5.923 -6.568 0.400
P118289 6.008 5.782 -7.054 0.939
P118290 6.021 6.067 -6.631 0.945
P118291 5.993 5.840 -7.463 0.552
P118293 5.896 5.765 -6.419 0.959
P118295 6.065 5.928 -7.317 0.481
P118296 6.070 5.977 -7.647 0.981
P118297 6.141 5.936 -7.408 0.643
P118298 6.187 6.086 -6.316 0.740
P118299 5.988 5.853 -7.732 0.661
P118300 6.034 6.076 -7.931 0.512
P118302 5.878 5.646 -6.813 0.565
P118303 5.907 5.997 -7.106 0.540
P118304 5.875 5.866 -7.089 0.562
P118306 5.917 5.626 -6.871 1.522
P118307 5.733 5.537 -7.250 0.502
P118309 6.150 5.973 -6.689 0.520
P118310 6.131 5.990 -7.052 0.344
P118311 5.915 5.759 -6.349 0.807
P118312 6.058 5.903 -7.004 0.486
P118314 6.137 6.176 -7.971 0.359
P118315 5.930 5.921 -7.170 0.624
P118316 5.684 5.633 -6.906 0.799
P118317 5.686 5.751 -6.607 0.866
P118319 6.082 5.876 -7.931 0.350
P118320 5.593 5.687 -7.171 0.386
P118321 5.836 5.680 -7.138 0.456
P118322 6.103 5.932 -6.665 0.583
P118323 6.030 5.900 -7.855 0.535
P118324 5.885 5.866 -7.225 0.353
P118325 6.206 5.978 -6.865 0.959
P118326 5.766 5.648 -7.600 0.425
P118327 6.353 6.172 -6.646 1.061
P118328 6.024 6.013 -7.012 0.432
P118330 5.797 5.706 -6.245 0.546
P118331 6.022 5.985 -6.925 1.057
P118332 5.986 5.819 -6.983 0.471
P118333 6.076 6.076 -7.017 1.160
P118335 6.043 5.788 -7.270 0.727
P118336 6.138 6.096 -7.117 0.498
P118337 6.106 6.064 -7.590 0.361
P118338 6.154 5.999 -6.711 0.950
P118339 6.142 6.062 -7.810 0.460
P118340 6.037 5.794 -6.701 0.733
P118343 6.186 5.994 -6.910 1.361
P118344 6.070 5.921 -7.908 0.949
P118345 6.165 6.003 -6.695 0.679
P118346 5.763 5.793 -6.847 0.984
P118347 6.094 5.833 -7.149 0.478
P118349 6.031 5.741 -7.329 0.473
P118350 6.145 5.999 -6.751 0.950
P118352 6.115 5.783 -6.824 1.298
P118353 5.883 5.582 -7.184 0.563
P118355 6.010 5.630 -6.952 1.791
P118356 6.036 5.980 -6.511 0.954
P118357 6.137 6.087 -6.907 0.335
P118358 5.984 6.047 -7.239 0.420
P118360 6.330 6.211 -6.962 0.459
P118362 6.134 5.876 -7.607 0.521
P118363 5.976 5.914 -5.765 0.503
P118364 6.351 6.004 -6.405 1.194
P118366 6.037 6.044 -6.795 0.795
P118367 6.236 5.925 -7.511 0.433
P118368 6.062 6.096 -8.080 0.979
P118369 5.938 5.946 -7.411 0.591
P118370 6.173 6.085 -7.675 0.581
P118371 6.113 6.077 -8.260 1.096
P118372 6.164 5.778 -7.715 0.599
P118374 5.919 5.998 -7.213 0.434
P118375 6.102 6.012 -7.593 0.508
P118376 5.899 5.769 -7.146 0.509
P118378 6.205 6.175 -8.084 0.630
P118379 5.962 5.926 -7.121 0.610
P118380 6.175 6.182 -6.397 0.550
P118381 5.947 5.718 -6.250 1.137
P118382 6.215 6.270 -8.492 1.099
P118383 6.096 5.978 -5.733 1.244
P118384 6.454 6.344 -6.894 1.146
P118385 5.950 5.993 -8.067 1.078
P118386 6.555 6.316 -7.476 0.967
P118388 6.095 5.682 -7.703 0.607
P118389 6.280 6.188 -6.593 0.737
P118390 5.840 5.712 -6.459 0.584
P118391 6.106 5.858 -7.108 0.869
P118392 6.170 5.956 -6.695 0.741
P118393 6.069 6.001 -6.332 0.411
P118394 6.191 5.995 -7.248 1.046
P118395 6.212 5.829 -7.868 0.557
P118396 6.130 6.000 -7.231 0.572
P118398 6.296 5.665 -7.562 1.684
P118399 6.212 6.118 -7.190 0.959
P118400 6.152 6.059 -7.009 0.552
P118401 6.368 6.340 -7.968 0.637
P118402 6.077 6.043 -6.043 0.665
P118403 6.364 6.394 -7.157 1.482
P118404 6.682 6.386 -7.588 0.860
P118405 6.357 5.861 -7.043 1.139
P118406 5.960 5.970 -5.663 0.661
P118407 6.212 6.205 -6.715 0.967
P118408 6.084 5.957 -7.738 0.502
P118409 6.218 6.074 -6.327 2.208
P118410 6.083 5.985 -7.164 1.223
P118411 6.155 6.074 -7.630 0.400
P118412 6.224 6.168 -8.492 1.215
P118413 6.307 6.232 -7.120 0.492
P118414 5.899 5.924 -7.163 1.035
P118416 6.309 6.294 -8.178 0.346
P118418 6.012 5.770 -6.917 0.954
P118419 6.140 5.935 -6.172 1.058
P118421 6.053 6.218 -7.466 0.366
P118423 6.220 6.002 -7.562 1.263
P118425 6.014 5.978 -4.681 1.168
P118426 6.165 6.029 -6.715 1.130
P118428 6.272 5.975 -7.190 0.676
P118430 6.465 6.386 -6.240 1.345
P118431 5.955 5.935 -6.141 0.652
P118432 5.779 5.997 -7.445 0.579
P118433 5.969 6.029 -6.503 1.943
P118434 6.686 6.595 -7.297 0.610
P118435 5.958 5.851 -7.234 0.613
P118436 6.196 5.905 -6.063 0.710
P118437 6.122 5.884 -7.555 0.614
P118438 5.991 6.039 -7.783 0.435
P118439 6.231 6.319 -9.134 0.754
P118440 6.197 5.907 -6.922 0.583
P118441 6.144 6.143 -7.500 0.696
P118442 6.075 5.860 -7.129 0.695
P118444 6.209 6.036 -6.469 1.664
P118445 6.782 6.785 -7.326 0.700
P118446 6.262 6.062 -6.882 0.723
P118447 6.256 6.089 -7.466 1.008
P118448 5.966 6.140 -7.997 0.630
P118449 6.177 6.137 -8.545 0.633
P118450 6.585 6.391 -6.873 0.709
P118451 6.437 6.266 -7.158 0.825
P118452 5.980 5.880 -7.522 0.696
P118454 6.474 6.520 -7.318 0.781
P118455 6.262 5.846 -6.314 1.098
P118456 6.483 6.041 -7.228 1.026
P118457 6.222 6.077 -7.320 0.859
P118458 6.394 5.805 -5.896 1.753
P118459 6.837 6.577 -6.903 0.890
P118460 6.542 6.398 -6.697 1.273
P118461 6.478 6.064 -7.126 0.702
P118462 6.169 6.043 -8.224 0.858
P118463 6.573 6.515 -8.338 0.779
P118464 5.834 5.921 -7.778 1.147
P118465 5.795 5.848 -8.117 1.247
P118467 5.782 5.674 -7.896 1.193
P118468 5.803 6.039 -8.108 1.136
P118469 6.008 5.920 -7.802 1.464
P118470 5.800 6.144 -8.385 2.185
P118471 5.842 5.859 -7.557 1.114
P118472 5.887 6.074 -7.933 1.103
P118473 5.698 5.754 -7.410 1.197
P118474 5.835 5.786 -7.033 1.082
P118475 5.915 6.202 -8.212 1.408
P118476 5.798 5.952 -7.847 1.105
P118478 5.886 6.007 -8.307 1.261
P118479 5.914 5.940 -8.157 1.308
P118480 6.018 6.100 -7.847 1.101
P118481 6.061 6.008 -7.550 1.011
P118485 5.878 6.049 -7.770 1.066
P118487 5.872 5.884 -7.511 1.099
P118488 5.931 5.930 -6.127 1.210
P118490 6.081 6.469 -7.809 1.975
P118496 6.192 6.203 -8.148 1.089
P118499 6.415 6.525 -8.447 1.926
P118501 6.119 6.081 -8.070 1.072
P118509 6.449 6.338 -7.057 1.047
P118511 6.259 6.274 -8.377 1.075
P118512 6.167 6.397 -8.626 1.721
P118513 5.690 5.826 -7.784 0.879
P118514 5.831 5.760 -7.319 0.993
P118515 5.645 5.764 -5.995 0.849
P118516 5.917 5.917 -8.357 0.881
P118517 5.839 5.916 -8.370 0.861
P118518 5.942 6.061 -7.661 0.875
P118519 5.921 5.929 -6.240 0.934
P118520 5.887 5.901 -8.323 0.873
P118521 5.813 5.913 -7.171 1.107
P118522 5.786 5.862 -7.766 1.037
P118523 6.013 5.927 -6.298 1.377
P118524 5.775 5.800 -7.567 1.009
P118525 5.897 5.857 -7.482 0.868
P118526 5.894 5.892 -7.371 0.897
P118527 5.857 6.211 -7.098 0.979
P118528 5.398 5.841 -5.319 0.868
P118529 5.613 6.196 -8.444 1.355
P118530 6.153 6.176 -7.451 0.984
P118531 6.187 6.134 -7.646 0.836
P118532 6.018 6.040 -8.035 0.829
P118534 5.964 6.015 -7.534 0.935
P118535 5.815 5.927 -6.977 0.955
P118536 6.012 6.063 -7.168 1.080
P118538 5.903 6.091 -7.560 0.807
P118539 5.342 6.049 -6.873 1.365
P118540 5.773 5.866 -6.823 0.960
P118541 6.022 5.997 -7.475 0.885
P118542 5.874 5.990 -6.556 0.870
P118543 6.007 6.015 -7.300 0.941
P118544 5.807 5.608 -6.374 1.099
P118545 5.615 5.552 -8.031 0.850
P118546 5.923 5.843 -7.432 0.950
P118548 6.003 6.132 -7.201 0.776
P118549 5.922 6.113 -6.343 0.800
P118550 5.973 6.141 -8.263 1.890
P118551 5.930 5.912 -7.209 1.095
P118552 5.648 5.385 -5.933 0.897
P118553 5.819 5.800 -6.912 0.962
P118554 5.971 6.017 -8.444 0.898
P118555 5.977 6.110 -8.118 0.833
P118556 5.803 5.894 -7.065 0.877
P118557 6.042 6.046 -8.547 0.908
P118558 5.999 5.867 -7.914 0.933
P118559 5.969 5.917 -7.892 1.026
P118560 5.936 6.077 -7.736 0.829
P118561 6.039 5.986 -7.320 0.876
P118562 5.694 6.030 -7.010 2.067
P118563 5.888 6.110 -7.177 1.130
P118564 5.170 5.384 -9.447 0.595
P118565 5.299 5.561 -9.738 0.801
P118566 5.308 5.550 -9.945 0.841
P118567 5.426 5.620 -9.846 0.864
P118568 5.362 5.540 -9.225 0.366
P118569 5.338 5.447 -9.307 0.265
P118570 5.389 5.506 -9.158 0.489
P118571 5.703 5.827 -9.863 0.852
P118572 5.525 5.731 -9.852 0.814
P118573 5.470 5.286 -8.286 0.385
P118574 5.417 5.655 -10.208 0.834
P118575 5.523 5.690 -10.069 0.952
P118577 5.673 5.889 -9.699 0.940
P118578 5.558 5.807 -9.869 0.549
P118579 5.441 5.735 -10.025 0.608
P118580 5.549 5.551 -9.127 0.394
P118581 5.556 5.674 -10.102 0.869
P118582 5.634 5.737 -9.614 0.813
P118583 5.705 5.788 -9.937 0.811
P118584 5.619 5.875 -9.516 0.830
P118587 5.678 5.896 -10.007 0.849
P118588 5.707 5.839 -10.358 0.842
P118589 5.687 5.715 -8.874 0.245
P118590 5.643 5.894 -10.080 0.859
P118592 5.736 5.859 -10.149 0.719
P118593 5.604 5.671 -9.253 0.451
P118594 5.649 5.881 -9.553 0.806
P118596 5.767 6.061 -9.642 0.555
P118597 5.768 6.057 -9.756 0.561
P118598 5.766 5.974 -10.067 0.720
P118601 5.714 5.886 -10.119 0.919
P118605 5.751 5.896 -10.479 0.724
P118606 5.608 5.785 -9.026 0.795
P118607 5.590 5.933 -9.242 1.123
P118613 5.696 5.930 -9.288 0.814
P118615 5.730 6.053 -9.293 0.704
P118617 5.773 6.054 -9.426 0.650
P118618 5.662 5.866 -9.955 0.868
P118619 5.740 5.983 -8.190 0.590
P118620 5.741 6.064 -9.985 0.527
P118624 5.670 5.869 -9.176 0.837
P118625 5.731 5.929 -9.636 0.664
P118638 5.838 5.886 -10.419 0.795
P118640 5.886 6.039 -10.476 0.637
P118641 5.483 5.598 -10.008 0.223
P118645 5.604 5.697 -10.367 0.221
P118646 5.763 5.685 -9.673 0.336
P118647 5.596 5.528 -9.582 0.179
P118649 5.741 5.921 -10.342 0.400
P118651 5.750 5.853 -9.942 0.247
P118652 5.695 5.662 -10.038 0.238
P118655 5.883 5.992 -9.966 0.280
P118657 5.860 5.951 -9.686 0.239
P118658 5.872 6.024 -9.712 0.389
P118659 5.868 5.898 -9.429 0.100
P118662 5.870 6.019 -9.695 0.454
P118663 5.803 6.050 -10.379 0.496
P118664 5.863 5.966 -9.314 0.216
P118665 5.761 5.810 -9.611 0.228
P118666 5.861 5.824 -9.546 0.607
P118667 5.903 5.796 -9.530 0.806
P118668 5.730 5.983 -9.129 0.651
P118669 5.706 5.798 -9.679 0.650
P118670 5.959 5.945 -9.822 0.422
P118673 6.146 6.132 -9.373 0.431
P118676 6.069 6.062 -10.642 0.144
P118678 5.965 5.913 -10.394 0.478
P118680 5.864 5.967 -8.794 0.907
P118682 5.969 5.917 -10.291 0.475
P118685 5.870 6.047 -10.657 0.678
P118687 6.017 6.044 -10.572 0.467
P118691 6.069 5.904 -9.886 1.119
P118692 5.789 5.792 -9.629 0.402
P118693 6.112 6.048 -8.380 0.936
P118695 6.145 5.977 -8.206 0.721
P118696 6.206 6.251 -11.834 0.642
P118698 6.496 6.631 -9.475 1.061
P118700 6.371 6.290 -8.808 0.502
P118701 6.377 6.339 -9.130 0.321
P118703 6.442 6.467 -9.455 0.333
P118707 6.255 6.423 -8.311 0.820
P118710 6.597 6.535 -8.871 0.304
P118740 6.575 6.643 -8.561 0.419
P118743 6.683 6.656 -7.968 0.876
P118744 6.692 6.734 -8.369 0.570
P118763 6.605 6.909 -8.289 0.994
P118764 6.775 6.576 -8.994 0.919
P118766 6.881 6.808 -8.329 0.762
P118770 6.687 6.626 -8.069 0.591
P118776 6.757 6.736 -9.558 0.822
P118780 6.752 6.860 -9.276 0.976
P118783 6.607 6.582 -8.623 0.620
P118786 6.865 6.898 -8.529 0.445
P118787 6.875 6.749 -8.500 0.783
P118791 6.263 6.733 -9.214 1.317
P118794 6.701 6.714 -9.684 0.859
P118796 6.739 6.694 -9.832 0.602
P118799 6.688 6.755 -9.207 0.734
P118802 6.684 6.840 -9.058 0.574
P118803 6.721 6.699 -9.478 0.790
P118808 5.211 5.214 -6.214 0.377
P118809 5.299 4.972 -7.498 1.013
P118810 5.152 4.740 -6.640 1.677
P118811 4.896 4.585 -6.614 1.121
P118812 5.104 5.042 -7.494 1.214
P118813 5.219 5.014 -8.150 0.889
P118814 4.990 4.749 -6.398 0.703
P118816 5.266 5.382 -7.571 0.953
P118818 5.232 4.971 -5.843 1.637
P118819 5.529 5.558 -9.095 0.367
P118820 5.422 5.467 -8.792 0.397
P118821 5.325 5.391 -7.500 0.746
P118822 5.156 5.208 -7.780 0.533
P118824 5.488 5.365 -7.272 2.080
P118825 5.521 5.584 -9.151 0.492
P118826 5.585 5.696 -8.437 0.565
P118828 5.503 5.685 -8.773 0.366
P118829 5.409 5.469 -7.898 1.175
P118831 5.560 5.278 -7.737 0.986
P118832 5.585 5.738 -8.441 0.928
P118833 5.178 5.017 -6.954 1.207
P118834 5.124 4.931 -6.934 1.179
P118836 5.278 4.954 -7.419 0.660
P118837 5.537 5.016 -6.982 1.400
P118838 5.483 5.373 -7.963 0.299
P118839 5.106 5.014 -6.873 0.568
P118840 5.390 5.101 -7.558 0.926
P118841 5.496 5.648 -8.647 0.881
P118843 5.317 4.703 -5.901 1.082
P118845 5.423 5.479 -9.651 0.952
P118846 5.077 4.884 -6.866 0.681
P118848 5.083 4.852 -6.688 1.035
P118850 5.559 5.247 -7.516 0.785
P118851 4.953 4.597 -6.834 1.194
P118852 5.242 5.325 -8.227 1.101
P118853 5.339 5.137 -6.974 1.043
P118854 5.370 5.117 -7.098 0.757
P118856 5.370 5.074 -7.862 0.998
P118858 5.609 5.413 -6.804 0.424
P118859 4.902 5.388 -7.478 1.771
P118860 5.298 5.352 -8.227 1.080
P118861 5.171 5.020 -5.930 1.018
P118863 5.370 5.415 -8.288 0.939
P118864 5.550 5.591 -8.599 0.900
P118865 5.324 5.005 -7.556 0.774
P118866 5.078 4.876 -6.477 0.824
P118867 5.439 5.446 -8.947 0.987
P118868 5.462 5.587 -9.711 0.921
P118869 5.277 5.215 -5.846 0.402
P118871 5.263 5.273 -6.475 0.488
P118872 4.895 5.272 -6.441 1.433
P118873 5.471 5.641 -9.997 0.899
P118874 5.323 5.083 -7.198 0.775
P118875 5.351 5.067 -6.925 0.589
P118876 5.674 5.724 -7.819 1.175
P118877 5.614 5.618 -8.393 1.521
P118878 5.690 5.819 -8.382 0.443
P118880 5.584 5.774 -10.052 0.472
P118881 5.678 5.729 -8.651 0.483
P118883 5.623 5.553 -7.970 0.492
P118884 5.627 5.796 -7.425 0.305
P118885 5.910 5.888 -9.393 0.484
P118886 5.317 5.379 -7.870 0.481
P118887 5.459 5.478 -8.371 1.435
P118888 5.597 5.481 -8.680 1.084
P118889 5.484 5.659 -9.554 0.344
P118890 5.603 5.323 -7.850 0.990
P118891 5.620 5.601 -8.674 0.573
P118892 5.597 5.598 -8.041 1.779
P118893 5.830 5.831 -8.579 0.398
P118894 5.720 5.695 -9.476 0.480
P118895 5.538 5.632 -9.266 0.316
P118896 5.731 5.801 -8.682 0.402
P118897 5.617 5.561 -8.102 1.707
P118898 5.757 5.751 -8.936 0.392
P118899 5.390 5.460 -8.476 0.278
P118900 5.737 5.741 -8.481 0.309
P118901 5.243 5.287 -7.815 0.632
P118903 5.322 5.431 -8.011 0.559
P118904 5.405 5.457 -7.796 0.513
P118905 5.512 5.498 -8.665 1.249
P118906 5.569 5.798 -9.579 0.422
P118907 5.727 5.633 -9.023 1.129
P118909 5.335 5.463 -7.669 1.411
P118910 5.521 5.759 -9.698 0.446
P118912 5.536 5.313 -7.757 0.811
P118913 5.666 5.818 -9.112 0.358
P118915 5.700 5.592 -8.460 1.123
P118916 5.777 5.823 -9.118 0.418
P118917 5.745 5.772 -8.997 0.828
P118919 5.709 5.602 -7.328 0.406
P118920 5.244 5.255 -7.722 0.856
P118921 5.666 5.577 -8.296 1.201
P118922 5.768 5.845 -8.660 0.380
P118923 5.713 5.770 -8.360 1.428
P118924 5.908 5.881 -9.379 0.505
P118925 5.609 5.357 -6.818 0.965
P118926 5.540 5.337 -8.190 0.800
P118927 5.445 4.964 -7.700 1.357
P118928 5.384 5.073 -7.387 1.222
P118929 5.545 5.606 -7.818 1.364
P118930 5.185 4.762 -6.707 1.004
P118931 5.410 5.223 -7.564 0.607
P118932 5.478 5.153 -6.057 0.454
P118933 5.360 5.256 -7.346 0.417
P118934 5.123 4.895 -6.511 0.778
P118935 5.644 5.245 -6.964 1.459
P118936 5.279 5.179 -7.691 1.388
P118937 5.577 5.672 -8.739 1.031
P118938 5.444 5.115 -7.846 0.774
P118939 5.318 4.897 -6.596 1.406
P118940 5.457 5.464 -9.002 0.894
P118941 5.285 5.193 -6.795 1.279
P118942 5.425 5.153 -7.254 0.883
P118943 5.682 5.486 -6.279 1.690
P118945 5.470 5.411 -8.645 0.947
P118946 5.587 5.667 -7.855 1.377
P118947 5.802 5.328 -8.460 0.929
P118948 5.422 5.553 -6.554 0.853
P118949 4.954 5.054 -6.894 1.754
P118950 5.156 4.927 -7.046 0.580
P118951 5.546 5.623 -9.083 1.022
P118952 5.537 5.094 -6.990 0.618
P118953 5.533 5.513 -6.488 0.383
P118954 5.632 5.149 -7.550 0.738
P118955 5.450 5.002 -7.602 1.445
P118956 5.689 5.562 -7.942 1.245
P118957 5.710 5.297 -7.662 1.396
P118959 5.606 5.326 -7.767 0.551
P118960 5.630 5.107 -7.124 0.773
P118961 5.297 4.996 -7.098 1.064
P118962 5.301 5.076 -6.467 1.796
P118963 5.278 4.945 -7.122 1.062
P118964 5.378 5.026 -7.622 1.259
P118965 5.579 5.513 -7.940 1.018
P118966 5.396 5.373 -8.813 0.880
P118967 5.484 5.443 -7.651 0.802
P118968 5.511 5.614 -9.094 0.929
P118969 5.436 5.339 -7.354 0.868
P118971 5.346 5.154 -6.497 0.425
P118973 5.437 5.146 -6.061 0.860
P118975 5.566 5.274 -7.924 0.479
P118976 5.568 5.581 -8.985 0.917
P118977 5.587 5.636 -9.083 0.883
P118978 5.362 4.970 -7.042 1.590
P118979 5.305 5.151 -8.551 0.801
P118981 5.609 5.271 -7.583 1.196
P118983 5.468 4.919 -6.218 1.133
P118984 5.794 5.567 -7.924 0.797
P118985 5.646 5.818 -7.112 0.280
P118986 5.960 5.977 -8.819 0.497
P118987 5.614 5.624 -9.387 0.473
P118988 5.566 5.516 -8.497 0.438
P118990 5.398 5.397 -8.004 0.501
P118992 5.752 5.744 -7.937 0.526
P118993 5.771 5.805 -8.687 0.557
P118995 5.653 5.881 -9.557 0.349
P118996 5.694 5.825 -9.680 0.373
P118997 5.705 5.805 -8.783 0.768
P118998 5.785 5.751 -8.611 0.424
P118999 5.859 5.947 -9.123 0.411
P119000 5.643 5.498 -8.521 1.189
P119002 5.754 5.609 -7.915 0.673
P119003 5.621 5.609 -8.445 0.408
P119004 5.794 5.737 -8.326 1.350
P119005 5.702 5.727 -8.821 0.375
P119006 5.823 5.646 -7.344 0.640
P119007 5.749 5.634 -7.097 2.030
P119008 5.823 5.816 -8.333 0.373
P119009 5.639 5.731 -8.750 1.136
P119010 5.501 5.547 -7.846 0.343
P119012 5.609 5.834 -7.746 0.842
P119013 5.604 5.541 -8.411 0.425
P119014 5.869 5.558 -7.631 0.703
P119016 5.660 5.936 -10.065 0.389
P119017 5.554 5.504 -8.486 0.426
P119018 5.573 5.523 -8.198 0.558
P119019 5.516 5.619 -7.901 0.614
P119020 5.957 5.612 -8.019 1.639
P119022 5.693 5.655 -8.599 0.616
P119023 5.777 5.653 -8.058 2.198
P119024 5.733 6.024 -10.253 0.443
P119025 5.721 5.875 -8.775 0.770
P119026 5.635 5.778 -9.536 0.368
P119027 5.411 5.518 -8.106 0.641
P119028 5.879 5.921 -9.654 0.493
P119029 5.622 5.820 -9.729 0.297
P119030 5.825 5.673 -7.929 0.686
P119031 5.950 5.834 -8.730 1.168
P119032 5.865 5.946 -8.481 0.550
P119033 5.518 5.547 -7.862 0.721
P119034 5.953 5.947 -7.818 1.334
P119036 5.750 5.978 -9.193 0.447
P119038 5.465 5.257 -7.552 0.921
P119039 5.490 5.422 -7.358 0.349
P119040 5.571 5.582 -8.219 0.439
P119041 6.038 6.110 -7.832 0.764
P119042 5.612 5.489 -7.834 0.631
P119043 5.813 5.802 -9.547 0.568
P119045 6.071 5.935 -7.852 1.253
P119046 5.550 5.620 -8.735 0.804
P119047 5.647 5.608 -8.625 0.526
P119048 5.655 5.710 -8.069 0.581
P119049 5.554 5.529 -7.696 0.818
P119051 5.777 5.699 -8.461 0.995
P119052 5.721 5.079 -7.414 1.592
P119054 5.548 4.961 -6.818 1.335
P119057 5.699 5.183 -6.769 1.256
P119058 5.716 5.237 -7.029 1.879
P119059 5.391 5.164 -7.690 1.328
P119061 5.089 5.467 -6.698 2.242
P119062 5.250 5.004 -7.265 0.540
P119063 5.567 5.252 -6.668 0.654
P119065 5.697 5.287 -7.369 1.199
P119066 5.554 4.943 -6.265 1.377
P119067 5.214 4.895 -7.077 1.226
P119068 5.709 5.193 -7.584 1.170
P119069 5.673 5.277 -6.745 1.905
P119071 5.500 5.306 -7.575 0.756
P119072 5.331 5.180 -7.184 2.202
P119073 5.406 5.257 -7.836 1.380
P119074 5.819 5.941 -9.512 0.647
P119075 5.764 4.926 -7.083 2.041
P119076 5.168 5.064 -6.578 1.476
P119077 5.377 5.493 -8.353 1.080
P119079 5.462 5.317 -7.414 0.992
P119080 5.661 5.264 -7.836 0.681
P119082 5.733 5.546 -8.530 0.501
P119083 5.727 5.565 -7.541 0.552
P119084 5.324 5.220 -7.009 0.700
P119085 5.644 5.361 -7.469 0.585
P119086 5.488 5.278 -7.638 0.616
P119088 5.513 5.007 -6.421 1.051
P119090 5.613 5.185 -7.788 0.749
P119091 5.625 5.364 -7.955 0.719
P119092 5.756 5.152 -7.149 1.346
P119093 5.529 5.593 -9.407 0.834
P119094 5.493 5.102 -7.159 0.630
P119096 5.117 5.309 -6.455 2.320
P119097 5.862 6.046 -8.222 1.321
P119099 5.604 5.322 -7.822 0.504
P119100 4.969 4.923 -6.685 1.558
P119101 5.503 5.254 -8.034 0.523
P119103 5.656 5.685 -8.161 1.453
P119105 5.348 5.199 -7.009 0.417
P119106 5.489 5.050 -5.912 1.579
P119108 5.514 5.536 -9.502 0.917
P119109 5.516 5.275 -7.218 1.126
P119110 5.125 4.960 -7.141 0.552
P119111 5.581 5.276 -7.225 0.619
P119112 5.473 5.412 -7.470 2.384
P119113 5.568 5.734 -9.054 0.949
P119114 5.836 5.229 -7.149 1.490
P119115 5.358 4.786 -6.287 1.512
P119117 5.803 5.622 -6.968 0.606
P119118 5.669 5.218 -7.646 1.147
P119119 5.400 5.229 -7.146 1.174
P119120 5.647 5.314 -6.567 0.615
P119121 5.673 5.410 -7.581 0.977
P119123 5.556 5.381 -6.907 1.495
P119124 5.408 5.503 -7.741 1.222
P119125 5.679 5.650 -8.524 1.469
P119126 5.703 5.544 -7.164 1.004
P119127 5.401 5.227 -7.053 0.677
P119128 5.584 5.411 -7.472 1.163
P119129 5.469 5.244 -7.306 0.487
P119130 5.602 5.429 -7.674 0.690
P119131 5.372 5.201 -6.070 1.905
P119133 5.390 5.312 -7.309 0.858
P119134 5.494 5.252 -7.132 1.630
P119135 5.666 5.436 -7.180 0.587
P119137 5.948 5.944 -8.068 1.325
P119139 5.601 5.046 -8.155 0.812
P119140 5.038 5.184 -7.007 1.687
P119141 5.466 5.238 -7.802 1.471
P119142 5.582 5.365 -7.959 0.670
P119144 5.927 5.487 -7.278 1.564
P119145 5.822 6.007 -8.358 1.096
P119146 6.033 5.548 -6.972 1.649
P119147 5.569 4.928 -6.310 1.548
P119148 5.688 5.288 -7.998 1.021
P119149 5.355 5.397 -7.639 0.777
P119151 5.569 5.757 -8.655 1.117
P119153 5.715 5.261 -7.551 1.422
P119155 5.642 5.377 -7.827 1.153
P119156 5.705 5.478 -7.021 1.163
P119158 5.776 5.473 -8.259 0.613
P119159 5.619 5.578 -8.815 0.856
P119160 5.426 5.025 -7.856 1.071
P119162 5.889 5.312 -7.947 1.086
P119163 5.615 5.754 -9.374 1.074
P119166 5.792 5.844 -8.254 0.736
P119167 5.546 5.476 -8.419 0.595
P119168 5.828 5.918 -8.294 0.730
P119169 5.650 5.503 -8.220 1.042
P119170 5.968 6.033 -8.382 0.344
P119171 6.023 5.718 -8.708 0.474
P119173 6.001 6.051 -9.102 0.614
P119174 5.960 5.661 -7.559 0.665
P119176 5.792 5.775 -7.926 0.521
P119178 6.185 6.206 -8.053 1.030
P119179 5.758 5.720 -8.513 0.827
P119180 5.850 5.839 -7.959 1.469
P119181 6.115 6.106 -8.525 0.475
P119182 6.171 6.135 -8.073 1.441
P119183 5.835 6.233 -9.614 0.664
P119184 5.641 5.749 -8.025 1.807
P119185 5.850 5.725 -8.244 1.156
P119186 6.052 6.036 -8.031 0.355
P119187 5.875 5.759 -7.877 0.649
P119189 6.012 6.129 -8.851 0.562
P119190 5.884 5.890 -7.488 1.498
P119191 5.600 5.618 -7.220 0.433
P119193 5.949 5.786 -8.260 0.630
P119195 5.821 5.792 -7.054 0.602
P119196 5.758 5.678 -7.595 1.080
P119199 5.731 5.689 -8.278 0.454
P119200 5.867 5.864 -8.138 0.986
P119201 5.835 5.950 -8.775 0.272
P119202 5.908 5.905 -8.575 0.419
P119203 5.902 5.959 -8.242 0.453
P119205 5.740 5.771 -8.207 0.429
P119206 5.882 5.959 -7.938 0.809
P119207 5.788 5.775 -8.855 0.394
P119209 6.312 6.324 -7.937 0.739
P119210 5.710 5.654 -7.093 1.165
P119211 5.562 5.547 -8.040 0.517
P119212 5.915 5.851 -8.408 1.460
P119213 5.816 5.997 -8.701 0.477
P119214 5.540 5.497 -8.540 0.461
P119215 5.902 6.024 -8.021 0.573
P119216 5.831 5.790 -8.787 0.500
P119218 5.801 5.745 -8.669 0.450
P119219 5.552 5.609 -7.867 0.360
P119221 5.890 5.876 -8.267 1.693
P119222 5.950 5.842 -8.751 0.520
P119223 5.472 5.487 -8.338 0.635
P119225 5.541 5.562 -7.955 0.652
P119227 5.783 5.849 -9.158 0.333
P119228 5.835 5.700 -7.412 0.985
P119230 5.752 5.788 -8.196 1.543
P119231 5.346 4.826 -6.363 1.693
P119232 5.558 5.790 -9.409 0.941
P119233 5.607 5.187 -8.304 1.666
P119234 5.693 5.130 -7.923 1.628
P119235 5.559 5.231 -7.012 1.515
P119236 5.391 5.234 -7.307 1.002
P119239 5.536 5.538 -8.304 0.457
P119240 5.118 5.341 -5.825 1.752
P119241 6.187 6.196 -8.151 1.075
P119242 5.726 5.423 -6.829 1.519
P119243 6.176 6.260 -8.156 0.920
P119244 6.353 6.309 -8.490 0.784
P119246 5.784 5.831 -7.004 0.446
P119247 5.655 5.726 -8.807 0.747
P119248 6.029 5.911 -7.401 2.619
P119249 6.188 6.402 -8.589 0.668
P119251 5.857 5.825 -8.762 0.462
P119252 5.999 6.036 -8.663 0.453
P119253 6.109 6.021 -8.812 0.849
P119254 6.215 6.249 -8.162 1.215
P119255 5.587 5.808 -7.286 0.793
P119256 6.127 5.819 -7.462 1.188
P119258 5.888 5.562 -8.838 0.755
P119259 5.712 5.645 -7.462 1.853
P119260 6.083 5.966 -7.767 1.058
P119262 6.034 5.982 -8.782 1.165
P119263 6.114 6.282 -9.037 0.410
P119264 6.132 6.254 -8.068 0.636
P119265 6.068 6.272 -9.125 0.500
P119266 5.631 5.697 -9.214 0.582
P119267 5.582 5.675 -8.189 2.624
P119268 5.977 5.929 -9.586 0.736
P119269 5.775 5.669 -8.708 0.614
P119270 5.708 5.261 -6.903 0.739
P119271 6.343 6.270 -9.091 0.497
P119275 5.809 5.771 -8.991 0.710
P119276 5.788 6.134 -9.945 0.681
P119277 5.958 6.070 -8.862 0.579
P119278 6.064 5.705 -7.129 1.835
P119279 6.065 5.954 -9.259 0.541
P119281 5.859 5.935 -8.022 0.525
P119282 5.744 5.708 -8.629 0.773
P119283 5.901 6.097 -9.586 0.383
P119284 6.155 5.916 -7.593 1.409
P119285 5.341 5.336 -6.819 1.390
P119288 5.747 5.488 -8.319 0.506
P119289 5.700 5.790 -7.895 1.085
P119290 5.642 5.565 -6.071 0.923
P119291 5.553 5.010 -7.699 1.521
P119292 6.026 5.424 -6.483 1.485
P119293 5.945 5.486 -7.759 1.281
P119294 5.655 5.053 -6.702 2.032
P119295 5.572 5.362 -6.708 1.732
P119296 5.915 5.398 -7.203 1.365
P119297 6.095 5.607 -7.029 1.247
P119298 5.699 5.458 -8.353 0.586
P119300 5.829 5.439 -6.577 1.475
P119301 6.023 5.529 -6.851 1.483
P119302 5.469 5.522 -7.106 1.681
P119303 5.407 5.641 -9.057 1.230
P119304 5.770 5.703 -7.387 0.755
P119306 5.567 5.396 -7.356 1.678
P119307 5.939 5.574 -7.044 1.350
P119309 5.485 5.587 -7.010 2.312
P119310 5.635 5.687 -9.162 0.946
P119311 5.429 4.945 -7.323 1.952
P119312 5.544 5.545 -7.942 0.859
P119313 5.310 4.977 -6.770 1.281
P119315 5.678 5.189 -6.574 1.390
P119316 5.533 5.499 -7.706 0.561
P119320 5.433 5.313 -7.650 0.504
P119321 5.388 5.242 -7.622 0.468
P119323 5.701 5.064 -5.813 1.498
P119324 5.664 5.399 -7.406 0.839
P119326 5.517 5.315 -6.235 1.368
P119327 5.354 5.546 -7.628 1.268
P119328 5.444 5.754 -8.296 1.128
P119329 5.586 5.580 -7.906 0.388
P119330 5.982 5.949 -8.869 0.642
P119331 5.861 5.880 -8.119 0.852
P119332 5.920 5.862 -6.968 1.340
P119333 5.810 5.712 -9.011 0.806
P119334 5.870 5.975 -8.737 0.383
P119336 5.793 5.805 -8.589 0.457
P119340 5.942 5.749 -8.880 0.925
P119341 5.912 6.177 -9.480 0.541
P119342 5.505 5.401 -7.454 1.186
P119343 6.208 6.263 -8.460 1.567
P119344 5.915 6.171 -9.943 0.541
P119345 5.837 5.800 -7.941 1.299
P119346 6.005 6.161 -7.376 0.719
P119347 5.903 5.664 -8.259 0.751
P119351 6.062 5.873 -7.905 0.729
P119352 5.775 5.888 -8.274 0.485
P119353 6.033 5.838 -8.487 1.235
P119354 5.975 6.133 -8.377 0.563
P119355 5.607 5.908 -9.421 0.400
P119356 6.108 6.200 -9.303 0.345
P119357 5.996 5.882 -8.126 1.133
P119358 6.107 6.280 -9.110 0.316
P119359 5.657 5.608 -7.410 1.601
P119360 5.905 5.868 -7.472 2.593
P119361 6.111 6.008 -8.802 0.762
P119362 5.860 5.856 -8.787 1.134
P119363 5.704 5.529 -8.583 1.830
P119364 6.052 6.290 -9.023 0.511
P119365 5.906 5.690 -5.456 0.910
P119366 5.951 5.907 -7.785 0.724
P119367 5.987 6.058 -8.202 0.510
P119368 5.825 5.811 -8.000 0.625
P119369 5.893 5.889 -8.069 0.702
P119370 6.022 6.049 -8.091 0.758
P119371 5.826 5.885 -9.333 0.451
P119373 6.033 6.182 -9.591 0.724
P119374 5.792 6.092 -8.733 0.643
P119375 6.087 6.199 -6.859 0.620
P119377 5.950 5.784 -8.207 1.906
P119378 5.958 5.823 -7.234 0.513
P119381 5.934 6.023 -8.760 0.335
P119385 5.843 5.977 -9.689 0.384
P119387 5.994 6.042 -7.364 0.553
P119388 5.772 5.831 -7.855 1.526
P119390 5.918 5.811 -8.582 1.488
P119391 5.708 5.822 -8.224 0.729
P119392 6.050 6.090 -9.265 1.058
P119393 5.894 5.812 -8.641 1.041
P119394 5.818 5.885 -7.925 0.319
P119395 5.764 6.124 -9.191 0.600
P119396 6.472 6.513 -8.640 0.432
P119397 5.773 5.931 -8.334 0.841
P119399 5.924 5.622 -7.684 2.459
P119400 5.573 5.492 -7.152 2.801
P119402 5.514 5.553 -7.629 2.326
P119403 5.914 5.721 -6.804 1.374
P119404 5.915 5.881 -8.237 0.478
P119405 5.183 5.334 -7.841 1.384
P119406 5.421 5.003 -6.576 1.026
P119407 5.569 5.385 -8.628 1.079
P119408 5.679 5.636 -8.470 1.305
P119409 6.188 6.115 -8.173 1.175
P119410 5.533 5.497 -7.688 0.888
P119411 5.489 5.419 -7.180 0.718
P119412 6.033 5.629 -7.934 1.015
P119413 5.657 5.622 -7.196 1.743
P119414 5.789 5.341 -7.503 0.943
P119415 6.037 5.563 -7.118 1.444
P119416 5.685 5.241 -7.258 0.851
P119417 5.450 5.225 -8.346 1.042
P119418 6.236 5.807 -7.173 1.417
P119419 6.113 5.537 -7.309 1.427
P119420 5.457 5.540 -7.107 1.638
P119421 5.819 5.510 -7.607 1.288
P119422 6.003 5.642 -7.082 1.290
P119423 5.621 5.310 -7.062 0.926
P119424 5.611 5.882 -8.989 1.099
P119425 6.498 6.500 -8.157 0.817
P119426 5.832 6.017 -8.554 1.905
P119427 5.789 5.873 -8.014 1.151
P119429 6.451 6.516 -8.338 1.053
P119430 6.133 6.132 -7.731 0.729
P119431 6.385 6.433 -8.632 0.757
P119432 5.747 5.975 -8.434 1.294
P119433 6.244 6.420 -8.710 0.817
P119434 5.876 6.143 -9.442 0.915
P119435 6.276 6.428 -8.939 0.722
P119436 5.803 5.926 -9.511 0.462
P119437 5.633 5.728 -8.461 0.587
P119438 6.087 6.013 -8.671 1.429
P119439 5.895 6.162 -9.390 0.970
P119440 5.915 6.049 -8.768 0.548
P119441 5.735 5.833 -7.139 0.885
P119442 6.409 6.335 -8.023 0.835
P119443 6.404 6.517 -8.847 0.315
P119445 6.214 6.208 -6.646 0.904
P119446 6.124 6.244 -8.867 1.627
P119447 5.823 5.341 -7.070 1.580
P119448 5.656 5.030 -7.717 1.350
P119450 5.692 5.538 -6.831 1.262
P119451 5.486 5.288 -7.759 1.027
P119452 6.044 5.907 -7.287 0.605
P119453 5.752 5.504 -7.731 1.856
P119454 5.670 5.566 -7.424 1.160
P119455 5.662 5.481 -7.219 1.631
P119456 5.597 5.748 -8.311 0.956
P119457 5.778 5.398 -6.745 0.824
P119458 5.734 5.188 -8.318 1.393
P119459 5.852 5.697 -8.173 1.251
P119460 5.796 5.943 -9.108 1.584
P119461 6.335 6.319 -8.679 0.731
P119462 6.247 5.658 -7.696 1.307
P119463 5.929 5.544 -9.767 0.888
P119464 5.330 4.889 -6.498 0.772
P119466 5.086 5.431 -7.141 0.891
P119469 5.205 5.068 -7.832 0.507
P119471 5.924 5.609 -7.607 1.090
P119472 5.946 6.044 -6.691 0.871
P119474 5.851 5.834 -8.325 0.680
P119476 5.820 5.523 -7.108 0.733
P119477 5.787 5.950 -9.055 0.277
P119478 5.753 5.871 -9.327 0.234
P119479 5.776 5.763 -8.873 0.287
P119480 5.904 5.931 -9.176 0.300
P119481 5.866 6.023 -9.394 0.291
P119482 6.038 5.857 -8.881 0.594
P119483 5.877 5.721 -8.492 0.463
P119484 6.038 6.126 -9.260 0.314
P119485 5.926 5.626 -5.864 1.296
P119486 5.965 5.994 -8.751 0.504
P119487 5.922 5.873 -9.049 0.399
P119488 6.046 5.989 -9.064 0.242
P119489 5.986 6.090 -9.365 0.348
P119490 6.013 5.924 -9.149 0.380
P119491 5.661 5.528 -8.531 0.713
P119492 5.772 5.881 -8.349 0.618
P119494 6.026 5.995 -8.501 0.351
P119495 5.891 5.912 -8.609 0.531
P119497 6.081 5.858 -8.526 0.616
P119498 5.851 5.835 -7.934 0.341
P119499 5.858 5.858 -8.603 0.642
P119500 6.114 5.977 -5.963 1.253
P119501 5.873 5.779 -8.176 0.340
P119502 6.014 5.840 -9.083 0.960
P119503 5.941 5.892 -9.085 0.355
P119504 5.908 5.843 -8.700 1.486
P119505 6.143 6.029 -8.963 0.556
P119507 5.886 5.576 -7.225 0.818
P119508 6.120 5.945 -8.169 0.755
P119510 6.057 5.942 -9.954 0.244
P119512 6.149 6.093 -9.420 0.502
P119513 5.923 6.062 -9.784 0.833
P119515 6.120 6.046 -9.806 0.412
P119517 6.212 6.134 -9.190 0.498
P119520 6.166 6.255 -10.620 0.829
P119522 5.385 5.400 -8.781 0.249
P119523 5.457 5.399 -7.714 0.494
P119524 5.479 5.495 -7.938 0.324
P119525 5.520 5.445 -7.826 0.293
P119526 5.369 5.138 -8.125 0.793
P119527 5.327 5.054 -8.411 0.981
P119528 5.309 5.070 -8.110 0.748
P119529 5.581 5.458 -8.783 0.422
P119531 5.618 5.646 -9.173 0.244
P119533 5.677 5.717 -9.028 0.222
P119535 5.330 5.340 -8.969 0.230
P119536 5.315 5.268 -8.535 0.244
P119538 5.909 5.761 -8.205 0.503
P119539 5.657 5.667 -9.047 0.357
P119543 5.816 5.666 -8.777 0.524
P119549 5.871 5.651 -7.809 0.603
P119550 5.684 5.555 -8.969 0.427
P119551 5.692 5.731 -9.292 0.299
P119552 5.700 5.715 -9.174 0.328
P119553 5.769 5.571 -8.280 0.635
P119554 5.776 5.707 -8.718 0.540
P119555 5.845 5.785 -8.548 0.454
P119556 5.120 4.941 -7.675 0.647
P119557 5.121 4.938 -8.446 0.956
P119558 5.112 4.836 -8.164 1.006
P119559 5.582 5.515 -7.909 0.496
P119560 5.612 5.551 -8.234 0.289
P119561 5.667 5.574 -7.788 0.532
P119562 5.621 5.478 -7.913 0.533
P119563 5.712 5.733 -7.918 0.277
P119566 5.981 5.837 -8.066 0.409
P119567 5.392 5.380 -8.769 0.333
P119568 5.445 5.468 -9.085 0.263
P119569 5.551 5.411 -8.524 0.578
P119571 5.533 5.117 -8.235 1.029
P119574 5.391 5.119 -8.373 0.716
P119575 5.425 5.218 -8.321 0.809
P119585 5.794 5.875 -8.275 0.223
P119586 5.773 5.656 -8.111 0.550
P119587 5.224 4.931 -8.432 1.022
P119589 5.360 4.966 -8.142 1.128
P119590 5.212 4.865 -7.858 1.117
P119596 5.518 5.398 -8.865 0.577
P119599 6.104 5.839 -7.841 0.611
P119601 5.933 5.729 -8.181 0.633
P119602 5.874 5.701 -8.611 0.602
P119604 6.002 5.727 -8.243 0.891
P119605 5.668 5.628 -8.139 0.581
P119606 5.766 5.636 -8.019 0.294
P119609 5.906 5.734 -8.897 0.552
P119610 5.779 5.693 -9.179 0.469
P119619 5.433 5.125 -8.381 1.070
P119629 6.019 5.835 -8.023 0.573
P119639 5.574 5.424 -8.932 0.591
P119640 5.488 5.424 -8.744 0.562
P119647 5.556 5.506 -8.794 0.490
P119649 5.476 5.322 -8.446 0.792
P119662 5.405 5.293 -8.062 0.664
P119664 5.336 4.996 -8.323 1.112
P119669 5.398 5.090 -8.082 0.923
P119683 5.561 5.407 -8.564 0.587
P119685 5.832 5.670 -8.863 0.661
P119686 5.670 5.688 -9.248 0.522
P119687 5.617 5.589 -9.284 0.647
P119688 6.087 5.912 -7.464 1.138
P119694 5.505 5.394 -8.377 0.694
P119695 5.444 5.250 -8.455 0.828
P119708 5.356 5.262 -7.016 1.771
P119729 5.814 5.901 -8.102 0.382
P119735 5.861 5.882 -7.926 0.441
P119738 5.675 5.696 -7.918 0.447
P119740 5.842 5.901 -8.994 0.313
P119753 5.580 5.192 -7.468 1.024
P119756 5.219 5.314 -7.494 0.813
P119759 5.601 5.377 -7.689 0.733
P119761 5.501 5.390 -7.005 0.763
P119762 5.605 5.215 -7.684 1.101
P119771 5.918 5.823 -8.793 0.502
P119777 5.545 5.181 -8.295 1.116
P119786 5.749 5.911 -7.838 0.640
P119789 6.104 5.946 -7.501 0.724
P119795 6.113 5.999 -8.368 0.913
P119818 5.686 5.706 -9.128 0.484
P119822 6.169 5.948 -7.747 0.874
P119826 5.672 5.791 -8.289 0.545
P119835 5.907 5.894 -7.662 0.568
P119840 5.956 5.948 -9.337 0.599
P119850 6.131 6.247 -8.734 0.884
P119852 5.527 5.272 -7.185 0.639
P119853 5.444 5.440 -7.703 0.996
P119855 6.156 6.018 -7.601 0.796
P119856 5.743 5.834 -7.442 0.628
P119866 5.888 5.240 -7.603 2.735
P119873 5.775 5.730 -8.617 0.664
P119874 5.853 5.698 -8.248 0.585
P119877 5.852 5.773 -7.922 0.702
P119901 6.006 5.887 -9.377 0.927
P119913 5.949 5.832 -5.777 0.474
P119919 5.510 5.502 -7.900 0.403
P119971 5.794 5.833 -8.011 0.713
P119977 5.479 5.411 -7.572 0.574
P119981 3.837 3.130 -2.887 4.063
P119989 3.940 3.544 -2.699 2.082
P119995 3.965 3.541 -2.355 2.013
P120015 3.502 3.333 -2.859 1.001
P120020 3.820 3.447 -2.657 2.162
P120024 3.668 3.323 -2.364 2.122
P120034 3.715 3.171 -2.910 3.486
P120039 3.685 3.251 -2.594 2.194
P120059 3.795 3.455 -2.718 2.068
P120097 4.076 3.658 -2.728 2.100
P120117 3.609 3.451 -2.755 0.956
P120123 3.682 3.607 -3.211 0.612
P120142 3.615 3.558 -3.225 0.625
P120174 3.608 3.543 -3.217 0.608
P120177 4.006 3.533 -2.573 2.061
P120179 3.914 3.553 -2.795 2.044
P120191 4.020 3.661 -3.031 2.737
P120198 3.829 3.581 -2.660 1.802
P120201 3.990 3.524 -2.571 2.023
P120229 3.811 3.571 -2.667 1.699
P120240 4.128 3.991 -2.100 1.681
P120269 3.789 3.472 -2.465 1.456
P120276 3.947 3.928 -1.954 0.681
P120277 4.004 3.784 -1.859 2.045
P120284 3.817 3.856 -2.535 0.742
P120286 3.722 3.444 -2.358 1.122
P120290 3.651 3.280 -2.750 2.463
P120292 3.751 3.303 -2.431 1.622
P120364 3.849 3.417 -3.070 1.242
P120370 3.883 3.579 -2.737 2.252
P120380 3.834 3.446 -2.540 1.084
P120432 4.024 3.693 -1.683 1.578
P120438 3.635 3.557 -2.815 0.749
P120442 4.004 3.867 -1.532 1.016
P120446 3.894 3.409 -2.490 2.118
P120448 3.862 3.402 -2.642 2.088
P120458 3.763 3.637 -2.830 7.106
P120474 3.908 3.513 -2.333 1.276
P120479 3.836 3.556 -2.489 1.270
P120489 3.868 3.580 -2.174 1.078
P120497 3.848 3.706 -2.454 2.218
P120498 3.985 3.530 -2.477 2.314
P120501 3.938 3.572 -2.260 1.303
P120528 4.099 3.794 -2.770 1.435
P120539 4.031 4.086 -2.840 1.209
P120543 4.004 3.935 -3.015 0.916
P120546 3.853 3.818 -2.999 0.415
P120550 4.079 3.990 -2.653 0.334
P120555 4.061 3.913 -2.799 1.838
P120557 4.070 3.994 -2.455 0.345
P120560 4.068 3.787 -2.752 1.368
P120564 4.059 3.981 -2.642 0.331
P120568 3.659 3.535 -2.124 1.623
P120584 3.898 3.714 -2.255 0.324
P120585 3.864 3.742 -2.414 0.399
P120586 4.016 3.495 -2.714 2.807
P120591 3.991 3.584 -2.649 2.109
P120600 3.958 4.071 -2.532 4.178
P120604 3.968 3.833 -2.639 0.314
P120613 3.830 3.781 -2.508 1.962
P120614 4.116 3.828 -2.205 0.981
P120620 3.846 3.397 -3.055 2.731
P120649 3.785 3.517 -2.952 2.823
P120732 4.120 3.648 -2.859 1.474
P120802 3.904 3.650 -2.504 1.060
P120817 4.002 3.926 -2.559 2.059
P120849 4.133 3.926 -2.860 1.171
P120860 3.947 3.726 -2.192 2.409
P120862 3.939 3.482 -3.279 7.371
P120869 3.831 3.615 -2.577 3.090
P120873 3.920 3.391 -2.541 2.283
P120875 4.000 3.742 -2.298 6.848
P120880 4.033 3.882 -2.474 1.196
P120885 3.993 3.893 -3.034 0.964
P120886 4.191 3.927 -2.365 0.564
P120890 4.144 3.775 -2.782 1.355
P120893 4.045 3.914 -2.292 0.570
P120894 4.072 3.973 -2.650 0.333
P120898 3.962 3.466 -2.972 1.597
P120899 4.120 3.789 -1.930 1.645
P120911 4.139 4.000 -1.459 1.136
P120914 3.968 3.819 -2.621 0.324
P120916 3.751 3.412 -3.038 3.937
P120919 3.811 3.717 -2.116 2.258
P120920 4.256 4.090 -1.253 0.878
P120930 3.953 3.554 -2.481 2.465
P120932 3.903 3.436 -2.705 2.137
P120937 3.945 3.509 -3.094 1.700
P120938 3.785 3.806 -2.919 3.423
P120947 3.818 3.685 -2.563 0.289
P120960 3.957 3.464 -3.217 1.391
P120964 3.903 3.664 -2.050 0.326
P120965 4.011 3.703 -2.565 2.271
P120973 3.779 3.656 -2.538 0.439
P120975 3.756 3.688 -2.520 0.486
P120976 3.773 3.410 -2.847 3.043
P120985 4.267 3.875 -2.823 2.011
P120993 4.016 3.538 -2.461 1.226
P121005 4.185 4.076 -2.589 0.657
P121007 4.192 3.617 -2.717 2.265
P121013 4.061 3.930 -1.955 1.938
P121015 4.052 3.871 -2.813 0.526
P121018 4.151 3.680 -2.532 2.178
P121022 3.972 3.563 -2.442 2.108
P121027 4.055 3.555 -2.716 2.354
P121029 4.089 3.577 -2.822 1.580
P121042 4.232 3.889 -2.335 1.846
P121043 4.138 3.938 -2.518 1.367
P121050 4.003 3.855 -2.385 0.779
P121058 4.162 3.767 -2.825 2.056
P121060 4.099 3.899 -2.489 0.445
P121069 4.080 3.700 -2.435 2.469
P121073 4.154 3.863 -1.985 1.902
P121075 4.058 3.672 -2.483 2.096
P121088 3.996 3.771 -2.487 0.416
P121099 4.134 4.035 -2.270 0.945
P121103 3.953 3.700 -2.687 1.560
P121105 3.941 3.586 -3.072 2.707
P121107 3.960 4.015 -2.334 2.144
P121109 4.094 3.824 -2.672 1.526
P121118 4.342 3.906 -2.375 1.837
P121151 3.961 3.638 -2.905 2.437
P121158 4.074 3.852 -2.589 0.383
P121161 4.128 3.886 -2.807 1.253
P121166 3.901 3.582 -2.878 2.550
P121169 3.949 3.601 -2.651 2.679
P121172 3.989 3.530 -3.013 1.057
P121177 4.212 3.886 -2.774 1.800
P121181 4.272 3.919 -2.934 1.587
P121189 4.053 3.776 -2.882 1.368
P121195 4.181 3.799 -2.912 1.642
P121197 4.075 3.564 -3.241 4.242
P121206 3.860 3.655 -2.763 1.455
P121223 4.145 3.828 -1.974 1.740
P121227 3.775 3.657 -2.199 1.388
P121230 4.368 3.962 -2.885 2.170
P121237 4.354 3.994 -2.789 1.791
P121238 4.420 4.247 -2.766 0.491
P121248 4.087 3.723 -2.410 1.226
P121250 4.020 3.824 -2.703 0.612
P121256 4.184 4.060 -2.543 0.599
P121266 3.931 3.596 -2.691 2.360
P121273 4.334 3.788 -2.686 1.427
P121289 4.177 4.033 -2.968 0.354
P121291 4.295 4.016 -2.343 2.189
P121325 3.749 3.714 -2.783 0.394
P121332 4.338 3.735 -2.803 2.407
P121336 4.131 3.985 -1.901 1.761
P121358 3.944 3.761 -2.076 0.404
P121381 4.196 4.026 -2.312 0.459
P121396 3.845 3.732 -2.891 0.317
P121404 4.268 3.867 -2.351 2.801
P121406 3.960 3.864 -2.941 0.418
P121420 4.106 3.492 -2.614 3.549
P121422 3.810 3.562 -2.494 0.495
P121427 4.108 3.455 -2.766 3.782
P121435 4.221 3.880 -2.496 0.955
P121442 4.483 4.302 -2.799 0.428
P121465 4.241 4.049 -2.622 1.703
P121470 4.205 4.048 -2.318 0.343
P121482 4.098 4.250 -2.136 6.962
P121489 4.150 4.035 -2.548 0.493
P121521 3.955 3.787 -2.469 0.477
P121554 4.003 3.807 -3.093 1.297
P121555 3.971 3.589 -2.953 2.523
P121559 4.019 3.488 -2.725 1.382
P121569 3.909 3.384 -2.964 3.199
P121572 4.042 3.916 -2.429 0.338
P121575 3.949 3.776 -2.181 2.048
P121577 3.985 3.872 -2.575 0.325
P121585 4.233 3.736 -2.746 2.124
P121599 3.925 3.405 -3.186 1.442
P121630 4.251 3.464 -2.915 7.382
P121665 3.987 3.351 -3.340 2.530
P121738 3.871 3.721 -2.152 1.513
P121750 3.969 3.633 -2.749 1.583
P121755 4.100 3.781 -2.550 1.145
P121763 4.146 3.893 -2.899 1.545
P121765 4.148 3.470 -2.794 3.927
P121766 3.973 3.446 -2.810 2.133
P121768 4.166 4.338 -1.854 0.896
P121775 3.825 3.827 -2.716 1.083
P121777 3.771 3.615 -2.672 1.336
P121780 4.151 4.056 -1.475 1.246
P121784 3.844 3.747 -1.883 1.366
P121788 3.781 3.740 -3.225 0.625
P121790 3.986 3.864 -2.313 1.144
P121795 4.085 3.888 -2.216 0.429
P121796 3.859 3.389 -2.853 2.746
P121801 3.900 3.462 -2.708 1.620
P121802 3.741 3.677 -2.760 0.761
P121812 3.889 3.772 -2.135 0.288
P121823 3.607 3.474 -2.111 0.730
P121824 4.109 3.955 -2.417 0.503
P121827 3.877 3.725 -2.209 1.831
P121829 3.966 3.745 -2.638 1.129
P121832 3.689 3.669 -3.235 0.588
P121834 4.129 3.813 -2.873 2.043
P121838 3.969 3.770 -2.331 1.672
P121840 4.106 3.979 -2.710 0.378
P121849 4.161 3.840 -2.656 1.477
P121855 3.857 3.743 -3.263 1.064
P121863 4.160 3.998 -2.219 0.309
P121866 3.926 3.664 -2.881 2.113
P121879 3.681 3.597 -2.532 0.663
P121890 3.994 4.017 -2.698 0.950
P121893 4.422 4.220 -2.780 0.425
P121905 4.319 3.884 -2.543 3.366
P121910 4.115 3.655 -2.461 2.276
P121912 4.315 3.907 -2.400 1.404
P121913 4.042 3.879 -2.959 0.323
P121919 4.374 3.817 -2.748 2.083
P121920 4.196 4.032 -2.330 0.510
P121921 4.099 3.777 -2.732 2.117
P121926 3.959 3.833 -2.635 0.404
P121938 4.041 3.932 -2.937 0.319
P121941 4.265 3.993 -2.679 1.429
P121949 4.117 3.995 -2.323 0.335
P121969 4.177 4.053 -2.969 0.363
P121971 4.263 4.125 -2.522 0.341
P121985 3.935 3.817 -2.945 0.318
P121993 4.245 4.081 -1.932 1.773
P122018 4.037 3.853 -2.101 0.427
P122020 4.030 3.820 -2.561 0.388
P122026 4.410 4.200 -2.766 0.412
P122041 4.064 3.882 -2.155 1.566
P122054 3.927 3.831 -2.463 0.299
P122067 3.847 3.785 -2.374 0.487
P122070 3.973 3.698 -2.535 1.379
P122072 3.952 3.554 -2.731 2.854
P122091 4.013 3.736 -2.200 0.823
P122097 3.952 3.441 -3.015 3.101
P122099 4.326 4.098 -2.787 1.678
P122101 4.334 3.970 -3.079 2.679
P122104 4.382 4.168 -2.485 1.750
P122106 4.309 4.086 -2.601 1.687
P122112 4.512 4.045 -3.151 2.274
P122116 4.276 4.199 -2.558 0.376
P122120 4.572 4.245 -3.027 0.490
P122128 4.148 4.037 -2.637 0.460
P122131 4.219 3.845 -2.528 1.537
P122134 3.920 3.861 -2.885 0.652
P122135 4.080 3.675 -2.759 2.530
P122140 4.171 4.021 -2.641 1.685
P122143 4.093 3.782 -2.724 1.453
P122163 3.984 3.707 -2.417 1.049
P122168 4.000 3.817 -2.438 0.959
P122171 4.065 3.905 -2.587 2.439
P122177 3.871 3.744 -2.554 1.920
P122192 4.181 4.048 -1.769 1.260
P122193 4.241 3.688 -3.313 3.352
P122200 4.123 3.693 -3.061 2.810
P122204 4.091 3.627 -3.075 1.182
P122206 4.142 3.756 -3.087 2.988
P122212 4.432 4.164 -3.048 3.858
P122223 4.378 4.145 -2.628 5.850
P122225 4.236 3.905 -2.451 1.681
P122234 4.194 4.118 -2.252 1.615
P122235 4.278 4.018 -1.852 1.635
P122237 4.325 3.539 -4.120 2.646
P122238 4.349 4.231 -2.670 0.472
P122247 4.187 3.955 -2.750 1.998
P122250 4.261 4.071 -2.480 1.714
P122255 4.427 4.122 -2.673 2.096
P122261 4.081 3.849 -2.729 2.585
P122267 4.188 3.808 -2.369 1.059
P122270 4.323 4.135 -2.892 2.103
P122287 4.230 4.024 -2.711 1.588
P122289 4.198 3.957 -2.874 2.696
P122291 3.922 3.514 -2.994 3.081
P122301 4.191 4.131 -2.801 2.541
P122307 4.027 3.842 -2.718 0.345
P122311 3.894 3.796 -3.039 0.855
P122312 4.338 3.746 -2.430 1.784
P122317 4.239 3.919 -2.852 1.363
P122319 4.262 3.929 -2.904 1.398
P122320 4.236 3.880 -3.065 2.747
P122326 4.201 3.937 -3.295 1.442
P122330 4.237 3.999 -2.818 2.406
P122332 4.336 4.114 -2.509 1.810
P122338 4.412 4.147 -2.908 0.781
P122348 4.383 3.814 -2.883 2.051
P122350 4.126 3.992 -2.781 0.410
P122354 4.145 4.259 -2.261 1.468
P122373 4.106 3.956 -2.569 0.427
P122375 4.308 3.913 -3.129 1.346
P122383 4.421 3.993 -2.576 2.867
P122415 4.150 4.053 -2.717 0.438
P122423 4.243 4.057 -2.717 0.846
P122437 4.075 3.916 -2.550 0.396
P122438 3.902 3.844 -2.211 0.789
P122443 3.935 3.809 -2.598 0.722
P122444 4.162 3.846 -2.582 2.848
P122447 4.028 3.814 -2.615 1.633
P122448 4.363 4.271 -2.711 0.491
P122466 3.941 4.062 -2.709 1.590
P122469 4.105 3.825 -2.741 1.762
P122473 4.214 4.129 -2.300 0.396
P122485 4.092 3.855 -2.196 1.648
P122506 4.064 3.965 -2.872 0.368
P122510 4.263 3.912 -2.482 2.615
P122511 4.386 3.978 -2.583 2.455
P122514 4.243 3.890 -2.913 2.407
P122517 4.416 4.015 -2.652 1.407
P122526 4.053 3.935 -2.881 0.760
P122533 4.171 4.092 -2.618 0.531
P122558 3.952 3.695 -2.532 1.043
P122561 3.926 3.765 -2.676 0.353
P122570 4.035 3.732 -2.329 0.338
P122575 4.030 3.832 -2.884 0.520
P122582 4.077 3.732 -3.260 1.848
P122599 4.186 3.990 -2.855 0.607
P122601 4.368 3.934 -2.611 2.550
P122604 4.119 3.742 -2.549 2.088
P122608 3.978 3.876 -1.980 0.747
P122616 4.229 4.098 -2.165 1.519
P122624 3.976 3.717 -2.923 1.285
P122627 4.189 4.022 -1.760 1.831
P122629 4.206 4.037 -2.521 2.193
P122642 4.022 3.937 -2.335 0.901
P122643 4.087 4.021 -2.628 0.523
P122647 4.232 3.849 -2.294 4.523
P122653 4.197 3.681 -2.960 2.802
P122658 4.093 3.679 -2.141 2.844
P122663 4.142 3.934 -2.091 0.596
P122664 3.930 3.887 -2.009 0.851
P122670 4.184 3.768 -2.957 2.349
P122679 4.374 4.191 -2.418 1.675
P122686 4.656 4.049 -2.900 3.008
P122695 4.212 3.718 -2.808 2.428
P122699 4.071 3.827 -2.958 0.794
P122700 4.098 3.706 -3.481 1.354
P122719 4.122 3.983 -2.249 0.475
P122725 4.396 3.864 -2.800 1.926
P122738 4.247 3.823 -2.741 1.941
P122742 4.357 4.152 -3.100 2.253
P122768 4.115 4.072 -2.205 1.712
P122799 4.367 3.815 -2.743 2.656
P122809 4.060 3.741 -2.560 1.316
P122812 3.995 3.640 -2.696 2.768
P122822 3.936 3.640 -3.119 3.229
P122825 4.186 3.639 -2.326 2.366
P122835 4.257 3.792 -3.054 4.536
P122837 4.259 3.498 -3.698 4.160
P122844 4.320 4.254 -2.574 0.643
P122851 4.641 4.251 -2.606 1.352
P122859 4.596 4.181 -2.641 1.551
P122863 4.320 4.076 -2.515 1.737
P122868 4.326 3.787 -2.674 2.441
P122890 4.225 3.814 -3.002 2.590
P122892 4.381 4.008 -2.563 1.441
P122908 4.314 3.963 -3.185 2.620
P122912 4.113 3.743 -2.446 2.487
P122920 4.352 4.268 -2.800 1.785
P122922 4.273 3.837 -2.339 1.051
P122929 4.149 3.697 -3.503 4.633
P122933 4.468 4.126 -2.667 1.506
P122941 4.170 4.093 -3.011 1.333
P122950 4.573 4.332 -2.866 1.521
P122956 4.240 3.840 -3.567 3.156
P122966 4.181 3.905 -2.347 2.635
P122967 3.930 3.675 -2.293 1.597
P122969 4.082 3.906 -2.671 1.657
P122990 4.098 3.663 -2.428 2.436
P123000 4.276 3.786 -2.551 1.737
P123003 4.464 4.075 -2.471 1.130
P123006 4.373 3.916 -2.774 2.239
P123013 4.398 4.393 -1.747 1.545
P123020 4.637 3.977 -2.559 2.097
P123033 4.429 4.096 -2.460 1.163
P123047 4.301 3.866 -2.526 2.060
P123056 4.502 4.238 -2.470 1.156
P123064 4.242 3.678 -3.401 3.160
P123065 4.174 3.991 -2.100 0.752
P123067 4.080 4.042 -2.546 1.709
P123079 4.216 3.977 -2.021 1.492
P123083 3.992 3.874 -2.582 0.456
P123109 4.248 3.975 -2.683 1.558
P123111 4.077 4.021 -2.573 0.720
P123120 4.360 3.922 -2.359 2.644
P123122 4.003 4.050 -3.166 0.438
P123127 4.567 4.258 -2.245 2.007
P123131 4.695 4.353 -2.555 3.349
P123143 4.128 4.086 -2.892 3.254
P123150 4.112 3.815 -2.633 1.842
P123154 4.416 4.056 -2.504 1.982
P123156 4.220 3.838 -2.685 2.704
P123163 4.380 3.761 -3.007 2.717
P123175 4.481 4.204 -2.812 1.403
P123182 3.927 3.917 -3.166 0.870
P123190 4.650 4.256 -2.495 1.185
P123193 4.051 4.001 -2.942 1.234
P123202 4.545 4.447 -2.662 1.833
P123209 4.117 3.907 -2.750 2.008
P123228 4.216 4.072 -2.705 2.783
P123230 4.396 4.050 -2.575 1.919
P123255 4.268 4.057 -3.083 1.628
P123257 4.195 3.871 -2.843 5.412
P123261 4.452 4.207 -2.893 1.103
P123270 4.436 4.524 -2.945 1.896
P123288 4.357 3.799 -3.904 2.415
P123292 4.227 3.981 -3.097 2.164
P123294 4.422 4.134 -2.681 1.464
P123299 4.602 4.261 -2.587 1.533
P123303 4.299 4.015 -2.707 0.508
P123316 4.341 4.201 -2.461 0.577
P123330 4.489 4.111 -2.605 2.878
P123337 3.950 3.976 -1.925 1.236
P123340 4.288 4.128 -3.102 0.527
P123344 4.517 4.306 -2.508 1.537
P123348 4.281 3.921 -2.814 1.716
P123354 4.336 3.952 -2.748 1.774
P123363 4.335 3.976 -3.443 8.232
P123395 4.172 3.371 -3.889 4.477
P123406 4.481 4.516 -2.790 1.470
P123408 4.185 4.155 -2.562 0.206
P123421 3.982 3.862 -2.397 1.785
P123435 4.189 4.070 -3.065 3.374
P123439 4.539 4.420 -1.836 1.569
P123455 4.462 4.372 -2.545 0.496
P123457 4.187 3.827 -2.768 2.414
P123465 4.266 3.909 -2.442 1.222
P123481 4.403 4.397 -2.840 1.740
P123491 4.306 3.974 -2.417 1.898
P123503 4.010 3.881 -3.082 1.921
P123510 3.890 3.754 -3.588 1.828
P123512 4.310 3.863 -2.333 2.558
P123514 4.030 3.902 -2.540 1.083
P123516 4.238 4.150 -2.587 0.525
P123518 4.328 3.794 -2.875 2.603
P123528 4.373 3.953 -2.987 2.643
P123534 4.181 3.838 -2.677 1.452
P123537 3.911 3.659 -2.899 2.068
P123554 4.223 3.778 -3.586 1.272
P123559 4.485 4.088 -2.795 2.236
P123564 4.034 3.864 -2.847 1.339
P123574 4.361 4.210 -2.094 2.207
P123576 4.322 4.017 -2.560 2.383
P123580 4.304 4.013 -3.066 1.872
P123586 4.345 4.121 -2.233 0.813
P123587 4.490 3.920 -3.369 3.380
P123595 4.364 4.091 -2.889 2.221
P123612 4.377 4.337 -2.341 1.482
P123624 4.217 3.837 -3.173 3.009
P123626 4.072 3.990 -2.018 0.822
P123628 3.950 3.748 -2.721 1.783
P123646 4.189 4.106 -2.582 0.463
P123650 4.195 4.024 -2.102 1.407
P123659 4.509 4.020 -2.598 2.228
P123666 4.404 4.217 -1.667 2.080
P123668 4.350 4.252 -2.556 2.780
P123678 4.590 4.616 -2.382 6.001
P123683 4.355 4.313 -3.019 0.382
P123685 4.200 4.278 -2.648 2.544
P123712 4.380 3.896 -2.968 1.950
P123715 4.233 3.985 -3.047 0.635
P123720 4.019 3.792 -3.409 2.065
P123745 4.235 4.031 -2.191 1.978
P123753 3.887 3.786 -3.333 1.263
P123756 4.370 4.197 -2.613 0.560
P123784 4.381 3.714 -3.346 3.740
P123786 4.339 4.147 -2.507 1.766
P123789 4.172 4.276 -2.006 0.968
P123793 4.198 4.018 -2.551 0.430
P123818 4.249 4.086 -3.159 3.982
P123829 4.267 4.225 -2.616 1.594
P123831 4.253 4.088 -2.909 0.349
P123834 4.428 4.170 -3.025 1.456
P123836 4.531 4.379 -2.789 0.497
P123838 4.454 4.419 -2.005 1.783
P123844 4.406 4.282 -2.963 0.388
P123861 4.361 4.133 -2.553 1.347
P123866 4.413 4.299 -3.022 1.549
P123874 4.172 4.054 -2.727 1.993
P123877 4.399 4.084 -2.919 2.541
P123880 4.453 4.050 -3.718 3.628
P123883 4.071 3.965 -3.230 1.344
P123884 4.322 4.186 -2.276 1.202
P123892 4.152 3.931 -2.622 1.535
P123901 4.406 4.080 -2.959 1.621
P123909 4.668 4.136 -2.608 2.421
P123931 4.244 3.933 -3.115 0.617
P123936 4.422 4.162 -2.401 1.506
P123945 3.996 3.902 -3.845 2.021
P123947 4.498 3.969 -2.663 2.013
P123960 4.391 4.135 -1.896 1.531
P123965 4.253 3.837 -3.159 0.971
P123967 4.129 3.508 -3.127 2.991
P123976 4.389 3.568 -3.744 4.100
P123977 4.450 4.324 -2.743 0.889
P123978 4.159 4.198 -1.728 1.085
P123982 4.381 3.994 -2.763 2.554
P123991 4.481 4.531 -3.010 0.433
P123993 4.407 4.216 -3.517 3.170
P123995 4.131 4.160 -2.878 2.798
P124007 4.131 4.114 -2.393 2.556
P124008 4.012 3.520 -1.987 1.650
P124010 3.968 3.932 -2.665 2.204
P124023 4.233 4.185 -2.571 0.491
P124024 4.302 4.011 -2.980 6.719
P124036 4.277 4.138 -2.900 0.474
P124038 4.003 3.803 -3.840 2.460
P124052 4.681 4.203 -3.597 3.405
P124056 4.294 4.259 -2.823 1.029
P124058 4.309 4.125 -2.405 0.685
P124076 4.551 4.106 -3.508 3.204
P124077 4.265 3.988 -2.530 2.493
P124079 4.615 4.364 -2.756 1.812
P124095 4.598 4.125 -2.731 2.327
P124112 4.152 3.909 -3.319 2.954
P124113 4.214 3.605 -2.960 2.289
P124116 4.334 4.075 -2.883 2.211
P124125 4.035 3.955 -2.879 1.789
P124144 4.322 4.215 -2.804 0.483
P124146 4.336 4.328 -2.114 4.863
P124158 4.175 3.897 -2.811 2.278
P124166 4.547 4.128 -2.777 2.375
P124171 4.422 4.235 -2.817 2.039
P124175 4.621 4.282 -2.584 2.304
P124206 4.402 3.903 -2.982 2.432
P124211 4.714 4.372 -3.172 1.767
P124212 4.431 4.020 -2.665 2.945
P124221 4.565 4.185 -3.040 2.779
P124239 4.057 3.948 -2.833 2.263
P124244 4.347 3.821 -2.495 3.214
P124252 4.381 4.390 -2.736 4.499
P124253 4.072 3.872 -3.713 1.772
P124260 4.745 4.498 -2.650 1.995
P124267 4.554 4.456 -2.538 2.114
P124282 4.231 4.093 -3.782 2.332
P124303 4.695 4.381 -2.649 4.294
P124308 4.182 4.084 -3.397 2.265
P124315 4.410 4.240 -2.608 1.313
P124318 4.398 4.192 -3.166 1.463
P124343 4.560 4.273 -2.872 0.415
P124354 4.406 3.990 -2.484 1.722
P124360 4.391 3.967 -2.544 1.579
P124377 4.564 4.188 -2.772 2.729
P124390 4.606 4.238 -3.496 1.801
P124393 4.613 4.479 -1.909 1.435
P124397 4.378 4.026 -2.841 1.681
P124401 4.533 4.195 -3.089 2.369
P124403 4.451 4.332 -2.887 0.726
P124419 4.605 4.257 -2.693 1.979
P124438 4.309 4.009 -2.689 2.119
P124440 4.356 4.115 -2.624 2.044
P124441 4.388 3.976 -2.727 1.698
P124449 4.601 4.209 -2.602 2.200
P124472 4.452 4.256 -2.409 0.349
P124481 4.590 4.459 -2.321 1.587
P124485 4.356 4.289 -2.241 0.529
P124496 4.470 4.051 -2.763 2.027
P124514 4.444 4.315 -2.276 2.319
P124556 4.336 3.941 -2.903 3.004
P124565 4.385 4.077 -2.748 1.986
P124576 4.473 4.105 -2.966 3.140
P124586 4.508 3.786 -3.612 4.374
P124588 4.484 4.587 -1.694 1.577
P124596 4.364 3.650 -3.516 3.989
P124608 4.543 4.237 -2.763 2.190
P124613 4.735 4.124 -2.565 1.611
P124621 4.312 4.164 -2.481 0.667
P124650 4.541 4.127 -2.506 1.367
P124657 4.427 4.187 -2.550 5.774
P124666 4.593 4.346 -2.230 0.968
P124670 4.524 4.122 -2.696 1.180
P124703 4.537 4.380 -1.798 1.715
P124725 4.305 3.997 -2.427 0.454
P124733 3.880 3.717 -3.364 0.832
P124745 4.110 3.924 -2.725 0.693
P124746 4.286 3.774 -2.450 2.120
P124755 4.040 3.742 -3.624 1.881
P124759 4.333 4.104 -2.642 1.363
P124770 4.001 3.993 -2.746 1.455
P124772 4.184 3.717 -2.569 2.777
P124774 4.101 3.636 -3.568 2.845
P124778 4.111 3.909 -3.615 1.546
P124785 4.666 4.202 -2.539 1.301
P124815 4.480 4.028 -2.632 1.971
P124818 4.366 3.703 -3.116 2.398
P124820 4.283 3.948 -3.929 1.853
P124826 4.712 4.297 -1.987 1.828
P124828 4.456 4.195 -2.118 1.360
P124841 4.087 3.936 -2.879 2.341
P124849 4.459 4.246 -3.096 6.450
P124859 4.468 4.484 -2.653 1.782
P124871 4.326 4.202 -3.314 1.732
P124878 4.148 3.921 -2.637 2.923
P124881 4.463 4.147 -2.455 1.878
P124883 4.551 4.200 -2.752 1.600
P124896 4.088 4.072 -2.419 0.389
P124909 4.392 4.103 -2.641 2.076
P124932 4.397 4.303 -1.981 1.460
P124935 4.387 4.288 -2.667 1.995
P124941 4.540 4.215 -2.984 2.510
P124953 4.279 4.137 -2.614 0.756
P124954 4.418 3.908 -2.538 2.064
P124957 4.407 4.258 -2.442 0.382
P124977 4.277 4.202 -2.410 1.833
P124987 4.739 4.519 -2.607 1.476
P124996 4.425 4.302 -2.553 0.274
P125001 4.489 4.276 -2.925 2.244
P125002 4.313 4.168 -2.892 1.808
P125021 4.639 4.507 -2.541 0.868
P125022 4.569 4.382 -2.447 1.520
P125028 4.698 4.365 -3.075 1.494
P125034 4.472 4.256 -2.499 1.522
P125040 4.579 4.301 -2.760 1.505
P125052 4.868 4.284 -3.096 3.018
P125073 4.432 4.019 -2.543 1.272
P125084 4.743 4.313 -2.630 1.133
P125091 4.459 4.289 -2.601 0.499
P125096 4.124 3.886 -2.956 2.374
P125098 4.841 4.600 -2.261 1.997
P125099 4.166 4.064 -2.716 0.353
P125108 4.442 4.061 -2.550 2.000
P125117 4.524 4.424 -2.533 0.761
P125132 4.202 3.693 -3.142 0.931
P125133 4.413 4.237 -2.599 1.523
P125136 4.476 3.712 -3.771 4.401
P125137 4.273 3.953 -3.243 1.766
P125152 4.478 4.207 -2.193 0.805
P125156 4.277 4.221 -2.731 0.410
P125157 5.502 5.556 7.062 1.016
P125158 5.676 4.905 -4.860 2.313
P125162 5.551 5.627 -9.140 0.372
P125165 5.743 5.640 -9.085 0.277
P125168 5.677 5.638 -7.661 0.941
P125169 5.744 5.805 -9.123 0.424
P125170 5.772 5.580 -9.193 0.465
P125171 5.782 5.921 -9.296 0.473
P125172 5.732 5.697 -8.339 0.454
P125174 5.786 5.856 -9.137 0.264
P125176 5.792 5.483 -8.342 0.807
P125179 5.721 5.725 -9.541 0.878
P125181 5.567 5.417 -7.163 1.480
P125182 5.755 5.553 -9.258 0.411
P125183 5.947 5.788 -9.882 1.411
P125185 6.319 6.200 -8.923 0.788
P125186 6.218 6.170 -9.235 0.397
P125187 6.383 6.211 -8.865 0.916
P125188 6.327 6.779 -9.926 1.313
P125189 6.021 6.046 -8.803 0.359
P125190 5.862 5.753 -8.776 0.671
P125191 6.071 6.075 -9.119 0.890
P125192 6.062 6.032 -9.211 0.645
P125193 6.068 6.186 -9.258 0.797
P125194 5.844 5.860 -8.712 0.328
P125195 5.993 6.049 -8.827 0.609
P125196 5.989 5.873 -8.617 0.413
P125197 6.297 6.186 -8.107 0.394
P125198 5.980 5.861 -9.589 0.879
P125199 6.170 6.083 -9.633 0.669
P125200 5.967 5.799 -8.340 0.369
P125201 6.038 6.089 -9.337 0.838
P125202 5.927 5.910 -9.104 0.316
P125203 6.153 6.003 -8.347 0.802
P125204 6.168 6.301 -9.109 0.702
P125205 6.055 6.167 -9.125 0.678
P125206 6.218 6.333 -9.461 0.736
P125207 6.024 5.922 -8.474 0.352
P125208 6.045 6.094 -9.202 1.085
P125209 6.105 6.165 -8.609 0.231
P125210 6.149 6.081 -9.208 0.621
P125211 6.275 6.324 -9.199 0.783
P125212 6.274 6.234 -8.032 0.643
P125213 6.142 6.098 -9.123 0.444
P125214 6.177 6.000 -8.861 0.940
P125215 6.350 6.346 -8.213 0.367
P125216 6.100 6.268 -9.173 0.930
P125217 6.224 6.100 -8.785 0.464
P125218 6.119 6.183 -8.792 0.391
P125219 6.171 6.197 -8.943 0.192
P125220 6.102 5.988 -8.594 0.327
P125222 6.005 5.989 -8.568 0.453
P125223 6.251 6.260 -8.997 0.337
P125224 6.267 6.174 -8.760 0.291
P125227 6.206 6.171 -8.338 0.796
P125228 6.263 6.247 -8.522 0.748
P125229 6.012 5.880 -8.823 0.952
P125230 6.232 6.325 -8.488 0.858
P125231 6.304 6.302 -8.856 0.932
P125232 6.299 6.131 -8.800 0.613
P125233 6.256 6.254 -9.156 0.529
P125234 6.128 6.174 -8.792 0.166
P125235 6.410 6.417 -8.255 0.335
P125236 6.373 6.218 -8.265 0.573
P125237 6.143 6.118 -9.225 0.799
P125239 6.284 6.494 -9.414 1.057
P125240 6.148 6.006 -8.760 0.402
P125241 6.178 6.268 -8.996 0.529
P125242 6.104 6.021 -8.722 0.323
P125243 6.173 6.063 -8.987 0.321
P125244 6.562 6.436 -7.992 0.709
P125245 6.333 6.357 -8.610 0.341
P125246 6.268 6.167 -8.258 0.514
P125247 6.190 6.190 -8.647 0.203
P125250 6.184 6.259 -9.080 0.769
P125252 6.166 6.251 -8.700 1.065
P125254 6.315 6.156 -8.678 0.569
P125256 6.124 6.142 -8.894 0.518
P125257 6.075 6.114 -9.530 0.912
P125259 6.041 5.838 -8.659 0.827
P125260 6.028 6.045 -9.121 1.128
P125261 6.025 6.040 -8.801 1.110
P125263 6.179 6.179 -8.865 0.624
P125264 6.184 6.072 -9.400 0.888
P125265 6.173 6.060 -8.689 0.778
P125266 6.001 5.939 -9.513 0.861
P125267 6.252 6.205 -8.493 0.300
P125268 6.327 6.459 -8.938 0.966
P125269 6.064 5.986 -8.743 0.840
P125270 6.465 6.420 -8.006 0.325
P125271 6.453 6.429 -8.668 0.335
P125272 6.402 6.480 -7.889 0.498
P125273 6.358 6.267 -7.817 0.864
P125274 6.248 6.136 -8.635 0.661
P125275 6.263 6.172 -9.020 0.433
P125276 6.329 6.381 -9.502 0.793
P125277 6.326 6.399 -9.508 0.770
P125278 6.324 6.242 -9.609 0.826
P125280 6.183 6.128 -8.832 0.819
P125281 6.207 6.216 -8.481 0.626
P125283 6.272 6.248 -8.981 0.530
P125284 6.309 6.286 -8.902 0.471
P125285 6.312 6.209 -8.614 0.556
P125286 6.243 6.230 -9.122 1.118
P125288 6.236 6.091 -8.490 0.276
P125291 6.121 6.015 -8.919 0.901
P125292 6.135 6.228 -8.949 0.615
P125293 6.090 6.197 -9.286 0.863
P125294 6.330 6.227 -8.647 0.400
P125295 6.376 6.410 -9.185 0.172
P125296 6.314 6.375 -9.606 1.413
P125297 6.299 6.159 -9.233 1.222
P125298 6.458 6.385 -8.825 0.400
P125299 6.369 6.174 -8.621 1.066
P125300 6.462 6.226 -8.950 0.777
P125304 6.336 6.256 -8.607 0.556
P125306 6.207 6.363 -8.966 0.955
P125307 6.241 6.329 -9.278 0.791
P125308 6.219 6.064 -8.539 0.899
P125309 6.141 5.961 -8.556 0.374
P125310 6.140 6.433 -9.237 1.085
P125312 6.338 6.494 -9.052 0.974
P125315 6.311 6.273 -9.014 1.033
P125317 6.287 6.181 -8.794 0.274
P125319 6.227 6.197 -9.017 0.452
P125320 6.235 6.165 -9.043 0.693
P125321 6.223 6.112 -8.465 0.484
P125323 6.133 6.249 -9.196 1.078
P125324 6.247 6.135 -9.548 0.901
P125325 6.352 6.392 -8.690 0.229
P125326 6.273 6.219 -8.702 0.397
P125328 6.300 6.358 -9.220 0.332
P125329 6.314 6.145 -7.783 0.970
P125330 6.272 6.247 -8.330 0.541
P125331 6.207 6.126 -8.759 0.808
P125332 6.236 6.145 -8.739 0.344
P125333 6.296 6.346 -8.880 0.460
P125335 6.450 6.578 -8.858 0.712
P125337 6.303 6.179 -9.440 0.963
P125338 6.313 6.343 -8.973 0.941
P125340 5.844 6.050 -7.762 0.899
P125342 6.090 6.050 -8.354 0.972
P125344 6.355 6.300 -10.163 0.673
P125345 6.251 6.093 -8.958 0.334
P125346 6.325 6.406 -8.500 0.370
P125347 6.337 6.223 -8.778 0.310
P125348 6.351 6.291 -8.739 0.641
P125350 6.352 6.387 -8.808 0.521
P125352 6.112 5.980 -8.083 0.822
P125353 6.279 6.092 -8.908 0.456
P125354 5.941 5.953 -7.286 0.602
P125355 6.368 6.370 -8.328 0.611
P125356 6.393 6.159 -8.097 1.073
P125358 6.159 6.205 -8.620 0.394
P125359 6.310 6.338 -8.686 0.956
P125360 6.195 6.176 -8.573 1.096
P125361 6.388 6.467 -8.805 0.800
P125362 6.349 6.263 -8.759 0.528
P125363 6.614 6.791 -9.040 0.574
P125364 6.455 6.333 -8.605 0.648
P125366 6.419 6.466 -9.352 1.117
P125367 6.147 5.984 -7.952 0.987
P125368 6.308 6.321 -8.653 0.677
P125369 6.223 6.096 -8.573 0.370
P125370 6.264 6.213 -8.921 0.357
P125371 6.217 6.262 -8.736 0.491
P125372 6.406 6.288 -8.950 0.306
P125374 6.511 6.592 -9.716 0.580
P125376 6.357 6.271 -8.435 1.018
P125379 6.316 6.392 -9.229 1.348
P125382 6.388 6.303 -8.929 0.437
P125383 6.453 6.423 -9.284 0.375
P125384 6.452 6.292 -8.985 0.946
P125386 6.383 6.349 -9.501 0.849
P125388 6.357 6.241 -9.281 0.480
P125390 6.296 6.323 -8.321 0.286
P125391 6.412 6.436 -9.389 0.370
P125392 6.054 6.059 -7.181 1.461
P125393 6.543 6.561 -9.683 1.055
P125394 6.318 6.156 -9.106 1.360
P125395 6.458 6.526 -9.490 0.813
P125396 6.386 6.398 -9.592 0.198
P125397 6.332 6.265 -9.359 0.642
P125398 6.326 6.294 -8.500 0.437
P125400 6.286 6.198 -7.944 0.837
P125401 6.266 6.350 -9.077 0.880
P125402 6.464 6.503 -9.650 0.312
P125403 6.464 6.529 -9.546 0.195
P125404 6.425 6.445 -8.773 0.404
P125405 6.514 6.546 -9.185 0.798
P125406 6.374 6.326 -9.567 0.833
P125407 6.480 6.330 -9.545 0.808
P125409 6.378 6.308 -9.871 0.859
P125410 6.270 6.454 -8.998 1.158
P125411 6.313 6.159 -8.903 0.872
P125412 6.276 6.285 -9.111 0.847
P125413 6.237 6.120 -8.881 0.751
P125414 6.445 6.292 -9.303 0.639
P125415 6.497 6.529 -9.983 0.708
P125416 6.203 6.028 -8.336 1.232
P125418 6.242 6.320 -8.954 1.191
P125419 6.208 6.315 -7.823 0.977
P125420 6.235 6.357 -8.824 0.787
P125421 6.303 6.208 -8.896 0.902
P125422 6.493 6.537 -8.676 0.278
P125423 6.463 6.315 -8.577 0.513
P125424 6.241 6.019 -8.392 0.481
P125425 6.259 6.346 -8.943 0.672
P125426 6.197 6.389 -9.042 0.850
P125427 6.334 6.210 -8.677 0.520
P125428 6.279 6.214 -8.570 0.243
P125429 6.241 6.152 -8.896 0.535
P125431 6.293 6.341 -8.024 0.967
P125432 6.299 6.180 -8.667 0.430
P125434 6.331 6.521 -9.059 0.636
P125437 6.282 6.198 -8.019 0.434
P125440 6.508 6.350 -9.856 0.590
P125441 6.543 6.560 -9.300 0.625
P125442 6.386 6.318 -9.203 0.317
P125443 6.404 6.390 -9.688 0.294
P125444 6.483 6.420 -9.114 0.490
P125445 6.531 6.512 -10.157 1.020
P125447 6.182 6.070 -8.923 0.927
P125448 6.612 6.573 -8.491 0.813
P125449 6.539 6.341 -7.942 0.645
P125451 6.588 6.590 -8.233 0.450
P125453 6.634 6.523 -7.664 0.513
P125455 6.544 6.666 -8.335 0.973
P125456 6.447 6.487 -9.646 0.146
P125457 6.561 6.465 -8.882 0.494
P125458 6.431 6.334 -9.335 0.280
P125459 6.505 6.597 -9.229 0.370
P125460 6.187 6.724 -7.917 1.122
P125461 6.537 6.482 -9.760 0.861
P125462 6.545 6.466 -9.981 1.046
P125463 6.528 6.339 -9.859 0.670
P125464 6.482 6.702 -9.666 0.748
P125465 6.330 6.382 -8.607 1.151
P125466 6.538 6.308 -10.063 0.732
P125468 6.423 6.339 -9.606 0.853
P125469 6.326 6.256 -8.881 0.527
P125470 6.520 6.568 -8.586 0.354
P125472 6.525 6.563 -9.635 0.828
P125473 6.391 6.427 -8.131 0.361
P125474 6.753 6.703 -8.079 0.465
P125475 6.450 6.480 -9.381 0.928
P125476 6.437 6.440 -9.105 0.823
P125477 6.423 6.475 -9.750 1.145
P125478 6.432 6.432 -9.778 0.400
P125479 6.424 6.490 -10.220 0.784
P125480 6.378 6.327 -10.020 0.804
P125481 6.449 6.514 -9.346 0.283
P125483 6.353 6.335 -8.396 0.945
P125485 6.293 6.381 -8.837 1.059
P125487 6.427 6.401 -8.515 0.937
P125490 6.267 6.261 -8.113 0.833
P125492 6.528 6.659 -8.642 0.329
P125493 6.374 6.297 -9.418 0.352
P125494 6.550 6.733 -10.015 0.567
P125495 6.434 6.263 -9.319 0.472
P125496 6.412 6.434 -8.663 0.377
P125498 6.337 6.374 -8.280 1.097
P125499 6.362 6.223 -8.497 0.532
P125500 6.365 6.300 -8.205 0.320
P125501 6.630 6.546 -9.885 0.923
P125502 6.312 6.531 -9.025 0.865
P125503 6.284 6.175 -8.383 0.507
P125504 6.390 6.184 -7.733 0.651
P125506 6.397 6.388 -8.014 0.413
P125507 6.380 6.286 -9.217 0.672
P125508 6.385 6.203 -8.359 0.551
P125510 6.408 6.305 -8.071 0.699
P125511 6.376 6.240 -9.189 0.794
P125515 6.371 6.277 -8.660 0.438
P125517 6.303 6.196 -9.041 1.043
P125518 6.540 6.589 -10.201 0.460
P125520 6.555 6.616 -9.276 0.702
P125521 6.406 6.281 -8.657 1.048
P125523 6.501 6.585 -8.585 0.582
P125524 6.290 6.039 -7.606 0.664
P125525 6.223 6.367 -8.804 0.573
P125526 6.273 6.200 -8.709 0.276
P125527 6.370 6.409 -9.019 0.238
P125528 6.061 6.127 -9.716 0.897
P125529 6.390 6.313 -9.075 0.336
P125530 6.270 6.348 -9.749 1.457
P125531 6.263 6.261 -8.512 0.946
P125533 6.539 6.580 -10.013 0.422
P125534 6.418 6.517 -9.001 0.971
P125538 6.381 6.381 -8.603 0.502
P125539 6.447 6.538 -8.597 0.500
P125540 6.322 6.403 -9.376 0.855
P125541 6.337 6.358 -9.276 0.746
P125542 6.396 6.397 -9.750 0.313
P125543 6.551 6.525 -9.736 0.540
P125545 6.341 6.214 -8.808 0.716
P125546 6.323 6.634 -10.070 0.863
P125547 6.264 6.171 -8.563 0.370
P125548 6.255 6.037 -8.428 0.976
P125549 6.490 6.464 -9.857 0.257
P125550 6.301 6.280 -7.576 0.314
P125551 6.499 6.426 -8.932 0.509
P125552 6.396 6.296 -8.246 0.905
P125553 6.515 6.588 -9.925 0.182
P125554 6.763 6.710 -9.766 0.425
P125555 6.428 6.396 -9.269 0.419
P125556 6.473 6.507 -10.254 0.455
P125557 6.591 6.485 -10.146 1.031
P125558 6.472 6.418 -9.781 0.911
P125559 6.463 6.367 -10.160 0.843
P125561 6.628 6.798 -9.770 0.702
P125562 6.396 6.628 -9.937 1.185
P125563 6.529 6.378 -9.991 0.650
P125564 6.537 6.502 -10.155 1.033
P125565 6.642 6.526 -9.685 0.809
P125566 6.577 6.290 -9.284 0.684
P125567 6.523 6.497 -9.162 0.513
P125568 6.418 6.427 -10.122 0.317
P125569 6.356 6.253 -9.178 0.328
P125570 6.492 6.517 -10.032 0.444
P125571 6.429 6.540 -8.895 0.457
P125572 6.453 6.467 -9.820 0.287
P125573 6.538 6.453 -10.319 0.920
P125574 6.430 6.406 -8.896 0.466
P125576 6.564 6.592 -9.729 0.275
P125577 6.621 6.393 -9.119 0.620
P125579 6.477 6.450 -9.309 1.187
P125581 6.637 6.522 -9.958 0.560
P125583 6.452 6.543 -9.105 0.256
P125584 6.494 6.387 -8.864 0.824
P125585 6.461 6.382 -8.805 0.571
P125587 6.254 6.377 -8.911 0.407
P125588 6.584 6.684 -10.439 0.776
P125589 6.575 6.629 -9.793 0.737
P125590 6.602 6.592 -9.806 0.436
P125591 5.688 5.866 -7.131 2.293
P125592 6.294 6.597 -8.476 1.814
P125593 5.919 6.126 -7.252 0.899
P125594 5.826 5.811 -6.253 0.143
P125597 5.608 5.908 -6.761 2.031
P125598 6.359 6.215 -8.733 0.578
P125599 6.623 6.700 -9.736 0.716
P125602 6.449 6.523 -10.235 1.275
P125603 6.595 6.599 -10.149 1.171
P125605 6.328 6.041 -8.828 0.816
P125606 6.504 6.374 -9.798 0.422
P125607 6.321 6.300 -9.446 0.691
P125608 6.552 6.365 -9.391 0.626
P125610 6.497 6.534 -8.605 1.018
P125613 6.342 6.644 -9.143 0.956
P125617 6.418 6.370 -8.198 0.416
P125618 6.238 6.206 -8.632 0.302
P125619 6.311 6.250 -8.566 0.815
P125621 6.595 6.720 -9.440 0.685
P125622 6.133 6.181 -9.023 0.402
P125624 6.569 6.503 -8.367 0.573
P125625 6.205 6.388 -8.224 1.087
P125628 6.519 6.551 -9.469 0.912
P125630 6.500 6.404 -8.055 0.847
P125633 6.386 6.187 -8.424 0.786
P125634 6.293 6.384 -8.208 0.512
P125636 6.548 6.662 -8.680 0.861
P125637 6.509 6.528 -9.047 0.327
P125638 6.541 6.581 -10.011 0.233
P125639 6.522 6.431 -9.796 0.322
P125640 6.700 6.743 -9.889 0.777
P125642 6.418 6.386 -8.449 0.495
P125644 6.403 6.545 -8.861 1.290
P125646 6.303 6.168 -8.772 0.445
P125648 6.252 6.227 -8.207 0.771
P125650 6.377 6.214 -8.590 0.397
P125652 6.505 6.607 -9.211 0.663
P125654 6.277 6.132 -8.230 0.405
P125655 6.211 6.440 -9.757 1.138
P125656 6.234 6.494 -8.594 1.035
P125657 6.540 6.654 -8.439 1.155
P125658 6.630 6.640 -10.303 0.773
P125659 6.543 6.481 -8.876 1.145
P125660 6.455 6.455 -9.342 0.899
P125661 6.630 6.561 -8.208 0.593
P125662 6.728 6.668 -9.075 0.859
P125664 6.599 6.582 -9.965 0.686
P125665 6.734 6.849 -9.250 0.752
P125666 6.369 6.331 -8.410 0.340
P125669 6.598 6.512 -10.240 0.828
P125670 6.636 6.433 -8.173 0.843
P125672 6.452 6.376 -8.585 0.983
P125673 6.414 6.336 -8.450 0.638
P125675 6.530 6.540 -9.510 0.673
P125678 6.382 6.288 -8.900 0.474
P125681 6.494 6.522 -8.590 0.905
P125683 6.527 6.626 -9.377 0.580
P125684 6.450 6.371 -9.079 0.312
P125685 6.592 6.356 -9.129 0.861
P125686 6.431 6.507 -9.995 0.302
P125687 6.382 6.290 -9.177 0.316
P125688 6.422 6.232 -8.721 0.471
P125689 6.537 6.516 -9.227 0.415
P125690 6.434 6.342 -9.542 0.618
P125692 6.615 6.687 -9.472 0.676
P125693 6.703 6.793 -9.372 0.663
P125694 6.666 6.484 -9.413 0.929
P125695 6.533 6.413 -9.709 0.933
P125700 6.276 6.193 -8.288 0.592
P125702 6.614 6.601 -10.045 0.678
P125704 6.675 6.585 -8.837 0.467
P125705 6.439 6.508 -8.970 0.695
P125708 6.557 6.428 -9.008 1.058
P125709 6.847 6.688 -8.815 0.872
P125710 6.706 6.667 -9.505 0.635
P125711 6.504 6.525 -10.058 0.599
P125712 6.863 6.761 -9.068 0.453
P125713 6.753 6.841 -9.444 0.643
P125714 6.745 6.704 -9.437 1.396
P125715 6.490 6.471 -9.873 0.589
P125716 6.481 6.370 -9.917 0.673
P125717 6.849 6.755 -9.121 0.380
P125718 6.520 6.535 -9.721 1.166
P125719 6.490 6.358 -10.030 0.669
P125720 6.674 6.569 -10.473 1.001
P125721 6.650 6.793 -10.511 0.788
P125722 6.720 6.593 -10.105 0.866
P125723 6.641 6.510 -9.887 0.987
P125724 6.649 6.568 -9.916 0.867
P125725 6.627 6.632 -8.634 0.710
P125726 6.762 6.643 -8.938 0.728
P125727 6.816 6.781 -8.938 0.458
P125728 6.541 6.351 -10.013 0.969
P125729 6.481 6.562 -9.750 0.405
P125730 6.487 6.434 -9.309 0.466
P125731 6.357 6.522 -9.271 1.094
P125732 6.518 6.578 -9.694 0.380
P125735 6.632 6.544 -9.466 0.532
P125736 6.847 6.899 -9.807 0.281
P125737 6.508 6.502 -9.098 0.599
P125738 6.504 6.621 -9.135 0.572
P125739 6.609 6.391 -9.501 0.712
P125740 6.590 6.696 -9.719 0.918
P125741 6.558 6.526 -10.039 0.966
P125742 6.506 6.630 -9.905 0.370
P125743 6.509 6.438 -9.818 0.562
P125744 6.608 6.669 -9.582 0.569
P125745 6.530 6.467 -9.008 0.337
P125746 6.455 6.365 -8.853 1.048
P125747 6.433 6.188 -9.570 0.913
P125748 6.673 6.563 -9.639 1.141
P125751 6.640 6.515 -10.061 0.573
P125752 6.718 6.679 -9.723 0.700
P125753 6.727 6.707 -9.870 0.987
P125754 6.575 6.696 -9.629 0.747
P125755 6.429 6.351 -9.321 0.365
P125756 6.463 6.358 -8.277 0.750
P125757 6.422 6.439 -8.410 0.823
P125758 6.469 6.308 -8.746 0.659
P125759 6.541 6.565 -9.343 0.317
P125760 6.584 6.528 -7.741 0.681
P125762 6.529 6.526 -10.092 0.184
P125763 6.768 6.574 -9.792 0.852
P125764 6.751 6.681 -9.854 1.053
P125765 6.843 6.774 -9.633 0.646
P125766 6.428 6.277 -9.208 0.530
P125767 6.542 6.398 -8.008 0.838
P125768 6.631 6.565 -9.190 0.891
P125769 6.637 6.482 -9.245 1.084
P125770 6.584 6.582 -10.180 0.286
P125771 6.531 6.423 -9.559 1.253
P125772 6.705 6.590 -10.089 0.873
P125773 6.685 6.514 -9.439 0.653
P125774 6.359 6.299 -8.610 0.342
P125775 6.435 6.426 -7.050 1.701
P125776 6.419 6.490 -9.032 0.861
P125777 6.651 6.758 -8.638 0.906
P125778 6.848 6.822 -9.346 0.369
P125779 6.773 6.560 -9.009 0.505
P125780 6.723 6.688 -9.291 0.664
P125781 6.557 6.473 -8.677 1.050
P125782 6.620 6.595 -8.736 0.877
P125784 6.656 6.433 -7.674 1.430
P125785 6.617 6.712 -9.144 0.927
P125786 6.671 6.571 -9.331 0.900
P125787 6.332 6.487 -6.914 0.708
P125788 6.694 6.763 -10.086 0.791
P125789 6.506 6.530 -7.558 1.245
P125790 6.343 6.235 -8.185 0.704
P125791 6.461 6.324 -8.472 1.023
P125792 6.517 6.455 -8.603 0.367
P125794 6.490 6.377 -9.162 0.533
P125795 6.490 6.494 -8.635 0.317
P125796 6.664 6.698 -10.256 0.422
P125797 6.485 6.718 -9.253 0.922
P125801 6.515 6.465 -9.062 1.177
P125806 6.527 6.451 -8.480 0.961
P125810 6.629 6.521 -8.937 0.542
P125813 6.456 6.411 -8.290 0.849
P125815 6.491 6.416 -9.199 1.195
P125816 6.613 6.697 -8.417 0.407
P125818 6.874 6.852 -9.332 0.381
P125819 6.550 6.692 -8.653 0.739
P125821 6.595 6.718 -9.012 0.987
P125822 6.326 6.016 -8.767 0.803
P125824 6.482 6.509 -9.071 0.790
P125826 6.369 6.253 -9.242 0.399
P125827 6.249 5.987 -7.483 1.985
P125828 6.489 6.583 -9.429 0.720
P125830 6.382 6.189 -8.236 0.315
P125832 6.624 6.476 -8.505 0.368
P125833 6.278 6.226 -7.077 0.887
P125834 6.519 6.513 -8.798 0.537
P125835 6.423 6.444 -9.785 0.733
P125836 6.493 6.553 -7.412 1.635
P125837 6.277 6.299 -7.049 1.226
P125838 6.327 6.259 -8.630 0.575
P125839 6.611 6.581 -8.895 0.604
P125840 6.388 6.450 -6.940 1.187
P125841 6.539 6.432 -8.726 0.416
P125843 6.273 6.236 -8.598 1.142
P125844 6.393 6.257 -8.656 0.545
P125845 6.132 5.988 -8.498 0.798
P125847 6.575 6.364 -8.970 0.730
P125848 6.572 6.267 -8.214 0.853
P125849 6.502 6.489 -8.655 1.057
P125850 6.538 6.371 -9.979 0.689
P125851 6.564 6.333 -8.281 0.793
P125852 6.646 6.499 -9.879 0.709
P125853 5.634 5.896 -6.101 2.519
P125854 5.919 5.894 -6.765 1.295
P125855 6.702 6.816 -10.165 0.733
P125856 6.722 6.801 -9.639 0.620
P125857 6.473 6.516 -9.328 0.318
P125858 6.603 6.655 -10.176 0.586
P125859 6.456 6.288 -9.158 0.491
P125860 6.444 6.664 -8.769 0.634
P125861 6.419 6.059 -6.679 2.608
P125862 6.540 6.593 -9.191 0.640
P125863 6.445 6.451 -8.627 0.571
P125864 6.658 6.838 -10.573 0.923
P125865 6.693 6.584 -9.338 0.687
P125866 6.576 6.598 -8.761 0.660
P125867 6.633 6.588 -9.894 0.938
P125868 6.725 6.685 -9.099 0.533
P125869 6.489 6.596 -9.295 0.511
P125870 6.531 6.547 -9.702 1.056
P125871 6.575 6.629 -10.286 1.061
P125872 6.570 6.419 -9.364 0.902
P125873 6.620 6.360 -9.617 0.721
P125874 6.553 6.523 -8.705 0.590
P125875 6.574 6.731 -9.155 0.806
P125876 6.583 6.350 -9.646 0.440
P125877 6.499 6.423 -9.754 0.515
P125878 6.905 6.824 -9.410 0.847
P125879 6.810 6.546 -9.140 0.548
P125880 6.756 6.576 -8.660 1.086
P125881 6.702 6.517 -8.907 0.816
P125882 6.885 6.842 -9.510 0.400
P125883 6.728 6.642 -8.792 1.185
P125884 6.895 6.825 -9.453 0.334
P125885 6.807 6.922 -9.227 0.566
P125886 7.021 7.062 -9.400 0.415
P125887 6.770 6.774 -8.530 0.612
P125888 6.890 6.839 -9.438 0.514
P125889 6.802 6.654 -9.853 0.880
P125890 6.874 6.820 -10.094 0.830
P125891 6.981 6.834 -9.046 0.912
P125892 6.723 6.732 -9.341 0.482
P125893 6.742 6.731 -9.568 0.741
P125894 6.680 6.711 -9.429 0.950
P125895 6.262 6.262 -7.383 0.452
P125896 6.687 6.524 -8.023 0.520
P125897 6.851 6.514 -8.743 1.455
P125898 6.764 6.517 -9.437 0.689
P125899 6.695 6.533 -8.539 0.885
P125900 6.474 6.611 -8.155 1.077
P125901 6.789 6.797 -9.794 0.705
P125902 6.695 6.577 -9.685 0.688
P125903 6.814 6.790 -10.081 0.735
P125904 6.816 6.796 -9.953 1.018
P125905 6.973 6.944 -10.064 0.641
P125906 6.961 6.718 -8.576 0.971
P125907 6.757 6.781 -9.729 1.067
P125908 6.694 6.546 -9.355 0.671
P125909 6.760 6.707 -9.805 0.415
P125910 6.694 6.670 -9.532 0.781
P125911 6.682 6.702 -9.866 0.904
P125912 6.876 6.878 -10.102 0.690
P125913 6.682 6.579 -8.861 0.660
P125914 6.863 6.965 -10.173 0.616
P125915 6.677 6.558 -10.145 0.870
P125916 6.696 6.656 -10.035 1.009
P125917 6.904 6.692 -9.464 0.868
P125918 6.853 6.831 -9.233 0.888
P125919 6.833 6.874 -9.712 0.812
P125920 6.806 6.822 -9.793 0.772
P125921 6.828 6.679 -9.940 0.897
P125922 6.738 6.707 -9.619 0.274
P125923 6.723 6.731 -8.689 0.736
P125924 6.855 6.777 -9.785 0.971
P125925 6.740 6.687 -9.840 0.241
P125926 6.820 6.790 -10.122 0.864
P125927 6.744 6.690 -9.870 0.938
P125928 6.717 6.782 -10.368 1.016
P125929 6.861 6.670 -9.677 1.178
P125930 6.873 6.873 -9.943 0.979
P125931 6.898 6.877 -9.741 0.952
P125932 6.892 6.749 -8.447 0.501
P125933 6.805 6.634 -10.157 0.993
P125934 6.853 6.743 -9.162 0.570
P125935 6.789 6.761 -10.307 0.667
P125937 6.534 6.498 -9.011 0.665
P125938 6.481 6.493 -8.727 0.171
P125939 6.451 6.324 -8.418 0.978
P125940 6.454 6.474 -9.507 0.720
P125941 6.568 6.484 -9.476 0.749
P125942 6.489 6.202 -8.357 0.716
P125943 6.518 6.428 -8.701 0.298
P125944 6.351 6.318 -8.797 0.381
P125945 6.601 6.413 -8.750 1.258
P125946 6.389 6.372 -7.438 0.557
P125947 6.515 6.720 -8.759 0.875
P125949 6.670 6.378 -9.188 0.812
P125950 6.643 6.597 -8.704 0.267
P125951 6.627 6.378 -8.524 0.775
P125953 6.490 6.421 -9.345 0.508
P125954 6.682 6.566 -8.188 2.036
P125955 6.424 6.624 -7.907 2.214
P125956 6.550 6.570 -8.358 0.700
P125957 6.502 6.323 -7.107 2.822
P125958 6.397 6.414 -9.806 0.694
P125959 6.506 6.357 -9.090 0.570
P125962 6.521 6.302 -9.013 0.795
P125963 6.610 6.689 -8.648 0.464
P125964 6.333 6.114 -9.069 1.036
P125965 5.297 5.862 -8.100 1.238
P125966 6.037 5.820 -9.056 1.055
P125967 6.114 6.255 -9.826 0.925
P125969 6.190 6.076 -10.055 0.677
P125970 6.286 6.162 -7.903 0.687
P125971 6.315 6.294 -8.644 1.441
P125975 6.272 6.469 -9.203 0.543
P125978 6.331 6.340 -9.749 0.334
P125979 6.219 6.157 -9.501 0.323
P125981 6.300 6.296 -9.540 0.227
P125982 6.339 6.230 -9.427 0.855
P125984 6.284 6.281 -8.572 0.509
P125986 6.066 6.107 -9.479 0.661
P125987 6.604 6.452 -8.758 0.433
P125990 6.600 6.561 -8.796 0.350
P125991 6.462 6.302 -7.514 0.326
P125994 6.582 6.625 -9.136 0.446
P125995 6.370 6.304 -8.604 0.895
P126000 6.434 6.139 -9.260 1.094
P126002 6.350 6.264 -10.291 0.656
P126003 6.388 6.400 -10.257 0.376
P126004 6.352 6.365 -9.532 0.922
P126005 6.330 6.312 -9.697 0.724
P126007 6.370 6.312 -9.735 0.769
P126009 6.533 6.446 -9.351 0.817
P126010 6.416 6.348 -8.829 1.090
P126011 6.664 6.676 -10.136 0.338
P126012 6.709 6.470 -8.404 0.800
P126013 6.745 6.694 -9.996 0.873
P126014 6.628 6.647 -9.322 0.336
P126015 6.666 6.547 -9.667 0.883
P126016 6.785 6.718 -10.524 1.082
P126018 6.636 6.449 -8.950 0.572
P126020 6.617 6.436 -9.541 0.553
P126022 6.540 6.638 -8.813 0.621
P126023 6.862 6.571 -9.018 0.584
P126024 7.044 7.028 -9.419 0.512
P126025 6.708 6.757 -10.409 1.132
P126026 6.793 6.835 -10.099 0.672
P126027 6.731 6.487 -9.712 0.779
P126028 6.667 6.649 -9.832 0.798
P126029 6.667 6.487 -10.038 0.830
P126030 6.771 6.660 -9.485 0.538
P126031 6.616 6.567 -9.065 0.675
P126032 6.426 6.401 -6.818 1.467
P126034 6.482 6.468 -9.701 0.322
P126036 6.515 6.515 -9.265 0.505
P126037 6.605 6.717 -9.981 0.601
P126038 6.638 6.711 -8.915 0.772
P126039 5.689 5.841 -6.314 3.459
P126041 6.351 6.509 -7.815 0.544
P126042 5.869 6.015 -7.260 3.695
P126043 6.588 6.506 -8.614 0.775
P126045 6.527 6.513 -9.219 0.545
P126046 6.697 6.430 -7.063 1.967
P126047 6.642 6.550 -9.037 1.078
P126049 6.367 6.279 -8.662 0.459
P126050 6.428 6.316 -8.629 0.938
P126051 6.629 6.681 -10.071 0.529
P126052 6.603 6.655 -9.755 0.982
P126053 6.496 6.537 -9.089 0.290
P126054 6.533 6.538 -9.598 0.935
P126055 6.435 6.530 -8.289 0.924
P126056 6.547 6.481 -9.656 0.973
P126057 6.600 6.625 -9.835 0.475
P126058 6.561 6.291 -8.736 0.921
P126059 6.500 6.450 -9.564 0.417
P126060 6.437 6.473 -9.549 0.230
P126061 6.509 6.334 -8.160 0.840
P126062 6.472 6.411 -9.121 0.878
P126063 6.498 6.532 -10.214 0.431
P126064 6.463 6.690 -9.200 1.184
P126065 6.454 6.392 -10.114 0.705
P126066 6.539 6.579 -10.200 0.559
P126067 6.752 6.653 -9.750 0.616
P126068 6.667 6.606 -10.010 0.872
P126069 6.599 6.596 -9.989 0.495
P126070 6.735 6.669 -10.320 0.733
P126071 5.371 5.288 -7.362 1.545
P126072 5.415 5.289 -6.082 0.828
P126073 5.236 5.337 -7.907 0.618
P126074 5.379 5.536 -7.555 0.473
P126075 5.097 5.130 -7.467 0.393
P126076 5.467 5.328 -5.720 1.556
P126077 5.294 5.392 -7.272 0.464
P126078 5.275 5.331 -7.418 0.515
P126079 5.476 5.601 -7.554 0.406
P126080 5.016 5.076 -7.709 0.580
P126081 5.476 5.618 -7.572 0.414
P126082 5.363 5.443 -7.783 0.402
P126083 5.328 5.212 -6.750 0.881
P126084 5.383 5.458 -7.755 0.428
P126085 5.231 5.170 -6.542 0.316
P126086 5.438 5.540 -7.558 0.356
P126087 5.602 5.671 -7.375 0.307
P126088 5.336 5.451 -7.397 0.394
P126089 5.035 5.097 -7.384 0.369
P126090 5.562 5.661 -7.296 0.413
P126091 5.471 5.559 -7.587 0.394
P126092 5.386 5.519 -7.113 0.425
P126093 5.503 5.598 -7.094 0.282
P126094 5.621 5.509 -5.610 0.916
P126095 5.330 5.436 -7.561 0.403
P126096 5.575 5.611 -7.382 0.422
P126097 5.357 5.299 -6.712 0.549
P126098 5.519 5.364 -6.498 0.733
P126099 5.442 5.223 -6.414 0.753
P126100 5.556 5.511 -6.845 0.697
P126101 5.653 5.534 -7.166 1.078
P126102 5.404 5.309 -7.069 0.325
P126103 5.111 5.209 -7.447 0.505
P126104 5.230 5.136 -6.489 1.353
P126105 5.575 5.486 -6.594 0.880
P126106 5.794 5.839 -7.696 0.298
P126107 5.426 5.133 -5.188 0.771
P126108 5.315 5.224 -7.246 0.365
P126109 5.707 5.444 -6.255 1.263
P126110 5.265 5.368 -7.392 0.481
P126111 5.470 5.561 -7.319 0.339
P126112 5.820 5.773 -6.273 0.743
P126113 5.825 5.863 -7.609 0.363
P126114 5.172 5.044 -5.751 1.402
P126115 5.224 5.241 -6.798 0.490
P126116 5.621 5.548 -6.458 0.829
P126117 5.602 5.584 -6.544 0.728
P126118 5.639 5.785 -7.432 0.432
P126119 5.438 5.501 -7.959 0.459
P126120 5.708 5.690 -6.585 0.705
P126121 5.221 5.151 -7.704 0.317
P126122 5.799 5.841 -7.916 0.342
P126123 5.769 5.883 -7.435 0.500
P126124 5.700 5.654 -7.233 0.474
P126125 5.297 5.102 -6.096 1.270
P126126 5.548 5.050 -5.717 2.142
P126127 5.357 5.334 -7.103 0.644
P126128 5.573 5.718 -7.882 0.604
P126129 5.406 5.541 -8.030 0.395
P126130 5.327 4.958 -6.205 1.032
P126131 5.489 5.356 -6.168 1.199
P126132 5.675 5.542 -6.732 1.006
P126133 5.171 5.192 -6.791 0.551
P126134 5.800 5.876 -7.814 0.426
P126135 5.792 5.690 -6.113 0.861
P126136 5.438 5.425 -6.546 0.558
P126137 5.489 5.547 -7.555 0.358
P126138 5.221 5.349 -7.626 0.505
P126139 5.546 5.325 -6.740 1.136
P126140 5.222 5.359 -7.841 0.730
P126141 5.711 5.884 -7.654 0.621
P126142 5.288 5.381 -7.173 0.245
P126143 5.411 5.406 -6.539 0.827
P126144 5.316 5.339 -7.716 0.492
P126145 5.446 5.533 -7.720 0.341
P126146 5.210 5.294 -7.672 0.484
P126147 5.028 5.125 -7.681 0.478
P126148 5.448 5.488 -7.485 0.469
P126149 5.363 5.436 -7.344 0.433
P126150 5.116 5.160 -7.463 0.477
P126151 5.391 5.478 -7.450 0.412
P126152 5.385 5.251 -6.507 0.681
P126153 5.435 5.381 -6.091 0.834
P126154 5.224 5.310 -7.814 0.474
P126155 5.391 5.484 -7.460 0.399
P126156 5.323 5.381 -7.864 0.480
P126157 5.459 5.572 -7.689 0.267
P126158 5.381 5.419 -6.922 0.561
P126159 5.764 5.830 -7.913 0.473
P126160 5.689 5.762 -7.884 0.486
P126161 5.165 5.299 -6.631 0.518
P126162 5.774 5.697 -6.605 0.732
P126163 5.150 5.345 -7.569 0.572
P126164 5.482 4.953 -6.547 1.283
P126165 5.458 5.418 -6.184 0.688
P126166 5.206 5.227 -7.732 0.473
P126167 5.455 5.450 -6.751 0.708
P126168 5.352 5.364 -6.861 0.596
P126169 5.680 5.619 -7.596 0.657
P126170 5.429 5.063 -6.332 1.159
P126171 5.297 5.277 -7.443 0.417
P126172 5.696 5.635 -8.103 0.372
P126173 5.364 5.519 -7.172 0.404
P126174 5.806 5.427 -6.218 1.235
P126175 5.241 5.119 -6.121 1.066
P126176 5.979 5.964 -7.331 0.320
P126177 5.679 5.610 -7.262 0.270
P126178 5.665 5.533 -6.697 1.198
P126179 5.527 5.529 -5.480 0.658
P126180 5.723 5.787 -7.204 0.874
P126181 5.703 5.748 -6.100 1.215
P126182 5.879 5.856 -7.844 0.464
P126183 5.600 5.632 -7.419 0.285
P126184 5.515 5.407 -7.044 0.813
P126185 5.634 5.707 -7.655 0.434
P126186 5.341 5.389 -8.247 0.389
P126187 5.646 5.273 -6.227 1.004
P126188 5.714 5.769 -7.224 0.206
P126189 5.482 5.216 -6.144 0.976
P126190 5.281 5.246 -6.894 0.798
P126191 5.065 4.958 -6.856 0.424
P126192 5.455 5.406 -7.345 0.437
P126193 5.622 5.666 -7.456 0.583
P126194 5.592 5.651 -8.127 0.266
P126195 5.335 5.302 -6.528 0.413
P126196 5.715 5.690 -8.265 0.225
P126197 5.371 5.409 -6.686 1.110
P126198 5.471 5.548 -5.669 0.586
P126199 5.669 5.640 -6.280 0.568
P126200 5.788 5.664 -6.903 0.620
P126201 5.734 5.634 -7.475 0.959
P126202 5.537 5.565 -7.524 0.209
P126203 5.229 5.222 -8.124 0.582
P126204 5.366 5.177 -6.462 1.083
P126205 5.146 4.972 -6.459 1.119
P126206 5.617 5.471 -5.932 1.018
P126207 5.381 5.495 -7.481 0.616
P126208 5.485 5.520 -7.507 0.400
P126209 5.153 5.225 -7.626 0.471
P126210 5.383 5.094 -5.323 1.149
P126211 5.490 5.592 -7.116 0.385
P126212 5.863 5.937 -7.737 0.421
P126213 5.694 5.430 -7.248 1.032
P126214 5.567 5.440 -7.246 0.755
P126215 5.751 5.528 -6.779 0.953
P126216 5.631 5.467 -6.777 1.169
P126217 5.682 5.733 -8.140 0.271
P126218 5.506 5.480 -7.800 0.269
P126219 5.538 5.426 -7.615 0.477
P126220 5.636 5.624 -7.980 0.443
P126221 5.523 5.386 -6.522 0.681
P126222 5.635 5.653 -7.781 0.314
P126223 5.641 5.736 -8.412 0.344
P126224 5.613 5.526 -7.378 0.727
P126225 5.442 5.427 -7.309 0.728
P126226 5.781 5.679 -6.608 0.602
P126227 5.378 5.460 -8.398 0.341
P126228 5.143 4.954 -6.027 1.750
P126229 5.959 5.992 -7.521 0.312
P126230 5.845 5.823 -7.727 0.315
P126231 5.566 5.649 -7.346 0.456
P126232 5.656 5.612 -7.108 0.284
P126233 5.845 5.583 -6.549 1.176
P126234 5.739 5.570 -6.341 0.914
P126235 5.502 5.360 -6.030 0.538
P126236 5.784 5.746 -6.869 0.311
P126237 5.618 5.722 -8.274 0.457
P126238 6.003 5.856 -6.475 0.686
P126239 5.817 5.841 -7.602 0.298
P126240 5.434 5.304 -6.040 1.208
P126241 5.987 6.007 -7.988 0.401
P126243 5.253 5.347 -7.646 0.910
P126244 5.389 5.491 -7.501 0.454
P126245 5.566 5.544 -8.485 0.235
P126246 5.349 5.486 -7.515 0.383
P126247 5.645 5.570 -7.003 0.898
P126248 5.113 4.846 -6.494 1.248
P126249 5.377 5.546 -6.459 0.449
P126250 5.227 5.377 -8.198 0.677
P126251 5.496 5.643 -7.650 0.407
P126252 5.712 5.764 -8.068 0.481
P126253 5.772 5.652 -7.091 0.899
P126254 5.646 5.710 -7.536 0.337
P126255 5.569 5.207 -6.679 1.118
P126256 5.629 5.326 -7.077 1.035
P126257 5.921 5.951 -7.757 0.422
P126258 5.528 5.500 -7.980 0.499
P126259 5.042 5.153 -5.596 1.455
P126260 5.293 5.278 -7.206 0.516
P126261 5.798 5.923 -7.384 0.731
P126262 5.365 5.267 -6.064 1.132
P126263 5.684 5.625 -6.424 1.029
P126264 5.494 5.229 -6.843 1.062
P126265 5.355 5.312 -7.469 0.502
P126266 5.568 5.486 -5.980 0.733
P126267 5.699 5.506 -6.684 0.988
P126268 5.551 5.669 -8.447 0.430
P126269 5.909 5.691 -6.428 1.468
P126270 5.721 5.773 -7.693 0.438
P126271 5.188 5.223 -5.820 1.153
P126272 5.410 5.045 -5.192 1.441
P126273 5.802 5.733 -7.475 1.146
P126274 5.548 5.700 -7.637 0.449
P126275 5.758 5.573 -7.197 0.915
P126277 5.329 5.291 -7.956 1.024
P126278 5.950 5.973 -7.666 0.396
P126279 5.750 5.806 -7.794 0.443
P126280 5.621 5.642 -6.966 0.255
P126282 5.472 5.287 -5.787 1.093
P126283 5.851 5.902 -8.621 0.306
P126284 5.682 5.760 -7.683 0.473
P126285 5.750 5.685 -7.839 0.597
P126286 5.545 5.227 -7.461 1.117
P126287 5.302 5.330 -7.736 0.313
P126288 5.585 5.487 -7.128 0.782
P126289 5.892 5.748 -7.386 0.895
P126290 5.836 5.908 -8.319 0.485
P126291 5.255 5.401 -7.242 0.967
P126293 5.807 5.801 -7.531 0.703
P126294 5.660 5.439 -7.008 1.693
P126295 5.899 5.765 -7.672 1.541
P126296 5.842 5.914 -7.667 1.101
P126297 5.296 5.497 -6.017 1.027
P126298 5.430 5.295 -5.523 0.848
P126299 5.213 4.945 -5.144 1.481
P126300 5.809 5.951 -7.600 0.581
P126301 5.553 5.331 -5.996 0.634
P126302 5.621 5.599 -6.624 0.353
P126303 5.737 5.713 -7.601 0.871
P126304 5.548 4.918 -6.316 1.259
P126305 5.767 5.698 -7.416 0.821
P126306 5.794 5.670 -7.514 0.784
P126307 5.555 5.695 -8.625 0.391
P126308 5.576 5.498 -7.078 0.484
P126309 5.135 5.199 -6.356 0.427
P126310 5.665 5.640 -6.679 1.117
P126311 5.362 5.536 -7.846 1.120
P126312 5.476 5.588 -7.598 0.463
P126313 5.740 5.796 -7.947 0.413
P126314 5.899 5.953 -7.835 0.387
P126315 5.403 5.443 -6.479 0.764
P126316 5.287 5.435 -7.598 0.559
P126317 5.336 5.379 -6.856 1.051
P126318 5.770 5.339 -5.876 1.471
P126320 5.724 5.521 -7.396 1.023
P126321 5.517 5.453 -5.841 0.892
P126322 5.806 5.641 -7.384 1.458
P126323 5.891 5.949 -7.453 1.065
P126324 5.681 5.792 -6.833 0.413
P126325 5.794 5.686 -6.830 1.117
P126326 6.145 6.063 -8.059 0.388
P126327 5.750 5.972 -7.964 0.443
P126328 5.587 5.588 -7.874 0.499
P126329 5.618 5.567 -7.741 0.497
P126330 5.894 5.854 -6.847 1.104
P126331 6.109 6.173 -8.487 0.347
P126332 6.017 6.006 -8.109 0.419
P126333 5.041 5.154 -7.176 0.471
P126334 5.444 5.548 -7.176 0.711
P126335 5.604 5.517 -7.060 0.843
P126336 5.690 5.837 -8.655 0.368
P126337 5.801 5.800 -7.954 0.458
P126338 5.667 5.656 -8.693 0.479
P126339 5.483 5.644 -8.168 0.425
P126340 5.523 5.479 -6.598 0.814
P126341 5.175 4.989 -5.815 1.025
P126342 5.372 5.426 -7.495 0.797
P126343 5.878 5.511 -7.307 1.068
P126344 5.648 5.401 -6.995 0.528
P126345 5.577 5.711 -8.526 0.348
P126346 5.710 5.816 -8.126 0.370
P126347 5.937 5.915 -7.481 0.713
P126348 5.444 5.497 -5.650 2.480
P126349 5.826 5.549 -7.782 0.815
P126350 5.518 5.525 -7.162 0.300
P126351 6.215 6.234 -8.406 0.289
P126352 5.376 5.654 -7.315 0.912
P126353 5.665 5.668 -7.303 0.456
P126354 5.502 5.620 -6.688 0.525
P126355 5.755 5.971 -8.212 0.468
P126356 5.102 5.047 -6.298 1.305
P126357 5.851 5.938 -8.430 0.314
P126358 5.644 5.373 -7.246 0.864
P126359 5.496 5.423 -7.897 0.485
P126360 5.770 5.528 -7.480 0.592
P126361 5.582 5.500 -7.124 1.981
P126362 6.055 5.895 -7.797 0.894
P126363 5.934 5.870 -7.886 0.392
P126364 5.889 5.804 -7.479 0.437
P126365 5.762 5.773 -8.033 1.087
P126366 5.928 5.890 -7.397 0.972
P126367 5.368 5.580 -6.185 0.525
P126368 6.168 6.214 -8.469 1.070
P126369 6.323 6.353 -8.337 0.668
P126370 5.990 6.099 -7.029 0.475
P126371 6.035 6.269 -7.958 0.454
P126372 5.717 5.916 -6.448 1.311
P126373 5.754 5.881 -8.959 0.602
P126374 6.094 6.249 -7.969 0.331
P126375 5.763 5.916 -8.203 0.453
P126376 5.757 5.860 -8.563 0.566
P126377 5.792 5.680 -5.449 0.818
P126378 6.070 5.939 -7.238 0.898
P126379 6.025 6.194 -8.062 0.534
P126380 5.775 5.736 -5.473 1.074
P126381 5.712 5.695 -8.035 1.100
P126382 6.060 6.164 -8.336 0.584
P126383 5.769 5.688 -8.710 0.379
P126384 5.825 5.770 -7.734 0.752
P126385 5.658 5.662 -5.725 0.577
P126386 5.923 5.801 -6.990 0.977
P126387 5.217 5.411 -8.116 1.353
P126388 5.406 5.491 -6.655 1.032
P126389 6.239 6.386 -8.295 0.462
P126390 6.222 6.149 -6.705 1.098
P126391 5.876 6.182 -8.179 0.623
P126392 5.946 5.912 -8.593 0.344
P126393 5.847 5.583 -5.152 1.991
P126394 5.780 5.883 -8.337 0.499
P126395 5.613 5.723 -8.653 0.460
P126396 6.190 5.913 -6.338 1.844
P126397 6.208 6.290 -7.538 0.969
P126398 5.794 5.946 -9.132 0.382
P126399 6.184 5.943 -7.785 0.922
P126400 6.065 5.855 -7.777 0.504
P126401 5.690 5.565 -7.209 0.477
P126402 5.919 5.987 -8.112 0.692
P126403 5.499 5.205 -7.946 0.543
P126405 5.851 5.619 -7.230 0.951
P126406 5.635 5.701 -8.057 0.396
P126407 5.961 5.753 -6.657 1.540
P126408 5.664 5.508 -7.229 1.794
P126409 6.010 5.836 -6.517 0.617
P126410 5.503 5.215 -6.786 2.123
P126411 5.831 5.492 -6.367 1.414
P126412 5.983 5.584 -7.919 1.149
P126413 5.781 5.413 -6.802 1.010
P126414 6.266 6.071 -7.767 0.563
P126415 5.899 5.843 -8.083 0.376
P126416 5.854 5.847 -7.808 0.308
P126417 5.793 5.477 -6.279 2.225
P126418 5.970 5.933 -8.176 0.375
P126419 5.578 5.685 -7.962 0.614
P126420 5.658 5.838 -8.037 1.439
P126421 5.713 5.850 -6.436 1.092
P126422 6.110 5.928 -6.659 0.721
P126423 6.173 6.231 -8.792 0.544
P126424 5.916 6.030 -7.919 0.320
P126425 5.975 6.135 -8.130 0.479
P126426 5.632 5.420 -5.933 1.215
P126427 5.719 5.122 -6.459 0.905
P126428 5.684 5.819 -9.167 0.427
P126429 5.747 5.891 -8.299 0.562
P126430 6.083 6.079 -7.826 0.507
P126431 5.720 5.638 -8.763 0.437
P126432 5.942 5.826 -6.448 1.493
P126433 6.236 6.384 -8.221 0.329
P126434 6.006 5.994 -8.097 0.647
P126435 5.728 5.616 -5.688 2.035
P126436 5.689 5.757 -7.693 0.654
P126437 5.894 5.441 -7.098 1.684
P126438 6.030 5.958 -8.437 0.554
P126439 5.750 5.914 -8.556 0.391
P126440 5.985 5.953 -6.789 1.154
P126441 5.519 5.627 -6.140 0.438
P126442 5.973 6.024 -7.396 1.146
P126443 6.084 5.867 -7.069 1.005
P126444 6.303 6.080 -6.246 1.036
P126445 6.288 6.297 -7.940 0.327
P126446 5.820 5.883 -7.809 0.631
P126447 6.386 6.055 -5.712 1.222
P126448 6.109 6.307 -8.367 1.339
P126449 5.796 5.464 -7.317 1.584
P126450 5.564 5.691 -7.758 0.660
P126451 5.584 5.638 -7.745 0.697
P126452 5.630 5.363 -7.217 0.704
P126453 5.859 5.902 -8.134 0.660
P126454 5.859 5.880 -7.810 1.159
P126455 5.313 5.407 -7.071 0.801
P126456 5.417 5.445 -8.288 0.983
P126457 6.431 6.496 -5.874 0.602
P126458 5.872 5.574 -6.407 1.021
P126459 5.684 5.721 -8.105 0.631
P126460 6.182 5.830 -5.670 1.205
P126461 5.664 5.650 -6.655 0.513
P126462 6.058 6.043 -7.704 0.950
P126463 6.089 6.273 -8.945 0.454
P126464 6.077 6.079 -8.036 0.299
P126465 5.851 5.823 -8.585 0.713
P126466 5.997 5.938 -4.774 1.045
P126467 5.867 5.306 -6.642 0.528
P126468 5.840 5.835 -8.701 0.416
P126469 5.522 5.658 -8.435 0.479
P126470 5.942 5.810 -7.172 1.035
P126471 5.447 5.333 -6.974 1.038
P126472 5.925 6.125 -7.444 1.052
P126473 5.818 5.978 -7.204 0.478
P126474 5.777 5.999 -7.177 0.593
P126475 5.795 5.861 -8.115 0.848
P126476 5.780 5.954 -6.932 0.835
P126477 5.748 5.273 -6.518 1.019
P126478 6.040 6.032 -8.253 1.329
P126479 6.100 6.137 -8.165 0.408
P126480 6.209 6.175 -7.286 0.502
P126481 6.196 6.345 -8.348 0.435
P126482 5.936 5.871 -7.456 0.427
P126483 5.480 5.658 -7.160 1.093
P126484 5.655 5.722 -6.780 0.418
P126485 6.092 6.176 -8.519 0.391
P126486 5.951 5.576 -8.265 1.013
P126487 5.972 5.977 -7.949 0.805
P126488 6.343 6.431 -8.552 0.480
P126489 5.473 5.434 -5.440 0.765
P126490 6.145 6.060 -6.609 0.909
P126491 5.983 6.107 -7.084 0.678
P126492 5.842 5.507 -6.128 1.362
P126493 6.311 6.351 -7.387 0.444
P126494 6.404 6.367 -7.915 0.531
P126495 5.928 5.722 -7.629 1.204
P126496 5.423 5.463 -8.316 0.174
P126497 5.530 5.576 -8.677 0.214
P126498 5.610 5.624 -8.454 0.555
P126499 5.596 5.622 -8.443 0.278
P126500 5.591 5.658 -8.622 0.535
P126501 5.681 5.781 -7.909 0.419
P126502 5.692 5.701 -8.327 0.595
P126503 5.626 5.704 -6.556 0.743
P126504 5.616 5.633 -8.556 1.061
P126505 5.643 5.704 -8.779 0.351
P126506 5.567 5.703 -8.586 0.488
P126507 5.729 5.785 -8.126 0.474
P126508 5.728 5.766 -8.389 0.459
P126509 5.708 5.610 -8.055 0.726
P126512 5.783 5.812 -7.721 0.511
P126513 5.449 5.591 -7.805 0.421
P126514 5.573 5.657 -7.930 0.291
P126515 5.319 5.627 -7.648 0.862
P126516 5.442 5.455 -6.153 0.634
P126517 5.701 5.792 -9.016 0.399
P126518 5.740 5.725 -8.558 0.423
P126519 5.637 5.738 -7.783 0.892
P126520 5.721 5.776 -8.362 0.993
P126521 5.833 5.723 -9.109 0.541
P126523 5.886 5.878 -9.455 0.463
P126524 5.883 5.886 -8.729 0.442
P126526 5.567 5.666 -8.808 0.233
P126527 5.565 5.682 -9.015 0.263
P126528 5.583 5.618 -8.885 0.441
P126529 5.744 5.798 -8.905 0.226
P126530 5.706 5.756 -8.827 0.182
P126531 5.726 5.679 -8.698 0.329
P126532 5.843 5.817 -8.815 0.596
P126533 5.725 5.835 -8.789 0.329
P126534 5.665 5.562 -8.691 0.656
P126535 5.699 5.813 -9.374 0.285
P126536 5.700 5.748 -9.029 0.394
P126537 5.807 5.814 -8.954 0.544
P126538 5.974 5.897 -8.718 0.755
P126539 5.863 5.845 -9.133 0.231
P126540 5.832 5.820 -9.233 0.405
P126541 5.824 5.790 -8.867 0.400
P126542 5.760 5.874 -9.017 0.376
P126543 5.803 5.666 -8.119 0.788
P126544 5.844 5.787 -8.942 0.540
P126545 5.806 5.751 -8.069 0.652
P126546 5.895 5.929 -9.037 0.244
P126547 5.969 5.976 -8.950 0.469
P126548 5.926 5.968 -8.275 0.348
P126549 5.849 5.858 -9.142 0.542
P126550 5.948 6.076 -8.147 0.341
P126551 5.777 5.735 -9.164 1.259
P126552 5.990 5.966 -8.996 0.236
P126553 5.776 5.919 -9.570 0.375
P126554 5.899 5.938 -9.193 0.646
P126555 5.795 5.987 -8.532 0.563
P126556 5.694 5.834 -8.687 0.431
P126557 5.959 5.973 -7.222 0.494
P126558 5.824 5.747 -8.296 0.539
P126559 6.012 6.049 -9.215 0.473
P126560 5.862 5.963 -8.560 0.412
P126561 6.044 6.080 -8.455 0.807
P126563 5.873 5.938 -8.240 0.231
P126564 5.831 5.865 -8.518 0.571
P126566 5.697 5.896 -9.264 0.681
P126567 5.836 5.822 -8.265 0.607
P126568 5.847 5.923 -9.100 0.528
P126569 5.988 5.621 -7.781 2.099
P126570 5.867 5.981 -8.773 0.455
P126571 5.896 5.993 -8.375 0.721
P126572 5.910 5.711 -7.902 0.671
P126573 5.868 5.930 -8.925 0.512
P126574 5.943 6.067 -9.437 0.563
P126575 5.844 5.927 -7.836 0.489
P126577 5.968 6.068 -9.080 0.355
P126578 5.963 6.060 -8.662 0.355
P126580 5.788 5.977 -8.895 1.364
P126581 6.044 5.887 -7.498 2.749
P126582 5.979 6.031 -9.531 0.345
P126583 6.011 6.030 -9.446 0.754
P126584 5.918 5.496 -9.212 1.487
P126586 5.967 5.962 -9.207 0.311
P126587 5.998 5.990 -9.547 1.146
P126589 6.077 6.067 -9.681 0.780
P126591 6.048 6.018 -9.570 0.761
P126595 5.941 5.946 -10.140 0.496
P126596 6.002 5.980 -9.509 0.185
P126597 6.023 6.007 -10.196 0.459
P126599 6.065 5.978 -10.120 0.264
P126601 6.045 6.098 -9.775 0.505
P126602 5.422 5.536 -9.680 0.802
P126603 5.811 5.633 -7.994 0.366
P126604 5.461 5.619 -9.360 0.747
P126605 5.516 5.663 -9.499 0.692
P126606 5.704 5.761 -8.311 0.321
P126607 5.515 5.621 -9.407 0.741
P126608 5.724 5.691 -8.103 0.329
P126609 5.468 5.572 -9.783 0.792
P126610 5.484 5.469 -8.801 0.304
P126612 5.932 5.778 -8.252 0.423
P126613 5.836 5.922 -8.431 0.332
P126614 5.885 5.689 -7.940 0.440
P126615 5.840 5.825 -8.231 0.554
P126616 6.061 5.755 -7.897 0.674
P126617 5.666 5.752 -9.633 0.797
P126618 5.658 5.762 -9.724 0.695
P126619 5.833 5.842 -9.443 0.694
P126620 5.602 5.682 -8.989 0.422
P126621 5.710 5.790 -9.521 0.696
P126623 5.573 5.741 -9.994 0.677
P126624 5.634 5.758 -10.062 0.654
P126625 5.590 5.714 -9.826 0.733
P126627 5.526 5.491 -7.027 0.537
P126628 5.554 5.508 -8.622 0.263
P126629 5.798 5.731 -8.819 0.306
P126630 5.577 5.724 -10.047 0.742
P126631 5.633 5.580 -9.030 0.379
P126632 5.664 5.661 -9.068 0.310
P126633 5.838 5.818 -8.438 0.201
P126634 5.745 5.692 -8.828 0.224
P126635 5.706 5.774 -9.707 0.734
P126636 5.768 5.815 -9.877 0.762
P126637 5.780 5.842 -9.269 0.778
P126638 5.802 5.929 -8.378 0.441
P126639 5.800 5.855 -9.176 0.331
P126645 5.755 5.743 -9.177 0.725
P126646 5.945 5.989 -7.697 0.312
P126647 6.018 5.843 -8.109 0.401
P126648 5.952 5.779 -7.340 0.627
P126649 5.934 6.045 -8.599 0.479
P126650 5.734 5.851 -9.985 0.772
P126651 5.647 5.792 -9.717 0.711
P126652 5.882 5.972 -9.878 0.726
P126653 5.714 5.863 -10.288 0.695
P126654 5.718 5.854 -10.052 0.784
P126655 5.891 5.811 -8.284 0.402
P126656 5.777 5.865 -9.418 0.759
P126657 5.768 5.883 -9.402 0.483
P126658 5.906 5.996 -10.273 0.721
P126659 5.933 6.052 -9.238 0.645
P126660 5.839 5.906 -9.802 0.696
P126661 5.919 5.976 -9.375 0.829
P126662 5.590 5.730 -10.021 0.968
P126663 5.894 5.991 -7.254 0.533
P126665 5.883 5.909 -8.216 0.449
P126666 5.711 5.741 -8.904 0.364
P126667 5.758 5.898 -10.148 0.724
P126668 5.837 5.746 -8.390 0.957
P126669 6.163 6.071 -8.055 0.341
P126671 5.756 5.725 -9.384 0.869
P126674 5.786 5.813 -9.214 0.858
P126675 6.082 5.969 -8.802 1.041
P126676 6.073 6.084 -9.128 0.922
P126677 6.069 6.124 -8.992 0.832
P126680 5.714 5.831 -9.516 1.014
P126681 5.941 6.035 -10.039 0.781
P126682 5.666 5.952 -10.245 0.926
P126683 5.855 5.983 -10.059 0.684
P126684 5.842 5.957 -9.550 0.781
P126685 5.860 5.952 -9.576 0.686
P126686 5.856 5.923 -9.294 0.784
P126688 5.660 5.727 -7.947 0.556
P126689 5.799 5.928 -9.187 0.813
P126690 5.862 5.900 -8.620 0.358
P126692 5.734 5.842 -9.031 0.549
P126693 5.708 5.594 -7.484 2.430
P126694 5.702 5.693 -7.701 0.432
P126695 5.817 5.535 -6.483 0.672
P126696 5.933 6.023 -7.812 0.354
P126697 5.907 5.840 -8.104 0.372
P126698 5.998 6.088 -7.830 0.527
P126699 5.815 5.694 -7.008 0.607
P126701 6.001 6.027 -8.053 0.281
P126702 5.808 5.888 -10.122 0.681
P126703 5.855 5.882 -9.482 0.834
P126704 5.708 5.812 -10.353 1.052
P126705 5.755 5.708 -7.873 0.493
P126706 5.524 5.688 -9.034 0.914
P126707 5.708 5.535 -7.689 1.125
P126709 5.828 5.911 -9.847 0.987
P126710 5.789 5.950 -9.540 0.765
P126712 5.463 5.543 -8.137 0.473
P126714 5.975 6.097 -9.961 0.662
P126715 5.921 6.057 -8.470 0.536
P126716 5.956 5.977 -8.339 1.014
P126717 5.866 5.917 -9.419 0.741
P126718 5.916 6.163 -9.429 0.753
P126719 5.874 5.959 -9.691 0.759
P126720 5.785 5.902 -8.683 0.796
P126721 5.843 6.013 -8.525 0.716
P126722 5.889 6.098 -9.779 0.747
P126723 6.113 5.920 -8.291 0.513
P126724 5.768 5.829 -9.946 0.825
P126725 5.882 5.794 -6.481 0.655
P126726 6.100 5.763 -5.520 1.433
P126728 5.975 6.081 -9.492 0.767
P126729 5.677 5.878 -9.236 0.792
P126730 5.837 5.973 -9.610 1.055
P126731 5.848 5.983 -10.618 1.004
P126732 5.875 6.012 -8.633 0.695
P126733 5.779 5.740 -8.957 0.443
P126734 5.811 5.968 -8.826 0.645
P126735 5.844 5.981 -9.535 0.364
P126736 5.770 5.904 -8.805 1.055
P126737 6.162 6.275 -9.102 0.804
P126738 6.104 6.045 -7.874 0.337
P126741 6.102 6.040 -9.022 0.984
P126742 6.133 6.117 -7.983 0.443
P126744 6.091 6.114 -7.506 0.375
P126747 6.288 6.245 -8.152 0.598
P126748 6.113 6.211 -8.745 0.468
P126750 6.193 6.104 -9.189 1.039
P126751 6.355 6.345 -9.023 1.254
P126752 6.163 6.194 -8.641 0.470
P126753 5.913 6.018 -10.291 0.864
P126754 5.816 5.878 -8.682 1.136
P126755 6.141 6.264 -8.456 0.499
P126756 5.942 6.044 -9.651 0.719
P126757 6.334 6.355 -8.533 0.771
P126760 5.979 6.116 -8.434 0.387
P126761 5.998 6.226 -9.816 0.727
P126762 5.984 5.894 -8.529 0.265
P126763 5.971 6.212 -9.123 0.759
P126764 5.585 5.847 -8.926 0.813
P126765 5.917 6.059 -9.781 0.791
P126767 6.263 6.394 -9.303 0.939
P126768 6.025 6.040 -7.722 0.285
P126769 5.827 5.821 -8.699 0.323
P126770 6.070 6.160 -8.036 0.576
P126771 6.022 6.294 -9.822 0.753
P126773 5.904 6.012 -9.516 0.409
P126774 6.057 6.104 -8.353 0.562
P126777 6.289 6.406 -9.176 0.869
P126778 6.197 6.465 -9.497 0.463
P126779 6.190 6.190 -9.041 0.810
P126780 5.866 5.833 -9.541 0.748
P126782 6.180 6.376 -9.353 1.240
P126783 6.253 6.376 -8.445 1.052
P126784 6.136 6.306 -8.165 0.513
P126786 6.389 6.363 -7.479 0.501
P126787 6.301 6.342 -7.614 0.679
P126789 6.218 6.345 -9.454 0.768
P126790 6.161 6.248 -8.761 0.779
P126791 6.264 6.166 -7.270 0.839
P126792 6.189 6.348 -9.055 0.846
P126794 6.134 5.885 -8.380 0.836
P126797 6.015 6.049 -8.776 0.436
P126799 6.020 5.873 -8.742 0.440
P126801 6.033 6.078 -8.679 0.443
P126803 6.130 6.053 -8.131 0.779
P126804 5.878 5.725 -8.511 0.908
P126807 5.946 5.862 -9.206 0.444
P126811 5.836 5.889 -9.373 0.333
P126812 5.775 5.791 -10.065 0.829
P126814 5.835 5.830 -9.403 0.256
P126815 5.984 5.624 -8.225 1.134
P126817 6.018 5.866 -8.798 0.528
P126820 6.185 6.374 -9.187 0.724
P126821 6.003 6.231 -8.362 0.805
P126822 6.148 6.286 -10.134 1.096
P126823 6.099 6.317 -8.896 0.776
P126825 5.996 6.113 -9.960 0.680
P126829 6.365 6.463 -7.323 0.606
P126830 6.094 6.118 -9.885 0.355
P126834 6.026 6.042 -9.778 0.497
P126835 5.985 5.804 -10.160 0.771
P126837 5.951 5.967 -8.867 0.622
P126838 5.922 5.909 -9.915 0.794
P126840 6.046 5.959 -9.739 0.773
P126841 6.311 6.258 -8.012 1.192
P126842 6.216 6.319 -8.333 1.045
P126843 6.281 6.200 -8.873 0.259
P126846 6.151 6.322 -8.905 0.907
P126847 6.277 6.364 -9.048 1.553
P126849 6.273 6.533 -8.900 0.868
P126850 6.444 6.244 -8.804 0.948
P126851 6.617 6.316 -8.375 0.469
P126852 6.426 6.509 -8.873 0.858
P126853 6.495 6.334 -7.853 0.501
P126854 6.647 6.277 -8.375 0.558
P126855 6.505 6.210 -8.200 0.742
P126856 5.610 5.659 -9.520 0.283
P126857 5.566 5.504 -8.759 0.988
P126860 5.860 5.928 -9.541 0.436
P126862 5.735 5.715 -9.170 0.255
P126864 5.804 5.816 -9.653 0.237
P126866 5.430 5.222 -7.938 0.733
P126867 5.489 5.497 -9.039 0.224
P126869 5.666 5.636 -8.661 1.078
P126870 5.702 5.546 -8.763 0.998
P126871 5.723 5.537 -8.469 0.732
P126872 6.065 6.106 -8.853 0.285
P126873 5.365 5.090 -8.028 1.215
P126875 5.405 5.218 -8.367 0.733
P126876 5.829 5.842 -8.402 0.314
P126877 5.698 5.653 -9.136 0.563
P126882 5.921 5.943 -9.645 0.249
P126884 5.986 5.958 -9.308 0.241
P126886 5.990 6.006 -9.651 0.454
P126887 5.868 5.752 -9.304 0.524
P126888 5.927 5.910 -9.837 0.282
P126889 5.887 5.873 -9.274 0.261
P126891 5.979 6.031 -9.600 0.412
P126893 5.811 5.805 -9.470 0.295
P126895 5.620 5.451 -8.523 0.998
P126896 5.584 5.641 -9.393 0.634
P126897 5.741 5.803 -9.468 0.406
P126898 5.662 5.646 -9.172 0.232
P126899 5.726 5.717 -9.146 0.213
P126900 5.686 5.718 -9.556 0.276
P126901 5.956 5.938 -10.113 0.298
P126902 5.906 5.870 -9.595 0.240
P126903 6.012 5.995 -9.629 0.202
P126904 6.133 6.020 -8.066 0.527
P126905 6.071 5.871 -8.315 0.676
P126906 5.985 5.952 -8.880 0.604
P126907 6.095 6.002 -8.741 0.573
P126908 6.007 6.073 -9.307 0.317
P126909 5.560 5.320 -8.044 0.832
P126910 5.933 5.790 -9.480 0.565
P126911 6.027 6.008 -9.646 0.239
P126912 6.098 6.089 -9.744 0.253
P126913 6.083 6.099 -10.120 0.296
P126914 6.186 6.212 -8.942 0.287
P126915 6.123 6.088 -8.957 0.577
P126916 6.183 6.310 -9.321 0.328
P126917 6.027 6.041 -9.133 0.665
P126918 6.101 6.119 -9.706 0.298
P126919 6.001 5.981 -9.343 0.265
P126920 6.132 6.142 -9.969 0.299
P126921 5.963 5.935 -9.796 0.286
P126922 5.886 5.781 -8.341 0.495
P126923 5.930 6.009 -8.450 0.444
P126924 5.974 6.105 -8.327 0.541
P126925 6.201 6.050 -8.509 0.693
P126926 6.269 6.204 -8.711 0.705
P126928 5.602 5.454 -8.378 0.641
P126929 6.281 6.109 -8.995 0.965
P126930 6.229 6.148 -8.817 0.617
P126931 6.130 6.233 -9.346 0.318
P126933 6.072 6.092 -9.845 0.308
P126934 6.078 6.087 -9.420 0.253
P126935 5.736 5.575 -7.784 0.655
P126936 5.790 5.845 -9.172 0.624
P126937 5.813 5.861 -9.690 0.457
P126938 5.702 5.642 -9.270 0.416
P126939 5.610 5.586 -8.605 0.787
P126943 5.965 5.891 -9.613 0.454
P126945 5.985 6.082 -9.821 0.641
P126947 6.049 6.071 -9.305 0.481
P126951 5.935 5.982 -9.230 0.310
P126952 5.669 5.750 -8.455 1.121
P126954 5.950 6.073 -9.889 0.599
P126955 5.602 5.464 -8.028 0.645
P126956 5.750 5.575 -7.852 0.900
P126958 5.763 5.673 -7.628 0.579
P126959 5.758 5.358 -8.170 1.449
P126961 5.800 5.744 -8.204 0.594
P126962 5.723 5.634 -8.287 0.523
P126966 6.146 6.263 -9.900 0.584
P126967 5.643 5.640 -7.743 1.746
P126968 5.756 5.743 -9.249 0.254
P126969 5.711 5.755 -8.594 0.300
P126970 5.654 5.622 -8.988 0.322
P126971 5.846 5.851 -9.524 0.528
P126973 5.797 5.861 -9.335 0.775
P126974 5.855 5.859 -9.619 0.615
P126975 5.830 5.852 -9.590 0.359
P126978 6.330 6.206 -9.315 0.828
P126979 6.215 6.007 -8.469 0.663
P126980 6.175 6.161 -9.373 0.470
P126981 6.142 6.241 -9.522 1.165
P126982 6.249 6.350 -8.993 0.315
P126985 5.848 5.871 -9.220 0.375
P126987 5.684 5.616 -8.922 1.013
P126988 6.069 5.993 -9.798 0.407
P126989 6.006 6.077 -8.922 0.727
P126991 6.039 5.895 -9.514 0.488
P126992 6.167 6.193 -9.971 0.456
P126993 6.146 6.249 -10.149 0.616
P126994 6.130 6.207 -9.626 0.498
P126996 6.018 6.063 -9.535 0.302
P126999 6.050 6.077 -9.774 0.294
P127002 6.003 6.050 -9.815 0.431
P127005 6.014 6.094 -9.366 0.626
P127007 5.888 5.831 -9.224 0.555
P127009 5.882 6.092 -9.013 0.835
P127014 5.872 5.880 -7.687 0.527
P127015 5.908 5.988 -8.099 0.365
P127017 5.923 5.947 -7.792 0.466
P127022 5.966 6.057 -10.493 0.262
P127024 6.039 6.150 -10.116 0.440
P127025 5.983 6.019 -9.819 0.379
P127026 6.048 6.221 -10.089 0.582
P127027 6.181 6.191 -9.456 0.709
P127029 6.084 6.091 -8.878 0.651
P127030 6.101 6.133 -9.288 0.204
P127031 6.184 6.184 -9.737 0.231
P127032 6.046 6.188 -8.987 0.550
P127033 5.946 6.038 -9.915 0.812
P127034 6.149 6.258 -10.079 0.882
P127035 5.856 5.839 -9.392 0.617
P127036 6.170 6.138 -9.225 0.440
P127037 6.162 6.134 -9.650 0.454
P127039 6.284 6.308 -8.619 0.757
P127041 6.351 6.108 -7.981 0.899
P127042 6.270 6.171 -7.829 0.597
P127045 6.199 6.004 -8.477 0.659
P127046 6.183 6.260 -9.941 0.451
P127048 6.189 6.110 -9.094 0.492
P127049 6.107 6.018 -8.557 0.725
P127051 6.012 5.774 -8.867 0.799
P127052 5.637 5.586 -8.834 1.050
P127053 5.587 5.510 -7.621 0.669
P127054 5.784 5.790 -9.516 0.591
P127056 5.740 5.625 -9.220 1.055
P127060 6.101 6.039 -7.484 0.885
P127063 6.095 6.138 -9.310 0.294
P127064 5.888 5.903 -9.013 0.652
P127065 6.207 6.294 -9.639 1.144
P127066 6.192 6.222 -10.164 0.453
P127068 5.975 5.965 -9.163 0.447
P127069 5.659 5.265 -7.436 1.049
P127071 6.268 6.350 -9.108 0.617
P127072 5.944 5.877 -8.951 0.366
P127074 6.341 6.384 -9.120 0.428
P127077 6.315 6.366 -8.567 0.577
P127078 6.110 6.098 -8.826 0.470
P127079 6.218 6.313 -8.889 0.373
P127080 6.196 6.444 -9.591 0.656
P127081 6.241 6.400 -8.745 0.517
P127082 5.843 5.809 -9.596 0.500
P127083 5.780 5.836 -10.674 0.514
P127085 6.095 6.203 -9.242 0.483
P127086 5.731 5.725 -8.885 0.462
P127088 5.962 6.029 -9.056 0.688
P127090 5.964 6.028 -10.846 0.523
P127093 5.971 5.935 -10.207 0.629
P127094 6.139 6.234 -9.934 0.348
P127096 5.536 5.308 -8.869 0.615
P127098 6.152 6.099 -10.149 0.622
P127099 5.851 5.899 -8.948 0.958
P127101 5.875 5.811 -9.313 0.802
P127102 6.122 6.252 -11.130 0.617
P127103 6.015 6.235 -9.068 0.965
P127105 5.680 5.494 -7.507 1.531
P127106 5.687 5.695 -8.990 0.460
P127107 5.914 5.799 -9.505 0.764
P127108 6.034 6.024 -9.980 0.393
P127109 6.147 6.231 -10.256 0.320
P127110 6.114 6.031 -9.886 0.560
P127111 6.022 5.988 -9.202 0.749
P127112 6.115 6.187 -10.325 0.327
P127113 6.201 6.171 -10.817 0.498
P127114 5.965 5.943 -7.505 0.514
P127116 6.098 5.982 -8.446 0.700
P127117 6.081 6.073 -8.561 0.560
P127120 6.076 5.794 -7.802 2.345
P127121 6.142 6.073 -8.671 0.663
P127122 6.189 6.190 -10.412 0.530
P127123 6.237 5.986 -7.649 1.589
P127124 6.303 6.363 -9.960 0.400
P127127 5.676 5.684 -9.189 0.741
P127128 6.288 6.150 -8.932 0.659
P127129 6.251 6.234 -9.166 0.485
P127130 5.939 5.728 -8.071 0.708
P127131 6.081 6.082 -10.021 0.277
P127132 6.091 6.074 -9.132 0.709
P127135 6.115 6.062 -8.813 0.885
P127136 5.586 5.302 -8.693 1.116
P127137 5.913 5.937 -10.158 0.264
P127142 5.730 5.705 -10.188 0.245
P127144 6.077 5.921 -8.958 0.858
P127147 6.042 6.086 -8.875 0.484
P127148 5.673 5.568 -8.722 0.919
P127150 6.196 6.317 -10.732 0.573
P127151 6.265 6.322 -9.860 0.337
P127153 5.870 6.038 -8.989 0.672
P127154 6.087 6.095 -8.430 1.152
P127155 6.243 6.044 -8.618 0.624
P127156 6.215 6.133 -10.252 0.530
P127157 6.051 5.959 -8.975 0.775
P127158 6.024 5.912 -8.836 0.677
P127159 6.085 6.087 -8.792 0.750
P127160 5.988 6.033 -10.134 1.145
P127161 6.036 6.028 -8.203 0.920
P127162 6.220 6.256 -9.263 0.716
P127163 5.724 5.747 -10.568 0.342
P127166 5.666 5.605 -8.977 0.316
P127168 5.753 5.831 -10.492 0.274
P127170 5.770 5.674 -10.231 0.522
P127172 5.810 5.811 -9.943 0.520
P127175 5.766 5.762 -10.551 0.223
P127177 6.109 6.200 -10.843 0.506
P127180 5.713 5.652 -9.871 0.460
P127181 5.776 5.686 -9.198 0.524
P127183 5.822 5.823 -9.452 0.575
P127186 5.636 5.511 -9.174 0.696
P127187 6.216 6.425 -9.501 0.752
P127188 6.337 6.338 -9.899 0.242
P127189 5.679 5.510 -8.587 0.655
P127191 5.938 6.047 -9.511 0.352
P127192 6.245 5.925 -8.451 1.783
P127193 6.155 6.153 -9.815 0.315
P127195 6.350 6.055 -8.579 1.770
P127197 6.044 6.131 -9.825 0.312
P127200 6.378 6.307 -9.780 0.379
P127201 6.342 6.407 -10.511 0.280
P127203 6.256 6.342 -10.165 0.653
P127206 6.025 5.912 -5.757 0.995
P127208 6.164 6.205 -9.815 0.347
P127209 5.791 5.813 -8.710 0.318
P127211 6.275 6.259 -9.195 0.516
P127212 5.840 5.992 -9.497 0.494
P127214 5.877 5.737 -9.668 0.722
P127215 6.040 6.098 -9.683 0.679
P127216 6.013 6.013 -9.413 0.843
P127217 5.758 5.978 -9.719 1.608
P127219 5.916 5.817 -11.063 0.464
P127225 5.934 5.915 -11.062 0.313
P127226 5.945 5.873 -9.754 0.575
P127228 5.934 5.971 -10.847 0.284
P127230 5.616 5.692 -9.242 1.473
P127231 6.022 6.050 -10.844 0.301
P127238 5.696 5.619 -10.631 0.318
P127239 5.939 5.829 -10.368 0.506
P127243 5.848 5.798 -10.648 0.327
P127247 6.015 6.060 -10.816 0.510
P127254 5.821 5.889 -9.773 0.413
P127255 5.826 5.843 -9.333 0.609
P127257 5.950 6.026 -9.207 0.750
P127258 6.306 6.439 -9.319 0.475
P127259 6.367 6.391 -11.412 0.597
P127260 5.750 5.245 -7.369 2.736
P127261 6.292 6.237 -10.743 0.776
P127262 6.187 6.322 -10.457 0.454
P127265 6.171 6.080 -9.500 0.572
P127266 6.219 6.073 -8.964 0.521
P127268 6.199 6.174 -9.196 0.436
P127269 6.385 6.227 -8.964 0.538
P127270 5.805 5.803 -9.166 0.214
P127272 5.989 6.093 -9.528 0.837
P127273 5.853 5.938 -9.413 0.780
P127276 6.191 6.154 -11.339 0.322
P127278 6.349 6.282 -9.262 0.714
P127281 6.209 6.207 -11.254 0.525
P127285 6.101 6.065 -11.293 0.787
P127286 5.936 5.964 -10.324 0.562
P127287 6.103 6.083 -11.430 0.271
P127289 6.218 6.059 -11.322 0.654
P127290 6.154 6.165 -9.244 0.583
P127292 6.132 6.181 -10.560 0.308
P127294 6.076 6.206 -10.411 0.355
P127295 6.220 6.204 -10.255 0.479
P127296 6.099 6.141 -9.758 0.447
P127298 6.404 6.418 -10.902 0.488
P127303 6.074 6.040 -10.660 0.225
P127304 6.075 6.041 -8.451 0.433
P127306 6.299 6.315 -8.623 0.265
P127308 5.695 5.710 -11.092 0.284
P127310 5.836 5.886 -9.979 0.248
P127312 5.733 5.592 -10.088 0.345
P127313 6.135 6.027 -9.581 0.464
P127317 6.190 6.177 -10.860 0.271
P127320 6.032 6.007 -10.313 0.225
P127321 6.064 5.956 -10.774 0.601
P127322 6.107 6.116 -10.953 0.385
P127323 6.067 6.025 -11.065 0.348
P127325 6.036 5.988 -10.876 0.706
P127328 5.916 5.846 -10.769 0.729
P127332 5.680 5.694 -9.046 0.691
P127333 5.812 5.671 -8.781 0.761
P127335 5.518 5.375 -8.584 1.437
P127336 5.733 5.730 -8.260 0.426
P127340 5.638 5.451 -8.837 0.494
P127342 5.582 5.598 -8.507 0.347
P127343 5.762 5.712 -9.216 0.328
P127345 5.647 5.488 -8.757 0.776
P127346 5.745 5.669 -8.001 0.597
P127348 5.898 5.904 -11.263 0.304
P127355 5.961 6.035 -10.604 0.424
P127357 5.866 5.719 -8.854 0.686
P127358 5.073 5.095 -6.918 0.370
P127359 5.053 4.914 -8.961 0.693
P127360 5.098 4.917 -8.899 0.307
P127361 5.294 4.848 -8.018 0.600
P127362 4.929 4.609 -8.409 0.877
P127363 5.173 4.998 -7.942 1.032
P127364 5.298 4.833 -6.548 0.467
P127365 5.249 5.126 -8.970 0.279
P127366 5.162 5.048 -9.284 0.293
P127367 5.142 4.698 -8.069 0.669
P127368 5.350 5.021 -6.752 0.418
P127369 5.389 5.056 -9.002 0.412
P127370 5.353 4.932 -6.739 0.481
P127371 5.239 5.187 -6.433 0.402
P127372 5.257 5.231 -7.854 0.738
P127373 5.251 4.987 -7.550 1.039
P127374 5.018 4.833 -7.377 0.488
P127375 5.183 4.772 -7.103 0.480
P127376 5.044 4.788 -7.019 0.542
P127377 5.311 5.061 -9.499 0.419
P127378 5.091 5.016 -7.671 0.681
P127379 5.344 5.549 -8.960 0.796
P127380 5.273 4.986 -7.131 0.540
P127381 4.905 5.255 -8.028 0.914
P127382 5.242 4.902 -7.361 0.497
P127383 5.435 4.869 -7.277 0.641
P127384 5.292 5.462 -8.945 0.746
P127385 5.374 5.115 -9.527 0.429
P127386 5.365 5.314 -9.378 0.408
P127387 5.306 5.119 -9.346 0.426
P127388 5.330 5.216 -8.880 0.394
P127389 5.342 5.303 -9.698 0.387
P127390 5.382 5.239 -7.295 0.900
P127391 5.283 5.103 -7.288 0.716
P127392 5.090 4.852 -7.554 0.832
P127393 5.345 5.010 -9.006 0.513
P127394 5.364 5.256 -6.790 0.426
P127395 5.352 5.094 -6.445 0.465
P127396 5.355 5.082 -6.997 0.524
P127397 5.396 5.196 -7.149 0.716
P127398 5.063 5.051 -7.580 0.790
P127399 5.215 5.172 -7.806 0.697
P127400 5.368 5.513 -8.144 0.904
P127401 5.149 4.766 -7.641 0.724
P127402 5.182 5.497 -8.016 1.285
P127403 5.321 4.861 -7.133 0.847
P127404 5.399 5.365 -10.060 0.317
P127405 5.410 5.326 -9.082 0.496
P127406 5.415 5.378 -7.211 0.738
P127407 5.386 5.181 -9.767 0.448
P127408 5.451 5.142 -7.908 1.088
P127409 5.403 5.267 -8.192 0.871
P127410 5.342 5.354 -7.682 0.750
P127411 5.238 5.026 -7.273 0.577
P127412 5.263 5.246 -8.337 0.667
P127413 5.048 4.941 -7.838 1.404
P127414 5.357 5.074 -9.349 0.463
P127415 5.427 5.220 -7.192 0.463
P127416 5.377 5.108 -6.716 0.719
P127417 5.829 5.439 -5.190 1.222
P127418 5.460 5.616 -9.095 0.698
P127419 5.293 5.039 -8.068 0.476
P127421 5.442 5.444 -9.026 0.548
P127422 5.187 5.159 -9.069 0.716
P127423 5.347 5.446 -7.844 0.673
P127424 5.515 5.391 -6.817 0.344
P127425 5.383 5.397 -7.197 0.569
P127426 5.194 5.069 -7.582 1.175
P127427 5.458 5.403 -9.179 0.384
P127428 5.404 5.136 -6.822 0.472
P127429 5.474 5.277 -6.057 0.533
P127430 5.477 5.190 -6.962 1.355
P127432 5.620 5.223 -6.296 1.048
P127433 5.548 5.463 -8.813 0.295
P127435 5.508 5.213 -8.242 1.055
P127437 5.342 5.086 -9.007 0.506
P127438 5.302 5.176 -8.218 0.685
P127439 5.479 5.504 -7.063 0.573
P127440 5.308 5.129 -7.040 0.627
P127441 5.487 5.508 -9.064 0.779
P127442 5.455 5.291 -7.620 0.691
P127444 5.344 5.387 -8.587 0.560
P127445 5.353 5.074 -6.625 0.837
P127446 5.166 5.285 -6.744 1.667
P127447 5.509 5.314 -8.623 0.689
P127448 5.388 5.305 -8.731 0.328
P127449 5.238 5.071 -8.002 0.511
P127450 5.330 5.097 -8.942 0.382
P127451 5.453 5.337 -8.800 0.452
P127453 5.442 5.331 -8.888 0.355
P127454 5.518 5.206 -7.278 1.100
P127455 5.400 5.128 -8.389 0.706
P127456 5.409 5.320 -7.424 0.684
P127457 5.382 5.231 -7.515 1.005
P127459 5.943 5.900 -9.228 0.198
P127460 5.825 5.683 -8.146 0.343
P127462 5.544 5.513 -6.882 0.697
P127463 5.456 5.406 -8.574 0.410
P127464 5.448 5.494 -7.261 0.429
P127465 5.476 5.252 -6.689 0.702
P127466 5.735 5.414 -4.992 1.676
P127467 5.514 5.315 -7.573 1.530
P127468 5.751 5.850 -9.226 0.727
P127469 5.585 5.217 -7.177 0.539
P127470 5.211 5.213 -6.768 0.619
P127471 5.020 5.336 -7.597 0.966
P127472 5.093 4.806 -6.009 1.838
P127473 5.709 5.754 -7.900 0.362
P127474 5.536 5.196 -9.206 0.588
P127475 5.459 5.483 -8.566 0.438
P127476 5.517 5.352 -7.906 0.674
P127477 5.455 5.374 -7.947 0.734
P127478 5.335 5.275 -9.860 0.276
P127479 5.559 5.396 -7.668 0.902
P127480 5.556 5.650 -7.021 0.766
P127481 5.312 5.229 -6.711 1.101
P127482 5.427 5.273 -7.344 1.181
P127483 5.608 5.523 -7.367 0.786
P127485 5.708 5.609 -6.311 1.005
P127486 5.689 5.488 -7.105 0.761
P127487 5.409 5.091 -7.582 0.516
P127488 5.522 5.223 -7.660 0.581
P127489 5.383 5.108 -9.095 0.648
P127490 5.338 5.453 -8.722 1.065
P127491 5.407 5.587 -7.491 1.084
P127492 5.546 5.549 -7.495 0.627
P127493 5.632 5.624 -7.724 0.847
P127495 5.616 5.440 -7.174 0.463
P127496 5.705 5.243 -8.288 1.716
P127498 5.515 5.435 -9.276 0.454
P127500 5.579 5.556 -9.578 0.406
P127502 5.546 5.399 -9.755 0.420
P127504 5.628 5.201 -8.316 0.752
P127506 5.629 5.486 -9.594 0.333
P127507 5.638 5.329 -9.553 0.854
P127508 5.752 5.445 -7.482 0.491
P127513 5.676 5.447 -9.227 0.521
P127516 5.691 5.586 -7.551 0.523
P127519 5.557 5.493 -7.306 0.440
P127521 5.851 5.445 -6.889 1.319
P127522 5.761 5.441 -10.110 0.707
P127523 5.683 5.609 -10.004 0.367
P127525 5.726 5.702 -10.187 0.327
P127527 5.912 5.914 -9.338 0.352
P127529 5.538 5.451 -10.008 0.403
P127531 5.603 5.544 -10.668 0.869
P127532 5.659 5.126 -7.400 0.901
P127533 5.536 5.213 -8.334 0.761
P127534 5.702 5.308 -8.893 0.936
P127535 5.871 5.511 -8.218 1.049
P127537 5.623 5.499 -8.918 0.421
P127538 5.589 5.485 -8.365 0.985
P127539 5.590 5.531 -9.448 0.957
P127541 5.641 5.450 -8.289 0.713
P127543 5.635 5.465 -8.454 0.781
P127544 5.927 5.762 -7.069 0.651
P127546 6.264 6.124 -7.012 0.357
P127547 5.952 5.862 -7.626 0.667
P127549 5.952 5.621 -6.932 0.547
P127550 6.081 6.030 -6.878 0.981
P127551 5.729 5.594 -5.548 0.765
P127552 5.924 5.486 -7.364 1.037
P127553 6.321 6.084 -7.172 1.001
P127555 5.797 5.079 -6.179 1.507
P127556 6.031 6.005 -7.858 1.042
P127557 6.187 6.092 -7.820 1.315
P127564 6.083 6.237 -9.117 0.784
P127587 5.844 5.810 -8.085 0.784
P127592 6.025 6.298 -6.737 1.603
P127594 6.206 6.115 -8.733 0.936
P127674 6.241 6.139 -9.318 1.110
P127677 6.379 6.321 -9.030 0.798
P127678 6.169 6.034 -7.345 0.771
P127680 6.166 6.156 -8.958 0.544
P127755 5.606 5.426 -7.194 1.136
P127756 5.225 5.565 -7.402 1.495
P127757 5.366 5.370 -7.332 0.846
P127758 5.710 5.680 -7.494 0.729
P127759 5.458 5.223 -7.311 0.542
P127760 5.649 5.618 -6.833 1.255
P127761 5.700 5.371 -7.134 0.861
P127762 5.508 5.278 -6.553 0.938
P127763 5.574 5.672 -7.562 0.496
P127764 5.624 5.553 -7.414 0.435
P127765 5.335 5.381 -7.756 0.371
P127766 5.853 5.822 -7.710 0.441
P127767 5.751 5.621 -7.663 0.540
P127768 5.525 5.362 -7.312 1.230
P127769 5.450 5.415 -7.057 1.006
P127770 5.913 5.835 -6.517 0.445
P127771 5.564 5.447 -7.434 1.054
P127772 5.447 5.483 -7.710 1.142
P127773 5.525 5.476 -6.819 1.174
P127774 5.498 5.410 -6.512 0.370
P127775 5.514 5.206 -6.006 0.846
P127776 5.701 5.655 -6.463 0.367
P127777 5.511 5.302 -6.598 0.739
P127778 5.448 5.451 -7.108 0.469
P127779 5.528 5.476 -5.631 0.427
P127780 5.595 5.512 -6.513 0.380
P127781 5.647 5.463 -7.385 1.802
P127782 5.547 5.484 -6.872 0.446
P127783 5.949 5.773 -8.194 1.091
P127784 5.571 5.528 -6.767 0.393
P127785 5.695 5.567 -8.260 1.178
P127786 5.239 5.064 -7.470 1.059
P127787 5.645 5.627 -7.708 0.604
P127788 5.481 5.444 -7.482 0.524
P127789 5.464 5.413 -8.262 0.869
P127790 5.491 5.516 -7.613 0.489
P127791 5.147 4.988 -7.690 0.604
P127792 5.541 5.009 -6.378 0.809
P127793 5.602 5.569 -7.653 0.887
P127794 5.413 5.362 -7.628 0.943
P127795 5.403 5.421 -7.983 0.693
P127796 5.155 5.324 -6.687 0.951
P127797 5.370 5.230 -8.280 0.518
P127798 5.514 5.251 -6.366 1.009
P127799 5.521 5.311 -8.054 0.757
P127800 5.590 5.578 -6.839 0.876
P127801 5.585 5.037 -5.981 1.010
P127802 6.106 6.118 -8.273 0.479
P127803 5.790 5.845 -7.311 0.851
P127804 5.534 5.090 -6.097 1.427
P127805 5.776 5.499 -6.798 1.070
P127806 5.816 5.341 -7.085 1.741
P127807 5.694 5.404 -7.104 1.019
P127808 5.800 5.753 -7.957 0.587
P127809 5.643 5.752 -7.228 0.937
P127810 5.916 5.798 -6.645 1.118
P127811 5.552 5.290 -6.778 0.950
P127812 5.414 4.947 -7.230 0.853
P127813 5.610 5.580 -7.625 0.681
P127814 5.434 5.425 -7.217 0.989
P127815 5.444 5.306 -7.102 1.402
P127816 5.839 5.289 -7.324 1.633
P127817 5.902 5.784 -5.348 0.719
P127818 5.119 5.420 -5.914 0.625
P127819 5.589 5.643 -6.300 0.926
P127820 5.680 5.776 -7.884 1.617
P127821 5.578 5.517 -6.257 0.361
P127822 5.510 5.196 -6.734 1.363
P127823 6.098 6.051 -8.352 1.353
P127824 5.822 5.504 -7.081 0.839
P127825 5.473 5.123 -8.182 0.893
P127826 5.442 5.125 -6.444 1.217
P127827 5.467 5.607 -7.005 1.281
P127828 5.614 5.519 -7.488 0.850
P127829 5.402 5.348 -6.754 0.983
P127830 5.582 5.389 -7.265 1.298
P127831 5.855 5.880 -6.783 0.768
P127832 6.104 5.956 -6.989 1.493
P127833 5.389 5.150 -5.750 1.183
P127834 5.310 5.034 -7.484 0.577
P127835 5.575 5.437 -7.132 0.546
P127836 5.435 5.047 -7.573 0.902
P127837 5.470 5.431 -6.773 1.316
P127838 6.112 6.099 -7.844 1.575
P127839 5.998 5.987 -6.010 0.854
P127840 5.823 5.417 -7.705 1.624
P127841 5.507 5.310 -8.046 1.840
P127842 5.521 5.064 -7.635 3.022
P127843 5.616 5.532 -6.543 0.774
P127844 5.557 5.513 -5.315 0.469
P127845 5.134 4.822 -8.781 0.520
P127846 5.623 5.393 -7.202 1.154
P127847 5.937 5.817 -6.743 0.590
P127848 5.870 5.677 -6.792 1.008
P127849 5.669 5.358 -6.367 1.530
P127850 5.532 5.140 -6.499 1.522
P127851 5.999 6.059 -8.018 1.538
P127852 5.868 5.631 -7.655 1.507
P127853 5.584 5.630 -8.161 0.652
P127854 5.329 5.275 -7.942 1.003
P127855 5.608 5.121 -7.608 0.964
P127856 5.491 5.277 -7.585 0.734
P127857 5.310 5.337 -6.547 0.660
P127858 5.577 4.780 -8.033 0.981
P127859 6.132 6.172 -4.966 0.572
P127860 5.551 5.585 -7.076 1.552
P127861 5.775 5.809 -8.245 1.253
P127862 5.757 5.532 -8.284 0.856
P127863 5.716 5.756 -7.068 0.541
P127864 5.715 5.666 -9.258 0.829
P127865 5.916 5.497 -8.424 1.645
P127866 5.524 5.694 -8.297 0.558
P127867 5.372 5.091 -6.776 1.586
P127868 6.068 5.988 -5.931 0.917
P127869 5.663 5.070 -6.618 1.813
P127870 5.634 5.661 -8.525 0.673
P127871 5.604 5.709 -8.459 0.654
P127872 5.318 5.599 -6.405 0.774
P127873 5.767 5.188 -7.777 1.284
P127874 5.800 5.843 -8.861 0.470
P127875 5.608 5.574 -8.075 1.370
P127876 6.125 6.003 -6.365 0.857
P127877 5.531 5.817 -7.759 0.506
P127878 5.931 6.026 -9.562 0.379
P127879 5.946 5.908 -7.751 0.552
P127880 5.721 5.880 -9.509 0.375
P127881 5.754 5.823 -8.606 0.760
P127882 5.686 5.646 -6.112 1.172
P127883 5.602 5.207 -8.095 0.855
P127884 5.904 5.211 -6.352 1.876
P127885 5.754 5.798 -8.797 0.645
P127886 5.688 5.614 -7.944 0.691
P127887 5.574 5.729 -9.328 0.540
P127888 5.717 5.727 -7.696 1.484
P127889 5.468 5.801 -7.496 0.595
P127890 5.715 5.747 -8.810 0.528
P127891 5.722 5.736 -8.756 0.896
P127892 5.917 5.893 -9.367 0.634
P127893 5.914 5.930 -9.174 0.320
P127894 5.872 5.923 -8.851 1.145
P127895 5.762 5.545 -8.476 0.822
P127896 5.695 5.893 -9.847 0.508
P127897 5.729 6.023 -8.882 0.968
P127898 5.756 5.353 -6.347 1.848
P127899 6.084 6.221 -9.432 0.416
P127900 5.582 5.555 -7.443 1.836
P127901 5.976 5.809 -7.689 1.316
P127902 5.702 5.547 -8.246 1.183
P127903 5.894 5.789 -8.487 1.616
P127904 5.766 5.379 -8.058 1.211
P127905 5.707 5.834 -9.061 0.469
P127906 5.987 5.825 -8.108 1.204
P127907 5.768 5.761 -7.640 0.831
P127908 5.989 6.152 -8.399 0.560
P127909 5.896 5.568 -8.341 1.308
P127910 6.156 6.102 -9.465 0.624
P127911 6.016 5.746 -7.359 0.918
P127912 5.934 5.705 -8.007 0.795
P127913 5.768 5.870 -7.888 1.171
P127914 5.958 5.911 -8.254 0.778
P127915 5.683 5.416 -5.738 1.667
P127916 5.681 5.263 -7.790 0.883
P127917 5.754 5.530 -7.564 1.014
P127918 6.014 5.835 -7.488 0.657
P127919 5.790 5.858 -8.124 1.118
P127920 6.148 6.034 -8.632 0.675
P127921 5.690 5.590 -8.784 1.328
P127922 5.645 5.512 -6.112 0.893
P127923 5.481 5.367 -9.294 0.705
P127924 5.744 5.794 -10.255 0.449
P127925 5.996 5.736 -8.637 0.843
P127926 5.873 5.736 -8.271 1.138
P127927 5.762 5.717 -9.271 0.534
P127928 5.918 5.479 -7.847 1.125
P127929 6.303 5.958 -9.241 0.543
P127930 6.381 6.139 -8.149 1.501
P127931 6.040 5.880 -5.922 1.089
P127932 5.784 5.765 -8.601 0.730
P127933 5.776 5.331 -6.551 0.874
P127934 5.352 5.309 -7.869 1.513
P127935 6.158 5.395 -6.879 3.026
P127936 5.894 5.819 -5.462 0.405
P127937 5.433 5.554 -9.467 0.505
P127938 5.322 4.985 -7.862 0.801
P127939 5.718 5.705 -7.311 0.492
P127940 5.664 5.476 -8.390 0.818
P127941 5.640 5.091 -7.892 1.502
P127942 5.510 5.454 -9.073 0.654
P127943 5.849 5.535 -7.974 0.639
P127944 6.159 6.175 -7.955 0.760
P127945 5.325 5.469 -8.490 0.425
P127947 5.402 5.464 -8.158 0.325
P127949 5.391 5.538 -8.343 0.375
P127954 5.472 5.662 -8.678 0.429
P127955 5.563 5.468 -8.253 0.456
P127957 5.656 5.599 -8.079 0.325
P127960 5.530 5.665 -8.432 0.337
P127962 5.379 5.460 -8.499 0.291
P127963 5.476 5.591 -8.454 0.304
P127965 5.435 5.511 -8.487 0.410
P127967 5.632 5.649 -8.392 0.516
P127969 5.402 5.621 -8.876 0.434
P127972 5.505 5.679 -8.640 0.337
P127974 5.581 5.649 -8.320 0.321
P127975 5.359 5.710 -7.687 1.494
P127978 5.590 5.708 -8.635 0.279
P127979 5.700 5.567 -7.035 0.924
P127983 5.551 5.644 -8.601 0.278
P127985 5.267 5.329 -7.871 0.394
P127987 5.567 5.653 -8.816 0.360
P127989 5.661 5.720 -8.453 0.267
P127991 5.818 5.747 -7.483 0.665
P127993 5.463 5.604 -8.448 0.525
P127998 5.493 5.663 -9.473 0.368
P127999 5.530 5.639 -8.452 0.355
P128001 5.954 5.847 -8.851 0.349
P128005 5.756 5.809 -8.168 0.580
P128009 5.917 6.018 -9.091 0.477
P128013 5.742 5.819 -9.209 0.283
P128016 5.998 6.082 -8.903 0.413
P128019 5.738 5.814 -9.093 0.490
P128023 5.952 6.047 -9.531 0.273
P128027 5.932 5.908 -9.214 0.304
P128031 5.840 5.840 -9.195 0.411
P128033 6.275 6.275 -9.144 0.352
P128040 5.423 5.285 -8.322 0.980
P128041 5.425 5.419 -8.662 0.950
P128042 5.405 5.337 -7.761 1.118
P128049 5.483 5.392 -8.600 0.893
P128050 5.516 5.423 -8.401 1.046
P128051 5.655 5.466 -8.377 0.931
P128053 5.498 5.292 -8.327 1.093
P128054 5.591 5.640 -7.961 0.867
P128058 5.546 5.534 -7.540 1.407
P128059 5.633 5.410 -8.195 1.152
P128060 5.710 5.619 -8.777 0.894
P128061 5.783 5.773 -9.166 0.242
P128062 5.809 5.847 -9.371 0.330
P128063 5.760 5.785 -8.956 0.442
P128064 5.557 5.356 -8.490 1.113
P128065 5.615 5.589 -8.246 0.934
P128074 5.686 5.795 -8.446 0.868
P128077 5.817 5.840 -9.347 0.489
P128079 6.068 5.977 -9.163 0.712
P128090 5.754 5.626 -8.286 1.074
P128098 5.762 5.842 -8.328 0.776
P128119 5.664 5.547 -8.635 1.036
P128137 5.700 5.793 -8.128 1.035
P128138 6.019 5.967 -8.822 0.370
P128139 5.868 5.748 -7.946 1.456
P128140 5.908 5.922 -8.297 0.996
P128142 5.837 5.820 -9.081 0.857
P128144 5.684 5.547 -8.635 1.129
P128146 5.686 5.624 -8.266 0.499
P128149 5.781 5.706 -8.691 0.884
P128150 5.873 5.762 -10.032 0.519
P128152 5.653 5.358 -8.312 1.449
P128153 5.936 5.583 -7.346 0.996
P128155 5.700 5.632 -8.632 0.803
P128156 5.745 5.590 -8.416 1.492
P128160 5.289 5.331 -7.701 0.340
P128161 5.191 5.267 -8.264 0.312
P128162 5.337 5.117 -8.151 0.450
P128163 5.335 5.142 -8.451 0.445
P128164 5.284 5.328 -8.120 0.298
P128165 5.572 5.322 -8.201 0.485
P128166 5.390 5.190 -7.955 0.456
P128167 5.363 5.428 -7.983 0.471
P128168 5.393 5.413 -8.237 0.454
P128169 5.425 5.285 -7.843 0.481
P128170 5.777 5.293 -6.123 1.567
P128171 5.367 5.193 -8.161 0.476
P128172 5.492 5.317 -8.117 0.553
P128173 5.409 5.441 -8.016 0.331
P128174 5.219 5.047 -6.770 1.120
P128175 5.382 5.098 -8.094 0.816
P128176 5.452 5.396 -7.626 0.438
P128178 5.475 5.561 -8.016 0.492
P128180 5.377 5.034 -6.918 0.564
P128181 5.255 5.333 -7.736 0.663
P128182 5.227 4.929 -6.602 1.101
P128183 5.220 5.306 -7.616 0.605
P128184 5.336 5.432 -7.038 0.846
P128185 5.435 5.262 -7.789 0.751
P128186 5.319 5.208 -8.041 0.451
P128187 5.557 5.452 -7.381 0.517
P128188 5.392 5.317 -7.727 0.496
P128189 5.665 5.609 -8.102 0.523
P128192 5.606 5.618 -8.141 0.495
P128195 5.611 5.610 -7.782 0.998
P128198 5.534 5.332 -8.381 0.811
P128199 5.532 5.646 -7.958 0.951
P128200 5.601 5.555 -8.864 0.609
P128202 5.529 5.507 -7.984 0.627
P128203 5.655 5.604 -8.779 0.468
P128205 5.765 5.544 -7.575 2.446
P128208 5.711 5.669 -8.574 0.678
P128209 5.699 5.773 -8.711 0.230
P128210 5.785 5.875 -9.231 0.214
P128211 5.847 5.512 -8.399 0.566
P128212 5.833 5.753 -8.506 0.317
P128213 5.949 6.011 -8.991 0.269
P128214 5.876 5.824 -8.887 0.305
P128215 5.877 5.714 -8.232 0.590
P128216 6.008 5.751 -8.699 0.492
P128217 5.980 6.035 -8.465 0.443
P128218 5.762 5.601 -8.295 0.664
P128219 5.955 5.846 -7.907 0.776
P128220 6.063 6.131 -9.068 0.264
P128221 6.008 5.783 -8.925 0.514
P128222 5.667 5.664 -7.852 0.473
P128223 5.983 6.053 -8.328 0.728
P128224 5.972 5.882 -8.942 0.361
P128226 6.059 6.146 -9.429 0.856
P128228 5.796 5.674 -8.160 0.450
P128229 5.874 6.058 -8.762 0.657
P128230 5.872 6.092 -9.327 0.639
P128231 5.996 6.052 -8.131 0.268
P128232 5.543 5.436 -8.192 1.094
P128233 5.783 5.771 -9.219 0.201
P128234 6.105 5.969 -8.674 0.816
P128235 5.926 6.017 -8.075 0.972
P128236 5.807 5.600 -8.589 0.584
P128237 5.762 5.676 -8.302 0.702
P128238 6.001 5.676 -8.686 0.567
P128239 6.156 5.881 -7.924 0.815
P128241 6.013 6.029 -9.705 0.540
P128242 6.193 5.749 -8.516 1.990
P128244 6.204 5.920 -8.459 0.979
P128246 5.852 5.736 -8.924 0.540
P128247 5.834 5.774 -9.545 0.556
P128248 5.791 5.634 -8.924 0.546
P128249 5.835 5.687 -9.216 0.499
P128250 5.939 5.870 -9.271 0.487
P128251 6.087 5.872 -9.149 0.641
P128252 5.884 5.755 -8.960 0.397
P128253 5.994 6.001 -9.577 1.168
P128254 6.083 6.102 -9.994 1.195
P128255 6.057 5.858 -8.550 0.733
P128256 6.093 6.097 -9.449 1.174
P128257 5.995 5.750 -8.937 0.683
P128258 6.095 5.913 -9.453 0.660
P128259 6.173 5.789 -7.732 1.177
P128260 6.113 5.937 -8.671 0.631
P128261 6.122 5.981 -8.712 0.426
P128262 6.225 6.014 -7.691 0.467
P128263 6.170 5.864 -6.595 1.647
P128265 6.291 6.296 -10.315 0.943
P128266 6.179 6.120 -10.024 1.122
P128267 6.135 6.098 -9.500 1.163
P128268 6.066 5.943 -8.192 1.139
P128269 6.065 5.655 -6.880 1.701
P128270 6.214 6.013 -8.082 0.933
P128271 6.229 6.205 -10.548 0.594
P128272 6.146 6.120 -7.250 0.718
P128273 6.221 5.715 -7.813 1.569
P128275 6.151 5.964 -8.524 1.082
P128277 6.129 6.129 -8.662 1.096
P128280 6.162 6.075 -10.629 1.029
P128282 6.251 5.891 -8.471 1.132
P128285 6.120 5.929 -9.324 0.517
P128286 6.233 6.091 -8.951 1.243
P128288 6.256 5.754 -9.501 1.636
P128289 6.211 6.015 -8.328 0.929
P128292 6.298 6.178 -8.156 0.770
P128293 6.117 6.001 -8.860 1.150
P128296 5.506 5.589 -10.284 0.355
P128297 5.519 5.490 -9.903 0.480
P128298 5.627 5.612 -10.092 0.532
P128302 5.600 5.741 -10.153 0.449
P128304 5.774 5.782 -9.890 0.294
P128307 5.787 5.844 -9.829 0.509
P128308 5.892 6.043 -10.017 0.371
P128310 5.786 5.877 -10.393 0.456
P128319 5.864 6.053 -9.455 0.364
P128336 5.909 5.932 -10.059 0.430
P128342 6.116 6.233 -10.762 0.434
P128345 6.416 6.402 -9.166 1.166
P128346 6.407 6.165 -9.418 1.320
P128348 6.564 6.475 -9.543 1.024
P128349 6.500 6.611 -8.998 1.171
P128350 6.336 6.425 -9.102 1.176
P128353 6.336 6.322 -7.470 1.239
P128354 6.356 6.110 -8.350 0.676
P128355 6.366 6.485 -9.140 2.169
P128356 4.396 4.405 -5.421 0.440
P128359 4.477 4.533 -5.465 0.514
P128363 4.415 4.438 -5.380 0.503
P128366 4.603 4.537 -5.372 0.471
P128373 4.609 4.758 -5.508 1.153
P128375 4.531 4.334 -4.629 1.516
P128377 4.631 4.609 -5.136 0.570
P128381 4.572 4.514 -5.425 0.721
P128383 4.337 4.394 -3.976 2.060
P128385 4.569 4.563 -5.631 1.106
P128389 4.390 4.211 -4.672 1.506
P128391 4.458 4.250 -4.675 1.592
P128393 4.508 4.558 -5.099 0.412
P128397 4.473 4.468 -5.420 0.553
P128399 4.468 4.557 -5.603 1.110
P128405 4.541 4.514 -5.272 0.406
P128406 4.111 3.942 -4.608 1.350
P128408 4.338 4.460 -5.299 2.466
P128413 4.511 4.211 -4.750 1.443
P128419 4.306 4.294 -5.552 0.809
P128424 4.388 4.368 -5.415 0.462
P128427 4.298 4.338 -5.341 0.435
P128429 4.613 4.472 -4.023 1.444
P128433 4.404 4.702 -5.403 1.652
P128435 4.463 4.307 -4.654 2.050
P128438 4.661 4.548 -5.341 0.485
P128440 4.528 4.444 -4.918 0.494
P128445 4.515 4.551 -5.626 1.155
P128449 4.402 4.270 -4.725 1.583
P128452 4.583 4.522 -5.295 0.519
P128455 4.407 4.462 -5.400 0.567
P128457 4.141 4.309 -3.831 1.611
P128459 4.483 4.584 -5.478 1.157
P128463 4.401 4.331 -4.711 1.986
P128466 4.624 4.567 -5.383 0.432
P128468 4.497 4.473 -5.271 0.444
P128472 4.531 4.517 -5.536 0.426
P128474 3.921 3.822 -4.728 1.025
P128477 4.453 4.501 -5.644 1.058
P128481 4.494 4.532 -4.657 0.219
P128482 4.869 4.738 -3.917 0.995
P128484 4.564 4.510 -4.259 1.650
P128488 5.195 4.763 -4.102 1.540
P128489 4.520 4.490 -4.757 1.363
P128491 4.522 4.431 -4.813 0.689
P128493 4.485 4.580 -5.370 0.910
P128495 4.598 4.706 -5.235 0.724
P128499 4.424 4.212 -3.817 1.819
P128501 4.709 4.695 -4.554 0.424
P128503 4.710 4.504 -5.504 1.120
P128506 4.401 4.074 -4.654 0.730
P128509 4.288 4.322 -5.589 0.344
P128511 4.836 4.638 -5.487 0.610
P128513 4.480 4.383 -4.631 1.770
P128514 4.720 4.585 -3.957 0.937
P128515 4.640 4.662 -4.902 0.518
P128516 4.411 4.380 -5.419 0.546
P128519 4.453 4.435 -5.493 0.501
P128522 4.121 3.886 -4.842 1.081
P128524 4.379 4.440 -5.294 2.171
P128529 4.454 4.421 -4.652 0.435
P128530 4.643 4.446 -3.743 1.155
P128533 4.704 4.543 -5.608 1.100
P128537 4.533 4.355 -4.273 0.765
P128539 4.522 4.522 -5.295 0.735
P128542 4.727 4.563 -5.436 0.686
P128546 4.304 4.299 -5.337 0.455
P128549 4.598 4.573 -5.394 1.341
P128553 4.081 4.172 -3.728 2.264
P128555 4.367 4.337 -5.447 1.031
P128561 4.746 4.935 -5.510 1.427
P128562 4.563 4.552 -5.016 0.521
P128565 4.587 4.630 -5.068 0.568
P128568 4.624 4.816 -5.343 0.665
P128569 4.774 4.594 -3.971 0.914
P128575 5.121 4.736 -4.111 1.504
P128577 4.452 4.354 -4.819 0.674
P128579 4.790 4.443 -5.244 0.618
P128581 4.655 4.589 -4.893 1.664
P128584 4.804 4.716 -5.542 0.546
P128589 4.768 4.306 -4.967 1.893
P128591 4.632 4.674 -5.282 1.135
P128599 4.598 4.540 -4.974 0.428
P128603 4.503 4.517 -5.271 0.644
P128605 4.471 4.616 -4.735 1.118
P128606 4.704 4.745 -5.090 0.712
P128610 4.211 4.124 -4.489 1.447
P128613 4.639 4.766 -5.474 1.213
P128617 4.192 4.135 -4.852 1.615
P128618 4.750 4.338 -3.590 2.288
P128620 4.822 4.673 -3.933 0.921
P128621 4.648 4.588 -5.041 0.497
P128625 4.717 4.761 -5.248 0.495
P128629 4.374 4.116 -4.900 1.007
P128634 4.529 4.613 -5.225 0.921
P128636 4.790 4.685 -5.476 0.546
P128638 4.748 4.788 -5.117 0.587
P128642 4.720 4.572 -4.856 1.656
P128644 4.754 4.808 -5.715 0.986
P128648 5.025 4.621 -3.897 1.576
P128650 4.335 4.372 -4.487 1.705
P128652 4.512 4.552 -5.306 0.573
P128655 4.377 4.459 -5.231 0.705
P128658 4.680 4.628 -5.458 0.597
P128660 4.744 4.683 -5.413 0.546
P128663 4.473 4.223 -4.772 0.776
P128665 4.672 4.769 -5.358 1.538
P128670 4.789 4.284 -4.692 1.702
P128674 4.668 4.740 -4.669 0.575
P128675 4.090 3.980 -4.611 1.133
P128682 5.048 4.599 -3.848 1.544
P128683 4.510 4.184 -4.892 1.016
P128686 4.753 4.643 -5.254 1.237
P128690 4.440 4.379 -5.403 0.853
P128696 4.452 4.447 -4.921 0.329
P128699 4.362 4.399 -5.229 0.556
P128701 4.599 4.559 -5.418 0.489
P128706 4.613 4.660 -5.212 0.494
P128708 4.582 4.558 -5.652 0.954
P128712 5.099 4.729 -4.104 1.512
P128714 4.482 4.555 -5.032 0.578
P128717 4.438 4.462 -5.034 0.523
P128719 4.848 4.687 -5.094 0.559
P128722 4.911 4.819 -5.393 0.523
P128726 4.797 4.650 -4.404 0.878
P128728 4.792 4.873 -5.654 1.088
P128732 5.101 4.780 -3.922 1.432
P128733 4.564 4.464 -5.294 0.729
P128737 4.587 4.587 -5.242 0.798
P128739 4.285 4.130 -4.603 0.812
P128742 4.598 4.559 -5.466 1.174
P128746 4.634 4.387 -4.318 0.953
P128748 4.828 4.682 -5.412 0.652
P128750 4.756 4.688 -5.448 0.580
P128752 4.396 4.243 -4.375 2.500
P128754 4.476 4.542 -5.303 1.372
P128757 4.653 4.403 -5.350 0.993
P128759 4.629 4.598 -5.045 0.438
P128763 4.761 4.740 -5.279 0.407
P128765 4.185 4.106 -4.400 1.410
P128768 4.588 4.755 -5.411 1.285
P128772 4.749 4.594 -5.044 2.166
P128773 4.575 4.691 -5.254 0.427
P128774 4.696 4.548 -3.940 0.934
P128775 4.351 4.216 -4.779 0.749
P128780 4.979 4.329 -4.312 1.400
P128781 4.353 4.089 -4.849 0.999
P128784 4.144 4.342 -4.000 3.730
P128786 4.467 4.320 -4.376 2.453
P128787 4.725 4.640 -5.487 0.562
P128791 5.026 4.615 -4.093 1.523
P128793 4.737 4.786 -5.275 0.765
P128796 4.761 4.578 -4.822 1.637
P128798 4.813 4.820 -5.722 1.014
P128802 4.648 4.578 -3.965 1.815
P128804 4.944 4.804 -5.612 0.537
P128809 4.800 4.652 -5.544 0.633
P128811 4.512 4.225 -4.772 0.767
P128813 4.708 4.615 -5.478 0.461
P128817 4.819 4.707 -5.589 0.448
P128819 4.251 4.155 -4.655 0.893
P128822 4.616 4.685 -5.705 1.089
P128826 4.714 4.271 -4.688 1.741
P128828 4.534 4.558 -5.285 1.167
P128831 4.215 4.069 -4.740 1.093
P128834 4.686 4.740 -5.701 0.908
P128838 4.756 4.803 -4.715 0.331
P128840 4.828 4.255 -4.695 1.762
P128842 4.742 4.772 -5.731 1.045
P128847 4.751 4.614 -5.581 0.511
P128849 4.628 4.565 -5.477 0.511
P128851 4.845 4.721 -5.108 0.262
P128853 4.650 4.487 -3.990 0.932
P128855 4.365 4.255 -4.273 1.675
P128856 4.764 4.612 -5.514 1.618
P128858 4.625 4.452 -3.942 0.864
P128859 4.741 4.570 -3.947 0.916
P128862 5.003 4.424 -4.075 2.274
P128864 4.826 4.656 -3.938 0.900
P128866 4.379 4.625 -4.538 2.525
P128870 5.069 4.530 -3.859 1.707
P128871 4.261 4.178 -4.635 0.958
P128877 4.738 4.408 -5.144 0.695
P128880 4.142 4.351 -3.636 1.711
P128881 4.392 4.211 -4.827 0.583
P128883 4.776 4.633 -5.334 0.295
P128887 4.740 4.570 -5.407 0.818
P128889 4.557 4.501 -5.580 0.478
P128892 4.767 4.814 -5.212 0.455
P128896 4.707 4.584 -4.905 1.730
P128898 4.733 4.743 -5.552 1.281
P128902 5.033 4.589 -3.923 1.840
P128906 4.930 4.595 -3.981 1.380
P128908 4.779 4.696 -5.448 0.548
P128911 4.828 4.693 -4.838 0.259
P128913 4.126 4.171 -4.491 1.080
P128916 4.591 4.251 -5.017 0.911
P128917 5.183 4.602 -4.167 2.126
P128919 4.741 4.670 -3.753 0.909
P128920 4.480 4.774 -4.843 0.976
P128921 4.257 4.211 -4.804 0.983
P128923 4.838 4.950 -4.538 1.748
P128925 4.896 4.639 -5.415 1.438
P128927 4.771 4.242 -4.803 0.949
P128929 5.040 4.765 -3.913 1.343
P128934 4.747 4.813 -4.383 1.478
P128937 4.640 4.443 -4.106 0.832
P128938 5.005 4.820 -5.570 0.677
P128940 4.541 4.427 -5.353 0.779
P128942 4.790 4.636 -5.112 0.400
P128945 5.091 4.561 -4.210 1.925
P128946 4.773 4.520 -4.234 2.085
P128948 4.775 4.473 -3.795 1.386
P128952 4.975 4.894 -5.545 0.440
P128954 4.673 4.615 -5.480 0.439
P128956 4.349 4.074 -4.768 0.989
P128958 4.323 4.138 -4.764 0.988
P128961 4.758 4.850 -5.522 2.098
P128962 4.795 4.716 -5.485 0.597
P128965 4.546 4.312 -4.687 1.017
P128967 4.925 4.545 -3.743 1.511
P128969 4.477 4.209 -4.584 0.900
P128970 4.891 4.710 -4.971 0.982
P128971 5.120 4.907 -4.056 0.878
P128972 4.767 4.580 -4.882 0.855
P128977 5.348 4.812 -4.202 1.923
P128978 4.790 4.408 -4.996 1.011
P128981 5.085 4.943 -5.485 0.796
P128982 5.079 4.905 -5.352 0.290
P128984 4.865 4.895 -5.345 0.425
P128986 4.910 4.993 -5.014 0.465
P128987 5.103 4.950 -4.044 0.916
P128989 5.002 4.697 -5.276 0.544
P128993 5.312 4.804 -4.168 2.026
P128998 5.078 4.965 -4.042 0.939
P128999 4.607 4.427 -4.774 0.828
P129004 5.338 4.791 -4.174 2.042
P129007 5.013 4.973 -5.647 0.640
P129009 4.525 4.238 -4.832 0.645
P129011 5.130 4.588 -4.010 1.854
P129013 4.687 4.603 -4.883 0.810
P129016 4.859 4.629 -5.144 1.386
P129017 5.298 4.712 -4.189 2.155
P129019 4.657 4.373 -4.929 0.816
P129021 5.003 4.531 -5.288 0.738
P129023 5.007 4.841 -5.379 0.280
P129027 4.722 4.502 -5.162 1.212
P129029 5.031 4.644 -4.319 1.980
P129030 5.085 4.927 -5.372 0.352
P129034 4.427 4.261 -4.678 0.689
P129036 4.833 4.874 -5.178 0.533
P129037 4.806 4.710 -4.487 1.311
P129038 4.962 4.762 -5.190 0.309
P129040 5.015 4.792 -4.057 0.894
P129042 4.653 4.754 -4.932 1.628
P129045 5.248 4.687 -4.153 2.060
P129050 4.913 4.840 -5.612 0.972
P129052 4.841 4.676 -5.313 1.358
P129053 4.482 4.214 -4.702 0.949
P129056 5.082 4.659 -4.049 1.691
P129059 4.514 4.344 -4.739 0.872
P129062 4.872 4.819 -5.189 0.507
P129065 4.839 4.810 -5.156 0.436
P129072 4.654 4.645 -5.743 0.838
P129074 4.506 4.495 -5.437 0.686
P129076 4.855 4.880 -5.733 1.583
P129080 4.720 4.679 -4.162 0.698
P129082 4.606 4.514 -5.633 0.970
P129086 4.492 4.538 -4.780 0.321
P129088 4.876 4.608 -3.970 2.376
P129090 4.714 4.699 -5.536 0.417
P129094 4.678 4.677 -5.797 0.527
P129098 4.619 4.569 -5.709 0.861
P129103 4.709 4.725 -5.899 0.438
P129106 4.660 4.662 -5.812 0.417
P129108 4.744 4.594 -4.501 1.057
P129110 4.698 4.602 -3.936 1.785
P129112 4.662 4.605 -5.733 0.938
P129116 4.676 4.758 -5.343 0.389
P129119 4.670 4.661 -5.530 0.559
P129121 4.916 4.745 -4.799 0.354
P129123 4.226 4.242 -4.749 0.833
P129126 5.057 5.100 -4.551 0.389
P129128 4.783 4.912 -5.433 0.938
P129131 4.570 4.467 -4.570 0.834
P129134 4.863 4.937 -4.968 0.502
P129137 4.883 4.810 -5.215 0.622
P129140 4.763 4.475 -4.639 1.033
P129141 4.574 4.537 -5.548 2.839
P129145 4.127 4.139 -4.446 1.100
P129148 4.658 4.730 -5.162 0.592
P129151 4.599 4.617 -5.123 0.425
P129155 4.591 4.606 -5.491 0.596
P129157 4.853 4.796 -3.792 0.949
P129159 4.593 4.531 -5.621 1.039
P129162 4.522 4.567 -5.480 0.573
P129165 4.411 4.533 -5.206 0.585
P129168 4.347 4.149 -4.792 0.725
P129171 4.495 4.323 -4.729 0.830
P129173 4.513 4.231 -4.470 1.615
P129176 4.816 4.822 -5.571 0.729
P129179 4.870 4.550 -4.842 1.921
P129181 4.811 4.791 -5.709 1.095
P129184 4.485 4.386 -4.747 1.014
P129188 5.000 4.856 -5.573 0.487
P129190 4.812 4.795 -5.495 0.705
P129192 4.731 4.758 -5.501 0.764
P129197 4.547 4.507 -5.371 0.997
P129201 4.722 4.758 -4.700 0.443
P129203 4.508 4.559 -4.780 0.248
P129206 4.477 4.432 -5.125 0.548
P129209 4.718 4.496 -4.352 0.910
P129213 4.636 4.644 -5.209 1.294
P129214 4.346 4.296 -4.655 1.057
P129216 4.612 4.785 -5.389 0.867
P129221 4.692 4.780 -4.978 0.250
P129224 4.306 4.335 -3.801 2.306
P129227 4.498 4.434 -5.445 0.877
P129230 4.222 4.008 -4.714 0.930
P129232 4.547 4.484 -5.556 0.657
P129236 4.479 4.447 -5.396 0.521
P129238 4.731 4.674 -5.334 0.562
P129243 4.650 4.706 -5.378 0.579
P129245 4.595 4.515 -4.385 0.522
P129247 4.741 4.507 -4.979 1.855
P129249 4.773 4.836 -5.584 1.443
P129252 4.319 4.567 -4.778 1.414
P129254 4.866 4.912 -5.210 0.693
P129258 4.784 4.817 -5.218 0.658
P129261 4.664 4.592 -5.386 1.334
P129265 4.547 4.457 -4.482 2.326
P129268 4.678 4.624 -5.107 0.649
P129271 4.656 4.622 -5.106 0.506
P129275 4.269 4.558 -4.089 2.531
P129278 4.725 4.697 -5.536 0.725
P129280 4.629 4.496 -5.504 1.409
P129283 4.429 4.440 -4.775 1.865
P129285 4.487 4.399 -4.430 2.989
P129287 5.005 4.588 -3.698 1.605
P129288 5.051 4.729 -3.727 1.496
P129293 4.776 4.407 -4.765 1.681
P129294 4.609 4.547 -5.222 0.590
P129298 4.731 4.666 -5.376 0.495
P129301 4.720 4.618 -5.508 0.902
P129305 4.604 4.659 -5.508 1.260
P129308 4.873 4.619 -5.180 1.490
P129310 5.056 4.910 -5.349 0.283
P129312 4.794 4.602 -5.056 0.412
P129313 5.006 4.863 -4.047 0.928
P129314 4.121 4.011 -4.571 1.268
P129316 4.094 4.058 -4.623 1.137
P129318 4.247 4.277 -4.485 1.371
P129320 4.709 4.791 -4.553 0.635
P129322 4.449 4.180 -4.749 0.841
P129323 4.862 4.682 -5.394 0.933
P129326 4.908 4.951 -4.703 1.093
P129327 5.189 5.053 -4.034 0.949
P129328 4.908 4.860 -3.784 0.917
P129329 4.847 4.640 -4.846 0.653
P129332 5.410 4.976 -4.122 1.517
P129333 4.848 4.504 -5.005 1.004
P129335 5.140 4.978 -5.455 1.018
P129337 5.058 4.945 -5.018 0.339
P129340 5.011 4.787 -5.108 1.366
P129342 4.850 4.612 -5.122 1.322
P129343 5.271 4.716 -4.158 2.209
P129347 4.815 4.789 -5.386 0.430
P129349 4.697 4.559 -5.113 0.293
P129352 4.478 4.651 -4.732 0.470
P129353 5.116 4.860 -4.090 0.994
P129355 4.683 4.524 -3.893 0.943
P129359 4.980 4.717 -3.917 1.149
P129361 4.835 4.854 -4.512 0.445
P129366 4.411 4.322 -4.750 0.808
P129368 4.783 4.810 -4.612 1.368
P129372 4.957 4.886 -5.606 0.939
P129373 5.096 4.934 -4.041 0.846
P129374 4.608 4.463 -4.796 0.793
P129379 5.329 4.862 -4.137 1.522
P129383 5.063 4.943 -5.494 0.720
P129386 4.719 4.879 -5.082 0.820
P129390 4.764 4.777 -4.965 0.460
P129391 4.299 4.285 -4.623 0.766
P129393 4.840 4.698 -5.154 1.512
P129395 5.017 4.838 -4.826 0.358
P129397 4.796 4.852 -4.533 0.625
P129398 4.963 4.910 -3.835 1.014
P129399 4.346 4.335 -4.531 1.169
P129402 4.312 4.435 -4.724 1.528
P129407 4.823 4.634 -5.086 1.676
P129409 4.385 4.410 -5.328 0.353
P129411 5.075 4.652 -4.083 2.178
P129413 4.539 4.370 -3.819 0.813
P129417 4.584 4.354 -4.549 1.103
P129419 4.747 4.708 -5.068 1.334
P129421 4.829 4.562 -4.952 1.194
P129422 5.050 4.939 -5.070 0.434
P129424 4.920 4.860 -3.781 0.915
P129425 4.376 4.274 -4.425 1.213
P129432 4.798 4.521 -3.995 1.618
P129435 4.442 4.493 -5.037 0.815
P129436 4.764 4.596 -4.028 0.907
P129437 4.621 4.212 -3.655 3.060
P129440 4.340 4.288 -5.277 1.180
P129441 4.579 4.191 -4.744 0.781
P129443 5.016 4.788 -3.963 1.190
P129448 4.609 4.550 -5.607 1.416
P129449 4.808 4.535 -5.230 0.627
P129451 4.753 4.687 -4.821 0.854
P129452 4.862 4.737 -3.963 1.079
P129455 4.734 4.745 -5.456 0.457
P129457 4.668 4.697 -5.359 0.466
P129460 4.176 4.257 -5.402 0.846
P129462 4.516 4.347 -5.508 0.747
P129463 4.816 4.876 -4.374 1.517
P129469 5.112 4.714 -4.063 1.995
P129471 4.601 4.288 -4.838 0.664
P129473 4.857 4.735 -5.230 0.605
P129481 4.946 4.318 -3.913 1.655
P129482 4.950 4.916 -5.783 0.482
P129485 4.547 4.453 -5.558 0.839
P129487 5.216 4.676 -3.973 1.994
P129488 5.283 4.904 -0.718 2.698
P129490 4.708 4.392 -5.409 0.708
P129495 5.107 4.997 -4.023 2.150
P129497 5.045 4.486 -4.029 1.924
P129499 5.060 4.987 -5.617 0.435
P129506 4.888 4.954 -5.810 0.548
P129508 4.665 4.316 -4.231 0.804
P129509 5.002 4.727 -5.733 1.051
P129513 4.934 4.928 -5.576 0.683
P129516 4.802 4.410 -3.955 1.354
P129521 4.625 4.485 -5.147 1.135
P129523 4.689 4.407 -4.196 0.797
P129525 4.754 4.585 -5.718 0.981
P129527 4.877 4.927 -5.611 2.782
P129532 4.597 4.508 -5.700 0.839
P129536 4.835 4.682 -5.553 1.255
P129539 4.509 4.237 -5.270 1.631
P129541 4.662 4.661 -5.589 0.884
P129544 4.712 4.830 -5.013 0.803
P129551 4.720 4.766 -5.535 0.696
P129552 5.118 5.017 -5.844 0.686
P129555 5.061 4.909 -5.507 0.507
P129559 4.807 4.427 -3.908 1.643
P129565 4.634 4.494 -5.267 0.845
P129567 4.868 4.831 -4.946 1.457
P129569 4.787 4.505 -4.043 1.327
P129571 4.719 4.171 -4.703 3.081
P129574 5.026 4.859 -5.541 0.660
P129576 4.845 4.915 -5.586 2.477
P129577 4.990 4.933 -5.800 0.450
P129580 4.644 4.405 -5.236 1.065
P129587 4.911 4.357 -4.027 1.805
P129589 4.955 4.928 -5.655 0.595
P129592 5.123 4.592 -4.009 0.898
P129594 4.651 4.385 -5.285 0.702
P129595 5.052 4.990 -5.859 0.548
P129597 4.733 4.370 -4.029 1.349
P129600 4.886 4.707 -5.691 1.028
P129604 4.724 4.336 -3.956 1.007
P129605 4.505 4.176 -5.511 0.823
P129607 5.120 4.556 -4.139 1.767
P129609 4.989 4.940 -5.661 0.478
P129612 4.760 3.990 -4.148 2.111
P129613 4.990 4.609 -4.355 1.952
P129617 5.067 4.197 -4.507 1.777
P129621 4.924 4.862 -5.673 0.458
P129624 4.860 4.697 -5.689 1.055
P129626 4.971 4.843 -5.689 1.122
P129627 4.971 4.690 -5.249 0.507
P129628 4.938 4.811 -5.744 1.189
P129635 4.773 4.968 -5.143 0.579
P129640 4.715 4.557 -5.004 0.814
P129644 5.102 5.136 -5.400 0.505
P129646 4.914 4.407 -3.729 1.928
P129651 5.021 4.710 -4.503 1.189
P129652 4.631 4.597 -5.085 0.768
P129655 5.103 4.971 -5.406 0.734
P129657 4.894 4.718 -4.052 0.783
P129659 4.729 4.548 -4.838 1.300
P129661 4.987 4.981 -5.375 1.753
P129662 4.773 4.418 -4.084 1.850
P129664 4.778 4.690 -5.895 1.083
P129668 4.552 4.225 -4.881 0.980
P129670 4.925 4.896 -4.555 0.867
P129672 4.802 4.643 -5.652 0.295
P129676 4.870 5.104 -4.891 0.962
P129679 4.727 4.345 -4.027 2.323
P129682 5.118 4.749 -4.323 4.058
P129684 5.097 4.695 -4.170 2.201
P129686 4.492 4.502 -4.820 1.034
P129689 4.888 4.882 -4.782 2.087
P129690 4.849 4.653 -3.911 0.814
P129694 4.824 4.772 -5.196 1.736
P129696 4.924 4.968 -6.076 0.488
P129699 5.172 5.061 -4.017 0.918
P129703 4.791 4.757 -5.901 0.499
P129707 4.913 4.939 -5.465 2.682
P129709 4.929 4.861 -4.562 0.739
P129714 4.927 4.641 -4.415 0.724
P129716 5.030 5.200 -3.860 1.288
P129718 4.497 4.907 -4.883 2.830
P129722 5.222 4.908 -4.204 2.044
P129724 4.808 4.665 -4.699 0.717
P129725 4.898 4.844 -5.617 2.018
P129729 4.961 4.721 -4.306 0.732
P129730 4.899 4.928 -6.216 0.504
P129734 5.027 4.854 -6.109 1.178
P129739 4.828 4.802 -5.805 0.335
P129744 4.785 4.650 -5.631 0.577
P129749 4.546 4.427 -5.217 0.428
P129751 4.812 4.738 -5.893 0.525
P129754 5.191 5.034 -5.086 0.286
P129756 4.970 5.033 -5.137 0.384
P129757 5.165 5.104 -3.888 0.936
P129758 4.844 4.658 -4.742 0.784
P129761 5.016 4.760 -5.120 1.620
P129762 5.390 4.863 -4.001 2.110
P129764 4.590 4.515 -4.808 1.778
P129766 5.079 4.927 -5.242 0.989
P129767 5.036 4.870 -5.078 0.458
P129769 4.913 4.938 -3.887 0.993
P129770 4.405 4.503 -4.626 1.036
P129774 5.015 4.799 -4.167 2.269
P129777 4.896 4.608 -5.170 1.464
P129781 5.059 4.541 -4.017 1.997
P129783 4.936 4.953 -5.341 1.838
P129789 5.149 4.588 -4.045 1.857
P129791 5.162 5.112 -5.712 0.472
P129795 4.950 4.681 -5.646 0.883
P129800 4.917 4.699 -5.481 0.762
P129804 4.916 4.949 -5.173 0.368
P129806 5.006 4.797 -4.846 0.697
P129809 4.987 4.634 -4.084 1.828
P129813 5.075 4.969 -5.593 0.873
P129816 4.704 4.509 -5.370 0.839
P129819 4.626 4.429 -4.109 0.790
P129820 4.718 4.514 -5.266 0.751
P129824 4.873 4.651 -5.391 0.637
P129827 5.239 5.093 -5.791 0.833
P129831 4.859 4.562 -4.867 0.967
P129833 5.383 4.835 -4.025 2.407
P129834 5.126 4.787 -4.352 1.944
P129836 5.074 4.644 -4.039 2.137
P129840 5.110 5.085 -5.707 0.589
P129843 4.591 4.535 -4.965 0.769
P129846 4.933 4.848 -6.095 1.021
P129851 4.698 4.518 -5.274 0.818
P129860 4.708 4.601 -5.468 0.998
P129863 4.017 4.200 -4.575 0.893
P129867 4.570 4.622 -5.210 0.612
P129878 4.550 4.535 -4.636 0.604
P129880 5.133 4.965 -5.792 1.157
P129882 4.938 4.918 -5.752 0.431
P129886 4.659 4.435 -5.501 0.906
P129888 5.135 4.554 -3.916 1.710
P129889 5.181 4.774 -2.838 3.687
P129892 5.047 4.982 -5.645 0.348
P129896 4.794 4.653 -5.237 1.525
P129897 4.636 4.464 -5.056 0.968
P129900 4.925 4.686 -5.249 1.314
P129903 4.513 4.446 -5.003 0.850
P129906 5.018 4.570 -4.079 2.071
P129908 5.063 4.922 -4.215 3.986
P129913 4.974 4.801 -6.103 1.444
P129917 4.869 4.448 -3.885 1.816
P129920 4.823 4.746 -5.287 0.628
P129923 4.643 4.558 -5.099 0.555
P129926 4.737 4.726 -5.184 0.625
P129929 4.514 4.378 -4.636 0.975
P129932 4.734 4.647 -5.426 1.013
P129936 4.787 4.791 -4.522 0.547
P129938 4.844 4.632 -5.472 0.811
P129941 4.690 4.532 -4.089 0.803
P129942 4.789 4.773 -5.264 0.803
P129945 4.701 4.509 -5.402 0.813
P129947 5.204 4.613 -3.962 1.600
P129948 5.273 4.963 -0.489 2.882
P129950 4.895 4.511 -3.764 1.186
P129954 4.974 4.795 -4.962 1.088
P129957 5.100 5.093 -5.837 0.627
P129958 4.925 4.730 -4.244 0.822
P129960 5.109 4.834 -4.385 0.807
P129962 5.084 4.860 -5.736 1.219
P129964 4.940 5.014 -5.657 0.580
P129966 4.728 4.426 -5.005 1.082
P129968 5.085 4.738 -4.378 1.624
P129973 5.003 5.040 -5.598 0.728
P129977 5.098 4.990 -5.247 0.457
P129979 4.791 4.564 -4.176 0.898
P129981 4.981 5.027 -5.480 1.551
P129985 4.864 4.645 -4.462 1.910
P129987 4.786 4.729 -5.539 1.437
P129988 4.429 4.265 -5.064 0.941
P129992 4.857 4.701 -5.503 0.899
P129993 4.476 4.274 -5.738 0.696
P129996 4.435 4.411 -4.529 1.230
P129998 4.753 4.661 -5.127 0.953
P130001 4.886 4.623 -5.378 1.507
P130002 5.038 4.980 -5.242 0.425
P130007 5.133 4.971 -5.415 0.686
P130009 4.665 4.624 -5.105 0.776
P130013 5.085 4.641 -4.747 1.428
P130015 5.224 5.103 -3.284 2.830
P130016 5.314 4.332 -4.290 1.967
P130019 5.087 4.875 -4.913 1.481
P130023 4.576 4.373 -5.394 1.454
P130027 4.713 4.693 -5.808 0.480
P130030 4.414 4.090 -5.278 1.168
P130033 4.979 4.550 -4.015 1.826
P130037 4.888 4.209 -4.393 1.787
P130041 4.588 4.624 -5.710 0.478
P130046 5.028 4.957 -5.808 0.570
P130049 5.036 4.587 -5.875 2.544
P130050 4.812 4.744 -5.564 0.830
P130055 4.995 4.715 -4.901 0.943
P130057 5.463 5.142 -4.122 1.112
P130062 5.182 4.684 -4.387 2.184
P130065 5.242 5.167 -5.679 0.524
P130068 4.934 5.067 -5.503 1.109
P130072 4.852 4.816 -3.805 2.344
P130073 5.211 5.233 -5.831 0.569
P130076 4.977 4.975 -5.601 2.567
P130077 4.903 4.711 -3.981 0.859
P130078 5.088 5.015 -5.520 0.772
P130080 4.636 4.581 -5.088 0.815
P130083 5.075 4.757 -4.290 1.544
P130085 5.396 4.930 -1.326 3.682
P130087 5.328 4.462 -4.405 2.098
P130090 5.100 5.142 -5.309 0.744
P130093 4.507 4.474 -4.642 1.296
P130095 5.120 4.925 -4.247 0.803
P130099 5.186 5.100 -5.517 1.279
P130104 5.075 4.891 -6.107 1.204
P130107 5.376 4.922 -4.316 1.899
P130109 5.068 5.032 -5.735 0.448
P130113 4.988 4.720 -5.467 0.735
P130116 4.823 4.570 -4.098 0.792
P130117 4.967 4.869 -5.628 1.031
P130119 4.641 4.542 -5.473 0.853
P130122 5.090 4.691 -4.236 1.380
P130127 4.707 4.389 -5.109 1.149
P130130 5.030 4.861 -5.470 0.984
P130133 5.080 5.021 -5.250 0.567
P130135 5.257 5.215 -5.664 0.678
P130139 5.084 4.895 -4.295 0.725
P130140 4.874 4.528 -4.328 1.411
P130145 4.876 4.863 -5.871 0.728
P130147 4.522 4.542 -4.440 0.551
P130150 4.688 4.622 -5.706 0.889
P130153 4.660 4.569 -5.647 0.743
P130155 4.727 4.659 -4.904 1.843
P130157 4.631 4.501 -5.716 1.021
P130162 4.496 4.476 -5.363 1.130
P130166 4.595 4.634 -5.538 0.935
P130169 4.662 4.546 -5.573 0.750
P130171 4.661 4.615 -5.676 0.366
P130173 4.569 4.424 -5.493 0.787
P130176 4.554 4.683 -4.029 1.091
P130178 4.848 5.012 -5.913 0.647
P130182 4.683 4.736 -5.793 0.617
P130183 4.750 4.734 -5.168 0.770
P130185 4.089 4.216 -4.484 1.517
P130188 4.585 4.832 -5.193 1.157
P130192 4.925 4.774 -5.086 2.413
P130195 4.803 4.781 -5.113 1.751
P130199 5.115 4.615 -3.961 2.020
P130204 4.871 4.653 -5.249 0.996
P130207 4.965 4.926 -5.872 0.549
P130209 5.019 4.781 -5.174 0.308
P130216 4.898 4.606 -5.046 1.313
P130217 5.264 4.826 -3.999 1.723
P130222 4.920 4.914 -5.564 0.369
P130223 5.041 4.906 -4.023 0.972
P130224 4.911 4.767 -3.950 0.986
P130225 4.801 4.888 -4.862 0.442
P130228 4.936 4.796 -5.961 0.469
P130234 4.670 4.647 -5.841 0.415
P130236 4.555 4.652 -5.704 0.356
P130238 4.479 4.460 -5.390 1.897
P130240 4.638 4.576 -5.788 0.996
P130244 4.540 4.557 -4.015 1.029
P130247 4.699 4.316 -4.965 1.438
P130249 4.619 4.664 -4.463 0.935
P130250 4.647 4.960 -5.050 1.204
P130253 5.224 5.059 -3.988 1.274
P130255 4.959 4.856 -5.974 1.267
P130259 4.843 4.711 -4.464 0.592
P130262 5.111 4.938 -5.449 0.481
P130265 4.929 4.817 -5.475 0.702
P130266 4.738 4.756 -5.059 0.457
P130269 4.603 4.613 -4.487 0.803
P130271 4.728 4.804 -5.553 0.394
P130274 4.713 4.656 -5.701 0.733
P130277 4.662 4.672 -5.417 1.409
P130279 4.833 4.725 -4.555 0.956
P130281 4.752 4.801 -5.215 1.497
P130289 4.671 4.766 -5.608 0.605
P130291 4.369 4.570 -3.670 2.486
P130293 4.661 4.766 -5.600 1.312
P130297 4.566 4.476 -4.511 2.517
P130299 4.600 4.805 -4.689 1.171
P130302 4.698 4.783 -5.170 0.530
P130305 5.107 4.661 -4.700 1.826
P130306 4.898 5.050 -5.291 1.825
P130310 4.698 4.617 -4.708 0.782
P130314 5.062 5.041 -5.132 1.015
P130316 5.084 5.046 -5.321 0.397
P130319 4.741 4.752 -5.649 0.454
P130322 4.743 4.757 -5.530 0.725
P130325 4.442 4.702 -4.336 0.852
P130327 4.622 4.609 -5.353 1.419
P130331 4.775 4.756 -4.114 0.935
P130333 4.730 4.701 -5.940 0.919
P130338 4.888 4.832 -5.372 0.681
P130342 4.851 4.767 -5.409 0.554
P130344 4.444 4.412 -5.339 0.827
P130347 4.521 4.444 -5.365 0.779
P130350 4.206 4.105 -4.628 0.693
P130352 4.586 4.447 -5.148 0.606
P130357 4.943 4.991 -4.735 0.279
P130359 4.887 4.686 -5.672 0.909
P130362 4.572 4.302 -4.838 0.696
P130364 4.810 4.657 -5.536 0.658
P130367 4.624 4.042 -4.766 1.503
P130369 4.414 4.711 -4.269 2.500
P130371 4.780 4.765 -5.486 1.328
P130375 4.646 4.392 -4.536 3.374
P130377 4.800 4.826 -5.163 0.598
P130381 4.778 4.736 -5.118 0.547
P130383 4.884 4.893 -5.162 0.417
P130387 4.735 4.723 -5.202 1.059
P130389 4.420 4.366 -4.398 0.988
P130393 4.732 4.715 -5.223 1.329
P130395 4.809 4.881 -4.523 0.734
P130397 4.731 4.368 -4.194 0.898
P130399 4.623 4.601 -5.259 1.347
P130405 4.694 4.570 -4.856 0.565
P130408 4.675 4.510 -5.071 0.663
P130411 4.664 4.373 -4.826 0.938
P130413 4.984 4.932 -5.493 0.364
P130414 5.160 5.002 -5.027 0.338
P130417 5.089 4.916 -4.056 1.218
P130420 4.859 4.868 -5.845 0.395
P130422 4.688 4.231 -4.240 1.965
P130427 4.862 4.781 -5.864 0.554
P130430 4.892 4.804 -5.934 0.595
P130436 5.061 5.116 -3.945 1.094
P130440 4.823 4.656 -4.949 1.076
P130441 5.179 4.914 -4.165 2.170
P130444 4.820 4.468 -4.805 1.028
P130445 4.815 4.710 -4.051 1.115
P130446 4.212 4.360 -4.598 1.423
P130451 4.986 4.767 -4.167 2.270
P130452 4.695 4.379 -4.436 0.937
P130455 4.725 4.738 -5.061 1.662
P130456 4.972 5.024 -3.932 1.263
P130458 5.206 4.871 -4.186 1.349
P130460 4.841 4.372 -4.741 0.961
P130466 4.871 4.856 -5.650 0.333
P130467 4.619 4.734 -4.995 0.943
P130468 4.798 4.787 -4.310 1.286
P130470 4.478 4.399 -4.154 2.332
P130472 4.657 4.167 -4.482 0.873
P130474 4.743 4.532 -4.673 0.767
P130477 4.834 4.667 -5.091 0.592
P130479 4.826 4.799 -5.838 0.412
P130483 4.887 4.834 -5.914 0.419
P130485 5.018 4.801 -5.129 0.456
P130487 4.956 4.907 -4.000 1.004
P130490 5.076 4.875 -4.041 0.917
P130497 4.667 4.797 -5.173 0.660
P130498 4.752 4.644 -4.609 0.909
P130501 5.205 4.946 -4.250 1.267
P130506 5.033 4.991 -5.754 0.370
P130507 5.230 5.032 -5.312 0.294
P130510 4.955 5.006 -5.023 0.650
P130511 5.166 4.985 -4.113 1.111
P130512 4.403 4.394 -4.680 1.190
P130514 5.305 5.162 -3.963 1.232
P130518 4.863 4.598 -4.915 0.477
P130521 5.041 4.906 -5.674 1.543
P130522 4.940 4.981 -3.912 1.854
P130523 5.386 4.824 -4.172 2.001
P130525 4.729 4.581 -3.848 1.199
P130527 4.726 4.484 -4.790 0.710
P130529 5.081 4.902 -4.089 1.018
P130532 4.999 4.884 -5.338 0.594
P130536 4.797 4.693 -5.673 0.447
P130540 4.756 4.711 -3.910 1.403
P130542 4.615 4.484 -5.448 0.307
P130544 4.510 4.595 -5.286 1.018
P130545 4.759 4.599 -3.931 0.920
P130546 4.439 4.395 -5.466 0.822
P130550 5.008 4.553 -4.002 1.830
P130552 4.417 4.253 -5.272 1.121
P130553 4.473 4.105 -5.014 0.865
P130555 4.722 4.568 -5.527 0.863
P130557 4.896 4.754 -5.170 1.069
P130558 4.851 4.814 -4.725 1.377
P130561 4.935 4.841 -5.252 0.616
P130566 4.963 4.757 -5.525 0.668
P130567 4.886 4.640 -5.068 0.600
P130570 5.444 5.026 -4.036 2.318
P130573 4.885 4.720 -5.340 0.834
P130576 5.141 4.976 -5.622 0.632
P130578 4.855 4.835 -5.705 0.397
P130584 4.812 4.666 -5.820 0.595
P130593 5.067 5.060 -5.822 0.767
P130594 4.776 4.522 -5.519 0.851
P130597 4.992 4.969 -5.859 0.647
P130606 4.714 4.445 -5.010 1.065
P130608 5.000 5.041 -5.867 0.709
P130612 5.115 4.732 -4.283 1.976
P130614 5.150 5.107 -5.686 0.592
P130619 5.013 4.804 -6.115 1.402
P130622 4.755 4.462 -5.131 0.930
P130623 4.882 4.654 -5.074 0.591
P130627 5.085 5.099 -5.195 0.353
P130628 4.861 4.598 -5.467 0.833
P130633 5.539 5.169 0.874 1.736
P130635 5.126 4.551 -4.056 1.951
P130639 5.013 4.833 -6.110 1.318
P130644 5.156 5.072 -5.708 0.632
P130646 4.627 4.546 -4.954 0.810
P130649 5.130 5.109 -5.704 0.581
P130653 5.055 4.525 -4.347 1.806
P130655 5.116 4.844 -5.799 0.921
P130657 5.113 4.612 -4.019 1.410
P130659 5.215 5.229 -3.906 1.627
P130661 5.410 4.950 -4.115 1.592
P130663 4.904 4.597 -4.705 1.052
P130664 5.139 5.144 -5.845 0.533
P130670 5.125 4.946 -5.760 1.257
P130672 4.990 4.906 -5.425 0.496
P130676 4.870 4.606 -5.473 1.124
P130679 5.081 4.979 -5.729 0.428
P130681 4.976 4.698 -3.945 1.281
P130683 5.093 4.898 -5.646 0.724
P130687 5.157 5.069 -5.671 0.440
P130691 4.961 4.783 -5.733 1.281
P130693 4.946 4.896 -5.968 0.622
P130699 5.004 4.920 -5.614 0.442
P130703 5.173 4.982 -5.798 1.278
P130704 4.979 4.847 -5.112 0.604
P130707 5.027 5.026 -5.750 0.956
P130710 5.024 4.833 -4.241 0.804
P130711 5.027 4.803 -4.236 0.778
P130713 5.232 4.993 -5.698 0.634
P130715 4.930 4.694 -5.474 0.792
P130719 5.422 4.883 -4.210 1.848
P130720 4.756 4.486 -4.860 0.850
P130722 4.889 4.762 -5.389 0.865
P130724 4.453 4.406 -4.969 0.928
P130726 5.413 5.366 0.977 0.586
P130729 5.054 4.611 -4.169 1.400
P130730 4.784 4.560 -5.270 0.738
P130735 4.950 4.662 -5.573 0.854
P130739 5.023 5.030 -5.776 0.555
P130742 5.311 4.820 -4.174 1.834
P130744 5.143 4.929 -5.739 1.206
P130745 5.060 4.753 -4.360 1.926
P130747 5.310 4.565 -4.561 1.912
P130753 5.076 5.019 -5.726 0.542
P130755 4.986 4.556 -4.047 2.118
P130758 5.266 4.899 -3.831 2.807
P130760 5.191 5.091 -5.691 0.630
P130764 5.383 4.622 -4.599 1.928
P130766 5.276 4.726 -4.136 1.976
P130768 4.723 4.446 -4.929 1.012
P130772 4.986 4.765 -4.335 2.207
P130774 5.186 4.971 -3.734 3.050
P130776 5.038 5.157 -5.385 0.752
P130780 5.010 4.900 -5.013 0.799
P130781 4.765 4.475 -3.782 1.438
P130783 5.186 5.053 -4.034 1.123
P130788 4.944 4.923 -5.790 2.611
P130790 4.938 4.313 -4.777 0.935
P130791 5.349 4.798 -4.053 1.624
P130793 4.758 4.550 -5.049 0.487
P130795 5.126 4.624 -5.319 0.628
P130798 4.834 4.671 -5.516 0.363
P130802 4.773 4.580 -4.817 0.519
P130807 4.766 4.613 -5.179 0.322
P130809 4.746 4.617 -3.889 0.863
P130810 4.888 4.704 -4.021 0.859
P130811 5.100 4.920 -5.407 0.748
P130816 4.926 4.819 -4.045 0.827
P130819 5.294 5.255 -5.476 0.856
P130822 5.500 5.159 -4.309 2.305
P130824 5.131 5.001 -3.551 4.880
P130825 5.034 4.863 -5.395 0.760
P130830 5.244 5.180 -5.563 1.655
P130831 5.190 4.956 -4.180 0.760
P130832 5.034 4.779 -4.855 0.589
P130835 5.265 5.072 -5.704 1.544
P130840 4.982 5.028 -5.747 0.957
P130844 5.172 5.011 -4.802 0.985
P130853 5.091 5.037 -6.136 0.660
P130857 5.217 5.147 -5.823 0.441
P130863 5.248 5.019 -6.185 1.327
P130867 5.297 5.265 -5.412 0.374
P130872 5.089 4.587 -4.444 3.312
P130875 5.320 5.035 -3.634 0.810
P130878 4.845 4.763 -5.285 0.994
P130881 5.265 5.158 -5.650 1.018
P130882 5.136 4.942 -4.062 0.779
P130883 4.619 4.644 -4.775 1.479
P130886 5.062 5.040 -5.787 3.056
P130887 5.136 4.965 -5.532 0.632
P130890 4.853 4.993 -5.302 0.804
P130895 5.011 4.795 -5.692 0.470
P130901 4.866 4.516 -5.699 0.646
P130902 5.103 5.183 -3.899 1.425
P130904 4.558 4.919 -4.536 2.333
P130909 5.254 4.981 -6.207 1.467
P130911 5.025 4.850 -5.420 0.413
P130916 5.043 4.778 -4.302 2.499
P130917 4.784 4.413 -4.763 1.401
P130920 4.861 4.940 -5.517 2.571
P130922 5.538 4.945 -4.746 2.539
P130924 5.082 5.099 -6.032 0.482
P130927 5.033 4.787 -4.130 0.909
P130928 5.195 4.596 -4.134 1.933
P130932 4.424 4.367 -4.500 0.879
P130934 4.888 4.797 -3.790 0.820
P130937 4.952 4.749 -5.049 0.886
P130942 4.679 4.703 -6.199 0.467
P130946 5.105 5.099 -4.195 1.393
P130947 4.605 4.523 -4.584 0.700
P130950 4.930 4.457 -4.604 0.916
P130953 4.831 4.785 -6.281 0.208
P130956 5.008 4.846 -4.757 0.749
P130957 4.888 4.781 -4.979 0.463
P130960 5.108 4.938 -5.585 1.099
P130965 4.913 4.820 -5.384 0.980
P130967 4.749 4.372 -5.436 0.862
P130968 5.166 4.402 -4.750 1.396
P130972 4.848 4.790 -4.679 0.952
P130976 5.045 4.855 -5.143 0.535
P130979 5.160 5.070 -5.340 0.627
P130984 5.046 4.933 -4.722 1.120
P130985 5.055 4.966 -5.271 0.367
P130987 5.325 5.195 -4.028 1.114
P130988 5.063 4.564 -4.528 1.297
P130989 5.358 5.223 -5.201 0.510
P130991 5.108 4.957 -5.030 0.261
P130995 4.903 4.767 -6.060 0.661
P130997 4.617 4.766 -4.389 1.033
P131003 5.140 5.072 -5.963 0.578
P131011 5.235 5.266 -6.088 0.729
P131018 4.800 4.727 -6.040 0.474
P131022 4.725 4.497 -4.815 0.869
P131024 5.078 4.647 -4.357 1.117
P131025 5.110 5.059 -4.061 1.509
P131026 4.845 4.846 -5.040 0.698
P131030 5.088 4.946 -5.202 0.908
P131036 4.982 4.968 -5.726 0.831
P131042 5.157 4.987 -6.044 1.181
P131046 5.349 5.081 -4.259 1.260
P131048 5.052 5.067 -4.935 1.227
P131050 5.005 4.797 -4.783 0.615
P131052 5.427 5.086 -4.201 2.295
P131056 4.406 4.603 -4.609 0.918
P131060 5.194 5.146 -5.876 0.535
P131068 5.170 5.171 -6.046 0.922
P131072 5.204 5.149 -5.903 0.547
P131079 4.999 4.942 -4.302 1.000
P131080 5.011 4.762 -5.755 0.480
P131087 4.734 4.699 -5.971 1.117
P131092 5.112 4.960 -4.810 0.978
P131095 4.313 4.342 -4.905 0.809
P131099 4.874 4.656 -5.711 0.830
P131100 4.854 4.932 -5.232 0.885
P131104 5.179 5.031 -6.019 0.794
P131113 5.007 4.931 -5.913 0.532
P131115 5.147 5.174 -5.478 0.442
P131121 5.102 5.040 -5.854 0.973
P131130 5.168 5.019 -6.113 1.271
P131135 4.951 4.945 -6.225 0.570
P131138 5.050 4.910 -5.532 0.526
P131141 4.992 4.734 -5.834 0.561
P131146 5.059 5.146 -6.189 0.543
P131150 4.700 4.509 -4.966 0.975
P131151 5.293 4.943 -4.207 2.362
P131153 5.034 4.668 -4.383 1.718
P131157 5.158 5.091 -5.707 0.592
P131164 4.841 4.763 -5.608 0.525
P131170 4.702 4.556 -5.480 0.889
P131172 5.097 5.030 -5.372 0.614
P131180 4.764 4.533 -4.520 1.632
P131182 5.364 5.146 -4.379 1.002
P131184 5.134 5.108 -5.719 0.552
P131185 4.809 4.648 -5.151 0.752
P131191 5.163 4.794 -4.321 2.247
P131194 4.770 4.762 -4.713 0.298
P131197 5.079 5.030 -5.500 1.002
P131199 4.816 4.688 -4.491 1.008
P131201 5.146 5.050 -6.317 0.389
P131203 4.794 4.527 -5.402 0.629
P131204 5.326 5.046 -4.335 1.159
P131206 4.588 4.443 -5.478 0.645
P131208 4.669 4.322 -5.163 0.681
P131210 4.652 4.398 -4.251 1.121
P131211 4.951 4.669 -5.685 1.179
P131214 4.780 4.558 -4.675 0.913
P131215 4.881 4.542 -4.296 1.675
P131218 4.979 4.869 -5.062 0.537
P131221 4.940 4.901 -5.570 1.160
P131223 4.978 4.507 -4.027 1.974
P131225 4.612 4.378 -5.619 1.001
P131231 5.200 5.174 -5.541 0.763
P131235 5.115 4.940 -5.749 0.947
P131236 4.951 4.785 -5.152 0.552
P131239 5.349 5.098 -5.497 0.707
P131242 4.923 4.651 -5.362 1.021
P131244 5.074 5.076 -4.711 0.480
P131246 4.853 4.398 -5.291 2.068
P131247 5.578 5.590 0.757 0.529
P131251 5.337 5.232 -5.695 0.495
P131254 4.918 4.613 -5.811 1.122
P131260 4.894 4.426 -5.138 1.171
P131265 5.243 4.710 -3.867 1.697
P131271 4.932 4.774 -5.400 0.798
P131274 4.811 4.626 -3.841 1.158
P131277 4.987 4.791 -5.552 0.728
P131281 5.035 4.659 -5.034 1.027
P131283 5.218 5.183 -6.149 0.609
P131287 5.295 4.700 -5.473 1.423
P131290 5.162 5.141 -5.865 0.408
P131294 5.376 5.109 -4.046 0.939
P131299 5.064 4.820 -5.720 0.949
P131302 4.882 4.745 -4.773 1.238
P131304 5.189 5.217 -5.931 0.400
P131305 5.143 5.020 -4.782 0.974
P131306 4.736 4.828 -4.097 1.827
P131308 5.101 4.806 -3.792 2.005
P131310 4.927 4.890 -5.558 0.648
P131311 4.655 4.493 -5.525 0.895
P131313 3.976 4.260 -5.153 0.937
P131314 4.661 4.646 -5.424 1.790
P131317 5.288 5.237 -6.025 0.412
P131323 4.995 4.894 -6.055 0.689
P131326 5.162 5.164 -6.156 0.389
P131329 4.925 4.732 -5.047 0.790
P131332 5.082 4.908 -4.256 0.657
P131334 4.644 4.539 -4.257 1.236
P131336 4.991 4.765 -5.417 0.724
P131337 4.899 4.624 -5.030 0.467
P131340 5.133 4.951 -5.524 0.804
P131342 4.832 4.646 -5.373 0.735
P131353 4.793 4.386 -4.745 0.958
P131358 5.122 5.079 -5.889 0.497
P131361 4.861 4.516 -5.490 0.764
P131362 4.874 4.743 -5.576 0.400
P131364 4.685 4.808 -5.534 0.751
P131366 4.851 4.737 -4.300 0.851
P131369 5.155 5.022 -5.515 0.458
P131371 4.661 4.549 -5.158 0.757
P131373 4.648 4.475 -5.449 0.918
P131377 5.244 4.821 -3.999 1.353
P131380 4.949 4.691 -4.227 1.143
P131384 5.024 4.985 -5.648 0.908
P131387 4.560 4.551 -5.369 0.878
P131389 4.873 4.783 -5.720 0.492
P131390 4.974 4.789 -5.427 0.838
P131398 4.890 4.874 -5.707 1.178
P131401 4.865 4.609 -5.370 0.946
P131402 4.686 4.435 -4.881 0.841
P131406 4.841 4.837 -6.085 0.592
P131409 4.897 4.644 -5.647 0.947
P131410 5.065 4.978 -5.422 0.947
P131414 4.929 4.528 -3.835 1.800
P131419 5.227 5.009 -3.416 2.697
P131422 4.702 4.513 -4.580 1.404
P131423 5.057 4.890 -5.589 1.269
P131426 4.767 4.580 -4.865 0.803
P131429 4.889 4.729 -5.262 0.688
P131431 5.201 5.021 -3.777 0.998
P131433 4.878 4.407 -4.828 1.167
P131434 4.685 4.405 -4.781 1.690
P131437 4.876 4.964 -5.522 3.004
P131438 4.550 4.566 -4.651 1.208
P131440 4.925 4.712 -4.064 0.728
P131442 5.097 4.907 -5.353 0.668
P131444 4.642 4.629 -5.064 0.859
P131447 5.117 4.697 -4.698 2.834
P131448 5.359 4.806 -1.550 3.066
P131452 5.081 5.019 -5.092 0.671
P131454 5.150 5.072 -5.035 0.880
P131460 4.982 4.758 -5.178 1.828
P131463 5.261 4.443 -4.778 2.721
P131465 5.096 4.702 -3.773 1.882
P131468 5.015 5.082 -5.491 2.564
P131470 4.830 4.735 -4.882 1.174
P131471 5.077 4.923 -4.093 0.777
P131473 5.056 5.043 -5.575 2.418
P131477 5.271 4.872 -4.450 2.195
P131478 5.032 4.493 -4.553 2.812
P131481 5.266 5.253 -5.432 0.404
P131483 5.492 4.996 -3.300 3.872
P131488 4.435 4.404 -5.284 1.330
P131490 4.956 4.959 -5.111 1.554
P131498 5.152 5.103 -5.881 0.902
P131501 4.979 5.014 -6.036 1.018
P131503 5.040 5.079 -6.186 0.487
P131504 4.725 4.384 -4.973 1.150
P131506 4.807 4.630 -4.560 0.921
P131511 4.910 4.730 -5.615 1.035
P131514 4.749 4.572 -4.310 0.977
P131515 4.982 5.071 -5.977 0.297
P131518 4.666 4.527 -5.439 0.815
P131521 5.168 4.868 -3.828 2.747
P131523 4.979 5.065 -5.685 0.188
P131528 5.146 4.478 -4.397 2.029
P131529 4.676 4.689 -5.794 1.125
P131533 4.908 4.774 -5.669 1.120
P131535 4.577 4.608 -4.935 0.691
P131537 5.192 4.999 -4.232 0.607
P131541 5.028 4.772 -5.645 0.954
P131542 4.936 4.894 -4.154 1.637
P131543 4.885 4.704 -4.765 1.888
P131545 5.101 4.951 -5.387 0.906
P131547 4.746 4.546 -5.322 1.267
P131552 5.365 5.244 -3.185 3.211
P131554 5.305 4.650 -4.594 1.708
P131556 5.316 5.351 -4.565 0.500
P131558 4.828 5.098 -5.228 1.457
P131561 4.611 4.804 -4.323 1.032
P131564 5.047 5.192 -4.739 0.970
P131568 5.125 5.034 -5.687 1.101
P131571 5.064 5.098 -3.926 1.302
P131575 4.708 4.765 -5.045 0.653
P131576 5.169 5.026 -5.056 0.558
P131578 4.940 4.860 -4.142 1.131
P131580 4.985 4.662 -5.193 0.890
P131582 5.136 5.032 -6.134 0.436
P131585 5.424 4.787 -4.963 3.014
P131588 5.185 5.159 -5.813 0.445
P131591 4.992 4.790 -4.549 0.815
P131594 5.213 4.978 -3.920 0.490
P131596 5.094 4.960 -5.869 0.783
P131601 4.962 4.601 -4.945 0.765
P131605 4.992 5.008 -5.923 0.733
P131610 5.013 5.095 -5.734 0.677
P131614 4.955 4.779 -5.263 0.824
P131615 4.723 4.431 -4.769 0.730
P131618 4.916 4.902 -5.795 0.994
P131623 4.959 4.909 -4.176 0.978
P131624 4.885 4.889 -5.496 0.609
P131625 5.294 4.987 -5.257 1.862
P131629 5.241 4.724 -3.985 2.008
P131632 4.849 4.672 -4.740 0.690
P131635 4.970 4.880 -5.765 0.368
P131637 4.750 4.681 -4.832 0.837
P131640 4.937 4.851 -5.645 0.636
P131641 4.509 4.482 -5.384 1.662
P131644 5.216 5.044 -6.049 0.474
P131651 5.101 4.973 -6.139 0.581
P131653 4.981 5.009 -5.954 0.332
P131654 4.681 4.411 -5.015 1.084
P131656 4.214 4.457 -5.424 0.799
P131663 5.116 5.077 -5.944 1.235
P131665 5.043 5.072 -6.117 0.299
P131667 4.915 4.932 -5.267 0.400
P131671 4.889 4.879 -5.072 0.857
P131678 5.285 5.189 -6.234 0.702
P131682 5.295 5.057 -4.366 0.555
P131684 4.576 4.508 -4.801 1.050
P131685 4.888 4.709 -5.600 1.138
P131690 4.949 4.985 -5.356 0.309
P131694 4.931 4.827 -5.386 1.177
P131695 5.351 5.238 -5.199 0.319
P131699 4.804 4.560 -4.929 0.823
P131709 4.915 4.816 -3.913 0.883
P131710 4.798 4.413 -4.660 0.880
P131713 4.714 4.417 -4.782 1.039
P131714 4.839 4.698 -4.095 1.098
P131716 4.792 4.804 -4.932 0.612
P131718 4.925 4.566 -5.289 1.169
P131719 4.925 4.738 -5.348 0.679
P131721 3.972 4.636 -4.822 0.793
P131723 5.001 4.910 -4.235 0.957
P131724 4.989 4.835 -5.281 0.629
P131726 5.037 5.025 -6.495 0.835
P131729 4.600 4.254 -4.733 0.966
P131731 4.962 4.882 -5.096 0.388
P131736 5.221 5.093 -5.949 0.553
P131739 5.097 5.305 -4.821 1.600
P131740 5.363 5.319 -4.021 0.980
P131744 5.159 4.654 -4.712 0.868
P131747 5.240 5.180 -5.845 0.542
P131751 5.221 5.150 -5.869 0.462
P131757 5.195 5.017 -6.145 1.271
P131762 4.933 4.984 -5.611 0.603
P131768 4.901 4.873 -5.667 1.045
P131772 4.613 4.462 -4.971 1.120
P131773 4.883 4.762 -4.842 0.836
P131776 5.050 5.103 -5.684 0.629
P131779 5.344 4.633 -4.831 2.871
P131784 5.088 5.055 -5.140 0.342
P131785 5.475 5.198 -4.264 2.409
P131787 5.012 4.875 -5.575 0.406
P131794 5.115 4.991 -5.964 0.745
P131797 4.822 4.615 -4.886 0.787
P131800 5.030 5.034 -5.582 0.491
P131804 4.883 4.792 -5.683 0.911
P131810 5.255 5.090 -5.430 0.960
P131814 4.850 4.815 -5.906 0.440
P131817 4.815 4.707 -5.637 0.323
P131824 4.759 4.537 -4.739 0.925
P131826 4.797 4.796 -5.779 0.972
P131831 5.065 5.151 -4.907 1.067
P131832 5.461 5.452 -4.114 1.150
P131835 5.137 5.105 -5.880 0.555
P131840 5.139 5.068 -6.122 0.661
P131843 4.818 4.672 -4.955 0.830
P131846 4.989 5.208 -5.253 0.803
P131847 5.215 5.241 -4.012 2.013
P131848 4.862 4.656 -4.824 0.972
P131851 5.170 4.653 -4.739 1.020
P131853 5.517 5.420 -4.255 1.031
P131856 4.879 4.884 -5.689 0.606
P131859 5.181 4.929 -5.073 1.580
P131861 5.536 5.190 -4.240 2.487
P131862 4.953 4.709 -5.493 2.551
P131865 5.030 4.766 -3.876 2.548
P131866 4.778 4.967 -5.332 1.844
P131868 4.838 4.606 -5.501 0.537
P131872 5.059 4.952 -5.880 1.074
P131881 4.887 4.880 -5.326 0.584
P131884 4.293 4.482 -4.582 1.310
P131887 4.750 4.580 -4.659 0.847
P131890 5.044 5.154 -5.339 0.285
P131896 5.029 4.952 -6.116 0.476
P131898 5.429 4.948 -3.126 2.891
P131900 5.065 5.204 -4.016 1.331
P131901 5.073 4.729 -4.839 1.086
P131903 5.307 4.967 -5.646 2.017
P131905 5.064 4.848 -4.719 0.475
P131908 4.689 4.907 -4.942 0.943
P131911 5.006 4.829 -5.447 0.690
P131917 5.430 5.075 -5.639 0.406
P131922 4.906 4.982 -3.256 3.299
P131926 5.160 5.088 -5.401 0.569
P131930 5.297 5.152 -5.781 1.202
P131935 5.035 4.983 -6.116 0.971
P131942 5.093 4.925 -6.056 1.367
P131946 5.226 5.075 -6.171 1.209
P131950 5.111 4.910 -5.926 1.848
P131955 5.273 5.100 -6.243 0.467
P131958 4.714 4.472 -5.569 1.069
P131962 5.157 4.852 -5.513 1.050
P131969 5.044 5.060 -5.789 0.757
P131972 4.764 4.907 -5.910 0.760
P131977 4.937 4.643 -5.537 1.228
P131981 5.115 4.996 -5.984 0.824
P131984 4.938 4.625 -5.294 0.638
P131989 5.076 5.152 -6.138 0.692
P131996 4.996 4.931 -5.621 1.211
P132006 4.876 4.587 -5.529 0.624
P132012 5.301 5.120 -5.933 1.198
P132014 5.189 4.783 -5.513 1.876
P132016 5.331 5.175 -5.742 1.085
P132021 5.080 4.965 -5.883 1.326
P132023 4.960 4.784 -4.662 1.144
P132025 5.267 5.094 -5.578 0.971
P132031 4.848 5.049 -6.164 0.601
P132041 5.117 5.021 -5.782 1.107
P132044 4.582 4.630 -5.220 0.740
P132045 5.050 4.229 -4.254 2.499
P132051 5.197 5.027 -5.438 0.819
P132053 4.797 4.600 -4.780 1.735
P132057 5.188 5.063 -4.447 2.142
P132065 5.384 5.418 -6.153 0.434
P132069 5.354 5.177 -6.230 1.022
P132075 5.259 5.140 -4.312 0.959
P132085 5.003 4.912 -4.281 1.323
P132086 4.878 4.951 -5.535 0.430
P132092 5.137 5.104 -6.262 0.515
P132098 5.152 5.184 -6.165 0.448
P132102 4.833 4.789 -4.741 2.047
P132106 5.175 5.169 -5.312 0.893
P132107 4.834 4.693 -4.288 1.021
P132109 5.038 5.172 -5.953 0.532
P132111 5.102 4.806 -5.745 0.731
P132115 4.427 4.851 -5.435 0.755
P132118 5.030 5.122 -5.918 2.931
P132119 4.927 4.546 -4.246 1.859
P132125 4.464 4.773 -5.450 1.175
P132129 5.271 5.288 -6.096 0.576
P132134 5.192 5.079 -6.527 0.784
P132139 5.045 4.901 -5.412 1.638
P132142 5.430 5.294 -5.718 1.000
P132146 5.005 5.004 -5.788 0.319
P132147 5.189 4.933 -4.888 0.693
P132152 5.109 4.964 -5.271 0.610
P132155 5.218 5.005 -5.706 1.014
P132158 5.339 5.432 -6.004 0.330
P132160 4.970 4.664 -5.694 0.508
P132165 5.512 5.352 -6.196 0.775
P132173 5.486 5.529 -6.214 0.542
P132175 5.159 5.068 -4.897 0.727
P132178 5.316 5.314 -5.978 0.372
P132181 5.253 5.138 -3.950 1.410
P132184 5.300 5.290 -5.525 0.595
P132188 5.339 5.297 -6.371 0.626
P132194 4.891 4.885 -5.296 0.398
P132196 5.100 5.163 -5.862 0.502
P132202 5.487 5.226 -4.318 0.965
P132210 5.340 5.352 -6.101 0.993
P132213 5.250 5.096 -6.206 0.683
P132221 5.371 5.358 -6.091 1.014
P132223 5.058 4.837 -5.886 0.545
P132225 5.301 5.369 -6.208 0.496
P132230 4.987 4.591 -5.566 1.401
P132233 5.316 5.165 -6.608 0.818
P132235 5.269 5.139 -6.026 0.384
P132239 5.309 5.359 -6.294 0.308
P132245 5.333 5.213 -5.764 0.419
P132252 5.375 5.172 -5.485 0.627
P132257 4.890 4.492 -4.664 0.914
P132259 5.243 5.287 -6.219 0.692
P132265 5.065 5.076 -5.823 0.721
P132270 4.355 4.589 -5.224 1.321
P132278 5.278 5.074 -3.928 0.927
P132279 4.547 4.609 -5.224 0.831
P132286 4.816 4.623 -5.348 1.256
P132288 4.780 4.741 -3.807 1.843
P132290 5.242 5.114 -6.000 0.762
P132292 4.922 4.651 -5.145 0.521
P132294 4.566 4.381 -5.286 0.936
P132300 5.282 4.979 -4.286 1.831
P132303 4.941 4.868 -5.693 0.775
P132304 4.530 4.469 -4.039 1.323
P132308 4.898 4.651 -5.418 0.879
P132310 5.122 4.933 -5.855 0.646
P132314 5.522 5.309 -3.649 2.781
P132318 5.222 5.192 -6.032 0.606
P132322 5.113 4.905 -5.360 0.935
P132323 4.983 4.812 -5.758 0.938
P132325 5.117 4.824 -5.441 1.175
P132326 4.950 4.625 -5.533 1.842
P132327 4.616 4.807 -5.407 1.060
P132329 5.072 4.868 -5.894 0.774
P132330 4.961 4.877 -4.143 0.805
P132332 5.079 5.132 -5.349 0.785
P132336 5.113 5.162 -5.449 0.572
P132339 5.445 4.823 -4.222 1.636
P132342 5.164 5.204 -5.631 0.635
P132345 5.638 5.097 -4.249 1.324
P132348 5.619 5.374 -3.708 2.841
P132349 4.979 4.844 -5.143 0.688
P132352 5.458 5.123 -4.359 2.173
P132353 5.057 4.971 -5.406 0.810
P132355 5.594 5.441 -5.242 0.531
P132357 5.483 5.446 -5.648 0.905
P132359 5.341 5.139 -4.196 0.714
P132361 5.256 5.017 -4.796 0.820
P132363 5.329 5.212 -5.746 1.809
P132364 4.828 4.615 -4.803 0.832
P132367 4.812 4.847 -5.004 1.112
P132369 4.952 5.003 -5.521 0.568
P132373 4.868 4.566 -4.380 0.811
P132376 4.936 4.884 -5.712 0.791
P132381 5.280 5.069 -6.139 1.671
P132385 5.386 5.190 -5.929 0.340
P132388 4.936 4.571 -4.841 0.733
P132391 4.541 4.727 -5.386 1.052
P132398 5.330 5.408 -6.126 0.630
P132401 5.198 5.089 -6.239 0.627
P132404 5.399 5.305 -5.219 0.459
P132411 4.869 4.813 -6.174 0.301
P132414 5.107 4.872 -4.826 0.527
P132417 5.036 4.844 -5.980 0.780
P132421 4.871 4.741 -5.440 1.219
P132424 5.350 5.004 -4.639 1.821
P132427 4.584 4.499 -5.064 0.646
P132430 5.080 5.096 -4.363 1.902
P132432 5.265 5.218 -5.912 0.398
P132435 4.054 4.290 -5.007 1.297
P132438 5.122 5.086 -6.096 0.384
P132441 5.126 5.044 -5.978 0.406
P132445 4.556 4.553 -5.834 0.804
P132447 5.247 5.077 -4.107 0.587
P132454 4.948 4.992 -5.835 0.350
P132457 4.787 4.716 -5.439 0.788
P132462 5.416 5.427 -6.215 0.629
P132465 5.307 5.463 -6.071 0.329
P132470 5.038 4.891 -4.930 0.700
P132473 4.935 4.674 -5.274 1.071
P132477 5.174 5.204 -5.768 0.348
P132481 5.324 4.673 -5.418 1.477
P132484 5.094 5.066 -5.867 0.455
P132488 4.990 4.834 -5.675 1.187
P132496 5.176 5.139 -5.772 0.870
P132499 5.041 5.121 -5.740 2.476
P132500 5.486 5.142 -3.144 3.084
P132502 4.921 4.829 -5.380 0.916
P132504 5.102 5.167 -6.092 0.428
P132511 5.285 5.131 -5.965 0.528
P132513 4.789 4.613 -5.223 0.694
P132519 5.105 4.860 -5.892 0.623
P132523 5.057 5.077 -5.816 0.387
P132528 5.143 5.106 -5.676 0.597
P132533 5.029 5.001 -5.846 0.496
P132542 5.094 5.074 -5.725 1.009
P132546 5.040 4.742 -5.748 1.484
P132548 5.165 5.161 -5.402 0.558
P132551 4.949 4.591 -4.484 3.098
P132554 5.246 5.074 -6.229 1.270
P132560 5.354 5.311 -6.211 0.236
P132565 5.274 5.373 -6.356 0.351
P132569 4.701 4.599 -5.220 0.632
P132570 4.827 4.586 -4.478 0.926
P132572 4.949 4.711 -5.786 0.753
P132573 4.717 4.646 -4.718 1.239
P132575 4.936 5.143 -5.472 1.968
P132577 4.632 4.703 -5.120 1.096
P132582 5.189 4.919 -4.187 4.948
P132586 5.078 4.969 -4.189 0.992
P132590 4.989 4.817 -5.725 0.843
P132591 4.781 4.843 -5.200 1.132
P132593 4.896 4.697 -5.769 1.062
P132597 5.308 5.362 -6.135 0.615
P132604 5.191 5.128 -6.606 0.822
P132606 4.757 4.583 -5.308 0.683
P132608 4.888 4.545 -4.332 0.851
P132611 5.224 5.006 -3.909 2.650
P132613 5.329 5.086 -4.201 0.580
P132615 4.647 4.625 -5.535 0.932
P132617 4.962 4.942 -5.386 0.650
P132618 4.884 4.676 -4.355 0.982
P132620 5.025 4.952 -5.815 0.739
P132626 5.209 5.246 -5.780 0.526
P132630 5.288 4.821 -5.336 1.462
P132632 5.292 5.233 -5.446 0.497
P132636 4.764 4.567 -5.125 1.041
P132646 5.036 5.075 -5.880 0.856
P132649 4.932 4.885 -5.799 0.738
P132653 5.232 5.145 -5.263 0.591
P132656 4.829 4.601 -4.500 1.972
P132657 5.178 4.781 -3.968 2.117
P132662 4.588 4.603 -5.419 1.030
P132666 4.996 4.622 -5.266 0.902
P132668 4.830 4.608 -5.200 1.568
P132670 5.141 4.962 -5.218 2.553
P132671 5.490 5.198 -3.105 3.348
P132674 4.860 4.677 -5.130 1.018
P132681 5.266 5.130 -5.721 0.348
P132686 5.238 5.018 -5.662 2.091
P132693 5.555 5.330 -6.155 0.694
P132696 5.138 4.779 -5.197 1.095
P132698 5.279 5.153 -5.808 0.789
P132704 5.335 5.349 -5.771 0.367
P132712 5.082 4.927 -5.644 2.159
P132714 5.207 5.221 -6.166 0.638
P132715 4.952 4.750 -5.176 1.137
P132718 5.262 5.248 -5.834 0.472
P132721 5.102 4.744 -4.696 0.918
P132723 5.257 5.075 -5.971 0.898
P132726 5.085 4.832 -4.993 0.498
P132728 5.045 4.841 -5.268 0.980
P132730 4.828 4.671 -5.257 0.833
P132731 5.109 4.790 -3.972 0.962
P132733 5.213 4.686 -3.870 2.776
P132736 4.748 4.630 -4.554 0.864
P132737 5.128 5.151 -5.382 0.708
P132741 4.913 4.683 -4.108 0.825
P132742 5.359 5.512 -3.671 0.857
P132743 5.022 4.971 -3.681 1.434
P132746 4.399 4.322 -5.065 1.043
P132750 5.035 4.647 -4.765 0.593
P132752 4.989 4.942 -5.267 1.755
P132755 5.104 5.163 -5.696 0.577
P132761 4.995 5.035 -5.904 0.592
P132764 4.509 4.665 -5.198 1.841
P132767 5.192 5.118 -6.136 0.538
P132770 5.420 4.899 -4.285 1.777
P132773 5.122 5.047 -5.643 0.387
P132776 4.974 4.707 -5.801 0.890
P132780 5.455 5.273 -4.829 0.818
P132782 4.819 4.816 -4.707 1.688
P132783 5.499 5.134 -5.552 2.161
P132786 5.226 5.228 -3.950 1.388
P132787 5.286 4.785 -4.657 1.598
P132791 5.279 4.665 -4.171 1.229
P132793 4.532 4.514 -5.679 1.929
P132795 4.767 4.697 -5.576 1.110
P132797 4.783 4.567 -4.370 1.025
P132799 4.940 5.226 -5.797 1.617
P132803 5.062 4.759 -5.252 1.115
P132806 4.720 4.217 -4.607 1.038
P132809 5.408 4.980 -4.004 2.421
P132811 5.409 5.221 -6.185 0.843
P132815 5.338 5.074 -5.903 1.315
P132820 5.068 4.990 -4.802 0.799
P132823 4.914 4.649 -5.188 1.145
P132825 4.242 4.577 -5.222 1.395
P132829 5.028 4.845 -5.643 0.741
P132832 4.993 4.647 -4.982 0.760
P132837 5.145 5.061 -6.041 0.569
P132840 5.176 4.750 -4.466 0.841
P132843 5.102 5.081 -5.732 0.216
P132845 5.058 4.934 -5.830 0.743
P132847 4.808 4.646 -5.602 0.379
P132851 4.945 4.896 -5.560 1.559
P132852 5.115 5.016 -5.574 0.630
P132856 5.206 5.046 -5.769 0.627
P132862 4.026 4.345 -4.989 1.042
P132864 4.885 4.692 -4.463 0.818
P132867 4.732 4.670 -4.962 1.012
P132870 5.555 5.354 -6.070 0.434
P132873 5.049 5.071 -5.620 0.663
P132879 5.271 4.872 -5.575 0.809
P132886 5.387 5.166 -5.907 0.433
P132890 4.816 4.583 -4.846 1.252
P132892 5.461 5.028 -4.147 2.031
P132895 5.416 5.354 -3.499 1.417
P132897 5.113 4.965 -4.878 1.449
P132900 5.438 5.286 -5.423 0.723
P132902 5.257 5.077 -5.691 0.408
P132903 5.377 5.166 -4.224 0.783
P132904 5.321 4.943 -5.132 0.676
P132907 4.837 4.655 -5.195 0.633
P132909 5.327 5.273 -5.621 1.506
P132910 5.101 5.061 -6.279 0.417
P132917 5.155 5.151 -6.167 0.389
P132921 5.483 5.503 -6.292 0.285
P132926 5.465 5.378 -5.416 0.905
P132928 5.147 5.019 -4.255 2.079
P132933 5.488 5.034 -4.621 2.079
P132934 4.287 4.645 -4.271 2.768
P132937 4.971 4.831 -5.538 1.103
P132943 5.269 5.273 -5.739 0.774
P132949 5.170 5.194 -6.074 0.570
P132953 5.144 4.907 -5.612 0.649
P132954 5.251 5.095 -4.294 1.269
P132955 4.766 4.665 -5.116 0.603
P132959 5.306 5.087 -3.983 2.073
P132961 4.863 4.766 -3.993 0.781
P132962 4.640 4.605 -5.023 0.840
P132966 5.154 5.162 -6.279 0.526
P132968 5.076 4.808 -5.810 0.531
P132975 5.241 5.114 -5.804 0.321
P132978 5.525 5.439 -6.230 0.490
P132982 4.807 4.823 -5.236 0.753
P132983 4.944 4.975 -5.863 0.962
P132986 5.578 5.364 -6.264 0.666
P132988 5.233 5.121 -5.941 0.568
P132991 4.989 4.747 -5.939 1.360
P132996 5.415 5.407 -5.987 0.423
P132999 4.989 5.078 -5.702 0.671
P133003 5.374 5.313 -5.757 0.507
P133013 5.257 5.127 -6.089 1.186
P133015 5.288 5.307 -6.098 0.546
P133024 5.109 5.093 -5.413 0.629
P133033 5.167 5.276 -6.089 0.457
P133036 5.271 4.953 -4.556 2.108
P133039 5.011 4.623 -4.949 0.880
P133045 5.389 5.138 -4.272 0.598
P133047 4.549 4.680 -5.572 0.829
P133051 5.149 5.186 -6.208 0.381
P133052 4.938 4.622 -4.319 1.037
P133060 5.312 5.268 -5.669 1.018
P133067 4.968 4.869 -4.841 0.404
P133068 4.963 4.756 -5.589 0.878
P133069 5.148 4.923 -5.930 0.992
P133073 5.544 5.490 -5.601 0.480
P133076 5.300 5.196 -4.275 2.630
P133086 4.801 4.816 -6.044 0.518
P133088 4.813 4.840 -6.598 0.348
P133089 5.028 4.759 -4.034 1.064
P133096 4.624 4.443 -5.157 1.169
P133098 4.963 4.681 -5.220 1.496
P133100 5.040 4.966 -5.364 0.554
P133103 4.930 4.877 -4.399 0.626
P133105 4.888 4.685 -5.614 0.350
P133109 5.308 5.035 -5.789 1.589
P133112 5.152 4.817 -4.467 1.821
P133114 5.287 5.181 -4.047 1.512
P133117 5.443 5.234 -4.297 1.019
P133118 5.056 4.916 -5.076 0.589
P133121 5.332 5.224 -6.073 0.939
P133122 5.693 5.378 -0.811 1.286
P133124 4.564 4.786 -5.118 0.968
P133128 5.192 4.893 -5.363 0.913
P133129 4.843 4.786 -5.211 0.738
P133131 5.256 4.965 -5.501 0.848
P133142 5.363 5.343 -6.002 0.937
P133144 5.342 5.058 -4.202 1.781
P133148 5.275 5.199 -6.316 0.484
P133158 5.402 5.338 -6.058 0.410
P133166 5.254 5.134 -6.537 0.837
P133169 5.371 5.333 -5.727 0.495
P133172 5.367 5.055 -4.120 1.025
P133174 4.785 4.619 -4.692 0.793
P133178 5.016 5.136 -4.447 2.839
P133180 5.490 5.415 -6.384 0.552
P133183 5.066 4.768 -5.649 0.549
P133186 4.870 4.882 -6.341 0.622
P133193 4.969 4.979 -5.974 0.567
P133200 4.791 4.426 -5.311 0.813
P133201 4.905 4.855 -4.799 0.699
P133204 5.022 5.100 -5.749 0.480
P133209 5.284 5.227 -5.795 0.365
P133215 5.121 4.962 -4.070 0.783
P133217 5.214 5.148 -5.680 1.181
P133219 5.091 4.805 -5.653 0.992
P133221 4.966 4.601 -5.038 0.549
P133222 5.006 4.641 -4.298 0.764
P133223 5.250 4.937 -5.608 0.814
P133225 4.884 4.751 -5.460 0.737
P133229 5.485 5.095 -4.059 0.937
P133233 5.294 5.227 -5.471 1.790
P133237 5.529 5.446 -6.175 0.742
P133239 5.060 4.947 -5.707 0.522
P133241 5.222 4.917 -4.291 0.986
P133243 5.058 4.957 -5.442 1.335
P133248 5.321 5.255 -5.837 0.476
P133253 5.561 5.498 -6.329 0.713
P133258 5.238 4.972 -5.608 0.332
P133261 5.142 4.931 -5.777 3.098
P133267 5.137 5.158 -5.477 0.462
P133270 5.641 5.335 -2.842 3.317
P133272 5.332 5.017 -5.315 0.923
P133274 5.273 5.074 -4.058 0.766
P133276 4.991 4.758 -5.322 0.695
P133277 5.151 4.983 -4.858 0.789
P133280 5.198 5.002 -5.166 0.625
P133283 5.381 4.814 -5.379 1.619
P133285 5.158 4.705 -4.491 1.904
P133288 5.414 5.218 -3.278 2.831
P133290 5.419 5.317 -6.261 0.697
P133293 5.016 4.943 -5.199 0.842
P133297 4.893 4.825 -4.995 0.846
P133302 5.315 5.082 -4.960 1.090
P133303 5.674 5.020 -4.381 2.129
P133307 5.001 5.113 -6.039 0.363
P133315 5.008 5.147 -6.006 0.435
P133317 5.147 5.323 -6.159 0.569
P133319 4.329 4.781 -5.201 1.279
P133327 5.291 5.411 -5.984 1.011
P133330 4.907 4.880 -5.689 1.073
P133331 4.861 4.883 -5.969 0.884
P133334 5.008 5.124 -6.181 0.377
P133340 4.724 4.518 -5.991 1.475
P133342 5.318 5.410 -6.218 0.320
P133348 5.232 4.991 -5.701 0.607
P133350 5.024 4.787 -4.766 1.268
P133355 5.207 5.192 -5.951 0.734
P133358 5.411 4.832 -5.204 1.570
P133365 5.314 5.510 -6.009 0.724
P133369 5.734 5.791 -6.249 0.435
P133376 5.244 5.200 -5.567 0.283
P133379 5.576 5.551 -6.001 0.533
P133383 5.359 5.355 -6.205 0.378
P133386 5.042 5.056 -5.605 0.613
P133389 5.358 5.480 -5.821 0.358
P133393 5.685 5.652 -6.204 0.481
P133397 5.610 5.490 -6.472 0.541
P133400 5.286 5.138 -5.777 0.751
P133404 5.305 5.211 -5.119 1.157
P133407 5.141 4.934 -4.549 2.360
P133409 5.056 5.062 -5.830 0.580
P133413 4.934 4.908 -5.125 1.124
P133417 5.420 5.300 -5.909 1.265
P133421 5.218 5.217 -5.259 0.446
P133424 5.283 5.202 -6.317 0.403
P133430 5.398 5.264 -5.903 0.349
P133434 5.478 5.281 -5.683 0.468
P133437 5.267 5.135 -6.030 0.955
P133450 5.638 5.588 -5.881 0.499
P133458 4.998 4.815 -5.876 0.652
P133461 5.534 5.394 -6.052 0.766
P133466 5.023 4.657 -4.557 0.925
P133469 5.724 5.642 -6.372 0.900
P133476 5.008 4.766 -5.207 0.694
P133486 5.229 5.195 -5.544 0.969
P133489 5.217 5.194 -4.754 0.272
P133492 5.119 5.073 -5.848 0.508
P133495 5.546 5.581 -5.662 0.358
P133501 5.572 5.648 -6.279 0.480
P133505 5.209 4.949 -5.975 0.788
P133509 5.446 5.308 -6.071 0.414
P133513 5.157 4.923 -5.801 0.859
P133519 5.477 5.271 -5.773 1.434
P133524 5.261 5.171 -5.990 0.643
P133527 4.778 4.690 -5.614 0.698
P133532 5.161 5.036 -5.805 0.553
P133535 5.403 5.498 -5.928 0.520
P133539 5.374 4.847 -4.971 1.915
P133543 5.135 5.088 -5.890 0.336
P133544 5.024 4.725 -4.448 0.767
P133547 5.392 5.274 -5.875 0.398
P133554 5.224 5.134 -5.594 0.465
P133559 4.991 4.905 -4.600 0.913
P133562 5.312 5.509 -5.964 0.722
P133564 4.802 4.753 -5.279 0.446
P133567 5.370 5.504 -5.616 0.480
P133577 5.182 5.101 -5.498 0.628
P133585 5.149 4.833 -5.131 1.993
P133587 5.264 5.263 -5.427 0.583
P133591 5.571 5.643 -6.146 0.353
P133595 5.488 5.521 -6.009 0.366
P133599 4.824 4.910 -5.074 0.807
P133602 5.588 5.679 -6.271 0.674
P133604 5.184 4.935 -5.870 0.448
P133610 5.597 5.467 -6.136 0.923
P133613 5.387 5.173 -5.569 2.617
P133617 5.040 4.908 -5.409 0.791
P133619 5.306 5.239 -5.950 1.274
P133624 5.750 5.581 -6.149 0.396
P133638 5.645 5.675 -6.218 0.539
P133648 5.041 5.093 -5.721 1.107
P133650 5.274 5.346 -6.386 0.642
P133654 5.122 5.126 -5.024 1.632
P133658 5.202 4.907 -5.086 0.763
P133661 5.476 5.399 -6.080 0.553
P133666 5.251 5.163 -6.344 0.491
P133669 5.432 5.039 -5.275 0.890
P133671 5.250 5.219 -6.089 0.407
P133675 5.364 5.455 -5.876 0.492
P133681 4.977 4.682 -5.839 1.470
P133684 4.980 4.554 -5.293 0.550
P133687 5.261 5.218 -5.535 0.607
P133692 5.416 5.314 -6.196 0.828
P133697 5.295 5.195 -6.005 1.340
P133701 5.392 5.379 -5.466 1.562
P133707 5.161 5.035 -6.094 1.309
P133714 5.354 5.285 -6.130 1.387
P133716 4.631 4.617 -5.306 1.016
P133718 4.859 4.565 -5.028 1.187
P133721 5.034 4.978 -5.578 0.859
P133724 4.937 4.867 -5.730 0.892
P133732 4.996 4.823 -5.988 0.663
P133734 4.891 4.706 -5.221 1.037
P133737 5.088 4.882 -4.496 0.775
P133739 5.606 5.560 -6.622 0.607
P133742 5.627 5.591 -5.681 1.740
P133744 5.408 5.360 -3.886 0.895
P133745 5.329 5.120 -4.671 0.704
P133748 5.517 5.314 -5.614 1.811
P133751 5.224 5.198 -5.906 0.581
P133757 5.430 5.351 -5.824 0.395
P133765 5.185 4.910 -5.720 0.493
P133768 5.274 5.106 -6.645 1.439
P133772 4.955 4.895 -6.386 0.925
P133774 5.679 5.196 -4.506 2.475
P133777 5.468 5.479 -5.638 0.334
P133781 5.161 5.193 -6.274 1.331
P133784 5.184 5.096 -5.362 0.823
P133788 5.059 4.867 -5.850 0.333
P133790 5.767 5.240 -4.444 2.957
P133791 5.294 4.976 -3.875 2.905
P133803 5.542 5.604 -6.335 0.492
P133813 5.022 4.750 -4.857 0.667
P133816 5.183 5.113 -5.885 0.550
P133824 5.110 5.140 -5.366 0.561
P133825 5.412 4.769 -4.237 1.946
P133827 5.640 5.431 -0.828 3.027
P133834 5.495 5.159 -4.590 0.775
P133837 5.605 5.522 -5.424 0.910
P133839 5.450 5.405 -3.161 4.308
P133842 5.206 5.052 -6.462 0.607
P133845 5.194 4.721 -5.527 1.971
P133846 5.005 4.860 -5.542 0.582
P133857 5.521 5.518 -6.018 0.402
P133865 5.012 4.790 -4.617 1.510
P133870 5.260 5.079 -5.649 0.508
P133873 4.745 4.631 -5.734 0.350
P133876 5.253 5.100 -5.868 1.301
P133879 4.982 4.881 -5.585 0.742
P133880 5.008 4.862 -5.509 0.618
P133883 5.356 5.390 -5.570 0.417
P133888 5.155 4.976 -5.411 0.545
P133894 5.098 5.110 -5.851 0.614
P133902 5.289 5.154 -6.096 1.113
P133905 5.023 4.851 -5.995 1.421
P133911 5.192 5.189 -6.071 0.438
P133914 4.686 4.714 -5.537 0.720
P133916 4.878 4.662 -5.200 0.915
P133918 4.901 4.906 -5.084 0.808
P133920 5.248 4.905 -5.803 1.963
P133928 5.520 5.612 -5.753 0.650
P133936 5.135 5.128 -5.721 0.591
P133942 4.716 4.551 -4.710 0.763
P133946 5.087 5.192 -5.952 0.766
P133950 5.101 5.052 -6.243 0.329
P133966 5.636 5.691 -6.362 0.490
P133973 5.312 5.234 -5.699 0.473
P133976 5.071 4.979 -5.081 0.370
P133981 5.787 5.664 -6.209 0.668
P133985 5.566 5.547 -6.250 0.493
P133992 5.460 5.300 -5.698 0.970
P133999 5.583 5.111 -4.887 1.253
P134001 5.603 5.718 -6.383 0.286
P134004 4.863 4.942 -5.860 0.395
P134011 5.150 5.204 -5.830 0.631
P134014 4.348 4.625 -5.830 1.312
P134016 4.641 4.486 -5.392 1.168
P134018 5.014 5.072 -5.400 0.983
P134023 5.295 4.990 -5.520 0.915
P134027 5.496 5.343 -6.034 0.443
P134031 5.188 4.979 -5.609 0.799
P134037 5.381 5.453 -6.129 0.643
P134040 4.351 4.571 -5.125 1.260
P134041 4.827 4.673 -4.899 0.776
P134043 5.146 4.857 -5.579 0.789
P134050 5.546 5.438 -5.928 0.508
P134054 5.015 4.728 -4.832 0.912
P134056 5.483 4.892 -5.450 1.786
P134058 5.480 5.418 -5.858 0.506
P134061 5.223 5.236 -4.770 0.764
P134067 5.046 4.860 -5.412 0.562
P134071 5.498 5.485 -5.604 0.217
P134073 5.272 5.286 -5.908 1.135
P134075 5.402 5.477 -5.878 0.451
P134080 4.835 4.932 -5.088 0.838
P134082 5.483 5.427 -6.191 1.088
P134087 5.268 5.054 -5.541 0.277
P134091 5.011 5.033 -4.928 1.615
P134094 5.378 5.189 -6.061 1.240
P134099 5.714 5.508 -6.025 0.352
P134107 5.128 5.132 -6.325 0.312
P134113 5.227 5.218 -5.855 0.365
P134119 5.268 5.284 -5.778 0.375
P134124 4.812 4.719 -4.910 0.504
P134126 4.998 4.649 -5.119 0.748
P134141 5.620 5.657 -6.256 0.392
P134149 5.044 4.816 -4.740 1.610
P134156 5.245 5.143 -5.922 0.567
P134159 5.379 4.897 -5.191 1.648
P134161 5.274 5.210 -5.882 1.600
P134166 5.507 5.530 -6.272 0.873
P134169 4.562 4.928 -5.304 0.785
P134171 5.454 5.451 -6.295 0.762
P134175 5.090 4.647 -5.658 1.117
P134180 5.420 5.224 -6.083 0.437
P134184 5.434 5.500 -6.048 0.532
P134186 5.262 5.001 -5.922 0.611
P134188 5.195 4.946 -4.468 0.687
P134192 5.583 5.499 -6.470 0.541
P134197 5.570 5.417 -5.921 0.423
P134205 5.180 5.174 -6.058 0.447
P134210 5.271 5.169 -6.352 0.547
P134216 5.298 5.235 -6.049 0.472
P134221 5.232 5.161 -6.399 0.511
P134226 5.238 5.205 -6.117 0.470
P134229 5.571 5.595 -6.062 0.582
P134234 5.275 5.226 -5.476 0.484
P134242 5.188 4.992 -5.964 0.824
P134246 4.614 4.671 -5.542 0.804
P134248 4.911 4.642 -4.939 0.616
P134251 5.254 5.264 -6.080 0.629
P134255 4.799 4.733 -5.213 0.485
P134257 5.356 5.481 -5.925 0.387
P134261 5.070 4.991 -5.581 0.685
P134265 5.519 5.557 -6.274 0.394
P134269 5.271 5.426 -6.042 0.318
P134279 5.427 5.220 -4.274 0.893
P134293 4.969 4.663 -5.283 0.625
P134296 5.257 5.138 -4.640 0.737
P134303 5.249 5.062 -5.450 0.567
P134307 5.558 5.523 -6.614 0.603
P134311 5.293 5.280 -6.063 0.914
P134314 5.135 4.961 -5.555 0.317
P134316 5.479 5.404 -5.965 0.830
P134321 5.603 5.639 -6.252 0.394
P134334 5.254 5.208 -5.802 0.851
P134337 5.087 5.147 -6.613 0.558
P134339 5.490 5.193 -4.463 2.629
P134341 5.569 5.527 -5.653 0.405
P134345 5.333 5.455 -5.485 0.832
P134350 5.790 6.020 -8.455 0.417
P134351 5.757 5.917 -8.598 0.358
P134352 5.802 5.915 -8.314 0.449
P134353 5.898 5.977 -8.564 0.461
P134354 5.896 6.047 -8.839 0.356
P134355 5.887 5.898 -8.270 0.731
P134357 6.091 6.154 -8.868 0.330
P134358 6.074 6.025 -8.341 0.642
P134359 6.096 6.189 -8.747 0.363
P134360 5.940 6.064 -8.513 0.520
P134363 6.082 6.208 -8.923 0.461
P134364 6.071 6.194 -8.799 0.619
P134365 6.040 6.258 -7.993 0.679
P134366 6.058 6.213 -7.977 0.852
P134367 6.156 6.237 -8.769 0.252
P134369 6.059 6.318 -7.710 0.964
P134372 5.975 6.300 -7.838 0.833
P134373 6.115 6.260 -8.277 0.466
P134374 6.098 6.263 -8.130 0.705
P134375 6.065 6.018 -7.809 0.740
P134376 5.894 6.008 -8.505 0.806
P134378 6.118 6.243 -9.126 0.513
P134382 6.211 6.219 -8.966 0.567
P134386 6.083 6.160 -9.665 0.522
P134387 6.200 6.141 -8.887 0.545
P134389 6.062 6.141 -9.005 0.422
P134391 6.173 6.191 -8.129 0.651
P134392 6.159 6.374 -9.884 1.050
P134393 6.330 6.346 -8.178 1.949
P134394 6.224 6.453 -9.274 1.271
P134396 6.204 6.244 -9.329 0.970
P134397 6.518 6.604 -9.060 1.882
P134398 5.072 5.143 -8.401 0.285
P134399 5.114 5.246 -8.979 0.326
P134400 5.158 5.131 -8.541 0.618
P134401 5.167 5.323 -8.861 0.341
P134402 5.244 5.338 -8.823 0.267
P134403 5.159 5.086 -8.779 0.750
P134404 5.192 5.277 -8.230 0.452
P134405 5.254 5.099 -8.640 0.656
P134406 5.189 5.383 -8.960 0.403
P134407 5.359 5.223 -7.861 1.898
P134408 5.217 5.405 -9.061 0.727
P134409 5.227 5.254 -8.880 0.476
P134410 5.380 5.489 -8.952 0.553
P134411 5.372 5.465 -8.158 0.621
P134413 5.472 5.472 -8.592 0.379
P134414 5.414 5.503 -8.525 0.414
P134416 5.206 5.268 -8.503 0.554
P134417 5.225 5.389 -7.837 0.467
P134418 5.272 5.450 -9.143 0.835
P134419 5.423 5.523 -9.425 0.539
P134420 5.323 5.448 -8.561 0.799
P134421 5.407 5.529 -8.120 0.542
P134422 5.393 5.445 -8.725 0.515
P134423 5.543 5.546 -9.398 1.154
P134424 5.528 5.677 -9.876 0.327
P134425 5.631 5.616 -9.292 0.575
P134427 5.649 5.728 -9.268 0.296
P134429 5.948 6.041 -7.695 1.513
P134430 6.211 6.319 -7.995 1.110
P134431 5.955 5.891 -6.944 0.631
P134432 6.096 6.068 -7.780 1.376
P134433 6.396 6.327 -7.398 0.863
P134434 5.972 6.164 -7.615 0.858
P134435 5.909 5.860 -8.040 1.549
P134436 6.111 6.295 -7.438 1.201
P134437 6.079 5.974 -7.676 0.931
P134438 6.098 6.076 -7.771 1.368
P134439 6.020 5.800 -6.392 1.098
P134440 5.840 5.860 -7.416 1.698
P134441 6.162 6.242 -7.448 1.279
P134442 6.239 6.159 -7.642 1.701
P134443 6.141 5.923 -6.582 1.059
P134444 6.179 6.149 -7.919 1.448
P134445 6.150 5.956 -6.948 0.885
P134446 6.231 5.959 -6.842 1.387
P134447 6.208 6.048 -7.237 1.410
P134448 6.076 5.891 -6.952 0.906
P134449 6.192 6.327 -8.237 1.350
P134450 6.239 6.327 -7.396 1.338
P134451 6.127 5.875 -8.275 1.357
P134452 6.091 6.026 -6.817 0.521
P134453 6.055 5.771 -6.785 1.429
P134454 6.313 6.237 -8.022 1.584
P134455 6.220 6.040 -7.739 1.459
P134456 6.299 6.325 -7.731 1.276
P134457 6.415 6.325 -7.657 1.526
P134458 6.101 6.020 -7.812 1.606
P134459 6.138 5.987 -6.556 1.207
P134460 6.147 6.213 -7.750 1.701
P134461 6.104 6.173 -7.304 0.736
P134462 6.325 5.967 -7.038 1.189
P134463 6.077 6.045 -7.479 1.436
P134464 6.083 6.173 -6.946 0.993
P134465 6.182 6.238 -7.485 1.304
P134466 6.147 6.315 -7.985 1.562
P134467 6.174 6.147 -7.055 0.979
P134468 5.995 6.011 -7.825 1.156
P134469 6.041 6.026 -7.369 1.285
P134470 6.167 6.358 -7.664 1.177
P134471 6.170 6.047 -6.679 0.634
P134472 6.052 6.069 -6.885 1.591
P134473 6.283 6.273 -7.838 0.973
P134474 6.271 6.378 -7.648 1.297
P134475 6.188 6.263 -7.950 0.422
P134476 6.205 6.087 -6.770 0.680
P134477 6.016 5.701 -6.023 1.650
P134478 6.288 6.471 -7.943 1.574
P134479 6.190 6.183 -7.344 1.537
P134480 6.263 6.187 -7.370 1.435
P134481 6.096 5.916 -6.585 0.700
P134482 6.480 6.314 -7.633 1.300
P134483 6.271 6.339 -7.462 1.659
P134484 6.306 6.197 -6.536 1.180
P134485 6.332 6.121 -6.564 0.551
P134486 6.057 5.633 -6.703 1.073
P134487 6.170 6.104 -6.720 0.707
P134488 6.058 6.023 -7.856 1.560
P134489 6.103 6.243 -7.538 1.244
P134490 6.260 6.155 -7.562 1.367
P134491 6.237 6.074 -7.972 1.530
P134492 6.262 6.400 -7.634 1.404
P134493 6.201 6.021 -6.975 1.462
P134494 6.062 6.263 -6.968 1.249
P134495 6.284 6.268 -6.877 1.252
P134496 6.190 6.189 -7.673 1.540
P134497 6.273 6.047 -7.145 0.883
P134498 6.244 6.038 -6.821 1.334
P134499 6.277 5.908 -6.614 1.137
P134500 6.082 5.921 -6.400 0.961
P134501 6.196 6.166 -7.585 1.023
P134502 6.136 6.221 -7.384 1.182
P134503 6.233 6.191 -8.053 1.209
P134504 6.203 6.202 -7.647 1.578
P134505 6.175 6.225 -7.171 1.257
P134506 6.306 6.244 -7.703 1.577
P134507 6.465 6.407 -7.810 1.406
P134508 6.125 5.853 -6.760 2.160
P134509 6.299 6.265 -7.780 1.440
P134510 5.990 6.040 -7.481 1.463
P134511 6.135 5.836 -6.121 1.098
P134512 6.270 6.447 -7.631 1.259
P134513 6.208 5.928 -5.980 1.437
P134514 6.181 6.063 -7.630 1.269
P134515 6.114 6.183 -7.505 0.546
P134516 6.231 6.434 -7.179 1.532
P134517 6.132 6.271 -7.632 0.799
P134518 6.258 6.198 -8.149 1.304
P134519 6.221 6.007 -6.662 1.125
P134520 6.174 6.376 -7.694 1.112
P134521 6.311 6.073 -7.030 1.368
P134522 6.317 6.122 -6.591 0.883
P134523 6.304 6.232 -7.542 1.199
P134524 6.171 6.196 -7.604 1.070
P134525 6.330 6.445 -7.454 1.210
P134526 6.162 6.119 -7.261 1.379
P134527 6.185 6.220 -7.618 1.000
P134528 6.358 6.461 -7.280 1.058
P134529 6.169 6.230 -7.637 1.007
P134530 6.276 6.215 -7.178 1.098
P134531 6.287 6.360 -8.068 1.177
P134532 6.013 5.914 -6.377 0.958
P134533 6.092 6.215 -7.101 0.891
P134534 6.036 5.989 -7.190 1.282
P134535 6.294 6.309 -7.813 1.512
P134536 6.320 6.484 -7.229 1.613
P134537 6.225 6.184 -7.324 1.090
P134538 6.559 6.625 -8.757 1.328
P134539 5.623 5.588 -7.990 0.370
P134540 5.695 5.639 -7.943 0.583
P134541 5.734 5.612 -7.998 0.564
P134542 5.683 5.705 -8.294 0.312
P134543 5.851 5.605 -7.732 0.461
P134544 5.824 5.690 -7.807 0.698
P134545 5.690 5.618 -8.114 0.662
P134546 5.756 5.768 -8.297 0.301
P134547 5.810 5.755 -8.356 0.333
P134548 5.732 5.782 -8.605 0.347
P134549 5.767 5.960 -8.112 0.697
P134550 5.736 5.734 -8.262 0.501
P134551 5.803 5.967 -7.708 0.622
P134552 5.672 5.736 -6.875 0.439
P134553 5.853 5.943 -8.571 0.367
P134554 5.802 5.709 -7.276 1.009
P134555 5.626 5.582 -7.885 0.489
P134557 5.885 5.853 -7.684 0.558
P134559 5.766 5.740 -7.791 0.834
P134560 5.915 6.072 -7.610 0.733
P134561 5.806 5.753 -8.037 0.366
P134562 5.854 5.943 -8.681 0.717
P134563 5.818 5.795 -7.800 1.439
P134564 5.941 5.931 -8.456 0.584
P134566 5.422 5.293 -7.007 0.690
P134567 5.558 5.679 -8.276 0.673
P134569 4.871 5.083 -6.626 1.089
P134570 5.334 5.144 -6.412 0.436
P134571 5.325 5.317 -7.222 0.675
P134572 5.092 5.077 -7.207 0.782
P134573 5.283 5.164 -6.472 0.440
P134574 5.249 5.327 -6.968 1.163
P134575 5.313 5.212 -6.490 0.437
P134576 5.150 5.113 -7.448 0.572
P134577 5.331 5.305 -7.205 0.675
P134578 5.309 5.164 -6.469 0.435
P134579 5.000 5.066 -7.502 1.163
P134580 5.331 5.329 -6.875 1.062
P134581 4.965 4.917 -7.010 1.513
P134582 5.249 5.370 -6.171 0.832
P134583 5.218 5.238 -6.996 1.122
P134584 5.171 4.954 -5.897 1.205
P134585 5.282 5.310 -6.821 1.119
P134586 5.200 5.246 -6.978 0.853
P134587 4.955 4.698 -6.055 1.142
P134588 4.898 4.974 -6.744 1.308
P134589 4.979 4.893 -6.072 1.397
P134590 4.684 4.525 -6.641 0.902
P134591 4.997 4.836 -6.635 2.089
P134592 5.083 5.122 -7.362 0.666
P134593 4.949 4.916 -7.614 0.542
P134594 5.047 5.125 -6.669 0.707
P134595 4.993 5.040 -7.068 1.047
P134596 5.028 4.976 -6.657 0.452
P134597 4.860 4.866 -7.339 0.809
P134598 5.078 5.094 -6.535 0.119
P134599 5.066 4.976 -6.477 0.314
P134600 5.067 4.977 -6.649 0.429
P134601 5.029 5.155 -7.741 1.829
P134602 5.079 5.049 -6.977 1.137
P134603 5.290 5.314 -6.913 1.091
P134604 5.147 4.695 -6.547 2.086
P134605 5.042 4.995 -6.353 1.381
P134606 4.867 4.742 -6.716 0.833
P134607 5.001 4.966 -6.123 0.880
P134608 4.965 4.925 -6.686 1.308
P134609 4.980 4.884 -6.027 0.920
P134610 4.865 4.823 -6.720 1.289
P134611 5.021 5.023 -6.391 1.276
P134612 5.004 4.841 -5.863 0.809
P134613 4.990 4.844 -5.888 1.411
P134614 4.999 4.941 -6.849 1.982
P134615 4.954 4.945 -6.240 1.035
P134616 4.979 5.111 -6.921 0.585
P134617 4.959 5.078 -7.715 1.760
P134618 5.014 5.058 -6.650 0.349
P134619 4.982 4.883 -6.493 0.438
P134620 4.995 5.123 -7.516 1.079
P134621 4.785 4.799 -7.251 0.711
P134622 4.779 4.655 -6.174 1.241
P134623 4.769 4.665 -6.486 1.277
P134624 5.275 5.323 -6.985 1.136
P134625 5.180 5.254 -6.773 1.206
P134626 5.020 5.059 -7.828 1.822
P134627 5.057 5.005 -6.272 0.456
P134628 5.047 4.880 -6.246 0.522
P134629 5.047 5.129 -7.313 0.893
P134630 4.854 4.906 -7.421 0.825
P134631 4.991 5.085 -6.316 0.643
P134632 4.988 5.060 -7.692 1.039
P134633 5.017 5.053 -6.493 0.716
P134634 4.895 4.734 -7.369 0.673
P134635 5.075 5.161 -7.502 0.972
P134636 5.046 5.008 -5.817 1.184
P134637 5.039 4.858 -6.488 2.141
P134638 4.905 4.676 -6.519 2.034
P134639 4.998 4.828 -6.468 1.787
P134640 5.040 4.921 -6.482 2.199
P134641 4.886 4.841 -6.122 1.326
P134642 4.952 4.751 -6.616 1.962
P134643 5.038 5.013 -6.057 1.324
P134644 5.033 4.899 -5.985 1.305
P134645 4.952 4.950 -6.601 0.455
P134646 4.976 4.874 -6.690 2.084
P134647 4.925 4.702 -6.196 1.722
P134648 4.928 4.913 -6.595 0.769
P134649 5.193 5.179 -6.548 1.378
P134650 5.234 5.135 -5.930 0.570
P134651 5.269 5.161 -6.074 0.449
P134652 5.230 5.158 -6.544 1.330
P134653 5.012 5.045 -6.755 0.947
P134654 5.213 5.168 -6.082 0.508
P134655 5.157 5.226 -6.658 1.188
P134656 5.237 5.233 -6.147 0.524
P134657 4.988 5.079 -7.032 0.434
P134658 5.239 5.261 -6.854 0.679
P134659 4.966 4.909 -5.858 1.078
P134660 4.996 4.961 -5.985 1.262
P134661 5.026 4.826 -6.379 2.506
P134662 5.030 4.966 -5.678 0.584
P134663 5.026 4.994 -5.946 1.236
P134664 4.787 4.829 -6.008 0.961
P134665 4.980 4.917 -5.652 0.559
P134666 4.961 4.922 -5.993 1.235
P134667 5.049 4.958 -7.395 1.533
P134668 4.961 4.942 -6.499 1.140
P134669 5.038 4.990 -6.354 0.535
P134670 4.868 4.964 -6.622 0.977
P134671 4.900 4.695 -6.464 1.784
P134672 4.939 4.869 -6.791 2.268
P134673 4.902 4.994 -6.435 0.941
P134674 4.712 4.833 -6.269 0.927
P134675 4.887 4.818 -5.829 0.599
P134676 4.829 4.825 -5.350 0.080
P134677 4.926 4.723 -6.452 1.837
P134678 4.699 4.638 -6.869 1.107
P134679 4.916 5.006 -6.708 0.924
P134680 5.112 5.019 -6.926 0.742
P134681 4.784 4.690 -7.141 0.785
P134682 5.005 5.027 -6.567 0.789
P134683 4.975 4.854 -7.275 1.358
P134684 4.971 4.988 -6.417 0.726
P134685 4.797 4.711 -6.881 0.927
P134686 5.041 4.929 -6.847 0.932
P134687 4.977 4.890 -5.629 0.676
P134688 4.709 4.718 -6.260 0.788
P134689 5.046 5.050 -5.869 1.165
P134690 5.071 5.064 -7.687 0.551
P134691 5.244 5.250 -6.945 1.077
P134692 4.863 4.744 -5.998 1.279
P134693 4.937 4.835 -5.947 1.408
P134694 5.224 5.286 -6.670 0.544
P134695 5.028 4.913 -6.109 1.421
P134696 5.155 5.071 -7.618 1.373
P134697 4.993 4.880 -7.228 1.252
P134698 5.185 5.253 -7.751 1.760
P134699 5.201 5.054 -6.710 0.482
P134700 5.184 5.006 -6.574 0.439
P134701 5.222 5.175 -6.996 1.082
P134702 5.155 5.176 -6.783 0.452
P134703 4.903 5.056 -7.416 0.942
P134704 4.821 4.850 -6.200 1.151
P134705 4.816 4.879 -7.424 0.586
P134706 5.150 5.183 -7.658 0.623
P134707 5.053 5.012 -7.145 0.370
P134708 5.124 4.604 -5.670 2.464
P134709 4.812 4.331 -6.313 2.448
P134710 5.127 4.854 -6.217 2.992
P134711 5.036 4.728 -5.584 2.052
P134712 5.154 4.882 -5.709 2.050
P134713 4.895 4.435 -5.907 2.883
P134714 5.104 4.978 -5.226 0.962
P134715 5.159 5.051 -5.250 0.763
P134716 5.095 4.868 -5.728 1.768
P134717 5.062 4.938 -5.342 0.902
P134718 4.924 4.924 -7.974 0.514
P134719 5.068 5.116 -6.968 0.443
P134720 5.046 4.981 -6.937 0.403
P134721 5.058 5.105 -7.328 0.588
P134722 5.073 4.679 -6.104 2.929
P134723 5.132 4.612 -5.313 3.747
P134724 5.141 4.856 -5.969 3.012
P134725 5.242 5.103 -4.639 1.421
P134726 4.990 4.465 -5.850 2.981
P134727 5.120 4.551 -5.907 2.827
P134728 5.185 5.096 -4.857 1.110
P134729 4.889 4.397 -6.272 2.752
P134730 5.206 4.643 -5.893 3.769
P134731 5.070 4.998 -6.939 0.414
P134732 5.079 5.146 -7.756 0.599
P134733 4.871 4.906 -7.531 0.736
P134734 5.042 5.056 -7.328 0.888
P134735 5.071 5.224 -7.009 0.619
P134736 4.999 4.575 -6.064 2.961
P134737 4.980 5.114 -7.021 1.238
P134738 4.777 4.760 -7.071 0.782
P134739 4.916 4.768 -6.330 0.531
P134740 4.896 4.926 -7.316 1.477
P134741 4.878 4.799 -6.243 0.421
P134742 4.736 4.898 -6.834 1.027
P134743 4.952 5.084 -6.780 1.067
P134744 4.926 4.857 -6.311 0.443
P134745 4.962 4.914 -6.402 0.464
P134746 4.933 5.078 -7.056 1.253
P134747 5.016 4.943 -7.249 1.265
P134748 5.124 5.167 -7.122 0.888
P134749 4.932 5.039 -7.333 0.566
P134750 5.054 5.129 -7.760 0.627
P134751 5.033 5.163 -7.485 0.905
P134752 5.089 5.118 -6.468 0.649
P134753 4.940 4.970 -6.692 0.707
P134754 5.069 5.111 -6.308 0.521
P134755 5.083 5.230 -7.481 0.927
P134756 4.877 5.025 -7.263 0.724
P134757 5.094 5.161 -7.115 0.845
P134758 5.127 5.119 -6.147 0.393
P134759 5.110 5.135 -6.228 0.452
P134760 5.100 5.121 -5.880 0.557
P134761 4.961 4.894 -6.150 1.375
P134762 5.066 4.807 -6.501 2.287
P134763 5.121 4.949 -6.021 0.581
P134764 5.023 4.832 -5.613 0.576
P134765 5.114 4.938 -5.935 1.373
P134766 5.203 5.087 -5.859 0.578
P134767 5.175 5.050 -6.095 0.573
P134768 4.995 4.870 -6.498 2.715
P134769 4.949 4.915 -6.435 1.882
P134770 5.197 5.045 -5.599 0.558
P134771 4.945 4.623 -6.262 2.113
P134772 5.089 5.094 -5.469 0.462
P134773 5.044 4.979 -6.058 0.684
P134774 5.240 5.028 -5.775 0.722
P134775 5.002 4.713 -5.643 0.682
P134776 5.066 5.202 -6.042 0.735
P134777 5.125 4.972 -5.553 0.673
P134778 5.097 4.949 -5.885 0.638
P134779 5.028 4.847 -5.590 0.651
P134780 5.130 4.896 -5.628 0.779
P134781 5.063 4.950 -5.929 0.869
P134782 5.153 4.841 -6.361 3.029
P134783 5.081 4.996 -6.186 2.419
P134784 4.978 5.001 -6.233 1.350
P134785 4.787 4.923 -7.291 1.231
P134786 5.311 5.407 -7.542 2.423
P134787 5.362 5.187 -6.544 0.425
P134788 5.251 5.174 -6.625 0.448
P134789 5.249 5.253 -6.859 0.450
P134790 5.256 5.363 -7.217 0.759
P134791 5.333 5.372 -7.287 0.497
P134792 5.126 5.139 -6.836 1.088
P134793 5.292 5.294 -7.169 0.596
P134794 5.206 5.298 -7.339 1.558
P134795 5.232 5.304 -7.111 0.647
P134796 5.233 5.307 -6.855 0.468
P134797 5.391 5.252 -7.051 0.457
P134798 5.122 5.123 -7.315 1.540
P134799 5.460 5.385 -6.911 0.434
P134800 5.044 4.690 -4.697 2.052
P134801 5.342 5.087 -6.493 0.446
P134802 5.326 5.084 -6.479 0.433
P134803 5.260 5.271 -7.251 1.520
P134804 5.353 5.195 -7.105 0.459
P134805 5.106 4.976 -7.440 1.403
P134806 5.204 5.258 -7.052 1.396
P134807 5.196 5.281 -7.576 1.687
P134808 5.248 5.171 -6.838 0.445
P134809 5.143 5.050 -6.853 0.422
P134810 5.406 5.465 -7.074 0.398
P134811 5.341 5.308 -7.370 0.499
P134812 5.108 5.165 -7.489 1.592
P134813 5.335 5.194 -7.046 0.483
P134814 5.372 5.127 -4.488 1.432
P134815 5.163 4.835 -6.506 2.827
P134816 5.142 4.845 -4.840 2.119
P134817 5.124 4.887 -6.124 2.837
P134818 5.112 5.266 -7.477 1.228
P134819 4.641 4.590 -6.855 1.078
P134820 5.055 5.274 -6.295 0.720
P134821 5.039 5.147 -7.482 1.228
P134822 5.112 4.981 -6.026 1.235
P134823 5.052 4.737 -5.801 3.001
P134824 5.234 4.645 -5.976 2.982
P134825 5.095 4.660 -5.173 3.467
P134826 5.139 4.849 -6.175 2.858
P134827 5.104 4.650 -5.536 2.549
P134828 5.142 4.654 -5.443 3.138
P134829 5.359 5.193 -4.642 1.617
P134830 5.244 4.714 -5.590 2.405
P134831 5.175 4.912 -4.808 1.401
P134832 5.184 4.972 -5.799 0.758
P134833 5.229 4.991 -5.839 2.017
P134834 5.354 5.323 -6.937 0.814
P134835 4.875 4.836 -6.963 1.107
P134836 5.265 5.198 -6.215 0.742
P134837 5.249 5.105 -7.101 1.394
P134838 5.326 5.336 -7.118 1.844
P134839 5.278 5.158 -6.131 0.725
P134840 5.077 4.926 -5.873 0.880
P134841 5.282 5.188 -6.962 1.404
P134842 5.052 4.834 -5.827 2.716
P134843 5.187 5.008 -5.577 0.890
P134844 5.022 4.797 -5.121 1.078
P134845 5.079 4.816 -6.113 2.838
P134846 5.080 4.952 -5.470 0.605
P134847 5.114 4.973 -5.152 0.874
P134848 5.294 5.084 -5.342 0.859
P134849 5.161 4.905 -5.927 2.252
P134850 5.086 4.897 -5.655 1.488
P134851 4.901 4.662 -5.800 0.668
P134852 4.979 5.084 -6.470 0.906
P134853 4.858 4.920 -6.253 1.645
P134854 4.867 4.951 -6.111 1.353
P134855 4.863 4.922 -5.942 1.111
P134856 4.967 4.678 -6.104 1.164
P134857 5.090 4.971 -5.946 0.708
P134858 4.956 4.999 -6.553 1.093
P134859 5.038 4.908 -5.676 0.620
P134860 5.100 4.917 -5.728 0.637
P134861 5.004 5.126 -5.953 1.247
P134862 4.792 4.747 -6.570 0.680
P134863 5.041 4.914 -5.946 0.750
P134864 4.947 4.821 -6.347 1.107
P134865 5.235 4.985 -6.118 2.986
P134866 4.887 4.879 -6.594 1.311
P134867 4.771 4.898 -6.302 1.330
P134868 4.991 5.046 -6.367 0.565
P134869 5.085 4.944 -5.939 0.619
P134870 4.901 4.860 -5.886 0.533
P134871 4.924 5.102 -6.007 1.121
P134872 4.866 4.871 -5.759 1.090
P134873 5.037 4.887 -6.895 2.754
P134874 5.094 4.918 -5.616 0.649
P134875 5.121 4.975 -5.817 0.585
P134876 5.325 5.083 -5.284 0.988
P134877 5.372 5.331 -6.062 0.630
P134878 5.261 5.392 -6.505 1.482
P134879 5.344 5.283 -6.466 0.378
P134880 5.162 5.107 -6.484 1.692
P134881 5.309 5.404 -6.628 1.158
P134882 5.252 5.393 -6.746 1.480
P134883 5.272 5.155 -6.378 0.651
P134884 5.208 5.002 -6.098 0.668
P134885 5.385 5.413 -6.378 0.473
P134886 5.338 5.345 -6.816 0.517
P134887 5.177 5.033 -6.557 2.658
P134888 4.979 4.717 -6.379 2.942
P134889 5.120 5.011 -6.539 2.662
P134890 5.106 4.915 -6.159 2.596
P134891 5.413 5.232 -5.916 0.523
P134892 4.936 4.911 -5.606 1.337
P134893 5.212 5.281 -6.556 1.123
P134894 5.462 5.407 -6.367 0.492
P134895 5.240 5.284 -6.895 1.051
P134896 5.199 5.035 -5.127 0.885
P134897 5.067 4.949 -5.480 0.712
P134898 5.147 4.909 -5.144 1.017
P134899 5.062 4.638 -6.085 2.806
P134900 5.052 4.872 -5.190 1.076
P134901 5.247 5.080 -5.139 0.830
P134902 5.095 4.895 -5.181 0.938
P134903 5.165 5.119 -5.244 1.022
P134904 5.071 4.838 -5.302 0.859
P134905 5.287 5.024 -5.338 0.947
P134906 5.078 4.909 -5.119 0.996
P134907 5.256 5.161 -4.694 0.499
P134908 5.007 4.614 -5.887 2.526
P134909 5.100 4.664 -5.996 2.643
P134910 5.197 5.056 -6.680 1.346
P134911 5.186 4.960 -5.185 0.920
P134912 5.367 5.237 -6.291 0.460
P134913 5.407 5.288 -6.338 0.410
P134914 5.213 5.175 -6.312 0.475
P134915 5.282 5.369 -6.689 0.687
P134916 5.244 5.399 -6.663 1.544
P134917 5.223 5.404 -6.759 1.446
P134918 5.188 5.303 -6.580 1.334
P134919 5.015 4.913 -5.245 0.834
P134920 5.282 5.402 -6.826 1.629
P134921 5.265 5.156 -6.556 0.657
P134922 5.380 5.326 -6.039 0.449
P134923 5.309 5.459 -6.474 1.304
P134924 5.176 5.242 -6.859 1.301
P134925 5.288 5.273 -6.616 1.607
P134926 5.239 4.859 -5.758 2.692
P134927 5.086 5.219 -7.650 1.289
P134928 5.138 5.340 -7.469 0.988
P134929 4.928 5.021 -7.314 0.908
P134930 5.174 5.018 -6.811 0.547
P134931 5.103 5.184 -6.870 0.877
P134932 5.158 5.172 -6.560 0.843
P134933 5.194 5.055 -6.107 0.508
P134934 4.993 5.145 -7.267 1.224
P134935 5.295 5.255 -6.481 0.517
P134936 5.045 5.124 -7.199 0.884
P134937 5.223 5.072 -6.640 0.456
P134938 5.015 5.000 -6.547 0.612
P134939 5.100 5.224 -7.435 1.021
P134940 5.195 5.278 -7.002 0.887
P134941 5.183 5.292 -7.224 0.971
P134942 5.092 5.044 -6.743 0.512
P134943 5.041 4.856 -6.513 0.550
P134944 5.249 5.192 -6.531 0.556
P134945 5.420 5.194 -5.965 0.773
P134946 5.395 5.179 -6.108 0.775
P134947 5.428 5.361 -7.425 1.457
P134948 5.219 5.140 -7.355 1.360
P134949 5.358 5.136 -6.339 0.966
P134950 5.357 5.245 -7.102 1.362
P134951 5.375 5.192 -6.433 1.066
P134952 5.002 5.081 -7.288 0.924
P134953 5.225 4.861 -6.942 1.403
P134954 5.205 5.065 -7.209 0.567
P134955 5.446 5.298 -6.981 1.422
P134956 5.414 5.341 -7.459 1.476
P134957 5.128 5.184 -7.093 1.799
P134958 5.124 5.152 -6.382 0.963
P134959 5.214 5.138 -7.115 0.558
P134960 5.219 5.233 -6.445 0.481
P134961 4.985 5.035 -6.539 0.649
P134962 5.118 5.002 -7.062 1.379
P134963 5.109 5.332 -7.203 1.042
P134964 5.149 5.459 -7.310 0.957
P134965 5.028 5.172 -7.168 0.933
P134966 5.182 5.107 -6.557 0.424
P134967 5.177 5.106 -6.115 0.656
P134968 5.197 5.122 -6.220 0.560
P134969 5.146 5.295 -7.411 1.195
P134970 4.962 4.841 -6.385 0.470
P134971 5.199 5.006 -6.641 0.504
P134972 4.943 4.999 -7.320 1.108
P134973 5.179 5.304 -7.683 1.122
P134974 5.033 5.314 -7.124 0.942
P134975 5.036 5.037 -6.749 0.665
P134976 4.945 4.972 -6.731 0.382
P134977 5.170 5.223 -6.926 0.421
P134978 5.115 5.088 -7.384 0.429
P134979 5.063 5.199 -7.153 0.445
P134980 5.354 5.258 -6.628 1.369
P134981 5.094 5.025 -6.118 1.311
P134982 5.147 5.013 -6.155 1.394
P134983 4.943 4.768 -6.464 2.185
P134984 4.963 5.032 -6.120 1.408
P134985 5.024 4.998 -6.005 2.117
P134986 5.120 5.121 -6.078 1.331
P134987 4.948 4.873 -6.354 2.578
P134988 5.082 4.987 -6.454 1.212
P134989 5.208 4.926 -5.866 1.701
P134990 5.156 5.100 -5.955 1.588
P134991 5.198 4.975 -6.348 1.979
P134992 5.001 4.868 -6.044 1.496
P134993 5.177 4.927 -6.095 1.192
P134994 5.086 4.828 -5.922 1.636
P134995 4.927 5.048 -6.566 1.066
P134996 5.018 5.059 -6.475 1.486
P134997 5.000 4.707 -5.746 1.889
P134998 5.036 4.975 -5.626 2.582
P134999 4.857 4.623 -6.256 2.094
P135000 5.178 4.872 -6.628 2.360
P135001 5.136 5.014 -6.535 1.819
P135002 4.787 4.744 -4.150 0.091
P135003 4.890 4.689 -6.346 2.006
P135004 5.050 5.054 -5.600 1.312
P135005 5.097 4.985 -5.874 1.347
P135006 5.017 5.106 -6.853 0.693
P135007 5.028 5.121 -7.057 0.489
P135008 4.955 4.938 -6.833 0.464
P135009 5.154 5.065 -6.919 0.400
P135010 4.957 5.098 -7.427 0.756
P135011 5.221 5.156 -6.870 0.408
P135012 4.901 5.213 -7.285 1.153
P135013 5.027 4.926 -5.877 1.330
P135014 5.118 4.994 -6.388 0.433
P135015 5.164 5.183 -6.765 0.500
P135016 5.017 5.262 -7.142 1.085
P135017 5.127 5.013 -6.966 0.425
P135018 5.094 4.889 -6.607 2.466
P135019 5.156 5.333 -6.768 0.778
P135020 4.946 5.068 -7.280 1.062
P135021 5.062 5.149 -7.240 0.487
P135022 5.224 5.085 -5.794 1.177
P135023 4.988 4.841 -6.535 2.632
P135024 5.149 4.976 -5.864 1.066
P135025 5.119 4.986 -5.441 1.117
P135026 5.082 4.839 -6.413 2.255
P135027 5.025 5.122 -6.651 0.314
P135028 5.153 4.825 -6.358 1.950
P135029 5.107 4.972 -6.786 0.482
P135030 4.943 5.038 -6.841 0.854
P135031 5.101 5.260 -7.299 1.101
P135032 5.149 5.193 -6.629 0.542
P135033 5.118 5.032 -6.576 0.440
P135034 5.074 5.222 -7.096 0.437
P135035 5.189 5.308 -6.304 1.409
P135036 5.269 5.285 -6.508 0.559
P135037 4.981 4.854 -6.028 1.369
P135038 5.130 4.946 -6.197 1.505
P135039 5.197 4.945 -6.294 1.697
P135040 4.911 4.564 -6.090 2.082
P135041 5.105 4.786 -6.074 1.347
P135042 4.950 4.829 -6.232 1.058
P135043 5.109 4.947 -6.385 1.049
P135044 5.047 4.640 -6.003 1.853
P135045 5.018 4.897 -5.811 1.139
P135046 4.995 5.090 -6.040 1.062
P135047 4.925 4.725 -6.307 1.733
P135048 4.917 5.005 -6.545 1.308
P135049 5.022 4.816 -6.005 1.104
P135050 5.041 4.948 -6.700 2.020
P135051 5.023 4.844 -5.785 1.162
P135052 5.016 4.920 -5.698 1.054
P135053 4.810 4.645 -5.775 1.371
P135054 5.044 5.096 -6.721 1.354
P135055 5.022 4.887 -6.018 1.542
P135056 5.085 4.793 -6.389 2.733
P135057 5.166 5.018 -6.393 2.500
P135058 5.122 4.899 -6.100 2.585
P135059 4.903 4.680 -6.062 3.149
P135060 5.032 4.976 -6.488 2.393
P135061 5.147 4.929 -6.299 1.064
P135062 4.926 4.839 -6.451 1.374
P135063 4.961 5.029 -6.443 1.241
P135064 5.065 4.840 -6.088 3.050
P135065 5.079 4.852 -6.279 1.880
P135066 5.104 5.066 -6.454 1.560
P135067 4.842 4.321 -6.580 2.784
P135068 5.141 4.925 -5.617 2.319
P135069 5.033 5.163 -7.258 1.290
P135070 4.887 4.877 -6.876 1.628
P135071 4.856 4.687 -5.552 2.325
P135072 5.197 5.100 -6.239 0.766
P135073 5.117 5.248 -7.420 1.238
P135074 5.165 4.818 -6.275 2.990
P135075 5.038 4.784 -6.033 3.046
P135076 5.341 5.121 -4.972 1.156
P135077 5.094 4.841 -6.283 3.461
P135078 4.923 4.813 -6.085 1.344
P135079 5.060 4.886 -6.335 1.350
P135080 5.305 5.102 -5.028 1.039
P135081 5.064 4.541 -4.963 2.676
P135082 5.244 4.641 -4.940 2.644
P135083 5.336 4.965 -4.383 2.642
P135084 5.103 4.901 -6.041 1.405
P135085 5.192 4.688 -5.193 2.587
P135086 5.131 4.978 -4.877 1.654
P135087 5.132 4.640 -5.698 3.821
P135088 4.983 4.639 -4.931 2.623
P135089 5.233 4.713 -4.962 2.873
P135090 5.367 4.808 -5.042 2.626
P135091 5.006 4.760 -5.847 2.976
P135092 5.424 5.368 -7.233 0.491
P135093 5.010 5.255 -7.083 0.984
P135094 5.277 5.130 -6.637 0.465
P135095 5.331 5.136 -6.651 0.416
P135096 5.414 5.446 -6.987 0.713
P135097 5.236 5.253 -6.647 1.311
P135098 5.445 5.291 -7.052 0.429
P135099 5.354 5.432 -6.697 0.901
P135100 5.483 5.499 -6.643 0.557
P135101 5.503 5.319 -6.537 0.440
P135102 5.260 5.354 -7.014 1.171
P135103 5.500 5.341 -6.664 0.419
P135104 5.084 5.123 -7.327 0.776
P135105 5.265 5.266 -6.997 1.060
P135106 5.032 5.289 -7.938 0.604
P135107 4.963 4.850 -7.265 0.391
P135108 5.122 5.185 -7.839 0.695
P135109 4.883 5.031 -7.707 0.655
P135110 4.957 4.880 -7.273 0.387
P135111 5.005 5.089 -7.758 0.773
P135112 4.979 4.882 -7.323 0.444
P135113 5.062 5.054 -7.482 0.368
P135114 5.486 5.234 -6.611 0.485
P135115 5.278 5.269 -6.687 0.491
P135116 5.150 5.450 -7.533 1.092
P135117 5.207 5.390 -7.330 0.998
P135118 5.164 5.274 -6.960 0.660
P135119 5.208 5.079 -6.240 0.591
P135120 5.241 5.286 -6.283 0.473
P135121 5.195 5.375 -7.263 0.935
P135122 5.055 5.183 -7.237 0.916
P135123 5.001 5.257 -7.267 0.923
P135124 4.865 4.940 -8.356 0.507
P135125 5.092 5.191 -7.879 0.730
P135126 5.245 5.102 -6.624 0.477
P135127 5.255 5.192 -6.068 0.362
P135128 5.104 5.319 -6.995 0.848
P135129 5.132 5.328 -7.270 0.979
P135130 5.335 5.474 -6.834 1.448
P135131 5.332 5.374 -6.987 1.132
P135132 5.254 5.294 -6.737 1.136
P135133 5.356 5.199 -6.420 0.468
P135134 5.412 5.346 -7.003 0.477
P135135 5.352 5.257 -6.644 0.474
P135136 5.222 5.421 -6.865 0.787
P135137 5.389 5.249 -6.394 0.453
P135138 5.399 5.493 -6.748 1.217
P135139 5.235 5.296 -6.860 1.105
P135140 5.439 5.173 -6.548 0.536
P135141 5.294 5.245 -6.335 0.367
P135142 5.095 5.282 -7.419 0.894
P135143 5.274 5.156 -6.682 0.405
P135144 5.091 5.066 -6.619 0.447
P135145 5.448 5.350 -6.430 0.430
P135146 5.499 5.413 -6.752 0.429
P135147 5.042 4.720 -6.620 1.081
P135148 5.101 5.209 -6.618 1.329
P135149 5.051 5.030 -5.697 0.720
P135150 5.005 5.021 -6.828 1.310
P135151 4.968 5.023 -6.611 1.704
P135152 5.068 5.167 -6.860 1.507
P135153 5.052 4.986 -5.917 1.342
P135154 4.971 4.876 -6.113 0.884
P135155 5.168 5.134 -6.157 1.123
P135156 5.027 5.116 -7.053 1.251
P135157 5.177 5.096 -6.171 0.854
P135158 4.957 4.686 -6.328 1.629
P135159 5.184 4.992 -5.805 0.812
P135160 5.073 5.033 -6.304 0.641
P135161 5.326 5.263 -7.511 1.625
P135162 5.355 5.423 -6.925 1.103
P135163 5.382 5.298 -6.741 0.445
P135164 5.344 5.196 -6.586 0.406
P135165 5.365 5.498 -6.992 0.906
P135166 5.121 5.020 -7.333 1.418
P135167 5.301 5.170 -6.551 0.396
P135168 5.351 5.350 -6.986 0.992
P135169 4.932 4.944 -6.500 2.005
P135170 5.096 4.900 -6.149 2.080
P135171 5.134 5.135 -6.078 1.216
P135172 5.007 4.842 -6.239 1.367
P135173 5.109 5.173 -6.169 1.255
P135174 5.314 5.026 -6.174 1.094
P135175 5.153 5.021 -6.353 1.778
P135176 5.480 5.425 -6.266 1.396
P135177 5.260 5.127 -6.879 1.433
P135178 5.430 5.524 -5.972 0.715
P135179 5.408 5.354 -6.370 1.320
P135180 5.414 5.454 -5.989 0.570
P135181 5.243 5.233 -6.396 1.136
P135182 5.461 5.600 -6.938 1.866
P135183 5.471 5.415 -6.032 0.545
P135184 5.465 5.290 -5.835 1.038
P135185 5.418 5.404 -6.207 1.483
P135186 5.447 5.388 -6.287 1.349
P135187 5.126 4.762 -6.847 2.287
P135188 5.305 5.182 -6.452 1.027
P135189 5.346 5.375 -6.812 1.220
P135190 5.299 5.560 -6.694 1.942
P135191 5.354 5.402 -5.742 1.711
P135192 5.456 5.271 -5.551 1.751
P135193 5.320 5.548 -6.647 1.929
P135194 5.059 5.294 -6.374 1.795
P135195 5.401 5.240 -5.556 1.831
P135196 5.280 5.530 -6.663 1.892
P135197 5.396 5.397 -5.697 1.709
P135198 5.350 5.550 -6.643 2.031
P135199 5.044 4.985 -6.196 2.138
P135200 5.269 4.995 -6.561 1.220
P135201 5.121 5.202 -4.863 0.127
P135202 5.163 5.201 -7.420 0.495
P135203 4.930 5.176 -6.531 0.793
P135204 4.549 4.614 -4.975 0.113
P135205 4.925 4.725 -6.647 2.643
P135206 4.837 5.067 -6.420 0.773
P135207 4.654 4.821 -6.357 1.267
P135208 4.906 5.170 -6.413 1.849
P135209 4.899 4.772 -6.510 2.563
P135210 5.001 4.979 -7.057 1.460
P135211 5.223 5.258 -6.876 0.426
P135212 5.051 5.034 -6.834 0.502
P135213 5.189 5.088 -6.780 0.378
P135214 5.033 4.979 -7.232 1.521
P135215 5.169 5.217 -6.818 1.329
P135216 5.149 4.951 -6.408 1.895
P135217 5.165 5.217 -6.626 0.513
P135218 5.111 5.083 -6.821 0.412
P135219 5.098 5.122 -7.028 1.424
P135220 5.156 5.197 -7.258 0.468
P135221 4.997 5.028 -6.828 1.157
P135222 5.099 5.195 -6.981 0.933
P135223 5.074 5.131 -6.975 1.564
P135224 5.054 4.974 -6.764 0.423
P135225 5.101 5.168 -6.795 1.332
P135226 5.234 5.089 -6.807 0.480
P135227 5.068 5.081 -7.417 0.944
P135228 5.321 5.204 -6.838 0.416
P135229 5.018 5.137 -7.149 1.514
P135230 5.234 5.161 -6.602 0.494
P135231 5.071 5.118 -6.996 1.171
P135232 5.211 5.060 -6.943 0.464
P135233 5.000 4.986 -7.030 1.338
P135234 5.179 5.271 -7.057 0.718
P135235 5.154 5.232 -7.137 0.921
P135236 5.070 5.080 -6.829 0.506
P135237 4.864 5.055 -6.060 0.894
P135238 5.053 5.132 -7.360 0.588
P135239 5.255 5.227 -7.206 0.457
P135240 5.028 5.102 -7.795 0.751
P135241 5.277 5.217 -7.410 0.437
P135242 5.079 5.090 -7.091 0.523
P135243 5.064 5.126 -7.417 0.679
P135244 5.050 5.023 -7.491 0.564
P135245 4.984 4.996 -7.261 1.037
P135246 5.089 5.064 -7.035 0.408
P135247 5.201 5.238 -7.498 0.556
P135248 5.091 5.069 -7.143 0.502
P135249 5.157 4.929 -6.810 0.589
P135250 5.219 5.223 -7.011 0.382
P135251 5.187 5.183 -7.053 1.069
P135252 5.008 5.023 -7.177 1.181
P135253 5.178 5.136 -7.251 0.498
P135254 5.166 5.082 -6.936 0.430
P135255 5.206 5.298 -7.083 0.557
P135256 5.219 5.118 -7.574 0.401
P135257 5.104 5.245 -6.278 1.276
P135258 4.804 4.944 -6.538 1.407
P135259 5.171 5.127 -6.007 1.504
P135260 4.987 4.903 -4.778 2.349
P135261 4.853 4.996 -5.986 1.236
P135262 5.090 5.237 -6.212 1.245
P135263 5.181 5.186 -5.803 0.668
P135264 5.038 5.175 -6.242 1.474
P135265 5.030 5.064 -5.873 1.309
P135266 5.265 5.239 -6.948 0.873
P135267 5.160 5.220 -7.826 0.427
P135268 5.254 5.220 -7.229 0.423
P135269 5.002 4.947 -7.193 0.365
P135270 4.993 4.951 -7.143 0.586
P135271 5.026 5.168 -7.494 1.170
P135272 5.109 5.205 -7.376 0.757
P135273 4.993 4.994 -7.500 1.742
P135274 5.038 4.918 -6.809 1.609
P135275 4.983 5.163 -6.779 1.361
P135276 5.013 5.062 -6.686 0.427
P135277 5.184 5.120 -6.286 0.913
P135278 5.102 5.105 -6.436 0.976
P135279 4.917 4.768 -6.638 1.311
P135280 4.970 4.946 -6.156 1.241
P135281 5.131 5.088 -6.902 1.515
P135282 5.108 5.025 -6.560 0.811
P135283 5.034 5.072 -6.474 0.834
P135284 5.138 5.056 -7.278 0.944
P135285 4.991 4.928 -6.809 0.630
P135286 5.119 5.059 -6.885 0.774
P135287 5.043 4.963 -6.139 0.594
P135288 4.970 4.817 -6.544 1.195
P135289 5.053 5.041 -7.263 1.631
P135290 5.022 4.857 -6.638 1.259
P135291 5.044 5.052 -6.909 0.709
P135292 5.017 5.080 -6.220 0.849
P135293 4.645 4.753 -6.971 1.771
P135294 5.008 4.897 -5.915 0.899
P135295 5.075 4.936 -6.206 0.718
P135296 4.989 5.076 -6.629 0.624
P135297 5.272 4.863 -6.702 2.493
P135298 5.240 4.883 -6.589 1.927
P135299 5.246 5.134 -5.621 1.383
P135300 5.269 5.280 -6.253 1.119
P135301 5.291 4.940 -6.885 2.304
P135302 5.309 5.213 -7.734 1.472
P135303 5.322 5.358 -6.586 0.407
P135304 5.145 5.243 -7.534 0.655
P135305 5.181 4.900 -6.222 0.558
P135306 5.070 4.878 -6.142 0.560
P135307 5.142 4.997 -6.914 1.624
P135308 5.098 5.006 -6.609 0.482
P135309 4.885 4.972 -6.834 1.131
P135310 5.328 5.390 -6.193 1.035
P135311 5.181 5.146 -6.466 0.858
P135312 4.908 4.930 -6.413 0.819
P135313 4.909 4.874 -6.329 0.662
P135314 5.221 5.181 -6.639 0.708
P135315 5.142 5.073 -6.985 0.693
P135316 5.037 4.880 -6.865 1.490
P135317 4.942 4.927 -6.795 0.789
P135318 4.907 4.904 -6.464 0.484
P135319 5.056 5.095 -7.339 1.619
P135320 5.063 5.124 -7.013 0.445
P135321 5.090 4.989 -6.519 0.476
P135322 4.937 4.887 -7.186 0.867
P135323 5.012 5.070 -6.494 0.734
P135324 4.913 4.984 -6.036 0.543
P135325 5.093 5.081 -6.280 0.534
P135326 5.089 5.136 -6.626 0.885
P135327 4.898 5.013 -7.135 1.657
P135328 4.975 4.927 -7.353 1.642
P135329 5.230 5.130 -6.284 1.623
P135330 4.939 4.989 -6.657 1.079
P135331 5.116 5.109 -6.395 0.365
P135332 5.345 5.268 -5.997 1.222
P135333 5.395 5.176 -6.255 1.671
P135334 5.044 4.956 -5.982 1.326
P135335 5.028 5.146 -6.827 1.569
P135336 5.497 5.425 -5.875 0.960
P135337 5.085 4.956 -6.498 0.482
P135338 4.904 5.013 -6.709 1.064
P135339 5.069 5.087 -7.103 1.482
P135340 5.014 4.845 -6.699 1.976
P135341 5.064 5.049 -6.281 0.495
P135342 5.061 5.185 -7.017 0.990
P135343 5.038 5.049 -7.297 1.627
P135344 5.017 4.975 -6.672 1.190
P135345 4.894 5.029 -6.869 1.219
P135346 5.000 5.155 -6.540 1.129
P135347 4.991 5.170 -6.796 1.123
P135348 4.948 4.704 -6.299 0.521
P135349 5.134 5.003 -6.560 0.524
P135350 4.969 5.027 -6.493 1.291
P135351 5.033 5.085 -6.258 0.721
P135352 5.304 5.326 -6.433 0.887
P135353 5.197 5.279 -6.763 1.095
P135354 5.327 5.197 -6.291 1.419
P135355 5.123 5.192 -6.326 1.160
P135356 5.279 5.376 -6.697 1.457
P135357 5.347 5.398 -6.746 1.121
P135358 5.147 4.732 -6.615 2.072
P135359 5.475 5.468 -6.559 0.888
P135360 5.237 5.289 -6.944 1.163
P135361 5.249 4.821 -6.463 2.161
P135362 5.142 5.129 -6.566 1.541
P135363 4.942 4.720 -6.250 2.522
P135364 5.268 5.163 -6.161 1.895
P135365 5.169 5.318 -6.127 1.425
P135366 5.106 5.061 -4.670 2.235
P135367 5.243 5.155 -5.887 1.529
P135368 5.117 4.839 -5.546 2.467
P135369 4.975 4.931 -5.133 1.839
P135370 4.968 4.818 -5.906 2.498
P135371 5.180 5.071 -5.876 1.061
P135372 4.896 4.587 -6.054 2.557
P135373 5.042 4.771 -6.321 2.677
P135374 5.006 4.793 -6.171 2.343
P135375 5.520 5.187 -7.832 1.612
P135376 5.189 5.181 -6.810 1.691
P135377 5.196 5.058 -6.494 2.960
P135378 5.277 5.138 -5.461 2.848
P135379 4.881 4.655 -6.222 2.400
P135380 5.286 4.840 -5.324 1.862
P135381 5.069 4.717 -6.657 2.093
P135382 5.277 5.184 -6.822 2.250
P135383 5.108 4.853 -5.401 2.624
P135384 5.128 5.267 -6.338 1.017
P135385 5.094 5.014 -6.277 1.038
P135386 4.920 4.742 -6.380 2.111
P135387 5.030 5.014 -3.953 0.075
P135388 5.076 5.026 -6.372 2.218
P135389 5.110 4.724 -6.341 2.087
P135390 5.168 4.924 -5.936 3.061
P135391 5.190 4.873 -6.017 2.356
P135392 4.940 4.669 -6.504 2.111
P135393 5.127 4.881 -5.687 1.960
P135394 5.323 5.226 -5.845 0.818
P135395 4.978 4.871 -5.893 1.837
P135396 5.469 5.157 -7.514 1.533
P135397 5.615 5.568 -7.167 0.555
P135398 4.996 4.879 -6.512 2.229
P135399 5.505 5.223 -7.772 1.589
P135400 5.458 4.869 -6.502 0.960
P135401 5.483 5.325 -6.269 0.281
P135402 5.529 5.087 -7.385 1.345
P135403 5.352 4.937 -7.433 1.300
P135404 5.432 5.070 -6.519 0.634
P135405 5.497 5.366 -6.306 0.245
P135406 5.316 5.273 -7.203 0.545
P135407 5.152 4.990 -6.450 1.751
P135408 5.291 5.166 -6.058 0.859
P135409 4.975 4.790 -5.821 1.794
P135410 5.116 4.941 -6.101 1.172
P135411 5.038 4.952 -5.961 1.081
P135412 4.964 4.809 -5.455 2.033
P135413 5.027 5.217 -7.222 1.031
P135414 5.107 4.975 -5.280 0.839
P135415 5.455 5.131 -5.262 0.987
P135417 5.225 4.948 -6.224 2.633
P135418 5.250 5.057 -5.290 0.881
P135419 5.193 4.981 -5.506 0.882
P135420 5.205 4.871 -5.897 1.233
P135421 5.234 4.906 -6.315 2.532
P135422 5.126 4.892 -5.144 1.034
P135423 5.313 5.083 -5.337 0.954
P135424 5.267 5.036 -5.475 1.632
P135425 5.470 5.584 -6.609 1.820
P135426 5.293 5.062 -5.486 0.927
P135427 5.540 5.614 -5.335 0.696
P135428 5.423 5.484 -6.153 1.948
P135429 5.397 5.599 -6.708 1.968
P135430 5.208 5.559 -6.435 2.149
P135431 5.243 5.462 -6.439 1.915
P135432 5.397 5.529 -6.751 2.083
P135433 5.387 5.376 -5.718 1.746
P135434 5.339 5.797 -5.911 1.054
P135435 5.375 5.555 -5.373 0.756
P135436 5.486 5.637 -5.323 0.718
P135437 5.338 5.455 -6.715 2.032
P135438 5.602 5.714 -5.396 0.594
P135439 5.294 5.463 -6.474 1.966
P135440 5.626 5.702 -5.276 0.856
P135441 5.521 5.470 -5.669 1.757
P135442 5.337 5.507 -5.909 1.708
P135443 5.128 5.360 -6.362 1.974
P135444 5.394 5.547 -6.589 2.038
P135445 5.378 5.542 -6.697 2.090
P135446 5.203 5.347 -5.850 1.711
P135447 5.329 5.104 -5.644 2.082
P135448 5.186 4.743 -6.235 2.776
P135449 5.081 4.844 -5.209 0.988
P135450 5.009 4.901 -6.602 0.991
P135451 4.599 4.691 -6.309 1.017
P135452 5.020 4.962 -6.446 1.335
P135453 4.805 4.668 -6.893 1.995
P135454 4.818 4.847 -7.182 1.845
P135455 4.632 4.743 -6.663 1.101
P135456 4.869 4.617 -6.976 1.807
P135457 4.839 4.703 -6.769 1.767
P135458 4.872 4.721 -7.041 1.952
P135459 4.958 4.894 -6.616 1.046
P135460 4.851 4.702 -6.764 2.229
P135461 5.288 5.111 -5.396 0.983
P135462 5.226 5.026 -5.393 0.940
P135463 5.451 5.222 -5.434 0.845
P135464 5.163 5.196 -5.918 1.779
P135465 5.225 5.043 -5.776 1.726
P135466 5.197 5.006 -5.258 1.065
P135467 5.316 5.100 -5.688 1.224
P135468 5.214 4.748 -6.485 2.537
P135469 5.183 4.990 -5.327 0.986
P135470 5.376 5.321 -5.008 0.551
P135471 5.376 5.427 -6.239 1.938
P135472 5.133 4.998 -5.776 1.782
P135473 5.244 5.132 -5.597 1.706
P135474 5.256 4.627 -5.464 2.782
P135475 5.330 5.078 -5.474 0.941
P135476 5.388 5.165 -5.455 0.816
P135477 5.138 4.793 -5.911 2.478
P135478 5.148 4.812 -6.261 2.581
P135479 5.149 4.978 -5.079 1.246
P135480 5.312 4.669 -5.168 3.001
P135481 5.453 5.465 -5.733 1.682
P135482 5.526 5.445 -5.662 1.782
P135483 5.154 5.299 -6.685 0.888
P135484 5.291 5.268 -6.401 0.526
P135485 5.356 5.441 -7.723 1.776
P135486 5.305 5.517 -7.229 0.964
P135487 5.390 5.236 -6.365 0.470
P135488 5.266 5.309 -6.615 1.139
P135489 5.298 5.406 -7.474 1.753
P135490 5.145 5.326 -7.016 0.895
P135491 5.317 5.269 -6.515 0.418
P135492 5.241 5.452 -7.665 0.952
P135493 5.176 4.564 -5.702 2.996
P135494 4.960 4.883 -6.194 2.259
P135495 5.264 5.262 -6.021 0.655
P135496 4.823 4.599 -5.780 2.405
P135497 4.995 4.891 -6.406 2.412
P135498 5.124 4.935 -6.486 2.496
P135499 5.452 5.336 -6.556 0.488
P135500 5.181 5.184 -6.826 0.706
P135501 5.172 5.481 -7.103 1.172
P135502 5.122 5.145 -5.712 1.012
P135504 5.260 5.325 -6.557 0.794
P135505 5.226 5.296 -7.089 0.533
P135506 5.264 5.200 -6.917 0.498
P135507 5.326 5.340 -6.888 0.544
P135508 5.319 5.433 -7.209 0.610
P135509 5.211 5.361 -6.856 0.851
P135510 5.175 5.320 -7.211 0.979
P135511 5.387 5.296 -7.142 0.379
P135512 5.366 5.371 -6.225 0.338
P135513 5.325 5.515 -7.203 0.924
P135514 5.101 5.214 -5.055 0.441
P135515 5.141 5.372 -7.401 1.153
P135516 5.244 5.512 -7.462 1.465
P135517 5.105 5.241 -7.522 0.798
P135518 5.382 5.359 -6.645 0.352
P135519 5.211 5.361 -7.482 0.972
P135520 5.245 5.186 -6.112 0.469
P135521 5.130 5.122 -5.908 0.800
P135522 4.873 4.534 -5.662 2.719
P135523 5.441 5.607 -5.282 0.747
P135524 5.314 5.484 -6.883 2.170
P135525 5.384 5.626 -6.507 2.015
P135526 4.967 5.233 -7.359 1.100
P135527 5.181 5.146 -4.968 1.976
P135528 5.062 5.007 -6.060 1.889
P135529 5.422 5.482 -6.670 0.465
P135530 5.292 5.130 -7.067 1.430
P135531 5.145 5.301 -7.220 1.157
P135532 5.260 5.189 -5.662 1.039
P135533 5.103 4.800 -7.145 2.315
P135534 5.401 5.349 -6.175 0.339
P135535 5.317 5.323 -6.128 0.502
P135536 5.386 5.326 -6.351 0.536
P135537 5.304 5.349 -6.380 0.361
P135538 5.296 5.176 -6.521 0.397
P135539 4.643 4.444 -6.425 2.692
P135540 5.561 5.425 -6.828 0.451
P135541 5.118 5.031 -5.273 1.233
P135542 5.353 5.217 -5.097 1.361
P135543 5.178 4.895 -6.355 2.554
P135544 5.210 5.167 -5.597 2.059
P135545 5.038 4.955 -4.804 1.721
P135546 5.134 5.087 -5.680 2.133
P135547 5.190 4.954 -5.094 1.694
P135548 5.253 5.227 -5.486 2.256
P135549 5.190 4.754 -5.998 2.954
P135550 5.240 5.050 -5.125 1.396
P135551 5.053 5.237 -5.603 1.950
P135552 5.268 5.137 -5.751 2.770
P135553 5.284 5.328 -5.774 1.901
P135554 5.590 5.470 -6.901 2.328
P135555 5.367 5.018 -6.251 2.888
P135556 5.287 5.069 -6.380 2.801
P135557 5.104 5.038 -4.879 1.376
P135558 5.240 5.149 -6.473 2.698
P135559 5.439 5.205 -6.574 1.659
P135560 5.269 5.144 -5.865 2.499
P135561 5.331 5.269 -6.360 2.656
P135562 5.136 5.029 -5.528 1.302
P135563 5.200 4.575 -5.711 2.956
P135564 5.108 4.557 -5.318 2.828
P135565 5.543 5.535 -6.175 1.438
P135566 5.568 5.364 -5.826 1.041
P135567 5.564 5.380 -6.264 1.591
P135568 4.998 4.638 -5.983 2.973
P135569 5.244 5.341 -6.242 0.735
P135570 5.059 5.251 -7.128 1.243
P135571 5.148 5.224 -6.193 0.680
P135572 5.011 5.239 -7.497 1.213
P135573 5.282 5.270 -6.145 0.709
P135574 4.851 4.532 -5.542 2.459
P135575 5.153 5.315 -7.210 1.207
P135576 5.005 4.956 -6.523 1.484
P135577 4.899 5.342 -6.678 1.080
P135578 5.037 5.194 -7.263 1.222
P135579 5.030 4.907 -5.742 1.192
P135580 5.079 5.309 -6.906 1.206
P135581 5.013 4.951 -6.001 1.237
P135582 5.053 4.772 -5.863 1.345
P135583 5.228 5.413 -7.243 1.262
P135584 4.775 5.104 -6.153 0.640
P135585 5.090 4.685 -6.451 2.697
P135586 5.593 5.527 -5.973 0.544
P135587 5.542 5.435 -5.854 0.910
P135588 5.506 5.307 -6.209 1.439
P135589 4.920 5.278 -7.003 1.702
P135590 4.987 5.161 -7.243 1.259
P135591 5.119 5.328 -7.435 1.471
P135592 5.507 5.402 -6.353 1.031
P135593 5.585 5.543 -6.647 1.607
P135594 5.439 5.356 -6.275 1.268
P135595 5.420 5.353 -6.563 1.804
P135596 5.467 5.527 -6.376 1.212
P135597 5.538 5.564 -6.334 1.666
P135598 5.488 5.511 -6.070 1.416
P135599 5.377 5.393 -6.110 0.559
P135600 5.624 5.509 -6.016 0.745
P135601 5.432 5.330 -6.495 1.058
P135602 5.200 5.150 -6.660 0.743
P135603 5.135 4.787 -6.750 2.291
P135604 4.946 4.898 -6.399 1.364
P135605 5.016 5.041 -6.186 0.798
P135606 5.429 5.486 -6.855 1.690
P135607 5.170 5.082 -5.426 1.106
P135608 5.156 5.038 -5.416 0.620
P135609 5.117 4.725 -7.064 2.946
P135610 5.132 5.051 -5.396 1.193
P135611 5.075 5.191 -5.409 0.908
P135612 4.963 5.172 -7.064 1.998
P135613 5.021 5.150 -6.423 0.767
P135614 5.045 5.092 -6.735 1.095
P135615 5.469 5.369 -6.353 0.702
P135616 4.949 4.990 -6.351 0.752
P135617 5.308 5.354 -6.761 0.821
P135618 5.317 5.245 -6.262 0.650
P135619 4.993 5.175 -6.759 1.685
P135620 5.232 5.255 -5.638 0.129
P135621 5.264 5.166 -6.168 0.610
P135622 5.377 5.355 -7.112 1.733
P135623 5.102 5.169 -6.664 1.249
P135624 5.178 5.056 -5.957 0.788
P135625 5.322 5.225 -6.087 0.692
P135626 5.387 5.345 -7.194 1.435
P135627 4.781 4.885 -6.258 0.697
P135628 4.980 5.024 -5.453 0.875
P135629 5.123 5.011 -5.327 0.629
P135630 5.113 5.127 -5.304 0.857
P135631 5.187 4.818 -6.982 2.956
P135632 5.232 5.193 -6.767 1.238
P135633 5.493 5.357 -6.306 0.689
P135634 4.869 4.907 -6.112 0.726
P135635 5.242 5.189 -6.315 0.578
P135636 5.230 5.192 -6.332 1.112
P135637 5.243 4.950 -5.848 0.885
P135638 5.314 5.412 -6.601 0.815
P135639 5.005 4.947 -6.332 1.584
P135640 5.207 5.264 -6.805 1.655
P135641 5.383 5.240 -6.369 0.986
P135642 5.353 5.253 -6.110 0.587
P135643 5.189 5.106 -5.407 1.176
P135644 4.980 5.060 -5.917 0.645
P135645 5.190 5.219 -7.076 2.369
P135646 5.178 4.909 -5.695 1.089
P135647 5.299 5.426 -4.901 0.716
P135648 5.355 4.924 -6.161 2.567
P135649 5.368 5.160 -5.392 1.750
P135650 5.384 5.307 -5.123 0.587
P135651 5.383 4.935 -6.250 3.560
P135652 5.152 4.810 -6.310 3.538
P135653 5.346 5.257 -7.199 2.644
P135654 5.372 5.132 -6.829 2.210
P135655 5.411 5.259 -5.319 1.649
P135656 5.137 5.349 -6.027 0.891
P135657 5.413 5.491 -5.672 0.746
P135658 5.391 5.458 -6.814 2.351
P135659 5.507 5.345 -6.423 1.455
P135660 5.534 5.322 -6.456 1.570
P135661 4.966 5.070 -6.803 1.420
P135662 4.648 4.873 -6.984 1.317
P135663 4.963 4.987 -5.586 0.954
P135664 4.894 4.963 -6.657 1.522
P135665 4.937 4.918 -5.617 1.031
P135666 4.951 5.060 -6.754 1.400
P135667 5.098 4.995 -5.992 0.993
P135668 4.938 4.911 -7.053 3.036
P135669 4.912 5.015 -6.754 1.538
P135670 4.801 4.901 -6.485 1.723
P135671 5.506 5.292 -6.867 0.874
P135672 5.567 5.355 -6.582 0.948
P135673 5.158 5.129 -7.130 0.427
P135674 5.222 5.141 -7.280 0.366
P135675 5.154 5.272 -7.702 1.880
P135676 4.864 4.999 -7.903 0.579
P135677 5.239 5.110 -7.496 0.542
P135678 5.166 4.967 -5.070 1.961
P135679 4.945 5.130 -4.738 0.726
P135680 5.355 5.140 -6.589 1.339
P135681 4.908 4.982 -6.721 1.444
P135682 5.043 4.979 -6.692 1.765
P135683 4.888 4.868 -5.780 0.529
P135684 4.799 4.884 -6.560 3.440
P135685 5.136 5.027 -4.751 0.968
P135686 5.127 5.053 -6.659 1.337
P135687 4.873 4.631 -5.878 2.798
P135688 5.437 5.196 -6.420 1.281
P135689 5.441 5.338 -6.742 1.301
P135690 5.495 5.287 -6.335 0.536
P135691 5.421 5.511 -7.082 0.783
P135692 5.454 5.461 -7.449 1.564
P135693 5.341 5.219 -6.901 1.385
P135694 5.487 5.480 -6.850 0.388
P135695 5.415 5.515 -7.385 2.222
P135696 5.333 5.318 -6.734 0.397
P135697 5.594 5.476 -7.040 0.434
P135698 5.343 5.258 -6.641 1.866
P135699 5.384 5.330 -7.272 1.139
P135700 5.343 5.271 -7.322 1.673
P135701 5.572 5.327 -6.541 0.456
P135702 5.512 5.546 -6.574 0.485
P135703 5.365 5.525 -6.821 1.104
P135704 5.525 5.447 -7.122 0.527
P135705 5.306 5.279 -7.280 1.485
P135706 5.400 5.529 -6.746 1.303
P135707 5.418 5.390 -7.324 1.764
P135708 5.350 5.420 -6.885 0.475
P135709 5.320 5.310 -6.788 0.439
P135710 5.481 5.371 -6.581 0.408
P135711 5.189 5.121 -7.615 1.145
P135712 5.509 5.451 -7.571 1.526
P135713 5.530 5.357 -6.812 0.476
P135714 5.442 5.324 -6.879 1.512
P135715 5.276 5.158 -6.723 1.293
P135716 5.413 5.256 -7.027 1.536
P135717 5.394 5.302 -6.508 1.331
P135718 5.497 5.326 -6.427 1.119
P135719 5.604 5.258 -6.302 0.875
P135720 5.367 5.197 -6.736 1.415
P135721 5.562 5.291 -6.497 0.898
P135722 5.421 5.263 -7.049 1.339
P135723 5.570 5.305 -6.502 1.101
P135724 5.359 5.027 -6.394 1.217
P135725 5.314 5.244 -7.662 1.737
P135726 5.430 5.366 -6.812 1.484
P135727 5.375 5.399 -7.137 1.422
P135728 5.366 5.251 -6.877 1.407
P135729 5.440 5.324 -6.702 0.771
P135730 5.487 5.477 -7.018 1.417
P135731 5.455 5.203 -6.569 0.767
P135732 5.481 5.376 -6.389 1.129
P135733 5.268 5.207 -6.546 1.837
P135734 5.526 5.455 -6.930 1.519
P135735 5.352 5.220 -6.143 1.388
P135736 5.535 5.327 -6.468 1.180
P135737 5.472 5.449 -7.237 1.546
P135738 5.034 4.986 -7.303 0.407
P135739 5.041 5.062 -7.792 2.005
P135740 5.207 4.946 -6.460 2.864
P135741 5.331 5.102 -6.492 2.642
P135742 5.080 4.938 -5.931 2.413
P135743 5.096 4.979 -6.224 3.007
P135744 5.095 4.895 -5.943 3.517
P135745 4.980 4.827 -5.824 2.486
P135746 5.167 5.078 -6.335 2.797
P135747 5.062 4.874 -5.667 3.280
P135748 5.234 4.964 -6.250 3.029
P135749 5.081 4.866 -6.082 3.339
P135750 5.296 5.088 -6.055 2.830
P135751 5.101 4.645 -6.242 3.001
P135752 5.115 4.613 -5.843 2.701
P135753 5.148 4.975 -5.984 2.314
P135754 5.249 4.872 -5.966 2.453
P135755 5.408 5.391 -4.439 1.913
P135756 5.433 5.308 -6.066 1.179
P135757 5.402 5.413 -5.913 1.029
P135758 5.611 5.587 -6.203 0.517
P135759 5.556 5.391 -6.477 1.515
P135760 5.278 5.229 -5.070 1.710
P135761 5.341 5.282 -5.103 2.048
P135762 5.131 4.996 -5.570 2.874
P135763 5.371 4.976 -5.454 2.025
P135764 5.147 4.690 -6.608 2.545
P135765 5.351 5.228 -5.339 2.882
P135766 5.505 5.507 -7.426 0.415
P135767 5.115 4.521 -5.595 3.048
P135768 5.041 4.881 -5.959 2.531
P135769 5.153 5.264 -8.079 0.450
P135770 5.158 5.101 -7.523 0.408
P135771 5.004 5.005 -7.588 0.371
P135772 5.045 4.841 -7.361 0.622
P135773 5.108 5.185 -7.316 0.736
P135774 5.075 5.282 -7.314 0.765
P135775 5.254 5.168 -7.833 0.443
P135776 5.109 5.213 -7.246 0.533
P135777 5.094 4.947 -7.140 0.495
P135778 5.258 4.956 -7.174 0.462
P135779 5.171 5.074 -7.309 0.405
P135780 5.041 5.210 -7.886 0.764
P135781 5.294 5.178 -7.547 0.527
P135782 4.972 4.922 -7.393 0.381
P135783 5.113 5.242 -7.691 0.608
P135784 5.082 5.126 -7.099 0.628
P135785 4.918 5.106 -7.472 0.714
P135786 5.015 4.461 -5.536 3.116
P135787 4.776 4.456 -5.678 2.273
P135788 4.902 4.810 -6.378 2.856
P135789 5.081 4.948 -6.170 3.170
P135790 5.186 5.020 -5.985 2.478
P135791 5.207 4.894 -6.278 3.078
P135792 5.297 4.854 -6.323 2.924
P135793 5.197 4.711 -5.149 2.786
P135794 4.961 4.850 -5.856 2.518
P135795 5.224 5.000 -6.171 2.890
P135796 5.113 5.061 -4.703 0.793
P135797 4.466 4.822 -5.501 1.372
P135798 5.038 5.013 -6.569 2.903
P135799 4.960 5.302 -6.394 0.799
P135800 4.966 4.996 -4.596 1.024
P135801 5.045 5.035 -5.078 0.966
P135802 5.034 5.194 -6.387 0.550
P135803 4.891 4.895 -5.079 2.962
P135804 4.830 5.135 -6.370 0.814
P135805 4.791 5.064 -5.919 1.142
P135806 4.938 5.093 -5.968 1.105
P135807 4.915 5.217 -6.309 0.787
P135808 4.873 4.640 -6.472 2.698
P135809 5.161 5.091 -4.742 0.777
P135810 4.705 4.909 -6.246 2.350
P135811 5.165 4.854 -5.772 1.664
P135812 5.234 5.252 -7.105 1.403
P135813 4.882 4.927 -7.004 0.697
P135814 5.121 5.088 -6.344 0.717
P135815 5.244 5.304 -6.910 0.733
P135816 5.208 5.177 -7.016 0.602
P135817 5.134 4.973 -5.943 0.913
P135818 5.017 5.055 -7.261 0.766
P135819 5.079 5.056 -6.918 2.610
P135820 4.986 5.080 -6.605 0.738
P135821 5.231 5.249 -6.842 0.730
P135822 5.050 5.057 -5.953 0.929
P135823 4.704 4.727 -6.992 1.628
P135824 5.064 5.014 -6.522 0.464
P135825 5.026 4.953 -6.451 1.205
P135826 5.233 5.298 -6.586 0.788
P135827 4.995 4.967 -6.612 0.583
P135828 5.176 5.197 -6.572 0.560
P135829 5.264 5.236 -6.392 1.001
P135830 4.834 5.208 -6.865 1.778
P135831 5.019 5.251 -7.038 1.908
P135832 4.843 4.593 -7.549 2.306
P135833 4.865 5.130 -7.450 2.646
P135834 4.913 4.962 -6.415 0.643
P135835 5.127 5.055 -7.022 1.683
P135836 5.217 5.116 -6.675 0.689
P135837 5.147 5.131 -7.232 0.839
P135838 5.265 5.203 -6.451 0.600
P135839 5.327 5.104 -6.539 0.570
P135840 5.175 5.300 -7.423 1.211
P135841 5.241 5.314 -7.098 0.727
P135842 5.203 5.252 -7.129 0.517
P135843 5.199 5.290 -7.412 0.658
P135844 5.272 5.259 -7.354 1.096
P135846 5.167 5.231 -5.996 0.695
P135847 5.031 5.113 -7.276 0.475
P135848 5.158 5.053 -7.148 1.712
P135849 5.040 5.179 -6.747 0.919
P135850 4.938 4.976 -7.051 1.283
P135851 5.368 5.137 -5.986 0.953
P135852 5.365 5.313 -6.376 1.115
P135853 5.358 5.403 -6.694 1.247
P135854 5.532 5.431 -6.816 0.625
P135855 5.582 5.561 -6.667 0.533
P135856 5.366 5.310 -6.783 1.782
P135857 5.331 5.237 -6.228 0.388
P135858 5.448 5.290 -6.113 0.489
P135859 5.463 5.605 -6.564 1.356
P135860 5.562 5.477 -6.410 0.583
P135861 5.401 5.349 -5.884 0.405
P135862 5.550 5.459 -5.969 0.469
P135863 5.427 5.458 -6.800 1.968
P135864 5.306 5.428 -6.675 0.617
P135865 5.445 5.318 -6.250 0.468
P135866 5.315 5.411 -6.835 1.485
P135867 5.430 5.212 -5.990 0.685
P135868 5.471 5.335 -6.770 1.507
P135869 5.431 5.480 -7.165 0.808
P135870 5.482 5.379 -5.967 0.429
P135871 5.309 5.450 -6.475 1.395
P135872 5.447 5.481 -6.782 1.606
P135873 5.346 5.514 -6.849 1.429
P135874 5.507 5.330 -6.206 0.488
P135875 5.471 5.603 -7.126 0.744
P135876 5.522 5.485 -6.843 0.622
P135877 5.482 5.322 -5.826 0.723
P135878 5.376 5.441 -6.497 0.631
P135879 5.488 5.576 -6.991 1.361
P135880 5.424 5.510 -7.064 1.912
P135881 5.505 5.540 -6.508 0.592
P135882 5.344 5.154 -6.152 0.481
P135883 5.391 5.229 -5.858 0.489
P135884 5.247 5.009 -5.577 0.717
P135885 5.096 5.088 -5.750 1.226
P135886 4.956 4.987 -6.176 1.683
P135887 5.310 5.164 -5.924 0.599
P135888 5.265 5.191 -6.078 0.705
P135889 5.225 5.100 -6.355 0.538
P135890 5.215 5.225 -6.159 1.802
P135891 5.244 4.685 -5.610 2.792
P135892 5.078 4.996 -6.287 1.579
P135893 5.262 5.242 -5.752 0.500
P135894 5.189 4.963 -5.754 0.671
P135895 5.532 5.337 -6.161 0.508
P135896 5.377 5.322 -6.525 0.486
P135897 5.378 5.501 -6.946 0.666
P135898 5.456 5.295 -6.688 0.832
P135900 5.257 5.161 -5.672 1.080
P135901 5.203 5.310 -6.841 0.605
P135902 5.057 5.150 -5.881 1.418
P135903 5.184 4.977 -5.737 0.704
P135904 5.272 5.003 -5.679 0.846
P135905 5.350 5.026 -6.479 2.691
P135906 5.095 5.008 -5.935 0.479
P135907 5.308 5.065 -5.800 0.733
P135908 5.198 5.097 -6.282 1.490
P135909 5.287 5.176 -6.277 0.892
P135910 5.541 5.387 -6.088 1.636
P135911 5.440 5.376 -5.683 1.969
P135912 5.166 4.957 -5.886 0.830
P135913 5.223 4.863 -6.917 2.719
P135914 4.975 4.759 -6.369 0.630
P135915 5.200 5.085 -5.911 0.883
P135916 4.962 4.978 -6.390 1.971
P135917 5.083 4.990 -6.304 1.990
P135918 5.156 5.132 -6.802 1.649
P135919 5.302 5.164 -6.055 0.508
P135920 5.030 5.004 -6.945 1.006
P135921 5.126 4.970 -5.715 0.678
P135922 4.988 5.072 -6.091 0.987
P135923 5.091 4.940 -6.513 2.151
P135924 5.076 4.954 -5.863 0.664
P135925 4.932 5.174 -6.414 1.319
P135926 4.884 5.074 -6.181 1.808
P135927 4.785 5.220 -6.823 1.837
P135928 5.251 5.267 -6.888 0.832
P135929 5.241 5.169 -6.855 0.609
P135930 5.132 5.169 -6.715 1.551
P135931 5.303 5.182 -6.759 0.599
P135932 5.100 5.085 -6.625 0.712
P135933 5.147 5.136 -6.977 1.697
P135934 5.128 5.218 -7.591 1.653
P135935 5.190 5.218 -6.644 0.835
P135936 5.062 5.079 -6.959 0.694
P135937 5.120 5.200 -6.965 0.775
P135938 5.116 5.178 -6.232 0.596
P135940 5.198 5.236 -6.505 0.767
P135941 4.858 4.930 -6.806 0.694
P135942 5.129 5.120 -6.859 1.322
P135943 5.242 5.088 -6.037 0.607
P135944 5.103 5.040 -6.252 0.650
P135945 4.958 5.045 -6.057 1.326
P135946 4.983 5.214 -6.428 1.235
P135947 5.050 5.040 -6.455 0.754
P135948 5.137 5.132 -6.276 1.035
P135949 5.032 4.844 -6.195 0.675
P135950 5.060 5.203 -6.612 0.899
P135952 5.079 5.048 -6.384 0.835
P135953 4.979 5.109 -5.928 0.976
P135954 4.915 5.045 -6.749 0.937
P135955 5.361 5.221 -6.478 0.713
P135956 5.468 5.342 -6.209 0.398
P135957 5.461 5.334 -6.143 0.537
P135958 5.167 5.075 -6.096 0.560
P135959 5.167 5.090 -6.360 0.757
P135960 5.060 4.979 -5.535 0.646
P135961 5.168 5.223 -6.299 1.135
P135962 5.045 4.906 -6.055 0.724
P135963 4.957 5.062 -6.184 0.959
P135964 5.272 5.214 -5.909 0.560
P135965 5.039 4.953 -5.873 0.622
P135966 5.001 4.912 -5.816 0.766
P135967 5.003 4.870 -6.036 0.668
P135968 5.173 5.130 -6.072 0.498
P135969 4.989 4.925 -6.258 0.718
P135970 5.010 5.033 -6.481 1.391
P135971 5.380 5.160 -5.396 0.902
P135972 5.184 4.975 -5.774 0.665
P135973 5.387 5.310 -6.903 0.286
P135974 5.291 5.245 -6.561 0.512
P135975 5.399 5.325 -7.009 0.424
P135976 5.216 5.222 -7.422 0.502
P135977 5.274 5.306 -7.217 0.364
P135978 5.273 5.204 -7.096 0.467
P135979 5.338 5.138 -6.695 0.474
P135980 5.310 5.243 -6.748 1.372
P135981 4.988 4.923 -7.048 0.632
P135982 5.206 5.188 -6.610 0.766
P135983 5.167 5.137 -7.114 0.916
P135984 5.180 5.241 -7.278 0.374
P135985 5.333 5.305 -7.752 0.417
P135986 5.170 5.162 -7.319 0.650
P135987 5.213 5.303 -7.387 0.805
P135988 5.188 5.240 -7.766 0.477
P135989 5.190 5.134 -7.122 0.341
P135990 5.293 5.348 -7.259 1.106
P135991 5.319 5.386 -7.246 0.567
P135992 5.205 5.139 -6.727 0.433
P135993 5.337 5.381 -7.854 0.548
P135994 5.097 5.101 -7.128 1.072
P135995 5.176 5.227 -7.626 1.383
P135996 5.102 5.090 -6.781 0.497
P135997 5.392 5.443 -7.532 0.550
P135998 5.247 5.289 -7.211 0.430
P135999 5.189 5.215 -7.217 0.473
P136000 5.181 5.167 -7.205 0.467
P136001 5.277 5.298 -7.466 0.392
P136002 5.335 5.203 -7.228 0.395
P136003 5.169 5.214 -7.942 0.776
P136004 5.246 5.232 -7.214 0.344
P136005 5.059 5.134 -7.177 0.830
P136006 5.224 5.277 -7.669 1.077
P136007 5.088 5.194 -7.506 1.087
P136008 5.332 5.217 -7.107 0.485
P136009 5.299 5.353 -7.618 0.964
P136010 5.253 5.286 -7.867 0.409
P136011 5.288 5.218 -7.081 0.419
P136012 5.041 5.166 -7.294 0.570
P136013 5.269 5.076 -6.470 0.482
P136014 5.178 5.358 -7.058 0.544
P136015 5.228 5.097 -6.717 1.685
P136016 5.255 5.399 -7.110 0.444
P136017 4.977 5.135 -6.791 0.461
P136018 5.288 5.153 -6.505 0.428
P136019 5.111 4.998 -6.103 0.767
P136020 4.816 4.946 -6.874 1.437
P136021 5.117 5.183 -6.548 0.336
P136022 5.256 5.312 -7.082 0.611
P136023 5.141 5.024 -7.523 1.820
P136024 5.009 5.192 -6.810 1.359
P136025 5.115 5.284 -7.057 1.559
P136026 5.239 5.360 -6.898 1.109
P136027 5.206 5.075 -6.330 0.562
P136028 5.078 5.094 -6.865 1.961
P136029 5.199 5.194 -6.430 0.389
P136030 5.223 5.124 -6.497 0.438
P136031 5.261 5.079 -6.096 0.508
P136032 5.299 5.172 -6.603 1.656
P136033 4.983 4.771 -7.185 1.927
P136034 5.236 5.040 -6.766 2.140
P136035 5.116 5.091 -7.376 1.905
P136036 5.172 4.987 -6.306 0.708
P136037 5.251 5.153 -7.355 1.574
P136038 5.217 5.202 -6.316 0.384
P136039 5.119 5.271 -7.176 1.199
P136040 4.983 5.112 -6.705 1.220
P136041 5.182 5.226 -7.641 1.235
P136042 5.111 5.180 -6.974 0.535
P136043 5.154 5.273 -6.995 1.348
P136044 5.165 5.117 -6.494 0.366
P136045 5.130 5.110 -6.072 0.524
P136046 5.073 5.255 -6.605 0.493
P136047 5.146 5.219 -7.269 1.777
P136048 5.128 5.155 -7.025 1.500
P136049 5.138 5.306 -6.767 1.206
P136050 5.151 4.954 -7.009 2.074
P136051 5.076 5.271 -7.011 0.462
P136052 5.241 5.298 -7.116 0.417
P136054 5.265 5.054 -6.369 0.527
P136055 4.904 5.008 -7.140 0.490
P136056 5.115 4.935 -5.591 0.786
P136057 5.229 5.272 -7.333 0.481
P136058 5.171 5.268 -7.560 0.614
P136059 5.533 5.527 -6.162 0.929
P136060 5.364 4.975 -6.572 2.636
P136061 5.565 5.551 -6.099 0.985
P136062 5.320 5.391 -6.681 1.157
P136063 5.489 5.459 -6.962 2.020
P136064 5.449 5.681 -6.800 1.161
P136065 5.463 5.551 -6.627 1.131
P136066 5.406 5.532 -6.867 1.142
P136067 5.482 5.343 -6.445 1.025
P136068 5.360 5.088 -6.029 1.520
P136069 5.123 5.329 -6.338 1.043
P136070 5.308 5.377 -6.563 0.951
P136071 5.511 5.436 -5.726 0.903
P136072 5.346 5.404 -6.728 0.790
P136073 5.372 5.270 -6.093 1.686
P136074 5.383 4.991 -6.549 2.108
P136075 5.391 5.337 -5.584 1.308
P136076 5.514 5.575 -6.221 0.994
P136077 5.273 5.104 -6.569 2.504
P136078 5.398 5.230 -5.618 1.896
P136079 5.258 5.406 -6.630 1.091
P136080 5.381 5.047 -6.984 2.203
P136081 5.244 5.035 -5.970 1.398
P136082 5.371 5.084 -6.026 1.760
P136083 5.547 5.598 -6.145 0.963
P136084 5.448 5.465 -6.909 1.128
P136085 5.239 5.134 -6.855 0.732
P136086 5.301 5.261 -6.853 0.357
P136087 5.314 5.259 -6.829 0.436
P136088 5.362 5.201 -6.415 0.659
P136089 5.137 5.235 -7.135 0.614
P136090 5.448 5.409 -7.089 0.461
P136091 5.182 5.193 -6.945 0.540
P136092 5.269 5.245 -7.192 0.846
P136093 5.233 5.253 -6.810 0.358
P136094 5.386 5.373 -7.382 0.607
P136095 5.220 5.136 -7.371 1.761
P136096 5.281 5.349 -7.333 1.715
P136097 5.132 5.046 -6.717 0.405
P136098 5.341 5.306 -7.423 2.200
P136099 5.302 5.395 -6.970 1.233
P136100 5.302 5.122 -6.665 0.655
P136101 5.368 5.355 -6.963 1.485
P136102 5.323 5.277 -6.989 0.396
P136103 5.389 5.281 -6.710 0.389
P136104 5.379 5.263 -6.414 0.436
P136105 5.347 5.207 -6.443 0.418
P136106 5.050 4.986 -6.914 0.678
P136107 5.371 5.299 -6.804 0.448
P136108 5.186 5.239 -7.285 1.219
P136109 5.288 5.203 -6.797 0.498
P136110 5.412 5.234 -7.159 0.442
P136111 5.382 5.325 -6.923 0.441
P136112 5.232 5.273 -7.918 1.824
P136113 5.313 5.239 -6.755 0.401
P136114 5.139 5.206 -6.990 0.806
P136115 5.271 5.310 -7.065 1.446
P136116 5.158 5.302 -7.233 1.166
P136117 5.312 5.406 -7.518 0.641
P136118 5.476 5.575 -6.872 1.747
P136119 5.213 5.456 -6.596 1.159
P136120 5.401 4.976 -6.845 2.479
P136121 5.196 5.150 -6.801 0.966
P136122 5.254 5.061 -5.955 1.568
P136123 5.072 5.126 -6.464 1.366
P136124 5.119 5.266 -6.621 2.520
P136125 5.102 5.116 -6.559 1.207
P136126 5.280 5.130 -6.007 0.788
P136127 5.248 5.133 -6.602 1.762
P136128 5.306 5.269 -6.572 0.719
P136129 5.213 5.121 -6.097 1.297
P136130 5.099 5.136 -6.712 1.378
P136131 5.326 5.277 -6.580 0.821
P136132 5.127 4.933 -5.952 2.149
P136133 5.298 5.058 -6.073 0.758
P136134 5.107 5.226 -6.702 1.802
P136135 5.237 5.255 -6.286 0.743
P136136 5.198 5.239 -7.166 0.697
P136137 5.342 5.206 -7.040 0.521
P136138 4.928 5.027 -7.528 0.504
P136139 5.131 4.995 -6.047 1.782
P136140 5.286 5.399 -5.908 0.803
P136141 5.237 5.276 -6.274 1.378
P136142 5.285 5.240 -6.106 1.336
P136143 5.255 4.999 -6.557 1.868
P136144 4.815 4.849 -6.229 1.224
P136145 5.090 5.129 -6.894 2.737
P136146 5.203 5.110 -6.557 0.801
P136147 5.153 5.080 -6.402 1.730
P136148 5.145 5.247 -7.470 0.536
P136149 5.144 5.188 -6.850 1.115
P136150 5.332 5.251 -6.423 0.676
P136151 5.328 5.400 -6.514 0.797
P136152 5.479 5.620 -5.793 0.640
P136153 5.563 5.589 -6.378 1.039
P136154 5.355 5.044 -6.486 2.120
P136155 5.390 4.915 -6.467 1.689
P136156 5.185 4.913 -5.865 1.082
P136157 5.431 5.199 -6.830 2.486
P136158 5.251 5.358 -6.778 1.433
P136159 5.266 4.982 -6.481 2.276
P136160 5.251 5.509 -5.834 1.105
P136161 5.382 4.923 -6.557 1.877
P136162 5.414 5.504 -6.824 1.203
P136163 4.995 5.040 -6.336 0.702
P136164 5.289 5.193 -6.189 0.961
P136165 5.087 5.051 -6.908 1.028
P136166 5.136 5.344 -7.031 1.866
P136167 5.108 5.043 -6.639 1.131
P136168 5.212 5.186 -5.804 0.711
P136169 5.254 5.228 -6.526 1.427
P136170 5.337 5.208 -6.271 0.915
P136171 5.181 4.957 -6.238 2.092
P136172 5.343 5.259 -6.477 0.806
P136173 5.131 5.160 -6.804 1.468
P136174 5.174 5.154 -6.166 1.565
P136175 5.233 5.229 -6.373 1.720
P136176 5.210 5.330 -6.383 1.225
P136177 5.121 5.032 -6.411 0.810
P136178 5.127 5.224 -6.526 0.820
P136180 5.303 5.248 -5.752 0.733
P136181 5.083 4.819 -6.423 2.022
P136182 5.155 4.935 -5.846 0.705
P136183 5.084 4.971 -6.200 1.170
P136184 5.087 4.696 -6.854 1.820
P136185 5.230 5.046 -6.435 0.997
P136186 5.046 4.861 -5.672 1.527
P136187 5.022 4.924 -6.104 2.129
P136188 5.207 4.924 -6.361 1.209
P136189 5.226 4.873 -5.710 1.112
P136190 5.238 5.212 -6.428 1.579
P136191 5.242 4.930 -5.865 1.111
P136192 5.073 4.613 -6.083 2.262
P136193 5.224 5.035 -6.588 2.108
P136194 5.040 4.983 -5.989 1.402
P136195 5.172 4.981 -5.690 1.324
P136196 5.170 4.835 -6.354 2.104
P136197 5.284 5.130 -6.292 1.160
P136198 5.228 4.995 -6.211 1.595
P136199 5.183 4.737 -6.462 2.041
P136200 5.002 4.913 -6.713 1.907
P136201 5.265 4.918 -6.195 2.065
P136202 5.125 4.865 -6.506 1.966
P136203 5.157 4.894 -6.261 2.054
P136204 5.074 4.661 -6.260 2.512
P136205 5.199 5.024 -6.038 1.441
P136206 4.950 4.925 -5.789 1.952
P136207 5.291 5.161 -5.458 1.202
P136208 5.261 4.988 -6.509 2.512
P136209 5.295 4.923 -6.220 2.180
P136210 5.303 4.986 -6.448 1.903
P136211 4.930 4.692 -6.589 2.047
P136212 5.308 5.032 -6.442 2.335
P136213 5.261 4.975 -6.676 1.919
P136214 5.024 5.026 -5.547 1.083
P136215 5.194 4.916 -6.577 2.291
P136216 5.282 5.133 -6.678 1.315
P136217 5.186 4.863 -6.357 1.881
P136218 5.163 5.010 -6.471 1.496
P136219 5.066 4.667 -6.537 2.101
P136220 5.155 4.876 -6.315 2.047
P136221 5.363 5.492 -6.091 0.497
P136222 5.256 5.231 -6.286 1.412
P136223 5.208 4.763 -6.557 2.000
P136224 5.068 4.955 -6.081 0.966
P136225 5.093 4.798 -5.999 1.975
P136226 5.199 4.914 -6.408 2.679
P136227 5.013 4.718 -5.856 3.026
P136228 5.136 5.122 -5.976 1.203
P136230 5.094 4.967 -5.823 1.141
P136231 5.149 5.126 -6.090 1.452
P136232 4.998 4.741 -6.084 1.669
P136233 5.094 5.250 -6.798 1.555
P136234 5.227 5.271 -6.848 0.380
P136235 5.267 5.275 -6.731 0.505
P136236 5.246 5.048 -6.374 1.747
P136237 5.317 5.003 -6.548 1.471
P136238 4.985 4.913 -6.814 0.989
P136239 5.261 5.188 -6.255 0.692
P136240 5.196 5.228 -6.819 0.334
P136241 5.313 5.189 -7.209 0.430
P136242 5.267 5.253 -6.824 0.310
P136243 5.146 5.188 -7.644 0.675
P136244 5.257 5.286 -6.835 0.315
P136245 5.043 5.220 -7.038 0.987
P136246 5.172 5.467 -7.534 1.454
P136247 5.014 4.837 -6.529 2.122
P136248 5.159 5.067 -5.440 1.761
P136249 5.123 5.113 -5.218 2.348
P136250 5.130 5.091 -6.051 1.843
P136251 5.449 5.556 -6.959 1.729
P136252 5.164 5.335 -6.786 1.306
P136253 5.466 5.305 -5.992 1.146
P136254 5.210 5.062 -5.847 1.557
P136255 5.294 5.043 -5.521 1.188
P136256 5.149 5.064 -6.436 2.325
P136257 5.176 4.986 -6.387 2.703
P136258 4.995 5.077 -5.969 2.591
P136259 5.308 5.113 -6.355 1.160
P136260 5.114 4.789 -6.176 2.473
P136261 5.085 4.840 -5.773 2.014
P136262 5.367 5.133 -5.940 1.216
P136263 5.213 5.039 -6.527 2.055
P136264 5.140 4.972 -6.068 2.598
P136265 5.191 5.027 -5.963 1.045
P136266 4.942 5.168 -6.219 1.809
P136267 5.296 5.437 -6.405 1.410
P136268 5.349 5.095 -5.695 1.158
P136269 5.082 4.872 -6.286 2.929
P136270 5.306 4.917 -6.100 2.449
P136271 5.193 4.963 -5.635 1.135
P136273 4.939 4.777 -6.226 1.942
P136274 5.152 4.920 -6.118 2.594
P136275 5.379 5.253 -6.576 0.497
P136276 5.492 5.494 -7.044 0.599
P136277 5.490 5.586 -7.400 1.643
P136278 5.609 5.519 -7.187 0.668
P136279 5.415 5.399 -7.141 0.852
P136280 5.382 5.351 -6.739 0.981
P136281 5.438 5.244 -6.041 0.515
P136282 5.641 5.514 -6.950 0.449
P136283 5.362 5.447 -6.920 0.581
P136284 5.562 5.387 -6.543 0.664
P136285 5.564 5.453 -7.219 0.411
P136286 5.557 5.596 -7.247 0.582
P136287 5.568 5.410 -6.611 0.436
P136288 5.393 5.532 -7.085 1.236
P136289 5.508 5.551 -6.938 1.185
P136290 5.365 5.425 -6.596 1.153
P136291 5.540 5.375 -6.615 0.376
P136292 5.474 5.482 -7.435 0.761
P136293 5.574 5.336 -6.555 0.457
P136294 5.506 5.533 -7.144 1.330
P136295 5.543 5.625 -6.864 1.198
P136296 5.594 5.349 -6.572 0.433
P136297 5.567 5.326 -6.166 0.500
P136298 5.269 5.113 -6.577 0.472
P136299 5.154 5.281 -7.662 1.356
P136300 5.357 5.264 -6.524 0.523
P136301 4.967 4.781 -6.567 0.730
P136302 5.404 5.446 -6.983 0.688
P136303 5.335 5.340 -6.142 0.758
P136304 5.364 5.105 -6.429 0.529
P136305 5.332 5.511 -6.799 0.827
P136306 5.070 5.230 -7.156 1.173
P136307 5.612 5.391 -7.000 0.456
P136308 5.255 5.268 -7.099 0.455
P136309 5.335 5.323 -6.021 0.757
P136311 5.491 5.441 -6.992 0.606
P136312 5.444 5.493 -7.217 0.654
P136313 5.421 5.228 -6.348 0.589
P136314 5.574 5.511 -6.831 0.546
P136315 5.480 5.493 -7.031 0.923
P136316 5.462 5.436 -6.851 0.568
P136317 5.623 5.542 -7.236 0.579
P136318 5.061 4.960 -5.714 0.940
P136319 5.495 5.316 -6.558 0.472
P136320 5.215 5.237 -7.154 1.000
P136321 5.173 5.445 -7.817 1.148
P136322 5.256 5.412 -7.279 1.609
P136323 5.332 5.271 -6.886 0.638
P136324 5.262 4.803 -7.020 2.166
P136325 5.212 5.214 -7.257 0.672
P136327 5.362 5.337 -6.076 0.314
P136328 5.344 5.278 -6.385 0.664
P136329 5.012 5.174 -7.327 1.119
P136330 5.262 5.060 -6.145 0.704
P136331 5.617 5.437 -6.632 0.448
P136332 5.326 5.061 -7.333 2.398
P136333 5.531 5.356 -6.316 0.757
P136334 5.534 5.416 -6.358 0.435
P136335 5.602 5.327 -6.412 0.523
P136336 5.403 5.521 -6.906 1.109
P136337 4.951 4.473 -6.393 2.126
P136338 5.508 5.466 -7.184 0.640
P136339 5.183 5.343 -7.314 0.958
P136340 5.349 5.140 -6.608 0.536
P136341 5.280 5.290 -7.344 0.529
P136342 5.382 5.188 -6.786 0.553
P136343 5.274 5.206 -6.462 1.599
P136344 5.221 5.366 -7.739 0.977
P136345 5.339 5.241 -6.400 0.675
P136346 5.131 5.238 -7.180 1.009
P136347 5.259 5.482 -7.749 1.116
P136348 5.194 5.338 -7.675 1.055
P136349 5.370 5.127 -6.439 0.550
P136350 5.306 5.356 -7.358 0.731
P136351 5.342 5.207 -7.214 0.660
P136352 5.294 5.229 -6.500 1.057
P136353 5.291 5.435 -7.455 1.083
P136354 5.095 5.250 -7.172 1.137
P136355 5.476 5.064 -7.297 2.787
P136356 5.230 5.001 -6.323 0.640
P136357 5.195 5.305 -7.196 1.031
P136358 5.178 5.269 -7.529 0.986
P136359 5.351 5.207 -7.140 0.433
P136360 5.150 5.350 -7.784 0.854
P136361 5.257 5.382 -7.669 1.512
P136362 5.176 5.292 -7.522 0.773
P136363 5.353 5.308 -7.084 2.181
P136364 5.324 5.137 -6.740 0.462
P136365 5.246 5.161 -6.756 1.262
P136366 5.287 5.312 -6.956 0.544
P136367 5.162 5.152 -6.374 0.500
P136368 5.294 5.253 -7.444 0.556
P136369 5.104 5.140 -6.980 0.484
P136370 5.121 5.423 -7.369 1.288
P136371 5.139 5.356 -7.139 0.946
P136372 5.159 5.207 -7.011 0.520
P136373 5.140 5.110 -7.160 0.471
P136374 5.107 5.222 -7.294 0.451
P136375 5.167 5.329 -7.300 0.976
P136377 5.118 5.040 -6.199 0.670
P136378 4.965 5.041 -7.286 0.393
P136379 5.081 4.866 -5.993 2.137
P136380 5.065 4.615 -5.157 2.856
P136381 5.243 4.664 -5.556 2.602
P136382 5.340 4.783 -5.698 3.502
P136383 5.219 4.587 -5.512 2.464
P136384 5.281 5.062 -5.354 1.115
P136385 5.317 5.078 -5.193 0.915
P136386 5.411 5.274 -5.316 0.751
P136387 5.378 5.438 -7.623 0.752
P136388 5.486 5.301 -6.887 0.400
P136389 5.527 5.363 -7.317 0.454
P136390 5.410 5.292 -6.895 0.438
P136391 5.328 5.359 -6.978 0.490
P136392 5.500 5.283 -6.730 0.464
P136393 5.150 5.183 -7.031 0.555
P136394 5.380 5.287 -5.324 2.556
P136395 5.082 5.282 -7.676 1.218
P136396 5.228 5.406 -7.259 1.014
P136397 4.994 5.043 -5.975 0.501
P136398 5.322 5.390 -7.228 0.862
P136399 5.360 4.979 -5.215 7.615
P136400 5.144 4.508 -5.118 3.186
P136401 5.173 4.927 -6.466 2.630
P136402 5.220 5.366 -7.485 0.450
P136403 5.483 5.335 -5.441 1.870
P136404 5.298 5.133 -4.455 0.884
P136405 5.464 5.248 -4.565 1.281
P136406 5.300 4.751 -5.478 2.790
P136407 5.163 4.530 -5.349 3.020
P136408 5.239 4.667 -5.312 3.016
P136409 5.508 5.211 -4.777 1.315
P136410 5.377 4.783 -5.020 2.423
P136411 5.316 4.810 -5.968 2.928
P136412 5.030 4.647 -5.709 3.192
P136413 5.292 4.736 -5.593 2.955
P136414 5.503 5.191 -5.007 1.255
P136415 5.232 4.525 -5.897 3.027
P136416 5.212 4.729 -5.871 2.591
P136417 5.262 4.913 -6.434 2.830
P136418 5.379 4.965 -5.336 7.675
P136419 5.523 5.305 -6.607 1.517
P136420 5.463 5.196 -6.286 0.455
P136421 5.193 4.833 -5.475 3.809
P136422 5.247 5.203 -5.460 3.082
P136423 5.366 5.142 -4.650 1.481
P136424 5.191 4.941 -6.197 3.155
P136425 5.313 4.617 -5.734 2.817
P136426 5.389 4.694 -5.905 2.531
P136427 5.518 5.270 -4.970 0.888
P136428 5.305 4.959 -6.306 3.627
P136429 5.342 4.603 -5.743 2.795
P136430 5.214 4.797 -5.403 3.796
P136431 5.386 4.922 -5.880 3.724
P136432 5.186 4.589 -5.119 2.740
P136433 5.276 4.825 -5.123 2.648
P136434 5.255 5.026 -4.744 1.389
P136435 5.303 4.770 -4.984 2.629
P136436 5.266 5.102 -4.909 1.750
P136438 5.505 5.152 -5.252 2.578
P136439 5.252 4.710 -5.685 3.046
P136440 5.461 5.338 -6.725 0.487
P136441 5.451 5.521 -6.858 0.389
P136442 5.265 5.288 -7.333 1.462
P136443 5.399 5.261 -6.490 0.504
P136444 5.530 5.635 -6.941 0.553
P136445 5.434 5.422 -7.503 1.466
P136446 5.455 5.491 -7.703 0.457
P136447 5.281 5.405 -7.572 1.104
P136448 5.344 5.394 -7.410 1.510
P136449 5.263 5.376 -7.839 0.723
P136450 5.502 5.498 -7.239 0.359
P136451 5.483 5.482 -7.415 0.623
P136452 5.362 5.405 -7.058 0.359
P136453 5.317 5.227 -6.684 0.610
P136454 5.452 5.454 -7.409 0.438
P136455 5.605 5.560 -7.273 0.533
P136456 5.244 5.347 -6.977 0.516
P136457 5.394 5.423 -7.146 0.359
P136458 5.287 5.344 -7.135 0.440
P136459 5.285 4.917 -6.263 2.253
P136460 5.022 4.747 -6.330 1.647
P136461 5.231 4.887 -6.511 2.187
P136462 5.246 4.866 -6.305 2.336
P136463 5.262 5.077 -6.434 1.379
P136464 5.184 4.916 -6.204 1.937
P136465 5.022 4.917 -6.082 2.005
P136466 5.442 5.418 -6.294 0.436
P136467 5.153 5.183 -7.314 0.506
P136468 5.362 5.178 -6.168 0.751
P136470 5.473 5.426 -7.052 0.447
P136471 5.326 5.425 -7.410 0.570
P136472 5.373 5.422 -7.251 0.475
P136473 5.450 5.476 -6.922 0.536
P136474 5.466 5.383 -6.761 0.425
P136475 5.338 5.309 -6.470 0.663
P136476 5.227 5.138 -6.219 0.683
P136477 5.081 5.120 -6.198 1.421
P136478 5.288 5.255 -7.013 0.315
P136479 5.151 4.948 -6.544 1.981
P136480 5.243 5.336 -5.875 0.745
P136481 5.128 4.874 -5.917 0.733
P136482 5.165 5.349 -7.190 1.114
P136483 5.196 5.110 -5.859 0.658
P136484 5.095 5.187 -6.967 0.346
P136485 5.035 5.217 -5.554 0.782
P136486 5.025 5.136 -6.982 0.480
P136487 5.378 5.300 -7.146 0.485
P136488 5.181 5.090 -6.513 0.723
P136489 5.185 4.976 -5.650 1.725
P136491 5.154 5.035 -5.494 0.669
P136492 5.239 5.027 -5.630 0.718
P136493 5.258 5.297 -6.221 1.331
P136494 5.528 5.279 -6.803 0.439
P136495 5.429 5.514 -7.371 0.571
P136496 5.477 5.432 -7.461 0.433
P136497 5.163 5.448 -7.354 1.294
P136498 5.272 5.148 -6.229 0.680
P136499 5.093 4.845 -6.449 2.069
P136500 5.120 5.201 -6.383 1.677
P136501 5.215 5.365 -7.360 0.522
P136502 5.233 5.237 -7.057 0.347
P136503 5.270 5.146 -6.620 0.426
P136504 5.262 5.063 -6.595 0.675
P136505 5.034 4.917 -5.703 0.682
P136506 5.226 5.176 -6.331 0.580
P136507 5.126 5.209 -7.011 1.130
P136508 5.160 5.312 -6.124 0.765
P136509 4.945 4.905 -6.854 2.631
P136510 5.646 5.572 -6.995 0.422
P136511 5.678 5.441 -6.769 0.591
P136512 5.470 5.371 -6.452 0.296
P136513 5.531 5.336 -6.289 0.394
P136514 5.145 5.211 -6.526 1.032
P136515 5.039 4.839 -6.925 1.927
P136516 5.110 4.927 -6.308 1.131
P136517 5.078 5.203 -6.614 0.889
P136518 5.060 4.940 -6.972 2.147
P136519 5.249 5.732 -5.951 1.083
P136520 4.766 4.883 -5.300 0.852
P136521 5.040 5.043 -5.526 1.044
P136522 4.933 5.030 -5.848 0.848
P136523 4.957 4.868 -6.756 2.307
P136524 4.859 5.011 -6.651 1.462
P136525 4.845 4.663 -6.429 2.776
P136526 4.902 4.859 -6.702 2.818
P136527 4.970 5.134 -6.571 1.414
P136528 4.607 4.839 -6.874 2.944
P136529 5.118 5.057 -6.168 1.224
P136530 4.859 4.623 -6.492 2.554
P136531 5.079 5.119 -6.679 1.139
P136532 5.493 5.252 -7.541 1.652
P136533 5.704 5.588 -6.615 0.316
P136534 5.625 5.494 -6.793 0.297
P136535 5.059 5.008 -6.906 0.954
P136536 5.138 4.911 -6.631 0.889
P136537 4.917 4.806 -6.607 1.061
P136538 4.972 4.983 -6.521 1.017
P136539 4.937 4.869 -6.631 1.195
P136540 5.036 4.954 -5.661 1.197
P136541 5.699 5.684 -5.264 0.808
P136542 5.448 4.813 -6.957 1.574
P136543 5.642 5.530 -6.498 0.362
P136544 5.639 5.349 -7.414 2.537
P136545 5.122 5.043 -6.585 1.016
P136546 4.828 4.698 -6.846 1.739
P136547 4.967 4.687 -6.815 1.868
P136548 5.022 5.092 -6.232 1.191
P136549 5.091 5.045 -6.461 1.293
P136550 4.937 5.089 -6.478 1.166
P136551 5.609 5.285 -7.248 1.432
P136552 5.015 4.995 -6.690 1.106
P136553 5.017 4.859 -6.528 0.936
P136554 4.845 4.836 -6.347 2.117
P136555 5.562 4.929 -6.464 0.928
P136556 5.548 5.366 -6.336 1.542
P136557 5.548 5.437 -7.138 1.284
P136558 5.602 5.456 -7.113 1.715
P136559 5.564 5.408 -6.694 1.215
P136560 5.483 5.063 -7.246 1.430
P136561 5.558 5.407 -6.722 0.590
P136562 5.524 5.301 -7.590 1.634
P136563 5.584 5.559 -6.858 0.587
P136564 5.378 5.242 -6.496 0.324
P136565 5.243 5.159 -6.231 1.600
P136566 5.493 5.093 -7.384 1.525
P136567 5.610 5.509 -6.377 0.223
P136568 5.485 5.390 -6.698 0.619
P136569 5.611 5.418 -6.171 0.300
P136570 5.651 5.634 -6.407 0.398
P136571 4.954 4.887 -6.608 1.244
P136572 4.884 4.818 -6.350 1.113
P136573 5.010 4.946 -6.395 1.544
P136574 5.088 5.278 -6.113 0.874
P136575 5.073 5.053 -6.505 1.099
P136576 4.826 4.970 -5.173 1.011
P136577 5.404 4.783 -5.995 2.334
P136578 5.268 5.193 -5.686 0.613
P136579 5.332 5.174 -5.375 0.687
P136580 4.954 5.120 -5.925 1.223
P136581 5.119 5.007 -5.483 0.609
P136582 5.200 5.288 -5.388 0.759
P136583 5.214 5.234 -5.536 0.544
P136584 5.011 4.958 -5.228 1.186
P136585 5.224 4.985 -7.102 3.015
P136586 5.170 5.194 -5.069 0.643
P136587 5.259 5.155 -5.253 0.610
P136588 5.314 5.111 -5.376 0.793
P136589 5.114 4.854 -6.781 2.990
P136590 5.149 5.193 -7.417 2.447
P136591 5.512 5.183 -6.450 1.399
P136592 5.299 5.456 -5.034 1.067
P136593 5.171 4.905 -5.860 1.300
P136594 4.829 4.877 -7.226 3.068
P136595 4.913 5.006 -5.906 1.493
P136596 4.931 4.918 -7.657 3.007
P136597 5.253 4.881 -6.148 3.549
P136598 5.398 5.290 -6.281 3.159
P136599 5.404 4.841 -5.794 2.951
P136600 5.376 5.157 -6.652 3.368
P136601 5.461 5.397 -4.895 0.526
P136602 5.516 5.189 -6.735 2.965
P136603 5.414 5.192 -6.166 3.649
P136604 5.102 4.883 -5.060 1.052
P136605 5.290 5.074 -5.263 1.015
P136606 5.126 5.213 -5.599 0.768
P136607 5.336 5.193 -5.515 0.620
P136608 5.170 5.115 -5.282 0.587
P136609 5.255 5.155 -5.312 0.595
P136610 5.233 4.924 -6.787 2.619
P136611 5.256 5.180 -5.193 1.530
P136612 5.089 5.019 -5.264 0.590
P136613 5.277 5.156 -5.373 0.672
P136614 5.742 5.393 -4.696 1.501
P136615 5.729 5.507 -6.638 2.962
P136616 5.505 5.367 -5.919 1.276
P136617 5.727 5.549 -6.655 2.808
P136618 5.659 5.550 -6.595 2.455
P136619 5.755 5.561 -6.747 2.869
P136620 5.515 5.366 -6.746 2.750
P136621 5.773 5.320 -4.880 1.513
P136622 5.216 5.161 -5.428 1.170
P136623 5.041 4.368 -6.461 2.767
P136624 5.152 5.011 -5.221 0.744
P136625 5.190 4.999 -6.106 1.804
P136626 5.141 4.989 -5.379 0.614
P136627 5.191 5.313 -5.522 0.668
P136628 4.689 4.870 -6.540 1.399
P136629 5.075 5.138 -7.584 2.596
P136630 4.901 4.939 -7.691 3.317
P136631 5.049 5.004 -7.496 2.956
P136632 4.650 4.604 -6.899 2.855
P136633 4.970 4.907 -5.822 2.444
P136634 5.599 5.512 -6.203 2.878
P136635 5.550 5.374 -6.498 2.933
P136636 5.686 5.523 -6.717 2.843
P136637 5.147 4.997 -6.187 1.952
P136638 5.107 5.034 -5.255 1.327
P136639 5.267 4.872 -4.968 2.684
P136640 5.440 5.117 -5.337 2.278
P136641 5.418 5.373 -4.136 1.212
P136642 5.476 5.468 -4.377 1.196
P136643 5.516 5.470 -5.096 0.563
P136644 5.299 5.122 -6.498 1.714
P136645 5.353 5.321 -5.036 0.452
P136646 5.405 5.578 -5.157 0.781
P136647 5.418 5.484 -5.295 0.696
P136648 5.210 5.350 -5.460 0.760
P136649 5.452 5.406 -5.482 0.429
P136650 5.473 5.146 -6.450 1.732
P136651 5.552 5.451 -4.253 0.984
P136652 5.497 4.880 -5.907 2.714
P136653 5.282 4.723 -5.870 2.716
P136654 5.605 5.313 -5.746 1.684
P136655 5.321 5.420 -6.513 1.618
P136656 5.597 5.696 -6.751 1.733
P136657 5.648 5.470 -5.675 1.526
P136658 5.641 5.305 -5.924 1.747
P136659 5.602 5.689 -6.737 1.753
P136660 5.578 5.574 -6.724 1.793
P136661 5.497 5.194 -5.344 2.226
P136662 5.242 4.826 -5.759 1.753
P136663 5.485 5.029 -5.563 1.816
P136664 5.503 5.416 -4.263 0.872
P136665 5.521 4.991 -5.530 2.230
P136666 5.451 5.399 -7.086 3.016
P136667 5.514 5.352 -5.117 0.628
P136668 5.316 5.497 -5.198 0.796
P136669 5.027 5.134 -5.181 1.093
P136670 5.059 4.899 -5.701 1.396
P136671 5.027 4.500 -6.615 3.381
P136672 5.172 4.391 -6.301 2.660
P136673 5.222 4.539 -5.723 2.455
P136674 5.267 5.084 -5.807 2.723
P136675 5.213 4.381 -6.351 2.649
P136676 4.932 4.483 -5.997 2.636
P136677 5.045 4.963 -5.765 0.789
P136678 5.158 4.348 -6.300 2.503
P136679 5.536 5.240 -7.118 2.600
P136680 5.310 5.473 -5.507 0.832
P136681 5.548 4.997 -5.918 2.414
P136682 5.330 5.213 -5.061 0.506
P136683 5.398 5.540 -5.473 0.703
P136684 5.385 5.569 -4.988 0.862
P136685 5.333 5.580 -5.043 1.135
P136686 5.554 5.651 -6.545 1.622
P136687 5.644 5.409 -5.870 1.719
P136688 5.292 5.425 -7.009 1.700
P136689 5.636 5.726 -6.672 1.717
P136690 5.086 4.595 -6.228 2.767
P136691 4.868 4.754 -4.808 1.619
P136692 5.010 5.189 -6.533 1.381
P136693 5.306 5.196 -6.165 1.269
P136694 5.234 5.338 -7.403 1.440
P136695 5.305 5.194 -5.795 1.332
P136696 4.882 5.275 -7.331 1.372
P136697 5.301 5.376 -7.030 1.370
P136698 4.977 5.172 -7.169 1.430
P136699 5.350 5.275 -7.321 1.241
P136700 5.110 5.048 -6.155 1.352
P136701 5.507 5.391 -4.992 1.736
P136702 5.295 5.199 -5.389 2.300
P136703 5.379 5.369 -4.886 1.843
P136704 5.352 5.346 -4.937 1.703
P136705 5.275 5.404 -7.354 1.435
P136706 5.371 5.200 -6.116 1.218
P136707 5.233 5.286 -6.328 1.245
P136708 5.369 5.353 -7.708 1.475
P136709 5.376 5.222 -7.107 0.816
P136710 5.433 5.098 -7.027 0.796
P136711 5.396 5.252 -7.675 1.297
P136712 5.126 5.140 -7.861 1.352
P136713 5.382 5.067 -7.022 0.796
P136714 5.315 5.196 -7.713 1.295
P136715 5.394 5.121 -7.056 0.809
P136716 5.175 5.157 -8.160 0.943
P136717 5.440 5.332 -7.603 1.456
P136718 5.199 5.349 -7.010 1.462
P136719 5.254 5.357 -7.088 1.378
P136720 5.200 5.015 -6.438 2.272
P136721 5.298 5.291 -4.878 1.810
P136722 5.311 5.298 -4.995 1.971
P136723 5.422 5.401 -5.103 2.483
P136724 5.143 5.212 -5.506 1.186
P136725 5.408 5.342 -7.460 1.318
P136726 5.326 5.138 -6.918 1.201
P136727 5.446 5.246 -7.041 0.909
P136728 5.401 5.314 -7.511 1.205
P136729 5.145 5.136 -7.598 1.128
P136730 5.353 5.228 -7.043 0.890
P136731 5.349 5.291 -7.532 1.268
P136732 5.335 5.277 -7.058 0.947
P136733 5.082 5.169 -7.997 1.154
P136734 5.437 5.353 -7.483 1.358
P136735 5.121 5.077 -6.399 1.983
P136736 4.863 5.025 -6.521 1.726
P136737 4.794 4.637 -6.418 2.310
P136738 5.311 5.000 -6.209 2.190
P136739 5.495 5.106 -5.794 2.472
P136740 5.425 5.373 -5.325 2.409
P136741 5.008 5.060 -5.941 0.934
P136742 5.220 5.117 -6.150 1.085
P136743 4.817 4.926 -6.148 1.696
P136744 4.938 5.072 -5.987 0.909
P136745 4.894 4.797 -6.685 2.678
P136746 4.846 4.997 -7.149 3.018
P136747 5.322 5.413 -7.603 1.460
P136748 5.376 5.033 -5.851 1.238
P136749 5.200 5.237 -6.859 1.351
P136750 5.039 5.002 -6.724 1.189
P136751 5.303 5.308 -5.966 0.895
P136752 5.148 5.158 -6.746 1.283
P136753 5.276 5.284 -6.382 1.418
P136754 5.116 5.040 -6.904 1.331
P136755 5.245 5.324 -7.132 1.906
P136756 4.753 5.204 -6.230 1.491
P136757 4.822 5.086 -6.550 1.379
P136758 4.692 5.087 -6.461 1.804
P136759 5.169 5.239 -6.687 1.290
P136760 5.000 5.168 -5.825 1.295
P136761 5.365 5.204 -6.251 1.730
P136762 5.290 4.944 -5.148 2.146
P136763 5.454 5.436 -5.261 2.726
P136764 5.545 5.475 -5.073 1.571
P136765 5.047 5.055 -5.745 1.177
P136766 4.969 5.174 -6.475 1.684
P136767 4.841 5.070 -6.528 1.378
P136768 4.601 4.970 -6.669 1.421
P136769 4.853 5.099 -6.486 1.742
P136770 4.758 5.153 -6.637 1.728
P136771 4.954 5.261 -6.720 1.316
P136772 4.561 4.892 -7.146 1.386
P136773 4.844 5.115 -6.537 1.608
P136774 5.425 5.132 -5.891 2.080
P136775 5.538 5.388 -5.701 1.319
P136776 5.209 5.072 -5.995 1.211
P136778 5.412 5.536 -6.127 1.544
P136779 5.491 5.540 -5.841 1.365
P136780 5.482 5.677 -5.537 0.751
P136781 5.062 5.115 -6.059 0.761
P136782 5.469 5.464 -6.206 0.664
P136783 5.460 5.441 -6.946 1.390
P136784 5.341 5.277 -6.785 0.904
P136785 5.284 5.351 -6.917 0.675
P136786 5.425 5.466 -6.947 1.712
P136787 4.817 5.114 -6.048 1.612
P136788 5.404 5.174 -6.390 0.855
P136789 5.364 5.219 -6.354 0.800
P136790 5.296 5.347 -6.414 1.157
P136791 5.106 5.225 -7.469 0.753
P136792 5.186 5.138 -7.610 1.271
P136793 5.050 5.203 -7.582 0.644
P136794 5.328 5.086 -7.368 0.469
P136795 5.289 5.409 -7.791 1.888
P136796 5.282 5.344 -8.110 0.406
P136797 5.013 4.811 -6.181 2.045
P136798 5.090 4.873 -6.449 2.266
P136799 5.028 4.749 -6.097 2.445
P136800 5.286 5.187 -7.454 0.388
P136801 5.326 5.276 -7.185 1.467
P136802 5.402 5.486 -6.871 1.540
P136803 5.398 5.467 -6.951 1.884
P136804 5.000 5.055 -6.187 0.558
P136805 5.533 5.409 -6.170 0.773
P136807 5.405 5.448 -6.666 0.820
P136808 5.147 5.355 -6.888 1.370
P136809 5.178 5.097 -6.339 0.675
P136810 5.404 5.422 -6.795 1.251
P136811 5.313 5.030 -6.101 1.887
P136812 5.121 4.807 -6.828 2.238
P136813 5.084 4.952 -5.772 2.030
P136814 5.233 4.990 -5.715 1.728
P136815 5.098 4.781 -6.088 1.780
P136816 5.301 5.308 -6.136 0.679
P136817 5.476 5.467 -6.425 0.512
P136818 5.257 5.293 -6.942 1.437
P136819 5.398 5.282 -6.079 0.821
P136820 5.446 5.328 -6.128 0.706
P136821 5.295 5.185 -5.986 0.659
P136822 5.450 5.573 -7.155 1.010
P136823 5.444 5.380 -6.419 0.644
P136824 4.997 5.246 -6.940 1.475
P136825 5.010 5.148 -5.211 1.575
P136826 5.272 5.399 -7.008 2.810
P136827 5.440 5.387 -6.281 0.744
P136828 5.223 5.375 -7.395 1.422
P136829 5.256 5.169 -7.018 2.620
P136830 5.162 5.308 -5.312 2.585
P136831 5.242 5.163 -6.831 2.614
P136832 5.370 5.299 -6.357 0.851
P136833 5.156 4.629 -6.096 2.664
P136834 5.397 5.135 -5.324 1.077
P136835 5.086 4.839 -6.132 2.322
P136836 5.160 4.873 -6.224 2.263
P136837 5.203 5.274 -6.452 1.862
P136838 5.236 4.862 -6.380 2.492
P136839 5.294 4.822 -5.628 2.052
P136840 5.458 5.134 -5.005 2.618
P136841 4.991 4.866 -6.342 2.166
P136842 5.121 4.896 -6.572 2.351
P136843 5.187 5.281 -6.497 1.336
P136844 5.158 5.157 -6.351 0.837
P136845 5.403 5.142 -6.838 2.848
P136846 5.343 4.955 -6.222 1.978
P136847 5.291 4.893 -5.528 2.072
P136848 4.963 4.666 -6.104 2.186
P136849 5.223 5.027 -7.329 1.877
P136850 5.295 5.413 -7.092 1.615
P136851 5.603 5.390 -5.634 1.295
P136852 5.695 5.510 -6.348 1.272
P136853 5.710 5.670 -6.193 0.513
P136854 5.670 5.852 -6.810 0.662
P136855 5.694 5.668 -6.210 0.537
P136856 5.514 5.336 -6.393 1.282
P136857 5.684 5.434 -6.444 1.595
P136858 5.648 5.562 -6.207 1.015
P136859 5.450 5.501 -5.995 1.657
P136860 5.602 5.704 -6.813 0.854
P136861 5.567 5.628 -6.982 1.476
P136862 5.580 5.442 -5.976 1.074
P136863 5.414 5.309 -6.416 1.950
P136864 5.733 5.671 -5.992 0.651
P136865 5.441 5.167 -6.958 1.729
P136866 5.508 5.588 -6.353 1.454
P136867 5.668 5.396 -5.536 1.338
P136868 5.706 5.575 -6.247 0.594
P136869 5.728 5.749 -6.462 0.504
P136870 5.591 5.433 -6.319 1.710
P136871 5.707 5.454 -6.340 0.820
P136872 5.490 5.291 -6.569 1.378
P136873 5.566 5.597 -7.474 1.496
P136874 5.600 5.536 -6.860 1.768
P136875 5.596 5.466 -6.440 0.968
P136876 5.247 5.180 -5.554 1.109
P136877 5.516 5.467 -6.803 0.847
P136879 5.641 5.371 -6.367 1.103
P136880 5.244 5.285 -6.297 1.613
P136881 5.351 5.264 -6.677 0.739
P136882 5.058 5.047 -6.704 0.390
P136883 5.214 5.159 -7.415 0.474
P136884 5.358 5.276 -7.448 0.455
P136885 5.630 5.408 -6.729 1.733
P136886 5.724 5.728 -6.246 0.454
P136887 5.500 5.397 -6.077 0.988
P136888 5.399 5.481 -5.926 1.405
P136889 5.710 5.564 -5.974 1.005
P136890 5.654 5.515 -5.971 0.949
P136891 5.482 5.323 -6.266 0.891
P136892 5.097 5.270 -7.918 0.622
P136893 5.228 5.145 -7.460 0.549
P136894 5.355 4.692 -5.824 2.906
P136895 5.351 5.184 -7.515 0.383
P136896 5.133 5.318 -8.154 0.829
P136897 5.046 5.186 -6.953 0.796
P136898 5.187 5.185 -7.178 1.628
P136899 5.328 5.065 -6.910 0.479
P136900 4.982 4.886 -7.482 0.623
P136901 5.555 5.371 -6.378 1.491
P136902 5.411 5.366 -6.331 0.725
P136903 5.256 5.290 -7.231 1.708
P136904 5.330 5.362 -8.030 0.347
P136905 5.062 5.184 -7.451 0.971
P136906 5.089 5.258 -7.611 1.258
P136907 5.170 5.237 -7.886 0.848
P136908 5.218 5.359 -7.556 0.578
P136909 5.141 4.955 -7.529 0.481
P136910 5.202 5.415 -7.838 0.534
P136911 5.225 5.243 -7.171 0.315
P136913 5.225 5.033 -7.349 0.556
P136914 5.074 4.811 -5.418 1.796
P136915 5.213 4.636 -5.819 2.896
P136916 5.351 5.242 -6.072 2.632
P136917 5.216 5.105 -6.482 2.528
P136918 5.188 5.062 -6.025 1.166
P136919 5.003 5.190 -6.514 0.915
P136920 4.949 5.128 -7.966 0.518
P136921 4.899 5.273 -6.990 1.593
P136922 5.178 4.950 -4.789 1.576
P136923 5.086 4.865 -5.918 1.195
P136924 5.138 5.389 -7.351 1.280
P136925 5.190 4.831 -6.475 1.344
P136926 5.276 5.254 -6.451 1.083
P136927 5.432 5.863 -6.148 1.269
P136928 5.146 5.351 -7.050 1.268
P136929 5.389 5.273 -5.884 0.709
P136930 5.213 4.944 -5.681 1.424
P136931 5.219 4.934 -5.782 1.136
P136932 5.090 5.067 -5.879 1.133
P136933 5.258 5.305 -6.187 1.069
P136934 5.255 5.329 -7.308 1.217
P136935 5.270 5.423 -6.593 1.888
P136936 4.995 5.337 -7.066 1.200
P136937 5.262 4.846 -6.353 2.681
P136938 5.297 5.458 -7.613 1.300
P136939 5.348 5.382 -6.215 0.659
P136940 5.274 4.987 -6.837 1.501
P136941 5.163 5.184 -5.763 1.540
P136942 5.314 5.441 -6.223 0.931
P136943 5.137 5.116 -6.080 1.313
P136944 5.238 5.472 -5.862 0.667
P136945 5.479 5.109 -6.415 2.391
P136946 5.358 4.983 -5.346 2.780
P136947 5.283 5.249 -5.543 1.745
P136948 5.285 5.138 -5.908 2.952
P136949 5.109 5.068 -4.685 1.647
P136950 5.448 5.148 -6.584 2.455
P136951 5.164 4.934 -6.008 2.835
P136952 5.211 4.977 -6.250 3.157
P136953 5.345 4.684 -5.816 2.918
P136954 5.114 4.614 -5.541 2.860
P136955 5.252 4.778 -5.915 3.484
P136956 5.061 4.649 -6.282 3.220
P136957 5.166 5.055 -5.973 3.154
P136958 5.344 4.817 -5.390 2.801
P136959 5.355 5.162 -6.387 3.081
P136960 5.282 5.096 -5.727 3.116
P136961 5.353 5.025 -6.638 2.386
P136962 5.185 4.634 -5.868 2.980
P136963 5.276 5.078 -6.247 3.119
P136964 4.980 5.065 -6.365 1.627
P136965 5.181 4.747 -5.343 2.516
P136966 5.046 5.077 -6.200 2.713
P136968 5.294 5.107 -5.130 1.546
P136969 5.255 5.086 -6.153 2.265
P136970 5.147 4.920 -6.195 2.703
P136971 5.305 4.718 -5.390 2.676
P136972 5.143 4.890 -6.006 2.776
P136973 5.130 4.950 -5.119 2.552
P136974 5.167 5.195 -6.198 2.156
P136975 5.184 4.780 -6.352 3.189
P136976 5.261 5.082 -5.953 2.786
P136977 5.129 5.232 -6.357 2.708
P136978 5.464 5.182 -6.347 2.639
P136979 5.214 4.980 -6.808 3.664
P136980 5.162 4.757 -4.941 2.601
P136981 5.277 5.369 -6.903 1.264
P136982 5.207 5.308 -7.323 1.040
P136983 5.135 4.953 -5.288 1.634
P136984 5.229 5.222 -5.041 1.994
P136985 5.219 5.134 -5.392 1.448
P136986 5.424 5.216 -5.094 1.527
P136987 5.237 5.223 -5.379 1.354
P136988 5.133 5.134 -5.281 1.596
P136989 5.197 5.075 -7.259 1.002
P136990 5.271 5.077 -6.893 3.058
P136991 4.990 5.230 -7.810 0.528
P136992 5.352 5.232 -7.524 0.411
P136993 5.081 5.007 -7.208 1.152
P136994 5.021 5.082 -7.297 0.561
P136995 5.050 4.999 -7.584 0.392
P136996 5.304 5.293 -7.572 0.408
P136997 5.117 5.169 -7.407 0.398
P136998 5.126 5.116 -7.311 0.554
P136999 5.391 5.123 -5.007 1.800
P137000 5.418 5.161 -6.528 3.051
P137001 5.227 5.354 -6.344 1.576
P137002 5.168 5.148 -6.500 0.588
P137003 5.413 5.336 -6.592 0.479
P137004 5.405 5.366 -5.991 0.692
P137005 5.332 5.248 -6.189 0.794
P137006 5.410 5.349 -6.279 0.619
P137007 5.166 5.239 -6.723 1.657
P137008 5.157 4.959 -4.967 1.695
P137009 5.475 5.343 -5.564 1.888
P137011 5.316 5.219 -4.943 1.415
P137012 5.304 5.227 -5.955 2.195
P137013 5.306 5.198 -5.308 2.086
P137014 5.376 5.079 -4.858 1.728
P137015 5.199 5.245 -5.672 2.670
P137016 5.189 5.192 -5.290 1.476
P137017 5.221 4.967 -4.972 1.613
P137018 5.441 5.073 -5.072 1.982
P137019 5.276 5.287 -7.635 0.589
P137020 5.135 5.131 -7.938 0.563
P137021 5.114 5.071 -7.370 0.438
P137022 5.290 5.503 -7.652 0.595
P137023 5.358 5.244 -5.082 1.456
P137024 5.300 5.086 -5.013 1.592
P137025 5.143 5.031 -4.966 1.463
P137026 5.005 4.983 -5.975 0.704
P137027 5.215 4.973 -6.015 1.172
P137029 5.238 5.365 -6.982 1.470
P137030 5.250 5.405 -7.069 1.192
P137031 5.024 4.490 -5.128 2.626
P137032 5.331 5.462 -7.142 1.274
P137033 5.272 5.358 -7.559 1.499
P137034 5.337 5.426 -7.426 1.707
P137035 5.243 4.938 -5.393 1.049
P137036 5.026 5.037 -4.466 1.393
P137037 5.386 5.580 -6.595 0.876
P137038 5.272 5.545 -7.310 1.224
P137039 5.315 5.424 -7.512 1.051
P137040 5.311 5.175 -6.463 2.543
P137041 5.300 5.462 -7.141 1.402
P137042 5.090 5.092 -5.938 2.156
P137043 5.247 5.001 -7.239 0.531
P137044 5.176 5.094 -6.991 0.557
P137045 5.490 5.297 -6.124 2.232
P137046 5.166 4.843 -4.774 2.153
P137047 5.347 5.109 -5.246 1.717
P137048 5.304 5.289 -5.512 1.664
P137049 5.345 5.059 -5.129 1.762
P137050 5.414 5.315 -5.928 2.858
P137051 5.504 5.198 -6.441 2.564
P137052 5.110 5.039 -5.190 1.494
P137053 5.224 4.975 -4.632 1.722
P137054 5.333 5.098 -6.514 3.087
P137055 5.306 5.259 -5.403 2.241
P137056 5.551 5.100 -6.676 2.682
P137057 5.399 5.362 -5.430 1.379
P137058 5.325 5.138 -5.965 2.833
P137059 5.191 5.105 -5.020 1.415
P137060 5.463 5.385 -5.558 2.307
P137061 5.666 5.409 -6.327 0.863
P137062 5.343 5.323 -7.833 0.421
P137063 5.570 5.637 -7.222 1.098
P137064 5.492 5.632 -7.391 0.487
P137065 5.514 5.496 -7.103 0.393
P137066 5.535 5.584 -6.648 1.167
P137067 5.540 5.611 -7.279 1.794
P137068 5.431 5.340 -6.891 1.442
P137069 5.654 5.669 -7.013 0.353
P137070 5.534 5.550 -6.469 0.510
P137071 5.647 5.474 -6.602 0.433
P137072 5.609 5.551 -6.823 0.847
P137073 5.647 5.405 -6.369 0.845
P137074 5.617 5.420 -6.622 1.659
P137075 5.641 5.492 -6.878 0.745
P137076 5.429 5.343 -6.578 0.831
P137077 5.711 5.435 -6.821 0.857
P137078 5.551 5.391 -6.360 1.545
P137079 5.230 5.245 -5.921 0.903
P137080 5.518 5.289 -6.735 1.121
P137082 5.599 5.543 -6.990 0.858
P137083 5.681 5.484 -6.685 0.549
P137084 5.294 5.413 -7.372 0.439
P137085 5.159 5.148 -5.564 0.623
P137086 5.142 4.861 -5.269 2.425
P137087 5.046 4.650 -5.877 2.548
P137088 5.347 5.354 -5.762 0.983
P137089 5.274 5.242 -6.655 1.582
P137090 5.466 5.256 -6.096 2.537
P137091 5.350 5.314 -5.869 0.839
P137092 5.412 5.348 -5.942 0.878
P137093 5.093 4.947 -4.754 2.877
P137094 5.444 5.195 -4.632 2.382
P137095 5.394 5.331 -5.756 0.780
P137096 5.225 4.724 -5.738 2.859
P137097 5.144 4.751 -5.663 2.596
P137098 4.970 4.856 -6.034 2.179
P137099 5.680 5.459 -6.338 0.815
P137100 5.562 5.454 -7.365 1.465
P137101 5.484 5.611 -7.361 1.840
P137102 5.523 5.521 -7.646 1.693
P137103 5.675 5.432 -6.783 0.420
P137104 5.680 5.626 -7.154 0.478
P137105 5.564 5.478 -6.708 0.477
P137106 5.466 5.601 -6.731 0.447
P137107 5.494 5.429 -6.166 0.924
P137108 5.337 5.166 -7.480 1.880
P137109 5.621 5.443 -6.377 0.674
P137110 5.617 5.494 -6.610 0.815
P137111 5.642 5.465 -6.645 0.513
P137112 5.581 5.595 -6.802 0.388
P137113 5.426 5.319 -7.069 2.014
P137114 4.889 5.171 -6.496 0.770
P137115 4.653 5.040 -6.367 2.730
P137117 5.048 5.098 -6.223 0.552
P137118 5.705 5.453 -6.273 0.482
P137119 5.293 5.044 -4.740 2.718
P137120 5.422 5.407 -7.338 1.482
P137121 5.494 5.526 -7.140 0.822
P137122 5.485 5.352 -6.163 0.799
P137123 5.587 5.595 -7.376 1.512
P137124 5.192 5.497 -7.439 2.186
P137125 5.486 5.529 -7.297 0.648
P137126 5.486 5.539 -7.791 0.537
P137127 5.500 5.514 -6.980 0.360
P137128 5.577 5.620 -6.872 0.580
P137129 5.206 5.487 -6.694 1.081
P137130 5.529 5.527 -6.618 0.478
P137131 5.677 5.649 -6.992 0.410
P137132 5.357 5.381 -6.701 1.213
P137133 5.580 5.573 -7.473 1.552
P137134 5.606 5.384 -6.502 0.769
P137135 5.606 5.679 -7.464 0.588
P137136 5.578 5.720 -7.402 0.510
P137137 5.670 5.440 -6.751 0.435
P137138 5.148 4.847 -6.200 2.751
P137139 5.295 5.166 -6.240 1.666
P137140 5.140 4.674 -6.165 2.751
P137141 5.491 5.960 -6.404 1.278
P137142 5.635 5.734 -5.383 0.774
P137143 5.331 5.569 -6.791 2.279
P137144 5.556 5.703 -5.246 0.693
P137145 5.321 5.546 -6.280 1.906
P137146 5.613 5.582 -6.007 1.757
P137147 5.419 5.546 -6.686 1.997
P137148 5.740 5.806 -5.510 0.712
P137149 5.489 5.518 -5.971 1.769
P137150 5.503 5.756 -5.361 0.702
P137151 5.555 5.493 -6.119 1.759
P137152 5.247 5.182 -5.180 2.149
P137153 5.245 5.623 -5.667 2.527
P137154 5.255 5.440 -5.332 0.837
P137155 5.677 5.627 -5.635 1.055
P137156 5.352 5.353 -5.635 2.227
P137157 5.541 5.769 -5.350 0.710
P137158 5.440 5.635 -5.206 0.730
P137159 5.366 5.550 -6.496 2.098
P137160 5.548 5.391 -5.964 1.870
P137161 5.474 5.617 -5.224 0.739
P137162 5.464 5.639 -6.446 1.993
P137163 5.449 5.594 -6.766 1.987
P137164 5.457 5.608 -6.898 2.194
P137165 5.346 5.538 -6.348 1.847
P137166 5.537 5.764 -5.370 0.658
P137167 5.440 5.413 -5.718 1.789
P137168 5.691 5.565 -5.948 1.788
P137169 5.487 5.769 -6.446 2.071
P137170 5.513 5.470 -6.434 1.674
P137171 5.312 5.408 -6.342 2.029
P137172 5.034 5.610 -5.153 1.040
P137173 5.530 5.744 -5.775 0.832
P137174 5.396 5.520 -6.872 2.009
P137175 5.393 5.585 -6.575 1.994
P137176 5.455 5.431 -6.330 1.704
P137177 5.701 5.898 -5.663 0.866
P137178 5.345 5.726 -6.083 1.236
P137179 5.421 5.603 -6.635 2.044
P137180 5.025 5.384 -6.440 0.811
P137181 5.570 5.539 -7.168 1.571
P137182 5.498 5.406 -7.198 1.510
P137183 5.440 5.394 -6.728 2.052
P137184 5.072 4.598 -5.974 3.397
P137185 5.369 5.303 -5.981 0.862
P137186 5.185 4.830 -6.220 2.651
P137187 5.086 4.973 -6.532 2.441
P137188 5.067 5.063 -5.871 0.996
P137189 5.128 4.972 -5.965 2.607
P137190 5.459 5.457 -6.747 1.367
P137191 5.094 5.183 -6.369 0.902
P137192 4.994 4.830 -6.771 2.411
P137193 5.276 5.265 -5.872 1.101
P137194 5.206 5.246 -4.629 2.444
P137195 5.116 4.952 -5.650 2.419
P137196 5.144 4.681 -5.508 2.893
P137197 5.222 4.881 -6.181 2.647
P137198 4.985 4.722 -6.028 2.825
P137199 5.665 5.342 -6.510 1.322
P137200 5.298 5.229 -4.882 1.924
P137201 5.137 4.816 -5.171 2.704
P137203 5.095 4.886 -5.960 2.968
P137204 5.246 5.212 -6.007 0.801
P137205 5.121 5.003 -6.013 2.514
P137206 5.217 5.100 -6.266 1.691
P137207 4.923 5.238 -6.454 1.060
P137208 5.141 5.188 -6.115 1.640
P137209 5.232 4.885 -6.247 2.615
P137210 5.549 5.409 -7.061 1.011
P137211 5.634 5.444 -6.244 0.820
P137212 5.551 5.287 -6.500 0.678
P137213 5.176 5.148 -6.477 1.221
P137214 5.375 5.426 -6.724 2.104
P137215 5.324 5.306 -5.997 1.086
P137216 5.573 5.390 -6.573 1.651
P137217 5.530 5.457 -6.327 0.810
P137218 5.204 4.979 -5.113 2.151
P137219 5.149 4.628 -5.366 2.973
P137220 5.067 5.081 -6.335 1.919
P137221 5.145 5.150 -4.629 0.804
P137222 5.132 4.529 -5.248 2.702
P137223 5.061 5.079 -4.709 0.880
P137224 4.930 5.131 -6.120 1.481
P137225 4.997 4.956 -5.682 3.417
P137226 5.744 5.664 -6.118 0.613
P137228 5.631 5.695 -7.053 1.342
P137229 5.583 5.755 -6.676 0.767
P137230 5.528 5.561 -6.357 0.530
P137231 5.657 5.748 -6.785 2.308
P137232 5.537 5.680 -6.753 1.136
P137233 5.581 5.685 -6.615 1.278
P137234 5.581 5.420 -6.088 0.844
P137235 5.765 5.741 -6.593 0.611
P137236 5.612 5.472 -6.034 1.330
P137237 5.692 5.592 -6.015 0.880
P137238 5.677 5.696 -6.179 1.470
P137239 5.399 5.595 -6.285 1.845
P137240 5.046 5.258 -6.425 0.630
P137241 4.753 4.998 -4.794 0.952
P137242 5.196 4.936 -6.479 2.750
P137243 4.935 4.881 -6.457 2.067
P137244 5.219 5.323 -6.092 0.452
P137245 4.962 5.314 -4.349 0.915
P137246 4.951 4.985 -4.923 0.677
P137247 5.012 4.455 -5.550 2.807
P137248 5.057 5.327 -6.081 0.887
P137249 5.083 5.244 -6.800 1.816
P137250 5.296 4.940 -6.712 2.754
P137251 5.067 5.228 -6.753 0.863
P137252 5.108 5.139 -6.213 3.209
P137253 5.046 5.147 -6.543 1.456
P137254 5.002 5.116 -5.978 3.348
P137255 5.517 5.455 -5.881 0.857
P137256 4.915 4.878 -6.601 2.320
P137257 5.098 5.487 -6.584 0.813
P137258 5.154 5.327 -6.338 0.555
P137259 5.097 5.186 -6.262 1.872
P137260 4.854 5.261 -6.266 0.812
P137261 5.200 5.270 -6.006 0.569
P137262 4.964 4.940 -6.048 1.855
P137263 4.954 5.020 -5.636 0.622
P137264 5.030 4.984 -6.304 1.108
P137265 4.718 5.174 -6.413 2.228
P137266 5.634 5.609 -6.456 1.679
P137267 5.382 5.496 -6.479 0.496
P137268 5.637 5.573 -6.910 1.433
P137269 5.388 5.395 -6.419 1.807
P137270 5.170 5.102 -5.896 0.827
P137271 5.431 5.184 -6.851 2.365
P137273 5.160 5.014 -6.300 2.508
P137274 5.123 5.440 -6.483 0.830
P137275 5.237 5.396 -6.766 1.234
P137276 5.168 4.752 -5.594 2.255
P137277 5.064 5.015 -6.563 1.798
P137278 5.084 4.692 -6.255 2.485
P137279 5.228 4.811 -5.853 2.213
P137280 5.169 5.261 -6.086 1.755
P137281 5.343 5.048 -5.972 1.067
P137282 5.308 5.277 -6.741 1.781
P137283 5.144 4.924 -6.514 1.834
P137284 4.897 4.938 -5.069 2.122
P137285 5.199 5.297 -4.811 1.174
P137286 5.083 5.187 -6.505 0.610
P137287 5.042 4.781 -6.080 2.387
P137288 5.004 5.248 -6.123 0.833
P137289 5.235 5.395 -6.328 0.542
P137290 5.222 5.348 -7.322 1.642
P137291 5.511 5.383 -4.804 0.364
P137292 4.929 5.294 -7.479 1.786
P137293 5.399 5.474 -6.604 1.707
P137294 5.024 5.301 -5.696 1.132
P137295 5.483 5.335 -6.246 1.525
P137296 5.274 5.401 -6.666 1.477
P137297 5.177 5.068 -5.544 1.554
P137298 5.053 5.324 -7.090 1.440
P137299 5.451 5.468 -6.446 1.222
P137300 4.881 5.309 -6.780 1.951
P137301 5.408 5.188 -5.715 1.268
P137302 5.525 5.409 -6.195 1.570
P137303 4.871 5.397 -7.032 1.688
P137304 5.220 5.453 -6.839 1.211
P137305 4.841 5.405 -6.936 1.395
P137306 4.824 5.201 -6.231 1.064
P137307 5.291 5.519 -7.202 1.203
P137308 4.758 5.398 -7.165 1.553
P137309 5.110 5.274 -3.273 0.827
P137310 5.317 5.460 -6.997 1.374
P137311 4.932 5.096 -5.655 1.450
P137312 5.075 5.142 -7.678 2.974
P137313 4.665 4.854 -6.232 1.333
P137314 5.042 5.195 -5.869 1.213
P137315 5.059 5.116 -7.079 2.671
P137316 4.996 4.876 -7.420 2.861
P137317 5.126 5.192 -6.138 1.255
P137318 4.839 5.008 -6.429 1.307
P137319 4.904 5.104 -7.276 2.997
P137320 4.852 4.917 -6.179 1.341
P137321 5.312 5.075 -7.395 2.976
P137322 5.163 5.043 -7.470 3.095
P137323 4.979 5.156 -5.742 1.250
P137324 4.671 5.101 -6.553 2.425
P137325 4.792 4.951 -5.742 1.645
P137326 4.910 4.991 -6.153 1.301
P137327 4.959 4.982 -7.121 3.395
P137328 4.928 4.961 -7.432 3.216
P137329 4.861 4.877 -7.745 2.998
P137330 5.240 5.290 -7.643 2.690
P137331 4.958 5.139 -6.897 1.866
P137332 5.101 5.096 -7.759 3.025
P137333 4.918 4.937 -6.106 1.245
P137334 4.874 4.984 -5.849 1.486
P137335 5.483 5.417 -6.631 1.620
P137336 5.324 5.312 -6.240 1.847
P137337 5.228 5.393 -7.207 1.433
P137338 5.233 5.437 -7.273 1.520
P137339 5.422 5.322 -6.560 1.759
P137340 5.296 5.284 -6.159 1.641
P137341 4.817 4.927 -6.893 3.225
P137342 5.021 4.955 -7.487 3.197
P137343 4.917 4.957 -7.319 3.252
P137344 4.988 5.070 -6.433 1.539
P137345 4.822 5.051 -6.633 2.369
P137346 5.045 4.810 -6.702 2.852
P137347 4.805 5.390 -6.413 1.283
P137348 4.620 5.391 -7.104 1.641
P137349 4.671 4.940 -6.252 1.436
P137350 4.896 5.301 -6.764 1.264
P137351 4.926 5.325 -6.694 1.333
P137352 4.758 5.361 -6.551 1.017
P137353 4.631 5.190 -6.986 1.326
P137354 4.994 5.154 -6.823 1.281
P137355 5.380 5.229 -7.202 1.098
P137356 5.407 5.364 -6.815 1.389
P137357 5.222 5.074 -7.070 1.199
P137358 5.487 5.400 -7.462 1.255
P137359 4.880 5.230 -6.841 2.223
P137360 5.039 4.803 -6.419 2.238
P137361 5.149 4.746 -5.464 1.646
P137362 5.225 4.904 -5.307 1.817
P137363 4.933 4.323 -6.307 2.409
P137364 5.262 5.034 -5.287 1.056
P137365 5.330 4.561 -5.716 2.495
P137366 5.652 5.417 -7.276 0.784
P137367 5.237 4.731 -6.126 2.715
P137368 5.506 5.408 -6.325 1.345
P137369 5.105 5.007 -5.596 0.859
P137370 5.291 5.116 -6.902 0.923
P137371 4.580 4.540 -5.541 2.206
P137372 5.299 5.008 -6.520 0.922
P137373 5.342 4.992 -5.216 3.215
P137374 5.006 4.836 -6.202 0.892
P137375 4.982 5.123 -7.300 2.388
P137376 5.082 4.809 -6.877 2.361
P137377 5.042 4.761 -5.843 1.654
P137378 5.171 5.022 -6.111 1.713
P137379 5.073 5.045 -5.042 1.049
P137380 5.212 4.986 -5.598 1.053
P137381 5.138 4.465 -5.412 2.594
P137382 5.259 5.089 -4.790 2.071
P137383 5.183 4.927 -6.219 2.878
P137384 5.180 4.477 -6.390 3.042
P137385 4.992 4.851 -6.119 2.609
P137386 5.237 4.717 -6.676 2.592
P137387 5.097 4.452 -6.040 2.824
P137388 5.358 4.946 -5.472 2.970
P137389 5.014 5.094 -5.999 2.906
P137390 5.459 5.229 -6.028 2.668
P137391 5.153 5.241 -6.463 1.277
P137392 4.836 5.289 -7.281 2.537
P137393 4.672 5.157 -7.017 1.310
P137394 5.100 4.746 -5.504 3.560
P137395 5.226 4.656 -5.897 2.734
P137396 5.218 4.666 -5.720 2.518
P137397 5.297 4.798 -5.880 3.795
P137398 5.175 4.859 -5.663 2.925
P137399 5.036 4.670 -5.220 1.643
P137400 4.719 5.131 -6.589 1.439
P137401 4.826 5.239 -6.551 1.053
P137402 4.798 5.318 -6.609 1.249
P137403 4.888 5.201 -6.766 1.384
P137404 4.804 5.013 -6.330 1.779
P137405 4.784 5.198 -6.477 1.673
P137406 4.891 5.223 -6.470 1.349
P137407 4.792 5.204 -6.756 1.402
P137408 5.514 5.348 -7.742 1.328
P137409 5.611 5.231 -7.231 0.761
P137410 5.264 5.142 -7.165 0.849
P137411 5.361 5.247 -7.261 0.854
P137412 5.366 5.327 -7.721 1.316
P137413 5.374 5.502 -7.681 1.492
P137414 5.486 5.352 -7.553 0.850
P137415 5.285 5.415 -7.523 1.841
P137416 5.506 5.201 -6.958 0.803
P137417 5.582 5.173 -6.905 0.813
P137418 5.327 5.294 -7.501 1.787
P137419 5.490 5.364 -7.189 0.697
P137420 5.320 5.271 -7.744 1.156
P137421 5.597 5.301 -7.273 0.765
P137422 5.310 5.076 -7.135 0.789
P137423 5.422 5.466 -7.604 0.969
P137424 5.271 5.233 -7.495 1.520
P137425 5.670 5.574 -6.529 3.180
P137426 5.639 5.547 -6.538 2.556
P137427 5.588 5.468 -5.520 2.117
P137428 5.639 5.631 -5.945 2.594
P137429 5.731 5.610 -6.500 2.566
P137430 5.792 5.695 -6.545 2.770
P137431 5.631 5.527 -6.564 2.992
P137432 5.796 5.701 -6.161 1.823
P137433 5.615 5.599 -5.937 1.510
P137434 5.768 5.696 -6.315 1.383
P137435 5.534 5.358 -6.136 2.643
P137436 5.682 5.208 -6.635 2.293
P137437 5.508 5.390 -5.641 1.882
P137438 5.612 5.564 -6.076 1.819
P137439 5.623 5.469 -6.310 1.612
P137440 5.825 5.827 -6.959 2.634
P137441 5.762 5.667 -6.643 2.414
P137442 5.377 5.432 -7.696 1.500
P137443 5.826 5.418 -5.365 1.582
P137444 5.336 5.327 -7.485 1.597
P137445 5.392 5.158 -7.009 0.836
P137446 5.539 5.341 -7.157 1.076
P137447 5.272 5.104 -6.857 0.922
P137448 5.425 5.441 -7.168 1.301
P137449 5.356 5.322 -7.297 1.252
P137450 5.439 5.327 -7.216 1.066
P137451 5.492 5.298 -7.205 1.594
P137452 5.444 5.268 -7.228 1.093
P137453 5.453 5.322 -7.102 0.920
P137454 5.433 5.206 -6.880 1.191
P137455 5.528 5.484 -7.301 1.329
P137456 5.342 5.120 -7.344 1.734
P137457 5.500 5.315 -7.270 1.964
P137458 5.416 5.533 -7.090 0.781
P137459 5.512 5.323 -7.467 0.804
P137460 5.429 5.282 -7.173 0.868
P137461 5.507 5.263 -6.939 0.830
P137462 5.458 5.244 -6.960 0.831
P137463 5.450 5.476 -7.433 1.605
P137464 5.477 5.253 -6.872 0.869
P137465 5.423 5.231 -7.464 1.509
P137466 5.328 5.373 -7.200 1.319
P137467 5.318 5.360 -7.620 1.355
P137468 5.422 5.198 -7.269 1.661
P137469 5.586 5.188 -6.927 1.210
P137470 5.319 5.258 -7.395 1.705
P137471 5.323 5.289 -7.502 1.403
P137472 5.581 5.363 -5.709 1.668
P137473 5.737 4.987 -5.413 1.963
P137474 5.548 5.460 -4.668 0.355
P137475 5.412 5.468 -7.155 1.317
P137476 5.297 5.258 -6.269 1.252
P137477 5.265 5.213 -6.878 1.229
P137478 5.319 5.269 -6.200 1.630
P137479 5.260 5.263 -6.205 1.472
P137480 5.290 5.297 -7.017 2.360
P137481 5.245 5.156 -5.901 1.219
P137482 5.262 5.248 -6.585 1.390
P137483 5.243 5.249 -6.476 1.191
P137484 5.377 5.360 -6.532 1.320
P137485 5.273 5.172 -6.384 1.300
P137486 5.284 5.252 -5.901 1.565
P137487 5.317 5.425 -6.416 1.286
P137488 4.741 5.284 -6.513 1.358
P137489 5.145 5.189 -6.700 1.331
P137490 5.176 5.235 -6.245 1.815
P137491 5.777 5.712 -7.017 3.020
P137492 5.573 4.870 -5.884 2.825
P137493 5.832 5.760 -5.532 1.842
P137494 5.786 5.726 -6.497 2.659
P137495 5.097 5.158 -6.706 1.348
P137496 5.202 5.344 -6.411 1.384
P137497 5.362 5.275 -6.423 1.314
P137498 5.530 5.330 -6.245 1.201
P137499 5.006 4.982 -6.187 1.543
P137500 5.213 5.136 -6.183 1.276
P137501 5.367 5.268 -6.860 1.418
P137502 5.336 5.321 -6.621 1.290
P137503 5.152 5.218 -6.493 1.327
P137504 5.076 5.275 -6.140 1.258
P137505 5.450 5.393 -6.295 1.195
P137506 4.809 5.167 -6.429 1.114
P137507 5.259 4.915 -5.484 1.659
P137508 5.185 5.038 -5.099 1.837
P137509 5.296 5.167 -5.377 0.635
P137510 5.156 5.226 -4.968 0.954
P137511 5.350 5.282 -5.380 1.407
P137512 5.253 5.201 -5.519 0.635
P137513 5.480 5.021 -7.170 2.779
P137514 5.381 5.368 -5.705 0.523
P137515 5.262 4.963 -6.965 3.035
P137516 5.365 5.122 -6.580 2.299
P137517 5.203 4.961 -6.750 2.513
P137518 5.393 4.983 -6.888 2.785
P137519 5.327 4.934 -6.638 2.973
P137520 5.327 5.213 -5.353 0.734
P137521 5.190 5.111 -5.344 0.796
P137522 5.338 5.246 -5.256 0.599
P137523 5.691 5.532 -7.276 0.782
P137524 5.697 5.294 -6.602 0.656
P137525 5.486 5.276 -7.323 1.404
P137526 5.633 5.291 -7.495 1.379
P137527 5.537 5.185 -7.047 1.418
P137528 5.686 5.593 -6.666 0.322
P137529 5.117 4.700 -6.305 2.265
P137530 5.313 5.266 -5.644 0.681
P137531 5.588 5.071 -5.409 1.572
P137532 5.552 5.507 -5.350 0.503
P137533 5.443 5.208 -7.123 2.746
P137534 5.643 5.355 -5.952 1.471
P137535 5.343 5.540 -5.517 1.233
P137536 5.511 5.357 -6.380 1.823
P137537 5.619 5.579 -5.449 0.420
P137538 5.656 5.552 -6.994 2.031
P137539 5.476 5.003 -5.897 2.349
P137540 5.546 5.453 -5.124 0.566
P137541 5.341 5.007 -5.934 3.686
P137542 5.494 5.649 -5.959 0.849
P137543 5.438 5.058 -5.204 2.211
P137544 5.673 5.347 -5.882 1.437
P137545 5.533 5.210 -6.180 3.628
P137546 5.485 5.127 -6.759 3.794
P137547 5.375 4.950 -6.019 1.997
P137548 5.430 5.215 -6.790 3.423
P137549 5.406 5.035 -6.172 1.426
P137550 5.617 5.571 -4.992 0.586
P137551 5.668 5.251 -6.076 1.622
P137552 5.370 5.615 -5.227 0.794
P137553 5.570 5.585 -5.857 0.647
P137554 5.524 5.336 -6.536 1.960
P137555 5.481 5.289 -5.031 1.658
P137556 5.447 5.258 -5.572 0.644
P137557 5.491 5.458 -5.118 0.486
P137558 5.332 5.135 -5.286 0.885
P137559 5.319 5.151 -6.691 2.942
P137560 5.272 4.835 -5.724 2.350
P137561 5.055 5.355 -5.503 0.627
P137562 5.445 5.243 -5.552 0.755
P137563 5.224 5.123 -5.141 0.607
P137564 5.166 5.161 -5.334 0.579
P137565 5.191 4.708 -6.672 2.549
P137566 5.363 5.235 -5.380 0.674
P137567 5.208 5.159 -5.485 0.608
P137568 5.184 4.953 -5.244 2.414
P137569 5.247 5.141 -5.420 0.559
P137570 5.313 5.489 -5.403 0.910
P137571 5.098 5.072 -5.573 0.553
P137572 5.341 5.171 -5.370 0.907
P137573 5.277 5.320 -5.845 0.539
P137575 5.263 5.145 -5.485 0.638
P137576 5.389 4.825 -5.656 2.298
P137577 5.345 4.923 -6.800 2.760
P137578 5.196 5.266 -6.706 1.950
P137579 5.339 5.378 -5.846 0.528
P137580 5.253 5.283 -5.703 0.539
P137581 5.394 5.222 -5.317 0.754
P137582 5.296 5.183 -5.282 0.595
P137583 5.334 5.389 -5.550 0.735
P137584 5.360 5.413 -5.823 0.708
P137585 5.634 5.049 -6.599 0.953
P137586 5.625 5.524 -6.525 0.428
P137587 5.275 4.819 -6.624 2.646
P137588 5.550 5.532 -4.826 1.841
P137589 5.564 5.275 -4.972 1.976
P137590 4.916 5.053 -5.419 1.214
P137591 5.018 4.797 -6.728 2.286
P137592 5.319 5.224 -6.211 0.908
P137593 4.993 5.226 -6.502 1.808
P137594 5.062 5.001 -6.139 1.416
P137595 4.928 4.763 -7.200 3.098
P137596 5.208 5.086 -6.143 1.208
P137597 5.062 5.012 -7.226 2.731
P137598 5.160 5.228 -5.634 1.162
P137599 4.937 5.245 -6.349 2.823
P137600 5.141 4.780 -6.005 2.417
P137601 5.511 5.159 -7.276 1.511
P137602 5.541 5.188 -7.512 2.055
P137603 5.605 5.330 -7.191 1.509
P137604 5.632 5.627 -6.881 0.616
P137605 5.562 4.898 -6.245 1.246
P137606 5.649 5.728 -7.158 0.565
P137607 5.170 5.040 -6.222 1.149
P137608 5.593 5.203 -7.249 1.369
P137610 5.399 5.209 -7.033 0.672
P137611 4.880 4.758 -6.245 2.336
P137612 5.038 5.098 -5.616 0.894
P137613 5.653 5.059 -6.125 1.247
P137614 5.744 5.674 -7.127 0.332
P137615 5.114 4.918 -6.470 2.683
P137616 5.102 5.035 -6.556 2.205
P137617 5.095 5.072 -6.059 1.792
P137618 5.079 4.751 -5.998 2.406
P137619 4.872 4.986 -5.498 1.008
P137620 5.170 5.086 -5.784 1.238
P137621 4.906 4.906 -6.113 1.535
P137622 4.819 5.127 -5.757 1.261
P137623 4.940 5.067 -5.802 1.129
P137624 5.113 5.185 -6.030 0.862
P137625 4.918 5.064 -5.681 1.057
P137626 5.039 4.936 -6.884 2.461
P137627 4.919 4.621 -6.037 2.467
P137628 5.038 4.879 -6.728 2.569
P137629 4.946 5.048 -6.768 1.392
P137630 5.236 5.117 -5.730 1.090
P137632 5.041 4.977 -5.643 1.724
P137633 4.998 5.096 -5.565 1.082
P137634 5.010 4.974 -6.787 2.720
P137635 5.098 5.163 -6.046 0.851
P137636 5.026 5.113 -5.532 0.881
P137637 5.047 4.876 -7.134 2.845
P137638 4.938 4.972 -5.564 1.003
P137639 5.159 4.893 -6.583 2.817
P137640 4.938 5.129 -5.441 1.052
P137641 5.094 4.808 -6.426 2.799
P137642 5.019 5.099 -5.321 1.082
P137643 5.539 5.081 -6.281 0.917
P137644 5.693 5.520 -7.634 1.630
P137645 5.396 4.860 -6.636 2.399
P137646 5.554 4.936 -5.673 2.571
P137647 5.097 5.208 -6.091 1.306
P137648 5.474 4.978 -5.528 2.541
P137649 5.260 4.860 -6.222 2.586
P137650 5.342 5.124 -4.766 2.089
P137651 5.586 5.561 -4.924 1.796
P137652 5.529 5.012 -5.805 2.526
P137653 5.446 4.885 -5.303 2.395
P137654 5.357 4.941 -6.772 3.068
P137655 5.412 4.996 -5.348 2.391
P137656 5.533 5.368 -5.761 2.119
P137657 5.487 5.354 -5.039 1.885
P137658 5.521 5.586 -6.918 0.480
P137659 5.781 5.432 -6.946 0.621
P137660 5.289 5.286 -4.634 1.904
P137661 5.396 4.927 -6.611 2.717
P137662 5.598 5.424 -5.572 0.932
P137664 5.413 5.400 -4.794 1.269
P137665 5.670 5.475 -5.270 1.734
P137666 5.617 5.554 -7.177 0.522
P137667 5.612 5.466 -6.972 0.797
P137668 5.718 5.713 -6.933 0.542
P137669 5.526 5.520 -7.081 0.797
P137670 5.671 5.268 -6.760 0.781
P137671 5.576 5.414 -6.553 0.358
P137672 5.595 5.403 -6.303 1.502
P137673 5.624 5.363 -4.309 2.537
P137674 5.375 4.999 -5.759 2.209
P137675 5.623 5.493 -5.269 2.356
P137676 5.300 5.206 -4.682 1.770
P137677 5.451 4.893 -5.969 2.694
P137678 5.327 4.831 -5.073 2.589
P137679 5.452 4.843 -6.048 3.284
P137680 5.424 4.928 -5.878 2.177
P137681 5.496 5.035 -5.570 2.747
P137682 5.576 5.217 -5.370 2.528
P137683 5.381 4.920 -5.926 2.332
P137684 5.682 5.476 -5.202 2.049
P137685 5.511 5.407 -4.556 1.714
P137686 5.431 5.432 -5.024 2.206
P137687 5.425 5.295 -5.882 1.007
P137688 5.481 4.898 -5.806 2.596
P137689 5.633 5.430 -5.531 1.919
P137690 5.324 5.352 -6.307 0.949
P137691 5.196 5.224 -5.570 1.227
P137692 5.446 4.901 -5.869 2.459
P137693 5.529 5.439 -5.032 0.593
P137694 5.471 5.528 -6.522 1.744
P137695 5.671 5.676 -6.789 1.957
P137696 5.611 5.707 -6.493 1.648
P137697 5.618 5.277 -5.903 1.819
P137698 5.508 5.185 -6.030 1.745
P137699 5.836 5.678 -5.466 1.050
P137700 5.769 5.671 -6.623 1.701
P137701 4.898 4.863 -6.166 0.905
P137702 5.201 4.898 -6.586 0.942
P137704 5.163 4.959 -6.102 1.026
P137705 5.088 4.805 -6.742 1.723
P137706 4.925 4.689 -6.262 1.089
P137707 5.146 5.225 -6.330 0.956
P137708 5.181 5.007 -6.618 1.759
P137709 5.071 5.190 -6.326 1.358
P137710 4.966 4.829 -6.559 2.443
P137711 5.296 5.145 -6.424 1.004
P137712 5.170 5.032 -6.843 2.581
P137713 5.633 5.639 -6.474 1.610
P137714 5.660 5.617 -6.509 1.883
P137715 5.701 5.515 -5.762 1.593
P137716 5.753 5.528 -5.558 1.372
P137717 5.533 5.709 -5.578 0.741
P137718 5.494 5.572 -6.884 1.940
P137719 5.701 5.839 -6.659 1.847
P137720 5.379 5.283 -6.061 2.201
P137721 5.275 4.978 -6.377 0.886
P137722 5.716 5.381 -5.918 1.808
P137723 5.633 5.672 -6.300 1.609
P137724 5.731 5.732 -6.846 1.831
P137725 5.403 5.217 -5.921 2.237
P137726 5.558 5.674 -6.564 1.731
P137727 5.648 5.650 -6.788 1.830
P137728 5.677 5.603 -6.786 1.975
P137729 5.586 5.430 -6.290 1.693
P137730 5.544 5.383 -5.847 1.551
P137731 5.827 5.483 -5.964 1.721
P137732 5.673 5.321 -5.633 1.852
P137733 5.555 5.590 -6.530 1.793
P137734 5.209 5.170 -6.346 1.279
P137735 5.116 4.851 -6.637 1.354
P137736 5.173 5.108 -6.688 2.535
P137737 4.749 4.973 -6.218 2.727
P137738 5.237 5.255 -6.394 1.582
P137739 5.165 5.111 -6.406 1.467
P137740 5.213 5.274 -6.734 2.544
P137741 4.956 5.075 -6.391 1.496
P137742 5.245 4.896 -6.816 3.333
P137743 5.235 5.323 -6.856 3.006
P137744 5.171 5.126 -6.219 1.939
P137745 5.267 4.738 -6.006 2.719
P137746 5.045 5.112 -6.030 1.463
P137747 5.206 5.134 -6.865 1.556
P137748 5.121 5.071 -6.604 1.762
P137749 5.057 4.952 -6.440 2.643
P137750 5.335 4.968 -5.870 1.407
P137751 4.763 4.636 -7.049 1.952
P137752 4.899 5.094 -6.128 1.227
P137753 5.188 5.037 -6.655 1.808
P137754 5.060 5.092 -6.341 1.157
P137755 5.197 5.137 -5.853 0.857
P137756 4.968 5.118 -6.404 1.030
P137757 5.190 5.002 -6.652 1.579
P137758 5.032 4.887 -6.669 1.471
P137759 5.275 5.216 -5.933 0.970
P137760 5.040 5.048 -6.443 1.676
P137761 4.924 5.167 -6.488 0.925
P137762 5.085 5.077 -5.992 0.872
P137763 5.230 4.921 -6.680 1.913
P137764 5.044 4.652 -5.922 2.190
P137765 5.245 5.197 -7.228 1.550
P137766 5.238 5.197 -6.797 1.126
P137767 5.194 5.214 -6.824 1.268
P137768 5.294 5.126 -6.429 1.058
P137769 5.116 5.183 -6.552 1.017
P137770 5.276 5.030 -5.976 1.298
P137771 4.957 4.868 -6.449 1.049
P137772 5.229 4.993 -6.490 2.009
P137773 4.978 4.871 -6.226 1.119
P137774 5.264 5.193 -6.371 0.961
P137775 5.129 4.971 -6.946 2.216
P137776 5.274 5.272 -6.660 1.074
P137777 5.777 5.479 -5.941 1.681
P137778 5.473 5.017 -5.894 1.743
P137779 5.399 5.292 -4.450 2.034
P137780 5.467 5.473 -4.112 1.265
P137781 5.478 5.435 -4.188 0.968
P137782 5.463 5.353 -4.345 0.784
P137783 5.741 5.675 -5.173 1.275
P137784 5.687 5.524 -6.344 0.348
P137785 5.574 5.215 -7.598 1.781
P137786 5.736 5.635 -6.576 0.224
P137787 5.648 5.069 -6.964 1.630
P137788 5.598 4.965 -6.573 0.975
P137789 5.537 5.295 -7.837 1.917
P137790 5.748 5.589 -6.397 0.364
P137791 5.428 4.761 -7.059 1.792
P137792 5.639 5.192 -6.284 1.038
P137793 5.710 5.420 -6.520 0.651
P137794 5.720 5.551 -6.337 0.418
P137795 5.656 5.527 -6.484 0.336
P137796 5.519 5.351 -5.105 1.212
P137797 5.731 5.610 -4.336 0.798
P137798 5.667 5.611 -4.223 1.006
P137799 5.353 5.235 -4.028 0.831
P137800 5.503 5.317 -5.036 1.586
P137801 5.605 5.595 -5.370 0.509
P137802 5.360 5.005 -6.495 4.065
P137803 5.409 5.644 -5.545 1.217
P137804 5.498 5.018 -5.732 1.996
P137805 5.514 5.623 -5.563 0.803
P137806 5.436 5.122 -6.066 1.622
P137807 5.450 5.646 -5.615 0.750
P137809 5.464 5.395 -5.512 1.118
P137810 5.466 5.410 -6.262 1.274
P137811 5.300 5.068 -6.212 2.648
P137812 5.567 5.158 -5.497 2.155
P137813 5.263 5.394 -6.597 1.200
P137814 5.352 5.300 -4.152 1.197
P137815 5.573 5.249 -5.315 2.072
P137816 5.499 5.037 -5.601 1.722
P137817 5.465 5.066 -5.985 2.746
P137818 5.586 5.515 -4.103 1.125
P137819 5.502 4.883 -5.146 2.091
P137820 5.481 5.432 -4.374 1.820
P137821 5.366 5.085 -6.605 2.282
P137822 5.470 5.028 -6.135 2.256
P137823 5.516 5.249 -5.132 2.252
P137824 5.474 5.406 -4.302 1.250
P137825 5.676 5.500 -4.197 1.036
P137826 5.550 4.881 -5.184 3.036
P137827 4.933 5.032 -6.056 0.855
P137828 5.506 5.434 -6.657 0.505
P137829 5.410 5.508 -6.454 1.280
P137830 5.378 5.461 -6.332 1.226
P137831 4.847 5.520 -6.854 1.412
P137832 5.305 5.421 -6.943 1.424
P137833 5.395 5.584 -7.566 1.422
P137834 5.173 5.271 -6.472 1.205
P137835 5.436 5.605 -7.414 1.603
P137836 5.204 5.179 -6.649 1.591
P137837 5.439 5.480 -5.866 1.806
P137838 5.335 5.699 -7.328 1.448
P137839 5.497 5.387 -4.822 0.626
P137840 5.612 5.408 -6.104 1.555
P137841 5.622 5.451 -6.197 1.552
P137842 4.778 5.398 -6.017 1.422
P137843 5.396 5.298 -5.688 1.264
P137844 5.453 5.477 -6.125 1.609
P137845 5.383 5.497 -6.455 1.202
P137846 5.251 5.334 -6.431 1.250
P137847 5.039 5.409 -6.027 1.536
P137848 5.389 5.380 -5.322 1.346
P137849 5.295 5.558 -7.351 1.386
P137850 5.240 5.152 -5.773 1.617
P137851 5.159 5.519 -6.996 1.424
P137852 5.515 5.538 -6.869 1.684
P137853 5.345 5.312 -6.323 1.914
P137854 5.494 5.044 -5.709 1.877
P137855 5.306 5.678 -7.118 1.425
P137856 5.358 5.593 -7.080 1.479
P137857 5.096 5.409 -7.263 1.428
P137858 4.900 5.476 -7.140 1.931
P137859 5.195 5.300 -6.024 1.429
P137860 5.379 5.664 -4.436 0.429
P137861 5.197 5.488 -5.010 0.618
P137862 5.361 5.362 -6.550 1.199
P137863 5.024 5.458 -5.585 0.837
P137864 5.544 5.455 -6.138 1.262
P137865 5.274 5.520 -6.859 1.479
P137866 5.414 5.340 -6.198 1.291
P137867 5.331 5.721 -5.492 0.813
P137868 5.282 5.280 -6.349 1.204
P137869 5.136 5.212 -6.371 1.115
P137870 5.248 5.321 -5.108 2.315
P137871 5.301 5.273 -6.482 1.776
P137872 5.452 5.458 -6.935 2.627
P137873 5.037 5.111 -5.508 2.352
P137874 5.147 5.135 -6.237 1.193
P137875 5.093 5.253 -5.486 1.246
P137876 5.025 4.989 -5.073 2.315
P137877 5.249 5.319 -6.400 1.005
P137878 4.819 5.216 -6.161 2.071
P137879 5.046 4.920 -7.133 3.311
P137880 5.116 4.778 -6.640 3.364
P137881 5.117 4.931 -6.905 2.628
P137882 5.187 5.077 -6.139 1.690
P137883 5.210 4.941 -6.752 2.398
P137884 5.311 4.832 -6.405 3.211
P137885 5.286 5.329 -5.960 1.552
P137886 5.293 5.308 -6.595 2.518
P137887 4.879 4.952 -4.767 3.026
P137888 5.401 4.973 -6.013 2.449
P137889 5.235 4.829 -5.802 2.110
P137890 5.210 5.002 -6.524 3.588
P137891 4.901 5.197 -6.006 1.640
P137892 5.424 4.950 -6.210 2.850
P137893 5.391 5.304 -5.979 1.144
P137894 5.109 4.919 -6.211 2.231
P137895 5.342 5.213 -6.304 2.087
P137896 5.056 4.861 -6.755 2.595
P137897 5.624 5.449 -7.270 1.095
P137898 5.633 5.619 -7.349 1.390
P137899 5.684 5.532 -7.298 0.985
P137900 5.601 5.426 -6.894 0.927
P137901 5.447 5.295 -7.144 1.537
P137902 5.566 5.495 -7.114 1.493
P137903 5.544 5.354 -6.759 1.498
P137904 5.465 5.466 -7.173 0.969
P137905 5.531 5.525 -7.305 1.371
P137906 4.963 5.453 -7.057 1.653
P137907 5.350 5.123 -7.418 1.734
P137908 5.522 5.423 -6.910 0.987
P137909 5.634 5.667 -7.361 0.746
P137910 5.404 5.372 -6.194 0.966
P137911 5.521 5.340 -6.775 1.239
P137912 5.637 5.481 -7.019 0.933
P137913 5.599 5.277 -6.741 1.327
P137914 5.654 5.311 -7.145 0.989
P137915 5.473 5.097 -7.531 1.627
P137916 5.211 5.444 -7.058 1.680
P137917 5.108 5.183 -7.282 1.314
P137918 5.482 5.346 -6.947 1.172
P137919 5.253 5.479 -7.758 1.626
P137920 5.620 5.570 -7.369 0.762
P137921 5.473 5.409 -7.419 1.309
P137922 5.655 5.481 -7.140 1.062
P137923 5.429 5.410 -7.021 1.286
P137924 5.584 5.459 -7.451 1.318
P137925 5.435 5.421 -6.662 1.323
P137926 5.584 5.456 -7.049 2.064
P137927 5.636 5.633 -7.365 1.441
P137928 5.634 5.334 -7.212 1.441
P137929 5.595 5.365 -7.000 1.147
P137930 5.435 5.364 -7.075 1.360
P137931 5.789 5.489 -5.296 2.849
P137932 4.968 4.949 -6.075 2.632
P137933 5.349 5.350 -7.556 0.721
P137934 5.409 4.890 -7.074 1.853
P137935 5.102 5.139 -6.384 1.662
P137936 5.219 5.119 -5.572 0.933
P137937 5.374 5.109 -6.830 0.980
P137938 5.116 4.692 -5.600 2.321
P137939 5.331 4.738 -5.727 2.461
P137940 5.326 5.119 -5.674 0.838
P137941 5.042 4.913 -6.103 1.637
P137942 5.252 5.150 -5.397 1.967
P137943 5.306 4.636 -6.125 2.208
P137944 5.498 4.918 -5.739 2.201
P137945 5.351 4.826 -6.254 2.573
P137946 5.132 4.879 -5.108 2.108
P137947 5.433 5.038 -5.634 2.669
P137948 5.548 5.229 -5.713 1.219
P137949 5.175 5.075 -5.874 0.821
P137950 5.188 5.097 -5.908 0.897
P137951 5.464 5.365 -4.691 2.519
P137952 5.288 4.886 -6.365 3.234
P137953 5.035 5.312 -7.331 0.719
P137954 5.348 5.093 -4.897 1.866
P137955 5.199 4.852 -5.384 1.702
P137956 5.004 5.310 -7.716 1.932
P137957 5.255 5.204 -6.004 0.714
P137958 5.242 5.000 -5.664 1.072
P137959 5.197 5.355 -8.076 1.393
P137960 5.053 4.849 -5.589 0.861
P137961 5.108 4.389 -5.995 2.793
P137962 4.980 4.721 -6.033 1.952
P137963 5.274 4.684 -5.533 2.482
P137964 5.018 5.117 -6.574 1.491
P137965 5.145 5.132 -6.105 1.666
P137966 5.241 5.149 -7.463 3.037
P137967 5.221 5.235 -7.384 2.577
P137968 5.047 5.126 -7.371 2.647
P137969 5.209 5.296 -7.053 2.581
P137970 4.950 5.105 -7.069 3.547
P137971 5.072 5.203 -6.637 1.734
P137972 5.097 5.358 -6.948 2.107
P137973 5.308 5.281 -7.673 2.760
P137974 5.106 5.195 -6.393 1.187
P137975 4.986 4.759 -6.348 3.035
P137976 5.050 4.921 -6.639 3.340
P137977 4.927 4.843 -6.403 2.605
P137978 5.261 5.353 -7.485 2.573
P137979 5.189 5.263 -7.453 3.328
P137980 5.085 4.844 -6.159 2.712
P137981 5.116 5.156 -7.599 3.341
P137982 5.490 5.221 -5.637 2.418
P137983 5.304 4.813 -6.180 2.602
P137984 5.299 4.670 -6.375 2.724
P137985 5.311 5.081 -5.222 2.592
P137986 5.437 5.048 -5.076 2.612
P137987 5.386 5.256 -5.898 1.361
P137988 5.329 4.843 -6.157 2.711
P137989 5.381 4.776 -5.650 2.496
P137990 5.251 4.610 -5.311 2.622
P137991 5.490 4.949 -5.215 2.217
P137992 5.167 4.841 -5.958 2.812
P137993 5.233 5.172 -6.099 0.852
P137994 5.265 4.742 -6.135 2.202
P137995 5.355 4.831 -5.297 2.689
P137996 5.199 4.453 -6.486 2.612
P137997 5.456 4.886 -6.239 3.308
P137998 5.355 5.052 -5.090 0.906
P137999 5.069 5.045 -5.553 0.776
P138000 5.302 5.282 -4.907 2.693
P138001 5.268 4.763 -6.627 2.755
P138002 5.415 5.133 -6.525 1.626
P138003 5.419 5.298 -6.851 0.956
P138004 4.693 5.159 -6.652 0.956
P138005 5.463 5.388 -3.848 0.639
P138006 5.455 5.470 -5.035 1.756
P138007 5.703 5.684 -4.182 1.066
P138008 5.478 4.994 -5.958 3.421
P138009 5.606 5.099 -5.407 2.263
P138010 5.355 5.379 -4.265 1.011
P138011 5.527 5.552 -4.134 1.560
P138012 5.640 5.057 -5.853 2.918
P138013 5.615 5.194 -5.653 1.948
P138014 5.685 5.237 -5.550 2.265
P138015 5.580 5.658 -4.327 2.238
P138016 5.487 5.491 -4.073 0.731
P138017 5.492 5.469 -4.240 1.268
P138018 5.602 5.553 -4.215 1.071
P138019 5.568 5.147 -5.249 2.400
P138020 5.791 5.653 -4.216 0.975
P138021 5.450 5.165 -5.006 2.413
P138022 5.692 5.822 -6.666 1.870
P138023 5.723 5.345 -5.987 2.132
P138024 5.426 5.481 -4.190 0.966
P138025 5.446 5.031 -5.083 2.326
P138026 5.366 5.328 -3.953 1.157
P138027 5.537 5.090 -5.728 2.072
P138028 5.707 5.761 -4.376 1.511
P138029 5.881 5.582 -5.919 3.016
P138030 5.676 5.263 -5.705 1.935
P138031 5.482 5.368 -5.056 1.802
P138032 5.743 5.411 -5.269 2.208
P138033 5.378 5.461 -4.036 0.763
P138034 5.502 5.315 -5.578 2.196
P138035 5.705 5.708 -4.569 1.006
P138036 5.580 5.570 -4.217 0.910
P138037 5.608 5.690 -4.314 1.852
P138038 5.480 5.292 -5.948 2.015
P138039 5.583 4.987 -6.636 2.619
P138040 5.516 5.366 -5.170 1.474
P138041 5.685 5.806 -4.402 1.638
P138042 5.769 5.749 -4.825 2.422
P138043 5.628 5.253 -5.393 2.265
P138044 5.571 5.577 -5.089 1.901
P138045 5.599 5.647 -4.068 2.102
P138046 5.731 5.309 -5.442 2.016
P138047 5.898 5.580 -6.019 1.697
P138048 5.801 5.508 -5.835 1.692
P138049 5.819 5.779 -5.834 1.316
P138050 5.438 5.732 -6.855 1.590
P138051 5.786 5.903 -6.751 1.902
P138052 5.802 5.617 -5.998 1.754
P138053 5.654 5.543 -5.892 1.660
P138054 5.900 5.671 -6.251 1.655
P138055 5.701 5.727 -6.691 1.804
P138056 5.754 5.537 -5.552 1.666
P138057 5.782 5.878 -7.083 1.892
P138058 5.743 5.850 -6.561 1.764
P138059 5.703 5.448 -6.053 1.617
P138060 5.716 5.876 -6.654 1.853
P138061 5.768 5.805 -6.555 1.933
P138063 5.249 5.377 -6.165 2.206
P138064 5.443 5.657 -6.553 1.869
P138065 5.062 5.007 -6.760 1.113
P138066 5.191 4.978 -6.083 2.030
P138067 5.390 5.149 -6.680 0.940
P138068 5.349 5.057 -6.031 1.403
P138069 5.627 5.485 -5.962 1.488
P138070 5.417 5.782 -6.177 1.692
P138071 5.731 5.747 -7.089 1.814
P138072 5.838 5.855 -6.520 1.721
P138073 5.669 5.491 -5.552 1.821
P138074 5.904 5.575 -6.034 1.733
P138075 5.629 5.813 -6.997 1.710
P138076 5.720 5.527 -6.056 1.586
P138077 5.819 5.770 -6.383 1.500
P138078 5.788 5.881 -5.173 1.135
P138079 5.752 5.777 -6.588 1.743
P138080 5.794 5.475 -5.977 1.815
P138081 5.629 5.800 -6.473 1.764
P138082 5.856 5.860 -6.965 1.785
P138083 5.669 5.726 -6.638 1.864
P138084 5.795 5.844 -6.745 2.046
P138085 5.810 5.763 -6.289 1.573
P138086 5.845 5.524 -6.131 1.678
P138087 5.817 5.537 -6.114 1.769
P138088 5.578 5.864 -6.449 1.843
P138089 5.874 5.970 -5.332 0.546
P138090 5.727 5.559 -5.958 1.675
P138091 5.297 5.585 -6.321 2.114
P138092 5.595 5.448 -6.192 1.680
P138093 5.863 5.817 -5.471 0.931
P138094 5.080 5.036 -6.380 2.838
P138095 5.406 5.186 -5.248 2.495
P138096 5.223 5.243 -7.410 2.609
P138097 5.041 5.384 -6.561 1.941
P138098 4.968 5.498 -6.660 1.111
P138099 5.482 5.471 -6.862 1.084
P138100 5.113 5.181 -6.693 1.305
P138101 4.978 5.416 -6.674 1.033
P138102 4.740 5.278 -6.378 1.042
P138103 4.963 5.266 -6.992 1.226
P138104 5.429 5.379 -6.788 1.174
P138105 5.009 5.232 -6.685 1.314
P138106 5.226 5.149 -6.443 3.460
P138107 4.882 5.388 -5.946 1.033
P138108 4.617 5.477 -6.652 1.244
P138109 4.913 5.316 -6.093 1.150
P138110 4.981 5.109 -6.855 2.150
P138111 4.986 5.538 -6.427 1.458
P138112 5.192 5.212 -6.289 1.209
P138113 4.994 5.396 -6.817 1.482
P138114 4.983 5.541 -5.895 1.108
P138115 5.016 5.194 -6.207 1.464
P138116 5.356 5.419 -7.153 1.546
P138117 5.069 5.363 -6.733 1.282
P138118 5.159 5.320 -7.154 1.154
P138119 5.027 5.281 -6.067 1.402
P138120 5.062 5.270 -6.528 1.381
P138121 5.378 5.466 -7.092 1.208
P138122 5.372 5.338 -6.442 1.270
P138123 5.299 5.390 -6.847 1.538
P138124 5.419 5.373 -6.509 1.659
P138125 5.429 5.493 -6.386 1.276
P138126 5.395 5.293 -6.414 1.137
P138127 5.419 5.309 -6.239 1.444
P138129 5.412 5.313 -6.286 1.496
P138130 5.591 5.504 -6.846 2.346
P138131 5.242 5.058 -6.084 1.720
P138132 4.885 5.284 -6.176 1.694
P138133 5.023 5.388 -6.472 1.799
P138134 4.986 5.343 -6.704 1.433
P138135 5.162 5.381 -6.212 2.073
P138136 5.270 4.884 -6.943 3.119
P138137 4.863 4.871 -7.031 1.737
P138138 4.766 5.105 -6.486 3.024
P138139 4.869 5.182 -6.022 1.245
P138140 5.039 5.229 -6.241 2.990
P138141 5.430 5.583 -7.192 1.327
P138142 5.184 4.969 -6.437 2.684
P138143 5.541 5.427 -6.605 1.079
P138144 5.127 5.213 -6.486 2.015
P138145 4.907 5.300 -6.548 1.953
P138147 5.080 5.244 -6.419 1.042
P138148 5.687 5.524 -7.551 0.722
P138149 5.367 5.362 -7.291 0.802
P138150 5.290 5.499 -7.713 1.736
P138151 5.407 5.256 -7.242 0.831
P138152 5.642 5.506 -7.314 0.696
P138153 5.070 5.329 -6.691 1.104
P138154 5.571 5.427 -6.932 0.809
P138155 5.444 5.534 -7.360 0.802
P138156 5.492 5.254 -7.382 0.716
P138157 5.512 5.581 -7.513 1.044
P138158 5.417 5.498 -7.834 1.602
P138159 5.473 5.551 -8.047 1.612
P138160 5.434 5.511 -7.554 1.546
P138161 5.568 5.440 -6.912 0.750
P138162 5.538 5.397 -6.982 0.866
P138163 5.632 5.443 -7.354 0.812
P138164 5.617 5.606 -7.537 1.530
P138165 5.482 5.411 -7.838 0.851
P138166 5.365 5.327 -7.648 0.855
P138167 5.523 5.529 -7.804 1.658
P138168 5.291 5.350 -7.865 1.194
P138169 4.937 5.135 -5.716 1.228
P138170 5.404 5.410 -7.290 1.299
P138171 5.492 5.343 -6.823 0.993
P138172 5.572 5.391 -6.822 0.900
P138173 5.216 5.369 -6.762 0.982
P138174 4.969 5.137 -6.253 1.306
P138175 5.300 5.373 -7.375 1.784
P138176 5.511 5.366 -7.054 0.853
P138177 5.647 5.370 -6.888 0.842
P138178 5.440 5.405 -7.060 1.046
P138179 5.380 5.030 -7.290 1.755
P138180 5.607 5.353 -6.822 0.851
P138181 5.496 5.306 -6.362 1.330
P138182 5.503 5.223 -7.039 0.845
P138183 5.469 5.438 -7.706 1.503
P138184 5.639 5.363 -7.158 0.719
P138185 5.515 5.427 -8.355 1.911
P138186 5.521 5.292 -7.226 1.682
P138187 5.361 5.380 -7.232 1.612
P138188 5.542 5.516 -7.745 1.433
P138189 5.326 5.467 -7.786 1.636
P138190 5.226 5.538 -6.796 1.015
P138191 5.608 5.667 -7.975 0.944
P138192 5.562 5.471 -7.749 0.836
P138193 5.403 5.399 -7.835 1.620
P138194 4.851 5.354 -6.305 1.145
P138195 5.540 5.622 -6.559 1.266
P138196 5.104 5.010 -6.640 2.852
P138197 5.538 5.216 -5.991 1.292
P138198 4.912 5.055 -6.664 1.326
P138199 4.914 4.967 -6.294 1.258
P138200 4.879 5.100 -6.163 1.271
P138201 5.708 5.780 -6.130 1.532
P138202 5.821 6.063 -6.761 2.779
P138203 5.962 5.497 -4.770 1.683
P138204 5.761 5.028 -6.208 2.210
P138205 5.802 5.032 -5.652 2.147
P138206 5.764 5.303 -4.832 1.506
P138207 5.598 5.387 -5.675 1.314
P138208 5.979 5.822 -6.835 2.481
P138209 5.888 5.858 -6.860 2.647
P138210 5.800 5.707 -5.906 1.330
P138211 5.800 5.174 -5.734 2.897
P138212 5.666 5.782 -6.634 3.017
P138213 5.885 5.376 -4.767 2.502
P138214 5.599 5.869 -6.140 3.182
P138215 4.887 4.929 -6.653 3.170
P138216 5.067 4.969 -5.764 2.360
P138217 5.062 5.207 -7.246 3.223
P138218 5.639 5.643 -6.086 2.699
P138219 5.962 5.829 -6.508 2.461
P138220 5.837 5.616 -6.747 2.719
P138221 5.867 5.369 -5.540 2.028
P138222 5.827 5.500 -4.780 1.879
P138223 5.888 5.300 -5.280 1.441
P138224 5.726 5.247 -5.258 1.488
P138225 5.630 5.513 -5.724 2.799
P138226 5.689 5.599 -6.574 3.131
P138227 4.914 5.239 -5.911 1.191
P138228 4.721 5.203 -6.416 1.442
P138229 5.049 4.928 -6.656 2.877
P138231 5.046 5.217 -5.909 1.273
P138232 5.153 5.122 -7.307 2.727
P138233 5.047 5.056 -6.593 3.724
P138234 5.044 5.042 -6.046 1.253
P138235 5.061 5.364 -5.600 2.009
P138236 4.943 4.931 -6.418 3.634
P138237 5.140 4.985 -6.002 2.506
P138238 5.043 5.148 -7.267 3.324
P138239 5.262 5.133 -7.620 3.243
P138240 5.172 4.938 -6.628 3.068
P138241 5.687 5.825 -6.285 3.011
P138242 5.656 5.584 -5.401 1.343
P138243 5.424 5.381 -6.150 1.789
P138244 5.779 5.623 -5.429 1.534
P138245 5.230 5.280 -6.852 1.520
P138246 5.316 5.239 -6.339 1.786
P138247 5.108 5.292 -6.284 2.069
P138248 5.624 5.313 -5.909 1.770
P138249 5.388 5.666 -7.005 0.962
P138250 5.462 5.282 -5.920 1.300
P138251 5.414 5.387 -6.519 1.293
P138252 5.116 5.270 -6.381 1.357
P138253 5.257 4.950 -6.783 2.000
P138254 5.245 5.225 -6.718 1.443
P138255 5.482 5.358 -6.466 1.299
P138256 5.406 5.233 -6.000 1.262
P138257 5.504 5.600 -6.545 1.305
P138258 5.462 5.340 -6.489 1.313
P138259 5.386 5.321 -6.274 1.521
P138260 5.159 5.528 -6.891 2.104
P138261 5.368 5.362 -6.219 1.129
P138262 5.425 5.414 -6.534 1.270
P138263 5.078 5.158 -5.805 1.262
P138264 5.139 5.266 -6.906 1.597
P138265 5.275 5.389 -6.730 1.361
P138266 5.223 5.280 -6.707 1.211
P138267 5.222 5.347 -5.678 1.229
P138268 5.430 5.410 -6.277 1.781
P138269 5.677 5.582 -5.553 1.323
P138270 5.552 5.066 -5.515 2.104
P138271 5.911 5.542 -5.379 1.935
P138272 5.728 5.702 -6.076 2.932
P138273 5.912 4.981 -5.358 2.919
P138274 5.692 5.637 -5.925 2.564
P138275 5.667 5.476 -5.882 1.287
P138276 5.778 5.658 -6.326 2.716
P138277 5.459 5.399 -5.960 1.645
P138278 5.775 5.608 -6.027 1.944
P138279 5.657 5.498 -5.716 1.755
P138281 5.956 5.843 -3.619 0.513
P138282 5.705 5.462 -4.820 1.458
P138283 5.225 5.213 -5.840 1.223
P138284 5.151 5.306 -6.628 1.034
P138285 5.239 5.216 -6.779 1.507
P138286 5.367 5.451 -6.679 1.416
P138287 5.312 5.619 -5.991 0.849
P138288 5.837 5.372 -5.046 1.526
P138289 5.825 5.774 -5.261 1.906
P138290 5.765 5.164 -6.246 2.868
P138291 5.895 5.155 -7.240 3.312
P138292 5.765 5.223 -6.239 2.735
P138293 5.749 5.162 -6.138 2.843
P138294 5.795 5.544 -5.067 2.244
P138295 5.237 5.153 -6.616 3.599
P138297 5.211 5.108 -7.155 1.490
P138298 5.597 5.545 -5.840 2.300
P138299 5.169 5.012 -6.017 2.587
P138300 5.350 5.040 -5.553 2.320
P138301 5.216 5.190 -5.843 1.263
P138302 5.295 5.164 -6.330 2.322
P138303 4.934 5.392 -6.202 2.962
P138304 5.264 4.793 -6.130 2.586
P138305 5.265 5.113 -5.885 2.318
P138306 5.076 5.062 -6.725 2.313
P138307 5.478 5.479 -6.237 2.006
P138308 5.370 5.118 -6.781 3.021
P138309 5.376 4.916 -5.972 2.588
P138310 5.307 5.278 -6.289 1.638
P138311 5.389 5.211 -6.041 2.207
P138312 5.170 4.975 -6.307 3.724
P138313 5.399 5.397 -5.396 2.269
P138314 5.065 5.145 -5.645 1.755
P138315 5.346 5.377 -6.183 1.096
P138316 5.053 4.763 -5.978 2.963
P138317 5.368 5.082 -6.265 2.470
P138318 5.052 5.109 -6.616 2.338
P138319 5.305 5.262 -6.644 1.406
P138320 5.343 4.829 -6.215 2.802
P138321 5.363 5.285 -4.951 2.527
P138322 5.448 5.303 -6.170 1.362
P138323 5.248 4.935 -6.367 2.746
P138324 5.393 5.047 -6.274 2.554
P138325 5.117 5.063 -5.443 2.187
P138326 5.162 4.665 -6.052 3.103
P138327 4.969 5.478 -6.620 1.257
P138328 4.940 5.505 -6.442 1.333
P138329 4.989 5.040 -6.013 2.098
P138330 5.380 4.950 -6.151 2.583
P138331 5.143 5.306 -7.074 3.483
P138332 4.983 4.988 -7.497 3.496
P138333 5.398 5.502 -6.566 2.577
P138334 5.393 5.408 -6.152 1.834
P138335 5.470 5.262 -6.636 2.956
P138336 5.223 5.286 -6.498 1.946
P138337 5.813 5.410 -7.117 3.157
P138338 5.799 5.280 -6.747 2.794
P138339 6.081 5.806 -4.689 2.069
P138340 5.995 5.512 -6.248 3.037
P138341 6.077 5.829 -4.494 1.758
P138342 5.994 5.447 -6.182 3.039
P138343 6.007 5.441 -5.784 2.886
P138344 5.767 5.685 -2.546 0.994
P138345 6.006 5.353 -4.592 3.896
P138346 6.008 5.202 -4.595 4.158
P138347 6.187 6.265 -8.413 1.438
P138348 6.343 6.290 -7.916 0.598
P138349 6.247 6.197 -8.220 0.555
P138350 6.349 6.445 -7.890 0.958
P138351 6.349 6.243 -8.036 0.642
P138352 6.363 6.336 -8.070 0.636
P138353 6.403 6.359 -7.479 1.235
P138354 6.194 6.254 -8.139 1.227
P138355 6.200 6.264 -7.896 0.942
P138356 6.201 6.231 -7.687 1.384
P138357 6.187 6.292 -8.285 0.651
P138358 6.218 6.172 -7.788 0.780
P138359 6.196 6.202 -7.891 0.590
P138360 6.282 6.160 -8.025 0.581
P138361 6.170 6.154 -8.100 0.306
P138362 6.234 6.270 -8.054 0.578
P138363 6.401 6.319 -7.910 0.560
P138364 6.247 6.222 -8.144 0.670
P138365 6.295 6.302 -7.515 0.353
P138366 6.299 6.274 -8.127 0.625
P138367 6.431 6.663 -8.630 1.163
P138368 6.507 6.494 -7.559 0.489
P138369 6.329 6.268 -7.449 1.141
P138370 6.325 6.296 -7.746 0.709
P138371 6.451 6.377 -7.257 0.693
P138372 6.325 6.284 -8.330 0.669
P138373 6.348 6.379 -8.770 0.555
P138374 6.403 6.331 -8.257 0.646
P138375 6.290 6.389 -8.432 0.970
P138376 6.431 6.289 -8.103 0.568
P138377 6.360 6.385 -8.144 0.644
P138378 6.187 6.181 -8.288 0.332
P138379 6.577 6.599 -8.420 1.049
P138380 6.402 6.390 -7.521 0.977
P138381 6.222 6.271 -8.361 0.647
P138382 6.191 6.331 -8.294 0.790
P138383 6.420 6.396 -8.280 0.554
P138384 6.310 6.249 -8.089 0.534
P138385 6.124 6.141 -8.343 0.589
P138386 6.475 6.458 -8.422 0.326
P138387 6.351 6.362 -8.379 0.348
P138388 6.308 6.180 -7.657 0.980
P138389 6.196 6.289 -8.447 0.514
P138390 6.316 6.433 -7.974 0.672
P138391 6.358 6.439 -8.378 0.651
P138392 6.198 6.310 -8.403 1.340
P138393 6.291 6.327 -8.280 0.589
P138394 6.516 6.443 -8.403 0.295
P138395 6.305 6.305 -8.195 0.600
P138396 6.374 6.393 -8.407 0.621
P138397 6.556 6.536 -7.547 0.490
P138398 6.381 6.356 -8.213 0.669
P138399 6.264 6.249 -8.259 0.564
P138401 6.381 6.265 -8.129 0.544
P138402 6.631 6.545 -8.329 0.467
P138403 6.237 6.153 -8.575 0.613
P138404 6.377 6.495 -7.822 1.426
P138405 6.283 6.222 -8.128 0.543
P138406 6.334 6.497 -8.307 1.065
P138407 6.218 6.268 -8.312 0.576
P138408 6.533 6.389 -8.403 0.544
P138409 6.564 6.483 -7.703 0.611
P138410 6.576 6.535 -8.007 1.608
P138411 6.506 6.294 -7.516 0.684
P138412 6.270 6.241 -8.330 0.628
P138413 6.374 6.300 -7.865 1.173
P138414 6.402 6.443 -8.336 0.555
P138415 6.303 6.337 -8.735 0.369
P138416 6.337 6.260 -8.912 1.571
P138417 6.562 6.464 -7.886 2.054
P138418 6.520 6.361 -7.544 0.680
P138419 6.371 6.392 -8.066 0.313
P138420 6.316 6.189 -8.228 0.615
P138421 6.453 6.278 -7.591 1.021
P138422 6.289 6.315 -8.285 0.357
P138423 6.371 6.334 -8.551 0.604
P138424 6.405 6.403 -8.352 0.636
P138425 6.606 6.756 -8.497 0.945
P138426 6.441 6.469 -7.622 1.021
P138427 6.774 6.470 -7.719 1.665
P138428 6.524 6.451 -7.843 0.900
P138429 6.325 6.303 -7.992 0.990
P138430 6.070 6.132 -7.462 1.131
P138431 6.217 6.307 -7.827 0.934
P138432 6.143 6.262 -7.921 0.862
P138433 6.254 6.446 -8.051 1.453
P138434 6.177 6.128 -7.163 1.103
P138435 6.242 6.334 -8.196 1.214
P138436 6.197 6.247 -7.795 0.193
P138437 6.307 6.403 -8.101 1.531
P138438 6.350 6.007 -7.066 1.426
P138439 6.198 6.251 -7.655 0.201
P138440 6.335 6.348 -7.677 0.528
P138441 6.276 6.367 -8.086 1.112
P138442 6.210 6.005 -7.847 1.657
P138443 6.251 6.238 -7.770 0.221
P138444 6.279 6.298 -7.869 0.908
P138445 6.199 6.124 -7.702 0.970
P138446 6.216 6.271 -7.835 0.248
P138447 6.137 6.129 -7.918 0.844
P138448 6.191 6.191 -7.759 0.222
P138449 6.171 6.227 -7.385 1.334
P138450 6.164 6.324 -7.545 1.545
P138451 6.383 6.147 -8.253 1.476
P138452 6.169 6.291 -8.292 1.438
P138453 6.094 6.116 -7.852 0.877
P138454 6.436 6.422 -8.407 1.245
P138455 6.271 6.212 -7.891 0.643
P138456 6.453 6.365 -8.226 1.466
P138457 6.200 6.357 -7.954 1.235
P138458 6.214 6.220 -6.869 1.000
P138459 6.311 6.272 -7.631 0.682
P138460 6.420 6.293 -7.012 0.889
P138461 6.527 6.342 -7.638 0.613
P138462 6.391 6.514 -7.831 1.024
P138463 6.402 6.421 -7.667 1.127
P138464 6.394 6.194 -8.197 1.953
P138465 6.457 6.326 -7.790 0.827
P138466 6.438 6.513 -8.052 0.619
P138467 6.354 6.501 -8.618 1.471
P138468 6.442 6.407 -7.453 0.589
P138469 6.306 6.405 -7.974 1.039
P138470 6.732 6.657 -7.890 0.368
P138471 6.463 6.495 -7.917 0.969
P138472 6.303 6.261 -7.940 1.271
P138473 6.284 6.342 -8.190 1.315
P138474 6.216 6.180 -7.790 1.016
P138475 6.514 6.460 -6.997 0.962
P138476 6.431 6.562 -7.610 1.098
P138477 6.309 6.414 -7.972 1.690
P138478 6.389 6.147 -7.538 1.855
P138479 6.518 6.575 -8.064 0.929
P138480 6.590 6.473 -7.985 0.738
P138481 6.270 6.209 -7.098 0.941
P138482 6.318 6.297 -7.926 0.328
P138483 6.356 6.375 -8.023 0.208
P138484 6.632 6.533 -7.747 0.766
P138485 6.513 6.454 -7.994 1.582
P138486 6.395 6.438 -7.771 1.352
P138487 6.523 6.373 -7.754 0.659
P138488 6.370 6.314 -7.884 0.672
P138489 6.230 6.250 -7.724 0.229
P138490 6.151 6.147 -7.649 0.628
P138491 6.525 6.316 -8.023 1.731
P138492 6.422 6.285 -8.253 1.366
P138493 6.244 6.363 -8.431 1.191
P138494 6.260 6.348 -7.517 0.704
P138495 6.195 6.227 -7.978 0.568
P138496 6.296 6.371 -7.891 1.349
P138497 6.305 6.343 -8.027 1.005
P138498 6.479 6.279 -7.888 1.353
P138499 6.431 6.396 -7.897 1.965
P138500 6.293 6.247 -7.593 0.642
P138501 6.448 6.371 -7.934 1.459
P138502 6.147 5.912 -7.564 1.516
P138503 6.455 6.399 -7.887 1.004
P138504 6.365 6.583 -7.405 1.070
P138505 6.076 6.153 -8.488 1.132
P138506 6.399 6.350 -7.935 0.653
P138507 6.273 6.221 -8.006 1.145
P138508 6.352 6.381 -7.595 1.175
P138509 6.391 6.390 -8.280 1.263
P138510 6.384 6.441 -7.669 0.960
P138511 6.586 6.357 -7.831 0.530
P138512 6.508 6.182 -7.866 1.806
P138513 6.444 6.348 -7.691 0.385
P138514 6.341 6.127 -7.736 1.389
P138515 6.238 6.305 -7.962 1.568
P138516 6.405 6.387 -7.922 0.709
P138517 6.467 6.421 -7.148 1.175
P138518 6.535 6.473 -7.995 0.634
P138519 6.258 6.364 -7.966 1.128
P138520 6.363 6.452 -7.942 1.130
P138521 6.409 6.481 -8.130 1.004
P138522 6.372 6.449 -7.959 0.977
P138523 6.402 6.316 -7.937 0.763
P138524 6.181 6.050 -7.491 0.453
P138525 6.207 6.222 -7.721 0.189
P138526 6.351 6.150 -7.380 0.937
P138527 6.239 6.244 -7.747 0.718
P138528 6.569 6.472 -7.915 0.760
P138529 6.472 6.311 -7.693 0.622
P138530 6.695 6.690 -8.265 1.113
P138531 6.570 6.416 -7.868 0.621
P138532 6.352 6.394 -7.766 0.704
P138533 6.407 6.379 -7.514 0.723
P138534 6.210 6.024 -7.380 0.757
P138535 6.255 6.220 -7.318 0.605
P138536 6.315 6.176 -7.425 1.499
P138537 6.301 6.299 -7.899 0.357
P138538 6.491 6.330 -8.068 1.760
P138539 6.012 6.061 -7.689 0.878
P138540 6.256 6.283 -7.842 0.167
P138541 6.349 6.461 -7.763 1.055
P138542 6.279 6.312 -7.991 1.257
P138543 6.114 6.420 -8.616 1.616
P138544 6.196 6.233 -7.444 0.824
P138545 6.220 6.448 -7.691 1.556
P138546 6.181 6.201 -8.151 0.998
P138547 6.284 6.195 -7.857 0.671
P138548 6.500 6.441 -8.216 1.130
P138549 6.279 6.236 -7.831 0.349
P138550 6.313 6.228 -8.102 1.188
P138551 6.418 6.566 -8.051 1.058
P138552 6.202 6.360 -7.463 1.251
P138553 6.445 6.589 -7.906 1.228
P138554 6.630 6.587 -7.730 0.717
P138555 6.247 6.204 -7.941 1.534
P138556 6.268 6.324 -7.602 0.585
P138557 6.287 6.370 -8.313 1.113
P138558 6.304 6.381 -7.893 1.133
P138559 6.564 6.621 -8.081 1.164
P138560 6.197 6.379 -7.680 1.231
P138561 6.249 6.395 -8.482 1.544
P138562 6.371 6.210 -7.965 0.425
P138563 6.277 6.353 -7.806 1.608
P138564 6.381 6.188 -7.921 1.428
P138565 6.624 6.416 -7.502 0.782
P138566 6.446 6.269 -8.005 1.405
P138567 6.426 6.197 -7.543 1.542
P138568 6.417 5.925 -7.014 1.548
P138569 6.671 6.550 -7.783 0.742
P138570 6.281 6.301 -7.961 0.212
P138571 6.386 6.518 -8.081 1.619
P138572 6.303 6.233 -7.729 0.954
P138573 6.373 6.298 -8.316 1.369
P138574 6.358 6.309 -7.842 0.929
P138575 6.329 6.128 -7.795 0.477
P138576 6.415 6.464 -7.648 0.835
P138577 6.358 6.262 -7.671 0.962
P138578 6.411 6.571 -8.606 1.177
P138579 6.372 6.175 -7.895 1.457
P138580 6.516 6.401 -7.816 0.831
P138581 6.321 6.224 -8.073 1.244
P138582 6.486 6.541 -8.104 1.540
P138583 6.420 6.486 -8.192 1.614
P138584 6.433 6.250 -7.638 1.115
P138585 6.463 6.208 -8.324 1.520
P138586 6.377 6.371 -7.900 1.030
P138587 6.398 6.401 -8.012 1.017
P138588 6.370 6.450 -8.111 0.998
P138589 6.380 6.425 -7.828 1.142
P138590 6.490 6.466 -7.585 1.114
P138591 6.129 6.300 -8.031 0.848
P138592 6.421 6.412 -7.945 0.637
P138593 6.361 6.510 -7.361 1.037
P138594 6.316 6.318 -7.889 0.311
P138595 6.491 6.517 -8.056 0.983
P138596 6.466 6.517 -8.381 1.108
P138597 6.616 6.513 -7.947 0.389
P138598 6.439 6.376 -7.755 0.642
P138599 6.425 6.332 -7.611 0.689
P138600 6.422 6.313 -7.282 1.772
P138601 6.338 6.341 -8.021 0.980
P138602 6.531 6.310 -7.799 0.537
P138603 6.560 6.771 -8.126 0.837
P138604 6.470 6.329 -8.201 1.457
P138605 6.531 6.371 -7.917 0.600
P138606 6.383 6.482 -8.139 1.014
P138607 6.469 6.268 -7.239 0.737
P138608 6.508 6.478 -7.895 0.322
P138609 6.463 6.400 -8.063 1.202
P138610 6.361 6.289 -7.525 0.564
P138611 6.454 6.488 -7.921 0.930
P138612 6.601 6.623 -8.021 0.962
P138613 6.495 6.541 -8.057 0.972
P138614 6.533 6.396 -7.187 1.008
P138615 6.475 6.165 -7.274 0.846
P138616 6.690 6.540 -8.093 1.172
P138617 6.402 6.381 -8.313 0.975
P138618 6.415 6.511 -8.066 0.823
P138619 6.612 6.499 -7.954 0.655
P138620 6.232 6.253 -7.455 0.307
P138621 6.565 6.411 -7.565 1.175
P138622 6.473 6.414 -7.801 0.692
P138623 6.433 6.518 -7.427 1.090
P138624 6.442 6.397 -7.682 0.701
P138625 6.333 6.200 -7.259 1.182
P138626 6.603 6.431 -7.841 0.766
P138628 6.638 6.395 -7.650 0.787
P138629 6.451 6.274 -7.619 0.729
P138630 6.544 6.490 -7.626 1.464
P138631 6.300 6.396 -8.256 0.992
P138632 6.262 6.277 -7.917 1.220
P138633 6.651 6.521 -7.909 0.617
P138634 6.224 6.381 -7.900 1.493
P138635 6.474 6.199 -7.089 1.338
P138636 6.438 6.260 -7.275 1.003
P138637 6.405 6.265 -6.550 1.037
P138638 6.381 6.316 -7.742 0.613
P138639 6.230 6.251 -7.275 0.693
P138640 6.214 6.247 -7.560 0.366
P138641 6.325 6.100 -7.306 1.027
P138642 6.387 6.265 -7.516 1.036
P138643 6.688 6.618 -8.357 0.680
P138644 6.259 6.201 -7.774 0.433
P138645 6.330 6.206 -7.716 1.358
P138646 6.346 6.427 -8.155 1.652
P138647 6.536 6.479 -8.020 1.065
P138648 6.379 6.403 -8.345 0.553
P138649 6.397 6.393 -8.146 1.329
P138650 6.431 6.189 -7.319 0.916
P138651 6.496 6.350 -7.521 0.533
P138652 6.514 6.137 -7.483 0.915
P138653 6.420 6.257 -7.453 0.862
P138654 6.549 6.391 -7.969 1.050
P138655 6.387 6.342 -8.076 0.357
P138656 6.542 6.280 -7.859 0.843
P138657 6.429 6.478 -8.403 0.815
P138658 6.494 6.297 -7.251 0.825
P138659 6.457 6.402 -7.756 0.619
P138660 6.288 6.300 -7.579 0.887
P138661 6.279 6.396 -7.857 0.948
P138662 6.364 6.226 -7.924 1.393
P138663 6.253 6.256 -7.572 0.296
P138664 6.595 6.451 -7.500 0.652
P138665 6.444 6.356 -7.980 1.421
P138666 6.458 6.385 -7.375 1.225
P138667 6.400 6.618 -7.778 1.729
P138668 6.540 6.502 -8.050 1.236
P138669 6.679 6.771 -7.888 0.941
P138671 6.379 6.232 -7.716 1.232
P138672 6.126 6.179 -7.630 0.815
P138673 6.308 6.272 -8.348 0.757
P138674 6.361 6.134 -7.215 1.834
P138675 6.571 6.351 -7.481 1.054
P138676 6.390 6.165 -6.829 0.705
P138677 6.347 6.522 -7.746 1.108
P138678 6.454 6.427 -7.824 1.167
P138679 6.556 6.500 -8.239 1.174
P138680 6.501 6.421 -7.812 1.495
P138681 6.571 6.313 -7.366 0.569
P138682 6.404 6.415 -8.186 1.024
P138684 6.405 6.178 -6.987 0.904
P138685 6.456 6.161 -7.170 1.337
P138686 6.378 6.300 -7.390 1.001
P138687 6.368 6.300 -7.834 1.408
P138688 6.399 6.363 -8.108 0.378
P138689 6.455 6.382 -8.036 1.278
P138690 6.464 6.310 -8.409 1.192
P138691 6.398 6.320 -7.572 1.046
P138692 6.478 6.319 -8.441 1.165
P138693 6.420 6.441 -7.698 0.536
P138694 6.094 6.267 -7.790 0.589
P138695 6.354 6.389 -7.641 0.800
P138696 6.408 6.390 -7.683 1.542
P138697 6.346 6.368 -7.672 1.307
P138698 6.316 6.331 -7.962 1.232
P138699 6.541 6.293 -7.503 0.455
P138700 6.238 6.092 -8.094 1.214
P138701 6.235 6.029 -7.476 1.365
P138702 6.549 6.470 -8.224 0.712
P138703 6.350 6.396 -8.018 0.892
P138704 6.401 6.436 -8.216 1.396
P138705 6.484 6.398 -7.990 1.675
P138706 6.449 6.419 -7.740 0.985
P138707 6.647 6.261 -7.420 1.638
P138708 6.318 6.233 -7.434 0.755
P138709 6.303 6.182 -7.768 1.203
P138710 6.398 6.252 -7.092 1.228
P138711 6.298 6.178 -7.576 1.333
P138712 6.338 6.251 -8.357 1.447
P138713 6.322 6.335 -7.939 0.527
P138714 6.386 6.404 -9.104 1.189
P138715 6.350 6.344 -8.116 0.940
P138716 6.721 6.373 -7.608 0.695
P138717 6.414 6.405 -7.635 1.072
P138718 6.414 6.241 -7.251 1.072
P138719 6.717 6.885 -8.045 0.868
P138720 6.428 6.336 -7.676 0.609
P138721 6.404 6.485 -8.564 1.036
P138722 6.479 6.339 -7.787 0.612
P138723 6.513 6.363 -7.645 0.816
P138724 6.281 6.339 -7.406 1.260
P138725 6.455 6.307 -7.473 2.326
P138726 6.486 6.419 -7.670 1.054
P138727 6.585 6.462 -7.878 0.617
P138728 6.387 6.454 -8.223 1.142
P138729 6.480 6.380 -8.984 1.541
P138730 6.678 6.456 -7.806 0.503
P138731 6.292 6.476 -8.830 1.498
P138734 6.405 6.408 -8.340 1.078
P138735 6.343 6.223 -7.777 0.835
P138736 6.653 6.557 -7.977 0.616
P138737 6.510 6.603 -7.718 1.071
P138739 6.208 6.195 -7.871 0.540
P138740 6.238 6.239 -8.096 0.217
P138741 6.494 6.445 -8.141 1.288
P138742 6.367 6.303 -7.668 0.985
P138743 6.492 6.418 -7.550 1.005
P138744 6.587 6.609 -7.534 0.781
P138745 6.140 6.235 -7.368 1.223
P138746 6.770 6.465 -7.846 0.721
P138747 6.512 5.782 -6.599 1.567
P138748 6.337 6.250 -7.981 0.708
P138750 6.207 5.986 -7.110 1.139
P138751 6.317 6.279 -8.218 0.608
P138752 6.647 6.512 -7.304 0.451
P138753 6.601 6.581 -7.724 0.765
P138754 6.547 6.415 -7.299 1.033
P138755 6.423 6.305 -7.704 0.617
P138756 6.364 6.443 -7.673 0.894
P138757 6.428 6.395 -8.348 1.351
P138758 6.412 6.336 -7.938 0.541
P138759 6.415 6.352 -7.300 1.126
P138760 6.427 6.237 -8.316 1.489
P138761 6.342 6.341 -7.834 1.116
P138762 6.592 6.326 -7.941 0.787
P138763 6.508 6.451 -7.991 0.695
P138764 6.455 6.368 -7.632 0.633
P138765 6.245 6.403 -8.082 1.065
P138766 6.381 6.193 -7.596 0.645
P138767 6.316 6.297 -7.719 0.290
P138768 6.374 6.340 -7.775 1.113
P138769 6.331 6.393 -8.004 1.059
P138770 6.335 6.472 -7.729 1.567
P138771 6.347 6.299 -8.056 0.779
P138772 6.389 6.372 -7.474 1.045
P138773 6.362 6.412 -7.896 1.226
P138774 6.662 6.533 -7.698 0.392
P138775 6.443 6.186 -7.528 0.803
P138776 6.264 6.298 -7.831 0.934
P138777 6.572 6.498 -7.761 0.745
P138778 6.437 6.367 -7.900 0.995
P138779 6.280 6.392 -8.243 1.056
P138780 6.609 6.424 -8.011 0.316
P138781 6.320 6.334 -7.814 0.667
P138782 6.616 6.374 -6.926 1.378
P138783 6.343 6.184 -7.727 1.362
P138784 6.507 6.389 -7.284 0.632
P138785 6.500 6.398 -7.781 1.012
P138786 6.179 6.187 -7.411 0.900
P138787 6.445 6.510 -7.716 0.930
P138788 6.759 6.774 -8.364 1.630
P138789 6.404 6.415 -7.968 1.193
P138790 6.765 6.647 -7.974 0.686
P138791 6.579 6.464 -7.584 1.045
P138792 6.510 6.248 -7.508 0.767
P138793 6.347 6.345 -7.678 1.194
P138794 6.390 6.427 -7.827 1.002
P138795 6.733 6.648 -8.120 0.623
P138796 6.312 6.237 -8.868 1.440
P138797 6.422 6.394 -7.695 0.563
P138798 5.485 5.583 -9.147 0.237
P138808 5.815 5.713 -8.289 0.946
P138811 5.792 5.880 -9.007 0.509
P138814 5.828 5.964 -9.023 0.792
P138816 5.838 5.898 -9.171 0.351
P138818 5.871 5.945 -8.897 0.762
P138819 5.943 6.021 -9.534 0.290
P138821 5.663 5.534 -8.774 0.658
P138822 5.732 5.809 -8.416 0.700
P138823 5.995 5.721 -9.215 1.117
P138824 5.629 5.678 -8.487 0.795
P138826 5.894 5.818 -9.343 0.853
P138830 5.780 5.825 -10.199 0.286
P138834 5.875 5.722 -9.738 0.823
P138838 5.967 5.759 -9.142 0.537
P138840 5.845 5.926 -9.843 0.801
P138845 6.036 5.713 -9.487 1.367
P138846 5.310 5.540 -9.221 1.139
P138847 5.202 4.993 -7.634 1.246
P138848 5.592 5.783 -9.149 0.895
P138849 5.526 5.802 -9.158 0.920
P138850 5.415 5.370 -8.661 1.057
P138851 5.498 5.614 -9.386 0.839
P138852 5.359 5.254 -6.698 1.019
P138853 5.590 5.681 -7.943 0.858
P138854 5.702 5.829 -8.594 1.061
P138855 5.164 5.068 -7.153 0.766
P138856 5.450 5.650 -9.325 1.012
P138857 5.738 5.930 -9.475 0.631
P138858 5.964 6.136 -8.861 0.902
P138859 5.755 5.930 -9.385 0.389
P138860 5.697 5.800 -9.463 0.438
P138861 5.421 5.486 -8.184 0.342
P138862 5.515 5.509 -8.009 0.838
P138863 5.581 5.841 -9.277 1.064
P138864 5.577 5.695 -9.428 0.818
P138865 5.592 5.657 -8.561 0.858
P138866 5.491 5.703 -9.084 1.160
P138867 5.231 4.838 -6.320 1.086
P138869 5.610 5.590 -9.027 0.889
P138870 5.446 5.667 -9.443 0.742
P138871 5.479 5.177 -7.492 1.142
P138872 5.708 5.338 -6.861 1.038
P138873 5.941 6.049 -8.935 0.607
P138874 5.832 5.963 -9.945 0.319
P138875 5.722 5.979 -9.210 0.806
P138876 5.689 5.674 -8.114 1.636
P138877 5.735 5.758 -8.738 0.574
P138878 5.843 6.000 -9.794 0.314
P138879 5.692 5.682 -7.752 1.168
P138880 5.880 5.982 -9.047 0.361
P138881 5.698 5.817 -9.575 0.428
P138882 5.840 5.629 -7.455 0.781
P138883 4.959 4.730 -6.992 0.557
P138884 5.676 5.542 -6.956 0.646
P138885 5.637 5.898 -9.456 1.192
P138886 5.856 6.055 -9.133 0.661
P138887 5.455 4.898 -6.262 1.534
P138888 5.775 5.606 -7.938 0.766
P138889 5.297 5.827 -9.123 1.195
P138890 5.719 6.017 -9.365 1.103
P138891 5.661 5.242 -6.099 1.040
P138892 5.607 5.292 -7.391 0.803
P138896 5.674 5.035 -6.442 1.168
P138899 5.755 5.879 -9.152 0.794
P138900 5.482 5.278 -6.479 0.786
P138901 5.928 6.011 -8.729 0.672
P138902 5.885 6.120 -9.777 0.700
P138903 5.963 6.015 -8.885 0.547
P138904 5.610 5.500 -8.026 0.917
P138906 5.989 6.137 -9.536 0.474
P138907 5.954 6.247 -9.658 0.542
P138908 6.071 6.178 -10.106 0.304
P138909 5.904 5.953 -8.988 0.636
P138911 5.755 5.418 -8.694 0.602
P138913 6.375 6.255 -9.752 0.450
P138914 5.677 5.708 -8.235 0.305
P138916 5.798 5.805 -8.392 0.667
P138919 5.893 5.838 -7.825 1.126
P138920 6.058 6.212 -9.433 0.394
P138921 5.466 5.301 -6.452 1.194
P138922 5.685 5.643 -8.383 0.829
P138923 5.618 5.986 -7.778 1.580
P138924 5.575 5.469 -7.544 0.929
P138925 6.101 5.986 -9.868 0.331
P138927 5.560 5.478 -8.067 0.521
P138928 5.898 5.989 -8.978 0.378
P138929 5.635 5.845 -9.660 2.381
P138930 5.544 5.859 -9.010 1.665
P138932 5.757 5.155 -7.041 0.888
P138933 5.785 5.733 -7.727 2.007
P138934 6.081 6.179 -8.609 0.426
P138935 5.957 5.987 -9.053 0.949
P138937 6.126 6.304 -9.744 0.408
P138938 5.696 5.641 -7.466 0.858
P138939 5.853 6.071 -10.045 1.625
P138940 5.984 6.142 -9.111 0.419
P138941 5.664 5.905 -8.432 1.987
P138942 5.681 5.716 -8.843 0.915
P138943 5.652 5.638 -7.121 0.517
P138944 5.646 5.868 -7.229 0.548
P138945 5.674 5.535 -8.291 1.897
P138947 6.029 6.124 -8.351 0.597
P138948 5.710 5.569 -7.803 1.459
P138949 6.197 6.269 -9.097 1.348
P138950 6.310 6.486 -9.056 0.818
P138951 5.996 6.018 -8.770 1.253
P138952 5.940 6.103 -9.765 0.625
P138953 5.671 5.967 -9.096 1.070
P138954 6.124 6.388 -9.238 0.888
P138955 6.236 6.234 -8.066 0.516
P138956 6.118 6.024 -6.983 0.815
P138957 6.347 6.382 -8.188 1.119
P138958 6.245 6.265 -8.085 0.211
P138959 6.364 6.412 -7.623 0.435
P138960 6.241 6.351 -7.780 0.655
P138961 6.341 6.251 -7.976 0.413
P138962 6.160 6.148 -7.957 0.258
P138963 6.328 6.365 -7.677 0.365
P138964 6.227 6.163 -8.134 1.504
P138965 6.481 6.466 -7.648 0.718
P138966 6.433 6.201 -7.243 0.778
P138967 6.190 6.220 -8.461 0.771
P138968 6.443 6.383 -8.276 0.646
P138970 6.477 6.542 -7.351 1.650
P138971 6.349 6.218 -8.010 0.436
P138972 6.309 6.407 -7.330 0.914
P138973 6.563 6.575 -8.184 1.195
P138974 6.532 6.420 -7.588 0.803
P138975 6.213 6.238 -7.691 0.578
P138976 6.561 6.541 -7.800 0.810
P138977 6.558 6.390 -7.348 0.569
P138978 6.439 6.331 -7.607 0.728
P138979 6.567 6.398 -7.461 0.820
P138980 6.588 6.511 -8.016 1.417
P138981 6.541 6.530 -7.458 0.419
P138982 6.527 6.311 -7.569 0.819
P138983 6.565 6.512 -8.211 0.633
P138984 6.522 6.346 -7.522 0.661
P138985 6.499 6.470 -8.115 0.512
P138986 6.413 6.492 -8.213 0.899
P138987 6.526 6.427 -7.576 0.606
P138988 6.216 6.375 -8.335 1.001
P138989 6.617 6.481 -8.133 0.666
P138990 6.272 6.277 -8.158 0.693
P138991 6.493 6.343 -7.567 0.535
P138992 6.481 6.295 -7.615 0.661
P138993 6.477 6.319 -7.729 0.601
P138994 6.348 6.294 -7.954 0.639
P138995 6.388 6.374 -7.762 0.589
P138996 6.440 6.178 -7.745 0.858
P138997 6.319 6.283 -7.892 0.639
P138998 6.400 6.449 -7.427 0.892
P138999 6.534 6.508 -7.865 0.535
P139000 6.355 6.270 -8.057 0.263
P139001 6.607 6.611 -8.133 0.303
P139002 6.240 6.291 -7.824 0.240
P139003 6.577 6.403 -7.793 0.509
P139004 6.463 6.283 -7.373 0.913
P139005 6.331 6.283 -8.050 0.398
P139006 6.353 6.313 -8.181 0.199
P139007 6.392 6.512 -8.263 1.559
P139008 6.466 6.411 -8.147 0.979
P139009 6.523 6.410 -7.846 0.587
P139010 6.427 6.289 -8.342 0.677
P139011 6.361 6.237 -7.621 0.640
P139012 6.330 6.134 -7.573 0.639
P139013 6.295 6.257 -7.818 0.590
P139014 6.379 6.153 -7.817 0.742
P139015 6.608 6.462 -7.568 0.563
P139016 6.474 6.457 -8.233 0.975
P139017 6.351 6.168 -7.432 0.761
P139018 6.532 6.532 -7.599 0.576
P139019 6.400 6.320 -7.716 0.567
P139020 6.499 6.407 -6.783 0.603
P139021 6.417 6.277 -7.624 0.651
P139022 6.462 6.486 -7.529 1.067
P139023 6.552 6.594 -7.680 0.666
P139024 6.397 6.431 -8.077 1.020
P139025 6.306 6.185 -7.592 1.007
P139026 6.461 6.405 -7.910 0.620
P139027 6.387 6.579 -8.800 0.916
P139028 6.398 6.461 -7.400 0.975
P139029 6.401 6.490 -7.524 1.752
P139030 6.346 6.312 -8.207 0.265
P139031 6.287 5.908 -5.885 1.166
P139032 6.192 6.221 -7.780 0.508
P139033 6.374 6.280 -7.599 0.711
P139034 6.614 6.375 -7.427 0.566
P139035 6.365 6.248 -6.530 0.911
P139036 6.366 6.403 -7.676 0.283
P139037 6.436 6.593 -7.878 0.794
P139038 6.502 6.235 -8.070 1.222
P139039 6.446 6.063 -7.065 1.017
P139040 6.472 6.071 -6.717 1.312
P139041 6.371 6.361 -7.619 0.435
P139042 6.264 6.121 -7.505 0.973
P139043 6.371 6.349 -7.723 0.620
P139044 6.289 6.303 -8.138 0.675
P139045 6.574 6.321 -7.201 0.669
P139046 6.506 6.460 -6.939 0.903
P139047 6.457 6.395 -7.343 0.593
P139048 6.245 6.111 -7.784 0.599
P139049 6.329 6.335 -7.301 0.823
P139051 6.594 6.478 -7.188 0.811
P139052 6.385 6.279 -7.465 0.656
P139053 6.616 6.446 -8.187 0.679
P139054 6.335 6.166 -7.486 0.572
P139055 6.433 6.294 -7.422 0.605
P139056 6.629 6.436 -7.870 0.719
P139057 6.584 6.434 -7.387 0.506
P139058 6.642 6.474 -7.453 0.754
P139059 6.588 6.690 -8.538 0.869
P139061 6.409 6.329 -7.982 0.297
P139062 6.613 6.521 -8.107 0.151
P139063 6.257 6.271 -7.442 0.794
P139064 6.530 6.375 -7.834 0.712
P139065 6.459 6.415 -7.436 0.621
P139066 6.223 6.278 -8.074 0.320
P139067 6.403 6.128 -7.563 0.662
P139068 6.473 6.450 -7.190 0.753
P139069 6.567 6.589 -7.979 0.539
P139070 6.428 6.312 -7.890 0.587
P139071 6.626 6.460 -7.761 0.662
P139072 6.114 6.050 -7.203 0.906
P139073 6.543 6.547 -7.962 0.397
P139074 6.527 6.410 -7.342 0.949
P139075 6.421 5.983 -6.216 1.253
P139076 6.307 6.428 -7.321 1.505
P139077 6.264 6.196 -7.756 0.486
P139078 6.726 6.511 -7.149 1.384
P139079 6.291 6.249 -7.917 1.173
P139080 6.502 6.449 -8.194 0.172
P139081 6.491 6.208 -8.236 0.856
P139082 6.628 6.493 -7.290 0.638
P139083 6.352 6.265 -7.250 1.144
P139084 6.367 6.445 -7.611 0.340
P139085 6.332 6.318 -7.973 0.952
P139086 6.216 6.380 -7.353 0.883
P139087 6.486 6.456 -8.114 0.628
P139088 6.442 6.543 -8.244 0.817
P139089 6.407 6.264 -7.433 0.556
P139090 6.528 6.341 -7.392 0.572
P139091 6.429 6.349 -7.370 0.889
P139092 6.374 6.214 -7.497 0.623
P139093 6.399 6.301 -8.013 0.600
P139094 6.442 6.467 -7.643 0.660
P139095 6.448 6.507 -7.324 1.108
P139096 6.502 6.277 -7.697 0.534
P139097 6.684 6.522 -8.018 0.631
P139098 6.446 5.948 -6.671 1.423
P139099 6.473 6.428 -7.546 0.963
P139106 6.107 6.235 -8.817 0.434
P139110 6.130 6.080 -8.401 0.199
P139114 6.141 6.343 -8.691 0.581
P139115 6.039 6.170 -8.506 0.709
P139117 5.948 6.018 -8.429 0.583
P139125 6.057 6.109 -8.757 0.385
P139126 6.034 6.050 -8.167 0.597
P139133 6.507 6.508 -9.651 0.792
P139143 6.537 6.533 -8.566 0.492
P139144 5.598 5.599 -6.413 1.110
P139146 5.253 4.949 -6.501 1.830
P139147 5.523 4.780 -5.270 1.803
P139148 5.404 5.336 -5.315 0.830
P139149 5.358 5.191 -6.667 1.693
P139152 5.343 5.192 -5.542 0.614
P139155 5.350 5.397 -6.013 0.463
P139156 5.354 4.992 -6.016 1.277
P139159 5.205 4.912 -6.395 1.624
P139160 5.781 5.859 -6.684 0.880
P139162 5.575 5.196 -6.315 0.839
P139163 5.343 5.240 -6.210 0.968
P139164 5.574 5.472 -6.426 1.207
P139165 5.456 5.371 -6.436 1.495
P139166 5.173 5.096 -6.264 1.302
P139167 5.567 5.121 -6.040 1.775
P139168 5.630 5.356 -6.493 0.878
P139169 5.453 4.961 -5.400 2.590
P139171 5.477 5.386 -6.181 1.900
P139172 5.185 4.710 -5.765 1.425
P139174 5.295 5.361 -6.690 3.235
P139175 5.606 5.565 -7.437 0.324
P139178 5.524 5.773 -8.173 0.570
P139179 5.670 5.804 -8.615 0.451
P139182 5.655 5.542 -6.772 0.178
P139184 5.595 5.662 -7.049 0.754
P139186 5.562 5.602 -8.453 0.329
P139189 5.607 5.557 -7.310 0.837
P139190 5.310 5.362 -8.384 0.401
P139192 5.543 5.589 -8.424 0.368
P139194 5.521 5.573 -8.466 0.362
P139197 5.492 5.488 -7.531 0.359
P139198 5.836 5.944 -8.438 0.359
P139201 5.552 5.498 -7.906 0.791
P139202 5.482 5.603 -8.631 0.353
P139204 5.792 5.740 -6.727 0.741
P139205 6.055 5.896 -8.539 3.155
P139206 6.107 6.288 -8.523 1.989
P139208 5.628 5.870 -7.018 0.887
P139210 5.430 5.369 -7.000 1.290
P139213 5.737 5.933 -6.650 0.785
P139214 5.754 5.957 -6.926 0.933
P139215 5.732 6.230 -7.637 3.378
P139216 6.056 6.004 -7.889 3.113
P139219 5.521 6.132 -7.161 1.952
P139220 5.595 6.098 -7.433 2.638
P139222 5.784 5.885 -8.334 0.281
P139225 5.659 5.754 -8.332 0.201
P139226 5.763 5.725 -6.769 0.391
P139229 5.654 5.806 -8.457 0.424
P139230 5.861 5.826 -6.375 0.601
P139232 5.684 5.836 -8.573 0.353
P139235 5.515 5.490 -7.721 0.254
P139236 5.682 5.711 -8.223 0.338
P139239 6.014 6.295 -7.774 0.478
P139240 5.638 5.619 -7.287 0.282
P139242 5.633 5.796 -8.420 0.386
P139245 5.676 5.691 -8.209 0.424
P139247 5.436 5.588 -8.340 0.417
P139248 5.731 5.771 -6.857 0.380
P139250 5.670 5.732 -7.826 0.511
P139251 5.512 5.427 -7.512 0.332
P139254 5.645 5.586 -7.689 0.943
P139255 5.721 5.756 -7.963 0.161
P139257 5.579 5.547 -7.639 1.048
P139258 5.533 5.466 -6.848 0.994
P139261 5.908 5.791 -7.083 0.435
P139263 5.972 6.128 -8.756 0.308
P139265 5.701 5.680 -7.810 0.222
P139266 5.711 5.791 -8.200 0.344
P139267 5.879 6.066 -7.634 0.617
P139269 5.856 6.050 -8.652 0.392
P139270 5.682 5.752 -7.655 0.406
P139272 5.989 6.122 -7.994 0.382
P139275 5.686 5.718 -8.433 0.128
P139276 5.831 5.720 -7.104 0.429
P139278 5.671 5.701 -7.743 0.340
P139280 5.717 5.900 -8.506 0.414
P139281 5.787 5.758 -7.681 0.302
P139284 5.909 5.973 -7.636 0.964
P139285 5.591 5.662 -8.008 0.162
P139287 5.880 5.911 -7.426 0.642
P139289 5.598 5.578 -7.054 0.601
P139291 5.951 5.634 -6.636 0.464
P139293 5.922 5.724 -7.874 0.956
P139295 5.822 5.987 -8.100 0.631
P139297 5.488 5.662 -8.383 0.388
P139298 5.748 5.925 -8.461 0.387
P139300 5.914 5.978 -7.486 0.725
P139302 5.675 5.619 -7.586 0.344
P139304 6.210 6.187 -7.458 0.820
P139306 5.654 5.551 -6.894 0.774
P139308 5.657 5.594 -7.261 0.957
P139309 5.797 5.601 -6.183 0.729
P139310 5.846 5.831 -7.069 0.860
P139312 5.527 5.602 -7.700 1.759
P139313 5.919 6.067 -7.869 1.528
P139316 6.223 6.380 -8.397 1.758
P139317 6.020 6.005 -7.581 3.051
P139318 5.708 5.854 -7.562 2.704
P139320 5.689 5.667 -7.434 1.167
P139321 5.961 5.892 -5.595 0.925
P139322 5.932 5.648 -6.687 1.829
P139323 5.862 5.870 -6.883 2.849
P139325 5.779 5.892 -6.675 1.010
P139327 5.823 5.974 -8.538 0.384
P139329 5.658 5.764 -8.388 0.450
P139330 5.839 5.695 -6.861 0.212
P139332 5.622 5.732 -8.151 0.278
P139335 5.979 5.792 -6.267 0.778
P139336 5.858 5.893 -8.164 0.600
P139338 5.908 5.826 -6.440 0.622
P139340 5.896 5.736 -8.240 0.897
P139342 5.806 5.710 -7.107 0.293
P139345 5.973 6.112 -7.688 0.600
P139347 5.607 5.581 -6.787 0.884
P139348 5.707 5.571 -7.244 0.672
P139351 5.669 5.737 -7.954 0.452
P139353 5.577 5.665 -8.034 0.398
P139354 5.810 6.044 -8.310 0.432
P139357 5.814 5.970 -7.619 0.593
P139358 5.843 5.770 -7.493 0.379
P139361 5.916 5.683 -7.309 0.532
P139363 5.881 5.830 -8.485 0.427
P139364 5.785 5.549 -7.274 1.204
P139366 5.522 5.591 -8.322 0.384
P139368 5.906 5.885 -8.503 0.537
P139370 5.704 5.759 -8.387 0.337
P139373 5.823 5.714 -7.361 0.309
P139374 6.150 6.047 -7.247 0.472
P139375 5.421 5.470 -8.372 0.353
P139377 5.663 5.978 -8.192 0.514
P139380 5.985 6.186 -8.154 0.449
P139381 5.550 5.495 -7.006 0.287
P139383 5.798 5.472 -7.174 0.473
P139386 5.864 5.835 -7.653 0.391
P139388 5.900 5.785 -8.067 0.919
P139390 5.564 5.586 -7.959 0.405
P139391 5.804 5.740 -6.759 0.433
P139392 5.969 6.187 -7.575 0.570
P139395 5.757 5.569 -7.626 0.814
P139397 5.930 6.105 -7.611 0.590
P139399 5.799 6.015 -7.029 0.728
P139400 5.653 5.770 -7.739 0.282
P139402 5.854 5.679 -6.968 0.487
P139404 5.388 5.441 -7.602 0.948
P139406 5.694 5.459 -6.689 1.586
P139409 6.024 6.062 -8.181 0.321
P139410 5.969 6.031 -7.072 0.439
P139412 6.012 5.749 -7.124 0.478
P139413 5.593 5.373 -6.001 1.809
P139414 5.581 5.729 -8.089 0.395
P139417 6.090 5.902 -6.957 1.897
P139419 5.859 5.880 -6.647 1.107
P139420 5.809 5.811 -5.648 0.512
P139422 6.081 5.982 -6.030 0.261
P139424 5.776 5.766 -7.633 0.259
P139427 6.180 6.199 -7.738 0.299
P139429 5.885 5.547 -7.414 2.146
P139430 5.454 5.612 -7.421 0.318
P139431 5.823 5.928 -8.147 0.591
P139432 5.832 5.794 -8.580 0.436
P139433 5.680 5.683 -8.105 0.596
P139434 5.780 5.847 -9.033 0.625
P139435 5.759 6.059 -8.260 0.810
P139436 5.949 5.977 -8.747 0.588
P139437 6.044 6.125 -7.998 0.614
P139439 5.980 6.097 -9.668 0.452
P139440 6.168 6.304 -7.736 0.813
P139441 5.938 5.950 -9.464 0.811
P139442 5.915 5.999 -7.749 0.608
P139443 6.046 5.904 -8.567 1.166
P139444 5.952 6.037 -8.635 0.488
P139445 5.687 5.746 -7.637 0.517
P139446 5.783 5.848 -8.595 0.549
P139447 5.852 5.883 -8.741 0.594
P139448 5.829 5.796 -7.569 1.206
P139449 5.847 5.931 -8.650 0.613
P139450 5.837 5.865 -8.730 0.612
P139451 6.022 6.000 -9.019 0.635
P139452 5.907 5.876 -8.151 1.305
P139453 5.976 5.991 -8.669 0.840
P139454 6.028 6.077 -8.659 0.694
P139455 5.806 5.802 -8.099 0.383
P139456 5.565 5.628 -7.630 0.459
P139457 5.655 5.877 -7.813 0.865
P139458 5.691 5.932 -7.516 0.602
P139459 5.862 5.969 -6.864 1.143
P139460 5.913 5.786 -8.220 0.615
P139461 6.050 6.072 -8.774 1.009
P139462 5.639 5.752 -7.568 0.543
P139463 6.074 6.099 -9.082 0.882
P139464 5.724 5.627 -8.128 0.704
P139465 5.936 5.979 -8.648 0.462
P139466 5.498 5.529 -7.549 0.559
P139467 5.979 6.121 -8.760 0.863
P139468 6.096 6.147 -8.912 0.693
P139469 5.978 6.194 -8.110 0.782
P139471 5.933 5.822 -7.988 0.811
P139472 5.934 6.086 -8.982 0.579
P139473 5.813 5.941 -7.864 0.933
P139474 5.994 6.080 -9.299 0.614
P139475 6.099 6.085 -8.554 0.834
P139476 5.989 6.104 -9.365 0.555
P139477 6.015 6.033 -7.693 0.814
P139478 6.309 6.331 -8.382 0.642
P139479 5.826 5.982 -8.183 0.718
P139480 5.933 6.031 -8.285 0.639
P139481 5.984 5.972 -8.727 0.763
P139483 6.100 5.955 -8.256 0.728
P139484 6.225 6.262 -9.047 0.708
P139485 6.181 6.187 -8.376 0.846
P139487 5.890 5.951 -9.048 0.801
P139488 6.007 6.029 -6.666 0.485
P139489 6.152 6.158 -8.582 0.613
P139490 5.981 6.145 -8.928 0.553
P139491 5.771 5.850 -8.026 0.640
P139492 6.181 6.013 -7.560 1.240
P139493 5.998 6.073 -9.212 0.572
P139494 5.902 6.041 -8.233 0.640
P139495 6.082 5.966 -7.745 0.681
P139496 5.900 6.011 -8.242 0.938
P139497 5.622 5.842 -6.529 0.561
P139498 6.142 6.045 -7.072 0.857
P139499 5.874 5.980 -7.604 0.508
P139500 5.965 5.949 -8.239 0.593
P139501 5.854 6.009 -9.464 0.546
P139502 6.015 6.151 -9.779 0.685
P139503 6.030 6.052 -8.252 0.614
P139505 6.080 6.084 -8.502 0.902
P139506 5.907 5.894 -8.000 0.690
P139508 6.036 6.070 -8.195 1.053
P139509 6.028 6.074 -7.533 0.666
P139510 5.826 6.084 -8.485 0.709
P139511 6.278 6.334 -8.066 0.897
P139512 6.063 6.016 -7.621 0.827
P139513 6.090 5.700 -7.091 1.327
P139515 6.092 6.169 -8.500 0.650
P139516 6.069 6.132 -8.445 0.693
P139517 5.828 5.917 -7.895 1.288
P139518 6.310 6.228 -7.995 0.810
P139519 5.971 5.895 -7.577 0.548
P139520 6.264 6.328 -7.955 0.730
P139521 5.788 5.929 -7.752 0.653
P139522 6.151 6.319 -9.336 0.640
P139523 6.082 6.073 -8.542 0.618
P139524 5.727 5.819 -8.496 0.436
P139525 6.186 6.384 -8.731 0.471
P139526 6.199 6.268 -8.730 0.675
P139527 5.685 5.748 -8.643 0.590
P139528 6.345 6.306 -8.143 0.687
P139531 6.108 6.002 -6.917 0.549
P139532 6.219 6.153 -8.556 0.645
P139533 6.070 6.181 -7.993 0.877
P139534 5.944 6.166 -7.862 0.815
P139535 6.132 5.953 -8.394 1.918
P139536 5.985 5.824 -8.067 0.684
P139537 6.308 6.294 -8.635 0.684
P139538 6.082 6.166 -7.748 0.831
P139539 6.146 6.258 -8.350 0.606
P139541 6.191 6.280 -8.307 0.621
P139542 6.090 6.185 -7.902 0.547
P139543 6.148 6.308 -9.268 0.513
P139544 5.990 6.021 -7.874 0.558
P139545 5.697 5.749 -7.509 0.533
P139546 6.250 6.152 -8.453 0.634
P139547 5.915 5.899 -7.999 0.695
P139548 6.155 6.113 -8.514 0.899
P139549 6.194 6.099 -8.410 0.675
P139550 6.037 5.971 -7.803 0.475
P139551 5.824 5.958 -7.830 1.022
P139552 5.937 6.067 -8.085 0.698
P139554 6.178 6.022 -7.861 0.792
P139555 6.085 6.261 -8.349 1.076
P139556 6.050 6.061 -8.400 0.602
P139557 6.147 6.301 -8.057 1.083
P139558 5.967 5.971 -8.398 0.612
P139559 6.319 6.338 -8.528 0.549
P139560 5.792 6.108 -7.085 0.530
P139561 6.035 6.129 -8.445 0.927
P139562 6.105 6.253 -8.379 0.928
P139564 6.027 6.099 -8.677 0.507
P139565 6.201 6.253 -8.298 0.534
P139566 6.096 6.169 -7.950 0.838
P139568 5.993 6.036 -8.029 0.723
P139569 6.020 5.993 -7.899 0.439
P139570 6.317 6.324 -8.924 0.622
P139572 5.989 6.066 -7.522 1.304
P139574 5.748 5.998 -7.821 1.385
P139575 5.773 5.988 -8.420 0.898
P139576 6.022 6.126 -9.340 0.558
P139577 5.946 5.849 -7.293 1.005
P139579 6.253 6.246 -8.308 0.652
P139581 5.997 6.069 -7.681 0.620
P139582 6.119 6.141 -8.309 0.834
P139583 5.840 5.844 -8.080 2.100
P139584 6.127 6.253 -8.131 1.205
P139585 6.119 6.035 -8.347 0.951
P139587 6.253 6.238 -8.486 0.721
P139588 5.978 6.191 -6.994 0.814
P139589 6.192 6.295 -8.870 0.866
P139590 6.167 6.253 -8.014 1.315
P139591 5.828 5.870 -7.857 0.648
P139592 6.182 6.347 -9.492 0.692
P139594 6.127 6.178 -8.640 0.799
P139595 6.137 6.020 -8.649 0.561
P139596 5.892 6.008 -7.530 1.017
P139597 6.058 5.510 -5.317 2.694
P139598 5.947 6.386 -7.972 1.295
P139600 6.252 6.396 -8.965 0.427
P139601 5.961 6.111 -8.987 0.494
P139602 5.843 6.086 -7.703 0.538
P139603 6.532 6.538 -8.826 0.653
P139604 6.365 6.160 -8.129 0.712
P139605 6.150 6.234 -8.786 0.605
P139606 5.973 5.995 -7.605 1.767
P139607 6.202 6.372 -7.832 0.762
P139608 6.077 6.148 -6.912 0.381
P139609 6.074 5.961 -7.822 0.928
P139610 6.195 6.151 -8.314 0.151
P139612 6.686 6.669 -8.288 0.615
P139613 6.043 6.039 -7.967 1.037
P139614 6.076 6.079 -8.108 0.940
P139615 6.014 5.857 -7.014 1.049
P139616 6.251 6.216 -7.347 0.957
P139617 6.139 6.171 -8.398 1.053
P139618 6.214 6.158 -8.219 0.722
P139619 5.932 6.192 -7.466 0.966
P139621 6.271 6.328 -8.855 0.677
P139622 6.196 6.357 -7.923 0.715
P139623 6.039 6.181 -8.541 0.717
P139624 6.071 6.339 -8.707 0.781
P139625 5.778 5.915 -7.363 0.445
P139626 5.959 6.209 -8.115 0.948
P139627 6.358 6.506 -9.113 0.702
P139628 6.087 6.129 -7.623 0.768
P139629 6.364 6.320 -8.253 0.878
P139630 6.403 6.497 -8.672 0.698
P139631 5.928 6.188 -8.149 1.194
P139632 5.934 5.993 -7.733 0.738
P139633 6.154 6.277 -8.109 0.921
P139635 6.085 5.985 -8.888 0.305
P139636 5.902 6.070 -8.353 0.568
P139637 6.056 6.253 -7.518 1.731
P139638 5.949 6.144 -6.974 1.042
P139639 6.481 6.212 -8.079 0.587
P139640 6.037 6.212 -9.607 0.485
P139641 5.493 6.057 -7.296 0.924
P139642 6.461 6.167 -8.033 1.146
P139643 6.360 6.272 -7.225 0.983
P139645 6.090 6.321 -8.975 0.461
P139646 6.027 6.014 -8.047 0.343
P139647 5.876 6.055 -8.434 0.566
P139648 6.262 6.184 -7.002 1.319
P139650 6.128 6.307 -8.063 0.720
P139651 6.149 6.180 -7.604 0.627
P139652 6.577 6.657 -8.478 0.710
P139653 5.970 6.057 -8.209 1.298
P139654 6.467 6.738 -8.338 0.889
P139655 6.378 6.449 -7.940 0.991
P139656 6.029 6.048 -8.538 0.646
P139657 6.220 6.371 -8.866 1.132
P139658 6.098 6.159 -8.443 0.814
P139659 6.604 6.761 -7.960 0.651
P139660 5.935 6.103 -8.490 0.618
P139661 6.375 6.529 -8.276 0.509
P139662 6.422 6.548 -8.106 1.028
P139663 5.934 6.194 -7.998 1.857
P139664 6.262 6.415 -9.261 0.613
P139665 6.185 6.188 -7.728 0.764
P139666 6.128 6.293 -9.032 0.828
P139667 6.127 6.256 -9.206 0.635
P139668 6.026 6.194 -9.022 0.746
P139669 5.963 6.022 -8.163 2.207
P139670 6.204 5.865 -8.881 1.117
P139671 6.160 6.315 -8.640 0.824
P139672 5.927 6.049 -8.080 0.849
P139673 6.276 6.386 -9.990 0.842
P139674 6.111 6.260 -9.625 0.591
P139676 6.064 6.126 -9.601 0.460
P139677 5.956 5.954 -8.403 0.418
P139678 5.990 6.075 -8.142 0.824
P139679 6.384 6.212 -7.853 2.249
P139680 6.180 6.273 -8.407 2.432
P139681 5.854 5.831 -8.223 0.510
P139682 5.912 5.939 -8.215 1.801
P139683 6.398 6.630 -8.026 1.270
P139684 6.074 6.093 -8.288 1.877
P139686 6.308 6.341 -8.249 0.453
P139687 6.173 6.376 -9.025 1.330
P139688 6.697 6.916 -9.687 0.636
P139689 6.838 6.892 -9.239 0.947
P139691 6.052 6.046 -7.739 1.851
P139692 6.224 6.350 -10.556 0.368
P139695 6.056 6.182 -9.603 0.839
P139696 6.326 6.447 -9.127 0.457
P139697 6.723 6.778 -9.249 0.601
P139698 6.641 6.721 -7.960 0.782
P139699 6.336 6.843 -8.400 1.280
P139700 6.050 5.988 -8.853 0.344
P139701 6.343 6.533 -8.911 0.694
P139702 6.403 6.368 -8.228 1.708
P139703 6.512 6.587 -8.747 0.610
P139704 6.262 6.213 -9.765 0.564
P139705 6.753 6.806 -9.508 0.581
P139707 6.060 6.099 -9.724 0.496
P139708 6.527 6.526 -9.341 0.578
P139710 6.377 6.484 -8.372 1.420
P139711 6.367 6.636 -8.486 0.772
P139712 6.373 6.355 -8.514 0.957
P139714 6.466 6.167 -7.773 1.086
P139715 6.398 6.532 -7.773 2.587
P139716 6.216 6.224 -10.206 1.624
P139718 6.505 6.385 -7.949 0.659
P139719 6.251 6.369 -8.818 0.628
P139720 6.266 6.388 -8.370 1.504
P139722 6.201 6.177 -9.909 0.688
P139723 6.493 6.457 -9.538 0.544
P139724 6.332 6.262 -7.441 0.740
P139725 6.259 6.430 -8.138 1.558
P139726 6.491 6.404 -7.788 1.007
P139727 6.369 6.344 -7.752 0.858
P139728 6.393 6.403 -8.104 0.843
P139729 6.476 6.412 -7.695 1.234
P139730 6.392 6.374 -7.623 1.049
P139731 6.309 6.238 -7.823 0.532
P139732 6.410 6.401 -7.874 1.095
P139733 6.280 6.310 -8.567 0.850
P139734 6.359 6.342 -7.708 0.857
P139735 6.450 6.349 -7.836 0.992
P139736 6.374 6.301 -7.565 0.936
P139737 6.209 6.333 -7.698 1.127
P139738 6.434 6.339 -7.484 0.714
P139739 6.315 6.255 -7.677 1.291
P139740 6.396 6.268 -7.466 0.710
P139741 6.242 6.241 -7.777 0.356
P139742 6.523 6.482 -7.740 0.552
P139743 6.305 6.227 -7.790 1.025
P139744 6.439 6.362 -7.858 0.742
P139745 6.488 6.379 -7.885 0.486
P139747 6.312 6.325 -7.822 0.494
P139748 6.307 6.246 -7.520 1.050
P139749 6.380 6.637 -8.037 1.221
P139750 6.530 6.446 -7.817 0.713
P139752 6.244 6.141 -7.152 0.390
P139753 6.365 6.403 -7.623 0.650
P139754 6.399 6.275 -7.809 0.450
P139755 6.457 6.441 -7.887 1.493
P139756 6.302 6.546 -8.154 1.777
P139757 6.306 6.337 -7.678 0.651
P139758 6.222 6.135 -8.179 0.606
P139759 6.329 6.409 -7.995 1.809
P139760 6.573 6.279 -7.306 0.678
P139761 6.386 6.292 -7.599 0.641
P139762 6.444 6.348 -8.162 1.130
P139763 6.292 6.293 -7.731 0.498
P139764 6.392 6.259 -7.954 0.870
P139765 6.587 6.459 -8.572 1.291
P139766 6.366 6.512 -8.192 0.921
P139767 6.383 6.371 -7.657 0.787
P139768 6.343 6.286 -7.991 0.706
P139769 6.476 6.579 -8.099 1.054
P139770 6.374 6.466 -8.149 1.108
P139771 6.398 6.464 -7.473 0.883
P139772 6.313 6.185 -7.465 0.557
P139773 6.349 6.250 -7.462 0.526
P139774 6.418 6.255 -7.055 0.931
P139775 6.362 5.981 -6.706 1.110
P139776 5.724 5.633 -8.946 0.592
P139777 5.599 5.564 -8.553 0.773
P139778 5.311 4.994 -8.691 0.799
P139780 5.443 5.436 -8.957 0.256
P139782 5.498 5.518 -7.489 0.266
P139783 5.616 5.742 -8.149 0.445
P139785 5.932 6.043 -8.586 1.346
P139786 5.745 5.632 -7.374 0.521
P139788 5.595 5.962 -8.850 1.356
P139790 5.652 5.755 -7.955 1.309
P139791 5.764 5.743 -7.655 0.440
P139792 5.951 5.319 -7.890 1.292
P139794 5.959 6.131 -8.645 1.307
P139797 5.946 6.038 -7.720 0.276
P139798 5.666 5.595 -7.050 1.247
P139800 5.733 5.878 -8.462 0.841
P139801 5.618 5.805 -8.085 1.279
P139802 5.820 5.531 -7.338 1.505
P139804 5.780 5.677 -7.898 0.303
P139805 5.719 5.730 -7.893 0.344
P139806 5.804 5.960 -7.402 1.557
P139809 5.919 5.729 -8.091 0.458
P139810 5.719 5.679 -7.892 0.343
P139811 5.611 5.826 -8.362 0.397
P139813 5.965 5.800 -7.939 0.521
P139816 5.739 5.570 -7.591 0.683
P139818 5.807 5.942 -8.214 1.336
P139819 5.810 5.703 -7.830 1.567
P139820 5.818 5.836 -8.038 0.537
P139821 5.774 5.661 -8.282 0.295
P139822 6.037 6.103 -7.794 0.253
P139824 5.738 5.665 -6.737 0.757
P139826 5.709 5.978 -8.325 1.212
P139828 5.846 5.884 -8.751 1.587
P139829 5.752 6.126 -8.182 1.739
P139831 5.570 5.566 -8.190 0.512
P139832 6.114 5.755 -7.764 0.509
P139834 5.780 5.832 -7.716 0.611
P139837 5.803 5.789 -8.106 0.530
P139838 6.007 5.766 -8.277 0.452
P139839 5.857 5.879 -7.867 1.406
P139841 6.066 6.286 -8.691 1.272
P139843 5.867 5.841 -8.193 0.329
P139844 5.940 5.944 -8.235 1.480
P139846 5.870 5.698 -7.871 1.180
P139847 5.650 5.603 -8.019 0.320
P139848 5.853 5.830 -8.003 0.335
P139849 5.840 6.015 -8.245 0.732
P139850 5.964 5.987 -8.156 0.705
P139851 5.813 5.759 -7.601 0.885
P139852 5.994 5.979 -8.067 0.523
P139855 6.048 5.911 -7.662 0.917
P139858 5.886 6.092 -8.251 1.840
P139860 5.943 6.030 -8.028 1.202
P139861 5.903 6.083 -7.303 1.341
P139862 6.212 6.147 -8.479 1.189
P139864 5.997 6.067 -7.600 0.850
P139868 5.922 5.944 -8.668 0.522
P139869 6.004 6.357 -8.245 2.173
P139870 6.010 5.809 -7.628 1.403
P139871 6.355 6.336 -8.783 1.153
P139872 6.030 5.771 -6.925 0.942
P139873 6.050 5.938 -7.974 1.137
P139874 6.156 6.302 -7.617 2.083
P139876 5.827 5.952 -6.320 0.404
P139878 5.890 5.977 -6.840 0.434
P139880 5.833 5.849 -6.173 0.427
P139881 5.706 5.825 -6.250 0.446
P139882 5.850 5.879 -6.481 0.489
P139890 5.916 5.985 -6.323 0.430
P139902 5.880 5.956 -6.457 0.953
P139904 5.894 6.103 -7.107 0.451
P139905 5.880 5.905 -6.652 0.482
P139906 5.761 5.782 -7.032 0.855
P139912 5.727 5.916 -6.737 0.446
P139916 5.868 5.956 -6.365 0.457
P139917 5.810 5.928 -7.461 0.581
P139920 5.994 6.106 -6.497 0.816
P139922 5.897 5.967 -6.843 0.342
P139923 5.945 5.921 -5.907 0.529
P139926 5.954 6.046 -6.743 0.460
P139927 5.836 5.983 -6.475 0.744
P139929 5.929 5.975 -6.450 0.553
P139936 6.207 6.259 -7.114 0.323
P139939 5.876 6.017 -5.871 0.456
P139941 6.143 6.181 -6.621 0.492
P139942 6.002 6.058 -6.322 0.436
P139944 6.001 6.134 -6.638 0.443
P139945 5.907 6.024 -6.685 0.412
P139946 6.043 6.058 -6.553 0.960
P139949 5.751 5.796 -5.765 0.499
P139952 6.117 5.983 -6.224 0.908
P139953 6.118 6.123 -6.382 0.878
P139954 6.125 6.208 -6.710 0.583
P139957 6.076 6.153 -6.565 0.633
P139961 5.701 5.789 -6.399 0.568
P139962 6.150 6.152 -6.448 0.977
P139963 6.221 6.306 -6.635 1.277
P139965 6.232 6.222 -6.366 0.723
P139967 6.267 6.180 -6.277 1.339
P139968 6.284 6.439 -6.754 0.583
P139969 6.168 6.063 -6.830 0.991
P139970 6.295 6.214 -6.451 0.756
P139971 6.282 6.390 -6.587 0.927
P139973 6.425 6.409 -6.822 1.214
P139974 6.354 6.330 -6.084 1.212
P139975 6.365 6.352 -5.943 0.451
P139978 6.039 6.144 -6.323 0.654
P139979 6.125 6.103 -5.959 0.759
P139980 6.139 6.223 -7.146 0.841
P139981 6.288 6.270 -7.341 0.957
P139982 6.320 6.441 -6.942 0.895
P139983 6.186 6.257 -6.330 1.105
P139985 6.278 6.293 -8.245 0.559
P139987 6.303 6.318 -7.619 0.347
P139988 6.243 6.461 -7.046 1.166
P139992 5.920 5.902 -8.222 1.121
P139993 5.868 5.817 -7.358 1.335
P139994 5.557 5.686 -7.217 0.945
P139995 5.876 6.007 -7.168 1.041
P139996 6.132 6.254 -7.107 1.958
P139998 5.831 6.023 -7.028 1.113
P139999 5.807 5.854 -7.396 1.111
P140000 5.765 5.907 -6.911 1.086
P140001 5.901 5.875 -6.727 1.123
P140002 5.681 5.836 -7.249 1.004
P140004 5.621 5.632 -7.120 0.911
P140006 5.866 5.953 -7.315 1.052
P140008 5.863 5.917 -7.463 1.177
P140009 5.700 5.788 -7.386 0.979
P140010 5.725 5.930 -7.541 1.074
P140011 5.495 5.830 -7.507 1.968
P140012 5.978 6.049 -7.222 1.412
P140015 5.862 5.959 -7.471 1.092
P140017 5.469 5.590 -7.639 1.072
P140018 5.709 5.726 -7.833 2.320
P140020 5.768 5.876 -7.765 1.105
P140022 5.780 5.770 -7.563 1.042
P140024 5.828 6.000 -7.287 1.043
P140026 5.539 5.483 -7.158 0.884
P140027 6.196 6.236 -6.457 1.127
P140028 5.969 6.001 -8.251 1.176
P140030 5.776 5.838 -7.435 0.995
P140031 5.687 5.836 -7.229 1.475
P140034 5.795 5.807 -7.782 0.975
P140036 5.793 5.952 -7.414 1.185
P140037 6.016 6.057 -6.495 0.964
P140038 6.105 6.142 -7.547 1.116
P140039 6.040 6.110 -7.565 0.905
P140040 5.814 5.833 -7.643 0.983
P140042 5.967 6.028 -7.458 1.175
P140045 6.087 6.067 -7.974 1.522
P140047 5.871 5.887 -7.574 0.924
P140048 5.822 5.870 -7.522 1.027
P140049 5.951 5.916 -6.821 1.046
P140051 5.960 5.831 -8.017 0.950
P140052 5.978 5.961 -7.398 0.932
P140053 5.877 5.625 -7.504 0.899
P140054 5.922 6.020 -7.324 0.983
P140055 6.001 5.869 -6.560 1.149
P140056 6.560 6.834 -7.705 1.185
P140057 6.105 6.161 -7.633 1.031
P140058 6.197 6.240 -7.026 1.451
P140059 6.028 6.141 -7.872 1.514
P140062 5.972 5.998 -8.264 0.976
P140064 6.123 6.332 -7.304 1.578
P140066 5.901 5.843 -7.859 0.926
P140067 5.947 6.093 -7.836 1.127
P140068 5.686 5.688 -7.614 1.173
P140072 6.020 5.965 -7.606 1.129
P140074 5.948 5.751 -7.808 1.022
P140075 5.986 6.062 -7.304 1.197
P140079 6.109 6.156 -6.902 1.086
P140080 5.988 6.124 -7.946 1.120
P140083 5.838 5.557 -7.441 0.965
P140084 6.015 6.172 -7.063 1.202
P140085 5.921 5.947 -7.681 1.011
P140086 6.020 6.044 -8.065 0.808
P140087 5.932 6.075 -7.847 1.120
P140088 6.064 6.204 -7.718 1.064
P140089 6.137 6.197 -6.937 1.029
P140090 6.131 5.893 -6.979 1.305
P140092 6.101 5.941 -8.070 0.836
P140094 6.226 6.294 -6.919 1.649
P140095 6.076 6.230 -8.116 1.330
P140097 6.067 6.121 -6.324 1.039
P140098 6.054 6.299 -7.284 2.264
P140100 6.273 6.256 -7.121 1.300
P140101 5.919 5.948 -7.628 1.418
P140102 5.936 6.096 -8.153 1.117
P140103 6.409 6.435 -9.249 0.954
P140104 6.073 6.216 -7.670 1.231
P140108 5.918 6.207 -7.654 1.148
P140109 6.026 6.105 -7.437 1.395
P140111 6.209 6.265 -7.591 0.938
P140112 6.021 6.283 -7.392 1.282
P140113 6.069 6.220 -7.751 0.934
P140115 6.053 6.175 -7.739 1.106
P140116 6.385 6.457 -7.353 1.815
P140119 6.142 6.228 -6.885 1.463
P140120 6.595 6.739 -7.884 1.963
P140121 6.131 6.188 -7.700 1.180
P140125 6.096 6.122 -8.077 1.282
P140126 5.931 6.129 -6.766 1.324
P140127 5.889 5.922 -8.316 1.313
P140130 5.920 5.992 -7.350 1.171
P140131 6.043 6.219 -7.523 1.246
P140132 6.520 6.553 -8.971 1.131
P140133 5.691 5.711 -9.737 0.252
P140134 5.692 5.728 -9.911 0.273
P140135 5.678 5.696 -9.493 0.281
P140136 5.800 5.760 -9.713 0.355
P140138 5.917 5.795 -9.401 0.569
P140157 5.906 5.889 -9.380 0.450
P140181 5.964 5.967 -9.567 0.496
P140183 5.971 6.053 -7.355 0.809
P140184 6.007 6.103 -7.375 0.879
P140185 6.151 6.214 -7.577 0.991
P140186 6.004 6.215 -7.507 0.862
P140187 6.034 6.197 -7.292 0.917
P140188 6.316 6.351 -6.820 1.013
P140189 5.989 6.171 -7.547 0.833
P140190 6.242 6.185 -6.718 0.843
P140191 6.130 6.162 -7.009 0.628
P140192 6.308 6.391 -7.508 0.799
P140193 6.006 6.298 -7.103 1.144
P140194 6.041 6.255 -7.200 0.814
P140195 5.791 5.902 -7.021 0.470
P140197 5.771 5.890 -6.926 0.571
P140199 5.815 5.928 -7.050 0.466
P140203 5.983 5.716 -6.432 1.985
P140204 5.669 5.759 -7.294 0.524
P140205 5.782 5.563 -6.451 1.948
P140206 5.976 5.739 -6.766 1.802
P140207 5.881 5.927 -7.049 0.426
P140208 5.740 5.880 -6.942 0.529
P140209 5.688 5.811 -6.515 0.530
P140210 6.139 5.933 -6.929 1.769
P140211 5.856 6.017 -6.548 0.490
P140212 6.178 6.108 -6.814 1.006
P140213 5.769 5.857 -6.601 0.616
P140214 5.925 5.816 -6.138 1.223
P140215 6.206 6.128 -6.893 1.112
P140216 5.739 5.766 -6.764 0.871
P140217 5.873 5.883 -7.079 0.544
P140218 5.939 6.022 -6.806 0.413
P140219 5.765 5.891 -6.687 0.544
P140220 5.941 6.005 -7.096 0.888
P140222 5.858 6.040 -6.736 0.803
P140226 5.820 5.943 -6.739 0.486
P140227 6.108 6.107 -6.546 1.055
P140228 5.916 5.999 -6.757 0.465
P140229 5.888 5.995 -6.702 0.507
P140230 5.731 5.870 -6.994 0.619
P140232 5.918 6.067 -6.810 0.526
P140233 5.786 5.732 -6.805 0.509
P140234 6.340 6.418 -7.004 0.499
P140237 6.153 5.881 -6.934 1.132
P140238 5.697 5.896 -6.397 0.528
P140240 5.869 6.041 -6.367 0.545
P140243 6.090 6.065 -7.093 0.500
P140244 5.978 6.189 -7.119 0.746
P140247 5.837 5.753 -6.504 1.879
P140249 5.854 5.950 -6.773 0.477
P140250 5.912 5.966 -6.200 1.293
P140251 6.057 5.906 -7.280 1.883
P140252 6.157 6.309 -7.205 0.456
P140253 6.109 6.201 -6.868 0.547
P140254 5.870 5.751 -6.691 1.130
P140257 6.099 6.055 -7.774 0.409
P140259 5.996 6.126 -6.565 0.423
P140262 6.006 5.744 -5.929 1.683
P140266 6.093 6.028 -6.512 0.807
P140267 6.094 6.013 -6.351 1.467
P140269 5.996 6.159 -6.289 0.530
P140270 6.191 6.347 -6.966 0.477
P140274 6.243 6.358 -7.127 0.889
P140275 6.113 6.198 -6.945 0.510
P140277 6.168 6.128 -6.917 1.311
P140279 6.038 6.144 -6.114 0.836
P140280 5.922 6.135 -6.937 0.963
P140283 6.228 6.124 -7.262 1.185
P140285 6.394 6.443 -7.464 1.111
P140290 6.319 6.318 -7.664 0.930
P140294 6.597 6.605 -6.069 0.620
P140295 6.611 6.682 -6.964 0.755
P140302 6.537 6.443 -7.736 0.699
P140304 6.044 6.086 -6.643 0.719
P140307 6.532 6.559 -7.396 0.958
P140308 6.542 6.576 -7.523 1.489
P140309 6.325 6.197 -6.638 1.125
P140310 6.221 6.181 -8.271 1.470
P140311 5.951 6.031 -10.235 0.224
P140312 5.993 6.068 -10.434 0.251
P140313 6.019 5.727 -9.820 0.619
P140314 6.078 6.089 -9.827 0.186
P140315 6.121 6.117 -9.920 0.371
P140316 6.110 6.062 -10.092 0.225
P140317 6.129 6.102 -9.474 0.284
P140318 6.099 5.841 -9.443 1.088
P140319 6.177 6.182 -9.261 0.277
P140320 6.200 6.237 -9.194 0.297
P140321 5.988 5.870 -8.348 0.606
P140322 6.180 6.057 -9.831 0.478
P140323 6.184 5.961 -8.765 0.581
P140325 6.328 6.335 -9.511 0.192
P140326 6.270 6.058 -9.292 2.053
P140327 6.135 5.968 -9.385 0.892
P140328 6.197 6.046 -8.571 0.409
P140329 6.207 6.201 -9.398 0.298
P140330 6.177 5.946 -8.192 1.557
P140331 6.317 5.995 -9.681 1.217
P140332 6.302 6.304 -8.650 0.333
P140333 6.204 6.206 -10.388 0.401
P140334 6.193 6.133 -9.819 0.345
P140336 6.336 6.280 -9.889 0.532
P140337 4.013 3.722 -4.031 1.930
P140338 3.601 3.608 -3.834 1.015
P140339 4.173 3.843 -3.368 0.828
P140340 3.681 3.548 -3.855 0.991
P140341 3.946 3.734 -3.934 0.974
P140343 3.826 3.684 -3.930 0.986
P140344 3.972 3.703 -3.842 1.007
P140345 3.709 3.703 -4.013 2.205
P140346 3.850 3.757 -3.805 1.007
P140347 3.915 3.691 -3.845 1.002
P140348 3.604 3.523 -3.858 1.037
P140350 3.777 3.671 -3.897 1.042
P140351 3.860 3.681 -4.125 1.439
P140352 4.044 3.850 -3.450 0.652
P140353 4.022 3.786 -3.545 0.705
P140354 3.820 3.766 -3.951 0.890
P140355 3.746 3.602 -3.915 0.950
P140356 3.771 3.723 -3.889 1.062
P140357 3.933 3.706 -3.533 0.741
P140358 3.816 3.627 -3.859 1.004
P140359 3.831 3.743 -3.862 1.167
P140360 3.717 3.670 -3.652 1.022
P140361 3.890 3.786 -3.802 0.934
P140363 3.914 3.868 -3.891 1.136
P140364 3.952 3.816 -3.987 1.051
P140365 3.721 3.648 -3.879 0.711
P140366 3.922 4.207 -4.086 2.436
P140367 3.964 3.909 -3.828 1.208
P140368 3.980 3.883 -3.894 1.177
P140371 4.030 4.187 -3.484 2.315
P140372 3.932 3.943 -4.039 0.950
P140373 4.091 3.872 -4.148 0.964
P140374 3.834 3.703 -3.907 1.244
P140375 4.056 4.036 -3.933 1.029
P140376 4.170 3.699 -3.937 1.000
P140377 3.715 3.606 -3.739 0.901
P140379 3.949 3.948 -4.115 1.339
P140381 3.937 3.857 -3.757 1.089
P140382 4.221 3.825 -3.444 0.728
P140383 4.149 3.918 -3.957 1.051
P140384 4.334 4.102 -3.410 0.928
P140385 3.810 3.713 -3.928 1.257
P140386 4.334 4.009 -3.506 0.693
P140387 3.999 3.815 -4.023 1.003
P140388 4.035 3.875 -4.188 1.481
P140389 4.178 3.851 -4.020 1.507
P140390 4.153 3.872 -3.725 0.861
P140391 4.055 3.839 -4.044 1.134
P140392 4.204 3.950 -3.633 0.723
P140393 3.999 3.896 -3.189 0.608
P140394 4.082 3.805 -3.559 0.998
P140395 4.091 3.919 -3.948 1.071
P140397 4.474 4.081 -3.374 0.862
P140398 4.327 3.907 -3.558 1.000
P140399 4.168 3.952 -3.761 1.012
P140400 3.913 3.967 -4.024 0.872
P140401 3.967 3.865 -3.897 1.235
P140402 3.879 3.811 -4.131 0.842
P140404 3.990 3.905 -3.895 1.061
P140405 3.812 3.803 -3.857 0.714
P140406 3.993 3.920 -3.994 0.894
P140407 4.122 4.160 -3.313 1.217
P140409 4.057 3.856 -3.765 0.893
P140410 4.034 3.884 -3.887 1.276
P140411 4.122 4.143 -2.675 1.678
P140412 4.253 4.003 -4.234 1.526
P140413 4.232 3.926 -4.127 0.943
P140414 4.210 4.039 -3.789 0.908
P140416 3.770 3.822 -3.281 1.627
P140418 3.624 3.494 -3.885 1.747
P140419 3.775 3.722 -4.122 1.401
P140421 3.905 3.909 -4.166 1.508
P140427 3.695 3.682 -4.068 1.038
P140433 3.568 3.559 -3.879 0.950
P140434 3.884 3.746 -3.974 1.079
P140436 3.914 3.871 -3.824 1.351
P140440 3.835 3.698 -3.912 0.890
P140443 3.774 3.837 -3.387 1.000
P140445 3.666 3.741 -3.936 0.601
P140447 3.874 3.846 -4.264 1.629
P140450 3.910 3.822 -3.800 0.938
P140453 3.662 3.524 -3.856 0.564
P140455 4.188 3.844 -4.003 1.110
P140456 4.285 3.858 -3.976 1.309
P140457 4.248 3.814 -4.372 1.567
P140458 3.828 3.778 -3.741 1.159
P140459 4.285 3.972 -4.075 1.088
P140460 4.271 3.928 -4.101 0.992
P140461 4.128 4.076 -3.939 1.168
P140462 4.036 3.833 -3.173 0.985
P140463 4.178 4.086 -4.351 1.831
P140464 4.243 4.000 -4.291 1.543
P140465 4.156 3.859 -4.076 1.088
P140466 4.165 3.924 -4.165 0.836
P140467 4.191 3.927 -3.997 1.172
P140468 4.234 4.216 -3.058 0.747
P140469 4.267 3.918 -3.963 1.462
P140470 4.220 3.922 -3.975 1.257
P140471 4.204 4.049 -3.857 1.155
P140472 4.044 3.712 -3.282 1.124
P140473 4.237 3.983 -3.466 1.244
P140475 3.930 4.039 -3.251 1.464
P140476 4.348 3.910 -3.260 0.678
P140477 4.264 4.048 -3.468 1.077
P140478 4.443 4.064 -3.502 0.736
P140479 3.895 3.704 -3.921 1.023
P140481 4.415 4.029 -3.597 0.755
P140482 4.244 3.867 -3.424 1.387
P140483 4.062 3.832 -3.993 1.005
P140485 4.143 3.861 -3.609 0.736
P140486 4.256 3.971 -3.442 0.719
P140487 4.019 3.922 -4.063 0.935
P140489 3.682 3.796 -3.965 1.266
P140490 4.158 3.858 -3.990 1.172
P140491 4.003 3.867 -4.018 0.956
P140493 3.801 3.675 -3.673 1.329
P140495 3.776 3.735 -3.969 0.915
P140496 4.254 3.955 -3.501 0.695
P140497 4.212 3.994 -3.459 0.751
P140498 4.443 4.165 -3.403 0.919
P140500 3.878 3.623 -4.042 1.576
P140501 4.003 3.810 -3.958 1.044
P140502 3.738 3.755 -3.305 1.260
P140504 3.853 3.651 -4.026 1.472
P140505 4.214 4.027 -4.262 1.647
P140506 3.930 3.737 -3.882 1.288
P140507 3.913 3.850 -3.518 0.870
P140510 4.238 4.031 -3.620 0.674
P140511 3.943 3.779 -3.989 1.014
P140513 4.120 3.816 -3.502 0.692
P140515 3.831 3.788 -3.471 1.625
P140521 3.670 3.531 -3.916 0.718
P140523 4.063 3.931 -4.112 1.037
P140526 3.857 3.701 -3.694 0.668
P140531 3.734 3.525 -3.726 0.627
P140532 3.813 3.831 -4.407 0.856
P140533 4.033 4.064 -4.227 0.787
P140534 3.803 3.778 -4.261 0.829
P140535 3.774 3.543 -3.760 0.842
P140537 4.295 3.828 -3.610 0.752
P140540 4.206 3.952 -3.990 1.052
P140541 3.794 3.733 -3.771 0.827
P140542 4.156 3.920 -4.114 0.932
P140544 4.403 4.305 -3.146 0.776
P140545 4.028 3.971 -3.877 1.140
P140546 4.018 3.879 -3.866 0.851
P140549 4.102 4.024 -3.820 1.227
P140550 4.025 3.971 -4.028 0.954
P140551 3.813 3.738 -3.870 0.716
P140552 3.999 3.878 -3.952 1.025
P140553 4.129 3.945 -3.907 1.127
P140554 3.903 3.863 -4.125 0.881
P140555 4.003 3.951 -3.993 0.926
P140556 4.130 4.127 -4.180 1.525
P140558 4.263 4.037 -3.795 1.383
P140561 4.209 3.904 -3.870 0.957
P140562 4.243 3.884 -3.879 1.476
P140563 4.183 4.186 -3.495 2.168
P140564 4.194 3.997 -4.031 1.002
P140565 4.101 3.963 -4.158 0.897
P140566 4.012 3.812 -3.373 0.688
P140567 3.958 3.994 -4.021 0.856
P140568 4.200 3.949 -3.766 1.028
P140569 4.135 3.930 -4.066 1.292
P140570 3.956 3.918 -3.067 0.922
P140571 4.116 3.883 -3.700 1.003
P140572 4.019 3.954 -3.685 0.977
P140573 4.000 3.937 -4.080 1.286
P140574 3.864 3.841 -3.860 0.717
P140575 4.232 4.079 -4.118 1.751
P140576 4.192 3.866 -4.136 1.053
P140577 3.895 3.716 -3.826 0.948
P140578 3.789 3.795 -3.818 1.020
P140579 3.817 3.748 -3.084 0.875
P140580 3.836 3.839 -3.998 0.887
P140581 3.816 3.764 -4.067 0.955
P140582 3.571 3.528 -3.791 0.754
P140583 3.717 3.772 -3.996 0.817
P140584 3.923 3.956 -4.129 1.506
P140585 3.775 3.754 -4.023 0.922
P140586 3.644 3.542 -3.814 1.769
P140587 3.813 3.762 -3.666 1.028
P140589 3.846 3.875 -4.081 1.637
P140590 3.812 3.833 -3.989 0.910
P140591 3.722 3.710 -4.102 0.871
P140592 3.919 3.794 -3.873 1.130
P140593 3.815 3.736 -3.910 1.041
P140594 3.593 3.530 -3.868 0.718
P140595 3.859 3.849 -3.385 1.133
P140596 4.027 3.800 -4.033 1.649
P140598 4.157 3.787 -3.211 0.785
P140599 4.358 4.084 -3.014 0.900
P140600 4.410 4.173 -2.832 1.351
P140601 4.247 3.885 -3.293 1.202
P140602 4.395 3.907 -3.322 0.726
P140603 4.408 4.073 -3.225 0.640
P140604 4.435 3.925 -3.393 1.131
P140605 4.068 4.130 -2.995 0.480
P140606 4.346 4.036 -3.520 0.840
P140607 4.422 4.053 -3.618 0.694
P140608 4.163 3.843 -2.935 1.051
P140609 4.264 3.890 -3.610 0.938
P140610 4.473 4.311 -2.934 1.039
P140611 4.297 4.066 -3.560 0.805
P140613 4.088 3.843 -3.244 0.690
P140614 4.227 4.041 -3.001 0.815
P140615 4.257 3.927 -3.052 0.715
P140617 4.374 3.995 -3.382 0.915
P140618 4.443 3.998 -3.481 1.017
P140620 3.690 3.655 -3.763 0.805
P140621 4.347 4.146 -3.554 1.009
P140622 4.126 3.888 -4.141 0.995
P140623 4.233 3.826 -3.523 0.694
P140625 3.920 3.711 -3.561 1.162
P140626 4.302 3.841 -3.674 0.772
P140627 4.223 3.997 -3.450 1.252
P140628 4.291 3.945 -3.394 0.752
P140629 3.887 3.886 -4.183 0.935
P140630 3.669 3.626 -3.847 0.808
P140632 4.055 3.940 -4.222 1.469
P140633 3.851 3.819 -4.137 1.077
P140634 3.740 3.537 -3.898 1.700
P140635 3.918 3.723 -3.596 0.801
P140636 4.114 3.858 -4.003 1.712
P140637 4.061 3.810 -3.578 1.469
P140638 4.111 3.887 -3.621 0.693
P140639 4.157 4.030 -4.329 1.502
P140640 4.191 3.825 -3.701 0.726
P140641 3.898 3.679 -3.365 0.681
P140642 4.302 3.784 -3.749 0.719
P140643 4.301 4.000 -4.264 1.575
P140644 3.981 3.837 -4.075 0.924
P140645 3.970 4.013 -3.218 1.547
P140646 3.941 3.778 -2.727 1.351
P140647 3.862 3.790 -3.968 0.965
P140648 3.891 3.717 -4.153 0.986
P140649 3.906 3.821 -3.988 1.037
P140650 3.781 3.748 -4.027 0.966
P140651 3.663 3.620 -3.923 0.789
P140652 3.829 3.850 -4.071 0.870
P140653 3.944 3.889 -3.426 1.131
P140654 3.913 3.945 -3.890 0.821
P140655 4.129 3.937 -3.786 1.051
P140656 3.882 3.805 -3.962 1.198
P140657 4.324 3.847 -3.544 0.971
P140659 3.807 3.685 -3.840 1.764
P140660 4.075 4.042 -4.225 1.528
P140661 3.821 3.795 -4.148 0.892
P140662 4.074 3.873 -3.936 1.139
P140663 3.840 3.997 -4.118 2.211
P140664 3.763 3.644 -3.681 0.762
P140665 3.939 4.088 -4.133 2.178
P140666 4.086 4.058 -3.354 1.296
P140669 4.060 3.808 -3.869 0.967
P140670 3.946 4.080 -3.505 1.535
P140671 4.547 4.051 -3.074 1.634
P140672 3.964 3.965 -3.935 0.993
P140673 3.995 3.861 -4.172 0.884
P140674 3.723 3.672 -3.786 0.833
P140676 3.921 3.872 -4.169 1.664
P140677 3.583 3.562 -3.625 1.727
P140678 3.823 3.731 -3.943 1.074
P140679 3.764 3.793 -3.857 0.873
P140680 3.840 3.941 -4.087 0.861
P140681 4.157 4.053 -4.021 1.025
P140682 3.972 3.929 -4.143 1.073
P140683 3.953 3.826 -3.320 0.620
P140684 3.942 3.837 -4.073 1.463
P140685 3.967 3.926 -4.232 0.898
P140686 4.073 3.923 -4.112 0.990
P140687 4.097 3.895 -3.899 1.491
P140688 4.093 3.816 -4.363 1.342
P140689 4.103 3.870 -3.982 1.131
P140690 4.001 3.818 -4.045 1.037
P140691 3.749 3.776 -3.917 0.795
P140692 3.919 3.867 -4.068 0.893
P140693 4.031 4.064 -3.423 1.165
P140694 4.057 3.936 -4.172 1.626
P140695 4.178 3.990 -3.759 0.964
P140696 3.949 3.790 -3.817 0.762
P140697 4.093 4.204 -3.306 1.117
P140698 4.210 3.939 -3.982 0.916
P140699 4.268 4.111 -4.188 1.542
P140701 4.129 3.813 -3.963 1.582
P140702 3.991 3.769 -4.015 0.974
P140703 3.730 3.711 -3.919 0.751
P140704 3.972 3.893 -3.967 1.009
P140705 4.137 3.998 -3.434 1.324
P140706 4.125 3.991 -3.856 0.867
P140707 3.960 3.824 -3.964 0.969
P140709 3.959 3.993 -3.190 0.464
P140710 4.060 3.880 -4.081 0.931
P140711 4.113 3.897 -4.195 0.909
P140712 3.853 3.711 -3.979 1.228
P140714 3.971 3.797 -4.048 0.970
P140715 4.098 3.870 -3.865 0.937
P140716 3.981 3.901 -4.121 1.048
P140717 3.945 3.825 -3.167 0.814
P140718 3.962 3.937 -3.800 0.946
P140719 4.197 3.961 -4.103 1.608
P140720 4.281 4.014 -3.497 0.626
P140721 4.279 3.982 -3.573 0.742
P140722 4.273 3.994 -3.219 0.777
P140723 4.164 3.917 -3.994 1.408
P140724 4.041 3.877 -3.574 1.089
P140725 4.265 4.042 -3.709 0.670
P140726 4.216 4.137 -4.073 1.263
P140727 4.210 4.203 -4.220 1.165
P140728 4.334 4.046 -3.413 0.876
P140729 4.305 4.018 -3.440 0.706
P140730 4.314 4.042 -3.497 0.836
P140731 4.363 4.332 -3.071 0.682
P140732 4.256 4.075 -4.128 1.492
P140733 4.288 4.026 -3.789 0.627
P140734 4.006 3.773 -3.943 1.656
P140735 4.256 4.016 -3.627 0.649
P140736 4.279 4.157 -4.325 1.518
P140737 4.241 3.986 -4.350 1.566
P140738 4.167 3.968 -3.764 1.286
P140739 4.195 3.939 -3.711 0.695
P140740 4.268 4.215 -3.571 0.649
P140741 4.137 4.017 -4.221 1.525
P140742 4.142 3.943 -3.753 1.282
P140743 4.220 3.941 -3.415 0.731
P140745 4.087 3.856 -4.236 1.742
P140746 3.940 3.807 -3.138 0.658
P140747 4.050 4.124 -4.023 0.999
P140748 4.008 3.801 -3.974 1.016
P140749 3.747 3.720 -3.796 0.743
P140750 4.165 3.871 -4.125 0.934
P140751 4.009 3.924 -3.912 1.132
P140752 4.373 3.978 -3.422 2.158
P140753 4.035 3.819 -4.016 1.430
P140754 4.134 3.843 -3.910 1.491
P140755 4.274 3.942 -3.851 0.626
P140756 4.189 4.036 -3.064 1.134
P140757 4.181 3.946 -4.029 1.353
P140759 4.329 4.026 -4.056 1.571
P140760 4.165 3.916 -3.686 0.679
P140761 4.267 4.025 -4.361 1.414
P140762 4.310 4.185 -3.418 0.944
P140763 4.302 4.063 -3.416 0.729
P140764 4.364 4.075 -3.833 1.528
P140765 4.149 3.960 -3.672 0.837
P140766 4.366 3.957 -3.557 0.942
P140767 3.974 3.838 -3.539 0.825
P140768 4.091 3.822 -3.877 0.956
P140770 4.232 3.913 -3.606 0.735
P140771 4.063 3.876 -4.177 0.956
P140772 4.059 3.995 -3.988 0.982
P140773 3.951 3.802 -3.416 0.696
P140774 4.203 3.947 -3.983 0.819
P140775 4.269 4.114 -4.213 1.489
P140776 4.126 3.919 -3.887 0.852
P140777 3.984 3.984 -3.203 0.825
P140778 4.041 3.896 -3.928 1.444
P140779 4.226 4.020 -4.191 0.930
P140781 4.105 3.871 -3.983 1.035
P140782 3.789 3.740 -3.851 0.722
P140783 3.867 3.776 -3.957 0.947
P140784 4.004 3.876 -3.898 1.157
P140785 3.894 3.815 -4.045 1.033
P140786 4.142 3.970 -3.823 1.300
P140787 4.197 3.990 -4.093 1.037
P140788 4.052 3.960 -3.955 1.169
P140789 4.077 4.225 -3.468 1.761
P140790 3.866 3.884 -3.918 0.804
P140791 4.205 3.977 -4.070 1.016
P140792 4.162 4.150 -3.428 1.168
P140793 4.233 4.118 -3.856 0.884
P140794 4.168 4.099 -3.817 1.064
P140795 4.194 3.966 -3.933 0.923
P140796 3.949 3.897 -4.057 0.947
P140797 4.160 4.073 -3.780 0.873
P140798 4.212 4.083 -3.855 0.878
P140799 4.146 4.099 -3.451 1.055
P140800 4.014 3.951 -4.089 0.883
P140801 3.833 3.824 -3.917 0.784
P140802 3.935 3.868 -4.051 0.938
P140803 4.069 3.930 -3.976 1.128
P140804 3.889 3.849 -4.206 0.829
P140805 3.929 3.730 -4.091 0.966
P140807 3.743 3.674 -3.857 0.718
P140808 3.927 3.833 -3.999 0.895
P140809 3.983 3.950 -3.343 0.999
P140810 4.121 3.951 -3.787 0.895
P140812 4.088 3.782 -3.882 0.955
P140814 4.281 4.215 -3.019 0.805
P140815 3.954 3.896 -3.924 1.141
P140816 4.131 3.852 -4.123 0.939
P140817 3.722 3.667 -3.775 0.841
P140818 3.895 3.915 -3.991 0.981
P140819 3.975 3.969 -4.112 1.449
P140821 4.062 3.926 -3.973 0.995
P140822 4.233 4.039 -3.591 1.626
P140823 4.056 4.117 -3.209 0.435
P140824 4.025 3.962 -4.085 0.896
P140825 3.990 3.822 -4.076 1.278
P140826 4.050 3.895 -3.987 1.503
P140827 4.056 3.932 -3.252 0.724
P140828 4.152 3.877 -4.084 1.367
P140829 4.135 4.202 -4.082 0.990
P140830 4.087 3.878 -4.062 0.988
P140831 3.869 3.844 -3.819 0.845
P140832 4.072 3.999 -4.206 0.960
P140833 3.826 3.759 -3.095 0.783
P140834 3.816 3.772 -3.752 0.994
P140835 4.134 3.874 -3.912 1.146
P140836 3.970 3.821 -3.989 0.862
P140839 4.001 3.927 -4.044 0.986
P140840 4.150 4.110 -3.948 1.185
P140841 4.007 3.937 -4.001 0.930
P140842 3.932 3.805 -3.499 0.913
P140843 3.995 3.799 -3.712 1.003
P140844 4.088 3.921 -4.173 0.880
P140845 4.640 4.196 -3.064 1.776
P140846 4.054 3.996 -3.880 1.041
P140851 4.143 3.970 -3.741 1.175
P140852 4.026 3.964 -4.051 0.981
P140853 3.831 3.732 -3.870 0.717
P140857 3.785 3.661 -4.101 0.884
P140858 3.961 3.746 -3.925 1.134
P140859 3.834 3.693 -3.962 1.026
P140860 3.605 3.542 -3.855 0.721
P140861 3.908 3.850 -3.347 1.056
P140862 3.904 3.770 -3.980 1.020
P140864 3.903 3.854 -4.096 1.599
P140865 3.798 3.805 -4.054 0.917
P140866 3.973 3.738 -4.128 0.921
P140867 3.584 3.538 -3.789 0.748
P140868 3.848 3.767 -3.990 0.939
P140869 3.965 3.897 -4.158 1.490
P140870 3.860 3.723 -4.067 1.268
P140871 3.675 3.482 -3.829 1.705
P140872 3.851 3.696 -3.900 1.009
P140873 3.959 3.770 -3.811 1.690
P140874 3.811 3.957 -3.492 2.358
P140875 4.459 4.220 -3.259 0.785
P140877 4.575 4.236 -3.271 0.822
P140878 4.101 3.979 -3.383 0.745
P140879 4.454 4.140 -3.406 0.797
P140881 4.654 4.263 -3.625 0.750
P140882 4.582 4.370 -3.394 0.512
P140883 4.207 4.306 -3.241 2.173
P140884 4.242 4.180 -4.128 0.923
P140887 4.603 4.096 -3.361 0.793
P140888 4.573 4.163 -3.435 1.254
P140889 4.607 4.322 -2.989 1.204
P140890 4.599 4.406 -2.900 1.246
P140891 4.241 4.161 -4.133 1.513
P140892 4.132 3.927 -3.972 1.728
P140893 4.300 4.134 -4.204 1.278
P140894 4.257 4.264 -4.110 0.910
P140895 4.346 4.132 -4.310 0.867
P140896 4.015 3.985 -3.987 0.808
P140897 4.279 4.172 -2.893 1.626
P140898 4.559 4.151 -3.453 1.368
P140899 4.417 4.027 -3.229 0.810
P140901 4.651 4.352 -3.398 0.784
P140902 4.647 4.224 -3.472 0.832
P140903 4.653 4.247 -3.371 0.733
P140905 4.816 4.317 -2.967 1.387
P140906 4.390 4.222 -3.554 1.391
P140907 4.725 4.414 -3.506 0.905
P140909 4.350 4.075 -3.179 0.891
P140911 4.634 4.325 -3.326 0.756
P140912 4.646 4.522 -3.422 0.536
P140914 4.618 4.378 -3.279 0.842
P140916 4.539 4.288 -3.531 0.914
P140917 4.216 4.177 -4.184 0.856
P140918 4.411 4.142 -4.046 1.125
P140919 4.132 4.066 -4.145 0.951
P140920 4.217 4.166 -4.168 0.942
P140921 4.295 4.256 -3.980 1.211
P140922 4.244 4.275 -3.939 0.856
P140923 4.455 4.235 -3.795 0.968
P140924 4.250 4.086 -4.026 1.064
P140925 4.410 4.160 -3.551 1.429
P140926 4.427 4.186 -3.887 1.451
P140927 4.458 4.294 -3.656 1.501
P140928 4.496 4.206 -3.666 0.768
P140929 4.478 4.391 -4.161 1.216
P140930 4.489 4.231 -3.684 0.686
P140931 4.340 4.198 -3.537 1.146
P140932 4.693 4.211 -3.797 0.700
P140933 4.566 4.397 -4.128 1.584
P140934 4.581 4.521 -2.948 1.703
P140935 4.318 4.168 -4.102 1.238
P140936 4.539 4.218 -3.613 0.766
P140937 4.146 4.043 -4.229 1.032
P140939 4.490 4.414 -4.104 1.270
P140940 4.525 4.401 -4.120 1.350
P140941 4.559 4.335 -3.410 0.751
P140942 4.552 4.305 -3.345 0.952
P140943 4.530 4.209 -3.456 0.724
P140944 4.645 4.486 -3.600 1.775
P140945 4.257 4.108 -3.752 1.159
P140946 4.623 4.209 -3.236 0.748
P140947 4.610 4.354 -3.263 0.445
P140949 4.475 4.126 -3.073 0.700
P140950 4.673 4.274 -3.485 0.872
P140951 4.462 4.044 -3.948 0.908
P140953 4.205 4.043 -4.077 0.912
P140954 4.099 4.047 -3.966 0.752
P140955 4.269 4.163 -4.150 0.880
P140956 4.398 4.372 -3.656 1.217
P140959 4.333 4.103 -4.007 0.833
P140960 4.527 4.108 -3.999 1.293
P140961 4.397 4.333 -2.787 1.069
P140962 4.346 4.150 -4.079 1.093
P140963 4.386 4.208 -4.241 0.987
P140964 4.070 4.010 -3.870 0.833
P140966 4.550 4.244 -4.271 1.473
P140967 4.458 4.115 -4.195 1.252
P140970 4.287 4.020 -4.231 0.877
P140972 4.356 4.060 -3.539 1.526
P140973 4.551 4.214 -3.684 0.867
P140974 4.510 4.207 -3.515 0.912
P140975 4.492 4.105 -3.498 1.632
P140976 4.482 4.091 -3.367 1.059
P140977 4.348 3.873 -3.214 0.836
P140978 4.597 4.279 -3.041 0.837
P140979 4.474 4.197 -3.251 0.764
P140980 4.728 4.362 -3.005 0.611
P140981 4.637 4.125 -3.362 0.794
P140982 4.601 4.326 -3.236 0.658
P140983 4.793 4.261 -2.975 1.353
P140984 4.311 4.351 -3.028 0.542
P140985 4.224 4.031 -2.904 0.965
P140986 4.437 4.003 -3.646 1.002
P140987 4.611 4.488 -2.965 0.916
P140988 4.559 4.420 -3.422 0.548
P140990 4.436 4.060 -3.225 0.795
P140991 4.596 4.267 -3.660 0.781
P140992 4.640 4.307 -3.525 0.892
P140993 4.247 4.106 -2.748 0.828
P140997 4.482 4.389 -3.193 1.860
P140998 4.331 3.897 -3.229 0.827
P140999 4.560 4.372 -3.032 0.883
P141000 4.562 4.237 -3.207 0.768
P141001 4.527 4.147 -3.488 0.798
P141003 4.483 4.003 -3.455 1.330
P141004 4.590 4.237 -4.241 0.920
P141005 4.441 4.284 -4.168 1.057
P141006 4.425 4.451 -3.384 1.808
P141007 4.408 4.228 -4.056 1.247
P141008 4.341 4.226 -3.988 0.844
P141009 4.453 4.339 -3.851 1.104
P141010 4.514 4.347 -3.903 0.918
P141011 4.553 4.371 -3.943 1.368
P141012 4.457 4.272 -4.136 1.038
P141013 4.114 4.103 -3.921 1.745
P141014 4.371 4.177 -4.095 1.074
P141015 4.568 4.208 -4.026 1.108
P141016 4.280 4.127 -4.249 0.994
P141017 4.070 4.020 -3.901 0.784
P141018 4.399 4.274 -4.119 0.912
P141019 4.528 4.341 -4.060 1.154
P141020 4.418 4.239 -4.089 1.065
P141021 3.790 3.624 -3.947 1.043
P141022 3.999 3.720 -3.761 1.178
P141024 3.644 3.576 -3.700 0.737
P141025 3.883 3.851 -3.782 0.990
P141026 3.970 3.942 -3.182 1.067
P141029 3.860 3.680 -3.748 1.064
P141031 3.920 3.827 -3.879 1.285
P141032 3.907 3.767 -3.993 1.132
P141033 3.604 3.579 -3.653 0.836
P141034 3.991 3.756 -3.774 1.175
P141035 3.934 3.903 -3.852 1.073
P141036 3.884 3.858 -4.092 1.315
P141037 3.762 3.708 -3.035 0.667
P141038 3.792 3.764 -3.632 0.919
P141039 4.260 4.203 -3.855 0.954
P141040 4.262 3.986 -3.964 1.711
P141041 3.916 3.816 -3.747 1.244
P141042 4.647 4.359 -4.271 1.578
P141043 4.614 4.324 -3.464 0.754
P141045 4.527 4.327 -4.239 1.408
P141046 4.603 4.235 -3.603 0.933
P141048 4.633 4.357 -4.118 1.584
P141049 4.642 4.247 -3.896 0.673
P141050 4.282 4.040 -3.910 1.190
P141051 4.589 4.275 -3.759 0.732
P141052 4.605 4.347 -4.405 1.459
P141053 4.479 4.332 -3.759 0.813
P141054 4.496 4.166 -3.946 1.423
P141055 4.463 4.224 -3.499 0.725
P141056 4.316 4.242 -4.230 1.254
P141057 4.573 4.262 -3.609 0.783
P141058 4.514 4.289 -4.196 1.504
P141059 4.241 4.117 -3.639 1.071
P141060 4.478 4.359 -4.211 1.254
P141061 4.555 4.337 -4.049 1.523
P141062 4.399 4.403 -4.331 1.181
P141063 4.419 4.361 -4.201 1.240
P141064 4.398 4.156 -4.319 1.481
P141065 4.598 4.274 -4.144 1.653
P141066 4.526 4.535 -3.074 0.797
P141067 4.466 4.353 -4.258 1.512
P141068 4.489 4.282 -3.875 0.636
P141069 4.195 4.002 -4.031 1.664
P141070 4.550 4.283 -3.781 0.731
P141071 4.439 4.297 -3.706 0.649
P141072 4.358 4.293 -3.572 1.118
P141073 4.754 4.225 -3.651 0.885
P141074 4.407 4.167 -4.139 0.973
P141075 4.606 4.279 -4.116 1.567
P141076 4.619 4.313 -3.283 1.212
P141077 4.368 4.247 -3.721 1.283
P141078 4.535 4.093 -3.715 0.816
P141079 4.538 4.345 -3.473 1.378
P141080 4.435 4.158 -3.515 0.715
P141081 4.502 4.087 -3.565 0.919
P141082 4.339 4.179 -4.228 1.515
P141083 4.591 4.058 -3.596 0.995
P141084 4.382 4.357 -3.593 1.171
P141085 4.517 4.210 -4.078 1.627
P141086 4.608 4.055 -3.840 0.764
P141087 4.284 3.963 -3.304 1.012
P141088 4.504 4.103 -3.644 1.037
P141089 4.589 4.146 -3.470 1.099
P141090 4.445 4.127 -3.635 0.805
P141091 4.379 4.060 -3.458 1.235
P141092 4.404 4.133 -3.513 1.423
P141093 4.193 3.967 -3.563 0.815
P141094 4.357 4.129 -4.124 1.533
P141095 4.469 4.116 -4.070 1.519
P141096 4.329 4.063 -4.159 1.193
P141097 4.448 4.223 -4.469 1.452
P141098 4.383 4.217 -3.492 0.667
P141099 4.574 4.312 -4.069 1.016
P141100 4.500 4.149 -4.197 1.258
P141101 4.370 4.301 -3.253 0.935
P141102 4.333 4.207 -3.896 1.073
P141103 4.422 4.123 -4.139 1.020
P141104 4.175 4.035 -3.441 0.648
P141105 4.579 4.195 -4.258 0.946
P141106 4.257 4.181 -4.183 0.908
P141107 4.305 4.077 -4.261 0.911
P141108 4.536 4.134 -4.056 1.145
P141109 4.382 4.104 -4.097 1.020
P141110 4.133 4.095 -3.975 0.785
P141111 4.353 4.174 -4.034 1.060
P141112 4.559 4.431 -3.466 1.222
P141113 4.505 4.298 -3.921 0.891
P141114 4.430 4.252 -3.874 1.106
P141115 4.385 4.151 -4.047 1.105
P141116 4.351 4.123 -3.998 1.109
P141117 4.419 4.453 -3.289 1.900
P141118 4.244 3.975 -3.056 0.727
P141119 4.116 4.044 -4.159 0.904
P141121 3.914 3.729 -3.935 1.116
P141123 3.952 3.763 -3.832 1.201
P141124 3.770 3.648 -3.729 0.705
P141125 3.994 3.914 -3.851 0.879
P141126 4.140 4.013 -3.653 1.433
P141128 4.052 3.839 -3.339 0.858
P141130 4.090 3.889 -3.778 1.588
P141131 4.101 4.156 -2.909 0.826
P141132 4.007 3.925 -3.838 0.930
P141134 3.676 3.661 -3.640 0.822
P141135 3.890 3.880 -3.835 0.836
P141136 4.083 3.900 -3.613 1.249
P141137 3.960 3.896 -3.874 1.115
P141139 3.953 3.802 -3.613 1.202
P141140 4.076 3.965 -4.165 1.016
P141142 4.312 4.077 -4.182 1.056
P141143 4.477 4.181 -4.141 1.189
P141144 4.383 4.096 -4.100 0.975
P141145 4.154 4.221 -3.888 0.984
P141146 4.459 4.194 -4.131 1.120
P141147 4.449 4.316 -4.129 1.357
P141148 4.541 4.376 -3.993 1.284
P141149 4.426 4.351 -4.025 1.289
P141150 4.387 4.278 -4.128 1.171
P141151 4.497 4.137 -4.121 1.268
P141152 4.568 4.369 -3.631 2.364
P141153 4.576 4.210 -4.145 1.400
P141154 4.509 4.266 -4.483 1.669
P141155 4.140 4.112 -3.949 0.985
P141156 4.579 4.271 -3.762 0.863
P141157 4.581 4.312 -3.720 0.784
P141158 4.357 4.196 -4.300 1.997
P141159 4.463 4.221 -3.354 1.103
P141160 4.474 4.170 -3.679 0.806
P141162 4.135 3.982 -4.330 1.430
P141163 4.187 4.047 -3.983 1.107
P141164 4.240 4.212 -3.247 0.646
P141165 4.115 4.080 -4.187 0.902
P141166 4.378 4.018 -4.280 0.937
P141167 3.856 3.807 -3.906 0.771
P141168 4.199 4.004 -4.143 1.019
P141169 4.319 4.140 -4.062 1.019
P141170 4.185 4.033 -4.090 1.071
P141173 4.389 4.276 -3.662 1.453
P141174 4.429 4.241 -3.248 1.125
P141175 4.370 4.152 -4.310 1.648
P141176 4.557 4.297 -3.347 1.025
P141177 4.372 4.161 -3.790 0.719
P141178 4.145 4.017 -3.853 0.926
P141179 4.615 4.121 -3.870 0.718
P141180 4.516 4.284 -4.123 1.577
P141181 4.392 4.313 -2.665 1.018
P141182 4.620 4.144 -3.609 0.939
P141183 4.383 4.179 -3.726 0.964
P141185 4.425 4.230 -3.512 0.674
P141186 4.519 4.318 -4.114 1.337
P141187 4.540 4.196 -3.737 0.771
P141188 4.237 4.163 -3.580 1.122
P141189 4.366 4.132 -3.731 0.725
P141190 4.367 4.064 -4.085 1.258
P141192 4.257 4.156 -4.181 1.271
P141193 4.469 4.197 -3.598 0.815
P141194 4.442 4.078 -3.618 0.772
P141195 4.223 4.064 -3.542 0.933
P141196 4.414 4.173 -3.758 0.705
P141197 4.542 4.254 -4.003 1.414
P141198 4.398 4.213 -3.512 0.706
P141199 4.460 4.255 -3.978 1.716
P141200 4.387 4.202 -4.334 1.333
P141201 4.480 4.141 -3.555 0.949
P141203 4.490 4.162 -3.646 0.743
P141204 4.601 4.150 -3.785 0.684
P141205 4.151 3.908 -3.988 1.536
P141206 4.426 4.194 -3.684 0.689
P141207 4.536 4.291 -4.386 1.523
P141208 4.336 4.168 -3.680 0.700
P141209 4.416 4.141 -3.556 1.380
P141210 4.378 4.265 -3.652 1.472
P141211 4.393 3.995 -4.038 1.111
P141212 4.247 4.212 -3.492 1.087
P141213 3.892 3.843 -3.991 0.747
P141214 4.192 4.053 -4.269 2.132
P141215 4.505 4.054 -4.016 1.332
P141216 4.274 3.999 -4.116 1.137
P141217 4.076 3.932 -3.796 1.140
P141218 4.364 4.158 -4.207 1.804
P141219 4.376 4.264 -3.570 1.178
P141220 4.505 4.089 -3.686 1.025
P141221 4.535 4.140 -3.709 1.037
P141222 4.421 3.996 -3.885 1.112
P141223 4.391 4.193 -3.883 1.749
P141224 4.222 3.997 -2.799 0.954
P141225 4.364 4.090 -4.187 1.097
P141226 4.433 4.034 -3.673 1.012
P141227 4.310 3.978 -3.384 1.395
P141228 4.234 3.970 -4.237 1.741
P141229 4.486 4.146 -4.390 1.607
P141230 4.401 4.024 -4.303 1.601
P141231 4.243 3.898 -3.994 1.859
P141232 4.304 4.034 -3.996 1.069
P141233 4.014 3.994 -4.164 0.975
P141234 4.343 4.024 -4.036 1.122
P141235 4.164 3.965 -4.114 1.016
P141236 4.070 3.923 -4.077 0.918
P141237 3.995 3.930 -3.961 0.752
P141239 3.934 3.889 -4.199 1.174
P141240 3.954 3.892 -4.009 0.993
P141241 3.982 3.866 -4.033 1.072
P141242 3.711 3.711 -3.969 0.759
P141243 3.921 3.923 -4.114 0.927
P141244 4.158 3.984 -3.921 1.425
P141245 4.118 4.053 -3.146 0.195
P141246 4.159 4.074 -3.521 1.754
P141249 3.928 3.812 -3.088 0.911
P141250 4.073 3.932 -4.347 1.445
P141251 4.143 3.914 -4.203 0.911
P141252 3.814 3.621 -3.435 0.633
P141254 4.148 3.954 -4.030 1.092
P141255 3.863 3.845 -3.379 1.665
P141256 3.929 3.888 -4.169 0.880
P141257 3.918 3.892 -3.772 0.941
P141260 3.757 3.585 -3.742 0.628
P141265 3.820 3.727 -4.102 1.102
P141267 3.987 3.809 -3.721 0.963
P141269 3.943 4.013 -3.708 0.690
P141272 3.912 3.691 -3.669 0.394
P141273 4.513 4.300 -3.033 0.987
P141276 4.670 4.342 -3.191 1.108
P141277 4.704 4.435 -2.961 1.165
P141278 4.688 4.199 -3.364 0.775
P141279 4.720 4.200 -3.358 0.809
P141280 4.602 4.189 -3.505 1.103
P141282 4.626 4.444 -2.746 1.240
P141285 4.385 4.005 -2.984 0.867
P141287 4.748 4.596 -2.942 0.942
P141288 4.465 4.196 -3.180 0.965
P141289 4.445 4.137 -3.529 2.096
P141293 3.780 3.602 -3.692 1.083
P141296 3.880 3.856 -4.102 0.560
P141298 3.972 3.927 -3.692 0.881
P141300 3.760 3.663 -4.026 0.412
P141302 3.686 3.712 -3.445 1.665
P141305 3.960 3.905 -4.492 0.671
P141308 4.035 3.946 -2.561 0.563
P141311 4.079 4.029 -3.522 1.354
P141313 4.121 4.009 -4.194 0.884
P141314 4.419 4.089 -4.007 1.268
P141315 4.183 4.053 -4.095 0.941
P141316 4.046 3.928 -3.921 0.741
P141317 4.258 4.150 -4.122 0.951
P141318 4.343 4.397 -3.397 1.155
P141319 4.395 4.224 -3.852 0.918
P141321 4.276 4.090 -3.936 0.834
P141322 4.335 4.115 -3.992 1.244
P141323 4.192 4.155 -2.800 0.684
P141324 4.331 4.173 -4.111 1.045
P141325 4.380 4.217 -4.275 1.548
P141326 4.142 3.976 -3.527 0.903
P141328 4.377 4.252 -4.006 1.224
P141329 4.319 4.183 -3.962 1.121
P141332 4.531 4.091 -3.745 0.769
P141333 4.512 4.288 -3.540 1.544
P141334 4.375 4.336 -4.192 1.361
P141335 4.410 4.284 -4.164 1.895
P141336 4.442 4.131 -4.187 1.974
P141337 4.579 4.072 -3.624 0.956
P141338 4.269 4.311 -3.306 1.737
P141339 4.461 4.234 -4.158 1.300
P141340 4.584 4.090 -3.864 0.712
P141341 4.301 3.997 -3.295 1.060
P141342 4.410 4.138 -3.774 0.720
P141343 4.552 4.236 -4.347 1.524
P141344 4.443 4.082 -3.445 0.856
P141345 4.372 4.213 -3.182 1.044
P141346 4.362 4.110 -4.224 1.631
P141347 4.206 3.959 -3.824 0.967
P141348 4.182 4.060 -3.250 0.720
P141349 4.250 4.054 -4.103 1.045
P141350 4.329 4.097 -3.942 1.050
P141351 4.160 4.135 -4.085 0.935
P141352 3.931 3.896 -3.883 0.816
P141353 4.320 4.070 -4.376 1.482
P141354 4.111 4.025 -4.179 0.881
P141355 4.286 4.246 -3.536 2.053
P141357 4.193 3.964 -4.047 1.055
P141359 4.212 4.130 -3.955 0.821
P141360 4.411 4.224 -3.455 1.214
P141361 4.173 4.029 -3.614 1.198
P141362 4.369 4.135 -4.159 1.516
P141363 4.461 4.174 -4.424 1.504
P141364 4.552 4.072 -3.675 0.870
P141365 4.419 4.038 -4.543 1.584
P141366 4.546 4.001 -4.152 1.734
P141367 4.309 3.998 -4.101 1.233
P141368 4.101 4.001 -3.835 1.209
P141369 4.416 4.097 -4.146 1.092
P141370 4.405 4.248 -3.608 1.187
P141371 4.423 4.149 -3.895 0.942
P141372 4.376 4.249 -3.967 1.167
P141373 4.456 4.148 -4.101 1.271
P141374 4.342 4.152 -4.228 2.151
P141375 4.317 4.126 -3.059 1.137
P141376 4.504 4.098 -4.146 1.416
P141377 4.416 4.106 -4.366 0.934
P141378 4.242 3.986 -3.272 1.131
P141379 4.461 4.146 -3.913 0.944
P141380 4.499 4.171 -4.419 1.537
P141381 4.269 4.048 -4.409 1.527
P141382 4.282 3.900 -4.060 1.819
P141383 4.343 4.147 -4.042 1.701
P141384 3.844 3.830 -3.881 1.122
P141390 3.721 3.851 -3.448 1.489
P141392 3.996 4.039 -3.409 1.363
P141395 4.045 4.019 -3.954 1.443
P141397 3.989 3.978 -4.273 2.170
P141400 3.944 3.856 -3.567 0.787
P141403 3.981 3.959 -4.014 1.487
P141405 3.928 3.903 -2.890 1.027
P141407 3.977 3.986 -4.226 1.745
P141408 4.022 3.900 -3.925 1.072
P141410 3.906 3.977 -3.361 1.255
P141412 3.692 3.813 -2.942 1.330
P141415 4.015 4.029 -4.385 1.620
P141416 3.949 3.990 -3.441 1.119
P141418 3.803 3.907 -2.966 1.613
P141422 4.220 3.999 -4.232 1.008
P141423 4.350 4.071 -3.958 1.566
P141424 4.407 3.988 -4.058 1.140
P141425 4.076 4.053 -3.858 0.921
P141426 4.377 4.102 -4.144 1.531
P141427 4.398 4.230 -3.498 1.207
P141428 4.370 4.195 -4.000 1.165
P141429 4.383 4.180 -3.969 1.323
P141430 4.331 4.050 -4.065 1.150
P141431 4.354 4.069 -4.071 1.420
P141433 4.509 4.087 -4.469 1.597
P141434 4.527 4.077 -4.238 1.102
P141435 4.291 3.871 -3.333 1.173
P141436 4.399 3.985 -4.040 1.144
P141437 4.358 4.120 -4.377 1.476
P141438 4.288 4.000 -4.304 1.338
P141439 4.268 4.038 -3.909 2.860
P141440 4.297 3.948 -3.613 0.839
P141441 4.498 4.041 -4.078 1.284
P141442 4.382 4.138 -4.299 1.752
P141443 4.033 4.064 -3.893 0.955
P141444 4.468 4.179 -4.455 1.604
P141445 4.460 4.198 -3.583 1.255
P141446 4.421 4.134 -3.830 0.904
P141447 4.488 4.287 -3.944 1.219
P141448 4.426 4.171 -4.097 1.238
P141449 4.286 4.072 -4.008 1.494
P141450 4.269 4.184 -3.581 2.219
P141451 4.343 4.086 -3.987 1.050
P141452 4.365 4.084 -4.251 0.855
P141453 4.242 3.911 -3.402 1.129
P141454 4.337 4.042 -4.136 1.081
P141455 4.321 4.158 -4.450 1.563
P141456 4.393 4.004 -4.330 1.639
P141457 4.323 3.918 -3.694 1.577
P141458 4.335 4.071 -3.932 1.001
P141459 4.180 3.991 -4.269 0.901
P141460 4.150 3.947 -3.802 0.930
P141461 4.518 4.134 -3.646 0.773
P141462 4.480 4.298 -3.499 1.329
P141463 4.429 4.215 -3.431 0.724
P141464 4.485 4.348 -4.070 2.074
P141465 4.349 4.063 -3.500 0.698
P141466 4.566 4.096 -3.543 0.982
P141467 4.555 4.499 -3.234 0.867
P141468 4.523 4.348 -4.031 1.814
P141469 4.467 4.172 -4.130 1.303
P141470 4.209 3.945 -3.235 1.081
P141471 4.347 4.111 -3.739 0.648
P141472 4.508 4.121 -3.342 1.078
P141473 4.302 4.155 -4.259 1.587
P141474 4.370 4.103 -3.615 1.687
P141475 4.368 4.194 -3.992 1.813
P141476 4.443 4.235 -4.133 1.715
P141477 4.585 4.097 -3.578 0.849
P141478 4.283 4.029 -4.073 1.124
P141479 4.510 3.973 -3.272 1.202
P141480 4.598 4.171 -3.451 0.880
P141481 4.260 4.016 -3.472 1.476
P141482 4.653 4.093 -3.549 1.598
P141483 4.318 4.120 -3.604 1.159
P141484 4.000 3.912 -3.585 0.588
P141485 4.661 4.254 -3.349 1.374
P141486 4.323 4.209 -3.439 1.210
P141487 4.786 4.314 -3.254 1.036
P141491 4.410 4.296 -2.818 0.437
P141492 4.604 4.154 -3.199 1.817
P141493 4.110 4.063 -3.135 0.954
P141494 4.095 3.857 -3.207 0.670
P141497 4.031 4.024 -3.597 0.836
P141498 4.494 4.158 -3.554 2.426
P141499 4.157 4.121 -3.317 0.978
P141500 6.381 6.177 -7.551 0.536
P141501 6.418 6.355 -8.137 1.130
P141502 5.603 5.774 -7.387 1.449
P141503 5.624 5.808 -7.626 1.317
P141504 5.677 5.865 -7.456 1.421
P141506 5.548 5.880 -7.036 2.046
P141507 5.800 6.028 -7.664 1.456
P141508 5.855 6.147 -7.973 1.876
P141509 5.650 5.746 -6.687 1.414
P141510 5.751 5.874 -7.699 1.273
P141511 5.714 5.916 -8.055 2.028
P141514 6.050 5.884 -7.082 2.314
P141515 5.809 6.085 -8.439 1.981
P141517 5.478 5.804 -7.568 2.001
P141518 5.700 6.055 -8.070 1.738
P141519 6.021 6.060 -7.492 2.091
P141520 5.713 6.090 -8.297 1.999
P141521 5.812 6.196 -8.518 1.932
P141522 5.942 5.437 -6.320 1.322
P141523 6.233 6.018 -7.910 1.206
P141524 5.874 5.908 -7.511 1.191
P141528 5.626 6.038 -7.724 1.910
P141529 5.877 6.281 -7.698 1.968
P141530 6.133 6.310 -8.633 2.005
P141532 5.723 5.682 -6.087 1.354
P141533 6.049 6.118 -7.684 1.243
P141534 6.120 6.272 -6.960 1.211
P141535 6.271 6.552 -7.775 1.887
P141536 6.043 6.245 -8.261 1.266
P141537 5.938 5.989 -6.929 1.403
P141538 5.872 5.914 -8.431 1.268
P141539 6.231 6.533 -8.725 1.916
P141540 5.988 6.243 -7.123 2.424
P141541 5.952 6.172 -8.636 1.728
P141542 6.075 6.278 -7.286 1.670
P141543 6.119 6.414 -6.893 2.363
P141546 6.064 6.169 -7.086 1.784
P141547 5.111 5.287 -6.947 1.138
P141548 5.107 5.186 -7.159 1.493
P141549 4.942 5.036 -7.238 0.922
P141550 5.186 5.277 -7.155 1.056
P141551 5.209 5.333 -7.253 1.300
P141552 5.069 5.133 -7.526 0.884
P141553 5.256 5.310 -6.324 0.674
P141554 5.237 5.387 -7.245 1.156
P141555 5.158 5.314 -7.276 1.152
P141556 5.226 5.294 -6.261 0.599
P141557 5.291 5.222 -6.967 0.980
P141558 5.228 5.401 -6.800 1.243
P141559 5.250 5.452 -7.433 1.233
P141560 5.260 4.972 -6.468 0.627
P141561 5.286 5.391 -7.003 1.386
P141562 5.276 5.403 -6.849 1.193
P141563 5.193 5.417 -7.210 1.299
P141564 5.349 5.294 -6.644 1.637
P141565 5.262 5.412 -6.992 0.959
P141566 5.290 5.299 -6.494 2.039
P141567 5.316 5.555 -7.083 1.158
P141568 5.204 5.323 -7.443 0.602
P141569 5.203 5.368 -6.990 1.241
P141570 5.189 5.293 -6.775 1.170
P141571 5.127 5.289 -6.947 1.017
P141572 5.194 5.339 -6.648 1.232
P141573 5.253 5.418 -7.006 1.269
P141574 5.248 5.467 -7.207 1.286
P141575 5.253 5.405 -7.137 1.356
P141576 5.356 5.518 -6.094 0.676
P141577 5.365 5.305 -6.577 2.085
P141578 5.255 5.411 -7.060 1.198
P141579 5.356 5.037 -6.017 0.555
P141580 5.201 5.329 -6.778 1.199
P141581 5.288 5.405 -6.895 1.180
P141582 5.576 5.318 -5.949 2.386
P141583 5.046 5.237 -6.927 0.972
P141584 5.226 5.318 -6.572 1.919
P141585 5.215 5.398 -7.071 1.158
P141586 5.266 5.458 -7.178 1.296
P141587 5.368 5.515 -7.263 1.319
P141588 5.403 5.495 -7.334 1.266
P141589 5.214 5.360 -7.570 1.134
P141590 5.088 5.255 -7.128 1.175
P141591 5.493 5.348 -6.668 1.002
P141592 5.523 5.384 -6.744 1.181
P141593 5.440 5.460 -6.414 1.003
P141595 5.411 5.551 -6.962 1.248
P141596 5.335 5.385 -6.829 1.561
P141597 5.281 5.338 -6.587 1.010
P141599 5.220 5.347 -6.795 1.036
P141600 5.198 5.376 -7.484 1.260
P141601 5.422 5.523 -6.784 1.148
P141602 5.387 5.431 -6.754 1.234
P141603 5.434 5.506 -6.851 1.160
P141604 5.346 5.181 -7.041 1.117
P141605 5.565 5.523 -6.871 2.068
P141606 5.316 5.326 -6.939 1.302
P141607 5.484 5.503 -6.118 0.862
P141608 5.378 5.148 -6.037 0.673
P141609 5.369 5.546 -7.073 1.257
P141610 5.486 5.625 -6.243 0.612
P141611 5.367 5.526 -7.009 0.879
P141612 5.423 5.579 -7.589 1.263
P141613 5.468 5.522 -6.315 0.904
P141614 5.379 5.557 -7.270 1.172
P141615 5.287 5.454 -6.777 1.247
P141616 5.177 4.915 -6.394 1.339
P141617 5.352 5.572 -7.102 1.263
P141618 5.325 5.570 -6.747 0.994
P141619 5.496 5.581 -6.518 1.182
P141620 5.408 5.506 -7.305 1.227
P141621 5.302 5.342 -6.864 1.550
P141622 5.039 5.154 -6.718 0.470
P141623 5.310 5.476 -6.883 1.190
P141624 5.466 5.544 -6.641 1.006
P141625 5.403 5.571 -7.366 1.318
P141626 5.480 5.620 -6.192 0.620
P141627 5.370 5.494 -7.107 1.271
P141628 5.421 5.570 -7.256 1.352
P141629 5.512 5.385 -6.353 0.573
P141630 5.290 5.334 -7.275 1.286
P141631 5.473 5.581 -5.961 0.556
P141632 5.386 5.296 -6.801 1.810
P141633 5.581 5.474 -7.383 2.207
P141634 5.453 5.485 -7.362 1.193
P141635 5.384 5.459 -7.352 1.152
P141636 5.400 5.425 -7.056 1.145
P141637 5.361 5.474 -7.055 1.133
P141638 5.453 5.403 -6.292 0.946
P141639 5.333 5.340 -6.445 0.723
P141640 5.474 5.502 -6.320 0.766
P141641 5.323 5.354 -7.119 1.169
P141642 5.466 5.427 -6.710 0.950
P141643 5.578 5.550 -6.299 1.347
P141644 5.336 5.378 -6.957 2.195
P141645 5.403 5.485 -7.251 1.127
P141647 5.424 5.369 -6.691 1.224
P141648 5.559 5.786 -6.577 0.681
P141649 5.710 5.594 -7.218 1.160
P141650 5.323 5.468 -7.284 0.484
P141651 5.182 5.283 -6.560 0.473
P141652 5.385 5.465 -7.645 1.142
P141653 5.436 5.540 -6.656 0.919
P141654 5.361 5.476 -7.658 1.066
P141655 5.351 5.321 -6.622 0.621
P141656 5.551 5.722 -6.350 0.695
P141657 5.623 5.515 -6.957 1.323
P141658 5.635 5.545 -5.965 2.246
P141659 5.486 5.453 -6.870 1.978
P141660 5.431 5.519 -6.910 1.135
P141662 5.469 5.555 -7.260 1.113
P141663 5.553 5.551 -7.432 1.097
P141664 5.685 5.639 -6.152 0.829
P141665 5.552 5.441 -6.427 1.390
P141666 5.640 5.445 -5.862 1.884
P141667 5.561 5.384 -7.053 1.599
P141668 5.515 5.523 -7.253 1.178
P141669 5.490 5.443 -6.200 0.692
P141670 5.506 5.599 -7.361 1.202
P141671 5.167 5.105 -7.314 1.038
P141672 5.619 5.795 -6.433 0.843
P141673 5.535 5.620 -6.950 1.321
P141675 5.396 5.627 -6.884 0.641
P141676 5.393 5.357 -7.228 1.480
P141677 5.548 5.585 -7.258 1.201
P141678 5.271 5.287 -6.576 0.698
P141679 5.401 5.411 -7.074 1.392
P141680 5.725 5.421 -6.887 2.005
P141681 5.471 5.592 -6.324 1.133
P141682 5.526 5.534 -6.044 0.740
P141683 5.548 5.720 -6.903 0.486
P141684 5.581 5.613 -7.122 1.403
P141686 5.328 5.460 -6.925 1.120
P141687 5.579 5.644 -6.683 1.237
P141688 5.380 5.421 -7.006 1.166
P141689 5.378 5.391 -6.529 0.857
P141690 5.231 5.313 -7.760 1.081
P141692 5.234 5.063 -6.547 0.492
P141693 5.584 5.583 -7.206 1.718
P141694 5.467 5.559 -6.640 0.973
P141695 5.614 5.635 -5.850 0.065
P141696 5.322 5.387 -7.181 0.940
P141697 5.494 5.518 -7.282 1.224
P141699 5.149 5.345 -7.044 0.850
P141701 5.387 5.456 -7.689 1.145
P141702 5.424 5.420 -7.097 1.205
P141703 5.569 5.711 -6.848 1.147
P141704 5.532 5.592 -7.389 1.144
P141705 5.559 5.624 -7.468 1.226
P141706 5.387 5.429 -7.436 1.249
P141707 5.496 5.585 -6.566 0.816
P141708 5.663 5.471 -6.212 0.751
P141709 5.357 5.448 -7.583 1.226
P141710 5.306 5.410 -6.980 1.085
P141711 5.523 5.642 -7.433 1.075
P141712 5.445 5.624 -7.043 0.578
P141713 5.563 5.621 -7.759 1.141
P141714 5.645 5.563 -6.569 1.755
P141715 5.685 5.649 -6.733 0.918
P141716 5.436 5.535 -7.418 1.059
P141717 5.623 5.579 -7.130 1.206
P141719 5.477 5.496 -7.179 1.198
P141720 5.469 5.465 -7.708 1.063
P141721 5.470 5.234 -6.912 2.472
P141722 5.443 5.571 -6.337 0.924
P141723 5.473 5.538 -7.297 0.985
P141724 5.514 5.428 -6.673 1.104
P141725 5.535 5.530 -7.221 1.197
P141727 5.516 5.537 -7.546 1.258
P141728 5.353 5.335 -6.476 0.844
P141729 5.552 5.626 -7.127 1.375
P141730 5.485 5.611 -7.209 1.126
P141731 5.290 5.366 -7.607 1.116
P141732 5.562 5.786 -6.740 0.758
P141733 5.480 5.772 -7.113 1.386
P141734 5.756 5.854 -6.617 0.842
P141735 5.571 5.655 -7.680 1.572
P141736 5.478 5.337 -5.978 0.876
P141737 5.466 5.490 -6.955 1.165
P141738 5.694 5.803 -6.745 1.122
P141739 5.420 5.548 -7.085 1.224
P141740 5.501 5.512 -7.042 1.185
P141741 5.500 5.316 -7.358 1.469
P141742 5.606 5.420 -5.637 0.738
P141743 5.532 5.609 -7.700 1.283
P141744 5.502 5.701 -6.936 1.033
P141745 5.576 5.552 -6.819 1.019
P141746 5.782 5.401 -6.401 2.349
P141748 5.558 5.635 -7.396 1.308
P141749 5.702 5.770 -6.266 0.669
P141750 5.680 5.693 -6.812 1.285
P141751 5.648 5.602 -7.332 1.613
P141752 5.660 5.365 -6.246 2.285
P141753 5.698 5.778 -6.471 1.151
P141754 5.618 5.803 -6.657 0.747
P141755 5.560 5.577 -7.704 1.163
P141756 5.493 5.525 -6.957 0.859
P141757 5.523 5.552 -7.621 1.202
P141759 5.519 5.532 -7.414 1.121
P141760 5.544 5.597 -7.550 0.841
P141761 5.747 5.514 -5.954 0.612
P141762 5.333 5.433 -6.638 0.421
P141764 5.507 5.457 -7.077 2.061
P141765 5.376 5.352 -5.578 0.511
P141766 5.477 5.302 -6.231 0.583
P141767 5.623 5.711 -7.389 1.168
P141768 5.628 5.606 -6.749 0.920
P141769 5.585 5.589 -6.583 1.271
P141770 5.466 5.619 -7.029 0.908
P141771 5.299 5.478 -6.539 1.002
P141772 5.555 5.599 -6.926 2.214
P141773 5.552 5.495 -6.167 0.684
P141774 5.484 5.521 -7.332 1.056
P141775 5.740 5.836 -6.327 0.607
P141776 5.635 5.606 -6.703 1.215
P141777 5.865 5.629 -6.597 2.078
P141778 5.386 5.436 -6.344 0.742
P141779 5.456 5.586 -7.466 1.341
P141780 5.469 5.509 -7.517 1.785
P141783 5.523 5.533 -7.456 1.207
P141784 5.449 5.413 -6.590 1.015
P141785 5.652 5.714 -6.844 1.134
P141786 5.654 5.570 -7.852 1.306
P141787 5.687 5.628 -7.141 1.110
P141788 5.731 5.796 -6.849 1.331
P141789 5.460 5.587 -7.425 0.491
P141790 5.468 5.169 -6.035 0.881
P141791 5.690 5.805 -7.340 0.416
P141793 5.792 5.724 -7.810 1.176
P141794 5.785 5.745 -7.749 1.127
P141795 5.710 5.678 -6.152 0.880
P141796 5.711 5.714 -6.984 0.902
P141797 5.572 5.613 -6.690 1.150
P141798 5.618 5.519 -7.040 1.147
P141799 5.670 5.652 -6.903 0.998
P141800 5.705 5.582 -6.213 2.082
P141801 5.588 5.520 -6.895 1.166
P141802 5.662 5.799 -7.306 1.056
P141803 5.687 5.809 -6.919 1.012
P141804 5.643 5.685 -7.481 0.995
P141806 5.712 5.961 -6.553 0.753
P141807 5.793 5.764 -7.313 1.130
P141808 5.775 5.726 -7.730 1.239
P141809 5.666 5.841 -6.563 0.943
P141810 5.752 5.824 -6.686 0.946
P141811 5.477 5.719 -7.815 1.021
P141812 5.702 5.600 -7.727 1.164
P141813 5.567 5.631 -7.007 1.443
P141814 5.664 5.774 -7.892 1.130
P141815 5.598 5.647 -7.253 0.989
P141816 5.700 5.451 -8.674 2.310
P141818 5.769 5.503 -6.313 0.886
P141819 5.504 5.649 -7.167 2.059
P141820 5.538 5.515 -6.997 0.590
P141821 5.472 5.516 -6.511 0.843
P141822 5.757 5.856 -6.141 0.352
P141823 5.401 5.305 -7.203 1.292
P141824 5.499 5.536 -6.584 0.648
P141825 5.770 5.739 -6.461 0.688
P141826 5.978 5.789 -6.759 2.259
P141827 5.479 5.552 -7.206 0.818
P141828 5.709 5.560 -6.480 2.909
P141829 5.672 5.707 -6.938 1.036
P141830 5.712 5.700 -7.756 1.166
P141832 5.423 5.535 -6.531 1.217
P141834 5.720 5.881 -6.575 0.760
P141835 5.740 5.838 -7.328 0.983
P141836 5.553 5.645 -7.708 1.049
P141837 5.750 5.718 -6.364 0.955
P141838 5.625 5.545 -7.665 1.076
P141839 5.944 5.817 -7.374 1.473
P141840 5.552 5.533 -6.952 1.125
P141841 5.600 5.642 -6.949 1.099
P141843 5.803 5.780 -7.211 1.192
P141844 5.552 5.489 -6.256 1.490
P141845 5.880 5.754 -7.652 1.159
P141846 5.716 5.642 -7.790 1.118
P141847 5.714 5.875 -7.119 1.098
P141848 5.673 5.513 -5.632 0.661
P141849 5.600 5.573 -8.025 1.178
P141850 5.147 4.904 -5.845 0.420
P141851 5.639 5.663 -6.987 1.420
P141852 5.771 5.894 -6.984 1.059
P141853 5.760 5.703 -7.707 1.213
P141854 5.582 5.486 -5.833 0.964
P141855 5.672 5.699 -7.683 1.195
P141856 5.918 5.551 -6.976 0.749
P141857 5.718 5.806 -6.930 1.198
P141859 5.476 5.538 -6.800 1.020
P141860 5.682 5.638 -7.731 1.056
P141861 5.532 5.557 -7.446 1.195
P141863 5.522 5.490 -7.467 1.096
P141864 5.591 5.665 -6.550 2.041
P141865 5.678 5.707 -7.649 1.338
P141866 5.711 5.875 -6.456 1.019
P141867 5.563 5.565 -8.007 1.088
P141868 5.943 5.684 -6.607 2.821
P141869 5.609 5.738 -7.779 0.937
P141872 5.405 5.428 -6.560 1.412
P141873 5.739 6.001 -6.792 0.912
P141874 5.850 5.815 -7.219 1.111
P141875 5.617 5.627 -7.444 1.547
P141877 5.996 6.054 -6.993 0.720
P141881 5.726 5.700 -7.775 0.580
P141882 5.526 5.296 -7.282 2.055
P141883 5.692 5.710 -7.431 1.535
P141884 5.610 5.539 -7.378 1.390
P141886 5.759 5.739 -6.957 1.007
P141887 5.540 5.512 -6.435 1.061
P141888 5.618 5.697 -6.319 0.502
P141889 5.535 5.401 -7.479 1.577
P141890 5.805 5.810 -6.689 1.061
P141891 5.612 5.606 -7.470 1.029
P141892 5.495 5.366 -6.598 2.450
P141893 5.815 5.718 -7.878 1.142
P141894 5.888 5.985 -6.752 0.860
P141895 5.574 5.723 -7.947 2.166
P141899 5.888 5.941 -7.319 0.412
P141900 5.605 5.578 -6.879 0.673
P141901 5.859 5.988 -7.450 0.565
P141902 5.605 5.368 -7.241 2.158
P141903 5.461 5.393 -7.640 1.688
P141904 5.862 5.849 -7.072 1.018
P141905 5.814 5.806 -7.034 1.072
P141906 5.595 5.577 -7.711 1.023
P141907 5.758 5.939 -5.891 0.773
P141908 5.504 5.463 -7.654 1.089
P141910 5.632 5.468 -8.595 1.655
P141911 5.754 5.718 -7.524 1.124
P141912 5.666 5.473 -8.505 1.811
P141914 5.838 5.887 -6.648 0.982
P141915 5.783 5.787 -7.832 1.378
P141916 5.823 5.738 -7.805 1.144
P141917 5.646 5.640 -6.301 0.704
P141918 5.770 5.781 -7.056 1.060
P141919 5.911 5.845 -6.346 0.977
P141920 5.702 5.664 -6.377 1.580
P141922 5.831 5.659 -7.622 0.983
P141923 5.833 5.737 -7.009 1.024
P141924 5.619 5.630 -7.001 1.824
P141925 5.961 6.013 -6.798 0.946
P141926 5.784 5.876 -7.437 1.032
P141927 5.781 5.792 -6.982 1.322
P141928 5.824 5.772 -7.965 1.407
P141929 5.946 5.786 -7.863 1.092
P141930 5.846 5.925 -6.962 1.114
P141931 5.780 5.607 -7.461 1.272
P141933 5.713 5.710 -7.191 1.060
P141934 5.840 5.826 -7.898 1.328
P141935 5.662 5.521 -7.134 0.889
P141936 5.607 5.627 -6.893 1.021
P141937 5.894 5.909 -6.845 1.042
P141938 5.816 5.749 -7.025 1.120
P141939 5.579 5.602 -7.243 1.471
P141940 5.824 5.618 -7.412 1.676
P141941 5.786 5.716 -7.328 1.161
P141942 5.919 5.814 -7.858 1.252
P141943 5.851 5.824 -6.501 0.992
P141944 5.377 5.482 -6.953 1.057
P141945 5.780 5.829 -6.561 0.947
P141946 5.628 5.725 -7.396 1.168
P141947 5.819 5.793 -7.107 1.140
P141948 5.860 5.814 -6.969 1.031
P141949 5.780 5.891 -7.447 0.535
P141950 5.850 5.599 -8.487 2.175
P141951 5.848 5.671 -6.897 0.766
P141952 5.776 6.019 -6.566 0.699
P141953 5.821 5.876 -7.556 1.095
P141954 5.792 5.871 -7.142 1.052
P141955 5.839 5.465 -7.233 1.001
P141956 5.892 5.647 -7.073 1.028
P141957 5.877 5.772 -7.479 1.156
P141958 6.000 5.936 -6.943 1.211
P141959 5.624 5.617 -7.311 1.487
P141960 5.898 5.816 -6.760 1.246
P141961 5.972 5.882 -6.841 1.071
P141962 5.833 5.835 -7.186 0.990
P141963 5.850 5.965 -7.185 0.798
P141964 5.749 5.474 -6.962 1.682
P141965 5.887 5.690 -6.805 1.094
P141966 5.720 5.732 -6.614 1.020
P141967 6.042 5.979 -6.476 0.876
P141968 5.808 5.756 -6.821 1.020
P141969 5.820 5.618 -8.318 1.030
P141970 6.053 5.947 -7.038 1.100
P141971 5.951 5.852 -8.024 1.354
P141972 5.877 5.842 -6.976 1.047
P141973 5.935 5.985 -7.201 1.178
P141974 5.958 5.861 -6.748 1.731
P141975 5.888 5.937 -8.062 1.571
P141976 6.070 6.020 -6.418 1.031
P141977 5.775 5.555 -7.779 1.025
P141978 6.022 5.921 -6.986 1.154
P141979 5.934 5.705 -5.619 1.761
P141980 6.092 5.884 -7.136 1.450
P141981 5.702 5.698 -7.948 1.581
P141982 5.763 5.754 -6.627 1.036
P141983 5.795 5.860 -7.469 0.900
P141984 5.872 5.829 -7.534 1.359
P141985 6.054 6.007 -7.203 0.905
P141986 5.867 5.810 -7.792 1.139
P141987 5.905 5.924 -7.733 1.581
P141988 5.899 6.012 -7.430 0.581
P141989 5.963 5.888 -6.736 0.878
P141991 5.878 5.991 -6.760 1.052
P141992 5.532 5.349 -8.287 1.763
P141993 5.591 5.652 -8.301 1.885
P141994 5.948 5.967 -6.075 0.708
P141995 6.080 6.034 -7.166 0.998
P141996 5.795 5.470 -7.628 2.472
P141997 5.880 6.028 -7.627 1.338
P141998 6.020 5.942 -6.576 0.854
P141999 6.038 6.004 -6.406 0.899
P142000 5.980 5.950 -7.098 0.978
P142001 5.756 5.868 -6.999 0.811
P142002 5.697 5.698 -6.696 0.929
P142003 5.878 5.648 -8.149 2.780
P142005 5.390 5.849 -7.013 1.167
P142006 6.126 5.832 -6.796 1.969
P142007 5.880 5.708 -7.503 1.216
P142009 5.425 5.408 -6.897 0.139
P142010 5.716 5.411 -6.704 1.677
P142011 5.647 5.664 -6.363 0.747
P142012 5.995 6.140 -7.242 0.797
P142013 6.130 6.070 -7.136 1.023
P142014 5.489 5.632 -6.118 0.834
P142015 6.015 6.065 -7.346 0.969
P142016 6.107 5.963 -7.779 1.531
P142017 6.013 5.992 -6.366 1.470
P142018 5.947 6.120 -7.177 0.900
P142020 5.721 5.780 -6.374 0.710
P142021 5.665 5.494 -8.117 1.333
P142022 5.989 5.981 -7.820 1.052
P142023 5.925 5.911 -6.974 1.191
P142024 5.783 5.723 -8.871 0.872
P142025 5.975 5.836 -7.706 1.363
P142026 5.893 5.985 -7.385 1.062
P142027 5.889 5.561 -7.002 1.515
P142028 5.702 5.579 -7.771 1.561
P142029 5.968 5.926 -7.410 1.153
P142030 5.897 5.526 -8.475 2.545
P142031 5.750 5.775 -8.496 1.251
P142032 5.770 5.722 -7.909 0.904
P142033 5.770 5.688 -8.023 1.207
P142034 5.895 5.812 -7.884 0.532
P142035 5.900 5.847 -7.499 1.429
P142036 5.991 5.990 -7.123 0.867
P142037 5.977 5.976 -7.803 1.220
P142038 5.883 5.783 -6.957 1.171
P142039 6.214 6.160 -5.613 0.805
P142040 5.789 5.806 -8.099 0.900
P142041 6.053 6.033 -7.751 2.003
P142042 6.120 5.997 -6.666 1.505
P142043 5.992 5.926 -6.588 2.115
P142044 5.798 5.833 -6.883 0.764
P142045 5.933 5.814 -7.326 1.106
P142046 6.021 6.128 -7.281 1.135
P142047 6.017 6.035 -7.261 0.882
P142048 6.087 5.973 -6.973 1.865
P142049 5.923 6.083 -7.204 0.856
P142050 5.875 5.834 -7.457 1.403
P142051 5.576 5.545 -8.105 1.145
P142052 5.961 5.873 -7.145 1.022
P142053 5.566 5.713 -7.503 1.082
P142054 6.035 5.869 -6.562 2.287
P142055 5.970 5.853 -7.610 0.923
P142056 5.800 5.684 -6.649 0.664
P142057 6.239 6.118 -6.873 1.093
P142058 6.161 6.055 -6.034 1.134
P142059 5.789 5.570 -8.193 2.072
P142060 5.836 5.735 -7.951 1.212
P142061 6.245 6.179 -6.539 0.909
P142062 5.545 5.688 -6.794 1.141
P142063 5.639 5.744 -6.719 0.807
P142064 5.767 5.367 -7.520 3.132
P142065 5.650 5.534 -7.825 1.170
P142066 6.034 5.514 -7.737 2.462
P142067 5.964 5.783 -6.622 3.625
P142068 5.570 5.443 -8.015 1.439
P142069 6.064 6.031 -6.484 1.215
P142070 5.934 5.790 -7.619 1.053
P142071 5.467 5.528 -6.955 2.101
P142073 5.944 5.908 -7.256 0.931
P142074 5.814 5.772 -7.157 0.837
P142075 5.882 5.684 -7.628 0.659
P142076 6.099 6.148 -7.495 1.053
P142077 5.789 5.948 -8.586 1.131
P142078 6.046 6.035 -7.851 3.571
P142079 6.048 6.038 -6.062 0.261
P142080 6.107 6.303 -6.798 0.697
P142081 6.111 6.245 -6.917 0.681
P142082 5.846 5.930 -7.500 1.316
P142083 6.188 6.212 -6.444 0.554
P142084 5.944 5.487 -7.097 1.191
P142085 6.356 5.979 -7.143 1.015
P142086 5.990 6.031 -7.278 0.810
P142087 6.007 6.040 -6.945 0.733
P142088 5.839 5.817 -7.161 1.581
P142089 5.979 5.949 -6.712 1.188
P142090 5.679 5.537 -8.097 1.729
P142091 5.845 5.807 -7.814 1.464
P142092 6.066 6.035 -7.061 0.903
P142093 6.015 5.776 -7.285 1.871
P142094 6.275 5.957 -7.057 1.207
P142095 5.953 5.946 -7.532 0.489
P142096 6.042 6.039 -6.712 1.095
P142097 6.168 5.959 -6.455 2.350
P142098 6.023 5.931 -7.376 1.786
P142099 6.092 6.104 -7.235 0.969
P142100 6.201 5.899 -7.045 1.339
P142101 5.909 6.079 -7.254 1.716
P142102 5.604 5.572 -7.975 1.365
P142103 5.596 5.646 -7.839 1.626
P142104 5.654 5.449 -7.781 0.513
P142105 5.887 5.851 -6.826 0.650
P142106 5.786 5.740 -7.934 0.258
P142107 5.789 5.687 -8.542 0.458
P142108 5.742 5.583 -8.247 0.494
P142109 5.815 5.634 -8.572 0.516
P142110 5.845 5.807 -8.463 0.356
P142111 5.971 5.690 -8.191 0.681
P142112 5.817 5.709 -8.144 0.522
P142113 5.845 5.933 -8.168 0.268
P142114 5.902 5.940 -8.322 0.421
P142115 5.861 5.818 -8.011 0.499
P142116 5.927 5.980 -8.049 0.276
P142117 5.860 5.789 -8.344 0.511
P142118 5.882 5.775 -7.828 0.640
P142119 5.421 5.495 -5.714 2.156
P142120 5.887 5.846 -8.378 0.477
P142121 5.835 5.864 -7.228 0.637
P142122 5.896 5.991 -7.781 0.519
P142124 5.980 5.973 -8.045 0.246
P142126 5.960 5.964 -7.756 0.422
P142127 5.888 5.633 -8.164 1.304
P142128 5.736 5.844 -7.922 0.692
P142129 5.786 5.641 -6.582 0.547
P142130 5.900 5.692 -8.217 0.737
P142131 5.906 5.870 -7.967 0.757
P142132 5.935 5.967 -7.517 0.343
P142133 5.904 5.867 -8.435 0.456
P142135 5.912 5.963 -8.230 0.472
P142137 5.959 6.005 -8.180 0.623
P142140 5.933 5.552 -8.939 1.058
P142142 5.875 5.951 -8.414 0.835
P142144 5.785 5.949 -8.460 0.771
P142145 5.885 5.948 -8.596 0.320
P142148 5.895 5.814 -7.939 0.527
P142149 5.838 5.865 -8.087 0.680
P142150 5.584 5.582 -7.929 0.545
P142151 5.971 5.955 -9.002 0.306
P142153 6.002 6.088 -8.053 0.999
P142155 5.972 5.968 -8.365 1.005
P142156 5.993 6.023 -9.101 0.773
P142157 5.960 6.045 -9.661 0.831
P142158 5.919 5.806 -9.362 0.844
P142159 5.919 5.843 -9.615 0.842
P142160 6.068 6.283 -10.605 0.993
P142161 6.146 5.974 -9.334 0.894
P142162 5.966 5.860 -9.215 0.902
P142163 6.098 6.290 -10.104 1.111
P142164 6.158 6.258 -9.382 0.792
P142165 6.070 5.982 -9.003 0.904
P142166 6.188 6.321 -10.060 1.147
P142167 6.016 5.909 -9.390 0.901
P142168 6.116 6.072 -9.574 0.799
P142169 6.185 6.396 -10.593 1.285
P142170 6.184 6.090 -9.241 0.924
P142171 6.376 6.491 -9.929 1.348
P142172 6.363 6.337 -8.130 0.966
P142173 6.445 6.479 -10.383 1.038
P142175 6.411 6.488 -10.218 1.136
P142176 6.291 6.409 -10.072 1.013
P142177 6.303 6.406 -9.650 1.028
P142178 6.156 6.171 -8.782 0.894
P142179 6.316 6.424 -10.442 0.852
P142180 6.231 6.266 -9.177 0.889
P142181 6.380 6.072 -7.576 1.473
P142182 6.408 6.383 -9.105 0.805
P142185 6.370 6.438 -9.172 1.033
P142188 6.404 6.431 -9.078 1.263
P142191 6.327 6.403 -9.713 0.808
P142192 6.683 6.516 -8.055 1.024
P142194 6.345 6.431 -9.750 0.795
P142196 6.356 6.445 -9.785 0.731
P142198 6.318 6.316 -10.227 0.709
P142199 6.377 6.260 -8.455 2.230
P142202 6.319 6.382 -9.805 0.787
P142207 5.621 5.740 -9.886 0.866
P142209 5.838 6.038 -9.765 0.506
P142211 5.594 5.755 -9.154 0.870
P142212 5.551 5.585 -9.352 0.825
P142213 5.686 5.480 -8.129 0.716
P142216 5.784 5.992 -8.830 0.456
P142217 6.000 6.100 -9.556 1.026
P142219 5.705 5.587 -8.315 0.622
P142220 5.831 5.719 -8.710 0.513
P142225 5.853 5.702 -8.134 0.849
P142227 5.740 5.843 -10.560 0.759
P142228 5.798 5.355 -9.042 1.394
P142230 5.761 5.617 -8.744 0.571
P142233 6.039 6.029 -10.499 0.537
P142238 6.122 6.097 -10.063 1.150
P142240 6.173 6.230 -9.391 0.502
P142241 6.048 6.141 -11.272 0.434
P142243 5.810 5.636 -7.566 0.778
P142245 5.963 5.784 -8.426 0.793
P142247 6.026 6.105 -10.666 0.623
P142248 5.646 5.563 -7.366 0.302
P142249 5.569 5.611 -7.608 0.411
P142250 5.719 5.656 -7.742 0.347
P142251 5.465 5.582 -7.828 0.589
P142252 5.674 5.615 -7.380 0.346
P142253 5.496 5.449 -7.375 0.402
P142254 5.455 5.661 -7.178 0.904
P142255 5.586 5.511 -7.335 0.336
P142256 5.827 5.727 -7.001 0.688
P142257 5.463 5.429 -8.067 0.401
P142258 5.543 5.529 -7.036 0.702
P142259 5.732 5.553 -6.836 0.683
P142260 5.667 5.662 -7.700 0.353
P142261 5.611 5.576 -7.752 0.347
P142262 5.652 5.592 -7.727 0.350
P142263 5.732 5.729 -7.245 0.608
P142264 5.697 5.700 -7.565 0.619
P142265 5.741 5.751 -7.604 0.647
P142266 5.612 5.686 -7.566 0.891
P142267 5.648 5.608 -7.623 0.351
P142268 5.560 5.561 -7.187 0.640
P142269 5.658 5.703 -7.585 0.849
P142270 5.827 5.910 -7.011 1.097
P142271 5.495 5.603 -7.869 0.549
P142272 5.564 5.750 -7.055 1.068
P142273 5.787 5.844 -6.822 1.238
P142274 5.665 5.711 -7.590 0.745
P142275 5.645 5.711 -7.632 0.630
P142276 5.685 5.692 -7.571 0.476
P142277 5.638 5.630 -7.200 0.595
P142278 5.729 5.745 -7.497 0.786
P142279 5.748 5.868 -7.462 0.937
P142280 5.806 5.897 -7.777 0.604
P142281 5.571 5.617 -7.475 1.011
P142282 5.837 5.838 -7.296 0.859
P142283 5.574 5.645 -7.677 0.698
P142284 5.757 5.741 -6.639 1.279
P142285 5.812 5.851 -7.422 0.617
P142286 5.798 5.994 -7.172 1.156
P142287 5.945 5.872 -6.970 1.094
P142288 5.984 5.981 -7.052 1.104
P142289 5.712 5.728 -7.504 0.814
P142290 5.696 5.766 -7.319 0.724
P142291 5.596 5.672 -7.343 0.582
P142292 5.478 5.399 -6.345 0.614
P142293 5.691 5.856 -7.487 0.898
P142294 5.737 5.828 -7.327 0.527
P142295 5.657 5.755 -7.733 0.636
P142296 5.551 5.772 -7.459 0.748
P142297 5.778 5.982 -7.167 1.157
P142298 5.573 5.669 -7.369 0.635
P142299 5.545 5.657 -7.591 0.595
P142300 5.697 5.723 -7.611 0.637
P142301 5.860 5.875 -7.380 0.964
P142302 5.999 5.718 -7.104 0.830
P142303 5.951 5.757 -7.054 0.826
P142304 5.941 5.588 -6.671 0.692
P142305 5.784 5.743 -7.549 0.347
P142306 5.642 5.696 -7.043 0.863
P142307 5.681 5.669 -7.622 0.608
P142308 5.568 5.478 -7.738 0.359
P142309 5.843 5.777 -7.360 0.337
P142310 5.545 5.500 -7.573 0.305
P142311 5.710 5.649 -7.495 0.368
P142312 5.606 5.535 -7.513 0.353
P142313 5.736 5.703 -7.354 0.336
P142314 5.808 5.758 -7.466 0.279
P142315 5.802 5.724 -7.977 0.377
P142316 5.686 5.635 -7.637 0.443
P142317 5.526 5.483 -7.755 0.387
P142318 5.592 5.521 -7.525 0.366
P142319 5.933 5.635 -6.775 0.565
P142320 5.752 5.711 -7.557 0.340
P142321 5.629 5.581 -7.919 0.442
P142322 5.725 5.724 -7.448 0.318
P142323 5.643 5.635 -7.252 0.748
P142324 5.690 5.653 -7.531 0.454
P142325 5.734 5.901 -7.792 0.719
P142326 5.757 5.811 -7.170 0.647
P142327 5.831 5.668 -7.752 0.403
P142328 5.767 5.708 -7.285 0.358
P142329 5.764 5.721 -7.917 0.404
P142330 6.140 6.057 -7.763 0.343
P142331 5.563 5.526 -7.671 0.456
P142332 5.790 5.678 -8.386 0.530
P142333 6.021 5.952 -7.604 1.540
P142334 5.835 5.843 -7.321 0.704
P142335 5.768 5.681 -7.546 0.369
P142336 5.808 5.694 -6.731 0.539
P142337 5.866 5.876 -8.032 0.477
P142338 5.978 5.605 -7.313 1.005
P142339 5.809 5.741 -7.638 0.330
P142340 5.615 5.530 -7.373 0.494
P142341 5.753 5.779 -7.650 0.526
P142342 5.400 5.572 -7.338 0.742
P142343 5.727 5.687 -7.571 0.357
P142344 5.963 5.968 -7.423 0.524
P142345 5.405 5.738 -7.118 0.998
P142346 5.746 5.849 -7.508 0.916
P142347 5.670 5.555 -7.403 0.564
P142348 5.625 5.710 -7.499 0.505
P142349 5.806 5.828 -7.525 0.690
P142350 5.858 5.980 -7.892 0.660
P142351 5.822 5.774 -7.596 0.666
P142352 5.722 5.647 -7.092 1.000
P142353 5.726 5.735 -7.399 0.433
P142354 5.844 5.873 -7.197 0.776
P142355 6.123 6.149 -7.676 0.651
P142356 5.820 5.935 -6.723 1.082
P142357 5.752 5.856 -8.275 0.664
P142358 5.503 5.625 -7.390 0.783
P142359 5.753 5.729 -7.358 0.455
P142360 5.954 5.957 -7.965 0.517
P142362 5.728 5.641 -8.441 0.505
P142363 5.615 5.641 -7.587 0.388
P142364 5.892 5.779 -6.826 0.630
P142365 5.780 5.714 -7.460 1.062
P142367 5.696 5.607 -8.195 0.393
P142368 5.951 6.062 -8.015 0.854
P142369 5.720 5.741 -7.093 0.763
P142370 5.921 5.952 -7.649 0.888
P142371 5.967 6.017 -7.879 0.655
P142372 5.694 5.828 -7.353 1.040
P142373 5.700 5.800 -6.813 1.231
P142374 5.699 5.776 -7.428 0.703
P142375 5.914 5.830 -7.602 0.608
P142376 5.928 5.932 -7.148 0.915
P142377 5.780 5.810 -7.417 0.648
P142378 5.423 5.632 -7.335 0.926
P142379 5.772 5.898 -7.543 0.770
P142380 5.952 5.993 -6.965 1.025
P142381 5.750 5.748 -7.199 0.516
P142382 5.854 5.954 -7.595 0.548
P142383 5.823 5.924 -7.544 0.672
P142384 5.908 5.856 -7.385 0.992
P142385 5.983 5.962 -8.058 0.433
P142386 5.617 5.650 -7.691 0.803
P142387 5.865 5.848 -7.744 0.362
P142388 5.787 5.704 -7.028 0.396
P142389 5.967 5.792 -7.065 0.949
P142390 5.909 5.881 -7.794 0.339
P142391 5.419 5.605 -7.535 0.874
P142392 5.754 5.745 -7.513 0.469
P142393 5.963 5.812 -7.980 2.737
P142394 5.942 5.894 -7.279 0.598
P142395 5.638 5.656 -7.285 0.607
P142396 5.708 5.605 -7.530 0.434
P142397 5.754 5.582 -6.792 0.852
P142398 5.813 5.788 -7.568 0.909
P142399 5.917 5.867 -7.837 0.415
P142400 5.983 5.942 -7.782 0.412
P142401 6.023 6.110 -7.545 0.831
P142402 5.984 5.825 -7.349 0.605
P142403 5.664 5.650 -7.427 0.277
P142404 5.945 5.995 -7.620 0.553
P142405 5.816 5.789 -7.011 0.970
P142406 5.511 5.682 -7.220 0.941
P142407 5.912 5.896 -7.619 0.513
P142408 5.805 5.782 -7.143 0.493
P142409 5.815 5.713 -7.150 0.508
P142411 5.943 5.949 -7.424 1.151
P142412 5.941 5.923 -7.595 0.929
P142413 5.945 5.906 -7.364 0.840
P142414 5.810 5.836 -7.028 0.884
P142416 5.755 5.823 -7.405 0.575
P142417 6.056 6.120 -7.617 0.809
P142418 5.983 6.012 -7.580 0.610
P142419 5.813 5.837 -7.115 0.882
P142420 5.836 5.811 -6.846 0.871
P142421 5.711 5.684 -7.107 0.771
P142422 5.667 5.821 -6.608 0.513
P142423 5.766 5.894 -7.763 0.916
P142424 5.912 5.975 -7.672 0.795
P142425 5.923 5.930 -8.107 1.005
P142426 6.128 6.227 -7.626 0.756
P142427 6.040 5.801 -7.210 0.816
P142428 5.935 6.037 -7.141 0.795
P142429 5.877 5.881 -7.663 0.810
P142430 5.942 5.877 -8.250 1.067
P142431 5.855 6.134 -7.322 1.273
P142432 6.215 5.887 -8.153 1.838
P142433 5.891 5.986 -7.458 0.802
P142434 5.992 5.813 -7.377 0.965
P142435 5.988 5.809 -7.222 0.432
P142436 6.172 6.152 -7.410 0.486
P142437 5.975 5.830 -8.099 0.681
P142438 6.171 6.037 -8.070 1.008
P142439 6.003 5.945 -6.942 0.614
P142440 5.909 5.740 -7.480 0.793
P142441 5.980 5.755 -8.285 0.903
P142442 5.907 5.839 -6.795 0.633
P142443 5.962 5.866 -7.709 0.801
P142444 6.006 5.769 -7.646 0.763
P142445 6.175 6.065 -7.806 0.536
P142446 5.824 5.631 -7.404 0.715
P142447 5.823 5.708 -7.376 0.244
P142448 6.385 6.213 -8.207 0.653
P142449 6.167 5.883 -8.226 0.501
P142450 6.119 5.918 -8.373 0.712
P142451 5.821 6.031 -7.403 1.621
P142452 6.341 6.242 -7.679 1.097
P142453 6.264 6.443 -7.733 1.063
P142454 5.859 5.837 -7.171 0.960
P142455 5.908 5.875 -7.191 0.803
P142456 6.264 6.192 -7.586 0.518
P142457 6.074 6.167 -7.523 0.762
P142458 5.987 6.117 -7.338 1.017
P142459 5.973 6.043 -8.868 0.552
P142460 6.429 6.300 -6.605 0.958
P142461 5.916 5.907 -7.989 0.891
P142462 5.988 6.157 -7.952 0.675
P142463 6.011 6.059 -7.301 0.870
P142464 5.971 5.980 -7.993 1.021
P142465 6.179 6.087 -8.316 1.168
P142466 6.085 6.082 -7.471 0.828
P142467 6.172 5.750 -7.860 0.588
P142468 6.037 5.947 -7.399 0.805
P142469 6.120 5.977 -8.237 0.866
P142470 6.149 5.930 -7.837 0.894
P142471 6.178 6.282 -7.877 0.878
P142472 6.539 6.186 -6.953 0.918
P142473 5.519 5.778 -6.956 0.788
P142474 6.126 5.868 -7.527 0.896
P142475 6.367 6.365 -7.992 0.553
P142476 6.304 6.159 -7.804 0.865
P142477 6.460 6.383 -8.469 0.945
P142478 6.097 5.577 -6.942 1.402
P142479 6.364 6.362 -8.251 0.621
P142480 6.106 6.102 -8.646 0.640
P142481 6.146 5.869 -8.732 1.004
P142482 6.133 5.678 -7.265 1.329
P142483 6.079 6.023 -8.844 0.594
P142484 6.473 6.268 -8.306 0.674
P142485 6.264 6.349 -8.180 1.795
P142486 6.167 6.194 -7.378 1.522
P142487 6.352 6.301 -7.984 0.929
P142488 6.431 6.170 -8.033 0.978
P142489 6.347 6.256 -8.016 0.914
P142490 5.740 5.621 -8.599 0.481
P142491 5.701 5.626 -8.843 0.576
P142492 5.680 5.477 -8.637 0.539
P142493 5.765 5.613 -8.876 0.481
P142494 5.928 5.685 -8.696 0.556
P142495 5.793 5.724 -8.862 0.493
P142496 5.759 5.570 -8.523 0.505
P142497 5.821 5.618 -8.418 0.467
P142498 5.826 5.689 -8.671 0.432
P142499 5.879 5.684 -7.872 0.663
P142500 5.905 5.665 -8.495 0.656
P142501 5.933 5.741 -8.714 0.583
P142502 5.887 5.913 -8.818 0.726
P142503 5.916 5.816 -8.770 0.492
P142504 5.894 5.656 -8.705 0.645
P142505 5.983 5.909 -8.391 0.432
P142506 5.865 5.681 -7.354 0.601
P142507 5.982 5.878 -9.309 0.449
P142508 5.800 5.872 -7.643 1.089
P142509 5.867 5.563 -8.237 1.038
P142511 5.900 5.705 -7.538 0.336
P142512 5.874 5.763 -7.635 0.718
P142513 5.982 5.725 -8.227 0.754
P142515 5.865 6.066 -8.202 0.955
P142516 5.790 5.800 -6.817 0.850
P142517 5.903 5.807 -8.168 0.782
P142518 5.909 5.808 -8.213 0.871
P142519 5.786 5.786 -8.645 0.479
P142521 5.882 5.901 -8.524 0.646
P142522 5.847 5.608 -7.647 0.958
P142525 6.088 5.947 -7.923 0.721
P142527 5.998 5.906 -7.975 0.612
P142530 5.883 5.703 -7.559 0.666
P142532 5.866 5.857 -8.678 0.472
P142533 5.916 5.710 -8.602 1.104
P142535 5.707 5.805 -8.633 0.873
