target-names,no-steps,concentration-required-mM,amount-required-uL,batch-tag,reactant-1-1,reactant-2-1,reaction-product-smiles-1,reaction-name-1,reaction-recipe-1,reaction-groupby-column-1,reactant-3-1,reactant-4-1,reactant-1-2,reactant-2-2,reaction-product-smiles-2,reaction-name-2,reaction-recipe-2,reaction-groupby-column-2
C62668,1,,,,Cc1ccc(N)c2cccnc12,O=C(O)c1cccc2scnc12,Cc1ccc(NC(=O)c2cccc3scnc23)c2cccnc12,Amidation,,,,,,,,,,
C55265,1,,,,O=C(O)CO,CC(N)C1CCCCN1C(=O)c1cccc2[nH]cnc12,CC(NC(=O)CO)C1CCCCN1C(=O)c1cccc2[nH]cnc12,Amidation,,,,,,,,,,
C70482,1,,,,Cc1cc(Br)cc2nc[nH]c12,CCOS(=O)(=O)c1ccc(C)cc1,CCn1cnc2cc(Br)cc(C)c21,Amine_alkylation,,,,,,,,,,
C61598,1,,,,O=Cc1ccc2c(c1)CNC2,CCCCN,CCCCNCc1ccc2c(c1)CNC2,Reductive_amination,,,,,,,,,,
C67555,1,,,,O=C1CC(C(=O)O)CCN1,Nc1nnc(C2CCNC2)[nH]1,O=C1CC(C(=O)Nc2nnc(C3CCNC3)[nH]2)CCN1,Amidation,,,,,,,,,,
C59678,1,,,,Ic1ncc[nH]1,CC1(C)OB(c2ccsn2)OC1(C)C,c1c[nH]c(-c2ccsn2)n1,Sp2-sp2_Suzuki_coupling,,,,,,,,,,
C59954,1,,,,CC(=O)O,NCC12CCCN1CCC2,CC(=O)NCC12CCCN1CCC2,Amidation,,,,,,,,,,
C69956,1,,,,NC1Cc2cscc2C1,COC(=O)c1cnc2c(C=O)cccn12,COC(=O)c1cnc2c(CNC3Cc4cscc4C3)cccn12,Reductive_amination,,,,,,,,,,
C56722,1,,,,CC(O)C(=O)O,Nc1nccs1,CC(O)C(=O)Nc1nccs1,Amidation,,,,,,,,,,
C69102,1,,,,N,CSCCC=O,CSCCC(N)c1nc2ccccc2s1,Petasis-borono_Mannich_reaction,,,CC1(C)OB(c2nc3ccccc3s2)OC1(C)C,,,,,,,
C64151,1,,,,O=C(O)c1cccc2nccn12,Cc1nc(CCN)c[nH]1,Cc1nc(CCNC(=O)c2cccc3nccn23)c[nH]1,Amidation,,,,,,,,,,
C10430,1,,,,O=S(=O)(Oc1ccncc1)C(F)(F)F,CC1(C)OB(c2cccc3ncccc23)OC1(C)C,c1cc(-c2ccncc2)c2cccnc2c1,Sp2-sp2_Suzuki_coupling,,,,,,,,,,
C63174,1,,,,CC(N)c1cccc2cccnc12,O=C(O)c1noc2c1CNCC2,CC(NC(=O)c1noc2c1CNCC2)c1cccc2cccnc12,Amidation,,,,,,,,,,
C66225,1,,,,CC=O,OB(O)c1cscn1,CSCCN(C)C(C)c1cscn1,Petasis-borono_Mannich_reaction,,,CNCCSC,,,,,,,
C70444,1,,,,Brc1nc2ccccc2[nH]1,NCc1cccc(OCC(N)=O)c1,NC(=O)COc1cccc(CNc2nc3ccccc3[nH]2)c1,N-nucleophilic_aromatic_substitution,,,,,,,,,,
C58144,1,,,,CNCc1ccc2cc[nH]c2c1,C=CCC(C)C(=O)O,C=CCC(C)C(=O)N(C)Cc1ccc2cc[nH]c2c1,Amidation,,,,,,,,,,
C61950,1,,,,O=C(O)c1ccnc2c1CNC2,CNC(=O)Cc1cccc(N)c1,CNC(=O)Cc1cccc(NC(=O)c2ccnc3c2CNC3)c1,Amidation,,,,,,,,,,
C61266,1,,,,CC(C)N,Brc1cnccn1,CC(C)Nc1cnccn1,N-nucleophilic_aromatic_substitution,,,,,,,,,,
C61429,1,,,,N,O=C1Cc2cccc(B(O)O)c2N1,Nc1cccc2c1NC(=O)C2,Chan-Lam_coupling_(amination),,,,,,,,,,
C70733,1,,,,N#CCC1=NC2CCCCC2N1,CB(O)O,CN1C(CC#N)=NC2CCCCC21,"Chan-Lam_coupling_of_amides,_sulfonamides,_and_imides",,,,,,,,,,
C61575,1,,,,O=Cc1ccc2c(c1)CNC2,CNCC(F)(F)F,CN(Cc1ccc2c(c1)CNC2)CC(F)(F)F,Reductive_amination,,,,,,,,,,
C58940,1,,,,N,CC(=O)Cc1cc2n(n1)CCCCC2,CC(N)Cc1cc2n(n1)CCCCC2,Reductive_amination,,,,,,,,,,
C7770,1,,,,CNCc1c[nH]cn1,O=C(O)Cn1cccn1,CN(Cc1c[nH]cn1)C(=O)Cn1cccn1,Amidation,,,,,,,,,,
C105003,1,,,,CCc1ccccc1CC,CCC(=O)Cl,CCC(=O)c1cccc(CC)c1CC,Friedel-Crafts_acylation,,,,,,,,,,
C61879,1,,,,OB(O)c1ccnc2[nH]ncc12,NCc1cn2ccsc2n1,c1cc(NCc2cn3ccsc3n2)c2cn[nH]c2n1,Chan-Lam_coupling_(amination),,,,,,,,,,
C72111,1,,,,NC1CCN(c2ccccn2)C1,CCOC(=O)c1cccc2[nH]c(NC(C)C)nc12,CC(C)Nc1nc2c(C(=O)NC3CCN(c4ccccn4)C3)cccc2[nH]1,Ester_amidation,,,,,,,,,,
C63451,1,,,,O=C(c1ccc2ccccc2n1)N1CCNCC1,CC(C)(C)CCO,CC(C)(C)CCN1CCN(C(=O)c2ccc3ccccc3n2)CC1,Mitsunobu_reaction_with_amine_alcohol_and_thioalcohol,,,,,,,,,,
C68932,1,,,,CC1(C)OB(C2CCCNC2)OC1(C)C,Brc1ccc2[nH]c3c(c2c1)CCCC3,c1cc2[nH]c3c(c2cc1C1CCCNC1)CCCC3,Sp3-sp2_Suzuki_coupling,,,,,,,,,,
C57814,1,,,,O=C(O)c1nccs1,CN(CCN)C(=O)c1cccc2cc[nH]c12,CN(CCNC(=O)c1nccs1)C(=O)c1cccc2cc[nH]c12,Amidation,,,,,,,,,,
C62267,1,,,,CCC(=O)O,Nc1ccsn1,CCC(=O)Nc1ccsn1,Amidation,,,,,,,,,,
C53862,1,,,,CC(C)(C)OC(=O)N1CCNCC1c1cccnc1,,c1cncc(C2CNCCN2)c1,N-Boc_deprotection,,,,,,,,,,
C68038,1,,,,Fc1ncc[nH]1,CCC[S+](N)[O-],CCC[S+]([O-])Nc1ncc[nH]1,N-nucleophilic_aromatic_substitution,,,,,,,,,,
C66393,1,,,,O=Cc1cccc2[nH]ccc12,Nc1ccc2c(c1)CN(CC(F)(F)F)C2,FC(F)(F)CN1Cc2ccc(NCc3cccc4[nH]ccc34)cc2C1,Reductive_amination,,,,,,,,,,
C64246,1,,,,CCCCC(=O)NCC1CCNCC1,O=C(O)c1ccc2cc[nH]c2c1,CCCCC(=O)NCC1CCN(C(=O)c2ccc3cc[nH]c3c2)CC1,Amidation,,,,,,,,,,
C60262,1,,,,O=S(=O)(Oc1ccncc1)C(F)(F)F,CC1(C)OB(c2cocn2)OC1(C)C,c1cc(-c2cocn2)ccn1,Sp2-sp2_Suzuki_coupling,,,,,,,,,,
C59572,1,,,,Fc1cccc2c1CNC2,O=C(O)c1ccc2n[nH]c(=O)n2c1,O=C(c1ccc2n[nH]c(=O)n2c1)N1Cc2cccc(F)c2C1,Amidation,,,,,,,,,,
C63038,1,,,,Nc1cncs1,C#CCOC(C)C(=O)O,C#CCOC(C)C(=O)Nc1cncs1,Amidation,,,,,,,,,,
C60777,1,,,,O=C(O)C1CCNC1,CC(C)(N)COc1ncccc1Br,CC(C)(COc1ncccc1Br)NC(=O)C1CCNC1,Amidation,,,,,,,,,,
C71544,1,,,,O=c1[nH]ncn1C1CCNCC1,O=Cc1c[nH]c2cc(Cl)ccc12,O=c1[nH]ncn1C1CCN(Cc2c[nH]c3cc(Cl)ccc23)CC1,Reductive_amination,,,,,,,,,,
C62049,1,,,,O=C(O)c1cccc(C2CC2)n1,CC(CCN)NC(=O)c1cnc[nH]1,CC(CCNC(=O)c1cccc(C2CC2)n1)NC(=O)c1cnc[nH]1,Amidation,,,,,,,,,,
C9994,1,,,,O=C(O)Cc1cncnc1,CCCNCCNC(=O)c1cccnc1,CCCN(CCNC(=O)c1cccnc1)C(=O)Cc1cncnc1,Amidation,,,,,,,,,,
C61309,1,,,,O=C(O)Cc1cccc2c1CCNC2,COCC1(CN)CCC1,COCC1(CNC(=O)Cc2cccc3c2CCNC3)CCC1,Amidation,,,,,,,,,,
C62788,1,,,,O=C(O)c1ccc2nc(C(F)(F)F)cn2c1,NCc1cnco1,O=C(NCc1cnco1)c1ccc2nc(C(F)(F)F)cn2c1,Amidation,,,,,,,,,,
C61043,1,,,,c1ccc2[nH]cnc2c1,Clc1ccc(-c2noc(-c3ccn[nH]3)n2)cc1,c1ccc2c(c1)ncn2-c1ccc(-c2noc(-c3ccn[nH]3)n2)cc1,Buchwald-Hartwig_amination_with_aromatic_nh_intermolecular,,,,,,,,,,
C63995,1,,,,CCC(NC(=O)OC(C)(C)C)C1NCCCS1,,CCC(N)C1NCCCS1,N-Boc_deprotection,,,,,,,,,,
C62695,1,,,,Nc1ccc2cn[nH]c2n1,O=C(O)c1nc2ccccc2s1,O=C(Nc1ccc2cn[nH]c2n1)c1nc2ccccc2s1,Amidation,,,,,,,,,,
C58690,1,,,,CCCN,Brc1nc2ccccc2s1,CCCNc1nc2ccccc2s1,N-nucleophilic_aromatic_substitution,,,,,,,,,,
C62271,1,,,,CN(C)C(CO)C(=O)O,CC(C(=O)NC1CCNC1)c1cccnc1,CC(C(=O)NC1CCN(C(=O)C(CO)N(C)C)C1)c1cccnc1,Amidation,,,,,,,,,,
C64241,1,,,,c1ccc2[nH]c(C3CCNCC3)cc2c1,C=CCNC(=O)CO,C=CCNC(=O)CN1CCC(c2cc3ccccc3[nH]2)CC1,Mitsunobu_reaction_with_amine_alcohol_and_thioalcohol,,,,,,,,,,
C62280,1,,,,O=C1CCNCCN1,O=C(O)c1cc(C(O)C(F)(F)F)ccn1,O=C1CCN(C(=O)c2cc(C(O)C(F)(F)F)ccn2)CCN1,Amidation,,,,,,,,,,
C60256,1,,,,O=S(=O)(Oc1ccncc1)C(F)(F)F,CC1(C)OB(c2cnoc2)OC1(C)C,c1cc(-c2cnoc2)ccn1,Sp2-sp2_Suzuki_coupling,,,,,,,,,,
C69897,1,,,,O=C1Cc2cc(C(=O)O)ccc2N1,CCN(CCN)C(=O)C(F)F,CCN(CCNC(=O)c1ccc2c(c1)CC(=O)N2)C(=O)C(F)F,Amidation,,,,,,,,,,
C67471,1,,,,CC=O,OB(O)c1cccc2cn[nH]c12,CC(NCc1cnc2ccccc2c1)c1cccc2cn[nH]c12,Petasis-borono_Mannich_reaction,,,NCc1cnc2ccccc2c1,,,,,,,
C64652,1,,,,Clc1ccnc2ccsc12,C1CNCCNC1,c1cc(N2CCCNCC2)c2sccc2n1,N-nucleophilic_aromatic_substitution,,,,,,,,,,
C60764,1,,,,CC(C)(N)CO,O=C(O)C1NCC2CC21,CC(C)(CO)NC(=O)C1NCC2CC21,Amidation,,,,,,,,,,
C61607,1,,,,C#CCNC,O=Cc1ccc2c(c1)CNC2,C#CCN(C)Cc1ccc2c(c1)CNC2,Reductive_amination,,,,,,,,,,
C58664,1,,,,N,CCC=O,CCC(N)c1ccc2cccnc2c1,Petasis-borono_Mannich_reaction,,,OB(O)c1ccc2cccnc2c1,,,,,,,
C64791,1,,,,O=C(O)c1cccc2cc[nH]c12,COc1ccc(CC(C)(N)CO)cc1,COc1ccc(CC(C)(CO)NC(=O)c2cccc3cc[nH]c23)cc1,Amidation,,,,,,,,,,
C71678,1,,,,Nc1cccc(F)c1,COC(=O)c1cccc2c(CN3CCC(n4cn[nH]c4=O)CC3)c[nH]c12,O=C(Nc1cccc(F)c1)c1cccc2c(CN3CCC(n4cn[nH]c4=O)CC3)c[nH]c12,Ester_amidation,,,,,,,,,,
C68003,1,,,,NCc1cccc2nccn12,CN(C)CCN1CCC(C=O)CC1,CN(C)CCN1CCC(CNCc2cccc3nccn23)CC1,Reductive_amination,,,,,,,,,,
C63241,1,,,,CC1(C)OB(c2ccc3nc[nH]c3c2)OC1(C)C,Brc1nccc2ncncc12,c1cc2ncncc2c(-c2ccc3nc[nH]c3c2)n1,Sp2-sp2_Suzuki_coupling,,,,,,,,,,
C59624,1,,,,CN1CCn2nc(N)cc2C1,O=C(O)c1nccc2c1CNCC2,CN1CCn2nc(NC(=O)c3nccc4c3CNCC4)cc2C1,Amidation,,,,,,,,,,
C58671,1,,,,CC1(C)OB(CCCN)OC1(C)C,Brc1cc2cccnc2s1,NCCCc1cc2cccnc2s1,Sp3-sp2_Suzuki_coupling,,,,,,,,,,
C64798,1,,,,O=C(O)c1cccc2cc[nH]c12,CC(N)(CO)Cc1ccc(F)cc1,CC(CO)(Cc1ccc(F)cc1)NC(=O)c1cccc2cc[nH]c12,Amidation,,,,,,,,,,
C60616,1,,,,Ic1cc[nH]n1,CC1(C)OB(C2CCCNCC2)OC1(C)C,c1cc(C2CCCNCC2)n[nH]1,Sp3-sp2_Suzuki_coupling,,,,,,,,,,
C57216,1,,,,CNCc1c[nH]cn1,NS(=O)(=O)c1cnn2c1CNCC2,CN(Cc1c[nH]cn1)C(=O)N1CCn2ncc(S(N)(=O)=O)c2C1,Formation_of_urea_from_two_amines,,,,,,,,,,
C58192,1,,,,CC(C)NC=O,C1CCN2CC2C1,CC(C)N(C=O)CC1CCCCN1,Aziridine_+_amine_coupling,,,,,,,,,,
C63904,1,,,,Ic1ccncn1,CC1(C)OB(C2=CCNC2)OC1(C)C,C1=C(c2ccncn2)CNC1,Sp2-sp2_Suzuki_coupling,,,,,,,,,,
C68640,1,,,,O=C(O)c1ccns1,CC(N)(CO)Cc1ccc(Br)cc1,CC(CO)(Cc1ccc(Br)cc1)NC(=O)c1ccns1,Amidation,,,,,,,,,,
C60001,1,,,,Brc1ncc[nH]1,OC1CNCCS1,c1c[nH]c(C2CNCCS2)n1,Sp3-sp2_Macmillan_coupling_alcohol_and_aryl_halide,,,,,,,,,,
C70364,1,,,,Nc1cc[nH]n1,ClCCCCCl,O=S(=O)(CCCCCl)Nc1cc[nH]n1,Formation_of_sulfonamide_from_halide_-_Shavnya_reaction,,,,,,,,,,
C59294,1,,,,N#CC1(C(N)=O)CCCNC1,Brc1ccc2c(c1)CNCCC2,N#CC1(C(=O)Nc2ccc3c(c2)CNCCC3)CCCNC1,Buchwald-Hartwig_amidation_with_amide-like_nucleophile,,,,,,,,,,
C64147,1,,,,NCc1csc2nccn12,Cc1nc(CC(=O)O)c[nH]1,Cc1nc(CC(=O)NCc2csc3nccn23)c[nH]1,Amidation,,,,,,,,,,
C65040,1,,,,O=C(O)Cn1c(=O)[nH]c2ccccc21,CC(CN)CO,CC(CO)CNC(=O)Cn1c(=O)[nH]c2ccccc21,Amidation,,,,,,,,,,
C64818,1,,,,O=C(O)c1cccc2[nH]ncc12,Nc1nc(C2CCC2)cs1,O=C(Nc1nc(C2CCC2)cs1)c1cccc2[nH]ncc12,Amidation,,,,,,,,,,
C59685,1,,,,OB(O)c1ncc[nH]1,Brc1cncc2c1CCC2,c1c[nH]c(-c2cncc3c2CCC3)n1,Sp2-sp2_Suzuki_coupling,,,,,,,,,,
C58201,1,,,,O=C(O)C1CCCCN1,CCC(C)(C)CN,CCC(C)(C)CNC(=O)C1CCCCN1,Amidation,,,,,,,,,,
C59808,1,,,,c1cncc(C2CCCCN2)c1,,[O-][n+]1cccc(C2CCCCN2)c1,N-oxide_formation,,,,,,,,,,
C64185,1,,,,O=C(O)CCc1cnoc1,CC(CN)CNC(=O)c1cncn1C,CC(CNC(=O)CCc1cnoc1)CNC(=O)c1cncn1C,Amidation,,,,,,,,,,
C73931,1,,,,Nc1nnc(-c2ccc(I)s2)[nH]1,NC(=O)C1CCNCC1,Nc1nnc(-c2ccc(NC(=O)C3CCNCC3)s2)[nH]1,Iodo_N-arylation,,,,,,,,,,
C59118,1,,,,O=C(O)CC1=CSC2=NCCCN12,NCc1nc2ccccc2o1,O=C(CC1=CSC2=NCCCN12)NCc1nc2ccccc2o1,Amidation,,,,,,,,,,
C67777,1,,,,O=C(O)c1ccc2n[nH]c(=O)n2c1,CC(N)c1ccncc1Cl,CC(NC(=O)c1ccc2n[nH]c(=O)n2c1)c1ccncc1Cl,Amidation,,,,,,,,,,
C63027,1,,,,OB(O)c1ccncc1,COCC(N)COC,COCC(COC)Nc1ccncc1,Chan-Lam_coupling_(amination),,,,,,,,,,
C65217,1,,,,OC1CCCNC1,CC(O)C(=O)N(C)C,CC(OC1CCCNC1)C(=O)N(C)C,Mitsunobu_reaction_with_amine_alcohol_and_thioalcohol,,,,,,,,,,
C2824,1,,,,BrC1CCCNC1,c1ccc2[nH]cnc2c1,c1ccc2c(c1)ncn2C1CCCNC1,Amine_alkylation,,,,,,,,,,
C72957,1,,,,O=C(Nc1ccc2c(c1)CNC2)c1cccnc1,CC(C)NCC1(C(=O)O)CCCC1,CC(C)NCC1(c2ncccc2C(=O)Nc2ccc3c(c2)CNC3)CCCC1,Minisci_reaction_with_carboxylic_acid_(intermolecular),,,,,,,,,,
C17711,1,,,,O=C(O)Cc1cn2ccccc2n1,NCC1CN(CCO)CCO1,O=C(Cc1cn2ccccc2n1)NCC1CN(CCO)CCO1,Amidation,,,,,,,,,,
C60166,1,,,,OCCCC1CNC1,O=C(Nc1ccc2c(c1)CNC2)C(F)(F)F,O=C(Nc1ccc2c(c1)CN(CCCC1CNC1)C2)C(F)(F)F,Mitsunobu_reaction_with_amine_alcohol_and_thioalcohol,,,,,,,,,,
C72456,1,,,,O=C(Nc1ccc2c(c1)CNC2)c1cc(Cl)cc(I)c1,CC(C)(CO)C(N)CC1CCNC1,CC(C)(CO)C(CC1CCNC1)Nc1cc(Cl)cc(C(=O)Nc2ccc3c(c2)CNC3)c1,Buchwald-Hartwig_amination,,,,,,,,,,
C104430,1,,,,Nc1c(C(=O)Nc2ccc3c(c2)CNC3)sc2cccnc12,,O=C(Nc1ccc2c(c1)CNC2)c1sc2cccnc2c1F,Balz-Schiemann_reaction,,,,,,,,,,
C66477,1,,,,NCc1ccncn1,O=C(O)c1nccc2c1CNCC2,O=C(NCc1ccncn1)c1nccc2c1CNCC2,Amidation,,,,,,,,,,
C72848,1,,,,O=C(Nc1ccc2c(c1)CNC2)c1cccnc1,NCC1(C(=O)O)CCC(=O)C1,NCC1(c2ncccc2C(=O)Nc2ccc3c(c2)CNC3)CCC(=O)C1,Minisci_reaction_with_carboxylic_acid_(intermolecular),,,,,,,,,,
C72849,1,,,,O=C(Nc1ccc2c(c1)CNC2)c1cccnc1,NCC1(C(=O)O)CCC2(CCCCC2)C1,NCC1(c2ncccc2C(=O)Nc2ccc3c(c2)CNC3)CCC2(CCCCC2)C1,Minisci_reaction_with_carboxylic_acid_(intermolecular),,,,,,,,,,
C72861,1,,,,NCC1(C(=O)O)CCCC1,NCc1cccc(NC(=O)c2cccnc2)c1,NCc1cccc(NC(=O)c2cccnc2C2(CN)CCCC2)c1,Minisci_reaction_with_carboxylic_acid_(intermolecular),,,,,,,,,,
C3469,1,,,,Nc1ccc2[nH]c(=O)[nH]c2c1,CC(C)Cc1ccc(C=O)cn1,CC(C)Cc1ccc(CNc2ccc3[nH]c(=O)[nH]c3c2)cn1,Reductive_amination,,,,,,,,,,
C10838,1,,,,Clc1nc(N2CCOCC2)c2ccccc2n1,CCCC[Sn](CCCC)(CCCC)c1cccnc1,c1cncc(-c2nc(N3CCOCC3)c3ccccc3n2)c1,Stille_coupling,,,,,,,,,,
C67819,1,,,,Brc1ncnc2ccccc12,O=C(c1cccnc1)N1CC2CCC(C1)N2,O=C(c1cccnc1)N1CC2CCC(C1)N2c1ncnc2ccccc12,N-nucleophilic_aromatic_substitution,,,,,,,,,,
C66556,1,,,,CC(CN)n1cccn1,OCCNc1nc(Cl)nc2ccccc12,CC(CNc1nc(NCCO)c2ccccc2n1)n1cccn1,N-nucleophilic_aromatic_substitution,,,,,,,,,,
C66558,1,,,,Nc1nc(-c2ccccn2)nc2ccccc12,OCC(F)(F)CBr,OCC(F)(F)CNc1nc(-c2ccccn2)nc2ccccc12,Amine_alkylation,,,,,,,,,,
C69166,1,,,,c1cnc(N2CCNCC2)nc1,O=C(O)Cc1csc2nccn12,O=C(Cc1csc2nccn12)N1CCN(c2ncccn2)CC1,Amidation,,,,,,,,,,
C58418,1,,,,CC1(C)OB(C2CCCNC2)OC1(C)C,Brc1ccno1,c1cc(C2CCCNC2)on1,Sp3-sp2_Suzuki_coupling,,,,,,,,,,
C58143,1,,,,NNC(=O)CCc1c[nH]c2ccccc12,CCC(C)=O,CCC(C)=NNC(=O)CCc1c[nH]c2ccccc12,Imine_formation,,,,,,,,,,
C66767,1,,,,c1ncc(C2CNC2)[nH]1,CCOC(=O)c1ccc2[nH]c(=O)[nH]c2c1,O=C(c1ccc2[nH]c(=O)[nH]c2c1)N1CC(c2cnc[nH]2)C1,Ester_amidation,,,,,,,,,,
C13296,1,,,,c1cncc(C2CNCCN2)c1,O=C(O)c1ccc2ncsc2c1,O=C(c1ccc2ncsc2c1)N1CCNC(c2cccnc2)C1,Amidation,,,,,,,,,,
C60302,1,,,,CCC(C#N)C(=O)O,CC(N)c1nnc2ccccn12,CCC(C#N)C(=O)NC(C)c1nnc2ccccn12,Amidation,,,,,,,,,,
C60723,1,,,,COCC(=O)O,Nc1cncc2c1CCCC2,COCC(=O)Nc1cncc2c1CCCC2,Amidation,,,,,,,,,,
C6489,1,,,,O=C(O)CCn1ccnc1,CNC(c1ccccc1)c1ncc[nH]1,CN(C(=O)CCn1ccnc1)C(c1ccccc1)c1ncc[nH]1,Amidation,,,,,,,,,,
C76716,1,,,,Cc1cccc(Br)c1,C=CB1OC(C)(C)C(C)(C)O1,C=Cc1cccc(C)c1,Sp2-sp2_Suzuki_coupling,,,,,,,,,,
C9996,1,,,,O=S(=O)(Oc1cccnc1)C(F)(F)F,CNc1cc(NCCCO)ncn1,CN(c1cccnc1)c1cc(NCCCO)ncn1,Buchwald-Hartwig_amination,,,,,,,,,,
C63144,1,,,,O=C(O)CCc1ncc[nH]1,c1nn(C2CCNCC2)c2c1CNC2,O=C(CCc1ncc[nH]1)N1CCC(n2ncc3c2CNC3)CC1,Amidation,,,,,,,,,,
C61450,1,,,,N#CCN,O=C1Cc2cc(B(O)O)ccc2N1,N#CCNc1ccc2c(c1)CC(=O)N2,Chan-Lam_coupling_(amination),,,,,,,,,,
C65268,1,,,,CCC(C)N,Brc1ccc2ccccc2n1,CCC(C)Nc1ccc2ccccc2n1,N-nucleophilic_aromatic_substitution,,,,,,,,,,
C15448,1,,,,OCc1cccc2ncccc12,O=C(O)c1cccc2c1CNC2,O=C(O)c1cccc2c1CN(Cc1cccc3ncccc13)C2,Mitsunobu_reaction_with_amine_alcohol_and_thioalcohol,,,,,,,,,,
C68073,1,,,,Nc1cccc2[nH]c(=O)[nH]c12,Cn1cncc1CCC(=O)O,Cn1cncc1CCC(=O)Nc1cccc2[nH]c(=O)[nH]c12,Amidation,,,,,,,,,,
C88951,1,,,,O=C(O)c1cc(Cl)cc2c1cnn2C1CNC1,Cc1cc(C)c(N)cc1N,Cc1cc(C)c(NC(=O)c2cc(Cl)cc3c2cnn3C2CNC2)cc1N,Amidation,,,,,,,,,,
C58915,1,,,,N,CC(=O)Cc1onc2c1CCCCC2,CC(N)Cc1onc2c1CCCCC2,Reductive_amination,,,,,,,,,,
C61273,1,,,,CC(N)Cc1cnccn1,CC(C)(O)c1ccc(Br)nn1,CC(Cc1cnccn1)Nc1ccc(C(C)(C)O)nn1,Buchwald-Hartwig_amination,,,,,,,,,,
C69254,1,,,,Nc1ccc2[nH]c(=O)[nH]c2c1,CN(C)CCBr,CN(C)CCn1c(=O)[nH]c2cc(N)ccc21,Amine_alkylation,,,,,,,,,,
C74983,1,,,,OC1CCCN2CCCC12,CCNC,CCN(C)C1CCCN2CCCC12,Mitsunobu_reaction_with_amine_alcohol_and_thioalcohol,,,,,,,,,,
C69445,1,,,,N#CCS(N)(=O)=O,Clc1cccc2c1CNC2,N#CCS(=O)(=O)Nc1cccc2c1CNC2,Buchwald-Hartwig_amidation_with_amide-like_nucleophile,,,,,,,,,,
C59569,1,,,,c1ccc2c(c1)CNC2,O=C(O)c1ccn2c(=O)[nH]nc2c1,O=C(c1ccn2c(=O)[nH]nc2c1)N1Cc2ccccc2C1,Amidation,,,,,,,,,,
C66681,1,,,,CC(O)C(N)=O,OC1CCCCNC1,CC(OC1CCCCNC1)C(N)=O,Mitsunobu_reaction_with_amine_alcohol_and_thioalcohol,,,,,,,,,,
C69989,1,,,,NC1CCCc2ccccc21,Cc1cccc2ncc(C(=O)O)n12,Cc1cccc2ncc(C(=O)NC3CCCc4ccccc43)n12,Amidation,,,,,,,,,,
C68443,1,,,,O=C(O)c1ccc2nc(C(F)(F)F)cn2c1,NCc1ccco1,O=C(NCc1ccco1)c1ccc2nc(C(F)(F)F)cn2c1,Amidation,,,,,,,,,,
C76707,1,,,,Cc1cc(N)cc(Br)c1,C=CB1OC(C)(C)C(C)(C)O1,C=Cc1cc(C)cc(N)c1,Sp2-sp2_Suzuki_coupling,,,,,,,,,,
C10365,1,,,,O=C(O)c1cn2ccccc2n1,COc1cc(N)c2ccccc2n1,COc1cc(NC(=O)c2cn3ccccc3n2)c2ccccc2n1,Amidation,,,,,,,,,,
C60806,1,,,,O=C(O)c1nnn2ccccc12,Cn1cnc2cc(CN)ccc21,Cn1cnc2cc(CNC(=O)c3nnn4ccccc34)ccc21,Amidation,,,,,,,,,,
C59027,1,,,,CC1(C)OB(c2ccns2)OC1(C)C,Cc1cc(Br)cc2[nH]c(Cl)nc12,Cc1cc(Br)cc2[nH]c(-c3ccns3)nc12,Sp2-sp2_Suzuki_coupling,,,,,,,,,,
C78518,1,,,,Cc1cnccc1N,CNc1nccc2cccc(C(=O)O)c12,CNc1nccc2cccc(C(=O)Nc3ccncc3C)c12,Amidation,,,,,,,,,,
C58592,1,,,,OCc1cccc2c1CCNC2,OCCCNCc1ccccn1,OCCCN(Cc1ccccn1)Cc1cccc2c1CCNC2,Mitsunobu_reaction_with_amine_alcohol_and_thioalcohol,,,,,,,,,,
C61969,1,,,,C=O,N,C=CCNC(=O)CNC(=O)Cc1ccn[nH]1,Ugi_reaction,,,[C-]#[N+]CC=C,O=C(O)Cc1ccn[nH]1,,,,,,
C63711,1,,,,Oc1cnn2c1CNCC2,O=C(O)c1nccc2occc12,O=C(c1nccc2occc12)N1CCn2ncc(O)c2C1,Amidation,,,,,,,,,,
C60173,1,,,,CN(c1ncnc(Cl)n1)C1CCNC1,CC1(C)OB(c2cccc3c2CNC3)OC1(C)C,CN(c1ncnc(-c2cccc3c2CNC3)n1)C1CCNC1,Sp2-sp2_Suzuki_coupling,,,,,,,,,,
C62980,1,,,,Nc1ccccn1,CCCC(OCC)C(=O)O,CCCC(OCC)C(=O)Nc1ccccn1,Amidation,,,,,,,,,,
C49245,1,,,,CC(Oc1ccccn1)C(=O)O,Nc1cnc2ccsc2c1,CC(Oc1ccccn1)C(=O)Nc1cnc2ccsc2c1,Amidation,,,,,,,,,,
C90516,1,,,,Nc1nc(Cl)nc2ccccc12,CCCC[Sn](CCCC)(CCCC)c1cccc(C)n1,Cc1cccc(-c2nc(N)c3ccccc3n2)n1,Stille_coupling,,,,,,,,,,
C58292,1,,,,CNC(=O)Cc1nc(COC(=O)C=Cc2cnccn2)cs1,COS(=O)(=O)C(F)(F)F,CNC(=O)Cc1nc(COC(=O)C=C(C)c2cnccn2)cs1,Heck_reaction_(intermolecular),,,,,,,,,,
C68584,1,,,,O=C1CCNCC1,C=CCCC(C)(C)CN,C=CCCC(C)(C)CNC1CCNCC1,Reductive_amination,,,,,,,,,,
C67775,1,,,,Nc1ccc2cn[nH]c2n1,CC(C(=O)O)c1cncc(F)c1,CC(C(=O)Nc1ccc2cn[nH]c2n1)c1cncc(F)c1,Amidation,,,,,,,,,,
C66102,1,,,,N,C=C(CC)CC(=O)CCc1cccnc1,C=C(CC)CC(N)CCc1cccnc1,Reductive_amination,,,,,,,,,,
C7563,1,,,,Brc1ncnc2ccccc12,c1csc(C2CNCCO2)n1,c1ccc2c(N3CCOC(c4nccs4)C3)ncnc2c1,N-nucleophilic_aromatic_substitution,,,,,,,,,,
C59758,1,,,,NC1CC(c2ncc[nH]2)C1,CC(C)(C)OC(=O)c1ccc2c(c1)CCNC2,O=C(NC1CC(c2ncc[nH]2)C1)c1ccc2c(c1)CCNC2,Ester_amidation,,,,,,,,,,
C58017,1,,,,OCCOC1CNC1,O=C(O)CNc1nc2ccccc2s1,O=C(CNc1nc2ccccc2s1)N1CC(OCCO)C1,Amidation,,,,,,,,,,
C60189,1,,,,N#Cc1ccc2c(c1)CNC2,O=C(O)C(=O)NCCOC1CCNC1,N#Cc1ccc2c(c1)CN(C(=O)C(=O)NCCOC1CCNC1)C2,Amidation,,,,,,,,,,
C67052,1,,,,CC=O,NCc1nnc2ccccn12,CC(NCc1nnc2ccccn12)c1ccc2cccnc2c1,Petasis-borono_Mannich_reaction,,,OB(O)c1ccc2cccnc2c1,,,,,,,
C90533,1,,,,O=C(O)C1CCC2(CCNCC2)CN1,COc1cnc2ccccc2c1N,COc1c(C2CCC3(CCNCC3)CN2)nc2ccccc2c1N,Minisci_reaction_with_carboxylic_acid_(intermolecular),,,,,,,,,,
C58693,1,,,,Ic1ccc2ncccc2c1,CCCC[Sn](CCCC)(CCCC)c1ncco1,c1cnc2ccc(-c3ncco3)cc2c1,Stille_coupling,,,,,,,,,,
C66459,1,,,,c1cnc(C2CCCCN2)nc1,O=C(O)c1ccnc2c1CNC2,O=C(c1ccnc2c1CNC2)N1CCCCC1c1ncccn1,Amidation,,,,,,,,,,
C64544,1,,,,NCc1cnc2sccn12,Cc1nc2ccccc2cc1C(=O)O,Cc1nc2ccccc2cc1C(=O)NCc1cnc2sccn12,Amidation,,,,,,,,,,
C107415,1,,,,Sc1cnn2c1CNCC2,CCCN(CCC)CCBr,CCCN(CCC)CCSc1cnn2c1CNCC2,Nucleophilic_substitution_with_thiol,,,,,,,,,,
C108924,1,,,,O=C(O)c1cccc2ncccc12,CCCc1nc(C#N)co1,CCCc1nc(-c2noc(-c3cccc4ncccc34)n2)co1,"1,2,4-Oxadiazole_synthesis_(nitrile_+_carboxylic_acid)",,,,,,,,,,
C82390,1,,,,OCc1cnn2c1CNCC2,Cc1ccc(C#N)cc1CCN,Cc1ccc(C#N)cc1CCNCc1cnn2c1CNCC2,Mitsunobu_reaction_with_amine_alcohol_and_thioalcohol,,,,,,,,,,
C82396,1,,,,OCc1cnn2c1CNCC2,Cc1cnc2c(cnn2CC(O)=NCCN)c1,Cc1cnc2c(cnn2CC(O)=NCCNCc2cnn3c2CNCC3)c1,Mitsunobu_reaction_with_amine_alcohol_and_thioalcohol,,,,,,,,,,
C74379,1,,,,OC1CNCCN1,Brc1ccnc2ccccc12,OC1CNCCN1c1ccnc2ccccc12,Buchwald-Hartwig_amination,,,,,,,,,,
C2807,1,,,,NC(Cc1c[nH]cn1)C(=O)O,Cc1ccc2c(c1)CNC2,Cc1ccc2c(c1)CN(C(=O)C(N)Cc1c[nH]cn1)C2,Amidation,,,,,,,,,,
C110920,1,,,,CCC(N)c1ncc[nH]1,CSC(C)CCC(=O)O,CCC(NC(=O)CCC(C)SC)c1ncc[nH]1,Amidation,,,,,,,,,,
C85428,1,,,,Nc1cccc2c(C(=O)O)cccc12,CS(=O)(=O)c1ccc(N2CCNCC2)cc1N,CS(=O)(=O)c1ccc(N2CCNCC2)cc1NC(=O)c1cccc2c(N)cccc12,Amidation,,,,,,,,,,
C107300,1,,,,CCOC1CNCCC1=O,CC(C)(C(=O)O)c1ccns1,CCOC1CN(C(=O)C(C)(C)c2ccns2)CCC1=O,Amidation,,,,,,,,,,
C62013,1,,,,Cc1cc2n(n1)CCNC2,O=C(O)c1cccn2nncc12,Cc1cc2n(n1)CCN(C(=O)c1cccn3nncc13)C2,Amidation,,,,,,,,,,
C107884,1,,,,Nc1nc(-c2ccccn2)nc2ccccc12,ClCc1ccco1,c1ccc(-c2nc(NCc3ccco3)c3ccccc3n2)nc1,Amine_alkylation,,,,,,,,,,
C62098,1,,,,CCOCCCN=C=O,CC(N)C(=O)N1Cc2ccccc2C1,CCOCCCNC(=O)NC(C)C(=O)N1Cc2ccccc2C1,Isocyanate_to_urea,,,,,,,,,,
C112745,1,,,,O=C(O)c1ccc2ccccc2n1,CNc1nc2cccc(Cl)c2s1,CN(C(=O)c1ccc2ccccc2n1)c1nc2cccc(Cl)c2s1,Amidation,,,,,,,,,,
C107987,1,,,,O=C(CNC(=O)c1cc[nH]n1)c1ccccc1,NC1CCCNC1=O,O=C(NCC(NC1CCCNC1=O)c1ccccc1)c1cc[nH]n1,Reductive_amination,,,,,,,,,,
C72742,1,,,,N,Cc1cccc2c1C1(CCCC1)C(=O)C2,Cc1cccc2c1C1(CCCC1)C(N)C2,Reductive_amination,,,,,,,,,,
C112217,1,,,,O=C(O)Cc1csc2nccn12,CC(C)(C(N)=O)N1CCNCC1,CC(C)(C(N)=O)N1CCN(C(=O)Cc2csc3nccn23)CC1,Amidation,,,,,,,,,,
C12771,1,,,,O=C(O)Cn1cccn1,CCC(N)CNC(=O)c1nccs1,CCC(CNC(=O)c1nccs1)NC(=O)Cn1cccn1,Amidation,,,,,,,,,,
C62126,1,,,,CCC(C)(C)CN,CC(N)C(=O)N1Cc2ccccc2C1,CCC(C)(C)CNC(=O)NC(C)C(=O)N1Cc2ccccc2C1,Formation_of_urea_from_two_amines,,,,,,,,,,
C82392,1,,,,OCc1cnn2c1CNCC2,C=Cc1cccc(CCCN)c1,C=Cc1cccc(CCCNCc2cnn3c2CNCC3)c1,Mitsunobu_reaction_with_amine_alcohol_and_thioalcohol,,,,,,,,,,
C1954,1,,,,C1CNCCN1,OB(O)c1cncs1,c1ncc(N2CCNCC2)s1,Chan-Lam_coupling_(amination),,,,,,,,,,
C59171,1,,,,[C-]#[N+]CS(=O)(=O)c1ccc(C)cc1,O=Cc1nccs1,c1csc(-c2cnco2)n1,Van_Leusen_oxazole_synthesis,,,,,,,,,,
C108386,1,,,,Nc1ccnc2ccsc12,CCC(=O)CCl,CCC(CCl)Nc1ccnc2ccsc12,Reductive_amination,,,,,,,,,,
C59176,1,,,,Ic1nccs1,CC1(C)OB(c2cnsc2)OC1(C)C,c1csc(-c2cnsc2)n1,Sp2-sp2_Suzuki_coupling,,,,,,,,,,
C59020,1,,,,Nc1ccc(Br)cc1,N#Cc1ccsn1,Brc1ccc2nc(-c3ccsn3)[nH]c2c1,2-Substituted_(aza)benzimidazole_synthesis_from_aromatic_amine_and_nitrile,,,,,,,,,,
C86577,1,,,,Cc1ncc(B2OC(C)(C)C(C)(C)O2)cn1,Cc1ccc(C(=O)Nc2cnn(C)c2)c(Cl)c1C,Cc1ncc(-c2c(C(=O)Nc3cnn(C)c3)ccc(C)c2C)cn1,Sp2-sp2_Suzuki_coupling,,,,,,,,,,
C113263,1,,,,Ic1cccc2ncccc12,NC(=O)c1cc2c(s1)CCC2,O=C(Nc1cccc2ncccc12)c1cc2c(s1)CCC2,Iodo_N-arylation,,,,,,,,,,
C104957,1,,,,Ic1ccc2c(c1)CNC2,NC(=O)c1ccc2ncc(Br)cc2c1,O=C(Nc1ccc2c(c1)CNC2)c1ccc2ncc(Br)cc2c1,Iodo_N-arylation,,,,,,,,,,
C69798,1,,,,O=C(O)CCCc1cccnc1,Cc1cc(C(=O)N(C)CCN)cs1,Cc1cc(C(=O)N(C)CCNC(=O)CCCc2cccnc2)cs1,Amidation,,,,,,,,,,
C109200,1,,,,O=C(O)c1cccc2cc[nH]c12,Nc1cccc(C2CC2)n1,O=C(Nc1cccc(C2CC2)n1)c1cccc2cc[nH]c12,Amidation,,,,,,,,,,
C108558,1,,,,Cc1nc(C(=O)O)c[nH]1,CCCNCCNC(=O)c1cc[nH]n1,CCCN(CCNC(=O)c1cc[nH]n1)C(=O)c1c[nH]c(C)n1,Amidation,,,,,,,,,,
C108379,1,,,,Brc1ccnc2ccsc12,CC(C)(C)CN,CC(C)(C)CNc1ccnc2ccsc12,N-nucleophilic_aromatic_substitution,,,,,,,,,,
C108381,1,,,,Brc1ccnc2ccsc12,CC(C)(N)CCl,CC(C)(CCl)Nc1ccnc2ccsc12,N-nucleophilic_aromatic_substitution,,,,,,,,,,
C109220,1,,,,O=C(O)c1cccc2cc[nH]c12,NC1CCOC(c2ccccn2)C1,O=C(NC1CCOC(c2ccccn2)C1)c1cccc2cc[nH]c12,Amidation,,,,,,,,,,
C108383,1,,,,Brc1ccnc2ccsc12,CC(C)C(C)N,CC(C)C(C)Nc1ccnc2ccsc12,N-nucleophilic_aromatic_substitution,,,,,,,,,,
C111558,1,,,,O=C(O)C(F)(F)c1nccs1,CC(NCC(N)=O)c1ccccc1,CC(c1ccccc1)N(CC(N)=O)C(=O)C(F)(F)c1nccs1,Amidation,,,,,,,,,,
C108385,1,,,,CC(C)CN,Brc1ccnc2ccsc12,CC(C)CNc1ccnc2ccsc12,N-nucleophilic_aromatic_substitution,,,,,,,,,,
C60959,1,,,,O=Cc1ccc2c(c1)CNC2,c1coc(CNCc2ccco2)c1,c1coc(CN(Cc2ccc3c(c2)CNC3)Cc2ccco2)c1,Reductive_amination,,,,,,,,,,
C60894,1,,,,IC1CCCNC1,c1c[nH]nn1,c1cnn(C2CCCNC2)n1,Amine_alkylation,,,,,,,,,,
C112324,1,,,,CC(O)C(=O)O,NC1C2CN(C(=O)c3nnn4ccccc34)CC12,CC(O)C(=O)NC1C2CN(C(=O)c3nnn4ccccc34)CC21,Amidation,,,,,,,,,,
C111861,1,,,,CC1(C)OB(C2CCCNC2)OC1(C)C,Brc1cccc2c1CCS2,c1cc2c(c(C3CCCNC3)c1)CCS2,Sp3-sp2_Suzuki_coupling,,,,,,,,,,
C65501,1,,,,O=C(O)c1nc2ccccc2o1,CNCc1cncn1C,CN(Cc1cncn1C)C(=O)c1nc2ccccc2o1,Amidation,,,,,,,,,,
C57833,1,,,,CNCc1ccc2cc[nH]c2c1,O=C(O)c1nc(Cl)cs1,CN(Cc1ccc2cc[nH]c2c1)C(=O)c1nc(Cl)cs1,Amidation,,,,,,,,,,
C108392,1,,,,Clc1ccnc2ccsc12,C[S+]([O-])CCN,C[S+]([O-])CCNc1ccnc2ccsc12,N-nucleophilic_aromatic_substitution,,,,,,,,,,
C47569,1,,,,C1CCNCC1,OB(O)c1cncnc1,c1ncc(N2CCCCC2)cn1,Chan-Lam_coupling_(amination),,,,,,,,,,
C108396,1,,,,Nc1ccnc2ccsc12,CC#CC=O,CC#CCNc1ccnc2ccsc12,Reductive_amination,,,,,,,,,,
C61503,1,,,,Nc1cccc2c1CNC2,OCC1CCOC1,Nc1cccc2c1CN(CC1CCOC1)C2,Mitsunobu_reaction_with_amine_alcohol_and_thioalcohol,,,,,,,,,,
C109564,1,,,,Cc1cn2cc(C(=O)O)ccc2n1,CNC1CCCCNC1,Cc1cn2cc(C(=O)N(C)C3CCCCNC3)ccc2n1,Amidation,,,,,,,,,,
C108399,1,,,,Brc1ccnc2ccsc12,CCCCCN,CCCCCNc1ccnc2ccsc12,N-nucleophilic_aromatic_substitution,,,,,,,,,,
C13903,1,,,,O=C(O)c1cc(-c2ccccc2)nc2ccccc12,NCCc1c[nH]cn1,O=C(NCCc1c[nH]cn1)c1cc(-c2ccccc2)nc2ccccc12,Amidation,,,,,,,,,,
C70544,1,,,,NC(CB(O)O)C(=O)O,CCn1cnc2cccc(Br)c21,CCn1cnc2cccc(CC([NH3+])C(=O)[O-])c21,Sp3-sp2_Suzuki_coupling,,,,,,,,,,
C113266,1,,,,Ic1cccc2ncccc12,NC(=O)c1ccoc1,O=C(Nc1cccc2ncccc12)c1ccoc1,Iodo_N-arylation,,,,,,,,,,
C6014,1,,,,O=C(O)Cc1nc(-c2ccccc2)cs1,NCc1ncccn1,O=C(Cc1nc(-c2ccccc2)cs1)NCc1ncccn1,Amidation,,,,,,,,,,
C108403,1,,,,C#CC=O,Nc1ccnc2ccsc12,C#CCNc1ccnc2ccsc12,Reductive_amination,,,,,,,,,,
C59553,1,,,,Cc1nc(CC(=O)O)cs1,CNCCN(C(=O)c1cc[nH]n1)C(C)C,Cc1nc(CC(=O)N(C)CCN(C(=O)c2cc[nH]n2)C(C)C)cs1,Amidation,,,,,,,,,,
C60900,1,,,,CC1(C)OB(C2CCCNC2)OC1(C)C,Brc1nc2n(n1)CCSC2,C1CNCC(c2nc3n(n2)CCSC3)C1,Sp3-sp2_Suzuki_coupling,,,,,,,,,,
C59573,1,,,,CC1NCc2ccccc21,O=C(O)c1ccc2n[nH]c(=O)n2c1,CC1c2ccccc2CN1C(=O)c1ccc2n[nH]c(=O)n2c1,Amidation,,,,,,,,,,
C74431,1,,,,NC(CO)C(=O)O,Brc1ccc2nccc(N3CCNCC3)c2c1,[NH3+]C(Cc1ccc2nccc(N3CCNCC3)c2c1)C(=O)[O-],Sp3-sp2_Macmillan_coupling_alcohol_and_aryl_halide,,,,,,,,,,
C79027,1,,,,Cc1ccc2cccnc2c1Br,CC1OCCC1=O,Cc1ccc2cccnc2c1C1(O)CCOC1C,NHK_reaction,,,,,,,,,,
C59253,1,,,,O=C(O)c1ccc2c(c1)CNC2,O=C(O)c1csc2cccnc12,O=C(O)c1ccc2c(c1)CN(C(=O)c1csc3cccnc13)C2,Amidation,,,,,,,,,,
C17917,1,,,,O=S(=O)(Cl)c1ccc2ncsc2c1,CCN1CCC(NC)CC1,CCN1CCC(N(C)S(=O)(=O)c2ccc3ncsc3c2)CC1,Sulfonamide_Schotten-Baumann_with_amine_(intermolecular),,,,,,,,,,
C65697,1,,,,NS(=O)(=O)c1csc(Br)n1,C=Cc1cccc2nccn12,NS(=O)(=O)c1csc(C=Cc2cccc3nccn23)n1,Heck_reaction_(intermolecular),,,,,,,,,,
C68259,1,,,,O=C(O)c1cccc2cnsc12,Nc1cc2[nH]cnc2cc1F,O=C(Nc1cc2[nH]cnc2cc1F)c1cccc2cnsc12,Amidation,,,,,,,,,,
C17132,1,,,,NCC(O)c1c[nH]cn1,Cc1nc2c(C(=O)O)cccc2[nH]1,Cc1nc2c(C(=O)NCC(O)c3c[nH]cn3)cccc2[nH]1,Amidation,,,,,,,,,,
C112643,1,,,,CNCc1cnn2c1CNCC2,NCC(Cc1ccccc1)C(=O)O,CN(Cc1cnn2c1CNCC2)C(=O)C(CN)Cc1ccccc1,Amidation,,,,,,,,,,
C59837,1,,,,c1csc(N2CCNCC2)n1,O=C(O)COCc1nc2ccccc2s1,O=C(COCc1nc2ccccc2s1)N1CCN(c2nccs2)CC1,Amidation,,,,,,,,,,
C111931,1,,,,O=C1CCCC(O)CN1,CC(=O)NCc1ccc(C(=O)O)s1,CC(=O)NCc1ccc(C(=O)OC2CCCC(=O)NC2)s1,Steglich_esterification,,,,,,,,,,
C59959,1,,,,CNC(=O)CO,C1CNC2(CCN1)CC2,CNC(=O)CN1CCNCCC12CC2,Mitsunobu_reaction_with_amine_alcohol_and_thioalcohol,,,,,,,,,,
C48535,1,,,,NCc1ccc2ncccc2c1,COC(C)C(=O)N1CCC(CO)CC1,COC(C)C(=O)N1CCC(CNCc2ccc3ncccc3c2)CC1,Mitsunobu_reaction_with_amine_alcohol_and_thioalcohol,,,,,,,,,,
C8117,1,,,,O=C(O)Cc1ncc[nH]1,CC1NC(=O)CCC1CN,CC1NC(=O)CCC1CNC(=O)Cc1ncc[nH]1,Amidation,,,,,,,,,,
C110260,1,,,,O=C(O)c1cc2ccsc2[nH]1,CC(C)(C)c1nc[nH]c1CO,CC(C)(C)c1nc[nH]c1COC(=O)c1cc2ccsc2[nH]1,Steglich_esterification,,,,,,,,,,
C108810,1,,,,O=Cc1nc2ccccc2[nH]1,C=CCCC(N)CC,C=CCCC(CC)NCc1nc2ccccc2[nH]1,Reductive_amination,,,,,,,,,,
C76090,1,,,,O=C(Nc1ccc2c(c1)CNC2)c1cccc2c1NCC2,CN(CBr)C1CCOCC1,CN(CN1CCc2cccc(C(=O)Nc3ccc4c(c3)CNC4)c21)C1CCOCC1,Amine_alkylation,,,,,,,,,,
C59269,1,,,,OC1CCNCC1,Brc1ccc2c(c1)CCNC2,c1cc2c(cc1C1CCNCC1)CCNC2,Sp3-sp2_Macmillan_coupling_alcohol_and_aryl_halide,,,,,,,,,,
C59613,1,,,,Cc1ccc2c(c1)CNC2,O=C(O)c1nccn2nccc12,Cc1ccc2c(c1)CN(C(=O)c1nccn3nccc13)C2,Amidation,,,,,,,,,,
C13880,1,,,,Brc1ncc[nH]1,COc1nc2ccccc2cc1CCl,COc1nc2ccccc2cc1CS(=O)(=O)c1ncc[nH]1,Formation_of_sulfone_from_halide_-_Shavnya_reaction,,,,,,,,,,
C108828,1,,,,O=CC(F)(F)F,NCCc1nc2ccccc2[nH]1,FC(F)(F)CNCCc1nc2ccccc2[nH]1,Reductive_amination,,,,,,,,,,
C62670,1,,,,O=C(O)c1cc2ncccc2o1,COc1ccc2ncccc2c1N,COc1ccc2ncccc2c1NC(=O)c1cc2ncccc2o1,Amidation,,,,,,,,,,
C103448,1,,,,Nc1ccc(Cl)cc1C(=O)Nc1ccc2c(c1)CNC2,CN(C)CC#N,CN(C)Cc1nc2c(C(=O)Nc3ccc4c(c3)CNC4)cc(Cl)cc2[nH]1,2-Substituted_(aza)benzimidazole_synthesis_from_aromatic_amine_and_nitrile,,,,,,,,,,
C108304,1,,,,Clc1cnn2c1CNCC2,Nc1ccc2nscc2c1,O=C(Nc1ccc2nscc2c1)N1CCn2ncc(Cl)c2C1,Formation_of_urea_from_two_amines,,,,,,,,,,
C60230,1,,,,O=C(O)CC1CCCCN1,Cn1c(=O)[nH]c2ccc(N)cc21,Cn1c(=O)[nH]c2ccc(NC(=O)CC3CCCCN3)cc21,Amidation,,,,,,,,,,
C5230,1,,,,O=C(O)c1nc(Cl)cs1,CC(N)CNC(=O)CCc1c[nH]cn1,CC(CNC(=O)CCc1c[nH]cn1)NC(=O)c1nc(Cl)cs1,Amidation,,,,,,,,,,
C65583,1,,,,C1CCNCC1,Clc1ncc2sccc2n1,c1cc2nc(N3CCCCC3)ncc2s1,N-nucleophilic_aromatic_substitution,,,,,,,,,,
C61042,1,,,,Nc1nc2ccccc2n1-c1ccccc1,O=C(O)c1ccn[nH]1,O=C(Nc1nc2ccccc2n1-c1ccccc1)c1cc[nH]n1,Amidation,,,,,,,,,,
C62466,1,,,,C1CNCCN1,Brc1nc2c(s1)CCCCC2,C1CCc2nc(N3CCNCC3)sc2CC1,N-nucleophilic_aromatic_substitution,,,,,,,,,,
C109218,1,,,,Nc1nc(-c2cc3ccccc3[nH]2)n[nH]1,CN(C)C=CC(=O)c1cccnc1,c1cncc(-c2ccnc3nc(-c4cc5ccccc5[nH]4)nn23)c1,"Pyrazolo[1,5-a]pyrimidine_synthesis",,,,,,,,,,
C69815,1,,,,CN1CCNC(Br)C1,CC(=O)c1ccc2ncoc2c1,CN1CCNC(CC(=O)c2ccc3ncoc3c2)C1,Alpha_alkylation_of_ketone,,,,,,,,,,
C59541,1,,,,c1cc(C2CCNC2)n[nH]1,O=C(O)CCc1cncs1,O=C(CCc1cncs1)N1CCC(c2ccn[nH]2)C1,Amidation,,,,,,,,,,
C110950,1,,,,NCC(F)(F)F,CC(C)(C(=O)O)c1c[nH]cn1,CC(C)(C(=O)NCC(F)(F)F)c1c[nH]cn1,Amidation,,,,,,,,,,
C13853,1,,,,CC(N)c1ncc[nH]1,COc1ccc2c(C(=O)O)ccnc2c1,COc1ccc2c(C(=O)NC(C)c3ncc[nH]3)ccnc2c1,Amidation,,,,,,,,,,
C60075,1,,,,NCC1CCCC(=O)N1,O=C(O)c1ccc2c(c1)CCCNC2,O=C1CCCC(CNC(=O)c2ccc3c(c2)CCCNC3)N1,Amidation,,,,,,,,,,
C47391,1,,,,Nc1cccc(C2CC2)n1,CCOC(=O)c1ccc2ncccc2c1,O=C(Nc1cccc(C2CC2)n1)c1ccc2ncccc2c1,Ester_amidation,,,,,,,,,,
C110271,1,,,,NCCc1cccc2cc[nH]c12,CCCn1ccnc1C=O,CCCn1ccnc1CNCCc1cccc2cc[nH]c12,Reductive_amination,,,,,,,,,,
C1047,1,,,,Cc1cnn2c1CNCC2,CC(N)c1cccnc1,Cc1cnn2c1CN(C(=O)NC(C)c1cccnc1)CC2,Formation_of_urea_from_two_amines,,,,,,,,,,
C107817,1,,,,Brc1ncnc2ccccc12,C#CC(C)(C)N,C#CC(C)(C)Nc1ncnc2ccccc12,N-nucleophilic_aromatic_substitution,,,,,,,,,,
C111379,1,,,,CNC(=O)CC(=O)O,O=C(OCc1cscn1)C1CCCc2sccc21,CNC(=O)Cc1nc(COC(=O)C2CCCc3sccc32)cs1,Minisci_reaction_with_carboxylic_acid_(intermolecular),,,,,,,,,,
C59923,1,,,,Nc1cc(C2CC2)ccn1,CCC(N)c1ncccn1,CCC(NC(=O)Nc1cc(C2CC2)ccn1)c1ncccn1,Formation_of_urea_from_two_amines,,,,,,,,,,
C108668,1,,,,Brc1nnc2ccccn12,O=C1CCC2(CCNCC2)CN1CCc1cccnc1,O=C1CCC2(CCN(c3nnc4ccccn34)CC2)CN1CCc1cccnc1,N-nucleophilic_aromatic_substitution,,,,,,,,,,
C68633,1,,,,c1ccc(-c2c[nH]nn2)nc1,CC(C)(CO)NC(=O)C1CC(I)C1,CC(C)(CO)NC(=O)C1CC(n2cc(-c3ccccn3)nn2)C1,Amine_alkylation,,,,,,,,,,
C66837,1,,,,OC1CCCNC1,Brc1ncc2n1CCCC2,c1nc(C2CCCNC2)n2c1CCCC2,Sp3-sp2_Macmillan_coupling_alcohol_and_aryl_halide,,,,,,,,,,
C5200,1,,,,O=C(O)c1cnc(C2CCOCC2)s1,CC(N)c1ncc[nH]1,CC(NC(=O)c1cnc(C2CCOCC2)s1)c1ncc[nH]1,Amidation,,,,,,,,,,
C107637,1,,,,O=C(O)c1cccnc1,CCCC(C)(CC)C(=O)NCC(O)CN,CCCC(C)(CC)C(=O)NCC(O)CNC(=O)c1cccnc1,Amidation,,,,,,,,,,
C108362,1,,,,O=C(O)c1cnc[nH]1,CC(N)CNC(=O)c1cn2ccccc2n1,CC(CNC(=O)c1cn2ccccc2n1)NC(=O)c1cnc[nH]1,Amidation,,,,,,,,,,
C15917,1,,,,NCC1CCNCC1,N#Cc1ccc2c(c1)CNC2,N#Cc1ccc2c(c1)CN(C(=O)NCC1CCNCC1)C2,Formation_of_urea_from_two_amines,,,,,,,,,,
C112705,1,,,,NCc1ccc2[nH]cnc2c1,NCC1CCC(CC(=O)O)CC1,NCC1CCC(CC(=O)NCc2ccc3[nH]cnc3c2)CC1,Amidation,,,,,,,,,,
C59610,1,,,,Clc1ccc2c(c1)CNC2,O=C(O)c1nccn2nccc12,O=C(c1nccn2nccc12)N1Cc2ccc(Cl)cc2C1,Amidation,,,,,,,,,,
C110236,1,,,,CC(C)(CN)C1CCCN1,Brc1ccc2scnc2c1,CC(C)(CNS(=O)(=O)c1ccc2scnc2c1)C1CCCN1,Formation_of_sulfonamide_from_halide_-_Shavnya_reaction,,,,,,,,,,
C77734,1,,,,CNCc1cccc(B(O)O)c1,C=CN,C=CNc1cccc(CNC)c1,Chan-Lam_coupling_(amination),,,,,,,,,,
C8326,1,,,,Ic1ccccn1,c1ccc2[nH]ccc2c1,c1ccc(-n2ccc3ccccc32)nc1,Iodo_N-arylation,,,,,,,,,,
C61214,1,,,,O=Cc1cscn1,CC(N)CNC(=O)c1ccc(OCC(N)=O)cc1,CC(CNC(=O)c1ccc(OCC(N)=O)cc1)NCc1cscn1,Reductive_amination,,,,,,,,,,
C107730,1,,,,O=C(O)Cc1ccn[nH]1,CC(F)CC(=O)N1CCC(C(C)N)CC1,CC(F)CC(=O)N1CCC(C(C)NC(=O)Cc2ccn[nH]2)CC1,Amidation,,,,,,,,,,
C58440,1,,,,c1ccc2oc(N3CCNCC3)nc2c1,O=C(O)CCc1cncnc1,O=C(CCc1cncnc1)N1CCN(c2nc3ccccc3o2)CC1,Amidation,,,,,,,,,,
C63742,1,,,,Nc1ccc2ncc(Cl)n2c1,O=C(O)c1ccc2cccnn12,O=C(Nc1ccc2ncc(Cl)n2c1)c1ccc2cccnn12,Amidation,,,,,,,,,,
C112609,1,,,,O=C(O)c1cccc2cc[nH]c12,Cc1cccn2c(N)cnc12,Cc1cccn2c(NC(=O)c3cccc4cc[nH]c34)cnc12,Amidation,,,,,,,,,,
C111500,1,,,,CCCN,O=CC(F)(F)F,CCCNC(c1ncc[nH]1)C(F)(F)F,Petasis-borono_Mannich_reaction,,,OB(O)c1ncc[nH]1,,,,,,,
C107736,1,,,,O=C(O)Cc1ccn[nH]1,CC(CF)C(=O)N(C)CC1CCCCN1,CC(CF)C(=O)N(C)CC1CCCCN1C(=O)Cc1ccn[nH]1,Amidation,,,,,,,,,,
C59684,1,,,,C=O,[C-]#[N+]CS(=O)(=O)c1ccc(C)cc1,c1cn(-c2ccnc3c2CCCC3)cn1,Van_Leusen_imidazole_synthesis,,,Nc1ccnc2c1CCCC2,,,,,,,
C111786,1,,,,Nc1ccc2cn[nH]c2n1,O=C(O)c1ccnn1C1CCCCC1,O=C(Nc1ccc2cn[nH]c2n1)c1ccnn1C1CCCCC1,Amidation,,,,,,,,,,
C110092,1,,,,O=C(O)c1ccn2ccnc2c1,CCCC(=O)NCC(C)(N)CO,CCCC(=O)NCC(C)(CO)NC(=O)c1ccn2ccnc2c1,Amidation,,,,,,,,,,
C108280,1,,,,O=C(O)c1cnn2c1CNCC2,O=C(O)c1ccn2nccc2c1,O=C(O)c1cnn2c1CN(C(=O)c1ccn3nccc3c1)CC2,Amidation,,,,,,,,,,
C60466,1,,,,O=C(O)c1cccc2cccnc12,CNCC(C)Br,CC(Br)CN(C)C(=O)c1cccc2cccnc12,Amidation,,,,,,,,,,
C59260,1,,,,Oc1ccc2c(c1)CNC2,Nc1snc2ccccc12,O=C(Nc1snc2ccccc12)N1Cc2ccc(O)cc2C1,Formation_of_urea_from_two_amines,,,,,,,,,,
C70416,1,,,,Cc1nc2cc(O)ccc2n1C,CC(C)CCNC(=O)CCl,Cc1nc2cc(OCC(=O)NCCC(C)C)ccc2n1C,Williamson_ether_synthesis,,,,,,,,,,
C107866,1,,,,Clc1nc2ccccc2[nH]1,C=CCS(N)(=O)=O,C=CCS(=O)(=O)Nc1nc2ccccc2[nH]1,Buchwald-Hartwig_amidation_with_amide-like_nucleophile,,,,,,,,,,
C60966,1,,,,c1ccc2c(c1)CNC2,O=C(O)c1sccc1-n1cccc1,O=C(c1sccc1-n1cccc1)N1Cc2ccccc2C1,Amidation,,,,,,,,,,
C110691,1,,,,CCC(C)N,O=C(O)CSc1ncnc2ccccc12,CCC(C)NC(=O)CSc1ncnc2ccccc12,Amidation,,,,,,,,,,
C110510,1,,,,O=C(O)c1cccc2ccncc12,C#CC(N)C(C)C,C#CC(NC(=O)c1cccc2ccncc12)C(C)C,Amidation,,,,,,,,,,
C73774,1,,,,CS(=O)(=O)c1ccc(N2CCNCC2)cc1N,N#Cc1c[nH]c2c(C(=O)O)cccc12,CS(=O)(=O)c1ccc(N2CCNCC2)cc1NC(=O)c1cccc2c(C#N)c[nH]c12,Amidation,,,,,,,,,,
C9946,1,,,,CC1(C)OB(C2CCNCC2)OC1(C)C,Ic1cccc2[nH]ccc12,c1cc(C2CCNCC2)c2cc[nH]c2c1,Sp3-sp2_Suzuki_coupling,,,,,,,,,,
C108375,1,,,,Brc1ccnc2ccsc12,CSCCCN,CSCCCNc1ccnc2ccsc12,N-nucleophilic_aromatic_substitution,,,,,,,,,,
C106834,1,,,,Nc1ccc2c(c1)CNC2,Cc1ccc(-c2nc3cc(F)cc(C(=O)O)c3[nH]2)cc1,Cc1ccc(-c2nc3cc(F)cc(C(=O)Nc4ccc5c(c4)CNC5)c3[nH]2)cc1,Amidation,,,,,,,,,,
C97926,1,,,,NC1CCC2CNCC2C1,Cc1c(CN2CCCC2)nc2c(C(=O)O)cccn12,Cc1c(CN2CCCC2)nc2c(C(=O)NC3CCC4CNCC4C3)cccn12,Amidation,,,,,,,,,,
C58323,1,,,,OB(O)c1cnn2c1CCCC2,Ic1ccc2[nH]ccc2c1,c1cc2cc(-c3cnn4c3CCCC4)ccc2[nH]1,Sp2-sp2_Suzuki_coupling,,,,,,,,,,
C98782,1,,,,Nc1ccc2c(c1)CNC2,OB(O)c1cc(Cl)cc2[nH]ncc12,CCC(C)NC(=O)C(Nc1ccc2c(c1)CNC2)c1cc(Cl)cc2[nH]ncc12,Petasis-borono_Mannich_reaction,,,CCC(C)NC(=O)C=O,,,,,,,
C112762,1,,,,O=C(O)c1ccc2c(n1)CCCN2,CC(N)CCc1ccncc1,CC(CCc1ccncc1)NC(=O)c1ccc2c(n1)CCCN2,Amidation,,,,,,,,,,
C108669,1,,,,O=C(O)c1cccc2nncn12,N=C(N)c1cccnc1,CCn1nc(-c2cccnc2)nc1-c1cccc2nncn12,"1,2,4-Triazole_synthesis_from_carboxylic_acid,_amidine,_and_hydrazine",,,CCNN,,,,,,,
C113258,1,,,,Ic1cccc2ncccc12,NC(=O)c1ccco1,O=C(Nc1cccc2ncccc12)c1ccco1,Iodo_N-arylation,,,,,,,,,,
C58510,1,,,,Ic1nc2ccccc2[nH]1,CC1(C)OB(C2CCNC2)OC1(C)C,c1ccc2[nH]c(C3CCNC3)nc2c1,Sp3-sp2_Suzuki_coupling,,,,,,,,,,
C76702,1,,,,CN,C=CC(CO)Cc1cccc(OC)c1,C=CC(CNC)Cc1cccc(OC)c1,Mitsunobu_reaction_with_amine_alcohol_and_thioalcohol,,,,,,,,,,
C48749,1,,,,CC(N)Cc1c[nH]cn1,N#Cc1cc2cccnc2nc1Cl,CC(Cc1c[nH]cn1)Nc1nc2ncccc2cc1C#N,N-nucleophilic_aromatic_substitution,,,,,,,,,,
C118335,1,,,,Nc1ccn2ccnc2c1,CC(OC(C)(C)C)C(=O)O,CC(OC(C)(C)C)C(=O)Nc1ccn2ccnc2c1,Amidation,,,,,,,,,,
C118342,1,,,,Nc1ccn2ccnc2c1,C=CCCOC(C)C(=O)O,C=CCCOC(C)C(=O)Nc1ccn2ccnc2c1,Amidation,,,,,,,,,,
C65345,1,,,,CC(C(=O)O)n1cnc2ccccc21,CCC(N)CO,CCC(CO)NC(=O)C(C)n1cnc2ccccc21,Amidation,,,,,,,,,,
C61815,1,,,,O=C1Cc2ccccc2N1,C1CN2CC12,O=C1Cc2ccccc2N1C1CCNC1,Aziridine_+_amine_coupling,,,,,,,,,,
C64060,1,,,,N,CCC(=O)c1ccccn1,CCC(N)c1ccccn1,Reductive_amination,,,,,,,,,,
C118458,1,,,,c1cn[nH]c1,Clc1ncnc2c1CCC2,c1cnn(-c2ncnc3c2CCC3)c1,N-nucleophilic_aromatic_substitution,,,,,,,,,,
C58383,1,,,,O=C1CCC(C(=O)O)CCN1,CCN(C)C(=O)CNC1CCNCC1,CCN(C)C(=O)CNC1CCN(C(=O)C2CCNC(=O)CC2)CC1,Amidation,,,,,,,,,,
C118843,1,,,,O=C(O)CCl,NCc1cccn2ccnc12,O=C(CCl)NCc1cccn2ccnc12,Amidation,,,,,,,,,,
C77253,1,,,,CC(NCCO)c1cn(-c2ccccc2)nn1,CC(=O)Nc1ccc(Br)cc1C,CC(=O)Nc1ccc(CCNC(C)c2cn(-c3ccccc3)nn2)cc1C,Sp3-sp2_Macmillan_coupling_alcohol_and_aryl_halide,,,,,,,,,,
C108582,1,,,,O=C(O)C(O)c1c[nH]cn1,NCC1(OCCO)CCC1,O=C(NCC1(OCCO)CCC1)C(O)c1c[nH]cn1,Amidation,,,,,,,,,,
C118995,1,,,,CC(N)CB1OC(C)(C)C(C)(C)O1,Brc1cccc2cc[nH]c12,CC(N)Cc1cccc2cc[nH]c12,Sp3-sp2_Suzuki_coupling,,,,,,,,,,
C11169,1,,,,CC(C)N,Brc1cccc2cc[nH]c12,CC(C)Nc1cccc2cc[nH]c12,Buchwald-Hartwig_amination,,,,,,,,,,
C117,1,,,,Nc1ccc2c(c1)CNCCO2,O=C(O)c1cc(Cl)cc2[nH]ncc12,O=C(Nc1ccc2c(c1)CNCCO2)c1cc(Cl)cc2[nH]ncc12,Amidation,,,,,,,,,,
C69458,1,,,,Ic1ccc2c(c1)CNC2,CC(C)(F)C(N)=O,CC(C)(F)C(=O)Nc1ccc2c(c1)CNC2,Iodo_N-arylation,,,,,,,,,,
C119020,1,,,,NCCCBr,O=c1[nH]cnc2sccc12,NCCCn1cnc2sccc2c1=O,Amine_alkylation,,,,,,,,,,
C4308,1,,,,NCc1cn2ccccc2n1,Cc1csc(NC(=O)C(=O)O)n1,Cc1csc(NC(=O)C(=O)NCc2cn3ccccc3n2)n1,Amidation,,,,,,,,,,
C9546,1,,,,c1ccncc1,O=C(O)C1CCCCN1,c1cc(C2CCCCN2)ccn1,Minisci_reaction_with_carboxylic_acid_(intermolecular),,,,,,,,,,
C81697,1,,,,NC1(C(=O)O)CCCNC1,Cn1cnc(C(F)(F)F)c1,Cn1cc(C(F)(F)F)nc1C1(N)CCCNC1,Minisci_reaction_with_carboxylic_acid_(intermolecular),,,,,,,,,,
C119034,1,,,,CCCN,Clc1ncnc2nccnc12,CCCNc1ncnc2nccnc12,N-nucleophilic_aromatic_substitution,,,,,,,,,,
C119036,1,,,,CCCN,Clc1ncnc2oncc12,CCCNc1ncnc2oncc12,N-nucleophilic_aromatic_substitution,,,,,,,,,,
C119039,1,,,,NCCCBr,O=c1[nH]cnc2scnc12,NCCCn1cnc2scnc2c1=O,Amine_alkylation,,,,,,,,,,
C119040,1,,,,CCCN,Brc1ncnc2sccc12,CCCNc1ncnc2sccc12,N-nucleophilic_aromatic_substitution,,,,,,,,,,
C119043,1,,,,CCC=O,Nc1ncnc2cccnc12,CCCNc1ncnc2cccnc12,Reductive_amination,,,,,,,,,,
C119044,1,,,,CCCN,Brc1ncnc2ncccc12,CCCNc1ncnc2ncccc12,N-nucleophilic_aromatic_substitution,,,,,,,,,,
C119049,1,,,,CCCN,[O-][n+]1ccc2cccnc2c1,CCCNc1nccc2cccnc12,Nucleophilic_addition_and_elimination_at_C-2_of_pyridyl_n-oxide_core,,,,,,,,,,
C119052,1,,,,CCCN,Brc1ncnc2ccsc12,CCCNc1ncnc2ccsc12,N-nucleophilic_aromatic_substitution,,,,,,,,,,
C119110,1,,,,N,O=Cc1ncnc2ccccc12,N#CC(N)c1ncnc2ccccc12,Formation_of_alpha_aminonitrile_from_aldehyde_or_ketone_-_Strecker_reaction,,,,,,,,,,
C119115,1,,,,CCN,CN(CCO)c1ncnc2ccccc12,CCNCCN(C)c1ncnc2ccccc12,Mitsunobu_reaction_with_amine_alcohol_and_thioalcohol,,,,,,,,,,
C119,1,,,,Nc1ccc2c(c1)CNC2,O=C(O)c1cc(F)cc2[nH]nnc12,O=C(Nc1ccc2c(c1)CNC2)c1cc(F)cc2[nH]nnc12,Amidation,,,,,,,,,,
C119116,1,,,,CNc1ncnc2ccccc12,CC1(C)CN1,CN(c1ncnc2ccccc12)C(C)(C)CN,Aziridine_+_amine_coupling,,,,,,,,,,
C119788,1,,,,O=C(O)c1cccc2scnc12,CSCC(C)C(=O)NCC(C)N,CSCC(C)C(=O)NCC(C)NC(=O)c1cccc2scnc12,Amidation,,,,,,,,,,
C99844,1,,,,O=C(Nc1ccc2c(c1)CNC2)c1cc(F)cc2[nH]nnc12,CN(C)CCl,CN(C)Cn1nc2cc(F)cc(C(=O)Nc3ccc4c(c3)CNC4)c2n1,Amine_alkylation,,,,,,,,,,
C119797,1,,,,O=C(O)c1ccc2scnc2c1,CNCCNC(C)=O,CC(=O)NCCN(C)C(=O)c1ccc2scnc2c1,Amidation,,,,,,,,,,
C83823,1,,,,CN1CCC2(CC(N)CN2)C1,CC(=O)Nc1cccc(C(=O)O)c1C(F)(F)F,CC(=O)Nc1cccc(C(=O)NC2CNC3(CCN(C)C3)C2)c1C(F)(F)F,Amidation,,,,,,,,,,
C119147,1,,,,CNc1ncnc2ccccc12,NCC=O,CN(CCN)c1ncnc2ccccc12,Reductive_amination,,,,,,,,,,
C119150,1,,,,NCC=O,CCCCNc1ncnc2ccccc12,CCCCN(CCN)c1ncnc2ccccc12,Reductive_amination,,,,,,,,,,
C119151,1,,,,Brc1ncnc2ccccc12,N#CCC(O)CN,N#CCC(CN)c1ncnc2ccccc12,Sp3-sp2_Macmillan_coupling_alcohol_and_aryl_halide,,,,,,,,,,
C67787,1,,,,O=C(O)c1cccnc1,CC(CCN)NC(=O)c1cnc2[nH]nnc2c1,CC(CCNC(=O)c1cccnc1)NC(=O)c1cnc2[nH]nnc2c1,Amidation,,,,,,,,,,
C76719,1,,,,Cc1cc(Br)cc(CNO)c1,C=C[Sn](CCCC)(CCCC)CCCC,C=Cc1cc(C)cc(CNO)c1,Stille_coupling,,,,,,,,,,
C68006,1,,,,NC1CCCN(C(=O)c2cn3ccnc3s2)C1,CSCC(=O)O,CSCC(=O)NC1CCCN(C(=O)c2cn3ccnc3s2)C1,Amidation,,,,,,,,,,
C120,1,,,,OB(O)c1cc(Cl)cc2[nH]ncc12,Nc1ccc2c(c1)C(=O)OC2,CNC(=O)C(Nc1ccc2c(c1)C(=O)OC2)c1cc(Cl)cc2[nH]ncc12,Petasis-borono_Mannich_reaction,,,CNC(=O)C=O,,,,,,,
C67561,1,,,,O=C(O)C(=O)NCC1CCCCCN1,CNC1CCC(=O)NC1,CN(C(=O)C(=O)NCC1CCCCCN1)C1CCC(=O)NC1,Amidation,,,,,,,,,,
C119198,1,,,,O=[N+]([O-])c1cccc2ncnc(Cl)c12,NCC(F)C1CCNCC1,O=[N+]([O-])c1cccc2ncnc(NCC(F)C3CCNCC3)c12,N-nucleophilic_aromatic_substitution,,,,,,,,,,
C58094,1,,,,Brc1cc2cccnc2s1,CC1(C)OB(c2cncs2)OC1(C)C,c1cnc2sc(-c3cncs3)cc2c1,Sp2-sp2_Suzuki_coupling,,,,,,,,,,
C119200,1,,,,O=[N+]([O-])c1cccc2ncnc(Cl)c12,NCC1CC2CC2N1,O=[N+]([O-])c1cccc2ncnc(NCC3CC4CC4N3)c12,N-nucleophilic_aromatic_substitution,,,,,,,,,,
C56485,1,,,,O=C(O)C(O)Cc1c[nH]cn1,CCC(=O)NC1CCC(N)CC1,CCC(=O)NC1CCC(NC(=O)C(O)Cc2c[nH]cn2)CC1,Amidation,,,,,,,,,,
C116405,1,,,,Nc1ncccn1,CCCCCN1CCn2nc(CO)cc2C1,CCCCCN1CCn2nc(CNc3ncccn3)cc2C1,Mitsunobu_reaction_with_amine_alcohol_and_thioalcohol,,,,,,,,,,
C68703,1,,,,O=C(O)c1cn2ccnc2s1,CCC(O)c1ccncc1,CCC(OC(=O)c1cn2ccnc2s1)c1ccncc1,Steglich_esterification,,,,,,,,,,
C119220,1,,,,CNc1ncnc2ccccc12,IC1CCNC1,CN(c1ncnc2ccccc12)C1CCNC1,Amine_alkylation,,,,,,,,,,
C64361,1,,,,O=C(O)Cc1cccc2cccnc12,CC(O)C(C)(C)CN,CC(O)C(C)(C)CNC(=O)Cc1cccc2cccnc12,Amidation,,,,,,,,,,
C119224,1,,,,Cc1cccc2ncnc(N)c12,BrCC1CCCCN1,Cc1cccc2ncnc(NCC3CCCCN3)c12,Amine_alkylation,,,,,,,,,,
C61750,1,,,,O=C(O)CCC1CCCN1,Nc1n[nH]c2nc(C(F)(F)F)ccc12,O=C(CCC1CCCN1)Nc1n[nH]c2nc(C(F)(F)F)ccc12,Amidation,,,,,,,,,,
C107312,1,,,,NCc1ccc2cccnc2c1,CC#CCC=O,CC#CCCNCc1ccc2cccnc2c1,Reductive_amination,,,,,,,,,,
C5185,1,,,,OB(O)c1ncc[nH]1,CCC(C)S(C)(=O)=NC(=O)c1sc(Br)nc1C,CCC(C)S(C)(=O)=NC(=O)c1sc(-c2ncc[nH]2)nc1C,Sp2-sp2_Suzuki_coupling,,,,,,,,,,
C60849,1,,,,CBr,Cc1ccc(CNC2=NC3CCCC3N2)nc1,Cc1ccc(C(C)NC2=NC3CCCC3N2)nc1,Benzylic_deprotonation-alkylation_(pyridine),,,,,,,,,,
C109063,1,,,,Nc1cccc2[nH]cnc12,CCCCCC(=O)O,CCCCCC(=O)Nc1cccc2[nH]cnc12,Amidation,,,,,,,,,,
C64434,1,,,,O=C(O)Cc1ccncc1,CCCCNC(C)CCCC,CCCCC(C)N(CCCC)C(=O)Cc1ccncc1,Amidation,,,,,,,,,,
C90238,1,,,,CCOC(=O)c1cnc2c(C#N)cccc2c1N,O=C(O)C1CCNCC1,CCOC(=O)c1cnc2c(C#N)cccc2c1NC(=O)C1CCNCC1,Amidation,,,,,,,,,,
C119693,1,,,,O=C1Cc2cccc(I)c2N1,CC(N)CB1OC(C)(C)C(C)(C)O1,CC(N)Cc1cccc2c1NC(=O)C2,Sp3-sp2_Suzuki_coupling,,,,,,,,,,
C67611,1,,,,CNc1nccc2ccccc12,O=C(O)c1nc2ccccc2s1,CN(C(=O)c1nc2ccccc2s1)c1nccc2ccccc12,Amidation,,,,,,,,,,
C18124,1,,,,Ic1ccc2c(c1)CNC2,N#CC(N)=O,N#CC(=O)Nc1ccc2c(c1)CNC2,Iodo_N-arylation,,,,,,,,,,
C58566,1,,,,NC1(c2ccccn2)CC1,CC(C)(C)OC(=O)c1cc2c(o1)CCCNC2,O=C(NC1(c2ccccn2)CC1)c1cc2c(o1)CCCNC2,Ester_amidation,,,,,,,,,,
C113212,1,,,,O=C(O)c1cnc[nH]1,CC(C)NCCO,CC(C)N(CCO)C(=O)c1c[nH]cn1,Amidation,,,,,,,,,,
C66691,1,,,,CC(O)C(N)=O,OC1CNCC2(CC2)C1,CC(OC1CNCC2(CC2)C1)C(N)=O,Mitsunobu_reaction_with_amine_alcohol_and_thioalcohol,,,,,,,,,,
C120359,1,,,,Nc1ccncc1,CC(C)CCCC(=O)O,CC(C)CCCC(=O)Nc1ccncc1,Amidation,,,,,,,,,,
C68401,1,,,,NC(=O)c1cncc(C(=O)O)c1,CNCCNC(=O)Cc1ccccc1,CN(CCNC(=O)Cc1ccccc1)C(=O)c1cncc(C(N)=O)c1,Amidation,,,,,,,,,,
C109749,1,,,,NC=NO,COC(=O)c1cnn2c1CNCC2,c1noc(-c2cnn3c2CNCC3)n1,"1,2,4-Oxadiazole_synthesis_(amidoxime_+_carboxylate)",,,,,,,,,,
C120410,1,,,,OCc1ccn[nH]1,O=C1CCNCC1Br,O=C1CCNCC1OCc1ccn[nH]1,Williamson_ether_synthesis,,,,,,,,,,
C3146,1,,,,OCCc1cscn1,CN1C(=O)Cc2c(C(=O)O)cccc21,CN1C(=O)Cc2c(C(=O)OCCc3cscn3)cccc21,Steglich_esterification,,,,,,,,,,
C5440,1,,,,CC(C)(C)OC(=O)N1CCNCC1c1ccccn1,,c1ccc(C2CNCCN2)nc1,N-Boc_deprotection,,,,,,,,,,
C65201,1,,,,OC1CCCNC1,CC=CC(O)CO,CC=CC(O)COC1CCCNC1,Mitsunobu_reaction_with_amine_alcohol_and_thioalcohol,,,,,,,,,,
C58501,1,,,,Nc1ccccc1,N#CC1CNCCS1,c1ccc2[nH]c(C3CNCCS3)nc2c1,2-Substituted_(aza)benzimidazole_synthesis_from_aromatic_amine_and_nitrile,,,,,,,,,,
C65943,1,,,,O=C(O)c1ccc2ccnn2c1,CC(C)(C(=O)O)n1cc(N)cn1,CC(C)(C(=O)O)n1cc(NC(=O)c2ccc3ccnn3c2)cn1,Amidation,,,,,,,,,,
C8188,1,,,,O=c1cc(Br)[nH][nH]1,CC1(C)OB(c2cscn2)OC1(C)C,O=c1cc(-c2cscn2)[nH][nH]1,Sp2-sp2_Suzuki_coupling,,,,,,,,,,
C66713,1,,,,NC1CNCC2(CC2)C1,CC(=O)c1cccc(OC(C)C(=O)O)c1,CC(=O)c1cccc(OC(C)C(=O)NC2CNCC3(CC3)C2)c1,Amidation,,,,,,,,,,
C60165,1,,,,O=C(O)C12CCN(CC1)C2,CC(=O)c1ccc2c(c1)CNC2,CC(=O)c1ccc2c(c1)CN(C(=O)C13CCN(CC1)C3)C2,Amidation,,,,,,,,,,
C60098,1,,,,CC1NC(=O)CCC1N,Brc1ccc2c(c1)CCCNC2,CC1NC(=O)CCC1NS(=O)(=O)c1ccc2c(c1)CCCNC2,Formation_of_sulfonamide_from_halide_-_Shavnya_reaction,,,,,,,,,,
C51409,1,,,,NC(CO)Cc1c[nH]cn1,CCCn1c(C(=O)O)cc2ccccc21,CCCn1c(C(=O)NC(CO)Cc2c[nH]cn2)cc2ccccc21,Amidation,,,,,,,,,,
C120894,1,,,,CCC(C)N,O=C(O)c1cccc2[nH]ncc12,CCC(C)NC(=O)c1cccc2[nH]ncc12,Amidation,,,,,,,,,,
C6613,1,,,,CNc1nc2ccccc2s1,Cc1csc(=O)n1CC(=O)O,Cc1csc(=O)n1CC(=O)N(C)c1nc2ccccc2s1,Amidation,,,,,,,,,,
C59157,1,,,,Ic1cccnc1,CC1(C)OB(C23CCNCC2C3)OC1(C)C,c1cncc(C23CCNCC2C3)c1,Sp3-sp2_Suzuki_coupling,,,,,,,,,,
C121105,1,,,,OCCOc1ccc(I)cc1,NC(=O)c1ccn2ccnc2c1,O=C(Nc1ccc(OCCO)cc1)c1ccn2ccnc2c1,Iodo_N-arylation,,,,,,,,,,
C51363,1,,,,NCCc1ncc[nH]1,COc1ccc2cc(C(=O)O)[nH]c2c1,COc1ccc2cc(C(=O)NCCc3ncc[nH]3)[nH]c2c1,Amidation,,,,,,,,,,
C108806,1,,,,Brc1nc2ccccc2[nH]1,CC(N)C(C)O,CC(N)C(C)c1nc2ccccc2[nH]1,Sp3-sp2_Macmillan_coupling_alcohol_and_aryl_halide,,,,,,,,,,
C78857,1,,,,OCc1ccc2c(c1)CNC2,Brc1ccc2ncsc2c1,c1nc2ccc(Cc3ccc4c(c3)CNC4)cc2s1,Sp3-sp2_Macmillan_coupling_alcohol_and_aryl_halide,,,,,,,,,,
C108830,1,,,,Ic1nc2ccccc2[nH]1,CNCC(C)N,CC(N)CN(C)c1nc2ccccc2[nH]1,N-nucleophilic_aromatic_substitution,,,,,,,,,,
C39609,1,,,,Nc1cc(Cl)cc(C(=O)Nc2ccc3c(c2)CNC3)c1,N#CCC1CCNCC1,O=C(Nc1ccc2c(c1)CNC2)c1cc(Cl)cc2nc(CC3CCNCC3)[nH]c12,2-Substituted_(aza)benzimidazole_synthesis_from_aromatic_amine_and_nitrile,,,,,,,,,,
C70563,1,,,,NCc1cccc(NC(=O)c2cccc3nc[nH]c23)c1,BrCCN1CCCC1,NCc1cccc(NC(=O)c2cccc3ncn(CCN4CCCC4)c23)c1,Amine_alkylation,,,,,,,,,,
C74668,1,,,,Nc1nnc2c(C(=O)O)cccn12,Cn1cc(N)cn1,Cn1cc(NC(=O)c2cccn3c(N)nnc23)cn1,Amidation,,,,,,,,,,
C102077,1,,,,O=C(Nc1ccc2c(c1)CNC2)c1cc(Br)cc2[nH]c(=O)[nH]c12,COCI,COCn1c(=O)[nH]c2c(C(=O)Nc3ccc4c(c3)CNC4)cc(Br)cc21,Amine_alkylation,,,,,,,,,,
C99513,1,,,,Nc1ccc2c(c1)CNC2,Cn1cc2c(C(=O)O)cc(F)cc2n1,Cn1cc2c(C(=O)Nc3ccc4c(c3)CNC4)cc(F)cc2n1,Amidation,,,,,,,,,,
C74044,1,,,,O=C(Nc1ccc2c(c1)CNC2)c1ccc(B(O)O)s1,Brc1nnc2n1CCNCC2,O=C(Nc1ccc2c(c1)CNC2)c1ccc(-c2nnc3n2CCNCC3)s1,Sp2-sp2_Suzuki_coupling,,,,,,,,,,
C76312,1,,,,Nc1ccc2c(c1)CNC2,Brc1c[nH]c2nc3c(c-2c1)CCC3,O=C(Nc1ccc2c(c1)CNC2)n1cc(Br)cc2c3c(nc1-2)CCC3,Formation_of_urea_from_two_amines,,,,,,,,,,
C87280,1,,,,Cn1cc(NC(=O)c2ccccc2Br)cn1,CNc1ccc(B(O)O)c(CN)n1,CNc1ccc(-c2ccccc2C(=O)Nc2cnn(C)c2)c(CN)n1,Sp2-sp2_Suzuki_coupling,,,,,,,,,,
C78748,1,,,,O=C(Cl)c1cscn1,NS(=O)(=O)c1ccc2[nH]c(=O)sc2c1,NS(=O)(=O)c1cc(C(=O)c2cscn2)c2[nH]c(=O)sc2c1,Friedel-Crafts_acylation,,,,,,,,,,
C94869,1,,,,Cc1nc(C2CCCNC2)[nH]c1C(=O)O,Cc1nc(C#N)c(CN)[nH]1,Cc1nc(C#N)c(CNC(=O)c2nc(C3CCCNC3)[nH]c2C)[nH]1,Amidation,,,,,,,,,,
C77891,1,,,,Cc1cc(N)cc(CN)c1,COC(=O)c1cccc2[nH]nc(C#N)c12,Cc1cc(CN)cc(NC(=O)c2cccc3[nH]nc(C#N)c23)c1,Ester_amidation,,,,,,,,,,
C77764,1,,,,N#Cc1n[nH]c2ccccc12,CC(NCCCI)c1cn(-c2ccccc2)nn1,CC(NCCCn1nc2ccccc2c1C#N)c1cn(-c2ccccc2)nn1,Amine_alkylation,,,,,,,,,,
C103093,1,,,,O=C(Nc1ccc2c(c1)CNC2)c1cc(Br)cc2[nH]cnc12,O=C(O)C(F)(F)F,O=C(Nc1ccc2c(c1)CNC2)c1cc(Br)cc2nc(C(F)(F)F)[nH]c12,Minisci_reaction_with_carboxylic_acid_(intermolecular),,,,,,,,,,
C39542,1,,,,Nc1ccc2c(c1)CNC2,O=C(O)c1cc(Cl)cc2[nH]c(C(F)(F)F)nc12,O=C(Nc1ccc2c(c1)CNC2)c1cc(Cl)cc2nc(C(F)(F)F)[nH]c12,Amidation,,,,,,,,,,
C103285,1,,,,Nc1cc(Cl)cc(C(=O)Nc2ccc3c(c2)CNC3)c1,CC(C)(N)C#N,CC(C)(N)c1nc2cc(Cl)cc(C(=O)Nc3ccc4c(c3)CNC4)c2[nH]1,2-Substituted_(aza)benzimidazole_synthesis_from_aromatic_amine_and_nitrile,,,,,,,,,,
C103288,1,,,,Cc1nc2c(C(=O)Nc3ccc4c(c3)CNC4)cc(Cl)cc2[nH]1,NCI,Cc1nc2c(C(=O)Nc3ccc4c(c3)CNC4)cc(Cl)cc2n1CN,Amine_alkylation,,,,,,,,,,
C63135,1,,,,c1nn(C2CCNCC2)c2c1CNC2,O=CCCOCC1CC1,c1nn(C2CCN(CCCOCC3CC3)CC2)c2c1CNC2,Reductive_amination,,,,,,,,,,
C137,1,,,,Nc1ccc2c(c1)CNC2,Cc1nc2cc(Cl)cc(C(=O)O)c2[nH]1,Cc1nc2c(C(=O)Nc3ccc4c(c3)CNC4)cc(Cl)cc2[nH]1,Amidation,,,,,,,,,,
C68732,1,,,,O=C(O)c1cn2ccnc2s1,CCSc1ccc(N)cn1,CCSc1ccc(NC(=O)c2cn3ccnc3s2)cn1,Amidation,,,,,,,,,,
C103364,1,,,,Nc1ccc(Cl)cc1C(=O)Nc1ccc2c(c1)CNC2,N#CCN1CCCC1,O=C(Nc1ccc2c(c1)CNC2)c1cc(Cl)cc2[nH]c(CN3CCCC3)nc12,2-Substituted_(aza)benzimidazole_synthesis_from_aromatic_amine_and_nitrile,,,,,,,,,,
C76842,1,,,,Nc1ccc2c(c1)CNC2,NCCC1Cc2ccc(C(=O)O)cc2C1,NCCC1Cc2ccc(C(=O)Nc3ccc4c(c3)CNC4)cc2C1,Amidation,,,,,,,,,,
C89368,1,,,,N#Cc1cc2c(cc1N)CNC2,Nc1cc(C(=O)O)nc2c(Br)cccc12,N#Cc1cc2c(cc1NC(=O)c1cc(N)c3cccc(Br)c3n1)CNC2,Amidation,,,,,,,,,,
C104206,1,,,,N#CCc1cncc2ccccc12,COC(=O)c1ccc2c(c1)CNC2,N#CC(C(=O)c1ccc2c(c1)CNC2)c1cncc2ccccc12,Claisen_condensation_(nitrile),,,,,,,,,,
C74617,1,,,,CC(C)N,Brc1nnc2ccccn12,CC(C)Nc1nnc2ccccn12,N-nucleophilic_aromatic_substitution,,,,,,,,,,
C99240,1,,,,CSc1cc2c(cc1Cl)CNC2,NC(=O)c1cc(Br)cc2ccccc12,CSc1cc2c(cc1NC(=O)c1cc(Br)cc3ccccc13)CNC2,Buchwald-Hartwig_amidation_with_amide-like_nucleophile,,,,,,,,,,
C104657,1,,,,Nc1ccc2c(c1)CNC2,Cn1ccc2c(C(=O)O)cc(Cl)nc21,Cn1ccc2c(C(=O)Nc3ccc4c(c3)CNC4)cc(Cl)nc21,Amidation,,,,,,,,,,
C84470,1,,,,Cn1cc(NC(=O)c2ccccc2B2OC(C)(C)C(C)(C)O2)cn1,COc1cc(Br)cc(N)n1,COc1cc(-c2ccccc2C(=O)Nc2cnn(C)c2)cc(N)n1,Sp2-sp2_Suzuki_coupling,,,,,,,,,,
C79798,1,,,,Brc1ccc2c(c1)CNC2,CCC(C)C(N)C(=O)NC(C)C,CCC(C)C(Nc1ccc2c(c1)CNC2)C(=O)NC(C)C,Buchwald-Hartwig_amination,,,,,,,,,,
C104986,1,,,,Cc1cc2c(cc1N)CNC2,Cc1cc(C(=O)O)cc2cccnc12,Cc1cc2c(cc1NC(=O)c1cc(C)c3ncccc3c1)CNC2,Amidation,,,,,,,,,,
C70500,1,,,,CC(C(N)=O)n1cc(Br)c2ccccc21,,CC(C(N)=O)n1cc(N)c2ccccc21,Aryl_halide_to_aniline,,,,,,,,,,
C101237,1,,,,Nc1ccc2c(c1)CNC2,NC1c2ccccc2CC1C(=O)O,NC1c2ccccc2CC1C(=O)Nc1ccc2c(c1)CNC2,Amidation,,,,,,,,,,
C72809,1,,,,CC(C)NCC1(C(=O)O)CCCC1,Cn1cc(NC(=O)c2cccnc2)cn1,CC(C)NCC1(c2ncccc2C(=O)Nc2cnn(C)c2)CCCC1,Minisci_reaction_with_carboxylic_acid_(intermolecular),,,,,,,,,,
C156,1,,,,N#Cc1cc2c(cc1N)CNC2,O=C(O)c1cc(F)cc2n[nH]cc12,N#Cc1cc2c(cc1NC(=O)c1cc(F)cc3[nH]ncc13)CNC2,Amidation,,,,,,,,,,
C64917,1,,,,Nc1ccnc2ccccc12,CC(C)(C(=O)O)c1cnccn1,CC(C)(C(=O)Nc1ccnc2ccccc12)c1cnccn1,Amidation,,,,,,,,,,
C92187,1,,,,Nc1ccc2c(c1)CNCCO2,Nc1cncc2c(C(=O)O)cccc12,Nc1cncc2c(C(=O)Nc3ccc4c(c3)CNCCO4)cccc12,Amidation,,,,,,,,,,
C71961,1,,,,CC(C)N,Nc1cccc2[nH]c(Cl)nc12,CC(C)Nc1nc2c(N)cccc2[nH]1,N-nucleophilic_aromatic_substitution,,,,,,,,,,
C72846,1,,,,NCC1(C(=O)O)CCCC1,CCc1cncc(C(=O)Nc2ccc3c(c2)CNC3)c1,CCc1cnc(C2(CN)CCCC2)c(C(=O)Nc2ccc3c(c2)CNC3)c1,Minisci_reaction_with_carboxylic_acid_(intermolecular),,,,,,,,,,
C18030,1,,,,O=C(Nc1ccc2c(c1)CNC2)c1ccc2[nH]cc(C3CCNCC3)c2c1,,O=C(Nc1ccc2c(c1)CNC2)c1cc(Br)c2[nH]cc(C3CCNCC3)c2c1,Aromatic_bromination,,,,,,,,,,
C18098,1,,,,Nc1ccc(C(=O)O)cc1I,CC#CC1CCNCC1,Cc1[nH]c2ccc(C(=O)O)cc2c1C1CCNCC1,Larock_indole_synthesis,,,,,,,,,,
C58684,1,,,,CC(Br)CN,c1cnc2occc2c1,CC(CN)c1cc2cccnc2o1,Furan_C-2_alkylation,,,,,,,,,,
C64235,1,,,,Nc1ccccc1I,C#CC1CCCCN1,c1ccc2[nH]c(C3CCCCN3)cc2c1,Larock_indole_synthesis,,,,,,,,,,
C68669,1,,,,NCc1cn2ccsc2n1,OB(O)c1ccnc(C(F)F)c1,FC(F)c1cc(NCc2cn3ccsc3n2)ccn1,Chan-Lam_coupling_(amination),,,,,,,,,,
C18500,1,,,,Cc1cc(N)cc2c1CNC2,O=C1Cc2c(ccc(C(=O)O)c2C(F)(F)F)N1,Cc1cc(NC(=O)c2ccc3c(c2C(F)(F)F)CC(=O)N3)cc2c1CNC2,Amidation,,,,,,,,,,
C173,1,,,,O=C1Cc2c(cccc2C(=O)O)N1,NCCc1cccc(N)c1,NCCc1cccc(NC(=O)c2cccc3c2CC(=O)N3)c1,Amidation,,,,,,,,,,
C39629,1,,,,Nc1cc(Cl)cc(C(=O)Nc2ccc3c(c2)CNC3)c1,N#CCN,NCc1nc2cc(Cl)cc(C(=O)Nc3ccc4c(c3)CNC4)c2[nH]1,2-Substituted_(aza)benzimidazole_synthesis_from_aromatic_amine_and_nitrile,,,,,,,,,,
C18589,1,,,,N#Cc1cc2c(cc1N)CNC2,O=C1Cc2cc(C(=O)O)cc(F)c2N1,N#Cc1cc2c(cc1NC(=O)c1cc(F)c3c(c1)CC(=O)N3)CNC2,Amidation,,,,,,,,,,
C30797,1,,,,ClC1CNC1,Cc1cc2c(C(=O)Nc3ccc4c(c3)CNC4)cccc2[nH]1,Cc1cc2c(C(=O)Nc3ccc4c(c3)CNC4)cccc2n1C1CNC1,Amine_alkylation,,,,,,,,,,
C18613,1,,,,Nc1ccc2c(c1)CNC2,CC1C(=O)Nc2ccc(C(=O)O)cc21,CC1C(=O)Nc2ccc(C(=O)Nc3ccc4c(c3)CNC4)cc21,Amidation,,,,,,,,,,
C18568,1,,,,Ic1ccc2c(c1)CNC2,NC(=O)c1ccc2c(c1)C(=O)C(=O)N2,O=C1Nc2ccc(C(=O)Nc3ccc4c(c3)CNC4)cc2C1=O,Buchwald-Hartwig_amidation_with_amide-like_nucleophile,,,,,,,,,,
C18621,1,,,,Nc1ccc2c(c1)CNC2,CNCC1C(=O)Nc2ccc(C(=O)O)cc21,CNCC1C(=O)Nc2ccc(C(=O)Nc3ccc4c(c3)CNC4)cc21,Amidation,,,,,,,,,,
C9697,1,,,,c1nc(C2CCNCC2)c[nH]1,CC(C)(C(=O)O)c1c[nH]cn1,CC(C)(C(=O)N1CCC(c2c[nH]cn2)CC1)c1c[nH]cn1,Amidation,,,,,,,,,,
C18677,1,,,,Nc1ccc2c(c1)CNC2,CCNC1C(=O)Nc2c(F)cc(C(=O)O)cc21,CCNC1C(=O)Nc2c(F)cc(C(=O)Nc3ccc4c(c3)CNC4)cc21,Amidation,,,,,,,,,,
C18682,1,,,,Nc1ccc2c(c1)CNC2,O=C(O)c1ccc2c(c1)C1(CCOCC1)C(=O)N2,O=C(Nc1ccc2c(c1)CNC2)c1ccc2c(c1)C1(CCOCC1)C(=O)N2,Amidation,,,,,,,,,,
C171,1,,,,NCc1cccc(N)c1,O=C1Cc2c(cccc2C(=O)O)N1,NCc1cccc(NC(=O)c2cccc3c2CC(=O)N3)c1,Amidation,,,,,,,,,,
C30679,1,,,,Nc1ccc2c(c1)CNC2,O=C1CC(C(F)(F)F)c2cc(C(=O)O)ccc2N1,O=C1CC(C(F)(F)F)c2cc(C(=O)Nc3ccc4c(c3)CNC4)ccc2N1,Amidation,,,,,,,,,,
C59950,1,,,,CN,O=C(O)CC1CCCN1,CNC(=O)CC1CCCN1,Amidation,,,,,,,,,,
C25622,1,,,,N#Cc1c[nH]c2c(C(=O)Nc3ccc4c(c3)CNC4)cccc12,,N#Cc1c[nH]c2c(C(=O)Nc3ccc4c(c3)CNC4)cc(Br)cc12,Aromatic_bromination,,,,,,,,,,
C65748,1,,,,O=C(O)c1ccns1,CCN(CCN)C(=O)C1(C)CCNC(=O)C1,CCN(CCNC(=O)c1ccns1)C(=O)C1(C)CCNC(=O)C1,Amidation,,,,,,,,,,
C62079,1,,,,NCc1ccc2cccnc2c1,CC(C)(C)OC(=O)c1cc2c(s1)CNC2,O=C(NCc1ccc2cccnc2c1)c1cc2c(s1)CNC2,Ester_amidation,,,,,,,,,,
C107826,1,,,,Brc1ncnc2ccccc12,CC(CN)C(C)(C)C,CC(CNc1ncnc2ccccc12)C(C)(C)C,N-nucleophilic_aromatic_substitution,,,,,,,,,,
C20460,1,,,,Nc1ccc2c(c1)CNC2,Nn1ccc2cc(C(=O)O)ccc21,Nn1ccc2cc(C(=O)Nc3ccc4c(c3)CNC4)ccc21,Amidation,,,,,,,,,,
C20734,1,,,,Nc1ccc2c(c1)CNC2,Cc1cc(C(=O)O)c2n[nH]c(C)c2c1,Cc1cc(C(=O)Nc2ccc3c(c2)CNC3)c2n[nH]c(C)c2c1,Amidation,,,,,,,,,,
C20760,1,,,,Nc1ccc2c(c1)CNC2,Cc1c2cccc(C(=O)O)c2nn1C,Cc1c2cccc(C(=O)Nc3ccc4c(c3)CNC4)c2nn1C,Amidation,,,,,,,,,,
C20766,1,,,,Nc1ccc2c(c1)CNC2,N#Cc1[nH]nc2c(C(=O)O)cccc12,N#Cc1[nH]nc2c(C(=O)Nc3ccc4c(c3)CNC4)cccc12,Amidation,,,,,,,,,,
C20772,1,,,,Nc1ccc2c(c1)CNC2,CNCc1n[nH]c2c(C(=O)O)cccc12,CNCc1n[nH]c2c(C(=O)Nc3ccc4c(c3)CNC4)cccc12,Amidation,,,,,,,,,,
C107948,1,,,,O=C(O)c1ccn[nH]1,CCN(CCN)C(=O)C1CCNC(=O)C1,CCN(CCNC(=O)c1cc[nH]n1)C(=O)C1CCNC(=O)C1,Amidation,,,,,,,,,,
C20813,1,,,,O=C(Nc1ccc2c(c1)CNC2)c1cccc2c(I)n[nH]c12,NC1CCC1,O=C(Nc1ccc2c(c1)CNC2)c1cccc2c(NC3CCC3)[nH]nc12,N-nucleophilic_aromatic_substitution,,,,,,,,,,
C40283,1,,,,O=C(O)c1cc(F)cc2c1cnn2C1CNC1,Cc1ccc(N)nc1N,Cc1ccc(N)nc1NC(=O)c1cc(F)cc2c1cnn2C1CNC1,Amidation,,,,,,,,,,
C59115,1,,,,O=C(O)Cc1cnn2ccccc12,CNC1CC(OC)C12CCC2,COC1CC(N(C)C(=O)Cc2cnn3ccccc23)C12CCC2,Amidation,,,,,,,,,,
C22615,1,,,,NC1CCN(c2ccccn2)C1,CNCC1Cc2c(cccc2C(=O)O)N1,CNCC1Cc2c(cccc2C(=O)NC2CCN(c3ccccn3)C2)N1,Amidation,,,,,,,,,,
C22467,1,,,,NC1CCN(c2ccccn2)C1,COC(=O)c1cccc2c1C1(CCNCC1)C(=O)N2,O=C(NC1CCN(c2ccccn2)C1)c1cccc2c1C1(CCNCC1)C(=O)N2,Ester_amidation,,,,,,,,,,
C108373,1,,,,Nc1ccnc2ccsc12,C=C(Br)CO,C=C(Br)CNc1ccnc2ccsc12,Mitsunobu_reaction_with_amine_alcohol_and_thioalcohol,,,,,,,,,,
C22669,1,,,,NC1CCN(c2ccccn2)C1,O=C(O)c1cccc2c1C1CCCCCC1N2,O=C(NC1CCN(c2ccccn2)C1)c1cccc2c1C1CCCCCC1N2,Amidation,,,,,,,,,,
C27384,1,,,,Nc1cnc2c(c1)CNC2,CC(C)NC1C(=O)Nc2ccc(C(=O)O)cc21,CC(C)NC1C(=O)Nc2ccc(C(=O)Nc3cnc4c(c3)CNC4)cc21,Amidation,,,,,,,,,,
C118804,1,,,,O=C(O)CCN1CCNCC1,CC(C)C(C)(C)CN,CC(C)C(C)(C)CNC(=O)CCN1CCNCC1,Amidation,,,,,,,,,,
C23730,1,,,,Nc1ccc2c(c1)CNC2,Cc1[nH]c2c(C(=O)O)cc(C#N)cc2c1C,Cc1[nH]c2c(C(=O)Nc3ccc4c(c3)CNC4)cc(C#N)cc2c1C,Amidation,,,,,,,,,,
C23312,1,,,,Cc1cc(N)cc(CN)c1,N#Cc1cc2c(c(C(=O)O)c1)CC(=O)N2,Cc1cc(CN)cc(NC(=O)c2cc(C#N)cc3c2CC(=O)N3)c1,Amidation,,,,,,,,,,
C23314,1,,,,Cc1cc(N)cc(CN)c1,O=C1Cc2c(cc(Br)cc2C(=O)O)N1,Cc1cc(CN)cc(NC(=O)c2cc(Br)cc3c2CC(=O)N3)c1,Amidation,,,,,,,,,,
C189,1,,,,Nc1ccc2c(n1)CNC2,O=C1Cc2c(cccc2C(=O)O)N1,O=C1Cc2c(cccc2C(=O)Nc2ccc3c(n2)CNC3)N1,Amidation,,,,,,,,,,
C24585,1,,,,Nc1ccc2c(n1)CNC2,O=C1Cc2c(cc(Br)cc2C(=O)O)N1,O=C1Cc2c(cc(Br)cc2C(=O)Nc2ccc3c(n2)CNC3)N1,Amidation,,,,,,,,,,
C24675,1,,,,Nc1ccc2c(n1)CNC2,NC1C(=O)Nc2cccc(C(=O)O)c21,NC1C(=O)Nc2cccc(C(=O)Nc3ccc4c(n3)CNC4)c21,Amidation,,,,,,,,,,
C25106,1,,,,Nc1ccc2c(c1)CNCC2,CC(C)(C)OC(=O)c1cccc2c1C1(CCNCC1)C(=O)N2,O=C(Nc1ccc2c(c1)CNCC2)c1cccc2c1C1(CCNCC1)C(=O)N2,Ester_amidation,,,,,,,,,,
C29014,1,,,,O=C(O)c1cccc2c(C3CNC3)n[nH]c12,Cc1cc(F)ccc1N,Cc1cc(F)ccc1NC(=O)c1cccc2c(C3CNC3)n[nH]c12,Amidation,,,,,,,,,,
C25624,1,,,,Nc1ccc2c(c1)CNC2,Cc1cc(C(=O)O)c2[nH]cc(C#N)c2c1,Cc1cc(C(=O)Nc2ccc3c(c2)CNC3)c2[nH]cc(C#N)c2c1,Amidation,,,,,,,,,,
C25614,1,,,,CS(=O)(=O)c1cc2c(cc1I)CNC2,N#Cc1c[nH]c2c(C(N)=O)cccc12,CS(=O)(=O)c1cc2c(cc1NC(=O)c1cccc3c(C#N)c[nH]c13)CNC2,Iodo_N-arylation,,,,,,,,,,
C193,1,,,,Nc1ccc2c(c1)CNC2,N#Cc1c[nH]c2c(C(=O)O)cccc12,N#Cc1c[nH]c2c(C(=O)Nc3ccc4c(c3)CNC4)cccc12,Amidation,,,,,,,,,,
C25711,1,,,,Nc1ccc2c(c1)CNC2,N#Cc1c(C(F)(F)F)[nH]c2c(C(=O)O)cccc12,N#Cc1c(C(F)(F)F)[nH]c2c(C(=O)Nc3ccc4c(c3)CNC4)cccc12,Amidation,,,,,,,,,,
C108408,1,,,,Nc1ccnc2ccsc12,C=CCC(C)=O,C=CCC(C)Nc1ccnc2ccsc12,Reductive_amination,,,,,,,,,,
C25838,1,,,,Nc1ccc2c(c1)CNCCO2,O=C1Cc2c(cc(Br)cc2C(=O)O)N1,O=C1Cc2c(cc(Br)cc2C(=O)Nc2ccc3c(c2)CNCCO3)N1,Amidation,,,,,,,,,,
C25919,1,,,,Nc1ccc2c(c1)CNCCO2,COC(=O)c1cc(Cl)cc2c1CC(=O)N2,O=C1Cc2c(cc(Cl)cc2C(=O)Nc2ccc3c(c2)CNCCO3)N1,Ester_amidation,,,,,,,,,,
C108410,1,,,,CC(N)C(F)F,Brc1ccnc2ccsc12,CC(Nc1ccnc2ccsc12)C(F)F,Buchwald-Hartwig_amination,,,,,,,,,,
C27833,1,,,,Nc1ccc2c(c1)CNC2,N#Cc1csc2ccc(C(=O)O)cc12,N#Cc1csc2ccc(C(=O)Nc3ccc4c(c3)CNC4)cc12,Amidation,,,,,,,,,,
C27917,1,,,,Ic1ccc2c(c1)CNC2,CC(=O)c1csc2ccc(C(N)=O)cc12,CC(=O)c1csc2ccc(C(=O)Nc3ccc4c(c3)CNC4)cc12,Iodo_N-arylation,,,,,,,,,,
C28494,1,,,,O=C(Nc1ccc2c(c1)CNC2)c1cccc2c(I)n[nH]c12,CC1(C)CC(B(O)O)C1,CC1(C)CC(c2[nH]nc3c(C(=O)Nc4ccc5c(c4)CNC5)cccc23)C1,Sp3-sp2_Suzuki_coupling,,,,,,,,,,
C28847,1,,,,Oc1ccc2c(c1)CNC2,N#Cc1ccc2c(c1)C(N)C(=O)N2,NC1C(=O)Nc2ccc(C(=O)Oc3ccc4c(c3)CNC4)cc21,Pinner_reaction_(carboxylate_ester),,,,,,,,,,
C66486,1,,,,c1nn(C2CCNCC2)c2c1CNC2,N#CCc1ccnc(Cl)n1,N#CCc1ccnc(N2CCC(n3ncc4c3CNC4)CC2)n1,N-nucleophilic_aromatic_substitution,,,,,,,,,,
C30267,1,,,,CCN,CCCC(C=O)CC,CCCC(CC)CNCC,Reductive_amination,,,,,,,,,,
C41633,1,,,,Nc1ccc2c(c1)CNC2,NCc1c[nH]c2c(F)cc(C(=O)O)c(O)c12,NCc1c[nH]c2c(F)cc(C(=O)Nc3ccc4c(c3)CNC4)c(O)c12,Amidation,,,,,,,,,,
C30694,1,,,,N#Cc1cc2c(cc1N)CNC2,O=C1CCc2cc(C(=O)O)cc(F)c2N1,N#Cc1cc2c(cc1NC(=O)c1cc(F)c3c(c1)CCC(=O)N3)CNC2,Amidation,,,,,,,,,,
C32722,1,,,,Nc1ccc(C(=O)OCc2ccccc2)cc1,NC1CCC2(CC1)CNC2,Nc1ccc(C(=O)NC2CCC3(CC2)CNC3)cc1,Ester_amidation,,,,,,,,,,
C33094,1,,,,CN,ICC1CCNCC1,CNCC1CCNCC1,Amine_alkylation,,,,,,,,,,
C68984,1,,,,c1c[nH]c(C2CCCN2)n1,COC(=O)c1nccc2c1CNCC2,O=C(c1nccc2c1CNCC2)N1CCCC1c1ncc[nH]1,Ester_amidation,,,,,,,,,,
C237,1,,,,CS(=O)(=O)OC1CNC1,O=C(Nc1ccc2c(c1)CNC2)c1cc(Br)cc2n[nH]cc12,O=C(Nc1ccc2c(c1)CNC2)c1cc(Br)cc2nn(C3CNC3)cc12,Amine_alkylation,,,,,,,,,,
C35751,1,,,,CN1Cc2ccc(N)cc2C1,CC1(C)C(=O)Nc2ccc(C(=O)O)cc21,CN1Cc2ccc(NC(=O)c3ccc4c(c3)C(C)(C)C(=O)N4)cc2C1,Amidation,,,,,,,,,,
C20741,1,,,,Nc1ccc2c(c1)CNC2,O=C(O)c1cccc2c1NC1(CCNCC1)C2,O=C(Nc1ccc2c(c1)CNC2)c1cccc2c1NC1(CCNCC1)C2,Amidation,,,,,,,,,,
C37012,1,,,,O=C(O)c1cc(Cl)cc2c1cnn2C1CNC1,Nc1ccc2c(c1)CCCC2CC(=O)O,O=C(O)CC1CCCc2cc(NC(=O)c3cc(Cl)cc4c3cnn4C3CNC3)ccc21,Amidation,,,,,,,,,,
C109286,1,,,,O=C(O)c1ccc2[nH]c3c(c2c1)CCCCC3,CC(=O)N1CCNCC1,CC(=O)N1CCN(C(=O)c2ccc3[nH]c4c(c3c2)CCCCC4)CC1,Amidation,,,,,,,,,,
C209,1,,,,Oc1ccc2c(c1)CNC2,N#Cc1ccc2c(c1)CC(=O)N2,O=C1Cc2cc(C(=O)Oc3ccc4c(c3)CNC4)ccc2N1,Pinner_reaction_(carboxylate_ester),,,,,,,,,,
C63872,1,,,,C1CNCCN1,Ic1ncccn1,c1cnc(N2CCNCC2)nc1,N-nucleophilic_aromatic_substitution,,,,,,,,,,
C55897,1,,,,O=C(O)CCc1cccnc1Br,CC(N)c1cc(=O)[nH][nH]1,CC(NC(=O)CCc1cccnc1Br)c1cc(=O)[nH][nH]1,Amidation,,,,,,,,,,
C58230,1,,,,O=C(O)c1cnc[nH]1,CCC(C)(OC)C(=O)NC(C)C1CCNCC1,CCC(C)(OC)C(=O)NC(C)C1CCN(C(=O)c2cnc[nH]2)CC1,Amidation,,,,,,,,,,
C37554,1,,,,O=C(O)c1cc(Cl)cc2c1cnn2C1CNC1,N#Cc1cc(C2CCOC2)ccc1N,N#Cc1cc(C2CCOC2)ccc1NC(=O)c1cc(Cl)cc2c1cnn2C1CNC1,Amidation,,,,,,,,,,
C113385,1,,,,O=C1CCC2(CC2)C1=O,CC(N)CC=O,CC(N)Cc1nc2c([nH]1)C1(CC2)CC1,Debus-Radziszewski_imidazole_synthesis,,,,,,,,,,
C268,1,,,,Nc1ccc2c(c1)CNC2,COC(=O)c1cc(Cl)c2[nH]cc(C)c2c1,Cc1c[nH]c2c(Cl)cc(C(=O)Nc3ccc4c(c3)CNC4)cc12,Ester_amidation,,,,,,,,,,
C39979,1,,,,Nc1ccc2c(c1)CNC2=O,COC(=O)c1cc(Cl)c2[nH]cc(C)c2c1,Cc1c[nH]c2c(Cl)cc(C(=O)Nc3ccc4c(c3)CNC4=O)cc12,Ester_amidation,,,,,,,,,,
C40445,1,,,,Nc1ccc2c(c1)CNC2,CCc1cc(C(=O)O)cc2c(CN)c[nH]c12,CCc1cc(C(=O)Nc2ccc3c(c2)CNC3)cc2c(CN)c[nH]c12,Amidation,,,,,,,,,,
C21293,1,,,,NC1CCCC2(CCNC2)C1,CNCC1Cc2c(cccc2C(=O)O)N1,CNCC1Cc2c(cccc2C(=O)NC2CCCC3(CCNC3)C2)N1,Amidation,,,,,,,,,,
C119032,1,,,,CCC=O,Nc1ncnc2scnc12,CCCNc1ncnc2scnc12,Reductive_amination,,,,,,,,,,
C41702,1,,,,N#Cc1cc2c(cc1N)CNC2,NCc1c[nH]c2c(F)cc(C(=O)O)cc12,N#Cc1cc2c(cc1NC(=O)c1cc(F)c3[nH]cc(CN)c3c1)CNC2,Amidation,,,,,,,,,,
C41731,1,,,,Nc1ccc2c(c1)CNC2=O,NCc1c[nH]c2c(F)cc(C(=O)O)cc12,NCc1c[nH]c2c(F)cc(C(=O)Nc3ccc4c(c3)CNC4=O)cc12,Amidation,,,,,,,,,,
C28765,1,,,,Oc1ccc2c(c1)CNC2,CN1C(=O)C(N)c2cc(C#N)ccc21,CN1C(=O)C(N)c2cc(C(=O)Oc3ccc4c(c3)CNC4)ccc21,Pinner_reaction_(carboxylate_ester),,,,,,,,,,
C42562,1,,,,O=C(O)c1cc(F)cc2c1cnn2C1CNC1,CNCc1nccc(N)n1,CNCc1nccc(NC(=O)c2cc(F)cc3c2cnn3C2CNC2)n1,Amidation,,,,,,,,,,
C27587,1,,,,Nc1cnc2c(c1)CNC2,CCNC1C(=O)Nc2ccc(C(=O)O)cc21,CCNC1C(=O)Nc2ccc(C(=O)Nc3cnc4c(c3)CNC4)cc21,Amidation,,,,,,,,,,
C119131,1,,,,CCNc1ncnc2ccccc12,NCC=O,CCN(CCN)c1ncnc2ccccc12,Reductive_amination,,,,,,,,,,
C15239,1,,,,NC1CCCNC1,COc1nc2ccccc2cc1C=O,COc1nc2ccccc2cc1CNC1CCCNC1,Reductive_amination,,,,,,,,,,
C2321,1,,,,O=C(O)c1ncc[nH]1,CCCCC(=O)NCC1CCNCC1,CCCCC(=O)NCC1CCN(C(=O)c2ncc[nH]2)CC1,Amidation,,,,,,,,,,
C52276,1,,,,CNCc1nc2ccccc2s1,O=C(O)c1ccc2[nH]cnc2c1F,CN(Cc1nc2ccccc2s1)C(=O)c1ccc2[nH]cnc2c1F,Amidation,,,,,,,,,,
C4207,1,,,,O=C(O)CNC(=O)c1cscn1,Nc1ccc(-n2cnc3ccccc32)cc1,O=C(CNC(=O)c1cscn1)Nc1ccc(-n2cnc3ccccc32)cc1,Amidation,,,,,,,,,,
C6762,1,,,,O=C(O)CCCn1cccn1,Cc1nccc(N(C)C(C)CN)n1,Cc1nccc(N(C)C(C)CNC(=O)CCCn2cccn2)n1,Amidation,,,,,,,,,,
C12461,1,,,,O=C(O)C(c1cccnc1)N1CCOCC1,NCCc1nc2ccccc2[nH]1,O=C(NCCc1nc2ccccc2[nH]1)C(c1cccnc1)N1CCOCC1,Amidation,,,,,,,,,,
C53732,1,,,,c1cc(N2CCNCC2)c2cc[nH]c2c1,NCC1CCSC1,O=C(NCC1CCSC1)N1CCN(c2cccc3[nH]ccc23)CC1,Formation_of_urea_from_two_amines,,,,,,,,,,
C8707,1,,,,O=C(O)c1ccc2[nH]cnc2c1,CNCc1cnn2c1CNCC2,CN(Cc1cnn2c1CNCC2)C(=O)c1ccc2[nH]cnc2c1,Amidation,,,,,,,,,,
C13330,1,,,,Nc1nc2ccc(F)cc2s1,CC(C)C(C(=O)O)c1cccnc1,CC(C)C(C(=O)Nc1nc2ccc(F)cc2s1)c1cccnc1,Amidation,,,,,,,,,,
C6094,1,,,,CC(=O)N(C)C1CCNC1,O=C(O)c1ccncn1,CC(=O)N(C)C1CCN(C(=O)c2ccncn2)C1,Amidation,,,,,,,,,,
C119143,1,,,,CC(N)CO,CNc1ncnc2ccccc12,CC(N)CN(C)c1ncnc2ccccc12,Mitsunobu_reaction_with_amine_alcohol_and_thioalcohol,,,,,,,,,,
C9898,1,,,,O=C(O)c1c[nH]c(C2CC2)n1,COC(=O)C(N)Cc1ccncc1,COC(=O)C(Cc1ccncc1)NC(=O)c1c[nH]c(C2CC2)n1,Amidation,,,,,,,,,,
C10692,1,,,,Nc1ccc2[nH]ccc2c1,C1CCN(C2CCNCC2)C1,O=C(Nc1ccc2[nH]ccc2c1)N1CCC(N2CCCC2)CC1,Formation_of_urea_from_two_amines,,,,,,,,,,
C50969,1,,,,O=C(O)c1cnn2c1CNCC2,CNCCCN1CCN(C)CC1,CN1CCN(CCCN(C)C(=O)c2cnn3c2CNCC3)CC1,Amidation,,,,,,,,,,
C12944,1,,,,NCc1ccc2c(c1)CNC2,Cc1nnnn1CC(=O)O,Cc1nnnn1CC(=O)NCc1ccc2c(c1)CNC2,Amidation,,,,,,,,,,
C51218,1,,,,Nc1ccc2cccnc2c1,CC(C(=O)O)c1cccnc1,CC(C(=O)Nc1ccc2cccnc2c1)c1cccnc1,Amidation,,,,,,,,,,
C50099,1,,,,O=C1CCC(C(=O)O)CN1,Nc1ccn(-c2ccncc2)n1,O=C1CCC(C(=O)Nc2ccn(-c3ccncc3)n2)CN1,Amidation,,,,,,,,,,
C52617,1,,,,c1ccc2[nH]c(N3CCCC(Cn4ccnn4)C3)nc2c1,,c1cn(CC2CCCN(C3=NC4CCCCC4N3)C2)nn1,Hydrogenation_of_benzene,,,,,,,,,,
C51629,1,,,,O=C1CCNCC1,O=CCc1cccnc1,O=C1CCN(CCc2cccnc2)CC1,Reductive_amination,,,,,,,,,,
C14273,1,,,,Fc1ccc(C2CCCCN2)nc1,Brc1ncnc2ccccc12,Fc1ccc(C2CCCCN2c2ncnc3ccccc23)nc1,N-nucleophilic_aromatic_substitution,,,,,,,,,,
C14910,1,,,,O=C(O)CCc1cncs1,COCC(=O)NC1C2CNCC1C2,COCC(=O)NC1C2CC1CN(C(=O)CCc1cncs1)C2,Amidation,,,,,,,,,,
C3924,1,,,,Cc1nc(C=O)cs1,CC(N)CNC(=O)c1ccnc2ccccc12,Cc1nc(CNC(C)CNC(=O)c2ccnc3ccccc23)cs1,Reductive_amination,,,,,,,,,,
C47553,1,,,,OB(O)c1ccc2ncccc2c1,NC(=O)CSc1nnc2ccccn12,O=C(CSc1nnc2ccccn12)Nc1ccc2ncccc2c1,"Chan-Lam_coupling_of_amides,_sulfonamides,_and_imides",,,,,,,,,,
C11118,1,,,,CC(N)c1ccncc1,CC(=O)NCc1cn(CC(=O)O)nn1,CC(=O)NCc1cn(CC(=O)NC(C)c2ccncc2)nn1,Amidation,,,,,,,,,,
C49318,1,,,,CC(=O)O,NCC1C2CCC(C2)N1C(=O)c1n[nH]c2ccccc12,CC(=O)NCC1C2CCC(C2)N1C(=O)c1n[nH]c2ccccc12,Amidation,,,,,,,,,,
C11818,1,,,,CC(Cl)CN,CC(C(=O)O)n1cnc2cc(N)ccc21,CC(CN)c1nc2cc(N)ccc2n1C(C)C(=O)O,Imidazole_C-2_alkylation,,,,,,,,,,
C52693,1,,,,CCn1ncc2cc(C(=O)O)cnc21,CCNCc1cccnc1,CCN(Cc1cccnc1)C(=O)c1cnc2c(cnn2CC)c1,Amidation,,,,,,,,,,
C1469,1,,,,O=C(O)c1ccc2c(c1)CNC2,CCSCc1ccnc(N)c1,CCSCc1ccnc(NC(=O)c2ccc3c(c2)CNC3)c1,Amidation,,,,,,,,,,
C14548,1,,,,c1ccc2c(c1)CNC2,OCc1cnc(-c2cncnc2)nc1,c1ccc2c(c1)CN(Cc1cnc(-c3cncnc3)nc1)C2,Mitsunobu_reaction_with_amine_alcohol_and_thioalcohol,,,,,,,,,,
C48202,1,,,,Cc1cc2cccc(Br)c2nc1Cl,CC(CN)B1OC(C)(C)C(C)(C)O1,Cc1cc2cccc(Br)c2nc1C(C)CN,Sp3-sp2_Suzuki_coupling,,,,,,,,,,
C7401,1,,,,CC(C)N,Cc1nc2cc(Br)ccc2n1C,Cc1nc2cc(NC(C)C)ccc2n1C,Buchwald-Hartwig_amination,,,,,,,,,,
C1789,1,,,,O=S(=O)(Cl)N1Cc2ccccc2C1,NC1CC(c2ncc[nH]2)C1,O=S(=O)(NC1CC(c2ncc[nH]2)C1)N1Cc2ccccc2C1,Sulfonamide_Schotten-Baumann_with_amine_(intermolecular),,,,,,,,,,
C17115,1,,,,c1c[nH]c(C2CCCN2)n1,O=C(O)Cn1cnc2ccccc21,O=C(Cn1cnc2ccccc21)N1CCCC1c1ncc[nH]1,Amidation,,,,,,,,,,
C53672,1,,,,CNCc1cnn2c1CNCC2,O=C(O)c1ccc(O)cn1,CN(Cc1cnn2c1CNCC2)C(=O)c1ccc(O)cn1,Amidation,,,,,,,,,,
C14109,1,,,,O=C(O)c1ccn(C2CCCC2)n1,CN(CCN)Cc1cscn1,CN(CCNC(=O)c1ccn(C2CCCC2)n1)Cc1cscn1,Amidation,,,,,,,,,,
C3953,1,,,,O=CCC=O,Nc1ccccc1C[S+]([O-])Cc1cncs1,[O-][S+](Cc1cncs1)Cc1cccc2cccnc12,Combes_quinoline_synthesis,,,,,,,,,,
C52296,1,,,,O=C(O)c1ccc2scnc2c1,Cn1cnc2cccc(CN)c21,Cn1cnc2cccc(CNC(=O)c3ccc4scnc4c3)c21,Amidation,,,,,,,,,,
C15670,1,,,,c1cnn(C2CCCNC2)c1,CCC(C)C(=O)NCC(=O)O,CCC(C)C(=O)NCC(=O)N1CCCC(n2cccn2)C1,Amidation,,,,,,,,,,
C8170,1,,,,O=C(O)Cc1c[nH][nH]c1=O,CCN(CCN)C(=O)c1cncs1,CCN(CCNC(=O)Cc1c[nH][nH]c1=O)C(=O)c1cncs1,Amidation,,,,,,,,,,
C3704,1,,,,NCc1c[nH]cn1,CNc1ccnc(C(=O)O)c1,CNc1ccnc(C(=O)NCc2c[nH]cn2)c1,Amidation,,,,,,,,,,
C7144,1,,,,Nc1ccc(-c2ncc[nH]2)cc1,CCOC(=O)c1cnn2c1CNCC2,O=C(Nc1ccc(-c2ncc[nH]2)cc1)c1cnn2c1CNCC2,Ester_amidation,,,,,,,,,,
C50148,1,,,,O=C(O)CN1CCNCC1,NCC1CCC(=O)NC1,O=C1CCC(CNC(=O)CN2CCNCC2)CN1,Amidation,,,,,,,,,,
C51869,1,,,,O=C(O)c1cnc2ccsc2c1,CC(C)Nc1ncncc1N,CC(C)Nc1ncncc1NC(=O)c1cnc2ccsc2c1,Amidation,,,,,,,,,,
C834,1,,,,NC1CCN(c2ccccn2)C1,CCOC(=O)c1cccc2cccnc12,O=C(NC1CCN(c2ccccn2)C1)c1cccc2cccnc12,Ester_amidation,,,,,,,,,,
C9911,1,,,,O=C(O)c1cncc(-n2ccnc2)n1,NC(CO)Cc1ccncc1,O=C(NC(CO)Cc1ccncc1)c1cncc(-n2ccnc2)n1,Amidation,,,,,,,,,,
C14573,1,,,,Fc1cccc2c1CNC2,CC(C)(C(=O)O)c1ccncn1,CC(C)(C(=O)N1Cc2cccc(F)c2C1)c1ccncn1,Amidation,,,,,,,,,,
C15238,1,,,,NCC1CCCNC1,COc1ccc2cc(C(=O)O)ccc2n1,COc1ccc2cc(C(=O)NCC3CCCNC3)ccc2n1,Amidation,,,,,,,,,,
C48859,1,,,,Sc1ccccn1,CC(Cl)C(=O)Nc1ccc2[nH]c(=O)[nH]c2c1,CC(Sc1ccccn1)C(=O)Nc1ccc2[nH]c(=O)[nH]c2c1,Nucleophilic_substitution_with_thiol,,,,,,,,,,
C3980,1,,,,O=S(=O)(Cl)Cc1cccc2cccnc12,CNCc1scnc1C,Cc1ncsc1CN(C)S(=O)(=O)Cc1cccc2cccnc12,Sulfonamide_Schotten-Baumann_with_amine_(intermolecular),,,,,,,,,,
C9884,1,,,,NCCc1ccncc1,Cn1cncc1CC(=O)O,Cn1cncc1CC(=O)NCCc1ccncc1,Amidation,,,,,,,,,,
C51002,1,,,,O=C(O)C1CCC(C(F)(F)F)NC1=O,NCCCSc1nccs1,O=C(NCCCSc1nccs1)C1CCC(C(F)(F)F)NC1=O,Amidation,,,,,,,,,,
C17079,1,,,,O=C(O)c1cc(Br)cc2[nH]cnc12,NCCc1ncc[nH]1,O=C(NCCc1ncc[nH]1)c1cc(Br)cc2[nH]cnc12,Amidation,,,,,,,,,,
C3992,1,,,,OB(O)c1cccc2cccnc12,CNCc1cscn1,CN(Cc1cscn1)S(=O)(=O)c1cccc2cccnc12,Formation_of_sulfonamide_from_boronic_and_amine,,,,,,,,,,
C52306,1,,,,Nn1cnc2ccccc21,O=C(O)c1ccc2scnc2c1,O=C(Nn1cnc2ccccc21)c1ccc2scnc2c1,Amidation,,,,,,,,,,
C47615,1,,,,c1ncc(C2CCCCN2)cn1,CNCc1ccns1,CN(Cc1ccns1)C(=O)N1CCCCC1c1cncnc1,Formation_of_urea_from_two_amines,,,,,,,,,,
C4121,1,,,,CC(=O)NCc1cccc(Br)c1,COc1ccc2cc(B3OC(C)(C)C(C)(C)O3)ccc2n1,COc1ccc2cc(-c3cccc(CNC(C)=O)c3)ccc2n1,Sp2-sp2_Suzuki_coupling,,,,,,,,,,
C10765,1,,,,O=S(=O)(Oc1ccccc1)C(F)(F)F,O=C(Nc1nc2ccccc2[nH]1)c1ccccn1,O=C(Nc1nc2ccccc2n1-c1ccccc1)c1ccccn1,Buchwald-Hartwig_amination_with_aromatic_nh_intermolecular,,,,,,,,,,
C52864,1,,,,O=C(O)CC1CCNCC1F,NCc1cncnc1,O=C(CC1CCNCC1F)NCc1cncnc1,Amidation,,,,,,,,,,
C48235,1,,,,O=C(O)c1cccc2ncccc12,CN1CCn2nc(N)cc2C1,CN1CCn2nc(NC(=O)c3cccc4ncccc34)cc2C1,Amidation,,,,,,,,,,
C9452,1,,,,O=C(O)Cc1cccnc1,CC(N)C1CCN(c2ncccn2)CC1,CC(NC(=O)Cc1cccnc1)C1CCN(c2ncccn2)CC1,Amidation,,,,,,,,,,
C51334,1,,,,Cc1[nH]n(-c2nc3ccccc3[nH]2)c(=O)c1Cl,CC1(C)OB(CCC#N)OC1(C)C,Cc1[nH]n(-c2nc3ccccc3[nH]2)c(=O)c1CCC#N,Sp3-sp2_Suzuki_coupling,,,,,,,,,,
C3857,1,,,,COC(=O)c1ccc2c(c1)CNC2,Cc1n[nH]c2ncc(N)cc12,Cc1n[nH]c2ncc(NC(=O)c3ccc4c(c3)CNC4)cc12,Ester_amidation,,,,,,,,,,
C14680,1,,,,NCCc1cscn1,CC(C)n1c(=O)[nH]c2ccc(C(=O)O)cc21,CC(C)n1c(=O)[nH]c2ccc(C(=O)NCCc3cscn3)cc21,Amidation,,,,,,,,,,
C16262,1,,,,NCC1CCNCC1,CN(C)CCn1c(=O)[nH]c2ccc(C(=O)O)cc21,CN(C)CCn1c(=O)[nH]c2ccc(C(=O)NCC3CCNCC3)cc21,Amidation,,,,,,,,,,
C48390,1,,,,O=C(O)c1cn2ccccc2n1,CCc1ccnc(C#N)c1,CCc1ccnc(-c2noc(-c3cn4ccccc4n3)n2)c1,"1,2,4-Oxadiazole_synthesis_(nitrile_+_carboxylic_acid)",,,,,,,,,,
C7846,1,,,,NCC1CCCNC1,COC(=O)c1ccc2[nH]c(=O)n(C)c2c1,Cn1c(=O)[nH]c2ccc(C(=O)NCC3CCCNC3)cc21,Ester_amidation,,,,,,,,,,
C8072,1,,,,NC1CCN(C2CCOCC2)CC1,CC(C)(C)OC(=O)c1cnc2ccccc2c1,O=C(NC1CCN(C2CCOCC2)CC1)c1cnc2ccccc2c1,Ester_amidation,,,,,,,,,,
C7561,1,,,,NC1CCN(c2ncnc3ccccc23)C1,CCOC(=O)Cc1cscn1,O=C(Cc1cscn1)NC1CCN(c2ncnc3ccccc23)C1,Ester_amidation,,,,,,,,,,
C13018,1,,,,CCC(N)c1ccccn1,Nc1ccc(Br)cn1,CCC(NC(=O)Nc1ccc(Br)cn1)c1ccccn1,Formation_of_urea_from_two_amines,,,,,,,,,,
C1031,1,,,,COc1ccc2cc(C(=O)O)ccc2n1,CC(N)c1cn[nH]c1,COc1ccc2cc(C(=O)NC(C)c3cn[nH]c3)ccc2n1,Amidation,,,,,,,,,,
C50069,1,,,,NCC1CCC(=O)NC1,CCc1cc(B(O)O)ccn1,CCc1cc(NCC2CCC(=O)NC2)ccn1,Chan-Lam_coupling_(amination),,,,,,,,,,
C3744,1,,,,NC1(c2ccccn2)CC1,ClCCCc1ncc[nH]1,c1ccc(C2(NCCCc3ncc[nH]3)CC2)nc1,Amine_alkylation,,,,,,,,,,
C10581,1,,,,O=C(O)Cc1cscn1,COC(C(=O)N1CCC1CN)C(C)C,COC(C(=O)N1CCC1CNC(=O)Cc1cscn1)C(C)C,Amidation,,,,,,,,,,
C2328,1,,,,c1c[nH]c(C2CCNCC2)n1,CCC(C)C(NC(C)=O)C(=O)O,CCC(C)C(NC(C)=O)C(=O)N1CCC(c2ncc[nH]2)CC1,Amidation,,,,,,,,,,
C51060,1,,,,O=C(O)CCc1cncc2ccccc12,NCc1nc(CO)cs1,O=C(CCc1cncc2ccccc12)NCc1nc(CO)cs1,Amidation,,,,,,,,,,
C50914,1,,,,CC(O)c1cocn1,CC(C)Cc1nc(C(=O)O)cs1,CC(C)Cc1nc(C(=O)OC(C)c2cocn2)cs1,Steglich_esterification,,,,,,,,,,
C5576,1,,,,Nc1ccc2c(c1)CNC2,O=C(O)C1CCCN(c2cc(=O)[nH]cn2)C1,O=C(Nc1ccc2c(c1)CNC2)C1CCCN(c2cc(=O)[nH]cn2)C1,Amidation,,,,,,,,,,
C51325,1,,,,CSCCC(N)c1nc2ccccc2[nH]1,CC(C)Cn1[nH]c(CC(=O)O)cc1=O,CSCCC(NC(=O)Cc1cc(=O)n(CC(C)C)[nH]1)c1nc2ccccc2[nH]1,Amidation,,,,,,,,,,
C48853,1,,,,Nn1cnc2ccccc21,COc1cnn2c1CNCC2,COc1cnn2c1CN(C(=O)Nn1cnc3ccccc31)CC2,Formation_of_urea_from_two_amines,,,,,,,,,,
C16956,1,,,,O=C(O)c1ccc2ccccc2n1,CNc1ccc2ccccc2n1,CN(C(=O)c1ccc2ccccc2n1)c1ccc2ccccc2n1,Amidation,,,,,,,,,,
C50822,1,,,,CC1(C)OB(c2ccnc(N3CCCC3)c2)OC1(C)C,CC(C)Nc1ccc(I)cn1,CC(C)Nc1ccc(-c2ccnc(N3CCCC3)c2)cn1,Sp2-sp2_Suzuki_coupling,,,,,,,,,,
C1967,1,,,,O=C(O)c1cnc(C2CCOCC2)s1,NCC(=O)N1CCNCC1,O=C(NCC(=O)N1CCNCC1)c1cnc(C2CCOCC2)s1,Amidation,,,,,,,,,,
C3502,1,,,,O=C(O)c1cscn1,CC(N)CNC(=O)c1cccnc1C1CC1,CC(CNC(=O)c1cccnc1C1CC1)NC(=O)c1cscn1,Amidation,,,,,,,,,,
C6950,1,,,,NC1CCCN(Cc2cscn2)C1,CCCC(OCC)C(=O)O,CCCC(OCC)C(=O)NC1CCCN(Cc2cscn2)C1,Amidation,,,,,,,,,,
C9576,1,,,,O=C(O)C1CCCN(C(=O)c2ccncc2)C1,CC(C)C(N)CO,CC(C)C(CO)NC(=O)C1CCCN(C(=O)c2ccncc2)C1,Amidation,,,,,,,,,,
C48850,1,,,,Nc1cc2n(n1)CCNC2,CC(C(=O)O)n1cnc2ccccc21,CC(C(=O)Nc1cc2n(n1)CCNC2)n1cnc2ccccc21,Amidation,,,,,,,,,,
C4305,1,,,,OCc1cn2ccccc2n1,CCOC(=O)c1csc(CCN)n1,CCOC(=O)c1csc(CCNCc2cn3ccccc3n2)n1,Mitsunobu_reaction_with_amine_alcohol_and_thioalcohol,,,,,,,,,,
C47653,1,,,,CNCc1ccncn1,COC(=O)CC1CCCNC1,COC(=O)CC1CCCN(C(=O)N(C)Cc2ccncn2)C1,Formation_of_urea_from_two_amines,,,,,,,,,,
C6745,1,,,,SCCn1cccn1,Cc1nccc(CO)n1,Cc1nccc(CSCCn2cccn2)n1,Mitsunobu_reaction_with_amine_alcohol_and_thioalcohol,,,,,,,,,,
C1649,1,,,,O=C(O)CSc1nc2ccccc2[nH]1,NCc1ncc[nH]1,O=C(CSc1nc2ccccc2[nH]1)NCc1ncc[nH]1,Amidation,,,,,,,,,,
C50700,1,,,,O=C(O)c1ccc2[nH]ccc2c1,CC(N)CNC(=O)c1cccnc1,CC(CNC(=O)c1cccnc1)NC(=O)c1ccc2[nH]ccc2c1,Amidation,,,,,,,,,,
C48209,1,,,,CC(CN)C(=O)O,COc1cccc2c(C)ccnc12,COc1cccc2c(C)cc(C(C)CN)nc12,Minisci_reaction_with_carboxylic_acid_(intermolecular),,,,,,,,,,
C52192,1,,,,O=C(O)c1cnc(C2CCNCC2)nc1,NC(CO)c1nc[nH]n1,O=C(NC(CO)c1nc[nH]n1)c1cnc(C2CCNCC2)nc1,Amidation,,,,,,,,,,
C11345,1,,,,O=C(O)CCc1c[nH]c2ccccc12,CCNCc1ccncc1,CCN(Cc1ccncc1)C(=O)CCc1c[nH]c2ccccc12,Amidation,,,,,,,,,,
C50756,1,,,,c1cc(N2CCCNCC2)ccn1,O=C(O)Cc1c[nH]c2ccccc12,O=C(Cc1c[nH]c2ccccc12)N1CCCN(c2ccncc2)CC1,Amidation,,,,,,,,,,
C54021,1,,,,OCCCc1ccncc1,CCC(C)NC(=O)CN1CCNCC1,CCC(C)NC(=O)CN1CCN(CCCc2ccncc2)CC1,Mitsunobu_reaction_with_amine_alcohol_and_thioalcohol,,,,,,,,,,
C16969,1,,,,O=C(O)c1ccnc2ccccc12,Cc1cc(N)c2ncccc2c1,Cc1cc(NC(=O)c2ccnc3ccccc23)c2ncccc2c1,Amidation,,,,,,,,,,
C4263,1,,,,O=C(O)c1cnc(-c2cccnc2)s1,NC1CCc2ncsc2C1,O=C(NC1CCc2ncsc2C1)c1cnc(-c2cccnc2)s1,Amidation,,,,,,,,,,
C50347,1,,,,Ic1ccnc2ccccc12,Cn1ccc(C2CCCNC2)n1,Cn1ccc(C2CCCN(c3ccnc4ccccc34)C2)n1,N-nucleophilic_aromatic_substitution,,,,,,,,,,
C2006,1,,,,Oc1ccc2c(c1)CNC2,OC1CCCNC1,c1cc2c(cc1OC1CCCNC1)CNC2,Mitsunobu_aryl_ether_synthesis,,,,,,,,,,
C7984,1,,,,O=C(O)CCc1ccnc2ccccc12,CC(C)C(=O)NC1CCCNC1,CC(C)C(=O)NC1CCCN(C(=O)CCc2ccnc3ccccc23)C1,Amidation,,,,,,,,,,
C6452,1,,,,O=C(O)CC(O)(c1ncc[nH]1)C(F)(F)F,CC(=O)NCC1CC(N)C1,CC(=O)NCC1CC(NC(=O)CC(O)(c2ncc[nH]2)C(F)(F)F)C1,Amidation,,,,,,,,,,
C1717,1,,,,CC(=O)NCc1ccc2c(c1)CNC2,O=C(O)CCc1cscn1,CC(=O)NCc1ccc2c(c1)CN(C(=O)CCc1cscn1)C2,Amidation,,,,,,,,,,
C2008,1,,,,Oc1ccc2c(c1)CNC2,CC(C)(C)OC(=O)C1CCCNC1,O=C(C1CCCNC1)N1Cc2ccc(O)cc2C1,Ester_amidation,,,,,,,,,,
C13324,1,,,,O=C(O)c1cccnc1,Nc1nc2c(Cl)cccc2s1,O=C(Nc1nc2c(Cl)cccc2s1)c1cccnc1,Amidation,,,,,,,,,,
C47891,1,,,,OCc1ccccn1,CC(C)(C)OC(=O)N1CCC(=O)C(O)C1,CC(C)(C)OC(=O)N1CCC(=O)C(OCc2ccccn2)C1,Mitsunobu_reaction_with_amine_alcohol_and_thioalcohol,,,,,,,,,,
C17089,1,,,,O=C(O)c1c(F)ccc2[nH]cnc12,NC(CO)c1ncc[nH]1,O=C(NC(CO)c1ncc[nH]1)c1c(F)ccc2[nH]cnc12,Amidation,,,,,,,,,,
C12439,1,,,,NCCC1CCNCC1,COc1ccc2cccc(N)c2n1,COc1ccc2cccc(NC(=O)NCCC3CCNCC3)c2n1,Formation_of_urea_from_two_amines,,,,,,,,,,
C13732,1,,,,Nc1cccc2c1CNC2,CC(=O)CN,CC(CN)N1Cc2cccc(N)c2C1,Reductive_amination,,,,,,,,,,
C51867,1,,,,CC(C)N,Brc1ccnc2ccsc12,CC(C)Nc1ccnc2ccsc12,N-nucleophilic_aromatic_substitution,,,,,,,,,,
C52819,1,,,,CCOC(=O)c1csc(CO)n1,CC(CC(=O)O)n1ccnc1,CCOC(=O)c1csc(COC(=O)CC(C)n2ccnc2)n1,Steglich_esterification,,,,,,,,,,
C2037,1,,,,c1ccc2c(c1)CNC2,CC(C)(C)OC(=O)C1CCCNC1,O=C(C1CCCNC1)N1Cc2ccccc2C1,Ester_amidation,,,,,,,,,,
C2841,1,,,,O=C(O)C1CCCNC1,Cc1nc2ccccc2n1CCCN,Cc1nc2ccccc2n1CCCNC(=O)C1CCCNC1,Amidation,,,,,,,,,,
C47575,1,,,,O=C(O)Cc1cncnc1,CC(O)C(=O)N1CCC(C(C)N)CC1,CC(O)C(=O)N1CCC(C(C)NC(=O)Cc2cncnc2)CC1,Amidation,,,,,,,,,,
C1996,1,,,,O=C(O)c1cnc(N2CCNCC2)s1,NC(c1ccco1)C(F)F,O=C(NC(c1ccco1)C(F)F)c1cnc(N2CCNCC2)s1,Amidation,,,,,,,,,,
C8147,1,,,,CC(C)B1OC(C)(C)C(C)(C)O1,CN(CCNC(=O)c1cnc(Br)s1)C(=O)Cc1c[nH][nH]c1=O,CC(C)c1ncc(C(=O)NCCN(C)C(=O)Cc2c[nH][nH]c2=O)s1,Sp3-sp2_Suzuki_coupling,,,,,,,,,,
C55564,1,,,,CC(C)N,O=C1CC(n2ccnc2)C1,CC(C)NC1CC(n2ccnc2)C1,Reductive_amination,,,,,,,,,,
C48120,1,,,,O=C(CCl)N1CCN(Cc2cscn2)CC1,CC(=O)NCC(N)=O,CC(=O)NC(CC(=O)N1CCN(Cc2cscn2)CC1)C(N)=O,Alpha_alkylation_of_ester/amide,,,,,,,,,,
C53342,1,,,,CC=O,OB(O)c1cccc2cccnc12,CC(NCc1cnc(C2CC2)o1)c1cccc2cccnc12,Petasis-borono_Mannich_reaction,,,NCc1cnc(C2CC2)o1,,,,,,,
C3936,1,,,,O=C(O)CCc1ccnc2ccccc12,CC(=O)c1csc(N)n1,CC(=O)c1csc(NC(=O)CCc2ccnc3ccccc23)n1,Amidation,,,,,,,,,,
C11558,1,,,,O=C(O)c1cnc2[nH]ncc2c1,CCNC1CCN(C(=O)CC)CC1,CCC(=O)N1CCC(N(CC)C(=O)c2cnc3[nH]ncc3c2)CC1,Amidation,,,,,,,,,,
C3692,1,,,,O=C(O)CCc1c[nH]cn1,CNC1CC(c2cccnc2)C1,CN(C(=O)CCc1c[nH]cn1)C1CC(c2cccnc2)C1,Amidation,,,,,,,,,,
C5363,1,,,,c1ccc2[nH]c(C3CCNCC3)nc2c1,CON=CC(=O)O,CON=CC(=O)N1CCC(c2nc3ccccc3[nH]2)CC1,Amidation,,,,,,,,,,
C48944,1,,,,O=C(O)CCc1nc2ccccc2[nH]1,COc1cn[nH]c1N,COc1cn[nH]c1NC(=O)CCc1nc2ccccc2[nH]1,Amidation,,,,,,,,,,
C4264,1,,,,NCCc1nc2c(s1)CCCC2,Brc1nc(-c2cccnc2)cs1,c1cncc(-c2csc(NCCc3nc4c(s3)CCCC4)n2)c1,N-nucleophilic_aromatic_substitution,,,,,,,,,,
C15322,1,,,,O=[N+]([O-])c1c(Br)nc2ccccn12,NCCc1cccc2cccnc12,O=[N+]([O-])c1c(NCCc2cccc3cccnc23)nc2ccccn12,N-nucleophilic_aromatic_substitution,,,,,,,,,,
C14550,1,,,,Nc1cncnc1,CCC1c2ccccc2CN1C(=O)C(=O)O,CCC1c2ccccc2CN1C(=O)C(=O)Nc1cncnc1,Amidation,,,,,,,,,,
C16128,1,,,,C1CNCC(N2CCNCC2)C1,O=C(O)C1C=CCC1,O=C(C1C=CCC1)N1CCCC(N2CCNCC2)C1,Amidation,,,,,,,,,,
C51214,1,,,,OCc1ccc2cccnc2c1,NC1(c2ccccn2)CCC1,c1ccc(C2(NCc3ccc4cccnc4c3)CCC2)nc1,Mitsunobu_reaction_with_amine_alcohol_and_thioalcohol,,,,,,,,,,
C4227,1,,,,CS(=O)(=O)c1nc2ccccc2[nH]1,O=C(NCc1cscn1)c1ccoc1,O=C(c1ccoc1)N(Cc1cscn1)c1nc2ccccc2[nH]1,Nucleophilic_aromatic_substitution_(methylsulfone),,,,,,,,,,
C47617,1,,,,Nc1cncnc1,CN(C)C(=O)N1CCCC(C(=O)O)C1,CN(C)C(=O)N1CCCC(C(=O)Nc2cncnc2)C1,Amidation,,,,,,,,,,
C6526,1,,,,NCc1ccc2c(c1)CNC2,CCOC(C)c1ncc(C(=O)O)s1,CCOC(C)c1ncc(C(=O)NCc2ccc3c(c2)CNC3)s1,Amidation,,,,,,,,,,
C9601,1,,,,Cc1cnn2c1CNCC2,OCC(F)C1CCNCC1,Cc1cnn2c1CN(CC(F)C1CCNCC1)CC2,Mitsunobu_reaction_with_amine_alcohol_and_thioalcohol,,,,,,,,,,
C52423,1,,,,NCCc1nc2ccccc2s1,Cc1cn2ccc(Br)cc2n1,Cc1cn2ccc(NCCc3nc4ccccc4s3)cc2n1,N-nucleophilic_aromatic_substitution,,,,,,,,,,
C7420,1,,,,CC(C)N,Cn1c(Cl)nc2cc(F)ccc21,CC(C)Nc1nc2cc(F)ccc2n1C,N-nucleophilic_aromatic_substitution,,,,,,,,,,
C55341,1,,,,C=O,[C-]#[N+]c1ccccn1,NS(=O)(=O)c1ccc(C(=O)OCC(=O)Nc2ccccn2)s1,Passerini_reaction,,,NS(=O)(=O)c1ccc(C(=O)O)s1,,,,,,,
C11823,1,,,,CC(CN)B1OC(C)(C)C(C)(C)O1,Clc1nc2ccc(Br)cc2[nH]1,CC(CN)c1nc2ccc(Br)cc2[nH]1,Sp3-sp2_Suzuki_coupling,,,,,,,,,,
C2852,1,,,,Clc1cccc2nc(Br)[nH]c12,CC1(C)OB(C2CCCNC2)OC1(C)C,Clc1cccc2nc(C3CCCNC3)[nH]c12,Sp3-sp2_Suzuki_coupling,,,,,,,,,,
C5622,1,,,,Oc1ccc2c(c1)CNC2,CN1CCCCC1CO,CN1CCCCC1COc1ccc2c(c1)CNC2,Mitsunobu_aryl_ether_synthesis,,,,,,,,,,
C48411,1,,,,O=C(O)c1cn2ccccc2n1,CC(CCN)NC(=O)c1ccncc1,CC(CCNC(=O)c1cn2ccccc2n1)NC(=O)c1ccncc1,Amidation,,,,,,,,,,
C771,1,,,,NCc1ccc2c(c1)CNC2,Nc1nc2ccccc2s1,O=C(NCc1ccc2c(c1)CNC2)Nc1nc2ccccc2s1,Formation_of_urea_from_two_amines,,,,,,,,,,
C13030,1,,,,CC(CN)c1ccccn1,CC(C)Cc1ccnc(N)c1,CC(C)Cc1ccnc(NC(=O)NCC(C)c2ccccn2)c1,Formation_of_urea_from_two_amines,,,,,,,,,,
C120734,1,,,,NC1CCCNC1=O,CCC(CC)C(=O)O,CCC(CC)C(=O)NC1CCCNC1=O,Amidation,,,,,,,,,,
C6461,1,,,,CC(=O)NCC1CCN1,O=C(O)C(O)Cc1c[nH]cn1,CC(=O)NCC1CCN1C(=O)C(O)Cc1c[nH]cn1,Amidation,,,,,,,,,,
C17109,1,,,,O=C(O)c1cc2[nH]cnc2cc1F,CC(N)c1ncc[nH]1,CC(NC(=O)c1cc2[nH]cnc2cc1F)c1ncc[nH]1,Amidation,,,,,,,,,,
C7721,1,,,,NCCc1ncc[nH]1,O=C(O)Cc1ccn(C2CCCC2)n1,O=C(Cc1ccn(C2CCCC2)n1)NCCc1ncc[nH]1,Amidation,,,,,,,,,,
C53731,1,,,,c1cc(N2CCNCC2)c2cc[nH]c2c1,O=C(O)C1CCCS1,O=C(C1CCCS1)N1CCN(c2cccc3[nH]ccc23)CC1,Amidation,,,,,,,,,,
C48727,1,,,,O=C(O)c1ncc[nH]1,CC(C)NC1CCC(N)CC1,CC(C)NC1CCC(NC(=O)c2ncc[nH]2)CC1,Amidation,,,,,,,,,,
C1553,1,,,,CC(C)CC(N)c1nc2ccccc2[nH]1,CC(C(=O)O)c1ccccn1,CC(C)CC(NC(=O)C(C)c1ccccn1)c1nc2ccccc2[nH]1,Amidation,,,,,,,,,,
C55395,1,,,,Sc1nnc2ccccn12,CC(=O)N(C)c1nc(CCl)cs1,CC(=O)N(C)c1nc(CSc2nnc3ccccn23)cs1,Nucleophilic_substitution_with_thioamide,,,,,,,,,,
C1471,1,,,,NC(=O)c1ccc2c(c1)CNC2,COc1cccc(B(O)O)n1,COc1cccc(NC(=O)c2ccc3c(c2)CNC3)n1,"Chan-Lam_coupling_of_amides,_sulfonamides,_and_imides",,,,,,,,,,
C52857,1,,,,O=C(O)Cc1cncnc1,O=S1(=O)CCC(NCc2ccco2)C1,O=C(Cc1cncnc1)N(Cc1ccco1)C1CCS(=O)(=O)C1,Amidation,,,,,,,,,,
C8888,1,,,,NC1CCNCC1,Cc1ncsc1CCCl,Cc1ncsc1CCS(=O)(=O)NC1CCNCC1,Formation_of_sulfonamide_from_halide_-_Shavnya_reaction,,,,,,,,,,
C53587,1,,,,O=C(O)CSc1nc2ccccc2s1,Cc1cc2n(n1)CCNC2,Cc1cc2n(n1)CCN(C(=O)CSc1nc3ccccc3s1)C2,Amidation,,,,,,,,,,
C11231,1,,,,ClCCCc1ccncc1,C1CC(N2C3CCC2CNC3)CCN1,c1cc(CCCN2CC3CCC(C2)N3C2CCNCC2)ccn1,Amine_alkylation,,,,,,,,,,
C55394,1,,,,NCc1nnc2ccccn12,CC(C)(C)OC(=O)Cn1cc(CCO)nn1,O=C(Cn1cc(CCO)nn1)NCc1nnc2ccccn12,Ester_amidation,,,,,,,,,,
C16930,1,,,,OB(O)c1ccc2ccccc2n1,O=C(c1ccc2ccccc2n1)N1CCNCC1,O=C(c1ccc2ccccc2n1)N1CCN(c2ccc3ccccc3n2)CC1,Chan-Lam_coupling_(amination),,,,,,,,,,
C13011,1,,,,CC(CN)c1ccccn1,CC(C)c1cccc(N)n1,CC(C)c1cccc(NC(=O)NCC(C)c2ccccn2)n1,Formation_of_urea_from_two_amines,,,,,,,,,,
C9460,1,,,,O=C(O)Cc1cccnc1,COCC(=O)N1CCC(C(C)N)CC1,COCC(=O)N1CCC(C(C)NC(=O)Cc2cccnc2)CC1,Amidation,,,,,,,,,,
C13551,1,,,,O=C(O)CCc1ncc[nH]1,COCC(=O)NC1CCCC1CN,COCC(=O)NC1CCCC1CNC(=O)CCc1ncc[nH]1,Amidation,,,,,,,,,,
C3735,1,,,,Ic1ncc[nH]1,CC1(C)OB(c2cnc(C3CC3)c(C(F)(F)F)c2)OC1(C)C,FC(F)(F)c1cc(-c2ncc[nH]2)cnc1C1CC1,Sp2-sp2_Suzuki_coupling,,,,,,,,,,
C2823,1,,,,CC1(C)OB(C2CCCNC2)OC1(C)C,Ic1cccc2[nH]cnc12,c1cc(C2CCCNC2)c2nc[nH]c2c1,Sp3-sp2_Suzuki_coupling,,,,,,,,,,
C2925,1,,,,CC(C)NC1CCCNC1,O=C(O)CCc1ccnc2ccccc12,CC(C)NC1CCCN(C(=O)CCc2ccnc3ccccc23)C1,Amidation,,,,,,,,,,
C13044,1,,,,NC(c1cccnc1)c1ccccn1,C1CC2(C1)CNC2,O=C(NC(c1cccnc1)c1ccccn1)N1CC2(CCC2)C1,Formation_of_urea_from_two_amines,,,,,,,,,,
C1225,1,,,,O=C(O)C(F)(F)c1ccncc1,Nc1ncc(C2CCOC2)s1,O=C(Nc1ncc(C2CCOC2)s1)C(F)(F)c1ccncc1,Amidation,,,,,,,,,,
C10180,1,,,,O=C(O)c1cscn1,COC(=O)COc1ccc(N)c2cccnc12,COC(=O)COc1ccc(NC(=O)c2cscn2)c2cccnc12,Amidation,,,,,,,,,,
C10728,1,,,,O=C(O)CCCn1cnc2ccccc21,CC(N)c1ccccn1,CC(NC(=O)CCCn1cnc2ccccc21)c1ccccn1,Amidation,,,,,,,,,,
C54617,1,,,,Nc1cccc2ncccc12,Cn1cnc2cccc(C=O)c21,Cn1cnc2cccc(CNc3cccc4ncccc34)c21,Reductive_amination,,,,,,,,,,
C52886,1,,,,O=C(O)Cc1cncnc1,CCC(C)(C)C(=O)NCC1CC1CN,CCC(C)(C)C(=O)NCC1CC1CNC(=O)Cc1cncnc1,Amidation,,,,,,,,,,
C49238,1,,,,CN(C)c1ccnc(N)c1,CC(Oc1ccccn1)C(=O)O,CC(Oc1ccccn1)C(=O)Nc1cc(N(C)C)ccn1,Amidation,,,,,,,,,,
C52892,1,,,,O=C(O)Cc1cncnc1,C=C(Cl)CCC(=O)N1CCCC1CN,C=C(Cl)CCC(=O)N1CCCC1CNC(=O)Cc1cncnc1,Amidation,,,,,,,,,,
C50193,1,,,,NCCN1CCNCC1,Cc1nccn1CCCC(=O)O,Cc1nccn1CCCC(=O)NCCN1CCNCC1,Amidation,,,,,,,,,,
C55427,1,,,,NCc1nnc2ccccn12,O=C(O)Cn1c(SC(F)F)nc2ccccc21,O=C(Cn1c(SC(F)F)nc2ccccc21)NCc1nnc2ccccn12,Amidation,,,,,,,,,,
C9815,1,,,,O=C(O)c1cccnc1,CC(CCN)N(C)C(=O)c1cn(C)cn1,CC(CCNC(=O)c1cccnc1)N(C)C(=O)c1cn(C)cn1,Amidation,,,,,,,,,,
C10371,1,,,,O=C(O)Cc1cn2ccccc2n1,NNC(=O)c1ccc2ccccc2n1,O=C(Cc1cn2ccccc2n1)NNC(=O)c1ccc2ccccc2n1,Carboxylic_acid_+_hydrazine_condensation,,,,,,,,,,
C1881,1,,,,Nc1cccc2c1CN(c1ccccn1)C2,O=C=NCC1CCOC1,O=C(NCC1CCOC1)Nc1cccc2c1CN(c1ccccn1)C2,Isocyanate_to_urea,,,,,,,,,,
C54372,1,,,,c1ccc2c(N3CCNCC3)ncnc2c1,CCOC(=O)c1cocn1,O=C(c1cocn1)N1CCN(c2ncnc3ccccc23)CC1,Ester_amidation,,,,,,,,,,
C55685,1,,,,NCCCc1ncc[nH]1,Cc1ccc(S(=O)(=O)OC2CCCCC2)cc1,c1c[nH]c(CCCNC2CCCCC2)n1,Amine_alkylation,,,,,,,,,,
C9562,1,,,,O=C(O)C(c1ccncc1)C1CCCC1,CC(N)C1CCNCC1,CC(NC(=O)C(c1ccncc1)C1CCCC1)C1CCNCC1,Amidation,,,,,,,,,,
C48189,1,,,,CC(O)CN,COc1cc(Br)c2ccccc2n1,COc1cc(C(C)CN)c2ccccc2n1,Sp3-sp2_Macmillan_coupling_alcohol_and_aryl_halide,,,,,,,,,,
C824,1,,,,O=C(O)c1ccnc(C2CC2)c1,CNc1cccc2cccnc12,CN(C(=O)c1ccnc(C2CC2)c1)c1cccc2cccnc12,Amidation,,,,,,,,,,
C4206,1,,,,O=C(O)c1cscn1,N#Cc1ccc(-n2cnc3ccccc32)cc1,c1ccc2c(c1)ncn2-c1ccc(-c2noc(-c3cscn3)n2)cc1,"1,2,4-Oxadiazole_synthesis_(nitrile_+_carboxylic_acid)",,,,,,,,,,
C3206,1,,,,NC(C(=O)O)c1cscn1,N#Cc1ccc2c(c1)CNC2,N#Cc1ccc2c(c1)CN(C(=O)C(N)c1cscn1)C2,Amidation,,,,,,,,,,
C13694,1,,,,NCCc1nc2ccccc2[nH]1,CSCCC(N)c1nnc2ccccn12,CSCCC(NC(=O)NCCc1nc2ccccc2[nH]1)c1nnc2ccccn12,Formation_of_urea_from_two_amines,,,,,,,,,,
C48815,1,,,,CC(=O)O,NCC12CCCCC1CN(C(=O)c1cncc3ccccc13)C2,CC(=O)NCC12CCCCC1CN(C(=O)c1cncc3ccccc13)C2,Amidation,,,,,,,,,,
C48044,1,,,,CC(O)C(N)=O,Cc1ccc(O)c(N)n1,Cc1ccc(OC(C)C(N)=O)c(N)n1,Mitsunobu_aryl_ether_synthesis,,,,,,,,,,
C116932,1,,,,CC(=O)NCC1CCNCC1,O=C(O)c1n[nH]c2ccccc12,CC(=O)NCC1CCN(C(=O)c2n[nH]c3ccccc23)CC1,Amidation,,,,,,,,,,
C116077,1,,,,Cc1cccn2cc(C(=O)O)nc12,CC(C)(CN)n1ccnc1,Cc1cccn2cc(C(=O)NCC(C)(C)n3ccnc3)nc12,Amidation,,,,,,,,,,
C12922,1,,,,CC(=O)NCC1CCCCN1,O=C(O)c1ccc2c(c1)CNC2,CC(=O)NCC1CCCCN1C(=O)c1ccc2c(c1)CNC2,Amidation,,,,,,,,,,
C53652,1,,,,O=C(O)c1cnn2c1CNCC2,COc1ccc(CN)nc1,COc1ccc(CNC(=O)c2cnn3c2CNCC3)nc1,Amidation,,,,,,,,,,
C3773,1,,,,O=C(O)c1cnc2ccccn12,Nc1cccc(-c2c[nH]cn2)c1,O=C(Nc1cccc(-c2c[nH]cn2)c1)c1cnc2ccccn12,Amidation,,,,,,,,,,
C3324,1,,,,O=C(O)c1ccc(-c2nc[nH]n2)nc1,NCc1ccncn1,O=C(NCc1ccncn1)c1ccc(-c2nc[nH]n2)nc1,Amidation,,,,,,,,,,
C2106,1,,,,O=C(O)c1cccc2cccnc12,Nc1ccc(-c2nc3ccccc3[nH]2)cc1,O=C(Nc1ccc(-c2nc3ccccc3[nH]2)cc1)c1cccc2cccnc12,Amidation,,,,,,,,,,
C13043,1,,,,C1CC2(C1)CNC2,O=C(O)c1ccc(-c2ccccn2)nc1,O=C(c1ccc(-c2ccccn2)nc1)N1CC2(CCC2)C1,Amidation,,,,,,,,,,
C4318,1,,,,O=C(O)Cc1cn2ccccc2n1,CC(C)c1ncsc1N,CC(C)c1ncsc1NC(=O)Cc1cn2ccccc2n1,Amidation,,,,,,,,,,
C1899,1,,,,CCCO,O=C(NCc1ccc2c(c1)CNC2)c1ccccn1,CCCN1Cc2ccc(CNC(=O)c3ccccn3)cc2C1,Mitsunobu_reaction_with_amine_alcohol_and_thioalcohol,,,,,,,,,,
C49916,1,,,,N,OB(O)c1ccc2[nH]cnc2c1,CC(C(N)c1ccc2[nH]cnc2c1)N1CCNCC1,Petasis-borono_Mannich_reaction,,,CC(C=O)N1CCNCC1,,,,,,,
C117036,1,,,,c1cnnc(N2CCNCC2)c1,CCOC(=O)c1nnc2ccccn12,O=C(c1nnc2ccccn12)N1CCN(c2cccnn2)CC1,Ester_amidation,,,,,,,,,,
C17150,1,,,,NCCc1nc2ccccc2[nH]1,O=C(O)C1CC1c1c[nH]cn1,O=C(NCCc1nc2ccccc2[nH]1)C1CC1c1c[nH]cn1,Amidation,,,,,,,,,,
C13423,1,,,,O=C(O)c1ccncc1,CNc1nc2c(Cl)cccc2s1,CN(C(=O)c1ccncc1)c1nc2c(Cl)cccc2s1,Amidation,,,,,,,,,,
C5783,1,,,,OCCNc1ccccn1,Nc1ccc2cccc(Cl)c2n1,Clc1cccc2ccc(NCCNc3ccccn3)nc12,Mitsunobu_reaction_with_amine_alcohol_and_thioalcohol,,,,,,,,,,
C114282,1,,,,O=C(O)C1CCCNC1,NCC1CCCC(=O)N1,O=C1CCCC(CNC(=O)C2CCCNC2)N1,Amidation,,,,,,,,,,
C57127,1,,,,O=C(O)C(=O)NCc1nnc2ccccn12,CCc1csc(N)n1,CCc1csc(NC(=O)C(=O)NCc2nnc3ccccn23)n1,Amidation,,,,,,,,,,
C114937,1,,,,NCCc1cccs1,CC(=O)CCCc1cccnc1,CC(CCCc1cccnc1)NCCc1cccs1,Reductive_amination,,,,,,,,,,
C7556,1,,,,N,Clc1ncc(CSc2ncnc3ccccc23)s1,Nc1ncc(CSc2ncnc3ccccc23)s1,N-nucleophilic_aromatic_substitution,,,,,,,,,,
C4737,1,,,,c1c[nH]c(C2CCCCN2)n1,OCc1cnn2c1CNCC2,c1c[nH]c(C2CCCCN2Cc2cnn3c2CNCC3)n1,Mitsunobu_reaction_with_amine_alcohol_and_thioalcohol,,,,,,,,,,
C5045,1,,,,O=C(O)CCc1c[nH]cn1,CCC(CC)NC(=O)CN1CCC(N)CC1,CCC(CC)NC(=O)CN1CCC(NC(=O)CCc2c[nH]cn2)CC1,Amidation,,,,,,,,,,
C13857,1,,,,OB(O)c1ncc[nH]1,O=CCO,OCC(NCc1ccnc2c(Br)cccc12)c1ncc[nH]1,Petasis-borono_Mannich_reaction,,,NCc1ccnc2c(Br)cccc12,,,,,,,
C10062,1,,,,O=C(O)CCC(=O)c1ccncc1,NC1CCCN(c2ncccn2)C1,O=C(CCC(=O)c1ccncc1)NC1CCCN(c2ncccn2)C1,Amidation,,,,,,,,,,
C4958,1,,,,O=C(O)Cc1cccc2cccnc12,CC(C)C(=O)N1CC2C(CN)C2C1,CC(C)C(=O)N1CC2C(CNC(=O)Cc3cccc4cccnc34)C2C1,Amidation,,,,,,,,,,
C56830,1,,,,CN1C(=O)CCCC1C(=O)O,CC(O)c1nc2ccccc2[nH]1,CC(OC(=O)C1CCCC(=O)N1C)c1nc2ccccc2[nH]1,Steglich_esterification,,,,,,,,,,
C56123,1,,,,O=C(O)CCc1ncc[nH]1,CC(C)CC(CN)NC(=O)c1cn[nH]c1,CC(C)CC(CNC(=O)CCc1ncc[nH]1)NC(=O)c1cn[nH]c1,Amidation,,,,,,,,,,
C7584,1,,,,O=C1CC2NCCC2N1Cc1cncs1,Brc1ncc2ccccc2n1,O=C1CC2C(CCN2c2ncc3ccccc3n2)N1Cc1cncs1,N-nucleophilic_aromatic_substitution,,,,,,,,,,
C7519,1,,,,OCc1cncs1,O=C(O)COc1ncnc2ccccc12,O=C(COc1ncnc2ccccc12)OCc1cncs1,Steglich_esterification,,,,,,,,,,
C2694,1,,,,Nc1ccnn1C1CCCC1,NNC(=O)c1cccc2cccnc12,O=C(NNC(=O)c1cccc2cccnc12)Nc1ccnn1C1CCCC1,Formation_of_urea_from_two_amines,,,,,,,,,,
C10065,1,,,,c1cc(C2CCCNCC2)ccn1,O=C(O)CCc1cncnc1,O=C(CCc1cncnc1)N1CCCC(c2ccncc2)CC1,Amidation,,,,,,,,,,
C116294,1,,,,Nc1ccccc1Cn1ccnc1,CC(O)C(=O)O,CC(O)C(=O)Nc1ccccc1Cn1ccnc1,Amidation,,,,,,,,,,
C111696,1,,,,c1c[nH]c(C2CCCNC2)n1,NC(=O)C(O)(CBr)c1ccccc1,NC(=O)C(O)(CN1CCCC(c2ncc[nH]2)C1)c1ccccc1,Amine_alkylation,,,,,,,,,,
C114112,1,,,,c1n[nH]cc1C1CNCCN1,Cn1cnc(Br)cc1=O,Cn1cnc(N2CCNC(c3cn[nH]c3)C2)cc1=O,N-nucleophilic_aromatic_substitution,,,,,,,,,,
C14145,1,,,,OCc1cscn1,CC(N)C(C)NC(=O)c1ccnn1C1CCCC1,CC(NCc1cscn1)C(C)NC(=O)c1ccnn1C1CCCC1,Mitsunobu_reaction_with_amine_alcohol_and_thioalcohol,,,,,,,,,,
C56919,1,,,,NCc1nccc2ccccc12,Clc1ncc(C2CCOC2)s1,c1ccc2c(CNc3ncc(C4CCOC4)s3)nccc2c1,N-nucleophilic_aromatic_substitution,,,,,,,,,,
C8328,1,,,,Ic1cc2ccccc2[nH]1,CC1(C)OB(c2ccccn2)OC1(C)C,c1ccc(-c2cc3ccccc3[nH]2)nc1,Sp2-sp2_Suzuki_coupling,,,,,,,,,,
C15195,1,,,,NC(=O)C1CCCNC1,Cc1ccc(B(O)O)c2cccnc12,Cc1ccc(NC(=O)C2CCCNC2)c2cccnc12,"Chan-Lam_coupling_of_amides,_sulfonamides,_and_imides",,,,,,,,,,
C51683,1,,,,ClCc1ccncc1,CN1CCC(=O)CC1,CN1CCC(=O)C(Cc2ccncc2)C1,Alpha_alkylation_of_ketone,,,,,,,,,,
C5492,1,,,,O=C(O)Cc1scnc1-c1ccccc1,CNCC1CCCNC1,CN(CC1CCCNC1)C(=O)Cc1scnc1-c1ccccc1,Amidation,,,,,,,,,,
C10523,1,,,,O=C(O)c1ccc2ccccc2n1,CCOC(=O)Cc1cnc(NC)s1,CCOC(=O)Cc1cnc(N(C)C(=O)c2ccc3ccccc3n2)s1,Amidation,,,,,,,,,,
C56798,1,,,,O=Cc1cnc(C2CCC2)s1,NCc1cccc2[nH]ccc12,c1cc(CNCc2cnc(C3CCC3)s2)c2cc[nH]c2c1,Reductive_amination,,,,,,,,,,
C48463,1,,,,O=C(O)c1ccn2ccnc2c1,Cc1ccc(CCN)cn1,Cc1ccc(CCNC(=O)c2ccn3ccnc3c2)cn1,Amidation,,,,,,,,,,
C49351,1,,,,NCC1CCCNC1,CCOC(=O)C(=O)NCCc1c[nH]c2ccccc12,O=C(NCCc1c[nH]c2ccccc12)C(=O)NCC1CCCNC1,Ester_amidation,,,,,,,,,,
C11370,1,,,,NCc1ccc(N2CCCC2)nc1,COC(=O)Cc1c[nH]c2ccccc12,O=C(Cc1c[nH]c2ccccc12)NCc1ccc(N2CCCC2)nc1,Ester_amidation,,,,,,,,,,
C52810,1,,,,CC(CN)NC(=O)Cc1cncs1,CC(C)C(C(=O)O)n1ccnc1,CC(CNC(=O)C(C(C)C)n1ccnc1)NC(=O)Cc1cncs1,Amidation,,,,,,,,,,
C9466,1,,,,CC(=O)NC(C)C1CCNCC1,CC(=Cc1cccnc1)C(=O)O,CC(=O)NC(C)C1CCN(C(=O)C(C)=Cc2cccnc2)CC1,Amidation,,,,,,,,,,
C116770,1,,,,Cn1cc(N)cn1,O=C(O)CCc1cnc2ccccc2c1,Cn1cc(NC(=O)CCc2cnc3ccccc3c2)cn1,Amidation,,,,,,,,,,
C784,1,,,,Nc1ccnc2ccccc12,CCc1ccnc(C(=O)O)c1,CCc1ccnc(C(=O)Nc2ccnc3ccccc23)c1,Amidation,,,,,,,,,,
C13867,1,,,,NCCc1ncc[nH]1,Nc1nc2ccccc2cc1C(=O)O,Nc1nc2ccccc2cc1C(=O)NCCc1ncc[nH]1,Amidation,,,,,,,,,,
C113667,1,,,,c1ccc2c(C3CCNC3)ncnc2c1,Brc1ccc(I)nc1,Brc1ccc(N2CCC(c3ncnc4ccccc34)C2)nc1,N-nucleophilic_aromatic_substitution,,,,,,,,,,
C10166,1,,,,O=C(O)c1cnn2c1CNCC2,Cn1ccnc1C(N)C(F)(F)F,Cn1ccnc1C(NC(=O)c1cnn2c1CNCC2)C(F)(F)F,Amidation,,,,,,,,,,
C111176,1,,,,c1cnc2ccc(CN3CCNCC3)cc2c1,COCC(OC)C(=O)O,COCC(OC)C(=O)N1CCN(Cc2ccc3ncccc3c2)CC1,Amidation,,,,,,,,,,
C13863,1,,,,COc1cnc2ccccc2c1C(=O)O,CNc1ncc[nH]1,COc1cnc2ccccc2c1C(=O)N(C)c1ncc[nH]1,Amidation,,,,,,,,,,
C1906,1,,,,CNc1ccc2c(c1)CNC2,O=Cc1ccccn1,CNc1ccc2c(c1)CN(Cc1ccccn1)C2,Reductive_amination,,,,,,,,,,
C2362,1,,,,c1ccc2[nH]c(NCc3nnc(-c4ccncc4)[nH]3)nc2c1,,c1cc(-c2nnc(CNC3=NC4CCCCC4N3)[nH]2)ccn1,Hydrogenation_of_benzene,,,,,,,,,,
C7126,1,,,,c1c(C2CC2)nn2c1CNCC2,CNCc1ncc[nH]1,CN(Cc1ncc[nH]1)C(=O)N1CCn2nc(C3CC3)cc2C1,Formation_of_urea_from_two_amines,,,,,,,,,,
C117950,1,,,,CC(=O)O,NCC12CC(NC(=O)CCC3CCCCO3)(CO1)C2,CC(=O)NCC12CC(NC(=O)CCC3CCCCO3)(CO1)C2,Amidation,,,,,,,,,,
C1434,1,,,,O=Cc1ccc2c(c1)CNC2,Cc1cc(N)ccn1,Cc1cc(NCc2ccc3c(c2)CNC3)ccn1,Reductive_amination,,,,,,,,,,
C5856,1,,,,NCc1ccnc(C(=O)O)c1,COCCC(N)c1cccnc1,COCCC(NC(=O)c1cc(CN)ccn1)c1cccnc1,Amidation,,,,,,,,,,
C4933,1,,,,O=C(O)Cc1cccc2cccnc12,CCOC1(CN)CCC1,CCOC1(CNC(=O)Cc2cccc3cccnc23)CCC1,Amidation,,,,,,,,,,
C5381,1,,,,Ic1nc2ccccc2[nH]1,FC(F)(F)c1csc(C2CCNCC2)n1,FC(F)(F)c1csc(C2CCN(c3nc4ccccc4[nH]3)CC2)n1,N-nucleophilic_aromatic_substitution,,,,,,,,,,
C117262,1,,,,NCc1nnc2ccccn12,Clc1nccc(-c2cccnc2)n1,c1cncc(-c2ccnc(NCc3nnc4ccccn34)n2)c1,N-nucleophilic_aromatic_substitution,,,,,,,,,,
C50975,1,,,,CCOC(=O)c1cnn2c1CNCC2,Nc1ccc(N2CCNCC2)cn1,O=C(Nc1ccc(N2CCNCC2)cn1)c1cnn2c1CNCC2,Ester_amidation,,,,,,,,,,
C1728,1,,,,CC(=O)NCc1ccc2c(c1)CNC2,C=C(C(=O)O)C(C)(C)C,C=C(C(=O)N1Cc2ccc(CNC(C)=O)cc2C1)C(C)(C)C,Amidation,,,,,,,,,,
C17250,1,,,,Nc1cn2ccccc2n1,O=C(O)c1csc(-c2ncccn2)n1,O=C(Nc1cn2ccccc2n1)c1csc(-c2ncccn2)n1,Amidation,,,,,,,,,,
C113775,1,,,,CC(C)N,Cc1cc(C)c2nc(Br)sc2c1,Cc1cc(C)c2nc(NC(C)C)sc2c1,N-nucleophilic_aromatic_substitution,,,,,,,,,,
C115462,1,,,,CC(CN)n1c(O)nc2cccc(Cl)c21,COS(C)(=O)=O,CC(CN)n1c(=O)n(C)c2cccc(Cl)c21,Amine_alkylation,,,,,,,,,,
C10022,1,,,,O=C(O)c1cnc(-c2cccnc2)nc1,NCCCn1ncc2ccccc21,O=C(NCCCn1ncc2ccccc21)c1cnc(-c2cccnc2)nc1,Amidation,,,,,,,,,,
C15241,1,,,,COc1nc2ccccc2cc1Br,CC(O)C1CCCNC1,COc1nc2ccccc2cc1C(C)C1CCCNC1,Sp3-sp2_Macmillan_coupling_alcohol_and_aryl_halide,,,,,,,,,,
C14982,1,,,,O=C(O)CCN1CCNCC1,NCc1nc(-c2ccccn2)n[nH]1,O=C(CCN1CCNCC1)NCc1nc(-c2ccccn2)n[nH]1,Amidation,,,,,,,,,,
C114072,1,,,,CC(CC(=O)O)n1cccn1,CC(C)(C)CCN1CCNCC1,CC(CC(=O)N1CCN(CCC(C)(C)C)CC1)n1cccn1,Amidation,,,,,,,,,,
C5831,1,,,,Nc1cc(-c2cccnc2)ccn1,CC(CN)c1ccsc1,CC(CNC(=O)Nc1cc(-c2cccnc2)ccn1)c1ccsc1,Formation_of_urea_from_two_amines,,,,,,,,,,
C14892,1,,,,Nc1ccc2c(c1)CNC2,NC1CCCN(CCO)C1=O,O=C(Nc1ccc2c(c1)CNC2)NC1CCCN(CCO)C1=O,Formation_of_urea_from_two_amines,,,,,,,,,,
C56453,1,,,,CC(Oc1cccnc1)C(=O)NC1CCNC1,O=C(O)CCC(F)F,CC(Oc1cccnc1)C(=O)NC1CCN(C(=O)CCC(F)F)C1,Amidation,,,,,,,,,,
C55811,1,,,,Nc1cccc2ncccc12,CCSc1cccnc1C(=O)O,CCSc1cccnc1C(=O)Nc1cccc2ncccc12,Amidation,,,,,,,,,,
C16770,1,,,,O=C=Nc1ccc2scnc2c1,Cc1csc(C(C)(C)N)n1,Cc1csc(C(C)(C)NC(=O)Nc2ccc3scnc3c2)n1,Isocyanate_to_urea,,,,,,,,,,
C50645,1,,,,NC(C(=O)O)c1cscn1,Nc1ccc2ncc(Cl)n2c1,NC(C(=O)Nc1ccc2ncc(Cl)n2c1)c1cscn1,Amidation,,,,,,,,,,
C49548,1,,,,CCOC(=O)c1cnn2c1CNCC2,NCCc1nnc2ccccn12,O=C(NCCc1nnc2ccccn12)c1cnn2c1CNCC2,Ester_amidation,,,,,,,,,,
C13804,1,,,,OB(O)c1cnn(C2CCNCC2)c1,CCC(C(N)=O)c1ccccc1,CCC(C(=O)Nc1cnn(C2CCNCC2)c1)c1ccccc1,"Chan-Lam_coupling_of_amides,_sulfonamides,_and_imides",,,,,,,,,,
C9007,1,,,,O=C(O)c1ccc2[nH]cnc2c1,NCc1ccc(-n2cnc3ccccc32)nc1,O=C(NCc1ccc(-n2cnc3ccccc32)nc1)c1ccc2[nH]cnc2c1,Amidation,,,,,,,,,,
C5065,1,,,,CNCc1c[nH]cn1,CCOC(=O)CC1CCNCC1,CCOC(=O)CC1CCN(C(=O)N(C)Cc2c[nH]cn2)CC1,Formation_of_urea_from_two_amines,,,,,,,,,,
C11245,1,,,,O=C(NC1CCNCC1)c1ccnc(Cl)c1,CC1(C)OB(C2CC2)OC1(C)C,O=C(NC1CCNCC1)c1ccnc(C2CC2)c1,Sp3-sp2_Suzuki_coupling,,,,,,,,,,
C5866,1,,,,CCC(N)c1ccncc1,C[S+]([O-])c1ccc(N)nc1,CCC(NC(=O)Nc1ccc([S+](C)[O-])cn1)c1ccncc1,Formation_of_urea_from_two_amines,,,,,,,,,,
C9558,1,,,,CC(=O)NC(C)C1CCNCC1,CC(Cc1ccncc1)C(=O)O,CC(=O)NC(C)C1CCN(C(=O)C(C)Cc2ccncc2)CC1,Amidation,,,,,,,,,,
C56430,1,,,,NC1CCOCC12CCCC2,CC(Oc1cccnc1)C(=O)O,CC(Oc1cccnc1)C(=O)NC1CCOCC12CCCC2,Amidation,,,,,,,,,,
C116809,1,,,,O=C1CCC(C(=O)O)CN1,CCCCC(CN)NC(=O)c1cc[nH]n1,CCCCC(CNC(=O)C1CCC(=O)NC1)NC(=O)c1cc[nH]n1,Amidation,,,,,,,,,,
C55296,1,,,,O=C(O)C(F)F,CC(N)C1CCCCN1C(=O)c1cccc2[nH]cnc12,CC(NC(=O)C(F)F)C1CCCCN1C(=O)c1cccc2[nH]cnc12,Amidation,,,,,,,,,,
C9461,1,,,,O=C(O)Cc1cccnc1,CC(N)C1CCN(C(=O)CC#N)CC1,CC(NC(=O)Cc1cccnc1)C1CCN(C(=O)CC#N)CC1,Amidation,,,,,,,,,,
C114044,1,,,,NC(=O)c1ccc2ccccc2n1,Cn1ccnc1I,Cn1ccnc1NC(=O)c1ccc2ccccc2n1,Iodo_N-arylation,,,,,,,,,,
C114014,1,,,,CC(=O)N(C)C1CCNCC1,O=C(O)c1cccc2[nH]c(=O)[nH]c12,CC(=O)N(C)C1CCN(C(=O)c2cccc3[nH]c(=O)[nH]c23)CC1,Amidation,,,,,,,,,,
C10165,1,,,,Ic1cnn2c1CNCC2,Cn1ccnc1CCN,Cn1ccnc1CCNS(=O)(=O)c1cnn2c1CNCC2,Formation_of_sulfonamide_from_halide_-_Shavnya_reaction,,,,,,,,,,
C115508,1,,,,NC1CCCNC1,CC(Oc1ccc(-c2ccccc2)cc1)C(=O)O,CC(Oc1ccc(-c2ccccc2)cc1)C(=O)NC1CCCNC1,Amidation,,,,,,,,,,
C48240,1,,,,CC(=O)NCC1CCCNC1,Brc1nc2ccccc2[nH]1,CC(=O)NCC1CCCN(c2nc3ccccc3[nH]2)C1,N-nucleophilic_aromatic_substitution,,,,,,,,,,
C5694,1,,,,O=C(O)COCc1cccnc1,NC1CC(n2cccn2)C1,O=C(COCc1cccnc1)NC1CC(n2cccn2)C1,Amidation,,,,,,,,,,
C114416,1,,,,COCC(=O)NC12CC(N)(C1)C2,CC(CC(=O)O)c1cccnc1,COCC(=O)NC12CC(NC(=O)CC(C)c3cccnc3)(C1)C2,Amidation,,,,,,,,,,
C8113,1,,,,NCc1ncc[nH]1,CC(=O)NCc1ccc(C(=O)O)o1,CC(=O)NCc1ccc(C(=O)NCc2ncc[nH]2)o1,Amidation,,,,,,,,,,
C15916,1,,,,O=C(O)C(F)C1CCNCC1,NCCN1Cc2ccccc2C1,O=C(NCCN1Cc2ccccc2C1)C(F)C1CCNCC1,Amidation,,,,,,,,,,
C15347,1,,,,NCCOc1cccc2cccnc12,Cn1ccc2ccc(C(=O)O)cc21,Cn1ccc2ccc(C(=O)NCCOc3cccc4cccnc34)cc21,Amidation,,,,,,,,,,
C116358,1,,,,O=C(O)CCc1cscn1,CC(O)C(=O)NC1CC(CCN)C1,CC(O)C(=O)NC1CC(CCNC(=O)CCc2cscn2)C1,Amidation,,,,,,,,,,
C56096,1,,,,O=C(O)Cn1cccn1,Cc1c[nH]c(C(=O)NC(C)CC(C)N)n1,Cc1c[nH]c(C(=O)NC(C)CC(C)NC(=O)Cn2cccn2)n1,Amidation,,,,,,,,,,
C113525,1,,,,NCc1ccc(-n2cnc3ccccc32)nc1,O=C(O)CC1CCCC1,O=C(CC1CCCC1)NCc1ccc(-n2cnc3ccccc32)nc1,Amidation,,,,,,,,,,
C8017,1,,,,O=C(CCCF)N1CCC(CO)CC1,NCc1cccc2cccnc12,O=C(CCCF)N1CCC(CNCc2cccc3cccnc23)CC1,Mitsunobu_reaction_with_amine_alcohol_and_thioalcohol,,,,,,,,,,
C13322,1,,,,O=C(O)COc1cccnc1,CC(N)CNc1nc2ccccc2s1,CC(CNc1nc2ccccc2s1)NC(=O)COc1cccnc1,Amidation,,,,,,,,,,
C50342,1,,,,Ic1ccnc2ccccc12,CC1(C)OB(c2n[nH]cc2C(F)(F)F)OC1(C)C,FC(F)(F)c1c[nH]nc1-c1ccnc2ccccc12,Sp2-sp2_Suzuki_coupling,,,,,,,,,,
C1219,1,,,,O=C(O)CCc1cncs1,c1cc(C2NCC23CCC3)ccn1,O=C(CCc1cncs1)N1CC2(CCC2)C1c1ccncc1,Amidation,,,,,,,,,,
C12612,1,,,,CNC(C)C,CC(CN)c1csc(Br)n1,CC(CN)c1csc(N(C)C(C)C)n1,N-nucleophilic_aromatic_substitution,,,,,,,,,,
C4569,1,,,,c1cnc(C2CCCN2)nc1,O=C(CCl)NCC1CCCNC1,O=C(CN1CCCC1c1ncccn1)NCC1CCCNC1,Amine_alkylation,,,,,,,,,,
C15701,1,,,,O=C(O)Cn1cccn1,CCCC(CC)C(=O)N1CCC(C(C)N)CC1,CCCC(CC)C(=O)N1CCC(C(C)NC(=O)Cn2cccn2)CC1,Amidation,,,,,,,,,,
C48454,1,,,,Nc1ccn2ccnc2c1,CCc1cnccc1C(C)N,CCc1cnccc1C(C)NC(=O)Nc1ccn2ccnc2c1,Formation_of_urea_from_two_amines,,,,,,,,,,
C56508,1,,,,Nc1csc(-c2ccncc2)n1,CC(O)(C(=O)O)C1CCOC1,CC(O)(C(=O)Nc1csc(-c2ccncc2)n1)C1CCOC1,Amidation,,,,,,,,,,
C10394,1,,,,OCc1cc2ccccc2nc1I,NCCc1cn2ccccc2n1,OCc1cc2ccccc2nc1NCCc1cn2ccccc2n1,N-nucleophilic_aromatic_substitution,,,,,,,,,,
C775,1,,,,Ic1ccc(C2CC2)nc1,CC1(C)OB(c2ccnc3ccccc23)OC1(C)C,c1ccc2c(-c3ccc(C4CC4)nc3)ccnc2c1,Sp2-sp2_Suzuki_coupling,,,,,,,,,,
C111665,1,,,,O=C(CO)NC1CCN(C(=O)CSC(F)F)C1,BrCc1c[nH]cn1,O=C(NC1CCN(C(=O)CSC(F)F)C1)C(O)Cc1c[nH]cn1,Alpha_alkylation_of_ester/amide,,,,,,,,,,
C9579,1,,,,CON=CC(=O)O,c1cc(-c2csc(C3CCNCC3)n2)ccn1,CON=CC(=O)N1CCC(c2nc(-c3ccncc3)cs2)CC1,Amidation,,,,,,,,,,
C15616,1,,,,CC(CN)N1CCc2sccc2C1,O=C(O)c1cccnc1S,CC(CNC(=O)c1cccnc1S)N1CCc2sccc2C1,Amidation,,,,,,,,,,
C3289,1,,,,Nc1ccncn1,O=C(O)c1cccnc1C1CC1,O=C(Nc1ccncn1)c1cccnc1C1CC1,Amidation,,,,,,,,,,
C10474,1,,,,COc1cnc2ccccc2c1C(=O)O,CNCc1ccncc1,COc1cnc2ccccc2c1C(=O)N(C)Cc1ccncc1,Amidation,,,,,,,,,,
C9118,1,,,,Cc1cc(F)ccn1,CNC1CCCNC1,Cc1cc(N(C)C2CCCNC2)ccn1,N-nucleophilic_aromatic_substitution,,,,,,,,,,
C12342,1,,,,NCc1cncs1,CC(=O)NCc1ccc(C=O)cc1,CC(=O)NCc1ccc(CNCc2cncs2)cc1,Reductive_amination,,,,,,,,,,
C116793,1,,,,O=C1CCC(C(=O)O)CN1,CC(C)(C(=O)O)n1ccc(N)n1,CC(C)(C(=O)O)n1ccc(NC(=O)C2CCC(=O)NC2)n1,Amidation,,,,,,,,,,
C117836,1,,,,NCC1CC1,CC(CN)c1cn(CC(=O)O)nn1,CC(CN)c1cn(CC(=O)NCC2CC2)nn1,Amidation,,,,,,,,,,
C15706,1,,,,O=C(O)Cn1cccn1,CC(C)CC(=O)N1CCC(C(C)N)CC1,CC(C)CC(=O)N1CCC(C(C)NC(=O)Cn2cccn2)CC1,Amidation,,,,,,,,,,
C15858,1,,,,O=C(O)c1ccc2c(c1)CNC2,OCc1ccc2cccnc2c1,O=C(O)c1ccc2c(c1)CN(Cc1ccc3cccnc3c1)C2,Mitsunobu_reaction_with_amine_alcohol_and_thioalcohol,,,,,,,,,,
C3506,1,,,,O=C(O)C1(c2ccccn2)CC1,CC(CCN)NCc1cscn1,CC(CCNC(=O)C1(c2ccccn2)CC1)NCc1cscn1,Amidation,,,,,,,,,,
C3693,1,,,,O=C(O)CCc1c[nH]cn1,NCc1nnc(-c2ccncc2)[nH]1,O=C(CCc1c[nH]cn1)NCc1nnc(-c2ccncc2)[nH]1,Amidation,,,,,,,,,,
C50104,1,,,,O=C(O)CC1CCC(=O)NC1,Cc1cc(C(C)N)ccn1,Cc1cc(C(C)NC(=O)CC2CCC(=O)NC2)ccn1,Amidation,,,,,,,,,,
C56396,1,,,,O=C(O)COc1cccc2cccnc12,CNC1CCN(c2ncnc3ccccc23)CC1,CN(C(=O)COc1cccc2cccnc12)C1CCN(c2ncnc3ccccc23)CC1,Amidation,,,,,,,,,,
C116066,1,,,,O=C(O)CCCn1ccnc1,NCc1nc2ccccn2c1Br,O=C(CCCn1ccnc1)NCc1nc2ccccn2c1Br,Amidation,,,,,,,,,,
C113623,1,,,,Ic1cnn2c1CNCC2,Cc1nccc(CS)n1,Cc1nccc(CSc2cnn3c2CNCC3)n1,S-nucleophilic_aromatic_substitution,,,,,,,,,,
C6213,1,,,,CC(C)Cc1nc(C(=O)O)cs1,CC(O)c1nc2ccccc2[nH]1,CC(C)Cc1nc(C(=O)OC(C)c2nc3ccccc3[nH]2)cs1,Steglich_esterification,,,,,,,,,,
C15765,1,,,,O=C(O)Cc1cn[nH]c1,CCCN(C)CC(=O)NC1CCCNC1,CCCN(C)CC(=O)NC1CCCN(C(=O)Cc2cn[nH]c2)C1,Amidation,,,,,,,,,,
C116156,1,,,,O=C(O)c1cc2c(s1)CCNC2,COCC(N)c1ccccn1,COCC(NC(=O)c1cc2c(s1)CCNC2)c1ccccn1,Amidation,,,,,,,,,,
C8033,1,,,,O=C(O)CO,CC(N)C1CCCCN1C(=O)c1cccc2cccnc12,CC(NC(=O)CO)C1CCCCN1C(=O)c1cccc2cccnc12,Amidation,,,,,,,,,,
C5838,1,,,,CNCc1ccccn1,O=C(NCCO)c1cccnc1,CN(CCNC(=O)c1cccnc1)Cc1ccccn1,Mitsunobu_reaction_with_amine_alcohol_and_thioalcohol,,,,,,,,,,
C116610,1,,,,O=C1NCCCC1CCO,N#CCc1cccc2cccnc12,O=C(Cc1cccc2cccnc12)OCCC1CCCNC1=O,Pinner_reaction_(carboxylate_ester),,,,,,,,,,
C698,1,,,,O=C(O)c1cncnc1,Cc1ncsc1C(=O)NC(C)(C)CCN,Cc1ncsc1C(=O)NC(C)(C)CCNC(=O)c1cncnc1,Amidation,,,,,,,,,,
C117748,1,,,,O=C(O)CCc1cnc2ccccc2c1,CCn1cncc1CO,CCn1cncc1COC(=O)CCc1cnc2ccccc2c1,Steglich_esterification,,,,,,,,,,
C1737,1,,,,CC(=O)NCc1ccc2c(c1)CNC2,C=C(COC)C(=O)O,C=C(COC)C(=O)N1Cc2ccc(CNC(C)=O)cc2C1,Amidation,,,,,,,,,,
C115821,1,,,,CC(=O)NCC1CCCNC1,Brc1ccc2ncsc2c1,CC(=O)NCC1CCCN(S(=O)(=O)c2ccc3ncsc3c2)C1,Formation_of_sulfonamide_from_halide_-_Shavnya_reaction,,,,,,,,,,
C5850,1,,,,COCCC(N)c1cccnc1,O=C(O)c1ncccc1Br,COCCC(NC(=O)c1ncccc1Br)c1cccnc1,Amidation,,,,,,,,,,
C51739,1,,,,c1ccc2c(C3CCNCC3)c[nH]c2c1,CC(=O)NC(C)(C(=O)O)C(C)C,CC(=O)NC(C)(C(=O)N1CCC(c2c[nH]c3ccccc23)CC1)C(C)C,Amidation,,,,,,,,,,
C15684,1,,,,CC(NC(=O)Cn1cccn1)C1CCNCC1,CCC(CO)OC,CCC(CN1CCC(C(C)NC(=O)Cn2cccn2)CC1)OC,Mitsunobu_reaction_with_amine_alcohol_and_thioalcohol,,,,,,,,,,
C4139,1,,,,CC(C)S(=O)(=O)c1ccc2nccc(Cl)c2c1,CC(=O)NCC1CNCCO1,CC(=O)NCC1CN(c2ccnc3ccc(S(=O)(=O)C(C)C)cc23)CCO1,N-nucleophilic_aromatic_substitution,,,,,,,,,,
C10191,1,,,,O=C(O)Cc1cscn1,COc1ccc2cccnc2c1CN,COc1ccc2cccnc2c1CNC(=O)Cc1cscn1,Amidation,,,,,,,,,,
C5187,1,,,,O=C(O)c1csc(-c2ncc[nH]2)n1,CCC(N)C(C)O,CCC(NC(=O)c1csc(-c2ncc[nH]2)n1)C(C)O,Amidation,,,,,,,,,,
C7475,1,,,,NCC1CCCNC1,O=C(O)Cc1nc(-c2ccccc2)cs1,O=C(Cc1nc(-c2ccccc2)cs1)NCC1CCCNC1,Amidation,,,,,,,,,,
C3291,1,,,,NCc1ccncn1,NCc1ccnc(C2CC2)c1,O=C(NCc1ccnc(C2CC2)c1)NCc1ccncn1,Formation_of_urea_from_two_amines,,,,,,,,,,
C55804,1,,,,O=C(O)c1cccc2ncccc12,CC(N)c1ccncc1,CC(NC(=O)c1cccc2ncccc12)c1ccncc1,Amidation,,,,,,,,,,
C3232,1,,,,O=S(=O)(Oc1ccccn1)C(F)(F)F,CC1(C)OB(c2cncnc2)OC1(C)C,c1ccc(-c2cncnc2)nc1,Sp2-sp2_Suzuki_coupling,,,,,,,,,,
C47682,1,,,,NCc1cn2ccccc2n1,CC(=O)N1CCC(CO)CC1,CC(=O)N1CCC(CNCc2cn3ccccc3n2)CC1,Mitsunobu_reaction_with_amine_alcohol_and_thioalcohol,,,,,,,,,,
C8622,1,,,,CC(C)(N)CO,O=C(O)c1ccnc2c(C(F)(F)F)cccc12,CC(C)(CO)NC(=O)c1ccnc2c(C(F)(F)F)cccc12,Amidation,,,,,,,,,,
C14536,1,,,,CC1NCc2ccccc21,CC(C)(C(=O)O)c1cncnc1,CC1c2ccccc2CN1C(=O)C(C)(C)c1cncnc1,Amidation,,,,,,,,,,
C621,1,,,,Nc1ccccc1OCCF,CCC(=O)c1ccncc1,CCC(Nc1ccccc1OCCF)c1ccncc1,Reductive_amination,,,,,,,,,,
C14716,1,,,,CC(=O)NCC1CCCN1,O=C(O)c1cccc2[nH]ccc12,CC(=O)NCC1CCCN1C(=O)c1cccc2[nH]ccc12,Amidation,,,,,,,,,,
C4074,1,,,,NC(=O)c1cccc2cccnc12,Ic1ccc2ncccc2c1,O=C(Nc1ccc2ncccc2c1)c1cccc2cccnc12,Iodo_N-arylation,,,,,,,,,,
C2607,1,,,,O=C(O)CC1CCCS1(=O)=O,NCc1cccnc1,O=C(CC1CCCS1(=O)=O)NCc1cccnc1,Amidation,,,,,,,,,,
C13057,1,,,,O=C(O)c1ccc2nc(C(F)(F)F)cn2c1,CNc1ccccn1,CN(C(=O)c1ccc2nc(C(F)(F)F)cn2c1)c1ccccn1,Amidation,,,,,,,,,,
C10072,1,,,,O=C1CNCCN1c1ncccn1,CN(CCC(=O)O)c1ccncc1,CN(CCC(=O)N1CCN(c2ncccn2)C(=O)C1)c1ccncc1,Amidation,,,,,,,,,,
C6047,1,,,,O=C(O)CC1CCNCC1F,NCc1ncccn1,O=C(CC1CCNCC1F)NCc1ncccn1,Amidation,,,,,,,,,,
C4344,1,,,,O=C(O)c1ccn2ccnc2c1,CCOC(=O)c1csc(N)n1,CCOC(=O)c1csc(NC(=O)c2ccn3ccnc3c2)n1,Amidation,,,,,,,,,,
C15313,1,,,,NCCc1cccc2cccnc12,Cc1cccn2cc(CC(=O)O)nc12,Cc1cccn2cc(CC(=O)NCCc3cccc4cccnc34)nc12,Amidation,,,,,,,,,,
C4755,1,,,,OCc1cnn2c1CNCC2,CCCN1CCCCC1CN,CCCN1CCCCC1CNCc1cnn2c1CNCC2,Mitsunobu_reaction_with_amine_alcohol_and_thioalcohol,,,,,,,,,,
C13921,1,,,,O=C(O)C=Cc1c[nH]cn1,Cc1ccc2cccc(N)c2n1,Cc1ccc2cccc(NC(=O)C=Cc3c[nH]cn3)c2n1,Amidation,,,,,,,,,,
C5682,1,,,,O=C(O)CCCn1cccn1,COCC(=O)NC1C2CNCC1C2,COCC(=O)NC1C2CC1CN(C(=O)CCCn1cccn1)C2,Amidation,,,,,,,,,,
C453,1,,,,O=C(O)C=Cc1cccnc1,NCC(=O)N1CCc2sccc2C1,O=C(C=Cc1cccnc1)NCC(=O)N1CCc2sccc2C1,Amidation,,,,,,,,,,
C9337,1,,,,O=C(O)CCn1cnc2ccccc21,Cc1csc(CN)n1,Cc1csc(CNC(=O)CCn2cnc3ccccc32)n1,Amidation,,,,,,,,,,
C13206,1,,,,OCCOCCN1CCNCC1,CC(C)(C(=O)O)c1c[nH]cn1,CC(C)(C(=O)N1CCN(CCOCCO)CC1)c1c[nH]cn1,Amidation,,,,,,,,,,
C355,1,,,,c1cn(C2CCCNC2)cn1,COC(=O)COS(=O)(=O)C(F)(F)F,COC(=O)Cc1nccn1C1CCCNC1,Imidazole_C-2_alkylation,,,,,,,,,,
C3418,1,,,,O=C(O)CCc1ccncn1,Cc1cc(N)cn2ccnc12,Cc1cc(NC(=O)CCc2ccncn2)cn2ccnc12,Amidation,,,,,,,,,,
C9997,1,,,,NCCCO,Clc1cc(NCc2cccnc2)ncn1,OCCCNc1cc(NCc2cccnc2)ncn1,Buchwald-Hartwig_amination,,,,,,,,,,
C3381,1,,,,O=C(O)c1ccn2ccnc2c1,CN(C(=O)c1ccncn1)C(CN)C1CC1,CN(C(=O)c1ccncn1)C(CNC(=O)c1ccn2ccnc2c1)C1CC1,Amidation,,,,,,,,,,
C2977,1,,,,Nc1cccnc1C1CC1,COCC(=O)O,COCC(=O)Nc1cccnc1C1CC1,Amidation,,,,,,,,,,
C5811,1,,,,COc1ccc2cccnc2c1CN,O=S(=O)(Cl)c1ccccn1,COc1ccc2cccnc2c1CNS(=O)(=O)c1ccccn1,Sulfonamide_Schotten-Baumann_with_amine_(intermolecular),,,,,,,,,,
C6960,1,,,,CCCCC(=O)NCC1CCNCC1,OCc1cscn1,CCCCC(=O)NCC1CCN(Cc2cscn2)CC1,Mitsunobu_reaction_with_amine_alcohol_and_thioalcohol,,,,,,,,,,
C7211,1,,,,NCCCC1CCCN1,OC1CCC(C2CCNCC2)CC1,C1CNC(CCCNC2CCC(C3CCNCC3)CC2)C1,Mitsunobu_reaction_with_amine_alcohol_and_thioalcohol,,,,,,,,,,
C12880,1,,,,O=C(O)c1cccs1,Nc1ccc(Cl)c2ncccc12,O=C(Nc1ccc(Cl)c2ncccc12)c1cccs1,Amidation,,,,,,,,,,
C9828,1,,,,Nc1c[nH]cn1,CCC(=O)O,CCC(=O)Nc1cnc[nH]1,Amidation,,,,,,,,,,
C3955,1,,,,CNC(=O)c1cccc2cccnc12,CCOC(=O)c1csc(S(C)(=O)=O)n1,CCOC(=O)c1csc(N(C)C(=O)c2cccc3cccnc23)n1,Nucleophilic_aromatic_substitution_(methylsulfone),,,,,,,,,,
C5763,1,,,,O=C(O)c1cccc2ncccc12,NC(=O)C(N)c1ccccn1,NC(=O)C(NC(=O)c1cccc2ncccc12)c1ccccn1,Amidation,,,,,,,,,,
C13957,1,,,,FCCCC1CCNCC1,Brc1ccnc(-c2ccccn2)n1,FCCCC1CCN(c2ccnc(-c3ccccn3)n2)CC1,N-nucleophilic_aromatic_substitution,,,,,,,,,,
C3045,1,,,,COCC(=O)NC1CCNC1,O=C(O)c1ccn2ccnc2c1,COCC(=O)NC1CCN(C(=O)c2ccn3ccnc3c2)C1,Amidation,,,,,,,,,,
C15412,1,,,,NC(=NO)c1ccc(-n2cnc3ccccc32)nc1,COC(=O)c1ccc2ccccc2n1,c1ccc2nc(-c3nc(-c4ccc(-n5cnc6ccccc65)nc4)no3)ccc2c1,"1,2,4-Oxadiazole_synthesis_(amidoxime_+_carboxylate)",,,,,,,,,,
C15459,1,,,,CN(C)CCn1c(=O)[nH]c2ccc(C(=O)O)cc21,NCc1ncc[nH]1,CN(C)CCn1c(=O)[nH]c2ccc(C(=O)NCc3ncc[nH]3)cc21,Amidation,,,,,,,,,,
C2771,1,,,,O=[N+]([O-])c1ccc2c(c1)CNC2,CC(C)CC(C(=O)O)n1ccnc1,CC(C)CC(C(=O)N1Cc2ccc([N+](=O)[O-])cc2C1)n1ccnc1,Amidation,,,,,,,,,,
C2648,1,,,,O=C(O)CC(=O)NCc1ccncc1,ClCc1cscn1,O=C(Cc1nc(CCl)cs1)NCc1ccncc1,Minisci_reaction_with_carboxylic_acid_(intermolecular),,,,,,,,,,
C6746,1,,,,Clc1nccc(-n2cccn2)n1,CC(C)(CN)OC(F)F,CC(C)(CNc1nccc(-n2cccn2)n1)OC(F)F,N-nucleophilic_aromatic_substitution,,,,,,,,,,
C11375,1,,,,O=C(O)Cc1ccc(Cl)nc1,NNC(=O)c1c[nH]c2ccccc12,O=C(Cc1ccc(Cl)nc1)NNC(=O)c1c[nH]c2ccccc12,Carboxylic_acid_+_hydrazine_condensation,,,,,,,,,,
C13096,1,,,,O=C(O)c1cn2ccccc2n1,CN(C(=O)c1ccccn1)C(CN)C1CC1,CN(C(=O)c1ccccn1)C(CNC(=O)c1cn2ccccc2n1)C1CC1,Amidation,,,,,,,,,,
C14036,1,,,,COCC(N)=O,Clc1ccc(-c2noc(-c3ccn[nH]3)n2)cc1,COCC(=O)Nc1ccc(-c2noc(-c3ccn[nH]3)n2)cc1,Buchwald-Hartwig_amidation_with_amide-like_nucleophile,,,,,,,,,,
C8333,1,,,,O=C(O)c1ccc2[nH]ccc2c1,CC(CN)(NC(=O)c1ccccn1)C1CC1,CC(CNC(=O)c1ccc2[nH]ccc2c1)(NC(=O)c1ccccn1)C1CC1,Amidation,,,,,,,,,,
C2295,1,,,,CC(=O)NCC1CCCNC1,O=C1NCC(C(=O)O)n2nccc21,CC(=O)NCC1CCCN(C(=O)C2CNC(=O)c3ccnn32)C1,Amidation,,,,,,,,,,
C6774,1,,,,CC(CN)n1cccn1,O=C(O)c1cnc(C2CCCN2)nc1,CC(CNC(=O)c1cnc(C2CCCN2)nc1)n1cccn1,Amidation,,,,,,,,,,
C1055,1,,,,c1cc2n(n1)CCNC2,CC(C)(C)OC(=O)Cc1cccnc1,O=C(Cc1cccnc1)N1CCn2nccc2C1,Ester_amidation,,,,,,,,,,
C4500,1,,,,CC(N)CNC(=O)c1ccncc1,CC(C(=O)O)N1CCCCC1=O,CC(CNC(=O)c1ccncc1)NC(=O)C(C)N1CCCCC1=O,Amidation,,,,,,,,,,
C3197,1,,,,O=[N+]([O-])c1ccc2c(c1)CNC2,O=S(=O)(Cl)Cc1cscn1,O=[N+]([O-])c1ccc2c(c1)CN(S(=O)(=O)Cc1cscn1)C2,Sulfonamide_Schotten-Baumann_with_amine_(intermolecular),,,,,,,,,,
C497,1,,,,Nc1ccn2ccnc2c1,CCOC(=O)c1cc2c(s1)CCNC2,O=C(Nc1ccn2ccnc2c1)c1cc2c(s1)CCNC2,Ester_amidation,,,,,,,,,,
C780,1,,,,O=C(O)CCF,NNc1ccnc2ccccc12,FCCc1nc(-c2ccccn2)nn1-c1ccnc2ccccc12,"1,2,4-Triazole_synthesis_from_carboxylic_acid,_amidine,_and_hydrazine",,,N=C(N)c1ccccn1,,,,,,,
C8907,1,,,,NCCNc1ccccn1,CC(C)(C)OC(=O)c1csc(C2CCNCC2)n1,O=C(NCCNc1ccccn1)c1csc(C2CCNCC2)n1,Ester_amidation,,,,,,,,,,
C626,1,,,,CC(CN)c1ccncc1,COCc1ccc(Br)nc1,COCc1ccc(NCC(C)c2ccncc2)nc1,N-nucleophilic_aromatic_substitution,,,,,,,,,,
C3739,1,,,,NCc1ccnc(C2CC2)c1,O=C(O)C(=O)Nc1ncc[nH]1,O=C(NCc1ccnc(C2CC2)c1)C(=O)Nc1ncc[nH]1,Amidation,,,,,,,,,,
C7133,1,,,,OCc1cnn2c1CNCC2,O=C(O)CSCc1ncc[nH]1,O=C(CSCc1ncc[nH]1)N1CCn2ncc(CO)c2C1,Amidation,,,,,,,,,,
C5852,1,,,,COCCC(N)c1cccnc1,O=C(O)c1ccc(Cl)cn1,COCCC(NC(=O)c1ccc(Cl)cn1)c1cccnc1,Amidation,,,,,,,,,,
C359,1,,,,Cn1cnc(C(C)(O)C2CCCNC2)c1,,Cn1cnc(C(C)(F)C2CCCNC2)c1,Hydroxy_to_fluoro,,,,,,,,,,
C13977,1,,,,O=C(O)c1cnc(-c2ccccn2)nc1,NCCCC(=O)O,O=C(O)CCCNC(=O)c1cnc(-c2ccccn2)nc1,Amidation,,,,,,,,,,
C13195,1,,,,CSCCCC(=O)O,CN1CCNCC1c1ncc[nH]1,CSCCCC(=O)N1CCN(C)C(c2ncc[nH]2)C1,Amidation,,,,,,,,,,
C9316,1,,,,c1ccc2[nH]cnc2c1,CS(=O)(=O)Cc1nc(CCl)cs1,CS(=O)(=O)Cc1nc(Cn2cnc3ccccc32)cs1,Amine_alkylation,,,,,,,,,,
C10351,1,,,,COc1ccc2cccnc2c1C(=O)O,CCC(O)c1cccnc1,CCC(OC(=O)c1c(OC)ccc2cccnc12)c1cccnc1,Steglich_esterification,,,,,,,,,,
C2390,1,,,,CCCO,Oc1ncccc1CNC1=NC2CCCCC2N1,CCCOc1ncccc1CNC1=NC2CCCCC2N1,Mitsunobu_aryl_ether_synthesis,,,,,,,,,,
C10247,1,,,,CC(O)C(N)=O,Cc1ccc2c(Br)ccc(O)c2n1,Cc1ccc2c(Br)ccc(OC(C)C(N)=O)c2n1,Mitsunobu_aryl_ether_synthesis,,,,,,,,,,
C15515,1,,,,NCCn1c(=O)[nH]c2ccccc21,Brc1c[nH]cn1,O=c1[nH]c2ccccc2n1CCNS(=O)(=O)c1c[nH]cn1,Formation_of_sulfonamide_from_halide_-_Shavnya_reaction,,,,,,,,,,
C15530,1,,,,CC(=O)O,NCC1CCNC(=O)C1,CC(=O)NCC1CCNC(=O)C1,Amidation,,,,,,,,,,
C9739,1,,,,O=C(O)CN1CCSC2CCCCC21,CCC(=O)NC1(CN)CC1,CCC(=O)NC1(CNC(=O)CN2CCSC3CCCCC32)CC1,Amidation,,,,,,,,,,
C3973,1,,,,C=CC(=O)NCCCOc1cccc2cccnc12,Brc1cscn1,O=C(C=Cc1cscn1)NCCCOc1cccc2cccnc12,Heck_reaction_(intermolecular),,,,,,,,,,
C9743,1,,,,O=c1[nH]nc(Br)s1,CCC(=O)NC1CCC(N(C)C(C)=O)CC1,CCC(=O)NC1CCC(N(C)C(=O)Cc2n[nH]c(=O)s2)CC1,Alpha-arylation,,,,,,,,,,
C7474,1,,,,NCC1CCCNC1,CCc1csc(CC(=O)O)n1,CCc1csc(CC(=O)NCC2CCCNC2)n1,Amidation,,,,,,,,,,
C9038,1,,,,Nc1ncnc2cc(Br)ccc12,BrCC1CCCNC1,Brc1ccc2c(NCC3CCCNC3)ncnc2c1,Amine_alkylation,,,,,,,,,,
C14578,1,,,,Clc1ccc2c(c1)CNC2,O=C(O)c1ccncn1,O=C(c1ccncn1)N1Cc2ccc(Cl)cc2C1,Amidation,,,,,,,,,,
C5939,1,,,,CCNCc1cccnc1,COc1ccn2c(C(=O)O)cnc2c1,CCN(Cc1cccnc1)C(=O)c1cnc2cc(OC)ccn12,Amidation,,,,,,,,,,
C64802,1,,,,O=C(O)c1cccc2cn[nH]c12,Nc1nc(-c2cnco2)cs1,O=C(Nc1nc(-c2cnco2)cs1)c1cccc2cn[nH]c12,Amidation,,,,,,,,,,
C58699,1,,,,Ic1ccnc2ccccc12,CC1(C)OB(c2ccns2)OC1(C)C,c1ccc2c(-c3ccns3)ccnc2c1,Sp2-sp2_Suzuki_coupling,,,,,,,,,,
C61728,1,,,,NCCC1CCCCN1,Cn1ncc2c(C(=O)O)ccnc21,Cn1ncc2c(C(=O)NCCC3CCCCN3)ccnc21,Amidation,,,,,,,,,,
C49235,1,,,,CC(O)C(=O)NC1CC(CCN)C1,O=C(O)CNc1ccccn1,CC(O)C(=O)NC1CC(CCNC(=O)CNc2ccccn2)C1,Amidation,,,,,,,,,,
C65714,1,,,,O=C(O)c1csc2nccn12,CCOC(C)c1nc(CNC)cs1,CCOC(C)c1nc(CN(C)C(=O)c2csc3nccn23)cs1,Amidation,,,,,,,,,,
