compound_id,smiles,inchikey,required_amount_mg,quoted_amount_mg,quote_id,quote_supplier,quote_catalogue,quote_entry,quote_price,quote_currency,quote_lead_time_days,quoted_purity,quoted_smiles,quote_date,num_downstream_reaction_types,num_downstream_reactions,num_downstream_products,downstream_reaction_types,downstream_reaction_ids,downstream_product_ids
61484,Nc1ccc2c(c1)CNC2,YTIFSHPDDSIFRO-UHFFFAOYSA-N,12.0,50.0,86312,Enamine,EU stock,EN300-106689,106.0,EUR,2,,Cl.Cl.Nc1ccc2c(c1)CNC2,2025-09-29,3,12,12,"{'Amidation', 'Ester_amidation', 'Formation_of_urea_from_two_amines'}","{933, 1419, 3051, 1229, 2029, 3339, 4751, 2481, 1714, 4939, 4412, 2079}","{193, 27833, 5576, 137, 268, 14892, 101237, 18613, 119, 20760, 99513, 18682}"
123049,O=C(O)c1cc(F)cc2[nH]nnc12,UWHVJZFOXUBOHX-UHFFFAOYSA-N,1.0,50.0,83470,Enamine,EU stock,EN300-176585,171.0,EUR,2,,O=C(O)c1cc(F)cc2[nH]nnc12,2025-09-29,1,1,1,{'Amidation'},{933},{119}
123935,Cc1nc2cc(Cl)cc(C(=O)O)c2[nH]1,XHAIAECRXLKZMJ-UHFFFAOYSA-N,1.0,50.0,92087,Enamine,EU stock,EN300-7536798,299.0,EUR,2,,Cc1nc2c(C(=O)O)cc(Cl)cc2[nH]1,2025-09-29,1,1,1,{'Amidation'},{1419},{137}
121747,NCc1cccc(N)c1,ZDBWYUOUYNQZBM-UHFFFAOYSA-N,1.0,100.0,31312,Enamine,Global catalog,EN300-62713,18.0,EUR,10,,NCc1cccc(N)c1,2025-09-29,1,1,1,{'Amidation'},{2113},{171}
124196,O=C1Cc2c(cccc2C(=O)O)N1,ALXJUSWINGKGAW-UHFFFAOYSA-N,2.0,50.0,100238,Enamine,EU stock,EN300-223399,18.0,EUR,2,,O=C1Cc2c(cccc2C(=O)O)N1,2025-09-29,1,2,2,{'Amidation'},"{2113, 2003}","{171, 173}"
124822,NCCc1cccc(N)c1,LJQFYBCLMVVNAQ-UHFFFAOYSA-N,1.0,50.0,90664,Enamine,EU stock,EN300-118066,22.0,EUR,2,,NCCc1cccc(N)c1,2025-09-29,1,1,1,{'Amidation'},{2003},{173}
122834,N#Cc1c[nH]c2c(C(=O)O)cccc12,FDASYGXNFLWEMM-UHFFFAOYSA-N,1.0,50.0,94006,Enamine,EU stock,EN300-1590558,65.0,EUR,2,,N#Cc1c[nH]c2c(C(=O)O)cccc12,2025-09-29,1,1,1,{'Amidation'},{3051},{193}
128069,COC(=O)c1cc(Cl)c2[nH]cc(C)c2c1,AJKLRBSMVKYPMF-UHFFFAOYSA-N,2.0,100.0,65406,Enamine,Global catalog,EN300-6481671,448.0,EUR,10,,COC(=O)c1cc(Cl)c2[nH]cc(C)c2c1,2025-09-29,1,2,2,{'Ester_amidation'},"{4418, 4412}","{39979, 268}"
129128,O=C(O)C=Cc1cccnc1,VUVORVXMOLQFMO-UHFFFAOYSA-N,1.0,100.0,46534,Enamine,Global catalog,EN300-321405,18.0,EUR,10,,O=C(O)/C=C/c1cccnc1,2025-09-29,1,1,1,{'Amidation'},{5036},{453}
129129,NCC(=O)N1CCc2sccc2C1,NRRHFNCSXNXKHA-UHFFFAOYSA-N,1.0,50.0,81827,Enamine,EU stock,EN300-65130,129.0,EUR,2,,Cl.NCC(=O)N1CCc2sccc2C1,2025-09-29,1,1,1,{'Amidation'},{5036},{453}
129111,Nc1ccccc1OCCF,NTMMBOONJMBWKO-UHFFFAOYSA-N,1.0,50.0,106742,Enamine,EU stock,EN300-226691,18.0,EUR,2,,Nc1ccccc1OCCF,2025-09-29,1,1,1,{'Reductive_amination'},{5024},{621}
129112,CCC(=O)c1ccncc1,AFHFHXVRHACYSR-UHFFFAOYSA-N,1.0,50.0,106812,Enamine,EU stock,EN300-250285,21.0,EUR,2,,CCC(=O)c1ccncc1,2025-09-29,1,1,1,{'Reductive_amination'},{5024},{621}
618,CC(CN)c1ccncc1,PFSHXDJWAVNKNO-UHFFFAOYSA-N,1.0,50.0,95725,Enamine,EU stock,EN300-26677505,190.0,EUR,2,,CC(CN)c1ccncc1.Cl.Cl,2025-09-29,1,1,1,{'N-nucleophilic_aromatic_substitution'},{5074},{626}
129215,COCc1ccc(Br)nc1,VYADQLKEISKNDT-UHFFFAOYSA-N,1.0,50.0,95818,Enamine,EU stock,EN300-6764593,82.0,EUR,2,,COCc1ccc(Br)nc1,2025-09-29,1,1,1,{'N-nucleophilic_aromatic_substitution'},{5074},{626}
61579,NCc1ccc2c(c1)CNC2,SJMBHSUNHWDOJC-UHFFFAOYSA-N,3.0,50.0,109922,Enamine,EU stock,EN300-152798,292.0,EUR,2,,Cl.Cl.NCc1ccc2c(c1)CNC2,2025-09-29,2,3,3,"{'Amidation', 'Formation_of_urea_from_two_amines'}","{4689, 4811, 4820}","{12944, 771, 6526}"
128755,Nc1nc2ccccc2s1,UHGULLIUJBCTEF-UHFFFAOYSA-N,1.0,100.0,35492,Enamine,Global catalog,EN300-17296,18.0,EUR,10,,Nc1nc2ccccc2s1,2025-09-29,1,1,1,{'Formation_of_urea_from_two_amines'},{4820},{771}
129036,Ic1ccc(C2CC2)nc1,UOKNOGWGWGTPES-UHFFFAOYSA-N,1.0,50.0,95646,Enamine,EU stock,EN300-22903345,260.0,EUR,2,,Ic1ccc(C2CC2)nc1,2025-09-29,1,1,1,{'Sp2-sp2_Suzuki_coupling'},{4978},{775}
129037,CC1(C)OB(c2ccnc3ccccc23)OC1(C)C,LJFSIDNUMPTTAF-UHFFFAOYSA-N,1.0,100.0,42780,Enamine,Global catalog,EN300-370923,18.0,EUR,10,,CC1(C)OB(c2ccnc3ccccc23)OC1(C)C,2025-09-29,1,1,1,{'Sp2-sp2_Suzuki_coupling'},{4978},{775}
128923,Nc1ccnc2ccccc12,FQYRLEXKXQRZDH-UHFFFAOYSA-N,1.0,100.0,31865,Enamine,Global catalog,EN300-37114,18.0,EUR,10,,Cl.Nc1ccnc2ccccc12,2025-09-29,1,1,1,{'Amidation'},{4914},{784}
128924,CCc1ccnc(C(=O)O)c1,UQLMTCZJAWIPLK-UHFFFAOYSA-N,1.0,50.0,82306,Enamine,EU stock,EN300-125852,20.0,EUR,2,,CCc1ccnc(C(=O)O)c1,2025-09-29,1,1,1,{'Amidation'},{4914},{784}
128827,O=C(O)c1ccnc(C2CC2)c1,QFUFLFJZHFCDLM-UHFFFAOYSA-N,1.0,50.0,104846,Enamine,EU stock,EN300-131679,72.0,EUR,2,,O=C(O)c1ccnc(C2CC2)c1,2025-09-29,1,1,1,{'Amidation'},{4861},{824}
128828,CNc1cccc2cccnc12,NVDZAZXIBALFGT-UHFFFAOYSA-N,1.0,50.0,83959,Enamine,EU stock,EN300-198239,96.0,EUR,2,,CNc1cccc2cccnc12,2025-09-29,1,1,1,{'Amidation'},{4861},{824}
128574,COc1ccc2cc(C(=O)O)ccc2n1,QIVQFJMYODEUNM-UHFFFAOYSA-N,2.0,50.0,103235,Enamine,EU stock,EN300-6504359,240.0,EUR,2,,COc1ccc2cc(C(=O)O)ccc2n1,2025-09-29,1,2,2,{'Amidation'},"{4744, 4721}","{15238, 1031}"
128626,CC(N)c1cn[nH]c1,RPDQDVLOUJVEEX-UHFFFAOYSA-N,1.0,50.0,91557,Enamine,EU stock,EN300-27113172,177.0,EUR,2,,CC(N)c1cn[nH]c1.Cl.Cl,2025-09-29,1,1,1,{'Amidation'},{4744},{1031}
50,Cc1cnn2c1CNCC2,GHWWEPXDSAHILS-UHFFFAOYSA-N,1.0,50.0,107878,Enamine,EU stock,EN300-299033,187.0,EUR,2,,Cc1cnn2c1CNCC2,2025-09-29,1,1,1,{'Formation_of_urea_from_two_amines'},{5346},{1047}
129698,CC(N)c1cccnc1,IQVQNBXPYJGNEA-UHFFFAOYSA-N,1.0,100.0,58364,Enamine,Global catalog,EN300-12752,18.0,EUR,10,,CC(N)c1cccnc1,2025-09-29,1,1,1,{'Formation_of_urea_from_two_amines'},{5346},{1047}
128514,O=C(O)CCc1cncs1,GHLKHRAWUVKIQA-UHFFFAOYSA-N,2.0,50.0,106820,Enamine,EU stock,EN300-222693,47.0,EUR,2,,Cl.O=C(O)CCc1cncs1,2025-09-29,1,2,2,{'Amidation'},"{4971, 5340}","{1219, 59541}"
129023,c1cc(C2NCC23CCC3)ccn1,DNWMMAOYBPXTNT-UHFFFAOYSA-N,1.0,50.0,91133,Enamine,EU stock,EN300-310304,233.0,EUR,2,,c1cc(C2NCC23CCC3)ccn1,2025-09-29,1,1,1,{'Amidation'},{4971},{1219}
128800,O=C(O)C(F)(F)c1ccncc1,UXTFZNJZPAMSTD-UHFFFAOYSA-N,1.0,50.0,100261,Enamine,EU stock,EN300-136318,223.0,EUR,2,,O=C(O)C(F)(F)c1ccncc1,2025-09-29,1,1,1,{'Amidation'},{4845},{1225}
128801,Nc1ncc(C2CCOC2)s1,NFTULFIVZBPYCL-UHFFFAOYSA-N,1.0,50.0,95606,Enamine,EU stock,EN300-1223606,330.0,EUR,2,,Nc1ncc(C2CCOC2)s1,2025-09-29,1,1,1,{'Amidation'},{4845},{1225}
128943,O=Cc1ccc2c(c1)CNC2,SKQVKZCUBPIAAR-UHFFFAOYSA-N,5.0,100.0,68253,Enamine,Global catalog,EN300-46495001,320.0,EUR,10,,Cl.O=Cc1ccc2c(c1)CNC2,2025-09-29,1,5,5,{'Reductive_amination'},"{5124, 5158, 5289, 5105, 4924}","{61607, 61575, 1434, 61598, 60959}"
128944,Cc1cc(N)ccn1,GNCLPNMQEGMNTG-UHFFFAOYSA-N,1.0,100.0,76744,Enamine,Global catalog,EN300-17881,18.0,EUR,10,,Cc1cc(N)ccn1,2025-09-29,1,1,1,{'Reductive_amination'},{4924},{1434}
128531,O=C(O)c1ccc2c(c1)CNC2,BYVHWRKMSXVVAM-UHFFFAOYSA-N,4.0,50.0,90617,Enamine,EU stock,EN300-130618,60.0,EUR,2,,Cl.O=C(O)c1ccc2c(c1)CNC2,2025-09-29,2,4,4,"{'Mitsunobu_reaction_with_amine_alcohol_and_thioalcohol', 'Amidation'}","{5310, 4869, 4702, 4989}","{59253, 12922, 15858, 1469}"
128532,CCSCc1ccnc(N)c1,KPGHJIJIUVNBBD-UHFFFAOYSA-N,1.0,50.0,100119,Enamine,EU stock,EN300-121090,173.0,EUR,2,,CCSCc1ccnc(N)c1,2025-09-29,1,1,1,{'Amidation'},{4702},{1469}
128664,O=C(O)CSc1nc2ccccc2[nH]1,UYNVBLJQBCTRKV-UHFFFAOYSA-N,1.0,100.0,74632,Enamine,Global catalog,EN300-79035,18.0,EUR,10,,O=C(O)CSc1nc2ccccc2[nH]1,2025-09-29,1,1,1,{'Amidation'},{4764},{1649}
128665,NCc1ncc[nH]1,CRZDNISJUXVSKX-UHFFFAOYSA-N,3.0,100.0,36038,Enamine,Global catalog,EN300-68837,18.0,EUR,10,,NCc1ncc[nH]1,2025-09-29,1,3,3,{'Amidation'},"{4962, 4764, 5054}","{1649, 8113, 15459}"
1706,CC(=O)NCc1ccc2c(c1)CNC2,WLKZEFNNZQMHDG-UHFFFAOYSA-N,3.0,50.0,103589,Enamine,EU stock,EN300-37399255,250.0,EUR,2,,CC(=O)NCc1ccc2c(c1)CNC2.Cl.Cl,2025-09-29,1,3,3,{'Amidation'},"{4777, 4930, 5006}","{1728, 1737, 1717}"
128689,O=C(O)CCc1cscn1,FKMVNXSTIGKBCM-UHFFFAOYSA-N,1.0,50.0,81870,Enamine,EU stock,EN300-56392,57.0,EUR,2,,O=C(O)CCc1cscn1,2025-09-29,1,1,1,{'Amidation'},{4777},{1717}
128951,C=C(C(=O)O)C(C)(C)C,QJVYRYDARHKQAF-UHFFFAOYSA-N,1.0,50.0,92428,Enamine,EU stock,EN300-311325,240.0,EUR,2,,C=C(C(=O)O)C(C)(C)C,2025-09-29,1,1,1,{'Amidation'},{4930},{1728}
129083,C=C(COC)C(=O)O,NOHCGJVKOIEMCT-UHFFFAOYSA-N,1.0,50.0,102144,Enamine,EU stock,EN300-182372,107.0,EUR,2,,C=C(COC)C(=O)O,2025-09-29,1,1,1,{'Amidation'},{5006},{1737}
128538,O=S(=O)(Cl)N1Cc2ccccc2C1,WQVMPINLJGNOLY-UHFFFAOYSA-N,1.0,50.0,89410,Enamine,EU stock,EN300-1301412,165.0,EUR,2,,O=S(=O)(Cl)N1Cc2ccccc2C1,2025-09-29,1,1,1,{'Sulfonamide_Schotten-Baumann_with_amine_(intermolecular)'},{4706},{1789}
128539,NC1CC(c2ncc[nH]2)C1,XLBMVNLMNOJUHU-UHFFFAOYSA-N,1.0,50.0,91961,Enamine,EU stock,EN300-2009280,206.0,EUR,2,,Cl.Cl.NC1CC(c2ncc[nH]2)C1,2025-09-29,1,1,1,{'Sulfonamide_Schotten-Baumann_with_amine_(intermolecular)'},{4706},{1789}
1925,Nc1cccc2c1CN(c1ccccn1)C2,AQBWQDXBAHASJB-UHFFFAOYSA-N,1.0,50.0,98870,Enamine,EU stock,EN300-119144,190.0,EUR,2,,Nc1cccc2c1CN(c1ccccn1)C2,2025-09-29,1,1,1,{'Isocyanate_to_urea'},{4856},{1881}
128817,O=C=NCC1CCOC1,RGWWNWXLGWYJLV-UHFFFAOYSA-N,1.0,50.0,100186,Enamine,EU stock,EN300-84974,215.0,EUR,2,,O=C=NCC1CCOC1,2025-09-29,1,1,1,{'Isocyanate_to_urea'},{4856},{1881}
77344,CNc1ccc2c(c1)CNC2,WHXNAZMBNDOAGR-UHFFFAOYSA-N,1.0,100.0,64307,Enamine,Global catalog,EN300-225138,481.0,EUR,10,,CNc1ccc2c(c1)CNC2.Cl.Cl,2025-09-29,1,1,1,{'Reductive_amination'},{4920},{1906}
128932,O=Cc1ccccn1,CSDSSGBPEUDDEE-UHFFFAOYSA-N,1.0,100.0,54315,Enamine,Global catalog,EN300-18999,18.0,EUR,10,,O=Cc1ccccn1,2025-09-29,1,1,1,{'Reductive_amination'},{4920},{1906}
128651,O=C(O)c1cnc(C2CCOCC2)s1,SBXVQXNODXBJMB-UHFFFAOYSA-N,2.0,50.0,87451,Enamine,EU stock,EN300-387367,199.0,EUR,2,,O=C(O)c1cnc(C2CCOCC2)s1,2025-09-29,1,2,2,{'Amidation'},"{5353, 4756}","{5200, 1967}"
128652,NCC(=O)N1CCNCC1,HICOHQNXBHNIFZ-UHFFFAOYSA-N,1.0,100.0,38173,Enamine,Global catalog,EN300-65234,94.0,EUR,10,,Cl.Cl.NCC(=O)N1CCNCC1,2025-09-29,1,1,1,{'Amidation'},{4756},{1967}
121830,Oc1ccc2c(c1)CNC2,URZKENDTAFDRKA-UHFFFAOYSA-N,4.0,50.0,100231,Enamine,EU stock,EN300-222413,37.0,EUR,2,,Br.Oc1ccc2c(c1)CNC2,2025-09-29,3,4,4,"{'Ester_amidation', 'Mitsunobu_aryl_ether_synthesis', 'Formation_of_urea_from_two_amines'}","{4818, 4778, 5374, 4774}","{2008, 59260, 5622, 2006}"
128684,OC1CCCNC1,BIWOSRSKDCZIFM-UHFFFAOYSA-N,2.0,100.0,34974,Enamine,Global catalog,EN300-44846,18.0,EUR,10,,Cl.OC1CCCNC1,2025-09-29,2,2,2,"{'Mitsunobu_reaction_with_amine_alcohol_and_thioalcohol', 'Mitsunobu_aryl_ether_synthesis'}","{5184, 4774}","{65217, 2006}"
128690,CC(C)(C)OC(=O)C1CCCNC1,RHNAXBBEIVHVQT-UHFFFAOYSA-N,2.0,50.0,97112,Enamine,EU stock,EN300-135456,47.0,EUR,2,,CC(C)(C)OC(=O)C1CCCNC1,2025-09-29,1,2,2,{'Ester_amidation'},"{4778, 4789}","{2008, 2037}"
128533,c1ccc2c(c1)CNC2,GWVMLCQWXVFZCN-UHFFFAOYSA-N,4.0,100.0,59694,Enamine,Global catalog,EN300-50619,18.0,EUR,10,,c1ccc2c(c1)CNC2,2025-09-29,3,4,4,"{'Mitsunobu_reaction_with_amine_alcohol_and_thioalcohol', 'Amidation', 'Ester_amidation'}","{5377, 5220, 4789, 4703}","{59569, 14548, 2037, 60966}"
128848,O=C(O)c1cccc2cccnc12,QRDZFPUVLYEQTA-UHFFFAOYSA-N,1.0,100.0,42654,Enamine,Global catalog,EN300-12332,18.0,EUR,10,,O=C(O)c1cccc2cccnc12,2025-09-29,1,1,1,{'Amidation'},{4873},{2106}
128849,Nc1ccc(-c2nc3ccccc3[nH]2)cc1,VQFBXSRZSUJGOF-UHFFFAOYSA-N,1.0,100.0,30906,Enamine,Global catalog,EN300-02095,18.0,EUR,10,,Nc1ccc(-c2nc3ccccc3[nH]2)cc1,2025-09-29,1,1,1,{'Amidation'},{4873},{2106}
2257,CC(=O)NCC1CCCNC1,TXZBOHMPGYOABD-UHFFFAOYSA-N,3.0,100.0,34221,Enamine,Global catalog,EN300-54072,18.0,EUR,10,,CC(=O)NCC1CCCNC1,2025-09-29,3,3,3,"{'Amidation', 'N-nucleophilic_aromatic_substitution', 'Formation_of_sulfonamide_from_halide_-_Shavnya_reaction'}","{5007, 5062, 4959}","{48240, 115821, 2295}"
129179,O=C1NCC(C(=O)O)n2nccc21,ORDOWLSKEUUSRS-UHFFFAOYSA-N,1.0,50.0,100125,Enamine,EU stock,EN300-22933718,299.0,EUR,2,,O=C1NCC(C(=O)O)n2nccc21,2025-09-29,1,1,1,{'Amidation'},{5062},{2295}
2307,c1c[nH]c(C2CCNCC2)n1,YJNKIVCXVAKYRD-UHFFFAOYSA-N,1.0,50.0,84808,Enamine,EU stock,EN300-60757,50.0,EUR,2,,c1c[nH]c(C2CCNCC2)n1,2025-09-29,1,1,1,{'Amidation'},{4748},{2328}
128638,CCC(C)C(NC(C)=O)C(=O)O,JDTWZSUNGHMMJM-UHFFFAOYSA-N,1.0,100.0,37256,Enamine,Global catalog,EN300-208309,18.0,EUR,10,,CC[C@H](C)[C@H](NC(C)=O)C(=O)O,2025-09-29,1,1,1,{'Amidation'},{4748},{2328}
129116,O=C(O)CC1CCCS1(=O)=O,QAAMMQJXNSQLHE-UHFFFAOYSA-N,1.0,50.0,86688,Enamine,EU stock,EN300-155176,168.0,EUR,2,,O=C(O)CC1CCCS1(=O)=O,2025-09-29,1,1,1,{'Amidation'},{5027},{2607}
129117,NCc1cccnc1,HDOUGSFASVGDCS-UHFFFAOYSA-N,1.0,100.0,42101,Enamine,Global catalog,EN300-19588,18.0,EUR,10,,NCc1cccnc1,2025-09-29,1,1,1,{'Amidation'},{5027},{2607}
128885,Nc1ccnn1C1CCCC1,AFGOKLFLQUOZEQ-UHFFFAOYSA-N,1.0,100.0,58658,Enamine,Global catalog,EN300-10340,18.0,EUR,10,,Nc1ccnn1C1CCCC1,2025-09-29,1,1,1,{'Formation_of_urea_from_two_amines'},{4895},{2694}
128886,NNC(=O)c1cccc2cccnc12,ANNUAPCFXNMTND-UHFFFAOYSA-N,1.0,100.0,74261,Enamine,Global catalog,EN300-60433,56.0,EUR,10,,NNC(=O)c1cccc2cccnc12,2025-09-29,1,1,1,{'Formation_of_urea_from_two_amines'},{4895},{2694}
129162,O=[N+]([O-])c1ccc2c(c1)CNC2,UYSFPRNOPWMPJW-UHFFFAOYSA-N,2.0,50.0,99551,Enamine,EU stock,EN300-92013,18.0,EUR,2,,Cl.O=[N+]([O-])c1ccc2c(c1)CNC2,2025-09-29,2,2,2,"{'Amidation', 'Sulfonamide_Schotten-Baumann_with_amine_(intermolecular)'}","{5068, 5055}","{2771, 3197}"
129163,CC(C)CC(C(=O)O)n1ccnc1,PJQNDAFEYAGZDY-UHFFFAOYSA-N,1.0,50.0,102508,Enamine,EU stock,EN300-298154,233.0,EUR,2,,CC(C)CC(C(=O)O)n1ccnc1,2025-09-29,1,1,1,{'Amidation'},{5055},{2771}
129553,NC(Cc1c[nH]cn1)C(=O)O,HNDVDQJCIGZPNO-UHFFFAOYSA-N,1.0,100.0,41702,Enamine,Global catalog,EN300-57334,18.0,EUR,10,,N[C@@H](Cc1c[nH]cn1)C(=O)O,2025-09-29,1,1,1,{'Amidation'},{5255},{2807}
129554,Cc1ccc2c(c1)CNC2,TZMYQGXSTSSHQV-UHFFFAOYSA-N,2.0,50.0,96615,Enamine,EU stock,EN300-192161,124.0,EUR,2,,Cc1ccc2c(c1)CNC2,2025-09-29,1,2,2,{'Amidation'},"{5327, 5255}","{59613, 2807}"
128751,CC1(C)OB(C2CCCNC2)OC1(C)C,OMKRUOMSWUJNBY-UHFFFAOYSA-N,3.0,100.0,56643,Enamine,Global catalog,EN300-6487473,310.0,EUR,10,,CC1(C)OB(C2CCCNC2)OC1(C)C.Cl,2025-09-29,1,3,3,{'Sp3-sp2_Suzuki_coupling'},"{5129, 4842, 5292}","{68932, 111861, 2823}"
128797,Ic1cccc2[nH]cnc12,MOYBHUHLLQSMNP-UHFFFAOYSA-N,1.0,100.0,61764,Enamine,Global catalog,EN300-27692646,20.0,EUR,10,,Cl.Ic1cccc2[nH]cnc12,2025-09-29,1,1,1,{'Sp3-sp2_Suzuki_coupling'},{4842},{2823}
122766,O=C(O)C1CCCNC1,XJLSEXAGTJCILF-UHFFFAOYSA-N,2.0,100.0,36164,Enamine,Global catalog,EN300-160263,18.0,EUR,10,,Cl.O=C(O)[C@H]1CCCNC1,2025-09-29,1,2,2,{'Amidation'},"{4792, 4882}","{2841, 114282}"
128705,Cc1nc2ccccc2n1CCCN,MEULDBLUXYRLCE-UHFFFAOYSA-N,1.0,50.0,91596,Enamine,EU stock,EN300-37450506,85.0,EUR,2,,Cc1nc2ccccc2n1CCCN.Cl.Cl,2025-09-29,1,1,1,{'Amidation'},{4792},{2841}
55154,CC(C)NC1CCCNC1,XAXUUHPCEVNZFT-UHFFFAOYSA-N,1.0,50.0,85481,Enamine,EU stock,EN300-61495,81.0,EUR,2,,CC(C)NC1CCCNC1,2025-09-29,1,1,1,{'Amidation'},{4843},{2925}
128685,O=C(O)CCc1ccnc2ccccc12,IWJZVWBVDNIJIL-UHFFFAOYSA-N,3.0,50.0,81153,Enamine,EU stock,EN300-81770,193.0,EUR,2,,O=C(O)CCc1ccnc2ccccc12,2025-09-29,1,3,3,{'Amidation'},"{4799, 4843, 4775}","{7984, 3936, 2925}"
129144,Nc1cccnc1C1CC1,NGRGXPFVMHVYBT-UHFFFAOYSA-N,1.0,50.0,88068,Enamine,EU stock,EN300-396176,44.0,EUR,2,,Nc1cccnc1C1CC1,2025-09-29,1,1,1,{'Amidation'},{5043},{2977}
129145,COCC(=O)O,RMIODHQZRUFFFF-UHFFFAOYSA-N,2.0,100.0,64881,Enamine,Global catalog,EN300-20233,18.0,EUR,10,,COCC(=O)O,2025-09-29,1,2,2,{'Amidation'},"{5043, 5204}","{2977, 60723}"
129921,OCCc1cscn1,ZOGHXTOEFVTKBW-UHFFFAOYSA-N,1.0,50.0,106642,Enamine,EU stock,EN300-264161,254.0,EUR,2,,OCCc1cscn1,2025-09-29,1,1,1,{'Steglich_esterification'},{5476},{3146}
129922,CN1C(=O)Cc2c(C(=O)O)cccc21,ABDDQEHFBXAFKF-UHFFFAOYSA-N,1.0,50.0,95405,Enamine,EU stock,EN300-7562836,237.0,EUR,2,,CN1C(=O)Cc2c(C(=O)O)cccc21,2025-09-29,1,1,1,{'Steglich_esterification'},{5476},{3146}
129195,O=S(=O)(Cl)Cc1cscn1,FAMMKHWQINTCOB-UHFFFAOYSA-N,1.0,50.0,88137,Enamine,EU stock,EN300-274008,244.0,EUR,2,,O=S(=O)(Cl)Cc1cscn1,2025-09-29,1,1,1,{'Sulfonamide_Schotten-Baumann_with_amine_(intermolecular)'},{5068},{3197}
128834,NC(C(=O)O)c1cscn1,LHNDLTCCZWUZIS-UHFFFAOYSA-N,2.0,50.0,96677,Enamine,EU stock,EN300-7426744,562.0,EUR,2,,Cl.Cl.NC(C(=O)O)c1cscn1,2025-09-29,1,2,2,{'Amidation'},"{4943, 4863}","{50645, 3206}"
128835,N#Cc1ccc2c(c1)CNC2,NHIKDNWKXUBYHV-UHFFFAOYSA-N,2.0,100.0,64027,Enamine,Global catalog,EN300-269333,63.0,EUR,10,,Cl.N#Cc1ccc2c(c1)CNC2,2025-09-29,2,2,2,"{'Amidation', 'Formation_of_urea_from_two_amines'}","{5356, 4863}","{15917, 3206}"
123788,Nc1ccncn1,OYRRZWATULMEPF-UHFFFAOYSA-N,1.0,100.0,33976,Enamine,Global catalog,EN300-21912,18.0,EUR,10,,Nc1ccncn1,2025-09-29,1,1,1,{'Amidation'},{4982},{3289}
129043,O=C(O)c1cccnc1C1CC1,ZEJNYZWEQWPWOJ-UHFFFAOYSA-N,1.0,50.0,97953,Enamine,EU stock,EN300-132487,284.0,EUR,2,,O=C(O)c1cccnc1C1CC1,2025-09-29,1,1,1,{'Amidation'},{4982},{3289}
128847,NCc1ccncn1,AUHXBTKGPUVFCB-UHFFFAOYSA-N,3.0,50.0,108427,Enamine,EU stock,EN300-28281,18.0,EUR,2,,NCc1ccncn1,2025-09-29,2,3,3,"{'Amidation', 'Formation_of_urea_from_two_amines'}","{4872, 5188, 5015}","{3291, 3324, 66477}"
129097,NCc1ccnc(C2CC2)c1,UVUFSQSQRVNXLH-UHFFFAOYSA-N,2.0,100.0,35541,Enamine,Global catalog,EN300-131585,387.0,EUR,10,,NCc1ccnc(C2CC2)c1,2025-09-29,2,2,2,"{'Amidation', 'Formation_of_urea_from_two_amines'}","{5075, 5015}","{3291, 3739}"
128846,O=C(O)c1ccc(-c2nc[nH]n2)nc1,KDDNFIYRWFSBIJ-UHFFFAOYSA-N,1.0,50.0,90065,Enamine,EU stock,EN300-1628437,237.0,EUR,2,,O=C(O)c1ccc(-c2nc[nH]n2)nc1,2025-09-29,1,1,1,{'Amidation'},{4872},{3324}
129139,O=C(O)CCc1ccncn1,VWNJMRNPQZKKAU-UHFFFAOYSA-N,1.0,50.0,85143,Enamine,EU stock,EN300-176496,177.0,EUR,2,,O=C(O)CCc1ccncn1,2025-09-29,1,1,1,{'Amidation'},{5040},{3418}
129140,Cc1cc(N)cn2ccnc12,LGZGDXLLUJSZFJ-UHFFFAOYSA-N,1.0,50.0,98777,Enamine,EU stock,EN300-221123,145.0,EUR,2,,Cc1cc(N)cn2ccnc12.Cl,2025-09-29,1,1,1,{'Amidation'},{5040},{3418}
69225,Nc1ccc2[nH]c(=O)[nH]c2c1,BCXSVFBDMPSKPT-UHFFFAOYSA-N,1.0,100.0,30927,Enamine,Global catalog,EN300-02381,18.0,EUR,10,,Nc1ccc2[nH]c(=O)[nH]c2c1,2025-09-29,1,1,1,{'Reductive_amination'},{5193},{3469}
129450,CC(C)Cc1ccc(C=O)cn1,JKIKKRBCZBSLGV-UHFFFAOYSA-N,1.0,50.0,108896,Enamine,EU stock,EN300-724784,199.0,EUR,2,,CC(C)Cc1ccc(C=O)cn1,2025-09-29,1,1,1,{'Reductive_amination'},{5193},{3469}
128722,O=C(O)CCc1c[nH]cn1,ZCKYOWGFRHAZIQ-UHFFFAOYSA-N,2.0,50.0,83283,Enamine,EU stock,EN300-145616,23.0,EUR,2,,Cl.O=C(O)CCc1c[nH]cn1,2025-09-29,1,2,2,{'Amidation'},"{4801, 4991}","{3692, 3693}"
128723,CNC1CC(c2cccnc2)C1,QEGMRGCWSSHVNK-UHFFFAOYSA-N,1.0,50.0,94020,Enamine,EU stock,EN300-1243459,297.0,EUR,2,,CNC1CC(c2cccnc2)C1,2025-09-29,1,1,1,{'Amidation'},{4801},{3692}
129055,NCc1nnc(-c2ccncc2)[nH]1,BIZJPAORZHDEEL-UHFFFAOYSA-N,1.0,50.0,85851,Enamine,EU stock,EN300-253833,20.0,EUR,2,,Cl.NCc1nnc(-c2ccncc2)[nH]1,2025-09-29,1,1,1,{'Amidation'},{4991},{3693}
128560,NCc1c[nH]cn1,MPCYZPCWSYUWMJ-UHFFFAOYSA-N,1.0,100.0,60433,Enamine,Global catalog,EN300-82476,18.0,EUR,10,,Cl.Cl.NCc1c[nH]cn1,2025-09-29,1,1,1,{'Amidation'},{4714},{3704}
128561,CNc1ccnc(C(=O)O)c1,DGQGIUNYNBRAKU-UHFFFAOYSA-N,1.0,100.0,54791,Enamine,Global catalog,EN300-237751,133.0,EUR,10,,CNc1ccnc(C(=O)O)c1,2025-09-29,1,1,1,{'Amidation'},{4714},{3704}
128544,Ic1ncc[nH]1,MHHDMDLNVVCTAJ-UHFFFAOYSA-N,1.0,50.0,82573,Enamine,EU stock,EN300-128760,20.0,EUR,2,,Ic1ncc[nH]1,2025-09-29,1,1,1,{'Sp2-sp2_Suzuki_coupling'},{4841},{3735}
128796,CC1(C)OB(c2cnc(C3CC3)c(C(F)(F)F)c2)OC1(C)C,BALQIHJGEMEHNN-UHFFFAOYSA-N,1.0,50.0,109234,Enamine,EU stock,EN300-7549151,297.0,EUR,2,,CC1(C)OB(c2cnc(C3CC3)c(C(F)(F)F)c2)OC1(C)C,2025-09-29,1,1,1,{'Sp2-sp2_Suzuki_coupling'},{4841},{3735}
129216,O=C(O)C(=O)Nc1ncc[nH]1,DQKBZABGRQKXHC-UHFFFAOYSA-N,1.0,50.0,98233,Enamine,EU stock,EN300-1703015,253.0,EUR,2,,Cl.O=C(O)C(=O)Nc1ncc[nH]1,2025-09-29,1,1,1,{'Amidation'},{5075},{3739}
128844,O=C(O)c1cnc2ccccn12,DOGXPDFZEQXZDS-UHFFFAOYSA-N,1.0,100.0,34743,Enamine,Global catalog,EN300-120874,18.0,EUR,10,,Cl.O=C(O)c1cnc2ccccn12,2025-09-29,1,1,1,{'Amidation'},{4871},{3773}
128845,Nc1cccc(-c2c[nH]cn2)c1,OEIQSFWIRHWDIL-UHFFFAOYSA-N,1.0,100.0,51491,Enamine,Global catalog,EN300-7445551,18.0,EUR,10,,Cl.Cl.Nc1cccc(-c2c[nH]cn2)c1,2025-09-29,1,1,1,{'Amidation'},{4871},{3773}
124162,COC(=O)c1ccc2c(c1)CNC2,RSBKALMWYNRSJK-UHFFFAOYSA-N,1.0,50.0,109582,Enamine,EU stock,EN300-71309,20.0,EUR,2,,COC(=O)c1ccc2c(c1)CNC2.Cl,2025-09-29,1,1,1,{'Ester_amidation'},{4736},{3857}
128608,Cc1n[nH]c2ncc(N)cc12,YMIOCQRPGZZJIL-UHFFFAOYSA-N,1.0,50.0,100053,Enamine,EU stock,EN300-55009,18.0,EUR,2,,Cc1n[nH]c2ncc(N)cc12,2025-09-29,1,1,1,{'Ester_amidation'},{4736},{3857}
128719,CC(=O)c1csc(N)n1,XLYLXMPLFPQUDL-UHFFFAOYSA-N,1.0,50.0,103394,Enamine,EU stock,EN300-14495,20.0,EUR,2,,CC(=O)c1csc(N)n1,2025-09-29,1,1,1,{'Amidation'},{4799},{3936}
128578,O=S(=O)(Cl)Cc1cccc2cccnc12,KITMQFZBBDMWFX-UHFFFAOYSA-N,1.0,100.0,32187,Enamine,Global catalog,EN300-56300,193.0,EUR,10,,Cl.O=S(=O)(Cl)Cc1cccc2cccnc12,2025-09-29,1,1,1,{'Sulfonamide_Schotten-Baumann_with_amine_(intermolecular)'},{4723},{3980}
128579,CNCc1scnc1C,PKCGXFXUGSQGTP-UHFFFAOYSA-N,1.0,50.0,102587,Enamine,EU stock,EN300-72890,78.0,EUR,2,,CNCc1scnc1C,2025-09-29,1,1,1,{'Sulfonamide_Schotten-Baumann_with_amine_(intermolecular)'},{4723},{3980}
128590,OB(O)c1cccc2cccnc12,KXJJSKYICDAICD-UHFFFAOYSA-N,2.0,100.0,56517,Enamine,Global catalog,EN300-212532,18.0,EUR,10,,OB(O)c1cccc2cccnc12,2025-09-29,2,2,2,"{'Petasis-borono_Mannich_reaction', 'Formation_of_sulfonamide_from_boronic_and_amine'}","{4798, 4727}","{3992, 53342}"
128591,CNCc1cscn1,AIUGQZIAOAZYCW-UHFFFAOYSA-N,1.0,100.0,35618,Enamine,Global catalog,EN300-96818,29.0,EUR,10,,CNCc1cscn1.Cl.Cl,2025-09-29,1,1,1,{'Formation_of_sulfonamide_from_boronic_and_amine'},{4727},{3992}
76174,CC(=O)NCc1cccc(Br)c1,UVPIDNMBEZYIIU-UHFFFAOYSA-N,1.0,50.0,81405,Enamine,EU stock,EN300-99592,37.0,EUR,2,,CC(=O)NCc1cccc(Br)c1,2025-09-29,1,1,1,{'Sp2-sp2_Suzuki_coupling'},{4730},{4121}
128598,COc1ccc2cc(B3OC(C)(C)C(C)(C)O3)ccc2n1,DVGWZOHNHYZTKK-UHFFFAOYSA-N,1.0,50.0,91224,Enamine,EU stock,EN300-212769,18.0,EUR,2,,COc1ccc2cc(B3OC(C)(C)C(C)(C)O3)ccc2n1,2025-09-29,1,1,1,{'Sp2-sp2_Suzuki_coupling'},{4730},{4121}
129091,CC(C)S(=O)(=O)c1ccc2nccc(Cl)c2c1,PYDUKQUSDCEIFR-UHFFFAOYSA-N,1.0,50.0,93834,Enamine,EU stock,EN300-6494410,516.0,EUR,2,,CC(C)S(=O)(=O)c1ccc2nccc(Cl)c2c1,2025-09-29,1,1,1,{'N-nucleophilic_aromatic_substitution'},{5011},{4139}
129092,CC(=O)NCC1CNCCO1,UGPSGKBXOZVVCV-UHFFFAOYSA-N,1.0,50.0,97157,Enamine,EU stock,EN300-80139,80.0,EUR,2,,CC(=O)NCC1CNCCO1,2025-09-29,1,1,1,{'N-nucleophilic_aromatic_substitution'},{5011},{4139}
128480,O=C(O)CNC(=O)c1cscn1,OKQZQWACTBCZPR-UHFFFAOYSA-N,1.0,100.0,68512,Enamine,Global catalog,EN300-45753386,161.0,EUR,10,,Cl.O=C(O)CNC(=O)c1cscn1,2025-09-29,1,1,1,{'Amidation'},{4677},{4207}
128481,Nc1ccc(-n2cnc3ccccc32)cc1,DWYMPMWWYZEKLQ-UHFFFAOYSA-N,1.0,50.0,80039,Enamine,EU stock,EN300-14992,22.0,EUR,2,,Nc1ccc(-n2cnc3ccccc32)cc1,2025-09-29,1,1,1,{'Amidation'},{4677},{4207}
128680,O=C(O)c1cnc(-c2cccnc2)s1,WYKOXFDRTSNVGV-UHFFFAOYSA-N,1.0,50.0,97780,Enamine,EU stock,EN300-120841,51.0,EUR,2,,O=C(O)c1cnc(-c2cccnc2)s1,2025-09-29,1,1,1,{'Amidation'},{4772},{4263}
128681,NC1CCc2ncsc2C1,MLHMXNRCJFPJOB-UHFFFAOYSA-N,1.0,50.0,106255,Enamine,EU stock,EN300-255007,147.0,EUR,2,,Cl.Cl.NC1CCc2ncsc2C1,2025-09-29,1,1,1,{'Amidation'},{4772},{4263}
128659,OCc1cn2ccccc2n1,ROPHYEIJSUUKEO-UHFFFAOYSA-N,1.0,50.0,81245,Enamine,EU stock,EN300-96912,20.0,EUR,2,,Cl.OCc1cn2ccccc2n1,2025-09-29,1,1,1,{'Mitsunobu_reaction_with_amine_alcohol_and_thioalcohol'},{4761},{4305}
128660,CCOC(=O)c1csc(CCN)n1,HGPIXDICNGNWDX-UHFFFAOYSA-N,1.0,50.0,83345,Enamine,EU stock,EN300-171533,20.0,EUR,2,,Br.CCOC(=O)c1csc(CCN)n1,2025-09-29,1,1,1,{'Mitsunobu_reaction_with_amine_alcohol_and_thioalcohol'},{4761},{4305}
128814,O=C(O)Cc1cn2ccccc2n1,NYYYTUHPAJSTQV-UHFFFAOYSA-N,1.0,50.0,97666,Enamine,EU stock,EN300-26790,46.0,EUR,2,,Cl.O=C(O)Cc1cn2ccccc2n1,2025-09-29,1,1,1,{'Amidation'},{4875},{4318}
128851,CC(C)c1ncsc1N,BOPCJXDJCSOVGI-UHFFFAOYSA-N,1.0,50.0,98253,Enamine,EU stock,EN300-246457,202.0,EUR,2,,CC(C)c1ncsc1N,2025-09-29,1,1,1,{'Amidation'},{4875},{4318}
128912,O=C(O)c1ccn2ccnc2c1,TUKDVVKJZVLVTD-UHFFFAOYSA-N,2.0,100.0,38320,Enamine,Global catalog,EN300-113423,18.0,EUR,10,,Cl.O=C(O)c1ccn2ccnc2c1,2025-09-29,1,2,2,{'Amidation'},"{4908, 5031}","{4344, 48463}"
129123,CCOC(=O)c1csc(N)n1,XHFUVBWCMLLKOZ-UHFFFAOYSA-N,1.0,100.0,37585,Enamine,Global catalog,EN300-02241,18.0,EUR,10,,CCOC(=O)c1csc(N)n1,2025-09-29,1,1,1,{'Amidation'},{5031},{4344}
2308,c1c[nH]c(C2CCCCN2)n1,GJQDDUPLCDQOHZ-UHFFFAOYSA-N,1.0,50.0,80666,Enamine,EU stock,EN300-60807,165.0,EUR,2,,c1c[nH]c(C2CCCCN2)n1,2025-09-29,1,1,1,{'Mitsunobu_reaction_with_amine_alcohol_and_thioalcohol'},{4886},{4737}
122156,OCc1cnn2c1CNCC2,ZFUKNDRYQWGFJE-UHFFFAOYSA-N,3.0,50.0,93441,Enamine,EU stock,EN300-259251,221.0,EUR,2,,OCc1cnn2c1CNCC2,2025-09-29,2,3,3,"{'Mitsunobu_reaction_with_amine_alcohol_and_thioalcohol', 'Amidation'}","{5033, 5076, 4886}","{4737, 4755, 7133}"
129125,CCCN1CCCCC1CN,RUZPSFUHBCXGLY-UHFFFAOYSA-N,1.0,50.0,90703,Enamine,EU stock,EN300-1232054,89.0,EUR,2,,CCCN1CCCCC1CN,2025-09-29,1,1,1,{'Mitsunobu_reaction_with_amine_alcohol_and_thioalcohol'},{5033},{4755}
128876,O=C(O)Cc1cccc2cccnc12,HXXDDZQNKIORGO-UHFFFAOYSA-N,2.0,50.0,97565,Enamine,EU stock,EN300-26267,150.0,EUR,2,,O=C(O)Cc1cccc2cccnc12,2025-09-29,1,2,2,{'Amidation'},"{5445, 4926}","{64361, 4933}"
128947,CCOC1(CN)CCC1,WAEMASLZRMORRW-UHFFFAOYSA-N,1.0,50.0,90957,Enamine,EU stock,EN300-1265259,97.0,EUR,2,,CCOC1(CN)CCC1.Cl,2025-09-29,1,1,1,{'Amidation'},{4926},{4933}
128983,CNCc1c[nH]cn1,VYAFJWHVHCBQBJ-UHFFFAOYSA-N,3.0,50.0,81592,Enamine,EU stock,EN300-109742,69.0,EUR,2,,CNCc1c[nH]cn1,2025-09-29,2,3,3,"{'Amidation', 'Formation_of_urea_from_two_amines'}","{4947, 5126, 5167}","{57216, 5065, 7770}"
128984,CCOC(=O)CC1CCNCC1,IHSUFLCKRIHFGY-UHFFFAOYSA-N,1.0,100.0,56041,Enamine,Global catalog,EN300-30459,18.0,EUR,10,,CCOC(=O)CC1CCNCC1,2025-09-29,1,1,1,{'Formation_of_urea_from_two_amines'},{4947},{5065}
129094,O=C(O)c1csc(-c2ncc[nH]2)n1,GGUOAZODUXGYLO-UHFFFAOYSA-N,1.0,50.0,87438,Enamine,EU stock,EN300-381036,240.0,EUR,2,,Cl.O=C(O)c1csc(-c2ncc[nH]2)n1,2025-09-29,1,1,1,{'Amidation'},{5013},{5187}
129095,CCC(N)C(C)O,BKFGLDUWYUYHRF-UHFFFAOYSA-N,1.0,50.0,84915,Enamine,EU stock,EN300-245366,233.0,EUR,2,,CCC(N)C(C)O,2025-09-29,1,1,1,{'Amidation'},{5013},{5187}
128765,CC(N)c1ncc[nH]1,IIRFPANPYNPFMC-UHFFFAOYSA-N,3.0,50.0,107406,Enamine,EU stock,EN300-184401,56.0,EUR,2,,CC(N)c1ncc[nH]1.Cl.Cl,2025-09-29,1,3,3,{'Amidation'},"{4825, 5353, 5342}","{5200, 13853, 17109}"
1826,c1ccc2[nH]c(C3CCNCC3)nc2c1,HBOGHPAOOWUTLB-UHFFFAOYSA-N,1.0,100.0,60265,Enamine,Global catalog,EN300-25939,18.0,EUR,10,,c1ccc2[nH]c(C3CCNCC3)nc2c1,2025-09-29,1,1,1,{'Amidation'},{4802},{5363}
128724,CON=CC(=O)O,MIHIJWOEDDPOLG-UHFFFAOYSA-N,2.0,50.0,109862,Enamine,EU stock,EN300-128172,62.0,EUR,2,,CON=CC(=O)O,2025-09-29,1,2,2,{'Amidation'},"{4802, 4980}","{9579, 5363}"
128907,O=C(O)Cc1scnc1-c1ccccc1,JSYNROPGKZVGRJ-UHFFFAOYSA-N,1.0,50.0,102422,Enamine,EU stock,EN300-245584,233.0,EUR,2,,O=C(O)Cc1scnc1-c1ccccc1,2025-09-29,1,1,1,{'Amidation'},{4905},{5492}
128908,CNCC1CCCNC1,CYDMJLIOBYDVSP-UHFFFAOYSA-N,1.0,50.0,87110,Enamine,EU stock,EN300-344259,193.0,EUR,2,,CNC[C@@H]1CCCNC1.Cl.Cl,2025-09-29,1,1,1,{'Amidation'},{4905},{5492}
128643,O=C(O)C1CCCN(c2cc(=O)[nH]cn2)C1,PVHYMLCSLUIQCN-UHFFFAOYSA-N,1.0,100.0,50763,Enamine,Global catalog,EN300-7431714,310.0,EUR,10,,Cl.O=C(O)C1CCCN(c2cc(=O)[nH]cn2)C1,2025-09-29,1,1,1,{'Amidation'},{4751},{5576}
128752,CN1CCCCC1CO,HXXJMMLIEYAFOZ-UHFFFAOYSA-N,1.0,100.0,52457,Enamine,Global catalog,EN300-91956,18.0,EUR,10,,CN1CCCCC1CO,2025-09-29,1,1,1,{'Mitsunobu_aryl_ether_synthesis'},{4818},{5622}
129005,O=C(O)COCc1cccnc1,ZDVKIFPPXUCCEW-UHFFFAOYSA-N,1.0,50.0,84233,Enamine,EU stock,EN300-212340,97.0,EUR,2,,O=C(O)COCc1cccnc1,2025-09-29,1,1,1,{'Amidation'},{4960},{5694}
129006,NC1CC(n2cccn2)C1,UVECAGJZTSVGIY-UHFFFAOYSA-N,1.0,50.0,93129,Enamine,EU stock,EN300-6735275,215.0,EUR,2,,Cl.Cl.N[C@H]1C[C@H](n2cccn2)C1,2025-09-29,1,1,1,{'Amidation'},{4960},{5694}
122220,O=C(O)c1cccc2ncccc12,RAYMXZBXQCGRGX-UHFFFAOYSA-N,3.0,100.0,65924,Enamine,Global catalog,EN300-25521,18.0,EUR,10,,O=C(O)c1cccc2ncccc12,2025-09-29,1,3,3,{'Amidation'},"{5016, 5050, 4733}","{5763, 48235, 55804}"
129155,NC(=O)C(N)c1ccccn1,RJTFAXODZHCPEN-UHFFFAOYSA-N,1.0,50.0,84588,Enamine,EU stock,EN300-225920,187.0,EUR,2,,NC(=O)C(N)c1ccccn1,2025-09-29,1,1,1,{'Amidation'},{5050},{5763}
128861,OCCNc1ccccn1,UYLOQLKUWBXBBN-UHFFFAOYSA-N,1.0,100.0,31739,Enamine,Global catalog,EN300-35650,18.0,EUR,10,,OCCNc1ccccn1,2025-09-29,1,1,1,{'Mitsunobu_reaction_with_amine_alcohol_and_thioalcohol'},{4881},{5783}
128862,Nc1ccc2cccc(Cl)c2n1,CKYLCXRCRTXTJH-UHFFFAOYSA-N,1.0,50.0,94937,Enamine,EU stock,EN300-129334,100.0,EUR,2,,Nc1ccc2cccc(Cl)c2n1,2025-09-29,1,1,1,{'Mitsunobu_reaction_with_amine_alcohol_and_thioalcohol'},{4881},{5783}
129093,COc1ccc2cccnc2c1CN,XKVZTMCXRNSDND-UHFFFAOYSA-N,2.0,50.0,86797,Enamine,EU stock,EN300-319592,190.0,EUR,2,,COc1ccc2cccnc2c1CN,2025-09-29,2,2,2,"{'Amidation', 'Sulfonamide_Schotten-Baumann_with_amine_(intermolecular)'}","{5044, 5012}","{5811, 10191}"
129146,O=S(=O)(Cl)c1ccccn1,JQJOGAGLBDBMLU-UHFFFAOYSA-N,1.0,100.0,72976,Enamine,Global catalog,EN300-120428,114.0,EUR,10,,O=S(=O)(Cl)c1ccccn1,2025-09-29,1,1,1,{'Sulfonamide_Schotten-Baumann_with_amine_(intermolecular)'},{5044},{5811}
128969,Nc1cc(-c2cccnc2)ccn1,VZSPRDGYHFGDAY-UHFFFAOYSA-N,1.0,50.0,85091,Enamine,EU stock,EN300-185522,27.0,EUR,2,,Nc1cc(-c2cccnc2)ccn1,2025-09-29,1,1,1,{'Formation_of_urea_from_two_amines'},{4938},{5831}
128970,CC(CN)c1ccsc1,ZPFUOVZGZSQEQP-UHFFFAOYSA-N,1.0,50.0,95855,Enamine,EU stock,EN300-7652601,179.0,EUR,2,,CC(CN)c1ccsc1.Cl,2025-09-29,1,1,1,{'Formation_of_urea_from_two_amines'},{4938},{5831}
82346,CNCc1ccccn1,OOTKJPZEEVPWCR-UHFFFAOYSA-N,1.0,100.0,31753,Enamine,Global catalog,EN300-42931,18.0,EUR,10,,CNCc1ccccn1,2025-09-29,1,1,1,{'Mitsunobu_reaction_with_amine_alcohol_and_thioalcohol'},{5000},{5838}
129071,O=C(NCCO)c1cccnc1,SJZLOWYUGKIWAK-UHFFFAOYSA-N,1.0,50.0,89842,Enamine,EU stock,EN300-80598,20.0,EUR,2,,O=C(NCCO)c1cccnc1,2025-09-29,1,1,1,{'Mitsunobu_reaction_with_amine_alcohol_and_thioalcohol'},{5000},{5838}
128946,COCCC(N)c1cccnc1,PKZBBYAWXPEBFM-UHFFFAOYSA-N,3.0,50.0,87319,Enamine,EU stock,EN300-373783,224.0,EUR,2,,COCCC(N)c1cccnc1.Cl.Cl,2025-09-29,1,3,3,{'Amidation'},"{5008, 5077, 4925}","{5856, 5850, 5852}"
129088,O=C(O)c1ncccc1Br,KBDIRPOTVAODSA-UHFFFAOYSA-N,1.0,100.0,74212,Enamine,Global catalog,EN300-84427,18.0,EUR,10,,O=C(O)c1ncccc1Br,2025-09-29,1,1,1,{'Amidation'},{5008},{5850}
129218,O=C(O)c1ccc(Cl)cn1,GJLOKYIYZIOIPN-UHFFFAOYSA-N,1.0,100.0,55152,Enamine,Global catalog,EN300-80716,18.0,EUR,10,,O=C(O)c1ccc(Cl)cn1,2025-09-29,1,1,1,{'Amidation'},{5077},{5852}
128945,NCc1ccnc(C(=O)O)c1,IUFOZBQMZPRDSW-UHFFFAOYSA-N,1.0,100.0,73869,Enamine,Global catalog,EN300-7438232,499.0,EUR,10,,Cl.Cl.NCc1ccnc(C(=O)O)c1,2025-09-29,1,1,1,{'Amidation'},{4925},{5856}
617,CCC(N)c1ccncc1,VGFZORUFTNLGLI-UHFFFAOYSA-N,1.0,100.0,59295,Enamine,Global catalog,EN300-84554,28.0,EUR,10,,CCC(N)c1ccncc1,2025-09-29,1,1,1,{'Formation_of_urea_from_two_amines'},{4949},{5866}
128987,C[S+]([O-])c1ccc(N)nc1,RYVCOMPFOKUUJB-UHFFFAOYSA-N,1.0,100.0,47745,Enamine,Global catalog,EN300-227023,301.0,EUR,10,,CS(=O)c1ccc(N)nc1,2025-09-29,1,1,1,{'Formation_of_urea_from_two_amines'},{4949},{5866}
128530,CCNCc1cccnc1,SGROJTFSHJVVSF-UHFFFAOYSA-N,2.0,100.0,36423,Enamine,Global catalog,EN300-167268,18.0,EUR,10,,CCNCc1cccnc1,2025-09-29,1,2,2,{'Amidation'},"{5093, 4701}","{5939, 52693}"
129268,COc1ccn2c(C(=O)O)cnc2c1,MSNJGLIZTIZCLS-UHFFFAOYSA-N,1.0,50.0,97824,Enamine,EU stock,EN300-256613,92.0,EUR,2,,COc1ccn2c(C(=O)O)cnc2c1,2025-09-29,1,1,1,{'Amidation'},{5093},{5939}
129096,O=C(O)Cc1nc(-c2ccccc2)cs1,OLQHHTZTEVMZLC-UHFFFAOYSA-N,2.0,100.0,38166,Enamine,Global catalog,EN300-143412,68.0,EUR,10,,O=C(O)Cc1nc(-c2ccccc2)cs1,2025-09-29,1,2,2,{'Amidation'},"{5014, 5303}","{7475, 6014}"
129122,NCc1ncccn1,ROSKZJGILXBSFM-UHFFFAOYSA-N,1.0,100.0,58532,Enamine,Global catalog,EN300-113029,18.0,EUR,10,,Cl.Cl.NCc1ncccn1,2025-09-29,1,1,1,{'Amidation'},{5303},{6014}
128642,CC(C)Cc1nc(C(=O)O)cs1,GELCNJDITWBJJG-UHFFFAOYSA-N,2.0,50.0,102084,Enamine,EU stock,EN300-59472,63.0,EUR,2,,CC(C)Cc1nc(C(=O)O)cs1,2025-09-29,1,2,2,{'Steglich_esterification'},"{4996, 4750}","{50914, 6213}"
128879,CC(O)c1nc2ccccc2[nH]1,XZHWEHOSQYNGOL-UHFFFAOYSA-N,2.0,100.0,67128,Enamine,Global catalog,EN300-02574,18.0,EUR,10,,CC(O)c1nc2ccccc2[nH]1,2025-09-29,1,2,2,{'Steglich_esterification'},"{4891, 4996}","{6213, 56830}"
59949,CC(=O)NCC1CCN1,ILWSPBQCIUAGPN-UHFFFAOYSA-N,1.0,100.0,47864,Enamine,Global catalog,EN300-7494062,481.0,EUR,10,,CC(=O)NCC1CCN1.Cl.Cl,2025-09-29,1,1,1,{'Amidation'},{4824},{6461}
128763,O=C(O)C(O)Cc1c[nH]cn1,ACZFBYCNAVEFLC-UHFFFAOYSA-N,1.0,50.0,92966,Enamine,EU stock,EN300-6503811,77.0,EUR,2,,Cl.O=C(O)[C@@H](O)Cc1c[nH]cn1,2025-09-29,1,1,1,{'Amidation'},{4824},{6461}
129473,O=C(O)CCn1ccnc1,VSFNAZLYGOOSEY-UHFFFAOYSA-N,1.0,100.0,31263,Enamine,Global catalog,EN300-26163,18.0,EUR,10,,O=C(O)CCn1ccnc1,2025-09-29,1,1,1,{'Amidation'},{5208},{6489}
129474,CNC(c1ccccc1)c1ncc[nH]1,BMWHWEYKWBMGOV-UHFFFAOYSA-N,1.0,50.0,105246,Enamine,EU stock,EN300-190747,90.0,EUR,2,,CNC(c1ccccc1)c1ncc[nH]1,2025-09-29,1,1,1,{'Amidation'},{5208},{6489}
128740,CCOC(C)c1ncc(C(=O)O)s1,TWSLWHULHAEKCE-UHFFFAOYSA-N,1.0,50.0,100305,Enamine,EU stock,EN300-92010,193.0,EUR,2,,CCOC(C)c1ncc(C(=O)O)s1,2025-09-29,1,1,1,{'Amidation'},{4811},{6526}
119590,CNc1nc2ccccc2s1,QVKPPRYUGJFISN-UHFFFAOYSA-N,1.0,50.0,79897,Enamine,EU stock,EN300-27042,26.0,EUR,2,,Br.CNc1nc2ccccc2s1,2025-09-29,1,1,1,{'Amidation'},{5487},{6613}
129947,Cc1csc(=O)n1CC(=O)O,RUXSNFPDNUJKLO-UHFFFAOYSA-N,1.0,50.0,79856,Enamine,EU stock,EN300-12067,63.0,EUR,2,,Cc1csc(=O)n1CC(=O)O,2025-09-29,1,1,1,{'Amidation'},{5487},{6613}
128662,SCCn1cccn1,DWLUCYMFCPJLGL-UHFFFAOYSA-N,1.0,100.0,33416,Enamine,Global catalog,EN300-99976,292.0,EUR,10,,SCCn1cccn1,2025-09-29,1,1,1,{'Mitsunobu_reaction_with_amine_alcohol_and_thioalcohol'},{4763},{6745}
128663,Cc1nccc(CO)n1,WZAMGKJWSAIQMX-UHFFFAOYSA-N,1.0,50.0,85279,Enamine,EU stock,EN300-107494,43.0,EUR,2,,Cc1nccc(CO)n1,2025-09-29,1,1,1,{'Mitsunobu_reaction_with_amine_alcohol_and_thioalcohol'},{4763},{6745}
129170,Clc1nccc(-n2cccn2)n1,HLVDAOQURQRINX-UHFFFAOYSA-N,1.0,100.0,32849,Enamine,Global catalog,EN300-76600,69.0,EUR,10,,Clc1nccc(-n2cccn2)n1,2025-09-29,1,1,1,{'N-nucleophilic_aromatic_substitution'},{5057},{6746}
129171,CC(C)(CN)OC(F)F,QNWFQMHAAZOJNP-UHFFFAOYSA-N,1.0,50.0,99206,Enamine,EU stock,EN300-200181,512.0,EUR,2,,CC(C)(CN)OC(F)F,2025-09-29,1,1,1,{'N-nucleophilic_aromatic_substitution'},{5057},{6746}
64073,CC(CN)n1cccn1,GQZZHLYLVWFBAY-UHFFFAOYSA-N,2.0,50.0,84425,Enamine,EU stock,EN300-231888,85.0,EUR,2,,CC(CN)n1cccn1,2025-09-29,2,2,2,"{'Amidation', 'N-nucleophilic_aromatic_substitution'}","{5196, 5063}","{66556, 6774}"
129180,O=C(O)c1cnc(C2CCCN2)nc1,IGCWYTMDOKTHEI-UHFFFAOYSA-N,1.0,50.0,96568,Enamine,EU stock,EN300-1273005,224.0,EUR,2,,Cl.O=C(O)c1cnc(C2CCCN2)nc1,2025-09-29,1,1,1,{'Amidation'},{5063},{6774}
128940,c1c(C2CC2)nn2c1CNCC2,JUWSWPQXQCBMTI-UHFFFAOYSA-N,1.0,50.0,88056,Enamine,EU stock,EN300-637406,234.0,EUR,2,,Cl.c1c(C2CC2)nn2c1CNCC2,2025-09-29,1,1,1,{'Formation_of_urea_from_two_amines'},{4922},{7126}
128941,CNCc1ncc[nH]1,FXNGQGIWLUWGBV-UHFFFAOYSA-N,1.0,50.0,101244,Enamine,EU stock,EN300-7387231,23.0,EUR,2,,CNCc1ncc[nH]1.Cl.Cl,2025-09-29,1,1,1,{'Formation_of_urea_from_two_amines'},{4922},{7126}
129217,O=C(O)CSCc1ncc[nH]1,SFLKBFVLITZBLM-UHFFFAOYSA-N,1.0,50.0,88448,Enamine,EU stock,EN300-73809,84.0,EUR,2,,Cl.O=C(O)CSCc1ncc[nH]1,2025-09-29,1,1,1,{'Amidation'},{5076},{7133}
121697,CC(C)N,JJWLVOIRVHMVIS-UHFFFAOYSA-N,8.0,100.0,41982,Enamine,Global catalog,EN300-18989,18.0,EUR,10,,CC(C)N,2025-09-29,3,8,8,"{'Buchwald-Hartwig_amination', 'N-nucleophilic_aromatic_substitution', 'Reductive_amination'}","{4705, 5122, 4932, 1543, 4814, 4787, 4796, 5407}","{11169, 7401, 55564, 113775, 61266, 74617, 51867, 7420}"
128537,Cc1nc2cc(Br)ccc2n1C,KXQPLXMYJLKDMW-UHFFFAOYSA-N,1.0,50.0,92458,Enamine,EU stock,EN300-206808,20.0,EUR,2,,Cc1nc2cc(Br)ccc2n1C,2025-09-29,1,1,1,{'Buchwald-Hartwig_amination'},{4705},{7401}
128744,Cn1c(Cl)nc2cc(F)ccc21,ZOHVWGDSBHMZLO-UHFFFAOYSA-N,1.0,50.0,93803,Enamine,EU stock,EN300-3277442,26.0,EUR,2,,Cn1c(Cl)nc2cc(F)ccc21,2025-09-29,1,1,1,{'N-nucleophilic_aromatic_substitution'},{4814},{7420}
128573,NCC1CCCNC1,IPOVLZSJBYKHHU-UHFFFAOYSA-N,2.0,100.0,73603,Enamine,Global catalog,EN300-295862,18.0,EUR,10,,NCC1CCCNC1,2025-09-29,1,2,2,{'Amidation'},"{4721, 5014}","{7475, 15238}"
128883,OCc1cncs1,WKBQQWDVVHGWDB-UHFFFAOYSA-N,1.0,100.0,45344,Enamine,Global catalog,EN300-91124,18.0,EUR,10,,OCc1cncs1,2025-09-29,1,1,1,{'Steglich_esterification'},{4894},{7519}
128884,O=C(O)COc1ncnc2ccccc12,ILCNFBGYXLMVEH-UHFFFAOYSA-N,1.0,50.0,95899,Enamine,EU stock,EN300-1228984,43.0,EUR,2,,O=C(O)COc1ncnc2ccccc12,2025-09-29,1,1,1,{'Steglich_esterification'},{4894},{7519}
128513,Brc1ncnc2ccccc12,WJYKTNSYMVJDBR-UHFFFAOYSA-N,4.0,100.0,55145,Enamine,Global catalog,EN300-71541,94.0,EUR,10,,Brc1ncnc2ccccc12,2025-09-29,1,4,4,{'N-nucleophilic_aromatic_substitution'},"{5240, 5257, 5347, 4694}","{14273, 107826, 7563, 107817}"
129526,c1csc(C2CNCCO2)n1,GBGMYPGSDOAQHU-UHFFFAOYSA-N,1.0,50.0,84680,Enamine,EU stock,EN300-63828,215.0,EUR,2,,c1csc(C2CNCCO2)n1,2025-09-29,1,1,1,{'N-nucleophilic_aromatic_substitution'},{5240},{7563}
128589,NCCc1ncc[nH]1,DEURIUYJZZLADZ-UHFFFAOYSA-N,4.0,50.0,80978,Enamine,EU stock,EN300-73975,31.0,EUR,2,,Cl.Cl.NCCc1ncc[nH]1,2025-09-29,1,4,4,{'Amidation'},"{4826, 4915, 5492, 4726}","{7721, 13867, 51363, 17079}"
128766,O=C(O)Cc1ccn(C2CCCC2)n1,ITFIWHOJXJIEBU-UHFFFAOYSA-N,1.0,50.0,101558,Enamine,EU stock,EN300-7534920,131.0,EUR,2,,Cl.O=C(O)Cc1ccn(C2CCCC2)n1,2025-09-29,1,1,1,{'Amidation'},{4826},{7721}
129015,O=C(O)Cn1cccn1,LOSKNFQZTWYZHI-UHFFFAOYSA-N,1.0,100.0,45372,Enamine,Global catalog,EN300-23942,18.0,EUR,10,,O=C(O)Cn1cccn1,2025-09-29,1,1,1,{'Amidation'},{5126},{7770}
128686,CC(C)C(=O)NC1CCCNC1,LUQMAIJPUJURSU-UHFFFAOYSA-N,1.0,100.0,68109,Enamine,Global catalog,EN300-8203762,103.0,EUR,10,,CC(C)C(=O)NC1CCCNC1.Cl,2025-09-29,1,1,1,{'Amidation'},{4775},{7984}
129009,CC(=O)NCc1ccc(C(=O)O)o1,OECRLHRWMUECDA-UHFFFAOYSA-N,1.0,50.0,80588,Enamine,EU stock,EN300-65507,84.0,EUR,2,,CC(=O)NCc1ccc(C(=O)O)o1,2025-09-29,1,1,1,{'Amidation'},{4962},{8113}
129656,O=C(O)Cc1ncc[nH]1,WUJUYHMGDPTLMG-UHFFFAOYSA-N,1.0,50.0,84816,Enamine,EU stock,EN300-220527,50.0,EUR,2,,Cl.O=C(O)Cc1ncc[nH]1,2025-09-29,1,1,1,{'Amidation'},{5323},{8117}
129657,CC1NC(=O)CCC1CN,GVNHYSWEDIAZBW-UHFFFAOYSA-N,1.0,100.0,61385,Enamine,Global catalog,EN300-27702142,339.0,EUR,10,,CC1NC(=O)CCC1CN.Cl.Cl,2025-09-29,1,1,1,{'Amidation'},{5323},{8117}
128902,Ic1cc2ccccc2[nH]1,ZPIHHIRJUPXETJ-UHFFFAOYSA-N,1.0,50.0,96602,Enamine,EU stock,EN300-227443,36.0,EUR,2,,Ic1cc2ccccc2[nH]1,2025-09-29,1,1,1,{'Sp2-sp2_Suzuki_coupling'},{4902},{8328}
128903,CC1(C)OB(c2ccccn2)OC1(C)C,SOQIDYYUSMPIDR-UHFFFAOYSA-N,1.0,100.0,46289,Enamine,Global catalog,EN300-103917,50.0,EUR,10,,CC1(C)OB(c2ccccn2)OC1(C)C,2025-09-29,1,1,1,{'Sp2-sp2_Suzuki_coupling'},{4902},{8328}
121750,CC(C)(N)CO,CBTVGIZVANVGBH-UHFFFAOYSA-N,2.0,100.0,42479,Enamine,Global catalog,EN300-19785,18.0,EUR,10,,CC(C)(N)CO,2025-09-29,1,2,2,{'Amidation'},"{5019, 5157}","{60764, 8622}"
129103,O=C(O)c1ccnc2c(C(F)(F)F)cccc12,QCLHYUOVNZKMJW-UHFFFAOYSA-N,1.0,100.0,74366,Enamine,Global catalog,EN300-731940,326.0,EUR,10,,O=C(O)c1ccnc2c(C(F)(F)F)cccc12,2025-09-29,1,1,1,{'Amidation'},{5019},{8622}
128778,NC1CCNCC1,BCIIMDOZSUCSEN-UHFFFAOYSA-N,1.0,100.0,53045,Enamine,Global catalog,EN300-7353907,18.0,EUR,10,,Cl.Cl.NC1CCNCC1,2025-09-29,1,1,1,{'Formation_of_sulfonamide_from_halide_-_Shavnya_reaction'},{4833},{8888}
128779,Cc1ncsc1CCCl,PCLITLDOTJTVDJ-UHFFFAOYSA-N,1.0,100.0,32534,Enamine,Global catalog,EN300-60459,34.0,EUR,10,,Cc1ncsc1CCCl,2025-09-29,1,1,1,{'Formation_of_sulfonamide_from_halide_-_Shavnya_reaction'},{4833},{8888}
129211,NCCNc1ccccn1,TYHXIJJQIJKFSO-UHFFFAOYSA-N,1.0,100.0,31774,Enamine,Global catalog,EN300-31752,18.0,EUR,10,,Cl.Cl.NCCNc1ccccn1,2025-09-29,1,1,1,{'Ester_amidation'},{5071},{8907}
129212,CC(C)(C)OC(=O)c1csc(C2CCNCC2)n1,QNQKNQAILPHULS-UHFFFAOYSA-N,1.0,100.0,56636,Enamine,Global catalog,EN300-252186,326.0,EUR,10,,CC(C)(C)OC(=O)c1csc(C2CCNCC2)n1,2025-09-29,1,1,1,{'Ester_amidation'},{5071},{8907}
128487,O=C(O)c1ccc2[nH]cnc2c1,COYPLDIXZODDDL-UHFFFAOYSA-N,1.0,100.0,35436,Enamine,Global catalog,EN300-17352,18.0,EUR,10,,O=C(O)c1ccc2[nH]cnc2c1,2025-09-29,1,1,1,{'Amidation'},{4946},{9007}
128982,NCc1ccc(-n2cnc3ccccc32)nc1,MECNWPUYNNZCLT-UHFFFAOYSA-N,2.0,100.0,58273,Enamine,Global catalog,EN300-59116,78.0,EUR,10,,NCc1ccc(-n2cnc3ccccc32)nc1,2025-09-29,1,2,2,{'Amidation'},"{4946, 4967}","{113525, 9007}"
129045,Cc1cc(F)ccn1,LEJYGRVERQVBLB-UHFFFAOYSA-N,1.0,100.0,35842,Enamine,Global catalog,EN300-103099,18.0,EUR,10,,Cc1cc(F)ccn1,2025-09-29,1,1,1,{'N-nucleophilic_aromatic_substitution'},{4984},{9118}
129046,CNC1CCCNC1,LJAXTAOSOVPBQH-UHFFFAOYSA-N,1.0,50.0,102872,Enamine,EU stock,EN300-345230,193.0,EUR,2,,CN[C@H]1CCCNC1.Cl.Cl,2025-09-29,1,1,1,{'N-nucleophilic_aromatic_substitution'},{4984},{9118}
129130,O=C(O)CCn1cnc2ccccc21,XKGRXBQGCQJOHQ-UHFFFAOYSA-N,1.0,100.0,73883,Enamine,Global catalog,EN300-14584,18.0,EUR,10,,O=C(O)CCn1cnc2ccccc21,2025-09-29,1,1,1,{'Amidation'},{5037},{9337}
129131,Cc1csc(CN)n1,OJEGLCVIHVSMMR-UHFFFAOYSA-N,1.0,50.0,108083,Enamine,EU stock,EN300-1264951,18.0,EUR,2,,Cc1csc(CN)n1.Cl.Cl,2025-09-29,1,1,1,{'Amidation'},{5037},{9337}
128920,CC(=O)NC(C)C1CCNCC1,BPRBTTFXQRPWER-UHFFFAOYSA-N,2.0,100.0,60258,Enamine,Global catalog,EN300-138915,235.0,EUR,10,,CC(=O)NC(C)C1CCNCC1,2025-09-29,1,2,2,{'Amidation'},"{4912, 4950}","{9466, 9558}"
128921,CC(=Cc1cccnc1)C(=O)O,PFLDXMZZVKOXGU-UHFFFAOYSA-N,1.0,50.0,98210,Enamine,EU stock,EN300-267032,161.0,EUR,2,,CC(=Cc1cccnc1)C(=O)O.Cl,2025-09-29,1,1,1,{'Amidation'},{4912},{9466}
128988,CC(Cc1ccncc1)C(=O)O,YGULNNXYUJYOSY-UHFFFAOYSA-N,1.0,100.0,49965,Enamine,Global catalog,EN300-6733973,125.0,EUR,10,,CC(Cc1ccncc1)C(=O)O.Cl,2025-09-29,1,1,1,{'Amidation'},{4950},{9558}
128657,O=C(O)C1CCCN(C(=O)c2ccncc2)C1,HQGGJAWLHZDKLT-UHFFFAOYSA-N,1.0,50.0,84644,Enamine,EU stock,EN300-86799,81.0,EUR,2,,O=C(O)C1CCCN(C(=O)c2ccncc2)C1,2025-09-29,1,1,1,{'Amidation'},{4759},{9576}
128658,CC(C)C(N)CO,NWYYWIJOWOLJNR-UHFFFAOYSA-N,1.0,100.0,38810,Enamine,Global catalog,EN300-97459,18.0,EUR,10,,CC(C)[C@H](N)CO,2025-09-29,1,1,1,{'Amidation'},{4759},{9576}
129041,c1cc(-c2csc(C3CCNCC3)n2)ccn1,VRGIXQWVWDOEAL-UHFFFAOYSA-N,1.0,100.0,75988,Enamine,Global catalog,EN300-72553,193.0,EUR,10,,Cl.Cl.c1cc(-c2csc(C3CCNCC3)n2)ccn1,2025-09-29,1,1,1,{'Amidation'},{4980},{9579}
5019,c1nc(C2CCNCC2)c[nH]1,NNDJCSXUAYKMAA-UHFFFAOYSA-N,1.0,100.0,70794,Enamine,Global catalog,EN300-8166985,36.0,EUR,10,,Cl.Cl.c1nc(C2CCNCC2)c[nH]1,2025-09-29,1,1,1,{'Amidation'},{5235},{9697}
129133,CC(C)(C(=O)O)c1c[nH]cn1,LORNKCPCLAVENK-UHFFFAOYSA-N,3.0,50.0,107953,Enamine,EU stock,EN300-187912,584.0,EUR,2,,CC(C)(C(=O)O)c1c[nH]cn1.Cl,2025-09-29,1,3,3,{'Amidation'},"{5235, 5341, 5038}","{9697, 110950, 13206}"
68051,Nc1c[nH]cn1,QRZMXADUXZADTF-UHFFFAOYSA-N,1.0,100.0,58546,Enamine,Global catalog,EN300-193609,183.0,EUR,10,,Cl.Cl.Nc1cnc[nH]1,2025-09-29,1,1,1,{'Amidation'},{5048},{9828}
121245,CCC(=O)O,XBDQKXXYIPTUBI-UHFFFAOYSA-N,2.0,100.0,63250,Enamine,Global catalog,EN300-19540,18.0,EUR,10,,CCC(=O)O,2025-09-29,1,2,2,{'Amidation'},"{5048, 5131}","{62267, 9828}"
128584,NCCc1ccncc1,IDLHTECVNDEOIY-UHFFFAOYSA-N,1.0,100.0,46975,Enamine,Global catalog,EN300-50402,18.0,EUR,10,,NCCc1ccncc1,2025-09-29,1,1,1,{'Amidation'},{4724},{9884}
128585,Cn1cncc1CC(=O)O,UJCGYTCAMOHYCG-UHFFFAOYSA-N,1.0,50.0,91860,Enamine,EU stock,EN300-152418,195.0,EUR,2,,Cl.Cn1cncc1CC(=O)O,2025-09-29,1,1,1,{'Amidation'},{4724},{9884}
128496,O=C(O)c1c[nH]c(C2CC2)n1,BCXIWDIIDZVWJO-UHFFFAOYSA-N,1.0,50.0,81546,Enamine,EU stock,EN300-106019,193.0,EUR,2,,Cl.O=C(O)c1c[nH]c(C2CC2)n1,2025-09-29,1,1,1,{'Amidation'},{4686},{9898}
128497,COC(=O)C(N)Cc1ccncc1,MFDSUVIUGDAHLU-UHFFFAOYSA-N,1.0,50.0,97264,Enamine,EU stock,EN300-220945,93.0,EUR,2,,COC(=O)C(N)Cc1ccncc1.Cl.Cl,2025-09-29,1,1,1,{'Amidation'},{4686},{9898}
128569,O=C(O)c1cncc(-n2ccnc2)n1,NPBMCKRIOUAIES-UHFFFAOYSA-N,1.0,100.0,78259,Enamine,Global catalog,EN300-2666482,364.0,EUR,10,,O=C(O)c1cncc(-n2ccnc2)n1,2025-09-29,1,1,1,{'Amidation'},{4719},{9911}
128570,NC(CO)Cc1ccncc1,XXPMWCAKYNQCQM-UHFFFAOYSA-N,1.0,50.0,90874,Enamine,EU stock,EN300-174555,36.0,EUR,2,,Cl.Cl.NC(CO)Cc1ccncc1,2025-09-29,1,1,1,{'Amidation'},{4719},{9911}
122683,CC1(C)OB(C2CCNCC2)OC1(C)C,ITJOVDVQZDQJDF-UHFFFAOYSA-N,1.0,50.0,87333,Enamine,EU stock,EN300-373944,23.0,EUR,2,,CC1(C)OB(C2CCNCC2)OC1(C)C.Cl,2025-09-29,1,1,1,{'Sp3-sp2_Suzuki_coupling'},{5381},{9946}
129753,Ic1cccc2[nH]ccc12,XVRDITINKCASST-UHFFFAOYSA-N,1.0,50.0,105062,Enamine,EU stock,EN300-314812,25.0,EUR,2,,Ic1cccc2[nH]ccc12,2025-09-29,1,1,1,{'Sp3-sp2_Suzuki_coupling'},{5381},{9946}
128874,O=C(O)CCC(=O)c1ccncc1,QHBYZGQLPMSIFR-UHFFFAOYSA-N,1.0,50.0,99443,Enamine,EU stock,EN300-1717090,79.0,EUR,2,,Cl.O=C(O)CCC(=O)c1ccncc1,2025-09-29,1,1,1,{'Amidation'},{4889},{10062}
128875,NC1CCCN(c2ncccn2)C1,OPGDLXLANFEESO-UHFFFAOYSA-N,1.0,50.0,98709,Enamine,EU stock,EN300-43309,22.0,EUR,2,,NC1CCCN(c2ncccn2)C1,2025-09-29,1,1,1,{'Amidation'},{4889},{10062}
128887,c1cc(C2CCCNCC2)ccn1,KECVVBOWVKCCFM-UHFFFAOYSA-N,1.0,50.0,87424,Enamine,EU stock,EN300-385300,224.0,EUR,2,,Cl.Cl.c1cc(C2CCCNCC2)ccn1,2025-09-29,1,1,1,{'Amidation'},{4896},{10065}
128888,O=C(O)CCc1cncnc1,RNCFDQFEJGONQV-UHFFFAOYSA-N,2.0,50.0,97968,Enamine,EU stock,EN300-215464,111.0,EUR,2,,O=C(O)CCc1cncnc1,2025-09-29,1,2,2,{'Amidation'},"{4896, 5364}","{58440, 10065}"
129120,O=C1CNCCN1c1ncccn1,XCXAMWMCBMTBOL-UHFFFAOYSA-N,1.0,50.0,92661,Enamine,EU stock,EN300-6763682,147.0,EUR,2,,Cl.Cl.O=C1CNCCN1c1ncccn1,2025-09-29,1,1,1,{'Amidation'},{5029},{10072}
129121,CN(CCC(=O)O)c1ccncc1,VMRJOYCQTCCSEC-UHFFFAOYSA-N,1.0,50.0,82603,Enamine,EU stock,EN300-128443,158.0,EUR,2,,CN(CCC(=O)O)c1ccncc1.Cl,2025-09-29,1,1,1,{'Amidation'},{5029},{10072}
122279,Ic1cnn2c1CNCC2,KNPUXQUICGBXMD-UHFFFAOYSA-N,1.0,50.0,96672,Enamine,EU stock,EN300-705971,207.0,EUR,2,,Cl.Ic1cnn2c1CNCC2,2025-09-29,1,1,1,{'Formation_of_sulfonamide_from_halide_-_Shavnya_reaction'},{4957},{10165}
128999,Cn1ccnc1CCN,XCKQBMQJPNDJLD-UHFFFAOYSA-N,1.0,50.0,88807,Enamine,EU stock,EN300-384240,48.0,EUR,2,,Cl.Cl.Cn1ccnc1CCN,2025-09-29,1,1,1,{'Formation_of_sulfonamide_from_halide_-_Shavnya_reaction'},{4957},{10165}
128499,O=C(O)c1cnn2c1CNCC2,KWUYRSAIQHNCJF-UHFFFAOYSA-N,4.0,50.0,96347,Enamine,EU stock,EN300-761574,211.0,EUR,2,,Cl.Cl.O=C(O)c1cnn2c1CNCC2,2025-09-29,1,4,4,{'Amidation'},"{4688, 5372, 4917, 4870}","{108280, 50969, 53652, 10166}"
128927,Cn1ccnc1C(N)C(F)(F)F,XRAVJQYOGWFJLO-UHFFFAOYSA-N,1.0,50.0,89267,Enamine,EU stock,EN300-1264663,202.0,EUR,2,,Cn1ccnc1C(N)C(F)(F)F,2025-09-29,1,1,1,{'Amidation'},{4917},{10166}
128653,O=C(O)c1cscn1,HMVYYTRDXNKRBQ-UHFFFAOYSA-N,1.0,100.0,31151,Enamine,Global catalog,EN300-67411,18.0,EUR,10,,O=C(O)c1cscn1,2025-09-29,1,1,1,{'Amidation'},{4846},{10180}
128802,COC(=O)COc1ccc(N)c2cccnc12,QTNAUIKTPPBIBC-UHFFFAOYSA-N,1.0,100.0,75939,Enamine,Global catalog,EN300-112222,255.0,EUR,10,,COC(=O)COc1ccc(N)c2cccnc12,2025-09-29,1,1,1,{'Amidation'},{4846},{10180}
128636,O=C(O)Cc1cscn1,PISMJKGQNDOCGA-UHFFFAOYSA-N,1.0,50.0,86743,Enamine,EU stock,EN300-244044,18.0,EUR,2,,O=C(O)Cc1cscn1,2025-09-29,1,1,1,{'Amidation'},{5012},{10191}
129238,COc1ccc2cccnc2c1C(=O)O,YXDHBRKFWUOAPG-UHFFFAOYSA-N,1.0,100.0,57611,Enamine,Global catalog,EN300-319590,218.0,EUR,10,,COc1ccc2cccnc2c1C(=O)O,2025-09-29,1,1,1,{'Steglich_esterification'},{5082},{10351}
129239,CCC(O)c1cccnc1,FIGGGNADMGYZFG-UHFFFAOYSA-N,1.0,50.0,93017,Enamine,EU stock,EN300-1240558,73.0,EUR,2,,CCC(O)c1cccnc1,2025-09-29,1,1,1,{'Steglich_esterification'},{5082},{10351}
128614,O=C(O)c1cn2ccccc2n1,WQLJLPDGSLZYEP-UHFFFAOYSA-N,1.0,50.0,97432,Enamine,EU stock,EN300-00834,18.0,EUR,2,,O=C(O)c1cn2ccccc2n1,2025-09-29,1,1,1,{'Amidation'},{5225},{10365}
129502,COc1cc(N)c2ccccc2n1,JTBXQKFAGCXUGI-UHFFFAOYSA-N,1.0,50.0,94387,Enamine,EU stock,EN300-307518,195.0,EUR,2,,COc1cc(N)c2ccccc2n1.Cl,2025-09-29,1,1,1,{'Amidation'},{5225},{10365}
128930,COc1cnc2ccccc2c1C(=O)O,ZEDCFLNCVWDQHW-UHFFFAOYSA-N,2.0,50.0,84105,Enamine,EU stock,EN300-93473,122.0,EUR,2,,COc1cnc2ccccc2c1C(=O)O,2025-09-29,1,2,2,{'Amidation'},"{4983, 4919}","{10474, 13863}"
129044,CNCc1ccncc1,DNBWGFKLIBQQSL-UHFFFAOYSA-N,1.0,100.0,59708,Enamine,Global catalog,EN300-27718,18.0,EUR,10,,CNCc1ccncc1,2025-09-29,1,1,1,{'Amidation'},{4983},{10474}
128647,O=C(O)c1ccc2ccccc2n1,LOAUVZALPPNFOQ-UHFFFAOYSA-N,3.0,100.0,35674,Enamine,Global catalog,EN300-19301,18.0,EUR,10,,O=C(O)c1ccc2ccccc2n1,2025-09-29,1,3,3,{'Amidation'},"{4754, 4906, 5262}","{112745, 10523, 16956}"
128909,CCOC(=O)Cc1cnc(NC)s1,UQRGCVNVVKCPDM-UHFFFAOYSA-N,1.0,100.0,55754,Enamine,Global catalog,EN300-249459,301.0,EUR,10,,CCOC(=O)Cc1cnc(NC)s1,2025-09-29,1,1,1,{'Amidation'},{4906},{10523}
68565,Nc1ccc2[nH]ccc2c1,ZCBIFHNDZBSCEP-UHFFFAOYSA-N,1.0,100.0,73799,Enamine,Global catalog,EN300-28737,18.0,EUR,10,,Nc1ccc2[nH]ccc2c1,2025-09-29,1,1,1,{'Formation_of_urea_from_two_amines'},{4687},{10692}
128498,C1CCN(C2CCNCC2)C1,STWODXDTKGTVCJ-UHFFFAOYSA-N,1.0,100.0,31130,Enamine,Global catalog,EN300-43015,18.0,EUR,10,,C1CCN(C2CCNCC2)C1,2025-09-29,1,1,1,{'Formation_of_urea_from_two_amines'},{4687},{10692}
128803,O=C(O)CCCn1cnc2ccccc21,UZPPPCKAOWOOBS-UHFFFAOYSA-N,1.0,50.0,106993,Enamine,EU stock,EN300-42909,38.0,EUR,2,,O=C(O)CCCn1cnc2ccccc21,2025-09-29,1,1,1,{'Amidation'},{4847},{10728}
128804,CC(N)c1ccccn1,PDNHLCRMUIGNBV-UHFFFAOYSA-N,1.0,100.0,44385,Enamine,Global catalog,EN300-53091,18.0,EUR,10,,C[C@@H](N)c1ccccn1,2025-09-29,1,1,1,{'Amidation'},{4847},{10728}
129806,Brc1cccc2cc[nH]c12,RDSVSEFWZUWZHW-UHFFFAOYSA-N,2.0,100.0,40820,Enamine,Global catalog,EN300-98387,18.0,EUR,10,,Brc1cccc2cc[nH]c12,2025-09-29,2,2,2,"{'Buchwald-Hartwig_amination', 'Sp3-sp2_Suzuki_coupling'}","{5406, 5407}","{11169, 118995}"
128673,O=C(O)CCc1c[nH]c2ccccc12,GOLXRNDWAUTYKT-UHFFFAOYSA-N,1.0,100.0,57063,Enamine,Global catalog,EN300-20789,18.0,EUR,10,,O=C(O)CCc1c[nH]c2ccccc12,2025-09-29,1,1,1,{'Amidation'},{4768},{11345}
128674,CCNCc1ccncc1,ZBAMQLFFVBPAOX-UHFFFAOYSA-N,1.0,100.0,41513,Enamine,Global catalog,EN300-18193,18.0,EUR,10,,CCNCc1ccncc1,2025-09-29,1,1,1,{'Amidation'},{4768},{11345}
128915,NCc1ccc(N2CCCC2)nc1,NVXFTULJPIFMJJ-UHFFFAOYSA-N,1.0,100.0,58427,Enamine,Global catalog,EN300-31075,75.0,EUR,10,,NCc1ccc(N2CCCC2)nc1,2025-09-29,1,1,1,{'Ester_amidation'},{4910},{11370}
128916,COC(=O)Cc1c[nH]c2ccccc12,KTHADMDGDNYQRX-UHFFFAOYSA-N,1.0,100.0,31347,Enamine,Global catalog,EN300-28648,18.0,EUR,10,,COC(=O)Cc1c[nH]c2ccccc12,2025-09-29,1,1,1,{'Ester_amidation'},{4910},{11370}
128536,CC(CN)B1OC(C)(C)C(C)(C)O1,IJKMWLVPJOCGAE-UHFFFAOYSA-N,1.0,50.0,109487,Enamine,EU stock,EN300-46395612,218.0,EUR,2,,CC(CN)B1OC(C)(C)C(C)(C)O1.Cl,2025-09-29,1,1,1,{'Sp3-sp2_Suzuki_coupling'},{4816},{11823}
128749,Clc1nc2ccc(Br)cc2[nH]1,QVVZVWKGWGFUTA-UHFFFAOYSA-N,1.0,100.0,52576,Enamine,Global catalog,EN300-352304,18.0,EUR,10,,Clc1nc2cc(Br)ccc2[nH]1,2025-09-29,1,1,1,{'Sp3-sp2_Suzuki_coupling'},{4816},{11823}
129047,NCc1cncs1,XDNQVUAKCAPBIG-UHFFFAOYSA-N,1.0,100.0,65966,Enamine,Global catalog,EN300-317764,18.0,EUR,10,,Cl.Cl.NCc1cncs1,2025-09-29,1,1,1,{'Reductive_amination'},{4985},{12342}
129048,CC(=O)NCc1ccc(C=O)cc1,RDGVTHLMFRMUNF-UHFFFAOYSA-N,1.0,100.0,41436,Enamine,Global catalog,EN300-339808,400.0,EUR,10,,CC(=O)NCc1ccc(C=O)cc1,2025-09-29,1,1,1,{'Reductive_amination'},{4985},{12342}
35061,NCCC1CCNCC1,PXJBCMWIAPDWAU-UHFFFAOYSA-N,1.0,50.0,83855,Enamine,EU stock,EN300-204299,84.0,EUR,2,,Cl.Cl.NCCC1CCNCC1,2025-09-29,1,1,1,{'Formation_of_urea_from_two_amines'},{4785},{12439}
128697,COc1ccc2cccc(N)c2n1,QURAWDWTNZXEDT-UHFFFAOYSA-N,1.0,100.0,34876,Enamine,Global catalog,EN300-123995,400.0,EUR,10,,COc1ccc2cccc(N)c2n1,2025-09-29,1,1,1,{'Formation_of_urea_from_two_amines'},{4785},{12439}
129150,O=C(O)c1cccs1,QERYCTSHXKAMIS-UHFFFAOYSA-N,1.0,100.0,51750,Enamine,Global catalog,EN300-16724,18.0,EUR,10,,O=C(O)c1cccs1,2025-09-29,1,1,1,{'Amidation'},{5047},{12880}
129151,Nc1ccc(Cl)c2ncccc12,GEEHXKRRPLHNCM-UHFFFAOYSA-N,1.0,100.0,52254,Enamine,Global catalog,EN300-57529,18.0,EUR,10,,Nc1ccc(Cl)c2ncccc12,2025-09-29,1,1,1,{'Amidation'},{5047},{12880}
2258,CC(=O)NCC1CCCCN1,JEXJVXDRCVKIME-UHFFFAOYSA-N,1.0,50.0,109328,Enamine,EU stock,EN300-110081,66.0,EUR,2,,CC(=O)NCC1CCCCN1.Cl,2025-09-29,1,1,1,{'Amidation'},{4869},{12922}
128501,Cc1nnnn1CC(=O)O,QMGRTPHVXPNNBK-UHFFFAOYSA-N,1.0,50.0,92435,Enamine,EU stock,EN300-1244816,24.0,EUR,2,,Cc1nnnn1CC(=O)O,2025-09-29,1,1,1,{'Amidation'},{4689},{12944}
15626,CC(CN)c1ccccn1,OPXKHJBYRJBEBH-UHFFFAOYSA-N,2.0,50.0,109799,Enamine,EU stock,EN300-269947,129.0,EUR,2,,CC(CN)c1ccccn1,2025-09-29,1,2,2,{'Formation_of_urea_from_two_amines'},"{4821, 4838}","{13011, 13030}"
128792,CC(C)c1cccc(N)n1,HAHXPMFFMRTIJV-UHFFFAOYSA-N,1.0,100.0,76926,Enamine,Global catalog,EN300-2962337,18.0,EUR,10,,CC(C)c1cccc(N)n1,2025-09-29,1,1,1,{'Formation_of_urea_from_two_amines'},{4838},{13011}
128756,CC(C)Cc1ccnc(N)c1,DNJJHRUBJUNVMK-UHFFFAOYSA-N,1.0,50.0,93602,Enamine,EU stock,EN300-2995482,233.0,EUR,2,,CC(C)Cc1ccnc(N)c1,2025-09-29,1,1,1,{'Formation_of_urea_from_two_amines'},{4821},{13030}
128799,C1CC2(C1)CNC2,QPEJAHMNOVMSOZ-UHFFFAOYSA-N,2.0,100.0,73687,Enamine,Global catalog,EN300-112459,18.0,EUR,10,,C1CC2(C1)CNC2.Cl,2025-09-29,2,2,2,"{'Amidation', 'Formation_of_urea_from_two_amines'}","{4874, 4844}","{13043, 13044}"
128850,O=C(O)c1ccc(-c2ccccn2)nc1,LWMHPOLRJIRLPN-UHFFFAOYSA-N,1.0,50.0,107265,Enamine,EU stock,EN300-266320,22.0,EUR,2,,O=C(O)c1ccc(-c2ccccn2)nc1,2025-09-29,1,1,1,{'Amidation'},{4874},{13043}
128798,NC(c1cccnc1)c1ccccn1,KBNVPYXMRGBMBD-UHFFFAOYSA-N,1.0,50.0,99359,Enamine,EU stock,EN300-2614140,233.0,EUR,2,,NC(c1cccnc1)c1ccccn1,2025-09-29,1,1,1,{'Formation_of_urea_from_two_amines'},{4844},{13044}
129118,O=C(O)c1ccc2nc(C(F)(F)F)cn2c1,WRESJPKJERQPHN-UHFFFAOYSA-N,3.0,50.0,94778,Enamine,EU stock,EN300-140550,87.0,EUR,2,,O=C(O)c1ccc2nc(C(F)(F)F)cn2c1,2025-09-29,1,3,3,{'Amidation'},"{5223, 5028, 5143}","{13057, 68443, 62788}"
129119,CNc1ccccn1,SVEUVITYHIHZQE-UHFFFAOYSA-N,1.0,100.0,51946,Enamine,Global catalog,EN300-16205,18.0,EUR,10,,CNc1ccccn1,2025-09-29,1,1,1,{'Amidation'},{5028},{13057}
129229,CSCCCC(=O)O,VDSUAILXEZKWIZ-UHFFFAOYSA-N,1.0,50.0,85423,Enamine,EU stock,EN300-80141,31.0,EUR,2,,CSCCCC(=O)O,2025-09-29,1,1,1,{'Amidation'},{5080},{13195}
129230,CN1CCNCC1c1ncc[nH]1,MBIVPEKQMUQASJ-UHFFFAOYSA-N,1.0,50.0,107445,Enamine,EU stock,EN300-158814,240.0,EUR,2,,CN1CCNCC1c1ncc[nH]1,2025-09-29,1,1,1,{'Amidation'},{5080},{13195}
129132,OCCOCCN1CCNCC1,FLNQAPQQAZVRDA-UHFFFAOYSA-N,1.0,100.0,48337,Enamine,Global catalog,EN300-6476878,18.0,EUR,10,,OCCOCCN1CCNCC1,2025-09-29,1,1,1,{'Amidation'},{5038},{13206}
129335,CC(C)(C)OC(=O)N1CCNCC1c1cccnc1,KDONIWOICGSFTP-UHFFFAOYSA-N,2.0,100.0,47402,Enamine,Global catalog,EN300-1876931,613.0,EUR,10,,CC(C)(C)OC(=O)N1CCNCC1c1cccnc1,2025-09-29,2,2,2,"{'Amidation', 'N-Boc_deprotection'}","{5202, 5132}","{13296, 53862}"
129467,O=C(O)c1ccc2ncsc2c1,DMPZJACLHDWUFS-UHFFFAOYSA-N,1.0,100.0,66918,Enamine,Global catalog,EN300-00928,18.0,EUR,10,,O=C(O)c1ccc2ncsc2c1,2025-09-29,2,2,1,"{'Amidation', 'N-Boc_deprotection'}","{5202, 5132}",{13296}
121783,O=C(O)c1cccnc1,PVNIIMVLHYAWGP-UHFFFAOYSA-N,1.0,100.0,75946,Enamine,Global catalog,EN300-16693,18.0,EUR,10,,O=C(O)c1cccnc1,2025-09-29,1,1,1,{'Amidation'},{4779},{13324}
128691,Nc1nc2c(Cl)cccc2s1,OEQQFQXMCPMEIH-UHFFFAOYSA-N,1.0,100.0,58336,Enamine,Global catalog,EN300-157593,18.0,EUR,10,,Nc1nc2c(Cl)cccc2s1,2025-09-29,1,1,1,{'Amidation'},{4779},{13324}
128489,Nc1nc2ccc(F)cc2s1,CJLUXPZQUXVJNF-UHFFFAOYSA-N,1.0,100.0,37928,Enamine,Global catalog,EN300-17218,18.0,EUR,10,,Nc1nc2ccc(F)cc2s1,2025-09-29,1,1,1,{'Amidation'},{4682},{13330}
128490,CC(C)C(C(=O)O)c1cccnc1,ZKDCKGIFVNLHSZ-UHFFFAOYSA-N,1.0,50.0,94272,Enamine,EU stock,EN300-105014,116.0,EUR,2,,CC(C)C(C(=O)O)c1cccnc1,2025-09-29,1,1,1,{'Amidation'},{4682},{13330}
128859,O=C(O)c1ccncc1,TWBYWOBDOCUKOW-UHFFFAOYSA-N,1.0,100.0,52121,Enamine,Global catalog,EN300-19169,18.0,EUR,10,,O=C(O)c1ccncc1,2025-09-29,1,1,1,{'Amidation'},{4880},{13423}
128860,CNc1nc2c(Cl)cccc2s1,ICAWLEYCNOWRHI-UHFFFAOYSA-N,1.0,50.0,85068,Enamine,EU stock,EN300-182220,62.0,EUR,2,,CNc1nc2c(Cl)cccc2s1,2025-09-29,1,1,1,{'Amidation'},{4880},{13423}
128485,NCCc1nc2ccccc2[nH]1,GJEPMYMUORZPMP-UHFFFAOYSA-N,3.0,100.0,42584,Enamine,Global catalog,EN300-32051,18.0,EUR,10,,Cl.Cl.NCCc1nc2ccccc2[nH]1,2025-09-29,3,3,3,"{'Amidation', 'Formation_of_urea_from_two_amines', 'Reductive_amination'}","{4864, 5329, 4879}","{108828, 13694, 17150}"
128836,CSCCC(N)c1nnc2ccccn12,UWRILAHKMPTJPB-UHFFFAOYSA-N,1.0,50.0,81982,Enamine,EU stock,EN300-15271,61.0,EUR,2,,CSCCC(N)c1nnc2ccccn12.Cl.Cl,2025-09-29,1,1,1,{'Formation_of_urea_from_two_amines'},{4864},{13694}
61490,Nc1cccc2c1CNC2,JVJUKIGIRZNFFY-UHFFFAOYSA-N,2.0,50.0,95674,Enamine,EU stock,EN300-7409824,20.0,EUR,2,,Cl.Cl.Nc1cccc2c1CNC2,2025-09-29,2,2,2,"{'Mitsunobu_reaction_with_amine_alcohol_and_thioalcohol', 'Reductive_amination'}","{5298, 4786}","{13732, 61503}"
123931,CC(=O)CN,BCDGQXUMWHRQCB-UHFFFAOYSA-N,1.0,50.0,81092,Enamine,EU stock,EN300-91147,18.0,EUR,2,,CC(=O)CN.Cl,2025-09-29,1,1,1,{'Reductive_amination'},{4786},{13732}
129693,COc1ccc2c(C(=O)O)ccnc2c1,XBJMZHNQXKLXFW-UHFFFAOYSA-N,1.0,50.0,98009,Enamine,EU stock,EN300-731950,97.0,EUR,2,,COc1ccc2c(C(=O)O)ccnc2c1,2025-09-29,1,1,1,{'Amidation'},{5342},{13853}
128931,CNc1ncc[nH]1,ZYXHZCQMCOVXJW-UHFFFAOYSA-N,1.0,50.0,83491,Enamine,EU stock,EN300-177686,233.0,EUR,2,,CNc1ncc[nH]1.Cl,2025-09-29,1,1,1,{'Amidation'},{4919},{13863}
128925,Nc1nc2ccccc2cc1C(=O)O,PUBYDOJONNWFJJ-UHFFFAOYSA-N,1.0,50.0,86626,Enamine,EU stock,EN300-106460,161.0,EUR,2,,Nc1nc2ccccc2cc1C(=O)O,2025-09-29,1,1,1,{'Amidation'},{4915},{13867}
128494,Brc1ncc[nH]1,AXHRGVJWDJDYPO-UHFFFAOYSA-N,1.0,100.0,42703,Enamine,Global catalog,EN300-91720,18.0,EUR,10,,Brc1ncc[nH]1,2025-09-29,1,1,1,{'Formation_of_sulfone_from_halide_-_Shavnya_reaction'},{5328},{13880}
129665,COc1nc2ccccc2cc1CCl,NAVYHPAMBVAVQA-UHFFFAOYSA-N,1.0,50.0,91410,Enamine,EU stock,EN300-1982338,218.0,EUR,2,,COc1nc2ccccc2cc1CCl,2025-09-29,1,1,1,{'Formation_of_sulfone_from_halide_-_Shavnya_reaction'},{5328},{13880}
129623,O=C(O)c1cc(-c2ccccc2)nc2ccccc12,YTRMTPPVNRALON-UHFFFAOYSA-N,1.0,100.0,35828,Enamine,Global catalog,EN300-16799,18.0,EUR,10,,O=C(O)c1cc(-c2ccccc2)nc2ccccc12,2025-09-29,1,1,1,{'Amidation'},{5301},{13903}
129624,NCCc1c[nH]cn1,NTYJJOPFIAHURM-UHFFFAOYSA-N,1.0,100.0,36059,Enamine,Global catalog,EN300-78991,18.0,EUR,10,,NCCc1cnc[nH]1,2025-09-29,1,1,1,{'Amidation'},{5301},{13903}
129126,O=C(O)C=Cc1c[nH]cn1,LOIYMIARKYCTBW-UHFFFAOYSA-N,1.0,100.0,43494,Enamine,Global catalog,EN300-343465,18.0,EUR,10,,O=C(O)/C=C/c1c[nH]cn1,2025-09-29,1,1,1,{'Amidation'},{5034},{13921}
129127,Cc1ccc2cccc(N)c2n1,JHIAOWGCGNMQKA-UHFFFAOYSA-N,1.0,100.0,38110,Enamine,Global catalog,EN300-66741,18.0,EUR,10,,Cc1ccc2cccc(N)c2n1,2025-09-29,1,1,1,{'Amidation'},{5034},{13921}
129227,O=C(O)c1cnc(-c2ccccn2)nc1,PGHKQASEGLDCRU-UHFFFAOYSA-N,1.0,50.0,89038,Enamine,EU stock,EN300-746922,53.0,EUR,2,,O=C(O)c1cnc(-c2ccccn2)nc1,2025-09-29,1,1,1,{'Amidation'},{5079},{13977}
129228,NCCCC(=O)O,BTCSSZJGUNDROE-UHFFFAOYSA-N,1.0,100.0,53143,Enamine,Global catalog,EN300-7409456,18.0,EUR,10,,Cl.NCCCC(=O)O,2025-09-29,1,1,1,{'Amidation'},{5079},{13977}
128512,Fc1ccc(C2CCCCN2)nc1,OQMODSUFIXKLFV-UHFFFAOYSA-N,1.0,50.0,104652,Enamine,EU stock,EN300-46461096,325.0,EUR,2,,Cl.Cl.Fc1ccc(C2CCCCN2)nc1,2025-09-29,1,1,1,{'N-nucleophilic_aromatic_substitution'},{4694},{14273}
129109,CC1NCc2ccccc21,UWMCJDIBDVFVFT-UHFFFAOYSA-N,2.0,50.0,99546,Enamine,EU stock,EN300-132167,221.0,EUR,2,,CC1NCc2ccccc21.Cl,2025-09-29,1,2,2,{'Amidation'},"{5307, 5023}","{14536, 59573}"
129110,CC(C)(C(=O)O)c1cncnc1,LIUJZIMCBYIJIX-UHFFFAOYSA-N,1.0,50.0,98150,Enamine,EU stock,EN300-373327,295.0,EUR,2,,CC(C)(C(=O)O)c1cncnc1,2025-09-29,1,1,1,{'Amidation'},{5023},{14536}
128534,OCc1cnc(-c2cncnc2)nc1,OVTZDMAOEMEUKD-UHFFFAOYSA-N,1.0,100.0,74254,Enamine,Global catalog,EN300-2695076,364.0,EUR,10,,OCc1cnc(-c2cncnc2)nc1,2025-09-29,1,1,1,{'Mitsunobu_reaction_with_amine_alcohol_and_thioalcohol'},{4703},{14548}
121327,Clc1ccc2c(c1)CNC2,KDKRSWXFLFTSII-UHFFFAOYSA-N,2.0,50.0,85794,Enamine,EU stock,EN300-252332,20.0,EUR,2,,Cl.Clc1ccc2c(c1)CNC2,2025-09-29,1,2,2,{'Amidation'},"{5092, 5358}","{59610, 14578}"
128491,O=C(O)c1ccncn1,YPOXGDJGKBXRFP-UHFFFAOYSA-N,1.0,100.0,73827,Enamine,Global catalog,EN300-111006,18.0,EUR,10,,O=C(O)c1ccncn1,2025-09-29,1,1,1,{'Amidation'},{5092},{14578}
128611,NCCc1cscn1,VNRWRBJKPUBFDY-UHFFFAOYSA-N,1.0,50.0,92465,Enamine,EU stock,EN300-72734,34.0,EUR,2,,Cl.Cl.NCCc1cscn1,2025-09-29,1,1,1,{'Amidation'},{4737},{14680}
128612,CC(C)n1c(=O)[nH]c2ccc(C(=O)O)cc21,ASRBUXIQHDAEIL-UHFFFAOYSA-N,1.0,50.0,102495,Enamine,EU stock,EN300-298145,97.0,EUR,2,,CC(C)n1c(=O)[nH]c2ccc(C(=O)O)cc21,2025-09-29,1,1,1,{'Amidation'},{4737},{14680}
59951,CC(=O)NCC1CCCN1,CVQWLGWRTGXOIE-UHFFFAOYSA-N,1.0,100.0,62802,Enamine,Global catalog,EN300-27720179,259.0,EUR,10,,CC(=O)NCC1CCCN1.Cl.Cl,2025-09-29,1,1,1,{'Amidation'},{5025},{14716}
129113,O=C(O)c1cccc2[nH]ccc12,ROGHUJUFCRFUSO-UHFFFAOYSA-N,1.0,100.0,56489,Enamine,Global catalog,EN300-41008,18.0,EUR,10,,O=C(O)c1cccc2[nH]ccc12,2025-09-29,1,1,1,{'Amidation'},{5025},{14716}
128971,NC1CCCN(CCO)C1=O,HJWMIEMZPYSXQU-UHFFFAOYSA-N,1.0,100.0,35870,Enamine,Global catalog,EN300-141480,387.0,EUR,10,,Cl.NC1CCCN(CCO)C1=O,2025-09-29,1,1,1,{'Formation_of_urea_from_two_amines'},{4939},{14892}
128965,O=C(O)CCN1CCNCC1,RSEHHYMPNZWTGQ-UHFFFAOYSA-N,2.0,100.0,52695,Enamine,Global catalog,EN300-53510,18.0,EUR,10,,Cl.Cl.O=C(O)CCN1CCNCC1,2025-09-29,1,2,2,{'Amidation'},"{4936, 5436}","{118804, 14982}"
128966,NCc1nc(-c2ccccn2)n[nH]1,ADERNRNIBQILBJ-UHFFFAOYSA-N,1.0,50.0,99298,Enamine,EU stock,EN300-248038,161.0,EUR,2,,Cl.NCc1nc(-c2ccccn2)n[nH]1,2025-09-29,1,1,1,{'Amidation'},{4936},{14982}
128465,NC1CCCNC1,PEUGKEHLRUVPAN-UHFFFAOYSA-N,2.0,100.0,37417,Enamine,Global catalog,EN300-216851,18.0,EUR,10,,Cl.Cl.N[C@@H]1CCCNC1,2025-09-29,2,2,2,"{'Amidation', 'Reductive_amination'}","{4958, 4671}","{115508, 15239}"
128466,COc1nc2ccccc2cc1C=O,HMZDGMVJEGFPHU-UHFFFAOYSA-N,1.0,100.0,31375,Enamine,Global catalog,EN300-27306,18.0,EUR,10,,COc1nc2ccccc2cc1C=O,2025-09-29,1,1,1,{'Reductive_amination'},{4671},{15239}
128730,NCCc1cccc2cccnc12,AWLDVDHLEXTALM-UHFFFAOYSA-N,2.0,50.0,99136,Enamine,EU stock,EN300-26587,129.0,EUR,2,,NCCc1cccc2cccnc12,2025-09-29,2,2,2,"{'Amidation', 'N-nucleophilic_aromatic_substitution'}","{5032, 4805}","{15313, 15322}"
129124,Cc1cccn2cc(CC(=O)O)nc12,YCTZVTJSUDRKGV-UHFFFAOYSA-N,1.0,50.0,80526,Enamine,EU stock,EN300-62040,52.0,EUR,2,,Cc1cccn2cc(CC(=O)O)nc12.Cl,2025-09-29,1,1,1,{'Amidation'},{5032},{15313}
128729,O=[N+]([O-])c1c(Br)nc2ccccn12,SQDPRJDCPOMMHF-UHFFFAOYSA-N,1.0,100.0,71865,Enamine,Global catalog,EN300-8290798,230.0,EUR,10,,O=[N+]([O-])c1c(Br)nc2ccccn12,2025-09-29,1,1,1,{'N-nucleophilic_aromatic_substitution'},{4805},{15322}
129482,OCc1cccc2ncccc12,ZKPMQVSVRVORAH-UHFFFAOYSA-N,1.0,100.0,36206,Enamine,Global catalog,EN300-160034,49.0,EUR,10,,OCc1cccc2ncccc12,2025-09-29,1,1,1,{'Mitsunobu_reaction_with_amine_alcohol_and_thioalcohol'},{5213},{15448}
129483,O=C(O)c1cccc2c1CNC2,YEJJKVAYXOGIIA-UHFFFAOYSA-N,1.0,100.0,44054,Enamine,Global catalog,EN300-736810,136.0,EUR,10,,Cl.O=C(O)c1cccc2c1CNC2,2025-09-29,1,1,1,{'Mitsunobu_reaction_with_amine_alcohol_and_thioalcohol'},{5213},{15448}
128613,CN(C)CCn1c(=O)[nH]c2ccc(C(=O)O)cc21,BIZMXNOTUIAPLZ-UHFFFAOYSA-N,2.0,50.0,86413,Enamine,EU stock,EN300-265993,195.0,EUR,2,,CN(C)CCn1c(=O)[nH]c2ccc(C(=O)O)cc21.Cl,2025-09-29,1,2,2,{'Amidation'},"{4738, 5054}","{15459, 16262}"
129243,NCCn1c(=O)[nH]c2ccccc21,QRXBDDXQNITPII-UHFFFAOYSA-N,1.0,50.0,81434,Enamine,EU stock,EN300-101204,50.0,EUR,2,,Cl.NCCn1c(=O)[nH]c2ccccc21,2025-09-29,1,1,1,{'Formation_of_sulfonamide_from_halide_-_Shavnya_reaction'},{5085},{15515}
129244,Brc1c[nH]cn1,FHZALEJIENDROK-UHFFFAOYSA-N,1.0,100.0,67002,Enamine,Global catalog,EN300-79484,18.0,EUR,10,,Brc1c[nH]cn1,2025-09-29,1,1,1,{'Formation_of_sulfonamide_from_halide_-_Shavnya_reaction'},{5085},{15515}
121715,CC(=O)O,QTBSBXVTEAMEQO-UHFFFAOYSA-N,2.0,100.0,42360,Enamine,Global catalog,EN300-18074,18.0,EUR,10,,CC(=O)O,2025-09-29,1,2,2,{'Amidation'},"{5108, 5086}","{15530, 59954}"
129249,NCC1CCNC(=O)C1,BSSUPYKXVPAKLX-UHFFFAOYSA-N,1.0,50.0,93105,Enamine,EU stock,EN300-6743034,94.0,EUR,2,,Cl.Cl.NCC1CCNC(=O)C1,2025-09-29,1,1,1,{'Amidation'},{5086},{15530}
21,CC(CN)N1CCc2sccc2C1,MQKOIUAPLLHABT-UHFFFAOYSA-N,1.0,50.0,89892,Enamine,EU stock,EN300-57802,89.0,EUR,2,,CC(CN)N1CCc2sccc2C1,2025-09-29,1,1,1,{'Amidation'},{4981},{15616}
129042,O=C(O)c1cccnc1S,WYKHFQKONWMWQM-UHFFFAOYSA-N,1.0,100.0,35268,Enamine,Global catalog,EN300-17611,18.0,EUR,10,,O=C(O)c1cccnc1S,2025-09-29,1,1,1,{'Amidation'},{4981},{15616}
7609,c1cnn(C2CCCNC2)c1,OVEZWSXZQCHUEP-UHFFFAOYSA-N,1.0,50.0,86512,Enamine,EU stock,EN300-303593,135.0,EUR,2,,Cl.c1cnn(C2CCCNC2)c1,2025-09-29,1,1,1,{'Amidation'},{4712},{15670}
128557,CCC(C)C(=O)NCC(=O)O,HOACIBQKYRHBOW-UHFFFAOYSA-N,1.0,50.0,89813,Enamine,EU stock,EN300-51961,40.0,EUR,2,,CCC(C)C(=O)NCC(=O)O,2025-09-29,1,1,1,{'Amidation'},{4712},{15670}
128734,OCc1ccc2cccnc2c1,RDBBFCMDRBOXIG-UHFFFAOYSA-N,2.0,50.0,87989,Enamine,EU stock,EN300-315307,158.0,EUR,2,,OCc1ccc2cccnc2c1,2025-09-29,1,2,2,{'Mitsunobu_reaction_with_amine_alcohol_and_thioalcohol'},"{4808, 4989}","{15858, 51214}"
129010,O=C(O)C(F)C1CCNCC1,QAIAGJYPQQYENU-UHFFFAOYSA-N,1.0,50.0,92192,Enamine,EU stock,EN300-7539466,145.0,EUR,2,,Cl.O=C(O)C(F)C1CCNCC1,2025-09-29,1,1,1,{'Amidation'},{4963},{15916}
129011,NCCN1Cc2ccccc2C1,COFMOMCDQVHTOR-UHFFFAOYSA-N,1.0,50.0,80388,Enamine,EU stock,EN300-58703,61.0,EUR,2,,NCCN1Cc2ccccc2C1,2025-09-29,1,1,1,{'Amidation'},{4963},{15916}
127210,NCC1CCNCC1,LTEKQAPRXFBRNN-UHFFFAOYSA-N,2.0,100.0,72983,Enamine,Global catalog,EN300-1178069,18.0,EUR,10,,NCC1CCNCC1,2025-09-29,2,2,2,"{'Amidation', 'Formation_of_urea_from_two_amines'}","{4738, 5356}","{15917, 16262}"
128974,O=C=Nc1ccc2scnc2c1,UQHFZHMZEOZMRI-UHFFFAOYSA-N,1.0,100.0,62732,Enamine,Global catalog,EN300-19575597,359.0,EUR,10,,O=C=Nc1ccc2scnc2c1,2025-09-29,1,1,1,{'Isocyanate_to_urea'},{4942},{16770}
128975,Cc1csc(C(C)(C)N)n1,QAMMWXBMUFXQEB-UHFFFAOYSA-N,1.0,50.0,102581,Enamine,EU stock,EN300-42388,63.0,EUR,2,,Cc1csc(C(C)(C)N)n1,2025-09-29,1,1,1,{'Isocyanate_to_urea'},{4942},{16770}
128648,CNc1ccc2ccccc2n1,POVSMFKXVSNGSU-UHFFFAOYSA-N,1.0,50.0,80851,Enamine,EU stock,EN300-78354,22.0,EUR,2,,CNc1ccc2ccccc2n1,2025-09-29,1,1,1,{'Amidation'},{4754},{16956}
128678,O=C(O)c1ccnc2ccccc12,VQMSRUREDGBWKT-UHFFFAOYSA-N,1.0,100.0,42381,Enamine,Global catalog,EN300-21700,18.0,EUR,10,,O=C(O)c1ccnc2ccccc12,2025-09-29,1,1,1,{'Amidation'},{4771},{16969}
128679,Cc1cc(N)c2ncccc2c1,ZAKYERLVLCYWJN-UHFFFAOYSA-N,1.0,100.0,77482,Enamine,Global catalog,EN300-6489057,245.0,EUR,10,,Cc1cc(N)c2ncccc2c1.Cl,2025-09-29,1,1,1,{'Amidation'},{4771},{16969}
128588,O=C(O)c1cc(Br)cc2[nH]cnc12,UPXJWWRKIMKJCY-UHFFFAOYSA-N,1.0,100.0,49128,Enamine,Global catalog,EN300-6490736,52.0,EUR,10,,Cl.O=C(O)c1cc(Br)cc2[nH]cnc12,2025-09-29,1,1,1,{'Amidation'},{4726},{17079}
128693,O=C(O)c1c(F)ccc2[nH]cnc12,TZDZANYHAKEIKU-UHFFFAOYSA-N,1.0,50.0,88246,Enamine,EU stock,EN300-702796,227.0,EUR,2,,Cl.O=C(O)c1c(F)ccc2[nH]cnc12,2025-09-29,1,1,1,{'Amidation'},{4781},{17089}
128694,NC(CO)c1ncc[nH]1,WXBQLJLLDDAZAN-UHFFFAOYSA-N,1.0,50.0,88239,Enamine,EU stock,EN300-657410,255.0,EUR,2,,Cl.NC(CO)c1ncc[nH]1,2025-09-29,1,1,1,{'Amidation'},{4781},{17089}
128764,O=C(O)c1cc2[nH]cnc2cc1F,CDIVDELLRTUYAB-UHFFFAOYSA-N,1.0,50.0,91674,Enamine,EU stock,EN300-7492516,62.0,EUR,2,,Cl.O=C(O)c1cc2[nH]cnc2cc1F,2025-09-29,1,1,1,{'Amidation'},{4825},{17109}
60004,c1c[nH]c(C2CCCN2)n1,JUJYNCPRVMVRCV-UHFFFAOYSA-N,2.0,50.0,107134,Enamine,EU stock,EN300-124750,36.0,EUR,2,,Cl.Cl.c1c[nH]c(C2CCCN2)n1,2025-09-29,2,2,2,"{'Amidation', 'Ester_amidation'}","{5360, 4707}","{68984, 17115}"
128548,O=C(O)Cn1cnc2ccccc21,AFHSZBKDUTWXDX-UHFFFAOYSA-N,1.0,100.0,56433,Enamine,Global catalog,EN300-00814,29.0,EUR,10,,O=C(O)Cn1cnc2ccccc21,2025-09-29,1,1,1,{'Amidation'},{4707},{17115}
129647,NCC(O)c1c[nH]cn1,BGQUJROFLRFZDN-UHFFFAOYSA-N,1.0,100.0,64706,Enamine,Global catalog,EN300-384557,349.0,EUR,10,,Cl.Cl.NCC(O)c1c[nH]cn1,2025-09-29,1,1,1,{'Amidation'},{5317},{17132}
129648,Cc1nc2c(C(=O)O)cccc2[nH]1,LVUZVFVJPPDROZ-UHFFFAOYSA-N,1.0,50.0,108394,Enamine,EU stock,EN300-137321,47.0,EUR,2,,Cc1nc2c(C(=O)O)cccc2[nH]1,2025-09-29,1,1,1,{'Amidation'},{5317},{17132}
128858,O=C(O)C1CC1c1c[nH]cn1,WQKPAJNMNYFENC-UHFFFAOYSA-N,1.0,50.0,86634,Enamine,EU stock,EN300-306181,319.0,EUR,2,,Cl.O=C(O)[C@@H]1C[C@H]1c1c[nH]cn1,2025-09-29,1,1,1,{'Amidation'},{4879},{17150}
58876,Nc1cn2ccccc2n1,CQABHABFPKXGAF-UHFFFAOYSA-N,1.0,50.0,88350,Enamine,EU stock,EN300-120224,107.0,EUR,2,,Nc1cn2ccccc2n1,2025-09-29,1,1,1,{'Amidation'},{4931},{17250}
128952,O=C(O)c1csc(-c2ncccn2)n1,JLEFSHGKRSIMSK-UHFFFAOYSA-N,1.0,50.0,92443,Enamine,EU stock,EN300-44853,77.0,EUR,2,,O=C(O)c1csc(-c2ncccn2)n1,2025-09-29,1,1,1,{'Amidation'},{4931},{17250}
129084,O=S(=O)(Cl)c1ccc2ncsc2c1,XQOLJTWXFUSVOR-UHFFFAOYSA-N,1.0,100.0,71291,Enamine,Global catalog,EN300-51881967,18.0,EUR,10,,Cl.O=S(=O)(Cl)c1ccc2ncsc2c1,2025-09-29,1,1,1,{'Sulfonamide_Schotten-Baumann_with_amine_(intermolecular)'},{5311},{17917}
129631,CCN1CCC(NC)CC1,FYPFTVGAZOKJRE-UHFFFAOYSA-N,1.0,50.0,79309,Enamine,EU stock,EN300-27796,19.0,EUR,2,,CCN1CCC(NC)CC1,2025-09-29,1,1,1,{'Sulfonamide_Schotten-Baumann_with_amine_(intermolecular)'},{5311},{17917}
124855,CC1C(=O)Nc2ccc(C(=O)O)cc21,ZJEIYTWOLUIVIH-UHFFFAOYSA-N,1.0,100.0,57625,Enamine,Global catalog,EN300-8582903,320.0,EUR,10,,CC1C(=O)Nc2ccc(C(=O)O)cc21,2025-09-29,1,1,1,{'Amidation'},{2029},{18613}
124938,O=C(O)c1ccc2c(c1)C1(CCOCC1)C(=O)N2,DEQDFNBVRHFKBQ-UHFFFAOYSA-N,1.0,100.0,71704,Enamine,Global catalog,EN300-309701,292.0,EUR,10,,O=C(O)c1ccc2c(c1)C1(CCOCC1)C(=O)N2,2025-09-29,1,1,1,{'Amidation'},{2079},{18682}
125506,Cc1c2cccc(C(=O)O)c2nn1C,YJZYVUZOVDXUEZ-UHFFFAOYSA-N,1.0,100.0,68687,Enamine,Global catalog,EN300-24478416,292.0,EUR,10,,Cc1c2cccc(C(=O)O)c2nn1C,2025-09-29,1,1,1,{'Amidation'},{2481},{20760}
121392,NC1CCN(c2ccccn2)C1,WGDHXHKTNGOFPW-UHFFFAOYSA-N,1.0,50.0,95733,Enamine,EU stock,EN300-26678044,99.0,EUR,2,,Cl.Cl.NC1CCN(c2ccccn2)C1,2025-09-29,1,1,1,{'Ester_amidation'},{2641},{22467}
125776,COC(=O)c1cccc2c1C1(CCNCC1)C(=O)N2,PRBNBKVABSNOBC-UHFFFAOYSA-N,1.0,100.0,71018,Enamine,Global catalog,EN300-51661413,330.0,EUR,10,,COC(=O)c1cccc2c1C1(CCNCC1)C(=O)N2,2025-09-29,1,1,1,{'Ester_amidation'},{2641},{22467}
126639,N#Cc1csc2ccc(C(=O)O)cc12,MTSWUQKFDJHBJR-UHFFFAOYSA-N,1.0,50.0,104414,Enamine,EU stock,EN300-30997962,244.0,EUR,2,,N#Cc1csc2ccc(C(=O)O)cc12,2025-09-29,1,1,1,{'Amidation'},{3339},{27833}
127535,CN1Cc2ccc(N)cc2C1,QAJAXOPOSLBUDC-UHFFFAOYSA-N,1.0,50.0,105195,Enamine,EU stock,EN300-106530,31.0,EUR,2,,CN1Cc2ccc(N)cc2C1.Cl.Cl,2025-09-29,1,1,1,{'Amidation'},{3993},{35751}
127537,CC1(C)C(=O)Nc2ccc(C(=O)O)cc21,CYOJGCZECBHBRW-UHFFFAOYSA-N,1.0,50.0,108574,Enamine,EU stock,EN300-112361,75.0,EUR,2,,CC1(C)C(=O)Nc2ccc(C(=O)O)cc21,2025-09-29,1,1,1,{'Amidation'},{3993},{35751}
123714,Nc1ccc2c(c1)CNC2=O,RGJCJWXNNDARPQ-UHFFFAOYSA-N,1.0,100.0,59190,Enamine,Global catalog,EN300-1601419,18.0,EUR,10,,Nc1ccc2c(c1)CNC2=O,2025-09-29,1,1,1,{'Ester_amidation'},{4418},{39979}
128731,Nc1cncnc1,FVLAYJRLBLHIPV-UHFFFAOYSA-N,1.0,100.0,64265,Enamine,Global catalog,EN300-139664,18.0,EUR,10,,Nc1cncnc1,2025-09-29,1,1,1,{'Amidation'},{4810},{47617}
128739,CN(C)C(=O)N1CCCC(C(=O)O)C1,BKBIGCHIMUUAID-UHFFFAOYSA-N,1.0,100.0,76674,Enamine,Global catalog,EN300-37321,20.0,EUR,10,,CN(C)C(=O)N1CCCC(C(=O)O)C1,2025-09-29,1,1,1,{'Amidation'},{4810},{47617}
82354,CNCc1ccncn1,DFDIROLDLLFVOE-UHFFFAOYSA-N,1.0,50.0,87308,Enamine,EU stock,EN300-374292,18.0,EUR,2,,CNCc1ccncn1.Cl.Cl,2025-09-29,1,1,1,{'Formation_of_urea_from_two_amines'},{4762},{47653}
128661,COC(=O)CC1CCCNC1,QDBQVCNGVFMIMU-UHFFFAOYSA-N,1.0,100.0,55768,Enamine,Global catalog,EN300-297756,18.0,EUR,10,,COC(=O)CC1CCCNC1.Cl,2025-09-29,1,1,1,{'Formation_of_urea_from_two_amines'},{4762},{47653}
123002,CC(O)C(N)=O,SXQFCVDSOLSHOQ-UHFFFAOYSA-N,3.0,100.0,37403,Enamine,Global catalog,EN300-212052,18.0,EUR,10,,C[C@@H](O)C(N)=O,2025-09-29,2,3,3,"{'Mitsunobu_reaction_with_amine_alcohol_and_thioalcohol', 'Mitsunobu_aryl_ether_synthesis'}","{4866, 5461, 5221}","{66681, 66691, 48044}"
128838,Cc1ccc(O)c(N)n1,WJRVHFJZHFWCMS-UHFFFAOYSA-N,1.0,100.0,35520,Enamine,Global catalog,EN300-119705,18.0,EUR,10,,Cc1ccc(O)c(N)n1,2025-09-29,1,1,1,{'Mitsunobu_aryl_ether_synthesis'},{4866},{48044}
128604,CN1CCn2nc(N)cc2C1,RWSWNQOCJVPCMF-UHFFFAOYSA-N,2.0,50.0,87155,Enamine,EU stock,EN300-364724,90.0,EUR,2,,CN1CCn2nc(N)cc2C1,2025-09-29,1,2,2,{'Amidation'},"{5163, 4733}","{59624, 48235}"
121280,Brc1nc2ccccc2[nH]1,PHPYXVIHDRDPDI-UHFFFAOYSA-N,2.0,100.0,69835,Enamine,Global catalog,EN300-99348,18.0,EUR,10,,Brc1nc2ccccc2[nH]1,2025-09-29,1,2,2,{'N-nucleophilic_aromatic_substitution'},"{5119, 4959}","{48240, 70444}"
129030,Nc1ccn2ccnc2c1,IHFZRBQSSDQVOD-UHFFFAOYSA-N,3.0,50.0,105312,Enamine,EU stock,EN300-188049,21.0,EUR,2,,Cl.Cl.Nc1ccn2ccnc2c1,2025-09-29,2,3,3,"{'Amidation', 'Formation_of_urea_from_two_amines'}","{5393, 5394, 4975}","{118342, 48454, 118335}"
129031,CCc1cnccc1C(C)N,KEKZXRJWDVUQQT-UHFFFAOYSA-N,1.0,50.0,107338,Enamine,EU stock,EN300-115105,195.0,EUR,2,,CCc1cnccc1C(C)N,2025-09-29,1,1,1,{'Formation_of_urea_from_two_amines'},{4975},{48454}
128913,Cc1ccc(CCN)cn1,YTAUZLFLNPDEER-UHFFFAOYSA-N,1.0,50.0,108612,Enamine,EU stock,EN300-74344,155.0,EUR,2,,Cc1ccc(CCN)cn1,2025-09-29,1,1,1,{'Amidation'},{4908},{48463}
48740,CC(N)Cc1c[nH]cn1,XNQIOISZPFVUFG-UHFFFAOYSA-N,1.0,50.0,86292,Enamine,EU stock,EN300-254951,118.0,EUR,2,,CC(N)Cc1c[nH]cn1.Cl.Cl,2025-09-29,1,1,1,{'N-nucleophilic_aromatic_substitution'},{5392},{48749}
129782,N#Cc1cc2cccnc2nc1Cl,ZYJZXWCCYCCBIB-UHFFFAOYSA-N,1.0,100.0,55194,Enamine,Global catalog,EN300-310118,245.0,EUR,10,,N#Cc1cc2cccnc2nc1Cl,2025-09-29,1,1,1,{'N-nucleophilic_aromatic_substitution'},{5392},{48749}
69350,Nc1cc2n(n1)CCNC2,DZWHPJRBDUNTFH-UHFFFAOYSA-N,1.0,100.0,48757,Enamine,Global catalog,EN300-37276382,425.0,EUR,10,,Cl.Cl.Nc1cc2n(n1)CCNC2,2025-09-29,1,1,1,{'Amidation'},{4760},{48850}
70487,CC(C(=O)O)n1cnc2ccccc21,KPWHLUYPAQJXFJ-UHFFFAOYSA-N,2.0,100.0,56783,Enamine,Global catalog,EN300-35798,18.0,EUR,10,,CC(C(=O)O)n1cnc2ccccc21,2025-09-29,1,2,2,{'Amidation'},"{4760, 5395}","{65345, 48850}"
123294,Nn1cnc2ccccc21,HXYXDTAROKJMBO-UHFFFAOYSA-N,2.0,100.0,45281,Enamine,Global catalog,EN300-14212,18.0,EUR,10,,Nn1cnc2ccccc21,2025-09-29,2,2,2,"{'Amidation', 'Formation_of_urea_from_two_amines'}","{4728, 4753}","{52306, 48853}"
128646,COc1cnn2c1CNCC2,DWZPPEOAQBXTTP-UHFFFAOYSA-N,1.0,50.0,99748,Enamine,EU stock,EN300-6729990,299.0,EUR,2,,COc1cnn2c1CNCC2,2025-09-29,1,1,1,{'Formation_of_urea_from_two_amines'},{4753},{48853}
128575,Sc1ccccn1,WHMDPDGBKYUEMW-UHFFFAOYSA-N,1.0,100.0,42941,Enamine,Global catalog,EN300-21547,18.0,EUR,10,,Sc1ccccn1,2025-09-29,1,1,1,{'Nucleophilic_substitution_with_thiol'},{4722},{48859}
128576,CC(Cl)C(=O)Nc1ccc2[nH]c(=O)[nH]c2c1,KAVUXOBVQPLOTK-UHFFFAOYSA-N,1.0,50.0,106469,Enamine,EU stock,EN300-23363,44.0,EUR,2,,CC(Cl)C(=O)Nc1ccc2[nH]c(=O)[nH]c2c1,2025-09-29,1,1,1,{'Nucleophilic_substitution_with_thiol'},{4722},{48859}
128725,O=C(O)CCc1nc2ccccc2[nH]1,XYWJNTOURDMTPI-UHFFFAOYSA-N,1.0,100.0,73806,Enamine,Global catalog,EN300-13260,18.0,EUR,10,,O=C(O)CCc1nc2ccccc2[nH]1,2025-09-29,1,1,1,{'Amidation'},{4803},{48944}
128726,COc1cn[nH]c1N,LODVFGWSULLZAU-UHFFFAOYSA-N,1.0,50.0,82904,Enamine,EU stock,EN300-139284,161.0,EUR,2,,COc1cn[nH]c1N,2025-09-29,1,1,1,{'Amidation'},{4803},{48944}
128807,CN(C)c1ccnc(N)c1,QEDNABCLVCJRLV-UHFFFAOYSA-N,1.0,50.0,82873,Enamine,EU stock,EN300-132137,66.0,EUR,2,,CN(C)c1ccnc(N)c1,2025-09-29,1,1,1,{'Amidation'},{4850},{49238}
128808,CC(Oc1ccccn1)C(=O)O,INLOHHUITHYIOO-UHFFFAOYSA-N,2.0,50.0,85748,Enamine,EU stock,EN300-249191,89.0,EUR,2,,CC(Oc1ccccn1)C(=O)O,2025-09-29,1,2,2,{'Amidation'},"{4850, 5234}","{49245, 49238}"
129518,Nc1cnc2ccsc2c1,ZEPHVTQYZYJBCT-UHFFFAOYSA-N,1.0,50.0,90271,Enamine,EU stock,EN300-1692556,250.0,EUR,2,,Cl.Cl.Nc1cnc2ccsc2c1,2025-09-29,1,1,1,{'Amidation'},{5234},{49245}
128504,O=C1CCC(C(=O)O)CN1,LWZUSLUUMWDITR-UHFFFAOYSA-N,1.0,100.0,56356,Enamine,Global catalog,EN300-42819,18.0,EUR,10,,O=C1CCC(C(=O)O)CN1,2025-09-29,1,1,1,{'Amidation'},{4691},{50099}
128505,Nc1ccn(-c2ccncc2)n1,MLFSNFJRILWAGF-UHFFFAOYSA-N,1.0,50.0,102650,Enamine,EU stock,EN300-77094,165.0,EUR,2,,Nc1ccn(-c2ccncc2)n1,2025-09-29,1,1,1,{'Amidation'},{4691},{50099}
129056,O=C(O)CC1CCC(=O)NC1,WWBAHELRZNIKDI-UHFFFAOYSA-N,1.0,50.0,85737,Enamine,EU stock,EN300-246992,202.0,EUR,2,,O=C(O)CC1CCC(=O)NC1,2025-09-29,1,1,1,{'Amidation'},{4992},{50104}
129057,Cc1cc(C(C)N)ccn1,WALYOUZSNROLAP-UHFFFAOYSA-N,1.0,50.0,99164,Enamine,EU stock,EN300-1841212,268.0,EUR,2,,Cc1cc(C(C)N)ccn1,2025-09-29,1,1,1,{'Amidation'},{4992},{50104}
128564,O=C(O)CN1CCNCC1,WRJZKSHNBALIGH-UHFFFAOYSA-N,1.0,100.0,46667,Enamine,Global catalog,EN300-655536,21.0,EUR,10,,Cl.O=C(O)CN1CCNCC1,2025-09-29,1,1,1,{'Amidation'},{4716},{50148}
128565,NCC1CCC(=O)NC1,IASZWPMYNYDRFL-UHFFFAOYSA-N,1.0,50.0,105214,Enamine,EU stock,EN300-213135,116.0,EUR,2,,Cl.NCC1CCC(=O)NC1,2025-09-29,1,1,1,{'Amidation'},{4716},{50148}
128810,NCCN1CCNCC1,IMUDHTPIFIBORV-UHFFFAOYSA-N,1.0,100.0,59449,Enamine,Global catalog,EN300-17952,18.0,EUR,10,,NCCN1CCNCC1,2025-09-29,1,1,1,{'Amidation'},{4852},{50193}
128811,Cc1nccn1CCCC(=O)O,ILAKRGWTYGOVOH-UHFFFAOYSA-N,1.0,50.0,80687,Enamine,EU stock,EN300-62060,31.0,EUR,2,,Cc1nccn1CCCC(=O)O.Cl,2025-09-29,1,1,1,{'Amidation'},{4852},{50193}
128976,Nc1ccc2ncc(Cl)n2c1,QDLZPNPPBRGUDJ-UHFFFAOYSA-N,2.0,50.0,85257,Enamine,EU stock,EN300-125914,95.0,EUR,2,,Cl.Cl.Nc1ccc2ncc(Cl)n2c1,2025-09-29,1,2,2,{'Amidation'},"{5365, 4943}","{50645, 63742}"
59144,c1cc(N2CCCNCC2)ccn1,PKAOAQVMDURQAK-UHFFFAOYSA-N,1.0,50.0,109552,Enamine,EU stock,EN300-261561,20.0,EUR,2,,Cl.Cl.c1cc(N2CCCNCC2)ccn1,2025-09-29,1,1,1,{'Amidation'},{4769},{50756}
128675,O=C(O)Cc1c[nH]c2ccccc12,SEOVTRFCIGRIMH-UHFFFAOYSA-N,1.0,100.0,35443,Enamine,Global catalog,EN300-17303,18.0,EUR,10,,O=C(O)Cc1c[nH]c2ccccc12,2025-09-29,1,1,1,{'Amidation'},{4769},{50756}
128641,CC(O)c1cocn1,OWJPEVHMFUFTOE-UHFFFAOYSA-N,1.0,50.0,93184,Enamine,EU stock,EN300-157792,154.0,EUR,2,,CC(O)c1cocn1,2025-09-29,1,1,1,{'Steglich_esterification'},{4750},{50914}
128500,CNCCCN1CCN(C)CC1,HUGARFACUNSTSF-UHFFFAOYSA-N,1.0,50.0,99518,Enamine,EU stock,EN300-73963,90.0,EUR,2,,CNCCCN1CCN(C)CC1,2025-09-29,1,1,1,{'Amidation'},{4688},{50969}
128586,O=C(O)C1CCC(C(F)(F)F)NC1=O,LZNMZDLBBNVQQL-UHFFFAOYSA-N,1.0,50.0,98001,Enamine,EU stock,EN300-31734,129.0,EUR,2,,O=C(O)C1CCC(C(F)(F)F)NC1=O,2025-09-29,1,1,1,{'Amidation'},{4725},{51002}
128587,NCCCSc1nccs1,XTATWIACDWQSJY-UHFFFAOYSA-N,1.0,100.0,72920,Enamine,Global catalog,EN300-76209,125.0,EUR,10,,NCCCSc1nccs1,2025-09-29,1,1,1,{'Amidation'},{4725},{51002}
128639,O=C(O)CCc1cncc2ccccc12,GBMVAUNCJGWEQJ-UHFFFAOYSA-N,1.0,50.0,89668,Enamine,EU stock,EN300-137433,206.0,EUR,2,,O=C(O)CCc1cncc2ccccc12,2025-09-29,1,1,1,{'Amidation'},{4749},{51060}
128640,NCc1nc(CO)cs1,YFTNQZCRJPNJTG-UHFFFAOYSA-N,1.0,50.0,83021,Enamine,EU stock,EN300-141474,218.0,EUR,2,,Cl.Cl.NCc1nc(CO)cs1,2025-09-29,1,1,1,{'Amidation'},{4749},{51060}
128735,NC1(c2ccccn2)CCC1,VEGZXOSAJZVXKI-UHFFFAOYSA-N,1.0,50.0,99187,Enamine,EU stock,EN300-218843,162.0,EUR,2,,NC1(c2ccccn2)CCC1,2025-09-29,1,1,1,{'Mitsunobu_reaction_with_amine_alcohol_and_thioalcohol'},{4808},{51214}
128502,Nc1ccc2cccnc2c1,RZAUIOKDXQWSQE-UHFFFAOYSA-N,1.0,100.0,58875,Enamine,Global catalog,EN300-1693494,18.0,EUR,10,,Cl.Cl.Nc1ccc2cccnc2c1,2025-09-29,1,1,1,{'Amidation'},{4690},{51218}
128503,CC(C(=O)O)c1cccnc1,RVSGAPGURIPIFA-UHFFFAOYSA-N,1.0,50.0,102224,Enamine,EU stock,EN300-68926,122.0,EUR,2,,CC(C(=O)O)c1cccnc1,2025-09-29,1,1,1,{'Amidation'},{4690},{51218}
128644,CSCCC(N)c1nc2ccccc2[nH]1,WWNOVKZOKFLYAF-UHFFFAOYSA-N,1.0,50.0,98844,Enamine,EU stock,EN300-31229,18.0,EUR,2,,CSCCC(N)c1nc2ccccc2[nH]1.Cl.Cl,2025-09-29,1,1,1,{'Amidation'},{4752},{51325}
128645,CC(C)Cn1[nH]c(CC(=O)O)cc1=O,ZUHYFPMWZVPVHD-UHFFFAOYSA-N,1.0,50.0,79879,Enamine,EU stock,EN300-13086,63.0,EUR,2,,CC(C)Cn1[nH]c(CC(=O)O)cc1=O,2025-09-29,1,1,1,{'Amidation'},{4752},{51325}
129958,COc1ccc2cc(C(=O)O)[nH]c2c1,XNBGANWAZJWOHS-UHFFFAOYSA-N,1.0,100.0,34375,Enamine,Global catalog,EN300-15092,18.0,EUR,10,,COc1ccc2cc(C(=O)O)[nH]c2c1,2025-09-29,1,1,1,{'Amidation'},{5492},{51363}
129945,NC(CO)Cc1c[nH]cn1,ZQISRDCJNBUVMM-UHFFFAOYSA-N,1.0,100.0,41177,Enamine,Global catalog,EN300-333078,18.0,EUR,10,,Cl.Cl.N[C@H](CO)Cc1c[nH]cn1,2025-09-29,1,1,1,{'Amidation'},{5485},{51409}
129946,CCCn1c(C(=O)O)cc2ccccc21,NEVFETBXTISVKK-UHFFFAOYSA-N,1.0,50.0,83401,Enamine,EU stock,EN300-172416,54.0,EUR,2,,CCCn1c(C(=O)O)cc2ccccc21,2025-09-29,1,1,1,{'Amidation'},{5485},{51409}
17850,c1ccc2c(C3CCNCC3)c[nH]c2c1,KAIRZPVWWIMPFT-UHFFFAOYSA-N,1.0,100.0,31361,Enamine,Global catalog,EN300-25787,18.0,EUR,10,,c1ccc2c(C3CCNCC3)c[nH]c2c1,2025-09-29,1,1,1,{'Amidation'},{5009},{51739}
129089,CC(=O)NC(C)(C(=O)O)C(C)C,KFAFXURIKULROI-UHFFFAOYSA-N,1.0,50.0,96922,Enamine,EU stock,EN300-754709,73.0,EUR,2,,CC(=O)NC(C)(C(=O)O)C(C)C,2025-09-29,1,1,1,{'Amidation'},{5009},{51739}
128698,Brc1ccnc2ccsc12,NLHODWKWTMTFEN-UHFFFAOYSA-N,8.0,50.0,83681,Enamine,EU stock,EN300-191318,47.0,EUR,2,,Brc1ccnc2ccsc12,2025-09-29,2,8,8,"{'Buchwald-Hartwig_amination', 'N-nucleophilic_aromatic_substitution'}","{5283, 5284, 5286, 5382, 5288, 4787, 5300, 5309}","{108385, 108399, 108375, 108410, 108379, 51867, 108381, 108383}"
128566,O=C(O)c1cnc2ccsc2c1,WEYMRIJRWNCSFV-UHFFFAOYSA-N,1.0,50.0,106833,Enamine,EU stock,EN300-77986,51.0,EUR,2,,O=C(O)c1cnc2ccsc2c1,2025-09-29,1,1,1,{'Amidation'},{4717},{51869}
128567,CC(C)Nc1ncncc1N,PWEGFMVXXGYUTH-UHFFFAOYSA-N,1.0,50.0,103125,Enamine,EU stock,EN300-1243965,297.0,EUR,2,,CC(C)Nc1ncncc1N,2025-09-29,1,1,1,{'Amidation'},{4717},{51869}
128671,O=C(O)c1cnc(C2CCNCC2)nc1,XUDLBYNQDIOZSG-UHFFFAOYSA-N,1.0,50.0,93574,Enamine,EU stock,EN300-7424886,231.0,EUR,2,,Cl.Cl.O=C(O)c1cnc(C2CCNCC2)nc1,2025-09-29,1,1,1,{'Amidation'},{4767},{52192}
128672,NC(CO)c1nc[nH]n1,DLDMLDYBQNQUIB-UHFFFAOYSA-N,1.0,50.0,106155,Enamine,EU stock,EN300-1719401,224.0,EUR,2,,Cl.Cl.N[C@H](CO)c1nc[nH]n1,2025-09-29,1,1,1,{'Amidation'},{4767},{52192}
69070,CNCc1nc2ccccc2s1,XRUPROQYVHMNDL-UHFFFAOYSA-N,1.0,50.0,102356,Enamine,EU stock,EN300-13750,29.0,EUR,2,,CNCc1nc2ccccc2s1,2025-09-29,1,1,1,{'Amidation'},{4676},{52276}
128479,O=C(O)c1ccc2[nH]cnc2c1F,GIFTUWUBDRAGJQ-UHFFFAOYSA-N,1.0,50.0,86751,Enamine,EU stock,EN300-310878,416.0,EUR,2,,Cl.O=C(O)c1ccc2[nH]cnc2c1F,2025-09-29,1,1,1,{'Amidation'},{4676},{52276}
128555,O=C(O)c1ccc2scnc2c1,RBIZQDIIVYJNRS-UHFFFAOYSA-N,3.0,50.0,98093,Enamine,EU stock,EN300-123358,24.0,EUR,2,,O=C(O)c1ccc2scnc2c1,2025-09-29,1,3,3,{'Amidation'},"{4728, 5428, 4711}","{52296, 52306, 119797}"
128556,Cn1cnc2cccc(CN)c21,OZKKOKLXERQATF-UHFFFAOYSA-N,1.0,50.0,109111,Enamine,EU stock,EN300-7493314,224.0,EUR,2,,Cl.Cl.Cn1cnc2cccc(CN)c21,2025-09-29,1,1,1,{'Amidation'},{4711},{52296}
128742,NCCc1nc2ccccc2s1,HLTRQIYNHRBUNW-UHFFFAOYSA-N,1.0,50.0,84695,Enamine,EU stock,EN300-13707,35.0,EUR,2,,NCCc1nc2ccccc2s1,2025-09-29,1,1,1,{'N-nucleophilic_aromatic_substitution'},{4813},{52423}
128743,Cc1cn2ccc(Br)cc2n1,WUWNXFKNYAWAAZ-UHFFFAOYSA-N,1.0,50.0,83766,Enamine,EU stock,EN300-192563,58.0,EUR,2,,Cc1cn2ccc(Br)cc2n1,2025-09-29,1,1,1,{'N-nucleophilic_aromatic_substitution'},{4813},{52423}
128529,CCn1ncc2cc(C(=O)O)cnc21,QDCGGUUHASJKIG-UHFFFAOYSA-N,1.0,50.0,109188,Enamine,EU stock,EN300-2704761,165.0,EUR,2,,CCn1ncc2cc(C(=O)O)cnc21,2025-09-29,1,1,1,{'Amidation'},{4701},{52693}
128699,CCOC(=O)c1csc(CO)n1,ORBNJGCTXHRSBC-UHFFFAOYSA-N,1.0,50.0,96118,Enamine,EU stock,EN300-217195,92.0,EUR,2,,CCOC(=O)c1csc(CO)n1,2025-09-29,1,1,1,{'Steglich_esterification'},{4788},{52819}
128700,CC(CC(=O)O)n1ccnc1,HLJDXGSNNOEKJD-UHFFFAOYSA-N,1.0,50.0,108509,Enamine,EU stock,EN300-152607,20.0,EUR,2,,CC(CC(=O)O)n1ccnc1,2025-09-29,1,1,1,{'Steglich_esterification'},{4788},{52819}
128706,O=C(O)Cc1cncnc1,HEEUMCHKVXTQIP-UHFFFAOYSA-N,1.0,50.0,83478,Enamine,EU stock,EN300-185751,23.0,EUR,2,,Cl.O=C(O)Cc1cncnc1,2025-09-29,1,1,1,{'Amidation'},{4832},{52857}
128777,O=S1(=O)CCC(NCc2ccco2)C1,WILIKDWKYRCXHR-UHFFFAOYSA-N,1.0,100.0,59764,Enamine,Global catalog,EN300-07895,176.0,EUR,10,,Cl.O=S1(=O)CCC(NCc2ccco2)C1,2025-09-29,1,1,1,{'Amidation'},{4832},{52857}
122378,CC=O,IKHGUXGNUITLKF-UHFFFAOYSA-N,3.0,100.0,54329,Enamine,Global catalog,EN300-19152,18.0,EUR,10,,CC=O,2025-09-29,1,3,3,{'Petasis-borono_Mannich_reaction'},"{5155, 5115, 4798}","{66225, 53342, 67471}"
128716,NCc1cnc(C2CC2)o1,YZSLAVDUXCDFRL-UHFFFAOYSA-N,1.0,100.0,39328,Enamine,Global catalog,EN300-248144,359.0,EUR,10,,NCc1cnc(C2CC2)o1,2025-09-29,1,1,1,{'Petasis-borono_Mannich_reaction'},{4798},{53342}
128782,O=C(O)CSc1nc2ccccc2s1,ZZUQWNYNSKJLPI-UHFFFAOYSA-N,1.0,100.0,60685,Enamine,Global catalog,EN300-16451,18.0,EUR,10,,O=C(O)CSc1nc2ccccc2s1,2025-09-29,1,1,1,{'Amidation'},{4834},{53587}
128783,Cc1cc2n(n1)CCNC2,FWAIOFFELQKIOL-UHFFFAOYSA-N,2.0,50.0,99837,Enamine,EU stock,EN300-1166919,64.0,EUR,2,,Cc1cc2n(n1)CCNC2.Cl,2025-09-29,1,2,2,{'Amidation'},"{4834, 5259}","{53587, 62013}"
128843,COc1ccc(CN)nc1,AKYKNKLVGMYOIL-UHFFFAOYSA-N,1.0,50.0,105600,Enamine,EU stock,EN300-19324918,64.0,EUR,2,,COc1ccc(CN)nc1.Cl.Cl,2025-09-29,1,1,1,{'Amidation'},{4870},{53652}
16061,c1cc(N2CCNCC2)c2cc[nH]c2c1,YZKSXUIOKWQABW-UHFFFAOYSA-N,2.0,50.0,88029,Enamine,EU stock,EN300-299898,25.0,EUR,2,,Cl.Cl.c1cc(N2CCNCC2)c2cc[nH]c2c1,2025-09-29,2,2,2,"{'Amidation', 'Formation_of_urea_from_two_amines'}","{4680, 4827}","{53731, 53732}"
128767,O=C(O)C1CCCS1,MZOYMQRKTJRHGJ-UHFFFAOYSA-N,1.0,50.0,82101,Enamine,EU stock,EN300-77924,31.0,EUR,2,,O=C(O)C1CCCS1,2025-09-29,1,1,1,{'Amidation'},{4827},{53731}
128486,NCC1CCSC1,ROOXHLQUGCFQSM-UHFFFAOYSA-N,1.0,50.0,107228,Enamine,EU stock,EN300-189637,173.0,EUR,2,,NCC1CCSC1,2025-09-29,1,1,1,{'Formation_of_urea_from_two_amines'},{4680},{53732}
128676,OCCCc1ccncc1,PZVZGDBCMQBRMA-UHFFFAOYSA-N,1.0,100.0,42486,Enamine,Global catalog,EN300-19847,18.0,EUR,10,,OCCCc1ccncc1,2025-09-29,1,1,1,{'Mitsunobu_reaction_with_amine_alcohol_and_thioalcohol'},{4770},{54021}
128677,CCC(C)NC(=O)CN1CCNCC1,LBYYAPDSZMMRDD-UHFFFAOYSA-N,1.0,50.0,89645,Enamine,EU stock,EN300-30953,63.0,EUR,2,,CCC(C)NC(=O)CN1CCNCC1,2025-09-29,1,1,1,{'Mitsunobu_reaction_with_amine_alcohol_and_thioalcohol'},{4770},{54021}
65266,Nc1cccc2ncccc12,XMIAFAKRAAMSGX-UHFFFAOYSA-N,2.0,100.0,35702,Enamine,Global catalog,EN300-30137,18.0,EUR,10,,Nc1cccc2ncccc12,2025-09-29,2,2,2,"{'Amidation', 'Reductive_amination'}","{4848, 4941}","{54617, 55811}"
128805,Cn1cnc2cccc(C=O)c21,QUZYUJFBSDECDP-UHFFFAOYSA-N,1.0,50.0,108417,Enamine,EU stock,EN300-246824,416.0,EUR,2,,Cn1cnc2cccc(C=O)c21,2025-09-29,1,1,1,{'Reductive_amination'},{4848},{54617}
128787,NCc1nnc2ccccn12,NXNFOXNYOMPDMW-UHFFFAOYSA-N,3.0,50.0,107890,Enamine,EU stock,EN300-30231,23.0,EUR,2,,Cl.Cl.NCc1nnc2ccccn12,2025-09-29,3,3,3,"{'Amidation', 'Ester_amidation', 'N-nucleophilic_aromatic_substitution'}","{4928, 4836, 4853}","{55394, 55427, 117262}"
128788,CC(C)(C)OC(=O)Cn1cc(CCO)nn1,OWKHTMBSAGQLDT-UHFFFAOYSA-N,1.0,50.0,102853,Enamine,EU stock,EN300-246419,97.0,EUR,2,,CC(C)(C)OC(=O)Cn1cc(CCO)nn1,2025-09-29,1,1,1,{'Ester_amidation'},{4836},{55394}
128812,O=C(O)Cn1c(SC(F)F)nc2ccccc21,TXUMAFOETBCQGI-UHFFFAOYSA-N,1.0,50.0,97633,Enamine,EU stock,EN300-14318,47.0,EUR,2,,O=C(O)Cn1c(SC(F)F)nc2ccccc21,2025-09-29,1,1,1,{'Amidation'},{4853},{55427}
128711,O=C1CC(n2ccnc2)C1,GUCVWASDAQSYSZ-UHFFFAOYSA-N,1.0,50.0,100022,Enamine,EU stock,EN300-7464983,161.0,EUR,2,,Cl.O=C1CC(n2ccnc2)C1,2025-09-29,1,1,1,{'Reductive_amination'},{4796},{55564}
128522,CC(N)c1ccncc1,HIZMJYQEHFJWQY-UHFFFAOYSA-N,1.0,100.0,30759,Enamine,Global catalog,EN300-10016,18.0,EUR,10,,CC(N)c1ccncc1,2025-09-29,1,1,1,{'Amidation'},{5016},{55804}
128973,CCSc1cccnc1C(=O)O,RALPFOAVVTWNMR-UHFFFAOYSA-N,1.0,50.0,85760,Enamine,EU stock,EN300-249430,18.0,EUR,2,,CCSc1cccnc1C(=O)O,2025-09-29,1,1,1,{'Amidation'},{4941},{55811}
129756,O=C(O)CCc1cccnc1Br,YWYXKJQVNFLXNC-UHFFFAOYSA-N,1.0,50.0,90941,Enamine,EU stock,EN300-1894477,195.0,EUR,2,,O=C(O)CCc1cccnc1Br,2025-09-29,1,1,1,{'Amidation'},{5384},{55897}
129757,CC(N)c1cc(=O)[nH][nH]1,WIMQLASIBZZYEZ-UHFFFAOYSA-N,1.0,100.0,40792,Enamine,Global catalog,EN300-305198,339.0,EUR,10,,CC(N)c1cc(=O)[nH][nH]1.Cl.Cl,2025-09-29,1,1,1,{'Amidation'},{5384},{55897}
129058,O=C(O)COc1cccc2cccnc12,PNKYIZBUGAZUHQ-UHFFFAOYSA-N,1.0,50.0,79566,Enamine,EU stock,EN300-06310,40.0,EUR,2,,O=C(O)COc1cccc2cccnc12,2025-09-29,1,1,1,{'Amidation'},{4993},{56396}
129059,CNC1CCN(c2ncnc3ccccc23)CC1,RSTBYYONONGYIY-UHFFFAOYSA-N,1.0,100.0,66386,Enamine,Global catalog,EN300-39923808,63.0,EUR,10,,CNC1CCN(c2ncnc3ccccc23)CC1.Cl.Cl,2025-09-29,1,1,1,{'Amidation'},{4993},{56396}
128989,NC1CCOCC12CCCC2,ZTNISPQVLTTZSF-UHFFFAOYSA-N,1.0,50.0,107689,Enamine,EU stock,EN300-1590573,165.0,EUR,2,,NC1CCOCC12CCCC2,2025-09-29,1,1,1,{'Amidation'},{4951},{56430}
128990,CC(Oc1cccnc1)C(=O)O,ZREDEAUTHWGQBB-UHFFFAOYSA-N,1.0,50.0,102825,Enamine,EU stock,EN300-80360,93.0,EUR,2,,CC(Oc1cccnc1)C(=O)O,2025-09-29,1,1,1,{'Amidation'},{4951},{56430}
129032,Nc1csc(-c2ccncc2)n1,HXLWCOMRAKZZTG-UHFFFAOYSA-N,1.0,50.0,82756,Enamine,EU stock,EN300-136987,197.0,EUR,2,,Cl.Cl.Nc1csc(-c2ccncc2)n1,2025-09-29,1,1,1,{'Amidation'},{4976},{56508}
129033,CC(O)(C(=O)O)C1CCOC1,GZKKBIVLRCOXRB-UHFFFAOYSA-N,1.0,100.0,37732,Enamine,Global catalog,EN300-217494,406.0,EUR,10,,CC(O)(C(=O)O)C1CCOC1,2025-09-29,1,1,1,{'Amidation'},{4976},{56508}
128890,CC(O)C(=O)O,JVTAAEKCZFNVCJ-UHFFFAOYSA-N,2.0,100.0,32730,Enamine,Global catalog,EN300-91905,18.0,EUR,10,,C[C@H](O)C(=O)O,2025-09-29,1,2,2,{'Amidation'},"{4897, 5110}","{56722, 116294}"
129295,Nc1nccs1,RAIPHJJURHTUIC-UHFFFAOYSA-N,1.0,100.0,52107,Enamine,Global catalog,EN300-19107,18.0,EUR,10,,Nc1nccs1,2025-09-29,1,1,1,{'Amidation'},{5110},{56722}
128910,O=Cc1cnc(C2CCC2)s1,BQZAQQSRZCHPEG-UHFFFAOYSA-N,1.0,50.0,81532,Enamine,EU stock,EN300-107926,129.0,EUR,2,,O=Cc1cnc(C2CCC2)s1,2025-09-29,1,1,1,{'Reductive_amination'},{4907},{56798}
128911,NCc1cccc2[nH]ccc12,FFBWKPKOXRMLNP-UHFFFAOYSA-N,1.0,100.0,46324,Enamine,Global catalog,EN300-333061,20.0,EUR,10,,NCc1cccc2[nH]ccc12,2025-09-29,1,1,1,{'Reductive_amination'},{4907},{56798}
128878,CN1C(=O)CCCC1C(=O)O,GTXXDFUYEKXHRF-UHFFFAOYSA-N,1.0,50.0,87657,Enamine,EU stock,EN300-325738,51.0,EUR,2,,CN1C(=O)CCCC1C(=O)O,2025-09-29,1,1,1,{'Steglich_esterification'},{4891},{56830}
128900,NCc1nccc2ccccc12,FEWQWMKPPJZYCQ-UHFFFAOYSA-N,1.0,50.0,98726,Enamine,EU stock,EN300-26037,18.0,EUR,2,,Cl.Cl.NCc1nccc2ccccc12,2025-09-29,1,1,1,{'N-nucleophilic_aromatic_substitution'},{4901},{56919}
128901,Clc1ncc(C2CCOC2)s1,RWDWUFCIPUVBOJ-UHFFFAOYSA-N,1.0,50.0,95756,Enamine,EU stock,EN300-6826726,492.0,EUR,2,,Clc1ncc(C2CCOC2)s1,2025-09-29,1,1,1,{'N-nucleophilic_aromatic_substitution'},{4901},{56919}
129395,NS(=O)(=O)c1cnn2c1CNCC2,UCXWXXLEZUHHIN-UHFFFAOYSA-N,1.0,50.0,99728,Enamine,EU stock,EN300-6526635,208.0,EUR,2,,Cl.NS(=O)(=O)c1cnn2c1CNCC2,2025-09-29,1,1,1,{'Formation_of_urea_from_two_amines'},{5167},{57216}
129315,CNCc1ccc2cc[nH]c2c1,LJHCAAWWHYJYHM-UHFFFAOYSA-N,2.0,100.0,64811,Enamine,Global catalog,EN300-364641,278.0,EUR,10,,CNCc1ccc2cc[nH]c2c1.Cl,2025-09-29,1,2,2,{'Amidation'},"{5120, 5294}","{58144, 57833}"
129615,O=C(O)c1nc(Cl)cs1,BOZVLMGZCYCCGY-UHFFFAOYSA-N,1.0,50.0,90753,Enamine,EU stock,EN300-188558,208.0,EUR,2,,O=C(O)c1nc(Cl)cs1,2025-09-29,1,1,1,{'Amidation'},{5294},{57833}
129528,OCCOC1CNC1,QNTAEOFCYLOGRS-UHFFFAOYSA-N,1.0,50.0,85912,Enamine,EU stock,EN300-258081,253.0,EUR,2,,OCCOC1CNC1,2025-09-29,1,1,1,{'Amidation'},{5242},{58017}
129529,O=C(O)CNc1nc2ccccc2s1,NQWYPNHFJRHOKO-UHFFFAOYSA-N,1.0,50.0,96455,Enamine,EU stock,EN300-44900,60.0,EUR,2,,O=C(O)CNc1nc2ccccc2s1,2025-09-29,1,1,1,{'Amidation'},{5242},{58017}
129391,Brc1cc2cccnc2s1,UAMUSRIEEHYHBP-UHFFFAOYSA-N,2.0,50.0,100511,Enamine,EU stock,EN300-6996467,151.0,EUR,2,,Brc1cc2cccnc2s1,2025-09-29,2,2,2,"{'Sp2-sp2_Suzuki_coupling', 'Sp3-sp2_Suzuki_coupling'}","{5164, 5439}","{58094, 58671}"
129862,CC1(C)OB(c2cncs2)OC1(C)C,ODYWLZYOVWNCGN-UHFFFAOYSA-N,1.0,100.0,43620,Enamine,Global catalog,EN300-136792,20.0,EUR,10,,CC1(C)OB(c2cncs2)OC1(C)C,2025-09-29,1,1,1,{'Sp2-sp2_Suzuki_coupling'},{5439},{58094}
129316,C=CCC(C)C(=O)O,HVRZYSHVZOELOH-UHFFFAOYSA-N,1.0,100.0,44224,Enamine,Global catalog,EN300-85203,18.0,EUR,10,,C=CCC(C)C(=O)O,2025-09-29,1,1,1,{'Amidation'},{5120},{58144}
129421,O=C(O)C1CCCCN1,HXEACLLIILLPRG-UHFFFAOYSA-N,1.0,100.0,32376,Enamine,Global catalog,EN300-66085,18.0,EUR,10,,O=C(O)[C@@H]1CCCCN1,2025-09-29,1,1,1,{'Amidation'},{5178},{58201}
129422,CCC(C)(C)CN,PZVPOYBHOPRJNP-UHFFFAOYSA-N,2.0,50.0,83641,Enamine,EU stock,EN300-180531,103.0,EUR,2,,CCC(C)(C)CN.Cl,2025-09-29,2,2,2,"{'Amidation', 'Formation_of_urea_from_two_amines'}","{5178, 5269}","{58201, 62126}"
63423,c1ccc2oc(N3CCNCC3)nc2c1,HLKHIJZYKGDCJM-UHFFFAOYSA-N,1.0,50.0,82063,Enamine,EU stock,EN300-70920,22.0,EUR,2,,c1ccc2oc(N3CCNCC3)nc2c1,2025-09-29,1,1,1,{'Amidation'},{5364},{58440}
129509,OCc1cccc2c1CCNC2,NFTNPLSNWFYRIS-UHFFFAOYSA-N,1.0,100.0,72003,Enamine,Global catalog,EN300-33060735,259.0,EUR,10,,Cl.OCc1cccc2c1CCNC2,2025-09-29,1,1,1,{'Mitsunobu_reaction_with_amine_alcohol_and_thioalcohol'},{5229},{58592}
129510,OCCCNCc1ccccn1,UTTDICFUEAFWJV-UHFFFAOYSA-N,1.0,50.0,83365,Enamine,EU stock,EN300-169048,42.0,EUR,2,,OCCCNCc1ccccn1,2025-09-29,1,1,1,{'Mitsunobu_reaction_with_amine_alcohol_and_thioalcohol'},{5229},{58592}
129390,CC1(C)OB(CCCN)OC1(C)C,KOKDUKWVHWZLQD-UHFFFAOYSA-N,1.0,100.0,54308,Enamine,Global catalog,EN300-7408159,210.0,EUR,10,,CC1(C)OB(CCCN)OC1(C)C.Cl,2025-09-29,1,1,1,{'Sp3-sp2_Suzuki_coupling'},{5164},{58671}
122004,CCCN,WGYKZJWCGVVSQN-UHFFFAOYSA-N,4.0,100.0,42171,Enamine,Global catalog,EN300-20505,18.0,EUR,10,,CCCN,2025-09-29,1,4,4,{'N-nucleophilic_aromatic_substitution'},"{5416, 5418, 5147, 5422}","{119040, 58690, 119044, 119052}"
129359,Brc1nc2ccccc2s1,DRLMMVPCYXFPEP-UHFFFAOYSA-N,1.0,100.0,31585,Enamine,Global catalog,EN300-68964,18.0,EUR,10,,Brc1nc2ccccc2s1,2025-09-29,1,1,1,{'N-nucleophilic_aromatic_substitution'},{5147},{58690}
129271,CC1(C)OB(c2ccns2)OC1(C)C,UPECZVDBUMIIIL-UHFFFAOYSA-N,1.0,50.0,100406,Enamine,EU stock,EN300-1387239,98.0,EUR,2,,CC1(C)OB(c2ccns2)OC1(C)C,2025-09-29,1,1,1,{'Sp2-sp2_Suzuki_coupling'},{5227},{59027}
129505,Cc1cc(Br)cc2[nH]c(Cl)nc12,UNMYOQCXTJFGRC-UHFFFAOYSA-N,1.0,100.0,66281,Enamine,Global catalog,EN300-3168472,230.0,EUR,10,,Cc1cc(Br)cc2[nH]c(Cl)nc12,2025-09-29,1,1,1,{'Sp2-sp2_Suzuki_coupling'},{5227},{59027}
129586,O=C(O)Cc1cnn2ccccc12,VJVCNAGVXRMLPL-UHFFFAOYSA-N,1.0,50.0,98038,Enamine,EU stock,EN300-175428,218.0,EUR,2,,O=C(O)Cc1cnn2ccccc12,2025-09-29,1,1,1,{'Amidation'},{5275},{59115}
129587,CNC1CC(OC)C12CCC2,JYKPJVYIZCJYEC-UHFFFAOYSA-N,1.0,50.0,107393,Enamine,EU stock,EN300-247352,227.0,EUR,2,,CNC1CC(OC)C12CCC2.Cl,2025-09-29,1,1,1,{'Amidation'},{5275},{59115}
129948,Ic1cccnc1,XDELKSRGBLWMBA-UHFFFAOYSA-N,1.0,100.0,63964,Enamine,Global catalog,EN300-71344,18.0,EUR,10,,Ic1cccnc1,2025-09-29,1,1,1,{'Sp3-sp2_Suzuki_coupling'},{5488},{59157}
129949,CC1(C)OB(C23CCNCC2C3)OC1(C)C,XEFVCHBBSUAOBT-UHFFFAOYSA-N,1.0,50.0,97440,Enamine,EU stock,EN300-1697414,231.0,EUR,2,,CC1(C)OB(C23CCNCC2C3)OC1(C)C.Cl,2025-09-29,1,1,1,{'Sp3-sp2_Suzuki_coupling'},{5488},{59157}
129579,Ic1nccs1,VAQSRTGFMKWNIH-UHFFFAOYSA-N,1.0,50.0,96486,Enamine,EU stock,EN300-83016,37.0,EUR,2,,Ic1nccs1,2025-09-29,1,1,1,{'Sp2-sp2_Suzuki_coupling'},{5273},{59176}
129583,CC1(C)OB(c2cnsc2)OC1(C)C,IBFHUXAMFFTLKO-UHFFFAOYSA-N,1.0,50.0,107147,Enamine,EU stock,EN300-372049,88.0,EUR,2,,CC1(C)OB(c2cnsc2)OC1(C)C,2025-09-29,1,1,1,{'Sp2-sp2_Suzuki_coupling'},{5273},{59176}
129630,O=C(O)c1csc2cccnc12,DMXABPANVQBYLS-UHFFFAOYSA-N,1.0,50.0,84414,Enamine,EU stock,EN300-227302,221.0,EUR,2,,O=C(O)c1csc2cccnc12,2025-09-29,1,1,1,{'Amidation'},{5310},{59253}
129743,Nc1snc2ccccc12,JSKJAICVFPRVHJ-UHFFFAOYSA-N,1.0,50.0,85732,Enamine,EU stock,EN300-99600,35.0,EUR,2,,Nc1snc2ccccc12,2025-09-29,1,1,1,{'Formation_of_urea_from_two_amines'},{5374},{59260}
60620,c1cc(C2CCNC2)n[nH]1,NQUKCXGPCOPNRA-UHFFFAOYSA-N,1.0,50.0,88625,Enamine,EU stock,EN300-1072125,79.0,EUR,2,,Cl.Cl.c1cc(C2CCNC2)[nH]n1,2025-09-29,1,1,1,{'Amidation'},{5340},{59541}
129495,O=C(O)c1ccn2c(=O)[nH]nc2c1,SAJWHJAWXQMXCJ-UHFFFAOYSA-N,1.0,50.0,106190,Enamine,EU stock,EN300-1726085,215.0,EUR,2,,O=C(O)c1ccn2c(=O)[nH]nc2c1,2025-09-29,1,1,1,{'Amidation'},{5220},{59569}
128571,Fc1cccc2c1CNC2,UDBMWFNXDSVYBR-UHFFFAOYSA-N,1.0,100.0,39384,Enamine,Global catalog,EN300-250157,18.0,EUR,10,,Cl.Fc1cccc2c1CNC2,2025-09-29,1,1,1,{'Amidation'},{5137},{59572}
129343,O=C(O)c1ccc2n[nH]c(=O)n2c1,DXENZHFWUUZBCG-UHFFFAOYSA-N,3.0,50.0,85465,Enamine,EU stock,EN300-60834,154.0,EUR,2,,O=C(O)c1ccc2n[nH]c(=O)n2c1,2025-09-29,1,3,3,{'Amidation'},"{5137, 5307, 5182}","{67777, 59572, 59573}"
129664,O=C(O)c1nccn2nccc12,QHHMHMVQQSJLAL-UHFFFAOYSA-N,2.0,50.0,87196,Enamine,EU stock,EN300-359842,224.0,EUR,2,,O=C(O)c1nccn2nccc12,2025-09-29,1,2,2,{'Amidation'},"{5358, 5327}","{59610, 59613}"
129389,O=C(O)c1nccc2c1CNCC2,BSBKVQPXQPVHQI-UHFFFAOYSA-N,2.0,50.0,93466,Enamine,EU stock,EN300-7355759,206.0,EUR,2,,Cl.Cl.O=C(O)c1nccc2c1CNCC2,2025-09-29,1,2,2,{'Amidation'},"{5163, 5188}","{59624, 66477}"
9447,c1cncc(C2CCCCN2)c1,MTXSIJUGVMTTMU-UHFFFAOYSA-N,1.0,100.0,43060,Enamine,Global catalog,EN300-95113,18.0,EUR,10,,c1cncc(C2CCCCN2)c1,2025-09-29,1,1,1,{'N-oxide_formation'},{5179},{59808}
1955,c1csc(N2CCNCC2)n1,WQFWIVTXNKRNJZ-UHFFFAOYSA-N,1.0,100.0,31270,Enamine,Global catalog,EN300-25426,18.0,EUR,10,,c1csc(N2CCNCC2)n1,2025-09-29,1,1,1,{'Amidation'},{5319},{59837}
129650,O=C(O)COCc1nc2ccccc2s1,RQFMQUWXKKGYMC-UHFFFAOYSA-N,1.0,50.0,89827,Enamine,EU stock,EN300-13530,33.0,EUR,2,,O=C(O)COCc1nc2ccccc2s1,2025-09-29,1,1,1,{'Amidation'},{5319},{59837}
129704,Nc1cc(C2CC2)ccn1,HAIPJIYVWCQVNZ-UHFFFAOYSA-N,1.0,50.0,94167,Enamine,EU stock,EN300-217037,31.0,EUR,2,,Nc1cc(C2CC2)ccn1,2025-09-29,1,1,1,{'Formation_of_urea_from_two_amines'},{5349},{59923}
129705,CCC(N)c1ncccn1,JOHQIHUUHOFUKE-UHFFFAOYSA-N,1.0,100.0,68617,Enamine,Global catalog,EN300-45657592,287.0,EUR,10,,CCC(N)c1ncccn1.Cl.Cl,2025-09-29,1,1,1,{'Formation_of_urea_from_two_amines'},{5349},{59923}
129292,NCC12CCCN1CCC2,YSMMVKXAJZFXHK-UHFFFAOYSA-N,1.0,50.0,83580,Enamine,EU stock,EN300-190383,62.0,EUR,2,,Cl.Cl.NCC12CCCN1CCC2,2025-09-29,1,1,1,{'Amidation'},{5108},{59954}
129521,CNC(=O)CO,WFAFGNCZWMJZCK-UHFFFAOYSA-N,1.0,50.0,80566,Enamine,EU stock,EN300-65463,22.0,EUR,2,,CNC(=O)CO,2025-09-29,1,1,1,{'Mitsunobu_reaction_with_amine_alcohol_and_thioalcohol'},{5321},{59959}
129653,C1CNC2(CCN1)CC2,IGNVXSGDOWAEBU-UHFFFAOYSA-N,1.0,100.0,63243,Enamine,Global catalog,EN300-28331811,444.0,EUR,10,,C1CNC2(CCN1)CC2.Cl.Cl,2025-09-29,1,1,1,{'Mitsunobu_reaction_with_amine_alcohol_and_thioalcohol'},{5321},{59959}
129938,CC1NC(=O)CCC1N,UEZYMIDVESAFOD-UHFFFAOYSA-N,1.0,50.0,83818,Enamine,EU stock,EN300-199449,154.0,EUR,2,,CC1NC(=O)CCC1N,2025-09-29,1,1,1,{'Formation_of_sulfonamide_from_halide_-_Shavnya_reaction'},{5484},{60098}
129939,Brc1ccc2c(c1)CCCNC2,WQZWMJXOLQUALN-UHFFFAOYSA-N,1.0,50.0,93110,Enamine,EU stock,EN300-6746143,498.0,EUR,2,,Brc1ccc2c(c1)CCCNC2.Cl,2025-09-29,1,1,1,{'Formation_of_sulfonamide_from_halide_-_Shavnya_reaction'},{5484},{60098}
129936,O=C(O)C12CCN(CC1)C2,CWVQBVRGOKBTQJ-UHFFFAOYSA-N,1.0,50.0,103177,Enamine,EU stock,EN300-313366,218.0,EUR,2,,Cl.O=C(O)C12CCN(CC1)C2,2025-09-29,1,1,1,{'Amidation'},{5483},{60165}
129937,CC(=O)c1ccc2c(c1)CNC2,OHAHTIICBWYMFH-UHFFFAOYSA-N,1.0,50.0,94898,Enamine,EU stock,EN300-252917,215.0,EUR,2,,CC(=O)c1ccc2c(c1)CNC2.Cl,2025-09-29,1,1,1,{'Amidation'},{5483},{60165}
129440,OCCCC1CNC1,BFNCRQNQIOVYBQ-UHFFFAOYSA-N,1.0,100.0,68925,Enamine,Global catalog,EN300-7613775,167.0,EUR,10,,Cl.OCCCC1CNC1,2025-09-29,1,1,1,{'Mitsunobu_reaction_with_amine_alcohol_and_thioalcohol'},{5187},{60166}
129441,O=C(Nc1ccc2c(c1)CNC2)C(F)(F)F,IMNIQIOSXBSRON-UHFFFAOYSA-N,1.0,50.0,86271,Enamine,EU stock,EN300-267344,161.0,EUR,2,,Cl.O=C(Nc1ccc2c(c1)CNC2)C(F)(F)F,2025-09-29,1,1,1,{'Mitsunobu_reaction_with_amine_alcohol_and_thioalcohol'},{5187},{60166}
129671,O=C(O)CC1CCCCN1,PRNLNZMJMCUWNV-UHFFFAOYSA-N,1.0,100.0,54728,Enamine,Global catalog,EN300-50511,18.0,EUR,10,,O=C(O)CC1CCCCN1,2025-09-29,1,1,1,{'Amidation'},{5333},{60230}
129672,Cn1c(=O)[nH]c2ccc(N)cc21,XVUHURUPLDWHPL-UHFFFAOYSA-N,1.0,50.0,83870,Enamine,EU stock,EN300-197838,174.0,EUR,2,,Cl.Cn1c(=O)[nH]c2ccc(N)cc21,2025-09-29,1,1,1,{'Amidation'},{5333},{60230}
129468,CCC(C#N)C(=O)O,XNINAOUGJUYOQX-UHFFFAOYSA-N,1.0,50.0,86060,Enamine,EU stock,EN300-150120,55.0,EUR,2,,CCC(C#N)C(=O)O,2025-09-29,1,1,1,{'Amidation'},{5203},{60302}
129469,CC(N)c1nnc2ccccn12,FQWYAIRHWCMQNP-UHFFFAOYSA-N,1.0,50.0,86596,Enamine,EU stock,EN300-30316,74.0,EUR,2,,CC(N)c1nnc2ccccn12.Cl.Cl,2025-09-29,1,1,1,{'Amidation'},{5203},{60302}
129393,Ic1cc[nH]n1,RUKDVLFJSMVBLV-UHFFFAOYSA-N,1.0,100.0,64503,Enamine,Global catalog,EN300-171018,18.0,EUR,10,,Ic1cc[nH]n1,2025-09-29,1,1,1,{'Sp3-sp2_Suzuki_coupling'},{5166},{60616}
129394,CC1(C)OB(C2CCCNCC2)OC1(C)C,RBIKPGOAWKKCJA-UHFFFAOYSA-N,1.0,50.0,92686,Enamine,EU stock,EN300-1722935,295.0,EUR,2,,CC1(C)OB(C2CCCNCC2)OC1(C)C.Cl,2025-09-29,1,1,1,{'Sp3-sp2_Suzuki_coupling'},{5166},{60616}
129470,Nc1cncc2c1CCCC2,LXLLAYNWGJBGSJ-UHFFFAOYSA-N,1.0,100.0,70122,Enamine,Global catalog,EN300-295168,475.0,EUR,10,,Cl.Cl.Nc1cncc2c1CCCC2,2025-09-29,1,1,1,{'Amidation'},{5204},{60723}
129377,O=C(O)C1NCC2CC21,JBDOTWVUXVXVDR-UHFFFAOYSA-N,1.0,50.0,80226,Enamine,EU stock,EN300-41644,112.0,EUR,2,,Cl.O=C(O)[C@H]1NC[C@@H]2C[C@@H]21,2025-09-29,1,1,1,{'Amidation'},{5157},{60764}
129346,O=C(O)C1CCNC1,JAEIBKXSIXOLOL-UHFFFAOYSA-N,1.0,100.0,40568,Enamine,Global catalog,EN300-67262,18.0,EUR,10,,O=C(O)C1CCNC1,2025-09-29,1,1,1,{'Amidation'},{5139},{60777}
129347,CC(C)(N)COc1ncccc1Br,IWVDTWLXFNKAOD-UHFFFAOYSA-N,1.0,50.0,82002,Enamine,EU stock,EN300-114034,165.0,EUR,2,,CC(C)(N)COc1ncccc1Br.Cl,2025-09-29,1,1,1,{'Amidation'},{5139},{60777}
129503,O=C(O)c1nnn2ccccc12,BVLJZTXTQSMURL-UHFFFAOYSA-N,1.0,50.0,98615,Enamine,EU stock,EN300-325737,154.0,EUR,2,,O=C(O)c1nnn2ccccc12,2025-09-29,1,1,1,{'Amidation'},{5226},{60806}
129504,Cn1cnc2cc(CN)ccc21,DWRIYGGJCVRRHI-UHFFFAOYSA-N,1.0,50.0,86108,Enamine,EU stock,EN300-265494,154.0,EUR,2,,Cn1cnc2cc(CN)ccc21,2025-09-29,1,1,1,{'Amidation'},{5226},{60806}
129609,c1coc(CNCc2ccco2)c1,LGTHRBXRBOVOKE-UHFFFAOYSA-N,1.0,50.0,91536,Enamine,EU stock,EN300-7365255,20.0,EUR,2,,Cl.c1coc(CNCc2ccco2)c1,2025-09-29,1,1,1,{'Reductive_amination'},{5289},{60959}
129747,O=C(O)c1sccc1-n1cccc1,WSCYUZJLJQNLSQ-UHFFFAOYSA-N,1.0,100.0,31249,Enamine,Global catalog,EN300-26647,18.0,EUR,10,,O=C(O)c1sccc1-n1cccc1,2025-09-29,1,1,1,{'Amidation'},{5377},{60966}
128601,Nc1nc2ccccc2n1-c1ccccc1,LUEQIDSEGWXUMD-UHFFFAOYSA-N,1.0,50.0,80211,Enamine,EU stock,EN300-43667,63.0,EUR,2,,Nc1nc2ccccc2n1-c1ccccc1,2025-09-29,1,1,1,{'Amidation'},{5336},{61042}
129354,O=C(O)c1ccn[nH]1,KOPFEFZSAMLEHK-UHFFFAOYSA-N,1.0,100.0,77112,Enamine,Global catalog,EN300-37077,18.0,EUR,10,,O=C(O)c1ccn[nH]1,2025-09-29,1,1,1,{'Amidation'},{5336},{61042}
129319,Brc1cnccn1,WGFCNCNTGOFBBF-UHFFFAOYSA-N,1.0,100.0,38075,Enamine,Global catalog,EN300-51443,18.0,EUR,10,,Brc1cnccn1,2025-09-29,1,1,1,{'N-nucleophilic_aromatic_substitution'},{5122},{61266}
61260,CC(N)Cc1cnccn1,NUCGDQSFJGMQQA-UHFFFAOYSA-N,1.0,50.0,83161,Enamine,EU stock,EN300-58232,29.0,EUR,2,,CC(N)Cc1cnccn1,2025-09-29,1,1,1,{'Buchwald-Hartwig_amination'},{5216},{61273}
129486,CC(C)(O)c1ccc(Br)nn1,KMIAQERZDIGIAH-UHFFFAOYSA-N,1.0,100.0,39818,Enamine,Global catalog,EN300-254606,391.0,EUR,10,,CC(C)(O)c1ccc(Br)nn1,2025-09-29,1,1,1,{'Buchwald-Hartwig_amination'},{5216},{61273}
129351,O=C(O)Cc1cccc2c1CCNC2,CKSMPQSDBXAYQK-UHFFFAOYSA-N,1.0,100.0,77937,Enamine,Global catalog,EN300-52561038,326.0,EUR,10,,Cl.O=C(O)Cc1cccc2c1CCNC2,2025-09-29,1,1,1,{'Amidation'},{5142},{61309}
129352,COCC1(CN)CCC1,XVJNIDSLCWMUBC-UHFFFAOYSA-N,1.0,50.0,83951,Enamine,EU stock,EN300-201019,18.0,EUR,2,,COCC1(CN)CCC1,2025-09-29,1,1,1,{'Amidation'},{5142},{61309}
124841,N#CCN,DFNYGALUNNFWKJ-UHFFFAOYSA-N,1.0,100.0,48890,Enamine,Global catalog,EN300-24464,18.0,EUR,10,,Cl.N#CCN,2025-09-29,1,1,1,{'Chan-Lam_coupling_(amination)'},{5211},{61450}
129479,O=C1Cc2cc(B(O)O)ccc2N1,VKAPDBRYEZFWKT-UHFFFAOYSA-N,1.0,100.0,56342,Enamine,Global catalog,EN300-91792,310.0,EUR,10,,O=C1Cc2cc(B(O)O)ccc2N1,2025-09-29,1,1,1,{'Chan-Lam_coupling_(amination)'},{5211},{61450}
129619,OCC1CCOC1,PCPUMGYALMOCHF-UHFFFAOYSA-N,1.0,100.0,31536,Enamine,Global catalog,EN300-41399,18.0,EUR,10,,OCC1CCOC1,2025-09-29,1,1,1,{'Mitsunobu_reaction_with_amine_alcohol_and_thioalcohol'},{5298},{61503}
129324,CNCC(F)(F)F,XZYJNHZNHGUSNY-UHFFFAOYSA-N,1.0,50.0,80203,Enamine,EU stock,EN300-37329,38.0,EUR,2,,CNCC(F)(F)F.Cl,2025-09-29,1,1,1,{'Reductive_amination'},{5124},{61575}
129288,CCCCN,HQABUPZFAYXKJW-UHFFFAOYSA-N,1.0,100.0,49986,Enamine,Global catalog,EN300-19577,18.0,EUR,10,,CCCCN,2025-09-29,1,1,1,{'Reductive_amination'},{5105},{61598}
125954,C#CCNC,HQFYIDOMCULPIW-UHFFFAOYSA-N,1.0,50.0,101030,Enamine,EU stock,EN300-78930,18.0,EUR,2,,C#CCNC,2025-09-29,1,1,1,{'Reductive_amination'},{5158},{61607}
129874,O=C(O)CCC1CCCN1,HIDODKLFTVMWQL-UHFFFAOYSA-N,1.0,50.0,100448,Enamine,EU stock,EN300-266554,195.0,EUR,2,,Cl.O=C(O)CCC1CCCN1,2025-09-29,1,1,1,{'Amidation'},{5447},{61750}
129875,Nc1n[nH]c2nc(C(F)(F)F)ccc12,OHVUCFMMMBIQOT-UHFFFAOYSA-N,1.0,50.0,81130,Enamine,EU stock,EN300-79639,67.0,EUR,2,,Nc1n[nH]c2nc(C(F)(F)F)ccc12,2025-09-29,1,1,1,{'Amidation'},{5447},{61750}
129317,O=C(O)c1ccnc2c1CNC2,GJXMCKJOZSEXLL-UHFFFAOYSA-N,2.0,100.0,53864,Enamine,Global catalog,EN300-26667409,892.0,EUR,10,,Cl.Cl.O=C(O)c1ccnc2c1CNC2,2025-09-29,1,2,2,{'Amidation'},"{5121, 5247}","{66459, 61950}"
129318,CNC(=O)Cc1cccc(N)c1,MKEMWAFRDCOQKK-UHFFFAOYSA-N,1.0,50.0,88180,Enamine,EU stock,EN300-701436,19.0,EUR,2,,CNC(=O)Cc1cccc(N)c1,2025-09-29,1,1,1,{'Amidation'},{5121},{61950}
129559,O=C(O)c1cccn2nncc12,QVQNXXZMTYDZJZ-UHFFFAOYSA-N,1.0,50.0,106789,Enamine,EU stock,EN300-1074262,278.0,EUR,2,,O=C(O)c1cccn2nncc12,2025-09-29,1,1,1,{'Amidation'},{5259},{62013}
129562,CCOCCCN=C=O,YTCZSDNDGWZYNK-UHFFFAOYSA-N,1.0,100.0,54078,Enamine,Global catalog,EN300-145172,23.0,EUR,10,,CCOCCCN=C=O,2025-09-29,1,1,1,{'Isocyanate_to_urea'},{5261},{62098}
129563,CC(N)C(=O)N1Cc2ccccc2C1,ROGSNODZJLQUKG-UHFFFAOYSA-N,2.0,50.0,83773,Enamine,EU stock,EN300-193005,171.0,EUR,2,,C[C@@H](N)C(=O)N1Cc2ccccc2C1.Cl,2025-09-29,2,2,2,"{'Isocyanate_to_urea', 'Formation_of_urea_from_two_amines'}","{5261, 5269}","{62098, 62126}"
129334,Nc1ccsn1,IYCKMNAVTMOAKD-UHFFFAOYSA-N,1.0,50.0,84950,Enamine,EU stock,EN300-245868,215.0,EUR,2,,Cl.Nc1ccsn1,2025-09-29,1,1,1,{'Amidation'},{5131},{62267}
129367,O=C1CCNCCN1,QPPLBCQXWDBQFS-UHFFFAOYSA-N,1.0,100.0,60356,Enamine,Global catalog,EN300-30392,18.0,EUR,10,,O=C1CCNCCN1,2025-09-29,1,1,1,{'Amidation'},{5152},{62280}
129368,O=C(O)c1cc(C(O)C(F)(F)F)ccn1,VNMYOAQWDOFQNO-UHFFFAOYSA-N,1.0,50.0,103257,Enamine,EU stock,EN300-7466137,161.0,EUR,2,,Cl.O=C(O)c1cc(C(O)C(F)(F)F)ccn1,2025-09-29,1,1,1,{'Amidation'},{5152},{62280}
121310,C1CNCCN1,GLUUGHFHXGJENI-UHFFFAOYSA-N,3.0,100.0,76380,Enamine,Global catalog,EN300-33920,18.0,EUR,10,,C1CNCCN1,2025-09-29,2,3,3,"{'Amidation', 'N-nucleophilic_aromatic_substitution'}","{5337, 5198, 5383}","{63872, 62466, 69166}"
129675,Brc1nc2c(s1)CCCCC2,NTZSXLNKZILSFZ-UHFFFAOYSA-N,1.0,50.0,88982,Enamine,EU stock,EN300-1074365,97.0,EUR,2,,Brc1nc2c(s1)CCCCC2,2025-09-29,1,1,1,{'N-nucleophilic_aromatic_substitution'},{5337},{62466}
79028,Cc1ccc(N)c2cccnc12,PILPIITVELSUBH-UHFFFAOYSA-N,1.0,50.0,98701,Enamine,EU stock,EN300-28970,18.0,EUR,2,,Cc1ccc(N)c2cccnc12,2025-09-29,1,1,1,{'Amidation'},{5101},{62668}
129282,O=C(O)c1cccc2scnc12,XBFRQODQXBMILB-UHFFFAOYSA-N,1.0,50.0,107509,Enamine,EU stock,EN300-257689,73.0,EUR,2,,O=C(O)c1cccc2scnc12,2025-09-29,1,1,1,{'Amidation'},{5101},{62668}
129667,O=C(O)c1cc2ncccc2o1,VHRCHODSRLMXFM-UHFFFAOYSA-N,1.0,100.0,38068,Enamine,Global catalog,EN300-238503,30.0,EUR,10,,Cl.O=C(O)c1cc2ncccc2o1,2025-09-29,1,1,1,{'Amidation'},{5330},{62670}
129668,COc1ccc2ncccc2c1N,LTDUAVSGOSFGMV-UHFFFAOYSA-N,1.0,50.0,84509,Enamine,EU stock,EN300-235056,60.0,EUR,2,,COc1ccc2ncccc2c1N,2025-09-29,1,1,1,{'Amidation'},{5330},{62670}
120435,Nc1ccc2cn[nH]c2n1,XOXOWZFVBMJORH-UHFFFAOYSA-N,3.0,50.0,85265,Enamine,EU stock,EN300-141691,117.0,EUR,2,,Nc1ccc2cn[nH]c2n1,2025-09-29,1,3,3,{'Amidation'},"{5370, 5146, 5238}","{67775, 111786, 62695}"
129358,O=C(O)c1nc2ccccc2s1,UUVDQMYRPUHXPB-UHFFFAOYSA-N,2.0,100.0,57359,Enamine,Global catalog,EN300-17231,20.0,EUR,10,,O=C(O)c1nc2ccccc2s1,2025-09-29,1,2,2,{'Amidation'},"{5457, 5146}","{67611, 62695}"
129353,NCc1cnco1,ZPIDZCBCCUTEEI-UHFFFAOYSA-N,1.0,50.0,103650,Enamine,EU stock,EN300-1265028,27.0,EUR,2,,Cl.Cl.NCc1cnco1,2025-09-29,1,1,1,{'Amidation'},{5143},{62788}
124379,Nc1ccccn1,ICSNLGPSRYBMBD-UHFFFAOYSA-N,1.0,100.0,38397,Enamine,Global catalog,EN300-19030,18.0,EUR,10,,Nc1ccccn1,2025-09-29,1,1,1,{'Amidation'},{5233},{62980}
128656,CCCC(OCC)C(=O)O,QPVYHONHMKBUJQ-UHFFFAOYSA-N,1.0,50.0,86709,Enamine,EU stock,EN300-313599,110.0,EUR,2,,CCCC(OCC)C(=O)O,2025-09-29,1,1,1,{'Amidation'},{5233},{62980}
124877,OB(O)c1ccncc1,QLULGIRFKAWHOJ-UHFFFAOYSA-N,1.0,100.0,56475,Enamine,Global catalog,EN300-29529,18.0,EUR,10,,OB(O)c1ccncc1,2025-09-29,1,1,1,{'Chan-Lam_coupling_(amination)'},{5183},{63027}
129433,COCC(N)COC,DSZCUJHVOLGWBO-UHFFFAOYSA-N,1.0,50.0,109494,Enamine,EU stock,EN300-245369,33.0,EUR,2,,COCC(N)COC,2025-09-29,1,1,1,{'Chan-Lam_coupling_(amination)'},{5183},{63027}
129344,Nc1cncs1,LKFXYYLRIUSARI-UHFFFAOYSA-N,1.0,50.0,86113,Enamine,EU stock,EN300-260610,18.0,EUR,2,,Cl.Cl.Nc1cncs1,2025-09-29,1,1,1,{'Amidation'},{5138},{63038}
129345,C#CCOC(C)C(=O)O,ASOPQMMSXAFJQU-UHFFFAOYSA-N,1.0,50.0,84781,Enamine,EU stock,EN300-233422,90.0,EUR,2,,C#CCOC(C)C(=O)O,2025-09-29,1,1,1,{'Amidation'},{5138},{63038}
128718,CC(N)c1cccc2cccnc12,JNGWMTGFGBBLEE-UHFFFAOYSA-N,1.0,50.0,89433,Enamine,EU stock,EN300-1272606,127.0,EUR,2,,CC(N)c1cccc2cccnc12,2025-09-29,1,1,1,{'Amidation'},{5114},{63174}
129305,O=C(O)c1noc2c1CNCC2,OUTKRVACNDWALM-UHFFFAOYSA-N,1.0,100.0,60468,Enamine,Global catalog,EN300-214193,425.0,EUR,10,,Cl.O=C(O)c1noc2c1CNCC2,2025-09-29,1,1,1,{'Amidation'},{5114},{63174}
129387,CC1(C)OB(c2ccc3nc[nH]c3c2)OC1(C)C,HCWNKNYTHLBIHX-UHFFFAOYSA-N,1.0,100.0,49930,Enamine,Global catalog,EN300-6733598,18.0,EUR,10,,CC1(C)OB(c2ccc3nc[nH]c3c2)OC1(C)C.Cl,2025-09-29,1,1,1,{'Sp2-sp2_Suzuki_coupling'},{5162},{63241}
129388,Brc1nccc2ncncc12,GVGWSAXCMREUOI-UHFFFAOYSA-N,1.0,100.0,43088,Enamine,Global catalog,EN300-726606,245.0,EUR,10,,Brc1nccc2ncncc12,2025-09-29,1,1,1,{'Sp2-sp2_Suzuki_coupling'},{5162},{63241}
129514,Oc1cnn2c1CNCC2,CHMWJKNFUJFZFS-UHFFFAOYSA-N,1.0,50.0,109058,Enamine,EU stock,EN300-7355835,211.0,EUR,2,,Cl.Cl.Oc1cnn2c1CNCC2,2025-09-29,1,1,1,{'Amidation'},{5231},{63711}
129515,O=C(O)c1nccc2occc12,IZFSQLGLFJHCDL-UHFFFAOYSA-N,1.0,50.0,107830,Enamine,EU stock,EN300-687038,89.0,EUR,2,,Cl.O=C(O)c1nccc2occc12,2025-09-29,1,1,1,{'Amidation'},{5231},{63711}
129733,O=C(O)c1ccc2cccnn12,ZUDMJBKRAYBLAN-UHFFFAOYSA-N,1.0,50.0,89771,Enamine,EU stock,EN300-126872,187.0,EUR,2,,O=C(O)c1ccc2cccnn12,2025-09-29,1,1,1,{'Amidation'},{5365},{63742}
129755,Ic1ncccn1,AXDGIPMYJALRKV-UHFFFAOYSA-N,2.0,50.0,80604,Enamine,EU stock,EN300-69951,18.0,EUR,2,,Ic1ncccn1,2025-09-29,2,2,2,"{'Amidation', 'N-nucleophilic_aromatic_substitution'}","{5198, 5383}","{63872, 69166}"
129399,Ic1ccncn1,USYVBQLOSZDDBE-UHFFFAOYSA-N,1.0,50.0,90442,Enamine,EU stock,EN300-127381,113.0,EUR,2,,Ic1ccncn1,2025-09-29,1,1,1,{'Sp2-sp2_Suzuki_coupling'},{5169},{63904}
129400,CC1(C)OB(C2=CCNC2)OC1(C)C,ICGMTEYHEVILSC-UHFFFAOYSA-N,1.0,50.0,101586,Enamine,EU stock,EN300-262349,99.0,EUR,2,,CC1(C)OB(C2=CCNC2)OC1(C)C,2025-09-29,1,1,1,{'Sp2-sp2_Suzuki_coupling'},{5169},{63904}
129414,NCc1csc2nccn12,LKOOJZXSWSROLR-UHFFFAOYSA-N,1.0,50.0,92327,Enamine,EU stock,EN300-178134,338.0,EUR,2,,NCc1csc2nccn12,2025-09-29,1,1,1,{'Amidation'},{5174},{64147}
129415,Cc1nc(CC(=O)O)c[nH]1,KDUUAAQFXVENJT-UHFFFAOYSA-N,1.0,50.0,98386,Enamine,EU stock,EN300-7764548,218.0,EUR,2,,Cc1nc(CC(=O)O)c[nH]1.Cl,2025-09-29,1,1,1,{'Amidation'},{5174},{64147}
129299,O=C(O)c1cccc2nccn12,IAXRYEXXAPLEGT-UHFFFAOYSA-N,1.0,50.0,81663,Enamine,EU stock,EN300-112953,18.0,EUR,2,,Cl.O=C(O)c1cccc2nccn12,2025-09-29,1,1,1,{'Amidation'},{5112},{64151}
129300,Cc1nc(CCN)c[nH]1,XDKYTXBAVJELDQ-UHFFFAOYSA-N,1.0,100.0,42969,Enamine,Global catalog,EN300-716281,24.0,EUR,10,,Cc1nc(CCN)c[nH]1.Cl.Cl,2025-09-29,1,1,1,{'Amidation'},{5112},{64151}
17848,c1ccc2[nH]c(C3CCNCC3)cc2c1,QUSRJRFKZHTCIL-UHFFFAOYSA-N,1.0,50.0,83761,Enamine,EU stock,EN300-195515,51.0,EUR,2,,Cl.c1ccc2[nH]c(C3CCNCC3)cc2c1,2025-09-29,1,1,1,{'Mitsunobu_reaction_with_amine_alcohol_and_thioalcohol'},{5151},{64241}
129366,C=CCNC(=O)CO,LYRWBZKKWOABKY-UHFFFAOYSA-N,1.0,50.0,84033,Enamine,EU stock,EN300-198933,62.0,EUR,2,,C=CCNC(=O)CO,2025-09-29,1,1,1,{'Mitsunobu_reaction_with_amine_alcohol_and_thioalcohol'},{5151},{64241}
129869,CC(O)C(C)(C)CN,JFRFVXRCBRHLBX-UHFFFAOYSA-N,1.0,50.0,103091,Enamine,EU stock,EN300-682491,193.0,EUR,2,,CC(O)C(C)(C)CN,2025-09-29,1,1,1,{'Amidation'},{5445},{64361}
125867,O=C(O)Cc1ccncc1,PAEXAIBDCHBNDC-UHFFFAOYSA-N,1.0,100.0,64818,Enamine,Global catalog,EN300-34635,18.0,EUR,10,,Cl.O=C(O)Cc1ccncc1,2025-09-29,1,1,1,{'Amidation'},{5455},{64434}
129885,CCCCNC(C)CCCC,IXDGIDFQIUYTSG-UHFFFAOYSA-N,1.0,50.0,84456,Enamine,EU stock,EN300-225092,73.0,EUR,2,,CCCCNC(C)CCCC,2025-09-29,1,1,1,{'Amidation'},{5455},{64434}
129542,NCc1cnc2sccn12,KKXVXXAFXMPTMT-UHFFFAOYSA-N,1.0,50.0,90580,Enamine,EU stock,EN300-1716870,307.0,EUR,2,,Cl.NCc1cnc2sccn12,2025-09-29,1,1,1,{'Amidation'},{5250},{64544}
129543,Cc1nc2ccccc2cc1C(=O)O,WXYKQNAKEPRCGF-UHFFFAOYSA-N,1.0,100.0,31704,Enamine,Global catalog,EN300-07174,18.0,EUR,10,,Cc1nc2ccccc2cc1C(=O)O,2025-09-29,1,1,1,{'Amidation'},{5250},{64544}
129375,Clc1ccnc2ccsc12,GYQUXKQLCNFKQT-UHFFFAOYSA-N,2.0,100.0,51974,Enamine,Global catalog,EN300-93066,18.0,EUR,10,,Clc1ccnc2ccsc12,2025-09-29,1,2,2,{'N-nucleophilic_aromatic_substitution'},"{5156, 5295}","{108392, 64652}"
129376,C1CNCCNC1,FQUYSHZXSKYCSY-UHFFFAOYSA-N,1.0,100.0,38516,Enamine,Global catalog,EN300-19058,18.0,EUR,10,,C1CNCCNC1,2025-09-29,1,1,1,{'N-nucleophilic_aromatic_substitution'},{5156},{64652}
129383,O=C(O)c1cccc2cc[nH]c12,IPDOBVFESNNYEE-UHFFFAOYSA-N,5.0,100.0,47528,Enamine,Global catalog,EN300-86038,18.0,EUR,10,,O=C(O)c1cccc2cc[nH]c12,2025-09-29,1,5,5,{'Amidation'},"{5285, 5160, 5165, 5366, 5279}","{112609, 109220, 109200, 64791, 64798}"
129384,COc1ccc(CC(C)(N)CO)cc1,FNUMSYUSWLPIJJ-UHFFFAOYSA-N,1.0,50.0,87301,Enamine,EU stock,EN300-343425,97.0,EUR,2,,COc1ccc(CC(C)(N)CO)cc1,2025-09-29,1,1,1,{'Amidation'},{5160},{64791}
129392,CC(N)(CO)Cc1ccc(F)cc1,XTIZZBWUKPANHA-UHFFFAOYSA-N,1.0,50.0,86790,Enamine,EU stock,EN300-343910,195.0,EUR,2,,CC(N)(CO)Cc1ccc(F)cc1.Cl,2025-09-29,1,1,1,{'Amidation'},{5165},{64798}
129269,O=C(O)c1cccc2cn[nH]c12,WBCWIQCXHSXMDH-UHFFFAOYSA-N,1.0,100.0,65938,Enamine,Global catalog,EN300-28963,18.0,EUR,10,,O=C(O)c1cccc2c[nH]nc12,2025-09-29,1,1,1,{'Amidation'},{5094},{64802}
129270,Nc1nc(-c2cnco2)cs1,HTOYTFNQJDUVAJ-UHFFFAOYSA-N,1.0,100.0,58994,Enamine,Global catalog,EN300-1783206,519.0,EUR,10,,Nc1nc(-c2cnco2)cs1,2025-09-29,1,1,1,{'Amidation'},{5094},{64802}
129418,O=C(O)c1cccc2[nH]ncc12,KGKZHHIUOZGUNP-UHFFFAOYSA-N,2.0,100.0,34249,Enamine,Global catalog,EN300-28887,18.0,EUR,10,,O=C(O)c1cccc2[nH]ncc12,2025-09-29,1,2,2,{'Amidation'},"{5176, 5486}","{64818, 120894}"
129419,Nc1nc(C2CCC2)cs1,QCOWZNYRWUSFPN-UHFFFAOYSA-N,1.0,50.0,83516,Enamine,EU stock,EN300-181894,171.0,EUR,2,,Nc1nc(C2CCC2)cs1,2025-09-29,1,1,1,{'Amidation'},{5176},{64818}
129416,O=C(O)Cn1c(=O)[nH]c2ccccc21,XGCKXFIEBXHNRH-UHFFFAOYSA-N,1.0,50.0,98335,Enamine,EU stock,EN300-42996,76.0,EUR,2,,O=C(O)Cn1c(=O)[nH]c2ccccc21,2025-09-29,1,1,1,{'Amidation'},{5175},{65040}
129417,CC(CN)CO,FVXBTPGZQMNAEZ-UHFFFAOYSA-N,1.0,50.0,80237,Enamine,EU stock,EN300-53656,38.0,EUR,2,,CC(CN)CO,2025-09-29,1,1,1,{'Amidation'},{5175},{65040}
129436,CC(O)C(=O)N(C)C,YEBLAXBYYVCOLT-UHFFFAOYSA-N,1.0,50.0,85674,Enamine,EU stock,EN300-181679,62.0,EUR,2,,CC(O)C(=O)N(C)C,2025-09-29,1,1,1,{'Mitsunobu_reaction_with_amine_alcohol_and_thioalcohol'},{5184},{65217}
122863,CCC(C)N,BHRZNVHARXXAHW-UHFFFAOYSA-N,2.0,100.0,42003,Enamine,Global catalog,EN300-19017,18.0,EUR,10,,CCC(C)N,2025-09-29,2,2,2,"{'Amidation', 'N-nucleophilic_aromatic_substitution'}","{5212, 5486}","{65268, 120894}"
129481,Brc1ccc2ccccc2n1,QKJAZPHKNWSXDF-UHFFFAOYSA-N,1.0,100.0,74793,Enamine,Global catalog,EN300-83375,18.0,EUR,10,,Brc1ccc2ccccc2n1,2025-09-29,1,1,1,{'N-nucleophilic_aromatic_substitution'},{5212},{65268}
129785,CCC(N)CO,JCBPETKZIGVZRE-UHFFFAOYSA-N,1.0,100.0,54595,Enamine,Global catalog,EN300-157897,18.0,EUR,10,,CC[C@H](N)CO,2025-09-29,1,1,1,{'Amidation'},{5395},{65345}
129275,O=C(O)c1csc2nccn12,DUMUNAZNDFRJPK-UHFFFAOYSA-N,1.0,50.0,89137,Enamine,EU stock,EN300-1273217,218.0,EUR,2,,Cl.O=C(O)c1csc2nccn12,2025-09-29,1,1,1,{'Amidation'},{5098},{65714}
129276,CCOC(C)c1nc(CNC)cs1,UINDADFKDFDUOK-UHFFFAOYSA-N,1.0,100.0,34564,Enamine,Global catalog,EN300-92211,292.0,EUR,10,,CCOC(C)c1nc(CNC)cs1,2025-09-29,1,1,1,{'Amidation'},{5098},{65714}
129930,O=C(O)c1ccc2ccnn2c1,SXVVFWMAODMGBM-UHFFFAOYSA-N,1.0,100.0,77293,Enamine,Global catalog,EN300-384742,410.0,EUR,10,,O=C(O)c1ccc2ccnn2c1,2025-09-29,1,1,1,{'Amidation'},{5480},{65943}
129931,CC(C)(C(=O)O)n1cc(N)cn1,CQXZLWDLHZXRRO-UHFFFAOYSA-N,1.0,100.0,35723,Enamine,Global catalog,EN300-155204,259.0,EUR,10,,CC(C)(C(=O)O)n1cc(N)cn1.Cl,2025-09-29,1,1,1,{'Amidation'},{5480},{65943}
129306,OB(O)c1cscn1,WSTDOIHBEOVTHX-UHFFFAOYSA-N,1.0,100.0,52877,Enamine,Global catalog,EN300-246731,188.0,EUR,10,,OB(O)c1cscn1,2025-09-29,1,1,1,{'Petasis-borono_Mannich_reaction'},{5115},{66225}
129307,CNCCSC,RBEQDVAYBZLKRS-UHFFFAOYSA-N,1.0,50.0,81478,Enamine,EU stock,EN300-105125,33.0,EUR,2,,CNCCSC.Cl,2025-09-29,1,1,1,{'Petasis-borono_Mannich_reaction'},{5115},{66225}
129338,O=Cc1cccc2[nH]ccc12,JFDDFGLNZWNJTK-UHFFFAOYSA-N,1.0,100.0,31578,Enamine,Global catalog,EN300-66992,18.0,EUR,10,,O=Cc1cccc2[nH]ccc12,2025-09-29,1,1,1,{'Reductive_amination'},{5134},{66393}
129339,Nc1ccc2c(c1)CN(CC(F)(F)F)C2,JESIGGUZBUVBCP-UHFFFAOYSA-N,1.0,50.0,85727,Enamine,EU stock,EN300-249079,202.0,EUR,2,,Nc1ccc2c(c1)CN(CC(F)(F)F)C2,2025-09-29,1,1,1,{'Reductive_amination'},{5134},{66393}
49373,c1cnc(C2CCCCN2)nc1,IHSZCLIJZRUESK-UHFFFAOYSA-N,1.0,50.0,87325,Enamine,EU stock,EN300-373910,193.0,EUR,2,,Cl.Cl.c1cnc(C2CCCCN2)nc1,2025-09-29,1,1,1,{'Amidation'},{5247},{66459}
129455,OCCNc1nc(Cl)nc2ccccc12,VZTMYLWJKCAXMZ-UHFFFAOYSA-N,1.0,50.0,108399,Enamine,EU stock,EN300-25922,47.0,EUR,2,,OCCNc1nc(Cl)nc2ccccc12,2025-09-29,1,1,1,{'N-nucleophilic_aromatic_substitution'},{5196},{66556}
129496,OC1CCCCNC1,SWIMYOUDBYVEIN-UHFFFAOYSA-N,1.0,100.0,58980,Enamine,Global catalog,EN300-7407938,80.0,EUR,10,,Cl.OC1CCCCNC1,2025-09-29,1,1,1,{'Mitsunobu_reaction_with_amine_alcohol_and_thioalcohol'},{5221},{66681}
129889,OC1CNCC2(CC2)C1,PZVHOYQWDXQPIB-UHFFFAOYSA-N,1.0,50.0,89367,Enamine,EU stock,EN300-6498669,314.0,EUR,2,,Cl.OC1CNCC2(CC2)C1,2025-09-29,1,1,1,{'Mitsunobu_reaction_with_amine_alcohol_and_thioalcohol'},{5461},{66691}
122492,OB(O)c1cccc2cn[nH]c12,QAHHYPPRKWNXHT-UHFFFAOYSA-N,1.0,50.0,90994,Enamine,EU stock,EN300-212688,21.0,EUR,2,,OB(O)c1cccc2cn[nH]c12,2025-09-29,1,1,1,{'Petasis-borono_Mannich_reaction'},{5155},{67471}
129372,NCc1cnc2ccccc2c1,VKKZSJQQRIGUIE-UHFFFAOYSA-N,1.0,50.0,87288,Enamine,EU stock,EN300-55691,27.0,EUR,2,,Cl.Cl.NCc1cnc2ccccc2c1,2025-09-29,1,1,1,{'Petasis-borono_Mannich_reaction'},{5155},{67471}
129289,O=C1CC(C(=O)O)CCN1,BKZYLQVOHBJVPC-UHFFFAOYSA-N,1.0,100.0,52639,Enamine,Global catalog,EN300-107493,18.0,EUR,10,,O=C1CC(C(=O)O)CCN1,2025-09-29,1,1,1,{'Amidation'},{5106},{67555}
129290,Nc1nnc(C2CCNC2)[nH]1,PUSXMVRYMKLKFB-UHFFFAOYSA-N,1.0,50.0,106729,Enamine,EU stock,EN300-7494195,193.0,EUR,2,,Cl.Cl.Nc1nc(C2CCNC2)n[nH]1,2025-09-29,1,1,1,{'Amidation'},{5106},{67555}
33,CNc1nccc2ccccc12,BILUZSWZYDFPMN-UHFFFAOYSA-N,1.0,50.0,101224,Enamine,EU stock,EN300-1231023,54.0,EUR,2,,CNc1nccc2ccccc12,2025-09-29,1,1,1,{'Amidation'},{5457},{67611}
129524,CC(C(=O)O)c1cncc(F)c1,ZWLLJWRVHONCDT-UHFFFAOYSA-N,1.0,50.0,88914,Enamine,EU stock,EN300-147281,240.0,EUR,2,,CC(C(=O)O)c1cncc(F)c1,2025-09-29,1,1,1,{'Amidation'},{5238},{67775}
129432,CC(N)c1ccncc1Cl,RKPIAZZODCNIEH-UHFFFAOYSA-N,1.0,50.0,108239,Enamine,EU stock,EN300-1986627,122.0,EUR,2,,CC(N)c1ccncc1Cl,2025-09-29,1,1,1,{'Amidation'},{5182},{67777}
129385,NCc1cccc2nccn12,UZQKOHKNWONJDB-UHFFFAOYSA-N,1.0,50.0,104744,Enamine,EU stock,EN300-1698456,142.0,EUR,2,,NCc1cccc2nccn12,2025-09-29,1,1,1,{'Reductive_amination'},{5161},{68003}
129386,CN(C)CCN1CCC(C=O)CC1,DWURWBGKWOCGQH-UHFFFAOYSA-N,1.0,100.0,51260,Enamine,Global catalog,EN300-4205467,444.0,EUR,10,,CN(C)CCN1CCC(C=O)CC1,2025-09-29,1,1,1,{'Reductive_amination'},{5161},{68003}
69218,Nc1cccc2[nH]c(=O)[nH]c12,BCUSTVNWMJXDSE-UHFFFAOYSA-N,1.0,50.0,98822,Enamine,EU stock,EN300-189225,45.0,EUR,2,,Nc1cccc2[nH]c(=O)[nH]c12,2025-09-29,1,1,1,{'Amidation'},{5214},{68073}
129484,Cn1cncc1CCC(=O)O,JIEZRPMOTVXGNE-UHFFFAOYSA-N,1.0,50.0,98045,Enamine,EU stock,EN300-174561,233.0,EUR,2,,Cl.Cn1cncc1CCC(=O)O,2025-09-29,1,1,1,{'Amidation'},{5214},{68073}
122353,O=C(O)c1cccc2cnsc12,VVUDWXMKSIIWHQ-UHFFFAOYSA-N,1.0,50.0,91886,Enamine,EU stock,EN300-1725287,215.0,EUR,2,,O=C(O)c1cccc2cnsc12,2025-09-29,1,1,1,{'Amidation'},{5316},{68259}
129646,Nc1cc2[nH]cnc2cc1F,FZWJKFDFGQTTOK-UHFFFAOYSA-N,1.0,50.0,108060,Enamine,EU stock,EN300-7353693,231.0,EUR,2,,Cl.Cl.Nc1cc2[nH]cnc2cc1F,2025-09-29,1,1,1,{'Amidation'},{5316},{68259}
129499,NCc1ccco1,DDRPCXLAQZKBJP-UHFFFAOYSA-N,1.0,100.0,31606,Enamine,Global catalog,EN300-17953,18.0,EUR,10,,NCc1ccco1,2025-09-29,1,1,1,{'Amidation'},{5223},{68443}
129401,O=C(O)c1ccns1,GGYXPOOZYZHPLB-UHFFFAOYSA-N,1.0,100.0,32856,Enamine,Global catalog,EN300-86348,18.0,EUR,10,,O=C(O)c1ccns1,2025-09-29,1,1,1,{'Amidation'},{5170},{68640}
129402,CC(N)(CO)Cc1ccc(Br)cc1,WMYIXIRNYLRYKD-UHFFFAOYSA-N,1.0,50.0,103170,Enamine,EU stock,EN300-343907,195.0,EUR,2,,CC(N)(CO)Cc1ccc(Br)cc1.Cl,2025-09-29,1,1,1,{'Amidation'},{5170},{68640}
129444,O=C(O)c1cn2ccnc2s1,FSTIEWRLYHVVHE-UHFFFAOYSA-N,2.0,50.0,93986,Enamine,EU stock,EN300-7443438,35.0,EUR,2,,Cl.O=C(O)c1cn2ccnc2s1,2025-09-29,2,2,2,"{'Steglich_esterification', 'Amidation'}","{5443, 5190}","{68732, 68703}"
129866,CCC(O)c1ccncc1,ZKMCKIAZUYILRN-UHFFFAOYSA-N,1.0,50.0,94516,Enamine,EU stock,EN300-251572,73.0,EUR,2,,CCC(O)c1ccncc1,2025-09-29,1,1,1,{'Steglich_esterification'},{5443},{68703}
129445,CCSc1ccc(N)cn1,QPNSNROGWGPVOE-UHFFFAOYSA-N,1.0,100.0,32229,Enamine,Global catalog,EN300-59053,133.0,EUR,10,,CCSc1ccc(N)cn1,2025-09-29,1,1,1,{'Amidation'},{5190},{68732}
129331,Brc1ccc2[nH]c3c(c2c1)CCCC3,SGYJGCFMAGWFCF-UHFFFAOYSA-N,1.0,100.0,55099,Enamine,Global catalog,EN300-203580,18.0,EUR,10,,Brc1ccc2[nH]c3c(c2c1)CCCC3,2025-09-29,1,1,1,{'Sp3-sp2_Suzuki_coupling'},{5129},{68932}
129727,COC(=O)c1nccc2c1CNCC2,FLGZBHVIAOSVKG-UHFFFAOYSA-N,1.0,50.0,93472,Enamine,EU stock,EN300-7355851,215.0,EUR,2,,COC(=O)c1nccc2c1CNCC2.Cl.Cl,2025-09-29,1,1,1,{'Ester_amidation'},{5360},{68984}
129459,O=C(O)Cc1csc2nccn12,WTEXLEBNFUETJO-UHFFFAOYSA-N,2.0,50.0,80287,Enamine,EU stock,EN300-42001,147.0,EUR,2,,O=C(O)Cc1csc2nccn12,2025-09-29,2,3,2,"{'Amidation', 'N-nucleophilic_aromatic_substitution'}","{5265, 5198, 5383}","{112217, 69166}"
129293,NC1Cc2cscc2C1,OYEAOAFVHXVTHY-UHFFFAOYSA-N,1.0,50.0,93737,Enamine,EU stock,EN300-7352030,218.0,EUR,2,,Cl.NC1Cc2cscc2C1,2025-09-29,1,1,1,{'Reductive_amination'},{5109},{69956}
129294,COC(=O)c1cnc2c(C=O)cccn12,NSPWIFZPAZBVEF-UHFFFAOYSA-N,1.0,50.0,90572,Enamine,EU stock,EN300-1698675,211.0,EUR,2,,COC(=O)c1cnc2c(C=O)cccn12,2025-09-29,1,1,1,{'Reductive_amination'},{5109},{69956}
112036,Nc1cc[nH]n1,JVVRJMXHNUAPHW-UHFFFAOYSA-N,1.0,100.0,51918,Enamine,Global catalog,EN300-27598,18.0,EUR,10,,Nc1cc[nH]n1,2025-09-29,1,1,1,{'Formation_of_sulfonamide_from_halide_-_Shavnya_reaction'},{5172},{70364}
129409,ClCCCCCl,KJDRSWPQXHESDQ-UHFFFAOYSA-N,1.0,100.0,39748,Enamine,Global catalog,EN300-21071,18.0,EUR,10,,ClCCCCCl,2025-09-29,1,1,1,{'Formation_of_sulfonamide_from_halide_-_Shavnya_reaction'},{5172},{70364}
129744,Cc1nc2cc(O)ccc2n1C,ADMVTZCMOLFYCM-UHFFFAOYSA-N,1.0,50.0,108633,Enamine,EU stock,EN300-226962,165.0,EUR,2,,Cc1nc2cc(O)ccc2n1C,2025-09-29,1,1,1,{'Williamson_ether_synthesis'},{5375},{70416}
129745,CC(C)CCNC(=O)CCl,GFWKKBRUDMMGRH-UHFFFAOYSA-N,1.0,50.0,105739,Enamine,EU stock,EN300-04640,31.0,EUR,2,,CC(C)CCNC(=O)CCl,2025-09-29,1,1,1,{'Williamson_ether_synthesis'},{5375},{70416}
129314,NCc1cccc(OCC(N)=O)c1,UQTQQXUINDFQCE-UHFFFAOYSA-N,1.0,50.0,102099,Enamine,EU stock,EN300-52133,51.0,EUR,2,,NCc1cccc(OCC(N)=O)c1,2025-09-29,1,1,1,{'N-nucleophilic_aromatic_substitution'},{5119},{70444}
121494,O=c1[nH]ncn1C1CCNCC1,PDFCBDCBZDXJTE-UHFFFAOYSA-N,1.0,50.0,83732,Enamine,EU stock,EN300-193178,208.0,EUR,2,,Cl.O=c1[nH]ncn1C1CCNCC1,2025-09-29,1,1,1,{'Reductive_amination'},{112},{71544}
121495,O=Cc1c[nH]c2cc(Cl)ccc12,CTNIXLBHXMSZKL-UHFFFAOYSA-N,1.0,100.0,31984,Enamine,Global catalog,EN300-51330,18.0,EUR,10,,O=Cc1c[nH]c2cc(Cl)ccc12,2025-09-29,1,1,1,{'Reductive_amination'},{112},{71544}
124169,Brc1nnc2ccccn12,BOKHADJFZUWNSH-UHFFFAOYSA-N,1.0,100.0,35646,Enamine,Global catalog,EN300-131088,18.0,EUR,10,,Brc1nnc2ccccn12,2025-09-29,1,1,1,{'N-nucleophilic_aromatic_substitution'},{1543},{74617}
121960,OC1CCCN2CCCC12,GJTUCATUYQZTJZ-UHFFFAOYSA-N,1.0,50.0,103550,Enamine,EU stock,EN300-7112686,281.0,EUR,2,,OC1CCCN2CCCC12,2025-09-29,1,1,1,{'Mitsunobu_reaction_with_amine_alcohol_and_thioalcohol'},{346},{74983}
121961,CCNC,LIWAQLJGPBVORC-UHFFFAOYSA-N,1.0,100.0,34060,Enamine,Global catalog,EN300-64637,18.0,EUR,10,,CCNC.Cl,2025-09-29,1,1,1,{'Mitsunobu_reaction_with_amine_alcohol_and_thioalcohol'},{346},{74983}
76158,Cc1cc(N)cc(Br)c1,YIZRPAWCIFTHNA-UHFFFAOYSA-N,1.0,100.0,35919,Enamine,Global catalog,EN300-124292,18.0,EUR,10,,Cc1cc(N)cc(Br)c1,2025-09-29,1,1,1,{'Sp2-sp2_Suzuki_coupling'},{358},{76707}
121908,C=CB1OC(C)(C)C(C)(C)O1,DPGSPRJLAZGUBQ-UHFFFAOYSA-N,2.0,100.0,49706,Enamine,Global catalog,EN300-92920,18.0,EUR,10,,C=CB1OC(C)(C)C(C)(C)O1,2025-09-29,1,2,2,{'Sp2-sp2_Suzuki_coupling'},"{308, 358}","{76707, 76716}"
121907,Cc1cccc(Br)c1,WJIFKOVZNJTSGO-UHFFFAOYSA-N,1.0,100.0,75199,Enamine,Global catalog,EN300-21316,18.0,EUR,10,,Cc1cccc(Br)c1,2025-09-29,1,1,1,{'Sp2-sp2_Suzuki_coupling'},{308},{76716}
123570,Cn1cc2c(C(=O)O)cc(F)cc2n1,UYSQNJGVHXLUGF-UHFFFAOYSA-N,1.0,50.0,85403,Enamine,EU stock,EN300-22053552,237.0,EUR,2,,Cn1cc2c(C(=O)O)cc(F)cc2n1,2025-09-29,1,1,1,{'Amidation'},{1229},{99513}
124436,NC1c2ccccc2CC1C(=O)O,DNDUYUYIRYKACW-UHFFFAOYSA-N,1.0,50.0,92691,Enamine,EU stock,EN300-1723015,78.0,EUR,2,,Cl.N[C@H]1c2ccccc2C[C@H]1C(=O)O,2025-09-29,1,1,1,{'Amidation'},{1714},{101237}
129699,C#CC(C)(C)N,VUGCBIWQHSRQBZ-UHFFFAOYSA-N,1.0,100.0,42556,Enamine,Global catalog,EN300-72142,18.0,EUR,10,,C#CC(C)(C)N,2025-09-29,1,1,1,{'N-nucleophilic_aromatic_substitution'},{5347},{107817}
129556,CC(CN)C(C)(C)C,CGXTZRLPKKSQOC-UHFFFAOYSA-N,1.0,100.0,52324,Enamine,Global catalog,EN300-370707,240.0,EUR,10,,CC(CN)C(C)(C)C.Cl,2025-09-29,1,1,1,{'N-nucleophilic_aromatic_substitution'},{5257},{107826}
129741,O=C(O)c1ccn2nccc2c1,PKBWKZMOZIZGJB-UHFFFAOYSA-N,1.0,100.0,46982,Enamine,Global catalog,EN300-195898,18.0,EUR,10,,O=C(O)c1ccn2nccc2c1,2025-09-29,1,1,1,{'Amidation'},{5372},{108280}
129000,Clc1cnn2c1CNCC2,FJBLXYCQMFGZSL-UHFFFAOYSA-N,1.0,50.0,104324,Enamine,EU stock,EN300-1721620,206.0,EUR,2,,Clc1cnn2c1CNCC2.O=C(O)C(F)(F)F,2025-09-29,1,1,1,{'Formation_of_urea_from_two_amines'},{5332},{108304}
129670,Nc1ccc2nscc2c1,CFHZGJYPGQCCJN-UHFFFAOYSA-N,1.0,50.0,93809,Enamine,EU stock,EN300-128672,224.0,EUR,2,,Nc1ccc2nscc2c1,2025-09-29,1,1,1,{'Formation_of_urea_from_two_amines'},{5332},{108304}
129581,Nc1ccnc2ccsc12,CWXZEXZFHGYYCD-UHFFFAOYSA-N,5.0,100.0,73722,Enamine,Global catalog,EN300-6487249,185.0,EUR,10,,Cl.Nc1ccnc2ccsc12,2025-09-29,2,5,5,"{'Mitsunobu_reaction_with_amine_alcohol_and_thioalcohol', 'Reductive_amination'}","{5297, 5272, 5308, 5277, 5304}","{108386, 108396, 108403, 108373, 108408}"
129590,C=C(Br)CO,MDFFZNIQPLKQSG-UHFFFAOYSA-N,1.0,100.0,36227,Enamine,Global catalog,EN300-160067,18.0,EUR,10,,C=C(Br)CO,2025-09-29,1,1,1,{'Mitsunobu_reaction_with_amine_alcohol_and_thioalcohol'},{5277},{108373}
129754,CSCCCN,KKYSBGWCYXYOHA-UHFFFAOYSA-N,1.0,100.0,44308,Enamine,Global catalog,EN300-63965,18.0,EUR,10,,CSCCCN,2025-09-29,1,1,1,{'N-nucleophilic_aromatic_substitution'},{5382},{108375}
129603,CC(C)(C)CN,XDIAMRVROCPPBK-UHFFFAOYSA-N,1.0,100.0,47983,Enamine,Global catalog,EN300-52478,18.0,EUR,10,,CC(C)(C)CN,2025-09-29,1,1,1,{'N-nucleophilic_aromatic_substitution'},{5283},{108379}
129604,CC(C)(N)CCl,VLIVAHJJXAHKFO-UHFFFAOYSA-N,1.0,50.0,86735,Enamine,EU stock,EN300-315658,193.0,EUR,2,,CC(C)(N)CCl.Cl,2025-09-29,1,1,1,{'N-nucleophilic_aromatic_substitution'},{5284},{108381}
129606,CC(C)C(C)N,JOZZAIIGWFLONA-UHFFFAOYSA-N,1.0,100.0,31228,Enamine,Global catalog,EN300-20873,18.0,EUR,10,,CC(C)C(C)N,2025-09-29,1,1,1,{'N-nucleophilic_aromatic_substitution'},{5286},{108383}
124391,CC(C)CN,KDSNLYIMUZNERS-UHFFFAOYSA-N,1.0,100.0,58819,Enamine,Global catalog,EN300-20218,18.0,EUR,10,,CC(C)CN,2025-09-29,1,1,1,{'N-nucleophilic_aromatic_substitution'},{5288},{108385}
129582,CCC(=O)CCl,AALRHBLMAVGWRR-UHFFFAOYSA-N,1.0,100.0,34081,Enamine,Global catalog,EN300-59728,20.0,EUR,10,,CCC(=O)CCl,2025-09-29,1,1,1,{'Reductive_amination'},{5272},{108386}
129616,C[S+]([O-])CCN,PGAOVVJJOXMLCQ-UHFFFAOYSA-N,1.0,50.0,80864,Enamine,EU stock,EN300-71328,97.0,EUR,2,,CS(=O)CCN,2025-09-29,1,1,1,{'N-nucleophilic_aromatic_substitution'},{5295},{108392}
129618,CC#CC=O,REJPDMLLCDXIOV-UHFFFAOYSA-N,1.0,50.0,84448,Enamine,EU stock,EN300-224725,165.0,EUR,2,,CC#CC=O,2025-09-29,1,1,1,{'Reductive_amination'},{5297},{108396}
129622,CCCCCN,DPBLXKKOBLCELK-UHFFFAOYSA-N,1.0,100.0,62690,Enamine,Global catalog,EN300-19020,18.0,EUR,10,,CCCCCN,2025-09-29,1,1,1,{'N-nucleophilic_aromatic_substitution'},{5300},{108399}
121641,C#CC=O,IJNJLGFTSIAHEA-UHFFFAOYSA-N,1.0,50.0,91121,Enamine,EU stock,EN300-76056,101.0,EUR,2,,C#CC=O,2025-09-29,1,1,1,{'Reductive_amination'},{5304},{108403}
129629,C=CCC(C)=O,PNJWIWWMYCMZRO-UHFFFAOYSA-N,1.0,100.0,54441,Enamine,Global catalog,EN300-126905,230.0,EUR,10,,C=CCC(C)=O,2025-09-29,1,1,1,{'Reductive_amination'},{5308},{108408}
125958,CC(N)C(F)F,SKKXZAXLYWERGC-UHFFFAOYSA-N,1.0,50.0,81374,Enamine,EU stock,EN300-100120,224.0,EUR,2,,CC(N)C(F)F.Cl,2025-09-29,1,1,1,{'Buchwald-Hartwig_amination'},{5309},{108410}
129804,O=C(O)C(O)c1c[nH]cn1,YNSMBKRAYNVKBN-UHFFFAOYSA-N,1.0,50.0,86023,Enamine,EU stock,EN300-254121,195.0,EUR,2,,Cl.O=C(O)C(O)c1c[nH]cn1,2025-09-29,1,1,1,{'Amidation'},{5405},{108582}
129805,NCC1(OCCO)CCC1,WBFOEMBMCKVRKM-UHFFFAOYSA-N,1.0,100.0,43781,Enamine,Global catalog,EN300-171481,349.0,EUR,10,,NCC1(OCCO)CCC1,2025-09-29,1,1,1,{'Amidation'},{5405},{108582}
123296,O=CC(F)(F)F,JVTSHOJDBRTPHD-UHFFFAOYSA-N,1.0,100.0,34368,Enamine,Global catalog,EN300-30298,18.0,EUR,10,,O.O=CC(F)(F)F,2025-09-29,1,1,1,{'Reductive_amination'},{5329},{108828}
61791,Nc1cccc2[nH]cnc12,NZJKEQFPRPAEPO-UHFFFAOYSA-N,1.0,50.0,94426,Enamine,EU stock,EN300-41693,21.0,EUR,2,,Cl.Cl.Nc1cccc2nc[nH]c12,2025-09-29,1,1,1,{'Amidation'},{5454},{109063}
129884,CCCCCC(=O)O,FUZZWVXGSFPDMH-UHFFFAOYSA-N,1.0,100.0,57091,Enamine,Global catalog,EN300-21589,18.0,EUR,10,,CCCCCC(=O)O,2025-09-29,1,1,1,{'Amidation'},{5454},{109063}
129593,Nc1cccc(C2CC2)n1,LIZZJCZQDJRGQO-UHFFFAOYSA-N,1.0,50.0,84321,Enamine,EU stock,EN300-222519,69.0,EUR,2,,Nc1cccc(C2CC2)n1,2025-09-29,1,1,1,{'Amidation'},{5279},{109200}
129605,NC1CCOC(c2ccccn2)C1,YBDZHJIYDLBGCL-UHFFFAOYSA-N,1.0,50.0,85765,Enamine,EU stock,EN300-247683,165.0,EUR,2,,N[C@@H]1CCO[C@@H](c2ccccn2)C1,2025-09-29,1,1,1,{'Amidation'},{5285},{109220}
129751,O=C(O)c1ccc2[nH]c3c(c2c1)CCCCC3,SIZBLUIRHOCGJA-UHFFFAOYSA-N,1.0,50.0,80134,Enamine,EU stock,EN300-12467,38.0,EUR,2,,O=C(O)c1ccc2[nH]c3c(c2c1)CCCCC3,2025-09-29,1,1,1,{'Amidation'},{5380},{109286}
129752,CC(=O)N1CCNCC1,PKDPUENCROCRCH-UHFFFAOYSA-N,1.0,100.0,45218,Enamine,Global catalog,EN300-19451,18.0,EUR,10,,CC(=O)N1CCNCC1,2025-09-29,1,1,1,{'Amidation'},{5380},{109286}
129658,O=C(O)c1cc2ccsc2[nH]1,SEPXFZLYPWFMSY-UHFFFAOYSA-N,1.0,50.0,106858,Enamine,EU stock,EN300-26873,115.0,EUR,2,,O=C(O)c1cc2ccsc2[nH]1,2025-09-29,1,1,1,{'Steglich_esterification'},{5324},{110260}
129659,CC(C)(C)c1nc[nH]c1CO,DKGPAJORZYZGOY-UHFFFAOYSA-N,1.0,50.0,86137,Enamine,EU stock,EN300-256937,152.0,EUR,2,,CC(C)(C)c1nc[nH]c1CO,2025-09-29,1,1,1,{'Steglich_esterification'},{5324},{110260}
129696,NCCc1cccc2cc[nH]c12,JRWUXZQPAULKLR-UHFFFAOYSA-N,1.0,50.0,90896,Enamine,EU stock,EN300-139142,206.0,EUR,2,,NCCc1cccc2cc[nH]c12,2025-09-29,1,1,1,{'Reductive_amination'},{5345},{110271}
129697,CCCn1ccnc1C=O,COIFMOLQDBIKOF-UHFFFAOYSA-N,1.0,50.0,96006,Enamine,EU stock,EN300-66813,47.0,EUR,2,,CCCn1ccnc1C=O,2025-09-29,1,1,1,{'Reductive_amination'},{5345},{110271}
129749,O=C(O)c1cccc2ccncc12,VMNZQPRIUSJCOH-UHFFFAOYSA-N,1.0,100.0,78252,Enamine,Global catalog,EN300-179289,18.0,EUR,10,,O=C(O)c1cccc2ccncc12,2025-09-29,1,1,1,{'Amidation'},{5379},{110510}
129750,C#CC(N)C(C)C,IGJJBZHFJDQVAV-UHFFFAOYSA-N,1.0,50.0,83919,Enamine,EU stock,EN300-198417,171.0,EUR,2,,C#CC(N)C(C)C.Cl,2025-09-29,1,1,1,{'Amidation'},{5379},{110510}
55665,CCC(N)c1ncc[nH]1,IAADPEJYEZPFOT-UHFFFAOYSA-N,1.0,50.0,100376,Enamine,EU stock,EN300-98733,218.0,EUR,2,,CCC(N)c1ncc[nH]1.Cl.Cl,2025-09-29,1,1,1,{'Amidation'},{5256},{110920}
129555,CSC(C)CCC(=O)O,XFPKXJGAGPLNNE-UHFFFAOYSA-N,1.0,50.0,82285,Enamine,EU stock,EN300-125832,171.0,EUR,2,,CSC(C)CCC(=O)O,2025-09-29,1,1,1,{'Amidation'},{5256},{110920}
126284,NCC(F)(F)F,KIPSRYDSZQRPEA-UHFFFAOYSA-N,1.0,100.0,35478,Enamine,Global catalog,EN300-17178,18.0,EUR,10,,Cl.NCC(F)(F)F,2025-09-29,1,1,1,{'Amidation'},{5341},{110950}
129607,O=C(O)C(F)(F)c1nccs1,VRUGPSWWDUJJGH-UHFFFAOYSA-N,1.0,50.0,90917,Enamine,EU stock,EN300-178903,119.0,EUR,2,,O=C(O)C(F)(F)c1nccs1,2025-09-29,1,1,1,{'Amidation'},{5287},{111558}
129608,CC(NCC(N)=O)c1ccccc1,WDZWHHQRUDMNPR-UHFFFAOYSA-N,1.0,50.0,103346,Enamine,EU stock,EN300-106364,215.0,EUR,2,,C[C@@H](NCC(N)=O)c1ccccc1,2025-09-29,1,1,1,{'Amidation'},{5287},{111558}
129739,O=C(O)c1ccnn1C1CCCCC1,DOBQDIUNKOKZKL-UHFFFAOYSA-N,1.0,100.0,49741,Enamine,Global catalog,EN300-6501503,320.0,EUR,10,,O=C(O)c1ccnn1C1CCCCC1,2025-09-29,1,1,1,{'Amidation'},{5370},{111786}
129612,Brc1cccc2c1CCS2,SBKJXYSBIMIWNH-UHFFFAOYSA-N,1.0,50.0,101090,Enamine,EU stock,EN300-7424824,240.0,EUR,2,,Brc1cccc2c1CCS2,2025-09-29,1,1,1,{'Sp3-sp2_Suzuki_coupling'},{5292},{111861}
129651,O=C1CCCC(O)CN1,HEQOFYJVQMAVHS-UHFFFAOYSA-N,1.0,50.0,94067,Enamine,EU stock,EN300-6991726,112.0,EUR,2,,O=C1CCCC(O)CN1,2025-09-29,1,1,1,{'Steglich_esterification'},{5320},{111931}
129652,CC(=O)NCc1ccc(C(=O)O)s1,UVUOJWXMVIBWAX-UHFFFAOYSA-N,1.0,50.0,102427,Enamine,EU stock,EN300-41233,193.0,EUR,2,,CC(=O)NCc1ccc(C(=O)O)s1,2025-09-29,1,1,1,{'Steglich_esterification'},{5320},{111931}
129569,CC(C)(C(N)=O)N1CCNCC1,UVQCDRALXOGZQF-UHFFFAOYSA-N,1.0,50.0,94547,Enamine,EU stock,EN300-95249,190.0,EUR,2,,CC(C)(C(N)=O)N1CCNCC1,2025-09-29,1,1,1,{'Amidation'},{5265},{112217}
129734,Cc1cccn2c(N)cnc12,GGGMCFYRIGTEMG-UHFFFAOYSA-N,1.0,100.0,40582,Enamine,Global catalog,EN300-221874,245.0,EUR,10,,Cc1cccn2c(N)cnc12,2025-09-29,1,1,1,{'Amidation'},{5366},{112609}
129718,NCc1ccc2[nH]cnc2c1,WHYXSYWCALWOKX-UHFFFAOYSA-N,1.0,50.0,100297,Enamine,EU stock,EN300-246094,92.0,EUR,2,,Cl.Cl.NCc1ccc2[nH]cnc2c1,2025-09-29,1,1,1,{'Amidation'},{5357},{112705}
129719,NCC1CCC(CC(=O)O)CC1,OILYAPVNRYNPRT-UHFFFAOYSA-N,1.0,50.0,93336,Enamine,EU stock,EN300-7361421,74.0,EUR,2,,Cl.NC[C@H]1CC[C@H](CC(=O)O)CC1,2025-09-29,1,1,1,{'Amidation'},{5357},{112705}
129565,CNc1nc2cccc(Cl)c2s1,QTCLZYBMLMPNOF-UHFFFAOYSA-N,1.0,50.0,99753,Enamine,EU stock,EN300-181873,173.0,EUR,2,,CNc1nc2cccc(Cl)c2s1,2025-09-29,1,1,1,{'Amidation'},{5262},{112745}
129761,O=C(O)c1ccc2c(n1)CCCN2,YIEWEOJZOIDGLZ-UHFFFAOYSA-N,1.0,50.0,90218,Enamine,EU stock,EN300-267343,147.0,EUR,2,,Cl.O=C(O)c1ccc2c(n1)CCCN2,2025-09-29,1,1,1,{'Amidation'},{5387},{112762}
129762,CC(N)CCc1ccncc1,KLMKQKKMDYLMOF-UHFFFAOYSA-N,1.0,100.0,47038,Enamine,Global catalog,EN300-321754,245.0,EUR,10,,CC(N)CCc1ccncc1,2025-09-29,1,1,1,{'Amidation'},{5387},{112762}
129716,O=C(O)c1cnc[nH]1,NKWCGTOZTHZDHB-UHFFFAOYSA-N,1.0,100.0,31340,Enamine,Global catalog,EN300-62808,18.0,EUR,10,,O=C(O)c1cnc[nH]1,2025-09-29,1,1,1,{'Amidation'},{5460},{113212}
129888,CC(C)NCCO,RILLZYSZSDGYGV-UHFFFAOYSA-N,1.0,100.0,65917,Enamine,Global catalog,EN300-21840,18.0,EUR,10,,CC(C)NCCO,2025-09-29,1,1,1,{'Amidation'},{5460},{113212}
129017,O=C(O)CC1CCCC1,YVHAIVPPUIZFBA-UHFFFAOYSA-N,1.0,100.0,38691,Enamine,Global catalog,EN300-20142,18.0,EUR,10,,O=C(O)CC1CCCC1,2025-09-29,1,1,1,{'Amidation'},{4967},{113525}
119185,c1ccc2c(C3CCNC3)ncnc2c1,TURZBPAUVULYJN-UHFFFAOYSA-N,1.0,50.0,93070,Enamine,EU stock,EN300-6733183,299.0,EUR,2,,c1ccc2c(C3CCNC3)ncnc2c1,2025-09-29,1,1,1,{'N-nucleophilic_aromatic_substitution'},{4916},{113667}
128926,Brc1ccc(I)nc1,HSNBRDZXJMPDGH-UHFFFAOYSA-N,1.0,100.0,35086,Enamine,Global catalog,EN300-105367,18.0,EUR,10,,Brc1ccc(I)nc1,2025-09-29,1,1,1,{'N-nucleophilic_aromatic_substitution'},{4916},{113667}
128953,Cc1cc(C)c2nc(Br)sc2c1,VLDMIYNOGFWHSB-UHFFFAOYSA-N,1.0,50.0,102981,Enamine,EU stock,EN300-378090,97.0,EUR,2,,Cc1cc(C)c2nc(Br)sc2c1,2025-09-29,1,1,1,{'N-nucleophilic_aromatic_substitution'},{4932},{113775}
54155,CC(=O)N(C)C1CCNCC1,UGQXPTUMTGDBJJ-UHFFFAOYSA-N,1.0,50.0,85540,Enamine,EU stock,EN300-55963,19.0,EUR,2,,CC(=O)N(C)C1CCNCC1.Cl,2025-09-29,1,1,1,{'Amidation'},{4956},{114014}
128998,O=C(O)c1cccc2[nH]c(=O)[nH]c12,NEGPAVSXSLHMAR-UHFFFAOYSA-N,1.0,50.0,84379,Enamine,EU stock,EN300-170339,72.0,EUR,2,,O=C(O)c1cccc2[nH]c(=O)[nH]c12,2025-09-29,1,1,1,{'Amidation'},{4956},{114014}
128967,CC(CC(=O)O)n1cccn1,LLMHIHGJTUQQRA-UHFFFAOYSA-N,1.0,50.0,84420,Enamine,EU stock,EN300-237849,22.0,EUR,2,,CC(CC(=O)O)n1cccn1,2025-09-29,1,1,1,{'Amidation'},{4937},{114072}
128968,CC(C)(C)CCN1CCNCC1,LFDFICUWQKREJW-UHFFFAOYSA-N,1.0,50.0,88590,Enamine,EU stock,EN300-51703,51.0,EUR,2,,CC(C)(C)CCN1CCNCC1,2025-09-29,1,1,1,{'Amidation'},{4937},{114072}
128863,NCC1CCCC(=O)N1,KHOKAABYNKJTSO-UHFFFAOYSA-N,1.0,50.0,99109,Enamine,EU stock,EN300-658538,187.0,EUR,2,,Cl.NC[C@H]1CCCC(=O)N1,2025-09-29,1,1,1,{'Amidation'},{4882},{114282}
128866,NCCc1cccs1,HVLUYXIJZLDNIS-UHFFFAOYSA-N,1.0,100.0,51911,Enamine,Global catalog,EN300-12163,18.0,EUR,10,,NCCc1cccs1,2025-09-29,1,1,1,{'Reductive_amination'},{4884},{114937}
128867,CC(=O)CCCc1cccnc1,DRNYVXCVAMTSMI-UHFFFAOYSA-N,1.0,50.0,85778,Enamine,EU stock,EN300-247941,199.0,EUR,2,,CC(=O)CCCc1cccnc1,2025-09-29,1,1,1,{'Reductive_amination'},{4884},{114937}
129004,CC(Oc1ccc(-c2ccccc2)cc1)C(=O)O,FUPGQEMJIGUBGO-UHFFFAOYSA-N,1.0,50.0,87728,Enamine,EU stock,EN300-33732,34.0,EUR,2,,CC(Oc1ccc(-c2ccccc2)cc1)C(=O)O,2025-09-29,1,1,1,{'Amidation'},{4958},{115508}
123330,Brc1ccc2ncsc2c1,YJOUISWKEOXIMC-UHFFFAOYSA-N,1.0,100.0,55586,Enamine,Global catalog,EN300-314377,18.0,EUR,10,,Brc1ccc2ncsc2c1,2025-09-29,1,1,1,{'Formation_of_sulfonamide_from_halide_-_Shavnya_reaction'},{5007},{115821}
129060,O=C(O)CCCn1ccnc1,ZCWMZLARYIDEEZ-UHFFFAOYSA-N,1.0,50.0,81796,Enamine,EU stock,EN300-62061,40.0,EUR,2,,Cl.O=C(O)CCCn1ccnc1,2025-09-29,1,1,1,{'Amidation'},{4994},{116066}
129061,NCc1nc2ccccn2c1Br,VRZYMXBZHVXGEQ-UHFFFAOYSA-N,1.0,50.0,90029,Enamine,EU stock,EN300-1581819,161.0,EUR,2,,Cl.NCc1nc2ccccn2c1Br,2025-09-29,1,1,1,{'Amidation'},{4994},{116066}
128841,Cc1cccn2cc(C(=O)O)nc12,GZSGOOWNEOBWCG-UHFFFAOYSA-N,1.0,100.0,44089,Enamine,Global catalog,EN300-1197801,18.0,EUR,10,,Cc1cccn2cc(C(=O)O)nc12,2025-09-29,1,1,1,{'Amidation'},{4868},{116077}
128842,CC(C)(CN)n1ccnc1,CUBGKECWMNJUFQ-UHFFFAOYSA-N,1.0,50.0,91768,Enamine,EU stock,EN300-305564,224.0,EUR,2,,CC(C)(CN)n1ccnc1.Cl.Cl,2025-09-29,1,1,1,{'Amidation'},{4868},{116077}
129068,O=C(O)c1cc2c(s1)CCNC2,OEYJTWUFGQRSOD-UHFFFAOYSA-N,1.0,100.0,73463,Enamine,Global catalog,EN300-255515,18.0,EUR,10,,Cl.O=C(O)c1cc2c(s1)CCNC2,2025-09-29,1,1,1,{'Amidation'},{4998},{116156}
129069,COCC(N)c1ccccn1,CRAPMNZDZNLZGR-UHFFFAOYSA-N,1.0,50.0,99181,Enamine,EU stock,EN300-2995369,97.0,EUR,2,,COCC(N)c1ccccn1,2025-09-29,1,1,1,{'Amidation'},{4998},{116156}
128889,Nc1ccccc1Cn1ccnc1,QTGCFYAOEWCKHO-UHFFFAOYSA-N,1.0,50.0,98934,Enamine,EU stock,EN300-55746,53.0,EUR,2,,Nc1ccccc1Cn1ccnc1,2025-09-29,1,1,1,{'Amidation'},{4897},{116294}
123466,Cn1cc(N)cn1,LBGSWBJURUFGLR-UHFFFAOYSA-N,1.0,100.0,32250,Enamine,Global catalog,EN300-52973,18.0,EUR,10,,Cl.Cn1cc(N)cn1,2025-09-29,1,1,1,{'Amidation'},{4913},{116770}
128922,O=C(O)CCc1cnc2ccccc2c1,PDVKRIXEUOTSJQ-UHFFFAOYSA-N,2.0,50.0,102797,Enamine,EU stock,EN300-152096,127.0,EUR,2,,O=C(O)CCc1cnc2ccccc2c1,2025-09-29,2,2,2,"{'Steglich_esterification', 'Amidation'}","{4913, 5003}","{116770, 117748}"
2256,CC(=O)NCC1CCNCC1,CFRYMBOECAAAQY-UHFFFAOYSA-N,1.0,100.0,32138,Enamine,Global catalog,EN300-54124,18.0,EUR,10,,CC(=O)NCC1CCNCC1,2025-09-29,1,1,1,{'Amidation'},{4867},{116932}
128840,O=C(O)c1n[nH]c2ccccc12,BHXVYTQDWMQVBI-UHFFFAOYSA-N,1.0,100.0,35681,Enamine,Global catalog,EN300-21445,18.0,EUR,10,,O=C(O)c1n[nH]c2ccccc12,2025-09-29,1,1,1,{'Amidation'},{4867},{116932}
128949,Clc1nccc(-c2cccnc2)n1,MGQROXOMFRGAOY-UHFFFAOYSA-N,1.0,50.0,95306,Enamine,EU stock,EN300-195558,23.0,EUR,2,,Clc1nccc(-c2cccnc2)n1,2025-09-29,1,1,1,{'N-nucleophilic_aromatic_substitution'},{4928},{117262}
129076,CCn1cncc1CO,FRNCAMZAPFINSG-UHFFFAOYSA-N,1.0,50.0,88724,Enamine,EU stock,EN300-95416,18.0,EUR,2,,CCn1cncc1CO,2025-09-29,1,1,1,{'Steglich_esterification'},{5003},{117748}
129783,CC(OC(C)(C)C)C(=O)O,LLCMVSMCAHTTFZ-UHFFFAOYSA-N,1.0,50.0,92312,Enamine,EU stock,EN300-148847,66.0,EUR,2,,CC(OC(C)(C)C)C(=O)O,2025-09-29,1,1,1,{'Amidation'},{5393},{118335}
129784,C=CCCOC(C)C(=O)O,YZEUQGORHPHYHI-UHFFFAOYSA-N,1.0,50.0,94680,Enamine,EU stock,EN300-56964,51.0,EUR,2,,C=CCCOC(C)C(=O)O,2025-09-29,1,1,1,{'Amidation'},{5394},{118342}
129799,c1cn[nH]c1,WTKZEGDFNFYCGP-UHFFFAOYSA-N,1.0,100.0,39973,Enamine,Global catalog,EN300-21658,18.0,EUR,10,,c1cn[nH]c1,2025-09-29,1,1,1,{'N-nucleophilic_aromatic_substitution'},{5402},{118458}
129800,Clc1ncnc2c1CCC2,QFBRTAZCGKXPJK-UHFFFAOYSA-N,1.0,50.0,82010,Enamine,EU stock,EN300-65622,31.0,EUR,2,,Clc1ncnc2c1CCC2,2025-09-29,1,1,1,{'N-nucleophilic_aromatic_substitution'},{5402},{118458}
129857,CC(C)C(C)(C)CN,XRJDGOQUIYTWGH-UHFFFAOYSA-N,1.0,50.0,83291,Enamine,EU stock,EN300-159778,154.0,EUR,2,,CC(C)C(C)(C)CN.Cl,2025-09-29,1,1,1,{'Amidation'},{5436},{118804}
122406,O=C(O)CCl,FOCAUTSVDIKZOP-UHFFFAOYSA-N,1.0,100.0,39959,Enamine,Global catalog,EN300-16767,18.0,EUR,10,,O=C(O)CCl,2025-09-29,1,1,1,{'Amidation'},{5404},{118843}
129803,NCc1cccn2ccnc12,LJBHHZIHWRUOOE-UHFFFAOYSA-N,1.0,50.0,93904,Enamine,EU stock,EN300-1667085,157.0,EUR,2,,Cl.Cl.NCc1cccn2ccnc12,2025-09-29,1,1,1,{'Amidation'},{5404},{118843}
129775,CC(N)CB1OC(C)(C)C(C)(C)O1,JVKPYNOPSFYKJZ-UHFFFAOYSA-N,1.0,50.0,105420,Enamine,EU stock,EN300-46399919,218.0,EUR,2,,CC(N)CB1OC(C)(C)C(C)(C)O1.Cl,2025-09-29,1,1,1,{'Sp3-sp2_Suzuki_coupling'},{5406},{118995}
125675,CCC=O,NBBJYMSMWIIQGU-UHFFFAOYSA-N,2.0,100.0,49776,Enamine,Global catalog,EN300-19153,18.0,EUR,10,,CCC=O,2025-09-29,1,2,2,{'Reductive_amination'},"{5417, 5412}","{119032, 119043}"
129816,Nc1ncnc2scnc12,XLQTXFKCBDQZSN-UHFFFAOYSA-N,1.0,50.0,99001,Enamine,EU stock,EN300-1657606,36.0,EUR,2,,Nc1ncnc2scnc12,2025-09-29,1,1,1,{'Reductive_amination'},{5412},{119032}
129821,Brc1ncnc2sccc12,UNCDNPHSDJPOMS-UHFFFAOYSA-N,1.0,100.0,35184,Enamine,Global catalog,EN300-133759,278.0,EUR,10,,Brc1ncnc2sccc12,2025-09-29,1,1,1,{'N-nucleophilic_aromatic_substitution'},{5416},{119040}
129822,Nc1ncnc2cccnc12,DGXAOSOMFMODCF-UHFFFAOYSA-N,1.0,50.0,108197,Enamine,EU stock,EN300-1273309,278.0,EUR,2,,Nc1ncnc2cccnc12,2025-09-29,1,1,1,{'Reductive_amination'},{5417},{119043}
129823,Brc1ncnc2ncccc12,QKSOEUSDZXOZNJ-UHFFFAOYSA-N,1.0,100.0,66519,Enamine,Global catalog,EN300-19589616,359.0,EUR,10,,Brc1ncnc2ncccc12,2025-09-29,1,1,1,{'N-nucleophilic_aromatic_substitution'},{5418},{119044}
129829,Brc1ncnc2ccsc12,DNTCHXURFZZYED-UHFFFAOYSA-N,1.0,50.0,96550,Enamine,EU stock,EN300-195205,190.0,EUR,2,,Brc1ncnc2ccsc12,2025-09-29,1,1,1,{'N-nucleophilic_aromatic_substitution'},{5422},{119052}
129781,CC(N)CO,BKMMTJMQCTUHRP-UHFFFAOYSA-N,1.0,100.0,32695,Enamine,Global catalog,EN300-86282,18.0,EUR,10,,C[C@H](N)CO,2025-09-29,1,1,1,{'Mitsunobu_reaction_with_amine_alcohol_and_thioalcohol'},{5429},{119143}
129838,CNc1ncnc2ccccc12,ALMFHIAFDWANJI-UHFFFAOYSA-N,1.0,50.0,89886,Enamine,EU stock,EN300-63856,32.0,EUR,2,,CNc1ncnc2ccccc12,2025-09-29,1,1,1,{'Mitsunobu_reaction_with_amine_alcohol_and_thioalcohol'},{5429},{119143}
129843,CNCCNC(C)=O,YMLMNCAFOVWVSV-UHFFFAOYSA-N,1.0,50.0,109848,Enamine,EU stock,EN300-150022,88.0,EUR,2,,CNCCNC(C)=O,2025-09-29,1,1,1,{'Amidation'},{5428},{119797}
129434,Nc1ccncc1,NUKYPUAOHBNCPY-UHFFFAOYSA-N,1.0,100.0,73876,Enamine,Global catalog,EN300-21310,18.0,EUR,10,,Nc1ccncc1,2025-09-29,1,1,1,{'Amidation'},{5462},{120359}
129890,CC(C)CCCC(=O)O,MHPUGCYGQWGLJL-UHFFFAOYSA-N,1.0,100.0,37837,Enamine,Global catalog,EN300-223522,18.0,EUR,10,,CC(C)CCCC(=O)O,2025-09-29,1,1,1,{'Amidation'},{5462},{120359}
129567,NC1CCCNC1=O,YCCMTCQQDULIFE-UHFFFAOYSA-N,1.0,100.0,38187,Enamine,Global catalog,EN300-179659,18.0,EUR,10,,N[C@H]1CCCNC1=O,2025-09-29,1,1,1,{'Amidation'},{5458},{120734}
129886,CCC(CC)C(=O)O,OXQGTIUCKGYOAA-UHFFFAOYSA-N,1.0,100.0,61771,Enamine,Global catalog,EN300-20446,18.0,EUR,10,,CCC(CC)C(=O)O,2025-09-29,1,1,1,{'Amidation'},{5458},{120734}
