compound_id,smiles,inchikey,required_amount_mg,quoted_amount_mg,quote_id,quote_supplier,quote_catalogue,quote_entry,quote_price,quote_currency,quote_lead_time_days,quoted_purity,quoted_smiles,quote_date,num_downstream_reaction_types,num_downstream_reactions,num_downstream_products,downstream_reaction_types,downstream_reaction_ids,downstream_product_ids
282932,NCCc1cocn1,RWIPJFQIYWOQKH-UHFFFAOYSA-N,2.0,18.5,25609,Enamine,Advanced,EN300-37274749,73.8,EUR,10,0.9,Cl.Cl.NCCC1=COC=N1,2025-10-07,1,2,2,{'Amidation'},"{177, 99}","{107, 266892}"
282943,Cn1nc(C(=O)O)c2ccccc21,OVVDFORZEGKEJM-UHFFFAOYSA-N,2.0,100.0,40927,Enamine,Global catalog,EN300-129568,18.0,EUR,10,,Cn1nc(C(=O)O)c2ccccc21,2025-09-29,1,2,2,{'Amidation'},"{98, 99}","{107, 204781}"
286014,O=C(O)CCC1CCCCN1,AYRHHRXKZJGDSA-UHFFFAOYSA-N,1.0,19.4,25558,Enamine,Legacy,EN300-119737,42.6,EUR,10,0.9,Cl.O=C(O)CCC1CCCCN1,2025-10-07,1,1,1,{'Amidation'},{1611},{1373}
286015,N#CCNCC#N,BSRDNMMLQYNQQD-UHFFFAOYSA-N,1.0,100.0,102889,Enamine,Global catalog,EN300-21125,18.0,EUR,10,,N#CCNCC#N,2025-09-29,1,1,1,{'Amidation'},{1611},{1373}
284939,NCC1CCCCN1,RHPBLLCTOLJFPH-UHFFFAOYSA-N,1.0,18.7,25603,Enamine,Advanced,EN300-343980,74.3,EUR,10,0.9,Cl.Cl.NC[C@H]1CCCCN1,2025-10-07,1,1,1,{'Amidation'},{1615},{1418}
286019,CCC=C(C)C(=O)O,JJYWRQLLQAKNAD-UHFFFAOYSA-N,1.0,100.0,63308,Enamine,Global catalog,EN300-34638,18.0,EUR,10,,CCC=C(C)C(=O)O,2025-09-29,1,1,1,{'Amidation'},{1615},{1418}
285933,O=C(O)C=Cc1cocn1,QNLZFVHPBRIIKI-UHFFFAOYSA-N,1.0,13.9,25930,Enamine,Functional,EN300-1589262,160.5,EUR,10,0.9,O=C(O)/C=C/C1=COC=N1,2025-10-07,1,1,1,{'Amidation'},{1553},{1613}
285934,CC(CCN)[S+](C)[O-],ZFDQZKLMDYFXPU-UHFFFAOYSA-N,2.0,13.5,25956,Enamine,Legacy,EN300-111187,35.5,EUR,10,0.9,CC(CCN)S(C)=O,2025-10-07,1,2,2,{'Amidation'},"{1553, 4747}","{294296, 1613}"
285090,CC(N)C1CC1,IXCXVGWKYIDNOS-UHFFFAOYSA-N,3.0,100.0,37062,Enamine,Global catalog,EN300-233791,18.0,EUR,10,,C[C@@H](N)C1CC1.Cl,2025-09-29,1,3,3,{'Amidation'},"{1481, 1348, 1606}","{4256, 25347, 1719}"
285793,NC(=O)c1cccc(C(=O)O)n1,MUTVEWJASOPKGU-UHFFFAOYSA-N,1.0,16.6,25737,Enamine,Legacy,EN300-130656,38.7,EUR,10,0.9,NC(=O)C=1C=CC=C(N1)C(=O)O,2025-10-07,1,1,1,{'Amidation'},{1481},{1719}
284310,O=C(O)Cc1ncc[nH]1,WUJUYHMGDPTLMG-UHFFFAOYSA-N,1.0,16.3,25758,Enamine,Legacy,EN300-220527,38.3,EUR,10,0.9,Cl.O=C(O)CC1=NC=CN1,2025-10-07,1,1,1,{'Amidation'},{1210},{2306}
285248,NCC[S+]([O-])CC(F)(F)F,DTVVONWNPPOAMF-UHFFFAOYSA-N,29.0,50.0,114088,Enamine,EU stock,EN300-269942,161.0,EUR,2,,Cl.NCCS(=O)CC(F)(F)F,2025-09-29,1,29,29,{'Amidation'},"{1210, 11221, 11222, 11223, 11224, 11225, 11226, 11227, 11228, 11229, 11230, 11231, 11232, 11233, 11234, 11235, 11236, 11237, 11238, 11239, 11240, 11241, 11242, 11243, 11244, 11245, 11246, 11247, 11248}","{301952, 301953, 2306, 301954, 301955, 301956, 301957, 301958, 301959, 301960, 301933, 301934, 301935, 301936, 301937, 301938, 301939, 301940, 301941, 301942, 301943, 301944, 301945, 301946, 301947, 301948, 301949, 301950, 301951}"
283732,CC(C)NC1CCNCC1,GINABUAPACIWCA-UHFFFAOYSA-N,1.0,14.2,25909,Enamine,Legacy,EN300-62678,36.2,EUR,10,0.9,CC(C)NC1CCNCC1,2025-10-07,1,1,1,{'Amidation'},{1300},{2404}
285406,CC(C)=CCCC(C)CC(=O)O,GJWSUKYXUMVMGX-UHFFFAOYSA-N,1.0,100.0,45138,Enamine,Global catalog,EN300-111384,18.0,EUR,10,,CC(C)=CCCC(C)CC(=O)O,2025-09-29,1,1,1,{'Amidation'},{1300},{2404}
284637,CC(C)C(=O)O,KQNPFQTWMSNSAP-UHFFFAOYSA-N,1.0,100.0,65812,Enamine,Global catalog,EN300-19272,18.0,EUR,10,,CC(C)C(=O)O,2025-09-29,1,1,1,{'Amidation'},{1612},{2418}
286016,CC(C)NC1CCCNC1,XAXUUHPCEVNZFT-UHFFFAOYSA-N,1.0,14.2,25915,Enamine,HTS,EN300-61495,40.2,EUR,10,0.9,CC(C)NC1CCCNC1,2025-10-07,1,1,1,{'Amidation'},{1612},{2418}
284056,O=C(O)Cc1ccn[nH]1,NTVKSUPEUFXUGS-UHFFFAOYSA-N,1.0,50.0,139006,Enamine,EU stock,EN300-71405,18.0,EUR,2,,Cl.O=C(O)Cc1ccn[nH]1,2025-09-29,1,1,1,{'Amidation'},{1028},{3782}
284437,CC(N)C1CCN(CC(F)(F)F)CC1,BUKCQFLBXVFHIQ-UHFFFAOYSA-N,30.0,50.0,132712,Enamine,EU stock,EN300-154732,195.0,EUR,2,,CC(N)C1CCN(CC(F)(F)F)CC1.Cl.Cl,2025-09-29,1,30,30,{'Amidation'},"{1028, 14606, 14607, 14608, 14609, 14617, 14618, 14619, 14623, 14625, 14626, 14629, 14633, 19883, 19884, 19885, 14638, 19887, 816, 14642, 19890, 19892, 19893, 19896, 14649, 19897, 14651, 19901, 14655, 14661}","{307200, 307204, 307210, 47627, 315067, 315068, 315069, 315071, 315074, 315076, 315077, 3782, 315080, 315081, 315085, 307155, 307156, 307157, 307158, 307166, 307167, 307168, 307172, 307174, 307175, 307178, 307182, 307187, 307191, 307198}"
283032,CC(=O)NC(C)C1CCNCC1,BPRBTTFXQRPWER-UHFFFAOYSA-N,1.0,17.0,25715,Enamine,Legacy,EN300-138915,39.0,EUR,10,0.9,CC(=O)NC(C)C1CCNCC1,2025-10-07,1,1,1,{'Amidation'},{1157},{4100}
284195,O=C(O)c1ncc[nH]1,KYWMCFOWDYFYLV-UHFFFAOYSA-N,1.0,100.0,38756,Enamine,Global catalog,EN300-97870,18.0,EUR,10,,O=C(O)c1ncc[nH]1,2025-09-29,1,1,1,{'Amidation'},{1157},{4100}
285394,O=C(O)C1CCc2ccccc2CC1,FGVCREOLYLRJCU-UHFFFAOYSA-N,4.0,19.0,25582,Enamine,Legacy,EN300-313304,41.8,EUR,10,0.9,O=C(O)C1CCC2=CC=CC=C2CC1,2025-10-07,1,4,4,{'Amidation'},"{15654, 15631, 1606, 15630}","{4256, 308750, 308726, 308727}"
284054,CCC(=O)O,XBDQKXXYIPTUBI-UHFFFAOYSA-N,1.0,100.0,77094,Enamine,Global catalog,EN300-19540,18.0,EUR,10,,CCC(=O)O,2025-09-29,1,1,1,{'Amidation'},{886},{4708}
284590,C=C1CCNC1,XGJYZAAIQYBIKF-UHFFFAOYSA-N,1.0,12.0,26043,Enamine,Legacy,EN300-1222446,33.9,EUR,10,0.9,Cl.C=C1CCNC1,2025-10-07,1,1,1,{'Amidation'},{886},{4708}
283835,CC(S)C(=O)O,PMNLUUOXGOOLSP-UHFFFAOYSA-N,1.0,100.0,42590,Enamine,Global catalog,EN300-20156,18.0,EUR,10,,CC(S)C(=O)O,2025-09-29,1,1,1,{'Amidation'},{18682},{5989}
285705,CCC=C1CCNC1,ZSIXFAYVZOLAHC-UHFFFAOYSA-N,1.0,11.1,26079,Enamine,Legacy,EN300-1244016,33.0,EUR,10,0.9,CCC=C1CCNC1,2025-10-07,1,1,1,{'Amidation'},{18682},{5989}
283832,CC(CC(=O)O)N1CCc2ccccc21,UPZNECUMVLUHKW-UHFFFAOYSA-N,8.0,20.5,25493,Enamine,HTS,EN300-260068,50.1,EUR,10,0.9,CC(CC(=O)O)N1CCC=2C=CC=CC21,2025-10-07,1,8,8,{'Amidation'},"{13607, 13611, 13612, 13614, 13615, 1267, 13619, 13624}","{305667, 305671, 305672, 305674, 305675, 10575, 305679, 305684}"
285355,CC(CN)CC(F)(F)F,PIOIYGGPVZPPRE-UHFFFAOYSA-N,1.0,17.8,25644,Enamine,Legacy,EN300-254116,39.9,EUR,10,0.9,Cl.CC(CN)CC(F)(F)F,2025-10-07,1,1,1,{'Amidation'},{1267},{10575}
284591,O=C(O)c1ccc2c(c1)NS(=O)(=O)C2,WOYVITVQQNYCEQ-UHFFFAOYSA-N,9.0,21.3,25454,Enamine,Functional,EN300-5416524,426.4,EUR,10,0.9,O=C(O)C=1C=CC=2CS(=O)(=O)NC2C1,2025-10-07,1,9,9,{'Steglich_esterification'},"{2048, 2019, 2051, 2053, 1993, 1995, 1617, 2003, 2004}","{290146, 290117, 290149, 290151, 12009, 12012, 12013, 290101, 290102}"
290020,CC(O)c1cncc(F)c1,OPMTZWDRLGAXNM-UHFFFAOYSA-N,1.0,50.0,113912,Enamine,EU stock,EN300-267642,165.0,EUR,2,,CC(O)c1cncc(F)c1,2025-09-29,1,1,1,{'Steglich_esterification'},{1995},{12009}
286022,CC(O)c1cccnc1,QMDUEBURHKSKDG-UHFFFAOYSA-N,1.0,100.0,31287,Enamine,Global catalog,EN300-53661,18.0,EUR,10,,CC(O)c1cccnc1,2025-09-29,1,1,1,{'Steglich_esterification'},{1617},{12012}
290018,Cc1ccncc1C(C)O,JPXXWXQJFKRYQX-UHFFFAOYSA-N,1.0,100.0,32295,Enamine,Global catalog,EN300-125120,259.0,EUR,10,,Cc1ccncc1C(C)O,2025-09-29,1,1,1,{'Steglich_esterification'},{1993},{12013}
283068,CC(Sc1ccccn1)C(=O)O,FAAIBCMHMKYUAH-UHFFFAOYSA-N,1.0,50.0,107311,Enamine,EU stock,EN300-103800,27.0,EUR,2,,CC(Sc1ccccn1)C(=O)O,2025-09-29,1,1,1,{'Amidation'},{1501},{13635}
285842,COCC1CCCN1,CHPRFKYDQRKRRK-UHFFFAOYSA-N,1.0,100.0,40675,Enamine,Global catalog,EN300-314248,18.0,EUR,10,,COC[C@H]1CCCN1,2025-09-29,1,1,1,{'Amidation'},{1501},{13635}
285166,Sc1nnc(-c2ccncc2)[nH]1,PBTAXYKMCKLQSM-UHFFFAOYSA-N,1.0,100.0,26478,Enamine,Global catalog,EN300-09645,18.0,EUR,10,,Sc1nnc(-c2ccncc2)[nH]1,2025-09-29,1,1,1,{'Nucleophilic_substitution_with_thiol'},{1166},{13648}
285167,CC(Br)C(=O)c1ccco1,ZLZJJJKGSBIXNZ-UHFFFAOYSA-N,4.0,20.3,25500,Enamine,Advanced,EN300-196189,77.7,EUR,10,0.9,CC(Br)C(=O)C1=CC=CO1,2025-10-07,1,4,4,{'Nucleophilic_substitution_with_thiol'},"{2519, 2507, 1166, 2503}","{13648, 290811, 290827, 290815}"
284768,O=C(O)CC1NCc2ccccc21,XITJWUMAALXOKV-UHFFFAOYSA-N,1.0,21.4,25445,Enamine,Advanced,EN300-39860445,80.0,EUR,10,0.9,Cl.O=C(O)CC1NCC2=CC=CC=C21,2025-10-07,1,1,1,{'Amidation'},{1384},{13878}
285596,COCCN1CCCC(N)C1,DXKXCEYSOXUATJ-UHFFFAOYSA-N,1.0,23.0,25386,Enamine,HTS,EN300-257121,56.0,EUR,10,0.9,Cl.Cl.COCCN1CCCC(N)C1,2025-10-07,1,1,1,{'Amidation'},{1384},{13878}
285246,CN1C(=O)CCC1C(=O)O,SHLYZEAOVWVTSW-UHFFFAOYSA-N,1.0,50.0,109254,Enamine,EU stock,EN300-130825,18.0,EUR,2,,CN1C(=O)CC[C@H]1C(=O)O,2025-09-29,1,1,1,{'Steglich_esterification'},{1208},{13918}
285247,CC(C)(CO)n1cccn1,WDZAGJXERQJBAE-UHFFFAOYSA-N,1.0,14.0,25923,Enamine,HTS,EN300-300130,40.0,EUR,10,0.9,CC(C)(CO)N1C=CC=N1,2025-10-07,1,1,1,{'Steglich_esterification'},{1208},{13918}
285883,O=Cc1cccc2[nH]ncc12,FPJXNCKSPFGQGC-UHFFFAOYSA-N,1.0,100.0,44578,Enamine,Global catalog,EN300-303677,20.0,EUR,10,,O=Cc1cccc2[nH]ncc12,2025-09-29,1,1,1,{'Reductive_amination'},{1522},{15324}
285884,NC1CCN(c2ccccn2)C1,WGDHXHKTNGOFPW-UHFFFAOYSA-N,1.0,23.6,25365,Enamine,HTS,EN300-26678044,57.4,EUR,10,0.9,Cl.Cl.NC1CCN(C1)C2=CC=CC=N2,2025-10-07,1,1,1,{'Reductive_amination'},{1522},{15324}
283970,Nc1cccnc1,CUYKNJBYIJFRCU-UHFFFAOYSA-N,1.0,100.0,30853,Enamine,Global catalog,EN300-21243,18.0,EUR,10,,Nc1cccnc1,2025-09-29,1,1,1,{'Amidation'},{1650},{15998}
286101,CCCC(=CC(=O)O)CCC,LMCKTTNJLDJGTQ-UHFFFAOYSA-N,1.0,15.6,25815,Enamine,Legacy,EN300-124842,37.6,EUR,10,0.9,CCCC(=CC(=O)O)CCC,2025-10-07,1,1,1,{'Amidation'},{1650},{15998}
283776,O=C(O)c1ccnc(-n2ccnc2)c1,XVLXZHOMEIHQBJ-UHFFFAOYSA-N,1.0,50.0,130362,Enamine,EU stock,EN300-49999,31.0,EUR,2,,Cl.O=C(O)c1ccnc(-n2ccnc2)c1,2025-09-29,1,1,1,{'Amidation'},{482},{16361}
283777,NCCc1cc[nH]n1,JXDFEQONERDKSS-UHFFFAOYSA-N,1.0,50.0,115724,Enamine,EU stock,EN300-378949,47.0,EUR,2,,Cl.Cl.NCCc1cc[nH]n1,2025-09-29,1,1,1,{'Amidation'},{482},{16361}
284298,O=C(O)c1cc(Br)c2[nH]ncc2c1,WUVBFTBTMKBQKM-UHFFFAOYSA-N,1.0,24.0,25354,Enamine,HTS,EN300-7499368,58.3,EUR,10,0.9,O=C(O)C=1C=C(Br)C=2NN=CC2C1,2025-10-07,1,1,1,{'Amidation'},{6679},{17980}
294846,NCc1cnc2n1CCCC2,JEZRDACHQQVYIB-UHFFFAOYSA-N,2.0,50.0,139968,Enamine,EU stock,EN300-260591,240.0,EUR,2,,Cl.Cl.NCc1cnc2n1CCCC2,2025-09-29,1,2,2,{'Amidation'},"{5964, 6679}","{17980, 17982}"
294738,O=C(O)c1cc(Cl)c2[nH]ncc2c1,FWEAJWWRFMELBH-UHFFFAOYSA-N,1.0,50.0,128168,Enamine,EU stock,EN300-23617415,166.0,EUR,2,,O=C(O)c1cc(Cl)c2[nH]ncc2c1,2025-09-29,1,1,1,{'Amidation'},{5659},{17981}
294810,NCc1cnc2n1CCC2,BHHFKETYUKQRQB-UHFFFAOYSA-N,1.0,50.0,116314,Enamine,EU stock,EN300-412394,233.0,EUR,2,,Cl.Cl.NCc1cnc2n1CCC2,2025-09-29,1,1,1,{'Amidation'},{5659},{17981}
294740,Cc1n[nH]c2ccc(C(=O)O)cc12,BGNZTRUIXUSPDY-UHFFFAOYSA-N,1.0,50.0,146155,Enamine,EU stock,EN300-244757,81.0,EUR,2,,Cc1n[nH]c2ccc(C(=O)O)cc12,2025-09-29,1,1,1,{'Amidation'},{5964},{17982}
284540,O=C(O)c1ccc2[nH]ncc2c1,MAVGBUDLHOOROM-UHFFFAOYSA-N,1.0,100.0,65926,Enamine,Global catalog,EN300-29732,18.0,EUR,10,,O=C(O)c1ccc2[nH]ncc2c1,2025-09-29,1,1,1,{'Amidation'},{864},{18032}
284541,NCc1cnc[nH]1,MPCYZPCWSYUWMJ-UHFFFAOYSA-N,2.0,100.0,72011,Enamine,Global catalog,EN300-82476,18.0,EUR,10,,Cl.Cl.NCc1c[nH]cn1,2025-09-29,1,2,2,{'Amidation'},"{864, 1463}","{18032, 43172}"
6247,c1ccc(N2CCNCC2)nc1,GZRKXKUVVPSREJ-UHFFFAOYSA-N,1.0,100.0,33114,Enamine,Global catalog,EN300-30061,18.0,EUR,10,,Cl.Cl.c1ccc(N2CCNCC2)nc1,2025-09-29,1,1,1,{'Amidation'},{768},{18489}
284348,O=C(O)CSc1nc2ccccc2s1,ZZUQWNYNSKJLPI-UHFFFAOYSA-N,1.0,100.0,72557,Enamine,Global catalog,EN300-16451,18.0,EUR,10,,O=C(O)CSc1nc2ccccc2s1,2025-09-29,1,1,1,{'Amidation'},{768},{18489}
285435,O=C1CCC(C(=O)O)N1,ODHCTXKNWHHXJC-UHFFFAOYSA-N,1.0,100.0,33086,Enamine,Global catalog,EN300-72896,18.0,EUR,10,,O=C1CC[C@@H](C(=O)O)N1,2025-09-29,1,1,1,{'Amidation'},{1315},{20940}
285436,CC#CCCN,IFGQNSAUMOFJNS-UHFFFAOYSA-N,1.0,12.0,26048,Enamine,Functional,EN300-127900,171.4,EUR,10,0.9,Cl.CC#CCCN,2025-10-07,1,1,1,{'Amidation'},{1315},{20940}
284805,NCC1CCC(=O)N1,GFOAHABINHRDKL-UHFFFAOYSA-N,1.0,100.0,29299,Enamine,Global catalog,EN300-75030,18.0,EUR,10,,Cl.NCC1CCC(=O)N1,2025-09-29,1,1,1,{'Amidation'},{981},{20947}
284806,CCC(Cl)C(=O)O,RVBUZBPJAGZHSQ-UHFFFAOYSA-N,1.0,100.0,40402,Enamine,Global catalog,EN300-20750,18.0,EUR,10,,CCC(Cl)C(=O)O,2025-09-29,1,1,1,{'Amidation'},{981},{20947}
284412,O=C1CC(C(=O)O)CN1,GZVHQYZRBCSHAI-UHFFFAOYSA-N,1.0,100.0,79255,Enamine,Global catalog,EN300-59487,18.0,EUR,10,,O=C1CC(C(=O)O)CN1,2025-09-29,1,1,1,{'Amidation'},{1355},{20970}
285130,CC(C)CC(N)C(F)(F)F,GAIOQBNXIHMNHE-UHFFFAOYSA-N,1.0,19.2,25574,Enamine,HTS,EN300-7353619,46.9,EUR,10,0.9,Cl.CC(C)C[C@H](N)C(F)(F)F,2025-10-07,1,1,1,{'Amidation'},{1355},{20970}
4765,c1n[nH]cc1C1CCCN1,XKYLOHBQOURYOK-UHFFFAOYSA-N,1.0,21.0,25464,Enamine,HTS,EN300-220789,51.2,EUR,10,0.9,Cl.Cl.C1=NNC=C1C2CCCN2,2025-10-07,1,1,1,{'Amidation'},{950},{21091}
284738,O=C(O)C1CCC(=C(F)F)CC1,ALIYNSXSGZVAGX-UHFFFAOYSA-N,2.0,17.6,25673,Enamine,Legacy,EN300-6491199,39.7,EUR,10,0.9,O=C(O)C1CCC(CC1)=C(F)F,2025-10-07,1,2,2,{'Amidation'},"{950, 9023}","{299120, 21091}"
283237,CC(CC(=O)O)C(F)(F)F,FFZMMBKGTNDVRX-UHFFFAOYSA-N,1.0,100.0,79178,Enamine,Global catalog,EN300-208218,18.0,EUR,10,,CC(CC(=O)O)C(F)(F)F,2025-09-29,1,1,1,{'Amidation'},{1322},{23130}
285449,CCC(=O)Nc1ccc(N)cc1C,XKIFOCOJJXDOAM-UHFFFAOYSA-N,1.0,21.5,25433,Enamine,Legacy,EN300-41802,47.0,EUR,10,0.9,Cl.CCC(=O)NC=1C=CC(N)=CC1C,2025-10-07,1,1,1,{'Amidation'},{1322},{23130}
285509,CC(=O)Nc1ccc(C(=O)O)nc1,WPZGIHCOKAJSHJ-UHFFFAOYSA-N,1.0,18.0,25628,Enamine,Functional - BRC,EN300-131475,19.0,EUR,10,0.9,CC(=O)NC=1C=CC(=NC1)C(=O)O,2025-10-07,1,1,1,{'Amidation'},{1348},{25347}
284215,OCc1cn[nH]c1,JRMKJOOJKCAEJK-UHFFFAOYSA-N,1.0,100.0,99168,Enamine,Global catalog,EN300-54500,18.0,EUR,10,,OCc1cn[nH]c1,2025-09-29,1,1,1,{'Steglich_esterification'},{697},{35473}
284216,O=C(O)C1CC(=O)N(c2cn[nH]c2)C1,OXTYWNUUIMVAGL-UHFFFAOYSA-N,1.0,19.5,25553,Enamine,Legacy,EN300-99064,42.9,EUR,10,0.9,O=C(O)C1CC(=O)N(C1)C=2C=NNC2,2025-10-07,1,1,1,{'Steglich_esterification'},{697},{35473}
284682,O=Cc1cnc[nH]1,ZQEXIXXJFSQPNA-UHFFFAOYSA-N,1.0,100.0,30902,Enamine,Global catalog,EN300-50613,18.0,EUR,10,,O=Cc1cnc[nH]1,2025-09-29,1,1,1,{'Reductive_amination'},{928},{39011}
284683,Cc1cccc(=O)n1CCCCN,QEXOGGCLRXOBDA-UHFFFAOYSA-N,3.0,18.0,25632,Enamine,Legacy,EN300-66688,40.1,EUR,10,0.9,CC1=CC=CC(=O)N1CCCCN,2025-10-07,1,3,3,{'Reductive_amination'},"{928, 15995, 16133}","{309865, 39011, 309727}"
285759,O=C(O)CC1CCCC(C(F)(F)F)O1,GXBYZAXJUHSWEW-UHFFFAOYSA-N,17.0,21.2,25457,Enamine,Advanced,EN300-702812,79.7,EUR,10,0.9,O=C(O)CC1CCCC(O1)C(F)(F)F,2025-10-07,1,17,17,{'Amidation'},"{14916, 14980, 15012, 14920, 14985, 14954, 14957, 14927, 14929, 14961, 14969, 14964, 14966, 1463, 14968, 14937, 14940}","{307680, 307712, 307683, 43172, 307704, 307659, 307723, 307755, 307663, 307728, 307697, 307700, 307670, 307672, 307707, 307709, 307711}"
284340,O=C(O)c1cnn(C2CCCNC2)c1,JFVFYHZORDMRFA-UHFFFAOYSA-N,1.0,23.2,25383,Enamine,Advanced,EN300-131688,83.9,EUR,10,0.9,Cl.O=C(O)C=1C=NN(C1)C2CCCNC2,2025-10-07,1,1,1,{'Amidation'},{765},{45686}
284341,CC(C)(C)C(N)CN,KKMKAWJAGGJWTJ-UHFFFAOYSA-N,1.0,18.9,25589,Enamine,Legacy,EN300-199153,41.6,EUR,10,0.9,Cl.Cl.CC(C)(C)C(N)CN,2025-10-07,1,1,1,{'Amidation'},{765},{45686}
283027,O=C(O)CCCN1CCCCC1,BGAVZPPPWLEAKZ-UHFFFAOYSA-N,2.0,50.0,144183,Enamine,EU stock,EN300-49763,18.0,EUR,2,,Cl.O=C(O)CCCN1CCCCC1,2025-09-29,1,2,2,{'Amidation'},"{619, 773}","{124752, 45698}"
284358,Nc1cnn(CC(F)F)c1,LMAYRTOWGOVCOR-UHFFFAOYSA-N,1.0,50.0,111938,Enamine,EU stock,EN300-79410,24.0,EUR,2,,Nc1cnn(CC(F)F)c1,2025-09-29,1,1,1,{'Amidation'},{773},{45698}
284213,O=C(O)CC1Cc2ccccc2N1,ZVIHHTJKKUBGSN-UHFFFAOYSA-N,1.0,21.4,25446,Enamine,Advanced,EN300-6759366,80.0,EUR,10,0.9,Cl.O=C(O)C[C@H]1CC=2C=CC=CC2N1,2025-10-07,1,1,1,{'Amidation'},{696},{45810}
284214,NCCCN1CCCCC1,JMUCXULQKPWSTJ-UHFFFAOYSA-N,1.0,100.0,31322,Enamine,Global catalog,EN300-13955,18.0,EUR,10,,NCCCN1CCCCC1,2025-09-29,1,1,1,{'Amidation'},{696},{45810}
284043,O=C(O)COC1CCCNC1,MZSVIGFVSINUSJ-UHFFFAOYSA-N,1.0,100.0,36278,Enamine,Global catalog,EN300-237138,230.0,EUR,10,,Cl.O=C(O)COC1CCCNC1,2025-09-29,1,1,1,{'Amidation'},{726},{45868}
284258,CC(N)c1ncc(Br)cn1,ZUZVRVFAUSSLNI-UHFFFAOYSA-N,1.0,23.9,25359,Enamine,Functional,EN300-6487013,234.9,EUR,10,0.9,Cl.C[C@H](N)C=1N=CC(Br)=CN1,2025-10-07,1,1,1,{'Amidation'},{726},{45868}
45790,O=S(=O)(C1CCCNC1)N1CCc2ccccc21,DSRSUBHKUWCDAA-UHFFFAOYSA-N,5.0,50.0,109314,Enamine,EU stock,EN300-135383,154.0,EUR,2,,Cl.O=S(=O)(C1CCCNC1)N1CCc2ccccc21,2025-09-29,1,5,5,{'Mitsunobu_reaction_with_amine_alcohol_and_thioalcohol'},"{17090, 466, 17085, 17086, 17087}","{311035, 311034, 45979, 311036, 311039}"
283733,CC(F)(F)CO,CKLONJANQGBREW-UHFFFAOYSA-N,1.0,100.0,41207,Enamine,Global catalog,EN300-188820,18.0,EUR,10,,CC(F)(F)CO,2025-09-29,1,1,1,{'Mitsunobu_reaction_with_amine_alcohol_and_thioalcohol'},{466},{45979}
283053,O=C(O)c1ccc2c(c1)CCN2,DZTLKUKANGQSRN-UHFFFAOYSA-N,1.0,100.0,38406,Enamine,Global catalog,EN300-23678,18.0,EUR,10,,O=C(O)c1ccc2c(c1)CCN2,2025-09-29,1,1,1,{'Amidation'},{541},{45999}
283908,NCC1CCN(C2CCOCC2)CC1,CNAWWTRDALPJDO-UHFFFAOYSA-N,5.0,19.8,25535,Enamine,HTS,EN300-236517,48.4,EUR,10,0.9,NCC1CCN(CC1)C2CCOCC2,2025-10-07,1,5,5,{'Amidation'},"{541, 17426, 17431, 17434, 17437}","{311593, 311598, 45999, 311601, 311604}"
283039,NCC(O)CN1CCCCC1,VOQTZJYNVJFIJW-UHFFFAOYSA-N,1.0,50.0,105615,Enamine,EU stock,EN300-39850,18.0,EUR,2,,NCC(O)CN1CCCCC1,2025-09-29,1,1,1,{'Amidation'},{443},{47019}
283040,CCCN1CCCC(C(=O)O)C1,AWJSRBHWYWYXIT-UHFFFAOYSA-N,1.0,20.8,25472,Enamine,Legacy,EN300-171535,45.6,EUR,10,0.9,Cl.CCCN1CCCC(C1)C(=O)O,2025-10-07,1,1,1,{'Amidation'},{443},{47019}
284004,O=C(O)C1CCN(S(=O)(=O)N2CCCCC2)CC1,HMIZAXYMXIAEKS-UHFFFAOYSA-N,397.0,500.0,96531,Enamine,Global catalog,EN300-76660,457.0,EUR,10,,O=C(O)C1CCN(S(=O)(=O)N2CCCCC2)CC1,2025-09-29,1,397,397,{'Steglich_esterification'},"{589, 19194, 19195, 19196, 19197, 19198, 19199, 19200, 19201, 19202, 19203, 19204, 19205, 19206, 19207, 19209, 19211, 19212, 19213, 19215, 19216, 19217, 19218, 19219, 19221, 19223, 19224, 19225, 19226, 19227, 19229, 19230, 19231, 19232, 19233, 19235, 19236, 19237, 19238, 19239, 19240, 19241, 19242, 19244, 19245, 19246, 19247, 19248, 19250, 19251, 19252, 19253, 19254, 19255, 19256, 19257, 19258, 19259, 19260, 19261, 19262, 19263, 19264, 19265, 19266, 19268, 19269, 19270, 19271, 19273, 19275, 19276, 19277, 19278, 19280, 19281, 19283, 19284, 19285, 19286, 19287, 19288, 19289, 19290, 19291, 19292, 19293, 19294, 19295, 19296, 19297, 19298, 19299, 19300, 19301, 19302, 19304, 19305, 19306, 19307, 19308, 19309, 19310, 19311, 19312, 19313, 19315, 19316, 19317, 19319, 19320, 19321, 19323, 19324, 19326, 19327, 19328, 19329, 19330, 19331, 19332, 19333, 19334, 19335, 19336, 19337, 19338, 19339, 19340, 19341, 19342, 19343, 19344, 19345, 19347, 19348, 19349, 19351, 19353, 19354, 19355, 19356, 19357, 19358, 19359, 19361, 19362, 19363, 19364, 19367, 19368, 19369, 19370, 19373, 19374, 19375, 19376, 19377, 19378, 19379, 19380, 19381, 19382, 19383, 19384, 19385, 19386, 19387, 19388, 19390, 19391, 19392, 19393, 19394, 19395, 19397, 19398, 19399, 19403, 19405, 19406, 19407, 19408, 19409, 19410, 19411, 19412, 19413, 19415, 19417, 19419, 19420, 19422, 19423, 19424, 19425, 19426, 19427, 19428, 19429, 19430, 19431, 19433, 19434, 19435, 19436, 19437, 19438, 19440, 19441, 19442, 19443, 19444, 19446, 19447, 19448, 19449, 19450, 19452, 19453, 19454, 19455, 19456, 19458, 19459, 19460, 19461, 19462, 19463, 19464, 19465, 19466, 19467, 19468, 19469, 19470, 19472, 19473, 19475, 19477, 19478, 19479, 19480, 19482, 19483, 19485, 19486, 19487, 19488, 19489, 19490, 19491, 19492, 19493, 19495, 19496, 19497, 19498, 19499, 19500, 19504, 19507, 19509, 19514, 19516, 19518, 19519, 19520, 19521, 19522, 19524, 19527, 19528, 19529, 19530, 19531, 19532, 19534, 19537, 19538, 19542, 19544, 19547, 19549, 19550, 19551, 19552, 19553, 19554, 19555, 19556, 19557, 19558, 19559, 19560, 19561, 19562, 19563, 19564, 19565, 19566, 19567, 19569, 19570, 19572, 19574, 19576, 19577, 19579, 19581, 19584, 19585, 19586, 19587, 19588, 19592, 19593, 19594, 19595, 19599, 19606, 19608, 19611, 19612, 19615, 19617, 19618, 19620, 19625, 19626, 19628, 19630, 19632, 19634, 19635, 19639, 19642, 19643, 19644, 19645, 19646, 19648, 19650, 19651, 19653, 19655, 19661, 19662, 19664, 19668, 19669, 19674, 19675, 19678, 19681, 19683, 19686, 19691, 19695, 19699, 19704, 19706, 19708, 19709, 19714, 19715, 19723, 19726, 19727, 19729, 19731, 19732, 19735, 19742, 19743, 19746, 19751, 19752, 19758, 19760, 19771, 19779, 19787, 19788, 19790, 19802, 19805, 19810, 19811, 19813, 19821, 19825, 19828, 19830, 19837, 19845, 19847}","{314345, 314346, 314347, 314348, 314349, 314350, 314351, 314352, 314353, 314354, 314355, 314356, 314357, 314358, 314360, 314362, 314363, 314364, 314366, 314367, 314368, 314369, 314370, 314372, 314374, 314375, 314376, 314377, 314378, 314380, 314381, 314382, 314383, 314384, 314386, 314387, 314388, 314389, 314390, 314391, 314392, 314393, 314395, 314396, 314397, 314398, 314399, 314401, 314402, 314403, 314404, 314405, 314406, 314407, 314408, 314409, 314410, 314411, 314412, 314413, 314414, 314415, 314416, 314417, 314419, 314420, 314421, 314422, 314424, 314426, 314427, 314428, 314429, 314431, 314432, 314434, 314435, 314436, 314437, 314438, 314439, 314440, 314441, 314442, 314443, 314444, 314445, 314446, 314447, 314448, 314449, 314450, 314451, 314452, 314453, 314455, 314456, 314457, 314458, 314459, 314460, 314461, 314462, 314463, 314464, 314466, 314467, 314468, 314470, 314471, 314472, 314474, 314475, 314477, 314478, 314479, 314480, 314481, 314482, 314483, 314484, 314485, 314486, 314487, 314488, 314489, 314490, 314491, 314492, 314493, 314494, 314495, 314496, 314498, 314499, 314500, 314502, 314504, 314505, 314506, 314507, 314508, 314509, 314510, 314512, 314513, 314514, 314515, 314518, 314519, 314520, 314521, 314524, 314525, 314526, 314527, 314528, 314529, 314530, 314531, 314532, 314533, 314534, 314535, 314536, 314537, 314538, 314539, 314541, 314542, 314543, 314544, 314545, 314546, 314548, 314549, 314550, 314554, 314556, 314557, 314558, 314559, 314560, 314561, 314562, 314563, 314564, 314566, 314568, 314570, 314571, 314573, 314574, 314575, 314576, 314577, 314578, 314579, 314580, 314581, 314582, 314584, 314585, 314586, 314587, 314588, 314589, 314591, 314592, 314593, 314594, 314595, 314597, 314598, 314599, 314600, 314601, 314603, 314604, 314605, 314606, 314607, 314609, 314610, 314611, 314612, 314613, 314614, 314615, 314616, 314617, 314618, 314619, 314620, 314621, 314623, 314624, 314626, 314628, 314629, 314630, 314631, 314633, 314634, 314636, 314637, 314638, 314639, 314640, 314641, 314642, 314643, 314644, 314646, 314647, 314648, 314649, 314650, 314651, 314655, 314658, 314660, 314665, 314667, 314669, 314670, 314671, 314672, 314673, 314675, 314678, 314679, 314680, 314681, 314682, 314683, 314685, 314688, 314689, 314693, 314695, 314698, 314700, 314701, 314702, 314703, 314704, 314705, 314706, 314707, 314708, 314709, 314710, 314711, 314712, 314713, 314714, 314715, 314716, 314717, 314718, 314720, 314721, 314723, 314725, 314727, 314728, 314730, 314732, 314735, 314736, 314737, 314738, 314739, 314743, 314744, 314745, 314746, 314750, 314757, 314759, 314762, 314763, 314766, 314768, 314769, 314771, 314776, 314777, 314779, 314781, 314783, 314785, 314786, 314790, 314793, 314794, 314795, 314796, 314797, 314799, 314801, 314802, 314804, 314806, 314812, 314813, 314815, 314819, 314820, 314825, 314826, 314829, 314832, 314834, 314837, 314842, 314846, 314850, 314855, 314857, 314859, 314860, 314865, 314866, 314874, 314877, 314878, 314880, 314882, 314883, 314886, 314893, 314894, 314897, 314902, 314903, 314909, 314911, 314922, 314930, 314938, 314939, 314941, 314953, 314956, 314961, 314962, 314964, 314972, 314976, 314979, 314981, 314988, 314996, 314998, 47021}"
284005,COCC(C)O,ARXJGSRGQADJSQ-UHFFFAOYSA-N,1.0,100.0,50963,Enamine,Global catalog,EN300-73396,18.0,EUR,10,,COCC(C)O,2025-09-29,1,1,1,{'Steglich_esterification'},{589},{47021}
284436,O=C(O)CC1CCNCC1,YFNOTMRKVGZZNF-UHFFFAOYSA-N,1.0,100.0,62636,Enamine,Global catalog,EN300-72832,18.0,EUR,10,,Cl.O=C(O)CC1CCNCC1,2025-09-29,1,1,1,{'Amidation'},{816},{47627}
284121,c1cncc(CC2CCNCC2)c1,KKZYSWQNXOXYBD-UHFFFAOYSA-N,1.0,17.6,25672,Enamine,Legacy,EN300-122729,39.7,EUR,10,0.9,C1=CC(=CN=C1)CC2CCNCC2,2025-10-07,1,1,1,{'Amidation'},{645},{48075}
284122,CON=CC(=O)O,MIHIJWOEDDPOLG-UHFFFAOYSA-N,1.0,10.3,26097,Enamine,HTS,EN300-128172,35.6,EUR,10,0.9,CON=CC(=O)O,2025-10-07,1,1,1,{'Amidation'},{645},{48075}
12667,O=Cc1ccc2cn[nH]c2c1,JTWYTTXTJFDYAG-UHFFFAOYSA-N,1.0,100.0,28711,Enamine,Global catalog,EN300-66949,18.0,EUR,10,,O=Cc1ccc2cn[nH]c2c1,2025-09-29,1,1,1,{'Reductive_amination'},{705},{102808}
284059,NCc1ccc(-c2ccn[nH]2)cc1,PVJHXROUKGNRNK-UHFFFAOYSA-N,1.0,21.0,25463,Enamine,HTS,EN300-1272738,51.1,EUR,10,0.9,Cl.NCC=1C=CC(=CC1)C2=CC=NN2,2025-10-07,1,1,1,{'Reductive_amination'},{705},{102808}
284332,CC(N)CCN1CCCC1,IZHXOIVNOIKRLP-UHFFFAOYSA-N,1.0,14.2,25908,Enamine,Legacy,EN300-71662,36.2,EUR,10,0.9,CC(N)CCN1CCCC1,2025-10-07,1,1,1,{'N-nucleophilic_aromatic_substitution'},{761},{119126}
284333,CC(C)Cc1nsc(Cl)n1,GENRBCSBEZNUJF-UHFFFAOYSA-N,1.0,17.7,25663,Enamine,HTS,EN300-135829,44.1,EUR,10,0.9,CC(C)CC1=NSC(Cl)=N1,2025-10-07,1,1,1,{'N-nucleophilic_aromatic_substitution'},{761},{119126}
283875,COCC(C)N,NXMXETCTWNXSFG-UHFFFAOYSA-N,1.0,100.0,32974,Enamine,Global catalog,EN300-129418,18.0,EUR,10,,COC[C@@H](C)N,2025-09-29,1,1,1,{'Amidation'},{523},{124499}
283876,CCSc1cc(C(=O)O)ccn1,KWHSFDDEONYSOT-UHFFFAOYSA-N,1.0,18.3,25618,Enamine,Legacy,EN300-53361,40.4,EUR,10,0.9,CCSC=1C=C(C=CN1)C(=O)O,2025-10-07,1,1,1,{'Amidation'},{523},{124499}
284061,c1ccc(C2CCN2)cc1,CLNGGMJEJSANIE-UHFFFAOYSA-N,1.0,50.0,142009,Enamine,EU stock,EN300-39966,19.0,EUR,2,,c1ccc(C2CCN2)cc1,2025-09-29,1,1,1,{'Amidation'},{619},{124752}
284388,O=C(O)CCC1CCCO1,WUPHOULIZUERAE-UHFFFAOYSA-N,1.0,50.0,105821,Enamine,EU stock,EN300-35945,41.0,EUR,2,,O=C(O)CCC1CCCO1,2025-09-29,1,1,1,{'Amidation'},{792},{129593}
284389,NCC1(O)CCCc2ccccc21,JPSHSGBMKXSDOR-UHFFFAOYSA-N,1.0,50.0,106825,Enamine,EU stock,EN300-73172,39.0,EUR,2,,NCC1(O)CCCc2ccccc21,2025-09-29,1,1,1,{'Amidation'},{792},{129593}
282909,COC(=O)c1cc(C)ncc1Br,IQDMSGUFTYWZLX-UHFFFAOYSA-N,1.0,23.0,25388,Enamine,Functional,EN300-383815,207.3,EUR,10,0.9,COC(=O)C=1C=C(C)N=CC1Br,2025-10-07,1,1,1,{'N-nucleophilic_aromatic_substitution'},{11},{141599}
282910,CNN,HDZGCSFEDULWCS-UHFFFAOYSA-N,1.0,12.2,26041,Enamine,Functional,EN300-27777279,374.8,EUR,10,0.9,Cl.Cl.[2H]C([2H])([2H])NN,2025-10-07,1,1,1,{'N-nucleophilic_aromatic_substitution'},{11},{141599}
282946,Cn1nc(C(=O)O)c2cc(F)ccc21,MZEJUCPSOXTCSZ-UHFFFAOYSA-N,54.0,100.0,49962,Enamine,Global catalog,EN300-1725142,114.0,EUR,10,,Cn1nc(C(=O)O)c2cc(F)ccc21,2025-09-29,1,54,54,{'Amidation'},"{9091, 9092, 134, 9094, 9095, 9101, 9103, 9104, 9105, 9107, 9108, 9248, 9540, 1861, 1862, 1863, 9543, 9544, 9547, 1868, 9165, 9550, 9039, 9040, 9041, 9042, 9552, 9553, 9554, 9558, 9559, 9560, 9050, 9562, 1884, 9564, 9566, 9567, 9568, 1889, 9187, 9060, 9573, 9063, 9064, 9065, 1898, 9066, 1900, 9575, 9585, 9589, 1912, 9595}","{299264, 299266, 299267, 250891, 299790, 191887, 299407, 299793, 299794, 299797, 299800, 299802, 299803, 299804, 299808, 289825, 299809, 299810, 299812, 289830, 299814, 299816, 299817, 299818, 299823, 299825, 289846, 289851, 299324, 299835, 299198, 299199, 299200, 299201, 299839, 289860, 299845, 289862, 299209, 205775, 289874, 299219, 299346, 299222, 299223, 299224, 299225, 299250, 299251, 299253, 299254, 299260, 299262, 299263}"
282967,CC(N)Cc1cocn1,UNZJZHNXWNIIIJ-UHFFFAOYSA-N,63.0,100.0,88566,Enamine,Global catalog,EN300-46897099,320.0,EUR,10,,CC(N)Cc1cocn1.Cl.Cl,2025-09-29,1,63,63,{'Amidation'},"{14080, 13954, 13955, 14085, 13958, 14088, 13961, 14091, 14095, 13970, 13973, 13979, 13983, 14112, 13986, 13989, 14117, 14118, 13992, 13998, 14128, 14001, 14131, 14004, 14006, 14134, 14008, 14137, 14010, 14015, 14143, 14018, 14146, 14020, 14021, 14148, 1863, 14024, 14152, 1866, 14156, 1870, 1873, 14034, 1879, 1880, 14169, 14043, 14046, 14176, 14049, 14051, 14055, 1896, 14060, 13935, 14064, 13938, 14069, 14070, 13945, 14074, 13950}","{306308, 306436, 306311, 306439, 306313, 306314, 306441, 306317, 306445, 191887, 306449, 306327, 306462, 306336, 306339, 289828, 306469, 306342, 289832, 306344, 289835, 306348, 289841, 289842, 306353, 306228, 306357, 306231, 306362, 306363, 306238, 306367, 289858, 306243, 306373, 306247, 306248, 306378, 306251, 306381, 306254, 306427, 306384, 306388, 306263, 306266, 306272, 306276, 306405, 306279, 306282, 306410, 306411, 306285, 306291, 306421, 306294, 306424, 306297, 306299, 306301, 306430, 306303}"
282925,CC(=O)O,QTBSBXVTEAMEQO-UHFFFAOYSA-N,1.0,100.0,42842,Enamine,Global catalog,EN300-18074,18.0,EUR,10,,CC(=O)O,2025-09-29,1,1,1,{'Amidation'},{204},{195109}
282982,NC(=O)NC1CCNC1,XGBULVIMVCHZSV-UHFFFAOYSA-N,1.0,16.6,25735,Enamine,Legacy,EN300-118869,38.6,EUR,10,0.9,Cl.NC(=O)NC1CCNC1,2025-10-07,1,1,1,{'Amidation'},{204},{195109}
282942,NCc1cocn1,ULZXEYFKBUPRQM-UHFFFAOYSA-N,1.0,50.0,139611,Enamine,EU stock,EN300-252000,29.0,EUR,2,,Cl.NCc1cocn1,2025-09-29,1,1,1,{'Amidation'},{98},{204781}
282952,NCCn1cncn1,IDWZESHNJMMWTR-UHFFFAOYSA-N,1.0,50.0,106684,Enamine,EU stock,EN300-69553,38.0,EUR,2,,Cl.NCCn1cncn1,2025-09-29,1,1,1,{'Amidation'},{134},{205775}
282956,Cc1ocnc1CCN,PCFQXPHLIDJWIJ-UHFFFAOYSA-N,43.0,50.0,121860,Enamine,EU stock,EN300-7493904,195.0,EUR,2,,Cc1ocnc1CCN.Cl,2025-09-29,1,43,43,{'Amidation'},"{14082, 13959, 14087, 14090, 13965, 14093, 13968, 14097, 13974, 13980, 14109, 13984, 14116, 13995, 13996, 14002, 14133, 14136, 14013, 14142, 14145, 1861, 14022, 14151, 1864, 14154, 14155, 1869, 14032, 1874, 14036, 1878, 14038, 14040, 1882, 14172, 14048, 14053, 14059, 13939, 13942, 14072, 14076}","{306306, 306435, 306438, 250891, 306315, 306444, 306447, 306448, 306325, 306329, 306331, 306333, 306465, 289826, 306341, 289831, 306346, 289836, 289840, 306352, 289844, 306232, 306235, 306365, 306369, 306375, 306252, 306380, 306383, 306258, 306386, 306261, 306390, 306267, 306273, 306402, 306277, 306409, 306288, 306289, 306295, 306426, 306429}"
282964,Cc1ccccc1C(=O)O,ZWLPBLYKEWSWPD-UHFFFAOYSA-N,1.0,100.0,94334,Enamine,Global catalog,EN300-21374,18.0,EUR,10,,Cc1ccccc1C(=O)O,2025-09-29,1,1,1,{'Amidation'},{177},{266892}
289693,Cn1ncc2ccc(C=O)cc21,YVMQGPATHPKGOU-UHFFFAOYSA-N,2.0,100.0,74647,Enamine,Global catalog,EN300-4274866,18.0,EUR,10,,Cn1ncc2ccc(C=O)cc21,2025-09-29,1,2,2,{'Reductive_amination'},"{1789, 1790}","{289721, 289722}"
289719,Cn1ccc(-c2ccc(CN)cc2)n1,ABWRSDPFKICMIH-UHFFFAOYSA-N,24.0,50.0,150478,Enamine,EU stock,EN300-25898489,54.0,EUR,2,,Cl.Cl.Cn1ccc(-c2ccc(CN)cc2)n1,2025-09-29,1,24,24,{'Reductive_amination'},"{1793, 1795, 1797, 1799, 1802, 1804, 1807, 1809, 1812, 1814, 1816, 1818, 1819, 1822, 1824, 1826, 1828, 1829, 1831, 1833, 1835, 1838, 1840, 1789}","{289721, 289725, 289727, 289729, 289731, 289734, 289736, 289739, 289741, 289744, 289746, 289748, 289750, 289751, 289754, 289756, 289758, 289760, 289761, 289763, 289765, 289767, 289770, 289772}"
289720,Cn1nccc1-c1ccc(CN)cc1,DAJPQXIHISNGPV-UHFFFAOYSA-N,25.0,50.0,143057,Enamine,EU stock,EN300-45684307,190.0,EUR,2,,Cl.Cl.Cn1nccc1-c1ccc(CN)cc1,2025-09-29,1,25,25,{'Reductive_amination'},"{1794, 1796, 1798, 1800, 1801, 1803, 1805, 1808, 1810, 1811, 1813, 1815, 1817, 1820, 1821, 1823, 1825, 1827, 1830, 1832, 1834, 1836, 1837, 1839, 1790}","{289722, 289726, 289728, 289730, 289732, 289733, 289735, 289737, 289740, 289742, 289743, 289745, 289747, 289749, 289752, 289753, 289755, 289757, 289759, 289762, 289764, 289766, 289768, 289769, 289771}"
289695,Cn1ncc2ccc(C(=O)O)cc21,DNMTXRJELGPOGW-UHFFFAOYSA-N,2.0,100.0,76233,Enamine,Global catalog,EN300-191295,18.0,EUR,10,,Cn1ncc2ccc(C(=O)O)cc21,2025-09-29,1,2,2,{'Reductive_amination'},"{1793, 1794}","{289725, 289726}"
289696,Cc1c2ccc(C=O)cc2nn1C,QDRUBOKIOFAONW-UHFFFAOYSA-N,2.0,100.0,84744,Enamine,Global catalog,EN300-7415548,103.0,EUR,10,,Cc1c2ccc(C=O)cc2nn1C,2025-09-29,1,2,2,{'Reductive_amination'},"{1795, 1796}","{289728, 289727}"
289697,Cn1cc2ccc(C(=O)O)cc2n1,NVLCMLWKXVOTAJ-UHFFFAOYSA-N,2.0,50.0,125097,Enamine,EU stock,EN300-7406641,31.0,EUR,2,,Cn1cc2ccc(C(=O)O)cc2n1,2025-09-29,1,2,2,{'Reductive_amination'},"{1797, 1798}","{289729, 289730}"
289698,CCn1cc2ccc(C(=O)O)cc2n1,KYKMMPQNLANWGO-UHFFFAOYSA-N,2.0,100.0,66787,Enamine,Global catalog,EN300-27081224,448.0,EUR,10,,CCn1cc2ccc(C(=O)O)cc2n1,2025-09-29,1,2,2,{'Reductive_amination'},"{1800, 1799}","{289731, 289732}"
289699,COC(=O)c1ccc2cnn(C)c2c1,RPHJVNKZUSDUDA-UHFFFAOYSA-N,2.0,100.0,103959,Enamine,Global catalog,EN300-215407,18.0,EUR,10,,COC(=O)c1ccc2cnn(C)c2c1,2025-09-29,1,2,2,{'Reductive_amination'},"{1801, 1802}","{289733, 289734}"
289700,Cn1nc2cc(C(=O)O)ccc2c1Br,WQVBEUHSEJGFHE-UHFFFAOYSA-N,2.0,50.0,149003,Enamine,EU stock,EN300-19493896,177.0,EUR,2,,Cn1nc2cc(C(=O)O)ccc2c1Br,2025-09-29,1,2,2,{'Reductive_amination'},"{1803, 1804}","{289736, 289735}"
289701,Cn1ncc2ccc(C(=O)O)c(Cl)c21,JDKJJFWVZVATSV-UHFFFAOYSA-N,1.0,100.0,88489,Enamine,Global catalog,EN300-26869805,425.0,EUR,10,,Cn1ncc2ccc(C(=O)O)c(Cl)c21,2025-09-29,1,1,1,{'Reductive_amination'},{1805},{289737}
289702,Cn1ncc2c(O)cc(C(=O)O)cc21,BJFLDJZPVCRZIL-UHFFFAOYSA-N,2.0,100.0,34577,Enamine,Global catalog,EN300-187938,320.0,EUR,10,,Cn1ncc2c(O)cc(C(=O)O)cc21,2025-09-29,1,2,2,{'Reductive_amination'},"{1808, 1807}","{289739, 289740}"
289703,CCn1ncc2ccc(C(=O)O)cc21,OFVGRGYMHGBPDQ-UHFFFAOYSA-N,2.0,100.0,39365,Enamine,Global catalog,EN300-265448,103.0,EUR,10,,CCn1ncc2ccc(C(=O)O)cc21,2025-09-29,1,2,2,{'Reductive_amination'},"{1809, 1810}","{289741, 289742}"
289704,Cc1nn(C)c2cc(C(=O)O)ccc12,CPLFRBGIKHNEKO-UHFFFAOYSA-N,2.0,100.0,103015,Enamine,Global catalog,EN300-24218156,264.0,EUR,10,,Cc1nn(C)c2cc(C(=O)O)ccc12,2025-09-29,1,2,2,{'Reductive_amination'},"{1811, 1812}","{289744, 289743}"
289705,Cc1c(C(=O)O)ccc2cnn(C)c12,CIOZYJXMOYDMTP-UHFFFAOYSA-N,2.0,100.0,89371,Enamine,Global catalog,EN300-28737041,425.0,EUR,10,,Cc1c(C(=O)O)ccc2cnn(C)c12,2025-09-29,1,2,2,{'Reductive_amination'},"{1813, 1814}","{289745, 289746}"
289706,Cn1ncc2ccc(C(=O)O)c(Br)c21,PAJMILCFLRZWCD-UHFFFAOYSA-N,2.0,100.0,93256,Enamine,Global catalog,EN300-29324611,491.0,EUR,10,,Cn1ncc2ccc(C(=O)O)c(Br)c21,2025-09-29,1,2,2,{'Reductive_amination'},"{1816, 1815}","{289747, 289748}"
289707,Cc1c(C(=O)O)ccc2cn(C)nc12,RAWFBSDRJHJNBD-UHFFFAOYSA-N,2.0,100.0,89238,Enamine,Global catalog,EN300-28736258,264.0,EUR,10,,Cc1c(C(=O)O)ccc2cn(C)nc12,2025-09-29,1,2,2,{'Reductive_amination'},"{1817, 1818}","{289749, 289750}"
289708,COC(=O)c1ccc2cn(C)nc2c1,DPDPLMPLBWKMSG-UHFFFAOYSA-N,2.0,100.0,48918,Enamine,Global catalog,EN300-7377622,18.0,EUR,10,,COC(=O)c1ccc2cn(C)nc2c1,2025-09-29,1,2,2,{'Reductive_amination'},"{1819, 1820}","{289752, 289751}"
289709,Cc1c2ccc(C(=O)O)cc2nn1C,LPCBXSICRRCTAU-UHFFFAOYSA-N,2.0,100.0,85990,Enamine,Global catalog,EN300-7415541,149.0,EUR,10,,Cc1c2ccc(C(=O)O)cc2nn1C,2025-09-29,1,2,2,{'Reductive_amination'},"{1821, 1822}","{289753, 289754}"
289710,Cn1nc(Br)c2ccc(C(=O)O)cc21,DMDCLOZQWPLXRK-UHFFFAOYSA-N,2.0,50.0,138054,Enamine,EU stock,EN300-7421190,54.0,EUR,2,,Cn1nc(Br)c2ccc(C(=O)O)cc21,2025-09-29,1,2,2,{'Reductive_amination'},"{1824, 1823}","{289755, 289756}"
289711,O=C(O)c1ccc2cnn(C(F)F)c2c1,LTKYQIYGNBORCO-UHFFFAOYSA-N,2.0,100.0,84604,Enamine,Global catalog,EN300-36344534,326.0,EUR,10,,O=C(O)c1ccc2cnn(C(F)F)c2c1,2025-09-29,1,2,2,{'Reductive_amination'},"{1825, 1826}","{289757, 289758}"
289712,Cc1c(C(=O)O)ccc2c(C)n(C)nc12,MDGLMPWUFPEPTB-UHFFFAOYSA-N,2.0,100.0,98727,Enamine,Global catalog,EN300-28862035,326.0,EUR,10,,Cc1c(C(=O)O)ccc2c(C)n(C)nc12,2025-09-29,1,2,2,{'Reductive_amination'},"{1827, 1828}","{289760, 289759}"
289713,Cc1nn(C)c2c(C)c(C(=O)O)ccc12,JLXFAGZBIFSXIT-UHFFFAOYSA-N,2.0,100.0,93151,Enamine,Global catalog,EN300-28862357,359.0,EUR,10,,Cc1nn(C)c2c(C)c(C(=O)O)ccc12,2025-09-29,1,2,2,{'Reductive_amination'},"{1829, 1830}","{289761, 289762}"
289714,CC(C)(C)n1cc2ccc(C=O)cc2n1,IGDMDEXMSKJHEC-UHFFFAOYSA-N,2.0,100.0,91079,Enamine,Global catalog,EN300-51834710,292.0,EUR,10,,CC(C)(C)n1cc2ccc(C=O)cc2n1,2025-09-29,1,2,2,{'Reductive_amination'},"{1832, 1831}","{289763, 289764}"
289715,O=C(O)c1ccc2cn(C(F)F)nc2c1,CDEAVPJRDJLIGL-UHFFFAOYSA-N,2.0,100.0,77087,Enamine,Global catalog,EN300-28250507,448.0,EUR,10,,O=C(O)c1ccc2cn(C(F)F)nc2c1,2025-09-29,1,2,2,{'Reductive_amination'},"{1833, 1834}","{289765, 289766}"
289716,CCn1ncc2ccc(C(=O)OC)cc21,UVWUEXQSBNBKPU-UHFFFAOYSA-N,2.0,100.0,85136,Enamine,Global catalog,EN300-28861264,103.0,EUR,10,,CCn1ncc2ccc(C(=O)OC)cc21,2025-09-29,1,2,2,{'Reductive_amination'},"{1835, 1836}","{289768, 289767}"
289717,CC(C)(C)n1cc2ccc(C(=O)O)cc2n1,KPPLVXHISMEKRS-UHFFFAOYSA-N,2.0,100.0,90141,Enamine,Global catalog,EN300-51655305,264.0,EUR,10,,CC(C)(C)n1cc2ccc(C(=O)O)cc2n1,2025-09-29,1,2,2,{'Reductive_amination'},"{1837, 1838}","{289769, 289770}"
289718,CC(C)(C)OC(=O)n1ncc2ccc(C(=O)O)cc21,WXWASFOHAZDMGJ-UHFFFAOYSA-N,2.0,100.0,76317,Enamine,Global catalog,EN300-12581639,228.0,EUR,10,,CC(C)(C)OC(=O)n1ncc2ccc(C(=O)O)cc21,2025-09-29,1,2,2,{'Reductive_amination'},"{1840, 1839}","{289771, 289772}"
289813,Cc1nc(CCN)co1,VQAPYBXJPGJFFQ-UHFFFAOYSA-N,37.0,50.0,124976,Enamine,EU stock,EN300-2488768,272.0,EUR,2,,Cc1nc(CCN)co1,2025-09-29,1,37,37,{'Amidation'},"{13957, 13960, 13963, 14071, 14092, 13972, 13975, 13978, 14108, 14075, 14113, 13988, 13993, 13997, 14000, 14132, 14135, 14138, 14141, 14019, 1862, 1865, 14028, 1871, 1872, 14164, 1877, 14037, 1881, 14044, 14047, 1892, 14052, 13934, 13937, 13943, 13947}","{306434, 306312, 306321, 306457, 306330, 289825, 306337, 289827, 306340, 289833, 289834, 306345, 289839, 289843, 306227, 306230, 306236, 306364, 289854, 306240, 306368, 306250, 306253, 306256, 306385, 306265, 306268, 306271, 306401, 306406, 306281, 306286, 306290, 306293, 306425, 306428, 306431}"
289805,Cn1nc(C(=O)O)c2cc(Br)ccc21,PRXFQVZMBVERDQ-UHFFFAOYSA-N,29.0,50.0,129529,Enamine,EU stock,EN300-330071,18.0,EUR,2,,Cn1nc(C(=O)O)c2cc(Br)ccc21,2025-09-29,1,29,29,{'Amidation'},"{9089, 9090, 9096, 9109, 9110, 9112, 9113, 9114, 1864, 1865, 1866, 1867, 9163, 1875, 9044, 9045, 9046, 9047, 9048, 9175, 9053, 9055, 9056, 9057, 1894, 1901, 1904, 1909, 9079}","{299268, 299269, 299271, 299272, 299273, 289826, 289827, 289828, 289829, 289837, 299322, 289856, 299203, 299204, 299205, 299206, 289863, 299207, 299334, 289866, 299212, 299214, 289871, 299215, 299216, 299238, 299248, 299249, 299255}"
289814,Cc1nc(CCN)c(C)o1,WWNOHONEYODRKO-UHFFFAOYSA-N,15.0,50.0,146093,Enamine,EU stock,EN300-119797,218.0,EUR,2,,Cc1nc(CCN)c(C)o1,2025-09-29,1,15,15,{'Amidation'},"{14211, 14181, 14077, 14185, 1867, 1868, 14205, 1903, 14162, 14195, 1876, 1883, 14204, 1885, 1886}","{306497, 306370, 306488, 306498, 289829, 289830, 306504, 289865, 306474, 289838, 306478, 289845, 289847, 289848, 306455}"
289806,Cn1nc(C(=O)O)c2cc([N+](=O)[O-])ccc21,LTGCETNXDDEADX-UHFFFAOYSA-N,32.0,50.0,138500,Enamine,EU stock,EN300-7417922,95.0,EUR,2,,Cn1nc(C(=O)O)c2cc([N+](=O)[O-])ccc21,2025-09-29,1,32,32,{'Amidation'},"{1921, 1923, 9234, 9115, 9119, 9124, 9125, 9265, 9138, 9267, 9142, 9144, 9146, 9161, 9162, 1869, 1870, 1871, 1876, 9178, 9179, 9181, 9182, 1887, 9319, 9073, 9074, 9075, 9076, 9077, 1911, 9211}","{299393, 299274, 299278, 299283, 299284, 299424, 299297, 299426, 299301, 289831, 289832, 289833, 299303, 299305, 289838, 299320, 289849, 299321, 299337, 299338, 299340, 299341, 289873, 299478, 289883, 289885, 299232, 299233, 299234, 299235, 299236, 299370}"
289807,O=C(O)c1nn(C(F)(F)F)c2ccccc12,FXOOKLNORLMNBI-UHFFFAOYSA-N,32.0,100.0,81359,Enamine,Global catalog,EN300-37378191,818.0,EUR,10,,O=C(O)c1nn(C(F)(F)F)c2ccccc12,2025-09-29,1,32,32,{'Amidation'},"{9242, 9131, 9132, 9133, 9134, 9135, 9264, 9147, 9148, 9151, 9153, 9156, 9158, 9160, 1872, 1873, 1874, 1883, 9312, 9313, 1893, 9190, 9194, 9067, 9195, 9069, 9071, 9072, 9199, 9200, 9084, 1917}","{299401, 299290, 299291, 299292, 299293, 299294, 299423, 289834, 289835, 289836, 299306, 299307, 299310, 299312, 299315, 289845, 299317, 299319, 289855, 299471, 299472, 299349, 289879, 299353, 299226, 299354, 299228, 299230, 299231, 299358, 299359, 299243}"
289815,COC(=O)C(N)Cc1cocn1,XSTXQLPDMJZUFH-UHFFFAOYSA-N,8.0,100.0,100901,Enamine,Global catalog,EN300-28271055,651.0,EUR,10,,COC(=O)C(N)Cc1cocn1,2025-09-29,1,8,8,{'Amidation'},"{1893, 1932, 14220, 1907, 1875, 1908, 1884, 1887}","{289894, 289869, 289837, 289870, 306513, 289846, 289849, 289855}"
289808,COC(=O)c1ccc2c(c1)c(C(=O)O)nn2C,JWLXVHGQIWPBLN-UHFFFAOYSA-N,25.0,100.0,89294,Enamine,Global catalog,EN300-28943359,264.0,EUR,10,,COC(=O)c1ccc2c(c1)c(C(=O)O)nn2C,2025-09-29,1,25,25,{'Amidation'},"{1930, 9237, 9243, 9244, 9245, 9126, 9127, 9128, 9129, 9130, 9262, 9152, 9170, 9171, 1877, 1878, 1880, 1885, 9316, 9197, 9198, 1908, 9208, 9209, 9210}","{299396, 299402, 299403, 299404, 299285, 299286, 299287, 299288, 299289, 299421, 289839, 289840, 299311, 289842, 289847, 299329, 299330, 289870, 299475, 299356, 299357, 289892, 299367, 299368, 299369}"
289809,COC(=O)c1nn(CC(=O)O)c2ccccc12,PZEPNGUNBYILHS-UHFFFAOYSA-N,5.0,100.0,93067,Enamine,Global catalog,EN300-52237006,255.0,EUR,10,,COC(=O)c1nn(CC(=O)O)c2ccccc12.O=C(O)C(F)(F)F,2025-09-29,1,5,5,{'Amidation'},"{1907, 1879, 1881, 1882, 1886}","{289869, 289841, 289843, 289844, 289848}"
289816,NCCc1coc(-c2ccccc2)n1,BWSFNBUVKPIXTH-UHFFFAOYSA-N,5.0,50.0,106589,Enamine,EU stock,EN300-62193,84.0,EUR,2,,NCCc1coc(-c2ccccc2)n1,2025-09-29,1,5,5,{'Amidation'},"{1889, 1894, 1930, 1911, 1917}","{289856, 289892, 289873, 289879, 289851}"
289811,O=C1NCC(Cn2nc(C(=O)O)c3ccccc32)O1,UTRAQFIXHHQXGR-UHFFFAOYSA-N,16.0,100.0,66829,Enamine,Global catalog,EN300-16573512,528.0,EUR,10,,O=C1NCC(Cn2nc(C(=O)O)c3ccccc32)O1,2025-09-29,1,16,16,{'Amidation'},"{1892, 1896, 9225, 9290, 9227, 1932, 9291, 9230, 1903, 9293, 9326, 9331, 9333, 9270, 9177, 9213}","{299485, 289858, 299490, 299492, 299429, 289894, 299336, 289865, 299372, 299450, 299384, 299449, 299386, 299452, 299389, 289854}"
289817,CC(C)(C)OC(=O)C(N)Cc1cocn1,SPZVEAFJHJEGCN-UHFFFAOYSA-N,3.0,50.0,137818,Enamine,EU stock,EN300-28273161,627.0,EUR,2,,CC(C)(C)OC(=O)C(N)Cc1cocn1,2025-09-29,1,3,3,{'Amidation'},"{14250, 1898, 1923}","{289860, 289885, 306543}"
289819,NCCc1coc(-c2ccc(F)cc2)n1,MYLVUXDYUPRIRT-UHFFFAOYSA-N,3.0,100.0,28599,Enamine,Global catalog,EN300-64464,230.0,EUR,10,,Cl.NCCc1coc(-c2ccc(F)cc2)n1,2025-09-29,1,3,3,{'Amidation'},"{1921, 1900, 1901}","{289883, 289862, 289863}"
289820,Cc1ccc(-c2nc(CCN)co2)cc1,CPQIPXOEJSZOSQ-UHFFFAOYSA-N,1.0,100.0,102161,Enamine,Global catalog,EN300-62194,94.0,EUR,10,,Cc1ccc(-c2nc(CCN)co2)cc1,2025-09-29,1,1,1,{'Amidation'},{1904},{289866}
289821,CC(C)(CN)c1coc(-c2ccccc2)n1,CPZPWDHNPCCSNK-UHFFFAOYSA-N,2.0,50.0,133742,Enamine,EU stock,EN300-200108,215.0,EUR,2,,CC(C)(CN)c1coc(-c2ccccc2)n1,2025-09-29,1,2,2,{'Amidation'},"{1912, 1909}","{289874, 289871}"
289918,N#CC(N)CCN1CCCC1,PTCWNVCMKFQCLQ-UHFFFAOYSA-N,1.0,100.0,46755,Enamine,Global catalog,EN300-93740,287.0,EUR,10,,N#CC(N)CCN1CCCC1,2025-09-29,1,1,1,{'N-nucleophilic_aromatic_substitution'},{1946},{289924}
289920,Clc1nc(CC2CC2)ns1,QJQGDAZIMFRNKT-UHFFFAOYSA-N,2.0,50.0,135801,Enamine,EU stock,EN300-300506,165.0,EUR,2,,Clc1nc(CC2CC2)ns1,2025-09-29,1,2,2,{'N-nucleophilic_aromatic_substitution'},"{1946, 1947}","{289924, 289925}"
289919,NC1CCCC(N2CCCC2=O)C1,GSLLESQEEKEBHP-UHFFFAOYSA-N,1.0,50.0,129377,Enamine,EU stock,EN300-295546,268.0,EUR,2,,Cl.NC1CCCC(N2CCCC2=O)C1,2025-09-29,1,1,1,{'N-nucleophilic_aromatic_substitution'},{1947},{289925}
290028,CC(O)c1ccc(Br)nc1,QDOJZKXYIAXLDB-UHFFFAOYSA-N,1.0,50.0,134997,Enamine,EU stock,EN300-27147611,244.0,EUR,2,,C[C@H](O)c1ccc(Br)nc1.Cl,2025-09-29,1,1,1,{'Steglich_esterification'},{2003},{290101}
290029,CC(O)c1ccc(F)nc1,BAXMCVFPJFOSCM-UHFFFAOYSA-N,1.0,50.0,139542,Enamine,EU stock,EN300-322263,202.0,EUR,2,,CC(O)c1ccc(F)nc1,2025-09-29,1,1,1,{'Steglich_esterification'},{2004},{290102}
290044,CCC(O)c1ccc(Br)nc1,HRCGHWKWZMLTCB-UHFFFAOYSA-N,1.0,50.0,127371,Enamine,EU stock,EN300-23906539,97.0,EUR,2,,CCC(O)c1ccc(Br)nc1,2025-09-29,1,1,1,{'Steglich_esterification'},{2019},{290117}
290073,OC(c1ccc(Cl)nc1)C(F)(F)F,SPONQQBDNAPFFT-UHFFFAOYSA-N,1.0,50.0,115353,Enamine,EU stock,EN300-362985,54.0,EUR,2,,OC(c1ccc(Cl)nc1)C(F)(F)F,2025-09-29,1,1,1,{'Steglich_esterification'},{2048},{290146}
290076,OC(c1ccc(Br)nc1)C(F)(F)F,SCJWPNCLZBUMRD-UHFFFAOYSA-N,1.0,50.0,128513,Enamine,EU stock,EN300-213873,73.0,EUR,2,,OC(c1ccc(Br)nc1)C(F)(F)F,2025-09-29,1,1,1,{'Steglich_esterification'},{2051},{290149}
290078,OC(c1cncc(Br)c1)C(F)(F)F,UOIHFOKNQVWFRH-UHFFFAOYSA-N,1.0,50.0,139553,Enamine,EU stock,EN300-362986,51.0,EUR,2,,OC(c1cncc(Br)c1)C(F)(F)F,2025-09-29,1,1,1,{'Steglich_esterification'},{2053},{290151}
290235,O=C(O)C1CC2CCC1O2,UYLYISCHTFVYHN-UHFFFAOYSA-N,1.0,50.0,135289,Enamine,EU stock,EN300-77460,51.0,EUR,2,,O=C(O)[C@@H]1C[C@H]2CC[C@@H]1O2,2025-09-29,1,1,1,{'Amidation'},{2103},{290288}
290284,COc1cccc2c1CCCC2(O)CN,JLGDFYIRDFALOD-UHFFFAOYSA-N,35.0,50.0,144614,Enamine,EU stock,EN300-9464456,177.0,EUR,2,,COc1cccc2c1CCCC2(O)CN,2025-09-29,1,35,35,{'Amidation'},"{2176, 2179, 2182, 2188, 2191, 2195, 2200, 2203, 2206, 2213, 2215, 2103, 2106, 2120, 2121, 2123, 2126, 2127, 2129, 2130, 2133, 2137, 2138, 2141, 2143, 2145, 2148, 2157, 2158, 2160, 2163, 2164, 2166, 2168, 2170}","{290305, 290306, 290308, 290311, 290312, 290314, 290315, 290318, 290322, 290323, 290326, 290328, 290330, 290333, 290342, 290343, 290345, 290348, 290349, 290351, 290353, 290355, 290361, 290364, 290367, 290373, 290376, 290380, 290385, 290388, 290391, 290398, 290400, 290288, 290291}"
290234,O=C(O)C1CC2CC1CO2,AIJNUJGXQXSQOH-UHFFFAOYSA-N,3.0,100.0,75414,Enamine,Global catalog,EN300-27777603,419.0,EUR,10,,O=C(O)[C@H]1C[C@H]2C[C@@H]1CO2,2025-09-29,1,3,3,{'Amidation'},"{2105, 2106, 2107}","{290290, 290291, 290292}"
290285,COc1ccc2c(c1)CCCC2(O)CN,XCTAJOGFZVNQAY-UHFFFAOYSA-N,11.0,50.0,143823,Enamine,EU stock,EN300-1228565,154.0,EUR,2,,COc1ccc2c(c1)CCCC2(O)CN,2025-09-29,1,11,11,{'Amidation'},"{2118, 2214, 2159, 2192, 2131, 2132, 2165, 2199, 2105, 2139, 2142}","{290344, 290377, 290316, 290317, 290350, 290399, 290384, 290290, 290324, 290327, 290303}"
290286,COc1ccc2c(c1)C(O)(CN)CCC2,LNGNAFBJTXOICZ-UHFFFAOYSA-N,6.0,50.0,149288,Enamine,EU stock,EN300-124400,202.0,EUR,2,,COc1ccc2c(c1)C(O)(CN)CCC2.Cl,2025-09-29,1,6,6,{'Amidation'},"{2119, 2217, 2190, 2128, 2135, 2107}","{290304, 290402, 290375, 290313, 290320, 290292}"
290237,CC(CC(=O)O)C1CCCO1,BRDOSYLBBARPLO-UHFFFAOYSA-N,2.0,50.0,114307,Enamine,EU stock,EN300-303545,165.0,EUR,2,,CC(CC(=O)O)C1CCCO1,2025-09-29,1,2,2,{'Amidation'},"{2120, 2118}","{290305, 290303}"
290236,O=C(O)C1(Cl)CC2CCC1O2,QTYNZHNFXNOPIJ-UHFFFAOYSA-N,3.0,50.0,111858,Enamine,EU stock,EN300-226468,202.0,EUR,2,,O=C(O)C1(Cl)CC2CCC1O2,2025-09-29,1,3,3,{'Amidation'},"{2141, 2142, 2119}","{290304, 290326, 290327}"
290239,CC(CC1CCCO1)C(=O)O,IHVOMWXXVTYVBQ-UHFFFAOYSA-N,1.0,50.0,114356,Enamine,EU stock,EN300-300587,84.0,EUR,2,,CC(CC1CCCO1)C(=O)O,2025-09-29,1,1,1,{'Amidation'},{2121},{290306}
290246,O=C(O)C1CC2CCC(C1)O2,PQTLQJVGJFXEET-UHFFFAOYSA-N,1.0,50.0,132156,Enamine,EU stock,EN300-736819,176.0,EUR,2,,O=C(O)C1CC2CCC(C1)O2,2025-09-29,1,1,1,{'Amidation'},{2123},{290308}
290247,O=C(O)C1CC2CC(=O)C1O2,QRADTXZVQNFLSA-UHFFFAOYSA-N,1.0,50.0,119595,Enamine,EU stock,EN300-24201793,73.0,EUR,2,,O=C(O)C1CC2CC(=O)C1O2,2025-09-29,1,1,1,{'Amidation'},{2126},{290311}
290238,CC1CCC(CCC(=O)O)O1,SNNKEQXXSTZBPS-UHFFFAOYSA-N,1.0,50.0,118550,Enamine,EU stock,EN300-91814,179.0,EUR,2,,CC1CCC(CCC(=O)O)O1,2025-09-29,1,1,1,{'Amidation'},{2127},{290312}
290240,CC12CC(CO1)C(C(=O)O)C2,ZPHOOMONUWWWRT-UHFFFAOYSA-N,3.0,50.0,120622,Enamine,EU stock,EN300-26977835,571.0,EUR,2,,C[C@]12C[C@@H](CO1)[C@H](C(=O)O)C2,2025-09-29,1,3,3,{'Amidation'},"{2128, 2129, 2132}","{290313, 290314, 290317}"
290243,CC1(C(=O)O)CC2CCC1O2,MGBWQWATKAXZEU-UHFFFAOYSA-N,3.0,50.0,123382,Enamine,EU stock,EN300-6482359,253.0,EUR,2,,C[C@@]1(C(=O)O)C[C@@H]2CC[C@H]1O2,2025-09-29,1,3,3,{'Amidation'},"{2130, 2131, 2135}","{290320, 290315, 290316}"
290248,O=C(O)C1CC2OC1C1CC21,PRCGNEWLBUMXBP-UHFFFAOYSA-N,1.0,100.0,49107,Enamine,Global catalog,EN300-373400,354.0,EUR,10,,O=C(O)[C@@H]1C[C@@H]2O[C@H]1[C@H]1C[C@H]12,2025-09-29,1,1,1,{'Amidation'},{2133},{290318}
290241,O=C(O)C1CC1C1CCCO1,YCNDRFSHDFNOFP-UHFFFAOYSA-N,1.0,50.0,145893,Enamine,EU stock,EN300-805027,233.0,EUR,2,,O=C(O)[C@@H]1C[C@H]1C1CCCO1,2025-09-29,1,1,1,{'Amidation'},{2137},{290322}
290242,O=C(O)CC1CC2CCC1O2,BZDCRCJAJGIUJJ-UHFFFAOYSA-N,2.0,50.0,150485,Enamine,EU stock,EN300-250505,240.0,EUR,2,,O=C(O)CC1CC2CCC1O2,2025-09-29,1,2,2,{'Amidation'},"{2138, 2139}","{290323, 290324}"
290244,O=C(O)C1CC2(CCCO2)C1,IKQYNEIRTGISNQ-UHFFFAOYSA-N,1.0,50.0,146848,Enamine,EU stock,EN300-1724117,215.0,EUR,2,,O=C(O)C1CC2(CCCO2)C1,2025-09-29,1,1,1,{'Amidation'},{2143},{290328}
290249,O=C(O)C12CC3OC1C2C3O,XOYGPQGQTADHJR-UHFFFAOYSA-N,1.0,100.0,89196,Enamine,Global catalog,EN300-26277046,359.0,EUR,10,,O=C(O)C12CC3OC1C2C3O,2025-09-29,1,1,1,{'Amidation'},{2145},{290330}
290245,O=C(O)CC1CC2COC1C2,XNXYOPWLUJIWSM-UHFFFAOYSA-N,1.0,100.0,102875,Enamine,Global catalog,EN300-6823257,651.0,EUR,10,,O=C(O)CC1CC2COC1C2,2025-09-29,1,1,1,{'Amidation'},{2148},{290333}
290250,CC1(C)COC(CCC(=O)O)C1,QPJLDEFMRCZCEW-UHFFFAOYSA-N,1.0,50.0,115493,Enamine,EU stock,EN300-374314,177.0,EUR,2,,CC1(C)COC(CCC(=O)O)C1,2025-09-29,1,1,1,{'Amidation'},{2157},{290342}
290253,CC(C)(CC1CCCO1)C(=O)O,KLDAAHASUINXDD-UHFFFAOYSA-N,2.0,100.0,50844,Enamine,Global catalog,EN300-1247760,230.0,EUR,10,,CC(C)(CC1CCCO1)C(=O)O,2025-09-29,1,2,2,{'Amidation'},"{2158, 2159}","{290344, 290343}"
290251,O=C(O)C(F)(F)CC1CCCO1,OYNHXKJRRURTSZ-UHFFFAOYSA-N,1.0,50.0,131458,Enamine,EU stock,EN300-1949344,281.0,EUR,2,,O=C(O)C(F)(F)CC1CCCO1,2025-09-29,1,1,1,{'Amidation'},{2160},{290345}
290257,O=C(O)C1CC2OC1C(O)C2O,ZZTJOHOETCDWML-UHFFFAOYSA-N,1.0,50.0,125044,Enamine,EU stock,EN300-6764836,215.0,EUR,2,,O=C(O)C1CC2OC1C(O)C2O,2025-09-29,1,1,1,{'Amidation'},{2163},{290348}
290256,CC1CCC(C2CC2C(=O)O)O1,UMMIALAKANNAFM-UHFFFAOYSA-N,2.0,100.0,78141,Enamine,Global catalog,EN300-3029102,491.0,EUR,10,,CC1CCC(C2CC2C(=O)O)O1,2025-09-29,1,2,2,{'Amidation'},"{2164, 2165}","{290349, 290350}"
290258,O=C(O)C1C2CCC(O2)C1(F)F,FCCOAOMPQRVKAH-UHFFFAOYSA-N,1.0,100.0,86928,Enamine,Global catalog,EN300-45792443,491.0,EUR,10,,O=C(O)[C@H]1[C@H]2CC[C@H](O2)C1(F)F,2025-09-29,1,1,1,{'Amidation'},{2166},{290351}
290254,CC1(C(=O)O)CC2(CCCO2)C1,KJBUMOAMIITACW-UHFFFAOYSA-N,1.0,50.0,144995,Enamine,EU stock,EN300-47305717,240.0,EUR,2,,CC1(C(=O)O)CC2(CCCO2)C1,2025-09-29,1,1,1,{'Amidation'},{2168},{290353}
290259,CC12CCC(C)(O1)C(C(=O)O)C2,IFAMNOAMEJFCDB-UHFFFAOYSA-N,1.0,50.0,150141,Enamine,EU stock,EN300-7563640,233.0,EUR,2,,CC12CCC(C)(O1)C(C(=O)O)C2,2025-09-29,1,1,1,{'Amidation'},{2170},{290355}
290263,O=C(O)C1CC2OC1C1C2C1(F)F,QQWAPBUZJUXDHI-UHFFFAOYSA-N,1.0,100.0,42240,Enamine,Global catalog,EN300-367172,746.0,EUR,10,,O=C(O)C1CC2OC1C1C2C1(F)F,2025-09-29,1,1,1,{'Amidation'},{2176},{290361}
290264,O=C(O)C1C2CCC(O2)C1C(F)F,CFHFSJUESANVOD-UHFFFAOYSA-N,1.0,100.0,86368,Enamine,Global catalog,EN300-37341145,330.0,EUR,10,,O=C(O)C1C2CCC(O2)C1C(F)F,2025-09-29,1,1,1,{'Amidation'},{2179},{290364}
290262,CC1(C)COC(C)(CCC(=O)O)C1,SHLNGDDJKSISRZ-UHFFFAOYSA-N,1.0,100.0,98587,Enamine,Global catalog,EN300-52417427,292.0,EUR,10,,CC1(C)COC(C)(CCC(=O)O)C1,2025-09-29,1,1,1,{'Amidation'},{2182},{290367}
290266,O=C(O)C1C2CCC3(COC(=O)C13)O2,ZTNJBIVXMUDZMQ-UHFFFAOYSA-N,1.0,50.0,114708,Enamine,EU stock,EN300-310745,165.0,EUR,2,,O=C(O)[C@H]1[C@H]2C(=O)OC[C@]23CC[C@H]1O3,2025-09-29,1,1,1,{'Amidation'},{2188},{290373}
290269,COC(=O)CCC1CCC(C(=O)O)O1,MRZOBYXLLOJEQD-UHFFFAOYSA-N,1.0,50.0,115675,Enamine,EU stock,EN300-366784,187.0,EUR,2,,COC(=O)CC[C@H]1CC[C@@H](C(=O)O)O1,2025-09-29,1,1,1,{'Amidation'},{2190},{290375}
290270,O=C(O)C1CCCCC1C1CCCO1,QVNRMKWKXMLDGZ-UHFFFAOYSA-N,2.0,50.0,139975,Enamine,EU stock,EN300-245795,165.0,EUR,2,,O=C(O)C1CCCCC1C1CCCO1,2025-09-29,1,2,2,{'Amidation'},"{2192, 2191}","{290376, 290377}"
290271,O=C(O)C1C2CCC(O2)C1C(F)(F)F,AUZBEXWVMFBWAT-UHFFFAOYSA-N,4.0,50.0,147829,Enamine,EU stock,EN300-136226,173.0,EUR,2,,O=C(O)C1C2CCC(O2)C1C(F)(F)F,2025-09-29,1,4,4,{'Amidation'},"{2195, 11100, 11133, 11155}","{301840, 301785, 301818, 290380}"
290267,O=C(O)C(CC1CCCO1)C(F)(F)F,FQJZEDBSHBNUMD-UHFFFAOYSA-N,2.0,50.0,151143,Enamine,EU stock,EN300-264040,43.0,EUR,2,,O=C(O)C(CC1CCCO1)C(F)(F)F,2025-09-29,1,2,2,{'Amidation'},"{2200, 2199}","{290384, 290385}"
290272,O=C(O)CCC1CCC(C2OCCO2)O1,HFTRFHJVDTYLAA-UHFFFAOYSA-N,1.0,50.0,130686,Enamine,EU stock,EN300-269789,165.0,EUR,2,,O=C(O)CCC1CCC(C2OCCO2)O1,2025-09-29,1,1,1,{'Amidation'},{2203},{290388}
290273,CC(C)(C)OC(=O)CCC1CC(C(=O)O)CO1,LIIMUSRCFSVPAE-UHFFFAOYSA-N,1.0,50.0,120177,Enamine,EU stock,EN300-333394,202.0,EUR,2,,CC(C)(C)OC(=O)CCC1CC(C(=O)O)CO1,2025-09-29,1,1,1,{'Amidation'},{2206},{290391}
290275,CC(C)(C)OC(=O)NC(CC1CCCO1)C(=O)O,HLOYHEUHDBOTCD-UHFFFAOYSA-N,1.0,50.0,117800,Enamine,EU stock,EN300-634607,193.0,EUR,2,,CC(C)(C)OC(=O)NC(CC1CCCO1)C(=O)O,2025-09-29,1,1,1,{'Amidation'},{2213},{290398}
290274,O=C(O)C(Cc1cccc(Br)c1)CC1CCCO1,DUQYFSVNHKBHEG-UHFFFAOYSA-N,1.0,100.0,30405,Enamine,Global catalog,EN300-107565,268.0,EUR,10,,O=C(O)C(Cc1cccc(Br)c1)CC1CCCO1,2025-09-29,1,1,1,{'Amidation'},{2214},{290399}
290277,CC(C)(C)OC(=O)N1C(C(=O)O)CC2OCCC21,CMWJMVKHSVMLEL-UHFFFAOYSA-N,2.0,50.0,130097,Enamine,EU stock,EN300-1478705,268.0,EUR,2,,CC(C)(C)OC(=O)N1[C@@H](C(=O)O)C[C@H]2OCC[C@H]21,2025-09-29,1,2,2,{'Amidation'},"{2217, 2215}","{290400, 290402}"
285137,O=C(O)CCC1CCCC(=O)N1,YHPLMTKMOITUNX-UHFFFAOYSA-N,1.0,50.0,124210,Enamine,EU stock,EN300-6505092,297.0,EUR,2,,O=C(O)CCC1CCCC(=O)N1,2025-09-29,1,1,1,{'Amidation'},{2234},{290433}
290431,N#CCN(CC#N)c1ccc(N)cc1,PUWPYVQWYQUGSP-UHFFFAOYSA-N,1.0,100.0,69288,Enamine,Global catalog,EN300-1168894,349.0,EUR,10,,N#CCN(CC#N)c1ccc(N)cc1,2025-09-29,1,1,1,{'Amidation'},{2234},{290433}
290430,O=C(O)C1CCN2CCCCC2C1,DALMIUUEJAKXQZ-UHFFFAOYSA-N,5.0,100.0,90673,Enamine,Global catalog,EN300-51817218,485.0,EUR,10,,Cl.O=C(O)[C@H]1CCN2CCCC[C@H]2C1,2025-09-29,1,5,5,{'Amidation'},"{2250, 2290, 2291, 2292, 2303}","{290503, 290543, 290544, 290545, 290556}"
290452,Cc1ccc(C2CCN2)cc1,CUTBEUSBJJIHHV-UHFFFAOYSA-N,2.0,50.0,120197,Enamine,EU stock,EN300-1241131,173.0,EUR,2,,Cc1ccc(C2CCN2)cc1,2025-09-29,1,2,2,{'Amidation'},"{2250, 2284}","{290537, 290503}"
290440,O=C(O)C1CC(=O)N2CCCCC2C1,NCXPUJQLYHWZJE-UHFFFAOYSA-N,5.0,100.0,101657,Enamine,Global catalog,EN300-8637619,359.0,EUR,10,,O=C(O)C1CC(=O)N2CCCCC2C1,2025-09-29,1,5,5,{'Amidation'},"{2339, 2340, 2341, 2342, 2284}","{290592, 290593, 290594, 290595, 290537}"
290461,Cc1cccc(C2NCC2C)c1,OONRUXKGIJCBIY-UHFFFAOYSA-N,2.0,50.0,121536,Enamine,EU stock,EN300-1664793,240.0,EUR,2,,Cc1cccc(C2NCC2C)c1,2025-09-29,1,2,2,{'Amidation'},"{2290, 2341}","{290594, 290543}"
290468,Cc1cccc(C)c1C1CCN1,LEBWGOXBPAWYTK-UHFFFAOYSA-N,2.0,100.0,49675,Enamine,Global catalog,EN300-1868722,326.0,EUR,10,,Cc1cccc(C)c1C1CCN1,2025-09-29,1,2,2,{'Amidation'},"{2291, 2340}","{290544, 290593}"
290463,Cc1ccc(C2NCC2C)cc1,PQUUZKNZDXMPIY-UHFFFAOYSA-N,2.0,50.0,119309,Enamine,EU stock,EN300-1247045,187.0,EUR,2,,Cc1ccc(C2NCC2C)cc1,2025-09-29,1,2,2,{'Amidation'},"{2339, 2292}","{290592, 290545}"
290476,CN1CC(N)C1c1ccccc1,HNBIOOAKTDHURV-UHFFFAOYSA-N,2.0,50.0,148778,Enamine,EU stock,EN300-27748605,218.0,EUR,2,,CN1C[C@@H](N)[C@H]1c1ccccc1,2025-09-29,1,2,2,{'Amidation'},"{2342, 2303}","{290595, 290556}"
290444,CC(C)(C)OC(=O)NC1CCN(CCCC(=O)O)CC1,CHTDHFJEJGLFIP-UHFFFAOYSA-N,1.0,100.0,33233,Enamine,Global catalog,EN300-135594,259.0,EUR,10,,CC(C)(C)OC(=O)NC1CCN(CCCC(=O)O)CC1,2025-09-29,1,1,1,{'Amidation'},{2454},{290707}
290458,COc1cccc(C2CCN2)c1,LGWREHODVFMFSH-UHFFFAOYSA-N,1.0,100.0,99315,Enamine,Global catalog,EN300-172650,419.0,EUR,10,,COc1cccc(C2CCN2)c1,2025-09-29,1,1,1,{'Amidation'},{2454},{290707}
290787,Cn1c(S)nnc1-c1ccncc1,ACDUEIIMRXEFHO-UHFFFAOYSA-N,1.0,100.0,32813,Enamine,Global catalog,EN300-03529,23.0,EUR,10,,Cn1c(S)nnc1-c1ccncc1,2025-09-29,1,1,1,{'Nucleophilic_substitution_with_thiol'},{2503},{290811}
290791,Sc1nnc(-c2ccncc2)n1C1CC1,XDRDJURZUPOSBP-UHFFFAOYSA-N,1.0,50.0,104779,Enamine,EU stock,EN300-13628,43.0,EUR,2,,Sc1nnc(-c2ccncc2)n1C1CC1,2025-09-29,1,1,1,{'Nucleophilic_substitution_with_thiol'},{2507},{290815}
290803,Sc1nnc(-c2ccncc2)n1Cc1ccccc1,CPPAKJNMGGTEHY-UHFFFAOYSA-N,1.0,100.0,67475,Enamine,Global catalog,EN300-05570,45.0,EUR,10,,Sc1nnc(-c2ccncc2)n1Cc1ccccc1,2025-09-29,1,1,1,{'Nucleophilic_substitution_with_thiol'},{2519},{290827}
290835,O=C(O)c1cc2n(c(=O)c1)CCS2,XZMFIALEMKMIID-UHFFFAOYSA-N,3.0,100.0,75680,Enamine,Global catalog,EN300-8190840,310.0,EUR,10,,O=C(O)c1cc2n(c(=O)c1)CCS2,2025-09-29,1,3,3,{'Amidation'},"{2560, 2573, 2662}","{290971, 291060, 290958}"
290869,CC(N)C1CCO1,POJZOKNLVGZKSK-UHFFFAOYSA-N,3.0,50.0,117606,Enamine,EU stock,EN300-7133702,328.0,EUR,2,,CC(N)C1CCO1,2025-09-29,1,3,3,{'Amidation'},"{2560, 2724, 2645}","{291122, 291043, 290958}"
290880,CC1(N)CCOC1,VSAPWIUQDZKEBG-UHFFFAOYSA-N,1.0,50.0,108999,Enamine,EU stock,EN300-118519,32.0,EUR,2,,CC1(N)CCOC1.Cl,2025-09-29,1,1,1,{'Amidation'},{2573},{290971}
290836,CC(C)(C)Sc1cc(C(=O)O)ccn1,ZFEKRVIJJMIJBO-UHFFFAOYSA-N,7.0,50.0,149554,Enamine,EU stock,EN300-127705,97.0,EUR,2,,CC(C)(C)Sc1cc(C(=O)O)ccn1,2025-09-29,1,7,7,{'Amidation'},"{2688, 2630, 2666, 2668, 2670, 2641, 2645}","{291043, 291086, 291028, 291064, 291066, 291068, 291039}"
290883,C=CC(N)COC,MYBIZBWJJKFVQW-UHFFFAOYSA-N,1.0,50.0,109677,Enamine,EU stock,EN300-140504,218.0,EUR,2,,C=CC(N)COC,2025-09-29,1,1,1,{'Amidation'},{2630},{291028}
290874,CCC(N)COC,QAFODUGVXFNLBE-UHFFFAOYSA-N,1.0,100.0,58915,Enamine,Global catalog,EN300-81002,18.0,EUR,10,,CCC(N)COC,2025-09-29,1,1,1,{'Amidation'},{2641},{291039}
290924,CC(N)C1CCCO1,WRDLTPMUGXTIAM-UHFFFAOYSA-N,1.0,50.0,116841,Enamine,EU stock,EN300-295875,33.0,EUR,2,,CC(N)C1CCCO1.Cl,2025-09-29,1,1,1,{'Amidation'},{2662},{291060}
290912,COCC(N)C(C)C,PVNWTJLUPPXWDT-UHFFFAOYSA-N,2.0,50.0,107057,Enamine,EU stock,EN300-85575,46.0,EUR,2,,COCC(N)C(C)C,2025-09-29,1,2,2,{'Amidation'},"{2666, 2732}","{291064, 291130}"
290910,COCC(N)CCO,RJJKIMBTZBWVMC-UHFFFAOYSA-N,1.0,50.0,107194,Enamine,EU stock,EN300-83030,147.0,EUR,2,,COCC(N)CCO,2025-09-29,1,1,1,{'Amidation'},{2668},{291066}
290900,COC(=O)C(N)CCl,KHUDJGGFFNDILT-UHFFFAOYSA-N,1.0,100.0,35613,Enamine,Global catalog,EN300-216145,18.0,EUR,10,,COC(=O)[C@@H](N)CCl.Cl,2025-09-29,1,1,1,{'Amidation'},{2670},{291068}
290889,COC(=O)C(N)CS,MCYHPZGUONZRGO-UHFFFAOYSA-N,1.0,100.0,40219,Enamine,Global catalog,EN300-34175,18.0,EUR,10,,COC(=O)C(N)CS,2025-09-29,1,1,1,{'Amidation'},{2688},{291086}
290837,O=C(O)c1ccnc(SCC(F)(F)F)c1,XWUYLFRFETWQFS-UHFFFAOYSA-N,5.0,100.0,65101,Enamine,Global catalog,EN300-74110,245.0,EUR,10,,O=C(O)c1ccnc(SCC(F)(F)F)c1,2025-09-29,1,5,5,{'Amidation'},"{2724, 2726, 2732, 2738, 2706}","{291104, 291136, 291122, 291124, 291130}"
290862,COCC(C)(C)N,CMZQPQQRGBOLHN-UHFFFAOYSA-N,1.0,50.0,138586,Enamine,EU stock,EN300-70821,21.0,EUR,2,,COCC(C)(C)N.Cl,2025-09-29,1,1,1,{'Amidation'},{2706},{291104}
290856,COCC1CCN1,VNRCXZBQRIAHFW-UHFFFAOYSA-N,1.0,50.0,149592,Enamine,EU stock,EN300-222533,24.0,EUR,2,,COCC1CCN1.Cl,2025-09-29,1,1,1,{'Amidation'},{2726},{291124}
290906,COC(=O)C(N)CO,ANSUDRATXSJBLY-UHFFFAOYSA-N,1.0,100.0,33128,Enamine,Global catalog,EN300-71341,18.0,EUR,10,,COC(=O)[C@@H](N)CO.Cl,2025-09-29,1,1,1,{'Amidation'},{2738},{291136}
290407,CC(Sc1ccc(Br)c(Br)n1)C(=O)O,LPYPYOYEMFACFD-UHFFFAOYSA-N,6.0,100.0,84863,Enamine,Global catalog,EN300-45157183,651.0,EUR,10,,CC(Sc1ccc(Br)c(Br)n1)C(=O)O,2025-09-29,1,6,6,{'Amidation'},"{2866, 2899, 3027, 3030, 2939, 3004}","{291505, 291538, 291666, 291669, 291578, 291643}"
291303,COC(=O)C1CCCN1,BLWYXBNNBYXPPL-UHFFFAOYSA-N,1.0,100.0,42667,Enamine,Global catalog,EN300-395313,18.0,EUR,10,,COC(=O)[C@H]1CCCN1.Cl,2025-09-29,1,1,1,{'Amidation'},{2866},{291505}
291332,COCC1NCC(O)C1O,UKOGTGAQFKEZTR-UHFFFAOYSA-N,1.0,50.0,145806,Enamine,EU stock,EN300-26982437,328.0,EUR,2,,COC[C@H]1NC[C@H](O)[C@@H]1O.Cl,2025-09-29,1,1,1,{'Amidation'},{2899},{291538}
291372,COCC1CCC(COC)N1,HDXYTIYVVNJFLU-UHFFFAOYSA-N,1.0,100.0,92451,Enamine,Global catalog,EN300-52267483,227.0,EUR,10,,COC[C@H]1CC[C@@H](COC)N1.Cl,2025-09-29,1,1,1,{'Amidation'},{2939},{291578}
291437,C#CC12CCC(C(=O)OC)(CC1)N2,IVTZCBKVGXURRW-UHFFFAOYSA-N,1.0,100.0,102714,Enamine,Global catalog,EN300-52654846,485.0,EUR,10,,C#CC12CCC(C(=O)OC)(CC1)N2.Cl,2025-09-29,1,1,1,{'Amidation'},{3004},{291643}
291460,COCC12CCC(C(=O)OC)(CC1)N2,GUYVNUIDPWTNIR-UHFFFAOYSA-N,1.0,50.0,144802,Enamine,EU stock,EN300-46898463,325.0,EUR,2,,COCC12CCC(C(=O)OC)(CC1)N2.Cl,2025-09-29,1,1,1,{'Amidation'},{3027},{291666}
291463,COC(=O)C12CCC(C(F)F)(CC1)N2,SKERZGLJVHGCBP-UHFFFAOYSA-N,1.0,100.0,91842,Enamine,Global catalog,EN300-52014978,453.0,EUR,10,,COC(=O)C12CCC(C(F)F)(CC1)N2.Cl,2025-09-29,1,1,1,{'Amidation'},{3030},{291669}
291869,O=C(O)CC1NC(=O)c2ccccc21,ARVSJYVMPQBCTL-UHFFFAOYSA-N,2.0,50.0,149708,Enamine,EU stock,EN300-305611,23.0,EUR,2,,O=C(O)CC1NC(=O)c2ccccc21,2025-09-29,1,2,2,{'Amidation'},"{3181, 3183}","{291883, 291885}"
291873,NC1CCCN2CCOCC12,XSOPGNWUACMRFR-UHFFFAOYSA-N,2.0,100.0,62972,Enamine,Global catalog,EN300-37391511,481.0,EUR,10,,Cl.Cl.NC1CCCN2CCOCC12,2025-09-29,1,2,2,{'Amidation'},"{3184, 3181}","{291883, 291886}"
291875,COC(=O)CN1CCCC(N)C1,IJVQPFMVKPOOGL-UHFFFAOYSA-N,1.0,50.0,148408,Enamine,EU stock,EN300-7463667,94.0,EUR,2,,COC(=O)CN1CCCC(N)C1.Cl.Cl,2025-09-29,1,1,1,{'Amidation'},{3183},{291885}
291870,CN1C(=O)c2ccccc2C1CC(=O)O,SFQWGMRYVMVYKQ-UHFFFAOYSA-N,1.0,50.0,134790,Enamine,EU stock,EN300-9429726,202.0,EUR,2,,CN1C(=O)c2ccccc2C1CC(=O)O,2025-09-29,1,1,1,{'Amidation'},{3184},{291886}
291909,CN1C(=O)C(F)CC1C(=O)O,IZQDTWWMACMHQO-UHFFFAOYSA-N,2.0,50.0,143326,Enamine,EU stock,EN300-45761572,237.0,EUR,2,,CN1C(=O)[C@@H](F)C[C@H]1C(=O)O,2025-09-29,1,2,2,{'Steglich_esterification'},"{3209, 3207}","{291925, 291927}"
291921,OCC1(n2cccn2)CC1,JIKPZBSPTHCKRI-UHFFFAOYSA-N,3.0,50.0,141303,Enamine,EU stock,EN300-33328514,193.0,EUR,2,,OCC1(n2cccn2)CC1,2025-09-29,1,3,3,{'Steglich_esterification'},"{3208, 3212, 3207}","{291930, 291925, 291926}"
291910,CCN1C(=O)CCC1C(=O)O,AGWPBFFUIGQGJG-UHFFFAOYSA-N,1.0,50.0,130661,Enamine,EU stock,EN300-718785,343.0,EUR,2,,CCN1C(=O)CCC1C(=O)O,2025-09-29,1,1,1,{'Steglich_esterification'},{3208},{291926}
291922,CC(C)(CO)n1cc(I)cn1,FFZNFLPXFARGKL-UHFFFAOYSA-N,1.0,50.0,140892,Enamine,EU stock,EN300-28246917,193.0,EUR,2,,CC(C)(CO)n1cc(I)cn1,2025-09-29,1,1,1,{'Steglich_esterification'},{3209},{291927}
291912,CCCN1C(=O)CCC1C(=O)O,DNUSZWLXMXMKIT-UHFFFAOYSA-N,1.0,100.0,66899,Enamine,Global catalog,EN300-2554443,230.0,EUR,10,,CCCN1C(=O)CCC1C(=O)O,2025-09-29,1,1,1,{'Steglich_esterification'},{3212},{291930}
292128,NNCCF,AZCCTQYOEYFRAK-UHFFFAOYSA-N,1.0,50.0,140345,Enamine,EU stock,EN300-1704857,206.0,EUR,2,,Cl.Cl.NNCCF,2025-09-29,1,1,1,{'N-nucleophilic_aromatic_substitution'},{3346},{292528}
292524,COC(=O)c1cc(C2CC2)ncc1Br,JJZSVHBWGYNQRV-UHFFFAOYSA-N,186.0,250.0,63638,Enamine,Global catalog,EN300-6490339,640.0,EUR,10,,COC(=O)c1cc(C2CC2)ncc1Br,2025-09-29,1,186,186,{'N-nucleophilic_aromatic_substitution'},"{3589, 3590, 3591, 3593, 3597, 3599, 3603, 3605, 3607, 3608, 3609, 3610, 3616, 3618, 3634, 3636, 3638, 3639, 3642, 3645, 3709, 3892, 3717, 3720, 3895, 3726, 3728, 3733, 3734, 3735, 3737, 3741, 3749, 3753, 3755, 3758, 3761, 3765, 3769, 3771, 3773, 3776, 3784, 3346, 3348, 3349, 3350, 3351, 3354, 3868, 3358, 3360, 3361, 3363, 3364, 3365, 3366, 3879, 3368, 3369, 3370, 3371, 3883, 3884, 3374, 3375, 3376, 3377, 3378, 3379, 3380, 3381, 3382, 3889, 3384, 3890, 3891, 3387, 3388, 3389, 3390, 3391, 3392, 3897, 3394, 3395, 3899, 3397, 3902, 3399, 3400, 3401, 3403, 3405, 3406, 3407, 3411, 3412, 3414, 3415, 3416, 3417, 3419, 3421, 3422, 3423, 3424, 3426, 3427, 3429, 3430, 3432, 3436, 3437, 3438, 3441, 3442, 3443, 3444, 3445, 3446, 3447, 3448, 3449, 3451, 3452, 3454, 3455, 3456, 3457, 3461, 3462, 3463, 3466, 3470, 3471, 3475, 3476, 3477, 3478, 3479, 3481, 3482, 3483, 3484, 3487, 3488, 3489, 3490, 3491, 3492, 3494, 3496, 3497, 3498, 3500, 3503, 3505, 3508, 3510, 3512, 3514, 3515, 3516, 3517, 3518, 3519, 3520, 3521, 3524, 3525, 3526, 3527, 3528, 3529, 3530, 3533, 3535, 3536, 3537, 3538, 3539, 3575, 3578, 3580, 3582}","{292891, 292899, 292902, 292908, 292910, 292915, 292916, 292917, 292919, 292923, 292931, 292935, 292937, 292940, 292943, 292947, 292951, 292953, 292955, 292958, 292966, 292528, 292530, 292531, 292532, 292533, 292536, 293050, 292540, 292542, 292543, 292545, 292546, 292547, 292548, 293061, 292550, 292551, 292552, 292553, 293065, 293066, 292556, 292557, 292558, 292559, 292560, 292561, 292562, 292563, 292564, 293071, 292566, 293072, 293073, 292569, 292570, 292571, 292572, 292573, 292574, 293079, 292576, 292577, 293081, 292579, 293084, 292581, 292582, 292583, 292585, 292587, 292588, 292589, 292593, 292594, 292596, 292597, 292598, 292599, 292601, 292603, 292604, 292605, 292606, 292608, 292609, 292611, 292612, 292614, 292618, 292619, 292620, 292623, 292624, 292625, 292626, 292627, 292628, 292629, 292630, 292631, 292633, 292634, 292636, 292637, 292638, 292639, 292643, 292644, 292645, 292648, 292652, 292653, 292657, 292658, 292659, 292660, 292661, 292663, 292664, 292665, 292666, 292669, 292670, 292671, 292672, 292673, 292674, 292676, 292678, 292679, 292680, 292682, 292685, 292687, 292690, 292692, 292694, 292696, 292697, 292698, 292699, 292700, 292701, 292702, 292703, 292706, 292707, 292708, 292709, 292710, 292711, 292712, 292715, 292717, 292718, 292719, 292720, 292721, 292757, 292760, 292762, 292764, 292771, 292772, 292773, 292775, 292779, 292781, 292785, 292787, 292789, 292790, 292791, 292792, 292798, 292800, 292816, 292818, 292820, 292821, 292824, 292827, 293074, 293077}"
292130,NNC1CC1,GPSINNCBFURFNQ-UHFFFAOYSA-N,1.0,50.0,126417,Enamine,EU stock,EN300-134393,36.0,EUR,2,,Cl.Cl.NNC1CC1,2025-09-29,1,1,1,{'N-nucleophilic_aromatic_substitution'},{3348},{292530}
292131,C#CCNN,CYCYZHMUOSKYBG-UHFFFAOYSA-N,1.0,50.0,113872,Enamine,EU stock,EN300-260632,79.0,EUR,2,,C#CCNN.Cl,2025-09-29,1,1,1,{'N-nucleophilic_aromatic_substitution'},{3349},{292531}
292132,CCCNN,UKPBXIFLSVLDPA-UHFFFAOYSA-N,1.0,50.0,112732,Enamine,EU stock,EN300-40989,28.0,EUR,2,,CCCNN.Cl.Cl,2025-09-29,1,1,1,{'N-nucleophilic_aromatic_substitution'},{3350},{292532}
292133,CC(C)NN,KJAQRHMKLVGSCG-UHFFFAOYSA-N,1.0,100.0,38154,Enamine,Global catalog,EN300-43363,18.0,EUR,10,,CC(C)NN.Cl,2025-09-29,1,1,1,{'N-nucleophilic_aromatic_substitution'},{3351},{292533}
292136,CC(C)CNN,NGSOWKPBNFOQCR-UHFFFAOYSA-N,1.0,100.0,32155,Enamine,Global catalog,EN300-124536,18.0,EUR,10,,CC(C)CNN.Cl.Cl,2025-09-29,1,1,1,{'N-nucleophilic_aromatic_substitution'},{3354},{292536}
292140,NNCC(=O)O,RRBZUCWNYQUCTR-UHFFFAOYSA-N,1.0,50.0,109470,Enamine,EU stock,EN300-131120,24.0,EUR,2,,Cl.NNCC(=O)O,2025-09-29,1,1,1,{'N-nucleophilic_aromatic_substitution'},{3358},{292540}
292142,NNCC(F)F,YSIWOENJQAUPPK-UHFFFAOYSA-N,1.0,50.0,139588,Enamine,EU stock,EN300-169986,51.0,EUR,2,,Cl.NNCC(F)F,2025-09-29,1,1,1,{'N-nucleophilic_aromatic_substitution'},{3360},{292542}
292143,NNCC1CC1,FBFGFCAGFFHMPG-UHFFFAOYSA-N,1.0,50.0,150792,Enamine,EU stock,EN300-29516,20.0,EUR,2,,Cl.Cl.NNCC1CC1,2025-09-29,1,1,1,{'N-nucleophilic_aromatic_substitution'},{3361},{292543}
292145,CSCCNN,YZPOSOXLGVKHCZ-UHFFFAOYSA-N,1.0,100.0,94996,Enamine,Global catalog,EN300-1251920,201.0,EUR,10,,CSCCNN,2025-09-29,1,1,1,{'N-nucleophilic_aromatic_substitution'},{3363},{292545}
292146,C=C(C)CNN,WKWPTGYQIHKPSJ-UHFFFAOYSA-N,1.0,100.0,95864,Enamine,Global catalog,EN300-207054,33.0,EUR,10,,C=C(C)CNN,2025-09-29,1,1,1,{'N-nucleophilic_aromatic_substitution'},{3364},{292546}
292147,CC(O)CNN,OWXTVVMIMIRMLL-UHFFFAOYSA-N,1.0,50.0,149953,Enamine,EU stock,EN300-208494,26.0,EUR,2,,CC(O)CNN,2025-09-29,1,1,1,{'N-nucleophilic_aromatic_substitution'},{3365},{292547}
292148,CC#CCNN,MXTMCZOTYGUKMU-UHFFFAOYSA-N,1.0,100.0,101720,Enamine,Global catalog,EN300-52487413,230.0,EUR,10,,CC#CCNN.Cl.Cl,2025-09-29,1,1,1,{'N-nucleophilic_aromatic_substitution'},{3366},{292548}
292150,CCCCNN,XKLVLDXNZDIDKQ-UHFFFAOYSA-N,1.0,50.0,123469,Enamine,EU stock,EN300-6489266,18.0,EUR,2,,CCCCNN.Cl.Cl,2025-09-29,1,1,1,{'N-nucleophilic_aromatic_substitution'},{3368},{292550}
292151,CC(C)(C)NN,MUQNAPSBHXFMHT-UHFFFAOYSA-N,1.0,100.0,26744,Enamine,Global catalog,EN300-19572,18.0,EUR,10,,CC(C)(C)NN.Cl,2025-09-29,1,1,1,{'N-nucleophilic_aromatic_substitution'},{3369},{292551}
292152,NNC1CCC1,HQFQTTNMBUPQAY-UHFFFAOYSA-N,1.0,50.0,105232,Enamine,EU stock,EN300-29515,21.0,EUR,2,,Cl.Cl.NNC1CCC1,2025-09-29,1,1,1,{'N-nucleophilic_aromatic_substitution'},{3370},{292552}
292153,N#CCCNN,VIHRIIARIFUQLC-UHFFFAOYSA-N,1.0,100.0,27073,Enamine,Global catalog,EN300-22299,18.0,EUR,10,,N#CCCNN,2025-09-29,1,1,1,{'N-nucleophilic_aromatic_substitution'},{3371},{292553}
292156,NNC1CSC1,LULIHVHEFKJJNF-UHFFFAOYSA-N,1.0,50.0,123130,Enamine,EU stock,EN300-2009507,227.0,EUR,2,,Cl.Cl.NNC1CSC1,2025-09-29,1,1,1,{'N-nucleophilic_aromatic_substitution'},{3374},{292556}
292157,CC1CC=NN1,KDTSAMBCRXSULF-UHFFFAOYSA-N,1.0,100.0,59104,Enamine,Global catalog,EN300-398601,167.0,EUR,10,,CC1CC=NN1,2025-09-29,1,1,1,{'N-nucleophilic_aromatic_substitution'},{3375},{292557}
292158,C#CCCNN,NETYPGJDRASSEG-UHFFFAOYSA-N,1.0,50.0,128712,Enamine,EU stock,EN300-20868752,218.0,EUR,2,,C#CCCNN.Cl.Cl,2025-09-29,1,1,1,{'N-nucleophilic_aromatic_substitution'},{3376},{292558}
292159,C=CCCNN,HBRZQKXSEKTPEW-UHFFFAOYSA-N,1.0,50.0,137485,Enamine,EU stock,EN300-27752342,158.0,EUR,2,,C=CCCNN.Cl.Cl,2025-09-29,1,1,1,{'N-nucleophilic_aromatic_substitution'},{3377},{292559}
292160,C=CC(C)NN,ZXMKECRNTYBFFP-UHFFFAOYSA-N,1.0,50.0,138166,Enamine,EU stock,EN300-28311858,173.0,EUR,2,,C=CC(C)NN.Cl.Cl,2025-09-29,1,1,1,{'N-nucleophilic_aromatic_substitution'},{3378},{292560}
292161,NNCCCO,WMRXHQRDCIXTCD-UHFFFAOYSA-N,1.0,100.0,80648,Enamine,Global catalog,EN300-70434,77.0,EUR,10,,Cl.Cl.NNCCCO,2025-09-29,1,1,1,{'N-nucleophilic_aromatic_substitution'},{3379},{292561}
292162,COCCNN,IBELBRDFPCFICX-UHFFFAOYSA-N,1.0,50.0,106014,Enamine,EU stock,EN300-43773,19.0,EUR,2,,COCCNN.Cl.Cl,2025-09-29,1,1,1,{'N-nucleophilic_aromatic_substitution'},{3380},{292562}
292163,CC(CO)NN,ZFOBHMKMJRWBMD-UHFFFAOYSA-N,1.0,50.0,107863,Enamine,EU stock,EN300-100944,211.0,EUR,2,,CC(CO)NN.Cl.Cl,2025-09-29,1,1,1,{'N-nucleophilic_aromatic_substitution'},{3381},{292563}
292164,CCC(C)NN,SFSUYFSIKDDLOL-UHFFFAOYSA-N,1.0,100.0,28263,Enamine,Global catalog,EN300-56931,18.0,EUR,10,,CCC(C)NN.Cl.Cl,2025-09-29,1,1,1,{'N-nucleophilic_aromatic_substitution'},{3382},{292564}
292166,CCC(CC)NN,IVZSDKPIHPABBM-UHFFFAOYSA-N,1.0,50.0,106986,Enamine,EU stock,EN300-78191,18.0,EUR,2,,CCC(CC)NN.Cl.Cl,2025-09-29,1,1,1,{'N-nucleophilic_aromatic_substitution'},{3384},{292566}
292169,CC(C)C(C)NN,RNFYGLJFBPJKNC-UHFFFAOYSA-N,1.0,50.0,105962,Enamine,EU stock,EN300-41270,50.0,EUR,2,,CC(C)C(C)NN.Cl.Cl,2025-09-29,1,1,1,{'N-nucleophilic_aromatic_substitution'},{3387},{292569}
292170,CC(C#N)CNN,FDEPXCBPWPUHGC-UHFFFAOYSA-N,1.0,100.0,27773,Enamine,Global catalog,EN300-36530,63.0,EUR,10,,CC(C#N)CNN,2025-09-29,1,1,1,{'N-nucleophilic_aromatic_substitution'},{3388},{292570}
292171,CSCC(=O)NN,MUTXMAOCENBWSX-UHFFFAOYSA-N,1.0,50.0,109085,Enamine,EU stock,EN300-120294,92.0,EUR,2,,CSCC(=O)NN,2025-09-29,1,1,1,{'N-nucleophilic_aromatic_substitution'},{3389},{292571}
292172,CN1CCC(N)=N1,SYLOETQSLYHKPY-UHFFFAOYSA-N,1.0,50.0,108871,Enamine,EU stock,EN300-124589,171.0,EUR,2,,CN1CCC(N)=N1.Cl,2025-09-29,1,1,1,{'N-nucleophilic_aromatic_substitution'},{3390},{292572}
292173,CC(C)CCNN,LVJAZWNACGZVRQ-UHFFFAOYSA-N,1.0,50.0,126088,Enamine,EU stock,EN300-37536,111.0,EUR,2,,CC(C)CCNN.Cl.Cl,2025-09-29,1,1,1,{'N-nucleophilic_aromatic_substitution'},{3391},{292573}
292174,COCC(C)NN,RXDGTVMRGDTPPJ-UHFFFAOYSA-N,1.0,100.0,32204,Enamine,Global catalog,EN300-127123,230.0,EUR,10,,COCC(C)NN.Cl,2025-09-29,1,1,1,{'N-nucleophilic_aromatic_substitution'},{3392},{292574}
292176,NNCC(F)(F)F,OPMFFAOEPFATTG-UHFFFAOYSA-N,1.0,100.0,31595,Enamine,Global catalog,EN300-66385,18.0,EUR,10,,Cl.Cl.NNCC(F)(F)F,2025-09-29,1,1,1,{'N-nucleophilic_aromatic_substitution'},{3394},{292576}
292177,CN(C)CCNN,XXYDEJAJDOABCE-UHFFFAOYSA-N,1.0,100.0,31378,Enamine,Global catalog,EN300-31485,29.0,EUR,10,,CN(C)CCNN.Cl.Cl.Cl,2025-09-29,1,1,1,{'N-nucleophilic_aromatic_substitution'},{3395},{292577}
292179,CC(NN)C1CC1,DLMOTEMIMFOLKK-UHFFFAOYSA-N,1.0,50.0,112865,Enamine,EU stock,EN300-43718,215.0,EUR,2,,CC(NN)C1CC1.Cl.Cl,2025-09-29,1,1,1,{'N-nucleophilic_aromatic_substitution'},{3397},{292579}
292181,NNC1CCSC1,PFGFYXFWFXVFKK-UHFFFAOYSA-N,1.0,50.0,111146,Enamine,EU stock,EN300-212203,154.0,EUR,2,,Cl.Cl.NNC1CCSC1,2025-09-29,1,1,1,{'N-nucleophilic_aromatic_substitution'},{3399},{292581}
292182,NNc1nnc[nH]1,DRPVUJPATHTDNQ-UHFFFAOYSA-N,1.0,50.0,111115,Enamine,EU stock,EN300-103804,173.0,EUR,2,,NNc1nnc[nH]1,2025-09-29,1,1,1,{'N-nucleophilic_aromatic_substitution'},{3400},{292582}
292183,CC(CO)CNN,QEPRQRSTPJGGEB-UHFFFAOYSA-N,1.0,100.0,35557,Enamine,Global catalog,EN300-210972,367.0,EUR,10,,CC(CO)CNN.Cl.Cl,2025-09-29,1,1,1,{'N-nucleophilic_aromatic_substitution'},{3401},{292583}
292185,CCC(O)CNN,UIQGJTTVVCHBCQ-UHFFFAOYSA-N,1.0,50.0,139736,Enamine,EU stock,EN300-260585,34.0,EUR,2,,CCC(O)CNN.Cl.Cl,2025-09-29,1,1,1,{'N-nucleophilic_aromatic_substitution'},{3403},{292585}
292187,NNCC1CCC1,YTNZABLXXHNXQZ-UHFFFAOYSA-N,1.0,50.0,117196,Enamine,EU stock,EN300-1068236,69.0,EUR,2,,Cl.Cl.NNCC1CCC1,2025-09-29,1,1,1,{'N-nucleophilic_aromatic_substitution'},{3405},{292587}
292188,NNC1CCCC1,NXHFZUVHADJHDW-UHFFFAOYSA-N,1.0,100.0,44319,Enamine,Global catalog,EN300-34985,20.0,EUR,10,,Cl.Cl.NNC1CCCC1,2025-09-29,1,1,1,{'N-nucleophilic_aromatic_substitution'},{3406},{292588}
292189,CC1=NNC(=O)C1,NHLAPJMCARJFOG-UHFFFAOYSA-N,1.0,100.0,44277,Enamine,Global catalog,EN300-16236,18.0,EUR,10,,CC1=NNC(=O)C1,2025-09-29,1,1,1,{'N-nucleophilic_aromatic_substitution'},{3407},{292589}
292193,NNC1CCOC1,KUFLBKOBMGLOKO-UHFFFAOYSA-N,1.0,50.0,126534,Enamine,EU stock,EN300-112583,46.0,EUR,2,,Cl.Cl.NNC1CCOC1,2025-09-29,1,1,1,{'N-nucleophilic_aromatic_substitution'},{3411},{292593}
292194,CCOCCNN,WIXMPDLXXXOPCB-UHFFFAOYSA-N,1.0,50.0,112935,Enamine,EU stock,EN300-216066,26.0,EUR,2,,CCOCCNN.Cl.Cl,2025-09-29,1,1,1,{'N-nucleophilic_aromatic_substitution'},{3412},{292594}
292196,CC(NN)C(=O)O,LOVUSASSMLUWRR-UHFFFAOYSA-N,1.0,100.0,103490,Enamine,Global catalog,EN300-7587663,485.0,EUR,10,,C[C@H](NN)C(=O)O.Cl,2025-09-29,1,1,1,{'N-nucleophilic_aromatic_substitution'},{3414},{292596}
292197,NNc1nncs1,CEWUXDUVTNFIAU-UHFFFAOYSA-N,1.0,100.0,97488,Enamine,Global catalog,EN300-245160,320.0,EUR,10,,Cl.NNc1nncs1,2025-09-29,1,1,1,{'N-nucleophilic_aromatic_substitution'},{3415},{292597}
292198,NNc1ncns1,XVQMDTVSIUJVBU-UHFFFAOYSA-N,1.0,100.0,52381,Enamine,Global catalog,EN300-6473620,532.0,EUR,10,,Cl.Cl.NNc1ncns1,2025-09-29,1,1,1,{'N-nucleophilic_aromatic_substitution'},{3416},{292598}
292199,CC(C)(C)CNN,ADMTUGZFHLWYAU-UHFFFAOYSA-N,1.0,50.0,120897,Enamine,EU stock,EN300-29517,36.0,EUR,2,,CC(C)(C)CNN.Cl.Cl,2025-09-29,1,1,1,{'N-nucleophilic_aromatic_substitution'},{3417},{292599}
292201,CC1(NN)COC1,CCXSBNBPNSGUDE-UHFFFAOYSA-N,1.0,100.0,49493,Enamine,Global catalog,EN300-1818630,491.0,EUR,10,,CC1(NN)COC1,2025-09-29,1,1,1,{'N-nucleophilic_aromatic_substitution'},{3419},{292601}
292203,COCCCNN,RDBUAUMYKXLZHT-UHFFFAOYSA-N,1.0,50.0,117500,Enamine,EU stock,EN300-191301,20.0,EUR,2,,COCCCNN.Cl.Cl,2025-09-29,1,1,1,{'N-nucleophilic_aromatic_substitution'},{3421},{292603}
292204,NNCC1COC1,NUPZATPYMMGWBE-UHFFFAOYSA-N,1.0,100.0,102896,Enamine,Global catalog,EN300-52703310,316.0,EUR,10,,Cl.Cl.NNCC1COC1,2025-09-29,1,1,1,{'N-nucleophilic_aromatic_substitution'},{3422},{292604}
292205,NNc1cccs1,OJJOFKKOLNCPOX-UHFFFAOYSA-N,1.0,100.0,102623,Enamine,Global catalog,EN300-52516379,310.0,EUR,10,,Cl.Cl.NNc1cccs1,2025-09-29,1,1,1,{'N-nucleophilic_aromatic_substitution'},{3423},{292605}
292206,CCC(C)(C)NN,VJHLHGFTPAGQSG-UHFFFAOYSA-N,1.0,100.0,102518,Enamine,Global catalog,EN300-19458681,235.0,EUR,10,,CCC(C)(C)NN.Cl.Cl,2025-09-29,1,1,1,{'N-nucleophilic_aromatic_substitution'},{3424},{292606}
292208,CC1CC1CNN,PEMSSOFWUSHKLU-UHFFFAOYSA-N,1.0,100.0,97299,Enamine,Global catalog,EN300-54653,359.0,EUR,10,,CC1CC1CNN.Cl.Cl,2025-09-29,1,1,1,{'N-nucleophilic_aromatic_substitution'},{3426},{292608}
292209,C#CCCCNN,LUOANZVMTAIVNQ-UHFFFAOYSA-N,1.0,50.0,147319,Enamine,EU stock,EN300-28254446,187.0,EUR,2,,C#CCCCNN.Cl.Cl,2025-09-29,1,1,1,{'N-nucleophilic_aromatic_substitution'},{3427},{292609}
292211,CC(NN)C(F)F,DXUSOKJEQHAYBX-UHFFFAOYSA-N,1.0,50.0,146497,Enamine,EU stock,EN300-171707,208.0,EUR,2,,CC(NN)C(F)F.Cl,2025-09-29,1,1,1,{'N-nucleophilic_aromatic_substitution'},{3429},{292611}
292212,CN(CCN)N=O,NSFYTDPPMSBVAE-UHFFFAOYSA-N,1.0,100.0,76772,Enamine,Global catalog,EN300-27716264,683.0,EUR,10,,CN(CCN)N=O,2025-09-29,1,1,1,{'N-nucleophilic_aromatic_substitution'},{3430},{292612}
292214,CC(F)(F)CNN,VZSYEVOWFLOHLB-UHFFFAOYSA-N,1.0,50.0,127931,Enamine,EU stock,EN300-27146560,297.0,EUR,2,,CC(F)(F)CNN.Cl,2025-09-29,1,1,1,{'N-nucleophilic_aromatic_substitution'},{3432},{292614}
292218,CN1CCC(=O)N1,JKZWEWZMYSBQME-UHFFFAOYSA-N,1.0,50.0,124083,Enamine,EU stock,EN300-3432007,244.0,EUR,2,,CN1CCC(=O)N1,2025-09-29,1,1,1,{'N-nucleophilic_aromatic_substitution'},{3436},{292618}
285612,NNC1=NCCS1,ODJMVCUWUNEOTJ-UHFFFAOYSA-N,1.0,100.0,53953,Enamine,Global catalog,EN300-6482857,274.0,EUR,10,,Br.NNC1=NCCS1,2025-09-29,1,1,1,{'N-nucleophilic_aromatic_substitution'},{3437},{292619}
292219,CC(C)(O)CNN,ROEAMJDERQPMKO-UHFFFAOYSA-N,1.0,50.0,146318,Enamine,EU stock,EN300-313282,51.0,EUR,2,,CC(C)(O)CNN.Cl,2025-09-29,1,1,1,{'N-nucleophilic_aromatic_substitution'},{3438},{292620}
292222,CC1(NN)CCC1,OHJYIFXDABFGIU-UHFFFAOYSA-N,1.0,100.0,92535,Enamine,Global catalog,EN300-52118186,284.0,EUR,10,,CC1(NN)CCC1.Cl.Cl,2025-09-29,1,1,1,{'N-nucleophilic_aromatic_substitution'},{3441},{292623}
292223,NNC12CC(C1)C2,VYDXZSUSCGFJCQ-UHFFFAOYSA-N,1.0,50.0,145084,Enamine,EU stock,EN300-261457,106.0,EUR,2,,Cl.Cl.NNC12CC(C1)C2,2025-09-29,1,1,1,{'N-nucleophilic_aromatic_substitution'},{3442},{292624}
292224,CC1(C)CC1NN,KOLQGOKJDFVNJZ-UHFFFAOYSA-N,1.0,100.0,89042,Enamine,Global catalog,EN300-47309636,259.0,EUR,10,,CC1(C)CC1NN.Cl,2025-09-29,1,1,1,{'N-nucleophilic_aromatic_substitution'},{3443},{292625}
292225,NNC1CC1(F)F,ITFSRUKZEDCNOA-UHFFFAOYSA-N,1.0,100.0,88825,Enamine,Global catalog,EN300-46842040,354.0,EUR,10,,Cl.NNC1CC1(F)F,2025-09-29,1,1,1,{'N-nucleophilic_aromatic_substitution'},{3444},{292626}
292226,CCCC(C)NN,CSJBVJNWPQVWQP-UHFFFAOYSA-N,1.0,50.0,144532,Enamine,EU stock,EN300-46982032,107.0,EUR,2,,CCCC(C)NN.Cl,2025-09-29,1,1,1,{'N-nucleophilic_aromatic_substitution'},{3445},{292627}
292227,CC(C)(CO)NN,KITHURWPXVYOLJ-UHFFFAOYSA-N,1.0,50.0,142916,Enamine,EU stock,EN300-45613473,299.0,EUR,2,,CC(C)(CO)NN.Cl.Cl,2025-09-29,1,1,1,{'N-nucleophilic_aromatic_substitution'},{3446},{292628}
292228,NNCCC1CC1,QAOWYJVFRBBVHC-UHFFFAOYSA-N,1.0,50.0,142336,Enamine,EU stock,EN300-27717740,187.0,EUR,2,,Cl.Cl.NNCCC1CC1,2025-09-29,1,1,1,{'N-nucleophilic_aromatic_substitution'},{3447},{292629}
292229,CCC(CF)NN,ZZJZHILHJXQKTE-UHFFFAOYSA-N,1.0,50.0,142082,Enamine,EU stock,EN300-102191,307.0,EUR,2,,CCC(CF)NN.Cl.Cl,2025-09-29,1,1,1,{'N-nucleophilic_aromatic_substitution'},{3448},{292630}
292230,NNCCC(F)F,NADKQDQDFOKXNN-UHFFFAOYSA-N,1.0,50.0,141434,Enamine,EU stock,EN300-39873991,233.0,EUR,2,,Cl.Cl.NNCCC(F)F,2025-09-29,1,1,1,{'N-nucleophilic_aromatic_substitution'},{3449},{292631}
292232,CC(CC#N)NN,PSXXNWCPDFFHMI-UHFFFAOYSA-N,1.0,50.0,138782,Enamine,EU stock,EN300-56337,145.0,EUR,2,,CC(CC#N)NN,2025-09-29,1,1,1,{'N-nucleophilic_aromatic_substitution'},{3451},{292633}
292233,NNCCCCO,FQKGONKJQQBWKD-UHFFFAOYSA-N,1.0,100.0,77938,Enamine,Global catalog,EN300-155827,359.0,EUR,10,,NNCCCCO,2025-09-29,1,1,1,{'N-nucleophilic_aromatic_substitution'},{3452},{292634}
292235,CC1OCCC1NN,QXTUJEOXNISTCE-UHFFFAOYSA-N,1.0,50.0,147213,Enamine,EU stock,EN300-28339182,237.0,EUR,2,,CC1OCCC1NN.Cl,2025-09-29,1,1,1,{'N-nucleophilic_aromatic_substitution'},{3454},{292636}
292236,CC1(C)CC1CNN,ASKWYYCFXSFELX-UHFFFAOYSA-N,1.0,100.0,95556,Enamine,Global catalog,EN300-345875,387.0,EUR,10,,CC1(C)CC1CNN.Cl,2025-09-29,1,1,1,{'N-nucleophilic_aromatic_substitution'},{3455},{292637}
292237,Cn1nncc1NN,PCHXIPRKVGGGMW-UHFFFAOYSA-N,1.0,100.0,72648,Enamine,Global catalog,EN300-223555,339.0,EUR,10,,Cl.Cl.Cn1nncc1NN,2025-09-29,1,1,1,{'N-nucleophilic_aromatic_substitution'},{3456},{292638}
292238,CC1=NNC(=O)CC1,VOTFXESXPPEARL-UHFFFAOYSA-N,2.0,100.0,26583,Enamine,Global catalog,EN300-41077,18.0,EUR,10,,CC1=NNC(=O)CC1,2025-09-29,1,2,2,{'N-nucleophilic_aromatic_substitution'},"{3457, 3573}","{292755, 292639}"
292242,NNCC1CCOC1,QNSWVOXQANTIEO-UHFFFAOYSA-N,1.0,50.0,144290,Enamine,EU stock,EN300-60689,208.0,EUR,2,,Cl.Cl.NNCC1CCOC1,2025-09-29,1,1,1,{'N-nucleophilic_aromatic_substitution'},{3461},{292643}
292243,NNCC1CCCC1,JJTPAWVDTZOKNB-UHFFFAOYSA-N,1.0,50.0,106006,Enamine,EU stock,EN300-41680,86.0,EUR,2,,Cl.NNCC1CCCC1,2025-09-29,1,1,1,{'N-nucleophilic_aromatic_substitution'},{3462},{292644}
292244,NNCC1CCCO1,NHEFPUCRUDGNLK-UHFFFAOYSA-N,1.0,50.0,106204,Enamine,EU stock,EN300-54308,215.0,EUR,2,,Cl.Cl.NNCC1CCCO1,2025-09-29,1,1,1,{'N-nucleophilic_aromatic_substitution'},{3463},{292645}
292247,NNCCS(N)(=O)=O,MNCLHDDODHEKNX-UHFFFAOYSA-N,1.0,50.0,108068,Enamine,EU stock,EN300-78075,165.0,EUR,2,,NNCCS(N)(=O)=O,2025-09-29,1,1,1,{'N-nucleophilic_aromatic_substitution'},{3466},{292648}
292251,CC1CC(N)=NN1C,SZYPHRBTGRTOCZ-UHFFFAOYSA-N,1.0,50.0,108814,Enamine,EU stock,EN300-125010,171.0,EUR,2,,CC1CC(N)=NN1C.Cl,2025-09-29,1,1,1,{'N-nucleophilic_aromatic_substitution'},{3470},{292652}
292252,CS(=O)(=O)CCNN,ZSIMMITZFDMUQK-UHFFFAOYSA-N,1.0,50.0,109383,Enamine,EU stock,EN300-76287,171.0,EUR,2,,CS(=O)(=O)CCNN,2025-09-29,1,1,1,{'N-nucleophilic_aromatic_substitution'},{3471},{292653}
292256,Cn1cc(NN)cn1,ZOKGABPJDUBESW-UHFFFAOYSA-N,1.0,50.0,109998,Enamine,EU stock,EN300-170570,93.0,EUR,2,,Cl.Cl.Cn1cc(NN)cn1,2025-09-29,1,1,1,{'N-nucleophilic_aromatic_substitution'},{3475},{292657}
292257,NNCc1ccsc1,SZKUUAAXWSYRBF-UHFFFAOYSA-N,1.0,50.0,110028,Enamine,EU stock,EN300-174620,165.0,EUR,2,,Cl.Cl.NNCc1ccsc1,2025-09-29,1,1,1,{'N-nucleophilic_aromatic_substitution'},{3476},{292658}
292258,Cn1ccc(NN)n1,GCQKCJXOYJFHJA-UHFFFAOYSA-N,1.0,50.0,110057,Enamine,EU stock,EN300-175287,173.0,EUR,2,,Cl.Cl.Cn1ccc(NN)n1,2025-09-29,1,1,1,{'N-nucleophilic_aromatic_substitution'},{3477},{292659}
292259,CC(C)(O)CCNN,CPDGOTPXOYUCNO-UHFFFAOYSA-N,1.0,100.0,35256,Enamine,Global catalog,EN300-198775,326.0,EUR,10,,CC(C)(O)CCNN,2025-09-29,1,1,1,{'N-nucleophilic_aromatic_substitution'},{3478},{292660}
292260,CC(C)(CO)CNN,KIQPQSYPPJEETL-UHFFFAOYSA-N,1.0,50.0,110846,Enamine,EU stock,EN300-195577,215.0,EUR,2,,CC(C)(CO)CNN.Cl,2025-09-29,1,1,1,{'N-nucleophilic_aromatic_substitution'},{3479},{292661}
292262,CN(C)CCCNN,YUTKWFIHTBVNIE-UHFFFAOYSA-N,2.0,50.0,112152,Enamine,EU stock,EN300-210163,202.0,EUR,2,,CN(C)CCCNN.Cl.Cl,2025-09-29,1,2,2,{'N-nucleophilic_aromatic_substitution'},"{3481, 3564}","{292746, 292663}"
292263,NNCC1CCSC1,NLYGJSAPYWMARP-UHFFFAOYSA-N,1.0,50.0,111030,Enamine,EU stock,EN300-216443,260.0,EUR,2,,Cl.Cl.NNCC1CCSC1,2025-09-29,1,1,1,{'N-nucleophilic_aromatic_substitution'},{3482},{292664}
292264,NNc1ccncn1,QIEQDFYXVYQLLU-UHFFFAOYSA-N,2.0,50.0,111459,Enamine,EU stock,EN300-233354,40.0,EUR,2,,Cl.NNc1ccncn1,2025-09-29,1,2,2,{'N-nucleophilic_aromatic_substitution'},"{3483, 3565}","{292665, 292747}"
292265,CCC(CC)CNN,QGVQZJSYAIMPHI-UHFFFAOYSA-N,1.0,50.0,112299,Enamine,EU stock,EN300-152945,173.0,EUR,2,,CCC(CC)CNN.Cl.Cl,2025-09-29,1,1,1,{'N-nucleophilic_aromatic_substitution'},{3484},{292666}
292268,CC(C)(C)CCNN,DRWOEUQOFFPLQC-UHFFFAOYSA-N,1.0,50.0,109521,Enamine,EU stock,EN300-131364,187.0,EUR,2,,CC(C)(C)CCNN.Cl,2025-09-29,1,1,1,{'N-nucleophilic_aromatic_substitution'},{3487},{292669}
292269,NNC1CCCOC1,FHIXGYOFLLSVOG-UHFFFAOYSA-N,2.0,50.0,109905,Enamine,EU stock,EN300-156230,36.0,EUR,2,,Cl.Cl.NNC1CCCOC1,2025-09-29,1,2,2,{'N-nucleophilic_aromatic_substitution'},"{3488, 3566}","{292748, 292670}"
292270,CC(NN)C(F)(F)F,YPZSTBLQZNOTDH-UHFFFAOYSA-N,1.0,50.0,113797,Enamine,EU stock,EN300-260615,18.0,EUR,2,,CC(NN)C(F)(F)F.Cl,2025-09-29,1,1,1,{'N-nucleophilic_aromatic_substitution'},{3489},{292671}
292271,CC1(CNN)CCC1,FVGBGYJQUBTWQE-UHFFFAOYSA-N,2.0,50.0,113841,Enamine,EU stock,EN300-262829,255.0,EUR,2,,CC1(CNN)CCC1.Cl.Cl,2025-09-29,1,2,2,{'N-nucleophilic_aromatic_substitution'},"{3561, 3490}","{292672, 292743}"
292272,NNCc1cccs1,IGQWCEPFCGHPBS-UHFFFAOYSA-N,1.0,50.0,114422,Enamine,EU stock,EN300-225276,65.0,EUR,2,,Cl.NNCc1cccs1,2025-09-29,1,1,1,{'N-nucleophilic_aromatic_substitution'},{3491},{292673}
292273,Cn1cnnc1NN,GFXMEDWBAKFSLR-UHFFFAOYSA-N,1.0,50.0,114528,Enamine,EU stock,EN300-35986,195.0,EUR,2,,Cn1cnnc1NN.I,2025-09-29,1,1,1,{'N-nucleophilic_aromatic_substitution'},{3492},{292674}
292275,NNC1CCCSC1,ANJZJUPUJVJQDE-UHFFFAOYSA-N,2.0,50.0,115751,Enamine,EU stock,EN300-383863,227.0,EUR,2,,Cl.Cl.NNC1CCCSC1,2025-09-29,1,2,2,{'N-nucleophilic_aromatic_substitution'},"{3555, 3494}","{292737, 292676}"
292277,CN1N=C(N)CC1=O,XGKOIOPVLYCTRF-UHFFFAOYSA-N,1.0,50.0,117029,Enamine,EU stock,EN300-66359,82.0,EUR,2,,CN1N=C(N)CC1=O,2025-09-29,1,1,1,{'N-nucleophilic_aromatic_substitution'},{3496},{292678}
292278,NNC1COCC1O,JEMMBNSWLYSWEU-UHFFFAOYSA-N,2.0,100.0,44977,Enamine,Global catalog,EN300-1179962,292.0,EUR,10,,Cl.Cl.NN[C@@H]1COC[C@H]1O,2025-09-29,2,2,2,"{'N-nucleophilic_aromatic_substitution', 'Steglich_esterification'}","{3497, 19246}","{314397, 292679}"
292279,CC1CC(CNN)C1,AMXIVGCAFIVFSV-UHFFFAOYSA-N,1.0,50.0,117567,Enamine,EU stock,EN300-1073088,227.0,EUR,2,,CC1CC(CNN)C1.Cl,2025-09-29,1,1,1,{'N-nucleophilic_aromatic_substitution'},{3498},{292680}
292281,NNc1cccnn1,YTRGNBTVTHPFJM-UHFFFAOYSA-N,2.0,50.0,118629,Enamine,EU stock,EN300-81014,45.0,EUR,2,,Cl.NNc1cccnn1,2025-09-29,1,2,2,{'N-nucleophilic_aromatic_substitution'},"{3500, 3558}","{292682, 292740}"
292284,Cn1ncnc1NN,RVFCAVHVKKPYQO-UHFFFAOYSA-N,1.0,100.0,58362,Enamine,Global catalog,EN300-215786,481.0,EUR,10,,Cl.Cl.Cn1ncnc1NN,2025-09-29,1,1,1,{'N-nucleophilic_aromatic_substitution'},{3503},{292685}
292286,CNN1CCOCC1,BMYUOHROMQSSBD-UHFFFAOYSA-N,2.0,100.0,54009,Enamine,Global catalog,EN300-6494475,307.0,EUR,10,,CNN1CCOCC1.Cl,2025-09-29,1,2,2,{'N-nucleophilic_aromatic_substitution'},"{3505, 3551}","{292733, 292687}"
292289,NNc1ccnnc1,FUWNZKCZUSCQJE-UHFFFAOYSA-N,2.0,50.0,124582,Enamine,EU stock,EN300-7352088,206.0,EUR,2,,Cl.Cl.NNc1ccnnc1,2025-09-29,1,2,2,{'N-nucleophilic_aromatic_substitution'},"{3554, 3508}","{292736, 292690}"
292291,CC(C)C1CC=NN1,OJXKRLBPDXOUOV-UHFFFAOYSA-N,1.0,50.0,116555,Enamine,EU stock,EN300-685071,161.0,EUR,2,,CC(C)C1CC=NN1,2025-09-29,1,1,1,{'N-nucleophilic_aromatic_substitution'},{3510},{292692}
292293,NNCCC(F)(F)F,GIGKEJVFZCRVGL-UHFFFAOYSA-N,1.0,50.0,126347,Enamine,EU stock,EN300-191485,208.0,EUR,2,,Cl.Cl.NNCCC(F)(F)F,2025-09-29,1,1,1,{'N-nucleophilic_aromatic_substitution'},{3512},{292694}
292295,CC(CNN)C1CC1,ZCUIWJXVXGAXDD-UHFFFAOYSA-N,1.0,50.0,140542,Enamine,EU stock,EN300-6733915,233.0,EUR,2,,CC(CNN)C1CC1.Cl.Cl,2025-09-29,1,1,1,{'N-nucleophilic_aromatic_substitution'},{3514},{292696}
292296,NNC1CC(F)(F)C1,ZOTPREGTSIZXDV-UHFFFAOYSA-N,2.0,50.0,150923,Enamine,EU stock,EN300-22133854,215.0,EUR,2,,Cl.Cl.NNC1CC(F)(F)C1,2025-09-29,1,2,2,{'N-nucleophilic_aromatic_substitution'},"{3515, 3547}","{292697, 292729}"
292297,O=[N+]([O-])NCCCO,CWCFPUKKZBHJTM-UHFFFAOYSA-N,2.0,100.0,103847,Enamine,Global catalog,EN300-20987520,716.0,EUR,10,,O=[N+]([O-])NCCCO,2025-09-29,1,2,2,{'N-nucleophilic_aromatic_substitution'},"{3548, 3516}","{292698, 292730}"
292298,CC(CC(=O)O)NN,RHZXQCDIDDRORL-UHFFFAOYSA-N,2.0,50.0,134083,Enamine,EU stock,EN300-177808,193.0,EUR,2,,CC(CC(=O)O)NN.Cl.Cl,2025-09-29,1,2,2,{'N-nucleophilic_aromatic_substitution'},"{3549, 3517}","{292699, 292731}"
292299,Cc1ncc(NN)s1,ASYSHTDCRDOVOE-UHFFFAOYSA-N,1.0,100.0,71682,Enamine,Global catalog,EN300-27151210,435.0,EUR,10,,Cc1ncc(NN)s1.Cl.Cl,2025-09-29,1,1,1,{'N-nucleophilic_aromatic_substitution'},{3518},{292700}
292300,CC1CCC(NN)C1,IKMMUVYSVDIQEB-UHFFFAOYSA-N,2.0,50.0,135296,Enamine,EU stock,EN300-27114519,278.0,EUR,2,,CC1CCC(NN)C1.Cl.Cl,2025-09-29,1,2,2,{'N-nucleophilic_aromatic_substitution'},"{3540, 3519}","{292722, 292701}"
292301,NNCCCC(F)F,XNCYBBKPBNWGCP-UHFFFAOYSA-N,1.0,50.0,122600,Enamine,EU stock,EN300-7537174,292.0,EUR,2,,Cl.Cl.NNCCCC(F)F,2025-09-29,1,1,1,{'N-nucleophilic_aromatic_substitution'},{3520},{292702}
292302,CC(C)(NN)C(=O)O,OSQXEXBYIJCVCH-UHFFFAOYSA-N,1.0,50.0,122807,Enamine,EU stock,EN300-7606184,206.0,EUR,2,,CC(C)(NN)C(=O)O.Cl,2025-09-29,1,1,1,{'N-nucleophilic_aromatic_substitution'},{3521},{292703}
292305,CC(NN)C(C)(C)C,JEUGBKFEAUBUSL-UHFFFAOYSA-N,1.0,50.0,139441,Enamine,EU stock,EN300-260599,161.0,EUR,2,,CC(NN)C(C)(C)C.Cl.Cl,2025-09-29,1,1,1,{'N-nucleophilic_aromatic_substitution'},{3524},{292706}
292306,CC(C)OCCNN,XBFDOIATEVANMZ-UHFFFAOYSA-N,1.0,50.0,142102,Enamine,EU stock,EN300-126918,187.0,EUR,2,,CC(C)OCCNN.Cl.Cl,2025-09-29,1,1,1,{'N-nucleophilic_aromatic_substitution'},{3525},{292707}
292307,NNC1CS(=O)(=O)C1,QDQOSDVXHDKDLT-UHFFFAOYSA-N,2.0,100.0,89637,Enamine,Global catalog,EN300-27100572,491.0,EUR,10,,Cl.NNC1CS(=O)(=O)C1,2025-09-29,1,2,2,{'N-nucleophilic_aromatic_substitution'},"{3542, 3526}","{292724, 292708}"
292308,CC(NN)C1CCC1,KZRSHKZXTUTAMU-UHFFFAOYSA-N,2.0,50.0,145145,Enamine,EU stock,EN300-27716774,173.0,EUR,2,,CC(NN)C1CCC1.Cl.Cl,2025-09-29,1,2,2,{'N-nucleophilic_aromatic_substitution'},"{3543, 3527}","{292709, 292725}"
292309,CC1(NN)CCCC1,GCDAIRMFFWKNES-UHFFFAOYSA-N,2.0,100.0,91534,Enamine,Global catalog,EN300-51812460,284.0,EUR,10,,CC1(NN)CCCC1.Cl.Cl,2025-09-29,1,2,2,{'N-nucleophilic_aromatic_substitution'},"{3528, 3544}","{292726, 292710}"
292310,CC(NN)C1(C)CC1,HWITXVIIBYXESK-UHFFFAOYSA-N,1.0,50.0,146855,Enamine,EU stock,EN300-27707015,237.0,EUR,2,,CC(NN)C1(C)CC1.Cl,2025-09-29,1,1,1,{'N-nucleophilic_aromatic_substitution'},{3529},{292711}
292311,Cc1nsc(NN)n1,XTMSUZWMADSAPP-UHFFFAOYSA-N,1.0,100.0,82952,Enamine,Global catalog,EN300-44832721,316.0,EUR,10,,Cc1nsc(NN)n1.Cl.Cl,2025-09-29,1,1,1,{'N-nucleophilic_aromatic_substitution'},{3530},{292712}
292314,CCC(NN)C(=O)O,AJYLWDRNNNHBEV-UHFFFAOYSA-N,1.0,50.0,126174,Enamine,EU stock,EN300-220200,202.0,EUR,2,,CCC(NN)C(=O)O,2025-09-29,1,1,1,{'N-nucleophilic_aromatic_substitution'},{3533},{292715}
292168,C1CN2CCC1N2,OLQNNQUNPCTRNY-UHFFFAOYSA-N,1.0,100.0,28004,Enamine,Global catalog,EN300-42568,325.0,EUR,10,,C1CN2CCC1N2.Cl.Cl,2025-09-29,1,1,1,{'N-nucleophilic_aromatic_substitution'},{3534},{292716}
292525,COC(=O)c1cc(C(F)(F)F)ncc1Br,AQNNNSGGBWAUQD-UHFFFAOYSA-N,62.0,100.0,102434,Enamine,Global catalog,EN300-3376091,20.0,EUR,10,,COC(=O)c1cc(C(F)(F)F)ncc1Br,2025-09-29,1,62,62,{'N-nucleophilic_aromatic_substitution'},"{3840, 3843, 3845, 3847, 3852, 3854, 3798, 3802, 3808, 3646, 3647, 3648, 3653, 3781, 3782, 3783, 3785, 3911, 3831, 3660, 3661, 3534, 3791, 3792, 3665, 3832, 3540, 3542, 3543, 3544, 3672, 3674, 3547, 3548, 3549, 3550, 3551, 3552, 3676, 3554, 3555, 3682, 3557, 3558, 3686, 3687, 3561, 3562, 3563, 3564, 3565, 3566, 3689, 3810, 3821, 3570, 3571, 3699, 3573, 3702, 3823, 3827}","{292736, 292737, 292864, 292739, 292740, 292868, 292869, 292743, 292744, 292745, 292746, 292747, 292748, 292871, 292980, 293003, 292752, 292753, 292881, 292755, 292884, 293005, 293009, 293013, 293014, 292984, 293022, 293025, 292858, 293027, 293029, 293034, 293036, 292990, 292992, 292828, 292829, 292830, 292835, 292963, 292964, 292965, 292967, 293093, 292842, 292843, 292716, 292973, 292974, 292847, 292722, 292724, 292725, 292726, 292854, 292856, 292729, 292730, 292731, 292732, 292733, 292734}"
292315,COC(C)(C)CCNN,QTSIHYHBUZTDPN-UHFFFAOYSA-N,1.0,50.0,126655,Enamine,EU stock,EN300-7437707,193.0,EUR,2,,COC(C)(C)CCNN.Cl.Cl,2025-09-29,1,1,1,{'N-nucleophilic_aromatic_substitution'},{3535},{292717}
292316,Cc1nnc(NN)n1C,QSWDZGGHPKUVSQ-UHFFFAOYSA-N,2.0,50.0,126773,Enamine,EU stock,EN300-312264,218.0,EUR,2,,Cc1nnc(NN)n1C.Cl,2025-09-29,1,2,2,{'N-nucleophilic_aromatic_substitution'},"{3536, 3646}","{292828, 292718}"
292317,NNCC1CC(F)(F)C1,WAPWAGBIFQXFOZ-UHFFFAOYSA-N,1.0,50.0,127981,Enamine,EU stock,EN300-19496873,187.0,EUR,2,,Cl.Cl.NNCC1CC(F)(F)C1,2025-09-29,1,1,1,{'N-nucleophilic_aromatic_substitution'},{3537},{292719}
292318,CCOC(=O)C(C)NN,BKHSRJMDBZAYJW-UHFFFAOYSA-N,2.0,50.0,128139,Enamine,EU stock,EN300-7636032,161.0,EUR,2,,CCOC(=O)C(C)NN.Cl,2025-09-29,1,2,2,{'N-nucleophilic_aromatic_substitution'},"{3538, 3647}","{292720, 292829}"
292319,c1cn2c(n1)CCCN2,XNOZFYMYPHZPLO-UHFFFAOYSA-N,2.0,50.0,132683,Enamine,EU stock,EN300-6496556,69.0,EUR,2,,c1cn2c(n1)CCCN2,2025-09-29,1,2,2,{'N-nucleophilic_aromatic_substitution'},"{3648, 3539}","{292721, 292830}"
292282,CCOC(=O)CNN,GETVBTMFGVOGRW-UHFFFAOYSA-N,1.0,100.0,48015,Enamine,Global catalog,EN300-304888,18.0,EUR,10,,CCOC(=O)CNN.Cl.Cl,2025-09-29,1,1,1,{'N-nucleophilic_aromatic_substitution'},{3550},{292732}
292287,CNN1CCCCC1,IGCVAKMLNISJHR-UHFFFAOYSA-N,1.0,100.0,54030,Enamine,Global catalog,EN300-6494826,307.0,EUR,10,,CNN1CCCCC1.Cl,2025-09-29,1,1,1,{'N-nucleophilic_aromatic_substitution'},{3552},{292734}
292280,NNC1CCOCC1,CMXVPHSHKFQSHM-UHFFFAOYSA-N,1.0,100.0,46391,Enamine,Global catalog,EN300-106393,18.0,EUR,10,,Cl.NNC1CCOCC1,2025-09-29,1,1,1,{'N-nucleophilic_aromatic_substitution'},{3557},{292739}
292274,NNC1CCSCC1,WACNPOBRYRXJPJ-UHFFFAOYSA-N,1.0,50.0,115548,Enamine,EU stock,EN300-373765,161.0,EUR,2,,Cl.NNC1CCSCC1,2025-09-29,1,1,1,{'N-nucleophilic_aromatic_substitution'},{3562},{292744}
292276,NNc1cncnc1,UDRZDBRVMIZOAS-UHFFFAOYSA-N,1.0,50.0,110910,Enamine,EU stock,EN300-206338,262.0,EUR,2,,Cl.Cl.NNc1cncnc1,2025-09-29,1,1,1,{'N-nucleophilic_aromatic_substitution'},{3563},{292745}
292253,NNc1cnccn1,IVRLZJDPKUSDCF-UHFFFAOYSA-N,1.0,100.0,27395,Enamine,Global catalog,EN300-30894,18.0,EUR,10,,NNc1cnccn1,2025-09-29,1,1,1,{'N-nucleophilic_aromatic_substitution'},{3570},{292752}
292254,NNc1ncccn1,QDGHXQFTWKRQTG-UHFFFAOYSA-N,1.0,100.0,27416,Enamine,Global catalog,EN300-30892,18.0,EUR,10,,NNc1ncccn1,2025-09-29,1,1,1,{'N-nucleophilic_aromatic_substitution'},{3571},{292753}
292320,Cc1ccccc1NN,SCZGZDLUGUYLRV-UHFFFAOYSA-N,1.0,100.0,26359,Enamine,Global catalog,EN300-08027,18.0,EUR,10,,Cc1ccccc1NN.Cl,2025-09-29,1,1,1,{'N-nucleophilic_aromatic_substitution'},{3575},{292757}
292323,Cc1cc(NN)ncn1,QZWHXGZANIHORL-UHFFFAOYSA-N,2.0,50.0,106317,Enamine,EU stock,EN300-59247,84.0,EUR,2,,Cc1cc(NN)ncn1,2025-09-29,1,2,2,{'N-nucleophilic_aromatic_substitution'},"{3578, 3702}","{292760, 292884}"
292325,NNC1CCCCCC1,NZBWCDZDVBWHOD-UHFFFAOYSA-N,2.0,50.0,106475,Enamine,EU stock,EN300-69138,63.0,EUR,2,,Cl.Cl.NNC1CCCCCC1,2025-09-29,1,2,2,{'N-nucleophilic_aromatic_substitution'},"{3699, 3580}","{292881, 292762}"
292327,CCS(=O)(=O)CCNN,OKYDESGOYKXLBI-UHFFFAOYSA-N,1.0,100.0,29691,Enamine,Global catalog,EN300-78608,193.0,EUR,10,,CCS(=O)(=O)CCNN.Cl,2025-09-29,1,1,1,{'N-nucleophilic_aromatic_substitution'},{3582},{292764}
292334,NNCC(O)C(F)(F)F,ZFRGALNQTKHBTE-UHFFFAOYSA-N,1.0,50.0,110196,Enamine,EU stock,EN300-178830,215.0,EUR,2,,Cl.NNCC(O)C(F)(F)F,2025-09-29,1,1,1,{'N-nucleophilic_aromatic_substitution'},{3589},{292771}
292335,COC(=O)C(C)(C)NN,KKGWWQLUQJGRJQ-UHFFFAOYSA-N,1.0,100.0,103651,Enamine,Global catalog,EN300-52807962,284.0,EUR,10,,COC(=O)C(C)(C)NN.Cl.Cl,2025-09-29,1,1,1,{'N-nucleophilic_aromatic_substitution'},{3590},{292772}
292336,Cc1nccc(NN)n1,KNVSBPFSYSUJOT-UHFFFAOYSA-N,2.0,100.0,103931,Enamine,Global catalog,EN300-274423,167.0,EUR,10,,Cc1nccc(NN)n1,2025-09-29,1,2,2,{'N-nucleophilic_aromatic_substitution'},"{3687, 3591}","{292869, 292773}"
292338,CN1N=C(CN)CC1=O,WHYARFURQHZIJX-UHFFFAOYSA-N,2.0,50.0,110537,Enamine,EU stock,EN300-194293,171.0,EUR,2,,CN1N=C(CN)CC1=O.Cl.Cl,2025-09-29,1,2,2,{'N-nucleophilic_aromatic_substitution'},"{3593, 3689}","{292871, 292775}"
292342,CC(C)(C)OCCNN,ZVBWMJSGZRDBRB-UHFFFAOYSA-N,1.0,100.0,102049,Enamine,Global catalog,EN300-52559538,255.0,EUR,10,,CC(C)(C)OCCNN.Cl.Cl,2025-09-29,1,1,1,{'N-nucleophilic_aromatic_substitution'},{3597},{292779}
292344,CC1CC(NN)CCO1,VHELWFQUSZKTRS-UHFFFAOYSA-N,2.0,50.0,126339,Enamine,EU stock,EN300-128626,208.0,EUR,2,,CC1CC(NN)CCO1.Cl,2025-09-29,1,2,2,{'N-nucleophilic_aromatic_substitution'},"{3682, 3599}","{292864, 292781}"
292348,Cc1ccnc(NN)n1,WUKBRNKMQNEPAW-UHFFFAOYSA-N,2.0,100.0,103462,Enamine,Global catalog,EN300-274926,52.0,EUR,10,,Cc1ccnc(NN)n1,2025-09-29,1,2,2,{'N-nucleophilic_aromatic_substitution'},"{3603, 3686}","{292785, 292868}"
292350,CCCC1=NNC(=O)C1,GVUNLYBSNQOHBD-UHFFFAOYSA-N,1.0,100.0,40465,Enamine,Global catalog,EN300-306366,18.0,EUR,10,,CCCC1=NNC(=O)C1,2025-09-29,1,1,1,{'N-nucleophilic_aromatic_substitution'},{3605},{292787}
292352,NNCC(F)(F)C(F)F,LBFJSIPTXQXDFA-UHFFFAOYSA-N,1.0,100.0,101335,Enamine,Global catalog,EN300-45792431,320.0,EUR,10,,Cl.NNCC(F)(F)C(F)F,2025-09-29,1,1,1,{'N-nucleophilic_aromatic_substitution'},{3607},{292789}
292353,CC1(NN)CCOCC1,NAQZKNVHVRJOQY-UHFFFAOYSA-N,1.0,100.0,92346,Enamine,Global catalog,EN300-52219390,284.0,EUR,10,,CC1(NN)CCOCC1.Cl.Cl,2025-09-29,1,1,1,{'N-nucleophilic_aromatic_substitution'},{3608},{292790}
292354,CC1CCCCC1NN,HGUXYOWDRGZHTL-UHFFFAOYSA-N,1.0,50.0,146819,Enamine,EU stock,EN300-55901,240.0,EUR,2,,CC1CCCCC1NN.Cl.Cl,2025-09-29,1,1,1,{'N-nucleophilic_aromatic_substitution'},{3609},{292791}
292355,COCC(COC)NN,YVOKTSKDMGRSQP-UHFFFAOYSA-N,2.0,50.0,114797,Enamine,EU stock,EN300-321786,218.0,EUR,2,,COCC(COC)NN.Cl.Cl,2025-09-29,1,2,2,{'N-nucleophilic_aromatic_substitution'},"{3610, 3676}","{292792, 292858}"
17552,COCC1=NNC(=O)C1,AKVFWXLMAORXGT-UHFFFAOYSA-N,2.0,50.0,116573,Enamine,EU stock,EN300-719617,38.0,EUR,2,,COCC1=NNC(=O)C1,2025-09-29,1,2,2,{'N-nucleophilic_aromatic_substitution'},"{3616, 3672}","{292854, 292798}"
292362,NNC1CC2CCC1C2,LVNOTBRXUIUZQB-UHFFFAOYSA-N,2.0,50.0,145079,Enamine,EU stock,EN300-124597,218.0,EUR,2,,Cl.Cl.NNC1CC2CCC1C2,2025-09-29,1,2,2,{'N-nucleophilic_aromatic_substitution'},"{3618, 3674}","{292800, 292856}"
292377,NNC(=O)c1cscn1,PZCUPAZNRMQILK-UHFFFAOYSA-N,2.0,50.0,137438,Enamine,EU stock,EN300-1254731,18.0,EUR,2,,NNC(=O)c1cscn1,2025-09-29,1,2,2,{'N-nucleophilic_aromatic_substitution'},"{3634, 3783}","{292816, 292965}"
292379,CCC(F)(F)CCNN,RHLARLFROLASCS-UHFFFAOYSA-N,1.0,50.0,137733,Enamine,EU stock,EN300-28265962,268.0,EUR,2,,CCC(F)(F)CCNN.Cl.Cl,2025-09-29,1,1,1,{'N-nucleophilic_aromatic_substitution'},{3636},{292818}
292381,Cc1nnc(NN)n1N,ZUTCYQLYMTYUAJ-UHFFFAOYSA-N,2.0,100.0,54016,Enamine,Global catalog,EN300-6494639,43.0,EUR,10,,Cc1nnc(NN)n1N.Cl.Cl,2025-09-29,1,2,2,{'N-nucleophilic_aromatic_substitution'},"{3653, 3638}","{292835, 292820}"
292382,O=C1NN2CCC1CC2,NDZACTZHUWMHTA-UHFFFAOYSA-N,1.0,50.0,137739,Enamine,EU stock,EN300-7633925,297.0,EUR,2,,O=C1NN2CCC1CC2,2025-09-29,1,1,1,{'N-nucleophilic_aromatic_substitution'},{3639},{292821}
292385,Cc1cncc(NN)n1,AATYMXZXBKVLJW-UHFFFAOYSA-N,2.0,50.0,137158,Enamine,EU stock,EN300-276292,97.0,EUR,2,,Cc1cncc(NN)n1,2025-09-29,1,2,2,{'N-nucleophilic_aromatic_substitution'},"{3642, 3782}","{292824, 292964}"
292387,Cc1nsc(C(=O)NN)n1,UJQISHJANPSPTN-UHFFFAOYSA-N,1.0,100.0,78442,Enamine,Global catalog,EN300-265206,88.0,EUR,10,,Cc1nsc(C(=O)NN)n1,2025-09-29,1,1,1,{'N-nucleophilic_aromatic_substitution'},{3645},{292827}
292376,NNc1nncc(=O)[nH]1,VZVCIMDPWUKXBT-UHFFFAOYSA-N,1.0,100.0,79969,Enamine,Global catalog,EN300-104373,284.0,EUR,10,,NNc1nncc(=O)[nH]1,2025-09-29,1,1,1,{'N-nucleophilic_aromatic_substitution'},{3660},{292842}
292363,CSC1=NNC(=O)CS1,KABZVQIVDWLIQU-UHFFFAOYSA-N,1.0,100.0,80109,Enamine,Global catalog,EN300-156421,144.0,EUR,10,,CSC1=NNC(=O)CS1,2025-09-29,1,1,1,{'N-nucleophilic_aromatic_substitution'},{3661},{292843}
292368,NNC(=O)c1nccs1,OPJYIWMGTSMLKB-UHFFFAOYSA-N,1.0,50.0,119041,Enamine,EU stock,EN300-306584,44.0,EUR,2,,NNC(=O)c1nccs1,2025-09-29,1,1,1,{'N-nucleophilic_aromatic_substitution'},{3665},{292847}
292395,COC(C)(C)CC(C)NN,PQEUWPCHQMIBJB-UHFFFAOYSA-N,2.0,100.0,28025,Enamine,Global catalog,EN300-43717,310.0,EUR,10,,COC(C)(C)CC(C)NN.Cl.Cl,2025-09-29,1,2,2,{'N-nucleophilic_aromatic_substitution'},"{3852, 3709}","{293034, 292891}"
292403,CC1(C)CC(NN)CCO1,VTCCPSOLRMNQKC-UHFFFAOYSA-N,2.0,50.0,109934,Enamine,EU stock,EN300-157280,221.0,EUR,2,,CC1(C)CC(NN)CCO1.Cl.Cl,2025-09-29,1,2,2,{'N-nucleophilic_aromatic_substitution'},"{3843, 3717}","{293025, 292899}"
292406,CC(NN)c1cnn(C)c1,DHSZLCWKBUWQIU-UHFFFAOYSA-N,2.0,100.0,32197,Enamine,Global catalog,EN300-126227,292.0,EUR,10,,CC(NN)c1cnn(C)c1.Cl.Cl.Cl,2025-09-29,1,2,2,{'N-nucleophilic_aromatic_substitution'},"{3720, 3845}","{293027, 292902}"
292412,CSc1cc(NN)ncn1,RVJXEDCPFDONLT-UHFFFAOYSA-N,2.0,50.0,110447,Enamine,EU stock,EN300-189313,216.0,EUR,2,,CSc1cc(NN)ncn1,2025-09-29,1,2,2,{'N-nucleophilic_aromatic_substitution'},"{3840, 3726}","{292908, 293022}"
292414,Cc1ncsc1C(=O)NN,AZRMUFUNXPTTHF-UHFFFAOYSA-N,1.0,50.0,112524,Enamine,EU stock,EN300-69800,84.0,EUR,2,,Cc1ncsc1C(=O)NN,2025-09-29,1,1,1,{'N-nucleophilic_aromatic_substitution'},{3728},{292910}
292419,CCCCCCC(C)NN,FODQIVGFADUBKE-UHFFFAOYSA-N,2.0,50.0,113189,Enamine,EU stock,EN300-96094,171.0,EUR,2,,CCCCCCC(C)NN.Cl.Cl,2025-09-29,1,2,2,{'N-nucleophilic_aromatic_substitution'},"{3733, 3831}","{292915, 293013}"
292420,Cc1cc(NN)cc(C)n1,TWGPPTZEAGTBRS-UHFFFAOYSA-N,1.0,50.0,115554,Enamine,EU stock,EN300-275889,121.0,EUR,2,,Cc1cc(NN)cc(C)n1,2025-09-29,1,1,1,{'N-nucleophilic_aromatic_substitution'},{3734},{292916}
292421,NNC1CCCS(=O)(=O)C1,CVWGZANPSPIYCW-UHFFFAOYSA-N,2.0,50.0,114669,Enamine,EU stock,EN300-311043,237.0,EUR,2,,Cl.Cl.NNC1CCCS(=O)(=O)C1,2025-09-29,1,2,2,{'N-nucleophilic_aromatic_substitution'},"{3827, 3735}","{293009, 292917}"
292423,CC1CC(NN)CC(C)O1,DLFCZAKVGZBUCX-UHFFFAOYSA-N,2.0,50.0,116461,Enamine,EU stock,EN300-702479,224.0,EUR,2,,CC1CC(NN)CC(C)O1.Cl.Cl,2025-09-29,1,2,2,{'N-nucleophilic_aromatic_substitution'},"{3737, 3823}","{293005, 292919}"
292427,CC(NN)C1CCOCC1,ZKKYTBLLANDRGK-UHFFFAOYSA-N,2.0,50.0,117405,Enamine,EU stock,EN300-1091706,227.0,EUR,2,,CC(NN)C1CCOCC1.Cl.Cl,2025-09-29,1,2,2,{'N-nucleophilic_aromatic_substitution'},"{3821, 3741}","{292923, 293003}"
292435,NNCC(F)(F)C(F)(F)F,NOKVIJPDSXCHCQ-UHFFFAOYSA-N,1.0,50.0,149268,Enamine,EU stock,EN300-71302,240.0,EUR,2,,Cl.Cl.NNCC(F)(F)C(F)(F)F,2025-09-29,1,1,1,{'N-nucleophilic_aromatic_substitution'},{3749},{292931}
292439,Cc1ncc(C(=O)NN)s1,ASGDXBJEPCKVFO-UHFFFAOYSA-N,1.0,100.0,78330,Enamine,Global catalog,EN300-39849294,330.0,EUR,10,,Cc1ncc(C(=O)NN)s1.Cl.Cl,2025-09-29,1,1,1,{'N-nucleophilic_aromatic_substitution'},{3753},{292935}
292441,CC(C)(C)OC(=O)CNN,MUVFAXOIULDHFV-UHFFFAOYSA-N,1.0,50.0,149784,Enamine,EU stock,EN300-275929,84.0,EUR,2,,CC(C)(C)OC(=O)CNN,2025-09-29,1,1,1,{'N-nucleophilic_aromatic_substitution'},{3755},{292937}
292444,Cc1nc(C#N)c(NN)o1,KTYJFUFFTAJDKX-UHFFFAOYSA-N,2.0,50.0,145706,Enamine,EU stock,EN300-51680,51.0,EUR,2,,Cc1nc(C#N)c(NN)o1,2025-09-29,1,2,2,{'N-nucleophilic_aromatic_substitution'},"{3808, 3758}","{292940, 292990}"
292447,NNc1cc(=O)[nH]c(=O)[nH]1,ZHNIRIANAAPGDH-UHFFFAOYSA-N,1.0,50.0,123889,Enamine,EU stock,EN300-6481083,18.0,EUR,2,,NNc1cc(=O)[nH]c(=O)[nH]1,2025-09-29,1,1,1,{'N-nucleophilic_aromatic_substitution'},{3761},{292943}
292451,CN(C)C=C1C=NNC1=O,DKNARJWAYOXLPT-UHFFFAOYSA-N,2.0,100.0,90134,Enamine,Global catalog,EN300-23521824,101.0,EUR,10,,CN(C)C=C1C=NNC1=O,2025-09-29,1,2,2,{'N-nucleophilic_aromatic_substitution'},"{3802, 3765}","{292984, 292947}"
292455,N#Cc1cnc(NN)cn1,ICKXCNGRELVRGM-UHFFFAOYSA-N,2.0,100.0,55626,Enamine,Global catalog,EN300-276753,307.0,EUR,10,,N#Cc1cnc(NN)cn1,2025-09-29,1,2,2,{'N-nucleophilic_aromatic_substitution'},"{3769, 3798}","{292980, 292951}"
292457,O=C(O)CC1C=NNC1=O,JLBGZJWFAJNLNY-UHFFFAOYSA-N,2.0,50.0,127265,Enamine,EU stock,EN300-3104458,34.0,EUR,2,,O=C(O)CC1C=NNC1=O,2025-09-29,1,2,2,{'N-nucleophilic_aromatic_substitution'},"{3792, 3771}","{292953, 292974}"
292459,CC(C)(CNN)S(C)(=O)=O,UAQUJSQWSFZUQD-UHFFFAOYSA-N,1.0,100.0,83771,Enamine,Global catalog,EN300-142584,387.0,EUR,10,,CC(C)(CNN)S(C)(=O)=O.Cl,2025-09-29,1,1,1,{'N-nucleophilic_aromatic_substitution'},{3773},{292955}
292462,N#Cc1cnc(NN)nc1,ZMPBWIQKNOTOTR-UHFFFAOYSA-N,1.0,100.0,82714,Enamine,Global catalog,EN300-94255,230.0,EUR,10,,N#Cc1cnc(NN)nc1,2025-09-29,1,1,1,{'N-nucleophilic_aromatic_substitution'},{3776},{292958}
292384,c1nnc2n1NCCC2,LMRUYPDUZUTABP-UHFFFAOYSA-N,1.0,50.0,125121,Enamine,EU stock,EN300-7430042,165.0,EUR,2,,c1nnc2n1NCCC2,2025-09-29,1,1,1,{'N-nucleophilic_aromatic_substitution'},{3781},{292963}
292467,CCOC(=O)C(CC)NN,TVFZJGQTXWKRQX-UHFFFAOYSA-N,2.0,100.0,76268,Enamine,Global catalog,EN300-28266047,284.0,EUR,10,,CCOC(=O)C(CC)NN.Cl,2025-09-29,1,2,2,{'N-nucleophilic_aromatic_substitution'},"{3784, 3785}","{292966, 292967}"
292465,COc1nccnc1NN,NWJRKRZUAOLPMO-UHFFFAOYSA-N,1.0,50.0,140623,Enamine,EU stock,EN300-136891,30.0,EUR,2,,COc1nccnc1NN,2025-09-29,1,1,1,{'N-nucleophilic_aromatic_substitution'},{3791},{292973}
292438,N#Cc1cc(NN)ncn1,IOWHEIZJZIRSCC-UHFFFAOYSA-N,1.0,100.0,51460,Enamine,Global catalog,EN300-7492309,444.0,EUR,10,,Cl.N#Cc1cc(NN)ncn1,2025-09-29,1,1,1,{'N-nucleophilic_aromatic_substitution'},{3810},{292992}
292468,Cc1cc(C)cc(NN)c1,VKYOURQWEVCZSX-UHFFFAOYSA-N,1.0,100.0,36803,Enamine,Global catalog,EN300-07656,18.0,EUR,10,,Cc1cc(C)cc(NN)c1.Cl,2025-09-29,1,1,1,{'N-nucleophilic_aromatic_substitution'},{3832},{293014}
292402,Cc1cc(NN)nc(C)n1,HVAYIAWJHRUOBC-UHFFFAOYSA-N,1.0,50.0,108362,Enamine,EU stock,EN300-36015,21.0,EUR,2,,Cc1cc(NN)nc(C)n1,2025-09-29,1,1,1,{'N-nucleophilic_aromatic_substitution'},{3847},{293029}
292469,NNCCN1CCCCC1,NGBWMHAGQMAIMH-UHFFFAOYSA-N,1.0,50.0,118867,Enamine,EU stock,EN300-39569,23.0,EUR,2,,Cl.Cl.NNCCN1CCCCC1,2025-09-29,1,1,1,{'N-nucleophilic_aromatic_substitution'},{3854},{293036}
292481,CSc1nsc(NN)c1C#N,VQDNWMDSJXFFHF-UHFFFAOYSA-N,1.0,100.0,36292,Enamine,Global catalog,EN300-228285,99.0,EUR,10,,CSc1nsc(NN)c1C#N,2025-09-29,1,1,1,{'N-nucleophilic_aromatic_substitution'},{3868},{293050}
292492,CC(NN)C(=O)OC(C)(C)C,WBAXLNYVQXQRFH-UHFFFAOYSA-N,1.0,100.0,41841,Enamine,Global catalog,EN300-343251,108.0,EUR,10,,CC(NN)C(=O)OC(C)(C)C,2025-09-29,1,1,1,{'N-nucleophilic_aromatic_substitution'},{3879},{293061}
292496,O=C1CC(c2cccs2)=NN1,GFBRBQIACOYUGZ-UHFFFAOYSA-N,1.0,50.0,119749,Enamine,EU stock,EN300-1236591,63.0,EUR,2,,O=C1CC(c2cccs2)=NN1,2025-09-29,1,1,1,{'N-nucleophilic_aromatic_substitution'},{3883},{293065}
292497,Cc1nc(NN)[nH]c(=O)c1C,WEEFTXRIKBLVTD-UHFFFAOYSA-N,1.0,50.0,119797,Enamine,EU stock,EN300-152959,161.0,EUR,2,,Cc1nc(NN)[nH]c(=O)c1C,2025-09-29,1,1,1,{'N-nucleophilic_aromatic_substitution'},{3884},{293066}
292502,CSc1ccc(CNN)cc1,BOEOTSIOHJVDKI-UHFFFAOYSA-N,1.0,50.0,134831,Enamine,EU stock,EN300-27151537,24.0,EUR,2,,CSc1ccc(CNN)cc1.Cl.Cl,2025-09-29,1,1,1,{'N-nucleophilic_aromatic_substitution'},{3889},{293071}
292503,CCOC(=O)C1(NN)CCC1,SQEPRLXLGOFSBV-UHFFFAOYSA-N,1.0,50.0,135245,Enamine,EU stock,EN300-27685744,161.0,EUR,2,,CCOC(=O)C1(NN)CCC1.Cl,2025-09-29,1,1,1,{'N-nucleophilic_aromatic_substitution'},{3890},{293072}
292504,Cc1cc(CO)nc(NN)n1,HSASNXDQWHWFJX-UHFFFAOYSA-N,1.0,50.0,125662,Enamine,EU stock,EN300-6875999,165.0,EUR,2,,Cc1cc(CO)nc(NN)n1,2025-09-29,1,1,1,{'N-nucleophilic_aromatic_substitution'},{3891},{293073}
292505,COc1ccc(NN)cc1C,FWBWEVGBJUMOOX-UHFFFAOYSA-N,1.0,50.0,127678,Enamine,EU stock,EN300-7817358,26.0,EUR,2,,COc1ccc(NN)cc1C.Cl,2025-09-29,1,1,1,{'N-nucleophilic_aromatic_substitution'},{3892},{293074}
292508,Cc1nn(C)c(NN)c1C#N,SOGSYUXUELJLBY-UHFFFAOYSA-N,1.0,50.0,135303,Enamine,EU stock,EN300-1605510,299.0,EUR,2,,Cc1nn(C)c(NN)c1C#N,2025-09-29,1,1,1,{'N-nucleophilic_aromatic_substitution'},{3895},{293077}
292510,CC1=NNC(=O)C1CC(=O)O,NFGYDEGDXANEHY-UHFFFAOYSA-N,1.0,50.0,139523,Enamine,EU stock,EN300-237586,36.0,EUR,2,,CC1=NNC(=O)C1CC(=O)O,2025-09-29,1,1,1,{'N-nucleophilic_aromatic_substitution'},{3897},{293079}
292512,CC1=NNC(=O)C1CC(C)O,FCLSMJBKGYMRDK-UHFFFAOYSA-N,1.0,50.0,140316,Enamine,EU stock,EN300-1721594,154.0,EUR,2,,CC1=NNC(=O)C1CC(C)O,2025-09-29,1,1,1,{'N-nucleophilic_aromatic_substitution'},{3899},{293081}
292515,COc1ccc(C)cc1NN,ZZOJDCWBIOFSAI-UHFFFAOYSA-N,1.0,50.0,142235,Enamine,EU stock,EN300-111013,208.0,EUR,2,,COc1ccc(C)cc1NN.Cl,2025-09-29,1,1,1,{'N-nucleophilic_aromatic_substitution'},{3902},{293084}
292390,Cc1cc(C)nc(NN)n1,PHTHKSNCQCCOHM-UHFFFAOYSA-N,1.0,100.0,26282,Enamine,Global catalog,EN300-03772,18.0,EUR,10,,Cc1cc(C)nc(NN)n1,2025-09-29,1,1,1,{'N-nucleophilic_aromatic_substitution'},{3911},{293093}
284825,O=C(O)C1=CCCC1,PYRZPBDTPRQYKG-UHFFFAOYSA-N,6.0,100.0,30090,Enamine,Global catalog,EN300-98600,18.0,EUR,10,,O=C(O)C1=CCCC1,2025-09-29,1,6,6,{'Amidation'},"{3972, 3975, 3978, 3979, 3918, 3920}","{293224, 293227, 293230, 293231, 293170, 293172}"
293128,CN1CCCCC1CN,PPUMJZMVFCLQBI-UHFFFAOYSA-N,6.0,50.0,133271,Enamine,EU stock,EN300-57085,42.0,EUR,2,,CN1CCCCC1CN,2025-09-29,1,6,6,{'Amidation'},"{4068, 4004, 3946, 3918, 3953, 4083}","{293256, 293320, 293198, 293170, 293205, 293335}"
293129,CC1CCN(C)C(CN)C1,SQAOMMIAXLVXMC-UHFFFAOYSA-N,4.0,100.0,31924,Enamine,Global catalog,EN300-101293,287.0,EUR,10,,CC1CCN(C)C(CN)C1,2025-09-29,1,4,4,{'Amidation'},"{3920, 4058, 4034, 4100}","{293352, 293310, 293172, 293286}"
293095,CC(C(=O)O)=C1CC1,MJIQLBQAVHNPLE-UHFFFAOYSA-N,1.0,50.0,148529,Enamine,EU stock,EN300-119292,233.0,EUR,2,,CC(C(=O)O)=C1CC1,2025-09-29,1,1,1,{'Amidation'},{3935},{293187}
293135,CCN1CCCCC1CN,LEKNBLYGRWKNSE-UHFFFAOYSA-N,3.0,50.0,118579,Enamine,EU stock,EN300-74195,18.0,EUR,2,,CCN1CCCCC1CN,2025-09-29,1,3,3,{'Amidation'},"{4081, 3988, 3935}","{293240, 293187, 293333}"
293099,O=C(O)C1=C(Br)CCC1,FBXSCLJLRKVMCV-UHFFFAOYSA-N,1.0,100.0,90610,Enamine,Global catalog,EN300-7615472,359.0,EUR,10,,O=C(O)C1=C(Br)CCC1,2025-09-29,1,1,1,{'Amidation'},{3946},{293198}
293101,O=C(O)C1=CCCOC1,KZYJYFKCCFWQQU-UHFFFAOYSA-N,3.0,50.0,126837,Enamine,EU stock,EN300-62689,75.0,EUR,2,,O=C(O)C1=CCCOC1,2025-09-29,1,3,3,{'Amidation'},"{3953, 4082, 4081}","{293333, 293205, 293334}"
293142,CN1CCC(O)CC1CN,GJKAOPOERSDZFC-UHFFFAOYSA-N,3.0,100.0,90211,Enamine,Global catalog,EN300-51689468,349.0,EUR,10,,CN1CC[C@@H](O)C[C@H]1CN.Cl.Cl,2025-09-29,1,3,3,{'Amidation'},"{4040, 4082, 3972}","{293224, 293292, 293334}"
293144,CN1CC2(CCC1CN)CC2,YEQNZZBSEQQWFW-UHFFFAOYSA-N,1.0,100.0,48981,Enamine,Global catalog,EN300-1722782,307.0,EUR,10,,CN1CC2(CCC1CN)CC2.Cl.Cl,2025-09-29,1,1,1,{'Amidation'},{3975},{293227}
293147,CN1CCCC(C)(C)C1CN,CMLZJSPUAZRKMK-UHFFFAOYSA-N,1.0,50.0,110452,Enamine,EU stock,EN300-178645,173.0,EUR,2,,CN1CCCC(C)(C)C1CN,2025-09-29,1,1,1,{'Amidation'},{3978},{293230}
293148,CC(C)N1CCCCC1CN,DWJDCMNVRMEEBL-UHFFFAOYSA-N,1.0,100.0,30790,Enamine,Global catalog,EN300-114632,221.0,EUR,10,,CC(C)N1CCCCC1CN,2025-09-29,1,1,1,{'Amidation'},{3979},{293231}
293106,CCC(C)=C(C)C(=O)O,URRYFCLLPGIYQS-UHFFFAOYSA-N,1.0,50.0,109013,Enamine,EU stock,EN300-129117,171.0,EUR,2,,CCC(C)=C(C)C(=O)O,2025-09-29,1,1,1,{'Amidation'},{3988},{293240}
293110,O=C(O)C1=CC2CCCC12,GLXLKYZFCYGALR-UHFFFAOYSA-N,2.0,100.0,94786,Enamine,Global catalog,EN300-6494536,316.0,EUR,10,,O=C(O)C1=CC2CCCC12,2025-09-29,1,2,2,{'Amidation'},"{4004, 4006}","{293256, 293258}"
293154,NCC1CCCC(=O)N1,KHOKAABYNKJTSO-UHFFFAOYSA-N,2.0,50.0,133290,Enamine,EU stock,EN300-658538,187.0,EUR,2,,Cl.NC[C@H]1CCCC(=O)N1,2025-09-29,1,2,2,{'Amidation'},"{4096, 4006}","{293258, 293348}"
293103,CC1(C)C=C(C(=O)O)C1,FPDGGJZURPQAMW-UHFFFAOYSA-N,2.0,50.0,119048,Enamine,EU stock,EN300-1666309,93.0,EUR,2,,CC1(C)C=C(C(=O)O)C1,2025-09-29,1,2,2,{'Amidation'},"{4040, 4034}","{293292, 293286}"
293102,CC1CCC=C1C(=O)O,WDJACUIKSWQWOE-UHFFFAOYSA-N,1.0,50.0,122969,Enamine,EU stock,EN300-112389,237.0,EUR,2,,CC1CCC=C1C(=O)O,2025-09-29,1,1,1,{'Amidation'},{4058},{293310}
293119,O=C(O)C1=CC2C=CC1C2,UQVRZNHHPWZGRJ-UHFFFAOYSA-N,1.0,100.0,66794,Enamine,Global catalog,EN300-7640828,359.0,EUR,10,,O=C(O)C1=CC2C=CC1C2,2025-09-29,1,1,1,{'Amidation'},{4068},{293320}
293120,N#CC(=CC1CC1)C(=O)O,FZERGXZRBYBPDM-UHFFFAOYSA-N,1.0,50.0,131204,Enamine,EU stock,EN300-182213,97.0,EUR,2,,N#CC(=CC1CC1)C(=O)O,2025-09-29,1,1,1,{'Amidation'},{4083},{293335}
293122,CCC=C(CCC)C(=O)O,ZKNJEOBYOLUGKJ-UHFFFAOYSA-N,1.0,50.0,125185,Enamine,EU stock,EN300-122873,193.0,EUR,2,,CCC=C(CCC)C(=O)O,2025-09-29,1,1,1,{'Amidation'},{4096},{293348}
285405,O=C(O)C1=CCCCC1,NMEZJSDUZQOPFE-UHFFFAOYSA-N,1.0,100.0,67055,Enamine,Global catalog,EN300-95569,18.0,EUR,10,,O=C(O)C1=CCCCC1,2025-09-29,1,1,1,{'Amidation'},{4100},{293352}
293374,Cn1cc2c(C=O)cccc2n1,IAUMYBTYMNSNML-UHFFFAOYSA-N,7.0,50.0,141558,Enamine,EU stock,EN300-7421196,20.0,EUR,2,,Cn1cc2c(C=O)cccc2n1,2025-09-29,1,7,7,{'Reductive_amination'},"{4193, 4115, 4116, 4117, 4183, 4184, 4121}","{293479, 293401, 293402, 293403, 293469, 293470, 293407}"
293393,Cc1cccc(N2CCC(N)C2)n1,OAHWQJLKZJPRQV-UHFFFAOYSA-N,18.0,100.0,29271,Enamine,Global catalog,EN300-76455,193.0,EUR,10,,Cc1cccc(N2CCC(N)C2)n1,2025-09-29,1,18,18,{'Reductive_amination'},"{4131, 4164, 4133, 4165, 4137, 4140, 4172, 4144, 4177, 4115, 4148, 4157, 4118, 4155, 4124, 4125, 4191, 4159}","{293441, 293410, 293411, 293443, 293445, 293477, 293417, 293450, 293419, 293451, 293423, 293426, 293458, 293430, 293463, 293401, 293434, 293404}"
293394,NC1CCN(c2ncccc2Cl)C1,ZWHDLUCBDCSQQN-UHFFFAOYSA-N,16.0,50.0,107702,Enamine,EU stock,EN300-106060,193.0,EUR,2,,NC1CCN(c2ncccc2Cl)C1,2025-09-29,1,16,16,{'Reductive_amination'},"{4161, 4163, 4134, 4166, 4138, 4139, 4171, 4143, 4116, 4149, 4181, 4152, 4190, 4123, 4156, 4126}","{293409, 293442, 293467, 293412, 293476, 293447, 293449, 293420, 293452, 293424, 293425, 293457, 293429, 293402, 293435, 293438}"
293395,NC1CCN(c2ncccc2F)C1,JYGCHOOXGOBFDS-UHFFFAOYSA-N,19.0,50.0,132790,Enamine,EU stock,EN300-105401,165.0,EUR,2,,NC1CCN(c2ncccc2F)C1,2025-09-29,1,19,19,{'Reductive_amination'},"{4117, 4120, 4127, 4128, 4129, 4132, 4135, 4136, 4141, 4142, 4147, 4150, 4154, 4160, 4162, 4169, 4173, 4178, 4189}","{293403, 293406, 293413, 293414, 293415, 293418, 293421, 293422, 293427, 293428, 293433, 293436, 293440, 293446, 293448, 293455, 293459, 293464, 293475}"
293375,Cn1ncc2c(C=O)cccc21,SONWSIAHVBTXPB-UHFFFAOYSA-N,3.0,100.0,86480,Enamine,Global catalog,EN300-7377593,57.0,EUR,10,,Cn1ncc2c(C=O)cccc21,2025-09-29,1,3,3,{'Reductive_amination'},"{4120, 4185, 4118}","{293404, 293406, 293471}"
293396,Brc1ccc(N2CC3CC2CN3)nc1,IXEAKPUHTSYQQQ-UHFFFAOYSA-N,12.0,50.0,144252,Enamine,EU stock,EN300-46901842,187.0,EUR,2,,Brc1ccc(N2C[C@@H]3C[C@H]2CN3)nc1.Cl.Cl.Cl,2025-09-29,1,12,12,{'Reductive_amination'},"{4192, 4168, 4170, 4174, 4175, 4176, 4145, 4179, 4180, 4182, 4151, 4121}","{293478, 293454, 293456, 293460, 293461, 293462, 293431, 293465, 293466, 293468, 293437, 293407}"
293376,Cn1cc2c(C=O)cc(Br)cc2n1,YQQCNDQBUIEUPS-UHFFFAOYSA-N,7.0,100.0,74283,Enamine,Global catalog,EN300-46366507,230.0,EUR,10,,Cn1cc2c(C=O)cc(Br)cc2n1,2025-09-29,1,7,7,{'Reductive_amination'},"{4128, 4123, 4204, 4145, 4215, 4187, 4124}","{293409, 293410, 293473, 293414, 293490, 293431, 293501}"
293377,Cn1cc2c(C(=O)O)cccc2n1,DPLXRRMSJKKHDU-UHFFFAOYSA-N,7.0,50.0,124462,Enamine,EU stock,EN300-259904,47.0,EUR,2,,Cn1cc2c(C(=O)O)cccc2n1,2025-09-29,1,7,7,{'Reductive_amination'},"{4206, 4151, 4217, 4186, 4125, 4126, 4127}","{293472, 293411, 293412, 293413, 293492, 293437, 293503}"
293378,Cn1ncc2c(C(=O)O)cccc21,TYQSPGDKGHTOLA-UHFFFAOYSA-N,3.0,50.0,143212,Enamine,EU stock,EN300-7405535,26.0,EUR,2,,Cn1ncc2c(C(=O)O)cccc21,2025-09-29,1,3,3,{'Reductive_amination'},"{4129, 4202, 4131}","{293488, 293417, 293415}"
293379,COC(=O)c1cccc2c1cnn2C,XSFSEOKZIRNPQO-UHFFFAOYSA-N,6.0,100.0,75848,Enamine,Global catalog,EN300-7358906,20.0,EUR,10,,COC(=O)c1cccc2c1cnn2C,2025-09-29,1,6,6,{'Reductive_amination'},"{4132, 4133, 4134, 4232, 4201, 4210}","{293418, 293419, 293420, 293518, 293487, 293496}"
293380,COC(=O)c1cccc2nn(C)cc12,VLEQLNMKTVTAAL-UHFFFAOYSA-N,6.0,100.0,75645,Enamine,Global catalog,EN300-7377616,18.0,EUR,10,,COC(=O)c1cccc2nn(C)cc12,2025-09-29,1,6,6,{'Reductive_amination'},"{4228, 4199, 4135, 4137, 4138, 4209}","{293514, 293485, 293421, 293423, 293424, 293495}"
293381,Cn1ncc2c(C(=O)O)cc(Br)cc21,NORSCRAALIELIS-UHFFFAOYSA-N,3.0,100.0,88055,Enamine,Global catalog,EN300-3251018,85.0,EUR,10,,Cn1ncc2c(C(=O)O)cc(Br)cc21,2025-09-29,1,3,3,{'Reductive_amination'},"{4136, 4155, 4221}","{293441, 293507, 293422}"
293382,Cc1c2c(C(=O)O)cccc2nn1C,YVZOEIWEPQAZIS-UHFFFAOYSA-N,7.0,50.0,142722,Enamine,EU stock,EN300-28736853,221.0,EUR,2,,Cc1c2c(C(=O)O)cccc2nn1C,2025-09-29,1,7,7,{'Reductive_amination'},"{4233, 4203, 4139, 4140, 4141, 4176, 4218}","{293504, 293519, 293425, 293426, 293427, 293489, 293462}"
293383,Cn1cc2c(C(=O)O)c(Br)ccc2n1,ABYLNOXGJNDZBB-UHFFFAOYSA-N,7.0,50.0,145669,Enamine,EU stock,EN300-9026456,154.0,EUR,2,,Cn1cc2c(C(=O)O)c(Br)ccc2n1,2025-09-29,1,7,7,{'Reductive_amination'},"{4224, 4195, 4174, 4142, 4144, 4143, 4207}","{293510, 293481, 293428, 293429, 293430, 293460, 293493}"
293384,Cn1cc2c(C(=O)O)cc(F)cc2n1,UYSQNJGVHXLUGF-UHFFFAOYSA-N,7.0,50.0,112511,Enamine,EU stock,EN300-22053552,237.0,EUR,2,,Cn1cc2c(C(=O)O)cc(F)cc2n1,2025-09-29,1,7,7,{'Reductive_amination'},"{4225, 4196, 4170, 4220, 4147, 4156, 4157}","{293442, 293443, 293506, 293511, 293482, 293456, 293433}"
293385,Cc1ccc(C(=O)O)c2cn(C)nc12,GZESCUJHEOUZHF-UHFFFAOYSA-N,7.0,100.0,103840,Enamine,Global catalog,EN300-48971960,292.0,EUR,10,,Cc1ccc(C(=O)O)c2cn(C)nc12,2025-09-29,1,7,7,{'Reductive_amination'},"{4226, 4197, 4175, 4148, 4149, 4150, 4212}","{293512, 293483, 293461, 293498, 293434, 293435, 293436}"
293386,Cn1cc2c(C(=O)O)cc(Br)cc2n1,FEPFAISRBUJIGK-UHFFFAOYSA-N,6.0,100.0,54611,Enamine,Global catalog,EN300-7523042,167.0,EUR,10,,Cn1cc2c(C(=O)O)cc(Br)cc2n1,2025-09-29,1,6,6,{'Reductive_amination'},"{4194, 4168, 4213, 4152, 4154, 4223}","{293440, 293509, 293480, 293454, 293499, 293438}"
293387,O=C(O)c1cccc2nn(C(F)F)cc12,UFKCUVLQYVLRDT-UHFFFAOYSA-N,5.0,100.0,90659,Enamine,Global catalog,EN300-48822672,359.0,EUR,10,,O=C(O)c1cccc2nn(C(F)F)cc12,2025-09-29,1,5,5,{'Reductive_amination'},"{4160, 4161, 4227, 4179, 4159}","{293445, 293446, 293447, 293513, 293465}"
293388,COc1ccc(C(=O)O)c2cn(C)nc12,LJPJNSHWKBGUAH-UHFFFAOYSA-N,7.0,50.0,147934,Enamine,EU stock,EN300-47037914,195.0,EUR,2,,COc1ccc(C(=O)O)c2cn(C)nc12,2025-09-29,1,7,7,{'Reductive_amination'},"{4162, 4163, 4164, 4230, 4200, 4180, 4219}","{293505, 293448, 293449, 293450, 293516, 293486, 293466}"
293389,O=C(O)c1cccc2c1cnn2C(F)F,IGNLFVCWKUCCOC-UHFFFAOYSA-N,5.0,100.0,98839,Enamine,Global catalog,EN300-48836714,326.0,EUR,10,,O=C(O)c1cccc2c1cnn2C(F)F,2025-09-29,1,5,5,{'Reductive_amination'},"{4165, 4166, 4173, 4182, 4214}","{293451, 293452, 293459, 293500, 293468}"
293390,COC(=O)c1cccc2nn(C)c(C)c12,REDZYTYYKKAIGI-UHFFFAOYSA-N,5.0,100.0,101377,Enamine,Global catalog,EN300-28860374,292.0,EUR,10,,COC(=O)c1cccc2nn(C)c(C)c12,2025-09-29,1,5,5,{'Reductive_amination'},"{4231, 4169, 4171, 4172, 4216}","{293517, 293455, 293457, 293458, 293502}"
293391,COC(=O)c1cccc2c1cnn2C(=O)Cl,WGCPZTGQRMVCTE-UHFFFAOYSA-N,3.0,100.0,74178,Enamine,Global catalog,EN300-27702390,301.0,EUR,10,,COC(=O)c1cccc2c1cnn2C(=O)Cl,2025-09-29,1,3,3,{'Reductive_amination'},"{4177, 4178, 4181}","{293464, 293467, 293463}"
293397,NC1CCN(c2ncc(C(F)(F)F)cc2Cl)C1,CUPFRJFRESZDCT-UHFFFAOYSA-N,13.0,50.0,133661,Enamine,EU stock,EN300-106278,217.0,EUR,2,,NC1CCN(c2ncc(C(F)(F)F)cc2Cl)C1,2025-09-29,1,13,13,{'Reductive_amination'},"{4194, 4195, 4196, 4197, 4199, 4201, 4203, 4219, 4214, 4183, 4216, 4186, 4187}","{293472, 293473, 293505, 293480, 293481, 293482, 293483, 293485, 293487, 293489, 293500, 293469, 293502}"
293398,Cc1noc(-c2ccc(N3CCC(N)C3)nc2)n1,HOZIKMWLIVNDMW-UHFFFAOYSA-N,16.0,100.0,103378,Enamine,Global catalog,EN300-52655662,284.0,EUR,10,,Cc1noc(-c2ccc(N3CCC(N)C3)nc2)n1.Cl.Cl,2025-09-29,1,16,16,{'Reductive_amination'},"{4227, 4230, 4231, 4202, 4204, 4206, 4207, 4209, 4210, 4212, 4213, 4184, 4185, 4218, 4220, 4221}","{293504, 293506, 293507, 293513, 293516, 293517, 293488, 293490, 293492, 293493, 293495, 293496, 293498, 293499, 293470, 293471}"
293392,Cn1cc2c(C(=O)O)ccc(C(F)(F)F)c2n1,NWOGIHXHRYMWIJ-UHFFFAOYSA-N,4.0,100.0,86753,Enamine,Global catalog,EN300-45845078,292.0,EUR,10,,Cn1cc2c(C(=O)O)ccc(C(F)(F)F)c2n1,2025-09-29,1,4,4,{'Reductive_amination'},"{4192, 4189, 4190, 4191}","{293475, 293476, 293477, 293478}"
293399,NC1CCN(C2CCN(c3ccc(Cl)cn3)C2)CC1,KVHKTNBMBCQBEU-UHFFFAOYSA-N,10.0,50.0,122927,Enamine,EU stock,EN300-7456866,202.0,EUR,2,,Cl.Cl.Cl.NC1CCN(C2CCN(c3ccc(Cl)cn3)C2)CC1,2025-09-29,1,10,10,{'Reductive_amination'},"{4224, 4193, 4225, 4226, 4228, 4232, 4233, 4215, 4217, 4223}","{293509, 293510, 293479, 293511, 293512, 293514, 293518, 293519, 293501, 293503}"
293400,Cc1nc(N2CCC(N)C2)c(Cl)cc1C#N,WDNZDUDOLUBMES-UHFFFAOYSA-N,1.0,100.0,74122,Enamine,Global catalog,EN300-39677564,453.0,EUR,10,,Cc1nc(N2CC[C@@H](N)C2)c(Cl)cc1C#N.Cl,2025-09-29,1,1,1,{'Reductive_amination'},{4200},{293486}
293553,O=C(O)C=C1C2CC3CC(C2)CC1C3,WBWYSPVZLQQIAX-UHFFFAOYSA-N,4.0,50.0,120374,Enamine,EU stock,EN300-1270577,20.0,EUR,2,,O=C(O)C=C1C2CC3CC(C2)CC1C3,2025-09-29,1,4,4,{'Amidation'},"{4256, 4260, 4269, 4271}","{293586, 293595, 293597, 293582}"
293557,Nc1cnccc1O,OIIBRAGQGFLUFI-UHFFFAOYSA-N,1.0,100.0,27724,Enamine,Global catalog,EN300-38856,18.0,EUR,10,,Cl.Cl.Nc1cnccc1O,2025-09-29,1,1,1,{'Amidation'},{4256},{293582}
293561,Nc1cnccc1S,MODUNSYPGHJXDP-UHFFFAOYSA-N,1.0,100.0,32666,Enamine,Global catalog,EN300-40427,197.0,EUR,10,,Nc1cnccc1S,2025-09-29,1,1,1,{'Amidation'},{4260},{293586}
293564,Nc1cncc(Br)c1Br,AMWQQNDMARFXEK-UHFFFAOYSA-N,1.0,50.0,118613,Enamine,EU stock,EN300-124300,240.0,EUR,2,,Nc1cncc(Br)c1Br,2025-09-29,1,1,1,{'Amidation'},{4269},{293595}
293565,Nc1cncc(I)c1O,FDKKEVMHINEAIX-UHFFFAOYSA-N,1.0,50.0,115644,Enamine,EU stock,EN300-370432,40.0,EUR,2,,Nc1cncc(I)c1O,2025-09-29,1,1,1,{'Amidation'},{4271},{293597}
293692,O=C(O)c1ccc2c(n1)C(=O)NS2(=O)=O,SRBWEQHRZZBRLC-UHFFFAOYSA-N,10.0,100.0,88503,Enamine,Global catalog,EN300-43352794,458.0,EUR,10,,O=C(O)c1ccc2c(n1)C(=O)NS2(=O)=O,2025-09-29,1,10,10,{'Amidation'},"{4579, 4617, 4365, 4429, 4665, 4435, 4340, 4631, 4377, 4668}","{293888, 293977, 294179, 293925, 294213, 294216, 294127, 294165, 293913, 293983}"
293711,NC1CC12CC2,TYUSITBZTFHUJR-UHFFFAOYSA-N,3.0,50.0,113281,Enamine,EU stock,EN300-257898,221.0,EUR,2,,Cl.NC1CC12CC2,2025-09-29,1,3,3,{'Amidation'},"{4340, 4349, 11382}","{293888, 293897, 302291}"
293694,CNC(=O)c1nc(C(=O)O)ccc1Cl,MARZIHXWLXEEEM-UHFFFAOYSA-N,6.0,100.0,92024,Enamine,Global catalog,EN300-1665497,292.0,EUR,10,,CNC(=O)c1nc(C(=O)O)ccc1Cl,2025-09-29,1,6,6,{'Amidation'},"{4524, 4688, 4689, 4533, 4470, 4345}","{294081, 294018, 293893, 294072, 294236, 294237}"
293713,CCC(N)C1CC1,OXXSMQHKMPTBAR-UHFFFAOYSA-N,2.0,50.0,133786,Enamine,EU stock,EN300-301717,33.0,EUR,2,,CCC(N)C1CC1.Cl,2025-09-29,1,2,2,{'Amidation'},"{4345, 11308}","{302217, 293893}"
293695,O=C(O)c1cc(=O)cc2n1CCNC2=O,CUUJKDQRVIPZGO-UHFFFAOYSA-N,15.0,100.0,28039,Enamine,Global catalog,EN300-43836,27.0,EUR,10,,O=C(O)c1cc(=O)cc2n1CCNC2=O,2025-09-29,1,15,15,{'Amidation'},"{4483, 4484, 4389, 4390, 4486, 4487, 4488, 4489, 4500, 4504, 4506, 4507, 4349, 4509, 4511}","{294048, 294052, 294054, 294055, 293897, 294057, 294059, 294031, 294032, 293937, 293938, 294034, 294035, 294036, 294037}"
293725,NC1COC12CC2,LQUFGFJDKHNSNU-UHFFFAOYSA-N,2.0,100.0,102735,Enamine,Global catalog,EN300-37443175,979.0,EUR,10,,NC1COC12CC2,2025-09-29,1,2,2,{'Amidation'},"{4365, 4407}","{293913, 293955}"
293729,NC1CCC12CC2,MHLQMZGIWAMUHR-UHFFFAOYSA-N,2.0,100.0,76849,Enamine,Global catalog,EN300-23002488,603.0,EUR,10,,Cl.NC1CCC12CC2,2025-09-29,1,2,2,{'Amidation'},"{4377, 4427}","{293925, 293975}"
283048,CC(N)C1CC1C,PNORXWKSUWCACH-UHFFFAOYSA-N,1.0,100.0,94131,Enamine,Global catalog,EN300-254975,284.0,EUR,10,,CC(N)C1CC1C,2025-09-29,1,1,1,{'Amidation'},{4389},{293937}
293726,NC1(C2CC2)CC1,RTSBJFZXDBBUSI-UHFFFAOYSA-N,1.0,50.0,145650,Enamine,EU stock,EN300-108091,36.0,EUR,2,,Cl.NC1(C2CC2)CC1,2025-09-29,1,1,1,{'Amidation'},{4390},{293938}
293697,O=C(O)c1cccc(C(=O)N2CCCC2)n1,VHRINNVKMJWRHB-UHFFFAOYSA-N,3.0,50.0,107106,Enamine,EU stock,EN300-81967,100.0,EUR,2,,O=C(O)c1cccc(C(=O)N2CCCC2)n1,2025-09-29,1,3,3,{'Amidation'},"{4427, 4726, 4407}","{294274, 293955, 293975}"
293690,CNC(=O)c1cccc(C(=O)O)n1,NPBRDFPBRHOBAK-UHFFFAOYSA-N,1.0,50.0,147464,Enamine,EU stock,EN300-104891,130.0,EUR,2,,CNC(=O)c1cccc(C(=O)O)n1,2025-09-29,1,1,1,{'Amidation'},{4410},{293958}
293747,COC(=O)C1CC1C(C)N,BYVYXBKQGRJNPN-UHFFFAOYSA-N,2.0,50.0,126613,Enamine,EU stock,EN300-7437049,227.0,EUR,2,,COC(=O)[C@@H]1C[C@H]1C(C)N.Cl,2025-09-29,1,2,2,{'Amidation'},"{4410, 4533}","{294081, 293958}"
293709,NC1C(F)CC2CC21,IJCIISCCXBFACG-UHFFFAOYSA-N,1.0,50.0,121912,Enamine,EU stock,EN300-7494365,328.0,EUR,2,,Cl.NC1C(F)CC2CC21,2025-09-29,1,1,1,{'Amidation'},{4429},{293977}
293760,NC1CC12CC2(F)F,NQRQGOPQRXFXSA-UHFFFAOYSA-N,2.0,100.0,67503,Enamine,Global catalog,EN300-7437578,491.0,EUR,10,,Cl.NC1CC12CC2(F)F,2025-09-29,1,2,2,{'Amidation'},"{4435, 4487}","{294035, 293983}"
293742,NC(C[N+](=O)[O-])C1CC1,WIRPTIGYRJIAOA-UHFFFAOYSA-N,4.0,50.0,140638,Enamine,EU stock,EN300-26869361,195.0,EUR,2,,Cl.N[C@@H](C[N+](=O)[O-])C1CC1,2025-09-29,1,4,4,{'Amidation'},"{11474, 11495, 4470, 4511}","{294018, 294059, 302404, 302383}"
293774,CC(N)C1CC1(F)F,GPYXLJTYTVJBQZ-UHFFFAOYSA-N,2.0,50.0,150724,Enamine,EU stock,EN300-254553,461.0,EUR,2,,CC(N)C1CC1(F)F.Cl,2025-09-29,1,2,2,{'Amidation'},"{4483, 11413}","{302322, 294031}"
293712,CC1(C2(N)CC2)CC1,MOPZTANIEGEZHX-UHFFFAOYSA-N,1.0,50.0,113102,Enamine,EU stock,EN300-247807,272.0,EUR,2,,CC1(C2(N)CC2)CC1.Cl,2025-09-29,1,1,1,{'Amidation'},{4484},{294032}
293769,NC1C(F)(F)C12CC2,SYAQBOOLMKXXDT-UHFFFAOYSA-N,3.0,50.0,132185,Enamine,EU stock,EN300-7461744,262.0,EUR,2,,Cl.NC1C(F)(F)C12CC2,2025-09-29,1,3,3,{'Amidation'},"{11369, 4486, 11606}","{294034, 302515, 302278}"
293761,NC1(CO)CC12CC2,CRUPSPWILXBHFI-UHFFFAOYSA-N,2.0,100.0,100537,Enamine,Global catalog,EN300-37440236,803.0,EUR,10,,Cl.NC1(CO)CC12CC2,2025-09-29,1,2,2,{'Amidation'},"{4488, 11415}","{294036, 302324}"
293704,NC1C2(CC2)C12CC2,HTVTXQHJYCXPLA-UHFFFAOYSA-N,1.0,50.0,148014,Enamine,EU stock,EN300-380967,321.0,EUR,2,,Cl.NC1C2(CC2)C12CC2,2025-09-29,1,1,1,{'Amidation'},{4489},{294037}
293750,NC1(C2CC2(F)F)CC1,NANITHQTPUBSCC-UHFFFAOYSA-N,1.0,100.0,101867,Enamine,Global catalog,EN300-51862793,354.0,EUR,10,,Cl.NC1(C2CC2(F)F)CC1,2025-09-29,1,1,1,{'Amidation'},{4500},{294048}
293731,NC1CC(F)(F)C12CC2,XCYYDVFDTAESMX-UHFFFAOYSA-N,1.0,50.0,142772,Enamine,EU stock,EN300-45639400,304.0,EUR,2,,Cl.NC1CC(F)(F)C12CC2,2025-09-29,1,1,1,{'Amidation'},{4504},{294052}
293743,NC(CC1CC1)C1CC1,MKGHKOZARHHINL-UHFFFAOYSA-N,3.0,100.0,75554,Enamine,Global catalog,EN300-27754994,349.0,EUR,10,,Cl.NC(CC1CC1)C1CC1,2025-09-29,1,3,3,{'Amidation'},"{4506, 11493, 11486}","{302402, 302395, 294054}"
293748,NC1CNC(=O)C12CC2,JUQKPJZQWJJXMO-UHFFFAOYSA-N,1.0,100.0,73534,Enamine,Global catalog,EN300-7319522,151.0,EUR,10,,NC1CNC(=O)C12CC2,2025-09-29,1,1,1,{'Amidation'},{4507},{294055}
293734,CN(C)C(CN)C1CC1,UEJWODNUYBQODM-UHFFFAOYSA-N,3.0,50.0,148710,Enamine,EU stock,EN300-49092,63.0,EUR,2,,CN(C)C(CN)C1CC1,2025-09-29,1,3,3,{'Amidation'},"{11480, 4509, 11743}","{294057, 302652, 302389}"
293746,NC(CC(F)(F)F)C1CC1,RGFGDTLHPIWTRQ-UHFFFAOYSA-N,1.0,50.0,132819,Enamine,EU stock,EN300-187650,278.0,EUR,2,,Cl.NC(CC(F)(F)F)C1CC1,2025-09-29,1,1,1,{'Amidation'},{4524},{294072}
293756,NC1CC(CO)C2CC12,HUSRVICMOWUGEW-UHFFFAOYSA-N,1.0,50.0,124492,Enamine,EU stock,EN300-6766461,208.0,EUR,2,,Cl.N[C@H]1C[C@@H](CO)[C@@H]2C[C@@H]21,2025-09-29,1,1,1,{'Amidation'},{4579},{294127}
293752,NC1CCCC2C(F)C12,AFBVHPOVQHGZKT-UHFFFAOYSA-N,3.0,100.0,101265,Enamine,Global catalog,EN300-39882860,790.0,EUR,10,,Cl.NC1CCCC2C(F)C12,2025-09-29,1,3,3,{'Amidation'},"{15654, 4617, 4726}","{294274, 294165, 308750}"
293828,NC(C1CC1)C(F)(F)CO,YLTPDDYLADJIOU-UHFFFAOYSA-N,3.0,50.0,140503,Enamine,EU stock,EN300-6487872,297.0,EUR,2,,Cl.NC(C1CC1)C(F)(F)CO,2025-09-29,1,3,3,{'Amidation'},"{11553, 11634, 4631}","{294179, 302462, 302543}"
293850,NC1COCC2C1C2(F)F,OMNZGGVQYUNDGF-UHFFFAOYSA-N,1.0,100.0,51068,Enamine,Global catalog,EN300-28244130,818.0,EUR,10,,Cl.NC1COCC2C1C2(F)F,2025-09-29,1,1,1,{'Amidation'},{4665},{294213}
293797,NC1CCCC2C1C2(F)F,KMCWIAYQAMMYGR-UHFFFAOYSA-N,1.0,50.0,123686,Enamine,EU stock,EN300-6497035,722.0,EUR,2,,Cl.NC1CCCC2C1C2(F)F,2025-09-29,1,1,1,{'Amidation'},{4668},{294216}
293862,CCOC(=O)CC(N)C1CC1,DARPOOYXGSBFGN-UHFFFAOYSA-N,1.0,50.0,125833,Enamine,EU stock,EN300-1697579,297.0,EUR,2,,CCOC(=O)C[C@H](N)C1CC1.Cl,2025-09-29,1,1,1,{'Amidation'},{4688},{294236}
293824,NC(C1CC1)C(CO)C1CC1,HITUQCSFEYRGKE-UHFFFAOYSA-N,1.0,100.0,47791,Enamine,Global catalog,EN300-227248,301.0,EUR,10,,NC(C1CC1)C(CO)C1CC1,2025-09-29,1,1,1,{'Amidation'},{4689},{294237}
294295,O=C(O)C(F)=Cc1cocn1,ZKMNHAPMZPHQAL-UHFFFAOYSA-N,1.0,100.0,85521,Enamine,Global catalog,EN300-44827229,359.0,EUR,10,,O=C(O)/C(F)=C/c1cocn1,2025-09-29,1,1,1,{'Amidation'},{4747},{294296}
294308,Cc1nccn1-c1cc(C(=O)O)ccn1,AEYOPLDMZVWEGY-UHFFFAOYSA-N,7.0,100.0,30426,Enamine,Global catalog,EN300-94386,278.0,EUR,10,,Cc1nccn1-c1cc(C(=O)O)ccn1.Cl,2025-09-29,1,7,7,{'Amidation'},"{4867, 4868, 4781, 4815, 4795, 4827, 4863}","{294498, 294530, 294566, 294570, 294571, 294484, 294518}"
294337,NC1CCc2cn[nH]c2C1,LIDRLTJNPRPOFD-UHFFFAOYSA-N,1.0,50.0,133695,Enamine,EU stock,EN300-76274,62.0,EUR,2,,NC1CCc2cn[nH]c2C1,2025-09-29,1,1,1,{'Amidation'},{4781},{294484}
294350,NC1CCOC1c1cc[nH]n1,GNEYJXQEDYTKCR-UHFFFAOYSA-N,1.0,100.0,41102,Enamine,Global catalog,EN300-321475,435.0,EUR,10,,Cl.Cl.N[C@@H]1CCO[C@H]1c1cc[nH]n1,2025-09-29,1,1,1,{'Amidation'},{4795},{294498}
294369,CCn1nccc1C1CC1N,LZXPKHQPUUDFPH-UHFFFAOYSA-N,1.0,100.0,81103,Enamine,Global catalog,EN300-6490788,548.0,EUR,10,,CCn1nccc1[C@@H]1C[C@H]1N.Cl.Cl,2025-09-29,1,1,1,{'Amidation'},{4815},{294518}
294381,Cn1cc2c(n1)CC(N)CC2,MRSNTNCWGNMMPQ-UHFFFAOYSA-N,1.0,50.0,124331,Enamine,EU stock,EN300-6735090,299.0,EUR,2,,Cl.Cl.Cn1cc2c(n1)CC(N)CC2,2025-09-29,1,1,1,{'Amidation'},{4827},{294530}
294416,COC(=O)C(N)Cc1ccn(C)n1,LRPQUMIVBWWWSL-UHFFFAOYSA-N,1.0,100.0,93284,Enamine,Global catalog,EN300-52376995,255.0,EUR,10,,COC(=O)C(N)Cc1ccn(C)n1.Cl.Cl,2025-09-29,1,1,1,{'Amidation'},{4863},{294566}
294418,COC(=O)C(N)Cc1ccnn1C,WORRHVRRCIHYTG-UHFFFAOYSA-N,1.0,50.0,121834,Enamine,EU stock,EN300-7492504,224.0,EUR,2,,COC(=O)C(N)Cc1ccnn1C.Cl.Cl,2025-09-29,1,1,1,{'Amidation'},{4867},{294570}
294419,CCn1nccc1C1OCCC1N,MJBHGYWPSXCQHB-UHFFFAOYSA-N,1.0,50.0,122131,Enamine,EU stock,EN300-306145,224.0,EUR,2,,CCn1nccc1[C@@H]1OCC[C@H]1N.Cl.Cl,2025-09-29,1,1,1,{'Amidation'},{4868},{294571}
294309,Cc1nccn1-c1cc(C(=O)O)c2ccccc2n1,YCBQRGIGGSLCNZ-UHFFFAOYSA-N,2.0,100.0,31028,Enamine,Global catalog,EN300-59441,193.0,EUR,10,,Cc1nccn1-c1cc(C(=O)O)c2ccccc2n1,2025-09-29,1,2,2,{'Amidation'},"{4873, 4898}","{294576, 294601}"
294316,NC1CC1c1cc[nH]n1,PPRXFRUELVIHQZ-UHFFFAOYSA-N,1.0,50.0,143586,Enamine,EU stock,EN300-46014219,211.0,EUR,2,,Cl.Cl.N[C@@H]1C[C@H]1c1cc[nH]n1,2025-09-29,1,1,1,{'Amidation'},{4873},{294576}
294331,Cn1nccc1C1CC1N,DXTZKKDLNJEDLN-UHFFFAOYSA-N,1.0,50.0,148458,Enamine,EU stock,EN300-6736658,206.0,EUR,2,,Cl.Cl.Cn1nccc1[C@@H]1C[C@H]1N,2025-09-29,1,1,1,{'Amidation'},{4898},{294601}
293637,COC(=O)C1CC(N2C(=O)CNC2=O)CN1,HIUAMRCJNBNXGN-UHFFFAOYSA-N,4.0,50.0,124035,Enamine,EU stock,EN300-37158328,158.0,EUR,2,,COC(=O)[C@@H]1C[C@H](N2C(=O)CNC2=O)CN1.Cl,2025-09-29,1,4,4,{'Amidation'},"{8607, 8485, 8438, 8479}","{298527, 298405, 298358, 298399}"
297528,O=C(O)C=CI,IBFDLVHJHUMSAC-UHFFFAOYSA-N,1.0,100.0,75088,Enamine,Global catalog,EN300-7431390,18.0,EUR,10,,O=C(O)/C=C\I,2025-09-29,1,1,1,{'Amidation'},{8438},{298358}
289129,CC(O)C(=O)O,JVTAAEKCZFNVCJ-UHFFFAOYSA-N,1.0,100.0,29117,Enamine,Global catalog,EN300-91905,18.0,EUR,10,,C[C@H](O)C(=O)O,2025-09-29,1,1,1,{'Amidation'},{8479},{298399}
286263,O=C(O)CCBr,DHXNZYCXMFBMHE-UHFFFAOYSA-N,1.0,100.0,26296,Enamine,Global catalog,EN300-20490,18.0,EUR,10,,O=C(O)CCBr,2025-09-29,1,1,1,{'Amidation'},{8485},{298405}
297544,CC(C)=CC(=O)O,YYPNJNDODFVZLE-UHFFFAOYSA-N,1.0,100.0,26303,Enamine,Global catalog,EN300-20709,18.0,EUR,10,,CC(C)=CC(=O)O,2025-09-29,1,1,1,{'Amidation'},{8607},{298527}
298566,CC(Sc1nc2ccccc2s1)C(=O)O,ZRMKAMAPVMHSFW-UHFFFAOYSA-N,1.0,50.0,108856,Enamine,EU stock,EN300-121263,63.0,EUR,2,,CC(Sc1nc2ccccc2s1)C(=O)O,2025-09-29,1,1,1,{'Amidation'},{8781},{298803}
298641,CC(C)(C)OC(=O)N1CCN(c2ccc(N)cn2)CC1,RMHRRMBFHGEDSR-UHFFFAOYSA-N,1.0,100.0,51453,Enamine,Global catalog,EN300-60607,18.0,EUR,10,,CC(C)(C)OC(=O)N1CCN(c2ccc(N)cn2)CC1,2025-09-29,1,1,1,{'Amidation'},{8781},{298803}
298828,CCN1CC(C(=O)O)CC1=O,BNPUQHZYYWBHSW-UHFFFAOYSA-N,1.0,50.0,105405,Enamine,EU stock,EN300-33478,20.0,EUR,2,,CCN1CC(C(=O)O)CC1=O,2025-09-29,1,1,1,{'Amidation'},{8804},{298885}
298860,NC(CC1CC1)C(F)(F)F,KWYQEGWKRJFSPU-UHFFFAOYSA-N,6.0,100.0,79423,Enamine,Global catalog,EN300-373975,623.0,EUR,10,,Cl.NC(CC1CC1)C(F)(F)F,2025-09-29,1,6,6,{'Amidation'},"{8867, 8804, 8840, 8873, 8842, 8880}","{298948, 298885, 298921, 298954, 298923, 298961}"
298831,CC(C)N1CC(C(=O)O)CC1=O,YKWIPHFVESIOGN-UHFFFAOYSA-N,1.0,50.0,146086,Enamine,EU stock,EN300-33398,18.0,EUR,2,,CC(C)N1CC(C(=O)O)CC1=O,2025-09-29,1,1,1,{'Amidation'},{8831},{298912}
298859,CC1(C)CC1C(N)C(F)(F)F,RXWQHDXXCVZOTO-UHFFFAOYSA-N,1.0,50.0,128319,Enamine,EU stock,EN300-1272427,297.0,EUR,2,,CC1(C)CC1C(N)C(F)(F)F.Cl,2025-09-29,1,1,1,{'Amidation'},{8831},{298912}
284296,COCCN1CC(C(=O)O)CC1=O,SQFXUCKQOKOBLC-UHFFFAOYSA-N,1.0,100.0,27115,Enamine,Global catalog,EN300-31845,18.0,EUR,10,,COCCN1CC(C(=O)O)CC1=O,2025-09-29,1,1,1,{'Amidation'},{8840},{298921}
298835,CC(C)CN1CC(C(=O)O)CC1=O,YWZWNDCJUFFVLP-UHFFFAOYSA-N,1.0,100.0,27129,Enamine,Global catalog,EN300-33340,18.0,EUR,10,,CC(C)CN1CC(C(=O)O)CC1=O,2025-09-29,1,1,1,{'Amidation'},{8842},{298923}
298843,CCC(CC)N1CC(C(=O)O)CC1=O,SAABAXKBEHPTMY-UHFFFAOYSA-N,1.0,50.0,148925,Enamine,EU stock,EN300-41073,33.0,EUR,2,,CCC(CC)N1CC(C(=O)O)CC1=O,2025-09-29,1,1,1,{'Amidation'},{8867},{298948}
298846,CC(C1CC1)N1CC(C(=O)O)CC1=O,XUFYOGMNCYGKGE-UHFFFAOYSA-N,1.0,50.0,112956,Enamine,EU stock,EN300-2860143,187.0,EUR,2,,CC(C1CC1)N1CC(C(=O)O)CC1=O,2025-09-29,1,1,1,{'Amidation'},{8873},{298954}
298848,CN(C)CCN1CC(C(=O)O)CC1=O,YLZBIUIUXVYRRQ-UHFFFAOYSA-N,1.0,100.0,26275,Enamine,Global catalog,EN300-51735,18.0,EUR,10,,CN(C)CCN1CC(C(=O)O)CC1=O,2025-09-29,1,1,1,{'Amidation'},{8880},{298961}
298837,O=C1CC2(C(=O)O)CCCCC2N1,RLMDDKLJTIBXGL-UHFFFAOYSA-N,1.0,50.0,118261,Enamine,EU stock,EN300-1600411,165.0,EUR,2,,O=C1C[C@]2(C(=O)O)CCCC[C@@H]2N1,2025-09-29,1,1,1,{'Amidation'},{8904},{298985}
298864,NC1(C(F)(F)F)CC2CC2C1,FZHWJQZEMFAKNT-UHFFFAOYSA-N,1.0,50.0,136692,Enamine,EU stock,EN300-27737054,433.0,EUR,2,,Cl.N[C@@]1(C(F)(F)F)C[C@H]2C[C@H]2C1,2025-09-29,1,1,1,{'Amidation'},{8904},{298985}
299116,Cc1nn(C)c(C)c1C1C(CN)CC(=O)N1C,HBSGPEVWESZUHC-UHFFFAOYSA-N,1.0,50.0,123201,Enamine,EU stock,EN300-258059,215.0,EUR,2,,Cc1nn(C)c(C)c1[C@H]1[C@H](CN)CC(=O)N1C,2025-09-29,1,1,1,{'Amidation'},{9023},{299120}
299149,Cc1ocnc1CN,HHGLDCRFUVVQBP-UHFFFAOYSA-N,6.0,50.0,143540,Enamine,EU stock,EN300-7613242,195.0,EUR,2,,Cc1ocnc1CN.Cl,2025-09-29,1,6,6,{'Amidation'},"{9130, 9039, 9074, 9045, 9084, 9213}","{299233, 299204, 299243, 299372, 299289, 299198}"
299150,CC(N)c1cocn1,MFAOMQZXGBUBMZ-UHFFFAOYSA-N,5.0,50.0,125064,Enamine,EU stock,EN300-1604969,297.0,EUR,2,,CC(N)c1cocn1.Cl,2025-09-29,1,5,5,{'Amidation'},"{9129, 9071, 9040, 9075, 9046}","{299234, 299205, 299288, 299230, 299199}"
299151,NCc1coc(Cl)n1,FJQITAMOPGKZAV-UHFFFAOYSA-N,6.0,50.0,132891,Enamine,EU stock,EN300-226387,297.0,EUR,2,,Cl.NCc1coc(Cl)n1,2025-09-29,1,6,6,{'Amidation'},"{9253, 9128, 9072, 9041, 9076, 9047}","{299200, 299235, 299206, 299412, 299287, 299231}"
299152,Cc1nc(CN)co1,ZFKWYIYSYDLCCG-UHFFFAOYSA-N,6.0,50.0,141751,Enamine,EU stock,EN300-227377,68.0,EUR,2,,Cc1nc(CN)co1.Cl,2025-09-29,1,6,6,{'Amidation'},"{9126, 9069, 9042, 9077, 9048, 9177}","{299201, 299236, 299207, 299336, 299285, 299228}"
299154,NCc1coc(Br)n1,NCSPHPROGSPKPV-UHFFFAOYSA-N,5.0,100.0,85066,Enamine,Global catalog,EN300-45726212,320.0,EUR,10,,Br.NCc1coc(Br)n1,2025-09-29,1,5,5,{'Amidation'},"{9127, 9067, 9073, 9044, 9050}","{299232, 299203, 299209, 299286, 299226}"
299157,CCC(N)c1cocn1,XSAATLWWEYONQE-UHFFFAOYSA-N,6.0,50.0,123706,Enamine,EU stock,EN300-46442498,240.0,EUR,2,,CC[C@@H](N)c1cocn1.Cl,2025-09-29,1,6,6,{'Amidation'},"{9152, 9124, 9060, 9225, 9135, 9053}","{299212, 299311, 299283, 299219, 299384, 299294}"
299159,NC1(c2cocn2)CC1,WNVGHPMPARPTKY-UHFFFAOYSA-N,6.0,50.0,145376,Enamine,EU stock,EN300-4264893,218.0,EUR,2,,NC1(c2cocn2)CC1,2025-09-29,1,6,6,{'Amidation'},"{9066, 9131, 9230, 9170, 9115, 9055}","{299329, 299274, 299214, 299225, 299290, 299389}"
299160,CCc1nc(CN)co1,SHYNDGLQFBPFKG-UHFFFAOYSA-N,5.0,50.0,133841,Enamine,EU stock,EN300-246570,240.0,EUR,2,,CCc1nc(CN)co1,2025-09-29,1,5,5,{'Amidation'},"{9056, 9063, 9134, 9171, 9119}","{299330, 299278, 299215, 299222, 299293}"
292365,NNC(=O)c1cocn1,BJKXXQQGEZGQSQ-UHFFFAOYSA-N,4.0,100.0,81639,Enamine,Global catalog,EN300-3409048,46.0,EUR,10,,NNC(=O)c1cocn1,2025-09-29,1,4,4,{'Amidation'},"{9064, 9057, 9227, 9133}","{299216, 299386, 299292, 299223}"
299161,CCc1ocnc1CN,KXOVNVFIASAAIF-UHFFFAOYSA-N,3.0,100.0,85451,Enamine,Global catalog,EN300-20882115,259.0,EUR,10,,CCc1ocnc1CN.Cl,2025-09-29,1,3,3,{'Amidation'},"{9065, 9132, 9125}","{299224, 299291, 299284}"
299162,NCc1ncoc1C(F)F,VLDIJHNFXUULSX-UHFFFAOYSA-N,6.0,50.0,124172,Enamine,EU stock,EN300-6736147,240.0,EUR,2,,Cl.NCc1ncoc1C(F)F,2025-09-29,1,6,6,{'Amidation'},"{9156, 9197, 9101, 9142, 9079, 9270}","{299301, 299238, 299429, 299315, 299356, 299260}"
299168,Cc1nc(C(C)N)c(C)o1,FAOHLDUODWJJSX-UHFFFAOYSA-N,6.0,50.0,136357,Enamine,EU stock,EN300-27736206,177.0,EUR,2,,Cc1nc(C(C)N)c(C)o1.Cl,2025-09-29,1,6,6,{'Amidation'},"{9089, 9153, 9095, 9293, 9209, 9146}","{299368, 299305, 299248, 299312, 299254, 299452}"
299169,NCc1coc(C(F)F)n1,QJARSXKPLBXDSU-UHFFFAOYSA-N,5.0,100.0,82035,Enamine,Global catalog,EN300-7548871,994.0,EUR,10,,Cl.NCc1coc(C(F)F)n1,2025-09-29,1,5,5,{'Amidation'},"{9208, 9090, 9094, 9144, 9147}","{299367, 299303, 299306, 299249, 299253}"
299170,CCc1nc(CN)c(C)o1,JZYCVDAZFUHLLH-UHFFFAOYSA-N,6.0,100.0,95388,Enamine,Global catalog,EN300-206803,641.0,EUR,10,,CCc1nc(CN)c(C)o1,2025-09-29,1,6,6,{'Amidation'},"{9091, 9096, 9162, 9291, 9198, 9151}","{299310, 299250, 299255, 299321, 299450, 299357}"
299167,COCc1ocnc1CN,BTZMUPYGWFYULR-UHFFFAOYSA-N,2.0,50.0,146906,Enamine,EU stock,EN300-6760193,199.0,EUR,2,,COCc1ocnc1CN.Cl,2025-09-29,1,2,2,{'Amidation'},"{9138, 9092}","{299297, 299251}"
285560,CN(C)Cc1nc(CN)co1,XLYZRTVNKRYLPM-UHFFFAOYSA-N,6.0,15.5,25826,Enamine,Functional,EN300-651109,456.4,EUR,10,0.9,CN(C)CC1=NC(=CO1)CN,2025-10-07,1,6,6,{'Amidation'},"{9195, 9103, 9331, 9113, 9178, 9245}","{299490, 299272, 299337, 299404, 299354, 299262}"
299171,Cc1oc(C2CC2)nc1CN,RXXPTBUNABTDMR-UHFFFAOYSA-N,6.0,100.0,73170,Enamine,Global catalog,EN300-27149370,574.0,EUR,10,,Cc1oc(C2CC2)nc1CN.Cl.Cl,2025-09-29,1,6,6,{'Amidation'},"{9190, 9104, 9237, 9333, 9114, 9182}","{299396, 299492, 299273, 299341, 299349, 299263}"
299172,Cc1oc(C(C)C)nc1CN,ZOFKORBWRWSFMI-UHFFFAOYSA-N,3.0,100.0,66612,Enamine,Global catalog,EN300-206807,641.0,EUR,10,,Cc1oc(C(C)C)nc1CN,2025-09-29,1,3,3,{'Amidation'},"{9105, 9179, 9110}","{299264, 299338, 299269}"
299174,NCc1ncoc1C(F)(F)F,GZIDDERMQJYQKP-UHFFFAOYSA-N,6.0,50.0,124421,Enamine,EU stock,EN300-6731600,227.0,EUR,2,,Cl.NCc1ncoc1C(F)(F)F,2025-09-29,1,6,6,{'Amidation'},"{9326, 9200, 9107, 9112, 9243, 9181}","{299266, 299271, 299402, 299340, 299485, 299359}"
299175,NCc1coc(C(F)(F)F)n1,NCDGBPNIPDNTIN-UHFFFAOYSA-N,5.0,50.0,133307,Enamine,EU stock,EN300-1703383,297.0,EUR,2,,Cl.NCc1coc(C(F)(F)F)n1,2025-09-29,1,5,5,{'Amidation'},"{9199, 9108, 9109, 9211, 9244}","{299267, 299268, 299370, 299403, 299358}"
299166,NCc1ncoc1C1CC1,KYUCQLPLNZQLIV-UHFFFAOYSA-N,3.0,50.0,146627,Enamine,EU stock,EN300-6475287,221.0,EUR,2,,Cl.NCc1ncoc1C1CC1,2025-09-29,1,3,3,{'Amidation'},"{9210, 9148, 9290}","{299369, 299307, 299449}"
285586,CC(C)c1ocnc1CN,BWKKOGZKDBHSMN-UHFFFAOYSA-N,1.0,17.7,25664,Enamine,HTS,EN300-6482400,44.1,EUR,10,0.9,Cl.CC(C)C=1OC=NC1CN,2025-10-07,1,1,1,{'Amidation'},{9158},{299317}
299163,CNC(=O)c1coc(N)n1,BAEKHRCNQCVPKL-UHFFFAOYSA-N,2.0,50.0,111510,Enamine,EU stock,EN300-235170,161.0,EUR,2,,CNC(=O)c1coc(N)n1,2025-09-29,1,2,2,{'Amidation'},"{9160, 9161}","{299320, 299319}"
299176,NCc1coc(-c2cccs2)n1,FCSLMYPGDAPEJF-UHFFFAOYSA-N,5.0,100.0,68693,Enamine,Global catalog,EN300-24550,167.0,EUR,10,,Cl.NCc1coc(-c2cccs2)n1,2025-09-29,1,5,5,{'Amidation'},"{9163, 9165, 9262, 9234, 9242}","{299393, 299401, 299322, 299324, 299421}"
299179,NCc1coc(-c2ccccc2)n1,NGYFPQIRGGHIHK-UHFFFAOYSA-N,5.0,50.0,106978,Enamine,EU stock,EN300-85787,23.0,EUR,2,,Cl.NCc1coc(-c2ccccc2)n1,2025-09-29,1,5,5,{'Amidation'},"{9187, 9316, 9264, 9265, 9175}","{299424, 299334, 299346, 299475, 299423}"
299173,CC(C)(C)c1ocnc1CN,UGKPMUHNYJGEEV-UHFFFAOYSA-N,1.0,50.0,124515,Enamine,EU stock,EN300-6762288,206.0,EUR,2,,CC(C)(C)c1ocnc1CN.Cl,2025-09-29,1,1,1,{'Amidation'},{9194},{299353}
299183,Cc1oc(-c2ccccc2)nc1CN,LEKZZMAVLLJSNA-UHFFFAOYSA-N,3.0,50.0,124146,Enamine,EU stock,EN300-6733567,63.0,EUR,2,,Cc1oc(-c2ccccc2)nc1CN,2025-09-29,1,3,3,{'Amidation'},"{9248, 9313, 9319}","{299472, 299478, 299407}"
289812,O=C(O)c1nn(Cc2ccc(Cl)cc2Cl)c2ccccc12,WDRYRZXSPDWGEB-UHFFFAOYSA-N,1.0,50.0,139492,Enamine,EU stock,EN300-345010,384.0,EUR,2,,O=C(O)c1nn(Cc2ccc(Cl)cc2Cl)c2ccccc12,2025-09-29,1,1,1,{'Amidation'},{9253},{299412}
299181,NCc1ncoc1-c1ccccc1,WDSJMHVEHRAEBR-UHFFFAOYSA-N,1.0,50.0,137192,Enamine,EU stock,EN300-7424806,227.0,EUR,2,,Cl.NCc1ncoc1-c1ccccc1,2025-09-29,1,1,1,{'Amidation'},{9267},{299426}
299185,Cc1ccc(-c2nc(CN)co2)cc1,BUOOJNCQAYOJQQ-UHFFFAOYSA-N,1.0,50.0,116787,Enamine,EU stock,EN300-706237,161.0,EUR,2,,Cc1ccc(-c2nc(CN)co2)cc1.Cl,2025-09-29,1,1,1,{'Amidation'},{9312},{299471}
299522,O=C1CC2(CC2)C(C(=O)O)N1,WVLXZLHNSJDSLS-UHFFFAOYSA-N,1.0,50.0,144303,Enamine,EU stock,EN300-171193,221.0,EUR,2,,O=C1CC2(CC2)C(C(=O)O)N1,2025-09-29,1,1,1,{'Amidation'},{9370},{299566}
299537,NCCC#CCO,YWRGDVSXKHWBKK-UHFFFAOYSA-N,1.0,50.0,137233,Enamine,EU stock,EN300-27754874,240.0,EUR,2,,Cl.NCCC#CCO,2025-09-29,1,1,1,{'Amidation'},{9370},{299566}
299523,O=C1NC(C(=O)O)C2CCC12,RMZFYHFDINTFMQ-UHFFFAOYSA-N,1.0,100.0,66929,Enamine,Global catalog,EN300-6735902,672.0,EUR,10,,O=C(O)[C@H]1NC(=O)[C@@H]2CC[C@H]12,2025-09-29,1,1,1,{'Amidation'},{9380},{299576}
299536,CCC#CCCN,BOSJIPJDUDDZAA-UHFFFAOYSA-N,2.0,50.0,136137,Enamine,EU stock,EN300-7589800,237.0,EUR,2,,CCC#CCCN.Cl,2025-09-29,1,2,2,{'Amidation'},"{9480, 9380}","{299576, 299676}"
291915,O=C1CCC2(C(=O)O)SCCN12,KUQNZOVOMLCCNA-UHFFFAOYSA-N,1.0,50.0,107986,Enamine,EU stock,EN300-10334,44.0,EUR,2,,O=C1CCC2(C(=O)O)SCCN12,2025-09-29,1,1,1,{'Amidation'},{9396},{299592}
299538,CC#CCC(C)N,NQECNYGAVGZCPD-UHFFFAOYSA-N,1.0,50.0,149978,Enamine,EU stock,EN300-2962549,215.0,EUR,2,,CC#CCC(C)N,2025-09-29,1,1,1,{'Amidation'},{9396},{299592}
291918,O=C(O)C1CCC(=O)N1CCC(F)(F)F,SWGBHZPQINZWGV-UHFFFAOYSA-N,1.0,50.0,119602,Enamine,EU stock,EN300-1720576,208.0,EUR,2,,O=C(O)C1CCC(=O)N1CCC(F)(F)F,2025-09-29,1,1,1,{'Amidation'},{9480},{299676}
299736,CC(N)Cn1cncn1,ZTZDXHFMAKRNMX-UHFFFAOYSA-N,1.0,50.0,116166,Enamine,EU stock,EN300-57824,18.0,EUR,2,,CC(N)Cn1cncn1,2025-09-29,1,1,1,{'Amidation'},{9540},{299790}
37312,c1ncn(C2CNC2)n1,VBGWAUZHDAWVJI-UHFFFAOYSA-N,1.0,50.0,144276,Enamine,EU stock,EN300-66518,215.0,EUR,2,,Cl.Cl.c1ncn(C2CNC2)n1,2025-09-29,1,1,1,{'Amidation'},{9543},{299793}
299739,NCCn1cnc(Br)n1,KRLSCRKAYAWISJ-UHFFFAOYSA-N,1.0,100.0,88755,Enamine,Global catalog,EN300-47245060,320.0,EUR,10,,Cl.NCCn1cnc(Br)n1,2025-09-29,1,1,1,{'Amidation'},{9544},{299794}
299742,NCC1(n2cncn2)CC1,DFLPKJLOGXIREA-UHFFFAOYSA-N,1.0,50.0,124121,Enamine,EU stock,EN300-6733137,208.0,EUR,2,,Cl.NCC1(n2cncn2)CC1,2025-09-29,1,1,1,{'Amidation'},{9547},{299797}
299745,CC(N)C(C)n1cncn1,YYLBLMYFEQNWIL-UHFFFAOYSA-N,1.0,50.0,132989,Enamine,EU stock,EN300-72535,129.0,EUR,2,,CC(N)C(C)n1cncn1,2025-09-29,1,1,1,{'Amidation'},{9550},{299800}
299747,CCC(N)Cn1cncn1,IMMFDFZUJMHIOJ-UHFFFAOYSA-N,1.0,100.0,73499,Enamine,Global catalog,EN300-2971034,103.0,EUR,10,,CCC(N)Cn1cncn1,2025-09-29,1,1,1,{'Amidation'},{9552},{299802}
299748,N#Cc1ncn(CCN)n1,FXHMENSHCHMPQZ-UHFFFAOYSA-N,1.0,100.0,78414,Enamine,Global catalog,EN300-210104,250.0,EUR,10,,Cl.N#Cc1ncn(CCN)n1,2025-09-29,1,1,1,{'Amidation'},{9553},{299803}
299749,Cc1nc(C)n(CCN)n1,OIVJDIWINLEWFU-UHFFFAOYSA-N,1.0,50.0,141602,Enamine,EU stock,EN300-1236365,30.0,EUR,2,,Cc1nc(C)n(CCN)n1,2025-09-29,1,1,1,{'Amidation'},{9554},{299804}
299753,Cc1nc(C)n(C2CNC2)n1,KKPNPQIXEWFHBD-UHFFFAOYSA-N,1.0,50.0,110853,Enamine,EU stock,EN300-200300,255.0,EUR,2,,Cc1nc(C)n(C2CNC2)n1.Cl.Cl,2025-09-29,1,1,1,{'Amidation'},{9558},{299808}
299754,Cc1nc2n(n1)CC(N)CC2,FYKDYYGNYLGWCA-UHFFFAOYSA-N,1.0,50.0,132744,Enamine,EU stock,EN300-65540,112.0,EUR,2,,Cc1nc2n(n1)CC(N)CC2,2025-09-29,1,1,1,{'Amidation'},{9559},{299809}
299755,CC(C)C(N)Cn1cncn1,MVVWBAYIPHIGSU-UHFFFAOYSA-N,1.0,100.0,75834,Enamine,Global catalog,EN300-2977641,339.0,EUR,10,,CC(C)C(N)Cn1cncn1,2025-09-29,1,1,1,{'Amidation'},{9560},{299810}
299757,CN(C)CCn1cnc(N)n1,OMUDAIGOKVMWNC-UHFFFAOYSA-N,1.0,100.0,80312,Enamine,Global catalog,EN300-1693011,307.0,EUR,10,,CN(C)CCn1cnc(N)n1.Cl.Cl,2025-09-29,1,1,1,{'Amidation'},{9562},{299812}
299759,CCc1nc2n(n1)CC(N)CC2,PJYAFOPPECXXAT-UHFFFAOYSA-N,1.0,50.0,106689,Enamine,EU stock,EN300-71107,165.0,EUR,2,,CCc1nc2n(n1)CC(N)CC2,2025-09-29,1,1,1,{'Amidation'},{9564},{299814}
299760,NCC(n1cncn1)C(F)(F)F,JNJNROJNNQBVCQ-UHFFFAOYSA-N,1.0,50.0,115161,Enamine,EU stock,EN300-341820,221.0,EUR,2,,NCC(n1cncn1)C(F)(F)F,2025-09-29,1,1,1,{'Amidation'},{9566},{299816}
299761,COC(=O)C(N)Cn1cncn1,OBOYXULYXLNOKL-UHFFFAOYSA-N,1.0,50.0,117051,Enamine,EU stock,EN300-736124,158.0,EUR,2,,COC(=O)C(N)Cn1cncn1.Cl.Cl,2025-09-29,1,1,1,{'Amidation'},{9567},{299817}
299762,COC(=O)c1ncn(CCN)n1,DMHQTHXJBHFGIO-UHFFFAOYSA-N,1.0,100.0,84184,Enamine,Global catalog,EN300-27102023,259.0,EUR,10,,COC(=O)c1ncn(CCN)n1.Cl,2025-09-29,1,1,1,{'Amidation'},{9568},{299818}
299767,NCCn1nc2ccccn2c1=O,OLRMEUCJESNBHA-UHFFFAOYSA-N,1.0,50.0,138841,Enamine,EU stock,EN300-58469,81.0,EUR,2,,NCCn1nc2ccccn2c1=O,2025-09-29,1,1,1,{'Amidation'},{9573},{299823}
299769,COCc1nc2n(n1)CC(N)CC2,YSSJLUSRTMOENN-UHFFFAOYSA-N,1.0,50.0,107640,Enamine,EU stock,EN300-106274,218.0,EUR,2,,COCc1nc2n(n1)CC(N)CC2,2025-09-29,1,1,1,{'Amidation'},{9575},{299825}
299779,NCCn1cnc(-c2nn[nH]n2)n1,UCAJEXAPBWDLMU-UHFFFAOYSA-N,1.0,50.0,140906,Enamine,EU stock,EN300-37351569,237.0,EUR,2,,Cl.NCCn1cnc(-c2nn[nH]n2)n1,2025-09-29,1,1,1,{'Amidation'},{9585},{299835}
299783,NC(Cn1cncn1)c1ccccc1,FYJDNCPFUPXEJK-UHFFFAOYSA-N,1.0,50.0,144061,Enamine,EU stock,EN300-64449,165.0,EUR,2,,NC(Cn1cncn1)c1ccccc1,2025-09-29,1,1,1,{'Amidation'},{9589},{299839}
299789,CCC(N)C(c1ccc(C)cc1)n1cncn1,JPFGKUSWXVKIDE-UHFFFAOYSA-N,1.0,50.0,132911,Enamine,EU stock,EN300-118627,171.0,EUR,2,,CCC(N)C(c1ccc(C)cc1)n1cncn1,2025-09-29,1,1,1,{'Amidation'},{9595},{299845}
300621,O=C(O)C1(Cl)CCC1,DPECEOKIDKPBCX-UHFFFAOYSA-N,1.0,50.0,123058,Enamine,EU stock,EN300-174740,165.0,EUR,2,,O=C(O)C1(Cl)CCC1,2025-09-29,1,1,1,{'Amidation'},{10252},{300681}
300647,CC1(CN)CCC(=O)N1,YEMHTMAJVSSDKA-UHFFFAOYSA-N,2.0,50.0,150311,Enamine,EU stock,EN300-250767,97.0,EUR,2,,CC1(CN)CCC(=O)N1.Cl,2025-09-29,1,2,2,{'Amidation'},"{10252, 10286}","{300681, 300715}"
300622,CCCC(Cl)C(=O)O,WZZRDRYYUVHLRD-UHFFFAOYSA-N,2.0,50.0,111618,Enamine,EU stock,EN300-146246,90.0,EUR,2,,CCCC(Cl)C(=O)O,2025-09-29,1,2,2,{'Amidation'},"{10272, 10303}","{300732, 300701}"
300651,CC1(C)CC(CN)NC1=O,AUQORDWDBQLGRP-UHFFFAOYSA-N,3.0,100.0,103861,Enamine,Global catalog,EN300-52818307,316.0,EUR,10,,CC1(C)CC(CN)NC1=O.Cl.Cl,2025-09-29,1,3,3,{'Amidation'},"{10272, 10289, 10274}","{300701, 300718, 300703}"
300623,C=CCC(Cl)C(=O)O,MRNJHZMMKIFBAV-UHFFFAOYSA-N,3.0,50.0,133943,Enamine,EU stock,EN300-378989,299.0,EUR,2,,C=CCC(Cl)C(=O)O,2025-09-29,1,3,3,{'Amidation'},"{10274, 10292, 10382}","{300721, 300811, 300703}"
300627,CC1(C)CC1(Cl)C(=O)O,CEUNXMNQSLWWMS-UHFFFAOYSA-N,1.0,50.0,121415,Enamine,EU stock,EN300-27106056,299.0,EUR,2,,CC1(C)CC1(Cl)C(=O)O,2025-09-29,1,1,1,{'Amidation'},{10286},{300715}
300620,CC(C)C(Cl)C(=O)O,DDTJFSPKEIAZAM-UHFFFAOYSA-N,1.0,50.0,111842,Enamine,EU stock,EN300-49240,21.0,EUR,2,,CC(C)C(Cl)C(=O)O,2025-09-29,1,1,1,{'Amidation'},{10289},{300718}
300650,NCC1CC(F)(F)C(=O)N1,UXEIQANCVYBOBE-UHFFFAOYSA-N,5.0,50.0,132053,Enamine,EU stock,EN300-1663789,262.0,EUR,2,,Cl.NCC1CC(F)(F)C(=O)N1,2025-09-29,1,5,5,{'Amidation'},"{10340, 10374, 10356, 10292, 10303}","{300769, 300803, 300721, 300785, 300732}"
300624,O=C(O)C1(Cl)CC1CCl,JOPPRLFCJUEYDW-UHFFFAOYSA-N,2.0,100.0,97117,Enamine,Global catalog,EN300-1719155,930.0,EUR,10,,O=C(O)C1(Cl)CC1CCl,2025-09-29,1,2,2,{'Amidation'},"{10340, 10454}","{300769, 300883}"
284353,CCC1(CN)CCC(=O)N1,QZUSWBIEQSLOIZ-UHFFFAOYSA-N,1.0,50.0,133521,Enamine,EU stock,EN300-7434314,158.0,EUR,2,,CCC1(CN)CCC(=O)N1.O=C(O)C(F)(F)F,2025-09-29,1,1,1,{'Amidation'},{10349},{300778}
300626,O=C(O)C1(Cl)CC1(F)F,JPXOCSNCMUTQGZ-UHFFFAOYSA-N,2.0,50.0,134181,Enamine,EU stock,EN300-26678592,202.0,EUR,2,,O=C(O)C1(Cl)CC1(F)F,2025-09-29,1,2,2,{'Amidation'},"{10353, 10349}","{300778, 300782}"
300619,O=C(O)C1(Cl)CC1,RSSNICRIXPNUQK-UHFFFAOYSA-N,1.0,50.0,133703,Enamine,EU stock,EN300-85306,201.0,EUR,2,,O=C(O)C1(Cl)CC1,2025-09-29,1,1,1,{'Amidation'},{10350},{300779}
300662,NCC1(C(F)(F)F)CCC(=O)N1,XTJOCXRPQIYVLD-UHFFFAOYSA-N,2.0,100.0,96886,Enamine,Global catalog,EN300-7535906,287.0,EUR,10,,NCC1(C(F)(F)F)CCC(=O)N1.O=C(O)C(F)(F)F,2025-09-29,1,2,2,{'Amidation'},"{10454, 10350}","{300883, 300779}"
300652,CC1(C)CC(=O)NC1CN,VCEGWUKOJZZHAV-UHFFFAOYSA-N,1.0,50.0,119434,Enamine,EU stock,EN300-1267258,221.0,EUR,2,,CC1(C)CC(=O)NC1CN,2025-09-29,1,1,1,{'Amidation'},{10353},{300782}
300625,CC(F)(F)C(Cl)C(=O)O,LVIQNNJPPNITPS-UHFFFAOYSA-N,2.0,50.0,127087,Enamine,EU stock,EN300-7614755,218.0,EUR,2,,CC(F)(F)C(Cl)C(=O)O,2025-09-29,1,2,2,{'Amidation'},"{10356, 10413}","{300785, 300842}"
300632,CC(C)C1OC1(Cl)C(=O)O,VBKIKLRGRCYBPM-UHFFFAOYSA-N,1.0,100.0,90617,Enamine,Global catalog,EN300-7660664,354.0,EUR,10,,CC(C)C1OC1(Cl)C(=O)O,2025-09-29,1,1,1,{'Amidation'},{10374},{300803}
300664,NCC12CCCCC1CC(=O)N2,FCBVMDBGTCXFSB-UHFFFAOYSA-N,1.0,50.0,122175,Enamine,EU stock,EN300-27693865,208.0,EUR,2,,NC[C@]12CCCC[C@H]1CC(=O)N2.O=C(O)C(F)(F)F,2025-09-29,1,1,1,{'Amidation'},{10382},{300811}
300654,NCC12CCCC(C1)C(=O)N2,ALCXFZKSKLDIRN-UHFFFAOYSA-N,2.0,50.0,133048,Enamine,EU stock,EN300-1702906,299.0,EUR,2,,NCC12CCCC(C1)C(=O)N2,2025-09-29,1,2,2,{'Amidation'},"{10465, 10413}","{300842, 300894}"
300631,CC(F)(F)C(C)(Cl)C(=O)O,FANMCBDAAOTRRZ-UHFFFAOYSA-N,1.0,50.0,150531,Enamine,EU stock,EN300-37476189,195.0,EUR,2,,CC(F)(F)C(C)(Cl)C(=O)O,2025-09-29,1,1,1,{'Amidation'},{10465},{300894}
300638,CN1C(=O)CCC1C(Cl)C(=O)O,IRVLNLBCWGQIOZ-UHFFFAOYSA-N,1.0,100.0,54499,Enamine,Global catalog,EN300-46309008,491.0,EUR,10,,CN1C(=O)CCC1C(Cl)C(=O)O,2025-09-29,1,1,1,{'Amidation'},{10544},{300973}
300671,NCC12CCCC1CC(=O)N2,GEDJRBZKYHZBEZ-UHFFFAOYSA-N,1.0,50.0,121875,Enamine,EU stock,EN300-7500275,158.0,EUR,2,,NCC12CCCC1CC(=O)N2.O=C(O)C(F)(F)F,2025-09-29,1,1,1,{'Amidation'},{10544},{300973}
300636,COC(=O)C1(Cl)CC1C(=O)O,QJDXLZDPYTWCAC-UHFFFAOYSA-N,1.0,50.0,120633,Enamine,EU stock,EN300-1724095,215.0,EUR,2,,COC(=O)[C@]1(Cl)C[C@H]1C(=O)O,2025-09-29,1,1,1,{'Amidation'},{10573},{301002}
300666,NCC1NC(=O)CC12CCOCC2,NQCQLYGSQGUXJJ-UHFFFAOYSA-N,1.0,100.0,104435,Enamine,Global catalog,EN300-52749055,287.0,EUR,10,,Cl.NCC1NC(=O)CC12CCOCC2,2025-09-29,1,1,1,{'Amidation'},{10573},{301002}
301641,O=C(O)C1CC1C(F)(F)F,GSNLYQDUCHEFFQ-UHFFFAOYSA-N,1.0,50.0,112023,Enamine,EU stock,EN300-245139,178.0,EUR,2,,O=C(O)[C@@H]1C[C@H]1C(F)(F)F,2025-09-29,1,1,1,{'Amidation'},{11027},{301712}
301706,Nc1ccc2c(c1)CCCC(=O)N2,QEZZUFANNFFZIH-UHFFFAOYSA-N,30.0,50.0,112495,Enamine,EU stock,EN300-69099,43.0,EUR,2,,Nc1ccc2c(c1)CCCC(=O)N2,2025-09-29,1,30,30,{'Amidation'},"{11027, 11029, 11030, 11031, 11032, 11036, 11037, 11044, 11045, 11051, 11052, 11053, 11054, 11055, 11056, 11061, 11062, 11063, 11069, 11071, 11073, 11074, 11076, 11078, 11100, 11101, 11102, 11103, 11104, 11105}","{301712, 301714, 301715, 301716, 301717, 301721, 301722, 301729, 301730, 301736, 301737, 301738, 301739, 301740, 301741, 301746, 301747, 301748, 301754, 301756, 301758, 301759, 301761, 301763, 301785, 301786, 301787, 301788, 301789, 301790}"
301643,CC(C(F)C(=O)O)C(F)(F)F,KNYZBANUFNXXRD-UHFFFAOYSA-N,2.0,50.0,119064,Enamine,EU stock,EN300-1693183,416.0,EUR,2,,CC(C(F)C(=O)O)C(F)(F)F,2025-09-29,1,2,2,{'Amidation'},"{11049, 11029}","{301714, 301734}"
301644,CC1(C(F)(F)F)CC1C(=O)O,WKZNMMFCNWHXFG-UHFFFAOYSA-N,2.0,50.0,124995,Enamine,EU stock,EN300-6760089,299.0,EUR,2,,C[C@@]1(C(F)(F)F)C[C@H]1C(=O)O,2025-09-29,1,2,2,{'Amidation'},"{11042, 11030}","{301715, 301727}"
301645,O=C(O)C1CCC1C(F)(F)F,SDOPWTZUKAGTRM-UHFFFAOYSA-N,1.0,50.0,150957,Enamine,EU stock,EN300-1425976,328.0,EUR,2,,O=C(O)[C@H]1CC[C@H]1C(F)(F)F,2025-09-29,1,1,1,{'Amidation'},{11031},{301716}
301646,O=C(O)C1(O)CC1C(F)(F)F,OUKSLJZHSBLTFK-UHFFFAOYSA-N,1.0,50.0,137121,Enamine,EU stock,EN300-22212768,631.0,EUR,2,,O=C(O)C1(O)CC1C(F)(F)F,2025-09-29,1,1,1,{'Amidation'},{11032},{301717}
301649,CC(O)(CC(=O)O)C(F)(F)F,JCJGOWYCFRASTM-UHFFFAOYSA-N,1.0,100.0,26800,Enamine,Global catalog,EN300-14885,18.0,EUR,10,,CC(O)(CC(=O)O)C(F)(F)F,2025-09-29,1,1,1,{'Amidation'},{11036},{301721}
301650,CC1(C(=O)O)CC1C(F)(F)F,MVNRGPSCFHXBBA-UHFFFAOYSA-N,1.0,50.0,123576,Enamine,EU stock,EN300-221166,299.0,EUR,2,,CC1(C(=O)O)CC1C(F)(F)F,2025-09-29,1,1,1,{'Amidation'},{11037},{301722}
301707,Cc1cc(N)ccc1N1CCCC1=O,QILAIGZHEOJTNQ-UHFFFAOYSA-N,17.0,50.0,133444,Enamine,EU stock,EN300-26373,18.0,EUR,2,,Cc1cc(N)ccc1N1CCCC1=O,2025-09-29,1,17,17,{'Amidation'},"{11136, 11042, 11106, 11050, 11147, 11116, 11148, 11118, 11149, 11165, 11122, 11188, 11126, 11159, 11160, 11164, 11133}","{301735, 301832, 301801, 301833, 301803, 301834, 301807, 301727, 301873, 301811, 301844, 301845, 301849, 301818, 301850, 301821, 301791}"
301651,O=C(O)C1CCCC1C(F)(F)F,RKYLBCFPTQKTNH-UHFFFAOYSA-N,1.0,50.0,117981,Enamine,EU stock,EN300-1272219,330.0,EUR,2,,O=C(O)[C@@H]1CCC[C@H]1C(F)(F)F,2025-09-29,1,1,1,{'Amidation'},{11044},{301729}
301652,O=C(O)C1OCCC1C(F)(F)F,LBFCIEMFEIGVEW-UHFFFAOYSA-N,1.0,50.0,121082,Enamine,EU stock,EN300-27102130,330.0,EUR,2,,O=C(O)[C@@H]1OCC[C@H]1C(F)(F)F,2025-09-29,1,1,1,{'Amidation'},{11045},{301730}
301642,CCC(CC(=O)O)C(F)(F)F,UWBFKJIVHZZGHM-UHFFFAOYSA-N,2.0,50.0,119635,Enamine,EU stock,EN300-624480,69.0,EUR,2,,CCC(CC(=O)O)C(F)(F)F,2025-09-29,1,2,2,{'Amidation'},"{11050, 11046}","{301731, 301735}"
301708,CN1C(=O)CCCc2cc(N)ccc21,ZFEPNHZKFHMDPN-UHFFFAOYSA-N,6.0,50.0,117016,Enamine,EU stock,EN300-223137,154.0,EUR,2,,CN1C(=O)CCCc2cc(N)ccc21,2025-09-29,1,6,6,{'Amidation'},"{11046, 11112, 11049, 11145, 11090, 11129}","{301731, 301797, 301734, 301830, 301775, 301814}"
301653,N#CC1(C(=O)O)CC1C(F)(F)F,PKJHRVSFVVXNMT-UHFFFAOYSA-N,1.0,100.0,52570,Enamine,Global catalog,EN300-1448638,444.0,EUR,10,,N#CC1(C(=O)O)CC1C(F)(F)F,2025-09-29,1,1,1,{'Amidation'},{11051},{301736}
301654,CC(C(F)(F)F)C(C)(C)C(=O)O,HQZJZAZBECZVAG-UHFFFAOYSA-N,2.0,100.0,98300,Enamine,Global catalog,EN300-52211589,320.0,EUR,10,,CC(C(F)(F)F)C(C)(C)C(=O)O,2025-09-29,1,2,2,{'Amidation'},"{11090, 11052}","{301737, 301775}"
301655,CC(C)(C(O)C(=O)O)C(F)(F)F,PCSDXTGUQPNRRY-UHFFFAOYSA-N,1.0,50.0,125149,Enamine,EU stock,EN300-1970795,503.0,EUR,2,,CC(C)(C(O)C(=O)O)C(F)(F)F,2025-09-29,1,1,1,{'Amidation'},{11053},{301738}
301656,O=C(O)C1(CF)CC1C(F)(F)F,UHQFAVRAMDYHDV-UHFFFAOYSA-N,1.0,100.0,100999,Enamine,Global catalog,EN300-37378903,491.0,EUR,10,,O=C(O)C1(CF)CC1C(F)(F)F,2025-09-29,1,1,1,{'Amidation'},{11054},{301739}
301657,CC(O)(C(O)C(=O)O)C(F)(F)F,KMWOFMCQAUPKQI-UHFFFAOYSA-N,1.0,100.0,95367,Enamine,Global catalog,EN300-246555,603.0,EUR,10,,CC(O)(C(O)C(=O)O)C(F)(F)F,2025-09-29,1,1,1,{'Amidation'},{11055},{301740}
301658,O=C(O)C1COCC1C(F)(F)F,HHSILWYQDXGCRS-UHFFFAOYSA-N,1.0,50.0,145933,Enamine,EU stock,EN300-1608874,512.0,EUR,2,,O=C(O)[C@@H]1COC[C@H]1C(F)(F)F,2025-09-29,1,1,1,{'Amidation'},{11056},{301741}
301659,O=C(O)CC1(C(F)(F)F)CCC1,DWRYUBZHFBATBD-UHFFFAOYSA-N,1.0,50.0,128834,Enamine,EU stock,EN300-1973471,319.0,EUR,2,,O=C(O)CC1(C(F)(F)F)CCC1,2025-09-29,1,1,1,{'Amidation'},{11061},{301746}
301660,O=C(O)C1(CO)CC1C(F)(F)F,VYRNLKRWKXAOTM-UHFFFAOYSA-N,1.0,100.0,93368,Enamine,Global catalog,EN300-37378889,326.0,EUR,10,,O=C(O)C1(CO)CC1C(F)(F)F,2025-09-29,1,1,1,{'Amidation'},{11062},{301747}
301661,O=C(O)C1CC(=O)C1C(F)(F)F,VEBYEEKAOZUULR-UHFFFAOYSA-N,1.0,100.0,85080,Enamine,Global catalog,EN300-45194341,359.0,EUR,10,,O=C(O)C1CC(=O)C1C(F)(F)F,2025-09-29,1,1,1,{'Amidation'},{11063},{301748}
301663,O=C(O)C1C([N+](=O)[O-])C1C(F)(F)F,NXEJLGSOLHZTHT-UHFFFAOYSA-N,2.0,50.0,130069,Enamine,EU stock,EN300-1716481,299.0,EUR,2,,O=C(O)C1C([N+](=O)[O-])C1C(F)(F)F,2025-09-29,1,2,2,{'Amidation'},"{11069, 11118}","{301754, 301803}"
301664,CN(C)CC(CC(=O)O)C(F)(F)F,KDSQORLWJWYNSS-UHFFFAOYSA-N,2.0,50.0,127776,Enamine,EU stock,EN300-26860848,208.0,EUR,2,,CN(C)CC(CC(=O)O)C(F)(F)F.Cl,2025-09-29,1,2,2,{'Amidation'},"{11129, 11071}","{301756, 301814}"
301666,O=C1CC(C(=O)O)C(C(F)(F)F)C1,UTZCOSPGLOOCAS-UHFFFAOYSA-N,1.0,100.0,84275,Enamine,Global catalog,EN300-2007800,444.0,EUR,10,,O=C1CC(C(=O)O)C(C(F)(F)F)C1,2025-09-29,1,1,1,{'Amidation'},{11073},{301758}
299527,O=C1CC(C(F)(F)F)C(C(=O)O)N1,QNSRKTDHKSZVOJ-UHFFFAOYSA-N,1.0,50.0,110215,Enamine,EU stock,EN300-169955,208.0,EUR,2,,O=C1CC(C(F)(F)F)C(C(=O)O)N1,2025-09-29,1,1,1,{'Amidation'},{11074},{301759}
301668,O=C(O)C1CC=CCC1C(F)(F)F,UIDABFKCGLTQFA-UHFFFAOYSA-N,1.0,50.0,112401,Enamine,EU stock,EN300-332122,147.0,EUR,2,,O=C(O)[C@@H]1CC=CC[C@H]1C(F)(F)F,2025-09-29,1,1,1,{'Amidation'},{11076},{301761}
301669,CC1(C)CC(C(=O)O)C1C(F)(F)F,VZRKXLVQOHACJO-UHFFFAOYSA-N,2.0,100.0,100169,Enamine,Global catalog,EN300-1718997,448.0,EUR,10,,CC1(C)CC(C(=O)O)C1C(F)(F)F,2025-09-29,1,2,2,{'Amidation'},"{11106, 11078}","{301763, 301791}"
301670,O=C(O)C1CN2CCC1(C(F)(F)F)C2,OHOKFOAVOXZAAF-UHFFFAOYSA-N,1.0,100.0,78379,Enamine,Global catalog,EN300-39850662,453.0,EUR,10,,Cl.O=C(O)C1CN2CCC1(C(F)(F)F)C2,2025-09-29,1,1,1,{'Amidation'},{11101},{301786}
301671,O=C(O)C(O)C(C(F)(F)F)C(F)(F)F,MGTHEOUUYIBEHI-UHFFFAOYSA-N,1.0,100.0,66605,Enamine,Global catalog,EN300-1941721,491.0,EUR,10,,O=C(O)C(O)C(C(F)(F)F)C(F)(F)F,2025-09-29,1,1,1,{'Amidation'},{11102},{301787}
301672,O=C(O)C1CS(=O)(=O)CC1C(F)(F)F,QEHAGODANYMGKI-UHFFFAOYSA-N,2.0,50.0,135641,Enamine,EU stock,EN300-263745,126.0,EUR,2,,O=C(O)C1CS(=O)(=O)CC1C(F)(F)F,2025-09-29,1,2,2,{'Amidation'},"{11136, 11103}","{301788, 301821}"
301673,O=C(O)C1CC1(C(F)(F)F)C(F)(F)F,CNINSNRRLKFOBX-UHFFFAOYSA-N,1.0,100.0,46454,Enamine,Global catalog,EN300-89610,458.0,EUR,10,,O=C(O)C1CC1(C(F)(F)F)C(F)(F)F,2025-09-29,1,1,1,{'Amidation'},{11104},{301789}
301674,O=C(O)C1C2CCC(C2)C1C(F)(F)F,HZYDSKBWLZMDTC-UHFFFAOYSA-N,2.0,50.0,122445,Enamine,EU stock,EN300-6474826,240.0,EUR,2,,O=C(O)C1C2CCC(C2)C1C(F)(F)F,2025-09-29,1,2,2,{'Amidation'},"{11105, 11147}","{301832, 301790}"
301675,CC1OCC(C(F)(F)F)C1C(=O)O,OAJWIGSGACEMJZ-UHFFFAOYSA-N,1.0,100.0,96452,Enamine,Global catalog,EN300-716456,448.0,EUR,10,,C[C@H]1OC[C@@H](C(F)(F)F)[C@@H]1C(=O)O,2025-09-29,1,1,1,{'Amidation'},{11112},{301797}
301676,O=C(O)C1C2CCC1(C(F)(F)F)C2,DFBYEBLVKCFLDS-UHFFFAOYSA-N,1.0,100.0,82882,Enamine,Global catalog,EN300-44826068,716.0,EUR,10,,O=C(O)[C@H]1[C@H]2CC[C@]1(C(F)(F)F)C2,2025-09-29,1,1,1,{'Amidation'},{11116},{301801}
301677,O=C(O)C1CCCCC1C(F)(F)F,RAGWFGSHOZGADV-UHFFFAOYSA-N,2.0,50.0,114370,Enamine,EU stock,EN300-303606,253.0,EUR,2,,O=C(O)[C@@H]1CCCC[C@H]1C(F)(F)F,2025-09-29,1,2,2,{'Amidation'},"{11122, 11138}","{301823, 301807}"
301665,O=C(O)CC(C1CCC1)C(F)(F)F,OWFSMUOITBHJRT-UHFFFAOYSA-N,2.0,50.0,122786,Enamine,EU stock,EN300-1931396,215.0,EUR,2,,O=C(O)CC(C1CCC1)C(F)(F)F,2025-09-29,1,2,2,{'Amidation'},"{11134, 11126}","{301811, 301819}"
301710,Cc1cc(N)ccc1N1C(=O)CCC1=O,LRJIDSGEYCYJHT-UHFFFAOYSA-N,10.0,50.0,106881,Enamine,EU stock,EN300-75730,63.0,EUR,2,,Cc1cc(N)ccc1N1C(=O)CCC1=O,2025-09-29,1,10,10,{'Amidation'},"{11138, 11171, 11203, 11173, 11174, 11175, 11181, 11151, 11155, 11134}","{301856, 301888, 301858, 301859, 301860, 301866, 301836, 301840, 301819, 301823}"
301684,CN(C)CC(C)(CC(=O)O)C(F)(F)F,GSDBEPZZOBMOIE-UHFFFAOYSA-N,2.0,50.0,120930,Enamine,EU stock,EN300-27082282,260.0,EUR,2,,CN(C)CC(C)(CC(=O)O)C(F)(F)F.Cl,2025-09-29,1,2,2,{'Amidation'},"{11145, 11151}","{301836, 301830}"
301685,O=C(O)C1C2CCC(CC2)C1C(F)(F)F,FJFORPKGTCBBPR-UHFFFAOYSA-N,2.0,50.0,113866,Enamine,EU stock,EN300-257263,154.0,EUR,2,,O=C(O)[C@H]1C2CCC(CC2)[C@@H]1C(F)(F)F,2025-09-29,1,2,2,{'Amidation'},"{11171, 11148}","{301856, 301833}"
301686,O=C(O)CC(c1ccccc1)C(F)(F)F,RYLOHTVBYHZHMN-UHFFFAOYSA-N,1.0,50.0,142409,Enamine,EU stock,EN300-68825,84.0,EUR,2,,O=C(O)CC(c1ccccc1)C(F)(F)F,2025-09-29,1,1,1,{'Amidation'},{11149},{301834}
301688,O=C(O)CC(c1ccc(Cl)cc1)C(F)(F)F,XDDKICGBQNLAQE-UHFFFAOYSA-N,2.0,50.0,125341,Enamine,EU stock,EN300-1929362,260.0,EUR,2,,O=C(O)CC(c1ccc(Cl)cc1)C(F)(F)F,2025-09-29,1,2,2,{'Amidation'},"{11181, 11159}","{301866, 301844}"
301689,Cc1ccc(C(O)(CC(=O)O)C(F)(F)F)o1,VBOTUWXOFROWQV-UHFFFAOYSA-N,2.0,50.0,108333,Enamine,EU stock,EN300-26620,40.0,EUR,2,,Cc1ccc(C(O)(CC(=O)O)C(F)(F)F)o1,2025-09-29,1,2,2,{'Amidation'},"{11160, 11175}","{301860, 301845}"
301693,Cc1csc(C(O)(CC(=O)O)C(F)(F)F)n1,HSKUOTMNACHDPJ-UHFFFAOYSA-N,2.0,50.0,108586,Enamine,EU stock,EN300-53989,129.0,EUR,2,,Cc1csc(C(O)(CC(=O)O)C(F)(F)F)n1,2025-09-29,1,2,2,{'Amidation'},"{11164, 11174}","{301849, 301859}"
301694,Cc1cnc(C(O)(CC(=O)O)C(F)(F)F)o1,OUCWGTZOHCPNEJ-UHFFFAOYSA-N,2.0,50.0,123319,Enamine,EU stock,EN300-6480948,299.0,EUR,2,,Cc1cnc(C(O)(CC(=O)O)C(F)(F)F)o1,2025-09-29,1,2,2,{'Amidation'},"{11165, 11173}","{301850, 301858}"
301691,O=C(O)CC(c1ccc(Cl)c(F)c1)C(F)(F)F,JWIFPZYSOWWZPT-UHFFFAOYSA-N,2.0,100.0,73653,Enamine,Global catalog,EN300-1929006,425.0,EUR,10,,O=C(O)CC(c1ccc(Cl)c(F)c1)C(F)(F)F,2025-09-29,1,2,2,{'Amidation'},"{11203, 11188}","{301888, 301873}"
301906,Cn1ccnc1CC(=O)O,MGIKMFCKRKDEIK-UHFFFAOYSA-N,1.0,50.0,113003,Enamine,EU stock,EN300-144117,55.0,EUR,2,,Cl.Cn1ccnc1CC(=O)O,2025-09-29,1,1,1,{'Amidation'},{11221},{301933}
301907,Cc1c[nH]c(CC(=O)O)n1,TXOZDSSNPJVBHO-UHFFFAOYSA-N,1.0,100.0,77399,Enamine,Global catalog,EN300-33038487,603.0,EUR,10,,Cc1c[nH]c(CC(=O)O)n1.Cl,2025-09-29,1,1,1,{'Amidation'},{11222},{301934}
301908,O=C(O)C1CCn2ccnc21,GUXCUQCVJJBAPZ-UHFFFAOYSA-N,1.0,50.0,115085,Enamine,EU stock,EN300-332903,233.0,EUR,2,,Cl.O=C(O)C1CCn2ccnc21,2025-09-29,1,1,1,{'Amidation'},{11223},{301935}
301909,CC(C)(C(=O)O)c1ncc[nH]1,NPUSYSKUENYRAN-UHFFFAOYSA-N,1.0,100.0,44305,Enamine,Global catalog,EN300-119413,359.0,EUR,10,,CC(C)(C(=O)O)c1ncc[nH]1,2025-09-29,1,1,1,{'Amidation'},{11224},{301936}
301910,CC(C(=O)O)c1nccn1C,RUNGRIFDFFUCOH-UHFFFAOYSA-N,1.0,100.0,44935,Enamine,Global catalog,EN300-1137743,339.0,EUR,10,,CC(C(=O)O)c1nccn1C,2025-09-29,1,1,1,{'Amidation'},{11225},{301937}
286039,CCc1cnc(CC(=O)O)[nH]1,NRULYIPUZSACLN-UHFFFAOYSA-N,1.0,50.0,131893,Enamine,EU stock,EN300-299525,516.0,EUR,2,,CCc1cnc(CC(=O)O)[nH]1.Cl,2025-09-29,1,1,1,{'Amidation'},{11226},{301938}
301911,Cc1nc(CC(=O)O)[nH]c1C,OAYHSXVJONMMNY-UHFFFAOYSA-N,1.0,100.0,84870,Enamine,Global catalog,EN300-19352479,287.0,EUR,10,,Cc1nc(CC(=O)O)[nH]c1C.Cl,2025-09-29,1,1,1,{'Amidation'},{11227},{301939}
301912,Cn1cc(Br)nc1CC(=O)O,BTQPDSAGIMOUMR-UHFFFAOYSA-N,1.0,100.0,93179,Enamine,Global catalog,EN300-52375023,287.0,EUR,10,,Cl.Cn1cc(Br)nc1CC(=O)O,2025-09-29,1,1,1,{'Amidation'},{11228},{301940}
301913,O=C(O)C(F)(F)c1ncc[nH]1,LRHDKYOKDBWODT-UHFFFAOYSA-N,1.0,100.0,97138,Enamine,Global catalog,EN300-125666,770.0,EUR,10,,Cl.O=C(O)C(F)(F)c1ncc[nH]1,2025-09-29,1,1,1,{'Amidation'},{11229},{301941}
301914,O=C(O)C1CCCn2ccnc21,YPBZAIDTVYRGIL-UHFFFAOYSA-N,1.0,50.0,115745,Enamine,EU stock,EN300-86488,154.0,EUR,2,,O=C(O)C1CCCn2ccnc21,2025-09-29,1,1,1,{'Amidation'},{11230},{301942}
301915,O=C(O)C1OCCn2ccnc21,RADUDMOWBXJWDS-UHFFFAOYSA-N,1.0,100.0,65290,Enamine,Global catalog,EN300-342699,349.0,EUR,10,,O=C(O)C1OCCn2ccnc21,2025-09-29,1,1,1,{'Amidation'},{11231},{301943}
301916,Cn1ccnc1C(C)(C)C(=O)O,JGBIYPPCAUXBRU-UHFFFAOYSA-N,1.0,100.0,66591,Enamine,Global catalog,EN300-1268028,320.0,EUR,10,,Cl.Cn1ccnc1C(C)(C)C(=O)O,2025-09-29,1,1,1,{'Amidation'},{11232},{301944}
301917,CC1(C(=O)O)CCn2ccnc21,BEQDBVWCXBVMFO-UHFFFAOYSA-N,1.0,50.0,141237,Enamine,EU stock,EN300-39869958,215.0,EUR,2,,CC1(C(=O)O)CCn2ccnc21.Cl,2025-09-29,1,1,1,{'Amidation'},{11233},{301945}
301918,Cc1cn2c(n1)C(C(=O)O)CC2,PXJJLFKGTWMSQA-UHFFFAOYSA-N,1.0,100.0,91590,Enamine,Global catalog,EN300-51975887,354.0,EUR,10,,Cc1cn2c(n1)C(C(=O)O)CC2.Cl,2025-09-29,1,1,1,{'Amidation'},{11234},{301946}
301919,Cc1cnc2n1CCC2C(=O)O,FADIFRGFORDIAO-UHFFFAOYSA-N,1.0,100.0,101783,Enamine,Global catalog,EN300-263405,354.0,EUR,10,,Cc1cnc2n1CCC2C(=O)O.Cl,2025-09-29,1,1,1,{'Amidation'},{11235},{301947}
301920,Cc1cnc2n1CCOC2C(=O)O,FOHZZORCXAWTAU-UHFFFAOYSA-N,1.0,100.0,44697,Enamine,Global catalog,EN300-52603681,326.0,EUR,10,,Cc1cnc2n1CCOC2C(=O)O,2025-09-29,1,1,1,{'Amidation'},{11236},{301948}
301921,O=C(O)C1CCCn2c(Br)cnc21,KUMNIJJSOWWJHW-UHFFFAOYSA-N,1.0,50.0,121735,Enamine,EU stock,EN300-7492020,227.0,EUR,2,,Cl.O=C(O)C1CCCn2c(Br)cnc21,2025-09-29,1,1,1,{'Amidation'},{11237},{301949}
301922,O=C(O)C1CCCCn2ccnc21,HPKBSXRPQGLMGX-UHFFFAOYSA-N,1.0,50.0,123729,Enamine,EU stock,EN300-46149213,173.0,EUR,2,,Cl.O=C(O)C1CCCCn2ccnc21,2025-09-29,1,1,1,{'Amidation'},{11238},{301950}
301923,Cc1cnc2n1CCCC2C(=O)O,PMVWMPVMQFFFIJ-UHFFFAOYSA-N,1.0,50.0,131794,Enamine,EU stock,EN300-7459652,297.0,EUR,2,,Cc1cnc2n1CCCC2C(=O)O.Cl,2025-09-29,1,1,1,{'Amidation'},{11239},{301951}
301924,Cn1c(Cl)cnc1C(F)(F)C(=O)O,ASIQQFJQWYORFZ-UHFFFAOYSA-N,1.0,100.0,67111,Enamine,Global catalog,EN300-120406,326.0,EUR,10,,Cl.Cn1c(Cl)cnc1C(F)(F)C(=O)O,2025-09-29,1,1,1,{'Amidation'},{11240},{301952}
301925,Cc1cn2c(n1)C(C(=O)O)CCC2,OUZMUVJBAOOROO-UHFFFAOYSA-N,1.0,50.0,136217,Enamine,EU stock,EN300-27115363,195.0,EUR,2,,Cc1cn2c(n1)C(C(=O)O)CCC2.Cl,2025-09-29,1,1,1,{'Amidation'},{11241},{301953}
301926,CC1(C(=O)O)CCCn2ccnc21,RXBSWKWLSMDBBA-UHFFFAOYSA-N,1.0,100.0,83225,Enamine,Global catalog,EN300-45173975,287.0,EUR,10,,CC1(C(=O)O)CCCn2ccnc21.Cl,2025-09-29,1,1,1,{'Amidation'},{11242},{301954}
301927,CCCn1ccnc1C(F)(F)C(=O)O,LRTYWLSBLWXFOV-UHFFFAOYSA-N,1.0,100.0,66171,Enamine,Global catalog,EN300-189482,429.0,EUR,10,,CCCn1ccnc1C(F)(F)C(=O)O.Cl,2025-09-29,1,1,1,{'Amidation'},{11243},{301955}
301928,O=C(O)C1CCCn2cc(C(F)(F)F)nc21,MTEGIGAXIPMRGL-UHFFFAOYSA-N,1.0,50.0,114857,Enamine,EU stock,EN300-266471,165.0,EUR,2,,O=C(O)C1CCCn2cc(C(F)(F)F)nc21,2025-09-29,1,1,1,{'Amidation'},{11244},{301956}
301929,O=C(O)C1CC(C(F)(F)F)Cn2ccnc21,ISEMOGUSFGHRTP-UHFFFAOYSA-N,1.0,50.0,135137,Enamine,EU stock,EN300-27193615,265.0,EUR,2,,Cl.O=C(O)C1CC(C(F)(F)F)Cn2ccnc21,2025-09-29,1,1,1,{'Amidation'},{11245},{301957}
301930,O=C(O)Cc1ncc(-c2ccc(Br)cc2)[nH]1,LIJXOTNMUXMHDY-UHFFFAOYSA-N,1.0,100.0,85437,Enamine,Global catalog,EN300-45139327,320.0,EUR,10,,Cl.O=C(O)Cc1ncc(-c2ccc(Br)cc2)[nH]1,2025-09-29,1,1,1,{'Amidation'},{11246},{301958}
301931,Cc1ccccc1-n1ccnc1CC(=O)O,XDZQAZIIZXXDDA-UHFFFAOYSA-N,1.0,50.0,143354,Enamine,EU stock,EN300-45567467,281.0,EUR,2,,Cc1ccccc1-n1ccnc1CC(=O)O.Cl,2025-09-29,1,1,1,{'Amidation'},{11247},{301959}
301932,Cn1c(C(F)(F)C(=O)O)nc2ccccc21,XHHCZBNFPGQOLK-UHFFFAOYSA-N,1.0,100.0,93389,Enamine,Global catalog,EN300-130331,387.0,EUR,10,,Cn1c(C(F)(F)C(=O)O)nc2ccccc21,2025-09-29,1,1,1,{'Amidation'},{11248},{301960}
301999,CC1=CCC(C(C)CC(=O)O)CC1,NQUREYWIIIRLGK-UHFFFAOYSA-N,1.0,50.0,122734,Enamine,EU stock,EN300-8131863,627.0,EUR,2,,CC1=CCC(C(C)CC(=O)O)CC1,2025-09-29,1,1,1,{'Amidation'},{11272},{302023}
302000,CC(C)NC1CCN(C)CC1,HFVHITFPTOELAY-UHFFFAOYSA-N,1.0,100.0,60994,Enamine,Global catalog,EN300-19167940,357.0,EUR,10,,CC(C)NC1CCN(C)CC1.Cl.Cl,2025-09-29,1,1,1,{'Amidation'},{11272},{302023}
302046,O=C1COc2cc(C(=O)O)ncc2N1,HOPAREZOLZJNEZ-UHFFFAOYSA-N,34.0,50.0,121153,Enamine,EU stock,EN300-28226312,237.0,EUR,2,,Cl.O=C1COc2cc(C(=O)O)ncc2N1,2025-09-29,1,34,34,{'Amidation'},"{11394, 11396, 11398, 11404, 11405, 11406, 11407, 11790, 11409, 11410, 11411, 11552, 11297, 11298, 11299, 11553, 11301, 11306, 11308, 11309, 11319, 11460, 11462, 11472, 11474, 11476, 11477, 11479, 11480, 11482, 11483, 11486, 11756, 11772}","{302208, 302210, 302215, 302217, 302218, 302228, 302369, 302371, 302381, 302383, 302385, 302386, 302388, 302389, 302391, 302392, 302395, 302665, 302681, 302303, 302305, 302462, 302307, 302313, 302314, 302315, 302316, 302699, 302318, 302319, 302320, 302461, 302206, 302207}"
302052,CC(N)C1(O)CC1,YDUOHHRMLNGGPN-UHFFFAOYSA-N,1.0,100.0,78806,Enamine,Global catalog,EN300-39707123,125.0,EUR,10,,CC(N)C1(O)CC1.Cl,2025-09-29,1,1,1,{'Amidation'},{11297},{302206}
302053,N#CC(N)C1CC1,UFPIFDIPNZPHQK-UHFFFAOYSA-N,2.0,50.0,118536,Enamine,EU stock,EN300-72907,110.0,EUR,2,,Cl.N#CC(N)C1CC1,2025-09-29,1,2,2,{'Amidation'},"{11298, 11331}","{302240, 302207}"
293714,C=CC(N)C1CC1,FJJOLIFQYQAYFR-UHFFFAOYSA-N,2.0,50.0,128562,Enamine,EU stock,EN300-6512719,265.0,EUR,2,,C=CC(N)C1CC1.Cl,2025-09-29,1,2,2,{'Amidation'},"{11299, 11333}","{302208, 302242}"
302054,CC(N)C1(Cl)CC1,KXCZYOWZRXEUPB-UHFFFAOYSA-N,2.0,100.0,72620,Enamine,Global catalog,EN300-27194538,444.0,EUR,10,,CC(N)C1(Cl)CC1.Cl,2025-09-29,1,2,2,{'Amidation'},"{11301, 11335}","{302210, 302244}"
302056,NC(CO)C1CC1,LLCCGHDKJXAQLS-UHFFFAOYSA-N,1.0,50.0,135986,Enamine,EU stock,EN300-1844705,58.0,EUR,2,,N[C@H](CO)C1CC1,2025-09-29,1,1,1,{'Amidation'},{11306},{302215}
293715,C#CC(N)C1CC1,SOULVLMHDMKNRM-UHFFFAOYSA-N,2.0,100.0,102938,Enamine,Global catalog,EN300-6482279,230.0,EUR,10,,C#CC(N)C1CC1.Cl,2025-09-29,1,2,2,{'Amidation'},"{11338, 11309}","{302218, 302247}"
293702,CC(C)(N)C1CC1,OOXIEUXBOSSXJM-UHFFFAOYSA-N,1.0,100.0,32064,Enamine,Global catalog,EN300-122871,18.0,EUR,10,,CC(C)(N)C1CC1.Cl,2025-09-29,1,1,1,{'Amidation'},{11310},{302219}
302048,O=C1COc2nc(C(=O)O)ccc2N1,BVONTIDLPFVSGH-UHFFFAOYSA-N,25.0,50.0,120980,Enamine,EU stock,EN300-2726690,216.0,EUR,2,,O=C1COc2nc(C(=O)O)ccc2N1,2025-09-29,1,25,25,{'Amidation'},"{11534, 11413, 11415, 11420, 11423, 11425, 11310, 11578, 11579, 11331, 11333, 11335, 11338, 11339, 11468, 11342, 11343, 11345, 11493, 11495, 11497, 11760, 11506, 11634, 11646}","{302219, 302487, 302488, 302240, 302242, 302244, 302247, 302248, 302377, 302251, 302252, 302254, 302402, 302404, 302406, 302669, 302415, 302543, 302555, 302443, 302322, 302324, 302329, 302332, 302334}"
302057,CC(N)C1(F)CC1,WOUAWTWMWPLNGS-UHFFFAOYSA-N,1.0,50.0,124872,Enamine,EU stock,EN300-7434944,328.0,EUR,2,,CC(N)C1(F)CC1.Cl,2025-09-29,1,1,1,{'Amidation'},{11319},{302228}
302058,CC(=O)C(N)C1CC1,DFKNWIILXKBMNL-UHFFFAOYSA-N,1.0,50.0,134060,Enamine,EU stock,EN300-7438457,227.0,EUR,2,,CC(=O)C(N)C1CC1.Cl,2025-09-29,1,1,1,{'Amidation'},{11339},{302248}
302059,CC(N)(CO)C1CC1,WDHUVSBQEHYCBZ-UHFFFAOYSA-N,2.0,50.0,107464,Enamine,EU stock,EN300-104015,193.0,EUR,2,,CC(N)(CO)C1CC1,2025-09-29,1,2,2,{'Amidation'},"{11409, 11342}","{302251, 302318}"
293758,NC(CCO)C1CC1,UELSFEZAVWXJFT-UHFFFAOYSA-N,2.0,50.0,106888,Enamine,EU stock,EN300-84196,166.0,EUR,2,,Cl.NC(CCO)C1CC1,2025-09-29,1,2,2,{'Amidation'},"{11410, 11343}","{302252, 302319}"
302060,CC(N)(C#N)C1CC1,VGFGZZVMDIZSTI-UHFFFAOYSA-N,1.0,50.0,104971,Enamine,EU stock,EN300-06776,44.0,EUR,2,,CC(N)(C#N)C1CC1,2025-09-29,1,1,1,{'Amidation'},{11345},{302254}
302047,C=CC(=O)Nc1ccc(C(=O)O)nc1,GQVNOMLNBBRTHH-UHFFFAOYSA-N,6.0,100.0,89091,Enamine,Global catalog,EN300-913401,264.0,EUR,10,,C=CC(=O)Nc1ccc(C(=O)O)nc1,2025-09-29,1,6,6,{'Amidation'},"{11369, 11851, 11852, 11574, 11962, 11708}","{302278, 302760, 302761, 302483, 302871, 302617}"
302049,O=C(O)c1ccc(NC(=O)C(F)(F)F)cn1,UMBIKHRTIGFRAA-UHFFFAOYSA-N,6.0,100.0,76240,Enamine,Global catalog,EN300-1042453,562.0,EUR,10,,O=C(O)c1ccc(NC(=O)C(F)(F)F)cn1,2025-09-29,1,6,6,{'Amidation'},"{11905, 11606, 11382, 11674, 11996, 11743}","{302291, 302515, 302583, 302905, 302652, 302814}"
293719,CCCC(N)C1CC1,XZJXCIIRPKKGTH-UHFFFAOYSA-N,1.0,50.0,141859,Enamine,EU stock,EN300-7624096,152.0,EUR,2,,CCCC(N)C1CC1.Cl,2025-09-29,1,1,1,{'Amidation'},{11394},{302303}
302063,NC(CO)C1(O)CC1,SLLVAXGADPVSBI-UHFFFAOYSA-N,2.0,50.0,140582,Enamine,EU stock,EN300-37340853,215.0,EUR,2,,N[C@H](CO)C1(O)CC1.O=C(O)C(F)(F)F,2025-09-29,1,2,2,{'Amidation'},"{11396, 11423}","{302305, 302332}"
302065,CC(C)C(N)C1CC1,CBPAZAKGLBSTBB-UHFFFAOYSA-N,2.0,50.0,139029,Enamine,EU stock,EN300-305265,161.0,EUR,2,,CC(C)C(N)C1CC1.Cl,2025-09-29,1,2,2,{'Amidation'},"{11425, 11398}","{302307, 302334}"
293720,C=CCC(N)C1CC1,BVFICIQGFJPRSD-UHFFFAOYSA-N,1.0,50.0,127280,Enamine,EU stock,EN300-7620868,240.0,EUR,2,,C=CCC(N)C1CC1.Cl,2025-09-29,1,1,1,{'Amidation'},{11404},{302313}
293721,C#CC(C)(N)C1CC1,HOXUQNXPWIDOOZ-UHFFFAOYSA-N,1.0,50.0,126999,Enamine,EU stock,EN300-7620873,237.0,EUR,2,,C#CC(C)(N)C1CC1.Cl,2025-09-29,1,1,1,{'Amidation'},{11405},{302314}
293722,C#CCC(N)C1CC1,OZGPZCGZJAKLKJ-UHFFFAOYSA-N,1.0,50.0,122620,Enamine,EU stock,EN300-7541167,461.0,EUR,2,,C#CCC(N)C1CC1.Cl,2025-09-29,1,1,1,{'Amidation'},{11406},{302315}
293764,COCC(N)C1CC1,APFVIOCNPBAUSZ-UHFFFAOYSA-N,1.0,50.0,118156,Enamine,EU stock,EN300-114956,107.0,EUR,2,,COCC(N)C1CC1,2025-09-29,1,1,1,{'Amidation'},{11407},{302316}
293759,NC(C1CC1)C1CC1,GDGUATCKWWKTLM-UHFFFAOYSA-N,1.0,100.0,27108,Enamine,Global catalog,EN300-54980,18.0,EUR,10,,NC(C1CC1)C1CC1,2025-09-29,1,1,1,{'Amidation'},{11411},{302320}
302070,NC(C(F)F)C1CC1,WXSBBSYRLYANMA-UHFFFAOYSA-N,1.0,50.0,112113,Enamine,EU stock,EN300-206056,297.0,EUR,2,,Cl.NC(C(F)F)C1CC1,2025-09-29,1,1,1,{'Amidation'},{11420},{302329}
302077,NC(C1CC1)C(F)(F)F,DMWCDCMZMZULIE-UHFFFAOYSA-N,1.0,50.0,132669,Enamine,EU stock,EN300-214022,42.0,EUR,2,,Cl.NC(C1CC1)C(F)(F)F,2025-09-29,1,1,1,{'Amidation'},{11460},{302369}
302076,CC(C)(O)C(N)C1CC1,UPUDUWVEAZOVQS-UHFFFAOYSA-N,1.0,50.0,124062,Enamine,EU stock,EN300-6731397,227.0,EUR,2,,CC(C)(O)C(N)C1CC1.Cl,2025-09-29,1,1,1,{'Amidation'},{11462},{302371}
293753,C=CCCC(N)C1CC1,GTGXBUMXXYIZSC-UHFFFAOYSA-N,2.0,50.0,149618,Enamine,EU stock,EN300-6206286,260.0,EUR,2,,C=CCCC(N)C1CC1,2025-09-29,1,2,2,{'Amidation'},"{11482, 11468}","{302377, 302391}"
293782,COC(=O)C(N)C1CC1,NZIFONPEUDXXJV-UHFFFAOYSA-N,1.0,100.0,30188,Enamine,Global catalog,EN300-96532,28.0,EUR,10,,COC(=O)C(N)C1CC1.Cl,2025-09-29,1,1,1,{'Amidation'},{11472},{302381}
302074,CC(F)(F)C(N)C1CC1,MDRQNNVZDNBSSW-UHFFFAOYSA-N,2.0,50.0,142205,Enamine,EU stock,EN300-43394952,295.0,EUR,2,,CC(F)(F)C(N)C1CC1.Cl,2025-09-29,1,2,2,{'Amidation'},"{11497, 11476}","{302385, 302406}"
302078,CC(C)(C)C(N)C1CC1,FOZVQLXEVQCVIO-UHFFFAOYSA-N,1.0,100.0,86172,Enamine,Global catalog,EN300-45557147,287.0,EUR,10,,CC(C)(C)C(N)C1CC1.Cl,2025-09-29,1,1,1,{'Amidation'},{11477},{302386}
293810,CNC(=O)C(N)C1CC1,AUFUQMFXZCKXRC-UHFFFAOYSA-N,1.0,100.0,103406,Enamine,Global catalog,EN300-45167551,78.0,EUR,10,,CNC(=O)C(N)C1CC1.Cl,2025-09-29,1,1,1,{'Amidation'},{11479},{302388}
293787,NC(C(O)CO)C1CC1,ILKSFLOKTMWSRO-UHFFFAOYSA-N,2.0,50.0,131233,Enamine,EU stock,EN300-7026801,240.0,EUR,2,,NC(C(O)CO)C1CC1,2025-09-29,1,2,2,{'Amidation'},"{11506, 11483}","{302392, 302415}"
293786,NC(C1CCC1)C1CC1,CGIIRLWKPRAVDV-UHFFFAOYSA-N,1.0,50.0,113094,Enamine,EU stock,EN300-247675,233.0,EUR,2,,NC(C1CCC1)C1CC1,2025-09-29,1,1,1,{'Amidation'},{11534},{302443}
293837,C1CC2(C1)CNC2C1CC1,RTYXDENOFYQFEV-UHFFFAOYSA-N,1.0,50.0,139189,Enamine,EU stock,EN300-216969,297.0,EUR,2,,C1CC2(C1)CNC2C1CC1.Cl,2025-09-29,1,1,1,{'Amidation'},{11552},{302461}
293745,CC(C1CC1)N(C)CCN,RWURBTQUSWCOMA-UHFFFAOYSA-N,1.0,100.0,34332,Enamine,Global catalog,EN300-181518,255.0,EUR,10,,CC(C1CC1)N(C)CCN.Cl.Cl,2025-09-29,1,1,1,{'Amidation'},{11574},{302483}
293853,CC(C)(CO)C(N)C1CC1,CGQRUWFPBGQBIV-UHFFFAOYSA-N,1.0,50.0,111203,Enamine,EU stock,EN300-216845,145.0,EUR,2,,CC(C)(CO)C(N)C1CC1.Cl,2025-09-29,1,1,1,{'Amidation'},{11578},{302487}
293855,C1CC1C1CNC1C1CC1,GXXBKVKRUVLOFW-UHFFFAOYSA-N,1.0,50.0,112256,Enamine,EU stock,EN300-244811,97.0,EUR,2,,C1CC1C1CNC1C1CC1,2025-09-29,1,1,1,{'Amidation'},{11579},{302488}
302085,N#CC(N)(C1CC1)C1CC1,ZGBIWUWHJXWUNS-UHFFFAOYSA-N,1.0,100.0,69260,Enamine,Global catalog,EN300-2993919,245.0,EUR,10,,N#CC(N)(C1CC1)C1CC1,2025-09-29,1,1,1,{'Amidation'},{11646},{302555}
293740,CN1CC(N)C2(CC2)C1,RFQQWGSIKZRCLS-UHFFFAOYSA-N,1.0,50.0,140073,Enamine,EU stock,EN300-739089,240.0,EUR,2,,CN1CC(N)C2(CC2)C1,2025-09-29,1,1,1,{'Amidation'},{11674},{302583}
302109,NC1(C2NC(=O)NC2=O)CC1,GSFQRAIUTIHVBJ-UHFFFAOYSA-N,2.0,50.0,140267,Enamine,EU stock,EN300-7438756,260.0,EUR,2,,Cl.NC1(C2NC(=O)NC2=O)CC1,2025-09-29,1,2,2,{'Amidation'},"{11996, 11708}","{302617, 302905}"
302114,NC(C1CC1)C1CCCOC1,XPQMXYVACLNHHG-UHFFFAOYSA-N,1.0,50.0,116326,Enamine,EU stock,EN300-633470,165.0,EUR,2,,NC(C1CC1)C1CCCOC1,2025-09-29,1,1,1,{'Amidation'},{11756},{302665}
302096,C1COC2(C1)CNC2C1CC1,UATQYOHYZJQRNZ-UHFFFAOYSA-N,2.0,50.0,135399,Enamine,EU stock,EN300-217949,233.0,EUR,2,,C1COC2(C1)CNC2C1CC1,2025-09-29,1,2,2,{'Amidation'},"{11760, 11772}","{302681, 302669}"
302129,COC(=O)C(N)(C1CC1)C1CC1,ARSYGNLKFYUCGQ-UHFFFAOYSA-N,1.0,50.0,122098,Enamine,EU stock,EN300-6327877,202.0,EUR,2,,COC(=O)C(N)(C1CC1)C1CC1,2025-09-29,1,1,1,{'Amidation'},{11790},{302699}
302132,FC(F)C12CC3CCC(N3)C1C2,NBDVIAAIPVTUDZ-UHFFFAOYSA-N,1.0,100.0,104092,Enamine,Global catalog,EN300-43378463,485.0,EUR,10,,Cl.FC(F)[C@@]12C[C@H]3CC[C@H](N3)[C@@H]1C2,2025-09-29,1,1,1,{'Amidation'},{11851},{302760}
293865,CC1(C2CC2)NC(=O)N(N)C1=O,XQRPDMBGNIPQRL-UHFFFAOYSA-N,1.0,100.0,99693,Enamine,Global catalog,EN300-216896,94.0,EUR,10,,CC1(C2CC2)NC(=O)N(N)C1=O,2025-09-29,1,1,1,{'Amidation'},{11852},{302761}
293805,CN1CC(N)C2(CC2)C1=O,OICWYZPVYGAYHB-UHFFFAOYSA-N,1.0,50.0,150387,Enamine,EU stock,EN300-7305691,237.0,EUR,2,,CN1CC(N)C2(CC2)C1=O,2025-09-29,1,1,1,{'Amidation'},{11905},{302814}
302172,FC(F)(F)C12CC3CCC(N3)C1C2,VROBLYYOSZGULB-UHFFFAOYSA-N,1.0,50.0,141923,Enamine,EU stock,EN300-45168638,218.0,EUR,2,,FC(F)(F)[C@@]12C[C@H]3CC[C@H](N3)[C@@H]1C2,2025-09-29,1,1,1,{'Amidation'},{11962},{302871}
303055,CC1(C(=O)O)CO1,CSEUSVYSDPXJAP-UHFFFAOYSA-N,2.0,50.0,120227,Enamine,EU stock,EN300-151433,181.0,EUR,2,,CC1(C(=O)O)CO1,2025-09-29,1,2,2,{'Amidation'},"{12121, 12185}","{303130, 303194}"
303115,C1CC1NC1CN2CCC1CC2,BGHAYKTWSUNIJA-UHFFFAOYSA-N,3.0,50.0,120292,Enamine,EU stock,EN300-1261695,165.0,EUR,2,,C1CC1NC1CN2CCC1CC2,2025-09-29,1,3,3,{'Amidation'},"{12121, 12146, 12139}","{303130, 303155, 303148}"
303069,CC(O)C(C)C(=O)O,VEXDRERIMPLZLU-UHFFFAOYSA-N,1.0,50.0,116413,Enamine,EU stock,EN300-149138,73.0,EUR,2,,CC(O)C(C)C(=O)O,2025-09-29,1,1,1,{'Amidation'},{12139},{303148}
303076,O=C(O)C(CBr)CBr,QQZJWQCLWOQDQV-UHFFFAOYSA-N,2.0,100.0,48442,Enamine,Global catalog,EN300-140319,18.0,EUR,10,,O=C(O)C(CBr)CBr,2025-09-29,1,2,2,{'Amidation'},"{12425, 12146}","{303434, 303155}"
303118,CN1CC(NC2CCC(=O)N(C)C2)CCC1=O,GPDZZTWVRWWWEQ-UHFFFAOYSA-N,5.0,50.0,119817,Enamine,EU stock,EN300-1719127,154.0,EUR,2,,CN1CC(NC2CCC(=O)N(C)C2)CCC1=O,2025-09-29,1,5,5,{'Amidation'},"{12360, 12339, 12216, 12185, 12344}","{303353, 303369, 303348, 303225, 303194}"
303061,O=C(O)C1CC1Cl,KIOFZHBEJQGHPB-UHFFFAOYSA-N,1.0,50.0,123995,Enamine,EU stock,EN300-1600558,215.0,EUR,2,,O=C(O)C1CC1Cl,2025-09-29,1,1,1,{'Amidation'},{12216},{303225}
303098,O=C(O)C1(CO)CC1,TYFMINBPAYVYCW-UHFFFAOYSA-N,1.0,50.0,118033,Enamine,EU stock,EN300-146174,21.0,EUR,2,,O=C(O)C1(CO)CC1,2025-09-29,1,1,1,{'Amidation'},{12339},{303348}
303072,O=C(O)C1CC1CBr,IWQSHSVDKSNJTQ-UHFFFAOYSA-N,1.0,100.0,44914,Enamine,Global catalog,EN300-697525,444.0,EUR,10,,O=C(O)[C@@H]1C[C@H]1CBr,2025-09-29,1,1,1,{'Amidation'},{12344},{303353}
303114,O=C(O)C1CC1CF,UGMUWEAHMRSJRQ-UHFFFAOYSA-N,1.0,50.0,121408,Enamine,EU stock,EN300-7185402,330.0,EUR,2,,O=C(O)[C@H]1C[C@H]1CF,2025-09-29,1,1,1,{'Amidation'},{12360},{303369}
303121,CC(CO)NC1CCCN(Cc2ccccc2)C1,WIZHUUSXTOOWCZ-UHFFFAOYSA-N,1.0,100.0,37650,Enamine,Global catalog,EN300-64627,287.0,EUR,10,,CC(CO)NC1CCCN(Cc2ccccc2)C1,2025-09-29,1,1,1,{'Amidation'},{12425},{303434}
304090,CC(C)(CN)CC(F)(F)F,MJVFDBKICXWHTG-UHFFFAOYSA-N,1.0,50.0,114255,Enamine,EU stock,EN300-301545,195.0,EUR,2,,CC(C)(CN)CC(F)(F)F.Cl,2025-09-29,1,1,1,{'Amidation'},{13607},{305667}
305648,NCC1C(CO)C1C(F)(F)F,QFOSAYDUPFJIJN-UHFFFAOYSA-N,1.0,100.0,89119,Enamine,Global catalog,EN300-51661678,359.0,EUR,10,,NC[C@@H]1[C@H](CO)[C@H]1C(F)(F)F,2025-09-29,1,1,1,{'Amidation'},{13611},{305671}
305649,N#CC1(CN)CC1C(F)(F)F,LNTVSUPCXWOXEU-UHFFFAOYSA-N,1.0,100.0,89609,Enamine,Global catalog,EN300-51656876,326.0,EUR,10,,Cl.N#C[C@@]1(CN)C[C@H]1C(F)(F)F,2025-09-29,1,1,1,{'Amidation'},{13612},{305672}
305650,NCC1(CO)CC1C(F)(F)F,INEJSHMNCMOXLX-UHFFFAOYSA-N,1.0,50.0,151040,Enamine,EU stock,EN300-7551490,297.0,EUR,2,,Cl.NC[C@@]1(CO)C[C@H]1C(F)(F)F,2025-09-29,1,1,1,{'Amidation'},{13614},{305674}
305651,NC1CCCCC1CC(F)(F)F,WSUQSKKRQJAQFI-UHFFFAOYSA-N,1.0,100.0,58187,Enamine,Global catalog,EN300-1707809,349.0,EUR,10,,N[C@H]1CCCC[C@H]1CC(F)(F)F,2025-09-29,1,1,1,{'Amidation'},{13615},{305675}
305655,COC(=O)C1(CN)CC1C(F)(F)F,BZNGDHYQKFFZFN-UHFFFAOYSA-N,1.0,50.0,124215,Enamine,EU stock,EN300-6739155,297.0,EUR,2,,COC(=O)[C@]1(CN)C[C@H]1C(F)(F)F.Cl,2025-09-29,1,1,1,{'Amidation'},{13619},{305679}
305660,CC(C)(C)OC(=O)N1CC(C(N)C(F)(F)F)C1,BUNJKYOHGZDZRA-UHFFFAOYSA-N,1.0,100.0,64617,Enamine,Global catalog,EN300-1883050,651.0,EUR,10,,CC(C)(C)OC(=O)N1CC(C(N)C(F)(F)F)C1,2025-09-29,1,1,1,{'Amidation'},{13624},{305684}
306153,O=C(O)c1ccccc1CO,MGMNPSAERQZUIM-UHFFFAOYSA-N,3.0,100.0,28718,Enamine,Global catalog,EN300-68822,18.0,EUR,10,,O=C(O)c1ccccc1CO,2025-09-29,1,3,3,{'Amidation'},"{14021, 13934, 14022}","{306314, 306227, 306315}"
306154,Cc1ccc(F)cc1C(=O)O,JVBLXLBINTYFPR-UHFFFAOYSA-N,2.0,100.0,26961,Enamine,Global catalog,EN300-25371,18.0,EUR,10,,Cc1ccc(F)cc1C(=O)O,2025-09-29,1,2,2,{'Amidation'},"{14019, 13935}","{306312, 306228}"
306155,Cc1c(I)cccc1C(=O)O,XGNKIHYPOWUMKL-UHFFFAOYSA-N,2.0,100.0,28655,Enamine,Global catalog,EN300-69175,18.0,EUR,10,,Cc1c(I)cccc1C(=O)O,2025-09-29,1,2,2,{'Amidation'},"{13937, 13938}","{306230, 306231}"
306156,O=C(O)c1ccccc1CF,ODZRWXLKQLEWTR-UHFFFAOYSA-N,2.0,100.0,65479,Enamine,Global catalog,EN300-217479,475.0,EUR,10,,O=C(O)c1ccccc1CF,2025-09-29,1,2,2,{'Amidation'},"{14162, 13939}","{306232, 306455}"
306157,Cc1c(F)cccc1C(=O)O,XMKZAIHFVHJGPV-UHFFFAOYSA-N,3.0,100.0,65493,Enamine,Global catalog,EN300-125899,18.0,EUR,10,,Cc1c(F)cccc1C(=O)O,2025-09-29,1,3,3,{'Amidation'},"{14020, 13942, 13943}","{306313, 306235, 306236}"
306158,Cc1c(Br)cccc1C(=O)O,BJGKVCKGUBYULR-UHFFFAOYSA-N,1.0,100.0,44333,Enamine,Global catalog,EN300-86164,18.0,EUR,10,,Cc1c(Br)cccc1C(=O)O,2025-09-29,1,1,1,{'Amidation'},{13945},{306238}
306159,Cc1ccc(C)c(C(=O)O)c1,XZRHNAFEYMSXRG-UHFFFAOYSA-N,2.0,100.0,65609,Enamine,Global catalog,EN300-18586,18.0,EUR,10,,Cc1ccc(C)c(C(=O)O)c1,2025-09-29,1,2,2,{'Amidation'},"{13947, 13955}","{306240, 306248}"
306160,Cc1ccc(Br)cc1C(=O)O,SEENCYZQHCUTSB-UHFFFAOYSA-N,1.0,100.0,29502,Enamine,Global catalog,EN300-85053,18.0,EUR,10,,Cc1ccc(Br)cc1C(=O)O,2025-09-29,1,1,1,{'Amidation'},{13950},{306243}
306161,Cc1cc(I)ccc1C(=O)O,KISJQMPHSCFGKR-UHFFFAOYSA-N,1.0,100.0,42457,Enamine,Global catalog,EN300-207660,19.0,EUR,10,,Cc1cc(I)ccc1C(=O)O,2025-09-29,1,1,1,{'Amidation'},{13954},{306247}
306162,Cc1cccc(I)c1C(=O)O,LLVYMVJLXNNRND-UHFFFAOYSA-N,2.0,50.0,135538,Enamine,EU stock,EN300-107771,28.0,EUR,2,,Cc1cccc(I)c1C(=O)O,2025-09-29,1,2,2,{'Amidation'},"{13957, 13958}","{306250, 306251}"
306163,O=C(O)c1ccccc1CS,LZDMEEMZNFOENK-UHFFFAOYSA-N,3.0,100.0,76457,Enamine,Global catalog,EN300-264300,264.0,EUR,10,,O=C(O)c1ccccc1CS,2025-09-29,1,3,3,{'Amidation'},"{13960, 13961, 13959}","{306252, 306253, 306254}"
306164,Cc1ccc(I)cc1C(=O)O,WUBHOZQZSHGUFI-UHFFFAOYSA-N,1.0,100.0,30412,Enamine,Global catalog,EN300-107760,18.0,EUR,10,,Cc1ccc(I)cc1C(=O)O,2025-09-29,1,1,1,{'Amidation'},{13963},{306256}
306165,Cc1cc(F)ccc1C(=O)O,KDXOONIQRUZGSY-UHFFFAOYSA-N,1.0,100.0,30482,Enamine,Global catalog,EN300-105632,18.0,EUR,10,,Cc1cc(F)ccc1C(=O)O,2025-09-29,1,1,1,{'Amidation'},{13965},{306258}
306166,Cc1cccc(C)c1C(=O)O,HCBHQDKBSKYGCK-UHFFFAOYSA-N,2.0,100.0,37678,Enamine,Global catalog,EN300-82114,18.0,EUR,10,,Cc1cccc(C)c1C(=O)O,2025-09-29,1,2,2,{'Amidation'},"{13968, 13970}","{306261, 306263}"
306167,Cc1cccc(O)c1C(=O)O,HCJMNOSIAGSZBM-UHFFFAOYSA-N,2.0,100.0,40815,Enamine,Global catalog,EN300-105059,18.0,EUR,10,,Cc1cccc(O)c1C(=O)O,2025-09-29,1,2,2,{'Amidation'},"{13972, 13973}","{306265, 306266}"
306168,O=C(O)c1ccccc1CCl,YTEUDCIEJDRJTM-UHFFFAOYSA-N,2.0,100.0,94877,Enamine,Global catalog,EN300-33487,18.0,EUR,10,,O=C(O)c1ccccc1CCl,2025-09-29,1,2,2,{'Amidation'},"{13974, 13975}","{306267, 306268}"
306169,Cc1cc(Br)ccc1C(=O)O,RVCJOGNLYVNRDN-UHFFFAOYSA-N,2.0,100.0,87187,Enamine,Global catalog,EN300-43616,18.0,EUR,10,,Cc1cc(Br)ccc1C(=O)O,2025-09-29,1,2,2,{'Amidation'},"{13978, 13979}","{306272, 306271}"
306170,CCc1ccccc1C(=O)O,CGMMPMYKMDITEA-UHFFFAOYSA-N,3.0,100.0,30657,Enamine,Global catalog,EN300-110064,18.0,EUR,10,,CCc1ccccc1C(=O)O,2025-09-29,1,3,3,{'Amidation'},"{13993, 13980, 14077}","{306273, 306370, 306286}"
306171,O=Cc1ccccc1C(=O)O,DYNFCHNNOHNJFG-UHFFFAOYSA-N,1.0,100.0,37188,Enamine,Global catalog,EN300-20473,18.0,EUR,10,,O=Cc1ccccc1C(=O)O,2025-09-29,1,1,1,{'Amidation'},{13983},{306276}
306172,O=C(O)c1ccccc1CBr,QSLMPDKYTNEMFQ-UHFFFAOYSA-N,2.0,100.0,36425,Enamine,Global catalog,EN300-144697,18.0,EUR,10,,O=C(O)c1ccccc1CBr,2025-09-29,1,2,2,{'Amidation'},"{13984, 13986}","{306277, 306279}"
306173,Cc1cccc(F)c1C(=O)O,WELNSIYTQJSNRP-UHFFFAOYSA-N,2.0,100.0,96046,Enamine,Global catalog,EN300-88858,18.0,EUR,10,,Cc1cccc(F)c1C(=O)O,2025-09-29,1,2,2,{'Amidation'},"{13988, 13989}","{306281, 306282}"
306174,Cc1ccc(Cl)cc1C(=O)O,CSAPESWNZDOAFU-UHFFFAOYSA-N,1.0,100.0,97831,Enamine,Global catalog,EN300-116580,18.0,EUR,10,,Cc1ccc(Cl)cc1C(=O)O,2025-09-29,1,1,1,{'Amidation'},{13992},{306285}
306175,Cc1cc(Cl)ccc1C(=O)O,XXFKOBGFMUIWDH-UHFFFAOYSA-N,2.0,100.0,31952,Enamine,Global catalog,EN300-109228,18.0,EUR,10,,Cc1cc(Cl)ccc1C(=O)O,2025-09-29,1,2,2,{'Amidation'},"{14010, 13995}","{306288, 306303}"
306176,Cc1c(Cl)cccc1C(=O)O,HXGHMCLCSPQMOR-UHFFFAOYSA-N,3.0,100.0,34640,Enamine,Global catalog,EN300-111723,18.0,EUR,10,,Cc1c(Cl)cccc1C(=O)O,2025-09-29,1,3,3,{'Amidation'},"{13996, 13997, 13998}","{306289, 306290, 306291}"
306177,Cc1cccc(Br)c1C(=O)O,ICXBPDJQFPIBSS-UHFFFAOYSA-N,2.0,100.0,35991,Enamine,Global catalog,EN300-136378,18.0,EUR,10,,Cc1cccc(Br)c1C(=O)O,2025-09-29,1,2,2,{'Amidation'},"{14000, 14001}","{306293, 306294}"
306178,Cc1cccc(Cl)c1C(=O)O,CEFMMQYDPGCYMG-UHFFFAOYSA-N,2.0,100.0,34227,Enamine,Global catalog,EN300-116590,18.0,EUR,10,,Cc1cccc(Cl)c1C(=O)O,2025-09-29,1,2,2,{'Amidation'},"{14002, 14004}","{306297, 306295}"
306179,Cc1ccc(O)cc1C(=O)O,ZIOYQUNKXJQXQY-UHFFFAOYSA-N,1.0,100.0,99903,Enamine,Global catalog,EN300-107368,18.0,EUR,10,,Cc1ccc(O)cc1C(=O)O,2025-09-29,1,1,1,{'Amidation'},{14006},{306299}
306180,Cc1cccc(C(=O)O)c1C,RIZUCYSQUWMQLX-UHFFFAOYSA-N,1.0,100.0,33352,Enamine,Global catalog,EN300-17252,18.0,EUR,10,,Cc1cccc(C(=O)O)c1C,2025-09-29,1,1,1,{'Amidation'},{14008},{306301}
306181,Cc1cc(O)ccc1C(=O)O,BBMFSGOFUHEVNP-UHFFFAOYSA-N,2.0,100.0,32575,Enamine,Global catalog,EN300-117016,18.0,EUR,10,,Cc1cc(O)ccc1C(=O)O,2025-09-29,1,2,2,{'Amidation'},"{14013, 14015}","{306306, 306308}"
306182,Cc1ccc(C(=O)O)c(C)c1,BKYWPNROPGQIFZ-UHFFFAOYSA-N,1.0,100.0,32939,Enamine,Global catalog,EN300-20447,18.0,EUR,10,,Cc1ccc(C(=O)O)c(C)c1,2025-09-29,1,1,1,{'Amidation'},{14018},{306311}
306183,Cc1ccc(Cl)c(F)c1C(=O)O,ZRJMYWSSJVVPDX-UHFFFAOYSA-N,3.0,50.0,122426,Enamine,EU stock,EN300-7935337,299.0,EUR,2,,Cc1ccc(Cl)c(F)c1C(=O)O,2025-09-29,1,3,3,{'Amidation'},"{14024, 14028, 14172}","{306321, 306317, 306465}"
306184,Cc1cc(Br)cc(C)c1C(=O)O,DJZAABLAECNINV-UHFFFAOYSA-N,1.0,100.0,27710,Enamine,Global catalog,EN300-39927,18.0,EUR,10,,Cc1cc(Br)cc(C)c1C(=O)O,2025-09-29,1,1,1,{'Amidation'},{14032},{306325}
306185,Cc1c(F)ccc(O)c1C(=O)O,YEPGHEPXNPCWLD-UHFFFAOYSA-N,2.0,50.0,117611,Enamine,EU stock,EN300-7430636,193.0,EUR,2,,Cc1c(F)ccc(O)c1C(=O)O,2025-09-29,1,2,2,{'Amidation'},"{14034, 14036}","{306329, 306327}"
306186,O=Cc1cccc(Br)c1C(=O)O,GQQBKVTXUMVLLO-UHFFFAOYSA-N,2.0,100.0,43717,Enamine,Global catalog,EN300-1091077,163.0,EUR,10,,O=Cc1cccc(Br)c1C(=O)O,2025-09-29,1,2,2,{'Amidation'},"{14037, 14038}","{306330, 306331}"
306187,Cc1cccc(C=O)c1C(=O)O,QCEQRNBCDJKUMU-UHFFFAOYSA-N,2.0,50.0,116092,Enamine,EU stock,EN300-226076,199.0,EUR,2,,Cc1cccc(C=O)c1C(=O)O,2025-09-29,1,2,2,{'Amidation'},"{14040, 14049}","{306333, 306342}"
306188,CCc1cc(C)ccc1C(=O)O,VCJRICKVNUJVQG-UHFFFAOYSA-N,3.0,50.0,118975,Enamine,EU stock,EN300-3007071,240.0,EUR,2,,CCc1cc(C)ccc1C(=O)O,2025-09-29,1,3,3,{'Amidation'},"{14204, 14043, 14044}","{306336, 306337, 306497}"
306189,O=C(O)c1ccccc1C1CC1,NEWMOJFYPOJQIR-UHFFFAOYSA-N,3.0,50.0,116675,Enamine,EU stock,EN300-268703,21.0,EUR,2,,O=C(O)c1ccccc1C1CC1,2025-09-29,1,3,3,{'Amidation'},"{14048, 14046, 14047}","{306339, 306340, 306341}"
306190,CCc1ccc(O)cc1C(=O)O,OYROQQYOBGRHON-UHFFFAOYSA-N,4.0,100.0,41925,Enamine,Global catalog,EN300-365216,245.0,EUR,10,,CCc1ccc(O)cc1C(=O)O,2025-09-29,1,4,4,{'Amidation'},"{14051, 14052, 14053, 14205}","{306344, 306345, 306346, 306498}"
306191,Cc1cc(Br)cc(C(=O)O)c1C,ZCZLDHYJFFDDOE-UHFFFAOYSA-N,1.0,50.0,111598,Enamine,EU stock,EN300-188292,29.0,EUR,2,,Cc1cc(Br)cc(C(=O)O)c1C,2025-09-29,1,1,1,{'Amidation'},{14055},{306348}
306192,Cc1c(Cl)cc(I)cc1C(=O)O,OPQJPHAKHSUPCS-UHFFFAOYSA-N,2.0,50.0,119669,Enamine,EU stock,EN300-1702998,99.0,EUR,2,,Cc1c(Cl)cc(I)cc1C(=O)O,2025-09-29,1,2,2,{'Amidation'},"{14059, 14069}","{306352, 306362}"
306193,Cc1c(F)ccc(Cl)c1C(=O)O,VGWHHHAMDCAJNQ-UHFFFAOYSA-N,1.0,50.0,112175,Enamine,EU stock,EN300-194841,211.0,EUR,2,,Cc1c(F)ccc(Cl)c1C(=O)O,2025-09-29,1,1,1,{'Amidation'},{14060},{306353}
306194,Cc1ccc(C=O)c(C(=O)O)c1,PGJBLPDZCOFENP-UHFFFAOYSA-N,1.0,50.0,117702,Enamine,EU stock,EN300-339546,84.0,EUR,2,,Cc1ccc(C=O)c(C(=O)O)c1,2025-09-29,1,1,1,{'Amidation'},{14064},{306357}
306195,CC(=O)c1ccccc1C(=O)O,QDAWXRKTSATEOP-UHFFFAOYSA-N,3.0,100.0,46720,Enamine,Global catalog,EN300-25493,18.0,EUR,10,,CC(=O)c1ccccc1C(=O)O,2025-09-29,1,3,3,{'Amidation'},"{14072, 14070, 14071}","{306363, 306364, 306365}"
306197,Cc1c(C(=O)O)ccc(Br)c1Cl,KTMCEFFRDONNOW-UHFFFAOYSA-N,3.0,50.0,121945,Enamine,EU stock,EN300-343214,97.0,EUR,2,,Cc1c(C(=O)O)ccc(Br)c1Cl,2025-09-29,1,3,3,{'Amidation'},"{14074, 14075, 14076}","{306368, 306369, 306367}"
306199,Cc1cc(C(=O)O)c(C)cc1Br,PYZYBJKFYYDWPH-UHFFFAOYSA-N,2.0,50.0,111915,Enamine,EU stock,EN300-124157,24.0,EUR,2,,Cc1cc(C(=O)O)c(C)cc1Br,2025-09-29,1,2,2,{'Amidation'},"{14080, 14082}","{306373, 306375}"
306200,Cc1c(Cl)cc(Br)cc1C(=O)O,FMMKWJSZMUYJAR-UHFFFAOYSA-N,2.0,50.0,116735,Enamine,EU stock,EN300-258684,23.0,EUR,2,,Cc1c(Cl)cc(Br)cc1C(=O)O,2025-09-29,1,2,2,{'Amidation'},"{14085, 14087}","{306378, 306380}"
306198,O=Cc1ccc(Cl)cc1C(=O)O,NQAMSLASTWZONN-UHFFFAOYSA-N,1.0,100.0,41179,Enamine,Global catalog,EN300-129171,18.0,EUR,10,,O=Cc1ccc(Cl)cc1C(=O)O,2025-09-29,1,1,1,{'Amidation'},{14088},{306381}
306201,Cc1cccc(C(=O)O)c1C=O,HAPSIERNKNINQG-UHFFFAOYSA-N,2.0,100.0,37671,Enamine,Global catalog,EN300-330164,297.0,EUR,10,,Cc1cccc(C(=O)O)c1C=O,2025-09-29,1,2,2,{'Amidation'},"{14090, 14118}","{306411, 306383}"
306202,COc1cccc(C)c1C(=O)O,MICCJGFEXKNBLU-UHFFFAOYSA-N,4.0,100.0,45061,Enamine,Global catalog,EN300-206044,18.0,EUR,10,,COc1cccc(C)c1C(=O)O,2025-09-29,1,4,4,{'Amidation'},"{14195, 14091, 14092, 14093}","{306384, 306385, 306386, 306488}"
306203,CCc1ccc(C(=O)O)c(C)c1,JNNUZPKCLVIBMF-UHFFFAOYSA-N,2.0,50.0,121182,Enamine,EU stock,EN300-3002837,118.0,EUR,2,,CCc1ccc(C(=O)O)c(C)c1,2025-09-29,1,2,2,{'Amidation'},"{14097, 14095}","{306388, 306390}"
306207,Cc1c(CO)cccc1C(=O)O,LIAWSNQYQXQMBS-UHFFFAOYSA-N,2.0,50.0,120716,Enamine,EU stock,EN300-211826,179.0,EUR,2,,Cc1c(CO)cccc1C(=O)O,2025-09-29,1,2,2,{'Amidation'},"{14108, 14109}","{306401, 306402}"
306208,Cc1ccc(C)c(C(=O)O)c1C,JRUKSSBDIZXQDX-UHFFFAOYSA-N,2.0,50.0,116228,Enamine,EU stock,EN300-142578,69.0,EUR,2,,Cc1ccc(C)c(C(=O)O)c1C,2025-09-29,1,2,2,{'Amidation'},"{14112, 14113}","{306405, 306406}"
306206,Cc1c(C=O)cccc1C(=O)O,BORFKTJRGRVGDN-UHFFFAOYSA-N,1.0,100.0,40948,Enamine,Global catalog,EN300-330165,161.0,EUR,10,,Cc1c(C=O)cccc1C(=O)O,2025-09-29,1,1,1,{'Amidation'},{14116},{306409}
306209,CCCc1ccccc1C(=O)O,GADSJKKDLMALGL-UHFFFAOYSA-N,2.0,50.0,116925,Enamine,EU stock,EN300-706119,165.0,EUR,2,,CCCc1ccccc1C(=O)O,2025-09-29,1,2,2,{'Amidation'},"{14220, 14117}","{306513, 306410}"
306211,O=C(O)c1cccc2c1COC2,QPJIFIXNXUICBK-UHFFFAOYSA-N,1.0,50.0,117059,Enamine,EU stock,EN300-325736,82.0,EUR,2,,O=C(O)c1cccc2c1COC2,2025-09-29,1,1,1,{'Amidation'},{14128},{306421}
306212,CCc1cccc(F)c1C(=O)O,MFXILNDORCQUKP-UHFFFAOYSA-N,3.0,50.0,120556,Enamine,EU stock,EN300-171993,97.0,EUR,2,,CCc1cccc(F)c1C(=O)O,2025-09-29,1,3,3,{'Amidation'},"{14131, 14132, 14133}","{306424, 306425, 306426}"
306213,Cc1cc(Cl)cc(C)c1C(=O)O,ONVNRYJOMHDJER-UHFFFAOYSA-N,3.0,50.0,118253,Enamine,EU stock,EN300-155910,36.0,EUR,2,,Cc1cc(Cl)cc(C)c1C(=O)O,2025-09-29,1,3,3,{'Amidation'},"{14136, 14134, 14135}","{306427, 306428, 306429}"
306205,CSc1ccc(C)c(C(=O)O)c1,YPEAAKCPIGTZNU-UHFFFAOYSA-N,2.0,50.0,108314,Enamine,EU stock,EN300-28747,51.0,EUR,2,,CSc1ccc(C)c(C(=O)O)c1,2025-09-29,1,2,2,{'Amidation'},"{14137, 14138}","{306430, 306431}"
306214,CCc1ccc(Br)cc1C(=O)O,RJJFAACSONNSDX-UHFFFAOYSA-N,3.0,50.0,116482,Enamine,EU stock,EN300-396772,21.0,EUR,2,,CCc1ccc(Br)cc1C(=O)O,2025-09-29,1,3,3,{'Amidation'},"{14141, 14142, 14181}","{306434, 306435, 306474}"
306215,Cc1ccc(C(=O)O)c(C)c1Br,SNANINYFIFMJBX-UHFFFAOYSA-N,2.0,50.0,110252,Enamine,EU stock,EN300-172430,77.0,EUR,2,,Cc1ccc(C(=O)O)c(C)c1Br,2025-09-29,1,2,2,{'Amidation'},"{14145, 14143}","{306436, 306438}"
306216,Cc1cc(C)c(C(=O)O)c(C)c1,FFFIRKXTFQCCKJ-UHFFFAOYSA-N,2.0,100.0,33373,Enamine,Global catalog,EN300-20995,18.0,EUR,10,,Cc1cc(C)c(C(=O)O)c(C)c1,2025-09-29,1,2,2,{'Amidation'},"{14146, 14151}","{306444, 306439}"
306217,Cc1cc(C)c(C(=O)O)c(F)c1,AQBFBBGQEDURAD-UHFFFAOYSA-N,2.0,100.0,39862,Enamine,Global catalog,EN300-295373,245.0,EUR,10,,Cc1cc(C)c(C(=O)O)c(F)c1,2025-09-29,1,2,2,{'Amidation'},"{14155, 14148}","{306448, 306441}"
306218,O=Cc1ccc(Br)cc1C(=O)O,WAMUJTFUQTUCJQ-UHFFFAOYSA-N,2.0,50.0,113525,Enamine,EU stock,EN300-239525,51.0,EUR,2,,O=Cc1ccc(Br)cc1C(=O)O,2025-09-29,1,2,2,{'Amidation'},"{14152, 14154}","{306445, 306447}"
306219,C=Cc1cccc(C)c1C(=O)O,VEIXYGIAYUPGQQ-UHFFFAOYSA-N,2.0,100.0,39505,Enamine,Global catalog,EN300-3000798,400.0,EUR,10,,C=Cc1cccc(C)c1C(=O)O,2025-09-29,1,2,2,{'Amidation'},"{14185, 14156}","{306449, 306478}"
306221,O=Cc1cccc(Cl)c1C(=O)O,URGQYBULFKLFMX-UHFFFAOYSA-N,1.0,100.0,43297,Enamine,Global catalog,EN300-344257,406.0,EUR,10,,O=Cc1cccc(Cl)c1C(=O)O,2025-09-29,1,1,1,{'Amidation'},{14164},{306457}
306223,CCc1ccc(C)cc1C(=O)O,BKPBWMASJUOOIG-UHFFFAOYSA-N,2.0,50.0,122334,Enamine,EU stock,EN300-3032168,240.0,EUR,2,,CCc1ccc(C)cc1C(=O)O,2025-09-29,1,2,2,{'Amidation'},"{14169, 14211}","{306504, 306462}"
306224,CCc1ccc(C)c(C(=O)O)c1,CBRZVDQTBWTIKK-UHFFFAOYSA-N,1.0,50.0,122919,Enamine,EU stock,EN300-332401,237.0,EUR,2,,CCc1ccc(C)c(C(=O)O)c1,2025-09-29,1,1,1,{'Amidation'},{14176},{306469}
306225,COc1ccc(C(=O)O)c(C)c1,MSVRGYOYISBGTH-UHFFFAOYSA-N,1.0,100.0,30888,Enamine,Global catalog,EN300-91280,18.0,EUR,10,,COc1ccc(C(=O)O)c(C)c1,2025-09-29,1,1,1,{'Amidation'},{14250},{306543}
298855,Cn1cc(N2CC(C(=O)O)CC2=O)cn1,HZKYILQRNRLEFR-UHFFFAOYSA-N,1.0,50.0,111893,Enamine,EU stock,EN300-92633,110.0,EUR,2,,Cn1cc(N2CC(C(=O)O)CC2=O)cn1,2025-09-29,1,1,1,{'Steglich_esterification'},{14588},{307058}
307056,OC1CCc2[nH]ncc21,TVEXASYSIRFPRZ-UHFFFAOYSA-N,1.0,100.0,66745,Enamine,Global catalog,EN300-7628147,326.0,EUR,10,,OC1CCc2[nH]ncc21,2025-09-29,1,1,1,{'Steglich_esterification'},{14588},{307058}
307079,Cc1cc(CC(=O)O)n[nH]1,XSRSEEZCZRABDP-UHFFFAOYSA-N,1.0,50.0,107496,Enamine,EU stock,EN300-105110,89.0,EUR,2,,Cc1cc(CC(=O)O)n[nH]1,2025-09-29,1,1,1,{'Amidation'},{14606},{307155}
307080,O=C(O)Cc1cc(=O)[nH][nH]1,DHLQFUWTFNGJBB-UHFFFAOYSA-N,1.0,50.0,116985,Enamine,EU stock,EN300-144561,57.0,EUR,2,,O=C(O)Cc1cc(=O)[nH][nH]1,2025-09-29,1,1,1,{'Amidation'},{14607},{307156}
307081,CC(C(=O)O)c1ccn[nH]1,XZDSKXFVPQUCOL-UHFFFAOYSA-N,1.0,50.0,117876,Enamine,EU stock,EN300-27686557,231.0,EUR,2,,CC(C(=O)O)c1ccn[nH]1.Cl,2025-09-29,1,1,1,{'Amidation'},{14608},{307157}
307082,O=C(O)Cc1[nH]ncc1Br,NWVCPYSDHQUCPD-UHFFFAOYSA-N,1.0,100.0,73800,Enamine,Global catalog,EN300-27122486,292.0,EUR,10,,Cl.O=C(O)Cc1[nH]ncc1Br,2025-09-29,1,1,1,{'Amidation'},{14609},{307158}
307090,O=C(O)C1(c2cc[nH]n2)CC1,NJAAXHOMCFVTQR-UHFFFAOYSA-N,1.0,50.0,127235,Enamine,EU stock,EN300-1809100,227.0,EUR,2,,O=C(O)C1(c2cc[nH]n2)CC1,2025-09-29,1,1,1,{'Amidation'},{14617},{307166}
307091,Cn1ncc(I)c1CC(=O)O,ZPNGQZDNXUOHCW-UHFFFAOYSA-N,1.0,50.0,127413,Enamine,EU stock,EN300-27118130,202.0,EUR,2,,Cn1ncc(I)c1CC(=O)O,2025-09-29,1,1,1,{'Amidation'},{14618},{307167}
307092,Cn1ncc(Br)c1CC(=O)O,FLNLRCCADIMTTA-UHFFFAOYSA-N,1.0,50.0,129912,Enamine,EU stock,EN300-232675,131.0,EUR,2,,Cn1ncc(Br)c1CC(=O)O,2025-09-29,1,1,1,{'Amidation'},{14619},{307168}
307096,Cc1cc(CC(=O)O)nn1C,PBFGFKLGTACPNX-UHFFFAOYSA-N,1.0,50.0,132321,Enamine,EU stock,EN300-1847026,240.0,EUR,2,,Cc1cc(CC(=O)O)nn1C,2025-09-29,1,1,1,{'Amidation'},{14623},{307172}
307098,Cn1ccc(C(O)C(=O)O)n1,GZZZZWHISKBZKG-UHFFFAOYSA-N,1.0,100.0,88104,Enamine,Global catalog,EN300-46621615,259.0,EUR,10,,Cl.Cn1ccc(C(O)C(=O)O)n1,2025-09-29,1,1,1,{'Amidation'},{14625},{307174}
307099,CC(C(=O)O)c1ccnn1C,QIWLLKQSDGUGBN-UHFFFAOYSA-N,1.0,50.0,148609,Enamine,EU stock,EN300-256635,227.0,EUR,2,,CC(C(=O)O)c1ccnn1C.Cl,2025-09-29,1,1,1,{'Amidation'},{14626},{307175}
307102,O=C(O)Cc1ccn(C(F)F)n1,JXKUYTZHQZEUKY-UHFFFAOYSA-N,1.0,100.0,36467,Enamine,Global catalog,EN300-232799,420.0,EUR,10,,O=C(O)Cc1ccn(C(F)F)n1,2025-09-29,1,1,1,{'Amidation'},{14629},{307178}
307106,Cc1cn[nH]c1C1(C(=O)O)CC1,UEXMVSUVUGIFEJ-UHFFFAOYSA-N,1.0,50.0,122342,Enamine,EU stock,EN300-27695905,272.0,EUR,2,,Cc1cn[nH]c1C1(C(=O)O)CC1,2025-09-29,1,1,1,{'Amidation'},{14633},{307182}
307111,Cn1nccc1C1(C(=O)O)CC1,JOXKSNTXPNCTEV-UHFFFAOYSA-N,1.0,50.0,140360,Enamine,EU stock,EN300-1786286,284.0,EUR,2,,Cn1nccc1C1(C(=O)O)CC1,2025-09-29,1,1,1,{'Amidation'},{14638},{307187}
307115,O=C(O)Cc1ccn(CC(F)F)n1,AWWDKHSPNKPQOM-UHFFFAOYSA-N,1.0,100.0,36327,Enamine,Global catalog,EN300-232618,336.0,EUR,10,,O=C(O)Cc1ccn(CC(F)F)n1,2025-09-29,1,1,1,{'Amidation'},{14642},{307191}
307122,Cn1nc(Br)cc1C1(C(=O)O)CC1,KUQUZHAFMXJKBH-UHFFFAOYSA-N,1.0,100.0,65304,Enamine,Global catalog,EN300-1921414,651.0,EUR,10,,Cn1nc(Br)cc1C1(C(=O)O)CC1,2025-09-29,1,1,1,{'Amidation'},{14649},{307198}
307124,O=C(O)Cc1cc2ncccn2n1,UXBQTMKXMFVQIO-UHFFFAOYSA-N,1.0,100.0,66514,Enamine,Global catalog,EN300-1854577,292.0,EUR,10,,O=C(O)Cc1cc2ncccn2n1,2025-09-29,1,1,1,{'Amidation'},{14651},{307200}
307128,O=C(O)Cc1ccnn1C1CCC1,SCTPZNPFJBOPMS-UHFFFAOYSA-N,1.0,50.0,140141,Enamine,EU stock,EN300-1139539,272.0,EUR,2,,O=C(O)Cc1ccnn1C1CCC1,2025-09-29,1,1,1,{'Amidation'},{14655},{307204}
307134,Cn1nc(CC(=O)O)cc1C(F)(F)F,WVMGROBMQQTIMY-UHFFFAOYSA-N,1.0,50.0,111546,Enamine,EU stock,EN300-232621,187.0,EUR,2,,Cn1nc(CC(=O)O)cc1C(F)(F)F,2025-09-29,1,1,1,{'Amidation'},{14661},{307210}
294834,Cc1nc2sccn2c1CN,GQVOAHURTUVFFM-UHFFFAOYSA-N,1.0,100.0,36537,Enamine,Global catalog,EN300-239516,221.0,EUR,10,,Cc1nc2sccn2c1CN,2025-09-29,1,1,1,{'Amidation'},{14916},{307659}
294842,NCc1cn2c(n1)COCC2,UGXGZKPXUHOBQZ-UHFFFAOYSA-N,1.0,50.0,121809,Enamine,EU stock,EN300-7492698,202.0,EUR,2,,Cl.Cl.NCc1cn2c(n1)COCC2,2025-09-29,1,1,1,{'Amidation'},{14920},{307663}
294847,NCc1cn2cccnc2n1,PFJRNIUANBPJHS-UHFFFAOYSA-N,1.0,50.0,137079,Enamine,EU stock,EN300-1605454,19.0,EUR,2,,Cl.Cl.NCc1cn2cccnc2n1,2025-09-29,1,1,1,{'Amidation'},{14927},{307670}
294835,NCc1cn2c(n1)CCCC2,WUWAAVDRLMQLJM-UHFFFAOYSA-N,1.0,50.0,137999,Enamine,EU stock,EN300-64704,84.0,EUR,2,,NCc1cn2c(n1)CCCC2,2025-09-29,1,1,1,{'Amidation'},{14929},{307672}
307569,NCc1c(Br)nc2n1CCC2,BKZHNPVDRSVHLD-UHFFFAOYSA-N,1.0,100.0,90589,Enamine,Global catalog,EN300-51780041,320.0,EUR,10,,Cl.Cl.NCc1c(Br)nc2n1CCC2,2025-09-29,1,1,1,{'Amidation'},{14937},{307680}
307572,NCc1cn2ncccc2n1,GOWKJFMSNKSFKR-UHFFFAOYSA-N,1.0,100.0,98195,Enamine,Global catalog,EN300-52447889,326.0,EUR,10,,Cl.Cl.NCc1cn2ncccc2n1,2025-09-29,1,1,1,{'Amidation'},{14940},{307683}
307586,NCc1cn2c(F)cccc2n1,PBVZNGCTCGQWOZ-UHFFFAOYSA-N,1.0,50.0,123625,Enamine,EU stock,EN300-26983711,231.0,EUR,2,,Cl.Cl.NCc1cn2c(F)cccc2n1,2025-09-29,1,1,1,{'Amidation'},{14954},{307697}
307589,NCc1nc2ccccn2c1Cl,NBSIZJDUDSHRAP-UHFFFAOYSA-N,1.0,50.0,133474,Enamine,EU stock,EN300-1073064,224.0,EUR,2,,Cl.Cl.NCc1nc2ccccn2c1Cl,2025-09-29,1,1,1,{'Amidation'},{14957},{307700}
307593,CC(N)c1cn2ccccc2n1,JFYSCZFFBRGSBA-UHFFFAOYSA-N,1.0,50.0,137241,Enamine,EU stock,EN300-28227141,255.0,EUR,2,,C[C@H](N)c1cn2ccccc2n1.Cl.Cl,2025-09-29,1,1,1,{'Amidation'},{14961},{307704}
307596,NNC(=O)c1cn2ccsc2n1,YYEWLWDRYKBIKH-UHFFFAOYSA-N,1.0,50.0,142931,Enamine,EU stock,EN300-7936124,112.0,EUR,2,,NNC(=O)c1cn2ccsc2n1,2025-09-29,1,1,1,{'Amidation'},{14964},{307707}
307598,NCc1cn2c(Cl)cccc2n1,KJJBUOWZUIECRW-UHFFFAOYSA-N,1.0,100.0,86690,Enamine,Global catalog,EN300-46781964,255.0,EUR,10,,Cl.Cl.NCc1cn2c(Cl)cccc2n1,2025-09-29,1,1,1,{'Amidation'},{14966},{307709}
307600,NCc1cn2c(Br)cccc2n1,XEURYBLTRIEDOX-UHFFFAOYSA-N,1.0,100.0,87355,Enamine,Global catalog,EN300-46775344,278.0,EUR,10,,Cl.Cl.NCc1cn2c(Br)cccc2n1,2025-09-29,1,1,1,{'Amidation'},{14968},{307711}
307601,CC(N)c1cn2cccnc2n1,ZLCVOINFEXNPRI-UHFFFAOYSA-N,1.0,100.0,89399,Enamine,Global catalog,EN300-47248289,320.0,EUR,10,,C[C@H](N)c1cn2cccnc2n1.Cl.Cl,2025-09-29,1,1,1,{'Amidation'},{14969},{307712}
307612,CC(N)c1cn2c(Br)cccc2n1,VLGFPESJCQZCNM-UHFFFAOYSA-N,1.0,100.0,63287,Enamine,Global catalog,EN300-7463660,668.0,EUR,10,,C[C@@H](N)c1cn2c(Br)cccc2n1.Cl.Cl,2025-09-29,1,1,1,{'Amidation'},{14980},{307723}
307617,NNC(=O)c1cn2ccccc2n1,RHZQESDITRQWDU-UHFFFAOYSA-N,1.0,100.0,88314,Enamine,Global catalog,EN300-8048534,18.0,EUR,10,,NNC(=O)c1cn2ccccc2n1,2025-09-29,1,1,1,{'Amidation'},{14985},{307728}
307644,Cn1cncc1C1C(CN)CCCN1C1CC1,ZOZIDWDWOURKED-UHFFFAOYSA-N,1.0,50.0,135414,Enamine,EU stock,EN300-303860,260.0,EUR,2,,Cn1cncc1[C@H]1[C@H](CN)CCCN1C1CC1,2025-09-29,1,1,1,{'Amidation'},{15012},{307755}
293817,OC1CCNC1C1CC1,CUMSCVAHIQHFDQ-UHFFFAOYSA-N,1.0,50.0,121891,Enamine,EU stock,EN300-7535091,297.0,EUR,2,,Cl.O[C@H]1CCN[C@H]1C1CC1,2025-09-29,1,1,1,{'Amidation'},{15630},{308726}
293757,NC1CCC2CC12CO,FWDUYTVEXNTPGQ-UHFFFAOYSA-N,1.0,50.0,122716,Enamine,EU stock,EN300-7540903,299.0,EUR,2,,NC1CCC2CC12CO,2025-09-29,1,1,1,{'Amidation'},{15631},{308727}
309086,COc1ccc2ncc(C=O)n2c1,JGFCMRSKRBDNTE-UHFFFAOYSA-N,1.0,50.0,121796,Enamine,EU stock,EN300-7492251,187.0,EUR,2,,COc1ccc2ncc(C=O)n2c1,2025-09-29,1,1,1,{'Reductive_amination'},{15995},{309727}
309222,Cc1nc2ccc(O)cn2c1C(=O)O,HWJBGTUDNOJVNB-UHFFFAOYSA-N,1.0,100.0,54394,Enamine,Global catalog,EN300-46193380,448.0,EUR,10,,Cc1nc2ccc(O)cn2c1C(=O)O.Cl,2025-09-29,1,1,1,{'Reductive_amination'},{16133},{309865}
310112,O=C(O)COC1CCC(=O)NC1=O,CXIIKJXJIMUSNP-UHFFFAOYSA-N,4.0,50.0,142829,Enamine,EU stock,EN300-45734178,218.0,EUR,2,,O=C(O)COC1CCC(=O)NC1=O,2025-09-29,1,4,4,{'Amidation'},"{16385, 16380, 16388, 16382}","{310128, 310134, 310131, 310126}"
310115,CC(C)(N)c1ncc(Br)cn1,UIRDIGDIBQIMQP-UHFFFAOYSA-N,1.0,50.0,119249,Enamine,EU stock,EN300-1654388,297.0,EUR,2,,CC(C)(N)c1ncc(Br)cn1.Cl,2025-09-29,1,1,1,{'Amidation'},{16380},{310126}
310117,CCC(N)c1ncc(Br)cn1,OAYDMEYBCAKQLJ-UHFFFAOYSA-N,1.0,100.0,83820,Enamine,Global catalog,EN300-43382420,354.0,EUR,10,,CCC(N)c1ncc(Br)cn1.Cl,2025-09-29,1,1,1,{'Amidation'},{16382},{310128}
302143,NC(c1ncc(Br)cn1)C1CC1,VKMVWTCBCHSHKY-UHFFFAOYSA-N,1.0,100.0,90155,Enamine,Global catalog,EN300-47333405,284.0,EUR,10,,Cl.Cl.NC(c1ncc(Br)cn1)C1CC1,2025-09-29,1,1,1,{'Amidation'},{16385},{310131}
310122,NC1(c2ncc(Br)cn2)CCCC1,YNLDYHQEFHGHKI-UHFFFAOYSA-N,1.0,100.0,98664,Enamine,Global catalog,EN300-52398671,320.0,EUR,10,,Cl.NC1(c2ncc(Br)cn2)CCCC1,2025-09-29,1,1,1,{'Amidation'},{16388},{310134}
307758,NC1CCN2CCCC1C2,VIZAZBTVZGLWCG-UHFFFAOYSA-N,1.0,50.0,143999,Enamine,EU stock,EN300-46767840,211.0,EUR,2,,Cl.Cl.NC1CCN2CCCC1C2,2025-09-29,1,1,1,{'Amidation'},{16831},{310712}
310646,CC(C)(C)OC(=O)N1c2cc(Br)ccc2CC1CC(=O)O,XCCJYTQLTXSMRD-UHFFFAOYSA-N,2.0,100.0,89525,Enamine,Global catalog,EN300-46829441,330.0,EUR,10,,CC(C)(C)OC(=O)N1c2cc(Br)ccc2CC1CC(=O)O,2025-09-29,1,2,2,{'Amidation'},"{16889, 16831}","{310712, 310770}"
283750,CC(CCN)N1CCCCC1,JALHJUKRXXWMPV-UHFFFAOYSA-N,1.0,15.6,25818,Enamine,HTS,EN300-132986,41.8,EUR,10,0.9,CC(CCN)N1CCCCC1,2025-10-07,1,1,1,{'Amidation'},{16834},{310715}
310645,CC(C)(C)OC(=O)N1c2ccccc2CC1CC(=O)O,IYXCLGCRDLGRSK-UHFFFAOYSA-N,2.0,50.0,148627,Enamine,EU stock,EN300-6733031,187.0,EUR,2,,CC(C)(C)OC(=O)N1c2ccccc2C[C@H]1CC(=O)O,2025-09-29,1,2,2,{'Amidation'},"{16834, 16851}","{310715, 310732}"
310672,NCC(O)CN1CCCCC1=O,SEZPIYPGUYYYHN-UHFFFAOYSA-N,1.0,100.0,52528,Enamine,Global catalog,EN300-6474657,444.0,EUR,10,,Cl.NCC(O)CN1CCCCC1=O,2025-09-29,1,1,1,{'Amidation'},{16851},{310732}
310666,CC1CCCCN1CCCN,YYAYTNPNFKPFNG-UHFFFAOYSA-N,1.0,100.0,78813,Enamine,Global catalog,EN300-21682,18.0,EUR,10,,CC1CCCCN1CCCN,2025-09-29,1,1,1,{'Amidation'},{16889},{310770}
310853,O=C(O)C1C2CC3CC1CN(C3)C2,YEZGAQFGQCXRMA-UHFFFAOYSA-N,2.0,100.0,38539,Enamine,Global catalog,EN300-249855,735.0,EUR,10,,Cl.O=C(O)C1C2CC3CC1CN(C3)C2,2025-09-29,1,2,2,{'Amidation'},"{16962, 16965}","{310875, 310878}"
310855,Cc1c(N)cnn1CC(F)F,NXYUNDYUMQKKNU-UHFFFAOYSA-N,1.0,50.0,125105,Enamine,EU stock,EN300-7424700,292.0,EUR,2,,Cc1c(N)cnn1CC(F)F.Cl.Cl,2025-09-29,1,1,1,{'Amidation'},{16962},{310875}
310858,CC(n1cc(N)cn1)C(F)(F)F,RSJDCHYFCGMIMM-UHFFFAOYSA-N,1.0,50.0,145784,Enamine,EU stock,EN300-33574771,147.0,EUR,2,,CC(n1cc(N)cn1)C(F)(F)F,2025-09-29,1,1,1,{'Amidation'},{16965},{310878}
290439,O=C(O)CCC(=O)N1CCC(O)CC1,REGMPDHPYKTLDU-UHFFFAOYSA-N,1.0,50.0,130383,Enamine,EU stock,EN300-51889,35.0,EUR,2,,O=C(O)CCC(=O)N1CCC(O)CC1,2025-09-29,1,1,1,{'Amidation'},{16985},{310898}
310868,Nc1cnn(CC(F)(F)F)c1C1CC1,HROPGOUKYRNMFH-UHFFFAOYSA-N,1.0,50.0,127014,Enamine,EU stock,EN300-7471194,237.0,EUR,2,,Cl.Nc1cnn(CC(F)(F)F)c1C1CC1,2025-09-29,1,1,1,{'Amidation'},{16985},{310898}
311004,O=C(O)C1(O)CCCC1(F)F,ODOPZAMUCBHSOP-UHFFFAOYSA-N,1.0,100.0,58054,Enamine,Global catalog,EN300-6102274,746.0,EUR,10,,O=C(O)C1(O)CCCC1(F)F,2025-09-29,1,1,1,{'Mitsunobu_reaction_with_amine_alcohol_and_thioalcohol'},{17085},{311034}
311005,N#CC1CCCC(F)(F)C1O,CSKIVYQOCNAUMF-UHFFFAOYSA-N,1.0,100.0,85955,Enamine,Global catalog,EN300-6833497,292.0,EUR,10,,N#C[C@@H]1CCCC(F)(F)[C@H]1O,2025-09-29,1,1,1,{'Mitsunobu_reaction_with_amine_alcohol_and_thioalcohol'},{17086},{311035}
311006,O=C(O)C1CCC(F)(F)C1O,CWCXYTSDAMPGQF-UHFFFAOYSA-N,1.0,100.0,96879,Enamine,Global catalog,EN300-7204833,326.0,EUR,10,,O=C(O)[C@@H]1CCC(F)(F)[C@H]1O,2025-09-29,1,1,1,{'Mitsunobu_reaction_with_amine_alcohol_and_thioalcohol'},{17087},{311036}
311009,COC(=O)C1CCC(F)(F)C1O,ZIEZESGIUUJXNQ-UHFFFAOYSA-N,1.0,100.0,84436,Enamine,Global catalog,EN300-45604548,326.0,EUR,10,,COC(=O)[C@@H]1CCC(F)(F)[C@H]1O,2025-09-29,1,1,1,{'Mitsunobu_reaction_with_amine_alcohol_and_thioalcohol'},{17090},{311039}
303643,O=C1CC2(CCNCC2)C(CO)N1,XUPGCELHASKWGR-UHFFFAOYSA-N,7.0,100.0,103420,Enamine,Global catalog,EN300-52683609,326.0,EUR,10,,Cl.O=C1CC2(CCNCC2)C(CO)N1,2025-09-29,1,7,7,{'Amidation'},"{17282, 17289, 17301, 17273, 17274, 17276, 17277}","{311427, 311439, 311411, 311412, 311414, 311415, 311420}"
311369,Cc1[nH]c(C(=O)O)nc1Cl,OZMWSRDWTRVOQZ-UHFFFAOYSA-N,2.0,100.0,88076,Enamine,Global catalog,EN300-46810245,320.0,EUR,10,,Cc1[nH]c(C(=O)O)nc1Cl.Cl,2025-09-29,1,2,2,{'Amidation'},"{17273, 17340}","{311411, 311478}"
311370,CCc1cnc(C(=O)O)[nH]1,UQFCFPLMDJGELA-UHFFFAOYSA-N,2.0,50.0,150417,Enamine,EU stock,EN300-39671449,152.0,EUR,2,,CCc1cnc(C(=O)O)[nH]1.Cl,2025-09-29,1,2,2,{'Amidation'},"{17330, 17274}","{311468, 311412}"
311372,CC(C)c1c[nH]c(C(=O)O)n1,REWNLINRBXNUAV-UHFFFAOYSA-N,1.0,50.0,145002,Enamine,EU stock,EN300-47307755,215.0,EUR,2,,CC(C)c1c[nH]c(C(=O)O)n1.Cl,2025-09-29,1,1,1,{'Amidation'},{17276},{311414}
311373,CCc1[nH]c(C(=O)O)nc1Cl,WBRFPIVOPOBICF-UHFFFAOYSA-N,1.0,100.0,101062,Enamine,Global catalog,EN300-1177813,359.0,EUR,10,,CCc1[nH]c(C(=O)O)nc1Cl.Cl,2025-09-29,1,1,1,{'Amidation'},{17277},{311415}
311375,O=C(O)c1nc2ccccc2[nH]1,RHXSYTACTOMVLJ-UHFFFAOYSA-N,2.0,100.0,51488,Enamine,Global catalog,EN300-67223,18.0,EUR,10,,O=C(O)c1nc2ccccc2[nH]1,2025-09-29,1,2,2,{'Amidation'},"{17385, 17282}","{311523, 311420}"
311379,O=C(O)c1nc2cc(O)ccc2[nH]1,NTSCJPTZMFBBEG-UHFFFAOYSA-N,1.0,100.0,37272,Enamine,Global catalog,EN300-222855,367.0,EUR,10,,O=C(O)c1nc2cc(O)ccc2[nH]1,2025-09-29,1,1,1,{'Amidation'},{17289},{311427}
311391,O=C(O)c1nc2ccc(F)cc2[nH]1,TYXHLKWWJIWESF-UHFFFAOYSA-N,1.0,100.0,87803,Enamine,Global catalog,EN300-3055156,454.0,EUR,10,,O=C(O)c1nc2ccc(F)cc2[nH]1,2025-09-29,1,1,1,{'Amidation'},{17301},{311439}
303653,Nc1ccc(C(=O)NC2CN3CCC2CC3)cc1,IGIGYPNZDJXGOS-UHFFFAOYSA-N,3.0,100.0,58348,Enamine,Global catalog,EN300-81779,307.0,EUR,10,,Cl.Cl.Nc1ccc(C(=O)NC2CN3CCC2CC3)cc1,2025-09-29,1,3,3,{'Amidation'},"{17385, 17330, 17340}","{311523, 311468, 311478}"
311548,O=C1CCC(n2cc(C(=O)O)cn2)C(=O)N1,HNCQZTOJADZGIP-UHFFFAOYSA-N,1.0,100.0,52258,Enamine,Global catalog,EN300-37172612,354.0,EUR,10,,O=C1CCC(n2cc(C(=O)O)cn2)C(=O)N1,2025-09-29,1,1,1,{'Amidation'},{17420},{311572}
311556,CC(C)(C)OC(=O)NC(CN)C(C)(C)C,PZCDWEOQKBSMMC-UHFFFAOYSA-N,1.0,50.0,136973,Enamine,EU stock,EN300-6282117,145.0,EUR,2,,CC(C)(C)OC(=O)N[C@@H](CN)C(C)(C)C,2025-09-29,1,1,1,{'Amidation'},{17420},{311572}
311578,O=C1Cc2cc(C(=O)O)ccc2N1,LLLKBUWXODIMEW-UHFFFAOYSA-N,1.0,100.0,38196,Enamine,Global catalog,EN300-43775,18.0,EUR,10,,O=C1Cc2cc(C(=O)O)ccc2N1,2025-09-29,1,1,1,{'Amidation'},{17426},{311593}
311583,O=C1Nc2c(Br)cc(C(=O)O)cc2C1=O,XSVUHNBXTRTHJA-UHFFFAOYSA-N,1.0,100.0,32918,Enamine,Global catalog,EN300-133543,641.0,EUR,10,,O=C1Nc2c(Br)cc(C(=O)O)cc2C1=O,2025-09-29,1,1,1,{'Amidation'},{17431},{311598}
311586,CN1C(=O)C(=O)c2cc(C(=O)O)ccc21,ROPLRWWORDJINQ-UHFFFAOYSA-N,1.0,100.0,88230,Enamine,Global catalog,EN300-9428247,359.0,EUR,10,,CN1C(=O)C(=O)c2cc(C(=O)O)ccc21,2025-09-29,1,1,1,{'Amidation'},{17434},{311601}
311588,O=C(O)c1cc2c3c(c1)C(=O)C(=O)N3CCC2,UEHSGBUGTHYKCI-UHFFFAOYSA-N,1.0,100.0,30741,Enamine,Global catalog,EN300-104382,292.0,EUR,10,,O=C(O)c1cc2c3c(c1)C(=O)C(=O)N3CCC2,2025-09-29,1,1,1,{'Amidation'},{17437},{311604}
303488,CCCN1C(=O)CCC(C(=O)O)C1c1cncn1C,STCGJGDHAZLSQG-UHFFFAOYSA-N,1.0,50.0,131545,Enamine,EU stock,EN300-1693171,215.0,EUR,2,,CCCN1C(=O)CC[C@H](C(=O)O)[C@H]1c1cncn1C,2025-09-29,1,1,1,{'Amidation'},{18623},{313073}
310680,NCC1CN2CCCCC2CO1,HGHFOXXRWZPFQQ-UHFFFAOYSA-N,1.0,50.0,108835,Enamine,EU stock,EN300-120603,218.0,EUR,2,,NCC1CN2CCCCC2CO1,2025-09-29,1,1,1,{'Amidation'},{18623},{313073}
303053,CC1=CC1C(=O)O,RONDSBCNTXHHBV-UHFFFAOYSA-N,1.0,50.0,116631,Enamine,EU stock,EN300-118360,299.0,EUR,2,,CC1=CC1C(=O)O,2025-09-29,1,1,1,{'Amidation'},{19156},{313631}
313150,O=C1CC(=C2CNC2)C(=O)N1,BKKLJVATTMABGS-UHFFFAOYSA-N,3.0,50.0,123878,Enamine,EU stock,EN300-6730277,240.0,EUR,2,,Cl.O=C1CC(=C2CNC2)C(=O)N1,2025-09-29,1,3,3,{'Amidation'},"{19168, 19186, 19156}","{313643, 313661, 313631}"
297549,C=C(CO)C(=O)O,AAMTXHVZOHPPQR-UHFFFAOYSA-N,1.0,50.0,110405,Enamine,EU stock,EN300-147050,38.0,EUR,2,,C=C(CO)C(=O)O,2025-09-29,1,1,1,{'Amidation'},{19168},{313643}
297553,CCC(O)C(=O)O,AFENDNXGAFYKQO-UHFFFAOYSA-N,1.0,100.0,39694,Enamine,Global catalog,EN300-27738,18.0,EUR,10,,CCC(O)C(=O)O,2025-09-29,1,1,1,{'Amidation'},{19186},{313661}
313669,OC1CCOC1,XDPCNPCKDGQBAN-UHFFFAOYSA-N,1.0,100.0,34185,Enamine,Global catalog,EN300-94223,18.0,EUR,10,,O[C@@H]1CCOC1,2025-09-29,1,1,1,{'Steglich_esterification'},{19194},{314345}
313670,CC1(O)COC1,DHDPUVPGALXWOL-UHFFFAOYSA-N,1.0,50.0,116369,Enamine,EU stock,EN300-110416,20.0,EUR,2,,CC1(O)COC1,2025-09-29,1,1,1,{'Steglich_esterification'},{19195},{314346}
313671,CC(O)C1CO1,LEJLUUHSOFWJSW-UHFFFAOYSA-N,1.0,50.0,145553,Enamine,EU stock,EN300-138664,190.0,EUR,2,,CC(O)C1CO1,2025-09-29,1,1,1,{'Steglich_esterification'},{19196},{314347}
313672,COCC(O)CN,IDSWHVZEQHESIJ-UHFFFAOYSA-N,1.0,50.0,106796,Enamine,EU stock,EN300-77656,30.0,EUR,2,,COCC(O)CN,2025-09-29,1,1,1,{'Steglich_esterification'},{19197},{314348}
290875,NC1COCC1O,HQVKXDYSIGDGSY-UHFFFAOYSA-N,1.0,50.0,111979,Enamine,EU stock,EN300-246814,26.0,EUR,2,,N[C@@H]1COC[C@H]1O,2025-09-29,1,1,1,{'Steglich_esterification'},{19198},{314349}
313673,CC1(O)CCOC1,OLCMEOZFMPJHCK-UHFFFAOYSA-N,1.0,50.0,107504,Enamine,EU stock,EN300-104759,78.0,EUR,2,,CC1(O)CCOC1,2025-09-29,1,1,1,{'Steglich_esterification'},{19199},{314350}
313674,OC1CCCOC1,BHDLTOUYJMTTTM-UHFFFAOYSA-N,1.0,50.0,108450,Enamine,EU stock,EN300-73478,18.0,EUR,2,,OC1CCCOC1,2025-09-29,1,1,1,{'Steglich_esterification'},{19200},{314351}
313675,COC(=O)C(C)O,LPEKGGXMPWTOCB-UHFFFAOYSA-N,1.0,100.0,32834,Enamine,Global catalog,EN300-134403,18.0,EUR,10,,COC(=O)[C@@H](C)O,2025-09-29,1,1,1,{'Steglich_esterification'},{19201},{314352}
313676,CC1OCCC1O,ZFVWBUVYNPLIIS-UHFFFAOYSA-N,1.0,50.0,109720,Enamine,EU stock,EN300-141357,97.0,EUR,2,,CC1OCCC1O,2025-09-29,1,1,1,{'Steglich_esterification'},{19202},{314353}
313677,CCOCC(C)O,JOLQKTGDSGKSKJ-UHFFFAOYSA-N,1.0,100.0,34444,Enamine,Global catalog,EN300-177730,18.0,EUR,10,,CCOCC(C)O,2025-09-29,1,1,1,{'Steglich_esterification'},{19203},{314354}
313678,OC1COCC1Br,LUUKWZNQWLUBGM-UHFFFAOYSA-N,1.0,100.0,49310,Enamine,Global catalog,EN300-331828,167.0,EUR,10,,O[C@@H]1COC[C@H]1Br,2025-09-29,1,1,1,{'Steglich_esterification'},{19204},{314355}
313679,CC1COCC1O,FYIORKUEZVVKEL-UHFFFAOYSA-N,1.0,50.0,114623,Enamine,EU stock,EN300-310619,122.0,EUR,2,,C[C@@H]1COC[C@H]1O,2025-09-29,1,1,1,{'Steglich_esterification'},{19205},{314356}
313680,OCC1COCO1,BOHGAOWOIJMTPZ-UHFFFAOYSA-N,1.0,100.0,43129,Enamine,Global catalog,EN300-42801,18.0,EUR,10,,OC1COCOC1.OCC1COCO1,2025-09-29,1,1,1,{'Steglich_esterification'},{19206},{314357}
313681,CCC1(O)COC1,QGXMKEGFTNLFQQ-UHFFFAOYSA-N,1.0,50.0,116502,Enamine,EU stock,EN300-693664,35.0,EUR,2,,CCC1(O)COC1,2025-09-29,1,1,1,{'Steglich_esterification'},{19207},{314358}
313683,COC1CCC1O,PLKAFGTURMDKNS-UHFFFAOYSA-N,1.0,100.0,47315,Enamine,Global catalog,EN300-1652950,746.0,EUR,10,,CO[C@@H]1CC[C@H]1O,2025-09-29,1,1,1,{'Steglich_esterification'},{19209},{314360}
313685,OC1COCC1F,INQHWCYKASVEQT-UHFFFAOYSA-N,1.0,50.0,119397,Enamine,EU stock,EN300-1425913,40.0,EUR,2,,O[C@@H]1COC[C@H]1F,2025-09-29,1,1,1,{'Steglich_esterification'},{19211},{314362}
313686,CC1CC(O)CO1,KSTOUTVBGBEWOS-UHFFFAOYSA-N,1.0,100.0,49409,Enamine,Global catalog,EN300-3432057,230.0,EUR,10,,CC1CC(O)CO1,2025-09-29,1,1,1,{'Steglich_esterification'},{19212},{314363}
313687,O=C1OCCC1O,FWIBCWKHNZBDLS-UHFFFAOYSA-N,1.0,100.0,50480,Enamine,Global catalog,EN300-2009870,63.0,EUR,10,,O=C1OCC[C@H]1O,2025-09-29,1,1,1,{'Steglich_esterification'},{19213},{314364}
313689,CC(O)C1CCO1,PSGHHWNDLZRGKX-UHFFFAOYSA-N,1.0,50.0,123836,Enamine,EU stock,EN300-6512895,278.0,EUR,2,,CC(O)C1CCO1,2025-09-29,1,1,1,{'Steglich_esterification'},{19215},{314366}
313690,O=C1CC(O)CO1,FUDDLSHBRSNCBV-UHFFFAOYSA-N,1.0,100.0,55402,Enamine,Global catalog,EN300-102216,18.0,EUR,10,,O=C1C[C@H](O)CO1,2025-09-29,1,1,1,{'Steglich_esterification'},{19216},{314367}
313691,C=CC1(O)COC1,IRTNICKAXISCBY-UHFFFAOYSA-N,1.0,50.0,124249,Enamine,EU stock,EN300-316574,30.0,EUR,2,,C=CC1(O)COC1,2025-09-29,1,1,1,{'Steglich_esterification'},{19217},{314368}
313692,C#CC1(O)COC1,VDKFNBYHNNAJBC-UHFFFAOYSA-N,1.0,50.0,125431,Enamine,EU stock,EN300-180177,18.0,EUR,2,,C#CC1(O)COC1,2025-09-29,1,1,1,{'Steglich_esterification'},{19218},{314369}
313693,COCC(C)(C)O,MXUXZWFVAPTPAG-UHFFFAOYSA-N,1.0,100.0,58236,Enamine,Global catalog,EN300-1255949,18.0,EUR,10,,COCC(C)(C)O,2025-09-29,1,1,1,{'Steglich_esterification'},{19219},{314370}
313695,CC(O)C1(C)CO1,GSZYRUXKQZWHKE-UHFFFAOYSA-N,1.0,50.0,126947,Enamine,EU stock,EN300-7585435,154.0,EUR,2,,CC(O)C1(C)CO1,2025-09-29,1,1,1,{'Steglich_esterification'},{19221},{314372}
313697,OC1C=CCOC1,IHVWAXHWELFEAT-UHFFFAOYSA-N,1.0,50.0,135392,Enamine,EU stock,EN300-83175,165.0,EUR,2,,OC1C=CCOC1,2025-09-29,1,1,1,{'Steglich_esterification'},{19223},{314374}
313698,COCC1(O)CC1,YVKLWLLSWZGMCF-UHFFFAOYSA-N,1.0,100.0,73047,Enamine,Global catalog,EN300-1604848,367.0,EUR,10,,COCC1(O)CC1,2025-09-29,1,1,1,{'Steglich_esterification'},{19224},{314375}
313699,COCC(O)C#N,ZTGYDHMYFQUFMT-UHFFFAOYSA-N,1.0,50.0,139960,Enamine,EU stock,EN300-311008,202.0,EUR,2,,COCC(O)C#N,2025-09-29,1,1,1,{'Steglich_esterification'},{19225},{314376}
313700,COCC(O)CBr,JVKQRGSQZKDSLQ-UHFFFAOYSA-N,1.0,50.0,145537,Enamine,EU stock,EN300-7229775,112.0,EUR,2,,COC[C@H](O)CBr,2025-09-29,1,1,1,{'Steglich_esterification'},{19226},{314377}
313701,CC(C)(O)C1CO1,GDUKJERMEWMMMD-UHFFFAOYSA-N,1.0,50.0,148065,Enamine,EU stock,EN300-1608690,165.0,EUR,2,,CC(C)(O)C1CO1,2025-09-29,1,1,1,{'Steglich_esterification'},{19227},{314378}
313703,COCC(O)C(C)C,XFYWHZOKFISCGP-UHFFFAOYSA-N,1.0,100.0,30069,Enamine,Global catalog,EN300-97645,287.0,EUR,10,,COCC(O)C(C)C,2025-09-29,1,1,1,{'Steglich_esterification'},{19229},{314380}
313704,COC1CCCC1O,YVXLDOASGKIXII-UHFFFAOYSA-N,1.0,50.0,107532,Enamine,EU stock,EN300-73616,84.0,EUR,2,,CO[C@H]1CCC[C@@H]1O,2025-09-29,1,1,1,{'Steglich_esterification'},{19230},{314381}
313705,CCOC(=O)C(C)O,LZCLXQDLBQLTDK-UHFFFAOYSA-N,1.0,100.0,30489,Enamine,Global catalog,EN300-106955,18.0,EUR,10,,CCOC(=O)[C@@H](C)O,2025-09-29,1,1,1,{'Steglich_esterification'},{19231},{314382}
313706,COCC(O)C1CC1,PUMHQGRMQFQPOK-UHFFFAOYSA-N,1.0,50.0,107917,Enamine,EU stock,EN300-115038,147.0,EUR,2,,COCC(O)C1CC1,2025-09-29,1,1,1,{'Steglich_esterification'},{19232},{314383}
313707,COC(=O)C(O)CN,LFVPHXOOLUCFFB-UHFFFAOYSA-N,1.0,100.0,32281,Enamine,Global catalog,EN300-122770,18.0,EUR,10,,COC(=O)C(O)CN.Cl,2025-09-29,1,1,1,{'Steglich_esterification'},{19233},{314384}
313709,OC1CCCC2OC12,NTUQPJNKERXQPA-UHFFFAOYSA-N,1.0,100.0,33198,Enamine,Global catalog,EN300-140535,349.0,EUR,10,,OC1CCCC2OC12,2025-09-29,1,1,1,{'Steglich_esterification'},{19235},{314386}
313710,OC1CNCCOC1,AJQUDIYIICBQDR-UHFFFAOYSA-N,1.0,50.0,128663,Enamine,EU stock,EN300-233951,61.0,EUR,2,,Cl.OC1CNCCOC1,2025-09-29,1,1,1,{'Steglich_esterification'},{19236},{314387}
290895,CNC1COCC1O,JQYPNVKUMXATFT-UHFFFAOYSA-N,1.0,50.0,115408,Enamine,EU stock,EN300-371682,36.0,EUR,2,,CN[C@@H]1COC[C@H]1O,2025-09-29,1,1,1,{'Steglich_esterification'},{19237},{314388}
313711,CC(O)C1CCCO1,FGNVEEOZAACRKW-UHFFFAOYSA-N,1.0,50.0,114520,Enamine,EU stock,EN300-87978,240.0,EUR,2,,CC(O)C1CCCO1,2025-09-29,1,1,1,{'Steglich_esterification'},{19238},{314389}
313712,C#CC1(O)CCOC1,MDKYDLOXSGSJCT-UHFFFAOYSA-N,1.0,50.0,112798,Enamine,EU stock,EN300-244225,116.0,EUR,2,,C#CC1(O)CCOC1,2025-09-29,1,1,1,{'Steglich_esterification'},{19239},{314390}
313713,NC1CCOCC1O,PBQHDTRHGNGTLZ-UHFFFAOYSA-N,1.0,50.0,115632,Enamine,EU stock,EN300-366540,19.0,EUR,2,,Cl.N[C@@H]1CCOC[C@H]1O,2025-09-29,1,1,1,{'Steglich_esterification'},{19240},{314391}
313714,C=CC(O)C(=O)OC,JBKTVPSFVUFSAO-UHFFFAOYSA-N,1.0,50.0,115230,Enamine,EU stock,EN300-244191,34.0,EUR,2,,C=CC(O)C(=O)OC,2025-09-29,1,1,1,{'Steglich_esterification'},{19241},{314392}
313715,COC(C)C(O)C#N,KRMABMQWRNWJQS-UHFFFAOYSA-N,1.0,100.0,41729,Enamine,Global catalog,EN300-342641,491.0,EUR,10,,COC(C)C(O)C#N,2025-09-29,1,1,1,{'Steglich_esterification'},{19242},{314393}
313717,NCC1COCC1O,MUTHVSUAOIYRHX-UHFFFAOYSA-N,1.0,50.0,116084,Enamine,EU stock,EN300-386296,132.0,EUR,2,,Cl.NC[C@H]1COC[C@H]1O,2025-09-29,1,1,1,{'Steglich_esterification'},{19244},{314395}
313718,OC1COCCC1Br,JWLSQYXLTZURJW-UHFFFAOYSA-N,1.0,100.0,43920,Enamine,Global catalog,EN300-657262,349.0,EUR,10,,O[C@@H]1COCC[C@H]1Br,2025-09-29,1,1,1,{'Steglich_esterification'},{19245},{314396}
313719,C=CCOCC(C)O,CJNXVNXBZXMHKG-UHFFFAOYSA-N,1.0,100.0,45089,Enamine,Global catalog,EN300-6426900,287.0,EUR,10,,C=CCOCC(C)O,2025-09-29,1,1,1,{'Steglich_esterification'},{19247},{314398}
313720,CC(C)(O)C1CCO1,PHTHEVSTDWSMNZ-UHFFFAOYSA-N,1.0,50.0,117599,Enamine,EU stock,EN300-7122431,218.0,EUR,2,,CC(C)(O)C1CCO1,2025-09-29,1,1,1,{'Steglich_esterification'},{19248},{314399}
313722,OC1CC2CCC1O2,DXJWCIYSWHNWHQ-UHFFFAOYSA-N,1.0,50.0,119455,Enamine,EU stock,EN300-1696609,190.0,EUR,2,,O[C@H]1C[C@@H]2CC[C@H]1O2,2025-09-29,1,1,1,{'Steglich_esterification'},{19250},{314401}
313723,CC1(O)CCCOC1,JUQXHRNZEMUHEI-UHFFFAOYSA-N,1.0,50.0,118399,Enamine,EU stock,EN300-106642,240.0,EUR,2,,CC1(O)CCCOC1,2025-09-29,1,1,1,{'Steglich_esterification'},{19251},{314402}
313724,CC(N)C1(O)COC1,YNNVWKYTJJOGEQ-UHFFFAOYSA-N,1.0,50.0,118935,Enamine,EU stock,EN300-1640177,22.0,EUR,2,,CC(N)C1(O)COC1,2025-09-29,1,1,1,{'Steglich_esterification'},{19252},{314403}
313725,CC1CCC(O)CO1,IVUMRULTPACMCY-UHFFFAOYSA-N,1.0,100.0,47728,Enamine,Global catalog,EN300-193695,600.0,EUR,10,,CC1CCC(O)CO1,2025-09-29,1,1,1,{'Steglich_esterification'},{19253},{314404}
313726,OC1COC2(CC2)C1,GEAKSOHRNZXSDG-UHFFFAOYSA-N,1.0,50.0,119536,Enamine,EU stock,EN300-1706909,270.0,EUR,2,,OC1COC2(CC2)C1,2025-09-29,1,1,1,{'Steglich_esterification'},{19254},{314405}
313727,COCC(CO)OC,RXDAPJJFRLSRPX-UHFFFAOYSA-N,1.0,50.0,119876,Enamine,EU stock,EN300-1697582,299.0,EUR,2,,COC[C@@H](CO)OC,2025-09-29,1,1,1,{'Steglich_esterification'},{19255},{314406}
313728,CC1OCC(CO)O1,ZCYJBTKNPHKPPN-UHFFFAOYSA-N,1.0,50.0,119890,Enamine,EU stock,EN300-1703369,299.0,EUR,2,,CC1OCC(CO)O1,2025-09-29,1,1,1,{'Steglich_esterification'},{19256},{314407}
313729,OC1COC2CC1C2,YTOCEYPVIFKSGP-UHFFFAOYSA-N,1.0,50.0,121822,Enamine,EU stock,EN300-7491883,330.0,EUR,2,,OC1COC2CC1C2,2025-09-29,1,1,1,{'Steglich_esterification'},{19257},{314408}
313730,CSC1COCC1O,ATVYTDNUOBDOAH-UHFFFAOYSA-N,1.0,50.0,121980,Enamine,EU stock,EN300-2520837,73.0,EUR,2,,CS[C@@H]1COC[C@H]1O,2025-09-29,1,1,1,{'Steglich_esterification'},{19258},{314409}
313731,C#CC(C)(O)COC,JEBUUQLXYVZBJV-UHFFFAOYSA-N,1.0,50.0,122518,Enamine,EU stock,EN300-301965,165.0,EUR,2,,C#CC(C)(O)COC,2025-09-29,1,1,1,{'Steglich_esterification'},{19259},{314410}
313732,CC1COC(=O)C1O,GFPAFTLIWBGZMF-UHFFFAOYSA-N,1.0,50.0,122776,Enamine,EU stock,EN300-7603138,299.0,EUR,2,,CC1COC(=O)C1O,2025-09-29,1,1,1,{'Steglich_esterification'},{19260},{314411}
313733,OC1COCC12CO2,NXHYRHLQPVRIGO-UHFFFAOYSA-N,1.0,100.0,53141,Enamine,Global catalog,EN300-6729283,613.0,EUR,10,,OC1COCC12CO2,2025-09-29,1,1,1,{'Steglich_esterification'},{19261},{314412}
313734,COCC(O)CON,PJOCRKSXKKGYCO-UHFFFAOYSA-N,1.0,50.0,123542,Enamine,EU stock,EN300-4518607,299.0,EUR,2,,COCC(O)CON,2025-09-29,1,1,1,{'Steglich_esterification'},{19262},{314413}
313735,OC1C2COC1CN2,RYZGVIBGUMQLQE-UHFFFAOYSA-N,1.0,50.0,140802,Enamine,EU stock,EN300-6493060,437.0,EUR,2,,Cl.O[C@@H]1[C@@H]2CO[C@H]1CN2,2025-09-29,1,1,1,{'Steglich_esterification'},{19263},{314414}
313736,OC1COCC1(F)F,PVWAPSUNVVAGKE-UHFFFAOYSA-N,1.0,50.0,124046,Enamine,EU stock,EN300-1703301,182.0,EUR,2,,OC1COCC1(F)F,2025-09-29,1,1,1,{'Steglich_esterification'},{19264},{314415}
313737,COC1COCC1O,LVCNGHBRNGEKCO-UHFFFAOYSA-N,1.0,50.0,125089,Enamine,EU stock,EN300-7431563,63.0,EUR,2,,CO[C@@H]1COC[C@H]1O,2025-09-29,1,1,1,{'Steglich_esterification'},{19265},{314416}
313738,CCC1COCC1O,CFJITMLRVAVNJX-UHFFFAOYSA-N,1.0,100.0,58313,Enamine,Global catalog,EN300-1625319,230.0,EUR,10,,CC[C@@H]1COC[C@H]1O,2025-09-29,1,1,1,{'Steglich_esterification'},{19266},{314417}
313740,COC(=O)C1(O)CC1,KPJWVJURYXOHOO-UHFFFAOYSA-N,1.0,100.0,59209,Enamine,Global catalog,EN300-178765,18.0,EUR,10,,COC(=O)C1(O)CC1,2025-09-29,1,1,1,{'Steglich_esterification'},{19268},{314419}
313741,O=C1OCC(CO)O1,JFMGYULNQJPJCY-UHFFFAOYSA-N,1.0,100.0,59524,Enamine,Global catalog,EN300-383708,18.0,EUR,10,,O=C1OCC(CO)O1,2025-09-29,1,1,1,{'Steglich_esterification'},{19269},{314420}
313742,OC1C2COC1CO2,TWAUQACUGRGKAP-UHFFFAOYSA-N,1.0,100.0,59671,Enamine,Global catalog,EN300-7603087,359.0,EUR,10,,OC1C2COC1CO2,2025-09-29,1,1,1,{'Steglich_esterification'},{19270},{314421}
313743,C#CC1COCC1O,RFVUVGUBRWLVEX-UHFFFAOYSA-N,1.0,100.0,60098,Enamine,Global catalog,EN300-1587755,245.0,EUR,10,,C#C[C@@H]1COC[C@H]1O,2025-09-29,1,1,1,{'Steglich_esterification'},{19271},{314422}
313745,CC(O)COC(F)F,VGZMAUOFVPVYCA-UHFFFAOYSA-N,1.0,100.0,71626,Enamine,Global catalog,EN300-7502332,491.0,EUR,10,,CC(O)COC(F)F,2025-09-29,1,1,1,{'Steglich_esterification'},{19273},{314424}
313747,CNCC(O)COC,FQPOLOTYYAEFEQ-UHFFFAOYSA-N,1.0,50.0,135491,Enamine,EU stock,EN300-39580,24.0,EUR,2,,CNCC(O)COC,2025-09-29,1,1,1,{'Steglich_esterification'},{19275},{314426}
313748,CCOC(=N)C(C)O,YYXHWFLUIMPBFT-UHFFFAOYSA-N,1.0,100.0,72977,Enamine,Global catalog,EN300-7385414,292.0,EUR,10,,CCOC(=N)C(C)O.Cl,2025-09-29,1,1,1,{'Steglich_esterification'},{19276},{314427}
313749,COC1C(N)CC1O,CCGKRTBGWNVYFW-UHFFFAOYSA-N,1.0,100.0,74318,Enamine,Global catalog,EN300-27692767,354.0,EUR,10,,CO[C@@H]1C(N)C[C@H]1O.Cl,2025-09-29,1,1,1,{'Steglich_esterification'},{19277},{314428}
313750,COC(OC)C(C)O,PRAYXKGWSGUXQK-UHFFFAOYSA-N,1.0,50.0,137030,Enamine,EU stock,EN300-74278,20.0,EUR,2,,COC(OC)C(C)O,2025-09-29,1,1,1,{'Steglich_esterification'},{19278},{314429}
313752,OC1CC2COC1C2,YFOLSJPLSOPDLT-UHFFFAOYSA-N,1.0,50.0,138183,Enamine,EU stock,EN300-28316189,299.0,EUR,2,,O[C@H]1C[C@@H]2CO[C@H]1C2,2025-09-29,1,1,1,{'Steglich_esterification'},{19280},{314431}
313753,COC1C(C)CC1O,JDUDRTAGMPHBEN-UHFFFAOYSA-N,1.0,100.0,78505,Enamine,Global catalog,EN300-46758777,330.0,EUR,10,,CO[C@@H]1[C@H](C)C[C@H]1O,2025-09-29,1,1,1,{'Steglich_esterification'},{19281},{314432}
313755,COC1CNCC1O,NLVZYRDCKUFONR-UHFFFAOYSA-N,1.0,50.0,139342,Enamine,EU stock,EN300-247184,63.0,EUR,2,,CO[C@@H]1CNC[C@H]1O,2025-09-29,1,1,1,{'Steglich_esterification'},{19283},{314434}
313756,OC1COCC2CC12,RAFKTAARLDBSCJ-UHFFFAOYSA-N,1.0,100.0,81492,Enamine,Global catalog,EN300-37324001,651.0,EUR,10,,O[C@H]1COC[C@H]2C[C@H]21,2025-09-29,1,1,1,{'Steglich_esterification'},{19284},{314435}
313757,N#CC1COCC1O,KZVPMNPHZILVPO-UHFFFAOYSA-N,1.0,50.0,141331,Enamine,EU stock,EN300-2524318,193.0,EUR,2,,N#C[C@@H]1COC[C@H]1O,2025-09-29,1,1,1,{'Steglich_esterification'},{19285},{314436}
313758,COC1C(O)CC1Cl,MURMHPGHTRKAKK-UHFFFAOYSA-N,1.0,50.0,141615,Enamine,EU stock,EN300-39873814,240.0,EUR,2,,CO[C@H]1[C@H](O)C[C@H]1Cl,2025-09-29,1,1,1,{'Steglich_esterification'},{19286},{314437}
313759,CC1OCC(O)CO1,RLVMGTURHNLOJX-UHFFFAOYSA-N,1.0,100.0,83554,Enamine,Global catalog,EN300-7427354,950.0,EUR,10,,CC1OCC(O)CO1,2025-09-29,1,1,1,{'Steglich_esterification'},{19287},{314438}
313760,OC1CCCCOC1,PGTMYXAQLPHCAL-UHFFFAOYSA-N,1.0,100.0,86767,Enamine,Global catalog,EN300-176103,491.0,EUR,10,,OC1CCCCOC1,2025-09-29,1,1,1,{'Steglich_esterification'},{19288},{314439}
313761,OC1COC2CC2C1,GRRQXWIPIKJKCK-UHFFFAOYSA-N,1.0,100.0,86942,Enamine,Global catalog,EN300-46783975,825.0,EUR,10,,O[C@H]1CO[C@H]2C[C@H]2C1,2025-09-29,1,1,1,{'Steglich_esterification'},{19289},{314440}
313762,NCC1OCCC1O,HCTHRVVKECQUJT-UHFFFAOYSA-N,1.0,100.0,87047,Enamine,Global catalog,EN300-46645117,320.0,EUR,10,,Cl.NCC1OCCC1O,2025-09-29,1,1,1,{'Steglich_esterification'},{19290},{314441}
313763,C=C1CCOCC1O,RWWSYSZLZXITSJ-UHFFFAOYSA-N,1.0,50.0,145591,Enamine,EU stock,EN300-24792348,215.0,EUR,2,,C=C1CCOCC1O,2025-09-29,1,1,1,{'Steglich_esterification'},{19291},{314442}
313764,OCC1COCCO1,CMEPUAROFJSGJN-UHFFFAOYSA-N,1.0,100.0,95374,Enamine,Global catalog,EN300-69389,18.0,EUR,10,,OCC1COCCO1,2025-09-29,1,1,1,{'Steglich_esterification'},{19292},{314443}
313765,OCCOCC1CO1,CUGZWHZWSVUSBE-UHFFFAOYSA-N,1.0,50.0,147198,Enamine,EU stock,EN300-109693,202.0,EUR,2,,OCCOCC1CO1,2025-09-29,1,1,1,{'Steglich_esterification'},{19293},{314444}
313766,NC1C(=O)OCC1O,JWYJRISKBFDBGT-UHFFFAOYSA-N,1.0,50.0,147280,Enamine,EU stock,EN300-716354,567.0,EUR,2,,Cl.N[C@@H]1C(=O)OC[C@@H]1O,2025-09-29,1,1,1,{'Steglich_esterification'},{19294},{314445}
313767,O=C1CCOCC1O,AONISXKJRMECRD-UHFFFAOYSA-N,1.0,100.0,97551,Enamine,Global catalog,EN300-705714,133.0,EUR,10,,O=C1CCOCC1O,2025-09-29,1,1,1,{'Steglich_esterification'},{19295},{314446}
313768,CC1(C)COCC1O,STIIAVZGIJJOSY-UHFFFAOYSA-N,1.0,50.0,150667,Enamine,EU stock,EN300-2918017,177.0,EUR,2,,CC1(C)COCC1O,2025-09-29,1,1,1,{'Steglich_esterification'},{19296},{314447}
313769,OC1COCC12CC2,BLICXGCZBCFGDO-UHFFFAOYSA-N,1.0,100.0,101930,Enamine,Global catalog,EN300-6729285,651.0,EUR,10,,OC1COCC12CC2,2025-09-29,1,1,1,{'Steglich_esterification'},{19297},{314448}
313770,OC1CCOC12CC2,SKSNEYNXSDARGA-UHFFFAOYSA-N,1.0,50.0,150945,Enamine,EU stock,EN300-2524181,221.0,EUR,2,,OC1CCOC12CC2,2025-09-29,1,1,1,{'Steglich_esterification'},{19298},{314449}
313771,OC1COCCOC1,RINRJHHBMASRLW-UHFFFAOYSA-N,1.0,100.0,103644,Enamine,Global catalog,EN300-91573,957.0,EUR,10,,OC1COCCOC1,2025-09-29,1,1,1,{'Steglich_esterification'},{19299},{314450}
313772,CC(C)(O)C1(C)CO1,RRNYKUMJNZHGBP-UHFFFAOYSA-N,1.0,50.0,151309,Enamine,EU stock,EN300-26976208,195.0,EUR,2,,CC(C)(O)C1(C)CO1,2025-09-29,1,1,1,{'Steglich_esterification'},{19300},{314451}
313773,COC1CCCCC1O,DCQQZLGQRIVCNH-UHFFFAOYSA-N,1.0,50.0,140630,Enamine,EU stock,EN300-6488096,177.0,EUR,2,,CO[C@@H]1CCCC[C@H]1O,2025-09-29,1,1,1,{'Steglich_esterification'},{19301},{314452}
313774,CC1(C)OCC(CO)O1,RNVYQYLELCKWAN-UHFFFAOYSA-N,1.0,100.0,28557,Enamine,Global catalog,EN300-86444,18.0,EUR,10,,CC1(C)OC[C@H](CO)O1,2025-09-29,1,1,1,{'Steglich_esterification'},{19302},{314453}
313776,CCOC(=O)C(C)(C)O,GFUIDHWFLMPAGY-UHFFFAOYSA-N,1.0,100.0,30461,Enamine,Global catalog,EN300-105389,18.0,EUR,10,,CCOC(=O)C(C)(C)O,2025-09-29,1,1,1,{'Steglich_esterification'},{19304},{314455}
313777,CC(C)OCC(O)CI,SVJUEFKXTHJJEN-UHFFFAOYSA-N,1.0,50.0,107697,Enamine,EU stock,EN300-106896,195.0,EUR,2,,CC(C)OCC(O)CI,2025-09-29,1,1,1,{'Steglich_esterification'},{19305},{314456}
313778,CC(O)C1(C)CCCO1,MBKSTGJPHCKRJC-UHFFFAOYSA-N,1.0,50.0,110347,Enamine,EU stock,EN300-187853,218.0,EUR,2,,CC(O)C1(C)CCCO1,2025-09-29,1,1,1,{'Steglich_esterification'},{19306},{314457}
313779,COCCOCC(C)O,YVZQGLYEUSZXFK-UHFFFAOYSA-N,1.0,100.0,33163,Enamine,Global catalog,EN300-138096,255.0,EUR,10,,COCCOCC(C)O,2025-09-29,1,1,1,{'Steglich_esterification'},{19307},{314458}
313780,COC1COCCC1O,KOUUNQQSIGKNIA-UHFFFAOYSA-N,1.0,50.0,109655,Enamine,EU stock,EN300-140441,195.0,EUR,2,,COC1COCCC1O,2025-09-29,1,1,1,{'Steglich_esterification'},{19308},{314459}
313781,CC1(C)COC(=O)C1O,SERHXTVXHNVDKA-UHFFFAOYSA-N,1.0,100.0,34241,Enamine,Global catalog,EN300-128349,18.0,EUR,10,,CC1(C)COC(=O)C1O,2025-09-29,1,1,1,{'Steglich_esterification'},{19309},{314460}
313782,CC1OCCC1(O)CN,JPSVZTKDIWJGDJ-UHFFFAOYSA-N,1.0,50.0,110352,Enamine,EU stock,EN300-188324,173.0,EUR,2,,CC1OCCC1(O)CN,2025-09-29,1,1,1,{'Steglich_esterification'},{19310},{314461}
286058,CCOC(=O)C(O)CBr,PGYLVERCTHVHET-UHFFFAOYSA-N,1.0,50.0,110578,Enamine,EU stock,EN300-189696,154.0,EUR,2,,CCOC(=O)C(O)CBr,2025-09-29,1,1,1,{'Steglich_esterification'},{19311},{314462}
313783,C=CCOC(=O)C(C)O,CYFIHPJVHCCGTF-UHFFFAOYSA-N,1.0,100.0,35018,Enamine,Global catalog,EN300-197644,138.0,EUR,10,,C=CCOC(=O)C(C)O,2025-09-29,1,1,1,{'Steglich_esterification'},{19312},{314463}
313784,COC(=O)C(O)CC#N,NFERFOWSDQDXBZ-UHFFFAOYSA-N,1.0,50.0,110726,Enamine,EU stock,EN300-201997,219.0,EUR,2,,COC(=O)C(O)CC#N,2025-09-29,1,1,1,{'Steglich_esterification'},{19313},{314464}
313786,OC1COC2OCCC12,RCDXYCHYMULCDZ-UHFFFAOYSA-N,1.0,50.0,113163,Enamine,EU stock,EN300-257933,21.0,EUR,2,,O[C@H]1CO[C@H]2OCC[C@H]21,2025-09-29,1,1,1,{'Steglich_esterification'},{19315},{314466}
313787,CC(O)C1CNCCO1,ABZOPRBMPGVISK-UHFFFAOYSA-N,1.0,50.0,113442,Enamine,EU stock,EN300-254840,330.0,EUR,2,,CC(O)C1CNCCO1,2025-09-29,1,1,1,{'Steglich_esterification'},{19316},{314467}
313788,COC1(CO)CCOC1,MCAGRGVREBRYLZ-UHFFFAOYSA-N,1.0,50.0,113741,Enamine,EU stock,EN300-261539,240.0,EUR,2,,COC1(CO)CCOC1,2025-09-29,1,1,1,{'Steglich_esterification'},{19317},{314468}
313790,NCC(O)C1CCCO1,QVUIHZHGZPZYKO-UHFFFAOYSA-N,1.0,50.0,114743,Enamine,EU stock,EN300-313360,233.0,EUR,2,,NCC(O)C1CCCO1,2025-09-29,1,1,1,{'Steglich_esterification'},{19319},{314470}
313791,CC(O)C1CCC(=O)O1,KBLZKAKKJPDYKJ-UHFFFAOYSA-N,1.0,50.0,115142,Enamine,EU stock,EN300-333347,330.0,EUR,2,,CC(O)C1CCC(=O)O1,2025-09-29,1,1,1,{'Steglich_esterification'},{19320},{314471}
313792,OCCOC1CCOC1,YNXITRAJVGCFSY-UHFFFAOYSA-N,1.0,50.0,116454,Enamine,EU stock,EN300-642988,77.0,EUR,2,,OCCOC1CCOC1,2025-09-29,1,1,1,{'Steglich_esterification'},{19321},{314472}
313794,CCOC1(CO)COC1,WQYWTVHOOAIHHV-UHFFFAOYSA-N,1.0,100.0,45012,Enamine,Global catalog,EN300-1143607,1089.0,EUR,10,,CCOC1(CO)COC1,2025-09-29,1,1,1,{'Steglich_esterification'},{19323},{314474}
313795,CC(O)C1CCCCO1,JSTOTKFHZZYCBV-UHFFFAOYSA-N,1.0,50.0,117747,Enamine,EU stock,EN300-1236392,202.0,EUR,2,,CC(O)C1CCCCO1,2025-09-29,1,1,1,{'Steglich_esterification'},{19324},{314475}
313797,OC1COCC1C(F)F,UUJQLWWQCQBTFS-UHFFFAOYSA-N,1.0,50.0,118224,Enamine,EU stock,EN300-1625480,631.0,EUR,2,,O[C@@H]1COC[C@H]1C(F)F,2025-09-29,1,1,1,{'Steglich_esterification'},{19326},{314477}
313798,OC1COCC1C1CC1,DGSMXHAIGYAGEK-UHFFFAOYSA-N,1.0,50.0,118810,Enamine,EU stock,EN300-1636865,272.0,EUR,2,,O[C@@H]1COC[C@H]1C1CC1,2025-09-29,1,1,1,{'Steglich_esterification'},{19327},{314478}
313799,C=CCC1COCC1O,DVVPXYBQHQSSCX-UHFFFAOYSA-N,1.0,50.0,118947,Enamine,EU stock,EN300-1636376,272.0,EUR,2,,C=CC[C@@H]1COC[C@H]1O,2025-09-29,1,1,1,{'Steglich_esterification'},{19328},{314479}
313800,CCOC1CCCC1O,CLFRTEKMZDRKMW-UHFFFAOYSA-N,1.0,50.0,119560,Enamine,EU stock,EN300-1719940,145.0,EUR,2,,CCO[C@@H]1CCC[C@H]1O,2025-09-29,1,1,1,{'Steglich_esterification'},{19329},{314480}
313801,CCNC1COCC1O,VRTZZSCUXBQUET-UHFFFAOYSA-N,1.0,100.0,49955,Enamine,Global catalog,EN300-1214633,45.0,EUR,10,,CCN[C@@H]1COC[C@H]1O,2025-09-29,1,1,1,{'Steglich_esterification'},{19330},{314481}
313802,COCC(O)C(F)(F)F,SLSXKESHZUSAHH-UHFFFAOYSA-N,1.0,50.0,121503,Enamine,EU stock,EN300-1932423,240.0,EUR,2,,COC[C@@H](O)C(F)(F)F,2025-09-29,1,1,1,{'Steglich_esterification'},{19331},{314482}
313803,OC1CCC2COC1C2,KIWJJFPDXSOEEQ-UHFFFAOYSA-N,1.0,100.0,50865,Enamine,Global catalog,EN300-37081503,448.0,EUR,10,,O[C@H]1CC[C@@H]2CO[C@H]1C2,2025-09-29,1,1,1,{'Steglich_esterification'},{19332},{314483}
313804,CC(C)OCC(O)CCl,GQPJSBQMFFGZAU-UHFFFAOYSA-N,1.0,100.0,50914,Enamine,Global catalog,EN300-1964138,444.0,EUR,10,,CC(C)OCC(O)CCl,2025-09-29,1,1,1,{'Steglich_esterification'},{19333},{314484}
313805,COC1CC(N)CC1O,BEKVBTUAPFANRB-UHFFFAOYSA-N,1.0,50.0,121708,Enamine,EU stock,EN300-7493272,297.0,EUR,2,,CO[C@H]1C[C@@H](N)C[C@H]1O.Cl,2025-09-29,1,1,1,{'Steglich_esterification'},{19334},{314485}
313806,COC(=O)C(CO)OC,UTPJJERSMZYBEY-UHFFFAOYSA-N,1.0,100.0,52784,Enamine,Global catalog,EN300-7306956,330.0,EUR,10,,COC(=O)C(CO)OC,2025-09-29,1,1,1,{'Steglich_esterification'},{19335},{314486}
313807,OCCCOCC1CO1,GVBRFUJHRRZUHG-UHFFFAOYSA-N,1.0,100.0,52861,Enamine,Global catalog,EN300-7541483,245.0,EUR,10,,OCCCOCC1CO1,2025-09-29,1,1,1,{'Steglich_esterification'},{19336},{314487}
313808,O=C1COC(CO)CO1,HIQHCIVHNZGOKR-UHFFFAOYSA-N,1.0,100.0,53015,Enamine,Global catalog,EN300-2009496,448.0,EUR,10,,O=C1COC(CO)CO1,2025-09-29,1,1,1,{'Steglich_esterification'},{19337},{314488}
313809,CC(O)C12CC(CO1)C2,VPHKVWPWHZJDQQ-UHFFFAOYSA-N,1.0,100.0,53764,Enamine,Global catalog,EN300-1666725,678.0,EUR,10,,CC(O)C12CC(CO1)C2,2025-09-29,1,1,1,{'Steglich_esterification'},{19338},{314489}
313810,O=C1CC(O)C(CBr)O1,DTEXHXHETLVPKE-UHFFFAOYSA-N,1.0,50.0,123326,Enamine,EU stock,EN300-6487407,215.0,EUR,2,,O=C1C[C@H](O)[C@@H](CBr)O1,2025-09-29,1,1,1,{'Steglich_esterification'},{19339},{314490}
313811,CC(C)(O)COCCN,OCIUCYULLWFAGH-UHFFFAOYSA-N,1.0,100.0,53925,Enamine,Global catalog,EN300-6493576,307.0,EUR,10,,CC(C)(O)COCCN.Cl,2025-09-29,1,1,1,{'Steglich_esterification'},{19340},{314491}
313812,C=CC1OCC(O)CO1,RCORSHSFJCXHTF-UHFFFAOYSA-N,1.0,100.0,54170,Enamine,Global catalog,EN300-6498360,448.0,EUR,10,,C=CC1OCC(O)CO1,2025-09-29,1,1,1,{'Steglich_esterification'},{19341},{314492}
313813,OC1CNCCCOC1,CZCFYTMWTJGHQH-UHFFFAOYSA-N,1.0,100.0,54625,Enamine,Global catalog,EN300-46842033,485.0,EUR,10,,Cl.OC1CNCCCOC1,2025-09-29,1,1,1,{'Steglich_esterification'},{19342},{314493}
313814,CC(O)COC1CNC1,UWRAANXTENENCE-UHFFFAOYSA-N,1.0,100.0,54877,Enamine,Global catalog,EN300-6498888,444.0,EUR,10,,CC(O)COC1CNC1.Cl,2025-09-29,1,1,1,{'Steglich_esterification'},{19343},{314494}
313815,OC1(C2CCCO2)CC1,DBHVGVGDQCGXRF-UHFFFAOYSA-N,1.0,50.0,123929,Enamine,EU stock,EN300-1837282,240.0,EUR,2,,OC1(C2CCCO2)CC1,2025-09-29,1,1,1,{'Steglich_esterification'},{19344},{314495}
313816,OCC1C2OCCOC12,OYLYYNPFBRCVFB-UHFFFAOYSA-N,1.0,100.0,55892,Enamine,Global catalog,EN300-1724961,672.0,EUR,10,,OCC1C2OCCOC12,2025-09-29,1,1,1,{'Steglich_esterification'},{19345},{314496}
313818,NCCC1COCC1O,BDSBFIFRKYDPOQ-UHFFFAOYSA-N,1.0,50.0,124653,Enamine,EU stock,EN300-7353953,215.0,EUR,2,,NCC[C@@H]1COC[C@H]1O,2025-09-29,1,1,1,{'Steglich_esterification'},{19347},{314498}
313819,NCC1(O)CCCOC1,IYXDACBECVMXMC-UHFFFAOYSA-N,1.0,50.0,124865,Enamine,EU stock,EN300-193679,244.0,EUR,2,,NCC1(O)CCCOC1,2025-09-29,1,1,1,{'Steglich_esterification'},{19348},{314499}
313820,OC1COCCC1(F)F,APCYMDTYOOILOY-UHFFFAOYSA-N,1.0,50.0,125144,Enamine,EU stock,EN300-7207357,299.0,EUR,2,,OC1COCCC1(F)F,2025-09-29,1,1,1,{'Steglich_esterification'},{19349},{314500}
313822,CC(O)C1COCCO1,RZHOKKNAPROOJQ-UHFFFAOYSA-N,1.0,100.0,57389,Enamine,Global catalog,EN300-4269400,672.0,EUR,10,,C[C@H](O)C1COCCO1,2025-09-29,1,1,1,{'Steglich_esterification'},{19351},{314502}
313824,OC1COC2(CNC2)C1,BBXJOPXVHFPVDD-UHFFFAOYSA-N,1.0,100.0,60308,Enamine,Global catalog,EN300-22142217,459.0,EUR,10,,Cl.OC1COC2(CNC2)C1,2025-09-29,1,1,1,{'Steglich_esterification'},{19353},{314504}
313825,CC1(CO)COCCO1,RUQHTSFYGPIEIK-UHFFFAOYSA-N,1.0,50.0,127359,Enamine,EU stock,EN300-22880144,233.0,EUR,2,,CC1(CO)COCCO1,2025-09-29,1,1,1,{'Steglich_esterification'},{19354},{314505}
313826,C#CC(C)(O)C(=O)OC,KGWOVEWJLPFMKP-UHFFFAOYSA-N,1.0,50.0,127636,Enamine,EU stock,EN300-703162,299.0,EUR,2,,C#CC(C)(O)C(=O)OC,2025-09-29,1,1,1,{'Steglich_esterification'},{19355},{314506}
313827,CC1COC(CO)CO1,PWEKJQSIAQORIF-UHFFFAOYSA-N,1.0,100.0,61267,Enamine,Global catalog,EN300-7633339,735.0,EUR,10,,CC1COC(CO)CO1,2025-09-29,1,1,1,{'Steglich_esterification'},{19356},{314507}
313828,CC1COC(C)(CO)O1,YYMZBDSPZJJXJM-UHFFFAOYSA-N,1.0,50.0,128123,Enamine,EU stock,EN300-25386549,488.0,EUR,2,,CC1COC(C)(CO)O1,2025-09-29,1,1,1,{'Steglich_esterification'},{19357},{314508}
313829,OC1CCC2COC1O2,IJPZEVCAPJUVHC-UHFFFAOYSA-N,1.0,50.0,136280,Enamine,EU stock,EN300-7633017,23.0,EUR,2,,OC1CCC2COC1O2,2025-09-29,1,1,1,{'Steglich_esterification'},{19358},{314509}
313830,CC(O)COCC(F)F,HMCGBCWSLRAKEL-UHFFFAOYSA-N,1.0,100.0,74045,Enamine,Global catalog,EN300-4396391,406.0,EUR,10,,C[C@@H](O)COCC(F)F,2025-09-29,1,1,1,{'Steglich_esterification'},{19359},{314510}
313832,CN(C)C1COCC1O,AGZUJWAKYFHDAV-UHFFFAOYSA-N,1.0,50.0,137588,Enamine,EU stock,EN300-1214690,89.0,EUR,2,,CN(C)[C@@H]1COC[C@H]1O,2025-09-29,1,1,1,{'Steglich_esterification'},{19361},{314512}
313833,CC1(O)CNCCOC1,LQIHMRZYVBLDLB-UHFFFAOYSA-N,1.0,50.0,137938,Enamine,EU stock,EN300-7409028,28.0,EUR,2,,CC1(O)CNCCOC1.Cl,2025-09-29,1,1,1,{'Steglich_esterification'},{19362},{314513}
313834,COCC(O)CN(C)C,ZJPPXYURVIFMMF-UHFFFAOYSA-N,1.0,50.0,138123,Enamine,EU stock,EN300-7216850,147.0,EUR,2,,COC[C@H](O)CN(C)C,2025-09-29,1,1,1,{'Steglich_esterification'},{19363},{314514}
313835,CC1COCC(CO)O1,VXKDGQGSMQLTFO-UHFFFAOYSA-N,1.0,100.0,76961,Enamine,Global catalog,EN300-7475622,310.0,EUR,10,,CC1COCC(CO)O1,2025-09-29,1,1,1,{'Steglich_esterification'},{19364},{314515}
313838,OC1COCC12CCC2,AQKPBNKVJDDKFF-UHFFFAOYSA-N,1.0,50.0,141398,Enamine,EU stock,EN300-22967650,218.0,EUR,2,,OC1COCC12CCC2,2025-09-29,1,1,1,{'Steglich_esterification'},{19367},{314518}
313839,OC1CC2NCCOC12,KQZJAHOJQOSDPZ-UHFFFAOYSA-N,1.0,50.0,141746,Enamine,EU stock,EN300-44829545,237.0,EUR,2,,Cl.O[C@H]1C[C@@H]2NCCO[C@@H]21,2025-09-29,1,1,1,{'Steglich_esterification'},{19368},{314519}
313840,OC1COC2C=COC12,RMWKNPUEMIQVLB-UHFFFAOYSA-N,1.0,100.0,83064,Enamine,Global catalog,EN300-20116882,651.0,EUR,10,,O[C@H]1CO[C@@H]2C=CO[C@H]12,2025-09-29,1,1,1,{'Steglich_esterification'},{19369},{314520}
313841,COC(=O)C(O)C(C)N,ZWEUQQKBVZDPQZ-UHFFFAOYSA-N,1.0,100.0,83743,Enamine,Global catalog,EN300-7656709,367.0,EUR,10,,COC(=O)C(O)C(C)N.Cl,2025-09-29,1,1,1,{'Steglich_esterification'},{19370},{314521}
313844,CC1(C)C(=O)OCC1O,ACIUPKGHYXBINT-UHFFFAOYSA-N,1.0,100.0,84632,Enamine,Global catalog,EN300-7628803,670.0,EUR,10,,CC1(C)C(=O)OCC1O,2025-09-29,1,1,1,{'Steglich_esterification'},{19373},{314524}
313845,OC12CCCC1COC2,QRCRMDOLVIVTPY-UHFFFAOYSA-N,1.0,50.0,143347,Enamine,EU stock,EN300-45575381,221.0,EUR,2,,OC12CCCC1COC2,2025-09-29,1,1,1,{'Steglich_esterification'},{19374},{314525}
313846,C#CCC(O)C(=O)OC,GFHNLGQIBKBFPB-UHFFFAOYSA-N,1.0,50.0,143672,Enamine,EU stock,EN300-5129600,195.0,EUR,2,,C#CCC(O)C(=O)OC,2025-09-29,1,1,1,{'Steglich_esterification'},{19375},{314526}
313847,NC1CC2CC(O)C1O2,JZGRLMGTVIBYJS-UHFFFAOYSA-N,1.0,100.0,88783,Enamine,Global catalog,EN300-46614825,453.0,EUR,10,,Cl.N[C@@H]1C[C@@H]2C[C@H](O)[C@H]1O2,2025-09-29,1,1,1,{'Steglich_esterification'},{19376},{314527}
313848,C#CC1(O)CCCOC1,AXEGWTIRZGZOCV-UHFFFAOYSA-N,1.0,50.0,144674,Enamine,EU stock,EN300-5136546,154.0,EUR,2,,C#CC1(O)CCCOC1,2025-09-29,1,1,1,{'Steglich_esterification'},{19377},{314528}
313849,OC1COC(C(F)F)C1,QMTGWLUOCOEEQU-UHFFFAOYSA-N,1.0,100.0,89847,Enamine,Global catalog,EN300-7271037,458.0,EUR,10,,OC1COC(C(F)F)C1,2025-09-29,1,1,1,{'Steglich_esterification'},{19378},{314529}
313850,OC1COCC2(CC2)C1,QMKHWIMUVFYQCL-UHFFFAOYSA-N,1.0,100.0,89875,Enamine,Global catalog,EN300-47249106,359.0,EUR,10,,OC1COCC2(CC2)C1,2025-09-29,1,1,1,{'Steglich_esterification'},{19379},{314530}
313851,NCC1OCCCC1O,OTOJNXSAVXDVMT-UHFFFAOYSA-N,1.0,100.0,91177,Enamine,Global catalog,EN300-51891396,320.0,EUR,10,,Cl.NC[C@H]1OCCC[C@H]1O,2025-09-29,1,1,1,{'Steglich_esterification'},{19380},{314531}
313852,OC1COC2(COC2)C1,ZWUOQJUHBLHYJJ-UHFFFAOYSA-N,1.0,100.0,91401,Enamine,Global catalog,EN300-5255572,264.0,EUR,10,,OC1COC2(COC2)C1,2025-09-29,1,1,1,{'Steglich_esterification'},{19381},{314532}
313853,CNCC1OCCC1O,WWFAGRDRCLWEFQ-UHFFFAOYSA-N,1.0,100.0,91408,Enamine,Global catalog,EN300-51654383,320.0,EUR,10,,CNC[C@H]1OCC[C@H]1O.Cl,2025-09-29,1,1,1,{'Steglich_esterification'},{19382},{314533}
313854,COC1C(O)CC12CC2,ICLWCCSFDGHAIA-UHFFFAOYSA-N,1.0,100.0,91541,Enamine,Global catalog,EN300-51871807,359.0,EUR,10,,CO[C@H]1[C@H](O)CC12CC2,2025-09-29,1,1,1,{'Steglich_esterification'},{19383},{314534}
313855,OC1CC2CCC1OC2,FTZJTRSNTLVUSK-UHFFFAOYSA-N,1.0,100.0,91891,Enamine,Global catalog,EN300-51975878,359.0,EUR,10,,O[C@H]1C[C@H]2CC[C@@H]1OC2,2025-09-29,1,1,1,{'Steglich_esterification'},{19384},{314535}
313856,CC1(C)COCC(O)C1,RIXTYYLGDFJORT-UHFFFAOYSA-N,1.0,100.0,92038,Enamine,Global catalog,EN300-45480209,359.0,EUR,10,,CC1(C)COCC(O)C1,2025-09-29,1,1,1,{'Steglich_esterification'},{19385},{314536}
313857,COC1CC2(CC2)C1O,JRYZQBCMJZHVQD-UHFFFAOYSA-N,1.0,100.0,92059,Enamine,Global catalog,EN300-47315332,359.0,EUR,10,,CO[C@@H]1CC2(CC2)[C@H]1O,2025-09-29,1,1,1,{'Steglich_esterification'},{19386},{314537}
313858,OC1CN2CCOC1C2,GXXXUQOIZBKXKO-UHFFFAOYSA-N,1.0,100.0,92129,Enamine,Global catalog,EN300-52036644,485.0,EUR,10,,Cl.O[C@@H]1CN2CCO[C@@H]1C2,2025-09-29,1,1,1,{'Steglich_esterification'},{19387},{314538}
313859,CC1(C)OCC(N)C1O,CVKNGYMKYPBOHL-UHFFFAOYSA-N,1.0,50.0,146756,Enamine,EU stock,EN300-26860911,297.0,EUR,2,,CC1(C)OC[C@H](N)[C@H]1O.Cl,2025-09-29,1,1,1,{'Steglich_esterification'},{19388},{314539}
313861,CC(O)C(C)OC(F)F,SGKSGANYMQZMRK-UHFFFAOYSA-N,1.0,100.0,98041,Enamine,Global catalog,EN300-27703368,571.0,EUR,10,,C[C@@H](O)[C@@H](C)OC(F)F,2025-09-29,1,1,1,{'Steglich_esterification'},{19390},{314541}
313862,OC1C2CNCC1OC2,TWEISKJFQUHRBG-UHFFFAOYSA-N,1.0,50.0,148785,Enamine,EU stock,EN300-7472116,328.0,EUR,2,,O[C@H]1[C@H]2CNC[C@@H]1OC2,2025-09-29,1,1,1,{'Steglich_esterification'},{19391},{314542}
313863,OC1CCOC12CNC2,SIGPEXIWILSKPY-UHFFFAOYSA-N,1.0,50.0,150682,Enamine,EU stock,EN300-22947809,237.0,EUR,2,,Cl.OC1CCOC12CNC2,2025-09-29,1,1,1,{'Steglich_esterification'},{19392},{314543}
313864,CC1(C)CCC(O)CO1,BUTWQOUCGZYDIB-UHFFFAOYSA-N,1.0,100.0,101972,Enamine,Global catalog,EN300-160459,330.0,EUR,10,,CC1(C)CCC(O)CO1,2025-09-29,1,1,1,{'Steglich_esterification'},{19393},{314544}
313865,CC1(CN)OCCC1O,FFZMDTKDQKUKDF-UHFFFAOYSA-N,1.0,100.0,102826,Enamine,Global catalog,EN300-52587957,287.0,EUR,10,,C[C@]1(CN)OCC[C@H]1O.Cl,2025-09-29,1,1,1,{'Steglich_esterification'},{19394},{314545}
313866,NCC(O)COCC1CC1,CPNLELVAINVYEJ-UHFFFAOYSA-N,1.0,50.0,108426,Enamine,EU stock,EN300-61371,84.0,EUR,2,,NCC(O)COCC1CC1,2025-09-29,1,1,1,{'Steglich_esterification'},{19395},{314546}
313868,COCC1(O)CCNCC1,YHBKECYKQMGJMD-UHFFFAOYSA-N,1.0,50.0,109115,Enamine,EU stock,EN300-119366,51.0,EUR,2,,COCC1(O)CCNCC1,2025-09-29,1,1,1,{'Steglich_esterification'},{19397},{314548}
313869,CC(O)COCC(F)(F)F,YLLOMQJXZDDAGS-UHFFFAOYSA-N,1.0,50.0,109212,Enamine,EU stock,EN300-134513,173.0,EUR,2,,CC(O)COCC(F)(F)F,2025-09-29,1,1,1,{'Steglich_esterification'},{19398},{314549}
313870,COCC(O)c1nccs1,CPBLBIZMGLWKAW-UHFFFAOYSA-N,1.0,50.0,110544,Enamine,EU stock,EN300-185933,119.0,EUR,2,,COCC(O)c1nccs1,2025-09-29,1,1,1,{'Steglich_esterification'},{19399},{314550}
313874,C=CCCOC(=O)C(C)O,JUMWMTWQAVPKAV-UHFFFAOYSA-N,1.0,50.0,112251,Enamine,EU stock,EN300-216907,330.0,EUR,2,,C=CCCOC(=O)C(C)O,2025-09-29,1,1,1,{'Steglich_esterification'},{19403},{314554}
313876,OCCOCC1CCCO1,CTPDSKVQLSDPLC-UHFFFAOYSA-N,1.0,50.0,114127,Enamine,EU stock,EN300-295427,147.0,EUR,2,,OCCOCC1CCCO1,2025-09-29,1,1,1,{'Steglich_esterification'},{19405},{314556}
313877,CCC=CC(O)C(=O)OC,FRINUAXBWOEPDY-UHFFFAOYSA-N,1.0,100.0,40275,Enamine,Global catalog,EN300-249925,494.0,EUR,10,,CCC=CC(O)C(=O)OC,2025-09-29,1,1,1,{'Steglich_esterification'},{19406},{314557}
313878,O=S(=O)(Cl)C1COCC1O,BLZBMRHFQNWBFV-UHFFFAOYSA-N,1.0,50.0,115385,Enamine,EU stock,EN300-344596,233.0,EUR,2,,O=S(=O)(Cl)[C@@H]1COC[C@H]1O,2025-09-29,1,1,1,{'Steglich_esterification'},{19407},{314558}
313879,CC(=O)C1(O)CCOC1=O,NJYOVYMMNYMEAN-UHFFFAOYSA-N,1.0,100.0,42765,Enamine,Global catalog,EN300-384224,746.0,EUR,10,,CC(=O)C1(O)CCOC1=O,2025-09-29,1,1,1,{'Steglich_esterification'},{19408},{314559}
313880,OC1(C2CO2)CCOCC1,MAIDVHVZVTXOOB-UHFFFAOYSA-N,1.0,50.0,116106,Enamine,EU stock,EN300-344197,208.0,EUR,2,,OC1(C2CO2)CCOCC1,2025-09-29,1,1,1,{'Steglich_esterification'},{19409},{314560}
313881,CCOC(=O)C(O)C(C)N,AMRCJIKFUHUEIT-UHFFFAOYSA-N,1.0,50.0,116537,Enamine,EU stock,EN300-173765,215.0,EUR,2,,CCOC(=O)C(O)C(C)N.Cl,2025-09-29,1,1,1,{'Steglich_esterification'},{19410},{314561}
313882,CC(=O)NC1COCC1O,OWIQIUKFPXWKFP-UHFFFAOYSA-N,1.0,100.0,43766,Enamine,Global catalog,EN300-718570,230.0,EUR,10,,CC(=O)NC1COCC1O,2025-09-29,1,1,1,{'Steglich_esterification'},{19411},{314562}
313883,CC(C)(C)OCC(O)CF,IBZFUFCCBVUPKY-UHFFFAOYSA-N,1.0,100.0,44893,Enamine,Global catalog,EN300-1154193,718.0,EUR,10,,CC(C)(C)OCC(O)CF,2025-09-29,1,1,1,{'Steglich_esterification'},{19412},{314563}
313884,CCOC1(CO)CCOC1,AWZDQCDRQAKSLG-UHFFFAOYSA-N,1.0,50.0,117545,Enamine,EU stock,EN300-1143609,240.0,EUR,2,,CCOC1(CO)CCOC1,2025-09-29,1,1,1,{'Steglich_esterification'},{19413},{314564}
313886,CC1(C)COCC(CO)O1,VDHPCUZQKVYRPU-UHFFFAOYSA-N,1.0,50.0,117709,Enamine,EU stock,EN300-1277773,208.0,EUR,2,,CC1(C)COCC(CO)O1,2025-09-29,1,1,1,{'Steglich_esterification'},{19415},{314566}
313888,OC1COCC1CC1CC1,QIUSIKXGGZLTPC-UHFFFAOYSA-N,1.0,50.0,118323,Enamine,EU stock,EN300-1634957,272.0,EUR,2,,OC1COCC1CC1CC1,2025-09-29,1,1,1,{'Steglich_esterification'},{19417},{314568}
313890,OC1COc2ccccc21,KCEBFJYAAKTMFQ-UHFFFAOYSA-N,1.0,100.0,46657,Enamine,Global catalog,EN300-114529,230.0,EUR,10,,OC1COc2ccccc21,2025-09-29,1,1,1,{'Steglich_esterification'},{19419},{314570}
313891,CC(C)(C)C1COCC1O,XFLXEOMZEDRCMR-UHFFFAOYSA-N,1.0,100.0,47483,Enamine,Global catalog,EN300-1636103,278.0,EUR,10,,CC(C)(C)[C@@H]1COC[C@H]1O,2025-09-29,1,1,1,{'Steglich_esterification'},{19420},{314571}
313893,OC1COCC1NC1CC1,KJIWFWRVARJDAR-UHFFFAOYSA-N,1.0,50.0,119741,Enamine,EU stock,EN300-1214616,89.0,EUR,2,,O[C@@H]1COC[C@H]1NC1CC1,2025-09-29,1,1,1,{'Steglich_esterification'},{19422},{314573}
313894,CC(C)NC1COCC1O,WPBQQIDOBHZLMB-UHFFFAOYSA-N,1.0,50.0,120054,Enamine,EU stock,EN300-1214615,66.0,EUR,2,,CC(C)N[C@@H]1COC[C@H]1O,2025-09-29,1,1,1,{'Steglich_esterification'},{19423},{314574}
313895,OC1CCC2CCCC1O2,IYLHYOVERYCLOT-UHFFFAOYSA-N,1.0,100.0,49794,Enamine,Global catalog,EN300-33039513,448.0,EUR,10,,O[C@H]1CC[C@H]2CCC[C@@H]1O2,2025-09-29,1,1,1,{'Steglich_esterification'},{19424},{314575}
313896,OC1COC2(CCCC2)C1,IJYLVXISVKDBSA-UHFFFAOYSA-N,1.0,50.0,121498,Enamine,EU stock,EN300-303437,22.0,EUR,2,,OC1COC2(CCCC2)C1,2025-09-29,1,1,1,{'Steglich_esterification'},{19425},{314576}
313897,CC1(C)OCCC(O)CO1,DGBCMXNLXXITDO-UHFFFAOYSA-N,1.0,50.0,121564,Enamine,EU stock,EN300-7672951,154.0,EUR,2,,CC1(C)OCCC(O)CO1,2025-09-29,1,1,1,{'Steglich_esterification'},{19426},{314577}
313898,O=C1CC2CCC(O)C2O1,MBJJGJACXCAZKL-UHFFFAOYSA-N,1.0,100.0,53022,Enamine,Global catalog,EN300-7542507,491.0,EUR,10,,O=C1C[C@H]2CC[C@H](O)[C@H]2O1,2025-09-29,1,1,1,{'Steglich_esterification'},{19427},{314578}
313899,N#CC1(O)CNCCOC1,FCEANBJPIMJNPS-UHFFFAOYSA-N,1.0,50.0,123039,Enamine,EU stock,EN300-37156060,466.0,EUR,2,,Cl.N#CC1(O)CNCCOC1,2025-09-29,1,1,1,{'Steglich_esterification'},{19428},{314579}
313900,O=C(CO)OC1CCOC1,JJMANLLPONCORY-UHFFFAOYSA-N,1.0,50.0,123258,Enamine,EU stock,EN300-5058907,154.0,EUR,2,,O=C(CO)OC1CCOC1,2025-09-29,1,1,1,{'Steglich_esterification'},{19429},{314580}
313901,[N-]=[N+]=NC1CCOCC1O,OPJACWGLWDZDTR-UHFFFAOYSA-N,1.0,100.0,53904,Enamine,Global catalog,EN300-6478212,320.0,EUR,10,,[N-]=[N+]=N[C@@H]1CCOC[C@H]1O,2025-09-29,1,1,1,{'Steglich_esterification'},{19430},{314581}
313902,OC1(C2CNCCO2)CC1,LXMVGQIPGCKDHT-UHFFFAOYSA-N,1.0,50.0,123357,Enamine,EU stock,EN300-6482801,297.0,EUR,2,,Cl.OC1(C2CNCCO2)CC1,2025-09-29,1,1,1,{'Steglich_esterification'},{19431},{314582}
313904,NCC(O)C1CCCCO1,RPJLJNJBMMHLAA-UHFFFAOYSA-N,1.0,100.0,54821,Enamine,Global catalog,EN300-45749226,287.0,EUR,10,,Cl.NCC(O)C1CCCCO1,2025-09-29,1,1,1,{'Steglich_esterification'},{19433},{314584}
313905,CC1(C)OCCOC1CO,OHFUDJHDLYZSRP-UHFFFAOYSA-N,1.0,50.0,123964,Enamine,EU stock,EN300-1266414,299.0,EUR,2,,CC1(C)OCCOC1CO,2025-09-29,1,1,1,{'Steglich_esterification'},{19434},{314585}
313906,COC1CC(O)CC1OC,OKIWJYGFLULJAU-UHFFFAOYSA-N,1.0,50.0,124600,Enamine,EU stock,EN300-6763332,187.0,EUR,2,,CO[C@@H]1CC(O)C[C@H]1OC,2025-09-29,1,1,1,{'Steglich_esterification'},{19435},{314586}
313907,CC(C)(O)C1CNCCO1,NUHBKQNFFDEPAP-UHFFFAOYSA-N,1.0,50.0,126852,Enamine,EU stock,EN300-7435544,195.0,EUR,2,,CC(C)(O)C1CNCCO1.Cl,2025-09-29,1,1,1,{'Steglich_esterification'},{19436},{314587}
313908,CC(O)C1CN(C)CCO1,BZJJLMGEEBCXHW-UHFFFAOYSA-N,1.0,50.0,125051,Enamine,EU stock,EN300-5109412,208.0,EUR,2,,CC(O)C1CN(C)CCO1,2025-09-29,1,1,1,{'Steglich_esterification'},{19437},{314588}
313909,OCC1=NOC2COCC12,MQPROZVUEHRBDE-UHFFFAOYSA-N,1.0,100.0,57480,Enamine,Global catalog,EN300-7442517,301.0,EUR,10,,OCC1=NO[C@@H]2COC[C@H]12,2025-09-29,1,1,1,{'Steglich_esterification'},{19438},{314589}
313911,CC1(C)OCCC1(O)CN,QDJGVCWIFQNPJA-UHFFFAOYSA-N,1.0,50.0,127221,Enamine,EU stock,EN300-37335434,215.0,EUR,2,,CC1(C)OCCC1(O)CN.Cl,2025-09-29,1,1,1,{'Steglich_esterification'},{19440},{314591}
313912,OC1COC2(CCOC2)C1,PXEOHWDFPMWAHI-UHFFFAOYSA-N,1.0,50.0,128030,Enamine,EU stock,EN300-2485473,567.0,EUR,2,,OC1COC2(CCOC2)C1,2025-09-29,1,1,1,{'Steglich_esterification'},{19441},{314592}
313913,OC1COCCC12CCC2,FUAGCKBNUZWABU-UHFFFAOYSA-N,1.0,100.0,61435,Enamine,Global catalog,EN300-7542749,1097.0,EUR,10,,OC1COCCC12CCC2,2025-09-29,1,1,1,{'Steglich_esterification'},{19442},{314593}
313914,NCC1(O)COC2CC1C2,JIZYKBTUTOKBSL-UHFFFAOYSA-N,1.0,50.0,128104,Enamine,EU stock,EN300-26623938,567.0,EUR,2,,Cl.NCC1(O)COC2CC1C2,2025-09-29,1,1,1,{'Steglich_esterification'},{19443},{314594}
313915,NC1COC2(CCC2)C1O,KSRIVOFKJMXGBA-UHFFFAOYSA-N,1.0,50.0,128841,Enamine,EU stock,EN300-26975915,297.0,EUR,2,,Cl.N[C@@H]1COC2(CCC2)[C@H]1O,2025-09-29,1,1,1,{'Steglich_esterification'},{19444},{314595}
313917,CC(O)C12CCC(CO1)C2,ZPOOBCODAMRJEF-UHFFFAOYSA-N,1.0,100.0,62517,Enamine,Global catalog,EN300-26865332,494.0,EUR,10,,CC(O)C12CCC(CO1)C2,2025-09-29,1,1,1,{'Steglich_esterification'},{19446},{314597}
313918,CC1(C)COCC(O)CN1,LVMUWERHBJORDR-UHFFFAOYSA-N,1.0,50.0,129594,Enamine,EU stock,EN300-37459421,215.0,EUR,2,,CC1(C)COCC(O)CN1.Cl,2025-09-29,1,1,1,{'Steglich_esterification'},{19447},{314598}
313919,OCC1CC2COCC2O1,WTDVBZZHXIWTEX-UHFFFAOYSA-N,1.0,100.0,66999,Enamine,Global catalog,EN300-6961022,230.0,EUR,10,,OCC1CC2COCC2O1,2025-09-29,1,1,1,{'Steglich_esterification'},{19448},{314599}
313920,OC1COC(C(F)(F)F)C1,GGKOZVUVOBRWJQ-UHFFFAOYSA-N,1.0,100.0,86039,Enamine,Global catalog,EN300-45636845,359.0,EUR,10,,O[C@@H]1CO[C@@H](C(F)(F)F)C1,2025-09-29,1,1,1,{'Steglich_esterification'},{19449},{314600}
313921,COCC1(O)CCCNC1,ZRSHNSRETGKOHT-UHFFFAOYSA-N,1.0,50.0,135604,Enamine,EU stock,EN300-1698704,202.0,EUR,2,,COCC1(O)CCCNC1,2025-09-29,1,1,1,{'Steglich_esterification'},{19450},{314601}
313923,CC(O)C(C)OC(F)(F)F,KOKBPKNYKLJYLT-UHFFFAOYSA-N,1.0,100.0,89567,Enamine,Global catalog,EN300-27747915,803.0,EUR,10,,C[C@@H](O)[C@@H](C)OC(F)(F)F.Cc1ccccc1,2025-09-29,1,1,1,{'Steglich_esterification'},{19452},{314603}
313924,NCC1COC(CO)CO1,VWGFGDPYFUKYOC-UHFFFAOYSA-N,1.0,100.0,75939,Enamine,Global catalog,EN300-27753029,818.0,EUR,10,,Cl.NC[C@H]1CO[C@H](CO)CO1,2025-09-29,1,1,1,{'Steglich_esterification'},{19453},{314604}
313925,CN(C)CC1COCC1O,ZKYKUWFATZYRGF-UHFFFAOYSA-N,1.0,50.0,137966,Enamine,EU stock,EN300-7317152,165.0,EUR,2,,CN(C)C[C@H]1COC[C@H]1O,2025-09-29,1,1,1,{'Steglich_esterification'},{19454},{314605}
313926,COCC(O)CC(F)(F)F,ZGJYMALXXDKIQN-UHFFFAOYSA-N,1.0,100.0,77038,Enamine,Global catalog,EN300-4351629,359.0,EUR,10,,COCC(O)CC(F)(F)F,2025-09-29,1,1,1,{'Steglich_esterification'},{19455},{314606}
313927,OCC12COC(CCO1)C2,YVLHPTLEOXZMJY-UHFFFAOYSA-N,1.0,50.0,138410,Enamine,EU stock,EN300-6746880,503.0,EUR,2,,OCC12COC(CCO1)C2,2025-09-29,1,1,1,{'Steglich_esterification'},{19456},{314607}
313929,COC1(CO)CCCOC1,YEQJUPOHWXQZHV-UHFFFAOYSA-N,1.0,50.0,140167,Enamine,EU stock,EN300-1143611,221.0,EUR,2,,COC1(CO)CCCOC1,2025-09-29,1,1,1,{'Steglich_esterification'},{19458},{314609}
313930,COC(=O)C(O)C(C)(C)C,YYAKMBGOMGURAY-UHFFFAOYSA-N,1.0,50.0,140427,Enamine,EU stock,EN300-130373,23.0,EUR,2,,COC(=O)C(O)C(C)(C)C,2025-09-29,1,1,1,{'Steglich_esterification'},{19459},{314610}
313931,O=C1OC2CC(O)CC2O1,VTRNOYGGTWUTGH-UHFFFAOYSA-N,1.0,50.0,140576,Enamine,EU stock,EN300-7353082,154.0,EUR,2,,O=C1O[C@H]2CC(O)C[C@H]2O1,2025-09-29,1,1,1,{'Steglich_esterification'},{19460},{314611}
313932,COCC1(CO)CCCO1,AYXLJCOQBRXSIE-UHFFFAOYSA-N,1.0,50.0,140748,Enamine,EU stock,EN300-1653234,165.0,EUR,2,,COCC1(CO)CCCO1,2025-09-29,1,1,1,{'Steglich_esterification'},{19461},{314612}
313933,O=C1OCC(O)C12CCC2,ZFJMXPCRGYFOLM-UHFFFAOYSA-N,1.0,50.0,141150,Enamine,EU stock,EN300-37394811,195.0,EUR,2,,O=C1OCC(O)C12CCC2,2025-09-29,1,1,1,{'Steglich_esterification'},{19462},{314613}
313934,CC1(C)COC(CO)CO1,SOCKUQSAFVTHAW-UHFFFAOYSA-N,1.0,100.0,81877,Enamine,Global catalog,EN300-1072922,245.0,EUR,10,,CC1(C)COC(CO)CO1,2025-09-29,1,1,1,{'Steglich_esterification'},{19463},{314614}
313935,NCC1(O)CC2CCC1O2,NNEPKSOKZQPKFP-UHFFFAOYSA-N,1.0,50.0,141465,Enamine,EU stock,EN300-43356143,218.0,EUR,2,,Cl.NC[C@]1(O)C[C@H]2CC[C@@H]1O2,2025-09-29,1,1,1,{'Steglich_esterification'},{19464},{314615}
313936,COCCOCC1(O)CC1,SIQOSIHZIYLJMH-UHFFFAOYSA-N,1.0,100.0,83295,Enamine,Global catalog,EN300-7212251,330.0,EUR,10,,COCCOCC1(O)CC1,2025-09-29,1,1,1,{'Steglich_esterification'},{19465},{314616}
313937,COC(=O)C(O)C(C)(C)F,ZYWUCOZGXHCKIK-UHFFFAOYSA-N,1.0,50.0,141943,Enamine,EU stock,EN300-1842771,284.0,EUR,2,,COC(=O)C(O)C(C)(C)F,2025-09-29,1,1,1,{'Steglich_esterification'},{19466},{314617}
313938,CC(C)OC1COCC1O,NBZCSKDKNMNDRM-UHFFFAOYSA-N,1.0,50.0,142463,Enamine,EU stock,EN300-7448001,97.0,EUR,2,,CC(C)O[C@@H]1COC[C@H]1O,2025-09-29,1,1,1,{'Steglich_esterification'},{19467},{314618}
313939,OC1CCCOC12CNC2,NKXNJSJDXXRAEK-UHFFFAOYSA-N,1.0,100.0,84352,Enamine,Global catalog,EN300-7434114,444.0,EUR,10,,Cl.OC1CCCOC12CNC2,2025-09-29,1,1,1,{'Steglich_esterification'},{19468},{314619}
313940,OCC1COC2(COC2)C1,JLFQZWISCATFAQ-UHFFFAOYSA-N,1.0,100.0,84541,Enamine,Global catalog,EN300-22913934,326.0,EUR,10,,OCC1COC2(COC2)C1,2025-09-29,1,1,1,{'Steglich_esterification'},{19469},{314620}
313941,CCCCOCC(O)CN,OQUPTZQPAWAAMK-UHFFFAOYSA-N,1.0,100.0,84940,Enamine,Global catalog,EN300-6953519,167.0,EUR,10,,CCCCOCC(O)CN,2025-09-29,1,1,1,{'Steglich_esterification'},{19470},{314621}
313943,OC1C2CC3COC1C3C2,MWUWGUJEZSPUSM-UHFFFAOYSA-N,1.0,100.0,88790,Enamine,Global catalog,EN300-46643068,359.0,EUR,10,,O[C@H]1[C@@H]2C[C@@H]3CO[C@H]1[C@H]3C2,2025-09-29,1,1,1,{'Steglich_esterification'},{19472},{314623}
313944,NC1CC2(C1)CC(O)CO2,ZWKJJRSIHGIJLY-UHFFFAOYSA-N,1.0,100.0,88923,Enamine,Global catalog,EN300-47331027,354.0,EUR,10,,Cl.N[C@H]1C[C@]2(CC(O)CO2)C1,2025-09-29,1,1,1,{'Steglich_esterification'},{19473},{314624}
313946,C#CC(C)(O)C1CCCO1,RUNOPQAIINUCLI-UHFFFAOYSA-N,1.0,100.0,89700,Enamine,Global catalog,EN300-6995594,359.0,EUR,10,,C#CC(C)(O)C1CCCO1,2025-09-29,1,1,1,{'Steglich_esterification'},{19475},{314626}
313948,NCC1COCC(CO)O1,BXKFUMCDOTWTDE-UHFFFAOYSA-N,1.0,100.0,90575,Enamine,Global catalog,EN300-51731408,320.0,EUR,10,,Cl.NC[C@@H]1COC[C@H](CO)O1,2025-09-29,1,1,1,{'Steglich_esterification'},{19477},{314628}
313949,CNCC1OCCCC1O,UXYMVPMNFKQCDL-UHFFFAOYSA-N,1.0,100.0,92283,Enamine,Global catalog,EN300-52212374,425.0,EUR,10,,CNC[C@H]1OCCC[C@H]1O,2025-09-29,1,1,1,{'Steglich_esterification'},{19478},{314629}
313950,CNCCC1OCCC1O,ICLLBAUPAKSJMC-UHFFFAOYSA-N,1.0,100.0,92801,Enamine,Global catalog,EN300-52124728,292.0,EUR,10,,CNCC[C@H]1OCC[C@H]1O,2025-09-29,1,1,1,{'Steglich_esterification'},{19479},{314630}
313951,CC1(O)CNCCCOC1,KDQYAHDQAMZZPN-UHFFFAOYSA-N,1.0,100.0,93032,Enamine,Global catalog,EN300-52242604,354.0,EUR,10,,CC1(O)CNCCCOC1.Cl,2025-09-29,1,1,1,{'Steglich_esterification'},{19480},{314631}
313953,CC(O)COC1CCOC1,YXQHTMHKFJDEHB-UHFFFAOYSA-N,1.0,50.0,147330,Enamine,EU stock,EN300-103503,193.0,EUR,2,,CC(O)COC1CCOC1,2025-09-29,1,1,1,{'Steglich_esterification'},{19482},{314633}
313954,OC1CCC2C=CCC1O2,GVFZEYUGMDHNHE-UHFFFAOYSA-N,1.0,100.0,96823,Enamine,Global catalog,EN300-37100291,448.0,EUR,10,,O[C@H]1CC[C@H]2C=CC[C@@H]1O2,2025-09-29,1,1,1,{'Steglich_esterification'},{19483},{314634}
313956,OC(C(F)F)C1CCCO1,AESSAGFGCBDSMK-UHFFFAOYSA-N,1.0,50.0,149463,Enamine,EU stock,EN300-183029,195.0,EUR,2,,OC(C(F)F)C1CCCO1,2025-09-29,1,1,1,{'Steglich_esterification'},{19485},{314636}
313957,COCC1(O)CCOCC1,CRSPJCFMKRAQIC-UHFFFAOYSA-N,1.0,50.0,149471,Enamine,EU stock,EN300-243983,165.0,EUR,2,,COCC1(O)CCOCC1,2025-09-29,1,1,1,{'Steglich_esterification'},{19486},{314637}
293868,NC(C1CC1)C1(O)COC1,OVRVPJDKUQAXMK-UHFFFAOYSA-N,1.0,50.0,149905,Enamine,EU stock,EN300-1638874,492.0,EUR,2,,NC(C1CC1)C1(O)COC1,2025-09-29,1,1,1,{'Steglich_esterification'},{19487},{314638}
304277,NCC12COC(C1)C(O)C2,MBLNAVIPMKMXIY-UHFFFAOYSA-N,1.0,100.0,101433,Enamine,Global catalog,EN300-37370302,326.0,EUR,10,,NC[C@]12CO[C@H](C1)[C@H](O)C2,2025-09-29,1,1,1,{'Steglich_esterification'},{19488},{314639}
313958,CC1(C)COCC(O)CO1,VUGRBCZACUOMEB-UHFFFAOYSA-N,1.0,100.0,102819,Enamine,Global catalog,EN300-52232224,292.0,EUR,10,,CC1(C)COCC(O)CO1,2025-09-29,1,1,1,{'Steglich_esterification'},{19489},{314640}
313959,NC1COC2C(O)COC12,NTIGTCIZCBNMIP-UHFFFAOYSA-N,1.0,100.0,102952,Enamine,Global catalog,EN300-20879991,94.0,EUR,10,,Cl.N[C@H]1CO[C@H]2[C@@H]1OC[C@H]2O,2025-09-29,1,1,1,{'Steglich_esterification'},{19490},{314641}
313960,CC1(C)CNCC(O)CO1,GKXLTDJTAACTGB-UHFFFAOYSA-N,1.0,100.0,103294,Enamine,Global catalog,EN300-52693543,320.0,EUR,10,,CC1(C)CNCC(O)CO1.Cl,2025-09-29,1,1,1,{'Steglich_esterification'},{19491},{314642}
313961,OC1CCC12CCCCO2,MPFMMODCJHQKQD-UHFFFAOYSA-N,1.0,100.0,103588,Enamine,Global catalog,EN300-52782916,292.0,EUR,10,,O[C@H]1CC[C@@]12CCCCO2,2025-09-29,1,1,1,{'Steglich_esterification'},{19492},{314643}
313962,CC1(C)CC(O)C(CN)O1,BTGRRVTZOQCIFN-UHFFFAOYSA-N,1.0,100.0,103735,Enamine,Global catalog,EN300-52818256,320.0,EUR,10,,CC1(C)C[C@H](O)[C@H](CN)O1.Cl,2025-09-29,1,1,1,{'Steglich_esterification'},{19493},{314644}
313964,COCC(O)Cn1cncn1,KVTJWIRARMEXAM-UHFFFAOYSA-N,1.0,50.0,108946,Enamine,EU stock,EN300-118298,173.0,EUR,2,,COCC(O)Cn1cncn1,2025-09-29,1,1,1,{'Steglich_esterification'},{19495},{314646}
313965,OC(C1CCCO1)C(F)(F)F,VSJZROLQAUFUDX-UHFFFAOYSA-N,1.0,50.0,108951,Enamine,EU stock,EN300-118764,173.0,EUR,2,,OC(C1CCCO1)C(F)(F)F,2025-09-29,1,1,1,{'Steglich_esterification'},{19496},{314647}
313966,COC(OC)C(O)C(F)(F)F,AFLBVDHWHMPHED-UHFFFAOYSA-N,1.0,100.0,32981,Enamine,Global catalog,EN300-135492,307.0,EUR,10,,COC(OC)C(O)C(F)(F)F,2025-09-29,1,1,1,{'Steglich_esterification'},{19497},{314648}
313967,OC1CCOC2(CCOC2)C1,KQNMYMQMKJZLAB-UHFFFAOYSA-N,1.0,100.0,33422,Enamine,Global catalog,EN300-152840,326.0,EUR,10,,OC1CCOC2(CCOC2)C1,2025-09-29,1,1,1,{'Steglich_esterification'},{19498},{314649}
313968,CCOCCOCC(O)CN,ULQSYYYHMDRCPI-UHFFFAOYSA-N,1.0,50.0,110191,Enamine,EU stock,EN300-177625,97.0,EUR,2,,CCOCCOCC(O)CN,2025-09-29,1,1,1,{'Steglich_esterification'},{19499},{314650}
313969,OC1COc2cc(F)ccc21,FATZIYNRYWWXOF-UHFFFAOYSA-N,1.0,100.0,34549,Enamine,Global catalog,EN300-183300,133.0,EUR,10,,OC1COc2cc(F)ccc21,2025-09-29,1,1,1,{'Steglich_esterification'},{19500},{314651}
313973,COC1(OC)CCOCC1O,BXGOXDLHSNHTCX-UHFFFAOYSA-N,1.0,50.0,112563,Enamine,EU stock,EN300-85989,38.0,EUR,2,,COC1(OC)CCOCC1O,2025-09-29,1,1,1,{'Steglich_esterification'},{19504},{314655}
313976,OC1COCC1n1ccnn1,QXQDFQFXIUKBNM-UHFFFAOYSA-N,1.0,50.0,113885,Enamine,EU stock,EN300-267042,202.0,EUR,2,,O[C@@H]1COC[C@H]1n1ccnn1,2025-09-29,1,1,1,{'Steglich_esterification'},{19507},{314658}
313978,OCC1CCC2(CCOC2)O1,IWRBSIWUIRWDML-UHFFFAOYSA-N,1.0,50.0,114864,Enamine,EU stock,EN300-328920,233.0,EUR,2,,OCC1CCC2(CCOC2)O1,2025-09-29,1,1,1,{'Steglich_esterification'},{19509},{314660}
313983,OC1COCC1n1cnnc1,GAGIGKDZMCBYQP-UHFFFAOYSA-N,1.0,50.0,117270,Enamine,EU stock,EN300-814295,233.0,EUR,2,,O[C@@H]1COC[C@H]1n1cnnc1,2025-09-29,1,1,1,{'Steglich_esterification'},{19514},{314665}
313985,COC(=O)C(O)C1CCCO1,BZQUQFNNKKQENP-UHFFFAOYSA-N,1.0,100.0,45453,Enamine,Global catalog,EN300-132356,672.0,EUR,10,,COC(=O)C(O)C1CCCO1,2025-09-29,1,1,1,{'Steglich_esterification'},{19516},{314667}
313987,CC1(C)OC2C=CC(O)C2O1,FXOFSGSXPYHEMV-UHFFFAOYSA-N,1.0,100.0,99000,Enamine,Global catalog,EN300-1608387,245.0,EUR,10,,CC1(C)O[C@H]2[C@@H](O)C=C[C@H]2O1,2025-09-29,1,1,1,{'Steglich_esterification'},{19518},{314669}
313988,COC(=O)C(O)c1ccco1,AOCNXXRNLGYQJO-UHFFFAOYSA-N,1.0,100.0,49549,Enamine,Global catalog,EN300-1833100,179.0,EUR,10,,COC(=O)C(O)c1ccco1,2025-09-29,1,1,1,{'Steglich_esterification'},{19519},{314670}
313989,OC1COc2ccccc2C1,HBLDKCGIBIGVPC-UHFFFAOYSA-N,1.0,50.0,120479,Enamine,EU stock,EN300-1859615,240.0,EUR,2,,OC1COc2ccccc2C1,2025-09-29,1,1,1,{'Steglich_esterification'},{19520},{314671}
313990,COC(=O)C(O)c1ccsc1,NZCDRFOXNLBJNR-UHFFFAOYSA-N,1.0,50.0,120563,Enamine,EU stock,EN300-193152,165.0,EUR,2,,COC(=O)C(O)c1ccsc1,2025-09-29,1,1,1,{'Steglich_esterification'},{19521},{314672}
313991,COC(=O)C(O)C1(C)COC1,FXCHZKFMLHCPFC-UHFFFAOYSA-N,1.0,100.0,50340,Enamine,Global catalog,EN300-1819035,716.0,EUR,10,,COC(=O)C(O)C1(C)COC1,2025-09-29,1,1,1,{'Steglich_esterification'},{19522},{314673}
313993,CCOC(C)C(O)C(=O)OC,RONLQXJNJZYHHK-UHFFFAOYSA-N,1.0,100.0,51215,Enamine,Global catalog,EN300-1836143,382.0,EUR,10,,CCOC(C)C(O)C(=O)OC,2025-09-29,1,1,1,{'Steglich_esterification'},{19524},{314675}
313996,COC(=O)C(N)C1(O)COC1,AUOSOBPVFDCTLU-UHFFFAOYSA-N,1.0,50.0,122626,Enamine,EU stock,EN300-7538424,224.0,EUR,2,,COC(=O)C(N)C1(O)COC1.O=C(O)C(=O)O,2025-09-29,1,1,1,{'Steglich_esterification'},{19527},{314678}
313997,COCC(O)c1ccccc1,DGDIVLMPQVYVGW-UHFFFAOYSA-N,1.0,100.0,53645,Enamine,Global catalog,EN300-1234101,179.0,EUR,10,,COCC(O)c1ccccc1,2025-09-29,1,1,1,{'Steglich_esterification'},{19528},{314679}
313998,CCC1(CC)COC(=O)C1O,YSEVXTPQLOXXKJ-UHFFFAOYSA-N,1.0,100.0,53785,Enamine,Global catalog,EN300-6491953,448.0,EUR,10,,CCC1(CC)COC(=O)C1O,2025-09-29,1,1,1,{'Steglich_esterification'},{19529},{314680}
313999,OC1COc2cc(Br)ccc21,ZMWRKNZWBKCAPA-UHFFFAOYSA-N,1.0,100.0,54758,Enamine,Global catalog,EN300-1240977,122.0,EUR,10,,OC1COc2cc(Br)ccc21,2025-09-29,1,1,1,{'Steglich_esterification'},{19530},{314681}
314000,OCC1COc2cscc2O1,YFCHAINVYLQVBG-UHFFFAOYSA-N,1.0,100.0,55654,Enamine,Global catalog,EN300-125041,18.0,EUR,10,,OCC1COc2cscc2O1,2025-09-29,1,1,1,{'Steglich_esterification'},{19531},{314682}
314001,COC(=O)C1(CO)CCCO1,IGNVPJSYOBPLSK-UHFFFAOYSA-N,1.0,50.0,125455,Enamine,EU stock,EN300-1719882,187.0,EUR,2,,COC(=O)C1(CO)CCCO1,2025-09-29,1,1,1,{'Steglich_esterification'},{19532},{314683}
314003,OC1(C(F)(F)F)CCCOC1,SOPGZIYGNDDLON-UHFFFAOYSA-N,1.0,50.0,127342,Enamine,EU stock,EN300-2902991,165.0,EUR,2,,OC1(C(F)(F)F)CCCOC1,2025-09-29,1,1,1,{'Steglich_esterification'},{19534},{314685}
314006,OC1COCc2ccccc21,IXFIRBDJVKBOFO-UHFFFAOYSA-N,1.0,50.0,127893,Enamine,EU stock,EN300-90064,24.0,EUR,2,,OC1COCc2ccccc21,2025-09-29,1,1,1,{'Steglich_esterification'},{19537},{314688}
314007,C#CC1(O)CCC2COC1O2,XXRFAEWHLDWQRC-UHFFFAOYSA-N,1.0,50.0,128111,Enamine,EU stock,EN300-26624104,202.0,EUR,2,,C#CC1(O)CC[C@H]2CO[C@@H]1O2,2025-09-29,1,1,1,{'Steglich_esterification'},{19538},{314689}
314011,COC(=O)C1(O)CCCNC1,XTESLNLUWWTVGF-UHFFFAOYSA-N,1.0,50.0,128451,Enamine,EU stock,EN300-1700766,154.0,EUR,2,,COC(=O)C1(O)CCCNC1.Cl,2025-09-29,1,1,1,{'Steglich_esterification'},{19542},{314693}
314013,CC1(C)OC2CC(O)CC2O1,YKVDBUFHMGXOOC-UHFFFAOYSA-N,1.0,50.0,128719,Enamine,EU stock,EN300-26866481,97.0,EUR,2,,CC1(C)O[C@H]2CC(O)C[C@H]2O1,2025-09-29,1,1,1,{'Steglich_esterification'},{19544},{314695}
314016,CC1(C)OCC(C(N)CO)O1,AKKAROJKCIFVAO-UHFFFAOYSA-N,1.0,50.0,135899,Enamine,EU stock,EN300-27146586,202.0,EUR,2,,CC1(C)OC[C@H]([C@H](N)CO)O1,2025-09-29,1,1,1,{'Steglich_esterification'},{19547},{314698}
314018,CC(C)(C(=O)[O-])C1(O)COC1,SUFRHRRPSZHCTG-UHFFFAOYSA-M,1.0,100.0,73982,Enamine,Global catalog,EN300-6494046,429.0,EUR,10,,CC(C)(C(=O)[O-])C1(O)COC1.[Li+],2025-09-29,1,1,1,{'Steglich_esterification'},{19549},{314700}
314019,OC1(c2ccccc2)COC1,BHAIDFCOUGGIRI-UHFFFAOYSA-N,1.0,100.0,74311,Enamine,Global catalog,EN300-1664719,18.0,EUR,10,,OC1(c2ccccc2)COC1,2025-09-29,1,1,1,{'Steglich_esterification'},{19550},{314701}
314020,OC1(c2ccccn2)COC1,LLGCCGFQAAGFHT-UHFFFAOYSA-N,1.0,50.0,137311,Enamine,EU stock,EN300-6818929,240.0,EUR,2,,OC1(c2ccccn2)COC1,2025-09-29,1,1,1,{'Steglich_esterification'},{19551},{314702}
314021,OCC1COC2(CCC2)CO1,SNLNDTANJNMANL-UHFFFAOYSA-N,1.0,100.0,75932,Enamine,Global catalog,EN300-27750257,359.0,EUR,10,,OCC1COC2(CCC2)CO1,2025-09-29,1,1,1,{'Steglich_esterification'},{19552},{314703}
314022,OC1(C2CCCCN2)COC1,CIXGQPXWANNINR-UHFFFAOYSA-N,1.0,50.0,137703,Enamine,EU stock,EN300-28254378,218.0,EUR,2,,Cl.OC1(C2CCCCN2)COC1,2025-09-29,1,1,1,{'Steglich_esterification'},{19553},{314704}
314023,OCC1COC2CNCC2O1,OQPHCUTUDXRLMX-UHFFFAOYSA-N,1.0,50.0,138432,Enamine,EU stock,EN300-33036632,272.0,EUR,2,,Cl.OCC1COC2CNCC2O1,2025-09-29,1,1,1,{'Steglich_esterification'},{19554},{314705}
314024,OC1(C2CCCNC2)COC1,IWFCQRDSXZHCFG-UHFFFAOYSA-N,1.0,50.0,138473,Enamine,EU stock,EN300-33051775,218.0,EUR,2,,Cl.OC1(C2CCCNC2)COC1,2025-09-29,1,1,1,{'Steglich_esterification'},{19555},{314706}
314025,OCC1COCC2(CCC2)O1,HIBCDLJGRJXEIV-UHFFFAOYSA-N,1.0,50.0,140126,Enamine,EU stock,EN300-1277778,512.0,EUR,2,,OCC1COCC2(CCC2)O1,2025-09-29,1,1,1,{'Steglich_esterification'},{19556},{314707}
314026,CC(O)(CN)C1CCCCO1,UXDQFMXPQCAQRZ-UHFFFAOYSA-N,1.0,50.0,140392,Enamine,EU stock,EN300-7431323,240.0,EUR,2,,CC(O)(CN)C1CCCCO1.Cl,2025-09-29,1,1,1,{'Steglich_esterification'},{19557},{314708}
314027,COC(=O)C1COCC(O)C1,TVDGYINOOUKBLT-UHFFFAOYSA-N,1.0,50.0,140743,Enamine,EU stock,EN300-7353588,518.0,EUR,2,,COC(=O)[C@@H]1COC[C@H](O)C1,2025-09-29,1,1,1,{'Steglich_esterification'},{19558},{314709}
314028,COC(=O)C(O)C1CCCN1,YSKZNRKMDBFPPB-UHFFFAOYSA-N,1.0,100.0,81436,Enamine,Global catalog,EN300-37368783,326.0,EUR,10,,COC(=O)C(O)[C@H]1CCCN1.Cl,2025-09-29,1,1,1,{'Steglich_esterification'},{19559},{314710}
314029,OCC12COCC(COC1)O2,WIJZTINQYDOIKM-UHFFFAOYSA-N,1.0,100.0,82924,Enamine,Global catalog,EN300-37476720,359.0,EUR,10,,OCC12COCC(COC1)O2,2025-09-29,1,1,1,{'Steglich_esterification'},{19560},{314711}
314030,Nc1cc2n(n1)CC(O)CO2,VGMUUQJWCCRINX-UHFFFAOYSA-N,1.0,100.0,83792,Enamine,Global catalog,EN300-43346554,320.0,EUR,10,,Cl.Nc1cc2n(n1)CC(O)CO2,2025-09-29,1,1,1,{'Steglich_esterification'},{19561},{314712}
314031,CNC1COC2C(O)COC12,GGTUTKZRURXZLS-UHFFFAOYSA-N,1.0,50.0,142752,Enamine,EU stock,EN300-45618189,221.0,EUR,2,,CN[C@H]1CO[C@H]2[C@@H]1OC[C@H]2O.Cl,2025-09-29,1,1,1,{'Steglich_esterification'},{19562},{314713}
314032,OCC1CC2COCC(C1)O2,HXUDWSZAOABISL-UHFFFAOYSA-N,1.0,100.0,86550,Enamine,Global catalog,EN300-46584337,359.0,EUR,10,,OCC1CC2COCC(C1)O2,2025-09-29,1,1,1,{'Steglich_esterification'},{19563},{314714}
314033,COC(=O)C1(OC)CC(O)C1,GXVXCKZDBNGPFG-UHFFFAOYSA-N,1.0,50.0,143617,Enamine,EU stock,EN300-6748468,195.0,EUR,2,,COC(=O)C1(OC)CC(O)C1,2025-09-29,1,1,1,{'Steglich_esterification'},{19564},{314715}
314034,OC1COC2CNCC2OC1,SBIDJJYFTWBSNF-UHFFFAOYSA-N,1.0,50.0,144696,Enamine,EU stock,EN300-47306761,218.0,EUR,2,,Cl.OC1CO[C@H]2CNC[C@H]2OC1,2025-09-29,1,1,1,{'Steglich_esterification'},{19565},{314716}
314035,CC1(C)OC2CCC(O)C2O1,PSOOETMCZCWPBV-UHFFFAOYSA-N,1.0,50.0,145301,Enamine,EU stock,EN300-20072380,177.0,EUR,2,,CC1(C)O[C@H]2[C@@H](O)CC[C@H]2O1,2025-09-29,1,1,1,{'Steglich_esterification'},{19566},{314717}
314036,OC1COC2COCC2OC1,BVFRADKKVPDUCX-UHFFFAOYSA-N,1.0,100.0,91317,Enamine,Global catalog,EN300-52014573,326.0,EUR,10,,OC1CO[C@H]2COC[C@H]2OC1,2025-09-29,1,1,1,{'Steglich_esterification'},{19567},{314718}
314038,NCC(O)COCC(F)(F)F,XJDVNZUUIPVNCH-UHFFFAOYSA-N,1.0,50.0,145492,Enamine,EU stock,EN300-3576624,69.0,EUR,2,,NCC(O)COCC(F)(F)F,2025-09-29,1,1,1,{'Steglich_esterification'},{19569},{314720}
314039,NCC1COC2C(O)COC12,MSUWLJGHHINBAE-UHFFFAOYSA-N,1.0,100.0,92143,Enamine,Global catalog,EN300-51925201,320.0,EUR,10,,Cl.NC[C@H]1CO[C@H]2[C@@H]1OC[C@H]2O,2025-09-29,1,1,1,{'Steglich_esterification'},{19570},{314721}
314041,OC1(c2cccnc2)COC1,LJGSGLSJYSOXNK-UHFFFAOYSA-N,1.0,50.0,147008,Enamine,EU stock,EN300-305720,244.0,EUR,2,,OC1(c2cccnc2)COC1,2025-09-29,1,1,1,{'Steglich_esterification'},{19572},{314723}
314043,OC1CCCC1OC1CNC1,DUKCVPXBYZQQOM-UHFFFAOYSA-N,1.0,100.0,97131,Enamine,Global catalog,EN300-27745469,278.0,EUR,10,,O=C(O)C(F)(F)F.O[C@@H]1CCC[C@H]1OC1CNC1,2025-09-29,1,1,1,{'Steglich_esterification'},{19574},{314725}
314045,O=C1OC2C(O)C3CC1C2C3,SCDJKGVPVLZLED-UHFFFAOYSA-N,1.0,100.0,99679,Enamine,Global catalog,EN300-214446,18.0,EUR,10,,O=C1OC2C(O)C3CC1C2C3,2025-09-29,1,1,1,{'Steglich_esterification'},{19576},{314727}
314046,OC1COCC1n1cccn1,HIRGWBVTTJZGEB-UHFFFAOYSA-N,1.0,50.0,149695,Enamine,EU stock,EN300-814141,179.0,EUR,2,,O[C@@H]1COC[C@H]1n1cccn1,2025-09-29,1,1,1,{'Steglich_esterification'},{19577},{314728}
314048,CC1(C)OCC(N=[N+]=[N-])C1O,BYPYFCBLFRDMPE-UHFFFAOYSA-N,1.0,100.0,100691,Enamine,Global catalog,EN300-26677583,301.0,EUR,10,,CC1(C)OC[C@H](N=[N+]=[N-])[C@H]1O,2025-09-29,1,1,1,{'Steglich_esterification'},{19579},{314730}
314050,COC(=O)C(O)c1ncc[nH]1,VCDNPYAIOGKSHU-UHFFFAOYSA-N,1.0,100.0,104246,Enamine,Global catalog,EN300-1791343,458.0,EUR,10,,COC(=O)C(O)c1ncc[nH]1,2025-09-29,1,1,1,{'Steglich_esterification'},{19581},{314732}
314053,OCC1COc2ccccc2O1,GWQOQQVKVOOHTI-UHFFFAOYSA-N,1.0,100.0,32806,Enamine,Global catalog,EN300-03215,18.0,EUR,10,,OCC1COc2ccccc2O1,2025-09-29,1,1,1,{'Steglich_esterification'},{19584},{314735}
314054,OC1CCOCC1OCC1CC1,FDKNTQLNQXQWKA-UHFFFAOYSA-N,1.0,100.0,33394,Enamine,Global catalog,EN300-141756,387.0,EUR,10,,OC1CCOCC1OCC1CC1,2025-09-29,1,1,1,{'Steglich_esterification'},{19585},{314736}
314055,OC1COC(c2ccccc2)C1,CLLMDDBRVJALNV-UHFFFAOYSA-N,1.0,50.0,109848,Enamine,EU stock,EN300-106197,278.0,EUR,2,,OC1COC(c2ccccc2)C1,2025-09-29,1,1,1,{'Steglich_esterification'},{19586},{314737}
314056,OCC1COc2cccnc2O1,RHHZZOVOFZSEJI-UHFFFAOYSA-N,1.0,50.0,111394,Enamine,EU stock,EN300-222005,260.0,EUR,2,,Cl.OCC1COc2cccnc2O1,2025-09-29,1,1,1,{'Steglich_esterification'},{19587},{314738}
314057,COC(=O)C(O)c1cccnc1,LFLUTXLJWJEMOQ-UHFFFAOYSA-N,1.0,50.0,111740,Enamine,EU stock,EN300-71729,84.0,EUR,2,,COC(=O)C(O)c1cccnc1.Cl,2025-09-29,1,1,1,{'Steglich_esterification'},{19588},{314739}
314061,O=C1OC(C(O)CBr)C(O)=C1O,LKVQNCTVFJZFIV-UHFFFAOYSA-N,1.0,50.0,114875,Enamine,EU stock,EN300-314020,253.0,EUR,2,,O=C1O[C@H]([C@@H](O)CBr)C(O)=C1O,2025-09-29,1,1,1,{'Steglich_esterification'},{19592},{314743}
314062,NCC(O)C1OC(=O)C(O)=C1O,NWWNMEXBDCKKIG-UHFFFAOYSA-N,1.0,50.0,116688,Enamine,EU stock,EN300-686910,562.0,EUR,2,,Cl.NC[C@H](O)[C@H]1OC(=O)C(O)=C1O,2025-09-29,1,1,1,{'Steglich_esterification'},{19593},{314744}
314063,COC(=O)C(O)c1ccccc1,ITATYELQCJRCCK-UHFFFAOYSA-N,1.0,100.0,42380,Enamine,Global catalog,EN300-1174643,18.0,EUR,10,,COC(=O)[C@H](O)c1ccccc1,2025-09-29,1,1,1,{'Steglich_esterification'},{19594},{314745}
314064,OC1CCCCC1OC1CNC1,HZGPUGDZZZMAFE-UHFFFAOYSA-N,1.0,100.0,42989,Enamine,Global catalog,EN300-399558,444.0,EUR,10,,Cl.O[C@@H]1CCCC[C@H]1OC1CNC1,2025-09-29,1,1,1,{'Steglich_esterification'},{19595},{314746}
314068,CCOC(=O)C(O)C1CCOC1,ZLHNHDYYRVHBSP-UHFFFAOYSA-N,1.0,50.0,118707,Enamine,EU stock,EN300-79193,215.0,EUR,2,,CCOC(=O)C(O)C1CCOC1,2025-09-29,1,1,1,{'Steglich_esterification'},{19599},{314750}
314075,COC(=O)C(O)c1cncnc1,GQONMURQTNGONL-UHFFFAOYSA-N,1.0,50.0,120608,Enamine,EU stock,EN300-1602001,260.0,EUR,2,,COC(=O)C(O)c1cncnc1,2025-09-29,1,1,1,{'Steglich_esterification'},{19606},{314757}
314077,COC(=O)C(O)c1ccnn1C,JCJOEMYSMJDYCP-UHFFFAOYSA-N,1.0,50.0,120760,Enamine,EU stock,EN300-1853047,208.0,EUR,2,,COC(=O)C(O)c1ccnn1C,2025-09-29,1,1,1,{'Steglich_esterification'},{19608},{314759}
314080,COC(=O)C(O)c1ccccn1,VUQNMRDHIYVZSK-UHFFFAOYSA-N,1.0,50.0,121749,Enamine,EU stock,EN300-7493136,195.0,EUR,2,,COC(=O)C(O)c1ccccn1.Cl,2025-09-29,1,1,1,{'Steglich_esterification'},{19611},{314762}
314081,OC1COc2c(Cl)cc(Br)cc21,IZOMKZHYRTXLCP-UHFFFAOYSA-N,1.0,100.0,52311,Enamine,Global catalog,EN300-1248627,320.0,EUR,10,,OC1COc2c(Cl)cc(Br)cc21,2025-09-29,1,1,1,{'Steglich_esterification'},{19612},{314763}
314084,CC1(C)OCC(C(O)C(=O)[O-])O1,QJOVXYPGARVTQY-UHFFFAOYSA-M,1.0,100.0,54093,Enamine,Global catalog,EN300-6494375,52.0,EUR,10,,CC1(C)OC[C@@H]([C@@H](O)C(=O)[O-])O1.[Na+],2025-09-29,1,1,1,{'Steglich_esterification'},{19615},{314766}
314086,NC12CC(CO)(C1)OC21COC1,ZPQZPPOPZXIANV-UHFFFAOYSA-N,1.0,50.0,124326,Enamine,EU stock,EN300-6735077,518.0,EUR,2,,NC12CC(CO)(C1)OC21COC1,2025-09-29,1,1,1,{'Steglich_esterification'},{19617},{314768}
314087,COC(=O)C1(CO)CC=CCO1,SKLGLCDFXVLJMB-UHFFFAOYSA-N,1.0,100.0,56433,Enamine,Global catalog,EN300-1704136,320.0,EUR,10,,COC(=O)C1(CO)CC=CCO1,2025-09-29,1,1,1,{'Steglich_esterification'},{19618},{314769}
314089,COCC(O)c1ccccc1Cl,SSAQTBNCCGHMCZ-UHFFFAOYSA-N,1.0,50.0,125245,Enamine,EU stock,EN300-4995353,165.0,EUR,2,,COCC(O)c1ccccc1Cl,2025-09-29,1,1,1,{'Steglich_esterification'},{19620},{314771}
314094,[N-]=[N+]=NC1COC2(CCC2)C1O,JRMGWYIPTBGYOD-UHFFFAOYSA-N,1.0,100.0,62370,Enamine,Global catalog,EN300-26872492,349.0,EUR,10,,[N-]=[N+]=N[C@@H]1COC2(CCC2)[C@H]1O,2025-09-29,1,1,1,{'Steglich_esterification'},{19625},{314776}
314095,CN(C)S(=O)(=O)CC1(O)COC1,WZKZOSATVUKXOV-UHFFFAOYSA-N,1.0,50.0,133633,Enamine,EU stock,EN300-3747091,215.0,EUR,2,,CN(C)S(=O)(=O)CC1(O)COC1,2025-09-29,1,1,1,{'Steglich_esterification'},{19626},{314777}
314097,CC(O)COc1ccc(N)cc1,HVNOWXUNCGUHEP-UHFFFAOYSA-N,1.0,100.0,72214,Enamine,Global catalog,EN300-5005583,349.0,EUR,10,,CC(O)COc1ccc(N)cc1,2025-09-29,1,1,1,{'Steglich_esterification'},{19628},{314779}
314099,COC(=O)C(O)c1ccn(C)n1,OWXDRQUUOZIJTJ-UHFFFAOYSA-N,1.0,50.0,136066,Enamine,EU stock,EN300-1854147,177.0,EUR,2,,COC(=O)C(O)c1ccn(C)n1,2025-09-29,1,1,1,{'Steglich_esterification'},{19630},{314781}
314101,COC(=O)C(O)c1occc1Br,SVQVQPVHJYSUQE-UHFFFAOYSA-N,1.0,50.0,136234,Enamine,EU stock,EN300-5157313,215.0,EUR,2,,COC(=O)C(O)c1occc1Br,2025-09-29,1,1,1,{'Steglich_esterification'},{19632},{314783}
314103,COC1C(O)CC1OC(C)(C)C,WMHLHIOAMWBYDE-UHFFFAOYSA-N,1.0,50.0,136639,Enamine,EU stock,EN300-27695952,237.0,EUR,2,,CO[C@@H]1[C@H](O)C[C@H]1OC(C)(C)C,2025-09-29,1,1,1,{'Steglich_esterification'},{19634},{314785}
314104,OC1(C(F)(F)F)CNCCOC1,DDSRPBDHZNBVDW-UHFFFAOYSA-N,1.0,50.0,137187,Enamine,EU stock,EN300-7407958,178.0,EUR,2,,Cl.OC1(C(F)(F)F)CNCCOC1,2025-09-29,1,1,1,{'Steglich_esterification'},{19635},{314786}
314108,Cc1cc(Br)c2c(c1)C(O)CO2,ZUAGOJVQIMCGHK-UHFFFAOYSA-N,1.0,50.0,139479,Enamine,EU stock,EN300-365252,97.0,EUR,2,,Cc1cc(Br)c2c(c1)C(O)CO2,2025-09-29,1,1,1,{'Steglich_esterification'},{19639},{314790}
314110,C=C1CC(C(O)COC(C)=O)C1,LOEUDVWVLOVHEC-UHFFFAOYSA-N,1.0,100.0,82756,Enamine,Global catalog,EN300-45146877,359.0,EUR,10,,C=C1CC(C(O)COC(C)=O)C1,2025-09-29,1,1,1,{'Steglich_esterification'},{19642},{314793}
314111,CC(C)(CN)C1(O)CCCOC1,SINSWHPDTBKQCH-UHFFFAOYSA-N,1.0,50.0,142158,Enamine,EU stock,EN300-305415,84.0,EUR,2,,CC(C)(CN)C1(O)CCCOC1,2025-09-29,1,1,1,{'Steglich_esterification'},{19643},{314794}
314112,[N-]=[N+]=NCC12COC(C1)C(O)C2,HRPCJHQIYCADDG-UHFFFAOYSA-N,1.0,100.0,83988,Enamine,Global catalog,EN300-37419942,326.0,EUR,10,,[N-]=[N+]=NC[C@]12CO[C@H](C1)[C@H](O)C2,2025-09-29,1,1,1,{'Steglich_esterification'},{19644},{314795}
314113,CC1(C)OC2COC(CO)C2O1,PKIDUYCTIKFJAB-UHFFFAOYSA-N,1.0,50.0,143031,Enamine,EU stock,EN300-20065516,240.0,EUR,2,,CC1(C)O[C@H]2[C@H](CO[C@@H]2CO)O1,2025-09-29,1,1,1,{'Steglich_esterification'},{19645},{314796}
314114,COC(=O)C(O)C1CCCNC1,ROZUSGNJRFQEAW-UHFFFAOYSA-N,1.0,100.0,89665,Enamine,Global catalog,EN300-117450,255.0,EUR,10,,Br.COC(=O)C(O)C1CCCNC1,2025-09-29,1,1,1,{'Steglich_esterification'},{19646},{314797}
314116,OC1COC(c2cnc(Cl)s2)C1,XYYDLBOKBHJGBO-UHFFFAOYSA-N,1.0,100.0,89357,Enamine,Global catalog,EN300-34027725,458.0,EUR,10,,OC1COC(c2cnc(Cl)s2)C1,2025-09-29,1,1,1,{'Steglich_esterification'},{19648},{314799}
314118,NCC(O)COc1ccccc1,JZEHWMUIAKALDN-UHFFFAOYSA-N,1.0,100.0,91653,Enamine,Global catalog,EN300-7398915,18.0,EUR,10,,Cl.NCC(O)COc1ccccc1,2025-09-29,1,1,1,{'Steglich_esterification'},{19650},{314801}
314119,COC(=O)C12CC(C1)C(CO)O2,CSECZMQIRMBINO-UHFFFAOYSA-N,1.0,100.0,92192,Enamine,Global catalog,EN300-52134091,825.0,EUR,10,,COC(=O)[C@]12C[C@H](C1)C(CO)O2,2025-09-29,1,1,1,{'Steglich_esterification'},{19651},{314802}
314121,OC1COC2CCNCC2OC1,NPYWBFLFBRMVHG-UHFFFAOYSA-N,1.0,100.0,93004,Enamine,Global catalog,EN300-52245866,326.0,EUR,10,,Cl.OC1CO[C@H]2CCNC[C@H]2OC1,2025-09-29,1,1,1,{'Steglich_esterification'},{19653},{314804}
314123,COCC(O)c1cccc(N)c1,WTTKGMCTZKJJRE-UHFFFAOYSA-N,1.0,100.0,97733,Enamine,Global catalog,EN300-62446,287.0,EUR,10,,COCC(O)c1cccc(N)c1,2025-09-29,1,1,1,{'Steglich_esterification'},{19655},{314806}
314128,CCOC(=O)C(O)C(C)(C)C#N,DEKZDLBPQNRYDG-UHFFFAOYSA-N,1.0,100.0,101671,Enamine,Global catalog,EN300-6374325,359.0,EUR,10,,CCOC(=O)C(O)C(C)(C)C#N,2025-09-29,1,1,1,{'Steglich_esterification'},{19661},{314812}
314129,COC(OC)C(O)C1(C#N)CC1,WNUNYGCLCYMWSH-UHFFFAOYSA-N,1.0,100.0,101916,Enamine,Global catalog,EN300-6371247,330.0,EUR,10,,COC(OC)C(O)C1(C#N)CC1,2025-09-29,1,1,1,{'Steglich_esterification'},{19662},{314813}
314131,Nc1ccc(C2(O)COC2)cc1,CFEJRBVCKOCSNV-UHFFFAOYSA-N,1.0,50.0,151137,Enamine,EU stock,EN300-213049,218.0,EUR,2,,Nc1ccc(C2(O)COC2)cc1,2025-09-29,1,1,1,{'Steglich_esterification'},{19664},{314815}
314135,CCOC(=O)C(O)c1nccn1C,PFRHQLSSLNLGFG-UHFFFAOYSA-N,1.0,100.0,28417,Enamine,Global catalog,EN300-55771,102.0,EUR,10,,CCOC(=O)C(O)c1nccn1C,2025-09-29,1,1,1,{'Steglich_esterification'},{19668},{314819}
314136,CCOC(=O)C(O)c1cccnc1,RPUXFKPRBIMWLC-UHFFFAOYSA-N,1.0,100.0,29243,Enamine,Global catalog,EN300-73607,200.0,EUR,10,,CCOC(=O)C(O)c1cccnc1.Cl,2025-09-29,1,1,1,{'Steglich_esterification'},{19669},{314820}
314141,NCC(O)COc1ccc(F)cc1,LKRGICBCCHGVLQ-UHFFFAOYSA-N,1.0,100.0,38112,Enamine,Global catalog,EN300-54317,125.0,EUR,10,,NCC(O)COc1ccc(F)cc1,2025-09-29,1,1,1,{'Steglich_esterification'},{19674},{314825}
314142,COC(=O)C(O)Cc1ccncc1,LNMQVURJHSDBLR-UHFFFAOYSA-N,1.0,50.0,113341,Enamine,EU stock,EN300-249064,237.0,EUR,2,,COC(=O)C(O)Cc1ccncc1,2025-09-29,1,1,1,{'Steglich_esterification'},{19675},{314826}
299130,COC(=O)C(C)(O)c1cnccn1,ALWMISMGTIWPAS-UHFFFAOYSA-N,1.0,100.0,41421,Enamine,Global catalog,EN300-333257,245.0,EUR,10,,COC(=O)C(C)(O)c1cnccn1,2025-09-29,1,1,1,{'Steglich_esterification'},{19678},{314829}
314147,COC(=O)C(O)c1cccc(Br)c1,CYNXNJIDHSYRQP-UHFFFAOYSA-N,1.0,100.0,44382,Enamine,Global catalog,EN300-1914115,168.0,EUR,10,,COC(=O)C(O)c1cccc(Br)c1,2025-09-29,1,1,1,{'Steglich_esterification'},{19681},{314832}
305598,COC(=O)C(C)(O)c1ccncc1,AXXKJSPVELYLBB-UHFFFAOYSA-N,1.0,50.0,117759,Enamine,EU stock,EN300-122565,93.0,EUR,2,,COC(=O)C(C)(O)c1ccncc1,2025-09-29,1,1,1,{'Steglich_esterification'},{19683},{314834}
314151,COC(=O)C(C)(O)c1cccnc1,IZSSCXMVAPVMJH-UHFFFAOYSA-N,1.0,100.0,46006,Enamine,Global catalog,EN300-4995107,230.0,EUR,10,,COC(=O)C(C)(O)c1cccnc1,2025-09-29,1,1,1,{'Steglich_esterification'},{19686},{314837}
314156,COC(=O)C(O)c1ccccc1F,JLRHGNPNLVZNCD-UHFFFAOYSA-N,1.0,50.0,120498,Enamine,EU stock,EN300-1857774,40.0,EUR,2,,COC(=O)C(O)c1ccccc1F,2025-09-29,1,1,1,{'Steglich_esterification'},{19691},{314842}
314160,COC(=O)C(O)c1cccc(C)n1,DULIJHQJFIYSMX-UHFFFAOYSA-N,1.0,50.0,122022,Enamine,EU stock,EN300-1808819,260.0,EUR,2,,COC(=O)C(O)c1cccc(C)n1,2025-09-29,1,1,1,{'Steglich_esterification'},{19695},{314846}
314164,CCOC(OCC)C(O)CN=[N+]=[N-],PVICMFYQTFWJGQ-UHFFFAOYSA-N,1.0,100.0,54240,Enamine,Global catalog,EN300-42020,133.0,EUR,10,,CCOC(OCC)C(O)CN=[N+]=[N-],2025-09-29,1,1,1,{'Steglich_esterification'},{19699},{314850}
314169,COC(=O)C(O)c1ccc(N)cc1,GAMGLCCWIJAQFS-UHFFFAOYSA-N,1.0,50.0,124449,Enamine,EU stock,EN300-1723049,76.0,EUR,2,,COC(=O)C(O)c1ccc(N)cc1,2025-09-29,1,1,1,{'Steglich_esterification'},{19704},{314855}
314171,COC(=O)C(O)c1ccc(F)cc1,BLBFLHCCPUAXDL-UHFFFAOYSA-N,1.0,100.0,96438,Enamine,Global catalog,EN300-399896,51.0,EUR,10,,COC(=O)C(O)c1ccc(F)cc1,2025-09-29,1,1,1,{'Steglich_esterification'},{19706},{314857}
314173,OC1(CC2CC(CCl)=NO2)COC1,FLFKLMXWRJMOSU-UHFFFAOYSA-N,1.0,50.0,125726,Enamine,EU stock,EN300-7457160,165.0,EUR,2,,OC1(CC2CC(CCl)=NO2)COC1,2025-09-29,1,1,1,{'Steglich_esterification'},{19708},{314859}
314174,COC(=O)C(O)c1cccc(F)c1,RSFWEOSCXQYXQZ-UHFFFAOYSA-N,1.0,50.0,125796,Enamine,EU stock,EN300-1721904,89.0,EUR,2,,COC(=O)C(O)c1cccc(F)c1,2025-09-29,1,1,1,{'Steglich_esterification'},{19709},{314860}
314179,COC(=O)C(O)c1ccccc1Br,YMDUHSJVKGJWQW-UHFFFAOYSA-N,1.0,50.0,126924,Enamine,EU stock,EN300-1894870,22.0,EUR,2,,COC(=O)C(O)c1ccccc1Br,2025-09-29,1,1,1,{'Steglich_esterification'},{19714},{314865}
314180,CC1(C)OC2C(=O)OC(CO)C2O1,NHHKFJCWLPPNCN-UHFFFAOYSA-N,1.0,100.0,59657,Enamine,Global catalog,EN300-219486,646.0,EUR,10,,CC1(C)O[C@@H]2[C@@H](CO)OC(=O)[C@@H]2O1,2025-09-29,1,1,1,{'Steglich_esterification'},{19715},{314866}
314188,COC(=O)C(O)Cc1ccccc1,NMPPJJIBQQCOOI-UHFFFAOYSA-N,1.0,100.0,72417,Enamine,Global catalog,EN300-140949,18.0,EUR,10,,COC(=O)C(O)Cc1ccccc1,2025-09-29,1,1,1,{'Steglich_esterification'},{19723},{314874}
314191,COC(=O)C(O)c1ccccc1Cl,ZMPGBVQQIQSQED-UHFFFAOYSA-N,1.0,100.0,73807,Enamine,Global catalog,EN300-1966192,18.0,EUR,10,,COC(=O)C(O)c1ccccc1Cl,2025-09-29,1,1,1,{'Steglich_esterification'},{19726},{314877}
314192,COC(=O)C(O)c1cccc(Cl)c1,CPEZVACFWJSZNE-UHFFFAOYSA-N,1.0,50.0,138768,Enamine,EU stock,EN300-77542,54.0,EUR,2,,COC(=O)C(O)c1cccc(Cl)c1,2025-09-29,1,1,1,{'Steglich_esterification'},{19727},{314878}
314194,CCOC(=O)C1(O)CC1C(F)(F)F,PYUBLGOIKZTOKP-UHFFFAOYSA-N,1.0,100.0,76534,Enamine,Global catalog,EN300-28228396,825.0,EUR,10,,CCOC(=O)C1(O)CC1C(F)(F)F,2025-09-29,1,1,1,{'Steglich_esterification'},{19729},{314880}
314196,COC(=O)C(O)c1cncc(Br)c1,GYFAVWXTKBTEOZ-UHFFFAOYSA-N,1.0,50.0,139061,Enamine,EU stock,EN300-46760720,215.0,EUR,2,,COC(=O)C(O)c1cncc(Br)c1.Cl,2025-09-29,1,1,1,{'Steglich_esterification'},{19731},{314882}
314197,COC(=O)C(O)CC1CC(F)(F)C1,NPEKUURNFAETGE-UHFFFAOYSA-N,1.0,50.0,140227,Enamine,EU stock,EN300-1948669,218.0,EUR,2,,COC(=O)C(O)CC1CC(F)(F)C1,2025-09-29,1,1,1,{'Steglich_esterification'},{19732},{314883}
314200,OCC1COc2cccc(Cl)c2O1,YQIGIEVCXCQRAE-UHFFFAOYSA-N,1.0,100.0,82812,Enamine,Global catalog,EN300-8297212,326.0,EUR,10,,OCC1COc2cccc(Cl)c2O1,2025-09-29,1,1,1,{'Steglich_esterification'},{19735},{314886}
314207,COC(=O)C1COC2C(O)COC12,BQCSYGJNOUYSSJ-UHFFFAOYSA-N,1.0,100.0,88524,Enamine,Global catalog,EN300-45428470,359.0,EUR,10,,COC(=O)[C@H]1CO[C@H]2[C@@H]1OC[C@H]2O,2025-09-29,1,1,1,{'Steglich_esterification'},{19742},{314893}
314208,COC(=O)C(C)(O)c1ccccc1,CDMFKOGXDUTORS-UHFFFAOYSA-N,1.0,50.0,147416,Enamine,EU stock,EN300-82333,109.0,EUR,2,,COC(=O)C(C)(O)c1ccccc1,2025-09-29,1,1,1,{'Steglich_esterification'},{19743},{314894}
290079,COC(=O)C(O)c1ccc(C)nc1,QAAICQUNIRWVHP-UHFFFAOYSA-N,1.0,100.0,92115,Enamine,Global catalog,EN300-51999635,287.0,EUR,10,,COC(=O)C(O)c1ccc(C)nc1.Cl,2025-09-29,1,1,1,{'Steglich_esterification'},{19746},{314897}
314215,COC(=O)C(O)c1cccc(O)c1,RVYFNXLEGMCKGN-UHFFFAOYSA-N,1.0,100.0,99357,Enamine,Global catalog,EN300-119438,301.0,EUR,10,,COC(=O)C(O)c1cccc(O)c1,2025-09-29,1,1,1,{'Steglich_esterification'},{19751},{314902}
314216,OCC1COc2c(F)cccc2O1,RBIPJOGPQYNEOY-UHFFFAOYSA-N,1.0,100.0,101314,Enamine,Global catalog,EN300-8212180,359.0,EUR,10,,OCC1COc2c(F)cccc2O1,2025-09-29,1,1,1,{'Steglich_esterification'},{19752},{314903}
314222,COC(=O)C(O)c1cc(Cl)cc(Cl)c1,ZIRDWWNAXJFVAZ-UHFFFAOYSA-N,1.0,50.0,107858,Enamine,EU stock,EN300-109480,161.0,EUR,2,,COC(=O)C(O)c1cc(Cl)cc(Cl)c1,2025-09-29,1,1,1,{'Steglich_esterification'},{19758},{314909}
314224,OC(COC(F)(F)F)c1ccccc1,KBEAWYBOFPLQSZ-UHFFFAOYSA-N,1.0,100.0,32022,Enamine,Global catalog,EN300-81834,499.0,EUR,10,,OC(COC(F)(F)F)c1ccccc1,2025-09-29,1,1,1,{'Steglich_esterification'},{19760},{314911}
314235,OC1CCCC1Oc1cccc(F)c1,NMRAJBFDUFYELZ-UHFFFAOYSA-N,1.0,100.0,43500,Enamine,Global catalog,EN300-718692,339.0,EUR,10,,OC1CCCC1Oc1cccc(F)c1,2025-09-29,1,1,1,{'Steglich_esterification'},{19771},{314922}
314243,COC(=O)C(O)c1ccc(C)c(Br)c1,REPUZABZGWJQAP-UHFFFAOYSA-N,1.0,100.0,55227,Enamine,Global catalog,EN300-1912052,230.0,EUR,10,,COC(=O)C(O)c1ccc(C)c(Br)c1,2025-09-29,1,1,1,{'Steglich_esterification'},{19779},{314930}
314251,COC1OC(CO)C2OC(C)(C)OC12,DXBHDBLZPXQALN-UHFFFAOYSA-N,1.0,100.0,59818,Enamine,Global catalog,EN300-6736688,18.0,EUR,10,,CO[C@@H]1O[C@H](CO)[C@H]2OC(C)(C)O[C@@H]12,2025-09-29,1,1,1,{'Steglich_esterification'},{19787},{314938}
314252,[N-]=[N+]=NCC(O)C1OC(=O)C(O)=C1O,SHGNWVZFICKATG-UHFFFAOYSA-N,1.0,100.0,60091,Enamine,Global catalog,EN300-7466605,499.0,EUR,10,,[N-]=[N+]=NCC(O)[C@H]1OC(=O)C(O)=C1O,2025-09-29,1,1,1,{'Steglich_esterification'},{19788},{314939}
314254,COC(=O)C(O)c1ccc(F)cc1C,VRSFSIIONJHLPE-UHFFFAOYSA-N,1.0,50.0,128885,Enamine,EU stock,EN300-633471,73.0,EUR,2,,COC(=O)C(O)c1ccc(F)cc1C,2025-09-29,1,1,1,{'Steglich_esterification'},{19790},{314941}
314266,COC(=O)C(O)c1ccc(F)c(F)c1,FSNBVAIULMGGMB-UHFFFAOYSA-N,1.0,50.0,146505,Enamine,EU stock,EN300-1704240,158.0,EUR,2,,COC(=O)C(O)c1ccc(F)c(F)c1,2025-09-29,1,1,1,{'Steglich_esterification'},{19802},{314953}
314269,CCOC(=O)C(O)c1ccc(F)cc1,CNCGHQKCIUHNRW-UHFFFAOYSA-N,1.0,100.0,96921,Enamine,Global catalog,EN300-624326,64.0,EUR,10,,CCOC(=O)C(O)c1ccc(F)cc1,2025-09-29,1,1,1,{'Steglich_esterification'},{19805},{314956}
314274,COC(=O)C(O)c1cccc(C)c1F,ARTBMSFOIWOCDH-UHFFFAOYSA-N,1.0,100.0,104365,Enamine,Global catalog,EN300-1788376,326.0,EUR,10,,COC(=O)C(O)c1cccc(C)c1F,2025-09-29,1,1,1,{'Steglich_esterification'},{19810},{314961}
314275,OC(COC(F)(F)F)c1cccc(F)c1,KSCDHBCCWZPEGD-UHFFFAOYSA-N,1.0,50.0,108528,Enamine,EU stock,EN300-81831,334.0,EUR,2,,OC(COC(F)(F)F)c1cccc(F)c1,2025-09-29,1,1,1,{'Steglich_esterification'},{19811},{314962}
314277,CCOC(=O)C(O)c1ccc(F)c(F)c1,AGBLMWRLLTXJSX-UHFFFAOYSA-N,1.0,100.0,32722,Enamine,Global catalog,EN300-128663,221.0,EUR,10,,CCOC(=O)C(O)c1ccc(F)c(F)c1,2025-09-29,1,1,1,{'Steglich_esterification'},{19813},{314964}
314285,COC(=O)C(O)c1cc(F)c(F)c(F)c1,GRLVURMSJQTVKI-UHFFFAOYSA-N,1.0,50.0,117904,Enamine,EU stock,EN300-1704312,89.0,EUR,2,,COC(=O)C(O)c1cc(F)c(F)c(F)c1,2025-09-29,1,1,1,{'Steglich_esterification'},{19821},{314972}
314289,COC(=O)C(O)c1cc(F)c(F)cc1F,ZZIJVZDNCUJEOG-UHFFFAOYSA-N,1.0,50.0,119832,Enamine,EU stock,EN300-1704244,89.0,EUR,2,,COC(=O)C(O)c1cc(F)c(F)cc1F,2025-09-29,1,1,1,{'Steglich_esterification'},{19825},{314976}
314292,COC(=O)C(O)c1ccc(F)c(F)c1F,OYEJCAZJVNLTFG-UHFFFAOYSA-N,1.0,50.0,121443,Enamine,EU stock,EN300-1827293,218.0,EUR,2,,COC(=O)C(O)c1ccc(F)c(F)c1F,2025-09-29,1,1,1,{'Steglich_esterification'},{19828},{314979}
314294,COC(=O)C(O)c1ccc(F)c(Cl)c1F,FDLDJKDBVQBKKA-UHFFFAOYSA-N,1.0,50.0,123046,Enamine,EU stock,EN300-1980228,224.0,EUR,2,,COC(=O)C(O)c1ccc(F)c(Cl)c1F,2025-09-29,1,1,1,{'Steglich_esterification'},{19830},{314981}
314301,CCOC(=O)c1cnn2c1OCC(O)C2,XIXASDBRCQPEHX-UHFFFAOYSA-N,1.0,100.0,62202,Enamine,Global catalog,EN300-6498337,292.0,EUR,10,,CCOC(=O)c1cnn2c1OCC(O)C2,2025-09-29,1,1,1,{'Steglich_esterification'},{19837},{314988}
314309,COC(=O)C(O)c1cc(Br)cnc1OC,QRJCFBFKKSFXLE-UHFFFAOYSA-N,1.0,100.0,80851,Enamine,Global catalog,EN300-1917689,359.0,EUR,10,,COC(=O)C(O)c1cc(Br)cnc1OC,2025-09-29,1,1,1,{'Steglich_esterification'},{19845},{314996}
314311,CCOC1CC(O)C1Oc1ccccc1,HYEGWUIXBINKBK-UHFFFAOYSA-N,1.0,100.0,83456,Enamine,Global catalog,EN300-140513,310.0,EUR,10,,CCOC1CC(O)C1Oc1ccccc1,2025-09-29,1,1,1,{'Steglich_esterification'},{19847},{314998}
315034,CN1CCC(O)(CC(=O)O)CC1,NHQCXVKNGUHFMH-UHFFFAOYSA-N,1.0,50.0,107228,Enamine,EU stock,EN300-85046,218.0,EUR,2,,CN1CCC(O)(CC(=O)O)CC1.Cl,2025-09-29,1,1,1,{'Amidation'},{19883},{315067}
315035,CON1CCC(CC(=O)O)CC1,SBQRTXLKQMZSCM-UHFFFAOYSA-N,1.0,50.0,113470,Enamine,EU stock,EN300-253250,208.0,EUR,2,,CON1CCC(CC(=O)O)CC1.Cl,2025-09-29,1,1,1,{'Amidation'},{19884},{315068}
315036,CN1CCC(C(O)C(=O)O)CC1,ISDUTLVKLYFMHR-UHFFFAOYSA-N,1.0,100.0,44655,Enamine,Global catalog,EN300-46401441,354.0,EUR,10,,CN1CCC(C(O)C(=O)O)CC1.Cl,2025-09-29,1,1,1,{'Amidation'},{19885},{315069}
315038,CCN1CCC(CC(=O)O)CC1,DDHNVBMJTWHLJI-UHFFFAOYSA-N,1.0,100.0,91975,Enamine,Global catalog,EN300-23026098,28.0,EUR,10,,CCN1CCC(CC(=O)O)CC1.Cl,2025-09-29,1,1,1,{'Amidation'},{19887},{315071}
315041,CC(C)N1CCC(CC(=O)O)CC1,AZDHNNPGNMJACJ-UHFFFAOYSA-N,1.0,100.0,55584,Enamine,Global catalog,EN300-6736952,18.0,EUR,10,,CC(C)N1CCC(CC(=O)O)CC1.Cl,2025-09-29,1,1,1,{'Amidation'},{19890},{315074}
315043,CCN1CCC(C(C)C(=O)O)CC1,DQAPFDUHXLFWJH-UHFFFAOYSA-N,1.0,100.0,85612,Enamine,Global catalog,EN300-45893873,99.0,EUR,10,,CCN1CCC(C(C)C(=O)O)CC1.Cl,2025-09-29,1,1,1,{'Amidation'},{19892},{315076}
283746,CCON1CCC(CC(=O)O)CC1,AYOJSFROBQXWIF-UHFFFAOYSA-N,1.0,22.4,25407,Enamine,Legacy,EN300-250327,49.0,EUR,10,0.9,Cl.CCON1CCC(CC(=O)O)CC1,2025-10-07,1,1,1,{'Amidation'},{19893},{315077}
315046,O=C(O)CC1CCN(S(=O)(=O)F)CC1,SENPUECDMXOOFF-UHFFFAOYSA-N,1.0,50.0,125000,Enamine,EU stock,EN300-6766641,297.0,EUR,2,,O=C(O)CC1CCN(S(=O)(=O)F)CC1,2025-09-29,1,1,1,{'Amidation'},{19896},{315080}
315047,CS(=O)(=O)N1CCC(CC(=O)O)CC1,OBQRJDKKTBFCTK-UHFFFAOYSA-N,1.0,50.0,131098,Enamine,EU stock,EN300-226561,116.0,EUR,2,,CS(=O)(=O)N1CCC(CC(=O)O)CC1,2025-09-29,1,1,1,{'Amidation'},{19897},{315081}
315051,O=C(O)CC1CCN(c2ccc(Cl)nn2)CC1,WTOBZOQGDVFZNB-UHFFFAOYSA-N,1.0,100.0,34619,Enamine,Global catalog,EN300-186658,81.0,EUR,10,,O=C(O)CC1CCN(c2ccc(Cl)nn2)CC1,2025-09-29,1,1,1,{'Amidation'},{19901},{315085}
315341,CC1CC(C(=O)O)=NO1,DZGJLITZBSTRQH-UHFFFAOYSA-N,4.0,50.0,124837,Enamine,EU stock,EN300-6764115,215.0,EUR,2,,CC1CC(C(=O)O)=NO1,2025-09-29,1,4,4,{'Amidation'},"{20104, 20085, 20086, 20095}","{315360, 315361, 315370, 315379}"
315355,OC1(Cc2cccnc2)CCNCC1,XXFNNXIQLNFXQZ-UHFFFAOYSA-N,3.0,100.0,99371,Enamine,Global catalog,EN300-191397,281.0,EUR,10,,Cl.Cl.OC1(Cc2cccnc2)CCNCC1,2025-09-29,1,3,3,{'Amidation'},"{20096, 20093, 20085}","{315360, 315371, 315368}"
315354,O=C(c1cccnc1)C1CCNCC1,UOMRXGPLZBRRSY-UHFFFAOYSA-N,3.0,50.0,129070,Enamine,EU stock,EN300-1693630,206.0,EUR,2,,Cl.Cl.O=C(c1cccnc1)C1CCNCC1,2025-09-29,1,3,3,{'Amidation'},"{20090, 20086, 20103}","{315361, 315378, 315365}"
315343,CC1ON=C(C(=O)O)C1C,PPZHWALLWQJEGM-UHFFFAOYSA-N,1.0,50.0,131716,Enamine,EU stock,EN300-7465743,165.0,EUR,2,,C[C@@H]1ON=C(C(=O)O)[C@H]1C,2025-09-29,1,1,1,{'Amidation'},{20090},{315365}
315345,O=C(O)C1=NOC2COCC12,DYINAZKBJYXZOO-UHFFFAOYSA-N,2.0,100.0,66992,Enamine,Global catalog,EN300-7429859,320.0,EUR,10,,O=C(O)C1=NO[C@@H]2COC[C@H]12,2025-09-29,1,2,2,{'Amidation'},"{20093, 20109}","{315368, 315384}"
315356,FC(F)(F)c1ccc(CC2CCNCC2)cn1,BDFITKLVISRFIJ-UHFFFAOYSA-N,4.0,100.0,55416,Enamine,Global catalog,EN300-37152235,444.0,EUR,10,,Cl.FC(F)(F)c1ccc(CC2CCNCC2)cn1,2025-09-29,1,4,4,{'Amidation'},"{20121, 20114, 20109, 20095}","{315384, 315370, 315396, 315389}"
315346,CON=C(C(=O)O)c1ccco1,ZNQCEVIJOQZWLO-UHFFFAOYSA-N,3.0,100.0,46244,Enamine,Global catalog,EN300-1654381,18.0,EUR,10,,CON=C(C(=O)O)c1ccco1.N,2025-09-29,1,3,3,{'Amidation'},"{20096, 20114, 20103}","{315378, 315371, 315389}"
315357,Cc1nc(C(F)(F)F)ccc1CC1CCNCC1,XVYCQKAEWGBYEX-UHFFFAOYSA-N,1.0,100.0,84919,Enamine,Global catalog,EN300-37276445,810.0,EUR,10,,Cc1nc(C(F)(F)F)ccc1CC1CCNCC1.Cl,2025-09-29,1,1,1,{'Amidation'},{20104},{315379}
315352,O=C(O)C1=NOC(C2(O)COC2)C1,GHFXUXIJPDWHOA-UHFFFAOYSA-N,1.0,50.0,140815,Enamine,EU stock,EN300-7466621,97.0,EUR,2,,O=C(O)C1=NOC(C2(O)COC2)C1,2025-09-29,1,1,1,{'Amidation'},{20121},{315396}
