compound_id,amount,quote_id,quoted_amount,price,lead_time,smiles,soak_db_count,catalog_id
117,1,,,,,O=C(Nc1ccc2c(c1)CNCCO2)c1cc(Cl)cc2[nH]ncc12,3,
119,1,,,,,O=C(Nc1ccc2c(c1)CNC2)c1cc(F)cc2[nH]nnc12,2,
120,1,,,,,CNC(=O)C(Nc1ccc2c(c1)C(=O)OC2)c1cc(Cl)cc2[nH]ncc12,1,
137,1,,,,,Cc1nc2c(C(=O)Nc3ccc4c(c3)CNC4)cc(Cl)cc2[nH]1,2,
156,1,,,,,N#Cc1cc2c(cc1NC(=O)c1cc(F)cc3[nH]ncc13)CNC2,2,
164,1,,,,,COc1cc(-c2cc(NC(=O)c3cc(F)cc4[nH]ncc34)cc3c2CNC3)ccn1,1,
170,1,,,,,O=C(NCC(F)F)C(Nc1ccc2c(c1)CNC2)c1cc(Br)cc2nc[nH]c12,1,
171,1,,,,,NCc1cccc(NC(=O)c2cccc3c2CC(=O)N3)c1,1,
173,1,,,,,NCCc1cccc(NC(=O)c2cccc3c2CC(=O)N3)c1,3,
175,1,,,,,O=C(NCC(F)F)C(Nc1ccc2c(c1)CNC2)c1cc(Br)cc2ccccc12,2,
182,1,,,,,O=C(Nc1cnc2c(c1)CNC2)c1cc(F)cc2[nH]ncc12,1,
184,1,,,,,CSc1cc2c(cc1NC(=O)c1cc(F)cc3[nH]ncc13)CNC2,8,
186,1,,,,,CC(C)Oc1ccc(Cl)cc1C(Nc1ccc2c(c1)CNC2)C(=O)NCC(F)F,1,
189,1,,,,,O=C1Cc2c(cccc2C(=O)Nc2ccc3c(n2)CNC3)N1,1,
193,1,,,,,N#Cc1c[nH]c2c(C(=O)Nc3ccc4c(c3)CNC4)cccc12,1,
209,1,,,,,O=C1Cc2cc(C(=O)Oc3ccc4c(c3)CNC4)ccc2N1,6,
212,1,,,,,NC(=O)c1c[nH]c2c(C(=O)Nc3ccc4c(c3)CNC4)cc(Cl)cc12,2,
217,1,,,,,O=C(Nc1ccc2c(c1)CNC2)c1cc(Cl)cc2c1cnn2C1CNC1,1,
226,1,,,,,O=C(Nc1ccc2c(c1)CNC2)c1cc(F)cc2c1cnn2C1CNC1,3,
231,1,,,,,O=C(Nc1ccc2c(c1)CNC2)c1cc(F)c2[nH]cc(C3CCNCC3)c2c1,1,
237,1,,,,,O=C(Nc1ccc2c(c1)CNC2)c1cc(Br)cc2nn(C3CNC3)cc12,2,
239,1,,,,,O=C(NCC(F)F)C(Nc1ccc2c(c1)CNC2)c1cc(Cl)cc2cccnc12,1,
248,1,,,,,CN1CCC(c2cccc(NC(=O)c3cc(Cl)cc4c3cnn4C3CNC3)c2)CC1,1,
249,1,,,,,O=C(Nc1ccc(F)cc1N1CCCC1=O)c1cc(Cl)cc2c1cnn2C1CNC1,4,
253,1,,,,,CN1Cc2ccc(NC(=O)c3cc(Cl)cc4c3cnn4C3CNC3)cc2C1,3,
254,1,,,,,O=C(Nc1cc(F)cc(N2CCCC2)c1)c1cc(Cl)cc2c1cnn2C1CNC1,1,
261,1,,,,,O=C(Nc1ccc2c(c1)CN(CC(F)F)C2)c1cc(Cl)cc2c1cnn2C1CNC1,2,
268,1,,,,,Cc1c[nH]c2c(Cl)cc(C(=O)Nc3ccc4c(c3)CNC4)cc12,6,
269,1,,,,,COc1ccc(-c2nc3c(C(=O)Nc4ccc5c(c4)CNC5)cc(F)cc3n2C2CNC2)nn1,1,
278,1,,,,,O=C(Nc1ncccn1)c1cc(F)cc2c1cnn2C1CNC1,2,
355,1,,,,,COC(=O)Cc1nccn1C1CCCNC1,0,
359,1,,,,,Cn1cnc(C(C)(F)C2CCCNC2)c1,0,
453,1,7,5.0,45.0,10.0,O=C(C=Cc1cccnc1)NCC(=O)N1CCc2sccc2C1,0,C453 Enamine:Legacy:Z968678916 5.0mg @ 90% = €45.00 EUR (10 days) O=C(C=CC=1C=CC=NC1)NCC(=O)N2CCC=3SC=CC3C2
497,1,385,5.0,121.0,20.0,O=C(Nc1ccn2ccnc2c1)c1cc2c(s1)CCNC2,0,C497 Enamine:sRDB:Z8843088650 5.0mg @ 90% = €121.00 EUR (20 days) O=C(NC=1C=CN2C=CN=C2C1)C3=CC=4CNCCC4S3
621,1,,,,,CCC(Nc1ccccc1OCCF)c1ccncc1,0,
626,1,,,,,COCc1ccc(NCC(C)c2ccncc2)nc1,0,
698,1,511,5.0,182.0,20.0,Cc1ncsc1C(=O)NC(C)(C)CCNC(=O)c1cncnc1,0,C698 Enamine:mRDB:Z9898710136 5.0mg @ 90% = €182.00 EUR (20 days) CC=1N=CSC1C(=O)NC(C)(C)CCNC(=O)C=2C=NC=NC2
771,1,389,5.0,121.0,20.0,O=C(NCc1ccc2c(c1)CNC2)Nc1nc2ccccc2s1,0,C771 Enamine:sRDB:Z9898710140 5.0mg @ 90% = €121.00 EUR (20 days) O=C(NCC=1C=CC=2CNCC2C1)NC3=NC=4C=CC=CC4S3
775,1,390,5.0,121.0,20.0,c1ccc2c(-c3ccc(C4CC4)nc3)ccnc2c1,0,C775 Enamine:sRDB:Z9898710143 5.0mg @ 90% = €121.00 EUR (20 days) C=1C=CC=2C(=CC=NC2C1)C=3C=CC(=NC3)C4CC4
780,1,,,,,FCCc1nc(-c2ccccn2)nn1-c1ccnc2ccccc12,0,
784,1,175,5.0,121.0,20.0,CCc1ccnc(C(=O)Nc2ccnc3ccccc23)c1,0,C784 Enamine:sRDB:Z1692796320 5.0mg @ 90% = €121.00 EUR (20 days) CCC=1C=CN=C(C1)C(=O)NC=2C=CN=C3C=CC=CC23
816,1,,,,,N#Cc1cccnc1N1CC2CN(c3ccnc4ccccc34)CC2C1,0,
824,1,178,5.0,121.0,20.0,CN(C(=O)c1ccnc(C2CC2)c1)c1cccc2cccnc12,0,C824 Enamine:sRDB:Z1984741427 5.0mg @ 90% = €121.00 EUR (20 days) CN(C(=O)C=1C=CN=C(C1)C2CC2)C=3C=CC=C4C=CC=NC34
834,1,107,5.0,121.0,20.0,O=C(NC1CCN(c2ccccn2)C1)c1cccc2cccnc12,0,C834 Enamine:sRDB:Z1506121557 5.0mg @ 90% = €121.00 EUR (20 days) O=C(NC1CCN(C1)C=2C=CC=CN2)C=3C=CC=C4C=CC=NC34
1031,1,391,5.0,121.0,20.0,COc1ccc2cc(C(=O)NC(C)c3cn[nH]c3)ccc2n1,0,C1031 Enamine:sRDB:Z9898710194 5.0mg @ 90% = €121.00 EUR (20 days) COC=1C=CC=2C=C(C=CC2N1)C(=O)NC(C)C=3C=NNC3
1047,1,315,5.0,121.0,20.0,Cc1cnn2c1CN(C(=O)NC(C)c1cccnc1)CC2,0,C1047 Enamine:sRDB:Z3776274939 5.0mg @ 90% = €121.00 EUR (20 days) CC=1C=NN2CCN(CC12)C(=O)NC(C)C=3C=CC=NC3
1055,1,113,5.0,121.0,20.0,O=C(Cc1cccnc1)N1CCn2nccc2C1,0,C1055 Enamine:sRDB:Z2691760476 5.0mg @ 90% = €121.00 EUR (20 days) O=C(CC=1C=CC=NC1)N2CCN3N=CC=C3C2
1103,1,,,,,CC(C)CC(=O)N1Cc2ccnn2C(CC(=O)NCCc2ccncc2)C1,0,
1219,1,238,5.0,121.0,20.0,O=C(CCc1cncs1)N1CC2(CCC2)C1c1ccncc1,0,C1219 Enamine:sRDB:Z2650084836 5.0mg @ 90% = €121.00 EUR (20 days) O=C(CCC1=CN=CS1)N2CC3(CCC3)C2C=4C=CN=CC4
1225,1,506,5.0,182.0,20.0,O=C(Nc1ncc(C2CCOC2)s1)C(F)(F)c1ccncc1,0,C1225 Enamine:mRDB:Z4612052010 5.0mg @ 90% = €182.00 EUR (20 days) O=C(NC1=NC=C(S1)C2CCOC2)C(F)(F)C=3C=CN=CC3
1434,1,94,5.0,121.0,20.0,Cc1cc(NCc2ccc3c(c2)CNC3)ccn1,0,C1434 Enamine:sRDB:Z1770543654 5.0mg @ 90% = €121.00 EUR (20 days) CC=1C=C(C=CN1)NCC=2C=CC=3CNCC3C2
1469,1,182,5.0,121.0,20.0,CCSCc1ccnc(NC(=O)c2ccc3c(c2)CNC3)c1,0,C1469 Enamine:sRDB:Z2439046621 5.0mg @ 90% = €121.00 EUR (20 days) CCSCC=1C=CN=C(C1)NC(=O)C=2C=CC=3CNCC3C2
1471,1,240,5.0,121.0,20.0,COc1cccc(NC(=O)c2ccc3c(c2)CNC3)n1,0,C1471 Enamine:sRDB:Z2681275207 5.0mg @ 90% = €121.00 EUR (20 days) COC=1C=CC=C(N1)NC(=O)C=2C=CC=3CNCC3C2
1553,1,9,5.0,45.0,10.0,CC(C)CC(NC(=O)C(C)c1ccccn1)c1nc2ccccc2[nH]1,0,C1553 Enamine:Legacy:Z2027569402 5.0mg @ 90% = €45.00 EUR (10 days) CC(C)CC(NC(=O)C(C)C=1C=CC=CN1)C2=NC3=CC=CC=C3N2
1649,1,118,5.0,121.0,20.0,O=C(CSc1nc2ccccc2[nH]1)NCc1ncc[nH]1,0,C1649 Enamine:sRDB:Z1528279761 5.0mg @ 90% = €121.00 EUR (20 days) O=C(CSC1=NC=2C=CC=CC2N1)NCC3=NC=CN3
1717,1,372,5.0,121.0,20.0,CC(=O)NCc1ccc2c(c1)CN(C(=O)CCc1cscn1)C2,0,C1717 Enamine:sRDB:Z4667586790 5.0mg @ 90% = €121.00 EUR (20 days) CC(=O)NCC=1C=CC=2CN(CC2C1)C(=O)CCC3=CSC=N3
1728,1,507,5.0,182.0,20.0,C=C(C(=O)N1Cc2ccc(CNC(C)=O)cc2C1)C(C)(C)C,0,C1728 Enamine:mRDB:Z4667573120 5.0mg @ 90% = €182.00 EUR (20 days) C=C(C(=O)N1CC2=CC=C(C=C2C1)CNC(C)=O)C(C)(C)C
1737,1,371,5.0,121.0,20.0,C=C(COC)C(=O)N1Cc2ccc(CNC(C)=O)cc2C1,0,C1737 Enamine:sRDB:Z4667579341 5.0mg @ 90% = €121.00 EUR (20 days) C=C(COC)C(=O)N1CC=2C=CC(=CC2C1)CNC(C)=O
1789,1,313,5.0,121.0,20.0,O=S(=O)(NC1CC(c2ncc[nH]2)C1)N1Cc2ccccc2C1,0,C1789 Enamine:sRDB:Z3621333468 5.0mg @ 90% = €121.00 EUR (20 days) O=S(=O)(NC1CC(C1)C2=NC=CN2)N3CC=4C=CC=CC4C3
1881,1,117,5.0,121.0,20.0,O=C(NCC1CCOC1)Nc1cccc2c1CN(c1ccccn1)C2,0,C1881 Enamine:sRDB:Z1524122771 5.0mg @ 90% = €121.00 EUR (20 days) O=C(NCC1CCOC1)NC=2C=CC=C3CN(CC23)C=4C=CC=CN4
1899,1,587,5.0,182.0,20.0,CCCN1Cc2ccc(CNC(=O)c3ccccn3)cc2C1,0,C1899 Enamine:mRDB:Z9898710260 5.0mg @ 90% = €182.00 EUR (20 days) CCCN1CC=2C=CC(=CC2C1)CNC(=O)C=3C=CC=CN3
1906,1,,,,,CNc1ccc2c(c1)CN(Cc1ccccn1)C2,0,
1954,1,49,5.0,78.0,10.0,c1ncc(N2CCNCC2)s1,0,C1954 Enamine:Advanced:Z2520721008 5.0mg @ 90% = €78.00 EUR (10 days) C1=NC=C(S1)N2CCNCC2
1967,1,300,5.0,121.0,20.0,O=C(NCC(=O)N1CCNCC1)c1cnc(C2CCOCC2)s1,0,C1967 Enamine:sRDB:Z3511057537 5.0mg @ 90% = €121.00 EUR (20 days) O=C(CNC(=O)C1=CN=C(S1)C2CCOCC2)N3CCNCC3
1996,1,508,5.0,182.0,20.0,O=C(NC(c1ccco1)C(F)F)c1cnc(N2CCNCC2)s1,0,C1996 Enamine:mRDB:Z6380944460 5.0mg @ 90% = €182.00 EUR (20 days) O=C(NC(C1=CC=CO1)C(F)F)C2=CN=C(S2)N3CCNCC3
2006,1,,,,,c1cc2c(cc1OC1CCCNC1)CNC2,0,
2008,1,336,5.0,121.0,20.0,O=C(C1CCCNC1)N1Cc2ccc(O)cc2C1,0,C2008 Enamine:sRDB:Z4065182519 5.0mg @ 90% = €121.00 EUR (20 days) O=C(C1CCCNC1)N2CC3=CC=C(O)C=C3C2
2037,1,87,5.0,121.0,20.0,O=C(C1CCCNC1)N1Cc2ccccc2C1,0,C2037 Enamine:sRDB:Z963454816 5.0mg @ 90% = €121.00 EUR (20 days) O=C(C1CCCNC1)N2CC3=CC=CC=C3C2
2106,1,12,5.0,45.0,10.0,O=C(Nc1ccc(-c2nc3ccccc3[nH]2)cc1)c1cccc2cccnc12,0,C2106 Enamine:Legacy:Z79513737 5.0mg @ 90% = €45.00 EUR (10 days) O=C(NC=1C=CC(=CC1)C2=NC=3C=CC=CC3N2)C=4C=CC=C5C=CC=NC45
2295,1,509,5.0,182.0,20.0,CC(=O)NCC1CCCN(C(=O)C2CNC(=O)c3ccnn32)C1,0,C2295 Enamine:mRDB:Z7559284706 5.0mg @ 90% = €182.00 EUR (20 days) CC(=O)NCC1CCCN(C1)C(=O)C2CNC(=O)C3=CC=NN32
2321,1,512,5.0,182.0,20.0,CCCCC(=O)NCC1CCN(C(=O)c2ncc[nH]2)CC1,0,C2321 Enamine:mRDB:Z9898710269 5.0mg @ 90% = €182.00 EUR (20 days) CCCCC(=O)NCC1CCN(CC1)C(=O)C2=NC=CN2
2328,1,513,5.0,182.0,20.0,CCC(C)C(NC(C)=O)C(=O)N1CCC(c2ncc[nH]2)CC1,0,C2328 Enamine:mRDB:Z9898710272 5.0mg @ 90% = €182.00 EUR (20 days) CCC(C)C(NC(C)=O)C(=O)N1CCC(CC1)C2=NC=CN2
2362,1,392,5.0,121.0,20.0,c1cc(-c2nnc(CNC3=NC4CCCCC4N3)[nH]2)ccn1,0,C2362 Enamine:sRDB:Z9898710274 5.0mg @ 90% = €121.00 EUR (20 days) C1=CC(=CC=N1)C2=NN=C(CNC3=NC4CCCCC4N3)N2
2390,1,393,5.0,121.0,20.0,CCCOc1ncccc1CNC1=NC2CCCCC2N1,0,C2390 Enamine:sRDB:Z9898710276 5.0mg @ 90% = €121.00 EUR (20 days) CCCOC=1N=CC=CC1CNC2=NC3CCCCC3N2
2607,1,253,5.0,121.0,20.0,O=C(CC1CCCS1(=O)=O)NCc1cccnc1,0,C2607 Enamine:sRDB:Z2795705682 5.0mg @ 90% = €121.00 EUR (20 days) O=C(CC1CCCS1(=O)=O)NCC=2C=CC=NC2
2648,1,,,,,O=C(Cc1nc(CCl)cs1)NCc1ccncc1,0,
2694,1,172,5.0,121.0,20.0,O=C(NNC(=O)c1cccc2cccnc12)Nc1ccnn1C1CCCC1,0,C2694 Enamine:sRDB:Z1671159738 5.0mg @ 90% = €121.00 EUR (20 days) O=C(NNC(=O)C=1C=CC=C2C=CC=NC12)NC3=CC=NN3C4CCCC4
2771,1,255,5.0,121.0,20.0,CC(C)CC(C(=O)N1Cc2ccc([N+](=O)[O-])cc2C1)n1ccnc1,0,C2771 Enamine:sRDB:Z2800370892 5.0mg @ 90% = €121.00 EUR (20 days) CC(C)CC(C(=O)N1CC=2C=CC(=CC2C1)[N+]([O-])=O)N3C=CN=C3
2807,1,,,,,Cc1ccc2c(c1)CN(C(=O)C(N)Cc1c[nH]cn1)C2,0,
2823,1,,,,,c1cc(C2CCCNC2)c2nc[nH]c2c1,0,
2824,1,24,5.0,50.0,10.0,c1ccc2c(c1)ncn2C1CCCNC1,0,C2824 Enamine:HTS:Z803130634 5.0mg @ 90% = €50.00 EUR (10 days) C1=NC=2C=CC=CC2N1C3CCCNC3
2841,1,145,5.0,121.0,20.0,Cc1nc2ccccc2n1CCCNC(=O)C1CCCNC1,0,C2841 Enamine:sRDB:Z927448162 5.0mg @ 90% = €121.00 EUR (20 days) CC1=NC=2C=CC=CC2N1CCCNC(=O)C3CCCNC3
2852,1,,,,,Clc1cccc2nc(C3CCCNC3)[nH]c12,0,
2925,1,168,5.0,121.0,20.0,CC(C)NC1CCCN(C(=O)CCc2ccnc3ccccc23)C1,0,C2925 Enamine:sRDB:Z1234734824 5.0mg @ 90% = €121.00 EUR (20 days) CC(C)NC1CCCN(C1)C(=O)CCC=2C=CN=C3C=CC=CC23
2977,1,264,5.0,121.0,20.0,COCC(=O)Nc1cccnc1C1CC1,0,C2977 Enamine:sRDB:Z2965523675 5.0mg @ 90% = €121.00 EUR (20 days) COCC(=O)NC1=CC=CN=C1C2CC2
3045,1,514,5.0,182.0,20.0,COCC(=O)NC1CCN(C(=O)c2ccn3ccnc3c2)C1,0,C3045 Enamine:mRDB:Z9898710312 5.0mg @ 90% = €182.00 EUR (20 days) COCC(=O)NC1CCN(C1)C(=O)C=2C=CN3C=CN=C3C2
3146,1,503,5.0,182.0,20.0,CN1C(=O)Cc2c(C(=O)OCCc3cscn3)cccc21,0,C3146 Enamine:mRDB:Z4396141402 5.0mg @ 90% = €182.00 EUR (20 days) CN1C(=O)CC=2C(=CC=CC21)C(=O)OCCC3=CSC=N3
3197,1,312,5.0,121.0,20.0,O=[N+]([O-])c1ccc2c(c1)CN(S(=O)(=O)Cc1cscn1)C2,0,C3197 Enamine:sRDB:Z3616805054 5.0mg @ 90% = €121.00 EUR (20 days) [O-][N+](=O)C1=CC=C2CN(CC2=C1)S(=O)(=O)CC3=CSC=N3
3206,1,394,5.0,121.0,20.0,N#Cc1ccc2c(c1)CN(C(=O)C(N)c1cscn1)C2,0,C3206 Enamine:sRDB:Z9898710326 5.0mg @ 90% = €121.00 EUR (20 days) N#CC=1C=CC=2CN(CC2C1)C(=O)C(N)C3=CSC=N3
3232,1,61,5.0,121.0,20.0,c1ccc(-c2cncnc2)nc1,0,C3232 Enamine:sRDB:Z1255439989 5.0mg @ 90% = €121.00 EUR (20 days) C=1C=CC(=NC1)C=2C=NC=NC2
3289,1,395,5.0,121.0,20.0,O=C(Nc1ccncn1)c1cccnc1C1CC1,0,C3289 Enamine:sRDB:Z9898710329 5.0mg @ 90% = €121.00 EUR (20 days) O=C(NC=1C=CN=CN1)C=2C=CC=NC2C3CC3
3291,1,,,,,O=C(NCc1ccnc(C2CC2)c1)NCc1ccncn1,0,
3324,1,396,5.0,121.0,20.0,O=C(NCc1ccncn1)c1ccc(-c2nc[nH]n2)nc1,0,C3324 Enamine:sRDB:Z9898710336 5.0mg @ 90% = €121.00 EUR (20 days) O=C(NCC=1C=CN=CN1)C=2C=CC(=NC2)C=3N=CNN3
3381,1,515,5.0,182.0,20.0,CN(C(=O)c1ccncn1)C(CNC(=O)c1ccn2ccnc2c1)C1CC1,0,C3381 Enamine:mRDB:Z9898710340 5.0mg @ 90% = €182.00 EUR (20 days) CN(C(=O)C=1C=CN=CN1)C(CNC(=O)C=2C=CN3C=CN=C3C2)C4CC4
3418,1,151,5.0,121.0,20.0,Cc1cc(NC(=O)CCc2ccncn2)cn2ccnc12,0,C3418 Enamine:sRDB:Z2231569264 5.0mg @ 90% = €121.00 EUR (20 days) CC1=CC(=CN2C=CN=C12)NC(=O)CCC=3C=CN=CN3
3469,1,266,5.0,121.0,20.0,CC(C)Cc1ccc(CNc2ccc3[nH]c(=O)[nH]c3c2)cn1,0,C3469 Enamine:sRDB:Z2993173166 5.0mg @ 90% = €121.00 EUR (20 days) CC(C)CC=1C=CC(=CN1)CNC=2C=CC=3NC(=O)NC3C2
3502,1,516,5.0,182.0,20.0,CC(CNC(=O)c1cccnc1C1CC1)NC(=O)c1cscn1,0,C3502 Enamine:mRDB:Z9898710356 5.0mg @ 90% = €182.00 EUR (20 days) CC(CNC(=O)C1=CC=CN=C1C2CC2)NC(=O)C3=CSC=N3
3506,1,,,,,CC(CCNC(=O)C1(c2ccccn2)CC1)NCc1cscn1,0,
3559,1,202,5.0,121.0,20.0,N#CC(=Cc1c[nH]c(-c2ccccc2)n1)C(=O)c1ccccn1,0,C3559 Enamine:sRDB:Z1778501358 5.0mg @ 90% = €121.00 EUR (20 days) N#CC(=CC1=CNC(=N1)C=2C=CC=CC2)C(=O)C=3C=CC=CN3
3692,1,494,5.0,182.0,20.0,CN(C(=O)CCc1c[nH]cn1)C1CC(c2cccnc2)C1,0,C3692 Enamine:mRDB:Z3643781440 5.0mg @ 90% = €182.00 EUR (20 days) CN(C(=O)CCC1=CNC=N1)C2CC(C2)C=3C=CC=NC3
3693,1,397,5.0,121.0,20.0,O=C(CCc1c[nH]cn1)NCc1nnc(-c2ccncc2)[nH]1,0,C3693 Enamine:sRDB:Z9898710371 5.0mg @ 90% = €121.00 EUR (20 days) O=C(CCC1=CNC=N1)NCC2=NN=C(N2)C=3C=CN=CC3
3704,1,,,,,CNc1ccnc(C(=O)NCc2c[nH]cn2)c1,0,
3735,1,502,5.0,182.0,20.0,FC(F)(F)c1cc(-c2ncc[nH]2)cnc1C1CC1,0,C3735 Enamine:mRDB:Z4387185983 5.0mg @ 90% = €182.00 EUR (20 days) FC(F)(F)C=1C=C(C=NC1C2CC2)C3=NC=CN3
3739,1,,,,,O=C(NCc1ccnc(C2CC2)c1)C(=O)Nc1ncc[nH]1,0,
3744,1,289,5.0,121.0,20.0,c1ccc(C2(NCCCc3ncc[nH]3)CC2)nc1,0,C3744 Enamine:sRDB:Z3316821406 5.0mg @ 90% = €121.00 EUR (20 days) C1=CNC(CCCNC2(CC2)C=3C=CC=CN3)=N1
3773,1,398,5.0,121.0,20.0,O=C(Nc1cccc(-c2c[nH]cn2)c1)c1cnc2ccccn12,0,C3773 Enamine:sRDB:Z9898710390 5.0mg @ 90% = €121.00 EUR (20 days) O=C(NC=1C=CC=C(C1)C2=CNC=N2)C3=CN=C4C=CC=CN34
3857,1,181,5.0,121.0,20.0,Cc1n[nH]c2ncc(NC(=O)c3ccc4c(c3)CNC4)cc12,0,C3857 Enamine:sRDB:Z6661873721 5.0mg @ 90% = €121.00 EUR (20 days) CC1=NNC=2N=CC(=CC12)NC(=O)C=3C=CC=4CNCC4C3
3924,1,466,5.0,182.0,20.0,Cc1nc(CNC(C)CNC(=O)c2ccnc3ccccc23)cs1,0,C3924 Enamine:mRDB:Z9898710396 5.0mg @ 90% = €182.00 EUR (20 days) CC1=NC(=CS1)CNC(C)CNC(=O)C=2C=CN=C3C=CC=CC23
3936,1,166,5.0,121.0,20.0,CC(=O)c1csc(NC(=O)CCc2ccnc3ccccc23)n1,0,C3936 Enamine:sRDB:Z1233312818 5.0mg @ 90% = €121.00 EUR (20 days) CC(=O)C1=CSC(=N1)NC(=O)CCC=2C=CN=C3C=CC=CC23
3953,1,399,5.0,121.0,20.0,[O-][S+](Cc1cncs1)Cc1cccc2cccnc12,0,C3953 Enamine:sRDB:Z9898710404 5.0mg @ 90% = €121.00 EUR (20 days) [O-][S+](CC1=CN=CS1)CC=2C=CC=C3C=CC=NC23
3955,1,183,5.0,121.0,20.0,CCOC(=O)c1csc(N(C)C(=O)c2cccc3cccnc23)n1,0,C3955 Enamine:sRDB:Z1317772969 5.0mg @ 90% = €121.00 EUR (20 days) CCOC(=O)C1=CSC(=N1)N(C)C(=O)C=2C=CC=C3C=CC=NC23
3973,1,15,5.0,45.0,10.0,O=C(C=Cc1cscn1)NCCCOc1cccc2cccnc12,0,C3973 Enamine:Legacy:Z1126948519 5.0mg @ 90% = €45.00 EUR (10 days) O=C(C=CC1=CSC=N1)NCCCOC=2C=CC=C3C=CC=NC23
3980,1,164,5.0,121.0,20.0,Cc1ncsc1CN(C)S(=O)(=O)Cc1cccc2cccnc12,0,C3980 Enamine:sRDB:Z1225688352 5.0mg @ 90% = €121.00 EUR (20 days) CC=1N=CSC1CN(C)S(=O)(=O)CC=2C=CC=C3C=CC=NC23
3992,1,162,5.0,121.0,20.0,CN(Cc1cscn1)S(=O)(=O)c1cccc2cccnc12,0,C3992 Enamine:sRDB:Z1216714613 5.0mg @ 90% = €121.00 EUR (20 days) CN(CC1=CSC=N1)S(=O)(=O)C=2C=CC=C3C=CC=NC23
4074,1,122,5.0,121.0,20.0,O=C(Nc1ccc2ncccc2c1)c1cccc2cccnc12,0,C4074 Enamine:sRDB:Z453368590 5.0mg @ 90% = €121.00 EUR (20 days) O=C(NC=1C=CC=2N=CC=CC2C1)C=3C=CC=C4C=CC=NC34
4121,1,400,5.0,121.0,20.0,COc1ccc2cc(-c3cccc(CNC(C)=O)c3)ccc2n1,0,C4121 Enamine:sRDB:Z9898710427 5.0mg @ 90% = €121.00 EUR (20 days) COC=1C=CC=2C=C(C=CC2N1)C=3C=CC=C(C3)CNC(C)=O
4139,1,491,5.0,182.0,20.0,CC(=O)NCC1CN(c2ccnc3ccc(S(=O)(=O)C(C)C)cc23)CCO1,0,C4139 Enamine:mRDB:Z3557571877 5.0mg @ 90% = €182.00 EUR (20 days) CC(=O)NCC1CN(CCO1)C=2C=CN=C3C=CC(=CC23)S(=O)(=O)C(C)C
4206,1,475,5.0,182.0,20.0,c1ccc2c(c1)ncn2-c1ccc(-c2noc(-c3cscn3)n2)cc1,0,C4206 Enamine:mRDB:Z1684428614 5.0mg @ 90% = €182.00 EUR (20 days) C1=NC(=CS1)C2=NC(=NO2)C=3C=CC(=CC3)N4C=NC=5C=CC=CC54
4207,1,39,5.0,50.0,10.0,O=C(CNC(=O)c1cscn1)Nc1ccc(-n2cnc3ccccc32)cc1,0,C4207 Enamine:HTS:Z1883615981 5.0mg @ 90% = €50.00 EUR (10 days) O=C(CNC(=O)C1=CSC=N1)NC=2C=CC(=CC2)N3C=NC=4C=CC=CC43
4227,1,401,5.0,121.0,20.0,O=C(c1ccoc1)N(Cc1cscn1)c1nc2ccccc2[nH]1,0,C4227 Enamine:sRDB:Z9898710439 5.0mg @ 90% = €121.00 EUR (20 days) O=C(C=1C=COC1)N(CC2=CSC=N2)C3=NC=4C=CC=CC4N3
4263,1,365,5.0,121.0,20.0,O=C(NC1CCc2ncsc2C1)c1cnc(-c2cccnc2)s1,0,C4263 Enamine:sRDB:Z4469676796 5.0mg @ 90% = €121.00 EUR (20 days) O=C(NC1CCC=2N=CSC2C1)C3=CN=C(S3)C=4C=CC=NC4
4264,1,402,5.0,121.0,20.0,c1cncc(-c2csc(NCCc3nc4c(s3)CCCC4)n2)c1,0,C4264 Enamine:sRDB:Z9898710448 5.0mg @ 90% = €121.00 EUR (20 days) C=1SC(=NC1C=2C=CC=NC2)NCCC3=NC=4CCCCC4S3
4305,1,,,,,CCOC(=O)c1csc(CCNCc2cn3ccccc3n2)n1,0,
4308,1,160,5.0,121.0,20.0,Cc1csc(NC(=O)C(=O)NCc2cn3ccccc3n2)n1,0,C4308 Enamine:sRDB:Z1321751420 5.0mg @ 90% = €121.00 EUR (20 days) CC1=CSC(=N1)NC(=O)C(=O)NCC2=CN3C=CC=CC3=N2
4318,1,210,5.0,121.0,20.0,CC(C)c1ncsc1NC(=O)Cc1cn2ccccc2n1,0,C4318 Enamine:sRDB:Z2298048542 5.0mg @ 90% = €121.00 EUR (20 days) CC(C)C=1N=CSC1NC(=O)CC2=CN3C=CC=CC3=N2
4344,1,139,5.0,121.0,20.0,CCOC(=O)c1csc(NC(=O)c2ccn3ccnc3c2)n1,0,C4344 Enamine:sRDB:Z1476786070 5.0mg @ 90% = €121.00 EUR (20 days) CCOC(=O)C1=CSC(=N1)NC(=O)C=2C=CN3C=CN=C3C2
4396,1,,,,,O=C1C(O)CCCN1Cc1cccnc1,0,
4500,1,517,5.0,182.0,20.0,CC(CNC(=O)c1ccncc1)NC(=O)C(C)N1CCCCC1=O,0,C4500 Enamine:mRDB:Z9898710472 5.0mg @ 90% = €182.00 EUR (20 days) CC(CNC(=O)C=1C=CN=CC1)NC(=O)C(C)N2CCCCC2=O
4569,1,348,5.0,121.0,20.0,O=C(CN1CCCC1c1ncccn1)NCC1CCCNC1,0,C4569 Enamine:sRDB:Z4205068360 5.0mg @ 90% = €121.00 EUR (20 days) O=C(CN1CCCC1C=2N=CC=CN2)NCC3CCCNC3
4737,1,368,5.0,121.0,20.0,c1c[nH]c(C2CCCCN2Cc2cnn3c2CNCC3)n1,0,C4737 Enamine:sRDB:Z4592075752 5.0mg @ 90% = €121.00 EUR (20 days) C1=CNC(=N1)C2CCCCN2CC=3C=NN4CCNCC34
4755,1,369,5.0,121.0,20.0,CCCN1CCCCC1CNCc1cnn2c1CNCC2,0,C4755 Enamine:sRDB:Z4593633348 5.0mg @ 90% = €121.00 EUR (20 days) CCCN1CCCCC1CNCC=2C=NN3CCNCC23
4933,1,345,5.0,121.0,20.0,CCOC1(CNC(=O)Cc2cccc3cccnc23)CCC1,0,C4933 Enamine:sRDB:Z4200445656 5.0mg @ 90% = €121.00 EUR (20 days) CCOC1(CNC(=O)CC=2C=CC=C3C=CC=NC23)CCC1
4958,1,,,,,CC(C)C(=O)N1CC2C(CNC(=O)Cc3cccc4cccnc34)C2C1,0,
5045,1,518,5.0,182.0,20.0,CCC(CC)NC(=O)CN1CCC(NC(=O)CCc2c[nH]cn2)CC1,0,C5045 Enamine:mRDB:Z9898710504 5.0mg @ 90% = €182.00 EUR (20 days) CCC(CC)NC(=O)CN1CCC(CC1)NC(=O)CCC2=CNC=N2
5065,1,583,5.0,182.0,20.0,CCOC(=O)CC1CCN(C(=O)N(C)Cc2c[nH]cn2)CC1,0,C5065 Enamine:mRDB:Z3374344004 5.0mg @ 90% = €182.00 EUR (20 days) CCOC(=O)CC1CCN(CC1)C(=O)N(C)CC2=CNC=N2
5185,1,339,5.0,121.0,20.0,CCC(C)S(C)(=O)=NC(=O)c1sc(-c2ncc[nH]2)nc1C,0,C5185 Enamine:sRDB:Z4130048481 5.0mg @ 90% = €121.00 EUR (20 days) CCC(C)S(C)(=O)=NC(=O)C=1SC(=NC1C)C2=NC=CN2
5187,1,484,5.0,182.0,20.0,CCC(NC(=O)c1csc(-c2ncc[nH]2)n1)C(C)O,0,C5187 Enamine:mRDB:Z2842333638 5.0mg @ 90% = €182.00 EUR (20 days) CCC(NC(=O)C1=CSC(=N1)C2=NC=CN2)C(C)O
5200,1,307,5.0,121.0,20.0,CC(NC(=O)c1cnc(C2CCOCC2)s1)c1ncc[nH]1,0,C5200 Enamine:sRDB:Z3547048869 5.0mg @ 90% = €121.00 EUR (20 days) CC(NC(=O)C1=CN=C(S1)C2CCOCC2)C3=NC=CN3
5230,1,519,5.0,182.0,20.0,CC(CNC(=O)CCc1c[nH]cn1)NC(=O)c1nc(Cl)cs1,0,C5230 Enamine:mRDB:Z9898710522 5.0mg @ 90% = €182.00 EUR (20 days) CC(CNC(=O)CCC1=CNC=N1)NC(=O)C2=NC(Cl)=CS2
5363,1,116,5.0,121.0,20.0,CON=CC(=O)N1CCC(c2nc3ccccc3[nH]2)CC1,0,C5363 Enamine:sRDB:Z2028368581 5.0mg @ 90% = €121.00 EUR (20 days) CON=CC(=O)N1CCC(CC1)C2=NC=3C=CC=CC3N2
5381,1,112,5.0,121.0,20.0,FC(F)(F)c1csc(C2CCN(c3nc4ccccc4[nH]3)CC2)n1,0,C5381 Enamine:sRDB:Z2273467355 5.0mg @ 90% = €121.00 EUR (20 days) FC(F)(F)C1=CSC(=N1)C2CCN(CC2)C3=NC=4C=CC=CC4N3
5440,1,,,,,c1ccc(C2CNCCN2)nc1,0,
5492,1,333,5.0,121.0,20.0,CN(CC1CCCNC1)C(=O)Cc1scnc1-c1ccccc1,0,C5492 Enamine:sRDB:Z4055316549 5.0mg @ 90% = €121.00 EUR (20 days) CN(CC1CCCNC1)C(=O)CC=2SC=NC2C=3C=CC=CC3
5576,1,325,5.0,121.0,20.0,O=C(Nc1ccc2c(c1)CNC2)C1CCCN(c2cc(=O)[nH]cn2)C1,0,C5576 Enamine:sRDB:Z3828930660 5.0mg @ 90% = €121.00 EUR (20 days) O=C(NC1=CC=C2CNCC2=C1)C3CCCN(C3)C4=CC(=O)NC=N4
5622,1,,,,,CN1CCCCC1COc1ccc2c(c1)CNC2,0,
5682,1,,,,,COCC(=O)NC1C2CC1CN(C(=O)CCCn1cccn1)C2,0,
5694,1,353,5.0,121.0,20.0,O=C(COCc1cccnc1)NC1CC(n2cccn2)C1,0,C5694 Enamine:sRDB:Z4252215643 5.0mg @ 90% = €121.00 EUR (20 days) O=C(COCC=1C=CC=NC1)NC2CC(C2)N3C=CC=N3
5763,1,403,5.0,121.0,20.0,NC(=O)C(NC(=O)c1cccc2ncccc12)c1ccccn1,0,C5763 Enamine:sRDB:Z9898710553 5.0mg @ 90% = €121.00 EUR (20 days) NC(=O)C(NC(=O)C=1C=CC=C2N=CC=CC12)C=3C=CC=CN3
5783,1,152,5.0,121.0,20.0,Clc1cccc2ccc(NCCNc3ccccn3)nc12,0,C5783 Enamine:sRDB:Z1627498245 5.0mg @ 90% = €121.00 EUR (20 days) ClC=1C=CC=C2C=CC(=NC12)NCCNC=3C=CC=CN3
5811,1,404,5.0,121.0,20.0,COc1ccc2cccnc2c1CNS(=O)(=O)c1ccccn1,0,C5811 Enamine:sRDB:Z9898710560 5.0mg @ 90% = €121.00 EUR (20 days) COC=1C=CC=2C=CC=NC2C1CNS(=O)(=O)C=3C=CC=CN3
5831,1,405,5.0,121.0,20.0,CC(CNC(=O)Nc1cc(-c2cccnc2)ccn1)c1ccsc1,0,C5831 Enamine:sRDB:Z9898710564 5.0mg @ 90% = €121.00 EUR (20 days) CC(CNC(=O)NC=1C=C(C=CN1)C=2C=CC=NC2)C=3C=CSC3
5838,1,584,5.0,182.0,20.0,CN(CCNC(=O)c1cccnc1)Cc1ccccn1,0,C5838 Enamine:mRDB:Z3754358376 5.0mg @ 90% = €182.00 EUR (20 days) CN(CCNC(=O)C=1C=CC=NC1)CC=2C=CC=CN2
5850,1,286,5.0,121.0,20.0,COCCC(NC(=O)c1ncccc1Br)c1cccnc1,0,C5850 Enamine:sRDB:Z3204248438 5.0mg @ 90% = €121.00 EUR (20 days) COCCC(NC(=O)C=1N=CC=CC1Br)C=2C=CC=NC2
5852,1,285,5.0,121.0,20.0,COCCC(NC(=O)c1ccc(Cl)cn1)c1cccnc1,0,C5852 Enamine:sRDB:Z3204245677 5.0mg @ 90% = €121.00 EUR (20 days) COCCC(NC(=O)C=1C=CC(Cl)=CN1)C=2C=CC=NC2
5856,1,337,5.0,121.0,20.0,COCCC(NC(=O)c1cc(CN)ccn1)c1cccnc1,0,C5856 Enamine:sRDB:Z4065691049 5.0mg @ 90% = €121.00 EUR (20 days) COCCC(NC(=O)C=1C=C(C=CN1)CN)C=2C=CC=NC2
5866,1,259,5.0,121.0,20.0,CCC(NC(=O)Nc1ccc([S+](C)[O-])cn1)c1ccncc1,0,C5866 Enamine:sRDB:Z9898710582 5.0mg @ 90% = €121.00 EUR (20 days) CCC(NC(=O)NC=1C=CC(=CN1)[S+](C)[O-])C=2C=CN=CC2
5939,1,406,5.0,121.0,20.0,CCN(Cc1cccnc1)C(=O)c1cnc2cc(OC)ccn12,0,C5939 Enamine:sRDB:Z9898710588 5.0mg @ 90% = €121.00 EUR (20 days) CCN(CC=1C=CC=NC1)C(=O)C2=CN=C3C=C(C=CN23)OC
6014,1,407,5.0,121.0,20.0,O=C(Cc1nc(-c2ccccc2)cs1)NCc1ncccn1,0,C6014 Enamine:sRDB:Z9898710593 5.0mg @ 90% = €121.00 EUR (20 days) O=C(CC1=NC(=CS1)C=2C=CC=CC2)NCC=3N=CC=CN3
6047,1,480,5.0,182.0,20.0,O=C(CC1CCNCC1F)NCc1ncccn1,0,C6047 Enamine:mRDB:Z2607236942 5.0mg @ 90% = €182.00 EUR (20 days) O=C(CC1CCNCC1F)NCC=2N=CC=CN2
6094,1,520,5.0,182.0,20.0,CC(=O)N(C)C1CCN(C(=O)c2ccncn2)C1,0,C6094 Enamine:mRDB:Z9898710600 5.0mg @ 90% = €182.00 EUR (20 days) CC(=O)N(C)C1CCN(C1)C(=O)C=2C=CN=CN2
6213,1,454,5.0,121.0,20.0,CC(C)Cc1nc(C(=O)OC(C)c2nc3ccccc3[nH]2)cs1,0,C6213 Enamine:sRDB:Z1516821130 5.0mg @ 90% = €121.00 EUR (20 days) CC(C)CC1=NC(=CS1)C(=O)O[C@@H](C)C2=NC=3C=CC=CC3N2
6452,1,521,5.0,182.0,20.0,CC(=O)NCC1CC(NC(=O)CC(O)(c2ncc[nH]2)C(F)(F)F)C1,0,C6452 Enamine:mRDB:Z9898710608 5.0mg @ 90% = €182.00 EUR (20 days) CC(=O)NCC1CC(C1)NC(=O)CC(O)(C2=NC=CN2)C(F)(F)F
6461,1,600,5.0,182.0,20.0,CC(=O)NCC1CCN1C(=O)C(O)Cc1c[nH]cn1,0,C6461 Enamine:mRDB:Z6093671479 5.0mg @ 90% = €182.00 EUR (20 days) CC(=O)NCC1CCN1C(=O)[C@@H](O)CC2=CNC=N2
6489,1,148,5.0,121.0,20.0,CN(C(=O)CCn1ccnc1)C(c1ccccc1)c1ncc[nH]1,0,C6489 Enamine:sRDB:Z2231162296 5.0mg @ 90% = €121.00 EUR (20 days) CN(C(=O)CCN1C=CN=C1)C(C2=NC=CN2)C=3C=CC=CC3
6526,1,200,5.0,121.0,20.0,CCOC(C)c1ncc(C(=O)NCc2ccc3c(c2)CNC3)s1,0,C6526 Enamine:sRDB:Z2440973385 5.0mg @ 90% = €121.00 EUR (20 days) CCOC(C)C1=NC=C(S1)C(=O)NCC2=CC=C3CNCC3=C2
6613,1,140,5.0,121.0,20.0,Cc1csc(=O)n1CC(=O)N(C)c1nc2ccccc2s1,0,C6613 Enamine:sRDB:Z238298232 5.0mg @ 90% = €121.00 EUR (20 days) CC1=CSC(=O)N1CC(=O)N(C)C2=NC=3C=CC=CC3S2
6745,1,53,5.0,121.0,20.0,Cc1nccc(CSCCn2cccn2)n1,0,C6745 Enamine:sRDB:Z1956820176 5.0mg @ 90% = €121.00 EUR (20 days) CC=1N=CC=C(CSCCN2C=CC=N2)N1
6746,1,,,,,CC(C)(CNc1nccc(-n2cccn2)n1)OC(F)F,0,
6762,1,588,5.0,182.0,20.0,Cc1nccc(N(C)C(C)CNC(=O)CCCn2cccn2)n1,0,C6762 Enamine:mRDB:Z9898710639 5.0mg @ 90% = €182.00 EUR (20 days) CC=1N=CC=C(N1)N(C)C(C)CNC(=O)CCCN2C=CC=N2
6774,1,364,5.0,121.0,20.0,CC(CNC(=O)c1cnc(C2CCCN2)nc1)n1cccn1,0,C6774 Enamine:sRDB:Z4448493686 5.0mg @ 90% = €121.00 EUR (20 days) CC(CNC(=O)C=1C=NC(=NC1)C2CCCN2)N3C=CC=N3
6950,1,589,5.0,182.0,20.0,CCCC(OCC)C(=O)NC1CCCN(Cc2cscn2)C1,0,C6950 Enamine:mRDB:Z9898710646 5.0mg @ 90% = €182.00 EUR (20 days) CCCC(OCC)C(=O)NC1CCCN(CC2=CSC=N2)C1
6960,1,590,5.0,182.0,20.0,CCCCC(=O)NCC1CCN(Cc2cscn2)CC1,0,C6960 Enamine:mRDB:Z9898710650 5.0mg @ 90% = €182.00 EUR (20 days) CCCCC(=O)NCC1CCN(CC2=CSC=N2)CC1
7126,1,585,5.0,182.0,20.0,CN(Cc1ncc[nH]1)C(=O)N1CCn2nc(C3CC3)cc2C1,0,C7126 Enamine:mRDB:Z4117608095 5.0mg @ 90% = €182.00 EUR (20 days) CN(CC1=NC=CN1)C(=O)N2CCN3N=C(C=C3C2)C4CC4
7133,1,217,5.0,121.0,20.0,O=C(CSCc1ncc[nH]1)N1CCn2ncc(CO)c2C1,0,C7133 Enamine:sRDB:Z2390070284 5.0mg @ 90% = €121.00 EUR (20 days) O=C(CSCC1=NC=CN1)N2CCN3N=CC(CO)=C3C2
7144,1,327,5.0,121.0,20.0,O=C(Nc1ccc(-c2ncc[nH]2)cc1)c1cnn2c1CNCC2,0,C7144 Enamine:sRDB:Z3872765201 5.0mg @ 90% = €121.00 EUR (20 days) O=C(NC=1C=CC(=CC1)C2=NC=CN2)C=3C=NN4CCNCC34
7211,1,,,,,C1CNC(CCCNC2CCC(C3CCNCC3)CC2)C1,0,
7401,1,75,5.0,121.0,20.0,Cc1nc2cc(NC(C)C)ccc2n1C,0,C7401 Enamine:sRDB:Z1612874481 5.0mg @ 90% = €121.00 EUR (20 days) CC1=NC=2C=C(C=CC2N1C)NC(C)C
7420,1,,,,,CC(C)Nc1nc2cc(F)ccc2n1C,0,
7474,1,221,5.0,121.0,20.0,CCc1csc(CC(=O)NCC2CCCNC2)n1,0,C7474 Enamine:sRDB:Z2446353159 5.0mg @ 90% = €121.00 EUR (20 days) CCC1=CSC(CC(=O)NCC2CCCNC2)=N1
7475,1,331,5.0,121.0,20.0,O=C(Cc1nc(-c2ccccc2)cs1)NCC1CCCNC1,0,C7475 Enamine:sRDB:Z4053217995 5.0mg @ 90% = €121.00 EUR (20 days) O=C(CC1=NC(=CS1)C=2C=CC=CC2)NCC3CCCNC3
7519,1,408,5.0,121.0,20.0,O=C(COc1ncnc2ccccc12)OCc1cncs1,0,C7519 Enamine:sRDB:Z9898710679 5.0mg @ 90% = €121.00 EUR (20 days) O=C(COC=1N=CN=C2C=CC=CC12)OCC3=CN=CS3
7556,1,,,,,Nc1ncc(CSc2ncnc3ccccc23)s1,0,
7561,1,522,5.0,182.0,20.0,O=C(Cc1cscn1)NC1CCN(c2ncnc3ccccc23)C1,0,C7561 Enamine:mRDB:Z9898710683 5.0mg @ 90% = €182.00 EUR (20 days) O=C(CC1=CSC=N1)NC2CCN(C2)C=3N=CN=C4C=CC=CC34
7563,1,16,5.0,50.0,10.0,c1ccc2c(N3CCOC(c4nccs4)C3)ncnc2c1,0,C7563 Enamine:HTS:Z991108092 5.0mg @ 90% = €50.00 EUR (10 days) C1=CSC(=N1)C2CN(CCO2)C=3N=CN=C4C=CC=CC34
7584,1,,,,,O=C1CC2C(CCN2c2ncc3ccccc3n2)N1Cc1cncs1,0,
7721,1,344,5.0,121.0,20.0,O=C(Cc1ccn(C2CCCC2)n1)NCCc1ncc[nH]1,0,C7721 Enamine:sRDB:Z4198550671 5.0mg @ 90% = €121.00 EUR (20 days) O=C(CC=1C=CN(N1)C2CCCC2)NCCC3=NC=CN3
7770,1,237,5.0,121.0,20.0,CN(Cc1c[nH]cn1)C(=O)Cn1cccn1,0,C7770 Enamine:sRDB:Z2642811622 5.0mg @ 90% = €121.00 EUR (20 days) CN(CC1=CNC=N1)C(=O)CN2C=CC=N2
7846,1,92,5.0,121.0,20.0,Cn1c(=O)[nH]c2ccc(C(=O)NCC3CCCNC3)cc21,0,C7846 Enamine:sRDB:Z2440025782 5.0mg @ 90% = €121.00 EUR (20 days) CN1C(=O)NC=2C=CC(=CC21)C(=O)NCC3CCCNC3
7984,1,167,5.0,121.0,20.0,CC(C)C(=O)NC1CCCN(C(=O)CCc2ccnc3ccccc23)C1,0,C7984 Enamine:sRDB:Z1233369382 5.0mg @ 90% = €121.00 EUR (20 days) CC(C)C(=O)NC1CCCN(C1)C(=O)CCC=2C=CN=C3C=CC=CC23
8017,1,591,5.0,182.0,20.0,O=C(CCCF)N1CCC(CNCc2cccc3cccnc23)CC1,0,C8017 Enamine:mRDB:Z9898710740 5.0mg @ 90% = €182.00 EUR (20 days) O=C(CCCF)N1CCC(CNCC=2C=CC=C3C=CC=NC23)CC1
8033,1,523,5.0,182.0,20.0,CC(NC(=O)CO)C1CCCCN1C(=O)c1cccc2cccnc12,0,C8033 Enamine:mRDB:Z9898710744 5.0mg @ 90% = €182.00 EUR (20 days) CC(NC(=O)CO)C1CCCCN1C(=O)C2=CC=CC3=CC=CN=C23
8072,1,247,5.0,121.0,20.0,O=C(NC1CCN(C2CCOCC2)CC1)c1cnc2ccccc2c1,0,C8072 Enamine:sRDB:Z2737271927 5.0mg @ 90% = €121.00 EUR (20 days) O=C(NC1CCN(CC1)C2CCOCC2)C=3C=NC=4C=CC=CC4C3
8113,1,157,5.0,121.0,20.0,CC(=O)NCc1ccc(C(=O)NCc2ncc[nH]2)o1,0,C8113 Enamine:sRDB:Z1204531682 5.0mg @ 90% = €121.00 EUR (20 days) CC(=O)NCC1=CC=C(O1)C(=O)NCC2=NC=CN2
8117,1,235,5.0,121.0,20.0,CC1NC(=O)CCC1CNC(=O)Cc1ncc[nH]1,0,C8117 Enamine:sRDB:Z2641532503 5.0mg @ 90% = €121.00 EUR (20 days) CC1NC(=O)CCC1CNC(=O)CC2=NC=CN2
8147,1,,,,,CC(C)c1ncc(C(=O)NCCN(C)C(=O)Cc2c[nH][nH]c2=O)s1,0,
8170,1,,,,,CCN(CCNC(=O)Cc1c[nH][nH]c1=O)C(=O)c1cncs1,0,
8188,1,292,5.0,121.0,20.0,O=c1cc(-c2cscn2)[nH][nH]1,0,C8188 Enamine:sRDB:Z3446884025 5.0mg @ 90% = €121.00 EUR (20 days) O=C1C=C(NN1)C2=CSC=N2
8326,1,,,,,c1ccc(-n2ccc3ccccc32)nc1,0,
8328,1,74,5.0,121.0,20.0,c1ccc(-c2cc3ccccc3[nH]2)nc1,0,C8328 Enamine:sRDB:Z1255372529 5.0mg @ 90% = €121.00 EUR (20 days) C1=C(NC=2C=CC=CC12)C=3C=CC=CN3
8333,1,524,5.0,182.0,20.0,CC(CNC(=O)c1ccc2[nH]ccc2c1)(NC(=O)c1ccccn1)C1CC1,0,C8333 Enamine:mRDB:Z9898710777 5.0mg @ 90% = €182.00 EUR (20 days) CC(CNC(=O)C=1C=CC=2NC=CC2C1)(NC(=O)C=3C=CC=CN3)C4CC4
8622,1,326,5.0,121.0,20.0,CC(C)(CO)NC(=O)c1ccnc2c(C(F)(F)F)cccc12,0,C8622 Enamine:sRDB:Z3845166041 5.0mg @ 90% = €121.00 EUR (20 days) CC(C)(CO)NC(=O)C=1C=CN=C2C(=CC=CC12)C(F)(F)F
8671,1,,,,,CC(C)CC(=O)N1Cc2ccnn2C(CC(=O)NCCc2cccs2)C1,0,
8707,1,297,5.0,121.0,20.0,CN(Cc1cnn2c1CNCC2)C(=O)c1ccc2[nH]cnc2c1,0,C8707 Enamine:sRDB:Z3505368302 5.0mg @ 90% = €121.00 EUR (20 days) CN(CC=1C=NN2CCNCC12)C(=O)C=3C=CC=4NC=NC4C3
8888,1,220,5.0,121.0,20.0,Cc1ncsc1CCS(=O)(=O)NC1CCNCC1,0,C8888 Enamine:sRDB:Z2442888465 5.0mg @ 90% = €121.00 EUR (20 days) CC=1N=CSC1CCS(=O)(=O)NC2CCNCC2
8907,1,252,5.0,121.0,20.0,O=C(NCCNc1ccccn1)c1csc(C2CCNCC2)n1,0,C8907 Enamine:sRDB:Z2783972803 5.0mg @ 90% = €121.00 EUR (20 days) O=C(NCCNC=1C=CC=CN1)C2=CSC(=N2)C3CCNCC3
9007,1,14,5.0,45.0,10.0,O=C(NCc1ccc(-n2cnc3ccccc32)nc1)c1ccc2[nH]cnc2c1,0,C9007 Enamine:Legacy:Z953115820 5.0mg @ 90% = €45.00 EUR (10 days) O=C(NCC=1C=CC(=NC1)N2C=NC=3C=CC=CC32)C=4C=CC=5NC=NC5C4
9038,1,214,5.0,121.0,20.0,Brc1ccc2c(NCC3CCCNC3)ncnc2c1,0,C9038 Enamine:sRDB:Z2368266950 5.0mg @ 90% = €121.00 EUR (20 days) BrC=1C=CC=2C(=NC=NC2C1)NCC3CCCNC3
9118,1,76,5.0,121.0,20.0,Cc1cc(N(C)C2CCCNC2)ccn1,0,C9118 Enamine:sRDB:Z1705828068 5.0mg @ 90% = €121.00 EUR (20 days) CC=1C=C(C=CN1)N(C)C2CCCNC2
9316,1,176,5.0,121.0,20.0,CS(=O)(=O)Cc1nc(Cn2cnc3ccccc32)cs1,0,C9316 Enamine:sRDB:Z1271501888 5.0mg @ 90% = €121.00 EUR (20 days) CS(=O)(=O)CC1=NC(=CS1)CN2C=NC=3C=CC=CC32
9337,1,138,5.0,121.0,20.0,Cc1csc(CNC(=O)CCn2cnc3ccccc32)n1,0,C9337 Enamine:sRDB:Z225896648 5.0mg @ 90% = €121.00 EUR (20 days) CC1=CSC(CNC(=O)CCN2C=NC=3C=CC=CC32)=N1
9452,1,495,5.0,182.0,20.0,CC(NC(=O)Cc1cccnc1)C1CCN(c2ncccn2)CC1,0,C9452 Enamine:mRDB:Z3723057965 5.0mg @ 90% = €182.00 EUR (20 days) CC(NC(=O)CC=1C=CC=NC1)C2CCN(CC2)C=3N=CC=CN3
9460,1,525,5.0,182.0,20.0,COCC(=O)N1CCC(C(C)NC(=O)Cc2cccnc2)CC1,0,C9460 Enamine:mRDB:Z9898710831 5.0mg @ 90% = €182.00 EUR (20 days) COCC(=O)N1CCC(CC1)C(C)NC(=O)CC2=CC=CN=C2
9461,1,526,5.0,182.0,20.0,CC(NC(=O)Cc1cccnc1)C1CCN(C(=O)CC#N)CC1,0,C9461 Enamine:mRDB:Z9898710836 5.0mg @ 90% = €182.00 EUR (20 days) CC(NC(=O)CC1=CC=CN=C1)C2CCN(CC2)C(=O)CC#N
9466,1,227,5.0,121.0,20.0,CC(=O)NC(C)C1CCN(C(=O)C(C)=Cc2cccnc2)CC1,0,C9466 Enamine:sRDB:Z2498072604 5.0mg @ 90% = €121.00 EUR (20 days) CC(=O)NC(C)C1CCN(CC1)C(=O)C(C)=CC2=CC=CN=C2
9546,1,20,5.0,50.0,10.0,c1cc(C2CCCCN2)ccn1,0,C9546 Enamine:HTS:Z1198160578 5.0mg @ 90% = €50.00 EUR (10 days) C1=CC(=CC=N1)C2CCCCN2
9558,1,306,5.0,121.0,20.0,CC(=O)NC(C)C1CCN(C(=O)C(C)Cc2ccncc2)CC1,0,C9558 Enamine:sRDB:Z3544822449 5.0mg @ 90% = €121.00 EUR (20 days) CC(=O)NC(C)C1CCN(CC1)C(=O)C(C)CC=2C=CN=CC2
9562,1,,,,,CC(NC(=O)C(c1ccncc1)C1CCCC1)C1CCNCC1,0,
9576,1,453,5.0,121.0,20.0,CC(C)C(CO)NC(=O)C1CCCN(C(=O)c2ccncc2)C1,0,C9576 Enamine:sRDB:Z3587136936 5.0mg @ 90% = €121.00 EUR (20 days) CC(C)[C@H](CO)NC(=O)C1CCCN(C1)C(=O)C=2C=CN=CC2
9579,1,171,5.0,121.0,20.0,CON=CC(=O)N1CCC(c2nc(-c3ccncc3)cs2)CC1,0,C9579 Enamine:sRDB:Z2163470830 5.0mg @ 90% = €121.00 EUR (20 days) CON=CC(=O)N1CCC(CC1)C2=NC(=CS2)C=3C=CN=CC3
9601,1,322,5.0,121.0,20.0,Cc1cnn2c1CN(CC(F)C1CCNCC1)CC2,0,C9601 Enamine:sRDB:Z3807861848 5.0mg @ 90% = €121.00 EUR (20 days) CC=1C=NN2CCN(CC(F)C3CCNCC3)CC12
9697,1,40,5.0,50.0,10.0,CC(C)(C(=O)N1CCC(c2c[nH]cn2)CC1)c1c[nH]cn1,0,C9697 Enamine:HTS:Z2658928965 5.0mg @ 90% = €50.00 EUR (10 days) CC(C)(C(=O)N1CCC(CC1)C2=CNC=N2)C3=CNC=N3
9739,1,,,,,CCC(=O)NC1(CNC(=O)CN2CCSC3CCCCC32)CC1,0,
9743,1,527,5.0,182.0,20.0,CCC(=O)NC1CCC(N(C)C(=O)Cc2n[nH]c(=O)s2)CC1,0,C9743 Enamine:mRDB:Z9898710882 5.0mg @ 90% = €182.00 EUR (20 days) CCC(=O)NC1CCC(CC1)N(C)C(=O)CC2=NNC(=O)S2
9815,1,528,5.0,182.0,20.0,CC(CCNC(=O)c1cccnc1)N(C)C(=O)c1cn(C)cn1,0,C9815 Enamine:mRDB:Z9898710886 5.0mg @ 90% = €182.00 EUR (20 days) CC(CCNC(=O)C1=CC=CN=C1)N(C)C(=O)C2=CN(C)C=N2
9828,1,,,,,CCC(=O)Nc1cnc[nH]1,0,
9884,1,474,5.0,182.0,20.0,Cn1cncc1CC(=O)NCCc1ccncc1,0,C9884 Enamine:mRDB:Z2111350041 5.0mg @ 90% = €182.00 EUR (20 days) CN1C=NC=C1CC(=O)NCCC=2C=CN=CC2
9898,1,228,5.0,121.0,20.0,COC(=O)C(Cc1ccncc1)NC(=O)c1c[nH]c(C2CC2)n1,0,C9898 Enamine:sRDB:Z2499707448 5.0mg @ 90% = €121.00 EUR (20 days) COC(=O)C(CC=1C=CN=CC1)NC(=O)C2=CNC(=N2)C3CC3
9911,1,409,5.0,121.0,20.0,O=C(NC(CO)Cc1ccncc1)c1cncc(-n2ccnc2)n1,0,C9911 Enamine:sRDB:Z9898710900 5.0mg @ 90% = €121.00 EUR (20 days) O=C(NC(CO)CC=1C=CN=CC1)C=2C=NC=C(N2)N3C=CN=C3
9946,1,3,5.0,45.0,10.0,c1cc(C2CCNCC2)c2cc[nH]c2c1,0,C9946 Enamine:Legacy:Z1509307694 5.0mg @ 90% = €45.00 EUR (10 days) C1=CC=2C(=CC=CC2N1)C3CCNCC3
9994,1,529,5.0,182.0,20.0,CCCN(CCNC(=O)c1cccnc1)C(=O)Cc1cncnc1,0,C9994 Enamine:mRDB:Z9898710902 5.0mg @ 90% = €182.00 EUR (20 days) CCCN(CCNC(=O)C=1C=CC=NC1)C(=O)CC=2C=NC=NC2
9996,1,,,,,CN(c1cccnc1)c1cc(NCCCO)ncn1,0,
9997,1,482,5.0,182.0,20.0,OCCCNc1cc(NCc2cccnc2)ncn1,0,C9997 Enamine:mRDB:Z2751359947 5.0mg @ 90% = €182.00 EUR (20 days) OCCCNC=1C=C(N=CN1)NCC=2C=CC=NC2
10022,1,,,,,O=C(NCCCn1ncc2ccccc21)c1cnc(-c2cccnc2)nc1,0,
10062,1,373,5.0,121.0,20.0,O=C(CCC(=O)c1ccncc1)NC1CCCN(c2ncccn2)C1,0,C10062 Enamine:sRDB:Z4768404537 5.0mg @ 90% = €121.00 EUR (20 days) O=C(CCC(=O)C=1C=CN=CC1)NC2CCCN(C2)C=3N=CC=CN3
10065,1,290,5.0,121.0,20.0,O=C(CCc1cncnc1)N1CCCC(c2ccncc2)CC1,0,C10065 Enamine:sRDB:Z3365572019 5.0mg @ 90% = €121.00 EUR (20 days) O=C(CCC=1C=NC=NC1)N2CCCC(CC2)C=3C=CN=CC3
10072,1,352,5.0,121.0,20.0,CN(CCC(=O)N1CCN(c2ncccn2)C(=O)C1)c1ccncc1,0,C10072 Enamine:sRDB:Z4239555797 5.0mg @ 90% = €121.00 EUR (20 days) CN(CCC(=O)N1CCN(C(=O)C1)C=2N=CC=CN2)C=3C=CN=CC3
10165,1,293,5.0,121.0,20.0,Cn1ccnc1CCNS(=O)(=O)c1cnn2c1CNCC2,0,C10165 Enamine:sRDB:Z3407943794 5.0mg @ 90% = €121.00 EUR (20 days) CN1C=CN=C1CCNS(=O)(=O)C=2C=NN3CCNCC23
10166,1,284,5.0,121.0,20.0,Cn1ccnc1C(NC(=O)c1cnn2c1CNCC2)C(F)(F)F,0,C10166 Enamine:sRDB:Z3145418294 5.0mg @ 90% = €121.00 EUR (20 days) CN1C=CN=C1C(NC(=O)C=2C=NN3CCNCC23)C(F)(F)F
10180,1,150,5.0,121.0,20.0,COC(=O)COc1ccc(NC(=O)c2cscn2)c2cccnc12,0,C10180 Enamine:sRDB:Z1450387924 5.0mg @ 90% = €121.00 EUR (20 days) COC(=O)COC=1C=CC(NC(=O)C2=CSC=N2)=C3C=CC=NC13
10191,1,378,5.0,121.0,20.0,COc1ccc2cccnc2c1CNC(=O)Cc1cscn1,0,C10191 Enamine:sRDB:Z7692978013 5.0mg @ 90% = €121.00 EUR (20 days) COC=1C=CC=2C=CC=NC2C1CNC(=O)CC3=CSC=N3
10247,1,,,,,Cc1ccc2c(Br)ccc(OC(C)C(N)=O)c2n1,0,
10351,1,,,,,CCC(OC(=O)c1c(OC)ccc2cccnc12)c1cccnc1,0,
10365,1,410,5.0,121.0,20.0,COc1cc(NC(=O)c2cn3ccccc3n2)c2ccccc2n1,0,C10365 Enamine:sRDB:Z9898710958 5.0mg @ 90% = €121.00 EUR (20 days) COC=1C=C(NC(=O)C2=CN3C=CC=CC3=N2)C=4C=CC=CC4N1
10371,1,8,5.0,45.0,10.0,O=C(Cc1cn2ccccc2n1)NNC(=O)c1ccc2ccccc2n1,0,C10371 Enamine:Legacy:Z332750874 5.0mg @ 90% = €45.00 EUR (10 days) O=C(CC1=CN2C=CC=CC2=N1)NNC(=O)C=3C=CC=4C=CC=CC4N3
10394,1,143,5.0,121.0,20.0,OCc1cc2ccccc2nc1NCCc1cn2ccccc2n1,0,C10394 Enamine:sRDB:Z1172216489 5.0mg @ 90% = €121.00 EUR (20 days) OCC=1C=C2C=CC=CC2=NC1NCCC3=CN4C=CC=CC4=N3
10430,1,203,5.0,121.0,20.0,c1cc(-c2ccncc2)c2cccnc2c1,0,C10430 Enamine:sRDB:Z2466256860 5.0mg @ 90% = €121.00 EUR (20 days) C=1C=NC=2C=CC=C(C=3C=CN=CC3)C2C1
10474,1,108,5.0,121.0,20.0,COc1cnc2ccccc2c1C(=O)N(C)Cc1ccncc1,0,C10474 Enamine:sRDB:Z2018070854 5.0mg @ 90% = €121.00 EUR (20 days) COC=1C=NC=2C=CC=CC2C1C(=O)N(C)CC=3C=CN=CC3
10523,1,,,,,CCOC(=O)Cc1cnc(N(C)C(=O)c2ccc3ccccc3n2)s1,0,
10581,1,530,5.0,182.0,20.0,COC(C(=O)N1CCC1CNC(=O)Cc1cscn1)C(C)C,0,C10581 Enamine:mRDB:Z9898710981 5.0mg @ 90% = €182.00 EUR (20 days) COC(C(=O)N1CCC1CNC(=O)CC2=CSC=N2)C(C)C
10692,1,34,5.0,50.0,10.0,O=C(Nc1ccc2[nH]ccc2c1)N1CCC(N2CCCC2)CC1,0,C10692 Enamine:HTS:Z1122721948 5.0mg @ 90% = €50.00 EUR (10 days) O=C(NC1=CC=C2NC=CC2=C1)N3CCC(CC3)N4CCCC4
10728,1,142,5.0,121.0,20.0,CC(NC(=O)CCCn1cnc2ccccc21)c1ccccn1,0,C10728 Enamine:sRDB:Z463625138 5.0mg @ 90% = €121.00 EUR (20 days) CC(NC(=O)CCCN1C=NC=2C=CC=CC21)C=3C=CC=CN3
10765,1,102,5.0,121.0,20.0,O=C(Nc1nc2ccccc2n1-c1ccccc1)c1ccccn1,0,C10765 Enamine:sRDB:Z511607212 5.0mg @ 90% = €121.00 EUR (20 days) O=C(NC1=NC=2C=CC=CC2N1C=3C=CC=CC3)C=4C=CC=CN4
10838,1,28,5.0,50.0,10.0,c1cncc(-c2nc(N3CCOCC3)c3ccccc3n2)c1,0,C10838 Enamine:HTS:Z31211593 5.0mg @ 90% = €50.00 EUR (10 days) C1=CC(=CN=C1)C=2N=C(C=3C=CC=CC3N2)N4CCOCC4
11118,1,531,5.0,182.0,20.0,CC(=O)NCc1cn(CC(=O)NC(C)c2ccncc2)nn1,0,C11118 Enamine:mRDB:Z9898710991 5.0mg @ 90% = €182.00 EUR (20 days) CC(=O)NCC1=CN(CC(=O)NC(C)C=2C=CN=CC2)N=N1
11169,1,65,5.0,121.0,20.0,CC(C)Nc1cccc2cc[nH]c12,0,C11169 Enamine:sRDB:Z1728826271 5.0mg @ 90% = €121.00 EUR (20 days) CC(C)NC=1C=CC=C2C=CNC12
11231,1,,,,,c1cc(CCCN2CC3CCC(C2)N3C2CCNCC2)ccn1,0,
11245,1,216,5.0,121.0,20.0,O=C(NC1CCNCC1)c1ccnc(C2CC2)c1,0,C11245 Enamine:sRDB:Z2439803193 5.0mg @ 90% = €121.00 EUR (20 days) O=C(NC1CCNCC1)C=2C=CN=C(C2)C3CC3
11345,1,99,5.0,121.0,20.0,CCN(Cc1ccncc1)C(=O)CCc1c[nH]c2ccccc12,0,C11345 Enamine:sRDB:Z68221745 5.0mg @ 90% = €121.00 EUR (20 days) CCN(CC=1C=CN=CC1)C(=O)CCC2=CNC=3C=CC=CC23
11370,1,33,5.0,50.0,10.0,O=C(Cc1c[nH]c2ccccc12)NCc1ccc(N2CCCC2)nc1,0,C11370 Enamine:HTS:Z333653378 5.0mg @ 90% = €50.00 EUR (10 days) O=C(CC1=CNC=2C=CC=CC12)NCC=3C=CC(=NC3)N4CCCC4
11375,1,144,5.0,121.0,20.0,O=C(Cc1ccc(Cl)nc1)NNC(=O)c1c[nH]c2ccccc12,0,C11375 Enamine:sRDB:Z1173842224 5.0mg @ 90% = €121.00 EUR (20 days) O=C(CC=1C=CC(Cl)=NC1)NNC(=O)C2=CNC=3C=CC=CC23
11558,1,532,5.0,182.0,20.0,CCC(=O)N1CCC(N(CC)C(=O)c2cnc3[nH]ncc3c2)CC1,0,C11558 Enamine:mRDB:Z9898711031 5.0mg @ 90% = €182.00 EUR (20 days) CCC(=O)N1CCC(CC1)N(CC)C(=O)C=2C=NC=3NN=CC3C2
11818,1,,,,,CC(CN)c1nc2cc(N)ccc2n1C(C)C(=O)O,0,
11823,1,,,,,CC(CN)c1nc2ccc(Br)cc2[nH]1,0,
11833,1,,,,,CC(CN)c1nc2cc(N)ccc2n1CCCN,0,
12342,1,230,5.0,121.0,20.0,CC(=O)NCc1ccc(CNCc2cncs2)cc1,0,C12342 Enamine:sRDB:Z2590434277 5.0mg @ 90% = €121.00 EUR (20 days) CC(=O)NCC=1C=CC(=CC1)CNCC2=CN=CS2
12439,1,226,5.0,121.0,20.0,COc1ccc2cccc(NC(=O)NCCC3CCNCC3)c2n1,0,C12439 Enamine:sRDB:Z2483711327 5.0mg @ 90% = €121.00 EUR (20 days) COC=1C=CC2=CC=CC(NC(=O)NCCC3CCNCC3)=C2N1
12461,1,,,,,O=C(NCCc1nc2ccccc2[nH]1)C(c1cccnc1)N1CCOCC1,0,
12612,1,,,,,CC(CN)c1csc(N(C)C(C)C)n1,0,
12771,1,,,,,CCC(CNC(=O)c1nccs1)NC(=O)Cn1cccn1,0,
12880,1,96,5.0,121.0,20.0,O=C(Nc1ccc(Cl)c2ncccc12)c1cccs1,0,C12880 Enamine:sRDB:Z288632058 5.0mg @ 90% = €121.00 EUR (20 days) O=C(NC=1C=CC(Cl)=C2N=CC=CC12)C3=CC=CS3
12922,1,257,5.0,121.0,20.0,CC(=O)NCC1CCCCN1C(=O)c1ccc2c(c1)CNC2,0,C12922 Enamine:sRDB:Z2827435345 5.0mg @ 90% = €121.00 EUR (20 days) CC(=O)NCC1CCCCN1C(=O)C=2C=CC=3CNCC3C2
12944,1,303,5.0,121.0,20.0,Cc1nnnn1CC(=O)NCc1ccc2c(c1)CNC2,0,C12944 Enamine:sRDB:Z3516246290 5.0mg @ 90% = €121.00 EUR (20 days) CC1=NN=NN1CC(=O)NCC=2C=CC=3CNCC3C2
13011,1,358,5.0,121.0,20.0,CC(C)c1cccc(NC(=O)NCC(C)c2ccccn2)n1,0,C13011 Enamine:sRDB:Z4345331314 5.0mg @ 90% = €121.00 EUR (20 days) CC(C)C=1C=CC=C(N1)NC(=O)NCC(C)C=2C=CC=CN2
13018,1,463,5.0,121.0,20.0,CCC(NC(=O)Nc1ccc(Br)cn1)c1ccccn1,0,C13018 Enamine:sRDB:Z9898767840 5.0mg @ 90% = €121.00 EUR (20 days) CC[C@@H](NC(=O)NC=1C=CC(Br)=CN1)C=2C=CC=CN2
13030,1,52,5.0,121.0,20.0,CC(C)Cc1ccnc(NC(=O)NCC(C)c2ccccn2)c1,0,C13030 Enamine:sRDB:Z9898711062 5.0mg @ 90% = €121.00 EUR (20 days) CC(C)CC=1C=CN=C(C1)NC(=O)NCC(C)C=2C=CC=CN2
13043,1,234,5.0,121.0,20.0,O=C(c1ccc(-c2ccccn2)nc1)N1CC2(CCC2)C1,0,C13043 Enamine:sRDB:Z2633973989 5.0mg @ 90% = €121.00 EUR (20 days) O=C(C=1C=CC(=NC1)C=2C=CC=CN2)N3CC4(CCC4)C3
13044,1,361,5.0,121.0,20.0,O=C(NC(c1cccnc1)c1ccccn1)N1CC2(CCC2)C1,0,C13044 Enamine:sRDB:Z4431668300 5.0mg @ 90% = €121.00 EUR (20 days) O=C(NC(C=1C=CC=NC1)C=2C=CC=CN2)N3CC4(CCC4)C3
13046,1,,,,,O=C1CCCC2=C1C(c1ccncc1)n1nc(SCc3ccccn3)nc1N2,0,
13057,1,185,5.0,121.0,20.0,CN(C(=O)c1ccc2nc(C(F)(F)F)cn2c1)c1ccccn1,0,C13057 Enamine:sRDB:Z1715631045 5.0mg @ 90% = €121.00 EUR (20 days) CN(C(=O)C=1C=CC2=NC(=CN2C1)C(F)(F)F)C=3C=CC=CN3
13096,1,533,5.0,182.0,20.0,CN(C(=O)c1ccccn1)C(CNC(=O)c1cn2ccccc2n1)C1CC1,0,C13096 Enamine:mRDB:Z9898711079 5.0mg @ 90% = €182.00 EUR (20 days) CN(C(=O)C=1C=CC=CN1)C(CNC(=O)C2=CN3C=CC=CC3=N2)C4CC4
13195,1,47,5.0,78.0,10.0,CSCCCC(=O)N1CCN(C)C(c2ncc[nH]2)C1,0,C13195 Enamine:Advanced:Z1757099937 5.0mg @ 90% = €78.00 EUR (10 days) CSCCCC(=O)N1CCN(C)C(C1)C2=NC=CN2
13206,1,493,5.0,182.0,20.0,CC(C)(C(=O)N1CCN(CCOCCO)CC1)c1c[nH]cn1,0,C13206 Enamine:mRDB:Z3614523022 5.0mg @ 90% = €182.00 EUR (20 days) CC(C)(C(=O)N1CCN(CCOCCO)CC1)C2=CNC=N2
13296,1,105,5.0,121.0,20.0,O=C(c1ccc2ncsc2c1)N1CCNC(c2cccnc2)C1,0,C13296 Enamine:sRDB:Z2003983090 5.0mg @ 90% = €121.00 EUR (20 days) O=C(C=1C=CC=2N=CSC2C1)N3CCNC(C3)C=4C=CC=NC4
13322,1,534,5.0,182.0,20.0,CC(CNc1nc2ccccc2s1)NC(=O)COc1cccnc1,0,C13322 Enamine:mRDB:Z9898711092 5.0mg @ 90% = €182.00 EUR (20 days) CC(CNC1=NC=2C=CC=CC2S1)NC(=O)COC=3C=NC=CC3
13324,1,124,5.0,121.0,20.0,O=C(Nc1nc2c(Cl)cccc2s1)c1cccnc1,0,C13324 Enamine:sRDB:Z57607092 5.0mg @ 90% = €121.00 EUR (20 days) O=C(NC1=NC=2C(Cl)=CC=CC2S1)C=3C=CC=NC3
13330,1,198,5.0,121.0,20.0,CC(C)C(C(=O)Nc1nc2ccc(F)cc2s1)c1cccnc1,0,C13330 Enamine:sRDB:Z1975790553 5.0mg @ 90% = €121.00 EUR (20 days) CC(C)C(C(=O)NC1=NC=2C=CC(F)=CC2S1)C=3C=CC=NC3
13423,1,411,5.0,121.0,20.0,CN(C(=O)c1ccncc1)c1nc2c(Cl)cccc2s1,0,C13423 Enamine:sRDB:Z9898711100 5.0mg @ 90% = €121.00 EUR (20 days) CN(C(=O)C=1C=CN=CC1)C2=NC=3C(Cl)=CC=CC3S2
13551,1,535,5.0,182.0,20.0,COCC(=O)NC1CCCC1CNC(=O)CCc1ncc[nH]1,0,C13551 Enamine:mRDB:Z9898711103 5.0mg @ 90% = €182.00 EUR (20 days) COCC(=O)NC1CCCC1CNC(=O)CCC2=NC=CN2
13694,1,104,5.0,121.0,20.0,CSCCC(NC(=O)NCCc1nc2ccccc2[nH]1)c1nnc2ccccn12,0,C13694 Enamine:sRDB:Z488774168 5.0mg @ 90% = €121.00 EUR (20 days) CSCCC(NC(=O)NCCC1=NC=2C=CC=CC2N1)C3=NN=C4C=CC=CN34
13732,1,,,,,CC(CN)N1Cc2cccc(N)c2C1,0,
13764,1,,,,,Clc1cc(N2CCNCC2)c2nnc(C3CC3)n2c1,0,
13804,1,100,5.0,121.0,20.0,CCC(C(=O)Nc1cnn(C2CCNCC2)c1)c1ccccc1,0,C13804 Enamine:sRDB:Z1203021068 5.0mg @ 90% = €121.00 EUR (20 days) CCC(C(=O)NC=1C=NN(C1)C2CCNCC2)C=3C=CC=CC3
13853,1,412,5.0,121.0,20.0,COc1ccc2c(C(=O)NC(C)c3ncc[nH]3)ccnc2c1,0,C13853 Enamine:sRDB:Z9898711128 5.0mg @ 90% = €121.00 EUR (20 days) COC=1C=CC=2C(=CC=NC2C1)C(=O)NC(C)C3=NC=CN3
13857,1,413,5.0,121.0,20.0,OCC(NCc1ccnc2c(Br)cccc12)c1ncc[nH]1,0,C13857 Enamine:sRDB:Z9898711133 5.0mg @ 90% = €121.00 EUR (20 days) OCC(NCC=1C=CN=C2C(Br)=CC=CC12)C3=NC=CN3
13863,1,414,5.0,121.0,20.0,COc1cnc2ccccc2c1C(=O)N(C)c1ncc[nH]1,0,C13863 Enamine:sRDB:Z9898711137 5.0mg @ 90% = €121.00 EUR (20 days) COC=1C=NC=2C=CC=CC2C1C(=O)N(C)C3=NC=CN3
13867,1,415,5.0,121.0,20.0,Nc1nc2ccccc2cc1C(=O)NCCc1ncc[nH]1,0,C13867 Enamine:sRDB:Z9898711142 5.0mg @ 90% = €121.00 EUR (20 days) NC=1N=C2C=CC=CC2=CC1C(=O)NCCC3=NC=CN3
13880,1,416,5.0,121.0,20.0,COc1nc2ccccc2cc1CS(=O)(=O)c1ncc[nH]1,0,C13880 Enamine:sRDB:Z9898711147 5.0mg @ 90% = €121.00 EUR (20 days) COC=1N=C2C=CC=CC2=CC1CS(=O)(=O)C3=NC=CN3
13903,1,37,5.0,50.0,10.0,O=C(NCCc1c[nH]cn1)c1cc(-c2ccccc2)nc2ccccc12,0,C13903 Enamine:HTS:Z1204646475 5.0mg @ 90% = €50.00 EUR (10 days) O=C(NCCC1=CNC=N1)C=2C=C(N=C3C=CC=CC23)C=4C=CC=CC4
13921,1,188,5.0,121.0,20.0,Cc1ccc2cccc(NC(=O)C=Cc3c[nH]cn3)c2n1,0,C13921 Enamine:sRDB:Z1836073318 5.0mg @ 90% = €121.00 EUR (20 days) CC=1C=CC=2C=CC=C(NC(=O)C=CC3=CNC=N3)C2N1
13957,1,367,5.0,121.0,20.0,FCCCC1CCN(c2ccnc(-c3ccccn3)n2)CC1,0,C13957 Enamine:sRDB:Z4575941813 5.0mg @ 90% = €121.00 EUR (20 days) FCCCC1CCN(CC1)C=2C=CN=C(N2)C=3C=CC=CN3
13977,1,248,5.0,121.0,20.0,O=C(O)CCCNC(=O)c1cnc(-c2ccccn2)nc1,0,C13977 Enamine:sRDB:Z2737386998 5.0mg @ 90% = €121.00 EUR (20 days) O=C(O)CCCNC(=O)C=1C=NC(=NC1)C=2C=CC=CN2
14036,1,477,5.0,182.0,20.0,COCC(=O)Nc1ccc(-c2noc(-c3ccn[nH]3)n2)cc1,0,C14036 Enamine:mRDB:Z1890123946 5.0mg @ 90% = €182.00 EUR (20 days) COCC(=O)NC=1C=CC(=CC1)C2=NOC(=N2)C3=CC=NN3
14109,1,592,5.0,182.0,20.0,CN(CCNC(=O)c1ccn(C2CCCC2)n1)Cc1cscn1,0,C14109 Enamine:mRDB:Z9898711168 5.0mg @ 90% = €182.00 EUR (20 days) CN(CCNC(=O)C=1C=CN(N1)C2CCCC2)CC3=CSC=N3
14145,1,,,,,CC(NCc1cscn1)C(C)NC(=O)c1ccnn1C1CCCC1,0,
14273,1,110,5.0,121.0,20.0,Fc1ccc(C2CCCCN2c2ncnc3ccccc23)nc1,0,C14273 Enamine:sRDB:Z2218240062 5.0mg @ 90% = €121.00 EUR (20 days) FC=1C=CC(=NC1)C2CCCCN2C=3N=CN=C4C=CC=CC34
14500,1,536,5.0,182.0,20.0,COCC(=O)NC1(CNC(C)=O)CCCCC1C,0,C14500 Enamine:mRDB:Z9898711179 5.0mg @ 90% = €182.00 EUR (20 days) COCC(=O)NC1(CNC(C)=O)CCCCC1C
14536,1,,,,,CC1c2ccccc2CN1C(=O)C(C)(C)c1cncnc1,0,
14548,1,,,,,c1ccc2c(c1)CN(Cc1cnc(-c3cncnc3)nc1)C2,0,
14550,1,281,5.0,121.0,20.0,CCC1c2ccccc2CN1C(=O)C(=O)Nc1cncnc1,0,C14550 Enamine:sRDB:Z3081879079 5.0mg @ 90% = €121.00 EUR (20 days) CCC1C=2C=CC=CC2CN1C(=O)C(=O)NC=3C=NC=NC3
14573,1,,,,,CC(C)(C(=O)N1Cc2cccc(F)c2C1)c1ccncn1,0,
14578,1,383,5.0,121.0,20.0,O=C(c1ccncn1)N1Cc2ccc(Cl)cc2C1,0,C14578 Enamine:sRDB:Z8532375569 5.0mg @ 90% = €121.00 EUR (20 days) O=C(C=1C=CN=CN1)N2CC=3C=CC(Cl)=CC3C2
14680,1,233,5.0,121.0,20.0,CC(C)n1c(=O)[nH]c2ccc(C(=O)NCCc3cscn3)cc21,0,C14680 Enamine:sRDB:Z2628307007 5.0mg @ 90% = €121.00 EUR (20 days) CC(C)N1C(=O)NC=2C=CC(=CC21)C(=O)NCCC3=CSC=N3
14716,1,375,5.0,121.0,20.0,CC(=O)NCC1CCCN1C(=O)c1cccc2[nH]ccc12,0,C14716 Enamine:sRDB:Z6104068565 5.0mg @ 90% = €121.00 EUR (20 days) CC(=O)NCC1CCCN1C(=O)C=2C=CC=C3NC=CC23
14892,1,417,5.0,121.0,20.0,O=C(Nc1ccc2c(c1)CNC2)NC1CCCN(CCO)C1=O,0,C14892 Enamine:sRDB:Z9898711244 5.0mg @ 90% = €121.00 EUR (20 days) O=C(NC1=CC=C2CNCC2=C1)NC3CCCN(CCO)C3=O
14910,1,,,,,COCC(=O)NC1C2CC1CN(C(=O)CCc1cncs1)C2,0,
14982,1,357,5.0,121.0,20.0,O=C(CCN1CCNCC1)NCc1nc(-c2ccccn2)n[nH]1,0,C14982 Enamine:sRDB:Z4317341536 5.0mg @ 90% = €121.00 EUR (20 days) O=C(CCN1CCNCC1)NCC2=NC(=NN2)C=3C=CC=CN3
15195,1,97,5.0,121.0,20.0,Cc1ccc(NC(=O)C2CCCNC2)c2cccnc12,0,C15195 Enamine:sRDB:Z445482886 5.0mg @ 90% = €121.00 EUR (20 days) CC=1C=CC(NC(=O)C2CCCNC2)=C3C=CC=NC13
15238,1,299,5.0,121.0,20.0,COc1ccc2cc(C(=O)NCC3CCCNC3)ccc2n1,0,C15238 Enamine:sRDB:Z3510488636 5.0mg @ 90% = €121.00 EUR (20 days) COC=1C=CC=2C=C(C=CC2N1)C(=O)NCC3CCCNC3
15239,1,212,5.0,121.0,20.0,COc1nc2ccccc2cc1CNC1CCCNC1,0,C15239 Enamine:sRDB:Z2354502323 5.0mg @ 90% = €121.00 EUR (20 days) COC1=NC=2C=CC=CC2C=C1CNC3CCCNC3
15241,1,,,,,COc1nc2ccccc2cc1C(C)C1CCCNC1,0,
15313,1,27,5.0,50.0,10.0,Cc1cccn2cc(CC(=O)NCCc3cccc4cccnc34)nc12,0,C15313 Enamine:HTS:Z992184280 5.0mg @ 90% = €50.00 EUR (10 days) CC1=CC=CN2C=C(CC(=O)NCCC=3C=CC=C4C=CC=NC34)N=C12
15322,1,26,5.0,50.0,10.0,O=[N+]([O-])c1c(NCCc2cccc3cccnc23)nc2ccccn12,0,C15322 Enamine:HTS:Z238656936 5.0mg @ 90% = €50.00 EUR (10 days) [O-][N+](=O)C1=C(N=C2C=CC=CN12)NCCC3=CC=CC4=CC=CN=C34
15347,1,,,,,Cn1ccc2ccc(C(=O)NCCOc3cccc4cccnc34)cc21,0,
15412,1,141,5.0,121.0,20.0,c1ccc2nc(-c3nc(-c4ccc(-n5cnc6ccccc65)nc4)no3)ccc2c1,0,C15412 Enamine:sRDB:Z1170163550 5.0mg @ 90% = €121.00 EUR (20 days) C1=NC=2C=CC=CC2N1C=3C=CC(=CN3)C4=NOC(=N4)C=5C=CC=6C=CC=CC6N5
15448,1,418,5.0,121.0,20.0,O=C(O)c1cccc2c1CN(Cc1cccc3ncccc13)C2,0,C15448 Enamine:sRDB:Z9898711273 5.0mg @ 90% = €121.00 EUR (20 days) O=C(O)C=1C=CC=C2CN(CC=3C=CC=C4N=CC=CC34)CC12
15459,1,254,5.0,121.0,20.0,CN(C)CCn1c(=O)[nH]c2ccc(C(=O)NCc3ncc[nH]3)cc21,0,C15459 Enamine:sRDB:Z2799926441 5.0mg @ 90% = €121.00 EUR (20 days) CN(C)CCN1C(=O)NC2=CC=C(C=C21)C(=O)NCC3=NC=CN3
15515,1,191,5.0,121.0,20.0,O=c1[nH]c2ccccc2n1CCNS(=O)(=O)c1c[nH]cn1,0,C15515 Enamine:sRDB:Z1365869470 5.0mg @ 90% = €121.00 EUR (20 days) O=C1NC=2C=CC=CC2N1CCNS(=O)(=O)C3=CNC=N3
15530,1,492,5.0,182.0,20.0,CC(=O)NCC1CCNC(=O)C1,0,C15530 Enamine:mRDB:Z3559975746 5.0mg @ 90% = €182.00 EUR (20 days) CC(=O)NCC1CCNC(=O)C1
15616,1,11,5.0,45.0,10.0,CC(CNC(=O)c1cccnc1S)N1CCc2sccc2C1,0,C15616 Enamine:Legacy:Z372849146 5.0mg @ 90% = €45.00 EUR (10 days) CC(CNC(=O)C1=CC=CN=C1S)N2CCC=3SC=CC3C2
15670,1,109,5.0,121.0,20.0,CCC(C)C(=O)NCC(=O)N1CCCC(n2cccn2)C1,0,C15670 Enamine:sRDB:Z1023979654 5.0mg @ 90% = €121.00 EUR (20 days) CCC(C)C(=O)NCC(=O)N1CCCC(C1)N2C=CC=N2
15684,1,593,5.0,182.0,20.0,CCC(CN1CCC(C(C)NC(=O)Cn2cccn2)CC1)OC,0,C15684 Enamine:mRDB:Z9898711333 5.0mg @ 90% = €182.00 EUR (20 days) CCC(CN1CCC(CC1)C(C)NC(=O)CN2C=CC=N2)OC
15701,1,537,5.0,182.0,20.0,CCCC(CC)C(=O)N1CCC(C(C)NC(=O)Cn2cccn2)CC1,0,C15701 Enamine:mRDB:Z9898711335 5.0mg @ 90% = €182.00 EUR (20 days) CCCC(CC)C(=O)N1CCC(CC1)C(C)NC(=O)CN2C=CC=N2
15706,1,538,5.0,182.0,20.0,CC(C)CC(=O)N1CCC(C(C)NC(=O)Cn2cccn2)CC1,0,C15706 Enamine:mRDB:Z9898711352 5.0mg @ 90% = €182.00 EUR (20 days) CC(C)CC(=O)N1CCC(CC1)C(C)NC(=O)CN2C=CC=N2
15765,1,539,5.0,182.0,20.0,CCCN(C)CC(=O)NC1CCCN(C(=O)Cc2cn[nH]c2)C1,0,C15765 Enamine:mRDB:Z9898711354 5.0mg @ 90% = €182.00 EUR (20 days) CCCN(C)CC(=O)NC1CCCN(C1)C(=O)CC=2C=NNC2
15858,1,419,5.0,121.0,20.0,O=C(O)c1ccc2c(c1)CN(Cc1ccc3cccnc3c1)C2,0,C15858 Enamine:sRDB:Z9898711357 5.0mg @ 90% = €121.00 EUR (20 days) O=C(O)C=1C=CC=2CN(CC=3C=CC=4C=CC=NC4C3)CC2C1
15872,1,,,,,Cc1ccc(C)c2c1CC(=O)N2C1CCNCC1,0,
15916,1,302,5.0,121.0,20.0,O=C(NCCN1Cc2ccccc2C1)C(F)C1CCNCC1,0,C15916 Enamine:sRDB:Z3515487228 5.0mg @ 90% = €121.00 EUR (20 days) O=C(NCCN1CC=2C=CC=CC2C1)C(F)C3CCNCC3
15917,1,229,5.0,121.0,20.0,N#Cc1ccc2c(c1)CN(C(=O)NCC1CCNCC1)C2,0,C15917 Enamine:sRDB:Z2505123236 5.0mg @ 90% = €121.00 EUR (20 days) N#CC=1C=CC=2CN(CC2C1)C(=O)NCC3CCNCC3
16128,1,486,5.0,182.0,20.0,O=C(C1C=CCC1)N1CCCC(N2CCNCC2)C1,0,C16128 Enamine:mRDB:Z3380118147 5.0mg @ 90% = €182.00 EUR (20 days) O=C(C1C=CCC1)N2CCCC(C2)N3CCNCC3
16262,1,256,5.0,121.0,20.0,CN(C)CCn1c(=O)[nH]c2ccc(C(=O)NCC3CCNCC3)cc21,0,C16262 Enamine:sRDB:Z2824492491 5.0mg @ 90% = €121.00 EUR (20 days) CN(C)CCN1C(=O)NC2=CC=C(C=C21)C(=O)NCC3CCNCC3
16770,1,163,5.0,121.0,20.0,Cc1csc(C(C)(C)NC(=O)Nc2ccc3scnc3c2)n1,0,C16770 Enamine:sRDB:Z1219180188 5.0mg @ 90% = €121.00 EUR (20 days) CC1=CSC(=N1)C(C)(C)NC(=O)NC=2C=CC=3SC=NC3C2
16930,1,121,5.0,121.0,20.0,O=C(c1ccc2ccccc2n1)N1CCN(c2ccc3ccccc3n2)CC1,0,C16930 Enamine:sRDB:Z397589774 5.0mg @ 90% = €121.00 EUR (20 days) O=C(C=1C=CC=2C=CC=CC2N1)N3CCN(CC3)C=4C=CC=5C=CC=CC5N4
16956,1,174,5.0,121.0,20.0,CN(C(=O)c1ccc2ccccc2n1)c1ccc2ccccc2n1,0,C16956 Enamine:sRDB:Z1264602043 5.0mg @ 90% = €121.00 EUR (20 days) CN(C(=O)C=1C=CC=2C=CC=CC2N1)C=3C=CC=4C=CC=CC4N3
16969,1,130,5.0,121.0,20.0,Cc1cc(NC(=O)c2ccnc3ccccc23)c2ncccc2c1,0,C16969 Enamine:sRDB:Z1568063264 5.0mg @ 90% = €121.00 EUR (20 days) CC1=CC(NC(=O)C=2C=CN=C3C=CC=CC23)=C4N=CC=CC4=C1
17079,1,5,5.0,45.0,10.0,O=C(NCCc1ncc[nH]1)c1cc(Br)cc2[nH]cnc12,0,C17079 Enamine:Legacy:Z2003004764 5.0mg @ 90% = €45.00 EUR (10 days) O=C(NCCC1=NC=CN1)C=2C=C(Br)C=C3NC=NC23
17089,1,540,5.0,182.0,20.0,O=C(NC(CO)c1ncc[nH]1)c1c(F)ccc2[nH]cnc12,0,C17089 Enamine:mRDB:Z9898711383 5.0mg @ 90% = €182.00 EUR (20 days) O=C(NC(CO)C1=NC=CN1)C=2C(F)=CC=C3NC=NC23
17109,1,420,5.0,121.0,20.0,CC(NC(=O)c1cc2[nH]cnc2cc1F)c1ncc[nH]1,0,C17109 Enamine:sRDB:Z9898711386 5.0mg @ 90% = €121.00 EUR (20 days) CC(NC(=O)C=1C=C2NC=NC2=CC1F)C3=NC=CN3
17115,1,147,5.0,121.0,20.0,O=C(Cn1cnc2ccccc21)N1CCCC1c1ncc[nH]1,0,C17115 Enamine:sRDB:Z1610443567 5.0mg @ 90% = €121.00 EUR (20 days) O=C(CN1C=NC=2C=CC=CC21)N3CCCC3C4=NC=CN4
17132,1,,,,,Cc1nc2c(C(=O)NCC(O)c3c[nH]cn3)cccc2[nH]1,0,
17150,1,599,5.0,182.0,20.0,O=C(NCCc1nc2ccccc2[nH]1)C1CC1c1c[nH]cn1,0,"C17150 Enamine:mRDB:Z2796050489 5.0mg @ 90% = €182.00 EUR (20 days) O=C(NCCC1=NC=2C=CC=CC2N1)[C@@H]3C[C@H]3C4=CNC=N4 |&1:14,16,r|"
17250,1,421,5.0,121.0,20.0,O=C(Nc1cn2ccccc2n1)c1csc(-c2ncccn2)n1,0,C17250 Enamine:sRDB:Z9898711394 5.0mg @ 90% = €121.00 EUR (20 days) O=C(NC1=CN2C=CC=CC2=N1)C3=CSC(=N3)C=4N=CC=CN4
17711,1,594,5.0,182.0,20.0,O=C(Cc1cn2ccccc2n1)NCC1CN(CCO)CCO1,0,C17711 Enamine:mRDB:Z9898711397 5.0mg @ 90% = €182.00 EUR (20 days) O=C(CC1=CN2C=CC=CC2=N1)NCC3CN(CCO)CCO3
17917,1,186,5.0,121.0,20.0,CCN1CCC(N(C)S(=O)(=O)c2ccc3ncsc3c2)CC1,0,C17917 Enamine:sRDB:Z1724966651 5.0mg @ 90% = €121.00 EUR (20 days) CCN1CCC(CC1)N(C)S(=O)(=O)C=2C=CC=3N=CSC3C2
18011,1,,,,,CNCn1c(C(C)(C)S(C)(=O)=O)nc2c(C(=O)Nc3ccc4c(c3)C(N)NC4)cc(F)cc21,0,
18030,1,,,,,O=C(Nc1ccc2c(c1)CNC2)c1cc(Br)c2[nH]cc(C3CCNCC3)c2c1,0,
18031,1,,,,,C=Cc1cc(C(=O)Nc2ccc3c(c2)CNC3)c(C)c2c(C3CCNCC3)c[nH]c12,0,
18041,1,,,,,O=C(Nc1ccc2c(c1)CNC2)c1ccc2[nH]cc(C3CCNCC3C[SH](=O)=O)c2c1,0,
18052,1,,,,,Cc1cc(C(O)(F)Nc2ccc3c(c2)CNC3)cc2c1NCC21CCCNC12CCNCC2,0,
18056,1,,,,,Cc1cc(C(=O)Nc2ccc3c(c2)CNC3)c(O)c2c(C3CCNCC3)c[nH]c12,0,
18063,1,,,,,Cc1cc2c(cc1NC(=O)c1ccc3c(c1)C1(CN3)NCCC3CNCCC31)CNC2,0,
18079,1,,,,,Nc1[nH]c2cc(Cl)c(C(=O)Nc3ccc4c(c3)CNC4)cc2c1C1CCNCC1,0,
18080,1,,,,,Nc1cc(C(=O)Nc2ccc3c(c2)CNC3)cc2c(C3CCNCC3)c(Br)[nH]c12,0,
18090,1,,,,,CC1(C2CCNCC2)c2cc(C(=O)C(=O)c3ccc4c(c3)CNC4)ccc2NC1O,0,
18091,1,,,,,CC1Nc2c(C(=O)C(=O)c3ccc4c(c3)CNC4)ccc3[nH]c(O)c(c23)C12CCNCC2,0,
18098,1,,,,,Cc1[nH]c2ccc(C(=O)O)cc2c1C1CCNCC1,0,
18109,1,,,,,O=C(Nc1ccc2c(c1)CNC2)c1cc(Br)c2c3c(c4c(cc13)CNCC4)C=N2,0,
18111,1,,,,,O=C(NCC(F)F)C(O)(Nc1ccc2c(c1)CNC2)c1cc(Cl)c2[nH]cc(C3CCNCC3)c2c1,0,
18112,1,,,,,CNC(=O)C(O)(Nc1ccc2c(c1)CNC2)c1cc(Cl)c2[nH]cc(C3CCNCC3)c2c1,0,
18114,1,,,,,O=C(NCc1cccnc1)C(O)(Nc1ccc2c(c1)CNC2)C1CC(Cl)c2[nH]cc(C3CCNCC3)c2C12CNNC2,0,
18120,1,,,,,O=C(Nc1ccc2c(c1)CNC2)C1CC(Cl)c2[nH]cc(C3CCNCC3)c2C12CNCN2,0,
18124,1,,,,,N#CC(=O)Nc1ccc2c(c1)CNC2,0,
18125,1,,,,,O=C(Nc1ccc2c(c1)CNC2)c1cc(Cl)c2[nH]cc3c2c1CCC31CCNCC1,0,
18129,1,,,,,Cc1c(C(=O)Nc2ccc3c(c2)CNC3)cc(CC(C)(F)F)c2[nH]cc(C3CCNCC3)c12,0,
18132,1,,,,,Clc1cc(C(N=CNCC2CCCO2)Nc2ccc3c(c2)CNC3)cc2c(C3CCNCC3)c[nH]c12,0,
18133,1,,,,,CCN1CCC(c2c[nH]c3c(Cl)cc(C(=O)Nc4ccc5c(c4)CNC5)cc23)CC1,0,
18134,1,,,,,N#Cc1cc2c(cc1NC(=O)c1cc(F)c3[nH]cc(C4CCNCC4)c3c1)CNC2,0,
18136,1,,,,,CNC1(O)CNCC(C)C1(C)c1c[nH]c2c(F)cc(C(=O)Nc3ccc4c(c3)CNC4)cc12,0,
18143,1,,,,,CC(C)N1CCC(c2c[nH]c3c(F)cc(C(=O)Nc4ccc5c(c4)CNC5)cc23)CC1,0,
18148,1,,,,,CCc1c(C(O)(Nc2ccc3c(c2)CNC3)C(=O)NCC(F)F)cc(Br)c2[nH]cc(C3CCNCC3)c12,0,
18158,1,,,,,O=C(O)CC1NCc2cc(NC(=O)c3cc(Cl)c4[nH]cc(C5CCNCC5)c4c3)ccc21,0,
18159,1,,,,,CCOC(C)(C)C1CNCCC1c1c[nH]c2c(F)cc(C(=O)Nc3ccc4c(c3)CNC4)cc12,0,
18162,1,,,,,O=C(NCC(F)F)C(O)(Nc1ccc2c(c1)CNC2)c1cc(Br)c2[nH]cc(C3CCNCC3)c2c1OCc1ccccn1,0,
18166,1,,,,,O=C(Nc1ccc2c(c1)CNC2)c1cc2c3c(c1)C(C1CCNCC1)CN3CS2,0,
18169,1,,,,,CCC1NCc2cc(NC(=O)c3cc(F)c4[nH]cc(C5CCNCC5)c4c3)ccc21,0,
18176,1,,,,,O=C(O)N=C(Nc1ccc2c(c1)CNC2)c1cc(Cl)c2[nH]cc(C3CCNCC3)c2c1,0,
18179,1,,,,,CNCc1[nH]c2c(F)cc(C(=O)Nc3ccc4c(c3)CNC4)cc2c1C1CCNCC1,0,
18181,1,,,,,CNCc1[nH]c2c(Cl)cc(C(=O)Nc3ccc4c(c3)CNC4)cc2c1C1CCNCC1,0,
18184,1,,,,,CNCc1[nH]c2c(Cl)cc(C(=O)Nc3cc(F)c4c(c3)CNC4=O)cc2c1C1CCNCC1,0,
18187,1,,,,,CNCc1[nH]c2c(Cl)cc(C(=O)Nc3ccc4c(c3)CN(C)C4C)cc2c1C1CCNCC1,0,
18188,1,,,,,CNCc1[nH]c2c(Cl)cc(C(=O)Nc3cc4c(c5c3OC(C)(C)C5)CNC4)cc2c1C1CCNCC1,0,
18191,1,,,,,CNCc1[nH]c2c(Cl)cc(C(=O)Nc3cc(F)c4c(c3)CNC43CCCC3)cc2c1C1CCNCC1,0,
18192,1,,,,,CNCc1[nH]c2c(Cl)cc(C(=O)Nc3cc(C#N)c4c(c3)CNC4)cc2c1C1CCNCC1,0,
18193,1,,,,,CNCc1[nH]c2c(Cl)cc(C(=O)Nc3ccc4c(c3)CN(F)C4O)cc2c1C1CCNCC1,0,
18194,1,,,,,CNCc1[nH]c2c(Cl)cc(C(=O)Nc3ccc4c(c3)CN(C(F)F)C4)cc2c1C1CCNCC1,0,
18197,1,,,,,O=C(Nc1ccc2c(c1)CNC2)c1cc(F)c2[nH]c3nnc4c(c3c2c1)CCNC4,0,
18200,1,,,,,CNCc1[nH]c2c(F)cc(C(=O)Nc3ccc4c(c3)CNC4)cc2c1C1CCNC(OC)C1,0,
18204,1,,,,,CC(C)NC(=O)C(O)(Nc1ccc2c(c1)CNC2)c1cc(Cl)c2[nH]cc(C3CCNCC3)c2c1,0,
18209,1,,,,,Nc1[nH]c2c(Br)cc(C(=O)Nc3ccc4c(c3)CNC4)cc2c1C1CCNCC1,0,
18222,1,,,,,CC(CSc1cccc(C(=O)Nc2ccc3c(c2)CNC3)c1)C1=CCNCC1,0,
18245,1,,,,,CC1C=C(C2=C(CN)CNCC2)c2ccc(C(=O)Nc3ccc4c(c3)CNC4)cc21,0,
18257,1,,,,,CNC(O)(Nc1ccc2c(c1)CNC2)c1ccc2c(C3=CCNCC3)csc2c1,0,
18260,1,,,,,COCC(=O)Nc1cc(NC(C)=O)cc(C2CC(c3csc4cc(C(=O)Nc5ccc6c(c5)CNC6)ccc34)=CCN2)c1,0,
18273,1,,,,,O=C1N(c2ccc3c(c2)CNC3)C12CC1CCC3(CCNCC3)C3CSC(C2)C13,0,
18401,1,,,,,COCc1cc(C(=O)N(C(=O)NCC(F)F)c2ccc3c(c2)CNC3)c(Cl)c2scc(C3=CCNCC3)c12,0,
18493,1,,,,,Cc1cc(C(O)(F)Nc2ccc3c(c2)CNC3)cc2c1NC(=O)C21CCCNC1,0,
18499,1,,,,,CC(=O)NC1CCCC2(C1)C(=O)Nc1c(O)cc(C(=O)Nc3ccc4c(c3)CNC4)cc12,0,
18500,1,,,,,Cc1cc(NC(=O)c2ccc3c(c2C(F)(F)F)CC(=O)N3)cc2c1CNC2,0,
18507,1,,,,,CC1NCc2ccc(NC(=O)c3cc(Cl)c4c(c3)C(O)C(=NC(C)(C)CO)N4)cc21,0,
18508,1,,,,,CS(=O)(=O)c1cc2c(cc1NC(=O)c1ccc3c4c(cccc14)C(=O)N3)CNC2,0,
18509,1,,,,,COC1CCC2(CN1)C1=C(CCC2C(=O)Nc2cc(C)c3c(c2)CNC3)NC(=O)C1,0,
18538,1,,,,,Cc1cc2c(cc1C(=O)C(=O)c1cc(Cl)c3c(c1)C(O)C(=NCC(C)(C)N)N3)CNC2,0,
18544,1,,,,,NN1Cc2ccc(NC(=O)c3cc(Cl)c4c(c3)C(C(=O)OCc3ccccc3)C(=O)N4)cc2C1,0,
18545,1,,,,,O=C1Cc2c(c(Cl)cc(C(=O)Nc3ccc4c(c3)CNC4)c2NC(=O)OCc2ccccc2)N1,0,
18549,1,,,,,NC1C(=O)Nc2c(Cl)cc(C(=O)NC3CC4=C(CNC4)C4(C3)NNNN4)cc21,0,
18556,1,,,,,O=C1N=c2c(F)cc(C(=O)Nc3ccc4c(c3)CNC4)c3c2=C1N=N3,0,
18560,1,,,,,CC(=O)C1C(=O)Nc2ccc(C(=O)Nc3ccc4c(c3)CNC4)cc21,0,
18561,1,,,,,O=C1N=c2c(C(=O)Nc3ccc4c(c3)CNC4)cc(Br)c3c2=C1C(=O)N3,0,
18566,1,,,,,O=C1N=c2ccc(C(=O)Nc3ccc4c(c3)CNC4)c3c2=C1C(C(F)(F)F)=N3,0,
18567,1,,,,,CC1=Nc2c(C(=O)Nc3ccc4c(c3)CNC4)cc(Cl)c3c2=C1C(=O)N=3,0,
18568,1,,,,,O=C1Nc2ccc(C(=O)Nc3ccc4c(c3)CNC4)cc2C1=O,1,
18570,1,,,,,CCCNC(=O)C(O)(Nc1ccc2c(c1)CNC2)C1CC(Cl)C2=C(CC(=O)N2)C12CNNC2,0,
18572,1,,,,,O=C(Nc1ccc2c(c1)CNC2)c1cc(Cl)c2c3c(c[nH]c13)C(=O)N2,0,
18581,1,,,,,O=C1N=c2c(F)cc(C(=O)Nc3ccc4c(c3)CNC4)c3c2=C1C(c1ccccc1)=N3,0,
18588,1,,,,,O=C(Nc1cc2c3c(csc3c1)NC2)c1ccc2c(c1)C1(CCOC1)C(=O)N2,0,
18589,1,,,,,N#Cc1cc2c(cc1NC(=O)c1cc(F)c3c(c1)CC(=O)N3)CNC2,0,
18592,1,,,,,CC(C)c1nnc(C2=Nc3c(C(=O)Nc4ccc5c(c4)CNC5)cc(F)c4c3=C2C(=O)N=4)s1,0,
18598,1,,,,,O=C1Nc2c(Br)cc(C(O)(Nc3ccc4c(c3)CNC4)C(=O)NCC(F)F)c3cccc1c23,0,
18603,1,,,,,COCCOC1(C)C(=O)C2C(=O)Nc3c(F)cc(C(=O)Nc4ccc5c(c4)CNC5)c1c32,0,
18610,1,,,,,CC(C)OC1(C)C(=O)C2C(=O)Nc3c(F)cc(C(=O)Nc4ccc5c(c4)CNC5)c1c32,0,
18613,1,,,,,CC1C(=O)Nc2ccc(C(=O)Nc3ccc4c(c3)CNC4)cc21,2,
18618,1,,,,,O=C1NC2CCC(C(=O)Nc3ccc4c(c3)CNC4)C3NNC1=C23,0,
18621,1,,,,,CNCC1C(=O)Nc2ccc(C(=O)Nc3ccc4c(c3)CNC4)cc21,0,
18626,1,,,,,O=C(Nc1ccc2c(c1)CNC2)c1cc(Cl)c2c3c([nH]cc13)C(=O)N2,0,
18631,1,,,,,N=CN=C1N=c2c(Cl)cc(C(=O)Nc3ccc4c(c3)CNC4)c3c2=C1C=N3,0,
18640,1,,,,,O=C(Nc1ccc2c(c1)CNC2)c1cc(Br)c2c3c(n(C4CNC4)cc13)C(=O)N2,0,
18644,1,,,,,O=C(Nc1ccc2c(c1)CNC2)c1cc(Cl)c2c(c1)C(CC1CCNCC1)C(=O)N2,0,
18645,1,,,,,CN(C)CC1C(=O)Nc2ccc(C(=O)Nc3ccc4c(c3)CNC4)cc21,0,
18647,1,,,,,O=C(Nc1cc(F)c2c(c1)CNC21CCCC1=O)c1cc(Cl)c2c3c([nH]cc13)C(=O)N2,0,
18649,1,,,,,CNCC12NCc3c(C(=O)NC4CC5=C(CNC5)CC45CCCC5=O)cc(Cl)c(c31)NC2=O,0,
18652,1,,,,,CN1Cc2ccc(NC(=O)c3cc(Cl)c4c5c([nH]cc35)C(=O)N4)cc2C1,0,
18653,1,,,,,O=C(Nc1cc(F)c2c(c1)CNC2)c1cc(Cl)c2c3c([nH]cc13)C(=O)N2,0,
18656,1,,,,,N#Cc1cc(NC(=O)c2cc(Cl)c3c4c([nH]cc24)C(=O)N3)cc2c1CNC2,0,
18657,1,,,,,O=C(Nc1ccc2c(c1)CN(F)C2)c1cc(Cl)c2c3c([nH]cc13)C(=O)N2,0,
18659,1,,,,,O=Cc1cc(C(=O)Nc2ccc3c(c2)CNC3)c2c3c1=NC(=O)C=3C(c1ccccc1)=N2,0,
18661,1,,,,,NNCC1C(=O)Nc2c(F)cc(C(=O)Nc3ccc4c(c3)CNC4)cc21,0,
18666,1,,,,,NCC1C(=O)Nc2c(Cl)cc(C(=O)Nc3ccc4c(c3)CNC4)cc21,0,
18670,1,,,,,CC(C)NC(=O)C(O)(Nc1ccc2c(c1)CNC2)c1cc(Cl)c2c3c1N=C(c1ccccc1)C=3C(=O)N=2,0,
18672,1,,,,,O=C(Nc1ccc2c(c1)CNC2)c1cc(Cl)c2c(c1)C1(CCNC1)C(=O)N2,0,
18674,1,,,,,O=C(Nc1ccc2c(c1)CNC2)c1cc(F)c2c(c1)C(NCO)C(=O)N2,0,
18677,1,,,,,CCNC1C(=O)Nc2c(F)cc(C(=O)Nc3ccc4c(c3)CNC4)cc21,0,
18681,1,,,,,O=C(Nc1ccc2c(c1)CNC2)c1cc(F)c2c(c1)C(Nc1ccccc1)C(=O)N2,0,
18682,1,422,5.0,121.0,20.0,O=C(Nc1ccc2c(c1)CNC2)c1ccc2c(c1)C1(CCOCC1)C(=O)N2,0,C18682 Enamine:sRDB:Z9898711690 5.0mg @ 90% = €121.00 EUR (20 days) O=C(NC=1C=CC=2CNCC2C1)C=3C=CC=4NC(=O)C5(CCOCC5)C4C3
18717,1,,,,,O=C(Nc1ccc2c(c1)CNC2)c1ccc2c(CCNCCCCS(=O)(=O)c3nccn3Cc3cscn3)csc2c1,0,
18735,1,,,,,NCCc1csc2cc(C(O)(O)Nc3ccc4c(c3)CNC4)c(OCF)c(F)c12,0,
18782,1,,,,,CC(C)N1CCC2=C1Nc1cc(C(=O)Nc3ccc4c(c3)CNC4)cc3scc2c13,0,
18784,1,,,,,COC1C(C(=O)Nc2ccc3c(c2)CNC3)CC2SCC3NC(N)CC1C32,0,
18786,1,,,,,NNC1NCc2ccc(NC(=O)c3ccc4c(c3)C(Cl)C=C4C(N)(O)CNc3ccccc3)cc21,0,
18813,1,,,,,NCCCCC1C=c2cc(CNN)cc(C(O)(Nc3ccc4c(c3)CNC4)C(=O)NC3CCOCC3)c2=C1,0,
18844,1,,,,,NCN1C(=O)c2cc(C(=O)Nc3ccc4c(c3)CNC4)cc3scc1c23,0,
18897,1,,,,,NCCC1(CC2CCNCC2)C[SH]2CC3C(C(=O)Nc4ccc5c(c4)CNC5)CCC1C3C2,0,
18937,1,,,,,O=C(Nc1ccc2c(c1)CNC2)C1CCCNN2C3CNCC(CCC2C[SH]2CCCC12)C3,0,
18950,1,,,,,CC(=O)NC[N+]([O-])(C(=O)c1cc(F)cc2c1c(C)nn2CO)c1cc2c(c(C3=CCOCC3)c1)CNC2,0,
18953,1,,,,,CC(C)Nn1ncc2c(C(=O)Nc3cc4c(c(C5=CCOCC5)c3)CNC4)cc(F)cc21,0,
18958,1,,,,,Nn1ncc2c(C(=O)Nc3cc4c(c(C5=CCOCC5)c3)CNC4)cc(F)cc21,0,
18961,1,,,,,NCn1cc2c(C(=O)Nc3cc4c(c(C5=CCOCC5)c3)CNC4)cc(F)cc2n1,0,
18983,1,,,,,CNC(N)(O)n1cc2c(C(=O)Nc3cc4c(c(C5=CCOCC5)c3)CNC4)cc(F)c(C#N)c2n1,0,
19010,1,,,,,Cn1cc2c(C(=O)Nc3cc4c(c(C5=CCOCC5)c3)CNC4)cc(F)cc2c1N,0,
19014,1,,,,,Cn1ncc2c(C(=O)C(=O)c3cc4c(c(C5=CCOCC5)c3)CNC4)cc(F)cc21,0,
19020,1,,,,,Cc1nn(CO)c2cc(F)cc(C(=O)C(=O)c3cc4c(c(C5=CCOCC5)c3)CNC4)c12,0,
19033,1,,,,,NC1NCc2c(C3=CCOCC3)cc(NC(=O)c3cc(F)cc4c3cnn4N)cc21,0,
19044,1,,,,,CN1Cc2c(C(=O)Nc3cc4c(c(C5=CCOCC5)c3)CNC4)cc(F)cc2[N+]1(C)[O-],0,
19045,1,,,,,O=C(Nc1cc2c(c(C3=CCOCC3)c1)CNC2)c1cc(F)cc2[nH][n+]([O-])cc12,0,
19055,1,,,,,O=C(Nc1cc2c(c(C3=CCOCC3)c1)CNC2)c1cc(F)cc2c1C1(CCNC1)NN2,0,
19057,1,,,,,O=C(NCC1CCOCC1)C(O)(Nc1cc2c(c(C3=CCOCC3)c1)CNC2)c1cc(F)cc2n[nH]cc12,0,
19061,1,,,,,N#Cc1c(NC(=O)c2cc(F)cc3[nH]ncc23)cc2c(c1C1=CCOCC1)CNC2,0,
19066,1,,,,,O=C(Nc1cc2c(c(C3=CCOCC3)c1)CNC2)C1CC(F)C2NC(=O)N3NCC1C23,0,
19095,1,,,,,CNCn1ncc2c(C(=O)Nc3cc4c(c(C5=CCOCC5)c3)CNC4)cc(F)cc21,0,
19100,1,,,,,CNCn1cc2c(C(=O)Nc3cc4c(c(C5=CCOCC5)c3)CNC4)cc(F)cc2n1,0,
19102,1,,,,,O=C(NCCCF)C(O)(Nc1cc2c(c(C3=CCOCC3)c1)CNC2)c1cc(F)cc2[nH]ncc12,0,
19106,1,,,,,O=C(NCC(F)F)N(C(=O)C1=CC(F)=CC23CCOC2=NC=C13)c1cc2c(c(C3=CCOCC3)c1)CNC2,0,
19107,1,,,,,CC(C)NC(=O)N(C(=O)c1cc(CS)ccc1CNN)c1cc2c(c(C3=CCOCC3)c1)CNC2,0,
19119,1,,,,,CNCn1ncc2c(C(=O)Nc3cc4c(c(C5=CCOCC5)c3)C(C)N(C)C4)cc(F)cc21,0,
19124,1,,,,,CNCn1ncc2c(C(=O)Nc3cc4c(c(C5=CCOCC5)c3)C3(CCCC3)NC4)cc(F)cc21,0,
19125,1,,,,,CNCn1ncc2c(C(=O)Nc3cc4c(c(C5=CCOCC5)c3)CN(F)C4)cc(F)cc21,0,
19131,1,,,,,CNCN1c2cc(F)cc(C(=O)Nc3cc4c(c(C5=CCOCC5)c3)CNC4)c2CC12CCC(OC)NN2,0,
19133,1,,,,,CNCn1ncc2c(C(=O)Nc3cc4c(c(C5=CCOCC5)c3C)CNC4)cc(F)cc21,0,
19142,1,,,,,CCCCc1ncn(-c2cc(F)cc(C(=O)Nc3cc4c(c(C5=CCOCC5)c3)CNC4)c2C)n1,0,
19150,1,,,,,COc1cc(-c2cc(NC(c3cc(F)cc4c3cnn4N)C(F)(F)F)cc3c2CNC3)ccn1,0,
19153,1,,,,,COc1cc(-c2cc(NC(=O)c3cc(F)cc4nn(OC)cc34)cc3c2CNC3)ccn1,0,
19158,1,,,,,COc1cc(-c2cc(NC(=O)c3cc(F)cc4c3CC(=O)C43CCCN3)cc3c2CNC3)ccn1,0,
19159,1,,,,,COc1cc(-c2cc(NC(=O)c3cc(F)cc4c3cnn4N)cc3c2CNC3)ccn1,0,
19214,1,,,,,COc1cc(-c2cc(NC(=O)c3cc(F)cc4nn(Br)cc34)cc3c2CNC3)ccn1,0,
19215,1,,,,,CCc1cc(CNN)c(C(=O)Nc2cc3c(c(-c4ccnc(OC)c4)c2)CNC3)cc1F,0,
19216,1,,,,,COc1cc(-c2cc(C(=O)C(=O)c3cc(F)cc4c3cnn4C)cc3c2CNC3)ccn1,0,
19221,1,,,,,COc1cc(-c2cc(C(=O)C(=O)c3cc(F)cc4[nH]ncc34)cc3c2CNC3)ccn1,0,
19223,1,,,,,COc1cc(-c2cc(C(=O)C(=O)c3cc(F)cc4c(CO)n(C)cc34)cc3c2CNC3)ccn1,0,
19224,1,,,,,COc1cc(-c2cc(C(=O)C(=O)c3cc(F)cc4c3c(C)nn4CO)cc3c2CNC3)ccn1,0,
19226,1,,,,,COc1cc(-c2c3c(cc4[nH]c(-c5cc(F)cc6[nH]ncc56)c(C(=O)[O-])c24)CNC3)ccn1,0,
19228,1,,,,,COc1cc(-c2cc(C(=O)C(=O)c3cc(F)cc4c3c(C)nn4CO)c(N)c3c2CNC3)ccn1,0,
19242,1,,,,,COc1cc(-c2cc(NC(O)(C(=O)NCC(F)F)c3cc(F)cc4[nH]ncc34)cc3c2CNC3)ccn1,0,
19249,1,,,,,COc1cc(-c2cc(NC(=O)c3cc(F)cc4[nH][n+]([O-])cc34)cc3c2CNC3)ccn1,0,
19252,1,,,,,COc1cc(-c2cc(NC(=O)c3cc(F)cc4nn(C(F)(F)F)cc34)cc3c2CNC3)ccn1,0,
19254,1,,,,,CCCNC(=O)C(O)(Nc1cc2c(c(-c3ccnc(OC)c3)c1)CNC2)c1cc(F)cc2[nH]ncc12,0,
19264,1,,,,,COc1cc(-c2cc(NC(=O)c3cc(F)cc4c3CC3(CCCCC3)N4)cc3c2CNC3)ccn1,0,
19275,1,,,,,COc1cc(-c2cc(NC(=O)c3cc(F)cc4c3CC3(NNC(C(C)C)S3)N4)cc3c2CNC3)ccn1,0,
19279,1,,,,,CCc1n[nH]c2cc(F)cc(C(O)(Nc3cc4c(c(-c5ccnc(OC)c5)c3)CNC4)C(=O)NCC(F)F)c12,0,
19283,1,,,,,COc1cc(-c2cc(NC(=O)c3cc(F)cc4c3c(OCCCO)[n+]([O-])n4C)cc3c2CNC3)ccn1,0,
19287,1,,,,,COc1cc(-c2cc(NC(=O)c3cc(F)cc4c3cc(C)n4C)cc3c2CNC3)ccn1,0,
19288,1,,,,,COc1cc(-c2cc(NC(O)(C(=O)NCC(F)F)c3cc(F)cc4n[nH]c(C(C)C)c34)cc3c2CNC3)ccn1,0,
19289,1,,,,,COc1cc(-c2cc(NC(=O)c3cc(F)cc4c3c(C)[n+]([O-])n4OC)cc3c2CNC3)ccn1,0,
19302,1,,,,,COc1cc(-c2cc(NC(=O)c3cc(F)cc4c3CNC43CCNCC3)cc3c2CNC3)ccn1,0,
19307,1,,,,,COc1cc(-c2cc(NC(=O)c3cc(F)cc4c3CC3(CCN(C)CC3)N4)cc3c2CNC3)ccn1,0,
19317,1,,,,,COc1cc(-c2cc(NC(=O)c3cc(F)cc4nn(CC5CCNCC5)cc34)cc3c2CNC3)ccn1,0,
19325,1,,,,,CNCn1ncc2c(C(=O)Nc3cc4c(c(-c5ccnc(OC)c5)c3)CN(C)C4)cc(F)cc21,0,
19336,1,,,,,CNCN1c2cc(F)cc(C(=O)Nc3cc4c(c(-c5ccnc(OC)c5)c3)CNC4)c2CC12CCC(OC)NN2,0,
19337,1,,,,,CCNn1ncc2c(C(=O)Nc3cc4c(c(-c5ccnc(OC)c5)c3)CNC4)cc(F)cc21,0,
19338,1,,,,,CNCn1ncc2c(C(=O)Nc3cc4c(c(-c5ccnc(OC)c5)c3C)CNC4)cc(F)cc21,0,
19346,1,,,,,COc1cc(-c2cc(NC(=O)C3CC(F)CC4C3CN3CNNN43)cc3c2CNC3)ccn1,0,
19347,1,,,,,COc1cc(-c2cc(NC(=O)C3CC(F)CC4C3CN3SCNCN43)cc3c2CNC3)ccn1,0,
19351,1,,,,,COc1cc(-c2cc(NC(=O)c3cc(F)cc4c3cnn4NC3CNC3)cc3c2CNC3)ccn1,0,
19428,1,,,,,CC(=O)NCC(O)(C1CC2SCC3CC(N)CC1C32)N1CCCC2(CCOC2)c2cc[nH]c21,0,
19446,1,,,,,NC(N)Cc1csc2cc(C(=O)Nc3cc(C4(C(=O)OCc5ccccc5)CCOC4)ccn3)ccc12,0,
19461,1,,,,,CCNCc1csc(CC(CC)C(=O)Nc2cc(C3CCOC3)ccn2)c1,0,
19495,1,,,,,NCCc1csc2cc(C(=O)Nc3cc(C4CCC(=O)C4)ccn3)ccc12,0,
19497,1,,,,,CC1=Cc2cc(C(=O)N(C(=O)NCC(F)F)c3cc(C4CCOC4)ccn3)cc3scc1c23,0,
19498,1,,,,,CCC(Cc1cc(CN(C)CC)cs1)C(=O)N(C(=O)NCC(F)F)c1cc(C2CCOC2)ccn1,0,
19516,1,,,,,CCNCc1csc(CC(CC)C(=NCC(=O)O)N(C(=O)NCC(F)F)c2cc(C3CCOC3)ccn2)c1,0,
19526,1,,,,,CCNCc1csc(CC(CC)C(=O)Nc2cc(C3CCC4(CCNCC4)C3)ccn2)c1,0,
19536,1,,,,,NCCc1csc2cc(C(=O)Nc3cc(C4(N)COCC4NN)ccn3)ccc12,0,
19560,1,,,,,CNCC1(c2ccnc(NC(=O)c3cc4c5c(csc5c3)C(C)=C4)c2)CCOC1,0,
19577,1,,,,,CNCC1(c2ccnc(NC(=O)c3ccc4c(CNCCN)csc4c3)c2)CCOC1,0,
19579,1,,,,,CCNCc1csc(CC(CC)C(=O)N(C(=O)NCC(F)F)C2NCCCC23CC(F)N2CCCC23)c1,0,
19614,1,,,,,N#Cc1cc2c(cc1NC(=O)c1cc(F)cc3nn(N)cc13)CNC2,0,
19640,1,,,,,Cc1c(C#N)c(NC(N=O)c2cc(F)cc3c2C2(CC(C)C(F)N2)NN3)cc2c1CNC2,0,
19647,1,,,,,CNn1cc2c(C(=O)Nc3cc4c(c(C)c3C#N)CNC4)cc(F)cc2n1,0,
19657,1,,,,,CCC1NCc2cc(C(C(C)=O)C3NC(c4cc(F)cc5c4CNC54CCCCC4NCCl)=NC3=O)ccc21,0,
19669,1,,,,,Cc1c(C#N)c(NC(=O)c2cc(F)cc3c2cnn3NC(C)C)cc2c1CNC2,0,
19672,1,,,,,N#Cc1cc2c(cc1NC(=O)c1cc(F)cc3c1cnn3C(=O)OCc1ccccc1)CNC2,0,
19676,1,,,,,N#Cc1cc2c(cc1NC(=O)c1cc(F)cc3nn(CN4CCCC4)cc13)CNC2,0,
19682,1,,,,,N#Cc1cc2c(cc1NC(=O)c1cc(F)cc3c1C=N[NH+]3[O-])CNC2,0,
19684,1,,,,,N#Cc1cc2c(cc1NC(O)(C(=O)NCc1cccnc1)c1cc(F)cc3[nH]ncc13)CNC2,0,
19685,1,,,,,N#Cc1cc2c(cc1NC(=O)c1cc(F)c(C#N)c3n[nH]cc13)CNC2,0,
19705,1,,,,,N#CC1C(NC(=O)c2cc(F)cc3n[nH]cc23)CC2=C(CNC2)C12CCS(=O)(=O)CC2,0,
19707,1,,,,,N#Cc1cc2c(cc1NC(=O)c1cc(F)cc3c1CC1(CCNCC1)N3)CNC2,0,
19708,1,,,,,N#Cc1cc2c(cc1NC(N=O)c1cc(F)cc3c1CNC31CCNCC1)CNC2,0,
19714,1,,,,,CC(C)C1NNC2(Cc3c(cc(F)cc3C(=O)Nc3cc4c(cc3C#N)CNC4)N2)S1,0,
19717,1,,,,,N#Cc1cc2c(cc1NC1N=Cc3c(F)cc4c(c31)C=N[NH+]4[O-])C(N)NC2,0,
19718,1,,,,,CCc1n[nH]c2cc(F)cc(C(O)(Nc3cc4c(cc3C#N)CNC4)C(=O)NCC(F)F)c12,0,
19725,1,,,,,Cc1c(C#N)c(NC(=O)c2cc(F)cc3c2=C[NH+]([O-])N=3)cc2c1CNC2,0,
19728,1,,,,,COn1c2cc(F)cc(C(=O)Nc3cc4c(cc3C#N)CNC4)c2c(C)[n+]1[O-],0,
19730,1,,,,,Cc1c2c(C(=O)Nc3cc4c(cc3C#N)CNC4)cc(F)cc2n(OC(C)C)[n+]1[O-],0,
19732,1,,,,,N#Cc1cc2c(cc1NC(=O)c1cc(F)cc3c1cnn3C#N)CNC2,0,
19759,1,,,,,N#Cc1cc2c(cc1NC(=O)c1cc(F)cc3nn(CC4CNC4)cc13)CNC2,0,
19761,1,,,,,CNCn1ncc2c(C(=O)Nc3cc4c(c(F)c3C#N)C3(CCCC3=O)NC4)cc(F)cc21,0,
19765,1,,,,,CNCn1ncc2c(C(=O)Nc3cc4c(c5cc(C)oc35)CNC4)cc(F)cc21,0,
19783,1,,,,,N#Cc1cc2c(cc1NC(=O)C1CC(F)CC3C4COCC4CC13)CNC2,0,
19785,1,,,,,CC(O)(Nc1cc2c(cc1C#N)CNC2)c1cc(F)c(CN)c2[nH]ncc12,0,
19786,1,,,,,N#Cc1cc2c(cc1NC(=O)c1cc(F)cc3c1cn1cn[nH]c31)CNC2,0,
19791,1,,,,,N#Cc1cc2c(cc1NC(=O)c1cc(F)cc3c1cnn3NC1CNC1)CNC2,0,
19793,1,,,,,N#Cc1cc2c(cc1NC(=O)c1cc(F)cc3c1CNC31CCOCC1)CNC2,0,
19794,1,,,,,C#CC1CC(N)C2(CCCCC2)C(C(=O)Nc2cc3c(c(-c4ccnc(OC)c4)c2)CNC3)C1,0,
19836,1,,,,,CNNc1cc(F)cc(C(O)(Nc2cc3c(c(-c4ccnc(OC)c4)c2)CNC3)C(=O)NCc2cccnc2)c1,0,
19837,1,,,,,COc1cc(-c2cc(NC(=O)c3cc(F)cc4c3c[n+]([O-])n4C)cc3c2CNC3)ccn1,0,
19854,1,,,,,COc1cc(-c2cc(NC(=O)c3cc(F)cc4c3CC3(CCCNC3)C4=O)cc3c2CNC3)ccn1,0,
19858,1,,,,,CNCn1ncc2c(C(=O)Nc3cc4c(c(-c5ccc(C)c(OC)c5)c3)CNC4)cc(F)cc21,0,
19866,1,,,,,N#Cc1cc2c(cc1NC(=C(F)F)c1cc(F)cc3c1cnn3N)CNC2,0,
19986,1,,,,,CCC12CCCC3=C1C(CCN2C(O)(O)C(C)CC1SCC2C(CCCCCN)CCCC12)NC3,0,
20017,1,,,,,CC(=O)Nc1cc(C(=O)Nc2ccc3c(c2)CNC3)cc2scc(-c3cccc(CN)c3)c12,0,
20040,1,,,,,O=C(NC1CC2=C(CNC2)C2(CCS(=O)(=O)CC2)C1)C1C(F)C2SCCC2N2COC3COCC1C3N2,0,
20051,1,,,,,NCC1CCCC2(C1)C(=O)c1cc(C(=O)Nc3ccc4c(c3)CNC4)cc3scc2c13,0,
20053,1,,,,,CCC1CC2C(c3cccc(CN)c3)CC3CSCC32CC1C(O)(Nc1ccc2c(c1)CNC2)C(=O)NCC(F)F,0,
20071,1,,,,,NCc1cccc(-c2csc3cc(C(=O)Nc4ccc5c(c4)CNC5=O)cc(O)c23)c1,0,
20108,1,,,,,NCc1cccc(C2(CC3CNC3)C[SH]3CC4C(C(=O)Nc5ccc6c(c5)CNC6)CCC2C4C3)c1,0,
20112,1,,,,,NCC1CCCC2=C3C(Cl)SC4CC(C(=O)NC5CC6=C(CNC6)CC56CCCC6=O)CC(CNC21)C34,0,
20129,1,,,,,CCc1ccc2c(c1CN)Nc1cc(C(=O)Nc3ccc4c(c3)CNC4)cc3scc-2c13,0,
20158,1,,,,,CC(C)c1nnc(-c2nc3c(C(=O)Nc4ccc5c(c4)CNC5)cc(F)cc3n2N)s1,0,
20204,1,,,,,CCC1=Nn2c(-c3nnc(C(C)C)s3)nc3c(C(=O)Nc4cc5c(cc4C)CNC5)cc(F)c(c32)N1,0,
20213,1,,,,,CC(C)c1nnc(-c2nc3cc(F)cc(C(=O)C(=O)c4ccc5c(c4)CNC5)c3[nH]2)s1,0,
20239,1,,,,,CC(C)c1nnc(-c2nc3cc(F)cc(C(O)(Nc4ccc5c(c4)CNC5)C(=O)NCC(F)F)c3[nH]2)s1,0,
20244,1,,,,,CC(C)c1nnc(-c2nc3c(C(=O)Nc4ccc5c(c4)CNC5)cc(F)c(C#N)c3[nH]2)s1,0,
20252,1,,,,,CCCNC(=O)C(O)(Nc1ccc2c(c1)CNC2)c1cc(F)cc2nc(-c3nnc(C(C)C)s3)[nH]c12,0,
20256,1,,,,,Cc1ccc(S(=O)(=O)CNC(=O)C(O)(Nc2ccc3c(c2)CNC3)c2cc(F)cc3nc(-c4nnc(C(C)C)s4)[nH]c23)cc1,0,
20261,1,,,,,CCc1cc(C(=O)Nc2ccc3c(c2)CNC3)c2nc(-c3nnc(C(C)C)s3)n(C)c2c1,0,
20276,1,,,,,CC(C)c1nnc(C2=Nc3c(C(=O)Nc4ccc5c(c4)C(N)NC5)cc(F)cc3[NH+]2[O-])s1,0,
20280,1,,,,,CC(C)c1nnc(-c2c(OCCCO)c3c(C(=O)Nc4ccc5c(c4)CNC5)cc(F)cc3n2C)s1,0,
20288,1,,,,,CC(C)c1nc2c(s1)-c1nc3c(C(=O)Nc4ccc5c(c4)CNC5)cc(F)cc3n1CC2,0,
20291,1,,,,,CC(C)c1nnc(-c2nc3c(C(=O)Nc4ccc5c(c4)CNC5)cc(F)cc3n2C#N)s1,0,
20314,1,,,,,CC(C)NC(=O)C(O)(Nc1ccc2c(c1)CNC2)C1CC(F)CC2NC(c3nnc(C(C)C)s3)CC21,0,
20324,1,,,,,CNCn1c(-c2nnc(C(C)C)s2)nc2c(C(=O)Nc3cc(F)c4c(c3)CNC4)cc(F)cc21,0,
20326,1,,,,,CNCn1c(-c2nnc(C(C)C)s2)nc2c(C(=O)Nc3cc(F)c4c(c3)CNC43CCCC3)cc(F)cc21,0,
20335,1,,,,,CC(C)C1NC2CNC3C4CC(F)CC(C(=O)Nc5ccc6c(c5)CNC6)C4NC3C2S1,0,
20341,1,,,,,CC(C)c1nnc(-c2nc3c(CN)c(F)cc(C(N=O)Nc4ccc5c(c4)CNC5)c3[nH]2)s1,0,
20359,1,,,,,NC1NNN2CCC3CC(C(=O)Nc4ccc5c(c4)CNC5)CC3C12,0,
20360,1,,,,,NCc1ccc2c3c(cc(C(=O)Nc4ccc5c(c4)CNC5)cc13)C=C2,0,
20402,1,,,,,COC1CCC2(CN1)CC(C(=O)Nc1cc(C)c3c(c1)CNC3)Cc1cc[nH]c12,0,
20442,1,,,,,NN1Cc2ccc(NC(=O)c3cc(NC(=O)OCc4ccccc4)c4[nH]ccc4c3)cc2C1,0,
20450,1,,,,,O=C(Nc1ccc2c(c1)CNC2)c1cc2c(c3c1=CC=N3)N=CC=2,0,
20460,1,,,,,Nn1ccc2cc(C(=O)Nc3ccc4c(c3)CNC4)ccc21,0,
20464,1,,,,,O=C1N=c2c(C(=O)Nc3ccc4c(c3)CNC4)cc3c(c2N1)N=CC=3,0,
20481,1,,,,,C1=Nc2c3c(c(C(N=CNCC4CCCO4)Nc4ccc5c(c4)CNC5)cc2=C1)=CN=N3,0,
20504,1,,,,,O=C1C=C2CC3(CC4=C2C(=N1)C=C4)N=C3Nc1ccc2c(c1)CNC2,0,
20505,1,,,,,CC1(OCCCO)C(=O)Nc2c1c(C(=O)Nc1ccc3c(c1)CNC3)cc1cc[nH]c21,0,
20508,1,,,,,Cc1cc(NC(=O)c2cc3c4c(ccn4NC(=O)C3)c2)cc2c1CNC2,0,
20513,1,,,,,O=C(O)CC1NCc2cc(NC(=O)c3cc4c(c5c3=CN=N5)N=CC=4)ccc21,0,
20514,1,,,,,CC(C)OC1(C)C(=O)Nc2c1c(C(=O)Nc1ccc3c(c1)CNC3)cc1cc[nH]c21,0,
20526,1,,,,,CCC1=c2ccc(C(=O)Nc3ccc4c(c3)CNC4)cc2=CC1=O,0,
20547,1,,,,,O=C(Nc1ccc2c(c1)CNC2)c1cc2ccn3cc(C4CCNCC4)c(c1)c23,0,
20548,1,,,,,NCCC1CC(CNNC2CNC2)C(C(=O)Nc2ccc3c(c2)CNC3)C1Cl,0,
20552,1,,,,,O=C(Nc1ccc2c(c1)CNC2)c1cc2cc[nH]c2c2nn(C3CNC3)cc12,0,
20559,1,,,,,O=C(Nc1ccc2c(c1)CNC2)c1cc2ccn3nc(CC4CNC4)c(c1)c23,0,
20604,1,,,,,O=C(Nc1ccc2c(c1)CNC2)c1cc2ccn3c(NC4CNC4)nc(c1)c23,0,
20615,1,,,,,CC(C)(CO)Nc1[nH]nc2c(C(=O)Nc3ccc4c(c3)CNC4)cc(Cl)cc12,0,
20704,1,,,,,CC(C)n1cc2cccc(C(=O)Nc3ccc4c(c3)C(N)NC4)c2n1,0,
20708,1,,,,,O=C(NCC(F)F)C(O)(Nc1ccc2c(c1)CNC2)c1cc(Cl)cc2cn[nH]c12,0,
20712,1,,,,,O=C1N=Nc2c1cccc2C(=O)Nc1ccc2c(c1)CNC2,0,
20724,1,,,,,CC(C)CNC(=O)C(O)(Nc1ccc2c(c1)CNC2)c1cc(Cl)cc2cn[nH]c12,0,
20726,1,,,,,N#CC(O)(Nc1ccc2c(c1)CNC2)c1cccc2c[nH]nc12,0,
20730,1,,,,,Cc1ccc(S(=O)(=O)CNC(=O)C(O)(Nc2ccc3c(c2)CNC3)c2cc(Cl)cc3c[nH]nc23)cc1,0,
20734,1,,,,,Cc1cc(C(=O)Nc2ccc3c(c2)CNC3)c2n[nH]c(C)c2c1,0,
20737,1,,,,,O=C(Nc1ccc2c(c1)CNC2)c1cc(F)cc2c1NC1(CCCCC1)C2,0,
20741,1,,,,,O=C(Nc1ccc2c(c1)CNC2)c1cccc2c1NC1(CCNCC1)C2,0,
20749,1,,,,,O=C(NCC(F)F)C(O)(Nc1ccc2c(c1)CNC2)c1cc(Br)cc2cn[nH]c12,0,
20754,1,,,,,O=C(Nc1ccc2c(c1)CNC2)c1cccc2c1[nH]n1cccc21,0,
20757,1,,,,,COCCOc1c2cc(F)cc(C(=O)Nc3ccc4c(c3)CNC4)c2n(C)[n+]1[O-],0,
20760,1,423,5.0,121.0,20.0,Cc1c2cccc(C(=O)Nc3ccc4c(c3)CNC4)c2nn1C,0,C20760 Enamine:sRDB:Z9898712283 5.0mg @ 90% = €121.00 EUR (20 days) CC1=C2C=CC=C(C(=O)NC=3C=CC=4CNCC4C3)C2=NN1C
20761,1,,,,,CC(C)n1ncc2cc(Cl)cc(C(O)(Nc3ccc4c(c3)CNC4)C(=O)NCC(F)F)c21,0,
20766,1,,,,,N#Cc1[nH]nc2c(C(=O)Nc3ccc4c(c3)CNC4)cccc12,0,
20769,1,,,,,O=C1NCc2cc(NC(=O)c3cccc4c3=N[NH+]([O-])C=4)ccc21,0,
20770,1,,,,,NCc1[nH]nc2c(C(=O)Nc3ccc4c(c3)CNC4)cc(Cl)cc12,0,
20772,1,,,,,CNCc1n[nH]c2c(C(=O)Nc3ccc4c(c3)CNC4)cccc12,0,
20778,1,,,,,CNCc1[nH]nc2c(C(=O)Nc3ccc4c(c3)CNC4)cc(Br)cc12,0,
20781,1,,,,,O=C(NCCCF)C(O)(Nc1ccc2c(c1)CNC2)c1cc(Cl)cc2cn[nH]c12,0,
20785,1,,,,,CNCc1[nH]nc2c(C(=O)Nc3cc(Br)c4c(c3)CNC4)cccc12,0,
20790,1,,,,,O=C(Nc1ccc2c(c1)CNC2)c1cc(Cl)cc2c1NC1(CCNCC1)C2,0,
20798,1,,,,,O=C(Nc1ccc2c(c1)CNC2)c1cc(Cl)cc2cn(CC3CNC3)nc12,0,
20803,1,,,,,CNCc1[nH]nc2c(C(=O)Nc3ccc4c(c3)CN(C)C4C)cc(Cl)cc12,0,
20812,1,,,,,O=Cc1cc2c(c(C(=O)Nc3ccc4c(c3)CNC4)c1)NC1(CCCCC1)C2,0,
20813,1,,,,,O=C(Nc1ccc2c(c1)CNC2)c1cccc2c(NC3CCC3)[nH]nc12,0,
20845,1,,,,,COn1cnc2c(C(Nc3ccc4c(c3)CNC4)C(=O)NCC(F)F)cc(Br)cc21,0,
20849,1,,,,,NCn1cnc2c(C(Nc3ccc4c(c3)CNC4)C(=O)NCC(F)F)cc(Br)cc21,0,
20871,1,,,,,CCc1nc2c(C(Nc3ccc4c(c3)CNC4)C(=O)NCC(F)F)cc(Br)c3c2n1C=CC=C3,0,
20885,1,,,,,O=C(NCC(F)F)C(Nc1ccc2c(c1)CNC2)C1CC(Br)C2CNCN3CNC1C23,0,
20901,1,,,,,O=C(NCC(F)F)C(O)(Nc1ccc2c(c1)CNC2)c1cc(Br)cc2nc[nH]c12,0,
20917,1,,,,,Cc1nc2c(C(Nc3ccc4c(c3)CNC4)C(=O)NCC(F)F)cc(Br)cc2n1CO,0,
20941,1,,,,,O=C(NCC(F)F)C(O)(Nc1ccc2c(c1)CNC2)c1cc2scnc2c2nc[nH]c12,0,
20952,1,,,,,O=C(NCC(F)F)C(O)(Nc1ccc2c(c1)CNC2)c1cc(Br)cc2c1ncn2C(F)(F)F,0,
20957,1,,,,,O=C(NCC(F)F)C(O)(Nc1ccc2c(c1)CNC2)C1CC2=C(NCCC2)c2nc[nH]c21,0,
20960,1,,,,,Cc1c(CC(C)F)cc(C(O)(Nc2ccc3c(c2)CNC3)C(=O)NCC(F)F)c2[nH]cnc12,0,
20962,1,,,,,CCc1cc(C(O)(Nc2ccc3c(c2)CNC3)C(=O)NCC(F)F)c2ncn(C)c2c1,0,
20987,1,,,,,Cc1nc2c(C(O)(Nc3ccc4c(c3)CNC4)C(=O)NCC(F)F)cc(Br)cc2n1C,0,
21001,1,,,,,CNCn1cnc2c(C(O)(Nc3ccc4c(c3)CNC4)C(=O)NCC(F)F)cc(Br)cc21,0,
21002,1,,,,,O=C1C=C(C2c3nc[nH]c3C(O)(C(Nc3cc4c(c(-c5ccncc5)c3)CNC4)C(=O)NCC(F)F)CC2Br)C=N1,0,
21022,1,,,,,NCNc1cc(NNCCC2CCNCC2)c(Br)cc1C(O)(Nc1ccc2c(c1)CNC2)C(=O)NCC(F)F,0,
21036,1,,,,,CN1CC(C2CNC3(C2)c2nc[nH]c2C(C(O)(Nc2ccc4c(c2)CNC4)C(=O)NCC(F)F)CC3Br)C1,0,
21049,1,,,,,CNCn1cnc2c(C(C(=O)NCC(F)F)C(=O)c3ccc4c(c3)CNC4)cc(Br)cc21,0,
21057,1,,,,,Cc1ccncc1C(C)Nc1cc(NCN)c(C(O)(Nc2ccc3c(c2)CNC3)C(=O)NCC(F)F)cc1Br,0,
21098,1,,,,,NCc1cccc(NC(O)(F)c2cccc3c2CC2NCCCN32)c1,0,
21174,1,,,,,NC1C(=O)Nc2cccc(C(=O)NC3CCCC4(CCNC4)C3)c21,0,
21176,1,,,,,O=C(NC1CCCC2(CCNC2)C1)c1cccc2c1CC(=NC(F)F)N2,0,
21184,1,,,,,CCc1cc2c(c(C(=O)NC3CCCC4(CCNC4)C3)c1)CC(=O)N2,0,
21246,1,,,,,CNCC1(O)Cc2c(cc(Br)cc2C(=O)NC2CCCC3(CCNC3)C2)N1,0,
21248,1,,,,,CN1CCC2(CC1)Cc1c(cccc1C(=O)NC1CCCC3(CCNC3)C1)N2,0,
21249,1,,,,,CC(C)NC(=O)C(N)(C(=O)c1cc(Cl)cc2c1C(F)(F)C(=O)N2)C1CCCC2(CCNC2)C1,0,
21251,1,,,,,CN(C)CC1Cc2c(cccc2C(=O)NC2CCCC3(CCNC3)C2)N1,0,
21253,1,,,,,Cn1cc2ccc(NC(=O)c3cccc4c3CC(=O)C4=O)cc2c1,0,
21264,1,,,,,CNCC1Cc2c(cc(Cl)cc2C(=O)NC2CC(F)C3(CCCCC3)C(CN)C2)N1,0,
21289,1,,,,,NN(C(=O)c1cccc2c1CC(=O)N2)C1CCCC2(CCNC2)C1,0,
21293,1,,,,,CNCC1Cc2c(cccc2C(=O)NC2CCCC3(CCNC3)C2)N1,0,
21314,1,,,,,CNC(=O)C1CC(C(Nc2ccc3c(c2)CNC3)C(=O)NCC(F)F)C2CCCCC12,0,
21320,1,,,,,Cc1c(C(=O)N(C)O)cc(Br)cc1C(Nc1ccc2c(c1)CNC2)C(=O)NCC(F)F,0,
21364,1,,,,,CC1C(N)CC2(CC(Br)CC(C(Nc3ccc4c(c3)CNC4)C(=O)NCC(F)F)C2Cl)N(O)C1C,0,
21417,1,,,,,CN1CC2=C(CN1)C(C(Nc1ccc3c(c1)CNC3)C(=O)NC1CCOCC1(F)NF)CC(Br)C2,0,
21426,1,,,,,CNc1cc2c(C(C(=O)NCC(F)F)C(=O)c3ccc4c(c3)CNC4)cc(Br)cc2n1O,0,
21443,1,,,,,CC1(N)Cc2csc3cc(C(O)(Nc4ccc5c(c4)CNC5)C(=O)NCC(F)F)cc(c23)C1=O,0,
21447,1,,,,,NC1NC(=O)c2cc(C(C(=O)NCC(F)F)C(=O)c3ccc4c(c3)CNC4)cc3scc(c23)-c2ccccc21,0,
21452,1,,,,,Cc1ncc2c(Br)cc(C(Nc3ccc4c(c3)CNC4)C(=O)NCC(F)F)c(O)c2c1O,0,
21463,1,,,,,CNc1c(C)oc2c(C(Nc3ccc4c(c3)CNC4)C(=O)NCC(F)F)cc(Br)cc12,0,
21479,1,,,,,CNN(c1cc(Br)cc(C(C(=O)NCC(F)F)C(=O)c2ccc3c(c2)CNC3)c1)N(O)CC1CNC1,0,
21487,1,,,,,CCC(NO)c1cc(Br)cc(C(C(=O)NCC(F)F)N(C)c2ccc3c(c2)CNC3)c1,0,
21491,1,,,,,CCC(O)c1cc(Br)cc(C(C(=O)NCC(F)F)N(C)c2ccc3c(c2)CNC3)c1,0,
21494,1,,,,,CNC1(NN(O)Cc2cc(Br)cc(C(C(=O)NCC(F)F)C(=O)c3ccc4c(c3)CNC4)c2)CNC1,0,
21495,1,,,,,CN1CC2(CC(Br)CC(C(Nc3ccc4c(c3)CNC4)C(=O)NCC(F)F)C2)CN1O,0,
21511,1,,,,,CC1NNC2=C1CC(C(C(=O)NCC(F)F)C(=O)c1ccc3c(c1)CNC3)CC2Br,0,
21527,1,,,,,CN1CC2=C(NC1c1ccccc1)C(C(C(=O)NCC(F)F)C(=O)c1ccc3c(c1)CNC3)CC(Br)C2,0,
21528,1,,,,,CC(CC(Br)c1cc(C=O)[nH]n1)C(C(=O)NCC(F)F)C(=O)c1ccc2c(c1)CNC2,0,
21533,1,,,,,NCC1CNC2=C1CC(C(C(=O)NCC(F)F)C(=O)c1ccc3c(c1)CNC3)CC2Br,0,
21538,1,,,,,CC1NCC1NN(O)Cc1cc(Br)cc(C(C(=O)NCC(F)F)C(=O)c2ccc3c(c2)CNC3)c1,0,
21551,1,,,,,CNC(c1cc(Br)cc(C(O)(Nc2ccc3c(c2)CNC3)C(=O)NCC(F)F)c1)N(O)NC1CNC1,0,
21553,1,,,,,NCCc1cccc(NC(=O)c2cc(N)cc3c2C2CCCCC2(O)N3)c1,0,
21585,1,,,,,CC(NCCN=C1Cc2c(cccc2C(=O)Nc2cccc(CCN)c2)N1)c1cn(-c2ccccc2)nn1,0,
21602,1,,,,,CCc1ccc(C(=O)Nc2cccc(CCN)c2)c2c1NC(=O)C2C,0,
21639,1,,,,,CC1C(=O)N(C)c2cccc(C(=O)N3C(=O)CC4=C3CCCC43CCNCC3)c21,0,
21642,1,,,,,Cc1cc(CCN)cc(C(=O)C(=O)c2cc(Cl)cc3c2CC(O)(NC(C)(C)CO)N3)c1,0,
21643,1,,,,,CC1CCC2(CCCNC2)CC1C1=Nc2ccc3c(c2C1=O)CC(=O)N3,0,
21657,1,,,,,CC(C)NC(=O)N(C(=O)c1cccc2c1CC(=O)N2)C1CCCC2(CNCC2CN)C1,0,
21705,1,,,,,NCC1CCC2(CC1)C(O)C1CC(N(N)C3CCCC4(CCNC4)C3)C3CCCC2C31,0,
21710,1,,,,,CC1C(=O)Nc2cccc(C(=O)N(N)C3CCCC4(CCNC4)C3)c21,0,
21714,1,,,,,CC(C)OCN=C(NC1CCCC2(CNC(N)C2)C1)c1cccc2c1C(C)(O)C(=O)N2,0,
21737,1,,,,,NC1CC2(CCCC(C(N)(CC(=O)O)C(=O)c3cccc4c3CC(=O)N4)C2)CN1,0,
21741,1,,,,,NN(C(=O)c1cccc2c1C1(CCNCC1)C(=O)N2)C1CCCC2(CCNC2)C1,0,
21744,1,,,,,CNCC1(O)Cc2c(cc(Cl)cc2C(=O)Nc2cccc(CCN)c2)N1,0,
21746,1,,,,,CNCC1C(=O)Nc2cc(Br)cc(C(=O)NC3CCCC4(CCNC4)C3)c21,0,
21749,1,,,,,CC(C)NC(=O)C(N)(C(=O)c1cc(Cl)cc2c1C(F)(F)C(=O)N2)C1CCCC2(CNC(N)C2)C1,0,
21822,1,,,,,NC(=O)c1ccc2c3c(cccc13)C=C2C(Nc1ccc2c(c1)CNC2)C(=O)NCC(F)F,0,
21870,1,,,,,CCC12CC3=CC(CC(CC(F)F)N1C(=O)C(c1cc(Br)cc4ccccc14)N2)NC3,0,
21914,1,,,,,NCCC1CSC(Br)(CC(c2ccccc2)C(O)(Nc2ccc3c(c2)CNC3)C(=O)NCC(F)F)C1,0,
21916,1,,,,,COC1CC2(CCN1)CC(NC(O)(C(=O)NCC(F)F)c1cc(Br)cc3ccccc13)CC1=C2CNC1,0,
21937,1,,,,,N#Cc1cccc2c(C(O)(Nc3ccc4c(c3)CNC4)C(=O)NCC(F)F)cc(Br)cc12,0,
21938,1,,,,,O=C(NCC(F)(F)F)C(Nc1ccc2c(c1)CNC2)c1cc(Br)cc2cccc(Cc3ccccn3)c12,0,
21946,1,,,,,O=C1Nc2c(Br)cc(C(Nc3ccc4c(c3)CNC4)C(=O)NCC(F)F)c3cccc1c23,0,
21947,1,,,,,CNCc1cccc2c(C(O)(Nc3ccc4c(c3)CNC4)C(=O)NCC(F)F)cc(Br)cc12,0,
21953,1,,,,,CN1CCCC2(CCc3c(C(O)(Nc4ccc5c(c4)CNC5)C(=O)NCC(F)F)cc(Br)c4[nH]cc2c34)C1,0,
21960,1,,,,,O=C(NCC(F)F)C(O)(Nc1ccc2c(c1)CNC2)c1cc(Br)cc2c1CCC1(CCNCC1)C2,0,
21975,1,,,,,CNCc1cccc2c(C(O)(Nc3ccc4c(c3)CN(C)C4)C(=O)NCC(F)F)cc(Br)cc12,0,
21977,1,,,,,CNCc1cccc2c(C(O)(Nc3cc4c(cc3F)CNC4)C(=O)NCC(F)F)cc(Br)cc12,0,
21980,1,,,,,CNCc1cccc2c(C(O)(Nc3ccc4c(c3)CN(F)C4)C(=O)NCC(F)F)cc(Br)cc12,0,
21984,1,,,,,O=C(NCC(F)F)C(O)(Nc1ccc2c(c1)CNC2)c1cc(Br)cc2c1CCCC21CNNC1,0,
21988,1,,,,,CCNc1cccc2c(C(O)(Nc3ccc4c(c3)CNC4)C(=O)NCC(F)F)cc(Br)cc12,0,
21989,1,,,,,CNCc1ccc2c(C(O)(Nc3ccc4c(c3)CNC4)C(=O)NCC(F)F)cc(Br)c3c2c1C=N3,0,
21990,1,,,,,Nc1ccc2c(C(O)(Nc3ccc4c(c3)CNC4)C(=O)NCC(F)F)cc(Br)c3c2c1C=N3,0,
22033,1,,,,,NCc1ccc(C23CCC(CC(=O)O)C4CC(C(=O)Nc5ccc6c(c5)CNC6)CC(SC2)C43)cc1,0,
22034,1,,,,,CC(=O)NC(O)(Nc1ccc2c(c1)CNC2)c1ccc2c(-c3ccc(CN)cc3)csc2c1,0,
22053,1,,,,,COCC(=O)NC1CC(NC(C)=O)CC2(C1)CC(c1csc3cc(C(=O)Nc4ccc5c(c4)CNC5)ccc13)CCC2CN,0,
22061,1,,,,,Cc1cc(NC2=NC23Cc2scc(-c4ccc(CN)cc4)c2C2(CNC(F)C(C)C2)C3)cc2c1CNC2,0,
22094,1,,,,,Cc1cc2c(-c3ccc(CN)cc3)csc2cc1C(=O)C(=O)c1ccc2c(c1N)CNC2,0,
22105,1,,,,,NNC1NCc2ccc(NC(=O)c3ccc4c(c3)C(Cl)C(N)=C4c3ccc(C(N)c4ccccc4)cc3)cc21,0,
22173,1,,,,,CC(C)c1cc2c(-c3ccc(CN)cc3)csc2c(Cl)c1C(=O)N(C(=O)NCC(F)F)c1ccc2c(c1)CNC2,0,
22181,1,,,,,NCc1ccc(-c2csc3cc(C(=O)Nc4ccc5c(c4)CNC5)cc(O)c23)cc1,0,
22196,1,,,,,NCC1CCC2(CC1)NCc1cc(C(=O)Nc3ccc4c(c3)CNC4)c(Cl)c3scc2c13,0,
22217,1,,,,,NCC1CCC2(CC1)NCc1cc(C(=O)Nc3cc(F)c4c(c3)CNC4=O)c(Cl)c3scc2c13,0,
22244,1,,,,,NCC1CCC2(CC1)CC(C1CCNC1)C1CC(C(=O)Nc3ccc4c(c3)CNC4)C3CCC[SH]3CC12,0,
22347,1,,,,,NC1CCc2[nH]c3c(C(=O)Nc4ccc5c(c4)CNC5)cc(Cl)cc3c21,0,
22351,1,,,,,N#CC(O)(Nc1ccc2c(c1)CNC2)c1cc(Cl)cc2c3c([nH]c12)CCC3,0,
22354,1,,,,,O=C(Nc1ccc2c(c1)CNC2)c1cc(Cl)cc2c3c([nH]c12)CCC3,0,
22387,1,,,,,CC1CCc2c1c1cc(Br)cc(C(=O)N(C(=O)NCC(F)F)c3ccc4c(c3)CNC4)c1n2O,0,
22408,1,,,,,O=C(NCCCF)C(O)(Nc1ccc2c(c1)CNC2)c1cc(Cl)cc2c3c([nH]c12)CCC3,0,
22435,1,,,,,CNCC1CCc2[nH]c3c(C(=O)Nc4cc(C#N)c5c(c4)CNC5)cc(Cl)cc3c21,0,
22436,1,,,,,O=C(Nc1ccc2c(c1)CN(F)C2)c1cc(Cl)cc2c3c([nH]c12)CCC3,0,
22437,1,,,,,O=C(Nc1ccc2c(c1)CN(CC(F)F)C2)c1cc(Cl)cc2c3c([nH]c12)CCC3,0,
22441,1,,,,,COC1CCC2(CCc3c2[nH]c2c(C(=O)Nc4ccc5c(c4)CNC5)cc(F)cc32)N1,0,
22442,1,,,,,CNCC1CCc2[nH]c3c(C(=O)Nc4ccc5c(c4)CNC5)cc(F)cc3c21,0,
22443,1,,,,,CCC1CCc2[nH]c3c(C(=O)Nc4ccc5c(c4)CNC5)cccc3c21,0,
22450,1,,,,,CC1CCNCC12CCc1[nH]c3c(C(=O)Nc4ccc5c(c4)CNC5)cc(Cl)cc3c12,0,
22451,1,,,,,O=C(Nc1ccc2c(c1)CNC2)c1cc(Cl)cc2c3c([nH]c12)C1(CCOCC1)CC3,0,
22467,1,,,,,O=C(NC1CCN(c2ccccn2)C1)c1cccc2c1C1(CCNCC1)C(=O)N2,0,
22470,1,,,,,O=C1C=C2N=c3ccccc3=C2C(C(=O)NC2CCN(c3ccccn3)C2)=C1,0,
22512,1,,,,,COC1CCC2(CN1)C(=O)Nc1cccc(C(=O)NC3CC(C)N(c4ccccn4)C3)c12,0,
22615,1,,,,,CNCC1Cc2c(cccc2C(=O)NC2CCN(c3ccccn3)C2)N1,0,
22620,1,,,,,CNCC1(O)Cc2c(cccc2C(=O)NC2CCN(c3ccccn3)C2)N1,0,
22626,1,,,,,CNCC1Cc2c(cc(Cl)cc2C(=O)NC2CCN(c3ccccn3)C2)N1,0,
22636,1,,,,,CNCC1(O)Cc2c(cc(Cl)cc2C(=O)NC2CCN(c3ccccn3)C2)N1,0,
22638,1,,,,,CNCC1C(=O)Nc2cc(Br)cc(C(=O)NC3CCN(c4ccccn4)C3)c21,0,
22647,1,,,,,CNCC1Cc2c(cc(Cl)cc2C(=O)NC2CCN(c3ccc(C)cn3)C2)N1,0,
22651,1,,,,,CNCC1(O)Cc2c(cc(Cl)cc2C(=O)NC2CN(c3ccccn3)CC2F)N1,0,
22653,1,,,,,CNCC1Cc2c(cc(Cl)cc2C(=O)NC2CCN(c3ccc(F)cn3)C2)N1,0,
22654,1,,,,,CNCC1Cc2c(cc(Cl)cc2C(=O)NC2CCN(c3ccc(C(F)F)cn3)C2)N1,0,
22661,1,,,,,CNCC1Cc2c(cc(F)cc2C(=O)NC2CCN(c3ccccn3)C2)N1,0,
22664,1,,,,,O=C(NC1CCN(c2ccccn2)C1)c1cccc2c1C1(CCNC1)C(=O)N2,0,
22669,1,,,,,O=C(NC1CCN(c2ccccn2)C1)c1cccc2c1C1CCCCCC1N2,0,
22670,1,,,,,O=C(NC1CCN(c2ccccn2)C1)c1cccc2c1C1(CCOCC1)C(=O)N2,0,
22750,1,,,,,Cc1cc2c(cc1C(=O)C(=O)c1cc(F)cc3c1C(C)(OCCCO)C(=O)N3NC(C)(C)CO)CNC2,0,
22775,1,,,,,CCN1CC(CO)NC(=O)C(O)(Nc2ccc3c(c2)CNC3)c2cc(F)cc3c2C1(C)C(=O)N3,0,
22790,1,,,,,CC1(OCCCO)c2c(cc(F)cc2C(=O)Nc2ccc3c(c2)CNC3)NC12CCNCC2,0,
22808,1,,,,,CN1CCCOC2(CCC1)C(=O)Nc1cc(F)cc(C(=O)Nc3ccc4c(c3)CNC4)c12,0,
22821,1,,,,,CC1(OCCCO)C(=O)n2c(=O)[nH]c3c(F)cc(C(=O)Nc4ccc5c(c4)CNC5)c1c32,0,
22825,1,,,,,CNCC1Nc2cc(F)cc(C(=O)Nc3ccc4c(c3)CNC4)c2C1(C)OCCCO,0,
22843,1,,,,,CN(C)CC1Nc2cc(F)cc(C(=O)Nc3ccc4c(c3)CNC4)c2C1(C)OCCCO,0,
22858,1,,,,,CC1(OCCCO)c2c(C(=O)Nc3ccc4c(c3)CNC4)cc(F)cc2N2CNNC21O,0,
22862,1,,,,,CNCN1C(=O)C(C)(OCCCO)c2c(C(=O)Nc3cc(C)c4c(c3)CNC4)cc(F)cc21,0,
22863,1,,,,,CC(F)C1OC2(C)c3c(cc(F)cc3C(=O)N(c3ccc4c(c3)CNC4)C(=O)C1CO)NC2(O)F,0,
22874,1,,,,,CC1CCNCC12C(=O)C(C)(OCCCO)c1c(C(=O)Nc3ccc4c(c3)CNC4)cc(F)cc12,0,
22876,1,,,,,CC1(OCCCO)C(=O)C2(CCNC2)c2cc(F)cc(C(=O)Nc3ccc4c(c3)CNC4)c21,0,
22887,1,,,,,COCCOC1(C)C(=O)C2(CCCN2)c2cc(F)cc(C(=O)Nc3ccc4c(c3)CNC4)c21,0,
22890,1,,,,,COCCOC1(C)C(=O)N(CNN)CC1C(CC(C)F)C(=O)Nc1ccc2c(c1)CNC2,0,
22892,1,,,,,COCCOC1(C)C(=O)N(N)c2cc(F)cc(C(=O)Nc3ccc4c(c3)CNC4)c21,0,
22920,1,,,,,COCCOC1(C)C(=O)N(OC)C2=C1C1(CC(F)C2)N=C1Nc1ccc2c(c1)CNC2,0,
22923,1,,,,,COCCOC1(C)c2c(cc(F)cc2C(=O)Nc2ccc3c(c2)CNC3)NC1(O)OC,0,
22925,1,,,,,COCCOC1(C)c2c(C(=O)Nc3cc(C)c4c(c3)CNC4)cc(F)cc2N(C)C1(O)F,0,
22966,1,,,,,COCCOC1(C)C(=O)Nc2cc(F)cc(C(C#N)Nc3ccc4c(c3)CNC4)c21,0,
22974,1,,,,,COCCOC1(C)C(=O)n2c(=O)[nH]c3c(F)cc(C(=O)Nc4ccc5c(c4)CNC5)c1c32,0,
22975,1,,,,,COCCOC1(C)C(=O)N(C)c2cc(F)cc(C(=O)Nc3ccc4c(c3)CNC4)c21,0,
22987,1,,,,,CCc1cc(C(=O)Nc2ccc3c(c2)CNC3)c2c(c1)N(C)C(=O)C2(C)OCCOC,0,
22995,1,,,,,COCCOC1(C)C(O)C2C(O)NC3C(F)CC(C(=O)Nc4ccc5c(c4)CNC5)C1C32,0,
23011,1,,,,,COCCOC1(C)C(=O)Nc2cc(F)cc(C(=O)Nc3cc4c(cc3SC)CNC4)c21,0,
23014,1,,,,,COCCOC1(C)C(=O)Nc2cc(F)cc(C(=O)Nc3ccc4c(c3)CNC4CC(=O)O)c21,0,
23017,1,,,,,COCCOC12CC(F)CNC(=O)N(c3ccc4c(c3)CNC4)C(=O)c3cc(F)cc(c31)C(F)(F)C2=O,0,
23024,1,,,,,CNCN1C(=O)C(C)(OCCOC)c2c(C(=O)Nc3ccc4c(c3)CNC4)cc(F)cc21,0,
23025,1,,,,,COCCOC1(C)C(=O)C2(C)C(=O)Nc3c(F)cc(C(=O)Nc4ccc5c(c4)CNC5)c1c32,0,
23040,1,,,,,CNCN1C(=O)C(C)(OCCOC)c2c(C(=O)Nc3cc(Br)c4c(c3)CNC4)cc(F)cc21,0,
23054,1,,,,,CNCN1C(=O)C(C)(OCCOC)c2c(C(=O)Nc3cc(F)c4c(c3)CNC4=O)cc(F)cc21,0,
23059,1,,,,,CNCN1C(=O)C(C)(OCCOC)c2c(C(=O)Nc3ccc4c(c3)CN(C)C4)cc(F)cc21,0,
23061,1,,,,,CNCN1C(=O)C(C)(OCCOC)c2c(C(=O)Nc3cc4c(cc3F)CNC4)cc(F)cc21,0,
23062,1,,,,,CNCN1C(=O)C(C)(OCCOC)c2c(C(=O)Nc3cc(F)c4c(c3)CNC43CCCC3)cc(F)cc21,0,
23063,1,,,,,CNCN1C(=O)C(C)(OCCOC)c2c(C(=O)Nc3cc(C#N)c4c(c3)CNC4)cc(F)cc21,0,
23076,1,,,,,COCCOC1(C)C(=O)C2(CCCNC2)c2cc(F)cc(C(=O)Nc3ccc4c(c3)CNC4)c21,0,
23086,1,,,,,COCCOC1(C)C(=O)C2(CCNC2)c2cc(F)cc(C(=O)Nc3ccc4c(c3)CNC4)c21,0,
23089,1,,,,,Nn1ncc2c(C(O)(F)Nc3cnc4c(c3)CNC4)cc(F)cc21,0,
23092,1,,,,,COn1cc2c(C(=O)Nc3cnc4c(c3)CNC4)cc(F)cc2n1,0,
23093,1,,,,,CC(C)Nn1ncc2c(C(=O)Nc3cnc4c(c3)CNC4)cc(F)cc21,0,
23096,1,,,,,NCn1ncc2c(C(=O)Nc3cnc4c(c3)CNC4)cc(F)cc21,0,
23099,1,,,,,CS(=O)(=O)c1nc2c(cc1NC(=O)c1cc(F)cc3n[nH]cc13)CNC2,0,
23101,1,,,,,NCn1cc2c(C(=O)Nc3cnc4c(c3)CNC4)cc(F)cc2n1,0,
23119,1,,,,,O=C(Nc1cnc2c(c1)CNC2)c1cc(F)cc2c1cnn2CCc1ccc(CNc2nc3ccccc3[nH]2)c(O)c1,0,
23121,1,,,,,CN1NC2(CCOC2)c2c(C(=O)Nc3cnc4c(c3)CNC4)cc(F)c(Cl)c21,0,
23147,1,,,,,O=C(Nc1cnc2c(c1)CNC2)c1cc(F)cc2nn(Br)cc12,0,
23155,1,,,,,Cc1nn(CO)c2cc(F)cc(C(=O)C(=O)c3cnc4c(c3)CNC4)c12,0,
23176,1,,,,,O=C(NCC(F)F)C(O)(Nc1cnc2c(c1)CNC2)c1cc(F)cc2[nH]ncc12,0,
23178,1,,,,,O=C(Nc1cnc2c(c1)CNC2)c1cc(F)cc2c1C=N[NH+]2[O-],0,
23184,1,,,,,O=C(Nc1cnc2c(c1)CNC2)c1cc(F)cc2[nH][n+]([O-])cc12,0,
23189,1,,,,,CC(C)CNC(=O)C(O)(Nc1cnc2c(c1)CNC2)c1cc(F)cc2[nH]ncc12,0,
23202,1,,,,,N#Cc1nc2c(cc1NC(=O)c1cc(F)cc3[nH]ncc13)CNC2,0,
23205,1,,,,,O=C(Nc1cnc2c(c1)CNC2)c1cc(F)cc2c1CC1(CCNCC1)N2,0,
23213,1,,,,,CC(C)C1NNC2(Cc3c(cc(F)cc3C(=O)Nc3cnc4c(c3)CNC4)N2)S1,0,
23220,1,,,,,Cn1c2cc(F)cc(C(=O)Nc3cnc4c(c3)CNC4)c2c(OCCCO)[n+]1[O-],0,
23221,1,,,,,COCCOn1c2cc(F)cc(C(=O)Nc3cnc4c(c3)CNC4)c2c(C)[n+]1[O-],0,
23222,1,,,,,CN1CC(NC(=O)c2cc(F)cc3[nH][n+]([O-])cc23)CC2C(N)NCC21,0,
23224,1,,,,,Cc1c2cc(F)cc(C(=O)Nc3cnc4c(c3)CNC4)c2cn1C,0,
23228,1,,,,,Cc1c2c(C(=O)Nc3cnc4c(c3)CNC4)cc(F)cc2n(OC(C)C)[n+]1[O-],0,
23233,1,,,,,O=C1NCc2cc(NC(=O)c3cc(F)cc4[nH][n+]([O-])cc34)cnc21,0,
23234,1,,,,,N#Cc1csc2cc(C(=O)Nc3cnc4c(c3)CNC4)c3cn[nH]c3c12,0,
23237,1,,,,,CCC1NCc2cc(NC(=O)c3cc(F)cc4[nH]ncc34)cnc21,0,
23239,1,,,,,CNCn1cc2c(C(=O)Nc3cnc4c(c3)CNC4)cc(F)cc2n1,0,
23249,1,,,,,CCCNCn1cc2c(C(=O)Nc3cnc4c(c3)CNC4)cc(F)c(NC=O)c2n1,0,
23251,1,,,,,CC(C)NC(=O)C(O)(Nc1cnc2c(c1)CNC2)c1cc(F)cc2nn(F)cc12,0,
23253,1,,,,,CN(C)Cn1cc2c(C(=O)Nc3cnc4c(c3)CNC4)cc(F)cc2n1,0,
23256,1,,,,,CNCn1ncc2c(C(=O)Nc3cc(F)c4c(c3)CN3CCC(=O)C43)cc(F)cc21,0,
23259,1,,,,,CNCn1ncc2c(C(=O)Nc3cnc4c(c3)CN(C)C4C)cc(F)cc21,0,
23262,1,,,,,CNCn1ncc2c(C(=O)Nc3cc(F)c4c(c3)CNC4)cc(F)cc21,0,
23264,1,,,,,CNCn1ncc2c(C(=O)Nc3cc(F)c4c(c3)CNC43CCCC3)cc(F)cc21,0,
23267,1,,,,,CNCn1ncc2c(C(=O)Nc3cnc4c(c3)CN(CC(F)F)C4)cc(F)cc21,0,
23273,1,,,,,CCNn1ncc2c(C(=O)Nc3cnc4c(c3)CNC4)cc(F)cc21,0,
23279,1,,,,,O=C(Nc1cnc2c(c1)CNC2)C1CC(F)CC2C3COCC3CC12,0,
23282,1,,,,,O=C(Nc1cnc2c(c1)CNC2)c1cc(F)cc2c1cn1cn[nH]c21,0,
23295,1,,,,,O=C(NCC(F)F)N(C(=O)c1cc(F)cc2nn(CF)c(F)c12)c1cnc2c(c1)CNC2,0,
23303,1,,,,,Cc1cc(CN)cc(NC(=O)c2cc(Cl)cc3c2CC(=O)N3NC(C)(C)CO)c1,0,
23305,1,,,,,Cc1cc(CN)cc(NC(=O)c2cccc3c2CC(=O)N3CN)c1,0,
23312,1,,,,,Cc1cc(CN)cc(NC(=O)c2cc(C#N)cc3c2CC(=O)N3)c1,0,
23314,1,,,,,Cc1cc(CN)cc(NC(=O)c2cc(Br)cc3c2CC(=O)N3)c1,0,
23389,1,,,,,Cc1cc(NC(=O)c2cc(Cl)cc3c2CC(C(=O)OCc2ccccc2)N3)cc2c1CN(N)C2,0,
23406,1,,,,,CC1CC(NC(=O)c2cc(Br)cc3c2CC(=O)N3)CC2(CCNC2)C1,0,
23417,1,,,,,CCc1cc2c(c(C(=O)NC3CC(C)CC4(CCNC4)C3)c1)CC(=O)N2,0,
23425,1,,,,,COC1CC2(CCN1)CC(NC(=O)c1cc(F)cc3c1CC(=O)N3)CC1C(N)NCC12,0,
23445,1,,,,,CC1CC(NC(=O)c2cccc3c2Cc2cccn2-3)CC2CNCC12,0,
23452,1,,,,,Cc1cc(NC(=O)c2cccc3c2CC(=O)N3)cc2c1C(=O)NC2N,0,
23465,1,,,,,CNCC1(O)Cc2c(cc(Cl)cc2C(=O)NC2CC(C)CC3(CCNC3)C2)N1,0,
23469,1,,,,,CC1CC(NC(O)(CC(=O)O)c2cccc3c2CC(=O)N3)CC2C(N)NCC12,0,
23473,1,,,,,CNCN1C(=O)Cc2c(C(=O)Nc3cc(C)cc(CN)c3)cc(Cl)cc21,0,
23488,1,,,,,CNCN1C(=O)Cc2c(C(=O)Nc3cc(C)c4ccccc4c3)cc(Cl)cc21,0,
23489,1,,,,,CNCN1C(=O)Cc2c(C(=O)Nc3cc(C)c4cn(C)c(N)c4c3)cc(Cl)cc21,0,
23496,1,,,,,CNCN1C(=O)Cc2c(C(=O)Nc3cc(C)c4cn(CC(F)F)c(N)c4c3)cc(Cl)cc21,0,
23503,1,,,,,CNCN1C(=O)Cc2c(C(=O)Nc3cc(C)c(C)c(CN)c3)cc(Cl)cc21,0,
23512,1,,,,,CC1CC(NC(=O)c2cccc3c2CC2(CCCCC2)N3)CC2(CCNC2)C1,0,
23551,1,,,,,CSc1cc2c(cc1NC(=O)c1cc(F)c(O)c3c1cnn3C(=O)c1ccncc1F)CNC2,0,
23552,1,,,,,CSc1cc2c(cc1NC(=O)c1cc(F)c(Cl)c3c1c(C1CCOC1)nn3C)CNC2,0,
23563,1,,,,,CCc1cc(C(=O)Nc2cc3c(cc2SC)CNC3)c2cn[nH]c2c1,0,
23574,1,,,,,COCNC1(N(O)C2CCCNOC2)CC2=C(CNC2)CC1SC,0,
23581,1,,,,,CSc1cc2c(cc1N(C=O)C(=O)c1cc(F)cc3c1cnn3C)CNC2,0,
23707,1,,,,,CSc1cc2c(cc1NC(=O)c1cc(F)c(CN)c3n[nH]cc13)CNC2,0,
23708,1,,,,,CSc1cc2c(cc1NC(=O)c1cc(F)cc3c1cn1cn[nH]c31)CNC2,0,
23709,1,,,,,CSc1cc2c(cc1NC(=O)C1CC(F)CC3C1CN1SCNCN31)CNC2,0,
23713,1,,,,,CSc1cc2c(cc1NC(=O)c1cc(F)cc3c1cnn3NC1CNC1)CNC2,0,
23730,1,,,,,Cc1[nH]c2c(C(=O)Nc3ccc4c(c3)CNC4)cc(C#N)cc2c1C,0,
23741,1,,,,,CCC(C)Nc1ccc(CN)cc1C(O)(O)Nc1ccc2c(c1)CNC2,0,
23783,1,,,,,Cc1[nH]c2c(C(=O)C(=O)c3ccc4c(c3)CNC4)cccc2c1CO,0,
23794,1,,,,,COc1c(Nc2ccc3c(c2)CNC3)c(O)c2cccc3c2c1C(C)=C3C,0,
23849,1,,,,,COCCOC1(C)c2c(C(=O)Nc3ccc4c(c3)CNC4)cccc2C(C)C1C,0,
23872,1,,,,,Cc1[nH]c2c(C(O)(Nc3ccc4c(c3)CNC4)C(=O)NCCCF)cc(Cl)cc2c1C,0,
23935,1,,,,,CC(Cl)CC(C1CC(CNN)CC(C)O1)C(Nc1ccc2c(c1)CNC2)C(=O)NCC(F)F,0,
23947,1,,,,,CC1(C)Oc2c(C(Nc3ccc4c(c3)CNC4)C(=O)NCC(F)F)cc(Cl)c3ccnc1c23,0,
23951,1,,,,,CC(C)OCC(CC1=CC=NS(=O)N1)C(Nc1ccc2c(c1)CNC2)C(=O)NCC(F)F,0,
23984,1,,,,,CC1CC(N)C2(CC(Cl)CC(C(Nc3ccc4c(c3)CNC4)C(=O)NCC(F)F)C2O)N1C,0,
23985,1,,,,,CC1(C)Oc2c(C(Nc3ccc4c(c3)CNC4)C(=O)NCC(F)F)cc(Cl)c3cccc1c23,0,
23992,1,,,,,CC(=O)NC[N+]([O-])(c1ccc2c(c1)C(C)N([NH3+])C2)C(CCC(Cl)CC(C)CCCC(C)C)C(=O)NCC(F)F,0,
23993,1,,,,,Cc1nc2c(C(Nc3ccc4c(c3)CNC4)C(=O)NCC(F)F)cc(Cl)cc2c(CO)c1C,0,
24002,1,,,,,Cc1cc2c(cc1NC(C(=O)NCC(F)F)c1cc(Cl)cc3c1OC(C)C=C3NC(C)(C)CO)CNC2,0,
24032,1,,,,,CCc1n[nH]c2cc(Cl)cc(C(Nc3ccc4c(c3)CNC4)C(=O)NC3CCOCC3(F)F)c12,0,
24071,1,,,,,COCCc1cc2c(C(C(=O)NCC(F)F)C(=O)c3ccc4c(c3)CNC4)cc(Cl)cc2n1C,0,
24083,1,,,,,CC(C)Oc1c(C(O)(Nc2ccc3c(c2)CNC3)C(=O)NCC(F)F)cc(Cl)c2nc[nH]c12,0,
24115,1,,,,,CC(C)Oc1c(C(O)(Nc2ccc3c(c2)CNC3)C(=O)NCC(F)F)cc(Cl)c2c1=NC(=O)N=2,0,
24127,1,,,,,CC(C)c1nn(C2CNC2)c2cc(Cl)cc(C(O)(Nc3ccc4c(c3)CN(C)C4)C(=O)NCC(F)F)c12,0,
24141,1,,,,,Cc1nc2cc(Cl)cc(C(O)(Nc3ccc4c(c3)CNC4)C(=O)NCC(F)F)c2[nH]1,0,
24148,1,,,,,CC(C)Oc1c(C(C(=O)NCC(F)F)C(=O)c2ccc3c(c2)CNC3)cc(Cl)c2[nH]cc(C3CNC3)c12,0,
24165,1,,,,,CNCc1nc2c(C(C(=O)NCC(F)F)C(=O)c3ccc4c(c3)CNC4)cc(Cl)cc2n1C1CNC1,0,
24186,1,,,,,COC1(C)C(=O)N(N)c2cc(F)cc(C(=O)Nc3ccc4c(c3)CNC4)c21,0,
24201,1,,,,,COC1(C)C(=O)NC2=C1C1(CNCc3cc4c(cc3C1)CNC4)CC(F)C2,0,
24210,1,,,,,CCNCN1CC(C(CC(C)F)C(=O)Nc2ccc3c(c2)CNC3)C(C)(OC)C1=O,0,
24213,1,,,,,Cc1cc(NC(=O)c2cc(F)cc3c2C(C)C2(O)OCCN32)cc2c1CNC2,0,
24220,1,,,,,COC1(O)Nc2cc(F)cc(C(=O)Nc3cc(C)c4c(c3)CNC4)c2C1(C)OC,0,
24233,1,,,,,CCOC(=O)C1(OC)C(=O)Nc2c(C#N)c(F)cc(C(=O)Nc3ccc4c(c3)CNC4)c21,0,
24260,1,,,,,COC1(C)C(=O)C(=O)c2cc(F)cc(C(=O)Nc3ccc4c(c3)CNC4)c21,0,
24270,1,,,,,COC1(C)C(=O)Nc2c1c(C(=O)Nc1ccc3c(c1)CNC3)cc1cnsc21,0,
24275,1,,,,,COC1(C)C(=O)Nc2cc(F)cc(C(O)(Nc3ccc4c(c3)CNC4)C(=O)NCC3CCOCC3)c21,0,
24278,1,,,,,COC1(C)c2c(cc(F)cc2C(=O)Nc2ccc3c(c2)CNC3)NC12CCCCC2,0,
24315,1,,,,,CNCC1Nc2cc(F)cc(C(=O)Nc3ccc4c(c3)CNC4)c2C1(C)OC,0,
24318,1,,,,,COC1(C)C(=O)Nc2cc(F)cc(C(O)(Nc3ccc4c(c3)CNC4)C(=O)NCCCF)c21,0,
24324,1,,,,,CNCN1C(=O)C(C)(OC)c2c(C(=O)Nc3cc(Br)c4c(c3)CNC4)cc(F)cc21,0,
24329,1,,,,,COC1(C)C(=O)C2(CCN(C)CC2)c2cc(F)cc(C(=O)Nc3ccc4c(c3)CNC4)c21,0,
24337,1,,,,,CNCN1C(=O)C(C)(OC)c2c(C(=O)Nc3ccc4c(c3)CN(C)C4C)cc(F)cc21,0,
24341,1,,,,,CNCN1C(=O)C(C)(OC)c2c(C(=O)Nc3cc4c(cc3F)CNC4)cc(F)cc21,0,
24347,1,,,,,COC1(C)c2c(C(=O)Nc3ccc4c(c3)CNC4)cc(F)cc2N2CNNC21O,0,
24392,1,,,,,CC(=O)NC(O)(Nc1ccc2c(c1)CNC2CC(=O)O)c1cc(Cl)cc2[nH]ncc12,0,
24423,1,,,,,O=C(O)CC1NCC2CC1C1CCC(C(=O)O)CC21,0,
24457,1,,,,,O=C(O)CC1NCc2cc(NC(O)(C(=O)NCC(F)F)c3cc(Cl)cc4[nH]ncc34)ccc21,0,
24472,1,,,,,O=C(O)CC1NCc2cc(NC(=O)c3cc4c[nH]sc4c4nncc34)ccc21,0,
24474,1,,,,,Cc1ccc(S(=O)(=O)CNC(=O)C(O)(Nc2ccc3c(c2)CNC3CC(=O)O)c2cc(Cl)cc3n[nH]cc23)cc1,0,
24477,1,,,,,O=C(O)CC1NCc2cc(NC(O)(C(=O)NCC3CCOCC3)c3cc(Cl)cc4[nH]ncc34)ccc21,0,
24484,1,,,,,O=C(O)CC1NCc2cc(NC(=O)c3cc(Cl)cc4c3CC35CNCCC3COCN45)ccc21,0,
24492,1,,,,,Cc1c2cc(Cl)cc(C(=O)N(C(=O)NCC(F)F)c3ccc4c(c3)CNC4CC(=O)O)c2cn1O,0,
24539,1,,,,,CNCn1ncc2c(C(=O)Nc3cc4c(c5c3OC(C)(C)C5)C(CC(=O)O)NC4)cc(Cl)cc21,0,
24558,1,,,,,NCc1c(Cl)cc(C(N=O)Nc2ccc3c(c2)CNC3CC(=O)O)c2cn[nH]c12,0,
24575,1,,,,,NCN1C(=O)Cc2c(C(=O)Nc3ccc4c(n3)CNC4)cccc21,0,
24577,1,,,,,NN1C(=O)Cc2c(C(=O)Nc3ccc4c(n3)CNC4)cccc21,0,
24585,1,,,,,O=C1Cc2c(cc(Br)cc2C(=O)Nc2ccc3c(n2)CNC3)N1,0,
24590,1,,,,,CC1(CO)C(=O)Cc2c(C(=O)Nc3ccc4c(n3)CNC4)cccc21,0,
24608,1,,,,,Cc1cc(C(=O)Nc2ccc3c(n2)CNC3)c2c(c1)N1CCNCC1C2,0,
24611,1,,,,,O=C(Nc1ccc2c(n1)CNC2)C1CCC2C(=O)N3CCNCN3C(=O)CC12,0,
24613,1,,,,,CC(=O)NC1CCC2Cc3c(C(=O)Nc4ccc5c(n4)CNC5)cccc3C2(N)C1,0,
24639,1,,,,,CC(=O)NN=C(C(=O)c1ccc2c(n1)C(C)NC2)c1cccc2c1CC(=O)N2,0,
24640,1,,,,,CC1C(=O)N(CO)c2cccc(C(=O)C(=O)c3ccc4c(n3)CNC4)c21,0,
24649,1,,,,,Cc1cc2c(nc1NC(O)(O)c1cccc3c1CC(=O)N3)CNC2,0,
24659,1,,,,,NC1NCc2ccc(NC(=O)c3cc(Cl)cc4c3CC(=O)N4N)nc21,0,
24663,1,,,,,N#CC(O)(Nc1ccc2c(n1)CNC2)c1cc(Cl)cc2c1CC(=O)N2,0,
24667,1,,,,,O=C1Cc2c(cc(F)cc2C(=O)Nc2ccc3c(n2)CNC3)N1,0,
24675,1,,,,,NC1C(=O)Nc2cccc(C(=O)Nc3ccc4c(n3)CNC4)c21,0,
24688,1,,,,,CCc1cc(C(=O)Nc2ccc3c(n2)CNC3)c2c(c1)N(C)C(=O)C2,0,
24690,1,,,,,N#Cc1cc2c(nc1NC(=O)c1cc(F)cc3c1CC(=O)N3)CNC2,0,
24728,1,,,,,O=C1Cc2c(cccc2C(=O)Nc2cc(-c3ccncc3)c3c(n2)CNC3)N1,0,
24733,1,,,,,CNCN1C(=O)Cc2c(C(=O)Nc3ccc4c(n3)CNC4)cc(Cl)cc21,0,
24735,1,,,,,CN1CCC2(CC1)Cc1c(cccc1C(=O)Nc1ccc3c(n1)CNC3)N2,0,
24739,1,,,,,CNCN1C(=O)Cc2c(C(=O)Nc3ccc4c(n3)CNC4)cc(F)cc21,0,
24742,1,,,,,O=C(Nc1ccc2c(n1)CNC2)c1cc(Cl)cc2c1CC1(CCNCC1)N2,0,
24750,1,,,,,O=C(Nc1ccc2c(n1)CNC2)c1cc(Cl)cc2c1CC(=NC1CNC1)N2,0,
24755,1,,,,,CNCN1C(=O)Cc2c(C(=O)Nc3ccc4c(n3)CN(C)C4C)cc(Cl)cc21,0,
24756,1,,,,,CNCN1C(=O)Cc2c(C(=O)Nc3nc4c(c5c3OC(C)(C)C5)CNC4)cc(Cl)cc21,0,
24758,1,,,,,CNCN1C(=O)Cc2c(C(=O)Nc3cc(F)c4c(n3)CNC4)cc(Cl)cc21,0,
24759,1,,,,,CNCN1C(=O)Cc2c(C(=O)Nc3nc4c(cc3F)CNC4)cc(Cl)cc21,0,
24770,1,,,,,CNCC1Cc2c(cc(Cl)cc2C(=O)Nc2ccc3c(n2)CNC3)N1,0,
24771,1,,,,,CNCN1C(=O)Cc2c(C(=O)Nc3cc(C)c4c(n3)CNC4)cc(Cl)cc21,0,
24772,1,,,,,CN=C1Cc2c(cccc2C(=O)Nc2ccc3c(n2)CNC3)N1,0,
24789,1,,,,,CN=C1Nc2cc(F)cc(C(=O)Nc3ccc4c(c3)CNC4)c2C1(C)OC(C)C,0,
24812,1,,,,,CC(C)OC1(C)C(=NC=O)N2CCc3c(F)cc(C(=O)Nc4ccc5c(c4)CNC5)c1c32,0,
24818,1,,,,,CC(C)OC1(C)C(=O)Nc2c(C#N)c(F)cc(C(=O)Nc3ccc4c(c3)CNC4)c21,0,
24819,1,,,,,CC(C)OC1(C)c2c(C(=O)Nc3ccc4c(c3)CNC4)cc(F)cc2N2CC(N(C)C)=NC21,0,
24851,1,,,,,CC(C)OC1(C)C(=O)Nc2cc(F)cc(C(=O)C(=O)c3ccc4c(c3)CNC4)c21,0,
24853,1,,,,,CC(C)OC1(C)C(=O)N(CO)c2cc(F)cc(C(=O)C(=O)c3ccc4c(c3)CNC4)c21,0,
24858,1,,,,,CC(C)OC1(C)C(=O)N(CO)c2cc(F)cc(C(=O)C(=O)c3ccc4c(c3N)CNC4)c21,0,
24873,1,,,,,CC(C)OC1(C)C(=O)Nc2c(CN)c(F)cc(C(=O)NC3CC4=C(CNC4)C4(C3)NNNN4)c21,0,
24878,1,,,,,CC(C)OC1(C)C(=O)C(=O)c2cc(F)cc(C(=O)Nc3ccc4c(c3)CNC4)c21,0,
24908,1,,,,,CC(C)OC1(C)c2c(cc(F)cc2C(=O)Nc2ccc3c(c2)CNC3)NC12NNC(C(C)C)S2,0,
24912,1,,,,,CC(C)OC12CC(F)CNC(=O)C(O)(Nc3ccc4c(c3)CNC4)c3cc(F)cc(c31)NC2=O,0,
24923,1,,,,,CC(CO)OC12CC(F)CNC(=O)C(O)(Nc3ccc4c(c3)CNC4)c3cc(F)cc(c31)NC2=O,0,
24926,1,,,,,CNCN1C(=O)C(C)(OC(C)C)c2c(C(=O)Nc3ccc4c(c3)CNC4)cc(F)cc21,0,
24927,1,,,,,CC(C)OC1(C)C(=O)n2c(=O)[nH]c3c(F)cc(C(=O)Nc4ccc5c(c4)CNC5)c1c32,0,
24931,1,,,,,CC(C)OC1(C)C(=O)N(C(N)=O)c2cc(F)cc(C(=O)Nc3ccc4c(c3)CNC4)c21,0,
24938,1,,,,,CC(C)OC1(C)C(=O)Nc2cc(F)cc(C(O)(CC(=O)O)Nc3ccc4c(c3)CNC4)c21,0,
24951,1,,,,,CC(C)OC1(C)c2c(C(=O)Nc3ccc4c(c3)CNC4)cc(F)c3ncn(c23)C1(O)CN(C)C,0,
24953,1,,,,,CNCN1C(=O)C(C)(OC(C)C)c2c(C(=O)Nc3cc(F)c4c(c3)CNC4=O)cc(F)cc21,0,
24955,1,,,,,CNCN1C(=O)C(C)(OC(C)C)c2c(C(=O)NC3CC4=C(CNC4)CC34CCCC4=O)cc(F)cc21,0,
24957,1,,,,,CNCN1C(=O)C(C)(OC(C)C)c2c(C(=O)Nc3cc4c(c5c3OC(C)(C)C5)CNC4)cc(F)cc21,0,
24959,1,,,,,CNCN1C(=O)C(C)(OC(C)C)c2c(C(=O)Nc3cc(F)c4c(c3)CNC4)cc(F)cc21,0,
24966,1,,,,,CC(C)OC1(C)c2c(cc(F)cc2C(=O)Nc2ccc3c(c2)CNC3)NC1CN(C)C,0,
24968,1,,,,,CC(C)OC1(C)c2c(C(=O)Nc3ccc4c(c3)CNC4)cc(F)cc2N2CNNC21O,0,
24972,1,,,,,CNCN1C(=O)C(C)(OC(C)C)c2c(C(=O)Nc3cc(C)c4c(c3)CNC4)cc(F)cc21,0,
24973,1,,,,,CC(C)C12C(N)C=NC1(F)CCCC2CC(F)CNC(=O)N(C(=O)CCCF)c1ccc2c(c1)CNC2,0,
24978,1,,,,,CC(C)OC1(C)c2c(C(=O)Nc3ccc4c(c3)CNC4)cc(F)cc2N2CCNC21O,0,
24981,1,,,,,CCCC1NCC2=C1C(C)(OC(C)C)c1c(C(=O)Nc3ccc4c(c3)CNC4)cc(F)cc12,0,
25016,1,,,,,Cc1cc(NC(=O)c2cccc3c2C2(CC(C)C(F)N2)C2=C3CCC2)cc2c1CNC2,0,
25052,1,,,,,CCc1ccc(NC2CCC3(CCCC3CN)C2)c(C(=O)Nc2ccc3c(c2)CNC3)c1,0,
25094,1,,,,,NN1C(=O)Cc2c(C(Nc3ccc4c(c3)CNCC4)=C(F)F)cccc21,0,
25106,1,,,,,O=C(Nc1ccc2c(c1)CNCC2)c1cccc2c1C1(CCNCC1)C(=O)N2,0,
25128,1,,,,,CCN1C(=O)C(C2CCOC2)c2c(C(=O)Nc3ccc4c(c3)CNCC4)ccc(Cl)c21,0,
25131,1,,,,,Cc1cc(C(O)(F)Nc2ccc3c(c2)CNCC3)c2c3c1CCCNN3C(=O)C2,0,
25166,1,,,,,NCc1cc(N(C(=O)N2CCCCC2)C2=NC23CCCC2=C3CC(=O)N2)cc2c1CCNC2,0,
25185,1,,,,,O=C1Cc2c(C(=O)Nc3ccc4c(c3)CNCC4)cccc2C1=O,0,
25297,1,,,,,Cc1cc(NCC(F)N(CF)N2CCC(C3=CN=NC3=O)CC2)cc(C(Nc2ccc3c(c2)CNC3)C(=O)NCC(F)F)c1,0,
25304,1,,,,,Cc1cc(C(Nc2ccc3c(c2)CNC3)C(=O)NCC(F)F)cc(C(F)(F)ON)c1,0,
25324,1,,,,,Cc1cc(C(F)N=S(C)(=O)c2ncc[nH]2)cc(C(Nc2ccc3c(c2)CNC3)C(=O)NCC(F)F)c1,0,
25363,1,,,,,O=C(NCC(F)F)C(Nc1ccc2c(c1)CNC2)C1CC2CCCCC(OCF)C2C1,0,
25388,1,,,,,Cc1cc(C(C(=O)NCC(F)F)C(=O)C2CC3=C(CNC3)C3(C2)NNNN3)cc(C(F)(F)ON)c1,0,
25398,1,,,,,CC1CC(C(C(=O)NCC(F)F)C(=O)c2ccc3c(c2)CNC3)CC2=C1NC(=O)CO2,0,
25412,1,,,,,CC1CC(C(C(=O)NCC(F)F)C(=O)c2ccc3c(c2)CNC3)CC2(CNC(F)N2)C1,0,
25425,1,,,,,Cc1cc(C(C(=O)NCC(F)F)C(=O)c2ccc3c(c2)CNC3)c2c(c1)=C(F)N=NNC=2,0,
25446,1,,,,,Cc1cc(C(C(=O)NCC(F)F)C(=O)c2ccc3c(c2)C(N)NC3)cc2c1N=CC2(F)F,0,
25449,1,,,,,CCc1c(C(Nc2ccc3c(c2)CNC3)C(=O)NCC(F)(F)F)cc(C)cc1C(F)(F)F,0,
25489,1,,,,,CC1CC(C(C(=O)NCC(F)F)C(=O)c2ccc3c(c2)CNC3)CC2=C1NC(=O)CC2,0,
25494,1,,,,,Cc1cc(C(Nc2ccc3c(c2)CNC3)C(=O)NCC(F)(F)F)cc(C(F)(F)F)c1,0,
25500,1,,,,,CC(CC(C)C(C(=O)NCC(F)F)C(=O)c1ccc2c(c1)CNC2)c1cc(C(F)F)[nH]n1,0,
25505,1,,,,,CC1CC(C(C(=O)NCC(F)F)C(=O)c2ccc3c(c2)CNC3)CC(C(F)F)C12CNC(=O)C2C1CCNCC1,0,
25514,1,,,,,Cc1cc(C(C(=O)NCC(F)F)C(=O)C2CC3=C(CNC3)CC23CCCC3=O)cc2c(F)n(F)c(C3CNC3)c12,0,
25530,1,,,,,CNC1(c2ccc(CCC(N)=O)cc2)NC(C(CC(C)C)C(C(=O)NCC(F)F)C(=O)c2ccc3c(c2)CNC3)CC1(F)F,0,
25572,1,,,,,O=NC(Nc1cnc2c(c1)CNC2)c1cc(F)cc2[nH]ncc12,0,
25573,1,,,,,CNn1cc2c(C(=O)NC3CC4CNCC4N(C)C3)cc(F)cc2n1,0,
25583,1,,,,,O=C(Nc1cnc2c(c1)CNC2)c1cc(F)cc2nn(OCOCc3ccccc3)cc12,0,
25614,1,,,,,CS(=O)(=O)c1cc2c(cc1NC(=O)c1cccc3c(C#N)c[nH]c13)CNC2,0,
25622,1,,,,,N#Cc1c[nH]c2c(C(=O)Nc3ccc4c(c3)CNC4)cc(Br)cc12,0,
25624,1,,,,,Cc1cc(C(=O)Nc2ccc3c(c2)CNC3)c2[nH]cc(C#N)c2c1,0,
25628,1,,,,,N#Cc1c(N)[nH]c2c(C(=O)Nc3ccc4c(c3)CNC4)cccc12,0,
25645,1,,,,,CNC(O)(Nc1ccc2c(c1)CNC2)c1cccc2c(C#N)c[nH]c12,0,
25661,1,,,,,N#Cc1c[nH]c2c(C(O)(O)Nc3ccc4c(c3)CNC4)cccc12,0,
25699,1,,,,,N#Cc1c[nH]c2c(C(O)(Nc3ccc4c(c3)CNC4)C(=O)NCC(F)F)cc(Cl)cc12,0,
25710,1,,,,,N#CC1CC2(CNCN2)c2c(C(=O)Nc3ccc4c(c3)CNC4)cc(Cl)cc21,0,
25711,1,,,,,N#Cc1c(C(F)(F)F)[nH]c2c(C(=O)Nc3ccc4c(c3)CNC4)cccc12,0,
25743,1,,,,,COCCOC1(C)C(=O)C(C#N)c2cccc(C(=O)Nc3ccc4c(c3)CNC4)c21,0,
25744,1,,,,,Cc1cc(NC(=O)c2cccc3c2=NC(=O)C=3C#N)cc2c1CNC2,0,
25758,1,,,,,N#CC1=c2cccc(C(=O)Nc3cc4c(c(-c5ccncc5)c3)CNC4)c2=NC1=O,0,
25812,1,,,,,CC(C)NC(=O)C(O)(Nc1ccc2c(c1)CNC2)c1cc(Cl)cc2c1NC1(CCCCC1)C2C#N,0,
25820,1,,,,,N#CC1c2cccc(C(=O)Nc3ccc4c(c3)CNC4)c2NC12CCOCC2,0,
25838,1,,,,,O=C1Cc2c(cc(Br)cc2C(=O)Nc2ccc3c(c2)CNCCO3)N1,0,
25858,1,,,,,CC(=NC1Cc2c(cccc2C(=O)Nc2ccc3c(c2)CNCCO3)N1)N(C)C,0,
25864,1,,,,,CC(=O)NC1CCC2(Cc3c(cccc3C(=O)Nc3ccc4c(c3)CNCCO4)N2)C1,0,
25865,1,,,,,Cc1cc(NC(=O)c2cccc3c2C(F)(F)C(=O)N3)cc2c1OCCNC2,0,
25897,1,,,,,CC1C(=O)N(C)c2cccc(C(=O)C(=O)c3ccc4c(c3)CNCCO4)c21,0,
25898,1,,,,,CC(CCCN)C(Cc1cc(N)n(CCO)c1)C(=O)C(=O)c1cccc2c1CC(=O)N2,0,
25919,1,,,,,O=C1Cc2c(cc(Cl)cc2C(=O)Nc2ccc3c(c2)CNCCO3)N1,0,
25921,1,,,,,O=C1Cc2c(C(=O)Nc3ccc4c(c3)CNCCO4)cccc2C1=O,0,
25982,1,,,,,CNCC1(O)Cc2c(cc(Cl)cc2C(=O)Nc2ccc3c(c2)CNCCO3)N1,0,
25998,1,,,,,O=C(Nc1ccc2c(c1)CNCCO2)c1cccc2c1CC(=NC1CNC1)N2,0,
26072,1,,,,,CC1CC2(CNC1F)CC(Br)CC(C(C=O)(Nc1ccc3c(c1)CNC3)C(=O)NCC(F)F)C2OCc1ccccn1,0,
26096,1,,,,,CC1CC(CO)C2C(Br)CC(C(Nc3ccc4c(c3)CNC4)C(=O)NCC(F)F)C2C1Cc1ccccn1,0,
26137,1,,,,,O=C(NCC(F)F)C(Nc1ccc2c(c1)CNC2)C1CC(Br)Cc2[nH]c(=O)[nH]c21,0,
26141,1,,,,,O=C(NCC(F)F)C(Nc1ccc2c(c1)CNC2)C1CC(Br)C2=C1NC(C(F)(F)F)N2,0,
26142,1,,,,,Cc1nc2cc(Br)cc(C(Nc3ccc4c(c3)CNC4)C(=O)NCC(F)F)c2[nH]1,0,
26184,1,,,,,O=C(O)CC1NCc2cc(NC(C(=O)NCC(F)F)c3cc(Br)cc4[nH]ncc34)ccc21,0,
26340,1,,,,,CC(=O)NCC1(c2ccc3c(c2)CNC3)Nc2cc3[nH]cnc3cc2C1=O,0,
26359,1,,,,,CC1NCc2cc(NC(=O)c3cc(Cl)c4ncn(C(=O)OCc5ccccc5)c4c3)ccc21,0,
26386,1,,,,,CCCNC(=O)C(O)(Nc1ccc2c(c1)CNC2)C1CC(Cl)c2nc[nH]c2C12CNNC2,0,
26415,1,,,,,CCN(OCCCO)c1c(C(=O)Nc2ccc3c(c2)CNC3)cc(F)c2c1[NH+]([O-])C=N2,0,
26471,1,,,,,O=C(Nc1ccc2c(c1)CNC2)c1cc(Cl)c2ncn3cnc1c23,0,
26479,1,,,,,CC(C)NC(=O)C(O)(Nc1ccc2c(c1)CNC2)c1cc(Cl)c2c(c1)C1(CCCCC1)CN2,0,
26530,1,,,,,O=C(O)COC1C(C(Nc2ccc3c(c2)CNC3)C(=O)NCC(F)F)CC(CO)CC12CCNCC2,0,
26535,1,,,,,CNCC1CCC2C(CC(C)Cl)C(Nc3ccc4c(c3)CNC4)(C(=O)NCC(F)F)CN2CC1(O)NC,0,
26540,1,,,,,CS(=O)(=O)c1cc2c(cc1NC(C(=O)NCC(F)F)C1CC(Cl)CC3(CCCNC3)C1OCC(=O)O)CNC2,0,
26552,1,,,,,Cc1cc2c(c(N)c1NC(C(=O)NCC(F)F)c1cc(Cl)cc(C)c1OCC(=O)O)CNC2,0,
26572,1,,,,,Cc1cc2c(cc1NC(C(=O)NCC(F)F)c1cc(Cl)cc(C(=O)NC(C)(C)CO)c1OCC(=O)O)CNC2,0,
26577,1,,,,,NN1Cc2ccc(NC(C(=O)NCC(F)F)c3cc(Cl)cc(NC(=O)OCc4ccccc4)c3OCC(=O)O)cc2C1,0,
26579,1,,,,,NCc1cc(Cl)cc(C(Nc2ccc3c(c2)C(N)NC3)C(=O)NCC(F)F)c1OCC(=O)O,0,
26581,1,,,,,CC(C)c1nc2c(Cl)cc(C(Nc3ccc4c(c3)C(N)NC4)C(=O)NCC(F)F)c(OCC(=O)O)c2[nH]1,0,
26582,1,,,,,NCc1cc(Cl)cc(C(NC2CC3=C(CNC3)C3(C2)NNNN3)C(=O)NCC(F)F)c1OCC(=O)O,0,
26588,1,,,,,O=C(O)COC1C(C(Nc2ccc3c(c2)CNC3)C(=O)NCC(F)F)CC(Cl)CC12CNNC2,0,
26608,1,,,,,N#CC(Nc1ccc2c(c1)CNC2)(C(=O)NCC(F)F)C1CC(Cl)CC2=C1CN(C(=O)O)C2,0,
26624,1,,,,,O=C(O)COc1c(C(Nc2ccc3c(c2)CNC3)C(=O)NCC(F)F)cc(Cl)c2[nH]cc(C3CCNCC3)c12,0,
26633,1,,,,,CC(C)c1nnc(C2NCC3=C(N2)C(C(Nc2ccc4c(c2)CNC4)C(=O)NCC(F)F)CC(Cl)C3)s1,0,
26638,1,,,,,CNC1N=C(O)COc2c1cc(Cl)cc2C(Nc1ccc2c(c1)CNC2)C(=O)NCC(F)F,0,
26643,1,,,,,COCOC(=O)C1C(=O)NC2=C1C(C(C(=O)NCC(F)F)C(=O)c1ccc3c(c1)CNC3)CC(Cl)C2,0,
26658,1,,,,,O=C(O)COc1c(C(Nc2ccc3c(c2)CNC3)C(=O)NCC(F)F)cc(Cl)c2scnc12,0,
26668,1,,,,,CN1CCC(c2c[nH]c3c(Cl)cc(C(Nc4ccc5c(c4)CNC5)C(=O)NCC(F)F)c(OCC(=O)O)c23)CC1,0,
26696,1,,,,,O=C(O)COC1C(C(Nc2cc3c(cc2F)CNC3)C(=O)NCC(F)F)CC(Cl)CC12CNN(C1CNC1)C2,0,
26707,1,,,,,NCc1c[nH]c2c(Cl)cc(C(Nc3ccc4c(c3)CNC4)C(=O)NCC(F)F)c(OCC(=O)O)c12,0,
26764,1,,,,,O=C1Cc2c(cccc2C(=O)Nc2cc3c(cc2NCc2ccc(O)c(CNc4nc5ccccc5[nH]4)c2)C(=O)NC3)N1,0,
26792,1,,,,,O=C1Cc2c(cccc2C(O)(O)C2CCC3=C(CC2)C(=O)NC3)N1,0,
26794,1,,,,,CCC=NC1Cc2c(cccc2C(=O)Nc2cc3c(cc2C)C(=O)NC3)N1,0,
26851,1,,,,,N#Cc1cc2c(cc1NC(=O)c1cc(F)cc3c1CC(=O)N3)CNC2=O,0,
26876,1,,,,,NN=C1Cc2c(cc(Cl)cc2C(=O)Nc2ccc3c(c2)CNC3=O)N1,0,
26883,1,,,,,CNCC1Cc2c(cc(F)cc2C(=O)Nc2ccc3c(c2)CNC3=O)N1,0,
26927,1,,,,,CC(N=O)(Nc1ccc2c(c1)CNC2=O)c1cccc2c1CC(=O)N2N,0,
26928,1,,,,,CCCCC1C=C(c2cccc(C(=O)Nc3ccc4c(c3)CNC4=O)c2C)CN1,0,
26950,1,,,,,CCc1cc2c(c(C(=O)Oc3ccc4c(c3)CNC4)c1)CC(=O)N2,0,
26960,1,,,,,CC1C(=O)N(C(C)O)c2cc(O)cc(C(=O)Oc3ccc4c(c3)CNC4)c21,0,
26962,1,,,,,Cc1cc2c(c(C(=O)Oc3ccc4c(c3)CNC4)c1)C(CC(=O)O)C(=O)N2,0,
26975,1,,,,,CN(C)C(=O)CN1C(=O)Cc2c(C(=O)Oc3ccc4c(c3)CNC4)cccc21,0,
26985,1,,,,,CCc1ccc(C(=O)Oc2cc3c(cc2C)CNC3)c2c1NC(=O)C2,0,
27024,1,,,,,O=C(Oc1ccc2c(c1)CNC2)c1cc(Cl)cc2c1CC(N=COCc1ccccc1)N2,0,
27072,1,,,,,NC1NCc2ccc(OC(=O)c3cccc4c3CC(=O)C4=O)cc21,0,
27075,1,,,,,O=C(Oc1ccc2c(c1)CNC2)c1cccc2c1Cc1cccn1-2,0,
27098,1,,,,,CNCC1Cc2c(cc(F)cc2C(=O)Oc2ccc3c(c2)CNC3)N1,0,
27099,1,,,,,CNCN1C(=O)Cc2c(C(=O)Oc3ccc4c(c3)CNC4)cc(Br)cc21,0,
27111,1,,,,,CNCN1C(=O)Cc2c(C(=O)Oc3ccc4c(c3)CNC4)cc(F)cc21,0,
27114,1,,,,,O=C(Oc1ccc2c(c1)CNC2)c1cc(Cl)cc2c1CC1(CCNCC1)N2,0,
27123,1,,,,,CC(C)NC(=O)C(O)(Oc1ccc2c(c1)CNC2)c1cc(Cl)cc2c1CC(O)(F)N2F,0,
27126,1,,,,,O=C(Oc1ccc2c(c1)CNC2)c1cc(Cl)cc2c1CC(=NC1CNC1)N2,0,
27129,1,,,,,CNCN1C(=O)Cc2c(C(=O)OC3CC4=C(CNC4)C4(CCN(C)CC4)C3)cc(Cl)cc21,0,
27131,1,,,,,CNCN1C(=O)Cc2c(C(=O)Oc3ccc4c(c3)CN(C)C4C)cc(Cl)cc21,0,
27132,1,,,,,CNCN1C(=O)Cc2c(C(=O)Oc3cc4c(c5c3OC(C)(C)C5)CNC4)cc(Cl)cc21,0,
27133,1,,,,,CNCN1C(=O)Cc2c(C(=O)Oc3ccc4c(c3)CN(C)C4)cc(Cl)cc21,0,
27136,1,,,,,CNCN1C(=O)Cc2c(C(=O)Oc3cc(F)c4c(c3)CNC43CCCC3)cc(Cl)cc21,0,
27153,1,,,,,O=C(Oc1ccc2c(c1)CNC2)c1cc(F)cc2c1CC1(O)COCN21,0,
27154,1,,,,,NCc1ccc(C(N=O)Oc2ccc3c(c2)CNC3)c2c1NC(=O)C2,0,
27156,1,,,,,NN1C(=O)Cc2c(C(=O)Oc3ccc4c(c3)CNC4)cc(Br)cc21,0,
27166,1,,,,,CN=C1Cc2c(cc(N)cc2C(=O)Nc2cnc3c(c2)CNC3)N1,0,
27173,1,,,,,CS(=O)(=O)c1nc2c(cc1NC(=O)c1cccc3c1CC(=O)N3)CNC2,0,
27176,1,,,,,O=C(Nc1cnc2c(c1)CNC2)c1cc(O)cc2c1CC(O)N2,0,
27177,1,,,,,CC(CN)=C1Cc2c(cccc2C(=O)Nc2cnc3c(c2)CNC3)N1,0,
27179,1,,,,,C=CN1C(=O)Cc2c(C(=O)Nc3cnc4c(c3)CNC4)cccc21,0,
27187,1,,,,,Cc1cc2c(c(C(=O)Nc3cnc4c(c3)CNC4)c1)C(CC(=O)O)C(=O)N2,0,
27211,1,,,,,CCc1ccc(C(=O)Nc2cc3c(nc2C)CNC3)c2c1NC(=O)C2,0,
27227,1,,,,,Cc1nc2c(c(N)c1NC(=O)c1cccc3c1CC(=O)N3)CNC2,0,
27228,1,,,,,Nc1cc2c(c(C(=O)Nc3cnc4c(c3)CNC4)c1)CC(=O)N2,0,
27260,1,,,,,O=C1Cc2c(cc(Cl)cc2C(O)(Nc2cnc3c(c2)CNC3)C(=O)NCC(F)F)N1,0,
27262,1,,,,,O=C1Cc2c(cc(F)cc2C(=O)Nc2cnc3c(c2)CNC3)N1,0,
27263,1,,,,,CNC(=O)C(O)(Nc1cnc2c(c1)CNC2)c1cc(Cl)cc2c1CC(=O)N2,0,
27264,1,,,,,O=C1Cc2c(C(=O)Nc3cnc4c(c3)CNC4)cccc2C1=O,0,
27272,1,,,,,O=C(Nc1cnc2c(c1)CNC2)c1cc(Cl)cc2c1C1(CNCN1)C(=O)N2,0,
27284,1,,,,,CCc1cc(C(=O)Nc2cnc3c(c2)CNC3)c2c(c1)N(C)C(=O)C2,0,
27287,1,,,,,O=C1Cc2c(cc(F)cc2C(=O)NC2CC3=C(CNC3)C3(CCS(=O)(=O)CC3)C2)N1,0,
27298,1,,,,,O=C1Cc2c(cc(Br)cc2C(O)(Nc2cnc3c(c2)CNC3)C(=O)NCC(F)F)N1,0,
27301,1,,,,,CCC1C(=O)Nc2cc(Br)cc(C(O)(Nc3cnc4c(c3)CNC4)C(=O)NCC(F)F)c21,0,
27311,1,,,,,O=C(O)CC1NCc2cc(NC(=O)c3cc(Cl)cc4c3CC(=O)N4)cnc21,0,
27323,1,,,,,CCC1NCc2cc(NC(=O)c3cc(F)cc4c3CC(=O)N4)cnc21,0,
27325,1,,,,,CNCC1Cc2c(cc(F)cc2C(=O)Nc2cnc3c(c2)CNC3)N1,0,
27333,1,,,,,CNCN1C(=O)Cc2c(C(=O)Nc3cc(Br)c4c(c3)CNC4)cccc21,0,
27335,1,,,,,CNCN1C(=O)Cc2c(C(=O)Nc3cnc4c(c3)CNC4)cc(F)cc21,0,
27336,1,,,,,CC(C)NC(=O)N(C(=O)C1=CC=CSC2=C1CC(=O)N2)c1cnc2c(c1)CNC2,0,
27340,1,,,,,CNCC1Cc2c(cc(Br)cc2C(=O)Nc2cnc3c(c2)CNC3)N1,0,
27346,1,,,,,O=C(Nc1cnc2c(c1)CNC2)c1cc(Cl)cc2c1CC(=NC1CNC1)N2,0,
27351,1,,,,,CNCN1C(=O)Cc2c(C(=O)Nc3cnc4c(c3)CN(C)C4C)cc(Cl)cc21,0,
27362,1,,,,,CN=C1Cc2c(cc(Cl)cc2C(=O)Nc2cnc3c(c2)CNC3)N1,0,
27374,1,,,,,CC1CCNCC12C(=O)Cc1c(C(=O)Nc3cnc4c(c3)CNC4)cc(Cl)cc12,0,
27376,1,,,,,O=C(Nc1cnc2c(c1)CNC2)c1cc(Cl)cc2c1CC(=O)N2NC1CNC1,0,
27384,1,,,,,CC(C)NC1C(=O)Nc2ccc(C(=O)Nc3cnc4c(c3)CNC4)cc21,0,
27497,1,,,,,O=C1CC2=C(N1)C(Cl)CC(C(=O)Nc1cnc3c(c1)CNC3)C21CCNC1,0,
27516,1,,,,,CCc1c(C(O)(Nc2cnc3c(c2)CNC3)C(=O)NCC(F)F)cc(Br)c2c1CC(=O)N2,0,
27542,1,,,,,O=C(Nc1cnc2c(c1)CNC2)c1cc(F)c2c3c(n(C4CNC4)cc13)C(=O)N2,0,
27587,1,,,,,CCNC1C(=O)Nc2ccc(C(=O)Nc3cnc4c(c3)CNC4)cc21,0,
27620,1,,,,,NCc1[nH]c2c(C(=O)Nc3ccc4c(c3)CNC4)cc(Cl)cc2c1CN,0,
27676,1,,,,,Cc1[nH]c2c(C(=O)C(=O)c3ccc4c(c3)CNC4)cc(Cl)cc2c1CN,0,
27703,1,,,,,NCC1=c2cc(Cl)cc(C(=O)Nc3ccc4c(c3)CNC4)c2=NC1=O,0,
27706,1,,,,,NCC1CC2(CNCN2)c2c(C(=O)Nc3ccc4c(c3)CNC4)cc(Cl)cc21,0,
27716,1,,,,,NCc1c[nH]c2c(C(O)(Nc3ccc4c(c3)CNC4)C(=O)NCC3CCOCC3)cc(Cl)cc12,0,
27742,1,,,,,CC(C)OC1(C)C(=O)C(CN)c2cc(Cl)cc(C(=O)Nc3ccc4c(c3)CNC4)c21,0,
27748,1,,,,,NCNCc1c[nH]c2c(C(=O)Nc3ccc4c(c3)CNC4)cc(Cl)cc12,0,
27762,1,,,,,CC(C)NC(=O)N(C(=O)C1=CC(Cl)=CSc2c(CN)c[nH]c21)c1ccc2c(c1)CNC2,0,
27766,1,,,,,CN(Cc1c[nH]c2c(C(=O)Nc3ccc4c(c3)CNC4)cc(Cl)cc12)C1CCOCC1,0,
27774,1,,,,,O=C(Nc1ccc2c(c1)CNC2)C1CC(Cl)C2NC(O)C3CNC1C32,0,
27779,1,,,,,CC1(C)Cc2c3c(cc(NC(=O)c4cc(Cl)cc5c(CNCN)c[nH]c45)c2O1)CNC3,0,
27792,1,,,,,Cc1cc(NC(=O)c2cc(Cl)cc3c(CNCN)c[nH]c23)cc2c1CNC2,0,
27816,1,,,,,O=C(Nc1ccc2c(c1)CNC2)c1ccc2c(c1)C1(CCCC1)CS2,0,
27830,1,,,,,O=C(NC1C(C(=O)Nc2ccc3c(c2)CNC3)CC(=O)C2SCNC21)c1cscn1,0,
27831,1,,,,,Cc1sc2ccc(C(=O)Nc3ccc4c(c3)CNC4)cc2c1N,0,
27832,1,,,,,CC1C2=C(SC(O)N2)C(=O)CC1C(=O)Nc1ccc2c(c1)CNC2,0,
27833,1,424,5.0,121.0,20.0,N#Cc1csc2ccc(C(=O)Nc3ccc4c(c3)CNC4)cc12,0,C27833 Enamine:sRDB:Z9898714245 5.0mg @ 90% = €121.00 EUR (20 days) N#CC1=CSC=2C=CC(=CC12)C(=O)NC=3C=CC=4CNCC4C3
27836,1,,,,,CNc1csc2ccc(C(=O)Nc3ccc4c(c3)CNC4)cc12,0,
27866,1,,,,,CN1Cc2cc(NC(=O)c3cc(Cl)c4sc(NC(C)(C)CO)c(O)c4c3)cc(O)c2C1,0,
27880,1,,,,,CCOC(=O)C1CC2C(N)SC3CCC(C32)C(O)(Nc2ccc3c(c2)CNC3)C1,0,
27917,1,,,,,CC(=O)c1csc2ccc(C(=O)Nc3ccc4c(c3)CNC4)cc12,0,
27990,1,,,,,CNCc1csc2c(Br)cc(C(=O)Nc3ccc4c(c3)CNC4)cc12,0,
28003,1,,,,,CNCc1nc2cc(C(=O)Nc3cc4c(cc3F)CNC4)cc(Cl)c2s1,0,
28021,1,,,,,O=C(Nc1ccc2c(c1)CNC2)c1cc(Cl)c2c(c1)NC1(CCCNC1)S2,0,
28050,1,,,,,N#CC12CCCC(N3CCNCC3)C3CC(C(=O)Nc4ccc5c(c4)CNC5)CC(SC1)C32,0,
28086,1,,,,,Cc1cc2c(cc1NC(=O)c1cc3scc(C#N)c3c(C)c1C)CNC2,0,
28093,1,,,,,CC1(C#N)CCCC2COCC2C(C(=O)Nc2ccc3c(c2)CNC3)CCSC1,0,
28214,1,,,,,CCC1NCc2cc(NC(=O)C(CCNN)C3=CC4=CC(C#N)=CS4=C3)ccc21,0,
28216,1,,,,,N#Cc1csc2cc(C(=O)Nc3ccc4c(c3)CNC4)c3n[nH]c(C4CCNCC4)c3c12,0,
28232,1,,,,,N#CCCC1C=c2ccc(CNNC3CNC3)c(C(=O)Nc3ccc4c(c3)CNC4)c2=C1,0,
28233,1,,,,,N#CC12CSC3CC(C(=O)Nc4ccc5c(c4)CNC5)CC(C(C4CCNCC4)C1)C32,0,
28241,1,,,,,N#CC12CSC3CC(C(=O)Nc4ccc5c(c4)CNC5)CC(C(CC4CNC4)C1)C32,0,
28262,1,,,,,N#CCCC1C=c2cc(CNNC3CNC3)cc(C(=O)Nc3ccc4c(c3)CNC4)c2=C1,0,
28264,1,,,,,CCNC1CC2CC(C(=O)Nc3ccc4c(c3)CNC4)CC3SCC1(C#N)C23,0,
28271,1,,,,,N#Cc1csc2cc(C(O)(Nc3ccc4c(c3)CNC4)C(=O)NCC(F)F)cc(C(F)(F)F)c12,0,
28281,1,,,,,NCNC1=Nc2cc(C(=O)Nc3ccc4c(c3)CNC4)cc3scc1c23,0,
28292,1,,,,,Nn1nc2c(C(=NC(F)F)Nc3ccc4c(c3)CNC4)cccc2c1C1CNC1,0,
28353,1,,,,,Cc1cc(C(=NOc2cc(C)nc3ncnn23)Nc2ccc3c(c2)CNC3)c2n[nH]c(C3CNC3)c2c1,0,
28362,1,,,,,CC(=O)NCC(=O)C(Nc1ccc2c(c1)CNC2C)c1ccc(Cl)c2c(C3CNC3)n[nH]c12,0,
28366,1,,,,,Cn1nc2c(C(=O)C(=O)c3ccc4c(c3)CNC4)cccc2c1C1(C)CNC1,0,
28367,1,,,,,Cn1nc2c(C(=O)C(=O)c3ccc4c(c3)CNC4)cccc2c1C1CNC1,0,
28369,1,,,,,O=C([O-])c1c(-c2cccc3c(C4CNC4)[nH]nc23)[nH]c2cc3c(cc12)CNC3,0,
28393,1,,,,,O=C(Nc1ccc2c(c1)CNC2)c1cc(Cl)cc2c(C3CNC3)[nH]nc12,0,
28415,1,,,,,O=C(Nc1ccc2c(c1)CNC2)c1cc(Cl)cc2c1C1(CCNC1)NC2C1CNC1,0,
28427,1,,,,,O=C(Nc1ccc2c(c1)CNC2)c1ccc2c3c([nH]nc13)C1(CNC1)C(=O)N2,0,
28433,1,,,,,CC(C)C1NNC2(Nc3c(C(=O)Nc4ccc5c(c4)CNC5)cc(F)cc3C2C2CNC2)S1,0,
28489,1,,,,,CCCN1CC(c2n[nH]c3c(C(=O)Nc4ccc5c(c4)CNC5)cccc23)C1,0,
28494,1,,,,,CC1(C)CC(c2[nH]nc3c(C(=O)Nc4ccc5c(c4)CNC5)cccc23)C1,0,
28504,1,,,,,CC1NCC1c1[nH]nc2c(C(=O)Nc3ccc4c(c3)CNC4)cc(Cl)cc12,0,
28513,1,,,,,NC(=O)C12CCCNC1Nc1cc(F)cc(C(=O)Nc3cnn(Cc4ccncc4)c3)c12,0,
28555,1,,,,,COCC1CC2(CCN1)C(=O)Nc1cccc(C(=O)Nc3cnn(Cc4ccncc4)c3)c12,0,
28586,1,,,,,CC1C(=O)Nc2cccc(C(=O)N(C=O)c3cc(N)n(Cc4ccncc4)c3)c21,0,
28602,1,,,,,CC(N)c1cc(NC(=O)c2cccc3c2CC(C(=O)Cc2ccccc2)N3)cn1Cc1ccncc1,0,
28655,1,,,,,CCC1(C(O)(NC2CN3CC(c4ccncc4)CC4CNCC43C2)C(=O)NCC(F)F)CCCC2=C1CC(=O)N2,0,
28725,1,,,,,CC(C)N=C1Cc2c(cccc2C(=O)NC2CN3C(c4ccncc4)OC4CNCC43C2)N1,0,
28765,1,,,,,CN1C(=O)C(N)c2cc(C(=O)Oc3ccc4c(c3)CNC4)ccc21,0,
28771,1,,,,,NC(O)(Oc1ccc2c(c1)CNC2)c1ccc2c(c1)CC(=O)N2,0,
28794,1,,,,,COC(C)NCCC1=CC(CCC(C)C(O)(O)Oc2ccc3c(c2)CNC3)=NC1=O,0,
28847,1,,,,,NC1C(=O)Nc2ccc(C(=O)Oc3ccc4c(c3)CNC4)cc21,0,
28862,1,,,,,CCc1cc(C(=O)Oc2ccc3c(c2)CNC3)c2c3c1=NC(=O)C=3N=C2,0,
28894,1,,,,,Cc1cc(C(Oc2ccc3c(c2)CNC3)=C(C=O)CC(F)F)c(C(F)(F)F)c2c1NC(=O)C2,0,
28927,1,,,,,CN(C)CC1C(=O)Nc2ccc(C(=O)Oc3ccc4c(c3)CNC4)cc21,0,
28933,1,,,,,CNCC1(O)Cc2cc(C(=O)Oc3cc4c(c5c3COC(C)(C)C5)CNC4)cc(Cl)c2N1,0,
28934,1,,,,,CNCC1(O)Cc2cc(C(=O)Oc3cc4c(cc3F)CNC4)cc(Cl)c2N1,0,
29014,1,,,,,Cc1cc(F)ccc1NC(=O)c1cccc2c(C3CNC3)n[nH]c12,0,
29074,1,,,,,O=C(NC1CCC2CNCC2C1)c1cccc2c(C3CNC3)[n+]([O-])[nH]c12,0,
29083,1,,,,,COC1CC2(CCN1)CC(NC(=O)c1cc(F)cc3c(C4CNC4)n[nH]c13)CC1CNCC12,0,
29089,1,,,,,NCc1cc(NC(=O)c2cccc3c(C4CNC4)[n+]([O-])[nH]c23)ccc1F,0,
29097,1,,,,,CC1(OCCCO)C(=O)C(C2CNC2)c2cc(F)cc(C(=O)NC3CCC4CNCC4C3)c21,0,
29103,1,,,,,CC(C)N=C(c1cc(Cl)cc2c(C3CNC3)n[nH]c12)N(C(=O)NCC(F)F)C1CCC2CNCC2C1,0,
29134,1,,,,,O=C(NC1CCC2CNCC2C1)c1cccc2c(C3CC4(CCOCC4)C3)[nH]nc12,0,
29192,1,,,,,CC(CN)n1nc2c(C(=O)Nc3ccc4c(c3)CNC4)cccc2c1C1CCNCC1,0,
29208,1,,,,,CC(NCN1CCC(c2n[nH]c3c(C(=O)Nc4ccc5c(c4)CNC5)cccc23)CC1)c1cn(-c2ccccc2)nn1,0,
29218,1,,,,,COc1cc(C(=O)Nc2ccc3c(c2)CNC3)c2[nH]nc(C3CCNCC3)c2c1,0,
29229,1,,,,,Cc1cc(NC(=O)c2cccc3c(C4CCNCC4)n(C)c(F)c23)cc2c1CNC2,0,
29269,1,,,,,Nc1c(C(=O)Nc2ccc3c(c2)CN(N)C3)cc(Cl)c2nc(C3(Cc4ccccc4)CCCNC3)ncc12,0,
29276,1,,,,,N#CC(O)(Nc1ccc2c(c1)CNC2)c1cc(Cl)cc2c(C3CCNCC3)n[nH]c12,0,
29282,1,,,,,O=C(Nc1ccc2c(c1)CNC2)c1cc2scnc2c2c(C3CCNCC3)n[nH]c12,0,
29284,1,,,,,O=C(Nc1ccc2c(c1)CNC2)c1cc(F)c2c3c(n[nH]c13)C=N2,0,
29311,1,,,,,O=C(NC1CC2CNC3=C2C(CSC3)C1)C1CCCC2C(C3CCNCC3)NNC12,0,
29317,1,,,,,CSc1cc(C(=O)Nc2ccc3c(c2)CNC3)c2c3c(c(CCN(C)CN)[nH]c13)N=N2,0,
29352,1,,,,,O=C(Nc1ccc2c(c1)CNC2)c1cccc2c(C3CCC4(CCOCC4)CC3)n[nH]c12,0,
29392,1,,,,,CC1=Nc2c(C(=O)Nc3ccc4c(c3)CNC4)cc(Cl)c3c2c1c(O)n3N,0,
29404,1,,,,,NC(=O)c1c(N)[nH]c2c(C(=O)Nc3ccc4c(c3)CNC4)cc(Cl)cc12,0,
29406,1,,,,,NCC(N)(O)c1c[nH]c2c(C(=O)Nc3ccc4c(c3)CNC4)cc(Cl)cc12,0,
29428,1,,,,,CCNC(N)c1c[nH]c(C(CC(C)Cl)C(=O)Nc2ccc3c(c2)CNC3)c1,0,
29434,1,,,,,COCc1[nH]c2c3c(c(Cl)cc2c1C(N)=O)C=NC3Nc1ccc2c(c1)CNC2,0,
29440,1,,,,,CNC1NCc2c(O)cc(NC(=O)c3cc(Cl)cc4c(C(O)(O)NC(C)CO)c[nH]c34)cc21,0,
29455,1,,,,,CC(=O)NCC(=O)C(Nc1ccc2c(c1)CNC2C)c1cc(Cl)cc2c(C(N)=O)c[nH]c12,0,
29529,1,,,,,CCCc1c[nH]c2c(C(=O)Nc3ccc4c(c3)CNC4)cc(Cl)cc12,0,
29544,1,,,,,CNCC1(C)CNc2c(C(=O)Nc3cc(Br)c4c(c3)CNC4)cc(Cl)cc21,0,
29547,1,,,,,CCN1CCCC2(C1)Nc1c(C(=O)Nc3ccc4c(c3)CNC4)cc(Cl)cc1C2C(N)=O,0,
29550,1,,,,,CNC1C(C(=O)Nc2ccc3c(c2)CNC3)CC(Cl)C2NCNC(=O)CC21,0,
29555,1,,,,,NC(=NC1CCN1)c1c[nH]c2c(C(=O)Nc3ccc4c(c3)CNC4)cc(Cl)cc12,0,
29564,1,,,,,CNCc1c[nH]c2c(C(=O)Nc3cc(C#N)c4c(c3)CNC4)cc(Cl)cc12,0,
29565,1,,,,,CNCc1c[nH]c2c(C(=O)Nc3ccc4c(c3)CN(F)C4)cc(Cl)cc12,0,
29570,1,,,,,NN1CC2(CNc3c(C(=O)Nc4ccc5c(c4)CNC5)cc(Cl)cc32)CN1,0,
29575,1,,,,,CNCc1c[nH]c2c(C(=O)Nc3cc(C)c4c(c3)CNC4)cc(Cl)cc12,0,
29581,1,,,,,O=C(Nc1ccc2c(c1)CNC2)c1cc(Cl)cc2c1[nH]c1cocc12,0,
29583,1,,,,,NNC(=O)c1c[nH]c2c(C(N=O)Nc3ccc4c(c3)CNC4)cc(Cl)cc12,0,
29589,1,,,,,O=C(NC1CNC1)c1c[nH]c2c(C(=O)Nc3ccc4c(c3)CNC4)cc(Cl)cc12,0,
29593,1,,,,,Nn1c(C2CNC2)cc2c(C(Nc3ccc4c(c3)CNC4)C(F)(F)F)cc(F)cc21,0,
29599,1,,,,,NCc1c2cc(F)cc(C(=O)Nc3ccc4c(c3)CNC4)c2cn1C1CNC1,0,
29602,1,,,,,CS(=O)(=O)c1cc2c(cc1NC(=O)c1cc(F)cc3nn(C4CNC4)cc13)CNC2,0,
29603,1,,,,,NCc1c2c(C(=O)Nc3ccc4c(c3)CNC4)cc(F)cc2nn1C1CNC1,0,
29608,1,,,,,C=NC1CC2=C(CN(C3CNC3)N2)C(C(=O)Nc2ccc3c(c2)CNC3)C1,0,
29609,1,,,,,C=Nc1cc2nn(C3CNC3)cc2c(C(=O)Nc2ccc3c(c2)CNC3)c1C,0,
29611,1,,,,,O=C(Nc1ccc2c(c1)CNC2)c1cc(F)cc2c(CNO)n(C3CNC3)cc12,0,
29632,1,,,,,COCC(=O)Nc1cc(CCN2CC(n3cc4c(C(=O)Nc5ccc6c(c5)CNC6)cc(F)cc4n3)C2)cc(NC(C)=O)c1,0,
29650,1,,,,,CCC1=Nc2c3c(c(F)cc(C(=O)Nc4cc5c(cc4C)CNC5)c3cn2C2CNC2)N1,0,
29655,1,,,,,Cc1c2cc(F)cc(C(=O)C(=O)c3ccc4c(c3)CNC4)c2cn1C1CNC1,0,
29668,1,,,,,NCc1cc(N(C(=O)N2CCCCC2)C2=NC23CC(F)Cc2nn(C4CNC4)cc23)cc2c1CNC2,0,
29705,1,,,,,Cc1c2cc(F)cc(C(=O)Nc3ccc4c(c3)CNC4)c2cn1C1CNC1,0,
29706,1,,,,,CCc1cc(C(=O)Nc2ccc3c(c2)CNC3)c2cn(C3CNC3)c(C)c2c1,0,
29729,1,,,,,COc1c2cc(F)cc(C(=O)Nc3ccc4c(c3)CNC4)c2c(C)n1C1CNC1,0,
29733,1,,,,,N#Cc1c2cc(F)cc(C(=O)Nc3ccc4c(c3)CNC4)c2cn1C1CNC1,0,
29751,1,,,,,O=C(Nc1ccc2c(c1)CNC2)c1cc(F)cc2nn(C3CNC34CCNCC4)cc12,0,
29762,1,,,,,Cc1ccc(F)cc1C(=O)Nc1ccc2c(c1)CN(F)C2,0,
29776,1,,,,,O=C(Nc1ccc2c(c1)CNC2)c1cc(Br)cc2c3n(cc12)OC1NCCC31,0,
29777,1,,,,,CCN1CC(n2ncc3c(C(=O)Nc4ccc5c(c4)CNC5)cc(Br)cc32)C1C,0,
29779,1,,,,,NC1NCC1n1ncc2c(C(=O)Nc3ccc4c(c3)CNC4)cc(Br)cc21,0,
29784,1,,,,,Nn1cc2c(C(=O)Nc3ccc4c(c3)CNC4)cc(Br)cc2c1C1CNC1,0,
29817,1,,,,,CCC1CC2=C(CNN2C2CNC2)C(C(=O)Nc2cc3c(cc2C)CNC3)C1,0,
29859,1,,,,,O=C(Nc1ccc2c(c1)CNC2)c1cc(Br)cc2nn(CC3(Cc4ccccc4)CCN3)cc12,0,
29870,1,,,,,CCc1cc(C(=O)Nc2ccc3c(c2)CNC3)c2cnn(C3CNC3)c2c1,0,
30005,1,,,,,O=C(Nc1ccc2c(c1)CNC2)C1CC(Cl)C(Cl)C2=C1C1(CCOC1)NN2C1CNC1,0,
30006,1,,,,,CNC1NCC1n1c(C(N)=O)cc2c(C(=O)Nc3ccc4c(c3)CNC4)cc(Cl)c(C#N)c21,0,
30009,1,,,,,O=C(Nc1ccc2c(c1)CNC2)c1cc(CO)cc2c1cnn2C1CNC1,0,
30031,1,,,,,NN1CCC(C(=O)Nc2ccc3c(c2)CNC3)CC(Cl)CCCC2(CNC2)N1,0,
30032,1,,,,,O=C(C(=O)c1cc(Cl)cc2c1cnn2C1CNC1)c1ccc2c(c1)CNC2,0,
30061,1,,,,,N#CC(O)(Nc1ccc2c(c1)CNC2)c1cc(Cl)cc2c1cnn2C1CNC1,0,
30073,1,,,,,O=C(Nc1ccc2c(c1)CNC2)c1cc(Cl)cc2c1C1(CNCN1)NN2C1CNC1,0,
30078,1,,,,,Cc1ccc(S(=O)(=O)CNC(=O)C(O)(Nc2ccc3c(c2)CNC3)c2cc(Cl)cc3c2cnn3C2CNC2)cc1,0,
30079,1,,,,,O=C(Nc1ccc2c(c1)CNC2)c1cc(Cl)cc2c1C1(CCNC1)NN2C1CNC1,0,
30090,1,,,,,COC1CC2(CCN1)CC(NC(=O)c1cc(Cl)cc3c1cnn3C1CNC1)CC1=C2CNC1,0,
30105,1,,,,,O=C(NCC(F)F)C(Nc1ccc2c(c1)CNC2)(OCc1ccccn1)c1cc(Cl)cc2c1cnn2C1CNC1,0,
30113,1,,,,,O=C(O)N=C(Nc1ccc2c(c1)CNC2)c1cc(Cl)cc2c1cnn2C1CNC1,0,
30137,1,,,,,O=C(Nc1cc(F)c2c(c1)CNC21CCCC1)c1cc(Cl)cc2c1cnn2C1CNC1,0,
30138,1,,,,,N#Cc1cc(NC(=O)c2cc(Cl)cc3c2cnn3C2CNC2)cc2c1CNC2,0,
30139,1,,,,,O=C(Nc1ccc2c(c1)CN(F)C2)c1cc(Cl)cc2c1cnn2C1CNC1,0,
30145,1,,,,,NCc1cc2c(C(=O)Nc3ccc4c(c3)CNC4)cc(Cl)cc2n1C1CNC1,0,
30146,1,,,,,CC1NCC1n1ncc2c(C(=O)Nc3ccc4c(c3)CNC4)cc(Cl)cc21,0,
30152,1,,,,,O=C(Nc1ccc2c(c1)CNC2)c1cc(Cl)cc2c1CN1CNCN3NCCC3N21,0,
30230,1,,,,,CCC(Cc1[nH]c(CCNC)cc1C1CCN(C)CC1)C1(C=O)C(NC(C)=O)c2cc(CNC)ccc2N1C,0,
30253,1,,,,,CN1CCC(c2c[nH]c3c(Cl)cc(C(=O)Nc4ccc5c(c4)CNC5)cc23)CC1,0,
30267,1,,,,,CCCC(CC)CNCC,0,
30436,1,,,,,Cc1cc2[nH]c(-c3cc(Cl)cc4c(C(=N)N)c[nH]c34)c(C(=O)[O-])c2cc1C,0,
30445,1,,,,,COc1c(Nc2ccc3c(c2)CCNCC3)c(O)c2cc(Cl)cc3c2c1C=C3C(=N)N,0,
30465,1,,,,,CC1(S(C)(=O)=O)N=C(N)C2C3CC(Cl)CC(C(=O)NC4CCC5CNCC5C4)C3NC21,0,
30473,1,,,,,NCC1CCCC2=C1CCNC1C(CCC1C(=O)NC1CCC3=C(CNC3)C1)SCC2,0,
30564,1,,,,,CCCCc1cc(-c2cc(Cl)cc(C(=O)NC3CCC4CNCC4C3)c2N)cn1N,0,
30604,1,,,,,CC(NCCN=C1CCc2cc(C(=O)Nc3ccc4c(c3)CNC4)ccc2N1)c1cn(-c2ccccc2)nn1,0,
30669,1,,,,,CCC1CC(=O)Nc2c(Cl)cc(C(O)(Nc3ccc4c(c3)CNC4)C(=O)NCC(F)F)cc21,0,
30679,1,,,,,O=C1CC(C(F)(F)F)c2cc(C(=O)Nc3ccc4c(c3)CNC4)ccc2N1,0,
30681,1,,,,,O=C1CC(=O)c2cc(C(=O)Nc3ccc4c(c3)CNC4)ccc2N1,0,
30694,1,,,,,N#Cc1cc2c(cc1NC(=O)c1cc(F)c3c(c1)CCC(=O)N3)CNC2,0,
30707,1,,,,,CCc1c(C(O)(Nc2ccc3c(c2)CNC3)C(=O)NCC(F)F)cc(Br)c2c1CCC(=O)N2,0,
30708,1,,,,,O=C1Cc2cccc3c(C(O)(Nc4ccc5c(c4)CNC5)C(=O)NCC(F)F)cc(Br)c(c23)N1,0,
30714,1,,,,,Cc1cc(NC(=O)c2ccc3c(c2)C(=O)CC(=O)N3)cc2c1CNC2N,0,
30724,1,,,,,O=C1CC(=O)c2cc(C(=O)Nc3ccc4c(c3)CNC4=O)ccc2N1,0,
30748,1,,,,,CNCC1Cc2cc(C(=O)Nc3ccc4c(c3)CNC4)cc(Cl)c2NC1=O,0,
30753,1,,,,,CC(C)NC(=O)C(O)(Nc1ccc2c(c1)CNC2)c1cc(Cl)c2c(c1)C(F)(NF)CC(=O)N2,0,
30756,1,,,,,O=C1CC(CC2CNC2)c2cc(C(=O)Nc3ccc4c(c3)CNC4)cc(Cl)c2N1,0,
30768,1,,,,,CNCC1Cc2cc(C(=O)Nc3ccc4c(c3)CN(CC(F)F)C4)cc(Cl)c2NC1=O,0,
30775,1,,,,,CNCC1C2=C3C(NC1O)C(F)CC(C(=O)Nc1ccc4c(c1)CNC4)C3NC2c1ccc(OC)nn1,0,
30777,1,,,,,CNCC1CC(=O)Nc2c(Cl)cc(C(=O)Nc3ccc4c(c3)CNC4)cc21,0,
30789,1,,,,,CNCC1C(=O)NC2C3=C1CNC3C(C(=O)Nc1ccc3c(c1)CNC3)CC2F,0,
30797,1,,,,,Cc1cc2c(C(=O)Nc3ccc4c(c3)CNC4)cccc2n1C1CNC1,0,
30800,1,,,,,CC(=O)NC[N+]([O-])(C(=O)c1cccc2c1c(C)nn2C1CNC1)c1ccc2c(c1)CNC2,0,
30804,1,,,,,O=C(Nc1ccc2c(c1)CNC2)C1CC(F)CC2C1C1CCNCN1N2C1CNC1,0,
30886,1,,,,,O=C(Nc1ccc2c(c1)CNC2)c1cccc2c1cnn2C1(NO)CNC1,0,
30900,1,,,,,O=C(Nc1ccc2c(c1)CNC2)c1cccc2c1CC13CCNCC1OC1NCCC1N23,0,
30921,1,,,,,O=C(NCC(F)F)C(O)(Nc1ccc2c(c1)CNC2)c1c(OCc2ccccn2)c(Br)cc2c1cnn2C1CNC1,0,
30968,1,,,,,NCn1cc2c(C(CC(=O)O)Nc3ccc4c(c3)CNC4)cc(Cl)cc2n1,0,
30970,1,,,,,Nn1ncc2c(C(CC(=O)O)Nc3ccc4c(c3)CNC4)cc(Cl)cc21,0,
31004,1,,,,,COc1n[nH]c2cc(Cl)cc(C(O)(CC(=O)O)Nc3ccc4c(c3)CNC4)c12,0,
31058,1,,,,,O=C(O)CC(Nc1ccc2c(c1)CNC2)c1cc(Cl)cc2c1=C[NH+]([O-])N=2,0,
31092,1,,,,,Cc1c2cc(Cl)cc(C(Nc3ccc4c(c3)CNC4)C(C)C(=O)N(F)F)c2cn1O,0,
31111,1,,,,,N#Cn1ncc2c(C(CC(=O)O)Nc3ccc4c(c3)CNC4)cc(Cl)cc21,0,
31124,1,,,,,O=C(O)C(CCCF)C(Nc1ccc2c(c1)CNC2)c1cc(Cl)cc2[nH]ncc12,0,
31150,1,,,,,CNCn1ncc2c(C(O)(CC(=O)O)Nc3cc(C#N)c4c(c3)CNC4)cc(Cl)cc21,0,
31163,1,,,,,O=C(O)CC(Nc1ccc2c(c1)CNC2)c1cc(Cl)cc2c1CC1(CCNC1)N2,0,
31279,1,,,,,O=C(NC1CC(Br)C2CNCC2C1)c1cc(Cl)cc2c(C3CNC3)n(C(=O)OCc3ccccc3)nc12,0,
31282,1,,,,,CC(C)n1nc2c(C(=O)Nc3cc(Br)cc(CN)c3)cccc2c1C1CNC1,0,
31284,1,,,,,O=C(Nc1cc(Br)c2c(c1)C=NC=CO2)c1cc(Cl)cc2c(C3CNC3)n[nH]c12,0,
31288,1,,,,,N#CC1C(NC(=O)c2cc(F)cc3c(C4CNC4)n[nH]c23)CC2CNCC2C1Br,0,
31314,1,,,,,O=C(Nc1cc(Br)c2ccncc2c1)c1cccc2c(C3CNC3)[n+]([O-])[nH]c12,0,
31325,1,,,,,O=C(NCC(F)F)C(O)(NC1CC(Br)C2CNCC2C1)c1cc(Cl)cc2c(C3CNC3)n[nH]c12,0,
31327,1,,,,,O=C(NC1CC(Br)C2CNCC2C1)c1cc(Br)cc2c(C3CNC3)n[nH]c12,0,
31349,1,,,,,O=C(NC1CC(Br)C2CNCC2C1)c1cc(Cl)cc2c(C3CNC3)n(CC3CCNCC3)nc12,0,
31361,1,,,,,CCc1ccc(NC(=O)c2cc(Cl)cc3c(C4CNC4)n[nH]c23)cc1Br,0,
31398,1,,,,,COCc1cc(Cl)cc(C(Nc2cc3c(cc2S(C)(=O)=O)CNC3)C(=O)NCC(F)F)c1,0,
31407,1,,,,,CNc1cc(COC)c(C)c(C(Nc2ccc3c(c2)CNC3)C(=O)NCC(F)F)c1,0,
31448,1,,,,,CNC1CCC2(CC(Cl)CC3(C(Nc4ccc5c(c4)CNC5)C(=O)NCC(F)F)C=NCC32)C(NC)N1,0,
31507,1,,,,,COn1ncc2c(C(Nc3ccc4c(c3)CNC4)C(=O)NCC(F)F)cc(Cl)cc21,0,
31527,1,,,,,COCC1CC(C(C(=O)NCC(F)F)C(=O)c2ccc3c(c2)CNC3)CC(Cl)C12CNC(=O)C2,0,
31539,1,,,,,CCOCc1cc(Cl)cc(C(Nc2ccc3c(c2)CNC3)C(=O)NCC(F)F)c1,0,
31613,1,,,,,NNC1=C(C2CCNCC2)OC=C(CC(CCCl)C(O)(Nc2ccc3c(c2)CNC3)C(=O)NCC(F)F)C=C1,0,
31624,1,,,,,CC1(C2CNC3=C2CC(C(C(=O)NCC(F)F)C(=O)c2ccc4c(c2)CNC4)CC3Cl)CNC1,0,
31646,1,,,,,Cn1cc2c(C(=O)Nc3ccc4c(c3)CNC4)cc(F)cc2c1C1CNC1,0,
31653,1,,,,,CC1N(CCO)CC1(O)n1ncc2c(C(=O)Nc3ccc4c(c3)CNC4)cc(F)cc21,0,
31655,1,,,,,O=C(Nc1ccc2c(c1)CNC2)c1cc(F)cc2c1c[n+]([O-])n2C1CNC1,0,
31658,1,,,,,CS(=O)(=O)c1cc2c(cc1NC(=O)c1cc(F)cc3c1cnn3C1CNC1)CNC2,0,
31698,1,,,,,Cc1cc2c(cc1NC(=O)c1cc(F)c3c4c1cnn4C1(CN(C)C1)N3)CNC2,0,
31707,1,,,,,CC(=O)NCC1(c2ccc3c(c2)CNC3)Nc2c(F)cc3c(cnn3C3CNC3)c2C1=O,0,
31709,1,,,,,CN1Cc2c(C(=O)C(=O)c3ccc4c(c3)CNC4)cc(F)cc2N1CN1CCC1,0,
31710,1,,,,,Cc1cc2c(C(=O)C(=O)c3ccc4c(c3)CNC4)cc(F)cc2n1C1CNC1,0,
31721,1,,,,,CC1C(n2ncc3c(C(=O)Nc4ccc5c(c4)CNC5)cc(F)cc32)CN1C,0,
31728,1,,,,,NC1(n2ncc3c(C(=O)Nc4ccc5c(c4)CNC5)cc(F)cc32)CNC1,0,
31733,1,,,,,CC(C)NC(=O)C(O)(Nc1ccc2c(c1)CNC2)c1cc(F)cc2c1cnn2C1CNC1,0,
31743,1,,,,,O=C(Nc1ccc2c(c1)CNC2)c1cc(F)cc2c1C1(CNCN1)NN2C1CNC1,0,
31754,1,,,,,O=C(Nc1ccc2c(c1)CNC2)c1cc(F)cc2c1CC13CCCCC1OC1NCCC1N23,0,
31763,1,,,,,CCc1nn(C2CNC2)c2cc(F)cc(C(O)(Nc3ccc4c(c3)CNC4)C(=O)NCC(F)F)c12,0,
31770,1,,,,,O=C1NCc2cc(NC(=O)c3cc(F)cc4c3c[n+]([O-])n4C3CNC3)ccc21,0,
31787,1,,,,,CN1CC(n2ncc3c(C(=O)Nc4ccc5c(c4)CNC5)cc(F)cc32)C1,0,
31790,1,,,,,CN(C)Cn1cc2c(C(=O)Nc3ccc4c(c3)CNC4)cc(F)cc2c1C1CNC1,0,
31791,1,,,,,O=C(Nc1ccc2c(c1)CNC2)c1cc(F)cc2c(C3CNC3)n(CC3CNC3)cc12,0,
31796,1,,,,,CC1(C)Cc2c3c(cc(NC(=O)c4cc(F)cc5c4cnn5C4CNC4)c2O1)CNC3,0,
31806,1,,,,,CC1(C)CC(n2ncc3c(C(=O)Nc4ccc5c(c4)CNC5)cc(F)cc32)C1,0,
31807,1,,,,,Cc1cc(NC(=O)c2cc(F)cc3c2cnn3C2CNC2)cc2c1CNC2,0,
31814,1,,,,,CC1NCC1n1ncc2c(C(=O)Nc3ccc4c(c3)CNC4)cc(F)cc21,0,
31822,1,,,,,CC(C)NC(=O)C(Nc1ccc2c(c1)CNC2)c1ccc2sc(C(=O)NC(C)(C)CO)c(Cl)c2c1,0,
31840,1,,,,,CCC(CC1=CS(CCCCS(C)(=O)=O)=CN1)C(Nc1ccc2c(c1)CNC2)C(=O)NC(C)C,0,
31846,1,,,,,CC(C)NC(=O)C(Nc1ccc2c(c1)CNC2)c1ccc2sc(NC(=O)c3ccncc3F)nc2c1,0,
31848,1,,,,,CC(C)NC(=O)C(Nc1ccc2c(c1)CNC2)c1ccc2c(c1)NC(OC(C)C(N)=O)=S2C#N,0,
31859,1,,,,,COC1CC2(CCN1)c1scnc1CC(C(Nc1ccc3c(c1)CNC3)C(=O)NC(C)C)C2O,0,
31983,1,,,,,CC(C)NC(=O)C1C(c2ccc3c(c2)CNC3)=Cc2c(NCCC(N)=O)cc(NCS)cc21,0,
31993,1,,,,,CC(C)NC(=O)C(C(=O)c1ccc2c(c1)CNC2)c1ccc2c(c1)NCS21CCNCC1,0,
31995,1,,,,,CC(C)NC(=O)C(Nc1ccc2c(c1)CNC2)C1(O)CC2=CNN(C3CNC3)S3=CN(Cl)C(=C23)C1,0,
31999,1,,,,,CC(C)NC(=O)C(C(=O)c1ccc2c(c1)CNC2)c1cc(NCS)cc(NNCC2CCN(C)CC2)c1,0,
32002,1,,,,,CC(C)NC(=O)C(C(=O)c1ccc2c(c1)CNC2)c1cc2c3c(c1)C(CC1CCNCC1)=NS3=CN2,0,
32010,1,,,,,CC(C)NC(=O)C1C(c2ccc3c(c2)CNC3)=Cc2c(NCN)cc(NCS)cc21,0,
32014,1,,,,,CC(C)NC(=O)C(C(=O)c1ccc2c(c1)CNC2)c1cc2c3c(c1)N(C1CCNCC1)N=S3C=N2,0,
32019,1,,,,,CC(C)NC(=O)C(C(=O)c1ccc2c(c1)CNC2)C1Cc2ncsc2C2(CCNN2)C1,0,
32040,1,,,,,CCN1CCC(c2c[nH]c3c(C)cc(C(=O)Nc4ccc5c(c4)CNC5)cc23)CC1,0,
32041,1,,,,,CCN1CCC2C(CNCCC23CNc2ccc(C(=O)Nc4ccc5c(c4)CNC5)cc23)C1,0,
32045,1,,,,,CCN1CCC(c2c[nH]c3c(C#N)cc(C(=O)Nc4ccc5c(c4)CNC5)c(C)c23)CC1,0,
32048,1,,,,,C=Cc1cc(C(=O)Nc2ccc3c(c2)CNC3)c(C)c2c(C3CCN(CC)CC3)c[nH]c12,0,
32065,1,,,,,CCN1CCC(NCc2ccc(CNc3nc4ccccc4[nH]3)c(O)c2)(c2c[nH]c3ccc(C(=O)Nc4ccc5c(c4)CNC5)cc23)CC1,0,
32066,1,,,,,CCN1CCC(c2c(C(=O)c3ccncc3F)[nH]c3c(O)cc(C(=O)Nc4ccc5c(c4)CNC5)cc23)CC1,0,
32118,1,,,,,CCN1CCC(c2c(N)[nH]c3c(Cl)cc(C(=O)Nc4ccc5c(c4)CNC5)cc23)CC1,0,
32124,1,,,,,CCN1CCC(c2c[nH]c3c(Cl)cc(C(O)(Nc4ccc5c(c4)CNC5)C(=O)NCC(F)F)cc23)CC1,0,
32125,1,,,,,CCN1CCC(c2c[nH]c3c(F)cc(C(=O)Nc4ccc5c(c4)CNC5)cc23)CC1,0,
32143,1,,,,,CCC1CC(C(=O)Nc2ccc3c(c2)CNC3)C2CC3(CCN(CC)CC3)C3CCCC3CC12,0,
32180,1,,,,,CCN1CCC(c2c(CNC)[nH]c3ccc(C(=O)Nc4cc(F)c5c(c4)CNC5)cc23)CC1,0,
32186,1,,,,,CCN1CCC(C)(c2c[nH]c3c(Cl)cc(C(O)(Nc4ccc5c(c4)CNC5)C(=O)NCCCF)cc23)CC1,0,
32187,1,,,,,CCN1CCC(c2c[nH]c3c(Cl)cc(C(O)(Nc4ccc5c(c4)CNC5)C(=O)NCCCF)cc23)CC1,0,
32201,1,,,,,CCN1CCC(c2c(CNC)[nH]c3c(Cl)cc(C(=O)Nc4cc5c(c6c4COC(C)(C)C6)CNC5)cc23)CC1,0,
32240,1,,,,,Cc1cc(C(=O)Nc2cccc(F)c2)c2nn(CN)c(C3CNC3)c2c1,0,
32279,1,,,,,Cn1c(C2CNC2)c2cccc(C(=O)Nc3cccc(F)c3)c2c1F,0,
32298,1,,,,,Nn1nc(C2CNC2)c2cccc(C(=O)Nc3cccc(F)c3)c21,0,
32345,1,,,,,CC(C)OC(NC1CCC2CNCC2C1)(C(=O)NCC(F)F)c1cc(Cl)cc2c(C3CNC3)n[nH]c12,0,
32346,1,,,,,O=C1NCc2cc(NC(=O)c3cccc4c(C5CNC5)[n+]([O-])[nH]c34)ccc21,0,
32377,1,,,,,CC1NCC1c1n[nH]c2c(C(=O)NC3CCC4CNCC4C3)cccc12,0,
32386,1,,,,,O=C(Nc1ccc2c(c1)CNC2)c1cc(Cl)c2[nH]c3c(c2c1)C1CCNCC1C3,0,
32396,1,,,,,Nc1[nH]c2c(Cl)cc(C(=O)Nc3ccc4c(c3)CNC4)cc2c1C1CCNCC1,0,
32438,1,,,,,CS(=O)(=O)C1CCC2CC(CCC23CNC3)C(C(=O)c2cc(Cl)c3[nH]cc(C4CCNCC4)c3c2)C1,0,
32477,1,,,,,O=C1N=c2c(Cl)cc(C(=O)Nc3ccc4c(c3)CNC4)cc2=C1C1CCNCC1,0,
32497,1,,,,,O=C(NC1CC2CNC3=C2C(CSC3)C1)c1cc(Cl)c2[nH]cc(C3CCNCC3)c2c1,0,
32508,1,,,,,Cc1cc(NC(=O)c2cc(Cl)c3c(c2)=C(C2CCNCC2)C(=O)N=3)cc2c1CNC2,0,
32519,1,,,,,CCC1NCc2cc(NC(=O)c3cc(Cl)c4[nH]cc(C5CCNCC5)c4c3)ccc21,0,
32523,1,,,,,CNCc1[nH]c2c(Cl)cc(C(=O)Nc3cc(Br)c4c(c3)CNC4)cc2c1C1CCNCC1,0,
32529,1,,,,,CC(C)NC(=O)C(O)(Nc1ccc2c(c1)CNC2)c1cc(Cl)c2[nH]cc(C3(F)CCNCC3F)c2c1,0,
32540,1,,,,,O=C(Nc1ccc2c(c1)CNC2)c1cc(Cl)c2c(c1)C(C1CCNCC1)C1(CCCNC1)N2,0,
32543,1,,,,,O=C(Nc1ccc2c(c1)CNC2)c1cc(Cl)c2c(c1)C(C1CCNCC1)C1(CCNC1)N2,0,
32553,1,,,,,O=C(Nc1ccc2c(c1)CNC2)c1cc(F)c2c(c1)C1(CCCC3CNCCC31)CN2,0,
32559,1,,,,,O=C(Nc1ccc2c(c1)CNC2)c1cc2ncn3cc(C4CCNCC4)c(c1)c23,0,
32567,1,,,,,OC(O)(Nc1ccc2c(c1)CNC2)c1cc(F)c2[nH]cc(C3CCNCC3)c2c1,0,
32581,1,,,,,O=C(Nc1ccc2c(c1)CNC2)c1cc(F)c2[nH]cc(C3CCNCC3)c2c1O,0,
32598,1,,,,,OC(O)(c1cc(F)c2[nH]cc(C3CCNCC3)c2c1)c1cc2cc3c(cc2[nH]1)CNC3,0,
32599,1,,,,,COc1cc(C(=NOc2cc(C)nc3ncnn23)Nc2ccc3c(c2)CNC3)ccc1N,0,
32603,1,,,,,O=C(Nc1ccc2c(c1)CNC2)c1cc(F)c2[nH]c(Br)c(C3CCNCC3)c2c1,0,
32605,1,,,,,Nc1c(C(=O)Nc2ccc3c(c2)CNC3)cc(F)c2[nH]cc(C3CCNCC3)c12,0,
32612,1,,,,,CC1(C2CCNCC2)c2cc(C(=O)C(=O)c3ccc4c(c3)CNC4)cc(F)c2NC1O,0,
32619,1,,,,,Cc1cc(C(=O)C(=O)c2cc(F)c3[nH]c(NC(C)(C)CO)c(C4CCNCC4)c3c2)cc2c1CNC2,0,
32623,1,,,,,COc1nc2c(cc(F)c3[nH]cc(C4CCNCC4)c32)c(O)c1Nc1ccc2c(c1)CNC2,0,
32625,1,,,,,NN1Cc2ccc(NC(=O)c3cc(F)c4[nH]cc(C56CCNC7(CCCCC7)CC5CC=N6)c4c3)cc2C1,0,
32628,1,,,,,CC1CNCCC1(C)c1c[nH]c2c(F)cc(C(=O)Nc3ccc4c(c3)CNC4)cc12,0,
32631,1,,,,,CC(C)NC(=O)C(O)(Nc1ccc2c(c1)CNC2)c1cc(F)c2[nH]cc(C3CCNCC3)c2c1,0,
32635,1,,,,,O=C1N=c2c(F)cc(C(=O)Nc3ccc4c(c3)CNC4)cc2=C1C1CCNCC1,0,
32636,1,,,,,CCc1cc(C(=O)Nc2ccc3c(c2)CNC3)c2c3c(c[nH]c13)C1(CCNCC1(CC)CC)NC2,0,
32637,1,,,,,O=C(NCc1cccnc1)C(O)(Nc1ccc2c(c1)CNC2)C1CC(F)c2[nH]cc(C3CCNCC3)c2C12CNNC2,0,
32644,1,,,,,O=C(Nc1ccc2c(c1)CNC2)c1cc(F)c2[nH]cc(C3CCNC(F)C3)c2c1,0,
32646,1,,,,,CC(C)CNC(=O)C(O)(Nc1ccc2c(c1)CNC2)C1CC(F)c2[nH]cc(C3CCNCC3)c2C12CNNC2,0,
32650,1,,,,,O=C(Nc1ccc2c(c1)CNC2)C1CC(F)c2[nH]cc(C3CCNCC3)c2C12CCNC2,0,
32659,1,,,,,FC1CC2(Cc3c(C4CCNCC4)c[nH]c31)N=C2Nc1ccc2c(c1)CNC2,0,
32671,1,,,,,CC1CNCCC1c1c[nH]c2c(F)cc(C(=O)Nc3ccc4c(c3)CNC4)cc12,0,
32676,1,,,,,O=C(Nc1ccc2c(c1)CNC2)c1cc(F)c2[nH]c3c(c2c1)C1CCNCC1NC3,0,
32679,1,,,,,O=C(Nc1cc(F)c2c(c1)CNC2)c1cc(F)c2[nH]c3c(c2c1)C1CCNCC1NC3,0,
32693,1,,,,,O=C(Nc1cc(F)c2c(c1)CNC2=O)c1cc(F)c2[nH]c3c(c2c1)C1CCNCC1NC3,0,
32702,1,,,,,O=C(Nc1ccc2c(c1)CN(C(F)F)C2)C1CC(F)C2NC3CNC4CNCCC4C3C2C1,0,
32710,1,,,,,O=C(Nc1ccc2c(c1)CNC2)c1cc(F)c2[nH]c3c(c2c1)C1CCNCC1NCCC3,0,
32722,1,359,5.0,121.0,20.0,Nc1ccc(C(=O)NC2CCC3(CC2)CNC3)cc1,0,C32722 Enamine:sRDB:Z4362190825 5.0mg @ 90% = €121.00 EUR (20 days) NC=1C=CC(=CC1)C(=O)NC2CCC3(CNC3)CC2
32777,1,,,,,CCC1=CC2(CCN(C)CC2)c2c3cc(C(=O)Nc4cc5c(cc4C)CNC5)ccc3nn21,0,
32844,1,,,,,COC1CC2(CCN1)CC(NC(=O)c1cc(F)c3[nH]nc(C4CCN(C)CC4)c3c1)CC1=C2CNC1,0,
32884,1,,,,,CCN1CCC(c2n[nH]c3ccc(C(=O)Nc4ccc5c(c4)CNC5)cc23)CC1,0,
32888,1,,,,,CNCn1nc2c(Cl)cc(C(=O)Nc3cc(F)c4c(c3)CNC4=O)cc2c1C1CCN(C)CC1,0,
32910,1,,,,,CN1CCC(c2c3cc(C(=O)Nc4ccc5c(c4)CNC5)cc(Br)c3nn2N)CC1,0,
32923,1,,,,,CC(C)C1NCC1n1ncc2c(C(N)=O)cc(Cl)cc21,0,
32959,1,,,,,O=C(Nc1cnn2c1CNCC2)c1cc(Cl)cc2c1cnn2C1CNC1,0,
32992,1,,,,,Cc1cc2c(C(=O)C(=O)C3CCNCC3)cc(Cl)cc2n1C1CNC1,0,
33047,1,,,,,O=C(O)COC(NC(=O)NCC(F)F)(c1ccc2c(c1)CNC2)c1cc(Cl)cc2c1cnn2C1CNC1,0,
33064,1,,,,,CN(C)Cn1cc2c(C(=O)Nc3ccc4c(c3)CNC4)cc(Cl)cc2c1C1CNC1,0,
33079,1,,,,,NCC1CCC(C(=O)Nc2ccc3c(c2)CNC3)CC1Cl,0,
33082,1,,,,,Nn1nc2ccc(C(=O)Nc3ccc4c(c3)CNC4)cc2c1C1CCNCC1,0,
33084,1,,,,,Cc1cc(C(=O)Nc2ccc3c(c2)CNC3)cc2c(C3CCNCC3)n(CN)nc12,0,
33094,1,17,5.0,50.0,10.0,CNCC1CCNCC1,0,C33094 Enamine:HTS:Z756920434 5.0mg @ 90% = €50.00 EUR (10 days) CNCC1CCNCC1
33113,1,,,,,Cc1cc(C(O)(F)Nc2ccc3c(c2)CNC3)cc2c3n(nc12)CCCNC31CCNCC1,0,
33137,1,,,,,Cc1cc2c(c(N)c1NC(=O)c1ccc3n[nH]c(C4CCNCC4)c3c1)CNC2,0,
33141,1,,,,,Nc1c(C(=O)Nc2ccc3c(c2)CNC3)ccc2c1c(C1CCNCC1)nn2Cl,0,
33180,1,,,,,O=C(NC1CCOCC1)C(O)(Nc1ccc2c(c1)CNC2)c1cc(Cl)c2n[nH]c(C3CCNCC3)c2c1,0,
33181,1,,,,,O=C(Nc1ccc2c(c1)CNC2)C1CC(Cl)c2n[nH]c(C3CCNCC3)c2C12CNCN2,0,
33214,1,,,,,CSc1cc2c(cc1NC(=O)c1cc(F)c3n[nH]c(C4CCNCC4)c3c1)CNC2,0,
33218,1,,,,,CCOC(C)(C)NC1(c2[nH]nc3c(F)cc(C(=O)Nc4ccc5c(c4)CNC5)cc23)CCNCC1,0,
33227,1,,,,,CCC1NCc2cc(NC(=O)c3cc(F)c4n[nH]c(C5CCNCC5)c4c3)ccc21,0,
33233,1,,,,,CNCn1nc2c(Cl)cc(C(=O)Nc3ccc4c(c3)CNC4)cc2c1C1CCNCC1,0,
33239,1,,,,,CNCn1nc2c(F)cc(C(=O)Nc3ccc4c(c3)CNC4)cc2c1C1CCNCC1,0,
33255,1,,,,,CNCn1nc2c(Cl)cc(C(=O)Nc3ccc4c(c3)CN(CC(F)F)C4)cc2c1C1CCNCC1,0,
33288,1,,,,,ClC1CC2C(Nc3ccccc3)=NC3NN(C4CNC4)C(C1)C32,0,
33354,1,,,,,NCc1ccc(N(CC(=O)N2CCCCC2)C(=O)c2cc(Cl)cc3c2cnn3C2CNC2)cc1,0,
33361,1,,,,,COc1c(NC2CCC3(CCNCC3)CC2)c(O)c2cc(Cl)cc3c2c1N=C3C1CNC1,0,
33369,1,,,,,O=C(NC1CCC2CNCC2C1)c1cc(Cl)cc2c1c[n+]([O-])n2C1CNC1,0,
33370,1,,,,,O=C(NC1CCC2CNCC2C1)c1cc(Cl)cc2c1CC1(CCCCC1)N2C1CNC1,0,
33377,1,,,,,ClC1CCC(OCNC2CCCC3(CCNC3)C2)CCCNN2C1CCC1NCCC12,0,
33379,1,,,,,COC1CC2(CCN1)CC(NC(=O)c1cc(Cl)cc3c1cnn3C1CNC1)CC1CNCC12,0,
33388,1,,,,,CCc1nn(C2CNC2)c2cc(Cl)cc(C(O)(NC3CCC4CNCC4C3)C(=O)NCC(F)F)c12,0,
33392,1,,,,,CC1(OCCCO)C(=O)N(C2CNC2)c2cc(Cl)cc(C(=O)NC3CCC4CNCC4C3)c21,0,
33399,1,,,,,O=C(Nc1ccc2ccncc2c1)c1cc(Cl)cc2c1c[n+]([O-])n2C1CNC1,0,
33421,1,,,,,O=C(NC1CCC2CNCC2C1)c1cc(Cl)cc2c1CC13CCNCC1OC1NCCC1N23,0,
33428,1,,,,,O=C(NC1CCC2CNCC2C1)c1cc(Cl)cc2c1cc(C1CCNCC1)n2C1CNC1,0,
33461,1,,,,,O=C(Nc1ccc2c(c1)CNC2)c1cccc2c1NC=C1CCC(C3C(=O)NNC4OCCC43)C12,0,
33531,1,,,,,CC(=O)NCC1(c2ccc3c(c2)CNC3)Nc2ccc3c(C4CN(C5CCOCC5)C4)n[nH]c3c2C1=O,0,
33555,1,,,,,CC(C)n1nc2c(C(=O)Nc3ccc4c(c3)C(N)NC4)cccc2c1C1CN(C2CCOCC2)C1,0,
33582,1,,,,,O=C(Nc1ccc2c(c1)CNC2)c1cc2c(c3c(C4CN(C5CCOCC5)C4)n[nH]c13)CC(F)(F)C2,0,
33607,1,,,,,CC1(OCCCO)C(=O)C(C2CN(C3CCOCC3)C2)c2cc(F)cc(C(=O)Nc3ccc4c(c3)CNC4)c21,0,
33626,1,,,,,O=C(O)N=C(Nc1ccc2c(c1)CNC2)c1cc(Cl)cc2c(C3CN(C4CCOCC4)C3)[nH]nc12,0,
33666,1,,,,,CC(C)NC(=O)C(O)(Nc1ccc2c(c1)CNC2)c1cc(Cl)cc2c1NC13CCCCC1OC1C(CCN1C1CCOCC1)C23,0,
33697,1,,,,,CCC(NC)C1CNCCC1c1c[nH]c(C(Cl)CC(C)C(=O)Nc2cc(C)c3c(c2)CNC3)c1,0,
33710,1,,,,,O=C(Nc1ccc2c(c1)CNC2)c1cc(Cl)c2[nH]cc(C3CC4CC5CCCCC4(C5)CC3C(=O)O)c2c1,0,
33711,1,,,,,Cc1c(NC(=O)c2cc(Cl)c3[nH]cc(C4CCNCC4)c3c2)ccc2c1CNC2,0,
33713,1,,,,,CC1(c2c[nH]c3c(Cl)cc(C(=O)Nc4ccc5c(c4)CNC5)cc23)CCNCC1O,0,
33714,1,,,,,O=C(Nc1ccc2c(c1)CNC2)c1cc(Cl)c2[nH]cc(C3(F)CCNCC3)c2c1,0,
33718,1,,,,,Cc1ccc(S(=O)(=O)CNC(=O)C(O)(Nc2ccc3c(c2)CNC3)C2CC(Cl)c3[nH]cc(C4CCNCC4)c3C23CNNC3)cc1,0,
33727,1,,,,,CCOC(C)(C)C1CNCCC1c1c[nH]c2c(Cl)cc(C(=O)Nc3ccc4c(c3)CNC4)cc12,0,
33728,1,,,,,O=C(Nc1ccc2c(c1)CNC2)c1cc(Cl)c2c(c1)=C1C(=NC3CNCCC13)N=2,0,
33732,1,,,,,O=C(Nc1ccc2c(c1)CNC2)c1cc(Cl)c2[nH]c3c(c2c1)CC1(CCNCC1)C3,0,
33736,1,,,,,O=C(Nc1ccc2c(c1)CNC2)C1CC(Br)C2NCN3C2C1CN3C1CNC1,0,
33741,1,,,,,CC1NCC1n1cc2c(C(=O)Nc3ccc4c(c3)CNC4)cc(Br)cc2n1,0,
33746,1,,,,,O=C(Nc1ccc2c(c1)CNC2)c1cc(Br)cc2c1CN(C1CNC1)C21CCCN1,0,
33772,1,,,,,Cc1ccc(OO)cc1C(=O)Nc1ccc2c(c1)CNC2,0,
33777,1,,,,,Cc1cc(NC(=O)c2cc(Br)cc3c(F)n(C4CNC4)cc23)cc2c1CNC2,0,
33811,1,,,,,NCc1cc(N(C(=O)N2CCCCC2)C2=NC23CC(Br)Cc2nn(C4CNC4)cc23)cc2c1CNC2,0,
33826,1,,,,,O=C(NCC(F)F)C(O)(Nc1ccc2c(c1)CNC2)c1cc(Br)cc2nn(C3CNC3)cc12,0,
33828,1,,,,,O=C(Nc1ccc2c(c1)CNC2)c1cc(Br)cc2c1cn(C1CNC1)[n+]2[O-],0,
33834,1,,,,,O=C(NC1CCOCC1)C(O)(Nc1ccc2c(c1)CNC2)c1cc(Br)cc2nn(C3CNC3)cc12,0,
33874,1,,,,,O=C1NCc2cc(NC(=O)c3cc(Br)cc4c3cn(C3CNC3)[n+]4[O-])ccc21,0,
33875,1,,,,,CNCc1c2cc(Br)cc(C(=O)Nc3ccc4c(c3)CNC4)c2cn1C1CNC1,0,
33886,1,,,,,CNCc1c2cc(Br)cc(C(=O)Nc3cc(Br)c4c(c3)CNC4)c2cn1C1CNC1,0,
33888,1,,,,,Cc1nn(C2CNC2)cc1C(C(=O)N(C(=O)NC(C)C)c1ccc2c(c1)CNC2)c1cscc1Br,0,
33893,1,,,,,CN1CCc2c3cc(Br)cc(C(=O)Nc4ccc5c(c4)CNC5)c3cn2C2CCNC2C1,0,
33900,1,,,,,CNCc1c2cc(Br)cc(C(=O)Nc3ccc4c(c3)CN(C)C4)c2cn1C1CNC1,0,
33901,1,,,,,CNCc1c2cc(Br)cc(C(=O)Nc3cc(F)c4c(c3)CNC4)c2cn1C1CNC1,0,
33904,1,,,,,CNCc1c2cc(Br)cc(C(=O)Nc3cc(C#N)c4c(c3)CNC4)c2cn1C1CNC1,0,
33905,1,,,,,CNCc1c2cc(Br)cc(C(=O)Nc3ccc4c(c3)CN(F)C4)c2cn1C1CNC1,0,
33907,1,,,,,O=C(Nc1ccc2c(c1)CNC2)C1CC(Br)CC2C1CN1C3=C(NCC3)NCN21,0,
33911,1,,,,,CC1Nc2c3cc(Br)cc(C(=O)Nc4ccc5c(c4)CNC5)c3cn2C2CCNC12,0,
33912,1,,,,,CNCc1c2cc(Br)cc(C(=O)Nc3cc(C)c4c(c3)CNC4)c2cn1C1CNC1,0,
33916,1,,,,,O=C(Nc1ccc2c(c1)CNC2)c1cc(Br)cc2c1cn1c3c(ccc21)NCC3,0,
33918,1,,,,,NCC1Nc2c3cc(Br)cc(C(=O)Nc4ccc5c(c4)CNC5)c3cn2C2CCNC12,0,
33955,1,,,,,CC(NCCN=C1Nc2ccc(C(=O)Nc3ccc4c(c3)CNC4)cc2C1C1CCNCC1)c1cn(-c2ccccc2)nn1,0,
34058,1,,,,,NCN=C1Nc2ccc(C(=O)Nc3ccc4c(c3)CNC4)cc2C1C1CCNCC1,0,
34125,1,,,,,O=C(Nc1cc(F)c2c(c1)CNC21CCCC1)c1cc(Cl)c2c3c1CNC1(CCNCC1)C3C(=O)N2,0,
34132,1,,,,,O=C(Nc1ccc2c(c1)CNC2)c1cc(F)c2c(c1)C(C1CCNCC1)C(=O)N2,0,
34195,1,,,,,COc1cnc2c(C(C=O)(Nc3ccc4c(c3)CNC4)C(=O)NCC(F)F)cc(Cl)cc2c1,0,
34212,1,,,,,Cc1cc2c(c(N)c1NC(O)(C(=O)NCC(F)F)c1cc(Cl)cc3cccnc13)CNC2,0,
34246,1,,,,,Cc1cnc2c(C(O)(Nc3ccc4c(c3)CNC4)C(=O)NCC(F)F)cc(Cl)cc2c1,0,
34250,1,,,,,O=C(NCC(F)F)C(O)(Nc1ccc2c(c1)CNC2)c1cc(Cl)cc2ccc3ncnn3c12,0,
34261,1,,,,,O=C(NCC(F)F)C(O)(Nc1ccc2c(c1)CNC2)c1cc(Cl)cc2c1NCC1(CCCCC1)C2,0,
34278,1,,,,,CCCNc1[nH]c(SCCc2ccc(CN)cc2)cc1C(O)(Nc1ccc2c(c1)CNC2)C(=O)NCC(F)F,0,
34279,1,,,,,O=C(NCC(F)F)C(O)(Nc1ccc2c(c1)CNC2)c1cc(Cl)cc2c1ncc1[nH]ccc12,0,
34281,1,,,,,CC1C(O)CC2CC(Cl)CC3C2N1OOC(F)CN(CO)C(O)C3(O)Nc1ccc2c(c1)CNC2,0,
34290,1,,,,,N#Cc1ccnc2c(C(O)(Nc3ccc4c(c3)CNC4)C(=O)NCC(F)F)cc(Cl)cc12,0,
34335,1,,,,,Nc1cnc2c(C(O)(Nc3ccc4c(c3)CNC4)C(=O)NCC(F)F)cc(Cl)cc2c1,0,
34354,1,,,,,CC(=O)C(C)=C(C(=O)c1ccc2c(c1)CNC2)c1cccc2c3n(c(C)c12)CC1CN(C)CCC31,0,
34454,1,,,,,CN1CCC(c2n[nH]c3c(C(=O)Nc4ccc5c(c4)CNC5)cc(Cl)cc23)CC1,0,
34482,1,,,,,CN1CCC(c2[nH]nc3c(C(=O)Nc4cc5c(cc4C#N)CNC5)cc(F)cc23)CC1,0,
34489,1,,,,,COC1CC2(CCN1)CC(NC(=O)c1cc(F)cc3c(C4CCN(C)CC4)[nH]nc13)CC1=C2CNC1,0,
34494,1,,,,,CN1CCC(C2NNC3C2CCC2C=NC(Nc4ccc5c(c4)CNC5)C23)CC1,0,
34498,1,,,,,CN1CCC(C2C(=O)C(C)(OCCCO)c3c(C(=O)Nc4ccc5c(c4)CNC5)cc(F)cc32)CC1,0,
34502,1,,,,,Cc1c2c(C(=O)Nc3ccc4c(c3)CNC4)cccc2c2n1CC1CN(C)CCC21,0,
34558,1,,,,,CC1NCc2ccc(NC(=O)c3cc(Cl)cc4c(C5CCN(C)CC5)n[nH]c34)cc21,0,
34565,1,,,,,CC(C)Nn1c(=O)[nH]c2ccc(C(=O)Nc3ccc4c(c3)CNC4)cc21,0,
34569,1,,,,,CC1CC(N(CN)C(N)=O)CC1C(=O)Nc1ccc2c(c1)CNC2,0,
34590,1,,,,,CC(NCCN=C1N=c2ccc(C(=O)Nc3ccc4c(c3)CNC4)cc2=N1)c1cn(-c2ccccc2)nn1,0,
34658,1,,,,,CCc1c(C(O)(Nc2ccc3c(c2)CNC3)C(=O)NCC(F)F)cc(Cl)c2c1=NC(=O)N=2,0,
34662,1,,,,,CNC(=O)C(O)(Nc1ccc2c(c1)CNC2)c1cc(Cl)c2c(c1)=NC(=O)N=2,0,
34668,1,,,,,O=C1N=C2C(=N1)C1(CNCN1)C(C(=O)Nc1ccc3c(c1)CNC3)CC2Cl,0,
34672,1,,,,,CC(C)CNC(=O)C(O)(Nc1ccc2c(c1)CNC2)C1CC(Cl)C2=NC(=O)N=C2C12CNNC2,0,
34689,1,,,,,O=C1N=c2cc(C(=O)NC3CC4=C(CNC4)C4(CCOCC4)C3)cc(F)c2=N1,0,
34697,1,,,,,CCc1c(C(O)(Nc2ccc3c(c2)CNC3)C(=O)NCC(F)F)cc(Br)c2c1=NC(=O)N=2,0,
34700,1,,,,,O=C1N=c2ccc3c(c2=[N+]1[O-])C=NC3Nc1ccc2c(c1)CNC2,0,
34701,1,,,,,CC1(OCCCO)C(=O)C2=c3c1c(C(=O)Nc1ccc4c(c1)CNC4)cc(F)c3=NC2=O,0,
34703,1,,,,,O=C(Nc1ccc2c(c1)CNC2)c1cc(F)c2[nH]c(=O)n3ncc1c23,0,
34720,1,,,,,O=C1N=c2c(F)cc(C(=O)Nc3ccc4c(c3)CNC4)c3c2=C1C(C1CNC1)=C3,0,
34742,1,,,,,CN1CCC2(CC1)CC(NC(=O)c1cc(Cl)c3[nH]c(=O)n4c3c1CN4)CC1=C2CNC1,0,
34751,1,,,,,CNCC1=c2cc(C(=O)Nc3ccc4c(c3)CNC4)cc(Cl)c2=NC1=O,0,
34753,1,,,,,O=C(Nc1ccc2c(c1)CN(CC(F)F)C2)c1cc(Cl)c2[nH]c(=O)n3c2c1CN3,0,
34769,1,,,,,NNCc1c(C(=O)Nc2ccc3c(c2)CNC3)cc(Cl)c2c1=NC(=O)N=2,0,
34773,1,,,,,O=C(Nc1ccc2c(c1)CNC2)c1cc(F)c2[nH]c(=O)n3c2c1NC3,0,
34804,1,,,,,CC(C)NC(N)(O)C(Nc1ccc2c(c1)CNC2)c1cc(Cl)cc(C(F)(F)F)n1,0,
34806,1,,,,,CC(C)NC(=O)C(N)(Nc1ccc2c(c1)CNC2)c1cc2scnc2c(C(F)(F)F)n1,0,
34816,1,,,,,CC(C)NC(=O)C(Nc1ccc2c(c1)CNC2)c1cc(Cl)c(Cl)c(C(F)(F)OC2CCOC2)n1,0,
34834,1,,,,,CC(C)NC(=O)C(Nc1ccc2c(c1)CNC2)C1(O)CC(Cl)CC2(N1)C(F)NC(C)NC2F,0,
34840,1,,,,,CCOC(F)(F)c1cc(Cl)cc(C(O)(Nc2cc3c(cc2C)CNC3)C(=O)NC(C)C)n1,0,
34842,1,,,,,Cc1cc2c(c(N)c1NC(O)(C(=O)NC(C)C)c1cc(Cl)cc(C(F)(F)F)n1)CNC2,0,
34859,1,,,,,CC1CCCCN1C(=O)C(c1cc(Cl)cc(C(F)(F)F)n1)N(C)c1cc(CN)c2c(c1)CNC2,0,
34866,1,,,,,CC(C)NC(=O)C(O)(Nc1ccc2c(c1)CN(N)C2)c1cc(Cl)cc(C(F)(F)OC(=O)OCc2ccccc2)n1,0,
34878,1,,,,,CC(F)c1cc(Cl)cc(C(Nc2ccc3c(c2)CNC3)C(=O)NC(C)C(F)F)n1,0,
34888,1,,,,,CC(C)NC(=O)C(O)(Nc1ccc2c(c1)CNC2)c1cc(Cl)c(C#N)c(C(F)(F)F)n1,0,
34889,1,,,,,CC(C)NC(=O)C(O)(Nc1ccc2c(c1)CNC2)c1cc(Cl)cc2c1NC(F)(F)N2,0,
34892,1,,,,,CC(C)NC(=O)C(O)(Nc1ccc2c(c1)CNC2)c1cc(Cl)cc2oc(OCF)c(N)c12,0,
34912,1,,,,,CC(C)NC(=O)C(O)(Nc1cc2c(cc1C#N)CNC2)C1CC(Cl)C2CNC(F)(F)CN21,0,
34918,1,,,,,CC(C)NC(=O)C(O)(NC1CC2=C(CNC2)C2(CCOCC2)C1)c1cc(Cl)cc2c1CC(F)(F)N2,0,
34920,1,,,,,CC(C)NC(=O)C(O)(NC1CC2CNC3CSC(C1)C23)C1CC(Cl)CC2(CCOC2F)N1,0,
34922,1,,,,,CC(C)NC(=O)C(O)(Nc1cc2c(cc1C#N)CNC2)c1cc(Cl)cc2c1CC(F)(F)N2,0,
34923,1,,,,,CC(C)NC(=O)C(O)(Nc1ccc2c(c1)CNC2)C1CC2=C(N1)C(c1cccc(CN)c1)CS2,0,
34928,1,,,,,CC(C)NC(=O)C(C=O)(Nc1ccc2c(c1)C(N)NC2)c1cc(Cl)c2c(n1)C(F)(F)C=N2,0,
34931,1,,,,,CC(CF)NC(=O)C(Nc1ccc2c(c1)CNC2)c1cc(Cl)cc2c(F)cccc12,0,
34941,1,,,,,CC(C)NC(=O)C(O)(Nc1ccc2c(c1)CNC2C(=O)O)c1cc(Cl)cc2c(F)c(F)cn12,0,
34970,1,,,,,CC(C)NC(=O)C(Nc1ccc2c(c1)CNC2)c1cc(Cl)cc2c1CC(F)(F)N2F,0,
34974,1,,,,,CC(C)NC(=O)C(O)(Nc1ccc2c(c1)CNC2)c1cc(Cl)c2[nH]cc(C3(F)CCNCC3F)c2n1,0,
34982,1,,,,,CC(C)NC(=O)C(O)(Nc1ccc2c(c1)CNC2)c1cc(Cl)cc2c(C3CCN(C)CC3OCF)nnn12,0,
34997,1,,,,,CC(C)NC(=O)C(O)(Nc1cc(C#N)c2c(c1)CNC2)c1cc(Cl)cc2c1C(F)NC1(C2)CC2CNC2C1,0,
35001,1,,,,,CC(C)NC(=O)C(O)(Nc1ccc2c(c1)CNC2)c1cc(Cl)c2n[nH]c(OC3CCNCC3F)c2n1,0,
35037,1,,,,,CC(C)NC(=O)C(O)(Nc1ccc2c(c1)CNC2)c1cc(Cl)c2c(n1)C(F)(F)C(NC1CNC1)N2,0,
35060,1,,,,,O=C(Nc1ccc2c(c1)CNC2)c1cc(Cl)c2n[nH]c3c2c1N(CO)C31CSCC12CCNCC2,0,
35070,1,,,,,CC(NCCCn1nc2c(Cl)cc(C(=O)Nc3ccc4c(c3)CNC4)cc2c1CC1CCNCC1)c1cn(-c2ccccc2)nn1,0,
35086,1,,,,,CC1(CC(Cl)CNNc2cc[nH]c2)N=C1Nc1ccc2c(c1)CNC2,0,
35090,1,,,,,Cc1cc(NC2=NC2(C)CC(Cl)CNNc2cc[nH]c2)cc2c1CNC2,0,
35094,1,,,,,CNC1NCc2c(O)cc(NC(=O)c3cc(Cl)c4n[nH]c(CC5CCNCC5OCC(C)C)c4c3)cc21,0,
35109,1,,,,,CC(=O)NN(c1ccc2c(c1)CNC2)C1(O)CNC2C(Cl)C3NNC(CC4CCNCC4)C3CC21,0,
35112,1,,,,,CC1(CC2CCNCC2)c2cc(C(=O)C(=O)c3ccc4c(c3)CNC4)cc(Cl)c2NN1O,0,
35116,1,,,,,CC1NCc2ccc(C(=O)C(=O)c3cc(Cl)c4c(c3)C(C)(CC3CCNCC3)N(O)N4)cc21,0,
35134,1,,,,,O=C(NCC(F)F)C(O)(Nc1ccc2c(c1)CNC2)c1cc(Cl)c2[nH]nc(CC3CCNCC3)c2c1,0,
35161,1,,,,,O=C(Nc1ccc2c(c1)CNC2)c1cc(Cl)c2c(c1)C(CC1CCNCC1)C1(CCNCC1)N2,0,
35164,1,,,,,COC1CC2(CCN1)CC(NC(=O)c1cc(Cl)c3n[nH]c(CC4CCNCC4)c3c1)CC1=C2CNC1,0,
35172,1,,,,,NCC1CCC2(CC1)Nc1c(Cl)cc(C(=O)Nc3ccc4c(c3)CNC4)cc1C2CC1CCNCC1,0,
35184,1,,,,,O=C(NCC(F)F)C(O)(Nc1ccc2c(c1)CNC2)c1cc(Cl)c2n[nH]c(CC3CCNCC3)c2c1OCc1ccccn1,0,
35221,1,,,,,CCC1Nn2nc3c(Cl)cc(C(=O)Nc4ccc5c(c4)CNC5)cc3c2CC2CCNCC21,0,
35235,1,,,,,O=C(Nc1ccc2c(c1)CNC2)c1cc(Cl)c2nn(NC3CNC3)c(CC3CCNCC3)c2c1,0,
35262,1,,,,,CN1CC(c2c(C#N)[nH]c3ccc(C(=O)Nc4ccc5c(c4)CNC5)cc23)C1,0,
35334,1,,,,,CN1CC(c2c[nH]c3c(Cl)cc(C(O)(Nc4ccc5c(c4)CNC5)C(=O)NCC(F)F)cc23)C1,0,
35371,1,,,,,CN1CC(c2c[nH]c3c(F)cc(C(=O)Nc4ccc5c(c4)CNC5)cc23)C1NCNOCCCO,0,
35377,1,,,,,CN1CC(c2c[nH]c3c(Cl)cc(C(=O)Nc4ccc5c(c4)CNC5CC(=O)O)cc23)C1,0,
35383,1,,,,,CN1CCC2c3c([nH]c4ccc(C(=O)Nc5ccc6c(c5)CNC6)cc34)CNC21,0,
35387,1,,,,,CN1CC2(NNc3c(C(=O)Nc4ccc5c(c4)CNC5)ccc4[nH]cc2c34)C12CCNCC2,0,
35397,1,,,,,CNCc1[nH]c2c(F)cc(C(=O)Nc3ccc4c(c3)CNC4)cc2c1C1CN(C)C1,0,
35399,1,,,,,CCN1CC(c2c[nH]c3ccc(C(=O)Nc4ccc5c(c4)CNC5)cc23)C1,0,
35400,1,,,,,CN1CCC2c3c([nH]c4c(Cl)cc(C(=O)Nc5ccc6c(c5)CNC6)cc34)CNC21,0,
35401,1,,,,,CNCc1[nH]c2c(Cl)cc(C(=O)Nc3ccc4c(c3)CNC4)cc2c1C1CN(C)C1,0,
35406,1,,,,,CCC1NCC2NC3C(Cl)CC(C(=O)NC4CC5=C(CNC5)C5(CCN(C)CC5)C4)CC3C12,0,
35424,1,,,,,CN1CC(c2c[nH]c3c(Cl)cc(C(=O)Nc4ccc5c(c4)CNC5)cc23)C1N,0,
35429,1,,,,,CC(C)NC(=O)C(O)(Nc1ccc2c(c1)CNC2)c1cc(Cl)c2[nH]cc(C3CN(C)C3)c2c1,0,
35433,1,,,,,CN1CC(c2c(N)[nH]c3c(Br)cc(C(=O)Nc4ccc5c(c4)CNC5)cc23)C1,0,
35434,1,,,,,O=C(Nc1ccc2c(c1)CNC2)c1cc(F)c2c(c1)C1=C3CCCC3=CC1=N2,0,
35454,1,,,,,Nn1nc2c(Cl)cc(C(=O)Nc3ccc4c(c3)CNC4)cc2c1CC1CNC1,0,
35482,1,,,,,CNC(O)(Nc1ccc2c(c1)CNC2)c1cc(Cl)c2n[nH]c(CC3CNC3)c2c1,0,
35488,1,,,,,CCc1cc(C(=O)Nc2cc3c(cc2C)CNC3)c(C)c2c(CC3CNC3)[nH]nc12,0,
35494,1,,,,,CS(=O)(=O)C1CCC2CC(CC3(CNC3)C2)C(C(=O)c2cc(Cl)c3n[nH]c(CC4CNC4)c3c2)C1,0,
35496,1,,,,,CNC1NCc2c(O)cc(NC(=O)c3cc(Cl)c4n[nH]c(CC5CNC5CC(C)CO)c4c3)cc21,0,
35500,1,,,,,CCC(NC)C1(Cc2cc(C(Cl)CC(C)C(=O)Nc3cc(C)c4c(c3)CNC4)n[nH]2)CNC1,0,
35512,1,,,,,O=C(C(=O)c1cc(Cl)c2n[nH]c(CC3CNC3)c2c1)c1ccc2c(c1)CNC2,0,
35526,1,,,,,CC(C)Nn1nc2c(Cl)cc(C(=O)Nc3ccc4c(c3)CNC4)cc2c1CC1CNC1,0,
35533,1,,,,,O=C(Nc1ccc2c(c1)CNC2)c1cc(Cl)c2n[nH]c(C(O)(O)C3CC4(CCCCC4)C3)c2c1,0,
35539,1,,,,,O=C(NCC(F)F)C(O)(Nc1ccc2c(c1)CNC2)c1cc(Cl)c2n[nH]c(CC3CNC3)c2c1,0,
35544,1,,,,,Cn1c(CC2CNC2)c2cc(C(=O)Nc3ccc4c(c3)CNC4)cc(Cl)c2[n+]1[O-],0,
35546,1,,,,,NNc1c(C(=O)Nc2ccc3c(c2)CNC3)cc(Cl)c2[nH]nc(CC3CNC3)c12,0,
35550,1,,,,,CC(C)CNC(=O)C(O)(Nc1ccc2c(c1)CNC2)C1CC(Cl)c2[nH]nc(CC3CNC3)c2C12CNNC2,0,
35566,1,,,,,O=C(NC1CC2=C(CNC2)C2(CCOCC2)C1)c1cc(Cl)c2[nH]nc(CC3CNC3)c2c1,0,
35573,1,,,,,ClC1CC2(Cc3c(CC4CNC4)n[nH]c31)N=C2Nc1ccc2c(c1)CNC2,0,
35582,1,,,,,CCN(OC)c1c(C(=O)Nc2ccc3c(c2)CNC3)cc(Cl)c2[nH]nc(CC3CNC3)c12,0,
35583,1,,,,,O=C(O)CC1NCc2cc(NC(=O)c3cc(Cl)c4n[nH]c(CC5CNC5)c4c3)ccc21,0,
35586,1,,,,,O=C(NCC(F)F)C(O)(Nc1ccc2c(c1)CNC2)c1cc(Cl)c2n[nH]c3c2c1C(F)C3C1CNC1,0,
35589,1,,,,,O=C(Nc1ccc2c(c1)CNC2=O)c1cc(Cl)c2n[nH]c(CC3CNC3)c2c1,0,
35592,1,,,,,O=C(Nc1cc2c(c(-c3ccncc3)c1)CNC2)c1cc(Cl)c2[nH]nc(CC3CNC3)c2c1,0,
35593,1,,,,,CCC1NCc2cc(NC(=O)c3cc(Cl)c4[nH]nc(CC5CNC5)c4c3)ccc21,0,
35598,1,,,,,O=C(Nc1ccc2c(c1)CNC2)c1cc(Cl)c2c(c1)c(CC1CNC1)[nH][n+]2[O-],0,
35599,1,,,,,O=C(O)N=C(Nc1ccc2c(c1)CNC2)c1cc(Cl)c2n[nH]c(CC3CNC3)c2c1,0,
35608,1,,,,,O=C(Nc1ccc2c(c1)CNC2)c1cc(Cl)c2[nH]nc(C3CCCNCC4NCCC43)c2c1,0,
35623,1,,,,,CNCn1nc2c(Cl)cc(C(=O)Nc3ccc4c(c3)CNC4)cc2c1CC1CN(OC)C1,0,
35646,1,,,,,Cc1cc(C(=O)Nc2ccc3c(c2)CN(C)C3)cc2c1NC(=O)C2CN,0,
35675,1,,,,,Cc1cc(C(O)(F)Nc2ccc3c(c2)CN(C)C3)cc2c1NC(=O)C21CCCNC1,0,
35692,1,,,,,CC(CO)N=C1Nc2c(Cl)cc(C(=O)Nc3cc(O)c4c(c3)CC(C)(C)C4)cc2C1C=O,0,
35710,1,,,,,CCCC1C2CC(NC(C)=O)CCC2C2C1C(=O)C(NC(C)=O)N2c1ccc2c(c1)CN(C)C2,0,
35740,1,,,,,CC(=O)Nc1cc(CNN)c(C(O)(Nc2ccc3c(c2)CN(C)C3)C(=O)NC(C)C)cc1Cl,0,
35744,1,,,,,CN1Cc2ccc(NC(=O)c3cc(Cl)c4c5c3C=NC=5C(=O)N=4)cc2C1,0,
35751,1,125,5.0,121.0,20.0,CN1Cc2ccc(NC(=O)c3ccc4c(c3)C(C)(C)C(=O)N4)cc2C1,0,C35751 Enamine:sRDB:Z1451982064 5.0mg @ 90% = €121.00 EUR (20 days) CN1CC=2C=CC(=CC2C1)NC(=O)C=3C=CC=4NC(=O)C(C)(C)C4C3
35756,1,,,,,CC(=O)Nc1cc(CNN)c(C(O)(Nc2ccc3c(c2)CN(C)C3)C(=O)NC2CCOCC2)cc1Cl,0,
35762,1,,,,,CCCNC(=O)C(O)(Nc1ccc2c(c1)CN(C)C2)C1CC(Cl)C2=C(CC(=O)N2)C12CCNN2,0,
35894,1,,,,,NC1NCC1n1ncc2c(C(=O)Nc3ccc(N4CCCC4=O)c(F)c3)cc(Cl)cc21,0,
36008,1,,,,,O=C(Nc1ccc(N2CCCC2=O)c(F)c1)c1cc(Cl)cc2c1CC1(CCNCC1)N2C1CNC1,0,
36153,1,,,,,CCOC(=O)c1nn(C2CNC2)c2c(C#N)c(Cl)cc(C(=O)Nc3cccc(C4CCN(C)CC4)c3)c12,0,
36156,1,,,,,CC(=O)NCC1(c2cc(CN)cc(C3CCN(C)CC3)c2)Nc2c(Cl)cc3c(cnn3C3CNC3)c2C1=O,0,
36158,1,,,,,Cc1nn(C2CNC2)c2cc(Cl)cc(C(=O)[N+]3([O-])CCCNC4CC(C5CCN(C)CC5)CC43)c12,0,
36163,1,,,,,Cc1nn(C2CNC2)c2cc(Cl)cc(C(=O)N3CCCCCC4=C3CC(N)CC4C3CCN(C)CC3)c12,0,
36201,1,,,,,CN1CCC(C2CC(NC(O)(C(=O)NCC(F)F)c3cc(Cl)cc4c3cnn4C3CNC3)CC3CNCC32)CC1,0,
36212,1,,,,,Cc1cc2c(C(=O)NC3CC4CNCC4C(C4CCN(C)CC4)C3)cc(Cl)cc2n1C1CNC1,0,
36226,1,,,,,CN1CCC(C2CC(NC(=O)c3cc(Cl)cc4c5n(cc34)CC3(C)NCCC53)CC3CNCC32)CC1,0,
36253,1,,,,,CN1CCC(c2cc(NC(=O)c3cc(Cl)cc4c3cnn4C3CNC3)cc3cn(C)cc23)CC1,0,
36255,1,,,,,CCc1ccc(NC(=O)c2cc(Cl)cc3c2cnn3C2CNC2)c(F)c1C1CCN(C)CC1,0,
36256,1,,,,,CN1CCC(C2C(F)C(NC(=O)c3cc(Cl)cc4c3cnn4C3CNC3)CCC23CCOC3)CC1,0,
36266,1,,,,,CN1CCC(C2CC(NC(=O)c3cc(Cl)cc4c3cc(CN)n4C3CNC3)CC3CNCC32)CC1,0,
36274,1,,,,,CN1CCC(C2CC(NC(=O)c3cc(Cl)cc4c3CC3(CCNC3)N4C3CNC3)CC3CNCC32)CC1,0,
36320,1,,,,,O=C(Nc1ccc(F)cc1N1CCCC1=O)c1cc(CO)cc2c1cnn2C1CNC1,0,
36333,1,,,,,CC1CC(=O)N(C2CC3(CCNCC3)CCC2NC(=O)c2cc(Cl)cc3c2cnn3C2CNC2)C1,0,
36373,1,,,,,NCCc1cc(NC(=O)c2cc(Cl)cc3c2cnn3C2(O)CN(c3ccccc3)C2)c(N2CCCC2=O)cc1F,0,
36433,1,,,,,O=C1CCCN1C1CC2CNCC2CC1N(C(=O)NCC(F)F)C(=O)c1cc(Cl)cc2c1cnn2C1CNC1,0,
36524,1,,,,,CNC1(N2NC3(CCOC3)c3c(C(=O)Nc4ccc5c(c4)CC(C)(C)O5)cc(Cl)c(Cl)c32)CNC1,0,
36658,1,,,,,CC1(C)Cc2cc(NC(=O)c3cc(Cl)cc4c3cnn4C3CNC3)c3c(c2O1)CC(C)(C)O3,0,
36715,1,,,,,Cc1c(C(=O)Nc2cccc3c2OC(C)(C)C3)c(O)c(Cl)c2c1nnn2C(=O)C1CNC1F,0,
36721,1,,,,,CC1(C)Cc2cccc(NC(C)(O)c3cc(Cl)cc4c3cnn4C3CNC3)c2O1,0,
36731,1,,,,,CN(C)c1ccc(NC(=O)c2cc(Cl)cc3c2cnn3C2CN(C)C2CO)c2c1CC(C)(C)O2,0,
36737,1,,,,,CC1C(n2ncc3c(C(=O)Nc4cc(CN(C)C)c(O)c5c4OC(C)(C)C5)cc(Cl)cc32)CN1CO,0,
36738,1,,,,,CC1(C)Cc2c(c(NC(=O)c3cc(Cl)cc4c3cnn4C3CNC3)cc3cnccc23)O1,0,
36744,1,,,,,CC1(C)Cc2cc(N)cc(NC(=O)c3cc(Cl)cc4c3cnn4C3CNC3)c2O1,0,
36769,1,,,,,CC(C)C1NCC1n1ncc2c(C(=O)Nc3cc(C(N)=O)cc4c3OC(C)(C)C4)cc(Cl)cc21,0,
36776,1,,,,,CC1(C)Cc2c(CCN)ccc(NC(=O)c3cc(Cl)cc(N)c3CN)c2O1,0,
36784,1,,,,,CC1(C)CC2C3CNCC3CC(NC(=O)c3cc(Cl)cc4c3c[n+]([O-])n4C3CNC3)C2O1,0,
36786,1,,,,,CC1(C)CC2C3CNCC3CC(NC(=O)c3cc(Cl)cc4c3cnn4C3CNC3)C2O1,0,
36796,1,,,,,CC1(C)CC2=C(O1)C(NC(=O)C1CC3CC4(CCNN4C4(C3)CN(CN)C4)C1)CC1(CCNC1)C2,0,
36802,1,,,,,CC1(C)Cc2c(CCN)ccc(NC(=O)c3cc(Cl)cc4c3c[n+]([O-])n4C3CNC3)c2O1,0,
36846,1,,,,,CC1(C)CC2C3CNCC3CC(NC(=O)c3cc(Cl)cc4c(C5CNC5)n(CC5CNC5)cc34)C2O1,0,
36847,1,,,,,Cn1cc2cc(NC(=O)c3cc(Cl)c4c5c3cnn5C3(CNC3)C(=O)N4)c3c(c2c1)CC(C)(C)O3,0,
36848,1,,,,,CC1(C)CC2=C(O1)C(NC(=O)c1cc(Cl)cc3c1cnn3C1CNC1)CC(F)C21CCCC1=O,0,
36851,1,,,,,Cn1cc2cc(NC(=O)c3cc(Cl)cc4c3cnn4C3CNC3)c3c(c2c1)CC(C)(C)O3,0,
36852,1,,,,,CC1(C)CC2=C(O1)C(NC(=O)c1cc(Cl)cc3c1cnn3C1CNC1)CCC21CCCC1,0,
36857,1,,,,,CC1(C)Cc2c(c(NC(=O)c3cc(Cl)cc4c3cnn4C3CNC3)cc3cn(CC(F)F)cc23)O1,0,
36865,1,,,,,CC1C(n2ncc3c(C(=O)NC4CC5CNCC5C5CC(C)(C)OC45)cc(Cl)cc32)CN1C,0,
36871,1,,,,,CC1(C)CC2=C(O1)C(NC(C)(N=O)c1cc(Cl)cc3c1cnn3C1(N)CNC1)CC1(CCNC1)C2,0,
36876,1,,,,,Cn1cc2c(C(=O)Nc3ccc4c(c3)CCCC4)cc(Cl)cc2c1C1CNC1,0,
36880,1,,,,,CC(C)C1NCC1n1ncc2c(C(=O)Nc3ccc4c(c3)CCCC4)cc(Cl)cc21,0,
36882,1,,,,,O=C(Nc1ccc2c(c1)CCCC2)c1cc(Cl)cc2c1c[n+]([O-])n2C1CNC1,0,
36921,1,,,,,Cc1cc2c(cc1NC(=O)c1cc(Cl)cc3c1cnn3C1CNC1)CCCC2,0,
36928,1,,,,,CNn1cc2c(C(=O)Nc3cc(C)c4c(c3)CCCC4)cc(Cl)cc2c1C1CNC1,0,
36937,1,,,,,CCOC(=O)c1nn(C2CNC2)c2c(C#N)c(Cl)cc(C(=O)Nc3ccc4c(c3)CCCC4)c12,0,
36938,1,,,,,Nc1nn(C2CNC2)c2cc(Cl)cc(C(=O)Nc3ccc4c(c3)CCCC4)c12,0,
36954,1,,,,,Cc1cc2c(cc1NC(O)(O)c1cc(Cl)cc3c1cnn3C1CNC1)CCCC2,0,
36958,1,,,,,NCc1c(N)cc(Cl)cc1C(=O)Nc1ccc2c(c1)CCC(N)C2,0,
36961,1,,,,,NC1CCCc2ccc(NC(=O)c3cc(Cl)cc4c(C5CNC5)n(CN5CCCC5)cc34)cc21,0,
36963,1,,,,,NC1(n2ncc3c(C(=O)NC4CC5=C(CCCC5)C5(C4)NNNN5)cc(Cl)cc32)CNC1,0,
36964,1,,,,,N#CC(O)(Nc1ccc2c(c1)CCCC2)c1cc(Cl)cc2c1cnn2C1CNC1,0,
36967,1,,,,,CNC(=O)C(O)(Nc1ccc2c(c1)CCCC2)c1cc(Cl)cc2c1cnn2C1CNC1,0,
36968,1,,,,,O=C(Nc1ccc2c(c1)CCCC2)c1cc(Cl)cc2c1cnn2C1(NO)CNC1,0,
36969,1,,,,,O=C(Nc1ccc2c(c1)CCCC2)C1CC2=C(NCS2)c2c1cnn2C1CNC1,0,
36971,1,,,,,O=C(NCc1cccnc1)C(O)(Nc1ccc2c(c1)CCCC2)c1cc(Cl)cc2c1cnn2C1CNC1,0,
36972,1,,,,,N#Cc1c(Cl)cc(C(=O)Nc2ccc3c(c2)CCCC3)c2cnn(C3CNC3)c12,0,
36976,1,,,,,O=C(Nc1ccc2c(c1)CCCC2)c1cc(Cl)cc2c1cc(C(F)(F)F)n2C1CNC1,0,
36979,1,,,,,N#CC(Nc1ccc2c(c1)CCCC2)c1cc(Cl)cc2c1cnn2C1CNC1,0,
36984,1,,,,,O=C(Nc1ccc2c(c1)CCCC2)c1cc(Cl)cc2c1C1(CCNC1)NN2C1CNC1,0,
36986,1,,,,,O=C(NCC1CCOCC1)C(O)(Nc1ccc2c(c1)CCCC2)c1cc(Cl)cc2c1cnn2C1CNC1,0,
36988,1,,,,,O=C(NCC1CCCO1)C(O)(Nc1ccc2c(c1)CCCC2)c1cc(Cl)cc2c1cnn2C1CNC1,0,
36994,1,,,,,O=C(Nc1ccc2c(c1)CCCC2)c1cc(Cl)c2c3c1cnn3C1(CNC1)C(=O)N2,0,
37003,1,,,,,NC1CCc2ccc(NC(=O)c3cc(Cl)cc4c3cnn4C3CNC3)cc2C1,0,
37009,1,,,,,CSc1cc2c(cc1NC(=O)c1cc(Cl)cc3c1cnn3C1CNC1)CCCC2,0,
37012,1,,,,,O=C(O)CC1CCCc2cc(NC(=O)c3cc(Cl)cc4c3cnn4C3CNC3)ccc21,0,
37015,1,,,,,NC1(n2ncc3c(C(=O)Nc4ccc5c(c4)CCCC5)cc(Cl)cc32)CNC1,0,
37017,1,,,,,O=C(O)CN=C(c1cc(Cl)cc2c1cnn2C1CNC1)N(C(=O)NCC(F)F)c1ccc2c(c1)CCCC2,0,
37018,1,,,,,N#Cc1csc2cc(C(=O)Nc3ccc4c(c3)CCCC4)c3cnn(C4CNC4)c3c12,0,
37019,1,,,,,O=C(Nc1cc2c(c(-c3ccncc3)c1)CCCC2)c1cc(Cl)cc2c1c[n+]([O-])n2C1CNC1,0,
37021,1,,,,,CC12Cn3cc4c(C(=O)Nc5ccc6c(c5)CCCC6)cc(Cl)cc4c3C1CCN2,0,
37025,1,,,,,O=C(O)CC(O)(Nc1ccc2c(c1)CCCC2)c1cc(Cl)cc2c1cnn2C1CNC1,0,
37026,1,,,,,O=C(Nc1cc(Br)c2c(c1)CCCC2)c1cc(Cl)cc2c1cnn2C1CNC1,0,
37034,1,,,,,CNCn1cc2c(C(=O)Nc3ccc4c(c3)CCCC4)cc(Cl)cc2c1C1CNC1,0,
37040,1,,,,,O=C(Nc1ccc2c(c1)CCCC2)c1cc(Cl)cc2c(C3CNC3)n(CC3CNC3)cc12,0,
37047,1,,,,,CC1CCc2ccc(NC(=O)c3cc(Cl)cc4c3cnn4C3CNC3)cc2C1,0,
37050,1,,,,,O=C(Nc1cc(F)c2c(c1)CCCC21CCCCC1)c1cc(Cl)cc2c1cnn2C1CNC1,0,
37052,1,,,,,O=C(Nc1ccc2c(c1)CC(F)CC2)c1cc(Cl)cc2c1cnn2C1CNC1,0,
37054,1,,,,,CN(C)Cn1cc2c(C(=O)Nc3ccc4c(c3)CCCC4)cc(Cl)cc2c1C1CNC1,0,
37063,1,,,,,NC1(n2ncc3c(C(N=O)Nc4ccc5c(c4)CCCC5)cc(Cl)cc32)CNC1,0,
37064,1,,,,,O=C(Nc1ccc2c(c1)CCCC2)c1cc(Cl)cc2c3n(cc12)C=CC=CC1=C3CCN1,0,
37073,1,,,,,CN1Cc2ccc(NC(=O)c3cc(Cl)cc4c3cc3n4C4CCNC4O3)cc2C1,0,
37077,1,,,,,CN1Cc2ccc(NC(=O)c3cc(Cl)cc4c3c[n+]([O-])n4C3CNC3)cc2C1,0,
37081,1,,,,,CN1Cc2ccc(NC(=O)c3cc(Cl)cc4c3cnn4C3CNC3N)cc2C1,0,
37088,1,,,,,CNC1CC2=C(CNN2C2CNC2)C(C(=O)Nc2ccc3c(c2)CN(C)C3)C1,0,
37101,1,,,,,CN1Cc2ccc(NC(=O)c3c(O)c(Cl)c4c5c3cnn5C3C(F)CNC3C(=O)N4)cc2C1,0,
37109,1,,,,,COCC(=O)Nc1cc(CN2CC(n3ncc4c(C(=O)Nc5ccc6c(c5)CN(C)C6)cc(Cl)cc43)C2)cc(NC(C)=O)c1,0,
37111,1,,,,,Cc1cc(NC(=O)c2cc(Cl)cc3c2c(F)nn3C2CNC2)cc2c1CN(C)C2,0,
37113,1,,,,,CCC1CC2=C(CNN2C2CNC2)C(C(=O)Nc2cc3c(cc2C)CN(C)C3)C1,0,
37114,1,,,,,COCc1cc2c(C(=O)Nc3ccc4c(c3)CN(C)C4)cc(Cl)cc2n1C1CNC1,0,
37132,1,,,,,CN1Cc2ccc(N(C=O)C(=O)c3cc(Cl)cc4c3cnn4C3CNC3)cc2C1,0,
37137,1,,,,,CN1Cc2ccc(C(=O)C(=O)c3cc(Cl)cc4c3cnn4C3CNC3)cc2C1,0,
37149,1,,,,,Cc1cc2c(cc1NC(O)(O)c1cc(Cl)cc3c1cnn3C1CNC1)CN(C)C2,0,
37158,1,,,,,CN1Cc2ccc(NC(=O)c3cc(Cl)cc4c3cc(O)n4C3CNC3OCc3ccccc3)cc2C1,0,
37159,1,,,,,CN1Cc2ccc(NC(=O)c3cc(Cl)cc4c3cc(CN3CCCC3)n4C3CNC3)cc2C1,0,
37163,1,,,,,CC(C)NC(=O)C(O)(Nc1ccc2c(c1)CN(C)C2)c1cc(Cl)cc2c1cnn2C1CNC1,0,
37173,1,,,,,CN1Cc2ccc(NC(=O)c3cc(Cl)cc4c3C3(CNCN3)NN4C3CNC3)cc2C1,0,
37175,1,,,,,CC(C)CNC(=O)C(O)(Nc1ccc2c(c1)CN(C)C2)c1cc(Cl)cc2c1cnn2C1CNC1,0,
37181,1,,,,,CN1Cc2ccc(NC(=O)c3cc(Cl)cc4c3C3(CCNC3)NN4C3CNC3)cc2C1,0,
37186,1,,,,,CN1Cc2cc(C#N)c(NC(=O)c3cc(Cl)cc4c3cnn4C3CNC3)cc2C1,0,
37201,1,,,,,COCCOC1(C)C(=O)N(C2CNC2)c2cc(Cl)cc(C(=O)Nc3ccc4c(c3)CN(C)C4)c21,0,
37203,1,,,,,CSc1cc2c(cc1NC(=O)c1cc(Cl)cc3c1cnn3C1CNC1)CN(C)C2,0,
37204,1,,,,,COC1(C)C(=O)N(C2CNC2)c2cc(Cl)cc(C(=O)Nc3ccc4c(c3)CN(C)C4)c21,0,
37206,1,,,,,CC(C)OC1(C)C(=O)N(C2CNC2)c2cc(Cl)cc(C(=O)Nc3ccc4c(c3)CN(C)C4)c21,0,
37208,1,,,,,CN1Cc2ccc(NC(=O)c3cc(Cl)cc4c3cnn4C3(N)CNC3)cc2C1,0,
37216,1,,,,,CN1Cc2ccc(NC(O)(C(=O)NCCCF)c3cc(Cl)cc4c3cnn4C3CNC3)cc2C1,0,
37219,1,,,,,CN1Cc2cc(NC(=O)c3cc(Cl)cc4c3cnn4C3CNC3)cc(Br)c2C1,0,
37225,1,,,,,CN1Cc2ccc(NC(=O)c3cc(Cl)cc4c3CC35CCNCC3OC3NCCC3N45)cc2C1,0,
37231,1,,,,,CN1Cc2ccc(NC(=O)c3cc(Cl)cc4c3cc(CC3CCNCC3)n4C3CNC3)cc2C1,0,
37236,1,,,,,CN1Cc2cc(NC(=O)c3cc(Cl)cc4c3cnn4C3CNC3)c3c(c2C1)CC(C)(C)O3,0,
37238,1,,,,,CN1Cc2cc(F)c(NC(=O)c3cc(Cl)cc4c3cnn4C3CNC3)cc2C1,0,
37254,1,,,,,CN1Cc2ccc(NC(=O)c3cc(Cl)cc4c3CC3(CCOCC3)N4C3CNC3)cc2C1,0,
37255,1,,,,,Cn1cc2c(C(=O)Nc3cc(F)cc(N4CCCC4)c3)cc(Cl)cc2c1C1CNC1,0,
37258,1,,,,,O=C(Nc1cc(F)cc(N2CCCC2)c1)c1cc(Cl)cc2c3n(cc12)CC1CC2(CNNC2=O)CC31,0,
37259,1,,,,,COn1cc2c(C(=O)Nc3cc(F)cc(N4CCCC4)c3)cc(Cl)cc2c1C1CNC1,0,
37261,1,,,,,O=C(Nc1cc(F)cc(N2CCCC2)c1)c1cc(Cl)cc2c1cnn2C1CN(CO)C1,0,
37264,1,,,,,O=C(Nc1cc(F)cc(N2CCCC2)c1)c1cc(Cl)cc2c1c[n+]([O-])n2C1CNC1,0,
37268,1,,,,,Nn1cc2c(C(=O)Nc3cc(F)cc(N4CCCC4)c3)cc(Cl)cc2c1C1CNC1,0,
37271,1,,,,,CC(CN)n1cc2c(C(=O)Nc3cc(F)cc(N4CCCC4)c3)cc(Cl)cc2c1C1CNC1,0,
37301,1,,,,,Cc1c(F)cc(NC(=O)c2cc(Cl)cc3c2C(F)(F)NN3C2CNC2)cc1N1CCCC1,0,
37305,1,,,,,Cn1c(C2CNC2)c2cc(Cl)cc(C(=O)Nc3cc(F)cc(N4CCCC4)c3)c2c1F,0,
37341,1,,,,,CC(C)C1NCC1n1ncc2c(C(=O)N3CCNC4(CCCC4)C4CC(F)CC43)cc(Cl)cc21,0,
37355,1,,,,,CNC(=O)C(O)(Nc1cc(F)cc(N2CCCC2)c1)c1cc(Cl)cc2c1cnn2C1CNC1,0,
37379,1,,,,,Nc1c(F)cc(N2CCCC2)cc1NC(=O)c1cc(Cl)cc2c1cnn2C1CNC1,0,
37382,1,,,,,O=C(Nc1cc(F)cc(N2CCCC2)c1)c1cc(Cl)cc2c1CC1(CCNCC1)N2C1CNC1,0,
37393,1,,,,,CC1NCC1c1c2cc(Cl)cc(C(O)(Nc3cc(F)cc(N4CCCC4)c3)C(=O)NCC(F)F)c2cn1O,0,
37403,1,,,,,O=C(NCC(F)F)C(O)(Nc1cc(F)cc(N2CCCC2)c1)c1cc(Cl)cc2c1c(F)nn2C1CNC1,0,
37427,1,,,,,CN1Cn2cc3c(C(=O)Nc4cc(F)cc(N5CCCC5)c4)cc(Cl)cc3c2C2CCNC21,0,
37439,1,,,,,O=C(Nc1cc(F)cc(N2CCCC2)c1)c1cc(Cl)cc2c1CC13CCNCC1OC1NCCC1N23,0,
37453,1,,,,,Cn1cc2c(C(=O)Nc3ccc(C4CCOC4)cc3F)cc(Cl)cc2c1C1CNC1,0,
37458,1,,,,,COn1cc2c(C(=O)Nc3ccc(C4CCOC4)cc3F)cc(Cl)cc2c1C1CNC1,0,
37462,1,,,,,CC1(n2ncc3c(C(=O)Nc4ccc(C5CCOC5)cc4F)cc(Cl)cc32)CNC1,0,
37463,1,,,,,O=C(Nc1ccc(C2CCOC2)cc1F)c1cc(Cl)cc2c1c[n+]([O-])n2C1CNC1,0,
37465,1,,,,,NC1(n2ncc3c(C(=O)Nc4ccc(C5CCOC5)cc4F)cc(Cl)cc32)CNC1,0,
37468,1,,,,,NCn1cc2c(C(=O)Nc3ccc(C4CCOC4)cc3F)cc(Cl)cc2c1C1CNC1,0,
37474,1,,,,,CNC1CC2=C(CNN2C2CNC2)C(C(=O)Nc2ccc(C3CCOC3)cc2F)C1,0,
37478,1,,,,,O=C(O)Cc1nn(C2CNC2)c2cc(Cl)cc(C(=O)Nc3ccc(C4CCOC4)cc3F)c12,0,
37511,1,,,,,Cc1c(C2CCOC2)ccc(NC(=O)c2cc(Cl)cc3c(C4CNC4)n(C)cc23)c1F,0,
37526,1,,,,,Nc1nn(C2CNC2)c2cc(Cl)cc(C(=O)Nc3ccc(C4CCOC4)cc3F)c12,0,
37531,1,,,,,Cc1nn(C2CNC2)c2cc(Cl)cc(C(=O)C(=O)c3ccc(C4CCOC4)cc3F)c12,0,
37541,1,,,,,Cc1c(C2CCOC2)ccc(C(=O)C(=O)c2cc(Cl)cc3c2cnn3C2CC(C)(CO)C2C)c1F,0,
37543,1,,,,,CCN1CC(n2ncc3c(C(=O)Nc4ccc(C5(CN)CCOC5)cc4F)cc(Cl)cc32)C1C,0,
37547,1,,,,,NCCc1cc(NC(=O)c2cc(Cl)cc3c2cnn3C2(O)CN(c3ccccc3)C2)c(F)cc1C1CCOC1,0,
37554,1,,,,,N#Cc1cc(C2CCOC2)ccc1NC(=O)c1cc(Cl)cc2c1cnn2C1CNC1,0,
37555,1,,,,,CC(C)NC(=O)C(O)(Nc1ccc(C2CCOC2)cc1F)c1cc(Cl)cc2c1cnn2C1CNC1,0,
37556,1,,,,,O=C(NCC(F)F)C(O)(Nc1ccc(C2CCOC2)cc1F)c1cc(Cl)cc2c1cnn2C1CNC1,0,
37564,1,,,,,O=C(NC1CCOCC1)C(O)(Nc1ccc(C2CCOC2)cc1F)c1cc(Cl)cc2c1cnn2C1CNC1,0,
37573,1,,,,,O=C(Nc1ccc(C2CCOC2)cc1F)c1cc(Cl)cc2c1C1(CCNC1)NN2C1CNC1,0,
37577,1,,,,,O=C(Nc1ccc(C2CCOC2)cc1F)c1cc(Cl)cc2c1CC1(CCCCC1)N2C1CNC1,0,
37580,1,,,,,O=C(Nc1ccc(C2CCOC2)cc1F)c1cc(Cl)cc2c1CC1(CCNCC1)N2C1CNC1,0,
37581,1,,,,,O=C(Nc1ccc(C2CCOC2)cc1F)c1cc(Cl)c2c3c1cnn3C1(CNC1)C(=O)N2,0,
37595,1,,,,,CC1(OCCCO)C(=O)N(C2CNC2)c2cc(Cl)cc(C(=O)Nc3ccc(C4CCOC4)cc3F)c21,0,
37600,1,,,,,O=C(O)CC1OCCC1c1ccc(NC(=O)c2cc(Cl)cc3c2cnn3C2CNC2)c(F)c1,0,
37605,1,,,,,O=C(Nc1ccc(C2CCOC2=O)cc1F)c1cc(Cl)cc2c1c[n+]([O-])n2C1CNC1,0,
37608,1,,,,,O=C(Nc1ccc(C2CCOC2)c(Cc2ccncc2)c1F)c1cc(Cl)cc2c1c[n+]([O-])n2C1CNC1,0,
37614,1,,,,,O=C(NCCCF)C(O)(Nc1ccc(C2CCOC2)cc1F)c1cc(Cl)cc2c1cnn2C1CNC1,0,
37622,1,,,,,CCN1CCC2(CC1)Cc1c(C(=O)Nc3ccc(C4CCOC4)cc3F)cc(Cl)cc1N2C1CNC1,0,
37627,1,,,,,O=C(Nc1ccc(C2CCOC2)cc1F)c1cc(Cl)cc2c1cnn2C1CC2(CCOCC2)C1,0,
37639,1,,,,,CC1(C)Cc2c(C3CCOC3)ccc(NC(=O)c3cc(Cl)cc4c3cnn4C3CNC3)c2O1,0,
37640,1,,,,,O=C(Nc1ccc(C2CCOC2)c(F)c1F)c1cc(Cl)cc2c1cnn2C1CNC1,0,
37641,1,,,,,N#Cc1c(C2CCOC2)ccc(NC(=O)c2cc(Cl)cc3c2cnn3C2CNC2)c1F,0,
37643,1,,,,,O=C(Nc1ccc(C2COC(C(F)F)C2)cc1F)c1cc(Cl)cc2c1cnn2C1CNC1,0,
37666,1,,,,,O=C(Nc1ccc(N2CCCCC2)c(F)c1)c1cc(Cl)cc2c1c[n+]([O-])n2C1CNC1,0,
37707,1,,,,,COCc1cc2c(C(=O)Nc3ccc(N4CCCCC4)c(F)c3)cc(Cl)cc2n1C1CNC1,0,
37724,1,,,,,CCOC(=O)c1nn(C2CNC2)c2c(C#N)c(Cl)cc(C(=O)Nc3ccc(N4CCCCC4)c(F)c3)c12,0,
37727,1,,,,,O=C(C(=O)c1cc(Cl)cc2c1cnn2C1CNC1)c1ccc(N2CCCCC2)c(F)c1,0,
37786,1,,,,,O=C(NC1CC(F)C2C(CNC3CCCCC32)C1)c1cc(Cl)c2c3c1cnn3C1(CNC1)C(=O)N2,0,
37807,1,,,,,O=C(Nc1cc(F)c2c(c1)CNC21CCCCC1C(=O)O)c1cc(Cl)cc2c1cnn2C1CNC1,0,
37821,1,,,,,O=C(NCCCF)C(O)(Nc1ccc(N2CCCCC2)c(F)c1)c1cc(Cl)cc2c1cnn2C1CNC1,0,
37829,1,,,,,CCN1CCC2(CC1)Cc1c(C(=O)NC3CC(F)C4C(CNC5CCCCC54)C3)cc(Cl)cc1N2C1CNC1,0,
37842,1,,,,,CN1Cc2cc(NC(=O)c3cc(Cl)c4c5c3cnn5C3(CNC3)C(=O)N4)cc(F)c2C12CCCCC2,0,
37847,1,,,,,O=C(Nc1ccc(N2CCCCC2)c(F)c1F)c1cc(Cl)cc2c1cnn2C1CNC1,0,
37868,1,,,,,CNCc1cc(NC(=O)c2cc(Cl)cc3c2cnn3C2CNC2)cc(F)c1N1CCCCC1,0,
37910,1,,,,,N#Cc1cccc(NC(=O)c2cc(CO)cc3c2cnn3C2CNC2)c1,0,
37944,1,,,,,Cc1nn(C2CNC2)c2cc(Cl)cc(C(=O)C(=O)c3cccc(C#N)c3)c12,0,
37954,1,,,,,CC1C(n2ncc3c(C(=O)C(=O)c4cccc(C#N)c4)cc(Cl)cc32)CC1(C)O,0,
37970,1,,,,,N#CC1CC(NC(=O)c2cc(Cl)cc3c2c[n+]([O-])n3C2CNC2)CC2CNCC12,0,
37971,1,,,,,N#CC1CC(NC(=O)c2cc(Cl)cc3c2CC24CCCCC2C2NCCC2N34)CC2CNCC12,0,
37985,1,,,,,N#CC1CC(NC(=O)c2cc(Cl)cc3c2cnn3C2CNC2)CC2CNCC12,0,
37994,1,,,,,COCCOC1(C)C(=O)N(C2CNC2)c2cc(Cl)cc(C(=O)NC3CC(C#N)C4CNCC4C3)c21,0,
38006,1,,,,,N#Cc1cc(NC(=O)c2cc(Cl)cc3c2c[n+]([O-])n3C2CNC2)cc2c1C(=O)NC2,0,
38009,1,,,,,NC(c1ccncc1)c1cccc(NC(=O)c2cc(Cl)cc3c2c[n+]([O-])n3C2CNC2)c1,0,
38010,1,,,,,N#Cc1cc(NC(=O)c2cc(Cl)cc3c2cnn3C2CNC2)ccc1F,7,
38040,1,,,,,Cn1cc2cc(NC(=O)c3cc(Cl)cc4c3cnn4C3CNC3)cc(C#N)c2c1,0,
38055,1,,,,,CNCc1ccc(NC(=O)c2cc(Cl)cc3c2cnn3C2CNC2)cc1C#N,0,
38060,1,,,,,CC1CCCCCN2CC3C(C(=O)NC4CC(C#N)C5CNCC5C4)CC(Cl)CC3N12,0,
38108,1,,,,,CC(=O)NN1CCC2C1Nc1c(Cl)cc(C(=O)Nc3ccc(F)cc3)c3cnn2c13,0,
38109,1,,,,,O=C(Nc1ccc(F)cc1)c1cc(Cl)cc2c(C3CNC3)n(F)c(F)c12,0,
38119,1,,,,,Cc1cc(NC(=O)c2cc(Cl)cc3c(C4CNC4)n(C)cc23)ccc1F,0,
38162,1,,,,,CC(C)n1cc2c(C(=O)Nc3ccc(F)c(CN)c3)cc(Cl)cc2c1C1CNC1,0,
38165,1,,,,,O=C(NC1CCC2=C(CNC2)C1)c1cc(Cl)cc2c1cnn2C1CNC1,0,
38171,1,,,,,ClC1CCC(OCNc2ccc3ccncc3c2)CCCNN2C1CCC1NCCC12,0,
38177,1,,,,,NCOc1ccc(NC(=O)c2cc(Cl)cc3c2c[n+]([O-])n3C2CNC2)cc1,0,
38184,1,,,,,O=C(Nc1ccc(Oc2ccncc2)cc1)c1cc(Cl)cc2c1c[n+]([O-])n2C1CNC1,0,
38201,1,,,,,CN1CCC2(CC1)CC(NC(=O)c1cc(Cl)cc3c1cnn3C1CNC1)CCC2F,0,
38240,1,,,,,O=C(Nc1ccc2c(c1)CN(CC(F)F)C2)C1CC(Cl)CC2=C1CNN2C1CNC1,0,
38287,1,,,,,Nc1nn(C2CNC2)c2cc(Cl)cc(C(=O)Nc3ccc4c(c3)CN(CC(F)F)C4)c12,0,
38343,1,,,,,O=C(Nc1ccc2c(c1)CN(CC(F)F)C2)c1cc(Cl)c2c3c1cnn3C1(CNC1)C(=O)N2,0,
38352,1,,,,,CNc1c2c(C(=O)N(C(=O)NCC(F)F)c3ccc4c(c3)CN(CC(F)F)C4)cc(Cl)cc2c(C2CNC2)n1O,0,
38361,1,,,,,CC(C)OC1(C)C(=O)N(C2CNC2)c2cc(Cl)cc(C(=O)Nc3ccc4c(c3)CN(CC(F)F)C4)c21,0,
38363,1,,,,,NC1(n2ncc3c(C(=O)Nc4ccc5c(c4)CN(CC(F)F)C5)cc(Cl)cc32)CNC1,0,
38372,1,,,,,CN1CCC2(CC1)Cc1c(C(=O)Nc3ccc4c(c3)CN(CC(F)F)C4)cc(Cl)cc1N2C1CNC1,0,
38377,1,,,,,CCN1CCC2(CC1)Cc1c(C(=O)Nc3ccc4c(c3)CN(CC(F)F)C4)cc(Cl)cc1N2C1CNC1,0,
38379,1,,,,,CN1CCC23Cc4c(C(=O)Nc5ccc6c(c5)CN(CC(F)F)C6)cc(Cl)cc4N2C2CCNC2OC3C1,0,
38380,1,,,,,O=C(Nc1ccc2c(c1)CN(CC(F)F)C2)c1cc(Cl)cc2c1CC13CCNCC1OC1NCCC1N23,0,
38381,1,,,,,O=C(Nc1ccc2c(c1)CN(CC(F)F)C2)c1cc(Cl)cc2c1cnn2C1CC2(CCOCC2)C1,0,
38391,1,,,,,O=C(NC1CC2=C(CN(CC(F)F)C2)CC12CCCC2=O)c1cc(Cl)cc2c1cnn2C1CNC1,0,
38392,1,,,,,CC1(C)Cc2c3c(cc(NC(=O)c4cc(Cl)cc5c4cnn5C4CNC4)c2O1)CN(CC(F)F)C3,0,
38393,1,,,,,O=C(Nc1cc(F)c2c(c1)CN(CC(F)F)C2)c1cc(Cl)cc2c1cnn2C1CNC1,0,
38397,1,,,,,CN(C)Cn1cc2c(C(=O)Nc3ccc4c(c3)CN(CC(F)F)C4)cc(Cl)cc2c1C1CNC1,0,
38399,1,,,,,CCCN1CC(n2ncc3c(C(=O)Nc4ccc5c(c4)CN(CC(F)F)C5)cc(Cl)cc32)C1,0,
38407,1,,,,,NC1(n2ncc3c(C(N=O)Nc4ccc5c(c4)CN(CC(F)F)C5)cc(Cl)cc32)CNC1,0,
38427,1,,,,,CC(=O)NC1CN(N)C(c2cc(Cl)cc(C(=O)Nc3ccc4c(c3)CNC4)c2)CC12CCNCC2,0,
38433,1,,,,,CNCCC(C)CCCCC(NN)C(Cl)CC(C)C(O)(C=O)Nc1cc(C)c2c(c1)CNC2,0,
38453,1,,,,,O=C(Nc1ccc2c(c1)CNC2)c1cc(Cl)c2n[nH]c(C(OCc3ccccc3)C3CCNCC3)c2c1,0,
38463,1,,,,,NCC1=C(CC2CCNCC2)c2cc(C(=O)Nc3ccc4c(c3)CNC4)cc3scc1c23,0,
38467,1,,,,,CNC1CNCCC1Cc1[nH]nc2c(Cl)cc(C(=O)Nc3ccc4c(c3)CNC4)c(OCCCO)c12,0,
38490,1,,,,,O=C(Nc1ccc2c(c1)CNC2)c1cc(Cl)c2c(c1)C1CC3(CCNCC3)OC3CCNCC31N2,0,
38491,1,,,,,O=C(Nc1ccc2c(c1)CNC2)c1cc(Cl)c2c(c1)C1(CCC3(CCCNC3)CC1)NN2,0,
38536,1,,,,,CC1CC2(Cc3cc4c(cc3C(C)N2O)CNC4)Cc2c(C3CN(C)C3)c[nH]c21,0,
38632,1,,,,,CC(C=O)CC(C(=O)Nc1ccc2c(c1)CNC2)C1NC(C2CCCCC2)O1,0,
38668,1,,,,,Cn1c(-c2ccccc2)nc2c(C(=O)C(=O)c3ccc4c(c3)CNC4)cc(C=O)cc21,0,
38684,1,,,,,Cc1cc2c(cc1C(=O)C(=O)c1cc(C=O)cc3c1nc(-c1ccccc1)n3OCNC(C)(C)CO)CNC2,0,
38687,1,,,,,Cc1cc2c(cc1NC(O)(O)c1cc(C=O)cc3[nH]c(-c4ccccc4)nc13)CNC2,0,
38710,1,,,,,O=Cc1cc(C(O)(Nc2ccc3c(c2)CNC3)C(=O)NC2CCOCC2)c2[nH]c(-c3ccccc3)nc2c1,0,
38744,1,,,,,Cc1c2n(c3c(C(=O)Nc4ccc5c(c4)CNC5)cc(C=O)cc13)CC1(CCCCC1)C2,0,
38748,1,,,,,O=Cc1cc(C(=O)Nc2ccc3c(c2)CNC3)c2c(c1)[NH+]1Oc3ccccc3C1=N2,0,
38785,1,,,,,CNCn1c(-c2ccccc2)nc2c(C(=O)Nc3cc4c(cc3F)CNC4)cc(C=O)cc21,0,
38791,1,,,,,O=Cc1cc(C(=O)Nc2ccc3c(c2)CNC3)c2nc(-c3ccccc3)n(NC3CCC3)c2c1,0,
38804,1,,,,,O=Cc1cc(C(=O)Nc2ccc3c(c2)CNC3)c2nc(-c3ccccc3)n(NC3CNC3)c2c1,0,
38812,1,,,,,CC1CN(C)CCC1c1c2cc(C(=O)Nc3ccc4c(c3)CNC4)cc(Cl)c2nn1N,0,
38829,1,,,,,CS(=O)(=O)n1nc2c(Cl)cc(C(=O)Nc3ccc4c(c3)CNC4)cc2c1C1CCNCC1,0,
38873,1,,,,,CC1(C2CCNCC2)c2cc(C(=O)C(=O)c3ccc4c(c3)CNC4)cc(Cl)c2NN1O,0,
38878,1,,,,,CC1NCc2ccc(C(=O)C(=O)c3cc(Cl)c4c(c3)C(C)(C3CCNCC3)N(O)N4)cc21,0,
39033,1,,,,,CCN(c1nc2ccc(C(=O)Nc3ccc4c(c3)CNC4)cc2[nH]1)C1CCC1,0,
39083,1,,,,,CC(C)C1NN2OC3(CCC3)NC3Nc4c(F)cc(C(=O)Nc5ccc6c(c5)CNC6)cc4C32S1,0,
39207,1,,,,,CCNn1nc2c(Cl)cc(C(=O)Nc3ccc4c(c3)CNC4)cc2c1CC1CNC1,0,
39233,1,,,,,NC1=NN=C2N=c3c(F)cc(C(=O)Nc4ccc5c(c4)CNC5)cc3=C12,0,
39247,1,,,,,CN(C)COn1cc(-c2cc(F)cc(C(=O)Nc3ccc4c(c3)CNC4)c2)cn1,0,
39319,1,,,,,CCCNC(=O)C(O)(Nc1ccc2c(c1)CNC2)C1CC(F)CC(c2cn[nH]c2)C12CNNC2,0,
39336,1,,,,,NCCC1CSC2=C1CC(C(=O)Nc1ccc3c(c1)CNC3)C2,0,
39347,1,,,,,CCc1c(-c2cn[nH]c2)cc(F)cc1C(O)(Nc1ccc2c(c1)CNC2)C(=O)NCC(F)F,0,
39382,1,,,,,CC(C)NC(=O)N(C(=O)C1CC2=C(C1)SCN2)c1ccc2c(c1)CNC2,0,
39384,1,,,,,O=C(Nc1ccc2c(c1)CNC2)c1cc(F)cc(C2CNNC23CCNCC3)c1,0,
39397,1,,,,,O=C(NC1CC2=C(CNC2)C(F)C12CCCC2=O)c1cc(F)cc2c1=CC1=NN=CC=21,0,
39412,1,,,,,CCCC(CCC(N)=O)Cn1cc(-c2cc(F)cc(C(=O)Nc3ccc4c(c3)CNC4)c2N)cn1,0,
39537,1,,,,,O=C(Nc1ccc2c(c1)CNC2)c1cc(Cl)c2[nH]c(=O)n3c2c1NC3,0,
39542,1,,,,,O=C(Nc1ccc2c(c1)CNC2)c1cc(Cl)cc2nc(C(F)(F)F)[nH]c12,0,
39553,1,,,,,CCc1cc(C(=O)Nc2ccc3c(c2)CNC3)c2ncn(C)c2c1,0,
39561,1,,,,,O=C(Nc1ccc2c(c1)CNC2)c1cc(Cl)c2[nH]c(=O)n3cnc1c23,0,
39590,1,,,,,O=C(Nc1cc2c(c(-c3ccncc3)c1)CNC2)c1cc(Cl)cc2c1[nH]c[n+]2[O-],0,
39609,1,,,,,O=C(Nc1ccc2c(c1)CNC2)c1cc(Cl)cc2nc(CC3CCNCC3)[nH]c12,0,
39617,1,,,,,CNCn1cnc2c(C(=O)Nc3cc4c(c5c3OC(C)(C)C5)CNC4)cc(Cl)cc21,0,
39618,1,,,,,CNCn1cnc2c(C(=O)Nc3cc(F)c4c(c3)CNC4)cc(Cl)cc21,0,
39621,1,,,,,CNCn1cnc2c(C(=O)Nc3cc(C#N)c4c(c3)CNC4)cc(Cl)cc21,0,
39629,1,,,,,NCc1nc2cc(Cl)cc(C(=O)Nc3ccc4c(c3)CNC4)c2[nH]1,0,
39633,1,,,,,CC(C)NC(=O)C(O)(Nc1ccc2c(c1)CNC2)c1cc(Cl)cc2c1NC1(CCCCC1)N2,0,
39634,1,,,,,O=C(Nc1ccc2c(c1)CNC2)c1cc(Cl)cc2c1NC1(CCNC1)N2,0,
39640,1,,,,,CNC1=CNC(Nc2ccc(Cl)cc2C(=O)Nc2ccc3c(c2)CNC3)=CC=C1,0,
39690,1,,,,,COn1c(-c2ccc(CCC(N)=O)cc2)nc2cc(F)cc(C(=O)Nc3ccc4c(c3)CNC4)c21,0,
39710,1,,,,,NC(=O)CCc1ccc(-c2nc3cc(F)cc(C(=O)C(=O)c4ccc5c(c4)CNC5)c3[nH]2)cc1,0,
39824,1,,,,,CNCn1c(-c2ccc(CCC(N)=O)cc2)nc2c(C(=O)Nc3cc(C#N)c4c(c3)CNC4)cc(F)cc21,0,
39835,1,,,,,NC(=O)CCC1CCC2=C3NC4C(C(=O)Nc5ccc6c(c5)CNC6)CC(F)CC4C3COC2C1,0,
39851,1,,,,,Cc1c(N)[nH]c2c(Cl)cc(C(=O)Nc3ccc4c(c3)CNC4)cc12,0,
39865,1,,,,,CC1=Cc2csc3cc(C(O)(O)Nc4ccc5c(c4)CNC5)cc1c23,0,
39910,1,,,,,CC1(C)c2cc(C(=O)C(=O)c3ccc4c(c3)CNC4)cc(Cl)c2NC1O,0,
39913,1,,,,,CC1(C)c2cc(C(=O)C(=O)c3ccc4c(c3N)CNC4)cc(Cl)c2NC1O,0,
39926,1,,,,,Cc1c(N)[nH]c2c(Cl)cc(C(=O)NC3CC4=C(CNC4)C4(C3)NNNN4)cc12,0,
39932,1,,,,,CC1=Cc2csc3cc(C(=O)Nc4ccc5c(c4)CNC5)cc1c23,0,
39962,1,,,,,Cc1c[nH]c2c1C1(CNCN1)C(C(O)(Nc1ccc3c(c1)CNC3)C(=O)NCC(F)F)CC2Cl,0,
39979,1,,,,,Cc1c[nH]c2c(Cl)cc(C(=O)Nc3ccc4c(c3)CNC4=O)cc12,0,
39981,1,,,,,CNCc1[nH]c2c(Cl)cc(C(=O)Nc3ccc4c(c3)CNC4)cc2c1C,0,
39986,1,,,,,CNCc1c[nH]c2c(Cl)cc(C(=O)Nc3ccc4c(c3)CNC4)cc12,0,
39987,1,,,,,Cc1c[nH]c2c(Cl)cc(C(=O)N(C(=O)NCC(F)F)c3ccc4c(c3)CNC4)cc12,0,
40004,1,,,,,CNCc1[nH]c2c(Cl)cc(C(=O)Nc3cc(F)c4c(c3)CNC4=O)cc2c1C,0,
40020,1,,,,,CNCc1[nH]c2c(Cl)cc(C(=O)Nc3cc(C)c4c(c3)CNC4)cc2c1C,0,
40029,1,,,,,CC1c2cc(C(=O)Nc3ccc4c(c3)CNC4)cc(Cl)c2NC12CCNC2,0,
40052,1,,,,,COc1ccc(C2C3C(CCC34CNC4NO)C(F)CC(C(=O)Nc3ccc4c(c3)CNC4)C3CCCN32)nn1,0,
40056,1,,,,,COc1ccc(-c2c(C)c3c(C(=O)Nc4ccc5c(c4)CNC5)cc(F)cc3n2C2CNC2)nn1,0,
40080,1,,,,,COc1cc(C)c(-c2nc3c(C(=O)Nc4ccc5c(c4)CNC5)cc(F)cc3n2C2CNC2)nn1,0,
40092,1,,,,,COc1cc(C(=NOc2cc(C)nc3ncnn23)Nc2ccc3c(c2)CNC3)c2nc(-c3ccc(OC)nn3)n(C3CNC3)c2c1,0,
40129,1,,,,,COc1ccc(C2Nc3c(C(=O)Nc4ccc5c(c4)CNC5)cc(F)cc3[N+]2([O-])C2CNC2)nn1,0,
40136,1,,,,,COc1ccc(-c2nc3c(C(O)(Nc4ccc5c(c4)CNC5)C(=O)NC4CCOCC4)cc(F)cc3n2C2CNC2)nn1,0,
40152,1,,,,,COc1ccc(-c2nc3c(C(=O)Nc4cc5c(cc4C#N)CNC5)cc(F)cc3n2C2CNC2)nn1,0,
40159,1,,,,,COc1ccc(-c2nc3c(C(=O)Nc4cc5c6c(csc6c4)NC5)cc(F)cc3n2C2CNC2)nn1,0,
40173,1,,,,,COc1ccc(C2N(C3CNC3)c3cc(F)cc(C(=O)Nc4ccc5c(c4)CNC5)c3C2(C)OC(C)C)nn1,0,
40190,1,,,,,CCOc1ccc(-c2nc3c(C(=O)Nc4ccc5c(c4)CNC5)cc(F)cc3n2C2CNC2)nn1,0,
40199,1,,,,,COc1ccc(-c2nc3c(C(=O)Nc4cc5c(c6c4OC(C)(C)C6)CNC5)cc(F)cc3n2C2CNC2)nn1,0,
40203,1,,,,,COc1ccc(-c2nc3c(C(=O)Nc4cc(C#N)c5c(c4)CNC5)cc(F)cc3n2C2CNC2)nn1,0,
40210,1,,,,,COC1CCC2C3N(CN2N1)C1C(C(=O)Nc2ccc4c(c2)CNC4)CC(F)CC1N3C1CNC1,0,
40283,1,,,,,Cc1ccc(N)nc1NC(=O)c1cc(F)cc2c1cnn2C1CNC1,0,
40301,1,,,,,Cc1nn(C2CNC2)c2cc(F)cc(C(=O)C(=O)c3cccc(CN)n3)c12,0,
40303,1,,,,,O=C(C(=O)c1cc(F)cc2c1cnn2C1CNC1)c1ccc2cccnc2n1,0,
40308,1,,,,,Cc1ccc(NC(=O)c2cc(F)cc3c2cnn3C2CNC2C(C)C)nc1,0,
40318,1,,,,,CC(C)c1cc2c(C(=O)Nc3cccc(CN)n3)cc(F)cc2n1C1CNC1,0,
40326,1,,,,,N#CC1CC2=CN=CC2NC1NC(=O)c1cc(F)cc2c1cnn2C1CNC1,0,
40334,1,,,,,COC1CC2(CCN1)CC(NC(=O)c1cc(F)cc3c1cnn3C1CNC1)CC1CNCC12,0,
40336,1,,,,,CC1C(C(=O)NC2CCC3=CN=CC3N2)CCN1CCC1CN(CN)C1,0,
40379,1,,,,,CC(C)NC(=O)C(O)(NC1CCC2(CCNC2)CN1)c1cc(F)cc2c1CC(F)(F)N2C1CNC1,0,
40393,1,,,,,O=C(NC1NCC2(CCOC2)CC1F)c1cc(F)cc2c1cnn2C1CNC1,0,
40411,1,,,,,CNCc1cccc(NC(=O)c2cc(F)cc3c2cnn3C2CNC2)n1,0,
40426,1,,,,,CNc1cc(C(=O)Nc2ccc3c(c2)CNC3)cc2c(CN)c[nH]c12,0,
40444,1,,,,,NCc1c[nH]c2c(Cl)cc(C(O)(F)Nc3ccc4c(c3)CNC4)cc12,0,
40445,1,,,,,CCc1cc(C(=O)Nc2ccc3c(c2)CNC3)cc2c(CN)c[nH]c12,0,
40484,1,,,,,NCC1c2cc(C(=O)Nc3ccc4c(c3)CN(N)C4)cc(Cl)c2NC1(O)OCc1ccccc1,0,
40497,1,,,,,NCC1=c2cc(C(=O)Nc3ccc4c(c3)CNC4)cc(Cl)c2=NC1=O,0,
40505,1,,,,,NC(F)(F)c1c[nH]c2c(Cl)cc(C(=O)Nc3ccc4c(c3)CNC4)cc12,0,
40542,1,,,,,NCc1c[nH]c2c(Cl)cc(C(=O)Nc3ccc4c(c3)CNC4CC(=O)O)cc12,0,
40551,1,,,,,NCc1c[nH]c2c(Cl)cc(C(=O)Nc3cc4c(c(-c5ccncc5)c3)CNC4)cc12,0,
40553,1,,,,,CNCc1[nH]c2c(Cl)cc(C(=O)Nc3cc(F)c4c(c3)CNC4)cc2c1CN,0,
40559,1,,,,,CNCc1[nH]c2c(Cl)cc(C(=O)Nc3cc(Br)c4c(c3)CNC4)cc2c1CN,0,
40618,1,,,,,CCNc1nc2ccc(C(=O)Nc3ccc4c(c3)CNC4)cc2n1C#N,0,
40697,1,,,,,CCNc1[nH]c2cc(C(=O)Nc3ccc4c(c3)CNC4)ccc2[n+]1[O-],0,
40786,1,,,,,CCNCc1nc2c(Cl)cc(C(=O)NC3CC4=C(CNC4)CC34CCCC4=O)cc2[nH]1,0,
40801,1,,,,,CCNc1nc2c(Cl)cc(C(=O)Nc3ccc4c(c3)CNC4)cc2n1CN,0,
40804,1,,,,,CCNc1nc2c(F)cc(C(=O)Nc3ccc4c(c3)CNC4)cc2n1CN,0,
40825,1,,,,,CC1COC2CCC3(Nc4ccc(C(=O)Nc5ccc6c(c5)CNC6)cc4C3=O)N12,0,
40832,1,,,,,CC1CC(CN)n2c(nc3ccc(C(=O)Nc4ccc5c(c4)CNC5)cc32)N1,0,
40881,1,,,,,CC(C)Nc1nc2cc(Cl)c(C(=O)Nc3ccc4c(c3)CNC4)cc2[nH]1,0,
40883,1,,,,,CC(C)Nc1nc2c([nH]1)CC1(Cc3cc4c(cc3C(C)N1)CNC4)CC2C,0,
40884,1,,,,,CC(C)Nc1nc2c(N)c(C(=O)Nc3ccc4c(c3)CNC4)ccc2n1Cl,0,
40892,1,,,,,CC(C)N(C)c1nc2ccc(C(=O)C(=O)c3ccc4c(c3)CNC4)cc2n1C,0,
40914,1,,,,,CC(C)Nc1nc2c(Cl)cc(C(O)(Nc3ccc4c(c3)CNC4)C(=O)NCC(F)F)cc2[nH]1,0,
40915,1,,,,,CC(C)Nc1nc2c(F)cc(C(=O)Nc3ccc4c(c3)CNC4)cc2[nH]1,0,
40933,1,,,,,CC(C)NC1NC2CC(C(=O)Nc3ccc4c(c3)CNC4)CC3CCCN1C32,0,
40943,1,,,,,CC1CC(C)(S(C)(=O)=O)n2c(nc3c(F)cc(C(=O)Nc4ccc5c(c4)CNC5)cc32)N1,0,
40981,1,,,,,CC1CC2CC3(CCN2C)c2cc(C(=O)Nc4ccc5c(c4)CNC5)ccc2NC3N1,0,
40996,1,,,,,CC(C)NC(=O)C(O)(Nc1ccc2c(c1)CNC2)c1cc(Cl)c2c(c1)C(F)(F)C(NC(C)C)N2,0,
40998,1,,,,,CC(C)Nc1nc2ccc(C(=O)Nc3ccc4c(c3)CNC4)cc2n1CN(C)C,0,
41021,1,,,,,CC(C)NC(=O)C(O)(Nc1ccc2c(c1)CNC2)c1cc(Cl)c2c(c1)N1CCCC3COCN3C(C)NC1N2,0,
41100,1,,,,,CC1(C2CNC2)c2cc(C(=O)C(=O)c3ccc4c(c3)CNC4)cc(F)c2NC1O,0,
41122,1,,,,,O=C(NCC(F)F)C(O)(Nc1ccc2c(c1)CNC2)c1cc(F)c2[nH]cc(C3CNC3)c2c1,0,
41125,1,,,,,O=C(Nc1ccc2c(c1)CNC2)c1cc2c3c(csc3c1)C=C2C1CNC1,0,
41137,1,,,,,O=C(Nc1ccc2c(c1)CNC2)c1cc(F)c2[nH]cc3c2c1CC31CNC1,0,
41154,1,,,,,NCC1CCCC2(C1)Nc1c(F)cc(C(=O)Nc3ccc4c(c3)CNC4)cc1C2C1CNC1,0,
41168,1,,,,,CCOC(C)(C)NC1(c2c[nH]c3c(F)cc(C(=O)Nc4ccc5c(c4)CNC5)cc23)CNC1,0,
41217,1,,,,,Nc1[nH]c2c(Cl)cc(C(=O)Nc3ccc4c(c3)CNC4)cc2c1C1CNC1,0,
41254,1,,,,,CS(=O)(=O)C1CCC2CC(CCC23CNC3)C(C(=O)c2cc(Cl)c3[nH]cc(C4CNC4)c3c2)C1,0,
41318,1,,,,,O=C(Nc1ccc2c(c1)CNC2)c1cc(Cl)c2c(c1)C1C3CCNC3OC3CNCCC31N2,0,
41343,1,,,,,CNCc1[nH]c2c(Cl)cc(C(=O)Nc3ccc4c(c3)CNC4)cc2c1C1CNC1,0,
41374,1,,,,,CNCc1[nH]c2c(Cl)cc(C(=O)Nc3ccc4c(c3)CNC4)cc2c1C1CN(OC)C1,0,
41376,1,,,,,CNCc1[nH]c2c(Cl)cc(C(=O)Nc3cc(C)c4c(c3)CNC4)cc2c1C1CNC1,0,
41380,1,,,,,CNCc1[nH]c2c(Cl)cc(C(=O)Nc3ccc4c(c3)C(C)NC4)cc2c1C1CNC1,0,
41386,1,,,,,Cc1ccc(NC(=O)c2cc(Cl)cc3c2cnn3C2CNC2C(C)C)nc1C,0,
41401,1,,,,,CNC1CC2=C(CNN2C2CNC2)C(C(=O)Nc2ccc(C)c(C)n2)C1,0,
41411,1,,,,,Cc1ccc(NC(=O)c2cc(Cl)cc3c2cnn3C2CN(CNC(C)c3cn(-c4ccccc4)nn3)C2)nc1C,0,
41415,1,,,,,Cc1ccc(NC(=O)c2cc(Cl)cc3c2cnn3C2CNC23CCC(CNc2nc4ccccc4[nH]2)C(O)C3)nc1C,0,
41417,1,,,,,CNC1(N2NC3(CCOC3)c3c(C(=O)Nc4ccc(C)c(C)n4)cc(Cl)c(Cl)c32)CNC1,0,
41463,1,,,,,Cc1nn(C2(C)CNC2)c2cc(Cl)cc(C(=O)[N+](C)([O-])c3ccc4c(n3)CCNC4)c12,0,
41466,1,,,,,Cc1cc(C(=O)C(=O)c2cc(Cl)cc3c2cnn3C2CC(C)(O)C2C)nc(C)c1C,0,
41483,1,,,,,O=C(Nc1ccc2c(n1)C=NC=CO2)c1cc(Cl)cc2c1cnn2C1CNC1,0,
41491,1,,,,,Cc1cc2c(C(=O)NC3CCC4=C(CNC4)N3)cc(Cl)cc2n1C1CNC1,0,
41508,1,,,,,O=C(NC1CCC2=C(CNC2)N1)c1cc(Cl)cc2c1CC1(CCNCC1)N2C1CNC1,0,
41518,1,,,,,O=C(NC1CCC2=CN=CC2N1)c1cc(Cl)cc2c1cnn2C1CNC1,0,
41591,1,,,,,CC(N=O)(NC1CCC2=C(CNCC2)N1)c1cc(Cl)c(CN)c2c1cnn2C1CNC1,0,
41602,1,,,,,CCCNc1c[nH]c(C(F)CC(C)C(=O)Nc2ccc3c(c2)CNC3)c1,0,
41605,1,,,,,NCc1c(N)[nH]c2c(F)cc(C(=O)Nc3ccc4c(c3)CNC4)cc12,0,
41621,1,,,,,C[N+]([O-])(O)C1NCCC12CNc1c(F)cc(C(=O)Nc3ccc4c(c3)CNC4)cc12,0,
41633,1,,,,,NCc1c[nH]c2c(F)cc(C(=O)Nc3ccc4c(c3)CNC4)c(O)c12,0,
41642,1,,,,,CNC1NCc2c(O)cc(NC(=O)c3cc(F)c4[nH]c(NC(C)(C)CO)c(CN)c4c3)cc21,0,
41644,1,,,,,CN1Cc2cc(NC(=O)c3cc(F)c4[nH]c(NC(C)(C)CO)c(CN)c4c3)cc(O)c2C1,0,
41646,1,,,,,CCC(NC)N(N)c1c[nH]c(C(F)CC(C)C(=O)Nc2cc(C)c3c(c2)CNC3)c1,0,
41648,1,,,,,COC1CC(C(=NOc2cc(C)nc3ncnn23)Nc2ccc3c(c2)CNC3)CC2C1NC1CNCC(N)C12,0,
41667,1,,,,,Cc1cc(C(=O)C(=O)c2cc(F)c3[nH]cc(C(N)NCC(C)CO)c3c2)cc2c1CNC2,0,
41669,1,,,,,CC(C)Nc1[nH]c2c(F)cc(C(=O)Nc3ccc4c(c3)CNC4)cc2c1CN,0,
41673,1,,,,,NC(OCc1ccccc1)c1c[nH]c2c(F)cc(C(=O)Nc3ccc4c(c3)CN(N)C4)cc12,0,
41676,1,,,,,NCc1c(N)[nH]c2c(F)cc(C(=O)Nc3ccc4c(c3)C(N)NC4)cc12,0,
41677,1,,,,,NC1(c2c[nH]c3c(F)cc(C(=O)Nc4ccc5c(c4)CNC5)cc23)CCCC1,0,
41678,1,,,,,CC(N)c1c[nH]c2c(F)cc(C(=O)Nc3ccc4c(c3)CNC4)cc12,0,
41681,1,,,,,CC(C)NC(=O)C(O)(Nc1ccc2c(c1)CNC2)c1cc(F)c2[nH]cc(CN)c2c1,0,
41701,1,,,,,NCc1c[nH]c2c(F)cc(C(N=CNCC3CCCO3)Nc3ccc4c(c3)CNC4)cc12,0,
41702,1,,,,,N#Cc1cc2c(cc1NC(=O)c1cc(F)c3[nH]cc(CN)c3c1)CNC2,0,
41725,1,,,,,NCc1c[nH]c2c(F)cc(C(=O)Nc3ccc4c(c3)CNC4CC(=O)O)cc12,0,
41731,1,,,,,NCc1c[nH]c2c(F)cc(C(=O)Nc3ccc4c(c3)CNC4=O)cc12,0,
41732,1,,,,,CNCc1[nH]c2c(F)cc(C(=O)Nc3ccc4c(c3)CNC4)cc2c1CN,0,
41742,1,,,,,CNCc1[nH]c2c(F)cc(C(=O)Nc3cc(Br)c4c(c3)CNC4)cc2c1CN,0,
41748,1,,,,,NC1CNCCC12C(=O)Nc1c(F)cc(C(=O)Nc3ccc4c(c3)CNC4)cc12,0,
41752,1,,,,,CNCc1[nH]c2c(F)cc(C(=O)Nc3cc(F)c4c(c3)CNC4=O)cc2c1CN,0,
41759,1,,,,,CNCc1[nH]c2c(F)cc(C(=O)Nc3cc(C#N)c4c(c3)CNC4)cc2c1CN,0,
41761,1,,,,,CNCc1[nH]c2c(F)cc(C(=O)Nc3ccc4c(c3)CN(CC(F)F)C4)cc2c1CN,0,
41764,1,,,,,NCc1c(NC2CCC2)[nH]c2c(F)cc(C(=O)Nc3ccc4c(c3)CNC4)cc12,0,
41767,1,,,,,CNCc1[nH]c2c(F)cc(C(=O)Nc3cc(C)c4c(c3)CNC4)cc2c1CN,0,
41797,1,,,,,C=Nc1cc(C(=O)Nc2ncccn2)c2cnn(C3CNC3)c2c1,0,
41820,1,,,,,CN(C)C1(O)NCC1n1ncc2c(C(=O)Nc3ncccn3)cc(F)cc21,0,
41821,1,,,,,OC(F)(Nc1ncccn1)c1cc(F)cc2c1cnn2C1CNC1,0,
41823,1,,,,,CN=C(Nc1ncccn1)c1cc(F)cc2c1cnn2C1CNC1,0,
41825,1,,,,,O=C(Nc1ncccn1)c1cc(F)cc2c1c(O)nn2C1CNC1,0,
41832,1,,,,,COc1nn(C2CNC2)c2cc(F)cc(C(=O)Nc3nccc(C)n3)c12,0,
41840,1,,,,,Cc1ccnc(NC(=O)c2cc(F)cc3c2cnn3C2CNC2)n1,0,
41889,1,,,,,N#CC(NC1NCC2(CCNC2)CN1)c1cc(F)cc2c1cnn2C1CNC1,0,
41893,1,,,,,O=C(NC1NCC2=CN=CC2N1)c1cc(F)cc2c1c[n+]([O-])n2C1CNC1,0,
41896,1,,,,,O=C(NC1NCC2=CN=CC2N1)c1cc(F)c2c3c1cnn3C1(CNC1)C(=O)N2,0,
41899,1,,,,,N#CN1CC2=CN=CC2NC1NC(=O)c1cc(F)cc2c1cnn2C1CNC1,0,
41909,1,,,,,O=C(NC1NCC2=CN=CC2N1)c1cc(F)cc2c1cc1n2C2(CC1)CNC2,0,
41923,1,,,,,O=C(NC1NCC2=CN=CC2N1)c1cc(F)c2[nH]c(=O)n3c2c1CN3,0,
41924,1,,,,,O=C(Nc1nccc(Cc2ccncc2)n1)c1cc(F)cc2c1c[n+]([O-])n2C1CNC1,0,
41938,1,,,,,O=C(Nc1nccc(F)n1)c1cc(F)cc2c1cnn2C1CNC1,0,
41943,1,,,,,CC(C)NC(=O)C(O)(NC1NCC2(CCNC2)CN1)c1cc(F)cc2c1CC(F)(F)N2C1CNC1,0,
41951,1,,,,,CC1(C)CC2CCNC(NC(=O)c3cc(F)cc4c3cnn4C3CNC3)N2O1,0,
41955,1,,,,,CCc1cnc(NC(=O)c2cc(F)cc3c2cnn3C2CNC2)nc1F,0,
41960,1,,,,,O=C(NC1NCC2(CCNC2)CN1)c1cc(F)cc2c(C3CNC3)n(CC3CCNCC3)cc12,0,
41991,1,,,,,O=C(Nc1ccc(C2CNC2)cc1)C1CC(Cl)CC2=C1CNN2C1CNC1,0,
41992,1,,,,,O=C(Nc1ccc(C2CNC2)cc1)c1cc(Cl)cc2c1C(O)C1(CSCN1)N2C1CNC1,0,
41999,1,,,,,CCc1c(Cl)cc(C(=O)Nc2ccc(C3CNC3)cc2)c2cn(C(N)C3CCN3)nc12,0,
42000,1,,,,,CC(NCN1CC(n2ncc3c(C(=O)Nc4ccc(C5CNC5)cc4)cc(Cl)cc32)C1)c1cn(-c2ccccc2)nn1,0,
42042,1,,,,,CCOC(=O)c1nn(C2CNC2)c2c(C#N)c(Cl)cc(C(=O)Nc3ccc(C4CNC4)cc3)c12,0,
42142,1,,,,,CN1CCC23Cc4c(C(=O)Nc5ccc(C6CNC6)cc5)cc(Cl)cc4N2C2CCNC2OC3C1,0,
42149,1,,,,,O=C(Nc1ccc(C2CNC2)cc1)c1cc(Cl)cc2c(C3CNC3)n(CC3CCNCC3)cc12,0,
42203,1,,,,,O=C(Nc1ccccn1)c1cc(Cl)cc2c1C(O)C1(CSCN1)N2C1CNC1,0,
42208,1,,,,,Cc1nn(C2CNC2)c2cc(Cl)cc(C(=O)Nc3ccccn3)c12,0,
42267,1,,,,,Cc1nn(C2CNC2)c2cc(Cl)cc(C(=O)[N+](C)([O-])C3CCC4(CCNC4)CN3)c12,0,
42268,1,,,,,O=C(C(=O)c1cc(Cl)cc2c1cnn2C1CNC1)c1ccc2cccnc2n1,0,
42338,1,,,,,O=C(NC1CC(F)C2(CCCC2)CN1)c1cc(Cl)cc2c1cnn2C1CNC1,0,
42344,1,,,,,COc1ccc(-c2cc3c(C(=O)NC4CCC5(CCNC5)CN4)cc(Cl)cc3n2C2CNC2)nn1,0,
42437,1,,,,,CCCCC1CC(NC(N)NC)NC1(O)c1cc(F)cc2c1c(C)nn2C1CNC1,0,
42496,1,,,,,NCc1nccc(NC(=O)c2cc(F)cc3c2c[n+]([O-])n3C2CNC2)n1,0,
42498,1,,,,,NCN1CCC(NC(=O)c2cc(F)cc3c2c[n+]([O-])n3C2CNC2)NC1,0,
42506,1,,,,,Cc1cc(NC(=O)c2cc(F)cc3c2c[n+]([O-])n3C2CNC2)nc(CN)n1,0,
42529,1,,,,,CC(C)NC(=O)C(N)(C1CCC2(CCNC2)CN1)C1C(O)C2OCC(NNC3CNC3)N2C2=C(CCC2)C1C(C)F,0,
42539,1,,,,,O=C(Nc1ccn2cncc2n1)c1cc(F)cc2c(C3CNC3)n(CC3CNC3)cc12,0,
42545,1,,,,,O=C(NC1CC(F)C23CCCC2COCC3N1)c1cc(F)cc2c1cnn2C1CNC1,0,
42546,1,,,,,CCN1CNC(NC(=O)c2cc(F)cc3c2cnn3C2CNC2)CC1F,0,
42550,1,,,,,COC1CCC2(Cc3c(C(=O)Nc4ccn5cncc5n4)cc(F)cc3N2C2CNC2)NN1,0,
42552,1,,,,,CC1(C)CC(n2ncc3c(C(=O)Nc4ccn5cncc5n4)cc(F)cc32)C1,0,
42554,1,,,,,CNCN1CCC(NC(=O)c2cc(F)cc3c2cnn3C2CNC2)NC1,0,
42562,1,,,,,CNCc1nccc(NC(=O)c2cc(F)cc3c2cnn3C2CNC2)n1,0,
42568,1,,,,,CC(C)Nc1cc2c(Cl)cc(C(=O)Nc3ccc4c(c3)CNC4)cc2n1C1CCNCC1,0,
42582,1,,,,,CNc1cc(C(=O)Nc2ccc3c(c2)CNC3)cc2c1cnn2C1CCNCC1,0,
42621,1,,,,,CCC1CCC(CNNC2CCNCC2)C(Cl)CCC1(O)Nc1ccc2c(c1)CNC2,0,
42624,1,,,,,CCc1cc(C(=NOc2cc(C)nc3ncnn23)Nc2ccc3c(c2)CNC3)cc2c1cc1n2C2(CCNCC2)CNC1,0,
42637,1,,,,,CC1(C2CCNCC2)c2cc(C(=O)C(=O)c3ccc4c(c3)CNC4)cc(Cl)c2CN1O,0,
42656,1,,,,,CNC1(C2CCNCC2)NCC2C(Cl)CC(C(O)(C#N)Nc3ccc4c(c3)CNC4)OC21,0,
42680,1,,,,,CCc1cc(C(=O)Nc2ccc3c(c2)CNC3)cc2c1cnn2C1CCNCC1,0,
42691,1,,,,,NCC1CCCC2(Cc3c(Cl)cc(C(=O)Nc4ccc5c(c4)CNC5)cc3N2C2CCNCC2)C1,0,
42695,1,,,,,[O-][n+]1cc2c(n1C1CCNCC1)CC1(CC2Cl)N=C1Nc1ccc2c(c1)CNC2,0,
42698,1,,,,,NCC1CCC2(CC1)Cc1c(Cl)cc(C(=O)Nc3ccc4c(c3)CNC4)cc1N2C1CCNCC1,0,
42744,1,,,,,CNCc1cc2c(Cl)cc(C(=O)Nc3ccc4c(c3)CNC4)cc2n1C1CCN(OC)CC1,0,
42853,1,,,,,Cc1cc2c(C(=O)NC3CC4=C(CNC4)CN3)cc(Cl)cc2n1C1CNC1,0,
42864,1,,,,,O=C(NC1CC2C=NC=C2CN1)c1cc(Cl)cc2c1c[n+]([O-])n2C1CNC1,0,
42871,1,,,,,O=C(NC1CC2C=NC=C2CN1)c1cc(Cl)c2c3c1cnn3C1(CNC1)C(=O)N2,0,
42904,1,,,,,O=C(NCCCF)C(O)(NC1CC2=C(CNC2)CN1)c1cc(Cl)cc2c1cnn2C1CNC1,0,
42924,1,,,,,O=C(NC1CC2=C(CNC2)CN1)c1cc(Cl)cc2c1cc(CC1CNC1)n2C1CNC1,0,
42929,1,,,,,CC1(C)Cc2cc(NC(=O)c3cc(Cl)cc4c3cnn4C3CNC3)ncc2O1,0,
42930,1,,,,,O=C(Nc1cc2ccccc2cn1)c1cc(Cl)cc2c1cnn2C1CNC1,0,
42932,1,,,,,CC1C(F)NC(NC(=O)c2cc(Cl)cc3c2cnn3C2CNC2)CC12CCCC2,0,
42950,1,,,,,CC(N=O)(Nc1cc2cnccc2cn1)c1cc(Cl)cc2c1cnn2C1(N)CNC1,0,
42954,1,,,,,CNCc1cc(NC(=O)c2cc(Cl)cc3c2cnn3C2CNC2)ncc1C,0,
42988,1,,,,,CS(=O)(=O)c1c(C2CNC2)[nH]c2ccc(C(=O)Nc3ccc4c(c3)CNC4)cc12,0,
43015,1,,,,,CS(=O)(=O)C1CCC2CC(CCC23CNC3)C(C(=O)c2ccc3[nH]c(C4CNC4)cc3c2)C1,0,
43026,1,,,,,Cc1c(C2CNC2)n(N)c2cc(Cl)c(C(=O)Nc3ccc4c(c3)CNC4)cc12,0,
43057,1,,,,,NC1(c2cc3cc(C(=O)Nc4ccc5c(c4)CNC5)cc(Cl)c3[nH]2)CNC1,0,
43062,1,,,,,CC(C)NC(=O)C(O)(Nc1ccc2c(c1)CNC2)c1cc(Cl)c2[nH]c(C3CNC3)cc2c1,0,
43083,1,,,,,O=C(Nc1ccc2c(c1)CNC2)c1cc2cnn3c(C4CNC4)cc(c1)c23,0,
43105,1,,,,,O=C(NCC(F)F)C(O)(Nc1ccc2c(c1)CNC2)c1cc(Cl)c2[nH]c(C3CNC3)cc2c1,0,
43150,1,,,,,O=C(Nc1cc2c(cc1F)CNC2)c1cc(Cl)c2[nH]c(C3CNC3)cc2c1,0,
43156,1,,,,,NC(=O)CCC1CCC2(CC1)c1cc(C(=O)Nc3ccc4c(c3)CNC4)cc(F)c1NC2C1CNC1,0,
43243,1,,,,,Cc1cc(C(C(=O)NCC(F)F)C(=O)c2ccc3c(c2)CNC3)cc(C(F)(F)OOCc2ccccc2)c1,0,
43246,1,,,,,CNCc1nc2c(C)cc(C(C(=O)NCC(F)F)C(=O)c3ccc4c(c3)C(N)NC4)cc2n1OCF,0,
43288,1,,,,,CC1CC2CN(CF)C(O)(F)C(C)OOC(F)CN(CO)C(=O)C(C(=O)c3ccc4c(c3)CNC4)C2C1,0,
43291,1,,,,,Cc1cc(C(C(=O)NCC(F)F)C(=O)c2ccc3c(c2)CNC3)cc2[nH]c(OCF)cc12,0,
43306,1,,,,,CC(CCC(C(=O)NCC(F)F)C(=O)c1ccc2c(c1)CNC2)CC1CCN(N(C)C2CNC2)OC1(F)F,0,
43336,1,,,,,Cc1cc(CN(NC2CNC2)OCF)cc(C(C(=O)NCC(F)F)C(=O)c2ccc3c(c2)CN(C(F)F)C3)c1,0,
43363,1,,,,,Cc1ccccc1-c1nc2cc(Cl)cc(C(Nc3ccc4c(c3)CNC4)C(=O)NC(C)C)c2[nH]1,0,
43409,1,,,,,Cc1cc2c(cc1NC(O)(C(=O)NC(C)C)c1cc(Cl)cc3c1NC1=c4ccccc4=CC=NN13)CNC2,0,
43410,1,,,,,Cc1cc(NC(C=O)(C(=O)NC(C)C)c2cc(Cl)cc3c2c(F)c(-c2ccccc2)n3C)cc2c1CNC2,0,
43414,1,,,,,CNC1NCc2c(O)cc(NC(C(=O)NC(C)C)c3cc(Cl)cc4c3nc(-c3ccccc3)n4N(CO)C(C)(C)CO)cc21,0,
43423,1,,,,,Cc1cc2c(c(N)c1NC(O)(C(=O)NC(C)C)c1cc(Cl)cc3nc(-c4ccccc4)[nH]c13)CNC2,0,
43441,1,,,,,Cc1cc2c(cc1NC(C(=O)NC(C)C)c1cc(Cl)cc3c1nc(-c1ccccc1)n3OCNC(C)(C)CO)CNC2,0,
43462,1,,,,,CC(C)NC(=O)C(O)(Nc1ccc2c(c1)CNC2)c1cc(Cl)cc2c1nc(-c1ccccc1)n2C,0,
43464,1,,,,,O=C(NC1CCOCC1)C(Nc1ccc2c(c1)CNC2)c1cc(Cl)cc2nc(-c3ccccc3)[nH]c12,3,
43483,1,,,,,CC(C)NC(=O)C(O)(Nc1ccc2c(c1)CNC2)c1cc(SCCCCN)[nH]c1NC(N)c1ccccc1,0,
43490,1,,,,,CC(NC(=O)C(Nc1ccc2c(c1)CNC2)c1cc(Cl)cc2c1c(CO)c(-c1ccccc1)n2C)C(F)F,0,
43497,1,,,,,COCCOC1c2cc(Cl)cc(C(O)(Nc3ccc4c(c3)CNC4)C(=O)NC(C)C)c2CC12CCCCC2,0,
43505,1,,,,,CC(NC(=O)C(Nc1ccc2c(c1)CNC2)C1CC(Cl)CC2C(c3ccccc3)CCC12)C(F)F,0,
43525,1,,,,,CC(C)NC(=O)C(Nc1ccc2c(c1)CNC2)c1cc(CS)[nH]c1NC(N)c1ccccc1,0,
43527,1,,,,,CC(C)NC(=O)C(O)(Nc1ccc2c(c1)CNC2)c1cc(Cl)cc2c1nc(-c1ccccc1)n2CN(C)C1CCOCC1,0,
43541,1,,,,,CNCn1c(-c2ccccc2)nc2c(C(O)(Nc3cc(C#N)c4c(c3)CNC4)C(=O)NC(C)C)cc(Cl)cc21,0,
43727,1,,,,,O=C(Nc1ccc2c(c1)CNC2)c1cc(Cl)cc2c1C1(CCNC1)NN2,0,
43785,1,,,,,O=C(Nc1ccc2c(c1)CNC2)c1cc(Cl)cc2nn(CC3CNC3)cc12,0,
44304,1,,,,,O=C(Nc1ccc2c(c1)CNC2)C1CC(F)CC2C3COCC3CC12,0,
45037,1,,,,,O=C(Nc1ccn[nH]1)c1cc(Cl)cc2c1cnn2C1CN(CCO)C1,0,
47391,1,149,5.0,121.0,20.0,O=C(Nc1cccc(C2CC2)n1)c1ccc2ncccc2c1,0,C47391 Enamine:sRDB:Z2231301642 5.0mg @ 90% = €121.00 EUR (20 days) O=C(NC=1C=CC=C(N1)C2CC2)C=3C=CC=4N=CC=CC4C3
47444,1,,,,,O=C1CC(N2CCNCC2)CCN1c1cccs1,0,
47553,1,161,5.0,121.0,20.0,O=C(CSc1nnc2ccccn12)Nc1ccc2ncccc2c1,0,C47553 Enamine:sRDB:Z1643867016 5.0mg @ 90% = €121.00 EUR (20 days) O=C(CSC1=NN=C2C=CC=CN12)NC3=CC=C4N=CC=CC4=C3
47569,1,,,,,c1ncc(N2CCCCC2)cn1,0,
47575,1,541,5.0,182.0,20.0,CC(O)C(=O)N1CCC(C(C)NC(=O)Cc2cncnc2)CC1,0,C47575 Enamine:mRDB:Z9898718034 5.0mg @ 90% = €182.00 EUR (20 days) CC(O)C(=O)N1CCC(CC1)C(C)NC(=O)CC=2C=NC=NC2
47615,1,586,5.0,182.0,20.0,CN(Cc1ccns1)C(=O)N1CCCCC1c1cncnc1,0,C47615 Enamine:mRDB:Z4118047888 5.0mg @ 90% = €182.00 EUR (20 days) CN(CC1=CC=NS1)C(=O)N2CCCCC2C=3C=NC=NC3
47617,1,177,5.0,121.0,20.0,CN(C)C(=O)N1CCCC(C(=O)Nc2cncnc2)C1,0,C47617 Enamine:sRDB:Z1699000881 5.0mg @ 90% = €121.00 EUR (20 days) CN(C)C(=O)N1CCCC(C1)C(=O)NC=2C=NC=NC2
47653,1,,,,,COC(=O)CC1CCCN(C(=O)N(C)Cc2ccncn2)C1,0,
47682,1,106,5.0,121.0,20.0,CC(=O)N1CCC(CNCc2cn3ccccc3n2)CC1,0,C47682 Enamine:sRDB:Z1271799788 5.0mg @ 90% = €121.00 EUR (20 days) CC(=O)N1CCC(CNCC2=CN3C=CC=CC3=N2)CC1
47891,1,,,,,CC(C)(C)OC(=O)N1CCC(=O)C(OCc2ccccn2)C1,0,
48044,1,,,,,Cc1ccc(OC(C)C(N)=O)c(N)n1,0,
48120,1,455,5.0,121.0,20.0,CC(=O)NC(CC(=O)N1CCN(Cc2cscn2)CC1)C(N)=O,0,C48120 Enamine:sRDB:Z1313409270 5.0mg @ 90% = €121.00 EUR (20 days) CC(=O)N[C@@H](CC(=O)N1CCN(CC2=CSC=N2)CC1)C(N)=O
48189,1,,,,,COc1cc(C(C)CN)c2ccccc2n1,0,
48202,1,,,,,Cc1cc2cccc(Br)c2nc1C(C)CN,0,
48209,1,,,,,COc1cccc2c(C)cc(C(C)CN)nc12,0,
48235,1,425,5.0,121.0,20.0,CN1CCn2nc(NC(=O)c3cccc4ncccc34)cc2C1,0,C48235 Enamine:sRDB:Z9898718073 5.0mg @ 90% = €121.00 EUR (20 days) CN1CCN2N=C(C=C2C1)NC(=O)C=3C=CC=C4N=CC=CC34
48240,1,123,5.0,121.0,20.0,CC(=O)NCC1CCCN(c2nc3ccccc3[nH]2)C1,0,C48240 Enamine:sRDB:Z1541929898 5.0mg @ 90% = €121.00 EUR (20 days) CC(=O)NCC1CCCN(C1)C2=NC=3C=CC=CC3N2
48390,1,476,5.0,182.0,20.0,CCc1ccnc(-c2noc(-c3cn4ccccc4n3)n2)c1,0,C48390 Enamine:mRDB:Z1960737224 5.0mg @ 90% = €182.00 EUR (20 days) CCC=1C=CN=C(C1)C2=NOC(=N2)C3=CN4C=CC=CC4=N3
48411,1,542,5.0,182.0,20.0,CC(CCNC(=O)c1cn2ccccc2n1)NC(=O)c1ccncc1,0,C48411 Enamine:mRDB:Z9898718087 5.0mg @ 90% = €182.00 EUR (20 days) CC(CCNC(=O)C1=CN2C=CC=CC2=N1)NC(=O)C=3C=CN=CC3
48454,1,173,5.0,121.0,20.0,CCc1cnccc1C(C)NC(=O)Nc1ccn2ccnc2c1,0,C48454 Enamine:sRDB:Z2171364768 5.0mg @ 90% = €121.00 EUR (20 days) CCC=1C=NC=CC1C(C)NC(=O)NC=2C=CN3C=CN=C3C2
48463,1,134,5.0,121.0,20.0,Cc1ccc(CCNC(=O)c2ccn3ccnc3c2)cn1,0,C48463 Enamine:sRDB:Z1479260479 5.0mg @ 90% = €121.00 EUR (20 days) CC=1C=CC(=CN1)CCNC(=O)C=2C=CN3C=CN=C3C2
48535,1,595,5.0,182.0,20.0,COC(C)C(=O)N1CCC(CNCc2ccc3ncccc3c2)CC1,0,C48535 Enamine:mRDB:Z9898718098 5.0mg @ 90% = €182.00 EUR (20 days) COC(C)C(=O)N1CCC(CNCC2=CC=C3N=CC=CC3=C2)CC1
48727,1,,,,,CC(C)NC1CCC(NC(=O)c2ncc[nH]2)CC1,0,
48749,1,,,,,CC(Cc1c[nH]cn1)Nc1nc2ncccc2cc1C#N,0,
48815,1,470,5.0,182.0,20.0,CC(=O)NCC12CCCCC1CN(C(=O)c1cncc3ccccc13)C2,0,C48815 Enamine:mRDB:Z9898718105 5.0mg @ 90% = €182.00 EUR (20 days) CC(=O)NCC12CN(CC2CCCC1)C(=O)C=3C=NC=C4C=CC=CC34
48850,1,273,5.0,121.0,20.0,CC(C(=O)Nc1cc2n(n1)CCNC2)n1cnc2ccccc21,0,C48850 Enamine:sRDB:Z3034383799 5.0mg @ 90% = €121.00 EUR (20 days) CC(C(=O)NC=1C=C2CNCCN2N1)N3C=NC=4C=CC=CC43
48853,1,498,5.0,182.0,20.0,COc1cnn2c1CN(C(=O)Nn1cnc3ccccc31)CC2,0,C48853 Enamine:mRDB:Z4034851467 5.0mg @ 90% = €182.00 EUR (20 days) COC=1C=NN2CCN(CC12)C(=O)NN3C=NC=4C=CC=CC43
48859,1,35,5.0,50.0,10.0,CC(Sc1ccccn1)C(=O)Nc1ccc2[nH]c(=O)[nH]c2c1,0,C48859 Enamine:HTS:Z112054326 5.0mg @ 90% = €50.00 EUR (10 days) CC(SC=1C=CC=CN1)C(=O)NC=2C=CC=3NC(=O)NC3C2
48944,1,,,,,COc1cn[nH]c1NC(=O)CCc1nc2ccccc2[nH]1,0,
49235,1,,,,,CC(O)C(=O)NC1CC(CCNC(=O)CNc2ccccn2)C1,0,
49238,1,207,5.0,121.0,20.0,CC(Oc1ccccn1)C(=O)Nc1cc(N(C)C)ccn1,0,C49238 Enamine:sRDB:Z2272923670 5.0mg @ 90% = €121.00 EUR (20 days) CC(OC=1C=CC=CN1)C(=O)NC=2C=C(C=CN2)N(C)C
49245,1,426,5.0,121.0,20.0,CC(Oc1ccccn1)C(=O)Nc1cnc2ccsc2c1,0,C49245 Enamine:sRDB:Z9898718125 5.0mg @ 90% = €121.00 EUR (20 days) CC(OC=1C=CC=CN1)C(=O)NC=2C=NC=3C=CSC3C2
49318,1,604,5.0,182.0,20.0,CC(=O)NCC1C2CCC(C2)N1C(=O)c1n[nH]c2ccccc12,0,C49318 Enamine:mRDB:Z9899322284 5.0mg @ 90% = €182.00 EUR (20 days) CC(=O)NC[C@@H]1[C@H]2CC[C@H](C2)N1C(=O)C3=NNC4=CC=CC=C34
49351,1,479,5.0,182.0,20.0,O=C(NCCc1c[nH]c2ccccc12)C(=O)NCC1CCCNC1,0,C49351 Enamine:mRDB:Z2366930022 5.0mg @ 90% = €182.00 EUR (20 days) O=C(NCCC1=CNC2=CC=CC=C12)C(=O)NCC3CCCNC3
49548,1,261,5.0,121.0,20.0,O=C(NCCc1nnc2ccccn12)c1cnn2c1CNCC2,0,C49548 Enamine:sRDB:Z2942584562 5.0mg @ 90% = €121.00 EUR (20 days) O=C(NCCC1=NN=C2C=CC=CN12)C=3C=NN4CCNCC34
49916,1,,,,,CC(C(N)c1ccc2[nH]cnc2c1)N1CCNCC1,0,
49928,1,,,,,NCCCn1c(N2CCNCC2)nc2cccc(F)c21,0,
50069,1,295,5.0,121.0,20.0,CCc1cc(NCC2CCC(=O)NC2)ccn1,0,C50069 Enamine:sRDB:Z3482001436 5.0mg @ 90% = €121.00 EUR (20 days) CCC=1C=C(C=CN1)NCC2CCC(=O)NC2
50099,1,153,5.0,121.0,20.0,O=C1CCC(C(=O)Nc2ccn(-c3ccncc3)n2)CN1,0,C50099 Enamine:sRDB:Z1198607847 5.0mg @ 90% = €121.00 EUR (20 days) O=C(NC=1C=CN(N1)C=2C=CN=CC2)C3CCC(=O)NC3
50104,1,,,,,Cc1cc(C(C)NC(=O)CC2CCC(=O)NC2)ccn1,0,
50148,1,488,5.0,182.0,20.0,O=C1CCC(CNC(=O)CN2CCNCC2)CN1,0,C50148 Enamine:mRDB:Z3481994188 5.0mg @ 90% = €182.00 EUR (20 days) O=C(CN1CCNCC1)NCC2CCC(=O)NC2
50193,1,194,5.0,121.0,20.0,Cc1nccn1CCCC(=O)NCCN1CCNCC1,0,C50193 Enamine:sRDB:Z2439977884 5.0mg @ 90% = €121.00 EUR (20 days) CC1=NC=CN1CCCC(=O)NCCN2CCNCC2
50342,1,,,,,FC(F)(F)c1c[nH]nc1-c1ccnc2ccccc12,0,
50347,1,265,5.0,121.0,20.0,Cn1ccc(C2CCCN(c3ccnc4ccccc34)C2)n1,0,C50347 Enamine:sRDB:Z2974873528 5.0mg @ 90% = €121.00 EUR (20 days) CN1C=CC(=N1)C2CCCN(C2)C=3C=CN=C4C=CC=CC34
50645,1,427,5.0,121.0,20.0,NC(C(=O)Nc1ccc2ncc(Cl)n2c1)c1cscn1,0,C50645 Enamine:sRDB:Z9898718192 5.0mg @ 90% = €121.00 EUR (20 days) NC(C(=O)NC=1C=CC2=NC=C(Cl)N2C1)C3=CSC=N3
50700,1,543,5.0,182.0,20.0,CC(CNC(=O)c1cccnc1)NC(=O)c1ccc2[nH]ccc2c1,0,C50700 Enamine:mRDB:Z9898718196 5.0mg @ 90% = €182.00 EUR (20 days) CC(CNC(=O)C=1C=CC=NC1)NC(=O)C2=CC=C3NC=CC3=C2
50756,1,258,5.0,121.0,20.0,O=C(Cc1c[nH]c2ccccc12)N1CCCN(c2ccncc2)CC1,0,C50756 Enamine:sRDB:Z2842944042 5.0mg @ 90% = €121.00 EUR (20 days) O=C(CC1=CNC=2C=CC=CC12)N3CCCN(CC3)C=4C=CN=CC4
50822,1,298,5.0,121.0,20.0,CC(C)Nc1ccc(-c2ccnc(N3CCCC3)c2)cn1,0,C50822 Enamine:sRDB:Z3506461440 5.0mg @ 90% = €121.00 EUR (20 days) CC(C)NC=1C=CC(=CN1)C=2C=CN=C(C2)N3CCCC3
50914,1,328,5.0,121.0,20.0,CC(C)Cc1nc(C(=O)OC(C)c2cocn2)cs1,0,C50914 Enamine:sRDB:Z3874472753 5.0mg @ 90% = €121.00 EUR (20 days) CC(C)CC1=NC(=CS1)C(=O)OC(C)C2=COC=N2
50969,1,283,5.0,121.0,20.0,CN1CCN(CCCN(C)C(=O)c2cnn3c2CNCC3)CC1,0,C50969 Enamine:sRDB:Z3105113054 5.0mg @ 90% = €121.00 EUR (20 days) CN(CCCN1CCN(C)CC1)C(=O)C=2C=NN3CCNCC23
50975,1,272,5.0,121.0,20.0,O=C(Nc1ccc(N2CCNCC2)cn1)c1cnn2c1CNCC2,0,C50975 Enamine:sRDB:Z3018802529 5.0mg @ 90% = €121.00 EUR (20 days) O=C(NC=1C=CC(=CN1)N2CCNCC2)C=3C=NN4CCNCC34
51002,1,156,5.0,121.0,20.0,O=C(NCCCSc1nccs1)C1CCC(C(F)(F)F)NC1=O,0,C51002 Enamine:sRDB:Z1204737690 5.0mg @ 90% = €121.00 EUR (20 days) O=C(NCCCSC1=NC=CS1)C2CCC(NC2=O)C(F)(F)F
51060,1,154,5.0,121.0,20.0,O=C(CCc1cncc2ccccc12)NCc1nc(CO)cs1,0,C51060 Enamine:sRDB:Z2122826519 5.0mg @ 90% = €121.00 EUR (20 days) O=C(CCC=1C=NC=C2C=CC=CC12)NCC3=NC(=CS3)CO
51214,1,250,5.0,121.0,20.0,c1ccc(C2(NCc3ccc4cccnc4c3)CCC2)nc1,0,C51214 Enamine:sRDB:Z2770453134 5.0mg @ 90% = €121.00 EUR (20 days) C=1C=CC(=NC1)C2(CCC2)NCC=3C=CC=4C=CC=NC4C3
51218,1,428,5.0,121.0,20.0,CC(C(=O)Nc1ccc2cccnc2c1)c1cccnc1,0,C51218 Enamine:sRDB:Z9898718235 5.0mg @ 90% = €121.00 EUR (20 days) CC(C(=O)NC=1C=CC=2C=CC=NC2C1)C=3C=CC=NC3
51325,1,29,5.0,50.0,10.0,CSCCC(NC(=O)Cc1cc(=O)n(CC(C)C)[nH]1)c1nc2ccccc2[nH]1,0,C51325 Enamine:HTS:Z4421005726 5.0mg @ 90% = €50.00 EUR (10 days) CSCCC(NC(=O)CC1=CC(=O)N(CC(C)C)N1)C2=NC3=CC=CC=C3N2
51334,1,,,,,Cc1[nH]n(-c2nc3ccccc3[nH]2)c(=O)c1CCC#N,0,
51363,1,101,5.0,121.0,20.0,COc1ccc2cc(C(=O)NCCc3ncc[nH]3)[nH]c2c1,0,C51363 Enamine:sRDB:Z1171623219 5.0mg @ 90% = €121.00 EUR (20 days) COC=1C=CC=2C=C(NC2C1)C(=O)NCCC3=NC=CN3
51409,1,429,5.0,121.0,20.0,CCCn1c(C(=O)NC(CO)Cc2c[nH]cn2)cc2ccccc21,0,C51409 Enamine:sRDB:Z9898718245 5.0mg @ 90% = €121.00 EUR (20 days) CCCN1C(=CC=2C=CC=CC21)C(=O)NC(CO)CC3=CNC=N3
51629,1,,,,,O=C1CCN(CCc2cccnc2)CC1,0,
51683,1,,,,,CN1CCC(=O)C(Cc2ccncc2)C1,0,
51739,1,262,5.0,121.0,20.0,CC(=O)NC(C)(C(=O)N1CCC(c2c[nH]c3ccccc23)CC1)C(C)C,0,C51739 Enamine:sRDB:Z2946909611 5.0mg @ 90% = €121.00 EUR (20 days) CC(=O)NC(C)(C(=O)N1CCC(CC1)C2=CNC3=CC=CC=C23)C(C)C
51867,1,267,5.0,121.0,20.0,CC(C)Nc1ccnc2ccsc12,0,C51867 Enamine:sRDB:Z3000894606 5.0mg @ 90% = €121.00 EUR (20 days) CC(C)NC=1C=CN=C2C=CSC12
51869,1,544,5.0,182.0,20.0,CC(C)Nc1ncncc1NC(=O)c1cnc2ccsc2c1,0,C51869 Enamine:mRDB:Z9898718256 5.0mg @ 90% = €182.00 EUR (20 days) CC(C)NC=1N=CN=CC1NC(=O)C=2C=NC=3C=CSC3C2
52192,1,601,5.0,182.0,20.0,O=C(NC(CO)c1nc[nH]n1)c1cnc(C2CCNCC2)nc1,0,C52192 Enamine:mRDB:Z9880764861 5.0mg @ 90% = €182.00 EUR (20 days) O=C(N[C@H](CO)C=1N=CNN1)C=2C=NC(=NC2)C3CCNCC3
52276,1,545,5.0,182.0,20.0,CN(Cc1nc2ccccc2s1)C(=O)c1ccc2[nH]cnc2c1F,0,C52276 Enamine:mRDB:Z9898718257 5.0mg @ 90% = €182.00 EUR (20 days) CN(CC1=NC=2C=CC=CC2S1)C(=O)C=3C=CC=4NC=NC4C3F
52296,1,55,5.0,121.0,20.0,Cn1cnc2cccc(CNC(=O)c3ccc4scnc4c3)c21,0,C52296 Enamine:sRDB:Z8051505623 5.0mg @ 90% = €121.00 EUR (20 days) CN1C=NC=2C=CC=C(CNC(=O)C=3C=CC=4SC=NC4C3)C21
52306,1,430,5.0,121.0,20.0,O=C(Nn1cnc2ccccc21)c1ccc2scnc2c1,0,C52306 Enamine:sRDB:Z9898718268 5.0mg @ 90% = €121.00 EUR (20 days) O=C(NN1C=NC=2C=CC=CC21)C=3C=CC=4SC=NC4C3
52423,1,,,,,Cc1cn2ccc(NCCc3nc4ccccc4s3)cc2n1,0,
52617,1,431,5.0,121.0,20.0,c1cn(CC2CCCN(C3=NC4CCCCC4N3)C2)nn1,0,C52617 Enamine:sRDB:Z9898718276 5.0mg @ 90% = €121.00 EUR (20 days) C1=CN(CC2CCCN(C2)C3=NC4CCCCC4N3)N=N1
52693,1,370,5.0,121.0,20.0,CCN(Cc1cccnc1)C(=O)c1cnc2c(cnn2CC)c1,0,C52693 Enamine:sRDB:Z4614297825 5.0mg @ 90% = €121.00 EUR (20 days) CCN(CC=1C=CC=NC1)C(=O)C=2C=NC3=C(C=NN3CC)C2
52810,1,,,,,CC(CNC(=O)C(C(C)C)n1ccnc1)NC(=O)Cc1cncs1,0,
52819,1,224,5.0,121.0,20.0,CCOC(=O)c1csc(COC(=O)CC(C)n2ccnc2)n1,0,C52819 Enamine:sRDB:Z2474822665 5.0mg @ 90% = €121.00 EUR (20 days) CCOC(=O)C1=CSC(COC(=O)CC(C)N2C=CN=C2)=N1
52857,1,275,5.0,121.0,20.0,O=C(Cc1cncnc1)N(Cc1ccco1)C1CCS(=O)(=O)C1,0,C52857 Enamine:sRDB:Z3047565322 5.0mg @ 90% = €121.00 EUR (20 days) O=C(CC=1C=NC=NC1)N(CC2=CC=CO2)C3CCS(=O)(=O)C3
52864,1,490,5.0,182.0,20.0,O=C(CC1CCNCC1F)NCc1cncnc1,0,C52864 Enamine:mRDB:Z3522490507 5.0mg @ 90% = €182.00 EUR (20 days) O=C(CC1CCNCC1F)NCC=2C=NC=NC2
52886,1,,,,,CCC(C)(C)C(=O)NCC1CC1CNC(=O)Cc1cncnc1,0,
52892,1,546,5.0,182.0,20.0,C=C(Cl)CCC(=O)N1CCCC1CNC(=O)Cc1cncnc1,0,C52892 Enamine:mRDB:Z9898718312 5.0mg @ 90% = €182.00 EUR (20 days) C=C(Cl)CCC(=O)N1CCCC1CNC(=O)CC=2C=NC=NC2
53342,1,288,5.0,121.0,20.0,CC(NCc1cnc(C2CC2)o1)c1cccc2cccnc12,0,C53342 Enamine:sRDB:Z3316344436 5.0mg @ 90% = €121.00 EUR (20 days) CC(NCC1=CN=C(O1)C2CC2)C=3C=CC=C4C=CC=NC34
53587,1,278,5.0,121.0,20.0,Cc1cc2n(n1)CCN(C(=O)CSc1nc3ccccc3s1)C2,0,C53587 Enamine:sRDB:Z3056037305 5.0mg @ 90% = €121.00 EUR (20 days) CC=1C=C2CN(CCN2N1)C(=O)CSC3=NC=4C=CC=CC4S3
53652,1,287,5.0,121.0,20.0,COc1ccc(CNC(=O)c2cnn3c2CNCC3)nc1,0,C53652 Enamine:sRDB:Z3282861455 5.0mg @ 90% = €121.00 EUR (20 days) COC=1C=CC(CNC(=O)C=2C=NN3CCNCC23)=NC1
53672,1,332,5.0,121.0,20.0,CN(Cc1cnn2c1CNCC2)C(=O)c1ccc(O)cn1,0,C53672 Enamine:sRDB:Z4054797555 5.0mg @ 90% = €121.00 EUR (20 days) CN(CC=1C=NN2CCNCC12)C(=O)C=3C=CC(O)=CN3
53731,1,236,5.0,121.0,20.0,O=C(C1CCCS1)N1CCN(c2cccc3[nH]ccc23)CC1,0,C53731 Enamine:sRDB:Z2642432201 5.0mg @ 90% = €121.00 EUR (20 days) O=C(C1CCCS1)N2CCN(CC2)C=3C=CC=C4NC=CC34
53732,1,243,5.0,121.0,20.0,O=C(NCC1CCSC1)N1CCN(c2cccc3[nH]ccc23)CC1,0,C53732 Enamine:sRDB:Z2699099710 5.0mg @ 90% = €121.00 EUR (20 days) O=C(NCC1CCSC1)N2CCN(CC2)C=3C=CC=C4NC=CC34
53862,1,19,5.0,50.0,10.0,c1cncc(C2CNCCN2)c1,0,C53862 Enamine:HTS:Z1198172584 5.0mg @ 90% = €50.00 EUR (10 days) C1=CC(=CN=C1)C2CNCCN2
54021,1,169,5.0,121.0,20.0,CCC(C)NC(=O)CN1CCN(CCCc2ccncc2)CC1,0,C54021 Enamine:sRDB:Z1665330269 5.0mg @ 90% = €121.00 EUR (20 days) CCC(C)NC(=O)CN1CCN(CCCC=2C=CN=CC2)CC1
54372,1,485,5.0,182.0,20.0,O=C(c1cocn1)N1CCN(c2ncnc3ccccc23)CC1,0,C54372 Enamine:mRDB:Z3266610232 5.0mg @ 90% = €182.00 EUR (20 days) O=C(C1=COC=N1)N2CCN(CC2)C=3N=CN=C4C=CC=CC34
54617,1,501,5.0,182.0,20.0,Cn1cnc2cccc(CNc3cccc4ncccc34)c21,0,C54617 Enamine:mRDB:Z4167524323 5.0mg @ 90% = €182.00 EUR (20 days) CN1C=NC=2C=CC=C(CNC=3C=CC=C4N=CC=CC34)C21
55265,1,547,5.0,182.0,20.0,CC(NC(=O)CO)C1CCCCN1C(=O)c1cccc2[nH]cnc12,0,C55265 Enamine:mRDB:Z9898718366 5.0mg @ 90% = €182.00 EUR (20 days) CC(NC(=O)CO)C1CCCCN1C(=O)C=2C=CC=C3NC=NC23
55296,1,548,5.0,182.0,20.0,CC(NC(=O)C(F)F)C1CCCCN1C(=O)c1cccc2[nH]cnc12,0,C55296 Enamine:mRDB:Z9898718370 5.0mg @ 90% = €182.00 EUR (20 days) CC(NC(=O)C(F)F)C1CCCCN1C(=O)C=2C=CC=C3NC=NC23
55341,1,432,5.0,121.0,20.0,NS(=O)(=O)c1ccc(C(=O)OCC(=O)Nc2ccccn2)s1,0,C55341 Enamine:sRDB:Z9898718374 5.0mg @ 90% = €121.00 EUR (20 days) NS(=O)(=O)C1=CC=C(S1)C(=O)OCC(=O)NC=2C=CC=CN2
55394,1,549,5.0,182.0,20.0,O=C(Cn1cc(CCO)nn1)NCc1nnc2ccccn12,0,C55394 Enamine:mRDB:Z9898718376 5.0mg @ 90% = €182.00 EUR (20 days) O=C(CN1C=C(CCO)N=N1)NCC2=NN=C3C=CC=CN23
55395,1,129,5.0,121.0,20.0,CC(=O)N(C)c1nc(CSc2nnc3ccccn23)cs1,0,C55395 Enamine:sRDB:Z803216050 5.0mg @ 90% = €121.00 EUR (20 days) CC(=O)N(C)C1=NC(=CS1)CSC2=NN=C3C=CC=CN23
55427,1,30,5.0,50.0,10.0,O=C(Cn1c(SC(F)F)nc2ccccc21)NCc1nnc2ccccn12,0,C55427 Enamine:HTS:Z99454915 5.0mg @ 90% = €50.00 EUR (10 days) O=C(CN1C(=NC=2C=CC=CC21)SC(F)F)NCC3=NN=C4C=CC=CN34
55564,1,296,5.0,121.0,20.0,CC(C)NC1CC(n2ccnc2)C1,0,C55564 Enamine:sRDB:Z3486273131 5.0mg @ 90% = €121.00 EUR (20 days) CC(C)NC1CC(C1)N2C=CN=C2
55674,1,,,,,CCCNC1CCC(Sc2ncc[nH]2)C1,0,
55685,1,77,5.0,121.0,20.0,c1c[nH]c(CCCNC2CCCCC2)n1,0,C55685 Enamine:sRDB:Z1712131938 5.0mg @ 90% = €121.00 EUR (20 days) C1=CNC(CCCNC2CCCCC2)=N1
55804,1,,,,,CC(NC(=O)c1cccc2ncccc12)c1ccncc1,0,
55811,1,376,5.0,121.0,20.0,CCSc1cccnc1C(=O)Nc1cccc2ncccc12,0,C55811 Enamine:sRDB:Z7673455935 5.0mg @ 90% = €121.00 EUR (20 days) CCSC=1C=CC=NC1C(=O)NC=2C=CC=C3N=CC=CC23
55897,1,366,5.0,121.0,20.0,CC(NC(=O)CCc1cccnc1Br)c1cc(=O)[nH][nH]1,0,C55897 Enamine:sRDB:Z4488260843 5.0mg @ 90% = €121.00 EUR (20 days) CC(NC(=O)CCC1=CC=CN=C1Br)C2=CC(=O)NN2
56096,1,,,,,Cc1c[nH]c(C(=O)NC(C)CC(C)NC(=O)Cn2cccn2)n1,0,
56123,1,,,,,CC(C)CC(CNC(=O)CCc1ncc[nH]1)NC(=O)c1cn[nH]c1,0,
56396,1,155,5.0,121.0,20.0,CN(C(=O)COc1cccc2cccnc12)C1CCN(c2ncnc3ccccc23)CC1,0,C56396 Enamine:sRDB:Z1633161705 5.0mg @ 90% = €121.00 EUR (20 days) CN(C(=O)COC=1C=CC=C2C=CC=NC12)C3CCN(CC3)C=4N=CN=C5C=CC=CC45
56430,1,282,5.0,121.0,20.0,CC(Oc1cccnc1)C(=O)NC1CCOCC12CCCC2,0,C56430 Enamine:sRDB:Z3092010303 5.0mg @ 90% = €121.00 EUR (20 days) CC(OC=1C=CC=NC1)C(=O)NC2CCOCC32CCCC3
56453,1,550,5.0,182.0,20.0,CC(Oc1cccnc1)C(=O)NC1CCN(C(=O)CCC(F)F)C1,0,C56453 Enamine:mRDB:Z9898718431 5.0mg @ 90% = €182.00 EUR (20 days) CC(OC=1C=CC=NC1)C(=O)NC2CCN(C2)C(=O)CCC(F)F
56485,1,603,5.0,182.0,20.0,CCC(=O)NC1CCC(NC(=O)C(O)Cc2c[nH]cn2)CC1,0,C56485 Enamine:mRDB:Z9899298583 5.0mg @ 90% = €182.00 EUR (20 days) CCC(=O)N[C@H]1CC[C@H](CC1)NC(=O)[C@@H](O)CC2=CNC=N2
56508,1,,,,,CC(O)(C(=O)Nc1csc(-c2ccncc2)n1)C1CCOC1,0,
56722,1,60,5.0,121.0,20.0,CC(O)C(=O)Nc1nccs1,0,C56722 Enamine:sRDB:Z1551708994 5.0mg @ 90% = €121.00 EUR (20 days) CC(O)C(=O)NC1=NC=CS1
56798,1,251,5.0,121.0,20.0,c1cc(CNCc2cnc(C3CCC3)s2)c2cc[nH]c2c1,0,C56798 Enamine:sRDB:Z2770683554 5.0mg @ 90% = €121.00 EUR (20 days) C1=CC=2C(=CC=CC2N1)CNCC3=CN=C(S3)C4CCC4
56830,1,460,5.0,121.0,20.0,CC(OC(=O)C1CCCC(=O)N1C)c1nc2ccccc2[nH]1,0,C56830 Enamine:sRDB:Z3154989240 5.0mg @ 90% = €121.00 EUR (20 days) C[C@H](OC(=O)C1CCCC(=O)N1C)C2=NC=3C=CC=CC3N2
56919,1,,,,,c1ccc2c(CNc3ncc(C4CCOC4)s3)nccc2c1,0,
57127,1,196,5.0,121.0,20.0,CCc1csc(NC(=O)C(=O)NCc2nnc3ccccn23)n1,0,C57127 Enamine:sRDB:Z1921413391 5.0mg @ 90% = €121.00 EUR (20 days) CCC1=CSC(=N1)NC(=O)C(=O)NCC2=NN=C3C=CC=CN23
57216,1,596,5.0,182.0,20.0,CN(Cc1c[nH]cn1)C(=O)N1CCn2ncc(S(N)(=O)=O)c2C1,0,C57216 Enamine:mRDB:Z9898718469 5.0mg @ 90% = €182.00 EUR (20 days) CN(CC1=CNC=N1)C(=O)N2CCN3N=CC(=C3C2)S(N)(=O)=O
57814,1,,,,,CN(CCNC(=O)c1nccs1)C(=O)c1cccc2cc[nH]c12,0,
57833,1,380,5.0,121.0,20.0,CN(Cc1ccc2cc[nH]c2c1)C(=O)c1nc(Cl)cs1,0,C57833 Enamine:sRDB:Z7955234209 5.0mg @ 90% = €121.00 EUR (20 days) CN(CC=1C=CC=2C=CNC2C1)C(=O)C3=NC(Cl)=CS3
58017,1,356,5.0,121.0,20.0,O=C(CNc1nc2ccccc2s1)N1CC(OCCO)C1,0,C58017 Enamine:sRDB:Z4304641415 5.0mg @ 90% = €121.00 EUR (20 days) O=C(CNC1=NC2=CC=CC=C2S1)N3CC(C3)OCCO
58094,1,551,5.0,182.0,20.0,c1cnc2sc(-c3cncs3)cc2c1,0,C58094 Enamine:mRDB:Z9898718486 5.0mg @ 90% = €182.00 EUR (20 days) C1=NC=C(S1)C2=CC=3C=CC=NC3S2
58143,1,,,,,CCC(C)=NNC(=O)CCc1c[nH]c2ccccc12,0,
58144,1,354,5.0,121.0,20.0,C=CCC(C)C(=O)N(C)Cc1ccc2cc[nH]c2c1,0,C58144 Enamine:sRDB:Z4284954953 5.0mg @ 90% = €121.00 EUR (20 days) C=CCC(C)C(=O)N(C)CC1=CC=C2C=CNC2=C1
58192,1,,,,,CC(C)N(C=O)CC1CCCCN1,0,
58201,1,469,5.0,182.0,20.0,CCC(C)(C)CNC(=O)C1CCCCN1,0,C58201 Enamine:mRDB:Z1837106241 5.0mg @ 90% = €182.00 EUR (20 days) CCC(C)(C)CNC(=O)C1CCCCN1
58230,1,552,5.0,182.0,20.0,CCC(C)(OC)C(=O)NC(C)C1CCN(C(=O)c2cnc[nH]2)CC1,0,C58230 Enamine:mRDB:Z9898718513 5.0mg @ 90% = €182.00 EUR (20 days) CCC(C)(OC)C(=O)NC(C)C1CCN(CC1)C(=O)C2=CN=CN2
58292,1,324,5.0,121.0,20.0,CNC(=O)Cc1nc(COC(=O)C=C(C)c2cnccn2)cs1,0,C58292 Enamine:sRDB:Z3820365159 5.0mg @ 90% = €121.00 EUR (20 days) CNC(=O)CC1=NC(=CS1)COC(=O)C=C(C)C=2C=NC=CN2
58323,1,249,5.0,121.0,20.0,c1cc2cc(-c3cnn4c3CCCC4)ccc2[nH]1,0,C58323 Enamine:sRDB:Z2739840317 5.0mg @ 90% = €121.00 EUR (20 days) C1=CC=2C=C(C=CC2N1)C=3C=NN4CCCCC34
58383,1,,,,,CCN(C)C(=O)CNC1CCN(C(=O)C2CCNC(=O)CC2)CC1,0,
58418,1,1,5.0,45.0,10.0,c1cc(C2CCCNC2)on1,0,C58418 Enamine:Legacy:Z3242015807 5.0mg @ 90% = €45.00 EUR (10 days) C=1C=C(ON1)C2CCCNC2
58422,1,,,,,C1CCC(c2onc3c2CSCC3)NC1,0,
58440,1,120,5.0,121.0,20.0,O=C(CCc1cncnc1)N1CCN(c2nc3ccccc3o2)CC1,0,C58440 Enamine:sRDB:Z2209537349 5.0mg @ 90% = €121.00 EUR (20 days) O=C(CCC=1C=NC=NC1)N2CCN(CC2)C3=NC4=CC=CC=C4O3
58501,1,,,,,c1ccc2[nH]c(C3CNCCS3)nc2c1,0,
58510,1,22,5.0,50.0,10.0,c1ccc2[nH]c(C3CCNC3)nc2c1,0,C58510 Enamine:HTS:Z1078657874 5.0mg @ 90% = €50.00 EUR (10 days) C=1C=CC=2NC(=NC2C1)C3CCNC3
58528,1,,,,,CC(C(=O)O)n1c(C2CCCN2)nc2cc(F)ccc21,0,
58566,1,487,5.0,182.0,20.0,O=C(NC1(c2ccccn2)CC1)c1cc2c(o1)CCCNC2,0,C58566 Enamine:mRDB:Z3384277997 5.0mg @ 90% = €182.00 EUR (20 days) O=C(NC1(CC1)C=2C=CC=CN2)C3=CC=4CNCCCC4O3
58592,1,347,5.0,121.0,20.0,OCCCN(Cc1ccccn1)Cc1cccc2c1CCNC2,0,C58592 Enamine:sRDB:Z4204787329 5.0mg @ 90% = €121.00 EUR (20 days) OCCCN(CC=1C=CC=CN1)CC=2C=CC=C3CNCCC23
58664,1,,,,,CCC(N)c1ccc2cccnc2c1,0,
58671,1,,,,,NCCCc1cc2cccnc2s1,0,
58684,1,,,,,CC(CN)c1cc2cccnc2o1,0,
58690,1,62,5.0,121.0,20.0,CCCNc1nc2ccccc2s1,0,C58690 Enamine:sRDB:Z55177757 5.0mg @ 90% = €121.00 EUR (20 days) CCCNC1=NC2=CC=CC=C2S1
58693,1,387,5.0,121.0,20.0,c1cnc2ccc(-c3ncco3)cc2c1,0,C58693 Enamine:sRDB:Z9333750290 5.0mg @ 90% = €121.00 EUR (20 days) C1=COC(=N1)C=2C=CC=3N=CC=CC3C2
58699,1,374,5.0,121.0,20.0,c1ccc2c(-c3ccns3)ccnc2c1,0,C58699 Enamine:sRDB:Z4946545867 5.0mg @ 90% = €121.00 EUR (20 days) C=1C=C(SN1)C=2C=CN=C3C=CC=CC23
58915,1,,,,,CC(N)Cc1onc2c1CCCCC2,0,
58940,1,,,,,CC(N)Cc1cc2n(n1)CCCCC2,0,
59006,1,,,,,CC(C)(N)c1onc2c1CCCCC2,0,
59020,1,,,,,Brc1ccc2nc(-c3ccsn3)[nH]c2c1,0,
59027,1,,,,,Cc1cc(Br)cc2[nH]c(-c3ccns3)nc12,0,
59115,1,223,5.0,121.0,20.0,COC1CC(N(C)C(=O)Cc2cnn3ccccc23)C12CCC2,0,C59115 Enamine:sRDB:Z2453972764 5.0mg @ 90% = €121.00 EUR (20 days) COC1CC(N(C)C(=O)CC=2C=NN3C=CC=CC23)C41CCC4
59118,1,,,,,O=C(CC1=CSC2=NCCCN12)NCc1nc2ccccc2o1,0,
59124,1,,,,,C1=CC(c2cccnc2)NC1,0,
59126,1,,,,,c1cc(C2NCCCCS2)ccn1,0,
59127,1,,,,,C1=C(c2ccncc2)C2(CC2)NC1,0,
59157,1,51,5.0,151.9,10.0,c1cncc(C23CCNCC2C3)c1,0,C59157 Enamine:Functional:Z4271276605 5.0mg @ 90% = €151.90 EUR (10 days) C1=CC(=CN=C1)C23CC3CNCC2
59171,1,57,5.0,121.0,20.0,c1csc(-c2cnco2)n1,0,C59171 Enamine:sRDB:Z1681384608 5.0mg @ 90% = €121.00 EUR (20 days) C1=CSC(=N1)C2=CN=CO2
59176,1,245,5.0,121.0,20.0,c1csc(-c2cnsc2)n1,0,C59176 Enamine:sRDB:Z2724385751 5.0mg @ 90% = €121.00 EUR (20 days) C1=CSC(=N1)C=2C=NSC2
59253,1,433,5.0,121.0,20.0,O=C(O)c1ccc2c(c1)CN(C(=O)c1csc3cccnc13)C2,0,C59253 Enamine:sRDB:Z9898718595 5.0mg @ 90% = €121.00 EUR (20 days) O=C(O)C=1C=CC=2CN(CC2C1)C(=O)C3=CSC=4C=CC=NC34
59260,1,,,,,O=C(Nc1snc2ccccc12)N1Cc2ccc(O)cc2C1,0,
59269,1,,,,,c1cc2c(cc1C1CCNCC1)CCNC2,0,
59294,1,304,5.0,121.0,20.0,N#CC1(C(=O)Nc2ccc3c(c2)CNCCC3)CCCNC1,0,C59294 Enamine:sRDB:Z3519812515 5.0mg @ 90% = €121.00 EUR (20 days) N#CC1(CCCNC1)C(=O)NC=2C=CC=3CCCNCC3C2
59454,1,,,,,c1cnc2c(C3CCCCN3)coc2c1,0,
59541,1,41,5.0,50.0,10.0,O=C(CCc1cncs1)N1CCC(c2ccn[nH]2)C1,0,C59541 Enamine:HTS:Z3370327639 5.0mg @ 90% = €50.00 EUR (10 days) O=C(CCC1=CN=CS1)N2CCC(C2)C3=CC=NN3
59553,1,472,5.0,182.0,20.0,Cc1nc(CC(=O)N(C)CCN(C(=O)c2cc[nH]n2)C(C)C)cs1,0,C59553 Enamine:mRDB:Z9898718605 5.0mg @ 90% = €182.00 EUR (20 days) CC1=NC(=CS1)CC(=O)N(C)CCN(C(=O)C=2C=CNN2)C(C)C
59569,1,434,5.0,121.0,20.0,O=C(c1ccn2c(=O)[nH]nc2c1)N1Cc2ccccc2C1,0,C59569 Enamine:sRDB:Z9898718612 5.0mg @ 90% = €121.00 EUR (20 days) O=C(C=1C=CN2C(=O)NN=C2C1)N3CC=4C=CC=CC4C3
59572,1,435,5.0,121.0,20.0,O=C(c1ccc2n[nH]c(=O)n2c1)N1Cc2cccc(F)c2C1,0,C59572 Enamine:sRDB:Z9898718615 5.0mg @ 90% = €121.00 EUR (20 days) O=C(C=1C=CC2=NNC(=O)N2C1)N3CC=4C=CC=C(F)C4C3
59573,1,,,,,CC1c2ccccc2CN1C(=O)c1ccc2n[nH]c(=O)n2c1,0,
59610,1,382,5.0,121.0,20.0,O=C(c1nccn2nccc12)N1Cc2ccc(Cl)cc2C1,0,C59610 Enamine:sRDB:Z8532361258 5.0mg @ 90% = €121.00 EUR (20 days) O=C(C1=NC=CN2N=CC=C12)N3CC=4C=CC(Cl)=CC4C3
59613,1,436,5.0,121.0,20.0,Cc1ccc2c(c1)CN(C(=O)c1nccn3nccc13)C2,0,C59613 Enamine:sRDB:Z9898718626 5.0mg @ 90% = €121.00 EUR (20 days) CC=1C=CC=2CN(CC2C1)C(=O)C3=NC=CN4N=CC=C34
59624,1,317,5.0,121.0,20.0,CN1CCn2nc(NC(=O)c3nccc4c3CNCC4)cc2C1,0,C59624 Enamine:sRDB:Z3793752819 5.0mg @ 90% = €121.00 EUR (20 days) CN1CCN2N=C(C=C2C1)NC(=O)C=3N=CC=C4CCNCC34
59678,1,,,,,c1c[nH]c(-c2ccsn2)n1,0,
59684,1,,,,,c1cn(-c2ccnc3c2CCCC3)cn1,0,
59685,1,,,,,c1c[nH]c(-c2cncc3c2CCC3)n1,0,
59758,1,338,5.0,121.0,20.0,O=C(NC1CC(c2ncc[nH]2)C1)c1ccc2c(c1)CCNC2,0,C59758 Enamine:sRDB:Z4066477975 5.0mg @ 90% = €121.00 EUR (20 days) O=C(NC1CC(C1)C2=NC=CN2)C=3C=CC=4CNCCC4C3
59808,1,,,,,[O-][n+]1cccc(C2CCCCN2)c1,0,
59837,1,13,5.0,45.0,10.0,O=C(COCc1nc2ccccc2s1)N1CCN(c2nccs2)CC1,0,C59837 Enamine:Legacy:Z221245330 5.0mg @ 90% = €45.00 EUR (10 days) O=C(COCC1=NC=2C=CC=CC2S1)N3CCN(CC3)C4=NC=CS4
59923,1,311,5.0,121.0,20.0,CCC(NC(=O)Nc1cc(C2CC2)ccn1)c1ncccn1,0,C59923 Enamine:sRDB:Z3595219015 5.0mg @ 90% = €121.00 EUR (20 days) CCC(NC(=O)NC=1C=C(C=CN1)C2CC2)C=3N=CC=CN3
59950,1,43,5.0,78.0,10.0,CNC(=O)CC1CCCN1,0,C59950 Enamine:Advanced:Z808571366 5.0mg @ 90% = €78.00 EUR (10 days) CNC(=O)CC1CCCN1
59954,1,21,5.0,50.0,10.0,CC(=O)NCC12CCCN1CCC2,0,C59954 Enamine:HTS:Z1509281122 5.0mg @ 90% = €50.00 EUR (10 days) CC(=O)NCC12CCCN2CCC1
59959,1,465,5.0,182.0,20.0,CNC(=O)CN1CCNCCC12CC2,0,C59959 Enamine:mRDB:Z3626368128 5.0mg @ 90% = €182.00 EUR (20 days) CNC(=O)CN1CCNCCC21CC2
60001,1,,,,,c1c[nH]c(C2CNCCS2)n1,0,
60075,1,461,5.0,121.0,20.0,O=C1CCCC(CNC(=O)c2ccc3c(c2)CCCNC3)N1,0,C60075 Enamine:sRDB:Z4002814573 5.0mg @ 90% = €121.00 EUR (20 days) O=C(NC[C@H]1CCCC(=O)N1)C=2C=CC=3CNCCCC3C2
60098,1,349,5.0,121.0,20.0,CC1NC(=O)CCC1NS(=O)(=O)c1ccc2c(c1)CCCNC2,0,C60098 Enamine:sRDB:Z4205904177 5.0mg @ 90% = €121.00 EUR (20 days) CC1NC(=O)CCC1NS(=O)(=O)C2=CC=C3CNCCCC3=C2
60165,1,260,5.0,121.0,20.0,CC(=O)c1ccc2c(c1)CN(C(=O)C13CCN(CC1)C3)C2,0,C60165 Enamine:sRDB:Z2911655495 5.0mg @ 90% = €121.00 EUR (20 days) CC(=O)C1=CC=C2CN(CC2=C1)C(=O)C34CCN(CC3)C4
60166,1,351,5.0,121.0,20.0,O=C(Nc1ccc2c(c1)CN(CCCC1CNC1)C2)C(F)(F)F,0,C60166 Enamine:sRDB:Z4217411668 5.0mg @ 90% = €121.00 EUR (20 days) O=C(NC=1C=CC=2CN(CCCC3CNC3)CC2C1)C(F)(F)F
60173,1,499,5.0,182.0,20.0,CN(c1ncnc(-c2cccc3c2CNC3)n1)C1CCNC1,0,C60173 Enamine:mRDB:Z4081926413 5.0mg @ 90% = €182.00 EUR (20 days) CN(C=1N=CN=C(N1)C=2C=CC=C3CNCC23)C4CCNC4
60189,1,497,5.0,182.0,20.0,N#Cc1ccc2c(c1)CN(C(=O)C(=O)NCCOC1CCNC1)C2,0,C60189 Enamine:mRDB:Z3840034124 5.0mg @ 90% = €182.00 EUR (20 days) N#CC=1C=CC=2CN(CC2C1)C(=O)C(=O)NCCOC3CCNC3
60230,1,350,5.0,121.0,20.0,Cn1c(=O)[nH]c2ccc(NC(=O)CC3CCCCN3)cc21,0,C60230 Enamine:sRDB:Z4216504164 5.0mg @ 90% = €121.00 EUR (20 days) CN1C(=O)NC=2C=CC(=CC21)NC(=O)CC3CCCCN3
60256,1,,,,,c1cc(-c2cnoc2)ccn1,0,
60262,1,59,5.0,121.0,20.0,c1cc(-c2cocn2)ccn1,0,C60262 Enamine:sRDB:Z1255441839 5.0mg @ 90% = €121.00 EUR (20 days) C1=NC(=CO1)C=2C=CN=CC2
60302,1,225,5.0,121.0,20.0,CCC(C#N)C(=O)NC(C)c1nnc2ccccn12,0,C60302 Enamine:sRDB:Z2477545169 5.0mg @ 90% = €121.00 EUR (20 days) CCC(C#N)C(=O)NC(C)C1=NN=C2C=CC=CN12
60466,1,,,,,CC(Br)CN(C)C(=O)c1cccc2cccnc12,0,
60509,1,,,,,N=S(=O)(c1ccc2ccccc2n1)C(F)F,0,
60616,1,,,,,c1cc(C2CCCNCC2)n[nH]1,0,
60723,1,481,5.0,182.0,20.0,COCC(=O)Nc1cncc2c1CCCC2,0,C60723 Enamine:mRDB:Z2643096736 5.0mg @ 90% = €182.00 EUR (20 days) COCC(=O)NC=1C=NC=C2CCCCC12
60764,1,,,,,CC(C)(CO)NC(=O)C1NCC2CC21,0,
60777,1,334,5.0,121.0,20.0,CC(C)(COc1ncccc1Br)NC(=O)C1CCNC1,0,C60777 Enamine:sRDB:Z4057624156 5.0mg @ 90% = €121.00 EUR (20 days) CC(C)(COC=1N=CC=CC1Br)NC(=O)C2CCNC2
60806,1,377,5.0,121.0,20.0,Cn1cnc2cc(CNC(=O)c3nnn4ccccc34)ccc21,0,C60806 Enamine:sRDB:Z7680167050 5.0mg @ 90% = €121.00 EUR (20 days) CN1C=NC=2C=C(C=CC21)CNC(=O)C=3N=NN4C=CC=CC34
60848,1,464,5.0,121.0,20.0,CC(NC1=NC2CCCCCC2N1)c1ccc(F)cn1,0,C60848 Enamine:sRDB:Z9899299091 5.0mg @ 90% = €121.00 EUR (20 days) I.C[C@@H](NC1=N[C@H]2CCCCC[C@H]2N1)C=3C=CC(F)=CN3
60849,1,,,,,Cc1ccc(C(C)NC2=NC3CCCC3N2)nc1,0,
60894,1,45,5.0,78.0,10.0,c1cnn(C2CCCNC2)n1,0,C60894 Enamine:Advanced:Z2235270739 5.0mg @ 90% = €78.00 EUR (10 days) C=1C=NN(N1)C2CCCNC2
60900,1,,,,,C1CNCC(c2nc3n(n2)CCSC3)C1,0,
60959,1,346,5.0,121.0,20.0,c1coc(CN(Cc2ccc3c(c2)CNC3)Cc2ccco2)c1,0,C60959 Enamine:sRDB:Z4204547096 5.0mg @ 90% = €121.00 EUR (20 days) C1=COC(=C1)CN(CC2=CC=CO2)CC=3C=CC=4CNCC4C3
60966,1,135,5.0,121.0,20.0,O=C(c1sccc1-n1cccc1)N1Cc2ccccc2C1,0,C60966 Enamine:sRDB:Z1140201364 5.0mg @ 90% = €121.00 EUR (20 days) O=C(C=1SC=CC1N2C=CC=C2)N3CC=4C=CC=CC4C3
61042,1,103,5.0,121.0,20.0,O=C(Nc1nc2ccccc2n1-c1ccccc1)c1cc[nH]n1,0,C61042 Enamine:sRDB:Z511610020 5.0mg @ 90% = €121.00 EUR (20 days) O=C(NC1=NC=2C=CC=CC2N1C=3C=CC=CC3)C=4C=CNN4
61043,1,478,5.0,182.0,20.0,c1ccc2c(c1)ncn2-c1ccc(-c2noc(-c3ccn[nH]3)n2)cc1,0,C61043 Enamine:mRDB:Z1890145243 5.0mg @ 90% = €182.00 EUR (20 days) C=1C=C(NN1)C2=NC(=NO2)C=3C=CC(=CC3)N4C=NC=5C=CC=CC54
61214,1,,,,,CC(CNC(=O)c1ccc(OCC(N)=O)cc1)NCc1cscn1,0,
61266,1,56,5.0,121.0,20.0,CC(C)Nc1cnccn1,0,C61266 Enamine:sRDB:Z31191069 5.0mg @ 90% = €121.00 EUR (20 days) CC(C)NC=1C=NC=CN1
61273,1,362,5.0,121.0,20.0,CC(Cc1cnccn1)Nc1ccc(C(C)(C)O)nn1,0,C61273 Enamine:sRDB:Z4435959161 5.0mg @ 90% = €121.00 EUR (20 days) CC(CC=1C=NC=CN1)NC=2C=CC(=NN2)C(C)(C)O
61309,1,335,5.0,121.0,20.0,COCC1(CNC(=O)Cc2cccc3c2CCNC3)CCC1,0,C61309 Enamine:sRDB:Z4060865619 5.0mg @ 90% = €121.00 EUR (20 days) COCC1(CNC(=O)CC=2C=CC=C3CNCCC23)CCC1
61429,1,18,5.0,50.0,10.0,Nc1cccc2c1NC(=O)C2,0,C61429 Enamine:HTS:Z1203579747 5.0mg @ 90% = €50.00 EUR (10 days) NC=1C=CC=C2CC(=O)NC12
61450,1,,,,,N#CCNc1ccc2c(c1)CC(=O)N2,0,
61503,1,,,,,Nc1cccc2c1CN(CC1CCOC1)C2,0,
61575,1,89,5.0,121.0,20.0,CN(Cc1ccc2c(c1)CNC2)CC(F)(F)F,0,C61575 Enamine:sRDB:Z1629797136 5.0mg @ 90% = €121.00 EUR (20 days) CN(CC1=CC=C2CNCC2=C1)CC(F)(F)F
61598,1,,,,,CCCCNCc1ccc2c(c1)CNC2,0,
61607,1,467,5.0,182.0,20.0,C#CCN(C)Cc1ccc2c(c1)CNC2,0,C61607 Enamine:mRDB:Z1629799687 5.0mg @ 90% = €182.00 EUR (20 days) C#CCN(C)CC=1C=CC=2CNCC2C1
61728,1,321,5.0,121.0,20.0,Cn1ncc2c(C(=O)NCCC3CCCCN3)ccnc21,0,C61728 Enamine:sRDB:Z3807498894 5.0mg @ 90% = €121.00 EUR (20 days) CN1N=CC=2C(=CC=NC21)C(=O)NCCC3CCCCN3
61750,1,,,,,O=C(CCC1CCCN1)Nc1n[nH]c2nc(C(F)(F)F)ccc12,0,
61807,1,46,5.0,78.0,10.0,O=C1Cc2ccccc2N1C1CNC1,0,C61807 Enamine:Advanced:Z1013747828 5.0mg @ 90% = €78.00 EUR (10 days) O=C1CC=2C=CC=CC2N1C3CNC3
61815,1,,,,,O=C1Cc2ccccc2N1C1CCNC1,0,
61879,1,388,5.0,121.0,20.0,c1cc(NCc2cn3ccsc3n2)c2cn[nH]c2n1,0,C61879 Enamine:sRDB:Z9674287683 5.0mg @ 90% = €121.00 EUR (20 days) C1=CN2C=C(CNC=3C=CN=C4NN=CC34)N=C2S1
61950,1,437,5.0,121.0,20.0,CNC(=O)Cc1cccc(NC(=O)c2ccnc3c2CNC3)c1,0,C61950 Enamine:sRDB:Z9898718827 5.0mg @ 90% = €121.00 EUR (20 days) CNC(=O)CC=1C=CC=C(C1)NC(=O)C=2C=CN=C3CNCC23
61969,1,146,5.0,121.0,20.0,C=CCNC(=O)CNC(=O)Cc1ccn[nH]1,0,C61969 Enamine:sRDB:Z1611077170 5.0mg @ 90% = €121.00 EUR (20 days) C=CCNC(=O)CNC(=O)CC1=CC=NN1
62013,1,310,5.0,121.0,20.0,Cc1cc2n(n1)CCN(C(=O)c1cccn3nncc13)C2,0,C62013 Enamine:sRDB:Z3583459493 5.0mg @ 90% = €121.00 EUR (20 days) CC=1C=C2CN(CCN2N1)C(=O)C3=CC=CN4N=NC=C34
62049,1,553,5.0,182.0,20.0,CC(CCNC(=O)c1cccc(C2CC2)n1)NC(=O)c1cnc[nH]1,0,C62049 Enamine:mRDB:Z9898718847 5.0mg @ 90% = €182.00 EUR (20 days) CC(CCNC(=O)C=1C=CC=C(N1)C2CC2)NC(=O)C3=CN=CN3
62079,1,554,5.0,182.0,20.0,O=C(NCc1ccc2cccnc2c1)c1cc2c(s1)CNC2,0,C62079 Enamine:mRDB:Z9898718851 5.0mg @ 90% = €182.00 EUR (20 days) O=C(NCC=1C=CC=2C=CC=NC2C1)C3=CC=4CNCC4S3
62098,1,456,5.0,121.0,20.0,CCOCCCNC(=O)NC(C)C(=O)N1Cc2ccccc2C1,0,C62098 Enamine:sRDB:Z1948413774 5.0mg @ 90% = €121.00 EUR (20 days) CCOCCCNC(=O)N[C@@H](C)C(=O)N1CC=2C=CC=CC2C1
62126,1,457,5.0,121.0,20.0,CCC(C)(C)CNC(=O)NC(C)C(=O)N1Cc2ccccc2C1,0,C62126 Enamine:sRDB:Z1950021918 5.0mg @ 90% = €121.00 EUR (20 days) CCC(C)(C)CNC(=O)N[C@@H](C)C(=O)N1CC=2C=CC=CC2C1
62267,1,241,5.0,121.0,20.0,CCC(=O)Nc1ccsn1,0,C62267 Enamine:sRDB:Z2689641260 5.0mg @ 90% = €121.00 EUR (20 days) CCC(=O)NC=1C=CSN1
62271,1,,,,,CC(C(=O)NC1CCN(C(=O)C(CO)N(C)C)C1)c1cccnc1,0,
62280,1,340,5.0,121.0,20.0,O=C1CCN(C(=O)c2cc(C(O)C(F)(F)F)ccn2)CCN1,0,C62280 Enamine:sRDB:Z4137772684 5.0mg @ 90% = €121.00 EUR (20 days) O=C(C=1C=C(C=CN1)C(O)C(F)(F)F)N2CCNC(=O)CC2
62466,1,84,5.0,121.0,20.0,C1CCc2nc(N3CCNCC3)sc2CC1,0,C62466 Enamine:sRDB:Z871786378 5.0mg @ 90% = €121.00 EUR (20 days) C1CN(CCN1)C2=NC=3CCCCCC3S2
62668,1,438,5.0,121.0,20.0,Cc1ccc(NC(=O)c2cccc3scnc23)c2cccnc12,0,C62668 Enamine:sRDB:Z9898718890 5.0mg @ 90% = €121.00 EUR (20 days) CC=1C=CC(NC(=O)C=2C=CC=C3SC=NC23)=C4C=CC=NC14
62670,1,439,5.0,121.0,20.0,COc1ccc2ncccc2c1NC(=O)c1cc2ncccc2o1,0,C62670 Enamine:sRDB:Z9898718893 5.0mg @ 90% = €121.00 EUR (20 days) COC=1C=CC=2N=CC=CC2C1NC(=O)C3=CC=4N=CC=CC4O3
62695,1,,,,,O=C(Nc1ccc2cn[nH]c2n1)c1nc2ccccc2s1,0,
62788,1,379,5.0,121.0,20.0,O=C(NCc1cnco1)c1ccc2nc(C(F)(F)F)cn2c1,0,C62788 Enamine:sRDB:Z7737099024 5.0mg @ 90% = €121.00 EUR (20 days) O=C(NCC1=CN=CO1)C=2C=CC3=NC(=CN3C2)C(F)(F)F
62980,1,242,5.0,121.0,20.0,CCCC(OCC)C(=O)Nc1ccccn1,0,C62980 Enamine:sRDB:Z2698266293 5.0mg @ 90% = €121.00 EUR (20 days) CCCC(OCC)C(=O)NC1=CC=CC=N1
63027,1,205,5.0,121.0,20.0,COCC(COC)Nc1ccncc1,0,C63027 Enamine:sRDB:Z2236390856 5.0mg @ 90% = €121.00 EUR (20 days) COCC(COC)NC=1C=CN=CC1
63038,1,239,5.0,121.0,20.0,C#CCOC(C)C(=O)Nc1cncs1,0,C63038 Enamine:sRDB:Z2661440400 5.0mg @ 90% = €121.00 EUR (20 days) C#CCOC(C)C(=O)NC1=CN=CS1
63135,1,341,5.0,121.0,20.0,c1nn(C2CCN(CCCOCC3CC3)CC2)c2c1CNC2,0,C63135 Enamine:sRDB:Z4153364285 5.0mg @ 90% = €121.00 EUR (20 days) C1=NN(C=2CNCC12)C3CCN(CCCOCC4CC4)CC3
63144,1,597,5.0,182.0,20.0,O=C(CCc1ncc[nH]1)N1CCC(n2ncc3c2CNC3)CC1,0,C63144 Enamine:mRDB:Z9898718938 5.0mg @ 90% = €182.00 EUR (20 days) O=C(CCC1=NC=CN1)N2CCC(CC2)N3N=CC=4CNCC43
63174,1,291,5.0,121.0,20.0,CC(NC(=O)c1noc2c1CNCC2)c1cccc2cccnc12,0,C63174 Enamine:sRDB:Z3384240795 5.0mg @ 90% = €121.00 EUR (20 days) CC(NC(=O)C1=NOC=2CCNCC12)C=3C=CC=C4C=CC=NC34
63241,1,440,5.0,121.0,20.0,c1cc2ncncc2c(-c2ccc3nc[nH]c3c2)n1,0,C63241 Enamine:sRDB:Z9898718953 5.0mg @ 90% = €121.00 EUR (20 days) C1=NC=2C=CC(=CC2N1)C=3N=CC=C4N=CN=CC34
63451,1,119,5.0,121.0,20.0,CC(C)(C)CCN1CCN(C(=O)c2ccc3ccccc3n2)CC1,0,C63451 Enamine:sRDB:Z740796620 5.0mg @ 90% = €121.00 EUR (20 days) CC(C)(C)CCN1CCN(CC1)C(=O)C=2C=CC3=CC=CC=C3N2
63711,1,441,5.0,121.0,20.0,O=C(c1nccc2occc12)N1CCn2ncc(O)c2C1,0,C63711 Enamine:sRDB:Z9898718964 5.0mg @ 90% = €121.00 EUR (20 days) O=C(C=1N=CC=C2OC=CC12)N3CCN4N=CC(O)=C4C3
63742,1,170,5.0,121.0,20.0,O=C(Nc1ccc2ncc(Cl)n2c1)c1ccc2cccnn12,0,C63742 Enamine:sRDB:Z1666929417 5.0mg @ 90% = €121.00 EUR (20 days) O=C(NC=1C=CC2=NC=C(Cl)N2C1)C3=CC=C4C=CC=NN34
63872,1,44,5.0,78.0,10.0,c1cnc(N2CCNCC2)nc1,0,C63872 Enamine:Advanced:Z262221634 5.0mg @ 90% = €78.00 EUR (10 days) C1=CN=C(N=C1)N2CCNCC2
63904,1,271,5.0,121.0,20.0,C1=C(c2ccncn2)CNC1,0,C63904 Enamine:sRDB:Z3014314698 5.0mg @ 90% = €121.00 EUR (20 days) C=1CNCC1C2=CC=NC=N2
63909,1,,,,,c1cc(C2CSCCN2)ncn1,0,
63995,1,,,,,CCC(N)C1NCCCS1,0,
64060,1,,,,,CCC(N)c1ccccn1,0,
64147,1,504,5.0,182.0,20.0,Cc1nc(CC(=O)NCc2csc3nccn23)c[nH]1,0,C64147 Enamine:mRDB:Z4424056780 5.0mg @ 90% = €182.00 EUR (20 days) CC1=NC(=CN1)CC(=O)NCC2=CSC3=NC=CN23
64151,1,442,5.0,121.0,20.0,Cc1nc(CCNC(=O)c2cccc3nccn23)c[nH]1,0,C64151 Enamine:sRDB:Z9898719007 5.0mg @ 90% = €121.00 EUR (20 days) CC1=NC(=CN1)CCNC(=O)C2=CC=CC3=NC=CN23
64185,1,555,5.0,182.0,20.0,CC(CNC(=O)CCc1cnoc1)CNC(=O)c1cncn1C,0,C64185 Enamine:mRDB:Z9898719012 5.0mg @ 90% = €182.00 EUR (20 days) CC(CNC(=O)CCC=1C=NOC1)CNC(=O)C2=CN=CN2C
64235,1,23,5.0,50.0,10.0,c1ccc2[nH]c(C3CCCCN3)cc2c1,0,C64235 Enamine:HTS:Z336151510 5.0mg @ 90% = €50.00 EUR (10 days) C1=C(NC=2C=CC=CC12)C3CCCCN3
64241,1,10,5.0,45.0,10.0,C=CCNC(=O)CN1CCC(c2cc3ccccc3[nH]2)CC1,0,C64241 Enamine:Legacy:Z909935566 5.0mg @ 90% = €45.00 EUR (10 days) C=CCNC(=O)CN1CCC(CC1)C2=CC=3C=CC=CC3N2
64246,1,556,5.0,182.0,20.0,CCCCC(=O)NCC1CCN(C(=O)c2ccc3cc[nH]c3c2)CC1,0,C64246 Enamine:mRDB:Z9898719016 5.0mg @ 90% = €182.00 EUR (20 days) CCCCC(=O)NCC1CCN(CC1)C(=O)C=2C=CC=3C=CNC3C2
64361,1,279,5.0,121.0,20.0,CC(O)C(C)(C)CNC(=O)Cc1cccc2cccnc12,0,C64361 Enamine:sRDB:Z3056191851 5.0mg @ 90% = €121.00 EUR (20 days) CC(O)C(C)(C)CNC(=O)CC=1C=CC=C2C=CC=NC12
64434,1,159,5.0,121.0,20.0,CCCCC(C)N(CCCC)C(=O)Cc1ccncc1,0,C64434 Enamine:sRDB:Z2232295477 5.0mg @ 90% = €121.00 EUR (20 days) CCCCC(C)N(CCCC)C(=O)CC=1C=CN=CC1
64544,1,510,5.0,182.0,20.0,Cc1nc2ccccc2cc1C(=O)NCc1cnc2sccn12,0,C64544 Enamine:mRDB:Z7694144842 5.0mg @ 90% = €182.00 EUR (20 days) CC=1N=C2C=CC=CC2=CC1C(=O)NCC3=CN=C4SC=CN34
64652,1,213,5.0,121.0,20.0,c1cc(N2CCCNCC2)c2sccc2n1,0,C64652 Enamine:sRDB:Z2368203414 5.0mg @ 90% = €121.00 EUR (20 days) C1=CC=2N=CC=C(C2S1)N3CCCNCC3
64791,1,93,5.0,121.0,20.0,COc1ccc(CC(C)(CO)NC(=O)c2cccc3cc[nH]c23)cc1,0,C64791 Enamine:sRDB:Z2804978276 5.0mg @ 90% = €121.00 EUR (20 days) COC=1C=CC(=CC1)CC(C)(CO)NC(=O)C=2C=CC=C3C=CNC23
64798,1,443,5.0,121.0,20.0,CC(CO)(Cc1ccc(F)cc1)NC(=O)c1cccc2cc[nH]c12,0,C64798 Enamine:sRDB:Z9898719043 5.0mg @ 90% = €121.00 EUR (20 days) CC(CO)(CC=1C=CC(F)=CC1)NC(=O)C=2C=CC=C3C=CNC23
64802,1,557,5.0,182.0,20.0,O=C(Nc1nc(-c2cnco2)cs1)c1cccc2cn[nH]c12,0,C64802 Enamine:mRDB:Z9898719045 5.0mg @ 90% = €182.00 EUR (20 days) O=C(NC1=NC(=CS1)C2=CN=CO2)C=3C=CC=C4C=NNC34
64818,1,201,5.0,121.0,20.0,O=C(Nc1nc(C2CCC2)cs1)c1cccc2[nH]ncc12,0,C64818 Enamine:sRDB:Z1886954654 5.0mg @ 90% = €121.00 EUR (20 days) O=C(NC1=NC(=CS1)C2CCC2)C=3C=CC=C4NN=CC34
64917,1,,,,,CC(C)(C(=O)Nc1ccnc2ccccc12)c1cnccn1,0,
65040,1,126,5.0,121.0,20.0,CC(CO)CNC(=O)Cn1c(=O)[nH]c2ccccc21,0,C65040 Enamine:sRDB:Z1430668590 5.0mg @ 90% = €121.00 EUR (20 days) CC(CO)CNC(=O)CN1C(=O)NC2=CC=CC=C21
65201,1,,,,,CC=CC(O)COC1CCCNC1,0,
65217,1,,,,,CC(OC1CCCNC1)C(=O)N(C)C,0,
65268,1,,,,,CCC(C)Nc1ccc2ccccc2n1,0,
65345,1,95,5.0,121.0,20.0,CCC(CO)NC(=O)C(C)n1cnc2ccccc21,0,C65345 Enamine:sRDB:Z383444086 5.0mg @ 90% = €121.00 EUR (20 days) CCC(CO)NC(=O)C(C)N1C=NC=2C=CC=CC21
65501,1,444,5.0,121.0,20.0,CN(Cc1cncn1C)C(=O)c1nc2ccccc2o1,0,C65501 Enamine:sRDB:Z9898719074 5.0mg @ 90% = €121.00 EUR (20 days) CN(CC1=CN=CN1C)C(=O)C2=NC=3C=CC=CC3O2
65583,1,219,5.0,121.0,20.0,c1cc2nc(N3CCCCC3)ncc2s1,0,C65583 Enamine:sRDB:Z2417606038 5.0mg @ 90% = €121.00 EUR (20 days) C1=CC=2N=C(N=CC2S1)N3CCCCC3
65697,1,,,,,NS(=O)(=O)c1csc(C=Cc2cccc3nccn23)n1,0,
65714,1,276,5.0,121.0,20.0,CCOC(C)c1nc(CN(C)C(=O)c2csc3nccn23)cs1,0,C65714 Enamine:sRDB:Z3049223818 5.0mg @ 90% = €121.00 EUR (20 days) CCOC(C)C1=NC(=CS1)CN(C)C(=O)C2=CSC3=NC=CN23
65748,1,558,5.0,182.0,20.0,CCN(CCNC(=O)c1ccns1)C(=O)C1(C)CCNC(=O)C1,0,C65748 Enamine:mRDB:Z9898719093 5.0mg @ 90% = €182.00 EUR (20 days) CCN(CCNC(=O)C1=CC=NS1)C(=O)C2(C)CCNC(=O)C2
65943,1,,,,,CC(C)(C(=O)O)n1cc(NC(=O)c2ccc3ccnn3c2)cn1,0,
66102,1,,,,,C=C(CC)CC(N)CCc1cccnc1,0,
66225,1,66,5.0,121.0,20.0,CSCCN(C)C(C)c1cscn1,0,C66225 Enamine:sRDB:Z1777815567 5.0mg @ 90% = €121.00 EUR (20 days) CSCCN(C)C(C)C1=CSC=N1
66393,1,209,5.0,121.0,20.0,FC(F)(F)CN1Cc2ccc(NCc3cccc4[nH]ccc34)cc2C1,0,C66393 Enamine:sRDB:Z2287485294 5.0mg @ 90% = €121.00 EUR (20 days) FC(F)(F)CN1CC=2C=CC(=CC2C1)NCC=3C=CC=C4NC=CC34
66459,1,363,5.0,121.0,20.0,O=C(c1ccnc2c1CNC2)N1CCCCC1c1ncccn1,0,C66459 Enamine:sRDB:Z4448343367 5.0mg @ 90% = €121.00 EUR (20 days) O=C(C=1C=CN=C2CNCC12)N3CCCCC3C=4N=CC=CN4
66477,1,342,5.0,121.0,20.0,O=C(NCc1ccncn1)c1nccc2c1CNCC2,0,C66477 Enamine:sRDB:Z4175816544 5.0mg @ 90% = €121.00 EUR (20 days) O=C(NCC=1C=CN=CN1)C=2N=CC=C3CCNCC23
66486,1,343,5.0,121.0,20.0,N#CCc1ccnc(N2CCC(n3ncc4c3CNC4)CC2)n1,0,C66486 Enamine:sRDB:Z4185286322 5.0mg @ 90% = €121.00 EUR (20 days) N#CCC=1C=CN=C(N1)N2CCC(CC2)N3N=CC=4CNCC43
66556,1,115,5.0,121.0,20.0,CC(CNc1nc(NCCO)c2ccccc2n1)n1cccn1,0,C66556 Enamine:sRDB:Z4456082966 5.0mg @ 90% = €121.00 EUR (20 days) CC(CNC=1N=C(NCCO)C=2C=CC=CC2N1)N3C=CC=N3
66558,1,193,5.0,121.0,20.0,OCC(F)(F)CNc1nc(-c2ccccn2)nc2ccccc12,0,C66558 Enamine:sRDB:Z1863952198 5.0mg @ 90% = €121.00 EUR (20 days) OCC(F)(F)CNC=1N=C(N=C2C=CC=CC12)C=3C=CC=CN3
66681,1,,,,,CC(OC1CCCCNC1)C(N)=O,0,
66691,1,,,,,CC(OC1CNCC2(CC2)C1)C(N)=O,0,
66713,1,489,5.0,182.0,20.0,CC(=O)c1cccc(OC(C)C(=O)NC2CNCC3(CC3)C2)c1,0,C66713 Enamine:mRDB:Z3519866515 5.0mg @ 90% = €182.00 EUR (20 days) CC(=O)C=1C=CC=C(C1)OC(C)C(=O)NC2CNCC3(CC3)C2
66767,1,559,5.0,182.0,20.0,O=C(c1ccc2[nH]c(=O)[nH]c2c1)N1CC(c2cnc[nH]2)C1,0,C66767 Enamine:mRDB:Z9898719132 5.0mg @ 90% = €182.00 EUR (20 days) O=C(C1=CC=C2NC(=O)NC2=C1)N3CC(C3)C4=CN=CN4
66837,1,25,5.0,50.0,10.0,c1nc(C2CCCNC2)n2c1CCCC2,0,C66837 Enamine:HTS:Z1906065904 5.0mg @ 90% = €50.00 EUR (10 days) C=1N=C(C2CCCNC2)N3CCCCC13
67052,1,560,5.0,182.0,20.0,CC(NCc1nnc2ccccn12)c1ccc2cccnc2c1,0,C67052 Enamine:mRDB:Z9898719134 5.0mg @ 90% = €182.00 EUR (20 days) CC(NCC1=NN=C2C=CC=CN12)C=3C=CC=4C=CC=NC4C3
67471,1,561,5.0,182.0,20.0,CC(NCc1cnc2ccccc2c1)c1cccc2cn[nH]c12,0,C67471 Enamine:mRDB:Z9898719137 5.0mg @ 90% = €182.00 EUR (20 days) CC(NCC=1C=NC=2C=CC=CC2C1)C=3C=CC=C4C=NNC34
67555,1,,,,,O=C1CC(C(=O)Nc2nnc(C3CCNC3)[nH]2)CCN1,0,
67561,1,500,5.0,182.0,20.0,CN(C(=O)C(=O)NCC1CCCCCN1)C1CCC(=O)NC1,0,C67561 Enamine:mRDB:Z4114433215 5.0mg @ 90% = €182.00 EUR (20 days) CN(C(=O)C(=O)NCC1CCCCCN1)C2CCC(=O)NC2
67611,1,,,,,CN(C(=O)c1nc2ccccc2s1)c1nccc2ccccc12,0,
67775,1,445,5.0,121.0,20.0,CC(C(=O)Nc1ccc2cn[nH]c2n1)c1cncc(F)c1,0,C67775 Enamine:sRDB:Z9898719148 5.0mg @ 90% = €121.00 EUR (20 days) CC(C(=O)NC=1C=CC=2C=NNC2N1)C=3C=NC=C(F)C3
67777,1,446,5.0,121.0,20.0,CC(NC(=O)c1ccc2n[nH]c(=O)n2c1)c1ccncc1Cl,0,C67777 Enamine:sRDB:Z9898719150 5.0mg @ 90% = €121.00 EUR (20 days) CC(NC(=O)C=1C=CC2=NNC(=O)N2C1)C=3C=CN=CC3Cl
67787,1,562,5.0,182.0,20.0,CC(CCNC(=O)c1cccnc1)NC(=O)c1cnc2[nH]nnc2c1,0,C67787 Enamine:mRDB:Z9898719155 5.0mg @ 90% = €182.00 EUR (20 days) CC(CCNC(=O)C=1C=CC=NC1)NC(=O)C=2C=NC=3NN=NC3C2
67819,1,563,5.0,182.0,20.0,O=C(c1cccnc1)N1CC2CCC(C1)N2c1ncnc2ccccc12,0,C67819 Enamine:mRDB:Z9898719157 5.0mg @ 90% = €182.00 EUR (20 days) O=C(C=1C=CC=NC1)N2CC3CCC(C2)N3C4=NC=NC5=CC=CC=C45
68003,1,131,5.0,121.0,20.0,CN(C)CCN1CCC(CNCc2cccc3nccn23)CC1,0,C68003 Enamine:sRDB:Z1570125613 5.0mg @ 90% = €121.00 EUR (20 days) CN(C)CCN1CCC(CNCC2=CC=CC3=NC=CN23)CC1
68006,1,564,5.0,182.0,20.0,CSCC(=O)NC1CCCN(C(=O)c2cn3ccnc3s2)C1,0,C68006 Enamine:mRDB:Z9898719163 5.0mg @ 90% = €182.00 EUR (20 days) CSCC(=O)NC1CCCN(C1)C(=O)C2=CN3C=CN=C3S2
68038,1,,,,,CCC[S+]([O-])Nc1ncc[nH]1,0,
68073,1,132,5.0,121.0,20.0,Cn1cncc1CCC(=O)Nc1cccc2[nH]c(=O)[nH]c12,0,C68073 Enamine:sRDB:Z2227139087 5.0mg @ 90% = €121.00 EUR (20 days) CN1C=NC=C1CCC(=O)NC=2C=CC=C3NC(=O)NC23
68259,1,,,,,O=C(Nc1cc2[nH]cnc2cc1F)c1cccc2cnsc12,0,
68401,1,565,5.0,182.0,20.0,CN(CCNC(=O)Cc1ccccc1)C(=O)c1cncc(C(N)=O)c1,0,C68401 Enamine:mRDB:Z9898719179 5.0mg @ 90% = €182.00 EUR (20 days) CN(CCNC(=O)CC=1C=CC=CC1)C(=O)C=2C=NC=C(C2)C(N)=O
68443,1,184,5.0,121.0,20.0,O=C(NCc1ccco1)c1ccc2nc(C(F)(F)F)cn2c1,0,C68443 Enamine:sRDB:Z1715339267 5.0mg @ 90% = €121.00 EUR (20 days) O=C(NCC1=CC=CO1)C=2C=CC3=NC(=CN3C2)C(F)(F)F
68584,1,,,,,C=CCCC(C)(C)CNC1CCNCC1,0,
68633,1,566,5.0,182.0,20.0,CC(C)(CO)NC(=O)C1CC(n2cc(-c3ccccn3)nn2)C1,0,C68633 Enamine:mRDB:Z9898719207 5.0mg @ 90% = €182.00 EUR (20 days) CC(C)(CO)NC(=O)C1CC(C1)N2C=C(N=N2)C=3C=CC=CN3
68640,1,277,5.0,121.0,20.0,CC(CO)(Cc1ccc(Br)cc1)NC(=O)c1ccns1,0,C68640 Enamine:sRDB:Z3053666392 5.0mg @ 90% = €121.00 EUR (20 days) CC(CO)(CC=1C=CC(Br)=CC1)NC(=O)C2=CC=NS2
68669,1,384,5.0,121.0,20.0,FC(F)c1cc(NCc2cn3ccsc3n2)ccn1,0,C68669 Enamine:sRDB:Z8773642572 5.0mg @ 90% = €121.00 EUR (20 days) FC(F)C=1C=C(C=CN1)NCC2=CN3C=CSC3=N2
68703,1,447,5.0,121.0,20.0,CCC(OC(=O)c1cn2ccnc2s1)c1ccncc1,0,C68703 Enamine:sRDB:Z9898719220 5.0mg @ 90% = €121.00 EUR (20 days) CCC(OC(=O)C1=CN2C=CN=C2S1)C=3C=CN=CC3
68732,1,179,5.0,121.0,20.0,CCSc1ccc(NC(=O)c2cn3ccnc3s2)cn1,0,C68732 Enamine:sRDB:Z1796124109 5.0mg @ 90% = €121.00 EUR (20 days) CCSC=1C=CC(=CN1)NC(=O)C2=CN3C=CN=C3S2
68932,1,,,,,c1cc2[nH]c3c(c2cc1C1CCCNC1)CCCC3,0,
68984,1,316,5.0,121.0,20.0,O=C(c1nccc2c1CNCC2)N1CCCC1c1ncc[nH]1,0,C68984 Enamine:sRDB:Z3793157384 5.0mg @ 90% = €121.00 EUR (20 days) O=C(C=1N=CC=C2CCNCC12)N3CCCC3C4=NC=CN4
69102,1,2,5.0,45.0,10.0,CSCCC(N)c1nc2ccccc2s1,0,C69102 Enamine:Legacy:Z2510966323 5.0mg @ 90% = €45.00 EUR (10 days) CSCCC(N)C1=NC2=CC=CC=C2S1
69166,1,189,5.0,121.0,20.0,O=C(Cc1csc2nccn12)N1CCN(c2ncccn2)CC1,0,C69166 Enamine:sRDB:Z1436846339 5.0mg @ 90% = €121.00 EUR (20 days) O=C(CC1=CSC2=NC=CN12)N3CCN(CC3)C=4N=CC=CN4
69254,1,,,,,CN(C)CCn1c(=O)[nH]c2cc(N)ccc21,0,
69445,1,,,,,N#CCS(=O)(=O)Nc1cccc2c1CNC2,0,
69458,1,204,5.0,121.0,20.0,CC(C)(F)C(=O)Nc1ccc2c(c1)CNC2,0,C69458 Enamine:sRDB:Z2465483854 5.0mg @ 90% = €121.00 EUR (20 days) CC(C)(F)C(=O)NC=1C=CC=2CNCC2C1
69798,1,567,5.0,182.0,20.0,Cc1cc(C(=O)N(C)CCNC(=O)CCCc2cccnc2)cs1,0,C69798 Enamine:mRDB:Z9898719256 5.0mg @ 90% = €182.00 EUR (20 days) CC1=CC(=CS1)C(=O)N(C)CCNC(=O)CCCC=2C=NC=CC2
69815,1,,,,,CN1CCNC(CC(=O)c2ccc3ncoc3c2)C1,0,
69897,1,568,5.0,182.0,20.0,CCN(CCNC(=O)c1ccc2c(c1)CC(=O)N2)C(=O)C(F)F,0,C69897 Enamine:mRDB:Z9898719262 5.0mg @ 90% = €182.00 EUR (20 days) CCN(CCNC(=O)C1=CC=C2NC(=O)CC2=C1)C(=O)C(F)F
69956,1,323,5.0,121.0,20.0,COC(=O)c1cnc2c(CNC3Cc4cscc4C3)cccn12,0,C69956 Enamine:sRDB:Z3808939589 5.0mg @ 90% = €121.00 EUR (20 days) COC(=O)C1=CN=C2C(=CC=CN12)CNC3CC4=CSC=C4C3
69989,1,,,,,Cc1cccc2ncc(C(=O)NC3CCCc4ccccc43)n12,0,
70364,1,,,,,O=S(=O)(CCCCCl)Nc1cc[nH]n1,0,
70416,1,232,5.0,121.0,20.0,Cc1nc2cc(OCC(=O)NCCC(C)C)ccc2n1C,0,C70416 Enamine:sRDB:Z2613818446 5.0mg @ 90% = €121.00 EUR (20 days) CC1=NC=2C=C(C=CC2N1C)OCC(=O)NCCC(C)C
70444,1,136,5.0,121.0,20.0,NC(=O)COc1cccc(CNc2nc3ccccc3[nH]2)c1,0,C70444 Enamine:sRDB:Z1587240401 5.0mg @ 90% = €121.00 EUR (20 days) NC(=O)COC=1C=CC=C(C1)CNC2=NC=3C=CC=CC3N2
70478,1,,,,,c1cc2c3c(c1)NCN3CCC2,0,
70482,1,,,,,CCn1cnc2cc(Br)cc(C)c21,0,
70496,1,,,,,CCn1cnc2ccc(NCCc3ccc(CNc4nc5ccccc5[nH]4)c(O)c3)cc21,0,
70500,1,,,,,CC(C(N)=O)n1cc(N)c2ccccc21,0,
70536,1,,,,,CC(=O)NC(CCCC[NH3+])C(=O)NC1CCC(C)N2C(Cl)NC3CCCC3C12,0,
70544,1,,,,,CCn1cnc2cccc(CC([NH3+])C(=O)[O-])c21,0,
70550,1,,,,,CCn1cnc2cccc(C(=O)NC(Cc3ccc(CN)cc3)C(=O)N3CCCCC3)c21,0,
70563,1,,,,,NCc1cccc(NC(=O)c2cccc3ncn(CCN4CCCC4)c23)c1,0,
70566,1,,,,,CNN1CC2C(C(C#N)Nc3ccc4c(c3)CNC4)C(Cl)CC3NCN1C32,0,
70568,1,,,,,Cc1cc2c(C(=O)Nc3ccc4c(c3)CNC4)ccc3ncn1c32,0,
70584,1,,,,,Cc1nc2c(C(=O)Nc3ccc4c(c3)CNC4)ccc3ncn1c32,0,
70586,1,,,,,CCCNC(=O)C(Nc1ccc2c(c1)CNC2)c1ccc(NCNCC)cc1CNN,0,
70600,1,,,,,CCn1cnc2cccc(C(=O)Nc3cc4c(c(C5=CCS(=O)(=O)CC5)c3)CNC4)c21,0,
70624,1,,,,,COC1(C)c2c(C(=O)Nc3ccc4c(c3)CNC4)ccc3ncn(c23)C1C,0,
70685,1,,,,,Cc1ccccc1-c1nc2c(C(=O)Nc3ccc4c(c3)CNC4)c(O)cc3ncn1c32,0,
70733,1,,,,,CN1C(CC#N)=NC2CCCCC21,0,
70740,1,,,,,NC1=CC2=NC3CCCC(O)(NO)C3N2N=C1,0,
70756,1,,,,,COCC(=O)Nc1cc(CCC2=C(CC#N)NC3CCCCC23)cc(NC(C)=O)c1,0,
70875,1,,,,,NC1CCC2=NC3CCCC(F)C3CC(C(Nc3ccc4c(c3)CNC4)C(=O)NCC(F)F)CC21,0,
70881,1,,,,,NC1=CC2=NC3CCCCC3N2C(C(=O)Nc2ccc3c(c2)CNC3=O)=C1,0,
70892,1,,,,,NC1CCC2NC3CCCC(C3)C(C(Nc3ccc4c(n3)CNC4)C(=O)NCC(F)F)CC12,0,
70951,1,,,,,N#CCC1=NC2C3CNCCC3CC3C(C(=O)Nc4ccc5c(c4)CNC5)CCN1C32,0,
70958,1,,,,,N#CCC1=C(NC2CNC2)C2CCCC3C(C(=O)Nc4ccc5c(c4)CNC5)CCN1C23,0,
70959,1,,,,,CC#CC1CNC2C(CCC3CNCCC32N)C(C(=O)Nc2ccc3c(c2)CNC3)C1,0,
70978,1,,,,,N#Cc1cc(OC(F)(F)F)c2nccc(N)c2c1,0,
70984,1,,,,,Nc1ccc2c3c(cccc13)C(O)(C(F)(F)F)N2,0,
71010,1,,,,,FC1(Oc2cccc3c4nccc-4c[nH]c23)Oc2ccncc2O1,0,
71098,1,,,,,N#Cc1cc2c(cc1OC(F)(F)Oc1cc(F)cc3c(N)ccnc13)CNC2,0,
71108,1,,,,,Nc1ccnc2c(N(C(=O)NCC(F)F)C(F)(F)Oc3cnc4c(c3)CNC4)cccc12,0,
71110,1,,,,,COCCOC(F)(F)N(c1ccc2c(c1)CNC2)c1cccc2c(N)cc(=O)n(C)c12,0,
71111,1,,,,,Nc1ccnc2c(OC(F)(F)Oc3cnc4c(c3)CNC4)cc(F)cc12,0,
71154,1,,,,,CNCC1(N)CCNc2c(OC(F)(F)F)cc(Cl)cc21,0,
71167,1,,,,,CNCC1(N)CCNc2c(OC(F)(F)Oc3cccc(C4CCN(C)CC4)c3)cc(Cl)cc21,0,
71197,1,,,,,CNCC1(N)CCNc2c(OC(F)(F)Oc3ccc(C)c(C)c3)cc(Cl)cc21,0,
71210,1,,,,,CNCc1cccc(OC(F)(F)Oc2cc(Cl)cc3c(CNC)ccnc23)c1,0,
71314,1,,,,,CC(=O)NC1C(=O)C(C=O)(c2cc(Br)cc3c(CO)cc(C)nc23)c2ccc3c(c21)CNC3,0,
71320,1,,,,,CC(=O)NC(C(=O)Nc1[nH]c(SCN)cc1NC(C)CCCO)c1cccc2c1CNC2,0,
71368,1,,,,,CC1=NCCC2NC3C(CCCC3C(CO)C2=O)C(=O)C(=O)C(c2cccc3c2CNC3)N1,0,
71384,1,,,,,CC(=O)NC(C(=O)C(=O)C1CCCC2C(CO)C(=O)C(C)NC12)c1ccnc2c1CNC2,0,
71393,1,,,,,CC(=O)NC(C(=O)Nc1cc(Cl)cc2c(CN=O)cc(C)nc12)c1cccc2c1CNC2,0,
71412,1,,,,,CNCC1(C)CC(C)Nc2c(C(=O)C(=O)C(CCCN)NC(C)=O)cc(Cl)cc21,0,
71413,1,,,,,CNCC1(C)CC(C)Nc2c1cc(Cl)cc2C1(C=O)C(=O)C(NC(C)=O)c2c(CN)cccc21,0,
71423,1,,,,,CC(=O)NC1C(=O)C(C=O)(C2CCC3NC(=O)C4CC(C)NC2C34)c2ccc3c(c21)CNC3,0,
71451,1,,,,,CNCC1(C)CC(C)Nc2c(C(=O)C(=O)C(NC(C)=O)c3cccc4c3CC3NCCC43)cc(Cl)cc21,0,
71518,1,,,,,COCC(=Nc1nncn1C1CCN(Cc2c[nH]c3ccccc23)CC1)Nc1cccc(NC(C)=O)c1,0,
71529,1,,,,,CC1NC2CC(Cl)C(NCc3ccc(O)c(CN(C)C)c3)C3NCC(CN4CCC(N5CNNC5=O)CC14)C23,0,
71544,1,381,5.0,121.0,20.0,O=c1[nH]ncn1C1CCN(Cc2c[nH]c3cc(Cl)ccc23)CC1,0,C71544 Enamine:sRDB:Z8017594404 5.0mg @ 90% = €121.00 EUR (20 days) O=C1NN=CN1C2CCN(CC3=CNC=4C=C(Cl)C=CC34)CC2
71552,1,,,,,CC1NC2=C(CCCC2NC(=O)C2CCNCC2)C1CN1CCC(n2cn[nH]c2=O)CC1,0,
71561,1,,,,,O=C(C1CCC2NC3CC(N4CNNC4=O)CCN3CC3CNC1C32)N1CCC(c2cccnc2)C1,0,
71575,1,,,,,CCC(C(=O)Nc1cccc(CN)c1)C1(C)NCC(C(C)N2CCC(n3cn[nH]c3=O)CC2)C1CC,0,
71577,1,,,,,N#CC(Nc1ccc2c(c1)CNC2)c1c(Cl)ccc2c(CN3CCC(n4cn[nH]c4=O)CC3)c[nH]c12,0,
71582,1,,,,,O=C(Nc1ccc2c(c1)CNC2)c1c(F)ccc2c(CN3CCC(n4cn[nH]c4=O)CC3)c[nH]c12,0,
71588,1,,,,,O=C(Nc1ccc2c(c1)CNC2)C1CC(F)CCC2(CNCC2CN2CCC(n3cn[nH]c3=O)CC2)C1,0,
71590,1,,,,,N#Cc1cc2c(CN3CCC(n4cn[nH]c4=O)CC3)c[nH]c2c(C(=O)Nc2ccc3c(c2)CNC3)c1Cl,0,
71612,1,,,,,N#Cc1cc2c(cc1NC(=O)CCC(F)Cc1c[nH]c(C(CN)CN3CCC(n4cn[nH]c4=O)CC3)c1)CNC2,0,
71617,1,,,,,O=C(Nc1ccc2c(c1)CNC2)c1c[nH]c(=O)cc2c(CN3CCC(n4cn[nH]c4=O)CC3)cnc1-2,0,
71634,1,,,,,O=C(Nc1ccc2c(c1)CNC2)c1c(F)ccc2c(CN3CCC(n4cn[nH]c4=O)CC3)c(OCCCO)[nH]c12,0,
71635,1,,,,,COCCc1c(CN2CCC(n3cn[nH]c3=O)CC2)c2ccc(F)c(C(=O)Nc3ccc4c(c3)CNC4)c2n1C,0,
71636,1,,,,,O=C(Nc1cnc2c(c1)CNC2)c1c(F)ccc2c(CN3CCC(n4cn[nH]c4=O)CC3)c[nH]c12,0,
71638,1,,,,,CSc1cc2c(cc1NC(=O)c1c(F)ccc3c(CN4CCC(n5cn[nH]c5=O)CC4)c[nH]c13)CNC2,0,
71639,1,,,,,Cc1cc(CCCC(=O)Nc2ccc3c(c2)CNC3)ccc1C(CN)CN1CCC(n2cn[nH]c2=O)CC1,0,
71641,1,,,,,O=C(O)CC1NCc2cc(NC(=O)c3c(Cl)ccc4c(CN5CCC(n6cn[nH]c6=O)CC5)c[nH]c34)ccc21,0,
71646,1,,,,,Cc1cc(F)c2c(CN3CCC(C4=CN=NC4=O)CC3)c(F)[nH]c2c1C(Nc1ccc2c(c1)CNC2)C(=O)NCC(F)F,0,
71648,1,,,,,O=C(Nc1ccc2c(c1)CNCCO2)C1CCCCCc2c(CN3CCC(n4cn[nH]c4=O)CC3)c[nH]c21,0,
71650,1,,,,,O=C(Nc1ccc2c(c1)CNC2)c1cccnc2c(CN3CCC(n4cn[nH]c4=O)CC3)cnc1-2,0,
71655,1,,,,,O=C(Nc1cnc2c(c1)CNC2)c1c[nH]c(=O)cc2c(CN3CCC(n4cn[nH]c4=O)CC3)cnc1-2,0,
71660,1,,,,,O=C1CCCCC(C(=O)Nc2cnn(Cc3ccncc3)c2)c2[nH]cc(CN3CCC(n4cn[nH]c4=O)CC3)c21,0,
71670,1,,,,,CN(c1ccc2c(c1)CNC2)C(C(=O)NCC(F)F)c1c(Cl)ccc2c(CN3CCC(C4=CN=NC4=O)CC3)c[nH]c12,0,
71678,1,,,,,O=C(Nc1cccc(F)c1)c1cccc2c(CN3CCC(n4cn[nH]c4=O)CC3)c[nH]c12,0,
71689,1,,,,,CC1CN(Cc2c[nH]c3c(C(=O)Nc4ccc5c(c4)CNC5)cccc23)CCC1n1cn[nH]c1=O,0,
71694,1,,,,,CNCC1(CC2CNCC23CCC(Cl)CC(C(=O)Nc2ccc4c(c2)CNC4)C3)CCC(n2cn[nH]c2=O)CC1,0,
71704,1,,,,,O=C(Nc1ccc(C2CCOC2)cc1F)c1c(Cl)ccc2c(CN3CCC(n4cn[nH]c4=O)CC3)c[nH]c12,0,
71705,1,,,,,O=C(Nc1ccc(N2CCCCC2)c(F)c1)c1c(Cl)ccc2c(CN3CCC(n4cn[nH]c4=O)CC3)c[nH]c12,0,
71707,1,,,,,O=C(Nc1ccc(F)cc1)c1c(Cl)ccc2c(CN3CCC(n4cn[nH]c4=O)CC3)c[nH]c12,0,
71718,1,,,,,NC(c1c[nH]c2c1CCCC(Cl)C2C(=O)Nc1ccc2c(c1)CNC2)N1CCC(n2cn[nH]c2=O)CC1,0,
71728,1,,,,,O=C(Nc1ccncn1)c1c(F)ccc2c(CN3CCC(n4cn[nH]c4=O)CC3)c[nH]c12,0,
71735,1,,,,,CC(CCN(CN)Cc1c[nH]c(C(C(=O)Nc2ccc3c(c2)CNC3)C(F)CCCO)c1)n1cn[nH]c1=O,0,
71820,1,,,,,Cn1cc(NC(=O)S2=C(N)Nc3cc(C(C)(C)N)ccc32)cn1,0,
71849,1,,,,,CCCNC(=O)C(Nc1ccc2c(c1)CNC2)S1=C(N)Nc2cc(OC)ccc21,0,
71945,1,,,,,CNCc1c(OC)ccc2c1NC(N)=S2C(=O)Nc1ccccn1,0,
71961,1,,,,,CC(C)Nc1nc2c(N)cccc2[nH]1,0,
71991,1,,,,,CC(C)N(Cc1ccc(CNc2nc3ccccc3[nH]2)c(O)c1)c1nc2ccccc2[nH]1,0,
72001,1,,,,,COCC(=O)Nc1cc(CN(c2nc3ccccc3[nH]2)C(C)C)cc(NC(C)=O)c1,0,
72075,1,,,,,CC(C)Nc1[nH]c2cc(Br)cc(C(=O)Nc3ccc4c(c3)CNC4)c2[n+]1[O-],0,
72111,1,,,,,CC(C)Nc1nc2c(C(=O)NC3CCN(c4ccccn4)C3)cccc2[nH]1,0,
72148,1,,,,,CC(C)Nc1nc2c(C(CC(=O)O)Nc3ccc4c(c3)CNC4)cccc2[nH]1,0,
72272,1,,,,,COCC1CC2(CCN1)C(C(=O)Nc1cnn(C)c1)CC(Cl)CC2C(=O)NC(C)(C)CO,0,
72280,1,,,,,Cn1cc(NC(=O)c2cc(Cl)cc3c(NC(C)(C)CO)cccc23)cn1,0,
72308,1,,,,,Cc1cc(NC(C)(C)CO)c2cc(Cl)cc(NC(=O)CCC3CCNCC3)c2n1,0,
72322,1,,,,,CC(C)(CO)NC(=O)c1cc(Cl)cc(C(=O)Nc2cccc(CN)c2)c1,0,
72325,1,,,,,CC(C)(CO)NC(=O)c1cc(Cl)cc(C(=O)Nc2cccc(-c3nnn[nH]3)c2)c1,0,
72343,1,,,,,CC(C)(CO)Nc1[nH]c(N)c2c(C(=O)Nc3ccc4c(c3)CNC4)cc(Cl)cc12,0,
72356,1,,,,,CC1C(C(=O)Nc2ccc3c(c2)CNC3)CC2(CCC(F)C2)CC1C(=O)NC(C)(C)CO,0,
72368,1,,,,,CNc1c(N)cc(C2CCc3ccc(C(=O)Nc4ccc5c(c4)CNC5)cc32)cc1O,0,
72377,1,,,,,CC(NC(C)(C)CO)c1cc(Cl)cc(C(Nc2cnc3c(c2)CNC3)C(=O)NCC(F)F)c1,0,
72379,1,,,,,CC(C)(CO)NNC(O)Cc1cc(Cl)cc(C(=O)NC2CCN(c3ccccn3)C2)c1,0,
72429,1,,,,,O=C(Nc1ccc2c(c1)CCCC2)c1cc(Cl)cc2c1cnn2C1CN(CCO)C1,0,
72444,1,,,,,CCC(C)(CO)Nn1cnc2c(C(=O)Nc3ccc4c(c3)CNC4)cc(Cl)cc21,0,
72456,1,,,,,CC(C)(CO)C(CC1CCNC1)Nc1cc(Cl)cc(C(=O)Nc2ccc3c(c2)CNC3)c1,0,
72514,1,,,,,NC(=O)C12CCCNC1NCc1cc(F)ccc12,0,
72599,1,,,,,CC(C(=O)Nc1ccc2c(c1)CNC2)C(CCCC(C)(F)F)C1(C(N)=O)CCCNC1,0,
72635,1,,,,,NC(=O)C12CNCCC1C(=O)NC21CCC(F)CC1C(=O)Nc1ccc2c(c1)CNCC2,0,
72682,1,,,,,CNCC1NCCCC1(C(N)=O)c1ccc(F)cc1C(=O)Nc1ccc(F)cc1N1CCCC1=O,0,
72742,1,,,,,Cc1cccc2c1C1(CCCC1)C(N)C2,0,
72774,1,,,,,CN(C)Cc1nc(CNc2cc(Cl)cnc2C2(CNC(C)(C)CO)CCCC2)cs1,0,
72809,1,,,,,CC(C)NCC1(c2ncccc2C(=O)Nc2cnn(C)c2)CCCC1,0,
72846,1,,,,,CCc1cnc(C2(CN)CCCC2)c(C(=O)Nc2ccc3c(c2)CNC3)c1,0,
72848,1,,,,,NCC1(c2ncccc2C(=O)Nc2ccc3c(c2)CNC3)CCC(=O)C1,0,
72849,1,,,,,NCC1(c2ncccc2C(=O)Nc2ccc3c(c2)CNC3)CCC2(CCCCC2)C1,0,
72856,1,,,,,NCC1(c2ncccc2C(=O)Nc2cc3c(c(C4=CCOCC4)c2)CNC3)CCCC1,0,
72861,1,,,,,NCc1cccc(NC(=O)c2cccnc2C2(CN)CCCC2)c1,0,
72865,1,,,,,NCC1(c2ncccc2C(Nc2cnc3c(c2)CNC3)C(=O)NCC(F)F)CCCC1,0,
72957,1,,,,,CC(C)NCC1(c2ncccc2C(=O)Nc2ccc3c(c2)CNC3)CCCC1,0,
73073,1,,,,,CC(C)N1CCCC12Cc1cccc(C(=O)Nc3c[nH]c(C(N)=O)c3)c1NC2=O,0,
73094,1,,,,,O=C(Nc1ccc2c(c1)CNC2)c1cccc2c1NC(=O)C1(CCCN1)C2,0,
73101,1,,,,,O=C(Nc1ccc2c(c1)CNC2)c1cc2c(cc1Cl)CC1(CCCN1)C(=O)C21CNCN1,0,
73105,1,,,,,CCCNC(=O)C(Nc1ccc2c(c1)CNC2)c1cc(Cl)cc2c1NC(=O)C1(CCCN1)C2,0,
73153,1,,,,,O=C(Oc1ccc2c(c1)CNC2)c1cccc2c1NC(=O)C1(CCCN1)C2,0,
73164,1,,,,,O=C(NCCCF)C(Nc1ccc2c(c1)CNC2)c1cc(Cl)cc2c1NC(=O)C1(CCCN1)C2,0,
73173,1,,,,,O=C(Nc1ccc2c(c1)CNC2)c1cc(Cl)cc2c1NC1(CCNCC1)C1(CCCN1)C2,0,
73179,1,,,,,CC1CCC2(Cc3cccc(C(=O)Nc4ccc5c(c4)CNC5)c3NC2=O)N1,0,
73212,1,,,,,O=C(Nc1ccc(C2CNC2)cc1)c1cc(Cl)cc2c1NC(=O)C1(CCCN1)C2,0,
73274,1,,,,,NCc1cccc(NC(=O)c2cc(Cl)cc(NC(=O)OCc3cccc(NC4CNC5(Cc6ccccc6NC5=O)C4)c3)c2)c1,0,
73279,1,,,,,CC(CCCNC1CCC2(Cc3ccccc3NC2=O)N1)c1nc2cccc(C(=O)Nc3cccc(CN)c3)c2[nH]1,0,
73293,1,,,,,Cc1ccc(NC(=O)c2cc(Cl)cc3c(C(=N)NCCNC4CCC5(Cc6ccccc6NC5=O)N4)c[nH]c23)cc1C,0,
73305,1,,,,,CC1(C)Cc2cccc(NC(=O)c3cc(Cl)cc4c3cnn4C3CNC3CNC3CCC4(Cc5ccccc5NC4=O)N3)c2O1,0,
73328,1,,,,,O=C(CCc1cc(CNCNC2CCC3(Cc4ccccc4NC3=O)N2)cs1)Nc1ccc2c(c1)CNC2,0,
73421,1,,,,,NCc1ccc(CC(NC(=O)c2ocnc2CN)C(=O)N2CCCCC2)cc1,0,
73636,1,,,,,CN(CC1CCOC1)C1C(Cl)CNCN1CN=S(C)(=O)c1ccc(N2CCNCC2)cc1,0,
73683,1,,,,,Cc1cc(CO)c2cccc(CC(=O)N3CCC4CNCCN4c4ccc(S(C)(=O)=O)cc43)c2n1,0,
73697,1,,,,,CS(=O)(=O)c1ccc(N2CCNCC2)cc1C(=O)c1cc(Cl)cc(NC(=O)OCc2ccccc2)c1,0,
73755,1,,,,,CS(=O)(=O)c1ccc(N2CCNCC2)cc1C(=O)c1cccc2cn[nH]c12,0,
73756,1,,,,,CS(=O)(=O)c1ccc(N2CCNCC2)cc1C(C(=O)NCC(F)F)c1cc(Br)cc2[nH]cnc12,0,
73774,1,,,,,CS(=O)(=O)c1ccc(N2CCNCC2)cc1NC(=O)c1cccc2c(C#N)c[nH]c12,0,
73775,1,,,,,CS(=O)(=O)c1ccc(N2CCNCC2)cc1C(C(=O)NCC(F)F)c1cc(Br)ccc1OCc1ccccn1,0,
73807,1,,,,,CS(=O)(=O)c1ccc(N2CCNCC2)cc1NC(=O)c1cccc2c(C3CN(C4CCOCC4)C3)n[nH]c12,0,
73817,1,,,,,CS(=O)(=O)c1ccc(N2CCNCC2)cc1C(=O)c1cc(Cl)c2[nH]nc(CC3CNC3)c2c1,0,
73860,1,,,,,CS(=O)(=O)c1ccc(N2CCNCC2)cc1C(=O)c1cc(F)cc2c1ncn2C1CNC1,0,
73862,1,,,,,CS(=O)(=O)c1ccc(N2CCNCC2)cc1C(=O)c1cc(F)cc(-c2c[nH]c3ccccc23)c1,0,
73865,1,,,,,CS(=O)(=O)c1ccc(N2CCNCC2)cc1C(=O)c1cc(Cl)c2[nH]nc(N3CCOCC3)c2c1,0,
73931,1,,,,,Nc1nnc(-c2ccc(NC(=O)C3CCNCC3)s2)[nH]1,0,
73976,1,,,,,CC(C)CNC(=O)C(Nc1ccc2c(c1)CNC2)NC1CNNS12CCCC2c1nnc(N)[nH]1,0,
74016,1,,,,,Nc1nnc(-c2ccc(C(NOCc3ccccn3)(Nc3ccc4c(c3)CNC4)C(=O)NCC(F)F)s2)[nH]1,0,
74037,1,,,,,CN1CCC2(CC1)NNC(C)(CCCSCNC(=O)Nc1ccc3c(c1)CNC3)N2,0,
74044,1,,,,,O=C(Nc1ccc2c(c1)CNC2)c1ccc(-c2nnc3n2CCNCC3)s1,0,
74318,1,,,,,CNCc1cc(CN)c2c(C(=O)Nc3ccc4c(c3)CC(C)(C)O4)cc(C)cc2n1,0,
74379,1,,,,,OC1CNCCN1c1ccnc2ccccc12,0,
74386,1,,,,,Oc1cc(Nc2cc(N3CCNCC3)c3ccccc3n2)ccc1CNc1nc2ccccc2[nH]1,0,
74431,1,,,,,[NH3+]C(Cc1ccc2nccc(N3CCNCC3)c2c1)C(=O)[O-],0,
74461,1,,,,,O=C(Nc1ccc2c(c1)CNC2)c1cccc2c1c(N1CCNCC1)cc[n+]2[O-],0,
74475,1,,,,,CCCNC(=O)C(CCCCc1cc(N2CCNCC2CC)ccn1)Nc1ccc2c(c1)CNC2,0,
74560,1,,,,,CN1CCc2nc3cccc(C(=O)Nc4ccc5c(c4)CNC5)c3c(N3CCNCC3)c2CC1,0,
74564,1,,,,,O=C(Nc1ccc2c(c1)CNC2)c1cccc2ncc(CC3CNC3)c(N3CCNCC3)c12,0,
74590,1,,,,,CNCc1cc(N2CCNCC2)c2c(C(=O)Nc3ncccn3)cc(F)cc2n1,0,
74601,1,,,,,O=C(Nc1ccc2c(c1)CNC2)c1cccc2nc3c(c(N4CCNCC4)c12)CNC3,0,
74614,1,,,,,CC(=O)NC(CCCN)C(=O)Nc1cccc2c(NO)nn(C)c12,0,
74617,1,,,,,CC(C)Nc1nnc2ccccn12,0,
74668,1,,,,,Cn1cc(NC(=O)c2cccn3c(N)nnc23)cn1,0,
74716,1,,,,,Nc1nnc2c(C(=O)Nc3ccc4c(c3)CNC4)cc(Br)cn12,0,
74717,1,,,,,Nc1nnc2c(C(Nc3ccc4c(c3)CNC4)C(=O)NCC(F)F)cc(Cl)cn12,0,
74742,1,,,,,Nc1nnc2n1CC(Cl)C(C(=O)Nc1ccc3c(c1)CNC3)C21CCNC1,0,
74785,1,,,,,Nc1nnc2c(OCc3ccccn3)c(C(Nc3ccc4c(c3)CNC4)C(=O)NCC(F)F)c(Br)cn12,0,
74803,1,,,,,CNCN1NC2C(C(=O)Nc3ccc4c(c3)CNC4)CC(Cl)CN2C1N,0,
74899,1,,,,,O=C(NC1CCNc2cccnc21)c1ccncc1F,0,
74983,1,,,,,CCN(C)C1CCCN2CCCC12,0,
75046,1,,,,,NCc1cccc2c1CCC(Cl)N2C(=O)Nc1ccc2c(c1)CNC2,0,
75071,1,,,,,CNCN1CCC(OCNc2ccccc2)C2NC(Cl)CCC21,0,
75096,1,,,,,CN1CC(c2cc3c4c(c(C(=O)Nc5ccc6c(c5)CNC6)ccn24)NCC3)C1,0,
75097,1,,,,,O=C(Nc1ccc2c(c1)CNC2)N1C2=C(CCC1O)NC1(CCCCC1)CC2,0,
75101,1,,,,,Cc1cc2c3c(c(C(=O)Nc4ccc5c(c4)CNC5)ccn13)NCC2,0,
75105,1,,,,,CCNc1nn2ccc(C(=O)Nc3ccc4c(c3)CNC4)c3c2c1CCN3,0,
75194,1,,,,,Cc1cc(OCC2C(O)C(=O)CCC23CCNCCC32CCCCN2)n2ncnc2n1,0,
75219,1,,,,,Cn1oc(C(=O)NNC2CC(=O)CCN2c2ccccc2C(=O)NC(C)(C)CO)cc1=O,0,
75282,1,,,,,O=C1CCN(c2ccccn2)C(C(=O)Nc2cnc3c(c2)CNC3)C1,0,
75341,1,,,,,NCc1ccccc1N1CCC(=O)CC1C(=O)Nc1ccc2c(c1)CCCC2,0,
75377,1,,,,,CC1(N2CCC(=O)CC2C(=O)Nc2ccc3c(c2)CNC3)CCCCN1NC1CNC1,0,
75420,1,,,,,CNCC1CN(C(C)CN)Cc2ccsc21,0,
75473,1,,,,,NCCc1cccc(NC=NC2CN3C(C(=O)C(Cc4ccccc4)C3CN)c3cc(Cl)sc32)c1,0,
75484,1,,,,,CC(CN)N1Cc2ccsc2C(NC(=O)Nc2ccc3c(c2)CNC3)C1,0,
75516,1,,,,,COc1cc(-c2cc(NC=NC3CN(C(C)CN)Cc4cc(F)sc43)cc3c2CNC3)ccn1,0,
75524,1,,,,,CC(CNCOC(F)CNC(=O)CNc1cnc2c(c1)CNC2)C1Cc2csc3c2C(C1)NCC3,0,
75555,1,,,,,CC(CN)N1CC(NC(=O)Nc2ccc3c(c2)CNC3)c2sccc2C12CCNCC2,0,
75565,1,,,,,CC(C)NC(=O)C(Nc1ccc2c(c1)CNC2)C1CN(C(C)CN)Cc2ccsc21,0,
75668,1,,,,,COC1CCC2(CCC(C#N)CC2C(=O)Nc2cnn(C)c2)CN1,0,
75716,1,,,,,CC(C)c1nc2cc(C#N)cc(C(=O)Nc3cccc(CN)c3)n2n1,0,
75740,1,,,,,N#Cc1cc(C(=O)Nc2ccc3c(c2)CNC3)n2nc(C(F)(F)F)nc2c1,0,
75862,1,,,,,CN1C(C(=O)Nc2ccc3c(c2)CNC3)CC(C#N)CC12CCNN2,0,
76042,1,,,,,C=Cc1cn2c(c1C(=O)Nc1ccc3c(c1)CNC3)CC(C)(OCCOC)C2=O,0,
76090,1,,,,,CN(CN1CCc2cccc(C(=O)Nc3ccc4c(c3)CNC4)c21)C1CCOCC1,0,
76094,1,,,,,O=C(Nc1ccc2c(c1)CNC2)c1cc2ccc3cc(CC4CCNCC4)c(c1)n23,0,
76127,1,,,,,NCn1cc2c3c(cc(C(=O)Nc4ccc5c(c4)CNC5)cc31)C=C2,0,
76312,1,,,,,O=C(Nc1ccc2c(c1)CNC2)n1cc(Br)cc2c3c(nc1-2)CCC3,0,
76325,1,,,,,CC(C#N)(CN)CC(Br)CNC(=O)Nc1ccc2c(c1)CNC2,0,
76337,1,,,,,CCc1ccc(Br)cc1C(Nc1ccc2c(n1)CNC2)C(=O)NCC(F)F,0,
76486,1,,,,,C=Cc1cc(C(=O)Nc2cc(N)ccc2C)c(C)n1C,0,
76605,1,,,,,CCSCC(C(=O)Nc1ccc2c(c1)CNC2)N(C)NC#N,0,
76620,1,,,,,C=CC1CC(C(CC(=O)O)Nc2ccc3c(c2)CNC3)N2CNNN12,0,
76667,1,,,,,C=CC1=NC=C(C2CNC2)N(C)C(C(=O)Nc2ccc3c(c2)CNC3)=C1,0,
76682,1,,,,,C=CC1CC(C(=O)Nc2ccc3c(c2)CNC3)N(C)C12CCNN2,0,
76702,1,,,,,C=CC(CNC)Cc1cccc(OC)c1,0,
76707,1,58,5.0,121.0,20.0,C=Cc1cc(C)cc(N)c1,0,C76707 Enamine:sRDB:Z2178750781 5.0mg @ 90% = €121.00 EUR (20 days) C=CC=1C=C(C)C=C(N)C1
76716,1,42,5.0,78.0,10.0,C=Cc1cccc(C)c1,0,C76716 Enamine:Advanced:Z957339656 5.0mg @ 90% = €78.00 EUR (10 days) C=CC=1C=CC=C(C)C1
76719,1,,,,,C=Cc1cc(C)cc(CNO)c1,0,
76725,1,,,,,C=Cc1cn(C=[SH](C)=O)c2ccccc12,0,
76839,1,,,,,C=Cc1ccc2c(c1C(=O)Nc1ccc3c(c1)CNC3)NCC2C(C)(C)S(C)(=O)=O,0,
76842,1,,,,,NCCC1Cc2ccc(C(=O)Nc3ccc4c(c3)CNC4)cc2C1,0,
76880,1,,,,,C=CCC(C(=O)Nc1cnc2c(c1)CNC2)N(C)CC(C)C(N)=O,0,
76951,1,,,,,C=CC(CC)C(C(Nc1ccc2c(c1)CNC2)C(=O)NC(C)C)N(C)NCc1ccccc1,0,
77066,1,,,,,O=C1CCC2(CN(O)C3(CSCN3)N2)C(C(=O)Nc2ccc3c(c2)CNC3)N1,0,
77069,1,,,,,O=C(Nc1ccc2c(c1)CNC2)c1cc2c(c(C(=O)c3cscn3)c1)CCC2=O,0,
77177,1,,,,,CC1(C)Cc2cc(NC(=O)C3NC(=O)CCC34CC(O)C3(CSCN3)N4C3CNC3)ccc2O1,0,
77186,1,,,,,O=C1CCC2(CC(O)C3(CSCN3)N2C2CNC2)C(C(=O)Nc2ccc3c(c2)CN(CC(F)F)C3)N1,0,
77200,1,,,,,CSc1ncc(NC2(C)CCC(=O)NC2C(=O)Nc2ccc3c(c2)CNC3)nc1C,0,
77253,1,,,,,CC(=O)Nc1ccc(CCNC(C)c2cn(-c3ccccc3)nn2)cc1C,0,
77333,1,,,,,CCN(c1ccc2c(c1)CNCCO2)C1CCCC2=C1CCNC2,0,
77334,1,,,,,CCN(c1ccc2c(c1)CNC2)C1CCCC2=C(CCNC2)C1,0,
77420,1,,,,,CCNCc1ccc(C(N)CN(CC(=O)NCC(F)F)c2ccc3c(c2)CNC3)cc1,0,
77582,1,,,,,NCCc1cccc(NC=CC2=C(CC(O)COCc3ccccc3)C(=O)N=N2)c1,0,
77605,1,,,,,CC(C)CNC(=O)C(Nc1ccc2c(c1)CNC2)N1NC(=O)C(CCO)C12CNNC2,0,
77723,1,,,,,O=C(CC1=C(CCO)C(=O)N=N1)Nc1ccc2c(c1)CNC2,0,
77734,1,,,,,C=CNc1cccc(CNC)c1,0,
77746,1,,,,,NC#Cc1n[nH]c2ccccc12,0,
77764,1,,,,,CC(NCCCn1nc2ccccc2c1C#N)c1cn(-c2ccccc2)nn1,0,
77807,1,,,,,CCOC(=O)C1CC2(C#N)C3OCNC3C3CCCC(C1N)C32,0,
77878,1,,,,,N#CCNNc1ccc(C(Nc2ccc3c(c2)CNC3)C(=O)NCC(F)F)c(NCN)c1,0,
77891,1,,,,,Cc1cc(CN)cc(NC(=O)c2cccc3[nH]nc(C#N)c23)c1,0,
77908,1,,,,,CCC(C#N)c1c(NO)cccc1C(=O)Nc1ccc2c(c1)CNC2,0,
77973,1,,,,,CNCn1nc2cc(Cl)cc(C(=O)Nc3cc[nH]n3)c2c1C#N,0,
78039,1,,,,,CC1CC2=C3N(CC(C(=O)Nc4cnn5c4CNCC5)N3C1)NC2,0,
78078,1,,,,,CC1CCC(C(=O)Nc2cccc(CN)c2)C2=C(C1)CN(N1CCCC1)N2CC(=O)O,0,
78084,1,,,,,Cc1cc(C(Nc2ccc3c(c2)CNC3)C(=O)NCC(F)F)c2c(cnn2CC(=O)O)c1,0,
78114,1,,,,,Cc1c(CC(C)C(=O)Nc2ccc3c(c2)CNC3)ccc(CNNCC(=O)O)c1CCN,0,
78168,1,,,,,Cc1cc2c(c(C(=O)Nc3ccc4c(c3)CNC4)c1)N(CC(=O)O)C1(CCNCC1)C2,0,
78188,1,,,,,CNCc1nc(CC(=O)O)c2n(C(=O)Nc3cc(F)cc(N4CCCC4)c3)cc(C)cc1-2,0,
78220,1,,,,,Cc1cc(C(=O)Nc2ccc3c(c2)CNC3)c2c(c1)C1(CCNC1)NN2CC(=O)O,0,
78380,1,,,,,N#CC1CNC2COCC3NCCC132,0,
78389,1,,,,,CC(=O)NC(O)(Nc1ccc(F)cc1)c1nccn1NNCC1CNC1,0,
78450,1,,,,,CC(=O)NC(O)(Nc1ccncn1)C1NC(F)CC12CCNN2C1CNC1,0,
78464,1,,,,,CC(=O)NC(O)(Nc1ccc2c(c1)CNC2)C1NCCC12CCC(c1cnccc1C)N2,0,
78518,1,,,,,CNc1nccc2cccc(C(=O)Nc3ccncc3C)c12,0,
78588,1,,,,,CNc1nccc2cc(Cl)cc(C(=O)Nc3ccc4c(c3)CNC4)c12,0,
78593,1,,,,,CNCNCCc1ccc(C(C)C(=O)Nc2ccc3c(c2)CNC3)cc1,0,
78598,1,,,,,CNc1nccc2cc(Cl)cc(C(Nc3ccc4c(c3)CNC4)C(=O)NCC3CCOCC3)c12,0,
78629,1,,,,,CNC1(OC)C(=O)CCc2cccc(C(=O)Nc3ccc4c(c3)CNC4)c21,0,
78649,1,,,,,CNC1NCC(=O)C2CCCC(C(=O)Oc3ccc4c(c3)CNC4)C12,0,
78655,1,,,,,CNCc1cc2cc(Br)cc(C(=O)Nc3ccc4c(c3)CNC4)c2c(NC)n1,0,
78675,1,,,,,CNC1C2C(C(=O)Nc3ccc4c(c3)CNC4)CCCC2C(O)C2CCNCN21,0,
78676,1,,,,,CNC1NC2(CCN(C)CC2)Cc2cccc(C(=O)Nc3ccc4c(c3)CNC4)c21,0,
78703,1,,,,,CNc1nc(NC(C)C)cc2cccc(C(=O)Nc3ccc4c(c3)CNC4)c12,0,
78748,1,,,,,NS(=O)(=O)c1cc(C(=O)c2cscn2)c2[nH]c(=O)sc2c1,0,
78857,1,,,,,c1nc2ccc(Cc3ccc4c(c3)CNC4)cc2s1,0,
78864,1,,,,,NCC1C=c2cc(CNN)cc(S(N)(C(=O)NCC3CCCO3)c3ccc4c(c3)CNC4)c2=C1,0,
78932,1,,,,,NS(=O)(=Nc1ccc2c(c1)CNC2)C1CC2C(CCC2C2CCNCC2)C[SH]2CCCC12,0,
78964,1,,,,,CC1CCC2C[SH]3CCCC3C(S(N)(=O)=Nc3ccc4c(c3)CNC4)CC12,0,
79007,1,,,,,CCOC1CCC2CCCC3CCCC1C32,0,
79027,1,,,,,Cc1ccc2cccnc2c1C1(O)CCOC1C,0,
79167,1,,,,,CS(=O)(=O)c1cccc2cccc(C(=O)Nc3cnc4c(c3)CNC4)c12,0,
79181,1,,,,,CN(c1ccc2c(c1)CNC2)C(C(=O)NCC(F)F)c1cc(Cl)cc2cccc(S(C)(=O)=O)c12,0,
79261,1,,,,,Cc1cccc(O)c1NC(=O)c1c(F)cncc1CCNCS(=O)(=O)c1nccn1Cc1cscn1,0,
79264,1,,,,,CN(CCS1=CNC(Cn2ccnc2S(C)(=O)=O)=C1)C(=O)N1CCNCC1,0,
79426,1,,,,,CS(=O)(=O)C1NCCC12CC1(CCN2)CSCN1C(Nc1ccc2c(c1)CNC2)C(=O)NCC1CCCO1,0,
79446,1,,,,,CCc1c(Cn2ccnc2S(C)(=O)=O)csc1C(Nc1ccc2c(c1)CNC2)C(=O)NCC(F)F,0,
79457,1,,,,,CC1N=S(C)(=O)C2NCCN2CC2CSC(C(Nc3ccc4c(c3)CNC4)C(=O)NCC(F)F)N2O1,0,
79530,1,,,,,CS(=O)(=O)c1nccn1C(N)c1csc(CCC(=O)Nc2ccc3c(c2)CNC3)n1,0,
79587,1,,,,,Cc1cc(COCNC(C)c2cn(-c3ccccc3)nn2)c2cccc(CC(=O)N3CCC(CN)C3)c2n1,0,
79591,1,,,,,CC(NCN(c1nc2cc(C(=O)Nc3c[nH]c(C(N)=O)c3)ccc2[nH]1)C(C)C)c1cn(-c2ccccc2)nn1,0,
79720,1,,,,,CC1CC2(CC(NCO)CCN2O)c2cc(O)cc(Cc3ccccc3C(=O)N3CCC(N)C3)c2N1,0,
79737,1,,,,,O=C(Nc1cc(N=[SH](=O)NC2CCNCC2)cc(C(=O)Nc2ccc3c(c2)CNC3)c1)OCc1ccccc1,0,
79780,1,,,,,O=C(NCC(F)F)C(Nc1ccc2c(c1)CNC2)c1cc(N=[SH](=O)NC2CCNCC2)cc(C(F)F)c1,0,
79795,1,,,,,CC(CC(c1cn[nH]c1)C(CC(=O)O)Nc1ccc2c(c1)CNC2)N=[SH](N)=O,0,
79798,1,,,,,CCC(C)C(Nc1ccc2c(c1)CNC2)C(=O)NC(C)C,0,
79800,1,,,,,CC(CC1CCNS(=O)O1)C(=O)Nc1ccc2c(c1)CNC2,0,
79819,1,,,,,CCNCc1cc(C(CC(O)CO)C(=O)Nc2ccc(C3CCOC3)cc2F)c[nH]1,0,
79875,1,,,,,Oc1cc(NCn2ccc3c(C4CCCNC4)cccc32)ccc1CNc1nc2ccccc2[nH]1,0,
79933,1,,,,,CCNc1cccc(C2(CC(N)OC)CNCC3(CCNC(N4CCNCC4)C3)C2)c1,0,
80045,1,,,,,CNCn1ccc2c(C3CNCC4CCCCCC43)cc(Cl)cc21,0,
80074,1,,,,,NC(=O)CCC1CCC2(CC1)Cc1c(cccc1C1CNCC3CC4=C(CCC31)CNC4)N2,0,
80131,1,,,,,CN(CC1CCOC1)c1nc(CCNc2ccc(CNc3nc4ccccc4[nH]3)c(O)c2)ncc1Cl,0,
80143,1,,,,,COCc1cc(-c2ccccc2C(=O)Nc2cn(C)nc2Nc2ccc(O)c(CNc3nc4ccccc4[nH]3)c2)ccn1,0,
80166,1,,,,,CCOC(=O)c1cnc2c(C#N)cccc2c1NCNc1ccc(O)c(CNc2nc3ccccc3[nH]2)c1,0,
80170,1,,,,,O=C(Nc1cccc2cccnc12)C1CCNCC1CCNc1ccc(O)c(CNc2nc3ccccc3[nH]2)c1,0,
80171,1,,,,,CC(=O)NC(CCCC[NH3+])C(=Nc1ccc(CNc2nc3ccccc3[nH]2)c(O)c1)Nc1cccc2cccnc12,0,
80188,1,,,,,O=C(Nc1ccccn1)c1[nH]c(C2CCCNC2)nc1Cc1ccc(O)c(CNc2nc3ccccc3[nH]2)c1,0,
80205,1,,,,,Oc1ccc(NCN=C(Nc2ccc3c(c2)CNC3)c2cc(F)cc3[nH]ncc23)cc1CNc1nc2ccccc2[nH]1,0,
80222,1,,,,,O=C(Nc1cc2c(cc1CNc1ccc(O)c(CNc3nc4ccccc4[nH]3)c1)CNC2)c1cccc2[nH]c(C(F)(F)F)nc12,0,
80231,1,,,,,Oc1ccc(NCN=C(Nc2ccc3c(c2)CNC3)c2ccc3ncccc3c2)cc1CNc1nc2ccccc2[nH]1,0,
80240,1,,,,,O=C(Nc1cc2c(c(C3=C(Nc4cccc(O)c4CNc4nc5ccccc5[nH]4)CS(=O)(=O)CC3)c1)CNC2)c1cc(F)cc2n[nH]cc12,0,
80272,1,,,,,O=C(NCC(F)F)C(Nc1cc2c(cc1CNc1ccc(O)c(CNc3nc4ccccc4[nH]3)c1)CNC2)c1cc(Br)ccc1OCc1ccccn1,0,
80282,1,,,,,O=C(Nc1cc2c(cc1CNc1ccc(O)c(CNc3nc4ccccc4[nH]3)c1)CNC2)c1cccc2c(C3CNC3)[nH]nc12,0,
80283,1,,,,,O=C1Cc2c(cccc2C(=O)Nc2cnn(Cc3ccncc3)c2CNc2ccc(O)c(CNc3nc4ccccc4[nH]3)c2)N1,0,
80349,1,,,,,O=C(Nc1cc2c(cc1CNc1ccc(O)c(CNc3nc4ccccc4[nH]3)c1)CNC2)c1cc(Cl)cc2c1cnn2C1CCCNC1,0,
80354,1,,,,,Oc1ccc(NCN=C(Nc2ccc3c(c2)CNC3)c2cc(F)cc(-c3cncs3)c2)cc1CNc1nc2ccccc2[nH]1,0,
80407,1,,,,,COc1cc(-c2ccccc2C(=O)Nc2cnn(C)c2)c(CNc2ccc(CNc3nc4ccccc4[nH]3)c(O)c2)cn1,0,
80502,1,,,,,O=C(Nc1ccc2c(c1)CNC2)c1ccc2c(c1)CC(=NCNc1cccc(CNc3nc4ccccc4[nH]3)c1O)N2,0,
80542,1,,,,,CC(Cc1ccc(CNc2nc3ccccc3[nH]2)c(O)c1)n1ncc2c(C(=O)Nc3ccc4c(c3)CNC4)cccc21,0,
80578,1,,,,,O=C(Nc1ccc2c(c1)CNC2)c1cc(Cl)c2n[nH]c(CC3(CNc4ccc(CNc5nc6ccccc6[nH]5)c(O)c4)CNC3)c2c1,0,
80579,1,,,,,O=C(Nc1ccc2c(c1)CNC2)c1cc(F)cc(-c2cnn(Nc3ccc(CNc4nc5ccccc5[nH]4)c(O)c3)c2)c1,0,
80591,1,,,,,O=C(Nc1ccccn1)c1cc(Cl)cc2c1cnn2CCNc1ccc(CNc2nc3ccccc3[nH]2)c(O)c1,0,
80602,1,,,,,O=C(Nc1ccc2c(c1)CNC2)c1cc(F)cc(-c2ccn(Nc3ccc(CNc4nc5ccccc5[nH]4)c(O)c3)n2)c1,0,
80641,1,,,,,O=C(c1ccncc1F)n1ccc2c1C(O)CCC21CCCNC1,0,
80693,1,,,,,NCc1ccc(CC(NC=Cc2cccc(O)c2NC(=O)c2ccncc2F)C(=O)N2CCCCC2)cc1,0,
80760,1,,,,,O=C(NC1C(O)CCC(C(Nc2ccc3c(c2)CNC3)C(=O)NCC(F)F)C12CNCN2)c1ccncc1F,0,
80764,1,,,,,CCC1(C)C(C(Nc2cnc3c(c2)CNC3)C(=O)NCC(F)F)CCC(O)C1NC(=O)c1ccncc1F,0,
80783,1,,,,,O=C1NCc2cc(NC(=O)C3CCC(O)C4C3CC3=NC5CNCCC5C(=O)N34)ccc21,0,
80796,1,,,,,CC1c2cnccc2C(=O)NC12C(O)CCC(C(Nc1ccc3c(c1)CNC3)C(=O)NCCCF)C2C,0,
80799,1,,,,,O=C(Nc1ccc2c(c1)CNC2)C1CCC(O)C2=C1CC1(CCNCC1F)C(O)N2,0,
81082,1,,,,,CN=C1CCC1C1CCNCC1NCC1COCC1N=CNc1ccc2c(c1)CNC2,0,
81256,1,,,,,N#Cc1ccc(C(=O)Nc2ccc3c(c2)CNC3)c2c1nc(C(N)=O)n2C(F)F,0,
81303,1,,,,,CC(Oc1cc(C(Nc2ccc3c(c2)CNC3)C(=O)NCC(F)F)ccc1C#N)C(N)=O,0,
81481,1,,,,,CC(=O)NC(CCCC[NH3+])C(=O)NC1CCCC(CC(=O)N(C)C)c2cccc(F)c21,0,
81550,1,,,,,CN(C)C(=O)Cn1ncc2c(C(=O)Nc3cc4c(cc3C#N)CNC4)c(F)ccc21,0,
81562,1,,,,,CN(C)C(=O)COC1CCC(Br)C(F)(C(Nc2ccc3c(c2)CNC3)C(=O)NCC(F)F)C12CNCN2,0,
81615,1,,,,,CN(C)C(=O)CC(Cc1ccc(Cl)c(F)c1C(=O)Nc1ccc2c(c1)CNC2)C1CCNCC1,0,
81622,1,,,,,CCC(CC(C)C(C=O)(CC(=O)N(C)C)C1CCNCC1)C(=O)Nc1ccc2c(c1)CNC2,0,
81644,1,,,,,CN(C)C(=O)Cc1c(-c2ccccc2)ncc2c1CCC(O)C2(F)C(=O)Nc1ccc2c(c1)CNC2,0,
81697,1,,,,,Cn1cc(C(F)(F)F)nc1C1(N)CCCNC1,0,
81698,1,,,,,Cn1cc(C(F)(F)C(C)(O)c2ccc(N3CCNCC3)cc2)nc1C1CCCNC1,0,
81721,1,,,,,Cc1cc(C(F)(F)F)n(N(C)CC2CCOC2)c1C1(NCl)CCCNC1,0,
81726,1,,,,,Cn1cc(C(F)(F)Oc2cnn3c2CNCC3)nc1C1CCCNC1,0,
81777,1,,,,,CC(N)c1ccc(OC(F)(F)c2cn(C)c(C3CCCN(Cc4ccccc4)C3O)n2)cc1,0,
81852,1,,,,,CN1CC(C(F)(F)Oc2ccc3c(c2)CNC3=O)NC12CCC1(O)NCCCC12,0,
81895,1,,,,,CC(C)N1CCCC(c2nc(C(F)(F)Oc3ccc4c(c3)CNC4)cn2C)C1,0,
81902,1,,,,,Cn1cc(C(F)(F)Oc2ccc3c(c2)CNC3)nc1C1CCCNC12CCNC2,0,
82047,1,,,,,COc1cc(OCNc2cc(C)cc(CN)c2)nc(N2CCNCC2)n1,0,
82064,1,,,,,COC1CC(C(=O)Oc2ccc3c(c2)CNC3)NC2N1NC(=O)C21CCNCC1,0,
82074,1,,,,,CCCC1NCCn2c1cc1c(C(=O)Nc3ccc4c(c3)CNC4)cc(OC)nc12,0,
82270,1,,,,,CNC(Nc1ccc2c(c1)CNC2CC(=O)O)c1nnc2ccc(Cl)cn12,0,
82390,1,,,,,Cc1ccc(C#N)cc1CCNCc1cnn2c1CNCC2,0,
82392,1,,,,,C=Cc1cccc(CCCNCc2cnn3c2CNCC3)c1,0,
82396,1,,,,,Cc1cnc2c(cnn2CC(O)=NCCNCc2cnn3c2CNCC3)c1,0,
82444,1,,,,,Cc1cc(CO)c2cccc(NC(=O)C3CCNC4(C3)NCCn3ncc(C)c34)c2n1,0,
82496,1,,,,,CCCNC(=O)C(Cc1cnn2c1CNCC2)c1cc(Cl)cc2[nH]ncc12,0,
82540,1,,,,,O=C(O)CC1CNCc2c(CC(=O)c3cc(Cl)cc4[nH]ncc34)cnn21,0,
82587,1,,,,,CC1NCc2c(CC(=O)c3cc(Cl)cc4c3cnn4C3CNC3)cnn2C1C,0,
82636,1,,,,,Cc1cnn2c1CNC1NCCCC12C(N)=O,0,
82819,1,,,,,CNCN1CCN2C(C1)C(C)CN2C(=O)Nc1ccccc1,0,
82855,1,,,,,Cc1cn(C(Nc2ccc3c(c2)CNC3)C(=O)NC(C)C)c2c1CNC1(CCCCC1)C2,0,
82865,1,,,,,CNCc1cccc(NC(=O)n2cc(C)c3c2CCN(CNC)C3)c1,0,
82918,1,,,,,CNc1ccc(C2CCCCC2(Nc2cnn(C)c2)C(=O)N2CCNCC2)cn1,0,
83034,1,,,,,O=C(NCC(F)F)C(Nc1ccc2c(c1)CNC2)c1ccccc1C(F)(F)N1CCNCC1,0,
83051,1,,,,,CCCC(C(=O)Nc1ccc2c(c1)CNC2)c1cn(C2CNC2)c(CNCC)n1,0,
83055,1,,,,,CC1CC(C(=O)Nc2ccc3c(c2)CNC3)CC23CCNC4(CCN(C)CC4)C2NC1N3O,0,
83057,1,,,,,O=C(Nc1ccc2c(c1)CNC2)c1cccc2c1C(O)NC21CCNCC1,0,
83066,1,,,,,CC1CC(C(=O)Nc2ccc3c(c2)CNC3)CC2(CCNC3(CCCNC3)C2)C1,0,
83086,1,,,,,CC1(C)Cc2cc(NCOC3CCC4(CCNCC4)NCC(O)C3)ccc2O1,0,
83089,1,,,,,CCCC(C(=O)Nc1ccc2c(c1)CN(C)C2)c1c[nH]c(CNCC)n1,0,
83152,1,,,,,CNc1nc(CNc2cc(NC(C)=O)cc(NC(=O)COC)c2)cc2ccccc12,0,
83186,1,,,,,COCC(=O)Nc1cc(NCc2cc(C)nc3c(NC(=O)C(CCCC[NH3+])NC(C)=O)cccc23)cc(NC(C)=O)c1,0,
83187,1,,,,,COCC(=O)Nc1cc(NCCc2ccnc3c(NC(=O)C(CCCN)NC(C)=O)cccc23)cc(NC(C)=O)c1,0,
83247,1,,,,,COCC(=O)Nc1cc(NNCCc2csc3cc(C(=O)Nc4ccc5c(c4)CNC5)ccc23)cc(NC(C)=O)c1,0,
83322,1,,,,,COCC(=O)Nc1cc(NC(C)=O)cc(NN2CC(n3ncc4c(C(=O)Nc5ccc(C6CCOC6)cc5F)cc(Cl)cc43)C2)c1,0,
83354,1,,,,,COCC(=O)Nc1cc(NCNCc2csc(CCC(=O)Nc3ccc4c(c3)CNC4)c2)cc(NC(C)=O)c1,0,
83384,1,,,,,CC(=O)NC1CCCC2(CCC(C)NC2)C1,0,
83563,1,,,,,CC(=O)NC1CCC2CC3C(C(=O)Cc4cccc5c4OC(C)(C)C5)CCCC3C2C1,0,
83674,1,,,,,CC1CC(CO)C2(CCCCC2C(=O)N(C=O)C2CNN(C)C23CCNC3)C(F)N1,0,
83685,1,,,,,NCC1CCC2(C1)CC1(C(=O)N3CCCCC3)OC(CN2)N1C(=O)c1ccccc1C(F)(F)F,0,
83779,1,,,,,O=C(NC1CNC2(CCNC2=O)C1)c1cccc2c1C(F)(F)CN2,0,
83792,1,,,,,O=C(NC1CNC2(CCNC2)C1)C1CCCCC12CC(CF)NN2C1CNC1,0,
83795,1,,,,,CN1CCC(C(CF)Cc2cccc(C(=O)NC3CNC4(CCNC4)C3)c2)C(CF)C1,0,
83808,1,,,,,CN1CCC(CN(OCF)c2cccc(C(=O)NC3CNC4(CCNC4)C3)c2)C(F)C1,0,
83823,1,,,,,CC(=O)Nc1cccc(C(=O)NC2CNC3(CCN(C)C3)C2)c1C(F)(F)F,0,
83827,1,,,,,CC1(C)CCC2(CC(NC(=O)C3CC(Cl)CCC34CC(F)(F)NN4C3CNC3)CN2)O1,0,
83869,1,,,,,Cc1ccncc1-c1cc(OCF)c2c(C(=O)NC3CNC4(CCNC4)C3)cccc2n1,0,
83958,1,,,,,COc1cncc(-c2ccccc2C(=O)N(C=O)c2cc(C)n(N)c2)c1CO,0,
83993,1,,,,,COc1cncc(-c2cc(C#N)ccc2C(=O)NC2CN(C)C3(CCNC3)C2)c1,0,
84007,1,,,,,COc1cnc2c(c1)C1=C3C(CCC1)COCC3OC1N=CN(C3CN4COC5CNCC54C3)C21,0,
84025,1,,,,,COC1CNCC2(C1)NNC1CC(F)CC3(C(=O)NC4CC5(CCOCC5)C5(CNCC5C)C4)OCCC123,0,
84043,1,,,,,COCCOc1cc(OC)cc(-c2ccccc2C(=O)NC2CN(C)C3(CCNC3)C2)c1C,0,
84088,1,,,,,COC1CNCC2(C1)NN(C1CNC1)c1cc(Cl)cc(C(=O)Nc3cnn(C)c3)c12,0,
84141,1,,,,,COOCOCCc1[nH]ccc1CC1CCCC(C)(C(=O)NC2CN(C)C3(CCNC3)C2)C1,0,
84146,1,,,,,CNCn1cc(NC(=O)c2cc(Cl)cc3c2C2(CNCC(OC)C2)NN3C2CNC2)cc1C,0,
84262,1,,,,,COCc1cc(-c2ccccc2C(=O)NC2CNC3(CCNC3)C2)cc(=O)[nH]1,0,
84338,1,,,,,COCC1CC2(CCN1)CCC(=O)Nc1cccc(C(=O)NC3CNC4(CCNC4)C3)c12,0,
84470,1,,,,,COc1cc(-c2ccccc2C(=O)Nc2cnn(C)c2)cc(N)n1,0,
84471,1,,,,,COc1cc(-c2c(C)cccc2C(=O)Nc2cn(N)c(C)c2C)ccn1,0,
84497,1,,,,,COc1cc(-c2ccccc2C(=O)NC2CC3(CCCNC3)N(C)C2C)ccn1,0,
84539,1,,,,,CN1C2=C(CCN2)C2CCCCC2C(O)(NC2CC3CNCC3C2)C(O)NCC2CC1CO2,0,
84553,1,,,,,COc1cc(-c2ccccc2C(=O)N(C(=O)NCC(F)F)C2CN(C)C3(CCNC3)C2)ccn1,0,
84645,1,,,,,COC1CC2(CCN1)NC(N)Sc1cccc(C(=O)NC3CN(C)C4(CCNC4)C3)c12,0,
84718,1,,,,,CC1CCC2(CC13CCCCC31NCCS1)NCc1cnccc1NC2=O,0,
84869,1,,,,,CC1CC2(CCOC2)CCC1NC(=O)c1cc(Cl)cc2c1CNC21NCCS1,0,
84947,1,,,,,CNCCc1ncn(CC(C)NC(=O)c2ccccc2-c2cnc(F)c(C)c2)n1,0,
84954,1,,,,,Cc1cc(C)c(-c2cnc(F)c(C)c2)c(C(O)(O)Nc2cnn(C)c2C)c1,0,
84966,1,,,,,Cc1cc(-c2c(C)cccc2C(=O)Nc2cn(N)c(C)c2C)cnc1F,0,
85003,1,,,,,CC1CC2(CNC1F)NNc1cc(Cl)cc(C(=O)NC3CN(C)C4(CNCCOC4)C3)c12,0,
85017,1,,,,,Cc1cc(-c2ccc(Cl)cc2C(=O)N(C(=O)NC2CCOCC2)C2CN(C)C3(CCNC3)C2)cnc1F,0,
85141,1,,,,,Cc1cc(-c2ccc(Cl)cc2C(=O)NC2CN(C)C3(CCNC3)C2)cnc1F,0,
85197,1,,,,,COC1CNCC2(C1)C(C(=O)Cc1nc(CN(C)C)sc1C)CC(Cl)CC2C(=O)NC(C)(C)CO,0,
85309,1,,,,,CC1CC2(NC(CC(=O)c3cc(Cl)cc4c(NC(C)(C)CO)n(O)cc34)CS2)C(CC(=O)O)N1,0,
85377,1,,,,,CC1CC2(CN1)NC(CC(=O)c1cc(Cl)c3c(NC(C)(C)CO)c(C4(O)CN(C)C4)[nH]c3c1)CS2,0,
85400,1,,,,,CC1CNCC12NC(C(=O)NC1CC(Cl)CC3(C1)CC(C1CCNC1)C(C(C)(C)CO)N3)CS2,0,
85428,1,,,,,CS(=O)(=O)c1ccc(N2CCNCC2)cc1NC(=O)c1cccc2c(N)cccc12,0,
85459,1,,,,,CCNC(OC)c1ccnc(CCCCC(=O)Nc2cc(N3CCNCC3)c(C)cc2S(C)(=O)=O)c1,0,
85464,1,,,,,COC1CCC2(CCNc3cccc(C(=O)Nc4cc(N5CCNCC5)ccc4S(C)(=O)=O)c32)N1,0,
85513,1,,,,,CC1CNCCN1c1ccc(S(C)(=O)=O)c(NC(=O)c2cccc3c2ccc[n+]3[O-])c1,0,
85515,1,,,,,CS(=O)(=O)C1NCC2C1N(C(=O)c1cccc3ncccc13)CCC1CNCCN12,0,
85535,1,,,,,CS(=O)(=O)c1ccc(N2CCNCC2)cc1NC(=O)c1cc2c(c3ncccc13)CC(F)(F)C2,0,
85551,1,,,,,CC(C)C1NNC2(CNc3cc(F)cc(C(=O)Nc4cc(N5CCNCC5)ccc4S(C)(=O)=O)c3C2)S1,0,
85561,1,,,,,CC1NC2CC(F)CC(C(=O)Nc3cc(N4CCNCC4)ccc3S(C)(=O)=O)C2C(OCCCO)C1=O,0,
85563,1,,,,,Cc1cc(N2CCNCC2N)cc(NC(=O)c2cccc3ncccc23)c1S(C)(=O)=O,0,
85568,1,,,,,CC(C)OC1NC2CC(F)CC(C(=O)Nc3cc(N4CCNCC4)ccc3S(C)(=O)=O)C2C(C)C1=O,0,
85579,1,,,,,CNCN1CCCC2C(C(=O)N3CCC4CNCCN4C4CNC(S(C)(=O)=O)C43)CCCC21,0,
85589,1,,,,,CS(=O)(=O)c1ccc(N2CCNCC2)cc1N1C(=O)c2c(c(Cl)cc3ncccc23)C1C(=O)NCC(F)F,0,
85592,1,,,,,CC1CNCCN1c1ccc(S(C)(=O)=O)c(NC(=O)c2cccc3c2CCC2(CCN(C)CC2)N3)c1,0,
85598,1,,,,,CCN1CCCC2(CNc3cccc(C(=O)Nc4cc(N5CCNCC5C)ccc4S(C)(=O)=O)c3C2)C1,0,
85599,1,,,,,CC1CNCCN1c1ccc(S(C)(=O)=O)c(NC(=O)c2cc(Cl)cc3c2CC2(CCCNC2)CN3)c1,0,
85613,1,,,,,CNCc1cccc2c(C(=O)NC3CC(N4CCNCC4)CCC34CC(C)C=C4O)cc(Cl)cc12,0,
85642,1,,,,,CS(=O)(=O)C1CCC2=C(CC3CNCCN23)C1N(N)C(=O)c1ccc(CN)c2ncccc12,0,
85716,1,,,,,COC1CCC2(CN1)NC(C)CC(N)c1cccc(C(=O)Nc3cnn(C)c3)c12,0,
85755,1,,,,,COc1ccc(-c2ccccc2C(=O)N(C(=O)NCC(F)F)C2CN(C)C3(CCNC3)C2)cn1,0,
85801,1,,,,,COc1ccc(-c2ccc(Br)cc2C(O)(NC2CN(C)C3(CCNC3)C2)C(=O)NCC(F)F)cn1,0,
85825,1,,,,,COC1CCC2(CN1)NCSc1cccc(C(O)(O)NC3CN(C)C4(CCNC4)C3)c12,0,
85832,1,,,,,CCC1(c2ccc(Cl)cc2C(=O)N(C(=O)NCC(F)F)C2CN(C)C3(CCNC3)C2)CCC(OC)NC1,0,
85870,1,,,,,CNCc1cc(OC)ncc1-c1ccc(Cl)cc1C(=O)NC1CN(C)C2(CCN(C)C2)C1,0,
85898,1,,,,,CN1CC(NC(=O)c2cccc3c2C2=C(CN3)C(CCN)NC2)CC12CCNC2,0,
85980,1,,,,,CN(C)Cc1cc(CNc2cc(Cl)c3ccc(C(C)(C)CO)c(O)c3c2)ccc1O,0,
85992,1,,,,,Cc1cc(NC(C)(C)CO)c2cc(Cl)cc(N3Cc4ccc(O)c5c4C(CCC5N(C)C)C3=O)c2n1,0,
86004,1,,,,,CC1CC(O)C2(CCCNC2)CC1C(=O)Nc1cc(Cl)cc(C(=O)NC(C)(C)CO)c1,0,
86005,1,,,,,COc1cc(CC2CCC(O)C3(CCNC(C)C3)C2)c2cc(Cl)c3c(c2n1)CC(NC(C)(C)CO)NC3,0,
86014,1,,,,,CNN1CCC2(CC(C(C#N)NC3CC(Cl)CC4=C3CNN4)CCC2O)C1,0,
86016,1,,,,,CNN1CCC2(CC(CC(=O)c3cc(Cl)cc4c3cc(O)n4NC(C)(C)CO)CCC2O)C1,0,
86057,1,,,,,COC1CC2(CCN1)CC(CC(=O)c1cc(Cl)cc3c1cnn3NC(C)(C)CO)CC1(CNCC1N(C)C)C2O,0,
86110,1,,,,,CN(C)C1CNCC12CC(CN(CC(=O)O)c1cc(Cl)cc3c1cnn3NC(C)(C)CO)CCC2O,0,
86155,1,,,,,CNN1CCC2(CC(CC(=O)c3cc(Cl)c4[nH]c(NC(C)(C)CO)cc4c3)CCC2O)C1,0,
86175,1,,,,,CNN1CCC2(CC(C(N)(O)N(C)c3cc(Cl)cc(C(=O)NC(C)(C)CO)c3)CCC2O)C1,0,
86335,1,,,,,CN1CC(NC2(O)CC3CCC4(CCC(CN)CC4)C3CCC3OCCN32)CC12CCNC2,0,
86379,1,,,,,CN(Cc1ccc2c(C(=O)NC3CN(C)C4(CCNC4)C3)cccc2n1)C1CCOCC1,0,
86410,1,,,,,CNCc1ccc2c(C(=O)Nc3cc(C)n(C)c3)cc(Cl)cc2n1,0,
86448,1,,,,,CCC(Nc1ccnc(CCCCC(=O)Nc2cc(N3CCNCC3)ccc2S(C)(=O)=O)c1)OC,0,
86459,1,,,,,Cc1cc(C(O)(O)N2CCC3=C2C(C)C(N2CCNCC2)CC3)c2cccnc2c1Cl,0,
86475,1,,,,,CS(=O)(=O)c1c(NC(=O)c2cc(Cl)cc3c(N)cccc23)cc(N2CCNCC2)c2nnnnc12,0,
86479,1,,,,,CS(=O)(=O)c1ccc(N2CCNCC2)cc1NC(=O)C1CC(Br)CC2NCC(=O)CC21,0,
86484,1,,,,,CS(=O)(=O)c1ccc2c(cc3n2CCNC3)c1NC(=O)c1cc2ccnc2c2[nH]cccc12,0,
86488,1,,,,,CCc1cc(C(=O)Nc2cc(N3CCNCC3)ccc2S(C)(=O)=O)c2cccc(C)c2c1,0,
86495,1,,,,,CS(=O)(=O)C1CC2SCCC3NC(N)CC3C2CC1n1[nH]c2ccc3ncccc3c2c1=O,0,
86552,1,,,,,CS(=O)(=O)c1ccc(N2CCNCC2)cc1NC(=O)c1cc(Cl)cc2c1CCC1COCC3NCCC213,0,
86577,1,,,,,Cc1ncc(-c2c(C(=O)Nc3cnn(C)c3)ccc(C)c2C)cn1,0,
86595,1,,,,,CC1NCC(C)(c2c(Cl)cccc2C(=O)Nc2cnn(C)c2)C2(CCOC2)N1,0,
86601,1,,,,,Cc1ncc(-c2ccccc2C(=O)NC(C)Cn2cnc(CCN)n2)cn1,0,
86715,1,,,,,CC1NCC2(CN1)NCc1cccc(C(=O)NC3CN(C)C4(CCNC4)C3)c12,0,
86720,1,,,,,CC1NCC2C3CC(C#N)CCCC4(C(O3)OC2N1)C(O)N4C1CN(C)C2(CCNC2)C1,0,
86757,1,,,,,CCn1cc(NC(=O)c2cc(Cl)ccc2-c2cnc(C)nc2CNC)cc1C,0,
86805,1,,,,,CN(C)Cc1cc(CNc2cc(Cl)c3c(NC(C)(C)CO)n(O)ncc2-3)ccc1O,0,
86825,1,,,,,CN(C)Cc1cc(CC(=O)c2[nH]c(Cl)c3nc(NC(C)(C)CO)ccc23)ccc1O,0,
86829,1,,,,,CN(C)Cc1cc(CNC2CC(Cl)CC3(C2)NCCC3C(C)(C)CO)ccc1O,0,
86858,1,,,,,CCN1CCC2(CC(CC(=O)C3CC(Cl)C4NCC(C(C)(C)CO)C(O)C4C3)CCC2O)C1,0,
86860,1,,,,,CC1N(C)CCC12CC(CN(C(=O)NCc1cccnc1)C1CC(Cl)CC(C(=O)NC(C)(C)CO)C13CNNC3)CCC2O,0,
86861,1,,,,,CCN1CCC2(CC(CC(=O)c3cc(Cl)c(C#N)c(C(=O)NC(C)(C)CO)c3)CCC2O)C1,0,
86864,1,,,,,CCN1CCC2(CC(CC(=O)c3cc(Cl)cc(C(N=O)NC(C)(C)CO)c3)CCC2O)C1,0,
86939,1,,,,,CC1C(c2[nH]nc3c(C(=O)Cc4cc(Br)c(O)c(CN(C)C)c4)cc(Cl)cc23)CN1CO,0,
86962,1,,,,,CC1C(n2ncc3c(C(=O)CC4CC(CN(C)C)C(O)CC45CCCC5=O)cc(Cl)cc32)CN1CO,0,
86973,1,,,,,CNC1CC2(CN1)CC(CC(=O)c1cc(Cl)c3nn(NC(C)(C)CO)c(OC4CCNCC4)c3c1)CCC2O,0,
86974,1,,,,,CNC1CC2(CN1)CC(CC(=O)c1cc(Cl)c3[nH]cc(C4CN(C)C4NC(O)C(C)C)c3c1)CCC2O,0,
87063,1,,,,,CC(O)(O)C(C(=O)c1cnn2c1CNCC2)c1cccc2ncccc12,0,
87080,1,,,,,NC1CC(C(=O)Nc2cnn3c2CNCC3)C2CCCC3CCCC1C32,0,
87123,1,,,,,O=c1cc2[nH]cc(Br)cc-2c(C(O)(O)Nc2cnn3c2CNCC3)c1,0,
87175,1,,,,,Cc1c(C(=O)Nc2cnn3c2CNCC3)c2ccc[nH]c-2c(OC(C)C)c1=O,0,
87212,1,,,,,CNCc1ccc2c3c(c(Cl)cnc13)CN(c1cnn3c1CNCC3)C2=O,0,
87238,1,,,,,O=C(Nc1cnn2c1CNCC2)C1CCC2NC(NC3CCC3)NN3CCCC1C23,0,
87258,1,,,,,O=C(Nc1cnn2c1CNCC2)C1CCC2(COCN2)c2ncccc21,0,
87262,1,,,,,NC1NC2CCC(C(O)(O)Nc3cnn4c3CNCC4)C3CCCN(S1)C23,0,
87280,1,,,,,CNc1ccc(-c2ccccc2C(=O)Nc2cnn(C)c2)c(CN)n1,0,
87287,1,,,,,CNC1CCC2(CN1)NC(N)c1cccc(C(=O)Nc3cnn(C)c3)c12,0,
87314,1,,,,,CNc1ccc(-c2c(OCC(=O)N(C)C)cccc2C(=O)Nc2cnn(C)c2)cn1,0,
87438,1,,,,,CNC1CC2=C(CN1)c1ccc(Cl)cc1C(N(C(=O)NCC(F)F)C1CN3COC4CNCC43C1)=NC2C(=O)O,0,
87483,1,,,,,CNCc1nc(NC)ccc1-c1ccc(Cl)cc1C(=O)NC1CN(C)C2(CCN(C)C2)C1,0,
87600,1,,,,,COC1NC2(CC3N(CCNC34CCNCC4)C2)NC(COc2cncnc2)C1OC,0,
87614,1,,,,,CNCC1CN(C2NC(OC)C3(CCNc4cncnc4CC(F)C3)C(C)N2O)CCN1,0,
87620,1,,,,,COCCCC(CC(C)F)C(NC(NO)N1CCNC2(CCNC2)C1)OC,0,
87654,1,,,,,COC1NC(N2CCNC3(CCCCN3)C2)NC2COC3CC(=O)CNC3CC2O1,0,
87671,1,,,,,COC1CC2CN(C3CNO3)CC2NCNCC(O)C(=O)COC(C)NC(N2CCNC3(CCNC3)C2)N1,0,
87686,1,,,,,CNCC1CN(C(NO)NC(OC)C(CCCOC)CC(C)Cl)CCN1,0,
87695,1,,,,,COC1NC(N2CCNC3(CCCC3)C2)NC2=C1CC(Cl)Cc1ncncc1NCC2,0,
87716,1,,,,,CNCC1CN(C(NCOC)N(O)C2CCCC(C3(NCN)CCCCC3)OC2)CCN1,0,
87743,1,,,,,Cc1cn2ccc(C(=O)Nc3c(C(=O)c4cscn4)c[nH]c(=O)c3C)cc2n1,0,
87832,1,,,,,Cc1cc2c(C(O)(O)c3ccn4cc(N(C)C)nc4c3)cccc2[nH]1,0,
87873,1,,,,,Cc1cncc(C(F)F)c1NC(O)(C(=O)NCC(F)F)c1ccc2c(c1)N=C1C=NC=C12,0,
87889,1,,,,,CNCn1ccc2c(C(N)(O)c3ccn4cc(C)nc4c3)cccc21,0,
87896,1,,,,,CCc1cc(NC(O)(C(=O)NCCCF)C2CCN3C4=CN=CC4NC3C2)c(C)cn1,0,
87938,1,,,,,NC(=O)CCC1CCC2(CC1)CC1=C(CCC1C(=O)c1ccc3c(c1)N=C1C=NC=C13)CN2,0,
88050,1,,,,,CCCCC1CCC2(Cc3nc(C(=CNc4ccc(CCN)cc4)Oc4cc(C)nc5ncnn45)cc(OC)c3C2)C(=O)OC1,0,
88071,1,,,,,COC1CC(C(=CNc2ccc3c(c2)CNC3)Oc2cc(C)nc3ncnn23)NC2N1NC(=O)C21CCNCC1,0,
88173,1,,,,,CCC1CN(c2nc(C(=CNc3ccc4c(c3)CNC4)Oc3cc(C)nc4ncnn34)cc(OC)c2N)CCN1,0,
88183,1,,,,,COc1cc(C(=CNc2ccc3c(c2)CNC3)Oc2cc(C)nc3ncnn23)nc2c1nc1n2C2(CCNC2)CNC1,0,
88247,1,,,,,CCC(=O)NC1CNCC(C(=O)Nc2ccnc(C)c2C)C12CCC(OC)NC2,0,
88264,1,,,,,CCOC(=O)C1CNC2=C(CNCC2NC(=O)CC)C1,0,
88279,1,,,,,CCC(N)C1=C(C)NC=C(C(CNC)C(=O)C2([O-])CCC3CC4(CCCNC4)CC(C)C32)C=C1,0,
88280,1,,,,,CCN1CCC(O)C2(C1)C(N)CNCC2C(=O)C(=O)C1CC2NCCCN2CC1C,0,
88291,1,,,,,Cc1cc(CCN)ccc1NC(=O)c1cc(Cl)cc(NC(N=O)C(C)Cc2ccccc2)c1,0,
88329,1,,,,,CCC(=O)Nc1cc(Cl)cc(C(O)(NC2CCC3(CCNC3)CC2C)C(=O)NCC2CCOCC2)c1NNC,0,
88340,1,,,,,CCC(N)n1cc(C(CN(N)F)C(=O)NC2Cc3cncn3C3(CCOCC3)C2C)cn1,0,
88346,1,,,,,CCC1(O)Cc2c(cncc2C(=O)Nc2cc(CN)ncc2C)N1,0,
88404,1,,,,,CCC(=O)N(F)c1cc(Cl)cc(C(O)(NC2CCC3(CCNC3)CC2C)C(=O)NC(C)C)c1,0,
88542,1,,,,,CNc1nc2cccc(CC(=O)CCC3CCNCC3)c2cc1C,0,
88600,1,,,,,COc1cc(-c2cc(NN(O)c3cc(F)cc4nc(N)ccc34)cc3c2CNC3)ccn1,0,
88637,1,,,,,CNCc1c(N)ccc2c(N(O)Nc3ccc4c(c3)CNC4)cccc12,0,
88657,1,,,,,CCC(N)Nc1c[nH]c(CC(C)C(O)(NNc2ccc3c(c2)CNC3)NC(C)C)c1,0,
88677,1,,,,,CNCc1c(N)ccc2c(N(O)Nc3cccc4c3OC(C)(C)C4)cc(Cl)cc12,0,
88849,1,,,,,CC1CC2=C(CNC2)CC1NC(=O)c1cccc2cnncc12,0,
88852,1,,,,,CC1C(NC(=O)c2cc(F)cc3[nH]ncc23)CC2(N)CNCC2C12CCS(=O)(=O)CC2,0,
88875,1,,,,,CC1CC2=C(CNC2)CC1NC(=O)c1cc(F)cc2c1C(C)(OCCCO)C(=O)N2,0,
88887,1,,,,,Cc1cc(Cl)cc(C(=NCC(=O)O)N(C(=O)NCC(F)F)C2CC3=C(CNC3)CC2C)c1,0,
88923,1,,,,,CC1CC2CNCC2CC1NC(=O)C1NC(Cl)C2NNC(NC3CNC3)C12,0,
88926,1,,,,,CC1C(NC(=O)c2cc(Cl)cc3c2cnn3C2CNC2)CC(N)CC12CCN(C)CC2,0,
88944,1,,,,,COc1ccc(C2CNC3=C2CC(F)CC3C(=O)NC2CC3=C(CNC3)CC2C)nn1,0,
88951,1,,,,,Cc1cc(C)c(NC(=O)c2cc(Cl)cc3c2cnn3C2CNC2)cc1N,0,
89022,1,,,,,Cc1cc(N)c2ccc3c(c2n1)NCN3c1ccncc1C,0,
89093,1,,,,,CC(N)CC(N)c1cc(Cl)c(Cl)c(CNN)c1,0,
89136,1,,,,,Cc1cc(N)c2cc(Cl)c(N(Nc3ccc4c(c3)CNC4)C(=O)NCC(F)F)c(Cl)c2c1C,0,
89137,1,,,,,COC1(C)c2c(cc(F)c(Cc3ccc4c(c3)CNC4)c2NO)C(N)CC1C,0,
89141,1,,,,,CCC(C)CCCCCC1CNCN1c1ccc2c(c1)CNC2,0,
89195,1,,,,,CNCc1c(C)nc2c3c(c(Cl)cc2c1N)N(c1ccc(N2CCCC2=O)c(F)c1)CN3,0,
89293,1,,,,,CS(=O)(=O)c1ccc(N2CCNCC2)cc1C(C=O)c1cc(N)c2cccc(Br)c2n1,0,
89335,1,,,,,NCc1cccc(NC(=O)c2cc(N)c3ccc(N)c(Br)c3n2)c1,0,
89354,1,,,,,NC1CC(C(Nc2ccc3c(c2)CNC3)C(=O)NC2CCOCC2)N2CNC3CCCC1C32,0,
89368,1,,,,,N#Cc1cc2c(cc1NC(=O)c1cc(N)c3cccc(Br)c3n1)CNC2,0,
89442,1,,,,,CNCc1ccc2c(N)cc(C(=O)Nc3ccc(N4CCCC4=O)c(F)c3)nc2c1Br,0,
89443,1,,,,,CNCc1ccc2c(N)cc(C(C=O)c3cccc(C4CCN(C)CC4)c3)nc2c1Br,0,
89458,1,,,,,CNCc1ccc2c(N)cc(C(=O)c3ccccn3)nc2c1Br,0,
89533,1,,,,,CC1CCC2(CCC34CC(N5CCNCC5)CCC3S(=O)(=O)CON24)c2cccnc21,0,
89571,1,,,,,Cc1c(Cl)c(C(N)=O)c(-c2cn(CCC(C)CN)c(C)n2)c2cccc(C(=O)OCc3ccccc3)c12,0,
89616,1,,,,,Cc1cc2c(c3cc(F)cnc13)C1=C(C2C(=O)NCC(F)F)C2(CCC3=C(CNC3)C2)C(C)N1,0,
89651,1,,,,,CCC(CN(CC)CCNC(N)(O)c1cc2cccc(CNC)c2c(C)c1Cl)C1CCOC1,0,
89695,1,,,,,Clc1ccc2c3c(ccnc13)CCN2,0,
89721,1,,,,,NC1CCN2CCc3cccc1c32,0,
89855,1,,,,,Nc1cc(C(Nc2ccc3c(n2)CNC3)C(=O)NCC(F)F)nc2c(Cl)cccc12,0,
89900,1,,,,,CCCCC1CNCC1CC(N)CCCN,0,
89979,1,,,,,CC1=CC(C(=O)C(C=O)c2ccncc2C)=C2CCCC3=C2N1CNC3,0,
90036,1,,,,,Cc1ccc(S(=O)(=O)CNC(O)(COc2cc(C)nc3c(C)cccc23)Nc2cccc3c2CNC3)cc1,0,
90038,1,,,,,Cc1cccc2c(C(=O)C(C=O)c3ccc4c(c3)CNC4)cc(CC(C)F)nc12,0,
90073,1,,,,,Cc1cc(C(=O)C(C=O)c2ccc3c(c2)CNC3CC(=O)O)c2cccc(C)c2n1,0,
90201,1,,,,,CCOC(=O)c1cn2cc(ccc3c1NCC3(F)F)CCCN2,0,
90225,1,,,,,CCOC(=O)C(CNc1ccccc1C#N)C[NH+]([O-])c1ccn2cc(C)nc2c1,0,
90238,1,,,,,CCOC(=O)c1cnc2c(C#N)cccc2c1NC(=O)C1CCNCC1,0,
90249,1,,,,,CCOC(=O)c1cc(CCNC)cc(CCCCC#N)c1C(=O)N1CCC(c2cccnc2)C1,0,
90274,1,,,,,CCOC(=O)c1cnc2c(C#N)cc(Cl)cc2c1N(Nc1ccc2c(c1)C(=O)OC2)C(=O)NC,0,
90307,1,,,,,CCOC(=O)c1cnc2c(C#N)cc(F)c3c2c1CC(Nc1cc2c(c(C4=CCS(=O)(=O)CC4)c1)CNC2)C3,0,
90375,1,,,,,CCOC(=O)c1cc2c3c(cc(Cl)cc3c1C(=O)Nc1ccc3c(c1)CNC3)N(N)C=C2C1CCNCC1,0,
90376,1,,,,,CCOC(=O)c1cc(C2CCNCC2)c2c(NCN)cc(F)cc2c1C(=O)Nc1ccc2c(c1)CNC2,0,
90390,1,,,,,CCOC(=O)C1CN2c3c(c[nH]c3C1C(=O)Nc1ccc3c(c1)CNC3)NC2N,0,
90396,1,,,,,CCOC(=O)c1cc(CNC)c2c(C#N)cc(Cl)cc2c1C(=O)Nc1ccc2c(c1)CC(C)(C)O2,0,
90413,1,,,,,CCOC(=O)c1cc2c3c(cc(Cl)cc3c1C(=O)Nc1ccc3c(c1)CNC3)N(N)C=C2C,0,
90434,1,,,,,CCOC(=O)C1CC2COC(N)C3CC(F)CC(C1NNc1ccc4c(c1)CNC4)C23,0,
90438,1,,,,,CCOC(=O)C1CN2SCNC2OC2CC(F)CC2C1NNc1ccc2c(c1)CNC2,0,
90516,1,,,,,Cc1cccc(-c2nc(N)c3ccccc3n2)n1,0,
90532,1,,,,,CCC(CN)NCCc1cc(N)c2ccccc2c1C,0,
90533,1,,,,,COc1c(C2CCC3(CCNCC3)CN2)nc2ccccc2c1N,0,
90747,1,,,,,Cc1cc(Cl)c2cccc(NC(=O)CCc3cc(C(C)(O)O)cc(C4(C)CCNCC4)c3)c2n1,0,
90779,1,,,,,CC(=O)NC(Cc1cnn(C[NH3+])c1)C(=O)N1CCC2CCC3(CCCC13)C(CC(C)C)C2,0,
90783,1,,,,,CC[NH2+]c1ccc(C(NC(C)=O)C(=O)Nc2[nH]c(CO)cc2NC(C)CCCl)cc1,0,
90793,1,,,,,CC(=O)NC1C(O)NC2CCCC3C(Cl)CC(C)N(C(C(=O)NCC(F)F)C1c1ccc4c(c1)C(C)NC4)C23,0,
90860,1,,,,,CC(=O)NC(C(=O)N1C=CC=C2C=CC3(C(O)=CC=C13)C(Cl)=C2)c1ccc2c(n1)CNC2C,0,
90892,1,,,,,CNCc1cc(C)c2c3c(cccc13)C(C(=O)C(NC(C)=O)c1cc(Br)cc(C[NH3+])c1)=C2,0,
90931,1,,,,,CCCC(NC(=O)C(Cc1ccc2c(c1)CNC2C)NC(C)=O)c1cc(NNC)cc(C)n1,0,
90953,1,,,,,CC(=O)NC(Cc1ccc2c(c1)CNC2)C(=O)NC1CCC2CCC3CC(C)CC1C23,0,
90983,1,,,,,CC(=O)NC(CCCN)C1(O)NC2CCCC3CCCN(N1)C32,0,
91074,1,,,,,CC(=O)NC(c1ccc2c(c1)CNC2)C(N=O)Nc1cccc2c1NCC(C)(O)C2,0,
91182,1,,,,,CNCc1cnc2c(NC(N=O)C(NC(C)=O)c3cccc(F)c3NN)cccc2c1,0,
91205,1,,,,,CC(=O)NC(c1ccc2c(c1)CNC2)C(N=O)Nc1cccc2c1NCC1(CCNN1)C2,0,
91249,1,,,,,CNC(N)(O)c1ccc2c(C#N)ccc(NC(=O)C3CCNCC3)c2n1,0,
91284,1,,,,,CC(=O)N=C(C1CCN(N)CC1C)[N+](N)([O-])c1cccc2cccnc12,0,
91310,1,,,,,O=C(C(=O)C1CCNC2(CCNC2)C1)c1cccc2cccnc12,0,
91352,1,,,,,OC1(NCC(F)F)C2CCNC3C4=C(CNC4)NCC32NN1c1cccc2cccnc12,0,
91463,1,,,,,CC(=O)NC(CCCC[NH3+])C(=O)NC1CC(=O)C2(CCCN2)c2cccnc21,0,
91503,1,,,,,CC(=O)NC(C(=O)Nc1cc(O)c(NC(C)(C)CO)c2cccnc12)c1ccc(C(C)[NH2+]N)c(O)c1,0,
91529,1,,,,,CC(=O)NC1C(=O)N(c2cc(C)c(CO)c3cccnc23)C(=O)N2CC(C[NH3+])CC12,0,
91530,1,,,,,CC(=O)NC1CC(C2CCNCC2)CC(=O)N(C(C)c2ncccc2C2(CO)CNC(C)C2)C1=O,0,
91555,1,,,,,CC(=O)NC1C(=O)N(c2cccc3cccnc23)Nc2cc3c(cc21)CNC3C,0,
91561,1,,,,,CC(=O)NC1C(=O)N(c2ccc(C(C)=O)c3cccnc23)Nc2cc3c(cc21)CNC3C,0,
91583,1,,,,,CC(=O)NC1CCCN(COCCCN)CC2(C3CCNCC3)CCCC2CC1=O,0,
91602,1,,,,,CC(=O)NC(C(=O)Nc1cccc2c1NCCC21CCC(CN)CC1)c1cc2c(cc1C)CNC2,0,
91631,1,,,,,CNCc1ccc(N2Nc3cc4c(cc3C(NC(C)=O)C2=O)CNC4C)c2ncccc12,0,
91641,1,,,,,CC(=O)NC(C(=O)N(C(=O)NCC(F)F)c1ccc(C)c2cccnc12)c1ccc2c(c1C)CNC2,0,
91675,1,,,,,CNCc1ccc(N(N)C(=O)C2C3CCC4C(CCC[NH3+])CC(C)(C43)N2C(C)=O)c2nc(Cl)ccc12,0,
91747,1,,,,,CC1CC2C(O)CC3C(=O)C(C)C(NC(=O)C4CCNCC4)C(N1)C32,0,
91750,1,,,,,Cc1cc(CO)c2c(n1)C([N+](N)([O-])C(=O)C1CCNCC1)=CC=CN2,0,
91810,1,,,,,Cc1nc2c(C(=O)C(=O)C3CCNC(CN)C3)cccc2c2c1C(C)OC2,0,
91820,1,,,,,Cc1cc(CO)c2cccc(C(=O)C(=O)C3CCNC4(CCNC4)C3)c2n1,0,
91830,1,,,,,O=C(C(=O)C1CCNC2(CCNC2)C1)c1cccc2c(CO)cc(CC(F)F)nc12,0,
91846,1,,,,,CNCC1NCCC(C(=O)C(=O)c2cc(F)cc3c(CO)cc(C)nc23)C1C#N,0,
91851,1,,,,,COc1ccc2c3c(nc(C)cc13)C(C(=O)C(=O)C1CCNC3(CCNC3)C1)=C2,0,
91854,1,,,,,Cc1cc(CO)c2cc(F)cc(C(=O)C(=O)C3CCNC4(CCNC4)C3C#N)c2n1,0,
91855,1,,,,,CCC(C)Nc1cc(SCCc2cccc(CN)c2)[nH]c1C(=O)C(=O)C1CCNC2(CCNC2)C1,0,
91905,1,,,,,Cc1cc(CN(C)C2CCOCC2)c2cccc(C(=O)C(=O)C3CCNC4(CCNC4)C3)c2n1,0,
91943,1,,,,,Cc1nc2c(C(=O)C(=O)C3CCNC4(CCNC4)C3)cc(F)cc2c2cocc12,0,
91965,1,,,,,CC1CC2(NCCS2)c2cccc(C(=O)C(=O)C3CCNCC3C)c2N1,0,
91984,1,,,,,Cc1cc(CO)c2cccc(N(C#N)C(=O)C3CCNC4(CCNC4)C3)c2n1,0,
92009,1,,,,,CNCC1(C)CC(C)Nc2c(C(=O)C(=O)C3CCNC4(CCCC4=O)C3F)cc(Cl)cc21,0,
92020,1,,,,,Cc1nc2c(C(=O)C(=O)C3CCNC4(CCNC4)C3)cc(F)cc2c2cn[nH]c12,0,
92136,1,,,,,Nc1cc(C(F)(F)F)cc2c(C(=O)Nc3ccc4c(c3)CNC4)cccc12,0,
92155,1,,,,,NC1c2cccc(C(=O)Nc3ccc4c(c3)CNC4)c2CNC12CCNCC2,0,
92187,1,,,,,Nc1cncc2c(C(=O)Nc3ccc4c(c3)CNCCO4)cccc12,0,
92311,1,,,,,Cc1nc2c(N(C=O)C(=O)C3CCC([NH3+])C(C)C3)cccc2c(CO)c1C,0,
92319,1,,,,,Cc1cc(CO)c2cccc(C3C(=O)C(CCN)CCC(CCC(C)[NH3+])C3=O)c2n1,0,
92333,1,,,,,Cc1cc(CO)c2cccc(NC(=NCCCCN)C3CCC(C)([NH3+])CC3)c2n1,0,
92334,1,,,,,Cc1cc(CO)c2cccc(N(C(=O)C3CCC([NH3+])CC3)C([NH3+])C(=O)[O-])c2n1,0,
92388,1,,,,,CC(Cc1cc(CO)c2cc(F)cc(C(=O)C(=O)C3CCC(N(C)C)CC3)c2n1)S(C)(=O)=O,0,
92396,1,,,,,Cc1cc(CO)c2cc(F)cc(C(=O)C(=O)C3CCc4c(ccn4C)C3C#N)c2n1,0,
92397,1,,,,,CC(C)C1NNC2(S1)C(C)Nc1c(C(=O)C(=O)C3CCC(N(C)C)CC3)cc(F)cc1C2CO,0,
92409,1,,,,,CNCC1CC(C(=O)C(=O)c2cc(F)cc3c(CO)cc(C)nc23)CCC1[NH3+],0,
92443,1,,,,,CNCC1(C)CC(C)Nc2c(C(=O)C(=O)C3CCC([NH3+])CC3)cccc21,0,
92553,1,,,,,CC(=O)NC(CCCN)C(=O)N(Oc1cc(C)nc2ncnn12)c1cc(C)cc2c3c(cnc12)CNCC3,0,
92567,1,,,,,Cc1cc(CO)c2cccc(NC3C(=O)C4CCC(C)(O)C4C3CCCN)c2n1,0,
92590,1,,,,,NCC(N)Cc1ccc2c(c1)C(N=CNCC(=O)Nc1cc(Cl)cc3cccnc13)NC2,0,
92625,1,,,,,NCCC(NOC(=NCC1CCCO1)Nc1cc(Cl)cc2cccnc12)c1ccc2c(c1C(N)=O)CNC2,0,
92720,1,,,,,CNCc1ccnc2c(C(=O)C(=O)c3cc(C(C)CN)cc(C4CCOC4)c3NCO)cc(Cl)cc12,0,
92729,1,,,,,NCCCc1cc(C(N)=O)c2c(c1C(=O)Nc1cc(Cl)cc3cc(C4CNC4)cnc13)CNC2,0,
92823,1,,,,,Cc1cc(N(Oc2cc(C)nc3ncnn23)C(=O)C2CC(N)C2)c2c(c1)C1(CCNCC1)CC(C)N2,0,
92834,1,,,,,Cc1cc(CO)c2cccc(C3(N)C(=O)C4CCC(C)(N)C4C3CCCN)c2n1,0,
92861,1,,,,,Cc1cc(CO)c2cc(F)cc(C(=O)C(=O)C3CC4(CCNC4)C3)c2n1,0,
92868,1,,,,,Cc1nc2c(C(=O)C(=O)C3CC4(CCNC4)C3)cccc2c(CO)c1C,0,
92872,1,,,,,Cc1cc(CO)c2cc(Cl)cc(C(=O)C(=O)C3CC4(CCNC4)C3)c2n1,0,
92907,1,,,,,COCCOc1c(C)c(C)c2c(C(=O)C(=O)C3CC4(CCNC4)C3)cc(F)cc2c1CO,0,
92975,1,,,,,CNCc1cc(C)nc2c(N(C=O)C(=O)C3CC(N)C3)cc(F)cc12,0,
92979,1,,,,,CNCc1c(C)nc2c(C(=O)C(=O)C3CC4(CCNC4)C3)cccc2c1CO,0,
92982,1,,,,,Cc1nc2c(C(=O)C(=O)C3CC4(CCNC4)C3)cccc2c(CO)c1CN,0,
92990,1,,,,,Cc1nc2c(C(=O)C(=O)C3CC4(CCNC4)C3)cc(F)cc2c2cocc12,0,
93040,1,,,,,[NH3+]C(Cc1ccc2ccc(NCc3ccc(CNc4nc5ccccc5[nH]4)c(O)c3)cc2n1)C(=O)[O-],0,
93088,1,,,,,Cc1cc(O)cc2ccc(C(C(=O)N3CCC(N)C3)C([NH3+])C(=O)[O-])nc12,0,
93107,1,,,,,Nc1ccc2c3c(cc(Cl)c2c1)C(c1cccc(-c2nnn[nH]2)c1)C(C(=O)[O-])=C3,0,
93148,1,,,,,O=C([O-])C1c2cc3c(cc2NC1c1ccc2c(n1)CC1(CCNCC1)CC2)CNC3,0,
93169,1,,,,,O=C([O-])C(Cc1cc(F)c2ccccc2n1)c1ccc2c(n1)CNC2,0,
93254,1,,,,,CNCc1cccc2c(Cl)cc(C(Nc3ccc4c(c3)CNC4)C([NH3+])C(=O)[O-])nc12,0,
93282,1,,,,,Cc1nc2c(Cc3ccccc3C(=O)N3CCC(N)C3)cc(N)cc2c2c1OOC2,0,
93316,1,,,,,CCc1cc(C2C=NC(N3CCC(N)C3)c3ccccc32)c2nc(C)cc(CO)c2c1,0,
93334,1,,,,,Cc1cc(Cc2cccc(C)c2C(=O)N2CCC(N)C2)c2nc(C)cc(CO)c2c1,0,
93347,1,,,,,Cc1cc(C(O)NC(C)(C)CO)c2cc(Cl)cc(C3C(=O)C4C(N)CC(C)N4C(=O)c4ccccc43)c2n1,0,
93394,1,,,,,Cc1cc(CO)c2cccc(C(C=O)c3ccccc3C(=O)N3CC(N)CC3c3ccncc3)c2n1,0,
93396,1,,,,,Cc1cc(CO)c2cc(Cl)cc(C34CCCC3NCCCNC(C)CCN4)c2n1,0,
93447,1,,,,,Cc1nc2c(CC(=O)N3CCC(N)C3)cccc2c2[nH]nc(N)c12,0,
93516,1,,,,,Cc1cc(CN(C)Cc2ccccc2)c2cc(Cl)cc(C(C=O)C(=O)N3CC(C)C(N)C3)c2n1,0,
93583,1,,,,,Cc1cc(CO)c2cccc(C(=O)C(=O)N3CCC4(CCNC4)C3)c2n1,0,
93595,1,,,,,Cc1cc(CO)c2cc(Cl)cc(C3NC4N(CC(N)C45CCNC5)C3(O)NCCCF)c2n1,0,
93717,1,,,,,Cc1nc2c(CC(=O)N3CCC(CN)C3)c(Cl)ccc2c(CO)c1C,0,
93734,1,,,,,Cc1cc(COC(C)C)c2cccc(C(=O)C(=O)N3CC(C)C(CN)C3)c2n1,0,
93749,1,,,,,Cc1cc(CO)c2cccc(CC(N=CNCC(F)F)N3CCC4(CCNC4N)C3)c2n1,0,
93756,1,,,,,CNc1c[nH]c(CN(C)C(=O)C(=O)c2cc(Cl)cc3c(CO)cc(C)nc23)c1,0,
93788,1,,,,,Cc1cc(CO)c2cccc(C(=O)C(=O)N3CCC4(CCCCN4N)C3)c2n1,0,
93789,1,,,,,CNc1c[nH]c(CN(C)C(=O)C(=O)c2cccc3c(CO)c(C)c(C)c(OCCCO)c23)c1,0,
93796,1,,,,,CC(C)CC1C(C)c2c(C(=O)C(=O)N3CC4CNC(C)C4C3)cccc2C(CO)C1O,0,
93807,1,,,,,CNc1c[nH]c(CN(C)C(=O)C(=O)c2ccc3c4c(cc(C)nc24)C(O)=C3)c1,0,
93811,1,,,,,CC1Nc2c(C(=O)C(=O)N3CCC4(CCNC4)C3)cccc2C(C)C12CCNCC2,0,
93812,1,,,,,CNc1c[nH]c(CN(C)C(=O)C(=O)c2cc(Cl)cc3c(CN=O)cc(C)nc23)c1,0,
93827,1,,,,,Cc1cc(CO)c2ccccc2c1CCC(N=CNC(C)C)N1CCC2(CCNC2N)C1,0,
93862,1,,,,,Cc1nc2c(C(=O)C(=O)N3CCC4(CCNC4)C3)cccc2c2cn[nH]c12,0,
93867,1,,,,,CCOCc1cc(C)nc2c(C(=O)C(=O)N3CCC4(CCNC4)C3)cccc12,0,
93884,1,,,,,CCCCc1cc(-c2cc(F)cc(C(=O)C(=O)N3CC4CNC(C)C4C3)c2NCC)c[nH]1,0,
93888,1,,,,,CNCc1cc(C)nc2c(C(=O)C(=O)N3CCC(C(C)N)C3)cc(Cl)cc12,0,
93945,1,,,,,Cc1cc(CO)c2cccc(C(=O)C(=O)C3CCNC4(CCNCC4)C3)c2n1,0,
93982,1,,,,,Cc1nc2c(C(=O)C(=O)Cc3cccc4c3CCNC4)cccc2c2c1C(C)OC2,0,
93992,1,,,,,Cc1cc(C(O)NO)c2cccc(C(=O)C(=O)CC3CCCC4(CCNCC4)C3)c2n1,0,
94096,1,,,,,CC1CC2(CCN(C)CC2)c2cccc(C(=O)C(=O)CC3CCCC4(CCNCC4)C3)c2N1,0,
94097,1,,,,,CC1=Cc2c(O)cnc3ccc(C(=O)C(=O)CC4CCCC5(CCNCC5)C4)c(c23)N1,0,
94114,1,,,,,Cc1nc2c(C(=O)C(=O)CC3CCCC4(CCNCC4)C3)cc(Cl)cc2c(CO)c1C1CCNCC1,0,
94204,1,,,,,CNCN1CCCC2(C1)C(O)CCC1C2CCN1C(C)(O)c1nc(C2CCC(C(C)(C)CO)NC2)sc1Cl,0,
94296,1,,,,,C=NC(NC(Cc1[nH]ccc1CCCN)CC(F)F)c1nc(C2CNCCC2C)sc1Cl,0,
94310,1,,,,,CNCN1CCCC(c2nc(C(O)(C=O)N3CCC(F)(c4cccnc4)C34CCCC4=O)c(Cl)s2)C1,0,
94386,1,,,,,CC1CC2(CCCCC2C(=O)NC(C(=O)N2CCCCC2)c2[nH]cc3cc(CN)ccc23)CNC1F,0,
94431,1,,,,,NCCc1cc(CC(NC(=O)c2ccccc2NC(=O)OCc2ccccc2)C(=O)N2CCCCC2)ccc1CN,0,
94447,1,,,,,NCC1CCC(CC(C(=O)c2ccc3ccccc3c2)C(=O)N2CCCCC2)CC12CCNC2,0,
94474,1,,,,,NCC1CCC(CC(NC(=O)C2CCCCC23CCC(=O)N3)C(=O)N2CCCCC2)C2(CCNC2)C1,0,
94476,1,,,,,N#CC1C(CN)CCC(CC(NC(=O)C2CCCCC23CCNN3)C(=O)N2CCCCC2)C12CCNC2,0,
94509,1,,,,,NCC1CCC(CC(NC(=NCc2ccccn2)c2ccccc2)C(=O)N2CCCC(F)C2)C2(CCNC2)C1,0,
94514,1,,,,,NCC1CCC(CC(NC(=O)C2CCCCC23CNCC3CN)C(=O)N2CCCCC2)C2(CCNC2)C1,0,
94516,1,,,,,N#Cc1c[nH]c2cc(C(=O)C(CC3CCC(CN)CC34CCNC4)C(=O)N3CCCCC3)ccc12,0,
94598,1,,,,,CNCc1cc(CN)ccc1CC(NC(=O)C1CCCCC12CCNN2C1CNC1)C(=O)N1CCCCC1,0,
94753,1,,,,,CN1OC(C(=O)C(=O)c2[nH]c(Cl)c3c2CC(O)(NNC(C)(C)CO)N3)CC12CCNCCO2,0,
94784,1,,,,,CCC1(O)CC(n2ncc3c(C(=O)C(=O)c4cc(=O)n(C)o4)cc(Cl)cc32)C1(C)N,0,
94855,1,,,,,Cc1ccn2c(CNC(=O)c3[nH]c(C4CCCNC4)nc3C)c(N)nc2c1,0,
94859,1,,,,,Cc1nc(C2CCCNC2)[nH]c1C(=O)NCC1=C2N=CC3(CCCN3)N=C2C=C1,0,
94869,1,,,,,Cc1nc(C#N)c(CNC(=O)c2nc(C3CCCNC3)[nH]c2C)[nH]1,0,
94938,1,,,,,CCCC1C(=O)Nn2c(cnc2C)CNC2(O)C(NCC3CCCNC3)CNC12,0,
94957,1,,,,,COC1CCN2COCNCCC(C)CCCNC(C)C(N)NC(O)C12,0,
95004,1,,,,,Cc1nc(C2CCCNC2)[nH]c1C(O)(O)NCc1cnc2nnccn12,0,
95075,1,,,,,Cc1nc2n(c1C(O)(O)NCc1cnc3nc(-c4ccc(CCC(N)=O)cc4)ncn13)CCC1CCNCC21,0,
95089,1,,,,,Cc1nc(C2CCCNC2)[nH]c1C(O)(NCc1c(Cl)nc2nc(-c3ccccc3)ncn12)C(=O)NC(C)C,0,
95096,1,,,,,Cc1nc2n(c1C(O)(O)NCC1CNC3(CNCS3)N1)CCC1CCNCC21,0,
95132,1,,,,,CC(=O)NC(O)(Nc1c[nH]c(C(N)=O)c1)c1ccc2nc(NC(C)C)[nH]c2c1,0,
95412,1,,,,,Cc1cc(NC(=O)c2cc(Cl)c3[nH]c(C(C)(CO)C(C)C)nc3c2)cn1CN(C)C,0,
95552,1,,,,,CC1NCN2CC(NC(=O)c3cc(Cl)c4c(c3)C35CCNCC3OC(C)(C)NC5N4)CN12,0,
95558,1,,,,,CC(CCCN=O)C(=O)NC1CN2CNCN2C1,0,
95618,1,,,,,Cc1nc(C2CCCNC2)[nH]c1C(=O)Nc1cccc2c1NC(=O)C1(CCCN1)C2,0,
95762,1,,,,,Cc1nc(C2CCCNC2)[nH]c1C(O)(O)NC1CCCCC12CNNC2,0,
95861,1,,,,,CNCCC1=CCN2C(C1)NC(C(=O)Nc1cccc(CN)n1)C2C,0,
95863,1,,,,,Cc1[nH]c(C2CCCNC2)nc1C(=O)NC1CCCCC12CNCN2C1CNC1,0,
95922,1,,,,,CCc1nccc(NC(=O)C2CCCC34CC5CNCC5CC3COCC24)c1C,0,
96013,1,,,,,CCNC1(C)CSC(CC(CC)C2(O)NC(C)NCCNCCCNC(=O)c3cccnc32)C1,0,
96021,1,,,,,CCCC(c1[nH]c(CCC2(C)CCNC2)nc1C(=O)NCC(F)F)C1(O)CCc2cnc(Br)c(C)c2C1,0,
96143,1,,,,,COC1CC(Cc2ccnc(N3CCNCC3)c2)NC2N3CC(CC#N)NCC3CCCN12,0,
96295,1,,,,,NCc1cccc(NC(=O)C2CC(Cl)CC3NC4COCc5ccccc5ON4CCCC32C(N)=O)c1,0,
96335,1,,,,,COCC1CC2(CCN1)C(NC(=O)OCc1ccccc1)CC(Cl)CC2C(=O)Nc1cccc(CN)c1,0,
96462,1,,,,,O=C(O)CN=C(c1cc(Cl)cc(NC(=O)OCc2ccccc2)c1)N(C(=O)NCC(F)F)C1CCCC2(CCNC2)C1,0,
96469,1,,,,,NCc1cc(NC(=O)c2cc(Cl)cc3c2NNC32CC(=O)C3(Cc4ccccc4)NCC32)ccc1F,0,
96539,1,,,,,CC(Cl)CC(c1cnc(-c2ccccc2N=C(N)OCc2ccccc2)[nH]1)C(O)(NC1CCC2CNCC2C1)C(=O)NC(C)C,0,
96582,1,,,,,NCCc1cccc(NC(NO)OC2CCC3C(NC(=O)OCc4ccccc4)CC(Cl)C3C2)c1,0,
96638,1,,,,,Cc1cc(CCN)cc(C(=O)C(=O)c2cc(Cl)cc(C(=O)C3=NCC(C)(c4ccccc4)O3)c2)c1,0,
96696,1,,,,,COC1CC2(CCN1)CC(NC(=O)c1cc(Cl)cc3c1cnn3C(=O)OCc1ccccc1)Cc1cn(N)cc12,0,
96758,1,,,,,NCCc1cccc(NC(=O)c2cc(Cl)cc3c2cnn3C2(O)CN(c3ccccc3)C2)c1,0,
96807,1,,,,,CC(C)NC(=O)C(O)(Nc1ccc2cn(N)cc2c1)c1cc(Cl)cc2c1nc(-c1ccccc1)n2C(=O)OCc1ccccc1,0,
96830,1,,,,,NCCc1ccc(NC(=O)c2cc(Cl)cc3c(C(O)c4ccccc4)c(O)ccc23)cc1,0,
96880,1,,,,,CS(=O)(=O)C1CC2(CCNCC2)CCC1NC(=O)c1cc(Cl)cc2nc(OCc3ccccc3)ccc12,0,
96915,1,,,,,CCNc1ccc(C(O)C(NC2CCC3(CCNCC3)CC2)C(N)OC)cc1Cl,0,
96986,1,,,,,Nn1cc2ccc(NC(=O)c3cc(Cl)c4ncn(C(=O)OCc5ccccc5)c4c3)cc2c1,0,
96996,1,,,,,Nn1cc2ccc(N(C(=O)NCC(F)F)C(=O)C3CC(Cl)CC(N)(CC(O)OCc4ccccc4)C3)cc2c1,0,
97013,1,,,,,NCCc1ccc(NC(=O)c2cc(Cl)cc3c2CNC32ON(Cc3ccccc3)C3NCCC32)cc1,0,
97109,1,,,,,CC(N)c1ccc(NC(=NCCc2ccc(O)c(CNc3nc4ccccc4[nH]3)c2)c2cc(Cl)cc(NC(=O)OCc3ccccc3)c2)cc1,0,
97141,1,,,,,CC(N)c1ccc(NC(=O)C2CC(Cl)CC3CNC(OCc4ccccc4)CCC32)cc1,0,
97152,1,,,,,CC(N)c1ccc(C(=O)C(=O)C2CC(Cl)C3CCC(OCOCc4ccccc4)CC23)cc1,0,
97163,1,,,,,CC1CC2(CCN1)CCC([N+](C)([O-])C(=O)c1cc(Cl)cc3cc(OCc4ccccc4)cnc13)CC2,0,
97188,1,,,,,CCCNC(=O)C(O)(Nc1ccc(CNC)cc1)C1CC(Cl)CC2=C1CNN2,0,
97218,1,,,,,CC1NCC2CC(NC(=O)c3cc(Cl)cc4c3C(C)(OCCCO)C(OCOCc3ccccc3)N4)CCC21,0,
97220,1,,,,,CC1NCC2CC(NC(=O)c3cc(Cl)cc4nn(OCOCc5ccccc5)cc34)CCC21,0,
97271,1,,,,,CNCc1ccc(NC(=O)c2cc(Cl)c3[nH]cc(C4(O)CNC4Cc4ccccc4)c3c2)cc1,0,
97281,1,,,,,O=C(NC1CCC2(CCCC2)CC1F)c1cc(Cl)cc2c1cc(O)n2C1CNC1OCc1ccccc1,0,
97285,1,,,,,CC(N)c1ccc(NC(=O)c2cc(Cl)cc3c2cc(O)n3C2CNC2OCc2ccccc2)cc1C#N,0,
97298,1,,,,,O=C(NC1CCC2CNCC2C1)c1cc(Cl)c2ncn(C(=O)OCc3ccccc3)c2c1,0,
97445,1,,,,,O=C(NC1CC(Cl)CC(C(=O)Nc2ccc3c(c2)CNC3)C12CCNC2)OCc1ccccc1,0,
97490,1,,,,,O=C(Nc1cc(Cl)cc(C(NCc2ccccn2)(Nc2ccc3c(c2)CNC3)C(=O)NCC(F)F)c1)OCc1ccccc1,0,
97530,1,,,,,O=CN(Cc1ccccc1)C1NCC1n1ncc2c(C(=O)Nc3ccc4c(c3)CNC4)cc(Cl)cc21,0,
97596,1,,,,,CC(=O)NC1CCCC(N)(c2cc(Cl)cc(C(=O)Nc3cccc(CN)c3)c2)C1,0,
97621,1,,,,,NCC1CC(Cl)CC2=C1CC(N)CC2,0,
97623,1,,,,,CCOC(=O)C1CNC2=C(CC(Cl)CC2CN)C1,0,
97653,1,,,,,Nn1ncc2c(C(=O)Nc3ccc4c(c3)C=NC=CO4)cc(Cl)cc21,0,
97683,1,,,,,CCC(OCNC1CCCC2(CCNC2)C1)c1cccc(Cl)c1,0,
97775,1,,,,,NC(c1cc(Cl)cc(C(=O)N(C(=O)NCC(F)F)C2CCC3CNCC3C2)c1)C(F)F,0,
97826,1,,,,,CCOCC12CCCC1CCC1(Cc3cccc(C(=O)Nc4cccc(CN)c4)c3N1)C2O,0,
97926,1,,,,,Cc1c(CN2CCCC2)nc2c(C(=O)NC3CCC4CNCC4C3)cccn12,0,
97998,1,,,,,Cc1cn2cc(Cl)cc(C(O)(NC3CCC4CNCC4C3)C(=O)NC(C)C)c2n1,0,
98035,1,,,,,Cc1cc(C(=O)Nc2cccc(CN)c2)c2c(c1)nc(C(C)C)n2CC(=O)O,0,
98061,1,,,,,CC(CCC(C)(C)N)c1nc2cc(Cl)cc(C(=O)Nc3ccc(O)c(CN(C)C)c3)c2[nH]1,0,
98165,1,,,,,CNC1CN(C)CCC12Nc1cccc(C(=O)NC3CCC4CNCC4C3)c1N2,0,
98173,1,,,,,CNCn1c(C(C)C)nc2c(C(=O)Nc3cccc(CN)c3)cccc21,0,
98272,1,,,,,Cc1ccc(NC(=O)c2cc(Cl)cc(C(N)C(F)F)c2)cc1-c1nnn[nH]1,0,
98276,1,,,,,COC1CC2(CCN1)C(CN)CC(Cl)CC2C(=O)Nc1ccc(C)c(-c2nnn[nH]2)c1,0,
98279,1,,,,,Cc1ccc(NC(=O)C2CC(Cl)CC(CN)C23CNC(F)C(C)C3)cc1-c1nnn[nH]1,0,
98352,1,,,,,O=C(NC1CC2CNCC2C(c2nnn[nH]2)C1)C1CC(Cl)CC2=C1NNC2,0,
98396,1,,,,,CNNc1c(CN)cc(Cl)cc1C(O)(CC(=O)O)NC1CC2CNCC2C(c2nnn[nH]2)C1,0,
98402,1,,,,,NC1(C2CNC2)NNc2c(C(=O)Nc3cc(F)cc(-c4nnn[nH]4)c3)cc(Cl)cc21,0,
98474,1,,,,,COn1ncc2c(C(C#N)Nc3ccc4c(c3)CNC4)cc(Cl)cc21,0,
98615,1,,,,,N#Cn1ncc2c(C(O)(C#N)Nc3ccc4c(c3)CNC4)cc(Cl)cc21,0,
98616,1,,,,,N#CC(Nc1ccc2c(c1)CNC2)(C(=O)NCC(F)F)c1cc(Cl)cc2[nH]nc(Cc3ccccn3)c12,0,
98622,1,,,,,CNCn1ncc2c(C(O)(C#N)Nc3ccc4c(c3)CNC4)cc(Cl)cc21,0,
98651,1,,,,,CNCn1ncc2c(C(C#N)C(=O)c3ccc4c(c3)CN(F)C4)cc(Cl)cc21,0,
98686,1,,,,,CC(C)NC(=O)C(Nc1ccc2c(c1)CNC2)c1cc(Cl)cc2c1cnn2CN,0,
98692,1,,,,,CC(C)NC(=O)C(Nc1ccc2c(c1)CNC2)c1cc(Cl)cc2nn3c(c12)CCNCC3,0,
98695,1,,,,,CC(C)NC(=O)C(Nc1ccc2c(c1)CNC2)c1cc(Cl)cc2nn(C(C)CN)cc12,0,
98776,1,,,,,CC(C)NC(=O)C(O)(Nc1ccc2c(c1)CNC2)c1cc(Cl)cc2[nH][n+]([O-])cc12,0,
98782,1,,,,,CCC(C)NC(=O)C(Nc1ccc2c(c1)CNC2)c1cc(Cl)cc2[nH]ncc12,0,
98843,1,,,,,CC(C)NC(=O)C(O)(Nc1ccc2c(c1)CNC2)c1cc(Cl)cc2nn(CC3CCNCC3)cc12,0,
98860,1,,,,,CC(C)NC(=O)C(O)(Nc1ccc2c(c1)CNC2)c1cc(Cl)cc2c1CN1CC3CC21CNN3,0,
98957,1,,,,,Cc1cn(CO)c2cc(Br)cc(C3=C4C5CCCCC(C5)C4C4CC5CNCC5CC4N3)c12,0,
99067,1,,,,,CNCn1ccc2c(C(=O)Nc3ccc4c(c3)CN(C)C4C)cc(Br)cc21,0,
99082,1,,,,,CCNn1ccc2c(C(=O)Nc3ccc4c(c3)CNC4)cc(Br)cc21,0,
99137,1,,,,,O=C(Nc1c(Br)cc(C(=O)Nc2ccc3c(c2)CNC3)c2ccccc12)c1ccncc1F,0,
99240,1,,,,,CSc1cc2c(cc1NC(=O)c1cc(Br)cc3ccccc13)CNC2,0,
99293,1,,,,,NC(=O)CCC1CCC2(CCc3c(cc(Br)cc3C(=O)Nc3ccc4c(c3)CNC4)C2)CC1,0,
99316,1,,,,,Nn1ncc2c(C(Nc3ccc4c(c3)CNCCO4)=C(F)F)cc(Cl)cc21,0,
99324,1,,,,,Nn1ncc2c(C(=O)Nc3ccc4c(c3)CNCCO4)cc(Cl)cc21,0,
99414,1,,,,,Cn1c2cc(Cl)cc(C(=O)Nc3ccc4c(c3)CNCCO4)c2c[n+]1[O-],0,
99416,1,,,,,O=C(Nc1ccc2c(c1)CNCCO2)c1cc(Cl)cc2c1=C[NH+]([O-])N=2,0,
99417,1,,,,,O=C(NC1CCOCC1)C(O)(Nc1ccc2c(c1)CNCCO2)c1cc(Cl)cc2[nH]ncc12,0,
99441,1,,,,,CC1CC2=C3C(CN1)CC(NC(=O)C1CC(Cl)CC4NNCC41)CC3SC2,0,
99455,1,,,,,CC(C)N=C(c1cc(Cl)cc2n[nH]cc12)N(C(=O)NCC(F)F)c1ccc2c(c1)CNCCO2,0,
99461,1,,,,,O=C(NCC(F)F)C(NCc1ccccn1)(Nc1ccc2c(c1)CNCCO2)c1cc(Cl)cc2[nH]ncc12,0,
99470,1,,,,,O=C(NCC(F)F)N(C(=O)c1cc(Cl)cc2[nH]ncc12)c1ccc2c(c1)CNCCO2,0,
99513,1,386,5.0,121.0,20.0,Cn1cc2c(C(=O)Nc3ccc4c(c3)CNC4)cc(F)cc2n1,0,C99513 Enamine:sRDB:Z9205655595 5.0mg @ 90% = €121.00 EUR (20 days) CN1C=C2C(=CC(F)=CC2=N1)C(=O)NC=3C=CC=4CNCC4C3
99526,1,,,,,NCn1cc2c(C(=O)Nc3ccc4c(c3)CNC4)cc(F)cc2n1,0,
99546,1,,,,,CN1NC2(CCOC2)c2c(C(=O)Nc3ccc4c(c3)CNC4)cc(F)c(Cl)c21,0,
99648,1,,,,,CNCn1cc2c(C(=O)Nc3ccc4c(c3)CNC4)cc(F)cc2n1,0,
99661,1,,,,,O=C(Nc1ccc2c(c1)CNC2)c1cc(F)cc2nn(CC3CCNCC3)cc12,0,
99670,1,,,,,O=C(Nc1ccc2c(c1)CNC2)c1cc(F)cc2c1cnn2NC1CCC1,0,
99671,1,,,,,NC(=O)CCC1CCC2(CC1)Cc1c(cc(F)cc1C(=O)Nc1ccc3c(c1)CNC3)N2,0,
99691,1,,,,,COn1nc2cc(F)cc(C(=O)Nc3ccc4c(c3)CNC4)c2n1,0,
99705,1,,,,,OC1(Nc2ccc3c(c2)CNC3)Nn2nnc3cc(F)cc1c32,0,
99707,1,,,,,Nn1nc2cc(F)cc(C(=O)Nc3ccc4c(c3)CNC4)c2n1,0,
99711,1,,,,,NCc1ccc(NNN)c(C(O)(O)Nc2ccc3c(c2)CNC3)c1,0,
99730,1,,,,,COn1nnc2cc(F)cc(C(=O)Nc3ccc4c(c3)CNC4)c21,0,
99751,1,,,,,CC(=O)NC1=C(c2cc(F)cc3[nH]nnc23)C(=O)c2cc3c(cc21)CNC3C,0,
99819,1,,,,,N#Cn1nnc2c(C(=O)Nc3ccc4c(c3)CNC4)cc(F)cc21,0,
99835,1,,,,,CNCn1nnc2c(C(=O)Nc3cc(Br)c4c(c3)CNC4)cc(F)cc21,0,
99844,1,,,,,CN(C)Cn1nc2cc(F)cc(C(=O)Nc3ccc4c(c3)CNC4)c2n1,0,
99854,1,,,,,CNCn1nnc2c(C(=O)Nc3cc4c(cc3F)CNC4)cc(F)cc21,0,
99876,1,,,,,O=C(Nc1ccc2c(c1)CNC2)c1cc(F)cc2c1NNC21CCNC1,0,
99939,1,,,,,CNC(=O)C(Nc1ccc2c(c1)C(=O)OC2)C1CCC(C)(N)NNCCC(Cl)C1,0,
99970,1,,,,,CNC(=O)C(O)(Nc1ccc2c(c1)C(=O)OC2)c1cc(Cl)cc2c1C=N[NH+]2[O-],0,
99974,1,,,,,CNC(=O)C(O)(Nc1ccc2c(c1)C(=O)OC2)c1cc(Cl)cc2c1CN(C)[N+]2(C)[O-],0,
99992,1,,,,,O=C1OCc2ccc(NC(C(=O)C(=O)C3CCCO3)c3cc(Cl)cc4n[nH]cc34)cc21,0,
99997,1,,,,,CNC(=O)C(O)(Nc1ccc2c(c1)C(=O)OC2)c1cc(Cl)cc2c1CC1(CCNCC1)N2,0,
100000,1,,,,,CNC(=O)C(O)(NC1CC2=CCOCC2OC2OCC(=O)C2C1)c1cc(Cl)cc2[nH]ncc12,0,
100006,1,,,,,CN(C(=O)C(Nc1ccc2c(c1)C(=O)OC2)c1cc(Cl)cc2[nH]ncc12)C(F)F,0,
100015,1,,,,,CNC(=O)C(O)(Nc1cc(C)c2c(c1)C(=O)OC2)c1cc(Cl)cc2[nH][n+]([O-])cc12,0,
100029,1,,,,,CNCn1ncc2c(C(O)(Nc3ccc4c(c3)C(=O)OC4)C(=O)NC)cc(Cl)cc21,0,
100030,1,,,,,CNC(=O)C(O)(NC1CCC2=C(C1)C(=O)OC2)c1cc(Cl)cc2[nH][n+]([O-])cc12,0,
100045,1,,,,,CNC(=O)C(O)(Nc1ccc2c(c1)C(=O)OC2)c1cc(Cl)cc2c1cnn2CN(C)C1CCOCC1,0,
100061,1,,,,,CNCn1ncc2c(C(O)(Nc3cc4c(cc3F)COC4=O)C(=O)NC)cc(Cl)cc21,0,
100079,1,,,,,CNC(=O)C(O)(Nc1ccc2c(c1)C(=O)OC2)c1cc(Cl)cc2c1CC1(CCOCC1)N2,0,
100132,1,,,,,COC(C)CNCC1CC(NC(=O)CO)CCC12N=C2Nc1ccc2c(c1)CNC2,0,
100220,1,,,,,CCc1c(C(O)(Nc2ccc3c(c2)CNC3)C(=O)NCC(F)F)cc(Br)c2c1OCC(=O)N2,0,
100365,1,,,,,O=C(C(=O)c1ccc2ncsc2c1)c1ccc2c(c1)CNC2,0,
100424,1,,,,,Cn1ncc2c(C(=O)Nc3ccc4c(c3)CNC4)cc3scnc3c21,0,
100512,1,,,,,NC(=O)CCc1ccc(C(N)NCC(C(=O)Nc2ccc3c(c2)CNC3)C2=CS3=CN=CC3=C2)cc1,0,
100538,1,,,,,COn1cc2c(C(=O)Nc3ccc4c(c3)CNC4)cc(N)cc2n1,0,
100582,1,,,,,COC1CNC2(C1)NNc1cncc(C(=O)Nc3ccc4c(c3)CNC4)c12,0,
100584,1,,,,,COCn1cc2c(C(=O)Nc3ccc4c(c3)CNC4)cncc2n1,0,
100591,1,,,,,CNC1CC2(CN1)NNc1cncc(C(=O)Nc3cc(C)c4c(c3)CNC4)c12,0,
100612,1,,,,,Cc1nn(CO)c2cncc(C(=O)[N+](C)([O-])c3ccc4c(c3)CNC4)c12,0,
100628,1,,,,,CC(C)NC(=O)C(O)(Nc1ccc2c(c1)CNC2)c1cn(Cl)cc2nncc1-2,0,
100639,1,,,,,O=C(Nc1ccc2c(c1)CNC2)c1cn(Br)cc2n[n+]([O-])cc1-2,0,
100723,1,,,,,CCNn1ncc2c(C(=O)Nc3ccc4c(c3)CNC4)cncc21,0,
100746,1,,,,,Nc1cc2cc(C(=O)Nc3ccc4c(c3)CNC4)cc(F)c2[nH]1,0,
100759,1,,,,,CC(=O)NC(O)(Nc1ccc2c(c1)CNC2)c1cc(F)c2[nH]ccc2c1,0,
100976,1,,,,,COn1cc2c(n1)CC(Cl)CC2(O)C(Nc1ccc2c(c1)CNC2)C(=O)NCc1cccnc1,0,
101011,1,,,,,CNNC1CC(CC(N)(Nc2cc(CN)c3c(c2)CNC3)C(=O)N2CCC3(CCCCN3)CC2)C2CCCCC12,0,
101052,1,,,,,CCc1cc(C(O)(Nc2ccc3c(c2)CNC3)C(=O)NCc2cccnc2)c2cnn(C)c2c1,0,
101054,1,,,,,O=C(NCc1cccnc1)C(O)(Nc1ccc2c(c1)CNC2)c1cc(Cl)cc2c1c[nH][n+]2[O-],0,
101085,1,,,,,Cc1cc2c(C(O)(Nc3ccc4c(c3)CNC4)C(=O)NCc3cccnc3)cc(Cl)cc2n1C,0,
101122,1,,,,,CN(Cn1ncc2c(C(O)(Nc3ccc4c(c3)CNC4)C(=O)NCc3cccnc3)cc(Cl)cc21)C1CCOCC1,0,
101217,1,,,,,CC1NCc2ccc(NC(=O)c3ccc(C(N)(C=O)C(C)(C)CO)c(Cl)c3)cc21,0,
101225,1,,,,,N#CC1C(Cl)CC2C(OCNc3ccc4c(c3)CNC4)CCCC12,0,
101237,1,,,,,NC1c2ccccc2CC1C(=O)Nc1ccc2c(c1)CNC2,0,
101310,1,,,,,CC(C)c1nnc(C2NC3=C(N2)C(C(=O)Nc2ccc4c(c2)CNC4)CC3Cl)s1,0,
101328,1,,,,,CC(C)OC1(C)C(=O)Nc2c(C#N)c(Cl)cc(C(=O)Nc3ccc4c(c3)CNC4)c21,0,
101347,1,,,,,O=C(Nc1ccc2c(c1)CNC2)c1[nH]c(Cl)c2c1cnn2C1CNC1,0,
101356,1,,,,,N=CC(c1ccc(C(=O)Nc2ccc3c(c2)CNC3)cc1Cl)C1CCNCC1,0,
101392,1,,,,,Nn1cnc2c(C(Nc3ccc4c(c3)CNC4)C(F)(F)F)cccc21,0,
101450,1,,,,,Cc1ccc(C(=O)C(=O)c2ccc3c(c2)CNC3)c2ncn(C)c12,0,
101472,1,,,,,NC1NCc2ccc(NC(=O)c3cc(Cl)cc4c3ncn4N)cc21,0,
101476,1,,,,,O=C(Nc1ccc2c(c1)CNC2)c1cccc2c1N=C[NH+]2[O-],0,
101668,1,,,,,CC12CCCc3c(C(=O)Nc4ccc5c(c4)CNC5)ccc(c31)NC2=O,0,
101747,1,,,,,CC1(CN)C(=O)Nc2c(Cl)cc(C(=O)Nc3ccc4c(c3)CNC4)cc21,0,
101825,1,,,,,CC1CCN2C(CCCC2C(=O)Nc2ccc3c(c2)CNC3)N1,0,
101853,1,,,,,Cc1cc2c(cc1C(=O)C(=O)c1cc(Cl)cc(N3NC(C)(CO)CC3=O)n1)CNC2,0,
101860,1,,,,,NN1Cc2ccc(NC(=O)c3cc(Cl)cc(N(C=O)C(=O)CCc4ccccc4)n3)cc2C1,0,
101865,1,,,,,O=C(Nc1ccc2c(c1)CNC2)c1cccc2cc(CC3(O)CCCC3)nn12,0,
101890,1,,,,,CCCNC(=O)C(O)(Nc1ccc2c(c1)CNC2)C1CC(Cl)CN2CN3CC12CNN3,0,
101965,1,,,,,Cc1ncn2c(C(=NC(=O)O)Nc3ccc4c(c3)CNC4)cc(Cl)cc12,0,
101982,1,,,,,CC(C)NC(=O)C(O)(Nc1ccc2c(c1)CNC2)c1cc(Cl)cc(NC(C)(O)F)n1,0,
102031,1,,,,,O=C1N=c2c(C(=O)Nc3ccc4c(c3)CNC4)cc(Br)c3c2=C1C=N3,0,
102033,1,,,,,NC1=c2cc(Br)cc(C(=NC(F)F)Nc3ccc4c(c3)CNC4)c2=NC1=O,0,
102043,1,,,,,CS(=O)(=O)c1cc2c(cc1NC(=O)c1cc(Br)cc3c1=NC(=O)N=3)CNC2,0,
102077,1,,,,,COCn1c(=O)[nH]c2c(C(=O)Nc3ccc4c(c3)CNC4)cc(Br)cc21,0,
102132,1,,,,,O=C1N=c2cc(Br)cc(C(O)(Nc3ccc4c(c3)CNC4)C(=O)NC3CCOCC3)c2=N1,0,
102144,1,,,,,CCc1cc(C(=O)Nc2ccc3c(c2)CNC3)c2c(c1)=C(C)C(=O)N=2,0,
102186,1,,,,,O=C(O)N=C(Nc1ccc2c(c1)CNC2)c1cc(Br)cc2c1=NC(=O)N=2,0,
102190,1,,,,,CCN1CCCC2(C1)Nc1cc(Br)cc(C(=O)Nc3ccc4c(c3)CNC4)c1N2,0,
102196,1,,,,,O=C(Nc1ccc2c(c1)CNC2)c1cc(Br)cc2c1=NC(=NC1CCNCC1)N=2,0,
102257,1,,,,,CC(=O)NC(O)(Nc1ccc2c(c1)CNC2)c1cccc2nn(C)cc12,0,
102339,1,,,,,Cn1cc2c(C(O)(Nc3ccc4c(c3)CNC4)C(=O)NCC3CCOCC3)cc(Cl)cc2n1,0,
102347,1,,,,,COC1CC2(CCN1)CC(NC(=O)c1cc(F)cc3nn(C)cc13)CC1=C2CNC1,0,
102367,1,,,,,CNCc1c2cccc(C(=O)Nc3ccc4c(c3)CNC4)c2cn1C,0,
102378,1,,,,,CNCc1c2cc(F)cc(C(=O)Nc3ccc4c(c3)CNC4)c2cn1C,0,
102379,1,,,,,CC(C)NC(=O)N(C(=O)C1=CC=CSc2nn(C)cc21)c1ccc2c(c1)CNC2,0,
102383,1,,,,,CCNCCn1cc2c(C(=O)Nc3ccc4c(c3)CNC4)ccc(NC=O)c2n1,0,
102392,1,,,,,CNCc1c2cc(Cl)cc(C(=O)Nc3ccc4c(c3)CN(C)C4)c2cn1C,0,
102416,1,,,,,O=C(Nc1ccc2c(c1)CNC2)c1cc(Cl)cc2c1CN1COC3NCCC231,0,
102421,1,,,,,Nc1c(CN2CCC(n3cn[nH]c3=O)CC2)oc2cccc(C(=O)Nc3ccc4c(c3)CNC4)c12,0,
102431,1,,,,,O=C(Nc1ccc2c(c1)CNC2)c1cccc2c1C1(CCNCC1)NO2,0,
102432,1,,,,,Nc1[nH]oc2cc(=O)cc(C(=O)Nc3ccc4c(c3)CNC4)c1-2,0,
102433,1,,,,,CC(CN)c1oc2cccc(C(=O)Nc3ccc4c(c3)CNC4)c2c1N,0,
102521,1,,,,,Nc1c(C(F)(F)F)oc2cccc(C(=O)Nc3ccc4c(c3)CNC4)c12,0,
102537,1,,,,,N#Cc1cc2c(cc1NC(=O)c1cc(F)cc3onc(N)c13)CNC2,0,
102555,1,,,,,CC1=c2cc(F)cc(C(=O)Nc3ccc4c(c3)CNC4)c2=C(NCCCO)[NH+]1[O-],0,
102556,1,,,,,COCCONc1c2c(C(=O)Nc3ccc4c(c3)CNC4)cc(F)cc2o[n+]1[O-],0,
102567,1,,,,,Nc1c2c(C(=O)Nc3ccc4c(c3)CNC4=O)cccc2o[n+]1[O-],0,
102568,1,,,,,NCc1[nH]c(N)c2c(C(=O)Nc3ccc4c(c3)CNC4)cc(Cl)cc12,0,
102569,1,,,,,CNCc1[nH]c(N)c2c(C(=O)Nc3ccc4c(c3)CNC4)cccc12,0,
102578,1,,,,,Nc1noc2cc(Cl)cc(C(O)(Nc3ccc4c(c3)CNC4)C(=O)NCCCF)c12,0,
102633,1,,,,,Cn1cc2c(C(Nc3ccc4c(c3)CNC4)C(=O)NC3CCOCC3)cc(Cl)c3c2c1C=N3,0,
102642,1,,,,,O=C(NC1CCOCC1)C(Nc1ccc2c(c1)CNC2)c1cc(Cl)cc2c1CC(=O)C21CCCN1,0,
102724,1,,,,,O=C(NC1CCOCC1)C(O)(Nc1ccc2c(c1)CNC2)c1cc2scnc2c2[nH]ncc12,0,
102802,1,,,,,O=C(NC1CCOCC1)C(O)(Nc1ccc2c(c1)CNC2)c1cc(Cl)cc2c1CC1(CCNCC1)N2,0,
102856,1,,,,,O=C(Nc1ccc2c(c1)CNC2)C1CC(Cl)CC2=C1n1ncnc1CCNC2,0,
102883,1,,,,,CN1Cc2ncnn2-c2c(C(=O)Nc3ccc4c(c3)CNC4)cc(Cl)c(Cl)c21,0,
102929,1,,,,,CC(C)NC(N)Nc1cc(Cl)cc(C(=O)Nc2ccc3c(c2)CNC3)c1-n1cncn1,0,
102988,1,,,,,O=C(NCC(F)F)C(O)(Nc1ccc2c(c1)CNC2)c1cc(Cl)ccc1-n1cncn1,0,
103017,1,,,,,CN1CCC(c2c[nH]c3c(Cl)cc(C(=O)Nc4ccc5c(c4)CNC5)c(-n4cncn4)c23)CC1,0,
103030,1,,,,,O=C1N=c2c(Cl)cc(C(=O)Nc3ccc4c(c3)CNC4)c(-n3cncn3)c2=N1,0,
103054,1,,,,,CCNc1nc2c(Cl)cc(C(=O)Nc3ccc4c(c3)CNC4)c(-n3cncn3)c2[nH]1,0,
103060,1,,,,,CCCCc1nc[nH]c1Nc1cc(Cl)cc(C(O)(Nc2ccc3c(c2)CNC3)C(=O)NC(C)C)c1,0,
103081,1,,,,,CC1(CO)Nn2c(nc3c(C(=O)Nc4ccc5c(c4)CNC5)cc(Cl)cc32)C(F)(F)O1,0,
103083,1,,,,,NCn1c(C(F)(F)F)nc2c(C(=O)Nc3ccc4c(c3)CNC4)cccc21,0,
103093,1,,,,,O=C(Nc1ccc2c(c1)CNC2)c1cc(Br)cc2nc(C(F)(F)F)[nH]c12,0,
103096,1,,,,,O=C(Nc1ccc2c(c1)CNC2)c1cc(O)cc2c1CC1(C2)NCSC1NF,0,
103101,1,,,,,NCc1ccc(NC(N)C(F)(F)F)c(C(O)(O)Nc2ccc3c(c2)CNC3)c1,0,
103121,1,,,,,CCc1ccc(C(=O)Nc2cc3c(cc2C)CNC3)c2[nH]c(C(F)(F)F)nc12,0,
103221,1,,,,,CCC1NCc2cc(NC(=O)c3cc(F)cc4nc(C(F)(F)F)[nH]c34)ccc21,0,
103228,1,,,,,O=C(NCCCF)C(O)(Nc1ccc2c(c1)CNC2)c1cc(Cl)cc2[nH]c(C(F)(F)F)nc12,0,
103233,1,,,,,CNCn1c(C(F)(F)F)nc2c(C(=O)Nc3ccc4c(c3)CNC4)cc(F)cc21,0,
103258,1,,,,,CNCn1c(C(F)(F)F)nc2c(C(=O)Nc3ccc4c(c3)CN(CC(F)F)C4)cc(Cl)cc21,0,
103263,1,,,,,O=C(Nc1ccc2c(c1)CNC2)c1cccc2c1nc1n2NCOC1(F)F,0,
103272,1,,,,,O=C(Nc1ccc2c(c1)CNC2)c1cc(F)cc2c1N=C1C2=NN=C1N(F)CF,0,
103273,1,,,,,O=C(Nc1ccc2c(c1)CNC2)c1cc(F)cc2c1nc1n2CNCS1(F)F,0,
103285,1,,,,,CC(C)(N)c1nc2cc(Cl)cc(C(=O)Nc3ccc4c(c3)CNC4)c2[nH]1,0,
103288,1,,,,,Cc1nc2c(C(=O)Nc3ccc4c(c3)CNC4)cc(Cl)cc2n1CN,0,
103290,1,,,,,Cc1nc2c(CN)c(Cl)cc(C(=O)Nc3ccc4c(c3)CNC4)c2[nH]1,0,
103294,1,,,,,Cc1nc2c(C(=O)Nc3ccc4c(c3)CNC4)cc(Cl)cc2n1N,0,
103305,1,,,,,Cc1nc2cc(Cl)cc(C(=O)Nc3ccc4c(c3)CNC4)c2n1O,0,
103321,1,,,,,Cc1cc(NC(=O)c2cc(Cl)cc3nc(C)n(F)c23)cc2c1CNC2,0,
103353,1,,,,,Cc1cc2c(cc1C(=O)C(=O)c1cc(Cl)cc3c1nc(C)n3NC(C)(C)CO)CNC2,0,
103363,1,,,,,O=C(OCc1ccccc1)c1nc2cc(Cl)cc(C(=O)Nc3ccc4c(c3)CNC4)c2[nH]1,0,
103364,1,,,,,O=C(Nc1ccc2c(c1)CNC2)c1cc(Cl)cc2[nH]c(CN3CCCC3)nc12,0,
103370,1,,,,,CC1=Nc2c(C(=O)Nc3ccc4c(c3)CNC4)cc(Cl)cc2[NH+]1[O-],0,
103405,1,,,,,COn1c(C)c(C)c2c(C(=O)Nc3ccc4c(c3)CNC4)cc(Cl)cc21,0,
103425,1,,,,,Cc1nc2cc(Cl)cc(C(=NC(=O)O)Nc3ccc4c(c3)CNC4)c2[nH]1,0,
103440,1,,,,,CNCn1c(C)nc2c(C(=O)Nc3cc4c(c5c3OC(C)(C)C5)CNC4)cc(Cl)cc21,0,
103448,1,,,,,CN(C)Cc1nc2c(C(=O)Nc3ccc4c(c3)CNC4)cc(Cl)cc2[nH]1,0,
103513,1,,,,,CCN=C1N=c2cccc(C(=O)Nc3ccc4c(c3)CNC4)c2=N1,0,
103515,1,,,,,O=NC(Nc1ccc2c(c1)CNC2)c1cccc2c1=NC(=O)N=2,0,
103543,1,,,,,Cc1cc(NC(=O)c2cccc3nc(NC(C)C)c(=O)[nH]c23)cc2c1CNC2,0,
103559,1,,,,,O=C(Nc1ccc2c(c1)CNC2)c1cccc2c1=NC(=O)[N+]=2[O-],0,
103574,1,,,,,O=C1N=c2cc(Cl)cc(C(Nc3ccc4c(c3)CNC4)C(=O)NCC3CCCO3)c2=N1,0,
103597,1,,,,,CCN=C1N=c2cc(Cl)cc(C(O)(Nc3ccc4c(c3)CNC4)C(=O)NCC(F)F)c2=N1,0,
103609,1,,,,,CNCC1=c2cc(Cl)cc(C(=O)Nc3ccc4c(c3)CNC4)c2=NC1=O,0,
103629,1,,,,,CNCC1=c2cc(Cl)cc(C(=O)Nc3cc4c(c5c3OC(C)(C)C5)CNC4)c2=NC1=O,0,
103643,1,,,,,Cc1cc(C(=O)N(C(=O)NCC(F)F)c2ccc3c(c2)CNC3)c2c(c1)=NC(=NOCF)N=2,0,
103669,1,,,,,CC(C)CNC(=O)C(Nc1ccc2c(c1)CNC2)c1cc(Cl)ccc1CNN,0,
103677,1,,,,,CC(C)CNC(=O)C(Nc1ccc2c(c1)CNC2)c1cc(Cl)c(CCO)c2[nH]ncc12,0,
103697,1,,,,,CC(C)CNC(=O)C(Nc1ccc2c(c1)CNC2)C1(O)CC(Cl)Cc2c1cnn2C(F)F,0,
103729,1,,,,,CC(C)CNC(=O)C(N)(C1CC(Cl)C2(CCCNC2)c2n[nH]cc21)C(N)(CCCN)c1ccc2c(c1)C(O)NC2,0,
103733,1,,,,,CC(C)C1NC(=O)C(C)(NC2CC(Cl)C3OC4NCCCN4NCC23)O1,0,
103833,1,,,,,CC(C)CNC(=O)C(O)(Nc1ccc2c(c1)CNC2)c1cc(Cl)cc2nn(CCN)cc12,0,
103865,1,,,,,CC(C)CNC(=O)C(O)(Nc1ccc2c(c1)CNC2)C1CC(Cl)C2(CCC(C3CNC3)N2)c2[nH]ncc21,0,
103889,1,,,,,CCCNC(=O)C(Nc1ccc2c(c1)CNC2)c1cc(Cl)c(CN)c2[nH]ncc12,0,
103929,1,,,,,CCCNC(=O)C(Nc1ccc2c(c1)CNC2)C1(O)CC(Cl)Cc2nn(C)c(F)c21,0,
103935,1,,,,,CCCNC(=O)C(Nc1ccc2c(c1)CNC2)C1(O)CC(Cl)Cc2nn(C)cc21,0,
103994,1,,,,,CCCNC(=O)C(O)(Nc1ccc2c(c1)CNC2)c1cc(CC)cc2c1cnn2C,0,
104031,1,,,,,CCCNC(=O)C(Nc1ccc2c(c1)CNC2)c1cc(Cl)cc2c1cnn2CNC,0,
104051,1,,,,,CCCNC(=O)C(O)(Nc1ccc2c(c1)CNC2)c1cc(Cl)c2c3c1CNN3NN2,0,
104069,1,,,,,CCCNC(=O)C(O)(Nc1cc(C#N)c2c(c1)CNC2)c1cc(Cl)cc2c1cnn2CNC,0,
104158,1,,,,,N#CC1(c2cncc3ccccc23)Nc2cc3c(cc2C1=O)CNC3,0,
104164,1,,,,,Cc1cc(C(C(=O)c2ccc3c(c2)CNC3)c2ccccc2)c2ccccc2c1CO,0,
104206,1,,,,,N#CC(C(=O)c1ccc2c(c1)CNC2)c1cncc2ccccc12,0,
104244,1,,,,,COc1c(C2(C#N)Nc3cc4c(cc3N2)CNC4)c2ccccc2c(=O)n1C,0,
104264,1,,,,,CCc1ncc(C(C#N)(Nc2ccc3c(c2)CNC3)C(=O)NCC(F)F)c2cc(Cl)ccc12,0,
104322,1,,,,,N#CC1(c2cncc3c(NNC4CCNCC4)cccc23)Nc2cc3c(cc2N1)CNC3,0,
104323,1,,,,,N#CC1(c2cnc3c4c(cccc24)C(C2CNC2)=C3)Nc2cc3c(cc2N1)CNC3,0,
104341,1,,,,,CNCc1ncc(C(O)(C#N)Nc2ccc3c(c2)CNC3N)c2cc(Cl)ccc12,0,
104397,1,,,,,Cc1cc2c(c(N)c1NC(=O)C1CC3=C(CCCN3)S1)CNC2,0,
104430,1,,,,,O=C(Nc1ccc2c(c1)CNC2)c1sc2cccnc2c1F,0,
104469,1,,,,,CNCCCNC(F)CC(S)C(=O)Nc1ccc2c(c1)CNC2,0,
104506,1,,,,,NC1(C2CNC2)CCNC2=C1SC(C(=O)Nc1cc(F)c3c(c1)CNC3=O)C2Cl,0,
104544,1,,,,,CN(N)c1cc(C(=O)Nc2ccc3c(c2)CNC3)c2ccnc-2[nH]1,0,
104592,1,,,,,Cc1cc2c(cc1NC(=O)c1cc(Cl)nc3c1CCC31NCCS1)CNC2,0,
104598,1,,,,,Cc1cc2c(C(=O)Nc3ccc4c(c3)CNC4)cc(Cl)[nH]c-2n1,0,
104614,1,,,,,Cc1cc2c(C(=O)C(=O)c3ccc4c(c3)CNC4)cc(Cl)nc2n1CO,0,
104644,1,,,,,O=C1C=c2c(C(=O)Nc3ccc4c(c3)CNC4)cc(Cl)nc2=N1,0,
104652,1,,,,,O=C(Nc1ccc2c(c1)CNC2)c1cc2cnsn2c2nccc1-2,0,
104657,1,,,,,Cn1ccc2c(C(=O)Nc3ccc4c(c3)CNC4)cc(Cl)nc21,0,
104660,1,,,,,O=C(Nc1ccc2c(c1)CNC2)c1cc(Cl)nc2c1CC1(CCCCC1)N2,0,
104672,1,,,,,CC(C)C1NNC2(Cc3c(C(=O)Nc4ccc5c(c4)CNC5)cc(Cl)nc3N2)S1,0,
104686,1,,,,,CC1=c2c(C(=O)Nc3ccc4c(c3)CNC4)cc(Cl)nc2=C(OC(C)C)C1=O,0,
104702,1,,,,,O=C(NCCCF)C(O)(Nc1ccc2c(c1)CNC2)c1cc(Cl)nc2[nH]ccc12,0,
104716,1,,,,,CC(C)NC(=O)C(O)(Nc1ccc2c(c1)CNC2)c1cc(Cl)nc2c1cc(F)n2F,0,
104739,1,,,,,O=C(Nc1ccc2c(c1)CNC2)c1cc(Cl)c2c3c1CCN3CN2,0,
104755,1,,,,,O=C(Nc1ccc2c(c1)CNC2)c1cc(Cl)nc2c1ccn2NC1CNC1,0,
104765,1,,,,,O=C(Nc1ccc2c(c1)CNC2)c1cc2c3c(c1)=CNS=3N=CC=C2N1CCNCC1,0,
104815,1,,,,,CC(CCCO)c1ccc(CNS)cc1C(=O)C(=O)c1ccc2c(c1)CNC2,0,
104821,1,,,,,Cc1cc2c(cc1C(=O)C(=O)c1cc(C(=O)NC(C)(C)CO)c3sncc3c1)CNC2,0,
104826,1,,,,,O=C(Nc1sc2ccc(C(=O)Nc3ccc4c(c3)CNC4)cc2c1Cl)OCc1ccccc1,0,
104842,1,,,,,NCNc1cc(CNS)cc(C(=O)Nc2ccc3c(c2)CNC3)c1,0,
104843,1,,,,,CCN(C)c1cc(C(=O)Nc2ccc3c(c2)CNC3)cc2c[n+]([O-])sc12,0,
104872,1,,,,,O=C(NCC(F)F)C(O)(Nc1ccc2c(c1)CNC2)c1cc2c[nH]sc2c2ncnc12,0,
104879,1,,,,,CCC(C)Nc1cc(CNS)cc(C(=O)Nc2ccc3c(c2)CNC3)c1,0,
104881,1,,,,,N#CCCNc1cc(CNS)cc(C(=O)Nc2ccc3c(c2)CNC3)c1,0,
104891,1,,,,,O=C(Nc1cc(F)c2c(c1)CNC2)c1cc(CNS)cc(NNCC2CNC2)c1,0,
104957,1,448,5.0,121.0,20.0,O=C(Nc1ccc2c(c1)CNC2)c1ccc2ncc(Br)cc2c1,0,C104957 Enamine:sRDB:Z9898723149 5.0mg @ 90% = €121.00 EUR (20 days) O=C(NC=1C=CC=2CNCC2C1)C=3C=CC=4N=CC(Br)=CC4C3
104966,1,,,,,O=C(Nc1ccc2c(c1)CNC2)C1CC2=CC=CN3CNC(=C23)C1,0,
104986,1,,,,,Cc1cc2c(cc1NC(=O)c1cc(C)c3ncccc3c1)CNC2,0,
105003,1,,,,,CCC(=O)c1cccc(CC)c1CC,0,
105025,1,,,,,CCC12CCCC3=C1C(CCC2(CO)C(=O)C1Cc2cccnc2C2(CCCNC2)C1)NC3,0,
105058,1,,,,,CN(C(=O)C1CC(=O)C2NCCCC2C1)c1ccc2c(c1)CNC2,0,
105068,1,,,,,CNNCc1cc(CC(C)CN)[nH]c1C(=O)Nc1ccc2c(c1)CNC2,0,
105084,1,,,,,CCCc1ccc(CCCN)c(Br)c1C(O)(Nc1ccc2c(c1)CNC2)C(=O)NCC(F)F,0,
105148,1,,,,,O=C(Nc1cc2c(cc1F)CNC2)c1cc2c3c(cccc3c1Cl)N(C1CNC1)N=C2,0,
105193,1,,,,,Cc1ccc(S(=O)(=O)CNC(=O)C(Nc2ccc3c(c2)CNC3)c2cc(Cl)ccc2CNN)cc1,0,
105197,1,,,,,Cc1ccc(S(=O)(=O)CNC(=O)C(Nc2ccc3c(c2)CNC3)C(c2ccccc2)c2c[nH]nc2C)cc1,0,
105225,1,,,,,COCn1cc2c(n1)CC(Cl)CC2(O)C(Nc1ccc2c(c1)CNC2)C(=O)NCS(=O)(=O)c1ccc(C)cc1,0,
105230,1,,,,,CNNc1cc(Cl)cc(C(O)(Nc2cc3c(cc2S(C)(=O)=O)CNC3)C(=O)NCS(=O)(=O)c2ccc(C)cc2)c1,0,
105261,1,,,,,Cc1ccc(S(=O)(=O)CNC(=O)C(O)(c2cc(Cl)c(C)c3[nH]ncc23)C2C(C)CC34CCC35CCNC5CN2C4)cc1,0,
105262,1,,,,,Cc1ccc(S(=O)(=O)CNC(=O)C(O)(Nc2ccc3c(c2)CNC3)C2CC(Cl)C3(CNC(NC(C)C)N3)c3[nH]ncc32)cc1,0,
105268,1,,,,,Cc1ccc(S(=O)(=O)CNC(=O)C(O)(Nc2ccc3c(c2)C(N)NC3)c2cc(Cl)c(CN)c3[nH]ncc23)cc1,0,
105271,1,,,,,Cc1ccc(S(=O)(=O)CNC(=O)C(O)(NC2CC3=C(CNC3)C3(C2)NNNN3)c2cc(Cl)c(CN)c3[nH]ncc23)cc1,0,
105276,1,,,,,CC1CCC2(CC1)NCCC(CNC(=O)C(Nc1ccc3c(c1)CNC3)c1cc(Cl)cc3[nH]ncc13)C2OCO,0,
105279,1,,,,,CC(=O)Nc1c(Cl)cc(C(O)(Nc2ccc3c(c2)CNC3)C(=O)NCS(=O)(=O)c2ccc(C)cc2)c2cn[nH]c12,0,
105337,1,,,,,CNCn1cc2c(C(O)(Nc3ccc4c(c3)CNC4)C(=O)NCS(=O)(=O)c3ccc(C)cc3)cc(Cl)cc2n1,0,
105521,1,,,,,O=C(Nc1ccc2c(c1)CNC2)c1cc(Cl)c2[nH]cc(C3CCNCC3)c2c1-n1ccnc1,0,
105557,1,,,,,O=C(Nc1ccc2c(c1)CNC2)c1cc(Cl)cc2c1C1(CCNC1)N(C1CNC1)N2,0,
105606,1,,,,,O=C(Nc1ccc2c(c1)CNC2)c1cc(Cl)cc2c1C13CCNC1COCC3N2C1CNC1,0,
105685,1,,,,,CC(=O)NCC1(c2ccc3c(c2)CNC3)NC2C(F)(F)CCC23CCC(C)N3C1=O,0,
105710,1,,,,,CC1C(CN)C2(CN1C(=O)NC1CC3=C(CNC3)C3(C1)NNNN3)CC(F)(F)C2,0,
105785,1,,,,,CCC1(C)CC2(CN1C(O)(Nc1ccc3c(c1)CNC3)C(=O)NCC(F)F)CC(F)(F)C2,0,
105813,1,,,,,O=C(NC1CC2=C(CNC2)CC12CCCC2=O)N1CC2(CC(F)(F)C2)c2c1cnn2C1CNC1,0,
105865,1,,,,,CC(Cl)CC(c1cnn(C(N)NN)c1)C(Nc1ccc2c(c1)CNC2)C(=O)NCC1CCOCC1,0,
105893,1,,,,,O=C(NCC1CCOCC1)C(Nc1ccc2c(c1)CNC2)c1cc(CO)cc2c1CNC21CCNCC1,0,
105924,1,,,,,O=CC(NC1(O)Cc2c(ccc3c2CNC3)NC1c1cc(Cl)cc2n[nH]cc12)C1CCOCC1,0,
105968,1,,,,,O=C(NCC1CCOCC1)C(O)(NC1CC2=C(CNC2)C2(CCS(=O)(=O)CC2)C1)c1cc(Cl)cc2n[nH]cc12,0,
106001,1,,,,,O=C(NCC1CCOCC1)C(O)(Nc1ccc2c(c1)CNC2)c1cc(Cl)c2scc3c2c1C=N3,0,
106002,1,,,,,N#Cc1csc2cc(C(O)(Nc3ccc4c(c3)CNC4)C(=O)NCC3CCOCC3)c3c[nH]nc3c12,0,
106006,1,,,,,O=C(NCC1CCOCC1)C(Nc1ccc2c(c1)CNC2)c1cc(Cl)c2[nH]c(=O)n3ncc1c23,0,
106013,1,,,,,N=C(N)n1ncc2c(C(O)(Nc3ccc4c(c3)CNC4)C(=O)NCC3CCOCC3)cc(Cl)cc21,0,
106018,1,,,,,O=C(NCC1CCOCC1)C(O)(Nc1ccc2c(c1)CNC2)c1cc(Cl)cc2c1CC1(CCNCC1)N2,0,
106021,1,,,,,CN(Cn1ncc2c(C(O)(Nc3ccc4c(c3)CNC4)C(=O)NCC3CCOCC3)cc(Cl)cc21)C1CCOCC1,0,
106026,1,,,,,O=C(NCC1CCOCC1)C(O)(Nc1ccc2c(c1)CNC2)c1cc(Cl)cc2nn(CC3CNC3)cc12,0,
106046,1,,,,,NCn1cc2c(C(O)(Nc3ccc4c(c3)CNC4)C(=O)NCC3CCOCC3)cc(Cl)cc2n1,0,
106057,1,,,,,Nn1ncc2c(C(O)(Nc3ccc4c(c3)CNC4)C(=O)NCC3CCOCC3)cc(Cl)cc21,0,
106063,1,,,,,O=C(NCC1CCOCC1)C(O)(Nc1ccc2c(c1)CNC2)c1cc(Cl)cc2c1CNC21CCOCC1,0,
106065,1,,,,,Cc1cc(C(=O)Nc2ccc3c(c2)CNC3)c2c3c1CNCN3NC2,0,
106080,1,,,,,Cn1ncc2c(C(=O)Nc3ccc4c(c3)CNC4)c3ncccn3c21,0,
106109,1,,,,,Cc1cc(C(=O)Nc2cc(C)c3c(c2)CNC3)c2c(NF)nn(C)c2n1,0,
106134,1,,,,,Cc1cc(C(=O)C(=O)c2ccc3c(c2)CNC3)c2cnn(C)c2n1,0,
106136,1,,,,,CCc1c2nc(C)cc(C(=O)C(=O)c3ccc4c(c3)CNC4)c2cn1C,0,
106142,1,,,,,CCC12CCCC3=C1C(CCN[N+]2([O-])C(=O)C(CC(C)N)c1cnn(CCNC)c1)NC3,0,
106160,1,,,,,CNC(=O)C(O)(Nc1ccc2c(c1)CNC2)c1cc(C)nc2c1cnn2C,0,
106193,1,,,,,CCc1c2nc(C)cc(C(=O)N(C(=O)NCC(F)F)c3ccc4c(c3)CNC4)c2cn1O,0,
106197,1,,,,,COCCOn1c(C)c2nc(C)cc(C(=O)Nc3ccc4c(c3)CNC4)c2c1C,0,
106227,1,,,,,Cc1cc(C(O)(CC(=O)O)Nc2ccc3c(c2)CNC3)c2cnn(C)c2n1,0,
106234,1,,,,,CC1CC(C(=O)Nc2ccc3c(c2)CNC3)C2CNC3(CCN(C)CC3)C2O1,0,
106236,1,,,,,Cc1cc(C(=O)Nc2ccc3c(c2)CNC3)c2c(n1)C(C)(CN(C)C1CCOCC1)NC2,0,
106254,1,,,,,CNCC1(C)NCc2c(C(=O)Nc3ccc4c(c3)CN(F)C4)cc(C)nc21,0,
106284,1,,,,,CNCC1CC1CC1CCC(C(C)=O)(C(=O)CC2CCCO2)C(c2cc(Cl)cc3c2c(C)nn3CO)N1,0,
106401,1,,,,,O=C(NCC1CCCO1)C(NC1CC2=C(CNC2)C2(CCOCC2)C1)c1cc(Cl)cc2[nH]ncc12,0,
106408,1,,,,,O=C(NCC1CCCO1)C(Nc1ccc2c(c1)CNC2)c1cc(Cl)cc2c1C=N[NH+]2[O-],0,
106412,1,,,,,CSCc1c(C(CCCl)C(Nc2ccc3c(c2)CNC3)C(=O)NCC2CCCO2)cnn1-c1cccc(CN)c1,0,
106437,1,,,,,CN(c1ccc2c(c1)CNC2)C(C(=O)C(=O)CC1CCCO1)c1cc(Cl)cc2[nH]ncc12,0,
106466,1,,,,,CNCn1ncc2c(C(O)(Nc3cc(F)c4c(c3)CNC43CCCCC3)C(=O)NCC3CCCO3)cc(Cl)cc21,0,
106545,1,,,,,O=C1Cc2c(cccc2C(O)(O)c2[nH]cc3c4c([nH]c23)CNC4)N1,0,
106583,1,,,,,O=C1Cc2c(C(=O)Nc3ccc4c(c3)CNC4)cc3scnc3c2N1,0,
106601,1,,,,,O=C1Cc2c(cc(Cl)cc2C(Nc2ccc3c(c2)CNC3)C(=O)NCC2CCCO2)N1,0,
106604,1,,,,,O=C(Nc1ccc2c(c1)CNC2)c1cccc2c1CC(=O)C21CCNCC1,0,
106627,1,,,,,O=C(Nc1ccc2c(c1)CNC2)c1ccc2[nH]c(=O)n3c2c1CC3=O,0,
106629,1,,,,,CNCN1C(=O)Cc2c(C(=O)Nc3ccc4c(c3)CNC4)cc(Br)cc21,0,
106651,1,,,,,CNCN1C(=O)Cc2c(C(=O)Nc3cc4c(cc3F)CNC4)cc(Cl)cc21,0,
106668,1,,,,,O=C(Nc1ccc2c(c1)CNC2)c1cc(Cl)cc2c1CC(=O)N2NC1CNC1,0,
106736,1,,,,,Cn1c(-c2ccccc2)nc2c(C(=O)C(=O)c3ccc4c(c3)CNC4)cc(F)cc21,0,
106760,1,,,,,NN1Cc2ccc(NC(=O)c3cc(F)cc4c3ncn4C3CCCO3)cc2C1,0,
106792,1,,,,,O=C(NC1CC2=C(CNC2)C2(CCS(=O)(=O)CC2)C1)c1cc(F)cc2nc(-c3ccccc3)[nH]c12,0,
106832,1,,,,,O=C(NCC(F)F)N(C(=O)c1cc(F)cc2nc(-c3ccccc3)[nH]c12)c1ccc2c(c1)CNC2,0,
106834,1,,,,,Cc1ccc(-c2nc3cc(F)cc(C(=O)Nc4ccc5c(c4)CNC5)c3[nH]2)cc1,1,
106848,1,,,,,CNCn1c(-c2ccccc2)nc2c(C(=O)Nc3cc4c(c5c3OC(C)(C)C5)CNC4)cc(F)cc21,0,
106863,1,,,,,O=C(Nc1ccc2c(c1)CNC2)C1CC(F)CC2C1NC1=C3CCCCC3OCN12,0,
106956,1,,,,,Cc1nn(CO)c2cc(F)cc(C3=C4C5CCCCC(C5)C4C4C(CC5CNCC5C4C4=CCS(=O)(=O)CC4)N3)c12,0,
107030,1,,,,,O=C(Nc1cc2c(c(C3=CCS(=O)(=O)CC3)c1)CNC2)c1cc(F)c2[nH]c(=O)n3ncc1c23,0,
107054,1,,,,,CNCn1ncc2c(C(=O)Nc3cc4c(c(C5=CCS(=O)(=O)CC5)c3)CN(C)C4)cc(F)cc21,0,
107056,1,,,,,CNCn1ncc2c(C(=O)Nc3cc4c(c(C5=CCS(=O)(=O)CC5)c3F)CNC4)cc(F)cc21,0,
107065,1,,,,,CNCN1c2cc(F)cc(C(=O)Nc3cc4c(c(C5=CCS(=O)(=O)CC5)c3)CNC4)c2CC12CCC(OC)NN2,0,
107074,1,,,,,NCc1c(F)cc(C(N=O)Nc2cc3c(c(C4=CCS(=O)(=O)CC4)c2)CNC3)c2cn[nH]c12,0,
107084,1,,,,,COc1ccc(N2CCC(CC(C)S(C)(=O)=O)NC2)c(C(=O)Nc2ccc3c(c2)CNC3)c1,0,
107088,1,,,,,CCC(C)(c1nc2cc(F)cc(C(=O)Nc3ccc4c(c3)CNC4)c2[nH]1)S(C)(=O)=O,0,
107090,1,,,,,CC1(CO)CC(C)(S(C)(=O)=O)c2nc3c(C(=O)Nc4ccc5c(c4)CNC5)cc(F)cc3n2N1,0,
107094,1,,,,,CC(C)(c1nc2c(C(=O)Nc3ccc4c(c3)CNC4)cc(F)cc2n1N)S(C)(=O)=O,0,
107129,1,,,,,CCC1NNC(Nc2cc(F)cc(C(=O)Nc3cc(C)c4c(c3)CNC4)c2)C(C)(S(C)(=O)=O)C1C,0,
107146,1,,,,,CC(C)(c1nc2c(C(=O)C(=O)c3ccc4c(c3)CNC4)cc(F)cc2n1CO)S(C)(=O)=O,0,
107192,1,,,,,CS(=O)(=O)CC1CCCCC12Nc1cc(F)cc(C(=O)Nc3ccc4c(c3)CNC4)c1N2,0,
107210,1,,,,,CC(C)(c1nc2cc(F)cc(C(=O)Nc3ccc4c(c3)CNC4)c2n1OCCCO)S(C)(=O)=O,0,
107245,1,,,,,CCN(CC(C)(NC)c1nc2c(C(=O)Nc3ccc4c(c3)CNC4)cc(F)c(NC=O)c2[nH]1)S(C)=O,0,
107274,1,,,,,O=C1CCNC(c2cnco2)C1,0,
107279,1,,,,,O=C1CCNC(c2cnoc2)C1,0,
107286,1,,,,,O=C1CCNC(c2cncs2)C1,0,
107290,1,,,,,O=C1CCNC(c2cocn2)C1,0,
107300,1,505,5.0,182.0,20.0,CCOC1CN(C(=O)C(C)(C)c2ccns2)CCC1=O,0,C107300 Enamine:mRDB:Z4478096864 5.0mg @ 90% = €182.00 EUR (20 days) CCOC1CN(CCC1=O)C(=O)C(C)(C)C2=CC=NS2
107312,1,,,,,CC#CCCNCc1ccc2cccnc2c1,0,
107415,1,,,,,CCCN(CCC)CCSc1cnn2c1CNCC2,0,
107637,1,569,5.0,182.0,20.0,CCCC(C)(CC)C(=O)NCC(O)CNC(=O)c1cccnc1,0,C107637 Enamine:mRDB:Z9898723516 5.0mg @ 90% = €182.00 EUR (20 days) CCCC(C)(CC)C(=O)NCC(O)CNC(=O)C1=CC=CN=C1
107730,1,570,5.0,182.0,20.0,CC(F)CC(=O)N1CCC(C(C)NC(=O)Cc2ccn[nH]2)CC1,0,C107730 Enamine:mRDB:Z9898723519 5.0mg @ 90% = €182.00 EUR (20 days) CC(F)CC(=O)N1CCC(CC1)C(C)NC(=O)CC2=CC=NN2
107736,1,571,5.0,182.0,20.0,CC(CF)C(=O)N(C)CC1CCCCN1C(=O)Cc1ccn[nH]1,0,C107736 Enamine:mRDB:Z9898723521 5.0mg @ 90% = €182.00 EUR (20 days) CC(CF)C(=O)N(C)CC1CCCCN1C(=O)CC2=CC=NN2
107817,1,,,,,C#CC(C)(C)Nc1ncnc2ccccc12,0,
107826,1,91,5.0,121.0,20.0,CC(CNc1ncnc2ccccc12)C(C)(C)C,0,C107826 Enamine:sRDB:Z1212717419 5.0mg @ 90% = €121.00 EUR (20 days) CC(CNC1=NC=NC2=CC=CC=C12)C(C)(C)C
107866,1,,,,,C=CCS(=O)(=O)Nc1nc2ccccc2[nH]1,0,
107884,1,48,5.0,78.0,10.0,c1ccc(-c2nc(NCc3ccco3)c3ccccc3n2)nc1,0,C107884 Enamine:Advanced:Z1863671858 5.0mg @ 90% = €78.00 EUR (10 days) C1=COC(=C1)CNC=2N=C(N=C3C=CC=CC23)C=4C=CC=CN4
107948,1,572,5.0,182.0,20.0,CCN(CCNC(=O)c1cc[nH]n1)C(=O)C1CCNC(=O)C1,0,C107948 Enamine:mRDB:Z9898723531 5.0mg @ 90% = €182.00 EUR (20 days) CCN(CCNC(=O)C=1C=CNN1)C(=O)C2CCNC(=O)C2
107987,1,,,,,O=C(NCC(NC1CCCNC1=O)c1ccccc1)c1cc[nH]n1,0,
108280,1,314,5.0,121.0,20.0,O=C(O)c1cnn2c1CN(C(=O)c1ccn3nccc3c1)CC2,0,C108280 Enamine:sRDB:Z3668601731 5.0mg @ 90% = €121.00 EUR (20 days) O=C(O)C=1C=NN2CCN(CC12)C(=O)C=3C=CN4N=CC=C4C3
108304,1,573,5.0,182.0,20.0,O=C(Nc1ccc2nscc2c1)N1CCn2ncc(Cl)c2C1,0,C108304 Enamine:mRDB:Z9898723537 5.0mg @ 90% = €182.00 EUR (20 days) O=C(NC=1C=CC2=NSC=C2C1)N3CCN4N=CC(Cl)=C4C3
108362,1,574,5.0,182.0,20.0,CC(CNC(=O)c1cn2ccccc2n1)NC(=O)c1cnc[nH]1,0,C108362 Enamine:mRDB:Z9898723541 5.0mg @ 90% = €182.00 EUR (20 days) CC(CNC(=O)C1=CN2C=CC=CC2=N1)NC(=O)C3=CN=CN3
108373,1,69,5.0,121.0,20.0,C=C(Br)CNc1ccnc2ccsc12,0,C108373 Enamine:sRDB:Z1272250816 5.0mg @ 90% = €121.00 EUR (20 days) C=C(Br)CNC=1C=CN=C2C=CSC12
108375,1,83,5.0,121.0,20.0,CSCCCNc1ccnc2ccsc12,0,C108375 Enamine:sRDB:Z1272419275 5.0mg @ 90% = €121.00 EUR (20 days) CSCCCNC=1C=CN=C2C=CSC12
108379,1,79,5.0,121.0,20.0,CC(C)(C)CNc1ccnc2ccsc12,0,C108379 Enamine:sRDB:Z1272233055 5.0mg @ 90% = €121.00 EUR (20 days) CC(C)(C)CNC=1C=CN=C2C=CSC12
108381,1,,,,,CC(C)(CCl)Nc1ccnc2ccsc12,0,
108383,1,80,5.0,121.0,20.0,CC(C)C(C)Nc1ccnc2ccsc12,0,C108383 Enamine:sRDB:Z1272135557 5.0mg @ 90% = €121.00 EUR (20 days) CC(C)C(C)NC=1C=CN=C2C=CSC12
108385,1,70,5.0,121.0,20.0,CC(C)CNc1ccnc2ccsc12,0,C108385 Enamine:sRDB:Z1272133399 5.0mg @ 90% = €121.00 EUR (20 days) CC(C)CNC=1C=CN=C2C=CSC12
108386,1,,,,,CCC(CCl)Nc1ccnc2ccsc12,0,
108392,1,82,5.0,121.0,20.0,C[S+]([O-])CCNc1ccnc2ccsc12,0,C108392 Enamine:sRDB:Z9898723583 5.0mg @ 90% = €121.00 EUR (20 days) C[S+]([O-])CCNC=1C=CN=C2C=CSC12
108396,1,268,5.0,121.0,20.0,CC#CCNc1ccnc2ccsc12,0,C108396 Enamine:sRDB:Z3000894615 5.0mg @ 90% = €121.00 EUR (20 days) CC#CCNC=1C=CN=C2C=CSC12
108399,1,81,5.0,121.0,20.0,CCCCCNc1ccnc2ccsc12,0,C108399 Enamine:sRDB:Z1272132423 5.0mg @ 90% = €121.00 EUR (20 days) CCCCCNC=1C=CN=C2C=CSC12
108403,1,468,5.0,182.0,20.0,C#CCNc1ccnc2ccsc12,0,C108403 Enamine:mRDB:Z3000894592 5.0mg @ 90% = €182.00 EUR (20 days) C#CCNC=1C=CN=C2C=CSC12
108408,1,269,5.0,121.0,20.0,C=CCC(C)Nc1ccnc2ccsc12,0,C108408 Enamine:sRDB:Z3000894669 5.0mg @ 90% = €121.00 EUR (20 days) C=CCC(C)NC=1C=CN=C2C=CSC12
108410,1,270,5.0,121.0,20.0,CC(Nc1ccnc2ccsc12)C(F)F,0,C108410 Enamine:sRDB:Z3000896092 5.0mg @ 90% = €121.00 EUR (20 days) CC(NC=1C=CN=C2C=CSC12)C(F)F
108558,1,575,5.0,182.0,20.0,CCCN(CCNC(=O)c1cc[nH]n1)C(=O)c1c[nH]c(C)n1,0,C108558 Enamine:mRDB:Z9898723614 5.0mg @ 90% = €182.00 EUR (20 days) CCCN(CCNC(=O)C=1C=CNN1)C(=O)C2=CNC(C)=N2
108582,1,449,5.0,121.0,20.0,O=C(NCC1(OCCO)CCC1)C(O)c1c[nH]cn1,0,C108582 Enamine:sRDB:Z9898723618 5.0mg @ 90% = €121.00 EUR (20 days) O=C(NCC1(CCC1)OCCO)C(O)C2=CNC=N2
108668,1,,,,,O=C1CCC2(CCN(c3nnc4ccccn34)CC2)CN1CCc1cccnc1,0,
108669,1,,,,,CCn1nc(-c2cccnc2)nc1-c1cccc2nncn12,0,
108806,1,,,,,CC(N)C(C)c1nc2ccccc2[nH]1,0,
108810,1,,,,,C=CCCC(CC)NCc1nc2ccccc2[nH]1,0,
108828,1,,,,,FC(F)(F)CNCCc1nc2ccccc2[nH]1,0,
108830,1,78,5.0,121.0,20.0,CC(N)CN(C)c1nc2ccccc2[nH]1,0,C108830 Enamine:sRDB:Z2104800792 5.0mg @ 90% = €121.00 EUR (20 days) CC(N)CN(C)C1=NC2=CC=CC=C2N1
108924,1,576,5.0,182.0,20.0,CCCc1nc(-c2noc(-c3cccc4ncccc34)n2)co1,0,C108924 Enamine:mRDB:Z9898723635 5.0mg @ 90% = €182.00 EUR (20 days) CCCC1=NC(=CO1)C2=NOC(=N2)C=3C=CC=C4N=CC=CC34
109063,1,165,5.0,121.0,20.0,CCCCCC(=O)Nc1cccc2[nH]cnc12,0,C109063 Enamine:sRDB:Z1230022571 5.0mg @ 90% = €121.00 EUR (20 days) CCCCCC(=O)NC1=CC=CC=2NC=NC12
109200,1,111,5.0,121.0,20.0,O=C(Nc1cccc(C2CC2)n1)c1cccc2cc[nH]c12,0,C109200 Enamine:sRDB:Z2231303430 5.0mg @ 90% = €121.00 EUR (20 days) O=C(NC=1C=CC=C(N1)C2CC2)C=3C=CC=C4C=CNC34
109218,1,,,,,c1cncc(-c2ccnc3nc(-c4cc5ccccc5[nH]4)nn23)c1,0,
109220,1,459,5.0,121.0,20.0,O=C(NC1CCOC(c2ccccn2)C1)c1cccc2cc[nH]c12,0,"C109220 Enamine:sRDB:Z2298267532 5.0mg @ 90% = €121.00 EUR (20 days) O=C(N[C@@H]1CCO[C@H](C1)C=2C=CC=CN2)C=3C=CC=C4C=CNC34 |&1:3,7,r|"
109286,1,36,5.0,50.0,10.0,CC(=O)N1CCN(C(=O)c2ccc3[nH]c4c(c3c2)CCCCC4)CC1,0,C109286 Enamine:HTS:Z365164162 5.0mg @ 90% = €50.00 EUR (10 days) CC(=O)N1CCN(CC1)C(=O)C=2C=CC=3NC=4CCCCCC4C3C2
109564,1,319,5.0,121.0,20.0,Cc1cn2cc(C(=O)N(C)C3CCCCNC3)ccc2n1,0,C109564 Enamine:sRDB:Z3795320575 5.0mg @ 90% = €121.00 EUR (20 days) CC1=CN2C=C(C=CC2=N1)C(=O)N(C)C3CCCCNC3
109749,1,,,,,c1noc(-c2cnn3c2CNCC3)n1,0,
110092,1,577,5.0,182.0,20.0,CCCC(=O)NCC(C)(CO)NC(=O)c1ccn2ccnc2c1,0,C110092 Enamine:mRDB:Z9898723664 5.0mg @ 90% = €182.00 EUR (20 days) CCCC(=O)NCC(C)(CO)NC(=O)C=1C=CN2C=CN=C2C1
110236,1,301,5.0,121.0,20.0,CC(C)(CNS(=O)(=O)c1ccc2scnc2c1)C1CCCN1,0,C110236 Enamine:sRDB:Z3511087759 5.0mg @ 90% = €121.00 EUR (20 days) CC(C)(CNS(=O)(=O)C1=CC=C2SC=NC2=C1)C3CCCN3
110260,1,,,,,CC(C)(C)c1nc[nH]c1COC(=O)c1cc2ccsc2[nH]1,0,
110271,1,320,5.0,121.0,20.0,CCCn1ccnc1CNCCc1cccc2cc[nH]c12,0,C110271 Enamine:sRDB:Z3801991148 5.0mg @ 90% = €121.00 EUR (20 days) CCCN1C=CN=C1CNCCC=2C=CC=C3C=CNC23
110510,1,222,5.0,121.0,20.0,C#CC(NC(=O)c1cccc2ccncc12)C(C)C,0,C110510 Enamine:sRDB:Z2453853703 5.0mg @ 90% = €121.00 EUR (20 days) C#CC(NC(=O)C1=CC=CC2=CC=NC=C12)C(C)C
110691,1,6,5.0,45.0,10.0,CCC(C)NC(=O)CSc1ncnc2ccccc12,0,C110691 Enamine:Legacy:Z19315311 5.0mg @ 90% = €45.00 EUR (10 days) CCC(C)NC(=O)CSC=1N=CN=C2C=CC=CC12
110920,1,199,5.0,121.0,20.0,CCC(NC(=O)CCC(C)SC)c1ncc[nH]1,0,C110920 Enamine:sRDB:Z1771627349 5.0mg @ 90% = €121.00 EUR (20 days) CCC(NC(=O)CCC(C)SC)C1=NC=CN1
110950,1,38,5.0,50.0,10.0,CC(C)(C(=O)NCC(F)(F)F)c1c[nH]cn1,0,C110950 Enamine:HTS:Z1916058479 5.0mg @ 90% = €50.00 EUR (10 days) CC(C)(C(=O)NCC(F)(F)F)C1=CNC=N1
111176,1,598,5.0,182.0,20.0,COCC(OC)C(=O)N1CCN(Cc2ccc3ncccc3c2)CC1,0,C111176 Enamine:mRDB:Z9898723710 5.0mg @ 90% = €182.00 EUR (20 days) COCC(OC)C(=O)N1CCN(CC2=CC=C3N=CC=CC3=C2)CC1
111379,1,195,5.0,121.0,20.0,CNC(=O)Cc1nc(COC(=O)C2CCCc3sccc32)cs1,0,C111379 Enamine:sRDB:Z1466012582 5.0mg @ 90% = €121.00 EUR (20 days) CNC(=O)CC1=NC(=CS1)COC(=O)C2CCCC=3SC=CC32
111500,1,,,,,CCCNC(c1ncc[nH]1)C(F)(F)F,0,
111558,1,458,5.0,121.0,20.0,CC(c1ccccc1)N(CC(N)=O)C(=O)C(F)(F)c1nccs1,0,C111558 Enamine:sRDB:Z1862568234 5.0mg @ 90% = €121.00 EUR (20 days) C[C@H](C=1C=CC=CC1)N(CC(N)=O)C(=O)C(F)(F)C2=NC=CS2
111665,1,602,5.0,182.0,20.0,O=C(NC1CCN(C(=O)CSC(F)F)C1)C(O)Cc1c[nH]cn1,0,C111665 Enamine:mRDB:Z9898795073 5.0mg @ 90% = €182.00 EUR (20 days) O=C(CSC(F)F)N1CCC(C1)NC(=O)[C@@H](O)CC2=CNC=N2
111696,1,50,5.0,91.0,10.0,NC(=O)C(O)(CN1CCCC(c2ncc[nH]2)C1)c1ccccc1,0,C111696 Enamine:Premium:Z2599644748 5.0mg @ 90% = €91.00 EUR (10 days) NC(=O)C(O)(CN1CCCC(C1)C2=NC=CN2)C=3C=CC=CC3
111786,1,308,5.0,121.0,20.0,O=C(Nc1ccc2cn[nH]c2n1)c1ccnn1C1CCCCC1,0,C111786 Enamine:sRDB:Z3547409799 5.0mg @ 90% = €121.00 EUR (20 days) O=C(NC=1C=CC=2C=NNC2N1)C3=CC=NN3C4CCCCC4
111861,1,,,,,c1cc2c(c(C3CCCNC3)c1)CCS2,0,
111931,1,330,5.0,121.0,20.0,CC(=O)NCc1ccc(C(=O)OC2CCCC(=O)NC2)s1,0,C111931 Enamine:sRDB:Z4013948985 5.0mg @ 90% = €121.00 EUR (20 days) CC(=O)NCC1=CC=C(S1)C(=O)OC2CCCC(=O)NC2
112217,1,190,5.0,121.0,20.0,CC(C)(C(N)=O)N1CCN(C(=O)Cc2csc3nccn23)CC1,0,C112217 Enamine:sRDB:Z1439978311 5.0mg @ 90% = €121.00 EUR (20 days) CC(C)(C(N)=O)N1CCN(CC1)C(=O)CC2=CSC3=NC=CN23
112324,1,,,,,CC(O)C(=O)NC1C2CN(C(=O)c3nnn4ccccc34)CC21,0,
112609,1,450,5.0,121.0,20.0,Cc1cccn2c(NC(=O)c3cccc4cc[nH]c34)cnc12,0,C112609 Enamine:sRDB:Z9898723754 5.0mg @ 90% = €121.00 EUR (20 days) CC1=CC=CN2C(=CN=C12)NC(=O)C=3C=CC=C4C=CNC34
112643,1,309,5.0,121.0,20.0,CN(Cc1cnn2c1CNCC2)C(=O)C(CN)Cc1ccccc1,0,C112643 Enamine:sRDB:Z3550795113 5.0mg @ 90% = €121.00 EUR (20 days) CN(CC=1C=NN2CCNCC12)C(=O)C(CN)CC=3C=CC=CC3
112705,1,462,5.0,121.0,20.0,NCC1CCC(CC(=O)NCc2ccc3[nH]cnc3c2)CC1,0,C112705 Enamine:sRDB:Z4063047971 5.0mg @ 90% = €121.00 EUR (20 days) NC[C@H]1CC[C@H](CC(=O)NCC=2C=CC=3NC=NC3C2)CC1
112745,1,197,5.0,121.0,20.0,CN(C(=O)c1ccc2ccccc2n1)c1nc2cccc(Cl)c2s1,0,C112745 Enamine:sRDB:Z1883307753 5.0mg @ 90% = €121.00 EUR (20 days) CN(C(=O)C=1C=CC=2C=CC=CC2N1)C3=NC=4C=CC=C(Cl)C4S3
112762,1,318,5.0,121.0,20.0,CC(CCc1ccncc1)NC(=O)c1ccc2c(n1)CCCN2,0,C112762 Enamine:sRDB:Z3794820093 5.0mg @ 90% = €121.00 EUR (20 days) CC(CCC=1C=CN=CC1)NC(=O)C=2C=CC=3NCCCC3N2
113212,1,68,5.0,121.0,20.0,CC(C)N(CCO)C(=O)c1c[nH]cn1,0,C113212 Enamine:sRDB:Z2736980633 5.0mg @ 90% = €121.00 EUR (20 days) CC(C)N(CCO)C(=O)C1=CNC=N1
113258,1,4,5.0,45.0,10.0,O=C(Nc1cccc2ncccc12)c1ccco1,0,C113258 Enamine:Legacy:Z29904146 5.0mg @ 90% = €45.00 EUR (10 days) O=C(NC=1C=CC=C2N=CC=CC12)C3=CC=CO3
113263,1,31,5.0,50.0,10.0,O=C(Nc1cccc2ncccc12)c1cc2c(s1)CCC2,0,C113263 Enamine:HTS:Z29902745 5.0mg @ 90% = €50.00 EUR (10 days) O=C(NC=1C=CC=C2N=CC=CC12)C3=CC=4CCCC4S3
113266,1,127,5.0,121.0,20.0,O=C(Nc1cccc2ncccc12)c1ccoc1,0,C113266 Enamine:sRDB:Z167010162 5.0mg @ 90% = €121.00 EUR (20 days) O=C(NC=1C=CC=C2N=CC=CC12)C=3C=COC3
113385,1,,,,,CC(N)Cc1nc2c([nH]1)C1(CC2)CC1,0,
113525,1,128,5.0,121.0,20.0,O=C(CC1CCCC1)NCc1ccc(-n2cnc3ccccc32)nc1,0,C113525 Enamine:sRDB:Z952524222 5.0mg @ 90% = €121.00 EUR (20 days) O=C(CC1CCCC1)NCC=2C=CC(=NC2)N3C=NC=4C=CC=CC43
113623,1,294,5.0,121.0,20.0,Cc1nccc(CSc2cnn3c2CNCC3)n1,0,C113623 Enamine:sRDB:Z3407984642 5.0mg @ 90% = €121.00 EUR (20 days) CC=1N=CC=C(CSC=2C=NN3CCNCC23)N1
113667,1,578,5.0,182.0,20.0,Brc1ccc(N2CCC(c3ncnc4ccccc34)C2)nc1,0,C113667 Enamine:mRDB:Z9898723788 5.0mg @ 90% = €182.00 EUR (20 days) BrC=1C=CC(=NC1)N2CCC(C2)C=3N=CN=C4C=CC=CC34
113775,1,,,,,Cc1cc(C)c2nc(NC(C)C)sc2c1,0,
114014,1,137,5.0,121.0,20.0,CC(=O)N(C)C1CCN(C(=O)c2cccc3[nH]c(=O)[nH]c23)CC1,0,C114014 Enamine:sRDB:Z2228907613 5.0mg @ 90% = €121.00 EUR (20 days) CC(=O)N(C)C1CCN(CC1)C(=O)C=2C=CC=C3NC(=O)NC23
114044,1,451,5.0,121.0,20.0,Cn1ccnc1NC(=O)c1ccc2ccccc2n1,0,C114044 Enamine:sRDB:Z9898723794 5.0mg @ 90% = €121.00 EUR (20 days) CN1C=CN=C1NC(=O)C=2C=CC=3C=CC=CC3N2
114072,1,218,5.0,121.0,20.0,CC(CC(=O)N1CCN(CCC(C)(C)C)CC1)n1cccn1,0,C114072 Enamine:sRDB:Z2406305078 5.0mg @ 90% = €121.00 EUR (20 days) CC(CC(=O)N1CCN(CCC(C)(C)C)CC1)N2C=CC=N2
114112,1,,,,,Cn1cnc(N2CCNC(c3cn[nH]c3)C2)cc1=O,0,
114282,1,,,,,O=C1CCCC(CNC(=O)C2CCCNC2)N1,0,
114416,1,579,5.0,182.0,20.0,COCC(=O)NC12CC(NC(=O)CC(C)c3cccnc3)(C1)C2,0,C114416 Enamine:mRDB:Z9898723839 5.0mg @ 90% = €182.00 EUR (20 days) COCC(=O)NC12CC(C1)(C2)NC(=O)CC(C)C3=CC=CN=C3
114937,1,208,5.0,121.0,20.0,CC(CCCc1cccnc1)NCCc1cccs1,0,C114937 Enamine:sRDB:Z2285559153 5.0mg @ 90% = €121.00 EUR (20 days) CC(CCCC=1C=CC=NC1)NCCC2=CC=CS2
115462,1,,,,,CC(CN)n1c(=O)n(C)c2cccc(Cl)c21,0,
115508,1,192,5.0,121.0,20.0,CC(Oc1ccc(-c2ccccc2)cc1)C(=O)NC1CCCNC1,0,C115508 Enamine:sRDB:Z2439915139 5.0mg @ 90% = €121.00 EUR (20 days) CC(OC=1C=CC(=CC1)C=2C=CC=CC2)C(=O)NC3CCCNC3
115821,1,187,5.0,121.0,20.0,CC(=O)NCC1CCCN(S(=O)(=O)c2ccc3ncsc3c2)C1,0,C115821 Enamine:sRDB:Z1725180067 5.0mg @ 90% = €121.00 EUR (20 days) CC(=O)NCC1CCCN(C1)S(=O)(=O)C2=CC=C3N=CSC3=C2
116066,1,280,5.0,121.0,20.0,O=C(CCCn1ccnc1)NCc1nc2ccccn2c1Br,0,C116066 Enamine:sRDB:Z3060693680 5.0mg @ 90% = €121.00 EUR (20 days) O=C(CCCN1C=CN=C1)NCC=2N=C3C=CC=CN3C2Br
116077,1,329,5.0,121.0,20.0,Cc1cccn2cc(C(=O)NCC(C)(C)n3ccnc3)nc12,0,C116077 Enamine:sRDB:Z3948696414 5.0mg @ 90% = €121.00 EUR (20 days) CC1=CC=CN2C=C(N=C12)C(=O)NCC(C)(C)N3C=CN=C3
116156,1,305,5.0,121.0,20.0,COCC(NC(=O)c1cc2c(s1)CCNC2)c1ccccn1,0,C116156 Enamine:sRDB:Z3522981678 5.0mg @ 90% = €121.00 EUR (20 days) COCC(NC(=O)C1=CC=2CNCCC2S1)C=3C=CC=CN3
116294,1,452,5.0,121.0,20.0,CC(O)C(=O)Nc1ccccc1Cn1ccnc1,0,C116294 Enamine:sRDB:Z9898723914 5.0mg @ 90% = €121.00 EUR (20 days) CC(O)C(=O)NC1=CC=CC=C1CN2C=CN=C2
116358,1,580,5.0,182.0,20.0,CC(O)C(=O)NC1CC(CCNC(=O)CCc2cscn2)C1,0,C116358 Enamine:mRDB:Z9898723918 5.0mg @ 90% = €182.00 EUR (20 days) CC(O)C(=O)NC1CC(CCNC(=O)CCC2=CSC=N2)C1
116405,1,,,,,CCCCCN1CCn2nc(CNc3ncccn3)cc2C1,0,
116610,1,244,5.0,121.0,20.0,O=C(Cc1cccc2cccnc12)OCCC1CCCNC1=O,0,C116610 Enamine:sRDB:Z2710847241 5.0mg @ 90% = €121.00 EUR (20 days) O=C(CC1=CC=CC2=CC=CN=C12)OCCC3CCCNC3=O
116770,1,180,5.0,121.0,20.0,Cn1cc(NC(=O)CCc2cnc3ccccc3c2)cn1,0,C116770 Enamine:sRDB:Z1939719041 5.0mg @ 90% = €121.00 EUR (20 days) CN1C=C(C=N1)NC(=O)CCC=2C=NC=3C=CC=CC3C2
116793,1,231,5.0,121.0,20.0,CC(C)(C(=O)O)n1ccc(NC(=O)C2CCC(=O)NC2)n1,0,C116793 Enamine:sRDB:Z2607786427 5.0mg @ 90% = €121.00 EUR (20 days) CC(C)(C(=O)O)N1C=CC(=N1)NC(=O)C2CCC(=O)NC2
116809,1,471,5.0,182.0,20.0,CCCCC(CNC(=O)C1CCC(=O)NC1)NC(=O)c1cc[nH]n1,0,C116809 Enamine:mRDB:Z9898723941 5.0mg @ 90% = €182.00 EUR (20 days) CCCCC(CNC(=O)C1CCC(=O)NC1)NC(=O)C=2C=CNN2
116932,1,98,5.0,121.0,20.0,CC(=O)NCC1CCN(C(=O)c2n[nH]c3ccccc23)CC1,0,C116932 Enamine:sRDB:Z435459102 5.0mg @ 90% = €121.00 EUR (20 days) CC(=O)NCC1CCN(CC1)C(=O)C2=NNC=3C=CC=CC23
117036,1,355,5.0,121.0,20.0,O=C(c1nnc2ccccn12)N1CCN(c2cccnn2)CC1,0,C117036 Enamine:sRDB:Z4288088923 5.0mg @ 90% = €121.00 EUR (20 days) O=C(C1=NN=C2C=CC=CN12)N3CCN(CC3)C=4C=CC=NN4
117262,1,246,5.0,121.0,20.0,c1cncc(-c2ccnc(NCc3nnc4ccccn34)n2)c1,0,C117262 Enamine:sRDB:Z2736848698 5.0mg @ 90% = €121.00 EUR (20 days) C=1C=CN2C(CNC=3N=CC=C(N3)C=4C=CC=NC4)=NN=C2C1
117748,1,54,5.0,121.0,20.0,CCn1cncc1COC(=O)CCc1cnc2ccccc2c1,0,C117748 Enamine:sRDB:Z3179409772 5.0mg @ 90% = €121.00 EUR (20 days) CCN1C=NC=C1COC(=O)CCC=2C=NC=3C=CC=CC3C2
117836,1,,,,,CC(CN)c1cn(CC(=O)NCC2CC2)nn1,0,
117950,1,581,5.0,182.0,20.0,CC(=O)NCC12CC(NC(=O)CCC3CCCCO3)(CO1)C2,0,C117950 Enamine:mRDB:Z9898723979 5.0mg @ 90% = €182.00 EUR (20 days) CC(=O)NCC12CC(C1)(CO2)NC(=O)CCC3CCCCO3
118335,1,360,5.0,121.0,20.0,CC(OC(C)(C)C)C(=O)Nc1ccn2ccnc2c1,0,C118335 Enamine:sRDB:Z4406244955 5.0mg @ 90% = €121.00 EUR (20 days) CC(OC(C)(C)C)C(=O)NC=1C=CN2C=CN=C2C1
118342,1,133,5.0,121.0,20.0,C=CCCOC(C)C(=O)Nc1ccn2ccnc2c1,0,C118342 Enamine:sRDB:Z1978346608 5.0mg @ 90% = €121.00 EUR (20 days) C=CCCOC(C)C(=O)NC=1C=CN2C=CN=C2C1
118458,1,,,,,c1cnn(-c2ncnc3c2CCC3)c1,0,
118804,1,483,5.0,182.0,20.0,CC(C)C(C)(C)CNC(=O)CCN1CCNCC1,0,C118804 Enamine:mRDB:Z2751442290 5.0mg @ 90% = €182.00 EUR (20 days) CC(C)C(C)(C)CNC(=O)CCN1CCNCC1
118843,1,,,,,O=C(CCl)NCc1cccn2ccnc12,0,
118995,1,,,,,CC(N)Cc1cccc2cc[nH]c12,0,
119020,1,67,5.0,121.0,20.0,NCCCn1cnc2sccc2c1=O,0,C119020 Enamine:sRDB:Z316909556 5.0mg @ 90% = €121.00 EUR (20 days) NCCCN1C=NC=2SC=CC2C1=O
119032,1,211,5.0,121.0,20.0,CCCNc1ncnc2scnc12,0,C119032 Enamine:sRDB:Z2301698158 5.0mg @ 90% = €121.00 EUR (20 days) CCCNC=1N=CN=C2SC=NC12
119034,1,72,5.0,121.0,20.0,CCCNc1ncnc2nccnc12,0,C119034 Enamine:sRDB:Z1502692171 5.0mg @ 90% = €121.00 EUR (20 days) CCCNC1=NC=NC2=NC=CN=C12
119036,1,,,,,CCCNc1ncnc2oncc12,0,
119039,1,,,,,NCCCn1cnc2scnc2c1=O,0,
119040,1,63,5.0,121.0,20.0,CCCNc1ncnc2sccc12,0,C119040 Enamine:sRDB:Z31254215 5.0mg @ 90% = €121.00 EUR (20 days) CCCNC=1N=CN=C2SC=CC12
119043,1,274,5.0,121.0,20.0,CCCNc1ncnc2cccnc12,0,C119043 Enamine:sRDB:Z3043838702 5.0mg @ 90% = €121.00 EUR (20 days) CCCNC1=NC=NC2=CC=CN=C12
119044,1,71,5.0,121.0,20.0,CCCNc1ncnc2ncccc12,0,C119044 Enamine:sRDB:Z1502692191 5.0mg @ 90% = €121.00 EUR (20 days) CCCNC1=NC=NC2=NC=CC=C12
119048,1,,,,,CC(CN)n1cnc2sccc2c1=O,0,
119049,1,114,5.0,121.0,20.0,CCCNc1nccc2cccnc12,0,C119049 Enamine:sRDB:Z2831779555 5.0mg @ 90% = €121.00 EUR (20 days) CCCNC1=NC=CC2=CC=CN=C12
119052,1,64,5.0,121.0,20.0,CCCNc1ncnc2ccsc12,0,C119052 Enamine:sRDB:Z196121002 5.0mg @ 90% = €121.00 EUR (20 days) CCCNC=1N=CN=C2C=CSC12
119110,1,,,,,N#CC(N)c1ncnc2ccccc12,0,
119115,1,,,,,CCNCCN(C)c1ncnc2ccccc12,0,
119116,1,90,5.0,121.0,20.0,CN(c1ncnc2ccccc12)C(C)(C)CN,0,C119116 Enamine:sRDB:Z1704501081 5.0mg @ 90% = €121.00 EUR (20 days) CN(C=1N=CN=C2C=CC=CC12)C(C)(C)CN
119131,1,85,5.0,121.0,20.0,CCN(CCN)c1ncnc2ccccc12,0,C119131 Enamine:sRDB:Z1154687539 5.0mg @ 90% = €121.00 EUR (20 days) CCN(CCN)C1=NC=NC2=CC=CC=C12
119143,1,86,5.0,121.0,20.0,CC(N)CN(C)c1ncnc2ccccc12,0,C119143 Enamine:sRDB:Z1154688749 5.0mg @ 90% = €121.00 EUR (20 days) CC(N)CN(C)C1=NC=NC2=CC=CC=C12
119147,1,73,5.0,121.0,20.0,CN(CCN)c1ncnc2ccccc12,0,C119147 Enamine:sRDB:Z992906790 5.0mg @ 90% = €121.00 EUR (20 days) CN(CCN)C=1N=CN=C2C=CC=CC12
119150,1,,,,,CCCCN(CCN)c1ncnc2ccccc12,0,
119151,1,,,,,N#CCC(CN)c1ncnc2ccccc12,0,
119198,1,496,5.0,182.0,20.0,O=[N+]([O-])c1cccc2ncnc(NCC(F)C3CCNCC3)c12,0,C119198 Enamine:mRDB:Z3828572537 5.0mg @ 90% = €182.00 EUR (20 days) [O-][N+](=O)C=1C=CC=C2N=CN=C(NCC(F)C3CCNCC3)C12
119200,1,,,,,O=[N+]([O-])c1cccc2ncnc(NCC3CC4CC4N3)c12,0,
119220,1,88,5.0,121.0,20.0,CN(c1ncnc2ccccc12)C1CCNC1,0,C119220 Enamine:sRDB:Z1123688685 5.0mg @ 90% = €121.00 EUR (20 days) CN(C=1N=CN=C2C=CC=CC12)C3CCNC3
119224,1,215,5.0,121.0,20.0,Cc1cccc2ncnc(NCC3CCCCN3)c12,0,C119224 Enamine:sRDB:Z2368271063 5.0mg @ 90% = €121.00 EUR (20 days) CC=1C=CC=C2N=CN=C(NCC3CCCCN3)C12
119693,1,,,,,CC(N)Cc1cccc2c1NC(=O)C2,0,
119788,1,582,5.0,182.0,20.0,CSCC(C)C(=O)NCC(C)NC(=O)c1cccc2scnc12,0,C119788 Enamine:mRDB:Z9898724064 5.0mg @ 90% = €182.00 EUR (20 days) CSCC(C)C(=O)NCC(C)NC(=O)C=1C=CC=C2SC=NC12
119797,1,263,5.0,121.0,20.0,CC(=O)NCCN(C)C(=O)c1ccc2scnc2c1,0,C119797 Enamine:sRDB:Z2960585624 5.0mg @ 90% = €121.00 EUR (20 days) CC(=O)NCCN(C)C(=O)C1=CC=C2SC=NC2=C1
120359,1,206,5.0,121.0,20.0,CC(C)CCCC(=O)Nc1ccncc1,0,C120359 Enamine:sRDB:Z2253776546 5.0mg @ 90% = €121.00 EUR (20 days) CC(C)CCCC(=O)NC=1C=CN=CC1
120385,1,,,,,O=C1CCNC(c2cc[nH]n2)C1,0,
120410,1,,,,,O=C1CCNCC1OCc1ccn[nH]1,0,
120734,1,473,5.0,182.0,20.0,CCC(CC)C(=O)NC1CCCNC1=O,0,C120734 Enamine:mRDB:Z960640204 5.0mg @ 90% = €182.00 EUR (20 days) CCC(CC)C(=O)NC1CCCNC1=O
120894,1,158,5.0,121.0,20.0,CCC(C)NC(=O)c1cccc2[nH]ncc12,0,C120894 Enamine:sRDB:Z394755540 5.0mg @ 90% = €121.00 EUR (20 days) CCC(C)NC(=O)C=1C=CC=C2NN=CC12
121105,1,32,5.0,50.0,10.0,O=C(Nc1ccc(OCCO)cc1)c1ccn2ccnc2c1,0,C121105 Enamine:HTS:Z1543227068 5.0mg @ 90% = €50.00 EUR (10 days) O=C(NC=1C=CC(=CC1)OCCO)C=2C=CN3C=CN=C3C2
