compound_id,smiles,inchikey,required_amount_mg,quoted_amount_mg,quote_id,quote_supplier,quote_catalogue,quote_entry,quote_price,quote_currency,quote_lead_time_days,quoted_purity,quoted_smiles,quote_date,num_downstream_reaction_types,num_downstream_reactions,num_downstream_products,downstream_reaction_types,downstream_reaction_ids,downstream_product_ids
282932,NCCc1cocn1,RWIPJFQIYWOQKH-UHFFFAOYSA-N,3.0,18.5,25609,Enamine,Advanced,EN300-37274749,73.8,EUR,10,0.9,Cl.Cl.NCCC1=COC=N1,2025-10-07,1,3,3,{'Amidation'},"{177, 99, 676}","{107, 266892, 72495}"
282943,Cn1nc(C(=O)O)c2ccccc21,OVVDFORZEGKEJM-UHFFFAOYSA-N,2.0,17.6,25669,Enamine,Functional - BRC,EN300-129568,19.0,EUR,10,0.9,CN1N=C(C(=O)O)C=2C=CC=CC21,2025-10-07,1,2,2,{'Amidation'},"{98, 99}","{107, 204781}"
6221,C1CC(N2CCNCC2)C1,WJJKCJYVIICABH-UHFFFAOYSA-N,1.0,14.0,25919,Enamine,Legacy,EN300-76377,36.0,EUR,10,0.9,C1CC(C1)N2CCNCC2,2025-10-07,1,1,1,{'Amidation'},{1010},{533}
284850,O=C(O)Cc1ccc2ncsc2c1,OAYOVBXHLNEPOD-UHFFFAOYSA-N,1.0,19.3,25569,Enamine,HTS,EN300-173015,47.2,EUR,10,0.9,O=C(O)CC=1C=CC=2N=CSC2C1,2025-10-07,1,1,1,{'Amidation'},{1010},{533}
284554,OCc1ccc2cn[nH]c2c1,WZCQPVLAXQMTJO-UHFFFAOYSA-N,2.0,14.8,25863,Enamine,Legacy,EN300-91253,36.8,EUR,10,0.9,OCC=1C=CC=2C=NNC2C1,2025-10-07,1,2,2,{'Steglich_esterification'},"{1299, 1213}","{5645, 678}"
285253,O=C(O)C1(n2cccn2)CCC1,ZYVKQFYWVKXQGD-UHFFFAOYSA-N,1.0,16.6,25747,Enamine,Functional,EN300-1072450,202.9,EUR,10,0.9,O=C(O)C1(CCC1)N2C=CC=N2,2025-10-07,1,1,1,{'Steglich_esterification'},{1213},{678}
286127,Nc1n[nH]c2cccc(-n3cccn3)c12,PDIXJKQMWMZREX-UHFFFAOYSA-N,1.0,19.9,25527,Enamine,Advanced,EN300-5232400,76.9,EUR,10,0.9,NC=1NN=C2C=CC=C(C12)N3C=CC=N3,2025-10-07,1,1,1,{'Amidation'},{1664},{684}
286128,CC(OC(F)F)C(=O)O,BCEZHAQNRKKRFF-UHFFFAOYSA-N,1.0,14.0,25925,Enamine,Functional,EN300-344271,315.2,EUR,10,0.9,C[C@H](OC(F)F)C(=O)O,2025-10-07,1,1,1,{'Amidation'},{1664},{684}
283111,CC=O,IKHGUXGNUITLKF-UHFFFAOYSA-N,2.0,4.4,26134,Enamine,HTS,EN300-19152,28.2,EUR,10,0.9,CC=O,2025-10-07,1,2,2,{'Petasis-borono_Mannich_reaction'},"{497, 845}","{97404, 686}"
284486,OB(O)c1cccc2[nH]ncc12,BGZZJZIZRARGGZ-UHFFFAOYSA-N,2.0,16.2,25775,Enamine,Functional - Covalent0,EN300-147710,95.0,EUR,10,0.9,OB(O)C=1C=CC=C2NN=CC12,2025-10-07,2,2,2,"{'Sp2-sp2_Suzuki_coupling', 'Petasis-borono_Mannich_reaction'}","{845, 839}","{131861, 686}"
284497,NCC(n1cccn1)C(F)(F)F,LOJZGVKHBJWXMS-UHFFFAOYSA-N,1.0,21.6,25430,Enamine,Legacy,EN300-313371,47.3,EUR,10,0.9,Cl.NCC(N1C=CC=N1)C(F)(F)F,2025-10-07,1,1,1,{'Petasis-borono_Mannich_reaction'},{845},{686}
284654,Ic1ccccn1,CCZWSTFVHJPCEM-UHFFFAOYSA-N,5.0,20.5,25491,Enamine,HTS,EN300-88338,50.0,EUR,10,0.9,IC=1C=CC=CN1,2025-10-07,3,5,5,"{'Sp3-sp2_Suzuki_coupling', 'Sp2-sp2_Suzuki_coupling', 'N-nucleophilic_aromatic_substitution'}","{1507, 912, 1142, 1302, 987}","{712, 6282, 6258, 3732, 733}"
285410,C1CC2CCC1N2,SNZSSCZJMVIOCR-UHFFFAOYSA-N,1.0,13.4,25964,Enamine,HTS,EN300-27295,39.2,EUR,10,0.9,Cl.C1CC2CCC1N2,2025-10-07,1,1,1,{'N-nucleophilic_aromatic_substitution'},{1302},{712}
284655,C1CC2CC2CN1,MZFQJBMXUXJUHF-UHFFFAOYSA-N,2.0,13.4,25971,Enamine,Functional,EN300-300197,163.9,EUR,10,0.9,Cl.C1C2CCNCC12,2025-10-07,2,2,2,"{'Mitsunobu_reaction_with_amine_alcohol_and_thioalcohol', 'N-nucleophilic_aromatic_substitution'}","{912, 1326}","{7642, 733}"
283760,CS(=O)(=O)OC1CCCNC1,NBFIAMNDAAXUFC-UHFFFAOYSA-N,3.0,21.6,25431,Enamine,HTS,EN300-45587936,52.6,EUR,10,0.9,Cl.CS(=O)(=O)OC1CCCNC1,2025-10-07,1,3,3,{'Amine_alkylation'},"{1433, 1154, 807}","{2040, 46497, 759}"
285705,CCC=C1CCNC1,ZSIXFAYVZOLAHC-UHFFFAOYSA-N,1.0,11.1,26079,Enamine,Legacy,EN300-1244016,33.0,EUR,10,0.9,CCC=C1CCNC1,2025-10-07,1,1,1,{'Amine_alkylation'},{1433},{759}
285099,IC1CCNCC1,FGQSHUZAYIVLMB-UHFFFAOYSA-N,1.0,24.8,25335,Enamine,HTS,EN300-7364343,60.1,EUR,10,0.9,Cl.IC1CCNCC1,2025-10-07,1,1,1,{'Amine_alkylation'},{1485},{760}
285802,C1CNCC2(C1)CC2,UNOMGZZFCMNBCN-UHFFFAOYSA-N,1.0,14.8,25866,Enamine,HTS,EN300-141475,40.9,EUR,10,0.9,Cl.C1CC12CCCNC2,2025-10-07,1,1,1,{'Amine_alkylation'},{1485},{760}
284504,C1=CCNC1,JVQIKJMSUIMUDI-UHFFFAOYSA-N,1.0,10.5,26094,Enamine,Legacy,EN300-206299,32.3,EUR,10,0.9,Cl.C1=CCNC1,2025-10-07,1,1,1,{'Amine_alkylation'},{1128},{795}
284510,BrC1CCNCC1,FIHYVUSUEHIGOM-UHFFFAOYSA-N,3.0,24.5,25345,Enamine,HTS,EN300-142176,59.5,EUR,10,0.9,Br.BrC1CCNCC1,2025-10-07,1,2,2,{'Amine_alkylation'},"{1128, 1349}","{5169, 795}"
284871,O=Cc1c[nH]nc1-c1ccc2c(c1)OCO2,KNGSJLHOXNAMTI-UHFFFAOYSA-N,1.0,21.6,25432,Enamine,Functional - Covalent0,EN300-44085,104.5,EUR,10,0.9,O=CC1=CNN=C1C=2C=CC=3OCOC3C2,2025-10-07,1,1,1,{'Reductive_amination'},{1024},{875}
284872,NC1CCCCC1,PAFZNILMFXTMIY-UHFFFAOYSA-N,1.0,13.5,25961,Enamine,Advanced,EN300-29994,63.0,EUR,10,0.9,Cl.NC1CCCCC1,2025-10-07,1,1,1,{'Reductive_amination'},{1024},{875}
285290,O=C(O)CCc1ccc2c(c1)OCO2,UIYJGLLTSVRSBM-UHFFFAOYSA-N,2.0,19.4,25559,Enamine,Legacy,EN300-24326,42.7,EUR,10,0.9,O=C(O)CCC=1C=CC=2OCOC2C1,2025-10-07,1,2,2,{'Amidation'},"{1234, 1642}","{899, 901}"
285291,NC1CCC1C1CCC1,FCDCYVAHYWSBAR-UHFFFAOYSA-N,1.0,16.2,25779,Enamine,Functional,EN300-46617490,239.8,EUR,10,0.9,"Cl.N[C@@H]1CC[C@H]1C2CCC2 |&1:2,5,r|",2025-10-07,1,1,1,{'Amidation'},{1234},{899}
286085,Nc1ccn(C2CCC2)n1,DRAPDGUWMFFWOJ-UHFFFAOYSA-N,1.0,13.7,25943,Enamine,Functional,EN300-783793,161.5,EUR,10,0.9,NC=1C=CN(N1)C2CCC2,2025-10-07,1,1,1,{'Amidation'},{1642},{901}
285327,O=C(O)CCC1CCNC1,VQCUMONTEGWEIX-UHFFFAOYSA-N,1.0,18.0,25631,Enamine,Legacy,EN300-113245,40.0,EUR,10,0.9,Cl.O=C(O)CCC1CCNC1,2025-10-07,1,1,1,{'Amidation'},{1312},{934}
285427,NCC1CCn2cnnc2C1,QCAHQEGOYONBHI-UHFFFAOYSA-N,2.0,18.9,25591,Enamine,HTS,EN300-26677710,46.1,EUR,10,0.9,Cl.NCC1CCN2C=NN=C2C1,2025-10-07,1,2,2,{'Amidation'},"{1312, 1469}","{38131, 934}"
285614,Cc1nnc2n1CC(C(=O)O)CC2,BSCMOTNOTCLFAK-UHFFFAOYSA-N,1.0,18.1,25627,Enamine,HTS,EN300-50561,44.7,EUR,10,0.9,CC1=NN=C2CCC(CN12)C(=O)O,2025-10-07,1,1,1,{'Amidation'},{1390},{1002}
285615,C#CC(N)C1CCC1,DGDPNQUTOGWWCW-UHFFFAOYSA-N,1.0,14.6,25879,Enamine,Functional,EN300-26667423,166.1,EUR,10,0.9,Cl.C#C[C@@H](N)C1CCC1,2025-10-07,1,1,1,{'Amidation'},{1390},{1002}
284495,O=C(O)COC1CNC1,BMJZBVHEFOIQFN-UHFFFAOYSA-N,1.0,24.5,25343,Enamine,Legacy,EN300-265953,53.6,EUR,10,0.9,O=C(O)C(F)(F)F.O=C(O)COC1CNC1,2025-10-07,1,1,1,{'Amidation'},{844},{1120}
284496,NCCN1CCCc2ccccc21,ALWARSIRJIEZMK-UHFFFAOYSA-N,1.0,24.9,25333,Enamine,HTS,EN300-43429,60.5,EUR,10,0.9,Cl.Cl.NCCN1CCCC=2C=CC=CC21,2025-10-07,1,1,1,{'Amidation'},{844},{1120}
285187,COc1ccc2c(c1)CCCN2C(=O)CCl,XJPUWRWIBSSPSL-UHFFFAOYSA-N,2.0,24.0,25356,Enamine,Functional - Covalent0,EN300-24641,108.7,EUR,10,0.9,COC=1C=CC2=C(C1)CCCN2C(=O)CCl,2025-10-07,2,2,2,"{'Williamson_ether_synthesis', 'Nucleophilic_substitution_with_thiol'}","{1178, 1365}","{43016, 1132}"
285542,SCC1CCNCC1,XXBKZJAODFDWKG-UHFFFAOYSA-N,1.0,16.8,25726,Enamine,HTS,EN300-19347957,43.1,EUR,10,0.9,Cl.SCC1CCNCC1,2025-10-07,1,1,1,{'Nucleophilic_substitution_with_thiol'},{1365},{1132}
284930,O=C(O)C1CCCCCN1,OPFURXRZISKMJV-UHFFFAOYSA-N,1.0,18.0,25635,Enamine,HTS,EN300-82395,44.5,EUR,10,0.9,Cl.O=C(O)C1CCCCCN1,2025-10-07,1,1,1,{'Amidation'},{1255},{1142}
285334,COc1ccc2c(c1)C(N)CCN2,LLBCBFNOFUVCAU-UHFFFAOYSA-N,1.0,17.8,25652,Enamine,Advanced,EN300-80448,72.4,EUR,10,0.9,COC=1C=CC=2NCCC(N)C2C1,2025-10-07,1,1,1,{'Amidation'},{1255},{1142}
285423,FC(F)(F)c1cccc2c1CNCC2,ZISQRAKOWZOXDR-UHFFFAOYSA-N,1.0,20.1,25505,Enamine,HTS,EN300-320933,49.0,EUR,10,0.9,FC(F)(F)C=1C=CC=C2CCNCC12,2025-10-07,1,1,1,{'Ester_amidation'},{1310},{1238}
285424,CCOC(=O)C(F)C1CCNC1,ZVUDYIXTIYAWSV-UHFFFAOYSA-N,1.0,28.9,25300,Enamine,Functional,EN300-295243,325.3,EUR,10,0.9,O=C(O)C(F)(F)F.CCOC(=O)C(F)C1CCNC1,2025-10-07,1,1,1,{'Ester_amidation'},{1310},{1238}
284302,NOC1CCCC1,HWWCBAWGNJYHPP-UHFFFAOYSA-N,4.0,10.1,26098,Enamine,HTS,EN300-92053,35.4,EUR,10,0.9,NOC1CCCC1,2025-10-07,1,4,4,{'Amidation'},"{1240, 745, 1274, 995}","{1360, 1366, 32955, 1318}"
284827,CC(C(=O)O)C1CNC1,AYXWYUKDVYYPKN-UHFFFAOYSA-N,1.0,24.3,25349,Enamine,Legacy,EN300-155416,53.1,EUR,10,0.9,O=C(O)C(F)(F)F.CC(C(=O)O)C1CNC1,2025-10-07,1,1,1,{'Amidation'},{995},{1318}
284054,CCC(=O)O,XBDQKXXYIPTUBI-UHFFFAOYSA-N,2.0,7.4,26124,Enamine,Advanced,EN300-19540,49.7,EUR,10,0.9,CCC(=O)O,2025-10-07,1,2,2,{'Amidation'},"{1585, 886}","{1322, 4708}"
285378,NOC1CCCCC1,KYKNGOPXRHUCHC-UHFFFAOYSA-N,4.0,11.5,26058,Enamine,HTS,EN300-141060,37.0,EUR,10,0.9,NOC1CCCCC1,2025-10-07,1,4,4,{'Amidation'},"{1280, 1585, 1446, 1511}","{1353, 1322, 1357, 1349}"
285447,ONC1CCCC1,XDYRBRLMIGIKQW-UHFFFAOYSA-N,1.0,13.8,25938,Enamine,Advanced,EN300-126718,63.6,EUR,10,0.9,Cl.ONC1CCCC1,2025-10-07,1,1,1,{'Amidation'},{1320},{1338}
285448,CN1CCCCC1CCC(=O)O,ZYWHDXBOSGFUFC-UHFFFAOYSA-N,1.0,20.8,25474,Enamine,Legacy,EN300-176384,45.6,EUR,10,0.9,Cl.CN1CCCCC1CCC(=O)O,2025-10-07,1,1,1,{'Amidation'},{1320},{1338}
285379,COc1ccc(CCC(=O)O)cn1,AVKMBNIMMCMCBT-UHFFFAOYSA-N,1.0,18.1,25624,Enamine,Legacy,EN300-194664,40.2,EUR,10,0.9,COC=1C=CC(=CN1)CCC(=O)O,2025-10-07,1,1,1,{'Amidation'},{1280},{1349}
285868,Cc1cc(CCC(=O)O)no1,XSJUUJCTQWMNNG-UHFFFAOYSA-N,1.0,15.5,25823,Enamine,Legacy,EN300-637493,37.5,EUR,10,0.9,CC1=CC(CCC(=O)O)=NO1,2025-10-07,1,1,1,{'Amidation'},{1511},{1353}
285736,CC(C(=O)O)N1CCN(C)CC1,LZRLSYGKEOASIP-UHFFFAOYSA-N,1.0,24.5,25344,Enamine,Legacy,EN300-45384,53.6,EUR,10,0.9,Cl.Cl.CC(C(=O)O)N1CCN(C)CC1,2025-10-07,1,1,1,{'Amidation'},{1446},{1357}
284904,NOC1CCC1,WHFMUIWBJFYAGJ-UHFFFAOYSA-N,1.0,12.4,26030,Enamine,Advanced,EN300-216882,60.6,EUR,10,0.9,Cl.NOC1CCC1,2025-10-07,1,1,1,{'Amidation'},{1286},{1359}
285388,CC(C(=O)O)n1ccc(C(F)(F)F)n1,ZCDVKVBJBHRXQO-UHFFFAOYSA-N,1.0,20.8,25477,Enamine,HTS,EN300-92818,50.8,EUR,10,0.9,CC(C(=O)O)N1C=CC(=N1)C(F)(F)F,2025-10-07,1,1,1,{'Amidation'},{1286},{1359}
285302,CC(C(=O)O)c1ccccc1C(F)(F)F,JPPNPOBHKNSXQZ-UHFFFAOYSA-N,1.0,21.8,25426,Enamine,HTS,EN300-86033,53.1,EUR,10,0.9,CC(C(=O)O)C=1C=CC=CC1C(F)(F)F,2025-10-07,1,1,1,{'Amidation'},{1240},{1360}
285370,CC(C(=O)O)C1CCN(C(=O)OC(C)(C)C)C1,FRYFRZPDMHRDDH-UHFFFAOYSA-N,1.0,24.3,25351,Enamine,Legacy,EN300-783153,53.2,EUR,10,0.9,CC(C(=O)O)C1CCN(C1)C(=O)OC(C)(C)C,2025-10-07,1,1,1,{'Amidation'},{1274},{1366}
286014,O=C(O)CCC1CCCCN1,AYRHHRXKZJGDSA-UHFFFAOYSA-N,1.0,19.4,25558,Enamine,Legacy,EN300-119737,42.6,EUR,10,0.9,Cl.O=C(O)CCC1CCCCN1,2025-10-07,1,1,1,{'Amidation'},{1611},{1373}
286015,N#CCNCC#N,BSRDNMMLQYNQQD-UHFFFAOYSA-N,1.0,9.5,26110,Enamine,HTS,EN300-21125,34.7,EUR,10,0.9,N#CCNCC#N,2025-10-07,1,1,1,{'Amidation'},{1611},{1373}
284795,O=C(O)CC1CCCCN1,PRNLNZMJMCUWNV-UHFFFAOYSA-N,3.0,14.3,25900,Enamine,HTS,EN300-50511,40.3,EUR,10,0.9,O=C(O)CC1CCCCN1,2025-10-07,1,3,3,{'Amidation'},"{977, 1666, 1219}","{4036, 10333, 1382}"
285260,C#CCCN,XSBPYGDBXQXSCU-UHFFFAOYSA-N,1.0,6.9,26129,Enamine,HTS,EN300-76549,31.5,EUR,10,0.9,C#CCCN,2025-10-07,1,1,1,{'Amidation'},{1219},{1382}
283929,O=C(O)CC1CCCNC1,WKXRHAACRPUBIC-UHFFFAOYSA-N,4.0,18.0,25629,Enamine,Legacy,EN300-65801,40.0,EUR,10,0.9,Cl.O=C(O)CC1CCCNC1,2025-10-07,1,4,4,{'Amidation'},"{723, 1220, 1341, 1119}","{1384, 1401, 45621, 1399}"
285081,CCC(N)CCCC(F)(F)F,CVLHQGYNBVJTJY-UHFFFAOYSA-N,1.0,16.9,25724,Enamine,Advanced,EN300-6404131,70.4,EUR,10,0.9,CCC(N)CCCC(F)(F)F,2025-10-07,1,1,1,{'Amidation'},{1119},{1384}
284770,CC(CC(=O)O)C1CCCNC1,DXUVFXUATDRNTO-UHFFFAOYSA-N,2.0,17.1,25709,Enamine,HTS,EN300-109458,43.5,EUR,10,0.9,CC(CC(=O)O)C1CCCNC1,2025-10-07,1,2,2,{'Amidation'},"{1372, 965}","{1386, 1391}"
285558,CC(C)CN,KDSNLYIMUZNERS-UHFFFAOYSA-N,2.0,7.3,26125,Enamine,Advanced,EN300-20218,49.5,EUR,10,0.9,CC(C)CN,2025-10-07,2,2,2,"{'Amidation', 'Sulfonamide_Schotten-Baumann_with_amine_(intermolecular)'}","{1657, 1372}","{8160, 1386}"
284769,CCCCNCCCC,JQVDAXLFBXTEQA-UHFFFAOYSA-N,2.0,12.9,25989,Enamine,Functional - BRC,EN300-18950,19.0,EUR,10,0.9,CCCCNCCCC,2025-10-07,2,2,2,"{'Formation_of_urea_from_two_amines', 'Amidation'}","{965, 1646}","{1404, 1391}"
285965,NCC(F)(F)F,KIPSRYDSZQRPEA-UHFFFAOYSA-N,1.0,13.5,25960,Enamine,HTS,EN300-17178,39.3,EUR,10,0.9,Cl.NCC(F)(F)F,2025-10-07,1,1,1,{'Amidation'},{1574},{1392}
285966,CC(C)(C(=O)O)C1CCCNC1,ZMIONHLHHCOZBE-UHFFFAOYSA-N,1.0,20.8,25479,Enamine,Functional,EN300-227530,189.7,EUR,10,0.9,Cl.CC(C)(C(=O)O)C1CCCNC1,2025-10-07,1,1,1,{'Amidation'},{1574},{1392}
285493,CC(C)CNCCC#N,BUEAACVLKZAVFX-UHFFFAOYSA-N,1.0,12.6,26016,Enamine,Legacy,EN300-05249,34.6,EUR,10,0.9,CC(C)CNCCC#N,2025-10-07,1,1,1,{'Amidation'},{1341},{1399}
285261,CCNC(C)CC,KFYKZKISJBGVMR-UHFFFAOYSA-N,1.0,13.8,25931,Enamine,Legacy,EN300-216040,35.7,EUR,10,0.9,Cl.CCNC(C)CC,2025-10-07,1,1,1,{'Amidation'},{1220},{1401}
286091,CNC1CCNCC1,FHTGZDVYPCEHFQ-UHFFFAOYSA-N,1.0,18.7,25601,Enamine,Legacy,EN300-114562,41.1,EUR,10,0.9,Cl.Cl.CNC1CCNCC1,2025-10-07,1,1,1,{'Formation_of_urea_from_two_amines'},{1646},{1404}
284732,O=C(O)C1CCCCN1,HXEACLLIILLPRG-UHFFFAOYSA-N,1.0,12.9,25988,Enamine,Functional - BRC,EN300-66085,19.0,EUR,10,0.9,O=C(O)[C@@H]1CCCCN1,2025-10-07,1,1,1,{'Amidation'},{1129},{1406}
285102,CCC(C)(C)CN,PZVPOYBHOPRJNP-UHFFFAOYSA-N,1.0,13.8,25935,Enamine,HTS,EN300-180531,39.7,EUR,10,0.9,Cl.CCC(C)(C)CN,2025-10-07,1,1,1,{'Amidation'},{1129},{1406}
284544,O=C(O)C1CCNCC1,SRJOCJYGOFTFLH-UHFFFAOYSA-N,2.0,12.9,25987,Enamine,Functional - BRC,EN300-19594,19.0,EUR,10,0.9,O=C(O)C1CCNCC1,2025-10-07,1,2,2,{'Amidation'},"{868, 1367}","{6170, 1414}"
284865,CCCCC(C)N,WGBBUURBHXLGFM-UHFFFAOYSA-N,2.0,13.8,25932,Enamine,Legacy,EN300-6611119,35.7,EUR,10,0.9,Cl.CCCCC(C)N,2025-10-07,1,2,2,{'Amidation'},"{1021, 1367}","{1414, 6343}"
284939,NCC1CCCCN1,RHPBLLCTOLJFPH-UHFFFAOYSA-N,2.0,18.7,25603,Enamine,Advanced,EN300-343980,74.3,EUR,10,0.9,Cl.Cl.NC[C@H]1CCCCN1,2025-10-07,2,2,2,"{'Formation_of_urea_from_two_amines', 'Amidation'}","{1060, 1655}","{1419, 10335}"
284940,C=CC(CC)CC(=O)O,UHLNDYACVPPMJT-UHFFFAOYSA-N,1.0,12.8,26010,Enamine,HTS,EN300-731646,38.6,EUR,10,0.9,C=CC(CC)CC(=O)O,2025-10-07,1,1,1,{'Amidation'},{1060},{1419}
284138,NCC1CCCS1(=O)=O,KEVGTNCSNMGZGG-UHFFFAOYSA-N,3.0,18.6,25607,Enamine,Functional,EN300-246808,179.3,EUR,10,0.9,Cl.NCC1CCCS1(=O)=O,2025-10-07,2,3,3,"{'Formation_of_urea_from_two_amines', 'Amidation'}","{1159, 1313, 655}","{1509, 76437, 1455}"
285428,NCC1(c2ccncc2)CCC1,JRVVFQVJYZOMEH-UHFFFAOYSA-N,1.0,16.2,25777,Enamine,Functional,EN300-1859832,174.8,EUR,10,0.9,NCC1(CCC1)C=2C=CN=CC2,2025-10-07,1,1,1,{'Formation_of_urea_from_two_amines'},{1313},{1455}
285148,NCC1CCCN1,AUKXFNABVHIUAC-UHFFFAOYSA-N,1.0,17.2,25693,Enamine,Legacy,EN300-114810,39.2,EUR,10,0.9,Cl.Cl.NC[C@H]1CCCN1,2025-10-07,1,1,1,{'Formation_of_urea_from_two_amines'},{1159},{1509}
283060,CC(N)c1ncco1,CWJDVDQXFIORGV-UHFFFAOYSA-N,3.0,11.2,26075,Enamine,HTS,EN300-81511,36.8,EUR,10,0.9,CC(N)C1=NC=CO1,2025-10-07,2,3,3,"{'Formation_of_urea_from_two_amines', 'Amidation'}","{737, 451, 1201}","{1602, 51476, 70623}"
285231,CCC(CC(=O)O)C(C)(C)C,HDHGJGWAJFTSJW-UHFFFAOYSA-N,1.0,15.8,25798,Enamine,Legacy,EN300-343565,37.8,EUR,10,0.9,CCC(CC(=O)O)C(C)(C)C,2025-10-07,1,1,1,{'Amidation'},{1201},{1602}
283841,O=C(O)c1cnco1,QCGMEWVZBGQOFN-UHFFFAOYSA-N,1.0,11.3,26066,Enamine,Legacy,EN300-25446,33.1,EUR,10,0.9,O=C(O)C1=CN=CO1,2025-10-07,1,1,1,{'Amidation'},{1238},{1603}
285300,CCCCNCC,QHCCDDQKNUYGNC-UHFFFAOYSA-N,1.0,10.1,26099,Enamine,HTS,EN300-18956,35.4,EUR,10,0.9,CCCCNCC,2025-10-07,1,1,1,{'Amidation'},{1238},{1603}
285933,O=C(O)C=Cc1cocn1,QNLZFVHPBRIIKI-UHFFFAOYSA-N,1.0,13.9,25930,Enamine,Functional,EN300-1589262,160.5,EUR,10,0.9,O=C(O)/C=C/C1=COC=N1,2025-10-07,1,1,1,{'Amidation'},{1553},{1613}
285934,CC(CCN)[S+](C)[O-],ZFDQZKLMDYFXPU-UHFFFAOYSA-N,1.0,13.5,25956,Enamine,Legacy,EN300-111187,35.5,EUR,10,0.9,CC(CCN)S(C)=O,2025-10-07,1,1,1,{'Amidation'},{1553},{1613}
285089,CS(=N)(=O)C1CC(C(=O)O)C1,USJKFOALIKABTD-UHFFFAOYSA-N,1.0,21.4,25449,Enamine,Functional,EN300-7461162,251.5,EUR,10,0.9,Cl.CS(=N)(=O)[C@@H]1C[C@H](C1)C(=O)O,2025-10-07,1,1,1,{'Amidation'},{1123},{1685}
285090,CC(N)C1CC1,IXCXVGWKYIDNOS-UHFFFAOYSA-N,5.0,12.1,26042,Enamine,HTS,EN300-233791,37.7,EUR,10,0.9,Cl.C[C@@H](N)C1CC1,2025-10-07,1,5,5,{'Amidation'},"{1123, 1348, 1606, 1481, 1303}","{4256, 25347, 10704, 1685, 1719}"
285793,NC(=O)c1cccc(C(=O)O)n1,MUTVEWJASOPKGU-UHFFFAOYSA-N,1.0,16.6,25737,Enamine,Legacy,EN300-130656,38.7,EUR,10,0.9,NC(=O)C=1C=CC=C(N1)C(=O)O,2025-10-07,1,1,1,{'Amidation'},{1481},{1719}
284257,CC1(C)OB(C2CCNCC2)OC1(C)C,ITJOVDVQZDQJDF-UHFFFAOYSA-N,4.0,24.8,25336,Enamine,Functional - Covalent0,EN300-373944,110.1,EUR,10,0.9,Cl.CC1(C)OB(OC1(C)C)C2CCNCC2,2025-10-07,1,3,3,{'Sp3-sp2_Suzuki_coupling'},"{1142, 725, 917}","{1786, 6258, 48047}"
284662,Ic1cncs1,URZGBDKEHYGOJX-UHFFFAOYSA-N,1.0,21.1,25460,Enamine,HTS,EN300-646100,51.4,EUR,10,0.9,IC1=CN=CS1,2025-10-07,1,1,1,{'Sp3-sp2_Suzuki_coupling'},{917},{1786}
283907,CC1(C)OB(C2CCCNC2)OC1(C)C,OMKRUOMSWUJNBY-UHFFFAOYSA-N,2.0,24.8,25337,Enamine,Functional - Covalent2,EN300-6487473,183.9,EUR,10,0.9,Cl.CC1(C)OB(OC1(C)C)C2CCCNC2,2025-10-07,1,2,2,{'Sp3-sp2_Suzuki_coupling'},"{1171, 652}","{7530, 1807}"
285178,Ic1ccns1,IENVYPZXMHMGLD-UHFFFAOYSA-N,1.0,21.1,25459,Enamine,HTS,EN300-646121,51.4,EUR,10,0.9,IC1=CC=NS1,2025-10-07,1,1,1,{'Sp3-sp2_Suzuki_coupling'},{1171},{1807}
285142,c1nc2c([nH]1)CCCC2,KAWYASGZISVRAL-UHFFFAOYSA-N,1.0,15.9,25790,Enamine,Legacy,EN300-7651627,37.9,EUR,10,0.9,Cl.C1=NC=2CCCCC2N1,2025-10-07,1,1,1,{'Amine_alkylation'},{1154},{2040}
283032,CC(=O)NC(C)C1CCNCC1,BPRBTTFXQRPWER-UHFFFAOYSA-N,13.0,17.0,25715,Enamine,Legacy,EN300-138915,39.0,EUR,10,0.9,CC(=O)NC(C)C1CCNCC1,2025-10-07,7,13,13,"{'Amine_alkylation', 'Formation_of_urea_from_two_amines', 'Sulfonamide_Schotten-Baumann_with_amine_(intermolecular)', 'Amidation', 'Mitsunobu_reaction_with_amine_alcohol_and_thioalcohol', 'N-nucleophilic_aromatic_substitution', 'Ester_amidation'}","{643, 677, 614, 1157, 1097, 650, 526, 1363, 916, 438, 694, 570, 796}","{4100, 69436, 47626, 50762, 52333, 2063, 50577, 48055, 8952, 50555, 48060, 47934, 2911}"
285028,O=S(=O)(Cl)c1cnc2n1CCC2,INKHDZOCLLUBLW-UHFFFAOYSA-N,1.0,20.7,25482,Enamine,HTS,EN300-120848,50.4,EUR,10,0.9,O=S(=O)(Cl)C1=CN=C2CCCN12,2025-10-07,1,1,1,{'Sulfonamide_Schotten-Baumann_with_amine_(intermolecular)'},{1097},{2063}
284165,CCOC(=O)NC1CCCNC1,NBLUTJMVAOOOIZ-UHFFFAOYSA-N,6.0,17.2,25694,Enamine,Legacy,EN300-42081,39.2,EUR,10,0.9,CCOC(=O)NC1CCCNC1,2025-10-07,2,6,6,"{'Amidation', 'Mitsunobu_reaction_with_amine_alcohol_and_thioalcohol'}","{939, 723, 820, 1589, 1401, 666}","{2081, 47143, 2124, 45621, 8891, 55679}"
285760,O=C(O)c1cn2c(n1)CCC2,TZQODINQTUHDGU-UHFFFAOYSA-N,2.0,18.9,25590,Enamine,HTS,EN300-258369,46.1,EUR,10,0.9,Cl.O=C(O)C1=CN2CCCC2=N1,2025-10-07,1,2,2,{'Amidation'},"{1464, 1589}","{2081, 17988}"
1869,c1nc(C2CCNCC2)c[nH]1,NNDJCSXUAYKMAA-UHFFFAOYSA-N,1.0,22.4,25406,Enamine,Functional - BRC,EN300-8166985,19.0,EUR,10,0.9,Cl.Cl.C1=NC(=CN1)C2CCNCC2,2025-10-07,1,1,1,{'Amine_alkylation'},{1419},{2123}
285668,CC(N)C(=O)CCl,DZLZNJMNHPDMNK-UHFFFAOYSA-N,1.0,15.8,25802,Enamine,Functional,EN300-247038,334.9,EUR,10,0.9,Cl.CC(N)C(=O)CCl,2025-10-07,1,1,1,{'Amine_alkylation'},{1419},{2123}
284346,O=C(O)CCc1c[nH]cn1,ZCKYOWGFRHAZIQ-UHFFFAOYSA-N,1.0,17.7,25661,Enamine,HTS,EN300-145616,44.1,EUR,10,0.9,Cl.O=C(O)CCC1=CNC=N1,2025-10-07,1,1,1,{'Amidation'},{939},{2124}
284310,O=C(O)Cc1ncc[nH]1,WUJUYHMGDPTLMG-UHFFFAOYSA-N,1.0,16.3,25758,Enamine,Legacy,EN300-220527,38.3,EUR,10,0.9,Cl.O=C(O)CC1=NC=CN1,2025-10-07,1,1,1,{'Amidation'},{1210},{2306}
285248,NCC[S+]([O-])CC(F)(F)F,DTVVONWNPPOAMF-UHFFFAOYSA-N,1.0,21.2,25455,Enamine,Advanced,EN300-269942,79.5,EUR,10,0.9,Cl.NCCS(=O)CC(F)(F)F,2025-10-07,1,1,1,{'Amidation'},{1210},{2306}
284969,OCC1CCCCN1,PRAYXGYYVXRDDW-UHFFFAOYSA-N,1.0,11.5,26057,Enamine,HTS,EN300-105224,37.0,EUR,10,0.9,OC[C@@H]1CCCCN1,2025-10-07,1,1,1,{'Mitsunobu_reaction_with_amine_alcohol_and_thioalcohol'},{1075},{2378}
284970,CCC(C)O,BTANRVKWQNVYAZ-UHFFFAOYSA-N,1.0,7.4,26123,Enamine,Functional - BRC,EN300-19306,19.0,EUR,10,0.9,CCC(C)O,2025-10-07,1,1,1,{'Mitsunobu_reaction_with_amine_alcohol_and_thioalcohol'},{1075},{2378}
283999,ClCC1CCCNC1,SOXSKUPMQZMWSK-UHFFFAOYSA-N,1.0,17.0,25720,Enamine,HTS,EN300-7442146,43.4,EUR,10,0.9,Cl.ClCC1CCCNC1,2025-10-07,1,1,1,{'Amine_alkylation'},{1042},{2390}
284901,CCONC(C)C,LOPMOJDYWCHTJL-UHFFFAOYSA-N,1.0,14.0,25921,Enamine,HTS,EN300-261739,39.9,EUR,10,0.9,Cl.CCONC(C)C,2025-10-07,1,1,1,{'Amine_alkylation'},{1042},{2390}
283732,CC(C)NC1CCNCC1,GINABUAPACIWCA-UHFFFAOYSA-N,3.0,14.2,25909,Enamine,Legacy,EN300-62678,36.2,EUR,10,0.9,CC(C)NC1CCNCC1,2025-10-07,2,3,3,"{'Ester_amidation', 'Amidation'}","{465, 1290, 1300}","{8874, 47635, 2404}"
285406,CC(C)=CCCC(C)CC(=O)O,GJWSUKYXUMVMGX-UHFFFAOYSA-N,1.0,17.0,25712,Enamine,Functional - BRC,EN300-111384,19.0,EUR,10,0.9,CC(C)=CCCC(C)CC(=O)O,2025-10-07,1,1,1,{'Amidation'},{1300},{2404}
285200,CSCCO,WBBPRCNXBQTYLF-UHFFFAOYSA-N,1.0,9.2,26112,Enamine,Functional - BRC,EN300-95780,19.0,EUR,10,0.9,CSCCO,2025-10-07,1,1,1,{'Mitsunobu_reaction_with_amine_alcohol_and_thioalcohol'},{1185},{2409}
285201,CC(C)(O)C1CCCCN1,LWQKTFFRBALRAP-UHFFFAOYSA-N,1.0,18.0,25630,Enamine,Legacy,EN300-1588737,40.0,EUR,10,0.9,Cl.CC(C)(O)C1CCCCN1,2025-10-07,1,1,1,{'Mitsunobu_reaction_with_amine_alcohol_and_thioalcohol'},{1185},{2409}
284637,CC(C)C(=O)O,KQNPFQTWMSNSAP-UHFFFAOYSA-N,3.0,8.8,26115,Enamine,Functional - BRC,EN300-19272,19.0,EUR,10,0.9,CC(C)C(=O)O,2025-10-07,1,3,3,{'Amidation'},"{1138, 1612, 1239}","{2418, 11204, 3542}"
286016,CC(C)NC1CCCNC1,XAXUUHPCEVNZFT-UHFFFAOYSA-N,1.0,14.2,25915,Enamine,HTS,EN300-61495,40.2,EUR,10,0.9,CC(C)NC1CCCNC1,2025-10-07,1,1,1,{'Amidation'},{1612},{2418}
285421,OB(O)C1CCCC1,VTTDFSNKIMAQTB-UHFFFAOYSA-N,1.0,11.4,26065,Enamine,Functional - Covalent0,EN300-115787,86.5,EUR,10,0.9,OB(O)C1CCCC1,2025-10-07,1,1,1,{'Sp3-sp2_Suzuki_coupling'},{1309},{2514}
285422,O=C1Nc2ccc(I)cc2C1=O,OEUGDMOJQQLVAZ-UHFFFAOYSA-N,1.0,27.3,25309,Enamine,Functional - BRC,EN300-181682,19.0,EUR,10,0.9,O=C1NC=2C=CC(I)=CC2C1=O,2025-10-07,1,1,1,{'Sp3-sp2_Suzuki_coupling'},{1309},{2514}
284543,CC(C)(C)OC(=O)N1CC(C2CCCNC2)C1,CGALLHHGALTGRV-UHFFFAOYSA-N,1.0,24.0,25355,Enamine,Advanced,EN300-270304,85.8,EUR,10,0.9,CC(C)(C)OC(=O)N1CC(C1)C2CCCNC2,2025-10-07,1,1,1,{'N-Boc_deprotection'},{867},{2609}
284092,CC(C)(C)OC(=O)N1CCCC(C2CCCNC2)C1,VFMSLOWWMDXQQG-UHFFFAOYSA-N,2.0,26.8,25313,Enamine,Legacy,EN300-222410,58.6,EUR,10,0.9,CC(C)(C)OC(=O)N1CCCC(C1)C2CCCNC2,2025-10-07,1,1,1,{'N-Boc_deprotection'},{632},{2619}
284661,NCC12CC(CO1)C2,PNBUAUKWRXPJFK-UHFFFAOYSA-N,1.0,15.0,25855,Enamine,Functional,EN300-26619896,431.6,EUR,10,0.9,Cl.NCC12CC(C1)CO2,2025-10-07,1,1,1,{'Formation_of_urea_from_two_amines'},{916},{2911}
285953,O=C(O)COC1CCNC1,CWRHEIYKDBZYOP-UHFFFAOYSA-N,1.0,18.2,25622,Enamine,HTS,EN300-27703423,44.7,EUR,10,0.9,Cl.O=C(O)COC1CCNC1,2025-10-07,1,1,1,{'Amidation'},{1564},{3473}
285954,CC(C)c1cc(CN)on1,MKXNIPKWBZUUAJ-UHFFFAOYSA-N,1.0,14.0,25922,Enamine,HTS,EN300-77519,40.0,EUR,10,0.9,CC(C)C=1C=C(CN)ON1,2025-10-07,1,1,1,{'Amidation'},{1564},{3473}
285919,NCC1CCCSC1,OOPUJNBROMPJLB-UHFFFAOYSA-N,1.0,13.1,25981,Enamine,Advanced,EN300-213701,62.3,EUR,10,0.9,NCC1CCCSC1,2025-10-07,1,1,1,{'Formation_of_urea_from_two_amines'},{1539},{3532}
285920,CNCc1conc1C1CCC1,WTIYIUBTRQBGKF-UHFFFAOYSA-N,1.0,16.6,25748,Enamine,Functional,EN300-6167379,224.2,EUR,10,0.9,CNCC1=CON=C1C2CCC2,2025-10-07,1,1,1,{'Formation_of_urea_from_two_amines'},{1539},{3532}
285301,CNCC1CCCCN1,MGOVUZGBXAFMCY-UHFFFAOYSA-N,1.0,20.1,25508,Enamine,Advanced,EN300-343759,77.3,EUR,10,0.9,Cl.Cl.CNC[C@H]1CCCCN1,2025-10-07,1,1,1,{'Amidation'},{1239},{3542}
285861,OB(O)c1cn[nH]c1,KEZNMOUMHOZFRA-UHFFFAOYSA-N,1.0,11.2,26074,Enamine,HTS,EN300-107801,36.7,EUR,10,0.9,OB(O)C=1C=NNC1,2025-10-07,1,1,1,{'Sp2-sp2_Suzuki_coupling'},{1507},{3732}
284331,CC(C)(C)OC(=O)N1CCCCC1c1ccn[nH]1,FEXHWTNPCNYUBH-UHFFFAOYSA-N,1.0,25.1,25330,Enamine,HTS,EN300-12443498,61.0,EUR,10,0.9,CC(C)(C)OC(=O)N1CCCCC1C=2C=CNN2,2025-10-07,1,1,1,{'N-Boc_deprotection'},{760},{3758}
286105,OC1(c2ccn[nH]2)CCNCC1,VOQHIEDNNJKFMY-UHFFFAOYSA-N,1.0,16.7,25729,Enamine,Legacy,EN300-1587646,38.8,EUR,10,0.9,OC1(CCNCC1)C2=CC=NN2,2025-10-07,1,1,1,{'Amidation'},{1652},{3768}
286106,CCCCCCCCCCC(=O)O,ZDPHROOEEOARMN-UHFFFAOYSA-N,1.0,18.6,25604,Enamine,Functional - BRC,EN300-19485,19.0,EUR,10,0.9,CCCCCCCCCCC(=O)O,2025-10-07,1,1,1,{'Amidation'},{1652},{3768}
284056,O=C(O)Cc1ccn[nH]1,NTVKSUPEUFXUGS-UHFFFAOYSA-N,1.0,16.3,25761,Enamine,HTS,EN300-71405,42.6,EUR,10,0.9,Cl.O=C(O)CC1=CC=NN1,2025-10-07,1,1,1,{'Amidation'},{1028},{3782}
284437,CC(N)C1CCN(CC(F)(F)F)CC1,BUKCQFLBXVFHIQ-UHFFFAOYSA-N,2.0,28.2,25301,Enamine,Legacy,EN300-154732,61.5,EUR,10,0.9,Cl.Cl.CC(N)C1CCN(CC(F)(F)F)CC1,2025-10-07,1,2,2,{'Amidation'},"{816, 1028}","{47627, 3782}"
284815,O=C(O)CNC(=O)C1CCCN1,RNKSNIBMTUYWSH-UHFFFAOYSA-N,1.0,20.9,25467,Enamine,Functional - BRC,EN300-315544,19.0,EUR,10,0.9,Cl.O=C(O)CNC(=O)[C@@H]1CCCN1,2025-10-07,1,1,1,{'Amidation'},{988},{3842}
284816,Nc1cnc2cccnn12,OZKLSNMZRDYQAI-UHFFFAOYSA-N,1.0,17.1,25703,Enamine,Legacy,EN300-7462321,39.0,EUR,10,0.9,Cl.NC1=CN=C2C=CC=NN12,2025-10-07,1,1,1,{'Amidation'},{988},{3842}
283837,COc1ccc2ncc(C(=O)O)n2n1,DUMKIBBUGQQMHR-UHFFFAOYSA-N,2.0,19.3,25571,Enamine,Advanced,EN300-245087,75.6,EUR,10,0.9,COC=1C=CC2=NC=C(C(=O)O)N2N1,2025-10-07,1,2,2,{'Amidation'},"{507, 1356}","{48114, 3863}"
284851,NCC12CCC(CC1)N2,IHTIHXBOYMLPPV-UHFFFAOYSA-N,2.0,16.3,25764,Enamine,Functional,EN300-37293547,198.4,EUR,10,0.9,Cl.NCC12CCC(CC1)N2,2025-10-07,1,2,2,{'Amidation'},"{1011, 1356}","{5691, 3863}"
283935,Cc1cn2nc(Br)ccc2n1,DFFANULZXFMHJE-UHFFFAOYSA-N,3.0,29.3,25299,Enamine,Functional - Covalent0,EN300-6762323,118.1,EUR,10,0.9,Br.CC1=CN2N=C(Br)C=CC2=N1,2025-10-07,1,3,3,{'N-nucleophilic_aromatic_substitution'},"{670, 558, 1391}","{17161, 48106, 3919}"
285616,NC1CSC1,GNWIATZLVXZUEL-UHFFFAOYSA-N,1.0,12.6,26017,Enamine,HTS,EN300-705974,38.3,EUR,10,0.9,Cl.NC1CSC1,2025-10-07,1,1,1,{'N-nucleophilic_aromatic_substitution'},{1391},{3919}
286130,CNC(CC(N)=O)c1ccccc1,YGSDBCFOQBCIJT-UHFFFAOYSA-N,1.0,21.5,25434,Enamine,Legacy,EN300-193595,47.0,EUR,10,0.9,Cl.CNC(CC(N)=O)C=1C=CC=CC1,2025-10-07,1,1,1,{'Amidation'},{1666},{4036}
284195,O=C(O)c1ncc[nH]1,KYWMCFOWDYFYLV-UHFFFAOYSA-N,1.0,11.2,26070,Enamine,Functional - BRC,EN300-97870,19.0,EUR,10,0.9,O=C(O)C1=NC=CN1,2025-10-07,1,1,1,{'Amidation'},{1157},{4100}
284401,Brc1cncc2ncnn12,ZGVWVYMGLBYAKU-UHFFFAOYSA-N,2.0,19.9,25528,Enamine,Functional - Covalent0,EN300-124285,101.5,EUR,10,0.9,BrC1=CN=CC2=NC=NN12,2025-10-07,1,2,2,{'N-nucleophilic_aromatic_substitution'},"{1581, 798}","{4106, 50711}"
285971,OC(c1ncc[nH]1)C1CCNCC1,SGVSDXUFVJGQOJ-UHFFFAOYSA-N,1.0,18.1,25625,Enamine,Legacy,EN300-159710,40.2,EUR,10,0.9,OC(C1=NC=CN1)C2CCNCC2,2025-10-07,1,1,1,{'N-nucleophilic_aromatic_substitution'},{1581},{4106}
1871,c1c[nH]c(C2CCCCN2)n1,GJQDDUPLCDQOHZ-UHFFFAOYSA-N,1.0,15.1,25842,Enamine,Legacy,EN300-60807,37.1,EUR,10,0.9,C1=CNC(=N1)C2CCCCN2,2025-10-07,1,1,1,{'Amidation'},{911},{4120}
284653,O=C1CC(C(=O)O)CC(=O)N1,QQGLSDQDZJVJSB-UHFFFAOYSA-N,1.0,15.7,25803,Enamine,Legacy,EN300-62192,37.7,EUR,10,0.9,O=C(O)C1CC(=O)NC(=O)C1,2025-10-07,1,1,1,{'Amidation'},{911},{4120}
285394,O=C(O)C1CCc2ccccc2CC1,FGVCREOLYLRJCU-UHFFFAOYSA-N,2.0,19.0,25582,Enamine,Legacy,EN300-313304,41.8,EUR,10,0.9,O=C(O)C1CCC2=CC=CC=C2CC1,2025-10-07,1,2,2,{'Amidation'},"{1290, 1606}","{4256, 8874}"
284889,O=c1cccc[nH]1,UBQKCCHYAOITMY-UHFFFAOYSA-N,1.0,9.5,26109,Enamine,Functional - BRC,EN300-21469,19.0,EUR,10,0.9,OC=1C=CC=CN1,2025-10-07,1,1,1,{'Amine_alkylation'},{1036},{4528}
284890,COC(C)(C)CI,BRNXSSDLTFUQGI-UHFFFAOYSA-N,1.0,21.4,25443,Enamine,HTS,EN300-157153,52.2,EUR,10,0.9,COC(C)(C)CI,2025-10-07,1,1,1,{'Amine_alkylation'},{1036},{4528}
284858,COCCn1cc(C(=O)O)ccc1=O,RUGPECRKGZFPPY-UHFFFAOYSA-N,1.0,19.7,25540,Enamine,Legacy,EN300-44014,43.3,EUR,10,0.9,COCCN1C=C(C=CC1=O)C(=O)O,2025-10-07,1,1,1,{'Amidation'},{1017},{4560}
284859,CNCC1CCNCC1,RNUCZCMDLWNCFD-UHFFFAOYSA-N,1.0,20.1,25502,Enamine,HTS,EN300-7364807,49.0,EUR,10,0.9,Cl.Cl.CNCC1CCNCC1,2025-10-07,1,1,1,{'Amidation'},{1017},{4560}
284590,C=C1CCNC1,XGJYZAAIQYBIKF-UHFFFAOYSA-N,1.0,12.0,26043,Enamine,Legacy,EN300-1222446,33.9,EUR,10,0.9,Cl.C=C1CCNC1,2025-10-07,1,1,1,{'Amidation'},{886},{4708}
285283,Ic1cc[nH]n1,RUKDVLFJSMVBLV-UHFFFAOYSA-N,1.0,19.4,25560,Enamine,HTS,EN300-171018,47.3,EUR,10,0.9,IC=1C=CNN1,2025-10-07,1,1,1,{'Sp3-sp2_Suzuki_coupling'},{1229},{4756}
285284,CC1(C)OB(C2CCCNCC2)OC1(C)C,RBIKPGOAWKKCJA-UHFFFAOYSA-N,1.0,26.2,25317,Enamine,Functional,EN300-1722935,276.1,EUR,10,0.9,Cl.CC1(C)OB(OC1(C)C)C2CCCNCC2,2025-10-07,1,1,1,{'Sp3-sp2_Suzuki_coupling'},{1229},{4756}
284697,CC(C)(C)OC(=O)N1CCC1c1cc[nH]n1,IAOQETCWEQMXBJ-UHFFFAOYSA-N,1.0,22.3,25413,Enamine,Advanced,EN300-37354220,82.1,EUR,10,0.9,CC(C)(C)OC(=O)N1CCC1C=2C=CNN2,2025-10-07,1,1,1,{'N-Boc_deprotection'},{934},{4764}
285096,OB(O)c1cc[nH]n1,NEUWPDLMDVINSN-UHFFFAOYSA-N,1.0,11.2,26073,Enamine,HTS,EN300-200298,36.7,EUR,10,0.9,OB(O)C=1C=CNN1,2025-10-07,1,1,1,{'Sp2-sp2_Suzuki_coupling'},{1126},{4781}
285097,IC1=CCCC1,TYOSEWMRNVIYNB-UHFFFAOYSA-N,1.0,19.4,25562,Enamine,HTS,EN300-207849,47.4,EUR,10,0.9,IC1=CCCC1,2025-10-07,1,1,1,{'Sp2-sp2_Suzuki_coupling'},{1126},{4781}
284139,c1cn[nH]c1,WTKZEGDFNFYCGP-UHFFFAOYSA-N,1.0,6.8,26130,Enamine,Functional - BRC,EN300-21658,19.0,EUR,10,0.9,C=1C=NNC1,2025-10-07,1,1,1,{'Amine_alkylation'},{901},{4801}
284622,BrC1C=CCCC1,AJKDUJRRWLQXHM-UHFFFAOYSA-N,1.0,16.1,25783,Enamine,HTS,EN300-67511,42.4,EUR,10,0.9,BrC1C=CCCC1,2025-10-07,1,1,1,{'Amine_alkylation'},{901},{4801}
284117,Brc1cn[nH]c1,WVGCPEDBFHEHEZ-UHFFFAOYSA-N,1.0,14.7,25871,Enamine,Functional - BRC,EN300-50991,19.0,EUR,10,0.9,BrC=1C=NNC1,2025-10-07,1,1,1,{'Sp3-sp2_Suzuki_coupling'},{1467},{4805}
285765,CC1(C)OB(C2CCCC2)OC1(C)C,BLLUYOVVBCMKHV-UHFFFAOYSA-N,1.0,19.6,25551,Enamine,Functional - Covalent0,EN300-7260057,101.0,EUR,10,0.9,CC1(C)OB(OC1(C)C)C2CCCC2,2025-10-07,1,1,1,{'Sp3-sp2_Suzuki_coupling'},{1467},{4805}
285010,O=C(O)c1cnc[nH]1,NKWCGTOZTHZDHB-UHFFFAOYSA-N,1.0,11.2,26069,Enamine,Functional - BRC,EN300-62808,19.0,EUR,10,0.9,O=C(O)C1=CN=CN1,2025-10-07,1,1,1,{'Amidation'},{1268},{5151}
285356,Nc1cncc(-c2nc3ccccc3s2)c1,JKKQOGKRQIQQJT-UHFFFAOYSA-N,1.0,22.7,25395,Enamine,Advanced,EN300-1013635,83.0,EUR,10,0.9,NC=1C=NC=C(C1)C2=NC=3C=CC=CC3S2,2025-10-07,1,1,1,{'Amidation'},{1268},{5151}
284475,C1CNCCN1,GLUUGHFHXGJENI-UHFFFAOYSA-N,3.0,8.6,26118,Enamine,Functional - BRC,EN300-33920,19.0,EUR,10,0.9,C1CNCCN1,2025-10-07,2,2,2,"{'Amidation', 'Amine_alkylation'}","{1412, 1349}","{5169, 5959}"
285766,O=C(O)C1CCCN1,ONIBWKKTOPOVIA-UHFFFAOYSA-N,1.0,11.5,26054,Enamine,Functional - BRC,EN300-20112,19.0,EUR,10,0.9,O=C(O)C1CCCN1,2025-10-07,1,1,1,{'Amidation'},{1468},{5313}
285767,CC1=NNC(=O)C1CCN,ASEMWMLOGSUFFL-UHFFFAOYSA-N,1.0,14.1,25916,Enamine,HTS,EN300-75727,40.1,EUR,10,0.9,CC1=NNC(=O)C1CCN,2025-10-07,1,1,1,{'Amidation'},{1468},{5313}
284844,CC(C)S(=O)(=O)C1CCNC1,NPQVPIJXGICUEI-UHFFFAOYSA-N,3.0,21.4,25440,Enamine,HTS,EN300-241343,52.1,EUR,10,0.9,Cl.CC(C)S(=O)(=O)C1CCNC1,2025-10-07,1,3,3,{'Amidation'},"{1497, 1005, 1350}","{5356, 20140, 5358}"
285834,O=C(O)CC1CCCN1,ADSALMJPJUKESW-UHFFFAOYSA-N,1.0,16.6,25740,Enamine,HTS,EN300-1608370,42.9,EUR,10,0.9,Cl.O=C(O)C[C@H]1CCCN1,2025-10-07,1,1,1,{'Amidation'},{1497},{5356}
284843,COC(C(=O)O)C1CCNCC1,RKPIWBBFIWZFQI-UHFFFAOYSA-N,1.0,21.0,25466,Enamine,Functional,EN300-7433634,190.7,EUR,10,0.9,Cl.COC(C(=O)O)C1CCNCC1,2025-10-07,1,1,1,{'Amidation'},{1005},{5358}
284456,IC1CCNC1,OHOSNNNRKXUISL-UHFFFAOYSA-N,2.0,23.3,25379,Enamine,HTS,EN300-19006390,56.8,EUR,10,0.9,Cl.IC1CCNC1,2025-10-07,1,2,2,{'Amine_alkylation'},"{1404, 1180}","{5394, 5396}"
284464,C1CC12CNC2,RHVACWSWOHDPBX-UHFFFAOYSA-N,2.0,12.0,26044,Enamine,HTS,EN300-226549,37.6,EUR,10,0.9,Cl.C1CC12CNC2,2025-10-07,2,2,2,"{'Amidation', 'Amine_alkylation'}","{1584, 1404}","{5394, 5996}"
285190,C=C1CNC1,KSMPVQGZQQURBU-UHFFFAOYSA-N,1.0,10.6,26093,Enamine,Advanced,EN300-301496,56.7,EUR,10,0.9,Cl.C=C1CNC1,2025-10-07,1,1,1,{'Amine_alkylation'},{1180},{5396}
286020,NC(Cc1ccccc1)c1ncco1,DNGSNXCQPDTAAA-UHFFFAOYSA-N,1.0,22.5,25405,Enamine,Functional,EN300-267246,258.1,EUR,10,0.9,Cl.NC(CC=1C=CC=CC1)C2=NC=CO2,2025-10-07,1,1,1,{'Formation_of_urea_from_two_amines'},{1616},{5452}
286021,C1CC2(CCOC2)N1,LZBXQNDOVHLCOH-UHFFFAOYSA-N,1.0,15.0,25854,Enamine,Functional,EN300-256027,231.1,EUR,10,0.9,Cl.C1CC2(CCOC2)N1,2025-10-07,1,1,1,{'Formation_of_urea_from_two_amines'},{1616},{5452}
285149,CCN=C=O,WUDNUHPRLBTKOJ-UHFFFAOYSA-N,1.0,7.1,26126,Enamine,HTS,EN300-21141,31.8,EUR,10,0.9,CCN=C=O,2025-10-07,1,1,1,{'Isocyanate_to_urea'},{1160},{5539}
285150,C=C1CC2CCC(C1)N2,MXQPENUGELTBFF-UHFFFAOYSA-N,1.0,16.0,25787,Enamine,HTS,EN300-305734,42.2,EUR,10,0.9,Cl.C=C1CC2CCC(C1)N2,2025-10-07,1,1,1,{'Isocyanate_to_urea'},{1160},{5539}
12,N#Cc1n[nH]c2ccccc12,REHRQXVEAXFIML-UHFFFAOYSA-N,1.0,14.3,25896,Enamine,Legacy,EN300-134057,36.3,EUR,10,0.9,N#CC1=NNC=2C=CC=CC12,2025-10-07,1,1,1,{'Amine_alkylation'},{1247},{5638}
285321,CN(CCCBr)C1CCCCC1,BZESCFZSILFYOY-UHFFFAOYSA-N,1.0,31.5,25295,Enamine,Functional,EN300-26573022,265.0,EUR,10,0.9,Br.CN(CCCBr)C1CCCCC1,2025-10-07,1,1,1,{'Amine_alkylation'},{1247},{5638}
285405,O=C(O)C1=CCCCC1,NMEZJSDUZQOPFE-UHFFFAOYSA-N,1.0,12.6,26021,Enamine,HTS,EN300-95569,38.4,EUR,10,0.9,O=C(O)C1=CCCCC1,2025-10-07,1,1,1,{'Steglich_esterification'},{1299},{5645}
284750,CC(C)C(N)C1CCC1,SHVVTJKUEPSFSW-UHFFFAOYSA-N,1.0,12.7,26014,Enamine,Advanced,EN300-247674,61.4,EUR,10,0.9,CC(C)C(N)C1CCC1,2025-10-07,1,1,1,{'Reductive_amination'},{956},{5654}
284751,CC(=O)c1cccc2cn[nH]c12,BTLVDERQIQFTRL-UHFFFAOYSA-N,1.0,16.0,25789,Enamine,HTS,EN300-2000708,42.3,EUR,10,0.9,CC(=O)C=1C=CC=C2C=NNC12,2025-10-07,1,1,1,{'Reductive_amination'},{956},{5654}
282925,CC(=O)O,QTBSBXVTEAMEQO-UHFFFAOYSA-N,2.0,6.0,26131,Enamine,Functional - BRC,EN300-18074,19.0,EUR,10,0.9,CC(=O)O,2025-10-07,1,2,2,{'Amidation'},"{1011, 204}","{5691, 195109}"
283068,CC(Sc1ccccn1)C(=O)O,FAAIBCMHMKYUAH-UHFFFAOYSA-N,13.0,18.3,25617,Enamine,Legacy,EN300-103800,40.4,EUR,10,0.9,CC(SC=1C=CC=CN1)C(=O)O,2025-10-07,1,13,13,{'Amidation'},"{1090, 549, 455, 1319, 1417, 1543, 1575, 1580, 1039, 985, 1083, 1501, 1406}","{5954, 13635, 13636, 10535, 10567, 31914, 10571, 13612, 13618, 13655, 13624, 13629, 13661}"
284685,C1CNCCNC1,FQUYSHZXSKYCSY-UHFFFAOYSA-N,3.0,10.0,26101,Enamine,HTS,EN300-19058,35.3,EUR,10,0.9,C1CNCCNC1,2025-10-07,1,3,3,{'Amidation'},"{929, 1090, 1276}","{5954, 5958, 5967}"
285373,CC(=O)Nc1ccc(SC(C)C(=O)O)cc1,OLWFGPQNJWSRSA-UHFFFAOYSA-N,2.0,23.9,25357,Enamine,Legacy,EN300-49619,52.4,EUR,10,0.9,CC(=O)NC=1C=CC(=CC1)SC(C)C(=O)O,2025-10-07,1,2,2,{'Amidation'},"{1412, 1276}","{5958, 5959}"
284684,CC(Sc1ccc(Cl)cc1)C(=O)O,NKBXBKKXOZFZPI-UHFFFAOYSA-N,1.0,21.7,25428,Enamine,Legacy,EN300-07064,47.5,EUR,10,0.9,CC(SC=1C=CC(Cl)=CC1)C(=O)O,2025-10-07,1,1,1,{'Amidation'},{929},{5967}
283835,CC(S)C(=O)O,PMNLUUOXGOOLSP-UHFFFAOYSA-N,6.0,10.6,26092,Enamine,HTS,EN300-20156,36.0,EUR,10,0.9,CC(S)C(=O)O,2025-10-07,1,6,6,{'Amidation'},"{866, 906, 1584, 1233, 505, 1598}","{43009, 6021, 5996, 5997, 6003, 6013}"
284678,C=C1CCCNC1,DMICIZVPSKKBDO-UHFFFAOYSA-N,1.0,13.4,25969,Enamine,Functional,EN300-72410,153.2,EUR,10,0.9,Cl.C=C1CCCNC1,2025-10-07,1,1,1,{'Amidation'},{1233},{5997}
284644,C=C1CCNCC1,LPKIGDXRQSIQBA-UHFFFAOYSA-N,1.0,13.4,25963,Enamine,Legacy,EN300-70265,35.3,EUR,10,0.9,Cl.C=C1CCNCC1,2025-10-07,1,1,1,{'Amidation'},{906},{6003}
284542,C1=CCNCC1,FTAHXMZRJCZXDL-UHFFFAOYSA-N,1.0,11.9,26049,Enamine,Legacy,EN300-128207,33.8,EUR,10,0.9,Cl.C1=CCNCC1,2025-10-07,1,1,1,{'Amidation'},{866},{6013}
285996,C1CC2CC2N1,WSSDGZWSPMAECX-UHFFFAOYSA-N,2.0,12.0,26046,Enamine,HTS,EN300-119420,37.6,EUR,10,0.9,Cl.C1C2CCNC12,2025-10-07,2,2,2,"{'Amidation', 'Mitsunobu_reaction_with_amine_alcohol_and_thioalcohol'}","{1628, 1598}","{7674, 6021}"
285483,CC(Cl)C(=O)N1CCC1,KMAWONOMMJHATR-UHFFFAOYSA-N,1.0,14.8,25869,Enamine,Functional - Covalent0,EN300-1166917,92.4,EUR,10,0.9,CC(Cl)C(=O)N1CCC1,2025-10-07,1,1,1,{'Nucleophilic_substitution_with_thiol'},{1364},{6034}
285538,Nc1nnc(S)s1,GDGIVSREGUOIJZ-UHFFFAOYSA-N,3.0,13.3,25972,Enamine,Functional - BRC,EN300-17762,19.0,EUR,10,0.9,NC1=NN=C(S)S1,2025-10-07,1,2,2,{'Nucleophilic_substitution_with_thiol'},"{1364, 1429}","{6034, 6035}"
285695,CC(Cl)C(=O)N1CCCC1,QGMQKFMNYCEBSO-UHFFFAOYSA-N,2.0,16.2,25774,Enamine,Functional - Covalent0,EN300-05753,94.9,EUR,10,0.9,CC(Cl)C(=O)N1CCCC1,2025-10-07,1,1,1,{'Nucleophilic_substitution_with_thiol'},{1429},{6035}
285377,C=CCO,XXROGKLTLUQVRX-UHFFFAOYSA-N,1.0,5.8,26132,Enamine,Functional - BRC,EN300-19483,19.0,EUR,10,0.9,C=CCO,2025-10-07,1,1,1,{'Mitsunobu_reaction_with_amine_alcohol_and_thioalcohol'},{1279},{6036}
284519,O=C(O)C1Cc2ccccc2N1,QNRXNRGSOJZINA-UHFFFAOYSA-N,2.0,16.3,25763,Enamine,Functional - BRC,EN300-59226,121.3,EUR,10,0.9,O=C(O)[C@@H]1CC=2C=CC=CC2N1,2025-10-07,1,2,2,{'Amidation'},"{856, 1542}","{6132, 6060}"
284520,Nc1ncc(C2CCCCN2)cn1,PIDUCVSPHZGQTQ-UHFFFAOYSA-N,1.0,17.8,25655,Enamine,Functional,EN300-7542132,232.0,EUR,10,0.9,NC=1N=CC(=CN1)C2CCCCN2,2025-10-07,1,1,1,{'Amidation'},{856},{6060}
285103,CC(=O)N1c2ccccc2CC1C(=O)O,OGMIMMRKTFZDKW-UHFFFAOYSA-N,2.0,20.5,25494,Enamine,HTS,EN300-7539164,50.1,EUR,10,0.9,CC(=O)N1C=2C=CC=CC2C[C@@H]1C(=O)O,2025-10-07,1,2,2,{'Amidation'},"{1147, 1316}","{6066, 17883}"
285437,NC1CCCCNC1,WJUBYASTGWKFHK-UHFFFAOYSA-N,1.0,11.4,26063,Enamine,HTS,EN300-216185,37.0,EUR,10,0.9,NC1CCCCNC1,2025-10-07,1,1,1,{'Amidation'},{1316},{6066}
285258,NC12CCCC1CCC2,GFVTZQJYRIWSOJ-UHFFFAOYSA-N,1.0,16.2,25776,Enamine,Functional,EN300-7472482,174.5,EUR,10,0.9,Cl.NC12CCCC2CCC1,2025-10-07,1,1,1,{'Ester_amidation'},{1218},{6131}
285259,CC(C)(C)OC(=O)C1Cc2ccccc2N1,BWLRZKYMVHFPLH-UHFFFAOYSA-N,1.0,21.9,25424,Enamine,HTS,EN300-6508151,53.4,EUR,10,0.9,CC(C)(C)OC(=O)[C@@H]1CC=2C=CC=CC2N1,2025-10-07,1,1,1,{'Ester_amidation'},{1218},{6131}
285923,C=C1CC(N)C1,CCDBTPTWKSVCET-UHFFFAOYSA-N,1.0,12.0,26045,Enamine,HTS,EN300-6499505,37.6,EUR,10,0.9,Cl.C=C1CC(N)C1,2025-10-07,1,1,1,{'Amidation'},{1542},{6132}
283930,CCC(C)NC(=O)CN1CCNCC1,LBYYAPDSZMMRDD-UHFFFAOYSA-N,4.0,19.9,25523,Enamine,Legacy,EN300-30953,43.7,EUR,10,0.9,CCC(C)NC(=O)CN1CCNCC1,2025-10-07,3,4,4,"{'Formation_of_urea_from_two_amines', 'Amidation', 'Mitsunobu_reaction_with_amine_alcohol_and_thioalcohol'}","{785, 1002, 675, 868}","{47450, 6170, 47453, 6181}"
284698,NC1CCNCC1,BCIIMDOZSUCSEN-UHFFFAOYSA-N,5.0,17.3,25691,Enamine,Advanced,EN300-7353907,71.2,EUR,10,0.9,Cl.Cl.NC1CCNCC1,2025-10-07,3,3,3,"{'Formation_of_urea_from_two_amines', 'Amidation', 'Formation_of_sulfonamide_from_halide_-_Shavnya_reaction'}","{1002, 1260, 935}","{7520, 7596, 6181}"
284686,O=C(CCO)N1CCNCC1,HGSDPPKIASRECG-UHFFFAOYSA-N,1.0,19.5,25554,Enamine,Functional,EN300-1271967,183.6,EUR,10,0.9,Cl.O=C(CCO)N1CCNCC1,2025-10-07,1,1,1,{'Mitsunobu_reaction_with_amine_alcohol_and_thioalcohol'},{930},{6187}
284687,CC(C)(C)CCN1CCNCC1,LFDFICUWQKREJW-UHFFFAOYSA-N,1.0,17.0,25714,Enamine,Legacy,EN300-51703,39.0,EUR,10,0.9,CC(C)(C)CCN1CCNCC1,2025-10-07,1,1,1,{'Mitsunobu_reaction_with_amine_alcohol_and_thioalcohol'},{930},{6187}
284814,CC1(C)OB(C2=CCCNC2)OC1(C)C,OWRFJRVFHBJODM-UHFFFAOYSA-N,1.0,32.3,25294,Enamine,Functional - Covalent0,EN300-7538412,123.4,EUR,10,0.9,O=C(O)C(F)(F)F.CC1(C)OB(OC1(C)C)C2=CCCNC2,2025-10-07,1,1,1,{'Sp2-sp2_Suzuki_coupling'},{987},{6282}
284866,CC(C)CC(C(=O)O)N1CCCCC1=O,LAOWICUCZUETCI-UHFFFAOYSA-N,1.0,21.3,25453,Enamine,Legacy,EN300-104254,46.8,EUR,10,0.9,CC(C)CC(C(=O)O)N1CCCCC1=O,2025-10-07,1,1,1,{'Amidation'},{1021},{6343}
284583,Ic1cocn1,AXRSHCHZHQOGSY-UHFFFAOYSA-N,1.0,19.5,25555,Enamine,Functional,EN300-392893,186.4,EUR,10,0.9,IC1=COC=N1,2025-10-07,1,1,1,{'Sp3-sp2_Suzuki_coupling'},{882},{6528}
284584,CC1(C)OB(C2CCNC2)OC1(C)C,JYEJFUIULVBNAN-UHFFFAOYSA-N,1.0,23.4,25375,Enamine,Functional - Covalent0,EN300-183835,107.6,EUR,10,0.9,Cl.CC1(C)OB(OC1(C)C)C2CCNC2,2025-10-07,1,1,1,{'Sp3-sp2_Suzuki_coupling'},{882},{6528}
285292,Nc1ccc(N2CCCCC2)cc1,TVOSOIXYPHKEAR-UHFFFAOYSA-N,1.0,24.9,25332,Enamine,Functional - BRC,EN300-197433,19.0,EUR,10,0.9,Cl.Cl.NC=1C=CC(=CC1)N2CCCCC2,2025-10-07,1,1,1,{'Amidation'},{1235},{6632}
285293,CC(C)C(NS(=O)(=O)c1ccc2c(c1)OCCCO2)C(=O)O,OCUPRYIVNSSKQN-UHFFFAOYSA-N,1.0,32.9,25292,Enamine,Legacy,EN300-10972,71.6,EUR,10,0.9,CC(C)C(NS(=O)(=O)C1=CC=C2OCCCOC2=C1)C(=O)O,2025-10-07,1,1,1,{'Amidation'},{1235},{6632}
284620,NCC(=O)N1CCCCC1,MVQXQAOYDOPPEQ-UHFFFAOYSA-N,1.0,17.9,25639,Enamine,HTS,EN300-68165,44.4,EUR,10,0.9,Cl.NCC(=O)N1CCCCC1,2025-10-07,1,1,1,{'Formation_of_urea_from_two_amines'},{900},{6688}
284621,CC(C)CC(N)C(C)(C)C,IBHYHGVDWZMMOH-UHFFFAOYSA-N,1.0,18.0,25633,Enamine,HTS,EN300-81904,44.5,EUR,10,0.9,Cl.CC(C)CC(N)C(C)(C)C,2025-10-07,1,1,1,{'Formation_of_urea_from_two_amines'},{900},{6688}
285038,CSC=CC(=O)O,RCZLOQQOUWHMIS-UHFFFAOYSA-N,2.0,11.8,26052,Enamine,Legacy,EN300-102146,33.7,EUR,10,0.9,CSC=CC(=O)O,2025-10-07,1,2,2,{'Amidation'},"{1104, 1568}","{7041, 7524}"
285958,NCCC1CCNCC1,PXJBCMWIAPDWAU-UHFFFAOYSA-N,1.0,20.0,25512,Enamine,Legacy,EN300-204299,44.0,EUR,10,0.9,Cl.Cl.NCCC1CCNCC1,2025-10-07,1,1,1,{'Amidation'},{1568},{7041}
284063,CC(CN)N1CCCCC1,UNIIVAXJUCKZHT-UHFFFAOYSA-N,4.0,14.2,25910,Enamine,HTS,EN300-51027,40.2,EUR,10,0.9,CC(CN)N1CCCCC1,2025-10-07,2,4,4,"{'Formation_of_urea_from_two_amines', 'Amidation'}","{692, 1565, 620, 621}","{46399, 46525, 7045, 46519}"
285955,CCCCCCC(=O)O,MNWFXJYAOYHMED-UHFFFAOYSA-N,1.0,13.0,25985,Enamine,HTS,EN300-19601,38.9,EUR,10,0.9,CCCCCCC(=O)O,2025-10-07,1,1,1,{'Amidation'},{1565},{7045}
5322,C1CCN(C2CCNCC2)C1,STWODXDTKGTVCJ-UHFFFAOYSA-N,1.0,15.4,25828,Enamine,Legacy,EN300-43015,37.4,EUR,10,0.9,C1CCN(C1)C2CCNCC2,2025-10-07,1,1,1,{'Amidation'},{1544},{7092}
284301,O=C(O)c1cccc2[nH]ncc12,KGKZHHIUOZGUNP-UHFFFAOYSA-N,1.0,16.2,25771,Enamine,HTS,EN300-28887,42.5,EUR,10,0.9,O=C(O)C=1C=CC=C2NN=CC12,2025-10-07,1,1,1,{'Amidation'},{1544},{7092}
283237,CC(CC(=O)O)C(F)(F)F,FFZMMBKGTNDVRX-UHFFFAOYSA-N,10.0,15.6,25816,Enamine,HTS,EN300-208218,41.8,EUR,10,0.9,CC(CC(=O)O)C(F)(F)F,2025-10-07,1,10,10,{'Amidation'},"{896, 1570, 1445, 1322, 974, 1459, 1525, 1656, 1434, 1179}","{7139, 7140, 7141, 15369, 7181, 7182, 7185, 7188, 23130, 7166}"
285706,Nc1cc(C2CCNCC2)n[nH]1,VIUKMNKXXJAZLD-UHFFFAOYSA-N,1.0,16.6,25742,Enamine,HTS,EN300-88976,43.0,EUR,10,0.9,NC1=CC(=NN1)C2CCNCC2,2025-10-07,1,1,1,{'Amidation'},{1434},{7139}
285959,C1CC(NC2CC2)CN1,DIYAZAUDWLXIIE-UHFFFAOYSA-N,1.0,19.9,25526,Enamine,HTS,EN300-112851,48.6,EUR,10,0.9,Cl.Cl.C1CC1NC2CCNC2,2025-10-07,1,1,1,{'Amidation'},{1570},{7140}
285735,NC1CCCC12CC2,GBVPJNVSPYWXOB-UHFFFAOYSA-N,1.0,14.8,25867,Enamine,HTS,EN300-331424,40.9,EUR,10,0.9,Cl.NC1CCCC21CC2,2025-10-07,1,1,1,{'Amidation'},{1445},{7141}
284614,NC1CCN(C(=O)C2CCCC2)C1,AWEKFLBBQMOTJB-UHFFFAOYSA-N,1.0,18.2,25620,Enamine,Legacy,EN300-108650,40.3,EUR,10,0.9,NC1CCN(C1)C(=O)C2CCCC2,2025-10-07,1,1,1,{'Amidation'},{896},{7166}
286110,Nc1ccn(C2CCCCC2)n1,BRWKEHLYZRNYNX-UHFFFAOYSA-N,1.0,16.5,25752,Enamine,HTS,EN300-105825,42.9,EUR,10,0.9,NC=1C=CN(N1)C2CCCCC2,2025-10-07,1,1,1,{'Amidation'},{1656},{7181}
285189,Cc1cc(N)nn1C1CCCCC1,FVFCPUBBBIDWEJ-UHFFFAOYSA-N,1.0,17.9,25643,Enamine,Functional,EN300-126110,181.1,EUR,10,0.9,CC1=CC(N)=NN1C2CCCCC2,2025-10-07,1,1,1,{'Amidation'},{1179},{7182}
284791,Nc1cc(Br)ccc1N1CCCC1,UQOMCTRPJFFHBA-UHFFFAOYSA-N,1.0,24.1,25352,Enamine,Legacy,EN300-109994,52.8,EUR,10,0.9,NC=1C=C(Br)C=CC1N2CCCC2,2025-10-07,1,1,1,{'Amidation'},{974},{7185}
285754,Nc1cccc(C(=O)N2CCCC2)c1,DKAPTTYZYHVSIO-UHFFFAOYSA-N,1.0,19.0,25580,Enamine,Legacy,EN300-33318,41.8,EUR,10,0.9,NC=1C=CC=C(C1)C(=O)N2CCCC2,2025-10-07,1,1,1,{'Amidation'},{1459},{7188}
285782,COC(=O)c1nc(C2CNC2)oc1C,NJHZJYHIQUVRPX-UHFFFAOYSA-N,1.0,23.3,25380,Enamine,Advanced,EN300-37113992,84.1,EUR,10,0.9,Cl.COC(=O)C=1N=C(OC1C)C2CNC2,2025-10-07,1,1,1,{'Ester_amidation'},{1475},{7417}
285783,CN(C)CCCC(C)(C)N,AUEGKMPMUOXIIP-UHFFFAOYSA-N,1.0,14.4,25891,Enamine,Advanced,EN300-243886,65.0,EUR,10,0.9,CN(C)CCCC(C)(C)N,2025-10-07,1,1,1,{'Ester_amidation'},{1475},{7417}
284244,O=C(O)c1cnc(C2CCNCC2)o1,PEFQLZDVMWVVFG-UHFFFAOYSA-N,2.0,23.3,25381,Enamine,Advanced,EN300-717401,84.1,EUR,10,0.9,Cl.O=C(O)C1=CN=C(O1)C2CCNCC2,2025-10-07,1,2,2,{'Amidation'},"{1659, 716}","{99297, 7420}"
284459,CCNCc1ccccn1,BQSUUGOCTJVJIF-UHFFFAOYSA-N,2.0,13.6,25946,Enamine,Legacy,EN300-102696,35.6,EUR,10,0.9,CCNCC=1C=CC=CN1,2025-10-07,1,2,2,{'Amidation'},"{826, 1659}","{7420, 8070}"
285195,C1CNCCC2(C1)CC2,SUKDJGHHYOXCIW-UHFFFAOYSA-N,1.0,16.2,25769,Enamine,HTS,EN300-39857109,42.5,EUR,10,0.9,Cl.C1CC12CCCNCC2,2025-10-07,1,1,1,{'N-nucleophilic_aromatic_substitution'},{1182},{7443}
285196,Brc1ncco1,YCHPNSOKVRTPES-UHFFFAOYSA-N,2.0,14.8,25864,Enamine,HTS,EN300-69575,40.9,EUR,10,0.9,BrC1=NC=CO1,2025-10-07,1,2,2,{'N-nucleophilic_aromatic_substitution'},"{1451, 1182}","{7443, 35886}"
284699,CCCC(C(=O)O)C(C)C,ODPKTGAWWHZBOY-UHFFFAOYSA-N,2.0,14.4,25892,Enamine,Functional - BRC,EN300-122350,72.7,EUR,10,0.9,CCCC(C(=O)O)C(C)C,2025-10-07,1,2,2,{'Amidation'},"{1049, 935}","{7520, 26238}"
285037,NN1CCCCC1,LWMPFIOTEAXAGV-UHFFFAOYSA-N,2.0,13.7,25940,Enamine,HTS,EN300-31961,39.5,EUR,10,0.9,Cl.NN1CCCCC1,2025-10-07,1,2,2,{'Amidation'},"{1104, 1140}","{7529, 7524}"
285121,O=C(O)C(F)(F)Cl,OAWAZQITIZDJRB-UHFFFAOYSA-N,1.0,13.0,25983,Enamine,Legacy,EN300-20290,35.0,EUR,10,0.9,O=C(O)C(F)(F)Cl,2025-10-07,1,1,1,{'Amidation'},{1140},{7529}
283814,Ic1cccnc1,XDELKSRGBLWMBA-UHFFFAOYSA-N,3.0,20.5,25490,Enamine,HTS,EN300-71344,50.0,EUR,10,0.9,IC=1C=CC=NC1,2025-10-07,1,2,2,{'Sp3-sp2_Suzuki_coupling'},"{652, 725}","{7530, 48047}"
284454,NC1CCNC1,NGXSWUFDCSEIOO-UHFFFAOYSA-N,2.0,15.8,25799,Enamine,HTS,EN300-2009572,42.0,EUR,10,0.9,Cl.Cl.N[C@@H]1CCNC1,2025-10-07,2,2,2,"{'Amidation', 'Formation_of_sulfonamide_from_halide_-_Shavnya_reaction'}","{1184, 1049}","{7587, 26238}"
284490,CCCI,PVWOIHVRPOBWPI-UHFFFAOYSA-N,7.0,17.0,25718,Enamine,HTS,EN300-19282,43.3,EUR,10,0.9,CCCI,2025-10-07,1,5,5,{'Formation_of_sulfonamide_from_halide_-_Shavnya_reaction'},"{1184, 1260, 1165, 1332, 857}","{12320, 7587, 7655, 7596, 7599}"
284521,NC1CCC(=O)NC1C1CCNCC1,UUJHWTNUSSZLSO-UHFFFAOYSA-N,1.0,19.7,25543,Enamine,Advanced,EN300-211667,76.5,EUR,10,0.9,NC1CCC(=O)NC1C2CCNCC2,2025-10-07,1,1,1,{'Formation_of_sulfonamide_from_halide_-_Shavnya_reaction'},{857},{7599}
284808,O=C(O)CCC1CCCN1,HIDODKLFTVMWQL-UHFFFAOYSA-N,2.0,18.0,25637,Enamine,Advanced,EN300-266554,72.7,EUR,10,0.9,Cl.O=C(O)CCC1CCCN1,2025-10-07,1,2,2,{'Amidation'},"{1334, 983}","{9801, 7605}"
286131,ClCCCC1CC1,MOIFSNXHRTXZTI-UHFFFAOYSA-N,1.0,11.9,26051,Enamine,Advanced,EN300-267898,59.5,EUR,10,0.9,ClCCCC1CC1,2025-10-07,1,1,1,{'Formation_of_sulfonamide_from_halide_-_Shavnya_reaction'},{1667},{7625}
286132,C1CC(NC2CC2)CCN1,RUFSHRICEZJQDT-UHFFFAOYSA-N,1.0,21.3,25451,Enamine,Legacy,EN300-84896,46.8,EUR,10,0.9,Cl.Cl.C1CC1NC2CCNCC2,2025-10-07,1,1,1,{'Formation_of_sulfonamide_from_halide_-_Shavnya_reaction'},{1667},{7625}
284488,NC1CC=CC1,LJSBEPFUQWPNBZ-UHFFFAOYSA-N,1.0,8.3,26121,Enamine,HTS,EN300-84910,33.2,EUR,10,0.9,NC1CC=CC1,2025-10-07,1,1,1,{'Sulfonamide_Schotten-Baumann_with_amine_(intermolecular)'},{840},{7634}
284489,CCCS(=O)(=O)Cl,KPBSJEBFALFJTO-UHFFFAOYSA-N,5.0,14.3,25897,Enamine,HTS,EN300-20712,40.3,EUR,10,0.9,CCCS(=O)(=O)Cl,2025-10-07,1,5,5,{'Sulfonamide_Schotten-Baumann_with_amine_(intermolecular)'},"{993, 840, 1482, 1323, 1103}","{7653, 7660, 7634, 7673, 7644}"
285455,NS(=O)(=O)CCCO,MTQKQHPGIPKOEJ-UHFFFAOYSA-N,2.0,13.9,25926,Enamine,Legacy,EN300-208159,35.8,EUR,10,0.9,NS(=O)(=O)CCCO,2025-10-07,1,2,2,{'Mitsunobu_reaction_with_amine_alcohol_and_thioalcohol'},"{1628, 1326}","{7642, 7674}"
285450,NC1C=CCCC1,ACYMGUSQXQEHGA-UHFFFAOYSA-N,1.0,13.4,25966,Enamine,HTS,EN300-106270,39.2,EUR,10,0.9,Cl.NC1C=CCCC1,2025-10-07,1,1,1,{'Sulfonamide_Schotten-Baumann_with_amine_(intermolecular)'},{1323},{7644}
285036,NC1CC=CCC1,UUSODXRMARGLBX-UHFFFAOYSA-N,1.0,13.4,25965,Enamine,HTS,EN300-80850,39.2,EUR,10,0.9,Cl.NC1CC=CCC1,2025-10-07,1,1,1,{'Sulfonamide_Schotten-Baumann_with_amine_(intermolecular)'},{1103},{7653}
285165,NC1CC2(C1)N=N2,OZTAUFXHBPAJIX-UHFFFAOYSA-N,1.0,13.4,25962,Enamine,Functional - BRC,EN300-6478226,19.0,EUR,10,0.9,Cl.NC1CC2(C1)N=N2,2025-10-07,1,1,1,{'Formation_of_sulfonamide_from_halide_-_Shavnya_reaction'},{1165},{7655}
285794,NC1CCCSC1,RRYVQPYROGYYSM-UHFFFAOYSA-N,1.0,15.4,25827,Enamine,Legacy,EN300-219785,37.3,EUR,10,0.9,Cl.NC1CCCSC1,2025-10-07,1,1,1,{'Sulfonamide_Schotten-Baumann_with_amine_(intermolecular)'},{1482},{7660}
284826,NC12CCC(CC1)C2,VUFQYRAKSQTZEB-UHFFFAOYSA-N,1.0,14.8,25868,Enamine,HTS,EN300-133885,40.9,EUR,10,0.9,Cl.NC12CCC(CC1)C2,2025-10-07,1,1,1,{'Sulfonamide_Schotten-Baumann_with_amine_(intermolecular)'},{993},{7673}
283743,O=C(O)Cn1cccn1,LOSKNFQZTWYZHI-UHFFFAOYSA-N,1.0,12.6,26018,Enamine,HTS,EN300-23942,38.4,EUR,10,0.9,O=C(O)CN1C=CC=N1,2025-10-07,1,1,1,{'Amidation'},{1135},{7819}
285112,CCCNCC(C)C,SQGSVBHTFQOZDL-UHFFFAOYSA-N,1.0,11.5,26055,Enamine,Legacy,EN300-33331,33.3,EUR,10,0.9,CCCNCC(C)C,2025-10-07,1,1,1,{'Amidation'},{1135},{7819}
285425,CC(Cn1cccn1)C(=O)O,FWIFKSTVTRTEQU-UHFFFAOYSA-N,2.0,15.4,25829,Enamine,Legacy,EN300-41534,37.4,EUR,10,0.9,CC(CN1C=CC=N1)C(=O)O,2025-10-07,1,2,2,{'Amidation'},"{1532, 1311}","{7825, 7845}"
285426,C=CCNC,IOXXVNYDGIXMIP-UHFFFAOYSA-N,1.0,7.1,26127,Enamine,HTS,EN300-73282,31.8,EUR,10,0.9,C=CCNC,2025-10-07,1,1,1,{'Amidation'},{1311},{7825}
285129,O=C(O)C=Cc1cn[nH]c1,WDHPQYQBAOMCNI-UHFFFAOYSA-N,1.0,13.8,25937,Enamine,HTS,EN300-832956,39.7,EUR,10,0.9,O=C(O)/C=C/C=1C=NNC1,2025-10-07,1,1,1,{'Amidation'},{1148},{7839}
285130,CC(C)CC(N)C(F)(F)F,GAIOQBNXIHMNHE-UHFFFAOYSA-N,2.0,19.2,25574,Enamine,HTS,EN300-7353619,46.9,EUR,10,0.9,Cl.CC(C)C[C@H](N)C(F)(F)F,2025-10-07,1,2,2,{'Amidation'},"{1355, 1148}","{20970, 7839}"
285900,NCC=CCl,ZOGFQDXLOXDFHI-UHFFFAOYSA-N,1.0,12.8,26004,Enamine,Legacy,EN300-761629,34.8,EUR,10,0.9,Cl.NCC=CCl,2025-10-07,1,1,1,{'Amidation'},{1532},{7845}
284845,O=C(O)c1ccccn1,SIOXPEMLGUPBBT-UHFFFAOYSA-N,4.0,12.3,26035,Enamine,Advanced,EN300-18459,60.5,EUR,10,0.9,O=C(O)C=1C=CC=CN1,2025-10-07,1,4,4,{'Amidation'},"{1192, 1288, 1252, 1006}","{26592, 8052, 15069, 8031}"
284921,CC(C)(C#N)CN,VFJGAQNGDVAFIC-UHFFFAOYSA-N,1.0,13.5,25959,Enamine,HTS,EN300-212829,39.3,EUR,10,0.9,Cl.CC(C)(C#N)CN,2025-10-07,1,1,1,{'Amidation'},{1288},{8031}
286074,CCC(C)CCN,JLAUIBFZZUVOBB-UHFFFAOYSA-N,1.0,13.8,25934,Enamine,HTS,EN300-299409,39.7,EUR,10,0.9,Cl.CCC(C)CCN,2025-10-07,1,1,1,{'Amidation'},{1638},{8035}
286075,CC(C(=O)O)c1cccnc1,RVSGAPGURIPIFA-UHFFFAOYSA-N,1.0,15.1,25843,Enamine,Legacy,EN300-68926,37.1,EUR,10,0.9,CC(C(=O)O)C=1C=CC=NC1,2025-10-07,1,1,1,{'Amidation'},{1638},{8035}
284669,O=C(O)C(F)(F)c1ccncc1,UXTFZNJZPAMSTD-UHFFFAOYSA-N,1.0,17.3,25692,Enamine,Functional,EN300-136318,186.7,EUR,10,0.9,O=C(O)C(F)(F)C=1C=CN=CC1,2025-10-07,1,1,1,{'Amidation'},{919},{8041}
284670,CC(N)CC(F)(F)F,HKEQNJJYWZWKMC-UHFFFAOYSA-N,2.0,16.4,25757,Enamine,Advanced,EN300-132091,69.2,EUR,10,0.9,Cl.CC(N)CC(F)(F)F,2025-10-07,1,2,2,{'Amidation'},"{1479, 919}","{8041, 23295}"
284846,CC(C)(C)CC(N)C(F)(F)F,GBMGSRRYJYOIFW-UHFFFAOYSA-N,1.0,20.6,25487,Enamine,Functional,EN300-127311,199.3,EUR,10,0.9,Cl.CC(C)(C)CC(N)C(F)(F)F,2025-10-07,1,1,1,{'Amidation'},{1006},{8052}
284006,O=C(O)c1ccncc1,TWBYWOBDOCUKOW-UHFFFAOYSA-N,2.0,12.3,26031,Enamine,Functional - BRC,EN300-19169,19.0,EUR,10,0.9,O=C(O)C=1C=CN=CC1,2025-10-07,1,2,2,{'Amidation'},"{1200, 1193}","{8059, 8054}"
285214,CCCC(N)C(C)(C)C,JGIHOPRCMAKAIO-UHFFFAOYSA-N,1.0,16.6,25734,Enamine,Legacy,EN300-243970,38.6,EUR,10,0.9,Cl.CCCC(N)C(C)(C)C,2025-10-07,1,1,1,{'Amidation'},{1193},{8054}
285230,CSCCCCCN,DQIGNVFNKSQHQV-UHFFFAOYSA-N,1.0,13.3,25974,Enamine,Legacy,EN300-142102,35.2,EUR,10,0.9,CSCCCCCN,2025-10-07,1,1,1,{'Amidation'},{1200},{8059}
285829,CC(C)C(Br)C(=O)NCc1cccnc1,WBIAUEBLBSRVTR-UHFFFAOYSA-N,1.0,27.1,25310,Enamine,Legacy,EN300-56914,59.1,EUR,10,0.9,CC(C)C(Br)C(=O)NCC=1C=CC=NC1,2025-10-07,1,1,1,{'Nucleophilic_substitution_with_thiol'},{1495},{8064}
285830,CC(C)(C)CS,LSUXMVNABVPWMF-UHFFFAOYSA-N,1.0,10.4,26096,Enamine,HTS,EN300-198544,35.8,EUR,10,0.9,CC(C)(C)CS,2025-10-07,1,1,1,{'Nucleophilic_substitution_with_thiol'},{1495},{8064}
284460,CC(C)CCCCC(=O)O,OEOIWYCWCDBOPA-UHFFFAOYSA-N,1.0,14.4,25886,Enamine,Legacy,EN300-226974,36.5,EUR,10,0.9,CC(C)CCCCC(=O)O,2025-10-07,1,1,1,{'Amidation'},{826},{8070}
286111,O=S(=O)(Cl)N1CCCCC1,QQJYAXDCMMXECR-UHFFFAOYSA-N,2.0,18.4,25610,Enamine,Legacy,EN300-28609,40.5,EUR,10,0.9,O=S(=O)(Cl)N1CCCCC1,2025-10-07,1,2,2,{'Sulfonamide_Schotten-Baumann_with_amine_(intermolecular)'},"{1657, 1670}","{8160, 8155}"
286140,CC=CC=CCN,IGQDXHNZLXHDRZ-UHFFFAOYSA-N,1.0,9.7,26105,Enamine,Functional,EN300-2010292,174.8,EUR,10,0.9,C/C=C/C=C/CN,2025-10-07,1,1,1,{'Sulfonamide_Schotten-Baumann_with_amine_(intermolecular)'},{1670},{8155}
284133,O=C(O)C(F)C1CCNCC1,QAIAGJYPQQYENU-UHFFFAOYSA-N,2.0,19.8,25530,Enamine,Legacy,EN300-7539466,43.4,EUR,10,0.9,Cl.O=C(O)C(F)C1CCNCC1,2025-10-07,1,2,2,{'Amidation'},"{653, 975}","{9170, 8165}"
284792,CCCCC(CC)CN,LTHNHFOGQMKPOV-UHFFFAOYSA-N,1.0,12.9,26000,Enamine,Advanced,EN300-19012,61.8,EUR,10,0.9,CCCCC(CC)CN,2025-10-07,1,1,1,{'Amidation'},{975},{8165}
284591,O=C(O)c1ccc2c(c1)NS(=O)(=O)C2,WOYVITVQQNYCEQ-UHFFFAOYSA-N,10.0,21.3,25454,Enamine,Functional,EN300-5416524,426.4,EUR,10,0.9,O=C(O)C=1C=CC=2CS(=O)(=O)NC2C1,2025-10-07,2,10,10,"{'Steglich_esterification', 'Amidation'}","{1610, 1453, 1454, 1231, 1614, 1425, 1617, 1558, 1560, 1052}","{15494, 8457, 12012, 15471, 12016, 91439, 11987, 15476, 11989, 8445}"
285945,CNC1CCN(C)CC1,XRYGCVVVDCEPRL-UHFFFAOYSA-N,1.0,12.8,26003,Enamine,Functional - BRC,EN300-18952,19.0,EUR,10,0.9,CNC1CCN(C)CC1,2025-10-07,1,1,1,{'Amidation'},{1558},{8445}
285947,OCC(F)(F)C1CCCCN1,TXLKHMPALQPCIO-UHFFFAOYSA-N,1.0,16.5,25754,Enamine,Functional,EN300-26572985,207.0,EUR,10,0.9,OCC(F)(F)C1CCCCN1,2025-10-07,1,1,1,{'Amidation'},{1560},{8457}
284524,O=C1Cc2c(C(=O)O)ccnc2N1,KLFGKBLJFXZSJO-UHFFFAOYSA-N,5.0,17.8,25656,Enamine,Functional,EN300-269863,357.8,EUR,10,0.9,O=C(O)C=1C=CN=C2NC(=O)CC12,2025-10-07,1,5,5,{'Amidation'},"{1186, 1643, 1007, 1362, 858}","{8484, 8485, 8486, 8468, 8470}"
284847,COCCN1CCC(CN)CC1,DVRUPOLTRICBFA-UHFFFAOYSA-N,1.0,17.2,25695,Enamine,Legacy,EN300-66453,39.2,EUR,10,0.9,COCCN1CCC(CN)CC1,2025-10-07,1,1,1,{'Amidation'},{1007},{8468}
284525,COCCN1CCC(N)CC1,ILMDRDDKNWKCNX-UHFFFAOYSA-N,1.0,15.8,25795,Enamine,Legacy,EN300-55883,37.8,EUR,10,0.9,COCCN1CCC(N)CC1,2025-10-07,1,1,1,{'Amidation'},{858},{8470}
285202,NC(=O)NCC1CCCCN1,VBTLNWLRGZKILF-UHFFFAOYSA-N,1.0,19.4,25561,Enamine,HTS,EN300-62166,47.3,EUR,10,0.9,Cl.NC(=O)NCC1CCCCN1,2025-10-07,1,1,1,{'Amidation'},{1186},{8484}
285536,CCCN1CCC(N)CC1,ZCYVGFQRDRGDJM-UHFFFAOYSA-N,1.0,14.2,25907,Enamine,Legacy,EN300-13425,36.2,EUR,10,0.9,CCCN1CCC(N)CC1,2025-10-07,1,1,1,{'Amidation'},{1362},{8485}
286086,CCCN1CCC(CN)CC1,QSUUJNCKEJEANG-UHFFFAOYSA-N,1.0,22.9,25389,Enamine,HTS,EN300-37470098,55.7,EUR,10,0.9,Cl.Cl.CCCN1CCC(CN)CC1,2025-10-07,1,1,1,{'Amidation'},{1643},{8486}
285343,c1ccc2c(c1)CCCCCN2,VTIJFGNTDHLPLT-UHFFFAOYSA-N,1.0,19.8,25531,Enamine,Legacy,EN300-91805,43.4,EUR,10,0.9,Cl.C=1C=CC=2NCCCCCC2C1,2025-10-07,1,1,1,{'Amidation'},{1258},{8876}
285344,CC(CC(=O)O)C1CCNCC1,IWWZSCISJMQRGU-UHFFFAOYSA-N,2.0,17.1,25708,Enamine,HTS,EN300-111504,43.5,EUR,10,0.9,CC(CC(=O)O)C1CCNCC1,2025-10-07,1,2,2,{'Amidation'},"{1258, 1605}","{8876, 8878}"
286007,c1ccc2c(c1)CCNC2,UWYZHKAOTLEWKK-UHFFFAOYSA-N,1.0,13.3,25978,Enamine,Advanced,EN300-18301,62.7,EUR,10,0.9,C=1C=CC=2CNCCC2C1,2025-10-07,1,1,1,{'Amidation'},{1605},{8878}
284798,O=C(O)c1ccc2c(c1)CCCN2,ARNALYPZOYPNAF-UHFFFAOYSA-N,1.0,21.4,25441,Enamine,HTS,EN300-66727,52.1,EUR,10,0.9,Cl.O=C(O)C=1C=CC=2NCCCC2C1,2025-10-07,1,1,1,{'Amidation'},{1401},{8891}
284040,CC1CCCCN1,NNWUEBIEOFQMSS-UHFFFAOYSA-N,1.0,9.9,26102,Enamine,Functional - BRC,EN300-20696,19.0,EUR,10,0.9,CC1CCCCN1,2025-10-07,1,1,1,{'Formation_of_urea_from_two_amines'},{1308},{8906}
284739,NCc1ccc2c(c1)CCCN2,PVBQLBGOQLWTCV-UHFFFAOYSA-N,3.0,16.2,25773,Enamine,Advanced,EN300-72564,69.0,EUR,10,0.9,NCC1=CC=C2NCCCC2=C1,2025-10-07,2,3,3,"{'Formation_of_urea_from_two_amines', 'Amidation'}","{1308, 1285, 951}","{8920, 8906, 33915}"
284526,Oc1ccc2c(c1)CCCN2,CTJSPUFGQNVJJP-UHFFFAOYSA-N,1.0,14.9,25858,Enamine,HTS,EN300-1697101,41.0,EUR,10,0.9,OC=1C=CC=2NCCCC2C1,2025-10-07,1,1,1,{'Mitsunobu_aryl_ether_synthesis'},{859},{8912}
284527,CC1(CO)CCCCN1,RPUZRRCAXCJUNW-UHFFFAOYSA-N,1.0,12.9,25997,Enamine,HTS,EN300-170900,38.7,EUR,10,0.9,CC1(CO)CCCCN1,2025-10-07,1,1,1,{'Mitsunobu_aryl_ether_synthesis'},{859},{8912}
283796,NCC1CCCNC1,IPOVLZSJBYKHHU-UHFFFAOYSA-N,4.0,11.4,26064,Enamine,Advanced,EN300-295862,58.6,EUR,10,0.9,NCC1CCCNC1,2025-10-07,2,4,4,"{'Formation_of_urea_from_two_amines', 'Amidation'}","{568, 490, 613, 951}","{8920, 48099, 46492, 47045}"
284793,O=C(O)c1ccc2c(c1)CCCCN2,TZGKFHVAOBIIFK-UHFFFAOYSA-N,3.0,22.8,25391,Enamine,HTS,EN300-384228,55.4,EUR,10,0.9,Cl.O=C(O)C=1C=CC=2NCCCCC2C1,2025-10-07,1,3,3,{'Amidation'},"{976, 1008, 1548}","{27907, 8923, 27918}"
284848,CCSCC1CCNCC1,OQXRTQUMUGWVGU-UHFFFAOYSA-N,1.0,19.6,25547,Enamine,HTS,EN300-241353,47.8,EUR,10,0.9,Cl.CCSCC1CCNCC1,2025-10-07,1,1,1,{'Amidation'},{1008},{8923}
285537,O=C(O)c1csc2nnsc12,FDZNFTUGBZLIHN-UHFFFAOYSA-N,1.0,18.6,25605,Enamine,Legacy,EN300-2980478,41.0,EUR,10,0.9,O=C(O)C1=CSC=2N=NSC12,2025-10-07,1,1,1,{'Amidation'},{1363},{8952}
284775,NCc1cccc2c1OCO2,WOSCKVGRNOPBKO-UHFFFAOYSA-N,1.0,18.8,25597,Enamine,HTS,EN300-7859376,45.9,EUR,10,0.9,Cl.NCC=1C=CC=C2OCOC12,2025-10-07,1,1,1,{'Amidation'},{969},{9079}
284776,CCCC(C)CC(=O)O,NZQMQVJXSRMTCJ-UHFFFAOYSA-N,1.0,13.0,25984,Enamine,Legacy,EN300-61548,35.0,EUR,10,0.9,CCCC(C)CC(=O)O,2025-10-07,1,1,1,{'Amidation'},{969},{9079}
284134,NC1CCC(N2CCCC2=O)CC1,BHPOOWBWUQPPQQ-UHFFFAOYSA-N,1.0,21.9,25421,Enamine,HTS,EN300-196365,53.2,EUR,10,0.9,Cl.NC1CCC(CC1)N2CCCC2=O,2025-10-07,1,1,1,{'Amidation'},{653},{9170}
285938,ClCC1CCc2nncn2C1,MRBBWDADMOANOA-UHFFFAOYSA-N,1.0,20.8,25478,Enamine,Advanced,EN300-7354326,78.8,EUR,10,0.9,Cl.ClCC1CCC2=NN=CN2C1,2025-10-07,1,1,1,{'Amine_alkylation'},{1556},{9590}
285939,CONCCC(C)C,MNWRQBQXAXXSRS-UHFFFAOYSA-N,1.0,15.4,25830,Enamine,Advanced,EN300-110444,67.0,EUR,10,0.9,Cl.CONCCC(C)C,2025-10-07,1,1,1,{'Amine_alkylation'},{1556},{9590}
282917,N#CCC(=O)O,MLIREBYILWEBDM-UHFFFAOYSA-N,1.0,8.5,26119,Enamine,Legacy,EN300-19926,30.2,EUR,10,0.9,N#CCC(=O)O,2025-10-07,1,1,1,{'Amidation'},{1333},{9783}
285476,NC1CCCC2(CC2)C1,YCSRHTRDWSXDFA-UHFFFAOYSA-N,1.0,16.2,25778,Enamine,Functional,EN300-717297,196.9,EUR,10,0.9,Cl.NC1CCCC2(CC2)C1,2025-10-07,1,1,1,{'Amidation'},{1333},{9783}
285477,C=CCNCC(F)(F)F,NWXJQPBOJWODIW-UHFFFAOYSA-N,1.0,17.6,25670,Enamine,Legacy,EN300-53181,39.6,EUR,10,0.9,Cl.C=CCNCC(F)(F)F,2025-10-07,1,1,1,{'Amidation'},{1334},{9801}
284831,CC(CC(=O)O)C(F)(F)C(F)(F)F,LBAZMTRJICBWDC-UHFFFAOYSA-N,1.0,20.6,25488,Enamine,Functional,EN300-1951453,215.3,EUR,10,0.9,CC(CC(=O)O)C(F)(F)C(F)(F)F,2025-10-07,1,1,1,{'Amidation'},{998},{9910}
284832,CC(C)(N)CCN1CCCC1,NPSGZUYANLXYQA-UHFFFAOYSA-N,1.0,15.6,25821,Enamine,Functional,EN300-1840341,183.1,EUR,10,0.9,CC(C)(N)CCN1CCCC1,2025-10-07,1,1,1,{'Amidation'},{998},{9910}
284947,CN(C)CCCOC1CCNCC1,HYBWJSXMJVVCOE-UHFFFAOYSA-N,1.0,18.6,25606,Enamine,Legacy,EN300-99921,41.0,EUR,10,0.9,CN(C)CCCOC1CCNCC1,2025-10-07,1,1,1,{'Amidation'},{1065},{9987}
284948,CC(C(=O)O)C1CCC(=O)N1,JLIAUXQHFQGOGT-UHFFFAOYSA-N,1.0,15.7,25807,Enamine,HTS,EN300-249421,41.9,EUR,10,0.9,CC(C(=O)O)C1CCC(=O)N1,2025-10-07,1,1,1,{'Amidation'},{1065},{9987}
284796,CC(C)C(N)c1nnc2ccccn12,MECUKSMMKPCGQW-UHFFFAOYSA-N,1.0,19.0,25584,Enamine,HTS,EN300-64710,46.5,EUR,10,0.9,CC(C)C(N)C1=NN=C2C=CC=CN12,2025-10-07,1,1,1,{'Amidation'},{977},{10333}
284852,CNCc1nnc2ccccn12,UQXCTICEXNDHAR-UHFFFAOYSA-N,2.0,23.5,25370,Enamine,HTS,EN300-261958,57.1,EUR,10,0.9,Cl.Cl.CNCC1=NN=C2C=CC=CN12,2025-10-07,1,2,2,{'Formation_of_urea_from_two_amines'},"{1012, 1655}","{16890, 10335}"
284688,Nc1ccc2nnc(C3CCC3)n2c1,DSEYGKPXBQCVRR-UHFFFAOYSA-N,1.0,26.1,25318,Enamine,HTS,EN300-46880549,63.3,EUR,10,0.9,Cl.Cl.NC=1C=CC2=NN=C(C3CCC3)N2C1,2025-10-07,1,1,1,{'Amidation'},{931},{10379}
284689,CC(C(=O)O)n1cccc1,MTHRJNLVFAQKOG-UHFFFAOYSA-N,1.0,13.9,25928,Enamine,HTS,EN300-114853,39.8,EUR,10,0.9,CC(C(=O)O)N1C=CC=C1,2025-10-07,1,1,1,{'Amidation'},{931},{10379}
284897,CNC(=O)C1CCCN1,URHXQSTYLJNJMT-UHFFFAOYSA-N,1.0,16.5,25751,Enamine,HTS,EN300-7635907,42.8,EUR,10,0.9,Cl.CNC(=O)[C@@H]1CCCN1,2025-10-07,1,1,1,{'Amidation'},{1039},{10535}
65033,CC(Sc1ncccc1C(=O)O)C(=O)N1CCCC1,QYHDRWXPIQFSQN-UHFFFAOYSA-N,2.0,28.0,25302,Enamine,Legacy,EN300-64754,61.1,EUR,10,0.9,CC(SC=1N=CC=CC1C(=O)O)C(=O)N2CCCC2,2025-10-07,1,2,2,{'Amidation'},"{1431, 599}","{65008, 10549}"
285703,CC(C)(C)CN,XDIAMRVROCPPBK-UHFFFAOYSA-N,1.0,8.7,26116,Enamine,Legacy,EN300-52478,30.4,EUR,10,0.9,CC(C)(C)CN,2025-10-07,1,1,1,{'Amidation'},{1431},{10549}
22696,CC(=O)NCC1CCCNC1,TXZBOHMPGYOABD-UHFFFAOYSA-N,1.0,15.6,25813,Enamine,Legacy,EN300-54072,37.6,EUR,10,0.9,CC(=O)NCC1CCCNC1,2025-10-07,1,1,1,{'Amidation'},{1580},{10567}
5710,CC(=O)NCC1CCNCC1,CFRYMBOECAAAQY-UHFFFAOYSA-N,1.0,15.6,25812,Enamine,Legacy,EN300-54124,37.6,EUR,10,0.9,CC(=O)NCC1CCNCC1,2025-10-07,1,1,1,{'Amidation'},{1575},{10571}
283832,CC(CC(=O)O)N1CCc2ccccc21,UPZNECUMVLUHKW-UHFFFAOYSA-N,2.0,20.5,25493,Enamine,HTS,EN300-260068,50.1,EUR,10,0.9,CC(CC(=O)O)N1CCC=2C=CC=CC21,2025-10-07,1,2,2,{'Amidation'},"{504, 1267}","{78532, 10575}"
285355,CC(CN)CC(F)(F)F,PIOIYGGPVZPPRE-UHFFFAOYSA-N,1.0,17.8,25644,Enamine,Legacy,EN300-254116,39.9,EUR,10,0.9,Cl.CC(CN)CC(F)(F)F,2025-10-07,1,1,1,{'Amidation'},{1267},{10575}
285080,CC(=O)N1CCNCC12CCCCC2,PEEIBWAJAKHQBD-UHFFFAOYSA-N,3.0,19.6,25546,Enamine,Legacy,EN300-123091,43.1,EUR,10,0.9,CC(=O)N1CCNCC21CCCCC2,2025-10-07,2,3,3,"{'Formation_of_urea_from_two_amines', 'Isocyanate_to_urea'}","{1133, 1118, 1566}","{10681, 10683, 10686}"
285956,NCCc1ccncc1,IDLHTECVNDEOIY-UHFFFAOYSA-N,1.0,12.2,26037,Enamine,Functional - BRC,EN300-50402,19.0,EUR,10,0.9,NCCC=1C=CN=CC1,2025-10-07,1,1,1,{'Formation_of_urea_from_two_amines'},{1566},{10681}
285107,O=C=NCCc1cccs1,KAJZMNLREUEZSH-UHFFFAOYSA-N,1.0,15.3,25832,Enamine,HTS,EN300-144797,41.4,EUR,10,0.9,O=C=NCCC1=CC=CS1,2025-10-07,1,1,1,{'Isocyanate_to_urea'},{1133},{10683}
285079,NCCc1cscn1,VNRWRBJKPUBFDY-UHFFFAOYSA-N,1.0,20.1,25501,Enamine,HTS,EN300-72734,49.0,EUR,10,0.9,Cl.Cl.NCCC1=CSC=N1,2025-10-07,1,1,1,{'Formation_of_urea_from_two_amines'},{1118},{10686}
285411,CC(=O)c1ccc(C(=O)O)s1,LIKIMWYKJUFVJP-UHFFFAOYSA-N,1.0,17.0,25711,Enamine,Functional - BRC,EN300-14656,19.0,EUR,10,0.9,CC(=O)C1=CC=C(S1)C(=O)O,2025-10-07,1,1,1,{'Amidation'},{1303},{10704}
284760,O=C(O)CCC1CC1,PPZZCMKWRAVJDS-UHFFFAOYSA-N,1.0,11.4,26062,Enamine,HTS,EN300-78456,37.0,EUR,10,0.9,O=C(O)CCC1CC1,2025-10-07,1,1,1,{'Amidation'},{960},{10831}
284761,CC(=O)NCCC1CCCNC1,FCRLIUDMPRCZIU-UHFFFAOYSA-N,1.0,17.0,25721,Enamine,HTS,EN300-213929,43.4,EUR,10,0.9,CC(=O)NCCC1CCCNC1,2025-10-07,1,1,1,{'Amidation'},{960},{10831}
285118,CCNc1ccncc1,OTIDWUALRXXVIM-UHFFFAOYSA-N,1.0,12.2,26040,Enamine,HTS,EN300-75265,37.9,EUR,10,0.9,CCNC=1C=CN=CC1,2025-10-07,1,1,1,{'Amidation'},{1138},{11204}
283914,CNc1ccncc1,LSCYTCMNCWMCQE-UHFFFAOYSA-N,3.0,10.8,26090,Enamine,HTS,EN300-90649,36.3,EUR,10,0.9,CNC=1C=CN=CC1,2025-10-07,3,3,3,"{'Formation_of_urea_from_two_amines', 'Amine_alkylation', 'Amidation'}","{547, 828, 807}","{46497, 65117, 11207}"
284463,CC(Cl)C(=O)O,GAWAYYRQGQZKCR-UHFFFAOYSA-N,1.0,10.9,26083,Enamine,Legacy,EN300-22778,32.7,EUR,10,0.9,CC(Cl)C(=O)O,2025-10-07,1,1,1,{'Amidation'},{828},{11207}
285999,ClCCc1ccccn1,FVPGJXXACUQQGV-UHFFFAOYSA-N,1.0,17.8,25649,Enamine,HTS,EN300-7646452,44.3,EUR,10,0.9,Cl.ClCCC=1C=CC=CN1,2025-10-07,1,1,1,{'Amine_alkylation'},{1601},{11209}
286000,CNOC,KRKPYFLIYNGWTE-UHFFFAOYSA-N,1.0,9.8,26104,Enamine,HTS,EN300-21227,35.0,EUR,10,0.9,Cl.CNOC,2025-10-07,1,1,1,{'Amine_alkylation'},{1601},{11209}
284762,O=C(O)c1cnnc2ccccc12,ZKOMQFDQFTVPBZ-UHFFFAOYSA-N,1.0,17.4,25683,Enamine,Legacy,EN300-295310,39.4,EUR,10,0.9,O=C(O)C=1C=NN=C2C=CC=CC12,2025-10-07,1,1,1,{'Amidation'},{1172},{11248}
285179,NCC1(c2ccccn2)CC1,LAYWXWONVPWAMC-UHFFFAOYSA-N,1.0,22.1,25416,Enamine,Legacy,EN300-134354,48.5,EUR,10,0.9,Cl.Cl.NCC1(CC1)C=2C=CC=CN2,2025-10-07,1,1,1,{'Amidation'},{1172},{11248}
285119,O=C(O)CCc1ccn[nH]1,SPSDYSZCWKVDLE-UHFFFAOYSA-N,1.0,17.7,25662,Enamine,HTS,EN300-1664603,44.1,EUR,10,0.9,Cl.O=C(O)CCC1=CC=NN1,2025-10-07,1,1,1,{'Amidation'},{1139},{11605}
285120,CC(C)CCOCC1CCNCC1,MJPNEJZVGNYJSA-UHFFFAOYSA-N,1.0,22.2,25414,Enamine,Legacy,EN300-41544,48.6,EUR,10,0.9,Cl.CC(C)CCOCC1CCNCC1,2025-10-07,1,1,1,{'Amidation'},{1139},{11605}
286013,COCc1ccnc(N)c1,VBCMRXVAYRDSQH-UHFFFAOYSA-N,1.0,13.8,25933,Enamine,Legacy,EN300-266318,35.7,EUR,10,0.9,COCC=1C=CN=C(N)C1,2025-10-07,1,1,1,{'Amidation'},{1610},{11987}
286018,NC(=O)c1ccc(N)nc1,ZLWYEPMDOUQDBW-UHFFFAOYSA-N,1.0,13.7,25939,Enamine,Functional - BRC,EN300-1257643,19.0,EUR,10,0.9,NC(=O)C=1C=CC(N)=NC1,2025-10-07,1,1,1,{'Amidation'},{1614},{11989}
286022,CC(O)c1cccnc1,QMDUEBURHKSKDG-UHFFFAOYSA-N,1.0,12.3,26032,Enamine,Legacy,EN300-53661,34.2,EUR,10,0.9,CC(O)C=1C=CC=NC1,2025-10-07,1,1,1,{'Steglich_esterification'},{1617},{12012}
284924,CC(N)Cc1ccccn1,OKWKKGILOAMUGL-UHFFFAOYSA-N,1.0,13.6,25949,Enamine,HTS,EN300-239880,39.5,EUR,10,0.9,CC(N)CC=1C=CC=CN1,2025-10-07,1,1,1,{'Amidation'},{1052},{12016}
284586,CN1C(=O)NCC1C(=O)O,ZYYGFIXCFRITFC-UHFFFAOYSA-N,1.0,14.4,25894,Enamine,Functional,EN300-307008,209.4,EUR,10,0.9,CN1C(=O)NCC1C(=O)O,2025-10-07,1,1,1,{'Amidation'},{1526},{12140}
285888,COC(=O)C(N)c1cccnc1,AHRUJZICYBJXIK-UHFFFAOYSA-N,1.0,23.9,25358,Enamine,Advanced,EN300-234137,85.5,EUR,10,0.9,Cl.Cl.COC(=O)C(N)C=1C=NC=CC1,2025-10-07,1,1,1,{'Amidation'},{1526},{12140}
285473,Nc1ccsn1,IYCKMNAVTMOAKD-UHFFFAOYSA-N,1.0,13.7,25942,Enamine,Advanced,EN300-245868,63.4,EUR,10,0.9,Cl.NC=1C=CSN1,2025-10-07,1,1,1,{'Formation_of_sulfonamide_from_halide_-_Shavnya_reaction'},{1332},{12320}
285197,O=C(O)C(F)n1cccn1,MSCKAZKGYFCKDA-UHFFFAOYSA-N,1.0,14.4,25893,Enamine,Functional,EN300-1726277,189.6,EUR,10,0.9,O=C(O)C(F)N1C=CC=N1,2025-10-07,1,1,1,{'Amidation'},{1183},{12352}
284363,Nc1nnc(-c2ccccn2)s1,XRSWPYZJJLNMNK-UHFFFAOYSA-N,3.0,17.8,25646,Enamine,Legacy,EN300-44158,39.9,EUR,10,0.9,NC1=NN=C(S1)C=2C=CC=CN2,2025-10-07,3,3,3,"{'Reductive_amination', 'Amine_alkylation', 'Formation_of_urea_from_two_amines'}","{776, 914, 1607}","{46545, 12403, 20719}"
286008,CC(CN)N1CCc2sccc2C1,MQKOIUAPLLHABT-UHFFFAOYSA-N,1.0,19.6,25549,Enamine,HTS,EN300-57802,47.9,EUR,10,0.9,CC(CN)N1CCC=2SC=CC2C1,2025-10-07,1,1,1,{'Formation_of_urea_from_two_amines'},{1607},{12403}
284266,CNC(C)c1ccncc1,MUIKHERDKLRMFH-UHFFFAOYSA-N,2.0,13.6,25945,Enamine,Legacy,EN300-58254,35.6,EUR,10,0.9,CNC(C)C=1C=CN=CC1,2025-10-07,2,2,2,"{'Formation_of_urea_from_two_amines', 'Formation_of_sulfonamide_from_halide_-_Shavnya_reaction'}","{729, 1521}","{71025, 12436}"
285879,Brc1cccc2c1CCN2,YCJCSDSXVHEBRU-UHFFFAOYSA-N,1.0,19.8,25532,Enamine,Legacy,EN300-136865,43.5,EUR,10,0.9,BrC=1C=CC=C2NCCC12,2025-10-07,1,1,1,{'Formation_of_sulfonamide_from_halide_-_Shavnya_reaction'},{1521},{12436}
284863,OCc1cccc2c1CCCN2,HSRHUFBFSRPAFJ-UHFFFAOYSA-N,1.0,20.0,25517,Enamine,HTS,EN300-45381371,48.8,EUR,10,0.9,Cl.OCC=1C=CC=C2NCCCC12,2025-10-07,1,1,1,{'Mitsunobu_reaction_with_amine_alcohol_and_thioalcohol'},{1020},{12439}
284864,CNC(=O)c1cc(N)ccn1,MSBIGAJBEHIRIM-UHFFFAOYSA-N,1.0,15.1,25841,Enamine,Legacy,EN300-1231982,37.1,EUR,10,0.9,CNC(=O)C=1C=C(N)C=CN1,2025-10-07,1,1,1,{'Mitsunobu_reaction_with_amine_alcohol_and_thioalcohol'},{1020},{12439}
46461,c1cc(C2CCCNC2)ccn1,BGRLUJJHCXFDRE-UHFFFAOYSA-N,1.0,23.5,25373,Enamine,Functional,EN300-258123,233.1,EUR,10,0.9,Cl.Cl.C1=CC(=CC=N1)C2CCCNC2,2025-10-07,1,1,1,{'Amidation'},{920},{12499}
284671,O=C(O)c1cccc2c1CCCN2,KEBVOFVJYCXIBZ-UHFFFAOYSA-N,1.0,17.7,25666,Enamine,HTS,EN300-26274,44.2,EUR,10,0.9,O=C(O)C=1C=CC=C2NCCCC12,2025-10-07,1,1,1,{'Amidation'},{920},{12499}
285785,OC(CCCl)c1ccccc1,JZFUHAGLMZWKTF-UHFFFAOYSA-N,1.0,17.1,25702,Enamine,Functional - BRC,EN300-207538,19.0,EUR,10,0.9,O[C@H](CCCl)C=1C=CC=CC1,2025-10-07,1,1,1,{'Amine_alkylation'},{1476},{12946}
285786,Nc1ccnc(-c2ccccn2)n1,CRLLPKLYUMUJHY-UHFFFAOYSA-N,1.0,17.2,25698,Enamine,Legacy,EN300-316218,39.2,EUR,10,0.9,NC=1C=CN=C(N1)C=2C=CC=CN2,2025-10-07,1,1,1,{'Amine_alkylation'},{1476},{12946}
284811,C1COCC2(CC2)CN1,SWIPIBOQWRVJQW-UHFFFAOYSA-N,1.0,12.7,26013,Enamine,HTS,EN300-131681,38.5,EUR,10,0.9,C1CC12CNCCOC2,2025-10-07,1,1,1,{'Amidation'},{985},{13612}
283067,CC1Cc2cnccc2N1,IOFSTFQOYBBFHU-UHFFFAOYSA-N,1.0,13.4,25970,Enamine,Functional,EN300-223206,162.1,EUR,10,0.9,CC1CC=2C=NC=CC2N1,2025-10-07,1,1,1,{'Amidation'},{455},{13618}
285446,CCC1NCCNC1=O,BAOOEQIOVFBREJ-UHFFFAOYSA-N,1.0,12.8,26007,Enamine,HTS,EN300-67439,38.6,EUR,10,0.9,CCC1NCCNC1=O,2025-10-07,1,1,1,{'Amidation'},{1319},{13624}
285924,Oc1cccc2c1CCCCN2,MYFKUVXBOCJDKF-UHFFFAOYSA-N,1.0,20.0,25516,Enamine,HTS,EN300-7563241,48.8,EUR,10,0.9,Cl.OC=1C=CC=C2NCCCCC12,2025-10-07,1,1,1,{'Amidation'},{1543},{13629}
285842,COCC1CCCN1,CHPRFKYDQRKRRK-UHFFFAOYSA-N,1.0,11.5,26059,Enamine,HTS,EN300-314248,37.0,EUR,10,0.9,COC[C@H]1CCCN1,2025-10-07,1,1,1,{'Amidation'},{1501},{13635}
285665,COCC1CNCCO1,ZPELJYYPPKJKBE-UHFFFAOYSA-N,1.0,16.8,25727,Enamine,HTS,EN300-6743783,43.1,EUR,10,0.9,Cl.COC[C@H]1CNCCO1,2025-10-07,1,1,1,{'Amidation'},{1417},{13636}
285166,Sc1nnc(-c2ccncc2)[nH]1,PBTAXYKMCKLQSM-UHFFFAOYSA-N,1.0,17.8,25645,Enamine,Legacy,EN300-09645,39.9,EUR,10,0.9,SC1=NN=C(N1)C=2C=CN=CC2,2025-10-07,1,1,1,{'Nucleophilic_substitution_with_thiol'},{1166},{13648}
285167,CC(Br)C(=O)c1ccco1,ZLZJJJKGSBIXNZ-UHFFFAOYSA-N,1.0,20.3,25500,Enamine,Advanced,EN300-196189,77.7,EUR,10,0.9,CC(Br)C(=O)C1=CC=CO1,2025-10-07,1,1,1,{'Nucleophilic_substitution_with_thiol'},{1166},{13648}
283917,C1CC12CNOC2,JGKSDWOZVQWSLG-UHFFFAOYSA-N,1.0,13.6,25953,Enamine,Advanced,EN300-1590570,63.2,EUR,10,0.9,Cl.C1CC12CNOC2,2025-10-07,1,1,1,{'Amidation'},{549},{13655}
6519,c1csc(C2CCCN2)n1,OHXHYELTRYIFII-UHFFFAOYSA-N,1.0,22.7,25393,Enamine,HTS,EN300-1718219,55.2,EUR,10,0.9,Cl.Cl.C1=CSC(=N1)C2CCCN2,2025-10-07,1,1,1,{'Amidation'},{1406},{13661}
284506,NC1CNCCc2ccccc21,HHUBTWXIUNJDHO-UHFFFAOYSA-N,1.0,32.4,25293,Enamine,Functional,EN300-6738959,338.6,EUR,10,0.9,Br.Br.NC1CNCCC2=CC=CC=C21,2025-10-07,1,1,1,{'Amidation'},{850},{13816}
284507,CCC(=O)N1CCC(C(=O)O)C1,XHYADCZIBMBFHO-UHFFFAOYSA-N,1.0,17.1,25707,Enamine,HTS,EN300-114133,43.5,EUR,10,0.9,CCC(=O)N1CCC(C1)C(=O)O,2025-10-07,1,1,1,{'Amidation'},{850},{13816}
284239,NC(CO)CN1CCCCC1,PDPYKSTUOSULEA-UHFFFAOYSA-N,1.0,23.0,25387,Enamine,HTS,EN300-207543,56.0,EUR,10,0.9,Cl.Cl.NC(CO)CN1CCCCC1,2025-10-07,1,1,1,{'Amidation'},{1216},{13863}
285256,O=C(O)C1CNCc2ccccc21,UZNKRPSOIPMUBF-UHFFFAOYSA-N,1.0,21.4,25439,Enamine,HTS,EN300-335927,52.1,EUR,10,0.9,Cl.O=C(O)C1CNCC2=CC=CC=C21,2025-10-07,1,1,1,{'Amidation'},{1216},{13863}
284768,O=C(O)CC1NCc2ccccc21,XITJWUMAALXOKV-UHFFFAOYSA-N,2.0,21.4,25445,Enamine,Advanced,EN300-39860445,80.0,EUR,10,0.9,Cl.O=C(O)CC1NCC2=CC=CC=C21,2025-10-07,1,2,2,{'Amidation'},"{1384, 1517}","{87747, 13878}"
285596,COCCN1CCCC(N)C1,DXKXCEYSOXUATJ-UHFFFAOYSA-N,1.0,23.0,25386,Enamine,HTS,EN300-257121,56.0,EUR,10,0.9,Cl.Cl.COCCN1CCCC(N)C1,2025-10-07,1,1,1,{'Amidation'},{1384},{13878}
285246,CN1C(=O)CCC1C(=O)O,SHLYZEAOVWVTSW-UHFFFAOYSA-N,1.0,14.3,25903,Enamine,HTS,EN300-130825,40.3,EUR,10,0.9,CN1C(=O)CC[C@H]1C(=O)O,2025-10-07,1,1,1,{'Steglich_esterification'},{1208},{13918}
285247,CC(C)(CO)n1cccn1,WDZAGJXERQJBAE-UHFFFAOYSA-N,1.0,14.0,25923,Enamine,HTS,EN300-300130,40.0,EUR,10,0.9,CC(C)(CO)N1C=CC=N1,2025-10-07,1,1,1,{'Steglich_esterification'},{1208},{13918}
285275,NCCCC1C=NNC1=O,LMLXMJPJCSUFAB-UHFFFAOYSA-N,2.0,14.1,25917,Enamine,HTS,EN300-84259,40.1,EUR,10,0.9,NCCCC1C=NNC1=O,2025-10-07,2,2,2,"{'Formation_of_urea_from_two_amines', 'Amidation'}","{1225, 1513}","{14073, 28573}"
285870,CN(C)c1ccc(N)nc1,OLYQLAFJZQNFCK-UHFFFAOYSA-N,1.0,13.7,25941,Enamine,HTS,EN300-59259,39.6,EUR,10,0.9,CN(C)C=1C=CC(N)=NC1,2025-10-07,1,1,1,{'Formation_of_urea_from_two_amines'},{1513},{14073}
284377,CNCCc1ccc(OC)nc1,OBNIAZZHSBNMTI-UHFFFAOYSA-N,2.0,16.6,25746,Enamine,Functional,EN300-316111,200.5,EUR,10,0.9,CNCCC=1C=CC(=NC1)OC,2025-10-07,1,2,2,{'Amidation'},"{1033, 786}","{14078, 105126}"
284885,O=C1CCCC(C(=O)O)N1,FZXCPFJMYOQZCA-UHFFFAOYSA-N,1.0,14.3,25901,Enamine,HTS,EN300-146491,40.3,EUR,10,0.9,O=C(O)[C@H]1CCCC(=O)N1,2025-10-07,1,1,1,{'Amidation'},{1033},{14078}
284536,CC1(C)OB(C2CCCCC(=O)C2)OC1(C)C,OBKJEEXUXXCBDA-UHFFFAOYSA-N,1.0,23.8,25362,Enamine,Functional - Covalent0,EN300-376026,108.4,EUR,10,0.9,CC1(C)OB(OC1(C)C)C2CCCCC(=O)C2,2025-10-07,1,1,1,{'Sp3-sp2_Suzuki_coupling'},{861},{14093}
284537,Brc1ccncc1,BSDGZUDFPKIYQG-UHFFFAOYSA-N,1.0,19.4,25564,Enamine,HTS,EN300-34650,47.5,EUR,10,0.9,Cl.BrC=1C=CN=CC1,2025-10-07,1,1,1,{'Sp3-sp2_Suzuki_coupling'},{861},{14093}
285027,CC(N)(CO)CO,UXFQFBNBSPQBJW-UHFFFAOYSA-N,1.0,10.5,26095,Enamine,HTS,EN300-93582,35.9,EUR,10,0.9,CC(N)(CO)CO,2025-10-07,1,1,1,{'Formation_of_urea_from_two_amines'},{1374},{14594}
285566,Nc1ccnc(OC2CCCCC2)c1,LSZSCCXVZJNYLX-UHFFFAOYSA-N,1.0,19.2,25575,Enamine,HTS,EN300-124898,47.0,EUR,10,0.9,NC=1C=CN=C(C1)OC2CCCCC2,2025-10-07,1,1,1,{'Formation_of_urea_from_two_amines'},{1374},{14594}
285335,OCCOCCN1CCNCC1,FLNQAPQQAZVRDA-UHFFFAOYSA-N,1.0,17.4,25686,Enamine,HTS,EN300-6476878,43.9,EUR,10,0.9,OCCOCCN1CCNCC1,2025-10-07,1,1,1,{'Amidation'},{1256},{14910}
285336,O=C1CSC(C(=O)O)C1,IBSKPYFOLKUHNM-UHFFFAOYSA-N,1.0,14.6,25880,Enamine,Functional,EN300-1722378,168.7,EUR,10,0.9,O=C(O)C1CC(=O)CS1,2025-10-07,1,1,1,{'Amidation'},{1256},{14910}
284786,O=S(=O)(Cl)c1cccnc1,CDRNYKLYADJTMN-UHFFFAOYSA-N,1.0,21.4,25444,Enamine,HTS,EN300-33581,52.2,EUR,10,0.9,Cl.O=S(=O)(Cl)C=1C=CC=NC1,2025-10-07,1,1,1,{'Sulfonamide_Schotten-Baumann_with_amine_(intermolecular)'},{973},{15036}
284787,N#CCCN,AGSPXMVUFBBBMO-UHFFFAOYSA-N,1.0,7.0,26128,Enamine,Functional - BRC,EN300-21136,19.0,EUR,10,0.9,N#CCCN,2025-10-07,1,1,1,{'Sulfonamide_Schotten-Baumann_with_amine_(intermolecular)'},{973},{15036}
284126,CCC=O,NBBJYMSMWIIQGU-UHFFFAOYSA-N,1.0,5.8,26133,Enamine,Functional - BRC,EN300-19153,19.0,EUR,10,0.9,CCC=O,2025-10-07,1,1,1,{'Petasis-borono_Mannich_reaction'},{971},{15053}
284421,OB(O)c1ccncc1,QLULGIRFKAWHOJ-UHFFFAOYSA-N,1.0,12.3,26036,Enamine,Functional - Covalent0,EN300-29529,88.1,EUR,10,0.9,OB(O)C=1C=CN=CC1,2025-10-07,1,1,1,{'Petasis-borono_Mannich_reaction'},{971},{15053}
284779,COC(=O)CCCCCS(N)(=O)=O,YEVKCMGMESHUKF-UHFFFAOYSA-N,1.0,20.9,25470,Enamine,Advanced,EN300-205142,79.0,EUR,10,0.9,COC(=O)CCCCCS(N)(=O)=O,2025-10-07,1,1,1,{'Petasis-borono_Mannich_reaction'},{971},{15053}
284638,OCc1ccccn1,SHNUBALDGXWUJI-UHFFFAOYSA-N,1.0,10.9,26082,Enamine,Functional - BRC,EN300-18423,19.0,EUR,10,0.9,OCC=1C=CC=CN1,2025-10-07,1,1,1,{'Ester_Schotten-Baumann'},{905},{15058}
284639,CN(CC#N)C(=O)Cl,KKLOBNYTSKNJQI-UHFFFAOYSA-N,1.0,13.3,25977,Enamine,Advanced,EN300-1612266,62.6,EUR,10,0.9,CN(CC#N)C(=O)Cl,2025-10-07,1,1,1,{'Ester_Schotten-Baumann'},{905},{15058}
285330,CCCNO,OMXHKVKIKSASRV-UHFFFAOYSA-N,1.0,11.2,26072,Enamine,HTS,EN300-19701426,36.7,EUR,10,0.9,Cl.CCCNO,2025-10-07,1,1,1,{'Amidation'},{1252},{15069}
285883,O=Cc1cccc2[nH]ncc12,FPJXNCKSPFGQGC-UHFFFAOYSA-N,1.0,14.6,25877,Enamine,Functional - Covalent0,EN300-303677,92.2,EUR,10,0.9,O=CC=1C=CC=C2NN=CC12,2025-10-07,1,1,1,{'Reductive_amination'},{1522},{15324}
285884,NC1CCN(c2ccccn2)C1,WGDHXHKTNGOFPW-UHFFFAOYSA-N,1.0,23.6,25365,Enamine,HTS,EN300-26678044,57.4,EUR,10,0.9,Cl.Cl.NC1CCN(C1)C2=CC=CC=N2,2025-10-07,1,1,1,{'Reductive_amination'},{1522},{15324}
285887,COCCN1CCC(N)C1,SRWRVWNAMHIATJ-UHFFFAOYSA-N,1.0,14.4,25889,Enamine,HTS,EN300-72186,40.5,EUR,10,0.9,COCCN1CCC(N)C1,2025-10-07,1,1,1,{'Amidation'},{1525},{15369}
285744,OCCCC1CCCN1,JAAFQZNROQTUIW-UHFFFAOYSA-N,1.0,12.9,25995,Enamine,HTS,EN300-62211,38.7,EUR,10,0.9,OCCCC1CCCN1,2025-10-07,1,1,1,{'Amidation'},{1454},{15471}
285287,CC(=O)NC1CCNC1,HDCCJUCOIKLZNM-UHFFFAOYSA-N,1.0,12.8,26009,Enamine,HTS,EN300-134535,38.6,EUR,10,0.9,CC(=O)NC1CCNC1,2025-10-07,1,1,1,{'Amidation'},{1231},{15476}
285743,CC(F)(F)C1CCCN1,RIBSABPHIYUHOK-UHFFFAOYSA-N,1.0,17.2,25701,Enamine,Functional,EN300-51835437,179.6,EUR,10,0.9,Cl.CC(F)(F)[C@H]1CCCN1,2025-10-07,1,1,1,{'Amidation'},{1453},{15494}
283970,Nc1cccnc1,CUYKNJBYIJFRCU-UHFFFAOYSA-N,1.0,9.4,26111,Enamine,Functional - BRC,EN300-21243,19.0,EUR,10,0.9,NC=1C=CC=NC1,2025-10-07,1,1,1,{'Amidation'},{1650},{15998}
286101,CCCC(=CC(=O)O)CCC,LMCKTTNJLDJGTQ-UHFFFAOYSA-N,1.0,15.6,25815,Enamine,Legacy,EN300-124842,37.6,EUR,10,0.9,CCCC(=CC(=O)O)CCC,2025-10-07,1,1,1,{'Amidation'},{1650},{15998}
283776,O=C(O)c1ccnc(-n2ccnc2)c1,XVLXZHOMEIHQBJ-UHFFFAOYSA-N,1.0,22.6,25396,Enamine,HTS,EN300-49999,55.0,EUR,10,0.9,Cl.O=C(O)C=1C=CN=C(C1)N2C=CN=C2,2025-10-07,1,1,1,{'Amidation'},{482},{16361}
283777,NCCc1cc[nH]n1,JXDFEQONERDKSS-UHFFFAOYSA-N,1.0,18.4,25616,Enamine,Functional - BRC,EN300-378949,78.6,EUR,10,0.9,Cl.Cl.NCCC=1C=CNN1,2025-10-07,1,1,1,{'Amidation'},{482},{16361}
285235,CNCCn1cccn1,CUZNBROTVLFZKQ-UHFFFAOYSA-N,1.0,12.5,26025,Enamine,HTS,EN300-74341,38.2,EUR,10,0.9,CNCCN1C=CC=N1,2025-10-07,1,1,1,{'Amidation'},{1204},{16455}
285236,CCC(Br)C(=O)O,YAQLSKVCTLCIIE-UHFFFAOYSA-N,1.0,16.7,25730,Enamine,HTS,EN300-19244,43.0,EUR,10,0.9,CCC(Br)C(=O)O,2025-10-07,1,1,1,{'Amidation'},{1204},{16455}
284593,O=C(O)c1cc(-c2ccncc2)on1,HTIKJHQMKVJKCZ-UHFFFAOYSA-N,1.0,19.0,25581,Enamine,Legacy,EN300-49788,41.8,EUR,10,0.9,O=C(O)C=1C=C(ON1)C=2C=CN=CC2,2025-10-07,1,1,1,{'Amidation'},{888},{16607}
284594,CNC1CCCSC1,AQPKQBNJFBCYJU-UHFFFAOYSA-N,1.0,16.8,25725,Enamine,Legacy,EN300-183249,38.9,EUR,10,0.9,Cl.CNC1CCCSC1,2025-10-07,1,1,1,{'Amidation'},{888},{16607}
284691,NCc1cncs1,XDNQVUAKCAPBIG-UHFFFAOYSA-N,2.0,18.7,25602,Enamine,HTS,EN300-317764,45.7,EUR,10,0.9,Cl.Cl.NCC1=CN=CS1,2025-10-07,2,2,2,"{'Formation_of_urea_from_two_amines', 'Sulfonamide_Schotten-Baumann_with_amine_(intermolecular)'}","{1012, 933}","{82633, 16890}"
283756,NC1CCCNC1,PEUGKEHLRUVPAN-UHFFFAOYSA-N,3.0,17.3,25689,Enamine,HTS,EN300-216851,43.7,EUR,10,0.9,Cl.Cl.N[C@@H]1CCCNC1,2025-10-07,2,3,3,"{'Formation_of_urea_from_two_amines', 'Amidation'}","{1147, 506, 755}","{45769, 47059, 17883}"
285761,NCCc1ccc2cn[nH]c2c1,WPDRJEQNMNFKOY-UHFFFAOYSA-N,1.0,23.4,25376,Enamine,Functional,EN300-37419874,201.7,EUR,10,0.9,Cl.Cl.NCCC=1C=CC=2C=NNC2C1,2025-10-07,1,1,1,{'Amidation'},{1464},{17988}
284540,O=C(O)c1ccc2[nH]ncc2c1,MAVGBUDLHOOROM-UHFFFAOYSA-N,1.0,16.2,25766,Enamine,Functional - BRC,EN300-29732,19.0,EUR,10,0.9,O=C(O)C1=CC=C2NN=CC2=C1,2025-10-07,1,1,1,{'Amidation'},{864},{18032}
284541,NCc1cnc[nH]1,MPCYZPCWSYUWMJ-UHFFFAOYSA-N,2.0,17.0,25713,Enamine,Legacy,EN300-82476,39.0,EUR,10,0.9,Cl.Cl.NCC1=CNC=N1,2025-10-07,1,2,2,{'Amidation'},"{864, 1463}","{18032, 43172}"
283996,O=C(O)c1cn[nH]c1,IMBBXSASDSZJSX-UHFFFAOYSA-N,2.0,11.2,26071,Enamine,Legacy,EN300-41863,33.0,EUR,10,0.9,O=C(O)C=1C=NNC1,2025-10-07,1,2,2,{'Amidation'},"{1242, 1331}","{83456, 18151}"
285472,CCCS(=O)(=O)Nc1cccc(N)c1,LPMNLIMUVRBXNG-UHFFFAOYSA-N,1.0,21.4,25438,Enamine,Legacy,EN300-82238,47.0,EUR,10,0.9,CCCS(=O)(=O)NC=1C=CC=C(N)C1,2025-10-07,1,1,1,{'Amidation'},{1331},{18151}
6247,c1ccc(N2CCNCC2)nc1,GZRKXKUVVPSREJ-UHFFFAOYSA-N,1.0,23.6,25364,Enamine,Functional - BRC,EN300-30061,19.0,EUR,10,0.9,Cl.Cl.C=1C=CC(=NC1)N2CCNCC2,2025-10-07,1,1,1,{'Amidation'},{768},{18489}
284348,O=C(O)CSc1nc2ccccc2s1,ZZUQWNYNSKJLPI-UHFFFAOYSA-N,1.0,22.5,25402,Enamine,HTS,EN300-16451,54.8,EUR,10,0.9,O=C(O)CSC1=NC=2C=CC=CC2S1,2025-10-07,1,1,1,{'Amidation'},{768},{18489}
284748,NCCC(=O)N1CCN(c2ccccn2)CC1,YHXOZLILJGXSHL-UHFFFAOYSA-N,1.0,23.4,25374,Enamine,Legacy,EN300-61193,51.2,EUR,10,0.9,NCCC(=O)N1CCN(CC1)C=2C=CC=CN2,2025-10-07,1,1,1,{'N-nucleophilic_aromatic_substitution'},{955},{18492}
284749,Brc1nc2ccccc2s1,DRLMMVPCYXFPEP-UHFFFAOYSA-N,1.0,21.4,25437,Enamine,Legacy,EN300-68964,47.0,EUR,10,0.9,BrC1=NC=2C=CC=CC2S1,2025-10-07,1,1,1,{'N-nucleophilic_aromatic_substitution'},{955},{18492}
285511,O=C(O)CC1=Cc2ccccc2C1,DOVZNFSFVOYBQF-UHFFFAOYSA-N,1.0,17.4,25685,Enamine,HTS,EN300-8130763,43.8,EUR,10,0.9,O=C(O)CC1=CC2=CC=CC=C2C1,2025-10-07,1,1,1,{'Amidation'},{1350},{20140}
285950,OC1CCCc2ccccc21,JAAJQSRLGAYGKZ-UHFFFAOYSA-N,1.0,14.8,25859,Enamine,Functional - BRC,EN300-216467,19.0,EUR,10,0.9,O[C@H]1CCCC=2C=CC=CC21,2025-10-07,1,1,1,{'Mitsunobu_reaction_with_amine_alcohol_and_thioalcohol'},{1562},{20144}
285951,O=C(CO)N1CCCC1,RWGVUODVPQFWCJ-UHFFFAOYSA-N,1.0,12.9,25990,Enamine,Legacy,EN300-70294,34.8,EUR,10,0.9,O=C(CO)N1CCCC1,2025-10-07,1,1,1,{'Mitsunobu_reaction_with_amine_alcohol_and_thioalcohol'},{1562},{20144}
284853,O=C(O)COC1CCCc2ccccc21,BYFHZBLEBSOMPZ-UHFFFAOYSA-N,2.0,20.6,25486,Enamine,HTS,EN300-191027,50.3,EUR,10,0.9,O=C(O)COC1CCCC=2C=CC=CC21,2025-10-07,1,2,2,{'Amidation'},"{1540, 1013}","{20145, 27893}"
285921,FC(F)(F)C1CCNC1,HCWXUWGQMOEJJJ-UHFFFAOYSA-N,1.0,17.6,25674,Enamine,HTS,EN300-73354,44.0,EUR,10,0.9,Cl.FC(F)(F)C1CCNC1,2025-10-07,1,1,1,{'Amidation'},{1540},{20145}
285723,O=C(O)c1cc(C2CC2)[nH]c(=O)c1,SRFWIYLEHUULCU-UHFFFAOYSA-N,1.0,17.9,25642,Enamine,HTS,EN300-141093,44.4,EUR,10,0.9,O=C(O)C1=CC(=O)NC(=C1)C2CC2,2025-10-07,1,1,1,{'Steglich_esterification'},{1442},{20308}
285724,CC(O)c1cnccn1,LRQUNKQRPBWOQQ-UHFFFAOYSA-N,1.0,12.4,26029,Enamine,HTS,EN300-62248,38.1,EUR,10,0.9,CC(O)C=1C=NC=CN1,2025-10-07,1,1,1,{'Steglich_esterification'},{1442},{20308}
284658,O=Cc1ccc2cccnc2c1,WINWAFCAQPFBQA-UHFFFAOYSA-N,1.0,15.7,25810,Enamine,Functional - Covalent0,EN300-66948,94.1,EUR,10,0.9,O=CC1=CC=C2C=CC=NC2=C1,2025-10-07,1,1,1,{'Reductive_amination'},{914},{20719}
285435,O=C1CCC(C(=O)O)N1,ODHCTXKNWHHXJC-UHFFFAOYSA-N,1.0,12.9,25998,Enamine,HTS,EN300-72896,38.7,EUR,10,0.9,O=C(O)[C@@H]1CCC(=O)N1,2025-10-07,1,1,1,{'Amidation'},{1315},{20940}
285436,CC#CCCN,IFGQNSAUMOFJNS-UHFFFAOYSA-N,1.0,12.0,26048,Enamine,Functional,EN300-127900,171.4,EUR,10,0.9,Cl.CC#CCCN,2025-10-07,1,1,1,{'Amidation'},{1315},{20940}
284805,NCC1CCC(=O)N1,GFOAHABINHRDKL-UHFFFAOYSA-N,1.0,15.1,25845,Enamine,HTS,EN300-75030,41.1,EUR,10,0.9,Cl.NCC1CCC(=O)N1,2025-10-07,1,1,1,{'Amidation'},{981},{20947}
284806,CCC(Cl)C(=O)O,RVBUZBPJAGZHSQ-UHFFFAOYSA-N,1.0,12.3,26033,Enamine,HTS,EN300-20750,37.9,EUR,10,0.9,CCC(Cl)C(=O)O,2025-10-07,1,1,1,{'Amidation'},{981},{20947}
284412,O=C1CC(C(=O)O)CN1,GZVHQYZRBCSHAI-UHFFFAOYSA-N,1.0,12.9,25993,Enamine,HTS,EN300-59487,38.7,EUR,10,0.9,O=C(O)C1CNC(=O)C1,2025-10-07,1,1,1,{'Amidation'},{1355},{20970}
4759,c1cc(C2CCNC2)n[nH]1,NQUKCXGPCOPNRA-UHFFFAOYSA-N,1.0,21.0,25465,Enamine,HTS,EN300-1072125,51.2,EUR,10,0.9,Cl.Cl.C=1C=C(NN1)C2CCNC2,2025-10-07,1,1,1,{'Amidation'},{1634},{21087}
284777,O=C(O)COC1CCCC1,JPUGGGCNNKXYCU-UHFFFAOYSA-N,1.0,14.4,25887,Enamine,HTS,EN300-43683,40.4,EUR,10,0.9,O=C(O)COC1CCCC1,2025-10-07,1,1,1,{'Amidation'},{1634},{21087}
4765,c1n[nH]cc1C1CCCN1,XKYLOHBQOURYOK-UHFFFAOYSA-N,1.0,21.0,25464,Enamine,HTS,EN300-220789,51.2,EUR,10,0.9,Cl.Cl.C1=NNC=C1C2CCCN2,2025-10-07,1,1,1,{'Amidation'},{950},{21091}
284738,O=C(O)C1CCC(=C(F)F)CC1,ALIYNSXSGZVAGX-UHFFFAOYSA-N,1.0,17.6,25673,Enamine,Legacy,EN300-6491199,39.7,EUR,10,0.9,O=C(O)C1CCC(CC1)=C(F)F,2025-10-07,1,1,1,{'Amidation'},{950},{21091}
285218,O=C(O)c1nsc2ccccc12,KTORKRBAIRTBCP-UHFFFAOYSA-N,1.0,17.9,25641,Enamine,HTS,EN300-160657,44.4,EUR,10,0.9,O=C(O)C1=NSC2=CC=CC=C12,2025-10-07,1,1,1,{'Amidation'},{1195},{21294}
285219,NCc1nnc2ccc(Cl)cn12,ABCDWSDKFMIZDM-UHFFFAOYSA-N,1.0,25.6,25324,Enamine,Functional,EN300-311476,214.2,EUR,10,0.9,Cl.Cl.NCC1=NN=C2C=CC(Cl)=CN12,2025-10-07,1,1,1,{'Amidation'},{1195},{21294}
284237,O=C(O)CCn1ccnc1,VSFNAZLYGOOSEY-UHFFFAOYSA-N,1.0,14.0,25918,Enamine,Functional - BRC,EN300-26163,19.0,EUR,10,0.9,O=C(O)CCN1C=CN=C1,2025-10-07,1,1,1,{'Amidation'},{712},{21631}
284238,FCCC1CC2CCC(C1)N2,LCOJMTGKRWZKLZ-UHFFFAOYSA-N,1.0,15.7,25811,Enamine,Functional,EN300-741952,193.0,EUR,10,0.9,FCCC1CC2CCC(C1)N2,2025-10-07,1,1,1,{'Amidation'},{712},{21631}
284409,CC(N)c1cnccn1,IIGXIHLJMZQHJY-UHFFFAOYSA-N,1.0,19.6,25548,Enamine,HTS,EN300-717613,47.9,EUR,10,0.9,Cl.Cl.CC(N)C=1C=NC=CN1,2025-10-07,1,1,1,{'Formation_of_urea_from_two_amines'},{957},{22202}
284752,C1CC2CNCC12,NEOIOGUWEUTYIH-UHFFFAOYSA-N,1.0,13.4,25967,Enamine,HTS,EN300-726562,39.2,EUR,10,0.9,Cl.C1C[C@@H]2CNC[C@H]12,2025-10-07,1,1,1,{'Formation_of_urea_from_two_amines'},{957},{22202}
285414,O=C(O)c1cnccn1,NIPZZXUFJPQHNH-UHFFFAOYSA-N,2.0,12.4,26027,Enamine,Functional - BRC,EN300-19900,19.0,EUR,10,0.9,O=C(O)C=1C=NC=CN1,2025-10-07,1,2,2,{'Amidation'},"{1306, 1493}","{22220, 22223}"
285828,CC(Nc1ccccc1)C1CC1,MONKBMHEHLHYQX-UHFFFAOYSA-N,1.0,19.8,25533,Enamine,HTS,EN300-323294,48.3,EUR,10,0.9,Cl.CC(NC=1C=CC=CC1)C2CC2,2025-10-07,1,1,1,{'Amidation'},{1493},{22220}
285415,CC(N)C1(S(C)(=O)=O)CC1,IFPDBWUNKTYZFA-UHFFFAOYSA-N,1.0,20.0,25521,Enamine,Functional,EN300-207645,209.4,EUR,10,0.9,Cl.CC(N)C1(CC1)S(C)(=O)=O,2025-10-07,1,1,1,{'Amidation'},{1306},{22223}
284922,NC1CNC(=O)C1,JIMSBKAHGYGPLD-UHFFFAOYSA-N,1.0,13.6,25947,Enamine,HTS,EN300-127487,39.5,EUR,10,0.9,Cl.NC1CNC(=O)C1,2025-10-07,1,1,1,{'Amidation'},{1051},{22516}
284923,CC(C)CC(C(=O)O)n1ccnc1,PJQNDAFEYAGZDY-UHFFFAOYSA-N,1.0,18.2,25623,Enamine,Functional,EN300-298154,182.7,EUR,10,0.9,CC(C)CC(C(=O)O)N1C=CN=C1,2025-10-07,1,1,1,{'Amidation'},{1051},{22516}
285254,O=C1CSCC(C(=O)O)N1,ZCITVSIKDJSWSS-UHFFFAOYSA-N,1.0,16.1,25784,Enamine,HTS,EN300-35633,42.4,EUR,10,0.9,O=C(O)C1CSCC(=O)N1,2025-10-07,1,1,1,{'Amidation'},{1214},{22847}
285255,Nc1cnn(C2CCCC2)c1,VSZNBQBPCFBEKJ-UHFFFAOYSA-N,1.0,18.8,25596,Enamine,Legacy,EN300-399511,41.3,EUR,10,0.9,Cl.NC=1C=NN(C1)C2CCCC2,2025-10-07,1,1,1,{'Amidation'},{1214},{22847}
285449,CCC(=O)Nc1ccc(N)cc1C,XKIFOCOJJXDOAM-UHFFFAOYSA-N,1.0,21.5,25433,Enamine,Legacy,EN300-41802,47.0,EUR,10,0.9,Cl.CCC(=O)NC=1C=CC(N)=CC1C,2025-10-07,1,1,1,{'Amidation'},{1322},{23130}
283795,O=C(O)c1cnc2cccnn12,SGRMUAZFOWNSGE-UHFFFAOYSA-N,4.0,16.3,25762,Enamine,HTS,EN300-251562,42.6,EUR,10,0.9,O=C(O)C1=CN=C2C=CC=NN12,2025-10-07,1,4,4,{'Amidation'},"{978, 490, 1479, 711}","{87026, 48099, 35612, 23295}"
284878,NC1CC(n2ccnc2)C1,GDNOHTJWLXNKMA-UHFFFAOYSA-N,1.0,21.0,25462,Enamine,Legacy,EN300-6738181,46.1,EUR,10,0.9,Cl.Cl.NC1CC(C1)N2C=CN=C2,2025-10-07,1,1,1,{'Ester_amidation'},{1029},{23517}
284879,CCOC(=O)c1cnc2ncccn12,FGZMTIBNGQUEDE-UHFFFAOYSA-N,1.0,19.1,25577,Enamine,HTS,EN300-6478104,46.7,EUR,10,0.9,CCOC(=O)C1=CN=C2N=CC=CN12,2025-10-07,1,1,1,{'Ester_amidation'},{1029},{23517}
284812,Nc1cccc2cn[nH]c12,OTFFCAGPSWJBDK-UHFFFAOYSA-N,2.0,13.3,25976,Enamine,Functional - BRC,EN300-28544,44.7,EUR,10,0.9,NC1=CC=CC2=CNN=C12,2025-10-07,1,2,2,{'Amidation'},"{986, 1517}","{24648, 87747}"
284813,NCc1nc[nH]c1C(=O)O,SFVCYLGMBFTDQC-UHFFFAOYSA-N,1.0,21.4,25447,Enamine,Advanced,EN300-39672544,80.1,EUR,10,0.9,Cl.Cl.NCC=1N=CNC1C(=O)O,2025-10-07,1,1,1,{'Amidation'},{986},{24648}
285509,CC(=O)Nc1ccc(C(=O)O)nc1,WPZGIHCOKAJSHJ-UHFFFAOYSA-N,1.0,18.0,25628,Enamine,Functional - BRC,EN300-131475,19.0,EUR,10,0.9,CC(=O)NC=1C=CC(=NC1)C(=O)O,2025-10-07,1,1,1,{'Amidation'},{1348},{25347}
284616,CNCc1ncon1,XJUQLFVCCWNFJJ-UHFFFAOYSA-N,1.0,15.0,25851,Enamine,HTS,EN300-126412,41.0,EUR,10,0.9,Cl.CNCC=1N=CON1,2025-10-07,1,1,1,{'Amidation'},{898},{25407}
284617,CCCS(=O)(=O)Nc1cccc(C(=O)O)c1,CTGSASQPVDRJOP-UHFFFAOYSA-N,1.0,24.3,25350,Enamine,Legacy,EN300-29788,53.2,EUR,10,0.9,CCCS(=O)(=O)NC=1C=CC=C(C1)C(=O)O,2025-10-07,1,1,1,{'Amidation'},{898},{25407}
284015,CNC1CCCNC1=O,FLZGFOMTBMUXGD-UHFFFAOYSA-N,1.0,16.5,25749,Enamine,Legacy,EN300-159869,38.5,EUR,10,0.9,Cl.CNC1CCCNC1=O,2025-10-07,1,1,1,{'Amidation'},{704},{26549}
284225,O=C(O)COC1CCNCC1,KSGBFAJYSBCOGG-UHFFFAOYSA-N,1.0,19.6,25545,Enamine,Legacy,EN300-117878,43.0,EUR,10,0.9,Cl.O=C(O)COC1CCNCC1,2025-10-07,1,1,1,{'Amidation'},{704},{26549}
285213,CC(N)COCc1ccccc1,HYUZZQIAJWNRAQ-UHFFFAOYSA-N,1.0,16.5,25753,Enamine,Functional,EN300-833999,174.1,EUR,10,0.9,C[C@@H](N)COCC=1C=CC=CC1,2025-10-07,1,1,1,{'Amidation'},{1192},{26592}
283875,COCC(C)N,NXMXETCTWNXSFG-UHFFFAOYSA-N,2.0,8.9,26114,Enamine,Legacy,EN300-129418,30.6,EUR,10,0.9,COC[C@@H](C)N,2025-10-07,1,2,2,{'Amidation'},"{523, 1203}","{26601, 124499}"
285234,Cc1onc(-c2ccncc2)c1C(=O)O,WHOBCXXYJKABST-UHFFFAOYSA-N,1.0,20.4,25495,Enamine,HTS,EN300-110884,49.8,EUR,10,0.9,CC=1ON=C(C1C(=O)O)C=2C=CN=CC2,2025-10-07,1,1,1,{'Amidation'},{1203},{26601}
284013,NCCCOC1CCOC1,DCPBPDHUYSLFCD-UHFFFAOYSA-N,1.0,14.5,25881,Enamine,Legacy,EN300-105713,36.5,EUR,10,0.9,NCCCOC1CCOC1,2025-10-07,1,1,1,{'N-nucleophilic_aromatic_substitution'},{594},{27143}
284014,Clc1ccnc(N2CCCCC2)n1,DFNTXDDYVXGSLY-UHFFFAOYSA-N,2.0,19.8,25534,Enamine,HTS,EN300-126600,48.3,EUR,10,0.9,ClC=1C=CN=C(N1)N2CCCCC2,2025-10-07,2,2,2,"{'S-nucleophilic_aromatic_substitution', 'N-nucleophilic_aromatic_substitution'}","{594, 671}","{45943, 27143}"
285522,OC(c1nc2ccccc2o1)C(F)(F)F,OHOLEPTWLPQYIS-UHFFFAOYSA-N,1.0,21.7,25429,Enamine,Legacy,EN300-189801,47.6,EUR,10,0.9,OC(C1=NC=2C=CC=CC2O1)C(F)(F)F,2025-10-07,1,1,1,{'Steglich_esterification'},{1357},{27189}
285523,O=C(O)C1CCCS1(=O)=O,TTZCAAIAOJHFIM-UHFFFAOYSA-N,1.0,16.4,25756,Enamine,Legacy,EN300-88656,38.5,EUR,10,0.9,O=C(O)C1CCCS1(=O)=O,2025-10-07,1,1,1,{'Steglich_esterification'},{1357},{27189}
284898,O=C(O)c1cc2cccn2cn1,OAZGQWMFODAEEV-UHFFFAOYSA-N,1.0,16.2,25772,Enamine,HTS,EN300-103718,42.5,EUR,10,0.9,O=C(O)C1=CC2=CC=CN2C=N1,2025-10-07,1,1,1,{'Amidation'},{1040},{27676}
284899,COCc1nccc(N)n1,AUNQXUFJXZBTIV-UHFFFAOYSA-N,1.0,13.9,25927,Enamine,Legacy,EN300-302318,35.8,EUR,10,0.9,COCC=1N=CC=C(N)N1,2025-10-07,1,1,1,{'Amidation'},{1040},{27676}
284501,O=C(O)C=C1CCSCC1,XNMLQSZVPYRADT-UHFFFAOYSA-N,1.0,15.8,25794,Enamine,Legacy,EN300-125445,37.8,EUR,10,0.9,O=C(O)C=C1CCSCC1,2025-10-07,1,1,1,{'Amidation'},{848},{27712}
284502,Brc1cncc(NCc2ncc[nH]2)c1,KUSUXQJDCGCYKW-UHFFFAOYSA-N,1.0,25.3,25328,Enamine,Functional,EN300-199748,224.7,EUR,10,0.9,BrC=1C=NC=C(C1)NCC2=NC=CN2,2025-10-07,1,1,1,{'Amidation'},{848},{27712}
25769,CC(=O)C1CCNC1,AIYWRXHLMWJMJO-UHFFFAOYSA-N,1.0,15.0,25850,Enamine,Legacy,EN300-1266139,37.0,EUR,10,0.9,Cl.CC(=O)C1CCNC1,2025-10-07,1,1,1,{'Amidation'},{1013},{27893}
284794,C#CC1CCCN1,SODJJQTYBSNLPQ-UHFFFAOYSA-N,1.0,13.2,25979,Enamine,HTS,EN300-794462,39.0,EUR,10,0.9,Cl.C#CC1CCCN1,2025-10-07,1,1,1,{'Amidation'},{976},{27907}
285191,OC1CCNC1,JHHZLHWJQPUNKB-UHFFFAOYSA-N,1.0,8.7,26117,Enamine,Legacy,EN300-67312,30.4,EUR,10,0.9,O[C@@H]1CCNC1,2025-10-07,1,1,1,{'Amidation'},{1548},{27918}
284026,O=C(O)Cc1cncs1,KOQNISNMBYPFKQ-UHFFFAOYSA-N,1.0,14.3,25904,Enamine,Functional,EN300-100763,160.5,EUR,10,0.9,O=C(O)CC1=CN=CS1,2025-10-07,1,1,1,{'Amidation'},{1489},{28323}
285816,C#CC(CN)CC(C)(C)C,PXZWBEBYCDSQAE-UHFFFAOYSA-N,1.0,17.6,25676,Enamine,HTS,EN300-6496511,44.0,EUR,10,0.9,Cl.C#CC(CN)CC(C)(C)C,2025-10-07,1,1,1,{'Amidation'},{1489},{28323}
285274,O=C(O)CCc1[nH]nc2c1CCCC2,FXWSNXDIXJGVBI-UHFFFAOYSA-N,1.0,23.1,25384,Enamine,HTS,EN300-18745049,56.1,EUR,10,0.9,Cl.O=C(O)CCC=1NN=C2CCCCC12,2025-10-07,1,1,1,{'Amidation'},{1225},{28573}
11912,c1ccc2c(C3CCNCC3)c[nH]c2c1,KAIRZPVWWIMPFT-UHFFFAOYSA-N,1.0,20.0,25510,Enamine,Functional - BRC,EN300-25787,19.0,EUR,10,0.9,C=1NC=2C=CC=CC2C1C3CCNCC3,2025-10-07,1,1,1,{'Amidation'},{1009},{28778}
284849,CC(=O)NC(C)(C(=O)O)C(C)C,KFAFXURIKULROI-UHFFFAOYSA-N,1.0,17.3,25688,Enamine,Legacy,EN300-754709,39.3,EUR,10,0.9,CC(=O)NC(C)(C(=O)O)C(C)C,2025-10-07,1,1,1,{'Amidation'},{1009},{28778}
285559,O=S(=O)(Cl)c1cnc2sccc2c1,SUBNPKPVIBXXLX-UHFFFAOYSA-N,1.0,23.4,25377,Enamine,Functional,EN300-221765,238.0,EUR,10,0.9,O=S(=O)(Cl)C=1C=NC=2SC=CC2C1,2025-10-07,1,1,1,{'Sulfonamide_Schotten-Baumann_with_amine_(intermolecular)'},{1373},{29031}
285560,CN(C)Cc1nc(CN)co1,XLYZRTVNKRYLPM-UHFFFAOYSA-N,1.0,15.5,25826,Enamine,Functional,EN300-651109,456.4,EUR,10,0.9,CN(C)CC1=NC(=CO1)CN,2025-10-07,1,1,1,{'Sulfonamide_Schotten-Baumann_with_amine_(intermolecular)'},{1373},{29031}
284987,O=C(O)C(F)=Cc1cnc[nH]1,HVHBPCATYMSEEE-UHFFFAOYSA-N,1.0,19.3,25572,Enamine,Functional,EN300-1716121,182.6,EUR,10,0.9,Cl.O=C(O)/C(/F)=C\C1=CN=CN1,2025-10-07,1,1,1,{'Amidation'},{1081},{29365}
284988,NCC1CC(n2cncn2)C1,PWQFWTMOGJDMLO-UHFFFAOYSA-N,1.0,22.5,25403,Enamine,Functional,EN300-7455614,200.6,EUR,10,0.9,Cl.Cl.NC[C@@H]1C[C@H](C1)N2C=NC=N2,2025-10-07,1,1,1,{'Amidation'},{1081},{29365}
285874,OCc1cnccn1,LFCWHDGQCWJKCG-UHFFFAOYSA-N,1.0,11.0,26081,Enamine,HTS,EN300-81801,36.5,EUR,10,0.9,OCC=1C=NC=CN1,2025-10-07,1,1,1,{'Steglich_esterification'},{1516},{29374}
285875,O=C(O)c1cncc(-n2ccnc2)n1,NPBMCKRIOUAIES-UHFFFAOYSA-N,1.0,19.0,25588,Enamine,Functional,EN300-2666482,194.1,EUR,10,0.9,O=C(O)C=1C=NC=C(N1)N2C=CN=C2,2025-10-07,1,1,1,{'Steglich_esterification'},{1516},{29374}
285546,NS(=O)(=O)c1ccc(C(=O)O)s1,UNYIGTMICVNVJR-UHFFFAOYSA-N,1.0,20.7,25484,Enamine,HTS,EN300-59386,50.6,EUR,10,0.9,NS(=O)(=O)C1=CC=C(S1)C(=O)O,2025-10-07,1,1,1,{'Amidation'},{1366},{29440}
285547,COCC(C)(N)C1CC1,QJBUNNFEOHVPKD-UHFFFAOYSA-N,1.0,12.9,25999,Enamine,Advanced,EN300-1073141,61.8,EUR,10,0.9,COCC(C)(N)C1CC1,2025-10-07,1,1,1,{'Amidation'},{1366},{29440}
284476,Cc1cccc2sc(N)nc12,GRIATXVEXOFBGO-UHFFFAOYSA-N,1.0,16.4,25755,Enamine,Functional - BRC,EN300-16557,19.0,EUR,10,0.9,CC=1C=CC=C2SC(N)=NC12,2025-10-07,1,1,1,{'Ester_amidation'},{836},{29671}
284477,COC(=O)C(C#N)C1CCNCC1,BWLGAPAJRQQLDL-UHFFFAOYSA-N,5.0,29.6,25297,Enamine,HTS,EN300-6497875,71.7,EUR,10,0.9,O=C(O)C(F)(F)F.COC(=O)C(C#N)C1CCNCC1,2025-10-07,1,5,5,{'Ester_amidation'},"{836, 847, 851, 1337, 1597}","{29671, 29675, 29678, 29686, 29694}"
285995,Cc1cccc2c1C(N)CCC2,JJPWZYSXFHCIHW-UHFFFAOYSA-N,1.0,19.8,25539,Enamine,Functional,EN300-7432408,262.4,EUR,10,0.9,Cl.CC=1C=CC=C2CCCC(N)C12,2025-10-07,1,1,1,{'Ester_amidation'},{1597},{29675}
284500,Cc1n[nH]c2ncc(N)cc12,YMIOCQRPGZZJIL-UHFFFAOYSA-N,1.0,14.8,25862,Enamine,Legacy,EN300-55009,36.8,EUR,10,0.9,CC1=NNC=2N=CC(N)=CC12,2025-10-07,1,1,1,{'Ester_amidation'},{847},{29678}
285481,Cc1cc(N)c2[nH]cnc2c1,MDVYFLHDMINCJU-UHFFFAOYSA-N,1.0,14.7,25875,Enamine,Functional,EN300-1692629,231.5,EUR,10,0.9,CC=1C=C(N)C=2NC=NC2C1,2025-10-07,1,1,1,{'Ester_amidation'},{1337},{29686}
284508,Cc1ccc(N)cn1,UENBBJXGCWILBM-UHFFFAOYSA-N,1.0,10.8,26087,Enamine,Legacy,EN300-42380,32.7,EUR,10,0.9,CC=1C=CC(N)=CN1,2025-10-07,1,1,1,{'Ester_amidation'},{851},{29694}
10288,c1ccn2c(C3CCCN3)nnc2c1,ZKVONDFAKBDNMM-UHFFFAOYSA-N,1.0,26.1,25319,Enamine,Functional,EN300-15120,237.2,EUR,10,0.9,Cl.Cl.C=1C=CN2C(=NN=C2C1)[C@@H]3CCCN3,2025-10-07,1,1,1,{'Amidation'},{1613},{29842}
286017,O=C(O)CCN1CCSC1=O,XJXGOBWSTJVANH-UHFFFAOYSA-N,1.0,17.5,25679,Enamine,Legacy,EN300-15148,39.6,EUR,10,0.9,O=C(O)CCN1CCSC1=O,2025-10-07,1,1,1,{'Amidation'},{1613},{29842}
22714,c1cc(N2CCNCC2)ncn1,CBQYFXRCWSZCQW-UHFFFAOYSA-N,1.0,20.1,25504,Enamine,HTS,EN300-1722777,49.0,EUR,10,0.9,Cl.C=1C=C(N=CN1)N2CCNCC2,2025-10-07,1,1,1,{'Amidation'},{1209},{30751}
284012,O=C(O)CCc1cncnc1,RNCFDQFEJGONQV-UHFFFAOYSA-N,1.0,15.2,25834,Enamine,Legacy,EN300-215464,37.2,EUR,10,0.9,O=C(O)CCC=1C=NC=NC1,2025-10-07,1,1,1,{'Amidation'},{1209},{30751}
284856,O=C(O)CCN1CCCC1=O,XOMYTIUVNSWEAI-UHFFFAOYSA-N,1.0,15.7,25806,Enamine,HTS,EN300-67191,41.9,EUR,10,0.9,O=C(O)CCN1CCCC1=O,2025-10-07,1,1,1,{'Amidation'},{1016},{31471}
284857,FC1CC2CCC(C1)N2,ZINCMMJRJYWZGL-UHFFFAOYSA-N,1.0,16.6,25745,Enamine,Functional,EN300-7381572,176.2,EUR,10,0.9,Cl.F[C@H]1C[C@@H]2CC[C@H](C1)N2,2025-10-07,1,1,1,{'Amidation'},{1016},{31471}
283790,O=C(O)CC(C(F)F)n1ccnc1,JLQNYZVOGFPUEQ-UHFFFAOYSA-N,3.0,19.0,25583,Enamine,Legacy,EN300-1072011,41.8,EUR,10,0.9,O=C(O)CC(C(F)F)N1C=CN=C1,2025-10-07,2,3,3,"{'Steglich_esterification', 'Amidation'}","{1199, 820, 487}","{76291, 31867, 55679}"
285229,O=C1CCCC(O)CN1,HEQOFYJVQMAVHS-UHFFFAOYSA-N,1.0,12.9,25991,Enamine,Legacy,EN300-6991726,34.8,EUR,10,0.9,O=C1CCCC(O)CN1,2025-10-07,1,1,1,{'Steglich_esterification'},{1199},{31867}
284990,FC(F)OCC1CCCN1,PBWSPIRCCNCEFJ-UHFFFAOYSA-N,1.0,18.8,25599,Enamine,Functional,EN300-27115142,187.7,EUR,10,0.9,Cl.FC(F)OC[C@H]1CCCN1,2025-10-07,1,1,1,{'Amidation'},{1083},{31914}
285617,Brc1cccc2c1NCC2,SCMZOGDYYXXXCP-UHFFFAOYSA-N,1.0,23.5,25367,Enamine,Legacy,EN300-345259,51.3,EUR,10,0.9,Cl.BrC=1C=CC=C2CCNC12,2025-10-07,1,1,1,{'Sp2-sp2_Suzuki_coupling'},{1583},{31957}
285974,COCC=CB1OC(C)(C)C(C)(C)O1,FBAOFKFCKHJXRU-UHFFFAOYSA-N,1.0,19.8,25538,Enamine,Functional - Covalent0,EN300-1440080,101.3,EUR,10,0.9,COC/C=C/B1OC(C)(C)C(C)(C)O1,2025-10-07,1,1,1,{'Sp2-sp2_Suzuki_coupling'},{1583},{31957}
285332,NCc1ccncn1,AUHXBTKGPUVFCB-UHFFFAOYSA-N,1.0,10.9,26084,Enamine,Legacy,EN300-28281,32.8,EUR,10,0.9,NCC=1C=CN=CN1,2025-10-07,1,1,1,{'Amidation'},{1254},{32415}
285333,CCCc1n[nH]c2ccc(C(=O)O)cc12,NYATZKHOQZWOJM-UHFFFAOYSA-N,1.0,20.4,25496,Enamine,Functional,EN300-7352388,198.7,EUR,10,0.9,CCCC1=NNC2=CC=C(C=C12)C(=O)O,2025-10-07,1,1,1,{'Amidation'},{1254},{32415}
283078,O=C(O)CCC1CCCNC1,FCDZOPQSMGHRMK-UHFFFAOYSA-N,5.0,19.4,25557,Enamine,Legacy,EN300-55767,42.6,EUR,10,0.9,Cl.O=C(O)CCC1CCCNC1,2025-10-07,1,5,5,{'Amidation'},"{548, 553, 745, 715, 461}","{46596, 57322, 57140, 46587, 32955}"
284991,NCC12CC(CCO1)C2,YXQQMGSRJYROKV-UHFFFAOYSA-N,1.0,12.7,26015,Enamine,Functional,EN300-1703909,158.3,EUR,10,0.9,NCC12CC(C1)CCO2,2025-10-07,1,1,1,{'Formation_of_urea_from_two_amines'},{1084},{33243}
284992,COCCN1CC(CN)CC1=O,BZVCHJSYUWBMBO-UHFFFAOYSA-N,1.0,17.2,25699,Enamine,HTS,EN300-158382,43.6,EUR,10,0.9,COCCN1CC(CN)CC1=O,2025-10-07,1,1,1,{'Formation_of_urea_from_two_amines'},{1084},{33243}
285657,O=C(O)c1ccc(-c2cn[nH]c2)cc1,ZGICHEMKLPXWPZ-UHFFFAOYSA-N,1.0,18.8,25598,Enamine,HTS,EN300-61043,46.0,EUR,10,0.9,O=C(O)C=1C=CC(=CC1)C=2C=NNC2,2025-10-07,1,1,1,{'Amidation'},{1411},{33363}
285658,NC1CCNC(=O)C1,SLZBOFGNZPNOOK-UHFFFAOYSA-N,1.0,11.4,26061,Enamine,HTS,EN300-59742,37.0,EUR,10,0.9,NC1CCNC(=O)C1,2025-10-07,1,1,1,{'Amidation'},{1411},{33363}
284142,O=C(O)c1ccnn1C1CCCC1,RCESRIZDABALBM-UHFFFAOYSA-N,2.0,18.0,25636,Enamine,HTS,EN300-92897,44.6,EUR,10,0.9,O=C(O)C1=CC=NN1C2CCCC2,2025-10-07,2,2,2,"{'Steglich_esterification', 'Amidation'}","{657, 1599}","{33613, 45718}"
285997,CC(C)C(N)c1ncc[nH]1,WBNFIORQLJOELA-UHFFFAOYSA-N,1.0,21.2,25456,Enamine,Advanced,EN300-315548,79.7,EUR,10,0.9,Cl.Cl.CC(C)[C@H](N)C1=NC=CN1,2025-10-07,1,1,1,{'Amidation'},{1599},{33613}
285387,N#Cc1cncc(CC(=O)O)c1,ULWWGVLOKJHIAH-UHFFFAOYSA-N,1.0,19.9,25525,Enamine,HTS,EN300-52062642,48.5,EUR,10,0.9,Cl.N#CC=1C=NC=C(C1)CC(=O)O,2025-10-07,1,1,1,{'Amidation'},{1285},{33915}
284973,O=C(O)COC1CCOCC1,LLDMKMJATGCDPO-UHFFFAOYSA-N,1.0,16.0,25786,Enamine,Legacy,EN300-77520,38.1,EUR,10,0.9,O=C(O)COC1CCOCC1,2025-10-07,1,1,1,{'Amidation'},{1077},{34425}
284974,CC1CCc2ccccc2N1CCN,DQASQARDBLTCEI-UHFFFAOYSA-N,1.0,26.3,25315,Enamine,Legacy,EN300-41625,57.5,EUR,10,0.9,Cl.Cl.CC1CCC2=CC=CC=C2N1CCN,2025-10-07,1,1,1,{'Amidation'},{1077},{34425}
284215,OCc1cn[nH]c1,JRMKJOOJKCAEJK-UHFFFAOYSA-N,1.0,9.8,26103,Enamine,Functional - BRC,EN300-54500,19.0,EUR,10,0.9,OCC=1C=NNC1,2025-10-07,1,1,1,{'Steglich_esterification'},{697},{35473}
284216,O=C(O)C1CC(=O)N(c2cn[nH]c2)C1,OXTYWNUUIMVAGL-UHFFFAOYSA-N,1.0,19.5,25553,Enamine,Legacy,EN300-99064,42.9,EUR,10,0.9,O=C(O)C1CC(=O)N(C1)C=2C=NNC2,2025-10-07,1,1,1,{'Steglich_esterification'},{697},{35473}
284236,Nc1ccc(-c2cc[nH]n2)cc1,WGZDTRWVJYXEFO-UHFFFAOYSA-N,1.0,15.9,25791,Enamine,Legacy,EN300-55033,38.0,EUR,10,0.9,NC=1C=CC(=CC1)C=2C=CNN2,2025-10-07,1,1,1,{'Amidation'},{711},{35612}
285741,CC(C)CCOCCN,VPCOEWNBDAOSCY-UHFFFAOYSA-N,1.0,13.1,25980,Enamine,HTS,EN300-51837,39.0,EUR,10,0.9,CC(C)CCOCCN,2025-10-07,1,1,1,{'N-nucleophilic_aromatic_substitution'},{1451},{35886}
284975,O=C1CC(C(=O)O)CCN1,BKZYLQVOHBJVPC-UHFFFAOYSA-N,1.0,14.3,25902,Enamine,HTS,EN300-107493,40.3,EUR,10,0.9,O=C(O)C1CCNC(=O)C1,2025-10-07,1,1,1,{'Amidation'},{1078},{37776}
284976,Nc1cccc(-c2c[nH]cn2)c1,OEIQSFWIRHWDIL-UHFFFAOYSA-N,1.0,23.2,25382,Enamine,Legacy,EN300-7445551,50.9,EUR,10,0.9,Cl.Cl.NC=1C=CC=C(C1)C2=CNC=N2,2025-10-07,1,1,1,{'Amidation'},{1078},{37776}
285768,O=C(O)CCc1nccs1,OJTQVDTVCPIZQH-UHFFFAOYSA-N,1.0,15.7,25805,Enamine,HTS,EN300-50490,41.9,EUR,10,0.9,O=C(O)CCC1=NC=CS1,2025-10-07,1,1,1,{'Amidation'},{1469},{38131}
284741,CNC1CCC(=O)NC1,TXDPGNSIELZBPH-UHFFFAOYSA-N,1.0,12.8,26011,Enamine,Advanced,EN300-1253092,61.6,EUR,10,0.9,CNC1CCC(=O)NC1,2025-10-07,1,1,1,{'Amidation'},{1003},{38623}
284841,CC(C)(C)CC(C)(C)C(=O)O,UDILKAAYNUPREE-UHFFFAOYSA-N,1.0,15.8,25797,Enamine,Legacy,EN300-719537,37.8,EUR,10,0.9,CC(C)(C)CC(C)(C)C(=O)O,2025-10-07,1,1,1,{'Amidation'},{1003},{38623}
284682,O=Cc1cnc[nH]1,ZQEXIXXJFSQPNA-UHFFFAOYSA-N,1.0,9.6,26107,Enamine,HTS,EN300-50613,34.9,EUR,10,0.9,O=CC1=CN=CN1,2025-10-07,1,1,1,{'Reductive_amination'},{928},{39011}
284683,Cc1cccc(=O)n1CCCCN,QEXOGGCLRXOBDA-UHFFFAOYSA-N,1.0,18.0,25632,Enamine,Legacy,EN300-66688,40.1,EUR,10,0.9,CC1=CC=CC(=O)N1CCCCN,2025-10-07,1,1,1,{'Reductive_amination'},{928},{39011}
285328,O=C(O)C1CCOCC1,AVPKHOTUOHDTLW-UHFFFAOYSA-N,1.0,13.0,25982,Enamine,Functional - BRC,EN300-12661,19.0,EUR,10,0.9,O=C(O)C1CCOCC1,2025-10-07,1,1,1,{'Amidation'},{1251},{39794}
285329,CN(C)C(=O)CN1CCCC(N)C1=O,GUAGZIRYDMCJRU-UHFFFAOYSA-N,1.0,19.9,25529,Enamine,mRDB,EN300-116418,310.3,EUR,20,0.9,CN(C)C(=O)CN1CCCC(N)C1=O,2025-10-07,1,1,1,{'Amidation'},{1251},{39794}
285124,O=C(O)CC1CCc2ccccc21,RJVZEPWRJJBXLH-UHFFFAOYSA-N,1.0,17.6,25677,Enamine,HTS,EN300-78985,44.1,EUR,10,0.9,O=C(O)CC1CCC=2C=CC=CC21,2025-10-07,1,1,1,{'Amidation'},{1143},{39872}
285125,NCCCc1nnc2ccccn12,RJLABOPWJFIVQY-UHFFFAOYSA-N,1.0,24.9,25334,Enamine,HTS,EN300-6513110,60.5,EUR,10,0.9,Cl.Cl.NCCCC1=NN=C2C=CC=CN12,2025-10-07,1,1,1,{'Amidation'},{1143},{39872}
284945,O=C(O)c1ccc2c(c1)NCC2,ASVKTLFPLKXCBR-UHFFFAOYSA-N,1.0,20.0,25515,Enamine,HTS,EN300-79496,48.8,EUR,10,0.9,Cl.O=C(O)C=1C=CC=2CCNC2C1,2025-10-07,1,1,1,{'Amidation'},{1173},{40319}
285180,NCCc1nc[nH]c1Br,IDMAMVSNTMUBNI-UHFFFAOYSA-N,1.0,26.3,25316,Enamine,Advanced,EN300-1440268,90.8,EUR,10,0.9,Cl.Cl.NCCC=1N=CNC1Br,2025-10-07,1,1,1,{'Amidation'},{1173},{40319}
283919,NCc1cnco1,ZPIDZCBCCUTEEI-UHFFFAOYSA-N,2.0,17.1,25704,Enamine,HTS,EN300-1265028,43.5,EUR,10,0.9,Cl.Cl.NCC1=CN=CO1,2025-10-07,2,2,2,"{'Sulfonamide_Schotten-Baumann_with_amine_(intermolecular)', 'N-nucleophilic_aromatic_substitution'}","{1441, 551}","{40896, 51495}"
285717,C=C(Br)CS(=O)(=O)Cl,LSIJHWYFTOZAJD-UHFFFAOYSA-N,1.0,21.9,25423,Enamine,HTS,EN300-253267,53.4,EUR,10,0.9,C=C(Br)CS(=O)(=O)Cl,2025-10-07,1,1,1,{'Sulfonamide_Schotten-Baumann_with_amine_(intermolecular)'},{1441},{40896}
284517,O=C1CCC(C(=O)O)=NN1,VUADWGRLHPTYPI-UHFFFAOYSA-N,1.0,14.2,25911,Enamine,HTS,EN300-12129,40.2,EUR,10,0.9,O=C(O)C=1CCC(=O)NN1,2025-10-07,1,1,1,{'Amidation'},{855},{41442}
284518,NCc1ccc(N2CCCC2)nc1,NVXFTULJPIFMJJ-UHFFFAOYSA-N,1.0,17.7,25658,Enamine,Legacy,EN300-31075,39.8,EUR,10,0.9,NCC=1C=CC(=NC1)N2CCCC2,2025-10-07,1,1,1,{'Amidation'},{855},{41442}
285161,O=C(O)c1cn2c(n1)CCCC2,VSQKTNVCXGXCHB-UHFFFAOYSA-N,1.0,20.3,25498,Enamine,HTS,EN300-201003,49.4,EUR,10,0.9,Cl.O=C(O)C1=CN2CCCCC2=N1,2025-10-07,1,1,1,{'Steglich_esterification'},{1163},{42149}
285162,Cn1ccc2ccc(O)cc21,OOOVRUXKQGYTPJ-UHFFFAOYSA-N,1.0,14.7,25874,Enamine,Functional,EN300-269936,189.2,EUR,10,0.9,CN1C=CC=2C=CC(O)=CC21,2025-10-07,1,1,1,{'Steglich_esterification'},{1163},{42149}
283834,NS(=O)(=O)C1CNC1,HWZXQNQIPMKXJY-UHFFFAOYSA-N,1.0,17.3,25690,Enamine,HTS,EN300-252334,43.7,EUR,10,0.9,Cl.NS(=O)(=O)C1CNC1,2025-10-07,1,1,1,{'Amidation'},{505},{43009}
285188,CC(O)Cc1ncc[nH]1,JHSNSAFVQQRHAD-UHFFFAOYSA-N,1.0,16.3,25765,Enamine,Functional,EN300-106686,205.3,EUR,10,0.9,Cl.CC(O)CC1=NC=CN1,2025-10-07,1,1,1,{'Williamson_ether_synthesis'},{1178},{43016}
285759,O=C(O)CC1CCCC(C(F)(F)F)O1,GXBYZAXJUHSWEW-UHFFFAOYSA-N,1.0,21.2,25457,Enamine,Advanced,EN300-702812,79.7,EUR,10,0.9,O=C(O)CC1CCCC(O1)C(F)(F)F,2025-10-07,1,1,1,{'Amidation'},{1463},{43172}
284552,O=C1CCC(c2ccc(Br)cc2)N1,PFJCJXIUAVSTJB-UHFFFAOYSA-N,1.0,24.0,25353,Enamine,Legacy,EN300-367046,52.6,EUR,10,0.9,O=C1CCC(N1)C=2C=CC(Br)=CC2,2025-10-07,1,1,1,{'Sp2-sp2_Suzuki_coupling'},{870},{43497}
284553,CC1(C)OB(c2ccc3c(c2)CCCN3)OC1(C)C,ISDHEULQJVJXED-UHFFFAOYSA-N,1.0,29.6,25298,Enamine,Functional - Covalent0,EN300-46953212,118.6,EUR,10,0.9,Cl.CC1(C)OB(OC1(C)C)C2=CC=C3NCCCC3=C2,2025-10-07,1,1,1,{'Sp2-sp2_Suzuki_coupling'},{870},{43497}
285795,NC12CCCCCC1OCC2,ZPKQPXJAOVBOEU-UHFFFAOYSA-N,1.0,19.2,25576,Enamine,Functional,EN300-1698978,182.2,EUR,10,0.9,Cl.NC12CCOC2CCCCC1,2025-10-07,1,1,1,{'Amine_alkylation'},{1483},{43550}
285796,Cc1ccc2c(c1)CCCN2C(=O)CCl,YEQHPVJKRJVMAC-UHFFFAOYSA-N,1.0,22.4,25411,Enamine,Functional - Covalent0,EN300-7549581,105.8,EUR,10,0.9,CC=1C=CC2=C(C1)CCCN2C(=O)CCl,2025-10-07,1,1,1,{'Amine_alkylation'},{1483},{43550}
285391,O=C=NC1CCc2ccccc21,XUEHOPNFOYAYTA-UHFFFAOYSA-N,1.0,15.9,25792,Enamine,Functional,EN300-1845847,184.8,EUR,10,0.9,O=C=NC1CCC2=CC=CC=C21,2025-10-07,1,1,1,{'Isocyanate_to_urea'},{1289},{43738}
285392,Cc1cn2nc(N)ccc2n1,YGYLUBAECATVQW-UHFFFAOYSA-N,1.0,18.5,25608,Enamine,Advanced,EN300-6760030,73.7,EUR,10,0.9,Cl.CC1=CN2N=C(N)C=CC2=N1,2025-10-07,1,1,1,{'Isocyanate_to_urea'},{1289},{43738}
285227,NCC1CCNC(=O)C1,BSSUPYKXVPAKLX-UHFFFAOYSA-N,1.0,20.1,25503,Enamine,HTS,EN300-6743034,49.0,EUR,10,0.9,Cl.Cl.NCC1CCNC(=O)C1,2025-10-07,1,1,1,{'Formation_of_urea_from_two_amines'},{1198},{44440}
285228,Cn1ccc2ccc(CN)cc21,MVVXKNQNGUHIDO-UHFFFAOYSA-N,1.0,16.0,25788,Enamine,HTS,EN300-1251547,42.3,EUR,10,0.9,CN1C=CC=2C=CC(=CC21)CN,2025-10-07,1,1,1,{'Formation_of_urea_from_two_amines'},{1198},{44440}
284340,O=C(O)c1cnn(C2CCCNC2)c1,JFVFYHZORDMRFA-UHFFFAOYSA-N,1.0,23.2,25383,Enamine,Advanced,EN300-131688,83.9,EUR,10,0.9,Cl.O=C(O)C=1C=NN(C1)C2CCCNC2,2025-10-07,1,1,1,{'Amidation'},{765},{45686}
284341,CC(C)(C)C(N)CN,KKMKAWJAGGJWTJ-UHFFFAOYSA-N,1.0,18.9,25589,Enamine,Legacy,EN300-199153,41.6,EUR,10,0.9,Cl.Cl.CC(C)(C)C(N)CN,2025-10-07,1,1,1,{'Amidation'},{765},{45686}
283027,O=C(O)CCCN1CCCCC1,BGAVZPPPWLEAKZ-UHFFFAOYSA-N,3.0,20.8,25473,Enamine,Legacy,EN300-49763,45.6,EUR,10,0.9,Cl.O=C(O)CCCN1CCCCC1,2025-10-07,1,3,3,{'Amidation'},"{619, 436, 773}","{124752, 45698, 55108}"
284358,Nc1cnn(CC(F)F)c1,LMAYRTOWGOVCOR-UHFFFAOYSA-N,1.0,14.7,25873,Enamine,HTS,EN300-79410,40.8,EUR,10,0.9,NC=1C=NN(C1)CC(F)F,2025-10-07,1,1,1,{'Amidation'},{773},{45698}
284143,O=C(NCCO)N1CCCCC1,BRRWEJNYCGKYFO-UHFFFAOYSA-N,1.0,17.2,25697,Enamine,Legacy,EN300-5253927,39.2,EUR,10,0.9,O=C(NCCO)N1CCCCC1,2025-10-07,1,1,1,{'Steglich_esterification'},{657},{45718}
284075,O=c1c2ccccc2nc(S)n1-c1ccccc1,CRGOYNYLYMPGKH-UHFFFAOYSA-N,1.0,25.4,25326,Enamine,Functional - BRC,EN300-03146,19.0,EUR,10,0.9,O=C1C=2C=CC=CC2N=C(S)N1C=3C=CC=CC3,2025-10-07,1,1,1,{'Nucleophilic_substitution_with_thiol'},{626},{45746}
284076,CC(Cl)C(=O)N1CCCCC1,KQDJFMIFLYHGOL-UHFFFAOYSA-N,1.0,17.6,25678,Enamine,Functional - Covalent0,EN300-05752,97.3,EUR,10,0.9,CC(Cl)C(=O)N1CCCCC1,2025-10-07,1,1,1,{'Nucleophilic_substitution_with_thiol'},{626},{45746}
283836,Brc1ccc2c(c1)NCC2,MTSYZAHZABCWMS-UHFFFAOYSA-N,2.0,23.5,25368,Enamine,Legacy,EN300-75601,51.3,EUR,10,0.9,Cl.BrC=1C=CC=2CCNC2C1,2025-10-07,2,2,2,"{'Formation_of_urea_from_two_amines', 'Sulfonamide_Schotten-Baumann_with_amine_(intermolecular)'}","{506, 788}","{45769, 72721}"
284213,O=C(O)CC1Cc2ccccc2N1,ZVIHHTJKKUBGSN-UHFFFAOYSA-N,1.0,21.4,25446,Enamine,Advanced,EN300-6759366,80.0,EUR,10,0.9,Cl.O=C(O)C[C@H]1CC=2C=CC=CC2N1,2025-10-07,1,1,1,{'Amidation'},{696},{45810}
284214,NCCCN1CCCCC1,JMUCXULQKPWSTJ-UHFFFAOYSA-N,1.0,14.2,25906,Enamine,Legacy,EN300-13955,36.2,EUR,10,0.9,NCCCN1CCCCC1,2025-10-07,1,1,1,{'Amidation'},{696},{45810}
284175,Sc1ccccn1,WHMDPDGBKYUEMW-UHFFFAOYSA-N,1.0,11.1,26076,Enamine,Functional - BRC,EN300-21547,19.0,EUR,10,0.9,SC=1C=CC=CN1,2025-10-07,1,1,1,{'S-nucleophilic_aromatic_substitution'},{671},{45943}
45790,O=S(=O)(C1CCCNC1)N1CCc2ccccc21,DSRSUBHKUWCDAA-UHFFFAOYSA-N,3.0,30.3,25296,Enamine,sRDB,EN300-135383,238.0,EUR,20,0.9,Cl.O=S(=O)(C1CCCNC1)N2CCC=3C=CC=CC32,2025-10-07,3,3,3,"{'Amidation', 'Mitsunobu_reaction_with_amine_alcohol_and_thioalcohol', 'Sulfonamide_Schotten-Baumann_with_amine_(intermolecular)'}","{466, 459, 709}","{45979, 45987, 45975}"
283075,CC(C)(C#N)C(=O)O,DZDVNAVPCCNJRK-UHFFFAOYSA-N,1.0,11.3,26067,Enamine,Legacy,EN300-42529,33.1,EUR,10,0.9,CC(C)(C#N)C(=O)O,2025-10-07,1,1,1,{'Amidation'},{459},{45975}
283733,CC(F)(F)CO,CKLONJANQGBREW-UHFFFAOYSA-N,1.0,9.6,26106,Enamine,HTS,EN300-188820,34.9,EUR,10,0.9,CC(F)(F)CO,2025-10-07,1,1,1,{'Mitsunobu_reaction_with_amine_alcohol_and_thioalcohol'},{466},{45979}
284230,CN(C)S(=O)(=O)Cl,JFCHSQDLLFJHOA-UHFFFAOYSA-N,1.0,14.4,25884,Enamine,Functional - BRC,EN300-31750,19.0,EUR,10,0.9,CN(C)S(=O)(=O)Cl,2025-10-07,1,1,1,{'Sulfonamide_Schotten-Baumann_with_amine_(intermolecular)'},{709},{45987}
283053,O=C(O)c1ccc2c(c1)CCN2,DZTLKUKANGQSRN-UHFFFAOYSA-N,4.0,16.3,25760,Enamine,HTS,EN300-23678,42.6,EUR,10,0.9,O=C(O)C1=CC=C2NCCC2=C1,2025-10-07,1,4,4,{'Amidation'},"{448, 769, 541, 525}","{75387, 96564, 46019, 45999}"
283908,NCC1CCN(C2CCOCC2)CC1,CNAWWTRDALPJDO-UHFFFAOYSA-N,1.0,19.8,25535,Enamine,HTS,EN300-236517,48.4,EUR,10,0.9,NCC1CCN(CC1)C2CCOCC2,2025-10-07,1,1,1,{'Amidation'},{541},{45999}
284349,CCOC(=O)C1CCCNC1,XIWBSOUNZWSFKU-UHFFFAOYSA-N,1.0,15.7,25809,Enamine,Advanced,EN300-110197,67.8,EUR,10,0.9,CCOC(=O)[C@@H]1CCCNC1,2025-10-07,1,1,1,{'Amidation'},{769},{46019}
284207,NCc1ccc2cn[nH]c2c1,BHJMUMBVCKECNT-UHFFFAOYSA-N,1.0,22.0,25420,Enamine,HTS,EN300-19077931,53.6,EUR,10,0.9,Cl.Cl.NCC=1C=CC=2C=NNC2C1,2025-10-07,1,1,1,{'Formation_of_urea_from_two_amines'},{692},{46399}
283955,O=C(O)CCc1nc(-c2ccccn2)no1,SMLZSTCHCICYHA-UHFFFAOYSA-N,1.0,21.9,25422,Enamine,HTS,EN300-36719,53.3,EUR,10,0.9,O=C(O)CCC1=NC(=NO1)C2=CC=CC=N2,2025-10-07,1,1,1,{'Amidation'},{568},{46492}
283809,Cc1cc(N)ccn1,GNCLPNMQEGMNTG-UHFFFAOYSA-N,1.0,10.8,26089,Enamine,HTS,EN300-17881,36.3,EUR,10,0.9,CC=1C=C(N)C=CN1,2025-10-07,1,1,1,{'Amine_alkylation'},{495},{46503}
283810,BrCC1CCCNC1,MMGZHQGOTPGBQL-UHFFFAOYSA-N,4.0,25.9,25321,Enamine,HTS,EN300-6474685,62.9,EUR,10,0.9,Br.BrCC1CCCNC1,2025-10-07,2,4,4,"{'Amine_alkylation', 'Formation_of_sulfonamide_from_halide_-_Shavnya_reaction'}","{587, 669, 750, 495}","{51256, 51171, 51172, 46503}"
284062,Cc1cccc(N)n1,QUXLCYFNVNNRBE-UHFFFAOYSA-N,1.0,10.8,26085,Enamine,Functional - BRC,EN300-19899,19.0,EUR,10,0.9,CC=1C=CC=C(N)N1,2025-10-07,1,1,1,{'Formation_of_urea_from_two_amines'},{620},{46519}
284064,Nc1cc(C(F)F)ccn1,CXNARPJWYBRIKJ-UHFFFAOYSA-N,1.0,14.4,25888,Enamine,HTS,EN300-1085145,40.4,EUR,10,0.9,NC=1C=C(C=CN1)C(F)F,2025-10-07,1,1,1,{'Formation_of_urea_from_two_amines'},{621},{46525}
284362,OC(CCl)CN1CCCCC1,IGMZDGBNMCELOE-UHFFFAOYSA-N,1.0,21.4,25448,Enamine,Functional,EN300-7889668,192.7,EUR,10,0.9,Cl.OC(CCl)CN1CCCCC1,2025-10-07,1,1,1,{'Amine_alkylation'},{776},{46545}
283903,O=C(O)CCC1CCCC1,ZRPLANDPDWYOMZ-UHFFFAOYSA-N,1.0,14.2,25905,Enamine,Functional - BRC,EN300-20400,19.0,EUR,10,0.9,O=C(O)CCC1CCCC1,2025-10-07,1,1,1,{'Amidation'},{538},{46563}
283916,CC1COCCN1,SFWWGMKXCYLZEG-UHFFFAOYSA-N,1.0,13.8,25936,Enamine,HTS,EN300-226357,39.7,EUR,10,0.9,Cl.C[C@H]1COCCN1,2025-10-07,1,1,1,{'Amidation'},{548},{46587}
284242,CNC(=O)NCC1CCCCN1,ZRWCVQJYYBSQGX-UHFFFAOYSA-N,1.0,20.8,25471,Enamine,Legacy,EN300-331783,45.6,EUR,10,0.9,Cl.CNC(=O)NCC1CCCCN1,2025-10-07,1,1,1,{'Amidation'},{715},{46596}
284294,CCCNCCN1CCCCC1,VHJMUTQHXFNNDP-UHFFFAOYSA-N,1.0,17.0,25716,Enamine,Legacy,EN300-207919,39.0,EUR,10,0.9,CCCNCCN1CCCCC1,2025-10-07,1,1,1,{'Formation_of_urea_from_two_amines'},{741},{46715}
284295,CC(C)n1cnc(CN)c1,KOWMCNHQFPFVHI-UHFFFAOYSA-N,1.0,13.9,25929,Enamine,Advanced,EN300-369835,64.0,EUR,10,0.9,CC(C)N1C=NC(=C1)CN,2025-10-07,1,1,1,{'Formation_of_urea_from_two_amines'},{741},{46715}
284251,O=C(O)CCc1ccc(=O)[nH]c1,ZBVXNDOICMOVIP-UHFFFAOYSA-N,1.0,24.8,25339,Enamine,Functional,EN300-187385,234.1,EUR,10,0.9,Br.O=C(O)CCC=1C=CC(=O)NC1,2025-10-07,1,1,1,{'Amidation'},{720},{46745}
284252,CC1CCN(C(CN)C(C)C)CC1,PKIPECFUQYPWAD-UHFFFAOYSA-N,1.0,18.4,25614,Enamine,Legacy,EN300-39138,40.6,EUR,10,0.9,CC(C)C(CN)N1CCC(C)CC1,2025-10-07,1,1,1,{'Amidation'},{720},{46745}
283956,Cc1ccc(N)nc1,CMBSSVKZOPZBKW-UHFFFAOYSA-N,2.0,10.8,26086,Enamine,Functional - BRC,EN300-19786,19.0,EUR,10,0.9,CC=1C=CC(N)=NC1,2025-10-07,1,2,2,{'Formation_of_urea_from_two_amines'},"{569, 739}","{46960, 46913}"
284292,CC(CN)c1ccccn1,OPXKHJBYRJBEBH-UHFFFAOYSA-N,1.0,13.6,25950,Enamine,HTS,EN300-269947,39.5,EUR,10,0.9,CC(CN)C=1C=CC=CN1,2025-10-07,1,1,1,{'Formation_of_urea_from_two_amines'},{739},{46913}
283957,CC(CN)c1ccncc1,PFSHXDJWAVNKNO-UHFFFAOYSA-N,1.0,20.9,25469,Enamine,HTS,EN300-26677505,51.0,EUR,10,0.9,Cl.Cl.CC(CN)C=1C=CN=CC1,2025-10-07,1,1,1,{'Formation_of_urea_from_two_amines'},{569},{46960}
182088,OCCC1CCCNC1,OMMMTTWYXWUMNJ-UHFFFAOYSA-N,1.0,16.6,25739,Enamine,HTS,EN300-69880,42.9,EUR,10,0.9,Cl.OCCC1CCCNC1,2025-10-07,1,1,1,{'Mitsunobu_reaction_with_amine_alcohol_and_thioalcohol'},{700},{47013}
284184,O=C(CO)N1CCCCC1,ZEGFTEOLGHYWAY-UHFFFAOYSA-N,2.0,14.3,25899,Enamine,HTS,EN300-1262095,40.3,EUR,10,0.9,O=C(CO)N1CCCCC1,2025-10-07,1,2,2,{'Mitsunobu_reaction_with_amine_alcohol_and_thioalcohol'},"{675, 700}","{47450, 47013}"
283039,NCC(O)CN1CCCCC1,VOQTZJYNVJFIJW-UHFFFAOYSA-N,1.0,15.8,25796,Enamine,Legacy,EN300-39850,37.8,EUR,10,0.9,NCC(O)CN1CCCCC1,2025-10-07,1,1,1,{'Amidation'},{443},{47019}
283040,CCCN1CCCC(C(=O)O)C1,AWJSRBHWYWYXIT-UHFFFAOYSA-N,1.0,20.8,25472,Enamine,Legacy,EN300-171535,45.6,EUR,10,0.9,Cl.CCCN1CCCC(C1)C(=O)O,2025-10-07,1,1,1,{'Amidation'},{443},{47019}
284247,NCc1ccnc(N2CCCCC2)c1,APBVSDZLGYOBBW-UHFFFAOYSA-N,1.0,26.4,25314,Enamine,Legacy,EN300-37007132,57.7,EUR,10,0.9,Cl.Cl.NCC=1C=CN=C(C1)N2CCCCC2,2025-10-07,1,1,1,{'Formation_of_urea_from_two_amines'},{718},{47020}
284248,CC(N)C(=O)N1CCCCC1,WHBVSWNJAJECCU-UHFFFAOYSA-N,1.0,19.3,25568,Enamine,HTS,EN300-7858903,47.0,EUR,10,0.9,Cl.C[C@@H](N)C(=O)N1CCCCC1,2025-10-07,1,1,1,{'Formation_of_urea_from_two_amines'},{718},{47020}
284004,O=C(O)C1CCN(S(=O)(=O)N2CCCCC2)CC1,HMIZAXYMXIAEKS-UHFFFAOYSA-N,1.0,27.6,25306,Enamine,HTS,EN300-76660,67.0,EUR,10,0.9,O=C(O)C1CCN(CC1)S(=O)(=O)N2CCCCC2,2025-10-07,1,1,1,{'Steglich_esterification'},{589},{47021}
284005,COCC(C)O,ARXJGSRGQADJSQ-UHFFFAOYSA-N,1.0,9.0,26113,Enamine,Legacy,EN300-73396,30.7,EUR,10,0.9,COCC(C)O,2025-10-07,1,1,1,{'Steglich_esterification'},{589},{47021}
283797,CNCC1CCCNC1,CYDMJLIOBYDVSP-UHFFFAOYSA-N,1.0,20.1,25509,Enamine,Advanced,EN300-344259,77.3,EUR,10,0.9,Cl.Cl.CNC[C@@H]1CCCNC1,2025-10-07,1,1,1,{'Amidation'},{491},{47038}
283798,CN(CC(=O)O)c1nc2ccccc2s1,USYIIHFJNNAEMI-UHFFFAOYSA-N,1.0,22.2,25415,Enamine,HTS,EN300-44249,54.1,EUR,10,0.9,CN(CC(=O)O)C1=NC2=CC=CC=C2S1,2025-10-07,1,1,1,{'Amidation'},{491},{47038}
284052,CC(N)c1ccc2ncsc2c1,ZOWXJJFJILFTCE-UHFFFAOYSA-N,1.0,17.8,25654,Enamine,Functional,EN300-152951,185.6,EUR,10,0.9,CC(N)C1=CC=C2N=CSC2=C1,2025-10-07,1,1,1,{'Formation_of_urea_from_two_amines'},{613},{47045}
284323,O=C(O)CCc1nc2ccccc2s1,WHNQTHDJEZTVHS-UHFFFAOYSA-N,1.0,20.7,25480,Enamine,Functional - BRC,EN300-00819,19.0,EUR,10,0.9,O=C(O)CCC1=NC=2C=CC=CC2S1,2025-10-07,1,1,1,{'Amidation'},{755},{47059}
283749,OCc1nc2ccc(Br)cc2s1,JBLBHKPUSANPJP-UHFFFAOYSA-N,1.0,24.4,25348,Enamine,Advanced,EN300-184232,86.6,EUR,10,0.9,OCC1=NC=2C=CC(Br)=CC2S1,2025-10-07,1,1,1,{'Mitsunobu_reaction_with_amine_alcohol_and_thioalcohol'},{474},{47082}
283750,CC(CCN)N1CCCCC1,JALHJUKRXXWMPV-UHFFFAOYSA-N,3.0,15.6,25818,Enamine,HTS,EN300-132986,41.8,EUR,10,0.9,CC(CCN)N1CCCCC1,2025-10-07,2,3,3,"{'Amidation', 'Mitsunobu_reaction_with_amine_alcohol_and_thioalcohol'}","{474, 507, 710}","{48114, 47082, 51490}"
284164,O=C1NCCC1CCO,UJYRIMZFBRGKQF-UHFFFAOYSA-N,1.0,12.9,26001,Enamine,Functional,EN300-219570,159.3,EUR,10,0.9,O=C1NCCC1CCO,2025-10-07,1,1,1,{'Mitsunobu_reaction_with_amine_alcohol_and_thioalcohol'},{666},{47143}
284205,OCCCN1CCCCC1,PLRXAFVBCHEMGD-UHFFFAOYSA-N,2.0,14.3,25895,Enamine,Legacy,EN300-55444,36.3,EUR,10,0.9,OCCCN1CCCCC1,2025-10-07,1,2,2,{'Mitsunobu_reaction_with_amine_alcohol_and_thioalcohol'},"{785, 690}","{55076, 47453}"
284114,CCOC(=O)C(C#N)C1CCNCC1,COSLYGNZDLVKCV-UHFFFAOYSA-N,1.0,23.3,25378,Enamine,HTS,EN300-6754455,56.6,EUR,10,0.9,Cl.CCOC(=O)C(C#N)C1CCNCC1,2025-10-07,1,1,1,{'Ester_amidation'},{643},{47626}
284436,O=C(O)CC1CCNCC1,YFNOTMRKVGZZNF-UHFFFAOYSA-N,1.0,18.0,25634,Enamine,HTS,EN300-72832,44.5,EUR,10,0.9,Cl.O=C(O)CC1CCNCC1,2025-10-07,1,1,1,{'Amidation'},{816},{47627}
283731,CCOC(=O)c1nnc(C2CCNCC2)s1,TTXMCVNMAXYBSK-UHFFFAOYSA-N,1.0,27.8,25304,Enamine,HTS,EN300-7542873,67.3,EUR,10,0.9,Cl.CCOC(=O)C1=NN=C(S1)C2CCNCC2,2025-10-07,1,1,1,{'Ester_amidation'},{465},{47635}
284209,O=C(CCl)NC1CCOCC1,JIJDOHAQHVHRRB-UHFFFAOYSA-N,1.0,17.8,25653,Enamine,Functional - Covalent0,EN300-67573,97.7,EUR,10,0.9,O=C(CCl)NC1CCOCC1,2025-10-07,1,1,1,{'Amine_alkylation'},{694},{47934}
283958,NCCc1cccnc1,NAHHNSMHYCLMON-UHFFFAOYSA-N,1.0,12.2,26039,Enamine,Functional - BRC,EN300-29225,19.0,EUR,10,0.9,NCCC=1C=CC=NC1,2025-10-07,1,1,1,{'Formation_of_urea_from_two_amines'},{570},{48055}
283031,Clc1nc(-c2cccnc2)cs1,PEEYEEZRTKZFGW-UHFFFAOYSA-N,1.0,19.7,25542,Enamine,HTS,EN300-89359,48.0,EUR,10,0.9,ClC1=NC(=CS1)C2=CC=CN=C2,2025-10-07,1,1,1,{'N-nucleophilic_aromatic_substitution'},{438},{48060}
284106,CN1CCC(CCN)CC1,IKJXAMMGTSTBLQ-UHFFFAOYSA-N,1.0,14.2,25912,Enamine,HTS,EN300-62032,40.2,EUR,10,0.9,CN1CCC(CCN)CC1,2025-10-07,1,1,1,{'Amidation'},{639},{48069}
284107,CC(=CC(=O)O)c1cccnc1,GOLCTEOANVBMOD-UHFFFAOYSA-N,1.0,16.3,25759,Enamine,Legacy,EN300-106052,38.3,EUR,10,0.9,CC(=CC(=O)O)C=1C=NC=CC1,2025-10-07,1,1,1,{'Amidation'},{639},{48069}
284121,c1cncc(CC2CCNCC2)c1,KKZYSWQNXOXYBD-UHFFFAOYSA-N,1.0,17.6,25672,Enamine,Legacy,EN300-122729,39.7,EUR,10,0.9,C1=CC(=CN=C1)CC2CCNCC2,2025-10-07,1,1,1,{'Amidation'},{645},{48075}
284122,CON=CC(=O)O,MIHIJWOEDDPOLG-UHFFFAOYSA-N,1.0,10.3,26097,Enamine,HTS,EN300-128172,35.6,EUR,10,0.9,CON=CC(=O)O,2025-10-07,1,1,1,{'Amidation'},{645},{48075}
283934,NCCCCCN1CCCCC1,PXENHTLQNXTYRL-UHFFFAOYSA-N,1.0,17.0,25717,Enamine,Legacy,EN300-74241,39.0,EUR,10,0.9,NCCCCCN1CCCCC1,2025-10-07,1,1,1,{'N-nucleophilic_aromatic_substitution'},{558},{48106}
283959,COC(=O)Cc1cccc(N)n1,KRADSNMMTKSJQC-UHFFFAOYSA-N,1.0,16.6,25743,Enamine,Advanced,EN300-175820,69.8,EUR,10,0.9,COC(=O)CC=1C=CC=C(N)N1,2025-10-07,1,1,1,{'Formation_of_urea_from_two_amines'},{571},{48630}
283960,CCC(N)c1cccnc1,VQGKOCARCUCUMC-UHFFFAOYSA-N,2.0,13.6,25951,Enamine,HTS,EN300-1240576,39.5,EUR,10,0.9,CCC(N)C=1C=CC=NC1,2025-10-07,1,2,2,{'Formation_of_urea_from_two_amines'},"{571, 774}","{48641, 48630}"
284359,COCCc1ccnc(N)c1,LPBXWILQXHWUDR-UHFFFAOYSA-N,1.0,15.2,25836,Enamine,HTS,EN300-209217,41.3,EUR,10,0.9,COCCC=1C=CN=C(N)C1,2025-10-07,1,1,1,{'Formation_of_urea_from_two_amines'},{774},{48641}
284428,c1cncc(C2NCC23CCC3)c1,DLATYZOPBAWRGB-UHFFFAOYSA-N,1.0,24.7,25342,Enamine,Functional,EN300-269281,265.3,EUR,10,0.9,Cl.Cl.C1=CC(=CN=C1)C2NCC32CCC3,2025-10-07,1,1,1,{'Amidation'},{812},{48665}
284429,O=C(O)CCc1ccncc1,WSXGQYDHJZKQQB-UHFFFAOYSA-N,1.0,15.1,25846,Enamine,HTS,EN300-41755,41.2,EUR,10,0.9,O=C(O)CCC=1C=CN=CC1,2025-10-07,1,1,1,{'Amidation'},{812},{48665}
5719,CNC(=O)CC1CCNCC1,ARPZPQQZHSZMNS-UHFFFAOYSA-N,1.0,15.6,25817,Enamine,HTS,EN300-96814,41.8,EUR,10,0.9,CNC(=O)CC1CCNCC1,2025-10-07,1,1,1,{'Formation_of_urea_from_two_amines'},{546},{49166}
283913,CNCc1ccoc1,YDXZHRKIFGGQDE-UHFFFAOYSA-N,1.0,11.1,26078,Enamine,Legacy,EN300-52163,33.0,EUR,10,0.9,CNCC=1C=COC1,2025-10-07,1,1,1,{'Formation_of_urea_from_two_amines'},{546},{49166}
284087,NC1CCN(CC2CCCO2)CC1,RQYQSHZQUNROJX-UHFFFAOYSA-N,1.0,18.4,25613,Enamine,Legacy,EN300-39532,40.6,EUR,10,0.9,NC1CCN(CC2CCCO2)CC1,2025-10-07,1,1,1,{'Isocyanate_to_urea'},{630},{49222}
284088,COCC(C)CN=C=O,OCMZIAIULBWLPF-UHFFFAOYSA-N,1.0,12.9,25996,Enamine,HTS,EN300-4281180,38.7,EUR,10,0.9,COCC(C)CN=C=O,2025-10-07,1,1,1,{'Isocyanate_to_urea'},{630},{49222}
283866,CC(C)(C(=O)O)N1CCCCC1,HGQPYEFYBJOTTF-UHFFFAOYSA-N,2.0,20.8,25476,Enamine,HTS,EN300-317311,50.7,EUR,10,0.9,Cl.CC(C)(C(=O)O)N1CCCCC1,2025-10-07,1,2,2,{'Amidation'},"{611, 605}","{49748, 49767}"
284032,CNCc1ccc2c(c1)CCO2,BCYMJVQGRGNEAO-UHFFFAOYSA-N,1.0,20.0,25514,Enamine,HTS,EN300-180914,48.8,EUR,10,0.9,Cl.CNCC=1C=CC=2OCCC2C1,2025-10-07,1,1,1,{'Amidation'},{605},{49748}
284049,CNCc1ccc(C(C)C)cc1,CILOGGDIZJTYHI-UHFFFAOYSA-N,1.0,20.0,25513,Enamine,HTS,EN300-30154,48.8,EUR,10,0.9,Cl.CNCC=1C=CC(=CC1)C(C)C,2025-10-07,1,1,1,{'Amidation'},{611},{49767}
283047,O=C(O)C1CCCNC1,XJLSEXAGTJCILF-UHFFFAOYSA-N,1.0,16.6,25744,Enamine,Functional - BRC,EN300-160263,122.0,EUR,10,0.9,Cl.O=C(O)[C@H]1CCCNC1,2025-10-07,1,1,1,{'Amidation'},{780},{49818}
284367,O=C(O)CCN1CCCc2ccccc21,BHSFGROFSZRPCD-UHFFFAOYSA-N,1.0,20.5,25492,Enamine,HTS,EN300-1718346,50.1,EUR,10,0.9,O=C(O)CCN1CCCC=2C=CC=CC21,2025-10-07,1,1,1,{'Amidation'},{780},{49818}
5512,CCNC(=O)C1CCNCC1,KMFMXQYAYHXUJO-UHFFFAOYSA-N,2.0,19.3,25567,Enamine,HTS,EN300-56513,47.0,EUR,10,0.9,Cl.CCNC(=O)C1CCNCC1,2025-10-07,2,2,2,"{'Formation_of_urea_from_two_amines', 'Mitsunobu_reaction_with_amine_alcohol_and_thioalcohol'}","{489, 508}","{50224, 50246}"
283838,OC1CC=CC1,WEIMJSIRDZDHAH-UHFFFAOYSA-N,1.0,8.4,26120,Enamine,HTS,EN300-82946,33.4,EUR,10,0.9,OC1CC=CC1,2025-10-07,1,1,1,{'Mitsunobu_reaction_with_amine_alcohol_and_thioalcohol'},{508},{50224}
283794,CNCc1cn[nH]c1,NJHKMGYIXSECKA-UHFFFAOYSA-N,1.0,14.8,25865,Enamine,HTS,EN300-76356,40.9,EUR,10,0.9,Cl.CNCC=1C=NNC1,2025-10-07,1,1,1,{'Formation_of_urea_from_two_amines'},{489},{50246}
283010,NCCCNc1ncccn1,FHYDQGOVTLQZSZ-UHFFFAOYSA-N,1.0,22.5,25398,Enamine,Legacy,EN300-43248,49.3,EUR,10,0.9,Cl.Cl.NCCCNC=1N=CC=CN1,2025-10-07,1,1,1,{'Formation_of_urea_from_two_amines'},{427},{50543}
283011,N#CC1CCNCC1,FSDNTQSJGHSJBG-UHFFFAOYSA-N,1.0,14.7,25872,Enamine,Legacy,EN300-60120,36.6,EUR,10,0.9,Cl.N#CC1CCNCC1,2025-10-07,1,1,1,{'Formation_of_urea_from_two_amines'},{427},{50543}
284053,O=C(O)C(F)(F)c1ncccn1,LREYSYPLWSVRHI-UHFFFAOYSA-N,1.0,17.4,25687,Enamine,Functional,EN300-1930583,231.6,EUR,10,0.9,O=C(O)C(F)(F)C=1N=CC=CN1,2025-10-07,1,1,1,{'Amidation'},{614},{50555}
283880,O=C(O)Cc1cncnc1,HEEUMCHKVXTQIP-UHFFFAOYSA-N,1.0,17.5,25680,Enamine,HTS,EN300-185751,43.9,EUR,10,0.9,Cl.O=C(O)CC=1C=NC=NC1,2025-10-07,1,1,1,{'Amidation'},{526},{50577}
1830,c1ccc2sc(C3CCCNC3)nc2c1,PXPKASSSZWCUJE-UHFFFAOYSA-N,1.0,25.5,25325,Enamine,HTS,EN300-02749,61.8,EUR,10,0.9,Cl.C=1C=CC=2SC(=NC2C1)C3CCCNC3,2025-10-07,1,1,1,{'N-nucleophilic_aromatic_substitution'},{798},{50711}
284398,Clc1nccc(N2CCCC2)n1,OSBZWNGXKCNMHM-UHFFFAOYSA-N,1.0,18.4,25611,Enamine,Legacy,EN300-71600,40.5,EUR,10,0.9,ClC=1N=CC=C(N1)N2CCCC2,2025-10-07,1,1,1,{'N-nucleophilic_aromatic_substitution'},{796},{50762}
283080,O=C(O)CCc1n[nH]c2ccccc12,AHZCKNOSACXUJY-UHFFFAOYSA-N,2.0,19.0,25586,Enamine,Functional,EN300-697538,186.5,EUR,10,0.9,O=C(O)CCC1=NNC2=CC=CC=C12,2025-10-07,1,2,2,{'Amidation'},"{481, 462}","{61947, 50851}"
283775,CC(C)(C)OC1CCCNC1,RSMXSKJUTTWWLA-UHFFFAOYSA-N,1.0,19.4,25565,Enamine,Advanced,EN300-1719320,75.7,EUR,10,0.9,Cl.CC(C)(C)OC1CCCNC1,2025-10-07,1,1,1,{'Amidation'},{481},{50851}
284170,CC(N)c1nnc2ccccn12,FQWYAIRHWCMQNP-UHFFFAOYSA-N,1.0,23.5,25371,Enamine,HTS,EN300-30316,57.1,EUR,10,0.9,Cl.Cl.CC(N)C1=NN=C2C=CC=CN12,2025-10-07,1,1,1,{'Formation_of_sulfonamide_from_halide_-_Shavnya_reaction'},{669},{51171}
284312,NCc1ccn2cnnc2c1,RJOLOOGTOLNILX-UHFFFAOYSA-N,1.0,22.1,25419,Enamine,HTS,EN300-26625560,53.8,EUR,10,0.9,Cl.Cl.NCC=1C=CN2C=NN=C2C1,2025-10-07,1,1,1,{'Formation_of_sulfonamide_from_halide_-_Shavnya_reaction'},{750},{51172}
283998,O=c1cccc(Br)[nH]1,VOMMPWVMVDGZEM-UHFFFAOYSA-N,1.0,17.4,25684,Enamine,HTS,EN300-88358,43.8,EUR,10,0.9,O=C1C=CC=C(Br)N1,2025-10-07,1,1,1,{'Amine_alkylation'},{587},{51256}
283758,BrC1CCCNC1,KXKQNQADWLIDLS-UHFFFAOYSA-N,1.0,24.5,25347,Enamine,Advanced,EN300-7457140,86.8,EUR,10,0.9,Br.BrC1CCCNC1,2025-10-07,1,1,1,{'Formation_of_sulfonamide_from_halide_-_Shavnya_reaction'},{557},{51268}
283932,NCc1ccc[nH]c1=O,QHRUXDXIVIYFJJ-UHFFFAOYSA-N,1.0,16.1,25782,Enamine,HTS,EN300-204161,42.3,EUR,10,0.9,Cl.NCC1=CC=CNC1=O,2025-10-07,1,1,1,{'Formation_of_sulfonamide_from_halide_-_Shavnya_reaction'},{557},{51268}
283059,Nc1cccnc1N1CCCCC1,SNRAPFORRCKQQR-UHFFFAOYSA-N,1.0,25.0,25331,Enamine,HTS,EN300-51958,60.8,EUR,10,0.9,Cl.Cl.NC=1C=CC=NC1N2CCCCC2,2025-10-07,1,1,1,{'Formation_of_urea_from_two_amines'},{451},{51476}
284226,CCCc1nc(C(=O)O)co1,FTDYCDRLDRQBBE-UHFFFAOYSA-N,2.0,15.5,25824,Enamine,Legacy,EN300-135315,37.5,EUR,10,0.9,CCCC1=NC(=CO1)C(=O)O,2025-10-07,1,2,2,{'Amidation'},"{706, 710}","{51490, 51493}"
283071,NCCN1CCCCC1,CJNRGSHEMCMUOE-UHFFFAOYSA-N,2.0,12.8,26008,Enamine,HTS,EN300-21749,38.6,EUR,10,0.9,NCCN1CCCCC1,2025-10-07,1,2,2,{'Amidation'},"{457, 706}","{53762, 51493}"
283920,Clc1nc2ccccc2nc1N1CCCCC1,HDZLRVKTLOUROS-UHFFFAOYSA-N,1.0,24.7,25340,Enamine,Legacy,EN300-110877,54.0,EUR,10,0.9,ClC=1N=C2C=CC=CC2=NC1N3CCCCC3,2025-10-07,1,1,1,{'N-nucleophilic_aromatic_substitution'},{551},{51495}
283745,NCCNC(=O)c1ccn[nH]1,XSFIHYAUOWUPMB-UHFFFAOYSA-N,1.0,19.1,25579,Enamine,Advanced,EN300-127612,75.0,EUR,10,0.9,Cl.NCCNC(=O)C1=CC=NN1,2025-10-07,1,1,1,{'Amidation'},{472},{51536}
283746,CCON1CCC(CC(=O)O)CC1,AYOJSFROBQXWIF-UHFFFAOYSA-N,1.0,22.4,25407,Enamine,Legacy,EN300-250327,49.0,EUR,10,0.9,Cl.CCON1CCC(CC(=O)O)CC1,2025-10-07,1,1,1,{'Amidation'},{472},{51536}
3760,c1cc(C2CCNCC2)n[nH]1,FCKYIGWJVZIPLK-UHFFFAOYSA-N,1.0,15.1,25844,Enamine,Legacy,EN300-62917,37.1,EUR,10,0.9,C=1C=C(NN1)C2CCNCC2,2025-10-07,1,1,1,{'Amidation'},{801},{51543}
284404,O=C(O)CC1=CCCC1,QOGMZIQMZUXOKM-UHFFFAOYSA-N,1.0,12.6,26020,Enamine,HTS,EN300-49717,38.4,EUR,10,0.9,O=C(O)CC1=CCCC1,2025-10-07,1,1,1,{'Amidation'},{801},{51543}
283029,O=C(O)CCc1cccnc1,WDGXIUUWINKTGP-UHFFFAOYSA-N,1.0,15.1,25839,Enamine,Functional - BRC,EN300-13003,19.0,EUR,10,0.9,O=C(O)CCC=1C=CC=NC1,2025-10-07,1,1,1,{'Amidation'},{437},{52055}
283030,CC1CC2CCC(C1)N2,CPTOIRJUTARRLY-UHFFFAOYSA-N,1.0,16.2,25767,Enamine,Legacy,EN300-7651537,38.2,EUR,10,0.9,Cl.CC1CC2CCC(C1)N2,2025-10-07,1,1,1,{'Amidation'},{437},{52055}
5336,C1CCN(C2CCNC2)C1,HFZLSTDPRQSZCQ-UHFFFAOYSA-N,1.0,21.3,25452,Enamine,Legacy,EN300-7410824,46.8,EUR,10,0.9,Cl.Cl.C1CCN(C1)[C@H]2CCNC2,2025-10-07,1,1,1,{'Amidation'},{439},{52315}
283033,O=C(O)C(O)C1CCCCC1,RRDPWAPIJGSANI-UHFFFAOYSA-N,1.0,15.8,25800,Enamine,HTS,EN300-114552,42.0,EUR,10,0.9,O=C(O)C(O)C1CCCCC1,2025-10-07,1,1,1,{'Amidation'},{439},{52315}
284186,OCCCN1CCNCC1,LWEOFVINMVZGAS-UHFFFAOYSA-N,1.0,14.4,25885,Enamine,Legacy,EN300-145604,36.5,EUR,10,0.9,OCCCN1CCNCC1,2025-10-07,1,1,1,{'Mitsunobu_reaction_with_amine_alcohol_and_thioalcohol'},{677},{52333}
283985,BrCCCOCC1CCCCO1,XKUMHXBVACTUFZ-UHFFFAOYSA-N,1.0,23.7,25363,Enamine,HTS,EN300-82024,57.6,EUR,10,0.9,BrCCCOCC1CCCCO1,2025-10-07,1,1,1,{'Amine_alkylation'},{580},{52375}
283990,Nc1cc(-c2cccnc2)n[nH]1,USKHSGIEOVXVFW-UHFFFAOYSA-N,1.0,19.7,25541,Enamine,HTS,EN300-59901,48.0,EUR,10,0.9,Cl.NC1=CC(=NN1)C2=CC=CN=C2,2025-10-07,1,1,1,{'Formation_of_sulfonamide_from_halide_-_Shavnya_reaction'},{583},{52408}
283991,CC(CBr)c1ccccc1,XJWVCWQKZQENDS-UHFFFAOYSA-N,1.0,19.9,25522,Enamine,Legacy,EN300-79625,43.7,EUR,10,0.9,CC(CBr)C=1C=CC=CC1,2025-10-07,1,1,1,{'Formation_of_sulfonamide_from_halide_-_Shavnya_reaction'},{583},{52408}
284033,CCC(N)C1CCCO1,BHONVBPCNYEAAB-UHFFFAOYSA-N,1.0,12.9,25992,Enamine,Legacy,EN300-118645,34.8,EUR,10,0.9,CCC(N)C1CCCO1,2025-10-07,1,1,1,{'Formation_of_urea_from_two_amines'},{606},{52583}
284034,C#Cc1cccc(N)n1,ZNJXVCPFQSXVQF-UHFFFAOYSA-N,1.0,11.8,26053,Enamine,HTS,EN300-1726558,37.4,EUR,10,0.9,C#CC=1C=CC=C(N)N1,2025-10-07,1,1,1,{'Formation_of_urea_from_two_amines'},{606},{52583}
286087,O=Cc1ccc2cc[nH]c2c1,VSPBWOAEHQDXRD-UHFFFAOYSA-N,1.0,14.5,25883,Enamine,Functional - Covalent0,EN300-100998,92.0,EUR,10,0.9,O=CC=1C=CC=2C=CNC2C1,2025-10-07,1,1,1,{'Reductive_amination'},{1644},{53105}
286088,Cc1cnccc1N,VGJLGPCXUGIXRQ-UHFFFAOYSA-N,1.0,10.8,26088,Enamine,Legacy,EN300-67367,32.7,EUR,10,0.9,CC=1C=NC=CC1N,2025-10-07,1,1,1,{'Reductive_amination'},{1644},{53105}
4675,CCC(=O)N1CCCNCC1,BFOKZEUBUDXELO-UHFFFAOYSA-N,1.0,15.6,25822,Enamine,mRDB,EN300-50874,291.0,EUR,20,0.9,CCC(=O)N1CCCNCC1,2025-10-07,1,1,1,{'Amidation'},{452},{53713}
283061,O=C(O)CCN1CCOCC1,YUYHRSGXZZVNMS-UHFFFAOYSA-N,1.0,19.6,25544,Enamine,Legacy,EN300-64163,43.0,EUR,10,0.9,Cl.O=C(O)CCN1CCOCC1,2025-10-07,1,1,1,{'Amidation'},{452},{53713}
2611,C1CCN(C2CCNC2)CC1,BTZQCTWJDFNRMS-UHFFFAOYSA-N,3.0,22.7,25394,Enamine,HTS,EN300-24209941,55.2,EUR,10,0.9,Cl.Cl.C1C[C@H](CN1)N2CCCCC2,2025-10-07,2,3,3,"{'Formation_of_urea_from_two_amines', 'Amidation'}","{433, 533, 582}","{53753, 53746, 53750}"
283897,CCS(=O)(=O)CCCN,UDZUCQFIJDKVQY-UHFFFAOYSA-N,1.0,18.8,25595,Enamine,Legacy,EN300-255072,41.3,EUR,10,0.9,Cl.CCS(=O)(=O)CCCN,2025-10-07,1,1,1,{'Formation_of_urea_from_two_amines'},{533},{53746}
283989,O=C(O)C(O)c1ccccc1,IWYDHOAUDWTVEP-UHFFFAOYSA-N,1.0,15.2,25837,Enamine,HTS,EN300-97210,41.3,EUR,10,0.9,O=C(O)[C@@H](O)C=1C=CC=CC1,2025-10-07,1,1,1,{'Amidation'},{582},{53750}
283023,O=C(O)COc1ccccc1,LCPDWSOZIOUXRV-UHFFFAOYSA-N,1.0,15.2,25833,Enamine,Functional - BRC,EN300-18122,19.0,EUR,10,0.9,O=C(O)COC=1C=CC=CC1,2025-10-07,1,1,1,{'Amidation'},{433},{53753}
283072,CC(C)OC(=O)N1CCCC1C(=O)O,BPXYDXRQHFUKQG-UHFFFAOYSA-N,1.0,20.1,25506,Enamine,HTS,EN300-901624,49.1,EUR,10,0.9,CC(C)OC(=O)N1CCCC1C(=O)O,2025-10-07,1,1,1,{'Amidation'},{457},{53762}
284124,O=C1CCCNC1,USISRUCGEISZIB-UHFFFAOYSA-N,1.0,13.6,25944,Enamine,Legacy,EN300-206235,35.5,EUR,10,0.9,Cl.O=C1CCCNC1,2025-10-07,1,1,1,{'Reductive_amination'},{647},{54541}
284125,CNCC1CCOC1,ZUGRRINNTXSWBR-UHFFFAOYSA-N,1.0,11.5,26056,Enamine,HTS,EN300-100399,37.0,EUR,10,0.9,CNCC1CCOC1,2025-10-07,1,1,1,{'Reductive_amination'},{647},{54541}
284249,O=C(O)c1cnc(C2CCOC2)s1,OHORYPXXCOIWNR-UHFFFAOYSA-N,1.0,19.9,25524,Enamine,Legacy,EN300-387370,43.8,EUR,10,0.9,O=C(O)C1=CN=C(S1)C2CCOC2,2025-10-07,1,1,1,{'Amidation'},{719},{54609}
284250,CNC(C)CN1CCCCC1,IQCHJZSBIAVNGG-UHFFFAOYSA-N,1.0,15.6,25820,Enamine,HTS,EN300-75518,41.8,EUR,10,0.9,CNC(C)CN1CCCCC1,2025-10-07,1,1,1,{'Amidation'},{719},{54609}
284050,OCCCNCc1ccccn1,UTTDICFUEAFWJV-UHFFFAOYSA-N,1.0,16.6,25741,Enamine,HTS,EN300-169048,43.0,EUR,10,0.9,OCCCNCC=1C=CC=CN1,2025-10-07,1,1,1,{'Amidation'},{612},{54984}
284051,CCN1N=C(C(=O)O)CC1=O,IOGMIKDINGXSRM-UHFFFAOYSA-N,1.0,15.6,25819,Enamine,HTS,EN300-79435,41.8,EUR,10,0.9,CCN1N=C(CC1=O)C(=O)O,2025-10-07,1,1,1,{'Amidation'},{612},{54984}
7948,CN(C)C(=O)CN1CCCNCC1,GOIDSLGRZLVRND-UHFFFAOYSA-N,1.0,25.8,25322,Enamine,HTS,EN300-399928,62.7,EUR,10,0.9,Cl.Cl.CN(C)C(=O)CN1CCCNCC1,2025-10-07,1,1,1,{'Mitsunobu_reaction_with_amine_alcohol_and_thioalcohol'},{690},{55076}
283028,CN(C)C(=O)Cc1cccc(N)c1,UWEZXIIXUNXITL-UHFFFAOYSA-N,1.0,17.8,25648,Enamine,Legacy,EN300-879575,39.9,EUR,10,0.9,CN(C)C(=O)CC1=CC=CC(N)=C1,2025-10-07,1,1,1,{'Amidation'},{436},{55108}
284020,SCCN1CCCCC1,LXNAJQBFIIYIIS-UHFFFAOYSA-N,1.0,14.5,25882,Enamine,HTS,EN300-1243980,40.6,EUR,10,0.9,SCCN1CCCCC1,2025-10-07,1,1,1,{'Nucleophilic_substitution_with_thiol'},{598},{55819}
284021,ClCc1nnc(C2CCOCC2)o1,MEGVEHWEDMXWOL-UHFFFAOYSA-N,1.0,20.3,25499,Enamine,HTS,EN300-63653,49.4,EUR,10,0.9,ClCC1=NN=C(O1)C2CCOCC2,2025-10-07,1,1,1,{'Nucleophilic_substitution_with_thiol'},{598},{55819}
283843,NCC1(N2CCCCC2)CCOCC1,BSOUHAMPERXQNR-UHFFFAOYSA-N,1.0,27.1,25311,Enamine,Legacy,EN300-74757,59.2,EUR,10,0.9,Cl.Cl.NCC1(CCOCC1)N2CCCCC2,2025-10-07,1,1,1,{'Amidation'},{512},{55828}
283844,CCC(NC(C)C)C(=O)O,ZRQOLCFROPHFOA-UHFFFAOYSA-N,1.0,18.2,25621,Enamine,HTS,EN300-171920,44.7,EUR,10,0.9,Cl.CCC(NC(C)C)C(=O)O,2025-10-07,1,1,1,{'Amidation'},{512},{55828}
284227,CNCc1c[nH]cn1,VYAFJWHVHCBQBJ-UHFFFAOYSA-N,1.0,11.1,26080,Enamine,HTS,EN300-109742,36.6,EUR,10,0.9,CNCC1=CNC=N1,2025-10-07,1,1,1,{'Formation_of_urea_from_two_amines'},{707},{55892}
284228,C#CCNC(=O)C1CCNCC1,UAWZKMNSQBDMRZ-UHFFFAOYSA-N,1.0,20.3,25497,Enamine,HTS,EN300-204107,49.4,EUR,10,0.9,Cl.C#CCNC(=O)C1CCNCC1,2025-10-07,1,1,1,{'Formation_of_urea_from_two_amines'},{707},{55892}
283019,NCCc1c[nH]cn1,NTYJJOPFIAHURM-UHFFFAOYSA-N,1.0,11.1,26077,Enamine,Functional - BRC,EN300-78991,19.0,EUR,10,0.9,NCCC1=CN=CN1,2025-10-07,1,1,1,{'Amidation'},{431},{55900}
283020,CN(C)C(=O)N1CCC(C(=O)O)CC1,FRBBOXGMTKVHBW-UHFFFAOYSA-N,1.0,20.0,25518,Enamine,HTS,EN300-37328,48.9,EUR,10,0.9,CN(C)C(=O)N1CCC(CC1)C(=O)O,2025-10-07,1,1,1,{'Amidation'},{431},{55900}
284045,Nc1cccc(C2CC2)n1,LIZZJCZQDJRGQO-UHFFFAOYSA-N,1.0,13.4,25968,Enamine,HTS,EN300-222519,39.2,EUR,10,0.9,NC=1C=CC=C(N1)C2CC2,2025-10-07,1,1,1,{'Amine_alkylation'},{610},{56319}
284046,BrCC1CCNC1,MIDGOAWDOGHLCH-UHFFFAOYSA-N,1.0,24.5,25346,Enamine,HTS,EN300-6474436,59.5,EUR,10,0.9,Br.BrCC1CCNC1,2025-10-07,1,1,1,{'Amine_alkylation'},{610},{56319}
283923,CCc1nnc2n1CC(N)CC2,LDICHKCDDISACA-UHFFFAOYSA-N,1.0,16.6,25738,Enamine,Legacy,EN300-62863,38.7,EUR,10,0.9,CCC1=NN=C2CCC(N)CN12,2025-10-07,1,1,1,{'Amidation'},{553},{57140}
283079,NCc1ccc(NC(N)=O)cc1,NTXHODRGDRNTNY-UHFFFAOYSA-N,1.0,23.8,25361,Enamine,HTS,EN300-46816408,57.9,EUR,10,0.9,Cl.Cl.NCC=1C=CC(=CC1)NC(N)=O,2025-10-07,1,1,1,{'Amidation'},{461},{57322}
1796,c1coc(C2CCNCC2)n1,YNYDCASRUGOZJC-UHFFFAOYSA-N,2.0,22.5,25404,Enamine,Functional,EN300-261892,208.9,EUR,10,0.9,Cl.Cl.C1=COC(=N1)C2CCNCC2,2025-10-07,2,2,2,"{'Amidation', 'N-nucleophilic_aromatic_substitution'}","{592, 529}","{59001, 59004}"
283891,O=[N+]([O-])c1c(Br)ccc2ncccc12,ISBMTVQQECNRQY-UHFFFAOYSA-N,1.0,25.3,25327,Enamine,HTS,EN300-102199,61.4,EUR,10,0.9,[O-][N+](=O)C1=C(Br)C=CC2=NC=CC=C12,2025-10-07,1,1,1,{'N-nucleophilic_aromatic_substitution'},{529},{59001}
284010,O=C(O)C(F)(F)C1CC1,ACYULLZJZXDWRB-UHFFFAOYSA-N,1.0,13.6,25948,Enamine,HTS,EN300-171267,39.5,EUR,10,0.9,O=C(O)C(F)(F)C1CC1,2025-10-07,1,1,1,{'Amidation'},{592},{59004}
284334,OCCc1ncco1,MYLWVNHBVAEVEQ-UHFFFAOYSA-N,1.0,11.3,26068,Enamine,Functional,EN300-7179582,188.0,EUR,10,0.9,OCCC1=NC=CO1,2025-10-07,1,1,1,{'Mitsunobu_reaction_with_amine_alcohol_and_thioalcohol'},{762},{59009}
284335,N#CCCC1CCCCN1,JCLLVTBCUGMKAT-UHFFFAOYSA-N,1.0,17.5,25681,Enamine,Advanced,EN300-22104513,71.6,EUR,10,0.9,Cl.N#CCCC1CCCCN1,2025-10-07,1,1,1,{'Mitsunobu_reaction_with_amine_alcohol_and_thioalcohol'},{762},{59009}
284149,CN1CCCC(C(=O)O)C1=O,AAMWBMZCAOJKJU-UHFFFAOYSA-N,1.0,15.7,25808,Enamine,Advanced,EN300-243976,67.8,EUR,10,0.9,CN1CCCC(C(=O)O)C1=O,2025-10-07,1,1,1,{'Amidation'},{661},{59983}
284150,CCC(C)(N)c1ncccn1,KKPXUKAGICIJBH-UHFFFAOYSA-N,1.0,15.1,25848,Enamine,Functional,EN300-1071948,166.9,EUR,10,0.9,CCC(C)(N)C=1N=CC=CN1,2025-10-07,1,1,1,{'Amidation'},{661},{59983}
283944,O=C(O)c1ccncn1,YPOXGDJGKBXRFP-UHFFFAOYSA-N,1.0,12.4,26028,Enamine,Legacy,EN300-111006,34.3,EUR,10,0.9,O=C(O)C=1C=CN=CN1,2025-10-07,1,1,1,{'Amidation'},{562},{60642}
283945,CC(N)CCc1ccccn1,GWKSNKWKKKLHMV-UHFFFAOYSA-N,1.0,15.0,25853,Enamine,Functional,EN300-1230642,191.0,EUR,10,0.9,CC(N)CCC=1C=CC=CN1,2025-10-07,1,1,1,{'Amidation'},{562},{60642}
284115,O=S(=O)(Cl)c1cn[nH]c1,MRPFJQLRQGTKNI-UHFFFAOYSA-N,1.0,16.7,25731,Enamine,HTS,EN300-49990,43.0,EUR,10,0.9,O=S(=O)(Cl)C=1C=NNC1,2025-10-07,1,1,1,{'Sulfonamide_Schotten-Baumann_with_amine_(intermolecular)'},{644},{60696}
284116,CCNS(=O)(=O)c1ccc2c(c1)NCC2,BNTAXTRCXZQQNS-UHFFFAOYSA-N,1.0,22.6,25397,Enamine,HTS,EN300-86002,55.0,EUR,10,0.9,CCNS(=O)(=O)C=1C=CC=2CCNC2C1,2025-10-07,1,1,1,{'Sulfonamide_Schotten-Baumann_with_amine_(intermolecular)'},{644},{60696}
283081,Cc1nnc2n1CC(N)CC2,XNHWFJRPVBJRPR-UHFFFAOYSA-N,1.0,22.5,25401,Enamine,HTS,EN300-20880210,54.8,EUR,10,0.9,Cl.Cl.CC1=NN=C2CCC(N)CN12,2025-10-07,1,1,1,{'Amidation'},{462},{61947}
6752,c1cnc(N2CCCNCC2)nc1,LZOGPVCTSDAYIP-UHFFFAOYSA-N,1.0,25.1,25329,Enamine,HTS,EN300-68255,61.0,EUR,10,0.9,Cl.Cl.C1=CN=C(N=C1)N2CCCNCC2,2025-10-07,1,1,1,{'Amidation'},{492},{62872}
283799,O=C(O)C1CCc2nncn2C1,XGJLPEDJGWACIX-UHFFFAOYSA-N,1.0,16.7,25732,Enamine,HTS,EN300-51350,43.0,EUR,10,0.9,O=C(O)C1CCC2=NN=CN2C1,2025-10-07,1,1,1,{'Amidation'},{492},{62872}
284110,CNCc1ccc(C)cc1,YDFFIGRIWDSNOZ-UHFFFAOYSA-N,1.0,13.5,25957,Enamine,Legacy,EN300-07233,35.5,EUR,10,0.9,CNCC=1C=CC(C)=CC1,2025-10-07,1,1,1,{'Amidation'},{641},{62954}
284111,CC(C)(C(=O)O)C1CCNCC1,JVKWPAGLRNGSIO-UHFFFAOYSA-N,1.0,20.8,25475,Enamine,Legacy,EN300-233324,45.6,EUR,10,0.9,Cl.CC(C)(C(=O)O)C1CCNCC1,2025-10-07,1,1,1,{'Amidation'},{641},{62954}
283911,Nc1ncccc1C(F)(F)F,YWOWJQMFMXHLQD-UHFFFAOYSA-N,1.0,16.2,25768,Enamine,HTS,EN300-117174,42.5,EUR,10,0.9,NC=1N=CC=CC1C(F)(F)F,2025-10-07,1,1,1,{'Formation_of_urea_from_two_amines'},{545},{63643}
283912,NCCCn1cccn1,JSXVMXHCFBPCLV-UHFFFAOYSA-N,1.0,12.5,26022,Enamine,Legacy,EN300-33360,34.4,EUR,10,0.9,NCCCN1C=CC=N1,2025-10-07,1,1,1,{'Formation_of_urea_from_two_amines'},{545},{63643}
283974,Nc1ccc(N2CCCCC2)cn1,NEUQZUUDMLYGQM-UHFFFAOYSA-N,1.0,17.7,25667,Enamine,HTS,EN300-41246,44.2,EUR,10,0.9,NC=1C=CC(=CN1)N2CCCCC2,2025-10-07,1,1,1,{'Ester_amidation'},{578},{64811}
283975,COC(=O)c1ccc2c(c1)CCN2,VVAPQJBMJBCZMH-UHFFFAOYSA-N,1.0,17.7,25659,Enamine,Legacy,EN300-27629,39.8,EUR,10,0.9,COC(=O)C=1C=CC=2NCCC2C1,2025-10-07,1,1,1,{'Ester_amidation'},{578},{64811}
284023,CC(N)CO,BKMMTJMQCTUHRP-UHFFFAOYSA-N,1.0,7.5,26122,Enamine,Functional - BRC,EN300-86282,19.0,EUR,10,0.9,C[C@H](N)CO,2025-10-07,1,1,1,{'Amidation'},{599},{65008}
283915,CNCC1CCCS1(=O)=O,GHYYKQBBQATLQQ-UHFFFAOYSA-N,1.0,20.0,25520,Enamine,Functional,EN300-7542465,186.0,EUR,10,0.9,Cl.CNCC1CCCS1(=O)=O,2025-10-07,1,1,1,{'Formation_of_urea_from_two_amines'},{547},{65117}
284098,COC(=O)c1coc(CCl)n1,CMUKPCIZFMTLKD-UHFFFAOYSA-N,1.0,17.6,25675,Enamine,HTS,EN300-245236,44.0,EUR,10,0.9,COC(=O)C1=COC(CCl)=N1,2025-10-07,1,1,1,{'Amine_alkylation'},{635},{65365}
284099,CNCc1cc[nH]n1,FAFFFBUYETUJAQ-UHFFFAOYSA-N,1.0,14.8,25860,Enamine,Legacy,EN300-6748909,36.8,EUR,10,0.9,Cl.CNCC=1C=CNN1,2025-10-07,1,1,1,{'Amine_alkylation'},{635},{65365}
283738,O=C(O)c1cccnc1-n1cccn1,QJOLBVFQPQOKON-UHFFFAOYSA-N,1.0,18.9,25592,Enamine,HTS,EN300-28893,46.2,EUR,10,0.9,O=C(O)C=1C=CC=NC1N2C=CC=N2,2025-10-07,1,1,1,{'Amidation'},{468},{65382}
283739,NCCN1CCOCC1=O,DOXJSTOBGXLIKS-UHFFFAOYSA-N,1.0,18.1,25626,Enamine,HTS,EN300-247026,44.6,EUR,10,0.9,Cl.NCCN1CCOCC1=O,2025-10-07,1,1,1,{'Amidation'},{468},{65382}
283747,O=C(O)c1ccnc(-n2cccn2)c1,QHJHUTXUTFOAJX-UHFFFAOYSA-N,1.0,18.9,25593,Enamine,HTS,EN300-83140,46.2,EUR,10,0.9,O=C(O)C=1C=CN=C(C1)N2C=CC=N2,2025-10-07,1,1,1,{'Amidation'},{473},{65392}
283748,NCCC1CC=CC1,KECVNUNEGBLHFH-UHFFFAOYSA-N,1.0,14.8,25861,Enamine,Legacy,EN300-633489,36.8,EUR,10,0.9,Cl.NCCC1CC=CC1,2025-10-07,1,1,1,{'Amidation'},{473},{65392}
283968,O=C=Nc1cccnc1,SHVVSKCXWMEDRW-UHFFFAOYSA-N,1.0,12.0,26047,Enamine,HTS,EN300-144397,37.6,EUR,10,0.9,O=C=NC=1C=CC=NC1,2025-10-07,1,1,1,{'Isocyanate_to_urea'},{576},{66135}
283969,CCCc1ncc(CN)o1,OJCBLYPGPOKSJE-UHFFFAOYSA-N,1.0,14.0,25924,Enamine,Functional,EN300-247492,228.6,EUR,10,0.9,CCCC1=NC=C(CN)O1,2025-10-07,1,1,1,{'Isocyanate_to_urea'},{576},{66135}
284399,CCNC(=O)N1CCC(C(=O)O)CC1,ZOZZOPAKYBZJKZ-UHFFFAOYSA-N,1.0,20.0,25519,Enamine,HTS,EN300-86738,48.9,EUR,10,0.9,CCNC(=O)N1CCC(CC1)C(=O)O,2025-10-07,1,1,1,{'Amidation'},{797},{66538}
284400,CC(N)c1cn[nH]c1,RPDQDVLOUJVEEX-UHFFFAOYSA-N,1.0,18.4,25612,Enamine,Legacy,EN300-27113172,40.6,EUR,10,0.9,Cl.Cl.CC(N)C=1C=NNC1,2025-10-07,1,1,1,{'Amidation'},{797},{66538}
284478,Sc1ncc[nH]1,OXFSTTJBVAAALW-UHFFFAOYSA-N,1.0,10.0,26100,Enamine,Functional - BRC,EN300-87124,19.0,EUR,10,0.9,SC1=NC=CN1,2025-10-07,1,1,1,{'S-nucleophilic_aromatic_substitution'},{838},{66955}
284483,O=C(O)c1nccc(Cl)n1,UURIMXSRDJGGFO-UHFFFAOYSA-N,1.0,15.9,25793,Enamine,Functional,EN300-118140,312.0,EUR,10,0.9,O=C(O)C=1N=CC=C(Cl)N1,2025-10-07,1,1,1,{'S-nucleophilic_aromatic_substitution'},{838},{66955}
284320,O=C(O)c1ccc2c(c1)OCO2,VDVJGIYXDVPQLP-UHFFFAOYSA-N,1.0,16.6,25733,Enamine,Functional - BRC,EN300-20111,19.0,EUR,10,0.9,O=C(O)C1=CC=C2OCOC2=C1,2025-10-07,1,1,1,{'Amidation'},{753},{68683}
284321,CCC(C)C(N)C(=O)Nc1cccc(N2CCCC2)c1,MJYIPFKTHWAITB-UHFFFAOYSA-N,1.0,27.5,25308,Enamine,HTS,EN300-66847,66.8,EUR,10,0.9,CCC(C)C(N)C(=O)NC=1C=CC=C(C1)N2CCCC2,2025-10-07,1,1,1,{'Amidation'},{753},{68683}
283873,O=Cc1n[nH]c2ccccc12,VXOSGHMXAYBBBB-UHFFFAOYSA-N,1.0,14.6,25878,Enamine,Functional - Covalent0,EN300-66943,92.2,EUR,10,0.9,O=CC1=NNC=2C=CC=CC12,2025-10-07,1,1,1,{'Reductive_amination'},{522},{68883}
283874,CC(C)NCc1cccnc1,CRYXHQBSIQUCFG-UHFFFAOYSA-N,1.0,15.0,25852,Enamine,HTS,EN300-49091,41.1,EUR,10,0.9,CC(C)NCC=1C=CC=NC1,2025-10-07,1,1,1,{'Reductive_amination'},{522},{68883}
284091,CC(C(=O)O)N1CCc2ccccc21,CJXXGRUDOJACAH-UHFFFAOYSA-N,2.0,22.8,25390,Enamine,HTS,EN300-55030,55.4,EUR,10,0.9,Cl.CC(C(=O)O)N1CCC=2C=CC=CC21,2025-10-07,1,2,2,{'Amidation'},"{758, 631}","{69028, 124652}"
284329,NCCN1CCCC1,WRXNJTBODVGDRY-UHFFFAOYSA-N,1.0,18.7,25600,Enamine,Legacy,EN300-53596,41.1,EUR,10,0.9,Cl.Cl.NCCN1CCCC1,2025-10-07,1,1,1,{'Amidation'},{758},{69028}
284405,O=C(O)c1cnc(-c2ncccn2)s1,LRXDMOYYUDZFCC-UHFFFAOYSA-N,1.0,20.7,25481,Enamine,Legacy,EN300-61914,45.5,EUR,10,0.9,O=C(O)C1=CN=C(S1)C=2N=CC=CN2,2025-10-07,1,1,1,{'Amidation'},{802},{69262}
284406,NCC(=O)N1CCc2ccccc21,WLXBBTRDAKJZQM-UHFFFAOYSA-N,1.0,21.3,25450,Enamine,Legacy,EN300-64874,46.7,EUR,10,0.9,Cl.NCC(=O)N1CCC2=CC=CC=C21,2025-10-07,1,1,1,{'Amidation'},{802},{69262}
284131,NCCc1ccccn1,XPQIPUZPSLAZDV-UHFFFAOYSA-N,1.0,12.2,26038,Enamine,Functional - BRC,EN300-20439,19.0,EUR,10,0.9,NCCC=1C=CC=CN1,2025-10-07,1,1,1,{'Formation_of_urea_from_two_amines'},{650},{69436}
284285,NCc1ccccc1N1CCCC1,PLXNYYYHSZRVJH-UHFFFAOYSA-N,1.0,17.6,25671,Enamine,Legacy,EN300-51987,39.7,EUR,10,0.9,NCC=1C=CC=CC1N2CCCC2,2025-10-07,1,1,1,{'Formation_of_urea_from_two_amines'},{737},{70623}
284267,CCn1ncc2ccc(N)cc21,ODMRWSSWTARSNS-UHFFFAOYSA-N,1.0,16.1,25785,Enamine,HTS,EN300-57240,42.4,EUR,10,0.9,CCN1N=CC2=CC=C(N)C=C21,2025-10-07,1,1,1,{'Formation_of_urea_from_two_amines'},{729},{71025}
284185,O=C(O)c1ccnc(OCC(F)(F)F)c1,HHIMRBSDYARGRE-UHFFFAOYSA-N,1.0,22.1,25417,Enamine,Legacy,EN300-84962,48.5,EUR,10,0.9,O=C(O)C=1C=CN=C(C1)OCC(F)(F)F,2025-10-07,1,1,1,{'Amidation'},{676},{72495}
284379,O=S(=O)(Cl)N1CCCC1,JRIQCVWTPGVBBH-UHFFFAOYSA-N,1.0,17.0,25719,Enamine,HTS,EN300-28610,43.3,EUR,10,0.9,O=S(=O)(Cl)N1CCCC1,2025-10-07,1,1,1,{'Sulfonamide_Schotten-Baumann_with_amine_(intermolecular)'},{788},{72721}
283889,O=Cc1cncnc1,FREJAOSUHFGDBW-UHFFFAOYSA-N,1.0,10.8,26091,Enamine,Functional - Covalent0,EN300-65143,85.4,EUR,10,0.9,O=CC=1C=NC=NC1,2025-10-07,1,1,1,{'Reductive_amination'},{528},{72837}
283890,Nc1ccnc(OCC(F)(F)C(F)F)c1,YWCQTFCDORPGBO-UHFFFAOYSA-N,1.0,22.4,25410,Enamine,Advanced,EN300-126221,82.3,EUR,10,0.9,NC=1C=CN=C(C1)OCC(F)(F)C(F)F,2025-10-07,1,1,1,{'Reductive_amination'},{528},{72837}
284255,O=C(O)c1cncc(N2CCCC2)n1,FWCGWRFACFLWNM-UHFFFAOYSA-N,1.0,19.3,25566,Enamine,Legacy,EN300-332965,42.5,EUR,10,0.9,O=C(O)C=1C=NC=C(N1)N2CCCC2,2025-10-07,1,1,1,{'Amidation'},{724},{73035}
284256,NCc1nnc2n1CCCC2,DKRJNDYSGMPAAB-UHFFFAOYSA-N,1.0,22.5,25400,Enamine,HTS,EN300-22261983,54.8,EUR,10,0.9,Cl.Cl.NCC1=NN=C2CCCCN12,2025-10-07,1,1,1,{'Amidation'},{724},{73035}
3451,c1cc(C2CCNC2)on1,ZQCMJHCSXCMVNR-UHFFFAOYSA-N,2.0,17.5,25682,Enamine,Functional,EN300-6493793,183.7,EUR,10,0.9,Cl.C=1C=C(ON1)C2CCNC2,2025-10-07,1,2,2,{'Amidation'},"{597, 581}","{74188, 104894}"
284019,O=C(O)c1ccc2cn[nH]c2c1,DNCVTVVLMRHJCJ-UHFFFAOYSA-N,1.0,16.2,25770,Enamine,HTS,EN300-27462,42.5,EUR,10,0.9,O=C(O)C=1C=CC2=CNN=C2C1,2025-10-07,1,1,1,{'Amidation'},{597},{74188}
284298,O=C(O)c1cc(Br)c2[nH]ncc2c1,WUVBFTBTMKBQKM-UHFFFAOYSA-N,1.0,24.0,25354,Enamine,HTS,EN300-7499368,58.3,EUR,10,0.9,O=C(O)C=1C=C(Br)C=2NN=CC2C1,2025-10-07,1,1,1,{'Amidation'},{743},{75046}
284299,CNCCc1ncccn1,NZBFSHUVXZDYNK-UHFFFAOYSA-N,1.0,21.0,25461,Enamine,Legacy,EN300-1425515,46.1,EUR,10,0.9,Cl.Cl.CNCCC=1N=CC=CN1,2025-10-07,1,1,1,{'Amidation'},{743},{75046}
283054,CC(N)c1ncccc1Cl,LQNYOSWQUKAKNL-UHFFFAOYSA-N,1.0,15.7,25804,Enamine,HTS,EN300-2993956,41.8,EUR,10,0.9,CC(N)C=1N=CC=CC1Cl,2025-10-07,1,1,1,{'Amidation'},{448},{75387}
283791,CCS(=O)(=O)N1CC(CN)C1,SKQIBJXOEPFHER-UHFFFAOYSA-N,1.0,21.5,25435,Enamine,HTS,EN300-160385,52.3,EUR,10,0.9,Cl.CCS(=O)(=O)N1CC(CN)C1,2025-10-07,1,1,1,{'Amidation'},{487},{76291}
284447,NCCN1CCCC1=O,HHEKNWQXFVOUNJ-UHFFFAOYSA-N,1.0,12.8,26006,Enamine,HTS,EN300-98214,38.6,EUR,10,0.9,NCCN1CCCC1=O,2025-10-07,1,1,1,{'Amidation'},{821},{76428}
284448,CC1(C(=O)O)CCCS1(=O)=O,PAFFRZYIBZKWRJ-UHFFFAOYSA-N,1.0,17.8,25651,Enamine,HTS,EN300-373476,44.3,EUR,10,0.9,CC1(CCCS1(=O)=O)C(=O)O,2025-10-07,1,1,1,{'Amidation'},{821},{76428}
284137,O=C(O)c1ccccc1N1CCCC1=O,WMLRBQWYIZGVMF-UHFFFAOYSA-N,1.0,20.5,25489,Enamine,Legacy,EN300-14320,45.0,EUR,10,0.9,O=C(O)C=1C=CC=CC1N2CCCC2=O,2025-10-07,1,1,1,{'Amidation'},{655},{76437}
283782,O=S(=O)(Cl)c1cnc2cccnn12,KAXGTARSGVEOPB-UHFFFAOYSA-N,1.0,21.8,25427,Enamine,Functional,EN300-1706113,199.8,EUR,10,0.9,O=S(=O)(Cl)C1=CN=C2C=CC=NN12,2025-10-07,1,1,1,{'Sulfonamide_Schotten-Baumann_with_amine_(intermolecular)'},{485},{76574}
283783,COc1cnccc1CN,HORLVFVZWZFFFI-UHFFFAOYSA-N,1.0,21.1,25458,Enamine,Legacy,EN300-195787,46.3,EUR,10,0.9,Cl.Cl.COC=1C=NC=CC1CN,2025-10-07,1,1,1,{'Sulfonamide_Schotten-Baumann_with_amine_(intermolecular)'},{485},{76574}
283828,O=C=NCc1ccc2c(c1)OCO2,RIUNOJGBBOBVDE-UHFFFAOYSA-N,1.0,17.7,25668,Enamine,HTS,EN300-144777,44.2,EUR,10,0.9,O=C=NCC=1C=CC=2OCOC2C1,2025-10-07,1,1,1,{'Isocyanate_to_urea'},{502},{78261}
283829,NCc1ccc(N2CCCC2=O)cc1,FCNVJAXZFYYOMX-UHFFFAOYSA-N,1.0,22.7,25392,Enamine,HTS,EN300-31343,55.1,EUR,10,0.9,Cl.NCC=1C=CC(=CC1)N2CCCC2=O,2025-10-07,1,1,1,{'Isocyanate_to_urea'},{502},{78261}
283833,CC(C)COC1CNC1,HSLSAGACOQSNDF-UHFFFAOYSA-N,1.0,16.6,25736,Enamine,Legacy,EN300-98105,38.6,EUR,10,0.9,Cl.CC(C)COC1CNC1,2025-10-07,1,1,1,{'Amidation'},{504},{78532}
283792,O=C(O)c1c[nH]c2ccccc12,KMAKOBLIOCQGJP-UHFFFAOYSA-N,1.0,16.1,25780,Enamine,Functional - BRC,EN300-13123,19.0,EUR,10,0.9,O=C(O)C1=CNC2=CC=CC=C12,2025-10-07,1,1,1,{'Amidation'},{488},{79400}
283793,CC(N)C1(C)CC1,DOAMTLHAIDSDBV-UHFFFAOYSA-N,1.0,13.6,25954,Enamine,Functional,EN300-31564,181.3,EUR,10,0.9,Cl.CC(N)C1(C)CC1,2025-10-07,1,1,1,{'Amidation'},{488},{79400}
285358,O=C(O)C(O)c1c[nH]cn1,YNSMBKRAYNVKBN-UHFFFAOYSA-N,1.0,17.9,25638,Enamine,Legacy,EN300-254121,39.9,EUR,10,0.9,Cl.O=C(O)C(O)C1=CNC=N1,2025-10-07,1,1,1,{'Amidation'},{1270},{79657}
285359,CCc1cccc2sc(N)nc12,FRKFDZPYMJEDMA-UHFFFAOYSA-N,1.0,17.8,25647,Enamine,Legacy,EN300-237758,39.9,EUR,10,0.9,CCC=1C=CC=C2SC(N)=NC12,2025-10-07,1,1,1,{'Amidation'},{1270},{79657}
285285,Nc1ccncn1,OYRRZWATULMEPF-UHFFFAOYSA-N,1.0,9.5,26108,Enamine,Functional - BRC,EN300-21912,19.0,EUR,10,0.9,NC=1C=CN=CN1,2025-10-07,1,1,1,{'Amidation'},{1230},{82527}
285286,CC(C)(C)c1nnc2n1CC(C(=O)O)CC2,DVHRRLJRCCTAIO-UHFFFAOYSA-N,1.0,22.3,25412,Enamine,HTS,EN300-7539156,54.4,EUR,10,0.9,CC(C)(C)C1=NN=C2CCC(CN12)C(=O)O,2025-10-07,1,1,1,{'Amidation'},{1230},{82527}
284692,N#CCS(=O)(=O)Cl,QSOXEHOYDPAXTG-UHFFFAOYSA-N,1.0,14.0,25920,Enamine,HTS,EN300-50576,39.9,EUR,10,0.9,N#CCS(=O)(=O)Cl,2025-10-07,1,1,1,{'Sulfonamide_Schotten-Baumann_with_amine_(intermolecular)'},{933},{82633}
285663,O=C1CCC2(CC2)c2ccccc21,PWXZLGVZNJPXIV-UHFFFAOYSA-N,1.0,17.2,25700,Enamine,Advanced,EN300-1440015,71.0,EUR,10,0.9,O=C1CCC2(CC2)C=3C=CC=CC13,2025-10-07,1,1,1,{'Reductive_amination'},{1416},{82666}
285664,NCc1ccc(-c2cnco2)cc1,KDGPGIRXRWYDQE-UHFFFAOYSA-N,1.0,24.7,25341,Enamine,HTS,EN300-261816,60.0,EUR,10,0.9,Cl.Cl.NCC=1C=CC(=CC1)C2=CN=CO2,2025-10-07,1,1,1,{'Reductive_amination'},{1416},{82666}
285365,O=S1(=O)Cc2c(Br)cccc2N1,WOJQVZAREJXLQZ-UHFFFAOYSA-N,1.0,24.8,25338,Enamine,Functional,EN300-333773,219.6,EUR,10,0.9,O=S1(=O)CC=2C(Br)=CC=CC2N1,2025-10-07,1,1,1,{'Sp2-sp2_Suzuki_coupling'},{1272},{82790}
285366,CC1(C)OB(c2cnc(-c3ccccc3)o2)OC1(C)C,GCXGGBPVNCGMHW-UHFFFAOYSA-N,1.0,27.1,25312,Enamine,Functional - Covalent2,EN300-7431942,191.7,EUR,10,0.9,CC1(C)OB(OC1(C)C)C2=CN=C(O2)C=3C=CC=CC3,2025-10-07,1,1,1,{'Sp2-sp2_Suzuki_coupling'},{1272},{82790}
285304,CCC(CC)C(CCN)OC,YTPZXTSSQYKMLB-UHFFFAOYSA-N,1.0,19.6,25550,Enamine,Advanced,EN300-114520,76.1,EUR,10,0.9,Cl.CCC(CC)C(CCN)OC,2025-10-07,1,1,1,{'Amidation'},{1242},{83456}
284886,NNC(=O)c1cn[nH]c1,NRSROFSJAIJRAN-UHFFFAOYSA-N,2.0,12.6,26019,Enamine,HTS,EN300-313252,38.4,EUR,10,0.9,NNC(=O)C=1C=NNC1,2025-10-07,1,2,2,{'Formation_of_urea_from_two_amines'},"{1034, 1054}","{84544, 84541}"
284926,CC(C)(C)N1CCC(N)CC1,SNZAIGXZGPEBGY-UHFFFAOYSA-N,1.0,15.6,25814,Enamine,Legacy,EN300-50023,37.6,EUR,10,0.9,CC(C)(C)N1CCC(N)CC1,2025-10-07,1,1,1,{'Formation_of_urea_from_two_amines'},{1054},{84541}
284887,CC(C)(C)N1CCC(N)C1,UTEZMBDWXGWOQJ-UHFFFAOYSA-N,1.0,14.2,25913,Enamine,HTS,EN300-295371,40.2,EUR,10,0.9,CC(C)(C)N1CCC(N)C1,2025-10-07,1,1,1,{'Formation_of_urea_from_two_amines'},{1034},{84544}
8567,O=C1NCCN1C1CCCNC1,UTIBMAPIRONOEL-UHFFFAOYSA-N,1.0,16.9,25723,Enamine,Legacy,EN300-50108,39.0,EUR,10,0.9,O=C1NCCN1C2CCCNC2,2025-10-07,1,1,1,{'Amidation'},{1262},{84716}
285350,O=C(O)Cc1cnc2ccccc2c1,GQOJGBVTUSRBPQ-UHFFFAOYSA-N,1.0,22.4,25409,Enamine,HTS,EN300-1706212,54.5,EUR,10,0.9,Cl.O=C(O)CC=1C=NC2=CC=CC=C2C1,2025-10-07,1,1,1,{'Amidation'},{1262},{84716}
283785,Brc1cnc2cccnn12,KJQVHOFAWISYDO-UHFFFAOYSA-N,1.0,19.8,25536,Enamine,HTS,EN300-113867,48.4,EUR,10,0.9,BrC1=CN=C2C=CC=NN12,2025-10-07,1,1,1,{'Formation_of_sulfonamide_from_halide_-_Shavnya_reaction'},{1420},{86181}
285672,CC(C)(CN)C(F)(F)F,NUJZHUHMBSJHCY-UHFFFAOYSA-N,1.0,17.8,25650,Enamine,HTS,EN300-202546,44.3,EUR,10,0.9,Cl.CC(C)(CN)C(F)(F)F,2025-10-07,1,1,1,{'Formation_of_sulfonamide_from_halide_-_Shavnya_reaction'},{1420},{86181}
284797,CNCC1CCC(=O)N1,NKDYHCPYSXTJNL-UHFFFAOYSA-N,1.0,16.5,25750,Enamine,Legacy,EN300-794464,38.5,EUR,10,0.9,Cl.CNC[C@@H]1CCC(=O)N1,2025-10-07,1,1,1,{'Amidation'},{978},{87026}
284839,NCc1ncccn1,ROSKZJGILXBSFM-UHFFFAOYSA-N,1.0,18.2,25619,Enamine,Legacy,EN300-113029,40.3,EUR,10,0.9,Cl.Cl.NCC=1N=CC=CN1,2025-10-07,1,1,1,{'Reductive_amination'},{1001},{88601}
284840,CC(=O)c1cnc2ccsc2c1,XDOMVPLWPJTUMI-UHFFFAOYSA-N,1.0,17.7,25657,Enamine,Legacy,EN300-82659,39.8,EUR,10,0.9,CC(=O)C1=CN=C2C=CSC2=C1,2025-10-07,1,1,1,{'Reductive_amination'},{1001},{88601}
286099,O=C(O)c1cccn2cnnc12,QPQQKUFWIVLPGV-UHFFFAOYSA-N,1.0,20.0,25511,Enamine,Legacy,EN300-1726153,43.8,EUR,10,0.9,Cl.O=C(O)C1=CC=CN2C=NN=C12,2025-10-07,1,1,1,{'Amidation'},{1649},{89709}
286100,Nc1n[nH]c2cc(F)ccc12,JKOGFRGFWFEFNT-UHFFFAOYSA-N,1.0,15.1,25847,Enamine,HTS,EN300-100294,41.2,EUR,10,0.9,NC1=NNC=2C=C(F)C=CC12,2025-10-07,1,1,1,{'Amidation'},{1649},{89709}
285689,CCc1cc(CO)no1,FTWTWOICXAENQE-UHFFFAOYSA-N,1.0,12.7,26012,Enamine,HTS,EN300-206939,38.5,EUR,10,0.9,CCC1=CC(CO)=NO1,2025-10-07,1,1,1,{'Steglich_esterification'},{1425},{91439}
284659,CCNC(=O)C(C)N,SKPCTMWFLGENTL-UHFFFAOYSA-N,1.0,15.3,25831,Enamine,HTS,EN300-29959,41.4,EUR,10,0.9,Cl.CCNC(=O)C(C)N,2025-10-07,1,1,1,{'Amidation'},{915},{92303}
284660,CCN(CC)C(=O)c1ccc(C(=O)O)cc1,DGZGEKOOJZWDQO-UHFFFAOYSA-N,1.0,22.1,25418,Enamine,Legacy,EN300-69510,48.5,EUR,10,0.9,CCN(CC)C(=O)C=1C=CC(=CC1)C(=O)O,2025-10-07,1,1,1,{'Amidation'},{915},{92303}
284854,O=C(O)c1cccc2cc[nH]c12,IPDOBVFESNNYEE-UHFFFAOYSA-N,1.0,16.1,25781,Enamine,Functional - BRC,EN300-86038,19.0,EUR,10,0.9,O=C(O)C=1C=CC=C2C=CNC12,2025-10-07,1,1,1,{'Amidation'},{1014},{93118}
284855,CC(NC1CC1)C1CC1,LZSVPZOUKYTYLN-UHFFFAOYSA-N,1.0,12.5,26023,Enamine,Legacy,EN300-57597,34.5,EUR,10,0.9,CC(NC1CC1)C2CC2,2025-10-07,1,1,1,{'Amidation'},{1014},{93118}
284179,CN(C)C(CN)c1cccnc1,PEQPPVGTDBKQPE-UHFFFAOYSA-N,1.0,27.5,25307,Enamine,HTS,EN300-22085583,66.6,EUR,10,0.9,Cl.Cl.Cl.CN(C)C(CN)C=1C=CC=NC1,2025-10-07,1,1,1,{'Mitsunobu_reaction_with_amine_alcohol_and_thioalcohol'},{672},{95588}
284180,C=CCN1CC(O)CCC1=O,QWRYYGDQXQIYHL-UHFFFAOYSA-N,1.0,15.5,25825,Enamine,Advanced,EN300-1725914,67.4,EUR,10,0.9,C=CCN1CC(O)CCC1=O,2025-10-07,1,1,1,{'Mitsunobu_reaction_with_amine_alcohol_and_thioalcohol'},{672},{95588}
283879,CCN1CCCC(N)C1=O,PFAHDCGGYGPULO-UHFFFAOYSA-N,1.0,17.9,25640,Enamine,HTS,EN300-399536,44.4,EUR,10,0.9,Cl.CCN1CCCC(N)C1=O,2025-10-07,1,1,1,{'Amidation'},{525},{96564}
284365,O=C(O)c1cn(-c2ccccc2)cn1,DBYLAWFMMVZTRR-UHFFFAOYSA-N,1.0,22.5,25399,Enamine,HTS,EN300-264591,54.7,EUR,10,0.9,Cl.O=C(O)C1=CN(C=N1)C=2C=CC=CC2,2025-10-07,1,1,1,{'Amidation'},{779},{97204}
284366,NCc1ccno1,OYNWFDBANWIYDA-UHFFFAOYSA-N,1.0,13.5,25955,Enamine,Legacy,EN300-124590,35.4,EUR,10,0.9,Cl.NCC1=CC=NO1,2025-10-07,1,1,1,{'Amidation'},{779},{97204}
283950,CN(C)C(=O)Cn1cc(N)cn1,AURGRUDLXONNHV-UHFFFAOYSA-N,1.0,16.8,25728,Enamine,HTS,EN300-66657,43.1,EUR,10,0.9,CN(C)C(=O)CN1C=C(N)C=N1,2025-10-07,1,1,1,{'Amidation'},{565},{97354}
283951,C=C(Cn1ccnc1)C(=O)O,LVGCMSHXFMYULB-UHFFFAOYSA-N,1.0,15.2,25838,Enamine,Functional,EN300-307464,167.3,EUR,10,0.9,C=C(CN1C=CN=C1)C(=O)O,2025-10-07,1,1,1,{'Amidation'},{565},{97354}
283815,OB(O)c1c[nH]cn1,GUSNYROLFJGBCT-UHFFFAOYSA-N,1.0,14.8,25870,Enamine,Functional,EN300-7549468,230.2,EUR,10,0.9,Cl.OB(O)C1=CNC=N1,2025-10-07,1,1,1,{'Petasis-borono_Mannich_reaction'},{497},{97404}
283816,NCCn1ncc2ccccc21,XSFRZUDEUZCCRO-UHFFFAOYSA-N,1.0,19.8,25537,Enamine,Advanced,EN300-8391558,76.6,EUR,10,0.9,Cl.NCCN1N=CC=2C=CC=CC21,2025-10-07,1,1,1,{'Petasis-borono_Mannich_reaction'},{497},{97404}
284243,c1ccc2c(c1)CCCN2,LBUJPTNKIBCYBY-UHFFFAOYSA-N,1.0,13.3,25973,Enamine,Functional - BRC,EN300-19046,19.0,EUR,10,0.9,C=1C=CC=2NCCCC2C1,2025-10-07,1,1,1,{'Amidation'},{716},{99297}
284336,O=C(O)CSc1nnc2ccccn12,IFUNFRQWCVRGGC-UHFFFAOYSA-N,1.0,20.9,25468,Enamine,Legacy,EN300-131091,45.9,EUR,10,0.9,O=C(O)CSC1=NN=C2C=CC=CN12,2025-10-07,1,1,1,{'Amidation'},{763},{99744}
284337,CC1CCNC(=O)C1N,ZAQYUOIFZOBOKR-UHFFFAOYSA-N,1.0,12.8,26005,Enamine,Legacy,EN300-91401,34.8,EUR,10,0.9,CC1CCNC(=O)C1N,2025-10-07,1,1,1,{'Amidation'},{763},{99744}
12667,O=Cc1ccc2cn[nH]c2c1,JTWYTTXTJFDYAG-UHFFFAOYSA-N,1.0,14.6,25876,Enamine,Functional - Covalent0,EN300-66949,92.2,EUR,10,0.9,O=CC=1C=CC=2C=NNC2C1,2025-10-07,1,1,1,{'Reductive_amination'},{705},{102808}
284059,NCc1ccc(-c2ccn[nH]2)cc1,PVJHXROUKGNRNK-UHFFFAOYSA-N,2.0,21.0,25463,Enamine,HTS,EN300-1272738,51.1,EUR,10,0.9,Cl.NCC=1C=CC(=CC1)C2=CC=NN2,2025-10-07,2,2,2,"{'Formation_of_urea_from_two_amines', 'Reductive_amination'}","{705, 618}","{102808, 124674}"
284002,CC(O)c1ccncc1,HVOAMIOKNARIMR-UHFFFAOYSA-N,1.0,12.3,26034,Enamine,HTS,EN300-53670,38.0,EUR,10,0.9,C[C@H](O)C=1C=CN=CC1,2025-10-07,1,1,1,{'Steglich_esterification'},{588},{104497}
284003,CC(C)Cc1nnc2c(C(=O)O)cccn12,PZHCFDOFCRKALA-UHFFFAOYSA-N,1.0,21.9,25425,Enamine,HTS,EN300-1693113,53.4,EUR,10,0.9,CC(C)CC1=NN=C2C(=CC=CN12)C(=O)O,2025-10-07,1,1,1,{'Steglich_esterification'},{588},{104497}
283988,O=C(O)COC1CCC1,KEOSJDSSBULZBQ-UHFFFAOYSA-N,1.0,13.0,25986,Enamine,HTS,EN300-148796,38.9,EUR,10,0.9,O=C(O)COC1CCC1,2025-10-07,1,1,1,{'Amidation'},{581},{104894}
284376,O=C1CCC(C(=O)O)CN1,LWZUSLUUMWDITR-UHFFFAOYSA-N,1.0,14.3,25898,Enamine,HTS,EN300-42819,40.3,EUR,10,0.9,O=C(O)C1CCC(=O)NC1,2025-10-07,1,1,1,{'Amidation'},{786},{105126}
284018,NCCN1CCc2ccccc21,HNLHKBSAQALACU-UHFFFAOYSA-N,1.0,23.5,25369,Enamine,HTS,EN300-45332,57.1,EUR,10,0.9,Cl.Cl.NCCN1CCC2=CC=CC=C21,2025-10-07,1,1,1,{'Formation_of_urea_from_two_amines'},{601},{106545}
284025,CNCc1nccn1C,YFSZWZHEKIMAJJ-UHFFFAOYSA-N,1.0,12.5,26024,Enamine,HTS,EN300-34422,38.2,EUR,10,0.9,CNCC1=NC=CN1C,2025-10-07,1,1,1,{'Formation_of_urea_from_two_amines'},{601},{106545}
284419,O=C(O)c1cnc(C2CCNCC2)nc1,XUDLBYNQDIOZSG-UHFFFAOYSA-N,1.0,28.0,25303,Enamine,Functional,EN300-7424886,246.4,EUR,10,0.9,Cl.Cl.O=C(O)C=1C=NC(=NC1)C2CCNCC2,2025-10-07,1,1,1,{'Amidation'},{806},{107313}
284420,NC(CO)c1nc[nH]n1,DLDMLDYBQNQUIB-UHFFFAOYSA-N,1.0,20.1,25507,Enamine,Advanced,EN300-1719401,77.2,EUR,10,0.9,Cl.Cl.N[C@H](CO)C=1N=CNN1,2025-10-07,1,1,1,{'Amidation'},{806},{107313}
283037,NCC1CCCN1CCCO,RAYGQIXIIBTRCF-UHFFFAOYSA-N,1.0,15.8,25801,Enamine,Functional,EN300-226921,170.5,EUR,10,0.9,NCC1CCCN1CCCO,2025-10-07,1,1,1,{'Amidation'},{442},{114736}
283038,CC(C(=O)O)N1CCCCC1=O,YHEDRPWAMWYZIK-UHFFFAOYSA-N,1.0,17.1,25706,Enamine,HTS,EN300-52437,43.5,EUR,10,0.9,CC(C(=O)O)N1CCCCC1=O,2025-10-07,1,1,1,{'Amidation'},{442},{114736}
284332,CC(N)CCN1CCCC1,IZHXOIVNOIKRLP-UHFFFAOYSA-N,1.0,14.2,25908,Enamine,Legacy,EN300-71662,36.2,EUR,10,0.9,CC(N)CCN1CCCC1,2025-10-07,1,1,1,{'N-nucleophilic_aromatic_substitution'},{761},{119126}
284333,CC(C)Cc1nsc(Cl)n1,GENRBCSBEZNUJF-UHFFFAOYSA-N,1.0,17.7,25663,Enamine,HTS,EN300-135829,44.1,EUR,10,0.9,CC(C)CC1=NSC(Cl)=N1,2025-10-07,1,1,1,{'N-nucleophilic_aromatic_substitution'},{761},{119126}
283966,O=C(CO)N1CCC1,CUBIWYRZDPJKMX-UHFFFAOYSA-N,1.0,11.5,26060,Enamine,Advanced,EN300-1703996,58.8,EUR,10,0.9,O=C(CO)N1CCC1,2025-10-07,1,1,1,{'Mitsunobu_reaction_with_amine_alcohol_and_thioalcohol'},{575},{119723}
283967,Nc1cccc2c1CCN2C(=O)C(F)(F)F,SHXHOHZNGNFXPF-UHFFFAOYSA-N,1.0,23.0,25385,Enamine,Legacy,EN300-396134,50.4,EUR,10,0.9,NC=1C=CC=C2C1CCN2C(=O)C(F)(F)F,2025-10-07,1,1,1,{'Mitsunobu_reaction_with_amine_alcohol_and_thioalcohol'},{575},{119723}
284028,O=C(O)C1CCNc2ccccc21,LHJKXHUFXRHBBQ-UHFFFAOYSA-N,1.0,21.4,25442,Enamine,HTS,EN300-304305,52.1,EUR,10,0.9,Cl.O=C(O)C1CCNC2=CC=CC=C21,2025-10-07,1,1,1,{'Amidation'},{603},{124015}
284029,CC(C)(N)C1CCNCC1,IVHODKWVWHHUNB-UHFFFAOYSA-N,1.0,21.5,25436,Enamine,HTS,EN300-256447,52.4,EUR,10,0.9,Cl.Cl.CC(C)(N)C1CCNCC1,2025-10-07,1,1,1,{'Amidation'},{603},{124015}
283876,CCSc1cc(C(=O)O)ccn1,KWHSFDDEONYSOT-UHFFFAOYSA-N,1.0,18.3,25618,Enamine,Legacy,EN300-53361,40.4,EUR,10,0.9,CCSC=1C=C(C=CN1)C(=O)O,2025-10-07,1,1,1,{'Amidation'},{523},{124499}
284090,CCN(CC)C(=O)c1cccc(N)c1,PECCRTHITMTOJM-UHFFFAOYSA-N,1.0,19.2,25573,Enamine,Legacy,EN300-09996,42.3,EUR,10,0.9,CCN(CC)C(=O)C=1C=CC=C(N)C1,2025-10-07,1,1,1,{'Amidation'},{631},{124652}
284060,NCCN1CCNC1=O,PODSUMUEKRUDEI-UHFFFAOYSA-N,1.0,12.9,25994,Enamine,HTS,EN300-253681,38.7,EUR,10,0.9,NCCN1CCNC1=O,2025-10-07,1,1,1,{'Formation_of_urea_from_two_amines'},{618},{124674}
284061,c1ccc(C2CCN2)cc1,CLNGGMJEJSANIE-UHFFFAOYSA-N,1.0,13.3,25975,Enamine,HTS,EN300-39966,39.1,EUR,10,0.9,C=1C=CC(=CC1)C2CCN2,2025-10-07,1,1,1,{'Amidation'},{619},{124752}
283012,O=S(=O)(Cl)CCc1cnoc1,BHFVZKUFSOJLCL-UHFFFAOYSA-N,1.0,19.6,25552,Enamine,Functional,EN300-1585255,194.4,EUR,10,0.9,O=S(=O)(Cl)CCC=1C=NOC1,2025-10-07,1,1,1,{'Sulfonamide_Schotten-Baumann_with_amine_(intermolecular)'},{428},{125028}
283013,CC(CN)Cn1cc(C(F)(F)F)cn1,IUSZBSGUGNBXLM-UHFFFAOYSA-N,1.0,20.7,25485,Enamine,Functional,EN300-4271673,462.3,EUR,10,0.9,CC(CN)CN1C=C(C=N1)C(F)(F)F,2025-10-07,1,1,1,{'Sulfonamide_Schotten-Baumann_with_amine_(intermolecular)'},{428},{125028}
12081,c1ccc2c(c1)CNCC2n1cccn1,PBSOISQSZIYBJI-UHFFFAOYSA-N,1.0,23.6,25366,Enamine,Functional,EN300-80596,295.2,EUR,10,0.9,Cl.C1=CN(N=C1)C2CNCC3=CC=CC=C32,2025-10-07,1,1,1,{'Amine_alkylation'},{513},{128372}
283845,O=C1NCCN1CCCl,YGSFFDHIYYOVHV-UHFFFAOYSA-N,1.0,14.9,25857,Enamine,HTS,EN300-214800,41.0,EUR,10,0.9,O=C1NCCN1CCCl,2025-10-07,1,1,1,{'Amine_alkylation'},{513},{128372}
284388,O=C(O)CCC1CCCO1,WUPHOULIZUERAE-UHFFFAOYSA-N,1.0,14.4,25890,Enamine,Functional - BRC,EN300-35945,45.2,EUR,10,0.9,O=C(O)CCC1CCCO1,2025-10-07,1,1,1,{'Amidation'},{792},{129593}
284389,NCC1(O)CCCc2ccccc21,JPSHSGBMKXSDOR-UHFFFAOYSA-N,1.0,17.7,25660,Enamine,Legacy,EN300-73172,39.8,EUR,10,0.9,NCC1(O)CCCC=2C=CC=CC21,2025-10-07,1,1,1,{'Amidation'},{792},{129593}
284487,Ic1cnn(C2CCCCO2)c1,XOMUJCQTYLHICW-UHFFFAOYSA-N,1.0,27.8,25305,Enamine,HTS,EN300-299512,67.4,EUR,10,0.9,IC=1C=NN(C1)C2CCCCO2,2025-10-07,1,1,1,{'Sp2-sp2_Suzuki_coupling'},{839},{131861}
283830,NCc1ccc2c(c1)OCO2,ZILSBZLQGRBMOR-UHFFFAOYSA-N,1.0,15.1,25840,Enamine,Functional - BRC,EN300-19047,19.0,EUR,10,0.9,NCC=1C=CC=2OCOC2C1,2025-10-07,1,1,1,{'Amidation'},{879},{137292}
284574,O=C(O)c1ccc(N2CCOC2=O)cc1,WGADDASEFFKJAJ-UHFFFAOYSA-N,1.0,20.7,25483,Enamine,HTS,EN300-39599,50.5,EUR,10,0.9,O=C(O)C=1C=CC(=CC1)N2CCOC2=O,2025-10-07,1,1,1,{'Amidation'},{879},{137292}
284676,c1ccc2sc(C3COCCN3)nc2c1,HTRYLKRMWMMOGW-UHFFFAOYSA-N,1.0,25.7,25323,Enamine,Advanced,EN300-201424,89.3,EUR,10,0.9,Cl.C=1C=CC=2SC(=NC2C1)C3COCCN3,2025-10-07,1,1,1,{'Amidation'},{924},{137590}
284677,O=C(O)Cc1nsc2ccccc12,HWLOCGLMEHUBAQ-UHFFFAOYSA-N,1.0,19.3,25570,Enamine,HTS,EN300-257782,47.2,EUR,10,0.9,O=C(O)CC1=NSC=2C=CC=CC12,2025-10-07,1,1,1,{'Amidation'},{924},{137590}
284604,O=C(O)Cc1noc2ccccc12,BVSIAYQIMUUCRW-UHFFFAOYSA-N,1.0,17.7,25665,Enamine,HTS,EN300-14336,44.2,EUR,10,0.9,O=C(O)CC1=NOC=2C=CC=CC12,2025-10-07,1,1,1,{'Amidation'},{893},{137594}
284605,CCOc1ccc2nc(N)sc2c1,KOYJWFGMEBETBU-UHFFFAOYSA-N,1.0,19.4,25556,Enamine,Functional - BRC,EN300-16913,19.0,EUR,10,0.9,CCOC=1C=CC=2N=C(N)SC2C1,2025-10-07,1,1,1,{'Amidation'},{893},{137594}
282909,COC(=O)c1cc(C)ncc1Br,IQDMSGUFTYWZLX-UHFFFAOYSA-N,1.0,23.0,25388,Enamine,Functional,EN300-383815,207.3,EUR,10,0.9,COC(=O)C=1C=C(C)N=CC1Br,2025-10-07,1,1,1,{'N-nucleophilic_aromatic_substitution'},{11},{141599}
282910,CNN,HDZGCSFEDULWCS-UHFFFAOYSA-N,1.0,12.2,26041,Enamine,Functional,EN300-27777279,374.8,EUR,10,0.9,Cl.Cl.[2H]C([2H])([2H])NN,2025-10-07,1,1,1,{'N-nucleophilic_aromatic_substitution'},{11},{141599}
202220,NC(=O)C1CCCNC1,BVOCPVIXARZNQN-UHFFFAOYSA-N,1.0,12.8,26002,Enamine,Functional - BRC,EN300-18610,19.0,EUR,10,0.9,NC(=O)C1CCCNC1,2025-10-07,1,1,1,{'Amidation'},{190},{176894}
282973,COc1ccc(Br)cc1C(=O)C(=O)O,KXORPQBUTLEDJR-UHFFFAOYSA-N,1.0,25.9,25320,Enamine,Legacy,EN300-71305,56.6,EUR,10,0.9,COC=1C=CC(Br)=CC1C(=O)C(=O)O,2025-10-07,1,1,1,{'Amidation'},{190},{176894}
283196,Cc1cccc(Br)c1,WJIFKOVZNJTSGO-UHFFFAOYSA-N,1.0,17.1,25705,Enamine,HTS,EN300-21316,43.5,EUR,10,0.9,CC=1C=CC=C(Br)C1,2025-10-07,1,1,1,{'Sp3-sp2_Suzuki_coupling'},{47},{193943}
283197,CC(C)B1OC(C)(C)C(C)(C)O1,MECCSFDHAVAAAW-UHFFFAOYSA-N,1.0,17.0,25722,Enamine,Functional - Covalent0,EN300-1706257,96.4,EUR,10,0.9,CC(C)B1OC(C)(C)C(C)(C)O1,2025-10-07,1,1,1,{'Sp3-sp2_Suzuki_coupling'},{47},{193943}
282982,NC(=O)NC1CCNC1,XGBULVIMVCHZSV-UHFFFAOYSA-N,1.0,16.6,25735,Enamine,Legacy,EN300-118869,38.6,EUR,10,0.9,Cl.NC(=O)NC1CCNC1,2025-10-07,1,1,1,{'Amidation'},{204},{195109}
282942,NCc1cocn1,ULZXEYFKBUPRQM-UHFFFAOYSA-N,1.0,13.5,25958,Enamine,HTS,EN300-252000,39.3,EUR,10,0.9,Cl.NCC1=COC=N1,2025-10-07,1,1,1,{'Amidation'},{98},{204781}
282944,NCC1Cc2ccccc2CN1,QQDYNQIMTRERLH-UHFFFAOYSA-N,1.0,23.5,25372,Enamine,Advanced,EN300-7455637,84.7,EUR,10,0.9,Cl.Cl.NC[C@@H]1CC2=CC=CC=C2CN1,2025-10-07,1,1,1,{'Amidation'},{101},{205067}
282946,Cn1nc(C(=O)O)c2cc(F)ccc21,MZEJUCPSOXTCSZ-UHFFFAOYSA-N,3.0,19.4,25563,Enamine,HTS,EN300-1725142,47.4,EUR,10,0.9,CN1N=C(C(=O)O)C=2C=C(F)C=CC21,2025-10-07,1,3,3,{'Amidation'},"{178, 101, 134}","{205067, 264727, 205775}"
282952,NCCn1cncn1,IDWZESHNJMMWTR-UHFFFAOYSA-N,1.0,14.9,25856,Enamine,HTS,EN300-69553,41.0,EUR,10,0.9,Cl.NCCN1C=NC=N1,2025-10-07,1,1,1,{'Amidation'},{134},{205775}
197048,CC1CCC(C(N)=O)CN1,WGGFJKKCAFNBGH-UHFFFAOYSA-N,1.0,14.2,25914,Enamine,HTS,EN300-43493,40.2,EUR,10,0.9,CC1CCC(CN1)C(N)=O,2025-10-07,1,1,1,{'Amidation'},{140},{209837}
282954,Cn1cc2c(CC(=O)O)cccc2n1,LJEXJIJSKUWERP-UHFFFAOYSA-N,1.0,19.0,25587,Enamine,Functional,EN300-28359297,189.0,EUR,10,0.9,CN1C=C2C(=CC=CC2=N1)CC(=O)O,2025-10-07,1,1,1,{'Amidation'},{140},{209837}
282965,Cn1cnc(CCN)c1,FHQDWPCFSJMNCT-UHFFFAOYSA-N,1.0,38.1,25291,Enamine,Functional - BRC,EN300-37341471,19.0,EUR,10,0.9,I.I.CN1C=NC(=C1)CCN,2025-10-07,1,1,1,{'Amidation'},{178},{264727}
282964,Cc1ccccc1C(=O)O,ZWLPBLYKEWSWPD-UHFFFAOYSA-N,1.0,13.6,25952,Enamine,HTS,EN300-21374,39.5,EUR,10,0.9,CC=1C=CC=CC1C(=O)O,2025-10-07,1,1,1,{'Amidation'},{177},{266892}
