target-names,no-steps,concentration-required-mM,amount-required-uL,batch-tag,reactant-1-1,reactant-2-1,reaction-product-smiles-1,reaction-name-1,reaction-recipe-1,reaction-groupby-column-1
C128871,1,,,,O=C(O)C1(S(=O)(=O)c2ccc(Br)cc2)CCCC1,Cc1c(N)cccc1Cl,Cc1c(Cl)cccc1NC(=O)C1(S(=O)(=O)c2ccc(Br)cc2)CCCC1,Amidation,,
C150626,1,,,,O=C(O)Cn1cn[nH]c1=O,Clc1ccc(C2CCN2)cc1,O=C(Cn1cn[nH]c1=O)N1CCC1c1ccc(Cl)cc1,Amidation,,
C150630,1,,,,O=C(O)Cn1cn[nH]c1=O,Brc1ccc(C2CCN2)cc1,O=C(Cn1cn[nH]c1=O)N1CCC1c1ccc(Br)cc1,Amidation,,
C150647,1,,,,Cc1nnc2n1C(C(=O)O)CC2,c1ccc(C2CCN2)cc1,Cc1nnc2n1C(C(=O)N1CCC1c1ccccc1)CC2,Amidation,,
C150754,1,,,,O=C(O)Cn1c(=O)[nH][nH]c1=O,Brc1ccc(C2CCN2)cc1,O=C(Cn1c(=O)[nH][nH]c1=O)N1CCC1c1ccc(Br)cc1,Amidation,,
C150814,1,,,,CC(C)C(C(=O)O)n1cnnc1,Clc1ccc(C2CCN2)cc1,CC(C)C(C(=O)N1CCC1c1ccc(Cl)cc1)n1cnnc1,Amidation,,
C150816,1,,,,CC(C)C(C(=O)O)n1cnnc1,Brc1ccc(C2CCN2)cc1,CC(C)C(C(=O)N1CCC1c1ccc(Br)cc1)n1cnnc1,Amidation,,
C150871,1,,,,CCCc1nnc(S)n1CC(=O)O,CC1NC1c1ccccc1,CCCc1nnc(S)n1CC(=O)N1C(C)C1c1ccccc1,Amidation,,
C150872,1,,,,CCCc1nnc(S)n1CC(=O)O,c1ccc(C2CCN2)cc1,CCCc1nnc(S)n1CC(=O)N1CCC1c1ccccc1,Amidation,,
C168224,1,,,,O=C(O)Cn1cc(I)c(=O)[nH]c1=O,NCc1cc(Br)ccc1F,O=C(Cn1cc(I)c(=O)[nH]c1=O)NCc1cc(Br)ccc1F,Amidation,,
C168234,1,,,,O=C(O)Cn1cc(I)c(=O)[nH]c1=O,NCc1cc(Br)ccc1Br,O=C(Cn1cc(I)c(=O)[nH]c1=O)NCc1cc(Br)ccc1Br,Amidation,,
C150909,1,,,,CC(C)(C)C(C(=O)O)n1cnnc1,CC1NC1c1ccccc1,CC1C(c2ccccc2)N1C(=O)C(n1cnnc1)C(C)(C)C,Amidation,,
C150936,1,,,,O=C(O)C1CCCc2nncn21,Clc1ccc(C2CCN2)cc1,O=C(C1CCCc2nncn21)N1CCC1c1ccc(Cl)cc1,Amidation,,
C150939,1,,,,O=C(O)C1CCCc2nncn21,Brc1ccc(C2CCN2)cc1,O=C(C1CCCc2nncn21)N1CCC1c1ccc(Br)cc1,Amidation,,
C150962,1,,,,O=C(O)C1CCCc2nncn21,Fc1cccc(C2CCN2)c1,O=C(C1CCCc2nncn21)N1CCC1c1cccc(F)c1,Amidation,,
C150978,1,,,,O=C(O)C1CCCc2nncn21,Fc1ccccc1C1CCN1,O=C(C1CCCc2nncn21)N1CCC1c1ccccc1F,Amidation,,
C150985,1,,,,O=C(O)C1CCCc2nncn21,CC1CNC1c1ccccc1,CC1CN(C(=O)C2CCCc3nncn32)C1c1ccccc1,Amidation,,
C150994,1,,,,Cc1nnc2n1C(C(=O)O)CC2,Nc1cccc2c1CNC2=O,Cc1nnc2n1C(C(=O)Nc1cccc3c1CNC3=O)CC2,Amidation,,
C150995,1,,,,Cc1nnc2n1C(C(=O)O)CC2,Clc1ccc(C2CCN2)cc1,Cc1nnc2n1C(C(=O)N1CCC1c1ccc(Cl)cc1)CC2,Amidation,,
C151006,1,,,,Cc1nnc2n1C(C(=O)O)CC2,Fc1cccc(C2CCN2)c1,Cc1nnc2n1C(C(=O)N1CCC1c1cccc(F)c1)CC2,Amidation,,
C151008,1,,,,Cc1nnc2n1C(C(=O)O)CC2,Brc1ccc(C2CCN2)cc1,Cc1nnc2n1C(C(=O)N1CCC1c1ccc(Br)cc1)CC2,Amidation,,
C151026,1,,,,Cc1nnc2n1C(C(=O)O)CC2,CC1CNC1c1ccccc1,Cc1nnc2n1C(C(=O)N1CC(C)C1c1ccccc1)CC2,Amidation,,
C151039,1,,,,Cc1nnc2n1C(C(=O)O)CC2,Fc1ccccc1C1CCN1,Cc1nnc2n1C(C(=O)N1CCC1c1ccccc1F)CC2,Amidation,,
C151066,1,,,,CCCc1nnc(S)n1CC(=O)O,Fc1cccc(C2CCN2)c1,CCCc1nnc(S)n1CC(=O)N1CCC1c1cccc(F)c1,Amidation,,
C151085,1,,,,CC(C)(C)C(C(=O)O)n1cn[nH]c1=O,c1ccc(C2CCN2)cc1,CC(C)(C)C(C(=O)N1CCC1c1ccccc1)n1cn[nH]c1=O,Amidation,,
C151086,1,,,,CC(C)(C)C(C(=O)O)n1cn[nH]c1=O,CC1NC1c1ccccc1,CC1C(c2ccccc2)N1C(=O)C(n1cn[nH]c1=O)C(C)(C)C,Amidation,,
C151090,1,,,,O=C(O)Cn1c(S)nnc1-c1cccs1,c1ccc(C2CN2)cc1,O=C(Cn1c(S)nnc1-c1cccs1)N1CC1c1ccccc1,Amidation,,
C151102,1,,,,CCCc1nnc(S)n1CC(=O)O,Brc1ccc(C2CCN2)cc1,CCCc1nnc(S)n1CC(=O)N1CCC1c1ccc(Br)cc1,Amidation,,
C151103,1,,,,CCCc1nnc(S)n1CC(=O)O,CC1CNC1c1ccccc1,CCCc1nnc(S)n1CC(=O)N1CC(C)C1c1ccccc1,Amidation,,
C151123,1,,,,CCCc1nnc(S)n1CC(=O)O,Clc1ccc(C2CCN2)cc1,CCCc1nnc(S)n1CC(=O)N1CCC1c1ccc(Cl)cc1,Amidation,,
C151137,1,,,,CC(C)(C)C(C(=O)O)n1cnnc1,Fc1cccc(C2CCN2)c1,CC(C)(C)C(C(=O)N1CCC1c1cccc(F)c1)n1cnnc1,Amidation,,
C151144,1,,,,CC(C)(C)C(C(=O)O)n1cnnc1,Fc1ccccc1C1CCN1,CC(C)(C)C(C(=O)N1CCC1c1ccccc1F)n1cnnc1,Amidation,,
C151167,1,,,,CCCc1nnc(S)n1CC(=O)O,CN1Cc2ccc(N)cc2C1,CCCc1nnc(S)n1CC(=O)Nc1ccc2c(c1)CN(C)C2,Amidation,,
C151182,1,,,,CCCc1nnc(S)n1CC(=O)O,Fc1ccccc1C1CCN1,CCCc1nnc(S)n1CC(=O)N1CCC1c1ccccc1F,Amidation,,
C151199,1,,,,CC(C)(C)C(C(=O)O)n1cnnc1,Clc1ccc(C2CCN2)cc1,CC(C)(C)C(C(=O)N1CCC1c1ccc(Cl)cc1)n1cnnc1,Amidation,,
C151202,1,,,,CC(C)(C)C(C(=O)O)n1cnnc1,Brc1ccc(C2CCN2)cc1,CC(C)(C)C(C(=O)N1CCC1c1ccc(Br)cc1)n1cnnc1,Amidation,,
C151203,1,,,,CC(C)(C)C(C(=O)O)n1cnnc1,CC1CNC1c1ccccc1,CC1CN(C(=O)C(n2cnnc2)C(C)(C)C)C1c1ccccc1,Amidation,,
C151226,1,,,,CC(C)(C)C(C(=O)O)n1cn[nH]c1=O,CC1CNC1c1ccccc1,CC1CN(C(=O)C(n2cn[nH]c2=O)C(C)(C)C)C1c1ccccc1,Amidation,,
C151232,1,,,,CC(C)(C)C(C(=O)O)n1cn[nH]c1=O,Brc1ccc(C2CCN2)cc1,CC(C)(C)C(C(=O)N1CCC1c1ccc(Br)cc1)n1cn[nH]c1=O,Amidation,,
C151233,1,,,,CC(C(=O)O)n1c(S)nnc1-c1cccs1,c1ccc(C2CN2)cc1,CC(C(=O)N1CC1c1ccccc1)n1c(S)nnc1-c1cccs1,Amidation,,
C151237,1,,,,O=C(O)Cn1c(S)nnc1-c1cccs1,NN1Cc2ccccc2C1,O=C(Cn1c(S)nnc1-c1cccs1)NN1Cc2ccccc2C1,Amidation,,
C151238,1,,,,O=C(O)Cn1c(S)nnc1-c1cccs1,CN(N)Cc1ccccc1,CN(Cc1ccccc1)NC(=O)Cn1c(S)nnc1-c1cccs1,Amidation,,
C151239,1,,,,O=C(O)Cn1c(S)nnc1-c1cccs1,CC1NC1c1ccccc1,CC1C(c2ccccc2)N1C(=O)Cn1c(S)nnc1-c1cccs1,Amidation,,
C151240,1,,,,O=C(O)Cn1c(S)nnc1-c1cccs1,c1ccc(C2CCN2)cc1,O=C(Cn1c(S)nnc1-c1cccs1)N1CCC1c1ccccc1,Amidation,,
C151251,1,,,,CC(C)(C)C(C(=O)O)n1cn[nH]c1=O,Clc1ccc(C2CCN2)cc1,CC(C)(C)C(C(=O)N1CCC1c1ccc(Cl)cc1)n1cn[nH]c1=O,Amidation,,
C151256,1,,,,CC(C)(C)C(C(=O)O)n1cn[nH]c1=O,Fc1ccccc1C1CCN1,CC(C)(C)C(C(=O)N1CCC1c1ccccc1F)n1cn[nH]c1=O,Amidation,,
C151257,1,,,,CC(C)(C)C(C(=O)O)n1cn[nH]c1=O,CNCc1ccc(Cl)cc1F,CN(Cc1ccc(Cl)cc1F)C(=O)C(n1cn[nH]c1=O)C(C)(C)C,Amidation,,
C151263,1,,,,CC(C)(C)C(C(=O)O)n1cn[nH]c1=O,CNC(C)c1ccccc1Br,CC(c1ccccc1Br)N(C)C(=O)C(n1cn[nH]c1=O)C(C)(C)C,Amidation,,
C151266,1,,,,CC(C)(C)C(C(=O)O)n1cn[nH]c1=O,CNC(C)c1ccc(Cl)cc1,CC(c1ccc(Cl)cc1)N(C)C(=O)C(n1cn[nH]c1=O)C(C)(C)C,Amidation,,
C151269,1,,,,CC(C)(C)C(C(=O)O)n1cn[nH]c1=O,CN1Cc2ccc(N)cc2C1,CN1Cc2ccc(NC(=O)C(n3cn[nH]c3=O)C(C)(C)C)cc2C1,Amidation,,
C151274,1,,,,c1ccc(C2CCCN2)cc1,CC(C)(C)C(C(=O)O)n1cn[nH]c1=O,CC(C)(C)C(C(=O)N1CCCC1c1ccccc1)n1cn[nH]c1=O,Amidation,,
C151285,1,,,,CC(C)(C)C(C(=O)O)n1cn[nH]c1=O,Nc1cccc2c1CNC2=O,CC(C)(C)C(C(=O)Nc1cccc2c1CNC2=O)n1cn[nH]c1=O,Amidation,,
C151293,1,,,,CC(C)(C)C(C(=O)O)n1cn[nH]c1=O,CNC(C)c1ccc(C)cc1,Cc1ccc(C(C)N(C)C(=O)C(n2cn[nH]c2=O)C(C)(C)C)cc1,Amidation,,
C151299,1,,,,CC(C)(C)C(C(=O)O)n1cn[nH]c1=O,Fc1cccc(C2CCN2)c1,CC(C)(C)C(C(=O)N1CCC1c1cccc(F)c1)n1cn[nH]c1=O,Amidation,,
C151312,1,,,,O=C(O)Cn1c(S)nnc1-c1ccc(Cl)cc1,c1ccc(C2CN2)cc1,O=C(Cn1c(S)nnc1-c1ccc(Cl)cc1)N1CC1c1ccccc1,Amidation,,
C151324,1,,,,CC(C(=O)O)n1c(S)nnc1-c1cccs1,c1ccc(C2CCN2)cc1,CC(C(=O)N1CCC1c1ccccc1)n1c(S)nnc1-c1cccs1,Amidation,,
C151325,1,,,,CC(C(=O)O)n1c(S)nnc1-c1cccs1,CC1NC1c1ccccc1,CC1C(c2ccccc2)N1C(=O)C(C)n1c(S)nnc1-c1cccs1,Amidation,,
C151326,1,,,,CC(C(=O)O)n1c(S)nnc1-c1cccs1,CN(N)Cc1ccccc1,CC(C(=O)NN(C)Cc1ccccc1)n1c(S)nnc1-c1cccs1,Amidation,,
C151327,1,,,,CC(C(=O)O)n1c(S)nnc1-c1cccs1,NN1Cc2ccccc2C1,CC(C(=O)NN1Cc2ccccc2C1)n1c(S)nnc1-c1cccs1,Amidation,,
C151333,1,,,,O=C(O)C(Cc1ccccc1)n1cnnc1,c1ccc(C2CCN2)cc1,O=C(C(Cc1ccccc1)n1cnnc1)N1CCC1c1ccccc1,Amidation,,
C151334,1,,,,O=C(O)C(Cc1ccccc1)n1cnnc1,CC1NC1c1ccccc1,CC1C(c2ccccc2)N1C(=O)C(Cc1ccccc1)n1cnnc1,Amidation,,
C151339,1,,,,Cc1ccc(-c2nnc(S)n2CC(=O)O)cc1,c1ccc(C2CN2)cc1,Cc1ccc(-c2nnc(S)n2CC(=O)N2CC2c2ccccc2)cc1,Amidation,,
C151340,1,,,,Cc1cccc(-c2nnc(S)n2CC(=O)O)c1,c1ccc(C2CN2)cc1,Cc1cccc(-c2nnc(S)n2CC(=O)N2CC2c2ccccc2)c1,Amidation,,
C151371,1,,,,O=C(O)Cn1c(S)nnc1-c1cccs1,Fc1cccc(C2CCN2)c1,O=C(Cn1c(S)nnc1-c1cccs1)N1CCC1c1cccc(F)c1,Amidation,,
C151382,1,,,,O=C(O)Cn1c(S)nnc1-c1cccs1,Nc1cccc2c1CNC2=O,O=C(Cn1c(S)nnc1-c1cccs1)Nc1cccc2c1CNC2=O,Amidation,,
C151384,1,,,,O=C(O)Cn1c(S)nnc1-c1cccs1,CN(C)Cc1ccccc1N,CN(C)Cc1ccccc1NC(=O)Cn1c(S)nnc1-c1cccs1,Amidation,,
C151386,1,,,,O=C(O)Cn1c(S)nnc1-c1cccs1,CNC(=O)c1cccc(N)c1,CNC(=O)c1cccc(NC(=O)Cn2c(S)nnc2-c2cccs2)c1,Amidation,,
C151396,1,,,,O=C(O)Cn1c(S)nnc1-c1cccs1,CN1Cc2ccc(N)cc2C1,CN1Cc2ccc(NC(=O)Cn3c(S)nnc3-c3cccs3)cc2C1,Amidation,,
C168728,1,,,,O=C(O)Cn1c(=O)[nH]c(=O)c2ccccc21,NCc1cccc(Br)c1,O=C(Cn1c(=O)[nH]c(=O)c2ccccc21)NCc1cccc(Br)c1,Amidation,,
C151410,1,,,,O=C(O)Cn1c(S)nnc1-c1cccs1,Fc1ccccc1C1CCN1,O=C(Cn1c(S)nnc1-c1cccs1)N1CCC1c1ccccc1F,Amidation,,
C151420,1,,,,CC(C(=O)O)n1c(S)nnc1-c1cccs1,Oc1ccc2c(c1)CNC2,CC(C(=O)N1Cc2ccc(O)cc2C1)n1c(S)nnc1-c1cccs1,Amidation,,
C151421,1,,,,O=C(O)Cn1c(S)nnc1-c1cccs1,Clc1ccc(C2CCN2)cc1,O=C(Cn1c(S)nnc1-c1cccs1)N1CCC1c1ccc(Cl)cc1,Amidation,,
C151424,1,,,,O=C(O)Cn1c(S)nnc1-c1cccs1,Brc1ccc(C2CCN2)cc1,O=C(Cn1c(S)nnc1-c1cccs1)N1CCC1c1ccc(Br)cc1,Amidation,,
C151425,1,,,,O=C(O)Cn1c(S)nnc1-c1cccs1,CC1CNC1c1ccccc1,CC1CN(C(=O)Cn2c(S)nnc2-c2cccs2)C1c1ccccc1,Amidation,,
C168804,1,,,,O=C(O)Cn1c(=O)[nH]c(=O)c2ccccc21,C#CC(N)c1ccccc1,C#CC(NC(=O)Cn1c(=O)[nH]c(=O)c2ccccc21)c1ccccc1,Amidation,,
C151480,1,,,,Cc1cccc(-c2nnc(S)n2CC(=O)O)c1,CC1NC1c1ccccc1,Cc1cccc(-c2nnc(S)n2CC(=O)N2C(C)C2c2ccccc2)c1,Amidation,,
C168810,1,,,,O=C(O)Cn1c(=O)[nH]c(=O)c2ccccc21,CC(N)c1ccc(Br)cc1,CC(NC(=O)Cn1c(=O)[nH]c(=O)c2ccccc21)c1ccc(Br)cc1,Amidation,,
C151486,1,,,,Cc1cccc(-c2nnc(S)n2CC(=O)O)c1,c1ccc(C2CCN2)cc1,Cc1cccc(-c2nnc(S)n2CC(=O)N2CCC2c2ccccc2)c1,Amidation,,
C99719,1,,,,O=C(O)c1ccncc1S,Cc1cc(Br)c(F)cc1N,Cc1cc(Br)c(F)cc1NC(=O)c1ccncc1S,Amidation,,
C99720,1,,,,O=C(O)c1ccncc1S,Cc1c(N)cc(F)cc1Br,Cc1c(Br)cc(F)cc1NC(=O)c1ccncc1S,Amidation,,
C151488,1,,,,Cc1cccc(-c2nnc(S)n2CC(=O)O)c1,NN1Cc2ccccc2C1,Cc1cccc(-c2nnc(S)n2CC(=O)NN2Cc3ccccc3C2)c1,Amidation,,
C151489,1,,,,Cc1cccc(-c2nnc(S)n2CC(=O)O)c1,CN(N)Cc1ccccc1,Cc1cccc(-c2nnc(S)n2CC(=O)NN(C)Cc2ccccc2)c1,Amidation,,
C168815,1,,,,O=C(O)Cn1c(=O)[nH]c(=O)c2ccccc21,NCc1cc(Br)ccc1Br,O=C(Cn1c(=O)[nH]c(=O)c2ccccc21)NCc1cc(Br)ccc1Br,Amidation,,
C99725,1,,,,O=C(O)c1ccncc1S,Cc1ccc(F)c(Br)c1N,Cc1ccc(F)c(Br)c1NC(=O)c1ccncc1S,Amidation,,
C99742,1,,,,O=C(O)c1ccncc1I,Cc1cc(F)cc(N)c1C,Cc1cc(F)cc(NC(=O)c2ccncc2I)c1C,Amidation,,
C168838,1,,,,O=C(O)Cn1c(=O)[nH]c(=O)c2ccccc21,CC(N)c1cccc(Br)c1,CC(NC(=O)Cn1c(=O)[nH]c(=O)c2ccccc21)c1cccc(Br)c1,Amidation,,
C168842,1,,,,O=C(O)Cn1c(=O)[nH]c(=O)c2ccccc21,CC(C)(N)c1ccccc1,CC(C)(NC(=O)Cn1c(=O)[nH]c(=O)c2ccccc21)c1ccccc1,Amidation,,
C151518,1,,,,Cc1ccc(-c2nnc(S)n2CC(=O)O)cc1,c1ccc(C2CCN2)cc1,Cc1ccc(-c2nnc(S)n2CC(=O)N2CCC2c2ccccc2)cc1,Amidation,,
C151519,1,,,,Cc1ccc(-c2nnc(S)n2CC(=O)O)cc1,CC1NC1c1ccccc1,Cc1ccc(-c2nnc(S)n2CC(=O)N2C(C)C2c2ccccc2)cc1,Amidation,,
C151520,1,,,,Cc1ccc(-c2nnc(S)n2CC(=O)O)cc1,CN(N)Cc1ccccc1,Cc1ccc(-c2nnc(S)n2CC(=O)NN(C)Cc2ccccc2)cc1,Amidation,,
C151521,1,,,,Cc1ccc(-c2nnc(S)n2CC(=O)O)cc1,NN1Cc2ccccc2C1,Cc1ccc(-c2nnc(S)n2CC(=O)NN2Cc3ccccc3C2)cc1,Amidation,,
C168846,1,,,,O=C(O)Cn1c(=O)[nH]c(=O)c2ccccc21,CC(N)c1cccc(O)c1,CC(NC(=O)Cn1c(=O)[nH]c(=O)c2ccccc21)c1cccc(O)c1,Amidation,,
C151523,1,,,,CC(C)C(C(=O)O)n1c(S)nnc1-c1cccs1,c1ccc(C2CN2)cc1,CC(C)C(C(=O)N1CC1c1ccccc1)n1c(S)nnc1-c1cccs1,Amidation,,
C151525,1,,,,COc1ccc(-c2nnc(S)n2CC(=O)O)cc1,c1ccc(C2CN2)cc1,COc1ccc(-c2nnc(S)n2CC(=O)N2CC2c2ccccc2)cc1,Amidation,,
C168854,1,,,,O=C(O)Cn1c(=O)[nH]c(=O)c2ccccc21,CC(N)c1ccccc1Cl,CC(NC(=O)Cn1c(=O)[nH]c(=O)c2ccccc21)c1ccccc1Cl,Amidation,,
C151527,1,,,,O=C(O)Cn1c(S)nnc1-c1ccc(Cl)cc1,NN1Cc2ccccc2C1,O=C(Cn1c(S)nnc1-c1ccc(Cl)cc1)NN1Cc2ccccc2C1,Amidation,,
C151528,1,,,,O=C(O)Cn1c(S)nnc1-c1ccc(Cl)cc1,CN(N)Cc1ccccc1,CN(Cc1ccccc1)NC(=O)Cn1c(S)nnc1-c1ccc(Cl)cc1,Amidation,,
C151529,1,,,,O=C(O)Cn1c(S)nnc1-c1ccc(Cl)cc1,CC1NC1c1ccccc1,CC1C(c2ccccc2)N1C(=O)Cn1c(S)nnc1-c1ccc(Cl)cc1,Amidation,,
C151530,1,,,,O=C(O)Cn1c(S)nnc1-c1ccc(Cl)cc1,c1ccc(C2CCN2)cc1,O=C(Cn1c(S)nnc1-c1ccc(Cl)cc1)N1CCC1c1ccccc1,Amidation,,
C168860,1,,,,O=C(O)Cn1c(=O)[nH]c(=O)c2ccccc21,CC(N)c1cccc(F)c1,CC(NC(=O)Cn1c(=O)[nH]c(=O)c2ccccc21)c1cccc(F)c1,Amidation,,
C168861,1,,,,O=C(O)Cn1c(=O)[nH]c(=O)c2ccccc21,NC1(c2ccccc2)CC1,O=C(Cn1c(=O)[nH]c(=O)c2ccccc21)NC1(c2ccccc2)CC1,Amidation,,
C99768,1,,,,O=C(O)c1ccncc1I,Cc1cc(Br)c(F)cc1N,Cc1cc(Br)c(F)cc1NC(=O)c1ccncc1I,Amidation,,
C168866,1,,,,O=C(O)Cn1c(=O)[nH]c(=O)c2ccccc21,Cc1cccc(C(C)N)c1,Cc1cccc(C(C)NC(=O)Cn2c(=O)[nH]c(=O)c3ccccc32)c1,Amidation,,
C163527,1,,,,O=C(O)c1ccc(C(F)F)cc1C(F)(F)F,O=C1NCC2CCCC1N2,O=C1NCC2CCCC1N2C(=O)c1ccc(C(F)F)cc1C(F)(F)F,Amidation,,
C151544,1,,,,O=C(O)C(Cc1ccccc1)n1cnnc1,CN1Cc2ccc(N)cc2C1,CN1Cc2ccc(NC(=O)C(Cc3ccccc3)n3cnnc3)cc2C1,Amidation,,
C168873,1,,,,O=C(O)Cn1c(=O)[nH]c(=O)c2ccccc21,Cc1cccc(F)c1CN,Cc1cccc(F)c1CNC(=O)Cn1c(=O)[nH]c(=O)c2ccccc21,Amidation,,
C168874,1,,,,O=C(O)Cn1c(=O)[nH]c(=O)c2ccccc21,CC(N)c1cccc(Cl)c1,CC(NC(=O)Cn1c(=O)[nH]c(=O)c2ccccc21)c1cccc(Cl)c1,Amidation,,
C168876,1,,,,O=C(O)Cn1c(=O)[nH]c(=O)c2ccccc21,CC(N)c1ccc(F)cc1,CC(NC(=O)Cn1c(=O)[nH]c(=O)c2ccccc21)c1ccc(F)cc1,Amidation,,
C151551,1,,,,CC(C(=O)O)n1c(S)nnc1-c1cccs1,CC1CNC1c1ccccc1,CC1CN(C(=O)C(C)n2c(S)nnc2-c2cccs2)C1c1ccccc1,Amidation,,
C151552,1,,,,CC(C(=O)O)n1c(S)nnc1-c1cccs1,Brc1ccc(C2CCN2)cc1,CC(C(=O)N1CCC1c1ccc(Br)cc1)n1c(S)nnc1-c1cccs1,Amidation,,
C168881,1,,,,O=C(O)Cn1c(=O)[nH]c(=O)c2ccccc21,CC(N)c1ccccc1Br,CC(NC(=O)Cn1c(=O)[nH]c(=O)c2ccccc21)c1ccccc1Br,Amidation,,
C168882,1,,,,O=C(O)Cn1c(=O)[nH]c(=O)c2ccccc21,NCc1c(F)cccc1F,O=C(Cn1c(=O)[nH]c(=O)c2ccccc21)NCc1c(F)cccc1F,Amidation,,
C151555,1,,,,CC(C(=O)O)n1c(S)nnc1-c1cccs1,Clc1ccc(C2CCN2)cc1,CC(C(=O)N1CCC1c1ccc(Cl)cc1)n1c(S)nnc1-c1cccs1,Amidation,,
C163530,1,,,,O=C(O)c1ccc(C(F)F)cc1C(F)(F)F,NCCN1CCNC(=O)C1,O=C1CN(CCNC(=O)c2ccc(C(F)F)cc2C(F)(F)F)CCN1,Amidation,,
C168883,1,,,,O=C(O)Cn1c(=O)[nH]c(=O)c2ccccc21,Cc1cccc(C)c1CN,Cc1cccc(C)c1CNC(=O)Cn1c(=O)[nH]c(=O)c2ccccc21,Amidation,,
C99797,1,,,,Cc1cc(C(=O)O)c(Cl)cn1,CCc1ccc(F)cc1N,CCc1ccc(F)cc1NC(=O)c1cc(C)ncc1Cl,Amidation,,
C151576,1,,,,O=C(O)C(Cc1ccccc1)n1cnnc1,Fc1ccccc1C1CCN1,O=C(C(Cc1ccccc1)n1cnnc1)N1CCC1c1ccccc1F,Amidation,,
C99814,1,,,,Cc1cc(C(=O)O)c(Cl)cn1,Cc1c(N)cc(F)cc1Br,Cc1cc(C(=O)Nc2cc(F)cc(Br)c2C)c(Cl)cn1,Amidation,,
C99815,1,,,,Cc1cc(C(=O)O)c(Cl)cn1,Nc1cc(F)ccc1CO,Cc1cc(C(=O)Nc2cc(F)ccc2CO)c(Cl)cn1,Amidation,,
C151586,1,,,,CC(C(=O)O)n1c(S)nnc1-c1cccs1,Nc1cccc2c1CNC2=O,CC(C(=O)Nc1cccc2c1CNC2=O)n1c(S)nnc1-c1cccs1,Amidation,,
C151594,1,,,,CC(C(=O)O)n1c(S)nnc1-c1cccs1,C=CCNCc1ccccc1,C=CCN(Cc1ccccc1)C(=O)C(C)n1c(S)nnc1-c1cccs1,Amidation,,
C99827,1,,,,Cc1cc(C(=O)O)c(Cl)cn1,Cc1c(N)cc(F)cc1F,Cc1cc(C(=O)Nc2cc(F)cc(F)c2C)c(Cl)cn1,Amidation,,
C151601,1,,,,CC(C(=O)O)n1c(S)nnc1-c1cccs1,CN1Cc2ccc(N)cc2C1,CC(C(=O)Nc1ccc2c(c1)CN(C)C2)n1c(S)nnc1-c1cccs1,Amidation,,
C99837,1,,,,O=C(O)c1cc(F)ncc1Cl,CCc1ccc(F)cc1N,CCc1ccc(F)cc1NC(=O)c1cc(F)ncc1Cl,Amidation,,
C151605,1,,,,c1ccc(C2CCCN2)cc1,CC(C(=O)O)n1c(S)nnc1-c1cccs1,CC(C(=O)N1CCCC1c1ccccc1)n1c(S)nnc1-c1cccs1,Amidation,,
C99839,1,,,,O=C(O)c1cc(F)ncc1Cl,Cc1c(N)cc(F)cc1Br,Cc1c(Br)cc(F)cc1NC(=O)c1cc(F)ncc1Cl,Amidation,,
C99840,1,,,,O=C(O)c1cc(F)ncc1Cl,Nc1cc(F)ccc1CO,O=C(Nc1cc(F)ccc1CO)c1cc(F)ncc1Cl,Amidation,,
C151607,1,,,,CC(C(=O)O)n1c(S)nnc1-c1cccs1,Fc1ccccc1C1CCN1,CC(C(=O)N1CCC1c1ccccc1F)n1c(S)nnc1-c1cccs1,Amidation,,
C99842,1,,,,O=C(O)c1cc(F)ncc1Cl,Cc1c(N)cc(F)cc1F,Cc1c(F)cc(F)cc1NC(=O)c1cc(F)ncc1Cl,Amidation,,
C151609,1,,,,CC(C(=O)O)n1c(S)nnc1-c1cccs1,Brc1cccc2c1CNCC2,CC(C(=O)N1CCc2cccc(Br)c2C1)n1c(S)nnc1-c1cccs1,Amidation,,
C151621,1,,,,CC(C(=O)O)n1c(S)nnc1-c1cccs1,Fc1cccc(C2CCN2)c1,CC(C(=O)N1CCC1c1cccc(F)c1)n1c(S)nnc1-c1cccs1,Amidation,,
C151629,1,,,,CC(C(=O)O)n1c(S)nnc1-c1cccs1,CNC(C)c1ccccc1Br,CC(c1ccccc1Br)N(C)C(=O)C(C)n1c(S)nnc1-c1cccs1,Amidation,,
C151633,1,,,,CC(C(=O)O)n1c(S)nnc1-c1cccs1,CN(C)Cc1ccccc1N,CC(C(=O)Nc1ccccc1CN(C)C)n1c(S)nnc1-c1cccs1,Amidation,,
C151635,1,,,,O=C(O)C(Cc1ccccc1)n1cnnc1,CC1CNC1c1ccccc1,CC1CN(C(=O)C(Cc2ccccc2)n2cnnc2)C1c1ccccc1,Amidation,,
C151636,1,,,,O=C(O)C(Cc1ccccc1)n1cnnc1,Brc1ccc(C2CCN2)cc1,O=C(C(Cc1ccccc1)n1cnnc1)N1CCC1c1ccc(Br)cc1,Amidation,,
C151639,1,,,,O=C(O)C(Cc1ccccc1)n1cnnc1,Clc1ccc(C2CCN2)cc1,O=C(C(Cc1ccccc1)n1cnnc1)N1CCC1c1ccc(Cl)cc1,Amidation,,
C151644,1,,,,O=C(O)C(Cc1ccccc1)n1cnnc1,Fc1cc2c(cc1F)CNC2,O=C(C(Cc1ccccc1)n1cnnc1)N1Cc2cc(F)c(F)cc2C1,Amidation,,
C151645,1,,,,O=C(O)C(Cc1ccccc1)n1cnnc1,CN(C)Cc1ccccc1N,CN(C)Cc1ccccc1NC(=O)C(Cc1ccccc1)n1cnnc1,Amidation,,
C151647,1,,,,O=C(O)C(Cc1ccccc1)n1cnnc1,Nc1cccc2c1CNC2=O,O=C1NCc2c(NC(=O)C(Cc3ccccc3)n3cnnc3)cccc21,Amidation,,
C99887,1,,,,O=C(O)c1cc(F)ncc1Cl,N#Cc1ccc(F)cc1N,N#Cc1ccc(F)cc1NC(=O)c1cc(F)ncc1Cl,Amidation,,
C151662,1,,,,O=C(O)C(Cc1ccccc1)n1cnnc1,Fc1cccc(C2CCN2)c1,O=C(C(Cc1ccccc1)n1cnnc1)N1CCC1c1cccc(F)c1,Amidation,,
C151672,1,,,,O=C(O)Cn1c(S)nnc1-c1ccc(Cl)cc1,CNC(=O)c1cccc(N)c1,CNC(=O)c1cccc(NC(=O)Cn2c(S)nnc2-c2ccc(Cl)cc2)c1,Amidation,,
C151675,1,,,,O=C(O)Cn1c(S)nnc1-c1ccc(Cl)cc1,Clc1ccc(C2CCN2)cc1,O=C(Cn1c(S)nnc1-c1ccc(Cl)cc1)N1CCC1c1ccc(Cl)cc1,Amidation,,
C151678,1,,,,O=C(O)Cn1c(S)nnc1-c1ccc(Cl)cc1,CC1CNC1c1ccccc1,CC1CN(C(=O)Cn2c(S)nnc2-c2ccc(Cl)cc2)C1c1ccccc1,Amidation,,
C169007,1,,,,Cn1c(=O)c2ccc(Br)cc2n(CC(=O)O)c1=O,CC(N)c1cccc(F)c1,CC(NC(=O)Cn1c(=O)n(C)c(=O)c2ccc(Br)cc21)c1cccc(F)c1,Amidation,,
C169008,1,,,,Cn1c(=O)c2ccc(Br)cc2n(CC(=O)O)c1=O,Cc1ccc(CN)c(C)c1,Cc1ccc(CNC(=O)Cn2c(=O)n(C)c(=O)c3ccc(Br)cc32)c(C)c1,Amidation,,
C169010,1,,,,Cn1c(=O)c2ccc(Br)cc2n(CC(=O)O)c1=O,CC(N)c1ccccc1O,CC(NC(=O)Cn1c(=O)n(C)c(=O)c2ccc(Br)cc21)c1ccccc1O,Amidation,,
C169014,1,,,,Cn1c(=O)c2ccc(Br)cc2n(CC(=O)O)c1=O,NCc1c(F)cccc1Cl,Cn1c(=O)c2ccc(Br)cc2n(CC(=O)NCc2c(F)cccc2Cl)c1=O,Amidation,,
C151688,1,,,,O=C(O)Cn1c(S)nnc1-c1ccc(Cl)cc1,Brc1ccc(C2CCN2)cc1,O=C(Cn1c(S)nnc1-c1ccc(Cl)cc1)N1CCC1c1ccc(Br)cc1,Amidation,,
C99921,1,,,,Cc1c(C(=O)O)ccnc1Cl,Cc1cc(Br)c(F)cc1N,Cc1cc(Br)c(F)cc1NC(=O)c1ccnc(Cl)c1C,Amidation,,
C151689,1,,,,O=C(O)Cn1c(S)nnc1-c1ccc(Cl)cc1,Nc1cccc2c1CNC2=O,O=C(Cn1c(S)nnc1-c1ccc(Cl)cc1)Nc1cccc2c1CNC2=O,Amidation,,
C151692,1,,,,O=C(O)Cn1c(S)nnc1-c1ccc(Cl)cc1,Fc1cccc(C2CCN2)c1,O=C(Cn1c(S)nnc1-c1ccc(Cl)cc1)N1CCC1c1cccc(F)c1,Amidation,,
C169020,1,,,,Cn1c(=O)c2ccc(Br)cc2n(CC(=O)O)c1=O,CC(N)c1ccccc1Cl,CC(NC(=O)Cn1c(=O)n(C)c(=O)c2ccc(Br)cc21)c1ccccc1Cl,Amidation,,
C169023,1,,,,Cn1c(=O)c2ccc(Br)cc2n(CC(=O)O)c1=O,CC(C)(N)c1ccccc1,Cn1c(=O)c2ccc(Br)cc2n(CC(=O)NC(C)(C)c2ccccc2)c1=O,Amidation,,
C169029,1,,,,Cn1c(=O)c2ccc(Br)cc2n(CC(=O)O)c1=O,Cc1cc(CN)ccc1Cl,Cc1cc(CNC(=O)Cn2c(=O)n(C)c(=O)c3ccc(Br)cc32)ccc1Cl,Amidation,,
C169034,1,,,,Cn1c(=O)c2ccc(Br)cc2n(CC(=O)O)c1=O,NCc1cc(Br)ccc1Br,Cn1c(=O)c2ccc(Br)cc2n(CC(=O)NCc2cc(Br)ccc2Br)c1=O,Amidation,,
C169035,1,,,,Cn1c(=O)c2ccc(Br)cc2n(CC(=O)O)c1=O,Cc1ccc(Cl)cc1CN,Cc1ccc(Cl)cc1CNC(=O)Cn1c(=O)n(C)c(=O)c2ccc(Br)cc21,Amidation,,
C169036,1,,,,NCc1ccc(Cl)cc1I,Cn1c(=O)c2ccc(Br)cc2n(CC(=O)O)c1=O,Cn1c(=O)c2ccc(Br)cc2n(CC(=O)NCc2ccc(Cl)cc2I)c1=O,Amidation,,
C169037,1,,,,Cn1c(=O)c2ccc(Br)cc2n(CC(=O)O)c1=O,CC(N)c1ccc(Br)cc1,CC(NC(=O)Cn1c(=O)n(C)c(=O)c2ccc(Br)cc21)c1ccc(Br)cc1,Amidation,,
C169038,1,,,,Cc1cccc(CN)c1I,Cn1c(=O)c2ccc(Br)cc2n(CC(=O)O)c1=O,Cc1cccc(CNC(=O)Cn2c(=O)n(C)c(=O)c3ccc(Br)cc32)c1I,Amidation,,
C169042,1,,,,Cn1c(=O)c2ccc(Br)cc2n(CC(=O)O)c1=O,NCc1ccc(I)c(Cl)c1,Cn1c(=O)c2ccc(Br)cc2n(CC(=O)NCc2ccc(I)c(Cl)c2)c1=O,Amidation,,
C169044,1,,,,Cn1c(=O)c2ccc(Br)cc2n(CC(=O)O)c1=O,C#CC(N)c1ccccc1,C#CC(NC(=O)Cn1c(=O)n(C)c(=O)c2ccc(Br)cc21)c1ccccc1,Amidation,,
C151717,1,,,,O=C(O)Cn1c(S)nnc1-c1ccc(Cl)cc1,Fc1ccccc1C1CCN1,O=C(Cn1c(S)nnc1-c1ccc(Cl)cc1)N1CCC1c1ccccc1F,Amidation,,
C151720,1,,,,CC(C)C(C(=O)O)n1c(S)nnc1-c1cccs1,Clc1cccc2c1CNC2,CC(C)C(C(=O)N1Cc2cccc(Cl)c2C1)n1c(S)nnc1-c1cccs1,Amidation,,
C169049,1,,,,Cn1c(=O)c2ccc(Br)cc2n(CC(=O)O)c1=O,Cc1cccc(C(C)N)c1,Cc1cccc(C(C)NC(=O)Cn2c(=O)n(C)c(=O)c3ccc(Br)cc32)c1,Amidation,,
C151723,1,,,,CC(C)C(C(=O)O)n1c(S)nnc1-c1cccs1,CC1NCc2ccccc21,CC(C)C(C(=O)N1Cc2ccccc2C1C)n1c(S)nnc1-c1cccs1,Amidation,,
C169051,1,,,,Cn1c(=O)c2ccc(Br)cc2n(CC(=O)O)c1=O,NCc1cccc(Cl)c1F,Cn1c(=O)c2ccc(Br)cc2n(CC(=O)NCc2cccc(Cl)c2F)c1=O,Amidation,,
C169052,1,,,,Cn1c(=O)c2ccc(Br)cc2n(CC(=O)O)c1=O,Cc1cccc(F)c1CN,Cc1cccc(F)c1CNC(=O)Cn1c(=O)n(C)c(=O)c2ccc(Br)cc21,Amidation,,
C169053,1,,,,Cn1c(=O)c2ccc(Br)cc2n(CC(=O)O)c1=O,CC(N)c1cccc(Br)c1,CC(NC(=O)Cn1c(=O)n(C)c(=O)c2ccc(Br)cc21)c1cccc(Br)c1,Amidation,,
C169054,1,,,,Cn1c(=O)c2ccc(Br)cc2n(CC(=O)O)c1=O,NC1CCc2ccccc21,Cn1c(=O)c2ccc(Br)cc2n(CC(=O)NC2CCc3ccccc32)c1=O,Amidation,,
C169056,1,,,,Cn1c(=O)c2ccc(Br)cc2n(CC(=O)O)c1=O,CC(N)c1cccc(O)c1,CC(NC(=O)Cn1c(=O)n(C)c(=O)c2ccc(Br)cc21)c1cccc(O)c1,Amidation,,
C169058,1,,,,Cn1c(=O)c2ccc(Br)cc2n(CC(=O)O)c1=O,NCc1cc(Cl)ccc1O,Cn1c(=O)c2ccc(Br)cc2n(CC(=O)NCc2cc(Cl)ccc2O)c1=O,Amidation,,
C169059,1,,,,Cn1c(=O)c2ccc(Br)cc2n(CC(=O)O)c1=O,NC1(c2ccccc2)CC1,Cn1c(=O)c2ccc(Br)cc2n(CC(=O)NC2(c3ccccc3)CC2)c1=O,Amidation,,
C99965,1,,,,O=C(O)c1ccnc(Br)c1F,Cc1cc(O)c(F)cc1N,Cc1cc(O)c(F)cc1NC(=O)c1ccnc(Br)c1F,Amidation,,
C169065,1,,,,Cn1c(=O)c2ccc(Br)cc2n(CC(=O)O)c1=O,CC(N)c1ccccc1Br,CC(NC(=O)Cn1c(=O)n(C)c(=O)c2ccc(Br)cc21)c1ccccc1Br,Amidation,,
C151739,1,,,,CC(C)C(C(=O)O)n1c(S)nnc1-c1cccs1,NN1Cc2ccccc2C1,CC(C)C(C(=O)NN1Cc2ccccc2C1)n1c(S)nnc1-c1cccs1,Amidation,,
C151740,1,,,,CC(C)C(C(=O)O)n1c(S)nnc1-c1cccs1,CN(N)Cc1ccccc1,CC(C)C(C(=O)NN(C)Cc1ccccc1)n1c(S)nnc1-c1cccs1,Amidation,,
C99973,1,,,,O=C(O)c1cc(F)ncc1Cl,Cc1ccc(F)c(Br)c1N,Cc1ccc(F)c(Br)c1NC(=O)c1cc(F)ncc1Cl,Amidation,,
C151741,1,,,,CC(C)C(C(=O)O)n1c(S)nnc1-c1cccs1,CC1NC1c1ccccc1,CC(C)C(C(=O)N1C(C)C1c1ccccc1)n1c(S)nnc1-c1cccs1,Amidation,,
C151742,1,,,,CC(C)C(C(=O)O)n1c(S)nnc1-c1cccs1,c1ccc(C2CCN2)cc1,CC(C)C(C(=O)N1CCC1c1ccccc1)n1c(S)nnc1-c1cccs1,Amidation,,
C169068,1,,,,Cn1c(=O)c2ccc(Br)cc2n(CC(=O)O)c1=O,NCc1cc(Br)ccc1O,Cn1c(=O)c2ccc(Br)cc2n(CC(=O)NCc2cc(Br)ccc2O)c1=O,Amidation,,
C151745,1,,,,CC(C)C(C(=O)O)n1c(S)nnc1-c1cccs1,CNCc1ccccc1I,CC(C)C(C(=O)N(C)Cc1ccccc1I)n1c(S)nnc1-c1cccs1,Amidation,,
C169069,1,,,,Cn1c(=O)c2ccc(Br)cc2n(CC(=O)O)c1=O,CC(N)c1cccc(Cl)c1,CC(NC(=O)Cn1c(=O)n(C)c(=O)c2ccc(Br)cc21)c1cccc(Cl)c1,Amidation,,
C169072,1,,,,Cn1c(=O)c2ccc(Br)cc2n(CC(=O)O)c1=O,NCc1cc(Br)ccc1F,Cn1c(=O)c2ccc(Br)cc2n(CC(=O)NCc2cc(Br)ccc2F)c1=O,Amidation,,
C169076,1,,,,Cn1c(=O)c2ccc(Br)cc2n(CC(=O)O)c1=O,Cc1cccc(C)c1CN,Cc1cccc(C)c1CNC(=O)Cn1c(=O)n(C)c(=O)c2ccc(Br)cc21,Amidation,,
C151749,1,,,,CC(C)C(C(=O)O)n1c(S)nnc1-c1cccs1,CNCc1ccccc1C,Cc1ccccc1CN(C)C(=O)C(C(C)C)n1c(S)nnc1-c1cccs1,Amidation,,
C169083,1,,,,CCn1c(=O)c2ccccc2n(CC(=O)O)c1=O,NCc1ccc(Br)c(F)c1,CCn1c(=O)c2ccccc2n(CC(=O)NCc2ccc(Br)c(F)c2)c1=O,Amidation,,
C151769,1,,,,COc1ccc(-c2nnc(S)n2CC(=O)O)cc1,c1ccc(C2CCN2)cc1,COc1ccc(-c2nnc(S)n2CC(=O)N2CCC2c2ccccc2)cc1,Amidation,,
C151770,1,,,,CC(C)C(C(=O)O)n1c(S)nnc1-c1cccs1,CNC(C)c1ccccc1,CC(C)C(C(=O)N(C)C(C)c1ccccc1)n1c(S)nnc1-c1cccs1,Amidation,,
C151772,1,,,,CC(C)C(C(=O)O)n1c(S)nnc1-c1cccs1,CNCc1ccccc1Cl,CC(C)C(C(=O)N(C)Cc1ccccc1Cl)n1c(S)nnc1-c1cccs1,Amidation,,
C151774,1,,,,CCOc1ccc(-c2nnc(S)n2CC(=O)O)cc1,c1ccc(C2CN2)cc1,CCOc1ccc(-c2nnc(S)n2CC(=O)N2CC2c2ccccc2)cc1,Amidation,,
C169102,1,,,,CCn1c(=O)c2ccccc2n(CC(=O)O)c1=O,NCc1ccc(F)cc1Br,CCn1c(=O)c2ccccc2n(CC(=O)NCc2ccc(F)cc2Br)c1=O,Amidation,,
C151776,1,,,,COc1ccc(-c2nnc(S)n2CC(=O)O)cc1,NN1Cc2ccccc2C1,COc1ccc(-c2nnc(S)n2CC(=O)NN2Cc3ccccc3C2)cc1,Amidation,,
C151777,1,,,,COc1ccc(-c2nnc(S)n2CC(=O)O)cc1,CN(N)Cc1ccccc1,COc1ccc(-c2nnc(S)n2CC(=O)NN(C)Cc2ccccc2)cc1,Amidation,,
C151778,1,,,,COc1ccc(-c2nnc(S)n2CC(=O)O)cc1,CC1NC1c1ccccc1,COc1ccc(-c2nnc(S)n2CC(=O)N2C(C)C2c2ccccc2)cc1,Amidation,,
C151787,1,,,,Cc1cccc(-c2nnc(S)n2CC(=O)O)c1,Fc1ccccc1C1CCN1,Cc1cccc(-c2nnc(S)n2CC(=O)N2CCC2c2ccccc2F)c1,Amidation,,
C169118,1,,,,Cc1cccc(CN)c1I,CCn1c(=O)c2ccccc2n(CC(=O)O)c1=O,CCn1c(=O)c2ccccc2n(CC(=O)NCc2cccc(C)c2I)c1=O,Amidation,,
C151793,1,,,,Cc1ccc(-c2nnc(S)n2CC(=O)O)cc1,CN1Cc2ccc(N)cc2C1,Cc1ccc(-c2nnc(S)n2CC(=O)Nc2ccc3c(c2)CN(C)C3)cc1,Amidation,,
C151807,1,,,,Cc1ccc(-c2nnc(S)n2CC(=O)O)cc1,Fc1ccccc1C1CCN1,Cc1ccc(-c2nnc(S)n2CC(=O)N2CCC2c2ccccc2F)cc1,Amidation,,
C169140,1,,,,CCn1c(=O)c2ccccc2n(CC(=O)O)c1=O,CCc1ccccc1CN,CCc1ccccc1CNC(=O)Cn1c(=O)n(CC)c(=O)c2ccccc21,Amidation,,
C151817,1,,,,Cc1cccc(-c2nnc(S)n2CC(=O)O)c1,CC1CNC1c1ccccc1,Cc1cccc(-c2nnc(S)n2CC(=O)N2CC(C)C2c2ccccc2)c1,Amidation,,
C151818,1,,,,Cc1cccc(-c2nnc(S)n2CC(=O)O)c1,Brc1ccc(C2CCN2)cc1,Cc1cccc(-c2nnc(S)n2CC(=O)N2CCC2c2ccc(Br)cc2)c1,Amidation,,
C151821,1,,,,Cc1cccc(-c2nnc(S)n2CC(=O)O)c1,Clc1ccc(C2CCN2)cc1,Cc1cccc(-c2nnc(S)n2CC(=O)N2CCC2c2ccc(Cl)cc2)c1,Amidation,,
C100057,1,,,,O=C(O)c1cc(F)nc(Cl)c1,Cc1ccc(F)c(Br)c1N,Cc1ccc(F)c(Br)c1NC(=O)c1cc(F)nc(Cl)c1,Amidation,,
C100058,1,,,,O=C(O)c1cc(Br)ncc1F,Cc1cc(F)c(F)cc1N,Cc1cc(F)c(F)cc1NC(=O)c1cc(Br)ncc1F,Amidation,,
C151829,1,,,,Cc1cccc(-c2nnc(S)n2CC(=O)O)c1,Nc1cccc2c1CNC2=O,Cc1cccc(-c2nnc(S)n2CC(=O)Nc2cccc3c2CNC3=O)c1,Amidation,,
C100063,1,,,,O=C(O)c1cc(Br)ncc1F,Cc1ccc(F)c(Br)c1N,Cc1ccc(F)c(Br)c1NC(=O)c1cc(Br)ncc1F,Amidation,,
C151840,1,,,,Cc1cccc(-c2nnc(S)n2CC(=O)O)c1,Fc1cccc(C2CCN2)c1,Cc1cccc(-c2nnc(S)n2CC(=O)N2CCC2c2cccc(F)c2)c1,Amidation,,
C100076,1,,,,O=C(O)c1c(Cl)cncc1Br,Cc1ccc(F)c(Br)c1N,Cc1ccc(F)c(Br)c1NC(=O)c1c(Cl)cncc1Br,Amidation,,
C100077,1,,,,O=C(O)c1c(Cl)cncc1Br,N#Cc1ccc(F)cc1N,N#Cc1ccc(F)cc1NC(=O)c1c(Cl)cncc1Br,Amidation,,
C100078,1,,,,O=C(O)c1c(Cl)cncc1Br,Cc1c(N)cc(F)cc1F,Cc1c(F)cc(F)cc1NC(=O)c1c(Cl)cncc1Br,Amidation,,
C100079,1,,,,O=C(O)c1c(Cl)cncc1Br,Cc1cc(O)c(F)cc1N,Cc1cc(O)c(F)cc1NC(=O)c1c(Cl)cncc1Br,Amidation,,
C100081,1,,,,O=C(O)c1c(Cl)cncc1Br,Cc1c(N)cc(F)cc1Br,Cc1c(Br)cc(F)cc1NC(=O)c1c(Cl)cncc1Br,Amidation,,
C100082,1,,,,O=C(O)c1c(Cl)cncc1Br,Cc1cc(Br)c(F)cc1N,Cc1cc(Br)c(F)cc1NC(=O)c1c(Cl)cncc1Br,Amidation,,
C100083,1,,,,O=C(O)c1c(Cl)cncc1Br,CCc1ccc(F)cc1N,CCc1ccc(F)cc1NC(=O)c1c(Cl)cncc1Br,Amidation,,
C100085,1,,,,O=C(O)c1c(Cl)cncc1Br,C#Cc1ccc(F)cc1N,C#Cc1ccc(F)cc1NC(=O)c1c(Cl)cncc1Br,Amidation,,
C100087,1,,,,O=C(O)c1c(Cl)cncc1Br,Cc1cc(F)cc(N)c1C,Cc1cc(F)cc(NC(=O)c2c(Cl)cncc2Br)c1C,Amidation,,
C100088,1,,,,O=C(O)c1c(Cl)cncc1Br,Cc1cc(F)c(F)cc1N,Cc1cc(F)c(F)cc1NC(=O)c1c(Cl)cncc1Br,Amidation,,
C151859,1,,,,Cc1cccc(-c2nnc(S)n2CC(=O)O)c1,CN1Cc2ccc(N)cc2C1,Cc1cccc(-c2nnc(S)n2CC(=O)Nc2ccc3c(c2)CN(C)C3)c1,Amidation,,
C151863,1,,,,c1ccc(C2CCCN2)cc1,Cc1cccc(-c2nnc(S)n2CC(=O)O)c1,Cc1cccc(-c2nnc(S)n2CC(=O)N2CCCC2c2ccccc2)c1,Amidation,,
C151869,1,,,,O=C(O)Cn1c(S)nnc1-c1ccc(Cl)cc1,CN1Cc2ccc(N)cc2C1,CN1Cc2ccc(NC(=O)Cn3c(S)nnc3-c3ccc(Cl)cc3)cc2C1,Amidation,,
C100105,1,,,,O=C(O)c1cc(F)ncc1I,Cc1ccc(F)c(Br)c1N,Cc1ccc(F)c(Br)c1NC(=O)c1cc(F)ncc1I,Amidation,,
C100106,1,,,,O=C(O)c1cc(F)ncc1I,N#Cc1ccc(F)cc1N,N#Cc1ccc(F)cc1NC(=O)c1cc(F)ncc1I,Amidation,,
C100107,1,,,,O=C(O)c1cc(F)ncc1I,Cc1c(N)cc(F)cc1F,Cc1c(F)cc(F)cc1NC(=O)c1cc(F)ncc1I,Amidation,,
C100110,1,,,,O=C(O)c1cc(F)ncc1I,Cc1c(N)cc(F)cc1Br,Cc1c(Br)cc(F)cc1NC(=O)c1cc(F)ncc1I,Amidation,,
C100111,1,,,,O=C(O)c1cc(F)ncc1I,Cc1cc(Br)c(F)cc1N,Cc1cc(Br)c(F)cc1NC(=O)c1cc(F)ncc1I,Amidation,,
C100114,1,,,,O=C(O)c1cc(F)ncc1I,C#Cc1ccc(F)cc1N,C#Cc1ccc(F)cc1NC(=O)c1cc(F)ncc1I,Amidation,,
C100116,1,,,,O=C(O)c1cc(F)ncc1I,Cc1cc(F)cc(N)c1C,Cc1cc(F)cc(NC(=O)c2cc(F)ncc2I)c1C,Amidation,,
C100117,1,,,,O=C(O)c1cc(F)ncc1I,Cc1cc(F)c(F)cc1N,Cc1cc(F)c(F)cc1NC(=O)c1cc(F)ncc1I,Amidation,,
C151889,1,,,,Cc1ccc(-c2nnc(S)n2CC(=O)O)cc1,Fc1cccc(C2CCN2)c1,Cc1ccc(-c2nnc(S)n2CC(=O)N2CCC2c2cccc(F)c2)cc1,Amidation,,
C151900,1,,,,Cc1ccc(-c2nnc(S)n2CC(=O)O)cc1,Nc1cccc2c1CNC2=O,Cc1ccc(-c2nnc(S)n2CC(=O)Nc2cccc3c2CNC3=O)cc1,Amidation,,
C151902,1,,,,Cc1ccc(-c2nnc(S)n2CC(=O)O)cc1,CN(C)Cc1ccccc1N,Cc1ccc(-c2nnc(S)n2CC(=O)Nc2ccccc2CN(C)C)cc1,Amidation,,
C151908,1,,,,Cc1ccc(-c2nnc(S)n2CC(=O)O)cc1,Clc1ccc(C2CCN2)cc1,Cc1ccc(-c2nnc(S)n2CC(=O)N2CCC2c2ccc(Cl)cc2)cc1,Amidation,,
C151911,1,,,,Cc1ccc(-c2nnc(S)n2CC(=O)O)cc1,Brc1ccc(C2CCN2)cc1,Cc1ccc(-c2nnc(S)n2CC(=O)N2CCC2c2ccc(Br)cc2)cc1,Amidation,,
C151912,1,,,,Cc1ccc(-c2nnc(S)n2CC(=O)O)cc1,CC1CNC1c1ccccc1,Cc1ccc(-c2nnc(S)n2CC(=O)N2CC(C)C2c2ccccc2)cc1,Amidation,,
C100157,1,,,,Cc1c(C(=O)O)ccnc1F,Cc1ccc(F)c(Br)c1N,Cc1ccc(F)c(Br)c1NC(=O)c1ccnc(F)c1C,Amidation,,
C100165,1,,,,O=C(O)c1ccnc(F)c1Cl,Cc1c(N)cc(F)cc1Br,Cc1c(Br)cc(F)cc1NC(=O)c1ccnc(F)c1Cl,Amidation,,
C100167,1,,,,O=C(O)c1ccnc(F)c1Cl,Cc1cc(Br)c(F)cc1N,Cc1cc(Br)c(F)cc1NC(=O)c1ccnc(F)c1Cl,Amidation,,
C100171,1,,,,O=C(O)c1ccnc(F)c1Cl,Cc1cc(F)cc(N)c1C,Cc1cc(F)cc(NC(=O)c2ccnc(F)c2Cl)c1C,Amidation,,
C100213,1,,,,O=C(O)c1c(O)cncc1Cl,Cc1c(N)cc(F)cc1Br,Cc1c(Br)cc(F)cc1NC(=O)c1c(O)cncc1Cl,Amidation,,
C100221,1,,,,O=C(O)c1ccnc(Br)c1Cl,Cc1ccc(F)c(Br)c1N,Cc1ccc(F)c(Br)c1NC(=O)c1ccnc(Br)c1Cl,Amidation,,
C100223,1,,,,O=C(O)c1ccnc(Br)c1Cl,Cc1c(N)cc(F)cc1F,Cc1c(F)cc(F)cc1NC(=O)c1ccnc(Br)c1Cl,Amidation,,
C100226,1,,,,O=C(O)c1ccnc(Br)c1Cl,Cc1c(N)cc(F)cc1Br,Cc1c(Br)cc(F)cc1NC(=O)c1ccnc(Br)c1Cl,Amidation,,
C100227,1,,,,O=C(O)c1ccnc(Br)c1Cl,Cc1cc(Br)c(F)cc1N,Cc1cc(Br)c(F)cc1NC(=O)c1ccnc(Br)c1Cl,Amidation,,
C100231,1,,,,O=C(O)c1ccnc(Br)c1Cl,Cc1cc(F)cc(N)c1C,Cc1cc(F)cc(NC(=O)c2ccnc(Br)c2Cl)c1C,Amidation,,
C100235,1,,,,O=C(O)c1ccnc(Br)c1Cl,C#Cc1ccc(F)cc1N,C#Cc1ccc(F)cc1NC(=O)c1ccnc(Br)c1Cl,Amidation,,
C100237,1,,,,O=C(O)c1cc(Cl)ncc1Br,Cc1cc(F)cc(N)c1C,Cc1cc(F)cc(NC(=O)c2cc(Cl)ncc2Br)c1C,Amidation,,
C100238,1,,,,O=C(O)c1cc(Cl)ncc1Br,Cc1cc(F)c(F)cc1N,Cc1cc(F)c(F)cc1NC(=O)c1cc(Cl)ncc1Br,Amidation,,
C100257,1,,,,O=C(O)c1cc(Cl)ncc1Br,C#Cc1ccc(F)cc1N,C#Cc1ccc(F)cc1NC(=O)c1cc(Cl)ncc1Br,Amidation,,
C100258,1,,,,O=C(O)c1cc(O)ncc1Br,Cc1c(N)cc(F)cc1Br,Cc1c(Br)cc(F)cc1NC(=O)c1cc(O)ncc1Br,Amidation,,
C100267,1,,,,O=C(O)c1cc(Cl)ncc1Br,CCc1ccc(F)cc1N,CCc1ccc(F)cc1NC(=O)c1cc(Cl)ncc1Br,Amidation,,
C100268,1,,,,O=C(O)c1cc(Cl)ncc1Br,Cc1cc(Br)c(F)cc1N,Cc1cc(Br)c(F)cc1NC(=O)c1cc(Cl)ncc1Br,Amidation,,
C100269,1,,,,O=C(O)c1c(F)cncc1Br,CCc1ccc(F)cc1N,CCc1ccc(F)cc1NC(=O)c1c(F)cncc1Br,Amidation,,
C100273,1,,,,O=C(O)c1c(F)cncc1Br,Cc1cc(F)cc(N)c1C,Cc1cc(F)cc(NC(=O)c2c(F)cncc2Br)c1C,Amidation,,
C100282,1,,,,O=C(O)c1c(F)cncc1Br,Cc1cc(Br)c(F)cc1N,Cc1cc(Br)c(F)cc1NC(=O)c1c(F)cncc1Br,Amidation,,
C100283,1,,,,O=C(O)c1ccnc(Cl)c1Cl,Cc1ccc(F)c(Br)c1N,Cc1ccc(F)c(Br)c1NC(=O)c1ccnc(Cl)c1Cl,Amidation,,
C100284,1,,,,O=C(O)c1c(F)cncc1Br,Cc1c(N)cc(F)cc1Br,Cc1c(Br)cc(F)cc1NC(=O)c1c(F)cncc1Br,Amidation,,
C100287,1,,,,O=C(O)c1ccnc(Cl)c1Br,N#Cc1ccc(F)cc1N,N#Cc1ccc(F)cc1NC(=O)c1ccnc(Cl)c1Br,Amidation,,
C100288,1,,,,O=C(O)c1ccnc(Cl)c1Br,Cc1c(N)cc(F)cc1F,Cc1c(F)cc(F)cc1NC(=O)c1ccnc(Cl)c1Br,Amidation,,
C100289,1,,,,O=C(O)c1ccnc(Cl)c1Br,Cc1cc(O)c(F)cc1N,Cc1cc(O)c(F)cc1NC(=O)c1ccnc(Cl)c1Br,Amidation,,
C100290,1,,,,O=C(O)c1ccnc(Cl)c1Br,Nc1cc(F)ccc1CO,O=C(Nc1cc(F)ccc1CO)c1ccnc(Cl)c1Br,Amidation,,
C100292,1,,,,O=C(O)c1ccnc(Cl)c1Br,Cc1cc(Br)c(F)cc1N,Cc1cc(Br)c(F)cc1NC(=O)c1ccnc(Cl)c1Br,Amidation,,
C100297,1,,,,O=C(O)c1ccnc(Cl)c1Br,Cc1cc(F)cc(N)c1C,Cc1cc(F)cc(NC(=O)c2ccnc(Cl)c2Br)c1C,Amidation,,
C100298,1,,,,O=C(O)c1ccnc(Cl)c1Br,Cc1cc(F)c(F)cc1N,Cc1cc(F)c(F)cc1NC(=O)c1ccnc(Cl)c1Br,Amidation,,
C100301,1,,,,O=C(O)c1c(F)cncc1Br,N#Cc1ccc(F)cc1N,N#Cc1ccc(F)cc1NC(=O)c1c(F)cncc1Br,Amidation,,
C100302,1,,,,O=C(O)c1c(F)cncc1Br,Cc1c(N)cc(F)cc1F,Cc1c(F)cc(F)cc1NC(=O)c1c(F)cncc1Br,Amidation,,
C100304,1,,,,O=C(O)c1ccnc(Cl)c1Cl,N#Cc1ccc(F)cc1N,N#Cc1ccc(F)cc1NC(=O)c1ccnc(Cl)c1Cl,Amidation,,
C100308,1,,,,O=C(O)c1cc(Cl)nc(Br)c1,Cc1c(N)cc(F)cc1Br,Cc1c(Br)cc(F)cc1NC(=O)c1cc(Cl)nc(Br)c1,Amidation,,
C100317,1,,,,O=C(O)c1cc(Cl)ncc1Br,Cc1ccc(F)c(Br)c1N,Cc1ccc(F)c(Br)c1NC(=O)c1cc(Cl)ncc1Br,Amidation,,
C100318,1,,,,O=C(O)c1cc(Cl)ncc1Br,N#Cc1ccc(F)cc1N,N#Cc1ccc(F)cc1NC(=O)c1cc(Cl)ncc1Br,Amidation,,
C100320,1,,,,O=C(O)c1cc(Cl)ncc1Br,Cc1cc(O)c(F)cc1N,Cc1cc(O)c(F)cc1NC(=O)c1cc(Cl)ncc1Br,Amidation,,
C100321,1,,,,O=C(O)c1cc(Cl)ncc1Br,Nc1cc(F)ccc1CO,O=C(Nc1cc(F)ccc1CO)c1cc(Cl)ncc1Br,Amidation,,
C100322,1,,,,O=C(O)c1cc(Cl)ncc1Br,Cc1c(N)cc(F)cc1Br,Cc1c(Br)cc(F)cc1NC(=O)c1cc(Cl)ncc1Br,Amidation,,
C100324,1,,,,O=C(O)c1ccnc(Cl)c1Cl,Cc1c(N)cc(F)cc1F,Cc1c(F)cc(F)cc1NC(=O)c1ccnc(Cl)c1Cl,Amidation,,
C100329,1,,,,O=C(O)c1ccnc(Cl)c1Cl,Cc1cc(Br)c(F)cc1N,Cc1cc(Br)c(F)cc1NC(=O)c1ccnc(Cl)c1Cl,Amidation,,
C100334,1,,,,O=C(O)c1ccnc(Cl)c1Cl,Cc1cc(F)cc(N)c1C,Cc1cc(F)cc(NC(=O)c2ccnc(Cl)c2Cl)c1C,Amidation,,
C100335,1,,,,O=C(O)c1ccnc(Cl)c1Cl,Cc1cc(F)c(F)cc1N,Cc1cc(F)c(F)cc1NC(=O)c1ccnc(Cl)c1Cl,Amidation,,
C100393,1,,,,O=C(O)c1ccnc(I)c1F,CCc1ccc(F)cc1N,CCc1ccc(F)cc1NC(=O)c1ccnc(I)c1F,Amidation,,
C100502,1,,,,O=C(O)c1c(F)cncc1Cl,N#Cc1ccc(F)cc1N,N#Cc1ccc(F)cc1NC(=O)c1c(F)cncc1Cl,Amidation,,
C100517,1,,,,Cc1cnc(Cl)cc1C(=O)O,Cc1ccc(F)c(Br)c1N,Cc1cnc(Cl)cc1C(=O)Nc1c(C)ccc(F)c1Br,Amidation,,
C100529,1,,,,O=C(O)c1ccnc(F)c1I,N#Cc1ccc(F)cc1N,N#Cc1ccc(F)cc1NC(=O)c1ccnc(F)c1I,Amidation,,
C100533,1,,,,O=C(O)c1ccnc(F)c1I,Cc1c(N)cc(F)cc1Br,Cc1c(Br)cc(F)cc1NC(=O)c1ccnc(F)c1I,Amidation,,
C100534,1,,,,O=C(O)c1ccnc(F)c1I,Cc1cc(Br)c(F)cc1N,Cc1cc(Br)c(F)cc1NC(=O)c1ccnc(F)c1I,Amidation,,
C100535,1,,,,O=C(O)c1ccnc(F)c1I,CCc1ccc(F)cc1N,CCc1ccc(F)cc1NC(=O)c1ccnc(F)c1I,Amidation,,
C100539,1,,,,O=C(O)c1ccnc(F)c1I,Cc1cc(F)cc(N)c1C,Cc1cc(F)cc(NC(=O)c2ccnc(F)c2I)c1C,Amidation,,
C100544,1,,,,O=C(O)c1cc(Cl)ncc1Cl,C#Cc1ccc(F)cc1N,C#Cc1ccc(F)cc1NC(=O)c1cc(Cl)ncc1Cl,Amidation,,
C100547,1,,,,O=C(O)c1cc(Cl)ncc1Cl,Cc1cc(Br)c(F)cc1N,Cc1cc(Br)c(F)cc1NC(=O)c1cc(Cl)ncc1Cl,Amidation,,
C100548,1,,,,O=C(O)c1cc(Cl)ncc1Cl,Cc1c(N)cc(F)cc1Br,Cc1c(Br)cc(F)cc1NC(=O)c1cc(Cl)ncc1Cl,Amidation,,
C100551,1,,,,O=C(O)c1cc(Cl)ncc1Cl,Cc1c(N)cc(F)cc1F,Cc1c(F)cc(F)cc1NC(=O)c1cc(Cl)ncc1Cl,Amidation,,
C100552,1,,,,O=C(O)c1cc(Cl)ncc1Cl,N#Cc1ccc(F)cc1N,N#Cc1ccc(F)cc1NC(=O)c1cc(Cl)ncc1Cl,Amidation,,
C100553,1,,,,O=C(O)c1cc(Cl)ncc1Cl,Cc1ccc(F)c(Br)c1N,Cc1ccc(F)c(Br)c1NC(=O)c1cc(Cl)ncc1Cl,Amidation,,
C100588,1,,,,O=C(O)c1ccnc(F)c1I,Cc1cc(F)c(F)cc1N,Cc1cc(F)c(F)cc1NC(=O)c1ccnc(F)c1I,Amidation,,
C100590,1,,,,O=C(O)c1cc(Cl)nc(Cl)c1,Cc1ccc(F)c(Br)c1N,Cc1ccc(F)c(Br)c1NC(=O)c1cc(Cl)nc(Cl)c1,Amidation,,
C100595,1,,,,O=C(O)c1cc(Cl)nc(Cl)c1,Cc1c(N)cc(F)cc1Br,Cc1c(Br)cc(F)cc1NC(=O)c1cc(Cl)nc(Cl)c1,Amidation,,
C100596,1,,,,O=C(O)c1cc(Cl)nc(Cl)c1,Cc1cc(Br)c(F)cc1N,Cc1cc(Br)c(F)cc1NC(=O)c1cc(Cl)nc(Cl)c1,Amidation,,
C100605,1,,,,O=C(O)c1ccnc(Cl)c1I,Cc1cc(F)cc(N)c1C,Cc1cc(F)cc(NC(=O)c2ccnc(Cl)c2I)c1C,Amidation,,
C100612,1,,,,O=C(O)c1ccnc(Cl)c1I,Cc1ccc(F)c(Br)c1N,Cc1ccc(F)c(Br)c1NC(=O)c1ccnc(Cl)c1I,Amidation,,
C100614,1,,,,O=C(O)c1ccnc(Cl)c1I,Cc1c(N)cc(F)cc1F,Cc1c(F)cc(F)cc1NC(=O)c1ccnc(Cl)c1I,Amidation,,
C100615,1,,,,O=C(O)c1ccnc(Cl)c1I,Cc1cc(O)c(F)cc1N,Cc1cc(O)c(F)cc1NC(=O)c1ccnc(Cl)c1I,Amidation,,
C100617,1,,,,O=C(O)c1ccnc(Cl)c1I,Cc1c(N)cc(F)cc1Br,Cc1c(Br)cc(F)cc1NC(=O)c1ccnc(Cl)c1I,Amidation,,
C100618,1,,,,O=C(O)c1ccnc(Cl)c1I,Cc1cc(Br)c(F)cc1N,Cc1cc(Br)c(F)cc1NC(=O)c1ccnc(Cl)c1I,Amidation,,
C100619,1,,,,O=C(O)c1ccnc(Cl)c1I,CCc1ccc(F)cc1N,CCc1ccc(F)cc1NC(=O)c1ccnc(Cl)c1I,Amidation,,
C100621,1,,,,O=C(O)c1ccnc(Cl)c1I,C#Cc1ccc(F)cc1N,C#Cc1ccc(F)cc1NC(=O)c1ccnc(Cl)c1I,Amidation,,
C100623,1,,,,O=C(O)c1ccnc(Cl)c1I,Cc1cc(F)c(F)cc1N,Cc1cc(F)c(F)cc1NC(=O)c1ccnc(Cl)c1I,Amidation,,
C100627,1,,,,O=C(O)c1cc(Br)ncc1Cl,Cc1cc(F)cc(N)c1C,Cc1cc(F)cc(NC(=O)c2cc(Br)ncc2Cl)c1C,Amidation,,
C100630,1,,,,O=C(O)c1c(F)cncc1Cl,Cc1cc(F)cc(N)c1C,Cc1cc(F)cc(NC(=O)c2c(F)cncc2Cl)c1C,Amidation,,
C100632,1,,,,O=C(O)c1c(F)cncc1Cl,C#Cc1ccc(F)cc1N,C#Cc1ccc(F)cc1NC(=O)c1c(F)cncc1Cl,Amidation,,
C100635,1,,,,O=C(O)c1c(F)cncc1Cl,Cc1cc(Br)c(F)cc1N,Cc1cc(Br)c(F)cc1NC(=O)c1c(F)cncc1Cl,Amidation,,
C100636,1,,,,O=C(O)c1c(F)cncc1Cl,Cc1c(N)cc(F)cc1Br,Cc1c(Br)cc(F)cc1NC(=O)c1c(F)cncc1Cl,Amidation,,
C100638,1,,,,O=C(O)c1c(F)cncc1Cl,Cc1cc(O)c(F)cc1N,Cc1cc(O)c(F)cc1NC(=O)c1c(F)cncc1Cl,Amidation,,
C100639,1,,,,O=C(O)c1c(F)cncc1Cl,Cc1c(N)cc(F)cc1F,Cc1c(F)cc(F)cc1NC(=O)c1c(F)cncc1Cl,Amidation,,
C100643,1,,,,O=C(O)c1cc(Br)ncc1Cl,CCc1ccc(F)cc1N,CCc1ccc(F)cc1NC(=O)c1cc(Br)ncc1Cl,Amidation,,
C100654,1,,,,O=C(O)c1cc(Br)ncc1Cl,Cc1ccc(F)c(Br)c1N,Cc1ccc(F)c(Br)c1NC(=O)c1cc(Br)ncc1Cl,Amidation,,
C100657,1,,,,O=C(O)c1cc(Br)ncc1Cl,Cc1cc(O)c(F)cc1N,Cc1cc(O)c(F)cc1NC(=O)c1cc(Br)ncc1Cl,Amidation,,
C163703,1,,,,O=C(O)c1c(C(F)(F)F)ccc(F)c1F,CC1NC2(CNC1=O)COC2,CC1C(=O)NCC2(COC2)N1C(=O)c1c(C(F)(F)F)ccc(F)c1F,Amidation,,
C161349,1,,,,Cc1cccc(C(F)(F)F)c1C(=O)O,CC1NC(C)C(C)NC1=O,Cc1cccc(C(F)(F)F)c1C(=O)N1C(C)C(=O)NC(C)C1C,Amidation,,
C100662,1,,,,O=C(O)c1c(F)cncc1Cl,Cc1ccc(F)c(Br)c1N,Cc1ccc(F)c(Br)c1NC(=O)c1c(F)cncc1Cl,Amidation,,
C100663,1,,,,O=C(O)c1ccnc(Cl)c1F,Cc1cc(Br)c(F)cc1N,Cc1cc(Br)c(F)cc1NC(=O)c1ccnc(Cl)c1F,Amidation,,
C126688,1,,,,O=C(O)CS(=O)(=O)c1ccccc1Cl,N#Cc1cc(Cl)ccc1N,N#Cc1cc(Cl)ccc1NC(=O)CS(=O)(=O)c1ccccc1Cl,Amidation,,
C100665,1,,,,Cc1cc(C(=O)O)c(Br)cn1,Nc1cc(F)ccc1CO,Cc1cc(C(=O)Nc2cc(F)ccc2CO)c(Br)cn1,Amidation,,
C100666,1,,,,Cc1cc(C(=O)O)c(Br)cn1,Cc1cc(O)c(F)cc1N,Cc1cc(C(=O)Nc2cc(F)c(O)cc2C)c(Br)cn1,Amidation,,
C100667,1,,,,Cc1cc(C(=O)O)c(Br)cn1,Cc1c(N)cc(F)cc1F,Cc1cc(C(=O)Nc2cc(F)cc(F)c2C)c(Br)cn1,Amidation,,
C100668,1,,,,Cc1cc(C(=O)O)c(Br)cn1,N#Cc1ccc(F)cc1N,Cc1cc(C(=O)Nc2cc(F)ccc2C#N)c(Br)cn1,Amidation,,
C100671,1,,,,Cc1cc(C(=O)O)c(Br)cn1,Cc1cc(F)c(F)cc1N,Cc1cc(C(=O)Nc2cc(F)c(F)cc2C)c(Br)cn1,Amidation,,
C100676,1,,,,Cc1cc(C(=O)O)c(Br)cn1,CCc1ccc(F)cc1N,CCc1ccc(F)cc1NC(=O)c1cc(C)ncc1Br,Amidation,,
C100678,1,,,,Cc1cc(C(=O)O)c(Br)cn1,Cc1c(N)cc(F)cc1Br,Cc1cc(C(=O)Nc2cc(F)cc(Br)c2C)c(Br)cn1,Amidation,,
C100679,1,,,,O=C(O)c1ccnc(Cl)c1F,Cc1c(N)cc(F)cc1Br,Cc1c(Br)cc(F)cc1NC(=O)c1ccnc(Cl)c1F,Amidation,,
C161370,1,,,,O=C(O)c1ccc(Br)cc1C(F)(F)F,O=C1NCC2CCCC1N2,O=C1NCC2CCCC1N2C(=O)c1ccc(Br)cc1C(F)(F)F,Amidation,,
C161404,1,,,,Cc1cccc(C(F)(F)F)c1C(=O)O,O=C1NCC2CCCC1N2,Cc1cccc(C(F)(F)F)c1C(=O)N1C2CCCC1C(=O)NC2,Amidation,,
C161469,1,,,,O=C(O)c1ccc(Cl)cc1C(F)(F)F,O=C1NCC2CCCC1N2,O=C1NCC2CCCC1N2C(=O)c1ccc(Cl)cc1C(F)(F)F,Amidation,,
C126813,1,,,,O=C(O)CS(=O)(=O)c1ccccc1Cl,Cc1cc(Cl)cc(C)c1N,Cc1cc(Cl)cc(C)c1NC(=O)CS(=O)(=O)c1ccccc1Cl,Amidation,,
C161491,1,,,,O=C(O)c1cc(F)ccc1C(F)(F)F,O=C1NCC2CCCC1N2,O=C1NCC2CCCC1N2C(=O)c1cc(F)ccc1C(F)(F)F,Amidation,,
C100826,1,,,,O=C(O)c1ccncc1I,CCc1cc(F)cc(N)c1C,CCc1cc(F)cc(NC(=O)c2ccncc2I)c1C,Amidation,,
C100830,1,,,,O=C(O)c1ccncc1I,N#Cc1ccc(F)c(F)c1N,N#Cc1ccc(F)c(F)c1NC(=O)c1ccncc1I,Amidation,,
C161561,1,,,,O=C(O)c1ccc(I)cc1C(F)(F)F,O=C1NCC2CCCC1N2,O=C1NCC2CCCC1N2C(=O)c1ccc(I)cc1C(F)(F)F,Amidation,,
C100881,1,,,,O=C(O)c1ccncc1S,CC(C)c1ccc(F)cc1N,CC(C)c1ccc(F)cc1NC(=O)c1ccncc1S,Amidation,,
C100886,1,,,,O=C(O)c1ccncc1S,Cc1c(N)cc(F)cc1C#N,Cc1c(C#N)cc(F)cc1NC(=O)c1ccncc1S,Amidation,,
C100889,1,,,,O=C(O)c1ccncc1S,N#Cc1ccc(F)c(Br)c1N,N#Cc1ccc(F)c(Br)c1NC(=O)c1ccncc1S,Amidation,,
C100890,1,,,,O=C(O)c1ccncc1S,Nc1cc(F)c(F)cc1CO,O=C(Nc1cc(F)c(F)cc1CO)c1ccncc1S,Amidation,,
C161600,1,,,,O=C(O)c1c(Cl)cccc1C(F)(F)F,O=C1NCC2CCCC1N2,O=C1NCC2CCCC1N2C(=O)c1c(Cl)cccc1C(F)(F)F,Amidation,,
C100922,1,,,,O=C(O)c1ccncc1S,CCc1cc(F)cc(N)c1C,CCc1cc(F)cc(NC(=O)c2ccncc2S)c1C,Amidation,,
C100924,1,,,,O=C(O)c1ccncc1S,Nc1cc(F)cc(F)c1C=O,O=Cc1c(F)cc(F)cc1NC(=O)c1ccncc1S,Amidation,,
C161620,1,,,,O=C(O)c1cccc(F)c1C(F)(F)F,O=C1NCC2CCCC1N2,O=C1NCC2CCCC1N2C(=O)c1cccc(F)c1C(F)(F)F,Amidation,,
C100967,1,,,,O=C(O)c1ccncc1S,C#Cc1cc(F)c(F)cc1N,C#Cc1cc(F)c(F)cc1NC(=O)c1ccncc1S,Amidation,,
C100970,1,,,,O=C(O)c1ccncc1S,Nc1cc(F)c(Br)cc1CO,O=C(Nc1cc(F)c(Br)cc1CO)c1ccncc1S,Amidation,,
C100972,1,,,,O=C(O)c1ccncc1S,Nc1cc(F)c(Br)cc1C=O,O=Cc1cc(Br)c(F)cc1NC(=O)c1ccncc1S,Amidation,,
C161692,1,,,,O=C(O)c1ccc(F)cc1C(F)(F)F,O=C1NCC2CCCC1N2,O=C1NCC2CCCC1N2C(=O)c1ccc(F)cc1C(F)(F)F,Amidation,,
C161734,1,,,,O=C(O)c1cc(Cl)ccc1C(F)(F)F,O=C1NCC2CCCC1N2,O=C1NCC2CCCC1N2C(=O)c1cc(Cl)ccc1C(F)(F)F,Amidation,,
C101052,1,,,,O=C(O)c1ccncc1I,CC(=O)c1ccc(F)cc1N,CC(=O)c1ccc(F)cc1NC(=O)c1ccncc1I,Amidation,,
C161764,1,,,,Cc1cccc(C(=O)O)c1C(F)(F)F,O=C1NCC2CCCC1N2,Cc1cccc(C(=O)N2C3CCCC2C(=O)NC3)c1C(F)(F)F,Amidation,,
C101083,1,,,,O=C(O)c1ccncc1Br,N#Cc1ccc(F)c(Br)c1N,N#Cc1ccc(F)c(Br)c1NC(=O)c1ccncc1Br,Amidation,,
C161801,1,,,,O=C(O)c1c(O)cccc1C(F)(F)F,CCCC1NCCNC1=O,CCCC1C(=O)NCCN1C(=O)c1c(O)cccc1C(F)(F)F,Amidation,,
C161802,1,,,,O=C(O)c1c(O)cccc1C(F)(F)F,CC1NC(C)C(C)NC1=O,CC1NC(=O)C(C)N(C(=O)c2c(O)cccc2C(F)(F)F)C1C,Amidation,,
C161807,1,,,,O=C(O)c1c(O)cccc1C(F)(F)F,O=C1NCCNC1C1CC1,O=C1NCCN(C(=O)c2c(O)cccc2C(F)(F)F)C1C1CC1,Amidation,,
C161810,1,,,,O=C(O)c1c(O)cccc1C(F)(F)F,CN1CC(C)(C)NCC1=O,CN1CC(C)(C)N(C(=O)c2c(O)cccc2C(F)(F)F)CC1=O,Amidation,,
C101129,1,,,,O=C(O)c1ccncc1I,Nc1c(CO)ccc(F)c1F,O=C(Nc1c(CO)ccc(F)c1F)c1ccncc1I,Amidation,,
C161820,1,,,,O=C(O)c1c(O)cccc1C(F)(F)F,CC1CNC(C)(C)C(=O)N1,CC1CN(C(=O)c2c(O)cccc2C(F)(F)F)C(C)(C)C(=O)N1,Amidation,,
C101143,1,,,,O=C(O)c1ccncc1Br,Nc1cc(F)cc(F)c1CO,O=C(Nc1cc(F)cc(F)c1CO)c1ccncc1Br,Amidation,,
C101165,1,,,,O=C(O)c1ccncc1I,CC(C)c1ccc(F)cc1N,CC(C)c1ccc(F)cc1NC(=O)c1ccncc1I,Amidation,,
C161877,1,,,,O=C(O)c1c(Br)cccc1C(F)(F)F,O=C1NCC2CCCC1N2,O=C1NCC2CCCC1N2C(=O)c1c(Br)cccc1C(F)(F)F,Amidation,,
C101194,1,,,,O=C(O)c1ccncc1Br,C#Cc1cc(F)c(F)cc1N,C#Cc1cc(F)c(F)cc1NC(=O)c1ccncc1Br,Amidation,,
C101206,1,,,,O=C(O)c1ccncc1I,C#Cc1cc(F)c(F)cc1N,C#Cc1cc(F)c(F)cc1NC(=O)c1ccncc1I,Amidation,,
C101209,1,,,,O=C(O)c1ccncc1Br,CCc1cc(Br)c(F)cc1N,CCc1cc(Br)c(F)cc1NC(=O)c1ccncc1Br,Amidation,,
C161936,1,,,,Cc1ccc(C(F)(F)F)c(C(=O)O)c1,O=C1NCC2CCCC1N2,Cc1ccc(C(F)(F)F)c(C(=O)N2C3CCCC2C(=O)NC3)c1,Amidation,,
C101254,1,,,,O=C(O)c1ccncc1I,C#Cc1cc(C#N)c(F)cc1N,C#Cc1cc(C#N)c(F)cc1NC(=O)c1ccncc1I,Amidation,,
C101255,1,,,,O=C(O)c1ccncc1I,CC(=O)c1cc(Br)c(F)cc1N,CC(=O)c1cc(Br)c(F)cc1NC(=O)c1ccncc1I,Amidation,,
C161966,1,,,,O=C(O)c1c(O)cccc1C(F)(F)F,CCC1CN(C)C(=O)CN1,CCC1CN(C)C(=O)CN1C(=O)c1c(O)cccc1C(F)(F)F,Amidation,,
C101318,1,,,,O=C(O)c1ccncc1I,CC(=O)c1ccc(F)c(F)c1N,CC(=O)c1ccc(F)c(F)c1NC(=O)c1ccncc1I,Amidation,,
C101320,1,,,,O=C(O)c1ccncc1I,Cc1c(N)cc(F)cc1[N+](=O)[O-],Cc1c(NC(=O)c2ccncc2I)cc(F)cc1[N+](=O)[O-],Amidation,,
C162008,1,,,,Cc1ccc(C(=O)O)c(C(F)(F)F)c1,O=C1NCC2CCCC1N2,Cc1ccc(C(=O)N2C3CCCC2C(=O)NC3)c(C(F)(F)F)c1,Amidation,,
C118546,1,,,,O=C(O)Cc1nn(CC(F)(F)F)cc1I,CN1CCc2c(N)cccc2C1,CN1CCc2c(cccc2NC(=O)Cc2nn(CC(F)(F)F)cc2I)C1,Amidation,,
C101341,1,,,,O=C(O)c1ccncc1I,C#Cc1cc(Cl)c(F)c(F)c1N,C#Cc1cc(Cl)c(F)c(F)c1NC(=O)c1ccncc1I,Amidation,,
C101356,1,,,,O=C(O)c1ccnc(Cl)c1I,N#Cc1ccc(F)c(F)c1N,N#Cc1ccc(F)c(F)c1NC(=O)c1ccnc(Cl)c1I,Amidation,,
C101374,1,,,,O=C(O)c1ccnc(Cl)c1I,Nc1cc(F)c(Cl)cc1C=O,O=Cc1cc(Cl)c(F)cc1NC(=O)c1ccnc(Cl)c1I,Amidation,,
C101375,1,,,,O=C(O)c1ccnc(Cl)c1I,Nc1cc(F)c(Br)cc1CO,O=C(Nc1cc(F)c(Br)cc1CO)c1ccnc(Cl)c1I,Amidation,,
C101376,1,,,,O=C(O)c1ccnc(Cl)c1I,Nc1cc(F)c(Br)cc1C=O,O=Cc1cc(Br)c(F)cc1NC(=O)c1ccnc(Cl)c1I,Amidation,,
C101383,1,,,,O=C(O)c1ccnc(Cl)c1I,Nc1cc(F)ccc1C(F)F,O=C(Nc1cc(F)ccc1C(F)F)c1ccnc(Cl)c1I,Amidation,,
C101386,1,,,,O=C(O)c1ccnc(Cl)c1I,CCc1cc(Br)c(F)cc1N,CCc1cc(Br)c(F)cc1NC(=O)c1ccnc(Cl)c1I,Amidation,,
C101387,1,,,,O=C(O)c1ccnc(Cl)c1I,CCc1cc(F)cc(N)c1C,CCc1cc(F)cc(NC(=O)c2ccnc(Cl)c2I)c1C,Amidation,,
C101388,1,,,,O=C(O)c1ccnc(Cl)c1I,Nc1cc(F)cc(F)c1CO,O=C(Nc1cc(F)cc(F)c1CO)c1ccnc(Cl)c1I,Amidation,,
C101389,1,,,,O=C(O)c1ccnc(Cl)c1I,Nc1cc(F)cc(F)c1C=O,O=Cc1c(F)cc(F)cc1NC(=O)c1ccnc(Cl)c1I,Amidation,,
C101392,1,,,,O=C(O)c1ccnc(Cl)c1I,CC(=O)c1ccc(F)cc1N,CC(=O)c1ccc(F)cc1NC(=O)c1ccnc(Cl)c1I,Amidation,,
C101393,1,,,,O=C(O)c1ccnc(Cl)c1I,Nc1cc(F)ccc1C1CC1,O=C(Nc1cc(F)ccc1C1CC1)c1ccnc(Cl)c1I,Amidation,,
C101394,1,,,,O=C(O)c1ccnc(Cl)c1I,Cc1c(N)cc(F)cc1CO,Cc1c(CO)cc(F)cc1NC(=O)c1ccnc(Cl)c1I,Amidation,,
C101395,1,,,,O=C(O)c1ccnc(Cl)c1I,CC(C)c1ccc(F)cc1N,CC(C)c1ccc(F)cc1NC(=O)c1ccnc(Cl)c1I,Amidation,,
C101398,1,,,,O=C(O)c1ccnc(Cl)c1I,Nc1c(CO)ccc(F)c1F,O=C(Nc1c(CO)ccc(F)c1F)c1ccnc(Cl)c1I,Amidation,,
C101400,1,,,,O=C(O)c1ccnc(Cl)c1I,Cc1c(N)cc(F)cc1C#N,Cc1c(C#N)cc(F)cc1NC(=O)c1ccnc(Cl)c1I,Amidation,,
C101401,1,,,,O=C(O)c1ccnc(Cl)c1I,Cc1c(N)cc(F)c(C)c1Br,Cc1c(F)cc(NC(=O)c2ccnc(Cl)c2I)c(C)c1Br,Amidation,,
C101403,1,,,,O=C(O)c1ccnc(Cl)c1I,N#Cc1ccc(F)c(Br)c1N,N#Cc1ccc(F)c(Br)c1NC(=O)c1ccnc(Cl)c1I,Amidation,,
C101404,1,,,,O=C(O)c1ccnc(Cl)c1I,Nc1cc(F)c(F)cc1CO,O=C(Nc1cc(F)c(F)cc1CO)c1ccnc(Cl)c1I,Amidation,,
C162093,1,,,,O=C(O)c1cccc(Cl)c1C(F)(F)F,NCCN1CCNC(=O)C1,O=C1CN(CCNC(=O)c2cccc(Cl)c2C(F)(F)F)CCN1,Amidation,,
C162095,1,,,,O=C(O)c1cccc(Cl)c1C(F)(F)F,O=C1NCC2CCCC1N2,O=C1NCC2CCCC1N2C(=O)c1cccc(Cl)c1C(F)(F)F,Amidation,,
C101413,1,,,,O=C(O)c1ccnc(Cl)c1F,N#Cc1ccc(F)c(F)c1N,N#Cc1ccc(F)c(F)c1NC(=O)c1ccnc(Cl)c1F,Amidation,,
C101415,1,,,,O=C(O)c1ccnc(Cl)c1F,COc1cc(C)c(N)cc1F,COc1cc(C)c(NC(=O)c2ccnc(Cl)c2F)cc1F,Amidation,,
C101417,1,,,,O=C(O)c1ccnc(Cl)c1F,CCc1cc(F)cc(N)c1C,CCc1cc(F)cc(NC(=O)c2ccnc(Cl)c2F)c1C,Amidation,,
C101422,1,,,,O=C(O)c1ccnc(Cl)c1F,Nc1cc(F)ccc1C1CC1,O=C(Nc1cc(F)ccc1C1CC1)c1ccnc(Cl)c1F,Amidation,,
C162110,1,,,,O=C(O)c1c(F)cccc1C(F)(F)F,O=C1NCC2CCCC1N2,O=C1NCC2CCCC1N2C(=O)c1c(F)cccc1C(F)(F)F,Amidation,,
C101424,1,,,,O=C(O)c1ccnc(Cl)c1F,CC(C)c1ccc(F)cc1N,CC(C)c1ccc(F)cc1NC(=O)c1ccnc(Cl)c1F,Amidation,,
C162111,1,,,,CC(C)C1NCCNC1=O,O=C(O)c1c(F)cccc1C(F)(F)F,CC(C)C1C(=O)NCCN1C(=O)c1c(F)cccc1C(F)(F)F,Amidation,,
C101427,1,,,,O=C(O)c1ccncc1I,CC(=O)c1cc(F)c(F)cc1N,CC(=O)c1cc(F)c(F)cc1NC(=O)c1ccncc1I,Amidation,,
C101437,1,,,,O=C(O)c1ccnc(Cl)c1F,Cc1c(N)cc(F)c(C)c1Br,Cc1c(F)cc(NC(=O)c2ccnc(Cl)c2F)c(C)c1Br,Amidation,,
C101439,1,,,,O=C(O)c1ccnc(Cl)c1F,N#Cc1ccc(F)c(Br)c1N,N#Cc1ccc(F)c(Br)c1NC(=O)c1ccnc(Cl)c1F,Amidation,,
C101447,1,,,,O=C(O)c1ccnc(Cl)c1F,CCc1cc(Br)c(F)cc1N,CCc1cc(Br)c(F)cc1NC(=O)c1ccnc(Cl)c1F,Amidation,,
C101449,1,,,,O=C(O)c1ccnc(Cl)c1F,C#Cc1cc(F)c(F)cc1N,C#Cc1cc(F)c(F)cc1NC(=O)c1ccnc(Cl)c1F,Amidation,,
C101451,1,,,,O=C(O)c1ccnc(Cl)c1F,Nc1cc(F)c(Cl)cc1C=O,O=Cc1cc(Cl)c(F)cc1NC(=O)c1ccnc(Cl)c1F,Amidation,,
C162139,1,,,,CC(C)C1NCCNC1=O,O=C(O)c1c(O)cccc1C(F)(F)F,CC(C)C1C(=O)NCCN1C(=O)c1c(O)cccc1C(F)(F)F,Amidation,,
C162140,1,,,,O=C(O)c1c(O)cccc1C(F)(F)F,O=C1NCC2CCCC1N2,O=C1NCC2CCCC1N2C(=O)c1c(O)cccc1C(F)(F)F,Amidation,,
C101461,1,,,,O=C(O)c1ccncc1I,COC(=O)c1ccc(F)cc1N,COC(=O)c1ccc(F)cc1NC(=O)c1ccncc1I,Amidation,,
C101464,1,,,,O=C(O)c1cc(Cl)ncc1Cl,Cc1c(N)cc(F)c(C)c1Br,Cc1c(F)cc(NC(=O)c2cc(Cl)ncc2Cl)c(C)c1Br,Amidation,,
C101470,1,,,,O=C(O)c1cc(Cl)ncc1Cl,CC(C)c1ccc(F)cc1N,CC(C)c1ccc(F)cc1NC(=O)c1cc(Cl)ncc1Cl,Amidation,,
C101472,1,,,,O=C(O)c1cc(Cl)ncc1Cl,Nc1cc(F)ccc1C1CC1,O=C(Nc1cc(F)ccc1C1CC1)c1cc(Cl)ncc1Cl,Amidation,,
C101476,1,,,,O=C(O)c1cc(Cl)ncc1Cl,Nc1cc(F)cc(F)c1C=O,O=Cc1c(F)cc(F)cc1NC(=O)c1cc(Cl)ncc1Cl,Amidation,,
C101477,1,,,,O=C(O)c1cc(Cl)ncc1Cl,Nc1cc(F)cc(F)c1CO,O=C(Nc1cc(F)cc(F)c1CO)c1cc(Cl)ncc1Cl,Amidation,,
C101478,1,,,,O=C(O)c1cc(Cl)ncc1Cl,CCc1cc(F)cc(N)c1C,CCc1cc(F)cc(NC(=O)c2cc(Cl)ncc2Cl)c1C,Amidation,,
C127500,1,,,,CC(C)(C(=O)O)S(=O)(=O)c1ccc(Cl)cc1,Cc1c(N)cccc1F,Cc1c(F)cccc1NC(=O)C(C)(C)S(=O)(=O)c1ccc(Cl)cc1,Amidation,,
C101492,1,,,,Cc1cnc(Cl)cc1C(=O)O,CC(C)c1ccc(F)cc1N,Cc1cnc(Cl)cc1C(=O)Nc1cc(F)ccc1C(C)C,Amidation,,
C101495,1,,,,Cc1cnc(Cl)cc1C(=O)O,Nc1c(CO)ccc(F)c1F,Cc1cnc(Cl)cc1C(=O)Nc1c(CO)ccc(F)c1F,Amidation,,
C101498,1,,,,Cc1cnc(Cl)cc1C(=O)O,Cc1c(N)cc(F)c(C)c1Br,Cc1cnc(Cl)cc1C(=O)Nc1cc(F)c(C)c(Br)c1C,Amidation,,
C162202,1,,,,C#Cc1ccc(C(=O)O)c(C(F)(F)F)c1,O=C1NCC2CCCC1N2,C#Cc1ccc(C(=O)N2C3CCCC2C(=O)NC3)c(C(F)(F)F)c1,Amidation,,
C101516,1,,,,Cc1cnc(Cl)cc1C(=O)O,CCc1cc(Br)c(F)cc1N,CCc1cc(Br)c(F)cc1NC(=O)c1cc(Cl)ncc1C,Amidation,,
C101518,1,,,,Cc1cnc(Cl)cc1C(=O)O,CCc1cc(F)cc(N)c1C,CCc1cc(F)cc(NC(=O)c2cc(Cl)ncc2C)c1C,Amidation,,
C101524,1,,,,O=C(O)c1ccnc(Cl)c1,C#Cc1cc(Cl)c(F)c(F)c1N,C#Cc1cc(Cl)c(F)c(F)c1NC(=O)c1ccnc(Cl)c1,Amidation,,
C101536,1,,,,Cc1cnc(Cl)cc1C(=O)O,N#Cc1ccc(F)c(F)c1N,Cc1cnc(Cl)cc1C(=O)Nc1c(C#N)ccc(F)c1F,Amidation,,
C101551,1,,,,Cc1cnc(Cl)cc1C(=O)O,C#Cc1cc(F)c(F)cc1N,C#Cc1cc(F)c(F)cc1NC(=O)c1cc(Cl)ncc1C,Amidation,,
C101557,1,,,,O=C(O)c1cc(Cl)ncc1Cl,Nc1cc(F)c(Br)cc1C=O,O=Cc1cc(Br)c(F)cc1NC(=O)c1cc(Cl)ncc1Cl,Amidation,,
C101558,1,,,,O=C(O)c1cc(Cl)ncc1Cl,Nc1cc(F)c(Br)cc1CO,O=C(Nc1cc(F)c(Br)cc1CO)c1cc(Cl)ncc1Cl,Amidation,,
C101559,1,,,,O=C(O)c1cc(Cl)ncc1Cl,Nc1cc(F)c(Cl)cc1C=O,O=Cc1cc(Cl)c(F)cc1NC(=O)c1cc(Cl)ncc1Cl,Amidation,,
C101563,1,,,,O=C(O)c1cc(Cl)ncc1Cl,CCc1cc(Br)c(F)cc1N,CCc1cc(Br)c(F)cc1NC(=O)c1cc(Cl)ncc1Cl,Amidation,,
C101574,1,,,,O=C(O)c1cc(Cl)nc(Cl)c1,Nc1cc(F)ccc1C1CC1,O=C(Nc1cc(F)ccc1C1CC1)c1cc(Cl)nc(Cl)c1,Amidation,,
C101575,1,,,,O=C(O)c1cc(Cl)nc(Cl)c1,CC(=O)c1ccc(F)cc1N,CC(=O)c1ccc(F)cc1NC(=O)c1cc(Cl)nc(Cl)c1,Amidation,,
C101578,1,,,,O=C(O)c1cc(Cl)nc(Cl)c1,Nc1cc(F)cc(F)c1C=O,O=Cc1c(F)cc(F)cc1NC(=O)c1cc(Cl)nc(Cl)c1,Amidation,,
C101580,1,,,,O=C(O)c1cc(Cl)nc(Cl)c1,CCc1cc(F)cc(N)c1C,CCc1cc(F)cc(NC(=O)c2cc(Cl)nc(Cl)c2)c1C,Amidation,,
C162276,1,,,,COc1cccc(C(F)(F)F)c1C(=O)O,CCC1CN(C)C(=O)CN1,CCC1CN(C)C(=O)CN1C(=O)c1c(OC)cccc1C(F)(F)F,Amidation,,
C101594,1,,,,O=C(O)c1cc(Cl)nc(Cl)c1,Nc1cc(F)c(F)cc1C=O,O=Cc1cc(F)c(F)cc1NC(=O)c1cc(Cl)nc(Cl)c1,Amidation,,
C101598,1,,,,O=C(O)c1cc(Cl)nc(Cl)c1,N#Cc1ccc(F)c(Br)c1N,N#Cc1ccc(F)c(Br)c1NC(=O)c1cc(Cl)nc(Cl)c1,Amidation,,
C101600,1,,,,O=C(O)c1cc(Cl)nc(Cl)c1,Cc1c(N)cc(F)c(C)c1Br,Cc1c(F)cc(NC(=O)c2cc(Cl)nc(Cl)c2)c(C)c1Br,Amidation,,
C127626,1,,,,O=C(O)CS(=O)(=O)c1cccc2nsnc12,Cc1c(N)cccc1F,Cc1c(F)cccc1NC(=O)CS(=O)(=O)c1cccc2nsnc12,Amidation,,
C101603,1,,,,O=C(O)c1cc(Cl)nc(Cl)c1,Nc1c(CO)ccc(F)c1F,O=C(Nc1c(CO)ccc(F)c1F)c1cc(Cl)nc(Cl)c1,Amidation,,
C101605,1,,,,O=C(O)c1cc(Cl)nc(Cl)c1,N#Cc1ccc(F)c(F)c1N,N#Cc1ccc(F)c(F)c1NC(=O)c1cc(Cl)nc(Cl)c1,Amidation,,
C101609,1,,,,Cc1cc(C(=O)O)c(Br)cn1,N#Cc1ccc(F)c(F)c1N,Cc1cc(C(=O)Nc2c(C#N)ccc(F)c2F)c(Br)cn1,Amidation,,
C101617,1,,,,O=C(O)c1cc(Cl)nc(Cl)c1,CC(C)c1ccc(F)cc1N,CC(C)c1ccc(F)cc1NC(=O)c1cc(Cl)nc(Cl)c1,Amidation,,
C162307,1,,,,COc1cccc(C(F)(F)F)c1C(=O)O,O=C1NCC2CCCC1N2,COc1cccc(C(F)(F)F)c1C(=O)N1C2CCCC1C(=O)NC2,Amidation,,
C127649,1,,,,O=C(O)CS(=O)(=O)c1cccc2nsnc12,Cc1ccc(I)cc1N,Cc1ccc(I)cc1NC(=O)CS(=O)(=O)c1cccc2nsnc12,Amidation,,
C101630,1,,,,O=C(O)c1cc(Cl)nc(Cl)c1,CCc1cc(Br)c(F)cc1N,CCc1cc(Br)c(F)cc1NC(=O)c1cc(Cl)nc(Cl)c1,Amidation,,
C101632,1,,,,O=C(O)c1cc(Cl)nc(Cl)c1,C#Cc1cc(F)c(F)cc1N,C#Cc1cc(F)c(F)cc1NC(=O)c1cc(Cl)nc(Cl)c1,Amidation,,
C162324,1,,,,COc1cccc(C(F)(F)F)c1C(=O)O,CN1CC(C)(C)NCC1=O,COc1cccc(C(F)(F)F)c1C(=O)N1CC(=O)N(C)CC1(C)C,Amidation,,
C101639,1,,,,O=C(O)c1ccnc(F)c1I,COc1cc(C)c(N)cc1F,COc1cc(C)c(NC(=O)c2ccnc(F)c2I)cc1F,Amidation,,
C101641,1,,,,O=C(O)c1ccnc(F)c1I,CCc1cc(F)cc(N)c1C,CCc1cc(F)cc(NC(=O)c2ccnc(F)c2I)c1C,Amidation,,
C101642,1,,,,O=C(O)c1ccnc(F)c1I,Nc1cc(F)cc(F)c1CO,O=C(Nc1cc(F)cc(F)c1CO)c1ccnc(F)c1I,Amidation,,
C101646,1,,,,O=C(O)c1ccnc(F)c1I,Nc1cc(F)ccc1C1CC1,O=C(Nc1cc(F)ccc1C1CC1)c1ccnc(F)c1I,Amidation,,
C101648,1,,,,O=C(O)c1ccnc(F)c1I,CC(C)c1ccc(F)cc1N,CC(C)c1ccc(F)cc1NC(=O)c1ccnc(F)c1I,Amidation,,
C162336,1,,,,O=C(O)c1ccc(CBr)cc1C(F)(F)F,O=C1NCC2CCCC1N2,O=C1NCC2CCCC1N2C(=O)c1ccc(CBr)cc1C(F)(F)F,Amidation,,
C101651,1,,,,O=C(O)c1ccnc(F)c1I,Nc1c(CO)ccc(F)c1F,O=C(Nc1c(CO)ccc(F)c1F)c1ccnc(F)c1I,Amidation,,
C101653,1,,,,O=C(O)c1ccnc(F)c1I,Cc1c(N)cc(F)cc1C#N,Cc1c(C#N)cc(F)cc1NC(=O)c1ccnc(F)c1I,Amidation,,
C101657,1,,,,O=C(O)c1ccnc(F)c1I,Nc1cc(F)c(F)cc1CO,O=C(Nc1cc(F)c(F)cc1CO)c1ccnc(F)c1I,Amidation,,
C127681,1,,,,O=C(O)C1(S(=O)(=O)c2ccc(Cl)cc2)CC1,Cc1cc(Cl)ccc1N,Cc1cc(Cl)ccc1NC(=O)C1(S(=O)(=O)c2ccc(Cl)cc2)CC1,Amidation,,
C101659,1,,,,O=C(O)c1ccnc(F)c1I,CC(=O)c1ccc(F)cc1N,CC(=O)c1ccc(F)cc1NC(=O)c1ccnc(F)c1I,Amidation,,
C127682,1,,,,O=C(O)C1(S(=O)(=O)c2ccc(Cl)cc2)CC1,Cc1c(N)cccc1F,Cc1c(F)cccc1NC(=O)C1(S(=O)(=O)c2ccc(Cl)cc2)CC1,Amidation,,
C101664,1,,,,Cc1cc(C(=O)O)c(Br)cn1,Nc1cc(F)c(Br)cc1C=O,Cc1cc(C(=O)Nc2cc(F)c(Br)cc2C=O)c(Br)cn1,Amidation,,
C101665,1,,,,Cc1cc(C(=O)O)c(Br)cn1,Nc1cc(F)c(Br)cc1CO,Cc1cc(C(=O)Nc2cc(F)c(Br)cc2CO)c(Br)cn1,Amidation,,
C101686,1,,,,O=C(O)c1ccnc(F)c1I,Nc1cc(F)c(F)cc1C=O,O=Cc1cc(F)c(F)cc1NC(=O)c1ccnc(F)c1I,Amidation,,
C101689,1,,,,Cc1cc(C(=O)O)c(Br)cn1,Cc1c(N)cc(F)cc1CO,Cc1cc(C(=O)Nc2cc(F)cc(CO)c2C)c(Br)cn1,Amidation,,
C101690,1,,,,Cc1cc(C(=O)O)c(Br)cn1,Nc1cc(F)ccc1C1CC1,Cc1cc(C(=O)Nc2cc(F)ccc2C2CC2)c(Br)cn1,Amidation,,
C101694,1,,,,Cc1cc(C(=O)O)c(Br)cn1,Nc1cc(F)cc(F)c1C=O,Cc1cc(C(=O)Nc2cc(F)cc(F)c2C=O)c(Br)cn1,Amidation,,
C101699,1,,,,Cc1cc(C(=O)O)c(Br)cn1,COc1cc(C)c(N)cc1F,COc1cc(C)c(NC(=O)c2cc(C)ncc2Br)cc1F,Amidation,,
C101705,1,,,,O=C(O)c1cc(Cl)nc(Cl)c1,Nc1cc(F)c(Cl)cc1C=O,O=Cc1cc(Cl)c(F)cc1NC(=O)c1cc(Cl)nc(Cl)c1,Amidation,,
C101711,1,,,,O=C(O)c1ccnc(F)c1I,NN1CCc2ccc(F)cc21,O=C(NN1CCc2ccc(F)cc21)c1ccnc(F)c1I,Amidation,,
C101712,1,,,,O=C(O)c1ccnc(F)c1I,CCc1cc(Br)c(F)cc1N,CCc1cc(Br)c(F)cc1NC(=O)c1ccnc(F)c1I,Amidation,,
C101714,1,,,,O=C(O)c1ccnc(F)c1I,C#Cc1cc(F)c(F)cc1N,C#Cc1cc(F)c(F)cc1NC(=O)c1ccnc(F)c1I,Amidation,,
C101715,1,,,,O=C(O)c1ccnc(F)c1I,Nc1cc(F)ccc1C(F)F,O=C(Nc1cc(F)ccc1C(F)F)c1ccnc(F)c1I,Amidation,,
C101718,1,,,,O=C(O)c1ccnc(F)c1I,Nc1cc(F)c(Br)cc1C=O,O=Cc1cc(Br)c(F)cc1NC(=O)c1ccnc(F)c1I,Amidation,,
C101719,1,,,,Cc1cc(C(=O)O)c(Br)cn1,Nc1cc(F)c(Cl)cc1C=O,Cc1cc(C(=O)Nc2cc(F)c(Cl)cc2C=O)c(Br)cn1,Amidation,,
C118935,1,,,,CCn1ncc(Cl)c1CC(=O)O,Nc1cccc2c1CCN(CC(F)(F)F)C2,CCn1ncc(Cl)c1CC(=O)Nc1cccc2c1CCN(CC(F)(F)F)C2,Amidation,,
C162409,1,,,,O=C(O)c1cc(F)c(F)cc1C(F)(F)F,O=C1NCC2CCCC1N2,O=C1NCC2CCCC1N2C(=O)c1cc(F)c(F)cc1C(F)(F)F,Amidation,,
C101723,1,,,,Cc1cc(C(=O)O)c(Br)cn1,CCc1cc(Br)c(F)cc1N,CCc1cc(Br)c(F)cc1NC(=O)c1cc(C)ncc1Br,Amidation,,
C101727,1,,,,Cc1cc(C(=O)O)c(Br)cn1,Nc1cc(F)c(F)cc1C=O,Cc1cc(C(=O)Nc2cc(F)c(F)cc2C=O)c(Br)cn1,Amidation,,
C101743,1,,,,CSc1cc(C(=O)O)ccn1,Nc1cc(F)ccc1C1CC1,CSc1cc(C(=O)Nc2cc(F)ccc2C2CC2)ccn1,Amidation,,
C101753,1,,,,CSc1cc(C(=O)O)ccn1,Cc1c(N)cc(F)c(C)c1Br,CSc1cc(C(=O)Nc2cc(F)c(C)c(Br)c2C)ccn1,Amidation,,
C118981,1,,,,O=C(O)Cc1nn(CC(F)(F)F)cc1I,CCN1CCc2c(N)cccc2C1,CCN1CCc2c(cccc2NC(=O)Cc2nn(CC(F)(F)F)cc2I)C1,Amidation,,
C101784,1,,,,CSc1cc(C(=O)O)ccn1,N#Cc1ccc(F)c(F)c1N,CSc1cc(C(=O)Nc2c(C#N)ccc(F)c2F)ccn1,Amidation,,
C119005,1,,,,O=C(O)Cc1cc(-c2ccccc2)n[nH]1,CCN1CCc2c(N)cccc2C1,CCN1CCc2c(cccc2NC(=O)Cc2cc(-c3ccccc3)n[nH]2)C1,Amidation,,
C101808,1,,,,O=C(O)c1c(F)cncc1F,N#Cc1ccc(F)c(Br)c1N,N#Cc1ccc(F)c(Br)c1NC(=O)c1c(F)cncc1F,Amidation,,
C101811,1,,,,O=C(O)c1c(F)cncc1F,Cc1c(N)cc(F)c(C)c1Br,Cc1c(F)cc(NC(=O)c2c(F)cncc2F)c(C)c1Br,Amidation,,
C162507,1,,,,Cc1cc(C(F)(F)F)c(C(=O)O)cc1I,O=C1NCC2CCCC1N2,Cc1cc(C(F)(F)F)c(C(=O)N2C3CCCC2C(=O)NC3)cc1I,Amidation,,
C162508,1,,,,CC(C)C1NCCNC1=O,Cc1cc(C(F)(F)F)c(C(=O)O)cc1I,Cc1cc(C(F)(F)F)c(C(=O)N2CCNC(=O)C2C(C)C)cc1I,Amidation,,
C162509,1,,,,Cc1cc(C(F)(F)F)c(C(=O)O)cc1I,NCCN1CCNC(=O)C1,Cc1cc(C(F)(F)F)c(C(=O)NCCN2CCNC(=O)C2)cc1I,Amidation,,
C127847,1,,,,CC(C(=O)O)S(=O)(=O)c1ccc(F)cc1,N#Cc1cc(Cl)ccc1N,CC(C(=O)Nc1ccc(Cl)cc1C#N)S(=O)(=O)c1ccc(F)cc1,Amidation,,
C127864,1,,,,CC(C(=O)O)S(=O)(=O)c1ccc(F)cc1,Cc1cc(Cl)cc(C)c1N,Cc1cc(Cl)cc(C)c1NC(=O)C(C)S(=O)(=O)c1ccc(F)cc1,Amidation,,
C162553,1,,,,N#Cc1ccc(C(=O)O)c(C(F)(F)F)c1,O=C1NCC2CCCC1N2,N#Cc1ccc(C(=O)N2C3CCCC2C(=O)NC3)c(C(F)(F)F)c1,Amidation,,
C162569,1,,,,COc1ccc(C(F)(F)F)c(C(=O)O)c1,O=C1NCC2CCCC1N2,COc1ccc(C(F)(F)F)c(C(=O)N2C3CCCC2C(=O)NC3)c1,Amidation,,
C101894,1,,,,O=C(O)c1cc(O)ncc1Br,Nc1cc(F)c(Br)cc1C=O,O=Cc1cc(Br)c(F)cc1NC(=O)c1cc(O)ncc1Br,Amidation,,
C127929,1,,,,Cc1ccc(S(=O)(=O)CC(=O)O)cc1C,Cc1cc(F)cc(Cl)c1N,Cc1ccc(S(=O)(=O)CC(=O)Nc2c(C)cc(F)cc2Cl)cc1C,Amidation,,
C101921,1,,,,O=C(O)c1cc(F)ncc1F,N#Cc1ccc(F)c(Br)c1N,N#Cc1ccc(F)c(Br)c1NC(=O)c1cc(F)ncc1F,Amidation,,
C162631,1,,,,COc1ccc(C(=O)O)c(C(F)(F)F)c1,O=C1NCC2CCCC1N2,COc1ccc(C(=O)N2C3CCCC2C(=O)NC3)c(C(F)(F)F)c1,Amidation,,
C127971,1,,,,Cc1ccc(S(=O)(=O)CC(=O)O)cc1C,Cc1cc(Br)cc(Cl)c1N,Cc1ccc(S(=O)(=O)CC(=O)Nc2c(C)cc(Br)cc2Cl)cc1C,Amidation,,
C127976,1,,,,Cc1ccc(S(=O)(=O)CC(=O)O)cc1C,Cc1cc(F)cc(S)c1N,Cc1ccc(S(=O)(=O)CC(=O)Nc2c(C)cc(F)cc2S)cc1C,Amidation,,
C101955,1,,,,O=C(O)c1cc(F)ncc1F,CC(C)c1ccc(F)cc1N,CC(C)c1ccc(F)cc1NC(=O)c1cc(F)ncc1F,Amidation,,
C101957,1,,,,O=C(O)c1cc(F)ncc1F,Nc1cc(F)ccc1C1CC1,O=C(Nc1cc(F)ccc1C1CC1)c1cc(F)ncc1F,Amidation,,
C101969,1,,,,O=C(O)c1cc(O)nc(Br)c1,N#Cc1ccc(F)c(Br)c1N,N#Cc1ccc(F)c(Br)c1NC(=O)c1cc(O)nc(Br)c1,Amidation,,
C162669,1,,,,O=C(O)c1c(C(F)(F)F)ccc(Br)c1F,O=C1NCC2CCCC1N2,O=C1NCC2CCCC1N2C(=O)c1c(C(F)(F)F)ccc(Br)c1F,Amidation,,
C101996,1,,,,O=C(O)c1ccncc1Br,Nc1cc(F)ccc1C(F)(F)F,O=C(Nc1cc(F)ccc1C(F)(F)F)c1ccncc1Br,Amidation,,
C102005,1,,,,O=C(O)c1ccncc1Br,CC(=O)c1ccc(F)c(F)c1N,CC(=O)c1ccc(F)c(F)c1NC(=O)c1ccncc1Br,Amidation,,
C102006,1,,,,O=C(O)c1ccncc1Br,Cc1c(N)cc(F)cc1[N+](=O)[O-],Cc1c(NC(=O)c2ccncc2Br)cc(F)cc1[N+](=O)[O-],Amidation,,
C162693,1,,,,O=C1CN(C2CNC2)CCN1,Cc1ccc(C(=O)O)c(C(F)(F)F)c1,Cc1ccc(C(=O)N2CC(N3CCNC(=O)C3)C2)c(C(F)(F)F)c1,Amidation,,
C128058,1,,,,O=C(O)C(F)S(=O)(=O)c1ccccc1Br,N#Cc1cc(Cl)ccc1N,N#Cc1cc(Cl)ccc1NC(=O)C(F)S(=O)(=O)c1ccccc1Br,Amidation,,
C102037,1,,,,O=C(O)c1ccnc(I)c1F,CCc1cc(Br)c(F)cc1N,CCc1cc(Br)c(F)cc1NC(=O)c1ccnc(I)c1F,Amidation,,
C102040,1,,,,O=C(O)c1ccnc(I)c1F,Nc1cc(F)ccc1C(F)F,O=C(Nc1cc(F)ccc1C(F)F)c1ccnc(I)c1F,Amidation,,
C102041,1,,,,O=C(O)c1ccnc(I)c1F,Nc1cc(F)c(Cl)cc1C=O,O=Cc1cc(Cl)c(F)cc1NC(=O)c1ccnc(I)c1F,Amidation,,
C102042,1,,,,O=C(O)c1ccnc(I)c1F,Nc1cc(F)c(Br)cc1CO,O=C(Nc1cc(F)c(Br)cc1CO)c1ccnc(I)c1F,Amidation,,
C102043,1,,,,O=C(O)c1ccnc(I)c1F,Nc1cc(F)c(Br)cc1C=O,O=Cc1cc(Br)c(F)cc1NC(=O)c1ccnc(I)c1F,Amidation,,
C102045,1,,,,O=C(O)c1ccnc(I)c1F,Cc1c(N)cc(F)c(C)c1Br,Cc1c(F)cc(NC(=O)c2ccnc(I)c2F)c(C)c1Br,Amidation,,
C128069,1,,,,O=C(O)C(F)S(=O)(=O)c1ccccc1Br,Cc1cc(F)cc(S)c1N,Cc1cc(F)cc(S)c1NC(=O)C(F)S(=O)(=O)c1ccccc1Br,Amidation,,
C102047,1,,,,O=C(O)c1ccnc(I)c1F,CC(C)c1ccc(F)cc1N,CC(C)c1ccc(F)cc1NC(=O)c1ccnc(I)c1F,Amidation,,
C162734,1,,,,O=C(O)c1ccc(Cl)cc1C(F)(F)F,NCCCN1CCNC(=O)C1,O=C1CN(CCCNC(=O)c2ccc(Cl)cc2C(F)(F)F)CCN1,Amidation,,
C102049,1,,,,O=C(O)c1ccnc(I)c1F,Nc1cc(F)ccc1C1CC1,O=C(Nc1cc(F)ccc1C1CC1)c1ccnc(I)c1F,Amidation,,
C102053,1,,,,O=C(O)c1ccnc(I)c1F,Nc1cc(F)cc(F)c1C=O,O=Cc1c(F)cc(F)cc1NC(=O)c1ccnc(I)c1F,Amidation,,
C128082,1,,,,O=C(O)CS(=O)(=O)c1ccc([N+](=O)[O-])cc1,N#Cc1cc(Cl)ccc1N,N#Cc1cc(Cl)ccc1NC(=O)CS(=O)(=O)c1ccc([N+](=O)[O-])cc1,Amidation,,
C102059,1,,,,O=C(O)c1ccnc(I)c1F,N#Cc1ccc(F)c(F)c1N,N#Cc1ccc(F)c(F)c1NC(=O)c1ccnc(I)c1F,Amidation,,
C102061,1,,,,O=C(O)c1ccnc(I)c1F,Cc1c(N)cc(F)cc1C#N,Cc1c(C#N)cc(F)cc1NC(=O)c1ccnc(I)c1F,Amidation,,
C128086,1,,,,O=C(O)C1(S(=O)(=O)c2ccc(Cl)cc2)CCC1,Cc1cccc(I)c1N,Cc1cccc(I)c1NC(=O)C1(S(=O)(=O)c2ccc(Cl)cc2)CCC1,Amidation,,
C128090,1,,,,O=C(O)C1(S(=O)(=O)c2ccc(Cl)cc2)CCC1,Cc1c(N)cccc1I,Cc1c(I)cccc1NC(=O)C1(S(=O)(=O)c2ccc(Cl)cc2)CCC1,Amidation,,
C162764,1,,,,O=C(O)c1c(O)cccc1C(F)(F)F,CCN1CCNC(C)(C)C1=O,CCN1CCN(C(=O)c2c(O)cccc2C(F)(F)F)C(C)(C)C1=O,Amidation,,
C119296,1,,,,Cc1cn[nH]c1C1(C(=O)O)CC1,Nc1cccc2c1CCN(CC(F)(F)F)C2,Cc1cn[nH]c1C1(C(=O)Nc2cccc3c2CCN(CC(F)(F)F)C3)CC1,Amidation,,
C162772,1,,,,O=C(O)c1c(O)cccc1C(F)(F)F,CC(C)CC1NCCNC1=O,CC(C)CC1C(=O)NCCN1C(=O)c1c(O)cccc1C(F)(F)F,Amidation,,
C162775,1,,,,O=C(O)c1c(O)cccc1C(F)(F)F,C=CCN1CCNC(C)C1=O,C=CCN1CCN(C(=O)c2c(O)cccc2C(F)(F)F)C(C)C1=O,Amidation,,
C162776,1,,,,O=C(O)c1c(O)cccc1C(F)(F)F,O=C1CNC(C(F)(F)F)CN1,O=C1CN(C(=O)c2c(O)cccc2C(F)(F)F)C(C(F)(F)F)CN1,Amidation,,
C162777,1,,,,O=C(O)c1c(O)cccc1C(F)(F)F,CCCCC1NCCNC1=O,CCCCC1C(=O)NCCN1C(=O)c1c(O)cccc1C(F)(F)F,Amidation,,
C162779,1,,,,O=C(O)c1c(O)cccc1C(F)(F)F,CC1(C2CC2)CNCC(=O)N1,CC1(C2CC2)CN(C(=O)c2c(O)cccc2C(F)(F)F)CC(=O)N1,Amidation,,
C102094,1,,,,O=C(O)c1cc(O)ncc1Br,Nc1cc(F)c(Br)cc1CO,O=C(Nc1cc(F)c(Br)cc1CO)c1cc(O)ncc1Br,Amidation,,
C162792,1,,,,O=C1CN(C2CNC2)CCN1,O=C(O)c1c(O)cccc1C(F)(F)F,O=C1CN(C2CN(C(=O)c3c(O)cccc3C(F)(F)F)C2)CCN1,Amidation,,
C102108,1,,,,CCc1cnccc1C(=O)O,N#Cc1ccc(F)c(Br)c1N,CCc1cnccc1C(=O)Nc1c(C#N)ccc(F)c1Br,Amidation,,
C128133,1,,,,O=C(O)CS(=O)(=O)c1ccc([N+](=O)[O-])cc1,CCc1cc(Br)ccc1N,CCc1cc(Br)ccc1NC(=O)CS(=O)(=O)c1ccc([N+](=O)[O-])cc1,Amidation,,
C162798,1,,,,O=C(O)c1c(O)cccc1C(F)(F)F,CC1(C)CNC(=O)C(C)(C)N1,CC1(C)CNC(=O)C(C)(C)N1C(=O)c1c(O)cccc1C(F)(F)F,Amidation,,
C162799,1,,,,O=C(O)c1c(O)cccc1C(F)(F)F,CC(C)(C)C1NCCNC1=O,CC(C)(C)C1C(=O)NCCN1C(=O)c1c(O)cccc1C(F)(F)F,Amidation,,
C162800,1,,,,O=C(O)c1c(O)cccc1C(F)(F)F,CCCC1(C)NCCNC1=O,CCCC1(C)C(=O)NCCN1C(=O)c1c(O)cccc1C(F)(F)F,Amidation,,
C102119,1,,,,O=C(O)c1ccncc1Br,C#Cc1cc(C#N)c(F)cc1N,C#Cc1cc(C#N)c(F)cc1NC(=O)c1ccncc1Br,Amidation,,
C102120,1,,,,O=C(O)c1ccncc1Br,C#Cc1cc(Cl)c(F)c(F)c1N,C#Cc1cc(Cl)c(F)c(F)c1NC(=O)c1ccncc1Br,Amidation,,
C162808,1,,,,O=C(O)c1c(O)cccc1C(F)(F)F,O=C1NCCNC12CCCC2,O=C(c1c(O)cccc1C(F)(F)F)N1CCNC(=O)C12CCCC2,Amidation,,
C102122,1,,,,O=C(O)c1ccncc1Br,CC(=O)c1cc(F)c(F)cc1N,CC(=O)c1cc(F)c(F)cc1NC(=O)c1ccncc1Br,Amidation,,
C162824,1,,,,O=C1CN(C2CNC2)CCN1,Cc1cccc(C(F)(F)F)c1C(=O)O,Cc1cccc(C(F)(F)F)c1C(=O)N1CC(N2CCNC(=O)C2)C1,Amidation,,
C128162,1,,,,O=C(O)C1(S(=O)(=O)c2ccc(Cl)cc2)CCC1,Cc1c(N)cccc1F,Cc1c(F)cccc1NC(=O)C1(S(=O)(=O)c2ccc(Cl)cc2)CCC1,Amidation,,
C128163,1,,,,O=C(O)C1(S(=O)(=O)c2ccc(Cl)cc2)CCC1,Cc1cc(Cl)ccc1N,Cc1cc(Cl)ccc1NC(=O)C1(S(=O)(=O)c2ccc(Cl)cc2)CCC1,Amidation,,
C119355,1,,,,Cc1cc(C2(C(=O)O)CC2)nn1C,Nc1cccc2c1CCN(CC(F)(F)F)C2,Cc1cc(C2(C(=O)Nc3cccc4c3CCN(CC(F)(F)F)C4)CC2)nn1C,Amidation,,
C128165,1,,,,O=C(O)C1(S(=O)(=O)c2ccc(Cl)cc2)CCC1,Cc1cccc(Cl)c1N,Cc1cccc(Cl)c1NC(=O)C1(S(=O)(=O)c2ccc(Cl)cc2)CCC1,Amidation,,
C128164,1,,,,O=C(O)C1(S(=O)(=O)c2ccc(Cl)cc2)CCC1,Cc1ccc(Cl)cc1N,Cc1ccc(Cl)cc1NC(=O)C1(S(=O)(=O)c2ccc(Cl)cc2)CCC1,Amidation,,
C119362,1,,,,CC(C)(C)C(C(=O)O)c1cc[nH]n1,Nc1cccc2c1CCN(CC(F)(F)F)C2,CC(C)(C)C(C(=O)Nc1cccc2c1CCN(CC(F)(F)F)C2)c1cc[nH]n1,Amidation,,
C102149,1,,,,CCc1cnccc1C(=O)O,Nc1cc(F)ccc1C1CC1,CCc1cnccc1C(=O)Nc1cc(F)ccc1C1CC1,Amidation,,
C128176,1,,,,O=C(O)C1(S(=O)(=O)c2ccc(Cl)cc2)CCC1,Cc1ccc(Br)cc1N,Cc1ccc(Br)cc1NC(=O)C1(S(=O)(=O)c2ccc(Cl)cc2)CCC1,Amidation,,
C128177,1,,,,O=C(O)C1(S(=O)(=O)c2ccc(Cl)cc2)CCC1,Cc1ccc(I)cc1N,Cc1ccc(I)cc1NC(=O)C1(S(=O)(=O)c2ccc(Cl)cc2)CCC1,Amidation,,
C128179,1,,,,O=C(O)C1(S(=O)(=O)c2ccc(Cl)cc2)CCC1,Cc1cc(Br)ccc1N,Cc1cc(Br)ccc1NC(=O)C1(S(=O)(=O)c2ccc(Cl)cc2)CCC1,Amidation,,
C102160,1,,,,O=C(O)c1cc(O)nc(Br)c1,N#Cc1ccc(F)c(F)c1N,N#Cc1ccc(F)c(F)c1NC(=O)c1cc(O)nc(Br)c1,Amidation,,
C162860,1,,,,O=C1CN(C2CNC2)CCN1,O=C(O)c1cc(Cl)ccc1C(F)(F)F,O=C1CN(C2CN(C(=O)c3cc(Cl)ccc3C(F)(F)F)C2)CCN1,Amidation,,
C162889,1,,,,O=C1CN(C2CNC2)CCN1,O=C(O)c1ccc(Cl)cc1C(F)(F)F,O=C1CN(C2CN(C(=O)c3ccc(Cl)cc3C(F)(F)F)C2)CCN1,Amidation,,
C162896,1,,,,O=C(O)c1ccc(Cl)cc1C(F)(F)F,CC1C(=O)NCCN1CCN,CC1C(=O)NCCN1CCNC(=O)c1ccc(Cl)cc1C(F)(F)F,Amidation,,
C128246,1,,,,O=C(O)CS(=O)(=O)c1cccc(C(F)(F)F)c1,Cc1cc(Cl)ccc1N,Cc1cc(Cl)ccc1NC(=O)CS(=O)(=O)c1cccc(C(F)(F)F)c1,Amidation,,
C119438,1,,,,O=C(O)Cc1n[nH]c2ccc(Cl)cc12,CS(=O)(=O)N1CCc2c(N)cccc2C1,CS(=O)(=O)N1CCc2c(cccc2NC(=O)Cc2n[nH]c3ccc(Cl)cc23)C1,Amidation,,
C102231,1,,,,O=C(O)c1ccnc(Cl)c1Br,Nc1cc(F)c(Br)cc1C=O,O=Cc1cc(Br)c(F)cc1NC(=O)c1ccnc(Cl)c1Br,Amidation,,
C102232,1,,,,O=C(O)c1ccnc(Cl)c1Br,Nc1cc(F)c(Br)cc1CO,O=C(Nc1cc(F)c(Br)cc1CO)c1ccnc(Cl)c1Br,Amidation,,
C102233,1,,,,O=C(O)c1ccnc(Cl)c1Br,Nc1cc(F)c(Cl)cc1C=O,O=Cc1cc(Cl)c(F)cc1NC(=O)c1ccnc(Cl)c1Br,Amidation,,
C102234,1,,,,O=C(O)c1ccnc(Cl)c1Br,Nc1cc(F)ccc1C(F)F,O=C(Nc1cc(F)ccc1C(F)F)c1ccnc(Cl)c1Br,Amidation,,
C102235,1,,,,O=C(O)c1ccnc(Cl)c1Br,C#Cc1cc(F)c(F)cc1N,C#Cc1cc(F)c(F)cc1NC(=O)c1ccnc(Cl)c1Br,Amidation,,
C162924,1,,,,O=C1CN(C2CNC2)CCN1,O=C(O)c1cc(F)ccc1C(F)(F)F,O=C1CN(C2CN(C(=O)c3cc(F)ccc3C(F)(F)F)C2)CCN1,Amidation,,
C102237,1,,,,O=C(O)c1ccnc(Cl)c1Br,CCc1cc(Br)c(F)cc1N,CCc1cc(Br)c(F)cc1NC(=O)c1ccnc(Cl)c1Br,Amidation,,
C102240,1,,,,O=C(O)c1c(F)cncc1Br,N#Cc1ccc(F)c(F)c1N,N#Cc1ccc(F)c(F)c1NC(=O)c1c(F)cncc1Br,Amidation,,
C102243,1,,,,O=C(O)c1c(F)cncc1Br,Nc1c(CO)ccc(F)c1F,O=C(Nc1c(CO)ccc(F)c1F)c1c(F)cncc1Br,Amidation,,
C102246,1,,,,O=C(O)c1c(F)cncc1Br,CC(C)c1ccc(F)cc1N,CC(C)c1ccc(F)cc1NC(=O)c1c(F)cncc1Br,Amidation,,
C102248,1,,,,O=C(O)c1c(F)cncc1Br,Nc1cc(F)ccc1C1CC1,O=C(Nc1cc(F)ccc1C1CC1)c1c(F)cncc1Br,Amidation,,
C102249,1,,,,O=C(O)c1c(F)cncc1Br,CC(=O)c1ccc(F)cc1N,CC(=O)c1ccc(F)cc1NC(=O)c1c(F)cncc1Br,Amidation,,
C128275,1,,,,CC(C)C(C(=O)O)S(=O)(=O)c1ccc(Br)cc1,Cc1ccc(N)c(C)c1,Cc1ccc(NC(=O)C(C(C)C)S(=O)(=O)c2ccc(Br)cc2)c(C)c1,Amidation,,
C102252,1,,,,O=C(O)c1c(F)cncc1Br,Nc1cc(F)cc(F)c1C=O,O=Cc1c(F)cc(F)cc1NC(=O)c1c(F)cncc1Br,Amidation,,
C102253,1,,,,O=C(O)c1c(F)cncc1Br,Nc1cc(F)cc(F)c1CO,O=C(Nc1cc(F)cc(F)c1CO)c1c(F)cncc1Br,Amidation,,
C102254,1,,,,O=C(O)c1c(F)cncc1Br,CCc1cc(F)cc(N)c1C,CCc1cc(F)cc(NC(=O)c2c(F)cncc2Br)c1C,Amidation,,
C128276,1,,,,CC(C)C(C(=O)O)S(=O)(=O)c1ccc(Br)cc1,Cc1ccc(I)cc1N,Cc1ccc(I)cc1NC(=O)C(C(C)C)S(=O)(=O)c1ccc(Br)cc1,Amidation,,
C128277,1,,,,CC(C)C(C(=O)O)S(=O)(=O)c1ccc(Br)cc1,Cc1ccc(Br)cc1N,Cc1ccc(Br)cc1NC(=O)C(C(C)C)S(=O)(=O)c1ccc(Br)cc1,Amidation,,
C102257,1,,,,O=C(O)c1c(F)cncc1Br,Cc1c(N)cc(F)cc1C#N,Cc1c(C#N)cc(F)cc1NC(=O)c1c(F)cncc1Br,Amidation,,
C102261,1,,,,O=C(O)c1ccnc(Cl)c1Br,COc1cc(C)c(N)cc1F,COc1cc(C)c(NC(=O)c2ccnc(Cl)c2Br)cc1F,Amidation,,
C102271,1,,,,O=C(O)c1ccnc(Cl)c1Br,CCc1cc(F)cc(N)c1C,CCc1cc(F)cc(NC(=O)c2ccnc(Cl)c2Br)c1C,Amidation,,
C102272,1,,,,O=C(O)c1ccnc(Cl)c1Br,Nc1cc(F)c(F)cc1C=O,O=Cc1cc(F)c(F)cc1NC(=O)c1ccnc(Cl)c1Br,Amidation,,
C102273,1,,,,O=C(O)c1ccnc(Cl)c1Br,Nc1cc(F)cc(F)c1CO,O=C(Nc1cc(F)cc(F)c1CO)c1ccnc(Cl)c1Br,Amidation,,
C119489,1,,,,Cn1cc(Cl)c(CC(=O)O)n1,Cc1ccc(N2CCc3c(N)cccc3C2)nn1,Cc1ccc(N2CCc3c(cccc3NC(=O)Cc3nn(C)cc3Cl)C2)nn1,Amidation,,
C102277,1,,,,O=C(O)c1ccnc(Cl)c1Br,N#Cc1ccc(F)c(Br)c1N,N#Cc1ccc(F)c(Br)c1NC(=O)c1ccnc(Cl)c1Br,Amidation,,
C102279,1,,,,O=C(O)c1ccnc(Cl)c1Br,Cc1c(N)cc(F)c(C)c1Br,Cc1c(F)cc(NC(=O)c2ccnc(Cl)c2Br)c(C)c1Br,Amidation,,
C102280,1,,,,O=C(O)c1ccnc(Cl)c1Br,Cc1c(N)cc(F)cc1C#N,Cc1c(C#N)cc(F)cc1NC(=O)c1ccnc(Cl)c1Br,Amidation,,
C102282,1,,,,O=C(O)c1ccnc(Cl)c1Br,Nc1c(CO)ccc(F)c1F,O=C(Nc1c(CO)ccc(F)c1F)c1ccnc(Cl)c1Br,Amidation,,
C102285,1,,,,O=C(O)c1ccnc(Cl)c1Br,CC(C)c1ccc(F)cc1N,CC(C)c1ccc(F)cc1NC(=O)c1ccnc(Cl)c1Br,Amidation,,
C102287,1,,,,O=C(O)c1ccnc(Cl)c1Br,Nc1cc(F)ccc1C1CC1,O=C(Nc1cc(F)ccc1C1CC1)c1ccnc(Cl)c1Br,Amidation,,
C102288,1,,,,O=C(O)c1ccnc(Cl)c1Br,CC(=O)c1ccc(F)cc1N,CC(=O)c1ccc(F)cc1NC(=O)c1ccnc(Cl)c1Br,Amidation,,
C102290,1,,,,O=C(O)c1ccnc(Cl)c1Br,Nc1cc(F)cc(F)c1C=O,O=Cc1c(F)cc(F)cc1NC(=O)c1ccnc(Cl)c1Br,Amidation,,
C102291,1,,,,O=C(O)c1c(F)cncc1Br,Cc1c(N)cc(F)c(C)c1Br,Cc1c(F)cc(NC(=O)c2c(F)cncc2Br)c(C)c1Br,Amidation,,
C128315,1,,,,CC(C)C(C(=O)O)S(=O)(=O)c1ccc(Br)cc1,Cc1c(N)cccc1Cl,Cc1c(Cl)cccc1NC(=O)C(C(C)C)S(=O)(=O)c1ccc(Br)cc1,Amidation,,
C102293,1,,,,O=C(O)c1c(F)cncc1Br,N#Cc1ccc(F)c(Br)c1N,N#Cc1ccc(F)c(Br)c1NC(=O)c1c(F)cncc1Br,Amidation,,
C119509,1,,,,Cn1nc(C2CC2)cc1CC(=O)O,Nc1cccc2c1CCN(CC(F)(F)F)C2,Cn1nc(C2CC2)cc1CC(=O)Nc1cccc2c1CCN(CC(F)(F)F)C2,Amidation,,
C102311,1,,,,O=C(O)c1ccnc(Cl)c1Cl,Nc1cc(F)cc(F)c1CO,O=C(Nc1cc(F)cc(F)c1CO)c1ccnc(Cl)c1Cl,Amidation,,
C102312,1,,,,O=C(O)c1ccnc(Cl)c1Cl,CCc1cc(F)cc(N)c1C,CCc1cc(F)cc(NC(=O)c2ccnc(Cl)c2Cl)c1C,Amidation,,
C102314,1,,,,O=C(O)c1ccnc(Cl)c1Cl,COc1cc(C)c(N)cc1F,COc1cc(C)c(NC(=O)c2ccnc(Cl)c2Cl)cc1F,Amidation,,
C102316,1,,,,O=C(O)c1ccnc(Cl)c1Cl,N#Cc1ccc(F)c(F)c1N,N#Cc1ccc(F)c(F)c1NC(=O)c1ccnc(Cl)c1Cl,Amidation,,
C128341,1,,,,CC(C)C(C(=O)O)S(=O)(=O)c1ccc(Br)cc1,Cc1cccc(S)c1N,Cc1cccc(S)c1NC(=O)C(C(C)C)S(=O)(=O)c1ccc(Br)cc1,Amidation,,
C128342,1,,,,CC(C)C(C(=O)O)S(=O)(=O)c1ccc(Br)cc1,Cc1cccc(Cl)c1N,Cc1cccc(Cl)c1NC(=O)C(C(C)C)S(=O)(=O)c1ccc(Br)cc1,Amidation,,
C128343,1,,,,CC(C)C(C(=O)O)S(=O)(=O)c1ccc(Br)cc1,Cc1ccc(Cl)cc1N,Cc1ccc(Cl)cc1NC(=O)C(C(C)C)S(=O)(=O)c1ccc(Br)cc1,Amidation,,
C119535,1,,,,CCCn1cc(I)c(CC(=O)O)n1,CCS(=O)(=O)N1CCc2c(N)cccc2C1,CCCn1cc(I)c(CC(=O)Nc2cccc3c2CCN(S(=O)(=O)CC)C3)n1,Amidation,,
C128344,1,,,,CC(C)C(C(=O)O)S(=O)(=O)c1ccc(Br)cc1,Cc1cc(Cl)ccc1N,Cc1cc(Cl)ccc1NC(=O)C(C(C)C)S(=O)(=O)c1ccc(Br)cc1,Amidation,,
C102322,1,,,,O=C(O)c1ccnc(S)c1,C#Cc1cc(Cl)c(F)c(F)c1N,C#Cc1cc(Cl)c(F)c(F)c1NC(=O)c1ccnc(S)c1,Amidation,,
C128345,1,,,,CC(C)C(C(=O)O)S(=O)(=O)c1ccc(Br)cc1,Cc1c(N)cccc1F,Cc1c(F)cccc1NC(=O)C(C(C)C)S(=O)(=O)c1ccc(Br)cc1,Amidation,,
C128350,1,,,,CC(C)C(C(=O)O)S(=O)(=O)c1ccc(Br)cc1,Cc1cccc(Br)c1N,Cc1cccc(Br)c1NC(=O)C(C(C)C)S(=O)(=O)c1ccc(Br)cc1,Amidation,,
C102328,1,,,,O=C(O)c1c(F)cncc1Br,Nc1cc(F)c(Br)cc1C=O,O=Cc1cc(Br)c(F)cc1NC(=O)c1c(F)cncc1Br,Amidation,,
C102330,1,,,,O=C(O)c1c(F)cncc1Br,Nc1cc(F)c(Cl)cc1C=O,O=Cc1cc(Cl)c(F)cc1NC(=O)c1c(F)cncc1Br,Amidation,,
C102331,1,,,,O=C(O)c1c(F)cncc1Br,Nc1cc(F)ccc1C(F)F,O=C(Nc1cc(F)ccc1C(F)F)c1c(F)cncc1Br,Amidation,,
C102332,1,,,,O=C(O)c1c(F)cncc1Br,C#Cc1cc(F)c(F)cc1N,C#Cc1cc(F)c(F)cc1NC(=O)c1c(F)cncc1Br,Amidation,,
C128357,1,,,,CC(C)C(C(=O)O)S(=O)(=O)c1ccc(Br)cc1,Cc1c(N)cccc1I,Cc1c(I)cccc1NC(=O)C(C(C)C)S(=O)(=O)c1ccc(Br)cc1,Amidation,,
C102334,1,,,,O=C(O)c1c(F)cncc1Br,CCc1cc(Br)c(F)cc1N,CCc1cc(Br)c(F)cc1NC(=O)c1c(F)cncc1Br,Amidation,,
C119550,1,,,,CCCn1cc(I)c(CC(=O)O)n1,Nc1cccc2c1CCN(CC(F)(F)F)C2,CCCn1cc(I)c(CC(=O)Nc2cccc3c2CCN(CC(F)(F)F)C3)n1,Amidation,,
C128360,1,,,,CC(C)C(C(=O)O)S(=O)(=O)c1ccc(Br)cc1,Cc1cccc(I)c1N,Cc1cccc(I)c1NC(=O)C(C(C)C)S(=O)(=O)c1ccc(Br)cc1,Amidation,,
C128361,1,,,,Cc1ccc(F)cc1N,CC(C)C(C(=O)O)S(=O)(=O)c1ccc(Br)cc1,Cc1ccc(F)cc1NC(=O)C(C(C)C)S(=O)(=O)c1ccc(Br)cc1,Amidation,,
C102338,1,,,,O=C(O)c1c(F)cncc1Br,Nc1cc(F)c(F)cc1C=O,O=Cc1cc(F)c(F)cc1NC(=O)c1c(F)cncc1Br,Amidation,,
C102341,1,,,,O=C(O)c1c(F)cncc1Br,Nc1cc(F)c(F)cc1CO,O=C(Nc1cc(F)c(F)cc1CO)c1c(F)cncc1Br,Amidation,,
C128367,1,,,,O=C(O)C1(S(=O)(=O)c2ccc(Cl)cc2)CC1,Fc1ccc2c(c1)CCN2,O=C(N1CCc2cc(F)ccc21)C1(S(=O)(=O)c2ccc(Cl)cc2)CC1,Amidation,,
C119559,1,,,,Cn1cc(I)c(CC(=O)O)n1,Cc1ccc(N2CCc3c(N)cccc3C2)nn1,Cc1ccc(N2CCc3c(cccc3NC(=O)Cc3nn(C)cc3I)C2)nn1,Amidation,,
C128368,1,,,,O=C(O)C1(S(=O)(=O)c2ccc(Cl)cc2)CC1,Cc1cc(F)cc(Cl)c1N,Cc1cc(F)cc(Cl)c1NC(=O)C1(S(=O)(=O)c2ccc(Cl)cc2)CC1,Amidation,,
C119565,1,,,,CC1Cc2cn[nH]c2C(C(=O)O)C1,CC(C)(O)CN1CCc2c(N)cccc2C1,CC1Cc2cn[nH]c2C(C(=O)Nc2cccc3c2CCN(CC(C)(C)O)C3)C1,Amidation,,
C119566,1,,,,CC1Cc2cn[nH]c2C(C(=O)O)C1,Nc1cccc2c1CCN(CC(F)(F)F)C2,CC1Cc2cn[nH]c2C(C(=O)Nc2cccc3c2CCN(CC(F)(F)F)C3)C1,Amidation,,
C128381,1,,,,O=C(O)C1(S(=O)(=O)c2ccc(Cl)cc2)CC1,N#Cc1cc(Cl)ccc1N,N#Cc1cc(Cl)ccc1NC(=O)C1(S(=O)(=O)c2ccc(Cl)cc2)CC1,Amidation,,
C128389,1,,,,O=C(O)C1(S(=O)(=O)c2ccc(Cl)cc2)CC1,Cc1cc(F)cc(S)c1N,Cc1cc(F)cc(S)c1NC(=O)C1(S(=O)(=O)c2ccc(Cl)cc2)CC1,Amidation,,
C102368,1,,,,O=C(O)c1c(F)cncc1Cl,CCc1cc(Br)c(F)cc1N,CCc1cc(Br)c(F)cc1NC(=O)c1c(F)cncc1Cl,Amidation,,
C102370,1,,,,O=C(O)c1c(F)cncc1Cl,C#Cc1cc(F)c(F)cc1N,C#Cc1cc(F)c(F)cc1NC(=O)c1c(F)cncc1Cl,Amidation,,
C102371,1,,,,O=C(O)c1c(F)cncc1Cl,Nc1cc(F)ccc1C(F)F,O=C(Nc1cc(F)ccc1C(F)F)c1c(F)cncc1Cl,Amidation,,
C102372,1,,,,O=C(O)c1c(F)cncc1Cl,Nc1cc(F)c(Cl)cc1C=O,O=Cc1cc(Cl)c(F)cc1NC(=O)c1c(F)cncc1Cl,Amidation,,
C102373,1,,,,O=C(O)c1c(F)cncc1Cl,Nc1cc(F)c(Br)cc1CO,O=C(Nc1cc(F)c(Br)cc1CO)c1c(F)cncc1Cl,Amidation,,
C102374,1,,,,O=C(O)c1c(F)cncc1Cl,Nc1cc(F)c(Br)cc1C=O,O=Cc1cc(Br)c(F)cc1NC(=O)c1c(F)cncc1Cl,Amidation,,
C119587,1,,,,CC(C)n1cc(Br)c(CC(=O)O)n1,CCS(=O)(=O)N1CCc2c(N)cccc2C1,CCS(=O)(=O)N1CCc2c(cccc2NC(=O)Cc2nn(C(C)C)cc2Br)C1,Amidation,,
C102377,1,,,,O=C(O)c1cc(Br)ncc1Cl,COc1cc(C)c(N)cc1F,COc1cc(C)c(NC(=O)c2cc(Br)ncc2Cl)cc1F,Amidation,,
C102379,1,,,,O=C(O)c1cc(Br)ncc1Cl,N#Cc1ccc(F)c(F)c1N,N#Cc1ccc(F)c(F)c1NC(=O)c1cc(Br)ncc1Cl,Amidation,,
C128409,1,,,,O=C(O)C1(S(=O)(=O)c2ccc(Cl)cc2)CC1,Cc1cc(Cl)cc(C)c1N,Cc1cc(Cl)cc(C)c1NC(=O)C1(S(=O)(=O)c2ccc(Cl)cc2)CC1,Amidation,,
C128413,1,,,,O=C(O)C1(S(=O)(=O)c2ccc(Cl)cc2)CC1,N#Cc1ccc(Br)cc1N,N#Cc1ccc(Br)cc1NC(=O)C1(S(=O)(=O)c2ccc(Cl)cc2)CC1,Amidation,,
C128416,1,,,,O=C(O)C1(S(=O)(=O)c2ccc(Cl)cc2)CC1,Cc1cc(Br)cc(Cl)c1N,Cc1cc(Br)cc(Cl)c1NC(=O)C1(S(=O)(=O)c2ccc(Cl)cc2)CC1,Amidation,,
C128417,1,,,,O=C(O)C1(S(=O)(=O)c2ccc(Cl)cc2)CC1,CCc1cc(Br)ccc1N,CCc1cc(Br)ccc1NC(=O)C1(S(=O)(=O)c2ccc(Cl)cc2)CC1,Amidation,,
C119615,1,,,,O=C(O)Cc1cc(=O)n(-c2ccccc2)[nH]1,CCN1CCc2c(N)cccc2C1,CCN1CCc2c(cccc2NC(=O)Cc2cc(=O)n(-c3ccccc3)[nH]2)C1,Amidation,,
C119618,1,,,,O=C(O)C1CCCc2c(I)n[nH]c21,Nc1cccc2c1CCN(CC(F)(F)F)C2,O=C(Nc1cccc2c1CCN(CC(F)(F)F)C2)C1CCCc2c(I)n[nH]c21,Amidation,,
C119620,1,,,,O=C(O)C1CCCc2c(I)n[nH]c21,CCS(=O)(=O)N1CCc2c(N)cccc2C1,CCS(=O)(=O)N1CCc2c(cccc2NC(=O)C2CCCc3c(I)n[nH]c32)C1,Amidation,,
C102424,1,,,,O=C(O)c1ccnc(Cl)c1Cl,Nc1cc(F)cc(F)c1C=O,O=Cc1c(F)cc(F)cc1NC(=O)c1ccnc(Cl)c1Cl,Amidation,,
C128448,1,,,,O=C(O)CS(=O)(=O)c1cccc2nsnc12,Cc1cc(Br)cc(C)c1N,Cc1cc(Br)cc(C)c1NC(=O)CS(=O)(=O)c1cccc2nsnc12,Amidation,,
C102427,1,,,,O=C(O)c1c(F)cncc1Cl,CCc1cc(F)cc(N)c1C,CCc1cc(F)cc(NC(=O)c2c(F)cncc2Cl)c1C,Amidation,,
C102429,1,,,,O=C(O)c1c(F)cncc1Cl,Nc1cc(F)cc(F)c1C=O,O=Cc1c(F)cc(F)cc1NC(=O)c1c(F)cncc1Cl,Amidation,,
C119644,1,,,,Cn1nc(Br)cc1C1(C(=O)O)CC1,Nc1cccc2c1CCN(CC(F)(F)F)C2,Cn1nc(Br)cc1C1(C(=O)Nc2cccc3c2CCN(CC(F)(F)F)C3)CC1,Amidation,,
C102433,1,,,,O=C(O)c1c(F)cncc1Cl,Nc1cc(F)ccc1C1CC1,O=C(Nc1cc(F)ccc1C1CC1)c1c(F)cncc1Cl,Amidation,,
C163125,1,,,,O=C1CN(C2CNC2)CCN1,O=C(O)c1c(Br)cccc1C(F)(F)F,O=C1CN(C2CN(C(=O)c3c(Br)cccc3C(F)(F)F)C2)CCN1,Amidation,,
C102438,1,,,,O=C(O)c1c(F)cncc1Cl,Nc1c(CO)ccc(F)c1F,O=C(Nc1c(CO)ccc(F)c1F)c1c(F)cncc1Cl,Amidation,,
C163126,1,,,,O=C(O)c1c(Br)cccc1C(F)(F)F,CC1C(=O)NCCN1CCN,CC1C(=O)NCCN1CCNC(=O)c1c(Br)cccc1C(F)(F)F,Amidation,,
C102440,1,,,,O=C(O)c1c(F)cncc1Cl,COc1cc(C)c(N)cc1F,COc1cc(C)c(NC(=O)c2c(F)cncc2Cl)cc1F,Amidation,,
C102441,1,,,,O=C(O)c1c(F)cncc1Cl,Cc1c(N)cc(F)cc1C#N,Cc1c(C#N)cc(F)cc1NC(=O)c1c(F)cncc1Cl,Amidation,,
C102450,1,,,,O=C(O)c1c(F)cncc1Cl,N#Cc1ccc(F)c(F)c1N,N#Cc1ccc(F)c(F)c1NC(=O)c1c(F)cncc1Cl,Amidation,,
C102451,1,,,,O=C(O)c1c(F)cncc1Cl,Cc1c(N)cc(F)c(C)c1Br,Cc1c(F)cc(NC(=O)c2c(F)cncc2Cl)c(C)c1Br,Amidation,,
C102453,1,,,,O=C(O)c1c(F)cncc1Cl,N#Cc1ccc(F)c(Br)c1N,N#Cc1ccc(F)c(Br)c1NC(=O)c1c(F)cncc1Cl,Amidation,,
C128479,1,,,,O=C(O)CS(=O)(=O)c1ccccc1[N+](=O)[O-],Cc1cc(Cl)cc(C)c1N,Cc1cc(Cl)cc(C)c1NC(=O)CS(=O)(=O)c1ccccc1[N+](=O)[O-],Amidation,,
C102456,1,,,,O=C(O)c1cc(Br)ncc1Cl,Cc1c(N)cc(F)c(C)c1Br,Cc1c(F)cc(NC(=O)c2cc(Br)ncc2Cl)c(C)c1Br,Amidation,,
C102457,1,,,,O=C(O)c1cc(Br)ncc1Cl,Cc1c(N)cc(F)cc1C#N,Cc1c(C#N)cc(F)cc1NC(=O)c1cc(Br)ncc1Cl,Amidation,,
C128482,1,,,,CC(C)(C(=O)O)S(=O)(=O)c1ccc(Cl)cc1,Cc1cc(F)cc(S)c1N,Cc1cc(F)cc(S)c1NC(=O)C(C)(C)S(=O)(=O)c1ccc(Cl)cc1,Amidation,,
C102462,1,,,,O=C(O)c1cc(Br)ncc1Cl,CC(C)c1ccc(F)cc1N,CC(C)c1ccc(F)cc1NC(=O)c1cc(Br)ncc1Cl,Amidation,,
C102464,1,,,,O=C(O)c1cc(Br)ncc1Cl,Nc1cc(F)ccc1C1CC1,O=C(Nc1cc(F)ccc1C1CC1)c1cc(Br)ncc1Cl,Amidation,,
C102465,1,,,,O=C(O)c1cc(Br)ncc1Cl,CC(=O)c1ccc(F)cc1N,CC(=O)c1ccc(F)cc1NC(=O)c1cc(Br)ncc1Cl,Amidation,,
C128489,1,,,,CC(C)(C(=O)O)S(=O)(=O)c1ccc(Br)cc1,Cc1cc(F)cc(Cl)c1N,Cc1cc(F)cc(Cl)c1NC(=O)C(C)(C)S(=O)(=O)c1ccc(Br)cc1,Amidation,,
C163155,1,,,,O=C(O)c1ccc(I)cc1C(F)(F)F,CC1C(=O)NCCN1CCN,CC1C(=O)NCCN1CCNC(=O)c1ccc(I)cc1C(F)(F)F,Amidation,,
C102469,1,,,,O=C(O)c1cc(Br)ncc1Cl,Nc1cc(F)c(F)cc1CO,O=C(Nc1cc(F)c(F)cc1CO)c1cc(Br)ncc1Cl,Amidation,,
C128494,1,,,,CC(C)(C(=O)O)S(=O)(=O)c1ccc(Br)cc1,Cc1cc(F)c(C)cc1N,Cc1cc(NC(=O)C(C)(C)S(=O)(=O)c2ccc(Br)cc2)c(C)cc1F,Amidation,,
C102472,1,,,,O=C(O)c1cc(Br)ncc1Cl,Nc1cc(F)c(F)cc1C=O,O=Cc1cc(F)c(F)cc1NC(=O)c1cc(Br)ncc1Cl,Amidation,,
C102473,1,,,,O=C(O)c1c(F)cncc1Cl,Nc1cc(F)c(F)cc1CO,O=C(Nc1cc(F)c(F)cc1CO)c1c(F)cncc1Cl,Amidation,,
C102475,1,,,,O=C(O)c1cc(Br)ncc1Cl,Nc1cc(F)c(Br)cc1C=O,O=Cc1cc(Br)c(F)cc1NC(=O)c1cc(Br)ncc1Cl,Amidation,,
C102477,1,,,,O=C(O)c1cc(Br)ncc1Cl,Nc1cc(F)c(Br)cc1CO,O=C(Nc1cc(F)c(Br)cc1CO)c1cc(Br)ncc1Cl,Amidation,,
C102478,1,,,,O=C(O)c1cc(Br)ncc1Cl,Nc1cc(F)ccc1C(F)F,O=C(Nc1cc(F)ccc1C(F)F)c1cc(Br)ncc1Cl,Amidation,,
C128502,1,,,,CC(C)(C(=O)O)S(=O)(=O)c1ccc(Br)cc1,N#Cc1cc(Cl)ccc1N,CC(C)(C(=O)Nc1ccc(Cl)cc1C#N)S(=O)(=O)c1ccc(Br)cc1,Amidation,,
C102481,1,,,,O=C(O)c1cc(Br)ncc1Cl,CCc1cc(Br)c(F)cc1N,CCc1cc(Br)c(F)cc1NC(=O)c1cc(Br)ncc1Cl,Amidation,,
C163169,1,,,,O=C(O)c1ccc(Br)cc1C(F)(F)F,CC1C(=O)NCCN1CCN,CC1C(=O)NCCN1CCNC(=O)c1ccc(Br)cc1C(F)(F)F,Amidation,,
C163170,1,,,,O=C1CN(C2CNC2)CCN1,O=C(O)c1ccc(Br)cc1C(F)(F)F,O=C1CN(C2CN(C(=O)c3ccc(Br)cc3C(F)(F)F)C2)CCN1,Amidation,,
C102489,1,,,,O=C(O)c1ccnc(Br)c1Cl,Cc1c(N)cc(F)cc1C#N,Cc1c(C#N)cc(F)cc1NC(=O)c1ccnc(Br)c1Cl,Amidation,,
C102491,1,,,,O=C(O)c1ccnc(Br)c1Cl,Nc1c(CO)ccc(F)c1F,O=C(Nc1c(CO)ccc(F)c1F)c1ccnc(Br)c1Cl,Amidation,,
C102494,1,,,,O=C(O)c1ccnc(Br)c1Cl,CC(C)c1ccc(F)cc1N,CC(C)c1ccc(F)cc1NC(=O)c1ccnc(Br)c1Cl,Amidation,,
C102495,1,,,,O=C(O)c1ccnc(Br)c1Cl,Cc1c(N)cc(F)cc1CO,Cc1c(CO)cc(F)cc1NC(=O)c1ccnc(Br)c1Cl,Amidation,,
C102496,1,,,,O=C(O)c1ccnc(Br)c1Cl,Nc1cc(F)ccc1C1CC1,O=C(Nc1cc(F)ccc1C1CC1)c1ccnc(Br)c1Cl,Amidation,,
C102497,1,,,,O=C(O)c1ccnc(Br)c1Cl,CC(=O)c1ccc(F)cc1N,CC(=O)c1ccc(F)cc1NC(=O)c1ccnc(Br)c1Cl,Amidation,,
C119710,1,,,,CCc1nn(C)c(CC(=O)O)c1Cl,CCS(=O)(=O)N1CCc2c(N)cccc2C1,CCc1nn(C)c(CC(=O)Nc2cccc3c2CCN(S(=O)(=O)CC)C3)c1Cl,Amidation,,
C163183,1,,,,O=C1CN(C2CNC2)CCN1,O=C(O)c1ccc(I)cc1C(F)(F)F,O=C1CN(C2CN(C(=O)c3ccc(I)cc3C(F)(F)F)C2)CCN1,Amidation,,
C102502,1,,,,O=C(O)c1ccnc(Br)c1Cl,CCc1cc(F)cc(N)c1C,CCc1cc(F)cc(NC(=O)c2ccnc(Br)c2Cl)c1C,Amidation,,
C102503,1,,,,O=C(O)c1ccnc(Br)c1Cl,Cc1c(N)cc(F)c(C)c1Br,Cc1c(F)cc(NC(=O)c2ccnc(Br)c2Cl)c(C)c1Br,Amidation,,
C128528,1,,,,CC(C)(C(=O)O)S(=O)(=O)c1ccc(Br)cc1,CSc1cccc(N)c1C,CSc1cccc(NC(=O)C(C)(C)S(=O)(=O)c2ccc(Br)cc2)c1C,Amidation,,
C128530,1,,,,CC(C)(C(=O)O)S(=O)(=O)c1ccc(Br)cc1,Cc1cc(Cl)cc(C)c1N,Cc1cc(Cl)cc(C)c1NC(=O)C(C)(C)S(=O)(=O)c1ccc(Br)cc1,Amidation,,
C102507,1,,,,O=C(O)c1ccnc(Br)c1Cl,Nc1cc(F)c(Br)cc1C=O,O=Cc1cc(Br)c(F)cc1NC(=O)c1ccnc(Br)c1Cl,Amidation,,
C102508,1,,,,O=C(O)c1ccnc(Br)c1Cl,Nc1cc(F)c(Br)cc1CO,O=C(Nc1cc(F)c(Br)cc1CO)c1ccnc(Br)c1Cl,Amidation,,
C102509,1,,,,O=C(O)c1ccnc(Br)c1Cl,Nc1cc(F)c(Cl)cc1C=O,O=Cc1cc(Cl)c(F)cc1NC(=O)c1ccnc(Br)c1Cl,Amidation,,
C102510,1,,,,O=C(O)c1ccnc(Br)c1Cl,Nc1cc(F)ccc1C(F)F,O=C(Nc1cc(F)ccc1C(F)F)c1ccnc(Br)c1Cl,Amidation,,
C102511,1,,,,O=C(O)c1ccnc(Br)c1Cl,C#Cc1cc(F)c(F)cc1N,C#Cc1cc(F)c(F)cc1NC(=O)c1ccnc(Br)c1Cl,Amidation,,
C128534,1,,,,CC(C)(C(=O)O)S(=O)(=O)c1ccc(Br)cc1,N#Cc1ccc(Br)cc1N,CC(C)(C(=O)Nc1cc(Br)ccc1C#N)S(=O)(=O)c1ccc(Br)cc1,Amidation,,
C102513,1,,,,O=C(O)c1ccnc(Br)c1Cl,CCc1cc(Br)c(F)cc1N,CCc1cc(Br)c(F)cc1NC(=O)c1ccnc(Br)c1Cl,Amidation,,
C163195,1,,,,O=C1CN(C2CNC2)CCN1,O=C(O)c1cccc(F)c1C(F)(F)F,O=C1CN(C2CN(C(=O)c3cccc(F)c3C(F)(F)F)C2)CCN1,Amidation,,
C128540,1,,,,CC(C)(C(=O)O)S(=O)(=O)c1ccc(Br)cc1,Cc1cc(F)cc(S)c1N,Cc1cc(F)cc(S)c1NC(=O)C(C)(C)S(=O)(=O)c1ccc(Br)cc1,Amidation,,
C128546,1,,,,CC(C)(C(=O)O)S(=O)(=O)c1ccc(Cl)cc1,Cc1cc(F)cc(Cl)c1N,Cc1cc(F)cc(Cl)c1NC(=O)C(C)(C)S(=O)(=O)c1ccc(Cl)cc1,Amidation,,
C102523,1,,,,O=C(O)c1ccnc(Br)c1Cl,N#Cc1ccc(F)c(F)c1N,N#Cc1ccc(F)c(F)c1NC(=O)c1ccnc(Br)c1Cl,Amidation,,
C102530,1,,,,O=C(O)c1cc(Cl)ncc1Br,N#Cc1ccc(F)c(Br)c1N,N#Cc1ccc(F)c(Br)c1NC(=O)c1cc(Cl)ncc1Br,Amidation,,
C102532,1,,,,O=C(O)c1cc(Cl)ncc1Br,Cc1c(N)cc(F)c(C)c1Br,Cc1c(F)cc(NC(=O)c2cc(Cl)ncc2Br)c(C)c1Br,Amidation,,
C102533,1,,,,O=C(O)c1cc(Cl)ncc1Br,Cc1c(N)cc(F)cc1C#N,Cc1c(C#N)cc(F)cc1NC(=O)c1cc(Cl)ncc1Br,Amidation,,
C119747,1,,,,O=C(O)Cc1cc(=O)n(-c2ccc(F)cc2)[nH]1,CCN1CCc2c(N)cccc2C1,CCN1CCc2c(cccc2NC(=O)Cc2cc(=O)n(-c3ccc(F)cc3)[nH]2)C1,Amidation,,
C128559,1,,,,CC(C)(C(=O)O)S(=O)(=O)c1ccc(Cl)cc1,N#Cc1cc(Cl)ccc1N,CC(C)(C(=O)Nc1ccc(Cl)cc1C#N)S(=O)(=O)c1ccc(Cl)cc1,Amidation,,
C102538,1,,,,O=C(O)c1cc(Cl)ncc1Br,CC(C)c1ccc(F)cc1N,CC(C)c1ccc(F)cc1NC(=O)c1cc(Cl)ncc1Br,Amidation,,
C102539,1,,,,O=C(O)c1cc(Cl)ncc1Br,NN1CCc2ccc(F)cc21,O=C(NN1CCc2ccc(F)cc21)c1cc(Cl)ncc1Br,Amidation,,
C102540,1,,,,O=C(O)c1cc(Cl)ncc1Br,CCc1cc(Br)c(F)cc1N,CCc1cc(Br)c(F)cc1NC(=O)c1cc(Cl)ncc1Br,Amidation,,
C102542,1,,,,O=C(O)c1cc(Cl)ncc1Br,C#Cc1cc(F)c(F)cc1N,C#Cc1cc(F)c(F)cc1NC(=O)c1cc(Cl)ncc1Br,Amidation,,
C102543,1,,,,O=C(O)c1ccncc1Cl,C#Cc1cc(Cl)c(F)c(F)c1N,C#Cc1cc(Cl)c(F)c(F)c1NC(=O)c1ccncc1Cl,Amidation,,
C102545,1,,,,O=C(O)c1ccncc1Cl,CC(=O)c1cc(F)c(F)cc1N,CC(=O)c1cc(F)c(F)cc1NC(=O)c1ccncc1Cl,Amidation,,
C102548,1,,,,O=C(O)c1cc(Cl)ncc1Br,Nc1cc(F)c(Br)cc1C=O,O=Cc1cc(Br)c(F)cc1NC(=O)c1cc(Cl)ncc1Br,Amidation,,
C102550,1,,,,O=C(O)c1cc(Cl)ncc1Br,Nc1cc(F)c(Cl)cc1C=O,O=Cc1cc(Cl)c(F)cc1NC(=O)c1cc(Cl)ncc1Br,Amidation,,
C102551,1,,,,O=C(O)c1cc(Cl)ncc1Br,Nc1cc(F)ccc1C(F)F,O=C(Nc1cc(F)ccc1C(F)F)c1cc(Cl)ncc1Br,Amidation,,
C119770,1,,,,O=C(O)Cc1cc(=O)n(-c2ccc(F)cc2)[nH]1,CN1CCc2c(N)cccc2C1=O,CN1CCc2c(NC(=O)Cc3cc(=O)n(-c4ccc(F)cc4)[nH]3)cccc2C1=O,Amidation,,
C128583,1,,,,CC(C)(C(=O)O)S(=O)(=O)c1ccc(Br)cc1,Cc1cc(C#N)ccc1N,Cc1cc(C#N)ccc1NC(=O)C(C)(C)S(=O)(=O)c1ccc(Br)cc1,Amidation,,
C163250,1,,,,CCc1ccc(C(=O)O)c(C(F)(F)F)c1,O=C1NCC2CCCC1N2,CCc1ccc(C(=O)N2C3CCCC2C(=O)NC3)c(C(F)(F)F)c1,Amidation,,
C102563,1,,,,O=C(O)c1cc(O)ncc1Br,N#Cc1ccc(F)c(F)c1N,N#Cc1ccc(F)c(F)c1NC(=O)c1cc(O)ncc1Br,Amidation,,
C119778,1,,,,O=C(O)C1(c2ccn(C(F)(F)F)n2)CC1,CS(=O)(=O)N1CCc2c(N)cccc2C1,CS(=O)(=O)N1CCc2c(cccc2NC(=O)C2(c3ccn(C(F)(F)F)n3)CC2)C1,Amidation,,
C102565,1,,,,O=C(O)c1cc(O)ncc1Br,CC(C)c1ccc(F)cc1N,CC(C)c1ccc(F)cc1NC(=O)c1cc(O)ncc1Br,Amidation,,
C128587,1,,,,CC(C)(C(=O)O)S(=O)(=O)c1ccc(Cl)cc1,Cc1cc(Cl)cc(C)c1N,Cc1cc(Cl)cc(C)c1NC(=O)C(C)(C)S(=O)(=O)c1ccc(Cl)cc1,Amidation,,
C128591,1,,,,CC(C)(C(=O)O)S(=O)(=O)c1ccc(Cl)cc1,N#Cc1ccc(Br)cc1N,CC(C)(C(=O)Nc1cc(Br)ccc1C#N)S(=O)(=O)c1ccc(Cl)cc1,Amidation,,
C102568,1,,,,O=C(O)c1cc(O)ncc1Br,CCc1cc(Br)c(F)cc1N,CCc1cc(Br)c(F)cc1NC(=O)c1cc(O)ncc1Br,Amidation,,
C128595,1,,,,CC(C)(C(=O)O)S(=O)(=O)c1ccc(Cl)cc1,CCc1cc(Br)ccc1N,CCc1cc(Br)ccc1NC(=O)C(C)(C)S(=O)(=O)c1ccc(Cl)cc1,Amidation,,
C163263,1,,,,O=C(O)c1c(C(F)(F)F)ccc(F)c1F,O=C1NCC2CCCC1N2,O=C1NCC2CCCC1N2C(=O)c1c(C(F)(F)F)ccc(F)c1F,Amidation,,
C102576,1,,,,O=C(O)c1cc(O)ncc1Br,N#Cc1ccc(F)c(Br)c1N,N#Cc1ccc(F)c(Br)c1NC(=O)c1cc(O)ncc1Br,Amidation,,
C128600,1,,,,O=C(O)CS(=O)(=O)c1cccc2nsnc12,Clc1ccc2c(c1)NCC2,O=C(CS(=O)(=O)c1cccc2nsnc12)N1CCc2ccc(Cl)cc21,Amidation,,
C102578,1,,,,O=C(O)c1cc(O)ncc1Br,Cc1c(N)cc(F)c(C)c1Br,Cc1c(F)cc(NC(=O)c2cc(O)ncc2Br)c(C)c1Br,Amidation,,
C102579,1,,,,O=C(O)c1cc(O)ncc1Br,Cc1c(N)cc(F)cc1C#N,Cc1c(C#N)cc(F)cc1NC(=O)c1cc(O)ncc1Br,Amidation,,
C119795,1,,,,Cn1cc(Br)c(CC(=O)O)n1,CC(C)(C)OC(=O)N1CCc2c(N)ccc(Cl)c2C1,Cn1cc(Br)c(CC(=O)Nc2ccc(Cl)c3c2CCN(C(=O)OC(C)(C)C)C3)n1,Amidation,,
C102585,1,,,,O=C(O)c1ccncc1Cl,Cc1cc(N)c(F)cc1[N+](=O)[O-],Cc1cc(NC(=O)c2ccncc2Cl)c(F)cc1[N+](=O)[O-],Amidation,,
C102595,1,,,,O=C(O)c1cc(Cl)ncc1Br,Nc1cc(F)ccc1C1CC1,O=C(Nc1cc(F)ccc1C1CC1)c1cc(Cl)ncc1Br,Amidation,,
C119810,1,,,,O=C(O)C1(c2cc[nH]n2)CCC1,Cc1ccc(N2CCc3c(N)cccc3C2)nn1,Cc1ccc(N2CCc3c(cccc3NC(=O)C3(c4cc[nH]n4)CCC3)C2)nn1,Amidation,,
C163287,1,,,,O=C(O)c1cccc(Cl)c1C(F)(F)F,CN1CCN(CCN)CC1=O,CN1CCN(CCNC(=O)c2cccc(Cl)c2C(F)(F)F)CC1=O,Amidation,,
C102605,1,,,,O=C(O)c1cc(Cl)nc(Br)c1,N#Cc1ccc(F)c(F)c1N,N#Cc1ccc(F)c(F)c1NC(=O)c1cc(Cl)nc(Br)c1,Amidation,,
C119820,1,,,,CCn1cc(Cl)c(CC(=O)O)n1,Cc1ccc(N2CCc3c(N)cccc3C2)nn1,CCn1cc(Cl)c(CC(=O)Nc2cccc3c2CCN(c2ccc(C)nn2)C3)n1,Amidation,,
C128631,1,,,,O=C(O)CS(=O)(=O)c1cccc2nsnc12,Cc1cc(F)cc(S)c1N,Cc1cc(F)cc(S)c1NC(=O)CS(=O)(=O)c1cccc2nsnc12,Amidation,,
C102608,1,,,,O=C(O)c1cc(Cl)nc(Br)c1,Nc1c(CO)ccc(F)c1F,O=C(Nc1c(CO)ccc(F)c1F)c1cc(Cl)nc(Br)c1,Amidation,,
C128633,1,,,,O=C(O)CS(=O)(=O)c1cccc2nsnc12,Cc1cc(Cl)cc(C)c1N,Cc1cc(Cl)cc(C)c1NC(=O)CS(=O)(=O)c1cccc2nsnc12,Amidation,,
C163297,1,,,,O=C(O)c1cccc(Cl)c1C(F)(F)F,CC(C)(C)C1NCCNC1=O,CC(C)(C)C1C(=O)NCCN1C(=O)c1cccc(Cl)c1C(F)(F)F,Amidation,,
C102611,1,,,,O=C(O)c1cc(Cl)nc(Br)c1,CC(C)c1ccc(F)cc1N,CC(C)c1ccc(F)cc1NC(=O)c1cc(Cl)nc(Br)c1,Amidation,,
C128636,1,,,,O=C(O)CS(=O)(=O)c1cccc2nsnc12,N#Cc1cc(Cl)ccc1N,N#Cc1cc(Cl)ccc1NC(=O)CS(=O)(=O)c1cccc2nsnc12,Amidation,,
C102613,1,,,,O=C(O)c1cc(Cl)nc(Br)c1,Nc1cc(F)ccc1C1CC1,O=C(Nc1cc(F)ccc1C1CC1)c1cc(Cl)nc(Br)c1,Amidation,,
C102614,1,,,,O=C(O)c1cc(Cl)nc(Br)c1,CC(=O)c1ccc(F)cc1N,CC(=O)c1ccc(F)cc1NC(=O)c1cc(Cl)nc(Br)c1,Amidation,,
C128640,1,,,,O=C(O)CS(=O)(=O)c1cccc2nsnc12,Cc1c(N)ccc(F)c1F,Cc1c(NC(=O)CS(=O)(=O)c2cccc3nsnc23)ccc(F)c1F,Amidation,,
C102619,1,,,,O=C(O)c1cc(Cl)nc(Br)c1,CCc1cc(F)cc(N)c1C,CCc1cc(F)cc(NC(=O)c2cc(Cl)nc(Br)c2)c1C,Amidation,,
C119834,1,,,,Cn1nccc1C(F)(F)C(=O)O,Cc1ccc(N2CCc3c(N)cccc3C2)nn1,Cc1ccc(N2CCc3c(cccc3NC(=O)C(F)(F)c3ccnn3C)C2)nn1,Amidation,,
C163309,1,,,,O=C1CN(C2CNC2)CCN1,O=C(O)c1cccc(Cl)c1C(F)(F)F,O=C1CN(C2CN(C(=O)c3cccc(Cl)c3C(F)(F)F)C2)CCN1,Amidation,,
C119837,1,,,,Cn1nc(CC(=O)O)cc1C(F)(F)F,CCS(=O)(=O)N1CCc2c(N)cccc2C1,CCS(=O)(=O)N1CCc2c(cccc2NC(=O)Cc2cc(C(F)(F)F)n(C)n2)C1,Amidation,,
C102624,1,,,,O=C(O)c1ccnc(Cl)c1Cl,Nc1cc(F)c(F)cc1C=O,O=Cc1cc(F)c(F)cc1NC(=O)c1ccnc(Cl)c1Cl,Amidation,,
C119840,1,,,,Cn1nc(CC(=O)O)cc1C(F)(F)F,CC(C)(O)CN1CCc2c(N)cccc2C1,Cn1nc(CC(=O)Nc2cccc3c2CCN(CC(C)(C)O)C3)cc1C(F)(F)F,Amidation,,
C128650,1,,,,O=C(O)CS(=O)(=O)c1cccc2nsnc12,Cc1cc(F)cc(Cl)c1N,Cc1cc(F)cc(Cl)c1NC(=O)CS(=O)(=O)c1cccc2nsnc12,Amidation,,
C102627,1,,,,O=C(O)c1ccnc(Cl)c1Cl,Nc1cc(F)c(F)cc1CO,O=C(Nc1cc(F)c(F)cc1CO)c1ccnc(Cl)c1Cl,Amidation,,
C102630,1,,,,O=C(O)c1ccnc(Cl)c1Cl,Cc1c(N)cc(F)c(C)c1Br,Cc1c(F)cc(NC(=O)c2ccnc(Cl)c2Cl)c(C)c1Br,Amidation,,
C102631,1,,,,O=C(O)c1ccnc(Cl)c1Cl,Cc1c(N)cc(F)cc1C#N,Cc1c(C#N)cc(F)cc1NC(=O)c1ccnc(Cl)c1Cl,Amidation,,
C102633,1,,,,O=C(O)c1ccnc(Cl)c1Cl,Nc1c(CO)ccc(F)c1F,O=C(Nc1c(CO)ccc(F)c1F)c1ccnc(Cl)c1Cl,Amidation,,
C119850,1,,,,CCn1ncc(Cl)c1CC(=O)O,Cc1ccc(N2CCc3c(N)cccc3C2)nn1,CCn1ncc(Cl)c1CC(=O)Nc1cccc2c1CCN(c1ccc(C)nn1)C2,Amidation,,
C102636,1,,,,O=C(O)c1ccnc(Cl)c1Cl,CC(C)c1ccc(F)cc1N,CC(C)c1ccc(F)cc1NC(=O)c1ccnc(Cl)c1Cl,Amidation,,
C128660,1,,,,O=C(O)CS(=O)(=O)c1cccc2nsnc12,Cc1cc(Br)cc(Cl)c1N,Cc1cc(Br)cc(Cl)c1NC(=O)CS(=O)(=O)c1cccc2nsnc12,Amidation,,
C102638,1,,,,O=C(O)c1ccnc(Cl)c1Cl,Nc1cc(F)ccc1C1CC1,O=C(Nc1cc(F)ccc1C1CC1)c1ccnc(Cl)c1Cl,Amidation,,
C128663,1,,,,O=C(O)CS(=O)(=O)c1cccc2nsnc12,N#Cc1ccc(Br)cc1N,N#Cc1ccc(Br)cc1NC(=O)CS(=O)(=O)c1cccc2nsnc12,Amidation,,
C128659,1,,,,O=C(O)CS(=O)(=O)c1cccc2nsnc12,CCc1cc(Br)ccc1N,CCc1cc(Br)ccc1NC(=O)CS(=O)(=O)c1cccc2nsnc12,Amidation,,
C102641,1,,,,O=C(O)c1ccnc(Cl)c1Cl,NN1CCc2ccc(F)cc21,O=C(NN1CCc2ccc(F)cc21)c1ccnc(Cl)c1Cl,Amidation,,
C102642,1,,,,O=C(O)c1ccnc(Cl)c1Cl,CCc1cc(Br)c(F)cc1N,CCc1cc(Br)c(F)cc1NC(=O)c1ccnc(Cl)c1Cl,Amidation,,
C102647,1,,,,O=C(O)c1cc(Cl)nc(Br)c1,Cc1c(N)cc(F)cc1C#N,Cc1c(C#N)cc(F)cc1NC(=O)c1cc(Cl)nc(Br)c1,Amidation,,
C102648,1,,,,O=C(O)c1ccnc(Cl)c1Cl,Nc1cc(F)c(Br)cc1C=O,O=Cc1cc(Br)c(F)cc1NC(=O)c1ccnc(Cl)c1Cl,Amidation,,
C102649,1,,,,O=C(O)c1ccnc(Cl)c1Cl,Nc1cc(F)c(Br)cc1CO,O=C(Nc1cc(F)c(Br)cc1CO)c1ccnc(Cl)c1Cl,Amidation,,
C102650,1,,,,O=C(O)c1ccnc(Cl)c1Cl,Nc1cc(F)c(Cl)cc1C=O,O=Cc1cc(Cl)c(F)cc1NC(=O)c1ccnc(Cl)c1Cl,Amidation,,
C102651,1,,,,O=C(O)c1ccnc(Cl)c1Cl,Nc1cc(F)ccc1C(F)F,O=C(Nc1cc(F)ccc1C(F)F)c1ccnc(Cl)c1Cl,Amidation,,
C102652,1,,,,O=C(O)c1ccnc(Cl)c1Cl,C#Cc1cc(F)c(F)cc1N,C#Cc1cc(F)c(F)cc1NC(=O)c1ccnc(Cl)c1Cl,Amidation,,
C102654,1,,,,O=C(O)c1cc(Cl)ncc1Br,CC(=O)c1ccc(F)cc1N,CC(=O)c1ccc(F)cc1NC(=O)c1cc(Cl)ncc1Br,Amidation,,
C102655,1,,,,O=C(O)c1cc(Cl)nc(Br)c1,Cc1c(N)cc(F)c(C)c1Br,Cc1c(F)cc(NC(=O)c2cc(Cl)nc(Br)c2)c(C)c1Br,Amidation,,
C163342,1,,,,O=C1CN(C2CNC2)CCN1,Cc1cccc(C(=O)O)c1C(F)(F)F,Cc1cccc(C(=O)N2CC(N3CCNC(=O)C3)C2)c1C(F)(F)F,Amidation,,
C119873,1,,,,CC(C)Cn1[nH]c(CC(=O)O)cc1=O,CC(C)(O)CN1CCc2c(N)cccc2C1,CC(C)Cn1[nH]c(CC(=O)Nc2cccc3c2CCN(CC(C)(C)O)C3)cc1=O,Amidation,,
C163347,1,,,,O=C(O)c1c(Cl)cccc1C(F)(F)F,NCCCN1CCNC(=O)C1,O=C1CN(CCCNC(=O)c2c(Cl)cccc2C(F)(F)F)CCN1,Amidation,,
C102660,1,,,,O=C(O)c1cc(Cl)ncc1Br,CCc1cc(F)cc(N)c1C,CCc1cc(F)cc(NC(=O)c2cc(Cl)ncc2Br)c1C,Amidation,,
C163348,1,,,,O=C(O)c1c(Cl)cccc1C(F)(F)F,CCN1CCNC(C)(C)C1=O,CCN1CCN(C(=O)c2c(Cl)cccc2C(F)(F)F)C(C)(C)C1=O,Amidation,,
C102662,1,,,,O=C(O)c1cc(Cl)ncc1Br,COc1cc(C)c(N)cc1F,COc1cc(C)c(NC(=O)c2cc(Cl)ncc2Br)cc1F,Amidation,,
C119877,1,,,,Cn1ccc(C2(C(=O)O)CC2)n1,Cc1ccc(N2CCc3c(N)cccc3C2)nn1,Cc1ccc(N2CCc3c(cccc3NC(=O)C3(c4ccn(C)n4)CC3)C2)nn1,Amidation,,
C102664,1,,,,O=C(O)c1cc(Cl)ncc1Br,N#Cc1ccc(F)c(F)c1N,N#Cc1ccc(F)c(F)c1NC(=O)c1cc(Cl)ncc1Br,Amidation,,
C119883,1,,,,Cc1cc(C2(C(=O)O)CC2)nn1C,Nc1cccc2c1CCN(C(=O)C(F)(F)F)C2,Cc1cc(C2(C(=O)Nc3cccc4c3CCN(C(=O)C(F)(F)F)C4)CC2)nn1C,Amidation,,
C102670,1,,,,O=C(O)c1cc(Cl)nc(Br)c1,Nc1cc(F)c(Br)cc1C=O,O=Cc1cc(Br)c(F)cc1NC(=O)c1cc(Cl)nc(Br)c1,Amidation,,
C102674,1,,,,O=C(O)c1cc(Cl)nc(Br)c1,C#Cc1cc(F)c(F)cc1N,C#Cc1cc(F)c(F)cc1NC(=O)c1cc(Cl)nc(Br)c1,Amidation,,
C119889,1,,,,Cc1c(Br)c(CC(=O)O)nn1C,Cc1ccc(N2CCc3c(N)cccc3C2)nn1,Cc1ccc(N2CCc3c(cccc3NC(=O)Cc3nn(C)c(C)c3Br)C2)nn1,Amidation,,
C163366,1,,,,O=C(O)c1c(Cl)cccc1C(F)(F)F,CC1C(=O)NCCN1CCN,CC1C(=O)NCCN1CCNC(=O)c1c(Cl)cccc1C(F)(F)F,Amidation,,
C119894,1,,,,Cn1cc(Cl)c(CC(=O)O)n1,CC(C)(C)OC(=O)N1CCc2c(N)ccc(Br)c2C1,Cn1cc(Cl)c(CC(=O)Nc2ccc(Br)c3c2CCN(C(=O)OC(C)(C)C)C3)n1,Amidation,,
C163367,1,,,,O=C1CN(C2CNC2)CCN1,O=C(O)c1c(Cl)cccc1C(F)(F)F,O=C1CN(C2CN(C(=O)c3c(Cl)cccc3C(F)(F)F)C2)CCN1,Amidation,,
C102691,1,,,,O=C(O)c1cc(Cl)ncc1F,Nc1cc(F)cc(F)c1C=O,O=Cc1c(F)cc(F)cc1NC(=O)c1cc(Cl)ncc1F,Amidation,,
C102693,1,,,,O=C(O)c1cc(Cl)ncc1F,CCc1cc(F)cc(N)c1C,CCc1cc(F)cc(NC(=O)c2cc(Cl)ncc2F)c1C,Amidation,,
C102694,1,,,,O=C(O)c1cc(Cl)ncc1F,Nc1cc(F)ccc1C1CC1,O=C(Nc1cc(F)ccc1C1CC1)c1cc(Cl)ncc1F,Amidation,,
C102701,1,,,,O=C(O)c1cc(Cl)ncc1F,CC(C)c1ccc(F)cc1N,CC(C)c1ccc(F)cc1NC(=O)c1cc(Cl)ncc1F,Amidation,,
C119917,1,,,,CC(C)n1ccc(CC(=O)O)n1,Cc1ccc(N2CCc3c(N)cccc3C2)nn1,Cc1ccc(N2CCc3c(cccc3NC(=O)Cc3ccn(C(C)C)n3)C2)nn1,Amidation,,
C102703,1,,,,O=C(O)c1cc(Cl)ncc1F,CCc1cc(Br)c(F)cc1N,CCc1cc(Br)c(F)cc1NC(=O)c1cc(Cl)ncc1F,Amidation,,
C128726,1,,,,O=C(O)C1(S(=O)(=O)c2ccccc2)CCC1,Cc1cc(Br)cc(Cl)c1N,Cc1cc(Br)cc(Cl)c1NC(=O)C1(S(=O)(=O)c2ccccc2)CCC1,Amidation,,
C128730,1,,,,O=C(O)C1(S(=O)(=O)c2ccccc2)CCC1,CCc1cc(Br)ccc1N,CCc1cc(Br)ccc1NC(=O)C1(S(=O)(=O)c2ccccc2)CCC1,Amidation,,
C128733,1,,,,O=C(O)CS(=O)(=O)c1cccc(C(F)(F)F)c1,Cc1cc(C)c(N)c(Br)c1,Cc1cc(C)c(NC(=O)CS(=O)(=O)c2cccc(C(F)(F)F)c2)c(Br)c1,Amidation,,
C128736,1,,,,O=C(O)CS(=O)(=O)c1cccc(C(F)(F)F)c1,Cc1cc(F)cc(S)c1N,Cc1cc(F)cc(S)c1NC(=O)CS(=O)(=O)c1cccc(C(F)(F)F)c1,Amidation,,
C102713,1,,,,O=C(O)c1cc(Cl)ncc1F,Cc1c(N)cc(F)c(C)c1Br,Cc1c(F)cc(NC(=O)c2cc(Cl)ncc2F)c(C)c1Br,Amidation,,
C102714,1,,,,O=C(O)c1cc(Cl)ncc1F,Cc1c(N)cc(F)cc1C#N,Cc1c(C#N)cc(F)cc1NC(=O)c1cc(Cl)ncc1F,Amidation,,
C163404,1,,,,Cc1cccc(C(=O)O)c1C(F)(F)F,NCCCN1CCNC(=O)C1,Cc1cccc(C(=O)NCCCN2CCNC(=O)C2)c1C(F)(F)F,Amidation,,
C128742,1,,,,Cc1ccc(S(=O)(=O)C2(C(=O)O)CCCC2)cc1,Cc1ccc(I)cc1N,Cc1ccc(S(=O)(=O)C2(C(=O)Nc3cc(I)ccc3C)CCCC2)cc1,Amidation,,
C128743,1,,,,Cc1ccc(S(=O)(=O)C2(C(=O)O)CCCC2)cc1,Cc1ccc(Br)cc1N,Cc1ccc(S(=O)(=O)C2(C(=O)Nc3cc(Br)ccc3C)CCCC2)cc1,Amidation,,
C128747,1,,,,Cc1ccc(S(=O)(=O)C2(C(=O)O)CCCC2)cc1,Cc1ccc(C)c(N)c1,Cc1ccc(S(=O)(=O)C2(C(=O)Nc3cc(C)ccc3C)CCCC2)cc1,Amidation,,
C128752,1,,,,Cc1ccc(S(=O)(=O)C2(C(=O)O)CCCC2)cc1,Cc1ccc(Cl)cc1N,Cc1ccc(S(=O)(=O)C2(C(=O)Nc3cc(Cl)ccc3C)CCCC2)cc1,Amidation,,
C128754,1,,,,Cc1ccc(S(=O)(=O)C2(C(=O)O)CCCC2)cc1,Cc1cc(Cl)ccc1N,Cc1ccc(S(=O)(=O)C2(C(=O)Nc3ccc(Cl)cc3C)CCCC2)cc1,Amidation,,
C119948,1,,,,Cn1ccc(C(O)C(=O)O)n1,CC(C)(C)OC(=O)N1CCc2c(N)ccc(Cl)c2C1,Cn1ccc(C(O)C(=O)Nc2ccc(Cl)c3c2CCN(C(=O)OC(C)(C)C)C3)n1,Amidation,,
C128759,1,,,,Cc1ccc(S(=O)(=O)C2(C(=O)O)CCCC2)cc1,Nc1ccccc1CS,Cc1ccc(S(=O)(=O)C2(C(=O)Nc3ccccc3CS)CCCC2)cc1,Amidation,,
C119956,1,,,,O=C(O)Cc1cc2ncc(Br)cn2n1,CCS(=O)(=O)N1CCc2c(N)cccc2C1,CCS(=O)(=O)N1CCc2c(cccc2NC(=O)Cc2cc3ncc(Br)cn3n2)C1,Amidation,,
C128769,1,,,,Cc1ccc(S(=O)(=O)C2(C(=O)O)CCCC2)cc1,Cc1cc(F)ccc1N,Cc1ccc(S(=O)(=O)C2(C(=O)Nc3ccc(F)cc3C)CCCC2)cc1,Amidation,,
C128771,1,,,,Cc1ccc(S(=O)(=O)C2(C(=O)O)CCCC2)cc1,Cc1cccc(I)c1N,Cc1ccc(S(=O)(=O)C2(C(=O)Nc3c(C)cccc3I)CCCC2)cc1,Amidation,,
C119963,1,,,,O=C(O)Cc1[nH]nc2ccc(Br)cc12,Nc1cccc2c1CCN(CC(F)(F)F)C2,O=C(Cc1[nH]nc2ccc(Br)cc12)Nc1cccc2c1CCN(CC(F)(F)F)C2,Amidation,,
C102750,1,,,,O=C(O)c1cc(Cl)ncc1F,C#Cc1cc(F)c(F)cc1N,C#Cc1cc(F)c(F)cc1NC(=O)c1cc(Cl)ncc1F,Amidation,,
C128775,1,,,,O=C(O)C1(S(=O)(=O)c2ccc(Cl)cc2)CCC1,Cc1c(N)ccc(Br)c1F,Cc1c(NC(=O)C2(S(=O)(=O)c3ccc(Cl)cc3)CCC2)ccc(Br)c1F,Amidation,,
C128776,1,,,,O=C(O)CS(=O)(=O)c1cccc(C(F)(F)F)c1,N#Cc1cc(Cl)ccc1N,N#Cc1cc(Cl)ccc1NC(=O)CS(=O)(=O)c1cccc(C(F)(F)F)c1,Amidation,,
C119979,1,,,,O=C(O)Cc1n[nH]c2cc(F)ccc12,Nc1cccc2c1CCN(CC(F)(F)F)C2,O=C(Cc1n[nH]c2cc(F)ccc12)Nc1cccc2c1CCN(CC(F)(F)F)C2,Amidation,,
C119982,1,,,,O=C(O)Cc1nn(CC(F)(F)F)cc1I,CS(=O)(=O)N1CCc2c(N)cccc2C1,CS(=O)(=O)N1CCc2c(cccc2NC(=O)Cc2nn(CC(F)(F)F)cc2I)C1,Amidation,,
C163457,1,,,,O=C(O)c1ccc([N+](=O)[O-])cc1C(F)(F)F,CC1NC(C)C(C)NC1=O,CC1NC(=O)C(C)N(C(=O)c2ccc([N+](=O)[O-])cc2C(F)(F)F)C1C,Amidation,,
C128799,1,,,,CC(C(=O)O)S(=O)(=O)c1ccc([N+](=O)[O-])cc1,Cc1cc(F)cc(S)c1N,Cc1cc(F)cc(S)c1NC(=O)C(C)S(=O)(=O)c1ccc([N+](=O)[O-])cc1,Amidation,,
C128803,1,,,,O=C(O)CS(=O)(=O)c1cccc(C(F)(F)F)c1,Cc1cc(Br)cc(Cl)c1N,Cc1cc(Br)cc(Cl)c1NC(=O)CS(=O)(=O)c1cccc(C(F)(F)F)c1,Amidation,,
C119996,1,,,,O=C(O)Cc1cc2ncc(Br)cn2n1,Nc1cccc2c1CCN(CC(F)(F)F)C2,O=C(Cc1cc2ncc(Br)cn2n1)Nc1cccc2c1CCN(CC(F)(F)F)C2,Amidation,,
C128805,1,,,,O=C(O)CS(=O)(=O)c1cccc(C(F)(F)F)c1,Cc1c(N)ccc(Br)c1F,Cc1c(NC(=O)CS(=O)(=O)c2cccc(C(F)(F)F)c2)ccc(Br)c1F,Amidation,,
C128807,1,,,,O=C(O)CS(=O)(=O)c1cccc(C(F)(F)F)c1,Cc1c(N)ccc(F)c1F,Cc1c(NC(=O)CS(=O)(=O)c2cccc(C(F)(F)F)c2)ccc(F)c1F,Amidation,,
C120008,1,,,,Cn1nc(CC(=O)O)c2c1CCCC2,Nc1cccc2c1CCN(CC(F)(F)F)C2,Cn1nc(CC(=O)Nc2cccc3c2CCN(CC(F)(F)F)C3)c2c1CCCC2,Amidation,,
C102796,1,,,,O=C(O)c1ccnc(F)c1Cl,Nc1c(CO)ccc(F)c1F,O=C(Nc1c(CO)ccc(F)c1F)c1ccnc(F)c1Cl,Amidation,,
C128823,1,,,,O=C(O)CS(=O)(=O)c1cccc(C(F)(F)F)c1,Cc1c(F)ccc(Cl)c1N,Cc1c(F)ccc(Cl)c1NC(=O)CS(=O)(=O)c1cccc(C(F)(F)F)c1,Amidation,,
C128826,1,,,,O=C(O)CS(=O)(=O)c1cccc(C(F)(F)F)c1,CCc1cc(Br)ccc1N,CCc1cc(Br)ccc1NC(=O)CS(=O)(=O)c1cccc(C(F)(F)F)c1,Amidation,,
C128827,1,,,,O=C(O)CS(=O)(=O)c1cccc(C(F)(F)F)c1,Cc1cc(F)cc(Cl)c1N,Cc1cc(F)cc(Cl)c1NC(=O)CS(=O)(=O)c1cccc(C(F)(F)F)c1,Amidation,,
C102805,1,,,,O=C(O)c1ccnc(F)c1Cl,Nc1cc(F)cc(F)c1C=O,O=Cc1c(F)cc(F)cc1NC(=O)c1ccnc(F)c1Cl,Amidation,,
C128829,1,,,,O=C(O)C1(S(=O)(=O)c2ccc(Cl)cc2)CCCC1,Cc1cccc(Br)c1N,Cc1cccc(Br)c1NC(=O)C1(S(=O)(=O)c2ccc(Cl)cc2)CCCC1,Amidation,,
C102807,1,,,,O=C(O)c1ccnc(F)c1Cl,CCc1cc(F)cc(N)c1C,CCc1cc(F)cc(NC(=O)c2ccnc(F)c2Cl)c1C,Amidation,,
C128831,1,,,,O=C(O)C1(S(=O)(=O)c2ccc(Cl)cc2)CCCC1,N#Cc1ccccc1N,N#Cc1ccccc1NC(=O)C1(S(=O)(=O)c2ccc(Cl)cc2)CCCC1,Amidation,,
C120024,1,,,,O=C(O)C1(c2ccn(C(F)F)n2)CC1,Nc1cccc2c1CCN(CC(F)(F)F)C2,O=C(Nc1cccc2c1CCN(CC(F)(F)F)C2)C1(c2ccn(C(F)F)n2)CC1,Amidation,,
C120025,1,,,,O=C(O)C1(c2ccn(C(F)F)n2)CC1,CC(C)(O)CN1CCc2c(N)cccc2C1,CC(C)(O)CN1CCc2c(cccc2NC(=O)C2(c3ccn(C(F)F)n3)CC2)C1,Amidation,,
C128833,1,,,,Cc1ccc(F)cc1N,O=C(O)C1(S(=O)(=O)c2ccc(Cl)cc2)CCCC1,Cc1ccc(F)cc1NC(=O)C1(S(=O)(=O)c2ccc(Cl)cc2)CCCC1,Amidation,,
C128836,1,,,,O=C(O)C1(S(=O)(=O)c2ccc(Cl)cc2)CCCC1,Cc1c(N)cccc1I,Cc1c(I)cccc1NC(=O)C1(S(=O)(=O)c2ccc(Cl)cc2)CCCC1,Amidation,,
C128837,1,,,,O=C(O)C1(S(=O)(=O)c2ccc(Cl)cc2)CCCC1,Cc1cc(F)ccc1N,Cc1cc(F)ccc1NC(=O)C1(S(=O)(=O)c2ccc(Cl)cc2)CCCC1,Amidation,,
C128838,1,,,,O=C(O)C1(S(=O)(=O)c2ccc(Cl)cc2)CCCC1,Cc1cc(I)ccc1N,Cc1cc(I)ccc1NC(=O)C1(S(=O)(=O)c2ccc(Cl)cc2)CCCC1,Amidation,,
C128839,1,,,,O=C(O)C1(S(=O)(=O)c2ccc(Cl)cc2)CCCC1,Cc1cccc(I)c1N,Cc1cccc(I)c1NC(=O)C1(S(=O)(=O)c2ccc(Cl)cc2)CCCC1,Amidation,,
C128840,1,,,,O=C(O)C1(S(=O)(=O)c2ccc(Cl)cc2)CCCC1,Nc1ccccc1CS,O=C(Nc1ccccc1CS)C1(S(=O)(=O)c2ccc(Cl)cc2)CCCC1,Amidation,,
C163500,1,,,,CCc1ccc(C(=O)O)c(C(F)(F)F)c1,CC1C(=O)NCCN1CCN,CCc1ccc(C(=O)NCCN2CCNC(=O)C2C)c(C(F)(F)F)c1,Amidation,,
C102818,1,,,,O=C(O)c1ccnc(F)c1Cl,C#Cc1cc(F)c(F)cc1N,C#Cc1cc(F)c(F)cc1NC(=O)c1ccnc(F)c1Cl,Amidation,,
C120034,1,,,,Cn1ccc(C(C)(C)C(=O)O)n1,Cc1ccc(N2CCc3c(N)cccc3C2)nn1,Cc1ccc(N2CCc3c(cccc3NC(=O)C(C)(C)c3ccn(C)n3)C2)nn1,Amidation,,
C102820,1,,,,O=C(O)c1ccnc(F)c1Cl,CCc1cc(Br)c(F)cc1N,CCc1cc(Br)c(F)cc1NC(=O)c1ccnc(F)c1Cl,Amidation,,
C120036,1,,,,O=C(O)Cc1nn(CC(F)F)cc1I,CCS(=O)(=O)N1CCc2c(N)cccc2C1,CCS(=O)(=O)N1CCc2c(cccc2NC(=O)Cc2nn(CC(F)F)cc2I)C1,Amidation,,
C128844,1,,,,O=C(O)C1(S(=O)(=O)c2ccc(Cl)cc2)CCCC1,Cc1cccc(F)c1N,Cc1cccc(F)c1NC(=O)C1(S(=O)(=O)c2ccc(Cl)cc2)CCCC1,Amidation,,
C128845,1,,,,O=C(O)C1(S(=O)(=O)c2ccc(Cl)cc2)CCCC1,Cc1cc(Br)ccc1N,Cc1cc(Br)ccc1NC(=O)C1(S(=O)(=O)c2ccc(Cl)cc2)CCCC1,Amidation,,
C128846,1,,,,O=C(O)C1(S(=O)(=O)c2ccc(Cl)cc2)CCCC1,Cc1ccc(N)c(C)c1,Cc1ccc(NC(=O)C2(S(=O)(=O)c3ccc(Cl)cc3)CCCC2)c(C)c1,Amidation,,
C128847,1,,,,O=C(O)C1(S(=O)(=O)c2ccc(Cl)cc2)CCCC1,Cc1ccc(I)cc1N,Cc1ccc(I)cc1NC(=O)C1(S(=O)(=O)c2ccc(Cl)cc2)CCCC1,Amidation,,
C128848,1,,,,O=C(O)C1(S(=O)(=O)c2ccc(Cl)cc2)CCCC1,Cc1ccc(Br)cc1N,Cc1ccc(Br)cc1NC(=O)C1(S(=O)(=O)c2ccc(Cl)cc2)CCCC1,Amidation,,
C128850,1,,,,O=C(O)C1(S(=O)(=O)c2ccc(Cl)cc2)CCCC1,C=Cc1ccccc1N,C=Cc1ccccc1NC(=O)C1(S(=O)(=O)c2ccc(Cl)cc2)CCCC1,Amidation,,
C128851,1,,,,O=C(O)C1(S(=O)(=O)c2ccc(Cl)cc2)CCCC1,Cc1ccc(O)cc1N,Cc1ccc(O)cc1NC(=O)C1(S(=O)(=O)c2ccc(Cl)cc2)CCCC1,Amidation,,
C128853,1,,,,O=C(O)C1(S(=O)(=O)c2ccc(Cl)cc2)CCCC1,Cc1ccc(C)c(N)c1,Cc1ccc(C)c(NC(=O)C2(S(=O)(=O)c3ccc(Cl)cc3)CCCC2)c1,Amidation,,
C128856,1,,,,O=C(O)C1(S(=O)(=O)c2ccc(Cl)cc2)CCCC1,Cc1c(N)cccc1Cl,Cc1c(Cl)cccc1NC(=O)C1(S(=O)(=O)c2ccc(Cl)cc2)CCCC1,Amidation,,
C128857,1,,,,O=C(O)C1(S(=O)(=O)c2ccc(Cl)cc2)CCCC1,Cc1c(N)cccc1Br,Cc1c(Br)cccc1NC(=O)C1(S(=O)(=O)c2ccc(Cl)cc2)CCCC1,Amidation,,
C128858,1,,,,O=C(O)C1(S(=O)(=O)c2ccc(Cl)cc2)CCCC1,Cc1cccc(S)c1N,Cc1cccc(S)c1NC(=O)C1(S(=O)(=O)c2ccc(Cl)cc2)CCCC1,Amidation,,
C128859,1,,,,O=C(O)C1(S(=O)(=O)c2ccc(Cl)cc2)CCCC1,Cc1cccc(Cl)c1N,Cc1cccc(Cl)c1NC(=O)C1(S(=O)(=O)c2ccc(Cl)cc2)CCCC1,Amidation,,
C128860,1,,,,O=C(O)C1(S(=O)(=O)c2ccc(Cl)cc2)CCCC1,Cc1ccc(Cl)cc1N,Cc1ccc(Cl)cc1NC(=O)C1(S(=O)(=O)c2ccc(Cl)cc2)CCCC1,Amidation,,
C128861,1,,,,O=C(O)C1(S(=O)(=O)c2ccc(Cl)cc2)CCCC1,Cc1cc(Cl)ccc1N,Cc1cc(Cl)ccc1NC(=O)C1(S(=O)(=O)c2ccc(Cl)cc2)CCCC1,Amidation,,
C128862,1,,,,O=C(O)C1(S(=O)(=O)c2ccc(Cl)cc2)CCCC1,Cc1c(N)cccc1F,Cc1c(F)cccc1NC(=O)C1(S(=O)(=O)c2ccc(Cl)cc2)CCCC1,Amidation,,
C102839,1,,,,O=C(O)c1c(O)cncc1Cl,CCc1cc(F)cc(N)c1C,CCc1cc(F)cc(NC(=O)c2c(O)cncc2Cl)c1C,Amidation,,
C128863,1,,,,O=C(O)C1(S(=O)(=O)c2ccc(Cl)cc2)CCCC1,Cc1cc(S)ccc1N,Cc1cc(S)ccc1NC(=O)C1(S(=O)(=O)c2ccc(Cl)cc2)CCCC1,Amidation,,
C128864,1,,,,O=C(O)C1(S(=O)(=O)c2ccc(Br)cc2)CCCC1,Cc1cccc(C)c1N,Cc1cccc(C)c1NC(=O)C1(S(=O)(=O)c2ccc(Br)cc2)CCCC1,Amidation,,
C128865,1,,,,O=C(O)C1(S(=O)(=O)c2ccc(Br)cc2)CCCC1,Cc1c(N)cccc1F,Cc1c(F)cccc1NC(=O)C1(S(=O)(=O)c2ccc(Br)cc2)CCCC1,Amidation,,
C128866,1,,,,O=C(O)C1(S(=O)(=O)c2ccc(Br)cc2)CCCC1,Cc1cc(Cl)ccc1N,Cc1cc(Cl)ccc1NC(=O)C1(S(=O)(=O)c2ccc(Br)cc2)CCCC1,Amidation,,
C128867,1,,,,O=C(O)C1(S(=O)(=O)c2ccc(Br)cc2)CCCC1,Cc1ccc(Cl)cc1N,Cc1ccc(Cl)cc1NC(=O)C1(S(=O)(=O)c2ccc(Br)cc2)CCCC1,Amidation,,
C120060,1,,,,O=C(O)Cc1nn(CC(F)F)cc1I,CC(C)(O)CN1CCc2c(N)cccc2C1,CC(C)(O)CN1CCc2c(cccc2NC(=O)Cc2nn(CC(F)F)cc2I)C1,Amidation,,
C120061,1,,,,CC(C)(C)Cc1c[nH]nc1CC(=O)O,CCS(=O)(=O)N1CCc2c(N)cccc2C1,CCS(=O)(=O)N1CCc2c(cccc2NC(=O)Cc2n[nH]cc2CC(C)(C)C)C1,Amidation,,
C102847,1,,,,O=C(O)c1c(O)cncc1Cl,CC(C)c1ccc(F)cc1N,CC(C)c1ccc(F)cc1NC(=O)c1c(O)cncc1Cl,Amidation,,
C128868,1,,,,O=C(O)C1(S(=O)(=O)c2ccc(Br)cc2)CCCC1,Cc1cccc(Cl)c1N,Cc1cccc(Cl)c1NC(=O)C1(S(=O)(=O)c2ccc(Br)cc2)CCCC1,Amidation,,
C128869,1,,,,O=C(O)C1(S(=O)(=O)c2ccc(Br)cc2)CCCC1,Cc1cccc(S)c1N,Cc1cccc(S)c1NC(=O)C1(S(=O)(=O)c2ccc(Br)cc2)CCCC1,Amidation,,
C128874,1,,,,O=C(O)C1(S(=O)(=O)c2ccc(Br)cc2)CCCC1,Cc1cccc(F)c1N,Cc1cccc(F)c1NC(=O)C1(S(=O)(=O)c2ccc(Br)cc2)CCCC1,Amidation,,
C128870,1,,,,O=C(O)C1(S(=O)(=O)c2ccc(Br)cc2)CCCC1,Cc1c(N)cccc1Br,Cc1c(Br)cccc1NC(=O)C1(S(=O)(=O)c2ccc(Br)cc2)CCCC1,Amidation,,
C128876,1,,,,O=C(O)C1(S(=O)(=O)c2ccc(Br)cc2)CCCC1,Cc1ccc(I)cc1N,Cc1ccc(I)cc1NC(=O)C1(S(=O)(=O)c2ccc(Br)cc2)CCCC1,Amidation,,
C128877,1,,,,O=C(O)C1(S(=O)(=O)c2ccc(Br)cc2)CCCC1,Cc1ccc(Br)cc1N,Cc1ccc(Br)cc1NC(=O)C1(S(=O)(=O)c2ccc(Br)cc2)CCCC1,Amidation,,
C120069,1,,,,Cc1c(Br)c(C(C)(C)C(=O)O)nn1C,Nc1cccc2c1CCN(CC(F)(F)F)C2,Cc1c(Br)c(C(C)(C)C(=O)Nc2cccc3c2CCN(CC(F)(F)F)C3)nn1C,Amidation,,
C120070,1,,,,Cc1c(Br)c(C(C)(C)C(=O)O)nn1C,CC(C)(O)CN1CCc2c(N)cccc2C1,Cc1c(Br)c(C(C)(C)C(=O)Nc2cccc3c2CCN(CC(C)(C)O)C3)nn1C,Amidation,,
C128880,1,,,,O=C(O)C1(S(=O)(=O)c2ccc(Br)cc2)CCCC1,Cc1ccc(O)cc1N,Cc1ccc(O)cc1NC(=O)C1(S(=O)(=O)c2ccc(Br)cc2)CCCC1,Amidation,,
C128881,1,,,,O=C(O)C1(S(=O)(=O)c2ccc(Br)cc2)CCCC1,CCc1ccccc1N,CCc1ccccc1NC(=O)C1(S(=O)(=O)c2ccc(Br)cc2)CCCC1,Amidation,,
C120073,1,,,,O=C(O)C1CCCc2cn[nH]c21,Cc1ccc(N2CCc3c(N)cccc3C2)nn1,Cc1ccc(N2CCc3c(cccc3NC(=O)C3CCCc4cn[nH]c43)C2)nn1,Amidation,,
C128882,1,,,,O=C(O)C1(S(=O)(=O)c2ccc(Br)cc2)CCCC1,Cc1ccc(C)c(N)c1,Cc1ccc(C)c(NC(=O)C2(S(=O)(=O)c3ccc(Br)cc3)CCCC2)c1,Amidation,,
C128883,1,,,,O=C(O)C1(S(=O)(=O)c2ccc(Br)cc2)CCCC1,Cc1cc(S)ccc1N,Cc1cc(S)ccc1NC(=O)C1(S(=O)(=O)c2ccc(Br)cc2)CCCC1,Amidation,,
C128884,1,,,,O=C(O)C1(S(=O)(=O)c2ccc(Br)cc2)CCCC1,Cc1cc(Br)ccc1N,Cc1cc(Br)ccc1NC(=O)C1(S(=O)(=O)c2ccc(Br)cc2)CCCC1,Amidation,,
C128887,1,,,,O=C(O)C1(S(=O)(=O)c2ccc(Br)cc2)CCCC1,Cc1cccc(Br)c1N,Cc1cccc(Br)c1NC(=O)C1(S(=O)(=O)c2ccc(Br)cc2)CCCC1,Amidation,,
C128888,1,,,,O=C(O)C1(S(=O)(=O)c2ccc(Br)cc2)CCCC1,Nc1ccccc1CS,O=C(Nc1ccccc1CS)C1(S(=O)(=O)c2ccc(Br)cc2)CCCC1,Amidation,,
C128889,1,,,,O=C(O)C1(S(=O)(=O)c2ccc(Br)cc2)CCCC1,Cc1cc(I)ccc1N,Cc1cc(I)ccc1NC(=O)C1(S(=O)(=O)c2ccc(Br)cc2)CCCC1,Amidation,,
C128890,1,,,,O=C(O)C1(S(=O)(=O)c2ccc(Br)cc2)CCCC1,Cc1cc(F)ccc1N,Cc1cc(F)ccc1NC(=O)C1(S(=O)(=O)c2ccc(Br)cc2)CCCC1,Amidation,,
C128891,1,,,,O=C(O)C1(S(=O)(=O)c2ccc(Br)cc2)CCCC1,Cc1c(N)cccc1I,Cc1c(I)cccc1NC(=O)C1(S(=O)(=O)c2ccc(Br)cc2)CCCC1,Amidation,,
C120084,1,,,,CC(C)(C)Cc1c[nH]nc1CC(=O)O,Nc1cccc2c1CCN(CC(F)(F)F)C2,CC(C)(C)Cc1c[nH]nc1CC(=O)Nc1cccc2c1CCN(CC(F)(F)F)C2,Amidation,,
C128894,1,,,,Cc1ccc(F)cc1N,O=C(O)C1(S(=O)(=O)c2ccc(Br)cc2)CCCC1,Cc1ccc(F)cc1NC(=O)C1(S(=O)(=O)c2ccc(Br)cc2)CCCC1,Amidation,,
C128896,1,,,,O=C(O)C1(S(=O)(=O)c2ccc(Br)cc2)CCCC1,N#Cc1ccccc1N,N#Cc1ccccc1NC(=O)C1(S(=O)(=O)c2ccc(Br)cc2)CCCC1,Amidation,,
C120088,1,,,,O=C(O)Cc1ccn(C(F)F)n1,Cc1ccc(N2CCc3c(N)cccc3C2)nn1,Cc1ccc(N2CCc3c(cccc3NC(=O)Cc3ccn(C(F)F)n3)C2)nn1,Amidation,,
C128898,1,,,,O=C(O)C1(S(=O)(=O)c2ccc(Br)cc2)CCCC1,Cc1cccc(I)c1N,Cc1cccc(I)c1NC(=O)C1(S(=O)(=O)c2ccc(Br)cc2)CCCC1,Amidation,,
C120095,1,,,,O=C(O)Cc1ccn(C2CCCC2)n1,CCS(=O)(=O)N1CCc2c(N)cccc2C1,CCS(=O)(=O)N1CCc2c(cccc2NC(=O)Cc2ccn(C3CCCC3)n2)C1,Amidation,,
C120098,1,,,,O=C(O)Cc1ccn(C2CCCC2)n1,CC(C)(O)CN1CCc2c(N)cccc2C1,CC(C)(O)CN1CCc2c(cccc2NC(=O)Cc2ccn(C3CCCC3)n2)C1,Amidation,,
C102884,1,,,,O=C(O)c1c(O)cncc1Cl,Nc1cc(F)c(F)cc1C=O,O=Cc1cc(F)c(F)cc1NC(=O)c1c(O)cncc1Cl,Amidation,,
C163574,1,,,,O=C(O)c1ccc(C2CC2)cc1C(F)(F)F,O=C1NCC2CCCC1N2,O=C1NCC2CCCC1N2C(=O)c1ccc(C2CC2)cc1C(F)(F)F,Amidation,,
C102888,1,,,,O=C(O)c1c(O)cncc1Cl,CCc1cc(Br)c(F)cc1N,CCc1cc(Br)c(F)cc1NC(=O)c1c(O)cncc1Cl,Amidation,,
C102890,1,,,,O=C(O)c1c(O)cncc1Cl,C#Cc1cc(F)c(F)cc1N,C#Cc1cc(F)c(F)cc1NC(=O)c1c(O)cncc1Cl,Amidation,,
C102892,1,,,,O=C(O)c1c(O)cncc1Cl,Nc1cc(F)c(Cl)cc1C=O,O=Cc1cc(Cl)c(F)cc1NC(=O)c1c(O)cncc1Cl,Amidation,,
C102907,1,,,,O=C(O)c1ccncc1S,Nc1cc(F)ccc1C(F)(F)F,O=C(Nc1cc(F)ccc1C(F)(F)F)c1ccncc1S,Amidation,,
C102909,1,,,,O=C(O)c1cc(F)ncc1I,CCc1cc(F)cc(N)c1C,CCc1cc(F)cc(NC(=O)c2cc(F)ncc2I)c1C,Amidation,,
C102911,1,,,,O=C(O)c1cc(F)ncc1I,Cc1c(N)cc(F)c(C)c1Br,Cc1c(F)cc(NC(=O)c2cc(F)ncc2I)c(C)c1Br,Amidation,,
C102912,1,,,,O=C(O)c1cc(F)ncc1I,Cc1c(N)cc(F)cc1C#N,Cc1c(C#N)cc(F)cc1NC(=O)c1cc(F)ncc1I,Amidation,,
C163601,1,,,,O=C1CN(C2CNC2)CCN1,O=C(O)c1cc(O)c(O)cc1C(F)(F)F,O=C1CN(C2CN(C(=O)c3cc(O)c(O)cc3C(F)(F)F)C2)CCN1,Amidation,,
C102917,1,,,,O=C(O)c1cc(F)ncc1I,CC(C)c1ccc(F)cc1N,CC(C)c1ccc(F)cc1NC(=O)c1cc(F)ncc1I,Amidation,,
C102918,1,,,,O=C(O)c1cc(F)ncc1I,Cc1c(N)cc(F)cc1CO,Cc1c(CO)cc(F)cc1NC(=O)c1cc(F)ncc1I,Amidation,,
C102919,1,,,,O=C(O)c1cc(F)ncc1I,Nc1cc(F)ccc1C1CC1,O=C(Nc1cc(F)ccc1C1CC1)c1cc(F)ncc1I,Amidation,,
C128946,1,,,,O=C(O)C1(S(=O)(=O)c2ccccc2)CCCCC1,Cc1cccc(I)c1N,Cc1cccc(I)c1NC(=O)C1(S(=O)(=O)c2ccccc2)CCCCC1,Amidation,,
C102923,1,,,,O=C(O)c1cc(F)ncc1I,Nc1cc(F)cc(F)c1C=O,O=Cc1c(F)cc(F)cc1NC(=O)c1cc(F)ncc1I,Amidation,,
C102924,1,,,,O=C(O)c1cc(F)ncc1I,Nc1cc(F)cc(F)c1CO,O=C(Nc1cc(F)cc(F)c1CO)c1cc(F)ncc1I,Amidation,,
C128949,1,,,,O=C(O)C1(S(=O)(=O)c2ccccc2)CCCCC1,Cc1c(N)cccc1F,Cc1c(F)cccc1NC(=O)C1(S(=O)(=O)c2ccccc2)CCCCC1,Amidation,,
C128954,1,,,,O=C(O)C1(S(=O)(=O)c2ccccc2)CCCCC1,Cc1ccc(I)cc1N,Cc1ccc(I)cc1NC(=O)C1(S(=O)(=O)c2ccccc2)CCCCC1,Amidation,,
C163625,1,,,,O=C(O)c1c(C(F)(F)F)ccc(F)c1F,CC(C)(C)C1NCCNC1=O,CC(C)(C)C1C(=O)NCCN1C(=O)c1c(C(F)(F)F)ccc(F)c1F,Amidation,,
C120190,1,,,,O=C(O)Cc1cccc2c1OC(F)(F)O2,Nc1ccc(=O)n(-c2ccccc2)c1,O=C(Cc1cccc2c1OC(F)(F)O2)Nc1ccc(=O)n(-c2ccccc2)c1,Amidation,,
C102940,1,,,,O=C(O)c1ccncc1S,C#Cc1cc(Cl)c(F)c(F)c1N,C#Cc1cc(Cl)c(F)c(F)c1NC(=O)c1ccncc1S,Amidation,,
C102941,1,,,,O=C(O)c1ccncc1S,C#Cc1cc(C#N)c(F)cc1N,C#Cc1cc(C#N)c(F)cc1NC(=O)c1ccncc1S,Amidation,,
C128966,1,,,,O=C(O)C1(S(=O)(=O)c2ccccc2)CCCCC1,Cc1cccc(S)c1N,Cc1cccc(S)c1NC(=O)C1(S(=O)(=O)c2ccccc2)CCCCC1,Amidation,,
C102943,1,,,,O=C(O)c1ccncc1S,CC(=O)c1ccc(F)c(F)c1N,CC(=O)c1ccc(F)c(F)c1NC(=O)c1ccncc1S,Amidation,,
C102944,1,,,,O=C(O)c1ccncc1S,Cc1c(N)cc(F)cc1[N+](=O)[O-],Cc1c(NC(=O)c2ccncc2S)cc(F)cc1[N+](=O)[O-],Amidation,,
C102945,1,,,,O=C(O)c1ccncc1S,Cc1cc(N)c(F)cc1[N+](=O)[O-],Cc1cc(NC(=O)c2ccncc2S)c(F)cc1[N+](=O)[O-],Amidation,,
C120197,1,,,,O=C(O)C(O)c1cccc2c1OC(F)(F)O2,Nc1ccc(=O)n(Cc2cccnc2)c1,O=C(Nc1ccc(=O)n(Cc2cccnc2)c1)C(O)c1cccc2c1OC(F)(F)O2,Amidation,,
C128968,1,,,,O=C(O)C1(S(=O)(=O)c2ccccc2)CCCCC1,Cc1ccc(Cl)cc1N,Cc1ccc(Cl)cc1NC(=O)C1(S(=O)(=O)c2ccccc2)CCCCC1,Amidation,,
C120199,1,,,,O=C(O)Cc1cccc2c1OC(F)(F)O2,Nc1ccc(=O)n(Cc2ccccc2Cl)c1,O=C(Cc1cccc2c1OC(F)(F)O2)Nc1ccc(=O)n(Cc2ccccc2Cl)c1,Amidation,,
C128974,1,,,,CC(C)C(C(=O)O)S(=O)(=O)c1ccc(Br)cc1,Cc1ccc(C#N)cc1N,Cc1ccc(C#N)cc1NC(=O)C(C(C)C)S(=O)(=O)c1ccc(Br)cc1,Amidation,,
C102951,1,,,,O=C(O)c1ccncc1S,CC(=O)c1cc(Br)c(F)cc1N,CC(=O)c1cc(Br)c(F)cc1NC(=O)c1ccncc1S,Amidation,,
C128976,1,,,,CC(C)C(C(=O)O)S(=O)(=O)c1ccc(Br)cc1,Clc1ccc2c(c1)NCC2,CC(C)C(C(=O)N1CCc2ccc(Cl)cc21)S(=O)(=O)c1ccc(Br)cc1,Amidation,,
C102955,1,,,,O=C(O)c1cc(F)ncc1Cl,Cc1c(N)cc(F)c(C)c1Br,Cc1c(F)cc(NC(=O)c2cc(F)ncc2Cl)c(C)c1Br,Amidation,,
C102956,1,,,,O=C(O)c1cc(F)ncc1Cl,Cc1c(N)cc(F)cc1C#N,Cc1c(C#N)cc(F)cc1NC(=O)c1cc(F)ncc1Cl,Amidation,,
C128985,1,,,,CC(C)C(C(=O)O)S(=O)(=O)c1ccc(Br)cc1,CSc1cccc(N)c1C,CSc1cccc(NC(=O)C(C(C)C)S(=O)(=O)c2ccc(Br)cc2)c1C,Amidation,,
C102962,1,,,,O=C(O)c1cc(F)ncc1Cl,CC(C)c1ccc(F)cc1N,CC(C)c1ccc(F)cc1NC(=O)c1cc(F)ncc1Cl,Amidation,,
C102963,1,,,,O=C(O)c1cc(F)ncc1Cl,Nc1cc(F)ccc1C1CC1,O=C(Nc1cc(F)ccc1C1CC1)c1cc(F)ncc1Cl,Amidation,,
C102964,1,,,,O=C(O)c1cc(F)ncc1Cl,CC(=O)c1ccc(F)cc1N,CC(=O)c1ccc(F)cc1NC(=O)c1cc(F)ncc1Cl,Amidation,,
C128986,1,,,,CC(C)C(C(=O)O)S(=O)(=O)c1ccc(Br)cc1,CSc1ccc(C)c(N)c1,CSc1ccc(C)c(NC(=O)C(C(C)C)S(=O)(=O)c2ccc(Br)cc2)c1,Amidation,,
C128987,1,,,,CC(C)C(C(=O)O)S(=O)(=O)c1ccc(Br)cc1,Cc1cc(Cl)cc(C)c1N,Cc1cc(Cl)cc(C)c1NC(=O)C(C(C)C)S(=O)(=O)c1ccc(Br)cc1,Amidation,,
C128990,1,,,,CC(C)C(C(=O)O)S(=O)(=O)c1ccc(Br)cc1,CSCc1ccccc1N,CSCc1ccccc1NC(=O)C(C(C)C)S(=O)(=O)c1ccc(Br)cc1,Amidation,,
C128991,1,,,,CC(C)C(C(=O)O)S(=O)(=O)c1ccc(Br)cc1,N#Cc1ccc(Br)cc1N,CC(C)C(C(=O)Nc1cc(Br)ccc1C#N)S(=O)(=O)c1ccc(Br)cc1,Amidation,,
C128992,1,,,,CC(C)C(C(=O)O)S(=O)(=O)c1ccc(Br)cc1,N#Cc1c(N)cccc1F,CC(C)C(C(=O)Nc1cccc(F)c1C#N)S(=O)(=O)c1ccc(Br)cc1,Amidation,,
C128996,1,,,,CC(C)C(C(=O)O)S(=O)(=O)c1ccc(Br)cc1,Cc1cc(Br)cc(C)c1N,Cc1cc(Br)cc(C)c1NC(=O)C(C(C)C)S(=O)(=O)c1ccc(Br)cc1,Amidation,,
C102973,1,,,,O=C(O)c1cc(F)ncc1Cl,Nc1cc(F)c(Br)cc1C=O,O=Cc1cc(Br)c(F)cc1NC(=O)c1cc(F)ncc1Cl,Amidation,,
C102976,1,,,,O=C(O)c1cc(F)ncc1Cl,Nc1cc(F)ccc1C(F)F,O=C(Nc1cc(F)ccc1C(F)F)c1cc(F)ncc1Cl,Amidation,,
C102977,1,,,,O=C(O)c1cc(F)ncc1Cl,C#Cc1cc(F)c(F)cc1N,C#Cc1cc(F)c(F)cc1NC(=O)c1cc(F)ncc1Cl,Amidation,,
C102983,1,,,,O=C(O)c1cc(F)ncc1Cl,Nc1cc(F)c(F)cc1C=O,O=Cc1cc(F)c(F)cc1NC(=O)c1cc(F)ncc1Cl,Amidation,,
C163673,1,,,,O=C(O)c1c(C(F)(F)F)ccc(F)c1F,CN1CCN(CCN)CC1=O,CN1CCN(CCNC(=O)c2c(C(F)(F)F)ccc(F)c2F)CC1=O,Amidation,,
C102990,1,,,,O=C(O)c1cc(F)ncc1I,Nc1cc(F)c(Cl)cc1C=O,O=Cc1cc(Cl)c(F)cc1NC(=O)c1cc(F)ncc1I,Amidation,,
C102992,1,,,,O=C(O)c1cc(F)ncc1I,C#Cc1cc(F)c(F)cc1N,C#Cc1cc(F)c(F)cc1NC(=O)c1cc(F)ncc1I,Amidation,,
C102994,1,,,,O=C(O)c1cc(F)ncc1I,CCc1cc(Br)c(F)cc1N,CCc1cc(Br)c(F)cc1NC(=O)c1cc(F)ncc1I,Amidation,,
C129019,1,,,,CC(C)C(C(=O)O)S(=O)(=O)c1ccc(Br)cc1,CSc1cccc(C)c1N,CSc1cccc(C)c1NC(=O)C(C(C)C)S(=O)(=O)c1ccc(Br)cc1,Amidation,,
C129020,1,,,,CC(C)C(C(=O)O)S(=O)(=O)c1ccc(Br)cc1,CCc1cc(Br)ccc1N,CCc1cc(Br)ccc1NC(=O)C(C(C)C)S(=O)(=O)c1ccc(Br)cc1,Amidation,,
C102998,1,,,,O=C(O)c1cc(F)ncc1I,Nc1cc(F)c(F)cc1C=O,O=Cc1cc(F)c(F)cc1NC(=O)c1cc(F)ncc1I,Amidation,,
C129024,1,,,,CC(C)C(C(=O)O)S(=O)(=O)c1ccc(Br)cc1,Cc1cc(C)c(N)c(Br)c1,Cc1cc(C)c(NC(=O)C(C(C)C)S(=O)(=O)c2ccc(Br)cc2)c(Br)c1,Amidation,,
C129026,1,,,,CC(C)C(C(=O)O)S(=O)(=O)c1ccc(Br)cc1,Nc1ccc(Cl)cc1CO,CC(C)C(C(=O)Nc1ccc(Cl)cc1CO)S(=O)(=O)c1ccc(Br)cc1,Amidation,,
C129027,1,,,,CC(C)C(C(=O)O)S(=O)(=O)c1ccc(Br)cc1,Cc1cc(F)cc(S)c1N,Cc1cc(F)cc(S)c1NC(=O)C(C(C)C)S(=O)(=O)c1ccc(Br)cc1,Amidation,,
C129028,1,,,,CC(C)C(C(=O)O)S(=O)(=O)c1ccc(Br)cc1,Cc1cc(C#N)ccc1N,Cc1cc(C#N)ccc1NC(=O)C(C(C)C)S(=O)(=O)c1ccc(Br)cc1,Amidation,,
C129029,1,,,,O=C(O)C1(S(=O)(=O)c2ccccc2)CCCC1,Cc1cc(F)cc(S)c1N,Cc1cc(F)cc(S)c1NC(=O)C1(S(=O)(=O)c2ccccc2)CCCC1,Amidation,,
C103010,1,,,,O=C(O)c1c(Cl)cncc1Br,Nc1cc(F)ccc1C1CC1,O=C(Nc1cc(F)ccc1C1CC1)c1c(Cl)cncc1Br,Amidation,,
C103011,1,,,,O=C(O)c1c(Cl)cncc1Br,CC(=O)c1ccc(F)cc1N,CC(=O)c1ccc(F)cc1NC(=O)c1c(Cl)cncc1Br,Amidation,,
C103014,1,,,,O=C(O)c1c(Cl)cncc1Br,Nc1cc(F)cc(F)c1C=O,O=Cc1c(F)cc(F)cc1NC(=O)c1c(Cl)cncc1Br,Amidation,,
C103015,1,,,,O=C(O)c1c(Cl)cncc1Br,Nc1cc(F)cc(F)c1CO,O=C(Nc1cc(F)cc(F)c1CO)c1c(Cl)cncc1Br,Amidation,,
C103016,1,,,,O=C(O)c1c(Cl)cncc1Br,Cc1c(N)cc(F)cc1CO,Cc1c(CO)cc(F)cc1NC(=O)c1c(Cl)cncc1Br,Amidation,,
C103017,1,,,,O=C(O)c1c(Cl)cncc1Br,CCc1cc(F)cc(N)c1C,CCc1cc(F)cc(NC(=O)c2c(Cl)cncc2Br)c1C,Amidation,,
C129041,1,,,,CC(C)C(C(=O)O)S(=O)(=O)c1ccc(Br)cc1,N#Cc1cc(Cl)ccc1N,CC(C)C(C(=O)Nc1ccc(Cl)cc1C#N)S(=O)(=O)c1ccc(Br)cc1,Amidation,,
C103019,1,,,,O=C(O)c1c(Cl)cncc1Br,COc1cc(C)c(N)cc1F,COc1cc(C)c(NC(=O)c2c(Cl)cncc2Br)cc1F,Amidation,,
C129043,1,,,,CC(C)C(C(=O)O)S(=O)(=O)c1ccc(Br)cc1,Cc1c(N)ccc(Br)c1F,Cc1c(NC(=O)C(C(C)C)S(=O)(=O)c2ccc(Br)cc2)ccc(Br)c1F,Amidation,,
C103021,1,,,,O=C(O)c1c(Cl)cncc1Br,N#Cc1ccc(F)c(F)c1N,N#Cc1ccc(F)c(F)c1NC(=O)c1c(Cl)cncc1Br,Amidation,,
C129045,1,,,,CC(C)C(C(=O)O)S(=O)(=O)c1ccc(Br)cc1,Cc1cc(C)c(N)c(F)c1,Cc1cc(C)c(NC(=O)C(C(C)C)S(=O)(=O)c2ccc(Br)cc2)c(F)c1,Amidation,,
C129046,1,,,,CC(C)C(C(=O)O)S(=O)(=O)c1ccc(Br)cc1,Cc1c(F)ccc(Cl)c1N,Cc1c(F)ccc(Cl)c1NC(=O)C(C(C)C)S(=O)(=O)c1ccc(Br)cc1,Amidation,,
C103024,1,,,,O=C(O)c1c(Cl)cncc1Br,CC(C)c1ccc(F)cc1N,CC(C)c1ccc(F)cc1NC(=O)c1c(Cl)cncc1Br,Amidation,,
C129050,1,,,,Cc1ccc(F)c(Br)c1N,CC(C)C(C(=O)O)S(=O)(=O)c1ccc(Br)cc1,Cc1ccc(F)c(Br)c1NC(=O)C(C(C)C)S(=O)(=O)c1ccc(Br)cc1,Amidation,,
C103028,1,,,,O=C(O)c1c(Cl)cncc1Br,CCc1cc(Br)c(F)cc1N,CCc1cc(Br)c(F)cc1NC(=O)c1c(Cl)cncc1Br,Amidation,,
C103029,1,,,,O=C(O)c1c(Cl)cncc1Br,NN1CCc2ccc(F)cc21,O=C(NN1CCc2ccc(F)cc21)c1c(Cl)cncc1Br,Amidation,,
C129053,1,,,,CC(C)C(C(=O)O)S(=O)(=O)c1ccc(Br)cc1,Cc1cc(Br)cc(Cl)c1N,Cc1cc(Br)cc(Cl)c1NC(=O)C(C(C)C)S(=O)(=O)c1ccc(Br)cc1,Amidation,,
C129054,1,,,,CC(C)C(C(=O)O)S(=O)(=O)c1ccc(Br)cc1,Cc1cc(F)cc(Cl)c1N,Cc1cc(F)cc(Cl)c1NC(=O)C(C(C)C)S(=O)(=O)c1ccc(Br)cc1,Amidation,,
C103032,1,,,,O=C(O)c1c(Cl)cncc1Br,Nc1cc(F)c(F)cc1C=O,O=Cc1cc(F)c(F)cc1NC(=O)c1c(Cl)cncc1Br,Amidation,,
C129056,1,,,,CC(C)C(C(=O)O)S(=O)(=O)c1ccc(Br)cc1,Nc1ccccc1C1CC1,CC(C)C(C(=O)Nc1ccccc1C1CC1)S(=O)(=O)c1ccc(Br)cc1,Amidation,,
C129058,1,,,,CC(C)C(C(=O)O)S(=O)(=O)c1ccc(Br)cc1,Cc1cc(F)c(C)cc1N,Cc1cc(NC(=O)C(C(C)C)S(=O)(=O)c2ccc(Br)cc2)c(C)cc1F,Amidation,,
C103035,1,,,,O=C(O)c1c(Cl)cncc1Br,Nc1cc(F)c(F)cc1CO,O=C(Nc1cc(F)c(F)cc1CO)c1c(Cl)cncc1Br,Amidation,,
C103036,1,,,,O=C(O)c1c(Cl)cncc1Br,N#Cc1ccc(F)c(Br)c1N,N#Cc1ccc(F)c(Br)c1NC(=O)c1c(Cl)cncc1Br,Amidation,,
C129060,1,,,,CC(C)C(C(=O)O)S(=O)(=O)c1ccc(Br)cc1,Clc1cccc2c1NCC2,CC(C)C(C(=O)N1CCc2cccc(Cl)c21)S(=O)(=O)c1ccc(Br)cc1,Amidation,,
C103038,1,,,,O=C(O)c1c(Cl)cncc1Br,Cc1c(N)cc(F)c(C)c1Br,Cc1c(F)cc(NC(=O)c2c(Cl)cncc2Br)c(C)c1Br,Amidation,,
C103039,1,,,,O=C(O)c1c(Cl)cncc1Br,Cc1c(N)cc(F)cc1C#N,Cc1c(C#N)cc(F)cc1NC(=O)c1c(Cl)cncc1Br,Amidation,,
C129062,1,,,,CC(C)C(C(=O)O)S(=O)(=O)c1ccc(Br)cc1,Cc1c(N)ccc(F)c1F,Cc1c(NC(=O)C(C(C)C)S(=O)(=O)c2ccc(Br)cc2)ccc(F)c1F,Amidation,,
C103041,1,,,,O=C(O)c1c(Cl)cncc1Br,Nc1c(CO)ccc(F)c1F,O=C(Nc1c(CO)ccc(F)c1F)c1c(Cl)cncc1Br,Amidation,,
C129063,1,,,,CC(C)C(C(=O)O)S(=O)(=O)c1ccc(Br)cc1,Nc1c(F)cccc1C=O,CC(C)C(C(=O)Nc1c(F)cccc1C=O)S(=O)(=O)c1ccc(Br)cc1,Amidation,,
C103047,1,,,,O=C(O)c1cc(Cl)ncc1O,CCc1cc(Br)c(F)cc1N,CCc1cc(Br)c(F)cc1NC(=O)c1cc(Cl)ncc1O,Amidation,,
C129071,1,,,,O=C(O)C1(S(=O)(=O)c2ccc(Cl)cc2)CCC1,Cc1c(F)ccc(Cl)c1N,Cc1c(F)ccc(Cl)c1NC(=O)C1(S(=O)(=O)c2ccc(Cl)cc2)CCC1,Amidation,,
C129072,1,,,,O=C(O)C1(S(=O)(=O)c2ccc(Cl)cc2)CCC1,Cc1cc(C)c(N)c(F)c1,Cc1cc(C)c(NC(=O)C2(S(=O)(=O)c3ccc(Cl)cc3)CCC2)c(F)c1,Amidation,,
C129074,1,,,,O=C(O)C1(S(=O)(=O)c2ccc(Cl)cc2)CCC1,CCc1cc(Br)ccc1N,CCc1cc(Br)ccc1NC(=O)C1(S(=O)(=O)c2ccc(Cl)cc2)CCC1,Amidation,,
C129075,1,,,,O=C(O)C1(S(=O)(=O)c2ccc(Cl)cc2)CCC1,Cc1cc(Br)cc(Cl)c1N,Cc1cc(Br)cc(Cl)c1NC(=O)C1(S(=O)(=O)c2ccc(Cl)cc2)CCC1,Amidation,,
C129076,1,,,,O=C(O)C1(S(=O)(=O)c2ccc(Cl)cc2)CCC1,CSc1cccc(C)c1N,CSc1cccc(C)c1NC(=O)C1(S(=O)(=O)c2ccc(Cl)cc2)CCC1,Amidation,,
C129077,1,,,,O=C(O)C1(S(=O)(=O)c2ccc(Cl)cc2)CCC1,N#Cc1c(N)cccc1F,N#Cc1c(F)cccc1NC(=O)C1(S(=O)(=O)c2ccc(Cl)cc2)CCC1,Amidation,,
C129078,1,,,,O=C(O)C1(S(=O)(=O)c2ccc(Cl)cc2)CCC1,N#Cc1ccc(Br)cc1N,N#Cc1ccc(Br)cc1NC(=O)C1(S(=O)(=O)c2ccc(Cl)cc2)CCC1,Amidation,,
C163735,1,,,,O=C(O)c1c(C(F)(F)F)ccc(F)c1F,CC1NCC2CCCN2C1=O,CC1C(=O)N2CCCC2CN1C(=O)c1c(C(F)(F)F)ccc(F)c1F,Amidation,,
C103057,1,,,,O=C(O)c1cc(Cl)ncc1O,Cc1c(N)cc(F)c(C)c1Br,Cc1c(F)cc(NC(=O)c2cc(Cl)ncc2O)c(C)c1Br,Amidation,,
C129082,1,,,,O=C(O)C1(S(=O)(=O)c2ccc(Cl)cc2)CCC1,Cc1cc(Cl)cc(C)c1N,Cc1cc(Cl)cc(C)c1NC(=O)C1(S(=O)(=O)c2ccc(Cl)cc2)CCC1,Amidation,,
C129083,1,,,,O=C(O)C1(S(=O)(=O)c2ccc(Cl)cc2)CCC1,CSc1ccc(C)c(N)c1,CSc1ccc(C)c(NC(=O)C2(S(=O)(=O)c3ccc(Cl)cc3)CCC2)c1,Amidation,,
C129084,1,,,,O=C(O)C1(S(=O)(=O)c2ccc(Cl)cc2)CCC1,CSc1cccc(N)c1C,CSc1cccc(NC(=O)C2(S(=O)(=O)c3ccc(Cl)cc3)CCC2)c1C,Amidation,,
C103061,1,,,,O=C(O)c1c(Cl)cncc1Br,C#Cc1cc(F)c(F)cc1N,C#Cc1cc(F)c(F)cc1NC(=O)c1c(Cl)cncc1Br,Amidation,,
C129087,1,,,,Cc1ccc(F)c(Br)c1N,O=C(O)C1(S(=O)(=O)c2ccc(Cl)cc2)CCC1,Cc1ccc(F)c(Br)c1NC(=O)C1(S(=O)(=O)c2ccc(Cl)cc2)CCC1,Amidation,,
C129090,1,,,,O=C(O)C1(S(=O)(=O)c2ccc(Cl)cc2)CCC1,Cc1cc(F)cc(Cl)c1N,Cc1cc(F)cc(Cl)c1NC(=O)C1(S(=O)(=O)c2ccc(Cl)cc2)CCC1,Amidation,,
C129092,1,,,,O=C(O)C1(S(=O)(=O)c2ccc(Cl)cc2)CCC1,N#Cc1cc(Cl)ccc1N,N#Cc1cc(Cl)ccc1NC(=O)C1(S(=O)(=O)c2ccc(Cl)cc2)CCC1,Amidation,,
C103069,1,,,,O=C(O)c1c(Cl)cncc1Br,Nc1cc(F)ccc1C(F)F,O=C(Nc1cc(F)ccc1C(F)F)c1c(Cl)cncc1Br,Amidation,,
C103070,1,,,,O=C(O)c1c(Cl)cncc1Br,Nc1cc(F)c(Br)cc1CO,O=C(Nc1cc(F)c(Br)cc1CO)c1c(Cl)cncc1Br,Amidation,,
C129094,1,,,,O=C(O)C1(S(=O)(=O)c2ccc(Cl)cc2)CCC1,Nc1cccc(I)c1CO,O=C(Nc1cccc(I)c1CO)C1(S(=O)(=O)c2ccc(Cl)cc2)CCC1,Amidation,,
C129097,1,,,,O=C(O)C1(S(=O)(=O)c2ccc(Cl)cc2)CCC1,Cc1cc(C)c(N)c(Br)c1,Cc1cc(C)c(NC(=O)C2(S(=O)(=O)c3ccc(Cl)cc3)CCC2)c(Br)c1,Amidation,,
C129101,1,,,,O=C(O)C1(S(=O)(=O)c2ccc(Cl)cc2)CCC1,Cc1cc(F)cc(S)c1N,Cc1cc(F)cc(S)c1NC(=O)C1(S(=O)(=O)c2ccc(Cl)cc2)CCC1,Amidation,,
C129106,1,,,,O=C(O)C1(S(=O)(=O)c2ccc(Cl)cc2)CCC1,Cc1cc(F)c(C)cc1N,Cc1cc(NC(=O)C2(S(=O)(=O)c3ccc(Cl)cc3)CCC2)c(C)cc1F,Amidation,,
C163783,1,,,,O=C(O)c1ccc([N+](=O)[O-])cc1C(F)(F)F,O=C1NCC2CCCC1N2,O=C1NCC2CCCC1N2C(=O)c1ccc([N+](=O)[O-])cc1C(F)(F)F,Amidation,,
C103109,1,,,,O=C(O)c1c(Cl)cncc1Br,Nc1cc(F)c(Br)cc1C=O,O=Cc1cc(Br)c(F)cc1NC(=O)c1c(Cl)cncc1Br,Amidation,,
C103111,1,,,,O=C(O)c1c(Cl)cncc1Br,Nc1cc(F)c(Cl)cc1C=O,O=Cc1cc(Cl)c(F)cc1NC(=O)c1c(Cl)cncc1Br,Amidation,,
C103118,1,,,,O=C(O)c1ccncc1S,CC(=O)c1cc(F)c(F)cc1N,CC(=O)c1cc(F)c(F)cc1NC(=O)c1ccncc1S,Amidation,,
C103122,1,,,,O=C(O)c1ccnc(Br)c1O,Cc1c(N)cc(F)c(C)c1Br,Cc1c(F)cc(NC(=O)c2ccnc(Br)c2O)c(C)c1Br,Amidation,,
C129147,1,,,,O=C(O)C1(S(=O)(=O)c2ccc(Cl)cc2)CCC1,Cc1cc(Br)cc(C)c1N,Cc1cc(Br)cc(C)c1NC(=O)C1(S(=O)(=O)c2ccc(Cl)cc2)CCC1,Amidation,,
C103132,1,,,,O=C(O)c1cc(F)nc(Cl)c1,CC(C)c1ccc(F)cc1N,CC(C)c1ccc(F)cc1NC(=O)c1cc(F)nc(Cl)c1,Amidation,,
C103137,1,,,,O=C(O)c1cc(F)nc(Cl)c1,Nc1cc(F)ccc1C1CC1,O=C(Nc1cc(F)ccc1C1CC1)c1cc(F)nc(Cl)c1,Amidation,,
C129162,1,,,,CC(=O)c1ccc(S(=O)(=O)CC(=O)O)cc1F,Cc1c(F)ccc(Cl)c1N,CC(=O)c1ccc(S(=O)(=O)CC(=O)Nc2c(Cl)ccc(F)c2C)cc1F,Amidation,,
C163827,1,,,,O=C(O)c1c(C(F)(F)F)ccc(F)c1F,NCCCN1CCNC(=O)C1,O=C1CN(CCCNC(=O)c2c(C(F)(F)F)ccc(F)c2F)CCN1,Amidation,,
C129166,1,,,,CC(=O)c1ccc(S(=O)(=O)CC(=O)O)cc1F,Cc1c(N)ccc(F)c1F,CC(=O)c1ccc(S(=O)(=O)CC(=O)Nc2ccc(F)c(F)c2C)cc1F,Amidation,,
C103145,1,,,,O=C(O)c1cc(F)nc(Cl)c1,Cc1c(N)cc(F)c(C)c1Br,Cc1c(F)cc(NC(=O)c2cc(F)nc(Cl)c2)c(C)c1Br,Amidation,,
C163833,1,,,,O=C1CN(C2CNC2)CCN1,O=C(O)c1c(C(F)(F)F)ccc(F)c1F,O=C1CN(C2CN(C(=O)c3c(C(F)(F)F)ccc(F)c3F)C2)CCN1,Amidation,,
C129171,1,,,,CC(=O)c1ccc(S(=O)(=O)CC(=O)O)cc1F,N#Cc1cc(Cl)ccc1N,CC(=O)c1ccc(S(=O)(=O)CC(=O)Nc2ccc(Cl)cc2C#N)cc1F,Amidation,,
C163834,1,,,,O=C(O)c1c(C(F)(F)F)ccc(F)c1F,CC1C(=O)NCCN1CCN,CC1C(=O)NCCN1CCNC(=O)c1c(C(F)(F)F)ccc(F)c1F,Amidation,,
C103150,1,,,,O=C(O)c1cc(F)nc(Cl)c1,Nc1cc(F)cc(F)c1CO,O=C(Nc1cc(F)cc(F)c1CO)c1cc(F)nc(Cl)c1,Amidation,,
C103154,1,,,,O=C(O)c1cc(F)nc(Cl)c1,CCc1cc(Br)c(F)cc1N,CCc1cc(Br)c(F)cc1NC(=O)c1cc(F)nc(Cl)c1,Amidation,,
C129179,1,,,,O=C(O)C1(S(=O)(=O)c2ccccc2)CCCC1,Cc1cc(Br)cc(Cl)c1N,Cc1cc(Br)cc(Cl)c1NC(=O)C1(S(=O)(=O)c2ccccc2)CCCC1,Amidation,,
C103156,1,,,,O=C(O)c1cc(F)nc(Cl)c1,C#Cc1cc(F)c(F)cc1N,C#Cc1cc(F)c(F)cc1NC(=O)c1cc(F)nc(Cl)c1,Amidation,,
C103162,1,,,,O=C(O)c1cc(F)nc(Cl)c1,N#Cc1ccc(F)c(F)c1N,N#Cc1ccc(F)c(F)c1NC(=O)c1cc(F)nc(Cl)c1,Amidation,,
C129187,1,,,,CC(C(=O)O)S(=O)(=O)c1ccc([N+](=O)[O-])cc1,Cc1cc(Br)cc(C)c1N,Cc1cc(Br)cc(C)c1NC(=O)C(C)S(=O)(=O)c1ccc([N+](=O)[O-])cc1,Amidation,,
C163853,1,,,,[N-]=[N+]=Nc1ccc(C(=O)O)c(C(F)(F)F)c1,O=C1NCC2CCCC1N2,[N-]=[N+]=Nc1ccc(C(=O)N2C3CCCC2C(=O)NC3)c(C(F)(F)F)c1,Amidation,,
C103172,1,,,,O=C(O)c1cc(Br)ncc1F,Nc1cc(F)c(Br)cc1CO,O=C(Nc1cc(F)c(Br)cc1CO)c1cc(Br)ncc1F,Amidation,,
C103173,1,,,,O=C(O)c1cc(Br)ncc1F,Nc1cc(F)c(Cl)cc1C=O,O=Cc1cc(Cl)c(F)cc1NC(=O)c1cc(Br)ncc1F,Amidation,,
C103175,1,,,,O=C(O)c1cc(Br)ncc1F,C#Cc1cc(F)c(F)cc1N,C#Cc1cc(F)c(F)cc1NC(=O)c1cc(Br)ncc1F,Amidation,,
C129199,1,,,,CC(=O)c1ccc(S(=O)(=O)CC(=O)O)cc1F,Cc1cc(F)cc(S)c1N,CC(=O)c1ccc(S(=O)(=O)CC(=O)Nc2c(C)cc(F)cc2S)cc1F,Amidation,,
C129205,1,,,,O=C(O)C1(S(=O)(=O)c2ccccc2)CCCC1,N#Cc1ccc(Br)cc1N,N#Cc1ccc(Br)cc1NC(=O)C1(S(=O)(=O)c2ccccc2)CCCC1,Amidation,,
C103182,1,,,,O=C(O)c1cc(Br)ncc1F,CCc1cc(F)cc(N)c1C,CCc1cc(F)cc(NC(=O)c2cc(Br)ncc2F)c1C,Amidation,,
C103186,1,,,,O=C(O)c1cc(Br)ncc1F,N#Cc1ccc(F)c(F)c1N,N#Cc1ccc(F)c(F)c1NC(=O)c1cc(Br)ncc1F,Amidation,,
C103188,1,,,,O=C(O)c1cc(Br)ncc1F,CC(C)c1ccc(F)cc1N,CC(C)c1ccc(F)cc1NC(=O)c1cc(Br)ncc1F,Amidation,,
C129212,1,,,,CC(=O)c1ccc(S(=O)(=O)CC(=O)O)cc1F,Cc1cc(Cl)cc(C)c1N,CC(=O)c1ccc(S(=O)(=O)CC(=O)Nc2c(C)cc(Cl)cc2C)cc1F,Amidation,,
C103191,1,,,,O=C(O)c1cc(Br)ncc1F,CCc1cc(Br)c(F)cc1N,CCc1cc(Br)c(F)cc1NC(=O)c1cc(Br)ncc1F,Amidation,,
C129217,1,,,,CC(=O)c1ccc(S(=O)(=O)CC(=O)O)cc1F,N#Cc1c(N)cccc1F,CC(=O)c1ccc(S(=O)(=O)CC(=O)Nc2cccc(F)c2C#N)cc1F,Amidation,,
C129219,1,,,,CC(=O)c1ccc(S(=O)(=O)CC(=O)O)cc1F,Cc1cc(Br)cc(Cl)c1N,CC(=O)c1ccc(S(=O)(=O)CC(=O)Nc2c(C)cc(Br)cc2Cl)cc1F,Amidation,,
C103201,1,,,,O=C(O)c1cc(Br)ncc1F,Cc1c(N)cc(F)c(C)c1Br,Cc1c(F)cc(NC(=O)c2cc(Br)ncc2F)c(C)c1Br,Amidation,,
C129232,1,,,,O=C(O)C1(S(=O)(=O)c2ccccc2)CCCC1,Cc1cc(Cl)cc(C)c1N,Cc1cc(Cl)cc(C)c1NC(=O)C1(S(=O)(=O)c2ccccc2)CCCC1,Amidation,,
C163900,1,,,,O=C(O)c1c(C(F)(F)F)ccc(Br)c1F,NCCCN1CCNC(=O)C1,O=C1CN(CCCNC(=O)c2c(C(F)(F)F)ccc(Br)c2F)CCN1,Amidation,,
C129257,1,,,,CC(C(=O)O)S(=O)(=O)c1ccc([N+](=O)[O-])cc1,CCc1cc(Br)ccc1N,CCc1cc(Br)ccc1NC(=O)C(C)S(=O)(=O)c1ccc([N+](=O)[O-])cc1,Amidation,,
C129258,1,,,,CC(C(=O)O)S(=O)(=O)c1ccc([N+](=O)[O-])cc1,Cc1cc(Br)cc(Cl)c1N,Cc1cc(Br)cc(Cl)c1NC(=O)C(C)S(=O)(=O)c1ccc([N+](=O)[O-])cc1,Amidation,,
C129260,1,,,,CC(C(=O)O)S(=O)(=O)c1ccc([N+](=O)[O-])cc1,N#Cc1c(N)cccc1F,CC(C(=O)Nc1cccc(F)c1C#N)S(=O)(=O)c1ccc([N+](=O)[O-])cc1,Amidation,,
C129265,1,,,,CC(C(=O)O)S(=O)(=O)c1ccc([N+](=O)[O-])cc1,Cc1cc(Cl)cc(C)c1N,Cc1cc(Cl)cc(C)c1NC(=O)C(C)S(=O)(=O)c1ccc([N+](=O)[O-])cc1,Amidation,,
C129267,1,,,,CC(C(=O)O)S(=O)(=O)c1ccc([N+](=O)[O-])cc1,CSc1cccc(N)c1C,CSc1cccc(NC(=O)C(C)S(=O)(=O)c2ccc([N+](=O)[O-])cc2)c1C,Amidation,,
C163943,1,,,,O=C1CN(C2CNC2)CCN1,O=C(O)c1ccc(CBr)cc1C(F)(F)F,O=C1CN(C2CN(C(=O)c3ccc(CBr)cc3C(F)(F)F)C2)CCN1,Amidation,,
C129280,1,,,,CC(C(=O)O)S(=O)(=O)c1ccc([N+](=O)[O-])cc1,N#Cc1cc(Cl)ccc1N,CC(C(=O)Nc1ccc(Cl)cc1C#N)S(=O)(=O)c1ccc([N+](=O)[O-])cc1,Amidation,,
C163950,1,,,,O=C(O)c1ccc(CBr)cc1C(F)(F)F,CC1C(=O)NCCN1CCN,CC1C(=O)NCCN1CCNC(=O)c1ccc(CBr)cc1C(F)(F)F,Amidation,,
C163963,1,,,,O=C1CN(C2CNC2)CCN1,Cc1cc(C(F)(F)F)c(C(=O)O)cc1I,Cc1cc(C(F)(F)F)c(C(=O)N2CC(N3CCNC(=O)C3)C2)cc1I,Amidation,,
C129300,1,,,,O=C(O)C1(S(=O)(=O)c2ccccc2)CCCC1,Cc1c(F)ccc(Cl)c1N,Cc1c(F)ccc(Cl)c1NC(=O)C1(S(=O)(=O)c2ccccc2)CCCC1,Amidation,,
C163969,1,,,,Cc1cc(C(F)(F)F)c(C(=O)O)cc1I,COC(=O)C1NCCNC1=O,COC(=O)C1C(=O)NCCN1C(=O)c1cc(I)c(C)cc1C(F)(F)F,Amidation,,
C129306,1,,,,O=C(O)C1(S(=O)(=O)c2ccccc2)CCCC1,Cc1cc(F)cc(Cl)c1N,Cc1cc(F)cc(Cl)c1NC(=O)C1(S(=O)(=O)c2ccccc2)CCCC1,Amidation,,
C103283,1,,,,Cc1c(C(=O)O)ccnc1F,C#Cc1cc(F)c(F)cc1N,C#Cc1cc(F)c(F)cc1NC(=O)c1ccnc(F)c1C,Amidation,,
C163970,1,,,,Cc1cc(C(F)(F)F)c(C(=O)O)cc1I,CC1C(=O)NCCN1CCN,Cc1cc(C(F)(F)F)c(C(=O)NCCN2CCNC(=O)C2C)cc1I,Amidation,,
C129311,1,,,,O=C(O)C1(S(=O)(=O)c2ccccc2)CCCC1,Cc1cc(F)c(C)cc1N,Cc1cc(NC(=O)C2(S(=O)(=O)c3ccccc3)CCCC2)c(C)cc1F,Amidation,,
C103288,1,,,,Cc1c(C(=O)O)ccnc1F,N#Cc1ccc(F)c(F)c1N,Cc1c(C(=O)Nc2c(C#N)ccc(F)c2F)ccnc1F,Amidation,,
C163977,1,,,,O=C1CN(C2CNC2)CCN1,C#Cc1ccc(C(=O)O)c(C(F)(F)F)c1,C#Cc1ccc(C(=O)N2CC(N3CCNC(=O)C3)C2)c(C(F)(F)F)c1,Amidation,,
C103292,1,,,,Cc1c(C(=O)O)ccnc1F,CCc1cc(F)cc(N)c1C,CCc1cc(F)cc(NC(=O)c2ccnc(F)c2C)c1C,Amidation,,
C129320,1,,,,Cc1ccc(F)c(Br)c1N,O=C(O)C1(S(=O)(=O)c2ccc(Br)cc2)CCCC1,Cc1ccc(F)c(Br)c1NC(=O)C1(S(=O)(=O)c2ccc(Br)cc2)CCCC1,Amidation,,
C129322,1,,,,O=C(O)C1(S(=O)(=O)c2ccc(Br)cc2)CCCC1,Cc1cc(F)cc(Cl)c1N,Cc1cc(F)cc(Cl)c1NC(=O)C1(S(=O)(=O)c2ccc(Br)cc2)CCCC1,Amidation,,
C129325,1,,,,O=C(O)C1(S(=O)(=O)c2ccc(Br)cc2)CCCC1,Cc1c(F)ccc(Cl)c1N,Cc1c(F)ccc(Cl)c1NC(=O)C1(S(=O)(=O)c2ccc(Br)cc2)CCCC1,Amidation,,
C129326,1,,,,O=C(O)C1(S(=O)(=O)c2ccc(Br)cc2)CCCC1,Cc1c(Br)ccc(O)c1N,Cc1c(Br)ccc(O)c1NC(=O)C1(S(=O)(=O)c2ccc(Br)cc2)CCCC1,Amidation,,
C129327,1,,,,O=C(O)C1(S(=O)(=O)c2ccc(Br)cc2)CCCC1,Cc1cc(Br)cc(C)c1N,Cc1cc(Br)cc(C)c1NC(=O)C1(S(=O)(=O)c2ccc(Br)cc2)CCCC1,Amidation,,
C129329,1,,,,O=C(O)C1(S(=O)(=O)c2ccc(Br)cc2)CCCC1,Cc1cc(F)c(C)cc1N,Cc1cc(NC(=O)C2(S(=O)(=O)c3ccc(Br)cc3)CCCC2)c(C)cc1F,Amidation,,
C129330,1,,,,O=C(O)C1(S(=O)(=O)c2ccc(Br)cc2)CCCC1,Cc1cc(C)c(N)c(F)c1,Cc1cc(C)c(NC(=O)C2(S(=O)(=O)c3ccc(Br)cc3)CCCC2)c(F)c1,Amidation,,
C129331,1,,,,O=C(O)C1(S(=O)(=O)c2ccc(Br)cc2)CCCC1,COc1cccc(C)c1N,COc1cccc(C)c1NC(=O)C1(S(=O)(=O)c2ccc(Br)cc2)CCCC1,Amidation,,
C163996,1,,,,Cc1cc(C(F)(F)F)c(C(=O)O)cc1I,NCCCN1CCNC(=O)C1,Cc1cc(C(F)(F)F)c(C(=O)NCCCN2CCNC(=O)C2)cc1I,Amidation,,
C129334,1,,,,O=C(O)C1(S(=O)(=O)c2ccc(Br)cc2)CCCC1,Cc1c(N)ccc(F)c1F,Cc1c(NC(=O)C2(S(=O)(=O)c3ccc(Br)cc3)CCCC2)ccc(F)c1F,Amidation,,
C129335,1,,,,O=C(O)C1(S(=O)(=O)c2ccc(Br)cc2)CCCC1,Nc1c(F)cccc1C=O,O=Cc1cccc(F)c1NC(=O)C1(S(=O)(=O)c2ccc(Br)cc2)CCCC1,Amidation,,
C129336,1,,,,O=C(O)C1(S(=O)(=O)c2ccc(Br)cc2)CCCC1,Cc1c(N)ccc(Br)c1F,Cc1c(NC(=O)C2(S(=O)(=O)c3ccc(Br)cc3)CCCC2)ccc(Br)c1F,Amidation,,
C129338,1,,,,O=C(O)C1(S(=O)(=O)c2ccc(Br)cc2)CCCC1,N#Cc1cc(Cl)ccc1N,N#Cc1cc(Cl)ccc1NC(=O)C1(S(=O)(=O)c2ccc(Br)cc2)CCCC1,Amidation,,
C129340,1,,,,O=C(O)C1(S(=O)(=O)c2ccc(Br)cc2)CCCC1,Nc1ccccc1C1CC1,O=C(Nc1ccccc1C1CC1)C1(S(=O)(=O)c2ccc(Br)cc2)CCCC1,Amidation,,
C103318,1,,,,Cc1cncc(F)c1C(=O)O,N#Cc1ccc(F)c(Br)c1N,Cc1cncc(F)c1C(=O)Nc1c(C#N)ccc(F)c1Br,Amidation,,
C129342,1,,,,O=C(O)C1(S(=O)(=O)c2ccc(Br)cc2)CCCC1,Cc1cc(Cl)cc(C)c1N,Cc1cc(Cl)cc(C)c1NC(=O)C1(S(=O)(=O)c2ccc(Br)cc2)CCCC1,Amidation,,
C129343,1,,,,O=C(O)C1(S(=O)(=O)c2ccc(Br)cc2)CCCC1,Cc1cc(Br)cc(Cl)c1N,Cc1cc(Br)cc(Cl)c1NC(=O)C1(S(=O)(=O)c2ccc(Br)cc2)CCCC1,Amidation,,
C129347,1,,,,O=C(O)C1(S(=O)(=O)c2ccc(Br)cc2)CCCC1,Cc1ccc(C#N)cc1N,Cc1ccc(C#N)cc1NC(=O)C1(S(=O)(=O)c2ccc(Br)cc2)CCCC1,Amidation,,
C129348,1,,,,O=C(O)C1(S(=O)(=O)c2ccc(Br)cc2)CCCC1,Cc1cccc2c1CCN2,Cc1cccc2c1CCN2C(=O)C1(S(=O)(=O)c2ccc(Br)cc2)CCCC1,Amidation,,
C129349,1,,,,O=C(O)C1(S(=O)(=O)c2ccc(Br)cc2)CCCC1,Clc1ccc2c(c1)NCC2,O=C(N1CCc2ccc(Cl)cc21)C1(S(=O)(=O)c2ccc(Br)cc2)CCCC1,Amidation,,
C129353,1,,,,O=C(O)C1(S(=O)(=O)c2ccc(Br)cc2)CCCC1,Nc1c(F)cccc1CO,O=C(Nc1c(F)cccc1CO)C1(S(=O)(=O)c2ccc(Br)cc2)CCCC1,Amidation,,
C129355,1,,,,O=C(O)C1(S(=O)(=O)c2ccc(Br)cc2)CCCC1,CC1CNc2ccccc21,CC1CN(C(=O)C2(S(=O)(=O)c3ccc(Br)cc3)CCCC2)c2ccccc21,Amidation,,
C129358,1,,,,O=C(O)C1(S(=O)(=O)c2ccc(Br)cc2)CCCC1,Nc1cccc(I)c1CO,O=C(Nc1cccc(I)c1CO)C1(S(=O)(=O)c2ccc(Br)cc2)CCCC1,Amidation,,
C129359,1,,,,O=C(O)C1(S(=O)(=O)c2ccc(Br)cc2)CCCC1,CSc1cccc(N)c1C,CSc1cccc(NC(=O)C2(S(=O)(=O)c3ccc(Br)cc3)CCCC2)c1C,Amidation,,
C129360,1,,,,O=C(O)C1(S(=O)(=O)c2ccc(Br)cc2)CCCC1,CSc1ccc(C)c(N)c1,CSc1ccc(C)c(NC(=O)C2(S(=O)(=O)c3ccc(Br)cc3)CCCC2)c1,Amidation,,
C129363,1,,,,O=C(O)C1(S(=O)(=O)c2ccc(Br)cc2)CCCC1,CSCc1ccccc1N,CSCc1ccccc1NC(=O)C1(S(=O)(=O)c2ccc(Br)cc2)CCCC1,Amidation,,
C129364,1,,,,O=C(O)C1(S(=O)(=O)c2ccc(Br)cc2)CCCC1,N#Cc1ccc(Br)cc1N,N#Cc1ccc(Br)cc1NC(=O)C1(S(=O)(=O)c2ccc(Br)cc2)CCCC1,Amidation,,
C129365,1,,,,O=C(O)C1(S(=O)(=O)c2ccc(Br)cc2)CCCC1,N#Cc1c(N)cccc1F,N#Cc1c(F)cccc1NC(=O)C1(S(=O)(=O)c2ccc(Br)cc2)CCCC1,Amidation,,
C129366,1,,,,O=C(O)C1(S(=O)(=O)c2ccc(Br)cc2)CCCC1,CSc1cccc(C)c1N,CSc1cccc(C)c1NC(=O)C1(S(=O)(=O)c2ccc(Br)cc2)CCCC1,Amidation,,
C129367,1,,,,O=C(O)C1(S(=O)(=O)c2ccc(Br)cc2)CCCC1,CCc1cc(Br)ccc1N,CCc1cc(Br)ccc1NC(=O)C1(S(=O)(=O)c2ccc(Br)cc2)CCCC1,Amidation,,
C129370,1,,,,O=C(O)C1(S(=O)(=O)c2ccc(Br)cc2)CCCC1,Cc1cc(C)c(N)c(Br)c1,Cc1cc(C)c(NC(=O)C2(S(=O)(=O)c3ccc(Br)cc3)CCCC2)c(Br)c1,Amidation,,
C129371,1,,,,Cc1ccc(C)c(S(=O)(=O)C2(C(=O)O)CCCC2)c1,Cc1cccc(I)c1N,Cc1ccc(C)c(S(=O)(=O)C2(C(=O)Nc3c(C)cccc3I)CCCC2)c1,Amidation,,
C129372,1,,,,Cc1ccc(C)c(S(=O)(=O)C2(C(=O)O)CCCC2)c1,Cc1cc(F)ccc1N,Cc1ccc(C)c(S(=O)(=O)C2(C(=O)Nc3ccc(F)cc3C)CCCC2)c1,Amidation,,
C129373,1,,,,Cc1ccc(C)c(S(=O)(=O)C2(C(=O)O)CCCC2)c1,Cc1c(N)cccc1I,Cc1ccc(C)c(S(=O)(=O)C2(C(=O)Nc3cccc(I)c3C)CCCC2)c1,Amidation,,
C129376,1,,,,Cc1ccc(F)cc1N,Cc1ccc(C)c(S(=O)(=O)C2(C(=O)O)CCCC2)c1,Cc1ccc(C)c(S(=O)(=O)C2(C(=O)Nc3cc(F)ccc3C)CCCC2)c1,Amidation,,
C129378,1,,,,Cc1ccc(C)c(S(=O)(=O)C2(C(=O)O)CCCC2)c1,Cc1cc(I)ccc1N,Cc1ccc(C)c(S(=O)(=O)C2(C(=O)Nc3ccc(I)cc3C)CCCC2)c1,Amidation,,
C129379,1,,,,Cc1ccc(C)c(S(=O)(=O)C2(C(=O)O)CCCC2)c1,N#Cc1ccccc1N,Cc1ccc(C)c(S(=O)(=O)C2(C(=O)Nc3ccccc3C#N)CCCC2)c1,Amidation,,
C129380,1,,,,O=C(O)C1(S(=O)(=O)c2ccc(F)cc2)CCCCC1,Cc1cccc(C)c1N,Cc1cccc(C)c1NC(=O)C1(S(=O)(=O)c2ccc(F)cc2)CCCCC1,Amidation,,
C164045,1,,,,O=C1CN(C2CNC2)CCN1,N#Cc1ccc(C(=O)O)c(C(F)(F)F)c1,N#Cc1ccc(C(=O)N2CC(N3CCNC(=O)C3)C2)c(C(F)(F)F)c1,Amidation,,
C129383,1,,,,O=C(O)C1(S(=O)(=O)c2ccc(F)cc2)CCCCC1,Nc1ccccc1CS,O=C(Nc1ccccc1CS)C1(S(=O)(=O)c2ccc(F)cc2)CCCCC1,Amidation,,
C129385,1,,,,O=C(O)C1(S(=O)(=O)c2ccc(F)cc2)CCCCC1,N#Cc1ccccc1N,N#Cc1ccccc1NC(=O)C1(S(=O)(=O)c2ccc(F)cc2)CCCCC1,Amidation,,
C129387,1,,,,O=C(O)C1(S(=O)(=O)c2ccc(F)cc2)CCCCC1,Brc1cccc2c1CN2,O=C(N1Cc2c(Br)cccc21)C1(S(=O)(=O)c2ccc(F)cc2)CCCCC1,Amidation,,
C129388,1,,,,O=C(O)C1(S(=O)(=O)c2ccc(F)cc2)CCCCC1,Cc1c(N)cccc1O,Cc1c(O)cccc1NC(=O)C1(S(=O)(=O)c2ccc(F)cc2)CCCCC1,Amidation,,
C129389,1,,,,O=C(O)C1(S(=O)(=O)c2ccc(F)cc2)CCCCC1,Cc1c(N)cccc1I,Cc1c(I)cccc1NC(=O)C1(S(=O)(=O)c2ccc(F)cc2)CCCCC1,Amidation,,
C129390,1,,,,O=C(O)C1(S(=O)(=O)c2ccc(F)cc2)CCCCC1,Cc1cc(F)ccc1N,Cc1cc(F)ccc1NC(=O)C1(S(=O)(=O)c2ccc(F)cc2)CCCCC1,Amidation,,
C129392,1,,,,O=C(O)C1(S(=O)(=O)c2ccc(F)cc2)CCCCC1,Cc1cccc(I)c1N,Cc1cccc(I)c1NC(=O)C1(S(=O)(=O)c2ccc(F)cc2)CCCCC1,Amidation,,
C129393,1,,,,Cc1ccc(F)cc1N,O=C(O)C1(S(=O)(=O)c2ccc(F)cc2)CCCCC1,Cc1ccc(F)cc1NC(=O)C1(S(=O)(=O)c2ccc(F)cc2)CCCCC1,Amidation,,
C129395,1,,,,Cc1ccc(C)c(S(=O)(=O)C2(C(=O)O)CCCC2)c1,Cc1cccc(Br)c1N,Cc1ccc(C)c(S(=O)(=O)C2(C(=O)Nc3c(C)cccc3Br)CCCC2)c1,Amidation,,
C103372,1,,,,Cc1cncc(F)c1C(=O)O,Nc1cc(F)ccc1C1CC1,Cc1cncc(F)c1C(=O)Nc1cc(F)ccc1C1CC1,Amidation,,
C129396,1,,,,Cc1ccc(C)c(S(=O)(=O)C2(C(=O)O)CCCC2)c1,Nc1ccccc1CS,Cc1ccc(C)c(S(=O)(=O)C2(C(=O)Nc3ccccc3CS)CCCC2)c1,Amidation,,
C129397,1,,,,Cc1ccc(C)c(S(=O)(=O)C2(C(=O)O)CCCC2)c1,Cc1cccc(O)c1N,Cc1ccc(C)c(S(=O)(=O)C2(C(=O)Nc3c(C)cccc3O)CCCC2)c1,Amidation,,
C129398,1,,,,Cc1ccc(C)c(S(=O)(=O)C2(C(=O)O)CCCC2)c1,Cc1cccc(F)c1N,Cc1ccc(C)c(S(=O)(=O)C2(C(=O)Nc3c(C)cccc3F)CCCC2)c1,Amidation,,
C129399,1,,,,Cc1ccc(C)c(S(=O)(=O)C2(C(=O)O)CCCC2)c1,Cc1cc(Br)ccc1N,Cc1ccc(C)c(S(=O)(=O)C2(C(=O)Nc3ccc(Br)cc3C)CCCC2)c1,Amidation,,
C129400,1,,,,Cc1ccc(C)c(S(=O)(=O)C2(C(=O)O)CCCC2)c1,Cc1ccc(N)c(C)c1,Cc1ccc(NC(=O)C2(S(=O)(=O)c3cc(C)ccc3C)CCCC2)c(C)c1,Amidation,,
C129401,1,,,,Cc1ccc(C)c(S(=O)(=O)C2(C(=O)O)CCCC2)c1,Cc1ccc(I)cc1N,Cc1ccc(C)c(S(=O)(=O)C2(C(=O)Nc3cc(I)ccc3C)CCCC2)c1,Amidation,,
C129402,1,,,,Cc1ccc(C)c(S(=O)(=O)C2(C(=O)O)CCCC2)c1,Cc1ccc(Br)cc1N,Cc1ccc(C)c(S(=O)(=O)C2(C(=O)Nc3cc(Br)ccc3C)CCCC2)c1,Amidation,,
C129404,1,,,,Cc1ccc(C)c(S(=O)(=O)C2(C(=O)O)CCCC2)c1,Cc1c(N)cccc1Cl,Cc1ccc(C)c(S(=O)(=O)C2(C(=O)Nc3cccc(Cl)c3C)CCCC2)c1,Amidation,,
C129406,1,,,,Cc1ccc(C)c(S(=O)(=O)C2(C(=O)O)CCCC2)c1,CCc1ccccc1N,CCc1ccccc1NC(=O)C1(S(=O)(=O)c2cc(C)ccc2C)CCCC1,Amidation,,
C129407,1,,,,Cc1ccc(C)c(S(=O)(=O)C2(C(=O)O)CCCC2)c1,Cc1ccc(C)c(N)c1,Cc1ccc(C)c(NC(=O)C2(S(=O)(=O)c3cc(C)ccc3C)CCCC2)c1,Amidation,,
C129413,1,,,,Cc1ccc(C)c(S(=O)(=O)C2(C(=O)O)CCCC2)c1,Cc1c(N)cccc1F,Cc1ccc(C)c(S(=O)(=O)C2(C(=O)Nc3cccc(F)c3C)CCCC2)c1,Amidation,,
C129414,1,,,,Cc1ccc(C)c(S(=O)(=O)C2(C(=O)O)CCCC2)c1,Cc1cc(Cl)ccc1N,Cc1ccc(C)c(S(=O)(=O)C2(C(=O)Nc3ccc(Cl)cc3C)CCCC2)c1,Amidation,,
C129415,1,,,,Cc1ccc(C)c(S(=O)(=O)C2(C(=O)O)CCCC2)c1,Cc1ccc(Cl)cc1N,Cc1ccc(C)c(S(=O)(=O)C2(C(=O)Nc3cc(Cl)ccc3C)CCCC2)c1,Amidation,,
C129416,1,,,,Cc1ccc(C)c(S(=O)(=O)C2(C(=O)O)CCCC2)c1,Cc1cccc(Cl)c1N,Cc1ccc(C)c(S(=O)(=O)C2(C(=O)Nc3c(C)cccc3Cl)CCCC2)c1,Amidation,,
C129417,1,,,,Cc1ccc(C)c(S(=O)(=O)C2(C(=O)O)CCCC2)c1,Cc1cccc(S)c1N,Cc1ccc(C)c(S(=O)(=O)C2(C(=O)Nc3c(C)cccc3S)CCCC2)c1,Amidation,,
C129420,1,,,,O=C(O)C1(S(=O)(=O)c2ccc(F)cc2)CCCCC1,Cc1cc(Cl)ccc1N,Cc1cc(Cl)ccc1NC(=O)C1(S(=O)(=O)c2ccc(F)cc2)CCCCC1,Amidation,,
C129421,1,,,,O=C(O)C1(S(=O)(=O)c2ccc(F)cc2)CCCCC1,Cc1ccc(Cl)cc1N,Cc1ccc(Cl)cc1NC(=O)C1(S(=O)(=O)c2ccc(F)cc2)CCCCC1,Amidation,,
C129422,1,,,,O=C(O)C1(S(=O)(=O)c2ccc(F)cc2)CCCCC1,Cc1cccc(Cl)c1N,Cc1cccc(Cl)c1NC(=O)C1(S(=O)(=O)c2ccc(F)cc2)CCCCC1,Amidation,,
C129423,1,,,,Cc1ccc(S(=O)(=O)C2(C(=O)O)CCCC2)cc1C,Cc1c(N)cccc1Br,Cc1ccc(S(=O)(=O)C2(C(=O)Nc3cccc(Br)c3C)CCCC2)cc1C,Amidation,,
C129424,1,,,,Cc1ccc(S(=O)(=O)C2(C(=O)O)CCCC2)cc1C,Cc1cccc(S)c1N,Cc1ccc(S(=O)(=O)C2(C(=O)Nc3c(C)cccc3S)CCCC2)cc1C,Amidation,,
C129425,1,,,,Cc1ccc(S(=O)(=O)C2(C(=O)O)CCCC2)cc1C,Cc1cccc(Cl)c1N,Cc1ccc(S(=O)(=O)C2(C(=O)Nc3c(C)cccc3Cl)CCCC2)cc1C,Amidation,,
C129426,1,,,,Cc1ccc(S(=O)(=O)C2(C(=O)O)CCCC2)cc1C,Cc1ccc(Cl)cc1N,Cc1ccc(S(=O)(=O)C2(C(=O)Nc3cc(Cl)ccc3C)CCCC2)cc1C,Amidation,,
C129427,1,,,,Cc1ccc(S(=O)(=O)C2(C(=O)O)CCCC2)cc1C,Cc1cc(Cl)ccc1N,Cc1ccc(S(=O)(=O)C2(C(=O)Nc3ccc(Cl)cc3C)CCCC2)cc1C,Amidation,,
C129428,1,,,,Cc1ccc(S(=O)(=O)C2(C(=O)O)CCCC2)cc1C,Cc1c(N)cccc1F,Cc1ccc(S(=O)(=O)C2(C(=O)Nc3cccc(F)c3C)CCCC2)cc1C,Amidation,,
C129429,1,,,,Cc1ccc(S(=O)(=O)C2(C(=O)O)CCCC2)cc1C,Cc1c(N)cccc1Cl,Cc1ccc(S(=O)(=O)C2(C(=O)Nc3cccc(Cl)c3C)CCCC2)cc1C,Amidation,,
C129430,1,,,,Cc1ccc(S(=O)(=O)C2(C(=O)O)CCCC2)cc1C,Cc1cccc(C)c1N,Cc1ccc(S(=O)(=O)C2(C(=O)Nc3c(C)cccc3C)CCCC2)cc1C,Amidation,,
C164087,1,,,,COc1ccc(C(=O)O)c(C(F)(F)F)c1,CC1C(=O)NCCN1CCN,COc1ccc(C(=O)NCCN2CCNC(=O)C2C)c(C(F)(F)F)c1,Amidation,,
C129432,1,,,,Cc1ccc(S(=O)(=O)C2(C(=O)O)CCCC2)cc1C,Nc1ccccc1CS,Cc1ccc(S(=O)(=O)C2(C(=O)Nc3ccccc3CS)CCCC2)cc1C,Amidation,,
C164088,1,,,,O=C1CN(C2CNC2)CCN1,COc1ccc(C(=O)O)c(C(F)(F)F)c1,COc1ccc(C(=O)N2CC(N3CCNC(=O)C3)C2)c(C(F)(F)F)c1,Amidation,,
C129434,1,,,,Cc1ccc(S(=O)(=O)C2(C(=O)O)CCCC2)cc1C,Cc1cccc(Br)c1N,Cc1ccc(S(=O)(=O)C2(C(=O)Nc3c(C)cccc3Br)CCCC2)cc1C,Amidation,,
C129435,1,,,,Cc1ccc(S(=O)(=O)C2(C(=O)O)CCCC2)cc1C,C#Cc1ccccc1N,C#Cc1ccccc1NC(=O)C1(S(=O)(=O)c2ccc(C)c(C)c2)CCCC1,Amidation,,
C129439,1,,,,Cc1ccc(S(=O)(=O)C2(C(=O)O)CCCC2)cc1C,Cc1cc(S)ccc1N,Cc1ccc(S(=O)(=O)C2(C(=O)Nc3ccc(S)cc3C)CCCC2)cc1C,Amidation,,
C129442,1,,,,O=C(O)C1(S(=O)(=O)c2ccc(Br)cc2)CCCC1,Cc1cc(F)cc(S)c1N,Cc1cc(F)cc(S)c1NC(=O)C1(S(=O)(=O)c2ccc(Br)cc2)CCCC1,Amidation,,
C129443,1,,,,O=C(O)C1(S(=O)(=O)c2ccc(Br)cc2)CCCC1,Cc1cc(C#N)ccc1N,Cc1cc(C#N)ccc1NC(=O)C1(S(=O)(=O)c2ccc(Br)cc2)CCCC1,Amidation,,
C164108,1,,,,O=C1CN(C2CNC2)CCN1,COc1cccc(C(F)(F)F)c1C(=O)O,COc1cccc(C(F)(F)F)c1C(=O)N1CC(N2CCNC(=O)C2)C1,Amidation,,
C129447,1,,,,Cc1ccc(S(=O)(=O)C2(C(=O)O)CCCC2)cc1C,Cc1ccc(N)c(C)c1,Cc1ccc(NC(=O)C2(S(=O)(=O)c3ccc(C)c(C)c3)CCCC2)c(C)c1,Amidation,,
C129448,1,,,,Cc1ccc(S(=O)(=O)C2(C(=O)O)CCCC2)cc1C,Cc1ccc(I)cc1N,Cc1ccc(S(=O)(=O)C2(C(=O)Nc3cc(I)ccc3C)CCCC2)cc1C,Amidation,,
C129449,1,,,,Cc1ccc(S(=O)(=O)C2(C(=O)O)CCCC2)cc1C,Cc1ccc(Br)cc1N,Cc1ccc(S(=O)(=O)C2(C(=O)Nc3cc(Br)ccc3C)CCCC2)cc1C,Amidation,,
C129451,1,,,,Cc1ccc(S(=O)(=O)C2(C(=O)O)CCCC2)cc1C,C=Cc1ccccc1N,C=Cc1ccccc1NC(=O)C1(S(=O)(=O)c2ccc(C)c(C)c2)CCCC1,Amidation,,
C129452,1,,,,Cc1ccc(S(=O)(=O)C2(C(=O)O)CCCC2)cc1C,Cc1ccc(O)cc1N,Cc1ccc(S(=O)(=O)C2(C(=O)Nc3cc(O)ccc3C)CCCC2)cc1C,Amidation,,
C129453,1,,,,Cc1ccc(S(=O)(=O)C2(C(=O)O)CCCC2)cc1C,CCc1ccccc1N,CCc1ccccc1NC(=O)C1(S(=O)(=O)c2ccc(C)c(C)c2)CCCC1,Amidation,,
C129454,1,,,,Cc1ccc(S(=O)(=O)C2(C(=O)O)CCCC2)cc1C,Cc1ccc(C)c(N)c1,Cc1ccc(C)c(NC(=O)C2(S(=O)(=O)c3ccc(C)c(C)c3)CCCC2)c1,Amidation,,
C129455,1,,,,Cc1ccc(S(=O)(=O)C2(C(=O)O)CCCC2)cc1C,N#Cc1ccccc1N,Cc1ccc(S(=O)(=O)C2(C(=O)Nc3ccccc3C#N)CCCC2)cc1C,Amidation,,
C164118,1,,,,O=C(O)c1c(C(F)(F)F)ccc(Br)c1F,CN1CCN(CCN)CC1=O,CN1CCN(CCNC(=O)c2c(C(F)(F)F)ccc(Br)c2F)CC1=O,Amidation,,
C164121,1,,,,O=C1CN(C2CNC2)CCN1,O=C(O)c1c(C(F)(F)F)ccc(Br)c1F,O=C1CN(C2CN(C(=O)c3c(C(F)(F)F)ccc(Br)c3F)C2)CCN1,Amidation,,
C129458,1,,,,Cc1ccc(S(=O)(=O)C2(C(=O)O)CCCC2)cc1C,Brc1cccc2c1CN2,Cc1ccc(S(=O)(=O)C2(C(=O)N3Cc4c(Br)cccc43)CCCC2)cc1C,Amidation,,
C129459,1,,,,O=C(O)C1(S(=O)(=O)c2ccc(F)cc2)CCCCC1,Cc1ccc(N)c(C)c1,Cc1ccc(NC(=O)C2(S(=O)(=O)c3ccc(F)cc3)CCCCC2)c(C)c1,Amidation,,
C129460,1,,,,O=C(O)C1(S(=O)(=O)c2ccc(F)cc2)CCCCC1,Cc1ccc(I)cc1N,Cc1ccc(I)cc1NC(=O)C1(S(=O)(=O)c2ccc(F)cc2)CCCCC1,Amidation,,
C129461,1,,,,O=C(O)C1(S(=O)(=O)c2ccc(F)cc2)CCCCC1,Cc1ccc(Br)cc1N,Cc1ccc(Br)cc1NC(=O)C1(S(=O)(=O)c2ccc(F)cc2)CCCCC1,Amidation,,
C164122,1,,,,O=C(O)c1c(C(F)(F)F)ccc(Br)c1F,CC1C(=O)NCCN1CCN,CC1C(=O)NCCN1CCNC(=O)c1c(C(F)(F)F)ccc(Br)c1F,Amidation,,
C129464,1,,,,O=C(O)C1(S(=O)(=O)c2ccc(F)cc2)CCCCC1,Cc1ccc(O)cc1N,Cc1ccc(O)cc1NC(=O)C1(S(=O)(=O)c2ccc(F)cc2)CCCCC1,Amidation,,
C129466,1,,,,O=C(O)C1(S(=O)(=O)c2ccc(F)cc2)CCCCC1,CCc1ccccc1N,CCc1ccccc1NC(=O)C1(S(=O)(=O)c2ccc(F)cc2)CCCCC1,Amidation,,
C129467,1,,,,O=C(O)C1(S(=O)(=O)c2ccc(F)cc2)CCCCC1,Cc1cc(S)ccc1N,Cc1cc(S)ccc1NC(=O)C1(S(=O)(=O)c2ccc(F)cc2)CCCCC1,Amidation,,
C164131,1,,,,O=C(O)c1ccc(CBr)cc1C(F)(F)F,NCCCN1CCNC(=O)C1,O=C1CN(CCCNC(=O)c2ccc(CBr)cc2C(F)(F)F)CCN1,Amidation,,
C129470,1,,,,O=C(O)C1(S(=O)(=O)c2ccc(F)cc2)CCCCC1,Cc1c(N)cccc1Cl,Cc1c(Cl)cccc1NC(=O)C1(S(=O)(=O)c2ccc(F)cc2)CCCCC1,Amidation,,
C129471,1,,,,O=C(O)C1(S(=O)(=O)c2ccc(F)cc2)CCCCC1,Cc1c(N)cccc1Br,Cc1c(Br)cccc1NC(=O)C1(S(=O)(=O)c2ccc(F)cc2)CCCCC1,Amidation,,
C129472,1,,,,O=C(O)C1(S(=O)(=O)c2ccc(F)cc2)CCCCC1,Cc1cccc(S)c1N,Cc1cccc(S)c1NC(=O)C1(S(=O)(=O)c2ccc(F)cc2)CCCCC1,Amidation,,
C129473,1,,,,O=C(O)C1(S(=O)(=O)c2ccc(F)cc2)CCCCC1,Cc1ccc(C)c(N)c1,Cc1ccc(C)c(NC(=O)C2(S(=O)(=O)c3ccc(F)cc3)CCCCC2)c1,Amidation,,
C129474,1,,,,O=C(O)C1(S(=O)(=O)c2ccc(F)cc2)CCCCC1,Cc1cccc(F)c1N,Cc1cccc(F)c1NC(=O)C1(S(=O)(=O)c2ccc(F)cc2)CCCCC1,Amidation,,
C164136,1,,,,COc1cccc(C(F)(F)F)c1C(=O)O,CC(C)(C)C1NCCNC1=O,COc1cccc(C(F)(F)F)c1C(=O)N1CCNC(=O)C1C(C)(C)C,Amidation,,
C129476,1,,,,Cc1ccc(S(=O)(=O)C2(C(=O)O)CCCC2)cc1C,Cc1c(N)cccc1O,Cc1ccc(S(=O)(=O)C2(C(=O)Nc3cccc(O)c3C)CCCC2)cc1C,Amidation,,
C129477,1,,,,Cc1ccc(S(=O)(=O)C2(C(=O)O)CCCC2)cc1C,Cc1c(N)cccc1I,Cc1ccc(S(=O)(=O)C2(C(=O)Nc3cccc(I)c3C)CCCC2)cc1C,Amidation,,
C129478,1,,,,Cc1ccc(S(=O)(=O)C2(C(=O)O)CCCC2)cc1C,Cc1cc(F)ccc1N,Cc1ccc(S(=O)(=O)C2(C(=O)Nc3ccc(F)cc3C)CCCC2)cc1C,Amidation,,
C129479,1,,,,Cc1ccc(S(=O)(=O)C2(C(=O)O)CCCC2)cc1C,Cc1cc(I)ccc1N,Cc1ccc(S(=O)(=O)C2(C(=O)Nc3ccc(I)cc3C)CCCC2)cc1C,Amidation,,
C129480,1,,,,Cc1ccc(S(=O)(=O)C2(C(=O)O)CCCC2)cc1C,Cc1cccc(I)c1N,Cc1ccc(S(=O)(=O)C2(C(=O)Nc3c(C)cccc3I)CCCC2)cc1C,Amidation,,
C103457,1,,,,Cc1c(C(=O)O)ccnc1Cl,N#Cc1ccc(F)c(F)c1N,Cc1c(C(=O)Nc2c(C#N)ccc(F)c2F)ccnc1Cl,Amidation,,
C129481,1,,,,Cc1ccc(F)cc1N,Cc1ccc(S(=O)(=O)C2(C(=O)O)CCCC2)cc1C,Cc1ccc(S(=O)(=O)C2(C(=O)Nc3cc(F)ccc3C)CCCC2)cc1C,Amidation,,
C129482,1,,,,O=C(O)C1(S(=O)(=O)c2ccc(F)cc2)CCCCC1,Cc1cccc(Br)c1N,Cc1cccc(Br)c1NC(=O)C1(S(=O)(=O)c2ccc(F)cc2)CCCCC1,Amidation,,
C129484,1,,,,O=C(O)C1(S(=O)(=O)c2ccc(Cl)cc2)CCCC1,Cc1cc(F)cc(S)c1N,Cc1cc(F)cc(S)c1NC(=O)C1(S(=O)(=O)c2ccc(Cl)cc2)CCCC1,Amidation,,
C103461,1,,,,Cc1c(C(=O)O)ccnc1Cl,CCc1cc(F)cc(N)c1C,CCc1cc(F)cc(NC(=O)c2ccnc(Cl)c2C)c1C,Amidation,,
C164169,1,,,,O=C(O)c1cc(F)c(F)cc1C(F)(F)F,CC1C(=O)NCCN1CCN,CC1C(=O)NCCN1CCNC(=O)c1cc(F)c(F)cc1C(F)(F)F,Amidation,,
C164170,1,,,,O=C1CN(C2CNC2)CCN1,O=C(O)c1cc(F)c(F)cc1C(F)(F)F,O=C1CN(C2CN(C(=O)c3cc(F)c(F)cc3C(F)(F)F)C2)CCN1,Amidation,,
C164173,1,,,,O=C(O)c1cc(F)c(F)cc1C(F)(F)F,CN1CCN(CCN)CC1=O,CN1CCN(CCNC(=O)c2cc(F)c(F)cc2C(F)(F)F)CC1=O,Amidation,,
C129512,1,,,,O=C(O)C1(S(=O)(=O)c2ccccc2)CCOCC1,Cc1c(F)ccc(Cl)c1N,Cc1c(F)ccc(Cl)c1NC(=O)C1(S(=O)(=O)c2ccccc2)CCOCC1,Amidation,,
C164183,1,,,,O=C(O)c1cc(F)c(F)cc1C(F)(F)F,NCCCN1CCNC(=O)C1,O=C1CN(CCCNC(=O)c2cc(F)c(F)cc2C(F)(F)F)CCN1,Amidation,,
C103500,1,,,,O=C(O)c1ccnc(Br)c1F,CC(=O)c1ccc(F)cc1N,CC(=O)c1ccc(F)cc1NC(=O)c1ccnc(Br)c1F,Amidation,,
C103501,1,,,,O=C(O)c1ccnc(Br)c1F,Nc1cc(F)ccc1C1CC1,O=C(Nc1cc(F)ccc1C1CC1)c1ccnc(Br)c1F,Amidation,,
C103503,1,,,,O=C(O)c1ccnc(Br)c1F,CC(C)c1ccc(F)cc1N,CC(C)c1ccc(F)cc1NC(=O)c1ccnc(Br)c1F,Amidation,,
C103511,1,,,,O=C(O)c1ccnc(Br)c1F,N#Cc1ccc(F)c(Br)c1N,N#Cc1ccc(F)c(Br)c1NC(=O)c1ccnc(Br)c1F,Amidation,,
C129542,1,,,,Cc1ccc(S(=O)(=O)C2(C(=O)O)CCCC2)cc1,Cc1cc(F)cc(S)c1N,Cc1ccc(S(=O)(=O)C2(C(=O)Nc3c(C)cc(F)cc3S)CCCC2)cc1,Amidation,,
C103519,1,,,,O=C(O)c1ccnc(Br)c1F,CCc1cc(Br)c(F)cc1N,CCc1cc(Br)c(F)cc1NC(=O)c1ccnc(Br)c1F,Amidation,,
C129544,1,,,,Cc1ccc(S(=O)(=O)C2(C(=O)O)CCCC2)cc1,Cc1cc(F)cc(Cl)c1N,Cc1ccc(S(=O)(=O)C2(C(=O)Nc3c(C)cc(F)cc3Cl)CCCC2)cc1,Amidation,,
C103521,1,,,,O=C(O)c1ccnc(Br)c1F,C#Cc1cc(F)c(F)cc1N,C#Cc1cc(F)c(F)cc1NC(=O)c1ccnc(Br)c1F,Amidation,,
C103523,1,,,,O=C(O)c1ccnc(Br)c1F,Nc1cc(F)c(Cl)cc1C=O,O=Cc1cc(Cl)c(F)cc1NC(=O)c1ccnc(Br)c1F,Amidation,,
C129547,1,,,,Cc1ccc(F)c(Br)c1N,Cc1ccc(S(=O)(=O)C2(C(=O)O)CCCC2)cc1,Cc1ccc(S(=O)(=O)C2(C(=O)Nc3c(C)ccc(F)c3Br)CCCC2)cc1,Amidation,,
C103525,1,,,,O=C(O)c1ccnc(Br)c1F,Nc1cc(F)c(Br)cc1C=O,O=Cc1cc(Br)c(F)cc1NC(=O)c1ccnc(Br)c1F,Amidation,,
C164212,1,,,,O=C(O)c1cc([N+](=O)[O-])ccc1C(F)(F)F,O=C1NCC2CCCC1N2,O=C1NCC2CCCC1N2C(=O)c1cc([N+](=O)[O-])ccc1C(F)(F)F,Amidation,,
C103527,1,,,,O=C(O)c1ccnc(Br)c1F,CCc1cc(F)cc(N)c1C,CCc1cc(F)cc(NC(=O)c2ccnc(Br)c2F)c1C,Amidation,,
C129551,1,,,,Cc1ccc(S(=O)(=O)C2(C(=O)O)CCCC2)cc1,Cc1c(F)ccc(Cl)c1N,Cc1ccc(S(=O)(=O)C2(C(=O)Nc3c(Cl)ccc(F)c3C)CCCC2)cc1,Amidation,,
C129552,1,,,,Cc1ccc(S(=O)(=O)C2(C(=O)O)CCCC2)cc1,Cc1cc(C)c(N)c(F)c1,Cc1ccc(S(=O)(=O)C2(C(=O)Nc3c(C)cc(C)cc3F)CCCC2)cc1,Amidation,,
C129554,1,,,,Cc1ccc(S(=O)(=O)C2(C(=O)O)CCCC2)cc1,CCc1cc(Br)ccc1N,CCc1cc(Br)ccc1NC(=O)C1(S(=O)(=O)c2ccc(C)cc2)CCCC1,Amidation,,
C129555,1,,,,Cc1ccc(S(=O)(=O)C2(C(=O)O)CCCC2)cc1,Cc1cc(Br)cc(Cl)c1N,Cc1ccc(S(=O)(=O)C2(C(=O)Nc3c(C)cc(Br)cc3Cl)CCCC2)cc1,Amidation,,
C129556,1,,,,Cc1ccc(S(=O)(=O)C2(C(=O)O)CCCC2)cc1,CSc1cccc(C)c1N,CSc1cccc(C)c1NC(=O)C1(S(=O)(=O)c2ccc(C)cc2)CCCC1,Amidation,,
C129557,1,,,,Cc1ccc(S(=O)(=O)C2(C(=O)O)CCCC2)cc1,N#Cc1c(N)cccc1F,Cc1ccc(S(=O)(=O)C2(C(=O)Nc3cccc(F)c3C#N)CCCC2)cc1,Amidation,,
C129558,1,,,,Cc1ccc(S(=O)(=O)C2(C(=O)O)CCCC2)cc1,N#Cc1ccc(Br)cc1N,Cc1ccc(S(=O)(=O)C2(C(=O)Nc3cc(Br)ccc3C#N)CCCC2)cc1,Amidation,,
C103535,1,,,,O=C(O)c1cc(O)ncc1F,N#Cc1ccc(F)c(Br)c1N,N#Cc1ccc(F)c(Br)c1NC(=O)c1cc(O)ncc1F,Amidation,,
C129562,1,,,,Cc1ccc(S(=O)(=O)C2(C(=O)O)CCCC2)cc1,Cc1cc(Cl)cc(C)c1N,Cc1ccc(S(=O)(=O)C2(C(=O)Nc3c(C)cc(Cl)cc3C)CCCC2)cc1,Amidation,,
C129563,1,,,,Cc1ccc(S(=O)(=O)C2(C(=O)O)CCCC2)cc1,CSc1ccc(C)c(N)c1,CSc1ccc(C)c(NC(=O)C2(S(=O)(=O)c3ccc(C)cc3)CCCC2)c1,Amidation,,
C129564,1,,,,Cc1ccc(S(=O)(=O)C2(C(=O)O)CCCC2)cc1,CSc1cccc(N)c1C,CSc1cccc(NC(=O)C2(S(=O)(=O)c3ccc(C)cc3)CCCC2)c1C,Amidation,,
C129569,1,,,,Cc1ccc(S(=O)(=O)C2(C(=O)O)CCCC2)cc1,Cc1cc(C#N)ccc1N,Cc1ccc(S(=O)(=O)C2(C(=O)Nc3ccc(C#N)cc3C)CCCC2)cc1,Amidation,,
C129574,1,,,,Cc1ccc(S(=O)(=O)C2(C(=O)O)CCCC2)cc1,Cc1cc(C)c(N)c(Br)c1,Cc1ccc(S(=O)(=O)C2(C(=O)Nc3c(C)cc(C)cc3Br)CCCC2)cc1,Amidation,,
C103551,1,,,,O=C(O)c1ccnc(Br)c1F,N#Cc1ccc(F)c(F)c1N,N#Cc1ccc(F)c(F)c1NC(=O)c1ccnc(Br)c1F,Amidation,,
C129577,1,,,,Cc1ccc(S(=O)(=O)C2(C(=O)O)CCCC2)cc1,Nc1cccc(I)c1CO,Cc1ccc(S(=O)(=O)C2(C(=O)Nc3cccc(I)c3CO)CCCC2)cc1,Amidation,,
C129579,1,,,,Cc1ccc(S(=O)(=O)C2(C(=O)O)CCCC2)cc1,N#Cc1cc(Cl)ccc1N,Cc1ccc(S(=O)(=O)C2(C(=O)Nc3ccc(Cl)cc3C#N)CCCC2)cc1,Amidation,,
C129580,1,,,,Cc1ccc(S(=O)(=O)C2(C(=O)O)CCCC2)cc1,CC1Cc2ccccc2N1,Cc1ccc(S(=O)(=O)C2(C(=O)N3c4ccccc4CC3C)CCCC2)cc1,Amidation,,
C129581,1,,,,O=C(O)C1(S(=O)(=O)c2ccc(Cl)cc2)CCCC1,Cc1cc(C#N)ccc1N,Cc1cc(C#N)ccc1NC(=O)C1(S(=O)(=O)c2ccc(Cl)cc2)CCCC1,Amidation,,
C103562,1,,,,Cc1cc(C(=O)O)c(C)cn1,N#Cc1ccc(F)c(F)c1N,Cc1cc(C(=O)Nc2c(C#N)ccc(F)c2F)c(C)cn1,Amidation,,
C129586,1,,,,Cc1ccc(S(=O)(=O)C2(C(=O)O)CCCC2)cc1,Cc1ccc(C#N)cc1N,Cc1ccc(S(=O)(=O)C2(C(=O)Nc3cc(C#N)ccc3C)CCCC2)cc1,Amidation,,
C164252,1,,,,O=C(O)c1c([N+](=O)[O-])cccc1C(F)(F)F,O=C1NCC2CCCC1N2,O=C1NCC2CCCC1N2C(=O)c1c([N+](=O)[O-])cccc1C(F)(F)F,Amidation,,
C129592,1,,,,Cc1ccc(S(=O)(=O)C2(C(=O)O)CCCC2)cc1,Cc1c(N)ccc(Br)c1F,Cc1ccc(S(=O)(=O)C2(C(=O)Nc3ccc(Br)c(F)c3C)CCCC2)cc1,Amidation,,
C129597,1,,,,Cc1ccc(S(=O)(=O)C2(C(=O)O)CCCC2)cc1,Cc1cc(F)c(C)cc1N,Cc1ccc(S(=O)(=O)C2(C(=O)Nc3cc(C)c(F)cc3C)CCCC2)cc1,Amidation,,
C129598,1,,,,O=C(O)C1(S(=O)(=O)c2ccccc2)CCOCC1,Cc1cc(F)cc(S)c1N,Cc1cc(F)cc(S)c1NC(=O)C1(S(=O)(=O)c2ccccc2)CCOCC1,Amidation,,
C129601,1,,,,O=C(O)C1(S(=O)(=O)c2ccccc2)CCCCC1,Cc1cc(C)c(N)c(Br)c1,Cc1cc(C)c(NC(=O)C2(S(=O)(=O)c3ccccc3)CCCCC2)c(Br)c1,Amidation,,
C129604,1,,,,O=C(O)C1(S(=O)(=O)c2ccccc2)CCCCC1,Cc1cc(F)cc(S)c1N,Cc1cc(F)cc(S)c1NC(=O)C1(S(=O)(=O)c2ccccc2)CCCCC1,Amidation,,
C129606,1,,,,O=C(O)C1(S(=O)(=O)c2ccc(Cl)cc2)CCCC1,Cc1cc(Br)cc(C)c1N,Cc1cc(Br)cc(C)c1NC(=O)C1(S(=O)(=O)c2ccc(Cl)cc2)CCCC1,Amidation,,
C129610,1,,,,O=C(O)C1(S(=O)(=O)c2ccc(Cl)cc2)CCCC1,Cc1ccc(C#N)cc1N,Cc1ccc(C#N)cc1NC(=O)C1(S(=O)(=O)c2ccc(Cl)cc2)CCCC1,Amidation,,
C164276,1,,,,C#Cc1ccc(C(=O)O)c(C(F)(F)F)c1,CN1CCN(CCN)CC1=O,C#Cc1ccc(C(=O)NCCN2CCN(C)C(=O)C2)c(C(F)(F)F)c1,Amidation,,
C129616,1,,,,O=C(O)C1(S(=O)(=O)c2ccc(Cl)cc2)CCCC1,Nc1c(F)cccc1CO,O=C(Nc1c(F)cccc1CO)C1(S(=O)(=O)c2ccc(Cl)cc2)CCCC1,Amidation,,
C129620,1,,,,O=C(O)C1(S(=O)(=O)c2ccccc2)CCCCC1,Nc1cccc(I)c1CO,O=C(Nc1cccc(I)c1CO)C1(S(=O)(=O)c2ccccc2)CCCCC1,Amidation,,
C129623,1,,,,Cc1ccc(F)c(Br)c1N,O=C(O)C1(S(=O)(=O)c2ccccc2)CCCCC1,Cc1ccc(F)c(Br)c1NC(=O)C1(S(=O)(=O)c2ccccc2)CCCCC1,Amidation,,
C129626,1,,,,O=C(O)C1(S(=O)(=O)c2ccccc2)CCCCC1,Cc1cc(F)cc(Cl)c1N,Cc1cc(F)cc(Cl)c1NC(=O)C1(S(=O)(=O)c2ccccc2)CCCCC1,Amidation,,
C164291,1,,,,NS(=O)(=O)c1ccc(C(=O)O)c(C(F)(F)F)c1,NCCN1CCNC(=O)C1,NS(=O)(=O)c1ccc(C(=O)NCCN2CCNC(=O)C2)c(C(F)(F)F)c1,Amidation,,
C164293,1,,,,NS(=O)(=O)c1ccc(C(=O)O)c(C(F)(F)F)c1,O=C1NCC2CCCC1N2,NS(=O)(=O)c1ccc(C(=O)N2C3CCCC2C(=O)NC3)c(C(F)(F)F)c1,Amidation,,
C129631,1,,,,O=C(O)C1(S(=O)(=O)c2ccccc2)CCCCC1,CNc1cc(Cl)ccc1C,Cc1ccc(Cl)cc1N(C)C(=O)C1(S(=O)(=O)c2ccccc2)CCCCC1,Amidation,,
C129635,1,,,,O=C(O)C1(S(=O)(=O)c2ccccc2)CCCCC1,Cc1c(N)ccc(F)c1F,Cc1c(NC(=O)C2(S(=O)(=O)c3ccccc3)CCCCC2)ccc(F)c1F,Amidation,,
C103612,1,,,,Cc1c(C(=O)O)ccnc1Cl,Nc1cc(F)ccc1C1CC1,Cc1c(C(=O)Nc2cc(F)ccc2C2CC2)ccnc1Cl,Amidation,,
C129637,1,,,,O=C(O)C1(S(=O)(=O)c2ccccc2)CCCCC1,Cc1c(N)ccc(Br)c1F,Cc1c(NC(=O)C2(S(=O)(=O)c3ccccc3)CCCCC2)ccc(Br)c1F,Amidation,,
C129639,1,,,,O=C(O)C1(S(=O)(=O)c2ccccc2)CCCCC1,N#Cc1cc(Cl)ccc1N,N#Cc1cc(Cl)ccc1NC(=O)C1(S(=O)(=O)c2ccccc2)CCCCC1,Amidation,,
C129640,1,,,,O=C(O)C1(S(=O)(=O)c2ccccc2)CCCCC1,Cc1cc(F)c(C)cc1N,Cc1cc(NC(=O)C2(S(=O)(=O)c3ccccc3)CCCCC2)c(C)cc1F,Amidation,,
C129643,1,,,,O=C(O)C1(S(=O)(=O)c2ccc(Cl)cc2)CCCC1,CSc1cccc(N)c1C,CSc1cccc(NC(=O)C2(S(=O)(=O)c3ccc(Cl)cc3)CCCC2)c1C,Amidation,,
C129644,1,,,,O=C(O)C1(S(=O)(=O)c2ccc(Cl)cc2)CCCC1,Nc1ccccc1C1CC1,O=C(Nc1ccccc1C1CC1)C1(S(=O)(=O)c2ccc(Cl)cc2)CCCC1,Amidation,,
C129646,1,,,,O=C(O)C1(S(=O)(=O)c2ccc(Cl)cc2)CCCC1,Cc1cc(F)c(C)cc1N,Cc1cc(NC(=O)C2(S(=O)(=O)c3ccc(Cl)cc3)CCCC2)c(C)cc1F,Amidation,,
C129650,1,,,,O=C(O)C1(S(=O)(=O)c2ccc(Cl)cc2)CCCC1,Cc1c(N)ccc(F)c1F,Cc1c(NC(=O)C2(S(=O)(=O)c3ccc(Cl)cc3)CCCC2)ccc(F)c1F,Amidation,,
C129651,1,,,,O=C(O)C1(S(=O)(=O)c2ccc(Cl)cc2)CCCC1,Nc1c(F)cccc1C=O,O=Cc1cccc(F)c1NC(=O)C1(S(=O)(=O)c2ccc(Cl)cc2)CCCC1,Amidation,,
C129652,1,,,,O=C(O)C1(S(=O)(=O)c2ccc(Cl)cc2)CCCC1,Cc1c(Br)ccc(O)c1N,Cc1c(Br)ccc(O)c1NC(=O)C1(S(=O)(=O)c2ccc(Cl)cc2)CCCC1,Amidation,,
C129653,1,,,,O=C(O)C1(S(=O)(=O)c2ccc(Cl)cc2)CCCC1,Cc1c(N)ccc(Br)c1F,Cc1c(NC(=O)C2(S(=O)(=O)c3ccc(Cl)cc3)CCCC2)ccc(Br)c1F,Amidation,,
C129654,1,,,,O=C(O)C1(S(=O)(=O)c2ccc(Cl)cc2)CCCC1,N#Cc1cc(Cl)ccc1N,N#Cc1cc(Cl)ccc1NC(=O)C1(S(=O)(=O)c2ccc(Cl)cc2)CCCC1,Amidation,,
C129655,1,,,,O=C(O)C1(S(=O)(=O)c2ccc(Cl)cc2)CCCC1,COc1cccc(N)c1C,COc1cccc(NC(=O)C2(S(=O)(=O)c3ccc(Cl)cc3)CCCC2)c1C,Amidation,,
C129656,1,,,,O=C(O)C1(S(=O)(=O)c2ccc(Cl)cc2)CCCC1,Nc1cccc(I)c1CO,O=C(Nc1cccc(I)c1CO)C1(S(=O)(=O)c2ccc(Cl)cc2)CCCC1,Amidation,,
C129657,1,,,,O=C(O)C1(S(=O)(=O)c2ccc(Cl)cc2)CCCC1,Nc1c(Cl)cccc1C=O,O=Cc1cccc(Cl)c1NC(=O)C1(S(=O)(=O)c2ccc(Cl)cc2)CCCC1,Amidation,,
C129659,1,,,,O=C(O)C1(S(=O)(=O)c2ccc(Cl)cc2)CCCC1,Cc1cc(C)c(N)c(Br)c1,Cc1cc(C)c(NC(=O)C2(S(=O)(=O)c3ccc(Cl)cc3)CCCC2)c(Br)c1,Amidation,,
C129661,1,,,,O=C(O)C1(S(=O)(=O)c2ccc(Cl)cc2)CCCC1,Nc1ccc(Cl)cc1CO,O=C(Nc1ccc(Cl)cc1CO)C1(S(=O)(=O)c2ccc(Cl)cc2)CCCC1,Amidation,,
C103640,1,,,,CCc1cc(C(=O)O)ccn1,Nc1cc(F)c(Br)cc1CO,CCc1cc(C(=O)Nc2cc(F)c(Br)cc2CO)ccn1,Amidation,,
C129666,1,,,,O=C(O)C1(S(=O)(=O)c2ccc(Cl)cc2)CCCC1,CSc1ccc(C)c(N)c1,CSc1ccc(C)c(NC(=O)C2(S(=O)(=O)c3ccc(Cl)cc3)CCCC2)c1,Amidation,,
C129667,1,,,,O=C(O)C1(S(=O)(=O)c2ccc(Cl)cc2)CCCC1,Cc1cc(Cl)cc(C)c1N,Cc1cc(Cl)cc(C)c1NC(=O)C1(S(=O)(=O)c2ccc(Cl)cc2)CCCC1,Amidation,,
C129668,1,,,,O=C(O)C1(S(=O)(=O)c2ccc(Cl)cc2)CCCC1,Fc1cccc2c1CCN2,O=C(N1CCc2c(F)cccc21)C1(S(=O)(=O)c2ccc(Cl)cc2)CCCC1,Amidation,,
C164332,1,,,,NS(=O)(=O)c1ccc(C(=O)O)c(C(F)(F)F)c1,CCCC1NCCNC1=O,CCCC1C(=O)NCCN1C(=O)c1ccc(S(N)(=O)=O)cc1C(F)(F)F,Amidation,,
C129670,1,,,,O=C(O)C1(S(=O)(=O)c2ccc(Cl)cc2)CCCC1,CSCc1ccccc1N,CSCc1ccccc1NC(=O)C1(S(=O)(=O)c2ccc(Cl)cc2)CCCC1,Amidation,,
C129671,1,,,,O=C(O)C1(S(=O)(=O)c2ccc(Cl)cc2)CCCC1,N#Cc1ccc(Br)cc1N,N#Cc1ccc(Br)cc1NC(=O)C1(S(=O)(=O)c2ccc(Cl)cc2)CCCC1,Amidation,,
C129672,1,,,,O=C(O)C1(S(=O)(=O)c2ccc(Cl)cc2)CCCC1,N#Cc1c(N)cccc1F,N#Cc1c(F)cccc1NC(=O)C1(S(=O)(=O)c2ccc(Cl)cc2)CCCC1,Amidation,,
C129673,1,,,,O=C(O)C1(S(=O)(=O)c2ccc(Cl)cc2)CCCC1,CSc1cccc(C)c1N,CSc1cccc(C)c1NC(=O)C1(S(=O)(=O)c2ccc(Cl)cc2)CCCC1,Amidation,,
C129674,1,,,,O=C(O)C1(S(=O)(=O)c2ccc(Cl)cc2)CCCC1,Cc1cc(F)cc(Cl)c1N,Cc1cc(F)cc(Cl)c1NC(=O)C1(S(=O)(=O)c2ccc(Cl)cc2)CCCC1,Amidation,,
C129675,1,,,,O=C(O)C1(S(=O)(=O)c2ccc(Cl)cc2)CCCC1,Cc1cc(Br)cc(Cl)c1N,Cc1cc(Br)cc(Cl)c1NC(=O)C1(S(=O)(=O)c2ccc(Cl)cc2)CCCC1,Amidation,,
C129677,1,,,,O=C(O)C1(S(=O)(=O)c2ccc(Cl)cc2)CCCC1,Cc1cc(C)c(N)c(F)c1,Cc1cc(C)c(NC(=O)C2(S(=O)(=O)c3ccc(Cl)cc3)CCCC2)c(F)c1,Amidation,,
C129678,1,,,,O=C(O)C1(S(=O)(=O)c2ccc(Cl)cc2)CCCC1,Cc1c(F)ccc(Cl)c1N,Cc1c(F)ccc(Cl)c1NC(=O)C1(S(=O)(=O)c2ccc(Cl)cc2)CCCC1,Amidation,,
C103655,1,,,,CCc1cc(C(=O)O)ccn1,Cc1c(N)cc(F)c(C)c1Br,CCc1cc(C(=O)Nc2cc(F)c(C)c(Br)c2C)ccn1,Amidation,,
C129681,1,,,,O=C(O)C1(S(=O)(=O)c2ccc(Cl)cc2)CCCC1,Nc1cc(Br)ccc1CO,O=C(Nc1cc(Br)ccc1CO)C1(S(=O)(=O)c2ccc(Cl)cc2)CCCC1,Amidation,,
C129682,1,,,,Cc1ccc(F)c(Br)c1N,O=C(O)C1(S(=O)(=O)c2ccc(Cl)cc2)CCCC1,Cc1ccc(F)c(Br)c1NC(=O)C1(S(=O)(=O)c2ccc(Cl)cc2)CCCC1,Amidation,,
C129684,1,,,,O=C(O)C1(S(=O)(=O)c2ccc(Cl)cc2)CCCC1,CCc1cc(Br)ccc1N,CCc1cc(Br)ccc1NC(=O)C1(S(=O)(=O)c2ccc(Cl)cc2)CCCC1,Amidation,,
C129687,1,,,,O=C(O)C1(S(=O)(=O)c2ccccc2)CCCCC1,Cc1cc(C)c(N)c(F)c1,Cc1cc(C)c(NC(=O)C2(S(=O)(=O)c3ccccc3)CCCCC2)c(F)c1,Amidation,,
C129688,1,,,,O=C(O)C1(S(=O)(=O)c2ccccc2)CCCCC1,N#Cc1ccc(Br)cc1N,N#Cc1ccc(Br)cc1NC(=O)C1(S(=O)(=O)c2ccccc2)CCCCC1,Amidation,,
C129689,1,,,,O=C(O)C1(S(=O)(=O)c2ccccc2)CCCCC1,Cc1c(F)ccc(Cl)c1N,Cc1c(F)ccc(Cl)c1NC(=O)C1(S(=O)(=O)c2ccccc2)CCCCC1,Amidation,,
C129692,1,,,,O=C(O)C1(S(=O)(=O)c2ccccc2)CCCCC1,Cc1cc(Cl)cc(C)c1N,Cc1cc(Cl)cc(C)c1NC(=O)C1(S(=O)(=O)c2ccccc2)CCCCC1,Amidation,,
C129693,1,,,,O=C(O)C1(S(=O)(=O)c2ccccc2)CCCCC1,CSc1ccc(C)c(N)c1,CSc1ccc(C)c(NC(=O)C2(S(=O)(=O)c3ccccc3)CCCCC2)c1,Amidation,,
C129694,1,,,,O=C(O)C1(S(=O)(=O)c2ccccc2)CCCCC1,CSc1cccc(N)c1C,CSc1cccc(NC(=O)C2(S(=O)(=O)c3ccccc3)CCCCC2)c1C,Amidation,,
C103674,1,,,,O=C(O)c1ccnc(Cl)c1O,Cc1c(N)cc(F)c(C)c1Br,Cc1c(F)cc(NC(=O)c2ccnc(Cl)c2O)c(C)c1Br,Amidation,,
C103676,1,,,,O=C(O)c1ccnc(Cl)c1O,N#Cc1ccc(F)c(Br)c1N,N#Cc1ccc(F)c(Br)c1NC(=O)c1ccnc(Cl)c1O,Amidation,,
C129707,1,,,,O=C(O)C1(S(=O)(=O)c2ccccc2)CCCCC1,N#Cc1c(N)cccc1F,N#Cc1c(F)cccc1NC(=O)C1(S(=O)(=O)c2ccccc2)CCCCC1,Amidation,,
C103684,1,,,,O=C(O)c1ccnc(Cl)c1O,CCc1cc(Br)c(F)cc1N,CCc1cc(Br)c(F)cc1NC(=O)c1ccnc(Cl)c1O,Amidation,,
C129708,1,,,,O=C(O)C1(S(=O)(=O)c2ccccc2)CCCCC1,Cc1cc(Br)cc(Cl)c1N,Cc1cc(Br)cc(Cl)c1NC(=O)C1(S(=O)(=O)c2ccccc2)CCCCC1,Amidation,,
C129715,1,,,,O=C(O)C1(S(=O)(=O)c2ccc3ccccc3c2)CCC1,Nc1ccccc1CS,O=C(Nc1ccccc1CS)C1(S(=O)(=O)c2ccc3ccccc3c2)CCC1,Amidation,,
C129716,1,,,,Cc1ccc(C)c(S(=O)(=O)C2(C(=O)O)CCCC2)c1,Cc1ccc(C#N)cc1N,Cc1ccc(C)c(S(=O)(=O)C2(C(=O)Nc3cc(C#N)ccc3C)CCCC2)c1,Amidation,,
C129718,1,,,,Cc1ccc(C)c(S(=O)(=O)C2(C(=O)O)CCCC2)c1,Cc1cc(Br)cc(C)c1N,Cc1ccc(C)c(S(=O)(=O)C2(C(=O)Nc3c(C)cc(Br)cc3C)CCCC2)c1,Amidation,,
C129719,1,,,,Cc1ccc(C)c(S(=O)(=O)C2(C(=O)O)CCCC2)c1,Cc1ccc(CO)cc1N,Cc1ccc(C)c(S(=O)(=O)C2(C(=O)Nc3cc(CO)ccc3C)CCCC2)c1,Amidation,,
C129721,1,,,,Fc1ccc2c(c1)NCC2,Cc1ccc(C)c(S(=O)(=O)C2(C(=O)O)CCCC2)c1,Cc1ccc(C)c(S(=O)(=O)C2(C(=O)N3CCc4ccc(F)cc43)CCCC2)c1,Amidation,,
C129725,1,,,,Cc1ccc(C)c(S(=O)(=O)C2(C(=O)O)CCCC2)c1,Clc1cccc2c1CCN2,Cc1ccc(C)c(S(=O)(=O)C2(C(=O)N3CCc4c(Cl)cccc43)CCCC2)c1,Amidation,,
C164392,1,,,,O=C(O)c1ccc(C(F)(F)F)cc1C(F)(F)F,O=C1NCC2CCCC1N2,O=C1NCC2CCCC1N2C(=O)c1ccc(C(F)(F)F)cc1C(F)(F)F,Amidation,,
C129731,1,,,,O=C(O)C1(S(=O)(=O)c2ccc3ccccc3c2)CCC1,Cc1cccc(Br)c1N,Cc1cccc(Br)c1NC(=O)C1(S(=O)(=O)c2ccc3ccccc3c2)CCC1,Amidation,,
C129732,1,,,,Cc1ccc(C)c(S(=O)(=O)C2(C(=O)O)CCCC2)c1,Clc1ccc2c(c1)NCC2,Cc1ccc(C)c(S(=O)(=O)C2(C(=O)N3CCc4ccc(Cl)cc43)CCCC2)c1,Amidation,,
C129733,1,,,,O=C(O)C1(S(=O)(=O)c2ccc3ccccc3c2)CCC1,C#Cc1ccccc1N,C#Cc1ccccc1NC(=O)C1(S(=O)(=O)c2ccc3ccccc3c2)CCC1,Amidation,,
C164398,1,,,,COc1cc(C(=O)O)c(C(F)(F)F)cc1OC,O=C1NCC2CCCC1N2,COc1cc(C(=O)N2C3CCCC2C(=O)NC3)c(C(F)(F)F)cc1OC,Amidation,,
C129736,1,,,,O=C(O)C1(S(=O)(=O)c2ccc3ccccc3c2)CCC1,N#Cc1ccccc1N,N#Cc1ccccc1NC(=O)C1(S(=O)(=O)c2ccc3ccccc3c2)CCC1,Amidation,,
C129737,1,,,,O=C(O)C1(S(=O)(=O)c2ccc3ccccc3c2)CCC1,Cc1cccc(I)c1N,Cc1cccc(I)c1NC(=O)C1(S(=O)(=O)c2ccc3ccccc3c2)CCC1,Amidation,,
C129738,1,,,,O=C(O)C1(S(=O)(=O)c2ccc3ccccc3c2)CCC1,Cc1cc(I)ccc1N,Cc1cc(I)ccc1NC(=O)C1(S(=O)(=O)c2ccc3ccccc3c2)CCC1,Amidation,,
C129739,1,,,,O=C(O)C1(S(=O)(=O)c2ccc3ccccc3c2)CCC1,Cc1cc(F)ccc1N,Cc1cc(F)ccc1NC(=O)C1(S(=O)(=O)c2ccc3ccccc3c2)CCC1,Amidation,,
C129740,1,,,,O=C(O)C1(S(=O)(=O)c2ccc3ccccc3c2)CCC1,Cc1c(N)cccc1I,Cc1c(I)cccc1NC(=O)C1(S(=O)(=O)c2ccc3ccccc3c2)CCC1,Amidation,,
C129742,1,,,,O=C(O)C1(S(=O)(=O)c2ccc3ccccc3c2)CCC1,Brc1cccc2c1CN2,O=C(N1Cc2c(Br)cccc21)C1(S(=O)(=O)c2ccc3ccccc3c2)CCC1,Amidation,,
C129743,1,,,,Cc1ccc(F)cc1N,O=C(O)C1(S(=O)(=O)c2ccc3ccccc3c2)CCC1,Cc1ccc(F)cc1NC(=O)C1(S(=O)(=O)c2ccc3ccccc3c2)CCC1,Amidation,,
C129744,1,,,,Cc1ccc(C)c(S(=O)(=O)C2(C(=O)O)CCCC2)c1,CSc1ccc(C)c(N)c1,CSc1ccc(C)c(NC(=O)C2(S(=O)(=O)c3cc(C)ccc3C)CCCC2)c1,Amidation,,
C129745,1,,,,Cc1ccc(C)c(S(=O)(=O)C2(C(=O)O)CCCC2)c1,CSCc1ccccc1N,CSCc1ccccc1NC(=O)C1(S(=O)(=O)c2cc(C)ccc2C)CCCC1,Amidation,,
C129746,1,,,,Cc1ccc(C)c(S(=O)(=O)C2(C(=O)O)CCCC2)c1,Fc1cccc2c1CCN2,Cc1ccc(C)c(S(=O)(=O)C2(C(=O)N3CCc4c(F)cccc43)CCCC2)c1,Amidation,,
C103723,1,,,,O=C(O)c1ccnc(Cl)c1O,Nc1cc(F)ccc1C1CC1,O=C(Nc1cc(F)ccc1C1CC1)c1ccnc(Cl)c1O,Amidation,,
C129747,1,,,,O=C(O)C1(S(=O)(=O)c2ccc3ccccc3c2)CCC1,Cc1cccc(Cl)c1N,Cc1cccc(Cl)c1NC(=O)C1(S(=O)(=O)c2ccc3ccccc3c2)CCC1,Amidation,,
C129748,1,,,,O=C(O)C1(S(=O)(=O)c2ccc3ccccc3c2)CCC1,Cc1c(N)cccc1Br,Cc1c(Br)cccc1NC(=O)C1(S(=O)(=O)c2ccc3ccccc3c2)CCC1,Amidation,,
C129749,1,,,,O=C(O)C1(S(=O)(=O)c2ccc3ccccc3c2)CCC1,Cc1c(N)cccc1Cl,Cc1c(Cl)cccc1NC(=O)C1(S(=O)(=O)c2ccc3ccccc3c2)CCC1,Amidation,,
C129752,1,,,,O=C(O)C1(S(=O)(=O)c2ccc3ccccc3c2)CCC1,Cc1cc(S)ccc1N,Cc1cc(S)ccc1NC(=O)C1(S(=O)(=O)c2ccc3ccccc3c2)CCC1,Amidation,,
C129753,1,,,,O=C(O)C1(S(=O)(=O)c2ccc3ccccc3c2)CCC1,Cc1ccc(C)c(N)c1,Cc1ccc(C)c(NC(=O)C2(S(=O)(=O)c3ccc4ccccc4c3)CCC2)c1,Amidation,,
C129754,1,,,,O=C(O)C1(S(=O)(=O)c2ccc3ccccc3c2)CCC1,CCc1ccccc1N,CCc1ccccc1NC(=O)C1(S(=O)(=O)c2ccc3ccccc3c2)CCC1,Amidation,,
C129755,1,,,,O=C(O)C1(S(=O)(=O)c2ccc3ccccc3c2)CCC1,Cc1ccc(O)cc1N,Cc1ccc(O)cc1NC(=O)C1(S(=O)(=O)c2ccc3ccccc3c2)CCC1,Amidation,,
C129756,1,,,,O=C(O)C1(S(=O)(=O)c2ccc3ccccc3c2)CCC1,C=Cc1ccccc1N,C=Cc1ccccc1NC(=O)C1(S(=O)(=O)c2ccc3ccccc3c2)CCC1,Amidation,,
C103734,1,,,,O=C(O)c1ccnc(Br)c1,C#Cc1cc(Cl)c(F)c(F)c1N,C#Cc1cc(Cl)c(F)c(F)c1NC(=O)c1ccnc(Br)c1,Amidation,,
C129758,1,,,,O=C(O)C1(S(=O)(=O)c2ccc3ccccc3c2)CCC1,Cc1ccc(Br)cc1N,Cc1ccc(Br)cc1NC(=O)C1(S(=O)(=O)c2ccc3ccccc3c2)CCC1,Amidation,,
C129759,1,,,,O=C(O)C1(S(=O)(=O)c2ccc3ccccc3c2)CCC1,Cc1ccc(I)cc1N,Cc1ccc(I)cc1NC(=O)C1(S(=O)(=O)c2ccc3ccccc3c2)CCC1,Amidation,,
C129760,1,,,,O=C(O)C1(S(=O)(=O)c2ccc3ccccc3c2)CCC1,Cc1ccc(Cl)cc1N,Cc1ccc(Cl)cc1NC(=O)C1(S(=O)(=O)c2ccc3ccccc3c2)CCC1,Amidation,,
C129761,1,,,,O=C(O)C1(S(=O)(=O)c2ccc3ccccc3c2)CCC1,Cc1ccc(N)c(C)c1,Cc1ccc(NC(=O)C2(S(=O)(=O)c3ccc4ccccc4c3)CCC2)c(C)c1,Amidation,,
C129762,1,,,,O=C(O)C1(S(=O)(=O)c2ccc3ccccc3c2)CCC1,Cc1cccc(F)c1N,Cc1cccc(F)c1NC(=O)C1(S(=O)(=O)c2ccc3ccccc3c2)CCC1,Amidation,,
C129763,1,,,,O=C(O)C1(S(=O)(=O)c2ccc3ccccc3c2)CCC1,Cc1cccc(O)c1N,Cc1cccc(O)c1NC(=O)C1(S(=O)(=O)c2ccc3ccccc3c2)CCC1,Amidation,,
C129764,1,,,,Cc1ccc(C)c(S(=O)(=O)C2(C(=O)O)CCCC2)c1,Cc1cc(C#N)ccc1N,Cc1ccc(C)c(S(=O)(=O)C2(C(=O)Nc3ccc(C#N)cc3C)CCCC2)c1,Amidation,,
C129765,1,,,,Cc1ccc(C)c(S(=O)(=O)C2(C(=O)O)CCCC2)c1,Cc1cc(F)cc(S)c1N,Cc1ccc(C)c(S(=O)(=O)C2(C(=O)Nc3c(C)cc(F)cc3S)CCCC2)c1,Amidation,,
C103743,1,,,,Cc1c(C(=O)O)ccnc1Cl,CC(C)c1ccc(F)cc1N,Cc1c(C(=O)Nc2cc(F)ccc2C(C)C)ccnc1Cl,Amidation,,
C129766,1,,,,Cc1ccc(C)c(S(=O)(=O)C2(C(=O)O)CCCC2)c1,Nc1ccc(Cl)cc1CO,Cc1ccc(C)c(S(=O)(=O)C2(C(=O)Nc3ccc(Cl)cc3CO)CCCC2)c1,Amidation,,
C129767,1,,,,Cc1ccc(C)c(S(=O)(=O)C2(C(=O)O)CCCC2)c1,Brc1ccc2c(c1)NCC2,Cc1ccc(C)c(S(=O)(=O)C2(C(=O)N3CCc4ccc(Br)cc43)CCCC2)c1,Amidation,,
C103746,1,,,,Cc1c(C(=O)O)ccnc1Cl,Nc1c(CO)ccc(F)c1F,Cc1c(C(=O)Nc2c(CO)ccc(F)c2F)ccnc1Cl,Amidation,,
C129768,1,,,,Cc1ccc(C)c(S(=O)(=O)C2(C(=O)O)CCCC2)c1,Cc1cc(C)c(N)c(Br)c1,Cc1cc(C)c(NC(=O)C2(S(=O)(=O)c3cc(C)ccc3C)CCCC2)c(Br)c1,Amidation,,
C129770,1,,,,Cc1ccc(C)c(S(=O)(=O)C2(C(=O)O)CCCC2)c1,Nc1c(Cl)cccc1C=O,Cc1ccc(C)c(S(=O)(=O)C2(C(=O)Nc3c(Cl)cccc3C=O)CCCC2)c1,Amidation,,
C103749,1,,,,Cc1c(C(=O)O)ccnc1Cl,Cc1c(N)cc(F)c(C)c1Br,Cc1c(C(=O)Nc2cc(F)c(C)c(Br)c2C)ccnc1Cl,Amidation,,
C129773,1,,,,Cc1ccc(C)c(S(=O)(=O)C2(C(=O)O)CCCC2)c1,N#Cc1cc(Cl)ccc1N,Cc1ccc(C)c(S(=O)(=O)C2(C(=O)Nc3ccc(Cl)cc3C#N)CCCC2)c1,Amidation,,
C103751,1,,,,Cc1c(C(=O)O)ccnc1Cl,N#Cc1ccc(F)c(Br)c1N,Cc1c(C(=O)Nc2c(C#N)ccc(F)c2Br)ccnc1Cl,Amidation,,
C129774,1,,,,Cc1ccc(C)c(S(=O)(=O)C2(C(=O)O)CCCC2)c1,CC1Cc2ccccc2N1,Cc1ccc(C)c(S(=O)(=O)C2(C(=O)N3c4ccccc4CC3C)CCCC2)c1,Amidation,,
C129775,1,,,,O=C(O)C1(S(=O)(=O)c2ccc3ccccc3c2)CCC1,Cc1cc(Br)ccc1N,Cc1cc(Br)ccc1NC(=O)C1(S(=O)(=O)c2ccc3ccccc3c2)CCC1,Amidation,,
C129776,1,,,,Cc1ccc(C)c(S(=O)(=O)C2(C(=O)O)CCCC2)c1,Cc1cc(Cl)cc(C)c1N,Cc1ccc(C)c(S(=O)(=O)C2(C(=O)Nc3c(C)cc(Cl)cc3C)CCCC2)c1,Amidation,,
C129777,1,,,,O=C(O)C1(S(=O)(=O)c2ccc3ccccc3c2)CCC1,Cc1cc(Cl)ccc1N,Cc1cc(Cl)ccc1NC(=O)C1(S(=O)(=O)c2ccc3ccccc3c2)CCC1,Amidation,,
C129778,1,,,,O=C(O)C1(S(=O)(=O)c2ccc3ccccc3c2)CCC1,Cc1cccc(C)c1N,Cc1cccc(C)c1NC(=O)C1(S(=O)(=O)c2ccc3ccccc3c2)CCC1,Amidation,,
C129780,1,,,,Cc1ccc(C)c(S(=O)(=O)C2(C(=O)O)CCCC2)c1,N#Cc1ccc(Br)cc1N,Cc1ccc(C)c(S(=O)(=O)C2(C(=O)Nc3cc(Br)ccc3C#N)CCCC2)c1,Amidation,,
C129781,1,,,,Cc1ccc(C)c(S(=O)(=O)C2(C(=O)O)CCCC2)c1,N#Cc1c(N)cccc1F,Cc1ccc(C)c(S(=O)(=O)C2(C(=O)Nc3cccc(F)c3C#N)CCCC2)c1,Amidation,,
C103759,1,,,,Cc1c(C(=O)O)ccnc1Cl,CCc1cc(Br)c(F)cc1N,CCc1cc(Br)c(F)cc1NC(=O)c1ccnc(Cl)c1C,Amidation,,
C129782,1,,,,Cc1ccc(C)c(S(=O)(=O)C2(C(=O)O)CCCC2)c1,CSc1cccc(C)c1N,CSc1cccc(C)c1NC(=O)C1(S(=O)(=O)c2cc(C)ccc2C)CCCC1,Amidation,,
C129783,1,,,,Cc1ccc(C)c(S(=O)(=O)C2(C(=O)O)CCCC2)c1,Cc1cc(Br)cc(Cl)c1N,Cc1ccc(C)c(S(=O)(=O)C2(C(=O)Nc3c(C)cc(Br)cc3Cl)CCCC2)c1,Amidation,,
C103762,1,,,,Cc1c(C(=O)O)ccnc1Cl,Nc1cc(F)ccc1C(F)F,Cc1c(C(=O)Nc2cc(F)ccc2C(F)F)ccnc1Cl,Amidation,,
C103763,1,,,,Cc1c(C(=O)O)ccnc1Cl,Nc1cc(F)c(Cl)cc1C=O,Cc1c(C(=O)Nc2cc(F)c(Cl)cc2C=O)ccnc1Cl,Amidation,,
C129784,1,,,,Cc1ccc(C)c(S(=O)(=O)C2(C(=O)O)CCCC2)c1,CCc1cc(Br)ccc1N,CCc1cc(Br)ccc1NC(=O)C1(S(=O)(=O)c2cc(C)ccc2C)CCCC1,Amidation,,
C129786,1,,,,Cc1ccc(C)c(S(=O)(=O)C2(C(=O)O)CCCC2)c1,Cc1cc(C)c(N)c(F)c1,Cc1cc(C)c(NC(=O)C2(S(=O)(=O)c3cc(C)ccc3C)CCCC2)c(F)c1,Amidation,,
C129787,1,,,,Cc1ccc(C)c(S(=O)(=O)C2(C(=O)O)CCCC2)c1,Cc1c(F)ccc(Cl)c1N,Cc1ccc(C)c(S(=O)(=O)C2(C(=O)Nc3c(Cl)ccc(F)c3C)CCCC2)c1,Amidation,,
C129790,1,,,,Cc1ccc(C)c(S(=O)(=O)C2(C(=O)O)CCCC2)c1,Nc1cc(Br)ccc1CO,Cc1ccc(C)c(S(=O)(=O)C2(C(=O)Nc3cc(Br)ccc3CO)CCCC2)c1,Amidation,,
C129791,1,,,,Cc1ccc(F)c(Br)c1N,Cc1ccc(C)c(S(=O)(=O)C2(C(=O)O)CCCC2)c1,Cc1ccc(C)c(S(=O)(=O)C2(C(=O)Nc3c(C)ccc(F)c3Br)CCCC2)c1,Amidation,,
C129792,1,,,,O=C(O)C1(S(=O)(=O)c2ccc3ccccc3c2)CCC1,Cc1c(N)cccc1F,Cc1c(F)cccc1NC(=O)C1(S(=O)(=O)c2ccc3ccccc3c2)CCC1,Amidation,,
C129793,1,,,,Cc1ccc(C)c(S(=O)(=O)C2(C(=O)O)CCCC2)c1,C#Cc1cc(O)ccc1N,C#Cc1cc(O)ccc1NC(=O)C1(S(=O)(=O)c2cc(C)ccc2C)CCCC1,Amidation,,
C129794,1,,,,O=C(O)C1(S(=O)(=O)c2ccc3ccccc3c2)CCC1,c1ccc2c(c1)CCN2,O=C(N1CCc2ccccc21)C1(S(=O)(=O)c2ccc3ccccc3c2)CCC1,Amidation,,
C129795,1,,,,Cc1ccc(C)c(S(=O)(=O)C2(C(=O)O)CCCC2)c1,Cc1cc(F)cc(Cl)c1N,Cc1ccc(C)c(S(=O)(=O)C2(C(=O)Nc3c(C)cc(F)cc3Cl)CCCC2)c1,Amidation,,
C129798,1,,,,Cc1ccc(C)c(S(=O)(=O)C2(C(=O)O)CCCC2)c1,Nc1ccccc1C1CC1,Cc1ccc(C)c(S(=O)(=O)C2(C(=O)Nc3ccccc3C3CC3)CCCC2)c1,Amidation,,
C129800,1,,,,Cc1ccc(C)c(S(=O)(=O)C2(C(=O)O)CCCC2)c1,Cc1cc(F)c(C)cc1N,Cc1ccc(C)c(S(=O)(=O)C2(C(=O)Nc3cc(C)c(F)cc3C)CCCC2)c1,Amidation,,
C129801,1,,,,Cc1ccc(C)c(S(=O)(=O)C2(C(=O)O)CCCC2)c1,COc1cccc(C)c1N,COc1cccc(C)c1NC(=O)C1(S(=O)(=O)c2cc(C)ccc2C)CCCC1,Amidation,,
C129802,1,,,,Cc1ccc(C)c(S(=O)(=O)C2(C(=O)O)CCCC2)c1,Clc1cccc2c1NCC2,Cc1ccc(C)c(S(=O)(=O)C2(C(=O)N3CCc4cccc(Cl)c43)CCCC2)c1,Amidation,,
C129803,1,,,,Cc1ccc(C)c(S(=O)(=O)C2(C(=O)O)CCCC2)c1,Cc1cc(O)cc(C)c1N,Cc1ccc(C)c(S(=O)(=O)C2(C(=O)Nc3c(C)cc(O)cc3C)CCCC2)c1,Amidation,,
C129804,1,,,,Cc1ccc(C)c(S(=O)(=O)C2(C(=O)O)CCCC2)c1,Cc1c(N)ccc(F)c1F,Cc1ccc(C)c(S(=O)(=O)C2(C(=O)Nc3ccc(F)c(F)c3C)CCCC2)c1,Amidation,,
C129805,1,,,,Cc1ccc(C)c(S(=O)(=O)C2(C(=O)O)CCCC2)c1,Nc1c(F)cccc1C=O,Cc1ccc(C)c(S(=O)(=O)C2(C(=O)Nc3c(F)cccc3C=O)CCCC2)c1,Amidation,,
C103782,1,,,,Cc1cc(C(=O)O)c(Cl)cn1,Nc1cc(F)c(F)cc1C=O,Cc1cc(C(=O)Nc2cc(F)c(F)cc2C=O)c(Cl)cn1,Amidation,,
C129806,1,,,,Cc1ccc(C)c(S(=O)(=O)C2(C(=O)O)CCCC2)c1,Cc1c(N)ccc(Br)c1F,Cc1ccc(C)c(S(=O)(=O)C2(C(=O)Nc3ccc(Br)c(F)c3C)CCCC2)c1,Amidation,,
C129807,1,,,,Cc1ccc(C)c(S(=O)(=O)C2(C(=O)O)CCCC2)c1,Fc1ccc2c(c1)CCN2,Cc1ccc(C)c(S(=O)(=O)C2(C(=O)N3CCc4cc(F)ccc43)CCCC2)c1,Amidation,,
C129808,1,,,,O=C(O)C1(S(=O)(=O)c2ccc3ccccc3c2)CCC1,Cc1cccc(S)c1N,Cc1cccc(S)c1NC(=O)C1(S(=O)(=O)c2ccc3ccccc3c2)CCC1,Amidation,,
C103786,1,,,,Cc1cc(C(=O)O)c(Cl)cn1,CCc1cc(Br)c(F)cc1N,CCc1cc(Br)c(F)cc1NC(=O)c1cc(C)ncc1Cl,Amidation,,
C129810,1,,,,O=C(O)C1(S(=O)(=O)c2ccc(F)cc2)CCCCC1,Cc1cc(F)cc(S)c1N,Cc1cc(F)cc(S)c1NC(=O)C1(S(=O)(=O)c2ccc(F)cc2)CCCCC1,Amidation,,
C129811,1,,,,Cc1ccc(S(=O)(=O)C2(C(=O)O)CCCC2)cc1C,Nc1cccc2c1CCO2,Cc1ccc(S(=O)(=O)C2(C(=O)Nc3cccc4c3CCO4)CCCC2)cc1C,Amidation,,
C129812,1,,,,Cc1ccc(S(=O)(=O)C2(C(=O)O)CCCC2)cc1C,Nc1cc(Br)ccc1CO,Cc1ccc(S(=O)(=O)C2(C(=O)Nc3cc(Br)ccc3CO)CCCC2)cc1C,Amidation,,
C129813,1,,,,Cc1ccc(F)c(Br)c1N,Cc1ccc(S(=O)(=O)C2(C(=O)O)CCCC2)cc1C,Cc1ccc(S(=O)(=O)C2(C(=O)Nc3c(C)ccc(F)c3Br)CCCC2)cc1C,Amidation,,
C103791,1,,,,Cc1cc(C(=O)O)c(Cl)cn1,Nc1cc(F)c(Br)cc1CO,Cc1cc(C(=O)Nc2cc(F)c(Br)cc2CO)c(Cl)cn1,Amidation,,
C129814,1,,,,Cc1ccc(S(=O)(=O)C2(C(=O)O)CCCC2)cc1C,C#Cc1cc(O)ccc1N,C#Cc1cc(O)ccc1NC(=O)C1(S(=O)(=O)c2ccc(C)c(C)c2)CCCC1,Amidation,,
C129816,1,,,,Cc1ccc(S(=O)(=O)C2(C(=O)O)CCCC2)cc1C,Cc1cc(F)cc(Cl)c1N,Cc1ccc(S(=O)(=O)C2(C(=O)Nc3c(C)cc(F)cc3Cl)CCCC2)cc1C,Amidation,,
C129818,1,,,,Cc1ccc(S(=O)(=O)C2(C(=O)O)CCCC2)cc1C,Cc1c(Br)ccc(O)c1N,Cc1ccc(S(=O)(=O)C2(C(=O)Nc3c(O)ccc(Br)c3C)CCCC2)cc1C,Amidation,,
C129819,1,,,,Cc1ccc(S(=O)(=O)C2(C(=O)O)CCCC2)cc1C,Nc1ccccc1C1CC1,Cc1ccc(S(=O)(=O)C2(C(=O)Nc3ccccc3C3CC3)CCCC2)cc1C,Amidation,,
C164481,1,,,,O=C(O)c1c(F)ccc([N+](=O)[O-])c1C(F)(F)F,O=C1NCC2CCCC1N2,O=C1NCC2CCCC1N2C(=O)c1c(F)ccc([N+](=O)[O-])c1C(F)(F)F,Amidation,,
C129821,1,,,,Cc1ccc(S(=O)(=O)C2(C(=O)O)CCCC2)cc1C,Cc1cc(F)c(C)cc1N,Cc1ccc(S(=O)(=O)C2(C(=O)Nc3cc(C)c(F)cc3C)CCCC2)cc1C,Amidation,,
C129822,1,,,,Cc1ccc(S(=O)(=O)C2(C(=O)O)CCCC2)cc1C,COc1cccc(C)c1N,COc1cccc(C)c1NC(=O)C1(S(=O)(=O)c2ccc(C)c(C)c2)CCCC1,Amidation,,
C103799,1,,,,Cc1cc(C(=O)O)c(Cl)cn1,CCc1cc(F)cc(N)c1C,CCc1cc(F)cc(NC(=O)c2cc(C)ncc2Cl)c1C,Amidation,,
C103800,1,,,,Cc1cc(C(=O)O)c(Cl)cn1,Nc1cc(F)cc(F)c1CO,Cc1cc(C(=O)Nc2cc(F)cc(F)c2CO)c(Cl)cn1,Amidation,,
C129825,1,,,,Cc1ccc(S(=O)(=O)C2(C(=O)O)CCCC2)cc1C,Cc1c(N)ccc(F)c1F,Cc1ccc(S(=O)(=O)C2(C(=O)Nc3ccc(F)c(F)c3C)CCCC2)cc1C,Amidation,,
C164483,1,,,,CC(C)C1NCCNC1=O,O=C(O)c1c(F)ccc([N+](=O)[O-])c1C(F)(F)F,CC(C)C1C(=O)NCCN1C(=O)c1c(F)ccc([N+](=O)[O-])c1C(F)(F)F,Amidation,,
C129827,1,,,,Cc1ccc(S(=O)(=O)C2(C(=O)O)CCCC2)cc1C,Cc1c(N)ccc(Br)c1F,Cc1ccc(S(=O)(=O)C2(C(=O)Nc3ccc(Br)c(F)c3C)CCCC2)cc1C,Amidation,,
C164485,1,,,,O=C(O)c1c(F)ccc([N+](=O)[O-])c1C(F)(F)F,O=C1NC(=O)C2CCC1N2,O=C1NC(=O)C2CCC1N2C(=O)c1c(F)ccc([N+](=O)[O-])c1C(F)(F)F,Amidation,,
C103805,1,,,,Cc1cc(C(=O)O)c(Cl)cn1,Nc1cc(F)ccc1C1CC1,Cc1cc(C(=O)Nc2cc(F)ccc2C2CC2)c(Cl)cn1,Amidation,,
C129829,1,,,,Cc1ccc(S(=O)(=O)C2(C(=O)O)CCCC2)cc1C,N#Cc1cc(Cl)ccc1N,Cc1ccc(S(=O)(=O)C2(C(=O)Nc3ccc(Cl)cc3C#N)CCCC2)cc1C,Amidation,,
C103807,1,,,,Cc1cc(C(=O)O)c(Cl)cn1,CC(C)c1ccc(F)cc1N,Cc1cc(C(=O)Nc2cc(F)ccc2C(C)C)c(Cl)cn1,Amidation,,
C129831,1,,,,Cc1ccc(S(=O)(=O)C2(C(=O)O)CCCC2)cc1C,Nc1cccc(I)c1CO,Cc1ccc(S(=O)(=O)C2(C(=O)Nc3cccc(I)c3CO)CCCC2)cc1C,Amidation,,
C129832,1,,,,Cc1ccc(S(=O)(=O)C2(C(=O)O)CCCC2)cc1C,Nc1c(Cl)cccc1C=O,Cc1ccc(S(=O)(=O)C2(C(=O)Nc3c(Cl)cccc3C=O)CCCC2)cc1C,Amidation,,
C129834,1,,,,Cc1ccc(S(=O)(=O)C2(C(=O)O)CCCC2)cc1C,Cc1cc(C)c(N)c(Br)c1,Cc1cc(C)c(NC(=O)C2(S(=O)(=O)c3ccc(C)c(C)c3)CCCC2)c(Br)c1,Amidation,,
C164496,1,,,,O=C(O)c1c(F)ccc([N+](=O)[O-])c1C(F)(F)F,O=C1CNCC2CCCN12,O=C(c1c(F)ccc([N+](=O)[O-])c1C(F)(F)F)N1CC(=O)N2CCCC2C1,Amidation,,
C129836,1,,,,Cc1ccc(S(=O)(=O)C2(C(=O)O)CCCC2)cc1C,Cc1cc(O)c(C)cc1N,Cc1ccc(S(=O)(=O)C2(C(=O)Nc3cc(C)c(O)cc3C)CCCC2)cc1C,Amidation,,
C103813,1,,,,Cc1cc(C(=O)O)c(Cl)cn1,Cc1c(N)cc(F)c(C)c1Br,Cc1cc(C(=O)Nc2cc(F)c(C)c(Br)c2C)c(Cl)cn1,Amidation,,
C129837,1,,,,O=C(O)C1(S(=O)(=O)c2ccc(F)cc2)CCCCC1,Cc1cc(C#N)ccc1N,Cc1cc(C#N)ccc1NC(=O)C1(S(=O)(=O)c2ccc(F)cc2)CCCCC1,Amidation,,
C129838,1,,,,Cc1ccc(S(=O)(=O)C2(C(=O)O)CCCC2)cc1C,Cc1cc(C)c(N)c(F)c1,Cc1cc(C)c(NC(=O)C2(S(=O)(=O)c3ccc(C)c(C)c3)CCCC2)c(F)c1,Amidation,,
C129840,1,,,,Cc1ccc(S(=O)(=O)C2(C(=O)O)CCCC2)cc1C,Cc1cc(Br)cc(C)c1N,Cc1ccc(S(=O)(=O)C2(C(=O)Nc3c(C)cc(Br)cc3C)CCCC2)cc1C,Amidation,,
C129841,1,,,,Cc1ccc(S(=O)(=O)C2(C(=O)O)CCCC2)cc1C,Cc1ccc(CO)cc1N,Cc1ccc(S(=O)(=O)C2(C(=O)Nc3cc(CO)ccc3C)CCCC2)cc1C,Amidation,,
C164503,1,,,,O=C(O)c1c(F)ccc([N+](=O)[O-])c1C(F)(F)F,CCC1NCCN(C)C1=O,CCC1C(=O)N(C)CCN1C(=O)c1c(F)ccc([N+](=O)[O-])c1C(F)(F)F,Amidation,,
C129844,1,,,,Cc1ccc(S(=O)(=O)C2(C(=O)O)CCCC2)cc1C,Cc1ccc(C#N)cc1N,Cc1ccc(S(=O)(=O)C2(C(=O)Nc3cc(C#N)ccc3C)CCCC2)cc1C,Amidation,,
C129846,1,,,,Cc1ccc(S(=O)(=O)C2(C(=O)O)CCCC2)cc1C,Clc1ccc2c(c1)NCC2,Cc1ccc(S(=O)(=O)C2(C(=O)N3CCc4ccc(Cl)cc43)CCCC2)cc1C,Amidation,,
C129848,1,,,,Cc1ccc(S(=O)(=O)C2(C(=O)O)CCCC2)cc1C,Clc1cccc2c1CCN2,Cc1ccc(S(=O)(=O)C2(C(=O)N3CCc4c(Cl)cccc43)CCCC2)cc1C,Amidation,,
C129850,1,,,,Cc1ccc(S(=O)(=O)C2(C(=O)O)CCCC2)cc1C,Nc1c(F)cccc1CO,Cc1ccc(S(=O)(=O)C2(C(=O)Nc3c(F)cccc3CO)CCCC2)cc1C,Amidation,,
C129852,1,,,,Cc1ccc(S(=O)(=O)C2(C(=O)O)CCCC2)cc1C,Nc1ccc(Cl)cc1CO,Cc1ccc(S(=O)(=O)C2(C(=O)Nc3ccc(Cl)cc3CO)CCCC2)cc1C,Amidation,,
C129855,1,,,,Cc1ccc(S(=O)(=O)C2(C(=O)O)CCCC2)cc1C,CSc1cccc(N)c1C,CSc1cccc(NC(=O)C2(S(=O)(=O)c3ccc(C)c(C)c3)CCCC2)c1C,Amidation,,
C129856,1,,,,Cc1ccc(S(=O)(=O)C2(C(=O)O)CCCC2)cc1C,CSc1ccc(C)c(N)c1,CSc1ccc(C)c(NC(=O)C2(S(=O)(=O)c3ccc(C)c(C)c3)CCCC2)c1,Amidation,,
C129857,1,,,,Cc1ccc(S(=O)(=O)C2(C(=O)O)CCCC2)cc1C,Cc1cc(Cl)cc(C)c1N,Cc1ccc(S(=O)(=O)C2(C(=O)Nc3c(C)cc(Cl)cc3C)CCCC2)cc1C,Amidation,,
C129860,1,,,,Cc1ccc(S(=O)(=O)C2(C(=O)O)CCCC2)cc1C,CSCc1ccccc1N,CSCc1ccccc1NC(=O)C1(S(=O)(=O)c2ccc(C)c(C)c2)CCCC1,Amidation,,
C129861,1,,,,Cc1ccc(S(=O)(=O)C2(C(=O)O)CCCC2)cc1C,N#Cc1ccc(Br)cc1N,Cc1ccc(S(=O)(=O)C2(C(=O)Nc3cc(Br)ccc3C#N)CCCC2)cc1C,Amidation,,
C129862,1,,,,Cc1ccc(S(=O)(=O)C2(C(=O)O)CCCC2)cc1C,N#Cc1c(N)cccc1F,Cc1ccc(S(=O)(=O)C2(C(=O)Nc3cccc(F)c3C#N)CCCC2)cc1C,Amidation,,
C129863,1,,,,Cc1ccc(S(=O)(=O)C2(C(=O)O)CCCC2)cc1C,CSc1cccc(C)c1N,CSc1cccc(C)c1NC(=O)C1(S(=O)(=O)c2ccc(C)c(C)c2)CCCC1,Amidation,,
C129864,1,,,,Cc1ccc(S(=O)(=O)C2(C(=O)O)CCCC2)cc1C,Cc1cc(Br)cc(Cl)c1N,Cc1ccc(S(=O)(=O)C2(C(=O)Nc3c(C)cc(Br)cc3Cl)CCCC2)cc1C,Amidation,,
C129865,1,,,,Cc1ccc(S(=O)(=O)C2(C(=O)O)CCCC2)cc1C,CCc1cc(Br)ccc1N,CCc1cc(Br)ccc1NC(=O)C1(S(=O)(=O)c2ccc(C)c(C)c2)CCCC1,Amidation,,
C129867,1,,,,Cc1ccc(S(=O)(=O)C2(C(=O)O)CCCC2)cc1C,Cc1cc(F)cc(S)c1N,Cc1ccc(S(=O)(=O)C2(C(=O)Nc3c(C)cc(F)cc3S)CCCC2)cc1C,Amidation,,
C129868,1,,,,Cc1ccc(S(=O)(=O)C2(C(=O)O)CCCC2)cc1C,Cc1c(F)ccc(Cl)c1N,Cc1ccc(S(=O)(=O)C2(C(=O)Nc3c(Cl)ccc(F)c3C)CCCC2)cc1C,Amidation,,
C129869,1,,,,O=C(O)C1(S(=O)(=O)c2ccc(F)cc2)CCCCC1,Cc1cc(Br)cc(C)c1N,Cc1cc(Br)cc(C)c1NC(=O)C1(S(=O)(=O)c2ccc(F)cc2)CCCCC1,Amidation,,
C164532,1,,,,CC(C)C1CNC(=O)CN1,O=C(O)c1c(C(F)(F)F)ccc2ccccc12,CC(C)C1CNC(=O)CN1C(=O)c1c(C(F)(F)F)ccc2ccccc12,Amidation,,
C129871,1,,,,Cc1ccc(F)c(Br)c1N,O=C(O)C1(S(=O)(=O)c2ccc(F)cc2)CCCCC1,Cc1ccc(F)c(Br)c1NC(=O)C1(S(=O)(=O)c2ccc(F)cc2)CCCCC1,Amidation,,
C164537,1,,,,O=C(O)c1c(C(F)(F)F)ccc2ccccc12,O=C1NCC2CCCC1N2,O=C1NCC2CCCC1N2C(=O)c1c(C(F)(F)F)ccc2ccccc12,Amidation,,
C129874,1,,,,O=C(O)C1(S(=O)(=O)c2ccc(F)cc2)CCCCC1,Cc1cc(F)cc(Cl)c1N,Cc1cc(F)cc(Cl)c1NC(=O)C1(S(=O)(=O)c2ccc(F)cc2)CCCCC1,Amidation,,
C164539,1,,,,O=C(O)c1c(C(F)(F)F)ccc2ccccc12,NCCN1CCNC(=O)C1,O=C1CN(CCNC(=O)c2c(C(F)(F)F)ccc3ccccc23)CCN1,Amidation,,
C129876,1,,,,O=C(O)C1(S(=O)(=O)c2ccc(F)cc2)CCCCC1,Cc1c(Br)ccc(O)c1N,Cc1c(Br)ccc(O)c1NC(=O)C1(S(=O)(=O)c2ccc(F)cc2)CCCCC1,Amidation,,
C129877,1,,,,O=C(O)C1(S(=O)(=O)c2ccc(F)cc2)CCCCC1,Nc1ccccc1C1CC1,O=C(Nc1ccccc1C1CC1)C1(S(=O)(=O)c2ccc(F)cc2)CCCCC1,Amidation,,
C129879,1,,,,O=C(O)C1(S(=O)(=O)c2ccc(F)cc2)CCCCC1,Cc1cc(F)c(C)cc1N,Cc1cc(NC(=O)C2(S(=O)(=O)c3ccc(F)cc3)CCCCC2)c(C)cc1F,Amidation,,
C129880,1,,,,O=C(O)C1(S(=O)(=O)c2ccc(F)cc2)CCCCC1,COc1cccc(C)c1N,COc1cccc(C)c1NC(=O)C1(S(=O)(=O)c2ccc(F)cc2)CCCCC1,Amidation,,
C129882,1,,,,O=C(O)C1(S(=O)(=O)c2ccc(F)cc2)CCCCC1,Cc1c(N)ccc(F)c1F,Cc1c(NC(=O)C2(S(=O)(=O)c3ccc(F)cc3)CCCCC2)ccc(F)c1F,Amidation,,
C129883,1,,,,O=C(O)C1(S(=O)(=O)c2ccc(F)cc2)CCCCC1,Nc1c(F)cccc1C=O,O=Cc1cccc(F)c1NC(=O)C1(S(=O)(=O)c2ccc(F)cc2)CCCCC1,Amidation,,
C129884,1,,,,O=C(O)C1(S(=O)(=O)c2ccc(F)cc2)CCCCC1,Cc1c(N)ccc(Br)c1F,Cc1c(NC(=O)C2(S(=O)(=O)c3ccc(F)cc3)CCCCC2)ccc(Br)c1F,Amidation,,
C129886,1,,,,O=C(O)C1(S(=O)(=O)c2ccc(F)cc2)CCCCC1,N#Cc1cc(Cl)ccc1N,N#Cc1cc(Cl)ccc1NC(=O)C1(S(=O)(=O)c2ccc(F)cc2)CCCCC1,Amidation,,
C129888,1,,,,O=C(O)C1(S(=O)(=O)c2ccc(F)cc2)CCCCC1,Nc1cccc(I)c1CO,O=C(Nc1cccc(I)c1CO)C1(S(=O)(=O)c2ccc(F)cc2)CCCCC1,Amidation,,
C103865,1,,,,Cc1nccc(C(=O)O)c1Cl,CCc1cc(F)cc(N)c1C,CCc1cc(F)cc(NC(=O)c2ccnc(C)c2Cl)c1C,Amidation,,
C129889,1,,,,O=C(O)C1(S(=O)(=O)c2ccc(F)cc2)CCCCC1,Nc1c(Cl)cccc1C=O,O=Cc1cccc(Cl)c1NC(=O)C1(S(=O)(=O)c2ccc(F)cc2)CCCCC1,Amidation,,
C129891,1,,,,O=C(O)C1(S(=O)(=O)c2ccc(F)cc2)CCCCC1,Cc1cc(C)c(N)c(Br)c1,Cc1cc(C)c(NC(=O)C2(S(=O)(=O)c3ccc(F)cc3)CCCCC2)c(Br)c1,Amidation,,
C129894,1,,,,Cc1ccc(S(=O)(=O)C2(C(=O)O)CCCC2)cc1C,Cc1cc(C#N)ccc1N,Cc1ccc(S(=O)(=O)C2(C(=O)Nc3ccc(C#N)cc3C)CCCC2)cc1C,Amidation,,
C103871,1,,,,Cc1nccc(C(=O)O)c1Cl,Nc1cc(F)ccc1C1CC1,Cc1nccc(C(=O)Nc2cc(F)ccc2C2CC2)c1Cl,Amidation,,
C103873,1,,,,Cc1nccc(C(=O)O)c1Cl,CC(C)c1ccc(F)cc1N,Cc1nccc(C(=O)Nc2cc(F)ccc2C(C)C)c1Cl,Amidation,,
C129897,1,,,,O=C(O)C1(S(=O)(=O)c2ccc(F)cc2)CCCCC1,Clc1cccc2c1NCC2,O=C(N1CCc2cccc(Cl)c21)C1(S(=O)(=O)c2ccc(F)cc2)CCCCC1,Amidation,,
C129898,1,,,,O=C(O)C1(S(=O)(=O)c2ccc(F)cc2)CCCCC1,Cc1cc(C)c(N)c(F)c1,Cc1cc(C)c(NC(=O)C2(S(=O)(=O)c3ccc(F)cc3)CCCCC2)c(F)c1,Amidation,,
C129899,1,,,,O=C(O)C1(S(=O)(=O)c2ccc(F)cc2)CCCCC1,Cc1c(F)ccc(Cl)c1N,Cc1c(F)ccc(Cl)c1NC(=O)C1(S(=O)(=O)c2ccc(F)cc2)CCCCC1,Amidation,,
C129902,1,,,,O=C(O)C1(S(=O)(=O)c2ccc(F)cc2)CCCCC1,Cc1ccc(C#N)cc1N,Cc1ccc(C#N)cc1NC(=O)C1(S(=O)(=O)c2ccc(F)cc2)CCCCC1,Amidation,,
C129910,1,,,,O=C(O)C1(S(=O)(=O)c2ccc(F)cc2)CCCCC1,CNc1cccc(C)c1C,Cc1cccc(N(C)C(=O)C2(S(=O)(=O)c3ccc(F)cc3)CCCCC2)c1C,Amidation,,
C164575,1,,,,O=C1CN(C2CNC2)CCN1,O=C(O)c1cc([N+](=O)[O-])ccc1C(F)(F)F,O=C1CN(C2CN(C(=O)c3cc([N+](=O)[O-])ccc3C(F)(F)F)C2)CCN1,Amidation,,
C164576,1,,,,O=C(O)c1cc([N+](=O)[O-])ccc1C(F)(F)F,CC1C(=O)NCCN1CCN,CC1C(=O)NCCN1CCNC(=O)c1cc([N+](=O)[O-])ccc1C(F)(F)F,Amidation,,
C129914,1,,,,O=C(O)C1(S(=O)(=O)c2ccc(F)cc2)CCCCC1,CSc1cccc(N)c1C,CSc1cccc(NC(=O)C2(S(=O)(=O)c3ccc(F)cc3)CCCCC2)c1C,Amidation,,
C129915,1,,,,O=C(O)C1(S(=O)(=O)c2ccc(F)cc2)CCCCC1,CCc1cc(Br)ccc1N,CCc1cc(Br)ccc1NC(=O)C1(S(=O)(=O)c2ccc(F)cc2)CCCCC1,Amidation,,
C129916,1,,,,O=C(O)C1(S(=O)(=O)c2ccc(F)cc2)CCCCC1,Cc1cc(Br)cc(Cl)c1N,Cc1cc(Br)cc(Cl)c1NC(=O)C1(S(=O)(=O)c2ccc(F)cc2)CCCCC1,Amidation,,
C103893,1,,,,Cc1nccc(C(=O)O)c1Cl,Cc1c(N)cc(F)c(C)c1Br,Cc1nccc(C(=O)Nc2cc(F)c(C)c(Br)c2C)c1Cl,Amidation,,
C129917,1,,,,O=C(O)C1(S(=O)(=O)c2ccc(F)cc2)CCCCC1,CSc1cccc(C)c1N,CSc1cccc(C)c1NC(=O)C1(S(=O)(=O)c2ccc(F)cc2)CCCCC1,Amidation,,
C129918,1,,,,O=C(O)C1(S(=O)(=O)c2ccc(F)cc2)CCCCC1,N#Cc1ccc(Br)cc1N,N#Cc1ccc(Br)cc1NC(=O)C1(S(=O)(=O)c2ccc(F)cc2)CCCCC1,Amidation,,
C129919,1,,,,O=C(O)C1(S(=O)(=O)c2ccc(F)cc2)CCCCC1,N#Cc1c(N)cccc1F,N#Cc1c(F)cccc1NC(=O)C1(S(=O)(=O)c2ccc(F)cc2)CCCCC1,Amidation,,
C129921,1,,,,O=C(O)C1(S(=O)(=O)c2ccc(F)cc2)CCCCC1,Fc1cccc2c1CCN2,O=C(N1CCc2c(F)cccc21)C1(S(=O)(=O)c2ccc(F)cc2)CCCCC1,Amidation,,
C129922,1,,,,O=C(O)C1(S(=O)(=O)c2ccc(F)cc2)CCCCC1,Cc1cc(Cl)cc(C)c1N,Cc1cc(Cl)cc(C)c1NC(=O)C1(S(=O)(=O)c2ccc(F)cc2)CCCCC1,Amidation,,
C129923,1,,,,O=C(O)C1(S(=O)(=O)c2ccc(F)cc2)CCCCC1,CSc1ccc(C)c(N)c1,CSc1ccc(C)c(NC(=O)C2(S(=O)(=O)c3ccc(F)cc3)CCCCC2)c1,Amidation,,
C129924,1,,,,O=C(O)C1(S(=O)(=O)c2ccc(F)cc2)CCCCC1,CSCc1ccccc1N,CSCc1ccccc1NC(=O)C1(S(=O)(=O)c2ccc(F)cc2)CCCCC1,Amidation,,
C103902,1,,,,Cc1nccc(C(=O)O)c1Cl,CCc1cc(Br)c(F)cc1N,CCc1cc(Br)c(F)cc1NC(=O)c1ccnc(C)c1Cl,Amidation,,
C129927,1,,,,O=C(O)C1(S(=O)(=O)c2ccc3ccccc3c2)CCC1,Nc1ccccc1C1CC1,O=C(Nc1ccccc1C1CC1)C1(S(=O)(=O)c2ccc3ccccc3c2)CCC1,Amidation,,
C103904,1,,,,Cc1nccc(C(=O)O)c1Cl,C#Cc1cc(F)c(F)cc1N,C#Cc1cc(F)c(F)cc1NC(=O)c1ccnc(C)c1Cl,Amidation,,
C129928,1,,,,O=C(O)C1(S(=O)(=O)c2ccc3ccccc3c2)CCC1,Cc1c(Br)ccc(O)c1N,Cc1c(Br)ccc(O)c1NC(=O)C1(S(=O)(=O)c2ccc3ccccc3c2)CCC1,Amidation,,
C129929,1,,,,O=C(O)C1(S(=O)(=O)c2ccc3ccccc3c2)CCC1,Cc1cc(F)cc(Cl)c1N,Cc1cc(F)cc(Cl)c1NC(=O)C1(S(=O)(=O)c2ccc3ccccc3c2)CCC1,Amidation,,
C129930,1,,,,O=C(O)C1(S(=O)(=O)c2ccc3ccccc3c2)CCC1,Cc1cc(O)c(C)cc1N,Cc1cc(NC(=O)C2(S(=O)(=O)c3ccc4ccccc4c3)CCC2)c(C)cc1O,Amidation,,
C129932,1,,,,Cc1ccc(F)c(Br)c1N,O=C(O)C1(S(=O)(=O)c2ccc3ccccc3c2)CCC1,Cc1ccc(F)c(Br)c1NC(=O)C1(S(=O)(=O)c2ccc3ccccc3c2)CCC1,Amidation,,
C129933,1,,,,O=C(O)C1(S(=O)(=O)c2ccc3ccccc3c2)CCC1,Nc1cc(Br)ccc1CO,O=C(Nc1cc(Br)ccc1CO)C1(S(=O)(=O)c2ccc3ccccc3c2)CCC1,Amidation,,
C129934,1,,,,O=C(O)C1(S(=O)(=O)c2ccc3ccccc3c2)CCC1,Cc1cc(F)c(C)cc1N,Cc1cc(NC(=O)C2(S(=O)(=O)c3ccc4ccccc4c3)CCC2)c(C)cc1F,Amidation,,
C129935,1,,,,O=C(O)C1(S(=O)(=O)c2ccc3ccccc3c2)CCC1,Nc1cccc2c1CCO2,O=C(Nc1cccc2c1CCO2)C1(S(=O)(=O)c2ccc3ccccc3c2)CCC1,Amidation,,
C129937,1,,,,O=C(O)C1(S(=O)(=O)c2ccc3ccccc3c2)CCC1,COc1cccc(C)c1N,COc1cccc(C)c1NC(=O)C1(S(=O)(=O)c2ccc3ccccc3c2)CCC1,Amidation,,
C129938,1,,,,O=C(O)C1(S(=O)(=O)c2ccc3ccccc3c2)CCC1,N#Cc1cc(Cl)ccc1N,N#Cc1cc(Cl)ccc1NC(=O)C1(S(=O)(=O)c2ccc3ccccc3c2)CCC1,Amidation,,
C129939,1,,,,O=C(O)C1(S(=O)(=O)c2ccc3ccccc3c2)CCC1,Cc1cc(O)cc(C)c1N,Cc1cc(O)cc(C)c1NC(=O)C1(S(=O)(=O)c2ccc3ccccc3c2)CCC1,Amidation,,
C129940,1,,,,O=C(O)C1(S(=O)(=O)c2ccc3ccccc3c2)CCC1,Cc1c(N)ccc(F)c1F,Cc1c(NC(=O)C2(S(=O)(=O)c3ccc4ccccc4c3)CCC2)ccc(F)c1F,Amidation,,
C129942,1,,,,O=C(O)C1(S(=O)(=O)c2ccc3ccccc3c2)CCC1,Cc1c(N)ccc(Br)c1F,Cc1c(NC(=O)C2(S(=O)(=O)c3ccc4ccccc4c3)CCC2)ccc(Br)c1F,Amidation,,
C129944,1,,,,O=C(O)C1(S(=O)(=O)c2ccc3ccccc3c2)CCC1,COc1cccc(N)c1C,COc1cccc(NC(=O)C2(S(=O)(=O)c3ccc4ccccc4c3)CCC2)c1C,Amidation,,
C129945,1,,,,O=C(O)C1(S(=O)(=O)c2ccc3ccccc3c2)CCC1,Nc1cccc(I)c1CO,O=C(Nc1cccc(I)c1CO)C1(S(=O)(=O)c2ccc3ccccc3c2)CCC1,Amidation,,
C129946,1,,,,O=C(O)C1(S(=O)(=O)c2ccc3ccccc3c2)CCC1,Nc1c(Cl)cccc1C=O,O=Cc1cccc(Cl)c1NC(=O)C1(S(=O)(=O)c2ccc3ccccc3c2)CCC1,Amidation,,
C129948,1,,,,O=C(O)C1(S(=O)(=O)c2ccc3ccccc3c2)CCC1,Cc1cc(C)c(N)c(Br)c1,Cc1cc(C)c(NC(=O)C2(S(=O)(=O)c3ccc4ccccc4c3)CCC2)c(Br)c1,Amidation,,
C164612,1,,,,O=C(O)c1ccc(S(=O)(=O)Cl)cc1C(F)(F)F,NCCN1CCNC(=O)C1,O=C1CN(CCNC(=O)c2ccc(S(=O)(=O)Cl)cc2C(F)(F)F)CCN1,Amidation,,
C129950,1,,,,O=C(O)C1(S(=O)(=O)c2ccc3ccccc3c2)CCC1,Nc1ccc(Cl)cc1CO,O=C(Nc1ccc(Cl)cc1CO)C1(S(=O)(=O)c2ccc3ccccc3c2)CCC1,Amidation,,
C129951,1,,,,O=C(O)C1(S(=O)(=O)c2ccc3ccccc3c2)CCC1,Clc1cccc2c1NCC2,O=C(N1CCc2cccc(Cl)c21)C1(S(=O)(=O)c2ccc3ccccc3c2)CCC1,Amidation,,
C129952,1,,,,O=C(O)C1(S(=O)(=O)c2ccc3ccccc3c2)CCC1,Cc1c(F)ccc(Cl)c1N,Cc1c(F)ccc(Cl)c1NC(=O)C1(S(=O)(=O)c2ccc3ccccc3c2)CCC1,Amidation,,
C129953,1,,,,O=C(O)C1(S(=O)(=O)c2ccc3ccccc3c2)CCC1,Cc1cc(Br)cc(C)c1N,Cc1cc(Br)cc(C)c1NC(=O)C1(S(=O)(=O)c2ccc3ccccc3c2)CCC1,Amidation,,
C164617,1,,,,O=C(O)c1ccc(S(=O)(=O)Cl)cc1C(F)(F)F,O=C1NCC2CCCC1N2,O=C1NCC2CCCC1N2C(=O)c1ccc(S(=O)(=O)Cl)cc1C(F)(F)F,Amidation,,
C129955,1,,,,O=C(O)C1(S(=O)(=O)c2ccc3ccccc3c2)CCC1,Cc1cc(F)cc(S)c1N,Cc1cc(F)cc(S)c1NC(=O)C1(S(=O)(=O)c2ccc3ccccc3c2)CCC1,Amidation,,
C129956,1,,,,O=C(O)C1(S(=O)(=O)c2ccc3ccccc3c2)CCC1,Cc1ccc(CO)cc1N,Cc1ccc(CO)cc1NC(=O)C1(S(=O)(=O)c2ccc3ccccc3c2)CCC1,Amidation,,
C129959,1,,,,O=C(O)C1(S(=O)(=O)c2ccc3ccccc3c2)CCC1,Cc1ccc(C#N)cc1N,Cc1ccc(C#N)cc1NC(=O)C1(S(=O)(=O)c2ccc3ccccc3c2)CCC1,Amidation,,
C129967,1,,,,O=C(O)C1(S(=O)(=O)c2ccc3ccccc3c2)CCC1,Cc1cc(C)c(N)c(F)c1,Cc1cc(C)c(NC(=O)C2(S(=O)(=O)c3ccc4ccccc4c3)CCC2)c(F)c1,Amidation,,
C129970,1,,,,O=C(O)C1(S(=O)(=O)c2ccc3ccccc3c2)CCC1,CSc1cccc(N)c1C,CSc1cccc(NC(=O)C2(S(=O)(=O)c3ccc4ccccc4c3)CCC2)c1C,Amidation,,
C129971,1,,,,O=C(O)C1(S(=O)(=O)c2ccc3ccccc3c2)CCC1,CSc1ccc(C)c(N)c1,CSc1ccc(C)c(NC(=O)C2(S(=O)(=O)c3ccc4ccccc4c3)CCC2)c1,Amidation,,
C129972,1,,,,O=C(O)C1(S(=O)(=O)c2ccc3ccccc3c2)CCC1,Cc1cc(Cl)cc(C)c1N,Cc1cc(Cl)cc(C)c1NC(=O)C1(S(=O)(=O)c2ccc3ccccc3c2)CCC1,Amidation,,
C129975,1,,,,O=C(O)C1(S(=O)(=O)c2ccc3ccccc3c2)CCC1,CSCc1ccccc1N,CSCc1ccccc1NC(=O)C1(S(=O)(=O)c2ccc3ccccc3c2)CCC1,Amidation,,
C103952,1,,,,O=C(O)c1c(F)cncc1Cl,Cc1cc([N+](=O)[O-])c(F)cc1N,Cc1cc([N+](=O)[O-])c(F)cc1NC(=O)c1c(F)cncc1Cl,Amidation,,
C129976,1,,,,O=C(O)C1(S(=O)(=O)c2ccc3ccccc3c2)CCC1,N#Cc1ccc(Br)cc1N,N#Cc1ccc(Br)cc1NC(=O)C1(S(=O)(=O)c2ccc3ccccc3c2)CCC1,Amidation,,
C129977,1,,,,O=C(O)C1(S(=O)(=O)c2ccc3ccccc3c2)CCC1,N#Cc1c(N)cccc1F,N#Cc1c(F)cccc1NC(=O)C1(S(=O)(=O)c2ccc3ccccc3c2)CCC1,Amidation,,
C103955,1,,,,O=C(O)c1c(F)cncc1Cl,Nc1cc(F)cc2c1CNC2=O,O=C1NCc2c(NC(=O)c3c(F)cncc3Cl)cc(F)cc21,Amidation,,
C103956,1,,,,O=C(O)c1c(F)cncc1Cl,C#Cc1cc(Cl)c(F)c(F)c1N,C#Cc1cc(Cl)c(F)c(F)c1NC(=O)c1c(F)cncc1Cl,Amidation,,
C103957,1,,,,O=C(O)c1c(F)cncc1Cl,C#Cc1cc(C#N)c(F)cc1N,C#Cc1cc(C#N)c(F)cc1NC(=O)c1c(F)cncc1Cl,Amidation,,
C129979,1,,,,O=C(O)C1(S(=O)(=O)c2ccc3ccccc3c2)CCC1,Cc1cc(Br)cc(Cl)c1N,Cc1cc(Br)cc(Cl)c1NC(=O)C1(S(=O)(=O)c2ccc3ccccc3c2)CCC1,Amidation,,
C129980,1,,,,O=C(O)C1(S(=O)(=O)c2ccc3ccccc3c2)CCC1,CCc1cc(Br)ccc1N,CCc1cc(Br)ccc1NC(=O)C1(S(=O)(=O)c2ccc3ccccc3c2)CCC1,Amidation,,
C103960,1,,,,O=C(O)c1c(F)cncc1Cl,CC(=O)c1cc(Br)c(F)cc1N,CC(=O)c1cc(Br)c(F)cc1NC(=O)c1c(F)cncc1Cl,Amidation,,
C129982,1,,,,O=C(O)C1(S(=O)(=O)c2ccc3ccccc3c2)CCC1,Cc1cc(C#N)ccc1N,Cc1cc(C#N)ccc1NC(=O)C1(S(=O)(=O)c2ccc3ccccc3c2)CCC1,Amidation,,
C164643,1,,,,O=C(O)c1ccc(C2CC2)cc1C(F)(F)F,CC1C(=O)NCCN1CCN,CC1C(=O)NCCN1CCNC(=O)c1ccc(C2CC2)cc1C(F)(F)F,Amidation,,
C164663,1,,,,O=C(O)c1cc([N+](=O)[O-])ccc1C(F)(F)F,NCCCN1CCNC(=O)C1,O=C1CN(CCCNC(=O)c2cc([N+](=O)[O-])ccc2C(F)(F)F)CCN1,Amidation,,
C164677,1,,,,[N-]=[N+]=Nc1ccc(C(=O)O)c(C(F)(F)F)c1,CC1C(=O)NCCN1CCN,CC1C(=O)NCCN1CCNC(=O)c1ccc(N=[N+]=[N-])cc1C(F)(F)F,Amidation,,
C164678,1,,,,O=C1CN(C2CNC2)CCN1,[N-]=[N+]=Nc1ccc(C(=O)O)c(C(F)(F)F)c1,[N-]=[N+]=Nc1ccc(C(=O)N2CC(N3CCNC(=O)C3)C2)c(C(F)(F)F)c1,Amidation,,
C164698,1,,,,O=C(O)c1ccc(C2CC2)cc1C(F)(F)F,NCCCN1CCNC(=O)C1,O=C1CN(CCCNC(=O)c2ccc(C3CC3)cc2C(F)(F)F)CCN1,Amidation,,
C104023,1,,,,O=C(O)c1cc(O)nc(Br)c1,CC(=O)c1cc(Br)c(F)cc1N,CC(=O)c1cc(Br)c(F)cc1NC(=O)c1cc(O)nc(Br)c1,Amidation,,
C164713,1,,,,O=C(O)c1ccc(C2CC2)cc1C(F)(F)F,CN1CCN(CCN)CC1=O,CN1CCN(CCNC(=O)c2ccc(C3CC3)cc2C(F)(F)F)CC1=O,Amidation,,
C164723,1,,,,O=C(O)c1ccc(C(F)F)cc1C(F)(F)F,CC1C(=O)NCCN1CCN,CC1C(=O)NCCN1CCNC(=O)c1ccc(C(F)F)cc1C(F)(F)F,Amidation,,
C121531,1,,,,CCONC(=O)CO,CCCNc1snc(C)c1C#N,CCCN(CC(=O)NOCC)c1snc(C)c1C#N,Mitsunobu_reaction_with_amine_alcohol_and_thioalcohol,,
C164733,1,,,,[N-]=[N+]=Nc1ccc(C(=O)O)c(C(F)(F)F)c1,CCCCC1NCCNC1=O,CCCCC1C(=O)NCCN1C(=O)c1ccc(N=[N+]=[N-])cc1C(F)(F)F,Amidation,,
C104057,1,,,,Cc1cncc(F)c1C(=O)O,C#Cc1cc(Cl)c(F)c(F)c1N,C#Cc1cc(Cl)c(F)c(F)c1NC(=O)c1c(C)cncc1F,Amidation,,
C164753,1,,,,[N-]=[N+]=Nc1ccc(C(=O)O)c(C(F)(F)F)c1,NCCCN1CCNC(=O)C1,[N-]=[N+]=Nc1ccc(C(=O)NCCCN2CCNC(=O)C2)c(C(F)(F)F)c1,Amidation,,
C121565,1,,,,O=C1CCC(O)C(=O)N1,CCCNc1snc(C)c1C#N,CCCN(c1snc(C)c1C#N)C1CCC(=O)NC1=O,Mitsunobu_reaction_with_amine_alcohol_and_thioalcohol,,
C121567,1,,,,CC(O)C(=O)NC1CC1,CCCNc1snc(C)c1C#N,CCCN(c1snc(C)c1C#N)C(C)C(=O)NC1CC1,Mitsunobu_reaction_with_amine_alcohol_and_thioalcohol,,
C104073,1,,,,O=C(O)c1c(F)cncc1Cl,Cc1c(N)cc(F)cc1[N+](=O)[O-],Cc1c(NC(=O)c2c(F)cncc2Cl)cc(F)cc1[N+](=O)[O-],Amidation,,
C104074,1,,,,O=C(O)c1c(F)cncc1Cl,CC(=O)c1ccc(F)c(F)c1N,CC(=O)c1ccc(F)c(F)c1NC(=O)c1c(F)cncc1Cl,Amidation,,
C104075,1,,,,O=C(O)c1c(F)cncc1Cl,Cc1cc(N)c(F)cc1[N+](=O)[O-],Cc1cc(NC(=O)c2c(F)cncc2Cl)c(F)cc1[N+](=O)[O-],Amidation,,
C121571,1,,,,CC1(C)CNC(=O)C1O,CCCNc1snc(C)c1C#N,CCCN(c1snc(C)c1C#N)C1C(=O)NCC1(C)C,Mitsunobu_reaction_with_amine_alcohol_and_thioalcohol,,
C164774,1,,,,O=C(O)c1ccc([N+](=O)[O-])cc1C(F)(F)F,CC1C(=O)NCCN1CCN,CC1C(=O)NCCN1CCNC(=O)c1ccc([N+](=O)[O-])cc1C(F)(F)F,Amidation,,
C121582,1,,,,O=C(O)CCNC(=O)CO,CCCNc1snc(C)c1C#N,CCCN(CC(=O)NCCC(=O)O)c1snc(C)c1C#N,Mitsunobu_reaction_with_amine_alcohol_and_thioalcohol,,
C164775,1,,,,O=C1CN(C2CNC2)CCN1,O=C(O)c1ccc([N+](=O)[O-])cc1C(F)(F)F,O=C1CN(C2CN(C(=O)c3ccc([N+](=O)[O-])cc3C(F)(F)F)C2)CCN1,Amidation,,
C121587,1,,,,CC(C)CNC(=O)C(C)O,CCCNc1snc(C)c1C#N,CCCN(c1snc(C)c1C#N)C(C)C(=O)NCC(C)C,Mitsunobu_reaction_with_amine_alcohol_and_thioalcohol,,
C104096,1,,,,O=C(O)c1ccnc(I)c1F,CC(=O)c1cc(Br)c(F)cc1N,CC(=O)c1cc(Br)c(F)cc1NC(=O)c1ccnc(I)c1F,Amidation,,
C104098,1,,,,O=C(O)c1ccnc(I)c1F,C#Cc1cc(Cl)c(F)c(F)c1N,C#Cc1cc(Cl)c(F)c(F)c1NC(=O)c1ccnc(I)c1F,Amidation,,
C104105,1,,,,O=C(O)c1ccnc(I)c1F,Cc1cc(N)c(F)cc1[N+](=O)[O-],Cc1cc(NC(=O)c2ccnc(I)c2F)c(F)cc1[N+](=O)[O-],Amidation,,
C104111,1,,,,O=C(O)c1ccnc(I)c1F,CC(=O)c1ccc(F)c(F)c1N,CC(=O)c1ccc(F)c(F)c1NC(=O)c1ccnc(I)c1F,Amidation,,
C104112,1,,,,O=C(O)c1ccnc(I)c1F,Cc1c(N)cc(F)cc1[N+](=O)[O-],Cc1c(NC(=O)c2ccnc(I)c2F)cc(F)cc1[N+](=O)[O-],Amidation,,
C121608,1,,,,CCONC(=O)CO,Cc1nsc(N2CCNCC2)c1C#N,CCONC(=O)CN1CCN(c2snc(C)c2C#N)CC1,Mitsunobu_reaction_with_amine_alcohol_and_thioalcohol,,
C121613,1,,,,CNC(=O)C(C)O,Cc1nsc(Nc2ccccc2)c1C#N,CNC(=O)C(C)N(c1ccccc1)c1snc(C)c1C#N,Mitsunobu_reaction_with_amine_alcohol_and_thioalcohol,,
C121622,1,,,,O=C1Nc2ccccc2C1O,CCCNc1snc(C)c1C#N,CCCN(c1snc(C)c1C#N)C1C(=O)Nc2ccccc21,Mitsunobu_reaction_with_amine_alcohol_and_thioalcohol,,
C104133,1,,,,O=C(O)c1cc(F)nc(Cl)c1,Nc1cc(F)ccc1C(F)(F)F,O=C(Nc1cc(F)ccc1C(F)(F)F)c1cc(F)nc(Cl)c1,Amidation,,
C121629,1,,,,O=C1NCCCC1O,Cc1nsc(Nc2ccccc2)c1C#N,Cc1nsc(N(c2ccccc2)C2CCCNC2=O)c1C#N,Mitsunobu_reaction_with_amine_alcohol_and_thioalcohol,,
C104137,1,,,,C#Cc1cc(C(=O)O)ccn1,C#Cc1cc(Cl)c(F)c(F)c1N,C#Cc1cc(C(=O)Nc2c(C#C)cc(Cl)c(F)c2F)ccn1,Amidation,,
C121633,1,,,,O=C(CO)NC1CCCCC1,CCCNc1snc(C)c1C#N,CCCN(CC(=O)NC1CCCCC1)c1snc(C)c1C#N,Mitsunobu_reaction_with_amine_alcohol_and_thioalcohol,,
C121634,1,,,,CCCC(C)NC(=O)C(C)O,CCCNc1snc(C)c1C#N,CCCC(C)NC(=O)C(C)N(CCC)c1snc(C)c1C#N,Mitsunobu_reaction_with_amine_alcohol_and_thioalcohol,,
C121637,1,,,,CC(C)(C)C1CC(O)C(=O)N1,CCCNc1snc(C)c1C#N,CCCN(c1snc(C)c1C#N)C1CC(C(C)(C)C)NC1=O,Mitsunobu_reaction_with_amine_alcohol_and_thioalcohol,,
C104143,1,,,,Cc1cnc(F)cc1C(=O)O,CC(=O)c1cc(Br)c(F)cc1N,CC(=O)c1cc(Br)c(F)cc1NC(=O)c1cc(F)ncc1C,Amidation,,
C121638,1,,,,O=C(CO)Nc1ccccc1,CCCNc1snc(C)c1C#N,CCCN(CC(=O)Nc1ccccc1)c1snc(C)c1C#N,Mitsunobu_reaction_with_amine_alcohol_and_thioalcohol,,
C121639,1,,,,Cc1cc(NC(=O)CO)no1,CCCNc1snc(C)c1C#N,CCCN(CC(=O)Nc1cc(C)on1)c1snc(C)c1C#N,Mitsunobu_reaction_with_amine_alcohol_and_thioalcohol,,
C121641,1,,,,CC(O)C(=O)Nc1ncn[nH]1,CCCNc1snc(C)c1C#N,CCCN(c1snc(C)c1C#N)C(C)C(=O)Nc1ncn[nH]1,Mitsunobu_reaction_with_amine_alcohol_and_thioalcohol,,
C121644,1,,,,CC(O)C(=O)NC1CCCC1,CCCNc1snc(C)c1C#N,CCCN(c1snc(C)c1C#N)C(C)C(=O)NC1CCCC1,Mitsunobu_reaction_with_amine_alcohol_and_thioalcohol,,
C104151,1,,,,Cc1cnc(F)cc1C(=O)O,CC(=O)c1ccc(F)c(F)c1N,CC(=O)c1ccc(F)c(F)c1NC(=O)c1cc(F)ncc1C,Amidation,,
C121646,1,,,,COC(=O)CNC(=O)C(C)O,CCCNc1snc(C)c1C#N,CCCN(c1snc(C)c1C#N)C(C)C(=O)NCC(=O)OC,Mitsunobu_reaction_with_amine_alcohol_and_thioalcohol,,
C104153,1,,,,Cc1cnc(F)cc1C(=O)O,C#Cc1cc(Cl)c(F)c(F)c1N,C#Cc1cc(Cl)c(F)c(F)c1NC(=O)c1cc(F)ncc1C,Amidation,,
C164851,1,,,,COC(=O)c1ccc(C(=O)O)c(C(F)(F)F)c1,O=C1NCC2CCCC1N2,COC(=O)c1ccc(C(=O)N2C3CCCC2C(=O)NC3)c(C(F)(F)F)c1,Amidation,,
C164855,1,,,,O=C(O)c1c([N+](=O)[O-])cccc1C(F)(F)F,NCCCN1CCNC(=O)C1,O=C1CN(CCCNC(=O)c2c([N+](=O)[O-])cccc2C(F)(F)F)CCN1,Amidation,,
C104171,1,,,,O=C(O)c1ccnc(F)c1F,C#Cc1cc(Cl)c(F)c(F)c1N,C#Cc1cc(Cl)c(F)c(F)c1NC(=O)c1ccnc(F)c1F,Amidation,,
C104178,1,,,,O=C(O)c1cc(F)nc(Cl)c1,Cc1cc(N)c(F)cc1[N+](=O)[O-],Cc1cc(NC(=O)c2cc(F)nc(Cl)c2)c(F)cc1[N+](=O)[O-],Amidation,,
C104179,1,,,,O=C(O)c1cc(F)nc(Cl)c1,Cc1c(N)cc(F)cc1[N+](=O)[O-],Cc1c(NC(=O)c2cc(F)nc(Cl)c2)cc(F)cc1[N+](=O)[O-],Amidation,,
C104180,1,,,,O=C(O)c1cc(F)nc(Cl)c1,CC(=O)c1ccc(F)c(F)c1N,CC(=O)c1ccc(F)c(F)c1NC(=O)c1cc(F)nc(Cl)c1,Amidation,,
C121674,1,,,,CCNC(=O)C(C)O,Cc1nsc(Nc2ccccc2)c1C#N,CCNC(=O)C(C)N(c1ccccc1)c1snc(C)c1C#N,Mitsunobu_reaction_with_amine_alcohol_and_thioalcohol,,
C121684,1,,,,Cc1ccc(NC(=O)CO)cc1,CCCNc1snc(C)c1C#N,CCCN(CC(=O)Nc1ccc(C)cc1)c1snc(C)c1C#N,Mitsunobu_reaction_with_amine_alcohol_and_thioalcohol,,
C104190,1,,,,O=C(O)c1cc(F)nc(Cl)c1,CC(=O)c1cc(F)c(F)cc1N,CC(=O)c1cc(F)c(F)cc1NC(=O)c1cc(F)nc(Cl)c1,Amidation,,
C121685,1,,,,CC(O)C(=O)NN1CCCCC1,CCCNc1snc(C)c1C#N,CCCN(c1snc(C)c1C#N)C(C)C(=O)NN1CCCCC1,Mitsunobu_reaction_with_amine_alcohol_and_thioalcohol,,
C104192,1,,,,O=C(O)c1cc(F)nc(Cl)c1,C#Cc1cc(Cl)c(F)c(F)c1N,C#Cc1cc(Cl)c(F)c(F)c1NC(=O)c1cc(F)nc(Cl)c1,Amidation,,
C104193,1,,,,O=C(O)c1cc(F)nc(Cl)c1,C#Cc1cc(C#N)c(F)cc1N,C#Cc1cc(C#N)c(F)cc1NC(=O)c1cc(F)nc(Cl)c1,Amidation,,
C121686,1,,,,CC1C(C(=O)O)C(O)C(=O)N1C,CCCNc1snc(C)c1C#N,CCCN(c1snc(C)c1C#N)C1C(=O)N(C)C(C)C1C(=O)O,Mitsunobu_reaction_with_amine_alcohol_and_thioalcohol,,
C104195,1,,,,O=C(O)c1cc(F)nc(Cl)c1,CC(=O)c1cc(Br)c(F)cc1N,CC(=O)c1cc(Br)c(F)cc1NC(=O)c1cc(F)nc(Cl)c1,Amidation,,
C164886,1,,,,O=C1CN(C2CNC2)CCN1,O=C(O)c1ccc(C2CC2)cc1C(F)(F)F,O=C1CN(C2CN(C(=O)c3ccc(C4CC4)cc3C(F)(F)F)C2)CCN1,Amidation,,
C121695,1,,,,O=C(CO)NCC1CCCCC1,CCCNc1snc(C)c1C#N,CCCN(CC(=O)NCC1CCCCC1)c1snc(C)c1C#N,Mitsunobu_reaction_with_amine_alcohol_and_thioalcohol,,
C104201,1,,,,O=C(O)c1cc(F)nc(F)c1,C#Cc1cc(Cl)c(F)c(F)c1N,C#Cc1cc(Cl)c(F)c(F)c1NC(=O)c1cc(F)nc(F)c1,Amidation,,
C164888,1,,,,O=C(O)c1c([N+](=O)[O-])cccc1C(F)(F)F,O=C1CNCC2COCCN12,O=C(c1c([N+](=O)[O-])cccc1C(F)(F)F)N1CC(=O)N2CCOCC2C1,Amidation,,
C121698,1,,,,CC1(O)CC(C(C)(C)C)NC1=O,CCCNc1snc(C)c1C#N,CCCN(c1snc(C)c1C#N)C1(C)CC(C(C)(C)C)NC1=O,Mitsunobu_reaction_with_amine_alcohol_and_thioalcohol,,
C164889,1,,,,O=C1CN(C2CNC2)CCN1,O=C(O)c1c([N+](=O)[O-])cccc1C(F)(F)F,O=C1CN(C2CN(C(=O)c3c([N+](=O)[O-])cccc3C(F)(F)F)C2)CCN1,Amidation,,
C164890,1,,,,O=C(O)c1c([N+](=O)[O-])cccc1C(F)(F)F,CC1C(=O)NCCN1CCN,CC1C(=O)NCCN1CCNC(=O)c1c([N+](=O)[O-])cccc1C(F)(F)F,Amidation,,
C104207,1,,,,O=C(O)c1ccnc(Br)c1O,CC(=O)c1cc(Br)c(F)cc1N,CC(=O)c1cc(Br)c(F)cc1NC(=O)c1ccnc(Br)c1O,Amidation,,
C104210,1,,,,O=C(O)c1ccnc(Br)c1O,C#Cc1cc(Cl)c(F)c(F)c1N,C#Cc1cc(Cl)c(F)c(F)c1NC(=O)c1ccnc(Br)c1O,Amidation,,
C121705,1,,,,CS(C)(=O)=NC(=O)CO,Cc1nsc(Nc2ccccc2)c1C#N,Cc1nsc(N(CC(=O)N=S(C)(C)=O)c2ccccc2)c1C#N,Mitsunobu_reaction_with_amine_alcohol_and_thioalcohol,,
C164899,1,,,,Cn1cnc2cc(C(F)(F)F)c(C(=O)O)cc21,O=C1NCC2CCCC1N2,Cn1cnc2cc(C(F)(F)F)c(C(=O)N3C4CCCC3C(=O)NC4)cc21,Amidation,,
C121709,1,,,,CC(C)NC(=O)C(C)O,Cc1nsc(Nc2ccccc2)c1C#N,Cc1nsc(N(c2ccccc2)C(C)C(=O)NC(C)C)c1C#N,Mitsunobu_reaction_with_amine_alcohol_and_thioalcohol,,
C104219,1,,,,O=C(O)c1c(O)cncc1Cl,Cc1c(N)cc(F)cc1[N+](=O)[O-],Cc1c(NC(=O)c2c(O)cncc2Cl)cc(F)cc1[N+](=O)[O-],Amidation,,
C121716,1,,,,C#CCNC(=O)C(C)O,Cc1nsc(Nc2ccccc2)c1C#N,C#CCNC(=O)C(C)N(c1ccccc1)c1snc(C)c1C#N,Mitsunobu_reaction_with_amine_alcohol_and_thioalcohol,,
C104222,1,,,,O=C(O)c1c(O)cncc1Cl,Cc1cc([N+](=O)[O-])c(F)cc1N,Cc1cc([N+](=O)[O-])c(F)cc1NC(=O)c1c(O)cncc1Cl,Amidation,,
C104227,1,,,,O=C(O)c1c(O)cncc1Cl,C#Cc1cc(C#N)c(F)cc1N,C#Cc1cc(C#N)c(F)cc1NC(=O)c1c(O)cncc1Cl,Amidation,,
C121722,1,,,,O=C1NCCOC1CO,Cc1nsc(Nc2ccccc2)c1C#N,Cc1nsc(N(CC2OCCNC2=O)c2ccccc2)c1C#N,Mitsunobu_reaction_with_amine_alcohol_and_thioalcohol,,
C104229,1,,,,O=C(O)c1c(O)cncc1Cl,CC(=O)c1cc(Br)c(F)cc1N,CC(=O)c1cc(Br)c(F)cc1NC(=O)c1c(O)cncc1Cl,Amidation,,
C121726,1,,,,CCCNC(=O)C(C)O,Cc1nsc(Nc2ccccc2)c1C#N,CCCNC(=O)C(C)N(c1ccccc1)c1snc(C)c1C#N,Mitsunobu_reaction_with_amine_alcohol_and_thioalcohol,,
C121731,1,,,,C=CCNC(=O)C(C)O,Cc1nsc(Nc2ccccc2)c1C#N,C=CCNC(=O)C(C)N(c1ccccc1)c1snc(C)c1C#N,Mitsunobu_reaction_with_amine_alcohol_and_thioalcohol,,
C164924,1,,,,O=C(O)c1ccc(OC(F)(F)F)cc1C(F)(F)F,O=C1NCC2CCCC1N2,O=C1NCC2CCCC1N2C(=O)c1ccc(OC(F)(F)F)cc1C(F)(F)F,Amidation,,
C121735,1,,,,CCN1OCC(O)C1=O,Cc1nsc(Nc2ccccc2)c1C#N,CCN1OCC(N(c2ccccc2)c2snc(C)c2C#N)C1=O,Mitsunobu_reaction_with_amine_alcohol_and_thioalcohol,,
C121737,1,,,,CC1=NNC(=O)C1(C)O,Cc1nsc(Nc2ccccc2)c1C#N,CC1=NNC(=O)C1(C)N(c1ccccc1)c1snc(C)c1C#N,Mitsunobu_reaction_with_amine_alcohol_and_thioalcohol,,
C104244,1,,,,O=C(O)c1ccnc(Br)c1O,CC(=O)c1ccc(F)c(F)c1N,CC(=O)c1ccc(F)c(F)c1NC(=O)c1ccnc(Br)c1O,Amidation,,
C104247,1,,,,Cc1cc(C(=O)O)c(Br)cn1,Cc1cc([N+](=O)[O-])c(F)cc1N,Cc1cc(C(=O)Nc2cc(F)c([N+](=O)[O-])cc2C)c(Br)cn1,Amidation,,
C104249,1,,,,Cc1cc(C(=O)O)c(Br)cn1,CC(=O)c1cc(F)c(F)cc1N,CC(=O)c1cc(F)c(F)cc1NC(=O)c1cc(C)ncc1Br,Amidation,,
C104251,1,,,,Cc1cc(C(=O)O)c(Br)cn1,C#Cc1cc(Cl)c(F)c(F)c1N,C#Cc1cc(Cl)c(F)c(F)c1NC(=O)c1cc(C)ncc1Br,Amidation,,
C121753,1,,,,CC(O)C(=O)NC(C(=O)O)C(C)C,CCCNc1snc(C)c1C#N,CCCN(c1snc(C)c1C#N)C(C)C(=O)NC(C(=O)O)C(C)C,Mitsunobu_reaction_with_amine_alcohol_and_thioalcohol,,
C121754,1,,,,CC(O)C(=O)NCc1ccccc1,CCCNc1snc(C)c1C#N,CCCN(c1snc(C)c1C#N)C(C)C(=O)NCc1ccccc1,Mitsunobu_reaction_with_amine_alcohol_and_thioalcohol,,
C121757,1,,,,Cc1ccc(NC(=O)CO)c(Cl)c1,CCCNc1snc(C)c1C#N,CCCN(CC(=O)Nc1ccc(C)cc1Cl)c1snc(C)c1C#N,Mitsunobu_reaction_with_amine_alcohol_and_thioalcohol,,
C121760,1,,,,COCCNC(=O)C(O)CCSC,CCCNc1snc(C)c1C#N,CCCN(c1snc(C)c1C#N)C(CCSC)C(=O)NCCOC,Mitsunobu_reaction_with_amine_alcohol_and_thioalcohol,,
C121765,1,,,,O=C(CO)Nc1ccc(F)cc1F,CCCNc1snc(C)c1C#N,CCCN(CC(=O)Nc1ccc(F)cc1F)c1snc(C)c1C#N,Mitsunobu_reaction_with_amine_alcohol_and_thioalcohol,,
C121771,1,,,,CNC(=O)CO,Cc1nsc(Nc2c(F)c(F)cc(F)c2F)c1C#N,CNC(=O)CN(c1snc(C)c1C#N)c1c(F)c(F)cc(F)c1F,Mitsunobu_reaction_with_amine_alcohol_and_thioalcohol,,
C164966,1,,,,O=C(O)c1ccc(-c2cccnc2)cc1C(F)(F)F,CCC1NCCNC1=O,CCC1C(=O)NCCN1C(=O)c1ccc(-c2cccnc2)cc1C(F)(F)F,Amidation,,
C121777,1,,,,O=C(CO)NC1(C(F)F)CC1,Cc1nsc(N2CCNCC2)c1C#N,Cc1nsc(N2CCN(CC(=O)NC3(C(F)F)CC3)CC2)c1C#N,Mitsunobu_reaction_with_amine_alcohol_and_thioalcohol,,
C164424,1,,,,O=C(O)c1c(C(F)(F)F)cccc1C(F)(F)F,O=C1NCC2CCCC1N2,O=C1NCC2CCCC1N2C(=O)c1c(C(F)(F)F)cccc1C(F)(F)F,Amidation,,
C164975,1,,,,O=C(O)c1c(C(F)(F)F)ccc2ccccc12,O=C1CNCC23CC(CN12)C3,O=C(c1c(C(F)(F)F)ccc2ccccc12)N1CC(=O)N2CC3CC2(C3)C1,Amidation,,
C121790,1,,,,CN1CC(CO)OCC1=O,Cc1nsc(Nc2ccccc2)c1C#N,Cc1nsc(N(CC2CN(C)C(=O)CO2)c2ccccc2)c1C#N,Mitsunobu_reaction_with_amine_alcohol_and_thioalcohol,,
C164984,1,,,,O=C(O)c1c(C(F)(F)F)ccc2ccccc12,CC(C)(C)C1NCCNC1=O,CC(C)(C)C1C(=O)NCCN1C(=O)c1c(C(F)(F)F)ccc2ccccc12,Amidation,,
C164987,1,,,,O=C(O)c1c(C(F)(F)F)ccc2ccccc12,CC1NCC2CCCN2C1=O,CC1C(=O)N2CCCC2CN1C(=O)c1c(C(F)(F)F)ccc2ccccc12,Amidation,,
C164990,1,,,,O=C(O)c1c(C(F)(F)F)ccc2ccccc12,O=C1CNC(C(F)(F)F)CN1,O=C1CN(C(=O)c2c(C(F)(F)F)ccc3ccccc23)C(C(F)(F)F)CN1,Amidation,,
C121803,1,,,,O=C(CO)NC1CCCC1,Cc1nsc(Nc2ccccc2)c1C#N,Cc1nsc(N(CC(=O)NC2CCCC2)c2ccccc2)c1C#N,Mitsunobu_reaction_with_amine_alcohol_and_thioalcohol,,
C121806,1,,,,COCCNC(=O)C(C)O,Cc1nsc(Nc2ccccc2)c1C#N,COCCNC(=O)C(C)N(c1ccccc1)c1snc(C)c1C#N,Mitsunobu_reaction_with_amine_alcohol_and_thioalcohol,,
C104312,1,,,,Cc1cc(C(=O)O)c(Br)cn1,Cc1c(N)cc(F)cc1[N+](=O)[O-],Cc1cc(C(=O)Nc2cc(F)cc([N+](=O)[O-])c2C)c(Br)cn1,Amidation,,
C104313,1,,,,Cc1cc(C(=O)O)c(Br)cn1,CC(=O)c1ccc(F)c(F)c1N,CC(=O)c1ccc(F)c(F)c1NC(=O)c1cc(C)ncc1Br,Amidation,,
C121810,1,,,,Cc1cc(NC(=O)CO)no1,Cc1nsc(N2CCNCC2)c1C#N,Cc1cc(NC(=O)CN2CCN(c3snc(C)c3C#N)CC2)no1,Mitsunobu_reaction_with_amine_alcohol_and_thioalcohol,,
C121811,1,,,,CC(C)CNC(=O)C(C)O,Cc1nsc(Nc2ccccc2)c1C#N,Cc1nsc(N(c2ccccc2)C(C)C(=O)NCC(C)C)c1C#N,Mitsunobu_reaction_with_amine_alcohol_and_thioalcohol,,
C104322,1,,,,Cc1cc(C(=O)O)c(Br)cn1,C#Cc1cc(C#N)c(F)cc1N,C#Cc1cc(C#N)c(F)cc1NC(=O)c1cc(C)ncc1Br,Amidation,,
C104324,1,,,,Cc1cc(C(=O)O)c(Br)cn1,CC(=O)c1cc(Br)c(F)cc1N,CC(=O)c1cc(Br)c(F)cc1NC(=O)c1cc(C)ncc1Br,Amidation,,
C165018,1,,,,O=C1CN(C2CNC2)CCN1,O=C(O)c1c(C(F)(F)F)ccc2ccccc12,O=C1CN(C2CN(C(=O)c3c(C(F)(F)F)ccc4ccccc34)C2)CCN1,Amidation,,
C121875,1,,,,CCCC(Cl)C(=O)O,NC1(c2n[nH]c(-c3cccs3)n2)CCC1,CCCC(Cl)C(=O)NC1(c2n[nH]c(-c3cccs3)n2)CCC1,Amidation,,
C165021,1,,,,O=C(O)c1c(C(F)(F)F)ccc2ccccc12,CN1CCN(CCN)CC1=O,CN1CCN(CCNC(=O)c2c(C(F)(F)F)ccc3ccccc23)CC1=O,Amidation,,
C121882,1,,,,O=C(O)C1(Cl)CC1CCl,NC1(c2n[nH]c(-c3cccs3)n2)CCC1,O=C(NC1(c2n[nH]c(-c3cccs3)n2)CCC1)C1(Cl)CC1CCl,Amidation,,
C121883,1,,,,CC(C)CC(Cl)C(=O)O,NC1(c2n[nH]c(-c3cccs3)n2)CCC1,CC(C)CC(Cl)C(=O)NC1(c2n[nH]c(-c3cccs3)n2)CCC1,Amidation,,
C104340,1,,,,O=C(O)c1cc(Cl)ncc1Cl,COC(=O)c1ccc(F)cc1N,COC(=O)c1ccc(F)cc1NC(=O)c1cc(Cl)ncc1Cl,Amidation,,
C121888,1,,,,O=C(O)C1(Cl)CC12CCC2,NC1(c2n[nH]c(-c3cccs3)n2)CCC1,O=C(NC1(c2n[nH]c(-c3cccs3)n2)CCC1)C1(Cl)CC12CCC2,Amidation,,
C104346,1,,,,Cc1c(C(=O)O)ccnc1F,C#Cc1cc(Cl)c(F)c(F)c1N,C#Cc1cc(Cl)c(F)c(F)c1NC(=O)c1ccnc(F)c1C,Amidation,,
C104347,1,,,,Cc1c(C(=O)O)ccnc1F,C#Cc1cc(C#N)c(F)cc1N,C#Cc1cc(C#N)c(F)cc1NC(=O)c1ccnc(F)c1C,Amidation,,
C104349,1,,,,Cc1c(C(=O)O)ccnc1F,CC(=O)c1cc(Br)c(F)cc1N,CC(=O)c1cc(Br)c(F)cc1NC(=O)c1ccnc(F)c1C,Amidation,,
C104352,1,,,,O=C(O)c1cc(Cl)ncc1Cl,Cc1c(N)cc(F)cc1[N+](=O)[O-],Cc1c(NC(=O)c2cc(Cl)ncc2Cl)cc(F)cc1[N+](=O)[O-],Amidation,,
C104353,1,,,,O=C(O)c1cc(Cl)ncc1Cl,CC(=O)c1ccc(F)c(F)c1N,CC(=O)c1ccc(F)c(F)c1NC(=O)c1cc(Cl)ncc1Cl,Amidation,,
C121896,1,,,,O=C(O)C1(Cl)CC12CCOCC2,NC1(c2n[nH]c(-c3cccs3)n2)CCC1,O=C(NC1(c2n[nH]c(-c3cccs3)n2)CCC1)C1(Cl)CC12CCOCC2,Amidation,,
C121901,1,,,,O=C(O)C(Cl)c1ccccc1Cl,NC1(c2n[nH]c(-c3cccs3)n2)CCC1,O=C(NC1(c2n[nH]c(-c3cccs3)n2)CCC1)C(Cl)c1ccccc1Cl,Amidation,,
C121903,1,,,,CCOC(=O)C1(Cl)CC1C(=O)O,NC1(c2n[nH]c(-c3cccs3)n2)CCC1,CCOC(=O)C1(Cl)CC1C(=O)NC1(c2n[nH]c(-c3cccs3)n2)CCC1,Amidation,,
C121906,1,,,,CCOC(=O)CCC(Cl)C(=O)O,NC1(c2n[nH]c(-c3cccs3)n2)CCC1,CCOC(=O)CCC(Cl)C(=O)NC1(c2n[nH]c(-c3cccs3)n2)CCC1,Amidation,,
C121908,1,,,,O=C(O)C(Cl)c1ccc(Cl)c(Cl)c1,NC1(c2n[nH]c(-c3cccs3)n2)CCC1,O=C(NC1(c2n[nH]c(-c3cccs3)n2)CCC1)C(Cl)c1ccc(Cl)c(Cl)c1,Amidation,,
C104392,1,,,,O=C(O)c1cc(Cl)ncc1Cl,Cc1cc([N+](=O)[O-])c(F)cc1N,Cc1cc([N+](=O)[O-])c(F)cc1NC(=O)c1cc(Cl)ncc1Cl,Amidation,,
C104393,1,,,,O=C(O)c1cc(Cl)ncc1Cl,Cc1cc(N)c(F)cc1[N+](=O)[O-],Cc1cc(NC(=O)c2cc(Cl)ncc2Cl)c(F)cc1[N+](=O)[O-],Amidation,,
C104394,1,,,,O=C(O)c1cc(Cl)ncc1Cl,CC(=O)c1cc(F)c(F)cc1N,CC(=O)c1cc(F)c(F)cc1NC(=O)c1cc(Cl)ncc1Cl,Amidation,,
C104399,1,,,,O=C(O)c1cc(Cl)ncc1Cl,CC(=O)c1cc(Br)c(F)cc1N,CC(=O)c1cc(Br)c(F)cc1NC(=O)c1cc(Cl)ncc1Cl,Amidation,,
C104407,1,,,,O=C(O)c1c(F)cncc1Cl,Nc1cc(F)ccc1C(F)(F)F,O=C(Nc1cc(F)ccc1C(F)(F)F)c1c(F)cncc1Cl,Amidation,,
C165099,1,,,,O=C1CN(C2CNC2)CCN1,NS(=O)(=O)c1ccc(C(=O)O)c(C(F)(F)F)c1,NS(=O)(=O)c1ccc(C(=O)N2CC(N3CCNC(=O)C3)C2)c(C(F)(F)F)c1,Amidation,,
C165105,1,,,,Cn1cnc2cc(C(F)(F)F)c(C(=O)O)cc21,CC1C(=O)NCCN1CCN,CC1C(=O)NCCN1CCNC(=O)c1cc2c(cc1C(F)(F)F)ncn2C,Amidation,,
C165106,1,,,,O=C1CN(C2CNC2)CCN1,Cn1cnc2cc(C(F)(F)F)c(C(=O)O)cc21,Cn1cnc2cc(C(F)(F)F)c(C(=O)N3CC(N4CCNC(=O)C4)C3)cc21,Amidation,,
C164451,1,,,,O=C(O)c1cc(C(F)(F)F)ccc1C(F)(F)F,O=C1NCC2CCCC1N2,O=C1NCC2CCCC1N2C(=O)c1cc(C(F)(F)F)ccc1C(F)(F)F,Amidation,,
C165109,1,,,,Cn1cnc2cc(C(F)(F)F)c(C(=O)O)cc21,CN1CCN(CCN)CC1=O,CN1CCN(CCNC(=O)c2cc3c(cc2C(F)(F)F)ncn3C)CC1=O,Amidation,,
C165141,1,,,,COC(=O)c1ccc(C(=O)O)c(C(F)(F)F)c1,CC1C(=O)NCCN1CCN,COC(=O)c1ccc(C(=O)NCCN2CCNC(=O)C2C)c(C(F)(F)F)c1,Amidation,,
C165142,1,,,,O=C1CN(C2CNC2)CCN1,COC(=O)c1ccc(C(=O)O)c(C(F)(F)F)c1,COC(=O)c1ccc(C(=O)N2CC(N3CCNC(=O)C3)C2)c(C(F)(F)F)c1,Amidation,,
C104467,1,,,,Cc1c(C(=O)O)ccnc1F,CC(=O)c1ccc(F)c(F)c1N,CC(=O)c1ccc(F)c(F)c1NC(=O)c1ccnc(F)c1C,Amidation,,
C104475,1,,,,O=C(O)c1c(F)cncc1Cl,NC1C(=O)Nc2cc(F)ccc21,O=C(NC1C(=O)Nc2cc(F)ccc21)c1c(F)cncc1Cl,Amidation,,
C165165,1,,,,Cn1cnc2cc(C(F)(F)F)c(C(=O)O)cc21,NCCCN1CCNC(=O)C1,Cn1cnc2cc(C(F)(F)F)c(C(=O)NCCCN3CCNC(=O)C3)cc21,Amidation,,
C104486,1,,,,Cc1cc(C(=O)O)c(Cl)cn1,COC(=O)c1ccc(F)cc1N,COC(=O)c1ccc(F)cc1NC(=O)c1cc(C)ncc1Cl,Amidation,,
C104490,1,,,,Cc1cc(C(=O)O)c(Cl)cn1,CC(=O)c1cc(Br)c(F)cc1N,CC(=O)c1cc(Br)c(F)cc1NC(=O)c1cc(C)ncc1Cl,Amidation,,
C165179,1,,,,O=C1CN(C2CNC2)CCN1,O=C(O)c1ccc(C(F)(F)F)cc1C(F)(F)F,O=C1CN(C2CN(C(=O)c3ccc(C(F)(F)F)cc3C(F)(F)F)C2)CCN1,Amidation,,
C165180,1,,,,O=C(O)c1ccc(C(F)(F)F)cc1C(F)(F)F,CC1C(=O)NCCN1CCN,CC1C(=O)NCCN1CCNC(=O)c1ccc(C(F)(F)F)cc1C(F)(F)F,Amidation,,
C104510,1,,,,Cc1cc(C(=O)O)c(Cl)cn1,C#Cc1cc(Cl)c(F)c(F)c1N,C#Cc1cc(Cl)c(F)c(F)c1NC(=O)c1cc(C)ncc1Cl,Amidation,,
C104513,1,,,,Cc1nccc(C(=O)O)c1Cl,CC(=O)c1cc(F)c(F)cc1N,CC(=O)c1cc(F)c(F)cc1NC(=O)c1ccnc(C)c1Cl,Amidation,,
C104515,1,,,,Cc1nccc(C(=O)O)c1Cl,C#Cc1cc(Cl)c(F)c(F)c1N,C#Cc1cc(Cl)c(F)c(F)c1NC(=O)c1ccnc(C)c1Cl,Amidation,,
C104518,1,,,,Cc1nccc(C(=O)O)c1Cl,CC(=O)c1cc(Br)c(F)cc1N,CC(=O)c1cc(Br)c(F)cc1NC(=O)c1ccnc(C)c1Cl,Amidation,,
C104524,1,,,,Cc1nccc(C(=O)O)c1Cl,Cc1cc(N)c(F)cc1[N+](=O)[O-],Cc1cc(NC(=O)c2ccnc(C)c2Cl)c(F)cc1[N+](=O)[O-],Amidation,,
C104525,1,,,,Cc1nccc(C(=O)O)c1Cl,CC(=O)c1ccc(F)c(F)c1N,CC(=O)c1ccc(F)c(F)c1NC(=O)c1ccnc(C)c1Cl,Amidation,,
C165213,1,,,,O=C(O)c1c(F)ccc([N+](=O)[O-])c1C(F)(F)F,NCCCN1CCNC(=O)C1,O=C1CN(CCCNC(=O)c2c(F)ccc([N+](=O)[O-])c2C(F)(F)F)CCN1,Amidation,,
C104527,1,,,,Cc1cc(C(=O)O)c(Cl)cn1,CC(=O)c1cc(F)c(F)cc1N,CC(=O)c1cc(F)c(F)cc1NC(=O)c1cc(C)ncc1Cl,Amidation,,
C165230,1,,,,COc1cc(C(=O)O)c(C(F)(F)F)cc1OC,CC1C(=O)NCCN1CCN,COc1cc(C(=O)NCCN2CCNC(=O)C2C)c(C(F)(F)F)cc1OC,Amidation,,
C165232,1,,,,O=C1CN(C2CNC2)CCN1,COc1cc(C(=O)O)c(C(F)(F)F)cc1OC,COc1cc(C(=O)N2CC(N3CCNC(=O)C3)C2)c(C(F)(F)F)cc1OC,Amidation,,
C104547,1,,,,O=C(O)c1ccnc(Br)c1F,CC(=O)c1ccc(F)c(F)c1N,CC(=O)c1ccc(F)c(F)c1NC(=O)c1ccnc(Br)c1F,Amidation,,
C165248,1,,,,O=C1CN(C2CNC2)CCN1,O=C(O)c1c(C(F)(F)F)cccc1C(F)(F)F,O=C1CN(C2CN(C(=O)c3c(C(F)(F)F)cccc3C(F)(F)F)C2)CCN1,Amidation,,
C104564,1,,,,Cc1cc(C(=O)O)c(Cl)cn1,Cc1cc([N+](=O)[O-])c(F)cc1N,Cc1cc(C(=O)Nc2cc(F)c([N+](=O)[O-])cc2C)c(Cl)cn1,Amidation,,
C165268,1,,,,CC(C)(C)C(C(=O)O)n1cnnc1,COC(=O)c1ccc(C2(OC)CCCNC2)cc1,COC(=O)c1ccc(C2(OC)CCCN(C(=O)C(n3cnnc3)C(C)(C)C)C2)cc1,Amidation,,
C165270,1,,,,CC(C)(C)C(C(=O)O)n1cn[nH]c1=O,COC(=O)c1ccc(C2(OC)CCCNC2)cc1,COC(=O)c1ccc(C2(OC)CCCN(C(=O)C(n3cn[nH]c3=O)C(C)(C)C)C2)cc1,Amidation,,
C165273,1,,,,CC(C(=O)O)n1c(S)nnc1-c1cccs1,COC(=O)c1ccc(C2(O)CCCNC2)cc1,COC(=O)c1ccc(C2(O)CCCN(C(=O)C(C)n3c(S)nnc3-c3cccs3)C2)cc1,Amidation,,
C104591,1,,,,O=C(O)c1cc(F)ncc1I,COC(=O)c1ccc(F)cc1N,COC(=O)c1ccc(F)cc1NC(=O)c1cc(F)ncc1I,Amidation,,
C104603,1,,,,Cc1cnc(O)cc1C(=O)O,C#Cc1cc(Cl)c(F)c(F)c1N,C#Cc1cc(Cl)c(F)c(F)c1NC(=O)c1cc(O)ncc1C,Amidation,,
C104604,1,,,,O=C(O)c1c(Cl)cncc1Br,C#Cc1cc(Cl)c(F)c(F)c1N,C#Cc1cc(Cl)c(F)c(F)c1NC(=O)c1c(Cl)cncc1Br,Amidation,,
C104605,1,,,,O=C(O)c1c(Cl)cncc1Br,C#Cc1cc(C#N)c(F)cc1N,C#Cc1cc(C#N)c(F)cc1NC(=O)c1c(Cl)cncc1Br,Amidation,,
C104607,1,,,,O=C(O)c1c(Cl)cncc1Br,CC(=O)c1cc(Br)c(F)cc1N,CC(=O)c1cc(Br)c(F)cc1NC(=O)c1c(Cl)cncc1Br,Amidation,,
C104613,1,,,,O=C(O)c1c(Cl)cncc1Br,Cc1cc(N)c(F)cc1[N+](=O)[O-],Cc1cc(NC(=O)c2c(Cl)cncc2Br)c(F)cc1[N+](=O)[O-],Amidation,,
C104614,1,,,,O=C(O)c1c(Cl)cncc1Br,Cc1c(N)cc(F)cc1[N+](=O)[O-],Cc1c(NC(=O)c2c(Cl)cncc2Br)cc(F)cc1[N+](=O)[O-],Amidation,,
C104615,1,,,,O=C(O)c1c(Cl)cncc1Br,CC(=O)c1ccc(F)c(F)c1N,CC(=O)c1ccc(F)c(F)c1NC(=O)c1c(Cl)cncc1Br,Amidation,,
C104616,1,,,,O=C(O)c1c(Cl)cncc1Br,Nc1cc(F)cc2c1CNC2=O,O=C1NCc2c(NC(=O)c3c(Cl)cncc3Br)cc(F)cc21,Amidation,,
C104631,1,,,,O=C(O)c1c(Cl)cncc1Br,Cc1cc([N+](=O)[O-])c(F)cc1N,Cc1cc([N+](=O)[O-])c(F)cc1NC(=O)c1c(Cl)cncc1Br,Amidation,,
C104632,1,,,,O=C(O)c1c(Cl)cncc1Br,CC(=O)c1cc(F)c(F)cc1N,CC(=O)c1cc(F)c(F)cc1NC(=O)c1c(Cl)cncc1Br,Amidation,,
C104633,1,,,,O=C(O)c1cc(F)ncc1I,Nc1cc(F)ccc1C(F)(F)F,O=C(Nc1cc(F)ccc1C(F)(F)F)c1cc(F)ncc1I,Amidation,,
C104640,1,,,,O=C(O)c1cc(F)ncc1Cl,Nc1cc(F)ccc1C(F)(F)F,O=C(Nc1cc(F)ccc1C(F)(F)F)c1cc(F)ncc1Cl,Amidation,,
C104642,1,,,,O=C(O)c1cc(F)ncc1Cl,Cc1cc(N)c(F)cc1[N+](=O)[O-],Cc1cc(NC(=O)c2cc(F)ncc2Cl)c(F)cc1[N+](=O)[O-],Amidation,,
C104649,1,,,,O=C(O)c1cc(F)ncc1Cl,CC(=O)c1cc(F)c(F)cc1N,CC(=O)c1cc(F)c(F)cc1NC(=O)c1cc(F)ncc1Cl,Amidation,,
C104651,1,,,,O=C(O)c1cc(F)ncc1Cl,C#Cc1cc(Cl)c(F)c(F)c1N,C#Cc1cc(Cl)c(F)c(F)c1NC(=O)c1cc(F)ncc1Cl,Amidation,,
C104654,1,,,,O=C(O)c1cc(F)ncc1Cl,CC(=O)c1cc(Br)c(F)cc1N,CC(=O)c1cc(Br)c(F)cc1NC(=O)c1cc(F)ncc1Cl,Amidation,,
C104661,1,,,,O=C(O)c1cc(F)ncc1I,Cc1cc(N)c(F)cc1[N+](=O)[O-],Cc1cc(NC(=O)c2cc(F)ncc2I)c(F)cc1[N+](=O)[O-],Amidation,,
C104662,1,,,,O=C(O)c1cc(F)ncc1I,Cc1c(N)cc(F)cc1[N+](=O)[O-],Cc1c(NC(=O)c2cc(F)ncc2I)cc(F)cc1[N+](=O)[O-],Amidation,,
C104663,1,,,,O=C(O)c1cc(F)ncc1I,CC(=O)c1ccc(F)c(F)c1N,CC(=O)c1ccc(F)c(F)c1NC(=O)c1cc(F)ncc1I,Amidation,,
C104675,1,,,,O=C(O)c1cc(F)ncc1I,Cc1cc([N+](=O)[O-])c(F)cc1N,Cc1cc([N+](=O)[O-])c(F)cc1NC(=O)c1cc(F)ncc1I,Amidation,,
C104677,1,,,,O=C(O)c1cc(F)ncc1I,CC(=O)c1cc(F)c(F)cc1N,CC(=O)c1cc(F)c(F)cc1NC(=O)c1cc(F)ncc1I,Amidation,,
C104679,1,,,,O=C(O)c1cc(F)ncc1I,C#Cc1cc(Cl)c(F)c(F)c1N,C#Cc1cc(Cl)c(F)c(F)c1NC(=O)c1cc(F)ncc1I,Amidation,,
C104680,1,,,,O=C(O)c1cc(F)ncc1I,C#Cc1cc(C#N)c(F)cc1N,C#Cc1cc(C#N)c(F)cc1NC(=O)c1cc(F)ncc1I,Amidation,,
C104682,1,,,,O=C(O)c1cc(F)ncc1I,CC(=O)c1cc(Br)c(F)cc1N,CC(=O)c1cc(Br)c(F)cc1NC(=O)c1cc(F)ncc1I,Amidation,,
C104754,1,,,,O=C(O)c1ccnc(Cl)c1O,CC(=O)c1ccc(F)c(F)c1N,CC(=O)c1ccc(F)c(F)c1NC(=O)c1ccnc(Cl)c1O,Amidation,,
C104762,1,,,,O=C(O)c1ccnc(Cl)c1O,C#Cc1cc(Cl)c(F)c(F)c1N,C#Cc1cc(Cl)c(F)c(F)c1NC(=O)c1ccnc(Cl)c1O,Amidation,,
C104763,1,,,,O=C(O)c1ccnc(Cl)c1O,C#Cc1cc(C#N)c(F)cc1N,C#Cc1cc(C#N)c(F)cc1NC(=O)c1ccnc(Cl)c1O,Amidation,,
C104765,1,,,,O=C(O)c1ccnc(Cl)c1O,CC(=O)c1cc(Br)c(F)cc1N,CC(=O)c1cc(Br)c(F)cc1NC(=O)c1ccnc(Cl)c1O,Amidation,,
C104776,1,,,,Cc1cc(C(=O)O)c(C)cn1,C#Cc1cc(Cl)c(F)c(F)c1N,C#Cc1cc(Cl)c(F)c(F)c1NC(=O)c1cc(C)ncc1C,Amidation,,
C104806,1,,,,O=C(O)c1ccnc(Br)c1F,CC(=O)c1cc(F)c(F)cc1N,CC(=O)c1cc(F)c(F)cc1NC(=O)c1ccnc(Br)c1F,Amidation,,
C104808,1,,,,O=C(O)c1ccnc(Br)c1F,C#Cc1cc(Cl)c(F)c(F)c1N,C#Cc1cc(Cl)c(F)c(F)c1NC(=O)c1ccnc(Br)c1F,Amidation,,
C104809,1,,,,O=C(O)c1ccnc(Br)c1F,C#Cc1cc(C#N)c(F)cc1N,C#Cc1cc(C#N)c(F)cc1NC(=O)c1ccnc(Br)c1F,Amidation,,
C104811,1,,,,O=C(O)c1ccnc(Br)c1F,CC(=O)c1cc(Br)c(F)cc1N,CC(=O)c1cc(Br)c(F)cc1NC(=O)c1ccnc(Br)c1F,Amidation,,
C104823,1,,,,Cc1c(C(=O)O)ccnc1Cl,CC(=O)c1cc(Br)c(F)cc1N,CC(=O)c1cc(Br)c(F)cc1NC(=O)c1ccnc(Cl)c1C,Amidation,,
C104829,1,,,,Cc1c(C(=O)O)ccnc1Cl,Cc1cc(N)c(F)cc1[N+](=O)[O-],Cc1cc(NC(=O)c2ccnc(Cl)c2C)c(F)cc1[N+](=O)[O-],Amidation,,
C104830,1,,,,Cc1c(C(=O)O)ccnc1Cl,Cc1c(N)cc(F)cc1[N+](=O)[O-],Cc1c(NC(=O)c2ccnc(Cl)c2C)cc(F)cc1[N+](=O)[O-],Amidation,,
C104831,1,,,,Cc1c(C(=O)O)ccnc1Cl,CC(=O)c1ccc(F)c(F)c1N,CC(=O)c1ccc(F)c(F)c1NC(=O)c1ccnc(Cl)c1C,Amidation,,
C104832,1,,,,Cc1c(C(=O)O)ccnc1Cl,C#Cc1cc(C#N)c(F)cc1N,C#Cc1cc(C#N)c(F)cc1NC(=O)c1ccnc(Cl)c1C,Amidation,,
C104833,1,,,,Cc1c(C(=O)O)ccnc1Cl,C#Cc1cc(Cl)c(F)c(F)c1N,C#Cc1cc(Cl)c(F)c(F)c1NC(=O)c1ccnc(Cl)c1C,Amidation,,
C104834,1,,,,Cc1c(C(=O)O)ccnc1Cl,Cc1cc([N+](=O)[O-])c(F)cc1N,Cc1cc([N+](=O)[O-])c(F)cc1NC(=O)c1ccnc(Cl)c1C,Amidation,,
C104840,1,,,,O=C(O)c1ccnc(O)c1F,C#Cc1cc(Cl)c(F)c(F)c1N,C#Cc1cc(Cl)c(F)c(F)c1NC(=O)c1ccnc(O)c1F,Amidation,,
C104858,1,,,,Cc1c(C(=O)O)ccnc1Cl,NC1C(=O)Nc2cc(F)ccc21,Cc1c(C(=O)NC2C(=O)Nc3cc(F)ccc32)ccnc1Cl,Amidation,,
C104868,1,,,,O=C(O)c1cc(Br)ncc1F,C#Cc1cc(Cl)c(F)c(F)c1N,C#Cc1cc(Cl)c(F)c(F)c1NC(=O)c1cc(Br)ncc1F,Amidation,,
C104871,1,,,,O=C(O)c1cc(Br)ncc1F,CC(=O)c1cc(Br)c(F)cc1N,CC(=O)c1cc(Br)c(F)cc1NC(=O)c1cc(Br)ncc1F,Amidation,,
C104877,1,,,,O=C(O)c1cc(Br)ncc1F,Cc1cc(N)c(F)cc1[N+](=O)[O-],Cc1cc(NC(=O)c2cc(Br)ncc2F)c(F)cc1[N+](=O)[O-],Amidation,,
C104878,1,,,,O=C(O)c1cc(Br)ncc1F,Cc1c(N)cc(F)cc1[N+](=O)[O-],Cc1c(NC(=O)c2cc(Br)ncc2F)cc(F)cc1[N+](=O)[O-],Amidation,,
C104879,1,,,,O=C(O)c1cc(Br)ncc1F,CC(=O)c1ccc(F)c(F)c1N,CC(=O)c1ccc(F)c(F)c1NC(=O)c1cc(Br)ncc1F,Amidation,,
C104881,1,,,,O=C(O)c1cc(Br)ncc1F,CC(=O)c1cc(F)c(F)cc1N,CC(=O)c1cc(F)c(F)cc1NC(=O)c1cc(Br)ncc1F,Amidation,,
C104902,1,,,,O=C(O)c1cc(Br)ncc1F,Nc1cc(F)ccc1C(F)(F)F,O=C(Nc1cc(F)ccc1C(F)(F)F)c1cc(Br)ncc1F,Amidation,,
C104981,1,,,,Cc1cncc(C)c1C(=O)O,C#Cc1cc(Cl)c(F)c(F)c1N,C#Cc1cc(Cl)c(F)c(F)c1NC(=O)c1c(C)cncc1C,Amidation,,
C104993,1,,,,Cc1cc(C(=O)O)cc(Br)n1,C#Cc1cc(Cl)c(F)c(F)c1N,C#Cc1cc(Cl)c(F)c(F)c1NC(=O)c1cc(C)nc(Br)c1,Amidation,,
C105000,1,,,,O=C(O)c1cc(Cl)ncc1F,Cc1c(N)cc(F)cc1[N+](=O)[O-],Cc1c(NC(=O)c2cc(Cl)ncc2F)cc(F)cc1[N+](=O)[O-],Amidation,,
C105001,1,,,,O=C(O)c1cc(Cl)ncc1F,CC(=O)c1ccc(F)c(F)c1N,CC(=O)c1ccc(F)c(F)c1NC(=O)c1cc(Cl)ncc1F,Amidation,,
C105005,1,,,,O=C(O)c1cc(Cl)ncc1F,Nc1cc(F)ccc1C(F)(F)F,O=C(Nc1cc(F)ccc1C(F)(F)F)c1cc(Cl)ncc1F,Amidation,,
C105025,1,,,,O=C(O)c1cc(Cl)ncc1F,Cc1cc(N)c(F)cc1[N+](=O)[O-],Cc1cc(NC(=O)c2cc(Cl)ncc2F)c(F)cc1[N+](=O)[O-],Amidation,,
C105032,1,,,,Cc1cc(C(=O)O)cc(Br)n1,CC(=O)c1ccc(F)c(F)c1N,CC(=O)c1ccc(F)c(F)c1NC(=O)c1cc(C)nc(Br)c1,Amidation,,
C105038,1,,,,O=C(O)c1cc(Cl)ncc1O,C#Cc1cc(Cl)c(F)c(F)c1N,C#Cc1cc(Cl)c(F)c(F)c1NC(=O)c1cc(Cl)ncc1O,Amidation,,
C105041,1,,,,O=C(O)c1cc(Cl)ncc1O,CC(=O)c1cc(Br)c(F)cc1N,CC(=O)c1cc(Br)c(F)cc1NC(=O)c1cc(Cl)ncc1O,Amidation,,
C105047,1,,,,O=C(O)c1cc(Cl)ncc1O,Cc1cc(N)c(F)cc1[N+](=O)[O-],Cc1cc(NC(=O)c2cc(Cl)ncc2O)c(F)cc1[N+](=O)[O-],Amidation,,
C105053,1,,,,O=C(O)c1c(Cl)cncc1Br,Nc1cc(F)ccc1C(F)(F)F,O=C(Nc1cc(F)ccc1C(F)(F)F)c1c(Cl)cncc1Br,Amidation,,
C105055,1,,,,O=C(O)c1c(Cl)cncc1Br,COC(=O)c1ccc(F)cc1N,COC(=O)c1ccc(F)cc1NC(=O)c1c(Cl)cncc1Br,Amidation,,
C105070,1,,,,O=C(O)c1cc(Cl)ncc1F,C#Cc1cc(Cl)c(F)c(F)c1N,C#Cc1cc(Cl)c(F)c(F)c1NC(=O)c1cc(Cl)ncc1F,Amidation,,
C105071,1,,,,O=C(O)c1cc(Cl)ncc1F,C#Cc1cc(C#N)c(F)cc1N,C#Cc1cc(C#N)c(F)cc1NC(=O)c1cc(Cl)ncc1F,Amidation,,
C105073,1,,,,O=C(O)c1cc(Cl)ncc1F,CC(=O)c1cc(Br)c(F)cc1N,CC(=O)c1cc(Br)c(F)cc1NC(=O)c1cc(Cl)ncc1F,Amidation,,
C105130,1,,,,O=C(O)c1ccnc(F)c1Cl,C#Cc1cc(Cl)c(F)c(F)c1N,C#Cc1cc(Cl)c(F)c(F)c1NC(=O)c1ccnc(F)c1Cl,Amidation,,
C105133,1,,,,O=C(O)c1ccnc(F)c1Cl,CC(=O)c1cc(Br)c(F)cc1N,CC(=O)c1cc(Br)c(F)cc1NC(=O)c1ccnc(F)c1Cl,Amidation,,
C105139,1,,,,O=C(O)c1ccnc(F)c1Cl,Cc1cc(N)c(F)cc1[N+](=O)[O-],Cc1cc(NC(=O)c2ccnc(F)c2Cl)c(F)cc1[N+](=O)[O-],Amidation,,
C105148,1,,,,O=C(O)c1ccnc(Br)c1Cl,Nc1cc(F)ccc1C(F)(F)F,O=C(Nc1cc(F)ccc1C(F)(F)F)c1ccnc(Br)c1Cl,Amidation,,
C105155,1,,,,O=C(O)c1ccnc(Br)c1Cl,C#Cc1cc(Cl)c(F)c(F)c1N,C#Cc1cc(Cl)c(F)c(F)c1NC(=O)c1ccnc(Br)c1Cl,Amidation,,
C105156,1,,,,O=C(O)c1ccnc(Br)c1Cl,C#Cc1cc(C#N)c(F)cc1N,C#Cc1cc(C#N)c(F)cc1NC(=O)c1ccnc(Br)c1Cl,Amidation,,
C105158,1,,,,O=C(O)c1ccnc(Br)c1Cl,CC(=O)c1cc(Br)c(F)cc1N,CC(=O)c1cc(Br)c(F)cc1NC(=O)c1ccnc(Br)c1Cl,Amidation,,
C105164,1,,,,O=C(O)c1ccnc(Br)c1Cl,Cc1cc(N)c(F)cc1[N+](=O)[O-],Cc1cc(NC(=O)c2ccnc(Br)c2Cl)c(F)cc1[N+](=O)[O-],Amidation,,
C105165,1,,,,O=C(O)c1ccnc(Br)c1Cl,Cc1c(N)cc(F)cc1[N+](=O)[O-],Cc1c(NC(=O)c2ccnc(Br)c2Cl)cc(F)cc1[N+](=O)[O-],Amidation,,
C105166,1,,,,O=C(O)c1ccnc(Br)c1Cl,CC(=O)c1ccc(F)c(F)c1N,CC(=O)c1ccc(F)c(F)c1NC(=O)c1ccnc(Br)c1Cl,Amidation,,
C105175,1,,,,O=C(O)c1cc(Cl)ncc1Br,COC(=O)c1ccc(F)cc1N,COC(=O)c1ccc(F)cc1NC(=O)c1cc(Cl)ncc1Br,Amidation,,
C105179,1,,,,O=C(O)c1cc(Cl)ncc1Br,CC(=O)c1ccc(F)c(F)c1N,CC(=O)c1ccc(F)c(F)c1NC(=O)c1cc(Cl)ncc1Br,Amidation,,
C105180,1,,,,O=C(O)c1cc(Cl)ncc1Br,Cc1cc(N)c(F)cc1[N+](=O)[O-],Cc1cc(NC(=O)c2cc(Cl)ncc2Br)c(F)cc1[N+](=O)[O-],Amidation,,
C105181,1,,,,O=C(O)c1cc(Cl)ncc1Br,Cc1cc([N+](=O)[O-])c(F)cc1N,Cc1cc([N+](=O)[O-])c(F)cc1NC(=O)c1cc(Cl)ncc1Br,Amidation,,
C105183,1,,,,O=C(O)c1cc(Cl)ncc1Br,CC(=O)c1cc(F)c(F)cc1N,CC(=O)c1cc(F)c(F)cc1NC(=O)c1cc(Cl)ncc1Br,Amidation,,
C105185,1,,,,O=C(O)c1cc(Cl)ncc1Br,C#Cc1cc(Cl)c(F)c(F)c1N,C#Cc1cc(Cl)c(F)c(F)c1NC(=O)c1cc(Cl)ncc1Br,Amidation,,
C105186,1,,,,O=C(O)c1cc(Cl)ncc1Br,C#Cc1cc(C#N)c(F)cc1N,C#Cc1cc(C#N)c(F)cc1NC(=O)c1cc(Cl)ncc1Br,Amidation,,
C105188,1,,,,O=C(O)c1cc(Cl)ncc1Br,CC(=O)c1cc(Br)c(F)cc1N,CC(=O)c1cc(Br)c(F)cc1NC(=O)c1cc(Cl)ncc1Br,Amidation,,
C105194,1,,,,O=C(O)c1cc(Cl)ncc1Br,Cc1c(N)cc(F)cc1[N+](=O)[O-],Cc1c(NC(=O)c2cc(Cl)ncc2Br)cc(F)cc1[N+](=O)[O-],Amidation,,
C105207,1,,,,O=C(O)c1cc(O)ncc1Br,CC(=O)c1cc(F)c(F)cc1N,CC(=O)c1cc(F)c(F)cc1NC(=O)c1cc(O)ncc1Br,Amidation,,
C105217,1,,,,O=C(O)c1cc(O)ncc1Br,C#Cc1cc(Cl)c(F)c(F)c1N,C#Cc1cc(Cl)c(F)c(F)c1NC(=O)c1cc(O)ncc1Br,Amidation,,
C105232,1,,,,O=C(O)c1ccnc(Br)c1Cl,Cc1cc([N+](=O)[O-])c(F)cc1N,Cc1cc([N+](=O)[O-])c(F)cc1NC(=O)c1ccnc(Br)c1Cl,Amidation,,
C105233,1,,,,O=C(O)c1ccnc(Br)c1Cl,CC(=O)c1cc(F)c(F)cc1N,CC(=O)c1cc(F)c(F)cc1NC(=O)c1ccnc(Br)c1Cl,Amidation,,
C105234,1,,,,O=C(O)c1cc(O)ncc1Br,CC(=O)c1cc(Br)c(F)cc1N,CC(=O)c1cc(Br)c(F)cc1NC(=O)c1cc(O)ncc1Br,Amidation,,
C105242,1,,,,O=C(O)c1cc(O)ncc1Br,CC(=O)c1ccc(F)c(F)c1N,CC(=O)c1ccc(F)c(F)c1NC(=O)c1cc(O)ncc1Br,Amidation,,
C105246,1,,,,O=C(O)c1c(F)cncc1Br,CC(=O)c1cc(Br)c(F)cc1N,CC(=O)c1cc(Br)c(F)cc1NC(=O)c1c(F)cncc1Br,Amidation,,
C105252,1,,,,O=C(O)c1c(F)cncc1Br,Cc1c(N)cc(F)cc1[N+](=O)[O-],Cc1c(NC(=O)c2c(F)cncc2Br)cc(F)cc1[N+](=O)[O-],Amidation,,
C105253,1,,,,O=C(O)c1c(F)cncc1Br,CC(=O)c1ccc(F)c(F)c1N,CC(=O)c1ccc(F)c(F)c1NC(=O)c1c(F)cncc1Br,Amidation,,
C105256,1,,,,O=C(O)c1c(F)cncc1Br,C#Cc1cc(C#N)c(F)cc1N,C#Cc1cc(C#N)c(F)cc1NC(=O)c1c(F)cncc1Br,Amidation,,
C105257,1,,,,O=C(O)c1c(F)cncc1Br,C#Cc1cc(Cl)c(F)c(F)c1N,C#Cc1cc(Cl)c(F)c(F)c1NC(=O)c1c(F)cncc1Br,Amidation,,
C105259,1,,,,O=C(O)c1ccnc(Cl)c1Cl,COC(=O)c1ccc(F)cc1N,COC(=O)c1ccc(F)cc1NC(=O)c1ccnc(Cl)c1Cl,Amidation,,
C105267,1,,,,O=C(O)c1c(F)cncc1Br,Cc1cc([N+](=O)[O-])c(F)cc1N,Cc1cc([N+](=O)[O-])c(F)cc1NC(=O)c1c(F)cncc1Br,Amidation,,
C105269,1,,,,O=C(O)c1c(F)cncc1Br,CC(=O)c1cc(F)c(F)cc1N,CC(=O)c1cc(F)c(F)cc1NC(=O)c1c(F)cncc1Br,Amidation,,
C105270,1,,,,O=C(O)c1c(F)cncc1Br,Nc1cc(F)cc2c1CNC2=O,O=C1NCc2c(NC(=O)c3c(F)cncc3Br)cc(F)cc21,Amidation,,
C105272,1,,,,O=C(O)c1ccnc(Cl)c1Br,Nc1cc(F)cc2c1CNC2=O,O=C(Nc1cc(F)cc2c1CNC2=O)c1ccnc(Cl)c1Br,Amidation,,
C105282,1,,,,O=C(O)c1ccnc(Cl)c1Br,Cc1cc(N)c(F)cc1[N+](=O)[O-],Cc1cc(NC(=O)c2ccnc(Cl)c2Br)c(F)cc1[N+](=O)[O-],Amidation,,
C105283,1,,,,O=C(O)c1ccnc(Cl)c1Br,Cc1c(N)cc(F)cc1[N+](=O)[O-],Cc1c(NC(=O)c2ccnc(Cl)c2Br)cc(F)cc1[N+](=O)[O-],Amidation,,
C105284,1,,,,O=C(O)c1ccnc(Cl)c1Br,CC(=O)c1ccc(F)c(F)c1N,CC(=O)c1ccc(F)c(F)c1NC(=O)c1ccnc(Cl)c1Br,Amidation,,
C105285,1,,,,O=C(O)c1ccnc(Cl)c1Cl,Nc1cc(F)ccc1C(F)(F)F,O=C(Nc1cc(F)ccc1C(F)(F)F)c1ccnc(Cl)c1Cl,Amidation,,
C105286,1,,,,O=C(O)c1ccnc(Cl)c1Br,CC(=O)c1cc(F)c(F)cc1N,CC(=O)c1cc(F)c(F)cc1NC(=O)c1ccnc(Cl)c1Br,Amidation,,
C105287,1,,,,O=C(O)c1ccnc(Cl)c1Br,Cc1cc([N+](=O)[O-])c(F)cc1N,Cc1cc([N+](=O)[O-])c(F)cc1NC(=O)c1ccnc(Cl)c1Br,Amidation,,
C105290,1,,,,O=C(O)c1c(F)cncc1Br,Nc1cc(F)ccc1C(F)(F)F,O=C(Nc1cc(F)ccc1C(F)(F)F)c1c(F)cncc1Br,Amidation,,
C105303,1,,,,O=C(O)c1cc(Cl)nc(Br)c1,Cc1cc(N)c(F)cc1[N+](=O)[O-],Cc1cc(NC(=O)c2cc(Cl)nc(Br)c2)c(F)cc1[N+](=O)[O-],Amidation,,
C105305,1,,,,O=C(O)c1cc(Cl)nc(Br)c1,CC(=O)c1ccc(F)c(F)c1N,CC(=O)c1ccc(F)c(F)c1NC(=O)c1cc(Cl)nc(Br)c1,Amidation,,
C105309,1,,,,O=C(O)c1cc(Cl)nc(Br)c1,Nc1cc(F)ccc1C(F)(F)F,O=C(Nc1cc(F)ccc1C(F)(F)F)c1cc(Cl)nc(Br)c1,Amidation,,
C105316,1,,,,O=C(O)c1cc(Cl)nc(Br)c1,Cc1cc([N+](=O)[O-])c(F)cc1N,Cc1cc([N+](=O)[O-])c(F)cc1NC(=O)c1cc(Cl)nc(Br)c1,Amidation,,
C105318,1,,,,O=C(O)c1cc(Cl)nc(Br)c1,CC(=O)c1cc(F)c(F)cc1N,CC(=O)c1cc(F)c(F)cc1NC(=O)c1cc(Cl)nc(Br)c1,Amidation,,
C105320,1,,,,O=C(O)c1cc(Cl)nc(Br)c1,C#Cc1cc(Cl)c(F)c(F)c1N,C#Cc1cc(Cl)c(F)c(F)c1NC(=O)c1cc(Cl)nc(Br)c1,Amidation,,
C105321,1,,,,O=C(O)c1cc(Cl)nc(Br)c1,C#Cc1cc(C#N)c(F)cc1N,C#Cc1cc(C#N)c(F)cc1NC(=O)c1cc(Cl)nc(Br)c1,Amidation,,
C105323,1,,,,O=C(O)c1cc(Cl)nc(Br)c1,CC(=O)c1cc(Br)c(F)cc1N,CC(=O)c1cc(Br)c(F)cc1NC(=O)c1cc(Cl)nc(Br)c1,Amidation,,
C105332,1,,,,O=C(O)c1ccnc(Cl)c1Cl,Cc1cc(N)c(F)cc1[N+](=O)[O-],Cc1cc(NC(=O)c2ccnc(Cl)c2Cl)c(F)cc1[N+](=O)[O-],Amidation,,
C105333,1,,,,O=C(O)c1ccnc(Cl)c1Cl,Cc1c(N)cc(F)cc1[N+](=O)[O-],Cc1c(NC(=O)c2ccnc(Cl)c2Cl)cc(F)cc1[N+](=O)[O-],Amidation,,
C105334,1,,,,O=C(O)c1ccnc(Cl)c1Cl,CC(=O)c1ccc(F)c(F)c1N,CC(=O)c1ccc(F)c(F)c1NC(=O)c1ccnc(Cl)c1Cl,Amidation,,
C105339,1,,,,O=C(O)c1ccnc(Cl)c1Cl,CC(=O)c1cc(Br)c(F)cc1N,CC(=O)c1cc(Br)c(F)cc1NC(=O)c1ccnc(Cl)c1Cl,Amidation,,
C105345,1,,,,O=C(O)c1ccnc(Cl)c1Cl,Cc1cc([N+](=O)[O-])c(F)cc1N,Cc1cc([N+](=O)[O-])c(F)cc1NC(=O)c1ccnc(Cl)c1Cl,Amidation,,
C105348,1,,,,O=C(O)c1ccnc(Cl)c1Cl,Nc1cc(F)cc2c1CNC2=O,O=C(Nc1cc(F)cc2c1CNC2=O)c1ccnc(Cl)c1Cl,Amidation,,
C105349,1,,,,O=C(O)c1ccnc(Cl)c1Cl,C#Cc1cc(Cl)c(F)c(F)c1N,C#Cc1cc(Cl)c(F)c(F)c1NC(=O)c1ccnc(Cl)c1Cl,Amidation,,
C105350,1,,,,O=C(O)c1ccnc(Cl)c1Cl,C#Cc1cc(C#N)c(F)cc1N,C#Cc1cc(C#N)c(F)cc1NC(=O)c1ccnc(Cl)c1Cl,Amidation,,
C105389,1,,,,CCc1cnccc1C(=O)O,CC(=O)c1ccc(F)c(F)c1N,CCc1cnccc1C(=O)Nc1c(C(C)=O)ccc(F)c1F,Amidation,,
C105391,1,,,,CCc1cnccc1C(=O)O,CC(=O)c1cc(Br)c(F)cc1N,CCc1cnccc1C(=O)Nc1cc(F)c(Br)cc1C(C)=O,Amidation,,
C105392,1,,,,CCc1cnccc1C(=O)O,C#Cc1cc(C#N)c(F)cc1N,C#Cc1cc(C#N)c(F)cc1NC(=O)c1ccncc1CC,Amidation,,
C105405,1,,,,CCc1cnccc1C(=O)O,C#Cc1cc(Cl)c(F)c(F)c1N,C#Cc1cc(Cl)c(F)c(F)c1NC(=O)c1ccncc1CC,Amidation,,
C157531,1,,,,Cn1cc(C=O)cn1,FC(F)(F)c1cc(Cl)cc(N2CCNCC2)c1,Cn1cc(CN2CCN(c3cc(Cl)cc(C(F)(F)F)c3)CC2)cn1,Reductive_amination,,
C157532,1,,,,Cn1cc(C=O)cn1,FC(F)(F)c1cc(N2CCNCC2)ccc1Cl,Cn1cc(CN2CCN(c3ccc(Cl)c(C(F)(F)F)c3)CC2)cn1,Reductive_amination,,
C157533,1,,,,Cn1cc(C=O)c(Br)n1,FC(F)(F)c1cc(N2CCNCC2)ccc1Cl,Cn1cc(CN2CCN(c3ccc(Cl)c(C(F)(F)F)c3)CC2)c(Br)n1,Reductive_amination,,
C157534,1,,,,Cn1ncc(C=O)c1Br,FC(F)(F)c1cc(Cl)cc(N2CCNCC2)c1,Cn1ncc(CN2CCN(c3cc(Cl)cc(C(F)(F)F)c3)CC2)c1Br,Reductive_amination,,
C157535,1,,,,Cn1ncc(C=O)c1Br,FC(F)(F)c1cc(N2CCNCC2)ccc1Cl,Cn1ncc(CN2CCN(c3ccc(Cl)c(C(F)(F)F)c3)CC2)c1Br,Reductive_amination,,
C157536,1,,,,Cn1cc(C(=O)Cl)cn1,FC(F)(F)c1cc(Cl)cc(N2CCNCC2)c1,Cn1cc(C(Cl)N2CCN(c3cc(Cl)cc(C(F)(F)F)c3)CC2)cn1,Reductive_amination,,
C157537,1,,,,Cn1cc(C(=O)Cl)cn1,FC(F)(F)c1cc(N2CCNCC2)ccc1Cl,Cn1cc(C(Cl)N2CCN(c3ccc(Cl)c(C(F)(F)F)c3)CC2)cn1,Reductive_amination,,
C157538,1,,,,Cn1cc(C=O)c(Br)n1,FC(F)(F)c1cc(Cl)cc(N2CCNCC2)c1,Cn1cc(CN2CCN(c3cc(Cl)cc(C(F)(F)F)c3)CC2)c(Br)n1,Reductive_amination,,
C157539,1,,,,C=Cn1cc(C=O)cn1,FC(F)(F)c1cc(Cl)cc(N2CCNCC2)c1,C=Cn1cc(CN2CCN(c3cc(Cl)cc(C(F)(F)F)c3)CC2)cn1,Reductive_amination,,
C157540,1,,,,CCn1cc(C=O)cn1,FC(F)(F)c1cc(Cl)cc(N2CCNCC2)c1,CCn1cc(CN2CCN(c3cc(Cl)cc(C(F)(F)F)c3)CC2)cn1,Reductive_amination,,
C157541,1,,,,CCn1cc(C=O)cn1,FC(F)(F)c1cc(N2CCNCC2)ccc1Cl,CCn1cc(CN2CCN(c3ccc(Cl)c(C(F)(F)F)c3)CC2)cn1,Reductive_amination,,
C157542,1,,,,Cc1c(C=O)cnn1C,FC(F)(F)c1cc(Cl)cc(N2CCNCC2)c1,Cc1c(CN2CCN(c3cc(Cl)cc(C(F)(F)F)c3)CC2)cnn1C,Reductive_amination,,
C157543,1,,,,Cc1c(C=O)cnn1C,FC(F)(F)c1cc(N2CCNCC2)ccc1Cl,Cc1c(CN2CCN(c3ccc(Cl)c(C(F)(F)F)c3)CC2)cnn1C,Reductive_amination,,
C157544,1,,,,Cn1ncc(C=O)c1Cl,FC(F)(F)c1cc(Cl)cc(N2CCNCC2)c1,Cn1ncc(CN2CCN(c3cc(Cl)cc(C(F)(F)F)c3)CC2)c1Cl,Reductive_amination,,
C157545,1,,,,Cn1ncc(C=O)c1Cl,FC(F)(F)c1cc(N2CCNCC2)ccc1Cl,Cn1ncc(CN2CCN(c3ccc(Cl)c(C(F)(F)F)c3)CC2)c1Cl,Reductive_amination,,
C157546,1,,,,Cn1cc(C=O)c(O)n1,FC(F)(F)c1cc(Cl)cc(N2CCNCC2)c1,Cn1cc(CN2CCN(c3cc(Cl)cc(C(F)(F)F)c3)CC2)c(O)n1,Reductive_amination,,
C157547,1,,,,Cn1cc(C=O)c(O)n1,FC(F)(F)c1cc(N2CCNCC2)ccc1Cl,Cn1cc(CN2CCN(c3ccc(Cl)c(C(F)(F)F)c3)CC2)c(O)n1,Reductive_amination,,
C157548,1,,,,C=Cn1cc(C=O)cn1,FC(F)(F)c1cc(N2CCNCC2)ccc1Cl,C=Cn1cc(CN2CCN(c3ccc(Cl)c(C(F)(F)F)c3)CC2)cn1,Reductive_amination,,
C157549,1,,,,Cn1cc(C=O)c(I)n1,FC(F)(F)c1cc(N2CCNCC2)ccc1Cl,Cn1cc(CN2CCN(c3ccc(Cl)c(C(F)(F)F)c3)CC2)c(I)n1,Reductive_amination,,
C157550,1,,,,Cn1cc(C(=O)O)cn1,FC(F)(F)c1cc(Cl)cc(N2CCNCC2)c1,Cn1cc(C(O)N2CCN(c3cc(Cl)cc(C(F)(F)F)c3)CC2)cn1,Reductive_amination,,
C157551,1,,,,Cn1cc(C=O)c(F)n1,FC(F)(F)c1cc(Cl)cc(N2CCNCC2)c1,Cn1cc(CN2CCN(c3cc(Cl)cc(C(F)(F)F)c3)CC2)c(F)n1,Reductive_amination,,
C157552,1,,,,Cn1cc(C=O)c(F)n1,FC(F)(F)c1cc(N2CCNCC2)ccc1Cl,Cn1cc(CN2CCN(c3ccc(Cl)c(C(F)(F)F)c3)CC2)c(F)n1,Reductive_amination,,
C157553,1,,,,Cn1cc(C=O)c(Cl)n1,FC(F)(F)c1cc(Cl)cc(N2CCNCC2)c1,Cn1cc(CN2CCN(c3cc(Cl)cc(C(F)(F)F)c3)CC2)c(Cl)n1,Reductive_amination,,
C157554,1,,,,Cn1cc(C=O)c(Cl)n1,FC(F)(F)c1cc(N2CCNCC2)ccc1Cl,Cn1cc(CN2CCN(c3ccc(Cl)c(C(F)(F)F)c3)CC2)c(Cl)n1,Reductive_amination,,
C157555,1,,,,Cn1cc(C(=O)O)cn1,FC(F)(F)c1cc(N2CCNCC2)ccc1Cl,Cn1cc(C(O)N2CCN(c3ccc(Cl)c(C(F)(F)F)c3)CC2)cn1,Reductive_amination,,
C157556,1,,,,Cn1cc(C=O)c(I)n1,FC(F)(F)c1cc(Cl)cc(N2CCNCC2)c1,Cn1cc(CN2CCN(c3cc(Cl)cc(C(F)(F)F)c3)CC2)c(I)n1,Reductive_amination,,
C157557,1,,,,Cc1nn(C)cc1C=O,FC(F)(F)c1cc(N2CCNCC2)ccc1Cl,Cc1nn(C)cc1CN1CCN(c2ccc(Cl)c(C(F)(F)F)c2)CC1,Reductive_amination,,
C157558,1,,,,Cn1ncc(C=O)c1F,FC(F)(F)c1cc(Cl)cc(N2CCNCC2)c1,Cn1ncc(CN2CCN(c3cc(Cl)cc(C(F)(F)F)c3)CC2)c1F,Reductive_amination,,
C157559,1,,,,Cn1ncc(C=O)c1F,FC(F)(F)c1cc(N2CCNCC2)ccc1Cl,Cn1ncc(CN2CCN(c3ccc(Cl)c(C(F)(F)F)c3)CC2)c1F,Reductive_amination,,
C157560,1,,,,Cn1ncc(C=O)c1[O-],FC(F)(F)c1cc(Cl)cc(N2CCNCC2)c1,Cn1ncc(CN2CCN(c3cc(Cl)cc(C(F)(F)F)c3)CC2)c1[O-],Reductive_amination,,
C157561,1,,,,Cn1ncc(C=O)c1[O-],FC(F)(F)c1cc(N2CCNCC2)ccc1Cl,Cn1ncc(CN2CCN(c3ccc(Cl)c(C(F)(F)F)c3)CC2)c1[O-],Reductive_amination,,
C157562,1,,,,Cc1nn(C)cc1C=O,FC(F)(F)c1cc(Cl)cc(N2CCNCC2)c1,Cc1nn(C)cc1CN1CCN(c2cc(Cl)cc(C(F)(F)F)c2)CC1,Reductive_amination,,
C157564,1,,,,Cn1cc(C=O)cn1,N#Cc1cc(N2CCNCC2)cc(C(F)(F)F)c1,Cn1cc(CN2CCN(c3cc(C#N)cc(C(F)(F)F)c3)CC2)cn1,Reductive_amination,,
C157565,1,,,,Cn1cc(C=O)c(F)n1,CN1CCN(c2ccc(N)c(C(F)(F)F)c2)CC1,CN1CCN(c2ccc(NCc3cn(C)nc3F)c(C(F)(F)F)c2)CC1,Reductive_amination,,
C157566,1,,,,Cn1cc(C(=O)O)cn1,CN1CCN(c2ccc(N)c(C(F)(F)F)c2)CC1,CN1CCN(c2ccc(NC(O)c3cnn(C)c3)c(C(F)(F)F)c2)CC1,Reductive_amination,,
C157567,1,,,,Cn1cc(C(=O)O)cn1,N#Cc1cc(N2CCNCC2)cc(C(F)(F)F)c1,Cn1cc(C(O)N2CCN(c3cc(C#N)cc(C(F)(F)F)c3)CC2)cn1,Reductive_amination,,
C157568,1,,,,CCc1c(C=O)cnn1C,FC(F)(F)c1cc(Cl)cc(N2CCNCC2)c1,CCc1c(CN2CCN(c3cc(Cl)cc(C(F)(F)F)c3)CC2)cnn1C,Reductive_amination,,
C157569,1,,,,CCc1c(C=O)cnn1C,FC(F)(F)c1cc(N2CCNCC2)ccc1Cl,CCc1c(CN2CCN(c3ccc(Cl)c(C(F)(F)F)c3)CC2)cnn1C,Reductive_amination,,
C157570,1,,,,Cn1ncc(C(=O)O)c1I,FC(F)(F)c1cc(N2CCNCC2)ccc1Cl,Cn1ncc(C(O)N2CCN(c3ccc(Cl)c(C(F)(F)F)c3)CC2)c1I,Reductive_amination,,
C157571,1,,,,Cn1ncc(C(=O)O)c1I,FC(F)(F)c1cc(Cl)cc(N2CCNCC2)c1,Cn1ncc(C(O)N2CCN(c3cc(Cl)cc(C(F)(F)F)c3)CC2)c1I,Reductive_amination,,
C105465,1,,,,O=C(O)c1cc(F)ncc1F,C#Cc1cc(Cl)c(F)c(F)c1N,C#Cc1cc(Cl)c(F)c(F)c1NC(=O)c1cc(F)ncc1F,Amidation,,
C157572,1,,,,Cc1c(C(=O)O)cnn1C,FC(F)(F)c1cc(N2CCNCC2)ccc1Cl,Cc1c(C(O)N2CCN(c3ccc(Cl)c(C(F)(F)F)c3)CC2)cnn1C,Reductive_amination,,
C157573,1,,,,Cc1c(C(=O)O)cnn1C,FC(F)(F)c1cc(Cl)cc(N2CCNCC2)c1,Cc1c(C(O)N2CCN(c3cc(Cl)cc(C(F)(F)F)c3)CC2)cnn1C,Reductive_amination,,
C157574,1,,,,Cn1cc(C=O)c(F)n1,N#Cc1cc(N2CCNCC2)cc(C(F)(F)F)c1,Cn1cc(CN2CCN(c3cc(C#N)cc(C(F)(F)F)c3)CC2)c(F)n1,Reductive_amination,,
C157575,1,,,,CCn1cc(C=O)c(C)n1,FC(F)(F)c1cc(N2CCNCC2)ccc1Cl,CCn1cc(CN2CCN(c3ccc(Cl)c(C(F)(F)F)c3)CC2)c(C)n1,Reductive_amination,,
C157576,1,,,,Cn1ncc(C(=O)O)c1Br,FC(F)(F)c1cc(Cl)cc(N2CCNCC2)c1,Cn1ncc(C(O)N2CCN(c3cc(Cl)cc(C(F)(F)F)c3)CC2)c1Br,Reductive_amination,,
C157577,1,,,,CCn1cc(C=O)c(C)n1,FC(F)(F)c1cc(Cl)cc(N2CCNCC2)c1,CCn1cc(CN2CCN(c3cc(Cl)cc(C(F)(F)F)c3)CC2)c(C)n1,Reductive_amination,,
C157579,1,,,,Cn1ncc(C=O)c1Br,N#Cc1cc(N2CCNCC2)cc(C(F)(F)F)c1,Cn1ncc(CN2CCN(c3cc(C#N)cc(C(F)(F)F)c3)CC2)c1Br,Reductive_amination,,
C157580,1,,,,Cn1cc(C(=O)O)c(Br)n1,FC(F)(F)c1cc(N2CCNCC2)ccc1Cl,Cn1cc(C(O)N2CCN(c3ccc(Cl)c(C(F)(F)F)c3)CC2)c(Br)n1,Reductive_amination,,
C157581,1,,,,Cn1cc(C(=O)O)c(Br)n1,FC(F)(F)c1cc(Cl)cc(N2CCNCC2)c1,Cn1cc(C(O)N2CCN(c3cc(Cl)cc(C(F)(F)F)c3)CC2)c(Br)n1,Reductive_amination,,
C157582,1,,,,Cn1cc(C(=O)Cl)cn1,CN1CCN(c2ccc(N)c(C(F)(F)F)c2)CC1,CN1CCN(c2ccc(NC(Cl)c3cnn(C)c3)c(C(F)(F)F)c2)CC1,Reductive_amination,,
C157583,1,,,,Cn1cc(C(=O)Cl)cn1,N#Cc1cc(N2CCNCC2)cc(C(F)(F)F)c1,Cn1cc(C(Cl)N2CCN(c3cc(C#N)cc(C(F)(F)F)c3)CC2)cn1,Reductive_amination,,
C157584,1,,,,Cn1ncc(C(=O)O)c1F,FC(F)(F)c1cc(N2CCNCC2)ccc1Cl,Cn1ncc(C(O)N2CCN(c3ccc(Cl)c(C(F)(F)F)c3)CC2)c1F,Reductive_amination,,
C157585,1,,,,Cn1ncc(C(=O)O)c1F,FC(F)(F)c1cc(Cl)cc(N2CCNCC2)c1,Cn1ncc(C(O)N2CCN(c3cc(Cl)cc(C(F)(F)F)c3)CC2)c1F,Reductive_amination,,
C157586,1,,,,CSc1c(C=O)cnn1C,FC(F)(F)c1cc(Cl)cc(N2CCNCC2)c1,CSc1c(CN2CCN(c3cc(Cl)cc(C(F)(F)F)c3)CC2)cnn1C,Reductive_amination,,
C157587,1,,,,O=Cc1cnn2c1CCC2,FC(F)(F)c1cc(N2CCNCC2)ccc1Cl,FC(F)(F)c1cc(N2CCN(Cc3cnn4c3CCC4)CC2)ccc1Cl,Reductive_amination,,
C157588,1,,,,O=Cc1cnn2c1CCC2,FC(F)(F)c1cc(Cl)cc(N2CCNCC2)c1,FC(F)(F)c1cc(Cl)cc(N2CCN(Cc3cnn4c3CCC4)CC2)c1,Reductive_amination,,
C157589,1,,,,Cn1ncc(C(=O)O)c1Br,FC(F)(F)c1cc(N2CCNCC2)ccc1Cl,Cn1ncc(C(O)N2CCN(c3ccc(Cl)c(C(F)(F)F)c3)CC2)c1Br,Reductive_amination,,
C157590,1,,,,O=Cc1cnn(CCCl)c1,FC(F)(F)c1cc(N2CCNCC2)ccc1Cl,FC(F)(F)c1cc(N2CCN(Cc3cnn(CCCl)c3)CC2)ccc1Cl,Reductive_amination,,
C157591,1,,,,Cn1cc(C=O)c(I)n1,N#Cc1cc(N2CCNCC2)cc(C(F)(F)F)c1,Cn1cc(CN2CCN(c3cc(C#N)cc(C(F)(F)F)c3)CC2)c(I)n1,Reductive_amination,,
C157592,1,,,,Cc1nn(C)c(C)c1C=O,FC(F)(F)c1cc(N2CCNCC2)ccc1Cl,Cc1nn(C)c(C)c1CN1CCN(c2ccc(Cl)c(C(F)(F)F)c2)CC1,Reductive_amination,,
C157593,1,,,,Cc1nn(C)c(C)c1C=O,FC(F)(F)c1cc(Cl)cc(N2CCNCC2)c1,Cc1nn(C)c(C)c1CN1CCN(c2cc(Cl)cc(C(F)(F)F)c2)CC1,Reductive_amination,,
C157594,1,,,,Cn1cc(C=O)cn1,NCCN1CCN(c2cccc(C(F)(F)F)c2)CC1,Cn1cc(CNCCN2CCN(c3cccc(C(F)(F)F)c3)CC2)cn1,Reductive_amination,,
C157595,1,,,,Cn1cc(C=O)cn1,CCCC1CN(c2cccc(C(F)(F)F)c2)CCN1,CCCC1CN(c2cccc(C(F)(F)F)c2)CCN1Cc1cnn(C)c1,Reductive_amination,,
C157596,1,,,,CCn1ncc(C=O)c1C,FC(F)(F)c1cc(N2CCNCC2)ccc1Cl,CCn1ncc(CN2CCN(c3ccc(Cl)c(C(F)(F)F)c3)CC2)c1C,Reductive_amination,,
C157597,1,,,,CCn1ncc(C=O)c1C,FC(F)(F)c1cc(Cl)cc(N2CCNCC2)c1,CCn1ncc(CN2CCN(c3cc(Cl)cc(C(F)(F)F)c3)CC2)c1C,Reductive_amination,,
C157598,1,,,,Cn1cc(C(=O)O)c(Cl)n1,FC(F)(F)c1cc(Cl)cc(N2CCNCC2)c1,Cn1cc(C(O)N2CCN(c3cc(Cl)cc(C(F)(F)F)c3)CC2)c(Cl)n1,Reductive_amination,,
C157599,1,,,,Cn1cc(C(=O)O)c(Cl)n1,FC(F)(F)c1cc(N2CCNCC2)ccc1Cl,Cn1cc(C(O)N2CCN(c3ccc(Cl)c(C(F)(F)F)c3)CC2)c(Cl)n1,Reductive_amination,,
C157600,1,,,,CCCn1cc(C=O)cn1,FC(F)(F)c1cc(N2CCNCC2)ccc1Cl,CCCn1cc(CN2CCN(c3ccc(Cl)c(C(F)(F)F)c3)CC2)cn1,Reductive_amination,,
C157601,1,,,,O=Cc1cnn(CCF)c1,FC(F)(F)c1cc(N2CCNCC2)ccc1Cl,FCCn1cc(CN2CCN(c3ccc(Cl)c(C(F)(F)F)c3)CC2)cn1,Reductive_amination,,
C105495,1,,,,O=C(O)c1ccnc(O)c1Br,C#Cc1cc(Cl)c(F)c(F)c1N,C#Cc1cc(Cl)c(F)c(F)c1NC(=O)c1ccnc(O)c1Br,Amidation,,
C157602,1,,,,O=Cc1cnn(CCF)c1,FC(F)(F)c1cc(Cl)cc(N2CCNCC2)c1,FCCn1cc(CN2CCN(c3cc(Cl)cc(C(F)(F)F)c3)CC2)cn1,Reductive_amination,,
C157605,1,,,,Cc1nn(C)cc1C(=O)O,FC(F)(F)c1cc(N2CCNCC2)ccc1Cl,Cc1nn(C)cc1C(O)N1CCN(c2ccc(Cl)c(C(F)(F)F)c2)CC1,Reductive_amination,,
C157606,1,,,,O=Cc1cnn(CCCl)c1,FC(F)(F)c1cc(Cl)cc(N2CCNCC2)c1,FC(F)(F)c1cc(Cl)cc(N2CCN(Cc3cnn(CCCl)c3)CC2)c1,Reductive_amination,,
C157607,1,,,,COC(=O)c1cnn(C)c1,FC(F)(F)c1cc(N2CCNCC2)ccc1Cl,COC(c1cnn(C)c1)N1CCN(c2ccc(Cl)c(C(F)(F)F)c2)CC1,Reductive_amination,,
C157608,1,,,,COC(=O)c1cnn(C)c1,FC(F)(F)c1cc(Cl)cc(N2CCNCC2)c1,COC(c1cnn(C)c1)N1CCN(c2cc(Cl)cc(C(F)(F)F)c2)CC1,Reductive_amination,,
C157609,1,,,,CCn1ncc(C=O)c1F,FC(F)(F)c1cc(N2CCNCC2)ccc1Cl,CCn1ncc(CN2CCN(c3ccc(Cl)c(C(F)(F)F)c3)CC2)c1F,Reductive_amination,,
C157610,1,,,,CCn1ncc(C=O)c1F,FC(F)(F)c1cc(Cl)cc(N2CCNCC2)c1,CCn1ncc(CN2CCN(c3cc(Cl)cc(C(F)(F)F)c3)CC2)c1F,Reductive_amination,,
C157611,1,,,,CCn1cc(C(=O)O)cn1,FC(F)(F)c1cc(Cl)cc(N2CCNCC2)c1,CCn1cc(C(O)N2CCN(c3cc(Cl)cc(C(F)(F)F)c3)CC2)cn1,Reductive_amination,,
C157612,1,,,,CCn1cc(C(=O)O)cn1,FC(F)(F)c1cc(N2CCNCC2)ccc1Cl,CCn1cc(C(O)N2CCN(c3ccc(Cl)c(C(F)(F)F)c3)CC2)cn1,Reductive_amination,,
C157614,1,,,,Cn1ncc(C=O)c1F,N#Cc1cc(N2CCNCC2)cc(C(F)(F)F)c1,Cn1ncc(CN2CCN(c3cc(C#N)cc(C(F)(F)F)c3)CC2)c1F,Reductive_amination,,
C157615,1,,,,Cc1nn(C)c(F)c1C=O,FC(F)(F)c1cc(N2CCNCC2)ccc1Cl,Cc1nn(C)c(F)c1CN1CCN(c2ccc(Cl)c(C(F)(F)F)c2)CC1,Reductive_amination,,
C157616,1,,,,Cc1nn(C)c(F)c1C=O,FC(F)(F)c1cc(Cl)cc(N2CCNCC2)c1,Cc1nn(C)c(F)c1CN1CCN(c2cc(Cl)cc(C(F)(F)F)c2)CC1,Reductive_amination,,
C157617,1,,,,CCCn1cc(C=O)cn1,FC(F)(F)c1cc(Cl)cc(N2CCNCC2)c1,CCCn1cc(CN2CCN(c3cc(Cl)cc(C(F)(F)F)c3)CC2)cn1,Reductive_amination,,
C105512,1,,,,O=C(O)c1c(F)cncc1F,CC(=O)c1cc(Br)c(F)cc1N,CC(=O)c1cc(Br)c(F)cc1NC(=O)c1c(F)cncc1F,Amidation,,
C157619,1,,,,Cn1ncc(C=O)c1[O-],N#Cc1cc(N2CCNCC2)cc(C(F)(F)F)c1,Cn1ncc(CN2CCN(c3cc(C#N)cc(C(F)(F)F)c3)CC2)c1[O-],Reductive_amination,,
C157620,1,,,,Cc1nn(C)cc1C(=O)O,FC(F)(F)c1cc(Cl)cc(N2CCNCC2)c1,Cc1nn(C)cc1C(O)N1CCN(c2cc(Cl)cc(C(F)(F)F)c2)CC1,Reductive_amination,,
C157622,1,,,,Cn1ncc(C=O)c1Cl,N#Cc1cc(N2CCNCC2)cc(C(F)(F)F)c1,Cn1ncc(CN2CCN(c3cc(C#N)cc(C(F)(F)F)c3)CC2)c1Cl,Reductive_amination,,
C157623,1,,,,C=CCn1cc(C=O)cn1,FC(F)(F)c1cc(N2CCNCC2)ccc1Cl,C=CCn1cc(CN2CCN(c3ccc(Cl)c(C(F)(F)F)c3)CC2)cn1,Reductive_amination,,
C157624,1,,,,C=CCn1cc(C=O)cn1,FC(F)(F)c1cc(Cl)cc(N2CCNCC2)c1,C=CCn1cc(CN2CCN(c3cc(Cl)cc(C(F)(F)F)c3)CC2)cn1,Reductive_amination,,
C157625,1,,,,O=Cc1cnn(C(F)F)c1,FC(F)(F)c1cc(N2CCNCC2)ccc1Cl,FC(F)n1cc(CN2CCN(c3ccc(Cl)c(C(F)(F)F)c3)CC2)cn1,Reductive_amination,,
C157626,1,,,,O=Cc1cnn(C(F)F)c1,FC(F)(F)c1cc(Cl)cc(N2CCNCC2)c1,FC(F)n1cc(CN2CCN(c3cc(Cl)cc(C(F)(F)F)c3)CC2)cn1,Reductive_amination,,
C157627,1,,,,CSc1c(C=O)cnn1C,FC(F)(F)c1cc(N2CCNCC2)ccc1Cl,CSc1c(CN2CCN(c3ccc(Cl)c(C(F)(F)F)c3)CC2)cnn1C,Reductive_amination,,
C105521,1,,,,O=C(O)c1c(F)cncc1F,C#Cc1cc(Cl)c(F)c(F)c1N,C#Cc1cc(Cl)c(F)c(F)c1NC(=O)c1c(F)cncc1F,Amidation,,
C157629,1,,,,Cn1cc(C=O)c(O)n1,N#Cc1cc(N2CCNCC2)cc(C(F)(F)F)c1,Cn1cc(CN2CCN(c3cc(C#N)cc(C(F)(F)F)c3)CC2)c(O)n1,Reductive_amination,,
C157630,1,,,,O=Cc1cnn(CCO)c1,FC(F)(F)c1cc(N2CCNCC2)ccc1Cl,OCCn1cc(CN2CCN(c3ccc(Cl)c(C(F)(F)F)c3)CC2)cn1,Reductive_amination,,
C157631,1,,,,O=Cc1cnn(CCO)c1,FC(F)(F)c1cc(Cl)cc(N2CCNCC2)c1,OCCn1cc(CN2CCN(c3cc(Cl)cc(C(F)(F)F)c3)CC2)cn1,Reductive_amination,,
C157633,1,,,,Cc1nn(C)cc1C=O,N#Cc1cc(N2CCNCC2)cc(C(F)(F)F)c1,Cc1nn(C)cc1CN1CCN(c2cc(C#N)cc(C(F)(F)F)c2)CC1,Reductive_amination,,
C157634,1,,,,C=Cn1ncc(C=O)c1C,FC(F)(F)c1cc(N2CCNCC2)ccc1Cl,C=Cn1ncc(CN2CCN(c3ccc(Cl)c(C(F)(F)F)c3)CC2)c1C,Reductive_amination,,
C157635,1,,,,C=Cn1ncc(C=O)c1C,FC(F)(F)c1cc(Cl)cc(N2CCNCC2)c1,C=Cn1ncc(CN2CCN(c3cc(Cl)cc(C(F)(F)F)c3)CC2)c1C,Reductive_amination,,
C157637,1,,,,CCn1cc(C=O)cn1,N#Cc1cc(N2CCNCC2)cc(C(F)(F)F)c1,CCn1cc(CN2CCN(c3cc(C#N)cc(C(F)(F)F)c3)CC2)cn1,Reductive_amination,,
C157638,1,,,,Cn1cc(C(=O)O)c(I)n1,FC(F)(F)c1cc(N2CCNCC2)ccc1Cl,Cn1cc(C(O)N2CCN(c3ccc(Cl)c(C(F)(F)F)c3)CC2)c(I)n1,Reductive_amination,,
C157640,1,,,,Cc1c(C=O)cnn1C,N#Cc1cc(N2CCNCC2)cc(C(F)(F)F)c1,Cc1c(CN2CCN(c3cc(C#N)cc(C(F)(F)F)c3)CC2)cnn1C,Reductive_amination,,
C157641,1,,,,Cn1cc(C(=O)O)c(I)n1,FC(F)(F)c1cc(Cl)cc(N2CCNCC2)c1,Cn1cc(C(O)N2CCN(c3cc(Cl)cc(C(F)(F)F)c3)CC2)c(I)n1,Reductive_amination,,
C157642,1,,,,Cn1ncc(C=O)c1CCl,FC(F)(F)c1cc(N2CCNCC2)ccc1Cl,Cn1ncc(CN2CCN(c3ccc(Cl)c(C(F)(F)F)c3)CC2)c1CCl,Reductive_amination,,
C157643,1,,,,COc1nn(C)cc1C=O,FC(F)(F)c1cc(N2CCNCC2)ccc1Cl,COc1nn(C)cc1CN1CCN(c2ccc(Cl)c(C(F)(F)F)c2)CC1,Reductive_amination,,
C157644,1,,,,Cn1ncc(C=O)c1CCl,FC(F)(F)c1cc(Cl)cc(N2CCNCC2)c1,Cn1ncc(CN2CCN(c3cc(Cl)cc(C(F)(F)F)c3)CC2)c1CCl,Reductive_amination,,
C157645,1,,,,COc1nn(C)cc1C=O,FC(F)(F)c1cc(Cl)cc(N2CCNCC2)c1,COc1nn(C)cc1CN1CCN(c2cc(Cl)cc(C(F)(F)F)c2)CC1,Reductive_amination,,
C105539,1,,,,CSc1cc(C(=O)O)ccn1,C#Cc1cc(Cl)c(F)c(F)c1N,C#Cc1cc(Cl)c(F)c(F)c1NC(=O)c1ccnc(SC)c1,Amidation,,
C157647,1,,,,C=Cn1cc(C=O)cn1,N#Cc1cc(N2CCNCC2)cc(C(F)(F)F)c1,C=Cn1cc(CN2CCN(c3cc(C#N)cc(C(F)(F)F)c3)CC2)cn1,Reductive_amination,,
C157648,1,,,,Cn1cc(C=O)c(Cl)n1,N#Cc1cc(N2CCNCC2)cc(C(F)(F)F)c1,Cn1cc(CN2CCN(c3cc(C#N)cc(C(F)(F)F)c3)CC2)c(Cl)n1,Reductive_amination,,
C157649,1,,,,Cn1cc(C=O)c(Cl)n1,CN1CCN(c2ccc(N)c(C(F)(F)F)c2)CC1,CN1CCN(c2ccc(NCc3cn(C)nc3Cl)c(C(F)(F)F)c2)CC1,Reductive_amination,,
C157650,1,,,,COc1c(C=O)cnn1C,FC(F)(F)c1cc(Cl)cc(N2CCNCC2)c1,COc1c(CN2CCN(c3cc(Cl)cc(C(F)(F)F)c3)CC2)cnn1C,Reductive_amination,,
C157651,1,,,,Cn1cc(C=O)c(Br)n1,CN1CCN(c2ccc(N)c(C(F)(F)F)c2)CC1,CN1CCN(c2ccc(NCc3cn(C)nc3Br)c(C(F)(F)F)c2)CC1,Reductive_amination,,
C157652,1,,,,Cn1cc(C=O)c(Br)n1,N#Cc1cc(N2CCNCC2)cc(C(F)(F)F)c1,Cn1cc(CN2CCN(c3cc(C#N)cc(C(F)(F)F)c3)CC2)c(Br)n1,Reductive_amination,,
C157653,1,,,,CCc1nn(C)cc1C=O,FC(F)(F)c1cc(N2CCNCC2)ccc1Cl,CCc1nn(C)cc1CN1CCN(c2ccc(Cl)c(C(F)(F)F)c2)CC1,Reductive_amination,,
C157654,1,,,,CCc1nn(C)cc1C=O,FC(F)(F)c1cc(Cl)cc(N2CCNCC2)c1,CCc1nn(C)cc1CN1CCN(c2cc(Cl)cc(C(F)(F)F)c2)CC1,Reductive_amination,,
C157655,1,,,,CC(C)n1cc(C=O)cn1,FC(F)(F)c1cc(Cl)cc(N2CCNCC2)c1,CC(C)n1cc(CN2CCN(c3cc(Cl)cc(C(F)(F)F)c3)CC2)cn1,Reductive_amination,,
C105549,1,,,,CSc1cc(C(=O)O)ccn1,Cc1c(N)cc(F)cc1[N+](=O)[O-],CSc1cc(C(=O)Nc2cc(F)cc([N+](=O)[O-])c2C)ccn1,Amidation,,
C157656,1,,,,CC(C)n1cc(C=O)cn1,FC(F)(F)c1cc(N2CCNCC2)ccc1Cl,CC(C)n1cc(CN2CCN(c3ccc(Cl)c(C(F)(F)F)c3)CC2)cn1,Reductive_amination,,
C157657,1,,,,COc1c(C=O)cnn1C,FC(F)(F)c1cc(N2CCNCC2)ccc1Cl,COc1c(CN2CCN(c3ccc(Cl)c(C(F)(F)F)c3)CC2)cnn1C,Reductive_amination,,
C157658,1,,,,Cc1nn(C)c(Br)c1C=O,FC(F)(F)c1cc(N2CCNCC2)ccc1Cl,Cc1nn(C)c(Br)c1CN1CCN(c2ccc(Cl)c(C(F)(F)F)c2)CC1,Reductive_amination,,
C157659,1,,,,Cc1nn(C)c(Br)c1C=O,FC(F)(F)c1cc(Cl)cc(N2CCNCC2)c1,Cc1nn(C)c(Br)c1CN1CCN(c2cc(Cl)cc(C(F)(F)F)c2)CC1,Reductive_amination,,
C157660,1,,,,Cn1cc(C(=O)O)c(O)n1,FC(F)(F)c1cc(Cl)cc(N2CCNCC2)c1,Cn1cc(C(O)N2CCN(c3cc(Cl)cc(C(F)(F)F)c3)CC2)c(O)n1,Reductive_amination,,
C157661,1,,,,Cn1cc(C(=O)O)c(O)n1,FC(F)(F)c1cc(N2CCNCC2)ccc1Cl,Cn1cc(C(O)N2CCN(c3ccc(Cl)c(C(F)(F)F)c3)CC2)c(O)n1,Reductive_amination,,
C157662,1,,,,Cc1nn(C)c(Cl)c1C=O,FC(F)(F)c1cc(Cl)cc(N2CCNCC2)c1,Cc1nn(C)c(Cl)c1CN1CCN(c2cc(Cl)cc(C(F)(F)F)c2)CC1,Reductive_amination,,
C157663,1,,,,Cc1nn(C)c(Cl)c1C=O,FC(F)(F)c1cc(N2CCNCC2)ccc1Cl,Cc1nn(C)c(Cl)c1CN1CCN(c2ccc(Cl)c(C(F)(F)F)c2)CC1,Reductive_amination,,
C157664,1,,,,Cc1c(C(=O)O)cnn1C,N#Cc1cc(N2CCNCC2)cc(C(F)(F)F)c1,Cc1c(C(O)N2CCN(c3cc(C#N)cc(C(F)(F)F)c3)CC2)cnn1C,Reductive_amination,,
C157666,1,,,,Cc1nn(C)c(Cl)c1C=O,N#Cc1cc(N2CCNCC2)cc(C(F)(F)F)c1,Cc1nn(C)c(Cl)c1CN1CCN(c2cc(C#N)cc(C(F)(F)F)c2)CC1,Reductive_amination,,
C157667,1,,,,Cc1nn(C)cc1C(=O)O,N#Cc1cc(N2CCNCC2)cc(C(F)(F)F)c1,Cc1nn(C)cc1C(O)N1CCN(c2cc(C#N)cc(C(F)(F)F)c2)CC1,Reductive_amination,,
C157668,1,,,,Cc1c(C(=O)O)cnn1C,CN1CCN(c2ccc(N)c(C(F)(F)F)c2)CC1,Cc1c(C(O)Nc2ccc(N3CCN(C)CC3)cc2C(F)(F)F)cnn1C,Reductive_amination,,
C157669,1,,,,Cc1nn(C)cc1C(=O)O,CN1CCN(c2ccc(N)c(C(F)(F)F)c2)CC1,Cc1nn(C)cc1C(O)Nc1ccc(N2CCN(C)CC2)cc1C(F)(F)F,Reductive_amination,,
C157672,1,,,,O=Cc1cnn(CCCl)c1,N#Cc1cc(N2CCNCC2)cc(C(F)(F)F)c1,N#Cc1cc(N2CCN(Cc3cnn(CCCl)c3)CC2)cc(C(F)(F)F)c1,Reductive_amination,,
C157673,1,,,,CSc1c(C=O)cnn1C,N#Cc1cc(N2CCNCC2)cc(C(F)(F)F)c1,CSc1c(CN2CCN(c3cc(C#N)cc(C(F)(F)F)c3)CC2)cnn1C,Reductive_amination,,
C157674,1,,,,CCn1cc(C=O)c(C)n1,N#Cc1cc(N2CCNCC2)cc(C(F)(F)F)c1,CCn1cc(CN2CCN(c3cc(C#N)cc(C(F)(F)F)c3)CC2)c(C)n1,Reductive_amination,,
C157675,1,,,,Cn1cc(C(=O)O)c(Cl)n1,N#Cc1cc(N2CCNCC2)cc(C(F)(F)F)c1,Cn1cc(C(O)N2CCN(c3cc(C#N)cc(C(F)(F)F)c3)CC2)c(Cl)n1,Reductive_amination,,
C157676,1,,,,O=Cc1cnn(CCO)c1,CN1CCN(c2ccc(N)c(C(F)(F)F)c2)CC1,CN1CCN(c2ccc(NCc3cnn(CCO)c3)c(C(F)(F)F)c2)CC1,Reductive_amination,,
C157677,1,,,,Cn1ncc(C=O)c1CCl,N#Cc1cc(N2CCNCC2)cc(C(F)(F)F)c1,Cn1ncc(CN2CCN(c3cc(C#N)cc(C(F)(F)F)c3)CC2)c1CCl,Reductive_amination,,
C157679,1,,,,Cc1nn(C)c(Br)c1C=O,N#Cc1cc(N2CCNCC2)cc(C(F)(F)F)c1,Cc1nn(C)c(Br)c1CN1CCN(c2cc(C#N)cc(C(F)(F)F)c2)CC1,Reductive_amination,,
C157681,1,,,,O=Cc1cnn(CCO)c1,N#Cc1cc(N2CCNCC2)cc(C(F)(F)F)c1,N#Cc1cc(N2CCN(Cc3cnn(CCO)c3)CC2)cc(C(F)(F)F)c1,Reductive_amination,,
C157682,1,,,,Cn1cc(C(=O)O)c(O)n1,CN1CCN(c2ccc(N)c(C(F)(F)F)c2)CC1,CN1CCN(c2ccc(NC(O)c3cn(C)nc3O)c(C(F)(F)F)c2)CC1,Reductive_amination,,
C157683,1,,,,COc1nn(C)cc1C=O,N#Cc1cc(N2CCNCC2)cc(C(F)(F)F)c1,COc1nn(C)cc1CN1CCN(c2cc(C#N)cc(C(F)(F)F)c2)CC1,Reductive_amination,,
C157685,1,,,,COc1c(C=O)cnn1C,N#Cc1cc(N2CCNCC2)cc(C(F)(F)F)c1,COc1c(CN2CCN(c3cc(C#N)cc(C(F)(F)F)c3)CC2)cnn1C,Reductive_amination,,
C157687,1,,,,CCc1nn(C)cc1C=O,N#Cc1cc(N2CCNCC2)cc(C(F)(F)F)c1,CCc1nn(C)cc1CN1CCN(c2cc(C#N)cc(C(F)(F)F)c2)CC1,Reductive_amination,,
C157688,1,,,,CCc1nn(C)cc1C=O,CN1CCN(c2ccc(N)c(C(F)(F)F)c2)CC1,CCc1nn(C)cc1CNc1ccc(N2CCN(C)CC2)cc1C(F)(F)F,Reductive_amination,,
C157689,1,,,,Cn1cc(C(=O)O)c(O)n1,N#Cc1cc(N2CCNCC2)cc(C(F)(F)F)c1,Cn1cc(C(O)N2CCN(c3cc(C#N)cc(C(F)(F)F)c3)CC2)c(O)n1,Reductive_amination,,
C157691,1,,,,C=Cn1ncc(C=O)c1C,N#Cc1cc(N2CCNCC2)cc(C(F)(F)F)c1,C=Cn1ncc(CN2CCN(c3cc(C#N)cc(C(F)(F)F)c3)CC2)c1C,Reductive_amination,,
C157693,1,,,,Cn1cc(C(=O)O)c(I)n1,N#Cc1cc(N2CCNCC2)cc(C(F)(F)F)c1,Cn1cc(C(O)N2CCN(c3cc(C#N)cc(C(F)(F)F)c3)CC2)c(I)n1,Reductive_amination,,
C157695,1,,,,O=Cc1cnn(C(F)F)c1,N#Cc1cc(N2CCNCC2)cc(C(F)(F)F)c1,N#Cc1cc(N2CCN(Cc3cnn(C(F)F)c3)CC2)cc(C(F)(F)F)c1,Reductive_amination,,
C157696,1,,,,C=CCn1cc(C=O)cn1,N#Cc1cc(N2CCNCC2)cc(C(F)(F)F)c1,C=CCn1cc(CN2CCN(c3cc(C#N)cc(C(F)(F)F)c3)CC2)cn1,Reductive_amination,,
C157698,1,,,,CCCn1cc(C=O)cn1,N#Cc1cc(N2CCNCC2)cc(C(F)(F)F)c1,CCCn1cc(CN2CCN(c3cc(C#N)cc(C(F)(F)F)c3)CC2)cn1,Reductive_amination,,
C157700,1,,,,CCc1c(C=O)cnn1C,N#Cc1cc(N2CCNCC2)cc(C(F)(F)F)c1,CCc1c(CN2CCN(c3cc(C#N)cc(C(F)(F)F)c3)CC2)cnn1C,Reductive_amination,,
C157701,1,,,,CCc1c(C=O)cnn1C,CN1CCN(c2ccc(N)c(C(F)(F)F)c2)CC1,CCc1c(CNc2ccc(N3CCN(C)CC3)cc2C(F)(F)F)cnn1C,Reductive_amination,,
C157702,1,,,,Cc1nn(C)c(F)c1C=O,N#Cc1cc(N2CCNCC2)cc(C(F)(F)F)c1,Cc1nn(C)c(F)c1CN1CCN(c2cc(C#N)cc(C(F)(F)F)c2)CC1,Reductive_amination,,
C157703,1,,,,Cc1nn(C)c(F)c1C=O,CN1CCN(c2ccc(N)c(C(F)(F)F)c2)CC1,Cc1nn(C)c(F)c1CNc1ccc(N2CCN(C)CC2)cc1C(F)(F)F,Reductive_amination,,
C157705,1,,,,CCn1cc(C(=O)O)cn1,N#Cc1cc(N2CCNCC2)cc(C(F)(F)F)c1,CCn1cc(C(O)N2CCN(c3cc(C#N)cc(C(F)(F)F)c3)CC2)cn1,Reductive_amination,,
C157707,1,,,,Cc1nn(C)c(C)c1C=O,N#Cc1cc(N2CCNCC2)cc(C(F)(F)F)c1,Cc1nn(C)c(C)c1CN1CCN(c2cc(C#N)cc(C(F)(F)F)c2)CC1,Reductive_amination,,
C157708,1,,,,CCn1ncc(C=O)c1C,N#Cc1cc(N2CCNCC2)cc(C(F)(F)F)c1,CCn1ncc(CN2CCN(c3cc(C#N)cc(C(F)(F)F)c3)CC2)c1C,Reductive_amination,,
C157709,1,,,,CCn1ncc(C=O)c1C,CN1CCN(c2ccc(N)c(C(F)(F)F)c2)CC1,CCn1ncc(CNc2ccc(N3CCN(C)CC3)cc2C(F)(F)F)c1C,Reductive_amination,,
C157711,1,,,,O=Cc1cnn(CCF)c1,N#Cc1cc(N2CCNCC2)cc(C(F)(F)F)c1,N#Cc1cc(N2CCN(Cc3cnn(CCF)c3)CC2)cc(C(F)(F)F)c1,Reductive_amination,,
C157715,1,,,,CCn1ncc(C=O)c1F,N#Cc1cc(N2CCNCC2)cc(C(F)(F)F)c1,CCn1ncc(CN2CCN(c3cc(C#N)cc(C(F)(F)F)c3)CC2)c1F,Reductive_amination,,
C157716,1,,,,COC(=O)c1cnn(C)c1,N#Cc1cc(N2CCNCC2)cc(C(F)(F)F)c1,COC(c1cnn(C)c1)N1CCN(c2cc(C#N)cc(C(F)(F)F)c2)CC1,Reductive_amination,,
C157717,1,,,,CC(C)n1cc(C=O)cn1,N#Cc1cc(N2CCNCC2)cc(C(F)(F)F)c1,CC(C)n1cc(CN2CCN(c3cc(C#N)cc(C(F)(F)F)c3)CC2)cn1,Reductive_amination,,
C157718,1,,,,Cn1cc(C(=O)O)c(Br)n1,N#Cc1cc(N2CCNCC2)cc(C(F)(F)F)c1,Cn1cc(C(O)N2CCN(c3cc(C#N)cc(C(F)(F)F)c3)CC2)c(Br)n1,Reductive_amination,,
C157719,1,,,,Cn1cc(C(=O)O)c(Br)n1,CN1CCN(c2ccc(N)c(C(F)(F)F)c2)CC1,CN1CCN(c2ccc(NC(O)c3cn(C)nc3Br)c(C(F)(F)F)c2)CC1,Reductive_amination,,
C157720,1,,,,Cn1ncc(C(=O)O)c1F,N#Cc1cc(N2CCNCC2)cc(C(F)(F)F)c1,Cn1ncc(C(O)N2CCN(c3cc(C#N)cc(C(F)(F)F)c3)CC2)c1F,Reductive_amination,,
C157721,1,,,,Cn1ncc(C(=O)O)c1F,CN1CCN(c2ccc(N)c(C(F)(F)F)c2)CC1,CN1CCN(c2ccc(NC(O)c3cnn(C)c3F)c(C(F)(F)F)c2)CC1,Reductive_amination,,
C157722,1,,,,O=Cc1cnn2c1CCC2,N#Cc1cc(N2CCNCC2)cc(C(F)(F)F)c1,N#Cc1cc(N2CCN(Cc3cnn4c3CCC4)CC2)cc(C(F)(F)F)c1,Reductive_amination,,
C157723,1,,,,COC(=O)c1cnn(C)c1,CN1CCN(c2ccc(N)c(C(F)(F)F)c2)CC1,COC(Nc1ccc(N2CCN(C)CC2)cc1C(F)(F)F)c1cnn(C)c1,Reductive_amination,,
C157725,1,,,,Cn1ncc(C(=O)O)c1Br,CN1CCN(c2ccc(N)c(C(F)(F)F)c2)CC1,CN1CCN(c2ccc(NC(O)c3cnn(C)c3Br)c(C(F)(F)F)c2)CC1,Reductive_amination,,
C157726,1,,,,Cn1ncc(C(=O)O)c1Br,N#Cc1cc(N2CCNCC2)cc(C(F)(F)F)c1,Cn1ncc(C(O)N2CCN(c3cc(C#N)cc(C(F)(F)F)c3)CC2)c1Br,Reductive_amination,,
C157727,1,,,,Cn1ncc(C(=O)O)c1I,N#Cc1cc(N2CCNCC2)cc(C(F)(F)F)c1,Cn1ncc(C(O)N2CCN(c3cc(C#N)cc(C(F)(F)F)c3)CC2)c1I,Reductive_amination,,
C157730,1,,,,Cn1cc(C(=O)Cl)cn1,CCCC1CN(c2cccc(C(F)(F)F)c2)CCN1,CCCC1CN(c2cccc(C(F)(F)F)c2)CCN1C(Cl)c1cnn(C)c1,Reductive_amination,,
C157731,1,,,,Cc1c(C=O)cnn1C,NCCN1CCN(c2cccc(C(F)(F)F)c2)CC1,Cc1c(CNCCN2CCN(c3cccc(C(F)(F)F)c3)CC2)cnn1C,Reductive_amination,,
C157732,1,,,,Cc1c(C=O)cnn1C,CCCC1CN(c2cccc(C(F)(F)F)c2)CCN1,CCCC1CN(c2cccc(C(F)(F)F)c2)CCN1Cc1cnn(C)c1C,Reductive_amination,,
C157734,1,,,,Cn1cc(C=O)c(Br)n1,CCCC1CN(c2cccc(C(F)(F)F)c2)CCN1,CCCC1CN(c2cccc(C(F)(F)F)c2)CCN1Cc1cn(C)nc1Br,Reductive_amination,,
C157735,1,,,,Cn1cc(C=O)c(Br)n1,NCCN1CCN(c2cccc(C(F)(F)F)c2)CC1,Cn1cc(CNCCN2CCN(c3cccc(C(F)(F)F)c3)CC2)c(Br)n1,Reductive_amination,,
C157736,1,,,,Cn1ncc(C=O)c1Br,NCCN1CCN(c2cccc(C(F)(F)F)c2)CC1,Cn1ncc(CNCCN2CCN(c3cccc(C(F)(F)F)c3)CC2)c1Br,Reductive_amination,,
C157737,1,,,,C=Cn1cc(C=O)cn1,CCCC1CN(c2cccc(C(F)(F)F)c2)CCN1,C=Cn1cc(CN2CCN(c3cccc(C(F)(F)F)c3)CC2CCC)cn1,Reductive_amination,,
C157739,1,,,,Cn1cc(C(=O)O)cn1,CCCC1CN(c2cccc(C(F)(F)F)c2)CCN1,CCCC1CN(c2cccc(C(F)(F)F)c2)CCN1C(O)c1cnn(C)c1,Reductive_amination,,
C157741,1,,,,C=Cn1cc(C=O)cn1,NCCN1CCN(c2cccc(C(F)(F)F)c2)CC1,C=Cn1cc(CNCCN2CCN(c3cccc(C(F)(F)F)c3)CC2)cn1,Reductive_amination,,
C157742,1,,,,Cn1ncc(C=O)c1Br,CCCC1CN(c2cccc(C(F)(F)F)c2)CCN1,CCCC1CN(c2cccc(C(F)(F)F)c2)CCN1Cc1cnn(C)c1Br,Reductive_amination,,
C157745,1,,,,Cn1cc(C=O)c(I)n1,NCCN1CCN(c2cccc(C(F)(F)F)c2)CC1,Cn1cc(CNCCN2CCN(c3cccc(C(F)(F)F)c3)CC2)c(I)n1,Reductive_amination,,
C157746,1,,,,Cn1cc(C=O)c(I)n1,CCCC1CN(c2cccc(C(F)(F)F)c2)CCN1,CCCC1CN(c2cccc(C(F)(F)F)c2)CCN1Cc1cn(C)nc1I,Reductive_amination,,
C157747,1,,,,Cc1nn(C)cc1C=O,CCCC1CN(c2cccc(C(F)(F)F)c2)CCN1,CCCC1CN(c2cccc(C(F)(F)F)c2)CCN1Cc1cn(C)nc1C,Reductive_amination,,
C157748,1,,,,Cc1nn(C)cc1C=O,NCCN1CCN(c2cccc(C(F)(F)F)c2)CC1,Cc1nn(C)cc1CNCCN1CCN(c2cccc(C(F)(F)F)c2)CC1,Reductive_amination,,
C157750,1,,,,CCn1cc(C=O)cn1,NCCN1CCN(c2cccc(C(F)(F)F)c2)CC1,CCn1cc(CNCCN2CCN(c3cccc(C(F)(F)F)c3)CC2)cn1,Reductive_amination,,
C157751,1,,,,CCn1cc(C=O)cn1,CCCC1CN(c2cccc(C(F)(F)F)c2)CCN1,CCCC1CN(c2cccc(C(F)(F)F)c2)CCN1Cc1cnn(CC)c1,Reductive_amination,,
C157752,1,,,,Cn1cc(C(=O)Cl)cn1,NCCN1CCN(c2cccc(C(F)(F)F)c2)CC1,Cn1cc(C(Cl)NCCN2CCN(c3cccc(C(F)(F)F)c3)CC2)cn1,Reductive_amination,,
C157754,1,,,,Cn1ncc(C=O)c1[O-],CCCC1CN(c2cccc(C(F)(F)F)c2)CCN1,CCCC1CN(c2cccc(C(F)(F)F)c2)CCN1Cc1cnn(C)c1[O-],Reductive_amination,,
C157755,1,,,,Cn1ncc(C=O)c1[O-],NCCN1CCN(c2cccc(C(F)(F)F)c2)CC1,Cn1ncc(CNCCN2CCN(c3cccc(C(F)(F)F)c3)CC2)c1[O-],Reductive_amination,,
C157757,1,,,,Cn1ncc(C=O)c1F,CCCC1CN(c2cccc(C(F)(F)F)c2)CCN1,CCCC1CN(c2cccc(C(F)(F)F)c2)CCN1Cc1cnn(C)c1F,Reductive_amination,,
C157758,1,,,,Cn1ncc(C=O)c1F,NCCN1CCN(c2cccc(C(F)(F)F)c2)CC1,Cn1ncc(CNCCN2CCN(c3cccc(C(F)(F)F)c3)CC2)c1F,Reductive_amination,,
C157762,1,,,,Cn1cc(C=O)cn1,NCCCN1CCN(c2cccc(C(F)(F)F)c2)CC1,Cn1cc(CNCCCN2CCN(c3cccc(C(F)(F)F)c3)CC2)cn1,Reductive_amination,,
C157763,1,,,,Cn1cc(C=O)c(Cl)n1,NCCN1CCN(c2cccc(C(F)(F)F)c2)CC1,Cn1cc(CNCCN2CCN(c3cccc(C(F)(F)F)c3)CC2)c(Cl)n1,Reductive_amination,,
C157764,1,,,,Cn1cc(C=O)c(Cl)n1,CCCC1CN(c2cccc(C(F)(F)F)c2)CCN1,CCCC1CN(c2cccc(C(F)(F)F)c2)CCN1Cc1cn(C)nc1Cl,Reductive_amination,,
C157765,1,,,,Cn1ncc(C=O)c1Cl,NCCN1CCN(c2cccc(C(F)(F)F)c2)CC1,Cn1ncc(CNCCN2CCN(c3cccc(C(F)(F)F)c3)CC2)c1Cl,Reductive_amination,,
C157768,1,,,,Cn1ncc(C=O)c1Cl,CCCC1CN(c2cccc(C(F)(F)F)c2)CCN1,CCCC1CN(c2cccc(C(F)(F)F)c2)CCN1Cc1cnn(C)c1Cl,Reductive_amination,,
C157770,1,,,,Cn1cc(C=O)c(O)n1,CCCC1CN(c2cccc(C(F)(F)F)c2)CCN1,CCCC1CN(c2cccc(C(F)(F)F)c2)CCN1Cc1cn(C)nc1O,Reductive_amination,,
C157771,1,,,,Cn1cc(C=O)c(O)n1,NCCN1CCN(c2cccc(C(F)(F)F)c2)CC1,Cn1cc(CNCCN2CCN(c3cccc(C(F)(F)F)c3)CC2)c(O)n1,Reductive_amination,,
C157772,1,,,,Cn1cc(C(=O)O)cn1,NCCN1CCN(c2cccc(C(F)(F)F)c2)CC1,Cn1cc(C(O)NCCN2CCN(c3cccc(C(F)(F)F)c3)CC2)cn1,Reductive_amination,,
C157773,1,,,,Cn1cc(C=O)c(F)n1,NCCN1CCN(c2cccc(C(F)(F)F)c2)CC1,Cn1cc(CNCCN2CCN(c3cccc(C(F)(F)F)c3)CC2)c(F)n1,Reductive_amination,,
C157774,1,,,,Cn1cc(C=O)c(F)n1,CCCC1CN(c2cccc(C(F)(F)F)c2)CCN1,CCCC1CN(c2cccc(C(F)(F)F)c2)CCN1Cc1cn(C)nc1F,Reductive_amination,,
C157776,1,,,,O=Cc1cnn(CCO)c1,CCCC1CN(c2cccc(C(F)(F)F)c2)CCN1,CCCC1CN(c2cccc(C(F)(F)F)c2)CCN1Cc1cnn(CCO)c1,Reductive_amination,,
C157777,1,,,,O=Cc1cnn(CCO)c1,NCCN1CCN(c2cccc(C(F)(F)F)c2)CC1,OCCn1cc(CNCCN2CCN(c3cccc(C(F)(F)F)c3)CC2)cn1,Reductive_amination,,
C157778,1,,,,Cn1ncc(C=O)c1Cl,NCCCN1CCN(c2cccc(C(F)(F)F)c2)CC1,Cn1ncc(CNCCCN2CCN(c3cccc(C(F)(F)F)c3)CC2)c1Cl,Reductive_amination,,
C157779,1,,,,CCn1cc(C=O)cn1,NCCCN1CCN(c2cccc(C(F)(F)F)c2)CC1,CCn1cc(CNCCCN2CCN(c3cccc(C(F)(F)F)c3)CC2)cn1,Reductive_amination,,
C157780,1,,,,Cn1cc(C(=O)Cl)cn1,NCCCN1CCN(c2cccc(C(F)(F)F)c2)CC1,Cn1cc(C(Cl)NCCCN2CCN(c3cccc(C(F)(F)F)c3)CC2)cn1,Reductive_amination,,
C157783,1,,,,O=Cc1cnn2c1CCC2,NCCN1CCN(c2cccc(C(F)(F)F)c2)CC1,FC(F)(F)c1cccc(N2CCN(CCNCc3cnn4c3CCC4)CC2)c1,Reductive_amination,,
C157784,1,,,,O=Cc1cnn(C(F)F)c1,NCCN1CCN(c2cccc(C(F)(F)F)c2)CC1,FC(F)n1cc(CNCCN2CCN(c3cccc(C(F)(F)F)c3)CC2)cn1,Reductive_amination,,
C157785,1,,,,Cn1ncc(C(=O)O)c1I,CCCC1CN(c2cccc(C(F)(F)F)c2)CCN1,CCCC1CN(c2cccc(C(F)(F)F)c2)CCN1C(O)c1cnn(C)c1I,Reductive_amination,,
C157788,1,,,,COc1nn(C)cc1C=O,CCCC1CN(c2cccc(C(F)(F)F)c2)CCN1,CCCC1CN(c2cccc(C(F)(F)F)c2)CCN1Cc1cn(C)nc1OC,Reductive_amination,,
C157789,1,,,,COc1nn(C)cc1C=O,NCCN1CCN(c2cccc(C(F)(F)F)c2)CC1,COc1nn(C)cc1CNCCN1CCN(c2cccc(C(F)(F)F)c2)CC1,Reductive_amination,,
C157790,1,,,,Cn1cc(C(=O)O)c(I)n1,CCCC1CN(c2cccc(C(F)(F)F)c2)CCN1,CCCC1CN(c2cccc(C(F)(F)F)c2)CCN1C(O)c1cn(C)nc1I,Reductive_amination,,
C157791,1,,,,Cn1cc(C(=O)O)c(I)n1,NCCN1CCN(c2cccc(C(F)(F)F)c2)CC1,Cn1cc(C(O)NCCN2CCN(c3cccc(C(F)(F)F)c3)CC2)c(I)n1,Reductive_amination,,
C157792,1,,,,Cn1cc(C(=O)O)c(O)n1,NCCN1CCN(c2cccc(C(F)(F)F)c2)CC1,Cn1cc(C(O)NCCN2CCN(c3cccc(C(F)(F)F)c3)CC2)c(O)n1,Reductive_amination,,
C157793,1,,,,Cn1cc(C(=O)O)c(O)n1,CCCC1CN(c2cccc(C(F)(F)F)c2)CCN1,CCCC1CN(c2cccc(C(F)(F)F)c2)CCN1C(O)c1cn(C)nc1O,Reductive_amination,,
C157794,1,,,,O=Cc1cnn2c1CCC2,CCCC1CN(c2cccc(C(F)(F)F)c2)CCN1,CCCC1CN(c2cccc(C(F)(F)F)c2)CCN1Cc1cnn2c1CCC2,Reductive_amination,,
C157798,1,,,,Cc1nn(C)c(Br)c1C=O,CCCC1CN(c2cccc(C(F)(F)F)c2)CCN1,CCCC1CN(c2cccc(C(F)(F)F)c2)CCN1Cc1c(C)nn(C)c1Br,Reductive_amination,,
C157799,1,,,,Cc1nn(C)c(Br)c1C=O,NCCN1CCN(c2cccc(C(F)(F)F)c2)CC1,Cc1nn(C)c(Br)c1CNCCN1CCN(c2cccc(C(F)(F)F)c2)CC1,Reductive_amination,,
C157800,1,,,,C=Cn1cc(C=O)cn1,NCCCN1CCN(c2cccc(C(F)(F)F)c2)CC1,C=Cn1cc(CNCCCN2CCN(c3cccc(C(F)(F)F)c3)CC2)cn1,Reductive_amination,,
C157801,1,,,,Cn1cc(C=O)c(Br)n1,NCCCN1CCN(c2cccc(C(F)(F)F)c2)CC1,Cn1cc(CNCCCN2CCN(c3cccc(C(F)(F)F)c3)CC2)c(Br)n1,Reductive_amination,,
C157802,1,,,,Cc1c(C=O)cnn1C,NCCCN1CCN(c2cccc(C(F)(F)F)c2)CC1,Cc1c(CNCCCN2CCN(c3cccc(C(F)(F)F)c3)CC2)cnn1C,Reductive_amination,,
C157803,1,,,,CCc1nn(C)cc1C=O,NCCN1CCN(c2cccc(C(F)(F)F)c2)CC1,CCc1nn(C)cc1CNCCN1CCN(c2cccc(C(F)(F)F)c2)CC1,Reductive_amination,,
C157804,1,,,,CCc1nn(C)cc1C=O,CCCC1CN(c2cccc(C(F)(F)F)c2)CCN1,CCCC1CN(c2cccc(C(F)(F)F)c2)CCN1Cc1cn(C)nc1CC,Reductive_amination,,
C157806,1,,,,C=CCn1cc(C=O)cn1,CCCC1CN(c2cccc(C(F)(F)F)c2)CCN1,C=CCn1cc(CN2CCN(c3cccc(C(F)(F)F)c3)CC2CCC)cn1,Reductive_amination,,
C157807,1,,,,COc1c(C=O)cnn1C,NCCN1CCN(c2cccc(C(F)(F)F)c2)CC1,COc1c(CNCCN2CCN(c3cccc(C(F)(F)F)c3)CC2)cnn1C,Reductive_amination,,
C157809,1,,,,Cn1ncc(C=O)c1CCl,CCCC1CN(c2cccc(C(F)(F)F)c2)CCN1,CCCC1CN(c2cccc(C(F)(F)F)c2)CCN1Cc1cnn(C)c1CCl,Reductive_amination,,
C157810,1,,,,Cn1ncc(C(=O)O)c1F,NCCN1CCN(c2cccc(C(F)(F)F)c2)CC1,Cn1ncc(C(O)NCCN2CCN(c3cccc(C(F)(F)F)c3)CC2)c1F,Reductive_amination,,
C157811,1,,,,Cn1ncc(C(=O)O)c1F,CCCC1CN(c2cccc(C(F)(F)F)c2)CCN1,CCCC1CN(c2cccc(C(F)(F)F)c2)CCN1C(O)c1cnn(C)c1F,Reductive_amination,,
C157813,1,,,,CC(C)n1cc(C=O)cn1,CCCC1CN(c2cccc(C(F)(F)F)c2)CCN1,CCCC1CN(c2cccc(C(F)(F)F)c2)CCN1Cc1cnn(C(C)C)c1,Reductive_amination,,
C157814,1,,,,CC(C)n1cc(C=O)cn1,NCCN1CCN(c2cccc(C(F)(F)F)c2)CC1,CC(C)n1cc(CNCCN2CCN(c3cccc(C(F)(F)F)c3)CC2)cn1,Reductive_amination,,
C157815,1,,,,Cn1ncc(C=O)c1CCl,NCCN1CCN(c2cccc(C(F)(F)F)c2)CC1,Cn1ncc(CNCCN2CCN(c3cccc(C(F)(F)F)c3)CC2)c1CCl,Reductive_amination,,
C157816,1,,,,Cn1cc(C=O)c(O)n1,NCCCN1CCN(c2cccc(C(F)(F)F)c2)CC1,Cn1cc(CNCCCN2CCN(c3cccc(C(F)(F)F)c3)CC2)c(O)n1,Reductive_amination,,
C157819,1,,,,Cn1cc(C(=O)O)c(Br)n1,NCCN1CCN(c2cccc(C(F)(F)F)c2)CC1,Cn1cc(C(O)NCCN2CCN(c3cccc(C(F)(F)F)c3)CC2)c(Br)n1,Reductive_amination,,
C157820,1,,,,Cn1cc(C(=O)O)c(Br)n1,CCCC1CN(c2cccc(C(F)(F)F)c2)CCN1,CCCC1CN(c2cccc(C(F)(F)F)c2)CCN1C(O)c1cn(C)nc1Br,Reductive_amination,,
C157822,1,,,,C=CCn1cc(C=O)cn1,NCCN1CCN(c2cccc(C(F)(F)F)c2)CC1,C=CCn1cc(CNCCN2CCN(c3cccc(C(F)(F)F)c3)CC2)cn1,Reductive_amination,,
C157823,1,,,,COc1c(C=O)cnn1C,CCCC1CN(c2cccc(C(F)(F)F)c2)CCN1,CCCC1CN(c2cccc(C(F)(F)F)c2)CCN1Cc1cnn(C)c1OC,Reductive_amination,,
C157824,1,,,,Cn1ncc(C=O)c1Br,NCCCN1CCN(c2cccc(C(F)(F)F)c2)CC1,Cn1ncc(CNCCCN2CCN(c3cccc(C(F)(F)F)c3)CC2)c1Br,Reductive_amination,,
C157827,1,,,,Cn1cc(C(=O)O)cn1,NCCCN1CCN(c2cccc(C(F)(F)F)c2)CC1,Cn1cc(C(O)NCCCN2CCN(c3cccc(C(F)(F)F)c3)CC2)cn1,Reductive_amination,,
C157828,1,,,,CCn1cc(C=O)c(C)n1,CCCC1CN(c2cccc(C(F)(F)F)c2)CCN1,CCCC1CN(c2cccc(C(F)(F)F)c2)CCN1Cc1cn(CC)nc1C,Reductive_amination,,
C157829,1,,,,CCn1cc(C=O)c(C)n1,NCCN1CCN(c2cccc(C(F)(F)F)c2)CC1,CCn1cc(CNCCN2CCN(c3cccc(C(F)(F)F)c3)CC2)c(C)n1,Reductive_amination,,
C157830,1,,,,O=Cc1cnn(CCCl)c1,NCCN1CCN(c2cccc(C(F)(F)F)c2)CC1,FC(F)(F)c1cccc(N2CCN(CCNCc3cnn(CCCl)c3)CC2)c1,Reductive_amination,,
C157831,1,,,,O=Cc1cnn(CCCl)c1,CCCC1CN(c2cccc(C(F)(F)F)c2)CCN1,CCCC1CN(c2cccc(C(F)(F)F)c2)CCN1Cc1cnn(CCCl)c1,Reductive_amination,,
C157833,1,,,,CCc1c(C=O)cnn1C,NCCN1CCN(c2cccc(C(F)(F)F)c2)CC1,CCc1c(CNCCN2CCN(c3cccc(C(F)(F)F)c3)CC2)cnn1C,Reductive_amination,,
C157834,1,,,,CCc1c(C=O)cnn1C,CCCC1CN(c2cccc(C(F)(F)F)c2)CCN1,CCCC1CN(c2cccc(C(F)(F)F)c2)CCN1Cc1cnn(C)c1CC,Reductive_amination,,
C157835,1,,,,Cn1ncc(C(=O)O)c1I,NCCN1CCN(c2cccc(C(F)(F)F)c2)CC1,Cn1ncc(C(O)NCCN2CCN(c3cccc(C(F)(F)F)c3)CC2)c1I,Reductive_amination,,
C157836,1,,,,Cn1cc(C(=O)O)c(Cl)n1,NCCN1CCN(c2cccc(C(F)(F)F)c2)CC1,Cn1cc(C(O)NCCN2CCN(c3cccc(C(F)(F)F)c3)CC2)c(Cl)n1,Reductive_amination,,
C157837,1,,,,Cn1cc(C(=O)O)c(Cl)n1,CCCC1CN(c2cccc(C(F)(F)F)c2)CCN1,CCCC1CN(c2cccc(C(F)(F)F)c2)CCN1C(O)c1cn(C)nc1Cl,Reductive_amination,,
C157838,1,,,,Cn1cc(C=O)c(F)n1,NCCCN1CCN(c2cccc(C(F)(F)F)c2)CC1,Cn1cc(CNCCCN2CCN(c3cccc(C(F)(F)F)c3)CC2)c(F)n1,Reductive_amination,,
C157839,1,,,,Cc1nn(C)cc1C(=O)O,CCCC1CN(c2cccc(C(F)(F)F)c2)CCN1,CCCC1CN(c2cccc(C(F)(F)F)c2)CCN1C(O)c1cn(C)nc1C,Reductive_amination,,
C157840,1,,,,Cc1nn(C)cc1C(=O)O,NCCN1CCN(c2cccc(C(F)(F)F)c2)CC1,Cc1nn(C)cc1C(O)NCCN1CCN(c2cccc(C(F)(F)F)c2)CC1,Reductive_amination,,
C157845,1,,,,CCCn1cc(C=O)cn1,CCCC1CN(c2cccc(C(F)(F)F)c2)CCN1,CCCC1CN(c2cccc(C(F)(F)F)c2)CCN1Cc1cnn(CCC)c1,Reductive_amination,,
C157846,1,,,,CSc1c(C=O)cnn1C,NCCN1CCN(c2cccc(C(F)(F)F)c2)CC1,CSc1c(CNCCN2CCN(c3cccc(C(F)(F)F)c3)CC2)cnn1C,Reductive_amination,,
C157847,1,,,,CSc1c(C=O)cnn1C,CCCC1CN(c2cccc(C(F)(F)F)c2)CCN1,CCCC1CN(c2cccc(C(F)(F)F)c2)CCN1Cc1cnn(C)c1SC,Reductive_amination,,
C157849,1,,,,CCCn1cc(C=O)cn1,NCCN1CCN(c2cccc(C(F)(F)F)c2)CC1,CCCn1cc(CNCCN2CCN(c3cccc(C(F)(F)F)c3)CC2)cn1,Reductive_amination,,
C157850,1,,,,Cc1nn(C)c(Cl)c1C=O,NCCN1CCN(c2cccc(C(F)(F)F)c2)CC1,Cc1nn(C)c(Cl)c1CNCCN1CCN(c2cccc(C(F)(F)F)c2)CC1,Reductive_amination,,
C157851,1,,,,Cc1c(C(=O)O)cnn1C,NCCN1CCN(c2cccc(C(F)(F)F)c2)CC1,Cc1c(C(O)NCCN2CCN(c3cccc(C(F)(F)F)c3)CC2)cnn1C,Reductive_amination,,
C157852,1,,,,Cc1c(C(=O)O)cnn1C,CCCC1CN(c2cccc(C(F)(F)F)c2)CCN1,CCCC1CN(c2cccc(C(F)(F)F)c2)CCN1C(O)c1cnn(C)c1C,Reductive_amination,,
C157853,1,,,,Cn1cc(C=O)c(Cl)n1,NCCCN1CCN(c2cccc(C(F)(F)F)c2)CC1,Cn1cc(CNCCCN2CCN(c3cccc(C(F)(F)F)c3)CC2)c(Cl)n1,Reductive_amination,,
C157854,1,,,,Cn1cc(C=O)cn1,CNCCCN1CCN(c2cccc(C(F)(F)F)c2)CC1,CN(CCCN1CCN(c2cccc(C(F)(F)F)c2)CC1)Cc1cnn(C)c1,Reductive_amination,,
C157856,1,,,,Cn1cc(C=O)cn1,NCCCCN1CCN(c2cccc(C(F)(F)F)c2)CC1,Cn1cc(CNCCCCN2CCN(c3cccc(C(F)(F)F)c3)CC2)cn1,Reductive_amination,,
C157858,1,,,,Cc1nn(C)c(Cl)c1C=O,CCCC1CN(c2cccc(C(F)(F)F)c2)CCN1,CCCC1CN(c2cccc(C(F)(F)F)c2)CCN1Cc1c(C)nn(C)c1Cl,Reductive_amination,,
C157859,1,,,,O=Cc1cnn(CCF)c1,NCCN1CCN(c2cccc(C(F)(F)F)c2)CC1,FCCn1cc(CNCCN2CCN(c3cccc(C(F)(F)F)c3)CC2)cn1,Reductive_amination,,
C157860,1,,,,CCn1cc(C(=O)O)cn1,NCCN1CCN(c2cccc(C(F)(F)F)c2)CC1,CCn1cc(C(O)NCCN2CCN(c3cccc(C(F)(F)F)c3)CC2)cn1,Reductive_amination,,
C157861,1,,,,Cn1ncc(C=O)c1[O-],NCCCN1CCN(c2cccc(C(F)(F)F)c2)CC1,Cn1ncc(CNCCCN2CCN(c3cccc(C(F)(F)F)c3)CC2)c1[O-],Reductive_amination,,
C157862,1,,,,Cn1ncc(C=O)c1F,NCCCN1CCN(c2cccc(C(F)(F)F)c2)CC1,Cn1ncc(CNCCCN2CCN(c3cccc(C(F)(F)F)c3)CC2)c1F,Reductive_amination,,
C157863,1,,,,Cc1nn(C)c(F)c1C=O,NCCN1CCN(c2cccc(C(F)(F)F)c2)CC1,Cc1nn(C)c(F)c1CNCCN1CCN(c2cccc(C(F)(F)F)c2)CC1,Reductive_amination,,
C157864,1,,,,Cc1nn(C)c(F)c1C=O,CCCC1CN(c2cccc(C(F)(F)F)c2)CCN1,CCCC1CN(c2cccc(C(F)(F)F)c2)CCN1Cc1c(C)nn(C)c1F,Reductive_amination,,
C157866,1,,,,CCn1ncc(C=O)c1F,NCCN1CCN(c2cccc(C(F)(F)F)c2)CC1,CCn1ncc(CNCCN2CCN(c3cccc(C(F)(F)F)c3)CC2)c1F,Reductive_amination,,
C157867,1,,,,CCn1ncc(C=O)c1F,CCCC1CN(c2cccc(C(F)(F)F)c2)CCN1,CCCC1CN(c2cccc(C(F)(F)F)c2)CCN1Cc1cnn(CC)c1F,Reductive_amination,,
C157869,1,,,,O=Cc1cnn(C(F)F)c1,CCCC1CN(c2cccc(C(F)(F)F)c2)CCN1,CCCC1CN(c2cccc(C(F)(F)F)c2)CCN1Cc1cnn(C(F)F)c1,Reductive_amination,,
C157870,1,,,,C=Cn1ncc(C=O)c1C,CCCC1CN(c2cccc(C(F)(F)F)c2)CCN1,C=Cn1ncc(CN2CCN(c3cccc(C(F)(F)F)c3)CC2CCC)c1C,Reductive_amination,,
C157871,1,,,,C=Cn1ncc(C=O)c1C,NCCN1CCN(c2cccc(C(F)(F)F)c2)CC1,C=Cn1ncc(CNCCN2CCN(c3cccc(C(F)(F)F)c3)CC2)c1C,Reductive_amination,,
C157872,1,,,,Cn1cc(C=O)c(I)n1,NCCCN1CCN(c2cccc(C(F)(F)F)c2)CC1,Cn1cc(CNCCCN2CCN(c3cccc(C(F)(F)F)c3)CC2)c(I)n1,Reductive_amination,,
C157873,1,,,,COC(=O)c1cnn(C)c1,NCCN1CCN(c2cccc(C(F)(F)F)c2)CC1,COC(NCCN1CCN(c2cccc(C(F)(F)F)c2)CC1)c1cnn(C)c1,Reductive_amination,,
C157874,1,,,,COC(=O)c1cnn(C)c1,CCCC1CN(c2cccc(C(F)(F)F)c2)CCN1,CCCC1CN(c2cccc(C(F)(F)F)c2)CCN1C(OC)c1cnn(C)c1,Reductive_amination,,
C157877,1,,,,Cc1nn(C)cc1C=O,NCCCN1CCN(c2cccc(C(F)(F)F)c2)CC1,Cc1nn(C)cc1CNCCCN1CCN(c2cccc(C(F)(F)F)c2)CC1,Reductive_amination,,
C157878,1,,,,Cn1ncc(C(=O)O)c1Br,CCCC1CN(c2cccc(C(F)(F)F)c2)CCN1,CCCC1CN(c2cccc(C(F)(F)F)c2)CCN1C(O)c1cnn(C)c1Br,Reductive_amination,,
C157879,1,,,,Cn1ncc(C(=O)O)c1Br,NCCN1CCN(c2cccc(C(F)(F)F)c2)CC1,Cn1ncc(C(O)NCCN2CCN(c3cccc(C(F)(F)F)c3)CC2)c1Br,Reductive_amination,,
C157880,1,,,,CCn1cc(C(=O)O)cn1,CCCC1CN(c2cccc(C(F)(F)F)c2)CCN1,CCCC1CN(c2cccc(C(F)(F)F)c2)CCN1C(O)c1cnn(CC)c1,Reductive_amination,,
C157881,1,,,,Cc1nn(C)c(C)c1C=O,CCCC1CN(c2cccc(C(F)(F)F)c2)CCN1,CCCC1CN(c2cccc(C(F)(F)F)c2)CCN1Cc1c(C)nn(C)c1C,Reductive_amination,,
C157882,1,,,,O=Cc1cnn(CCF)c1,CCCC1CN(c2cccc(C(F)(F)F)c2)CCN1,CCCC1CN(c2cccc(C(F)(F)F)c2)CCN1Cc1cnn(CCF)c1,Reductive_amination,,
C157885,1,,,,CCn1ncc(C=O)c1C,NCCN1CCN(c2cccc(C(F)(F)F)c2)CC1,CCn1ncc(CNCCN2CCN(c3cccc(C(F)(F)F)c3)CC2)c1C,Reductive_amination,,
C157886,1,,,,CCn1ncc(C=O)c1C,CCCC1CN(c2cccc(C(F)(F)F)c2)CCN1,CCCC1CN(c2cccc(C(F)(F)F)c2)CCN1Cc1cnn(CC)c1C,Reductive_amination,,
C157889,1,,,,Cc1nn(C)c(C)c1C=O,NCCN1CCN(c2cccc(C(F)(F)F)c2)CC1,Cc1nn(C)c(C)c1CNCCN1CCN(c2cccc(C(F)(F)F)c2)CC1,Reductive_amination,,
C157892,1,,,,CCn1cc(C=O)cn1,NCCCCN1CCN(c2cccc(C(F)(F)F)c2)CC1,CCn1cc(CNCCCCN2CCN(c3cccc(C(F)(F)F)c3)CC2)cn1,Reductive_amination,,
C157893,1,,,,Cc1nn(C)cc1C=O,CNCCCN1CCN(c2cccc(C(F)(F)F)c2)CC1,Cc1nn(C)cc1CN(C)CCCN1CCN(c2cccc(C(F)(F)F)c2)CC1,Reductive_amination,,
C157894,1,,,,Cn1cc(C(=O)O)c(I)n1,NCCCN1CCN(c2cccc(C(F)(F)F)c2)CC1,Cn1cc(C(O)NCCCN2CCN(c3cccc(C(F)(F)F)c3)CC2)c(I)n1,Reductive_amination,,
C157895,1,,,,CCn1cc(C=O)cn1,CNCCCN1CCN(c2cccc(C(F)(F)F)c2)CC1,CCn1cc(CN(C)CCCN2CCN(c3cccc(C(F)(F)F)c3)CC2)cn1,Reductive_amination,,
C157896,1,,,,Cc1nn(C)cc1C=O,NCCCCN1CCN(c2cccc(C(F)(F)F)c2)CC1,Cc1nn(C)cc1CNCCCCN1CCN(c2cccc(C(F)(F)F)c2)CC1,Reductive_amination,,
C157897,1,,,,CCc1c(C=O)cnn1C,NCCCN1CCN(c2cccc(C(F)(F)F)c2)CC1,CCc1c(CNCCCN2CCN(c3cccc(C(F)(F)F)c3)CC2)cnn1C,Reductive_amination,,
C157898,1,,,,Cn1ncc(C=O)c1Cl,CNCCCN1CCN(c2cccc(C(F)(F)F)c2)CC1,CN(CCCN1CCN(c2cccc(C(F)(F)F)c2)CC1)Cc1cnn(C)c1Cl,Reductive_amination,,
C157899,1,,,,Cc1c(C=O)cnn1C,NCCCCN1CCN(c2cccc(C(F)(F)F)c2)CC1,Cc1c(CNCCCCN2CCN(c3cccc(C(F)(F)F)c3)CC2)cnn1C,Reductive_amination,,
C157900,1,,,,Cn1ncc(C=O)c1Cl,NCCCCN1CCN(c2cccc(C(F)(F)F)c2)CC1,Cn1ncc(CNCCCCN2CCN(c3cccc(C(F)(F)F)c3)CC2)c1Cl,Reductive_amination,,
C157901,1,,,,C=CCn1cc(C=O)cn1,NCCCN1CCN(c2cccc(C(F)(F)F)c2)CC1,C=CCn1cc(CNCCCN2CCN(c3cccc(C(F)(F)F)c3)CC2)cn1,Reductive_amination,,
C157902,1,,,,CCCn1cc(C=O)cn1,NCCCN1CCN(c2cccc(C(F)(F)F)c2)CC1,CCCn1cc(CNCCCN2CCN(c3cccc(C(F)(F)F)c3)CC2)cn1,Reductive_amination,,
C157903,1,,,,Cc1c(C=O)cnn1C,CNCCCN1CCN(c2cccc(C(F)(F)F)c2)CC1,Cc1c(CN(C)CCCN2CCN(c3cccc(C(F)(F)F)c3)CC2)cnn1C,Reductive_amination,,
C157904,1,,,,C=Cn1ncc(C=O)c1C,NCCCN1CCN(c2cccc(C(F)(F)F)c2)CC1,C=Cn1ncc(CNCCCN2CCN(c3cccc(C(F)(F)F)c3)CC2)c1C,Reductive_amination,,
C157905,1,,,,CCn1cc(C=O)c(C)n1,NCCCN1CCN(c2cccc(C(F)(F)F)c2)CC1,CCn1cc(CNCCCN2CCN(c3cccc(C(F)(F)F)c3)CC2)c(C)n1,Reductive_amination,,
C157906,1,,,,O=Cc1cnn(CCO)c1,NCCCN1CCN(c2cccc(C(F)(F)F)c2)CC1,OCCn1cc(CNCCCN2CCN(c3cccc(C(F)(F)F)c3)CC2)cn1,Reductive_amination,,
C157907,1,,,,Cc1nn(C)cc1C(=O)O,NCCCN1CCN(c2cccc(C(F)(F)F)c2)CC1,Cc1nn(C)cc1C(O)NCCCN1CCN(c2cccc(C(F)(F)F)c2)CC1,Reductive_amination,,
C157908,1,,,,O=Cc1cnn(CCF)c1,NCCCN1CCN(c2cccc(C(F)(F)F)c2)CC1,FCCn1cc(CNCCCN2CCN(c3cccc(C(F)(F)F)c3)CC2)cn1,Reductive_amination,,
C157909,1,,,,CCn1ncc(C=O)c1C,NCCCN1CCN(c2cccc(C(F)(F)F)c2)CC1,CCn1ncc(CNCCCN2CCN(c3cccc(C(F)(F)F)c3)CC2)c1C,Reductive_amination,,
C157910,1,,,,Cn1cc(C(=O)O)c(Cl)n1,NCCCN1CCN(c2cccc(C(F)(F)F)c2)CC1,Cn1cc(C(O)NCCCN2CCN(c3cccc(C(F)(F)F)c3)CC2)c(Cl)n1,Reductive_amination,,
C157911,1,,,,CCn1cc(C(=O)O)cn1,NCCCN1CCN(c2cccc(C(F)(F)F)c2)CC1,CCn1cc(C(O)NCCCN2CCN(c3cccc(C(F)(F)F)c3)CC2)cn1,Reductive_amination,,
C157912,1,,,,Cn1ncc(C=O)c1[O-],CNCCCN1CCN(c2cccc(C(F)(F)F)c2)CC1,CN(CCCN1CCN(c2cccc(C(F)(F)F)c2)CC1)Cc1cnn(C)c1[O-],Reductive_amination,,
C157913,1,,,,Cn1ncc(C=O)c1[O-],NCCCCN1CCN(c2cccc(C(F)(F)F)c2)CC1,Cn1ncc(CNCCCCN2CCN(c3cccc(C(F)(F)F)c3)CC2)c1[O-],Reductive_amination,,
C157914,1,,,,Cc1nn(C)c(C)c1C=O,NCCCN1CCN(c2cccc(C(F)(F)F)c2)CC1,Cc1nn(C)c(C)c1CNCCCN1CCN(c2cccc(C(F)(F)F)c2)CC1,Reductive_amination,,
C157915,1,,,,Cn1ncc(C=O)c1F,CNCCCN1CCN(c2cccc(C(F)(F)F)c2)CC1,CN(CCCN1CCN(c2cccc(C(F)(F)F)c2)CC1)Cc1cnn(C)c1F,Reductive_amination,,
C157916,1,,,,Cn1ncc(C=O)c1F,NCCCCN1CCN(c2cccc(C(F)(F)F)c2)CC1,Cn1ncc(CNCCCCN2CCN(c3cccc(C(F)(F)F)c3)CC2)c1F,Reductive_amination,,
C157917,1,,,,Cc1nn(C)c(F)c1C=O,NCCCN1CCN(c2cccc(C(F)(F)F)c2)CC1,Cc1nn(C)c(F)c1CNCCCN1CCN(c2cccc(C(F)(F)F)c2)CC1,Reductive_amination,,
C157918,1,,,,O=Cc1cnn(C(F)F)c1,NCCCN1CCN(c2cccc(C(F)(F)F)c2)CC1,FC(F)n1cc(CNCCCN2CCN(c3cccc(C(F)(F)F)c3)CC2)cn1,Reductive_amination,,
C157919,1,,,,CSc1c(C=O)cnn1C,NCCCN1CCN(c2cccc(C(F)(F)F)c2)CC1,CSc1c(CNCCCN2CCN(c3cccc(C(F)(F)F)c3)CC2)cnn1C,Reductive_amination,,
C157920,1,,,,Cn1cc(C=O)c(Cl)n1,CNCCCN1CCN(c2cccc(C(F)(F)F)c2)CC1,CN(CCCN1CCN(c2cccc(C(F)(F)F)c2)CC1)Cc1cn(C)nc1Cl,Reductive_amination,,
C157921,1,,,,Cn1cc(C=O)c(Cl)n1,NCCCCN1CCN(c2cccc(C(F)(F)F)c2)CC1,Cn1cc(CNCCCCN2CCN(c3cccc(C(F)(F)F)c3)CC2)c(Cl)n1,Reductive_amination,,
C157922,1,,,,Cc1nn(C)c(Cl)c1C=O,NCCCN1CCN(c2cccc(C(F)(F)F)c2)CC1,Cc1nn(C)c(Cl)c1CNCCCN1CCN(c2cccc(C(F)(F)F)c2)CC1,Reductive_amination,,
C157923,1,,,,Cc1c(C(=O)O)cnn1C,NCCCN1CCN(c2cccc(C(F)(F)F)c2)CC1,Cc1c(C(O)NCCCN2CCN(c3cccc(C(F)(F)F)c3)CC2)cnn1C,Reductive_amination,,
C157924,1,,,,Cn1cc(C=O)c(F)n1,CNCCCN1CCN(c2cccc(C(F)(F)F)c2)CC1,CN(CCCN1CCN(c2cccc(C(F)(F)F)c2)CC1)Cc1cn(C)nc1F,Reductive_amination,,
C157925,1,,,,Cn1cc(C=O)c(F)n1,NCCCCN1CCN(c2cccc(C(F)(F)F)c2)CC1,Cn1cc(CNCCCCN2CCN(c3cccc(C(F)(F)F)c3)CC2)c(F)n1,Reductive_amination,,
C157926,1,,,,O=Cc1cnn(CCCl)c1,NCCCN1CCN(c2cccc(C(F)(F)F)c2)CC1,FC(F)(F)c1cccc(N2CCN(CCCNCc3cnn(CCCl)c3)CC2)c1,Reductive_amination,,
C157927,1,,,,Cn1cc(C=O)c(I)n1,CNCCCN1CCN(c2cccc(C(F)(F)F)c2)CC1,CN(CCCN1CCN(c2cccc(C(F)(F)F)c2)CC1)Cc1cn(C)nc1I,Reductive_amination,,
C157928,1,,,,Cn1cc(C=O)c(I)n1,NCCCCN1CCN(c2cccc(C(F)(F)F)c2)CC1,Cn1cc(CNCCCCN2CCN(c3cccc(C(F)(F)F)c3)CC2)c(I)n1,Reductive_amination,,
C157929,1,,,,CCn1ncc(C=O)c1F,NCCCN1CCN(c2cccc(C(F)(F)F)c2)CC1,CCn1ncc(CNCCCN2CCN(c3cccc(C(F)(F)F)c3)CC2)c1F,Reductive_amination,,
C157930,1,,,,Cn1ncc(C(=O)O)c1Br,NCCCN1CCN(c2cccc(C(F)(F)F)c2)CC1,Cn1ncc(C(O)NCCCN2CCN(c3cccc(C(F)(F)F)c3)CC2)c1Br,Reductive_amination,,
C157931,1,,,,COC(=O)c1cnn(C)c1,NCCCN1CCN(c2cccc(C(F)(F)F)c2)CC1,COC(NCCCN1CCN(c2cccc(C(F)(F)F)c2)CC1)c1cnn(C)c1,Reductive_amination,,
C157932,1,,,,Cn1cc(C=O)c(Br)n1,NCCCCN1CCN(c2cccc(C(F)(F)F)c2)CC1,Cn1cc(CNCCCCN2CCN(c3cccc(C(F)(F)F)c3)CC2)c(Br)n1,Reductive_amination,,
C157933,1,,,,CCc1nn(C)cc1C=O,NCCCN1CCN(c2cccc(C(F)(F)F)c2)CC1,CCc1nn(C)cc1CNCCCN1CCN(c2cccc(C(F)(F)F)c2)CC1,Reductive_amination,,
C157934,1,,,,C=Cn1cc(C=O)cn1,CNCCCN1CCN(c2cccc(C(F)(F)F)c2)CC1,C=Cn1cc(CN(C)CCCN2CCN(c3cccc(C(F)(F)F)c3)CC2)cn1,Reductive_amination,,
C157935,1,,,,C=Cn1cc(C=O)cn1,NCCCCN1CCN(c2cccc(C(F)(F)F)c2)CC1,C=Cn1cc(CNCCCCN2CCN(c3cccc(C(F)(F)F)c3)CC2)cn1,Reductive_amination,,
C157936,1,,,,COc1c(C=O)cnn1C,NCCCN1CCN(c2cccc(C(F)(F)F)c2)CC1,COc1c(CNCCCN2CCN(c3cccc(C(F)(F)F)c3)CC2)cnn1C,Reductive_amination,,
C157937,1,,,,Cn1cc(C(=O)O)c(O)n1,NCCCN1CCN(c2cccc(C(F)(F)F)c2)CC1,Cn1cc(C(O)NCCCN2CCN(c3cccc(C(F)(F)F)c3)CC2)c(O)n1,Reductive_amination,,
C157938,1,,,,COc1nn(C)cc1C=O,NCCCN1CCN(c2cccc(C(F)(F)F)c2)CC1,COc1nn(C)cc1CNCCCN1CCN(c2cccc(C(F)(F)F)c2)CC1,Reductive_amination,,
C157939,1,,,,Cc1nn(C)c(Br)c1C=O,NCCCN1CCN(c2cccc(C(F)(F)F)c2)CC1,Cc1nn(C)c(Br)c1CNCCCN1CCN(c2cccc(C(F)(F)F)c2)CC1,Reductive_amination,,
C157940,1,,,,Cn1cc(C=O)c(O)n1,CNCCCN1CCN(c2cccc(C(F)(F)F)c2)CC1,CN(CCCN1CCN(c2cccc(C(F)(F)F)c2)CC1)Cc1cn(C)nc1O,Reductive_amination,,
C157941,1,,,,Cn1cc(C=O)c(O)n1,NCCCCN1CCN(c2cccc(C(F)(F)F)c2)CC1,Cn1cc(CNCCCCN2CCN(c3cccc(C(F)(F)F)c3)CC2)c(O)n1,Reductive_amination,,
C157942,1,,,,Cn1ncc(C=O)c1CCl,NCCCN1CCN(c2cccc(C(F)(F)F)c2)CC1,Cn1ncc(CNCCCN2CCN(c3cccc(C(F)(F)F)c3)CC2)c1CCl,Reductive_amination,,
C157943,1,,,,Cn1cc(C=O)c(Br)n1,CNCCCN1CCN(c2cccc(C(F)(F)F)c2)CC1,CN(CCCN1CCN(c2cccc(C(F)(F)F)c2)CC1)Cc1cn(C)nc1Br,Reductive_amination,,
C157944,1,,,,Cn1ncc(C(=O)O)c1F,NCCCN1CCN(c2cccc(C(F)(F)F)c2)CC1,Cn1ncc(C(O)NCCCN2CCN(c3cccc(C(F)(F)F)c3)CC2)c1F,Reductive_amination,,
C157945,1,,,,O=Cc1cnn2c1CCC2,NCCCN1CCN(c2cccc(C(F)(F)F)c2)CC1,FC(F)(F)c1cccc(N2CCN(CCCNCc3cnn4c3CCC4)CC2)c1,Reductive_amination,,
C157946,1,,,,Cn1cc(C(=O)O)c(Br)n1,NCCCN1CCN(c2cccc(C(F)(F)F)c2)CC1,Cn1cc(C(O)NCCCN2CCN(c3cccc(C(F)(F)F)c3)CC2)c(Br)n1,Reductive_amination,,
C157947,1,,,,Cn1cc(C(=O)Cl)cn1,CNCCCN1CCN(c2cccc(C(F)(F)F)c2)CC1,CN(CCCN1CCN(c2cccc(C(F)(F)F)c2)CC1)C(Cl)c1cnn(C)c1,Reductive_amination,,
C157948,1,,,,Cn1cc(C(=O)Cl)cn1,NCCCCN1CCN(c2cccc(C(F)(F)F)c2)CC1,Cn1cc(C(Cl)NCCCCN2CCN(c3cccc(C(F)(F)F)c3)CC2)cn1,Reductive_amination,,
C157949,1,,,,Cn1ncc(C(=O)O)c1I,NCCCN1CCN(c2cccc(C(F)(F)F)c2)CC1,Cn1ncc(C(O)NCCCN2CCN(c3cccc(C(F)(F)F)c3)CC2)c1I,Reductive_amination,,
C157950,1,,,,Cn1cc(C(=O)O)cn1,CNCCCN1CCN(c2cccc(C(F)(F)F)c2)CC1,CN(CCCN1CCN(c2cccc(C(F)(F)F)c2)CC1)C(O)c1cnn(C)c1,Reductive_amination,,
C157951,1,,,,CC(C)n1cc(C=O)cn1,NCCCN1CCN(c2cccc(C(F)(F)F)c2)CC1,CC(C)n1cc(CNCCCN2CCN(c3cccc(C(F)(F)F)c3)CC2)cn1,Reductive_amination,,
C157952,1,,,,Cn1ncc(C=O)c1Br,CNCCCN1CCN(c2cccc(C(F)(F)F)c2)CC1,CN(CCCN1CCN(c2cccc(C(F)(F)F)c2)CC1)Cc1cnn(C)c1Br,Reductive_amination,,
C157953,1,,,,Cn1ncc(C=O)c1Br,NCCCCN1CCN(c2cccc(C(F)(F)F)c2)CC1,Cn1ncc(CNCCCCN2CCN(c3cccc(C(F)(F)F)c3)CC2)c1Br,Reductive_amination,,
C157954,1,,,,Cn1cc(C(=O)O)cn1,NCCCCN1CCN(c2cccc(C(F)(F)F)c2)CC1,Cn1cc(C(O)NCCCCN2CCN(c3cccc(C(F)(F)F)c3)CC2)cn1,Reductive_amination,,
C157955,1,,,,Cn1ncc(C(=O)O)c1Br,CNCCCN1CCN(c2cccc(C(F)(F)F)c2)CC1,CN(CCCN1CCN(c2cccc(C(F)(F)F)c2)CC1)C(O)c1cnn(C)c1Br,Reductive_amination,,
C157956,1,,,,Cn1ncc(C(=O)O)c1Br,NCCCCN1CCN(c2cccc(C(F)(F)F)c2)CC1,Cn1ncc(C(O)NCCCCN2CCN(c3cccc(C(F)(F)F)c3)CC2)c1Br,Reductive_amination,,
C157957,1,,,,CC(C)n1cc(C=O)cn1,CNCCCN1CCN(c2cccc(C(F)(F)F)c2)CC1,CC(C)n1cc(CN(C)CCCN2CCN(c3cccc(C(F)(F)F)c3)CC2)cn1,Reductive_amination,,
C157958,1,,,,CCc1c(C=O)cnn1C,NCCCCN1CCN(c2cccc(C(F)(F)F)c2)CC1,CCc1c(CNCCCCN2CCN(c3cccc(C(F)(F)F)c3)CC2)cnn1C,Reductive_amination,,
C157959,1,,,,CC(C)n1cc(C=O)cn1,NCCCCN1CCN(c2cccc(C(F)(F)F)c2)CC1,CC(C)n1cc(CNCCCCN2CCN(c3cccc(C(F)(F)F)c3)CC2)cn1,Reductive_amination,,
C157960,1,,,,CCn1cc(C(=O)O)cn1,NCCCCN1CCN(c2cccc(C(F)(F)F)c2)CC1,CCn1cc(C(O)NCCCCN2CCN(c3cccc(C(F)(F)F)c3)CC2)cn1,Reductive_amination,,
C157961,1,,,,CCn1cc(C(=O)O)cn1,CNCCCN1CCN(c2cccc(C(F)(F)F)c2)CC1,CCn1cc(C(O)N(C)CCCN2CCN(c3cccc(C(F)(F)F)c3)CC2)cn1,Reductive_amination,,
C157962,1,,,,Cn1cc(C(=O)O)c(O)n1,NCCCCN1CCN(c2cccc(C(F)(F)F)c2)CC1,Cn1cc(C(O)NCCCCN2CCN(c3cccc(C(F)(F)F)c3)CC2)c(O)n1,Reductive_amination,,
C157963,1,,,,Cn1cc(C(=O)O)c(Cl)n1,CNCCCN1CCN(c2cccc(C(F)(F)F)c2)CC1,CN(CCCN1CCN(c2cccc(C(F)(F)F)c2)CC1)C(O)c1cn(C)nc1Cl,Reductive_amination,,
C157964,1,,,,Cn1cc(C(=O)O)c(Cl)n1,NCCCCN1CCN(c2cccc(C(F)(F)F)c2)CC1,Cn1cc(C(O)NCCCCN2CCN(c3cccc(C(F)(F)F)c3)CC2)c(Cl)n1,Reductive_amination,,
C157965,1,,,,Cn1cc(C(=O)O)c(O)n1,CNCCCN1CCN(c2cccc(C(F)(F)F)c2)CC1,CN(CCCN1CCN(c2cccc(C(F)(F)F)c2)CC1)C(O)c1cn(C)nc1O,Reductive_amination,,
C157966,1,,,,CCc1c(C=O)cnn1C,CNCCCN1CCN(c2cccc(C(F)(F)F)c2)CC1,CCc1c(CN(C)CCCN2CCN(c3cccc(C(F)(F)F)c3)CC2)cnn1C,Reductive_amination,,
C157967,1,,,,CSc1c(C=O)cnn1C,CNCCCN1CCN(c2cccc(C(F)(F)F)c2)CC1,CSc1c(CN(C)CCCN2CCN(c3cccc(C(F)(F)F)c3)CC2)cnn1C,Reductive_amination,,
C157968,1,,,,CCCn1cc(C=O)cn1,CNCCCN1CCN(c2cccc(C(F)(F)F)c2)CC1,CCCn1cc(CN(C)CCCN2CCN(c3cccc(C(F)(F)F)c3)CC2)cn1,Reductive_amination,,
C157969,1,,,,Cc1nn(C)c(C)c1C=O,CNCCCN1CCN(c2cccc(C(F)(F)F)c2)CC1,Cc1nn(C)c(C)c1CN(C)CCCN1CCN(c2cccc(C(F)(F)F)c2)CC1,Reductive_amination,,
C157970,1,,,,Cc1nn(C)c(F)c1C=O,NCCCCN1CCN(c2cccc(C(F)(F)F)c2)CC1,Cc1nn(C)c(F)c1CNCCCCN1CCN(c2cccc(C(F)(F)F)c2)CC1,Reductive_amination,,
C157971,1,,,,Cc1nn(C)c(F)c1C=O,CNCCCN1CCN(c2cccc(C(F)(F)F)c2)CC1,Cc1nn(C)c(F)c1CN(C)CCCN1CCN(c2cccc(C(F)(F)F)c2)CC1,Reductive_amination,,
C157972,1,,,,CCn1ncc(C=O)c1F,NCCCCN1CCN(c2cccc(C(F)(F)F)c2)CC1,CCn1ncc(CNCCCCN2CCN(c3cccc(C(F)(F)F)c3)CC2)c1F,Reductive_amination,,
C157973,1,,,,CCn1ncc(C=O)c1F,CNCCCN1CCN(c2cccc(C(F)(F)F)c2)CC1,CCn1ncc(CN(C)CCCN2CCN(c3cccc(C(F)(F)F)c3)CC2)c1F,Reductive_amination,,
C157974,1,,,,COC(=O)c1cnn(C)c1,NCCCCN1CCN(c2cccc(C(F)(F)F)c2)CC1,COC(NCCCCN1CCN(c2cccc(C(F)(F)F)c2)CC1)c1cnn(C)c1,Reductive_amination,,
C157975,1,,,,Cc1nn(C)c(C)c1C=O,NCCCCN1CCN(c2cccc(C(F)(F)F)c2)CC1,Cc1nn(C)c(C)c1CNCCCCN1CCN(c2cccc(C(F)(F)F)c2)CC1,Reductive_amination,,
C157976,1,,,,COC(=O)c1cnn(C)c1,CNCCCN1CCN(c2cccc(C(F)(F)F)c2)CC1,COC(c1cnn(C)c1)N(C)CCCN1CCN(c2cccc(C(F)(F)F)c2)CC1,Reductive_amination,,
C157977,1,,,,Cn1ncc(C(=O)O)c1I,NCCCCN1CCN(c2cccc(C(F)(F)F)c2)CC1,Cn1ncc(C(O)NCCCCN2CCN(c3cccc(C(F)(F)F)c3)CC2)c1I,Reductive_amination,,
C157978,1,,,,Cn1ncc(C(=O)O)c1I,CNCCCN1CCN(c2cccc(C(F)(F)F)c2)CC1,CN(CCCN1CCN(c2cccc(C(F)(F)F)c2)CC1)C(O)c1cnn(C)c1I,Reductive_amination,,
C157979,1,,,,O=Cc1cnn2c1CCC2,NCCCCN1CCN(c2cccc(C(F)(F)F)c2)CC1,FC(F)(F)c1cccc(N2CCN(CCCCNCc3cnn4c3CCC4)CC2)c1,Reductive_amination,,
C157980,1,,,,O=Cc1cnn2c1CCC2,CNCCCN1CCN(c2cccc(C(F)(F)F)c2)CC1,CN(CCCN1CCN(c2cccc(C(F)(F)F)c2)CC1)Cc1cnn2c1CCC2,Reductive_amination,,
C157981,1,,,,CCn1ncc(C=O)c1C,CNCCCN1CCN(c2cccc(C(F)(F)F)c2)CC1,CCn1ncc(CN(C)CCCN2CCN(c3cccc(C(F)(F)F)c3)CC2)c1C,Reductive_amination,,
C157982,1,,,,Cc1nn(C)c(Cl)c1C=O,NCCCCN1CCN(c2cccc(C(F)(F)F)c2)CC1,Cc1nn(C)c(Cl)c1CNCCCCN1CCN(c2cccc(C(F)(F)F)c2)CC1,Reductive_amination,,
C157983,1,,,,Cc1nn(C)c(Cl)c1C=O,CNCCCN1CCN(c2cccc(C(F)(F)F)c2)CC1,Cc1nn(C)c(Cl)c1CN(C)CCCN1CCN(c2cccc(C(F)(F)F)c2)CC1,Reductive_amination,,
C157984,1,,,,Cc1c(C(=O)O)cnn1C,NCCCCN1CCN(c2cccc(C(F)(F)F)c2)CC1,Cc1c(C(O)NCCCCN2CCN(c3cccc(C(F)(F)F)c3)CC2)cnn1C,Reductive_amination,,
C157985,1,,,,O=Cc1cnn(CCCl)c1,NCCCCN1CCN(c2cccc(C(F)(F)F)c2)CC1,FC(F)(F)c1cccc(N2CCN(CCCCNCc3cnn(CCCl)c3)CC2)c1,Reductive_amination,,
C157986,1,,,,O=Cc1cnn(CCCl)c1,CNCCCN1CCN(c2cccc(C(F)(F)F)c2)CC1,CN(CCCN1CCN(c2cccc(C(F)(F)F)c2)CC1)Cc1cnn(CCCl)c1,Reductive_amination,,
C157987,1,,,,Cc1nn(C)cc1C(=O)O,NCCCCN1CCN(c2cccc(C(F)(F)F)c2)CC1,Cc1nn(C)cc1C(O)NCCCCN1CCN(c2cccc(C(F)(F)F)c2)CC1,Reductive_amination,,
C157988,1,,,,Cc1nn(C)cc1C(=O)O,CNCCCN1CCN(c2cccc(C(F)(F)F)c2)CC1,Cc1nn(C)cc1C(O)N(C)CCCN1CCN(c2cccc(C(F)(F)F)c2)CC1,Reductive_amination,,
C157989,1,,,,O=Cc1cnn(CCF)c1,NCCCCN1CCN(c2cccc(C(F)(F)F)c2)CC1,FCCn1cc(CNCCCCN2CCN(c3cccc(C(F)(F)F)c3)CC2)cn1,Reductive_amination,,
C157990,1,,,,O=Cc1cnn(CCF)c1,CNCCCN1CCN(c2cccc(C(F)(F)F)c2)CC1,CN(CCCN1CCN(c2cccc(C(F)(F)F)c2)CC1)Cc1cnn(CCF)c1,Reductive_amination,,
C157991,1,,,,CCn1ncc(C=O)c1C,NCCCCN1CCN(c2cccc(C(F)(F)F)c2)CC1,CCn1ncc(CNCCCCN2CCN(c3cccc(C(F)(F)F)c3)CC2)c1C,Reductive_amination,,
C157992,1,,,,Cn1ncc(C(=O)O)c1F,NCCCCN1CCN(c2cccc(C(F)(F)F)c2)CC1,Cn1ncc(C(O)NCCCCN2CCN(c3cccc(C(F)(F)F)c3)CC2)c1F,Reductive_amination,,
C157993,1,,,,Cn1ncc(C(=O)O)c1F,CNCCCN1CCN(c2cccc(C(F)(F)F)c2)CC1,CN(CCCN1CCN(c2cccc(C(F)(F)F)c2)CC1)C(O)c1cnn(C)c1F,Reductive_amination,,
C157994,1,,,,Cn1cc(C(=O)O)c(Br)n1,NCCCCN1CCN(c2cccc(C(F)(F)F)c2)CC1,Cn1cc(C(O)NCCCCN2CCN(c3cccc(C(F)(F)F)c3)CC2)c(Br)n1,Reductive_amination,,
C157995,1,,,,Cn1cc(C(=O)O)c(I)n1,NCCCCN1CCN(c2cccc(C(F)(F)F)c2)CC1,Cn1cc(C(O)NCCCCN2CCN(c3cccc(C(F)(F)F)c3)CC2)c(I)n1,Reductive_amination,,
C157996,1,,,,Cn1cc(C(=O)O)c(I)n1,CNCCCN1CCN(c2cccc(C(F)(F)F)c2)CC1,CN(CCCN1CCN(c2cccc(C(F)(F)F)c2)CC1)C(O)c1cn(C)nc1I,Reductive_amination,,
C157997,1,,,,C=Cn1ncc(C=O)c1C,NCCCCN1CCN(c2cccc(C(F)(F)F)c2)CC1,C=Cn1ncc(CNCCCCN2CCN(c3cccc(C(F)(F)F)c3)CC2)c1C,Reductive_amination,,
C157999,1,,,,CCn1cc(C=O)c(C)n1,NCCCCN1CCN(c2cccc(C(F)(F)F)c2)CC1,CCn1cc(CNCCCCN2CCN(c3cccc(C(F)(F)F)c3)CC2)c(C)n1,Reductive_amination,,
C158000,1,,,,CCn1cc(C=O)c(C)n1,CNCCCN1CCN(c2cccc(C(F)(F)F)c2)CC1,CCn1cc(CN(C)CCCN2CCN(c3cccc(C(F)(F)F)c3)CC2)c(C)n1,Reductive_amination,,
C158001,1,,,,CCCn1cc(C=O)cn1,NCCCCN1CCN(c2cccc(C(F)(F)F)c2)CC1,CCCn1cc(CNCCCCN2CCN(c3cccc(C(F)(F)F)c3)CC2)cn1,Reductive_amination,,
C158002,1,,,,C=CCn1cc(C=O)cn1,CNCCCN1CCN(c2cccc(C(F)(F)F)c2)CC1,C=CCn1cc(CN(C)CCCN2CCN(c3cccc(C(F)(F)F)c3)CC2)cn1,Reductive_amination,,
C158003,1,,,,CSc1c(C=O)cnn1C,NCCCCN1CCN(c2cccc(C(F)(F)F)c2)CC1,CSc1c(CNCCCCN2CCN(c3cccc(C(F)(F)F)c3)CC2)cnn1C,Reductive_amination,,
C158004,1,,,,C=CCn1cc(C=O)cn1,NCCCCN1CCN(c2cccc(C(F)(F)F)c2)CC1,C=CCn1cc(CNCCCCN2CCN(c3cccc(C(F)(F)F)c3)CC2)cn1,Reductive_amination,,
C158005,1,,,,O=Cc1cnn(C(F)F)c1,NCCCCN1CCN(c2cccc(C(F)(F)F)c2)CC1,FC(F)n1cc(CNCCCCN2CCN(c3cccc(C(F)(F)F)c3)CC2)cn1,Reductive_amination,,
C158006,1,,,,Cn1cc(C(=O)O)c(Br)n1,CNCCCN1CCN(c2cccc(C(F)(F)F)c2)CC1,CN(CCCN1CCN(c2cccc(C(F)(F)F)c2)CC1)C(O)c1cn(C)nc1Br,Reductive_amination,,
C158007,1,,,,CCc1nn(C)cc1C=O,NCCCCN1CCN(c2cccc(C(F)(F)F)c2)CC1,CCc1nn(C)cc1CNCCCCN1CCN(c2cccc(C(F)(F)F)c2)CC1,Reductive_amination,,
C158008,1,,,,CCc1nn(C)cc1C=O,CNCCCN1CCN(c2cccc(C(F)(F)F)c2)CC1,CCc1nn(C)cc1CN(C)CCCN1CCN(c2cccc(C(F)(F)F)c2)CC1,Reductive_amination,,
C158009,1,,,,COc1c(C=O)cnn1C,NCCCCN1CCN(c2cccc(C(F)(F)F)c2)CC1,COc1c(CNCCCCN2CCN(c3cccc(C(F)(F)F)c3)CC2)cnn1C,Reductive_amination,,
C158010,1,,,,COc1c(C=O)cnn1C,CNCCCN1CCN(c2cccc(C(F)(F)F)c2)CC1,COc1c(CN(C)CCCN2CCN(c3cccc(C(F)(F)F)c3)CC2)cnn1C,Reductive_amination,,
C158011,1,,,,COc1nn(C)cc1C=O,NCCCCN1CCN(c2cccc(C(F)(F)F)c2)CC1,COc1nn(C)cc1CNCCCCN1CCN(c2cccc(C(F)(F)F)c2)CC1,Reductive_amination,,
C158012,1,,,,COc1nn(C)cc1C=O,CNCCCN1CCN(c2cccc(C(F)(F)F)c2)CC1,COc1nn(C)cc1CN(C)CCCN1CCN(c2cccc(C(F)(F)F)c2)CC1,Reductive_amination,,
C158013,1,,,,Cc1nn(C)c(Br)c1C=O,NCCCCN1CCN(c2cccc(C(F)(F)F)c2)CC1,Cc1nn(C)c(Br)c1CNCCCCN1CCN(c2cccc(C(F)(F)F)c2)CC1,Reductive_amination,,
C158014,1,,,,Cc1nn(C)c(Br)c1C=O,CNCCCN1CCN(c2cccc(C(F)(F)F)c2)CC1,Cc1nn(C)c(Br)c1CN(C)CCCN1CCN(c2cccc(C(F)(F)F)c2)CC1,Reductive_amination,,
C158015,1,,,,Cn1ncc(C=O)c1CCl,NCCCCN1CCN(c2cccc(C(F)(F)F)c2)CC1,Cn1ncc(CNCCCCN2CCN(c3cccc(C(F)(F)F)c3)CC2)c1CCl,Reductive_amination,,
C158016,1,,,,Cn1ncc(C=O)c1CCl,CNCCCN1CCN(c2cccc(C(F)(F)F)c2)CC1,CN(CCCN1CCN(c2cccc(C(F)(F)F)c2)CC1)Cc1cnn(C)c1CCl,Reductive_amination,,
C158017,1,,,,O=Cc1cnn(CCO)c1,NCCCCN1CCN(c2cccc(C(F)(F)F)c2)CC1,OCCn1cc(CNCCCCN2CCN(c3cccc(C(F)(F)F)c3)CC2)cn1,Reductive_amination,,
C158018,1,,,,O=Cc1cnn(CCO)c1,CNCCCN1CCN(c2cccc(C(F)(F)F)c2)CC1,CN(CCCN1CCN(c2cccc(C(F)(F)F)c2)CC1)Cc1cnn(CCO)c1,Reductive_amination,,
C158019,1,,,,O=Cc1cnn(C(F)F)c1,CNCCCN1CCN(c2cccc(C(F)(F)F)c2)CC1,CN(CCCN1CCN(c2cccc(C(F)(F)F)c2)CC1)Cc1cnn(C(F)F)c1,Reductive_amination,,
C158020,1,,,,Cc1c(C(=O)O)cnn1C,CNCCCN1CCN(c2cccc(C(F)(F)F)c2)CC1,Cc1c(C(O)N(C)CCCN2CCN(c3cccc(C(F)(F)F)c3)CC2)cnn1C,Reductive_amination,,
