target-names,no-steps,concentration-required-mM,amount-required-uL,batch-tag,reactant-1-1,reactant-2-1,reaction-product-smiles-1,reaction-name-1,reaction-recipe-1,reaction-groupby-column-1
C350381,1,,,,Cn1cc(C(=O)O)c2ccc(Br)cc21,CCC(C)N,CCC(C)NC(=O)c1cn(C)c2cc(Br)ccc12,Amidation,,
C350383,1,,,,ClC1CNC1,Cn1cc(C(=O)O)c2cccc(Cl)c21,Cn1cc(C(=O)N2CC(Cl)C2)c2cccc(Cl)c21,Amidation,,
C350386,1,,,,Cn1cc(C(=O)O)c2cc(F)ccc21,CC(N)CF,CC(CF)NC(=O)c1cn(C)c2ccc(F)cc12,Amidation,,
C350389,1,,,,C=C(Br)CN,Cn1cc(C(=O)O)c2cc(F)ccc21,C=C(Br)CNC(=O)c1cn(C)c2ccc(F)cc12,Amidation,,
C350399,1,,,,Cn1cc(C(=O)O)c2cc(F)ccc21,NN1CCC1,Cn1cc(C(=O)NN2CCC2)c2cc(F)ccc21,Amidation,,
C350400,1,,,,CC(S)CN,Cn1cc(C(=O)O)c2ccc(Br)cc21,CC(S)CNC(=O)c1cn(C)c2cc(Br)ccc12,Amidation,,
C350401,1,,,,Cn1cc(C(=O)O)c2ccc(Br)cc21,CCCCN,CCCCNC(=O)c1cn(C)c2cc(Br)ccc12,Amidation,,
C350403,1,,,,Cn1cc(C(=O)O)c2cccc(Cl)c21,NCCNO,Cn1cc(C(=O)NCCNO)c2cccc(Cl)c21,Amidation,,
C350407,1,,,,Cn1cc(C(=O)O)c2cc(Br)ccc21,FC1CNC1,Cn1cc(C(=O)N2CC(F)C2)c2cc(Br)ccc21,Amidation,,
C350409,1,,,,Cn1cc(C(=O)O)c2cc(Br)ccc21,CC(Cl)CN,CC(Cl)CNC(=O)c1cn(C)c2ccc(Br)cc12,Amidation,,
C350417,1,,,,C#CC(C)N,Cn1cc(C(=O)O)c2cc(Br)ccc21,C#CC(C)NC(=O)c1cn(C)c2ccc(Br)cc12,Amidation,,
C350419,1,,,,Cn1cc(C(=O)O)c2cc(Br)ccc21,CC(N)CCl,CC(CCl)NC(=O)c1cn(C)c2ccc(Br)cc12,Amidation,,
C350423,1,,,,Cn1cc(C(=O)O)c2cc(Br)ccc21,CC1CCN1,CC1CCN1C(=O)c1cn(C)c2ccc(Br)cc12,Amidation,,
C350426,1,,,,CC(N)CS,Cn1cc(C(=O)O)c2cc(Br)ccc21,CC(CS)NC(=O)c1cn(C)c2ccc(Br)cc12,Amidation,,
C350428,1,,,,Cn1cc(C(=O)O)c2cc(Br)ccc21,NCC(F)Cl,Cn1cc(C(=O)NCC(F)Cl)c2cc(Br)ccc21,Amidation,,
C350430,1,,,,Cn1cc(C(=O)O)c2cc(Br)ccc21,CC(F)CN,CC(F)CNC(=O)c1cn(C)c2ccc(Br)cc12,Amidation,,
C350431,1,,,,NCC=CCl,Cn1cc(C(=O)O)c2cc(Br)ccc21,Cn1cc(C(=O)NCC=CCl)c2cc(Br)ccc21,Amidation,,
C350437,1,,,,Cn1cc(C(=O)O)c2cc(Br)ccc21,NN1CCC1,Cn1cc(C(=O)NN2CCC2)c2cc(Br)ccc21,Amidation,,
C350439,1,,,,NCCCO,Cn1cc(C(=O)O)c2cc(Br)ccc21,Cn1cc(C(=O)NCCCO)c2cc(Br)ccc21,Amidation,,
C350441,1,,,,Cn1cc(C(=O)O)c2cc(Br)ccc21,CC(C)(C)N,Cn1cc(C(=O)NC(C)(C)C)c2cc(Br)ccc21,Amidation,,
C350443,1,,,,NCCCBr,Cn1cc(C(=O)O)c2cc(Br)ccc21,Cn1cc(C(=O)NCCCBr)c2cc(Br)ccc21,Amidation,,
C350444,1,,,,Cn1cc(C(=O)O)c2cc(Br)ccc21,CCC(C)N,CCC(C)NC(=O)c1cn(C)c2ccc(Br)cc12,Amidation,,
C350446,1,,,,Cn1cc(C(=O)O)c2cc(Br)ccc21,CC#CCN,CC#CCNC(=O)c1cn(C)c2ccc(Br)cc12,Amidation,,
C350447,1,,,,Cn1cc(C(=O)O)c2cc(Br)ccc21,CC(=O)CN,CC(=O)CNC(=O)c1cn(C)c2ccc(Br)cc12,Amidation,,
C350450,1,,,,SC1CNC1,Cn1c(Cl)c(C(=O)O)c2ccccc21,Cn1c(Cl)c(C(=O)N2CC(S)C2)c2ccccc21,Amidation,,
C350451,1,,,,Cn1c(Cl)c(C(=O)O)c2ccccc21,C=C(F)CN,C=C(F)CNC(=O)c1c(Cl)n(C)c2ccccc12,Amidation,,
C350452,1,,,,CC(Br)CN,Cn1c(Cl)c(C(=O)O)c2ccccc21,CC(Br)CNC(=O)c1c(Cl)n(C)c2ccccc12,Amidation,,
C350454,1,,,,CC(S)CN,Cn1c(Cl)c(C(=O)O)c2ccccc21,CC(S)CNC(=O)c1c(Cl)n(C)c2ccccc12,Amidation,,
C350455,1,,,,Cn1c(Cl)c(C(=O)O)c2ccccc21,CCCCN,CCCCNC(=O)c1c(Cl)n(C)c2ccccc12,Amidation,,
C350463,1,,,,CC(N)CS,Cn1c(Cl)c(C(=O)O)c2ccccc21,CC(CS)NC(=O)c1c(Cl)n(C)c2ccccc12,Amidation,,
C350465,1,,,,Cn1c(Cl)c(C(=O)O)c2ccccc21,NCCNO,Cn1c(Cl)c(C(=O)NCCNO)c2ccccc21,Amidation,,
C350469,1,,,,Cn1cc(C(=O)O)c2cc(Br)ccc21,CC1(N)CC1,Cn1cc(C(=O)NC2(C)CC2)c2cc(Br)ccc21,Amidation,,
C350470,1,,,,CC(N)CO,Cn1cc(C(=O)O)c2cc(Br)ccc21,CC(CO)NC(=O)c1cn(C)c2ccc(Br)cc12,Amidation,,
C350473,1,,,,Cn1cc(C(=O)O)c2cc(Br)ccc21,CC1CC1N,CC1CC1NC(=O)c1cn(C)c2ccc(Br)cc12,Amidation,,
C350474,1,,,,Cn1cc(C(=O)O)c2cc(Br)ccc21,CC(N)C#N,CC(C#N)NC(=O)c1cn(C)c2ccc(Br)cc12,Amidation,,
C350481,1,,,,CCN(C)N,Cn1c(Cl)c(C(=O)O)c2ccccc21,CCN(C)NC(=O)c1c(Cl)n(C)c2ccccc12,Amidation,,
C350488,1,,,,Cn1cc(C(=O)O)c2cc(Br)ccc21,NCC(=O)[O-],Cn1cc(C(=O)NCC(=O)[O-])c2cc(Br)ccc21,Amidation,,
C350490,1,,,,Cn1cc(C(=O)O)c2ccc(F)cc21,CC(C)(C)N,Cn1cc(C(=O)NC(C)(C)C)c2ccc(F)cc21,Amidation,,
C350492,1,,,,NCCCBr,Cn1cc(C(=O)O)c2ccc(F)cc21,Cn1cc(C(=O)NCCCBr)c2ccc(F)cc21,Amidation,,
C350495,1,,,,CC1CCN1,Cn1cc(C(=O)O)c2ccc(F)cc21,CC1CCN1C(=O)c1cn(C)c2cc(F)ccc12,Amidation,,
C350496,1,,,,C=C(Br)CN,Cn1cc(C(=O)O)c2ccc(F)cc21,C=C(Br)CNC(=O)c1cn(C)c2cc(F)ccc12,Amidation,,
C350499,1,,,,Cn1cc(C(=O)O)c2ccc(F)cc21,CC(N)CF,CC(CF)NC(=O)c1cn(C)c2cc(F)ccc12,Amidation,,
C350500,1,,,,Cn1cc(C(=O)O)c2ccc(F)cc21,CC(Cl)CN,CC(Cl)CNC(=O)c1cn(C)c2cc(F)ccc12,Amidation,,
C350508,1,,,,NCCCO,Cn1cc(C(=O)O)c2ccc(F)cc21,Cn1cc(C(=O)NCCCO)c2ccc(F)cc21,Amidation,,
C350510,1,,,,NN1CCC1,Cn1cc(C(=O)O)c2ccc(F)cc21,Cn1cc(C(=O)NN2CCC2)c2ccc(F)cc21,Amidation,,
C350518,1,,,,CC(N)CS,Cn1cc(C(=O)O)c2ccc(F)cc21,CC(CS)NC(=O)c1cn(C)c2cc(F)ccc12,Amidation,,
C350522,1,,,,Cn1cc(C(=O)O)c2ccc(F)cc21,CC(F)CN,CC(F)CNC(=O)c1cn(C)c2cc(F)ccc12,Amidation,,
C350523,1,,,,NCC=CCl,Cn1cc(C(=O)O)c2ccc(F)cc21,Cn1cc(C(=O)NCC=CCl)c2ccc(F)cc21,Amidation,,
C350525,1,,,,NC1CSC1,Cn1cc(C(=O)O)c2ccc(F)cc21,Cn1cc(C(=O)NC2CSC2)c2ccc(F)cc21,Amidation,,
C350527,1,,,,Cn1cc(C(=O)O)c2ccc(F)cc21,CCC(C)N,CCC(C)NC(=O)c1cn(C)c2cc(F)ccc12,Amidation,,
C350530,1,,,,C#CC(C)N,Cn1cc(C(=O)O)c2ccc(F)cc21,C#CC(C)NC(=O)c1cn(C)c2cc(F)ccc12,Amidation,,
C350531,1,,,,Cn1cc(C(=O)O)c2ccc(F)cc21,NCCCCl,Cn1cc(C(=O)NCCCCl)c2ccc(F)cc21,Amidation,,
C350532,1,,,,CC(C)CN,Cn1cc(C(=O)O)c2cc(Br)ccc21,CC(C)CNC(=O)c1cn(C)c2ccc(Br)cc12,Amidation,,
C350533,1,,,,Cn1cc(C(=O)O)c2cc(Br)ccc21,COCCN,COCCNC(=O)c1cn(C)c2ccc(Br)cc12,Amidation,,
C350536,1,,,,NCC#CBr,Cn1cc(C(=O)O)c2cc(Br)ccc21,Cn1cc(C(=O)NCC#CBr)c2cc(Br)ccc21,Amidation,,
C350537,1,,,,Cn1cc(C(=O)O)c2cc(Br)ccc21,NCCNO,Cn1cc(C(=O)NCCNO)c2cc(Br)ccc21,Amidation,,
C350539,1,,,,Cn1cc(C(=O)O)c2cc(Br)ccc21,NCCCI,Cn1cc(C(=O)NCCCI)c2cc(Br)ccc21,Amidation,,
C350544,1,,,,CC(S)CN,Cn1cc(C(=O)O)c2cc(Br)ccc21,CC(S)CNC(=O)c1cn(C)c2ccc(Br)cc12,Amidation,,
C350549,1,,,,SC1CNC1,Cn1cc(C(=O)O)c2cc(Br)ccc21,Cn1cc(C(=O)N2CC(S)C2)c2cc(Br)ccc21,Amidation,,
C350551,1,,,,Cn1cc(C(=O)O)c2cc(Br)ccc21,CCN(C)N,CCN(C)NC(=O)c1cn(C)c2ccc(Br)cc12,Amidation,,
C350553,1,,,,Cn1cc(C(=O)O)c2ccc(F)cc21,CC(N)CCl,CC(CCl)NC(=O)c1cn(C)c2cc(F)ccc12,Amidation,,
C350556,1,,,,Cn1cc(C(=O)O)c2ccc(F)cc21,C=CC(C)N,C=CC(C)NC(=O)c1cn(C)c2cc(F)ccc12,Amidation,,
C350562,1,,,,Cn1cc(C(=O)O)c2ccc(F)cc21,CC1(N)CC1,Cn1cc(C(=O)NC2(C)CC2)c2ccc(F)cc21,Amidation,,
C350564,1,,,,OC1CNC1,Cn1cc(C(=O)O)c2ccc(F)cc21,Cn1cc(C(=O)N2CC(O)C2)c2ccc(F)cc21,Amidation,,
C350565,1,,,,Cn1cc(C(=O)O)c2ccc(F)cc21,CC1CC1N,CC1CC1NC(=O)c1cn(C)c2cc(F)ccc12,Amidation,,
C350566,1,,,,Cn1cc(C(=O)O)c2ccc(F)cc21,CC(N)C#N,CC(C#N)NC(=O)c1cn(C)c2cc(F)ccc12,Amidation,,
C350573,1,,,,Cn1cc(C(=O)O)c2cc(Br)ccc21,C=CC(C)N,C=CC(C)NC(=O)c1cn(C)c2ccc(Br)cc12,Amidation,,
C350581,1,,,,Cn1cc(C(=O)O)c2ccc(Cl)cc21,NC1CCC1,Cn1cc(C(=O)NC2CCC2)c2ccc(Cl)cc21,Amidation,,
C350582,1,,,,CC(N)CS,Cn1cc(C(=O)O)c2ccc(Cl)cc21,CC(CS)NC(=O)c1cn(C)c2cc(Cl)ccc12,Amidation,,
C350585,1,,,,Cn1cc(C(=O)O)c2ccc(Cl)cc21,NCC(F)Cl,Cn1cc(C(=O)NCC(F)Cl)c2ccc(Cl)cc21,Amidation,,
C350586,1,,,,Cn1cc(C(=O)O)c2ccc(Cl)cc21,CC(F)CN,CC(F)CNC(=O)c1cn(C)c2cc(Cl)ccc12,Amidation,,
C350587,1,,,,NCC=CCl,Cn1cc(C(=O)O)c2ccc(Cl)cc21,Cn1cc(C(=O)NCC=CCl)c2ccc(Cl)cc21,Amidation,,
C350589,1,,,,NC1CSC1,Cn1cc(C(=O)O)c2ccc(Cl)cc21,Cn1cc(C(=O)NC2CSC2)c2ccc(Cl)cc21,Amidation,,
C350591,1,,,,Cn1cc(C(=O)O)c2ccc(Cl)cc21,CCC(C)N,CCC(C)NC(=O)c1cn(C)c2cc(Cl)ccc12,Amidation,,
C350593,1,,,,NN1CCC1,Cn1cc(C(=O)O)c2ccc(Cl)cc21,Cn1cc(C(=O)NN2CCC2)c2ccc(Cl)cc21,Amidation,,
C350596,1,,,,NCCCO,Cn1cc(C(=O)O)c2ccc(Cl)cc21,Cn1cc(C(=O)NCCCO)c2ccc(Cl)cc21,Amidation,,
C350598,1,,,,CC(Br)CN,Cn1cc(C(=O)O)c2ccc(Cl)cc21,CC(Br)CNC(=O)c1cn(C)c2cc(Cl)ccc12,Amidation,,
C350606,1,,,,CCN(C)N,Cn1cc(C(=O)O)c2ccc(Cl)cc21,CCN(C)NC(=O)c1cn(C)c2cc(Cl)ccc12,Amidation,,
C350609,1,,,,CC(C)CN,Cn1cc(C(=O)O)c2ccc(Cl)cc21,CC(C)CNC(=O)c1cn(C)c2cc(Cl)ccc12,Amidation,,
C350610,1,,,,Cn1cc(C(=O)O)c2ccc(Cl)cc21,NCC(F)F,Cn1cc(C(=O)NCC(F)F)c2ccc(Cl)cc21,Amidation,,
C350613,1,,,,Cn1cc(C(=O)O)c2ccc(Cl)cc21,NCCNO,Cn1cc(C(=O)NCCNO)c2ccc(Cl)cc21,Amidation,,
C350616,1,,,,SC1CNC1,Cn1cc(C(=O)O)c2ccc(Cl)cc21,Cn1cc(C(=O)N2CC(S)C2)c2ccc(Cl)cc21,Amidation,,
C350617,1,,,,Cn1cc(C(=O)O)c2ccc(Cl)cc21,C=C(F)CN,C=C(F)CNC(=O)c1cn(C)c2cc(Cl)ccc12,Amidation,,
C350618,1,,,,Cn1cc(C(=O)O)c2ccc(Cl)cc21,COCCN,COCCNC(=O)c1cn(C)c2cc(Cl)ccc12,Amidation,,
C350620,1,,,,Cn1cc(C(=O)O)c2ccc(Cl)cc21,CC(C)(C)N,Cn1cc(C(=O)NC(C)(C)C)c2ccc(Cl)cc21,Amidation,,
C350624,1,,,,Cn1cc(C(=O)O)c2ccc(Cl)cc21,CC1(N)CC1,Cn1cc(C(=O)NC2(C)CC2)c2ccc(Cl)cc21,Amidation,,
C350625,1,,,,CC(N)CO,Cn1cc(C(=O)O)c2ccc(Cl)cc21,CC(CO)NC(=O)c1cn(C)c2cc(Cl)ccc12,Amidation,,
C350628,1,,,,Cn1cc(C(=O)O)c2ccc(Cl)cc21,CC1CC1N,CC1CC1NC(=O)c1cn(C)c2cc(Cl)ccc12,Amidation,,
C350636,1,,,,CCN(C)N,Cn1cc(C(=O)O)c2cccc(Cl)c21,CCN(C)NC(=O)c1cn(C)c2c(Cl)cccc12,Amidation,,
C350641,1,,,,Cn1cc(C(=O)O)c2ccc(Cl)cc21,CSCCN,CSCCNC(=O)c1cn(C)c2cc(Cl)ccc12,Amidation,,
C350643,1,,,,Cn1cc(C(=O)O)c2ccc(Cl)cc21,C=CC(C)N,C=CC(C)NC(=O)c1cn(C)c2cc(Cl)ccc12,Amidation,,
C350644,1,,,,Cn1cc(C(=O)O)c2ccc(Cl)cc21,C=C(Cl)CN,C=C(Cl)CNC(=O)c1cn(C)c2cc(Cl)ccc12,Amidation,,
C350648,1,,,,CC1CCN1,Cn1cc(C(=O)O)c2ccc(Cl)cc21,CC1CCN1C(=O)c1cn(C)c2cc(Cl)ccc12,Amidation,,
C350652,1,,,,Cn1cc(C(=O)O)c2ccc(Cl)cc21,CC(N)CF,CC(CF)NC(=O)c1cn(C)c2cc(Cl)ccc12,Amidation,,
C350653,1,,,,Cn1cc(C(=O)O)c2ccc(Cl)cc21,CC(Cl)CN,CC(Cl)CNC(=O)c1cn(C)c2cc(Cl)ccc12,Amidation,,
C350661,1,,,,C#CC(C)N,Cn1cc(C(=O)O)c2ccc(Cl)cc21,C#CC(C)NC(=O)c1cn(C)c2cc(Cl)ccc12,Amidation,,
C350662,1,,,,Cn1cc(C(=O)O)c2ccc(Cl)cc21,NCCCCl,Cn1cc(C(=O)NCCCCl)c2ccc(Cl)cc21,Amidation,,
C350675,1,,,,Cn1c(Cl)c(C(=O)O)c2ccccc21,CC(Cl)CN,CC(Cl)CNC(=O)c1c(Cl)n(C)c2ccccc12,Amidation,,
C350702,1,,,,NN1CCC1,Cn1c(Cl)c(C(=O)O)c2ccccc21,Cn1c(Cl)c(C(=O)NN2CCC2)c2ccccc21,Amidation,,
C350713,1,,,,CCCn1cc(C(=O)O)c2ccccc21,CCN(C)N,CCCn1cc(C(=O)NN(C)CC)c2ccccc21,Amidation,,
C350715,1,,,,NCC=CCl,C=CCn1cc(C(=O)O)c2ccccc21,C=CCn1cc(C(=O)NCC=CCl)c2ccccc21,Amidation,,
C350718,1,,,,C=CCn1cc(C(=O)O)c2ccccc21,NN1CCC1,C=CCn1cc(C(=O)NN2CCC2)c2ccccc21,Amidation,,
C350720,1,,,,C=CCn1cc(C(=O)O)c2ccccc21,CCC(C)N,C=CCn1cc(C(=O)NC(C)CC)c2ccccc21,Amidation,,
C350722,1,,,,NC1CSC1,C=CCn1cc(C(=O)O)c2ccccc21,C=CCn1cc(C(=O)NC2CSC2)c2ccccc21,Amidation,,
C350728,1,,,,CC(S)CN,C=CCn1cc(C(=O)O)c2ccccc21,C=CCn1cc(C(=O)NCC(C)S)c2ccccc21,Amidation,,
C350730,1,,,,CC(Br)CN,C=CCn1cc(C(=O)O)c2ccccc21,C=CCn1cc(C(=O)NCC(C)Br)c2ccccc21,Amidation,,
C350731,1,,,,C=CCn1cc(C(=O)O)c2ccccc21,C=C(F)CN,C=CCn1cc(C(=O)NCC(=C)F)c2ccccc21,Amidation,,
C350758,1,,,,CC(N)CS,C=CCn1cc(C(=O)O)c2ccccc21,C=CCn1cc(C(=O)NC(C)CS)c2ccccc21,Amidation,,
C350771,1,,,,CCCn1cc(C(=O)O)c2ccccc21,NCCNO,CCCn1cc(C(=O)NCCNO)c2ccccc21,Amidation,,
C350772,1,,,,CC(N)CS,CCCn1cc(C(=O)O)c2ccccc21,CCCn1cc(C(=O)NC(C)CS)c2ccccc21,Amidation,,
C350804,1,,,,C=CCn1cc(C(=O)O)c2ccccc21,CC(C)(C)N,C=CCn1cc(C(=O)NC(C)(C)C)c2ccccc21,Amidation,,
C350807,1,,,,NC1CSC1,CCCn1cc(C(=O)O)c2ccccc21,CCCn1cc(C(=O)NC2CSC2)c2ccccc21,Amidation,,
C350818,1,,,,CC(S)CN,CCCn1cc(C(=O)O)c2ccccc21,CCCn1cc(C(=O)NCC(C)S)c2ccccc21,Amidation,,
C350833,1,,,,OC1CNC1,CCCn1cc(C(=O)O)c2ccccc21,CCCn1cc(C(=O)N2CC(O)C2)c2ccccc21,Amidation,,
C350834,1,,,,CCCn1cc(C(=O)O)c2ccccc21,CC1CC1N,CCCn1cc(C(=O)NC2CC2C)c2ccccc21,Amidation,,
C350838,1,,,,CCCn1cc(C(=O)O)c2ccccc21,CSCCN,CCCn1cc(C(=O)NCCSC)c2ccccc21,Amidation,,
C350847,1,,,,Cn1c(Cl)c(C(=O)O)c2cc(Cl)c(Cl)cc21,NCCI,Cn1c(Cl)c(C(=O)NCCI)c2cc(Cl)c(Cl)cc21,Amidation,,
C350852,1,,,,Cn1c(Cl)c(C(=O)O)c2cc(Cl)c(Cl)cc21,NCCCl,Cn1c(Cl)c(C(=O)NCCCl)c2cc(Cl)c(Cl)cc21,Amidation,,
C350853,1,,,,NCCS,COc1ccc2c(c1)c(C(=O)O)c(C)n2C,COc1ccc2c(c1)c(C(=O)NCCS)c(C)n2C,Amidation,,
C350858,1,,,,COc1ccc2c(c1)c(C(=O)O)c(C)n2C,CC(C)N,COc1ccc2c(c1)c(C(=O)NC(C)C)c(C)n2C,Amidation,,
C380543,1,,,,CC(Br)C(=O)O,Nc1cc(N2CCNC2=O)ccc1Cl,CC(Br)C(=O)Nc1cc(N2CCNC2=O)ccc1Cl,Amidation,,
C350867,1,,,,Cn1c(Cl)c(C(=O)O)c2cc(Cl)c(Cl)cc21,NCCO,Cn1c(Cl)c(C(=O)NCCO)c2cc(Cl)c(Cl)cc21,Amidation,,
C350871,1,,,,NCCBr,Cn1c(Cl)c(C(=O)O)c2cc(Cl)c(Cl)cc21,Cn1c(Cl)c(C(=O)NCCBr)c2cc(Cl)c(Cl)cc21,Amidation,,
C350874,1,,,,Cn1c(Cl)c(C(=O)O)c2cc(Cl)c(Cl)cc21,CC(C)N,CC(C)NC(=O)c1c(Cl)n(C)c2cc(Cl)c(Cl)cc12,Amidation,,
C350881,1,,,,NCCS,CC(C)Cn1cc(C(=O)O)c2ccccc21,CC(C)Cn1cc(C(=O)NCCS)c2ccccc21,Amidation,,
C350887,1,,,,CC(C)Cn1cc(C(=O)O)c2ccccc21,NCCCl,CC(C)Cn1cc(C(=O)NCCCl)c2ccccc21,Amidation,,
C350898,1,,,,CCc1c(C(=O)O)c2cc(Cl)ccc2n1C,C#CCN,C#CCNC(=O)c1c(CC)n(C)c2ccc(Cl)cc12,Amidation,,
C350902,1,,,,NCCS,CCc1c(C(=O)O)c2cc(Cl)ccc2n1C,CCc1c(C(=O)NCCS)c2cc(Cl)ccc2n1C,Amidation,,
C350903,1,,,,C1CNC1,CCc1c(C(=O)O)c2cc(Cl)ccc2n1C,CCc1c(C(=O)N2CCC2)c2cc(Cl)ccc2n1C,Amidation,,
C350907,1,,,,CCc1c(C(=O)O)c2cc(Cl)ccc2n1C,CC(C)N,CCc1c(C(=O)NC(C)C)c2cc(Cl)ccc2n1C,Amidation,,
C380640,1,,,,O=C(O)CBr,Nc1cccc(N2C(=O)CNC2=O)c1F,O=C(CBr)Nc1cccc(N2C(=O)CNC2=O)c1F,Amidation,,
C380670,1,,,,C=C(Cl)C(=O)O,Nc1ccc(Cl)c(N2CCNC2=O)c1,C=C(Cl)C(=O)Nc1ccc(Cl)c(N2CCNC2=O)c1,Amidation,,
C351007,1,,,,CC(C)n1cc(C(=O)O)c2ccccc21,CC(C)(C)N,CC(C)n1cc(C(=O)NC(C)(C)C)c2ccccc21,Amidation,,
C351009,1,,,,Cn1cc(C(=O)O)c2cc(F)cc(F)c21,NCC(=O)[O-],Cn1cc(C(=O)NCC(=O)[O-])c2cc(F)cc(F)c21,Amidation,,
C351015,1,,,,CC(S)CN,Cn1cc(C(=O)O)c2cc(F)cc(F)c21,CC(S)CNC(=O)c1cn(C)c2c(F)cc(F)cc12,Amidation,,
C351017,1,,,,CC(Br)CN,Cn1cc(C(=O)O)c2cc(F)cc(F)c21,CC(Br)CNC(=O)c1cn(C)c2c(F)cc(F)cc12,Amidation,,
C351019,1,,,,SC1CNC1,Cn1cc(C(=O)O)c2cc(F)cc(F)c21,Cn1cc(C(=O)N2CC(S)C2)c2cc(F)cc(F)c21,Amidation,,
C351022,1,,,,Cn1cc(C(=O)O)c2cc(F)cc(F)c21,NCCNO,Cn1cc(C(=O)NCCNO)c2cc(F)cc(F)c21,Amidation,,
C351027,1,,,,CC(C)CN,Cn1cc(C(=O)O)c2cc(F)cc(F)c21,CC(C)CNC(=O)c1cn(C)c2c(F)cc(F)cc12,Amidation,,
C351029,1,,,,CCN(C)N,Cn1cc(C(=O)O)c2cc(F)cc(F)c21,CCN(C)NC(=O)c1cn(C)c2c(F)cc(F)cc12,Amidation,,
C351033,1,,,,CC(N)CS,Cn1cc(C(=O)O)c2cc(F)cc(F)c21,CC(CS)NC(=O)c1cn(C)c2c(F)cc(F)cc12,Amidation,,
C351035,1,,,,Cn1cc(C(=O)O)c2cc(F)cc(F)c21,CC(N)CF,CC(CF)NC(=O)c1cn(C)c2c(F)cc(F)cc12,Amidation,,
C351037,1,,,,Cn1cc(C(=O)O)c2cc(F)cc(F)c21,NCCCF,Cn1cc(C(=O)NCCCF)c2cc(F)cc(F)c21,Amidation,,
C351038,1,,,,C=C(Br)CN,Cn1cc(C(=O)O)c2cc(F)cc(F)c21,C=C(Br)CNC(=O)c1cn(C)c2c(F)cc(F)cc12,Amidation,,
C351042,1,,,,NCCCBr,Cn1cc(C(=O)O)c2cc(F)cc(F)c21,Cn1cc(C(=O)NCCCBr)c2cc(F)cc(F)c21,Amidation,,
C351044,1,,,,Cn1cc(C(=O)O)c2cc(F)cc(F)c21,CC(C)(C)N,Cn1cc(C(=O)NC(C)(C)C)c2cc(F)cc(F)c21,Amidation,,
C351047,1,,,,NCCCO,Cn1cc(C(=O)O)c2cc(F)cc(F)c21,Cn1cc(C(=O)NCCCO)c2cc(F)cc(F)c21,Amidation,,
C351048,1,,,,NN1CCC1,Cn1cc(C(=O)O)c2cc(F)cc(F)c21,Cn1cc(C(=O)NN2CCC2)c2cc(F)cc(F)c21,Amidation,,
C351049,1,,,,O=C1CNC1,Cn1cc(C(=O)O)c2cc(F)cc(F)c21,Cn1cc(C(=O)N2CC(=O)C2)c2cc(F)cc(F)c21,Amidation,,
C351050,1,,,,Cn1cc(C(=O)O)c2cc(F)cc(F)c21,CCC(C)N,CCC(C)NC(=O)c1cn(C)c2c(F)cc(F)cc12,Amidation,,
C380729,1,,,,CC(S)C(=O)O,Nc1ccc(Cl)c(N2CCNC2=O)c1,CC(S)C(=O)Nc1ccc(Cl)c(N2CCNC2=O)c1,Amidation,,
C351055,1,,,,Cn1cc(C(=O)O)c2cc(F)cc(F)c21,CC(F)CN,CC(F)CNC(=O)c1cn(C)c2c(F)cc(F)cc12,Amidation,,
C351057,1,,,,Cn1cc(C(=O)O)c2cc(F)cc(F)c21,NCC(F)Cl,Cn1cc(C(=O)NCC(F)Cl)c2cc(F)cc(F)c21,Amidation,,
C351060,1,,,,Cn1cc(C(=O)O)c2cc(F)cc(F)c21,CC(Cl)CN,CC(Cl)CNC(=O)c1cn(C)c2c(F)cc(F)cc12,Amidation,,
C351064,1,,,,C=C(Br)CN,C#CCn1cc(C(=O)O)c2ccccc21,C#CCn1cc(C(=O)NCC(=C)Br)c2ccccc21,Amidation,,
C351065,1,,,,C#CCn1cc(C(=O)O)c2ccccc21,CC1CCN1,C#CCn1cc(C(=O)N2CCC2C)c2ccccc21,Amidation,,
C351070,1,,,,C#CCn1cc(C(=O)O)c2ccccc21,CC(C)(C)N,C#CCn1cc(C(=O)NC(C)(C)C)c2ccccc21,Amidation,,
C351085,1,,,,CC(N)CS,C#CCn1cc(C(=O)O)c2ccccc21,C#CCn1cc(C(=O)NC(C)CS)c2ccccc21,Amidation,,
C351092,1,,,,C#CCn1cc(C(=O)O)c2ccccc21,CC1CC1N,C#CCn1cc(C(=O)NC2CC2C)c2ccccc21,Amidation,,
C351102,1,,,,C#CCn1cc(C(=O)O)c2ccccc21,C=CC(C)N,C#CCn1cc(C(=O)NC(C)C=C)c2ccccc21,Amidation,,
C380780,1,,,,O=C(O)CCS,Cc1c(N)cccc1NC(=O)N(C)C,Cc1c(NC(=O)CCS)cccc1NC(=O)N(C)C,Amidation,,
C351106,1,,,,C#CC(C)N,C#CCn1cc(C(=O)O)c2ccccc21,C#CCn1cc(C(=O)NC(C)C#C)c2ccccc21,Amidation,,
C351110,1,,,,N#CCCN,C#CCn1cc(C(=O)O)c2ccccc21,C#CCn1cc(C(=O)NCCC#N)c2ccccc21,Amidation,,
C380794,1,,,,CC(S)C(=O)O,CC1CNC(=O)N1c1cccc(N)c1,CC(S)C(=O)Nc1cccc(N2C(=O)NCC2C)c1,Amidation,,
C351118,1,,,,CC(C)n1cc(C(=O)O)c2ccccc21,CC(Cl)CN,CC(Cl)CNC(=O)c1cn(C(C)C)c2ccccc12,Amidation,,
C351119,1,,,,CC(C)n1cc(C(=O)O)c2ccccc21,CC(N)CF,CC(CF)NC(=O)c1cn(C(C)C)c2ccccc12,Amidation,,
C380801,1,,,,O=C(O)C=C1CC1,CNC(=O)Nc1ccc(Br)c(N)c1,CNC(=O)Nc1ccc(Br)c(NC(=O)C=C2CC2)c1,Amidation,,
C351126,1,,,,NCCCBr,CC(C)n1cc(C(=O)O)c2ccccc21,CC(C)n1cc(C(=O)NCCCBr)c2ccccc21,Amidation,,
C351129,1,,,,NCCCO,CC(C)n1cc(C(=O)O)c2ccccc21,CC(C)n1cc(C(=O)NCCCO)c2ccccc21,Amidation,,
C351132,1,,,,CC(C)n1cc(C(=O)O)c2ccccc21,O=C1CNC1,CC(C)n1cc(C(=O)N2CC(=O)C2)c2ccccc21,Amidation,,
C351133,1,,,,CC(C)n1cc(C(=O)O)c2ccccc21,CCC(C)N,CCC(C)NC(=O)c1cn(C(C)C)c2ccccc12,Amidation,,
C351135,1,,,,NC1CSC1,CC(C)n1cc(C(=O)O)c2ccccc21,CC(C)n1cc(C(=O)NC2CSC2)c2ccccc21,Amidation,,
C351138,1,,,,CC(C)n1cc(C(=O)O)c2ccccc21,CC(F)CN,CC(F)CNC(=O)c1cn(C(C)C)c2ccccc12,Amidation,,
C380821,1,,,,CSCC(=O)O,Cc1c(N)cccc1N1CCNC1=O,CSCC(=O)Nc1cccc(N2CCNC2=O)c1C,Amidation,,
C351145,1,,,,CC(C)n1cc(C(=O)O)c2ccccc21,CSCCN,CSCCNC(=O)c1cn(C(C)C)c2ccccc12,Amidation,,
C351148,1,,,,CC(C)n1cc(C(=O)O)c2ccccc21,CC(N)C#N,CC(C#N)NC(=O)c1cn(C(C)C)c2ccccc12,Amidation,,
C351149,1,,,,CC(C)n1cc(C(=O)O)c2ccccc21,CC1CC1N,CC1CC1NC(=O)c1cn(C(C)C)c2ccccc12,Amidation,,
C351152,1,,,,CC(N)CO,CC(C)n1cc(C(=O)O)c2ccccc21,CC(CO)NC(=O)c1cn(C(C)C)c2ccccc12,Amidation,,
C380835,1,,,,CSCC(=O)O,Nc1ccc(Cl)c(N2CCNC2=O)c1,CSCC(=O)Nc1ccc(Cl)c(N2CCNC2=O)c1,Amidation,,
C351158,1,,,,CC(C)n1cc(C(=O)O)c2ccccc21,C=CC(C)N,C=CC(C)NC(=O)c1cn(C(C)C)c2ccccc12,Amidation,,
C351159,1,,,,CC(C)n1cc(C(=O)O)c2ccccc21,C=C(Cl)CN,C=C(Cl)CNC(=O)c1cn(C(C)C)c2ccccc12,Amidation,,
C351161,1,,,,CC(C)n1cc(C(=O)O)c2ccccc21,CC(N)CCl,CC(CCl)NC(=O)c1cn(C(C)C)c2ccccc12,Amidation,,
C351165,1,,,,C#CCCN,CC(C)n1cc(C(=O)O)c2ccccc21,C#CCCNC(=O)c1cn(C(C)C)c2ccccc12,Amidation,,
C351168,1,,,,CC(C)n1cc(C(=O)O)c2ccccc21,NCC(F)Cl,CC(C)n1cc(C(=O)NCC(F)Cl)c2ccccc21,Amidation,,
C351169,1,,,,CC(N)CS,CC(C)n1cc(C(=O)O)c2ccccc21,CC(CS)NC(=O)c1cn(C(C)C)c2ccccc12,Amidation,,
C351173,1,,,,Cn1cc(C(=O)O)c2cc(F)cc(F)c21,CC1CC1N,CC1CC1NC(=O)c1cn(C)c2c(F)cc(F)cc12,Amidation,,
C351174,1,,,,OC1CNC1,Cn1cc(C(=O)O)c2cc(F)cc(F)c21,Cn1cc(C(=O)N2CC(O)C2)c2cc(F)cc(F)c21,Amidation,,
C380851,1,,,,CC(C)C(=O)O,Nc1cc(N2CCNC2=O)ccc1F,CC(C)C(=O)Nc1cc(N2CCNC2=O)ccc1F,Amidation,,
C351176,1,,,,CC(N)CO,Cn1cc(C(=O)O)c2cc(F)cc(F)c21,CC(CO)NC(=O)c1cn(C)c2c(F)cc(F)cc12,Amidation,,
C351177,1,,,,Cn1cc(C(=O)O)c2cc(F)cc(F)c21,CC1(N)CC1,Cn1cc(C(=O)NC2(C)CC2)c2cc(F)cc(F)c21,Amidation,,
C351183,1,,,,Cn1cc(C(=O)O)c2cc(F)cc(F)c21,C=C(Cl)CN,C=C(Cl)CNC(=O)c1cn(C)c2c(F)cc(F)cc12,Amidation,,
C351184,1,,,,Cn1cc(C(=O)O)c2cc(F)cc(F)c21,CC(O)CN,CC(O)CNC(=O)c1cn(C)c2c(F)cc(F)cc12,Amidation,,
C351185,1,,,,Cn1cc(C(=O)O)c2cc(F)cc(F)c21,CC(N)CCl,CC(CCl)NC(=O)c1cn(C)c2c(F)cc(F)cc12,Amidation,,
C351192,1,,,,Cn1cc(C(=O)O)c2cc(F)cc(F)c21,CSCCN,CSCCNC(=O)c1cn(C)c2c(F)cc(F)cc12,Amidation,,
C351198,1,,,,CC(C)n1cc(C(=O)O)c2ccccc21,NCC(=O)[O-],CC(C)n1cc(C(=O)NCC(=O)[O-])c2ccccc21,Amidation,,
C351204,1,,,,CC(S)CN,CC(C)n1cc(C(=O)O)c2ccccc21,CC(S)CNC(=O)c1cn(C(C)C)c2ccccc12,Amidation,,
C351208,1,,,,CC(C)n1cc(C(=O)O)c2ccccc21,C=C(F)CN,C=C(F)CNC(=O)c1cn(C(C)C)c2ccccc12,Amidation,,
C351210,1,,,,ClC1CNC1,CC(C)n1cc(C(=O)O)c2ccccc21,CC(C)n1cc(C(=O)N2CC(Cl)C2)c2ccccc21,Amidation,,
C351211,1,,,,CC(C)n1cc(C(=O)O)c2ccccc21,NCCNO,CC(C)n1cc(C(=O)NCCNO)c2ccccc21,Amidation,,
C351218,1,,,,CC(C)n1cc(C(=O)O)c2ccccc21,CCN(C)N,CCN(C)NC(=O)c1cn(C(C)C)c2ccccc12,Amidation,,
C380897,1,,,,O=C(O)CS,Nc1cccc(N2C(=O)CNC2=O)c1F,O=C(CS)Nc1cccc(N2C(=O)CNC2=O)c1F,Amidation,,
C351225,1,,,,CC(=S)NN,COc1ccc2c(c1)c(C(=O)O)cn2C,COc1ccc2c(c1)c(C(=O)NNC(C)=S)cn2C,Amidation,,
C351226,1,,,,CCN(C)N,COc1ccc2c(c1)c(C(=O)O)cn2C,CCN(C)NC(=O)c1cn(C)c2ccc(OC)cc12,Amidation,,
C351228,1,,,,CC(C)CN,COc1ccc2c(c1)c(C(=O)O)cn2C,COc1ccc2c(c1)c(C(=O)NCC(C)C)cn2C,Amidation,,
C351229,1,,,,COc1ccc2c(c1)c(C(=O)O)cn2C,COCCN,COCCNC(=O)c1cn(C)c2ccc(OC)cc12,Amidation,,
C380909,1,,,,O=C(O)C=CI,Nc1cc(N2CCNC2=O)ccc1F,O=C(C=CI)Nc1cc(N2CCNC2=O)ccc1F,Amidation,,
C351232,1,,,,NCC#CBr,COc1ccc2c(c1)c(C(=O)O)cn2C,COc1ccc2c(c1)c(C(=O)NCC#CBr)cn2C,Amidation,,
C351233,1,,,,COc1ccc2c(c1)c(C(=O)O)cn2C,NCCNO,COc1ccc2c(c1)c(C(=O)NCCNO)cn2C,Amidation,,
C351237,1,,,,COc1ccc2c(c1)c(C(=O)O)cn2C,C=C(F)CN,C=C(F)CNC(=O)c1cn(C)c2ccc(OC)cc12,Amidation,,
C351238,1,,,,CC(Br)CN,COc1ccc2c(c1)c(C(=O)O)cn2C,COc1ccc2c(c1)c(C(=O)NCC(C)Br)cn2C,Amidation,,
C351240,1,,,,CC(S)CN,COc1ccc2c(c1)c(C(=O)O)cn2C,COc1ccc2c(c1)c(C(=O)NCC(C)S)cn2C,Amidation,,
C351248,1,,,,COc1ccc2c(c1)c(C(=O)O)cn2C,NC1CCC1,COc1ccc2c(c1)c(C(=O)NC1CCC1)cn2C,Amidation,,
C351249,1,,,,CC(N)CS,COc1ccc2c(c1)c(C(=O)O)cn2C,COc1ccc2c(c1)c(C(=O)NC(C)CS)cn2C,Amidation,,
C351259,1,,,,NCC=CCl,O=C(O)c1cn2c3c(cccc13)CCC2,O=C(NCC=CCl)c1cn2c3c(cccc13)CCC2,Amidation,,
C351264,1,,,,CC(N)CS,O=C(O)c1cn2c3c(cccc13)CCC2,CC(CS)NC(=O)c1cn2c3c(cccc13)CCC2,Amidation,,
C351267,1,,,,O=C(O)c1cn2c3c(cccc13)CCC2,NCC(=O)[O-],O=C([O-])CNC(=O)c1cn2c3c(cccc13)CCC2,Amidation,,
C351285,1,,,,COc1ccc2c(c1)c(C(=O)O)cn2C,NCC(F)Cl,COc1ccc2c(c1)c(C(=O)NCC(F)Cl)cn2C,Amidation,,
C351292,1,,,,C=C(Br)CN,COc1ccc2c(c1)c(C(=O)O)cn2C,C=C(Br)CNC(=O)c1cn(C)c2ccc(OC)cc12,Amidation,,
C351293,1,,,,COc1ccc2c(c1)c(C(=O)O)cn2C,NCCCF,COc1ccc2c(c1)c(C(=O)NCCCF)cn2C,Amidation,,
C351294,1,,,,FC1CNC1,COc1ccc2c(c1)c(C(=O)O)cn2C,COc1ccc2c(c1)c(C(=O)N1CC(F)C1)cn2C,Amidation,,
C351295,1,,,,COc1ccc2c(c1)c(C(=O)O)cn2C,CC(N)CF,COc1ccc2c(c1)c(C(=O)NC(C)CF)cn2C,Amidation,,
C351296,1,,,,COc1ccc2c(c1)c(C(=O)O)cn2C,CC(Cl)CN,COc1ccc2c(c1)c(C(=O)NCC(C)Cl)cn2C,Amidation,,
C351297,1,,,,C#CCn1cc(C(=O)O)c2ccccc21,NCC(=O)[O-],C#CCn1cc(C(=O)NCC(=O)[O-])c2ccccc21,Amidation,,
C351298,1,,,,COc1ccc2c(c1)c(C(=O)O)cn2C,NCC(Cl)Cl,COc1ccc2c(c1)c(C(=O)NCC(Cl)Cl)cn2C,Amidation,,
C351305,1,,,,C#CC(C)N,COc1ccc2c(c1)c(C(=O)O)cn2C,C#CC(C)NC(=O)c1cn(C)c2ccc(OC)cc12,Amidation,,
C351307,1,,,,COc1ccc2c(c1)c(C(=O)O)cn2C,CC(N)CCl,COc1ccc2c(c1)c(C(=O)NC(C)CCl)cn2C,Amidation,,
C351308,1,,,,COc1ccc2c(c1)c(C(=O)O)cn2C,CC(O)CN,COc1ccc2c(c1)c(C(=O)NCC(C)O)cn2C,Amidation,,
C351309,1,,,,COc1ccc2c(c1)c(C(=O)O)cn2C,C=C(Cl)CN,C=C(Cl)CNC(=O)c1cn(C)c2ccc(OC)cc12,Amidation,,
C351310,1,,,,COc1ccc2c(c1)c(C(=O)O)cn2C,C=CC(C)N,C=CC(C)NC(=O)c1cn(C)c2ccc(OC)cc12,Amidation,,
C351315,1,,,,COc1ccc2c(c1)c(C(=O)O)cn2C,CC1(N)CC1,COc1ccc2c(c1)c(C(=O)NC1(C)CC1)cn2C,Amidation,,
C351316,1,,,,CC(N)CO,COc1ccc2c(c1)c(C(=O)O)cn2C,COc1ccc2c(c1)c(C(=O)NC(C)CO)cn2C,Amidation,,
C351317,1,,,,C#CCCN,COc1ccc2c(c1)c(C(=O)O)cn2C,C#CCCNC(=O)c1cn(C)c2ccc(OC)cc12,Amidation,,
C351319,1,,,,COc1ccc2c(c1)c(C(=O)O)cn2C,CC(C)(C)N,COc1ccc2c(c1)c(C(=O)NC(C)(C)C)cn2C,Amidation,,
C351320,1,,,,NCCCO,COc1ccc2c(c1)c(C(=O)O)cn2C,COc1ccc2c(c1)c(C(=O)NCCCO)cn2C,Amidation,,
C351325,1,,,,O=C(O)c1cn2c3c(cccc13)CCC2,NCCNO,O=C(NCCNO)c1cn2c3c(cccc13)CCC2,Amidation,,
C351326,1,,,,NCC#CBr,O=C(O)c1cn2c3c(cccc13)CCC2,O=C(NCC#CBr)c1cn2c3c(cccc13)CCC2,Amidation,,
C351332,1,,,,CCN(C)N,O=C(O)c1cn2c3c(cccc13)CCC2,CCN(C)NC(=O)c1cn2c3c(cccc13)CCC2,Amidation,,
C351336,1,,,,COc1ccc2c(c1)c(C(=O)O)cn2C,CSCCN,COc1ccc2c(c1)c(C(=O)NCCSC)cn2C,Amidation,,
C351337,1,,,,NCC1CC1,COc1ccc2c(c1)c(C(=O)O)cn2C,COc1ccc2c(c1)c(C(=O)NCC1CC1)cn2C,Amidation,,
C351339,1,,,,COc1ccc2c(c1)c(C(=O)O)cn2C,CC(N)C#N,COc1ccc2c(c1)c(C(=O)NC(C)C#N)cn2C,Amidation,,
C351340,1,,,,COc1ccc2c(c1)c(C(=O)O)cn2C,CC1CC1N,COc1ccc2c(c1)c(C(=O)NC1CC1C)cn2C,Amidation,,
C351341,1,,,,COc1ccc2c(c1)c(C(=O)O)cn2C,CC(F)CN,COc1ccc2c(c1)c(C(=O)NCC(C)F)cn2C,Amidation,,
C351346,1,,,,COc1ccc2c(c1)c(C(=O)O)cn2C,CCC(C)N,CCC(C)NC(=O)c1cn(C)c2ccc(OC)cc12,Amidation,,
C351347,1,,,,O=C1CNC1,COc1ccc2c(c1)c(C(=O)O)cn2C,COc1ccc2c(c1)c(C(=O)N1CC(=O)C1)cn2C,Amidation,,
C351348,1,,,,NN1CCC1,COc1ccc2c(c1)c(C(=O)O)cn2C,COc1ccc2c(c1)c(C(=O)NN1CCC1)cn2C,Amidation,,
C351352,1,,,,OC1CNC1,COc1ccc2c(c1)c(C(=O)O)cn2C,COc1ccc2c(c1)c(C(=O)N1CC(O)C1)cn2C,Amidation,,
C351363,1,,,,O=C(O)c1cn2c3c(cccc13)CCC2,NCCCCl,O=C(NCCCCl)c1cn2c3c(cccc13)CCC2,Amidation,,
C351365,1,,,,O=C(O)c1cn2c3c(cccc13)CCC2,CC(O)CN,CC(O)CNC(=O)c1cn2c3c(cccc13)CCC2,Amidation,,
C351366,1,,,,O=C(O)c1cn2c3c(cccc13)CCC2,C=C(Cl)CN,C=C(Cl)CNC(=O)c1cn2c3c(cccc13)CCC2,Amidation,,
C351369,1,,,,C=CCn1cc(C(=O)O)c2ccccc21,CC(N)CF,C=CCn1cc(C(=O)NC(C)CF)c2ccccc21,Amidation,,
C351372,1,,,,C=CCn1cc(C(=O)O)c2ccccc21,C=CC(C)N,C=CCn1cc(C(=O)NC(C)C=C)c2ccccc21,Amidation,,
C381063,1,,,,C=C(Br)C(=O)O,Nc1cc(N2CCNC2=O)ccc1Cl,C=C(Br)C(=O)Nc1cc(N2CCNC2=O)ccc1Cl,Amidation,,
C381064,1,,,,C=C(Br)C(=O)O,Nc1cc(N2CCNC2=O)ccc1F,C=C(Br)C(=O)Nc1cc(N2CCNC2=O)ccc1F,Amidation,,
C351390,1,,,,C#CCn1cc(C(=O)O)c2ccccc21,NCCNO,C#CCn1cc(C(=O)NCCNO)c2ccccc21,Amidation,,
C351401,1,,,,CC(Br)CN,C#CCn1cc(C(=O)O)c2ccccc21,C#CCn1cc(C(=O)NCC(C)Br)c2ccccc21,Amidation,,
C351418,1,,,,C#CCn1cc(C(=O)O)c2ccccc21,CCN(C)N,C#CCn1cc(C(=O)NN(C)CC)c2ccccc21,Amidation,,
C408881,1,,,,NC1(CS)CC1,O=C(O)c1cc(Br)cc(Br)c1O,O=C(NC1(CS)CC1)c1cc(Br)cc(Br)c1O,Amidation,,
C351422,1,,,,C#CC(C)N,C=CCn1cc(C(=O)O)c2ccccc21,C#CC(C)NC(=O)c1cn(CC=C)c2ccccc12,Amidation,,
C351435,1,,,,CC(C)Cn1cc(C(=O)O)c2ccccc21,NCC(=O)[O-],CC(C)Cn1cc(C(=O)NCC(=O)[O-])c2ccccc21,Amidation,,
C351437,1,,,,NCC=CCl,CC(C)Cn1cc(C(=O)O)c2ccccc21,CC(C)Cn1cc(C(=O)NCC=CCl)c2ccccc21,Amidation,,
C351468,1,,,,CC(C)Cn1cc(C(=O)O)c2ccccc21,CC(N)C#N,CC(C)Cn1cc(C(=O)NC(C)C#N)c2ccccc21,Amidation,,
C351472,1,,,,CC(N)CO,CC(C)Cn1cc(C(=O)O)c2ccccc21,CC(C)Cn1cc(C(=O)NC(C)CO)c2ccccc21,Amidation,,
C381163,1,,,,O=C(O)CI,Nc1ccc(F)c(N2CCCNC2=O)c1,O=C(CI)Nc1ccc(F)c(N2CCCNC2=O)c1,Amidation,,
C351491,1,,,,CC(C)Cn1cc(C(=O)O)c2ccccc21,C=C(F)CN,C=C(F)CNC(=O)c1cn(CC(C)C)c2ccccc12,Amidation,,
C351502,1,,,,CC(C)Cn1cc(C(=O)O)c2ccccc21,CCN(C)N,CCN(C)NC(=O)c1cn(CC(C)C)c2ccccc12,Amidation,,
C351553,1,,,,NCCS,CCn1c(C)c(C(=O)O)c2cc(OC)ccc21,CCn1c(C)c(C(=O)NCCS)c2cc(OC)ccc21,Amidation,,
C351557,1,,,,C=CCN,CCn1c(C)c(C(=O)O)c2cc(OC)ccc21,C=CCNC(=O)c1c(C)n(CC)c2ccc(OC)cc12,Amidation,,
C351558,1,,,,CCn1c(C)c(C(=O)O)c2cc(OC)ccc21,CC(C)N,CCn1c(C)c(C(=O)NC(C)C)c2cc(OC)ccc21,Amidation,,
C381243,1,,,,O=C(O)CBr,Cc1ccc(N)cc1N1C(=O)CNC1=O,Cc1ccc(NC(=O)CBr)cc1N1C(=O)CNC1=O,Amidation,,
C351566,1,,,,CCn1c(C)c(C(=O)O)c2cc(OC)ccc21,NC1CC1,CCn1c(C)c(C(=O)NC2CC2)c2cc(OC)ccc21,Amidation,,
C351592,1,,,,CN(C)CCn1cc(C(=O)O)c2ccccc21,NCCI,CN(C)CCn1cc(C(=O)NCCI)c2ccccc21,Amidation,,
C351646,1,,,,COc1ccc2c(c1)c(C(=O)O)c(C)n2C,CC(N)CCl,COc1ccc2c(c1)c(C(=O)NC(C)CCl)c(C)n2C,Amidation,,
C351647,1,,,,COc1ccc2c(c1)c(C(=O)O)c(C)n2C,NCCCCl,COc1ccc2c(c1)c(C(=O)NCCCCl)c(C)n2C,Amidation,,
C351650,1,,,,C#CCCN,COc1ccc2c(c1)c(C(=O)O)c(C)n2C,C#CCCNC(=O)c1c(C)n(C)c2ccc(OC)cc12,Amidation,,
C351657,1,,,,COc1ccc2c(c1)c(C(=O)O)c(C)n2C,CC(N)CF,COc1ccc2c(c1)c(C(=O)NC(C)CF)c(C)n2C,Amidation,,
C351659,1,,,,COc1ccc2c(c1)c(C(=O)O)c(C)n2C,NCCCF,COc1ccc2c(c1)c(C(=O)NCCCF)c(C)n2C,Amidation,,
C351660,1,,,,C=C(Br)CN,COc1ccc2c(c1)c(C(=O)O)c(C)n2C,C=C(Br)CNC(=O)c1c(C)n(C)c2ccc(OC)cc12,Amidation,,
C351661,1,,,,CC1CCN1,COc1ccc2c(c1)c(C(=O)O)c(C)n2C,COc1ccc2c(c1)c(C(=O)N1CCC1C)c(C)n2C,Amidation,,
C381340,1,,,,CCCC(=O)O,CC1CNC(=O)N1c1cccc(N)c1,CCCC(=O)Nc1cccc(N2C(=O)NCC2C)c1,Amidation,,
C351681,1,,,,COc1ccc2c(c1)c(C(=O)O)c(C)n2C,CC(N)C#N,COc1ccc2c(c1)c(C(=O)NC(C)C#N)c(C)n2C,Amidation,,
C351683,1,,,,OC1CNC1,COc1ccc2c(c1)c(C(=O)O)c(C)n2C,COc1ccc2c(c1)c(C(=O)N1CC(O)C1)c(C)n2C,Amidation,,
C351685,1,,,,CC(N)CO,COc1ccc2c(c1)c(C(=O)O)c(C)n2C,COc1ccc2c(c1)c(C(=O)NC(C)CO)c(C)n2C,Amidation,,
C351702,1,,,,CC(Br)CN,COCCn1cc(C(=O)O)c2ccccc21,COCCn1cc(C(=O)NCC(C)Br)c2ccccc21,Amidation,,
C351713,1,,,,CC(N)CS,COCCn1cc(C(=O)O)c2ccccc21,COCCn1cc(C(=O)NC(C)CS)c2ccccc21,Amidation,,
C381392,1,,,,CCCC(=O)O,Nc1ccc(Cl)c(N2CCNC2=O)c1,CCCC(=O)Nc1ccc(Cl)c(N2CCNC2=O)c1,Amidation,,
C351767,1,,,,COCCn1cc(C(=O)O)c2ccccc21,CC(N)CCl,COCCn1cc(C(=O)NC(C)CCl)c2ccccc21,Amidation,,
C351779,1,,,,COCCn1cc(C(=O)O)c2ccccc21,CC1CC1N,COCCn1cc(C(=O)NC2CC2C)c2ccccc21,Amidation,,
C351787,1,,,,COc1ccc2c(c1)c(C(=O)O)c(C)n2C,CC(C)(C)N,COc1ccc2c(c1)c(C(=O)NC(C)(C)C)c(C)n2C,Amidation,,
C351790,1,,,,OC1CNC1,CCc1c(C(=O)O)c2cc(Cl)ccc2n1C,CCc1c(C(=O)N2CC(O)C2)c2cc(Cl)ccc2n1C,Amidation,,
C381469,1,,,,C=C(C)C(=O)O,Nc1cc(N2CCNC2=O)ccc1Cl,C=C(C)C(=O)Nc1cc(N2CCNC2=O)ccc1Cl,Amidation,,
C351792,1,,,,COc1ccc2c(c1)c(C(=O)O)c(C)n2C,C=CCCN,C=CCCNC(=O)c1c(C)n(C)c2ccc(OC)cc12,Amidation,,
C351795,1,,,,CCc1c(C(=O)O)c2cc(Cl)ccc2n1C,CC(=O)CN,CCc1c(C(=O)NCC(C)=O)c2cc(Cl)ccc2n1C,Amidation,,
C351810,1,,,,CCc1c(C(=O)O)c2cc(Cl)ccc2n1C,CC1CC1N,CCc1c(C(=O)NC2CC2C)c2cc(Cl)ccc2n1C,Amidation,,
C351815,1,,,,CC(S)CN,Cn1c(Cl)c(C(=O)O)c2cc(Cl)c(Cl)cc21,CC(S)CNC(=O)c1c(Cl)n(C)c2cc(Cl)c(Cl)cc12,Amidation,,
C351819,1,,,,SC1CNC1,Cn1c(Cl)c(C(=O)O)c2cc(Cl)c(Cl)cc21,Cn1c(Cl)c(C(=O)N2CC(S)C2)c2cc(Cl)c(Cl)cc21,Amidation,,
C351822,1,,,,Cn1c(Cl)c(C(=O)O)c2cc(Cl)c(Cl)cc21,NCCNO,Cn1c(Cl)c(C(=O)NCCNO)c2cc(Cl)c(Cl)cc21,Amidation,,
C351825,1,,,,Cn1c(Cl)c(C(=O)O)c2cc(Cl)c(Cl)cc21,NCC(F)F,Cn1c(Cl)c(C(=O)NCC(F)F)c2cc(Cl)c(Cl)cc21,Amidation,,
C351829,1,,,,CCN(C)N,Cn1c(Cl)c(C(=O)O)c2cc(Cl)c(Cl)cc21,CCN(C)NC(=O)c1c(Cl)n(C)c2cc(Cl)c(Cl)cc12,Amidation,,
C351838,1,,,,CCc1c(C(=O)O)c2cc(Cl)ccc2n1C,NCC(=O)[O-],CCc1c(C(=O)NCC(=O)[O-])c2cc(Cl)ccc2n1C,Amidation,,
C351844,1,,,,CC(S)CN,CCc1c(C(=O)O)c2cc(Cl)ccc2n1C,CCc1c(C(=O)NCC(C)S)c2cc(Cl)ccc2n1C,Amidation,,
C351859,1,,,,CCc1c(C(=O)O)c2cc(Cl)ccc2n1C,CC(N)CF,CCc1c(C(=O)NC(C)CF)c2cc(Cl)ccc2n1C,Amidation,,
C351863,1,,,,C=C(Br)CN,CCc1c(C(=O)O)c2cc(Cl)ccc2n1C,C=C(Br)CNC(=O)c1c(CC)n(C)c2ccc(Cl)cc12,Amidation,,
C351864,1,,,,CC1CCN1,CCc1c(C(=O)O)c2cc(Cl)ccc2n1C,CCc1c(C(=O)N2CCC2C)c2cc(Cl)ccc2n1C,Amidation,,
C351869,1,,,,CCc1c(C(=O)O)c2cc(Cl)ccc2n1C,CC(C)(C)N,CCc1c(C(=O)NC(C)(C)C)c2cc(Cl)ccc2n1C,Amidation,,
C351873,1,,,,NN1CCC1,CCc1c(C(=O)O)c2cc(Cl)ccc2n1C,CCc1c(C(=O)NN2CCC2)c2cc(Cl)ccc2n1C,Amidation,,
C351879,1,,,,NCC=CCl,CCc1c(C(=O)O)c2cc(Cl)ccc2n1C,CCc1c(C(=O)NCC=CCl)c2cc(Cl)ccc2n1C,Amidation,,
C351890,1,,,,Cn1c(Cl)c(C(=O)O)c2cc(Cl)c(Cl)cc21,CC(N)CCl,CC(CCl)NC(=O)c1c(Cl)n(C)c2cc(Cl)c(Cl)cc12,Amidation,,
C351891,1,,,,Cn1c(Cl)c(C(=O)O)c2cc(Cl)c(Cl)cc21,CC(O)CN,CC(O)CNC(=O)c1c(Cl)n(C)c2cc(Cl)c(Cl)cc12,Amidation,,
C351893,1,,,,Cn1c(Cl)c(C(=O)O)c2cc(Cl)c(Cl)cc21,C=CC(C)N,C=CC(C)NC(=O)c1c(Cl)n(C)c2cc(Cl)c(Cl)cc12,Amidation,,
C351896,1,,,,Cn1c(Cl)c(C(=O)O)c2cc(Cl)c(Cl)cc21,CC(=O)CN,CC(=O)CNC(=O)c1c(Cl)n(C)c2cc(Cl)c(Cl)cc12,Amidation,,
C351899,1,,,,CC(N)CO,Cn1c(Cl)c(C(=O)O)c2cc(Cl)c(Cl)cc21,CC(CO)NC(=O)c1c(Cl)n(C)c2cc(Cl)c(Cl)cc12,Amidation,,
C351902,1,,,,Cn1c(Cl)c(C(=O)O)c2cc(Cl)c(Cl)cc21,CC1CC1N,CC1CC1NC(=O)c1c(Cl)n(C)c2cc(Cl)c(Cl)cc12,Amidation,,
C381581,1,,,,C=CC(=O)O,Cc1ccc(N)cc1N1C(=O)CNC1=O,C=CC(=O)Nc1ccc(C)c(N2C(=O)CNC2=O)c1,Amidation,,
C351911,1,,,,Cn1c(Cl)c(C(=O)O)c2cc(Cl)c(Cl)cc21,CC(C)(C)N,Cn1c(Cl)c(C(=O)NC(C)(C)C)c2cc(Cl)c(Cl)cc21,Amidation,,
C351913,1,,,,NCCCBr,Cn1c(Cl)c(C(=O)O)c2cc(Cl)c(Cl)cc21,Cn1c(Cl)c(C(=O)NCCCBr)c2cc(Cl)c(Cl)cc21,Amidation,,
C351920,1,,,,Cn1c(Cl)c(C(=O)O)c2cc(Cl)c(Cl)cc21,CC(N)CF,CC(CF)NC(=O)c1c(Cl)n(C)c2cc(Cl)c(Cl)cc12,Amidation,,
C351921,1,,,,Cn1c(Cl)c(C(=O)O)c2cc(Cl)c(Cl)cc21,CC(Cl)CN,CC(Cl)CNC(=O)c1c(Cl)n(C)c2cc(Cl)c(Cl)cc12,Amidation,,
C351922,1,,,,Cn1c(Cl)c(C(=O)O)c2cc(Cl)c(Cl)cc21,NCC(Cl)Cl,Cn1c(Cl)c(C(=O)NCC(Cl)Cl)c2cc(Cl)c(Cl)cc21,Amidation,,
C351925,1,,,,CC1CCN1,Cn1c(Cl)c(C(=O)O)c2cc(Cl)c(Cl)cc21,CC1CCN1C(=O)c1c(Cl)n(C)c2cc(Cl)c(Cl)cc12,Amidation,,
C351927,1,,,,NCC1CC1,Cn1c(Cl)c(C(=O)O)c2cc(Cl)c(Cl)cc21,Cn1c(Cl)c(C(=O)NCC2CC2)c2cc(Cl)c(Cl)cc21,Amidation,,
C351934,1,,,,CC(N)CS,COc1ccc2c(c1)c(C(=O)O)c(C)n2C,COc1ccc2c(c1)c(C(=O)NC(C)CS)c(C)n2C,Amidation,,
C351941,1,,,,NC1CSC1,COc1ccc2c(c1)c(C(=O)O)c(C)n2C,COc1ccc2c(c1)c(C(=O)NC1CSC1)c(C)n2C,Amidation,,
C351943,1,,,,COc1ccc2c(c1)c(C(=O)O)c(C)n2C,CCC(C)N,CCC(C)NC(=O)c1c(C)n(C)c2ccc(OC)cc12,Amidation,,
C351945,1,,,,NN1CCC1,COc1ccc2c(c1)c(C(=O)O)c(C)n2C,COc1ccc2c(c1)c(C(=O)NN1CCC1)c(C)n2C,Amidation,,
C351947,1,,,,COc1ccc2c(c1)c(C(=O)O)c(C)n2C,CC(F)CN,COc1ccc2c(c1)c(C(=O)NCC(C)F)c(C)n2C,Amidation,,
C351955,1,,,,COc1ccc2c(c1)c(C(=O)O)c(C)n2C,NCCCI,COc1ccc2c(c1)c(C(=O)NCCCI)c(C)n2C,Amidation,,
C351959,1,,,,COc1ccc2c(c1)c(C(=O)O)c(C)n2C,CCCCN,CCCCNC(=O)c1c(C)n(C)c2ccc(OC)cc12,Amidation,,
C351960,1,,,,NCC#CBr,COc1ccc2c(c1)c(C(=O)O)c(C)n2C,COc1ccc2c(c1)c(C(=O)NCC#CBr)c(C)n2C,Amidation,,
C351962,1,,,,ClC1CNC1,COc1ccc2c(c1)c(C(=O)O)c(C)n2C,COc1ccc2c(c1)c(C(=O)N1CC(Cl)C1)c(C)n2C,Amidation,,
C351964,1,,,,SC1CNC1,COc1ccc2c(c1)c(C(=O)O)c(C)n2C,COc1ccc2c(c1)c(C(=O)N1CC(S)C1)c(C)n2C,Amidation,,
C351965,1,,,,COc1ccc2c(c1)c(C(=O)O)c(C)n2C,C=C(F)CN,C=C(F)CNC(=O)c1c(C)n(C)c2ccc(OC)cc12,Amidation,,
C351966,1,,,,CC(Br)CN,COc1ccc2c(c1)c(C(=O)O)c(C)n2C,COc1ccc2c(c1)c(C(=O)NCC(C)Br)c(C)n2C,Amidation,,
C351968,1,,,,C=C1CNC1,COc1ccc2c(c1)c(C(=O)O)c(C)n2C,C=C1CN(C(=O)c2c(C)n(C)c3ccc(OC)cc23)C1,Amidation,,
C351969,1,,,,Cn1c(Cl)c(C(=O)O)c2cc(Cl)c(Cl)cc21,CCC(C)N,CCC(C)NC(=O)c1c(Cl)n(C)c2cc(Cl)c(Cl)cc12,Amidation,,
C351972,1,,,,NC1CSC1,Cn1c(Cl)c(C(=O)O)c2cc(Cl)c(Cl)cc21,Cn1c(Cl)c(C(=O)NC2CSC2)c2cc(Cl)c(Cl)cc21,Amidation,,
C351976,1,,,,Cn1c(Cl)c(C(=O)O)c2cc(Cl)c(Cl)cc21,NCC(F)Cl,Cn1c(Cl)c(C(=O)NCC(F)Cl)c2cc(Cl)c(Cl)cc21,Amidation,,
C351979,1,,,,Cn1c(Cl)c(C(=O)O)c2cc(Cl)c(Cl)cc21,NCC(=O)[O-],Cn1c(Cl)c(C(=O)NCC(=O)[O-])c2cc(Cl)c(Cl)cc21,Amidation,,
C351981,1,,,,CC(N)CS,Cn1c(Cl)c(C(=O)O)c2cc(Cl)c(Cl)cc21,CC(CS)NC(=O)c1c(Cl)n(C)c2cc(Cl)c(Cl)cc12,Amidation,,
C351982,1,,,,Cn1c(Cl)c(C(=O)O)c2cc(Cl)c(Cl)cc21,NC1CCC1,Cn1c(Cl)c(C(=O)NC2CCC2)c2cc(Cl)c(Cl)cc21,Amidation,,
C381705,1,,,,C=CCC(=O)O,Nc1cc(N2CCNC2=O)ccc1Cl,C=CCC(=O)Nc1cc(N2CCNC2=O)ccc1Cl,Amidation,,
C352040,1,,,,CCCN,COc1ccc2c(c1)c(C(=O)O)c(C)n2C1CC1,CCCNC(=O)c1c(C)n(C2CC2)c2ccc(OC)cc12,Amidation,,
C381723,1,,,,C=CCC(=O)O,CC1CNC(=O)N1c1cccc(N)c1,C=CCC(=O)Nc1cccc(N2C(=O)NCC2C)c1,Amidation,,
C381751,1,,,,O=C(O)CCF,Nc1cc(N2CCNC2=O)ccc1Cl,O=C(CCF)Nc1cc(N2CCNC2=O)ccc1Cl,Amidation,,
C352074,1,,,,CC(N)CS,CCn1c(C)c(C(=O)O)c2cc(OC)ccc21,CCn1c(C)c(C(=O)NC(C)CS)c2cc(OC)ccc21,Amidation,,
C352077,1,,,,NN1CCC1,CCn1c(C)c(C(=O)O)c2cc(OC)ccc21,CCn1c(C)c(C(=O)NN2CCC2)c2cc(OC)ccc21,Amidation,,
C352080,1,,,,CCn1c(C)c(C(=O)O)c2cc(OC)ccc21,C=CCCN,C=CCCNC(=O)c1c(C)n(CC)c2ccc(OC)cc12,Amidation,,
C352081,1,,,,CCn1c(C)c(C(=O)O)c2cc(OC)ccc21,CC(C)(C)N,CCn1c(C)c(C(=O)NC(C)(C)C)c2cc(OC)ccc21,Amidation,,
C381760,1,,,,O=C(O)C(Br)(Br)Br,CNC(=O)Nc1cc(N)ccc1F,CNC(=O)Nc1cc(NC(=O)C(Br)(Br)Br)ccc1F,Amidation,,
C352088,1,,,,CCn1c(C)c(C(=O)O)c2cc(OC)ccc21,NCCCF,CCn1c(C)c(C(=O)NCCCF)c2cc(OC)ccc21,Amidation,,
C352090,1,,,,CCn1c(C)c(C(=O)O)c2cc(OC)ccc21,CC(N)CF,CCn1c(C)c(C(=O)NC(C)CF)c2cc(OC)ccc21,Amidation,,
C352091,1,,,,CCn1c(C)c(C(=O)O)c2cc(OC)ccc21,CC(Cl)CN,CCn1c(C)c(C(=O)NCC(C)Cl)c2cc(OC)ccc21,Amidation,,
C352099,1,,,,CCn1c(C)c(C(=O)O)c2cc(OC)ccc21,CCC(C)N,CCC(C)NC(=O)c1c(C)n(CC)c2ccc(OC)cc12,Amidation,,
C352100,1,,,,C#CC(C)N,CCn1c(C)c(C(=O)O)c2cc(OC)ccc21,C#CC(C)NC(=O)c1c(C)n(CC)c2ccc(OC)cc12,Amidation,,
C352103,1,,,,CCn1c(C)c(C(=O)O)c2cc(OC)ccc21,NC1CCC1,CCn1c(C)c(C(=O)NC2CCC2)c2cc(OC)ccc21,Amidation,,
C352110,1,,,,CCn1c(C)c(C(=O)O)c2cc(OC)ccc21,CCCCN,CCCCNC(=O)c1c(C)n(CC)c2ccc(OC)cc12,Amidation,,
C352119,1,,,,CCn1c(C)c(C(=O)O)c2cc(OC)ccc21,NCCNO,CCn1c(C)c(C(=O)NCCNO)c2cc(OC)ccc21,Amidation,,
C352122,1,,,,CCn1c(C)c(C(=O)O)c2cc(OC)ccc21,NCC(F)Cl,CCn1c(C)c(C(=O)NCC(F)Cl)c2cc(OC)ccc21,Amidation,,
C352124,1,,,,CCn1c(C)c(C(=O)O)c2cc(OC)ccc21,CC(F)CN,CCn1c(C)c(C(=O)NCC(C)F)c2cc(OC)ccc21,Amidation,,
C352131,1,,,,C=CCN,CCCn1c(C)c(C(=O)O)c2cc(OC)ccc21,C=CCNC(=O)c1c(C)n(CCC)c2ccc(OC)cc12,Amidation,,
C352134,1,,,,CCCN,CCCn1c(C)c(C(=O)O)c2cc(OC)ccc21,CCCNC(=O)c1c(C)n(CCC)c2ccc(OC)cc12,Amidation,,
C390302,1,,,,CC(C)I,Oc1ccc(C(NCc2ccco2)c2ccccc2)cc1,CC(C)Oc1ccc(C(NCc2ccco2)c2ccccc2)cc1,Williamson_ether_synthesis,,
C352150,1,,,,CCn1c(C)c(C(=O)O)c2cc(OC)ccc21,CC(O)CN,CCn1c(C)c(C(=O)NCC(C)O)c2cc(OC)ccc21,Amidation,,
C381845,1,,,,CC=CC(=O)O,CC1CNC(=O)N1c1cccc(N)c1,CC=CC(=O)Nc1cccc(N2C(=O)NCC2C)c1,Amidation,,
C352171,1,,,,CCN(C)N,CCn1c(C)c(C(=O)O)c2cc(OC)ccc21,CCN(C)NC(=O)c1c(C)n(CC)c2ccc(OC)cc12,Amidation,,
C352175,1,,,,CCCCCn1cc(C(=O)O)c2ccccc21,CCN(C)N,CCCCCn1cc(C(=O)NN(C)CC)c2ccccc21,Amidation,,
C390338,1,,,,CCCCI,Oc1ccc(C(NCc2ccco2)c2ccccc2)cc1,CCCCOc1ccc(C(NCc2ccco2)c2ccccc2)cc1,Williamson_ether_synthesis,,
C390346,1,,,,C=CCCI,Oc1ccc(C(NCc2ccco2)c2ccccc2)cc1,C=CCCOc1ccc(C(NCc2ccco2)c2ccccc2)cc1,Williamson_ether_synthesis,,
C352192,1,,,,CN(C)CCn1cc(C(=O)O)c2ccccc21,NCCNO,CN(C)CCn1cc(C(=O)NCCNO)c2ccccc21,Amidation,,
C390359,1,,,,CC(I)C#N,Oc1ccc(C(NCc2ccco2)c2ccccc2)cc1,CC(C#N)Oc1ccc(C(NCc2ccco2)c2ccccc2)cc1,Williamson_ether_synthesis,,
C390365,1,,,,NCCCI,Oc1ccc(C(NCc2ccco2)c2ccccc2)cc1,NCCCOc1ccc(C(NCc2ccco2)c2ccccc2)cc1,Williamson_ether_synthesis,,
C390378,1,,,,CCC#CCI,Oc1ccc(C(NCc2ccco2)c2ccccc2)cc1,CCC#CCOc1ccc(C(NCc2ccco2)c2ccccc2)cc1,Williamson_ether_synthesis,,
C390383,1,,,,CC(C)(F)CI,Oc1ccc(C(NCc2ccco2)c2ccccc2)cc1,CC(C)(F)COc1ccc(C(NCc2ccco2)c2ccccc2)cc1,Williamson_ether_synthesis,,
C390385,1,,,,C=CCC(C)I,Oc1ccc(C(NCc2ccco2)c2ccccc2)cc1,C=CCC(C)Oc1ccc(C(NCc2ccco2)c2ccccc2)cc1,Williamson_ether_synthesis,,
C390387,1,,,,IC#CC1CC1,Oc1ccc(C(NCc2ccco2)c2ccccc2)cc1,C(#CC1CC1)Oc1ccc(C(NCc2ccco2)c2ccccc2)cc1,Williamson_ether_synthesis,,
C390391,1,,,,FC(F)=CCI,Oc1ccc(C(NCc2ccco2)c2ccccc2)cc1,FC(F)=CCOc1ccc(C(NCc2ccco2)c2ccccc2)cc1,Williamson_ether_synthesis,,
C390394,1,,,,IC1=CCCC1,Oc1ccc(C(NCc2ccco2)c2ccccc2)cc1,C1=C(Oc2ccc(C(NCc3ccco3)c3ccccc3)cc2)CCC1,Williamson_ether_synthesis,,
C390399,1,,,,Ic1cscn1,Oc1ccc(C(NCc2ccco2)c2ccccc2)cc1,c1ccc(C(NCc2ccco2)c2ccc(Oc3cscn3)cc2)cc1,Williamson_ether_synthesis,,
C390403,1,,,,O=S(=O)(Cl)CI,Oc1ccc(C(NCc2ccco2)c2ccccc2)cc1,O=S(=O)(Cl)COc1ccc(C(NCc2ccco2)c2ccccc2)cc1,Williamson_ether_synthesis,,
C390405,1,,,,Ic1nncs1,Oc1ccc(C(NCc2ccco2)c2ccccc2)cc1,c1ccc(C(NCc2ccco2)c2ccc(Oc3nncs3)cc2)cc1,Williamson_ether_synthesis,,
C390408,1,,,,IC1CCCC1,Oc1ccc(C(NCc2ccco2)c2ccccc2)cc1,c1ccc(C(NCc2ccco2)c2ccc(OC3CCCC3)cc2)cc1,Williamson_ether_synthesis,,
C390410,1,,,,Ic1cn[nH]c1,Oc1ccc(C(NCc2ccco2)c2ccccc2)cc1,c1ccc(C(NCc2ccco2)c2ccc(Oc3cn[nH]c3)cc2)cc1,Williamson_ether_synthesis,,
C390411,1,,,,CC(C)(C)CI,Oc1ccc(C(NCc2ccco2)c2ccccc2)cc1,CC(C)(C)COc1ccc(C(NCc2ccco2)c2ccccc2)cc1,Williamson_ether_synthesis,,
C390417,1,,,,Ic1ccsc1,Oc1ccc(C(NCc2ccco2)c2ccccc2)cc1,c1ccc(C(NCc2ccco2)c2ccc(Oc3ccsc3)cc2)cc1,Williamson_ether_synthesis,,
C390419,1,,,,COC(=O)CI,Oc1ccc(C(NCc2ccco2)c2ccccc2)cc1,COC(=O)COc1ccc(C(NCc2ccco2)c2ccccc2)cc1,Williamson_ether_synthesis,,
C390427,1,,,,CCC(C)(C)I,Oc1ccc(C(NCc2ccco2)c2ccccc2)cc1,CCC(C)(C)Oc1ccc(C(NCc2ccco2)c2ccccc2)cc1,Williamson_ether_synthesis,,
C352274,1,,,,CN(C)CCn1cc(C(=O)O)c2ccccc21,CCC(C)N,CCC(C)NC(=O)c1cn(CCN(C)C)c2ccccc12,Amidation,,
C390442,1,,,,Ic1cncs1,Oc1ccc(C(NCc2ccco2)c2ccccc2)cc1,c1ccc(C(NCc2ccco2)c2ccc(Oc3cncs3)cc2)cc1,Williamson_ether_synthesis,,
C390444,1,,,,Ic1ccns1,Oc1ccc(C(NCc2ccco2)c2ccccc2)cc1,c1ccc(C(NCc2ccco2)c2ccc(Oc3ccns3)cc2)cc1,Williamson_ether_synthesis,,
C390448,1,,,,COC(C)CI,Oc1ccc(C(NCc2ccco2)c2ccccc2)cc1,COC(C)COc1ccc(C(NCc2ccco2)c2ccccc2)cc1,Williamson_ether_synthesis,,
C381970,1,,,,C=C(C)C(=O)O,CC1CNC(=O)N1c1cccc(N)c1,C=C(C)C(=O)Nc1cccc(N2C(=O)NCC2C)c1,Amidation,,
C390452,1,,,,ICC1CCC1,Oc1ccc(C(NCc2ccco2)c2ccccc2)cc1,c1ccc(C(NCc2ccco2)c2ccc(OCC3CCC3)cc2)cc1,Williamson_ether_synthesis,,
C390459,1,,,,CCC(C)CI,Oc1ccc(C(NCc2ccco2)c2ccccc2)cc1,CCC(C)COc1ccc(C(NCc2ccco2)c2ccccc2)cc1,Williamson_ether_synthesis,,
C390461,1,,,,Ic1ncc[nH]1,Oc1ccc(C(NCc2ccco2)c2ccccc2)cc1,c1ccc(C(NCc2ccco2)c2ccc(Oc3ncc[nH]3)cc2)cc1,Williamson_ether_synthesis,,
C390463,1,,,,CCC(I)CC,Oc1ccc(C(NCc2ccco2)c2ccccc2)cc1,CCC(CC)Oc1ccc(C(NCc2ccco2)c2ccccc2)cc1,Williamson_ether_synthesis,,
C390466,1,,,,CC(=O)OCI,Oc1ccc(C(NCc2ccco2)c2ccccc2)cc1,CC(=O)OCOc1ccc(C(NCc2ccco2)c2ccccc2)cc1,Williamson_ether_synthesis,,
C390468,1,,,,IC1CCOC1,Oc1ccc(C(NCc2ccco2)c2ccccc2)cc1,c1ccc(C(NCc2ccco2)c2ccc(OC3CCOC3)cc2)cc1,Williamson_ether_synthesis,,
C390471,1,,,,N#CCCCI,Oc1ccc(C(NCc2ccco2)c2ccccc2)cc1,N#CCCCOc1ccc(C(NCc2ccco2)c2ccccc2)cc1,Williamson_ether_synthesis,,
C390473,1,,,,CCCCCI,Oc1ccc(C(NCc2ccco2)c2ccccc2)cc1,CCCCCOc1ccc(C(NCc2ccco2)c2ccccc2)cc1,Williamson_ether_synthesis,,
C381997,1,,,,CC(C)=CC(=O)O,Nc1ccc(Cl)c(N2CCNC2=O)c1,CC(C)=CC(=O)Nc1ccc(Cl)c(N2CCNC2=O)c1,Amidation,,
C390484,1,,,,[N-]=[N+]=NCCI,Oc1ccc(C(NCc2ccco2)c2ccccc2)cc1,[N-]=[N+]=NCCOc1ccc(C(NCc2ccco2)c2ccccc2)cc1,Williamson_ether_synthesis,,
C390486,1,,,,Ic1nccs1,Oc1ccc(C(NCc2ccco2)c2ccccc2)cc1,c1ccc(C(NCc2ccco2)c2ccc(Oc3nccs3)cc2)cc1,Williamson_ether_synthesis,,
C390490,1,,,,CC(F)(F)CI,Oc1ccc(C(NCc2ccco2)c2ccccc2)cc1,CC(F)(F)COc1ccc(C(NCc2ccco2)c2ccccc2)cc1,Williamson_ether_synthesis,,
C390494,1,,,,CC(C)C(C)I,Oc1ccc(C(NCc2ccco2)c2ccccc2)cc1,CC(C)C(C)Oc1ccc(C(NCc2ccco2)c2ccccc2)cc1,Williamson_ether_synthesis,,
C382018,1,,,,CC1CC1C(=O)O,Cc1ccc(N)cc1NC(=O)N(C)C,Cc1ccc(NC(=O)C2CC2C)cc1NC(=O)N(C)C,Amidation,,
C390498,1,,,,ICC1COC1,Oc1ccc(C(NCc2ccco2)c2ccccc2)cc1,c1ccc(C(NCc2ccco2)c2ccc(OCC3COC3)cc2)cc1,Williamson_ether_synthesis,,
C390502,1,,,,CS(=O)(=O)CI,Oc1ccc(C(NCc2ccco2)c2ccccc2)cc1,CS(=O)(=O)COc1ccc(C(NCc2ccco2)c2ccccc2)cc1,Williamson_ether_synthesis,,
C390503,1,,,,C=CCCCI,Oc1ccc(C(NCc2ccco2)c2ccccc2)cc1,C=CCCCOc1ccc(C(NCc2ccco2)c2ccccc2)cc1,Williamson_ether_synthesis,,
C390505,1,,,,C=C(C)CCI,Oc1ccc(C(NCc2ccco2)c2ccccc2)cc1,C=C(C)CCOc1ccc(C(NCc2ccco2)c2ccccc2)cc1,Williamson_ether_synthesis,,
C390510,1,,,,COCCCI,Oc1ccc(C(NCc2ccco2)c2ccccc2)cc1,COCCCOc1ccc(C(NCc2ccco2)c2ccccc2)cc1,Williamson_ether_synthesis,,
C390513,1,,,,Ic1cnns1,Oc1ccc(C(NCc2ccco2)c2ccccc2)cc1,c1ccc(C(NCc2ccco2)c2ccc(Oc3cnns3)cc2)cc1,Williamson_ether_synthesis,,
C382047,1,,,,CC(C)=CC(=O)O,Nc1cc(N2CCNC2=O)ccc1Cl,CC(C)=CC(=O)Nc1cc(N2CCNC2=O)ccc1Cl,Amidation,,
C352412,1,,,,CCN(C)N,COc1ccc2c(c1)c(C(=O)O)c(C)n2C1CC1,CCN(C)NC(=O)c1c(C)n(C2CC2)c2ccc(OC)cc12,Amidation,,
C352416,1,,,,COc1ccc2c(c1)c(C(=O)O)c(C)n2C1CC1,NCC(F)F,COc1ccc2c(c1)c(C(=O)NCC(F)F)c(C)n2C1CC1,Amidation,,
C352422,1,,,,CC(N)CS,COc1ccc2c(c1)c(C(=O)O)c(C)n2C1CC1,COc1ccc2c(c1)c(C(=O)NC(C)CS)c(C)n2C1CC1,Amidation,,
C382101,1,,,,O=C(O)CCl,Cc1cc(N)cc(N2CCC(=O)NC2=O)c1,Cc1cc(NC(=O)CCl)cc(N2CCC(=O)NC2=O)c1,Amidation,,
C352425,1,,,,COc1ccc2c(c1)c(C(=O)O)c(C)n2C1CC1,NCC(=O)[O-],COc1ccc2c(c1)c(C(=O)NCC(=O)[O-])c(C)n2C1CC1,Amidation,,
C352433,1,,,,CC(Br)CN,COc1ccc2c(c1)c(C(=O)O)c(C)n2C1CC1,COc1ccc2c(c1)c(C(=O)NCC(C)Br)c(C)n2C1CC1,Amidation,,
C352435,1,,,,COc1ccc2c(c1)c(C(=O)O)c(C)n2C1CC1,CCC(C)N,CCC(C)NC(=O)c1c(C)n(C2CC2)c2ccc(OC)cc12,Amidation,,
C352438,1,,,,COc1ccc2c(c1)c(C(=O)O)c(C)n2C1CC1,C=CCCN,C=CCCNC(=O)c1c(C)n(C2CC2)c2ccc(OC)cc12,Amidation,,
C352441,1,,,,ClC1CNC1,COc1ccc2c(c1)c(C(=O)O)c(C)n2C1CC1,COc1ccc2c(c1)c(C(=O)N1CC(Cl)C1)c(C)n2C1CC1,Amidation,,
C352442,1,,,,COc1ccc2c(c1)c(C(=O)O)c(C)n2C1CC1,NCCNO,COc1ccc2c(c1)c(C(=O)NCCNO)c(C)n2C1CC1,Amidation,,
C382147,1,,,,O=C(O)C=C1CC1,Nc1ccc(Cl)c(N2CCNC2=O)c1,O=C(C=C1CC1)Nc1ccc(Cl)c(N2CCNC2=O)c1,Amidation,,
C382169,1,,,,O=C(O)CCl,Nc1cc(F)cc(N2CCC(=O)NC2=O)c1,O=C1CCN(c2cc(F)cc(NC(=O)CCl)c2)C(=O)N1,Amidation,,
C382174,1,,,,O=C(O)CC1CC1,Cc1c(N)cccc1N1CCNC1=O,Cc1c(NC(=O)CC2CC2)cccc1N1CCNC1=O,Amidation,,
C382183,1,,,,O=C(O)CC1CC1,Nc1cc(N2CCNC2=O)ccc1Cl,O=C(CC1CC1)Nc1cc(N2CCNC2=O)ccc1Cl,Amidation,,
C382184,1,,,,O=C(O)CC1CC1,Nc1cc(N2CCNC2=O)ccc1F,O=C(CC1CC1)Nc1cc(N2CCNC2=O)ccc1F,Amidation,,
C352511,1,,,,CCCn1c(C)c(C(=O)O)c2cc(OC)ccc21,CC(F)CN,CCCn1c(C)c(C(=O)NCC(C)F)c2cc(OC)ccc21,Amidation,,
C352513,1,,,,CCCn1c(C)c(C(=O)O)c2cc(OC)ccc21,NCC(F)Cl,CCCn1c(C)c(C(=O)NCC(F)Cl)c2cc(OC)ccc21,Amidation,,
C352521,1,,,,CCCn1c(C)c(C(=O)O)c2cc(OC)ccc21,CSCCN,CCCn1c(C)c(C(=O)NCCSC)c2cc(OC)ccc21,Amidation,,
C382203,1,,,,O=C(O)CCl,Cc1ccc(N)cc1N1CCC(=O)NC1=O,Cc1ccc(NC(=O)CCl)cc1N1CCC(=O)NC1=O,Amidation,,
C382205,1,,,,O=C(O)CCl,Nc1ccc(Cl)c(N2CCC(=O)NC2=O)c1,O=C1CCN(c2cc(NC(=O)CCl)ccc2Cl)C(=O)N1,Amidation,,
C382211,1,,,,CC1CC1C(=O)O,CC1CNC(=O)N1c1cccc(N)c1,CC1CC1C(=O)Nc1cccc(N2C(=O)NCC2C)c1,Amidation,,
C352535,1,,,,CCCn1c(C)c(C(=O)O)c2cc(OC)ccc21,CC(O)CN,CCCn1c(C)c(C(=O)NCC(C)O)c2cc(OC)ccc21,Amidation,,
C352561,1,,,,CC(N)CO,COc1ccc2c(c1)c(C(=O)O)c(C)n2C1CC1,COc1ccc2c(c1)c(C(=O)NC(C)CO)c(C)n2C1CC1,Amidation,,
C352563,1,,,,OC1CNC1,COc1ccc2c(c1)c(C(=O)O)c(C)n2C1CC1,COc1ccc2c(c1)c(C(=O)N1CC(O)C1)c(C)n2C1CC1,Amidation,,
C352564,1,,,,COc1ccc2c(c1)c(C(=O)O)c(C)n2C1CC1,CC1CC1N,COc1ccc2c(c1)c(C(=O)NC1CC1C)c(C)n2C1CC1,Amidation,,
C352579,1,,,,CCCn1c(C)c(C(=O)O)c2cc(OC)ccc21,NCCNO,CCCn1c(C)c(C(=O)NCCNO)c2cc(OC)ccc21,Amidation,,
C352582,1,,,,COc1ccc2c(c1)c(C(=O)O)c(C)n2C1CC1,CC(=O)CN,COc1ccc2c(c1)c(C(=O)NCC(C)=O)c(C)n2C1CC1,Amidation,,
C352586,1,,,,C=C(Br)CN,COc1ccc2c(c1)c(C(=O)O)c(C)n2C1CC1,C=C(Br)CNC(=O)c1c(C)n(C2CC2)c2ccc(OC)cc12,Amidation,,
C352588,1,,,,FC1CNC1,COc1ccc2c(c1)c(C(=O)O)c(C)n2C1CC1,COc1ccc2c(c1)c(C(=O)N1CC(F)C1)c(C)n2C1CC1,Amidation,,
C352589,1,,,,COc1ccc2c(c1)c(C(=O)O)c(C)n2C1CC1,CC(N)CF,COc1ccc2c(c1)c(C(=O)NC(C)CF)c(C)n2C1CC1,Amidation,,
C382268,1,,,,CC(C)(Br)C(=O)O,Nc1cc(N2CCNC2=O)ccc1O,CC(C)(Br)C(=O)Nc1cc(N2CCNC2=O)ccc1O,Amidation,,
C352591,1,,,,COc1ccc2c(c1)c(C(=O)O)c(C)n2C1CC1,NCC(Cl)Cl,COc1ccc2c(c1)c(C(=O)NCC(Cl)Cl)c(C)n2C1CC1,Amidation,,
C382270,1,,,,CC(C)(Br)C(=O)O,Nc1ccc(Cl)c(N2CCNC2=O)c1,CC(C)(Br)C(=O)Nc1ccc(Cl)c(N2CCNC2=O)c1,Amidation,,
C382274,1,,,,CC(C)(Br)C(=O)O,Nc1cc(N2CCNC2=O)ccc1F,CC(C)(Br)C(=O)Nc1cc(N2CCNC2=O)ccc1F,Amidation,,
C382275,1,,,,CC(C)(Br)C(=O)O,Nc1cc(N2CCNC2=O)ccc1Cl,CC(C)(Br)C(=O)Nc1cc(N2CCNC2=O)ccc1Cl,Amidation,,
C352603,1,,,,COc1ccc2c(c1)c(C(=O)O)c(C)n2C1CC1,C=CC(C)N,C=CC(C)NC(=O)c1c(C)n(C2CC2)c2ccc(OC)cc12,Amidation,,
C382285,1,,,,CC(CBr)C(=O)O,Cc1ccc(N2CCNC2=O)cc1N,Cc1ccc(N2CCNC2=O)cc1NC(=O)C(C)CBr,Amidation,,
C382287,1,,,,CC(CBr)C(=O)O,Nc1ccc(Cl)c(N2CCNC2=O)c1,CC(CBr)C(=O)Nc1ccc(Cl)c(N2CCNC2=O)c1,Amidation,,
C352611,1,,,,CC(S)CN,CCCn1c(C)c(C(=O)O)c2cc(OC)ccc21,CCCn1c(C)c(C(=O)NCC(C)S)c2cc(OC)ccc21,Amidation,,
C382292,1,,,,CC(CBr)C(=O)O,Nc1cc(N2CCNC2=O)ccc1Cl,CC(CBr)C(=O)Nc1cc(N2CCNC2=O)ccc1Cl,Amidation,,
C382307,1,,,,CCC(F)C(=O)O,Nc1cc(N2CCNC2=O)ccc1Cl,CCC(F)C(=O)Nc1cc(N2CCNC2=O)ccc1Cl,Amidation,,
C382318,1,,,,CC(CBr)C(=O)O,CC1CNC(=O)N1c1cccc(N)c1,CC(CBr)C(=O)Nc1cccc(N2C(=O)NCC2C)c1,Amidation,,
C382342,1,,,,O=C(O)C=C(Br)Br,Cc1ccc(N2CCNC2=O)cc1N,Cc1ccc(N2CCNC2=O)cc1NC(=O)C=C(Br)Br,Amidation,,
C382344,1,,,,O=C(O)C=C(Br)Br,Nc1ccc(Cl)c(N2CCNC2=O)c1,O=C(C=C(Br)Br)Nc1ccc(Cl)c(N2CCNC2=O)c1,Amidation,,
C382349,1,,,,O=C(O)C=C(Br)Br,Nc1cc(N2CCNC2=O)ccc1Cl,O=C(C=C(Br)Br)Nc1cc(N2CCNC2=O)ccc1Cl,Amidation,,
C352682,1,,,,CC(C)(C)OC(=O)n1cc(C(=O)O)c2ccccc21,NCC(=O)[O-],CC(C)(C)OC(=O)n1cc(C(=O)NCC(=O)[O-])c2ccccc21,Amidation,,
C382361,1,,,,O=C(O)C(Br)(Br)Br,Nc1ccc(F)c(N2CCNC2=O)c1,O=C1NCCN1c1cc(NC(=O)C(Br)(Br)Br)ccc1F,Amidation,,
C382364,1,,,,CCC(Cl)C(=O)O,Cc1c(N)cccc1N1CCNC1=O,CCC(Cl)C(=O)Nc1cccc(N2CCNC2=O)c1C,Amidation,,
C382367,1,,,,CCC(Cl)C(=O)O,CCN(C)C(=O)Nc1cccc(N)c1,CCC(Cl)C(=O)Nc1cccc(NC(=O)N(C)CC)c1,Amidation,,
C382379,1,,,,O=C(O)C(Br)(Br)Br,Nc1cc(N2CCNC2=O)ccc1F,O=C1NCCN1c1ccc(F)c(NC(=O)C(Br)(Br)Br)c1,Amidation,,
C382395,1,,,,O=C(O)C(Br)(Br)Br,Nc1cccc(N2CCCNC2=O)c1,O=C1NCCCN1c1cccc(NC(=O)C(Br)(Br)Br)c1,Amidation,,
C382405,1,,,,O=C(O)C(Br)(Br)Br,Cc1ccc(N2CCNC2=O)cc1N,Cc1ccc(N2CCNC2=O)cc1NC(=O)C(Br)(Br)Br,Amidation,,
C382407,1,,,,O=C(O)C(Br)(Br)Br,Nc1ccc(Cl)c(N2CCNC2=O)c1,O=C1NCCN1c1cc(NC(=O)C(Br)(Br)Br)ccc1Cl,Amidation,,
C382422,1,,,,CCC(F)C(=O)O,CC1CNC(=O)N1c1cccc(N)c1,CCC(F)C(=O)Nc1cccc(N2C(=O)NCC2C)c1,Amidation,,
C382441,1,,,,CC(F)(F)C(=O)O,Nc1cc(N2CCNC2=O)ccc1F,CC(F)(F)C(=O)Nc1cc(N2CCNC2=O)ccc1F,Amidation,,
C382455,1,,,,CCC(Cl)C(=O)O,Nc1cc(N2CCNC2=O)ccc1O,CCC(Cl)C(=O)Nc1cc(N2CCNC2=O)ccc1O,Amidation,,
C382456,1,,,,CCC(Cl)C(=O)O,Nc1cc(N2CCNC2=O)ccc1Cl,CCC(Cl)C(=O)Nc1cc(N2CCNC2=O)ccc1Cl,Amidation,,
C382457,1,,,,CCC(Cl)C(=O)O,Nc1cc(N2CCNC2=O)ccc1F,CCC(Cl)C(=O)Nc1cc(N2CCNC2=O)ccc1F,Amidation,,
C382461,1,,,,CCC(Cl)C(=O)O,Nc1ccc(Cl)c(N2CCNC2=O)c1,CCC(Cl)C(=O)Nc1ccc(Cl)c(N2CCNC2=O)c1,Amidation,,
C382519,1,,,,CC=C(F)C(=O)O,CC1CNC(=O)N1c1cccc(N)c1,CC=C(F)C(=O)Nc1cccc(N2C(=O)NCC2C)c1,Amidation,,
C382524,1,,,,CC(C)(C)C(=O)O,Nc1cc(N2CCNC2=O)ccc1F,CC(C)(C)C(=O)Nc1cc(N2CCNC2=O)ccc1F,Amidation,,
C382532,1,,,,CC(C)(C)C(=O)O,Nc1ccc(F)c(N2CCNC2=O)c1,CC(C)(C)C(=O)Nc1ccc(F)c(N2CCNC2=O)c1,Amidation,,
C382566,1,,,,CC(C)(C)C(=O)O,Nc1cccc(N2CCCNC2=O)c1,CC(C)(C)C(=O)Nc1cccc(N2CCCNC2=O)c1,Amidation,,
C382572,1,,,,CC(C)(C)C(=O)O,CCNC(=O)Nc1cc(N)ccc1C,CCNC(=O)Nc1cc(NC(=O)C(C)(C)C)ccc1C,Amidation,,
C382590,1,,,,CC1(C(=O)O)CC1,Cc1ccc(N2CCNC2=O)cc1N,Cc1ccc(N2CCNC2=O)cc1NC(=O)C1(C)CC1,Amidation,,
C382596,1,,,,CC1(C(=O)O)CC1,Nc1cc(N2CCNC2=O)ccc1F,CC1(C(=O)Nc2cc(N3CCNC3=O)ccc2F)CC1,Amidation,,
C382601,1,,,,CC1(C(=O)O)CC1,CN1CCN(c2cccc(N)c2)C1=O,CN1CCN(c2cccc(NC(=O)C3(C)CC3)c2)C1=O,Amidation,,
C382607,1,,,,CC1(C(=O)O)CC1,Cc1c(N)cccc1N1CCNC1=O,Cc1c(NC(=O)C2(C)CC2)cccc1N1CCNC1=O,Amidation,,
C382615,1,,,,CC(Cl)=CC(=O)O,Nc1ccc(Cl)c(N2CCNC2=O)c1,CC(Cl)=CC(=O)Nc1ccc(Cl)c(N2CCNC2=O)c1,Amidation,,
C382628,1,,,,CC(Cl)=CC(=O)O,CC1CNC(=O)N1c1cccc(N)c1,CC(Cl)=CC(=O)Nc1cccc(N2C(=O)NCC2C)c1,Amidation,,
C382636,1,,,,CC(Cl)=CC(=O)O,Nc1cc(N2CCNC2=O)ccc1Cl,CC(Cl)=CC(=O)Nc1cc(N2CCNC2=O)ccc1Cl,Amidation,,
C382644,1,,,,O=C(O)CO,Cc1cc(N)cc(N2CCC(=O)NC2=O)c1,Cc1cc(NC(=O)CO)cc(N2CCC(=O)NC2=O)c1,Amidation,,
C382647,1,,,,CSSCC(=O)O,CC1CNC(=O)N1c1cccc(N)c1,CSSCC(=O)Nc1cccc(N2C(=O)NCC2C)c1,Amidation,,
C382667,1,,,,O=C(O)CO,Cc1ccc(N)cc1N1CCC(=O)NC1=O,Cc1ccc(NC(=O)CO)cc1N1CCC(=O)NC1=O,Amidation,,
C382716,1,,,,O=C(O)C1=CCC1,Nc1cc(N2CCNC2=O)ccc1F,O=C(Nc1cc(N2CCNC2=O)ccc1F)C1=CCC1,Amidation,,
C353088,1,,,,CC(N)CO,COc1ccc2c(c1)c(C(=O)O)c(C)n2C1CCCC1,COc1ccc2c(c1)c(C(=O)NC(C)CO)c(C)n2C1CCCC1,Amidation,,
C382766,1,,,,CC(C)(F)C(=O)O,Nc1ccc(F)c(N2CCNC2=O)c1,CC(C)(F)C(=O)Nc1ccc(F)c(N2CCNC2=O)c1,Amidation,,
C382782,1,,,,C=CC(Cl)C(=O)O,CC1CNC(=O)N1c1cccc(N)c1,C=CC(Cl)C(=O)Nc1cccc(N2C(=O)NCC2C)c1,Amidation,,
C382786,1,,,,CC(C)(F)C(=O)O,Nc1cc(N2CCNC2=O)ccc1F,CC(C)(F)C(=O)Nc1cc(N2CCNC2=O)ccc1F,Amidation,,
C382790,1,,,,C=CC(Cl)C(=O)O,CN1CCN(c2cccc(N)c2)C1=O,C=CC(Cl)C(=O)Nc1cccc(N2CCN(C)C2=O)c1,Amidation,,
C382794,1,,,,C=CC(Cl)C(=O)O,Nc1cc(N2CCNC2=O)ccc1Cl,C=CC(Cl)C(=O)Nc1cc(N2CCNC2=O)ccc1Cl,Amidation,,
C382795,1,,,,C=CC(Cl)C(=O)O,Nc1cc(N2CCNC2=O)ccc1F,C=CC(Cl)C(=O)Nc1cc(N2CCNC2=O)ccc1F,Amidation,,
C382817,1,,,,C#CCCC(=O)O,Nc1cc(N2CCNC2=O)ccc1F,C#CCCC(=O)Nc1cc(N2CCNC2=O)ccc1F,Amidation,,
C382818,1,,,,C#CCCC(=O)O,Nc1cc(N2CCNC2=O)ccc1Cl,C#CCCC(=O)Nc1cc(N2CCNC2=O)ccc1Cl,Amidation,,
C382822,1,,,,C#CCCC(=O)O,CN1CCN(c2cccc(N)c2)C1=O,C#CCCC(=O)Nc1cccc(N2CCN(C)C2=O)c1,Amidation,,
C382827,1,,,,C#CCCC(=O)O,Cc1c(N)cccc1N1CCNC1=O,C#CCCC(=O)Nc1cccc(N2CCNC2=O)c1C,Amidation,,
C382830,1,,,,C#CCCC(=O)O,Nc1ccc(Cl)c(N2CCNC2=O)c1,C#CCCC(=O)Nc1ccc(Cl)c(N2CCNC2=O)c1,Amidation,,
C382871,1,,,,C=C(CO)C(=O)O,Nc1ccc(Cl)c(N2CCNC2=O)c1,C=C(CO)C(=O)Nc1ccc(Cl)c(N2CCNC2=O)c1,Amidation,,
C382899,1,,,,O=C(O)C(F)(F)F,Nc1cc(N2CCNC2=O)ccc1F,O=C1NCCN1c1ccc(F)c(NC(=O)C(F)(F)F)c1,Amidation,,
C382900,1,,,,O=C(O)C(F)(F)F,Nc1cc(N2CCNC2=O)ccc1Cl,O=C1NCCN1c1ccc(Cl)c(NC(=O)C(F)(F)F)c1,Amidation,,
C382915,1,,,,CC(C)(Cl)C(=O)O,Cc1ccc(N)cc1N1CCNC1=O,Cc1ccc(NC(=O)C(C)(C)Cl)cc1N1CCNC1=O,Amidation,,
C382952,1,,,,O=C(O)C(F)(F)F,Nc1ccc(Cl)c(N2CCNC2=O)c1,O=C1NCCN1c1cc(NC(=O)C(F)(F)F)ccc1Cl,Amidation,,
C382975,1,,,,CC(ON)C(=O)O,Nc1cc(N2CCNC2=O)ccc1Cl,CC(ON)C(=O)Nc1cc(N2CCNC2=O)ccc1Cl,Amidation,,
C382978,1,,,,CC(C)(Cl)C(=O)O,Nc1cc(N2CCNC2=O)ccc1F,CC(C)(Cl)C(=O)Nc1cc(N2CCNC2=O)ccc1F,Amidation,,
C382979,1,,,,CC(C)(Cl)C(=O)O,Nc1cc(N2CCNC2=O)ccc1Cl,CC(C)(Cl)C(=O)Nc1cc(N2CCNC2=O)ccc1Cl,Amidation,,
C382986,1,,,,CC(C)(Cl)C(=O)O,Nc1ccc(F)c(N2CCNC2=O)c1,CC(C)(Cl)C(=O)Nc1ccc(F)c(N2CCNC2=O)c1,Amidation,,
C382989,1,,,,CC(ON)C(=O)O,Cc1c(N)cccc1NC(=O)N(C)C,Cc1c(NC(=O)C(C)ON)cccc1NC(=O)N(C)C,Amidation,,
C382991,1,,,,O=C(O)CCBr,Nc1ccc(F)c(N2CCCNC2=O)c1,O=C(CCBr)Nc1ccc(F)c(N2CCCNC2=O)c1,Amidation,,
C382996,1,,,,C#CCC(=O)O,Nc1ccc(F)c(N2C(=O)CNC2=O)c1,C#CCC(=O)Nc1ccc(F)c(N2C(=O)CNC2=O)c1,Amidation,,
C383000,1,,,,C#CCC(=O)O,Cc1c(N)cccc1N1C(=O)CNC1=O,C#CCC(=O)Nc1cccc(N2C(=O)CNC2=O)c1C,Amidation,,
C383013,1,,,,O=C(O)CCCl,Nc1cccc(N2C(=O)CNC2=O)c1F,O=C(CCCl)Nc1cccc(N2C(=O)CNC2=O)c1F,Amidation,,
C383015,1,,,,O=C(O)CCCl,Cc1c(N)cccc1N1C(=O)CNC1=O,Cc1c(NC(=O)CCCl)cccc1N1C(=O)CNC1=O,Amidation,,
C383026,1,,,,O=C(O)C=CI,Nc1cccc(N2C(=O)CCNC2=O)c1,O=C(C=CI)Nc1cccc(N2C(=O)CCNC2=O)c1,Amidation,,
C383027,1,,,,O=C(O)C=CI,Cc1c(N)cccc1N1C(=O)CNC1=O,Cc1c(NC(=O)C=CI)cccc1N1C(=O)CNC1=O,Amidation,,
C383029,1,,,,O=C(O)C=CI,Nc1cccc(N2C(=O)CNC2=O)c1F,O=C(C=CI)Nc1cccc(N2C(=O)CNC2=O)c1F,Amidation,,
C383031,1,,,,O=C(O)C=CI,Nc1ccc(F)c(N2C(=O)CNC2=O)c1,O=C(C=CI)Nc1ccc(F)c(N2C(=O)CNC2=O)c1,Amidation,,
C383034,1,,,,O=C(O)CBr,CC1(C)NC(=O)N(c2cccc(N)c2)C1=O,CC1(C)NC(=O)N(c2cccc(NC(=O)CBr)c2)C1=O,Amidation,,
C383035,1,,,,O=C(O)CBr,Nc1ccc(F)c(N2CCC(=O)NC2=O)c1,O=C1CCN(c2cc(NC(=O)CBr)ccc2F)C(=O)N1,Amidation,,
C383039,1,,,,O=C(O)CBr,Nc1cc(Cl)cc(N2CCC(=O)NC2=O)c1,O=C1CCN(c2cc(Cl)cc(NC(=O)CBr)c2)C(=O)N1,Amidation,,
C383040,1,,,,O=C(O)CBr,Nc1cc(N2CCC(=O)NC2=O)ccc1F,O=C1CCN(c2ccc(F)c(NC(=O)CBr)c2)C(=O)N1,Amidation,,
C383045,1,,,,C=C(F)C(=O)O,Cc1ccc(N)cc1N1C(=O)CNC1=O,C=C(F)C(=O)Nc1ccc(C)c(N2C(=O)CNC2=O)c1,Amidation,,
C383051,1,,,,O=C(O)C=CI,Nc1ccc(F)c(N2CCCNC2=O)c1,O=C(C=CI)Nc1ccc(F)c(N2CCCNC2=O)c1,Amidation,,
C383053,1,,,,C=C=CC(=O)O,Nc1ccc(F)c(N2CCCNC2=O)c1,C=C=CC(=O)Nc1ccc(F)c(N2CCCNC2=O)c1,Amidation,,
C383061,1,,,,NOCC(=O)O,Nc1ccc(F)c(N2CCCNC2=O)c1,NOCC(=O)Nc1ccc(F)c(N2CCCNC2=O)c1,Amidation,,
C383070,1,,,,CC(C)C(=O)O,Cc1ccc(N)cc1N1C(=O)CNC1=O,Cc1ccc(NC(=O)C(C)C)cc1N1C(=O)CNC1=O,Amidation,,
C383077,1,,,,CC(C)C(=O)O,Cc1c(N)cccc1N1C(=O)CNC1=O,Cc1c(NC(=O)C(C)C)cccc1N1C(=O)CNC1=O,Amidation,,
C383084,1,,,,C=C=CC(=O)O,Cc1c(N)ccc(F)c1N1CCNC1=O,C=C=CC(=O)Nc1ccc(F)c(N2CCNC2=O)c1C,Amidation,,
C383096,1,,,,O=C(O)CCCl,Nc1ccc(F)c(N2CCCNC2=O)c1,O=C(CCCl)Nc1ccc(F)c(N2CCCNC2=O)c1,Amidation,,
C383102,1,,,,CC(C)CC(=O)O,Nc1cc(N2CCNC2=O)ccc1F,CC(C)CC(=O)Nc1cc(N2CCNC2=O)ccc1F,Amidation,,
C383123,1,,,,CC#CC(=O)O,Cc1c(N)cccc1N1C(=O)CNC1=O,CC#CC(=O)Nc1cccc(N2C(=O)CNC2=O)c1C,Amidation,,
C383133,1,,,,O=C(O)CCI,Cc1c(N)ccc(F)c1N1CCNC1=O,Cc1c(NC(=O)CCI)ccc(F)c1N1CCNC1=O,Amidation,,
C383138,1,,,,O=C(O)CCI,Cc1c(N)cccc1N1CCCNC1=O,Cc1c(NC(=O)CCI)cccc1N1CCCNC1=O,Amidation,,
C383139,1,,,,O=C(O)CCI,Nc1cccc(N2C(=O)CNC2=O)c1F,O=C(CCI)Nc1cccc(N2C(=O)CNC2=O)c1F,Amidation,,
C383141,1,,,,CC#CC(=O)O,Nc1ccc(F)c(N2CCCNC2=O)c1,CC#CC(=O)Nc1ccc(F)c(N2CCCNC2=O)c1,Amidation,,
C383146,1,,,,O=C(O)CCS,Nc1cccc(N2CCC(=O)NC2=O)c1,O=C1CCN(c2cccc(NC(=O)CCS)c2)C(=O)N1,Amidation,,
C383175,1,,,,O=C(O)CBr,Cc1c(N)ccc(F)c1N1C(=O)CNC1=O,Cc1c(NC(=O)CBr)ccc(F)c1N1C(=O)CNC1=O,Amidation,,
C383193,1,,,,C=C(F)C(=O)O,Nc1cccc(N2C(=O)CNC2=O)c1F,C=C(F)C(=O)Nc1cccc(N2C(=O)CNC2=O)c1F,Amidation,,
C383204,1,,,,O=C(O)CI,Cc1c(N)ccc(F)c1N1C(=O)CNC1=O,Cc1c(NC(=O)CI)ccc(F)c1N1C(=O)CNC1=O,Amidation,,
C383207,1,,,,O=C(O)CBr,Nc1cc(F)cc(N2CCC(=O)NC2=O)c1,O=C1CCN(c2cc(F)cc(NC(=O)CBr)c2)C(=O)N1,Amidation,,
C383209,1,,,,CC#CC(=O)O,Cc1ccc(N)cc1N1C(=O)CNC1=O,CC#CC(=O)Nc1ccc(C)c(N2C(=O)CNC2=O)c1,Amidation,,
C383213,1,,,,O=C(O)CCS,Cc1c(N)cccc1N1CCCNC1=O,Cc1c(NC(=O)CCS)cccc1N1CCCNC1=O,Amidation,,
C383214,1,,,,O=C(O)CCS,Nc1cccc(N2C(=O)CNC2=O)c1F,O=C(CCS)Nc1cccc(N2C(=O)CNC2=O)c1F,Amidation,,
C383220,1,,,,O=C(O)CS,Cc1ccc(N)cc1N1CCC(=O)NC1=O,Cc1ccc(NC(=O)CS)cc1N1CCC(=O)NC1=O,Amidation,,
C383222,1,,,,O=C(O)CS,Nc1ccc(Cl)c(N2CCC(=O)NC2=O)c1,O=C1CCN(c2cc(NC(=O)CS)ccc2Cl)C(=O)N1,Amidation,,
C383224,1,,,,O=C(O)CS,Cc1c(N)cccc1N1C(=O)CCNC1=O,Cc1c(NC(=O)CS)cccc1N1C(=O)CCNC1=O,Amidation,,
C383226,1,,,,O=C(O)CI,Cc1cc(N)cc(N2CCC(=O)NC2=O)c1,Cc1cc(NC(=O)CI)cc(N2CCC(=O)NC2=O)c1,Amidation,,
C383229,1,,,,O=C(O)CI,Nc1ccc(F)c(N2CCC(=O)NC2=O)c1,O=C1CCN(c2cc(NC(=O)CI)ccc2F)C(=O)N1,Amidation,,
C383239,1,,,,O=C(O)C#CBr,Nc1ccc(F)c(N2CCCNC2=O)c1,O=C(C#CBr)Nc1ccc(F)c(N2CCCNC2=O)c1,Amidation,,
C383247,1,,,,O=C(O)C(Cl)Cl,Nc1cccc(N2C(=O)CNC2=O)c1F,O=C(Nc1cccc(N2C(=O)CNC2=O)c1F)C(Cl)Cl,Amidation,,
C383249,1,,,,O=C(O)C(Cl)Cl,Cc1c(N)cccc1N1C(=O)CNC1=O,Cc1c(NC(=O)C(Cl)Cl)cccc1N1C(=O)CNC1=O,Amidation,,
C383252,1,,,,O=C(O)C#CBr,Cc1ccc(N)cc1N1C(=O)CNC1=O,Cc1ccc(NC(=O)C#CBr)cc1N1C(=O)CNC1=O,Amidation,,
C383256,1,,,,C=C(Br)C(=O)O,Nc1cccc(N2C(=O)CNC2=O)c1F,C=C(Br)C(=O)Nc1cccc(N2C(=O)CNC2=O)c1F,Amidation,,
C383265,1,,,,O=CC(=O)O,Cc1cc(N)cc(N2CCC(=O)NC2=O)c1,Cc1cc(NC(=O)C=O)cc(N2CCC(=O)NC2=O)c1,Amidation,,
C383266,1,,,,O=CC(=O)O,Nc1cc(Cl)cc(N2CCC(=O)NC2=O)c1,O=CC(=O)Nc1cc(Cl)cc(N2CCC(=O)NC2=O)c1,Amidation,,
C383270,1,,,,O=CC(=O)O,Nc1ccc(Cl)c(N2CCC(=O)NC2=O)c1,O=CC(=O)Nc1ccc(Cl)c(N2CCC(=O)NC2=O)c1,Amidation,,
C383271,1,,,,O=CC(=O)O,Nc1cc(Br)cc(N2CCC(=O)NC2=O)c1,O=CC(=O)Nc1cc(Br)cc(N2CCC(=O)NC2=O)c1,Amidation,,
C383276,1,,,,CCC(=O)O,Cc1c(N)ccc(F)c1N1C(=O)CNC1=O,CCC(=O)Nc1ccc(F)c(N2C(=O)CNC2=O)c1C,Amidation,,
C383284,1,,,,C=C(Br)C(=O)O,Cc1c(N)cccc1N1CCCNC1=O,C=C(Br)C(=O)Nc1cccc(N2CCCNC2=O)c1C,Amidation,,
C383291,1,,,,C=CCC(=O)O,Cc1ccc(N)cc1N1C(=O)CNC1=O,C=CCC(=O)Nc1ccc(C)c(N2C(=O)CNC2=O)c1,Amidation,,
C383295,1,,,,O=C(O)C(Cl)Cl,Cc1ccc(N)cc1N1C(=O)CNC1=O,Cc1ccc(NC(=O)C(Cl)Cl)cc1N1C(=O)CNC1=O,Amidation,,
C383330,1,,,,C=CCC(=O)O,Nc1cccc(N2C(=O)CNC2=O)c1F,C=CCC(=O)Nc1cccc(N2C(=O)CNC2=O)c1F,Amidation,,
C383332,1,,,,C=CCC(=O)O,Cc1c(N)cccc1N1C(=O)CNC1=O,C=CCC(=O)Nc1cccc(N2C(=O)CNC2=O)c1C,Amidation,,
C383333,1,,,,C=CCC(=O)O,Nc1cccc(N2C(=O)CCNC2=O)c1,C=CCC(=O)Nc1cccc(N2C(=O)CCNC2=O)c1,Amidation,,
C383336,1,,,,C=C(Br)C(=O)O,Cc1c(N)cccc1N1C(=O)CNC1=O,C=C(Br)C(=O)Nc1cccc(N2C(=O)CNC2=O)c1C,Amidation,,
C383343,1,,,,O=C(O)C(F)Cl,Nc1cccc(N2CCC(=O)NC2=O)c1,O=C1CCN(c2cccc(NC(=O)C(F)Cl)c2)C(=O)N1,Amidation,,
C383351,1,,,,C=C(Cl)C(=O)O,Cc1c(N)ccc(F)c1N1CCNC1=O,C=C(Cl)C(=O)Nc1ccc(F)c(N2CCNC2=O)c1C,Amidation,,
C383359,1,,,,C=C(Cl)C(=O)O,Nc1ccc(F)c(N2C(=O)CNC2=O)c1,C=C(Cl)C(=O)Nc1ccc(F)c(N2C(=O)CNC2=O)c1,Amidation,,
C383361,1,,,,CCC(=O)O,Cc1c(N)cccc1N1C(=O)CCNC1=O,CCC(=O)Nc1cccc(N2C(=O)CCNC2=O)c1C,Amidation,,
C383362,1,,,,CCC(=O)O,Nc1cc(Br)cc(N2CCC(=O)NC2=O)c1,CCC(=O)Nc1cc(Br)cc(N2CCC(=O)NC2=O)c1,Amidation,,
C383363,1,,,,CCC(=O)O,Nc1ccc(Cl)c(N2CCC(=O)NC2=O)c1,CCC(=O)Nc1ccc(Cl)c(N2CCC(=O)NC2=O)c1,Amidation,,
C383366,1,,,,C=C(Cl)C(=O)O,Nc1ccc(F)c(N2CCCNC2=O)c1,C=C(Cl)C(=O)Nc1ccc(F)c(N2CCCNC2=O)c1,Amidation,,
C383390,1,,,,O=C(O)C(F)Cl,Nc1cccc(N2C(=O)CNC2=O)c1F,O=C(Nc1cccc(N2C(=O)CNC2=O)c1F)C(F)Cl,Amidation,,
C383396,1,,,,CCC(=O)O,Cc1ccc(N)cc1N1CCC(=O)NC1=O,CCC(=O)Nc1ccc(C)c(N2CCC(=O)NC2=O)c1,Amidation,,
C383398,1,,,,CCC(=O)O,Nc1cc(Cl)cc(N2CCC(=O)NC2=O)c1,CCC(=O)Nc1cc(Cl)cc(N2CCC(=O)NC2=O)c1,Amidation,,
C383399,1,,,,CCC(=O)O,Cc1cc(N)cc(N2CCC(=O)NC2=O)c1,CCC(=O)Nc1cc(C)cc(N2CCC(=O)NC2=O)c1,Amidation,,
C383407,1,,,,CC(C)CC(=O)O,CC1CNC(=O)N1c1cccc(N)c1,CC(C)CC(=O)Nc1cccc(N2C(=O)NCC2C)c1,Amidation,,
C383411,1,,,,CCC(=O)O,Nc1ccc(F)c(N2CCC(=O)NC2=O)c1,CCC(=O)Nc1ccc(F)c(N2CCC(=O)NC2=O)c1,Amidation,,
C383414,1,,,,C=C(Br)C(=O)O,Cc1ccc(N)cc1N1C(=O)CNC1=O,C=C(Br)C(=O)Nc1ccc(C)c(N2C(=O)CNC2=O)c1,Amidation,,
C383416,1,,,,C=C(Br)C(=O)O,Nc1ccc(F)c(N2CCCNC2=O)c1,C=C(Br)C(=O)Nc1ccc(F)c(N2CCCNC2=O)c1,Amidation,,
C383419,1,,,,CC=CC(=O)O,Nc1ccc(F)c(N2CCCNC2=O)c1,CC=CC(=O)Nc1ccc(F)c(N2CCCNC2=O)c1,Amidation,,
C383426,1,,,,CC=CC(=O)O,Nc1cccc(N2C(=O)CNC2=O)c1F,CC=CC(=O)Nc1cccc(N2C(=O)CNC2=O)c1F,Amidation,,
C383429,1,,,,CC=CC(=O)O,Nc1cccc(N2C(=O)CCNC2=O)c1,CC=CC(=O)Nc1cccc(N2C(=O)CCNC2=O)c1,Amidation,,
C383432,1,,,,N#CCC(=O)O,Cc1ccc(N)cc1N1C(=O)CNC1=O,Cc1ccc(NC(=O)CC#N)cc1N1C(=O)CNC1=O,Amidation,,
C383451,1,,,,O=C(O)CCI,Nc1ccc(F)c(N2CCCNC2=O)c1,O=C(CCI)Nc1ccc(F)c(N2CCCNC2=O)c1,Amidation,,
C383452,1,,,,C=C(C)C(=O)O,Nc1ccc(F)c(N2CCCNC2=O)c1,C=C(C)C(=O)Nc1ccc(F)c(N2CCCNC2=O)c1,Amidation,,
C383453,1,,,,C=C(C)C(=O)O,Cc1c(N)ccc(F)c1N1CCNC1=O,C=C(C)C(=O)Nc1ccc(F)c(N2CCNC2=O)c1C,Amidation,,
C383456,1,,,,C=C(C)C(=O)O,Nc1cccc(N2C(=O)CCNC2=O)c1,C=C(C)C(=O)Nc1cccc(N2C(=O)CCNC2=O)c1,Amidation,,
C383457,1,,,,C=C(C)C(=O)O,Cc1c(N)cccc1N1C(=O)CNC1=O,C=C(C)C(=O)Nc1cccc(N2C(=O)CNC2=O)c1C,Amidation,,
C383458,1,,,,C=C(C)C(=O)O,Cc1c(N)cccc1N1CCCNC1=O,C=C(C)C(=O)Nc1cccc(N2CCCNC2=O)c1C,Amidation,,
C383464,1,,,,C#CC(=O)O,Cc1c(N)ccc(F)c1N1C(=O)CNC1=O,C#CC(=O)Nc1ccc(F)c(N2C(=O)CNC2=O)c1C,Amidation,,
C383466,1,,,,C#CC(=O)O,Nc1cc(F)cc(N2CCC(=O)NC2=O)c1,C#CC(=O)Nc1cc(F)cc(N2CCC(=O)NC2=O)c1,Amidation,,
C383467,1,,,,C#CC(=O)O,Cc1c(N)cccc1N1C(=O)NC(C)C1=O,C#CC(=O)Nc1cccc(N2C(=O)NC(C)C2=O)c1C,Amidation,,
C383472,1,,,,C#CC(=O)O,Nc1ccc(F)c(N2CCC(=O)NC2=O)c1,C#CC(=O)Nc1ccc(F)c(N2CCC(=O)NC2=O)c1,Amidation,,
C383479,1,,,,CC(Br)C(=O)O,Cc1ccc(N)cc1N1C(=O)CNC1=O,Cc1ccc(NC(=O)C(C)Br)cc1N1C(=O)CNC1=O,Amidation,,
C383494,1,,,,O=C(O)CCBr,Nc1cccc(N2C(=O)CNC2=O)c1F,O=C(CCBr)Nc1cccc(N2C(=O)CNC2=O)c1F,Amidation,,
C383497,1,,,,C#CC(=O)O,Cc1cc(N)cc(N2CCC(=O)NC2=O)c1,C#CC(=O)Nc1cc(C)cc(N2CCC(=O)NC2=O)c1,Amidation,,
C383503,1,,,,C#CC(=O)O,Nc1cc(Cl)cc(N2CCC(=O)NC2=O)c1,C#CC(=O)Nc1cc(Cl)cc(N2CCC(=O)NC2=O)c1,Amidation,,
C383505,1,,,,C#CC(=O)O,Cc1ccc(N)cc1N1CCC(=O)NC1=O,C#CC(=O)Nc1ccc(C)c(N2CCC(=O)NC2=O)c1,Amidation,,
C383507,1,,,,C#CC(=O)O,Nc1ccc(Cl)c(N2CCC(=O)NC2=O)c1,C#CC(=O)Nc1ccc(Cl)c(N2CCC(=O)NC2=O)c1,Amidation,,
C383508,1,,,,C#CC(=O)O,Nc1cc(Br)cc(N2CCC(=O)NC2=O)c1,C#CC(=O)Nc1cc(Br)cc(N2CCC(=O)NC2=O)c1,Amidation,,
C383509,1,,,,CC(S)C(=O)O,Nc1ccc(F)c(N2CCCNC2=O)c1,CC(S)C(=O)Nc1ccc(F)c(N2CCCNC2=O)c1,Amidation,,
C383510,1,,,,CC(S)C(=O)O,Cc1c(N)ccc(F)c1N1CCNC1=O,Cc1c(NC(=O)C(C)S)ccc(F)c1N1CCNC1=O,Amidation,,
C383531,1,,,,CC(S)C(=O)O,Cc1ccc(N)cc1N1C(=O)CNC1=O,Cc1ccc(NC(=O)C(C)S)cc1N1C(=O)CNC1=O,Amidation,,
C383533,1,,,,CC(Br)C(=O)O,Nc1ccc(F)c(N2CCCNC2=O)c1,CC(Br)C(=O)Nc1ccc(F)c(N2CCCNC2=O)c1,Amidation,,
C383556,1,,,,CC(Br)C(=O)O,Nc1cccc(N2C(=O)CNC2=O)c1F,CC(Br)C(=O)Nc1cccc(N2C(=O)CNC2=O)c1F,Amidation,,
C383558,1,,,,CC(Br)C(=O)O,Cc1c(N)cccc1N1C(=O)CNC1=O,Cc1c(NC(=O)C(C)Br)cccc1N1C(=O)CNC1=O,Amidation,,
C383559,1,,,,CC(Br)C(=O)O,Nc1cccc(N2C(=O)CCNC2=O)c1,CC(Br)C(=O)Nc1cccc(N2C(=O)CCNC2=O)c1,Amidation,,
C383578,1,,,,CCCC(=O)O,Nc1ccc(F)c(N2CCCNC2=O)c1,CCCC(=O)Nc1ccc(F)c(N2CCCNC2=O)c1,Amidation,,
C383596,1,,,,CCCC(=O)O,Nc1cccc(N2C(=O)CCNC2=O)c1,CCCC(=O)Nc1cccc(N2C(=O)CCNC2=O)c1,Amidation,,
C383599,1,,,,CC(S)C(=O)O,Cc1c(N)cccc1N1C(=O)CNC1=O,Cc1c(NC(=O)C(C)S)cccc1N1C(=O)CNC1=O,Amidation,,
C383601,1,,,,C=CC(=O)O,Nc1cc(F)cc(N2CCC(=O)NC2=O)c1,C=CC(=O)Nc1cc(F)cc(N2CCC(=O)NC2=O)c1,Amidation,,
C383624,1,,,,C=CC(=O)O,Nc1ccc(F)c(N2CCC(=O)NC2=O)c1,C=CC(=O)Nc1ccc(F)c(N2CCC(=O)NC2=O)c1,Amidation,,
C383641,1,,,,C=CC(=O)O,Nc1cc(Br)cc(N2CCC(=O)NC2=O)c1,C=CC(=O)Nc1cc(Br)cc(N2CCC(=O)NC2=O)c1,Amidation,,
C383642,1,,,,C=CC(=O)O,Nc1ccc(Cl)c(N2CCC(=O)NC2=O)c1,C=CC(=O)Nc1ccc(Cl)c(N2CCC(=O)NC2=O)c1,Amidation,,
C383644,1,,,,C=CC(=O)O,Cc1ccc(N)cc1N1CCC(=O)NC1=O,C=CC(=O)Nc1ccc(C)c(N2CCC(=O)NC2=O)c1,Amidation,,
C383645,1,,,,C=CC(=O)O,Nc1cc(N2CCC(=O)NC2=O)ccc1F,C=CC(=O)Nc1cc(N2CCC(=O)NC2=O)ccc1F,Amidation,,
C383646,1,,,,C=CC(=O)O,Nc1cc(Cl)cc(N2CCC(=O)NC2=O)c1,C=CC(=O)Nc1cc(Cl)cc(N2CCC(=O)NC2=O)c1,Amidation,,
C383651,1,,,,CSCC(=O)O,Nc1cccc(N2C(=O)CCNC2=O)c1,CSCC(=O)Nc1cccc(N2C(=O)CCNC2=O)c1,Amidation,,
C383654,1,,,,CCC#CC(=O)O,Nc1cc(N2CCNC2=O)ccc1F,CCC#CC(=O)Nc1cc(N2CCNC2=O)ccc1F,Amidation,,
C383655,1,,,,CCC#CC(=O)O,Nc1cc(N2CCNC2=O)ccc1Cl,CCC#CC(=O)Nc1cc(N2CCNC2=O)ccc1Cl,Amidation,,
C383663,1,,,,CSCC(=O)O,Nc1ccc(F)c(N2CCCNC2=O)c1,CSCC(=O)Nc1ccc(F)c(N2CCCNC2=O)c1,Amidation,,
C383664,1,,,,CSCC(=O)O,Cc1ccc(N)cc1N1C(=O)CNC1=O,CSCC(=O)Nc1ccc(C)c(N2C(=O)CNC2=O)c1,Amidation,,
C383675,1,,,,CSCC(=O)O,Cc1c(N)cccc1N1C(=O)CNC1=O,CSCC(=O)Nc1cccc(N2C(=O)CNC2=O)c1C,Amidation,,
C383680,1,,,,O=C(O)CS,Cc1cc(N)cc(N2CCC(=O)NC2=O)c1,Cc1cc(NC(=O)CS)cc(N2CCC(=O)NC2=O)c1,Amidation,,
C383704,1,,,,O=C(O)C1(O)CC1,Nc1cc(N2CCNC2=O)ccc1Cl,O=C1NCCN1c1ccc(Cl)c(NC(=O)C2(O)CC2)c1,Amidation,,
C383706,1,,,,CSCC(=O)O,Nc1cccc(N2C(=O)CNC2=O)c1F,CSCC(=O)Nc1cccc(N2C(=O)CNC2=O)c1F,Amidation,,
C383709,1,,,,O=C(O)C1CCC1,Nc1ccc(Cl)c(N2CCNC2=O)c1,O=C(Nc1ccc(Cl)c(N2CCNC2=O)c1)C1CCC1,Amidation,,
C383737,1,,,,C#CC(=O)O,Cc1c(N)cccc1N1C(=O)CCNC1=O,C#CC(=O)Nc1cccc(N2C(=O)CCNC2=O)c1C,Amidation,,
C383739,1,,,,C=CC(=O)O,Cc1c(N)cccc1N1C(=O)CCNC1=O,C=CC(=O)Nc1cccc(N2C(=O)CCNC2=O)c1C,Amidation,,
C383747,1,,,,O=C(O)CCF,Nc1cccc(N2CCC(=O)NC2=O)c1,O=C1CCN(c2cccc(NC(=O)CCF)c2)C(=O)N1,Amidation,,
C383756,1,,,,O=C(O)CCF,Nc1cccc(N2C(=O)CNC2=O)c1F,O=C(CCF)Nc1cccc(N2C(=O)CNC2=O)c1F,Amidation,,
C383766,1,,,,CC(Cl)C(=O)O,Nc1cccc(N2C(=O)CNC2=O)c1F,CC(Cl)C(=O)Nc1cccc(N2C(=O)CNC2=O)c1F,Amidation,,
C383782,1,,,,O=C(O)CI,Nc1cc(Br)cc(N2CCC(=O)NC2=O)c1,O=C1CCN(c2cc(Br)cc(NC(=O)CI)c2)C(=O)N1,Amidation,,
C383783,1,,,,O=C(O)CI,Cc1c(N)cccc1N1C(=O)CCNC1=O,Cc1c(NC(=O)CI)cccc1N1C(=O)CCNC1=O,Amidation,,
C383784,1,,,,CCC(Cl)C(=O)O,Cc1c(N)cccc1N1CCCNC1=O,CCC(Cl)C(=O)Nc1cccc(N2CCCNC2=O)c1C,Amidation,,
C383785,1,,,,CCC(Cl)C(=O)O,Nc1cccc(N2C(=O)CNC2=O)c1F,CCC(Cl)C(=O)Nc1cccc(N2C(=O)CNC2=O)c1F,Amidation,,
C383788,1,,,,CCC(Cl)C(=O)O,Cc1c(N)ccc(F)c1N1CCNC1=O,CCC(Cl)C(=O)Nc1ccc(F)c(N2CCNC2=O)c1C,Amidation,,
C383791,1,,,,C=CCC(=O)O,Nc1cc(Br)cc(N2CCC(=O)NC2=O)c1,C=CCC(=O)Nc1cc(Br)cc(N2CCC(=O)NC2=O)c1,Amidation,,
C383793,1,,,,CCC(Cl)C(=O)O,Nc1ccc(F)c(N2CCCNC2=O)c1,CCC(Cl)C(=O)Nc1ccc(F)c(N2CCCNC2=O)c1,Amidation,,
C383800,1,,,,C#CCCC(=O)O,Nc1ccc(F)c(N2C(=O)CNC2=O)c1,C#CCCC(=O)Nc1ccc(F)c(N2C(=O)CNC2=O)c1,Amidation,,
C383807,1,,,,CCC(Cl)C(=O)O,Nc1ccc(F)c(N2C(=O)CNC2=O)c1,CCC(Cl)C(=O)Nc1ccc(F)c(N2C(=O)CNC2=O)c1,Amidation,,
C383808,1,,,,O=C(O)CCS,Nc1cc(F)cc(N2CCC(=O)NC2=O)c1,O=C1CCN(c2cc(F)cc(NC(=O)CCS)c2)C(=O)N1,Amidation,,
C383809,1,,,,CC(S)C(=O)O,Cc1c(N)cccc1N1C(=O)CCNC1=O,Cc1c(NC(=O)C(C)S)cccc1N1C(=O)CCNC1=O,Amidation,,
C383810,1,,,,C#CCCC(=O)O,Cc1c(N)cccc1N1CCCNC1=O,C#CCCC(=O)Nc1cccc(N2CCCNC2=O)c1C,Amidation,,
C383817,1,,,,O=C(O)C1CCC1,CN1CC(=O)N(c2cccc(N)c2)C1=O,CN1CC(=O)N(c2cccc(NC(=O)C3CCC3)c2)C1=O,Amidation,,
C383820,1,,,,O=C(O)C1CCC1,Nc1ccc(F)c(N2CCCNC2=O)c1,O=C(Nc1ccc(F)c(N2CCCNC2=O)c1)C1CCC1,Amidation,,
C383821,1,,,,O=C(O)C1CCC1,Cc1c(N)ccc(F)c1N1CCNC1=O,Cc1c(NC(=O)C2CCC2)ccc(F)c1N1CCNC1=O,Amidation,,
C383843,1,,,,C=C(CO)C(=O)O,Cc1ccc(N)cc1N1C(=O)CNC1=O,C=C(CO)C(=O)Nc1ccc(C)c(N2C(=O)CNC2=O)c1,Amidation,,
C383851,1,,,,O=C(O)C1CCC1,Cc1c(N)cccc1N1CCCNC1=O,Cc1c(NC(=O)C2CCC2)cccc1N1CCCNC1=O,Amidation,,
C383856,1,,,,O=C(O)CCS,Cc1ccc(N)cc1N1CCC(=O)NC1=O,Cc1ccc(NC(=O)CCS)cc1N1CCC(=O)NC1=O,Amidation,,
C383865,1,,,,O=C(O)CCS,Cc1c(N)ccc(F)c1N1C(=O)CNC1=O,Cc1c(NC(=O)CCS)ccc(F)c1N1C(=O)CNC1=O,Amidation,,
C383875,1,,,,C#CCCC(=O)O,Nc1cccc(N2C(=O)CNC2=O)c1F,C#CCCC(=O)Nc1cccc(N2C(=O)CNC2=O)c1F,Amidation,,
C383880,1,,,,C#CCCC(=O)O,Cc1c(N)ccc(F)c1N1CCNC1=O,C#CCCC(=O)Nc1ccc(F)c(N2CCNC2=O)c1C,Amidation,,
C383881,1,,,,C#CCCC(=O)O,Nc1ccc(F)c(N2CCCNC2=O)c1,C#CCCC(=O)Nc1ccc(F)c(N2CCCNC2=O)c1,Amidation,,
C383883,1,,,,C#CCCC(=O)O,Cc1ccc(N)cc1N1C(=O)CNC1=O,C#CCCC(=O)Nc1ccc(C)c(N2C(=O)CNC2=O)c1,Amidation,,
C383885,1,,,,C#CCCC(=O)O,Nc1cccc(N2C(=O)CCNC2=O)c1,C#CCCC(=O)Nc1cccc(N2C(=O)CCNC2=O)c1,Amidation,,
C383888,1,,,,O=C(O)CCCF,Cc1ccc(N)cc1N1C(=O)CNC1=O,Cc1ccc(NC(=O)CCCF)cc1N1C(=O)CNC1=O,Amidation,,
C383891,1,,,,O=C(O)CCCF,Cc1c(N)ccc(F)c1N1CCNC1=O,Cc1c(NC(=O)CCCF)ccc(F)c1N1CCNC1=O,Amidation,,
C383895,1,,,,C#CCCC(=O)O,Cc1c(N)cccc1N1C(=O)CNC1=O,C#CCCC(=O)Nc1cccc(N2C(=O)CNC2=O)c1C,Amidation,,
C383898,1,,,,CCC(Cl)C(=O)O,Cc1ccc(N)cc1N1C(=O)CNC1=O,CCC(Cl)C(=O)Nc1ccc(C)c(N2C(=O)CNC2=O)c1,Amidation,,
C383903,1,,,,O=C(O)C(Br)(Br)Br,Cc1ccc(N)cc1N1C(=O)CNC1=O,Cc1ccc(NC(=O)C(Br)(Br)Br)cc1N1C(=O)CNC1=O,Amidation,,
C383905,1,,,,O=C(O)C(Br)(Br)Br,Nc1ccc(F)c(N2CCCNC2=O)c1,O=C1NCCCN1c1cc(NC(=O)C(Br)(Br)Br)ccc1F,Amidation,,
C383906,1,,,,O=C(O)C(Br)(Br)Br,Cc1c(N)ccc(F)c1N1CCNC1=O,Cc1c(NC(=O)C(Br)(Br)Br)ccc(F)c1N1CCNC1=O,Amidation,,
C383910,1,,,,O=C(O)C(Br)(Br)Br,Cc1c(N)cccc1N1C(=O)CNC1=O,Cc1c(NC(=O)C(Br)(Br)Br)cccc1N1C(=O)CNC1=O,Amidation,,
C383911,1,,,,O=C(O)C(Br)(Br)Br,Cc1c(N)cccc1N1CCCNC1=O,Cc1c(NC(=O)C(Br)(Br)Br)cccc1N1CCCNC1=O,Amidation,,
C383912,1,,,,O=C(O)C(Br)(Br)Br,Nc1cccc(N2C(=O)CNC2=O)c1F,O=C1CNC(=O)N1c1cccc(NC(=O)C(Br)(Br)Br)c1F,Amidation,,
C383915,1,,,,O=C(O)CCCF,Nc1cccc(N2C(=O)CCNC2=O)c1,O=C(CCCF)Nc1cccc(N2C(=O)CCNC2=O)c1,Amidation,,
C383916,1,,,,CC(S)C(=O)O,Cc1c(N)ccc(F)c1N1C(=O)CNC1=O,Cc1c(NC(=O)C(C)S)ccc(F)c1N1C(=O)CNC1=O,Amidation,,
C383917,1,,,,O=C(O)CCCF,Cc1c(N)cccc1N1C(=O)CNC1=O,Cc1c(NC(=O)CCCF)cccc1N1C(=O)CNC1=O,Amidation,,
C383918,1,,,,O=C(O)CCCF,Nc1cccc(N2C(=O)CNC2=O)c1F,O=C(CCCF)Nc1cccc(N2C(=O)CNC2=O)c1F,Amidation,,
C383919,1,,,,CC(S)C(=O)O,Nc1ccc(Cl)c(N2CCC(=O)NC2=O)c1,CC(S)C(=O)Nc1ccc(Cl)c(N2CCC(=O)NC2=O)c1,Amidation,,
C383925,1,,,,CC(S)C(=O)O,Cc1ccc(N)cc1N1CCC(=O)NC1=O,Cc1ccc(NC(=O)C(C)S)cc1N1CCC(=O)NC1=O,Amidation,,
C383926,1,,,,CC(S)C(=O)O,Nc1cc(Br)cc(N2CCC(=O)NC2=O)c1,CC(S)C(=O)Nc1cc(Br)cc(N2CCC(=O)NC2=O)c1,Amidation,,
C383927,1,,,,CC(S)C(=O)O,Nc1cc(N2CCC(=O)NC2=O)ccc1F,CC(S)C(=O)Nc1cc(N2CCC(=O)NC2=O)ccc1F,Amidation,,
C383928,1,,,,CC(S)C(=O)O,Cc1cc(N)cc(N2CCC(=O)NC2=O)c1,Cc1cc(NC(=O)C(C)S)cc(N2CCC(=O)NC2=O)c1,Amidation,,
C383931,1,,,,CC(S)C(=O)O,Nc1ccc(F)c(N2CCC(=O)NC2=O)c1,CC(S)C(=O)Nc1ccc(F)c(N2CCC(=O)NC2=O)c1,Amidation,,
C383934,1,,,,CC(S)C(=O)O,Nc1cc(F)cc(N2CCC(=O)NC2=O)c1,CC(S)C(=O)Nc1cc(F)cc(N2CCC(=O)NC2=O)c1,Amidation,,
C383957,1,,,,C=CCC(=O)O,Cc1ccc(N)cc1N1CCC(=O)NC1=O,C=CCC(=O)Nc1ccc(C)c(N2CCC(=O)NC2=O)c1,Amidation,,
C383959,1,,,,C=CCC(=O)O,Nc1cc(Cl)cc(N2CCC(=O)NC2=O)c1,C=CCC(=O)Nc1cc(Cl)cc(N2CCC(=O)NC2=O)c1,Amidation,,
C383968,1,,,,CC(Cl)=CC(=O)O,Cc1ccc(N)cc1N1C(=O)CNC1=O,CC(Cl)=CC(=O)Nc1ccc(C)c(N2C(=O)CNC2=O)c1,Amidation,,
C383975,1,,,,CC1(C(=O)O)CC1,Cc1c(N)ccc(F)c1N1CCNC1=O,Cc1c(NC(=O)C2(C)CC2)ccc(F)c1N1CCNC1=O,Amidation,,
C383978,1,,,,CC1(C(=O)O)CC1,Nc1cccc(N2C(=O)CCNC2=O)c1,CC1(C(=O)Nc2cccc(N3C(=O)CCNC3=O)c2)CC1,Amidation,,
C383979,1,,,,CC1(C(=O)O)CC1,Cc1c(N)cccc1N1C(=O)CNC1=O,Cc1c(NC(=O)C2(C)CC2)cccc1N1C(=O)CNC1=O,Amidation,,
C383986,1,,,,CC(C)CC(=O)O,CN1CC(=O)N(c2cccc(N)c2)C1=O,CC(C)CC(=O)Nc1cccc(N2C(=O)CN(C)C2=O)c1,Amidation,,
C383989,1,,,,CC#CC(=O)O,Cc1c(N)ccc(F)c1N1C(=O)CNC1=O,CC#CC(=O)Nc1ccc(F)c(N2C(=O)CNC2=O)c1C,Amidation,,
C383990,1,,,,CC(Cl)=CC(=O)O,Nc1ccc(F)c(N2CCCNC2=O)c1,CC(Cl)=CC(=O)Nc1ccc(F)c(N2CCCNC2=O)c1,Amidation,,
C383991,1,,,,CC(Cl)=CC(=O)O,Cc1c(N)ccc(F)c1N1CCNC1=O,CC(Cl)=CC(=O)Nc1ccc(F)c(N2CCNC2=O)c1C,Amidation,,
C383995,1,,,,O=C(O)CNO,Cc1c(N)ccc(F)c1N1C(=O)CNC1=O,Cc1c(NC(=O)CNO)ccc(F)c1N1C(=O)CNC1=O,Amidation,,
C384000,1,,,,O=C(O)CNO,Nc1ccc(F)c(N2CCC(=O)NC2=O)c1,O=C1CCN(c2cc(NC(=O)CNO)ccc2F)C(=O)N1,Amidation,,
C438753,1,,,,NCCCl,O=C(O)c1cc(Cl)cc2cc[nH]c12,O=C(NCCCl)c1cc(Cl)cc2cc[nH]c12,Amidation,,
C438755,1,,,,NCCS,O=C(O)c1cc(Cl)cc2cc[nH]c12,O=C(NCCS)c1cc(Cl)cc2cc[nH]c12,Amidation,,
C384007,1,,,,O=C(O)CNO,Nc1ccc(Cl)c(N2CCC(=O)NC2=O)c1,O=C1CCN(c2cc(NC(=O)CNO)ccc2Cl)C(=O)N1,Amidation,,
C384011,1,,,,CC(Cl)=CC(=O)O,Nc1ccc(F)c(N2C(=O)CNC2=O)c1,CC(Cl)=CC(=O)Nc1ccc(F)c(N2C(=O)CNC2=O)c1,Amidation,,
C384013,1,,,,CC(Cl)=CC(=O)O,Nc1cccc(N2C(=O)CNC2=O)c1F,CC(Cl)=CC(=O)Nc1cccc(N2C(=O)CNC2=O)c1F,Amidation,,
C384014,1,,,,CC(Cl)=CC(=O)O,Cc1c(N)cccc1N1CCCNC1=O,CC(Cl)=CC(=O)Nc1cccc(N2CCCNC2=O)c1C,Amidation,,
C438767,1,,,,NCCI,O=C(O)c1cc(Cl)cc2cc[nH]c12,O=C(NCCI)c1cc(Cl)cc2cc[nH]c12,Amidation,,
C384021,1,,,,CC(C)(C)C(=O)O,Nc1cccc(N2C(=O)CNC2=O)c1F,CC(C)(C)C(=O)Nc1cccc(N2C(=O)CNC2=O)c1F,Amidation,,
C384034,1,,,,CC(O)C(=O)O,Cc1cc(N)cc(N2CCC(=O)NC2=O)c1,Cc1cc(NC(=O)C(C)O)cc(N2CCC(=O)NC2=O)c1,Amidation,,
C384035,1,,,,CC(O)C(=O)O,Nc1cc(Cl)cc(N2CCC(=O)NC2=O)c1,CC(O)C(=O)Nc1cc(Cl)cc(N2CCC(=O)NC2=O)c1,Amidation,,
C384036,1,,,,CC(O)C(=O)O,Nc1cc(N2CCC(=O)NC2=O)ccc1F,CC(O)C(=O)Nc1cc(N2CCC(=O)NC2=O)ccc1F,Amidation,,
C384037,1,,,,CC(O)C(=O)O,Cc1ccc(N)cc1N1CCC(=O)NC1=O,Cc1ccc(NC(=O)C(C)O)cc1N1CCC(=O)NC1=O,Amidation,,
C384039,1,,,,CC(O)C(=O)O,Nc1ccc(Cl)c(N2CCC(=O)NC2=O)c1,CC(O)C(=O)Nc1ccc(Cl)c(N2CCC(=O)NC2=O)c1,Amidation,,
C384040,1,,,,CC(O)C(=O)O,Nc1cc(Br)cc(N2CCC(=O)NC2=O)c1,CC(O)C(=O)Nc1cc(Br)cc(N2CCC(=O)NC2=O)c1,Amidation,,
C384044,1,,,,CC(C)(C)C(=O)O,Cc1c(N)cccc1N1CCCNC1=O,Cc1c(NC(=O)C(C)(C)C)cccc1N1CCCNC1=O,Amidation,,
C384045,1,,,,CC(C)(C)C(=O)O,Cc1c(N)cccc1N1C(=O)CNC1=O,Cc1c(NC(=O)C(C)(C)C)cccc1N1C(=O)CNC1=O,Amidation,,
C384046,1,,,,CC(C)(C)C(=O)O,Nc1cccc(N2C(=O)CCNC2=O)c1,CC(C)(C)C(=O)Nc1cccc(N2C(=O)CCNC2=O)c1,Amidation,,
C384049,1,,,,O=C(O)CCBr,Cc1c(N)ccc(F)c1N1C(=O)CNC1=O,Cc1c(NC(=O)CCBr)ccc(F)c1N1C(=O)CNC1=O,Amidation,,
C438802,1,,,,NCCCl,O=C(O)c1cc(F)cc2cc[nH]c12,O=C(NCCCl)c1cc(F)cc2cc[nH]c12,Amidation,,
C384052,1,,,,O=C(O)CCBr,Cc1c(N)cccc1N1C(=O)NC(C)C1=O,Cc1c(NC(=O)CCBr)cccc1N1C(=O)NC(C)C1=O,Amidation,,
C384055,1,,,,O=C(O)CCBr,Cc1c(N)cccc1N1CCC(=O)NC1=O,Cc1c(NC(=O)CCBr)cccc1N1CCC(=O)NC1=O,Amidation,,
C438808,1,,,,N#CCN,O=C(O)c1ccc(Cl)c2cc[nH]c12,N#CCNC(=O)c1ccc(Cl)c2cc[nH]c12,Amidation,,
C384057,1,,,,O=C(O)CCBr,Cc1cc(N)cc(N2CCC(=O)NC2=O)c1,Cc1cc(NC(=O)CCBr)cc(N2CCC(=O)NC2=O)c1,Amidation,,
C384060,1,,,,O=C(O)CCBr,Nc1cc(N2CCC(=O)NC2=O)ccc1F,O=C1CCN(c2ccc(F)c(NC(=O)CCBr)c2)C(=O)N1,Amidation,,
C384064,1,,,,O=C(O)CCBr,Cc1c(N)cccc1N1C(=O)CCNC1=O,Cc1c(NC(=O)CCBr)cccc1N1C(=O)CCNC1=O,Amidation,,
C384067,1,,,,CC(C)(C)C(=O)O,Cc1ccc(N)cc1N1C(=O)CNC1=O,Cc1ccc(NC(=O)C(C)(C)C)cc1N1C(=O)CNC1=O,Amidation,,
C384069,1,,,,CC(C)(C)C(=O)O,Nc1ccc(F)c(N2CCCNC2=O)c1,CC(C)(C)C(=O)Nc1ccc(F)c(N2CCCNC2=O)c1,Amidation,,
C384070,1,,,,CC(C)(C)C(=O)O,Cc1c(N)ccc(F)c1N1CCNC1=O,Cc1c(NC(=O)C(C)(C)C)ccc(F)c1N1CCNC1=O,Amidation,,
C384072,1,,,,O=C(O)CCBr,Cc1ccc(N)cc1N1CCC(=O)NC1=O,Cc1ccc(NC(=O)CCBr)cc1N1CCC(=O)NC1=O,Amidation,,
C384099,1,,,,CC=C(F)C(=O)O,Cc1ccc(N)cc1N1C(=O)CNC1=O,CC=C(F)C(=O)Nc1ccc(C)c(N2C(=O)CNC2=O)c1,Amidation,,
C384101,1,,,,CC=C(F)C(=O)O,Nc1ccc(F)c(N2CCCNC2=O)c1,CC=C(F)C(=O)Nc1ccc(F)c(N2CCCNC2=O)c1,Amidation,,
C384105,1,,,,CC=C(F)C(=O)O,Cc1c(N)cccc1N1C(=O)CNC1=O,CC=C(F)C(=O)Nc1cccc(N2C(=O)CNC2=O)c1C,Amidation,,
C384107,1,,,,CC=C(F)C(=O)O,Nc1cccc(N2C(=O)CNC2=O)c1F,CC=C(F)C(=O)Nc1cccc(N2C(=O)CNC2=O)c1F,Amidation,,
C384113,1,,,,CC#CC(=O)O,Nc1cc(F)cc(N2CCC(=O)NC2=O)c1,CC#CC(=O)Nc1cc(F)cc(N2CCC(=O)NC2=O)c1,Amidation,,
C438866,1,,,,CC(C)N,O=C(O)c1cccc2c(Br)c[nH]c12,CC(C)NC(=O)c1cccc2c(Br)c[nH]c12,Amidation,,
C384118,1,,,,CC=CC(=O)O,Cc1c(N)ccc(F)c1N1C(=O)CNC1=O,CC=CC(=O)Nc1ccc(F)c(N2C(=O)CNC2=O)c1C,Amidation,,
C384120,1,,,,CC=CC(=O)O,Nc1cc(F)cc(N2CCC(=O)NC2=O)c1,CC=CC(=O)Nc1cc(F)cc(N2CCC(=O)NC2=O)c1,Amidation,,
C384123,1,,,,CC=CC(=O)O,Nc1ccc(F)c(N2CCC(=O)NC2=O)c1,CC=CC(=O)Nc1ccc(F)c(N2CCC(=O)NC2=O)c1,Amidation,,
C384125,1,,,,CC=CC(=O)O,Cc1ccc(N2CCC(=O)NC2=O)cc1N,CC=CC(=O)Nc1cc(N2CCC(=O)NC2=O)ccc1C,Amidation,,
C384126,1,,,,CC=CC(=O)O,Cc1cc(N)cc(N2CCC(=O)NC2=O)c1,CC=CC(=O)Nc1cc(C)cc(N2CCC(=O)NC2=O)c1,Amidation,,
C384127,1,,,,CC=CC(=O)O,Nc1cc(Cl)cc(N2CCC(=O)NC2=O)c1,CC=CC(=O)Nc1cc(Cl)cc(N2CCC(=O)NC2=O)c1,Amidation,,
C384128,1,,,,CC=CC(=O)O,Nc1cc(N2CCC(=O)NC2=O)ccc1F,CC=CC(=O)Nc1cc(N2CCC(=O)NC2=O)ccc1F,Amidation,,
C384129,1,,,,CC=CC(=O)O,Cc1ccc(N)cc1N1CCC(=O)NC1=O,CC=CC(=O)Nc1ccc(C)c(N2CCC(=O)NC2=O)c1,Amidation,,
C384131,1,,,,CC=CC(=O)O,Nc1ccc(Cl)c(N2CCC(=O)NC2=O)c1,CC=CC(=O)Nc1ccc(Cl)c(N2CCC(=O)NC2=O)c1,Amidation,,
C384132,1,,,,CC=CC(=O)O,Nc1cc(Br)cc(N2CCC(=O)NC2=O)c1,CC=CC(=O)Nc1cc(Br)cc(N2CCC(=O)NC2=O)c1,Amidation,,
C384133,1,,,,CC=CC(=O)O,Cc1c(N)cccc1N1C(=O)CCNC1=O,CC=CC(=O)Nc1cccc(N2C(=O)CCNC2=O)c1C,Amidation,,
C384146,1,,,,CC(CBr)C(=O)O,Nc1ccc(F)c(N2CCCNC2=O)c1,CC(CBr)C(=O)Nc1ccc(F)c(N2CCCNC2=O)c1,Amidation,,
C384147,1,,,,CC(CBr)C(=O)O,Cc1c(N)ccc(F)c1N1CCNC1=O,Cc1c(NC(=O)C(C)CBr)ccc(F)c1N1CCNC1=O,Amidation,,
C384151,1,,,,CC(CBr)C(=O)O,Cc1c(N)cccc1N1C(=O)CNC1=O,Cc1c(NC(=O)C(C)CBr)cccc1N1C(=O)CNC1=O,Amidation,,
C384152,1,,,,CC(CBr)C(=O)O,Cc1c(N)cccc1N1CCCNC1=O,Cc1c(NC(=O)C(C)CBr)cccc1N1CCCNC1=O,Amidation,,
C384153,1,,,,CC(CBr)C(=O)O,Nc1cccc(N2C(=O)CNC2=O)c1F,CC(CBr)C(=O)Nc1cccc(N2C(=O)CNC2=O)c1F,Amidation,,
C384156,1,,,,CC(CBr)C(=O)O,Cc1ccc(N)cc1N1C(=O)CNC1=O,Cc1ccc(NC(=O)C(C)CBr)cc1N1C(=O)CNC1=O,Amidation,,
C384160,1,,,,C=CCC(=O)O,Nc1cc(F)cc(N2CCC(=O)NC2=O)c1,C=CCC(=O)Nc1cc(F)cc(N2CCC(=O)NC2=O)c1,Amidation,,
C438915,1,,,,CC(N)CF,O=C(O)c1cc(Br)cc2cc[nH]c12,CC(CF)NC(=O)c1cc(Br)cc2cc[nH]c12,Amidation,,
C438929,1,,,,NCCS,O=C(O)c1c(F)c(Cl)cc2cc[nH]c12,O=C(NCCS)c1c(F)c(Cl)cc2cc[nH]c12,Amidation,,
C438930,1,,,,C1CNC1,O=C(O)c1c(F)c(Cl)cc2cc[nH]c12,O=C(c1c(F)c(Cl)cc2cc[nH]c12)N1CCC1,Amidation,,
C384178,1,,,,C=CCC(=O)O,Nc1ccc(F)c(N2CCC(=O)NC2=O)c1,C=CCC(=O)Nc1ccc(F)c(N2CCC(=O)NC2=O)c1,Amidation,,
C384179,1,,,,C=CCC(=O)O,Cc1c(N)cccc1N1CCC(=O)NC1=O,C=CCC(=O)Nc1cccc(N2CCC(=O)NC2=O)c1C,Amidation,,
C438932,1,,,,C=CC(C)N,O=C(O)c1cc(Br)cc2cc[nH]c12,C=CC(C)NC(=O)c1cc(Br)cc2cc[nH]c12,Amidation,,
C384181,1,,,,C=CCC(=O)O,Cc1cc(N)cc(N2CCC(=O)NC2=O)c1,C=CCC(=O)Nc1cc(C)cc(N2CCC(=O)NC2=O)c1,Amidation,,
C384182,1,,,,C=CCC(=O)O,Cc1c(N)ccc(F)c1N1C(=O)CNC1=O,C=CCC(=O)Nc1ccc(F)c(N2C(=O)CNC2=O)c1C,Amidation,,
C438933,1,,,,C=C(Cl)CN,O=C(O)c1cc(Br)cc2cc[nH]c12,C=C(Cl)CNC(=O)c1cc(Br)cc2cc[nH]c12,Amidation,,
C384184,1,,,,O=C(O)C#CBr,Cc1c(N)cccc1N1C(=O)CCNC1=O,Cc1c(NC(=O)C#CBr)cccc1N1C(=O)CCNC1=O,Amidation,,
C384185,1,,,,O=C(O)C#CBr,Nc1cc(Br)cc(N2CCC(=O)NC2=O)c1,O=C(C#CBr)Nc1cc(Br)cc(N2CCC(=O)NC2=O)c1,Amidation,,
C384191,1,,,,CCC(F)C(=O)O,Nc1ccc(F)c(N2C(=O)CNC2=O)c1,CCC(F)C(=O)Nc1ccc(F)c(N2C(=O)CNC2=O)c1,Amidation,,
C384194,1,,,,O=C(O)C#CBr,Cc1c(N)ccc(F)c1N1C(=O)CNC1=O,Cc1c(NC(=O)C#CBr)ccc(F)c1N1C(=O)CNC1=O,Amidation,,
C438947,1,,,,NCCCI,O=C(O)c1cc(Br)cc2cc[nH]c12,O=C(NCCCI)c1cc(Br)cc2cc[nH]c12,Amidation,,
C384196,1,,,,O=C(O)C#CBr,Nc1cc(F)cc(N2CCC(=O)NC2=O)c1,O=C(C#CBr)Nc1cc(F)cc(N2CCC(=O)NC2=O)c1,Amidation,,
C438948,1,,,,CCN(C)N,O=C(O)c1cc(Br)cc2cc[nH]c12,CCN(C)NC(=O)c1cc(Br)cc2cc[nH]c12,Amidation,,
C384199,1,,,,O=C(O)C#CBr,Nc1ccc(F)c(N2CCC(=O)NC2=O)c1,O=C(C#CBr)Nc1ccc(F)c(N2CCC(=O)NC2=O)c1,Amidation,,
C384202,1,,,,O=C(O)C#CBr,Cc1cc(N)cc(N2CCC(=O)NC2=O)c1,Cc1cc(NC(=O)C#CBr)cc(N2CCC(=O)NC2=O)c1,Amidation,,
C384203,1,,,,O=C(O)C#CBr,Nc1cc(Cl)cc(N2CCC(=O)NC2=O)c1,O=C(C#CBr)Nc1cc(Cl)cc(N2CCC(=O)NC2=O)c1,Amidation,,
C384204,1,,,,O=C(O)C#CBr,Nc1cc(N2CCC(=O)NC2=O)ccc1F,O=C(C#CBr)Nc1cc(N2CCC(=O)NC2=O)ccc1F,Amidation,,
C384205,1,,,,O=C(O)C#CBr,Cc1ccc(N)cc1N1CCC(=O)NC1=O,Cc1ccc(NC(=O)C#CBr)cc1N1CCC(=O)NC1=O,Amidation,,
C438959,1,,,,NCCNO,O=C(O)c1cc(Br)cc2cc[nH]c12,O=C(NCCNO)c1cc(Br)cc2cc[nH]c12,Amidation,,
C384207,1,,,,O=C(O)C#CBr,Nc1ccc(Cl)c(N2CCC(=O)NC2=O)c1,O=C(C#CBr)Nc1ccc(Cl)c(N2CCC(=O)NC2=O)c1,Amidation,,
C384210,1,,,,C=C(F)C(=O)O,Cc1c(N)ccc(F)c1N1C(=O)CNC1=O,C=C(F)C(=O)Nc1ccc(F)c(N2C(=O)CNC2=O)c1C,Amidation,,
C438963,1,,,,CCC(C)N,O=C(O)c1cc(Br)cc2cc[nH]c12,CCC(C)NC(=O)c1cc(Br)cc2cc[nH]c12,Amidation,,
C438965,1,,,,NC1CSC1,O=C(O)c1cc(Br)cc2cc[nH]c12,O=C(NC1CSC1)c1cc(Br)cc2cc[nH]c12,Amidation,,
C384218,1,,,,C=C(F)C(=O)O,Cc1cc(N)cc(N2CCC(=O)NC2=O)c1,C=C(F)C(=O)Nc1cc(C)cc(N2CCC(=O)NC2=O)c1,Amidation,,
C384219,1,,,,C=C(F)C(=O)O,Nc1cc(Cl)cc(N2CCC(=O)NC2=O)c1,C=C(F)C(=O)Nc1cc(Cl)cc(N2CCC(=O)NC2=O)c1,Amidation,,
C384220,1,,,,C=C(F)C(=O)O,Nc1cc(N2CCC(=O)NC2=O)ccc1F,C=C(F)C(=O)Nc1cc(N2CCC(=O)NC2=O)ccc1F,Amidation,,
C438973,1,,,,NC1CCC1,O=C(O)c1cc(Br)cc2cc[nH]c12,O=C(NC1CCC1)c1cc(Br)cc2cc[nH]c12,Amidation,,
C384223,1,,,,C=C(F)C(=O)O,Nc1ccc(Cl)c(N2CCC(=O)NC2=O)c1,C=C(F)C(=O)Nc1ccc(Cl)c(N2CCC(=O)NC2=O)c1,Amidation,,
C384224,1,,,,CC#CC(=O)O,Nc1ccc(F)c(N2CCC(=O)NC2=O)c1,CC#CC(=O)Nc1ccc(F)c(N2CCC(=O)NC2=O)c1,Amidation,,
C384225,1,,,,CC#CC(=O)O,Cc1c(N)cccc1N1CCC(=O)NC1=O,CC#CC(=O)Nc1cccc(N2CCC(=O)NC2=O)c1C,Amidation,,
C384227,1,,,,CC#CC(=O)O,Cc1cc(N)cc(N2CCC(=O)NC2=O)c1,CC#CC(=O)Nc1cc(C)cc(N2CCC(=O)NC2=O)c1,Amidation,,
C384228,1,,,,CC#CC(=O)O,Nc1cc(Cl)cc(N2CCC(=O)NC2=O)c1,CC#CC(=O)Nc1cc(Cl)cc(N2CCC(=O)NC2=O)c1,Amidation,,
C384229,1,,,,CC#CC(=O)O,Nc1cc(N2CCC(=O)NC2=O)ccc1F,CC#CC(=O)Nc1cc(N2CCC(=O)NC2=O)ccc1F,Amidation,,
C384230,1,,,,CC#CC(=O)O,Cc1ccc(N)cc1N1CCC(=O)NC1=O,CC#CC(=O)Nc1ccc(C)c(N2CCC(=O)NC2=O)c1,Amidation,,
C384233,1,,,,CC#CC(=O)O,Nc1cc(Br)cc(N2CCC(=O)NC2=O)c1,CC#CC(=O)Nc1cc(Br)cc(N2CCC(=O)NC2=O)c1,Amidation,,
C384234,1,,,,CC#CC(=O)O,Cc1c(N)cccc1N1C(=O)CCNC1=O,CC#CC(=O)Nc1cccc(N2C(=O)CCNC2=O)c1C,Amidation,,
C384236,1,,,,CC(C)CC(=O)O,Nc1cccc(N2CCC(=O)NC2=O)c1,CC(C)CC(=O)Nc1cccc(N2CCC(=O)NC2=O)c1,Amidation,,
C438989,1,,,,NCC=CCl,O=C(O)c1cc(F)cc2cc[nH]c12,O=C(NCC=CCl)c1cc(F)cc2cc[nH]c12,Amidation,,
C384238,1,,,,CC(C)CC(=O)O,Cc1c(N)ccc(F)c1N1CCNC1=O,Cc1c(NC(=O)CC(C)C)ccc(F)c1N1CCNC1=O,Amidation,,
C438994,1,,,,CC(N)CS,O=C(O)c1cc(F)cc2cc[nH]c12,CC(CS)NC(=O)c1cc(F)cc2cc[nH]c12,Amidation,,
C384243,1,,,,CC(C)CC(=O)O,Cc1c(N)cccc1N1CCCNC1=O,Cc1c(NC(=O)CC(C)C)cccc1N1CCCNC1=O,Amidation,,
C384244,1,,,,CC(C)CC(=O)O,Nc1cccc(N2C(=O)CNC2=O)c1F,CC(C)CC(=O)Nc1cccc(N2C(=O)CNC2=O)c1F,Amidation,,
C384245,1,,,,CC(C)CC(=O)O,Nc1ccc(F)c(N2CCCNC2=O)c1,CC(C)CC(=O)Nc1ccc(F)c(N2CCCNC2=O)c1,Amidation,,
C384246,1,,,,C=C(F)C(=O)O,Cc1c(N)cccc1N1C(=O)CCNC1=O,C=C(F)C(=O)Nc1cccc(N2C(=O)CCNC2=O)c1C,Amidation,,
C384248,1,,,,CC(C)CC(=O)O,Nc1ccc(F)c(N2C(=O)CNC2=O)c1,CC(C)CC(=O)Nc1ccc(F)c(N2C(=O)CNC2=O)c1,Amidation,,
C439003,1,,,,CC(S)CN,O=C(O)c1cc(F)cc2cc[nH]c12,CC(S)CNC(=O)c1cc(F)cc2cc[nH]c12,Amidation,,
C384251,1,,,,C#CCC(=O)O,Nc1ccc(Cl)c(N2CCC(=O)NC2=O)c1,C#CCC(=O)Nc1ccc(Cl)c(N2CCC(=O)NC2=O)c1,Amidation,,
C384252,1,,,,C#CCC(=O)O,Nc1cc(Br)cc(N2CCC(=O)NC2=O)c1,C#CCC(=O)Nc1cc(Br)cc(N2CCC(=O)NC2=O)c1,Amidation,,
C384253,1,,,,C#CCC(=O)O,Cc1c(N)cccc1N1C(=O)CCNC1=O,C#CCC(=O)Nc1cccc(N2C(=O)CCNC2=O)c1C,Amidation,,
C384255,1,,,,CSCC(=O)O,Cc1c(N)ccc(F)c1N1C(=O)CNC1=O,CSCC(=O)Nc1ccc(F)c(N2C(=O)CNC2=O)c1C,Amidation,,
C439011,1,,,,NC1CSC1,O=C(O)c1cc(F)cc2cc[nH]c12,O=C(NC1CSC1)c1cc(F)cc2cc[nH]c12,Amidation,,
C384260,1,,,,O=C(O)C=C(Br)Br,Nc1ccc(F)c(N2C(=O)CNC2=O)c1,O=C(C=C(Br)Br)Nc1ccc(F)c(N2C(=O)CNC2=O)c1,Amidation,,
C384264,1,,,,NOCC(=O)O,Cc1cc(N)cc(N2CCC(=O)NC2=O)c1,Cc1cc(NC(=O)CON)cc(N2CCC(=O)NC2=O)c1,Amidation,,
C384269,1,,,,NOCC(=O)O,Nc1ccc(Cl)c(N2CCC(=O)NC2=O)c1,NOCC(=O)Nc1ccc(Cl)c(N2CCC(=O)NC2=O)c1,Amidation,,
C384270,1,,,,NOCC(=O)O,Nc1cc(Br)cc(N2CCC(=O)NC2=O)c1,NOCC(=O)Nc1cc(Br)cc(N2CCC(=O)NC2=O)c1,Amidation,,
C384271,1,,,,NOCC(=O)O,Cc1c(N)cccc1N1C(=O)CCNC1=O,Cc1c(NC(=O)CON)cccc1N1C(=O)CCNC1=O,Amidation,,
C384273,1,,,,CC#CC(=O)O,Cc1c(N)cccc1N1C(=O)NC(C)C1=O,CC#CC(=O)Nc1cccc(N2C(=O)NC(C)C2=O)c1C,Amidation,,
C384275,1,,,,O=C(O)C=C(Br)Br,Cc1c(N)cccc1N1CCCNC1=O,Cc1c(NC(=O)C=C(Br)Br)cccc1N1CCCNC1=O,Amidation,,
C384278,1,,,,C#CCC(=O)O,Cc1c(N)ccc(F)c1N1C(=O)CNC1=O,C#CCC(=O)Nc1ccc(F)c(N2C(=O)CNC2=O)c1C,Amidation,,
C384280,1,,,,C#CCC(=O)O,Nc1cc(F)cc(N2CCC(=O)NC2=O)c1,C#CCC(=O)Nc1cc(F)cc(N2CCC(=O)NC2=O)c1,Amidation,,
C384281,1,,,,C#CCC(=O)O,Cc1c(N)cccc1N1C(=O)NC(C)C1=O,C#CCC(=O)Nc1cccc(N2C(=O)NC(C)C2=O)c1C,Amidation,,
C439033,1,,,,CC(C)(C)N,O=C(O)c1cc(F)cc2cc[nH]c12,CC(C)(C)NC(=O)c1cc(F)cc2cc[nH]c12,Amidation,,
C384283,1,,,,C#CCC(=O)O,Nc1ccc(F)c(N2CCC(=O)NC2=O)c1,C#CCC(=O)Nc1ccc(F)c(N2CCC(=O)NC2=O)c1,Amidation,,
C439037,1,,,,NN1CCC1,O=C(O)c1cc(F)cc2cc[nH]c12,O=C(NN1CCC1)c1cc(F)cc2cc[nH]c12,Amidation,,
C384286,1,,,,C#CCC(=O)O,Cc1cc(N)cc(N2CCC(=O)NC2=O)c1,C#CCC(=O)Nc1cc(C)cc(N2CCC(=O)NC2=O)c1,Amidation,,
C384287,1,,,,O=C(O)C=C(Br)Br,Nc1cccc(N2C(=O)CNC2=O)c1F,O=C(C=C(Br)Br)Nc1cccc(N2C(=O)CNC2=O)c1F,Amidation,,
C384288,1,,,,C#CCC(=O)O,Nc1cc(Cl)cc(N2CCC(=O)NC2=O)c1,C#CCC(=O)Nc1cc(Cl)cc(N2CCC(=O)NC2=O)c1,Amidation,,
C384289,1,,,,C#CCC(=O)O,Cc1ccc(N)cc1N1CCC(=O)NC1=O,C#CCC(=O)Nc1ccc(C)c(N2CCC(=O)NC2=O)c1,Amidation,,
C439039,1,,,,NCCBr,O=C(O)c1c(F)c(Cl)cc2cc[nH]c12,O=C(NCCBr)c1c(F)c(Cl)cc2cc[nH]c12,Amidation,,
C439044,1,,,,CC(N)C#N,O=C(O)c1cc(Br)cc2cc[nH]c12,CC(C#N)NC(=O)c1cc(Br)cc2cc[nH]c12,Amidation,,
C384294,1,,,,O=C(O)C=C(Br)Br,Nc1ccc(F)c(N2CCCNC2=O)c1,O=C(C=C(Br)Br)Nc1ccc(F)c(N2CCCNC2=O)c1,Amidation,,
C384295,1,,,,O=C(O)C=C(Br)Br,Cc1c(N)ccc(F)c1N1CCNC1=O,Cc1c(NC(=O)C=C(Br)Br)ccc(F)c1N1CCNC1=O,Amidation,,
C439049,1,,,,CC1(N)CC1,O=C(O)c1cc(Br)cc2cc[nH]c12,CC1(NC(=O)c2cc(Br)cc3cc[nH]c23)CC1,Amidation,,
C384299,1,,,,O=C(O)C=C(Br)Br,Cc1c(N)cccc1N1C(=O)CNC1=O,Cc1c(NC(=O)C=C(Br)Br)cccc1N1C(=O)CNC1=O,Amidation,,
C384302,1,,,,CSCC(=O)O,Cc1c(N)cccc1N1C(=O)NC(C)C1=O,CSCC(=O)Nc1cccc(N2C(=O)NC(C)C2=O)c1C,Amidation,,
C439058,1,,,,N#CCN,O=C(O)c1c(F)c(Cl)cc2cc[nH]c12,N#CCNC(=O)c1c(F)c(Cl)cc2cc[nH]c12,Amidation,,
C384306,1,,,,O=C(O)C=CI,Cc1cc(N)cc(N2CCC(=O)NC2=O)c1,Cc1cc(NC(=O)C=CI)cc(N2CCC(=O)NC2=O)c1,Amidation,,
C384307,1,,,,O=C(O)C=CI,Nc1cc(Cl)cc(N2CCC(=O)NC2=O)c1,O=C(C=CI)Nc1cc(Cl)cc(N2CCC(=O)NC2=O)c1,Amidation,,
C384308,1,,,,O=C(O)C=CI,Nc1cc(N2CCC(=O)NC2=O)ccc1F,O=C(C=CI)Nc1cc(N2CCC(=O)NC2=O)ccc1F,Amidation,,
C384309,1,,,,O=C(O)C=CI,Cc1ccc(N)cc1N1CCC(=O)NC1=O,Cc1ccc(NC(=O)C=CI)cc1N1CCC(=O)NC1=O,Amidation,,
C439062,1,,,,CC(C)N,O=C(O)c1c(F)c(Cl)cc2cc[nH]c12,CC(C)NC(=O)c1c(F)c(Cl)cc2cc[nH]c12,Amidation,,
C384311,1,,,,O=C(O)C=CI,Nc1ccc(Cl)c(N2CCC(=O)NC2=O)c1,O=C(C=CI)Nc1ccc(Cl)c(N2CCC(=O)NC2=O)c1,Amidation,,
C384312,1,,,,O=C(O)C=CI,Nc1cc(Br)cc(N2CCC(=O)NC2=O)c1,O=C(C=CI)Nc1cc(Br)cc(N2CCC(=O)NC2=O)c1,Amidation,,
C439068,1,,,,CCN(C)N,O=C(O)c1cc(F)cc2cc[nH]c12,CCN(C)NC(=O)c1cc(F)cc2cc[nH]c12,Amidation,,
C384317,1,,,,CCC#CC(=O)O,Cc1c(N)cccc1N1C(=O)CNC1=O,CCC#CC(=O)Nc1cccc(N2C(=O)CNC2=O)c1C,Amidation,,
C384318,1,,,,CCC#CC(=O)O,Cc1c(N)cccc1N1CCCNC1=O,CCC#CC(=O)Nc1cccc(N2CCCNC2=O)c1C,Amidation,,
C384325,1,,,,CC(C)(Br)C(=O)O,Cc1ccc(N)cc1N1C(=O)CNC1=O,Cc1ccc(NC(=O)C(C)(C)Br)cc1N1C(=O)CNC1=O,Amidation,,
C384327,1,,,,CC(C)(Br)C(=O)O,Nc1ccc(F)c(N2CCCNC2=O)c1,CC(C)(Br)C(=O)Nc1ccc(F)c(N2CCCNC2=O)c1,Amidation,,
C384328,1,,,,CC(C)(Br)C(=O)O,Cc1c(N)ccc(F)c1N1CCNC1=O,Cc1c(NC(=O)C(C)(C)Br)ccc(F)c1N1CCNC1=O,Amidation,,
C384330,1,,,,O=C(O)C=CI,Cc1c(N)cccc1N1C(=O)NC(C)C1=O,Cc1c(NC(=O)C=CI)cccc1N1C(=O)NC(C)C1=O,Amidation,,
C384331,1,,,,O=C(O)C=CI,Nc1cc(F)cc(N2CCC(=O)NC2=O)c1,O=C(C=CI)Nc1cc(F)cc(N2CCC(=O)NC2=O)c1,Amidation,,
C384335,1,,,,CSC=CC(=O)O,Cc1ccc(N)cc1N1C(=O)CNC1=O,CSC=CC(=O)Nc1ccc(C)c(N2C(=O)CNC2=O)c1,Amidation,,
C384337,1,,,,CSC=CC(=O)O,Nc1ccc(F)c(N2CCCNC2=O)c1,CSC=CC(=O)Nc1ccc(F)c(N2CCCNC2=O)c1,Amidation,,
C384338,1,,,,CSC=CC(=O)O,Cc1c(N)ccc(F)c1N1CCNC1=O,CSC=CC(=O)Nc1ccc(F)c(N2CCNC2=O)c1C,Amidation,,
C439093,1,,,,C=CC(C)N,O=C(O)c1ccc(F)c2cc[nH]c12,C=CC(C)NC(=O)c1ccc(F)c2cc[nH]c12,Amidation,,
C384341,1,,,,CSC=CC(=O)O,Nc1cccc(N2C(=O)CCNC2=O)c1,CSC=CC(=O)Nc1cccc(N2C(=O)CCNC2=O)c1,Amidation,,
C384342,1,,,,CSC=CC(=O)O,Cc1c(N)cccc1N1C(=O)CNC1=O,CSC=CC(=O)Nc1cccc(N2C(=O)CNC2=O)c1C,Amidation,,
C384344,1,,,,CSC=CC(=O)O,Nc1cccc(N2C(=O)CNC2=O)c1F,CSC=CC(=O)Nc1cccc(N2C(=O)CNC2=O)c1F,Amidation,,
C384349,1,,,,O=C(O)C=CI,Cc1c(N)ccc(F)c1N1C(=O)CNC1=O,Cc1c(NC(=O)C=CI)ccc(F)c1N1C(=O)CNC1=O,Amidation,,
C384352,1,,,,CC(C)(Br)C(=O)O,Cc1c(N)cccc1N1C(=O)CNC1=O,Cc1c(NC(=O)C(C)(C)Br)cccc1N1C(=O)CNC1=O,Amidation,,
C384357,1,,,,O=C(O)C=C1CC1,Cc1c(N)ccc(F)c1N1CCNC1=O,Cc1c(NC(=O)C=C2CC2)ccc(F)c1N1CCNC1=O,Amidation,,
C384362,1,,,,O=C(O)C=C1CC1,Cc1c(N)cccc1N1CCCNC1=O,Cc1c(NC(=O)C=C2CC2)cccc1N1CCCNC1=O,Amidation,,
C384368,1,,,,COCC(=O)O,Cc1cc(N)cc(N2CCC(=O)NC2=O)c1,COCC(=O)Nc1cc(C)cc(N2CCC(=O)NC2=O)c1,Amidation,,
C384370,1,,,,COCC(=O)O,Nc1cc(N2CCC(=O)NC2=O)ccc1F,COCC(=O)Nc1cc(N2CCC(=O)NC2=O)ccc1F,Amidation,,
C384371,1,,,,COCC(=O)O,Cc1ccc(N)cc1N1CCC(=O)NC1=O,COCC(=O)Nc1ccc(C)c(N2CCC(=O)NC2=O)c1,Amidation,,
C384373,1,,,,COCC(=O)O,Nc1ccc(Cl)c(N2CCC(=O)NC2=O)c1,COCC(=O)Nc1ccc(Cl)c(N2CCC(=O)NC2=O)c1,Amidation,,
C384374,1,,,,COCC(=O)O,Nc1cc(Br)cc(N2CCC(=O)NC2=O)c1,COCC(=O)Nc1cc(Br)cc(N2CCC(=O)NC2=O)c1,Amidation,,
C439128,1,,,,CC(N)C#N,O=C(O)c1ccc(F)c2cc[nH]c12,CC(C#N)NC(=O)c1ccc(F)c2cc[nH]c12,Amidation,,
C384381,1,,,,COCC(=O)O,Nc1ccc(F)c(N2CCC(=O)NC2=O)c1,COCC(=O)Nc1ccc(F)c(N2CCC(=O)NC2=O)c1,Amidation,,
C384383,1,,,,CC(C)(Br)C(=O)O,Cc1c(N)cccc1N1CCCNC1=O,Cc1c(NC(=O)C(C)(C)Br)cccc1N1CCCNC1=O,Amidation,,
C384384,1,,,,CC(C)(Br)C(=O)O,Nc1cccc(N2C(=O)CNC2=O)c1F,CC(C)(Br)C(=O)Nc1cccc(N2C(=O)CNC2=O)c1F,Amidation,,
C384386,1,,,,CC(C)(Br)C(=O)O,Nc1ccc(F)c(N2C(=O)CNC2=O)c1,CC(C)(Br)C(=O)Nc1ccc(F)c(N2C(=O)CNC2=O)c1,Amidation,,
C439140,1,,,,CC(N)CS,O=C(O)c1ccc(F)c2cc[nH]c12,CC(CS)NC(=O)c1ccc(F)c2cc[nH]c12,Amidation,,
C384389,1,,,,O=C(O)CCI,Cc1c(N)ccc(F)c1N1C(=O)CNC1=O,Cc1c(NC(=O)CCI)ccc(F)c1N1C(=O)CNC1=O,Amidation,,
C384393,1,,,,O=C(O)CCI,CC1(C)NC(=O)N(c2cccc(N)c2)C1=O,CC1(C)NC(=O)N(c2cccc(NC(=O)CCI)c2)C1=O,Amidation,,
C384394,1,,,,O=C(O)CCI,Nc1ccc(F)c(N2CCC(=O)NC2=O)c1,O=C1CCN(c2cc(NC(=O)CCI)ccc2F)C(=O)N1,Amidation,,
C384395,1,,,,O=C(O)CCI,Cc1c(N)cccc1N1CCC(=O)NC1=O,Cc1c(NC(=O)CCI)cccc1N1CCC(=O)NC1=O,Amidation,,
C384397,1,,,,O=C(O)CCI,Cc1cc(N)cc(N2CCC(=O)NC2=O)c1,Cc1cc(NC(=O)CCI)cc(N2CCC(=O)NC2=O)c1,Amidation,,
C384400,1,,,,O=C(O)CCI,Cc1ccc(N)cc1N1CCC(=O)NC1=O,Cc1ccc(NC(=O)CCI)cc1N1CCC(=O)NC1=O,Amidation,,
C384401,1,,,,O=C(O)CCI,CCOc1ccc(N2CCNC2=O)cc1N,CCOc1ccc(N2CCNC2=O)cc1NC(=O)CCI,Amidation,,
C384402,1,,,,O=C(O)CCI,Nc1ccc(Cl)c(N2CCC(=O)NC2=O)c1,O=C1CCN(c2cc(NC(=O)CCI)ccc2Cl)C(=O)N1,Amidation,,
C384403,1,,,,O=C(O)CCI,Nc1cc(Br)cc(N2CCC(=O)NC2=O)c1,O=C1CCN(c2cc(Br)cc(NC(=O)CCI)c2)C(=O)N1,Amidation,,
C384406,1,,,,COCC(=O)O,Cc1c(N)ccc(F)c1N1C(=O)CNC1=O,COCC(=O)Nc1ccc(F)c(N2C(=O)CNC2=O)c1C,Amidation,,
C439160,1,,,,CCN(C)N,O=C(O)c1ccc(F)c2cc[nH]c12,CCN(C)NC(=O)c1ccc(F)c2cc[nH]c12,Amidation,,
C384410,1,,,,CC(C)(Br)C(=O)O,Nc1cccc(N2C(=O)CCNC2=O)c1,CC(C)(Br)C(=O)Nc1cccc(N2C(=O)CCNC2=O)c1,Amidation,,
C439166,1,,,,NN1CCC1,O=C(O)c1ccc(F)c2cc[nH]c12,O=C(NN1CCC1)c1ccc(F)c2cc[nH]c12,Amidation,,
C439168,1,,,,CCC(C)N,O=C(O)c1ccc(F)c2cc[nH]c12,CCC(C)NC(=O)c1ccc(F)c2cc[nH]c12,Amidation,,
C439170,1,,,,NC1CSC1,O=C(O)c1ccc(F)c2cc[nH]c12,O=C(NC1CSC1)c1ccc(F)c2cc[nH]c12,Amidation,,
C384418,1,,,,C=C(Cl)C(=O)O,Cc1c(N)ccc(F)c1N1C(=O)CNC1=O,C=C(Cl)C(=O)Nc1ccc(F)c(N2C(=O)CNC2=O)c1C,Amidation,,
C439172,1,,,,NCC=CCl,O=C(O)c1ccc(F)c2cc[nH]c12,O=C(NCC=CCl)c1ccc(F)c2cc[nH]c12,Amidation,,
C384420,1,,,,C=C(Cl)C(=O)O,Nc1cc(F)cc(N2CCC(=O)NC2=O)c1,C=C(Cl)C(=O)Nc1cc(F)cc(N2CCC(=O)NC2=O)c1,Amidation,,
C384421,1,,,,C=C(Cl)C(=O)O,Cc1c(N)cccc1N1C(=O)NC(C)C1=O,C=C(Cl)C(=O)Nc1cccc(N2C(=O)NC(C)C2=O)c1C,Amidation,,
C384423,1,,,,C=C(Cl)C(=O)O,Nc1ccc(F)c(N2CCC(=O)NC2=O)c1,C=C(Cl)C(=O)Nc1ccc(F)c(N2CCC(=O)NC2=O)c1,Amidation,,
C384427,1,,,,C=C(Cl)C(=O)O,Nc1cc(Cl)cc(N2CCC(=O)NC2=O)c1,C=C(Cl)C(=O)Nc1cc(Cl)cc(N2CCC(=O)NC2=O)c1,Amidation,,
C384431,1,,,,C=C(Cl)C(=O)O,Nc1ccc(Cl)c(N2CCC(=O)NC2=O)c1,C=C(Cl)C(=O)Nc1ccc(Cl)c(N2CCC(=O)NC2=O)c1,Amidation,,
C384432,1,,,,C=C(Cl)C(=O)O,Nc1cc(Br)cc(N2CCC(=O)NC2=O)c1,C=C(Cl)C(=O)Nc1cc(Br)cc(N2CCC(=O)NC2=O)c1,Amidation,,
C384435,1,,,,CC(C)C(=O)O,Cc1c(N)ccc(F)c1N1C(=O)CNC1=O,Cc1c(NC(=O)C(C)C)ccc(F)c1N1C(=O)CNC1=O,Amidation,,
C384436,1,,,,CSCC(=O)O,Nc1cc(F)cc(N2CCC(=O)NC2=O)c1,CSCC(=O)Nc1cc(F)cc(N2CCC(=O)NC2=O)c1,Amidation,,
C439191,1,,,,C=CC(C)N,O=C(O)c1cccc2c(Br)c[nH]c12,C=CC(C)NC(=O)c1cccc2c(Br)c[nH]c12,Amidation,,
C439192,1,,,,C=C(Cl)CN,O=C(O)c1cccc2c(Br)c[nH]c12,C=C(Cl)CNC(=O)c1cccc2c(Br)c[nH]c12,Amidation,,
C439194,1,,,,CC(N)CCl,O=C(O)c1cccc2c(Br)c[nH]c12,CC(CCl)NC(=O)c1cccc2c(Br)c[nH]c12,Amidation,,
C439195,1,,,,NCCCCl,O=C(O)c1cccc2c(Br)c[nH]c12,O=C(NCCCCl)c1cccc2c(Br)c[nH]c12,Amidation,,
C439196,1,,,,C#CC(C)N,O=C(O)c1cccc2c(Br)c[nH]c12,C#CC(C)NC(=O)c1cccc2c(Br)c[nH]c12,Amidation,,
C384444,1,,,,N#CCC(=O)O,Cc1c(N)ccc(F)c1N1C(=O)CNC1=O,Cc1c(NC(=O)CC#N)ccc(F)c1N1C(=O)CNC1=O,Amidation,,
C384446,1,,,,N#CCC(=O)O,Nc1cc(F)cc(N2CCC(=O)NC2=O)c1,N#CCC(=O)Nc1cc(F)cc(N2CCC(=O)NC2=O)c1,Amidation,,
C439200,1,,,,N#CCCN,O=C(O)c1cccc2c(Br)c[nH]c12,N#CCCNC(=O)c1cccc2c(Br)c[nH]c12,Amidation,,
C384449,1,,,,N#CCC(=O)O,Nc1ccc(F)c(N2CCC(=O)NC2=O)c1,N#CCC(=O)Nc1ccc(F)c(N2CCC(=O)NC2=O)c1,Amidation,,
C384452,1,,,,N#CCC(=O)O,Cc1cc(N)cc(N2CCC(=O)NC2=O)c1,Cc1cc(NC(=O)CC#N)cc(N2CCC(=O)NC2=O)c1,Amidation,,
C384453,1,,,,N#CCC(=O)O,Nc1cc(Cl)cc(N2CCC(=O)NC2=O)c1,N#CCC(=O)Nc1cc(Cl)cc(N2CCC(=O)NC2=O)c1,Amidation,,
C384454,1,,,,N#CCC(=O)O,Nc1cc(N2CCC(=O)NC2=O)ccc1F,N#CCC(=O)Nc1cc(N2CCC(=O)NC2=O)ccc1F,Amidation,,
C384455,1,,,,N#CCC(=O)O,Cc1ccc(N)cc1N1CCC(=O)NC1=O,Cc1ccc(NC(=O)CC#N)cc1N1CCC(=O)NC1=O,Amidation,,
C384457,1,,,,N#CCC(=O)O,Nc1ccc(Cl)c(N2CCC(=O)NC2=O)c1,N#CCC(=O)Nc1ccc(Cl)c(N2CCC(=O)NC2=O)c1,Amidation,,
C384458,1,,,,N#CCC(=O)O,Nc1cc(Br)cc(N2CCC(=O)NC2=O)c1,N#CCC(=O)Nc1cc(Br)cc(N2CCC(=O)NC2=O)c1,Amidation,,
C384459,1,,,,N#CCC(=O)O,Cc1c(N)cccc1N1C(=O)CCNC1=O,Cc1c(NC(=O)CC#N)cccc1N1C(=O)CCNC1=O,Amidation,,
C439215,1,,,,CC1(N)CC1,O=C(O)c1cccc2c(Br)c[nH]c12,CC1(NC(=O)c2cccc3c(Br)c[nH]c23)CC1,Amidation,,
C439220,1,,,,N#CN,CCc1cc2cc(Cl)cc(C(=O)O)c2[nH]1,CCc1cc2cc(Cl)cc(C(=O)NC#N)c2[nH]1,Amidation,,
C384474,1,,,,C=C=CC(=O)O,Cc1c(N)ccc(F)c1N1C(=O)CNC1=O,C=C=CC(=O)Nc1ccc(F)c(N2C(=O)CNC2=O)c1C,Amidation,,
C439228,1,,,,CC1CC1N,O=C(O)c1cccc2c(Br)c[nH]c12,CC1CC1NC(=O)c1cccc2c(Br)c[nH]c12,Amidation,,
C384476,1,,,,C=C=CC(=O)O,Nc1cc(F)cc(N2CCC(=O)NC2=O)c1,C=C=CC(=O)Nc1cc(F)cc(N2CCC(=O)NC2=O)c1,Amidation,,
C384477,1,,,,C=C=CC(=O)O,Cc1c(N)cccc1N1C(=O)NC(C)C1=O,C=C=CC(=O)Nc1cccc(N2C(=O)NC(C)C2=O)c1C,Amidation,,
C384479,1,,,,C=C=CC(=O)O,Nc1ccc(F)c(N2CCC(=O)NC2=O)c1,C=C=CC(=O)Nc1ccc(F)c(N2CCC(=O)NC2=O)c1,Amidation,,
C439233,1,,,,CC(C)(C)N,O=C(O)c1cccc2c(Br)c[nH]c12,CC(C)(C)NC(=O)c1cccc2c(Br)c[nH]c12,Amidation,,
C384482,1,,,,C=C=CC(=O)O,Cc1cc(N)cc(N2CCC(=O)NC2=O)c1,C=C=CC(=O)Nc1cc(C)cc(N2CCC(=O)NC2=O)c1,Amidation,,
C384483,1,,,,C=C=CC(=O)O,Nc1cc(Cl)cc(N2CCC(=O)NC2=O)c1,C=C=CC(=O)Nc1cc(Cl)cc(N2CCC(=O)NC2=O)c1,Amidation,,
C439236,1,,,,NCCNO,O=C(O)c1cccc2c(Br)c[nH]c12,O=C(NCCNO)c1cccc2c(Br)c[nH]c12,Amidation,,
C384485,1,,,,C=C=CC(=O)O,Nc1cc(N2CCC(=O)NC2=O)ccc1F,C=C=CC(=O)Nc1cc(N2CCC(=O)NC2=O)ccc1F,Amidation,,
C384487,1,,,,C=C=CC(=O)O,Nc1ccc(Cl)c(N2CCC(=O)NC2=O)c1,C=C=CC(=O)Nc1ccc(Cl)c(N2CCC(=O)NC2=O)c1,Amidation,,
C384488,1,,,,C=C=CC(=O)O,Nc1cc(Br)cc(N2CCC(=O)NC2=O)c1,C=C=CC(=O)Nc1cc(Br)cc(N2CCC(=O)NC2=O)c1,Amidation,,
C384489,1,,,,C=C=CC(=O)O,Cc1c(N)cccc1N1C(=O)CCNC1=O,C=C=CC(=O)Nc1cccc(N2C(=O)CCNC2=O)c1C,Amidation,,
C384495,1,,,,CCC#CC(=O)O,Cc1c(N)ccc(F)c1N1CCNC1=O,CCC#CC(=O)Nc1ccc(F)c(N2CCNC2=O)c1C,Amidation,,
C384497,1,,,,C=C=CC(=O)O,Cc1ccc(N)cc1N1CCC(=O)NC1=O,C=C=CC(=O)Nc1ccc(C)c(N2CCC(=O)NC2=O)c1,Amidation,,
C384502,1,,,,CC(C)C(=O)O,Cc1cc(N)cc(N2CCC(=O)NC2=O)c1,Cc1cc(NC(=O)C(C)C)cc(N2CCC(=O)NC2=O)c1,Amidation,,
C384504,1,,,,CC(C)C(=O)O,Nc1cc(N2CCC(=O)NC2=O)ccc1F,CC(C)C(=O)Nc1cc(N2CCC(=O)NC2=O)ccc1F,Amidation,,
C384505,1,,,,CC(C)C(=O)O,Cc1ccc(N)cc1N1CCC(=O)NC1=O,Cc1ccc(NC(=O)C(C)C)cc1N1CCC(=O)NC1=O,Amidation,,
C384507,1,,,,CC(C)C(=O)O,Nc1ccc(Cl)c(N2CCC(=O)NC2=O)c1,CC(C)C(=O)Nc1ccc(Cl)c(N2CCC(=O)NC2=O)c1,Amidation,,
C384508,1,,,,CC(C)C(=O)O,Nc1cc(Br)cc(N2CCC(=O)NC2=O)c1,CC(C)C(=O)Nc1cc(Br)cc(N2CCC(=O)NC2=O)c1,Amidation,,
C384509,1,,,,CC(C)C(=O)O,Cc1c(N)cccc1N1C(=O)CCNC1=O,Cc1c(NC(=O)C(C)C)cccc1N1C(=O)CCNC1=O,Amidation,,
C439260,1,,,,CC(Br)CN,O=C(O)c1cccc2c(Br)c[nH]c12,CC(Br)CNC(=O)c1cccc2c(Br)c[nH]c12,Amidation,,
C439267,1,,,,NC1CSC1,O=C(O)c1cccc2c(Br)c[nH]c12,O=C(NC1CSC1)c1cccc2c(Br)c[nH]c12,Amidation,,
C384515,1,,,,CC1CC1C(=O)O,Nc1ccc(F)c(N2CCCNC2=O)c1,CC1CC1C(=O)Nc1ccc(F)c(N2CCCNC2=O)c1,Amidation,,
C384516,1,,,,CC1CC1C(=O)O,Cc1c(N)ccc(F)c1N1CCNC1=O,Cc1c(NC(=O)C2CC2C)ccc(F)c1N1CCNC1=O,Amidation,,
C439269,1,,,,NCC=CCl,O=C(O)c1cccc2c(Br)c[nH]c12,O=C(NCC=CCl)c1cccc2c(Br)c[nH]c12,Amidation,,
C384519,1,,,,CC1CC1C(=O)O,Nc1cccc(N2C(=O)CCNC2=O)c1,CC1CC1C(=O)Nc1cccc(N2C(=O)CCNC2=O)c1,Amidation,,
C439273,1,,,,NCC(F)Cl,O=C(O)c1cccc2c(Br)c[nH]c12,O=C(NCC(F)Cl)c1cccc2c(Br)c[nH]c12,Amidation,,
C384521,1,,,,CC1CC1C(=O)O,Cc1c(N)cccc1N1CCCNC1=O,Cc1c(NC(=O)C2CC2C)cccc1N1CCCNC1=O,Amidation,,
C384522,1,,,,CC1CC1C(=O)O,Nc1cccc(N2C(=O)CNC2=O)c1F,CC1CC1C(=O)Nc1cccc(N2C(=O)CNC2=O)c1F,Amidation,,
C439274,1,,,,CC(N)CS,O=C(O)c1cccc2c(Br)c[nH]c12,CC(CS)NC(=O)c1cccc2c(Br)c[nH]c12,Amidation,,
C384524,1,,,,CC1CC1C(=O)O,Nc1ccc(F)c(N2C(=O)CNC2=O)c1,CC1CC1C(=O)Nc1ccc(F)c(N2C(=O)CNC2=O)c1,Amidation,,
C439275,1,,,,NC1CCC1,O=C(O)c1cccc2c(Br)c[nH]c12,O=C(NC1CCC1)c1cccc2c(Br)c[nH]c12,Amidation,,
C384528,1,,,,CC(C)C(=O)O,Nc1ccc(F)c(N2CCC(=O)NC2=O)c1,CC(C)C(=O)Nc1ccc(F)c(N2CCC(=O)NC2=O)c1,Amidation,,
C384533,1,,,,O=C(O)CC1CC1,Cc1c(N)cccc1N1C(=O)CNC1=O,Cc1c(NC(=O)CC2CC2)cccc1N1C(=O)CNC1=O,Amidation,,
C384534,1,,,,O=C(O)CC1CC1,Cc1c(N)cccc1N1CCCNC1=O,Cc1c(NC(=O)CC2CC2)cccc1N1CCCNC1=O,Amidation,,
C384535,1,,,,O=C(O)CC1CC1,Nc1cccc(N2C(=O)CNC2=O)c1F,O=C(CC1CC1)Nc1cccc(N2C(=O)CNC2=O)c1F,Amidation,,
C439287,1,,,,CC(Br)CN,O=C(O)c1cc(F)cc2cc[nH]c12,CC(Br)CNC(=O)c1cc(F)cc2cc[nH]c12,Amidation,,
C384537,1,,,,O=C(O)CC1CC1,Nc1ccc(F)c(N2C(=O)CNC2=O)c1,O=C(CC1CC1)Nc1ccc(F)c(N2C(=O)CNC2=O)c1,Amidation,,
C384540,1,,,,CCCC(=O)O,Nc1ccc(F)c(N2CCC(=O)NC2=O)c1,CCCC(=O)Nc1ccc(F)c(N2CCC(=O)NC2=O)c1,Amidation,,
C384542,1,,,,CCCC(=O)O,Cc1ccc(N2CCC(=O)NC2=O)cc1N,CCCC(=O)Nc1cc(N2CCC(=O)NC2=O)ccc1C,Amidation,,
C384546,1,,,,CCCC(=O)O,Cc1ccc(N)cc1N1CCC(=O)NC1=O,CCCC(=O)Nc1ccc(C)c(N2CCC(=O)NC2=O)c1,Amidation,,
C384548,1,,,,CCCC(=O)O,Nc1ccc(Cl)c(N2CCC(=O)NC2=O)c1,CCCC(=O)Nc1ccc(Cl)c(N2CCC(=O)NC2=O)c1,Amidation,,
C384549,1,,,,CCCC(=O)O,Nc1cc(Br)cc(N2CCC(=O)NC2=O)c1,CCCC(=O)Nc1cc(Br)cc(N2CCC(=O)NC2=O)c1,Amidation,,
C384557,1,,,,CCCC(=O)O,Nc1cc(N2CCC(=O)NC2=O)ccc1F,CCCC(=O)Nc1cc(N2CCC(=O)NC2=O)ccc1F,Amidation,,
C384559,1,,,,O=C(O)CC1CC1,Cc1c(N)ccc(F)c1N1CCNC1=O,Cc1c(NC(=O)CC2CC2)ccc(F)c1N1CCNC1=O,Amidation,,
C384560,1,,,,O=C(O)CC1CC1,Nc1ccc(F)c(N2CCCNC2=O)c1,O=C(CC1CC1)Nc1ccc(F)c(N2CCCNC2=O)c1,Amidation,,
C384561,1,,,,C=C(C)C(=O)O,Nc1ccc(Cl)c(N2CCC(=O)NC2=O)c1,C=C(C)C(=O)Nc1ccc(Cl)c(N2CCC(=O)NC2=O)c1,Amidation,,
C384562,1,,,,C=C(C)C(=O)O,Nc1cc(Br)cc(N2CCC(=O)NC2=O)c1,C=C(C)C(=O)Nc1cc(Br)cc(N2CCC(=O)NC2=O)c1,Amidation,,
C384563,1,,,,C=C(C)C(=O)O,Cc1c(N)cccc1N1C(=O)CCNC1=O,C=C(C)C(=O)Nc1cccc(N2C(=O)CCNC2=O)c1C,Amidation,,
C384565,1,,,,CCCC(=O)O,Cc1c(N)ccc(F)c1N1C(=O)CNC1=O,CCCC(=O)Nc1ccc(F)c(N2C(=O)CNC2=O)c1C,Amidation,,
C384566,1,,,,CCCC(=O)O,CCC1NC(=O)N(c2cccc(N)c2)C1=O,CCCC(=O)Nc1cccc(N2C(=O)NC(CC)C2=O)c1,Amidation,,
C439319,1,,,,CCC(C)N,Cc1cc(C(=O)O)c2[nH]ccc2c1,CCC(C)NC(=O)c1cc(C)cc2cc[nH]c12,Amidation,,
C439328,1,,,,CC(N)CS,Cc1cc(C(=O)O)c2[nH]ccc2c1,Cc1cc(C(=O)NC(C)CS)c2[nH]ccc2c1,Amidation,,
C439337,1,,,,CC(S)CN,Cc1cc(C(=O)O)c2[nH]ccc2c1,Cc1cc(C(=O)NCC(C)S)c2[nH]ccc2c1,Amidation,,
C384592,1,,,,O=C(O)C(O)CBr,Nc1ccc(F)c(N2CCCNC2=O)c1,O=C(Nc1ccc(F)c(N2CCCNC2=O)c1)C(O)CBr,Amidation,,
C384599,1,,,,O=C(O)C(O)CBr,Nc1cccc(N2C(=O)CNC2=O)c1F,O=C(Nc1cccc(N2C(=O)CNC2=O)c1F)C(O)CBr,Amidation,,
C384602,1,,,,CN(C)CC(=O)O,Nc1ccc(F)c(N2C(=O)CNC2=O)c1,CN(C)CC(=O)Nc1ccc(F)c(N2C(=O)CNC2=O)c1,Amidation,,
C384604,1,,,,CN(C)CC(=O)O,Nc1cccc(N2C(=O)CNC2=O)c1F,CN(C)CC(=O)Nc1cccc(N2C(=O)CNC2=O)c1F,Amidation,,
C439360,1,,,,NCCNO,Cc1ccc(C(=O)O)c2[nH]ccc12,Cc1ccc(C(=O)NCCNO)c2[nH]ccc12,Amidation,,
C384612,1,,,,CN(C)CC(=O)O,Cc1ccc(N)cc1N1C(=O)CNC1=O,Cc1ccc(NC(=O)CN(C)C)cc1N1C(=O)CNC1=O,Amidation,,
C286704,1,,,,CCn1cc(C(=O)O)c2ccccc21,COCCN,CCn1cc(C(=O)NCCOC)c2ccccc21,Amidation,,
C384621,1,,,,CC(C)=CC(=O)O,Cc1ccc(N)cc1N1C(=O)CNC1=O,CC(C)=CC(=O)Nc1ccc(C)c(N2C(=O)CNC2=O)c1,Amidation,,
C384623,1,,,,CC(C)=CC(=O)O,Nc1ccc(F)c(N2CCCNC2=O)c1,CC(C)=CC(=O)Nc1ccc(F)c(N2CCCNC2=O)c1,Amidation,,
C384624,1,,,,CC(C)=CC(=O)O,Cc1c(N)ccc(F)c1N1CCNC1=O,CC(C)=CC(=O)Nc1ccc(F)c(N2CCNC2=O)c1C,Amidation,,
C384627,1,,,,CC(C)=CC(=O)O,Nc1cccc(N2C(=O)CCNC2=O)c1,CC(C)=CC(=O)Nc1cccc(N2C(=O)CCNC2=O)c1,Amidation,,
C384628,1,,,,CC(C)=CC(=O)O,Cc1c(N)cccc1N1C(=O)CNC1=O,CC(C)=CC(=O)Nc1cccc(N2C(=O)CNC2=O)c1C,Amidation,,
C384629,1,,,,CC(C)=CC(=O)O,Cc1c(N)cccc1N1CCCNC1=O,CC(C)=CC(=O)Nc1cccc(N2CCCNC2=O)c1C,Amidation,,
C384630,1,,,,CC(C)=CC(=O)O,Nc1cccc(N2C(=O)CNC2=O)c1F,CC(C)=CC(=O)Nc1cccc(N2C(=O)CNC2=O)c1F,Amidation,,
C384632,1,,,,CC(C)=CC(=O)O,Nc1ccc(F)c(N2C(=O)CNC2=O)c1,CC(C)=CC(=O)Nc1ccc(F)c(N2C(=O)CNC2=O)c1,Amidation,,
C384634,1,,,,C=C(C)C(=O)O,Cc1ccc(N)cc1N1CCC(=O)NC1=O,C=C(C)C(=O)Nc1ccc(C)c(N2CCC(=O)NC2=O)c1,Amidation,,
C384635,1,,,,C=C(C)C(=O)O,Nc1cc(N2CCC(=O)NC2=O)ccc1F,C=C(C)C(=O)Nc1cc(N2CCC(=O)NC2=O)ccc1F,Amidation,,
C384640,1,,,,O=C(O)CCF,Cc1c(N)ccc(F)c1N1C(=O)CNC1=O,Cc1c(NC(=O)CCF)ccc(F)c1N1C(=O)CNC1=O,Amidation,,
C384642,1,,,,O=C(O)CCF,Nc1cc(F)cc(N2CCC(=O)NC2=O)c1,O=C1CCN(c2cc(F)cc(NC(=O)CCF)c2)C(=O)N1,Amidation,,
C384644,1,,,,O=C(O)CCF,Nc1ccc(F)c(N2CCC(=O)NC2=O)c1,O=C1CCN(c2cc(NC(=O)CCF)ccc2F)C(=O)N1,Amidation,,
C384647,1,,,,O=C(O)CCF,Cc1cc(N)cc(N2CCC(=O)NC2=O)c1,Cc1cc(NC(=O)CCF)cc(N2CCC(=O)NC2=O)c1,Amidation,,
C384650,1,,,,O=C(O)CCF,Cc1ccc(N)cc1N1CCC(=O)NC1=O,Cc1ccc(NC(=O)CCF)cc1N1CCC(=O)NC1=O,Amidation,,
C384652,1,,,,O=C(O)CCF,Nc1ccc(Cl)c(N2CCC(=O)NC2=O)c1,O=C1CCN(c2cc(NC(=O)CCF)ccc2Cl)C(=O)N1,Amidation,,
C439406,1,,,,CC(N)CS,Cc1ccc(C(=O)O)c2[nH]ccc12,Cc1ccc(C(=O)NC(C)CS)c2[nH]ccc12,Amidation,,
C439409,1,,,,NN1CCC1,Cc1cc(C(=O)O)c2[nH]ccc2c1,Cc1cc(C(=O)NN2CCC2)c2[nH]ccc2c1,Amidation,,
C384684,1,,,,C=C(C)C(=O)O,Cc1c(N)ccc(F)c1N1C(=O)CNC1=O,C=C(C)C(=O)Nc1ccc(F)c(N2C(=O)CNC2=O)c1C,Amidation,,
C384686,1,,,,C=C(C)C(=O)O,Nc1cc(F)cc(N2CCC(=O)NC2=O)c1,C=C(C)C(=O)Nc1cc(F)cc(N2CCC(=O)NC2=O)c1,Amidation,,
C384690,1,,,,C=C(C)C(=O)O,Cc1c(N)cccc1N1CCC(=O)NC1=O,C=C(C)C(=O)Nc1cccc(N2CCC(=O)NC2=O)c1C,Amidation,,
C384691,1,,,,C=C(C)C(=O)O,Cc1ccc(N2CCC(=O)NC2=O)cc1N,C=C(C)C(=O)Nc1cc(N2CCC(=O)NC2=O)ccc1C,Amidation,,
C384700,1,,,,COC(C)C(=O)O,Nc1ccc(F)c(N2CCCNC2=O)c1,COC(C)C(=O)Nc1ccc(F)c(N2CCCNC2=O)c1,Amidation,,
C384701,1,,,,COC(C)C(=O)O,Cc1c(N)ccc(F)c1N1CCNC1=O,COC(C)C(=O)Nc1ccc(F)c(N2CCNC2=O)c1C,Amidation,,
C384704,1,,,,COC(C)C(=O)O,Nc1cccc(N2C(=O)CCNC2=O)c1,COC(C)C(=O)Nc1cccc(N2C(=O)CCNC2=O)c1,Amidation,,
C384713,1,,,,O=C(O)C1=CCC1,Cc1c(N)cccc1N1CCCNC1=O,Cc1c(NC(=O)C2=CCC2)cccc1N1CCCNC1=O,Amidation,,
C384714,1,,,,O=C(O)CCCl,Cc1c(N)ccc(F)c1N1C(=O)CNC1=O,Cc1c(NC(=O)CCCl)ccc(F)c1N1C(=O)CNC1=O,Amidation,,
C384716,1,,,,O=C(O)CCCl,Nc1cc(F)cc(N2CCC(=O)NC2=O)c1,O=C1CCN(c2cc(F)cc(NC(=O)CCCl)c2)C(=O)N1,Amidation,,
C439473,1,,,,C=CC(C)N,Cc1cc(C(=O)O)c2[nH]ccc2c1,C=CC(C)NC(=O)c1cc(C)cc2cc[nH]c12,Amidation,,
C384722,1,,,,O=C(O)CCCl,Cc1cc(N)cc(N2CCC(=O)NC2=O)c1,Cc1cc(NC(=O)CCCl)cc(N2CCC(=O)NC2=O)c1,Amidation,,
C384725,1,,,,O=C(O)CCCl,Cc1ccc(N)cc1N1CCC(=O)NC1=O,Cc1ccc(NC(=O)CCCl)cc1N1CCC(=O)NC1=O,Amidation,,
C384729,1,,,,O=C(O)C(F)(F)F,Nc1ccc(F)c(N2CCCNC2=O)c1,O=C1NCCCN1c1cc(NC(=O)C(F)(F)F)ccc1F,Amidation,,
C384734,1,,,,O=C(O)C(F)(F)F,Cc1c(N)cccc1N1C(=O)CNC1=O,Cc1c(NC(=O)C(F)(F)F)cccc1N1C(=O)CNC1=O,Amidation,,
C439490,1,,,,C=C(Br)CN,Cc1cc(C(=O)O)c2[nH]ccc2c1,C=C(Br)CNC(=O)c1cc(C)cc2cc[nH]c12,Amidation,,
C439496,1,,,,CC(C)(C)N,Cc1cc(C(=O)O)c2[nH]ccc2c1,Cc1cc(C(=O)NC(C)(C)C)c2[nH]ccc2c1,Amidation,,
C439501,1,,,,CC1(N)CC1,Cc1cc(C(=O)O)c2[nH]ccc2c1,Cc1cc(C(=O)NC2(C)CC2)c2[nH]ccc2c1,Amidation,,
C384757,1,,,,O=C(O)CCCl,Nc1ccc(Cl)c(N2CCC(=O)NC2=O)c1,O=C1CCN(c2cc(NC(=O)CCCl)ccc2Cl)C(=O)N1,Amidation,,
C384760,1,,,,CSSCC(=O)O,Cc1ccc(N)cc1N1C(=O)CNC1=O,CSSCC(=O)Nc1ccc(C)c(N2C(=O)CNC2=O)c1,Amidation,,
C384763,1,,,,CSSCC(=O)O,Cc1c(N)ccc(F)c1N1CCNC1=O,CSSCC(=O)Nc1ccc(F)c(N2CCNC2=O)c1C,Amidation,,
C384766,1,,,,CSSCC(=O)O,Nc1cccc(N2C(=O)CCNC2=O)c1,CSSCC(=O)Nc1cccc(N2C(=O)CCNC2=O)c1,Amidation,,
C384767,1,,,,CSSCC(=O)O,Cc1c(N)cccc1N1C(=O)CNC1=O,CSSCC(=O)Nc1cccc(N2C(=O)CNC2=O)c1C,Amidation,,
C384768,1,,,,CSSCC(=O)O,Cc1c(N)cccc1N1CCCNC1=O,CSSCC(=O)Nc1cccc(N2CCCNC2=O)c1C,Amidation,,
C439524,1,,,,CC(N)C#N,Cc1cc(C(=O)O)c2[nH]ccc2c1,Cc1cc(C(=O)NC(C)C#N)c2[nH]ccc2c1,Amidation,,
C384772,1,,,,CSSCC(=O)O,Nc1ccc(F)c(N2C(=O)CNC2=O)c1,CSSCC(=O)Nc1ccc(F)c(N2C(=O)CNC2=O)c1,Amidation,,
C384774,1,,,,O=C(O)C(F)Cl,Nc1ccc(Cl)c(N2CCC(=O)NC2=O)c1,O=C1CCN(c2cc(NC(=O)C(F)Cl)ccc2Cl)C(=O)N1,Amidation,,
C384776,1,,,,O=C(O)C(F)Cl,Cc1c(N)cccc1N1C(=O)CCNC1=O,Cc1c(NC(=O)C(F)Cl)cccc1N1C(=O)CCNC1=O,Amidation,,
C439530,1,,,,OC1CNC1,O=C(O)c1cc(Cl)cc2cc[nH]c12,O=C(c1cc(Cl)cc2cc[nH]c12)N1CC(O)C1,Amidation,,
C439534,1,,,,CCN(C)N,O=C(O)c1ccc(Cl)c2cc[nH]c12,CCN(C)NC(=O)c1ccc(Cl)c2cc[nH]c12,Amidation,,
C384783,1,,,,O=C(O)C(F)Cl,Cc1c(N)ccc(F)c1N1C(=O)CNC1=O,Cc1c(NC(=O)C(F)Cl)ccc(F)c1N1C(=O)CNC1=O,Amidation,,
C367234,1,,,,O=C(O)CS,Nc1cccc2c(Cl)c[nH]c12,O=C(CS)Nc1cccc2c(Cl)c[nH]c12,Amidation,,
C384787,1,,,,O=C(O)C(F)Cl,Cc1c(N)cccc1N1C(=O)NC(C)C1=O,Cc1c(NC(=O)C(F)Cl)cccc1N1C(=O)NC(C)C1=O,Amidation,,
C384788,1,,,,O=C(O)C(F)Cl,Nc1ccc(F)c(N2CCC(=O)NC2=O)c1,O=C1CCN(c2cc(NC(=O)C(F)Cl)ccc2F)C(=O)N1,Amidation,,
C384789,1,,,,O=C(O)C(F)Cl,Cc1c(N)cccc1N1CCC(=O)NC1=O,Cc1c(NC(=O)C(F)Cl)cccc1N1CCC(=O)NC1=O,Amidation,,
C384791,1,,,,O=C(O)C(F)Cl,Cc1cc(N)cc(N2CCC(=O)NC2=O)c1,Cc1cc(NC(=O)C(F)Cl)cc(N2CCC(=O)NC2=O)c1,Amidation,,
C439546,1,,,,SC1CNC1,O=C(O)c1ccc(Cl)c2cc[nH]c12,O=C(c1ccc(Cl)c2cc[nH]c12)N1CC(S)C1,Amidation,,
C384794,1,,,,O=C(O)C(F)Cl,Cc1ccc(N)cc1N1CCC(=O)NC1=O,Cc1ccc(NC(=O)C(F)Cl)cc1N1CCC(=O)NC1=O,Amidation,,
C367248,1,,,,CSCC(=O)O,Nc1cccc2c(Cl)c[nH]c12,CSCC(=O)Nc1cccc2c(Cl)c[nH]c12,Amidation,,
C384800,1,,,,O=C(O)C(F)Cl,CC1(C)NC(=O)N(c2cccc(N)c2)C1=O,CC1(C)NC(=O)N(c2cccc(NC(=O)C(F)Cl)c2)C1=O,Amidation,,
C367250,1,,,,O=C(O)CCS,Nc1cccc2c(Cl)c[nH]c12,O=C(CCS)Nc1cccc2c(Cl)c[nH]c12,Amidation,,
C367251,1,,,,CC(Br)C(=O)O,Nc1cccc2c(Cl)c[nH]c12,CC(Br)C(=O)Nc1cccc2c(Cl)c[nH]c12,Amidation,,
C384810,1,,,,CC(=O)C(=O)O,Cc1cc(N)cc(N2CCC(=O)NC2=O)c1,CC(=O)C(=O)Nc1cc(C)cc(N2CCC(=O)NC2=O)c1,Amidation,,
C384812,1,,,,CC(=O)C(=O)O,Nc1cc(N2CCC(=O)NC2=O)ccc1F,CC(=O)C(=O)Nc1cc(N2CCC(=O)NC2=O)ccc1F,Amidation,,
C384813,1,,,,CC(=O)C(=O)O,Cc1ccc(N)cc1N1CCC(=O)NC1=O,CC(=O)C(=O)Nc1ccc(C)c(N2CCC(=O)NC2=O)c1,Amidation,,
C367263,1,,,,O=C(O)CNO,Nc1cccc2c(Cl)c[nH]c12,O=C(CNO)Nc1cccc2c(Cl)c[nH]c12,Amidation,,
C384815,1,,,,CC(=O)C(=O)O,Nc1ccc(Cl)c(N2CCC(=O)NC2=O)c1,CC(=O)C(=O)Nc1ccc(Cl)c(N2CCC(=O)NC2=O)c1,Amidation,,
C384817,1,,,,CC(=O)C(=O)O,Nc1cc(Br)cc(N2CCC(=O)NC2=O)c1,CC(=O)C(=O)Nc1cc(Br)cc(N2CCC(=O)NC2=O)c1,Amidation,,
C384819,1,,,,CC(Br)C(=O)O,Cc1c(N)ccc(F)c1N1C(=O)CNC1=O,Cc1c(NC(=O)C(C)Br)ccc(F)c1N1C(=O)CNC1=O,Amidation,,
C384821,1,,,,CC(Br)C(=O)O,Nc1cc(F)cc(N2CCC(=O)NC2=O)c1,CC(Br)C(=O)Nc1cc(F)cc(N2CCC(=O)NC2=O)c1,Amidation,,
C439576,1,,,,CC#CCN,O=C(O)c1cc(F)cc2cc[nH]c12,CC#CCNC(=O)c1cc(F)cc2cc[nH]c12,Amidation,,
C367273,1,,,,C#CCC(=O)O,Nc1cccc2c(Cl)c[nH]c12,C#CCC(=O)Nc1cccc2c(Cl)c[nH]c12,Amidation,,
C384824,1,,,,CC(Br)C(=O)O,Nc1ccc(F)c(N2CCC(=O)NC2=O)c1,CC(Br)C(=O)Nc1ccc(F)c(N2CCC(=O)NC2=O)c1,Amidation,,
C367275,1,,,,NOCC(=O)O,Nc1cccc2c(Cl)c[nH]c12,NOCC(=O)Nc1cccc2c(Cl)c[nH]c12,Amidation,,
C384825,1,,,,CC(Br)C(=O)O,Cc1c(N)cccc1N1CCC(=O)NC1=O,Cc1c(NC(=O)C(C)Br)cccc1N1CCC(=O)NC1=O,Amidation,,
C384827,1,,,,CC(Br)C(=O)O,Cc1cc(N)cc(N2CCC(=O)NC2=O)c1,Cc1cc(NC(=O)C(C)Br)cc(N2CCC(=O)NC2=O)c1,Amidation,,
C384828,1,,,,CC(Br)C(=O)O,Nc1cc(Cl)cc(N2CCC(=O)NC2=O)c1,CC(Br)C(=O)Nc1cc(Cl)cc(N2CCC(=O)NC2=O)c1,Amidation,,
C384829,1,,,,CC(Br)C(=O)O,Nc1cc(N2CCC(=O)NC2=O)ccc1F,CC(Br)C(=O)Nc1cc(N2CCC(=O)NC2=O)ccc1F,Amidation,,
C384831,1,,,,CC(Br)C(=O)O,Cc1ccc(N)cc1N1CCC(=O)NC1=O,Cc1ccc(NC(=O)C(C)Br)cc1N1CCC(=O)NC1=O,Amidation,,
C384832,1,,,,CC(=O)C(=O)O,Cc1c(N)ccc(F)c1N1C(=O)CNC1=O,CC(=O)C(=O)Nc1ccc(F)c(N2C(=O)CNC2=O)c1C,Amidation,,
C384835,1,,,,CSCC(=O)O,Nc1ccc(F)c(N2CCC(=O)NC2=O)c1,CSCC(=O)Nc1ccc(F)c(N2CCC(=O)NC2=O)c1,Amidation,,
C439589,1,,,,CSCCN,O=C(O)c1cc(F)cc2cc[nH]c12,CSCCNC(=O)c1cc(F)cc2cc[nH]c12,Amidation,,
C384838,1,,,,CSCC(=O)O,Cc1cc(N)cc(N2CCC(=O)NC2=O)c1,CSCC(=O)Nc1cc(C)cc(N2CCC(=O)NC2=O)c1,Amidation,,
C384839,1,,,,CSCC(=O)O,Nc1cc(Cl)cc(N2CCC(=O)NC2=O)c1,CSCC(=O)Nc1cc(Cl)cc(N2CCC(=O)NC2=O)c1,Amidation,,
C384840,1,,,,CSCC(=O)O,Nc1cc(N2CCC(=O)NC2=O)ccc1F,CSCC(=O)Nc1cc(N2CCC(=O)NC2=O)ccc1F,Amidation,,
C384841,1,,,,CSCC(=O)O,Cc1ccc(N)cc1N1CCC(=O)NC1=O,CSCC(=O)Nc1ccc(C)c(N2CCC(=O)NC2=O)c1,Amidation,,
C384844,1,,,,CSCC(=O)O,Nc1cc(Br)cc(N2CCC(=O)NC2=O)c1,CSCC(=O)Nc1cc(Br)cc(N2CCC(=O)NC2=O)c1,Amidation,,
C384845,1,,,,CSCC(=O)O,Cc1c(N)cccc1N1C(=O)CCNC1=O,CSCC(=O)Nc1cccc(N2C(=O)CCNC2=O)c1C,Amidation,,
C367296,1,,,,N#CCC(=O)O,Nc1cccc2c(Cl)c[nH]c12,N#CCC(=O)Nc1cccc2c(Cl)c[nH]c12,Amidation,,
C439601,1,,,,C=C(Br)CN,O=C(O)c1ccc(Cl)c2cc[nH]c12,C=C(Br)CNC(=O)c1ccc(Cl)c2cc[nH]c12,Amidation,,
C384857,1,,,,CC(ON)C(=O)O,Nc1cccc(N2C(=O)CNC2=O)c1F,CC(ON)C(=O)Nc1cccc(N2C(=O)CNC2=O)c1F,Amidation,,
C384862,1,,,,CC(Br)C(=O)O,Nc1ccc(Cl)c(N2CCC(=O)NC2=O)c1,CC(Br)C(=O)Nc1ccc(Cl)c(N2CCC(=O)NC2=O)c1,Amidation,,
C367312,1,,,,C=C=CC(=O)O,Nc1cccc2c(Cl)c[nH]c12,C=C=CC(=O)Nc1cccc2c(Cl)c[nH]c12,Amidation,,
C384863,1,,,,CC(Br)C(=O)O,Nc1cc(Br)cc(N2CCC(=O)NC2=O)c1,CC(Br)C(=O)Nc1cc(Br)cc(N2CCC(=O)NC2=O)c1,Amidation,,
C367314,1,,,,O=C(O)CCI,Nc1cccc2c(Cl)c[nH]c12,O=C(CCI)Nc1cccc2c(Cl)c[nH]c12,Amidation,,
C384864,1,,,,CC(Cl)C(=O)O,Cc1c(N)ccc(F)c1N1C(=O)CNC1=O,Cc1c(NC(=O)C(C)Cl)ccc(F)c1N1C(=O)CNC1=O,Amidation,,
C384866,1,,,,CC(Cl)C(=O)O,Nc1cc(F)cc(N2CCC(=O)NC2=O)c1,CC(Cl)C(=O)Nc1cc(F)cc(N2CCC(=O)NC2=O)c1,Amidation,,
C384867,1,,,,CC(Cl)C(=O)O,Cc1c(N)cccc1N1C(=O)NC(C)C1=O,Cc1c(NC(=O)C(C)Cl)cccc1N1C(=O)NC(C)C1=O,Amidation,,
C367318,1,,,,C=C(Br)C(=O)O,Nc1cccc2c(Cl)c[nH]c12,C=C(Br)C(=O)Nc1cccc2c(Cl)c[nH]c12,Amidation,,
C384869,1,,,,CC(Cl)C(=O)O,Nc1ccc(F)c(N2CCC(=O)NC2=O)c1,CC(Cl)C(=O)Nc1ccc(F)c(N2CCC(=O)NC2=O)c1,Amidation,,
C384870,1,,,,CC(Cl)C(=O)O,Cc1c(N)cccc1N1CCC(=O)NC1=O,Cc1c(NC(=O)C(C)Cl)cccc1N1CCC(=O)NC1=O,Amidation,,
C384872,1,,,,CC(Cl)C(=O)O,Cc1cc(N)cc(N2CCC(=O)NC2=O)c1,Cc1cc(NC(=O)C(C)Cl)cc(N2CCC(=O)NC2=O)c1,Amidation,,
C384873,1,,,,CC(Cl)C(=O)O,Nc1cc(Cl)cc(N2CCC(=O)NC2=O)c1,CC(Cl)C(=O)Nc1cc(Cl)cc(N2CCC(=O)NC2=O)c1,Amidation,,
C384874,1,,,,CC(Cl)C(=O)O,Nc1cc(N2CCC(=O)NC2=O)ccc1F,CC(Cl)C(=O)Nc1cc(N2CCC(=O)NC2=O)ccc1F,Amidation,,
C367324,1,,,,O=C(O)CCCl,Nc1cccc2c(Cl)c[nH]c12,O=C(CCCl)Nc1cccc2c(Cl)c[nH]c12,Amidation,,
C384875,1,,,,CC(Cl)C(=O)O,Cc1ccc(N)cc1N1CCC(=O)NC1=O,Cc1ccc(NC(=O)C(C)Cl)cc1N1CCC(=O)NC1=O,Amidation,,
C439624,1,,,,CC(N)CS,O=C(O)c1ccc(Cl)c2cc[nH]c12,CC(CS)NC(=O)c1ccc(Cl)c2cc[nH]c12,Amidation,,
C384878,1,,,,CC(Cl)C(=O)O,Nc1cc(Br)cc(N2CCC(=O)NC2=O)c1,CC(Cl)C(=O)Nc1cc(Br)cc(N2CCC(=O)NC2=O)c1,Amidation,,
C384879,1,,,,CC(Cl)C(=O)O,Cc1c(N)cccc1N1C(=O)CCNC1=O,Cc1c(NC(=O)C(C)Cl)cccc1N1C(=O)CCNC1=O,Amidation,,
C384880,1,,,,CC(Cl)C(=O)O,Nc1ccc(Cl)c(N2CCC(=O)NC2=O)c1,CC(Cl)C(=O)Nc1ccc(Cl)c(N2CCC(=O)NC2=O)c1,Amidation,,
C384884,1,,,,CC(Br)C(=O)O,Cc1c(N)cccc1N1C(=O)CCNC1=O,Cc1c(NC(=O)C(C)Br)cccc1N1C(=O)CCNC1=O,Amidation,,
C439637,1,,,,CC(N)CS,O=C(O)c1ccc(Br)c2cc[nH]c12,CC(CS)NC(=O)c1ccc(Br)c2cc[nH]c12,Amidation,,
C439643,1,,,,CC#CCN,O=C(O)c1ccc(Cl)c2cc[nH]c12,CC#CCNC(=O)c1ccc(Cl)c2cc[nH]c12,Amidation,,
C367340,1,,,,CCCC(=O)O,Nc1cccc2c(Cl)c[nH]c12,CCCC(=O)Nc1cccc2c(Cl)c[nH]c12,Amidation,,
C384895,1,,,,CC(C)(Cl)C(=O)O,Cc1ccc(N)cc1N1C(=O)CNC1=O,Cc1ccc(NC(=O)C(C)(C)Cl)cc1N1C(=O)CNC1=O,Amidation,,
C384896,1,,,,CC(C)(Cl)C(=O)O,Nc1cccc(N2CCC(=O)NC2=O)c1,CC(C)(Cl)C(=O)Nc1cccc(N2CCC(=O)NC2=O)c1,Amidation,,
C384898,1,,,,CC(C)(Cl)C(=O)O,Cc1c(N)ccc(F)c1N1CCNC1=O,Cc1c(NC(=O)C(C)(C)Cl)ccc(F)c1N1CCNC1=O,Amidation,,
C439653,1,,,,CC(N)CO,O=C(O)c1cc(F)cc2cc[nH]c12,CC(CO)NC(=O)c1cc(F)cc2cc[nH]c12,Amidation,,
C384902,1,,,,CC(C)(Cl)C(=O)O,Cc1c(N)cccc1N1C(=O)CNC1=O,Cc1c(NC(=O)C(C)(C)Cl)cccc1N1C(=O)CNC1=O,Amidation,,
C384903,1,,,,CC(C)(Cl)C(=O)O,Cc1c(N)cccc1N1CCCNC1=O,Cc1c(NC(=O)C(C)(C)Cl)cccc1N1CCCNC1=O,Amidation,,
C384904,1,,,,CC(C)(Cl)C(=O)O,Nc1cccc(N2C(=O)CNC2=O)c1F,CC(C)(Cl)C(=O)Nc1cccc(N2C(=O)CNC2=O)c1F,Amidation,,
C384906,1,,,,CC(C)(Cl)C(=O)O,Nc1ccc(F)c(N2C(=O)CNC2=O)c1,CC(C)(Cl)C(=O)Nc1ccc(F)c(N2C(=O)CNC2=O)c1,Amidation,,
C384907,1,,,,O=C(O)C(Cl)Cl,Cc1c(N)ccc(F)c1N1C(=O)CNC1=O,Cc1c(NC(=O)C(Cl)Cl)ccc(F)c1N1C(=O)CNC1=O,Amidation,,
C367358,1,,,,O=C(O)CC1CC1,Nc1cccc2c(Cl)c[nH]c12,O=C(CC1CC1)Nc1cccc2c(Cl)c[nH]c12,Amidation,,
C384909,1,,,,O=C(O)CCCl,Nc1cc(N2CCC(=O)NC2=O)ccc1F,O=C1CCN(c2ccc(F)c(NC(=O)CCCl)c2)C(=O)N1,Amidation,,
C384910,1,,,,O=C(O)C(Cl)Cl,Cc1c(N)cccc1N1C(=O)NC(C)C1=O,Cc1c(NC(=O)C(Cl)Cl)cccc1N1C(=O)NC(C)C1=O,Amidation,,
C384911,1,,,,O=C(O)C(F)F,Cc1c(N)ccc(F)c1N1C(=O)CNC1=O,Cc1c(NC(=O)C(F)F)ccc(F)c1N1C(=O)CNC1=O,Amidation,,
C439664,1,,,,CC(N)CS,O=C(O)c1cc(Cl)cc2cc[nH]c12,CC(CS)NC(=O)c1cc(Cl)cc2cc[nH]c12,Amidation,,
C367368,1,,,,CC(C)=CC(=O)O,Nc1cccc2c(Cl)c[nH]c12,CC(C)=CC(=O)Nc1cccc2c(Cl)c[nH]c12,Amidation,,
C439678,1,,,,CCN(C)N,O=C(O)c1cc(Cl)cc2cc[nH]c12,CCN(C)NC(=O)c1cc(Cl)cc2cc[nH]c12,Amidation,,
C367375,1,,,,CN(C)CC(=O)O,Nc1cccc2c(Cl)c[nH]c12,CN(C)CC(=O)Nc1cccc2c(Cl)c[nH]c12,Amidation,,
C384926,1,,,,O=C(O)C(F)F,Cc1cc(N)cc(N2CCC(=O)NC2=O)c1,Cc1cc(NC(=O)C(F)F)cc(N2CCC(=O)NC2=O)c1,Amidation,,
C384931,1,,,,O=C(O)C(F)F,Nc1ccc(Cl)c(N2CCC(=O)NC2=O)c1,O=C1CCN(c2cc(NC(=O)C(F)F)ccc2Cl)C(=O)N1,Amidation,,
C439688,1,,,,C=C(F)CN,O=C(O)c1cc(Cl)cc2cc[nH]c12,C=C(F)CNC(=O)c1cc(Cl)cc2cc[nH]c12,Amidation,,
C384938,1,,,,O=C(O)C(Cl)Cl,Cc1c(N)cccc1N1C(=O)CCNC1=O,Cc1c(NC(=O)C(Cl)Cl)cccc1N1C(=O)CCNC1=O,Amidation,,
C439691,1,,,,CCC(C)N,O=C(O)c1cc(Cl)cc2cc[nH]c12,CCC(C)NC(=O)c1cc(Cl)cc2cc[nH]c12,Amidation,,
C384947,1,,,,O=C(O)C(Cl)Cl,Nc1cc(Br)cc(N2CCC(=O)NC2=O)c1,O=C1CCN(c2cc(Br)cc(NC(=O)C(Cl)Cl)c2)C(=O)N1,Amidation,,
C439700,1,,,,C=CC(C)N,O=C(O)c1cc(Cl)cc2cc[nH]c12,C=CC(C)NC(=O)c1cc(Cl)cc2cc[nH]c12,Amidation,,
C384950,1,,,,C=C(Br)C(=O)O,Cc1c(N)cccc1N1C(=O)CCNC1=O,C=C(Br)C(=O)Nc1cccc(N2C(=O)CCNC2=O)c1C,Amidation,,
C384954,1,,,,C=CC(Cl)C(=O)O,Nc1cccc(N2C(=O)CNC2=O)c1F,C=CC(Cl)C(=O)Nc1cccc(N2C(=O)CNC2=O)c1F,Amidation,,
C384955,1,,,,C=CC(Cl)C(=O)O,Cc1c(N)cccc1N1CCCNC1=O,C=CC(Cl)C(=O)Nc1cccc(N2CCCNC2=O)c1C,Amidation,,
C384956,1,,,,C=CC(Cl)C(=O)O,Cc1c(N)cccc1N1C(=O)CNC1=O,C=CC(Cl)C(=O)Nc1cccc(N2C(=O)CNC2=O)c1C,Amidation,,
C384957,1,,,,C=CC(Cl)C(=O)O,Nc1cccc(N2C(=O)CCNC2=O)c1,C=CC(Cl)C(=O)Nc1cccc(N2C(=O)CCNC2=O)c1,Amidation,,
C439711,1,,,,NN1CCC1,O=C(O)c1cc(Cl)cc2cc[nH]c12,O=C(NN1CCC1)c1cc(Cl)cc2cc[nH]c12,Amidation,,
C384960,1,,,,C=CC(Cl)C(=O)O,Cc1c(N)ccc(F)c1N1CCNC1=O,C=CC(Cl)C(=O)Nc1ccc(F)c(N2CCNC2=O)c1C,Amidation,,
C384961,1,,,,C=CC(Cl)C(=O)O,Nc1ccc(F)c(N2CCCNC2=O)c1,C=CC(Cl)C(=O)Nc1ccc(F)c(N2CCCNC2=O)c1,Amidation,,
C384964,1,,,,O=C(O)C1=CCC1,CN1CC(=O)N(c2cccc(N)c2)C1=O,CN1CC(=O)N(c2cccc(NC(=O)C3=CCC3)c2)C1=O,Amidation,,
C384968,1,,,,O=C(O)C1=CCC1,Cc1c(N)ccc(F)c1N1CCNC1=O,Cc1c(NC(=O)C2=CCC2)ccc(F)c1N1CCNC1=O,Amidation,,
C439724,1,,,,CC(N)CF,O=C(O)c1cc(Cl)cc2cc[nH]c12,CC(CF)NC(=O)c1cc(Cl)cc2cc[nH]c12,Amidation,,
C384973,1,,,,C=C(Br)C(=O)O,Nc1cc(Br)cc(N2CCC(=O)NC2=O)c1,C=C(Br)C(=O)Nc1cc(Br)cc(N2CCC(=O)NC2=O)c1,Amidation,,
C384975,1,,,,C=C(Br)C(=O)O,Nc1ccc(Cl)c(N2CCC(=O)NC2=O)c1,C=C(Br)C(=O)Nc1ccc(Cl)c(N2CCC(=O)NC2=O)c1,Amidation,,
C384976,1,,,,C=C(Br)C(=O)O,Cc1ccc(N)cc1N1CCC(=O)NC1=O,C=C(Br)C(=O)Nc1ccc(C)c(N2CCC(=O)NC2=O)c1,Amidation,,
C384977,1,,,,CC(C)(F)C(=O)O,Nc1ccc(F)c(N2CCCNC2=O)c1,CC(C)(F)C(=O)Nc1ccc(F)c(N2CCCNC2=O)c1,Amidation,,
C384978,1,,,,CC(C)(F)C(=O)O,Cc1c(N)ccc(F)c1N1CCNC1=O,Cc1c(NC(=O)C(C)(C)F)ccc(F)c1N1CCNC1=O,Amidation,,
C439728,1,,,,NCC=CCl,O=C(O)c1cc(Cl)cc2cc[nH]c12,O=C(NCC=CCl)c1cc(Cl)cc2cc[nH]c12,Amidation,,
C384981,1,,,,CC(C)(F)C(=O)O,Nc1cccc(N2C(=O)CCNC2=O)c1,CC(C)(F)C(=O)Nc1cccc(N2C(=O)CCNC2=O)c1,Amidation,,
C384982,1,,,,CC(C)(F)C(=O)O,Cc1c(N)cccc1N1C(=O)CNC1=O,Cc1c(NC(=O)C(C)(C)F)cccc1N1C(=O)CNC1=O,Amidation,,
C384984,1,,,,CC(C)(F)C(=O)O,Nc1cccc(N2C(=O)CNC2=O)c1F,CC(C)(F)C(=O)Nc1cccc(N2C(=O)CNC2=O)c1F,Amidation,,
C384986,1,,,,CC(C)(F)C(=O)O,Nc1ccc(F)c(N2C(=O)CNC2=O)c1,CC(C)(F)C(=O)Nc1ccc(F)c(N2C(=O)CNC2=O)c1,Amidation,,
C384989,1,,,,C=C(Br)C(=O)O,Cc1c(N)ccc(F)c1N1C(=O)CNC1=O,C=C(Br)C(=O)Nc1ccc(F)c(N2C(=O)CNC2=O)c1C,Amidation,,
C384991,1,,,,C=C(Br)C(=O)O,Nc1cc(F)cc(N2CCC(=O)NC2=O)c1,C=C(Br)C(=O)Nc1cc(F)cc(N2CCC(=O)NC2=O)c1,Amidation,,
C384992,1,,,,C=C(Br)C(=O)O,Cc1c(N)cccc1N1C(=O)NC(C)C1=O,C=C(Br)C(=O)Nc1cccc(N2C(=O)NC(C)C2=O)c1C,Amidation,,
C384994,1,,,,C=C(Br)C(=O)O,Nc1ccc(F)c(N2CCC(=O)NC2=O)c1,C=C(Br)C(=O)Nc1ccc(F)c(N2CCC(=O)NC2=O)c1,Amidation,,
C384997,1,,,,C=C(Br)C(=O)O,Cc1cc(N)cc(N2CCC(=O)NC2=O)c1,C=C(Br)C(=O)Nc1cc(C)cc(N2CCC(=O)NC2=O)c1,Amidation,,
C384998,1,,,,C=C(Br)C(=O)O,Nc1cc(Cl)cc(N2CCC(=O)NC2=O)c1,C=C(Br)C(=O)Nc1cc(Cl)cc(N2CCC(=O)NC2=O)c1,Amidation,,
C384999,1,,,,C=C(Br)C(=O)O,Nc1cc(N2CCC(=O)NC2=O)ccc1F,C=C(Br)C(=O)Nc1cc(N2CCC(=O)NC2=O)ccc1F,Amidation,,
C385001,1,,,,O=C(O)C(Cl)Cl,Nc1ccc(Cl)c(N2CCC(=O)NC2=O)c1,O=C1CCN(c2cc(NC(=O)C(Cl)Cl)ccc2Cl)C(=O)N1,Amidation,,
C385006,1,,,,O=C(O)C(Cl)Cl,Cc1cc(N)cc(N2CCC(=O)NC2=O)c1,Cc1cc(NC(=O)C(Cl)Cl)cc(N2CCC(=O)NC2=O)c1,Amidation,,
C385007,1,,,,O=C(O)C(Cl)Cl,Nc1cc(N2CCC(=O)NC2=O)ccc1F,O=C1CCN(c2ccc(F)c(NC(=O)C(Cl)Cl)c2)C(=O)N1,Amidation,,
C385008,1,,,,O=C(O)C(Cl)Cl,Cc1ccc(N)cc1N1CCC(=O)NC1=O,Cc1ccc(NC(=O)C(Cl)Cl)cc1N1CCC(=O)NC1=O,Amidation,,
C439766,1,,,,CC(N)CCl,O=C(O)c1ccc(Br)c2cc[nH]c12,CC(CCl)NC(=O)c1ccc(Br)c2cc[nH]c12,Amidation,,
C385018,1,,,,CCC(Cl)C(=O)O,Cc1c(N)cccc1N1C(=O)NC(C)C1=O,CCC(Cl)C(=O)Nc1cccc(N2C(=O)NC(C)C2=O)c1C,Amidation,,
C385019,1,,,,CCC(Cl)C(=O)O,Nc1cc(F)cc(N2CCC(=O)NC2=O)c1,CCC(Cl)C(=O)Nc1cc(F)cc(N2CCC(=O)NC2=O)c1,Amidation,,
C385021,1,,,,CCC(Cl)C(=O)O,Cc1c(N)ccc(F)c1N1C(=O)CNC1=O,CCC(Cl)C(=O)Nc1ccc(F)c(N2C(=O)CNC2=O)c1C,Amidation,,
C367475,1,,,,CSSCC(=O)O,Nc1cccc2c(Cl)c[nH]c12,CSSCC(=O)Nc1cccc2c(Cl)c[nH]c12,Amidation,,
C385026,1,,,,O=C(O)C1(O)CC1,Cc1ccc(N)cc1N1CCC(=O)NC1=O,Cc1ccc(NC(=O)C2(O)CC2)cc1N1CCC(=O)NC1=O,Amidation,,
C385028,1,,,,CCC(Cl)C(=O)O,Nc1ccc(F)c(N2CCC(=O)NC2=O)c1,CCC(Cl)C(=O)Nc1ccc(F)c(N2CCC(=O)NC2=O)c1,Amidation,,
C439781,1,,,,CC(N)CS,COc1ccc(C(=O)O)c2[nH]ccc12,COc1ccc(C(=O)NC(C)CS)c2[nH]ccc12,Amidation,,
C385031,1,,,,CC(Cl)=CC(=O)O,Cc1c(N)cccc1N1C(=O)CCNC1=O,CC(Cl)=CC(=O)Nc1cccc(N2C(=O)CCNC2=O)c1C,Amidation,,
C385032,1,,,,O=C(O)C(O)CBr,Cc1c(N)cccc1N1C(=O)NC(C)C1=O,Cc1c(NC(=O)C(O)CBr)cccc1N1C(=O)NC(C)C1=O,Amidation,,
C367483,1,,,,O=C(O)CCCF,Nc1cccc2c(Cl)c[nH]c12,O=C(CCCF)Nc1cccc2c(Cl)c[nH]c12,Amidation,,
C385034,1,,,,O=C(O)C(O)CBr,Cc1c(N)ccc(F)c1N1C(=O)CNC1=O,Cc1c(NC(=O)C(O)CBr)ccc(F)c1N1C(=O)CNC1=O,Amidation,,
C385036,1,,,,CC(Cl)=CC(=O)O,Nc1cc(Br)cc(N2CCC(=O)NC2=O)c1,CC(Cl)=CC(=O)Nc1cc(Br)cc(N2CCC(=O)NC2=O)c1,Amidation,,
C385037,1,,,,CC(Cl)=CC(=O)O,Nc1ccc(Cl)c(N2CCC(=O)NC2=O)c1,CC(Cl)=CC(=O)Nc1ccc(Cl)c(N2CCC(=O)NC2=O)c1,Amidation,,
C385038,1,,,,CCC#CC(=O)O,Nc1ccc(Cl)c(N2CCC(=O)NC2=O)c1,CCC#CC(=O)Nc1ccc(Cl)c(N2CCC(=O)NC2=O)c1,Amidation,,
C367488,1,,,,C=C(CO)C(=O)O,Nc1cccc2c(Cl)c[nH]c12,C=C(CO)C(=O)Nc1cccc2c(Cl)c[nH]c12,Amidation,,
C385039,1,,,,O=C(O)C(O)CBr,Cc1cc(N)cc(N2CCC(=O)NC2=O)c1,Cc1cc(NC(=O)C(O)CBr)cc(N2CCC(=O)NC2=O)c1,Amidation,,
C439791,1,,,,NC1CSC1,COc1ccc(C(=O)O)c2[nH]ccc12,COc1ccc(C(=O)NC2CSC2)c2[nH]ccc12,Amidation,,
C439794,1,,,,CC(S)CN,O=C(O)c1c(F)c(Cl)cc2cc[nH]c12,CC(S)CNC(=O)c1c(F)c(Cl)cc2cc[nH]c12,Amidation,,
C385043,1,,,,O=C(O)C(O)CBr,CC1(C)NC(=O)N(c2cccc(N)c2)C1=O,CC1(C)NC(=O)N(c2cccc(NC(=O)C(O)CBr)c2)C1=O,Amidation,,
C367494,1,,,,C#CCCC(=O)O,Nc1cccc2c(Cl)c[nH]c12,C#CCCC(=O)Nc1cccc2c(Cl)c[nH]c12,Amidation,,
C385046,1,,,,CC(C)CC(=O)O,Cc1c(N)ccc(F)c1N1C(=O)CNC1=O,Cc1c(NC(=O)CC(C)C)ccc(F)c1N1C(=O)CNC1=O,Amidation,,
C439798,1,,,,CC(N)CS,O=C(O)c1c(F)c(Cl)cc2cc[nH]c12,CC(CS)NC(=O)c1c(F)c(Cl)cc2cc[nH]c12,Amidation,,
C367497,1,,,,CC(ON)C(=O)O,Nc1cccc2c(Cl)c[nH]c12,CC(ON)C(=O)Nc1cccc2c(Cl)c[nH]c12,Amidation,,
C367500,1,,,,CC(ON)C(=O)O,Cn1ccc2cccc(N)c21,CC(ON)C(=O)Nc1cccc2ccn(C)c12,Amidation,,
C385059,1,,,,CCC#CC(=O)O,Cc1c(N)cccc1N1C(=O)CCNC1=O,CCC#CC(=O)Nc1cccc(N2C(=O)CCNC2=O)c1C,Amidation,,
C385060,1,,,,CCC#CC(=O)O,Cc1ccc(N)cc1N1CCC(=O)NC1=O,CCC#CC(=O)Nc1ccc(C)c(N2CCC(=O)NC2=O)c1,Amidation,,
C385063,1,,,,C=CC(Cl)C(=O)O,Cc1c(N)ccc(F)c1N1C(=O)CNC1=O,C=CC(Cl)C(=O)Nc1ccc(F)c(N2C(=O)CNC2=O)c1C,Amidation,,
C385064,1,,,,C=CC(Cl)C(=O)O,CCC1NC(=O)N(c2cccc(N)c2)C1=O,C=CC(Cl)C(=O)Nc1cccc(N2C(=O)NC(CC)C2=O)c1,Amidation,,
C385065,1,,,,C=CC(Cl)C(=O)O,Nc1cc(F)cc(N2CCC(=O)NC2=O)c1,C=CC(Cl)C(=O)Nc1cc(F)cc(N2CCC(=O)NC2=O)c1,Amidation,,
C439817,1,,,,NN1CCC1,COc1ccc(C(=O)O)c2[nH]ccc12,COc1ccc(C(=O)NN2CCC2)c2[nH]ccc12,Amidation,,
C385068,1,,,,C=CC(Cl)C(=O)O,Nc1ccc(F)c(N2CCC(=O)NC2=O)c1,C=CC(Cl)C(=O)Nc1ccc(F)c(N2CCC(=O)NC2=O)c1,Amidation,,
C367518,1,,,,CC1CC1C(=O)O,Nc1cccc2c(Cl)c[nH]c12,CC1CC1C(=O)Nc1cccc2c(Cl)c[nH]c12,Amidation,,
C385069,1,,,,O=C(O)CCCF,Cc1c(N)cccc1N1C(=O)CCNC1=O,Cc1c(NC(=O)CCCF)cccc1N1C(=O)CCNC1=O,Amidation,,
C385070,1,,,,O=C(O)CCCF,Nc1cc(Br)cc(N2CCC(=O)NC2=O)c1,O=C1CCN(c2cc(Br)cc(NC(=O)CCCF)c2)C(=O)N1,Amidation,,
C385072,1,,,,CC(Cl)=CC(=O)O,Cc1c(N)ccc(F)c1N1C(=O)CNC1=O,CC(Cl)=CC(=O)Nc1ccc(F)c(N2C(=O)CNC2=O)c1C,Amidation,,
C439825,1,,,,CC(N)CO,COc1ccc(C(=O)O)c2[nH]ccc12,COc1ccc(C(=O)NC(C)CO)c2[nH]ccc12,Amidation,,
C385074,1,,,,CC(Cl)=CC(=O)O,Nc1cc(F)cc(N2CCC(=O)NC2=O)c1,CC(Cl)=CC(=O)Nc1cc(F)cc(N2CCC(=O)NC2=O)c1,Amidation,,
C385075,1,,,,O=C(O)C1(O)CC1,Cc1c(N)cccc1N1C(=O)CCNC1=O,Cc1c(NC(=O)C2(O)CC2)cccc1N1C(=O)CCNC1=O,Amidation,,
C439827,1,,,,NCC(F)F,O=C(O)c1c(F)c(Cl)cc2cc[nH]c12,O=C(NCC(F)F)c1c(F)c(Cl)cc2cc[nH]c12,Amidation,,
C385078,1,,,,C=CC(Cl)C(=O)O,Cc1c(N)cccc1N1CCC(=O)NC1=O,C=CC(Cl)C(=O)Nc1cccc(N2CCC(=O)NC2=O)c1C,Amidation,,
C385079,1,,,,CC(Cl)=CC(=O)O,Nc1ccc(F)c(N2CCC(=O)NC2=O)c1,CC(Cl)=CC(=O)Nc1ccc(F)c(N2CCC(=O)NC2=O)c1,Amidation,,
C385081,1,,,,O=C(O)CCCF,Cc1ccc(N)cc1N1CCC(=O)NC1=O,Cc1ccc(NC(=O)CCCF)cc1N1CCC(=O)NC1=O,Amidation,,
C439835,1,,,,CC(C)CN,O=C(O)c1c(F)c(Cl)cc2cc[nH]c12,CC(C)CNC(=O)c1c(F)c(Cl)cc2cc[nH]c12,Amidation,,
C385084,1,,,,O=C(O)C(O)CBr,Nc1cc(Cl)cc(N2CCC(=O)NC2=O)c1,O=C1CCN(c2cc(Cl)cc(NC(=O)C(O)CBr)c2)C(=O)N1,Amidation,,
C439837,1,,,,CCN(C)N,O=C(O)c1c(F)c(Cl)cc2cc[nH]c12,CCN(C)NC(=O)c1c(F)c(Cl)cc2cc[nH]c12,Amidation,,
C385089,1,,,,CC(Cl)=CC(=O)O,Cc1ccc(N2CCC(=O)NC2=O)cc1N,CC(Cl)=CC(=O)Nc1cc(N2CCC(=O)NC2=O)ccc1C,Amidation,,
C385098,1,,,,CC(Cl)=CC(=O)O,Cc1cc(N)cc(N2CCC(=O)NC2=O)c1,CC(Cl)=CC(=O)Nc1cc(C)cc(N2CCC(=O)NC2=O)c1,Amidation,,
C385099,1,,,,CC(Cl)=CC(=O)O,Nc1cc(Cl)cc(N2CCC(=O)NC2=O)c1,CC(Cl)=CC(=O)Nc1cc(Cl)cc(N2CCC(=O)NC2=O)c1,Amidation,,
C385100,1,,,,CC(Cl)=CC(=O)O,Nc1cc(N2CCC(=O)NC2=O)ccc1F,CC(Cl)=CC(=O)Nc1cc(N2CCC(=O)NC2=O)ccc1F,Amidation,,
C385101,1,,,,CC(Cl)=CC(=O)O,Cc1ccc(N)cc1N1CCC(=O)NC1=O,CC(Cl)=CC(=O)Nc1ccc(C)c(N2CCC(=O)NC2=O)c1,Amidation,,
C385104,1,,,,CC(Cl)=CC(=O)O,Cc1c(N)cccc1N1CCC(=O)NC1=O,CC(Cl)=CC(=O)Nc1cccc(N2CCC(=O)NC2=O)c1C,Amidation,,
C439858,1,,,,C=C(Br)CN,COc1ccc(C(=O)O)c2[nH]ccc12,C=C(Br)CNC(=O)c1ccc(OC)c2cc[nH]c12,Amidation,,
C385107,1,,,,O=C(O)CCCF,Cc1c(N)cccc1N1CCC(=O)NC1=O,Cc1c(NC(=O)CCCF)cccc1N1CCC(=O)NC1=O,Amidation,,
C385109,1,,,,O=C(O)CCCF,CC1(C)NC(=O)N(c2cccc(N)c2)C1=O,CC1(C)NC(=O)N(c2cccc(NC(=O)CCCF)c2)C1=O,Amidation,,
C385110,1,,,,O=C(O)CCCF,Cc1c(N)cccc1N1C(=O)NC(C)C1=O,Cc1c(NC(=O)CCCF)cccc1N1C(=O)NC(C)C1=O,Amidation,,
C385113,1,,,,O=C(O)CCCF,Nc1cc(Cl)cc(N2CCC(=O)NC2=O)c1,O=C1CCN(c2cc(Cl)cc(NC(=O)CCCF)c2)C(=O)N1,Amidation,,
C385114,1,,,,O=C(O)CCCF,Cc1c(N)ccc(F)c1N1C(=O)CNC1=O,Cc1c(NC(=O)CCCF)ccc(F)c1N1C(=O)CNC1=O,Amidation,,
C385115,1,,,,C=CC(Cl)C(=O)O,Cc1cc(N)cc(N2CCC(=O)NC2=O)c1,C=CC(Cl)C(=O)Nc1cc(C)cc(N2CCC(=O)NC2=O)c1,Amidation,,
C385116,1,,,,C=CC(Cl)C(=O)O,Nc1cc(Cl)cc(N2CCC(=O)NC2=O)c1,C=CC(Cl)C(=O)Nc1cc(Cl)cc(N2CCC(=O)NC2=O)c1,Amidation,,
C385117,1,,,,C=CC(Cl)C(=O)O,Nc1cc(N2CCC(=O)NC2=O)ccc1F,C=CC(Cl)C(=O)Nc1cc(N2CCC(=O)NC2=O)ccc1F,Amidation,,
C385118,1,,,,C=CC(Cl)C(=O)O,Cc1ccc(N)cc1N1CCC(=O)NC1=O,C=CC(Cl)C(=O)Nc1ccc(C)c(N2CCC(=O)NC2=O)c1,Amidation,,
C367569,1,,,,CCCC(=O)O,Cc1ccc(N)c2[nH]cc(C#N)c12,CCCC(=O)Nc1ccc(C)c2c(C#N)c[nH]c12,Amidation,,
C385120,1,,,,C=CC(Cl)C(=O)O,Nc1ccc(Cl)c(N2CCC(=O)NC2=O)c1,C=CC(Cl)C(=O)Nc1ccc(Cl)c(N2CCC(=O)NC2=O)c1,Amidation,,
C385121,1,,,,C=CC(Cl)C(=O)O,Nc1cc(Br)cc(N2CCC(=O)NC2=O)c1,C=CC(Cl)C(=O)Nc1cc(Br)cc(N2CCC(=O)NC2=O)c1,Amidation,,
C385123,1,,,,O=C(O)C(O)CBr,Nc1cc(N2CCC(=O)NC2=O)ccc1F,O=C1CCN(c2ccc(F)c(NC(=O)C(O)CBr)c2)C(=O)N1,Amidation,,
C385124,1,,,,CCC#CC(=O)O,Cc1cc(N)cc(N2CCC(=O)NC2=O)c1,CCC#CC(=O)Nc1cc(C)cc(N2CCC(=O)NC2=O)c1,Amidation,,
C439895,1,,,,N#CCN,Cc1[nH]c2c(C(=O)O)ccc(Br)c2c1C,Cc1[nH]c2c(C(=O)NCC#N)ccc(Br)c2c1C,Amidation,,
C439899,1,,,,NCCO,Cc1[nH]c2c(C(=O)O)ccc(Br)c2c1C,Cc1[nH]c2c(C(=O)NCCO)ccc(Br)c2c1C,Amidation,,
C385150,1,,,,CCC#CC(=O)O,Cc1c(N)ccc(F)c1N1C(=O)CNC1=O,CCC#CC(=O)Nc1ccc(F)c(N2C(=O)CNC2=O)c1C,Amidation,,
C385152,1,,,,CC(C)CC(=O)O,Nc1cc(Cl)cc(N2CCC(=O)NC2=O)c1,CC(C)CC(=O)Nc1cc(Cl)cc(N2CCC(=O)NC2=O)c1,Amidation,,
C385153,1,,,,CC(C)CC(=O)O,Cc1cc(N)cc(N2CCC(=O)NC2=O)c1,Cc1cc(NC(=O)CC(C)C)cc(N2CCC(=O)NC2=O)c1,Amidation,,
C385154,1,,,,CC(C)CC(=O)O,Cc1ccc(N2CCC(=O)NC2=O)cc1N,Cc1ccc(N2CCC(=O)NC2=O)cc1NC(=O)CC(C)C,Amidation,,
C385155,1,,,,CC(C)CC(=O)O,Cc1c(N)cccc1N1CCC(=O)NC1=O,Cc1c(NC(=O)CC(C)C)cccc1N1CCC(=O)NC1=O,Amidation,,
C367613,1,,,,O=C(O)C(F)Cl,Cc1ccc(N)c2[nH]cc(C#N)c12,Cc1ccc(NC(=O)C(F)Cl)c2[nH]cc(C#N)c12,Amidation,,
C385168,1,,,,CCC(Cl)C(=O)O,Cc1c(N)cccc1N1C(=O)CCNC1=O,CCC(Cl)C(=O)Nc1cccc(N2C(=O)CCNC2=O)c1C,Amidation,,
C385169,1,,,,CCC(Cl)C(=O)O,Nc1ccc(Cl)c(N2CCC(=O)NC2=O)c1,CCC(Cl)C(=O)Nc1ccc(Cl)c(N2CCC(=O)NC2=O)c1,Amidation,,
C385170,1,,,,CCC(Cl)C(=O)O,Cc1c(N)cccc1N1CCC(=O)NC1=O,CCC(Cl)C(=O)Nc1cccc(N2CCC(=O)NC2=O)c1C,Amidation,,
C385171,1,,,,CC(C)CC(=O)O,Nc1ccc(Cl)c(N2CCC(=O)NC2=O)c1,CC(C)CC(=O)Nc1ccc(Cl)c(N2CCC(=O)NC2=O)c1,Amidation,,
C385173,1,,,,CC(C)CC(=O)O,Cc1ccc(N)cc1N1CCC(=O)NC1=O,Cc1ccc(NC(=O)CC(C)C)cc1N1CCC(=O)NC1=O,Amidation,,
C385174,1,,,,CC(C)CC(=O)O,Nc1cc(N2CCC(=O)NC2=O)ccc1F,CC(C)CC(=O)Nc1cc(N2CCC(=O)NC2=O)ccc1F,Amidation,,
C385176,1,,,,O=C(O)C1(O)CC1,Cc1c(N)cccc1N1C(=O)NC(C)C1=O,Cc1c(NC(=O)C2(O)CC2)cccc1N1C(=O)NC(C)C1=O,Amidation,,
C385179,1,,,,O=C(O)C1(O)CC1,Cc1c(N)ccc(F)c1N1C(=O)CNC1=O,Cc1c(NC(=O)C2(O)CC2)ccc(F)c1N1C(=O)CNC1=O,Amidation,,
C385180,1,,,,CCC(Cl)C(=O)O,Cc1cc(N)cc(N2CCC(=O)NC2=O)c1,CCC(Cl)C(=O)Nc1cc(C)cc(N2CCC(=O)NC2=O)c1,Amidation,,
C385181,1,,,,CCC(Cl)C(=O)O,Nc1cc(Cl)cc(N2CCC(=O)NC2=O)c1,CCC(Cl)C(=O)Nc1cc(Cl)cc(N2CCC(=O)NC2=O)c1,Amidation,,
C385182,1,,,,CCC(Cl)C(=O)O,Nc1cc(N2CCC(=O)NC2=O)ccc1F,CCC(Cl)C(=O)Nc1cc(N2CCC(=O)NC2=O)ccc1F,Amidation,,
C385183,1,,,,CCC(Cl)C(=O)O,Cc1ccc(N)cc1N1CCC(=O)NC1=O,CCC(Cl)C(=O)Nc1ccc(C)c(N2CCC(=O)NC2=O)c1,Amidation,,
C439933,1,,,,NCCS,O=C(O)c1cccc2c3c([nH]c12)CCC3,O=C(NCCS)c1cccc2c3c([nH]c12)CCC3,Amidation,,
C385185,1,,,,CCC(Cl)C(=O)O,Nc1cc(Br)cc(N2CCC(=O)NC2=O)c1,CCC(Cl)C(=O)Nc1cc(Br)cc(N2CCC(=O)NC2=O)c1,Amidation,,
C385186,1,,,,O=C(O)C(O)CBr,Cc1ccc(N)cc1N1CCC(=O)NC1=O,Cc1ccc(NC(=O)C(O)CBr)cc1N1CCC(=O)NC1=O,Amidation,,
C439938,1,,,,CC(C)N,O=C(O)c1cccc2c3c([nH]c12)CCC3,CC(C)NC(=O)c1cccc2c3c([nH]c12)CCC3,Amidation,,
C439939,1,,,,NCCCl,O=C(O)c1cccc2c3c([nH]c12)CCC3,O=C(NCCCl)c1cccc2c3c([nH]c12)CCC3,Amidation,,
C367638,1,,,,O=C(O)CCBr,Cc1ccc(N)c2[nH]cc(C#N)c12,Cc1ccc(NC(=O)CCBr)c2[nH]cc(C#N)c12,Amidation,,
C385189,1,,,,CCC(O)C(=O)O,Nc1cc(F)cc(N2CCC(=O)NC2=O)c1,CCC(O)C(=O)Nc1cc(F)cc(N2CCC(=O)NC2=O)c1,Amidation,,
C439941,1,,,,C#CCN,O=C(O)c1cccc2c3c([nH]c12)CCC3,C#CCNC(=O)c1cccc2c3c([nH]c12)CCC3,Amidation,,
C385192,1,,,,CCC(O)C(=O)O,Nc1ccc(F)c(N2CCC(=O)NC2=O)c1,CCC(O)C(=O)Nc1ccc(F)c(N2CCC(=O)NC2=O)c1,Amidation,,
C439942,1,,,,N#CCN,O=C(O)c1cccc2c3c([nH]c12)CCC3,N#CCNC(=O)c1cccc2c3c([nH]c12)CCC3,Amidation,,
C385194,1,,,,CCC(O)C(=O)O,Cc1c(N)ccc(F)c1N1C(=O)CNC1=O,CCC(O)C(=O)Nc1ccc(F)c(N2C(=O)CNC2=O)c1C,Amidation,,
C385195,1,,,,CCC(O)C(=O)O,Cc1ccc(N2CCC(=O)NC2=O)cc1N,CCC(O)C(=O)Nc1cc(N2CCC(=O)NC2=O)ccc1C,Amidation,,
C385196,1,,,,CCC(O)C(=O)O,Nc1cc(Cl)cc(N2CCC(=O)NC2=O)c1,CCC(O)C(=O)Nc1cc(Cl)cc(N2CCC(=O)NC2=O)c1,Amidation,,
C385197,1,,,,CCC(O)C(=O)O,Nc1cc(N2CCC(=O)NC2=O)ccc1F,CCC(O)C(=O)Nc1cc(N2CCC(=O)NC2=O)ccc1F,Amidation,,
C385198,1,,,,CCC(O)C(=O)O,Cc1ccc(N)cc1N1CCC(=O)NC1=O,CCC(O)C(=O)Nc1ccc(C)c(N2CCC(=O)NC2=O)c1,Amidation,,
C439947,1,,,,NC1CC1,CCc1cc2cc(Cl)cc(C(=O)O)c2[nH]1,CCc1cc2cc(Cl)cc(C(=O)NC3CC3)c2[nH]1,Amidation,,
C385200,1,,,,CCC(O)C(=O)O,Nc1ccc(Cl)c(N2CCC(=O)NC2=O)c1,CCC(O)C(=O)Nc1ccc(Cl)c(N2CCC(=O)NC2=O)c1,Amidation,,
C385201,1,,,,CCC(O)C(=O)O,Nc1cc(Br)cc(N2CCC(=O)NC2=O)c1,CCC(O)C(=O)Nc1cc(Br)cc(N2CCC(=O)NC2=O)c1,Amidation,,
C385202,1,,,,CCC(O)C(=O)O,Cc1cc(N)cc(N2CCC(=O)NC2=O)c1,CCC(O)C(=O)Nc1cc(C)cc(N2CCC(=O)NC2=O)c1,Amidation,,
C385204,1,,,,O=C(O)C1CCC1,CC1(C)NC(=O)N(c2cccc(N)c2)C1=O,CC1(C)NC(=O)N(c2cccc(NC(=O)C3CCC3)c2)C1=O,Amidation,,
C385208,1,,,,CCC#CC(=O)O,Cc1c(N)cccc1N1CCC(=O)NC1=O,CCC#CC(=O)Nc1cccc(N2CCC(=O)NC2=O)c1C,Amidation,,
C439961,1,,,,N#CCN,CCc1cc2cc(Cl)cc(C(=O)O)c2[nH]1,CCc1cc2cc(Cl)cc(C(=O)NCC#N)c2[nH]1,Amidation,,
C439963,1,,,,NCCO,CCc1cc2cc(Cl)cc(C(=O)O)c2[nH]1,CCc1cc2cc(Cl)cc(C(=O)NCCO)c2[nH]1,Amidation,,
C367660,1,,,,N#CCC(=O)O,Cc1ccc(N)c2[nH]cc(C#N)c12,Cc1ccc(NC(=O)CC#N)c2[nH]cc(C#N)c12,Amidation,,
C385212,1,,,,CCC#CC(=O)O,Nc1cc(F)cc(N2CCC(=O)NC2=O)c1,CCC#CC(=O)Nc1cc(F)cc(N2CCC(=O)NC2=O)c1,Amidation,,
C385214,1,,,,O=C(O)C1CCC1,Cc1cc(N)cc(N2CCC(=O)NC2=O)c1,Cc1cc(NC(=O)C2CCC2)cc(N2CCC(=O)NC2=O)c1,Amidation,,
C385215,1,,,,O=C(O)C1CCC1,Nc1cc(Cl)cc(N2CCC(=O)NC2=O)c1,O=C1CCN(c2cc(Cl)cc(NC(=O)C3CCC3)c2)C(=O)N1,Amidation,,
C439969,1,,,,C=CCN,CCc1cc2cc(Cl)cc(C(=O)O)c2[nH]1,C=CCNC(=O)c1cc(Cl)cc2cc(CC)[nH]c12,Amidation,,
C385217,1,,,,O=C(O)C1CCC1,Cc1ccc(N)cc1N1CCC(=O)NC1=O,Cc1ccc(NC(=O)C2CCC2)cc1N1CCC(=O)NC1=O,Amidation,,
C385218,1,,,,O=C(O)C1CCC1,Cc1c(N)cccc1N1CCC(=O)NC1=O,Cc1c(NC(=O)C2CCC2)cccc1N1CCC(=O)NC1=O,Amidation,,
C385219,1,,,,CCC(O)C(=O)O,Cc1c(N)cccc1N1C(=O)CCNC1=O,CCC(O)C(=O)Nc1cccc(N2C(=O)CCNC2=O)c1C,Amidation,,
C439970,1,,,,CC(C)N,CCc1cc2cc(Cl)cc(C(=O)O)c2[nH]1,CCc1cc2cc(Cl)cc(C(=O)NC(C)C)c2[nH]1,Amidation,,
C385221,1,,,,O=C(O)C1CCC1,Nc1cc(F)cc(N2CCC(=O)NC2=O)c1,O=C1CCN(c2cc(F)cc(NC(=O)C3CCC3)c2)C(=O)N1,Amidation,,
C385222,1,,,,CC(C)CC(=O)O,CCC1NC(=O)N(c2cccc(N)c2)C1=O,CCC1NC(=O)N(c2cccc(NC(=O)CC(C)C)c2)C1=O,Amidation,,
C385223,1,,,,CC(C)CC(=O)O,Nc1cc(F)cc(N2CCC(=O)NC2=O)c1,CC(C)CC(=O)Nc1cc(F)cc(N2CCC(=O)NC2=O)c1,Amidation,,
C385224,1,,,,CC(C)CC(=O)O,Cc1c(N)cccc1N1C(=O)NC(C)C1=O,Cc1c(NC(=O)CC(C)C)cccc1N1C(=O)NC(C)C1=O,Amidation,,
C439971,1,,,,NCCCl,CCc1cc2cc(Cl)cc(C(=O)O)c2[nH]1,CCc1cc2cc(Cl)cc(C(=O)NCCCl)c2[nH]1,Amidation,,
C439973,1,,,,C#CCN,CCc1cc2cc(Cl)cc(C(=O)O)c2[nH]1,C#CCNC(=O)c1cc(Cl)cc2cc(CC)[nH]c12,Amidation,,
C439975,1,,,,NCC(F)Cl,O=C(O)c1c(F)c(Cl)cc2cc[nH]c12,O=C(NCC(F)Cl)c1c(F)c(Cl)cc2cc[nH]c12,Amidation,,
C439977,1,,,,CC(F)CN,O=C(O)c1c(F)c(Cl)cc2cc[nH]c12,CC(F)CNC(=O)c1c(F)c(Cl)cc2cc[nH]c12,Amidation,,
C439979,1,,,,NN1CCC1,N#Cc1c[nH]c2c(C(=O)O)cccc12,N#Cc1c[nH]c2c(C(=O)NN3CCC3)cccc12,Amidation,,
C439983,1,,,,NC1CSC1,N#Cc1c[nH]c2c(C(=O)O)cccc12,N#Cc1c[nH]c2c(C(=O)NC3CSC3)cccc12,Amidation,,
C385231,1,,,,CC(C)CC(=O)O,Cc1c(N)cccc1N1C(=O)CCNC1=O,Cc1c(NC(=O)CC(C)C)cccc1N1C(=O)CCNC1=O,Amidation,,
C385232,1,,,,CC(C)CC(=O)O,Nc1cc(Br)cc(N2CCC(=O)NC2=O)c1,CC(C)CC(=O)Nc1cc(Br)cc(N2CCC(=O)NC2=O)c1,Amidation,,
C385234,1,,,,O=C(O)C1CCC1,Cc1c(N)ccc(F)c1N1C(=O)CNC1=O,Cc1c(NC(=O)C2CCC2)ccc(F)c1N1C(=O)CNC1=O,Amidation,,
C385237,1,,,,O=C(O)C(O)CBr,Nc1cc(Br)cc(N2CCC(=O)NC2=O)c1,O=C1CCN(c2cc(Br)cc(NC(=O)C(O)CBr)c2)C(=O)N1,Amidation,,
C385238,1,,,,O=C(O)C(O)CBr,Cc1c(N)cccc1N1C(=O)CCNC1=O,Cc1c(NC(=O)C(O)CBr)cccc1N1C(=O)CCNC1=O,Amidation,,
C385239,1,,,,CSC=CC(=O)O,Cc1c(N)cccc1N1C(=O)CCNC1=O,CSC=CC(=O)Nc1cccc(N2C(=O)CCNC2=O)c1C,Amidation,,
C439990,1,,,,CC(N)CS,N#Cc1c[nH]c2c(C(=O)O)cccc12,CC(CS)NC(=O)c1cccc2c(C#N)c[nH]c12,Amidation,,
C439992,1,,,,NCC=CCl,N#Cc1c[nH]c2c(C(=O)O)cccc12,N#Cc1c[nH]c2c(C(=O)NCC=CCl)cccc12,Amidation,,
C385242,1,,,,CC(C)(Br)C(=O)O,Cc1cc(N)cc(N2CCC(=O)NC2=O)c1,Cc1cc(NC(=O)C(C)(C)Br)cc(N2CCC(=O)NC2=O)c1,Amidation,,
C367693,1,,,,CC(C)(Br)C(=O)O,Cc1ccc(N)c2[nH]cc(C#N)c12,Cc1ccc(NC(=O)C(C)(C)Br)c2[nH]cc(C#N)c12,Amidation,,
C385244,1,,,,CC(C)(Br)C(=O)O,Cc1c(N)cccc1N1CCC(=O)NC1=O,Cc1c(NC(=O)C(C)(C)Br)cccc1N1CCC(=O)NC1=O,Amidation,,
C385245,1,,,,CC(C)(Br)C(=O)O,Nc1ccc(F)c(N2CCC(=O)NC2=O)c1,CC(C)(Br)C(=O)Nc1ccc(F)c(N2CCC(=O)NC2=O)c1,Amidation,,
C385247,1,,,,CC(C)(Br)C(=O)O,Cc1c(N)cccc1N1C(=O)NC(C)C1=O,Cc1c(NC(=O)C(C)(C)Br)cccc1N1C(=O)NC(C)C1=O,Amidation,,
C385248,1,,,,CC(C)(Br)C(=O)O,Nc1cc(F)cc(N2CCC(=O)NC2=O)c1,CC(C)(Br)C(=O)Nc1cc(F)cc(N2CCC(=O)NC2=O)c1,Amidation,,
C385249,1,,,,CC(C)(Br)C(=O)O,CCC1NC(=O)N(c2cccc(N)c2)C1=O,CCC1NC(=O)N(c2cccc(NC(=O)C(C)(C)Br)c2)C1=O,Amidation,,
C385250,1,,,,CC(C)(Br)C(=O)O,Cc1c(N)ccc(F)c1N1C(=O)CNC1=O,Cc1c(NC(=O)C(C)(C)Br)ccc(F)c1N1C(=O)CNC1=O,Amidation,,
C439997,1,,,,CC(C)(C)N,Cc1[nH]c2c(C(=O)O)cccc2c1C,Cc1[nH]c2c(C(=O)NC(C)(C)C)cccc2c1C,Amidation,,
C440007,1,,,,NCC=CCl,Cc1[nH]c2c(C(=O)O)cccc2c1C,Cc1[nH]c2c(C(=O)NCC=CCl)cccc2c1C,Amidation,,
C385255,1,,,,O=C(O)C=C1CC1,Cc1c(N)cccc1N1C(=O)CCNC1=O,Cc1c(NC(=O)C=C2CC2)cccc1N1C(=O)CCNC1=O,Amidation,,
C385261,1,,,,O=C(O)C=C1CC1,Nc1cc(Cl)cc(N2CCC(=O)NC2=O)c1,O=C(C=C1CC1)Nc1cc(Cl)cc(N2CCC(=O)NC2=O)c1,Amidation,,
C440015,1,,,,CC(S)CN,Cc1[nH]c2c(C(=O)O)cccc2c1C,Cc1[nH]c2c(C(=O)NCC(C)S)cccc2c1C,Amidation,,
C385263,1,,,,O=C(O)C=C1CC1,Cc1ccc(N2CCC(=O)NC2=O)cc1N,Cc1ccc(N2CCC(=O)NC2=O)cc1NC(=O)C=C1CC1,Amidation,,
C385264,1,,,,O=C(O)C=C1CC1,Cc1c(N)cccc1N1CCC(=O)NC1=O,Cc1c(NC(=O)C=C2CC2)cccc1N1CCC(=O)NC1=O,Amidation,,
C367715,1,,,,C=CC(Cl)C(=O)O,Cc1ccc(N)c2[nH]cc(C#N)c12,C=CC(Cl)C(=O)Nc1ccc(C)c2c(C#N)c[nH]c12,Amidation,,
C367718,1,,,,O=C(O)CCCF,Cc1ccc(N)c2[nH]cc(C#N)c12,Cc1ccc(NC(=O)CCCF)c2[nH]cc(C#N)c12,Amidation,,
C385270,1,,,,CC(C)(Br)C(=O)O,Cc1ccc(N)cc1N1CCC(=O)NC1=O,Cc1ccc(NC(=O)C(C)(C)Br)cc1N1CCC(=O)NC1=O,Amidation,,
C385271,1,,,,CC1CC1C(=O)O,CCC1NC(=O)N(c2cccc(N)c2)C1=O,CCC1NC(=O)N(c2cccc(NC(=O)C3CC3C)c2)C1=O,Amidation,,
C440024,1,,,,CC(N)CS,Cc1[nH]c2c(C(=O)O)cccc2c1C,Cc1[nH]c2c(C(=O)NC(C)CS)cccc2c1C,Amidation,,
C385274,1,,,,CSC=CC(=O)O,Nc1cc(Br)cc(N2CCC(=O)NC2=O)c1,CSC=CC(=O)Nc1cc(Br)cc(N2CCC(=O)NC2=O)c1,Amidation,,
C385275,1,,,,CSC=CC(=O)O,Nc1ccc(Cl)c(N2CCC(=O)NC2=O)c1,CSC=CC(=O)Nc1ccc(Cl)c(N2CCC(=O)NC2=O)c1,Amidation,,
C385277,1,,,,CSC=CC(=O)O,Cc1ccc(N)cc1N1CCC(=O)NC1=O,CSC=CC(=O)Nc1ccc(C)c(N2CCC(=O)NC2=O)c1,Amidation,,
C385278,1,,,,CSC=CC(=O)O,Nc1cc(N2CCC(=O)NC2=O)ccc1F,CSC=CC(=O)Nc1cc(N2CCC(=O)NC2=O)ccc1F,Amidation,,
C385279,1,,,,CSC=CC(=O)O,Nc1cc(Cl)cc(N2CCC(=O)NC2=O)c1,CSC=CC(=O)Nc1cc(Cl)cc(N2CCC(=O)NC2=O)c1,Amidation,,
C385280,1,,,,CSC=CC(=O)O,Cc1cc(N)cc(N2CCC(=O)NC2=O)c1,CSC=CC(=O)Nc1cc(C)cc(N2CCC(=O)NC2=O)c1,Amidation,,
C385282,1,,,,CSC=CC(=O)O,Cc1c(N)cccc1N1CCC(=O)NC1=O,CSC=CC(=O)Nc1cccc(N2CCC(=O)NC2=O)c1C,Amidation,,
C385283,1,,,,CSC=CC(=O)O,Nc1ccc(F)c(N2CCC(=O)NC2=O)c1,CSC=CC(=O)Nc1ccc(F)c(N2CCC(=O)NC2=O)c1,Amidation,,
C440036,1,,,,CC(N)C#N,Cc1[nH]c2c(C(=O)O)cccc2c1C,Cc1[nH]c2c(C(=O)NC(C)C#N)cccc2c1C,Amidation,,
C385285,1,,,,CSC=CC(=O)O,Cc1c(N)cccc1N1C(=O)NC(C)C1=O,CSC=CC(=O)Nc1cccc(N2C(=O)NC(C)C2=O)c1C,Amidation,,
C385288,1,,,,CSC=CC(=O)O,Cc1c(N)ccc(F)c1N1C(=O)CNC1=O,CSC=CC(=O)Nc1ccc(F)c(N2C(=O)CNC2=O)c1C,Amidation,,
C385290,1,,,,CC(C)(Br)C(=O)O,Cc1c(N)cccc1N1C(=O)CCNC1=O,Cc1c(NC(=O)C(C)(C)Br)cccc1N1C(=O)CCNC1=O,Amidation,,
C440044,1,,,,SC1CNC1,Cc1[nH]c2c(C(=O)O)cccc2c1C,Cc1[nH]c2c(C(=O)N3CC(S)C3)cccc2c1C,Amidation,,
C385293,1,,,,CC(C)(Br)C(=O)O,CCOc1ccc(N2CCNC2=O)cc1N,CCOc1ccc(N2CCNC2=O)cc1NC(=O)C(C)(C)Br,Amidation,,
C385294,1,,,,CC(C)(Br)C(=O)O,Nc1cc(N2CCC(=O)NC2=O)ccc1F,CC(C)(Br)C(=O)Nc1cc(N2CCC(=O)NC2=O)ccc1F,Amidation,,
C385295,1,,,,CC1CC1C(=O)O,Nc1cc(F)cc(N2CCC(=O)NC2=O)c1,CC1CC1C(=O)Nc1cc(F)cc(N2CCC(=O)NC2=O)c1,Amidation,,
C385296,1,,,,O=C(O)C=C1CC1,Nc1cc(F)cc(N2CCC(=O)NC2=O)c1,O=C(C=C1CC1)Nc1cc(F)cc(N2CCC(=O)NC2=O)c1,Amidation,,
C385297,1,,,,O=C(O)C=C1CC1,Cc1c(N)ccc(F)c1N1C(=O)CNC1=O,Cc1c(NC(=O)C=C2CC2)ccc(F)c1N1C(=O)CNC1=O,Amidation,,
C385298,1,,,,COC(C)C(=O)O,Cc1cc(N)cc(N2CCC(=O)NC2=O)c1,COC(C)C(=O)Nc1cc(C)cc(N2CCC(=O)NC2=O)c1,Amidation,,
C385301,1,,,,COC(C)C(=O)O,Nc1ccc(F)c(N2CCC(=O)NC2=O)c1,COC(C)C(=O)Nc1ccc(F)c(N2CCC(=O)NC2=O)c1,Amidation,,
C385304,1,,,,COC(C)C(=O)O,Nc1cc(F)cc(N2CCC(=O)NC2=O)c1,COC(C)C(=O)Nc1cc(F)cc(N2CCC(=O)NC2=O)c1,Amidation,,
C385306,1,,,,COC(C)C(=O)O,Cc1c(N)ccc(F)c1N1C(=O)CNC1=O,COC(C)C(=O)Nc1ccc(F)c(N2C(=O)CNC2=O)c1C,Amidation,,
C385308,1,,,,COC(C)C(=O)O,Nc1cc(Cl)cc(N2CCC(=O)NC2=O)c1,COC(C)C(=O)Nc1cc(Cl)cc(N2CCC(=O)NC2=O)c1,Amidation,,
C385309,1,,,,O=C(O)C=C1CC1,CCC1NC(=O)N(c2cccc(N)c2)C1=O,CCC1NC(=O)N(c2cccc(NC(=O)C=C3CC3)c2)C1=O,Amidation,,
C385310,1,,,,COC(C)C(=O)O,Nc1cc(N2CCC(=O)NC2=O)ccc1F,COC(C)C(=O)Nc1cc(N2CCC(=O)NC2=O)ccc1F,Amidation,,
C440064,1,,,,CC(N)CCl,N#Cc1c[nH]c2c(C(=O)O)cccc12,CC(CCl)NC(=O)c1cccc2c(C#N)c[nH]c12,Amidation,,
C440066,1,,,,C=CC(C)N,Cc1[nH]c2c(C(=O)O)cccc2c1C,C=CC(C)NC(=O)c1cccc2c(C)c(C)[nH]c12,Amidation,,
C367763,1,,,,O=C(O)CS,CNS(=O)(=O)c1c[nH]c2c(N)cccc12,CNS(=O)(=O)c1c[nH]c2c(NC(=O)CS)cccc12,Amidation,,
C440067,1,,,,CC(N)CF,Cc1[nH]c2c(C(=O)O)cccc2c1C,Cc1[nH]c2c(C(=O)NC(C)CF)cccc2c1C,Amidation,,
C440069,1,,,,NCC(Cl)Cl,Cc1[nH]c2c(C(=O)O)cccc2c1C,Cc1[nH]c2c(C(=O)NCC(Cl)Cl)cccc2c1C,Amidation,,
C385317,1,,,,COC(C)C(=O)O,Nc1cc(Br)cc(N2CCC(=O)NC2=O)c1,COC(C)C(=O)Nc1cc(Br)cc(N2CCC(=O)NC2=O)c1,Amidation,,
C385318,1,,,,COC(C)C(=O)O,Nc1ccc(Cl)c(N2CCC(=O)NC2=O)c1,COC(C)C(=O)Nc1ccc(Cl)c(N2CCC(=O)NC2=O)c1,Amidation,,
C367771,1,,,,O=C(O)CO,CNS(=O)(=O)c1c[nH]c2c(N)cccc12,CNS(=O)(=O)c1c[nH]c2c(NC(=O)CO)cccc12,Amidation,,
C385322,1,,,,COC(C)C(=O)O,Cc1ccc(N)cc1N1CCC(=O)NC1=O,COC(C)C(=O)Nc1ccc(C)c(N2CCC(=O)NC2=O)c1,Amidation,,
C385325,1,,,,CC1CC1C(=O)O,Nc1ccc(F)c(N2CCC(=O)NC2=O)c1,CC1CC1C(=O)Nc1ccc(F)c(N2CCC(=O)NC2=O)c1,Amidation,,
C385327,1,,,,CSSCC(=O)O,CCC1NC(=O)N(c2cccc(N)c2)C1=O,CCC1NC(=O)N(c2cccc(NC(=O)CSSC)c2)C1=O,Amidation,,
C385328,1,,,,CSSCC(=O)O,Cc1c(N)ccc(F)c1N1C(=O)CNC1=O,CSSCC(=O)Nc1ccc(F)c(N2C(=O)CNC2=O)c1C,Amidation,,
C367778,1,,,,O=C(O)CCl,CNS(=O)(=O)c1c[nH]c2c(N)cccc12,CNS(=O)(=O)c1c[nH]c2c(NC(=O)CCl)cccc12,Amidation,,
C385330,1,,,,CSSCC(=O)O,Cc1c(N)cccc1N1C(=O)NC(C)C1=O,CSSCC(=O)Nc1cccc(N2C(=O)NC(C)C2=O)c1C,Amidation,,
C385331,1,,,,CC(C)(F)C(=O)O,Cc1c(N)cccc1N1C(=O)CCNC1=O,Cc1c(NC(=O)C(C)(C)F)cccc1N1C(=O)CCNC1=O,Amidation,,
C440082,1,,,,CC(S)CN,N#Cc1c[nH]c2c(C(=O)O)cccc12,CC(S)CNC(=O)c1cccc2c(C#N)c[nH]c12,Amidation,,
C385333,1,,,,CSSCC(=O)O,Cc1c(N)cccc1N1CCC(=O)NC1=O,CSSCC(=O)Nc1cccc(N2CCC(=O)NC2=O)c1C,Amidation,,
C385334,1,,,,CSSCC(=O)O,Cc1c(N)cccc1N1C(=O)CCNC1=O,CSSCC(=O)Nc1cccc(N2C(=O)CCNC2=O)c1C,Amidation,,
C385335,1,,,,CSSCC(=O)O,Nc1cc(Br)cc(N2CCC(=O)NC2=O)c1,CSSCC(=O)Nc1cc(Br)cc(N2CCC(=O)NC2=O)c1,Amidation,,
C367785,1,,,,C#CC(=O)O,CNS(=O)(=O)c1c[nH]c2c(N)cccc12,C#CC(=O)Nc1cccc2c(S(=O)(=O)NC)c[nH]c12,Amidation,,
C385336,1,,,,CSSCC(=O)O,Nc1ccc(Cl)c(N2CCC(=O)NC2=O)c1,CSSCC(=O)Nc1ccc(Cl)c(N2CCC(=O)NC2=O)c1,Amidation,,
C367787,1,,,,CCC(=O)O,CNS(=O)(=O)c1c[nH]c2c(N)cccc12,CCC(=O)Nc1cccc2c(S(=O)(=O)NC)c[nH]c12,Amidation,,
C367788,1,,,,CC(CBr)C(=O)O,Cc1ccc(N)c2[nH]cc(C#N)c12,Cc1ccc(NC(=O)C(C)CBr)c2[nH]cc(C#N)c12,Amidation,,
C385338,1,,,,CSSCC(=O)O,Cc1ccc(N)cc1N1CCC(=O)NC1=O,CSSCC(=O)Nc1ccc(C)c(N2CCC(=O)NC2=O)c1,Amidation,,
C385339,1,,,,CSSCC(=O)O,Nc1cc(N2CCC(=O)NC2=O)ccc1F,CSSCC(=O)Nc1cc(N2CCC(=O)NC2=O)ccc1F,Amidation,,
C385340,1,,,,CSSCC(=O)O,Nc1cc(Cl)cc(N2CCC(=O)NC2=O)c1,CSSCC(=O)Nc1cc(Cl)cc(N2CCC(=O)NC2=O)c1,Amidation,,
C385341,1,,,,CSSCC(=O)O,Cc1cc(N)cc(N2CCC(=O)NC2=O)c1,CSSCC(=O)Nc1cc(C)cc(N2CCC(=O)NC2=O)c1,Amidation,,
C385342,1,,,,CSSCC(=O)O,Cc1ccc(N2CCC(=O)NC2=O)cc1N,CSSCC(=O)Nc1cc(N2CCC(=O)NC2=O)ccc1C,Amidation,,
C385343,1,,,,CSSCC(=O)O,Nc1ccc(F)c(N2CCC(=O)NC2=O)c1,CSSCC(=O)Nc1ccc(F)c(N2CCC(=O)NC2=O)c1,Amidation,,
C385345,1,,,,CC(C)(F)C(=O)O,Nc1cc(Br)cc(N2CCC(=O)NC2=O)c1,CC(C)(F)C(=O)Nc1cc(Br)cc(N2CCC(=O)NC2=O)c1,Amidation,,
C440094,1,,,,CC(C)CN,Cc1[nH]c2c(C(=O)O)cccc2c1C,Cc1[nH]c2c(C(=O)NCC(C)C)cccc2c1C,Amidation,,
C440098,1,,,,C=C(Br)CN,Cc1[nH]c2c(C(=O)O)cccc2c1C,C=C(Br)CNC(=O)c1cccc2c(C)c(C)[nH]c12,Amidation,,
C440106,1,,,,CC(=O)CN,Cc1[nH]c2c(C(=O)O)cccc2c1C,CC(=O)CNC(=O)c1cccc2c(C)c(C)[nH]c12,Amidation,,
C440108,1,,,,CC1(N)CC1,Cc1[nH]c2c(C(=O)O)cccc2c1C,Cc1[nH]c2c(C(=O)NC3(C)CC3)cccc2c1C,Amidation,,
C440109,1,,,,CC(N)CO,Cc1[nH]c2c(C(=O)O)cccc2c1C,Cc1[nH]c2c(C(=O)NC(C)CO)cccc2c1C,Amidation,,
C440111,1,,,,C=CC(C)N,N#Cc1c[nH]c2c(C(=O)O)cccc12,C=CC(C)NC(=O)c1cccc2c(C#N)c[nH]c12,Amidation,,
C385362,1,,,,CC1CC1C(=O)O,Cc1c(N)cccc1N1C(=O)CCNC1=O,Cc1c(NC(=O)C2CC2C)cccc1N1C(=O)CCNC1=O,Amidation,,
C385363,1,,,,CC1CC1C(=O)O,Nc1cc(Br)cc(N2CCC(=O)NC2=O)c1,CC1CC1C(=O)Nc1cc(Br)cc(N2CCC(=O)NC2=O)c1,Amidation,,
C385364,1,,,,CC1CC1C(=O)O,Nc1ccc(Cl)c(N2CCC(=O)NC2=O)c1,CC1CC1C(=O)Nc1ccc(Cl)c(N2CCC(=O)NC2=O)c1,Amidation,,
C440117,1,,,,CC(N)CO,N#Cc1c[nH]c2c(C(=O)O)cccc12,CC(CO)NC(=O)c1cccc2c(C#N)c[nH]c12,Amidation,,
C385366,1,,,,CC1CC1C(=O)O,Cc1ccc(N)cc1N1CCC(=O)NC1=O,Cc1ccc(NC(=O)C2CC2C)cc1N1CCC(=O)NC1=O,Amidation,,
C385367,1,,,,CC1CC1C(=O)O,Nc1cc(N2CCC(=O)NC2=O)ccc1F,CC1CC1C(=O)Nc1cc(N2CCC(=O)NC2=O)ccc1F,Amidation,,
C385368,1,,,,CC1CC1C(=O)O,Nc1cc(Cl)cc(N2CCC(=O)NC2=O)c1,CC1CC1C(=O)Nc1cc(Cl)cc(N2CCC(=O)NC2=O)c1,Amidation,,
C385369,1,,,,CC1CC1C(=O)O,Cc1cc(N)cc(N2CCC(=O)NC2=O)c1,Cc1cc(NC(=O)C2CC2C)cc(N2CCC(=O)NC2=O)c1,Amidation,,
C385370,1,,,,CC1CC1C(=O)O,Cc1ccc(N2CCC(=O)NC2=O)cc1N,Cc1ccc(N2CCC(=O)NC2=O)cc1NC(=O)C1CC1C,Amidation,,
C385371,1,,,,CC1CC1C(=O)O,Cc1c(N)cccc1N1CCC(=O)NC1=O,Cc1c(NC(=O)C2CC2C)cccc1N1CCC(=O)NC1=O,Amidation,,
C440124,1,,,,CC(S)CN,O=Cc1c[nH]c2c(C(=O)O)cccc12,CC(S)CNC(=O)c1cccc2c(C=O)c[nH]c12,Amidation,,
C385373,1,,,,CC(C)(F)C(=O)O,Nc1ccc(Cl)c(N2CCC(=O)NC2=O)c1,CC(C)(F)C(=O)Nc1ccc(Cl)c(N2CCC(=O)NC2=O)c1,Amidation,,
C385375,1,,,,O=C(O)C1=CCC1,Cc1c(N)ccc(F)c1N1C(=O)CNC1=O,Cc1c(NC(=O)C2=CCC2)ccc(F)c1N1C(=O)CNC1=O,Amidation,,
C367825,1,,,,CC(O)C(=O)O,CNS(=O)(=O)c1c[nH]c2c(N)cccc12,CNS(=O)(=O)c1c[nH]c2c(NC(=O)C(C)O)cccc12,Amidation,,
C367826,1,,,,O=C(O)CNO,CCOC(=O)c1cc2cccc(N)c2[nH]1,CCOC(=O)c1cc2cccc(NC(=O)CNO)c2[nH]1,Amidation,,
C385376,1,,,,CC(C)(F)C(=O)O,Cc1ccc(N)cc1N1CCC(=O)NC1=O,Cc1ccc(NC(=O)C(C)(C)F)cc1N1CCC(=O)NC1=O,Amidation,,
C385378,1,,,,CC(C)(F)C(=O)O,Nc1cc(Cl)cc(N2CCC(=O)NC2=O)c1,CC(C)(F)C(=O)Nc1cc(Cl)cc(N2CCC(=O)NC2=O)c1,Amidation,,
C385379,1,,,,CC(C)(F)C(=O)O,Cc1cc(N)cc(N2CCC(=O)NC2=O)c1,Cc1cc(NC(=O)C(C)(C)F)cc(N2CCC(=O)NC2=O)c1,Amidation,,
C385381,1,,,,CC(C)(F)C(=O)O,Cc1c(N)cccc1N1CCC(=O)NC1=O,Cc1c(NC(=O)C(C)(C)F)cccc1N1CCC(=O)NC1=O,Amidation,,
C385382,1,,,,CC(C)(F)C(=O)O,Nc1ccc(F)c(N2CCC(=O)NC2=O)c1,CC(C)(F)C(=O)Nc1ccc(F)c(N2CCC(=O)NC2=O)c1,Amidation,,
C385384,1,,,,CC(C)(F)C(=O)O,Cc1c(N)cccc1N1C(=O)NC(C)C1=O,Cc1c(NC(=O)C(C)(C)F)cccc1N1C(=O)NC(C)C1=O,Amidation,,
C440138,1,,,,CCN(C)N,O=Cc1c[nH]c2c(C(=O)O)cccc12,CCN(C)NC(=O)c1cccc2c(C=O)c[nH]c12,Amidation,,
C367839,1,,,,O=C(O)CCBr,CCOC(=O)c1cc2cccc(N)c2[nH]1,CCOC(=O)c1cc2cccc(NC(=O)CCBr)c2[nH]1,Amidation,,
C367840,1,,,,C=C=CC(=O)O,CNS(=O)(=O)c1c[nH]c2c(N)cccc12,C=C=CC(=O)Nc1cccc2c(S(=O)(=O)NC)c[nH]c12,Amidation,,
C367841,1,,,,O=C(O)CNO,CNS(=O)(=O)c1c[nH]c2c(N)cccc12,CNS(=O)(=O)c1c[nH]c2c(NC(=O)CNO)cccc12,Amidation,,
C367842,1,,,,CC(Br)C(=O)O,CNS(=O)(=O)c1c[nH]c2c(N)cccc12,CNS(=O)(=O)c1c[nH]c2c(NC(=O)C(C)Br)cccc12,Amidation,,
C367847,1,,,,O=C(O)CCF,CNS(=O)(=O)c1c[nH]c2c(N)cccc12,CNS(=O)(=O)c1c[nH]c2c(NC(=O)CCF)cccc12,Amidation,,
C367849,1,,,,O=C(O)CCF,CCOC(=O)c1cc2cccc(N)c2[nH]1,CCOC(=O)c1cc2cccc(NC(=O)CCF)c2[nH]1,Amidation,,
C367853,1,,,,C=C(Br)C(=O)O,CCOC(=O)c1cc2cccc(N)c2[nH]1,C=C(Br)C(=O)Nc1cccc2cc(C(=O)OCC)[nH]c12,Amidation,,
C367854,1,,,,CSCC(=O)O,CNS(=O)(=O)c1c[nH]c2c(N)cccc12,CNS(=O)(=O)c1c[nH]c2c(NC(=O)CSC)cccc12,Amidation,,
C440158,1,,,,NCC=CCl,O=Cc1c[nH]c2c(C(=O)O)cccc12,O=Cc1c[nH]c2c(C(=O)NCC=CCl)cccc12,Amidation,,
C367856,1,,,,CSCC(=O)O,CCOC(=O)c1cc2cccc(N)c2[nH]1,CCOC(=O)c1cc2cccc(NC(=O)CSC)c2[nH]1,Amidation,,
C367857,1,,,,CC(S)C(=O)O,CNS(=O)(=O)c1c[nH]c2c(N)cccc12,CNS(=O)(=O)c1c[nH]c2c(NC(=O)C(C)S)cccc12,Amidation,,
C440163,1,,,,CC(N)CS,O=Cc1c[nH]c2c(C(=O)O)cccc12,CC(CS)NC(=O)c1cccc2c(C=O)c[nH]c12,Amidation,,
C367863,1,,,,O=C(O)CCS,CNS(=O)(=O)c1c[nH]c2c(N)cccc12,CNS(=O)(=O)c1c[nH]c2c(NC(=O)CCS)cccc12,Amidation,,
C367866,1,,,,O=C(O)CCS,CCOC(=O)c1cc2cccc(N)c2[nH]1,CCOC(=O)c1cc2cccc(NC(=O)CCS)c2[nH]1,Amidation,,
C440172,1,,,,NCCCF,O=C(O)c1c(F)c(Cl)cc2cc[nH]c12,O=C(NCCCF)c1c(F)c(Cl)cc2cc[nH]c12,Amidation,,
C440173,1,,,,C=C(Br)CN,O=C(O)c1c(F)c(Cl)cc2cc[nH]c12,C=C(Br)CNC(=O)c1c(F)c(Cl)cc2cc[nH]c12,Amidation,,
C367872,1,,,,O=C(O)CCCl,CNS(=O)(=O)c1c[nH]c2c(N)cccc12,CNS(=O)(=O)c1c[nH]c2c(NC(=O)CCCl)cccc12,Amidation,,
C440177,1,,,,NCCCBr,O=C(O)c1c(F)c(Cl)cc2cc[nH]c12,O=C(NCCCBr)c1c(F)c(Cl)cc2cc[nH]c12,Amidation,,
C440179,1,,,,CC(Cl)CN,O=C(O)c1c(F)c(Cl)cc2cc[nH]c12,CC(Cl)CNC(=O)c1c(F)c(Cl)cc2cc[nH]c12,Amidation,,
C440180,1,,,,CC(C)(C)N,O=C(O)c1c(F)c(Cl)cc2cc[nH]c12,CC(C)(C)NC(=O)c1c(F)c(Cl)cc2cc[nH]c12,Amidation,,
C367877,1,,,,O=C(O)CCCl,CCOC(=O)c1cc2cccc(N)c2[nH]1,CCOC(=O)c1cc2cccc(NC(=O)CCCl)c2[nH]1,Amidation,,
C440183,1,,,,NN1CCC1,O=C(O)c1c(F)c(Cl)cc2cc[nH]c12,O=C(NN1CCC1)c1c(F)c(Cl)cc2cc[nH]c12,Amidation,,
C367880,1,,,,CCCC(=O)O,CNS(=O)(=O)c1c[nH]c2c(N)cccc12,CCCC(=O)Nc1cccc2c(S(=O)(=O)NC)c[nH]c12,Amidation,,
C440185,1,,,,CCC(C)N,O=C(O)c1c(F)c(Cl)cc2cc[nH]c12,CCC(C)NC(=O)c1c(F)c(Cl)cc2cc[nH]c12,Amidation,,
C440187,1,,,,NC1CSC1,O=C(O)c1c(F)c(Cl)cc2cc[nH]c12,O=C(NC1CSC1)c1c(F)c(Cl)cc2cc[nH]c12,Amidation,,
C367884,1,,,,CC(Cl)C(=O)O,CNS(=O)(=O)c1c[nH]c2c(N)cccc12,CNS(=O)(=O)c1c[nH]c2c(NC(=O)C(C)Cl)cccc12,Amidation,,
C440189,1,,,,NCC=CCl,O=C(O)c1c(F)c(Cl)cc2cc[nH]c12,O=C(NCC=CCl)c1c(F)c(Cl)cc2cc[nH]c12,Amidation,,
C367890,1,,,,O=C(O)CCI,CCOC(=O)c1cc2cccc(N)c2[nH]1,CCOC(=O)c1cc2cccc(NC(=O)CCI)c2[nH]1,Amidation,,
C367891,1,,,,CC=CC(=O)O,CCOC(=O)c1cc2cccc(N)c2[nH]1,CC=CC(=O)Nc1cccc2cc(C(=O)OCC)[nH]c12,Amidation,,
C440194,1,,,,CC(N)C#N,O=C(O)c1c(F)c(Cl)cc2cc[nH]c12,CC(C#N)NC(=O)c1c(F)c(Cl)cc2cc[nH]c12,Amidation,,
C440195,1,,,,CC1CC1N,O=C(O)c1c(F)c(Cl)cc2cc[nH]c12,CC1CC1NC(=O)c1c(F)c(Cl)cc2cc[nH]c12,Amidation,,
C440198,1,,,,CC(N)CO,O=C(O)c1c(F)c(Cl)cc2cc[nH]c12,CC(CO)NC(=O)c1c(F)c(Cl)cc2cc[nH]c12,Amidation,,
C440199,1,,,,CC1(N)CC1,O=C(O)c1c(F)c(Cl)cc2cc[nH]c12,CC1(NC(=O)c2c(F)c(Cl)cc3cc[nH]c23)CC1,Amidation,,
C367897,1,,,,NOCC(=O)O,CCOC(=O)c1cc2cccc(N)c2[nH]1,CCOC(=O)c1cc2cccc(NC(=O)CON)c2[nH]1,Amidation,,
C440204,1,,,,C=CC(C)N,O=C(O)c1c(F)c(Cl)cc2cc[nH]c12,C=CC(C)NC(=O)c1c(F)c(Cl)cc2cc[nH]c12,Amidation,,
C440207,1,,,,CC(N)CCl,O=C(O)c1c(F)c(Cl)cc2cc[nH]c12,CC(CCl)NC(=O)c1c(F)c(Cl)cc2cc[nH]c12,Amidation,,
C367910,1,,,,C=C=CC(=O)O,CCOC(=O)c1cc2cccc(N)c2[nH]1,C=C=CC(=O)Nc1cccc2cc(C(=O)OCC)[nH]c12,Amidation,,
C367914,1,,,,O=C(O)CCI,CNS(=O)(=O)c1c[nH]c2c(N)cccc12,CNS(=O)(=O)c1c[nH]c2c(NC(=O)CCI)cccc12,Amidation,,
C367917,1,,,,N#CCC(=O)O,CCOC(=O)c1cc2cccc(N)c2[nH]1,CCOC(=O)c1cc2cccc(NC(=O)CC#N)c2[nH]1,Amidation,,
C440223,1,,,,C=C(Cl)CN,O=Cc1c[nH]c2c(C(=O)O)cccc12,C=C(Cl)CNC(=O)c1cccc2c(C=O)c[nH]c12,Amidation,,
C367921,1,,,,N#CCC(=O)O,CNS(=O)(=O)c1c[nH]c2c(N)cccc12,CNS(=O)(=O)c1c[nH]c2c(NC(=O)CC#N)cccc12,Amidation,,
C440229,1,,,,CCN(C)N,N#Cc1c[nH]c2c(C(=O)O)cccc12,CCN(C)NC(=O)c1cccc2c(C#N)c[nH]c12,Amidation,,
C367926,1,,,,COCC(=O)O,CNS(=O)(=O)c1c[nH]c2c(N)cccc12,CNS(=O)(=O)c1c[nH]c2c(NC(=O)COC)cccc12,Amidation,,
C367928,1,,,,C=CCC(=O)O,CCOC(=O)c1cc2cccc(N)c2[nH]1,C=CCC(=O)Nc1cccc2cc(C(=O)OCC)[nH]c12,Amidation,,
C367930,1,,,,COCC(=O)O,CCOC(=O)c1cc2cccc(N)c2[nH]1,CCOC(=O)c1cc2cccc(NC(=O)COC)c2[nH]1,Amidation,,
C440234,1,,,,CSCCN,O=Cc1c[nH]c2c(C(=O)O)cccc12,CSCCNC(=O)c1cccc2c(C=O)c[nH]c12,Amidation,,
C367932,1,,,,O=C(O)C#CBr,CNS(=O)(=O)c1c[nH]c2c(N)cccc12,CNS(=O)(=O)c1c[nH]c2c(NC(=O)C#CBr)cccc12,Amidation,,
C440237,1,,,,CC(N)C#N,O=Cc1c[nH]c2c(C(=O)O)cccc12,CC(C#N)NC(=O)c1cccc2c(C=O)c[nH]c12,Amidation,,
C367936,1,,,,C=C(Cl)C(=O)O,CNS(=O)(=O)c1c[nH]c2c(N)cccc12,C=C(Cl)C(=O)Nc1cccc2c(S(=O)(=O)NC)c[nH]c12,Amidation,,
C367938,1,,,,CCC(O)C(=O)O,CNS(=O)(=O)c1c[nH]c2c(N)cccc12,CCC(O)C(=O)Nc1cccc2c(S(=O)(=O)NC)c[nH]c12,Amidation,,
C367939,1,,,,CCC(O)C(=O)O,CCOC(=O)c1cc2cccc(N)c2[nH]1,CCOC(=O)c1cc2cccc(NC(=O)C(O)CC)c2[nH]1,Amidation,,
C367942,1,,,,CC(C)CC(=O)O,CCOC(=O)c1cc2cccc(N)c2[nH]1,CCOC(=O)c1cc2cccc(NC(=O)CC(C)C)c2[nH]1,Amidation,,
C367944,1,,,,C=CC(Cl)C(=O)O,CNS(=O)(=O)c1c[nH]c2c(N)cccc12,C=CC(Cl)C(=O)Nc1cccc2c(S(=O)(=O)NC)c[nH]c12,Amidation,,
C440249,1,,,,C#CC(C)N,O=Cc1c[nH]c2c(C(=O)O)cccc12,C#CC(C)NC(=O)c1cccc2c(C=O)c[nH]c12,Amidation,,
C367946,1,,,,C=CC(Cl)C(=O)O,CCOC(=O)c1cc2cccc(N)c2[nH]1,C=CC(Cl)C(=O)Nc1cccc2cc(C(=O)OCC)[nH]c12,Amidation,,
C367947,1,,,,CC(C)CC(=O)O,CNS(=O)(=O)c1c[nH]c2c(N)cccc12,CNS(=O)(=O)c1c[nH]c2c(NC(=O)CC(C)C)cccc12,Amidation,,
C440254,1,,,,CC(N)CCl,O=Cc1c[nH]c2c(C(=O)O)cccc12,CC(CCl)NC(=O)c1cccc2c(C=O)c[nH]c12,Amidation,,
C367951,1,,,,O=C(O)CCCF,CNS(=O)(=O)c1c[nH]c2c(N)cccc12,CNS(=O)(=O)c1c[nH]c2c(NC(=O)CCCF)cccc12,Amidation,,
C367954,1,,,,CCC(Cl)C(=O)O,CNS(=O)(=O)c1c[nH]c2c(N)cccc12,CCC(Cl)C(=O)Nc1cccc2c(S(=O)(=O)NC)c[nH]c12,Amidation,,
C367958,1,,,,CC(Cl)=CC(=O)O,CNS(=O)(=O)c1c[nH]c2c(N)cccc12,CNS(=O)(=O)c1c[nH]c2c(NC(=O)C=C(C)Cl)cccc12,Amidation,,
C367959,1,,,,O=C(O)C1CCC1,CCOC(=O)c1cc2cccc(N)c2[nH]1,CCOC(=O)c1cc2cccc(NC(=O)C3CCC3)c2[nH]1,Amidation,,
C367965,1,,,,O=C(O)C(O)CBr,CNS(=O)(=O)c1c[nH]c2c(N)cccc12,CNS(=O)(=O)c1c[nH]c2c(NC(=O)C(O)CBr)cccc12,Amidation,,
C367967,1,,,,O=C(O)C(O)CBr,CCOC(=O)c1cc2cccc(N)c2[nH]1,CCOC(=O)c1cc2cccc(NC(=O)C(O)CBr)c2[nH]1,Amidation,,
C367975,1,,,,CCC(Cl)C(=O)O,CCOC(=O)c1cc2cccc(N)c2[nH]1,CCOC(=O)c1cc2cccc(NC(=O)C(Cl)CC)c2[nH]1,Amidation,,
C367979,1,,,,CC1CC1C(=O)O,CCOC(=O)c1cc2cccc(N)c2[nH]1,CCOC(=O)c1cc2cccc(NC(=O)C3CC3C)c2[nH]1,Amidation,,
C367981,1,,,,CC1CC1C(=O)O,CNS(=O)(=O)c1c[nH]c2c(N)cccc12,CNS(=O)(=O)c1c[nH]c2c(NC(=O)C3CC3C)cccc12,Amidation,,
C440286,1,,,,C#CC(C)N,Cc1ccc(C(=O)O)c2[nH]cc(C#N)c12,C#CC(C)NC(=O)c1ccc(C)c2c(C#N)c[nH]c12,Amidation,,
C440289,1,,,,CC(N)CCl,Cc1ccc(C(=O)O)c2[nH]cc(C#N)c12,Cc1ccc(C(=O)NC(C)CCl)c2[nH]cc(C#N)c12,Amidation,,
C440295,1,,,,CC(N)C#N,Cc1ccc(C(=O)O)c2[nH]cc(C#N)c12,Cc1ccc(C(=O)NC(C)C#N)c2[nH]cc(C#N)c12,Amidation,,
C367994,1,,,,CC(C)(F)C(=O)O,CNS(=O)(=O)c1c[nH]c2c(N)cccc12,CNS(=O)(=O)c1c[nH]c2c(NC(=O)C(C)(C)F)cccc12,Amidation,,
C367999,1,,,,CSSCC(=O)O,CNS(=O)(=O)c1c[nH]c2c(N)cccc12,CNS(=O)(=O)c1c[nH]c2c(NC(=O)CSSC)cccc12,Amidation,,
C368000,1,,,,CSSCC(=O)O,CCOC(=O)c1cc2cccc(N)c2[nH]1,CCOC(=O)c1cc2cccc(NC(=O)CSSC)c2[nH]1,Amidation,,
C440309,1,,,,NCCCCl,Cc1ccc(C(=O)O)c2[nH]cc(C#N)c12,Cc1ccc(C(=O)NCCCCl)c2[nH]cc(C#N)c12,Amidation,,
C440315,1,,,,NCCS,O=C(O)c1cccc2c3c([nH]c12)CCCC3,O=C(NCCS)c1cccc2c3c([nH]c12)CCCC3,Amidation,,
C368012,1,,,,O=C(O)CC1CC1,CCOC(=O)c1cc2cccc(N)c2[nH]1,CCOC(=O)c1cc2cccc(NC(=O)CC3CC3)c2[nH]1,Amidation,,
C440317,1,,,,CCCCN,Cc1[nH]c2c(C(=O)O)ccc(Br)c2c1C,CCCCNC(=O)c1ccc(Br)c2c(C)c(C)[nH]c12,Amidation,,
C368015,1,,,,O=C(O)CC1CC1,CNS(=O)(=O)c1c[nH]c2c(N)cccc12,CNS(=O)(=O)c1c[nH]c2c(NC(=O)CC3CC3)cccc12,Amidation,,
C440321,1,,,,C=C(F)CN,Cc1[nH]c2c(C(=O)O)ccc(Br)c2c1C,C=C(F)CNC(=O)c1ccc(Br)c2c(C)c(C)[nH]c12,Amidation,,
C368019,1,,,,COC(C)C(=O)O,CNS(=O)(=O)c1c[nH]c2c(N)cccc12,CNS(=O)(=O)c1c[nH]c2c(NC(=O)C(C)OC)cccc12,Amidation,,
C368020,1,,,,CC(C)(Br)C(=O)O,CNS(=O)(=O)c1c[nH]c2c(N)cccc12,CNS(=O)(=O)c1c[nH]c2c(NC(=O)C(C)(C)Br)cccc12,Amidation,,
C440325,1,,,,NCCNO,Cc1[nH]c2c(C(=O)O)ccc(Br)c2c1C,Cc1[nH]c2c(C(=O)NCCNO)ccc(Br)c2c1C,Amidation,,
C368023,1,,,,CC(C)(Br)C(=O)O,CCOC(=O)c1cc2cccc(N)c2[nH]1,CCOC(=O)c1cc2cccc(NC(=O)C(C)(C)Br)c2[nH]1,Amidation,,
C368025,1,,,,O=C(O)C=C1CC1,CNS(=O)(=O)c1c[nH]c2c(N)cccc12,CNS(=O)(=O)c1c[nH]c2c(NC(=O)C=C3CC3)cccc12,Amidation,,
C368026,1,,,,CSC=CC(=O)O,CCOC(=O)c1cc2cccc(N)c2[nH]1,CCOC(=O)c1cc2cccc(NC(=O)C=CSC)c2[nH]1,Amidation,,
C440331,1,,,,CCN(C)N,Cc1[nH]c2c(C(=O)O)ccc(Br)c2c1C,CCN(C)NC(=O)c1ccc(Br)c2c(C)c(C)[nH]c12,Amidation,,
C440335,1,,,,NCCBr,O=C(O)c1cccc2c3c([nH]c12)CCCC3,O=C(NCCBr)c1cccc2c3c([nH]c12)CCCC3,Amidation,,
C368035,1,,,,CC(CBr)C(=O)O,CCOC(=O)c1cc2cccc(N)c2[nH]1,CCOC(=O)c1cc2cccc(NC(=O)C(C)CBr)c2[nH]1,Amidation,,
C368037,1,,,,CC(CBr)C(=O)O,CNS(=O)(=O)c1c[nH]c2c(N)cccc12,CNS(=O)(=O)c1c[nH]c2c(NC(=O)C(C)CBr)cccc12,Amidation,,
C440345,1,,,,N#CN,CC1CCc2[nH]c3c(C(=O)O)cccc3c2C1,CC1CCc2[nH]c3c(C(=O)NC#N)cccc3c2C1,Amidation,,
C440346,1,,,,N#CN,O=C(O)c1cccc2c3c([nH]c12)CCCCC3,N#CNC(=O)c1cccc2c3c([nH]c12)CCCCC3,Amidation,,
C440347,1,,,,NCCF,O=C(O)c1cccc2c3c([nH]c12)CCCC3,O=C(NCCF)c1cccc2c3c([nH]c12)CCCC3,Amidation,,
C368045,1,,,,CC1(C(=O)O)CC1,CCOC(=O)c1cc2cccc(N)c2[nH]1,CCOC(=O)c1cc2cccc(NC(=O)C3(C)CC3)c2[nH]1,Amidation,,
C440350,1,,,,CC(C)N,O=C(O)c1cccc2c3c([nH]c12)CCCC3,CC(C)NC(=O)c1cccc2c3c([nH]c12)CCCC3,Amidation,,
C368047,1,,,,CC1(C(=O)O)CC1,CNS(=O)(=O)c1c[nH]c2c(N)cccc12,CNS(=O)(=O)c1c[nH]c2c(NC(=O)C3(C)CC3)cccc12,Amidation,,
C440351,1,,,,NCCCl,O=C(O)c1cccc2c3c([nH]c12)CCCC3,O=C(NCCCl)c1cccc2c3c([nH]c12)CCCC3,Amidation,,
C440352,1,,,,CCCN,O=C(O)c1cccc2c3c([nH]c12)CCCC3,CCCNC(=O)c1cccc2c3c([nH]c12)CCCC3,Amidation,,
C368050,1,,,,CC=C(F)C(=O)O,CNS(=O)(=O)c1c[nH]c2c(N)cccc12,CC=C(F)C(=O)Nc1cccc2c(S(=O)(=O)NC)c[nH]c12,Amidation,,
C440353,1,,,,C#CCN,O=C(O)c1cccc2c3c([nH]c12)CCCC3,C#CCNC(=O)c1cccc2c3c([nH]c12)CCCC3,Amidation,,
C368052,1,,,,CC=C(F)C(=O)O,CCOC(=O)c1cc2cccc(N)c2[nH]1,CC=C(F)C(=O)Nc1cccc2cc(C(=O)OCC)[nH]c12,Amidation,,
C440354,1,,,,N#CCN,O=C(O)c1cccc2c3c([nH]c12)CCCC3,N#CCNC(=O)c1cccc2c3c([nH]c12)CCCC3,Amidation,,
C440357,1,,,,NCCI,O=C(O)c1cccc2c3c([nH]c12)CCCC3,O=C(NCCI)c1cccc2c3c([nH]c12)CCCC3,Amidation,,
C368055,1,,,,COC(=O)C(=O)O,CNS(=O)(=O)c1c[nH]c2c(N)cccc12,CNS(=O)(=O)c1c[nH]c2c(NC(=O)C(=O)OC)cccc12,Amidation,,
C440359,1,,,,NC1CC1,O=C(O)c1cccc2c3c([nH]c12)CCCC3,O=C(NC1CC1)c1cccc2c3c([nH]c12)CCCC3,Amidation,,
C368058,1,,,,O=C(O)C(F)(F)F,CNS(=O)(=O)c1c[nH]c2c(N)cccc12,CNS(=O)(=O)c1c[nH]c2c(NC(=O)C(F)(F)F)cccc12,Amidation,,
C368059,1,,,,CCC(F)C(=O)O,CNS(=O)(=O)c1c[nH]c2c(N)cccc12,CCC(F)C(=O)Nc1cccc2c(S(=O)(=O)NC)c[nH]c12,Amidation,,
C368060,1,,,,CCC(F)C(=O)O,CCOC(=O)c1cc2cccc(N)c2[nH]1,CCOC(=O)c1cc2cccc(NC(=O)C(F)CC)c2[nH]1,Amidation,,
C368063,1,,,,C#CCCC(=O)O,CNS(=O)(=O)c1c[nH]c2c(N)cccc12,C#CCCC(=O)Nc1cccc2c(S(=O)(=O)NC)c[nH]c12,Amidation,,
C440372,1,,,,NCCCI,Cc1ccc(C(=O)O)c2[nH]cc(C#N)c12,Cc1ccc(C(=O)NCCCI)c2[nH]cc(C#N)c12,Amidation,,
C368069,1,,,,CC(ON)C(=O)O,CCOC(=O)c1cc2cccc(N)c2[nH]1,CCOC(=O)c1cc2cccc(NC(=O)C(C)ON)c2[nH]1,Amidation,,
C440373,1,,,,CCN(C)N,Cc1ccc(C(=O)O)c2[nH]cc(C#N)c12,CCN(C)NC(=O)c1ccc(C)c2c(C#N)c[nH]c12,Amidation,,
C368071,1,,,,CC(C)(Cl)C(=O)O,CNS(=O)(=O)c1c[nH]c2c(N)cccc12,CNS(=O)(=O)c1c[nH]c2c(NC(=O)C(C)(C)Cl)cccc12,Amidation,,
C368073,1,,,,CC(C)(Cl)C(=O)O,CCOC(=O)c1cc2cccc(N)c2[nH]1,CCOC(=O)c1cc2cccc(NC(=O)C(C)(C)Cl)c2[nH]1,Amidation,,
C368074,1,,,,CC(ON)C(=O)O,CNS(=O)(=O)c1c[nH]c2c(N)cccc12,CNS(=O)(=O)c1c[nH]c2c(NC(=O)C(C)ON)cccc12,Amidation,,
C368075,1,,,,C=C(CO)C(=O)O,CCOC(=O)c1cc2cccc(N)c2[nH]1,C=C(CO)C(=O)Nc1cccc2cc(C(=O)OCC)[nH]c12,Amidation,,
C440379,1,,,,CC(N)C#N,Cc1[nH]c2c(C(=O)O)ccc(Br)c2c1C,Cc1[nH]c2c(C(=O)NC(C)C#N)ccc(Br)c2c1C,Amidation,,
C368077,1,,,,CC(F)(F)C(=O)O,CNS(=O)(=O)c1c[nH]c2c(N)cccc12,CNS(=O)(=O)c1c[nH]c2c(NC(=O)C(C)(F)F)cccc12,Amidation,,
C440381,1,,,,OC1CNC1,Cc1[nH]c2c(C(=O)O)ccc(Br)c2c1C,Cc1[nH]c2c(C(=O)N3CC(O)C3)ccc(Br)c2c1C,Amidation,,
C440383,1,,,,CC(N)CO,Cc1[nH]c2c(C(=O)O)ccc(Br)c2c1C,Cc1[nH]c2c(C(=O)NC(C)CO)ccc(Br)c2c1C,Amidation,,
C368082,1,,,,CC(F)(F)C(=O)O,CCOC(=O)c1cc2cccc(N)c2[nH]1,CCOC(=O)c1cc2cccc(NC(=O)C(C)(F)F)c2[nH]1,Amidation,,
C440386,1,,,,NCC1CC1,Cc1[nH]c2c(C(=O)O)ccc(Br)c2c1C,Cc1[nH]c2c(C(=O)NCC3CC3)ccc(Br)c2c1C,Amidation,,
C440389,1,,,,NCCNO,Cc1ccc(C(=O)O)c2[nH]cc(C#N)c12,Cc1ccc(C(=O)NCCNO)c2[nH]cc(C#N)c12,Amidation,,
C440392,1,,,,CC(N)CS,Cc1ccc(C(=O)O)c2[nH]cc(C#N)c12,Cc1ccc(C(=O)NC(C)CS)c2[nH]cc(C#N)c12,Amidation,,
C440401,1,,,,CC(S)CN,Cc1ccc(C(=O)O)c2[nH]cc(C#N)c12,Cc1ccc(C(=O)NCC(C)S)c2[nH]cc(C#N)c12,Amidation,,
C440411,1,,,,C=C(Cl)CN,Cc1[nH]c2c(C(=O)O)ccc(Br)c2c1C,C=C(Cl)CNC(=O)c1ccc(Br)c2c(C)c(C)[nH]c12,Amidation,,
C440412,1,,,,C=CCCN,Cc1[nH]c2c(C(=O)O)ccc(Br)c2c1C,C=CCCNC(=O)c1ccc(Br)c2c(C)c(C)[nH]c12,Amidation,,
C440415,1,,,,NN1CCC1,Cc1[nH]c2c(C(=O)O)ccc(Br)c2c1C,Cc1[nH]c2c(C(=O)NN3CCC3)ccc(Br)c2c1C,Amidation,,
C440417,1,,,,CCC(C)N,Cc1[nH]c2c(C(=O)O)ccc(Br)c2c1C,CCC(C)NC(=O)c1ccc(Br)c2c(C)c(C)[nH]c12,Amidation,,
C440419,1,,,,NC1CSC1,Cc1[nH]c2c(C(=O)O)ccc(Br)c2c1C,Cc1[nH]c2c(C(=O)NC3CSC3)ccc(Br)c2c1C,Amidation,,
C440420,1,,,,CC(C)(C)N,Cc1[nH]c2c(C(=O)O)ccc(Br)c2c1C,Cc1[nH]c2c(C(=O)NC(C)(C)C)ccc(Br)c2c1C,Amidation,,
C440426,1,,,,CC(N)CS,Cc1[nH]c2c(C(=O)O)ccc(Br)c2c1C,Cc1[nH]c2c(C(=O)NC(C)CS)ccc(Br)c2c1C,Amidation,,
C440430,1,,,,NCC=CCl,Cc1[nH]c2c(C(=O)O)ccc(Br)c2c1C,Cc1[nH]c2c(C(=O)NCC=CCl)ccc(Br)c2c1C,Amidation,,
C440431,1,,,,NCCCBr,Cc1[nH]c2c(C(=O)O)ccc(Br)c2c1C,Cc1[nH]c2c(C(=O)NCCCBr)ccc(Br)c2c1C,Amidation,,
C440433,1,,,,CC(O)CN,Cc1[nH]c2c(C(=O)O)ccc(Br)c2c1C,Cc1[nH]c2c(C(=O)NCC(C)O)ccc(Br)c2c1C,Amidation,,
C440434,1,,,,CC(N)CCl,Cc1[nH]c2c(C(=O)O)ccc(Br)c2c1C,Cc1[nH]c2c(C(=O)NC(C)CCl)ccc(Br)c2c1C,Amidation,,
C440444,1,,,,CC(Cl)CN,Cc1[nH]c2c(C(=O)O)ccc(Br)c2c1C,Cc1[nH]c2c(C(=O)NCC(C)Cl)ccc(Br)c2c1C,Amidation,,
C440445,1,,,,CC(N)CF,Cc1[nH]c2c(C(=O)O)ccc(Br)c2c1C,Cc1[nH]c2c(C(=O)NC(C)CF)ccc(Br)c2c1C,Amidation,,
C440448,1,,,,C=C(Br)CN,Cc1[nH]c2c(C(=O)O)ccc(Br)c2c1C,C=C(Br)CNC(=O)c1ccc(Br)c2c(C)c(C)[nH]c12,Amidation,,
C440449,1,,,,CC1CCN1,Cc1[nH]c2c(C(=O)O)ccc(Br)c2c1C,Cc1[nH]c2c(C(=O)N3CCC3C)ccc(Br)c2c1C,Amidation,,
C440452,1,,,,C=CC(C)N,Cc1[nH]c2c(C(=O)O)ccc(Br)c2c1C,C=CC(C)NC(=O)c1ccc(Br)c2c(C)c(C)[nH]c12,Amidation,,
C440471,1,,,,NN1CCC1,Cn1cc(C=O)c2cccc(C(=O)O)c21,Cn1cc(C=O)c2cccc(C(=O)NN3CCC3)c21,Amidation,,
C440487,1,,,,CC(N)CCl,Cn1cc(C=O)c2cccc(C(=O)O)c21,CC(CCl)NC(=O)c1cccc2c(C=O)cn(C)c12,Amidation,,
C440495,1,,,,NCCNO,Cn1cc(C=O)c2cccc(C(=O)O)c21,Cn1cc(C=O)c2cccc(C(=O)NCCNO)c21,Amidation,,
C440502,1,,,,CCN(C)N,Cn1cc(C=O)c2cccc(C(=O)O)c21,CCN(C)NC(=O)c1cccc2c(C=O)cn(C)c12,Amidation,,
C440507,1,,,,NCC1CC1,CCc1cc2cc(Cl)cc(C(=O)O)c2[nH]1,CCc1cc2cc(Cl)cc(C(=O)NCC3CC3)c2[nH]1,Amidation,,
C440509,1,,,,CC(N)C#N,CCc1cc2cc(Cl)cc(C(=O)O)c2[nH]1,CCc1cc2cc(Cl)cc(C(=O)NC(C)C#N)c2[nH]1,Amidation,,
C440521,1,,,,CC(N)CS,Cn1cc(C=O)c2cccc(C(=O)O)c21,CC(CS)NC(=O)c1cccc2c(C=O)cn(C)c12,Amidation,,
C440530,1,,,,CC(S)CN,Cn1cc(C=O)c2cccc(C(=O)O)c21,CC(S)CNC(=O)c1cccc2c(C=O)cn(C)c12,Amidation,,
C440533,1,,,,CC1CC1N,CCc1cc2cc(Cl)cc(C(=O)O)c2[nH]1,CCc1cc2cc(Cl)cc(C(=O)NC3CC3C)c2[nH]1,Amidation,,
C440536,1,,,,C#CC(C)N,O=C(O)c1cccc2c3c([nH]c12)CCC3,C#CC(C)NC(=O)c1cccc2c3c([nH]c12)CCC3,Amidation,,
C440544,1,,,,CC(Cl)CN,O=C(O)c1cccc2c3c([nH]c12)CCC3,CC(Cl)CNC(=O)c1cccc2c3c([nH]c12)CCC3,Amidation,,
C440545,1,,,,CC(N)CF,O=C(O)c1cccc2c3c([nH]c12)CCC3,CC(CF)NC(=O)c1cccc2c3c([nH]c12)CCC3,Amidation,,
C440546,1,,,,FC1CNC1,O=C(O)c1cccc2c3c([nH]c12)CCC3,O=C(c1cccc2c3c([nH]c12)CCC3)N1CC(F)C1,Amidation,,
C440549,1,,,,CC1CCN1,O=C(O)c1cccc2c3c([nH]c12)CCC3,CC1CCN1C(=O)c1cccc2c3c([nH]c12)CCC3,Amidation,,
C440558,1,,,,CSCCN,O=C(O)c1cccc2c3c([nH]c12)CCC3,CSCCNC(=O)c1cccc2c3c([nH]c12)CCC3,Amidation,,
C440561,1,,,,CC(N)C#N,O=C(O)c1cccc2c3c([nH]c12)CCC3,CC(C#N)NC(=O)c1cccc2c3c([nH]c12)CCC3,Amidation,,
C440562,1,,,,CC1CC1N,O=C(O)c1cccc2c3c([nH]c12)CCC3,CC1CC1NC(=O)c1cccc2c3c([nH]c12)CCC3,Amidation,,
C440565,1,,,,CC1(N)CC1,O=C(O)c1cccc2c3c([nH]c12)CCC3,CC1(NC(=O)c2cccc3c4c([nH]c23)CCC4)CC1,Amidation,,
C440567,1,,,,CC(=O)CN,O=C(O)c1cccc2c3c([nH]c12)CCC3,CC(=O)CNC(=O)c1cccc2c3c([nH]c12)CCC3,Amidation,,
C440570,1,,,,C=CC(C)N,O=C(O)c1cccc2c3c([nH]c12)CCC3,C=CC(C)NC(=O)c1cccc2c3c([nH]c12)CCC3,Amidation,,
C440571,1,,,,C=C(Cl)CN,O=C(O)c1cccc2c3c([nH]c12)CCC3,C=C(Cl)CNC(=O)c1cccc2c3c([nH]c12)CCC3,Amidation,,
C440572,1,,,,CC(N)CCl,O=C(O)c1cccc2c3c([nH]c12)CCC3,CC(CCl)NC(=O)c1cccc2c3c([nH]c12)CCC3,Amidation,,
C440573,1,,,,CC(C)(C)N,O=C(O)c1cccc2c3c([nH]c12)CCC3,CC(C)(C)NC(=O)c1cccc2c3c([nH]c12)CCC3,Amidation,,
C440575,1,,,,NCCCO,O=C(O)c1cccc2c3c([nH]c12)CCC3,O=C(NCCCO)c1cccc2c3c([nH]c12)CCC3,Amidation,,
C440577,1,,,,CC(Br)CN,O=C(O)c1cccc2c3c([nH]c12)CCC3,CC(Br)CNC(=O)c1cccc2c3c([nH]c12)CCC3,Amidation,,
C440578,1,,,,C=C(F)CN,O=C(O)c1cccc2c3c([nH]c12)CCC3,C=C(F)CNC(=O)c1cccc2c3c([nH]c12)CCC3,Amidation,,
C440579,1,,,,SC1CNC1,O=C(O)c1cccc2c3c([nH]c12)CCC3,O=C(c1cccc2c3c([nH]c12)CCC3)N1CC(S)C1,Amidation,,
C440583,1,,,,NCC#CBr,O=C(O)c1cccc2c3c([nH]c12)CCC3,O=C(NCC#CBr)c1cccc2c3c([nH]c12)CCC3,Amidation,,
C440586,1,,,,COCCN,O=C(O)c1cccc2c3c([nH]c12)CCC3,COCCNC(=O)c1cccc2c3c([nH]c12)CCC3,Amidation,,
C440589,1,,,,CCN(C)N,O=C(O)c1cccc2c3c([nH]c12)CCC3,CCN(C)NC(=O)c1cccc2c3c([nH]c12)CCC3,Amidation,,
C440592,1,,,,CC(S)CN,O=C(O)c1cccc2c3c([nH]c12)CCC3,CC(S)CNC(=O)c1cccc2c3c([nH]c12)CCC3,Amidation,,
C440593,1,,,,CCCCN,O=C(O)c1cccc2c3c([nH]c12)CCC3,CCCCNC(=O)c1cccc2c3c([nH]c12)CCC3,Amidation,,
C440597,1,,,,NN1CCC1,O=C(O)c1cccc2c3c([nH]c12)CCC3,O=C(NN1CCC1)c1cccc2c3c([nH]c12)CCC3,Amidation,,
C440599,1,,,,CCC(C)N,O=C(O)c1cccc2c3c([nH]c12)CCC3,CCC(C)NC(=O)c1cccc2c3c([nH]c12)CCC3,Amidation,,
C440601,1,,,,NC1CSC1,O=C(O)c1cccc2c3c([nH]c12)CCC3,O=C(NC1CSC1)c1cccc2c3c([nH]c12)CCC3,Amidation,,
C440608,1,,,,CC(N)CS,O=C(O)c1cccc2c3c([nH]c12)CCC3,CC(CS)NC(=O)c1cccc2c3c([nH]c12)CCC3,Amidation,,
C440616,1,,,,CC(N)CO,O=C(O)c1cccc2c3c([nH]c12)CCC3,CC(CO)NC(=O)c1cccc2c3c([nH]c12)CCC3,Amidation,,
C440617,1,,,,CC(N)CO,CCc1cc2cc(Cl)cc(C(=O)O)c2[nH]1,CCc1cc2cc(Cl)cc(C(=O)NC(C)CO)c2[nH]1,Amidation,,
C440633,1,,,,CC(N)CCl,COc1ccc2ccn(C)c2c1C(=O)O,COc1ccc2ccn(C)c2c1C(=O)NC(C)CCl,Amidation,,
C440642,1,,,,NCC(Cl)Cl,COc1ccc2ccn(C)c2c1C(=O)O,COc1ccc2ccn(C)c2c1C(=O)NCC(Cl)Cl,Amidation,,
C440669,1,,,,CC(N)CS,COc1ccc2ccn(C)c2c1C(=O)O,COc1ccc2ccn(C)c2c1C(=O)NC(C)CS,Amidation,,
C440678,1,,,,CC(S)CN,COc1ccc2ccn(C)c2c1C(=O)O,COc1ccc2ccn(C)c2c1C(=O)NCC(C)S,Amidation,,
C440688,1,,,,CC1CCN1,CCc1cc2cc(Cl)cc(C(=O)O)c2[nH]1,CCc1cc2cc(Cl)cc(C(=O)N3CCC3C)c2[nH]1,Amidation,,
C440692,1,,,,CC(N)CF,CCc1cc2cc(Cl)cc(C(=O)O)c2[nH]1,CCc1cc2cc(Cl)cc(C(=O)NC(C)CF)c2[nH]1,Amidation,,
C440698,1,,,,N#CCCN,CCc1cc2cc(Cl)cc(C(=O)O)c2[nH]1,CCc1cc2cc(Cl)cc(C(=O)NCCC#N)c2[nH]1,Amidation,,
C440702,1,,,,CC(C)(C)N,CCc1cc2cc(Cl)cc(C(=O)O)c2[nH]1,CCc1cc2cc(Cl)cc(C(=O)NC(C)(C)C)c2[nH]1,Amidation,,
C440707,1,,,,CC(N)CS,CCc1cc2cc(Cl)cc(C(=O)O)c2[nH]1,CCc1cc2cc(Cl)cc(C(=O)NC(C)CS)c2[nH]1,Amidation,,
C440711,1,,,,CC(F)CN,CCc1cc2cc(Cl)cc(C(=O)O)c2[nH]1,CCc1cc2cc(Cl)cc(C(=O)NCC(C)F)c2[nH]1,Amidation,,
C440712,1,,,,NCC=CCl,CCc1cc2cc(Cl)cc(C(=O)O)c2[nH]1,CCc1cc2cc(Cl)cc(C(=O)NCC=CCl)c2[nH]1,Amidation,,
C440716,1,,,,CCC(C)N,CCc1cc2cc(Cl)cc(C(=O)O)c2[nH]1,CCc1cc2cc(Cl)cc(C(=O)NC(C)CC)c2[nH]1,Amidation,,
C440718,1,,,,NN1CCC1,CCc1cc2cc(Cl)cc(C(=O)O)c2[nH]1,CCc1cc2cc(Cl)cc(C(=O)NN3CCC3)c2[nH]1,Amidation,,
C440720,1,,,,NCCCO,CCc1cc2cc(Cl)cc(C(=O)O)c2[nH]1,CCc1cc2cc(Cl)cc(C(=O)NCCCO)c2[nH]1,Amidation,,
C440722,1,,,,NCC(=O)[O-],CCc1cc2cc(Cl)cc(C(=O)O)c2[nH]1,CCc1cc2cc(Cl)cc(C(=O)NCC(=O)[O-])c2[nH]1,Amidation,,
C440723,1,,,,NC1CSC1,CCc1cc2cc(Cl)cc(C(=O)O)c2[nH]1,CCc1cc2cc(Cl)cc(C(=O)NC3CSC3)c2[nH]1,Amidation,,
C440724,1,,,,C#CC(C)N,CCc1cc2cc(Cl)cc(C(=O)O)c2[nH]1,C#CC(C)NC(=O)c1cc(Cl)cc2cc(CC)[nH]c12,Amidation,,
C440728,1,,,,C=C1CNC1,CCc1cc2cc(Cl)cc(C(=O)O)c2[nH]1,C=C1CN(C(=O)c2cc(Cl)cc3cc(CC)[nH]c23)C1,Amidation,,
C440729,1,,,,NCC(F)F,CCc1cc2cc(Cl)cc(C(=O)O)c2[nH]1,CCc1cc2cc(Cl)cc(C(=O)NCC(F)F)c2[nH]1,Amidation,,
C440730,1,,,,COCCN,CCc1cc2cc(Cl)cc(C(=O)O)c2[nH]1,CCc1cc2cc(Cl)cc(C(=O)NCCOC)c2[nH]1,Amidation,,
C440731,1,,,,CC(C)CN,CCc1cc2cc(Cl)cc(C(=O)O)c2[nH]1,CCc1cc2cc(Cl)cc(C(=O)NCC(C)C)c2[nH]1,Amidation,,
C440732,1,,,,NCCCI,CCc1cc2cc(Cl)cc(C(=O)O)c2[nH]1,CCc1cc2cc(Cl)cc(C(=O)NCCCI)c2[nH]1,Amidation,,
C440733,1,,,,CCN(C)N,CCc1cc2cc(Cl)cc(C(=O)O)c2[nH]1,CCc1cc2cc(Cl)cc(C(=O)NN(C)CC)c2[nH]1,Amidation,,
C440740,1,,,,CC(N)C#N,COc1ccc2ccn(C)c2c1C(=O)O,COc1ccc2ccn(C)c2c1C(=O)NC(C)C#N,Amidation,,
C440741,1,,,,CC1CC1N,COc1ccc2ccn(C)c2c1C(=O)O,COc1ccc2ccn(C)c2c1C(=O)NC1CC1C,Amidation,,
C440744,1,,,,CC(N)CO,COc1ccc2ccn(C)c2c1C(=O)O,COc1ccc2ccn(C)c2c1C(=O)NC(C)CO,Amidation,,
C440747,1,,,,NCCNO,CCc1cc2cc(Cl)cc(C(=O)O)c2[nH]1,CCc1cc2cc(Cl)cc(C(=O)NCCNO)c2[nH]1,Amidation,,
C440750,1,,,,CC(N)CCl,CCc1cc2cc(Cl)cc(C(=O)O)c2[nH]1,CCc1cc2cc(Cl)cc(C(=O)NC(C)CCl)c2[nH]1,Amidation,,
C440751,1,,,,CC(O)CN,CCc1cc2cc(Cl)cc(C(=O)O)c2[nH]1,CCc1cc2cc(Cl)cc(C(=O)NCC(C)O)c2[nH]1,Amidation,,
C440752,1,,,,C=C(Cl)CN,CCc1cc2cc(Cl)cc(C(=O)O)c2[nH]1,C=C(Cl)CNC(=O)c1cc(Cl)cc2cc(CC)[nH]c12,Amidation,,
C440753,1,,,,C=CC(C)N,CCc1cc2cc(Cl)cc(C(=O)O)c2[nH]1,C=CC(C)NC(=O)c1cc(Cl)cc2cc(CC)[nH]c12,Amidation,,
C440759,1,,,,C=C(F)CN,CCc1cc2cc(Cl)cc(C(=O)O)c2[nH]1,C=C(F)CNC(=O)c1cc(Cl)cc2cc(CC)[nH]c12,Amidation,,
C440760,1,,,,CC(Br)CN,CCc1cc2cc(Cl)cc(C(=O)O)c2[nH]1,CCc1cc2cc(Cl)cc(C(=O)NCC(C)Br)c2[nH]1,Amidation,,
C440761,1,,,,CC1(N)CC1,CCc1cc2cc(Cl)cc(C(=O)O)c2[nH]1,CCc1cc2cc(Cl)cc(C(=O)NC3(C)CC3)c2[nH]1,Amidation,,
C440763,1,,,,CC(S)CN,CCc1cc2cc(Cl)cc(C(=O)O)c2[nH]1,CCc1cc2cc(Cl)cc(C(=O)NCC(C)S)c2[nH]1,Amidation,,
C440764,1,,,,CCCCN,CCc1cc2cc(Cl)cc(C(=O)O)c2[nH]1,CCCCNC(=O)c1cc(Cl)cc2cc(CC)[nH]c12,Amidation,,
C440827,1,,,,N#CCN,CCOC(=O)c1cc2cccc(C(=O)O)c2[nH]1,CCOC(=O)c1cc2cccc(C(=O)NCC#N)c2[nH]1,Amidation,,
C440835,1,,,,NCCS,CCOC(=O)c1cc2cccc(C(=O)O)c2[nH]1,CCOC(=O)c1cc2cccc(C(=O)NCCS)c2[nH]1,Amidation,,
C440838,1,,,,NCCS,CC1CCc2[nH]c3c(C(=O)O)cccc3c2C1,CC1CCc2[nH]c3c(C(=O)NCCS)cccc3c2C1,Amidation,,
C440839,1,,,,NC1CC1,CC1CCc2[nH]c3c(C(=O)O)cccc3c2C1,CC1CCc2[nH]c3c(C(=O)NC4CC4)cccc3c2C1,Amidation,,
C440840,1,,,,NCCI,CC1CCc2[nH]c3c(C(=O)O)cccc3c2C1,CC1CCc2[nH]c3c(C(=O)NCCI)cccc3c2C1,Amidation,,
C440842,1,,,,NNC=O,CC1CCc2[nH]c3c(C(=O)O)cccc3c2C1,CC1CCc2[nH]c3c(C(=O)NNC=O)cccc3c2C1,Amidation,,
C440844,1,,,,N#CCN,CC1CCc2[nH]c3c(C(=O)O)cccc3c2C1,CC1CCc2[nH]c3c(C(=O)NCC#N)cccc3c2C1,Amidation,,
C440845,1,,,,CCCN,CC1CCc2[nH]c3c(C(=O)O)cccc3c2C1,CCCNC(=O)c1cccc2c3c([nH]c12)CCC(C)C3,Amidation,,
C440846,1,,,,NCCCl,CC1CCc2[nH]c3c(C(=O)O)cccc3c2C1,CC1CCc2[nH]c3c(C(=O)NCCCl)cccc3c2C1,Amidation,,
C440847,1,,,,CC(C)N,CC1CCc2[nH]c3c(C(=O)O)cccc3c2C1,CC1CCc2[nH]c3c(C(=O)NC(C)C)cccc3c2C1,Amidation,,
C440848,1,,,,C=CCN,CC1CCc2[nH]c3c(C(=O)O)cccc3c2C1,C=CCNC(=O)c1cccc2c3c([nH]c12)CCC(C)C3,Amidation,,
C440849,1,,,,NCCF,CC1CCc2[nH]c3c(C(=O)O)cccc3c2C1,CC1CCc2[nH]c3c(C(=O)NCCF)cccc3c2C1,Amidation,,
C440850,1,,,,NCCBr,CC1CCc2[nH]c3c(C(=O)O)cccc3c2C1,CC1CCc2[nH]c3c(C(=O)NCCBr)cccc3c2C1,Amidation,,
C440851,1,,,,C1CNC1,CC1CCc2[nH]c3c(C(=O)O)cccc3c2C1,CC1CCc2[nH]c3c(C(=O)N4CCC4)cccc3c2C1,Amidation,,
C440852,1,,,,C#CCN,CC1CCc2[nH]c3c(C(=O)O)cccc3c2C1,C#CCNC(=O)c1cccc2c3c([nH]c12)CCC(C)C3,Amidation,,
C440873,1,,,,NC1CC1,O=C(O)c1cccc2c3c([nH]c12)CCCCC3,O=C(NC1CC1)c1cccc2c3c([nH]c12)CCCCC3,Amidation,,
C440877,1,,,,N#CCN,O=C(O)c1cccc2c3c([nH]c12)CCCCC3,N#CCNC(=O)c1cccc2c3c([nH]c12)CCCCC3,Amidation,,
C440878,1,,,,C#CCN,O=C(O)c1cccc2c3c([nH]c12)CCCCC3,C#CCNC(=O)c1cccc2c3c([nH]c12)CCCCC3,Amidation,,
C440880,1,,,,CCCN,O=C(O)c1cccc2c3c([nH]c12)CCCCC3,CCCNC(=O)c1cccc2c3c([nH]c12)CCCCC3,Amidation,,
C440881,1,,,,CC(C)N,O=C(O)c1cccc2c3c([nH]c12)CCCCC3,CC(C)NC(=O)c1cccc2c3c([nH]c12)CCCCC3,Amidation,,
C440882,1,,,,C=CCN,O=C(O)c1cccc2c3c([nH]c12)CCCCC3,C=CCNC(=O)c1cccc2c3c([nH]c12)CCCCC3,Amidation,,
C440883,1,,,,NCCF,O=C(O)c1cccc2c3c([nH]c12)CCCCC3,O=C(NCCF)c1cccc2c3c([nH]c12)CCCCC3,Amidation,,
C440884,1,,,,NCCBr,O=C(O)c1cccc2c3c([nH]c12)CCCCC3,O=C(NCCBr)c1cccc2c3c([nH]c12)CCCCC3,Amidation,,
C440885,1,,,,C1CNC1,O=C(O)c1cccc2c3c([nH]c12)CCCCC3,O=C(c1cccc2c3c([nH]c12)CCCCC3)N1CCC1,Amidation,,
C440888,1,,,,NCCCl,O=C(O)c1cccc2c3c([nH]c12)CCCCC3,O=C(NCCCl)c1cccc2c3c([nH]c12)CCCCC3,Amidation,,
C440891,1,,,,CCN(C)N,O=C(O)c1cccc2c3c([nH]c12)CCCC3,CCN(C)NC(=O)c1cccc2c3c([nH]c12)CCCC3,Amidation,,
C440894,1,,,,NCC(=O)[O-],O=C(O)c1cccc2c3c([nH]c12)CCCC3,O=C([O-])CNC(=O)c1cccc2c3c([nH]c12)CCCC3,Amidation,,
C440901,1,,,,CCCCN,O=C(O)c1cccc2c3c([nH]c12)CCCC3,CCCCNC(=O)c1cccc2c3c([nH]c12)CCCC3,Amidation,,
C440904,1,,,,C=C(F)CN,O=C(O)c1cccc2c3c([nH]c12)CCCC3,C=C(F)CNC(=O)c1cccc2c3c([nH]c12)CCCC3,Amidation,,
C440905,1,,,,SC1CNC1,O=C(O)c1cccc2c3c([nH]c12)CCCC3,O=C(c1cccc2c3c([nH]c12)CCCC3)N1CC(S)C1,Amidation,,
C440909,1,,,,CC(S)CN,O=C(O)c1cccc2c3c([nH]c12)CCCC3,CC(S)CNC(=O)c1cccc2c3c([nH]c12)CCCC3,Amidation,,
C440912,1,,,,NCCCBr,O=C(O)c1cccc2c3c([nH]c12)CCCC3,O=C(NCCCBr)c1cccc2c3c([nH]c12)CCCC3,Amidation,,
C440913,1,,,,CC(N)CS,O=C(O)c1cccc2c3c([nH]c12)CCCC3,CC(CS)NC(=O)c1cccc2c3c([nH]c12)CCCC3,Amidation,,
C440915,1,,,,NCC(F)Cl,O=C(O)c1cccc2c3c([nH]c12)CCCC3,O=C(NCC(F)Cl)c1cccc2c3c([nH]c12)CCCC3,Amidation,,
C440917,1,,,,CC(F)CN,O=C(O)c1cccc2c3c([nH]c12)CCCC3,CC(F)CNC(=O)c1cccc2c3c([nH]c12)CCCC3,Amidation,,
C440918,1,,,,NCC=CCl,O=C(O)c1cccc2c3c([nH]c12)CCCC3,O=C(NCC=CCl)c1cccc2c3c([nH]c12)CCCC3,Amidation,,
C440922,1,,,,CCC(C)N,O=C(O)c1cccc2c3c([nH]c12)CCCC3,CCC(C)NC(=O)c1cccc2c3c([nH]c12)CCCC3,Amidation,,
C440926,1,,,,NCCCO,O=C(O)c1cccc2c3c([nH]c12)CCCC3,O=C(NCCCO)c1cccc2c3c([nH]c12)CCCC3,Amidation,,
C440927,1,,,,C=CCCN,O=C(O)c1cccc2c3c([nH]c12)CCCC3,C=CCCNC(=O)c1cccc2c3c([nH]c12)CCCC3,Amidation,,
C440928,1,,,,CC(C)(C)N,O=C(O)c1cccc2c3c([nH]c12)CCCC3,CC(C)(C)NC(=O)c1cccc2c3c([nH]c12)CCCC3,Amidation,,
C440930,1,,,,NCC#CBr,O=C(O)c1cccc2c3c([nH]c12)CCCC3,O=C(NCC#CBr)c1cccc2c3c([nH]c12)CCCC3,Amidation,,
C440931,1,,,,NC1CCC1,O=C(O)c1cccc2c3c([nH]c12)CCCC3,O=C(NC1CCC1)c1cccc2c3c([nH]c12)CCCC3,Amidation,,
C440933,1,,,,NCC(F)F,O=C(O)c1cccc2c3c([nH]c12)CCCC3,O=C(NCC(F)F)c1cccc2c3c([nH]c12)CCCC3,Amidation,,
C440934,1,,,,CC(O)CN,O=C(O)c1cccc2c3c([nH]c12)CCCC3,CC(O)CNC(=O)c1cccc2c3c([nH]c12)CCCC3,Amidation,,
C440936,1,,,,C=CC(C)N,O=C(O)c1cccc2c3c([nH]c12)CCCC3,C=CC(C)NC(=O)c1cccc2c3c([nH]c12)CCCC3,Amidation,,
C440941,1,,,,CC1(N)CC1,O=C(O)c1cccc2c3c([nH]c12)CCCC3,CC1(NC(=O)c2cccc3c4c([nH]c23)CCCC4)CC1,Amidation,,
C440942,1,,,,CC(N)CO,O=C(O)c1cccc2c3c([nH]c12)CCCC3,CC(CO)NC(=O)c1cccc2c3c([nH]c12)CCCC3,Amidation,,
C440945,1,,,,CC1CC1N,O=C(O)c1cccc2c3c([nH]c12)CCCC3,CC1CC1NC(=O)c1cccc2c3c([nH]c12)CCCC3,Amidation,,
C440946,1,,,,CC(N)C#N,O=C(O)c1cccc2c3c([nH]c12)CCCC3,CC(C#N)NC(=O)c1cccc2c3c([nH]c12)CCCC3,Amidation,,
C440948,1,,,,NCC1CC1,O=C(O)c1cccc2c3c([nH]c12)CCCC3,O=C(NCC1CC1)c1cccc2c3c([nH]c12)CCCC3,Amidation,,
C440949,1,,,,CSCCN,O=C(O)c1cccc2c3c([nH]c12)CCCC3,CSCCNC(=O)c1cccc2c3c([nH]c12)CCCC3,Amidation,,
C440951,1,,,,CC(N)CCl,O=C(O)c1cccc2c3c([nH]c12)CCCC3,CC(CCl)NC(=O)c1cccc2c3c([nH]c12)CCCC3,Amidation,,
C440952,1,,,,NCCCCl,O=C(O)c1cccc2c3c([nH]c12)CCCC3,O=C(NCCCCl)c1cccc2c3c([nH]c12)CCCC3,Amidation,,
C440953,1,,,,COCCN,O=C(O)c1cccc2c3c([nH]c12)CCCC3,COCCNC(=O)c1cccc2c3c([nH]c12)CCCC3,Amidation,,
C440954,1,,,,CC(C)CN,O=C(O)c1cccc2c3c([nH]c12)CCCC3,CC(C)CNC(=O)c1cccc2c3c([nH]c12)CCCC3,Amidation,,
C440955,1,,,,NCCCI,O=C(O)c1cccc2c3c([nH]c12)CCCC3,O=C(NCCCI)c1cccc2c3c([nH]c12)CCCC3,Amidation,,
C440956,1,,,,C=C(Br)CN,O=C(O)c1cccc2c3c([nH]c12)CCCC3,C=C(Br)CNC(=O)c1cccc2c3c([nH]c12)CCCC3,Amidation,,
C440957,1,,,,NCCCF,O=C(O)c1cccc2c3c([nH]c12)CCCC3,O=C(NCCCF)c1cccc2c3c([nH]c12)CCCC3,Amidation,,
C440958,1,,,,FC1CNC1,O=C(O)c1cccc2c3c([nH]c12)CCCC3,O=C(c1cccc2c3c([nH]c12)CCCC3)N1CC(F)C1,Amidation,,
C440959,1,,,,CC(N)CF,O=C(O)c1cccc2c3c([nH]c12)CCCC3,CC(CF)NC(=O)c1cccc2c3c([nH]c12)CCCC3,Amidation,,
C440965,1,,,,C#CCCN,O=C(O)c1cccc2c3c([nH]c12)CCCC3,C#CCCNC(=O)c1cccc2c3c([nH]c12)CCCC3,Amidation,,
C440967,1,,,,C#CC(C)N,O=C(O)c1cccc2c3c([nH]c12)CCCC3,C#CC(C)NC(=O)c1cccc2c3c([nH]c12)CCCC3,Amidation,,
C440969,1,,,,CSCCN,CC1CCc2[nH]c3c(C(=O)O)cccc3c2C1,CSCCNC(=O)c1cccc2c3c([nH]c12)CCC(C)C3,Amidation,,
C440971,1,,,,NCC1CC1,CC1CCc2[nH]c3c(C(=O)O)cccc3c2C1,CC1CCc2[nH]c3c(C(=O)NCC4CC4)cccc3c2C1,Amidation,,
C440975,1,,,,CC(N)C#N,CC1CCc2[nH]c3c(C(=O)O)cccc3c2C1,CC1CCc2[nH]c3c(C(=O)NC(C)C#N)cccc3c2C1,Amidation,,
C440984,1,,,,CC(S)CN,CCOC(=O)c1cc2cccc(C(=O)O)c2[nH]1,CCOC(=O)c1cc2cccc(C(=O)NCC(C)S)c2[nH]1,Amidation,,
C440988,1,,,,SC1CNC1,CCOC(=O)c1cc2cccc(C(=O)O)c2[nH]1,CCOC(=O)c1cc2cccc(C(=O)N3CC(S)C3)c2[nH]1,Amidation,,
C440991,1,,,,NCCNO,CCOC(=O)c1cc2cccc(C(=O)O)c2[nH]1,CCOC(=O)c1cc2cccc(C(=O)NCCNO)c2[nH]1,Amidation,,
C440992,1,,,,NCC#CBr,CCOC(=O)c1cc2cccc(C(=O)O)c2[nH]1,CCOC(=O)c1cc2cccc(C(=O)NCC#CBr)c2[nH]1,Amidation,,
C440996,1,,,,NCCCI,CCOC(=O)c1cc2cccc(C(=O)O)c2[nH]1,CCOC(=O)c1cc2cccc(C(=O)NCCCI)c2[nH]1,Amidation,,
C440997,1,,,,CCN(C)N,CCOC(=O)c1cc2cccc(C(=O)O)c2[nH]1,CCOC(=O)c1cc2cccc(C(=O)NN(C)CC)c2[nH]1,Amidation,,
C440999,1,,,,CC1CC1N,CC1CCc2[nH]c3c(C(=O)O)cccc3c2C1,CC1CCc2[nH]c3c(C(=O)NC4CC4C)cccc3c2C1,Amidation,,
C441002,1,,,,CCCCN,CC1CCc2[nH]c3c(C(=O)O)cccc3c2C1,CCCCNC(=O)c1cccc2c3c([nH]c12)CCC(C)C3,Amidation,,
C441009,1,,,,NC1CCC1,CC1CCc2[nH]c3c(C(=O)O)cccc3c2C1,CC1CCc2[nH]c3c(C(=O)NC4CCC4)cccc3c2C1,Amidation,,
C441010,1,,,,CC(N)CS,CC1CCc2[nH]c3c(C(=O)O)cccc3c2C1,CC1CCc2[nH]c3c(C(=O)NC(C)CS)cccc3c2C1,Amidation,,
C441012,1,,,,NCC(F)Cl,CC1CCc2[nH]c3c(C(=O)O)cccc3c2C1,CC1CCc2[nH]c3c(C(=O)NCC(F)Cl)cccc3c2C1,Amidation,,
C441014,1,,,,CC(F)CN,CC1CCc2[nH]c3c(C(=O)O)cccc3c2C1,CC(F)CNC(=O)c1cccc2c3c([nH]c12)CCC(C)C3,Amidation,,
C441015,1,,,,NCC=CCl,CC1CCc2[nH]c3c(C(=O)O)cccc3c2C1,CC1CCc2[nH]c3c(C(=O)NCC=CCl)cccc3c2C1,Amidation,,
C441017,1,,,,CC(S)CN,CC1CCc2[nH]c3c(C(=O)O)cccc3c2C1,CC(S)CNC(=O)c1cccc2c3c([nH]c12)CCC(C)C3,Amidation,,
C441018,1,,,,CC(N)CS,CCOC(=O)c1cc2cccc(C(=O)O)c2[nH]1,CCOC(=O)c1cc2cccc(C(=O)NC(C)CS)c2[nH]1,Amidation,,
C441019,1,,,,CC(Br)CN,CC1CCc2[nH]c3c(C(=O)O)cccc3c2C1,CC(Br)CNC(=O)c1cccc2c3c([nH]c12)CCC(C)C3,Amidation,,
C441020,1,,,,C=C(F)CN,CC1CCc2[nH]c3c(C(=O)O)cccc3c2C1,C=C(F)CNC(=O)c1cccc2c3c([nH]c12)CCC(C)C3,Amidation,,
C441023,1,,,,CCN(C)N,CC1CCc2[nH]c3c(C(=O)O)cccc3c2C1,CCN(C)NC(=O)c1cccc2c3c([nH]c12)CCC(C)C3,Amidation,,
C441025,1,,,,CC(C)CN,CC1CCc2[nH]c3c(C(=O)O)cccc3c2C1,CC(C)CNC(=O)c1cccc2c3c([nH]c12)CCC(C)C3,Amidation,,
C441026,1,,,,NC1CSC1,CC1CCc2[nH]c3c(C(=O)O)cccc3c2C1,CC1CCc2[nH]c3c(C(=O)NC4CSC4)cccc3c2C1,Amidation,,
C441027,1,,,,COCCN,CC1CCc2[nH]c3c(C(=O)O)cccc3c2C1,COCCNC(=O)c1cccc2c3c([nH]c12)CCC(C)C3,Amidation,,
C441028,1,,,,C=C1CNC1,CC1CCc2[nH]c3c(C(=O)O)cccc3c2C1,C=C1CN(C(=O)c2cccc3c4c([nH]c23)CCC(C)C4)C1,Amidation,,
C441029,1,,,,NCC#CBr,CC1CCc2[nH]c3c(C(=O)O)cccc3c2C1,CC1CCc2[nH]c3c(C(=O)NCC#CBr)cccc3c2C1,Amidation,,
C441030,1,,,,NCCNO,CC1CCc2[nH]c3c(C(=O)O)cccc3c2C1,CC1CCc2[nH]c3c(C(=O)NCCNO)cccc3c2C1,Amidation,,
C441031,1,,,,ClC1CNC1,CC1CCc2[nH]c3c(C(=O)O)cccc3c2C1,CC1CCc2[nH]c3c(C(=O)N4CC(Cl)C4)cccc3c2C1,Amidation,,
C441033,1,,,,SC1CNC1,CC1CCc2[nH]c3c(C(=O)O)cccc3c2C1,CC1CCc2[nH]c3c(C(=O)N4CC(S)C4)cccc3c2C1,Amidation,,
C441034,1,,,,NCC(F)F,CC1CCc2[nH]c3c(C(=O)O)cccc3c2C1,CC1CCc2[nH]c3c(C(=O)NCC(F)F)cccc3c2C1,Amidation,,
C441037,1,,,,O=C1CNC1,CC1CCc2[nH]c3c(C(=O)O)cccc3c2C1,CC1CCc2[nH]c3c(C(=O)N4CC(=O)C4)cccc3c2C1,Amidation,,
C441038,1,,,,C#CCCN,CC1CCc2[nH]c3c(C(=O)O)cccc3c2C1,C#CCCNC(=O)c1cccc2c3c([nH]c12)CCC(C)C3,Amidation,,
C441040,1,,,,C#CC(C)N,CC1CCc2[nH]c3c(C(=O)O)cccc3c2C1,C#CC(C)NC(=O)c1cccc2c3c([nH]c12)CCC(C)C3,Amidation,,
C441041,1,,,,NCCCCl,CC1CCc2[nH]c3c(C(=O)O)cccc3c2C1,CC1CCc2[nH]c3c(C(=O)NCCCCl)cccc3c2C1,Amidation,,
C441042,1,,,,CC(N)CCl,CC1CCc2[nH]c3c(C(=O)O)cccc3c2C1,CC1CCc2[nH]c3c(C(=O)NC(C)CCl)cccc3c2C1,Amidation,,
C441043,1,,,,CC(O)CN,CC1CCc2[nH]c3c(C(=O)O)cccc3c2C1,CC(O)CNC(=O)c1cccc2c3c([nH]c12)CCC(C)C3,Amidation,,
C441044,1,,,,C=C(Cl)CN,CC1CCc2[nH]c3c(C(=O)O)cccc3c2C1,C=C(Cl)CNC(=O)c1cccc2c3c([nH]c12)CCC(C)C3,Amidation,,
C441045,1,,,,C=CC(C)N,CC1CCc2[nH]c3c(C(=O)O)cccc3c2C1,C=CC(C)NC(=O)c1cccc2c3c([nH]c12)CCC(C)C3,Amidation,,
C441046,1,,,,CC#CCN,CC1CCc2[nH]c3c(C(=O)O)cccc3c2C1,CC#CCNC(=O)c1cccc2c3c([nH]c12)CCC(C)C3,Amidation,,
C441048,1,,,,CC(=O)CN,CC1CCc2[nH]c3c(C(=O)O)cccc3c2C1,CC(=O)CNC(=O)c1cccc2c3c([nH]c12)CCC(C)C3,Amidation,,
C441050,1,,,,CC1(N)CC1,CC1CCc2[nH]c3c(C(=O)O)cccc3c2C1,CC1CCc2[nH]c3c(C(=O)NC4(C)CC4)cccc3c2C1,Amidation,,
C441051,1,,,,CC(N)CO,CC1CCc2[nH]c3c(C(=O)O)cccc3c2C1,CC1CCc2[nH]c3c(C(=O)NC(C)CO)cccc3c2C1,Amidation,,
C441053,1,,,,N#CCCN,CC1CCc2[nH]c3c(C(=O)O)cccc3c2C1,CC1CCc2[nH]c3c(C(=O)NCCC#N)cccc3c2C1,Amidation,,
C441056,1,,,,NN1CCC1,CC1CCc2[nH]c3c(C(=O)O)cccc3c2C1,CC1CCc2[nH]c3c(C(=O)NN4CCC4)cccc3c2C1,Amidation,,
C441058,1,,,,NCCCO,CC1CCc2[nH]c3c(C(=O)O)cccc3c2C1,CC1CCc2[nH]c3c(C(=O)NCCCO)cccc3c2C1,Amidation,,
C441059,1,,,,C=CCCN,CC1CCc2[nH]c3c(C(=O)O)cccc3c2C1,C=CCCNC(=O)c1cccc2c3c([nH]c12)CCC(C)C3,Amidation,,
C441060,1,,,,CC(C)(C)N,CC1CCc2[nH]c3c(C(=O)O)cccc3c2C1,CC1CCc2[nH]c3c(C(=O)NC(C)(C)C)cccc3c2C1,Amidation,,
C441062,1,,,,NCCCBr,CC1CCc2[nH]c3c(C(=O)O)cccc3c2C1,CC1CCc2[nH]c3c(C(=O)NCCCBr)cccc3c2C1,Amidation,,
C441063,1,,,,CCC(C)N,CC1CCc2[nH]c3c(C(=O)O)cccc3c2C1,CCC(C)NC(=O)c1cccc2c3c([nH]c12)CCC(C)C3,Amidation,,
C441065,1,,,,CC1CCN1,CC1CCc2[nH]c3c(C(=O)O)cccc3c2C1,CC1CCc2[nH]c3c(C(=O)N4CCC4C)cccc3c2C1,Amidation,,
C441066,1,,,,C=C(Br)CN,CC1CCc2[nH]c3c(C(=O)O)cccc3c2C1,C=C(Br)CNC(=O)c1cccc2c3c([nH]c12)CCC(C)C3,Amidation,,
C441067,1,,,,NCCCF,CC1CCc2[nH]c3c(C(=O)O)cccc3c2C1,CC1CCc2[nH]c3c(C(=O)NCCCF)cccc3c2C1,Amidation,,
C441068,1,,,,FC1CNC1,CC1CCc2[nH]c3c(C(=O)O)cccc3c2C1,CC1CCc2[nH]c3c(C(=O)N4CC(F)C4)cccc3c2C1,Amidation,,
C441069,1,,,,CC(N)CF,CC1CCc2[nH]c3c(C(=O)O)cccc3c2C1,CC1CCc2[nH]c3c(C(=O)NC(C)CF)cccc3c2C1,Amidation,,
C441070,1,,,,CC(Cl)CN,CC1CCc2[nH]c3c(C(=O)O)cccc3c2C1,CC(Cl)CNC(=O)c1cccc2c3c([nH]c12)CCC(C)C3,Amidation,,
C441071,1,,,,NCC(Cl)Cl,CC1CCc2[nH]c3c(C(=O)O)cccc3c2C1,CC1CCc2[nH]c3c(C(=O)NCC(Cl)Cl)cccc3c2C1,Amidation,,
C441076,1,,,,CC1CCN1,O=C(O)c1cccc2c3c([nH]c12)CCCCC3,CC1CCN1C(=O)c1cccc2c3c([nH]c12)CCCCC3,Amidation,,
C441079,1,,,,NCCCBr,O=C(O)c1cccc2c3c([nH]c12)CCCCC3,O=C(NCCCBr)c1cccc2c3c([nH]c12)CCCCC3,Amidation,,
C441081,1,,,,CC(C)(C)N,O=C(O)c1cccc2c3c([nH]c12)CCCCC3,CC(C)(C)NC(=O)c1cccc2c3c([nH]c12)CCCCC3,Amidation,,
C441082,1,,,,C=CCCN,O=C(O)c1cccc2c3c([nH]c12)CCCCC3,C=CCCNC(=O)c1cccc2c3c([nH]c12)CCCCC3,Amidation,,
C441085,1,,,,NN1CCC1,O=C(O)c1cccc2c3c([nH]c12)CCCCC3,O=C(NN1CCC1)c1cccc2c3c([nH]c12)CCCCC3,Amidation,,
C441086,1,,,,O=C1CNC1,O=C(O)c1cccc2c3c([nH]c12)CCCCC3,O=C1CN(C(=O)c2cccc3c4c([nH]c23)CCCCC4)C1,Amidation,,
C441087,1,,,,CCC(C)N,O=C(O)c1cccc2c3c([nH]c12)CCCCC3,CCC(C)NC(=O)c1cccc2c3c([nH]c12)CCCCC3,Amidation,,
C441091,1,,,,NCC=CCl,O=C(O)c1cccc2c3c([nH]c12)CCCCC3,O=C(NCC=CCl)c1cccc2c3c([nH]c12)CCCCC3,Amidation,,
C441092,1,,,,CC(F)CN,O=C(O)c1cccc2c3c([nH]c12)CCCCC3,CC(F)CNC(=O)c1cccc2c3c([nH]c12)CCCCC3,Amidation,,
C441094,1,,,,NCC(F)Cl,O=C(O)c1cccc2c3c([nH]c12)CCCCC3,O=C(NCC(F)Cl)c1cccc2c3c([nH]c12)CCCCC3,Amidation,,
C441096,1,,,,CC(N)CS,O=C(O)c1cccc2c3c([nH]c12)CCCCC3,CC(CS)NC(=O)c1cccc2c3c([nH]c12)CCCCC3,Amidation,,
C441099,1,,,,NCC(=O)[O-],O=C(O)c1cccc2c3c([nH]c12)CCCCC3,O=C([O-])CNC(=O)c1cccc2c3c([nH]c12)CCCCC3,Amidation,,
C441105,1,,,,C=C(Br)CN,O=C(O)c1cccc2c3c([nH]c12)CCCCC3,C=C(Br)CNC(=O)c1cccc2c3c([nH]c12)CCCCC3,Amidation,,
C441106,1,,,,NCCCF,O=C(O)c1cccc2c3c([nH]c12)CCCCC3,O=C(NCCCF)c1cccc2c3c([nH]c12)CCCCC3,Amidation,,
C441107,1,,,,FC1CNC1,O=C(O)c1cccc2c3c([nH]c12)CCCCC3,O=C(c1cccc2c3c([nH]c12)CCCCC3)N1CC(F)C1,Amidation,,
C441108,1,,,,CC(N)CF,O=C(O)c1cccc2c3c([nH]c12)CCCCC3,CC(CF)NC(=O)c1cccc2c3c([nH]c12)CCCCC3,Amidation,,
C441112,1,,,,NCC1CC1,O=C(O)c1cccc2c3c([nH]c12)CCCCC3,O=C(NCC1CC1)c1cccc2c3c([nH]c12)CCCCC3,Amidation,,
C441114,1,,,,CC(N)C#N,O=C(O)c1cccc2c3c([nH]c12)CCCCC3,CC(C#N)NC(=O)c1cccc2c3c([nH]c12)CCCCC3,Amidation,,
C441115,1,,,,CC1CC1N,O=C(O)c1cccc2c3c([nH]c12)CCCCC3,CC1CC1NC(=O)c1cccc2c3c([nH]c12)CCCCC3,Amidation,,
C441118,1,,,,CC(N)CO,O=C(O)c1cccc2c3c([nH]c12)CCCCC3,CC(CO)NC(=O)c1cccc2c3c([nH]c12)CCCCC3,Amidation,,
C441119,1,,,,CC1(N)CC1,O=C(O)c1cccc2c3c([nH]c12)CCCCC3,CC1(NC(=O)c2cccc3c4c([nH]c23)CCCCC4)CC1,Amidation,,
C441121,1,,,,CC(=O)CN,O=C(O)c1cccc2c3c([nH]c12)CCCCC3,CC(=O)CNC(=O)c1cccc2c3c([nH]c12)CCCCC3,Amidation,,
C441123,1,,,,CC(S)CN,O=C(O)c1cccc2c3c([nH]c12)CCCCC3,CC(S)CNC(=O)c1cccc2c3c([nH]c12)CCCCC3,Amidation,,
C441124,1,,,,CC#CCN,O=C(O)c1cccc2c3c([nH]c12)CCCCC3,CC#CCNC(=O)c1cccc2c3c([nH]c12)CCCCC3,Amidation,,
C441126,1,,,,CC(O)CN,O=C(O)c1cccc2c3c([nH]c12)CCCCC3,CC(O)CNC(=O)c1cccc2c3c([nH]c12)CCCCC3,Amidation,,
C441127,1,,,,CC(N)CCl,O=C(O)c1cccc2c3c([nH]c12)CCCCC3,CC(CCl)NC(=O)c1cccc2c3c([nH]c12)CCCCC3,Amidation,,
C441129,1,,,,C#CC(C)N,O=C(O)c1cccc2c3c([nH]c12)CCCCC3,C#CC(C)NC(=O)c1cccc2c3c([nH]c12)CCCCC3,Amidation,,
C441131,1,,,,C#CCCN,O=C(O)c1cccc2c3c([nH]c12)CCCCC3,C#CCCNC(=O)c1cccc2c3c([nH]c12)CCCCC3,Amidation,,
C441133,1,,,,N#CCCN,O=C(O)c1cccc2c3c([nH]c12)CCCCC3,N#CCCNC(=O)c1cccc2c3c([nH]c12)CCCCC3,Amidation,,
C441137,1,,,,CC(Cl)CN,O=C(O)c1cccc2c3c([nH]c12)CCCCC3,CC(Cl)CNC(=O)c1cccc2c3c([nH]c12)CCCCC3,Amidation,,
C441138,1,,,,C=CC(C)N,O=C(O)c1cccc2c3c([nH]c12)CCCCC3,C=CC(C)NC(=O)c1cccc2c3c([nH]c12)CCCCC3,Amidation,,
C441140,1,,,,C=C(Cl)CN,O=C(O)c1cccc2c3c([nH]c12)CCCCC3,C=C(Cl)CNC(=O)c1cccc2c3c([nH]c12)CCCCC3,Amidation,,
C441141,1,,,,C=C(F)CN,O=C(O)c1cccc2c3c([nH]c12)CCCCC3,C=C(F)CNC(=O)c1cccc2c3c([nH]c12)CCCCC3,Amidation,,
C441146,1,,,,N#CCCN,CCOC(=O)c1cc2cccc(C(=O)O)c2[nH]1,CCOC(=O)c1cc2cccc(C(=O)NCCC#N)c2[nH]1,Amidation,,
C441151,1,,,,CC(N)CF,CCOC(=O)c1cc2cccc(C(=O)O)c2[nH]1,CCOC(=O)c1cc2cccc(C(=O)NC(C)CF)c2[nH]1,Amidation,,
C441153,1,,,,C=C(Br)CN,CCOC(=O)c1cc2cccc(C(=O)O)c2[nH]1,C=C(Br)CNC(=O)c1cccc2cc(C(=O)OCC)[nH]c12,Amidation,,
C441154,1,,,,CC1CCN1,CCOC(=O)c1cc2cccc(C(=O)O)c2[nH]1,CCOC(=O)c1cc2cccc(C(=O)N3CCC3C)c2[nH]1,Amidation,,
C441159,1,,,,CC(C)(C)N,CCOC(=O)c1cc2cccc(C(=O)O)c2[nH]1,CCOC(=O)c1cc2cccc(C(=O)NC(C)(C)C)c2[nH]1,Amidation,,
C441170,1,,,,CC(F)CN,CCOC(=O)c1cc2cccc(C(=O)O)c2[nH]1,CCOC(=O)c1cc2cccc(C(=O)NCC(C)F)c2[nH]1,Amidation,,
C441171,1,,,,CC(Br)CN,O=C(O)c1cccc2c3c([nH]c12)CCCCC3,CC(Br)CNC(=O)c1cccc2c3c([nH]c12)CCCCC3,Amidation,,
C441172,1,,,,NCCCCl,CCOC(=O)c1cc2cccc(C(=O)O)c2[nH]1,CCOC(=O)c1cc2cccc(C(=O)NCCCCl)c2[nH]1,Amidation,,
C441174,1,,,,SC1CNC1,O=C(O)c1cccc2c3c([nH]c12)CCCCC3,O=C(c1cccc2c3c([nH]c12)CCCCC3)N1CC(S)C1,Amidation,,
C441176,1,,,,ClC1CNC1,O=C(O)c1cccc2c3c([nH]c12)CCCCC3,O=C(c1cccc2c3c([nH]c12)CCCCC3)N1CC(Cl)C1,Amidation,,
C441177,1,,,,NCCNO,O=C(O)c1cccc2c3c([nH]c12)CCCCC3,O=C(NCCNO)c1cccc2c3c([nH]c12)CCCCC3,Amidation,,
C441178,1,,,,NCC#CBr,O=C(O)c1cccc2c3c([nH]c12)CCCCC3,O=C(NCC#CBr)c1cccc2c3c([nH]c12)CCCCC3,Amidation,,
C441179,1,,,,C=C1CNC1,O=C(O)c1cccc2c3c([nH]c12)CCCCC3,C=C1CN(C(=O)c2cccc3c4c([nH]c23)CCCCC4)C1,Amidation,,
C441180,1,,,,NCC(F)F,O=C(O)c1cccc2c3c([nH]c12)CCCCC3,O=C(NCC(F)F)c1cccc2c3c([nH]c12)CCCCC3,Amidation,,
C441181,1,,,,COCCN,O=C(O)c1cccc2c3c([nH]c12)CCCCC3,COCCNC(=O)c1cccc2c3c([nH]c12)CCCCC3,Amidation,,
C441182,1,,,,CC(C)CN,O=C(O)c1cccc2c3c([nH]c12)CCCCC3,CC(C)CNC(=O)c1cccc2c3c([nH]c12)CCCCC3,Amidation,,
C441183,1,,,,NCCCI,O=C(O)c1cccc2c3c([nH]c12)CCCCC3,O=C(NCCCI)c1cccc2c3c([nH]c12)CCCCC3,Amidation,,
C441184,1,,,,CCN(C)N,O=C(O)c1cccc2c3c([nH]c12)CCCCC3,CCN(C)NC(=O)c1cccc2c3c([nH]c12)CCCCC3,Amidation,,
C441187,1,,,,CC(N)CCl,CCOC(=O)c1cc2cccc(C(=O)O)c2[nH]1,CCOC(=O)c1cc2cccc(C(=O)NC(C)CCl)c2[nH]1,Amidation,,
C441191,1,,,,C=CC(C)N,CCOC(=O)c1cc2cccc(C(=O)O)c2[nH]1,C=CC(C)NC(=O)c1cccc2cc(C(=O)OCC)[nH]c12,Amidation,,
C441194,1,,,,CC(=O)CN,CCOC(=O)c1cc2cccc(C(=O)O)c2[nH]1,CCOC(=O)c1cc2cccc(C(=O)NCC(C)=O)c2[nH]1,Amidation,,
C441197,1,,,,CC(N)CO,CCOC(=O)c1cc2cccc(C(=O)O)c2[nH]1,CCOC(=O)c1cc2cccc(C(=O)NC(C)CO)c2[nH]1,Amidation,,
C441201,1,,,,CC(N)C#N,CCOC(=O)c1cc2cccc(C(=O)O)c2[nH]1,CCOC(=O)c1cc2cccc(C(=O)NC(C)C#N)c2[nH]1,Amidation,,
C441203,1,,,,CC1(N)CC1,CCOC(=O)c1cc2cccc(C(=O)O)c2[nH]1,CCOC(=O)c1cc2cccc(C(=O)NC3(C)CC3)c2[nH]1,Amidation,,
C441204,1,,,,N#CCN,O=C(O)c1cccc2ccn(Cc3ccccc3)c12,N#CCNC(=O)c1cccc2ccn(Cc3ccccc3)c12,Amidation,,
C441207,1,,,,NC1CC1,O=C(O)c1cccc2ccn(Cc3ccccc3)c12,O=C(NC1CC1)c1cccc2ccn(Cc3ccccc3)c12,Amidation,,
C441208,1,,,,C#CCN,O=C(O)c1cccc2ccn(Cc3ccccc3)c12,C#CCNC(=O)c1cccc2ccn(Cc3ccccc3)c12,Amidation,,
C441209,1,,,,NCCI,O=C(O)c1cccc2ccn(Cc3ccccc3)c12,O=C(NCCI)c1cccc2ccn(Cc3ccccc3)c12,Amidation,,
C441210,1,,,,CCCN,O=C(O)c1cccc2ccn(Cc3ccccc3)c12,CCCNC(=O)c1cccc2ccn(Cc3ccccc3)c12,Amidation,,
C441211,1,,,,CC(C)N,O=C(O)c1cccc2ccn(Cc3ccccc3)c12,CC(C)NC(=O)c1cccc2ccn(Cc3ccccc3)c12,Amidation,,
C441213,1,,,,NCCF,O=C(O)c1cccc2ccn(Cc3ccccc3)c12,O=C(NCCF)c1cccc2ccn(Cc3ccccc3)c12,Amidation,,
C441214,1,,,,NCCBr,O=C(O)c1cccc2ccn(Cc3ccccc3)c12,O=C(NCCBr)c1cccc2ccn(Cc3ccccc3)c12,Amidation,,
C441215,1,,,,C1CNC1,O=C(O)c1cccc2ccn(Cc3ccccc3)c12,O=C(c1cccc2ccn(Cc3ccccc3)c12)N1CCC1,Amidation,,
C441216,1,,,,NCCS,O=C(O)c1cccc2ccn(Cc3ccccc3)c12,O=C(NCCS)c1cccc2ccn(Cc3ccccc3)c12,Amidation,,
C441221,1,,,,NCC(F)Cl,O=C(O)c1cccc2ccn(Cc3ccccc3)c12,O=C(NCC(F)Cl)c1cccc2ccn(Cc3ccccc3)c12,Amidation,,
C441224,1,,,,NC1CCC1,O=C(O)c1cccc2ccn(Cc3ccccc3)c12,O=C(NC1CCC1)c1cccc2ccn(Cc3ccccc3)c12,Amidation,,
C441226,1,,,,CC(N)CS,O=C(O)c1cccc2ccn(Cc3ccccc3)c12,CC(CS)NC(=O)c1cccc2ccn(Cc3ccccc3)c12,Amidation,,
C441227,1,,,,NCC=CCl,O=C(O)c1cccc2ccn(Cc3ccccc3)c12,O=C(NCC=CCl)c1cccc2ccn(Cc3ccccc3)c12,Amidation,,
C441228,1,,,,CCC(C)N,O=C(O)c1cccc2ccn(Cc3ccccc3)c12,CCC(C)NC(=O)c1cccc2ccn(Cc3ccccc3)c12,Amidation,,
C441231,1,,,,NCC(=O)[O-],O=C(O)c1cccc2ccn(Cc3ccccc3)c12,O=C([O-])CNC(=O)c1cccc2ccn(Cc3ccccc3)c12,Amidation,,
C441233,1,,,,NN1CCC1,O=C(O)c1cccc2ccn(Cc3ccccc3)c12,O=C(NN1CCC1)c1cccc2ccn(Cc3ccccc3)c12,Amidation,,
C441235,1,,,,NCCCO,O=C(O)c1cccc2ccn(Cc3ccccc3)c12,O=C(NCCCO)c1cccc2ccn(Cc3ccccc3)c12,Amidation,,
C441241,1,,,,CC(C)CN,O=C(O)c1cccc2ccn(Cc3ccccc3)c12,CC(C)CNC(=O)c1cccc2ccn(Cc3ccccc3)c12,Amidation,,
C441242,1,,,,COCCN,O=C(O)c1cccc2ccn(Cc3ccccc3)c12,COCCNC(=O)c1cccc2ccn(Cc3ccccc3)c12,Amidation,,
C441244,1,,,,C=C1CNC1,O=C(O)c1cccc2ccn(Cc3ccccc3)c12,C=C1CN(C(=O)c2cccc3ccn(Cc4ccccc4)c23)C1,Amidation,,
C441246,1,,,,NCCNO,O=C(O)c1cccc2ccn(Cc3ccccc3)c12,O=C(NCCNO)c1cccc2ccn(Cc3ccccc3)c12,Amidation,,
C441249,1,,,,SC1CNC1,O=C(O)c1cccc2ccn(Cc3ccccc3)c12,O=C(c1cccc2ccn(Cc3ccccc3)c12)N1CC(S)C1,Amidation,,
C441250,1,,,,C=C(F)CN,O=C(O)c1cccc2ccn(Cc3ccccc3)c12,C=C(F)CNC(=O)c1cccc2ccn(Cc3ccccc3)c12,Amidation,,
C441253,1,,,,CC(S)CN,O=C(O)c1cccc2ccn(Cc3ccccc3)c12,CC(S)CNC(=O)c1cccc2ccn(Cc3ccccc3)c12,Amidation,,
C441254,1,,,,C=CCCN,O=C(O)c1cccc2ccn(Cc3ccccc3)c12,C=CCCNC(=O)c1cccc2ccn(Cc3ccccc3)c12,Amidation,,
C441257,1,,,,CC(C)(C)N,O=C(O)c1cccc2ccn(Cc3ccccc3)c12,CC(C)(C)NC(=O)c1cccc2ccn(Cc3ccccc3)c12,Amidation,,
C441259,1,,,,NCCCBr,O=C(O)c1cccc2ccn(Cc3ccccc3)c12,O=C(NCCCBr)c1cccc2ccn(Cc3ccccc3)c12,Amidation,,
C441260,1,,,,CC#CCN,O=C(O)c1cccc2ccn(Cc3ccccc3)c12,CC#CCNC(=O)c1cccc2ccn(Cc3ccccc3)c12,Amidation,,
C441262,1,,,,CC(=O)CN,O=C(O)c1cccc2ccn(Cc3ccccc3)c12,CC(=O)CNC(=O)c1cccc2ccn(Cc3ccccc3)c12,Amidation,,
C441264,1,,,,CC1(N)CC1,O=C(O)c1cccc2ccn(Cc3ccccc3)c12,CC1(NC(=O)c2cccc3ccn(Cc4ccccc4)c23)CC1,Amidation,,
C441265,1,,,,CC(N)CO,O=C(O)c1cccc2ccn(Cc3ccccc3)c12,CC(CO)NC(=O)c1cccc2ccn(Cc3ccccc3)c12,Amidation,,
C441267,1,,,,C=CC(C)N,O=C(O)c1cccc2ccn(Cc3ccccc3)c12,C=CC(C)NC(=O)c1cccc2ccn(Cc3ccccc3)c12,Amidation,,
C441268,1,,,,OC1CNC1,O=C(O)c1cccc2ccn(Cc3ccccc3)c12,O=C(c1cccc2ccn(Cc3ccccc3)c12)N1CC(O)C1,Amidation,,
C441269,1,,,,CC(N)C#N,O=C(O)c1cccc2ccn(Cc3ccccc3)c12,CC(C#N)NC(=O)c1cccc2ccn(Cc3ccccc3)c12,Amidation,,
C441272,1,,,,CSCCN,O=C(O)c1cccc2ccn(Cc3ccccc3)c12,CSCCNC(=O)c1cccc2ccn(Cc3ccccc3)c12,Amidation,,
C441275,1,,,,CCN(C)N,O=C(O)c1cccc2ccn(Cc3ccccc3)c12,CCN(C)NC(=O)c1cccc2ccn(Cc3ccccc3)c12,Amidation,,
C441276,1,,,,CC1CC1N,O=C(O)c1cccc2ccn(Cc3ccccc3)c12,CC1CC1NC(=O)c1cccc2ccn(Cc3ccccc3)c12,Amidation,,
C441277,1,,,,C=C(Cl)CN,O=C(O)c1cccc2ccn(Cc3ccccc3)c12,C=C(Cl)CNC(=O)c1cccc2ccn(Cc3ccccc3)c12,Amidation,,
C441278,1,,,,CC(O)CN,O=C(O)c1cccc2ccn(Cc3ccccc3)c12,CC(O)CNC(=O)c1cccc2ccn(Cc3ccccc3)c12,Amidation,,
C441279,1,,,,CC(N)CCl,O=C(O)c1cccc2ccn(Cc3ccccc3)c12,CC(CCl)NC(=O)c1cccc2ccn(Cc3ccccc3)c12,Amidation,,
C441281,1,,,,CC1CCN1,O=C(O)c1cccc2ccn(Cc3ccccc3)c12,CC1CCN1C(=O)c1cccc2ccn(Cc3ccccc3)c12,Amidation,,
C441282,1,,,,C=C(Br)CN,O=C(O)c1cccc2ccn(Cc3ccccc3)c12,C=C(Br)CNC(=O)c1cccc2ccn(Cc3ccccc3)c12,Amidation,,
C441283,1,,,,NCCCF,O=C(O)c1cccc2ccn(Cc3ccccc3)c12,O=C(NCCCF)c1cccc2ccn(Cc3ccccc3)c12,Amidation,,
C441285,1,,,,CC(N)CF,O=C(O)c1cccc2ccn(Cc3ccccc3)c12,CC(CF)NC(=O)c1cccc2ccn(Cc3ccccc3)c12,Amidation,,
C441286,1,,,,CC(Cl)CN,O=C(O)c1cccc2ccn(Cc3ccccc3)c12,CC(Cl)CNC(=O)c1cccc2ccn(Cc3ccccc3)c12,Amidation,,
C441287,1,,,,NCC(Cl)Cl,O=C(O)c1cccc2ccn(Cc3ccccc3)c12,O=C(NCC(Cl)Cl)c1cccc2ccn(Cc3ccccc3)c12,Amidation,,
C441290,1,,,,N#CCCN,O=C(O)c1cccc2ccn(Cc3ccccc3)c12,N#CCCNC(=O)c1cccc2ccn(Cc3ccccc3)c12,Amidation,,
C441294,1,,,,C#CC(C)N,O=C(O)c1cccc2ccn(Cc3ccccc3)c12,C#CC(C)NC(=O)c1cccc2ccn(Cc3ccccc3)c12,Amidation,,
C441295,1,,,,NCCCCl,O=C(O)c1cccc2ccn(Cc3ccccc3)c12,O=C(NCCCCl)c1cccc2ccn(Cc3ccccc3)c12,Amidation,,
C378440,1,,,,O=C(O)C1(Br)CCC1,Cc1nc(Cl)c(CN)c(C)c1Cl,Cc1nc(Cl)c(CNC(=O)C2(Br)CCC2)c(C)c1Cl,Amidation,,
C378487,1,,,,O=C(O)C1(F)CCC1,Cc1nc(Cl)c(CN)c(C)c1Cl,Cc1nc(Cl)c(CNC(=O)C2(F)CCC2)c(C)c1Cl,Amidation,,
C378529,1,,,,CC1CC(C(=O)O)C1,Cc1nc(O)c(CN)c(C)c1Cl,Cc1nc(O)c(CNC(=O)C2CC(C)C2)c(C)c1Cl,Amidation,,
C378634,1,,,,O=C(O)C1(Cl)CCC1,Cc1nc(Cl)c(CN)c(C)c1Cl,Cc1nc(Cl)c(CNC(=O)C2(Cl)CCC2)c(C)c1Cl,Amidation,,
C378686,1,,,,O=C(O)C1CC2CC21,Cc1nc(Cl)c(CN)c(C)c1Cl,Cc1nc(Cl)c(CNC(=O)C2CC3CC32)c(C)c1Cl,Amidation,,
C378688,1,,,,O=C(O)C1CC2CC21,Cc1nc(O)c(CN)c(C)c1Cl,Cc1nc(O)c(CNC(=O)C2CC3CC32)c(C)c1Cl,Amidation,,
C378793,1,,,,C=C1CC(C(=O)O)C1,Cc1nc(Cl)c(CN)c(C)c1Cl,C=C1CC(C(=O)NCc2c(Cl)nc(C)c(Cl)c2C)C1,Amidation,,
C349428,1,,,,Cn1cc(C(=O)O)c2ccc(Cl)cc21,N#CN,Cn1cc(C(=O)NC#N)c2ccc(Cl)cc21,Amidation,,
C349431,1,,,,Cn1cc(C(=O)O)c2ccc(Br)cc21,N#CN,Cn1cc(C(=O)NC#N)c2ccc(Br)cc21,Amidation,,
C349444,1,,,,Cn1cc(C(=O)O)c2cc(Br)ccc21,NCCI,Cn1cc(C(=O)NCCI)c2cc(Br)ccc21,Amidation,,
C349446,1,,,,Cn1cc(C(=O)O)c2cc(Br)ccc21,NC1CC1,Cn1cc(C(=O)NC2CC2)c2cc(Br)ccc21,Amidation,,
C349447,1,,,,CCCN,Cn1cc(C(=O)O)c2cc(Br)ccc21,CCCNC(=O)c1cn(C)c2ccc(Br)cc12,Amidation,,
C349448,1,,,,Cn1cc(C(=O)O)c2cc(Br)ccc21,CC(C)N,CC(C)NC(=O)c1cn(C)c2ccc(Br)cc12,Amidation,,
C349449,1,,,,Cn1cc(C(=O)O)c2cccc(Br)c21,NC1CC1,Cn1cc(C(=O)NC2CC2)c2cccc(Br)c21,Amidation,,
C349451,1,,,,CCn1cc(C(=O)O)c2ccccc21,NCCCl,CCn1cc(C(=O)NCCCl)c2ccccc21,Amidation,,
C349454,1,,,,CCn1cc(C(=O)O)c2ccccc21,N#CCN,CCn1cc(C(=O)NCC#N)c2ccccc21,Amidation,,
C349459,1,,,,NCCS,Cn1cc(C(=O)O)c2cc(Br)ccc21,Cn1cc(C(=O)NCCS)c2cc(Br)ccc21,Amidation,,
C349464,1,,,,C=CCN,Cn1cc(C(=O)O)c2cc(Br)ccc21,C=CCNC(=O)c1cn(C)c2ccc(Br)cc12,Amidation,,
C349470,1,,,,Cn1cc(C(=O)O)c2cc(Cl)ccc21,C#CCN,C#CCNC(=O)c1cn(C)c2ccc(Cl)cc12,Amidation,,
C349471,1,,,,CCCN,Cn1cc(C(=O)O)c2cc(Cl)ccc21,CCCNC(=O)c1cn(C)c2ccc(Cl)cc12,Amidation,,
C349472,1,,,,Cn1cc(C(=O)O)c2cc(Cl)ccc21,NCCCl,Cn1cc(C(=O)NCCCl)c2cc(Cl)ccc21,Amidation,,
C349478,1,,,,NCCS,Cn1cc(C(=O)O)c2cc(Cl)ccc21,Cn1cc(C(=O)NCCS)c2cc(Cl)ccc21,Amidation,,
C349480,1,,,,Cn1cc(C(=O)O)c2cc(Cl)ccc21,NCCO,Cn1cc(C(=O)NCCO)c2cc(Cl)ccc21,Amidation,,
C349482,1,,,,Cn1cc(C(=O)O)c2cccc(Br)c21,NCCO,Cn1cc(C(=O)NCCO)c2cccc(Br)c21,Amidation,,
C349486,1,,,,Cn1cc(C(=O)O)c2cc(Cl)ccc21,NC1CC1,Cn1cc(C(=O)NC2CC2)c2cc(Cl)ccc21,Amidation,,
C349491,1,,,,Cn1cc(C(=O)O)c2cccc(Br)c21,CC(C)N,CC(C)NC(=O)c1cn(C)c2c(Br)cccc12,Amidation,,
C349494,1,,,,Cn1cc(C(=O)O)c2cc(Cl)ccc21,NCCI,Cn1cc(C(=O)NCCI)c2cc(Cl)ccc21,Amidation,,
C349495,1,,,,Cn1cc(C(=O)O)c2cc(F)cc(F)c21,N#CN,Cn1cc(C(=O)NC#N)c2cc(F)cc(F)c21,Amidation,,
C349498,1,,,,NCCS,Cn1cc(C(=O)O)c2cccc(Br)c21,Cn1cc(C(=O)NCCS)c2cccc(Br)c21,Amidation,,
C349500,1,,,,NCCBr,Cn1cc(C(=O)O)c2cccc(Cl)c21,Cn1cc(C(=O)NCCBr)c2cccc(Cl)c21,Amidation,,
C349503,1,,,,NCCS,Cn1cc(C(=O)O)c2ccc(Cl)cc21,Cn1cc(C(=O)NCCS)c2ccc(Cl)cc21,Amidation,,
C349506,1,,,,NCCS,Cn1c(Cl)c(C(=O)O)c2ccccc21,Cn1c(Cl)c(C(=O)NCCS)c2ccccc21,Amidation,,
C349509,1,,,,NCCBr,Cn1cc(C(=O)O)c2ccc(Cl)cc21,Cn1cc(C(=O)NCCBr)c2ccc(Cl)cc21,Amidation,,
C349517,1,,,,Cn1cc(C(=O)O)c2ccc(Cl)cc21,NCCF,Cn1cc(C(=O)NCCF)c2ccc(Cl)cc21,Amidation,,
C349524,1,,,,C=CCN,Cn1cc(C(=O)O)c2ccc(Cl)cc21,C=CCNC(=O)c1cn(C)c2cc(Cl)ccc12,Amidation,,
C349528,1,,,,Cn1cc(C(=O)O)c2ccc(Cl)cc21,N#CCN,Cn1cc(C(=O)NCC#N)c2ccc(Cl)cc21,Amidation,,
C349529,1,,,,Cn1cc(C(=O)O)c2ccc(Cl)cc21,C#CCN,C#CCNC(=O)c1cn(C)c2cc(Cl)ccc12,Amidation,,
C349530,1,,,,CCCN,Cn1cc(C(=O)O)c2ccc(Cl)cc21,CCCNC(=O)c1cn(C)c2cc(Cl)ccc12,Amidation,,
C349532,1,,,,Cn1cc(C(=O)O)c2ccc(Cl)cc21,NC1CC1,Cn1cc(C(=O)NC2CC2)c2ccc(Cl)cc21,Amidation,,
C349537,1,,,,Cn1cc(C(=O)O)c2cccc(Cl)c21,NC1CC1,Cn1cc(C(=O)NC2CC2)c2cccc(Cl)c21,Amidation,,
C349543,1,,,,CCn1cc(C(=O)O)c2ccccc21,CC(C)N,CCn1cc(C(=O)NC(C)C)c2ccccc21,Amidation,,
C349545,1,,,,CCCN,Cn1cc(C(=O)O)c2cccc(Cl)c21,CCCNC(=O)c1cn(C)c2c(Cl)cccc12,Amidation,,
C349547,1,,,,Cn1cc(C(=O)O)c2cccc(Cl)c21,CC(C)N,CC(C)NC(=O)c1cn(C)c2c(Cl)cccc12,Amidation,,
C349548,1,,,,C=CCN,Cn1cc(C(=O)O)c2cccc(Cl)c21,C=CCNC(=O)c1cn(C)c2c(Cl)cccc12,Amidation,,
C349549,1,,,,Cn1cc(C(=O)O)c2cccc(Cl)c21,NCCF,Cn1cc(C(=O)NCCF)c2cccc(Cl)c21,Amidation,,
C349568,1,,,,Cn1cc(C(=O)O)c2cccc(Br)c21,C#CCN,C#CCNC(=O)c1cn(C)c2c(Br)cccc12,Amidation,,
C349569,1,,,,Cn1cc(C(=O)O)c2ccc(Br)cc21,NCCI,Cn1cc(C(=O)NCCI)c2ccc(Br)cc21,Amidation,,
C349570,1,,,,Cn1cc(C(=O)O)c2c(Br)cccc21,CC(C)N,CC(C)NC(=O)c1cn(C)c2cccc(Br)c12,Amidation,,
C349571,1,,,,C=CCN,Cn1cc(C(=O)O)c2c(Br)cccc21,C=CCNC(=O)c1cn(C)c2cccc(Br)c12,Amidation,,
C349573,1,,,,Cn1cc(C(=O)O)c2ccc(Br)cc21,NC1CC1,Cn1cc(C(=O)NC2CC2)c2ccc(Br)cc21,Amidation,,
C349576,1,,,,CCCN,Cn1cc(C(=O)O)c2ccc(F)cc21,CCCNC(=O)c1cn(C)c2cc(F)ccc12,Amidation,,
C349577,1,,,,Cn1cc(C(=O)O)c2ccc(F)cc21,NCCCl,Cn1cc(C(=O)NCCCl)c2ccc(F)cc21,Amidation,,
C349578,1,,,,Cn1cc(C(=O)O)c2ccc(F)cc21,CC(C)N,CC(C)NC(=O)c1cn(C)c2cc(F)ccc12,Amidation,,
C349579,1,,,,C=CCN,Cn1cc(C(=O)O)c2ccc(F)cc21,C=CCNC(=O)c1cn(C)c2cc(F)ccc12,Amidation,,
C349581,1,,,,NCCBr,Cn1cc(C(=O)O)c2ccc(F)cc21,Cn1cc(C(=O)NCCBr)c2ccc(F)cc21,Amidation,,
C349588,1,,,,NCCS,Cn1cc(C(=O)O)c2c(Br)cccc21,Cn1cc(C(=O)NCCS)c2c(Br)cccc21,Amidation,,
C349591,1,,,,CCCN,Cn1cc(C(=O)O)c2c(Br)cccc21,CCCNC(=O)c1cn(C)c2cccc(Br)c12,Amidation,,
C349592,1,,,,Cn1cc(C(=O)O)c2c(Br)cccc21,N#CCN,Cn1cc(C(=O)NCC#N)c2c(Br)cccc21,Amidation,,
C349597,1,,,,Cn1cc(C(=O)O)c2ccc(Br)cc21,CC(C)N,CC(C)NC(=O)c1cn(C)c2cc(Br)ccc12,Amidation,,
C349602,1,,,,NCCS,Cn1cc(C(=O)O)c2ccc(Br)cc21,Cn1cc(C(=O)NCCS)c2ccc(Br)cc21,Amidation,,
C349607,1,,,,Cn1cc(C(=O)O)c2ccc(F)cc21,NCCI,Cn1cc(C(=O)NCCI)c2ccc(F)cc21,Amidation,,
C349608,1,,,,Cn1cc(C(=O)O)c2ccc(F)cc21,NC1CC1,Cn1cc(C(=O)NC2CC2)c2ccc(F)cc21,Amidation,,
C349609,1,,,,Cn1cc(C(=O)O)c2c(Br)cccc21,NC1CC1,Cn1cc(C(=O)NC2CC2)c2c(Br)cccc21,Amidation,,
C349610,1,,,,Cn1cc(C(=O)O)c2c(Br)cccc21,NCCI,Cn1cc(C(=O)NCCI)c2c(Br)cccc21,Amidation,,
C349613,1,,,,Cn1cc(C(=O)O)c2c(Br)cccc21,C#CCN,C#CCNC(=O)c1cn(C)c2cccc(Br)c12,Amidation,,
C349628,1,,,,NCCS,Cn1cc(C(=O)O)c2cc(F)ccc21,Cn1cc(C(=O)NCCS)c2cc(F)ccc21,Amidation,,
C349636,1,,,,Cn1cc(C(=O)O)c2ccc(Br)cc21,N#CCN,Cn1cc(C(=O)NCC#N)c2ccc(Br)cc21,Amidation,,
C349637,1,,,,COc1ccc2c(c1)c(C(=O)O)cn2C,N#CN,COc1ccc2c(c1)c(C(=O)NC#N)cn2C,Amidation,,
C349639,1,,,,Cn1cc(C(=O)O)c2c(Br)cccc21,CC(N)CCl,CC(CCl)NC(=O)c1cn(C)c2cccc(Br)c12,Amidation,,
C349644,1,,,,Cn1cc(C(=O)O)c2cccc(Br)c21,NCCNO,Cn1cc(C(=O)NCCNO)c2cccc(Br)c21,Amidation,,
C349645,1,,,,NCC#CBr,Cn1cc(C(=O)O)c2cccc(Br)c21,Cn1cc(C(=O)NCC#CBr)c2cccc(Br)c21,Amidation,,
C349648,1,,,,C#CC(C)N,Cn1cc(C(=O)O)c2c(Br)cccc21,C#CC(C)NC(=O)c1cn(C)c2cccc(Br)c12,Amidation,,
C349650,1,,,,Cn1cc(C(=O)O)c2c(Br)cccc21,NCCCCl,Cn1cc(C(=O)NCCCCl)c2c(Br)cccc21,Amidation,,
C349651,1,,,,Cn1cc(C(=O)O)c2c(Br)cccc21,CC(=O)CN,CC(=O)CNC(=O)c1cn(C)c2cccc(Br)c12,Amidation,,
C349653,1,,,,Cn1cc(C(=O)O)c2c(Br)cccc21,C=CC(C)N,C=CC(C)NC(=O)c1cn(C)c2cccc(Br)c12,Amidation,,
C349654,1,,,,Cn1cc(C(=O)O)c2c(Br)cccc21,C=C(Cl)CN,C=C(Cl)CNC(=O)c1cn(C)c2cccc(Br)c12,Amidation,,
C349655,1,,,,Cn1cc(C(=O)O)c2c(Br)cccc21,CC(O)CN,CC(O)CNC(=O)c1cn(C)c2cccc(Br)c12,Amidation,,
C349658,1,,,,Cn1cc(C(=O)O)c2c(Br)cccc21,COCCN,COCCNC(=O)c1cn(C)c2cccc(Br)c12,Amidation,,
C349659,1,,,,Cn1cc(C(=O)O)c2c(Br)cccc21,CC1(N)CC1,Cn1cc(C(=O)NC2(C)CC2)c2c(Br)cccc21,Amidation,,
C349661,1,,,,Cn1cc(C(=O)O)c2ccc(F)cc21,NCCNO,Cn1cc(C(=O)NCCNO)c2ccc(F)cc21,Amidation,,
C349664,1,,,,SC1CNC1,Cn1cc(C(=O)O)c2ccc(F)cc21,Cn1cc(C(=O)N2CC(S)C2)c2ccc(F)cc21,Amidation,,
C349669,1,,,,NCC1CC1,CCn1cc(C(=O)O)c2ccccc21,CCn1cc(C(=O)NCC2CC2)c2ccccc21,Amidation,,
C349671,1,,,,CCn1cc(C(=O)O)c2ccccc21,CC(N)C#N,CCn1cc(C(=O)NC(C)C#N)c2ccccc21,Amidation,,
C349675,1,,,,CC(N)CO,CCn1cc(C(=O)O)c2ccccc21,CCn1cc(C(=O)NC(C)CO)c2ccccc21,Amidation,,
C349676,1,,,,CCn1cc(C(=O)O)c2ccccc21,CC1(N)CC1,CCn1cc(C(=O)NC2(C)CC2)c2ccccc21,Amidation,,
C349679,1,,,,C=C1CNC1,Cn1cc(C(=O)O)c2ccc(F)cc21,C=C1CN(C(=O)c2cn(C)c3cc(F)ccc23)C1,Amidation,,
C349682,1,,,,CC(N)CO,Cn1cc(C(=O)O)c2c(Br)cccc21,CC(CO)NC(=O)c1cn(C)c2cccc(Br)c12,Amidation,,
C349690,1,,,,Cn1cc(C(=O)O)c2c(Br)cccc21,CC1CC1N,CC1CC1NC(=O)c1cn(C)c2cccc(Br)c12,Amidation,,
C349692,1,,,,Cn1cc(C(=O)O)c2c(Br)cccc21,CC(N)C#N,CC(C#N)NC(=O)c1cn(C)c2cccc(Br)c12,Amidation,,
C349693,1,,,,NCC1CC1,Cn1cc(C(=O)O)c2c(Br)cccc21,Cn1cc(C(=O)NCC2CC2)c2c(Br)cccc21,Amidation,,
C349697,1,,,,CC(Br)CN,Cn1cc(C(=O)O)c2cccc(Br)c21,CC(Br)CNC(=O)c1cn(C)c2c(Br)cccc12,Amidation,,
C349704,1,,,,NCCCO,Cn1cc(C(=O)O)c2cccc(Br)c21,Cn1cc(C(=O)NCCCO)c2cccc(Br)c21,Amidation,,
C349707,1,,,,Cn1cc(C(=O)O)c2c(Br)cccc21,CCC(C)N,CCC(C)NC(=O)c1cn(C)c2cccc(Br)c12,Amidation,,
C349708,1,,,,O=C1CNC1,Cn1cc(C(=O)O)c2c(Br)cccc21,Cn1cc(C(=O)N2CC(=O)C2)c2c(Br)cccc21,Amidation,,
C349709,1,,,,NN1CCC1,Cn1cc(C(=O)O)c2c(Br)cccc21,Cn1cc(C(=O)NN2CCC2)c2c(Br)cccc21,Amidation,,
C349713,1,,,,Cn1cc(C(=O)O)c2c(Br)cccc21,CC(C)(C)N,Cn1cc(C(=O)NC(C)(C)C)c2c(Br)cccc21,Amidation,,
C349716,1,,,,NCCCBr,Cn1cc(C(=O)O)c2c(Br)cccc21,Cn1cc(C(=O)NCCCBr)c2c(Br)cccc21,Amidation,,
C349718,1,,,,NC1CSC1,Cn1cc(C(=O)O)c2c(Br)cccc21,Cn1cc(C(=O)NC2CSC2)c2c(Br)cccc21,Amidation,,
C349727,1,,,,Cn1cc(C(=O)O)c2c(Br)cccc21,CC(N)CF,CC(CF)NC(=O)c1cn(C)c2cccc(Br)c12,Amidation,,
C349728,1,,,,Cn1cc(C(=O)O)c2c(Br)cccc21,CC(Cl)CN,CC(Cl)CNC(=O)c1cn(C)c2cccc(Br)c12,Amidation,,
C349735,1,,,,Cn1cc(C(=O)O)c2c(Br)cccc21,CC(F)CN,CC(F)CNC(=O)c1cn(C)c2cccc(Br)c12,Amidation,,
C349738,1,,,,CCN(C)N,Cn1cc(C(=O)O)c2c(Br)cccc21,CCN(C)NC(=O)c1cn(C)c2cccc(Br)c12,Amidation,,
C349742,1,,,,Cn1cc(C(=O)O)c2c(Br)cccc21,NCCNO,Cn1cc(C(=O)NCCNO)c2c(Br)cccc21,Amidation,,
C349746,1,,,,Cn1cc(C(=O)O)c2c(Br)cccc21,C=C(F)CN,C=C(F)CNC(=O)c1cn(C)c2cccc(Br)c12,Amidation,,
C349747,1,,,,NCC=CCl,Cn1cc(C(=O)O)c2c(Br)cccc21,Cn1cc(C(=O)NCC=CCl)c2c(Br)cccc21,Amidation,,
C349749,1,,,,CC(S)CN,Cn1cc(C(=O)O)c2c(Br)cccc21,CC(S)CNC(=O)c1cn(C)c2cccc(Br)c12,Amidation,,
C349750,1,,,,Cn1cc(C(=O)O)c2c(Br)cccc21,CCCCN,CCCCNC(=O)c1cn(C)c2cccc(Br)c12,Amidation,,
C349756,1,,,,Cn1cc(C(=O)O)c2c(Br)cccc21,NC1CCC1,Cn1cc(C(=O)NC2CCC2)c2c(Br)cccc21,Amidation,,
C349757,1,,,,CC(N)CS,Cn1cc(C(=O)O)c2c(Br)cccc21,CC(CS)NC(=O)c1cn(C)c2cccc(Br)c12,Amidation,,
C349759,1,,,,Cn1cc(C(=O)O)c2c(Br)cccc21,NCC(F)Cl,Cn1cc(C(=O)NCC(F)Cl)c2c(Br)cccc21,Amidation,,
C349770,1,,,,Cn1cc(C(=O)O)c2c(Br)cccc21,NCC(F)F,Cn1cc(C(=O)NCC(F)F)c2c(Br)cccc21,Amidation,,
C349772,1,,,,NN1CCC1,Cn1cc(C(=O)O)c2cccc(Br)c21,Cn1cc(C(=O)NN2CCC2)c2cccc(Br)c21,Amidation,,
C349774,1,,,,Cn1cc(C(=O)O)c2cccc(Br)c21,CCC(C)N,CCC(C)NC(=O)c1cn(C)c2c(Br)cccc12,Amidation,,
C349776,1,,,,NC1CSC1,Cn1cc(C(=O)O)c2cccc(Br)c21,Cn1cc(C(=O)NC2CSC2)c2cccc(Br)c21,Amidation,,
C349779,1,,,,Cn1cc(C(=O)O)c2cccc(Br)c21,CC(F)CN,CC(F)CNC(=O)c1cn(C)c2c(Br)cccc12,Amidation,,
C349781,1,,,,Cn1cc(C(=O)O)c2cccc(Br)c21,NCC(F)Cl,Cn1cc(C(=O)NCC(F)Cl)c2cccc(Br)c21,Amidation,,
C349783,1,,,,CC(N)CS,Cn1cc(C(=O)O)c2cccc(Br)c21,CC(CS)NC(=O)c1cn(C)c2c(Br)cccc12,Amidation,,
C349792,1,,,,Cn1cc(C(=O)O)c2cccc(Br)c21,CC(N)C#N,CC(C#N)NC(=O)c1cn(C)c2c(Br)cccc12,Amidation,,
C349794,1,,,,C=C(Br)CN,Cn1cc(C(=O)O)c2cccc(Br)c21,C=C(Br)CNC(=O)c1cn(C)c2c(Br)cccc12,Amidation,,
C349797,1,,,,CC(N)CO,Cn1cc(C(=O)O)c2cccc(Br)c21,CC(CO)NC(=O)c1cn(C)c2c(Br)cccc12,Amidation,,
C349800,1,,,,Cn1cc(C(=O)O)c2cccc(Br)c21,CC(=O)CN,CC(=O)CNC(=O)c1cn(C)c2c(Br)cccc12,Amidation,,
C349803,1,,,,Cn1cc(C(=O)O)c2cccc(Br)c21,C=CC(C)N,C=CC(C)NC(=O)c1cn(C)c2c(Br)cccc12,Amidation,,
C349806,1,,,,Cn1cc(C(=O)O)c2cccc(Br)c21,CC(N)CCl,CC(CCl)NC(=O)c1cn(C)c2c(Br)cccc12,Amidation,,
C349820,1,,,,Cn1cc(C(=O)O)c2cccc(Br)c21,NCCCF,Cn1cc(C(=O)NCCCF)c2cccc(Br)c21,Amidation,,
C349822,1,,,,CCn1cc(C(=O)O)c2ccccc21,NCCNO,CCn1cc(C(=O)NCCNO)c2ccccc21,Amidation,,
C349823,1,,,,CCn1cc(C(=O)O)c2ccccc21,C=C(Cl)CN,C=C(Cl)CNC(=O)c1cn(CC)c2ccccc12,Amidation,,
C349836,1,,,,NCCS,C#CCn1cc(C(=O)O)c2ccccc21,C#CCn1cc(C(=O)NCCS)c2ccccc21,Amidation,,
C349847,1,,,,O=C(O)c1cn2c3c(cccc13)CCC2,CC(C)N,CC(C)NC(=O)c1cn2c3c(cccc13)CCC2,Amidation,,
C349859,1,,,,NCCS,Cn1cc(C(=O)O)c2cc(F)cc(F)c21,Cn1cc(C(=O)NCCS)c2cc(F)cc(F)c21,Amidation,,
C349861,1,,,,Cn1cc(C(=O)O)c2cc(F)cc(F)c21,NCCO,Cn1cc(C(=O)NCCO)c2cc(F)cc(F)c21,Amidation,,
C349862,1,,,,NCCBr,Cn1cc(C(=O)O)c2cc(F)cc(F)c21,Cn1cc(C(=O)NCCBr)c2cc(F)cc(F)c21,Amidation,,
C349865,1,,,,Cn1cc(C(=O)O)c2cc(F)cc(F)c21,NCCF,Cn1cc(C(=O)NCCF)c2cc(F)cc(F)c21,Amidation,,
C349866,1,,,,Cn1cc(C(=O)O)c2cc(F)cc(F)c21,CC(C)N,CC(C)NC(=O)c1cn(C)c2c(F)cc(F)cc12,Amidation,,
C349868,1,,,,C=CCN,Cn1cc(C(=O)O)c2cc(F)cc(F)c21,C=CCNC(=O)c1cn(C)c2c(F)cc(F)cc12,Amidation,,
C349874,1,,,,CCCN,Cn1cc(C(=O)O)c2cc(F)cc(F)c21,CCCNC(=O)c1cn(C)c2c(F)cc(F)cc12,Amidation,,
C349879,1,,,,NCCS,CCCn1cc(C(=O)O)c2ccccc21,CCCn1cc(C(=O)NCCS)c2ccccc21,Amidation,,
C349884,1,,,,CCCn1cc(C(=O)O)c2ccccc21,CC(C)N,CCCn1cc(C(=O)NC(C)C)c2ccccc21,Amidation,,
C349893,1,,,,CCCN,CCCn1cc(C(=O)O)c2ccccc21,CCCNC(=O)c1cn(CCC)c2ccccc12,Amidation,,
C349926,1,,,,COc1ccc2c(c1)c(C(=O)O)cn2C,NC1CC1,COc1ccc2c(c1)c(C(=O)NC1CC1)cn2C,Amidation,,
C349930,1,,,,COc1ccc2c(c1)c(C(=O)O)cn2C,N#CCN,COc1ccc2c(c1)c(C(=O)NCC#N)cn2C,Amidation,,
C349934,1,,,,COc1ccc2c(c1)c(C(=O)O)cn2C,CC(C)N,COc1ccc2c(c1)c(C(=O)NC(C)C)cn2C,Amidation,,
C349935,1,,,,C=CCN,COc1ccc2c(c1)c(C(=O)O)cn2C,C=CCNC(=O)c1cn(C)c2ccc(OC)cc12,Amidation,,
C349937,1,,,,NCCBr,COc1ccc2c(c1)c(C(=O)O)cn2C,COc1ccc2c(c1)c(C(=O)NCCBr)cn2C,Amidation,,
C349938,1,,,,C1CNC1,COc1ccc2c(c1)c(C(=O)O)cn2C,COc1ccc2c(c1)c(C(=O)N1CCC1)cn2C,Amidation,,
C349939,1,,,,NCCS,COc1ccc2c(c1)c(C(=O)O)cn2C,COc1ccc2c(c1)c(C(=O)NCCS)cn2C,Amidation,,
C349952,1,,,,CC(S)CN,CCn1cc(C(=O)O)c2ccccc21,CCn1cc(C(=O)NCC(C)S)c2ccccc21,Amidation,,
C349976,1,,,,CCn1cc(C(=O)O)c2ccccc21,CCN(C)N,CCN(C)NC(=O)c1cn(CC)c2ccccc12,Amidation,,
C349979,1,,,,CCn1cc(C(=O)O)c2ccccc21,NC1CCC1,CCn1cc(C(=O)NC2CCC2)c2ccccc21,Amidation,,
C349980,1,,,,CC(N)CS,CCn1cc(C(=O)O)c2ccccc21,CCn1cc(C(=O)NC(C)CS)c2ccccc21,Amidation,,
C349983,1,,,,CCn1cc(C(=O)O)c2ccccc21,CC(N)CF,CCn1cc(C(=O)NC(C)CF)c2ccccc21,Amidation,,
C349984,1,,,,CCn1cc(C(=O)O)c2ccccc21,CC(Cl)CN,CCn1cc(C(=O)NCC(C)Cl)c2ccccc21,Amidation,,
C349988,1,,,,C=C(Br)CN,CCn1cc(C(=O)O)c2ccccc21,C=C(Br)CNC(=O)c1cn(CC)c2ccccc12,Amidation,,
C349989,1,,,,N#CCCN,CCn1cc(C(=O)O)c2ccccc21,CCn1cc(C(=O)NCCC#N)c2ccccc21,Amidation,,
C349990,1,,,,C#CCCN,CCn1cc(C(=O)O)c2ccccc21,C#CCCNC(=O)c1cn(CC)c2ccccc12,Amidation,,
C349994,1,,,,CCn1cc(C(=O)O)c2ccccc21,CC(N)CCl,CCn1cc(C(=O)NC(C)CCl)c2ccccc21,Amidation,,
C349997,1,,,,CCn1cc(C(=O)O)c2ccccc21,CC1CCN1,CCn1cc(C(=O)N2CCC2C)c2ccccc21,Amidation,,
C350001,1,,,,CCn1cc(C(=O)O)c2ccccc21,NCC(F)Cl,CCn1cc(C(=O)NCC(F)Cl)c2ccccc21,Amidation,,
C350008,1,,,,CCn1cc(C(=O)O)c2ccccc21,CCC(C)N,CCC(C)NC(=O)c1cn(CC)c2ccccc12,Amidation,,
C350010,1,,,,CCn1cc(C(=O)O)c2ccccc21,NN1CCC1,CCn1cc(C(=O)NN2CCC2)c2ccccc21,Amidation,,
C350014,1,,,,CCn1cc(C(=O)O)c2ccccc21,CC(C)(C)N,CCn1cc(C(=O)NC(C)(C)C)c2ccccc21,Amidation,,
C350018,1,,,,CCn1cc(C(=O)O)c2ccccc21,C=CC(C)N,C=CC(C)NC(=O)c1cn(CC)c2ccccc12,Amidation,,
C350028,1,,,,SC1CNC1,Cc1c(C(=O)O)c2ccccc2n1C,Cc1c(C(=O)N2CC(S)C2)c2ccccc2n1C,Amidation,,
C350039,1,,,,CCN(C)N,Cc1c(C(=O)O)c2ccccc2n1C,CCN(C)NC(=O)c1c(C)n(C)c2ccccc12,Amidation,,
C350045,1,,,,CCCN,CC(C)n1cc(C(=O)O)c2ccccc21,CCCNC(=O)c1cn(C(C)C)c2ccccc12,Amidation,,
C350075,1,,,,N#CCCN,Cc1c(C(=O)O)c2ccccc2n1C,Cc1c(C(=O)NCCC#N)c2ccccc2n1C,Amidation,,
C350079,1,,,,CC(N)CS,Cc1c(C(=O)O)c2ccccc2n1C,Cc1c(C(=O)NC(C)CS)c2ccccc2n1C,Amidation,,
C350081,1,,,,Cc1c(C(=O)O)c2ccccc2n1C,NCC(F)Cl,Cc1c(C(=O)NCC(F)Cl)c2ccccc2n1C,Amidation,,
C350090,1,,,,NN1CCC1,Cc1c(C(=O)O)c2ccccc2n1C,Cc1c(C(=O)NN2CCC2)c2ccccc2n1C,Amidation,,
C350102,1,,,,NC1CSC1,Cn1cc(C(=O)O)c2cc(Cl)ccc21,Cn1cc(C(=O)NC2CSC2)c2cc(Cl)ccc21,Amidation,,
C350104,1,,,,Cn1cc(C(=O)O)c2cc(Cl)ccc21,CCC(C)N,CCC(C)NC(=O)c1cn(C)c2ccc(Cl)cc12,Amidation,,
C350105,1,,,,O=C1CNC1,Cn1cc(C(=O)O)c2cc(Cl)ccc21,Cn1cc(C(=O)N2CC(=O)C2)c2cc(Cl)ccc21,Amidation,,
C350106,1,,,,NN1CCC1,Cn1cc(C(=O)O)c2cc(Cl)ccc21,Cn1cc(C(=O)NN2CCC2)c2cc(Cl)ccc21,Amidation,,
C350110,1,,,,Cn1cc(C(=O)O)c2cc(Cl)ccc21,CC(C)(C)N,Cn1cc(C(=O)NC(C)(C)C)c2cc(Cl)ccc21,Amidation,,
C350112,1,,,,NCCCBr,Cn1cc(C(=O)O)c2cc(Cl)ccc21,Cn1cc(C(=O)NCCCBr)c2cc(Cl)ccc21,Amidation,,
C350115,1,,,,Cn1cc(C(=O)O)c2cc(Cl)ccc21,CC(F)CN,CC(F)CNC(=O)c1cn(C)c2ccc(Cl)cc12,Amidation,,
C350119,1,,,,ClC1CNC1,Cn1cc(C(=O)O)c2cc(Cl)ccc21,Cn1cc(C(=O)N2CC(Cl)C2)c2cc(Cl)ccc21,Amidation,,
C350121,1,,,,SC1CNC1,Cn1cc(C(=O)O)c2cc(Cl)ccc21,Cn1cc(C(=O)N2CC(S)C2)c2cc(Cl)ccc21,Amidation,,
C350122,1,,,,Cn1cc(C(=O)O)c2cc(Cl)ccc21,C=C(F)CN,C=C(F)CNC(=O)c1cn(C)c2ccc(Cl)cc12,Amidation,,
C350123,1,,,,CC(Br)CN,Cn1cc(C(=O)O)c2cc(Cl)ccc21,CC(Br)CNC(=O)c1cn(C)c2ccc(Cl)cc12,Amidation,,
C350125,1,,,,CC(S)CN,Cn1cc(C(=O)O)c2cc(Cl)ccc21,CC(S)CNC(=O)c1cn(C)c2ccc(Cl)cc12,Amidation,,
C350127,1,,,,Cn1cc(C(=O)O)c2cc(Cl)ccc21,CCCCN,CCCCNC(=O)c1cn(C)c2ccc(Cl)cc12,Amidation,,
C350131,1,,,,Cn1cc(C(=O)O)c2cc(Cl)ccc21,NCC(=O)[O-],Cn1cc(C(=O)NCC(=O)[O-])c2cc(Cl)ccc21,Amidation,,
C350134,1,,,,CC(N)CS,Cn1cc(C(=O)O)c2cc(Cl)ccc21,CC(CS)NC(=O)c1cn(C)c2ccc(Cl)cc12,Amidation,,
C350136,1,,,,Cn1cc(C(=O)O)c2cc(Cl)ccc21,NCCNO,Cn1cc(C(=O)NCCNO)c2cc(Cl)ccc21,Amidation,,
C350137,1,,,,C=C(Br)CN,Cn1cc(C(=O)O)c2cc(Cl)ccc21,C=C(Br)CNC(=O)c1cn(C)c2ccc(Cl)cc12,Amidation,,
C350138,1,,,,FC1CNC1,Cn1cc(C(=O)O)c2cc(Cl)ccc21,Cn1cc(C(=O)N2CC(F)C2)c2cc(Cl)ccc21,Amidation,,
C350140,1,,,,Cn1cc(C(=O)O)c2cc(Cl)ccc21,CC(=O)CN,CC(=O)CNC(=O)c1cn(C)c2ccc(Cl)cc12,Amidation,,
C350142,1,,,,Cn1cc(C(=O)O)c2cc(Cl)ccc21,CC1(N)CC1,Cn1cc(C(=O)NC2(C)CC2)c2cc(Cl)ccc21,Amidation,,
C350143,1,,,,CC(N)CO,Cn1cc(C(=O)O)c2cc(Cl)ccc21,CC(CO)NC(=O)c1cn(C)c2ccc(Cl)cc12,Amidation,,
C350145,1,,,,OC1CNC1,Cn1cc(C(=O)O)c2cc(Cl)ccc21,Cn1cc(C(=O)N2CC(O)C2)c2cc(Cl)ccc21,Amidation,,
C350146,1,,,,Cn1cc(C(=O)O)c2cc(Cl)ccc21,CC1CC1N,CC1CC1NC(=O)c1cn(C)c2ccc(Cl)cc12,Amidation,,
C350148,1,,,,CC(S)CN,Cn1cc(C(=O)O)c2ccc(F)cc21,CC(S)CNC(=O)c1cn(C)c2cc(F)ccc12,Amidation,,
C350151,1,,,,Cn1cc(C(=O)O)c2cc(F)ccc21,CC1CC1N,CC1CC1NC(=O)c1cn(C)c2ccc(F)cc12,Amidation,,
C350158,1,,,,Cn1cc(C(=O)O)c2cc(Cl)ccc21,CC(N)CF,CC(CF)NC(=O)c1cn(C)c2ccc(Cl)cc12,Amidation,,
C350160,1,,,,Cn1cc(C(=O)O)c2cc(Cl)ccc21,NCC(Cl)Cl,Cn1cc(C(=O)NCC(Cl)Cl)c2cc(Cl)ccc21,Amidation,,
C350165,1,,,,Cn1cc(C(=O)O)c2cc(Cl)ccc21,NCCCF,Cn1cc(C(=O)NCCCF)c2cc(Cl)ccc21,Amidation,,
C350167,1,,,,C#CC(C)N,Cn1cc(C(=O)O)c2cc(Cl)ccc21,C#CC(C)NC(=O)c1cn(C)c2ccc(Cl)cc12,Amidation,,
C350170,1,,,,Cn1cc(C(=O)O)c2cc(Cl)ccc21,CC(O)CN,CC(O)CNC(=O)c1cn(C)c2ccc(Cl)cc12,Amidation,,
C350174,1,,,,CC(N)CO,Cn1cc(C(=O)O)c2cc(F)ccc21,CC(CO)NC(=O)c1cn(C)c2ccc(F)cc12,Amidation,,
C350177,1,,,,NC1CSC1,Cn1cc(C(=O)O)c2cccc(Cl)c21,Cn1cc(C(=O)NC2CSC2)c2cccc(Cl)c21,Amidation,,
C350181,1,,,,NN1CCC1,Cn1cc(C(=O)O)c2cccc(Cl)c21,Cn1cc(C(=O)NN2CCC2)c2cccc(Cl)c21,Amidation,,
C350190,1,,,,CC1CCN1,Cn1cc(C(=O)O)c2cccc(Cl)c21,CC1CCN1C(=O)c1cn(C)c2c(Cl)cccc12,Amidation,,
C350192,1,,,,Cn1cc(C(=O)O)c2cccc(Cl)c21,CC(F)CN,CC(F)CNC(=O)c1cn(C)c2c(Cl)cccc12,Amidation,,
C350206,1,,,,Cn1cc(C(=O)O)c2cccc(Cl)c21,NCC(=O)[O-],Cn1cc(C(=O)NCC(=O)[O-])c2cccc(Cl)c21,Amidation,,
C350208,1,,,,Cn1cc(C(=O)O)c2cccc(Cl)c21,NC1CCC1,Cn1cc(C(=O)NC2CCC2)c2cccc(Cl)c21,Amidation,,
C350209,1,,,,CC(N)CS,Cn1cc(C(=O)O)c2cccc(Cl)c21,CC(CS)NC(=O)c1cn(C)c2c(Cl)cccc12,Amidation,,
C350214,1,,,,Cn1cc(C(=O)O)c2cccc(Cl)c21,CC(N)CF,CC(CF)NC(=O)c1cn(C)c2c(Cl)cccc12,Amidation,,
C350215,1,,,,CC(N)CO,Cn1cc(C(=O)O)c2cccc(Cl)c21,CC(CO)NC(=O)c1cn(C)c2c(Cl)cccc12,Amidation,,
C350219,1,,,,Cn1cc(C(=O)O)c2cccc(Cl)c21,CC(N)C#N,CC(C#N)NC(=O)c1cn(C)c2c(Cl)cccc12,Amidation,,
C350225,1,,,,CCN(C)N,Cn1cc(C(=O)O)c2cc(Cl)ccc21,CCN(C)NC(=O)c1cn(C)c2ccc(Cl)cc12,Amidation,,
C350227,1,,,,CC(C)CN,Cn1cc(C(=O)O)c2cc(Cl)ccc21,CC(C)CNC(=O)c1cn(C)c2ccc(Cl)cc12,Amidation,,
C350228,1,,,,Cn1cc(C(=O)O)c2cc(Cl)ccc21,COCCN,COCCNC(=O)c1cn(C)c2ccc(Cl)cc12,Amidation,,
C350230,1,,,,Cn1cc(C(=O)O)c2cccc(Cl)c21,CC1(N)CC1,Cn1cc(C(=O)NC2(C)CC2)c2cccc(Cl)c21,Amidation,,
C350235,1,,,,Cn1cc(C(=O)O)c2cccc(Cl)c21,NCC(Cl)Cl,Cn1cc(C(=O)NCC(Cl)Cl)c2cccc(Cl)c21,Amidation,,
C350240,1,,,,C#CCCN,Cn1cc(C(=O)O)c2cccc(Cl)c21,C#CCCNC(=O)c1cn(C)c2c(Cl)cccc12,Amidation,,
C350241,1,,,,FC1CNC1,Cn1cc(C(=O)O)c2cccc(Cl)c21,Cn1cc(C(=O)N2CC(F)C2)c2cccc(Cl)c21,Amidation,,
C350245,1,,,,Cn1cc(C(=O)O)c2cccc(Cl)c21,CC(O)CN,CC(O)CNC(=O)c1cn(C)c2c(Cl)cccc12,Amidation,,
C350246,1,,,,Cn1cc(C(=O)O)c2cccc(Cl)c21,C=C(Cl)CN,C=C(Cl)CNC(=O)c1cn(C)c2c(Cl)cccc12,Amidation,,
C350249,1,,,,C#CC(C)N,Cn1cc(C(=O)O)c2cccc(Cl)c21,C#CC(C)NC(=O)c1cn(C)c2c(Cl)cccc12,Amidation,,
C350250,1,,,,Cn1cc(C(=O)O)c2cc(F)ccc21,CC1(N)CC1,Cn1cc(C(=O)NC2(C)CC2)c2cc(F)ccc21,Amidation,,
C350257,1,,,,CC(S)CN,Cn1cc(C(=O)O)c2cc(F)ccc21,CC(S)CNC(=O)c1cn(C)c2ccc(F)cc12,Amidation,,
C350259,1,,,,CC(Br)CN,Cn1cc(C(=O)O)c2cc(F)ccc21,CC(Br)CNC(=O)c1cn(C)c2ccc(F)cc12,Amidation,,
C350261,1,,,,FC1CNC1,Cn1cc(C(=O)O)c2ccc(Br)cc21,Cn1cc(C(=O)N2CC(F)C2)c2ccc(Br)cc21,Amidation,,
C350262,1,,,,Cn1cc(C(=O)O)c2ccc(Br)cc21,CC(N)CF,CC(CF)NC(=O)c1cn(C)c2cc(Br)ccc12,Amidation,,
C350263,1,,,,Cn1cc(C(=O)O)c2cc(F)ccc21,C=C(F)CN,C=C(F)CNC(=O)c1cn(C)c2ccc(F)cc12,Amidation,,
C350273,1,,,,Cn1cc(C(=O)O)c2ccc(Br)cc21,CC(C)(C)N,Cn1cc(C(=O)NC(C)(C)C)c2ccc(Br)cc21,Amidation,,
C350278,1,,,,CC1CCN1,Cn1cc(C(=O)O)c2ccc(Br)cc21,CC1CCN1C(=O)c1cn(C)c2cc(Br)ccc12,Amidation,,
C350282,1,,,,NCC=CCl,Cn1cc(C(=O)O)c2cc(F)ccc21,Cn1cc(C(=O)NCC=CCl)c2cc(F)ccc21,Amidation,,
C350283,1,,,,Cn1cc(C(=O)O)c2cc(F)ccc21,CC(F)CN,CC(F)CNC(=O)c1cn(C)c2ccc(F)cc12,Amidation,,
C350287,1,,,,CC(N)CS,Cn1cc(C(=O)O)c2cc(F)ccc21,CC(CS)NC(=O)c1cn(C)c2ccc(F)cc12,Amidation,,
C350288,1,,,,NC1CSC1,Cn1cc(C(=O)O)c2cc(F)ccc21,Cn1cc(C(=O)NC2CSC2)c2cc(F)ccc21,Amidation,,
C350294,1,,,,Cn1cc(C(=O)O)c2ccc(Br)cc21,NCCCCl,Cn1cc(C(=O)NCCCCl)c2ccc(Br)cc21,Amidation,,
C350296,1,,,,Cn1cc(C(=O)O)c2ccc(Br)cc21,CC(O)CN,CC(O)CNC(=O)c1cn(C)c2cc(Br)ccc12,Amidation,,
C350297,1,,,,Cn1cc(C(=O)O)c2ccc(Br)cc21,C=C(Cl)CN,C=C(Cl)CNC(=O)c1cn(C)c2cc(Br)ccc12,Amidation,,
C350298,1,,,,Cn1cc(C(=O)O)c2ccc(Br)cc21,C=CC(C)N,C=CC(C)NC(=O)c1cn(C)c2cc(Br)ccc12,Amidation,,
C350301,1,,,,Cn1cc(C(=O)O)c2ccc(Br)cc21,CC(=O)CN,CC(=O)CNC(=O)c1cn(C)c2cc(Br)ccc12,Amidation,,
C350303,1,,,,Cn1cc(C(=O)O)c2ccc(Br)cc21,CC1(N)CC1,Cn1cc(C(=O)NC2(C)CC2)c2ccc(Br)cc21,Amidation,,
C350304,1,,,,CC(N)CO,Cn1cc(C(=O)O)c2ccc(Br)cc21,CC(CO)NC(=O)c1cn(C)c2cc(Br)ccc12,Amidation,,
C350310,1,,,,Cn1cc(C(=O)O)c2cc(F)ccc21,COCCN,COCCNC(=O)c1cn(C)c2ccc(F)cc12,Amidation,,
C350312,1,,,,Cn1cc(C(=O)O)c2cc(F)ccc21,NCCCI,Cn1cc(C(=O)NCCCI)c2cc(F)ccc21,Amidation,,
C350313,1,,,,Cn1cc(C(=O)O)c2cc(F)ccc21,CCN(C)N,CCN(C)NC(=O)c1cn(C)c2ccc(F)cc12,Amidation,,
C350320,1,,,,Cn1cc(C(=O)O)c2ccc(Br)cc21,CC1CC1N,CC1CC1NC(=O)c1cn(C)c2cc(Br)ccc12,Amidation,,
C350321,1,,,,OC1CNC1,Cn1cc(C(=O)O)c2ccc(Br)cc21,Cn1cc(C(=O)N2CC(O)C2)c2ccc(Br)cc21,Amidation,,
C350327,1,,,,NN1CCC1,Cn1cc(C(=O)O)c2ccc(Br)cc21,Cn1cc(C(=O)NN2CCC2)c2ccc(Br)cc21,Amidation,,
C350330,1,,,,CCN(C)N,Cn1cc(C(=O)O)c2ccc(Br)cc21,CCN(C)NC(=O)c1cn(C)c2cc(Br)ccc12,Amidation,,
C350331,1,,,,Cn1cc(C(=O)O)c2ccc(Br)cc21,NCCCI,Cn1cc(C(=O)NCCCI)c2ccc(Br)cc21,Amidation,,
C350333,1,,,,Cn1cc(C(=O)O)c2ccc(Br)cc21,COCCN,COCCNC(=O)c1cn(C)c2cc(Br)ccc12,Amidation,,
C350337,1,,,,Cn1cc(C(=O)O)c2ccc(Br)cc21,NCCNO,Cn1cc(C(=O)NCCNO)c2ccc(Br)cc21,Amidation,,
C350338,1,,,,ClC1CNC1,Cn1cc(C(=O)O)c2ccc(Br)cc21,Cn1cc(C(=O)N2CC(Cl)C2)c2ccc(Br)cc21,Amidation,,
C350346,1,,,,NCC1CC1,Cn1cc(C(=O)O)c2cc(Cl)ccc21,Cn1cc(C(=O)NCC2CC2)c2cc(Cl)ccc21,Amidation,,
C350348,1,,,,Cn1cc(C(=O)O)c2cc(F)ccc21,CC#CCN,CC#CCNC(=O)c1cn(C)c2ccc(F)cc12,Amidation,,
C350349,1,,,,Cn1cc(C(=O)O)c2cc(F)ccc21,C=CC(C)N,C=CC(C)NC(=O)c1cn(C)c2ccc(F)cc12,Amidation,,
C350350,1,,,,Cn1cc(C(=O)O)c2cc(F)ccc21,C=C(Cl)CN,C=C(Cl)CNC(=O)c1cn(C)c2ccc(F)cc12,Amidation,,
C350352,1,,,,Cn1cc(C(=O)O)c2cc(F)ccc21,CC(N)CCl,CC(CCl)NC(=O)c1cn(C)c2ccc(F)cc12,Amidation,,
C350353,1,,,,Cn1cc(C(=O)O)c2cc(F)ccc21,NCCCCl,Cn1cc(C(=O)NCCCCl)c2cc(F)ccc21,Amidation,,
C350360,1,,,,Cn1cc(C(=O)O)c2cc(Cl)ccc21,CC(N)C#N,CC(C#N)NC(=O)c1cn(C)c2ccc(Cl)cc12,Amidation,,
C350362,1,,,,C#CC(C)N,Cn1cc(C(=O)O)c2cc(F)ccc21,C#CC(C)NC(=O)c1cn(C)c2ccc(F)cc12,Amidation,,
C350365,1,,,,Cn1cc(C(=O)O)c2cc(F)ccc21,CC(Cl)CN,CC(Cl)CNC(=O)c1cn(C)c2ccc(F)cc12,Amidation,,
C350367,1,,,,Cn1cc(C(=O)O)c2ccc(Br)cc21,NCC(=O)[O-],Cn1cc(C(=O)NCC(=O)[O-])c2ccc(Br)cc21,Amidation,,
C350370,1,,,,Cn1cc(C(=O)O)c2cc(F)ccc21,CCC(C)N,CCC(C)NC(=O)c1cn(C)c2ccc(F)cc12,Amidation,,
C350372,1,,,,CC(N)CS,Cn1cc(C(=O)O)c2ccc(Br)cc21,CC(CS)NC(=O)c1cn(C)c2cc(Br)ccc12,Amidation,,
C350377,1,,,,NCC=CCl,Cn1cc(C(=O)O)c2ccc(Br)cc21,Cn1cc(C(=O)NCC=CCl)c2ccc(Br)cc21,Amidation,,
C350379,1,,,,NC1CSC1,Cn1cc(C(=O)O)c2ccc(Br)cc21,Cn1cc(C(=O)NC2CSC2)c2ccc(Br)cc21,Amidation,,
