name gnina_score gnina_score_min smina_score_min min_rmsd 
P534287 5.477 5.610 -6.226 0.773
P534288 6.147 5.939 -6.927 1.113
P534290 5.218 5.128 -5.535 0.637
P534291 5.582 5.402 -5.661 0.634
P534292 5.370 5.191 -6.257 0.721
P534297 5.740 5.555 -4.574 1.768
P534298 5.377 5.499 -6.681 0.754
P534299 5.986 6.013 -6.742 0.533
P534300 5.899 5.845 -6.231 0.502
P534301 5.805 5.836 -6.417 0.830
P534302 6.089 6.109 -6.865 0.897
P534303 5.875 5.936 -6.092 0.525
P534307 4.743 4.791 -4.852 0.983
P534310 4.893 4.826 -5.573 1.647
P534311 6.042 5.914 -7.521 0.454
P534322 5.934 5.982 -6.286 0.476
P534323 5.675 5.661 -5.397 0.301
P534324 5.547 5.287 -6.042 0.695
P534325 5.886 5.968 -6.284 0.626
P534326 5.704 5.533 -6.035 0.608
P534327 6.311 6.553 -7.459 0.775
P534328 5.077 4.965 -4.990 0.871
P534329 5.861 5.812 -6.874 0.290
P534333 4.710 4.871 -4.715 3.524
P534338 4.757 4.900 -5.026 2.168
P534340 5.661 5.457 -6.525 1.443
P534341 5.789 5.711 -5.730 0.514
P534342 4.519 5.025 -4.661 1.427
P534345 5.951 5.831 -5.952 0.580
P534347 5.399 5.624 -5.508 0.490
P534348 6.008 6.099 -7.475 0.544
P534349 5.944 6.050 -6.113 0.501
P534354 5.964 5.854 -6.954 0.621
P534355 6.165 5.970 -4.805 0.661
P534356 5.771 5.852 -4.932 0.574
P534358 5.106 5.080 -3.979 1.584
P534368 5.183 5.158 -4.625 0.738
P534373 4.828 4.927 -5.221 0.569
P534374 6.079 6.105 -6.273 0.400
P534375 5.886 6.079 -6.785 0.641
P534376 5.138 4.921 -4.944 1.103
P534377 6.081 6.118 -6.135 0.704
P534379 5.667 5.805 -6.169 0.492
P534382 6.229 6.241 -7.406 0.553
P534383 6.043 5.883 -7.474 0.916
P534384 4.931 5.110 -5.052 0.604
P534389 5.073 5.037 -4.841 1.653
P534394 5.143 5.120 -6.288 0.504
P534396 5.191 4.972 -5.055 0.863
P534397 6.297 6.316 -6.761 0.471
P534398 5.998 6.042 -6.987 0.485
P534400 5.582 5.614 -6.696 1.211
P534401 6.080 6.158 -6.409 0.467
P534404 5.684 5.563 -5.517 0.709
P534406 6.153 6.079 -7.008 0.518
P534407 5.877 6.035 -6.061 0.637
P534408 6.249 6.292 -6.571 0.435
P534411 5.935 6.033 -5.848 0.661
P534412 6.115 6.152 -6.228 0.476
P534413 6.315 6.345 -7.416 0.423
P534414 6.188 6.016 -6.025 0.658
P534415 6.239 6.380 -6.460 0.553
P534417 5.829 5.643 -6.401 0.694
P534418 5.553 5.207 -5.630 0.482
P534419 5.876 5.887 -7.616 0.565
P534431 5.216 5.219 -6.037 0.659
P534432 6.105 6.202 -7.619 0.582
P534436 6.279 6.287 -6.925 0.377
P534440 5.973 6.049 -6.208 0.788
P534441 5.811 6.071 -6.322 0.629
P534443 6.090 6.164 -6.303 0.434
P534444 5.837 5.680 -5.460 0.731
P534445 5.811 5.618 -6.739 0.620
P534446 5.995 5.824 -5.058 0.745
P534447 5.502 5.186 -6.592 1.207
P534448 5.548 5.432 -6.278 0.730
P534450 5.170 4.983 -5.100 0.811
P534452 5.442 5.571 -5.739 0.766
P534459 4.810 5.565 -5.842 2.460
P534460 6.278 6.328 -7.258 0.385
P534461 6.160 6.016 -3.992 2.579
P534466 6.189 5.937 -6.357 0.714
P534468 5.991 6.311 -7.157 1.163
P534469 5.892 5.843 -5.512 2.603
P534470 5.710 5.562 -6.935 0.484
P534471 5.548 5.549 -5.280 0.384
P534473 6.245 6.204 -7.155 0.850
P534474 5.942 5.795 -7.634 0.211
P534476 6.062 6.098 -3.198 0.584
P534477 5.321 5.684 -5.816 1.077
P534478 5.928 5.946 -6.858 0.369
P534480 5.684 5.756 -6.151 0.331
P534483 5.897 5.989 -6.684 0.429
P534484 5.734 5.936 -6.310 0.772
P534485 5.579 5.787 -6.631 0.400
P534486 5.720 5.518 -6.224 1.223
P534488 6.066 5.994 -6.114 0.970
P534489 5.716 5.814 -6.898 0.520
P534491 5.973 6.031 -5.640 0.640
P534494 5.761 5.854 -7.504 0.527
P534495 6.045 6.236 -7.675 0.525
P534496 6.066 6.281 -7.097 0.310
P534497 5.654 5.441 -5.887 0.816
P534499 6.042 6.154 -6.811 0.765
P534500 5.677 5.931 -6.419 0.407
P534501 5.837 5.929 -5.907 0.594
P534502 5.983 6.013 -5.698 0.608
P534503 5.833 5.763 -6.191 0.324
P534505 5.646 5.772 -5.920 0.413
P534506 5.766 6.069 -6.576 0.700
P534507 5.492 5.541 -6.519 0.437
P534508 6.029 6.136 -6.486 0.604
P534509 5.877 5.896 -6.215 0.151
P534510 5.825 5.832 -6.983 0.186
P534511 5.928 6.033 -5.532 0.547
P534513 5.628 5.580 -5.907 0.469
P534515 6.065 5.907 -5.753 1.092
P534516 5.810 5.554 -6.896 1.673
P534517 5.765 5.760 -5.759 0.469
P534518 6.136 6.164 -7.765 0.529
P534521 5.723 6.048 -6.293 0.595
P534522 5.647 5.624 -7.288 0.365
P534523 5.509 5.320 -6.320 1.860
P534526 5.442 5.673 -6.932 0.247
P534527 5.593 5.710 -6.234 0.449
P534528 6.196 6.118 -6.825 0.325
P534529 5.741 5.515 -3.969 0.594
P534530 5.883 6.095 -6.752 0.544
P534531 5.943 6.043 -7.034 0.426
P534532 5.810 5.655 -6.175 1.760
P534533 5.459 5.222 -4.062 0.936
P534535 5.363 5.689 -6.474 0.457
P534536 6.219 6.294 -7.698 0.359
P534537 5.556 5.677 -6.842 0.415
P534538 6.136 6.131 -6.505 0.669
P534539 5.869 5.937 -7.683 0.378
P534540 6.085 6.222 -7.062 0.316
P534541 5.872 5.983 -6.326 0.351
P534542 5.984 5.920 -6.655 0.599
P534543 6.410 6.600 -7.418 0.565
P534544 6.224 6.387 -6.695 0.450
P534545 6.130 6.241 -6.597 0.496
P534546 5.958 5.961 -6.733 0.446
P534547 6.022 6.183 -7.037 0.537
P534548 5.924 6.013 -7.842 0.615
P534549 6.086 6.206 -7.178 0.788
P534550 6.252 6.286 -7.280 0.589
P534551 5.814 5.893 -6.296 0.338
P534553 5.859 5.928 -6.248 0.274
P534554 5.902 6.102 -6.473 0.622
P534555 5.460 5.709 -6.726 0.258
P534556 6.528 6.594 -8.213 0.352
P534557 6.100 6.046 -5.322 1.176
P534558 5.479 5.222 -4.872 1.259
P534559 5.862 6.014 -7.566 0.348
P534560 5.398 5.295 -7.112 0.652
P534561 6.453 6.496 -7.713 0.524
P534562 6.581 6.710 -8.254 0.475
P534563 6.290 6.313 -6.890 0.362
P534565 6.425 6.387 -8.191 0.459
P534566 6.161 6.138 -7.893 0.226
P534567 6.256 6.248 -7.766 0.460
P534569 6.459 6.410 -7.702 0.233
P534570 6.373 6.401 -6.904 0.373
P534572 5.987 5.993 -7.948 0.280
P534573 6.038 6.031 -7.861 0.222
P534575 6.305 6.275 -8.179 0.464
P534577 6.357 6.314 -7.694 0.233
P534579 5.829 5.852 -7.962 0.303
P534580 6.112 6.118 -7.756 0.430
P534581 6.367 6.346 -8.395 0.263
P534583 6.217 6.241 -7.964 0.461
P534585 6.493 6.481 -9.344 0.636
P534587 6.368 6.284 -9.113 0.745
P534588 6.250 6.195 -8.295 0.379
P534589 6.362 6.404 -8.434 0.491
P534591 6.072 6.116 -7.960 0.479
P534592 6.265 6.220 -8.362 0.213
P534594 6.345 6.400 -8.099 0.534
P534595 6.111 6.108 -7.811 0.243
P534596 6.226 6.218 -7.688 0.635
P534598 6.360 6.223 -7.707 0.495
P534600 5.919 5.948 -7.902 0.316
P534601 6.363 6.368 -6.920 0.360
P534603 5.867 5.907 -7.938 0.429
P534605 6.405 6.415 -7.637 0.294
P534606 6.098 6.113 -7.826 0.230
P534608 6.375 6.342 -8.087 0.350
P534609 6.350 6.359 -6.914 0.232
P534610 6.213 6.234 -7.560 0.199
P534611 6.493 6.616 -8.122 0.595
P534612 6.399 6.353 -8.651 0.261
P534613 6.415 6.530 -8.126 0.566
P534614 6.497 6.464 -8.671 0.315
P534615 6.071 6.085 -7.812 0.313
P534618 6.405 6.297 -8.998 0.455
P534620 6.319 6.331 -7.935 0.471
P534621 6.412 6.356 -8.266 0.405
P534622 6.046 6.082 -7.638 0.291
P534623 6.165 6.199 -7.583 0.466
P534624 6.359 6.300 -7.518 0.263
P534626 5.916 5.952 -7.803 0.484
P534628 6.314 6.276 -6.831 0.587
P534630 6.487 6.468 -9.042 0.385
P534631 6.108 6.161 -7.722 0.236
P534633 6.444 6.439 -8.349 0.221
P534634 6.376 6.385 -8.259 0.419
P534636 6.421 6.408 -8.256 0.335
P534638 6.478 6.457 -8.108 0.361
P534639 6.361 6.352 -8.256 0.378
P534641 6.633 6.649 -8.490 0.214
P534642 6.586 6.608 -7.950 0.377
P534643 6.317 6.344 -8.050 0.561
P534644 6.186 6.203 -7.852 0.347
P534646 6.334 6.309 -8.163 0.291
P534647 6.795 6.579 -6.874 0.419
P534649 6.355 6.304 -8.760 0.465
P534651 6.213 6.017 -8.310 0.888
P534652 6.765 5.931 -7.519 1.854
P534653 6.557 6.494 -8.578 0.354
P534655 6.549 6.554 -8.488 0.221
P534656 6.542 6.587 -8.066 0.481
P534657 6.456 6.462 -8.596 0.272
P534658 6.515 6.529 -7.819 0.728
P534660 6.509 6.518 -8.074 0.360
P534662 6.466 6.401 -8.120 0.386
P534664 6.617 6.613 -7.970 0.346
P534665 6.427 6.436 -8.403 0.474
P534666 6.207 5.607 -7.418 2.051
P534668 6.089 5.748 -7.386 1.277
P534669 6.159 5.600 -6.855 2.060
P534672 6.362 5.623 -8.577 2.049
P534673 5.969 5.345 -8.572 2.107
P534676 6.461 6.285 -4.531 2.184
P534677 6.405 6.431 -8.224 0.406
P534680 6.395 5.929 -8.762 1.526
P534683 6.422 5.532 -7.830 2.325
P534684 6.208 5.335 -8.617 1.964
P534685 6.130 5.644 -8.095 1.378
P534687 6.634 6.607 -8.535 0.415
P534688 6.397 6.578 -8.717 0.907
P534690 6.627 6.570 -8.607 0.396
P534691 6.510 6.539 -6.397 0.556
P534694 6.332 6.354 -8.068 0.319
P534695 6.561 6.514 -8.268 0.595
P534696 6.796 6.611 -6.631 0.525
P534699 6.547 5.896 -8.155 1.734
P534701 6.352 5.626 -7.737 2.009
P534703 6.684 6.689 -7.886 0.332
P534704 6.630 6.620 -8.713 0.605
P534706 6.736 6.512 -7.204 0.645
P534709 6.645 6.638 -7.934 0.635
P534711 6.572 6.586 -7.829 0.770
P534712 6.688 6.732 -8.548 0.388
P534713 6.526 6.566 -8.547 0.386
P534717 6.494 6.466 -4.518 0.365
P534718 6.043 6.033 -7.383 0.306
P534719 5.520 5.540 -7.241 0.220
P534720 5.942 4.897 -6.343 2.427
P534722 3.946 3.664 -3.130 1.063
P534724 3.704 3.669 -3.080 0.616
P534725 3.899 3.711 -3.530 1.811
P534726 3.964 3.744 -3.343 2.053
P534727 3.705 3.693 -3.272 0.670
P534728 3.683 3.658 -3.226 0.551
P534729 3.701 3.667 -3.170 0.551
P534730 3.836 3.579 -3.597 1.782
P534731 3.775 3.673 -3.254 0.680
P534732 3.570 3.755 -2.689 1.616
P534733 3.774 3.817 -3.143 0.868
P534737 4.181 3.819 -4.135 3.555
P534740 3.971 3.730 -3.615 1.704
P534741 4.115 3.886 -3.893 3.997
P534742 4.118 4.034 -3.194 0.984
P534744 3.727 3.716 -3.217 0.733
P534745 3.845 3.864 -2.822 0.756
P534746 3.659 3.659 -3.067 0.892
P534747 4.121 3.869 -3.487 1.928
P534748 3.840 3.854 -3.120 0.845
P534749 3.835 3.958 -3.045 1.192
P534752 3.913 3.865 -3.311 0.585
P534753 3.868 3.730 -2.895 1.213
P534754 4.091 3.897 -4.044 3.654
P534755 4.082 3.817 -3.839 4.148
P534758 3.688 3.691 -3.179 0.783
P534759 4.013 3.879 -3.309 0.714
P534760 3.945 3.819 -2.890 1.204
P534761 3.657 3.728 -3.145 0.872
P534762 3.959 3.737 -3.466 1.467
P534764 4.135 3.952 -3.091 1.055
P534765 3.804 3.866 -2.584 1.429
P534766 3.911 3.934 -3.140 0.550
P534768 3.830 4.226 -3.486 2.213
P534769 4.143 3.880 -3.388 1.865
P534771 4.109 3.964 -3.502 1.987
P534772 4.153 3.976 -3.038 1.131
P534773 4.042 3.749 -3.366 2.249
P534774 3.783 3.854 -2.870 0.703
P534775 3.918 3.665 -4.093 4.368
P534776 3.768 3.730 -3.025 0.795
P534777 4.147 3.924 -3.347 1.967
P534779 3.979 3.757 -3.311 0.927
P534780 3.717 3.890 -3.466 2.379
P534781 3.804 3.781 -2.769 1.107
P534782 3.744 3.752 -3.040 1.131
P534783 3.866 3.803 -3.231 3.939
P534784 3.787 3.815 -3.614 2.742
P534785 3.740 4.130 -3.272 2.824
P534786 4.075 3.860 -3.332 1.801
P534787 3.673 3.801 -3.217 2.584
P534789 4.103 3.831 -3.311 2.103
P534793 4.175 3.997 -3.199 0.928
P534794 4.150 3.944 -3.352 2.183
P534795 3.948 4.029 -2.890 0.971
P534797 3.843 3.900 -2.831 0.872
P534798 4.913 4.736 -5.709 0.539
P534799 4.967 4.806 -6.027 0.687
P534800 5.182 5.001 -4.977 0.598
P534801 5.154 4.803 -5.670 2.337
P534802 5.004 4.914 -3.807 0.708
P534803 5.010 4.795 -5.536 0.332
P534804 5.073 4.460 -5.834 2.370
P534805 5.230 5.065 -5.902 0.814
P534806 5.163 5.161 -3.801 0.739
P534807 4.893 4.658 -5.309 1.442
P534808 4.918 4.472 -5.492 2.285
P534809 5.147 4.410 -6.051 2.401
P534810 5.184 5.208 -5.066 1.890
P534811 5.158 4.716 -5.606 2.590
P534812 5.071 4.897 -4.542 0.791
P534813 5.150 5.132 -4.121 0.489
P534814 5.132 4.980 -5.979 1.647
P534815 5.248 5.227 -4.050 0.337
P534817 4.977 4.352 -5.646 2.341
P534818 5.455 4.822 -5.577 2.139
P534819 5.327 5.194 -5.945 1.152
P534820 5.110 4.980 -5.795 2.531
P534821 5.235 4.650 -5.946 2.308
P534822 5.248 5.129 -2.764 0.402
P534823 5.264 4.986 -6.204 2.129
P534824 5.321 4.688 -5.649 2.625
P534826 5.398 4.696 -5.907 2.404
P534828 5.178 4.790 -6.710 2.112
P534829 5.327 5.270 -3.172 0.732
P534830 5.077 4.106 -6.281 2.246
P534831 5.155 4.273 -5.937 1.970
P534832 5.198 5.274 -5.524 1.676
P534833 5.361 5.236 -4.801 2.050
P534834 5.030 4.479 -6.314 1.542
P534836 5.252 5.377 -6.308 1.299
P534837 5.323 5.038 -6.236 1.787
P534838 5.357 5.249 -4.240 0.497
P534839 4.936 4.890 -5.744 2.029
P534840 5.181 4.954 -5.644 1.972
P534841 5.289 5.099 -6.017 2.326
P534842 5.381 5.104 -6.193 1.921
P534843 5.412 5.542 -6.049 1.368
P534844 5.267 5.181 -5.928 2.237
P534845 5.359 4.986 -5.811 2.501
P534846 5.593 5.631 -2.609 0.601
P534847 5.613 5.561 -4.811 1.118
P534848 5.312 5.203 -5.436 2.338
P534849 5.186 4.946 -4.984 1.328
P534850 5.421 5.276 -1.248 0.648
P534852 5.411 5.248 -6.119 1.436
P534854 5.206 4.391 -6.645 1.882
P534855 5.223 4.096 -5.903 2.397
P534856 5.194 4.878 -6.303 2.319
P534857 5.340 4.625 -5.162 3.206
P534858 5.536 5.434 -3.546 1.100
P534859 5.667 5.624 -1.977 0.448
P534860 5.274 4.852 -4.947 2.350
P534862 5.153 4.324 -6.351 2.254
P534863 5.411 5.082 -4.346 0.895
P534864 5.164 4.727 -5.785 1.815
P534865 5.058 5.184 -5.845 1.522
P534866 4.979 4.741 -5.452 1.863
P534867 5.154 5.072 -6.358 1.819
P534869 5.297 4.802 -5.700 1.958
P534870 5.302 5.176 -4.711 1.833
P534871 5.194 4.886 -4.794 2.155
P534872 5.399 5.144 -6.096 2.398
P534873 5.654 5.239 -4.906 2.411
P534875 5.197 4.783 -5.358 1.031
P534876 5.205 5.204 -1.904 0.501
P534877 5.316 4.781 -6.432 2.526
P534878 5.266 4.487 -5.907 2.477
P534880 5.449 5.180 -6.656 1.381
P534881 5.480 5.570 -4.143 1.798
P534883 5.301 5.340 -6.030 1.790
P534884 5.355 5.310 -5.840 1.316
P534886 5.440 5.243 -6.487 2.368
P534887 5.616 5.397 -3.974 2.537
P534888 4.961 4.758 -5.628 1.411
P534889 5.658 5.501 -4.567 2.236
P534890 5.126 4.506 -6.133 2.774
P534891 5.154 4.302 -4.712 3.128
P534895 5.554 5.673 -3.658 1.371
P534896 5.621 5.761 0.203 0.532
P534897 5.484 5.451 -4.359 1.496
P534899 5.166 4.656 -5.884 1.468
P534900 5.275 4.996 -3.559 1.409
P534901 5.443 5.417 -5.743 2.421
P534902 5.451 5.381 -4.714 1.626
P534903 5.419 5.391 -3.838 0.845
P534904 5.563 5.429 -3.923 2.779
P534905 5.696 5.623 -5.114 2.514
P534906 5.130 5.082 -5.626 3.305
P534907 5.786 5.790 1.780 0.466
P534908 5.750 5.946 -0.230 0.925
P534909 5.677 5.130 -4.279 2.927
P534910 5.793 5.018 -4.800 4.452
P534911 5.612 5.015 -5.966 2.050
P534912 5.935 5.900 -0.655 0.407
P534913 5.952 5.912 1.945 0.721
P534914 5.701 5.967 -6.869 1.696
P534916 5.382 5.303 -5.701 0.571
P534918 6.207 6.013 -4.937 0.841
P534919 5.427 5.983 -8.786 0.724
P534920 6.002 5.934 -6.025 0.600
P534923 6.462 6.379 -6.291 0.772
P534925 5.928 5.800 -7.008 0.560
P534926 6.210 6.191 -7.362 0.543
P534927 5.997 5.889 -3.594 0.372
P534928 5.976 5.893 -5.277 0.577
P534930 6.665 6.596 -7.088 0.644
P534931 5.987 5.817 -8.312 0.977
P534933 5.874 5.742 -7.881 1.037
P534935 5.909 5.965 -8.437 0.317
P534936 6.241 6.263 -7.553 0.253
P534937 6.317 6.354 -7.242 0.211
P534938 6.319 6.356 -7.569 0.241
P534939 6.383 6.405 -7.198 0.208
P534940 5.840 5.673 -6.863 1.015
P534941 6.160 6.218 -6.333 0.297
P534942 6.396 6.430 -7.438 0.256
P534943 6.416 6.434 -7.075 0.236
P534944 6.348 6.400 -7.185 0.256
P534945 6.360 6.493 -6.994 0.308
P534946 5.932 6.135 -6.726 0.593
P534947 6.016 5.729 -6.517 1.114
P534948 6.393 6.409 -6.951 0.213
P534949 5.996 6.159 -5.771 0.291
P534950 6.083 5.760 -6.808 1.021
P534951 6.381 6.413 -7.221 0.267
P534952 6.034 5.712 -6.601 0.984
P534954 6.489 6.377 -2.687 0.867
P534955 6.456 6.374 -3.082 0.717
P534956 6.091 5.617 -6.717 1.804
P534957 6.300 6.248 -2.750 0.581
P534958 5.613 5.721 -4.956 0.734
P534959 6.322 6.060 -6.880 0.871
P534960 5.369 5.363 -6.013 0.491
P534962 5.726 5.718 -7.072 0.632
P534965 5.509 5.479 -6.101 0.527
P534966 5.392 5.233 -6.362 0.444
P534967 5.394 5.326 -7.026 0.599
P534968 5.600 5.424 -6.627 0.783
P534969 5.272 5.033 -7.038 1.259
P534972 5.652 5.681 -6.742 0.628
P534973 5.768 5.742 -7.545 0.421
P534976 5.865 5.583 -6.621 0.734
P534979 5.744 5.851 -6.980 0.674
P534982 5.499 5.424 -8.340 0.474
P534983 4.946 5.040 -5.024 0.595
P534984 5.851 5.832 -8.677 0.413
P534986 5.497 5.497 -5.764 0.775
P534987 5.876 5.584 -7.353 1.024
P534988 5.614 5.364 -6.817 0.737
P534989 5.352 5.058 -5.836 1.907
P534990 5.724 5.356 -5.743 2.219
P534991 5.929 5.570 -2.416 2.143
P534992 5.953 5.890 -6.265 0.347
P534994 5.904 5.998 -8.027 0.388
P534996 5.536 5.172 -7.166 0.427
P534997 5.908 5.685 -4.753 1.109
P534998 4.776 5.162 -4.296 0.619
P534999 5.547 5.467 -5.589 0.535
P535001 6.169 6.190 -5.817 0.430
P535004 4.391 3.913 -4.516 1.356
P535005 4.527 4.355 -3.858 1.481
P535018 4.661 4.442 -4.184 1.305
P535032 4.748 4.202 -3.838 2.854
P535033 4.993 3.978 -4.004 3.407
P535054 5.546 5.055 -5.811 1.740
P535055 5.642 5.572 -7.354 0.502
P535056 5.798 5.826 -6.485 0.209
P535057 5.592 5.551 -6.611 0.439
P535059 5.929 5.996 -7.210 0.367
P535060 5.399 5.604 -6.558 0.762
P535061 5.638 5.714 -7.134 0.413
P535065 5.019 4.442 -4.912 2.691
P535074 5.097 5.189 -4.202 0.628
P535079 5.694 5.694 -6.531 0.379
P535080 6.017 5.926 -5.293 0.446
P535083 5.937 5.978 -5.520 0.500
P535090 5.002 4.927 -4.962 0.731
P535094 5.673 5.817 -7.001 0.893
P535095 5.894 5.860 -6.461 0.396
P535100 6.030 6.150 -6.981 0.456
P535102 6.124 6.106 -6.817 0.290
P535103 6.047 6.084 -6.614 0.589
P535104 5.835 5.738 -6.891 0.345
P535105 4.975 4.869 -4.969 1.660
P535109 5.437 5.350 -6.737 0.504
P535110 6.098 6.078 -7.062 0.801
P535117 5.010 5.138 -5.118 1.079
P535126 6.154 6.201 -6.768 0.326
P535127 5.992 6.042 -8.005 0.612
P535128 6.057 5.976 -5.272 0.495
P535129 5.637 5.604 -6.331 0.473
P535133 5.941 5.931 -6.114 0.327
P535134 6.083 5.876 -6.472 0.684
P535144 5.945 5.837 -7.138 0.894
P535147 4.984 5.076 -5.707 0.545
P535148 4.990 4.937 -5.401 1.033
P535149 6.128 6.099 -7.507 0.527
P535150 5.850 5.987 -6.544 0.431
P535151 5.461 5.140 -5.482 0.735
P535152 5.689 5.796 -6.354 0.420
P535153 5.801 5.990 -5.702 0.694
P535154 6.118 6.174 -6.941 0.528
P535155 5.483 5.305 -5.891 0.669
P535156 5.803 5.750 -5.413 0.442
P535157 5.914 5.731 -7.104 0.847
P535160 4.863 4.942 -5.444 1.847
P535163 5.209 5.506 -6.168 0.636
P535165 5.698 5.946 -6.921 0.332
P535167 5.115 4.801 -6.052 1.710
P535171 4.956 4.719 -5.787 1.666
P535173 5.411 6.053 -6.309 0.842
P535175 6.205 5.943 -6.265 1.037
P535176 5.783 6.000 -7.813 1.470
P535178 6.085 6.207 -6.900 0.200
P535179 5.909 5.865 -6.786 0.834
P535180 6.165 6.146 -7.115 0.723
P535181 5.855 5.851 -5.906 0.735
P535182 5.790 6.092 -5.031 0.867
P535184 5.748 5.557 -6.207 3.693
P535185 5.222 4.966 -6.403 1.207
P535186 5.723 5.708 -7.475 0.847
P535191 5.164 4.970 -4.957 1.909
P535192 5.801 5.879 -6.455 0.291
P535193 5.899 5.760 -3.530 1.009
P535194 5.919 5.888 -7.589 0.544
P535199 5.394 5.510 -5.062 0.331
P535200 6.170 6.141 -7.568 0.653
P535201 5.700 5.755 -1.631 0.403
P535204 5.883 5.858 -8.003 0.543
P535205 5.540 5.412 -6.815 0.751
P535206 4.650 4.818 -5.935 0.805
P535207 4.511 4.599 -5.889 0.853
P535208 4.694 4.608 -6.286 0.743
P535209 4.974 5.044 -6.608 0.721
P535211 4.943 4.861 -5.978 0.852
P535212 5.208 5.106 -6.158 0.415
P535213 5.242 5.254 -5.975 0.295
P535215 4.790 4.743 -6.131 0.701
P535217 5.411 5.405 -5.517 0.361
P535218 5.488 5.411 -6.059 0.597
P535219 5.140 5.210 -6.146 0.341
P535221 4.937 4.724 -6.015 0.995
P535224 5.312 5.080 -6.017 0.743
P535226 4.970 4.952 -5.764 0.609
P535227 4.968 4.963 -6.244 0.512
P535228 4.952 4.937 -6.437 0.666
P535229 5.407 5.503 -6.740 0.382
P535230 4.941 4.966 -6.158 0.416
P535231 5.151 5.161 -7.144 0.634
P535232 4.976 4.867 -6.176 0.752
P535234 5.328 5.296 -6.489 0.389
P535235 5.115 5.152 -5.537 0.367
P535236 5.512 5.475 -6.449 0.370
P535240 5.075 5.112 -6.187 0.303
P535242 4.887 4.712 -6.065 0.973
P535245 4.755 4.712 -6.320 0.783
P535246 5.383 5.378 -6.693 0.665
P535247 5.189 5.134 -6.796 0.906
P535248 5.282 5.192 -6.375 0.558
P535249 4.925 4.730 -6.416 1.106
P535250 4.836 4.727 -6.228 0.483
P535254 5.245 5.272 -7.228 0.644
P535255 5.530 5.517 -6.064 0.496
P535257 5.335 5.221 -6.407 0.558
P535258 4.949 4.794 -6.321 0.698
P535259 4.966 5.000 -6.967 0.297
P535260 5.208 5.251 -5.811 0.399
P535261 4.870 4.758 -6.579 1.006
P535262 5.221 5.074 -6.798 0.869
P535263 5.315 5.082 -6.101 0.884
P535264 4.894 4.720 -6.382 1.193
P535265 5.395 5.190 -6.207 0.837
P535266 5.227 5.129 -6.299 0.617
P535267 4.875 4.792 -6.352 0.641
P535268 4.719 4.674 -6.585 0.715
P535269 5.054 4.959 -7.094 0.813
P535270 5.337 5.294 -6.194 0.399
P535273 4.604 4.095 -5.982 1.166
P535274 5.283 5.167 -6.235 0.816
P535276 5.351 5.187 -6.829 1.022
P535278 5.430 5.382 -6.390 0.836
P535281 5.409 5.357 -6.311 0.768
P535283 5.043 5.169 -6.059 0.573
P535286 5.281 5.426 -6.737 0.393
P535287 5.163 5.128 -6.194 0.642
P535289 5.401 5.417 -6.359 0.478
P535292 5.121 5.258 -6.443 0.356
P535293 4.960 4.734 -6.131 0.751
P535295 5.337 5.306 -7.530 0.813
P535296 5.507 5.567 -6.391 0.282
P535297 4.839 4.368 -4.893 1.711
P535300 5.457 5.510 -6.399 0.751
P535301 5.171 5.079 -6.470 0.703
P535306 5.051 4.902 -5.994 0.998
P535308 5.318 4.844 -5.469 0.918
P535312 5.015 4.951 -5.579 0.633
P535314 4.817 4.657 -6.097 1.104
P535318 4.701 4.742 -5.498 0.491
P535319 4.995 5.101 -6.291 0.906
P535321 5.089 4.900 -4.273 0.441
P535322 4.918 4.924 -5.756 0.421
P535325 5.636 5.682 -6.271 0.392
P535327 5.115 4.999 -6.670 0.678
P535328 5.294 5.041 -6.831 0.740
P535332 4.893 4.748 -6.401 1.032
P535333 4.826 4.811 -6.253 0.946
P535335 4.648 4.789 -5.231 1.244
P535336 5.636 5.640 -5.915 0.304
P535337 5.157 5.036 -5.302 1.349
P535339 4.914 4.809 -6.569 0.676
P535343 5.176 5.201 -5.600 0.537
P535344 5.366 5.653 -6.351 0.510
P535346 4.709 4.787 -4.971 1.181
P535347 5.035 4.987 -5.744 0.386
P535350 4.848 4.793 -5.804 0.869
P535353 4.916 4.619 -4.807 1.001
P535354 5.141 5.332 -7.088 0.865
P535355 4.739 4.742 -6.651 0.638
P535356 4.934 5.117 -6.833 0.427
P535358 4.786 4.775 -6.286 0.799
P535360 5.013 4.937 -6.654 0.708
P535365 5.283 5.219 -6.363 1.065
P535369 5.150 5.088 -7.459 0.757
P535370 5.199 5.183 -6.359 0.762
P535374 4.882 4.829 -5.696 0.295
P535375 5.721 5.794 -6.005 0.430
P535377 5.264 5.386 -5.700 0.676
P535381 5.002 4.849 -5.974 0.746
P535382 5.151 4.979 -6.175 1.060
P535385 5.028 5.058 -5.964 0.404
P535386 5.095 5.340 -6.893 0.724
P535387 5.312 5.228 -6.722 0.729
P535389 5.153 4.873 -6.259 1.429
P535390 5.538 5.686 -7.480 1.131
P535391 5.004 5.226 -6.135 0.498
P535392 5.044 4.906 -6.623 0.849
P535394 5.380 5.279 -6.390 0.821
P535397 5.323 5.461 -7.222 1.125
P535401 4.842 4.854 -5.966 0.760
P535405 4.989 5.009 -6.296 0.501
P535407 5.401 5.335 -6.785 0.569
P535412 5.556 5.544 -6.468 0.500
P535413 5.301 5.047 -6.380 0.797
P535418 5.155 5.172 -6.188 0.339
P535424 5.470 5.601 -6.969 0.573
P535431 5.249 5.282 -6.725 0.515
P535434 5.660 5.748 -7.411 0.792
P535437 5.262 5.082 -6.100 1.046
P535440 5.446 5.410 -6.270 0.763
P535443 5.330 5.193 -6.149 0.699
P535446 5.676 5.840 -6.456 0.660
P535450 5.060 4.958 -6.495 0.819
P535451 4.777 4.977 -6.198 1.033
P535454 5.351 5.458 -6.864 1.168
P535456 5.209 5.216 -6.680 1.063
P535459 5.228 5.365 -6.569 0.865
P535461 5.503 5.648 -6.823 0.300
P535462 5.589 5.726 -6.340 0.408
P535466 5.276 5.518 -6.825 0.368
P535469 5.506 5.427 -6.206 0.707
P535470 5.187 5.171 -6.398 0.986
P535473 5.492 5.569 -6.149 0.584
P535480 5.627 5.573 -6.187 0.439
P535482 5.084 4.925 -6.198 1.021
P535485 5.002 4.670 -4.806 1.511
P535486 4.907 4.799 -7.046 1.019
P535492 5.080 5.124 -6.531 0.702
P535493 5.069 4.941 -6.753 1.243
P535494 5.335 5.352 -6.584 0.310
P535497 5.228 5.193 -6.072 0.401
P535498 5.175 5.118 -6.524 0.398
P535500 5.328 5.419 -5.612 0.367
P535502 5.127 4.958 -6.131 1.288
P535505 4.975 4.735 -6.353 0.764
P535508 5.450 5.553 -6.356 0.414
P535509 5.212 5.235 -6.457 0.645
P535511 5.334 5.174 -6.230 0.928
P535512 4.963 4.659 -5.805 0.673
P535513 5.361 5.573 -5.863 0.477
P535517 5.247 5.189 -6.212 0.696
P535518 5.128 5.014 -6.480 0.778
P535520 5.034 5.027 -6.722 0.771
P535525 5.335 5.196 -6.308 1.327
P535526 5.422 5.438 -6.012 0.390
P535527 5.059 4.854 -6.428 1.266
P535528 5.351 5.352 -5.038 0.381
P535531 5.159 5.020 -7.189 0.702
P535535 4.954 4.813 -6.730 1.000
P535540 5.024 5.013 -6.216 1.048
P535546 5.594 5.704 -7.324 1.109
P535548 4.942 5.026 -5.447 0.760
P535550 5.372 5.208 -5.366 0.376
P535551 5.007 4.969 -4.510 0.445
P535552 5.379 5.403 -6.383 0.677
P535558 5.106 5.050 -6.644 0.777
P535559 5.236 5.191 -6.352 0.734
P535560 5.399 5.507 -6.059 0.398
P535562 5.284 4.926 -5.072 1.228
P535563 5.065 5.373 -6.613 1.197
P535566 5.036 5.183 -6.594 0.394
P535567 5.023 5.055 -6.043 0.691
P535569 5.192 5.183 -6.333 0.421
P535571 5.353 5.315 -6.444 0.428
P535577 5.232 4.936 -5.728 1.134
P535580 5.155 5.077 -5.113 0.695
P535581 4.835 4.844 -6.353 1.180
P535583 5.171 4.837 -5.068 1.361
P535586 5.132 5.106 -6.037 0.586
P535587 5.171 5.001 -6.285 0.806
P535591 5.060 5.074 -6.124 1.154
P535592 5.189 5.238 -5.028 0.516
P535593 5.057 5.140 -5.902 1.110
P535595 5.122 5.052 -4.476 0.548
P535596 4.802 4.925 -6.047 0.914
P535597 5.190 5.261 -6.061 0.343
P535600 5.106 5.130 -6.005 0.930
P535601 5.433 5.446 -6.266 0.390
P535602 4.785 4.794 -6.189 0.791
P535605 5.120 5.170 -6.452 0.833
P535606 4.833 4.601 -5.685 0.878
P535607 4.954 4.973 -6.543 0.611
P535608 4.870 4.824 -6.142 0.846
P535609 4.934 5.209 -6.352 0.696
P535610 4.708 4.922 -5.693 1.043
P535611 5.339 5.419 -6.461 0.364
P535612 5.341 5.490 -6.468 0.903
P535614 5.007 4.770 -5.624 1.544
P535616 5.347 5.298 -6.031 0.684
P535617 5.267 5.236 -6.481 1.015
P535621 4.912 5.051 -6.596 1.019
P535629 5.303 5.297 -6.910 0.509
P535632 5.017 4.807 -4.336 1.909
P535634 5.004 4.989 -6.122 0.754
P535637 5.106 4.962 -5.121 0.549
P535640 5.170 5.251 -6.575 0.748
P535641 5.198 5.279 -6.321 0.941
P535643 5.065 5.092 -6.663 1.306
P535654 5.350 5.531 -6.193 1.440
P535655 5.379 5.546 -6.636 0.319
P535656 5.434 5.489 -6.408 0.423
P535657 5.301 5.269 -5.424 0.398
P535660 5.086 5.184 -6.134 1.024
P535661 5.106 5.381 -6.753 1.343
P535662 5.063 5.269 -5.837 0.991
P535664 4.816 4.948 -6.100 1.316
P535665 5.144 5.205 -6.431 1.583
P535666 5.394 5.379 -5.582 0.474
P535667 5.048 5.210 -5.605 1.567
P535668 5.410 5.429 -5.872 0.809
P535670 5.237 5.127 -5.648 1.213
P535674 5.529 5.533 -5.611 0.281
P535675 5.353 5.524 -6.149 1.338
P535677 5.140 5.046 -5.337 1.714
P535678 5.031 5.082 -6.523 1.005
P535681 5.069 5.124 -6.520 1.256
P535682 5.495 5.423 -5.657 0.473
P535685 5.282 5.176 -6.457 1.475
P535686 5.105 5.202 -6.101 0.890
P535687 5.114 4.983 -5.902 1.348
P535688 5.329 5.282 -5.858 0.484
P535690 4.923 4.962 -6.928 1.257
P535692 5.527 5.373 -6.302 1.257
P535695 5.359 5.435 -6.304 0.370
P535697 5.238 5.339 -5.553 0.940
P535698 5.092 5.246 -6.620 0.944
P535699 4.947 4.945 -5.697 0.639
P535701 5.205 5.118 -5.334 0.612
P535702 5.319 5.503 -6.046 1.666
P535707 4.766 4.974 -5.546 0.934
P535708 4.965 5.357 -6.617 0.967
P535710 5.329 5.569 -5.547 0.528
P535713 5.033 5.285 -6.217 1.017
P535714 5.049 5.205 -5.914 1.666
P535715 4.947 5.157 -5.936 1.034
P535717 5.511 5.582 -6.401 0.550
P535719 5.457 5.425 -6.481 0.280
P535720 5.262 5.417 -6.117 1.029
P535721 5.085 5.266 -5.819 0.991
P535723 5.210 5.282 -5.685 0.327
P535724 5.478 5.447 -6.312 0.335
P535726 5.359 5.555 -7.095 0.998
P535728 5.325 5.287 -6.996 1.650
P535729 5.222 5.467 -6.527 1.038
P535731 5.543 5.431 -6.073 0.752
P535733 5.273 5.223 -5.471 0.956
P535734 5.285 5.327 -5.398 0.411
P535735 4.887 5.090 -5.521 0.770
P535738 5.501 5.556 -6.670 0.290
P535740 5.183 5.674 -6.813 0.971
P535742 5.174 5.411 -6.326 1.581
P535745 5.001 5.519 -6.411 1.650
P535747 4.997 5.057 -6.143 1.222
P535748 5.785 5.742 -6.593 0.410
P535749 5.209 5.352 -6.830 1.369
P535752 5.114 4.955 -5.044 0.523
P535754 5.339 5.484 -6.179 0.452
P535756 5.014 5.253 -6.206 0.918
P535760 5.355 5.565 -6.946 1.387
P535762 5.396 5.573 -6.248 0.435
P535763 5.332 5.512 -6.354 0.988
P535765 5.365 5.225 -5.954 0.808
P535767 5.110 5.168 -5.060 1.154
P535770 5.168 5.320 -6.816 1.590
P535776 5.509 5.628 -6.942 0.484
P535780 5.210 5.151 -6.182 1.232
P535782 5.400 5.359 -6.274 0.619
P535787 5.645 5.555 -5.393 0.379
P535788 5.148 5.621 -5.236 0.957
P535792 5.047 5.101 -6.645 0.869
P535796 5.290 5.445 -6.417 0.971
P535798 5.390 5.587 -7.050 0.861
P535800 5.136 5.161 -6.183 2.060
P535803 5.401 5.337 -6.020 0.585
P535804 5.554 5.228 -5.675 1.358
P535807 5.427 5.274 -6.446 1.049
P535809 5.321 5.242 -6.341 0.550
P535810 5.153 5.383 -5.724 1.252
P535815 5.164 5.112 -6.389 1.476
P535819 5.340 5.272 -5.968 0.734
P535821 5.427 5.558 -5.965 0.357
P535826 5.376 5.207 -6.163 1.111
P535827 5.383 5.404 -5.933 0.329
P535828 5.400 5.182 -6.503 1.325
P535831 5.263 5.509 -7.130 0.858
P535833 5.013 5.447 -6.969 1.682
P535837 5.321 5.318 -6.515 0.387
P535838 4.530 4.577 -5.139 1.159
P535839 5.210 5.394 -6.636 0.631
P535840 5.538 5.682 -7.348 0.561
P535843 5.252 5.409 -6.668 0.877
P535847 5.555 5.744 -6.349 0.359
P535850 5.493 5.293 -6.332 0.852
P535852 5.401 5.368 -5.822 0.649
P535853 5.351 5.252 -5.737 1.196
P535854 5.445 5.370 -5.941 0.491
P535856 5.175 5.215 -6.297 0.682
P535859 5.389 5.502 -6.616 0.319
P535864 5.135 5.205 -6.764 1.703
P535866 5.209 5.199 -6.082 0.549
P535907 5.098 5.023 -5.627 1.208
P535925 5.891 5.919 -7.152 0.233
P535927 6.035 5.975 -4.501 0.496
P535928 6.488 6.523 -6.011 0.832
P535929 4.859 5.033 -6.659 0.489
P535930 5.289 5.265 -7.469 0.260
P535932 4.829 4.782 -6.474 0.345
P535934 4.902 5.030 -6.792 0.389
P535935 5.418 5.386 -5.712 0.465
P535936 5.572 5.185 -4.601 2.365
P535937 5.219 5.382 -6.474 1.618
P535940 6.216 6.130 -7.122 0.488
P535941 6.506 6.531 -7.394 0.282
P535945 6.337 6.311 -6.541 0.227
P535946 6.334 6.222 -7.808 0.431
P535948 6.183 6.174 -7.449 0.257
P535949 6.281 6.193 -7.116 0.463
P535950 6.321 6.388 -7.694 0.222
P535955 6.083 6.087 -7.440 0.252
P535957 6.089 6.183 -6.082 0.364
P535958 6.257 6.241 -6.580 0.226
P535959 6.611 6.577 -7.368 0.322
P535960 6.147 6.032 -6.775 0.381
P535962 6.333 6.281 -6.621 0.314
P535963 6.266 6.234 -6.606 0.429
P535965 6.545 6.470 -7.351 0.350
P535968 6.548 6.521 -7.031 0.189
P535973 6.482 6.379 -7.046 0.560
P535975 6.347 6.363 -6.968 0.184
P535976 6.092 5.991 -6.815 0.360
P535978 6.190 6.211 -6.518 0.463
P535979 6.220 6.200 -6.635 0.505
P535980 6.535 6.545 -7.400 0.296
P535981 5.941 6.058 -5.754 0.265
P535983 6.301 6.277 -6.829 0.394
P535984 6.327 6.480 -7.167 0.548
P535987 6.286 6.456 -6.610 0.897
P535989 6.534 6.585 -6.920 0.221
P535990 6.090 6.231 -5.604 0.298
P535991 6.428 6.367 -6.546 0.424
P535992 6.499 6.440 -7.094 0.670
P535993 6.143 6.178 -8.601 0.512
P535994 6.247 6.275 -7.000 0.405
P535996 6.127 6.148 -7.434 0.254
P535997 6.395 6.342 -7.603 0.413
P535998 6.275 6.266 -6.467 0.249
P535999 6.341 6.408 -7.550 0.271
P536000 6.451 6.485 -7.228 0.295
P536004 6.563 6.580 -6.586 0.408
P536005 6.388 6.459 -6.420 0.200
P536006 6.307 6.405 -7.207 0.411
P536007 6.663 6.654 -7.260 0.405
P536008 6.384 6.335 -6.542 0.419
P536009 6.477 6.479 -6.921 0.273
P536010 6.482 6.513 -6.276 0.203
P536011 6.377 6.388 -6.431 0.329
P536012 6.607 6.599 -7.255 0.403
P536013 6.107 6.149 -8.615 0.470
P536014 6.304 6.274 -7.137 0.265
P536015 6.487 6.270 -7.046 0.830
P536016 6.641 6.645 -6.752 0.261
P536017 6.387 6.604 -7.554 1.035
P536018 6.570 6.580 -6.638 0.133
P536021 6.495 6.482 -6.907 0.226
P536023 6.465 6.431 -7.221 0.340
P536024 6.509 6.486 -7.071 0.148
P536025 6.591 6.603 -7.223 0.308
P536026 6.096 6.071 -6.969 0.239
P536028 6.259 6.260 -6.417 0.479
P536029 6.298 6.254 -6.510 0.511
P536032 6.364 6.499 -5.734 0.476
P536035 6.385 6.571 -6.824 0.592
P536036 6.648 6.718 -6.780 0.276
P536037 6.055 6.215 -6.490 0.534
P536039 6.257 6.371 -5.573 0.329
P536040 6.124 6.308 -5.573 0.512
P536041 6.604 6.677 -5.713 0.276
P536044 6.448 6.509 -7.019 0.281
P536046 6.279 6.309 -6.245 0.224
P536047 6.406 6.379 -7.380 0.426
P536049 6.142 6.176 -7.099 0.313
P536050 6.688 6.682 -6.746 0.270
P536051 6.487 6.527 -6.763 0.319
P536052 6.537 6.671 -7.368 0.952
P536053 6.158 6.097 -6.925 0.261
P536054 6.515 6.426 -6.675 0.546
P536055 6.203 6.206 -6.320 0.335
P536056 6.530 6.597 -6.480 0.422
P536057 6.148 6.211 -8.391 0.468
P536059 6.625 6.641 -6.866 0.145
P536060 6.665 6.607 -7.114 0.422
P536063 6.490 6.491 -6.678 0.205
P536065 6.431 6.403 -6.444 0.437
P536067 6.524 6.479 -6.705 0.587
P536068 6.131 6.051 -6.628 0.615
P536069 6.607 6.624 -6.788 0.330
P536071 6.560 6.669 -5.624 0.277
P536072 6.484 6.528 -5.855 0.244
P536073 5.714 5.890 -2.899 0.991
P536074 6.335 6.506 -5.448 0.345
P536075 6.584 6.630 -7.040 0.282
P536077 6.133 6.100 -6.761 0.430
P536078 6.290 6.333 -6.256 0.547
P536079 6.481 6.661 -6.116 0.309
P536080 6.534 6.468 -6.592 0.300
P536081 6.743 6.764 -5.812 0.318
P536082 6.726 6.825 -5.707 0.319
P536083 6.155 6.332 -5.457 0.531
P536084 6.538 6.523 -6.549 0.295
P536086 6.607 6.671 -7.211 0.499
P536087 6.467 6.505 -6.693 1.109
P536088 6.285 6.093 -2.251 1.164
P536090 6.356 6.314 -3.589 0.609
P536091 6.258 5.509 -6.845 2.266
P536093 6.379 6.291 -3.234 0.271
P536095 6.638 6.595 -6.891 0.401
P536097 6.338 5.599 -5.948 2.527
P536101 6.585 6.491 -6.077 0.441
P536102 6.599 6.567 -6.484 0.146
P536103 6.360 6.328 -2.445 0.515
P536105 6.332 6.091 -6.093 2.532
P536106 6.283 6.256 -3.652 0.374
P536109 6.650 6.671 -6.620 0.184
P536110 6.403 6.333 -6.539 0.436
P536111 6.422 6.331 -7.088 0.573
P536112 6.540 6.583 -6.343 0.760
P536113 6.160 6.133 -6.133 0.329
P536114 6.105 6.173 -8.026 0.447
P536115 6.523 6.576 -5.718 0.307
P536116 6.643 6.643 -6.630 0.374
P536117 6.656 6.659 -5.542 0.568
P536118 6.249 6.331 -5.502 0.308
P536119 6.624 6.063 -5.660 1.114
P536120 6.805 6.766 -6.763 0.312
P536121 6.156 6.105 -5.599 0.254
P536122 6.189 6.177 -3.950 1.071
P536123 6.167 5.838 -7.052 1.260
P536124 6.165 6.236 -6.738 0.298
P536125 6.366 6.400 -1.215 0.447
P536127 6.566 6.586 -2.113 0.352
P536133 6.328 5.598 -6.527 2.544
P536136 6.388 6.218 -6.423 1.007
P536137 6.578 6.611 -2.610 0.304
P536138 6.313 6.323 -2.830 0.629
P536140 6.774 6.749 -6.429 0.322
P536141 6.119 6.339 -6.095 0.603
P536142 6.362 6.312 -4.455 0.445
P536143 6.776 6.730 -5.493 0.675
P536144 6.718 6.779 -7.337 0.221
P536145 6.570 6.858 -4.636 0.785
P536146 6.116 6.330 -5.795 0.617
P536147 6.141 6.273 -5.447 0.702
P536148 6.439 6.203 -3.911 1.500
P536149 6.702 6.652 -5.443 0.620
P536151 6.527 6.319 -6.700 0.923
P536152 6.340 6.441 -6.816 0.394
P536154 6.788 6.735 -6.625 0.470
P536155 6.130 6.190 -2.570 0.230
P536157 6.481 6.558 -1.841 0.265
P536159 6.469 5.844 -6.662 2.184
P536160 6.299 6.123 -3.755 0.840
P536161 6.735 6.745 -0.854 0.191
P536162 6.456 6.016 -6.403 1.206
P536163 6.287 6.566 -8.204 0.976
P536165 6.489 6.599 -6.469 1.423
P536166 6.348 6.032 -6.834 0.932
P536167 6.653 6.692 -5.731 0.560
P536168 6.595 6.549 -6.396 0.201
P536169 6.446 6.497 -5.979 1.463
P536171 6.372 6.313 -7.576 0.647
P536173 6.829 6.647 -2.724 0.588
P536174 6.483 6.621 -4.133 0.403
P536175 6.571 6.587 -6.145 0.183
P536176 6.523 6.713 -6.048 1.081
P536177 6.545 6.238 -6.232 0.637
P536179 6.741 6.478 -2.792 1.005
P536181 5.521 5.176 -5.500 1.336
P536182 5.763 5.725 -5.067 0.726
P536183 5.799 5.394 -5.322 1.537
P536184 5.639 5.488 -5.227 1.857
P536185 5.555 5.439 -5.439 0.963
P536187 5.623 5.344 -5.158 1.708
P536188 5.723 5.501 -5.304 1.705
P536189 5.522 5.296 -4.547 1.405
P536190 5.475 5.406 -5.151 1.522
P536192 5.429 5.234 -5.670 0.892
P536193 5.600 5.201 -5.765 1.913
P536194 5.613 5.532 -5.390 0.799
P536195 3.800 3.810 -4.941 1.067
P536197 3.760 3.815 -4.931 0.625
P536200 3.772 3.941 -5.246 1.104
P536201 3.765 3.969 -4.925 1.322
P536203 3.691 3.795 -4.692 0.535
P536208 4.016 3.996 -4.420 0.809
P536209 3.997 3.959 -4.882 1.686
P536211 3.605 3.743 -4.738 0.552
P536212 3.897 3.787 -4.462 1.821
P536215 3.947 3.836 -5.007 1.318
P536217 3.925 3.818 -4.510 1.592
P536218 3.794 4.016 -4.890 0.828
P536221 3.682 3.598 -4.280 1.351
P536223 3.930 4.086 -5.028 0.833
P536225 3.820 3.904 -4.915 1.384
P536226 3.656 3.658 -4.151 1.234
P536229 3.655 3.822 -4.904 0.804
P536231 3.870 4.114 -5.744 1.764
P536234 3.806 3.990 -4.987 0.970
P536235 3.816 3.897 -4.442 0.524
P536238 3.682 3.903 -4.856 1.633
P536240 3.743 3.938 -4.870 0.904
P536242 3.655 3.540 -4.236 1.320
P536244 3.897 4.065 -4.481 0.396
P536245 3.782 3.769 -3.865 0.989
P536248 3.803 3.936 -4.769 0.511
P536250 3.935 3.996 -3.757 1.044
P536251 3.916 3.937 -4.053 0.577
P536253 3.840 3.865 -4.975 0.729
P536254 3.855 4.031 -4.993 0.905
P536256 3.722 3.885 -4.390 0.488
P536257 3.754 3.945 -4.883 0.785
P536258 3.862 3.937 -4.337 0.361
P536260 3.637 3.860 -5.122 0.979
P536262 3.905 3.903 -4.064 0.407
P536264 3.763 3.791 -5.058 0.805
P536266 3.748 3.994 -5.138 1.984
P536267 3.840 3.926 -4.285 0.403
P536270 3.648 3.736 -4.794 0.689
P536272 3.571 3.674 -4.738 0.637
P536275 3.701 3.731 -4.793 0.555
P536276 3.632 3.695 -4.674 0.631
P536281 3.759 3.848 -4.378 0.472
P536282 3.964 4.266 -5.603 1.484
P536284 3.723 3.906 -4.838 0.917
P536286 3.886 3.953 -4.430 0.504
P536288 3.725 3.972 -5.156 0.997
P536289 3.931 3.923 -4.759 0.732
P536290 3.947 3.854 -5.093 1.251
P536291 3.980 3.972 -4.965 1.653
P536293 3.989 3.979 -4.624 0.827
P536295 3.743 3.955 -4.864 0.817
P536297 3.946 3.942 -4.285 2.799
P536300 3.839 4.018 -4.945 0.777
P536302 3.936 4.147 -4.968 0.920
P536303 3.886 3.727 -3.923 1.544
P536308 3.843 3.958 -5.192 1.267
P536310 3.911 3.912 -5.196 1.289
P536312 3.915 3.941 -5.157 0.698
P536313 3.901 4.105 -4.927 1.133
P536318 3.979 3.959 -4.565 0.845
P536319 3.565 3.693 -5.015 0.894
P536322 3.762 3.959 -5.159 0.686
P536324 3.637 3.755 -4.979 0.849
P536326 3.736 3.777 -5.024 0.867
P536330 3.613 3.719 -4.540 0.936
P536332 3.625 3.812 -4.834 1.348
P536333 3.751 3.783 -5.366 2.113
P536335 3.802 3.697 -4.375 0.801
P536339 3.705 3.725 -4.738 0.672
P536342 3.579 3.940 -5.046 1.949
P536344 3.837 3.855 -4.928 0.673
P536345 3.811 3.998 -4.405 0.662
P536347 3.806 3.984 -4.899 0.825
P536348 3.915 3.932 -5.028 0.745
P536350 3.964 3.945 -4.688 0.772
P536352 3.891 3.885 -5.096 1.742
P536353 3.937 3.933 -4.377 0.557
P536355 3.851 3.991 -4.490 1.244
P536358 3.947 4.091 -5.249 1.556
P536362 3.918 4.040 -4.450 0.492
P536363 3.885 4.081 -5.025 0.880
P536365 3.998 4.263 -5.560 1.474
P536368 4.042 4.079 -3.568 0.502
P536369 3.622 3.814 -5.254 1.016
P536371 3.708 3.745 -4.381 0.763
P536373 3.622 3.791 -4.934 0.908
P536375 3.932 3.864 -4.212 1.252
P536376 3.634 3.862 -5.212 0.825
P536378 3.602 3.750 -4.945 0.464
P536383 3.742 3.839 -5.213 1.274
P536384 3.784 3.816 -4.804 0.359
P536386 3.728 3.925 -5.022 0.900
P536388 3.709 3.863 -5.085 0.534
P536389 3.902 3.756 -4.371 1.475
P536394 4.055 4.099 -4.290 1.310
P536396 4.100 4.302 -5.095 0.924
P536397 4.237 4.319 -4.767 1.669
P536398 4.193 4.303 -4.831 1.735
P536401 3.897 3.732 -4.347 1.415
P536402 4.123 4.137 -4.426 0.603
P536403 4.017 3.825 -4.336 1.452
P536404 4.249 4.249 -4.951 1.105
P536405 4.139 4.119 -4.180 0.434
P536410 3.560 3.565 -5.037 2.552
P536413 3.385 3.502 -4.111 1.041
P536414 3.438 3.619 -4.491 1.139
P536416 3.668 3.651 -4.198 0.658
P536419 3.565 3.933 -5.450 1.900
P536420 4.157 4.040 -4.012 2.035
P536422 3.850 3.955 -4.701 0.470
P536424 3.985 4.022 -5.344 1.988
P536426 3.830 3.932 -5.062 0.522
P536428 3.742 3.751 -4.644 1.436
P536430 4.182 4.132 -4.118 0.813
P536431 4.240 4.213 -3.674 0.580
P536432 4.098 4.283 -5.025 1.296
P536435 4.138 4.096 -4.149 0.612
P536437 3.784 3.985 -4.747 1.685
P536438 3.685 3.703 -4.553 0.630
P536440 3.709 3.641 -4.693 1.617
P536442 3.907 4.121 -4.992 0.643
P536444 3.795 3.820 -4.734 0.792
P536445 3.852 3.937 -5.012 2.055
P536448 4.234 4.333 -5.046 1.064
P536449 4.223 4.231 -4.537 2.312
P536453 3.841 3.940 -4.966 0.985
P536458 3.822 3.859 -4.643 0.563
P536459 3.967 4.097 -5.293 0.525
P536460 3.798 3.821 -5.023 0.695
P536462 3.895 3.896 -5.251 1.841
P536465 4.277 4.377 -4.547 2.091
P536467 4.264 4.273 -4.743 0.920
P536469 4.263 4.283 -4.776 1.281
P536470 4.218 4.370 -4.989 0.604
P536471 4.222 4.402 -5.343 0.981
P536473 3.891 4.097 -5.062 0.669
P536475 3.650 3.860 -5.390 0.982
P536476 3.542 3.718 -4.894 1.047
P536477 3.858 4.208 -5.814 1.484
P536478 3.629 3.815 -4.816 0.877
P536480 3.617 3.700 -4.655 0.407
P536483 4.222 4.233 -4.965 0.369
P536485 4.303 4.431 -4.469 1.393
P536486 4.138 4.175 -4.949 0.780
P536488 4.200 4.200 -5.328 0.732
P536490 4.125 4.246 -5.118 0.552
P536493 4.375 4.194 -3.511 0.586
P536494 4.147 4.284 -5.072 0.509
P536497 4.138 4.235 -4.703 0.651
P536498 4.325 4.315 -5.722 1.553
P536500 4.038 4.049 -4.591 0.949
P536504 3.920 4.067 -4.896 0.455
P536507 4.020 4.012 -4.177 0.899
P536508 4.065 4.138 -4.524 1.108
P536509 4.350 4.354 -4.371 0.738
P536513 4.246 4.266 -4.790 1.212
P536515 3.875 3.973 -5.009 0.216
P536520 3.941 3.981 -5.091 0.489
P536521 3.745 3.833 -4.819 0.561
P536524 3.867 4.098 -5.442 0.984
P536526 4.019 4.175 -5.470 0.740
P536527 4.282 4.268 -4.402 0.527
P536529 4.370 4.335 -5.606 1.590
P536532 4.272 4.302 -5.297 1.033
P536534 4.280 4.121 -4.212 1.839
P536535 4.379 4.124 -3.431 1.077
P536536 4.257 4.449 -5.685 1.471
P536539 4.205 4.228 -4.912 0.724
P536543 4.191 4.308 -4.671 0.484
P536544 4.046 4.192 -4.643 1.006
P536549 3.866 3.944 -5.293 1.695
P536551 3.850 3.963 -4.797 0.763
P536552 3.909 3.963 -5.089 0.480
P536555 3.833 4.111 -5.382 0.938
P536556 4.270 4.173 -4.848 0.863
P536559 4.233 4.409 -4.894 0.589
P536560 4.254 4.161 -4.323 1.008
P536562 4.067 4.256 -4.984 1.334
P536564 4.170 4.152 -4.049 0.147
P536567 3.870 4.083 -5.390 1.045
P536569 3.839 3.883 -5.180 0.662
P536571 3.922 4.076 -5.170 1.097
P536573 3.892 3.915 -4.603 0.785
P536574 3.851 3.861 -5.166 1.341
P536575 4.115 4.169 -4.616 0.575
P536576 3.994 4.058 -4.974 0.646
P536579 4.034 4.108 -5.398 1.638
P536580 3.767 3.922 -4.644 0.343
P536585 4.141 4.195 -4.982 0.255
P536587 4.058 4.217 -5.501 1.559
P536589 3.982 3.943 -4.624 0.774
P536592 4.013 4.110 -4.960 0.671
P536593 4.118 4.219 -5.023 0.926
P536594 4.055 4.040 -4.696 1.276
P536595 4.030 4.013 -4.168 0.499
P536597 4.033 3.998 -4.689 1.381
P536599 4.106 3.934 -5.195 1.268
P536600 3.888 4.025 -5.155 0.352
P536603 3.772 3.926 -5.118 0.649
P536604 3.949 4.109 -5.186 0.750
P536607 3.950 4.002 -4.970 0.565
P536609 4.127 4.144 -5.208 0.617
P536610 4.270 4.394 -5.567 2.401
P536613 4.112 4.277 -5.486 0.976
P536614 4.040 4.162 -5.071 0.545
P536616 4.062 4.073 -4.905 0.377
P536618 4.157 4.340 -5.438 0.814
P536619 4.101 4.303 -4.534 2.717
P536620 4.106 4.068 -3.469 0.343
P536623 4.218 4.135 -4.628 0.880
P536624 4.105 3.995 -5.018 1.779
P536627 4.043 3.935 -5.261 2.307
P536628 4.039 4.063 -4.366 1.341
P536632 4.067 4.085 -4.138 1.053
P536634 4.155 4.145 -4.132 0.775
P536636 3.908 3.892 -5.297 2.448
P536637 4.151 4.238 -5.810 1.794
P536638 3.952 4.082 -5.053 1.119
P536640 3.885 4.131 -5.068 0.657
P536643 3.871 3.977 -4.870 0.515
P536645 3.853 4.037 -4.624 1.226
P536646 3.762 3.966 -4.933 0.499
P536650 4.082 4.124 -4.729 0.821
P536651 4.237 4.234 -4.655 0.799
P536653 4.263 4.299 -4.784 2.627
P536656 4.035 4.053 -4.811 1.021
P536657 4.024 4.045 -4.363 1.408
P536660 4.364 4.533 -4.550 1.492
P536661 4.429 4.436 -4.710 0.929
P536662 4.138 4.173 -5.088 0.605
P536664 4.358 4.364 -4.468 0.587
P536666 3.957 3.997 -5.151 0.405
P536669 3.801 3.929 -4.661 0.555
P536671 4.053 4.033 -4.160 0.515
P536672 3.883 4.049 -5.104 0.934
P536675 4.314 4.309 -3.786 0.856
P536678 4.277 4.385 -4.646 2.656
P536679 4.155 4.338 -3.974 1.215
P536682 4.173 4.208 -3.785 0.460
P536685 4.263 4.273 -4.648 1.515
P536686 4.223 4.215 -4.593 1.725
P536689 4.176 4.313 -5.214 0.735
P536690 4.183 4.212 -4.209 0.734
P536692 4.174 4.184 -4.259 0.703
P536693 4.343 4.300 -3.955 0.748
P536695 4.273 4.407 -4.349 1.822
P536696 4.259 4.331 -4.253 1.201
P536699 3.973 4.161 -4.385 1.346
P536700 4.273 4.347 -4.129 1.465
P536704 4.047 4.063 -4.056 0.790
P536705 4.218 4.254 -5.229 0.559
P536707 4.114 4.161 -5.092 0.663
P536710 4.188 4.184 -4.840 1.120
P536713 4.303 4.284 -4.653 1.344
P536715 3.840 4.003 -4.742 0.604
P536717 3.851 3.944 -4.393 0.372
P536718 4.153 4.030 -5.086 1.602
P536722 4.163 4.231 -4.890 0.336
P536724 4.108 4.105 -4.945 0.387
P536726 4.189 4.103 -4.325 0.820
P536727 4.122 4.149 -4.441 0.640
P536729 4.231 4.296 -5.320 1.430
P536731 4.070 4.042 -4.031 0.773
P536732 4.064 3.990 -4.602 0.610
P536735 4.122 4.263 -4.392 1.613
P536738 4.166 4.203 -4.697 0.602
P536741 4.206 4.280 -4.629 1.271
P536742 3.973 3.879 -4.283 1.075
P536744 4.167 4.333 -4.585 0.877
P536746 3.860 3.834 -4.389 1.244
P536749 4.181 4.378 -5.380 1.007
P536753 4.144 4.336 -4.354 0.638
P536755 4.137 4.169 -4.367 0.742
P536756 4.255 4.303 -4.867 0.810
P536759 4.189 4.348 -4.590 2.000
P536761 4.153 4.297 -5.005 0.919
P536762 4.076 4.054 -5.091 0.877
P536764 4.012 4.050 -4.870 0.479
P536766 4.254 4.446 -5.709 1.469
P536769 4.252 4.497 -4.717 1.927
P536771 4.173 4.289 -4.682 0.578
P536774 3.897 4.031 -4.671 0.491
P536775 3.747 3.879 -5.065 1.391
P536777 4.453 4.415 -3.755 2.514
P536779 4.207 4.263 -4.581 0.505
P536780 4.155 4.247 -4.409 0.355
P536782 4.188 4.297 -4.452 0.272
P536784 4.084 4.260 -5.086 0.622
P536787 3.984 3.980 -4.928 1.167
P536789 4.264 4.318 -4.177 0.579
P536791 3.879 4.003 -4.869 1.297
P536793 4.183 4.229 -4.390 0.385
P536794 4.068 4.102 -4.999 0.716
P536795 3.798 3.946 -4.953 0.757
P536798 3.972 4.117 -5.075 0.790
P536799 4.056 4.003 -4.997 1.399
P536802 3.852 4.032 -4.538 0.915
P536803 4.080 4.180 -4.612 0.735
P536805 3.946 4.031 -5.270 0.681
P536806 4.055 4.111 -4.547 0.658
P536807 3.947 3.913 -5.198 1.802
P536809 4.010 4.052 -4.873 0.858
P536811 3.655 3.824 -5.096 0.594
P536815 3.706 3.874 -5.249 0.707
P536818 3.805 3.878 -5.267 1.193
P536819 3.681 3.769 -5.084 2.202
P536821 3.758 3.869 -5.324 0.822
P536824 3.790 3.912 -5.375 0.638
P536826 4.101 4.066 -4.835 0.871
P536829 4.013 4.024 -4.746 1.440
P536832 4.178 4.231 -4.317 0.484
P536835 4.070 4.096 -4.971 0.419
P536837 4.100 4.223 -4.905 0.671
P536839 4.025 3.911 -4.430 1.376
P536842 4.178 4.210 -4.705 0.222
P536844 4.171 4.317 -4.882 1.073
P536846 3.954 3.825 -3.847 1.721
P536848 3.785 3.738 -4.374 1.193
P536850 3.845 3.854 -4.389 1.193
P536853 4.058 4.158 -4.984 0.818
P536854 3.966 4.165 -4.932 0.549
P536859 4.249 4.278 -4.018 0.800
P536860 4.197 4.178 -4.034 1.083
P536862 4.163 4.146 -3.928 0.874
P536864 4.246 4.287 -4.780 2.863
P536866 4.276 4.290 -4.232 0.757
P536867 4.292 4.277 -4.651 1.673
P536870 3.856 3.921 -5.138 0.570
P536872 3.830 3.947 -4.615 1.039
P536874 3.802 3.895 -4.547 0.703
P536875 3.766 3.859 -4.585 1.410
P536878 4.084 4.162 -4.894 0.473
P536880 3.971 4.097 -4.975 1.024
P536883 4.291 4.200 -4.222 0.931
P536885 4.189 4.204 -4.914 0.632
P536886 3.967 4.010 -4.693 0.129
P536889 3.782 3.933 -4.921 0.577
P536891 3.682 3.768 -4.924 1.112
P536893 3.864 4.015 -5.156 0.540
P536894 4.038 4.025 -4.275 0.868
P536898 3.917 4.037 -4.909 0.361
P536901 3.673 3.744 -4.612 0.321
P536902 4.099 4.151 -4.876 0.852
P536907 4.212 4.186 -4.180 1.113
P536909 3.720 3.823 -4.717 1.406
P536911 3.716 3.793 -4.844 1.947
P536913 3.854 3.908 -5.381 0.660
P536915 4.155 4.025 -4.315 0.609
P536916 3.953 4.094 -4.871 1.021
P536918 3.761 3.930 -4.544 1.292
P536919 3.803 3.976 -4.950 0.578
P536922 3.867 3.927 -4.777 2.135
P536923 3.896 4.155 -5.751 0.842
P536925 3.802 3.845 -4.314 0.880
P536927 3.836 3.909 -5.037 1.339
P536932 3.822 3.756 -4.449 0.667
P536935 3.912 3.998 -4.395 0.369
P536937 3.893 4.071 -4.804 0.633
P536938 4.108 3.988 -4.447 0.833
P536940 4.085 4.034 -5.045 1.726
P536941 3.820 4.050 -5.157 0.784
P536943 4.072 3.982 -3.728 0.821
P536945 4.040 4.037 -4.230 0.898
P536949 3.981 4.007 -4.475 0.506
P536952 3.767 3.966 -4.450 1.079
P536954 3.809 3.952 -4.844 0.879
P536955 3.677 3.892 -4.593 0.729
P536956 3.702 3.899 -4.982 0.943
P536957 3.900 3.943 -4.515 1.733
P536958 3.938 4.291 -5.706 1.480
P536960 3.766 3.848 -4.354 2.309
P536962 3.953 3.972 -4.901 1.295
P536963 3.936 3.956 -5.071 2.054
P536964 4.107 4.309 -5.751 1.876
P536965 3.854 3.930 -4.733 1.227
P536969 3.989 4.030 -4.762 0.664
P536970 3.889 3.997 -5.404 1.739
P536972 4.100 4.243 -4.847 1.445
P536975 4.019 4.202 -4.621 0.545
P536976 4.027 4.127 -5.026 1.231
P536978 4.040 4.323 -5.488 0.955
P536981 3.885 3.675 -4.102 1.444
P536984 3.995 4.159 -5.269 0.511
P536989 4.000 4.070 -5.226 0.580
P536992 4.005 4.247 -5.410 1.721
P536994 4.055 4.216 -5.325 1.123
P536995 3.884 4.032 -4.887 1.137
P537000 3.975 4.037 -4.964 0.599
P537003 4.036 4.181 -5.345 1.740
P537004 4.178 4.070 -4.446 0.979
P537006 4.047 4.140 -5.121 0.709
P537007 4.086 4.055 -5.090 1.356
P537008 3.972 4.204 -5.428 2.033
P537010 3.996 4.267 -5.505 1.172
P537013 3.800 3.893 -5.075 1.291
P537014 4.030 4.233 -5.039 1.825
P537015 3.833 3.914 -5.051 0.821
P537017 3.789 3.896 -5.201 0.508
P537020 3.754 3.902 -5.230 1.349
P537023 3.903 4.179 -5.795 1.336
P537025 3.770 4.000 -5.399 1.295
P537026 3.747 3.919 -5.171 1.116
P537027 3.946 4.028 -5.202 0.768
P537030 3.918 3.957 -4.923 0.616
P537033 4.101 4.111 -5.922 1.721
P537035 3.998 4.070 -5.292 1.029
P537036 4.029 4.331 -4.790 2.281
P537037 3.911 4.020 -5.041 0.744
P537040 3.975 4.174 -4.727 0.654
P537041 4.012 4.028 -4.043 0.738
P537043 3.953 4.061 -4.970 1.227
P537047 4.110 4.460 -5.267 2.054
P537048 4.060 4.132 -4.110 0.936
P537049 4.111 4.082 -4.361 1.954
P537050 3.900 3.875 -4.405 0.627
P537053 3.984 4.098 -4.070 0.895
P537054 4.113 4.252 -4.204 0.900
P537056 3.910 4.053 -5.231 0.490
P537060 4.045 4.073 -4.258 2.320
P537061 4.022 4.159 -5.016 1.238
P537063 3.857 3.906 -4.942 1.635
P537066 3.925 4.211 -5.214 1.192
P537067 4.031 4.119 -4.929 0.735
P537072 3.907 4.072 -5.056 0.671
P537074 3.854 4.235 -5.490 1.587
P537078 3.987 4.027 -4.327 0.113
P537079 3.893 4.048 -5.118 0.625
P537086 3.870 4.009 -5.108 0.704
P537087 4.045 4.105 -4.469 1.269
P537090 3.717 3.794 -4.733 0.810
P537091 3.931 4.114 -5.144 0.790
P537094 4.034 4.160 -4.171 0.634
P537096 3.806 3.864 -5.189 1.361
P537099 3.832 3.737 -4.180 1.824
P537100 3.983 4.095 -4.377 0.638
P537105 4.024 4.240 -5.355 1.402
P537106 3.796 3.707 -4.239 1.558
P537108 4.088 4.299 -5.084 0.977
P537111 3.711 3.717 -4.403 0.998
P537114 4.031 4.100 -4.631 0.750
P537115 4.053 4.237 -4.360 2.856
P537119 3.770 3.734 -4.269 1.176
P537120 3.952 4.107 -5.368 1.317
P537123 3.835 3.802 -4.327 2.098
P537127 3.865 3.774 -4.055 1.026
P537129 3.912 3.679 -3.872 1.686
P537130 3.826 3.912 -4.346 1.086
P537133 3.919 3.711 -4.149 1.532
P537135 3.799 3.796 -4.307 1.292
P537139 4.037 4.164 -5.530 2.266
P537141 4.023 3.996 -4.492 1.700
P537144 6.148 6.105 -7.345 0.299
P537145 6.068 6.029 -7.954 0.336
P537147 6.232 6.201 -7.339 0.320
P537148 5.963 5.999 -7.942 0.192
P537149 6.325 6.331 -7.843 0.125
P537150 6.340 6.355 -7.832 0.172
P537151 6.429 6.359 -7.786 0.255
P537152 6.496 6.463 -7.255 0.383
P537154 6.357 6.495 -7.300 0.360
P537157 5.893 6.121 -7.671 1.155
P537158 6.326 6.316 -7.951 0.226
P537159 6.050 6.141 -6.670 0.712
P537160 6.139 6.134 -7.276 0.160
P537161 6.465 6.466 -6.656 0.175
P537162 5.997 6.037 -6.677 0.730
P537163 5.989 6.238 -7.397 1.150
P537165 6.400 6.391 -6.628 0.147
P537166 6.277 6.277 -7.825 0.163
P537167 6.417 6.360 -7.242 0.349
P537170 6.102 6.120 -6.436 0.450
P537172 6.330 6.276 -7.785 0.224
P537174 6.260 6.242 -7.228 0.285
P537175 6.078 6.039 -7.769 0.356
P537177 6.377 6.372 -6.832 0.338
P537178 6.385 6.391 -7.781 0.184
P537179 6.235 6.223 -7.974 0.237
P537182 6.095 6.037 -6.277 0.385
P537183 6.309 6.306 -7.975 0.255
P537184 6.086 6.272 -6.502 0.463
P537186 6.192 6.227 -7.366 0.232
P537187 6.268 6.277 -7.320 0.248
P537188 6.376 6.448 -6.595 0.587
P537191 6.352 6.440 -6.709 0.398
P537194 6.327 6.340 -7.694 0.172
P537195 6.080 6.202 -6.902 0.897
P537196 6.008 6.293 -7.252 1.153
P537197 6.222 6.237 -7.041 0.251
P537199 6.328 6.472 -7.174 0.355
P537203 6.486 6.525 -7.220 0.368
P537204 6.405 6.379 -7.658 0.247
P537205 6.371 6.384 -7.659 0.174
P537206 6.121 6.186 -7.356 0.240
P537207 6.480 6.476 -6.603 0.184
P537208 5.913 6.250 -6.168 1.109
P537210 6.301 6.333 -6.261 0.179
P537211 6.387 6.395 -7.534 0.195
P537213 6.190 6.178 -7.035 0.642
P537214 6.337 6.346 -7.414 0.190
P537215 6.293 5.644 -6.359 1.214
P537216 5.636 6.013 -6.504 0.703
P537218 6.068 5.975 -8.490 0.356
P537220 6.130 5.840 -7.350 0.985
P537221 6.222 6.249 -7.367 0.183
P537222 6.324 6.258 -5.330 0.196
P537223 6.069 6.171 -6.706 0.926
P537224 5.940 5.918 -6.951 0.419
P537226 6.227 6.241 -6.824 0.281
P537227 6.259 6.084 -6.434 1.346
P537229 6.177 6.075 -6.196 0.408
P537232 6.093 6.135 -5.436 0.357
P537233 6.282 6.422 -6.962 0.458
P537239 6.114 6.153 -5.666 0.323
P537240 6.612 6.630 -8.394 0.333
P537241 6.181 6.180 -7.460 0.275
P537242 5.938 5.238 -7.091 2.633
P537243 5.899 5.979 -8.546 0.570
P537244 6.113 6.192 -4.347 0.379
P537245 5.981 6.044 -8.633 0.493
P537246 6.710 6.713 -8.397 0.327
P537247 6.156 6.255 -4.344 0.382
P537248 6.387 6.371 -7.460 0.250
P537249 6.338 6.416 -7.501 0.252
P537250 6.553 6.582 -6.066 0.228
P537251 6.152 6.162 -6.919 0.233
P537253 5.875 5.876 -4.092 0.234
P537255 5.104 6.111 -6.320 1.360
P537258 6.237 5.671 -6.771 1.857
P537261 5.638 6.001 -6.898 0.483
P537262 6.326 6.297 -7.565 0.379
P537268 6.188 6.109 -6.015 0.413
P537281 5.722 5.671 -6.900 0.679
P537282 6.102 6.133 -8.146 0.307
P537283 6.139 6.163 -6.986 0.273
P537284 6.100 6.308 -3.937 0.418
P537285 6.731 6.778 -8.194 0.324
P537286 6.614 6.482 -7.934 0.586
P537287 6.147 6.275 -4.385 0.352
P537288 6.285 6.260 -7.323 0.282
P537289 6.567 6.598 -7.044 0.307
P537292 6.234 6.335 -6.225 0.316
P537293 5.674 6.111 -6.444 1.070
P537295 6.319 6.319 -7.069 0.214
P537300 6.693 6.801 -7.225 0.539
P537301 6.308 6.339 -7.298 0.244
P537302 6.163 6.256 -4.305 0.465
P537306 5.672 5.566 -5.659 0.400
P537308 5.235 5.233 -7.041 0.526
P537310 5.362 5.358 -7.062 0.505
P537313 5.479 5.500 -7.179 0.552
P537315 5.509 5.476 -7.182 0.336
P537320 5.382 5.326 -7.189 0.485
P537321 5.382 5.448 -6.695 0.512
P537323 5.354 5.463 -7.433 0.657
P537327 5.488 5.517 -6.317 0.511
P537329 5.636 5.683 -7.219 0.694
P537330 5.637 5.620 -7.412 0.431
P537332 5.444 5.418 -6.576 0.483
P537333 5.512 5.537 -6.962 0.244
P537334 5.559 5.440 -6.218 0.633
P537337 5.346 5.368 -7.585 0.661
P537338 5.396 5.445 -6.858 0.816
P537339 5.597 5.501 -5.481 0.404
P537340 5.198 4.976 -6.861 0.588
P537342 5.459 5.501 -6.590 0.752
P537348 5.594 5.596 -7.598 0.435
P537349 5.340 5.377 -6.117 0.242
P537351 5.377 5.443 -7.176 0.500
P537355 5.661 5.721 -7.199 0.839
P537356 5.725 5.674 -7.139 0.441
P537357 5.573 5.629 -6.910 0.394
P537361 5.642 5.605 -6.996 0.481
P537362 5.451 5.372 -5.538 0.412
P537363 5.339 5.445 -7.429 0.615
P537366 5.642 5.516 -6.419 0.685
P537368 5.640 5.507 -6.222 0.529
P537370 5.423 5.455 -7.174 0.323
P537371 5.532 5.478 -6.586 0.675
P537373 5.718 5.675 -7.124 0.507
P537374 5.523 5.542 -6.276 0.266
P537376 5.405 5.573 -7.331 0.578
P537380 5.533 5.600 -6.575 0.457
P537384 5.351 5.223 -6.647 0.977
P537385 5.681 5.678 -6.671 0.237
P537386 5.294 5.307 -7.167 0.315
P537389 5.617 5.561 -7.164 0.515
P537390 5.438 5.446 -6.226 0.263
P537393 5.339 5.382 -7.370 0.415
P537395 5.292 5.306 -7.167 0.332
P537396 5.459 5.472 -7.031 0.304
P537397 5.247 5.354 -7.397 0.631
P537404 5.515 5.379 -6.223 0.535
P537406 5.362 5.390 -7.073 0.704
P537407 5.321 5.285 -6.580 0.475
P537408 5.448 5.340 -6.382 0.727
P537412 5.240 5.253 -7.648 0.634
P537413 5.507 5.571 -7.226 0.469
P537414 5.527 5.394 -6.417 0.690
P537416 5.377 5.475 -6.889 0.515
P537418 5.136 5.218 -7.219 0.422
P537419 5.119 5.219 -5.205 1.174
P537420 5.509 5.331 -6.709 1.181
P537421 5.451 5.480 -6.977 0.603
P537424 5.281 5.287 -6.230 0.548
P537428 5.535 5.554 -7.484 0.707
P537434 5.576 5.539 -6.367 0.343
P537435 5.210 5.243 -7.560 0.621
P537439 5.419 5.502 -7.260 0.558
P537444 5.493 5.469 -7.645 0.510
P537446 5.338 5.404 -6.510 1.169
P537449 5.444 5.356 -5.416 0.364
P537450 5.247 5.315 -6.687 0.528
P537452 5.195 5.147 -6.862 0.294
P537455 5.343 5.365 -7.237 0.321
P537457 5.581 5.588 -7.195 0.848
P537458 5.607 5.555 -7.119 0.440
P537459 5.456 5.497 -6.909 0.422
P537464 5.418 5.487 -7.732 0.640
P537466 5.253 5.238 -6.247 0.194
P537469 5.463 5.538 -7.332 0.886
P537472 5.661 5.721 -7.403 0.584
P537473 5.622 5.587 -7.763 0.449
P537475 5.458 5.533 -7.047 0.551
P537477 5.664 5.422 -6.623 1.297
P537478 5.082 4.927 -5.208 0.989
P537480 5.254 5.164 -6.111 0.317
P537484 5.487 5.500 -6.506 0.284
P537485 5.504 5.611 -7.068 0.352
P537486 5.555 5.573 -7.043 0.354
P537489 5.476 5.506 -7.061 0.543
P537492 5.398 5.444 -6.922 0.554
P537494 5.433 5.452 -6.313 0.205
P537497 5.450 5.509 -6.939 0.408
P537499 5.294 5.426 -6.995 1.344
P537503 5.563 5.534 -7.476 0.234
P537506 5.537 5.542 -7.038 0.554
P537508 5.523 5.488 -7.396 0.634
P537514 5.431 5.456 -5.352 0.341
P537515 5.338 5.400 -6.608 0.716
P537519 5.599 5.593 -6.578 0.578
P537526 5.431 5.439 -7.582 0.465
P537533 5.397 5.487 -6.592 0.393
P537537 5.292 5.328 -7.366 0.503
P537540 5.634 5.619 -6.955 0.278
P537541 5.413 5.552 -6.893 1.435
P537542 5.463 5.471 -7.770 0.304
P537545 5.514 5.471 -6.731 0.464
P537548 5.457 5.556 -7.310 0.206
P537550 5.429 5.372 -7.424 0.367
P537551 5.687 5.646 -6.668 0.234
P537554 5.673 5.680 -6.984 0.434
P537555 5.501 5.383 -6.551 0.666
P537557 5.409 5.324 -5.534 0.303
P537559 5.259 5.313 -7.108 1.272
P537561 5.352 5.593 -6.205 1.138
P537562 5.672 5.618 -6.926 0.889
P537563 5.505 5.466 -6.741 0.631
P537568 5.504 5.636 -7.256 0.526
P537570 5.339 5.254 -6.036 0.507
P537573 5.624 5.706 -7.391 0.612
P537574 5.687 5.729 -7.048 0.305
P537579 5.728 5.720 -7.416 0.460
P537583 5.487 5.463 -7.121 0.368
P537585 5.448 5.564 -6.641 0.830
P537587 5.677 5.522 -6.219 0.619
P537591 5.562 5.622 -6.625 0.889
P537593 5.524 5.572 -7.636 0.538
P537596 5.547 5.504 -7.505 0.381
P537604 5.511 5.607 -6.607 0.361
P537606 5.496 5.533 -7.477 0.529
P537610 5.763 5.757 -6.962 0.275
P537612 5.498 5.659 -6.902 1.439
P537613 5.567 5.576 -7.722 0.352
P537615 5.689 5.666 -6.935 1.366
P537616 5.454 5.526 -6.837 0.550
P537617 5.710 5.756 -6.725 0.385
P537620 5.534 5.665 -6.833 0.588
P537621 5.613 5.564 -6.692 0.658
P537623 5.504 5.387 -5.243 0.329
P537625 5.291 5.434 -6.974 0.575
P537627 5.900 5.885 -7.117 0.371
P537629 5.472 5.706 -6.150 1.083
P537630 5.415 5.505 -6.485 0.643
P537634 5.499 5.701 -6.064 0.558
P537635 5.543 5.594 -6.426 0.476
P537639 5.654 5.535 -5.449 0.400
P537640 5.438 5.516 -6.629 0.462
P537642 5.651 5.708 -6.507 0.396
P537647 5.573 5.645 -7.115 0.239
P537649 5.657 5.722 -7.589 0.497
P537651 5.653 5.847 -7.098 0.802
P537652 5.668 5.737 -6.865 0.381
P537656 5.745 5.727 -7.196 0.763
P537657 5.238 5.454 -7.022 0.713
P537658 5.663 5.510 -6.409 1.156
P537660 5.715 5.806 -6.395 0.239
P537664 5.575 5.629 -6.642 0.774
P537666 5.700 5.742 -7.178 0.389
P537670 5.379 5.484 -5.478 0.469
P537671 5.448 5.522 -6.508 0.570
P537672 5.306 5.310 -5.321 1.158
P537676 5.408 5.471 -7.046 0.210
P537677 5.517 5.589 -6.727 0.930
P537679 5.370 5.539 -6.813 0.966
P537683 5.422 5.461 -6.879 0.609
P537685 5.495 5.544 -6.918 0.413
P537686 5.367 5.421 -7.509 0.372
P537688 5.642 5.760 -6.505 0.386
P537689 5.537 5.551 -6.280 1.358
P537691 5.403 5.504 -7.450 0.440
P537693 5.665 5.600 -6.478 1.005
P537695 5.426 5.492 -7.112 0.286
P537697 5.633 5.664 -7.597 0.182
P537698 5.723 5.729 -7.187 0.763
P537702 5.547 5.610 -7.164 0.266
P537703 5.467 5.613 -7.128 0.326
P537704 5.732 5.732 -6.982 0.454
P537706 5.500 5.557 -7.381 0.460
P537708 5.495 5.603 -6.808 0.930
P537710 5.732 5.793 -7.167 0.426
P537711 5.678 5.688 -7.310 0.217
P537713 5.622 5.837 -6.137 0.511
P537715 5.371 5.606 -6.037 0.648
P537717 5.436 5.455 -7.408 0.669
P537718 5.672 5.732 -7.126 0.647
P537719 5.364 5.536 -7.392 0.612
P537722 5.666 5.603 -6.099 0.292
P537723 5.624 5.517 -6.313 0.663
P537725 5.558 5.543 -6.869 0.248
P537726 5.404 5.417 -6.456 0.451
P537728 5.493 5.526 -7.383 0.492
P537730 5.618 5.538 -6.180 0.431
P537733 5.497 5.523 -6.252 0.529
P537736 5.367 5.519 -7.181 0.585
P537737 5.676 5.674 -6.822 0.584
P537738 5.418 5.389 -6.876 0.206
P537741 5.491 5.569 -7.312 0.433
P537743 5.459 5.447 -6.103 0.267
P537745 5.729 5.740 -7.063 0.522
P537747 5.546 5.503 -5.752 0.385
P537749 5.584 5.702 -7.595 0.634
P537750 5.741 5.723 -7.014 0.452
P537751 5.420 5.610 -6.678 0.815
P537754 5.252 5.205 -6.017 0.378
P537757 5.318 5.223 -5.690 1.222
P537758 5.674 5.553 -6.587 1.200
P537759 5.497 5.582 -7.437 0.580
P537762 5.589 5.658 -7.594 0.615
P537765 5.719 5.829 -7.246 0.541
P537767 5.590 5.646 -6.831 0.391
P537772 5.664 5.625 -6.318 0.323
P537776 5.589 5.588 -7.303 0.375
P537777 5.540 5.660 -6.521 0.593
P537781 5.692 5.749 -7.081 0.820
P537783 5.424 5.461 -7.462 0.503
P537784 5.166 5.337 -7.069 0.776
P537785 5.385 5.456 -6.608 0.514
P537789 5.561 5.662 -7.426 0.458
P537794 5.521 5.565 -6.387 0.594
P537798 5.623 5.608 -7.511 0.555
P537799 5.347 5.334 -6.372 0.236
P537801 5.599 5.576 -5.435 0.391
P537803 5.535 5.499 -7.113 0.375
P537804 5.717 5.748 -6.836 0.452
P537805 4.739 4.063 -4.377 1.897
P537806 5.604 5.733 -6.834 0.503
P537807 5.560 5.508 -6.219 0.830
P537809 5.540 5.541 -6.739 0.313
P537810 5.378 5.347 -6.289 0.497
P537811 5.643 5.622 -7.144 0.526
P537812 5.628 5.725 -6.911 0.651
P537813 5.555 5.637 -6.301 0.685
P537815 5.704 5.742 -6.826 0.430
P537816 5.484 5.471 -6.068 0.391
P537819 5.400 5.649 -6.683 0.926
P537822 5.355 5.509 -7.104 0.700
P537825 5.442 5.598 -7.035 0.563
P537830 5.371 5.477 -7.215 0.667
P537831 5.374 5.396 -6.676 0.249
P537832 5.650 5.677 -7.222 0.451
P537836 5.478 5.164 -5.613 2.053
P537838 5.622 5.615 -6.245 0.522
P537840 5.644 5.626 -6.449 0.444
P537842 5.477 5.517 -6.920 0.386
P537843 5.663 5.791 -6.972 0.776
P537846 5.531 5.549 -7.118 0.450
P537848 5.113 4.979 -6.277 0.643
P537850 5.600 5.633 -6.484 0.723
P537858 5.604 5.638 -7.497 0.476
P537862 5.684 5.778 -7.443 0.545
P537863 5.646 5.712 -6.548 0.561
P537865 5.695 5.683 -6.459 0.545
P537871 5.525 5.460 -6.996 0.458
P537875 5.773 5.836 -7.311 0.440
P537876 5.668 5.709 -6.978 0.294
P537879 5.657 5.598 -7.156 0.537
P537882 5.404 5.418 -7.478 0.496
P537886 5.409 5.524 -6.673 0.552
P537889 5.489 5.470 -7.076 0.426
P537890 5.600 5.673 -6.649 0.520
P537892 5.728 5.774 -6.812 1.351
P537893 5.512 5.392 -6.787 0.409
P537894 5.493 5.505 -5.875 0.735
P537899 5.680 5.818 -7.750 0.632
P537900 5.839 5.914 -6.506 0.349
P537903 5.895 5.937 -7.104 0.420
P537905 5.640 5.820 -6.471 0.508
P537906 5.676 5.604 -6.369 0.562
P537909 5.475 5.339 -5.377 0.354
P537910 5.575 5.760 -6.761 1.487
P537912 5.446 5.449 -6.731 0.491
P537914 5.538 5.573 -6.963 0.688
P537915 5.783 5.739 -6.781 1.172
P537917 5.615 5.771 -6.044 0.529
P537919 5.616 5.622 -7.355 0.253
P537922 5.600 5.641 -6.650 0.496
P537925 5.661 5.598 -6.907 1.438
P537926 5.622 5.665 -6.856 0.239
P537928 5.447 5.622 -6.552 0.507
P537932 5.286 5.324 -6.909 0.430
P537933 5.482 5.420 -5.972 0.465
P537934 5.567 5.450 -6.409 1.170
P537936 5.545 5.626 -6.266 0.863
P537938 5.588 5.660 -7.011 0.752
P537941 5.672 5.793 -7.110 0.650
P537946 5.583 5.632 -6.946 0.883
P537947 5.617 5.642 -6.424 0.308
P537949 5.275 5.237 -7.128 0.596
P537952 5.537 5.697 -6.996 0.621
P537954 5.277 5.279 -6.252 0.414
P537956 5.546 5.635 -7.237 0.452
P537960 5.487 5.330 -5.942 0.678
P537964 5.548 5.543 -5.311 0.443
P537966 5.356 5.369 -6.484 0.565
P537968 5.658 5.740 -6.504 0.743
P537969 5.309 5.284 -6.721 0.914
P537971 5.503 5.564 -7.101 0.282
P537974 5.538 5.631 -7.679 0.437
P537976 5.527 5.422 -5.550 0.362
P537978 5.551 5.466 -6.435 0.583
P537980 5.578 5.538 -6.137 0.507
P537982 5.883 5.911 -7.009 0.372
P537984 5.852 5.833 -6.590 0.309
P537987 5.790 5.818 -8.043 0.243
P537990 5.571 5.500 -7.312 0.436
P537994 5.447 5.560 -6.538 0.711
P537998 5.649 5.787 -6.747 0.434
P537999 5.796 5.836 -7.023 0.311
P538003 5.659 5.760 -6.984 0.328
P538008 5.465 5.650 -6.046 0.560
P538010 5.542 5.726 -6.490 0.712
P538013 5.796 5.854 -6.526 0.478
P538016 5.643 5.675 -6.493 0.402
P538021 5.629 5.690 -6.543 0.298
P538028 5.551 5.049 -5.705 2.613
P538030 5.819 5.761 -4.906 1.393
P538031 5.795 5.735 -4.068 1.599
P538032 5.469 5.746 -5.965 1.072
P538033 5.342 5.490 -7.057 0.578
P538035 5.465 5.407 -5.319 0.353
P538037 5.521 5.539 -6.333 0.655
P538040 5.736 5.772 -6.581 0.316
P538041 5.861 5.938 -6.810 0.421
P538043 5.688 5.724 -6.451 0.403
P538046 5.419 5.482 -6.950 0.746
P538052 5.585 5.659 -6.916 0.437
P538053 5.654 5.846 -6.130 1.443
P538055 5.539 5.629 -6.494 0.512
P538056 5.614 5.644 -7.417 0.400
P538059 5.485 5.756 -6.061 1.092
P538061 5.565 5.541 -5.851 0.489
P538066 5.512 5.669 -6.344 0.732
P538071 5.535 5.638 -7.290 0.523
P538075 5.772 5.773 -7.262 0.366
P538078 5.444 5.554 -7.169 0.433
P538080 5.593 5.577 -5.416 0.338
P538083 5.436 5.424 -6.774 0.544
P538088 5.396 5.510 -6.535 0.429
P538092 5.632 5.780 -7.048 0.638
P538096 5.736 5.816 -6.896 0.623
P538097 5.674 5.724 -6.764 0.307
P538100 5.593 5.671 -6.388 0.606
P538105 5.947 5.824 -5.253 1.679
P538106 5.811 5.605 -2.872 1.015
P538108 5.804 5.141 -6.104 2.671
P538113 5.753 5.684 -0.741 0.889
P538114 5.897 5.808 -0.892 0.426
P538118 5.351 4.912 -5.690 2.247
P538119 5.811 5.614 -4.507 1.276
P538121 5.921 5.711 -4.517 1.254
P538123 5.807 5.926 -1.528 0.754
P538130 5.846 5.744 -2.157 0.495
P538132 5.739 5.711 -1.915 0.408
P538136 5.658 5.475 -1.407 1.047
P538137 5.644 5.252 -5.934 2.856
P538138 5.750 5.529 -2.776 1.551
P538142 5.878 5.782 -1.844 0.534
P538146 6.014 5.887 -4.190 1.540
P538151 5.888 5.620 -2.608 0.954
P538155 5.498 5.131 -5.513 2.244
P538156 5.895 5.683 -1.780 1.173
P538158 5.661 5.615 0.452 0.500
P538159 5.889 5.814 -1.805 0.556
P538165 5.973 5.859 -1.450 0.478
P538166 5.659 5.431 -4.818 1.432
P538167 5.702 5.711 -1.229 1.087
P538168 5.724 5.578 -1.723 1.649
P538170 5.636 4.575 -4.862 3.465
P538171 5.966 5.645 -4.464 1.303
P538173 5.781 5.803 -1.565 0.455
P538174 5.749 5.803 -2.321 1.786
P538177 5.827 5.094 -5.882 2.230
P538178 5.405 5.192 -6.071 1.513
P538179 5.727 5.516 -3.092 1.271
P538181 5.959 5.552 -4.342 2.994
P538184 5.837 5.840 -1.252 1.316
P538186 5.904 5.825 -1.847 0.457
P538188 5.805 5.638 -4.600 2.303
P538191 5.857 5.529 -5.546 1.893
P538193 5.641 5.459 -2.786 0.845
P538194 5.631 5.534 -4.703 2.198
P538196 5.963 5.826 -4.340 0.718
P538199 5.793 5.660 -3.106 1.434
P538200 5.987 5.871 -1.787 0.545
P538203 5.874 5.724 -1.462 1.363
P538205 6.015 5.686 -4.521 1.433
P538206 6.084 5.841 -3.547 1.289
P538209 5.828 5.125 -6.340 4.322
P538210 5.765 5.523 -2.816 0.903
P538212 5.930 5.919 -3.946 0.707
P538214 5.850 5.797 0.588 0.435
P538223 5.926 5.872 -2.947 0.274
P538225 6.065 5.952 -5.514 1.425
P538226 6.024 6.017 -1.659 0.380
P538227 5.514 5.280 -5.864 1.837
P538229 5.920 5.788 -2.295 1.168
P538231 6.015 6.050 -0.633 0.537
P538233 5.942 6.115 -1.806 0.847
P538234 5.862 5.743 -3.662 0.746
P538236 5.426 5.437 -6.640 0.206
P538237 5.462 5.452 -6.614 0.225
P538238 5.427 5.386 -6.636 0.620
P538240 5.311 5.237 -6.701 0.536
P538241 5.319 5.306 -6.332 0.200
P538242 5.280 5.131 -6.167 0.767
P538243 4.979 4.926 -5.209 1.227
P538245 5.095 5.004 -5.443 1.249
P538246 5.246 5.044 -5.267 1.704
P538247 4.968 4.868 -5.172 1.338
P538248 4.979 4.974 -5.227 0.725
P538249 5.176 5.179 -6.494 0.296
P538250 5.082 5.094 -6.747 0.191
P538252 5.375 5.376 -6.833 0.219
P538253 5.483 5.482 -6.862 0.268
P538254 5.521 5.518 -6.842 0.256
P538255 5.478 5.468 -6.878 0.435
P538256 5.231 5.209 -6.685 0.219
P538257 5.318 5.306 -6.530 0.286
P538258 5.362 5.392 -6.935 0.239
P538259 5.330 5.354 -6.937 0.280
P538260 5.290 5.155 -6.315 0.678
P538261 5.058 5.055 -5.169 0.235
P538262 5.192 4.997 -6.307 0.548
P538263 5.415 5.249 -6.581 0.830
P538264 5.448 5.258 -6.491 0.731
P538265 5.412 5.240 -6.553 0.836
P538266 5.330 5.172 -6.631 0.621
P538268 5.279 5.053 -6.130 0.741
P538269 5.292 5.279 -6.571 0.290
P538270 5.207 5.177 -6.636 0.250
P538271 5.444 5.440 -6.949 0.455
P538272 5.488 5.487 -6.902 0.230
P538273 5.450 5.445 -6.943 0.433
P538275 5.361 5.360 -6.898 0.221
P538276 5.317 5.302 -6.500 0.258
P538277 5.315 5.306 -6.460 0.680
P538279 5.338 5.381 -6.831 0.449
P538280 5.487 5.484 -6.721 0.217
P538281 5.457 5.468 -6.739 0.216
P538282 5.230 5.226 -6.568 0.186
P538283 5.321 5.277 -6.404 0.545
P538284 4.951 4.830 -5.275 0.774
P538285 5.219 5.150 -5.459 0.721
P538286 5.258 5.199 -5.515 0.598
P538287 5.213 5.214 -5.490 0.684
P538289 5.130 5.095 -5.456 0.616
P538291 5.216 5.240 -6.969 0.235
P538292 5.194 5.198 -6.524 0.267
P538293 5.253 5.020 -6.222 0.572
P538294 5.299 5.363 -5.725 0.402
P538295 5.261 5.252 -4.998 0.588
P538296 5.136 5.121 -5.521 0.673
P538297 5.378 5.221 -6.028 0.965
P538298 5.399 5.200 -6.574 0.633
P538300 5.514 5.288 -6.346 0.587
P538301 5.252 5.252 -6.347 0.275
P538302 5.348 5.103 -6.044 0.630
P538303 5.330 5.416 -6.494 0.486
P538304 5.349 5.376 -6.674 0.442
P538306 5.471 5.508 -6.776 0.470
P538307 5.260 5.309 -5.707 0.522
P538308 5.413 5.497 -6.784 0.381
P538309 5.190 5.263 -6.428 0.511
P538310 5.309 5.405 -6.491 0.335
P538311 5.498 5.556 -6.773 0.456
P538313 5.168 5.174 -5.729 0.412
P538314 5.227 5.228 -6.342 0.194
P538315 5.542 5.319 -6.357 0.623
P538316 5.503 5.229 -6.376 0.693
P538317 5.044 4.918 -5.930 0.551
P538318 5.144 5.083 -6.350 0.466
P538319 5.344 5.368 -6.830 0.589
P538320 5.206 5.284 -6.719 0.437
P538322 5.356 5.356 -6.781 0.257
P538323 5.391 5.401 -6.736 0.199
P538324 5.354 5.129 -6.135 0.693
P538325 5.348 5.031 -5.938 0.814
P538326 5.465 5.483 -7.040 0.255
P538327 5.370 5.357 -6.483 0.402
P538328 5.380 5.354 -6.658 0.415
P538329 5.318 4.977 -5.236 1.866
P538330 5.212 4.813 -5.431 2.005
P538331 5.448 5.244 -6.181 0.607
P538332 5.386 5.079 -5.603 1.898
P538334 5.348 5.020 -5.543 2.001
P538335 5.557 5.532 -6.577 0.285
P538336 5.220 4.993 -5.294 1.732
P538337 5.185 4.965 -5.139 1.327
P538338 5.252 5.276 -6.296 0.323
P538339 5.209 5.255 -5.369 0.803
P538340 5.594 5.437 -6.719 0.661
P538342 5.433 5.457 -6.602 0.774
P538343 5.459 5.298 -6.385 0.876
P538344 5.391 5.202 -6.076 0.737
P538345 5.554 5.405 -6.754 0.687
P538346 5.343 5.152 -6.237 1.053
P538347 5.531 5.280 -6.313 0.933
P538348 5.302 5.053 -6.035 0.766
P538349 5.322 5.108 -6.223 0.672
P538350 5.387 5.186 -6.236 0.656
P538351 5.411 5.275 -6.829 0.675
P538352 5.333 5.310 -6.667 0.366
P538353 5.330 5.180 -6.528 0.542
P538354 5.413 5.382 -6.686 0.236
P538355 5.616 5.313 -6.118 0.826
P538356 5.417 5.272 -6.097 0.802
P538357 5.518 5.321 -6.827 0.724
P538358 5.424 5.257 -6.336 0.575
P538359 5.200 4.952 -5.375 1.492
P538360 5.395 5.261 -5.435 0.848
P538361 5.447 5.220 -5.484 1.755
P538362 5.316 5.226 -5.527 0.933
P538363 5.099 4.930 -5.261 1.449
P538364 5.234 5.068 -5.004 1.210
P538365 5.426 5.266 -5.913 0.990
P538366 5.106 5.017 -5.239 0.694
P538367 5.142 5.137 -5.180 0.719
P538368 5.542 5.657 -6.517 0.440
P538369 5.402 5.506 -6.603 0.300
P538370 5.462 5.344 -6.086 0.564
P538371 5.351 5.520 -6.276 0.775
P538372 5.258 5.300 -6.031 0.311
P538373 5.282 5.287 -5.526 0.505
P538374 5.392 5.440 -5.685 0.345
P538375 5.160 5.007 -5.652 0.752
P538376 5.072 5.019 -5.260 0.722
P538377 5.033 5.009 -5.236 0.462
P538378 5.296 5.364 -6.214 0.286
P538379 4.991 4.940 -5.020 0.728
P538380 5.333 5.410 -6.536 0.363
P538381 5.385 5.472 -6.535 0.376
P538382 5.286 5.303 -6.247 0.302
P538383 5.339 5.329 -6.445 0.508
P538384 5.270 5.264 -6.687 0.484
P538385 5.453 5.434 -6.678 0.329
P538386 5.191 5.172 -6.417 0.304
P538387 5.222 5.217 -6.672 0.325
P538388 5.300 5.292 -6.783 0.300
P538389 5.192 5.197 -5.316 0.643
P538390 5.115 5.115 -5.428 0.188
P538391 5.298 5.175 -5.175 1.227
P538392 5.435 5.427 -4.773 0.640
P538393 5.505 5.387 -5.127 0.709
P538394 5.436 5.307 -4.973 1.693
P538395 5.140 5.138 -5.055 1.243
P538396 5.242 5.232 -5.631 0.521
P538397 5.160 5.128 -5.339 1.132
P538398 5.281 5.316 -5.316 0.787
P538399 5.036 4.932 -5.379 2.096
P538400 5.147 5.283 -5.354 1.651
P538401 5.282 5.171 -5.950 0.833
P538402 5.114 5.102 -5.055 0.513
P538403 5.165 5.130 -5.343 0.348
P538404 5.424 5.319 -6.874 0.436
P538405 5.531 5.513 -6.357 0.244
P538406 5.401 5.392 -6.408 0.228
P538407 5.498 5.157 -5.625 2.013
P538408 5.038 4.909 -5.587 1.067
P538409 5.311 5.221 -5.678 1.112
P538410 5.390 5.334 -4.960 1.196
P538411 5.447 5.424 -6.616 0.295
P538412 5.331 5.273 -5.667 0.917
P538413 5.330 5.306 -5.288 1.102
P538414 5.267 5.003 -5.177 1.488
P538416 5.154 5.184 -4.983 1.524
P538417 5.319 5.208 -5.679 1.077
P538419 5.323 5.181 -5.340 1.162
P538420 5.187 5.175 -6.071 0.602
P538421 5.209 5.274 -6.558 0.186
P538422 5.399 5.424 -5.232 0.499
P538423 5.438 5.511 -5.414 0.653
P538424 5.401 5.445 -5.242 0.534
P538425 5.359 5.005 -5.321 2.050
P538426 5.093 5.078 -6.293 0.638
P538427 5.247 5.280 -6.111 0.365
P538428 5.332 5.285 -6.254 0.653
P538429 5.541 5.512 -6.507 0.399
P538430 5.431 5.468 -6.938 0.219
P538431 5.382 5.388 -6.067 0.279
P538432 5.444 5.427 -6.177 0.393
P538433 5.488 5.498 -6.972 0.251
P538434 5.439 5.391 -6.597 0.501
P538435 5.588 5.560 -6.603 0.513
P538436 5.364 5.324 -6.336 0.327
P538437 5.375 5.349 -6.605 0.355
P538438 5.174 5.046 -5.368 1.125
P538439 5.158 4.986 -5.295 1.428
P538440 5.317 5.150 -6.271 1.026
P538441 5.220 5.062 -6.404 0.738
P538442 5.472 5.277 -6.535 0.806
P538443 5.501 5.309 -6.540 0.857
P538444 5.366 5.370 -6.890 0.275
P538445 5.313 5.272 -6.142 0.425
P538446 5.252 5.076 -6.829 0.658
P538448 5.230 4.952 -6.269 0.640
P538449 5.336 5.309 -6.515 0.298
P538450 5.352 5.135 -6.652 0.646
P538451 5.479 5.484 -6.645 0.296
P538452 5.343 5.334 -6.629 0.197
P538453 5.281 5.299 -5.187 0.805
P538454 5.260 5.248 -6.521 0.311
P538455 5.238 5.237 -6.245 0.264
P538456 5.394 5.384 -6.894 0.268
P538457 5.496 5.483 -6.511 0.200
P538458 5.388 5.386 -4.454 0.743
P538459 5.380 5.351 -6.621 0.511
P538460 5.516 5.449 -4.955 0.798
P538461 5.442 5.380 -5.337 0.694
P538462 5.105 5.168 -5.407 1.239
P538463 5.411 5.301 -6.497 0.613
P538464 5.428 5.400 -6.287 0.481
P538465 5.408 5.298 -6.830 0.327
P538466 5.465 5.372 -6.005 1.055
P538467 5.457 5.468 -6.413 0.636
P538468 5.272 5.270 -6.176 0.408
P538469 5.345 5.196 -4.918 1.078
P538470 5.298 5.285 -4.392 0.476
P538471 5.369 5.311 -6.575 0.577
P538472 5.403 5.288 -4.936 1.237
P538473 5.316 5.312 -3.452 0.319
P538474 5.318 5.282 -4.894 1.350
P538475 5.468 5.587 -6.791 0.309
P538476 5.458 5.434 -6.344 0.750
P538477 5.430 5.462 -6.639 0.500
P538478 5.372 4.997 -5.025 1.874
P538479 5.491 5.094 -4.718 2.013
P538480 5.298 5.460 -6.235 2.842
P538481 5.259 5.129 -5.340 1.826
P538482 5.450 5.511 -6.138 0.664
P538483 5.470 5.497 -6.541 0.499
P538484 5.504 5.492 -6.649 0.557
P538485 5.521 5.527 -3.387 0.594
P538486 5.505 5.315 -6.399 0.587
P538487 5.358 5.233 -6.299 0.847
P538488 5.519 5.330 -6.936 0.664
P538489 5.360 5.169 -5.968 0.557
P538490 5.386 5.509 -6.749 0.464
P538491 5.527 5.508 -6.637 0.545
P538492 5.317 5.336 -6.427 0.479
P538493 5.285 5.384 -5.419 0.819
P538494 5.371 5.316 -6.379 0.593
P538495 5.365 5.401 -6.908 0.334
P538496 5.379 5.371 -6.271 0.305
P538497 5.369 5.380 -6.721 0.379
P538498 5.203 5.203 -6.521 0.531
P538499 5.401 5.389 -6.786 0.268
P538500 5.299 5.285 -6.874 0.487
P538501 5.291 5.309 -6.295 0.294
P538502 5.324 5.356 -5.323 0.493
P538503 5.344 5.292 -6.359 0.402
P538504 5.286 5.361 -5.710 0.492
P538505 5.785 5.482 -5.024 1.557
P538506 5.289 5.337 -4.809 1.193
P538507 5.351 5.385 -5.802 0.287
P538508 5.168 5.213 -5.957 0.326
P538509 5.239 5.170 -5.442 1.253
P538510 5.364 5.256 -5.886 0.638
P538511 5.208 5.047 -5.762 0.871
P538512 5.277 5.229 -5.960 0.726
P538513 5.339 5.309 -6.212 2.678
P538514 5.468 5.517 -5.089 0.581
P538515 5.325 5.340 -6.682 0.285
P538516 5.250 5.035 -6.188 0.725
P538517 5.382 5.229 -4.875 1.443
P538518 5.470 5.448 -6.783 0.487
P538519 5.576 5.529 -6.738 0.281
P538520 5.380 5.387 -6.420 0.605
P538521 5.522 5.510 -6.627 0.441
P538522 5.532 5.519 -6.206 0.287
P538523 5.526 5.520 -6.912 0.267
P538524 5.086 5.013 -5.453 0.616
P538525 5.332 5.261 -5.369 1.653
P538526 5.131 5.138 -5.344 1.396
P538527 5.301 5.165 -6.348 0.809
P538528 5.376 5.227 -6.408 0.842
P538529 5.376 5.405 -5.355 0.316
P538530 5.632 4.743 -5.139 2.980
P538531 5.320 5.091 -4.871 1.909
P538532 5.374 5.396 -5.712 0.417
P538533 5.091 5.080 -5.204 0.983
P538534 5.503 5.139 -4.868 0.851
P538535 5.401 5.033 -4.851 0.872
P538536 5.413 5.059 -4.489 1.599
P538537 5.410 5.162 -4.963 1.794
P538538 5.386 5.278 -5.722 1.035
P538539 5.349 5.141 -5.057 1.261
P538540 5.230 4.998 -5.033 1.418
P538541 5.402 5.153 -5.270 1.443
P538542 5.451 5.431 -6.823 0.391
P538543 5.457 5.403 -6.605 0.519
P538544 5.405 5.416 -6.075 0.872
P538545 5.286 5.173 -5.056 0.816
P538546 5.269 4.999 -4.972 1.778
P538547 5.334 5.360 -6.694 0.504
P538548 5.438 5.413 -6.572 0.815
P538549 5.327 5.327 -6.545 0.527
P538550 5.409 5.387 -6.856 0.345
P538551 5.520 5.512 -6.597 0.205
P538552 5.307 5.288 -6.287 0.449
P538553 5.175 5.074 -4.916 0.888
P538554 5.486 5.460 -6.103 0.274
P538555 5.449 5.387 -6.073 0.303
P538556 5.476 5.454 -6.532 0.176
P538557 5.251 5.228 -6.402 0.688
P538558 5.482 5.459 -6.524 0.298
P538559 5.536 5.360 -6.449 0.583
P538560 5.400 5.135 -6.319 0.808
P538561 5.492 5.314 -6.220 0.615
P538562 5.288 5.126 -5.887 0.860
P538563 5.557 5.537 -6.982 0.640
P538564 5.529 5.372 -6.255 0.763
P538565 5.497 5.329 -6.131 0.717
P538566 5.490 5.251 -6.007 0.890
P538567 5.475 5.269 -6.644 0.604
P538568 5.478 5.277 -6.011 1.171
P538569 5.449 5.286 -6.024 1.259
P538570 5.506 5.492 -6.871 0.250
P538571 5.307 5.296 -5.032 1.202
P538572 5.415 5.327 -5.998 1.071
P538573 5.474 5.302 -6.458 0.611
P538574 5.397 5.188 -6.037 0.580
P538575 5.677 5.435 -6.423 0.663
P538576 5.545 5.356 -6.460 0.665
P538577 5.421 5.277 -6.128 1.180
P538578 5.393 5.210 -6.160 0.612
P538579 5.433 5.224 -6.720 0.604
P538580 5.478 5.317 -6.231 0.954
P538581 5.264 5.158 -6.021 0.847
P538582 5.479 5.316 -6.295 0.556
P538583 5.357 5.208 -6.396 0.783
P538584 5.529 5.113 -5.219 2.492
P538585 5.384 5.197 -4.893 1.620
P538586 5.441 5.262 -5.889 0.867
P538587 5.513 5.478 -6.806 0.272
P538588 5.304 4.804 -5.400 2.127
P538589 5.344 5.219 -5.477 1.050
P538590 5.526 5.418 -5.360 1.242
P538591 5.254 5.152 -5.064 1.279
P538592 5.251 5.100 -5.490 1.073
P538593 5.369 5.289 -5.449 1.312
P538594 5.465 5.487 -6.285 0.664
P538595 5.345 5.031 -5.062 2.467
P538596 5.218 5.218 -5.206 2.035
P538597 5.236 5.112 -5.228 1.492
P538598 5.207 5.195 -5.630 0.567
P538599 5.143 5.361 -5.770 1.969
P538600 5.263 5.285 -5.330 0.284
P538601 5.205 5.053 -5.399 0.777
P538602 5.242 5.196 -5.492 2.446
P538603 5.410 5.416 -6.248 0.250
P538604 5.437 5.453 -6.752 0.571
P538605 5.475 5.502 -6.980 0.273
P538606 5.271 4.886 -4.954 0.909
P538607 5.168 4.835 -5.037 1.042
P538608 5.383 4.953 -5.338 1.860
P538609 5.388 5.060 -5.129 1.202
P538610 5.397 4.944 -5.131 1.572
P538611 5.494 5.302 -6.106 1.887
P538612 5.243 4.840 -5.437 1.944
P538613 5.367 4.857 -5.241 1.629
P538614 5.258 4.802 -5.196 1.442
P538615 5.581 5.072 -5.444 2.031
P538616 5.428 5.137 -5.321 1.943
P538617 5.425 5.404 -3.740 0.361
P538618 5.673 5.399 -6.683 0.875
P538619 5.445 5.271 -6.360 0.545
P538620 5.483 5.384 -5.959 0.769
P538621 5.566 5.402 -6.206 1.046
P538622 5.794 5.544 -6.978 0.708
P538623 5.351 5.160 -6.560 0.718
P538624 5.398 5.156 -6.487 0.625
P538625 5.733 5.431 -6.672 0.723
P538627 5.269 5.104 -6.231 0.518
P538628 5.420 5.287 -6.060 1.016
P538629 5.487 5.282 -6.869 0.610
P538630 5.383 5.242 -6.673 0.931
P538631 5.358 5.209 -6.600 0.932
P538632 5.539 5.376 -6.089 0.887
P538633 5.427 5.033 -4.710 1.729
P538634 5.351 5.099 -5.578 1.310
P538635 5.399 5.246 -4.903 1.624
P538636 5.421 4.959 -5.595 1.496
P538637 5.494 5.490 -3.544 0.662
P538638 5.539 5.486 -3.988 0.360
P538639 5.544 5.030 -5.071 1.931
P538640 5.340 5.426 -4.525 0.568
P538641 5.526 5.037 -5.384 2.297
P538642 5.342 5.273 -4.414 0.938
P538643 5.529 5.215 -5.325 1.948
P538644 5.475 4.915 -5.395 1.621
P538645 5.307 5.298 -5.824 0.472
P538646 5.422 5.285 -5.608 1.057
P538647 5.286 5.194 -4.755 1.519
P538648 5.374 5.307 -5.615 1.038
P538649 5.641 5.364 -6.578 0.893
P538650 5.612 5.408 -6.929 0.551
P538651 5.615 5.393 -6.165 1.153
P538652 5.622 5.450 -6.552 0.747
P538653 5.480 5.280 -6.333 0.893
P538654 5.663 5.508 -6.568 0.788
P538655 5.575 5.368 -6.600 0.604
P538656 5.491 5.354 -4.605 0.892
P538657 5.385 5.323 -4.775 1.523
P538658 5.238 4.986 -4.908 1.326
P538659 5.515 5.256 -5.515 1.116
P538660 5.216 5.067 -5.211 1.225
P538661 5.393 5.118 -5.122 1.256
P538662 5.268 5.075 -4.945 1.305
P538663 5.355 5.228 -5.467 1.288
P538664 5.431 5.067 -5.064 1.965
P538665 5.152 5.187 -6.103 0.662
P538666 5.463 5.500 -5.881 0.237
P538667 5.370 5.346 -5.318 0.645
P538668 5.444 5.258 -5.102 1.386
P538669 5.486 5.441 -4.978 1.917
P538670 5.092 5.081 -5.065 1.001
P538671 5.370 5.383 -5.179 0.486
P538673 5.358 5.335 -5.550 0.488
P538674 5.644 5.653 -6.015 0.328
P538675 5.386 5.496 -5.596 0.581
P538676 5.511 5.502 -5.958 0.414
P538677 5.166 5.282 -5.132 0.595
P538678 5.295 5.318 -3.104 0.653
P538679 5.436 5.481 -5.141 0.559
P538680 5.450 5.268 -5.202 1.098
P538681 5.520 5.359 -4.987 0.643
P538682 5.310 5.223 -4.968 1.609
P538683 5.523 5.425 -5.432 1.254
P538684 5.511 5.412 -5.159 1.447
P538686 5.286 5.215 -5.261 1.684
P538687 5.344 5.318 -5.943 2.673
P538688 5.285 5.225 -5.384 0.792
P538689 5.318 5.342 -5.481 0.264
P538690 5.212 5.137 -5.233 1.608
P538691 5.419 5.470 -4.814 0.560
P538692 5.331 5.351 -6.649 0.302
P538693 5.451 5.509 -5.345 0.533
P538694 5.346 5.391 -5.044 0.395
P538695 5.409 5.281 -4.802 1.023
P538696 5.435 5.312 -5.163 2.290
P538697 5.415 5.284 -5.115 1.139
P538698 5.395 5.193 -5.805 0.876
P538699 5.358 5.384 -6.258 0.665
P538700 5.594 5.636 -6.371 0.682
P538701 5.675 5.685 -6.957 0.273
P538702 5.759 5.785 -7.334 0.313
P538703 5.512 5.568 -6.343 0.339
P538705 5.552 5.524 -6.283 0.388
P538706 5.555 5.615 -6.790 0.382
P538707 5.375 5.191 -5.739 1.060
P538708 5.638 5.402 -6.727 0.792
P538709 5.559 5.484 -6.122 0.843
P538710 5.691 5.507 -7.002 0.714
P538711 5.465 5.340 -6.065 0.795
P538712 5.221 4.906 -5.096 2.853
P538713 5.235 4.592 -4.728 3.298
P538714 5.701 5.442 -6.892 0.894
P538716 5.436 5.445 -5.530 0.539
P538717 5.414 5.494 -5.726 1.646
P538718 5.483 5.485 -5.692 0.665
P538719 5.345 5.427 -5.970 2.916
P538721 5.238 5.347 -5.083 1.456
P538722 5.544 5.266 -4.788 1.595
P538723 5.653 5.368 -4.296 0.795
P538724 5.450 5.151 -4.741 1.538
P538725 5.472 5.492 -3.442 0.750
P538726 5.479 5.330 -4.931 1.271
P538727 5.172 5.116 -4.988 0.648
P538728 5.424 5.354 -4.834 0.717
P538729 5.665 5.673 -6.174 0.552
P538730 5.399 5.429 -6.187 0.614
P538731 5.725 5.725 -6.741 0.306
P538732 5.613 5.629 -6.880 0.249
P538733 5.805 5.812 -7.299 0.257
P538734 5.557 5.500 -6.329 0.988
P538736 5.522 5.517 -6.159 0.476
P538737 5.672 5.248 -5.065 2.328
P538738 5.552 5.512 -6.075 0.986
P538739 5.292 5.273 -6.242 0.419
P538740 5.613 5.592 -6.768 0.378
P538741 5.513 5.522 -6.621 0.352
P538742 5.541 5.502 -5.780 0.680
P538743 5.441 5.439 -6.340 0.348
P538744 5.643 5.571 -6.573 0.741
P538746 5.518 5.645 -1.023 0.721
P538747 5.532 5.524 -6.166 0.299
P538749 5.445 5.449 -6.231 0.390
P538750 5.586 5.353 -5.878 0.874
P538751 5.450 5.323 -6.395 0.523
P538752 5.613 5.607 -6.829 0.467
P538753 5.585 5.317 -5.029 2.251
P538754 5.579 5.571 -6.065 0.945
P538755 5.383 5.307 -6.117 0.599
P538756 5.576 5.584 -6.988 0.307
P538757 5.463 5.408 -4.890 0.886
P538758 5.366 4.999 -5.266 2.043
P538759 5.412 5.060 -5.259 2.076
P538760 5.605 5.661 -5.400 2.657
P538761 5.329 5.301 -5.046 1.820
P538762 5.585 5.585 -6.019 0.504
P538763 5.501 5.516 -6.760 0.369
P538764 5.475 5.455 -5.408 1.835
P538765 5.252 5.253 -6.365 0.411
P538766 5.504 5.489 -6.282 0.820
P538767 5.648 5.707 -7.334 0.331
P538768 5.450 5.373 -6.397 0.969
P538769 5.383 5.393 -6.128 0.414
P538770 5.660 5.761 -6.630 0.308
P538771 5.588 5.576 -6.601 0.509
P538772 5.787 5.848 -7.199 0.308
P538773 5.481 5.559 -6.325 0.258
P538774 5.656 5.485 -4.705 1.844
P538775 5.786 5.727 -6.613 0.685
P538777 5.775 5.706 -4.707 1.619
P538778 5.692 5.497 -4.735 1.692
P538779 5.907 5.563 -5.040 1.550
P538780 5.654 5.595 -6.784 0.772
P538782 5.490 5.064 -4.524 1.507
P538783 5.473 5.361 -6.214 0.645
P538784 5.791 5.540 -6.991 0.685
P538786 5.614 5.391 -5.834 0.809
P538787 5.671 5.591 -7.074 0.370
P538788 5.527 5.499 -6.710 0.226
P538789 5.615 5.595 -6.717 0.194
P538790 5.587 5.279 -5.521 0.784
P538791 5.556 5.530 -6.072 0.588
P538792 5.421 5.111 -5.165 0.646
P538793 5.286 4.477 -5.246 2.781
P538794 5.613 4.523 -5.275 3.189
P538795 5.206 5.057 -3.575 1.082
P538797 5.397 5.370 -5.111 0.555
P538798 5.420 5.524 -4.966 1.114
P538799 5.594 5.581 -6.900 0.324
P538800 5.463 5.398 -6.371 0.860
P538801 5.526 5.162 -5.062 1.307
P538802 5.515 5.573 -4.813 0.574
P538803 5.305 4.905 -5.230 2.132
P538804 5.538 5.483 -5.206 0.555
P538805 5.157 4.745 -5.111 1.406
P538806 5.670 5.212 -4.820 2.335
P538807 5.610 4.955 -5.239 2.393
P538808 5.426 5.195 -4.371 1.406
P538809 5.652 5.384 -5.124 1.398
P538810 5.628 5.340 -5.163 1.362
P538811 5.800 5.845 -5.098 1.609
P538812 5.675 5.231 -5.168 1.492
P538813 5.781 5.384 -4.967 1.503
P538814 5.500 5.341 -6.020 0.819
P538815 5.790 5.630 -7.345 0.671
P538816 5.492 5.321 -6.402 0.655
P538817 5.661 5.419 -6.808 0.798
P538818 5.319 5.171 -6.001 0.798
P538819 5.504 5.372 -5.999 0.771
P538821 5.523 5.329 -6.387 0.619
P538822 5.670 5.414 -3.885 1.579
P538824 5.740 5.755 -0.505 0.409
P538825 5.805 5.413 -5.228 2.276
P538826 5.727 5.519 -5.367 1.775
P538827 5.265 4.671 -5.096 2.911
P538828 5.276 5.242 -5.636 1.319
P538829 5.912 5.890 -4.883 2.241
P538830 5.561 5.159 -4.734 2.002
P538831 5.553 5.348 -4.680 1.872
P538832 5.731 5.428 -5.387 1.561
P538833 5.776 5.652 -4.768 0.923
P538834 5.715 5.621 -4.975 2.481
P538835 5.705 5.801 -4.902 3.403
P538836 5.492 5.486 -4.921 1.502
P538838 5.557 5.409 -4.522 1.598
P538839 5.658 5.684 -5.361 0.816
P538840 5.621 5.647 -4.972 1.217
P538841 5.394 5.171 -5.236 1.440
P538842 5.638 5.607 -5.442 1.237
P538843 5.744 5.470 -5.045 1.550
P538844 5.544 5.471 -4.877 1.264
P538845 5.781 5.735 -4.551 0.748
P538846 5.668 5.500 -4.616 1.317
P538847 5.622 5.610 -3.872 0.442
P538848 5.558 4.787 -4.991 2.790
P538849 5.530 5.454 -3.133 0.384
P538850 5.434 5.105 -4.692 1.094
P538851 5.565 5.374 -5.577 1.137
P538852 5.483 5.247 -5.599 1.477
P538853 5.649 5.539 -5.931 0.861
P538854 5.426 5.281 -5.216 0.868
P538855 5.573 4.822 -4.863 2.808
P538856 5.415 4.959 -4.741 1.303
P538857 5.573 5.186 -4.808 0.894
P538858 5.463 5.275 -5.365 1.669
P538859 5.516 5.467 -4.337 0.993
P538860 5.473 5.438 -5.155 0.955
P538861 5.434 4.980 -4.912 1.150
P538862 5.477 4.983 -5.046 1.984
P538863 5.364 4.831 -4.361 2.073
P538864 5.401 4.863 -4.943 2.640
P538865 5.321 4.751 -4.855 2.805
P538866 5.534 5.499 -5.482 1.499
P538867 5.369 5.010 -5.291 0.786
P538868 5.520 5.288 -5.893 1.804
P538870 5.673 5.567 -4.662 0.452
P538871 5.787 5.653 -4.591 1.811
P538872 5.528 5.409 -5.269 0.650
P538873 5.288 5.228 -5.277 1.048
P538874 5.573 5.388 -5.787 1.032
P538875 5.514 5.407 -5.584 1.392
P538876 5.714 5.420 -5.986 1.370
P538877 5.342 5.025 -5.382 3.060
P538878 5.726 5.446 -7.058 0.697
P538879 5.848 5.856 -7.673 0.203
P538880 5.554 5.554 -6.879 0.281
P538881 5.413 5.456 -7.102 0.396
P538882 5.477 5.496 -6.000 0.306
P538883 5.380 5.299 -5.682 0.639
P538884 5.361 5.237 -5.656 1.568
P538885 5.483 5.322 -5.584 0.828
P538886 5.569 5.631 -6.943 0.394
P538887 5.397 5.284 -6.270 0.725
P538888 5.347 5.339 -5.680 0.475
P538889 5.696 5.683 -6.399 0.408
P538890 5.355 5.354 -5.888 0.987
P538891 5.514 5.500 -7.407 0.267
P538892 5.454 5.484 -7.001 0.449
P538893 5.532 5.595 -7.020 0.396
P538894 5.449 5.473 -6.830 0.424
P538895 5.506 5.347 -6.616 0.751
P538896 5.765 5.577 -6.103 0.752
P538897 5.461 5.432 -6.826 0.361
P538898 5.551 5.535 -6.769 0.247
P538899 5.724 5.772 -7.513 0.407
P538900 5.519 5.534 -6.576 0.747
P538901 5.418 5.378 -5.721 0.371
P538902 5.563 5.340 -6.104 1.118
P538903 5.480 5.450 -6.897 0.373
P538904 5.482 5.281 -6.448 2.778
P538905 5.459 5.438 -6.758 0.320
P538906 5.790 5.852 -7.135 0.206
P538907 5.538 5.499 -6.687 0.223
P538909 5.674 5.507 -6.019 0.778
P538910 5.671 5.491 -6.161 0.751
P538911 5.878 5.647 -7.186 0.635
P538912 5.725 5.554 -6.695 0.687
P538913 5.831 5.620 -6.785 0.556
P538914 5.326 5.288 -5.351 0.303
P538915 5.408 5.341 -5.762 0.843
P538916 5.560 5.581 -6.836 0.238
P538917 5.815 5.825 -7.695 0.187
P538918 5.540 5.565 -6.758 0.571
P538919 5.512 5.377 -6.534 0.758
P538920 5.489 5.471 -6.846 0.474
P538921 5.493 5.555 -7.089 0.400
P538922 5.535 5.590 -7.042 0.265
P538923 5.486 5.563 -6.940 0.331
P538924 5.521 5.351 -6.494 1.017
P538925 5.616 5.078 -5.061 1.795
P538926 5.530 5.514 -6.720 0.581
P538927 5.704 5.682 -7.076 0.477
P538928 5.428 5.440 -6.983 0.377
P538929 5.635 5.416 -7.102 0.645
P538930 5.404 5.339 -5.389 1.007
P538931 5.543 5.435 -5.336 1.107
P538932 5.187 5.159 -5.203 1.124
P538933 5.488 4.930 -5.715 1.517
P538934 5.419 5.369 -5.627 1.397
P538935 5.699 5.334 -5.606 1.752
P538936 5.355 4.952 -5.195 1.459
P538937 5.517 5.219 -5.930 2.065
P538939 5.555 5.318 -6.369 1.003
P538940 5.556 5.388 -6.484 0.748
P538941 5.568 5.404 -6.571 0.549
P538942 5.593 5.465 -6.261 2.061
P538944 5.573 5.028 -5.199 2.026
P538945 5.697 5.529 -5.895 1.081
P538946 5.583 5.603 -3.825 0.358
P538947 5.746 5.691 -3.939 0.285
P538948 5.478 5.415 -6.793 0.818
P538949 5.644 5.630 -7.344 0.346
P538950 5.482 5.488 -5.903 0.292
P538951 5.601 5.631 -7.073 0.758
P538952 5.529 5.593 -6.379 0.706
P538953 5.739 5.716 -3.039 0.293
P538954 5.549 5.221 -4.611 0.978
P538955 5.570 5.232 -4.398 1.484
P538956 5.837 5.472 -4.310 2.139
P538957 5.645 5.441 -4.614 0.731
P538958 5.459 5.396 -5.825 0.849
P538959 5.688 5.669 -4.948 1.375
P538960 5.457 5.462 -5.903 0.299
P538961 5.384 5.474 -5.914 2.720
P538962 5.778 5.480 -5.600 1.804
P538963 5.775 5.129 -5.127 2.181
P538964 5.599 5.621 -7.160 0.350
P538965 5.624 5.655 -7.153 0.376
P538966 5.659 5.379 -4.735 2.075
P538967 5.769 5.560 -4.803 2.141
P538968 5.610 5.579 -7.020 0.281
P538969 5.832 5.814 -6.347 0.923
P538970 5.595 5.592 -7.007 0.252
P538971 5.597 5.321 -5.032 1.083
P538972 5.422 4.990 -5.142 2.419
P538973 5.644 5.174 -5.478 2.336
P538974 5.661 5.497 -5.295 1.370
P538975 5.556 5.530 -5.556 1.563
P538977 5.455 5.013 -4.884 2.213
P538978 5.504 5.514 -7.169 0.377
P538979 5.505 5.509 -7.124 0.436
P538980 5.594 5.636 -6.970 0.470
P538981 5.523 5.569 -6.225 0.707
P538982 5.597 5.643 -6.999 0.320
P538983 5.617 5.672 -7.017 0.312
P538984 5.648 5.640 -7.047 0.250
P538985 5.416 5.488 -6.393 0.749
P538986 5.427 5.464 -6.062 0.796
P538987 5.559 5.439 -6.772 0.696
P538988 5.834 5.762 -6.457 0.975
P538989 5.700 5.460 -4.838 1.091
P538990 5.712 5.356 -4.846 1.289
P538991 5.567 5.498 -6.814 0.414
P538992 6.002 5.839 -4.928 0.449
P538993 5.513 5.536 -7.105 0.779
P538994 5.507 5.510 -7.156 0.555
P538995 5.490 5.500 -7.149 0.339
P538996 5.737 5.848 -6.819 1.229
P538997 5.492 5.505 -7.157 0.355
P538998 5.897 5.848 -4.426 1.379
P538999 5.923 5.763 -4.872 1.653
P539000 5.888 5.749 -4.932 1.598
P539001 5.965 5.936 -5.093 0.301
P539002 5.925 6.073 -6.271 1.686
P539003 5.570 5.510 -6.878 0.410
P539004 5.835 5.858 -6.415 0.881
P539005 5.458 5.368 -6.109 0.845
P539006 5.708 5.556 -5.274 0.507
P539007 5.743 5.409 -5.285 0.894
P539008 5.729 5.343 -4.728 2.124
P539009 5.767 5.471 -4.925 1.027
P539010 5.610 5.449 -5.520 1.116
P539011 5.676 5.504 -5.180 0.625
P539012 5.537 5.560 -6.970 0.650
P539013 5.524 5.477 -7.014 0.395
P539014 5.727 5.717 -6.524 0.713
P539015 5.615 5.622 -7.055 0.436
P539016 5.619 5.613 -7.082 0.384
P539017 5.842 5.715 -6.543 0.908
P539018 5.635 5.622 -7.078 0.396
P539019 5.695 5.338 -4.993 2.186
P539020 5.636 5.362 -4.691 2.120
P539021 5.725 5.002 -5.135 2.249
P539022 5.736 5.087 -4.824 2.792
P539023 5.514 5.510 -7.006 0.456
P539024 5.558 5.580 -6.278 0.713
P539025 5.389 5.052 -4.746 1.468
P539026 5.654 5.403 -5.272 3.177
P539027 5.532 5.340 -5.239 1.791
P539028 5.431 4.993 -5.779 2.525
P539029 5.570 5.352 -5.105 2.253
P539030 5.634 5.366 -4.628 1.849
P539031 5.883 5.783 -4.315 1.196
P539032 5.740 5.596 -5.209 1.465
P539033 5.676 5.504 -4.461 1.922
P539034 5.769 5.183 -4.810 2.155
P539035 6.013 6.002 -5.316 2.011
P539036 5.888 5.996 -4.670 1.608
P539037 5.826 5.630 -5.122 1.273
P539038 5.838 5.548 -4.770 1.390
P539039 5.356 4.805 -5.293 2.860
P539040 5.458 5.239 -5.134 2.346
P539041 5.580 5.603 -7.155 0.349
P539042 5.614 5.493 -6.681 0.807
P539043 5.587 5.478 -6.661 0.757
P539044 5.501 5.336 -5.927 0.973
P539045 5.584 5.483 -6.686 0.942
P539046 5.575 5.470 -6.651 0.839
P539047 5.586 5.474 -6.681 0.812
P539048 5.830 5.600 -6.507 0.919
P539049 5.582 5.478 -6.671 0.719
P539050 5.646 5.638 -7.077 0.375
P539051 5.674 5.647 -7.080 0.479
P539052 5.625 5.063 -4.963 2.423
P539053 5.573 5.599 -7.163 0.360
P539054 5.330 5.020 -5.435 2.203
P539055 5.422 4.612 -4.554 3.171
P539056 5.563 5.548 -6.933 0.411
P539057 5.469 5.526 -6.206 0.666
P539058 5.785 5.722 -6.996 0.930
P539059 5.544 5.521 -6.971 0.372
P539060 5.827 5.637 -5.593 0.946
P539061 5.546 5.602 -5.433 0.335
P539062 5.604 5.571 -7.157 0.347
P539063 5.461 5.545 -5.507 0.355
P539064 5.533 5.352 -5.416 0.853
P539065 5.596 5.366 -5.144 1.329
P539066 5.587 5.476 -5.219 1.687
P539067 5.679 5.768 -5.004 1.125
P539068 5.589 5.499 -5.603 1.092
P539069 5.461 5.519 -5.764 0.680
P539070 5.378 5.359 -6.650 0.381
P539071 5.413 4.836 -4.559 2.514
P539072 5.653 5.523 -6.577 0.788
P539073 5.497 5.435 -5.510 1.130
P539074 5.572 5.185 -6.656 2.070
P539075 5.425 5.305 -5.032 1.285
P539076 5.477 5.498 -6.007 0.401
P539077 5.478 5.391 -5.695 1.201
P539078 5.571 5.771 -5.362 1.093
P539079 5.456 5.476 -6.011 0.434
P539080 5.447 5.482 -5.975 0.415
P539081 5.456 5.545 -5.898 0.758
P539082 5.324 5.282 -5.625 0.941
P539083 5.694 5.452 -6.600 0.811
P539084 5.913 5.794 -7.655 0.435
P539085 5.542 5.482 -5.779 1.665
P539086 5.509 5.430 -5.808 0.317
P539087 5.625 5.462 -6.581 0.857
P539088 5.547 5.224 -5.502 2.014
P539089 5.784 5.437 -6.380 1.306
P539090 5.571 5.534 -4.078 0.447
P539091 5.466 5.404 -5.734 0.706
P539092 5.448 5.435 -4.565 0.848
P539093 5.644 5.578 -6.180 0.835
P539094 5.544 5.458 -5.852 0.364
P539095 5.681 5.624 -6.564 0.983
P539096 5.631 5.457 -6.863 0.655
P539097 5.450 5.330 -5.731 1.562
P539098 5.369 5.203 -5.817 2.190
P539099 5.540 5.435 -5.478 0.854
P539100 5.611 5.401 -6.213 1.258
P539101 5.539 5.210 -5.285 1.870
P539102 5.506 5.499 -5.942 1.657
P539103 5.859 5.609 -6.114 1.152
P539104 5.352 5.314 -5.830 0.751
P539105 5.409 5.351 -5.848 0.841
P539106 5.400 4.911 -4.935 3.503
P539107 5.494 5.588 -6.118 0.948
P539108 5.365 5.180 -6.597 0.853
P539109 5.766 5.627 -7.484 0.707
P539110 5.517 5.389 -6.687 0.815
P539111 5.486 5.364 -5.891 1.277
P539112 5.470 5.349 -6.754 0.640
P539113 5.479 4.806 -4.625 2.467
P539114 5.619 5.517 -6.576 0.823
P539115 5.610 5.523 -6.598 0.963
P539116 5.610 5.403 -6.646 0.940
P539117 5.611 4.618 -4.861 3.408
P539118 5.647 5.560 -6.539 0.688
P539119 5.527 5.502 -5.732 0.793
P539120 5.772 5.480 -5.327 1.491
P539121 5.411 5.074 -4.776 2.066
P539122 5.515 4.683 -4.522 2.862
P539123 5.628 5.158 -5.054 2.358
P539124 5.490 5.336 -4.715 3.116
P539125 5.646 5.544 -5.374 2.227
P539126 5.963 5.559 -5.294 3.356
P539127 5.603 5.493 -5.975 0.827
P539128 5.886 5.666 -4.913 1.249
P539129 6.001 5.771 -4.828 1.454
P539130 5.554 5.045 -4.400 2.129
P539131 5.505 5.684 -2.404 1.298
P539132 5.582 5.248 -5.717 1.540
P539133 5.821 5.455 -5.099 1.818
P539134 5.526 5.525 -4.923 0.402
P539135 5.586 5.396 -6.025 2.074
P539136 5.492 5.328 -5.056 1.720
P539137 5.583 5.288 -6.050 2.089
P539138 5.609 5.260 -5.693 1.544
P539139 5.596 5.211 -5.857 1.799
P539140 5.784 5.090 -5.320 2.236
P539141 5.617 5.418 -6.403 0.943
P539142 5.881 5.631 -5.906 0.784
P539144 5.620 5.507 -6.423 0.806
P539145 5.596 5.475 -6.450 0.792
P539146 5.676 5.040 -5.202 2.484
P539147 5.654 5.034 -5.475 2.263
P539148 5.610 5.565 -6.637 0.420
P539149 5.544 5.493 -5.749 0.848
P539150 5.406 5.307 -4.821 1.313
P539151 5.477 5.444 -5.779 1.687
P539152 5.502 5.479 -5.267 0.588
P539156 5.766 5.763 -6.186 0.280
P539157 5.631 5.579 -6.659 1.075
P539158 5.554 5.530 -6.728 0.370
P539159 5.563 5.507 -6.784 0.439
P539160 5.537 5.458 -6.764 0.696
P539161 5.583 5.468 -6.847 0.680
P539162 5.561 5.457 -6.777 0.700
P539163 5.423 5.311 -6.085 0.741
P539164 5.910 5.956 -5.066 2.255
P539165 5.738 5.823 -5.284 1.524
P539166 5.751 5.485 -6.058 1.736
P539167 5.988 5.833 -5.343 1.659
P539168 6.055 5.887 -2.800 1.038
P539170 5.491 5.341 -6.861 0.695
P539172 5.711 5.739 -6.410 0.482
P539175 5.893 5.806 -4.558 1.394
P539176 5.943 5.985 -4.599 1.653
P539177 5.838 5.659 -5.075 1.007
P539178 5.746 5.762 -5.156 2.023
P539179 5.964 5.987 -4.779 2.078
P539180 5.591 5.481 -6.767 0.689
P539181 5.717 5.480 -4.694 1.400
P539182 5.947 5.889 -5.416 1.822
P539183 5.424 5.396 -5.208 1.265
P539184 5.729 5.417 -5.257 1.113
P539185 6.064 5.987 -5.554 2.417
P539186 5.844 5.806 -5.265 1.799
P539187 5.665 5.262 -4.875 1.733
P539188 5.554 5.481 -6.764 0.726
P539189 5.472 5.508 -5.421 1.367
P539190 5.677 5.338 -4.806 1.787
P539191 5.523 5.465 -5.758 1.218
P539192 5.544 5.535 -5.400 0.971
P539193 5.937 5.371 -5.551 1.874
P539194 5.932 5.089 -4.971 3.150
P539195 5.732 5.607 -6.929 0.727
P539196 5.606 5.492 -6.177 1.112
P539197 5.747 5.551 -6.873 0.686
P539198 5.715 5.523 -6.922 0.726
P539199 5.709 5.648 -6.785 0.856
P539200 5.715 5.551 -6.924 0.707
P539201 5.723 5.528 -6.896 0.632
P539202 5.941 5.702 -6.250 0.922
P539203 5.687 5.705 -6.753 1.247
P539206 5.793 5.818 -6.713 0.437
P539208 5.664 5.648 -6.798 0.383
P539209 5.639 5.654 -6.750 0.357
P539210 6.086 5.830 -5.012 1.449
P539212 5.982 5.916 -5.102 1.190
P539213 5.835 5.548 -4.712 1.345
P539214 5.921 5.526 -5.098 1.871
P539215 5.858 5.521 -5.028 2.238
P539216 5.835 5.491 -4.662 1.742
P539217 5.687 5.295 -5.080 2.163
P539218 5.784 5.494 -5.164 1.038
P539219 5.479 5.455 -6.624 0.359
P539220 5.577 5.651 -5.605 0.659
P539221 5.377 5.374 -6.011 0.734
P539222 5.612 5.641 -5.581 0.309
P539223 5.551 5.623 -6.239 0.480
P539224 5.648 5.592 -6.389 1.075
P539225 5.450 5.405 -6.658 0.447
P539226 5.533 5.616 -5.641 0.613
P539227 5.636 5.487 -5.460 0.826
P539228 5.914 5.624 -5.343 1.374
P539229 5.572 5.677 -4.737 1.146
P539230 5.716 5.583 -5.686 0.880
P539231 5.661 5.572 -5.663 1.014
P539232 5.643 5.522 -5.655 1.145
P539233 5.818 5.616 -4.401 2.206
P539234 5.400 5.404 -5.650 0.311
P539235 5.409 5.399 -5.728 0.399
P539236 5.521 5.280 -6.033 2.313
P539239 5.678 5.566 -5.539 1.873
P539241 5.472 5.381 -6.456 0.998
P539242 5.683 5.746 -6.055 1.192
P539245 5.804 5.736 -6.620 0.291
P539247 5.593 5.529 -6.657 0.524
P539248 5.700 5.555 -6.332 0.774
P539249 5.531 5.554 -7.010 0.335
P539250 5.514 5.512 -7.006 0.386
P539251 5.617 5.639 -6.841 0.509
P539252 5.393 5.293 -5.643 0.681
P539253 5.456 5.400 -5.638 0.616
P539254 5.729 5.726 -5.783 2.946
P539255 5.769 5.530 -4.760 2.006
P539256 5.654 5.327 -5.068 1.805
P539257 5.543 5.554 -6.949 0.272
P539260 5.710 5.751 -6.863 0.398
P539262 5.662 5.538 -6.368 0.895
P539263 5.612 5.334 -5.355 0.692
P539264 5.592 5.197 -5.365 1.280
P539266 5.934 5.773 -5.751 0.680
P539269 5.535 5.642 -5.749 0.453
P539270 5.399 5.427 -3.799 0.554
P539271 5.523 4.743 -5.126 2.323
P539272 5.497 5.497 -5.588 0.894
P539273 5.374 5.304 -5.515 1.120
P539274 5.343 5.068 -5.259 1.178
P539276 5.649 5.575 -5.945 0.632
P539278 5.489 5.496 -5.702 0.475
P539279 5.505 5.498 -5.804 0.625
P539283 5.693 5.682 -5.521 1.668
P539284 5.665 5.444 -6.385 0.966
P539285 5.577 5.545 -5.097 0.390
P539286 5.930 5.832 -5.090 0.455
P539287 5.626 5.611 -6.788 1.039
P539288 5.621 5.600 -6.746 0.256
P539291 5.783 5.824 -6.766 0.300
P539293 5.622 5.672 -7.043 0.416
P539294 5.625 5.629 -6.886 0.370
P539297 5.761 5.801 -6.813 0.504
P539298 5.586 5.587 -6.804 0.315
P539299 5.564 5.459 -5.494 1.036
P539300 5.656 5.440 -5.738 2.688
P539301 5.760 5.735 -3.596 0.325
P539302 5.531 5.469 -5.574 0.664
P539303 5.526 5.499 -5.785 0.740
P539304 5.722 5.558 -5.483 2.450
P539305 5.609 5.594 -3.666 0.402
P539306 5.851 5.852 -4.300 0.364
P539307 5.790 5.862 -5.932 1.899
P539308 5.683 5.507 -5.580 1.123
P539309 5.738 5.686 -5.480 0.834
P539310 5.598 5.226 -5.402 1.038
P539311 5.545 5.452 -6.567 0.649
P539312 5.527 4.906 -4.808 2.000
P539313 5.621 5.318 -6.009 0.987
P539314 5.640 5.380 -5.547 0.597
P539315 5.839 5.711 -4.923 1.463
P539316 5.696 5.687 -5.299 1.412
P539317 5.770 5.538 -5.789 0.848
P539318 6.006 5.744 -6.601 0.660
P539322 5.731 5.125 -5.811 2.974
P539323 5.908 5.465 -4.967 1.297
P539324 5.638 5.475 -5.609 2.138
P539325 5.795 5.406 -5.429 1.051
P539326 5.812 5.366 -5.630 2.540
P539329 5.731 5.645 -5.128 1.991
P539331 5.624 5.550 -6.067 0.982
P539332 5.453 5.525 -5.307 1.299
P539333 5.485 5.519 -5.209 1.177
P539334 5.741 5.530 -4.673 1.399
P539335 5.631 5.696 -6.336 0.974
P539336 5.517 5.512 -5.706 1.233
P539338 5.760 5.666 -5.642 1.008
P539341 5.611 5.720 -2.500 1.143
P539342 5.735 5.092 -5.319 2.436
P539343 5.763 5.606 -5.262 1.889
P539344 5.736 5.615 -4.179 1.464
P539345 5.640 5.344 -5.629 2.190
P539346 5.650 5.614 -3.004 1.440
P539347 5.624 5.649 -1.189 0.563
P539348 5.660 5.583 -5.489 2.418
P539349 5.429 5.170 -5.333 1.160
P539350 5.598 5.631 -6.572 1.376
P539351 5.594 5.502 -6.736 0.655
P539352 5.567 5.489 -6.503 0.665
P539354 5.866 5.728 -5.827 0.633
P539357 6.097 5.429 -5.803 2.557
P539358 6.091 5.857 -4.710 1.910
P539359 5.722 5.447 -5.014 0.981
P539360 5.680 5.138 -6.559 3.943
P539361 6.074 6.192 -5.429 1.521
P539362 6.055 5.802 -2.473 1.779
P539363 6.097 5.955 -5.102 2.112
P539364 5.809 5.468 -4.430 1.956
P539365 6.032 5.462 -5.300 2.904
P539366 5.494 5.138 -5.135 1.294
P539367 5.972 5.564 -5.039 2.857
P539368 5.864 5.900 -4.282 1.931
P539369 6.119 6.172 -5.762 2.095
P539370 5.911 5.586 -4.898 1.782
P539371 5.756 5.584 -6.612 0.736
P539372 5.610 5.382 -5.252 1.956
P539373 5.483 5.482 -5.230 1.115
P539374 5.552 5.303 -5.814 3.349
P539376 5.947 5.520 -5.008 2.309
P539377 5.662 5.629 -6.329 1.515
P539379 5.689 5.639 -4.453 1.858
P539381 5.582 5.388 -5.675 1.995
P539382 5.696 5.739 -6.333 1.001
P539383 5.358 5.458 -5.352 1.477
P539384 5.622 5.650 -4.453 1.410
P539386 5.914 5.823 -5.330 1.390
P539388 5.749 5.624 -6.657 0.531
P539389 5.620 4.976 -5.552 2.701
P539390 5.555 4.731 -4.919 1.955
P539391 5.557 5.475 -5.423 1.664
P539392 5.572 5.467 -5.562 1.639
P539393 5.563 5.573 -4.937 0.378
P539394 5.522 5.478 -5.023 1.525
P539395 5.545 5.503 -5.436 1.135
P539396 5.910 5.539 -4.664 2.846
P539397 5.679 5.714 -3.329 1.823
P539398 5.753 5.735 -3.722 0.421
P539399 5.726 5.715 -3.727 0.270
P539400 5.549 5.478 -6.289 1.458
P539404 5.593 5.579 -6.386 0.489
P539405 5.502 5.424 -6.441 0.465
P539406 5.505 5.507 -6.473 0.501
P539407 5.671 5.750 -6.265 1.241
P539408 5.465 5.535 -6.183 2.088
P539409 5.740 4.826 -5.093 2.477
P539410 6.116 5.894 -4.530 0.936
P539411 5.905 5.727 -4.858 1.826
P539412 5.915 5.838 -5.831 1.012
P539413 5.928 5.863 -5.177 0.471
P539414 5.590 5.613 -1.851 0.506
P539415 5.779 5.851 -2.485 1.527
P539416 5.845 5.625 -3.065 1.277
P539417 5.865 5.259 -5.997 2.829
P539418 5.700 5.471 -6.897 0.532
P539419 6.105 5.539 -4.940 2.468
P539420 6.144 5.293 -5.439 3.763
P539421 5.876 5.516 -4.866 3.692
P539422 6.174 6.036 -5.374 1.347
P539423 6.147 5.940 -5.302 1.291
P539424 6.239 5.461 -5.491 3.045
P539425 6.113 5.910 -5.212 1.472
P539426 5.566 5.540 -5.394 1.325
P539427 5.766 5.628 -5.036 1.874
P539428 5.938 5.938 -5.159 0.792
P539429 5.658 5.133 -5.682 2.064
P539432 5.650 5.449 -5.117 1.024
P539434 5.608 5.350 -5.282 0.942
P539435 5.683 5.279 -5.281 1.102
P539436 5.666 5.632 -5.449 1.333
P539438 6.166 6.061 -4.596 0.634
P539442 5.933 5.688 -5.325 1.333
P539443 5.777 5.734 -3.576 0.724
P539446 6.026 5.970 -3.386 0.324
P539448 5.962 5.873 -5.270 1.409
P539449 5.945 5.495 -5.187 0.942
P539450 5.696 5.628 -5.701 2.228
P539451 5.503 5.476 -6.106 1.514
P539452 5.794 5.701 -6.212 1.036
P539453 5.607 5.396 -6.226 1.632
P539454 5.537 5.340 -5.226 1.604
P539455 5.664 5.612 -5.359 0.967
P539456 5.744 5.503 -4.229 2.008
P539457 5.930 5.587 -5.422 1.162
P539458 6.107 6.074 -6.094 2.827
P539459 5.877 5.830 -5.925 0.857
P539460 5.882 5.475 -5.630 1.047
P539461 5.977 5.983 -5.864 2.229
P539462 5.937 5.687 -5.786 1.015
P539463 5.770 5.454 -5.573 2.159
P539464 5.890 5.819 -4.511 1.713
P539465 5.825 5.785 -4.436 1.647
P539466 5.815 5.795 -4.908 2.189
P539467 5.875 5.671 -5.087 2.414
P539468 5.681 5.307 -6.321 0.626
P539469 5.741 5.508 -6.374 0.780
P539470 5.575 4.769 -5.226 2.990
P539471 5.588 4.727 -5.026 3.797
P539472 5.419 5.341 -5.196 1.634
P539473 5.624 5.071 -4.684 2.008
P539474 5.698 5.657 -1.486 0.486
P539475 5.966 5.255 -5.758 2.456
P539476 5.841 5.339 -4.755 2.370
P539477 5.817 5.403 -4.960 1.847
P539478 5.958 5.319 -5.454 2.671
P539479 5.912 5.231 -5.729 2.346
P539480 5.781 5.461 -4.768 3.266
P539481 6.201 5.400 -5.763 3.419
P539482 3.370 3.741 -3.596 1.130
P539483 3.453 3.583 -3.956 0.953
P539484 3.535 3.631 -3.995 1.257
P539485 3.380 3.654 -3.531 0.810
P539486 3.639 3.804 -3.897 0.824
P539487 3.547 3.771 -3.731 0.979
P539488 3.438 3.693 -4.130 0.984
P539489 3.531 3.648 -3.835 1.456
P539490 3.558 3.789 -3.814 0.953
P539491 3.486 3.890 -3.662 1.385
P539493 3.498 3.636 -4.072 1.106
P539495 3.565 3.816 -3.882 1.097
P539496 3.511 3.627 -3.815 1.288
P539498 3.640 3.784 -4.150 0.895
P539503 3.611 3.741 -4.159 1.053
P539504 3.523 3.811 -4.169 1.703
P539505 3.442 3.725 -3.661 1.629
P539506 3.530 3.810 -3.886 0.939
P539509 3.661 3.779 -4.156 1.011
P539513 3.498 3.697 -3.882 1.532
P539515 3.500 3.583 -3.686 1.173
P539516 3.533 3.615 -4.104 1.327
P539517 3.398 3.662 -3.676 1.601
P539518 3.617 3.871 -3.782 0.860
P539520 3.451 3.898 -3.425 1.753
P539521 3.483 3.747 -3.755 2.244
P539522 3.632 3.869 -3.912 1.252
P539525 3.578 3.767 -3.921 1.591
P539526 3.595 3.743 -3.816 1.216
P539527 3.783 3.918 -4.167 0.840
P539530 3.556 3.833 -3.821 1.038
P539531 3.647 3.904 -3.667 1.292
P539534 3.684 3.684 -4.144 1.146
P539536 3.557 3.627 -3.863 1.587
P539538 3.483 3.866 -3.649 1.202
P539539 3.353 3.670 -3.481 1.351
P539540 3.540 3.653 -3.699 1.304
P539541 3.633 3.694 -4.060 1.008
P539542 3.450 3.584 -4.024 1.457
P539543 3.528 3.710 -4.115 0.973
P539544 3.831 3.949 -3.982 0.800
P539545 3.688 3.836 -4.129 0.844
P539546 3.366 3.676 -3.514 1.274
P539547 3.651 3.966 -3.853 1.207
P539548 3.526 3.702 -3.647 1.547
P539549 3.403 3.714 -4.068 0.999
P539550 3.756 3.942 -3.818 0.967
P539551 3.646 3.761 -4.101 0.801
P539552 3.394 3.617 -4.170 1.225
P539554 3.531 3.876 -4.115 1.730
P539555 3.620 3.872 -3.964 1.004
P539557 3.742 3.812 -3.761 0.925
P539558 3.548 3.716 -3.677 1.515
P539560 3.589 3.862 -3.844 1.105
P539561 3.702 3.766 -3.662 0.881
P539562 3.634 3.727 -3.890 0.809
P539564 3.827 3.873 -3.922 0.782
P539565 3.709 3.766 -3.663 0.889
P539566 3.580 3.837 -4.000 1.027
P539568 3.761 3.740 -3.762 0.858
P539569 3.791 3.779 -3.899 0.866
P539570 3.688 3.809 -4.106 0.835
P539571 3.720 3.769 -3.598 0.850
P539572 3.707 3.747 -3.660 0.958
P539573 3.689 3.901 -3.931 0.918
P539575 3.662 3.750 -4.143 0.767
P539576 3.662 3.754 -4.129 0.829
P539577 3.623 3.732 -4.064 0.971
P539578 3.653 3.979 -3.445 1.246
P539579 3.638 3.815 -3.925 0.738
P539580 3.571 3.786 -4.045 2.192
P539581 3.568 3.751 -3.645 0.847
P539583 3.702 3.797 -3.804 0.861
P539584 3.770 3.842 -3.917 0.886
P539585 3.866 3.916 -3.920 0.594
P539586 3.830 3.880 -3.879 0.809
P539587 3.710 3.743 -3.726 0.794
P539588 3.729 3.874 -3.750 1.057
P539589 3.657 3.744 -3.908 0.929
P539591 3.839 3.875 -3.696 0.833
P539592 3.907 3.901 -3.606 0.902
P539594 3.958 4.098 -3.725 0.887
P539596 3.791 4.066 -3.795 0.714
P539599 3.709 3.842 -4.051 1.184
P539600 3.680 3.767 -4.161 0.827
P539603 3.440 3.580 -3.913 1.046
P539604 3.796 3.883 -3.607 0.829
P539606 3.755 3.876 -3.908 1.537
P539607 3.721 3.942 -4.149 1.149
P539609 3.675 3.757 -4.141 0.887
P539610 3.794 3.849 -3.971 0.689
P539612 3.841 3.943 -4.138 0.949
P539613 3.759 3.877 -4.162 1.503
P539615 3.721 3.898 -4.092 0.726
P539618 3.765 3.949 -3.856 1.375
P539620 3.822 3.975 -4.082 0.827
P539621 3.823 3.884 -3.594 1.339
P539622 3.943 3.993 -3.670 0.906
P539623 3.589 3.635 -3.674 1.647
P539625 3.898 3.914 -3.700 0.689
P539626 3.891 3.999 -3.762 1.442
P539627 3.816 3.876 -3.721 0.809
P539629 3.868 3.898 -3.719 0.755
P539632 3.906 3.931 -3.787 0.793
P539633 3.935 3.960 -3.824 0.793
P539635 3.916 3.931 -3.586 1.140
P539636 3.801 3.875 -3.678 0.867
P539638 3.881 3.862 -3.864 0.664
P539640 3.755 3.900 -3.989 0.967
P539641 3.875 3.819 -3.440 1.014
P539642 3.908 3.946 -3.696 1.376
P539643 3.874 3.934 -3.525 1.167
P539644 3.876 3.909 -3.657 1.019
P539645 3.854 3.960 -3.904 0.904
P539646 3.856 3.882 -3.754 0.728
P539647 3.822 3.867 -3.720 0.852
P539649 3.882 3.903 -3.957 0.612
P539650 3.911 3.958 -3.929 0.778
P539652 3.773 3.788 -3.725 0.862
P539653 3.864 3.896 -3.506 1.377
P539654 3.648 3.653 -3.608 1.051
P539655 3.862 3.757 -3.578 0.875
P539656 3.852 3.879 -3.938 0.621
P539657 3.849 3.898 -3.903 0.801
P539661 3.874 3.884 -3.663 1.134
P539663 3.744 3.832 -3.828 0.730
P539664 3.914 3.946 -3.931 0.606
P539665 3.780 3.931 -3.979 0.721
P539667 3.769 3.764 -3.620 0.946
P539668 3.927 3.960 -3.720 0.669
P539669 3.870 3.936 -3.775 0.879
P539671 3.914 3.950 -3.667 1.060
P539675 3.854 3.906 -3.962 0.806
P539677 3.887 3.943 -3.701 0.827
P539678 3.701 3.772 -4.015 0.791
P539680 3.868 3.911 -3.821 0.812
P539682 3.932 3.969 -3.687 0.897
P539683 3.914 3.911 -3.858 0.705
P539685 3.703 3.853 -4.033 1.328
P539686 3.799 3.808 -3.697 0.679
P539688 3.741 3.792 -3.615 0.826
P539689 3.656 3.679 -3.703 0.683
P539690 3.999 3.979 -3.970 0.789
P539691 3.750 3.821 -3.716 0.739
P539693 3.989 4.040 -3.939 0.886
P539695 3.911 3.970 -3.869 0.789
P539696 4.022 4.095 -3.627 1.087
P539698 3.761 3.792 -3.715 0.867
P539702 3.994 4.086 -3.740 0.881
P539703 4.004 4.040 -3.819 0.796
P539704 4.063 4.133 -3.716 0.942
P539705 4.041 4.085 -3.684 0.798
P539707 3.927 4.007 -3.957 0.849
P539708 3.756 3.824 -3.624 1.368
P539710 4.074 4.160 -3.702 0.927
P539713 3.886 3.961 -3.923 0.846
P539714 3.801 3.844 -3.376 0.881
P539716 4.043 4.063 -3.762 0.703
P539718 4.046 4.075 -3.906 0.653
P539719 3.925 3.982 -3.750 0.786
P539720 5.471 5.572 -5.562 0.584
P539721 5.349 5.130 -6.694 0.471
P539722 5.325 5.414 -6.006 0.519
P539724 5.616 5.491 -6.346 0.269
P539725 5.103 4.969 -6.353 0.509
P539726 5.223 5.078 -6.186 0.545
P539728 5.233 5.170 -6.938 0.406
P539729 5.015 4.853 -5.960 0.477
P539730 5.311 5.186 -5.809 0.560
P539731 5.431 5.500 -6.639 0.526
P539732 5.327 5.215 -6.300 0.519
P539733 5.563 5.532 -5.980 0.510
P539734 5.119 5.277 -6.019 0.540
P539735 5.200 5.241 -6.631 0.305
P539736 5.174 5.081 -6.391 0.490
P539737 5.413 5.278 -6.446 0.416
P539738 5.365 5.351 -6.557 1.020
P539739 5.041 5.164 -5.937 0.546
P539741 5.205 5.062 -6.324 0.638
P539742 5.109 5.266 -6.033 0.562
P539743 4.954 4.954 -5.910 0.553
P539744 5.473 5.532 -6.284 0.793
P539745 5.427 5.389 -6.144 0.160
P539746 5.642 5.613 -5.895 0.159
P539747 5.397 5.433 -6.632 0.294
P539748 5.473 5.532 -7.082 0.594
P539749 5.764 5.702 -6.790 0.599
P539750 5.705 5.740 -6.254 0.517
P539752 5.304 5.373 -7.397 0.433
P539753 5.366 5.470 -6.342 0.590
P539755 5.203 5.173 -6.484 0.433
P539756 5.270 5.196 -6.158 0.482
P539757 5.020 5.156 -6.244 0.529
P539758 5.717 5.849 -5.841 0.756
P539760 5.595 5.567 -6.909 0.335
P539761 5.780 5.739 -6.789 0.403
P539762 5.552 5.649 -5.504 1.114
P539763 5.246 5.381 -6.855 0.326
P539764 5.423 5.327 -6.179 0.184
P539765 5.612 5.667 -6.684 0.902
P539766 5.407 5.432 -7.328 0.416
P539767 5.244 5.226 -6.731 0.301
P539768 5.115 5.124 -6.106 0.682
P539769 5.319 5.451 -6.876 0.586
P539770 5.250 5.120 -6.685 0.678
P539771 5.379 5.417 -5.762 0.601
P539772 5.710 5.556 -6.936 0.411
P539773 5.646 5.589 -6.787 0.476
P539774 5.480 5.487 -6.034 0.714
P539775 5.623 5.550 -6.668 0.464
P539776 5.058 5.151 -5.712 0.651
P539777 5.475 5.382 -6.883 0.462
P539778 5.585 5.622 -7.114 0.563
P539779 5.436 5.450 -6.646 0.565
P539780 5.343 5.394 -5.998 0.559
P539781 5.632 5.716 -6.792 0.819
P539782 5.251 5.269 -5.872 0.610
P539783 4.913 5.063 -5.938 0.538
P539784 5.073 4.957 -6.268 0.883
P539785 5.084 5.144 -5.906 0.572
P539787 5.651 5.634 -6.673 0.467
P539788 5.568 5.481 -6.601 0.413
P539789 5.606 5.646 -6.773 0.782
P539790 5.532 5.707 -6.180 0.433
P539791 5.620 5.546 -6.874 0.520
P539792 5.541 5.447 -6.420 0.404
P539793 5.382 5.341 -5.950 0.385
P539794 5.389 5.348 -6.786 0.753
P539795 5.486 5.567 -6.386 0.875
P539797 5.538 5.486 -5.481 0.607
P539798 5.694 5.634 -6.084 0.543
P539799 5.552 5.532 -6.624 0.360
P539800 5.163 5.182 -5.456 0.395
P539801 5.754 5.688 -6.766 0.448
P539802 5.572 5.566 -6.177 0.306
P539803 5.621 5.677 -6.333 0.443
P539804 5.772 5.858 -6.930 0.423
P539805 5.747 5.699 -6.859 0.312
P539806 5.772 5.764 -6.757 0.850
P539807 5.427 5.433 -7.324 0.227
P539808 5.824 5.878 -6.711 0.476
P539809 5.638 5.765 -6.211 0.436
P539810 5.599 5.719 -6.487 0.474
P539811 5.519 5.548 -6.015 0.626
P539812 5.913 5.919 -7.099 0.198
P539813 5.766 5.793 -6.727 0.325
P539814 5.913 5.806 -6.534 0.356
P539815 5.393 5.378 -7.276 0.241
P539816 5.374 5.515 -6.610 0.386
P539818 5.231 5.234 -6.286 0.351
P539819 5.630 5.727 -6.984 0.541
P539820 5.696 5.765 -6.850 0.475
P539821 5.819 5.676 -5.824 0.546
P539822 5.444 5.311 -6.386 0.602
P539823 5.839 5.919 -6.141 0.506
P539825 5.208 5.170 -6.698 0.510
P539826 5.285 5.398 -6.604 0.376
P539827 5.604 5.671 -6.611 0.937
P539828 5.397 5.286 -6.540 0.602
P539830 5.580 5.212 -6.877 0.680
P539831 5.529 5.652 -6.244 0.451
P539832 5.317 5.267 -6.289 0.712
P539834 5.452 5.515 -6.169 0.404
P539835 5.636 5.668 -6.802 0.439
P539836 5.467 5.405 -7.255 0.389
P539837 5.686 5.651 -6.819 0.322
P539838 5.233 5.128 -7.139 0.577
P539839 5.084 4.998 -6.364 0.628
P539840 5.268 5.133 -6.528 0.497
P539842 5.694 5.753 -6.954 0.454
P539843 5.620 5.529 -6.618 0.527
P539844 5.604 5.651 -6.640 0.919
P539845 5.515 5.628 -6.936 0.488
P539846 5.669 5.762 -6.338 0.486
P539847 5.508 5.590 -6.165 0.689
P539848 5.523 5.670 -6.140 0.471
P539849 5.441 5.327 -6.447 0.526
P539850 5.549 5.560 -6.400 0.609
P539851 5.246 5.354 -5.957 0.726
P539852 5.516 5.655 -5.974 0.743
P539853 5.225 5.279 -6.120 0.518
P539854 5.729 5.694 -5.686 0.987
P539855 5.753 5.792 -6.145 0.600
P539856 5.637 5.723 -6.103 0.514
P539857 5.714 5.712 -6.025 0.651
P539858 5.797 5.884 -6.220 0.470
P539859 5.384 5.444 -6.497 0.377
P539860 5.329 5.455 -5.793 0.597
P539861 5.435 5.469 -6.573 0.470
P539862 5.156 5.078 -6.485 0.542
P539863 5.550 5.580 -6.298 0.486
P539864 5.470 5.595 -6.101 0.536
P539865 5.382 5.466 -5.809 0.377
P539866 5.557 5.585 -6.094 0.545
P539867 5.605 4.977 -5.817 2.111
P539868 5.240 4.484 -6.406 1.953
P539869 5.449 5.216 -5.583 0.584
P539870 5.395 4.919 -6.045 1.436
P539871 5.410 4.915 -6.043 1.370
P539872 5.551 5.238 -5.139 0.579
P539873 5.673 5.472 -4.613 0.546
P539874 5.743 5.677 -6.224 0.544
P539875 5.457 5.292 -5.485 0.485
P539876 5.560 4.738 -6.405 2.076
P539877 5.876 5.308 -6.220 1.363
P539878 5.948 5.546 -6.338 1.241
P539879 5.940 5.931 -5.855 0.275
P539881 5.800 5.651 -4.964 0.450
P539883 5.923 5.561 -6.108 1.124
P539884 5.597 5.268 -5.607 1.066
P539885 5.603 5.389 -6.034 0.679
P539886 5.824 5.400 -6.316 1.133
P539887 5.685 5.515 -4.870 0.435
P539888 6.072 6.053 -6.116 0.434
P539890 5.588 5.573 -5.446 0.631
P539892 5.787 5.460 -6.140 1.148
P539894 5.306 4.861 -5.874 1.389
P539895 5.890 5.687 -4.826 0.532
P539896 5.837 5.792 -5.409 0.479
P539897 5.894 5.143 -6.212 2.028
P539898 5.267 4.635 -6.449 1.635
P539900 5.523 5.020 -6.353 1.129
P539902 5.724 5.524 -5.022 0.605
P539903 5.646 5.166 -6.122 1.379
P539904 5.761 5.407 -6.171 0.963
P539905 5.785 5.681 -5.728 0.641
P539906 5.239 5.219 -5.433 0.602
P539908 5.826 5.325 -6.293 1.366
P539909 5.780 5.435 -6.105 1.144
P539911 5.627 5.324 -5.684 0.944
P539912 5.380 4.975 -4.863 0.959
P539913 5.483 5.587 -4.960 0.604
P539914 5.886 5.637 -2.620 0.619
P539915 5.932 5.812 -3.459 0.745
P539916 5.725 5.768 -5.681 0.540
P539917 5.842 5.902 -4.219 0.373
P539918 5.471 5.362 -3.383 1.205
P539919 5.651 5.402 -6.030 1.177
P539920 5.373 5.107 -5.137 1.452
P539921 5.681 5.533 -3.641 0.893
P539922 6.031 5.944 -3.562 0.921
P539923 5.707 5.556 -6.013 0.788
P539924 6.211 6.478 -8.568 0.820
P539925 5.983 6.208 -7.651 0.830
P539927 5.919 5.839 -8.106 1.044
P539928 5.966 5.969 -7.028 0.248
P539929 5.889 5.777 -8.193 0.506
P539930 5.570 5.505 -6.712 0.914
P539933 5.962 5.948 -6.743 0.268
P539934 6.082 6.259 -8.602 0.962
P539937 5.111 5.034 -6.712 0.355
P539938 5.415 5.446 -5.344 0.333
P539939 5.467 5.242 -6.306 0.613
P539940 5.833 5.768 -3.091 0.666
P539941 4.596 4.431 -4.491 0.548
P539942 4.536 4.560 -5.127 2.126
P539950 4.682 4.733 -4.974 0.483
P539954 4.501 4.413 -4.710 0.791
P539955 4.767 4.828 -5.398 1.561
P539956 4.467 4.447 -5.222 1.483
P539957 4.687 4.738 -4.945 0.633
P539958 4.556 4.580 -5.149 0.462
P539959 4.531 4.547 -4.885 0.690
P539960 4.595 4.579 -5.136 0.744
P539964 4.571 4.697 -5.345 1.385
P539965 4.584 4.420 -4.492 0.642
P539966 4.696 4.721 -4.967 0.548
P539967 4.518 4.318 -4.767 1.055
P539969 4.653 4.779 -5.300 0.816
P539970 4.390 4.399 -4.900 0.458
P539972 4.501 4.636 -4.815 0.716
P539974 4.449 4.581 -5.291 0.844
P539975 4.542 4.525 -4.438 1.572
P539976 4.447 4.311 -4.396 1.617
P539979 4.507 4.605 -5.404 0.825
P539982 4.424 4.491 -5.139 0.955
P539984 4.537 4.526 -4.990 0.411
P539986 4.556 4.577 -5.013 0.613
P539990 4.627 4.575 -4.472 1.145
P539993 4.482 4.445 -4.951 0.838
P539994 4.534 4.626 -5.247 0.945
P539995 4.623 4.464 -4.468 1.591
P539996 4.572 4.672 -5.537 1.632
P539997 4.549 4.517 -4.939 0.457
P539999 4.720 4.653 -5.071 0.998
P540000 4.601 4.350 -4.632 0.784
P540001 4.727 4.828 -5.215 0.388
P540002 4.427 4.485 -5.079 0.428
P540003 4.532 4.545 -5.077 0.584
P540005 4.539 4.502 -4.721 1.113
P540006 4.577 4.659 -5.319 0.353
P540007 4.586 4.426 -4.549 0.629
P540008 4.510 4.491 -4.930 0.530
P540012 4.644 4.671 -4.936 0.491
P540015 4.594 4.384 -4.888 1.657
P540016 4.746 4.826 -5.208 1.459
P540020 4.444 4.446 -4.913 0.645
P540025 4.614 4.713 -4.914 1.130
P540028 4.554 4.601 -5.117 0.497
P540031 4.566 4.613 -4.910 0.513
P540033 4.751 4.825 -5.217 0.799
P540034 4.571 4.685 -5.077 0.553
P540036 4.573 4.476 -4.477 0.621
P540037 4.511 4.502 -4.950 0.720
P540041 4.652 4.685 -4.987 0.502
P540043 4.498 4.360 -5.062 2.523
P540046 4.661 4.754 -5.144 0.697
P540049 4.370 4.406 -5.116 0.580
P540053 4.553 4.702 -4.947 0.642
P540056 4.477 4.500 -5.233 0.592
P540058 4.539 4.448 -4.348 1.435
P540060 4.431 4.350 -4.568 1.544
P540062 4.537 4.584 -5.389 0.565
P540063 4.575 4.647 -5.293 0.578
P540065 4.511 4.439 -4.540 0.795
P540069 4.618 4.668 -5.062 0.486
P540071 4.492 4.377 -4.704 0.797
P540072 4.680 4.772 -5.087 0.500
P540074 4.409 4.423 -4.913 0.578
P540077 4.575 4.683 -4.838 0.734
P540078 4.512 4.561 -5.101 0.538
P540080 4.552 4.614 -5.221 0.482
P540082 4.541 4.436 -4.666 1.844
P540085 4.454 4.460 -4.928 0.662
P540090 4.441 4.510 -5.259 1.994
P540096 4.539 4.485 -4.549 1.555
P540097 4.655 4.619 -4.412 1.782
P540099 4.244 4.358 -5.094 0.721
P540100 4.427 4.540 -4.761 0.976
P540103 4.369 4.504 -5.212 0.655
P540105 4.444 4.412 -4.434 1.354
P540106 4.345 4.312 -4.811 1.212
P540108 4.425 4.504 -5.215 0.429
P540110 4.425 4.323 -4.647 1.797
P540112 4.348 4.336 -5.012 1.197
P540117 4.482 4.528 -4.997 0.333
P540118 4.604 4.688 -5.174 0.637
P540119 4.514 4.587 -5.006 0.862
P540120 4.403 4.440 -5.128 0.707
P540121 4.460 4.542 -5.301 0.673
P540123 4.349 4.384 -5.019 0.801
P540124 4.528 4.584 -5.007 0.499
P540125 4.600 4.349 -4.718 1.432
P540126 4.708 4.793 -5.157 0.513
P540128 4.476 4.465 -5.007 0.545
P540131 4.615 4.731 -4.850 0.697
P540133 4.546 4.649 -5.256 0.562
P540134 4.337 4.190 -4.359 1.513
P540135 4.564 4.203 -4.356 1.262
P540136 4.509 4.584 -5.532 1.600
P540137 4.496 4.462 -4.586 0.568
P540138 4.398 4.427 -5.144 0.378
P540139 4.629 4.651 -5.183 0.433
P540140 4.410 4.391 -4.704 0.537
P540142 4.658 4.421 -4.599 0.867
P540144 4.498 4.531 -5.073 0.491
P540146 4.666 4.728 -4.869 1.060
P540147 4.564 4.611 -5.111 0.593
P540149 4.680 4.679 -4.603 1.061
P540150 4.550 4.404 -4.398 1.575
P540151 4.597 4.623 -5.226 0.557
P540153 4.452 4.541 -5.303 0.425
P540154 4.606 4.657 -4.948 0.619
P540156 4.546 4.457 -4.489 1.386
P540161 4.747 4.863 -5.265 1.444
P540163 4.497 4.589 -5.230 1.096
P540167 4.646 4.693 -4.775 1.020
P540171 4.562 4.762 -5.365 0.995
P540176 4.703 4.705 -4.618 0.519
P540178 4.592 4.498 -4.688 1.077
P540184 4.585 4.684 -5.286 0.679
P540188 4.559 4.410 -4.463 1.026
P540195 4.536 4.604 -5.340 1.959
P540200 4.658 4.675 -4.941 0.470
P540201 4.515 4.437 -4.919 0.776
P540202 4.719 4.841 -5.310 0.553
P540203 4.441 4.478 -5.332 1.055
P540204 4.604 4.727 -4.804 0.763
P540205 4.530 4.646 -5.287 0.600
P540206 4.580 4.656 -5.405 0.583
P540208 4.519 4.536 -5.087 0.442
P540209 4.654 4.695 -5.342 0.820
P540210 4.393 4.268 -4.470 1.315
P540211 4.660 4.764 -5.316 0.388
P540212 4.397 4.435 -5.162 0.396
P540213 4.634 4.436 -4.517 0.552
P540214 4.552 4.513 -4.940 0.607
P540218 4.676 4.701 -4.967 0.499
P540220 4.587 4.649 -5.389 0.544
P540221 4.594 4.496 -4.540 0.690
P540222 4.519 4.505 -5.104 0.701
P540224 4.601 4.689 -5.166 0.606
P540225 4.489 4.356 -4.804 1.141
P540227 4.764 4.867 -5.165 1.040
P540228 4.435 4.459 -4.963 0.660
P540231 4.605 4.732 -4.908 0.837
P540232 4.523 4.599 -5.117 0.655
P540234 4.636 4.633 -4.534 0.817
P540237 4.521 4.535 -4.830 0.821
P540238 4.567 4.661 -5.316 0.963
P540241 4.570 4.409 -4.503 0.985
P540244 4.461 4.523 -5.117 0.659
P540246 4.681 4.698 -5.062 0.464
P540248 4.610 4.667 -4.932 0.529
P540250 4.528 4.486 -4.787 1.241
P540251 4.530 4.577 -5.295 0.586
P540252 4.490 4.395 -4.734 0.898
P540254 4.690 4.793 -5.076 0.538
P540256 4.415 4.458 -4.965 0.527
P540258 4.599 4.673 -4.721 0.778
P540259 4.530 4.607 -5.148 0.423
P540260 4.571 4.543 -4.443 1.278
P540262 4.526 4.494 -4.787 0.925
P540263 4.553 4.615 -5.215 0.470
P540265 4.541 4.352 -4.581 1.867
P540267 4.493 4.521 -5.061 1.393
P540271 4.616 4.662 -4.924 0.512
P540273 4.353 4.231 -4.608 1.182
P540274 4.541 4.656 -5.375 0.452
P540275 4.295 4.312 -5.205 0.677
P540276 4.493 4.549 -4.999 1.136
P540277 4.332 4.436 -5.376 0.484
P540278 4.348 4.374 -4.886 0.703
P540279 4.410 4.548 -5.746 1.535
P540280 4.317 4.334 -5.178 0.740
P540282 4.429 4.453 -5.227 0.581
P540283 4.538 4.534 -4.304 1.692
P540284 4.760 4.806 -5.287 0.549
P540285 4.456 4.470 -5.133 0.575
P540286 4.633 4.730 -4.928 0.770
P540287 4.637 4.639 -4.626 0.561
P540288 4.389 4.319 -4.720 1.336
P540289 4.793 4.874 -5.315 0.464
P540291 4.564 4.503 -4.596 0.822
P540294 4.537 4.626 -5.456 0.759
P540297 4.514 4.454 -4.593 1.557
P540301 4.601 4.629 -4.581 1.696
P540304 4.580 4.455 -4.690 2.452
P540308 4.698 4.804 -5.316 0.718
P540311 4.487 4.460 -5.137 1.510
P540316 4.599 4.657 -4.753 1.379
P540322 4.538 4.569 -5.149 0.731
P540328 4.522 4.494 -5.012 0.748
P540333 4.658 4.659 -4.964 0.534
P540334 4.471 4.546 -5.102 0.740
P540335 4.652 4.696 -4.960 0.710
P540336 4.549 4.549 -5.265 0.999
P540337 4.393 4.477 -4.756 0.906
P540338 4.526 4.298 -4.458 1.778
P540339 4.521 4.491 -5.084 0.560
P540341 4.582 4.670 -5.361 0.795
P540342 4.607 4.404 -4.532 0.656
P540343 4.679 4.646 -5.078 0.767
P540344 4.546 4.556 -5.221 0.434
P540348 4.672 4.728 -5.162 0.717
P540352 4.733 4.752 -4.786 1.147
P540353 4.567 4.471 -4.749 0.856
P540354 4.849 4.987 -5.430 0.446
P540356 4.573 4.618 -5.395 1.892
P540357 4.874 4.889 -5.167 0.717
P540358 4.886 4.933 -5.313 0.590
P540362 4.661 4.142 -4.755 2.569
P540366 4.647 4.535 -5.142 2.517
P540367 4.740 4.749 -4.882 1.064
P540368 4.560 4.528 -5.069 0.649
P540369 4.763 4.811 -4.706 0.759
P540370 4.572 4.609 -5.228 0.695
P540374 4.782 4.823 -5.141 0.510
P540375 4.489 4.589 -5.105 1.469
P540376 4.797 4.921 -5.418 1.909
P540377 4.735 4.742 -4.420 1.812
P540378 4.647 4.549 -5.045 2.049
P540379 4.514 4.577 -5.072 0.455
P540380 4.689 4.785 -5.308 1.234
P540382 4.557 4.499 -5.263 0.975
P540383 4.823 4.826 -4.898 0.707
P540385 4.492 4.318 -5.247 0.940
P540386 4.548 4.081 -4.187 1.991
P540388 4.495 4.331 -4.830 0.675
P540390 4.505 4.380 -5.019 1.377
P540393 4.919 4.908 -5.492 0.492
P540394 4.737 4.782 -5.243 0.467
P540395 4.683 4.711 -5.462 1.340
P540396 4.702 4.473 -4.312 0.735
P540397 4.571 4.519 -4.863 1.030
P540398 4.742 4.735 -5.029 0.752
P540399 4.624 4.771 -5.525 1.522
P540400 4.594 4.631 -4.636 0.699
P540401 4.525 4.558 -4.997 1.045
P540402 4.675 4.804 -5.673 1.612
P540404 4.444 4.419 -4.491 1.275
P540406 4.369 4.387 -4.960 0.680
P540408 4.490 4.584 -5.564 0.421
P540409 4.423 4.422 -4.573 0.688
P540414 4.287 4.524 -5.480 1.872
P540415 4.511 4.583 -5.185 0.447
P540417 4.592 4.644 -4.750 1.403
P540418 4.416 4.399 -4.916 0.495
P540420 4.445 4.197 -4.308 1.852
P540421 4.391 4.294 -5.285 1.311
P540422 4.718 4.794 -5.249 0.527
P540423 4.656 4.725 -5.435 1.385
P540425 4.699 4.779 -5.269 0.365
P540426 4.631 4.657 -5.020 0.477
P540427 4.714 4.768 -4.709 0.691
P540428 4.668 4.797 -5.296 0.586
P540429 4.774 4.811 -5.169 0.832
P540430 4.608 4.573 -5.283 0.542
P540431 4.801 4.945 -5.435 1.261
P540432 4.535 4.519 -5.225 0.537
P540433 4.578 4.434 -5.022 0.838
P540434 4.607 4.353 -4.788 0.653
P540435 4.740 4.853 -5.707 0.825
P540436 4.626 4.546 -5.220 0.725
P540437 4.513 4.551 -5.106 0.623
P540438 4.733 4.494 -5.361 1.119
P540439 4.809 4.790 -4.801 0.820
P540440 4.567 4.605 -5.125 0.365
P540441 4.413 4.328 -5.456 1.352
P540442 4.395 4.382 -5.286 0.595
P540443 4.636 4.420 -5.059 1.213
P540445 4.753 4.751 -5.215 0.908
P540450 4.632 4.601 -5.158 0.625
P540457 4.671 4.491 -4.614 0.654
P540460 4.745 4.742 -5.635 1.497
P540465 4.638 4.188 -4.528 0.988
P540469 4.711 4.679 -4.649 0.930
P540473 4.476 4.610 -5.037 0.710
P540474 4.419 4.508 -5.323 0.427
P540479 4.714 4.764 -5.323 1.360
P540486 4.628 4.664 -5.266 1.644
P540488 4.674 4.516 -4.762 2.083
P540493 4.703 4.733 -5.520 1.520
P540494 4.655 4.687 -5.110 0.459
P540498 4.608 4.677 -4.975 1.454
P540499 4.760 4.725 -4.457 1.109
P540505 4.653 4.755 -5.362 1.503
P540509 4.752 4.834 -4.889 1.492
P540510 4.553 4.585 -5.287 1.819
P540517 4.832 4.927 -5.399 1.661
P540521 4.645 4.278 -4.711 2.291
P540523 4.291 4.430 -5.298 0.387
P540525 4.624 4.780 -5.457 0.401
P540527 4.446 4.302 -4.786 0.784
P540528 4.814 4.819 -5.166 0.699
P540529 4.407 4.168 -4.965 0.835
P540530 4.404 4.015 -4.095 0.923
P540532 4.357 4.503 -5.517 1.920
P540533 4.508 4.334 -5.122 0.970
P540534 4.740 4.780 -5.589 0.843
P540535 4.829 4.821 -5.015 1.085
P540536 4.598 4.479 -5.049 0.471
P540537 4.629 4.495 -5.173 1.166
P540538 4.518 4.471 -5.217 0.945
P540540 4.620 4.351 -3.038 1.856
P540545 4.765 4.868 -5.026 0.749
P540548 4.508 4.598 -5.002 0.600
P540551 4.726 4.805 -4.825 0.632
P540556 4.551 4.702 -5.067 1.182
P540558 4.612 4.670 -4.301 1.519
P540560 4.624 4.616 -4.760 1.094
P540565 4.626 4.710 -5.141 0.799
P540567 4.571 4.555 -4.752 1.841
P540573 4.532 4.542 -4.872 0.794
P540578 4.620 4.817 -5.086 1.470
P540579 4.591 4.263 -4.528 2.557
P540584 4.751 4.844 -5.178 0.934
P540588 4.466 4.486 -5.020 0.741
P540592 4.701 4.720 -4.796 1.637
P540598 4.578 4.719 -5.185 1.372
P540600 4.669 4.631 -4.389 1.475
P540602 4.916 4.905 -5.435 0.555
P540604 4.640 4.267 -4.706 1.266
P540605 4.588 4.432 -5.130 1.502
P540609 4.655 4.210 -4.788 1.664
P540613 4.732 4.709 -4.644 1.748
P540616 4.639 4.708 -5.571 0.656
P540621 4.684 4.770 -5.034 0.688
P540623 4.566 4.527 -5.076 0.657
P540628 4.821 4.962 -5.602 0.663
P540631 4.666 4.333 -4.598 2.354
P540636 4.580 4.519 -4.942 0.945
P540638 4.662 4.719 -5.187 0.384
P540639 4.534 4.436 -5.305 1.027
P540642 4.538 4.525 -4.612 1.266
P540645 4.487 4.359 -5.172 0.968
P540647 4.490 4.098 -4.081 1.459
P540650 4.424 4.460 -4.920 0.601
P540652 4.856 4.893 -5.061 0.606
P540654 4.599 4.701 -5.317 1.037
P540656 4.580 4.463 -4.819 1.969
P540659 4.689 4.777 -4.912 0.952
P540661 4.556 4.640 -4.899 1.026
P540666 4.742 4.775 -4.569 1.722
P540667 4.615 4.765 -5.064 1.049
P540670 4.784 4.824 -5.011 0.986
P540671 4.531 4.639 -4.940 0.456
P540672 4.720 4.755 -5.360 0.569
P540676 4.781 4.808 -5.360 0.447
P540678 4.578 4.633 -5.145 0.986
P540679 4.722 4.777 -5.591 0.420
P540680 4.624 4.640 -4.996 0.870
P540681 4.662 4.732 -5.504 0.481
P540682 4.590 4.603 -5.369 0.420
P540683 4.879 4.967 -5.485 0.419
P540684 4.672 4.621 -4.273 0.522
P540685 4.660 4.586 -4.599 0.793
P540689 4.651 4.738 -5.605 2.355
P540699 4.770 4.782 -5.193 0.572
P540701 4.585 4.560 -4.505 1.469
P540702 4.617 4.612 -4.949 0.626
P540704 4.681 4.760 -5.112 1.081
P540705 4.725 4.730 -4.548 1.193
P540706 4.653 4.714 -4.900 0.751
P540707 4.734 4.796 -4.684 0.553
P540708 4.676 4.789 -5.482 0.651
P540709 4.560 4.646 -5.342 0.672
P540710 4.422 4.659 -5.691 1.888
P540711 4.536 4.558 -5.234 0.799
P540712 4.530 4.355 -5.156 1.383
P540713 4.650 4.644 -5.071 0.817
P540714 4.797 4.461 -4.844 1.668
P540716 4.836 4.827 -4.975 0.895
P540717 4.446 4.307 -5.448 1.172
P540720 4.493 4.019 -4.072 1.568
P540721 4.431 4.259 -4.915 0.951
P540725 4.679 4.804 -4.849 0.820
P540726 4.485 4.557 -4.574 0.663
P540728 4.696 4.397 -4.581 1.786
P540729 4.833 4.922 -5.325 0.532
P540731 4.729 4.537 -4.584 0.665
P540732 4.726 4.787 -5.355 0.393
P540733 4.690 4.736 -5.119 1.692
P540734 4.756 4.790 -4.506 1.226
P540735 4.697 4.746 -5.253 0.434
P540736 4.788 4.793 -4.830 0.772
P540737 4.604 4.635 -5.117 0.438
P540738 4.594 4.620 -5.145 1.446
P540740 4.641 4.605 -4.947 0.249
P540741 4.810 4.904 -5.058 0.885
P540746 4.566 4.497 -4.890 1.067
P540749 4.625 4.556 -5.173 0.660
P540750 4.522 4.596 -5.083 0.610
P540751 4.745 4.512 -5.160 1.062
P540752 4.867 4.877 -5.059 0.679
P540753 4.331 4.373 -4.533 0.759
P540754 4.418 4.225 -4.968 0.918
P540756 4.490 4.521 -5.173 0.959
P540759 4.448 4.296 -4.630 1.735
P540760 4.463 4.331 -5.012 0.674
P540762 4.529 4.546 -4.903 0.413
P540763 4.661 4.485 -4.633 0.671
P540764 4.813 4.919 -5.561 0.607
P540765 4.344 4.365 -4.965 1.092
P540766 4.700 4.753 -4.715 1.205
P540771 4.675 4.718 -4.445 0.926
P540773 4.199 4.046 -4.957 0.846
P540774 4.159 3.874 -4.057 0.979
P540775 4.283 4.413 -5.369 1.617
P540777 4.363 4.351 -4.968 0.620
P540778 4.641 4.656 -5.022 0.997
P540782 4.616 4.690 -5.665 0.599
P540783 4.366 4.446 -5.363 0.604
P540784 4.349 4.409 -5.116 1.096
P540786 4.372 4.321 -4.801 1.658
P540787 4.414 4.524 -5.500 0.573
P540789 4.761 4.755 -5.035 0.458
P540796 4.573 4.562 -5.149 0.975
P540802 4.704 4.605 -4.527 0.892
P540804 4.623 4.712 -5.424 0.921
P540808 4.654 4.744 -4.992 0.982
P540811 4.623 4.729 -5.115 0.656
P540812 4.638 4.584 -5.113 1.291
P540817 4.730 4.739 -5.210 0.523
P540818 4.779 4.843 -4.790 0.713
P540819 4.549 4.559 -4.887 0.581
P540820 4.844 4.954 -5.272 1.163
P540821 4.622 4.540 -4.659 1.497
P540824 4.463 4.482 -5.189 0.845
P540831 4.603 4.657 -5.204 0.634
P540834 4.749 4.748 -5.129 0.753
P540836 4.623 4.600 -5.133 0.686
P540840 4.622 4.566 -4.754 0.949
P540842 4.678 4.497 -4.573 0.726
P540844 4.677 4.764 -5.557 0.787
P540846 4.618 4.650 -4.962 1.560
P540848 4.380 4.434 -5.254 0.863
P540852 4.587 4.686 -4.830 1.037
P540856 4.484 4.629 -5.322 0.899
P540859 4.550 4.577 -4.538 1.413
P540863 4.486 4.462 -4.734 1.163
P540867 4.546 4.640 -5.567 0.811
P540871 4.518 4.463 -4.670 0.927
P540874 4.538 4.608 -4.827 0.590
P540884 4.495 4.523 -4.901 0.500
P540886 4.515 4.349 -4.586 1.971
P540890 4.603 4.618 -5.148 0.564
P540894 4.484 4.532 -4.843 0.816
P540897 4.529 4.567 -4.463 1.324
P540900 4.434 4.534 -5.116 0.411
P540903 4.552 4.576 -4.749 1.240
P540909 4.449 4.496 -4.891 0.463
P540913 4.739 4.793 -5.032 0.416
P540916 4.508 4.424 -4.706 0.916
P540919 4.591 4.516 -5.034 0.885
P540921 4.811 4.925 -5.451 0.813
P540923 4.526 4.504 -5.279 0.819
P540925 4.723 4.818 -4.992 1.439
P540926 4.655 4.633 -5.216 1.352
P540928 4.763 4.649 -4.258 1.140
P540930 4.726 4.747 -5.417 0.717
P540932 4.617 4.605 -5.148 0.960
P540937 4.666 4.698 -5.045 1.047
P540938 4.706 4.770 -4.411 1.720
P540943 4.717 4.661 -4.944 1.565
P540945 4.743 4.827 -4.866 1.610
P540948 4.634 4.650 -4.535 1.687
P540949 4.579 4.686 -5.273 0.617
P540951 4.641 4.718 -4.864 0.747
P540953 4.450 4.504 -5.225 0.976
P540955 4.739 4.891 -5.312 0.543
P540957 4.556 4.421 -4.910 0.984
P540958 4.849 4.858 -5.066 0.544
P540959 4.561 4.504 -4.961 0.712
P540960 4.727 4.731 -4.808 0.642
P540961 4.596 4.649 -5.072 0.798
P540962 4.659 4.650 -4.517 1.274
P540963 4.508 4.570 -4.753 1.595
P540964 4.636 4.663 -5.121 0.432
P540965 4.653 4.491 -4.322 0.581
P540966 4.565 4.591 -5.033 1.352
P540968 4.764 4.676 -4.962 0.789
P540969 4.650 4.708 -4.830 0.527
P540973 4.575 4.609 -4.940 0.803
P540975 4.608 4.445 -4.237 0.933
P540978 4.647 4.699 -5.379 0.967
P540983 4.673 4.518 -4.611 0.929
P540988 4.605 4.682 -4.979 1.508
P540993 4.720 4.506 -4.400 1.968
P540994 4.664 4.674 -5.287 0.720
P540997 4.699 4.701 -4.823 1.418
P540998 4.590 4.573 -5.159 0.716
P541000 4.855 4.891 -5.303 0.715
P541002 4.714 4.509 -4.635 1.019
P541004 4.733 4.787 -5.262 0.646
P541005 4.456 4.475 -5.113 0.593
P541006 4.592 4.602 -4.809 1.134
P541007 4.497 4.669 -5.354 0.681
P541008 4.619 4.581 -4.706 1.293
P541009 4.730 4.828 -5.229 0.864
P541013 4.558 4.405 -4.567 0.671
P541014 4.506 4.480 -5.094 0.563
P541016 4.577 4.646 -5.321 0.824
P541018 4.636 4.686 -5.105 0.343
P541021 4.522 4.569 -5.212 1.089
P541023 4.625 4.451 -4.578 0.648
P541025 4.577 4.684 -5.406 0.535
P541026 4.550 4.571 -4.873 1.271
P541028 4.703 4.681 -4.918 0.672
P541032 4.596 4.638 -5.375 0.649
P541034 4.620 4.710 -5.258 0.433
P541035 4.567 4.413 -4.933 2.275
P541039 4.734 4.811 -5.273 1.763
P541040 4.768 4.867 -5.025 0.781
P541041 4.613 4.576 -4.956 0.483
P541042 4.686 4.766 -4.806 0.999
P541043 4.675 4.706 -5.080 0.512
P541044 4.718 4.768 -5.169 0.510
P541045 4.606 4.469 -4.538 1.279
P541047 4.587 4.641 -5.323 1.321
P541048 4.726 4.704 -5.020 0.806
P541050 4.495 4.553 -5.444 0.606
P541051 4.415 4.462 -5.233 0.859
P541056 4.484 4.453 -4.672 0.669
P541058 4.518 4.648 -5.677 0.635
P541060 4.451 4.487 -5.069 1.175
P541062 4.556 4.437 -4.563 1.367
P541063 4.456 4.581 -5.392 0.789
P541065 4.477 4.230 -4.691 2.298
P541066 4.593 4.679 -5.181 0.799
P541069 4.438 4.581 -5.604 1.678
P541070 4.715 4.888 -5.749 1.591
P541072 4.538 4.508 -5.081 2.366
P541074 4.536 4.532 -4.285 1.281
P541077 4.472 4.479 -4.457 0.661
P541079 4.563 4.617 -5.254 0.608
P541081 4.595 4.368 -4.487 0.734
P541085 4.476 4.529 -5.023 0.721
P541086 4.536 4.627 -4.760 0.721
P541088 4.747 4.777 -5.030 0.719
P541089 4.448 4.609 -5.050 0.801
P541091 4.660 4.488 -4.537 0.655
P541092 4.669 4.795 -5.377 1.532
P541093 4.614 4.658 -4.651 0.835
P541094 4.678 4.505 -5.073 0.856
P541095 4.524 4.530 -4.909 1.029
P541096 4.578 4.422 -4.626 0.684
P541097 4.605 4.581 -5.079 0.378
P541098 4.484 4.463 -4.231 1.379
P541099 4.417 4.764 -5.530 1.101
P541100 4.564 4.644 -4.833 1.354
P541101 4.404 4.414 -5.081 0.575
P541103 4.519 4.590 -5.127 0.537
P541104 4.552 4.601 -4.757 1.504
P541107 4.455 4.452 -5.002 0.620
P541109 4.706 4.837 -5.144 0.517
P541110 4.707 4.761 -4.794 0.528
P541113 4.604 4.659 -4.803 0.603
P541115 4.743 4.531 -4.553 0.710
P541116 4.699 4.760 -5.053 0.632
P541118 4.642 4.725 -4.953 0.595
P541121 4.757 4.835 -4.858 0.682
P541122 4.548 4.608 -4.806 0.654
P541124 4.864 4.950 -5.196 0.381
P541125 4.497 4.409 -4.148 1.228
P541126 4.656 4.735 -5.357 0.983
P541127 4.617 4.667 -5.158 1.040
P541129 4.700 4.779 -5.374 0.459
P541130 4.652 4.553 -4.642 1.581
P541131 4.720 4.758 -4.510 1.550
P541132 4.756 4.797 -4.864 0.744
P541133 4.521 4.596 -5.176 1.087
P541134 4.844 4.983 -5.259 0.473
P541135 4.740 4.556 -4.650 0.894
P541137 4.548 4.413 -4.933 2.216
P541138 4.462 4.517 -4.965 0.953
P541141 4.538 4.603 -4.752 0.948
P541146 4.488 4.560 -5.100 0.699
P541152 4.527 4.659 -4.966 0.782
P541154 4.436 4.582 -5.704 1.864
P541157 4.700 4.822 -5.257 1.593
P541160 4.451 4.338 -4.820 0.783
P541164 4.589 4.577 -5.129 0.775
P541168 4.455 4.442 -5.163 0.614
P541170 4.522 4.363 -4.552 0.728
P541172 4.545 4.606 -5.460 0.659
P541173 4.437 4.499 -5.152 1.118
P541176 4.541 4.277 -4.380 1.912
P541178 4.486 4.525 -5.317 0.653
P541180 4.519 4.531 -4.818 1.369
P541182 4.402 4.414 -5.181 0.653
P541184 4.689 4.760 -5.333 0.627
P541185 4.453 4.172 -4.591 2.516
P541187 4.875 4.971 -5.135 0.734
P541188 4.541 4.546 -5.009 0.624
P541189 4.722 4.764 -4.820 0.899
P541190 4.743 4.546 -4.279 1.678
P541191 4.539 4.587 -5.353 0.826
P541194 4.535 4.298 -4.425 1.765
P541197 4.540 4.325 -4.553 0.880
P541198 4.591 4.622 -5.141 0.478
P541203 4.321 4.500 -5.536 0.486
P541204 4.416 4.475 -5.007 1.087
P541205 4.200 4.294 -5.236 0.780
P541208 4.524 4.699 -5.542 0.471
P541210 4.280 4.220 -4.934 0.940
P541211 4.698 4.473 -5.101 2.140
P541213 4.862 4.632 -5.444 2.175
P541215 4.598 4.321 -5.288 2.191
P541217 4.689 4.634 -5.375 1.496
P541218 4.691 4.745 -4.603 1.430
P541219 4.726 4.677 -5.525 1.483
P541221 4.689 4.520 -4.950 2.190
P541225 4.619 4.688 -5.301 1.272
P541227 4.777 4.871 -5.229 0.523
P541231 4.412 4.481 -5.032 0.379
P541237 4.701 4.742 -5.235 0.690
P541239 4.880 4.861 -4.941 0.534
P541242 4.363 4.383 -4.675 1.635
P541246 4.466 4.298 -5.316 1.052
P541248 4.481 4.053 -4.080 1.633
P541257 4.474 4.281 -4.952 0.894
P541260 4.577 4.452 -4.911 0.967
P541262 4.660 4.484 -4.753 1.360
P541269 4.871 4.900 -5.384 0.479
P541270 4.869 4.956 -5.164 0.572
P541271 4.760 4.835 -5.491 0.749
P541272 4.359 4.425 -5.191 0.696
P541273 4.675 4.779 -5.310 0.555
P541274 4.431 4.381 -4.247 0.884
P541278 4.573 4.515 -5.248 0.893
P541279 4.671 4.663 -5.192 1.336
P541283 4.567 4.577 -5.113 0.643
P541284 4.636 4.690 -5.032 0.703
P541285 4.526 4.580 -5.188 0.481
P541286 4.413 4.505 -5.176 0.750
P541288 4.526 4.360 -4.575 0.749
P541289 4.511 4.623 -5.426 0.661
P541290 4.417 4.461 -5.002 0.970
P541291 4.525 4.530 -4.711 1.246
P541292 4.454 4.559 -5.345 0.652
P541293 4.536 4.650 -4.945 0.760
P541295 4.702 4.789 -5.398 1.280
P541298 4.528 4.456 -4.426 1.351
P541300 4.682 4.343 -4.450 1.623
P541302 4.847 4.942 -5.041 0.730
P541305 4.573 4.597 -5.063 0.659
P541306 4.717 4.784 -4.593 0.839
P541308 4.628 4.747 -5.048 1.071
P541310 4.727 4.804 -4.609 1.788
P541311 4.667 4.631 -4.834 1.091
P541312 4.679 4.760 -5.145 1.054
P541314 4.691 4.578 -4.432 0.952
P541318 4.576 4.689 -4.905 0.915
P541320 4.701 4.783 -4.882 0.809
P541322 4.569 4.637 -4.990 1.433
P541324 4.601 4.666 -4.819 0.597
P541325 4.476 4.570 -4.837 0.679
P541328 4.801 4.900 -5.187 0.489
P541329 4.485 4.473 -4.910 0.818
P541334 4.807 4.870 -5.251 1.000
P541338 4.637 4.273 -4.619 2.523
P541340 4.591 4.551 -4.169 0.665
P541341 4.651 4.180 -4.614 2.013
P541342 4.832 4.969 -5.320 0.621
P541343 4.556 4.591 -5.172 0.643
P541344 4.627 4.786 -5.258 0.755
P541345 4.661 4.744 -5.293 0.586
P541346 4.594 4.726 -4.947 0.710
P541347 4.694 4.759 -5.414 0.484
P541348 4.686 4.483 -4.651 0.876
P541349 4.600 4.735 -5.429 1.872
P541351 4.747 4.678 -5.363 0.736
P541352 4.685 4.724 -4.822 0.543
P541356 4.551 4.618 -4.844 0.657
P541358 4.612 4.480 -4.360 1.355
P541360 4.637 4.716 -5.102 0.688
P541362 4.555 4.650 -4.902 1.363
P541364 4.623 4.643 -4.285 1.401
P541365 4.583 4.689 -4.968 1.062
P541367 4.641 4.695 -4.531 1.161
P541369 4.486 4.609 -4.837 1.100
P541371 4.770 4.869 -4.957 1.132
P541374 4.618 4.611 -4.080 0.653
P541375 4.414 4.323 -4.565 1.115
P541377 4.305 4.348 -4.997 0.930
P541380 4.387 4.518 -5.642 0.475
P541381 4.528 4.332 -4.673 0.789
P541383 4.676 4.829 -5.293 0.636
P541386 4.377 4.424 -5.095 0.436
P541388 4.466 4.587 -5.279 0.793
P541390 4.510 4.519 -4.501 1.469
P541392 4.457 4.387 -4.688 1.290
P541394 4.523 4.597 -5.364 0.557
P541395 4.540 4.355 -4.589 0.671
P541399 4.426 4.499 -5.151 0.828
P541402 4.535 4.614 -5.146 0.557
P541404 4.324 4.408 -5.411 0.619
P541405 4.260 4.499 -5.562 1.814
P541410 4.368 4.249 -4.608 0.831
P541411 4.561 4.649 -4.896 0.944
P541413 4.621 4.600 -4.140 0.627
P541416 4.832 4.752 -5.285 0.391
P541420 4.601 4.420 -5.321 1.987
P541421 4.727 4.363 -4.926 2.535
P541426 4.868 4.949 -5.441 0.571
P541436 4.424 4.400 -4.679 1.125
P541438 4.489 4.542 -4.620 1.043
P541443 4.578 4.349 -4.747 0.759
P541445 4.510 4.333 -5.108 2.060
P541450 4.402 4.384 -4.964 0.559
P541454 4.447 4.226 -4.916 1.946
P541463 4.596 4.559 -5.305 0.892
P541466 4.633 4.658 -5.363 2.013
P541470 4.623 4.698 -5.217 1.694
P541476 4.564 4.462 -5.197 0.896
P541478 4.379 3.984 -4.066 1.687
P541481 4.856 4.829 -4.841 0.628
P541485 4.338 4.394 -4.593 0.979
P541489 4.461 4.327 -5.371 1.057
P541493 4.490 4.107 -4.030 1.564
P541495 4.391 4.292 -5.606 1.236
P541499 4.596 4.618 -5.035 0.361
P541502 4.545 4.653 -5.520 2.045
P541505 4.728 4.782 -5.121 0.384
P541509 4.492 4.410 -5.294 1.349
P541512 4.817 4.831 -5.091 0.295
P541514 4.828 4.968 -5.384 0.531
P541515 4.655 4.767 -5.387 0.853
P541516 4.618 4.743 -4.938 0.818
P541517 4.688 4.764 -5.489 0.564
P541519 4.584 4.582 -5.168 0.567
P541520 4.608 4.667 -5.078 0.376
P541521 4.466 4.508 -5.041 0.751
P541523 4.443 4.405 -5.197 0.569
P541524 4.524 4.589 -5.318 0.566
P541525 4.608 4.425 -4.629 0.722
P541526 4.595 4.672 -5.426 0.522
P541528 4.296 4.056 -4.768 1.004
P541534 4.535 4.637 -5.451 0.688
P541537 4.557 4.416 -4.911 1.032
P541538 4.514 4.460 -5.219 0.969
P541539 4.615 4.691 -4.872 0.727
P541541 4.666 4.729 -5.037 0.414
P541542 4.400 4.368 -5.236 0.980
P541544 4.550 4.642 -5.303 0.569
P541545 4.599 4.601 -4.503 1.429
P541546 4.194 4.230 -5.529 2.489
P541547 4.546 4.553 -4.958 0.472
P541548 4.592 4.625 -5.267 0.505
P541549 4.462 4.514 -5.229 0.516
P541551 4.526 4.463 -5.061 2.258
P541552 4.556 4.648 -5.431 0.450
P541554 4.586 4.449 -4.950 0.905
P541555 4.619 4.520 -5.067 0.704
P541557 4.621 4.502 -5.081 1.661
P541560 4.508 4.520 -4.964 0.548
P541561 4.526 4.512 -5.288 0.921
P541563 4.662 4.608 -4.969 0.394
P541565 4.536 4.455 -5.206 1.814
P541568 4.925 4.912 -5.422 0.769
P541569 4.881 4.886 -5.071 0.407
P541570 4.474 4.308 -4.964 1.187
P541572 4.839 4.860 -4.995 0.567
P541573 4.446 4.414 -5.082 0.764
P541575 4.488 4.603 -4.574 0.595
P541576 4.453 4.067 -4.093 2.101
P541577 4.448 4.303 -4.987 0.916
P541582 4.821 4.828 -4.953 0.499
P541586 4.457 4.233 -4.962 0.845
P541589 4.526 4.002 -4.113 2.039
P541591 4.864 4.949 -5.413 0.513
P541593 4.663 4.524 -4.748 0.760
P541597 4.789 4.556 -5.448 2.225
P541598 4.582 4.373 -4.894 1.197
P541603 4.392 4.375 -5.487 1.552
P541605 4.502 4.095 -4.093 1.559
P541606 4.380 4.541 -5.096 2.431
P541607 4.486 4.506 -5.058 0.655
P541608 4.499 4.570 -5.378 0.498
P541609 4.623 4.735 -5.146 0.694
P541610 4.394 4.428 -5.240 0.497
P541611 4.734 4.819 -5.349 0.798
P541612 4.462 4.479 -4.373 1.658
P541613 4.514 4.562 -4.683 0.673
P541614 4.695 4.552 -4.803 0.471
P541615 4.686 4.719 -5.049 0.514
P541617 4.649 4.707 -5.141 0.542
P541623 4.709 4.832 -4.957 0.892
P541624 4.520 4.568 -5.286 0.836
P541631 4.856 4.891 -5.125 0.939
P541633 4.789 4.735 -5.323 0.446
P541634 4.611 4.276 -4.719 0.760
P541635 4.411 4.476 -4.371 0.646
P541638 4.340 4.312 -4.939 0.831
P541640 4.382 4.010 -4.370 1.548
P541641 4.740 4.782 -4.632 0.832
P541645 4.652 4.666 -5.107 0.969
P541650 4.694 4.764 -5.373 0.922
P541654 4.639 4.343 -4.745 1.017
P541659 4.469 4.601 -5.331 0.698
P541662 4.764 4.805 -5.253 0.476
P541666 4.592 4.660 -5.230 0.985
P541676 4.621 4.521 -4.646 1.061
P541678 4.783 4.811 -5.299 0.565
P541681 4.465 4.553 -5.281 1.595
P541682 4.663 4.741 -5.021 1.423
P541683 4.608 4.699 -5.630 1.529
P541684 4.558 4.650 -5.049 1.115
P541685 4.606 4.594 -4.937 0.429
P541686 4.522 4.712 -5.505 1.655
P541687 4.615 4.645 -4.681 1.416
P541689 4.521 4.552 -4.957 1.408
P541691 4.389 4.142 -4.729 0.675
P541693 4.547 4.477 -5.236 0.679
P541695 4.751 4.777 -5.026 0.481
P541697 4.486 4.342 -5.260 0.806
P541700 4.449 4.277 -5.131 0.950
P541706 4.790 4.818 -5.266 0.691
P541708 4.521 4.509 -5.124 0.709
P541710 4.644 4.583 -4.791 1.537
P541713 4.567 4.591 -5.330 0.658
P541715 4.641 4.482 -4.445 1.963
P541716 4.557 4.564 -5.086 1.146
P541719 4.628 4.670 -5.480 0.671
P541720 4.455 4.517 -4.425 0.595
P541722 4.636 4.509 -5.089 1.409
P541723 4.813 4.860 -5.620 1.298
P541725 4.666 4.335 -4.748 0.900
P541727 4.623 4.702 -4.762 0.559
P541729 4.349 4.470 -5.368 0.960
P541730 4.461 4.526 -5.047 0.758
P541731 4.327 4.316 -5.501 1.737
P541732 4.610 4.653 -4.916 0.808
P541733 4.505 4.671 -5.288 1.077
P541734 4.598 4.579 -4.429 1.103
P541735 4.493 4.449 -4.732 1.189
P541736 4.576 4.686 -5.304 1.255
P541737 4.511 4.414 -4.507 1.301
P541739 4.445 4.441 -4.936 0.515
P541740 4.819 4.928 -5.350 0.565
P541742 4.649 4.371 -4.632 0.786
P541743 4.546 4.412 -4.825 0.976
P541747 4.549 4.603 -4.935 0.335
P541749 4.375 4.409 -4.925 0.916
P541750 4.643 4.719 -5.041 0.621
P541752 4.525 4.519 -4.526 1.099
P541754 4.617 4.697 -5.108 0.455
P541755 4.659 4.698 -4.546 1.002
P541756 4.466 4.534 -4.766 0.619
P541758 4.825 4.902 -5.108 0.367
P541759 4.548 4.238 -4.254 1.979
P541762 4.610 4.439 -4.552 0.725
P541765 4.540 4.523 -5.178 0.625
P541767 4.261 3.895 -4.019 1.019
P541768 4.415 4.290 -4.776 0.857
P541769 4.746 4.857 -5.226 1.230
P541770 4.715 4.740 -5.110 0.623
P541771 4.555 4.584 -4.684 1.021
P541772 4.666 4.744 -5.242 0.498
P541773 4.575 4.557 -4.951 0.680
P541774 4.795 4.990 -5.301 1.389
P541775 4.560 4.526 -4.924 1.696
P541776 4.601 4.573 -4.898 0.704
P541777 4.489 4.430 -5.048 0.638
P541778 4.522 4.603 -5.453 1.632
P541779 4.435 4.420 -5.332 0.911
P541780 4.704 4.703 -4.882 0.734
P541786 4.544 4.341 -4.632 1.591
P541791 4.629 4.685 -4.875 0.892
P541792 4.717 4.743 -5.063 0.718
P541793 4.238 4.029 -4.607 0.753
P541794 4.920 4.898 -5.445 0.806
P541798 4.653 4.736 -5.260 0.655
P541799 4.742 4.464 -5.103 1.347
P541800 4.876 4.888 -5.065 0.367
P541801 4.327 4.388 -4.960 2.488
P541802 4.426 4.238 -4.969 1.079
P541803 4.310 4.000 -4.219 2.284
P541804 4.210 4.339 -5.011 1.359
P541806 4.657 4.683 -5.164 1.554
P541807 4.386 4.366 -4.782 0.880
P541808 4.697 4.771 -5.602 0.916
P541810 4.674 4.654 -5.142 0.768
P541811 4.418 4.363 -4.790 0.554
P541816 4.418 4.398 -4.961 0.489
P541818 4.461 4.324 -5.452 1.212
P541820 4.785 4.644 -4.748 1.839
P541823 4.564 4.440 -5.073 0.523
P541824 4.508 4.525 -4.887 0.619
P541826 4.612 4.619 -5.288 1.777
P541828 4.526 4.269 -4.714 0.744
P541829 4.687 4.718 -5.310 0.490
P541836 4.540 4.636 -4.852 1.333
P541840 4.330 4.408 -5.268 0.707
P541852 4.672 4.827 -5.347 0.697
P541855 4.437 4.131 -4.603 2.150
P541863 4.310 4.294 -4.822 0.627
P541867 4.387 4.201 -4.774 0.812
P541871 4.491 4.372 -4.676 0.636
P541886 4.447 4.516 -5.201 0.781
P541892 4.571 4.613 -4.976 0.797
P541900 4.841 4.936 -5.328 0.542
P541902 4.690 4.335 -4.634 2.604
P541905 4.799 4.818 -4.997 0.593
P541907 4.458 4.011 -4.104 1.512
P541909 4.542 4.425 -5.130 0.602
P541911 4.593 4.643 -5.115 0.375
P541912 4.317 4.230 -4.564 0.775
P541913 4.584 4.730 -5.282 0.957
P541914 4.591 4.525 -5.158 1.508
P541917 4.429 4.158 -4.730 0.723
P541918 4.950 5.047 -5.599 0.539
P541919 4.736 4.626 -4.668 0.442
P541920 4.699 4.544 -4.985 0.961
P541921 4.918 4.961 -5.246 0.598
P541922 4.577 4.675 -5.220 0.833
P541923 4.734 4.812 -5.213 0.623
P541924 4.855 4.579 -5.304 1.083
P541925 4.745 4.562 -4.975 1.016
P541927 4.766 4.743 -5.122 0.490
P541928 4.759 4.883 -5.261 1.386
P541930 4.685 4.571 -4.918 0.894
P541932 4.936 4.905 -4.702 0.833
P541935 4.963 4.978 -5.566 0.669
P541937 4.674 4.623 -5.130 0.527
P541939 4.570 4.513 -5.093 0.525
P541940 4.576 4.589 -5.297 1.835
P541942 4.610 4.186 -4.155 1.823
P541943 4.749 4.647 -5.084 0.354
P541944 4.918 4.927 -5.136 0.625
P541945 4.819 4.985 -5.909 0.960
P541946 4.841 4.461 -4.911 2.446
P541947 4.617 4.691 -4.713 0.721
P541949 4.937 5.034 -5.363 0.625
P541951 4.735 4.526 -4.497 0.627
P541952 4.674 4.530 -4.732 0.760
P541953 4.555 4.320 -4.794 0.659
P541954 4.535 4.596 -4.776 0.814
P541956 4.780 4.820 -5.244 0.660
P541957 4.850 4.715 -4.544 1.667
P541959 4.388 4.490 -4.569 1.546
P541962 4.515 4.210 -4.684 0.733
P541963 4.731 4.678 -5.250 1.349
P541967 4.485 4.490 -4.794 0.587
P541968 4.608 4.442 -5.183 2.304
P541969 4.833 4.963 -5.205 0.669
P541972 4.986 4.937 -5.006 0.657
P541973 4.515 4.567 -5.114 0.736
P541974 4.611 4.204 -4.141 1.903
P541975 4.548 4.245 -5.007 1.122
P541977 4.549 4.361 -5.217 0.857
P541979 4.627 4.631 -5.162 0.918
P541981 4.647 4.558 -5.577 1.171
P541983 4.715 4.616 -5.264 0.827
P541984 4.650 4.193 -4.262 2.002
P541986 4.641 4.671 -4.559 0.776
P541987 4.565 4.229 -5.148 2.249
P541991 4.599 4.465 -4.944 1.231
P541992 5.026 4.910 -5.240 1.531
P541993 4.874 4.603 -5.029 0.694
P541994 4.843 4.888 -5.271 0.952
P541995 4.765 4.696 -5.209 0.499
P541999 4.584 4.554 -5.426 0.885
P542001 4.773 4.803 -4.989 0.608
P542004 4.479 4.366 -5.587 1.428
P542008 4.403 3.998 -3.980 1.448
P542009 4.550 4.273 -4.760 0.717
P542012 4.483 4.396 -5.237 0.687
P542020 4.620 4.658 -5.355 1.659
P542029 4.534 4.545 -5.522 2.613
P542034 4.394 4.551 -4.572 0.965
P542036 4.355 4.517 -5.107 1.706
P542037 4.948 5.043 -5.603 1.051
P542038 4.720 4.531 -4.894 0.791
P542039 4.542 4.575 -5.005 0.638
P542044 4.742 4.766 -4.995 0.520
P542049 4.875 4.691 -5.305 0.799
P542050 4.612 4.557 -5.364 1.808
P542051 4.413 4.260 -4.674 0.998
P542053 4.405 4.013 -4.377 0.868
P542054 4.277 4.390 -4.758 2.243
P542055 4.844 4.823 -4.826 0.439
P542056 4.687 4.496 -4.886 1.282
P542057 4.536 4.623 -5.197 1.604
P542059 4.407 4.020 -4.082 1.478
P542068 4.395 4.400 -5.026 1.777
P542070 4.588 4.737 -5.406 1.693
P542071 4.672 4.723 -5.464 2.166
P542076 4.571 4.659 -5.515 1.740
P542080 4.694 4.766 -5.195 0.577
P542081 4.598 4.496 -5.257 0.949
P542084 4.856 4.808 -5.075 1.163
P542085 4.497 4.303 -5.512 3.019
P542086 4.434 4.329 -5.344 1.385
P542091 4.369 4.317 -5.504 1.093
P542096 4.592 4.374 -4.479 0.651
P542097 4.826 4.793 -5.478 1.424
P542098 4.293 4.351 -4.660 1.739
P542100 4.465 4.186 -4.374 1.980
P542103 4.421 4.405 -5.016 0.534
P542105 4.467 4.086 -4.686 1.004
P542106 4.567 4.478 -5.025 0.885
P542108 4.902 4.921 -5.507 0.531
P542110 4.630 4.167 -3.992 0.944
P542112 4.552 4.273 -4.659 0.652
P542113 4.801 4.851 -5.167 0.594
P542117 4.548 4.502 -5.013 0.675
P542119 4.667 4.456 -4.901 1.012
P542121 4.868 4.902 -5.504 0.770
P542123 4.569 4.222 -4.301 1.941
P542124 4.566 4.245 -4.881 0.869
P542127 4.922 4.875 -5.063 1.209
P542128 4.680 4.555 -5.190 0.995
P542130 4.718 4.700 -5.277 0.824
P542133 4.856 4.935 -5.477 0.373
P542134 4.723 4.358 -4.773 0.780
P542136 4.621 4.490 -4.968 0.905
P542139 4.425 4.355 -5.077 1.275
P542141 4.480 4.424 -4.064 0.865
P542143 4.857 4.836 -5.019 0.603
P542145 4.545 4.520 -5.212 0.515
P542147 4.697 4.749 -5.196 0.667
P542150 4.658 4.612 -5.301 0.779
P542152 4.463 4.210 -4.771 0.656
P542153 4.805 4.461 -4.739 0.718
P542157 4.314 4.286 -5.017 0.715
P542172 4.810 4.864 -5.298 0.845
P542175 4.700 4.345 -4.818 2.378
P542185 4.552 4.389 -4.963 1.114
P542187 4.682 4.280 -4.794 1.847
P542194 4.469 4.566 -4.413 0.646
P542202 4.425 4.390 -4.759 0.473
P542205 4.498 3.954 -3.978 0.823
P542207 4.385 4.292 -5.133 1.358
P542211 4.281 4.416 -4.855 1.836
P542214 4.384 3.941 -3.944 2.313
P542220 4.746 4.757 -4.903 0.437
P542221 4.574 4.496 -4.902 0.403
P542222 4.532 4.599 -5.380 2.050
P542224 4.547 4.409 -5.357 1.402
P542229 4.731 4.416 -4.843 2.561
P542233 4.808 4.892 -5.422 0.528
P542235 4.700 4.751 -5.015 0.662
P542239 4.982 5.068 -5.478 0.476
P542240 4.802 4.521 -4.486 0.976
P542242 4.602 4.673 -4.676 1.600
P542246 4.564 4.557 -4.892 0.430
P542247 4.872 4.868 -5.143 1.253
P542248 4.394 4.329 -6.287 3.267
P542250 4.454 4.384 -5.589 1.119
P542252 4.472 4.075 -4.184 1.769
P542253 4.466 4.465 -5.000 0.589
P542257 4.977 4.992 -5.515 0.552
P542259 4.815 4.549 -5.489 1.156
P542262 4.549 4.661 -5.297 1.501
P542264 4.642 4.691 -5.554 1.792
P542266 4.468 4.394 -5.034 0.480
P542270 4.484 4.464 -5.037 1.070
P542274 4.677 4.622 -4.935 1.027
P542276 4.617 4.664 -4.692 0.714
P542280 4.467 4.418 -4.576 0.600
P542282 4.566 4.619 -5.113 1.496
P542284 4.654 4.294 -4.220 1.480
P542285 4.616 4.288 -4.741 0.731
P542286 4.673 4.601 -5.116 0.483
P542287 4.823 4.745 -5.333 1.820
P542288 4.973 4.937 -5.030 0.796
P542289 4.738 4.563 -5.004 1.137
P542290 5.010 5.068 -5.568 0.784
P542291 4.809 4.504 -4.759 0.674
P542292 4.837 4.918 -5.458 0.397
P542293 4.535 4.420 -5.423 1.076
P542294 4.952 5.119 -5.736 0.590
P542295 4.575 4.573 -5.506 1.213
P542299 4.556 4.548 -4.637 0.872
P542302 4.984 4.955 -5.102 0.633
P542304 4.827 4.700 -4.922 0.864
P542308 4.921 4.978 -5.609 0.468
P542309 4.715 4.450 -4.765 0.728
P542310 4.698 4.519 -5.098 0.805
P542311 5.036 4.948 -4.928 0.692
P542312 4.501 4.283 -4.986 1.168
P542313 4.539 4.395 -4.550 1.768
P542314 4.560 4.590 -4.895 0.941
P542316 4.762 4.454 -4.867 1.098
P542317 4.747 4.671 -4.840 1.221
P542318 4.936 4.992 -5.417 0.811
P542321 4.629 4.887 -5.132 1.529
P542323 4.718 4.637 -5.009 0.679
P542327 4.845 4.802 -5.065 0.760
P542328 4.491 4.397 -4.783 0.602
P542330 4.420 4.058 -4.066 0.809
P542331 4.491 4.194 -4.719 0.777
P542332 4.939 4.877 -5.095 1.027
P542333 4.805 4.573 -5.116 1.036
P542334 4.729 4.811 -5.369 1.126
P542335 4.694 4.817 -5.670 1.796
P542336 4.684 4.618 -4.873 0.629
P542337 4.574 4.630 -5.052 1.271
P542338 4.827 4.857 -5.288 0.657
P542339 4.444 4.181 -4.816 0.692
P542340 4.821 4.806 -4.992 0.445
P542341 4.762 4.603 -5.011 0.836
P542344 4.713 4.524 -5.032 1.249
P542347 4.723 4.513 -4.597 0.762
P542350 4.938 5.073 -5.342 0.566
P542352 4.561 4.656 -5.018 0.433
P542353 4.770 4.846 -5.114 0.520
P542354 4.838 4.525 -4.790 0.769
P542355 4.661 4.546 -5.301 1.059
P542356 4.416 4.318 -4.705 1.541
P542357 4.497 4.594 -5.249 1.987
P542360 4.948 4.886 -4.903 1.379
P542363 4.676 4.575 -5.493 0.794
P542366 4.700 4.628 -4.892 0.561
P542372 4.751 4.516 -5.390 2.109
P542379 4.513 4.443 -4.768 0.849
P542381 4.584 4.665 -4.611 0.613
P542382 4.654 4.458 -4.465 0.807
P542383 4.820 4.952 -5.155 0.581
P542385 4.428 4.354 -4.996 1.034
P542387 4.487 4.401 -4.526 1.845
P542389 4.469 4.589 -5.225 2.250
P542390 4.697 4.449 -4.803 1.034
P542391 4.873 4.978 -5.475 1.102
P542392 4.959 4.983 -5.233 0.864
P542393 4.673 4.748 -5.583 0.483
P542394 4.811 4.840 -5.317 0.533
P542395 4.819 4.652 -5.316 1.193
P542396 4.661 4.465 -4.982 1.450
P542399 4.719 4.429 -4.542 0.735
P542404 4.970 4.922 -5.363 0.603
P542407 4.981 5.001 -5.741 0.458
P542408 4.709 4.504 -4.618 0.819
P542409 4.638 4.677 -4.894 0.580
P542410 4.566 4.504 -5.244 0.454
P542412 4.586 4.201 -4.213 1.369
P542413 4.529 4.343 -4.968 0.875
P542414 5.012 4.970 -5.045 0.924
P542415 4.416 4.421 -5.056 1.502
P542416 4.598 4.248 -4.783 0.941
P542418 4.587 4.460 -5.605 0.975
P542422 4.683 4.874 -5.501 1.323
P542426 4.593 4.652 -5.478 2.300
P542430 4.593 4.552 -5.321 0.999
P542436 4.907 4.882 -4.714 0.703
P542438 4.673 4.565 -5.295 1.862
P542442 4.824 4.898 -5.169 0.689
P542446 4.768 4.643 -5.227 0.623
P542448 4.663 4.648 -5.260 1.117
P542452 4.655 4.695 -5.036 1.174
P542455 4.963 4.994 -5.481 0.475
P542459 4.801 4.599 -4.841 0.653
P542461 4.686 4.462 -5.188 1.477
P542471 4.667 4.374 -4.542 1.556
P542473 4.543 4.209 -3.957 1.411
P542478 4.696 4.434 -5.446 1.591
P542479 4.525 4.455 -5.153 2.292
P542481 4.930 4.880 -4.862 0.475
P542484 4.671 4.605 -4.901 1.289
P542486 4.587 4.774 -5.043 0.946
P542487 4.583 4.516 -5.068 1.056
P542489 4.869 4.855 -4.706 0.774
P542491 4.450 4.383 -5.306 1.297
P542494 4.474 4.142 -4.045 1.873
P542497 4.477 4.400 -4.743 0.624
P542499 4.985 5.071 -5.557 0.494
P542506 4.887 4.434 -5.083 2.226
P542508 4.629 4.683 -4.673 1.094
P542515 4.539 4.429 -5.147 0.765
P542519 4.634 4.183 -4.200 1.957
P542525 4.451 4.332 -5.022 1.064
P542532 4.475 4.420 -4.509 2.213
P542534 4.554 4.402 -5.392 1.281
P542538 4.494 4.090 -3.791 1.379
P542540 4.581 4.516 -5.262 0.923
P542543 4.880 4.862 -4.873 1.443
P542546 4.477 4.549 -4.610 2.297
P542550 4.553 4.439 -5.363 1.244
P542551 4.532 4.076 -3.869 1.334
P542554 4.748 4.863 -5.625 0.624
P542555 4.520 4.378 -4.942 0.888
P542556 4.512 4.426 -5.239 0.926
P542559 4.612 4.662 -5.191 0.712
P542561 4.538 4.446 -5.036 0.513
P542562 4.369 4.383 -5.011 0.612
P542564 4.328 4.241 -4.604 1.863
P542565 4.273 4.029 -4.662 0.892
P542566 4.829 4.787 -5.087 0.668
P542567 4.689 4.462 -5.112 0.932
P542568 4.460 4.467 -5.144 0.426
P542569 4.398 4.468 -5.209 0.873
P542570 4.599 4.487 -5.011 1.016
P542573 4.569 4.720 -4.881 0.540
P542574 4.713 4.667 -4.874 0.945
P542576 4.870 4.854 -4.671 0.713
P542579 4.489 4.355 -4.516 1.462
P542581 4.548 4.258 -4.505 0.661
P542583 4.823 4.894 -5.514 0.499
P542589 4.688 4.388 -5.072 2.930
P542590 4.805 4.833 -5.493 0.796
P542592 4.669 4.343 -4.705 0.695
P542600 4.760 4.849 -5.406 0.639
P542601 4.475 4.364 -5.003 1.015
P542603 4.388 4.395 -4.957 0.658
P542607 4.393 3.981 -4.027 1.383
P542610 4.303 4.257 -5.252 1.025
P542611 4.813 4.716 -5.047 1.203
P542613 4.523 4.404 -5.350 1.379
P542615 4.361 4.359 -4.997 1.309
P542623 4.338 3.963 -4.030 1.658
P542630 4.364 4.126 -4.617 0.886
P542634 4.786 4.804 -5.106 0.555
P542638 4.649 4.462 -4.860 0.464
P542640 4.466 4.777 -5.828 2.119
P542643 4.545 4.522 -5.125 1.405
P542647 4.484 4.483 -5.268 0.531
P542649 4.596 4.581 -4.669 0.965
P542652 4.996 4.932 -4.875 0.513
P542653 4.687 4.560 -5.196 0.780
P542659 4.815 4.852 -5.292 1.897
P542661 4.739 4.672 -5.456 0.718
P542664 4.602 4.441 -5.067 1.055
P542668 4.555 4.418 -4.438 2.124
P542669 4.731 4.465 -4.939 1.157
P542671 4.613 4.180 -4.321 1.550
P542677 4.940 5.016 -5.691 1.349
P542678 4.734 4.391 -4.726 0.883
P542680 4.689 4.532 -5.337 1.036
P542683 4.562 4.260 -5.003 2.077
P542691 4.785 4.499 -4.644 1.502
P542693 4.991 5.060 -5.550 0.510
P542696 4.542 4.541 -5.275 0.843
P542697 4.643 4.712 -5.338 0.494
P542698 4.676 4.565 -4.871 0.563
P542701 4.885 4.448 -4.897 2.397
P542704 4.608 4.810 -4.907 1.194
P542706 4.509 4.631 -5.203 2.254
P542714 4.605 4.158 -4.255 1.426
P542718 4.860 5.030 -5.317 0.776
P542719 4.546 4.261 -4.728 1.031
P542720 4.982 5.000 -5.287 0.386
P542721 4.848 4.687 -5.461 1.664
P542722 4.810 4.859 -5.353 0.811
P542723 4.779 4.624 -4.998 0.537
P542724 4.519 4.644 -5.149 1.113
P542725 4.690 4.725 -4.860 0.806
P542726 4.845 4.643 -4.977 1.438
P542727 4.953 4.943 -5.049 0.670
P542728 4.410 4.550 -4.879 2.246
P542729 4.570 4.188 -4.068 0.957
P542731 4.511 4.615 -5.295 0.366
P542733 4.452 4.423 -5.389 0.657
P542735 4.683 4.745 -5.166 0.408
P542737 4.348 4.092 -4.916 0.657
P542738 4.907 4.977 -5.488 0.547
P542739 4.827 4.699 -4.516 0.692
P542740 4.538 4.620 -4.938 0.302
P542742 4.547 4.227 -4.474 0.993
P542744 4.262 3.939 -4.100 0.885
P542745 4.378 4.035 -4.201 0.744
P542747 4.342 4.483 -4.742 0.503
P542748 4.569 4.311 -4.665 0.771
P542750 4.730 4.813 -5.546 0.432
P542752 4.352 4.318 -5.349 1.067
P542753 4.886 4.852 -5.223 0.271
P542754 4.391 4.395 -5.034 0.465
P542758 4.317 4.332 -5.146 0.279
P542760 4.808 4.868 -5.680 0.529
P542761 4.620 4.396 -4.792 0.789
P542762 4.475 4.598 -4.819 1.296
P542764 4.630 4.674 -5.544 1.674
P542766 4.632 4.218 -4.461 1.482
P542767 4.486 4.402 -4.262 0.896
P542768 4.855 4.802 -6.004 0.503
P542769 4.712 4.515 -5.280 0.866
P542770 4.537 4.615 -5.482 0.766
P542771 4.835 4.653 -5.363 0.715
P542772 4.407 4.395 -5.010 0.843
P542773 4.519 4.437 -5.678 1.212
P542774 4.761 4.652 -5.078 1.376
P542777 4.764 4.850 -5.160 0.753
P542779 4.634 4.553 -5.174 1.113
P542780 4.930 4.989 -5.112 1.158
P542782 4.627 4.614 -4.149 0.602
P542783 5.033 4.524 -5.997 2.036
P542784 4.838 4.751 -5.529 0.895
P542785 4.634 4.689 -5.703 1.412
P542786 4.925 4.706 -5.433 0.812
P542787 4.586 4.403 -5.176 0.824
P542788 4.489 3.951 -4.459 1.917
P542790 4.534 4.295 -4.645 0.820
P542791 5.228 5.293 -5.246 0.763
P542792 4.286 4.262 -4.787 0.602
P542793 4.687 4.546 -4.028 1.566
P542794 4.599 4.489 -5.204 1.112
P542795 4.661 4.658 -5.381 0.883
P542796 4.534 4.226 -4.967 1.046
P542797 4.297 4.441 -4.820 1.359
P542799 4.713 4.541 -5.607 0.787
P542801 4.469 4.582 -5.482 0.804
P542803 4.816 4.616 -5.101 0.504
P542804 4.587 4.289 -4.595 1.288
P542806 4.919 4.985 -6.627 1.128
P542808 4.544 4.334 -4.008 1.517
P542809 4.244 4.250 -5.118 0.932
P542811 4.955 5.163 -6.112 0.766
P542813 4.624 4.104 -4.217 1.183
P542817 4.522 4.568 -4.944 0.752
P542818 4.700 4.561 -4.980 1.481
P542820 4.916 5.038 -5.279 0.581
P542822 4.370 3.874 -4.583 1.764
P542823 4.612 4.438 -4.980 2.101
P542824 4.964 5.080 -6.056 0.760
P542825 4.588 4.223 -4.455 0.844
P542826 5.176 5.221 -5.283 1.140
P542827 4.647 4.579 -4.536 0.650
P542828 4.914 5.100 -6.170 0.760
P542829 4.533 4.168 -4.606 1.483
P542830 5.067 5.052 -4.985 0.857
P542831 4.462 4.406 -5.641 1.178
P542834 4.654 4.615 -5.222 0.561
P542837 4.169 3.940 -4.949 0.917
P542838 4.727 4.710 -5.257 1.103
P542839 4.670 4.724 -5.414 2.339
P542840 4.572 4.614 -4.878 0.822
P542841 4.651 4.532 -4.921 0.547
P542842 4.513 4.410 -5.210 1.430
P542843 4.573 4.433 -5.697 1.323
P542849 4.224 4.236 -4.809 0.890
P542852 5.183 5.191 -5.202 0.411
P542854 4.612 4.231 -4.446 1.261
P542858 5.008 5.149 -6.254 0.702
P542861 4.568 4.408 -4.972 1.883
P542862 4.544 4.584 -5.209 0.623
P542863 4.385 4.577 -5.592 1.900
P542864 4.692 4.709 -4.098 0.990
P542866 5.008 4.958 -6.015 0.582
P542868 4.292 4.285 -4.912 0.817
P542869 5.159 5.154 -4.981 0.920
P542871 4.663 4.341 -4.865 1.268
P542873 5.045 5.206 -6.124 0.585
P542874 4.643 4.483 -4.714 1.110
P542876 4.976 5.003 -5.407 0.494
P542882 4.872 4.622 -4.681 0.710
P542884 4.620 4.434 -5.092 1.335
P542891 4.518 4.376 -4.737 1.750
P542898 4.821 4.833 -5.030 0.988
P542900 4.626 4.578 -5.329 1.118
P542904 4.892 4.900 -4.976 0.533
P542907 4.413 4.499 -4.707 0.860
P542910 4.566 4.346 -4.920 0.879
P542913 4.414 4.373 -4.635 2.237
P542917 4.699 4.540 -4.062 1.271
P542918 4.990 4.884 -5.247 0.448
P542921 4.671 4.726 -5.531 0.735
P542922 4.949 4.876 -4.927 0.660
P542923 4.859 4.916 -5.461 0.804
P542924 4.820 4.563 -4.922 2.971
P542925 4.594 4.520 -4.691 0.966
P542926 4.631 4.553 -5.711 1.177
P542928 4.504 4.476 -4.825 0.682
P542930 4.481 4.141 -4.033 1.423
P542931 4.532 4.175 -4.670 0.946
P542932 4.643 4.661 -4.463 0.401
P542933 4.692 4.323 -4.566 1.508
P542934 5.150 5.133 -4.959 0.925
P542936 4.166 4.597 -5.971 1.869
P542937 4.625 4.533 -5.643 1.196
P542940 4.931 4.479 -5.356 1.888
P542941 5.034 5.146 -6.100 0.823
P542942 4.617 4.739 -5.444 1.381
P542944 4.955 4.755 -5.231 0.680
P542946 5.144 5.158 -6.269 1.527
P542948 4.696 4.522 -4.133 1.279
P542949 4.915 4.761 -4.556 1.908
P542952 4.895 4.567 -5.003 1.060
P542953 4.745 4.813 -5.093 2.217
P542957 4.683 4.454 -4.612 2.693
P542958 5.008 5.170 -6.044 0.769
P542960 4.628 4.278 -4.961 1.926
P542961 4.121 4.184 -4.639 1.054
P542962 4.628 4.534 -4.094 0.591
P542963 5.173 4.764 -4.005 2.113
P542964 4.997 4.653 -5.277 0.827
P542965 4.590 4.702 -5.618 1.518
P542966 4.924 4.612 -5.198 1.174
P542967 4.647 4.369 -5.016 1.043
P542969 4.367 4.677 -5.798 1.901
P542971 4.439 4.521 -5.399 0.491
P542973 4.447 4.348 -5.204 0.925
P542976 5.132 4.961 -5.209 0.530
P542978 4.671 4.654 -5.343 1.069
P542979 4.641 4.309 -4.447 0.855
P542980 5.220 5.285 -5.283 0.776
P542981 4.541 4.005 -4.482 2.003
P542982 4.362 4.543 -4.786 0.610
P542983 4.460 4.400 -5.163 1.152
P542984 4.477 4.223 -4.173 1.673
P542985 4.470 4.411 -4.855 0.772
P542987 4.761 4.923 -5.294 0.782
P542989 4.492 3.918 -4.702 2.507
P542993 4.991 4.812 -5.407 0.674
P542997 5.016 5.107 -6.562 1.097
P543000 4.636 4.281 -4.230 1.421
P543003 4.417 4.449 -4.560 0.593
P543004 4.706 4.716 -5.807 2.014
P543011 4.656 4.536 -5.597 1.095
P543014 4.961 4.783 -5.451 0.741
P543016 4.116 3.932 -5.045 0.719
P543018 4.689 4.754 -5.411 2.072
P543020 5.006 4.800 -5.400 0.624
P543024 4.699 4.877 -5.611 1.003
P543029 4.722 4.719 -5.763 0.636
P543031 4.748 4.699 -5.019 0.677
P543032 4.897 4.340 -4.759 2.038
P543034 4.681 4.572 -5.594 1.109
P543037 5.205 5.214 -4.983 0.828
P543042 4.699 4.369 -4.418 1.548
P543045 5.064 5.227 -6.127 0.773
P543049 4.670 4.411 -5.419 2.148
P543052 4.978 4.893 -4.915 0.680
P543054 4.691 4.584 -4.532 0.584
P543060 4.673 4.258 -4.375 1.482
P543062 5.260 5.256 -4.985 0.952
P543066 4.507 4.151 -4.858 2.643
P543072 5.060 5.212 -6.079 0.812
P543074 4.123 3.865 -3.866 1.804
P543076 4.570 4.717 -5.394 1.621
P543078 4.465 4.413 -5.229 0.758
P543080 4.730 4.737 -5.009 0.539
P543082 4.370 4.121 -4.694 0.622
P543084 4.354 3.966 -4.145 1.484
P543087 4.360 4.256 -4.884 0.757
P543089 4.157 3.846 -4.050 0.843
P543090 4.285 4.279 -4.896 0.709
P543092 4.536 4.512 -5.240 0.625
P543093 4.598 4.320 -5.281 1.015
P543095 4.754 4.895 -5.532 0.539
P543096 4.705 4.242 -4.689 1.726
P543097 4.420 4.563 -4.788 1.672
P543100 4.616 4.586 -4.143 0.901
P543101 4.968 4.693 -5.631 1.122
P543103 4.145 4.176 -4.945 0.897
P543104 5.037 4.941 -4.868 1.719
P543107 4.521 4.158 -4.495 1.711
P543108 4.644 4.710 -5.640 1.646
P543109 4.954 4.872 -5.431 0.823
P543110 5.030 4.981 -4.021 0.762
P543111 4.637 4.565 -4.084 1.597
P543112 4.906 5.019 -5.550 1.132
P543114 4.826 4.520 -4.635 1.532
P543116 4.631 4.774 -5.580 0.681
P543117 4.944 4.879 -5.519 0.792
P543119 4.456 4.388 -4.616 0.856
P543120 4.869 5.033 -6.041 0.789
P543123 4.627 4.755 -4.770 1.750
P543124 4.928 4.881 -5.329 0.758
P543128 4.180 4.294 -5.258 0.550
P543131 4.374 4.278 -5.138 1.170
P543133 4.551 4.695 -5.841 0.671
P543135 4.505 4.151 -4.790 1.693
P543137 4.525 4.474 -4.982 1.072
P543138 4.909 4.711 -5.229 0.604
P543141 4.561 4.651 -5.553 0.903
P543142 4.664 4.594 -5.707 0.500
P543143 4.808 4.251 -4.598 2.875
P543144 4.574 4.479 -5.639 1.156
P543146 4.212 4.235 -4.733 0.824
P543149 5.111 5.125 -5.099 0.559
P543151 4.611 4.175 -3.945 1.532
P543154 4.491 4.507 -4.756 0.379
P543156 5.042 5.174 -6.250 0.598
P543157 4.690 4.332 -4.458 1.747
P543158 5.125 5.210 -5.409 0.407
P543159 4.563 4.438 -4.718 1.044
P543161 4.966 5.096 -6.031 0.416
P543162 4.633 4.401 -5.548 2.283
P543163 4.902 4.703 -5.807 1.575
P543166 4.995 4.648 -5.374 0.648
P543170 4.996 4.815 -5.268 0.533
P543171 4.715 4.732 -5.443 0.739
P543177 5.014 4.717 -5.728 1.247
P543180 4.645 4.554 -5.738 1.144
P543184 5.557 4.931 -5.793 2.197
P543189 6.398 6.366 -7.679 0.304
P543191 6.307 6.266 -7.156 0.430
P543195 6.680 6.651 -7.504 0.269
P543197 6.606 6.547 -7.278 0.516
P543201 6.225 6.152 -5.006 0.949
P543202 4.554 4.315 -5.253 0.917
P543203 4.484 4.337 -5.191 0.750
P543204 4.238 4.411 -5.281 0.880
P543205 4.383 4.344 -5.362 1.025
P543206 4.435 4.311 -5.205 1.030
P543207 4.495 4.335 -5.205 0.741
P543208 4.403 4.221 -5.239 0.760
P543209 4.572 4.533 -5.489 1.175
P543210 4.549 4.455 -5.324 0.711
P543211 4.548 4.409 -5.319 0.731
P543212 4.571 4.540 -5.238 0.958
P543213 4.556 4.407 -5.301 0.936
P543214 4.549 4.442 -5.374 0.843
P543215 4.491 4.582 -6.290 0.977
P543216 4.561 4.409 -5.247 0.847
P543217 4.593 4.442 -5.395 1.479
P543218 4.142 4.838 -6.194 1.301
P543219 4.685 4.734 -4.955 0.736
P543220 4.493 4.346 -5.316 0.687
P543221 4.555 4.622 -5.505 0.889
P543222 4.476 4.368 -5.052 1.614
P543223 4.492 4.508 -5.453 2.181
P543224 4.156 4.750 -6.123 1.425
P543225 4.976 4.867 -5.521 0.857
P543226 4.588 4.593 -5.633 1.548
P543227 4.553 4.477 -5.357 0.992
P543229 4.396 4.369 -5.341 0.784
P543231 4.584 4.491 -5.192 1.329
P543232 4.428 4.289 -5.075 0.846
P543233 4.499 4.505 -5.401 1.084
P543234 4.549 4.618 -5.109 1.191
P543235 4.588 4.548 -5.089 1.020
P543236 4.508 4.444 -5.261 0.730
P543238 4.529 4.419 -5.242 0.715
P543239 4.651 4.759 -5.998 1.090
P543240 4.460 4.293 -5.101 0.791
P543241 4.592 4.726 -6.217 0.851
P543242 4.489 4.363 -5.308 0.730
P543243 4.513 4.459 -5.241 0.711
P543245 4.293 4.372 -5.004 1.297
P543246 4.334 4.351 -5.050 0.897
P543247 4.528 4.449 -5.114 1.185
P543248 4.566 4.406 -5.380 0.806
P543250 4.352 4.261 -5.287 0.768
P543251 4.346 4.371 -5.322 0.846
P543252 4.505 4.402 -5.114 1.149
P543254 4.557 4.472 -5.510 1.413
P543255 4.595 4.422 -5.036 0.816
P543256 4.616 4.413 -5.306 0.756
P543258 4.497 4.595 -5.161 0.452
P543259 4.556 4.481 -4.964 0.814
P543260 4.660 4.718 -4.741 0.561
P543261 4.456 4.339 -5.316 0.765
P543263 4.583 4.452 -5.349 0.715
P543264 4.621 4.753 -6.286 0.867
P543265 4.597 4.703 -6.295 0.795
P543266 4.847 4.929 -5.593 0.766
P543267 4.478 4.617 -6.317 0.976
P543268 4.942 5.056 -5.510 0.512
P543269 4.493 4.367 -5.107 0.878
P543270 4.664 4.631 -5.197 0.772
P543271 4.505 4.735 -5.498 0.703
P543272 4.616 4.418 -5.456 0.898
P543273 4.463 4.537 -5.078 0.374
P543274 4.966 4.983 -5.301 0.976
P543275 4.782 4.656 -5.786 1.047
P543276 4.626 4.789 -6.340 0.824
P543277 5.046 5.020 -5.476 0.557
P543278 4.678 4.803 -5.901 0.683
P543280 4.666 4.856 -5.570 0.716
P543281 4.524 4.454 -5.189 0.883
P543283 4.928 4.918 -5.668 0.611
P543284 4.661 4.467 -5.507 1.636
P543285 4.591 4.690 -6.489 0.788
P543286 4.953 5.071 -5.550 0.681
P543288 4.213 4.781 -5.732 0.872
P543289 4.611 4.512 -5.203 1.009
P543291 4.668 4.830 -6.159 1.098
P543292 4.661 4.623 -4.759 0.834
P543294 4.687 4.853 -6.435 0.888
P543295 5.126 5.140 -5.743 0.598
P543296 4.434 4.537 -3.936 0.767
P543297 4.567 4.688 -5.139 1.036
P543298 4.618 4.460 -5.427 0.811
P543300 4.485 4.690 -5.454 0.978
P543302 4.637 4.505 -5.354 0.814
P543303 4.651 4.694 -5.281 0.675
P543304 4.427 4.526 -5.076 1.143
P543305 4.416 4.205 -5.282 1.275
P543306 4.548 4.621 -6.105 0.438
P543308 4.502 4.417 -5.209 0.741
P543309 4.508 4.450 -6.508 0.661
P543310 4.658 4.528 -5.465 0.748
P543311 4.660 4.522 -5.277 0.847
P543313 4.649 4.589 -5.339 0.965
P543315 4.672 4.701 -5.083 0.598
P543316 4.491 4.694 -6.058 1.019
P543317 4.695 4.654 -5.143 1.052
P543318 4.681 4.604 -5.459 1.794
P543320 4.472 4.800 -6.225 1.641
P543321 5.012 5.073 -5.713 0.558
P543322 4.657 4.842 -6.100 0.839
P543324 4.295 4.881 -6.353 1.351
P543325 4.312 4.895 -6.447 1.511
P543327 4.792 4.645 -4.812 1.181
P543328 4.555 4.557 -5.550 1.816
P543330 4.657 4.850 -6.410 0.858
P543331 4.639 4.627 -5.026 0.695
P543332 4.703 4.841 -6.173 1.010
P543333 4.696 4.819 -6.478 0.799
P543334 4.693 4.492 -5.364 1.122
P543335 4.514 4.520 -5.005 0.374
P543337 4.695 4.648 -4.984 1.294
P543338 4.579 4.499 -5.079 0.806
P543339 4.936 4.970 -6.306 0.816
P543340 4.217 4.740 -5.776 1.742
P543341 4.053 4.676 -6.068 1.557
P543342 4.949 4.894 -5.433 0.576
P543343 4.543 4.422 -5.187 0.743
P543345 4.554 4.412 -5.042 0.753
P543346 4.671 4.650 -5.268 0.799
P543347 4.649 4.535 -5.501 1.196
P543348 4.022 4.511 -5.780 0.781
P543349 4.602 4.662 -5.644 0.697
P543350 4.579 4.822 -6.163 0.987
P543351 4.273 4.769 -6.105 0.941
P543353 5.015 4.976 -5.697 0.561
P543354 4.609 4.490 -5.580 1.236
P543356 4.660 4.663 -5.503 1.639
P543358 4.583 4.505 -5.434 1.110
P543360 4.558 4.547 -5.696 1.781
P543361 4.699 4.613 -4.952 0.807
P543362 4.687 4.823 -6.082 0.550
P543364 4.589 4.460 -5.368 1.502
P543365 4.606 4.883 -6.224 1.509
P543366 4.617 4.605 -4.948 1.839
P543368 4.688 4.538 -5.054 0.912
P543369 4.790 4.821 -5.369 1.005
P543371 4.224 4.808 -6.288 1.467
P543372 4.654 4.819 -6.416 0.885
P543373 5.029 5.067 -5.704 0.544
P543374 5.076 5.080 -5.709 0.631
P543375 4.643 4.718 -5.820 2.000
P543378 4.652 4.727 -5.809 2.137
P543380 4.665 4.870 -5.692 0.942
P543382 4.235 4.759 -6.392 1.337
P543383 4.568 4.521 -5.239 1.108
P543385 4.758 4.814 -6.190 0.458
P543386 4.893 4.938 -6.155 0.352
P543387 4.629 4.905 -5.974 1.441
P543388 5.127 5.108 -5.804 0.463
P543389 4.655 4.734 -6.071 0.889
P543390 4.750 5.022 -5.961 0.835
P543391 4.954 4.980 -6.448 0.926
P543392 4.738 4.936 -6.270 0.559
P543393 5.104 4.714 -5.654 1.290
P543394 4.965 4.975 -6.206 0.906
P543395 4.805 5.075 -6.073 1.820
P543396 5.037 4.984 -5.944 0.485
P543397 4.587 4.891 -6.137 1.795
P543398 4.806 4.753 -5.056 1.678
P543399 4.427 4.900 -6.107 1.389
P543400 4.702 5.048 -6.262 2.104
P543401 4.902 5.061 -6.298 0.782
P543402 4.809 4.811 -6.630 0.384
P543403 4.766 4.879 -6.312 0.414
P543404 4.961 4.983 -6.046 0.727
P543405 4.766 4.804 -5.188 1.003
P543406 3.965 4.404 -4.216 1.142
P543408 4.874 5.147 -5.968 1.935
P543409 4.752 4.747 -6.459 0.795
P543410 4.574 4.541 -6.251 0.893
P543411 4.669 5.001 -6.040 0.898
P543412 4.901 5.010 -6.382 0.885
P543413 4.473 4.874 -6.120 1.153
P543414 3.893 4.461 -3.727 0.855
P543416 4.997 4.931 -6.012 0.991
P543417 4.543 4.467 -4.505 0.644
P543418 4.657 4.773 -6.675 0.743
P543419 4.910 4.976 -6.147 0.695
P543420 4.889 4.977 -6.472 1.043
P543421 5.120 5.048 -6.022 1.063
P543422 4.763 4.918 -6.210 0.905
P543423 5.015 5.129 -6.611 0.736
P543424 4.787 4.916 -6.654 0.559
P543425 5.099 5.070 -4.763 0.348
P543426 4.795 4.855 -6.227 0.905
P543427 5.097 5.057 -6.032 1.068
P543428 4.915 4.974 -6.567 0.905
P543429 4.921 4.909 -6.192 0.816
P543430 4.717 4.717 -5.715 1.166
P543431 4.523 4.912 -5.970 1.110
P543432 4.847 4.879 -6.112 0.311
P543433 3.966 4.478 -5.820 1.964
P543434 4.964 4.958 -6.270 1.081
P543435 4.742 4.881 -6.328 0.628
P543436 4.362 4.337 -4.709 0.647
P543437 4.496 4.759 -5.921 1.462
P543438 4.105 4.842 -4.372 1.072
P543440 4.800 4.954 -6.737 0.827
P543441 4.941 4.814 -6.453 0.889
P543442 4.757 5.035 -6.375 1.769
P543443 4.820 4.899 -6.281 0.728
P543444 4.930 4.937 -6.440 0.400
P543445 5.186 5.088 -5.995 0.800
P543446 4.997 4.847 -5.567 1.505
P543447 4.426 4.924 -6.205 1.385
P543448 4.956 5.133 -5.992 2.412
P543449 4.792 4.801 -6.207 0.776
P543450 4.598 4.932 -5.899 1.344
P543451 4.534 4.491 -4.632 0.785
P543452 3.917 4.640 -5.639 1.558
P543453 4.650 4.653 -6.199 0.462
P543455 5.203 4.993 -6.127 1.060
P543456 4.757 4.809 -6.071 0.314
P543457 4.753 4.908 -6.226 0.528
P543458 4.912 4.954 -6.589 1.124
P543459 4.576 5.085 -6.122 1.125
P543460 5.080 5.083 -5.927 0.853
P543461 4.931 5.027 -6.340 0.875
P543462 4.690 5.042 -6.097 0.998
P543463 4.770 4.911 -6.371 1.524
P543464 4.786 4.852 -6.496 0.920
P543465 4.804 4.939 -6.676 0.796
P543466 4.675 4.844 -6.417 1.275
P543467 4.886 4.890 -5.957 0.717
P543468 4.791 4.777 -6.371 0.353
P543469 5.027 4.978 -6.254 0.919
P543470 4.676 4.789 -6.652 0.714
P543471 3.995 4.587 -5.768 1.409
P543472 4.662 4.675 -6.089 0.328
P543473 4.641 5.001 -5.857 1.183
P543474 4.557 4.630 -6.667 0.870
P543475 4.809 4.868 -6.219 0.464
P543476 4.991 4.914 -5.918 1.037
P543477 4.803 4.839 -5.950 0.740
P543478 5.140 4.988 -6.223 1.491
P543479 4.787 4.890 -6.655 0.376
P543480 4.645 4.678 -5.135 0.637
P543481 4.812 4.891 -6.303 0.981
P543482 5.140 5.177 -5.412 0.957
P543483 4.935 4.912 -5.889 0.371
P543484 4.859 4.832 -6.130 0.850
P543485 4.195 4.596 -6.423 2.156
P543486 4.790 4.925 -6.754 0.820
P543487 4.259 4.308 -4.435 2.557
P543488 4.653 4.885 -5.991 1.587
P543489 3.786 4.509 -5.638 1.488
P543490 4.069 4.453 -4.193 1.060
P543492 4.597 4.482 -5.464 0.903
P543493 4.625 4.855 -5.944 2.064
P543494 4.268 4.814 -6.224 1.672
P543497 4.838 4.890 -4.826 0.386
P543498 4.990 5.116 -6.654 1.137
P543499 4.903 5.033 -6.827 0.354
P543501 4.798 4.897 -6.751 0.703
P543502 4.757 4.875 -6.516 0.731
P543503 4.423 4.884 -5.938 1.794
P543504 4.609 4.614 -4.806 0.672
P543506 4.802 4.988 -5.966 1.348
P543508 5.094 5.102 -6.265 0.794
P543509 4.837 4.893 -6.164 0.245
P543510 4.667 4.821 -6.457 0.960
P543511 5.063 5.218 -6.606 0.815
P543513 5.124 5.175 -6.433 0.730
P543514 4.858 5.171 -6.397 2.199
P543516 4.860 5.064 -6.632 1.140
P543517 5.113 5.048 -5.775 1.226
P543519 4.976 5.008 -6.375 0.483
P543520 4.830 4.871 -6.627 0.730
P543521 4.750 4.878 -6.870 0.550
P543523 4.684 5.090 -6.766 1.898
P543524 4.766 4.598 -5.551 1.143
P543525 5.075 5.079 -6.306 0.688
P543526 4.877 5.002 -6.447 0.610
P543527 4.916 4.888 -5.721 1.031
P543528 4.327 4.344 -4.027 2.110
P543529 4.837 4.928 -6.509 0.408
P543530 4.065 4.879 -4.399 1.728
P543532 5.179 5.095 -6.279 1.302
P543533 4.788 4.906 -6.457 0.519
P543534 4.586 4.859 -5.904 0.520
P543535 4.665 4.754 -6.242 0.293
P543536 4.892 5.005 -6.408 0.611
P543537 4.714 5.038 -6.091 1.135
P543538 4.711 4.787 -6.194 0.750
P543539 4.932 4.997 -6.427 0.417
P543540 4.756 4.881 -6.122 0.523
P543541 4.919 4.931 -5.977 0.886
P543542 4.793 4.939 -6.264 0.550
P543543 4.816 5.159 -6.121 1.074
P543544 4.950 5.153 -6.423 2.258
P543546 4.797 4.953 -6.107 1.632
P543547 4.872 4.974 -6.882 0.835
P543549 4.890 5.018 -6.934 0.487
P543553 4.252 4.928 -4.546 0.963
P543554 4.540 4.636 -5.466 0.489
P543555 4.799 5.137 -6.345 1.070
P543556 5.059 5.189 -6.631 0.832
P543557 4.731 4.919 -6.760 0.961
P543558 5.195 5.062 -5.247 0.850
P543559 4.746 4.921 -6.176 0.885
P543561 4.996 4.992 -6.645 0.574
P543562 4.956 5.074 -6.782 0.384
P543563 5.104 5.236 -6.883 0.764
P543564 5.270 5.125 -6.661 0.857
P543566 4.695 5.000 -6.436 1.750
P543567 4.802 4.944 -6.215 1.728
P543568 5.121 5.090 -5.775 1.142
P543569 4.941 4.983 -6.260 0.353
P543572 4.569 4.958 -6.089 1.473
P543573 4.849 4.820 -5.523 1.182
P543575 4.826 4.870 -6.197 0.284
P543576 5.007 5.181 -6.304 1.847
P543577 4.749 4.843 -6.069 0.431
P543578 4.063 4.522 -5.552 1.344
P543579 5.219 5.191 -6.237 0.852
P543580 4.917 4.809 -6.670 0.925
P543581 4.993 5.227 -6.134 1.794
P543582 4.651 4.802 -6.382 0.849
P543583 4.638 4.765 -6.482 0.736
P543584 4.803 5.022 -6.154 1.017
P543585 4.888 4.860 -5.802 0.890
P543586 5.118 4.800 -5.123 1.579
P543587 4.556 4.877 -6.102 1.161
P543588 4.803 4.907 -6.261 0.734
P543589 4.759 4.932 -6.162 0.805
P543590 5.042 4.989 -5.729 0.977
P543591 4.869 5.022 -6.454 1.299
P543592 4.919 5.052 -6.287 0.607
P543593 5.159 5.133 -4.775 0.220
P543595 4.854 5.104 -5.806 1.324
P543596 4.907 5.019 -6.409 0.594
P543597 4.608 4.603 -4.584 0.420
P543599 4.825 4.874 -6.202 0.468
P543601 4.853 4.800 -6.300 1.304
P543602 4.969 5.094 -6.332 0.739
P543603 4.985 5.155 -6.467 0.792
P543604 5.276 5.268 -6.044 0.437
P543607 4.622 5.098 -6.577 2.327
P543608 5.234 5.123 -4.337 0.717
P543609 4.397 4.868 -5.855 1.343
P543610 4.971 5.023 -6.407 0.425
P543611 4.921 4.969 -6.242 0.570
P543612 4.650 4.847 -6.479 0.879
P543613 5.019 4.820 -5.624 0.570
P543614 4.925 4.947 -6.279 1.084
P543615 4.767 4.861 -6.168 0.460
P543616 4.899 5.067 -6.468 0.493
P543618 4.690 5.003 -5.882 0.544
P543619 5.119 4.989 -5.672 1.421
P543620 4.849 4.925 -6.143 1.515
P543621 4.692 4.863 -6.027 1.270
P543622 5.063 5.067 -6.081 1.074
P543623 5.299 5.251 -5.623 1.629
P543624 4.864 4.812 -6.230 0.612
P543625 5.021 5.190 -6.207 0.884
P543626 4.923 5.009 -6.138 0.447
P543627 4.806 4.939 -5.440 0.767
P543629 4.884 4.905 -6.055 1.610
P543631 4.508 4.427 -4.505 2.388
P543632 4.894 5.044 -6.842 0.651
P543636 4.853 5.233 -6.669 1.757
P543637 5.143 4.972 -6.447 1.041
P543638 4.976 5.071 -6.758 0.592
P543639 4.696 4.795 -5.874 0.780
P543640 5.059 4.824 -6.507 1.037
P543641 5.081 5.275 -6.187 1.677
P543642 5.011 4.984 -5.488 0.743
P543643 5.049 5.035 -5.971 0.320
P543644 4.704 4.593 -5.390 0.464
P543645 5.305 5.172 -5.848 1.014
P543646 4.976 4.962 -6.636 0.623
P543647 5.214 5.221 -6.097 0.595
P543648 5.090 5.018 -6.004 0.992
P543649 4.662 4.730 -5.894 0.947
P543650 4.950 5.043 -5.946 0.846
P543651 4.939 5.122 -6.290 1.075
P543652 5.321 5.264 -5.811 0.661
P543653 5.142 5.144 -5.672 0.713
P543654 4.515 4.567 -4.219 0.452
P543655 4.731 4.935 -6.670 0.822
P543656 4.712 4.968 -5.836 0.850
P543657 5.195 5.258 -6.346 1.137
P543659 4.884 5.013 -6.153 0.571
P543660 5.111 5.072 -6.040 0.379
P543661 5.177 5.076 -6.331 1.123
P543662 5.112 4.870 -6.439 1.466
P543664 4.727 4.864 -6.171 0.815
P543665 4.410 4.428 -4.503 0.637
P543666 4.687 4.803 -5.748 1.159
P543667 4.909 4.971 -6.017 1.014
P543668 5.137 5.128 -6.384 0.557
P543669 4.988 4.951 -4.273 0.551
P543670 4.950 4.952 -5.610 1.274
P543671 4.881 4.962 -6.191 0.824
P543672 4.899 4.922 -5.858 0.497
P543673 5.101 5.057 -4.565 0.229
P543675 5.279 5.143 -6.690 0.809
P543676 5.223 5.203 -6.449 0.529
P543677 4.966 5.039 -6.578 0.438
P543678 4.927 5.027 -6.857 0.434
P543679 4.601 4.891 -5.741 1.750
P543680 4.884 5.278 -6.678 1.234
P543682 4.978 5.165 -6.532 0.773
P543684 5.055 5.000 -5.059 1.334
P543686 5.149 5.023 -6.168 1.156
P543687 4.907 5.031 -6.428 0.492
P543689 4.915 5.004 -6.394 0.449
P543690 5.340 5.194 -6.240 1.142
P543691 4.891 4.954 -6.018 1.278
P543693 5.261 5.013 -5.576 0.748
P543694 4.721 4.887 -6.175 1.621
P543695 4.780 4.879 -6.603 0.744
P543696 4.190 4.870 -5.779 1.347
P543698 4.896 5.015 -6.428 0.553
P543699 4.824 4.914 -6.726 0.471
P543700 5.091 5.094 -6.508 1.058
P543701 4.820 4.844 -6.849 0.551
P543702 4.247 4.859 -5.994 1.467
P543703 4.941 4.944 -5.985 0.207
P543705 4.606 5.034 -6.279 1.344
P543706 4.849 5.128 -6.079 1.980
P543708 4.807 4.897 -6.740 0.837
P543709 4.990 4.897 -6.509 0.899
P543710 4.492 4.892 -5.975 1.237
P543711 4.739 4.854 -5.836 0.564
P543713 5.214 5.129 -5.559 1.116
P543714 4.452 4.749 -5.180 1.172
P543715 4.502 4.947 -5.774 1.484
P543716 4.676 4.828 -6.403 0.630
P543717 4.116 4.542 -5.538 1.471
P543718 5.091 4.981 -6.529 0.675
P543719 5.174 5.125 -6.003 0.767
P543720 4.606 4.970 -6.213 1.164
P543721 4.784 4.976 -6.099 1.578
P543722 4.892 5.004 -6.822 0.627
P543723 4.922 5.066 -6.566 0.525
P543724 4.920 4.952 -6.216 0.570
P543725 4.075 4.658 -4.138 1.119
P543727 4.832 4.936 -5.914 0.535
P543728 4.882 4.824 -6.199 0.921
P543729 4.794 4.968 -5.963 1.796
P543730 5.033 5.124 -6.630 0.947
P543731 4.855 4.998 -6.824 0.423
P543734 4.905 5.028 -6.491 0.550
P543735 4.816 4.933 -6.054 1.364
P543736 4.877 4.967 -6.915 0.719
P543737 4.905 5.004 -6.385 0.379
P543738 4.835 5.012 -6.282 1.104
P543740 4.432 5.000 -6.482 1.441
P543742 4.966 5.196 -5.584 0.901
P543743 4.603 5.010 -6.341 1.624
P543744 4.902 5.021 -6.408 0.463
P543745 4.897 5.053 -6.476 0.500
P543746 5.083 5.149 -6.066 0.733
P543747 5.087 5.098 -6.076 0.454
P543748 4.754 4.672 -5.280 2.411
P543749 4.707 4.914 -6.759 0.681
P543750 4.992 5.134 -6.776 1.285
P543751 4.657 4.875 -6.280 1.017
P543752 5.333 5.217 -6.049 0.743
P543753 5.252 5.276 -6.065 0.819
P543754 5.141 5.151 -6.034 0.830
P543755 4.570 4.664 -4.954 1.617
P543757 4.761 4.884 -6.235 0.951
P543758 5.086 5.051 -5.997 0.740
P543759 4.940 4.933 -5.799 1.212
P543760 4.707 4.852 -6.073 1.450
P543761 4.824 4.916 -6.645 0.688
P543762 4.774 4.923 -6.902 0.766
P543764 4.802 4.905 -6.580 0.646
P543765 4.862 4.786 -5.171 1.659
P543766 4.862 5.018 -6.707 0.932
P543767 4.623 4.745 -6.828 0.724
P543768 4.823 5.091 -6.027 1.920
P543769 4.792 4.882 -6.359 0.409
P543770 4.970 4.993 -6.342 0.679
P543771 4.742 4.776 -6.233 0.239
P543772 4.913 5.078 -6.625 0.977
P543773 4.555 4.986 -6.827 2.055
P543774 5.045 4.997 -6.611 1.089
P543775 5.105 5.127 -6.257 0.920
P543776 4.552 4.695 -6.267 1.080
P543777 4.560 4.210 -5.627 2.626
P543778 4.691 4.554 -5.555 0.854
P543779 4.953 4.914 -6.007 0.301
P543780 4.342 4.419 -5.505 2.312
P543781 5.185 5.116 -5.666 0.726
P543782 4.896 4.918 -6.438 0.805
P543783 4.921 5.112 -6.428 1.274
P543784 5.058 5.063 -6.218 0.513
P543785 5.031 5.048 -6.553 0.579
P543786 4.913 4.948 -6.439 0.367
P543787 4.955 4.978 -6.379 0.508
P543788 4.847 4.971 -6.462 0.799
P543789 4.090 5.001 -4.444 1.919
P543791 5.107 4.980 -6.506 1.155
P543792 4.763 5.177 -6.909 2.296
P543793 4.986 5.115 -6.852 0.590
P543794 5.100 5.191 -6.288 0.466
P543795 5.038 4.934 -6.277 0.883
P543796 5.121 5.085 -5.937 0.380
P543797 5.403 5.235 -6.410 1.599
P543798 5.111 4.881 -6.486 1.067
P543799 5.226 4.950 -5.554 1.017
P543802 4.529 5.042 -6.555 1.270
P543804 5.181 5.188 -5.844 0.676
P543805 4.696 4.767 -6.352 0.426
P543806 4.759 4.844 -6.904 0.469
P543807 4.954 4.965 -6.420 0.522
P543808 4.801 4.858 -6.798 0.531
P543809 5.003 4.980 -6.466 0.515
P543810 4.979 4.846 -5.310 1.138
P543811 4.506 4.976 -6.519 1.270
P543812 4.968 5.033 -5.537 0.384
P543813 5.028 5.062 -6.245 0.882
P543814 4.967 5.076 -6.588 0.547
P543815 4.927 5.008 -6.548 0.622
P543816 5.017 5.058 -6.364 1.106
P543817 5.024 5.154 -6.728 0.640
P543818 4.474 4.545 -6.599 0.407
P543819 4.768 4.899 -6.395 0.634
P543820 4.763 4.902 -6.510 0.852
P543821 4.598 4.902 -6.275 0.792
P543822 4.864 4.784 -6.210 1.021
P543823 4.758 4.745 -6.233 0.983
P543824 4.129 4.582 -6.782 2.186
P543825 4.459 4.355 -6.259 0.946
P543826 3.895 4.430 -4.537 1.288
P543828 4.825 4.865 -6.608 0.744
P543829 4.812 4.954 -6.670 0.680
P543831 4.842 4.953 -6.828 0.606
P543834 4.141 4.803 -4.497 1.260
P543836 4.887 4.692 -5.658 1.268
P543837 4.501 4.887 -5.744 1.365
P543838 4.847 4.934 -5.946 0.608
P543839 4.947 5.044 -5.393 1.233
P543840 4.724 4.745 -6.101 2.133
P543841 5.205 5.215 -6.507 0.961
P543842 5.046 4.994 -5.835 0.467
P543843 4.969 4.961 -6.345 0.575
P543844 4.993 4.965 -6.081 0.876
P543846 4.878 4.790 -5.134 1.412
P543848 4.838 4.937 -6.421 0.644
P543850 5.070 5.027 -6.440 0.972
P543851 4.835 4.693 -5.520 1.691
P543853 4.623 4.881 -6.944 1.597
P543854 5.071 5.181 -6.355 0.592
P543856 4.535 5.059 -6.044 1.383
P543858 4.876 5.108 -6.133 1.562
P543859 4.543 4.915 -6.263 1.661
P543861 4.384 4.877 -4.068 1.024
P543863 4.889 4.989 -6.545 0.674
P543864 4.843 5.007 -6.538 0.704
P543865 5.130 5.155 -5.785 0.634
P543866 4.721 4.927 -6.395 0.627
P543867 4.763 5.109 -6.172 0.916
P543868 4.539 4.720 -5.308 1.223
P543869 4.841 5.130 -5.637 1.671
P543870 4.529 4.769 -5.698 1.156
P543871 5.071 5.008 -5.376 1.256
P543872 4.890 4.937 -5.933 1.649
P543873 4.799 4.911 -6.406 1.143
P543874 5.036 5.066 -6.027 0.833
P543875 4.750 5.025 -5.769 1.693
P543876 4.451 4.903 -6.264 0.934
P543877 4.609 4.964 -6.053 1.330
P543878 4.806 5.139 -5.670 1.323
P543879 5.069 5.174 -6.196 0.953
P543880 4.874 5.105 -5.903 1.070
P543881 4.794 4.801 -5.669 0.862
P543882 4.861 4.898 -5.965 0.417
P543884 4.824 5.163 -6.695 1.841
P543886 5.162 5.039 -5.732 0.903
P543887 5.218 5.088 -6.646 0.928
P543888 5.355 5.258 -6.473 0.565
P543889 4.833 4.981 -6.517 0.478
P543890 5.043 4.926 -6.331 0.912
P543891 4.970 5.100 -6.251 1.976
P543892 4.825 4.953 -6.478 0.484
P543893 5.010 5.017 -6.320 0.934
P543894 4.718 4.658 -5.594 1.101
P543895 4.763 4.820 -6.229 0.274
P543896 4.788 5.069 -6.799 2.004
P543897 4.957 4.999 -6.747 0.331
P543898 4.799 5.088 -6.659 1.675
P543899 4.920 4.981 -7.054 0.349
P543900 5.087 5.119 -5.919 0.533
P543901 4.390 4.508 -4.253 1.860
P543902 3.957 4.789 -5.495 1.560
P543904 4.833 5.151 -6.469 1.796
P543905 4.683 4.878 -6.696 0.666
P543906 5.058 5.133 -6.210 0.723
P543907 4.590 4.974 -6.019 1.262
P543908 5.231 5.230 -5.927 0.440
P543909 4.952 5.101 -6.320 1.021
P543910 5.126 5.098 -6.263 1.503
P543911 4.769 4.953 -6.509 1.190
P543912 5.022 4.760 -5.474 1.199
P543913 4.949 5.032 -6.070 0.491
P543914 4.271 4.427 -4.450 1.828
P543915 4.794 4.918 -6.833 0.402
P543916 5.105 5.055 -4.807 0.225
P543918 4.773 5.003 -6.210 2.399
P543919 4.937 4.946 -6.240 0.471
P543920 5.031 5.085 -6.495 0.358
P543921 4.933 4.946 -6.009 0.742
P543922 4.662 4.722 -5.866 0.301
P543923 4.595 4.761 -6.317 0.845
P543924 4.779 4.973 -6.220 1.083
P543925 5.060 4.934 -5.871 0.750
P543926 4.607 4.808 -6.084 1.946
P543927 4.590 5.006 -6.270 1.246
P543928 4.883 5.134 -6.038 1.597
P543929 4.765 4.754 -5.322 1.566
P543930 4.901 4.714 -6.430 0.855
P543931 5.214 5.287 -6.796 1.264
P543932 4.838 4.885 -6.589 0.369
P543933 4.754 4.884 -6.584 0.405
P543935 4.523 4.561 -5.271 1.645
P543936 4.733 4.918 -6.599 1.065
P543938 5.058 5.143 -5.732 0.575
P543939 4.933 4.929 -5.908 0.917
P543940 4.818 5.099 -5.841 0.900
P543941 4.940 5.128 -6.244 0.979
P543942 5.162 5.090 -5.989 1.248
P543943 4.777 5.157 -6.176 1.586
P543944 5.018 5.075 -6.089 0.919
P543945 5.085 5.061 -6.407 0.946
P543946 5.062 5.152 -6.280 0.873
P543947 4.120 4.467 -4.135 0.649
P543950 4.660 4.823 -6.221 0.781
P543951 4.901 5.085 -6.432 0.767
P543952 4.717 4.936 -6.140 1.051
P543953 4.767 4.932 -6.477 1.124
P543954 5.168 5.062 -5.719 1.831
P543955 4.678 4.915 -6.059 1.194
P543956 4.702 4.883 -6.375 0.899
P543957 4.569 4.803 -5.853 1.350
P543958 4.623 4.801 -6.554 0.729
P543959 4.728 4.786 -6.373 0.639
P543961 4.649 4.769 -6.181 0.577
P543962 4.545 4.693 -6.171 0.820
P543963 4.497 4.982 -5.978 1.400
P543964 4.704 4.945 -6.155 1.099
P543965 4.795 4.885 -6.572 0.792
P543966 5.027 5.145 -6.595 0.516
P543967 5.102 5.156 -6.457 0.568
P543968 4.899 4.980 -6.987 0.424
P543969 4.994 4.996 -5.865 0.457
P543970 5.175 5.055 -6.317 0.836
P543971 4.395 4.789 -5.363 1.471
P543972 5.178 5.216 -6.604 1.144
P543973 4.711 4.665 -5.750 0.659
P543974 5.090 5.141 -5.632 0.540
P543975 5.010 5.011 -6.107 1.110
P543976 4.897 4.872 -5.993 0.496
P543977 4.935 4.990 -6.214 0.382
P543978 4.849 4.889 -6.285 0.472
P543979 4.769 4.872 -6.090 0.316
P543980 4.742 4.874 -6.627 0.808
P543981 4.926 5.120 -6.599 0.964
P543982 5.150 5.058 -6.227 1.059
P543983 4.863 4.910 -5.713 1.477
P543984 4.971 4.813 -6.285 1.042
P543985 4.931 4.682 -5.835 0.850
P543986 5.061 5.067 -5.356 0.388
P543987 4.815 4.937 -6.496 1.238
P543988 4.861 5.008 -6.518 0.498
P543989 4.897 4.993 -6.224 0.560
P543990 4.904 4.886 -6.296 0.359
P543991 4.708 4.825 -6.337 0.754
P543993 5.108 5.040 -6.385 0.879
P543994 4.657 4.876 -6.072 0.819
P543996 4.642 4.810 -6.795 0.909
P543998 4.868 5.058 -6.219 1.062
P543999 4.661 4.741 -6.266 0.478
P544001 4.933 5.014 -6.772 0.527
P544002 4.414 4.837 -6.225 1.245
P544005 4.798 4.896 -6.310 1.927
P544006 4.309 4.558 -4.716 1.081
P544007 4.696 4.865 -6.117 0.827
P544008 4.620 4.949 -5.628 0.824
P544009 4.972 5.041 -6.268 0.456
P544010 5.087 5.057 -5.982 0.485
P544011 5.122 5.171 -6.541 0.419
P544012 4.978 4.931 -6.074 2.133
P544013 4.740 4.956 -6.174 1.056
P544015 4.766 4.767 -4.946 1.432
P544016 5.017 5.073 -6.735 0.468
P544017 4.780 5.094 -7.000 1.839
P544018 4.742 5.022 -6.299 1.819
P544019 4.998 5.002 -5.811 1.288
P544020 4.865 4.877 -6.504 0.785
P544021 5.019 5.205 -6.419 1.064
P544022 4.945 5.095 -6.399 1.223
P544023 5.143 5.143 -5.785 0.932
P544024 4.879 5.028 -6.015 1.124
P544025 4.734 4.958 -5.734 1.713
P544026 4.823 4.953 -6.587 0.714
P544027 4.940 4.933 -5.835 0.347
P544028 4.817 5.239 -6.417 1.909
P544029 4.781 5.019 -6.662 1.277
P544030 5.184 5.155 -6.038 1.015
P544033 4.716 4.922 -6.087 1.878
P544034 4.305 4.478 -4.553 2.218
P544037 4.861 4.994 -6.264 0.607
P544038 4.079 4.889 -4.575 1.641
P544042 4.670 5.269 -5.977 1.546
P544043 4.650 4.823 -6.530 1.197
P544044 4.555 4.589 -5.090 2.145
P544045 5.371 5.348 -5.852 0.595
P544046 4.908 5.020 -6.580 2.300
P544047 4.742 5.052 -5.778 1.250
P544049 4.880 4.982 -6.442 0.504
P544051 5.103 5.048 -6.200 0.785
P544052 4.802 4.837 -6.141 0.272
P544054 4.775 4.793 -6.579 0.782
P544055 5.100 5.149 -6.371 0.904
P544057 4.522 5.067 -6.752 1.948
P544058 5.059 5.044 -5.703 0.460
P544059 4.686 4.758 -5.039 0.453
P544060 4.801 5.126 -6.318 2.371
P544063 4.778 4.855 -6.443 0.470
P544064 4.726 4.824 -6.902 0.500
P544066 4.753 4.859 -6.573 0.679
P544068 4.882 4.852 -6.408 0.961
P544069 4.958 5.000 -6.149 1.221
P544070 4.853 4.967 -6.188 0.650
P544072 4.585 4.772 -6.273 0.865
P544073 4.961 5.050 -5.721 0.385
P544074 5.189 5.154 -5.615 0.737
P544075 4.877 4.956 -6.105 0.507
P544076 4.986 5.040 -6.048 0.912
P544077 5.001 5.054 -5.772 0.673
P544078 4.664 4.848 -6.558 0.969
P544080 4.931 4.945 -6.233 0.829
P544081 4.962 4.714 -5.295 1.934
P544082 4.788 4.999 -6.364 1.299
P544084 4.258 4.799 -6.046 1.468
P544085 4.858 4.743 -5.846 1.488
P544086 4.878 5.243 -6.829 1.541
P544089 4.931 5.029 -6.300 0.417
P544090 4.931 4.973 -5.267 0.996
P544091 5.012 5.077 -6.683 0.706
P544092 4.920 4.888 -4.728 0.833
P544093 5.055 5.027 -5.562 0.680
P544094 4.969 5.079 -5.357 0.966
P544095 4.941 5.160 -6.353 1.144
P544096 4.942 4.843 -4.033 0.644
P544097 4.771 5.111 -5.770 1.197
P544098 4.701 4.838 -6.210 1.086
P544100 4.820 4.955 -6.158 2.040
P544102 4.761 4.912 -6.737 0.783
P544103 4.130 4.557 -5.843 1.520
P544104 4.843 4.649 -5.292 0.779
P544106 4.913 4.972 -6.347 0.444
P544107 4.808 4.911 -5.920 0.660
P544109 4.548 4.679 -5.039 1.551
P544112 4.868 5.043 -6.510 1.044
P544113 4.903 5.127 -5.871 1.183
P544116 5.007 5.138 -6.654 0.828
P544117 4.941 5.085 -6.278 0.657
P544119 5.006 5.042 -6.300 0.910
P544120 4.740 4.877 -6.602 0.494
P544121 4.935 5.101 -6.587 0.988
P544122 4.509 4.980 -6.222 1.323
P544123 4.876 4.951 -6.237 0.362
P544124 4.989 5.043 -6.394 0.620
P544126 5.067 5.185 -5.486 0.594
P544127 4.332 4.894 -6.201 1.371
P544129 4.968 5.006 -6.738 0.845
P544130 4.922 5.045 -6.404 0.454
P544131 4.892 5.042 -6.125 1.383
P544132 5.144 5.118 -6.003 0.826
P544133 4.435 5.032 -6.188 1.326
P544134 4.864 4.748 -5.104 1.366
P544135 4.355 4.871 -5.939 0.877
P544136 4.622 4.596 -4.556 0.496
P544137 5.095 5.178 -5.420 0.629
P544138 5.176 5.185 -6.535 1.253
P544139 5.121 5.149 -6.571 0.388
P544140 4.961 4.978 -6.212 1.063
P544141 4.927 4.942 -6.801 0.593
P544142 4.556 4.607 -4.678 0.673
P544143 4.859 4.917 -6.305 0.318
P544144 3.950 4.880 -4.529 1.438
P544146 4.922 4.961 -6.855 0.573
P544147 5.045 5.011 -6.559 1.271
P544148 4.664 4.658 -4.768 0.611
P544150 5.200 5.210 -6.688 0.695
P544151 5.021 4.985 -5.818 0.488
P544152 3.825 4.485 -3.811 1.164
P544153 4.911 5.019 -6.844 1.199
P544154 4.857 4.947 -6.384 0.786
P544155 4.981 4.939 -6.171 1.499
P544156 4.825 4.845 -6.617 0.735
P544160 4.948 5.072 -5.688 1.453
P544162 4.939 4.999 -6.332 0.941
P544164 4.942 5.034 -6.213 0.777
P544166 5.141 5.146 -6.433 0.835
P544167 4.989 5.216 -6.063 1.604
P544168 4.112 4.797 -4.377 1.004
P544170 4.758 4.910 -6.648 0.428
P544172 4.885 5.013 -6.537 0.770
P544174 4.815 4.886 -6.707 0.510
P544175 5.088 5.167 -6.361 0.902
P544180 4.664 5.120 -6.075 1.402
P544181 5.037 5.071 -6.331 0.813
P544182 4.781 5.065 -6.426 1.330
P544183 5.416 5.546 -6.048 1.507
P544185 4.987 5.144 -6.232 1.032
P544186 4.324 4.873 -5.824 1.280
P544187 5.047 5.158 -6.778 0.631
P544188 5.056 5.132 -6.508 1.048
P544189 5.029 4.945 -5.637 0.483
P544190 4.942 5.063 -6.479 1.258
P544192 4.290 4.736 -5.925 2.037
P544193 4.831 4.933 -6.236 1.593
P544195 4.530 4.919 -6.181 1.479
P544196 4.801 5.061 -5.846 1.731
P544198 4.709 4.727 -5.571 1.454
P544199 5.104 5.330 -6.537 0.760
P544200 5.182 4.998 -5.638 0.593
P544202 4.859 4.938 -5.583 1.224
P544206 5.155 5.102 -6.445 1.047
P544210 5.055 5.063 -6.464 0.397
P544212 4.976 4.931 -6.413 1.727
P544214 5.009 5.127 -6.531 0.483
P544215 4.807 5.008 -6.779 1.323
P544217 5.104 5.155 -6.221 1.080
P544219 5.047 5.346 -6.434 1.506
P544221 5.272 5.277 -5.993 0.407
P544223 4.982 5.048 -5.996 0.837
P544225 4.797 5.101 -5.996 1.013
P544226 4.800 5.185 -6.372 2.106
P544229 5.118 5.049 -5.911 1.342
P544230 5.105 5.155 -6.927 0.765
P544232 4.521 4.371 -3.573 0.584
P544233 4.912 4.780 -4.862 2.133
P544234 4.728 4.845 -6.752 0.706
P544236 4.941 4.962 -4.306 0.672
P544238 4.931 5.381 -6.508 1.899
P544242 4.964 5.131 -6.749 0.453
P544243 4.713 4.695 -4.585 1.095
P544245 5.293 5.421 -6.779 0.592
P544246 5.074 5.191 -5.832 1.238
P544249 4.892 5.082 -6.462 1.516
P544250 5.239 5.021 -6.740 1.058
P544251 4.711 4.612 -5.524 1.633
P544252 5.375 5.152 -5.328 1.527
P544253 5.101 5.089 -5.816 1.446
P544255 5.121 5.072 -7.076 0.330
P544257 4.924 5.113 -6.663 0.642
P544260 4.340 4.963 -4.374 1.769
P544262 4.893 4.961 -6.426 0.930
P544263 4.136 4.758 -5.597 1.613
P544266 4.823 5.194 -6.726 1.591
P544268 4.977 5.077 -6.702 0.921
P544269 4.859 5.080 -6.012 0.911
P544271 4.962 5.069 -6.112 0.531
P544272 5.182 5.132 -6.027 0.794
P544274 5.147 4.970 -5.358 1.427
P544275 4.837 4.980 -6.144 0.543
P544277 4.600 4.867 -5.812 1.533
P544279 4.724 4.757 -5.149 0.496
P544280 4.797 4.833 -5.949 0.230
P544281 5.236 5.240 -6.324 0.912
P544282 4.811 4.746 -5.129 0.597
P544283 4.828 5.109 -6.739 1.412
P544284 4.452 4.713 -5.760 1.683
P544285 4.993 5.174 -6.878 0.479
P544286 5.073 5.003 -6.530 1.304
P544287 4.935 4.680 -4.402 1.319
P544288 5.221 5.148 -6.423 0.628
P544289 4.765 5.128 -6.687 0.833
P544291 5.161 5.231 -5.778 0.627
P544292 5.238 5.355 -6.313 0.942
P544293 5.075 5.131 -6.020 0.861
P544294 5.119 5.111 -5.675 0.873
P544295 5.040 5.138 -6.242 0.459
P544297 4.881 4.973 -6.404 0.769
P544298 5.084 5.283 -6.421 1.162
P544299 5.307 5.262 -5.819 1.554
P544301 4.874 4.866 -5.405 1.529
P544302 4.933 4.973 -6.085 0.681
P544305 4.937 5.081 -5.820 1.427
P544306 5.258 5.235 -6.739 0.839
P544307 5.604 5.464 -6.972 0.693
P544308 4.841 4.958 -6.550 0.757
P544311 5.070 5.194 -6.290 0.740
P544315 5.093 5.242 -6.776 0.329
P544320 4.952 5.036 -6.448 0.529
P544322 4.898 4.961 -5.973 0.488
P544325 4.991 5.051 -6.187 0.563
P544327 4.543 5.019 -5.827 1.977
P544328 5.249 5.126 -6.089 1.359
P544329 4.880 4.909 -6.419 0.781
P544331 4.481 4.637 -5.676 1.166
P544333 4.889 5.108 -5.907 0.887
P544334 5.191 5.244 -5.921 1.279
P544337 4.840 5.014 -6.544 0.534
P544338 5.185 4.856 -5.399 1.222
P544339 4.994 5.028 -6.268 1.552
P544340 5.247 5.182 -6.248 0.903
P544341 5.100 5.146 -6.717 0.493
P544342 5.413 5.152 -6.436 1.130
P544343 4.253 4.927 -5.398 1.747
P544344 5.065 5.235 -6.476 1.318
P544347 4.930 5.178 -5.896 1.259
P544348 4.829 5.015 -6.476 1.496
P544350 5.001 5.132 -6.812 0.388
P544351 4.996 4.844 -5.059 1.340
P544353 4.711 5.008 -5.723 0.889
P544354 4.302 4.780 -5.606 1.482
P544356 4.917 4.952 -6.086 0.508
P544359 5.008 4.944 -5.714 1.673
P544360 5.135 5.159 -6.513 0.886
P544361 5.010 5.138 -6.596 0.497
P544362 4.990 5.231 -7.072 2.106
P544363 5.299 5.313 -6.212 0.526
P544364 5.035 5.397 -6.812 1.816
P544365 5.171 5.313 -6.505 0.729
P544366 5.082 5.253 -6.232 1.769
P544367 5.104 5.275 -5.900 0.830
P544368 5.240 5.366 -6.231 0.465
P544369 4.873 4.881 -6.339 0.456
P544372 4.522 4.809 -6.141 1.885
P544373 4.674 5.080 -5.902 1.462
P544376 5.130 5.164 -5.690 0.567
P544378 4.843 5.029 -5.801 1.393
P544380 4.800 4.821 -4.758 0.970
P544382 4.995 5.187 -6.592 1.296
P544383 5.385 5.331 -6.074 0.654
P544384 5.043 4.984 -4.931 1.257
P544387 4.855 4.898 -6.002 0.277
P544388 4.932 5.128 -5.871 2.332
P544389 4.930 5.027 -6.076 0.373
P544392 4.939 5.235 -6.485 1.846
P544395 4.944 5.086 -6.635 0.830
P544396 4.738 4.842 -5.404 1.593
P544397 5.050 5.132 -6.440 0.799
P544398 5.262 5.090 -6.065 0.881
P544399 4.927 5.010 -6.677 0.776
P544401 5.004 5.143 -6.540 0.707
P544402 4.959 5.104 -6.324 1.187
P544403 5.188 5.193 -6.504 0.806
P544404 5.289 5.247 -6.286 0.739
P544405 5.057 5.264 -6.237 1.106
P544406 5.015 5.086 -5.559 1.106
P544407 5.243 5.381 -6.457 0.522
P544409 5.072 5.186 -6.073 1.552
P544410 5.055 4.983 -6.490 1.134
P544411 5.211 5.098 -6.344 1.249
P544412 5.405 5.269 -6.577 0.668
P544413 5.024 5.177 -6.579 0.457
P544415 4.988 5.237 -6.367 0.852
P544416 4.863 4.811 -2.211 0.581
P544418 4.622 5.082 -5.920 2.285
P544419 5.379 5.424 -5.339 0.862
P544420 4.219 4.873 -4.536 0.961
P544422 4.819 4.996 -6.983 0.643
P544423 4.431 4.583 -4.572 0.469
P544424 4.971 4.964 -6.092 0.619
P544425 5.248 5.407 -6.340 1.329
P544426 4.428 4.646 -5.776 1.437
P544427 4.799 4.977 -6.250 1.094
P544428 5.076 5.123 -6.109 0.823
P544429 4.851 5.015 -6.312 0.867
P544430 4.867 5.054 -6.115 1.518
P544431 5.002 5.145 -6.755 0.588
P544432 5.276 5.298 -6.352 0.628
P544433 4.934 4.733 -4.907 1.296
P544434 5.097 5.096 -5.925 0.999
P544435 5.302 5.227 -6.232 0.937
P544436 5.651 5.460 -6.249 0.761
P544437 5.109 5.042 -6.232 0.877
P544438 5.005 5.073 -6.286 1.212
P544439 5.112 4.993 -4.914 1.492
P544440 4.926 4.986 -5.664 1.778
P544442 4.911 5.069 -6.572 0.487
P544445 5.021 5.070 -6.008 0.445
P544448 4.930 5.259 -6.676 1.580
P544450 4.050 4.867 -5.638 1.733
P544453 4.574 4.835 -6.649 2.493
P544454 5.088 5.121 -5.983 0.535
P544455 5.035 4.918 -5.310 1.162
P544456 5.167 5.002 -5.399 1.499
P544458 4.905 5.033 -6.108 0.909
P544459 4.918 5.013 -6.099 0.959
P544460 4.806 5.230 -6.973 1.650
P544461 4.895 5.060 -6.261 0.805
P544462 5.023 5.068 -6.757 0.582
P544463 5.086 5.118 -6.098 0.514
P544464 4.693 4.925 -6.154 0.988
P544465 4.378 4.821 -5.687 1.541
P544467 5.189 5.238 -6.399 0.594
P544470 5.365 5.374 -5.976 0.759
P544471 5.058 5.278 -6.348 1.039
P544473 5.058 5.253 -6.019 0.863
P544475 4.916 4.981 -6.522 0.523
P544476 4.859 5.003 -6.382 1.947
P544478 5.208 4.840 -5.798 1.470
P544479 4.859 5.053 -6.501 0.845
P544481 4.919 5.179 -6.291 1.476
P544483 5.008 5.199 -6.758 0.986
P544485 5.093 5.123 -6.482 0.894
P544486 4.775 4.764 -6.245 1.499
P544489 5.137 5.146 -6.115 0.486
P544490 5.102 4.769 -5.492 1.545
P544492 5.066 5.095 -6.483 0.869
P544493 4.977 4.982 -6.462 0.295
P544495 4.694 4.728 -4.825 0.662
P544498 4.890 4.958 -6.181 0.561
P544500 4.863 5.012 -7.013 0.566
P544501 4.865 4.920 -5.919 0.471
P544502 5.018 5.055 -5.861 0.592
P544503 4.650 4.665 -5.042 1.140
P544504 4.939 5.108 -6.141 0.473
P544505 4.699 4.738 -6.694 0.425
P544506 4.679 4.746 -6.022 0.532
P544507 4.853 4.887 -6.134 0.866
P544508 4.772 4.876 -6.121 0.540
P544510 4.908 5.265 -6.637 1.724
P544513 5.055 5.254 -6.679 0.795
P544514 5.260 5.081 -5.951 0.983
P544515 4.845 4.953 -6.899 0.735
P544516 4.742 4.630 -4.978 0.476
P544517 5.290 5.235 -6.323 0.753
P544518 4.999 5.151 -6.608 0.543
P544519 4.799 4.797 -6.120 1.130
P544521 4.871 4.925 -5.395 0.564
P544522 5.009 4.901 -4.215 0.639
P544525 4.424 4.445 -4.273 0.514
P544527 4.787 4.958 -6.816 0.591
P544531 4.722 5.095 -6.400 1.600
P544533 4.991 5.035 -6.045 0.816
P544535 4.754 4.711 -5.373 1.321
P544537 4.799 4.823 -6.022 0.330
P544538 4.615 4.692 -6.131 0.823
P544541 4.786 5.126 -6.311 1.619
P544542 4.928 5.070 -6.278 0.491
P544543 4.969 5.177 -5.782 1.901
P544545 4.520 4.821 -4.336 0.893
P544546 5.192 5.228 -6.256 0.525
P544547 4.756 4.748 -4.898 0.711
P544548 4.969 4.970 -6.267 1.614
P544549 5.058 5.028 -4.828 0.688
P544550 5.171 5.224 -5.917 1.022
P544551 4.724 5.129 -6.371 1.312
P544552 5.100 5.139 -6.250 1.484
P544553 4.702 4.820 -6.658 0.641
P544555 4.710 4.857 -5.821 0.682
P544556 4.651 4.617 -5.366 0.849
P544557 4.778 4.970 -6.535 1.084
P544558 5.155 5.116 -6.358 0.874
P544559 5.103 5.294 -6.459 1.626
P544560 5.059 5.288 -6.726 1.135
P544561 4.999 5.151 -6.834 1.920
P544562 5.186 5.259 -6.138 0.693
P544563 5.175 5.167 -6.562 1.077
P544564 4.933 5.129 -6.988 0.755
P544565 5.246 5.334 -6.520 0.661
P544567 4.984 5.115 -6.652 0.621
P544569 4.990 5.094 -6.331 0.464
P544570 4.913 5.114 -6.166 1.178
P544571 5.228 5.262 -6.069 0.765
P544572 4.862 5.082 -6.519 1.196
P544573 4.831 5.014 -6.006 1.982
P544575 4.745 4.686 -4.926 0.730
P544577 4.889 5.043 -6.909 0.901
P544582 4.984 5.321 -6.863 1.539
P544584 4.818 5.022 -6.825 1.017
P544586 5.081 5.258 -6.644 0.939
P544587 4.528 5.156 -6.484 1.915
P544588 4.755 4.888 -6.607 0.701
P544589 4.941 5.194 -6.375 0.989
P544590 4.654 5.048 -6.385 1.891
P544591 5.171 5.273 -6.814 0.575
P544592 4.919 4.864 -6.802 0.615
P544593 5.275 5.276 -6.139 0.589
P544594 4.939 5.111 -6.374 0.684
P544595 4.858 4.952 -6.084 0.823
P544596 5.088 5.080 -5.630 0.756
P544597 4.933 4.810 -5.391 1.054
P544598 5.248 5.111 -5.631 0.905
P544599 4.888 4.651 -5.577 1.248
P544600 5.211 5.151 -5.364 0.852
P544601 5.292 5.219 -7.003 0.928
P544602 5.122 5.032 -5.380 0.901
P544603 5.000 5.012 -5.771 0.435
P544604 5.012 4.990 -4.434 0.310
P544605 5.092 5.047 -5.739 1.045
P544606 4.989 5.065 -5.637 0.475
P544609 4.953 5.066 -6.340 1.091
P544612 5.083 5.135 -6.434 1.061
P544615 5.071 4.621 -5.691 1.572
P544617 4.825 5.035 -6.943 1.342
P544624 5.254 5.181 -5.909 1.268
P544625 4.856 5.285 -6.881 1.809
P544627 4.871 4.916 -5.468 1.166
P544630 4.995 5.230 -5.989 1.506
P544631 4.970 5.113 -6.412 1.290
P544633 4.790 4.503 -4.357 1.100
P544634 5.039 4.636 -5.549 1.930
P544635 4.931 4.978 -6.151 1.511
P544636 5.282 5.172 -6.241 1.056
P544637 5.060 5.258 -6.769 1.011
P544638 4.999 5.183 -6.237 0.876
P544639 4.822 4.987 -6.627 0.833
P544640 5.091 5.123 -6.394 0.665
P544641 4.999 5.111 -6.530 0.475
P544642 4.973 5.098 -6.224 0.527
P544644 4.947 5.058 -6.432 0.472
P544646 4.969 5.161 -6.656 0.722
P544648 5.143 5.160 -6.380 0.967
P544649 4.809 4.919 -6.838 0.417
P544650 4.852 5.181 -6.374 1.050
P544651 5.352 5.260 -6.352 0.458
P544652 4.923 5.016 -6.512 0.439
P544654 4.975 5.148 -5.795 1.942
P544655 4.923 5.016 -6.096 0.802
P544657 5.004 5.049 -5.137 1.740
P544659 4.934 4.969 -5.979 1.853
P544661 4.854 4.808 -4.646 0.551
P544662 4.933 5.049 -6.661 0.398
P544667 4.941 5.367 -6.639 1.615
P544668 5.106 5.144 -6.495 0.570
P544669 5.062 5.127 -6.499 0.569
P544670 5.078 5.361 -6.384 1.214
P544671 4.830 4.853 -5.165 0.629
P544672 5.243 5.288 -6.614 0.844
P544674 4.878 4.889 -5.870 0.805
P544675 4.992 5.217 -5.933 0.970
P544678 5.103 5.239 -6.577 0.918
P544679 4.772 4.880 -5.618 1.577
P544680 4.223 4.899 -4.564 1.078
P544682 4.134 4.855 -5.830 1.542
P544683 5.035 5.012 -6.329 0.817
P544684 4.945 4.817 -5.666 0.598
P544685 4.886 4.913 -6.366 0.750
P544686 4.792 4.794 -5.191 0.581
P544687 5.280 5.232 -6.290 1.855
P544688 5.034 5.243 -6.128 0.804
P544689 5.345 5.353 -5.641 0.879
P544690 4.898 5.009 -6.110 0.733
P544691 5.059 5.257 -6.112 0.891
P544692 5.283 5.196 -5.765 0.960
P544693 4.984 5.280 -5.996 2.021
P544694 4.902 4.965 -5.051 1.198
P544695 5.208 5.223 -5.586 0.942
P544697 4.953 5.030 -6.077 0.866
P544699 4.842 5.008 -6.524 0.999
P544701 4.984 4.945 -4.657 0.498
P544702 4.272 4.902 -5.398 1.528
P544703 4.834 5.004 -5.609 1.715
P544704 4.818 4.930 -5.817 2.154
P544705 4.942 4.961 -5.990 0.571
P544706 5.255 4.997 -6.106 1.308
P544707 5.053 5.019 -4.740 1.090
P544708 4.783 4.906 -6.726 0.723
P544709 4.544 4.528 -4.330 0.585
P544710 4.877 4.978 -6.030 1.476
P544711 5.411 5.276 -6.253 1.092
P544712 4.986 5.090 -5.883 0.568
P544713 4.937 4.959 -5.657 0.504
P544714 4.760 4.886 -6.189 0.821
P544715 5.102 5.106 -5.937 0.531
P544716 4.790 5.145 -6.177 1.485
P544717 4.876 5.171 -5.421 1.865
P544718 5.026 5.111 -5.888 0.969
P544719 4.511 4.557 -5.946 1.172
P544720 5.153 5.227 -6.322 0.815
P544721 5.193 5.286 -6.864 1.046
P544722 4.949 4.817 -6.015 0.693
P544723 4.953 5.003 -6.429 0.564
P544724 4.880 4.933 -6.502 0.506
P544725 4.379 4.975 -4.470 0.891
P544727 4.754 4.705 -4.877 0.588
P544728 5.351 5.267 -6.446 0.654
P544729 4.790 4.768 -5.263 1.880
P544730 5.064 5.190 -6.495 0.611
P544731 5.057 5.077 -5.114 0.608
P544734 4.931 5.037 -6.180 1.807
P544738 5.075 4.611 -5.559 2.042
P544739 4.892 5.152 -6.983 1.219
P544747 4.249 4.970 -4.698 1.697
P544749 5.117 4.873 -5.692 1.123
P544750 4.673 4.920 -6.697 0.675
P544752 5.242 5.168 -6.339 0.427
P544753 4.845 4.946 -6.682 0.718
P544754 5.036 5.122 -6.786 0.528
P544755 4.639 4.588 -5.093 1.952
P544756 4.964 4.906 -6.300 1.125
P544757 5.440 5.284 -6.332 0.910
P544758 5.033 5.159 -6.303 1.986
P544762 4.179 4.435 -4.056 0.832
P544763 4.798 4.907 -6.773 0.361
P544765 4.911 4.883 -6.293 0.641
P544768 5.260 5.076 -6.113 0.759
P544769 5.021 4.892 -5.630 1.916
P544770 5.035 5.012 -6.283 0.956
P544772 4.821 5.063 -6.022 1.298
P544773 4.605 4.745 -5.382 1.531
P544774 4.923 5.143 -6.475 1.026
P544776 5.286 5.293 -6.755 1.019
P544777 4.714 4.754 -6.490 0.670
P544779 5.175 5.415 -6.416 1.340
P544780 5.355 5.308 -6.461 0.915
P544781 4.891 5.051 -6.733 0.567
P544782 4.882 4.708 -4.871 1.512
P544783 5.356 5.309 -6.247 0.816
P544784 5.011 5.126 -6.615 0.486
P544785 5.258 5.284 -5.938 1.634
P544786 5.258 5.297 -6.326 0.291
P544787 4.525 4.977 -5.947 1.408
P544789 5.048 4.572 -4.898 2.225
P544790 5.303 5.237 -6.452 1.036
P544791 5.021 5.129 -6.517 0.362
P544792 5.227 5.315 -6.336 0.567
P544793 5.157 5.186 -5.810 0.436
P544794 4.370 4.665 -5.617 1.863
P544795 4.701 5.086 -5.778 1.730
P544796 5.036 5.070 -6.422 0.484
P544797 5.298 5.191 -6.455 1.101
P544798 5.254 5.284 -6.217 0.698
P544799 5.026 5.097 -6.562 0.545
P544800 5.129 5.233 -6.198 0.952
P544801 5.024 5.029 -6.302 0.982
P544802 4.733 4.800 -6.126 0.760
P544803 5.076 5.013 -6.590 0.781
P544804 4.576 5.141 -5.902 1.954
P544805 5.186 5.192 -6.055 0.297
P544807 5.136 5.311 -6.652 1.011
P544809 5.169 5.228 -6.492 0.548
P544811 5.184 5.161 -6.458 0.421
P544812 5.345 5.365 -6.560 0.756
P544814 4.984 5.385 -6.642 1.847
P544815 5.156 5.167 -4.433 0.487
P544816 5.039 5.232 -6.882 0.976
P544817 5.410 5.522 -4.625 0.382
P544818 5.125 5.147 -6.963 0.300
P544819 5.097 4.990 -6.101 0.801
P544820 5.322 5.460 -6.579 0.694
P544821 5.350 5.570 -4.722 0.560
P544822 5.045 5.003 -6.961 0.462
P544823 5.225 5.233 -6.725 1.433
P544824 4.657 4.605 -4.683 0.507
P544825 4.755 4.897 -6.344 0.899
P544826 5.012 5.132 -6.188 0.524
P544827 4.758 4.690 -4.754 0.631
P544829 5.306 5.347 -6.659 0.426
P544830 5.088 5.011 -6.632 1.012
P544831 5.294 5.267 -6.456 0.245
P544832 4.916 4.958 -6.139 0.502
P544833 4.986 5.021 -6.338 0.447
P544834 4.944 4.906 -6.399 0.614
P544835 5.034 5.109 -6.888 0.458
P544836 5.019 5.027 -5.867 0.813
P544837 5.101 5.340 -6.659 1.742
P544838 4.929 4.929 -6.579 0.226
P544839 4.769 5.106 -6.075 2.201
P544840 4.894 5.053 -6.576 0.767
P544841 4.641 4.683 -5.891 0.614
P544842 5.064 5.173 -6.594 0.837
P544843 5.111 4.830 -5.962 1.170
P544844 4.767 4.689 -4.658 0.552
P544845 4.973 5.269 -6.584 2.290
P544846 4.391 5.156 -6.049 1.562
P544847 5.163 5.176 -6.090 0.556
P544848 5.143 5.160 -6.317 0.551
P544849 5.158 5.256 -6.611 0.681
P544850 5.043 5.163 -6.954 0.487
P544851 5.148 5.174 -6.700 0.730
P544852 5.037 4.900 -6.519 0.898
P544853 5.150 5.118 -6.146 0.921
P544854 5.160 5.212 -6.325 0.510
P544855 5.052 5.109 -7.130 0.527
P544856 5.062 5.094 -6.929 0.370
P544857 5.163 5.102 -6.591 0.611
P544858 4.945 5.174 -6.536 1.694
P544859 5.087 5.145 -5.800 0.497
P544860 5.190 5.241 -6.137 0.635
P544861 5.200 4.938 -6.296 1.263
P544862 4.902 4.932 -6.433 2.165
P544863 4.955 5.118 -5.846 0.803
P544864 5.012 5.230 -6.505 1.060
P544865 4.934 5.104 -6.014 1.714
P544866 4.816 4.957 -6.394 0.491
P544867 5.051 5.079 -7.033 0.592
P544869 5.110 5.126 -6.953 0.878
P544870 4.798 4.612 -5.958 2.722
P544871 5.234 5.163 -6.421 0.642
P544872 5.287 5.145 -6.696 1.032
P544873 5.106 5.169 -6.584 0.722
P544874 5.128 5.126 -6.355 0.284
P544875 5.131 5.220 -6.470 0.583
P544876 4.512 4.617 -4.857 1.260
P544877 4.731 5.063 -5.333 1.174
P544878 5.146 5.186 -6.053 0.327
P544879 5.031 5.177 -6.611 0.622
P544880 4.981 5.039 -4.573 1.275
P544881 5.132 5.031 -6.348 1.597
P544882 5.226 5.241 -5.785 0.256
P544883 5.092 5.078 -6.272 0.539
P544884 5.030 5.110 -6.365 0.678
P544885 5.153 5.261 -6.364 0.968
P544886 5.152 5.250 -6.334 1.054
P544887 5.178 5.230 -6.595 0.389
P544888 4.887 5.144 -6.374 0.748
P544889 5.129 5.039 -6.216 1.024
P544890 4.896 5.283 -4.918 0.991
P544891 5.280 5.167 -6.509 0.806
P544892 5.149 5.143 -5.821 0.785
P544893 4.493 4.577 -5.540 0.760
P544894 4.585 4.526 -4.446 0.567
P544895 4.752 4.926 -6.027 2.123
P544896 4.956 4.899 -6.625 0.696
P544897 5.110 5.100 -5.970 0.239
P544898 5.064 5.062 -5.869 0.401
P544899 4.817 5.040 -6.790 0.791
P544900 5.046 5.072 -6.234 0.585
P544901 4.981 5.022 -6.192 0.359
P544902 4.574 4.929 -6.672 1.830
P544903 4.989 5.083 -6.271 0.600
P544904 4.879 5.095 -6.122 1.068
P544905 4.792 5.015 -5.841 1.511
P544906 5.331 5.247 -6.642 0.653
P544907 4.608 4.961 -6.455 2.436
P544908 5.007 4.962 -6.602 0.513
P544909 4.818 4.883 -6.846 0.331
P544910 4.723 4.951 -6.773 1.579
P544911 4.908 4.934 -6.603 0.592
P544912 4.950 4.953 -6.096 0.287
P544913 4.850 4.934 -7.102 0.395
P544914 4.700 4.596 -5.549 0.734
P544915 4.910 4.881 -6.707 0.746
P544916 4.496 4.525 -6.257 1.251
P544917 5.288 5.099 -6.746 1.055
P544918 4.803 5.205 -7.185 1.866
P544919 4.446 4.792 -4.544 2.376
P544920 5.102 5.149 -6.591 0.531
P544921 5.016 5.061 -7.200 0.400
P544922 5.091 5.097 -6.113 0.323
P544923 5.201 5.082 -6.416 0.920
P544924 4.791 4.787 -5.834 0.802
P544926 4.850 4.903 -6.858 0.504
P544927 5.490 5.382 -6.269 0.533
P544929 4.878 5.127 -6.015 0.692
P544930 5.392 5.495 -4.029 0.443
P544931 5.053 5.077 -6.815 0.382
P544932 5.234 5.272 -6.841 1.353
P544933 4.792 4.985 -6.094 0.996
P544934 5.027 5.112 -6.469 0.974
P544935 5.101 5.218 -6.275 0.866
P544936 5.415 5.333 -6.364 0.582
P544937 5.270 5.254 -6.647 0.556
P544938 5.616 5.614 -7.143 0.767
P544939 5.130 5.039 -4.531 0.750
P544940 5.171 5.253 -7.037 0.476
P544941 5.365 5.502 -6.748 0.668
P544942 5.171 5.054 -6.892 0.835
P544943 5.199 5.185 -6.904 0.366
P544944 5.461 5.317 -6.757 1.317
P544945 4.938 4.641 -4.306 1.077
P544946 5.318 5.153 -6.738 0.951
P544947 4.757 4.814 -5.923 1.241
P544949 5.028 5.034 -7.050 0.336
P544950 5.098 5.108 -5.867 0.563
P544951 5.159 5.220 -6.593 0.385
P544952 5.060 5.088 -6.946 0.336
P544953 5.010 5.144 -6.834 0.455
P544954 4.785 4.687 -5.621 1.443
P544955 4.861 5.242 -7.123 1.847
P544956 5.136 5.164 -6.540 0.367
P544957 5.194 5.282 -6.532 0.942
P544958 4.643 5.057 -6.747 1.794
P544959 5.225 5.274 -6.650 1.369
P544960 5.013 4.994 -6.676 0.278
P544961 5.098 5.042 -6.632 0.495
P544962 5.261 5.312 -6.629 0.660
P544963 5.363 5.176 -6.794 1.107
P544964 4.819 4.539 -4.420 0.944
P544965 4.764 4.974 -5.723 1.240
P544966 5.029 4.990 -7.071 0.373
P544967 4.939 4.860 -6.789 0.730
P544968 5.201 5.311 -6.785 0.574
P544969 5.275 5.458 -7.209 0.390
P544970 5.168 5.126 -7.127 0.620
P544971 5.144 5.097 -6.755 0.882
P544972 5.358 5.262 -6.651 0.538
P544973 5.448 5.476 -6.466 0.212
P544974 5.089 5.172 -6.929 0.878
P544975 5.010 5.237 -6.398 2.078
P544976 5.092 5.033 -6.662 0.727
P544977 4.821 5.197 -6.922 2.045
P544978 5.117 5.166 -6.526 0.329
P544979 5.221 5.285 -6.951 0.426
P544980 4.735 4.846 -6.331 0.901
P544981 5.197 5.170 -6.602 1.017
P544982 5.145 5.146 -5.820 0.537
P544983 5.291 5.267 -6.291 0.962
P544984 4.979 5.114 -6.048 1.234
P544985 5.352 5.294 -6.722 1.015
P544986 4.885 4.782 -6.227 2.195
P544987 5.016 4.906 -6.619 1.352
P544988 5.123 5.149 -6.630 0.309
P544989 5.071 5.049 -6.124 0.275
P544990 4.978 5.046 -7.018 0.679
P544991 4.906 4.982 -6.865 0.353
P544992 4.631 4.945 -6.958 1.840
P544993 4.815 5.048 -6.374 2.105
P544994 5.161 5.186 -6.068 0.219
P544995 5.299 5.187 -6.373 0.967
P544996 5.157 5.101 -6.244 0.697
P544997 5.236 5.261 -6.156 0.748
P544998 5.093 5.136 -6.300 0.367
P544999 5.170 5.248 -6.201 0.671
P545000 5.064 5.202 -6.870 0.620
P545001 4.749 4.608 -6.158 2.129
P545002 5.222 5.266 -6.547 0.552
P545003 5.087 5.167 -7.203 0.545
P545004 4.719 4.570 -5.617 2.086
P545005 4.731 5.117 -6.912 1.748
P545006 5.116 5.323 -4.709 0.503
P545007 5.089 5.060 -6.454 0.922
P545008 4.979 5.093 -6.805 0.549
P545011 4.818 4.756 -5.936 1.013
P545012 5.148 5.163 -6.563 1.727
P545013 5.392 5.345 -6.550 0.680
P545014 4.910 5.119 -6.033 1.828
P545015 5.012 5.099 -6.910 0.471
P545016 4.764 5.069 -6.916 2.054
P545017 4.843 5.210 -6.496 2.175
P545018 5.240 5.291 -7.014 0.650
P545019 5.533 5.540 -6.484 0.243
P545020 5.372 5.343 -6.726 0.816
P545021 5.282 5.302 -6.293 0.237
P545023 4.358 5.093 -6.113 1.501
P545024 5.098 5.107 -6.081 0.215
P545025 5.067 5.168 -6.888 0.582
P545027 4.867 4.985 -6.417 2.249
P545030 5.042 5.035 -6.789 0.319
P545032 5.239 5.137 -6.690 0.859
P545033 5.136 5.177 -6.120 0.436
P545035 5.063 4.998 -6.529 0.969
P545037 5.139 5.178 -6.445 0.541
P545040 5.030 5.109 -6.864 0.378
P545042 4.879 5.202 -6.943 2.110
P545043 5.207 5.070 -6.638 1.117
P545044 4.731 4.984 -6.225 1.480
P545045 4.778 5.008 -6.280 2.317
P545046 5.091 5.068 -6.989 0.685
P545048 5.109 5.036 -6.532 0.692
P545049 5.235 5.248 -6.497 0.693
P545051 5.060 5.087 -6.488 0.322
P545053 5.073 5.025 -6.682 0.660
P545054 4.981 5.044 -7.114 0.440
P545055 4.795 4.866 -6.010 0.934
P545056 5.277 5.288 -6.841 0.737
P545057 5.032 4.799 -5.078 0.975
P545058 5.086 5.419 -6.735 0.680
P545059 5.298 5.410 -6.835 0.656
P545060 5.058 5.017 -6.834 0.677
P545062 5.089 5.039 -6.711 0.953
P545063 4.720 4.588 -4.597 0.956
P545064 4.719 4.657 -5.874 0.953
P545066 4.709 4.731 -4.329 0.805
P545067 4.102 4.903 -5.435 1.812
P545068 5.261 5.348 -6.645 1.154
P545069 4.714 5.080 -5.531 1.090
P545070 5.278 5.273 -6.828 0.389
P545071 4.771 4.973 -6.450 1.139
P545072 5.331 5.297 -6.746 1.332
P545073 5.080 5.083 -6.990 0.329
P545074 5.244 5.276 -6.668 0.592
P545075 5.178 5.185 -6.104 0.396
P545076 5.290 5.251 -6.477 0.781
P545078 5.092 5.198 -6.583 0.538
P545079 5.214 5.177 -6.064 0.693
P545081 5.262 5.175 -6.731 1.011
P545083 5.240 5.228 -6.456 0.712
P545086 5.134 5.130 -6.483 0.829
P545088 5.037 5.006 -6.690 0.853
P545089 5.135 5.311 -7.364 0.889
P545090 4.740 4.836 -5.685 0.990
P545091 4.960 5.064 -6.525 0.517
P545092 5.211 5.224 -6.313 0.961
P545093 4.990 5.004 -6.663 0.987
P545094 5.167 5.199 -6.376 0.349
P545095 5.122 5.115 -5.847 0.483
P545096 4.642 4.839 -5.651 0.979
P545097 4.961 4.989 -6.392 0.521
P545098 5.073 5.127 -6.087 0.695
P545099 4.977 5.137 -6.695 1.268
P545100 5.261 5.159 -6.286 0.644
P545101 5.236 5.143 -6.432 0.854
P545102 5.277 5.186 -6.340 0.425
P545103 4.707 4.663 -5.999 2.063
P545105 4.969 5.107 -6.787 0.460
P545106 5.167 5.246 -6.365 0.424
P545107 5.203 5.220 -6.757 0.658
P545108 5.465 5.431 -6.258 0.696
P545109 5.182 5.253 -7.123 0.243
P545110 5.189 5.216 -6.519 0.500
P545111 5.311 5.336 -6.372 0.442
P545112 5.150 5.071 -6.704 0.731
P545113 5.389 5.316 -6.291 0.439
P545114 4.954 4.821 -4.924 0.488
P545115 5.197 5.267 -6.936 0.705
P545116 5.095 5.283 -6.335 0.889
P545117 5.089 5.190 -6.279 0.454
P545118 5.052 5.019 -6.307 0.620
P545119 5.071 5.089 -6.656 0.471
P545120 5.228 5.251 -6.807 0.389
P545121 4.832 4.655 -6.209 0.957
P545122 5.199 5.082 -6.684 1.151
P545123 5.037 4.962 -4.156 0.335
P545124 4.708 4.893 -5.901 1.217
P545125 4.741 4.195 -5.350 2.503
P545126 5.367 5.278 -6.641 0.867
P545128 4.697 4.643 -4.571 0.350
P545130 4.725 4.712 -5.966 0.703
P545132 4.867 4.896 -6.740 0.572
P545133 5.117 5.068 -7.045 0.301
P545135 4.935 4.953 -6.458 0.393
P545137 5.077 5.110 -6.647 0.646
P545138 4.476 4.868 -6.207 1.976
P545139 5.118 5.149 -6.412 1.151
P545140 5.350 5.357 -6.489 0.655
P545141 4.759 4.699 -5.774 2.015
P545142 5.296 5.555 -7.132 0.871
P545143 5.203 5.479 -6.855 0.580
P545144 4.942 4.837 -4.976 0.790
P545145 5.279 5.242 -6.711 0.546
P545146 5.486 5.412 -6.601 0.384
P545147 5.560 5.567 -6.480 0.223
P545148 5.229 5.310 -6.667 0.538
P545151 5.407 5.381 -6.301 0.648
P545152 4.545 5.039 -6.910 1.912
P545153 5.148 5.154 -5.775 0.309
P545155 4.744 4.881 -6.115 0.864
P545157 4.970 5.046 -6.517 0.333
P545158 5.058 5.085 -6.995 0.663
P545160 4.928 5.046 -7.001 0.443
P545161 4.882 5.042 -6.980 1.797
P545162 5.007 4.940 -6.599 1.037
P545163 5.334 5.287 -6.625 1.006
P545165 5.098 5.076 -6.987 0.733
P545166 5.325 5.243 -6.499 0.941
P545167 5.104 5.008 -6.498 1.170
P545168 4.743 4.822 -5.495 1.162
P545169 4.923 4.668 -5.999 1.202
P545170 4.943 5.060 -6.988 0.399
P545171 4.834 4.863 -5.715 0.390
P545172 4.629 5.159 -6.800 2.210
P545173 4.587 4.603 -5.581 1.035
P545174 5.183 5.185 -6.752 1.544
P545175 4.950 4.976 -5.521 1.015
P545176 4.395 4.836 -5.484 1.186
P545177 5.326 5.311 -6.731 0.778
P545179 5.124 5.169 -6.494 0.547
P545181 5.201 5.289 -6.632 0.618
P545183 5.246 5.324 -7.279 0.332
P545186 5.156 5.145 -6.073 0.448
P545187 5.035 4.581 -5.810 1.378
P545188 4.099 4.861 -4.590 1.415
P545190 5.168 5.155 -6.718 0.905
P545192 4.932 4.904 -6.927 0.714
P545194 5.095 5.169 -6.679 0.335
P545196 5.005 5.016 -6.119 0.536
P545198 5.382 5.189 -6.741 1.091
P545199 5.082 4.845 -5.737 1.336
P545200 4.911 4.885 -4.989 0.484
P545201 4.705 4.618 -4.661 1.132
P545202 5.253 5.277 -6.023 0.741
P545203 5.202 5.193 -5.792 0.360
P545204 5.048 5.055 -6.111 0.246
P545205 5.106 5.183 -6.156 0.583
P545206 5.050 5.117 -6.621 0.392
P545207 4.917 5.168 -6.649 2.230
P545208 5.247 5.093 -6.293 1.696
P545209 4.941 4.988 -7.073 0.374
P545210 4.504 4.679 -6.363 2.138
P545211 4.533 4.534 -4.706 0.595
P545213 5.184 5.256 -6.357 0.732
P545214 4.922 4.916 -6.521 1.019
P545215 5.210 5.297 -6.495 0.702
P545217 5.108 5.206 -6.851 0.585
P545218 5.230 5.023 -6.816 0.855
P545219 5.024 4.967 -6.425 0.715
P545220 4.830 4.944 -6.807 0.765
P545221 4.915 5.015 -6.196 0.506
P545222 4.846 4.912 -6.887 0.438
P545223 5.097 5.010 -6.855 0.599
P545224 4.898 5.022 -5.269 0.514
P545225 5.065 4.935 -6.364 0.941
P545226 4.773 4.561 -6.178 2.015
P545227 4.848 4.967 -6.573 1.353
P545228 5.099 5.114 -5.942 0.513
P545229 4.929 5.042 -6.211 0.578
P545230 4.888 4.899 -5.813 0.415
P545231 5.237 5.281 -6.829 0.431
P545232 5.116 5.009 -6.681 0.949
P545233 4.964 5.057 -5.306 2.310
P545234 4.402 5.080 -6.082 1.663
P545235 4.428 4.926 -5.488 1.685
P545237 4.780 5.080 -6.193 1.993
P545239 4.913 4.956 -5.241 0.569
P545241 4.637 5.067 -6.777 1.793
P545243 5.098 5.060 -7.120 0.313
P545244 4.809 4.764 -5.418 2.165
P545245 5.561 5.581 -6.509 0.221
P545246 5.503 5.400 -6.701 0.443
P545247 4.836 5.035 -5.967 0.918
P545248 5.276 5.250 -6.742 0.567
P545249 5.272 5.240 -7.057 0.557
P545250 5.199 5.423 -6.546 0.986
P545251 4.941 4.791 -5.895 0.616
P545252 5.048 5.007 -5.820 0.950
P545253 5.050 5.195 -6.586 0.340
P545254 5.237 5.248 -6.175 0.595
P545255 5.051 5.209 -6.448 1.063
P545256 5.148 5.216 -6.447 0.851
P545257 5.124 5.172 -6.546 0.881
P545258 5.169 5.151 -5.833 0.342
P545259 5.238 5.298 -6.429 0.578
P545260 4.954 5.297 -6.255 2.023
P545261 4.821 4.953 -4.849 0.648
P545262 4.605 4.601 -5.484 1.139
P545263 5.222 5.195 -6.478 1.470
P545264 4.847 4.980 -6.175 0.724
P545266 5.126 4.894 -6.213 1.074
P545267 5.191 5.220 -6.103 0.464
P545268 5.243 5.120 -6.180 1.297
P545269 4.976 5.093 -6.318 1.121
P545270 5.087 5.123 -7.100 0.315
P545271 5.112 5.009 -6.833 0.745
P545272 5.312 5.466 -6.784 0.629
P545273 4.619 4.649 -5.969 0.711
P545274 4.908 4.995 -6.545 0.503
P545275 5.208 5.151 -6.523 0.816
P545276 5.072 5.128 -6.463 0.897
P545277 5.036 5.108 -6.906 0.770
P545278 5.015 5.099 -6.450 1.165
P545279 5.223 5.236 -6.077 0.332
P545280 4.701 5.084 -6.639 2.163
P545281 4.954 5.072 -6.310 0.561
P545282 4.964 4.972 -5.754 0.492
P545283 4.790 4.812 -5.915 0.721
P545285 5.275 5.253 -6.054 0.666
P545286 4.934 5.049 -6.408 0.556
P545287 5.235 5.296 -6.350 0.637
P545288 5.316 5.211 -6.284 1.282
P545289 4.166 4.672 -5.573 1.893
P545290 4.950 4.937 -5.750 1.066
P545291 4.882 4.770 -5.345 0.789
P545292 4.792 4.760 -4.614 0.796
P545293 5.143 5.092 -6.187 0.649
P545294 5.138 5.109 -6.503 0.696
P545295 4.767 4.818 -6.284 0.326
P545297 5.064 5.176 -6.945 0.495
P545298 5.136 5.156 -6.711 0.735
P545300 5.266 5.303 -6.468 0.520
P545301 5.260 5.296 -6.511 0.552
P545302 4.577 4.884 -6.087 1.374
P545303 4.148 4.837 -4.270 1.455
P545305 5.030 5.155 -6.840 0.472
P545307 4.643 4.547 -5.463 1.743
P545308 4.990 5.060 -6.518 0.570
P545309 5.064 5.286 -4.333 0.598
P545310 5.153 5.159 -5.968 0.246
P545311 5.102 5.103 -5.800 0.357
P545312 4.952 5.009 -6.772 0.433
P545313 4.992 4.972 -6.380 0.782
P545314 4.991 5.080 -6.673 0.616
P545315 5.201 5.218 -6.197 0.655
P545316 5.067 5.077 -6.235 0.633
P545317 5.044 5.105 -7.098 0.606
P545319 5.028 5.159 -6.598 0.925
P545321 5.160 5.250 -7.139 0.733
P545323 4.626 5.099 -6.866 1.746
P545324 5.309 5.181 -6.414 0.868
P545325 4.756 5.031 -6.328 1.743
P545326 5.374 4.789 -5.652 1.822
P545327 5.267 5.189 -4.692 0.440
P545328 4.933 4.636 -4.210 1.220
P545329 4.853 4.918 -6.224 0.517
P545331 4.878 5.099 -5.846 1.751
P545332 5.145 5.167 -6.073 0.253
P545334 4.772 4.775 -5.630 1.358
P545335 5.646 5.643 -6.057 0.451
P545336 5.201 5.257 -6.939 0.487
P545337 5.215 5.272 -6.574 0.450
P545339 5.349 5.360 -6.240 0.735
P545340 5.146 5.164 -6.534 0.710
P545343 5.284 5.296 -5.902 0.725
P545344 5.647 5.618 -6.188 0.695
P545345 5.292 5.400 -6.444 0.371
P545347 5.178 5.192 -6.798 0.647
P545348 5.097 5.122 -6.772 1.118
P545349 5.200 5.270 -5.995 0.473
P545351 5.375 5.287 -6.455 1.134
P545352 5.413 5.424 -6.593 2.416
P545354 5.311 5.269 -7.229 0.470
P545355 5.292 5.454 -6.208 0.818
P545356 5.031 5.152 -6.543 0.724
P545357 5.060 5.112 -6.570 1.042
P545358 5.563 5.679 -6.483 0.463
P545360 5.311 5.247 -7.203 0.417
P545362 5.099 5.267 -6.960 0.692
P545363 5.056 5.129 -6.400 0.339
P545364 5.186 5.073 -6.738 1.132
P545365 5.208 5.273 -6.677 0.753
P545366 5.282 5.283 -6.144 0.541
P545367 5.099 4.512 -5.592 2.096
P545368 4.992 5.109 -7.136 0.643
P545369 4.987 4.769 -4.299 1.318
P545371 5.330 5.310 -6.847 0.531
P545374 5.212 5.157 -7.201 0.651
P545375 5.257 5.049 -6.687 1.101
P545376 5.354 5.447 -6.924 0.679
P545378 5.401 5.536 -7.101 0.415
P545380 5.365 5.308 -7.143 0.486
P545381 5.386 5.338 -6.780 0.575
P545384 5.592 5.493 -6.740 0.508
P545385 4.719 4.843 -6.373 1.083
P545386 5.290 5.242 -6.746 0.840
P545387 5.172 4.989 -6.594 0.918
P545388 5.164 5.032 -6.397 0.641
P545389 5.107 5.168 -5.980 0.470
P545391 5.300 5.303 -4.683 0.821
P545392 4.925 4.896 -5.301 0.747
P545394 5.220 5.284 -6.739 0.855
P545395 5.324 5.452 -6.518 1.029
P545396 5.164 4.638 -5.343 2.329
P545397 5.224 5.141 -6.843 0.390
P545398 4.997 4.817 -4.073 1.329
P545399 5.329 5.347 -6.229 0.621
P545400 4.992 4.802 -6.165 0.290
P545402 5.159 4.871 -4.897 1.833
P545403 5.086 5.348 -6.570 2.184
P545406 4.960 4.909 -6.430 0.399
P545408 5.233 5.292 -5.850 0.859
P545409 5.257 5.419 -6.046 0.858
P545410 5.117 5.103 -6.390 0.662
P545411 5.307 5.308 -6.212 1.662
P545412 4.968 4.762 -4.404 0.843
P545413 5.165 5.223 -5.831 0.601
P545414 4.798 4.685 -5.288 0.812
P545415 5.043 5.086 -6.309 0.635
P545416 5.355 5.266 -6.291 1.701
P545417 4.916 4.901 -5.373 0.853
P545418 5.137 5.164 -6.423 1.104
P545419 5.165 5.201 -5.591 0.225
P545420 4.733 4.584 -5.120 0.986
P545421 5.197 5.415 -6.244 1.563
P545423 5.172 5.212 -6.622 1.856
P545425 4.841 4.838 -4.562 0.730
P545426 4.996 5.050 -6.642 1.235
P545427 5.353 5.211 -6.571 0.719
P545428 5.590 5.619 -6.993 0.611
P545429 5.254 5.329 -6.290 0.678
P545430 5.036 4.902 -4.603 1.302
P545431 5.365 5.425 -6.693 0.634
P545432 5.193 5.301 -7.089 0.351
P545433 5.242 5.363 -6.806 0.575
P545434 5.181 5.084 -6.520 1.927
P545435 5.117 5.243 -6.692 0.912
P545436 5.525 5.473 -6.417 0.403
P545438 5.171 5.221 -6.047 0.603
P545439 5.346 5.260 -6.185 0.711
P545440 5.626 5.566 -6.849 0.502
P545442 5.127 5.403 -6.470 2.243
P545446 5.264 5.331 -6.652 0.690
P545448 5.238 5.228 -6.994 1.084
P545449 4.860 4.977 -6.264 1.960
P545450 5.325 5.341 -6.810 0.606
P545452 5.619 5.681 -6.400 0.418
P545453 4.820 5.378 -5.896 1.237
P545456 5.423 5.475 -6.871 0.693
P545458 5.229 5.057 -6.899 0.925
P545459 5.214 5.171 -7.185 0.568
P545462 5.452 5.414 -7.052 1.725
P545463 4.646 4.386 -4.957 0.841
P545465 5.211 5.143 -4.965 0.453
P545467 5.177 5.258 -7.043 0.831
P545469 4.898 5.071 -5.779 1.568
P545470 5.089 4.701 -6.102 1.509
P545471 4.958 4.815 -4.909 1.371
P545472 5.045 5.155 -6.191 0.604
P545473 5.301 5.341 -6.466 0.743
P545474 5.343 5.393 -6.409 0.783
P545476 5.091 5.071 -6.909 0.946
P545478 5.283 5.333 -6.711 1.374
P545480 4.817 4.830 -4.630 0.570
P545481 5.557 5.501 -6.354 0.689
P545482 5.085 5.244 -7.190 0.548
P545483 5.316 5.310 -6.456 0.597
P545484 4.974 4.790 -6.097 0.988
P545485 5.072 5.221 -6.258 1.336
P545486 5.185 5.138 -6.169 0.973
P545487 5.435 5.388 -6.332 0.509
P545488 5.254 5.307 -6.331 1.395
P545490 5.267 5.279 -6.122 0.745
P545491 5.231 5.248 -6.168 0.421
P545493 4.733 4.890 -5.672 0.709
P545494 4.826 5.039 -5.229 0.886
P545495 5.115 5.068 -4.438 0.434
P545496 4.792 4.672 -4.428 1.377
P545497 5.282 5.338 -4.743 0.506
P545498 5.062 5.030 -6.931 0.317
P545499 5.060 4.943 -6.943 1.359
P545500 5.243 5.187 -6.418 0.272
P545501 5.304 5.021 -6.602 1.481
P545502 4.647 4.640 -5.732 1.172
P545503 5.274 5.568 -5.796 1.018
P545504 5.148 4.934 -5.205 1.254
P545505 5.345 5.310 -6.976 1.292
P545507 4.822 5.216 -7.020 1.910
P545509 5.202 5.237 -6.651 0.429
P545511 5.089 5.135 -6.774 0.683
P545514 5.129 5.125 -6.763 0.387
P545515 5.259 5.152 -7.112 1.000
P545516 4.918 5.068 -6.378 0.905
P545517 5.205 5.312 -6.849 0.730
P545518 5.243 5.152 -6.828 0.715
P545520 5.190 5.175 -6.438 0.714
P545521 4.798 4.911 -6.521 0.622
P545524 5.032 5.116 -6.881 0.572
P545525 5.222 5.150 -6.999 0.691
P545528 5.041 5.104 -7.161 0.465
P545530 5.181 4.913 -6.844 1.446
P545532 5.221 5.289 -6.919 0.635
P545534 5.191 5.355 -6.955 0.871
P545536 5.240 5.205 -7.345 0.890
P545537 5.260 5.212 -6.868 0.715
P545539 4.662 4.760 -5.898 1.181
P545541 5.451 5.436 -6.803 0.596
P545543 5.382 5.413 -6.609 0.258
P545545 5.109 5.145 -7.190 0.701
P545546 5.270 5.114 -6.509 1.214
P545547 5.434 5.446 -6.476 0.353
P545548 5.283 5.335 -6.700 0.705
P545549 5.240 5.303 -7.281 0.641
P545550 5.323 5.330 -6.213 0.798
P545552 5.310 5.168 -4.245 0.572
P545553 5.335 5.308 -4.470 0.619
P545554 5.008 4.802 -4.081 1.476
P545555 5.196 5.213 -6.848 0.223
P545556 5.217 5.136 -6.484 1.176
P545557 5.373 5.482 -6.563 0.650
P545558 5.364 5.497 -7.013 0.953
P545559 4.748 5.100 -5.861 2.358
P545560 5.283 4.990 -4.359 1.339
P545561 5.376 5.409 -6.308 0.719
P545562 5.191 4.996 -6.164 1.092
P545563 5.410 5.331 -6.747 0.750
P545564 5.197 5.191 -7.150 0.837
P545565 5.268 5.359 -6.908 0.501
P545566 5.456 5.436 -6.207 0.749
P545567 5.314 5.341 -6.391 0.518
P545568 4.838 5.174 -6.910 2.358
P545570 4.984 5.055 -6.703 0.915
P545573 5.089 5.173 -6.443 0.655
P545574 5.087 5.179 -6.482 0.394
P545576 4.979 4.947 -6.716 0.615
P545578 5.243 5.189 -6.591 0.957
P545579 4.686 4.641 -4.539 0.768
P545580 5.114 5.033 -6.386 1.215
P545581 4.907 4.881 -6.764 0.724
P545582 5.017 5.019 -5.959 0.382
P545583 4.945 5.064 -6.600 0.956
P545584 4.943 4.990 -6.975 0.631
P545586 5.103 5.124 -5.815 0.451
P545588 4.812 4.874 -6.348 1.587
P545590 4.811 4.757 -4.893 0.535
P545592 5.289 5.304 -6.856 1.331
P545593 5.077 5.073 -7.068 0.599
P545596 5.254 5.317 -6.809 0.388
P545597 5.166 5.113 -6.211 0.604
P545600 4.925 5.322 -7.097 1.984
P545601 5.102 5.172 -7.121 0.391
P545603 5.277 5.362 -6.798 0.998
P545606 5.132 5.130 -6.765 1.421
P545607 4.994 5.147 -7.223 0.512
P545609 4.956 4.486 -5.230 2.304
P545610 5.208 5.324 -6.927 0.303
P545611 5.455 5.438 -6.426 0.816
P545614 5.148 5.120 -3.774 0.893
P545615 5.241 5.252 -6.994 1.009
P545616 5.333 5.357 -6.835 0.312
P545618 5.214 5.170 -7.401 0.307
P545619 5.290 5.240 -6.887 0.926
P545621 5.360 5.447 -6.925 0.650
P545622 5.401 5.528 -7.021 0.539
P545624 5.390 5.353 -7.114 0.580
P545626 5.355 5.360 -6.923 0.722
P545628 4.798 5.045 -6.590 2.121
P545630 5.527 5.536 -6.926 0.858
P545632 5.556 5.562 -6.600 0.237
P545633 5.209 5.286 -6.336 0.446
P545635 4.808 4.751 -4.513 0.743
P545637 5.078 5.091 -6.747 0.668
P545638 4.402 4.602 -5.814 2.265
P545639 4.492 5.155 -5.910 1.507
P545640 4.839 4.776 -4.419 0.382
P545642 5.167 5.158 -6.771 0.754
P545644 5.180 5.276 -6.377 0.758
P545645 5.235 5.279 -5.815 0.350
P545648 4.862 5.292 -6.749 1.755
P545650 5.116 5.245 -6.501 0.480
P545652 5.412 5.431 -6.548 0.817
P545653 5.186 5.079 -6.591 0.825
P545654 5.381 5.319 -6.519 1.279
P545657 5.176 5.187 -5.737 0.512
P545658 5.229 5.333 -6.802 1.259
P545659 5.020 5.160 -6.926 0.582
P545660 4.902 5.022 -6.458 2.110
P545661 4.516 4.946 -5.580 1.237
P545662 5.273 5.189 -6.578 0.957
P545663 5.169 5.193 -6.215 0.254
P545664 5.036 5.129 -6.890 0.798
P545665 5.142 5.141 -6.716 0.538
P545666 5.115 5.196 -6.835 0.916
P545667 4.903 5.012 -6.309 2.220
P545668 5.336 5.277 -6.542 0.708
P545669 5.195 5.242 -6.928 0.857
P545670 5.435 5.444 -6.523 0.873
P545671 5.206 5.200 -6.269 0.952
P545672 5.308 5.240 -7.123 0.416
P545673 5.553 5.579 -6.484 0.416
P545674 5.062 5.099 -6.444 0.449
P545676 5.099 5.198 -6.508 0.567
P545677 5.100 5.142 -6.688 0.526
P545678 4.767 5.148 -6.855 2.501
P545680 4.936 5.260 -6.292 2.396
P545681 5.419 5.384 -6.312 0.489
P545682 4.899 4.900 -6.335 0.377
P545684 5.232 5.285 -6.941 0.506
P545685 5.345 5.360 -6.798 0.363
P545686 5.268 5.070 -6.842 1.086
P545687 5.368 5.434 -6.880 0.654
P545688 5.539 5.562 -6.932 0.192
P545689 5.296 5.284 -7.013 0.311
P545690 5.319 5.317 -6.771 0.413
P545691 4.845 4.885 -5.657 1.269
P545692 5.426 5.400 -6.760 0.715
P545693 4.989 4.888 -4.235 1.737
P545694 5.057 5.279 -6.550 2.003
P545695 4.987 5.083 -5.898 0.258
P545696 5.126 5.192 -7.046 0.884
P545697 4.716 5.139 -5.774 1.267
P545698 5.151 5.139 -7.292 0.310
P545699 5.171 5.062 -6.955 0.489
P545700 5.325 5.405 -6.943 0.626
P545701 5.319 5.389 -6.922 0.709
P545702 5.328 5.264 -7.130 0.581
P545703 4.764 4.949 -6.094 1.834
P545704 5.503 5.448 -6.769 0.489
P545705 5.348 5.340 -6.830 0.334
P545706 5.268 5.201 -7.142 0.397
P545707 5.190 5.177 -6.929 0.505
P545708 5.402 5.451 -6.875 0.654
P545709 5.358 5.477 -6.910 0.622
P545710 5.379 5.405 -7.301 0.301
P545711 5.326 5.303 -6.779 0.381
P545712 5.559 5.584 -6.455 0.502
P545713 5.227 5.342 -6.515 0.458
P545714 5.183 5.365 -4.411 0.474
P545716 4.909 4.955 -6.491 1.020
P545717 5.313 5.348 -5.924 0.278
P545718 5.115 5.148 -6.365 0.618
P545719 5.103 5.166 -6.452 0.572
P545720 5.174 5.219 -6.667 0.489
P545721 5.312 5.309 -6.332 0.656
P545722 4.346 5.217 -5.768 1.964
P545723 5.305 5.348 -6.641 0.501
P545724 5.055 5.246 -6.107 2.482
P545725 4.797 4.939 -6.031 1.988
P545726 5.543 5.517 -6.336 0.386
P545727 5.648 5.637 -6.225 0.667
P545728 5.460 5.482 -6.358 0.610
P545729 5.249 5.212 -6.239 0.651
P545730 5.212 5.177 -6.387 0.631
P545731 4.721 4.736 -5.991 2.982
P545733 5.121 5.137 -6.936 0.815
P545734 5.218 5.179 -4.687 0.413
P545735 5.398 5.293 -6.681 1.015
P545736 4.950 4.860 -4.653 1.409
P545737 5.081 5.061 -6.898 0.449
P545738 5.089 4.891 -6.513 1.122
P545739 5.283 5.267 -6.381 0.241
P545740 5.116 5.189 -6.340 0.356
P545741 5.187 5.188 -6.904 0.283
P545742 5.222 5.195 -6.702 1.348
P545743 4.653 4.635 -5.610 0.973
P545744 5.421 5.409 -6.366 0.449
P545745 5.415 5.392 -6.240 0.342
P545746 5.205 5.222 -7.126 0.401
P545747 5.179 5.147 -6.544 0.721
P545748 5.305 5.253 -4.497 0.303
P545749 5.206 5.244 -6.944 0.739
P545750 5.418 5.252 -6.256 0.642
P545751 4.565 5.216 -5.532 2.045
P545752 5.243 5.236 -4.803 0.433
P545753 5.425 5.328 -6.557 1.382
P545754 5.175 5.144 -6.803 0.453
P545755 5.256 5.112 -6.715 1.007
P545756 5.448 5.552 -6.581 0.758
P545757 5.416 5.435 -6.688 0.656
P545758 5.289 5.485 -6.547 0.593
P545759 5.314 5.339 -6.501 0.553
P545760 4.889 4.875 -6.249 1.745
P545761 4.913 4.956 -4.561 1.363
P545762 5.250 5.067 -6.601 1.207
P545763 5.397 5.330 -6.694 1.118
P545764 5.315 5.362 -6.191 0.273
P545765 5.018 4.861 -6.109 1.293
P545766 5.391 5.414 -6.640 0.495
P545767 4.942 4.890 -6.132 0.629
P545769 5.330 5.323 -6.836 0.421
P545771 5.238 5.187 -7.138 0.357
P545772 5.316 5.117 -7.019 0.897
P545773 5.383 5.479 -6.870 0.678
P545775 5.321 5.530 -6.854 0.883
P545777 5.008 5.353 -5.819 1.210
P545779 5.436 5.382 -6.796 0.554
P545782 5.631 5.530 -6.740 0.486
P545784 5.615 5.705 -6.612 0.441
P545786 5.135 5.099 -5.431 0.469
P545788 5.117 4.888 -4.419 1.152
P545789 5.173 5.373 -6.705 1.211
P545790 5.095 5.249 -6.582 0.494
P545791 4.941 5.111 -6.668 1.588
P545792 5.143 5.184 -6.826 0.444
P545793 5.333 5.343 -6.610 0.635
P545794 4.565 5.235 -6.192 1.573
P545795 5.617 5.534 -6.286 1.071
P545796 5.345 5.312 -4.531 0.355
P545797 5.216 5.351 -6.916 0.544
P545800 5.071 4.891 -6.400 0.688
P545802 4.731 4.792 -5.826 1.523
P545805 4.914 4.905 -5.000 0.501
P545806 5.281 5.317 -6.538 1.664
P545808 5.058 5.083 -6.678 0.937
P545809 5.140 5.227 -6.436 0.623
P545811 5.158 5.241 -5.875 0.547
P545814 4.904 5.218 -6.922 1.344
P545815 4.965 5.262 -6.539 2.012
P545817 5.039 5.135 -6.623 0.336
P545819 5.349 5.366 -6.354 1.030
P545822 5.169 5.198 -6.296 0.672
P545823 5.147 5.415 -6.456 1.878
P545825 5.156 5.244 -6.986 0.632
P545826 5.092 5.081 -7.083 0.730
P545827 5.259 5.323 -6.206 0.599
P545828 5.182 5.235 -7.094 0.410
P545829 4.785 5.151 -7.185 2.428
P545830 5.018 4.854 -6.619 0.724
P545831 5.275 5.336 -6.574 0.627
P545832 5.296 5.157 -6.226 0.810
P545833 5.263 5.202 -6.832 0.323
P545834 5.212 5.219 -6.423 0.709
P545835 4.794 4.808 -5.759 1.311
P545836 5.476 5.396 -6.415 0.693
P545837 5.467 5.445 -6.276 0.332
P545838 5.050 4.743 -5.742 2.028
P545839 5.299 5.258 -6.053 0.442
P545841 4.758 4.963 -5.955 0.726
P545842 5.037 5.077 -6.852 0.634
P545843 5.234 5.225 -6.539 0.306
P545844 5.173 5.273 -6.725 0.636
P545845 5.285 5.211 -6.532 0.688
P545846 5.483 5.286 -6.933 1.041
P545847 5.485 5.511 -6.190 0.655
P545848 5.111 4.984 -6.134 0.338
P545850 5.147 5.356 -6.751 0.973
P545851 5.345 5.270 -4.523 1.005
P545852 5.252 5.206 -6.900 0.440
P545853 5.268 5.176 -6.557 1.212
P545854 5.414 5.488 -6.521 0.898
P545855 5.464 5.141 -6.633 1.151
P545856 5.590 5.624 -6.794 0.618
P545857 4.864 5.210 -6.071 2.840
P545858 5.702 5.537 -6.851 0.965
P545859 5.813 5.825 -6.435 0.244
P545860 5.348 5.301 -6.081 0.526
P545862 5.087 5.143 -6.088 0.680
P545863 4.883 4.911 -5.696 1.070
P545864 5.303 5.346 -6.513 0.584
P545865 5.188 5.067 -6.475 1.828
P545866 5.316 5.333 -6.621 0.456
P545867 5.183 5.085 -4.459 0.548
P545869 5.265 5.287 -6.958 0.523
P545870 5.263 5.242 -4.616 0.629
P545871 5.357 5.290 -6.893 0.656
P545872 5.185 5.177 -7.181 0.355
P545873 5.516 5.659 -6.798 0.303
P545874 4.798 4.891 -5.935 1.718
P545875 5.616 5.548 -6.795 0.533
P545876 5.708 5.735 -6.594 0.327
P545877 5.312 5.280 -6.492 0.829
P545878 5.263 5.270 -6.571 0.310
P545879 5.301 5.089 -6.779 1.137
P545880 5.240 5.227 -6.259 0.519
P545881 4.959 4.801 -5.416 1.953
P545882 5.250 5.270 -6.724 0.250
P545883 5.020 4.834 -5.443 1.332
P545884 5.262 5.266 -6.633 0.783
P545885 5.152 5.079 -6.846 0.596
P545886 5.352 5.407 -6.607 0.828
P545887 5.315 5.375 -6.542 1.000
P545888 5.309 5.362 -7.045 0.591
P545889 5.353 5.317 -6.426 0.319
P545890 4.877 4.901 -5.833 0.694
P545891 5.566 5.480 -6.384 0.440
P545892 5.395 5.465 -6.262 0.635
P545893 5.358 5.270 -6.282 0.846
P545894 5.044 5.020 -4.989 0.695
P545895 4.877 5.118 -6.283 1.218
P545896 5.181 4.863 -5.171 3.360
P545897 5.213 5.178 -7.185 0.359
P545898 5.301 5.256 -6.527 0.691
P545899 5.215 5.112 -4.003 0.549
P545900 5.181 5.291 -7.018 0.569
P545901 5.256 5.299 -5.174 0.564
P545902 5.299 5.269 -6.895 0.296
P545903 5.226 5.152 -7.260 0.382
P545904 5.231 5.076 -6.849 1.345
P545905 5.429 5.458 -6.909 0.652
P545906 5.446 5.563 -7.104 0.525
P545907 5.411 5.409 -7.367 0.915
P545908 4.851 4.934 -6.276 1.898
P545909 5.540 5.511 -6.688 0.425
P545910 5.551 5.588 -6.582 0.235
P545911 5.394 5.449 -6.626 0.511
P545912 4.851 4.867 -6.244 1.922
P545913 4.874 4.847 -4.555 0.646
P545914 5.204 5.188 -6.625 1.363
P545915 5.111 5.151 -6.701 0.406
P545916 5.077 5.146 -6.239 0.731
P545917 5.173 5.260 -5.779 0.659
P545918 5.321 5.334 -6.735 0.550
P545920 4.577 4.926 -5.693 1.064
P545921 4.915 5.084 -5.805 1.172
P545922 5.436 5.501 -6.900 0.752
P545923 5.364 5.403 -6.804 1.102
P545924 5.447 5.407 -6.943 0.632
P545925 5.573 5.503 -6.787 0.534
P545926 5.596 5.652 -6.637 0.280
P545927 5.393 5.434 -6.613 0.706
P545928 5.020 4.585 -6.114 1.281
P545931 4.867 5.045 -6.494 1.751
P545936 5.055 4.877 -6.394 1.451
P545939 5.171 4.766 -6.252 1.234
P545942 5.144 5.153 -6.930 0.277
P545945 5.246 5.318 -6.699 0.463
P545949 5.254 5.236 -6.298 0.420
P545952 5.327 5.305 -6.814 1.018
P545954 5.217 5.256 -6.626 0.826
P545956 5.328 5.208 -6.857 0.742
P545961 5.248 5.274 -6.850 1.057
P545962 4.925 5.019 -7.036 0.667
P545963 5.172 4.801 -5.375 1.730
P545964 5.446 5.574 -4.999 0.394
P545965 4.865 4.712 -4.164 1.269
P545966 5.304 5.122 -6.467 1.379
P545967 5.105 5.128 -6.724 0.351
P545968 5.207 5.310 -6.293 0.652
P545969 5.226 5.228 -6.274 0.570
P545970 5.420 5.397 -6.508 0.696
P545971 5.334 5.294 -6.577 1.275
P545972 5.340 5.351 -6.426 0.494
P545973 5.211 5.155 -6.710 0.365
P545974 5.250 5.201 -6.759 0.985
P545975 5.336 5.390 -6.587 0.992
P545976 5.532 5.533 -6.629 1.178
P545977 5.545 5.558 -6.244 0.302
P545978 4.681 4.951 -6.248 1.581
P545979 4.928 5.067 -6.637 0.669
P545981 5.106 5.041 -6.641 0.809
P545983 5.368 5.282 -6.797 0.790
P545984 5.212 5.238 -5.882 0.872
P545985 5.267 5.261 -6.053 0.493
P545986 5.619 5.530 -6.804 0.509
P545987 5.614 5.628 -6.618 0.287
P545988 5.268 5.253 -7.161 0.431
P545989 5.275 5.282 -6.239 0.765
P545990 5.280 5.202 -3.348 0.596
P545991 5.201 5.057 -5.288 0.527
P545992 5.059 5.299 -6.201 2.863
P545993 5.300 5.455 -6.570 1.476
P545995 5.232 5.220 -6.333 1.457
P545997 5.166 5.262 -6.695 0.594
P545998 5.253 5.298 -6.606 1.271
P545999 5.234 5.279 -5.845 0.341
P546001 5.220 5.192 -6.478 1.240
P546003 5.102 5.127 -6.681 0.829
P546005 4.880 5.023 -6.004 2.451
P546007 4.952 4.835 -4.688 0.708
P546008 4.828 4.644 -5.480 1.324
P546009 5.139 5.144 -6.449 0.507
P546010 4.841 4.941 -5.027 1.356
P546011 4.860 4.436 -5.203 2.328
P546012 5.150 5.211 -6.440 0.301
P546015 5.076 5.074 -5.945 0.288
P546016 5.110 5.064 -4.138 1.179
P546019 5.019 4.983 -6.563 0.716
P546020 4.943 5.077 -6.576 0.356
P546021 5.157 5.206 -6.328 0.811
P546022 4.861 5.249 -6.260 2.188
P546023 4.854 5.200 -6.647 2.315
P546024 4.779 5.144 -6.653 2.042
P546025 5.074 5.088 -6.535 0.411
P546026 5.150 5.183 -5.912 0.377
P546027 5.119 5.152 -6.340 0.644
P546028 5.068 5.069 -6.714 0.674
P546029 5.343 5.235 -6.334 0.951
P546030 4.836 5.147 -6.435 2.483
P546032 5.086 5.089 -6.261 0.733
P546033 4.890 5.061 -6.289 0.816
P546034 4.807 4.761 -4.680 0.716
P546035 5.289 5.253 -6.840 0.818
P546036 5.098 5.107 -7.044 0.793
P546037 5.235 5.278 -6.702 0.873
P546038 5.315 5.303 -6.150 0.646
P546039 5.359 5.429 -7.338 0.459
P546040 5.248 5.347 -6.617 0.798
P546041 5.128 5.268 -6.929 0.364
P546042 5.088 5.266 -7.091 2.375
P546043 5.290 5.252 -6.719 1.059
P546044 5.399 5.361 -6.854 0.579
P546045 5.375 5.324 -7.072 0.719
P546046 5.116 5.176 -7.211 0.699
P546047 5.091 5.361 -6.263 1.832
P546049 4.989 5.062 -5.857 0.732
P546050 5.198 5.291 -6.612 0.345
P546051 4.992 4.823 -4.282 1.726
P546052 5.126 5.226 -6.177 2.211
P546053 5.108 5.106 -6.878 0.374
P546054 5.436 5.400 -6.637 0.714
P546055 5.296 5.351 -6.611 1.043
P546056 5.592 5.472 -6.667 1.139
P546057 5.190 5.184 -6.161 0.605
P546058 5.146 4.923 -6.482 1.241
P546059 5.218 5.297 -6.608 0.775
P546060 5.215 5.225 -6.468 0.340
P546061 4.699 4.862 -6.025 1.829
P546062 5.136 5.116 -6.310 0.987
P546064 5.376 5.315 -6.372 0.592
P546065 5.189 5.231 -6.391 0.391
P546068 4.804 5.164 -6.584 1.704
P546069 4.905 5.034 -6.632 0.533
P546071 5.273 5.301 -5.986 0.531
P546074 5.280 5.348 -6.149 1.086
P546076 5.081 5.095 -6.663 0.724
P546077 4.837 5.107 -5.937 2.070
P546080 5.131 5.339 -6.794 0.663
P546081 4.877 4.815 -5.978 0.970
P546082 5.314 5.317 -6.599 0.422
P546083 5.512 5.594 -4.317 0.920
P546084 5.249 5.251 -7.180 0.238
P546085 5.262 5.209 -6.901 0.905
P546087 4.640 4.914 -6.167 1.337
P546088 4.745 4.667 -4.609 0.586
P546089 5.266 5.168 -6.392 0.917
P546092 5.102 4.903 -6.380 1.472
P546093 5.168 5.260 -6.446 0.319
P546095 5.243 5.409 -6.226 0.534
P546097 5.162 5.265 -6.937 0.869
P546100 5.103 5.172 -6.355 0.657
P546102 5.063 5.099 -6.237 0.891
P546103 5.087 5.149 -6.500 0.846
P546104 4.848 5.093 -6.192 2.282
P546106 4.983 4.879 -4.702 1.773
P546108 5.209 5.274 -6.643 0.407
P546109 5.427 5.373 -6.053 0.493
P546110 4.861 4.981 -5.976 2.387
P546112 5.362 5.218 -6.513 1.952
P546113 5.092 5.154 -4.363 0.514
P546114 5.155 5.163 -6.880 0.446
P546115 4.851 5.106 -5.602 1.583
P546116 5.444 5.442 -6.510 0.871
P546117 5.355 5.332 -6.372 0.935
P546118 5.368 5.436 -6.856 0.473
P546119 5.111 5.136 -6.221 0.305
P546120 4.847 5.232 -7.109 1.676
P546121 5.006 5.063 -7.056 0.466
P546122 5.152 5.195 -6.583 0.420
P546123 4.808 4.521 -4.630 2.020
P546124 5.166 5.137 -6.341 0.447
P546125 5.111 4.930 -6.837 1.861
P546126 5.047 4.961 -4.567 0.313
P546127 4.881 5.015 -7.181 0.589
P546128 4.988 4.967 -7.108 0.319
P546129 5.061 4.951 -7.164 1.091
P546130 5.194 5.188 -6.972 0.743
P546131 5.149 5.048 -7.118 0.689
P546132 4.699 4.647 -6.082 2.452
P546134 5.614 5.558 -6.826 1.039
P546135 5.146 5.308 -5.957 2.004
P546136 5.091 5.140 -6.447 1.098
P546137 5.279 5.224 -5.792 0.361
P546138 5.153 5.332 -6.785 0.792
P546139 5.220 5.346 -6.132 0.797
P546140 5.227 5.255 -6.117 0.382
P546141 5.464 5.339 -6.203 1.003
P546142 5.583 5.415 -6.492 1.628
P546143 5.222 5.136 -4.790 0.911
P546145 5.222 5.235 -7.113 0.626
P546146 5.370 5.252 -6.143 1.203
P546150 5.239 5.207 -6.482 0.763
P546152 4.893 5.138 -6.754 0.624
P546156 5.277 5.176 -6.616 1.781
P546157 5.128 5.230 -7.293 0.372
P546160 5.294 5.255 -4.747 0.539
P546161 5.401 5.424 -7.071 1.512
P546163 5.197 5.213 -7.194 0.342
P546164 5.203 5.034 -6.886 0.916
P546166 5.357 5.440 -6.974 0.747
P546167 5.167 5.107 -4.997 0.574
P546169 5.279 5.287 -6.751 0.639
P546171 5.175 5.110 -6.705 0.762
P546172 5.457 5.291 -6.224 1.343
P546174 5.108 5.199 -6.889 0.370
P546177 5.131 5.282 -7.024 1.017
P546179 5.135 5.098 -6.864 1.174
P546180 4.945 5.051 -7.005 0.479
P546181 5.195 5.120 -6.533 1.445
P546182 5.173 5.126 -4.532 0.304
P546183 5.198 5.199 -6.865 0.543
P546184 5.107 5.069 -7.171 0.334
P546185 5.038 4.953 -6.862 0.707
P546186 5.268 5.357 -6.991 0.635
P546187 5.252 5.249 -7.199 0.298
P546188 5.248 5.208 -6.857 0.903
P546189 5.466 5.386 -7.207 1.448
P546190 5.435 5.429 -6.560 0.276
P546191 5.438 5.429 -6.671 0.897
P546192 5.009 5.046 -6.474 0.514
P546195 5.244 5.281 -7.049 0.888
P546197 5.069 4.854 -4.772 0.680
P546200 4.872 5.238 -5.807 1.358
P546202 5.232 5.237 -7.249 0.359
P546203 5.293 5.194 -6.918 0.814
P546205 5.387 5.523 -6.915 0.769
P546207 5.322 5.419 -6.758 0.811
P546208 5.408 5.333 -7.194 0.813
P546209 4.943 4.304 -5.289 2.590
P546210 5.453 5.357 -6.983 0.923
P546212 5.321 5.311 -6.423 0.609
P546213 5.428 5.346 -6.620 0.611
P546214 5.154 5.148 -6.995 0.395
P546215 5.407 5.434 -6.335 0.338
P546216 5.200 5.425 -6.564 1.064
P546217 5.390 5.315 -6.806 0.842
P546218 5.296 5.304 -6.454 0.450
P546219 5.524 5.557 -6.293 0.250
P546220 5.282 5.396 -6.875 0.472
P546221 4.781 4.684 -5.919 0.839
P546223 5.220 5.162 -6.380 1.024
P546225 4.994 5.047 -6.793 0.631
P546226 5.077 5.156 -6.398 0.458
P546229 5.137 5.134 -5.935 0.431
P546231 4.880 5.073 -6.855 0.795
P546232 5.144 5.174 -6.283 0.650
P546235 5.239 5.191 -6.608 0.384
P546236 5.233 5.231 -6.453 1.131
P546238 5.138 5.104 -6.472 1.125
P546240 4.700 4.675 -4.631 0.661
P546242 4.800 4.887 -5.628 1.169
P546243 5.584 5.476 -6.752 0.795
P546244 5.570 5.629 -6.639 0.405
P546245 5.481 5.442 -6.422 0.554
P546248 4.899 4.848 -6.090 2.472
P546251 5.281 5.261 -7.066 0.949
P546252 5.220 5.381 -6.827 0.616
P546253 4.791 5.208 -5.781 1.443
P546254 5.238 5.263 -7.195 0.355
P546256 5.441 5.488 -6.888 0.796
P546258 5.545 5.665 -7.001 0.688
P546260 5.378 5.289 -7.125 0.606
P546263 5.423 5.327 -6.832 0.580
P546265 4.949 4.956 -6.030 0.699
P546267 5.561 5.619 -6.628 0.328
P546269 5.406 5.438 -6.683 0.544
P546271 5.635 5.589 -6.883 0.630
P546272 5.308 5.321 -7.058 0.485
P546273 4.947 4.672 -5.000 2.151
P546274 4.927 5.012 -6.784 0.598
P546275 5.090 5.145 -6.562 0.600
P546276 4.889 4.899 -3.990 1.906
P546278 5.154 5.085 -6.032 0.659
P546279 5.104 5.113 -6.776 0.479
P546280 5.410 5.302 -6.812 1.086
P546281 5.264 5.475 -4.750 0.557
P546282 5.587 5.529 -6.384 0.602
P546283 5.170 5.213 -6.772 0.551
P546284 5.152 5.233 -7.053 0.476
P546285 5.224 5.331 -6.765 0.695
P546286 5.452 5.354 -6.835 0.618
P546287 5.508 5.434 -6.458 0.616
P546288 4.993 4.958 -6.424 0.856
P546290 5.447 5.204 -6.490 1.445
P546291 5.262 5.317 -5.024 0.703
P546292 5.407 5.330 -6.397 0.403
P546293 4.892 5.071 -6.973 0.699
P546295 4.473 4.717 -5.743 1.176
P546297 5.234 5.187 -4.631 0.430
P546298 4.935 4.841 -4.395 1.874
P546299 5.389 5.181 -6.814 1.274
P546300 5.091 5.100 -7.111 0.182
P546301 5.177 5.131 -7.068 0.693
P546302 5.294 5.366 -6.967 0.788
P546303 5.189 5.184 -6.856 0.638
P546304 5.551 5.447 -7.134 0.928
P546305 5.260 5.303 -7.143 0.523
P546306 5.119 5.143 -6.195 0.394
P546307 5.185 5.154 -6.501 0.864
P546309 4.759 4.388 -5.002 2.106
P546310 5.699 5.875 -6.918 0.853
P546311 5.121 5.111 -7.103 0.803
P546312 5.277 5.279 -6.604 0.432
P546313 5.276 5.152 -6.496 0.963
P546315 5.055 5.360 -6.800 1.881
P546317 5.121 5.265 -6.679 0.397
P546319 5.258 5.415 -6.454 0.909
P546321 5.106 5.209 -6.922 0.471
P546323 5.396 5.429 -5.997 0.752
P546325 5.267 5.326 -6.410 0.456
P546327 5.154 5.194 -6.796 0.688
P546328 4.899 4.810 -6.146 0.818
P546329 5.202 5.243 -6.841 0.312
P546330 5.249 5.308 -6.181 0.412
P546331 4.991 4.828 -6.731 1.168
P546332 5.608 5.620 -6.609 0.249
P546333 5.626 5.570 -6.813 0.447
P546334 5.431 5.402 -6.863 0.480
P546335 5.327 5.249 -6.472 0.640
P546336 5.518 5.449 -6.353 0.704
P546337 5.242 5.330 -7.381 0.875
P546338 5.208 5.276 -6.584 0.555
P546339 5.071 5.160 -7.054 0.556
P546340 5.142 5.247 -6.768 0.706
P546341 5.319 5.239 -6.848 1.129
P546342 5.311 5.276 -6.536 0.710
P546343 4.998 4.902 -5.050 0.426
P546344 5.220 5.329 -6.931 0.355
P546346 5.327 5.324 -4.599 0.307
P546347 5.372 5.330 -6.896 0.588
P546348 5.215 5.183 -7.199 0.328
P546349 5.292 5.243 -5.109 0.445
P546350 5.467 5.580 -7.082 0.460
P546351 5.386 5.276 -7.047 0.828
P546352 4.828 4.829 -5.880 1.301
P546353 5.664 5.574 -7.106 0.912
P546354 5.208 5.186 -7.138 0.385
P546355 5.287 5.192 -6.966 0.700
P546356 5.397 5.469 -6.898 0.719
P546357 5.555 5.387 -6.420 1.139
P546358 5.341 5.300 -6.855 0.829
P546359 4.886 4.898 -5.739 1.461
P546362 5.262 5.357 -6.751 0.330
P546363 4.885 4.950 -5.973 1.140
P546364 5.226 5.179 -5.804 0.495
P546367 5.271 5.004 -5.798 0.999
P546368 5.063 4.951 -4.328 1.550
P546370 5.107 5.211 -6.952 0.840
P546372 4.867 4.976 -6.062 0.836
P546376 5.234 5.281 -5.952 0.510
P546380 5.434 5.491 -4.750 1.036
P546382 4.794 5.340 -5.721 2.020
P546383 5.473 5.174 -3.936 1.534
P546385 5.352 5.376 -6.321 0.998
P546386 5.047 4.947 -5.834 1.272
P546390 5.067 5.259 -6.016 1.187
P546391 5.324 5.257 -6.994 1.012
P546392 5.578 5.529 -6.720 0.341
P546394 4.758 4.894 -5.658 1.229
P546395 5.351 4.949 -5.840 1.879
P546396 5.349 5.322 -7.307 0.850
P546398 5.087 5.241 -5.900 1.007
P546399 4.889 4.881 -6.001 2.123
P546403 5.419 5.393 -6.264 0.534
P546405 5.584 5.692 -6.680 0.462
P546406 5.555 5.616 -6.813 0.739
P546408 5.601 5.611 -6.583 0.557
P546409 5.280 5.411 -6.839 0.670
P546411 5.241 5.129 -6.889 0.881
P546413 5.160 5.168 -6.992 0.253
P546414 5.181 5.149 -5.465 0.500
P546415 5.152 5.294 -6.699 0.939
P546417 4.937 4.957 -5.044 1.353
P546418 5.504 5.467 -6.145 0.535
P546419 5.532 5.529 -6.151 0.481
P546421 5.294 5.198 -3.179 0.911
P546424 5.278 5.486 -6.853 0.906
P546426 5.405 5.472 -6.798 0.799
P546429 5.286 5.360 -6.939 0.758
P546431 5.364 5.231 -6.813 0.948
P546432 5.059 5.027 -5.983 0.922
P546433 5.278 5.384 -6.969 0.567
P546434 5.376 5.423 -6.564 0.576
P546435 5.588 5.572 -6.284 0.411
P546437 5.317 5.289 -4.090 0.454
P546440 5.330 5.372 -6.740 0.402
P546441 5.479 5.448 -6.794 0.721
P546443 5.323 5.284 -6.739 0.343
P546444 5.640 5.687 -5.826 0.704
P546445 5.240 5.413 -6.629 1.895
P546449 5.279 5.177 -6.825 1.524
P546450 5.237 5.370 -7.024 0.717
P546451 5.338 5.376 -6.817 0.487
P546453 5.361 5.322 -6.929 0.342
P546454 5.399 5.490 -7.031 0.639
P546456 5.380 5.441 -6.499 1.168
P546457 5.314 5.383 -5.381 0.492
P546459 5.184 5.176 -7.433 0.389
P546460 5.230 5.136 -7.226 0.565
P546461 5.273 5.277 -7.113 1.020
P546462 5.133 4.752 -4.162 1.460
P546464 5.593 5.601 -6.335 0.305
P546465 5.644 5.561 -6.462 0.703
P546467 5.453 5.153 -4.275 1.249
P546468 5.408 5.503 -7.124 1.153
P546470 5.409 5.547 -6.786 1.030
P546473 5.372 5.545 -6.744 1.212
P546474 5.370 5.561 -6.944 0.880
P546475 5.398 5.563 -6.958 1.072
P546477 5.372 5.434 -7.348 0.804
P546479 5.394 5.429 -6.879 0.770
P546481 5.218 4.877 -6.079 1.243
P546482 5.220 4.891 -4.832 1.098
P546484 5.312 5.304 -7.240 0.745
P546485 5.275 5.136 -6.412 0.874
P546486 5.244 5.290 -6.555 0.497
P546487 5.075 5.378 -6.445 0.960
P546488 5.454 5.385 -4.518 0.358
P546489 5.112 5.102 -5.274 0.916
P546490 4.992 5.022 -5.917 0.516
P546492 5.369 5.282 -4.977 0.579
P546493 5.220 5.566 -6.175 1.745
P546495 5.470 5.618 -6.754 0.830
P546496 5.433 5.615 -6.739 0.918
P546499 5.428 5.346 -6.786 0.865
P546500 5.406 5.445 -6.505 0.706
P546502 4.962 5.169 -6.148 1.769
P546503 5.615 5.543 -6.478 0.922
P546506 5.664 5.709 -6.379 0.478
P546507 5.431 5.246 -6.404 1.771
P546508 5.447 5.502 -6.672 0.651
P546510 5.417 5.459 -6.625 0.694
P546511 5.391 5.380 -6.836 0.671
P546513 5.241 5.436 -6.581 0.932
P546516 5.449 5.575 -6.782 0.859
P546517 5.289 5.311 -6.858 0.465
P546519 5.314 5.250 -6.793 0.376
P546520 4.957 4.834 -5.563 2.353
P546521 5.408 5.431 -6.634 0.657
P546523 5.039 4.685 -4.201 1.198
P546524 5.628 5.618 -6.613 0.592
P546526 5.615 5.655 -6.272 0.501
P546528 5.389 5.487 -6.491 0.790
P546536 5.321 5.415 -6.873 0.720
P546538 4.995 5.170 -6.238 1.716
P546540 5.497 5.222 -5.651 1.224
P546543 5.140 5.043 -4.447 1.428
P546546 5.258 5.253 -6.645 1.166
P546547 5.240 4.911 -5.917 1.121
P546551 5.333 5.332 -7.460 0.823
P546554 5.445 5.179 -5.922 1.042
P546555 5.274 5.258 -6.200 0.811
P546556 5.510 5.467 -5.577 0.849
P546557 5.361 5.565 -6.722 0.984
P546558 5.302 5.200 -6.705 0.870
P546559 5.291 5.226 -6.959 0.414
P546560 5.003 4.958 -5.167 1.735
P546562 5.266 5.001 -5.775 1.357
P546565 5.568 5.465 -5.725 1.837
P546566 5.432 5.205 -6.066 0.801
P546567 5.123 5.221 -6.546 1.233
P546568 5.567 5.549 -7.048 0.433
P546571 5.402 5.330 -6.787 1.264
P546573 5.259 5.210 -5.419 0.625
P546575 4.835 5.163 -5.403 1.803
P546577 5.398 5.550 -7.033 0.647
P546580 5.538 5.341 -5.787 1.103
P546585 5.386 5.327 -6.696 0.475
P546587 5.606 5.568 -6.525 0.799
P546589 5.384 5.355 -7.069 0.492
P546590 5.715 5.658 -6.858 1.373
P546591 5.405 5.409 -6.514 0.616
P546592 5.397 5.382 -6.871 1.246
P546593 5.153 5.219 -5.924 1.172
P546595 5.101 4.924 -6.214 1.574
P546596 5.174 5.118 -4.469 0.351
P546598 5.245 5.300 -6.733 0.641
P546599 5.459 5.596 -6.641 0.678
P546601 5.666 5.679 -6.929 0.549
P546603 5.502 5.493 -6.739 0.811
P546604 5.490 5.459 -6.607 0.606
P546606 4.954 5.053 -5.875 1.511
P546608 5.649 5.710 -6.297 0.651
P546609 5.290 5.328 -6.557 0.654
P546611 4.829 4.728 -5.673 2.798
P546614 5.298 5.320 -7.035 0.523
P546616 5.297 5.268 -6.611 0.459
P546617 5.158 5.163 -6.908 0.453
P546620 5.359 5.380 -6.253 0.721
P546622 5.299 5.235 -7.073 0.667
P546623 5.231 5.338 -6.731 0.857
P546624 5.290 5.271 -6.857 0.796
P546626 5.264 5.242 -6.836 1.383
P546628 4.744 4.941 -6.097 1.534
P546629 5.470 5.472 -6.452 1.089
P546631 5.465 5.477 -6.365 0.284
P546633 5.214 5.392 -6.564 0.635
P546634 5.263 5.429 -7.091 0.725
P546635 5.395 5.415 -6.043 0.508
P546637 5.350 5.332 -6.764 0.217
P546638 5.383 5.272 -6.553 0.439
P546639 5.417 5.593 -7.032 0.860
P546640 5.633 5.697 -6.819 0.769
P546641 5.319 5.143 -5.788 1.491
P546642 5.387 5.474 -7.118 1.143
P546643 5.342 5.340 -7.173 0.223
P546645 5.352 5.344 -6.395 0.902
P546646 5.186 4.982 -5.552 1.613
P546647 5.205 5.287 -5.614 1.156
P546648 5.210 5.260 -4.885 0.765
P546650 5.278 5.472 -6.876 1.013
P546651 5.322 5.374 -5.669 1.386
P546652 4.981 5.046 -6.404 2.087
P546653 5.299 5.370 -6.915 0.594
P546654 5.643 5.664 -6.385 0.331
P546655 5.401 5.406 -6.545 0.803
P546657 5.129 5.048 -5.825 2.161
P546659 5.251 4.697 -5.196 2.189
P546660 5.533 5.581 -2.278 0.545
P546661 5.257 5.228 -7.053 0.428
P546663 5.409 5.407 -6.364 0.635
P546665 5.536 5.642 -7.061 0.844
P546666 5.149 5.177 -5.942 1.119
P546667 5.502 5.533 -5.286 0.499
P546668 5.542 5.469 -7.106 0.382
P546669 5.467 5.426 -4.745 0.316
P546670 5.661 5.761 -4.457 0.701
P546671 5.075 5.315 -6.286 1.009
P546672 5.336 5.322 -6.599 0.606
P546673 4.798 4.624 -5.320 1.507
P546674 5.369 5.330 -7.360 0.465
P546675 5.504 5.664 -7.174 0.726
P546676 5.260 5.221 -7.024 1.847
P546677 5.295 5.310 -7.228 0.339
P546678 5.307 5.109 -5.937 2.399
P546679 5.533 5.476 -7.025 0.527
P546681 4.994 5.393 -7.026 0.813
P546685 5.298 5.115 -6.308 1.128
P546689 5.595 5.588 -6.338 0.256
P546690 5.509 5.577 -6.674 1.340
P546691 4.958 4.961 -5.805 1.485
P546693 5.443 5.284 -6.524 1.118
P546695 5.436 5.377 -7.019 0.519
P546697 5.420 5.433 -6.620 1.039
P546698 5.314 5.441 -6.655 0.650
P546700 5.211 5.150 -6.591 1.428
P546703 5.206 5.203 -6.844 1.021
P546704 5.509 5.463 -6.804 0.396
P546707 5.290 5.299 -4.352 0.417
P546709 4.785 5.096 -5.094 1.907
P546713 4.977 4.889 -5.854 2.601
P546715 5.352 5.335 -6.279 0.781
P546716 5.394 5.422 -7.173 0.359
P546717 5.296 5.194 -5.639 0.700
P546718 5.187 5.221 -6.675 1.409
P546719 5.540 5.519 -7.357 0.596
P546723 5.314 5.331 -7.092 0.898
P546724 5.288 5.389 -7.061 0.978
P546725 5.461 5.463 -6.982 0.562
P546726 5.299 5.442 -6.751 0.853
P546727 5.281 4.980 -6.678 1.065
P546728 5.196 5.158 -6.941 0.367
P546730 5.297 5.283 -6.700 0.345
P546732 5.112 4.994 -5.720 2.368
P546733 5.207 5.223 -6.712 0.352
P546735 5.079 4.748 -5.433 1.893
P546737 5.106 5.361 -6.350 2.049
P546738 5.532 5.591 -6.958 0.483
P546741 5.327 5.405 -6.841 0.490
P546743 5.333 5.357 -7.001 0.712
P546744 5.228 5.191 -6.577 0.603
P546747 5.509 5.540 -6.375 0.236
P546748 5.548 5.519 -6.570 0.560
P546751 5.336 5.517 -4.614 0.408
P546753 5.331 5.159 -5.414 0.887
P546757 5.278 5.237 -6.798 1.192
P546760 4.859 5.297 -6.345 1.216
P546762 5.678 5.635 -5.906 1.000
P546763 5.390 5.214 -4.001 0.628
P546764 5.333 5.277 -7.061 0.456
P546765 5.269 5.248 -6.833 0.307
P546766 5.465 5.479 -6.217 0.579
P546767 5.700 5.695 -6.161 0.438
P546768 5.622 5.540 -6.248 1.066
P546769 5.401 5.376 -6.262 0.496
P546770 5.424 5.489 -6.621 0.883
P546771 5.526 5.665 -6.548 0.540
P546772 5.402 5.590 -6.486 1.098
P546773 5.316 5.310 -6.470 1.006
P546774 5.343 5.329 -6.368 0.451
P546776 5.128 4.879 -6.037 1.246
P546777 5.353 5.232 -4.898 0.718
P546778 5.464 5.487 -6.707 0.647
P546780 5.704 5.724 -6.653 0.458
P546783 5.700 5.675 -6.962 0.504
P546787 4.975 5.001 -6.265 1.880
P546790 5.413 5.415 -6.803 0.587
P546793 5.465 5.491 -7.226 0.432
P546797 5.548 5.678 -7.187 0.405
P546799 5.417 5.608 -7.135 0.926
P546802 5.453 5.208 -7.022 0.983
P546805 5.368 5.318 -7.212 0.501
P546807 5.632 5.516 -6.990 0.941
P546808 5.530 5.496 -6.421 0.516
P546809 5.460 5.402 -6.931 0.562
P546810 5.223 5.330 -6.581 0.390
P546811 5.366 5.521 -6.992 0.778
P546812 5.274 5.294 -7.233 0.279
P546813 5.450 5.323 -7.042 0.774
P546814 5.409 5.363 -4.882 0.369
P546815 3.630 3.787 -3.682 0.511
P546816 3.803 3.951 -3.896 0.615
P546817 3.740 3.678 -3.810 1.676
P546818 3.662 3.841 -3.908 0.562
P546819 3.797 3.938 -3.877 0.557
P546820 3.799 3.961 -3.840 0.571
P546821 3.741 3.684 -3.761 1.379
P546822 3.798 3.981 -3.518 0.413
P546823 3.625 3.681 -3.778 0.375
P546824 3.697 3.793 -3.624 0.512
P546825 4.003 4.026 -3.011 1.291
P546827 3.700 3.889 -3.904 0.922
P546828 3.764 3.963 -3.525 0.972
P546829 3.927 3.847 -3.066 0.628
P546830 3.885 3.774 -2.885 1.115
P546831 3.768 3.965 -3.889 0.790
P546832 3.717 3.826 -3.725 0.471
P546833 3.810 3.971 -3.899 0.651
P546834 3.758 3.943 -3.930 0.770
P546835 3.735 3.821 -3.494 0.456
P546836 3.743 3.837 -3.465 1.125
P546837 3.617 3.739 -3.695 0.456
P546838 3.702 3.849 -3.576 0.494
P546839 4.027 4.052 -3.326 0.815
P546840 3.875 3.854 -3.542 0.683
P546841 3.840 4.037 -3.706 0.455
P546842 3.767 3.824 -3.519 0.573
P546843 3.704 3.925 -3.917 0.597
P546844 3.834 4.021 -3.902 0.631
P546845 3.837 4.051 -3.865 0.805
P546846 3.809 3.946 -3.953 0.864
P546847 3.801 4.021 -3.903 0.603
P546848 3.683 3.661 -3.732 1.482
P546849 3.982 3.875 -3.783 0.959
P546850 3.725 3.832 -3.585 0.328
P546852 3.684 3.656 -3.760 1.642
P546853 3.498 3.691 -4.097 1.280
P546854 3.730 3.668 -3.774 0.961
P546855 3.742 3.840 -3.493 0.672
P546856 3.959 3.935 -2.859 1.174
P546857 4.162 4.055 -3.072 1.468
P546858 3.794 3.879 -3.495 0.620
P546859 3.603 3.632 -3.671 1.292
P546861 3.614 3.649 -3.793 1.495
P546862 3.673 3.830 -3.768 0.371
P546864 3.663 3.810 -3.648 0.271
P546869 3.616 3.640 -3.253 0.090
P546871 3.638 3.619 -3.647 0.694
P546873 3.612 3.754 -3.927 0.441
P546875 3.517 3.663 -3.843 0.719
P546876 3.582 3.699 -3.856 0.960
P546878 3.703 3.759 -3.851 1.656
P546880 3.635 3.656 -3.362 0.081
P546882 3.693 3.831 -3.594 0.443
P546885 3.682 3.789 -3.865 0.657
P546887 3.608 3.761 -3.801 0.380
P546888 3.732 3.878 -3.894 0.565
P546890 3.709 3.848 -3.519 0.949
P546892 3.634 3.745 -3.692 0.512
P546894 3.705 3.834 -3.748 0.350
P546896 3.635 3.848 -4.033 0.853
P546897 3.669 3.842 -3.974 0.982
P546898 3.523 3.524 -4.138 1.114
P546899 3.943 3.713 -2.971 1.819
P546900 3.784 3.976 -3.917 0.789
P546901 3.720 3.878 -3.961 0.720
P546902 3.592 3.781 -3.806 0.597
P546903 3.670 3.732 -3.473 0.615
P546904 3.684 3.825 -3.885 0.661
P546905 3.578 3.783 -4.051 0.834
P546906 3.624 3.663 -3.608 0.482
P546907 3.696 3.759 -3.634 0.423
P546908 3.582 3.662 -3.823 0.400
P546909 3.678 3.689 -3.594 0.436
P546910 3.533 3.627 -3.777 0.823
P546911 3.519 3.574 -3.796 0.938
P546912 3.607 3.720 -3.807 0.582
P546913 3.594 3.658 -3.751 0.799
P546915 3.899 3.844 -3.490 1.777
P546916 4.025 4.076 -3.385 0.696
P546917 3.702 3.600 -3.617 1.165
P546918 3.619 3.774 -3.641 0.502
P546919 3.716 3.897 -3.735 0.444
P546920 3.774 3.508 -3.188 1.692
P546921 3.701 3.856 -3.618 0.518
P546922 3.654 3.695 -3.966 1.064
P546923 3.615 3.835 -3.976 0.584
P546924 3.759 3.981 -3.915 0.817
P546925 3.639 3.847 -3.747 0.408
P546926 3.714 3.940 -3.975 0.793
P546927 3.746 3.939 -3.945 0.582
P546928 3.637 3.795 -3.743 0.579
P546930 3.680 3.792 -3.616 0.567
P546931 3.685 3.906 -3.961 0.605
P546932 3.775 3.983 -3.911 0.600
P546933 4.014 3.927 -3.320 0.631
P546935 3.707 3.764 -3.713 1.535
P546936 3.921 4.001 -3.327 0.788
P546937 3.903 3.950 -4.103 0.912
P546939 3.746 3.784 -3.665 0.488
P546940 3.665 3.768 -3.973 0.830
P546943 3.668 3.843 -3.790 0.677
P546944 3.799 3.959 -3.524 0.530
P546946 3.674 3.668 -3.759 0.935
P546947 3.667 3.841 -4.049 0.866
P546949 3.782 3.728 -3.798 1.337
P546950 4.132 4.219 -3.538 0.742
P546951 3.960 4.055 -3.535 0.704
P546952 4.225 3.920 -3.850 1.582
P546953 3.604 3.686 -4.091 0.948
P546954 3.885 3.930 -3.872 0.333
P546955 3.692 3.732 -3.598 1.128
P546956 3.876 3.838 -4.300 1.075
P546957 3.878 3.861 -3.692 0.413
P546958 3.920 4.090 -3.819 0.377
P546959 3.905 4.031 -3.934 0.811
P546961 3.762 3.817 -3.705 1.035
P546962 3.738 3.790 -3.554 0.494
P546963 3.681 3.700 -3.925 1.514
P546964 3.742 3.951 -3.752 0.422
P546966 3.795 3.892 -4.066 0.979
P546967 3.785 3.830 -3.959 1.067
P546968 3.712 3.737 -3.919 0.689
P546969 3.731 3.826 -3.609 0.480
P546971 3.708 3.892 -4.110 0.731
P546973 3.887 3.853 -3.642 0.912
P546974 3.815 3.897 -4.035 0.855
P546975 3.740 3.901 -4.058 0.816
P546977 3.704 3.717 -3.912 1.192
P546978 4.197 4.274 -3.514 0.756
P546979 3.671 3.811 -3.844 0.377
P546980 3.695 3.787 -3.547 0.577
P546983 3.713 3.739 -3.666 1.873
P546984 3.744 3.645 -4.059 0.575
P546986 3.628 3.856 -4.164 1.086
P546987 3.910 3.794 -3.759 1.151
P546988 4.121 4.206 -3.521 0.742
P546989 4.055 4.139 -3.474 0.820
P546990 3.658 3.911 -4.081 0.826
P546992 3.829 4.084 -3.837 0.427
P546996 3.779 4.022 -3.741 0.425
P546999 3.772 3.826 -3.934 1.687
P547001 3.745 3.949 -3.781 0.393
P547002 3.981 4.201 -3.788 0.383
P547005 3.687 3.833 -3.489 0.341
P547008 3.615 3.766 -3.903 1.556
P547010 3.677 3.872 -3.782 1.739
P547012 3.649 3.789 -3.716 1.109
P547017 3.689 3.716 -4.076 0.628
P547019 3.658 3.785 -4.026 0.601
P547025 3.664 3.800 -3.936 1.047
P547027 3.655 3.851 -3.642 1.146
P547029 3.821 3.994 -3.782 0.499
P547031 3.743 3.766 -3.959 1.501
P547032 4.033 3.979 -3.429 0.737
P547034 3.844 3.792 -4.083 1.050
P547035 3.641 3.825 -4.113 0.462
P547040 3.756 3.867 -3.914 0.329
P547041 3.838 3.978 -3.873 0.533
P547045 3.682 3.836 -3.582 1.702
P547048 3.760 3.784 -3.235 0.085
P547049 3.840 3.960 -3.843 0.411
P547052 3.688 3.799 -3.747 0.914
P547054 3.852 3.890 -4.038 1.012
P547055 3.847 3.995 -3.641 0.472
P547057 3.891 4.176 -3.829 0.451
P547059 3.895 4.162 -3.831 0.510
P547064 3.720 3.854 -3.647 0.723
P547065 3.759 3.938 -3.755 0.390
P547068 3.817 3.854 -3.920 1.616
P547070 3.680 3.830 -3.628 1.109
P547071 3.929 4.153 -3.817 0.368
P547075 3.658 3.861 -3.975 0.690
P547076 3.880 4.000 -3.819 0.282
P547078 3.842 4.030 -3.694 0.419
P547080 3.812 3.920 -3.886 0.450
P547082 4.014 3.805 -3.722 1.208
P547083 4.010 3.765 -3.865 1.599
P547085 3.937 3.610 -3.816 2.023
P547086 3.870 3.644 -3.764 1.071
P547087 3.857 3.726 -3.789 1.722
P547088 4.157 3.816 -3.755 1.628
P547089 4.014 4.042 -3.692 0.777
P547091 3.786 3.821 -4.057 1.540
P547092 3.996 3.798 -3.831 1.351
P547094 3.820 3.831 -3.688 0.759
P547095 3.873 3.993 -3.910 0.368
P547098 3.826 4.010 -3.750 0.617
P547100 3.793 4.030 -3.737 0.451
P547101 3.918 4.204 -3.728 0.447
P547103 3.843 4.074 -3.867 0.411
P547106 3.778 3.784 -3.528 1.170
P547107 3.708 3.847 -3.684 1.020
P547110 3.788 3.904 -3.577 0.826
P547111 3.887 4.000 -3.888 0.347
P547113 3.723 3.885 -3.837 0.682
P547115 3.818 4.029 -3.844 0.401
P547117 3.789 4.055 -3.692 0.560
P547118 3.758 3.880 -3.724 0.386
P547121 3.711 3.829 -3.855 0.675
P547122 3.796 3.650 -4.013 1.537
P547123 3.618 3.639 -3.877 1.096
P547125 3.821 3.864 -3.847 0.516
P547126 3.690 3.801 -3.733 0.645
P547127 3.664 3.831 -4.104 1.091
P547128 3.843 4.024 -3.978 0.755
P547129 3.753 3.889 -3.831 0.739
P547130 3.841 3.945 -3.579 0.825
P547131 3.787 3.809 -3.827 1.932
P547132 3.717 3.844 -3.692 0.851
P547133 3.902 4.041 -4.035 0.964
P547134 3.892 3.955 -3.790 0.932
P547135 3.760 3.737 -3.474 2.737
P547136 3.843 4.018 -3.988 0.971
P547137 3.738 3.789 -3.598 2.801
P547138 3.780 3.999 -4.036 1.336
P547139 3.614 3.728 -3.633 0.446
P547141 3.728 3.886 -3.746 0.388
P547143 3.641 3.773 -3.633 0.449
P547145 3.711 3.876 -3.458 0.484
P547148 3.685 3.810 -3.469 0.547
P547150 3.598 3.802 -3.675 0.412
P547151 3.828 3.962 -3.718 0.455
P547153 3.740 3.864 -3.402 0.586
P547155 3.651 3.840 -3.565 0.389
P547157 3.682 3.897 -3.619 0.393
P547159 3.990 3.909 -2.614 1.175
P547160 3.841 3.989 -3.964 1.022
P547161 3.745 4.006 -3.582 0.390
P547163 3.754 3.876 -4.080 0.982
P547164 3.580 3.745 -3.727 0.839
P547165 3.814 4.013 -3.965 0.414
P547166 3.712 3.929 -4.161 1.087
P547167 3.793 3.945 -3.763 0.531
P547168 3.782 4.039 -3.969 0.432
P547169 3.678 3.910 -3.978 0.502
P547170 3.729 3.909 -3.814 0.315
P547171 3.774 3.972 -3.822 0.568
P547172 3.700 3.828 -3.860 0.347
P547173 3.761 3.981 -3.950 0.488
P547174 3.701 3.867 -3.948 0.394
P547175 3.794 3.728 -3.415 0.885
P547176 3.736 3.963 -4.044 0.920
P547177 3.747 3.976 -3.959 0.456
P547178 3.777 3.869 -3.738 0.452
P547180 3.804 3.949 -3.377 1.000
P547182 3.769 4.051 -3.596 0.406
P547185 3.643 3.868 -3.626 0.404
P547187 3.726 3.822 -3.700 1.657
P547188 3.785 3.970 -3.731 0.405
P547190 3.692 3.837 -3.964 0.602
P547192 3.748 4.028 -3.660 0.515
P547194 3.588 3.685 -3.644 0.438
P547196 3.574 3.738 -3.818 1.584
P547198 3.698 3.836 -3.790 0.544
P547199 3.740 3.753 -3.234 1.028
P547203 3.709 3.854 -3.546 1.610
P547205 3.715 3.865 -3.682 0.450
P547207 3.730 3.922 -3.709 0.416
P547209 3.663 3.710 -3.577 0.880
P547211 3.697 3.856 -3.180 0.720
P547212 3.592 3.803 -3.603 1.348
P547214 3.673 3.830 -3.785 0.936
P547215 3.677 3.734 -3.455 0.704
P547217 3.819 3.910 -3.914 0.677
P547218 3.715 3.949 -3.617 0.472
P547219 3.759 3.814 -3.826 0.667
P547220 3.785 4.018 -3.590 0.561
P547221 3.737 3.811 -3.931 1.125
P547222 3.809 3.665 -3.906 0.570
P547223 3.616 3.669 -3.939 0.582
P547225 3.613 3.747 -3.855 0.716
P547226 3.800 3.928 -3.769 0.359
P547227 3.790 3.889 -3.672 0.434
P547228 3.753 3.980 -3.984 0.672
P547230 3.738 3.815 -3.757 0.875
P547231 3.787 3.959 -3.674 0.358
P547233 3.739 3.883 -3.661 0.418
P547238 3.748 3.811 -3.690 0.642
P547239 3.731 3.874 -3.826 0.325
P547240 3.786 3.960 -3.698 0.557
P547241 3.767 3.841 -3.781 1.758
P547242 3.670 3.744 -3.801 1.025
P547243 3.660 3.782 -3.770 1.482
P547245 3.642 3.772 -4.045 0.858
P547247 3.699 3.736 -3.793 1.009
P547248 3.646 3.821 -4.088 0.824
P547250 3.678 3.789 -3.757 0.459
P547251 3.717 3.835 -3.719 0.419
P547252 3.785 3.811 -3.861 1.037
P547253 3.751 3.764 -3.797 1.150
P547255 3.650 3.827 -3.899 0.814
P547256 3.780 3.938 -3.644 0.734
P547257 3.779 3.865 -4.066 1.111
P547258 3.738 3.909 -3.687 0.618
P547259 3.852 4.009 -3.658 0.561
P547260 3.920 4.043 -3.677 0.328
P547261 3.763 3.849 -3.748 0.506
P547262 3.667 3.765 -3.645 0.445
P547263 3.993 4.047 -3.879 0.478
P547264 3.945 4.122 -3.734 0.427
P547265 3.716 3.851 -3.467 1.446
P547267 3.958 3.865 -3.971 1.061
P547269 4.018 3.995 -3.980 0.979
P547271 3.862 4.040 -3.697 0.361
P547273 3.861 4.011 -3.459 1.007
P547275 3.820 3.848 -3.766 0.685
P547277 3.803 3.971 -3.660 0.346
P547280 3.630 3.732 -3.651 0.461
P547281 3.655 3.872 -3.653 0.387
P547283 3.695 3.847 -3.535 0.375
P547285 4.105 3.996 -3.940 1.025
P547287 4.108 4.065 -4.026 0.996
P547290 3.872 3.940 -3.614 0.908
P547292 3.918 3.879 -4.027 0.987
P547293 3.820 3.990 -3.573 1.451
P547295 3.751 3.782 -3.369 0.106
P547297 3.841 3.966 -3.506 1.712
P547300 3.799 3.843 -3.544 0.614
P547302 3.727 3.866 -3.702 0.337
P547303 3.814 3.961 -3.903 0.370
P547305 3.918 3.914 -3.943 0.971
P547307 3.645 3.749 -3.755 0.722
P547312 3.705 3.853 -3.683 0.906
P547314 3.779 3.855 -3.582 1.598
P547316 3.676 3.773 -3.885 0.621
P547317 3.792 3.895 -3.581 1.149
P547319 3.794 3.952 -3.647 1.660
P547321 3.866 3.812 -3.985 0.980
P547323 4.057 3.935 -3.822 1.369
P547328 3.739 3.833 -3.847 0.628
P547329 3.824 3.916 -3.711 0.866
P547330 3.795 3.976 -3.765 0.412
P547332 3.780 3.878 -4.010 0.858
P547333 3.816 4.086 -3.927 0.521
P547334 3.781 4.133 -3.678 0.492
P547335 3.801 3.972 -3.897 0.704
P547336 3.867 4.022 -4.086 0.624
P547337 3.765 4.002 -3.673 0.390
P547338 4.075 4.159 -3.215 1.779
P547339 3.780 3.854 -3.974 1.125
P547341 3.850 3.964 -3.451 1.485
P547342 3.871 4.021 -3.862 0.510
P547343 4.258 4.004 -3.479 1.626
P547344 3.715 3.922 -3.980 0.503
P547345 4.398 4.424 -3.355 0.869
P547347 3.825 3.967 -3.617 0.564
P547348 4.214 4.272 -3.427 0.684
P547349 4.262 4.153 -3.153 1.520
P547350 3.887 4.033 -3.842 0.692
P547351 3.943 4.081 -4.052 0.761
P547352 4.131 4.125 -3.437 0.667
P547353 4.023 3.908 -3.059 0.692
P547354 3.843 4.044 -3.864 0.444
P547355 4.108 3.952 -3.071 1.157
P547356 3.718 3.866 -3.876 0.650
P547357 3.725 3.756 -3.369 0.083
P547359 3.826 4.013 -3.781 0.952
P547360 3.819 3.968 -3.564 0.597
P547362 3.787 3.909 -3.403 1.024
P547363 3.857 3.875 -3.955 1.179
P547364 3.883 4.037 -4.012 0.729
P547366 3.848 4.047 -4.041 0.821
P547368 4.208 4.184 -3.526 0.722
P547369 4.203 4.087 -3.521 0.697
P547370 3.752 3.976 -3.783 0.615
P547372 4.023 4.054 -3.375 0.782
P547373 3.928 4.005 -4.003 1.217
P547374 3.867 3.945 -3.850 1.331
P547375 3.750 3.932 -3.845 0.542
P547376 3.931 4.113 -3.687 0.481
P547377 4.056 4.075 -3.637 0.665
P547378 4.040 3.863 -3.574 1.212
P547380 3.744 3.801 -3.823 0.831
P547381 4.078 3.968 -3.824 0.956
P547382 3.710 3.860 -3.661 0.601
P547384 3.836 4.056 -3.586 0.484
P547386 3.788 3.874 -3.728 0.466
P547387 3.803 4.008 -4.063 0.872
P547390 4.113 4.015 -3.366 0.634
P547391 4.234 4.251 -3.419 0.693
P547393 4.070 4.113 -3.513 0.650
P547394 3.639 3.867 -4.176 0.478
P547396 3.833 3.831 -3.934 0.652
P547397 3.737 3.940 -3.628 0.899
P547400 3.726 3.936 -3.661 0.789
P547401 3.707 3.925 -3.821 0.327
P547402 3.769 3.806 -4.018 1.160
P547404 3.787 3.967 -4.046 0.720
P547405 3.802 4.028 -4.021 0.855
P547407 3.750 3.990 -4.050 0.658
P547408 4.346 4.181 -3.003 1.591
P547410 3.790 3.884 -3.927 0.696
P547411 3.935 3.840 -3.910 1.539
P547412 3.883 3.849 -4.006 0.928
P547414 3.968 4.101 -4.049 0.735
P547415 3.671 3.859 -3.529 0.329
P547416 3.733 3.956 -3.592 0.517
P547418 3.687 3.920 -3.969 0.403
P547420 3.982 3.712 -4.034 1.801
P547421 3.666 3.889 -3.832 0.940
P547423 4.006 3.812 -3.724 1.429
P547425 3.681 3.839 -3.807 0.381
P547426 3.846 4.037 -3.828 0.557
P547428 3.614 3.768 -3.873 0.704
P547429 4.263 4.191 -3.353 0.765
P547430 4.262 4.089 -3.419 0.725
P547432 3.876 4.097 -3.959 0.674
P547433 3.904 4.172 -3.746 0.438
P547434 3.814 3.974 -3.968 0.326
P547435 3.807 3.828 -3.171 0.084
P547436 3.863 3.976 -3.571 0.496
P547437 3.760 3.980 -4.010 0.655
P547438 4.266 4.146 -3.318 0.730
P547439 3.683 3.973 -3.721 0.503
P547440 3.922 4.149 -3.890 0.500
P547442 3.813 3.998 -3.535 0.509
P547444 3.758 3.951 -3.919 0.409
P547445 3.789 3.891 -4.074 0.854
P547447 3.762 3.974 -3.845 0.933
P547448 3.789 3.938 -3.798 0.926
P547449 4.120 4.075 -3.423 0.910
P547450 3.753 3.795 -3.889 1.141
P547452 4.430 4.424 -3.440 0.796
P547454 3.841 3.968 -3.559 0.569
P547455 3.836 4.091 -3.732 0.470
P547456 4.004 3.876 -3.555 1.796
P547457 3.776 3.989 -3.988 0.696
P547458 3.984 4.139 -3.775 0.452
P547459 3.927 4.295 -3.693 0.396
P547460 3.788 4.131 -3.770 0.379
P547461 3.918 4.139 -3.730 0.464
P547462 3.823 3.994 -3.528 0.814
P547463 3.893 4.031 -3.695 0.569
P547464 3.919 4.078 -3.639 0.514
P547465 3.915 4.131 -3.829 0.429
P547466 3.840 4.020 -3.692 0.518
P547467 4.155 3.945 -3.535 2.170
P547468 3.753 3.937 -3.485 0.320
P547469 4.180 4.203 -3.502 0.733
P547470 3.926 3.953 -3.813 1.502
P547471 3.765 4.007 -3.684 0.455
P547472 4.384 4.363 -3.514 0.704
P547473 3.927 4.111 -3.653 0.731
P547474 3.874 4.160 -3.676 0.483
P547475 4.012 4.253 -3.685 0.511
P547476 4.285 4.176 -3.379 2.503
P547477 3.868 4.057 -3.928 0.675
P547478 3.789 3.955 -3.750 0.450
P547479 3.922 3.966 -3.788 1.685
P547480 3.896 4.128 -4.012 0.673
P547481 3.731 3.927 -3.691 0.771
P547483 3.757 3.966 -3.835 0.469
P547484 4.186 3.953 -3.403 0.902
P547485 4.131 4.020 -3.159 0.636
P547486 3.933 4.129 -3.810 0.445
P547487 4.247 4.146 -3.140 0.658
P547488 4.087 4.049 -3.360 0.729
P547490 3.925 4.086 -4.009 0.916
P547491 3.981 4.176 -3.777 0.444
P547492 3.808 3.828 -3.298 0.072
P547493 4.140 4.127 -3.404 1.629
P547494 4.376 4.153 -3.133 1.600
P547495 4.201 3.828 -3.377 1.161
P547496 4.234 4.071 -3.280 0.876
P547498 3.765 3.902 -3.642 0.506
P547499 3.858 4.072 -3.842 0.421
P547500 3.998 3.854 -3.171 1.374
P547501 3.715 3.931 -3.583 0.514
P547503 3.969 3.996 -3.518 0.588
P547504 3.947 4.147 -3.783 0.426
P547506 3.854 3.811 -3.934 1.256
P547507 3.987 3.971 -3.792 0.783
P547508 4.324 4.129 -2.945 1.754
P547509 3.969 4.161 -3.742 0.423
P547510 3.935 4.138 -3.958 0.710
P547511 4.116 4.031 -3.008 1.126
P547513 3.845 3.964 -3.559 0.503
P547514 3.782 3.800 -3.140 0.073
P547515 4.067 4.202 -3.632 0.535
P547517 4.196 4.140 -3.157 0.674
P547518 3.859 3.946 -3.692 0.648
P547519 3.904 4.069 -3.486 0.584
P547520 4.414 4.368 -3.371 0.957
P547522 3.694 3.786 -3.802 0.717
P547523 4.107 4.034 -3.382 1.073
P547524 3.777 3.926 -3.754 0.912
P547525 3.726 3.943 -3.775 0.935
P547527 3.780 3.782 -3.543 0.148
P547528 3.803 3.890 -3.614 0.777
P547529 4.130 4.175 -3.519 0.839
P547530 3.930 4.090 -3.504 0.776
P547532 3.881 3.888 -3.673 0.468
P547533 3.873 3.844 -4.036 1.290
P547534 3.873 3.887 -3.381 0.071
P547536 4.368 4.364 -3.230 1.026
P547538 3.815 3.970 -3.795 0.458
P547539 4.186 4.166 -3.157 0.828
P547541 3.916 4.083 -3.643 0.648
P547543 3.751 3.931 -3.900 0.394
P547544 3.859 3.853 -3.943 1.166
P547545 4.086 4.047 -3.112 0.909
P547547 3.801 3.950 -3.593 0.797
P547549 3.828 3.976 -3.731 0.866
P547550 3.936 3.872 -3.858 0.657
P547552 3.742 3.919 -3.826 0.473
P547553 3.816 3.948 -3.849 0.572
P547554 3.909 4.034 -3.994 0.813
P547556 3.815 3.826 -3.244 0.091
P547557 3.758 3.957 -4.058 0.803
P547559 3.732 3.898 -3.471 0.343
P547560 4.172 3.909 -3.120 1.764
P547561 4.319 4.320 -3.301 0.915
P547562 3.768 3.972 -3.925 0.534
P547564 3.712 3.797 -3.892 1.453
P547567 3.697 3.947 -3.587 1.641
P547571 3.705 3.785 -3.902 1.540
P547573 4.207 4.176 -3.473 0.780
P547575 3.771 3.923 -3.853 0.630
P547576 3.669 3.802 -4.071 0.931
P547578 3.808 3.857 -3.904 0.660
P547582 3.862 4.001 -3.685 0.540
P547587 3.720 3.860 -3.643 0.471
P547588 3.805 3.969 -3.784 0.357
P547592 3.755 4.034 -3.580 1.614
P547595 3.754 3.816 -3.924 1.245
P547596 3.692 3.854 -4.171 0.533
P547600 3.886 4.002 -3.709 0.426
P547602 3.817 4.032 -3.441 1.351
P547603 3.928 3.970 -3.966 1.170
P547604 3.914 4.116 -3.677 0.361
P547605 3.745 3.987 -3.672 0.503
P547606 3.983 4.175 -3.825 0.550
P547607 4.233 4.217 -2.605 0.127
P547608 3.864 4.092 -3.690 0.548
P547609 3.997 4.233 -3.673 0.468
P547610 4.055 4.225 -3.705 0.475
P547611 3.882 3.873 -3.891 1.131
P547612 4.148 3.996 -3.226 1.288
P547613 3.906 4.073 -3.470 0.812
P547614 3.905 4.134 -3.668 0.490
P547615 3.921 4.093 -3.625 1.118
P547616 4.133 3.888 -3.062 1.821
P547617 3.857 4.112 -3.630 0.487
P547618 3.851 3.995 -3.833 0.717
P547619 3.928 4.062 -4.045 0.747
P547620 4.098 4.129 -3.325 0.772
P547621 4.067 4.090 -3.387 0.814
P547623 3.765 3.854 -3.672 1.228
P547624 3.761 3.777 -3.485 0.093
P547625 3.888 3.922 -3.755 0.550
P547626 3.860 4.030 -4.051 0.753
P547628 3.791 3.952 -4.037 0.572
P547630 3.911 3.857 -3.871 1.073
P547632 3.825 4.092 -4.029 1.144
P547633 3.878 3.837 -3.981 1.405
P547635 3.795 3.817 -3.693 1.830
P547637 3.911 3.875 -3.695 1.120
P547638 3.745 3.827 -3.861 1.034
P547639 3.723 3.812 -3.691 1.138
P547641 3.716 3.799 -4.092 0.901
P547643 3.787 3.796 -3.812 1.129
P547644 3.737 3.907 -4.035 0.656
P547646 3.871 3.793 -3.652 0.947
P547647 3.810 3.979 -3.746 0.414
P547648 3.915 3.852 -3.875 1.069
P547649 4.213 3.925 -3.871 1.058
P547650 3.865 3.836 -3.517 1.653
P547651 3.879 4.030 -3.795 0.375
P547652 3.878 4.021 -3.979 0.505
P547653 4.096 4.240 -3.578 0.528
P547654 3.887 4.113 -3.921 0.532
P547656 3.799 3.960 -3.778 0.997
P547657 3.813 3.876 -3.929 0.956
P547658 3.740 3.894 -3.466 0.363
P547659 3.859 4.060 -3.786 0.409
P547660 3.822 4.009 -4.011 0.753
P547662 3.837 3.810 -3.863 1.698
P547663 3.814 3.987 -3.740 0.374
P547664 4.382 4.306 -3.739 0.911
P547666 3.657 3.754 -3.872 0.724
P547667 3.899 4.067 -3.756 0.535
P547668 3.937 3.918 -3.834 0.728
P547669 3.728 3.953 -3.654 0.456
P547670 4.122 4.075 -3.846 1.018
P547671 3.812 4.086 -3.645 0.458
P547672 3.844 3.946 -3.809 0.558
P547673 3.884 4.124 -3.577 0.576
P547674 3.819 3.935 -3.613 0.273
P547675 3.799 3.909 -4.189 1.394
P547676 3.937 4.130 -3.931 0.576
P547677 3.513 3.896 -4.108 1.304
P547678 3.889 4.069 -3.776 0.330
P547679 3.897 4.050 -3.977 0.474
P547680 3.996 3.935 -3.893 1.069
P547681 4.299 4.200 -3.825 0.968
P547683 3.810 3.759 -3.913 1.807
P547684 3.910 4.061 -3.842 0.370
P547685 4.277 4.162 -3.639 1.018
P547686 4.013 4.007 -4.070 1.476
P547687 3.832 4.120 -3.670 0.448
P547688 4.360 4.298 -3.706 1.059
P547689 4.218 4.091 -3.888 0.959
P547690 3.828 3.990 -3.896 0.646
P547691 3.956 3.981 -3.668 1.061
P547692 4.191 4.075 -3.351 0.748
P547693 3.792 3.866 -3.628 0.864
P547694 3.886 3.995 -3.900 0.666
P547695 3.747 3.907 -3.755 0.361
P547696 3.803 3.799 -4.000 1.206
P547698 3.889 4.089 -3.532 0.427
P547699 3.819 4.042 -3.753 0.383
P547703 4.033 3.996 -4.104 1.001
P547704 4.170 4.238 -3.675 1.208
P547707 4.012 4.022 -3.682 0.832
P547710 3.864 3.901 -3.448 1.747
P547713 3.763 3.830 -3.704 1.229
P547714 3.878 3.892 -4.120 0.949
P547719 3.877 3.921 -3.871 0.838
P547722 3.904 3.937 -3.381 0.066
P547724 4.004 4.058 -3.646 0.844
P547727 4.090 4.175 -3.519 0.954
P547728 4.200 4.099 -3.820 1.184
P547731 4.072 3.954 -3.770 1.022
P547733 3.765 4.008 -4.053 1.174
P547734 3.862 3.946 -3.709 0.675
P547739 3.791 3.935 -3.962 1.480
P547740 4.163 4.182 -3.660 0.975
P547745 4.047 4.019 -3.526 0.974
P547747 4.049 4.035 -4.049 1.337
P547748 4.232 4.119 -4.026 1.004
P547750 4.384 4.243 -4.149 1.004
P547752 4.253 4.138 -3.920 1.015
P547757 3.867 3.935 -3.752 0.651
P547758 4.330 4.274 -3.806 1.631
P547760 4.171 3.898 -3.948 2.358
P547763 3.847 3.945 -3.730 1.491
P547765 4.101 3.893 -3.885 1.219
P547766 4.250 4.343 -3.557 0.807
P547768 4.086 3.845 -3.956 1.506
P547769 4.291 4.213 -3.146 0.815
P547770 4.276 4.049 -3.805 1.123
P547771 4.293 3.976 -3.999 2.121
P547772 4.352 4.111 -3.631 1.137
P547773 4.504 4.178 -3.585 1.347
P547774 4.341 4.224 -3.444 0.983
P547776 4.129 3.904 -3.735 1.686
P547777 4.147 4.129 -3.564 0.839
P547778 4.078 3.924 -3.610 1.784
P547779 4.416 4.133 -3.610 1.304
P547780 4.276 3.962 -3.955 1.621
P547782 4.355 3.917 -3.742 1.085
P547784 4.038 4.037 -3.695 0.726
P547785 3.799 3.995 -4.347 0.968
P547788 4.099 3.890 -3.755 1.813
P547789 4.125 3.910 -3.719 1.623
P547791 4.214 3.878 -3.672 2.027
P547793 4.194 3.846 -3.873 1.287
P547794 4.152 4.160 -3.482 0.648
P547796 4.335 4.099 -3.600 2.264
P547798 4.152 3.945 -3.756 1.507
P547799 4.271 4.341 -3.574 0.749
P547801 4.225 3.897 -3.955 1.249
P547802 4.389 4.225 -3.572 1.693
P547804 4.171 3.882 -4.007 1.598
P547805 4.298 4.009 -3.685 1.246
P547807 4.236 3.955 -3.978 1.473
P547808 4.133 3.887 -3.986 2.749
P547809 4.152 3.845 -3.563 1.217
P547810 4.060 3.875 -3.993 1.688
P547811 4.561 4.295 -3.717 1.157
P547812 4.098 4.127 -3.476 0.711
P547814 4.206 4.015 -3.747 1.197
P547815 4.197 3.981 -3.652 2.276
P547816 4.388 4.388 -3.678 0.769
P547817 4.202 3.942 -3.721 1.229
P547818 4.212 3.917 -4.038 2.081
P547820 3.996 4.138 -3.667 1.357
P547821 4.266 4.328 -3.738 0.743
P547822 4.391 4.137 -3.662 1.158
P547823 4.059 4.120 -3.834 0.769
P547824 4.318 3.998 -3.603 1.253
P547826 4.110 4.010 -3.771 0.957
P547830 4.103 4.138 -3.649 1.131
P547833 3.896 3.935 -3.948 0.668
P547836 4.129 4.172 -3.689 0.947
P547837 3.962 3.968 -4.215 0.954
P547841 3.830 4.063 -4.097 0.472
P547842 4.292 4.067 -3.730 1.382
P547843 4.092 3.842 -3.878 1.442
P547844 4.026 3.822 -3.746 1.691
P547846 4.072 3.873 -3.984 1.634
P547848 4.143 4.063 -3.434 1.188
P547850 4.112 4.218 -3.604 0.734
P547851 4.051 3.869 -3.720 1.523
P547852 4.266 3.978 -3.830 1.675
P547853 4.245 4.212 -3.550 0.792
P547854 4.128 3.875 -3.637 1.265
P547855 4.143 4.133 -3.485 1.169
P547856 4.372 4.205 -3.663 1.601
P547857 4.306 4.024 -3.729 1.140
P547858 4.100 3.978 -3.694 1.587
P547859 4.335 4.031 -3.652 1.249
P547860 4.535 4.219 -3.630 1.259
P547861 4.441 4.152 -3.637 1.270
P547862 4.119 4.077 -3.397 0.900
P547863 4.058 3.824 -3.857 1.276
P547864 4.357 4.339 -3.522 0.769
P547865 4.382 4.411 -3.682 0.753
P547866 4.296 4.252 -3.737 1.126
P547869 3.841 3.984 -3.940 1.764
P547871 4.212 3.995 -4.065 1.036
P547873 3.876 4.105 -3.761 0.445
P547875 3.933 4.063 -3.492 0.597
P547877 3.793 4.000 -3.656 0.521
P547879 3.795 3.974 -3.782 0.524
P547881 3.715 3.881 -3.783 0.399
P547883 3.742 3.962 -3.918 0.835
P547885 3.841 3.927 -3.823 1.368
P547887 3.740 3.806 -3.830 1.195
P547889 3.908 4.197 -3.820 0.448
P547891 3.848 4.179 -3.641 0.635
P547892 3.837 4.041 -3.677 0.445
P547894 3.926 4.151 -3.805 0.502
P547897 3.752 3.878 -3.689 0.441
P547898 4.116 3.960 -2.801 0.929
P547900 3.927 3.849 -3.290 0.974
P547903 3.797 4.080 -3.766 1.165
P547905 3.991 4.168 -3.774 0.452
P547907 3.981 4.200 -3.669 0.429
P547909 3.854 4.081 -3.836 0.553
P547912 3.690 3.850 -3.821 0.836
P547914 3.776 3.971 -3.740 0.361
P547916 3.807 4.015 -3.620 0.419
P547920 3.782 3.918 -3.796 0.860
P547921 3.757 3.722 -3.057 1.091
P547923 3.970 3.949 -3.807 1.459
P547924 3.641 3.821 -3.858 0.987
P547927 3.759 3.935 -3.532 0.402
P547929 3.801 3.995 -3.745 0.387
P547930 3.970 4.073 -3.811 0.762
P547931 4.017 4.061 -3.964 0.662
P547932 4.017 4.136 -3.987 0.963
P547934 3.944 4.019 -3.832 0.687
P547935 4.058 3.729 -3.418 0.627
P547936 3.867 3.967 -3.740 0.815
P547937 4.025 3.841 -3.320 0.639
P547938 4.007 4.103 -3.941 0.664
P547939 4.119 3.874 -3.487 0.684
P547940 3.950 3.909 -3.591 0.734
P547941 4.186 3.958 -3.480 0.783
P547942 3.908 4.019 -3.989 0.671
P547943 4.097 4.099 -3.958 0.665
P547944 4.073 4.101 -3.899 0.797
P547945 4.006 4.022 -3.806 0.497
P547946 4.105 4.188 -3.574 0.300
P547947 4.178 3.868 -3.465 0.804
P547951 3.907 3.991 -3.926 0.692
P547953 3.934 4.129 -3.369 1.193
P547955 3.931 4.102 -3.559 1.639
P547956 3.962 3.967 -3.780 1.206
P547958 4.232 4.236 -3.732 1.003
P547961 4.126 4.035 -3.688 0.858
P547963 3.875 4.062 -3.965 1.526
P547967 3.778 4.010 -3.917 0.581
P547968 4.219 4.179 -3.743 1.174
P547970 4.329 4.217 -3.778 1.460
P547972 4.092 3.991 -4.079 0.962
P547975 3.950 4.107 -4.045 0.979
P547977 3.805 3.886 -3.839 1.668
P547980 3.836 3.951 -3.462 1.172
P547984 3.763 3.821 -3.707 0.703
P547987 3.928 4.139 -3.509 0.775
P547990 3.894 3.906 -3.722 1.499
P547992 3.781 3.879 -3.946 1.107
P547995 3.853 3.934 -3.559 1.323
P547997 4.226 4.253 -3.729 0.995
P548000 3.919 4.072 -3.928 0.621
P548001 4.479 4.312 -3.976 1.033
P548005 3.716 3.838 -3.631 1.419
P548008 4.068 3.945 -3.863 1.574
P548009 4.012 4.037 -3.638 1.007
P548013 3.910 4.001 -3.421 1.046
P548016 3.825 3.955 -3.757 1.447
P548018 3.814 3.925 -4.159 0.615
P548024 3.997 4.010 -3.674 0.988
P548026 3.828 3.907 -3.847 0.487
P548027 4.141 4.031 -4.079 0.971
P548030 3.946 4.052 -3.699 1.805
P548032 4.054 4.105 -3.639 1.087
P548033 3.939 4.135 -3.934 0.963
P548036 4.222 4.145 -3.749 1.435
P548037 3.924 4.076 -4.143 1.047
P548039 4.207 4.239 -3.653 0.861
P548040 4.395 4.382 -3.652 0.872
P548042 4.268 4.153 -4.081 1.008
P548044 3.883 4.055 -3.736 0.586
P548046 4.013 4.004 -3.714 0.863
P548049 3.925 4.124 -3.571 1.659
P548050 3.928 4.159 -3.823 0.428
P548052 3.922 4.241 -3.499 0.580
P548054 3.855 4.155 -3.737 0.387
P548057 3.811 3.969 -3.673 0.520
P548058 4.163 4.359 -3.753 0.485
P548061 3.674 3.806 -3.691 0.602
P548065 3.900 4.118 -3.759 0.565
P548066 3.814 3.916 -3.815 1.933
P548070 3.727 3.931 -3.396 0.437
P548072 3.804 3.865 -3.369 0.609
P548074 3.754 3.889 -3.828 0.475
P548081 3.713 3.989 -3.703 1.478
P548083 3.761 3.889 -3.500 0.510
P548087 3.890 4.065 -3.567 0.555
P548088 3.881 4.089 -3.748 0.391
P548091 3.753 4.033 -3.670 0.521
P548092 3.953 4.184 -3.708 0.512
P548095 3.863 4.148 -3.701 0.510
P548097 3.932 4.129 -3.858 1.185
P548099 3.839 4.041 -3.465 1.192
P548100 4.017 4.382 -3.670 0.485
P548102 3.897 4.230 -3.793 0.449
P548105 3.893 3.828 -3.553 1.569
P548106 3.799 3.975 -3.645 0.397
P548109 3.887 4.064 -3.539 0.921
P548110 4.135 4.223 -3.634 0.962
P548112 3.858 4.047 -3.949 0.383
P548114 3.699 3.879 -3.573 0.508
P548117 3.814 4.113 -3.459 1.580
P548120 3.858 3.964 -3.758 1.229
P548121 3.782 3.806 -3.556 1.798
P548123 3.768 3.963 -3.513 1.912
P548129 3.796 3.945 -3.319 1.674
P548131 4.146 3.878 -3.373 1.477
P548133 3.722 3.920 -4.032 0.562
P548138 3.782 4.021 -3.698 0.361
P548141 3.895 4.018 -3.513 1.770
P548144 3.776 3.963 -3.455 1.358
P548145 3.845 4.040 -3.660 1.588
P548147 3.947 4.116 -3.797 0.440
P548150 3.746 3.874 -3.543 0.505
P548152 4.129 3.912 -3.684 1.133
P548153 4.016 4.155 -3.623 0.536
P548155 3.912 4.272 -3.593 0.733
P548157 3.965 4.250 -3.780 0.403
P548162 3.809 3.993 -3.541 1.924
P548164 3.818 3.982 -3.529 1.533
P548168 3.812 4.019 -3.823 0.467
P548169 4.139 3.851 -3.618 1.118
P548171 3.871 4.070 -3.793 0.504
P548172 3.707 3.870 -3.626 1.730
P548174 3.677 3.796 -3.586 1.761
P548178 3.735 3.770 -3.529 0.994
P548180 3.659 3.811 -3.860 0.378
P548187 3.697 3.914 -3.867 1.389
P548189 3.706 3.817 -3.636 1.524
P548190 3.800 4.010 -3.642 0.392
P548193 3.804 3.963 -3.759 0.452
P548195 3.716 4.018 -3.725 0.641
P548196 3.803 4.090 -3.610 0.468
P548199 3.778 4.037 -3.581 0.693
P548201 3.777 4.085 -3.597 0.510
P548202 3.964 4.326 -3.704 0.446
P548204 3.796 4.164 -3.717 0.430
P548207 3.773 3.996 -3.605 0.425
P548208 3.785 3.936 -3.771 0.454
P548211 3.797 3.978 -3.706 0.461
P548212 3.900 4.116 -3.858 0.374
P548216 3.670 3.809 -3.873 1.521
P548218 4.033 4.290 -3.659 0.428
P548221 3.808 3.991 -3.510 0.670
P548225 3.763 3.877 -3.694 2.023
P548226 3.845 3.786 -3.924 1.087
P548228 3.638 3.826 -4.028 0.473
P548235 3.796 3.969 -3.788 1.704
P548237 3.723 3.851 -3.668 1.773
P548238 3.787 3.947 -3.559 0.611
P548240 3.865 4.060 -3.732 0.425
P548243 3.707 3.809 -3.569 0.566
P548244 3.989 3.981 -3.994 1.250
P548245 3.839 4.108 -3.744 0.526
P548247 3.939 4.279 -3.747 0.498
P548249 3.858 4.031 -3.702 0.457
P548254 3.742 3.898 -3.576 1.745
P548256 3.786 3.954 -3.610 0.671
P548258 3.722 3.878 -3.403 1.112
P548259 3.779 4.137 -3.701 0.424
P548264 3.761 3.984 -3.853 0.943
P548266 3.783 3.928 -3.730 0.422
P548268 3.797 3.968 -3.695 0.605
P548270 3.809 4.143 -3.687 0.598
P548271 3.913 4.017 -3.727 2.980
P548272 4.115 3.962 -2.574 1.437
P548273 3.851 3.959 -3.687 0.926
P548276 3.880 3.906 -3.745 2.276
P548277 3.970 3.976 -3.658 1.223
P548278 3.764 3.927 -4.518 1.219
P548280 3.885 4.007 -3.960 0.655
P548282 4.009 3.982 -3.740 3.059
P548283 3.901 3.958 -3.369 1.864
P548284 4.137 4.070 -2.409 1.317
P548285 3.994 4.083 -4.043 0.806
P548286 4.069 3.961 -2.724 1.380
P548287 4.125 4.015 -3.493 1.767
P548288 4.076 4.122 -3.622 0.810
P548289 4.080 4.279 -3.846 0.695
P548290 4.027 4.064 -3.990 1.035
P548291 3.940 3.967 -3.218 1.849
P548293 4.102 3.710 -2.788 2.394
P548294 4.007 4.089 -3.827 0.660
P548296 3.923 4.122 -4.131 1.306
P548297 3.900 4.030 -3.961 0.673
P548299 4.090 4.088 -3.979 1.115
P548300 3.831 3.964 -3.723 0.435
P548302 3.837 4.056 -3.757 0.334
P548305 3.763 3.912 -3.605 0.273
P548306 3.955 3.969 -3.404 0.952
P548308 3.798 3.741 -3.336 1.208
P548313 3.720 4.010 -3.765 1.281
P548314 3.928 4.128 -3.809 0.354
P548316 3.915 4.097 -3.869 0.382
P548318 3.781 3.983 -3.921 0.378
P548320 3.712 3.873 -3.555 1.727
P548324 4.202 4.074 -2.742 1.202
P548325 3.913 3.949 -3.728 0.824
P548328 4.264 3.983 -2.587 2.148
P548329 4.274 4.073 -2.609 1.732
P548330 3.829 3.927 -4.003 1.382
P548332 3.831 3.866 -3.671 1.420
P548333 3.960 3.967 -3.769 0.740
P548336 3.768 3.890 -3.501 0.286
P548337 3.757 3.803 -3.774 1.289
P548342 3.972 4.082 -3.806 0.696
P548344 3.835 4.011 -3.477 1.538
P548345 3.959 4.070 -3.571 0.774
P548347 3.995 4.070 -3.784 0.526
P548350 3.830 3.921 -3.637 0.969
P548351 3.985 4.031 -3.944 0.913
P548353 3.974 4.171 -3.733 0.398
P548355 4.022 4.298 -3.788 0.501
P548357 3.999 4.219 -3.815 0.711
P548362 3.883 3.989 -3.554 0.664
P548364 3.880 3.895 -3.729 1.319
P548366 3.835 3.866 -3.176 0.077
P548367 3.938 4.250 -3.764 0.412
P548372 3.926 4.096 -3.511 0.485
P548374 3.900 4.011 -3.509 0.823
P548376 3.867 3.991 -3.733 0.403
P548377 4.200 4.368 -3.689 0.395
P548381 3.776 3.829 -3.830 0.949
P548384 3.962 4.065 -3.673 0.511
P548386 3.865 3.999 -3.844 0.312
P548387 3.735 3.921 -3.991 0.506
P548391 3.946 3.913 -3.992 0.941
P548396 3.866 4.001 -3.581 0.790
P548397 3.849 3.984 -3.543 0.678
P548402 3.874 3.970 -3.490 0.594
P548403 3.864 3.910 -3.850 1.214
P548407 3.884 4.201 -3.484 1.580
P548409 3.891 4.121 -3.674 0.298
P548414 3.866 3.948 -3.834 0.695
P548415 4.051 4.234 -3.818 0.752
P548420 3.948 3.960 -3.820 0.662
P548421 3.814 3.932 -4.045 0.912
P548422 3.787 3.979 -4.045 0.556
P548427 3.888 4.010 -3.777 0.600
P548431 3.824 3.960 -3.598 1.392
P548434 3.823 4.080 -3.511 1.619
P548437 3.915 3.920 -3.879 0.907
P548438 4.133 4.029 -3.665 1.141
P548439 3.776 3.873 -3.736 0.578
P548442 3.779 4.098 -3.771 1.205
P548444 3.878 4.123 -3.729 0.350
P548446 4.001 4.170 -3.758 0.315
P548448 3.939 4.064 -3.804 0.404
P548451 3.844 3.814 -3.902 1.448
P548455 3.769 3.979 -3.583 0.306
P548458 3.750 3.828 -3.853 1.642
P548461 3.759 3.928 -3.721 0.409
P548462 3.718 3.902 -4.098 0.463
P548466 3.706 3.822 -3.975 0.928
P548471 3.836 3.937 -3.873 0.531
P548472 3.830 4.118 -3.550 0.569
P548477 3.786 3.981 -3.829 0.444
P548478 3.772 4.065 -3.636 0.337
P548483 3.905 4.157 -3.597 0.441
P548484 4.021 4.065 -3.203 1.348
P548485 3.949 4.032 -3.853 1.224
P548488 3.876 4.024 -3.617 0.268
P548489 3.982 4.145 -3.810 0.359
P548491 3.791 3.912 -3.964 0.555
P548497 3.781 4.026 -3.505 1.576
P548500 3.817 3.979 -3.644 0.418
P548501 3.890 4.079 -3.687 0.400
P548504 3.944 4.015 -3.873 0.925
P548506 3.779 4.015 -3.574 1.298
P548507 4.049 4.264 -3.712 0.363
P548510 3.956 4.139 -3.688 0.686
P548512 3.908 4.172 -3.577 1.140
P548513 3.960 4.248 -3.773 0.362
P548516 3.877 4.045 -3.812 0.752
P548517 3.828 4.006 -3.622 1.064
P548520 3.938 4.025 -3.818 0.988
P548521 4.001 4.177 -3.804 0.328
P548523 3.810 4.005 -4.114 0.857
P548525 3.884 4.004 -3.668 0.505
P548527 3.880 4.124 -3.569 1.276
P548528 3.914 4.026 -3.510 0.598
P548530 4.051 4.346 -3.649 0.433
P548532 3.774 3.917 -3.993 1.159
P548534 3.722 3.920 -3.759 0.375
P548535 3.996 4.183 -3.859 0.663
P548536 3.843 4.116 -3.774 0.546
P548537 3.963 4.228 -3.749 0.337
P548538 3.885 4.181 -3.840 0.454
P548539 3.914 3.921 -3.813 1.227
P548540 3.805 4.003 -4.186 1.348
P548541 3.885 4.039 -3.781 1.915
P548542 3.914 4.115 -4.089 0.533
P548543 3.950 3.996 -4.188 1.013
P548544 3.889 4.067 -4.157 1.314
P548545 3.882 4.117 -4.035 0.442
P548546 3.839 4.094 -3.754 0.581
P548547 3.878 3.948 -3.595 0.470
P548548 3.885 4.091 -4.091 0.471
P548549 3.794 3.872 -3.698 0.566
P548550 4.044 4.024 -3.474 1.257
P548551 3.770 4.045 -4.084 1.274
P548553 3.833 4.068 -4.034 0.505
P548554 3.954 4.096 -3.755 0.498
P548555 3.861 4.056 -4.012 0.400
P548556 3.825 4.027 -4.046 0.518
P548557 3.935 4.102 -3.866 0.487
P548558 4.059 4.062 -3.530 1.353
P548559 3.980 4.092 -4.094 0.800
P548560 4.057 4.112 -3.923 0.667
P548561 4.223 4.120 -2.561 1.277
P548562 4.025 4.086 -3.790 2.816
P548563 3.938 3.823 -3.391 1.282
P548565 3.781 3.995 -4.118 0.489
P548566 3.916 4.111 -4.080 0.777
P548567 4.083 4.141 -4.094 0.846
P548568 3.967 4.048 -4.073 0.982
P548569 3.906 3.941 -3.531 0.857
P548570 3.865 4.010 -3.322 0.717
P548571 3.765 3.823 -3.739 1.856
P548573 3.844 3.947 -3.714 0.430
P548574 3.813 4.010 -4.244 0.326
P548576 3.716 3.733 -3.215 0.085
P548578 3.786 3.993 -3.733 0.448
P548579 3.970 4.199 -3.962 0.555
P548580 3.843 4.053 -4.085 0.730
P548582 3.865 4.045 -3.736 0.390
P548583 3.961 3.854 -3.434 1.447
P548584 3.867 4.045 -3.784 0.490
P548586 3.962 4.162 -3.744 0.792
P548587 3.894 4.014 -4.001 0.966
P548589 3.967 4.065 -3.560 0.849
P548590 4.226 4.042 -2.573 2.013
P548591 4.264 4.060 -2.461 2.838
P548592 4.250 4.292 -3.293 1.007
P548593 3.731 3.839 -3.620 1.006
P548595 3.951 4.034 -3.885 0.854
P548596 3.882 3.933 -3.318 2.084
P548597 3.798 3.884 -3.557 0.793
P548598 3.824 3.881 -3.879 0.752
P548601 3.832 3.928 -3.899 1.739
P548602 3.851 3.866 -3.290 0.696
P548603 3.918 4.045 -3.639 1.382
P548604 4.220 4.138 -2.327 2.304
P548605 3.841 4.006 -3.770 0.735
P548606 4.029 4.106 -3.850 0.785
P548607 3.994 4.097 -3.731 0.753
P548608 3.969 4.191 -3.799 0.752
P548609 4.133 4.327 -3.749 0.757
P548610 4.014 4.221 -3.881 0.691
P548611 3.893 3.969 -3.466 0.818
P548612 3.840 3.991 -3.826 0.749
P548613 4.413 4.091 -2.479 1.680
P548614 4.061 4.158 -3.933 0.657
P548615 3.751 3.874 -3.805 0.402
P548617 3.839 4.017 -4.063 0.461
P548619 3.787 3.937 -3.558 0.369
P548620 3.959 4.085 -3.852 0.435
P548621 3.772 3.905 -3.539 0.986
P548622 3.957 4.094 -3.902 0.617
P548623 3.942 4.114 -3.964 0.600
P548624 3.929 4.178 -4.000 0.474
P548626 3.814 3.985 -3.748 0.443
P548627 3.807 4.039 -3.389 0.704
P548628 3.772 4.010 -3.925 1.159
P548629 3.811 3.930 -4.045 0.505
P548630 3.893 4.062 -3.989 0.589
P548632 3.847 4.073 -4.018 0.563
P548633 3.844 3.924 -3.748 0.884
P548634 3.817 3.941 -3.747 0.387
P548635 4.029 4.216 -3.981 0.418
P548636 3.654 3.806 -3.606 1.201
P548638 3.898 4.044 -4.018 0.578
P548639 3.813 3.957 -3.827 2.780
P548640 3.761 3.891 -3.844 0.655
P548643 3.748 3.892 -3.762 0.370
P548644 3.800 3.927 -3.888 0.389
P548645 3.857 3.996 -3.887 0.330
P548646 3.850 3.948 -3.807 1.749
P548647 3.788 4.018 -4.023 0.842
P548648 3.812 3.921 -3.779 0.467
P548650 3.847 4.077 -3.891 0.470
P548651 3.847 4.026 -3.479 1.049
P548652 4.070 3.906 -3.348 1.504
P548653 3.727 3.942 -4.184 0.405
P548655 3.816 4.009 -4.101 0.522
P548656 4.292 3.938 -3.476 0.822
P548658 4.145 4.141 -3.620 0.494
P548659 4.224 4.322 -4.038 0.859
P548660 4.599 4.430 -3.302 0.426
P548661 4.556 4.136 -3.528 0.763
P548662 4.431 3.936 -3.628 2.238
P548663 4.188 4.188 -3.858 0.326
P548664 4.211 4.261 -3.611 0.847
P548665 4.078 4.099 -3.868 0.669
P548667 4.015 4.091 -3.667 0.777
P548668 4.114 4.028 -3.480 0.812
P548669 4.294 4.013 -3.528 1.019
P548670 4.306 3.946 -3.544 0.859
P548671 4.282 4.228 -3.916 1.122
P548674 3.963 4.046 -3.846 0.667
P548675 4.657 4.329 -3.551 0.780
P548676 4.156 4.148 -3.798 0.437
P548677 4.111 4.107 -3.842 0.903
P548679 4.150 4.170 -4.071 0.867
P548680 4.165 4.180 -3.765 0.350
P548681 4.186 4.076 -3.558 0.871
P548682 4.115 4.195 -3.597 0.544
P548683 4.090 4.045 -4.095 1.144
P548685 4.003 3.994 -4.229 1.447
P548686 4.072 4.140 -3.713 0.350
P548688 4.091 4.182 -3.678 0.792
P548689 4.025 4.062 -3.810 0.348
P548690 4.168 4.326 -3.495 2.825
P548691 4.105 4.149 -3.682 0.809
P548693 4.515 4.076 -3.498 0.867
P548696 4.085 4.135 -4.128 0.837
P548697 4.067 4.058 -4.123 0.904
P548698 4.615 4.363 -3.469 1.028
P548700 4.369 3.959 -3.575 0.801
P548701 4.068 4.071 -4.002 0.876
P548703 4.092 4.028 -3.835 1.554
P548704 4.201 4.197 -3.791 0.516
P548705 4.419 4.210 -3.431 0.685
P548707 4.018 4.040 -3.826 0.697
P548708 4.110 4.091 -3.917 0.770
P548710 4.135 4.196 -4.015 1.086
P548711 4.039 4.110 -3.968 0.475
P548714 3.883 4.194 -3.935 0.565
P548715 4.008 4.063 -3.750 0.447
P548716 3.861 4.073 -4.127 0.653
P548717 3.955 4.105 -3.747 0.382
P548718 4.003 4.169 -4.115 0.669
P548719 3.868 4.126 -3.958 0.535
P548720 4.018 4.161 -3.715 0.466
P548721 3.826 4.028 -4.116 0.997
P548722 3.734 3.924 -3.866 0.402
P548723 3.917 4.130 -4.056 0.461
P548724 4.155 4.021 -3.161 0.814
P548726 3.857 4.052 -3.822 0.571
P548727 3.932 4.103 -4.188 1.013
P548728 4.029 4.174 -4.096 0.622
P548729 3.961 4.130 -4.110 0.624
P548730 4.184 4.236 -3.598 0.513
P548733 3.882 4.108 -4.008 0.919
P548735 3.959 4.278 -3.894 0.629
P548737 3.965 4.208 -4.109 1.028
P548739 3.888 4.105 -4.064 0.518
P548740 3.999 4.076 -3.756 0.848
P548743 3.963 4.169 -3.536 0.700
P548745 3.898 4.018 -4.338 1.115
P548746 3.969 3.900 -3.507 1.243
P548748 3.921 4.135 -3.677 0.662
P548749 4.055 4.226 -4.116 0.833
P548750 4.008 4.215 -3.758 0.382
P548752 4.007 4.178 -3.977 0.319
P548754 3.937 4.130 -3.697 1.923
P548756 4.083 4.231 -3.653 1.613
P548758 4.025 4.237 -3.999 0.309
P548759 3.861 4.036 -4.001 0.301
P548761 3.918 4.045 -4.047 0.307
P548764 4.046 4.253 -3.605 1.651
P548766 3.923 4.063 -3.838 1.537
P548767 3.913 4.108 -3.855 0.387
P548769 4.005 4.156 -3.979 0.345
P548771 3.806 3.962 -3.869 0.292
P548773 3.777 3.861 -3.980 0.373
P548774 3.894 4.071 -4.067 0.524
P548776 3.991 3.967 -3.562 2.796
P548778 3.900 4.048 -3.965 0.386
P548782 3.897 4.070 -3.964 0.330
P548784 3.982 4.168 -3.985 0.312
P548785 3.870 4.004 -3.944 0.370
P548788 3.782 3.928 -3.618 0.606
P548790 3.688 3.899 -3.626 0.580
P548791 4.255 4.188 -3.747 0.413
P548792 4.232 4.270 -4.079 1.020
P548793 4.012 4.143 -3.972 0.702
P548795 4.160 4.057 -3.902 1.180
P548796 4.162 4.168 -4.047 1.225
P548797 4.122 4.076 -3.646 0.711
P548798 4.294 4.299 -3.881 1.059
P548799 4.050 4.233 -3.763 0.818
P548800 4.450 4.236 -3.531 0.609
P548801 4.296 4.086 -3.496 0.733
P548802 4.171 4.138 -4.094 0.732
P548803 4.376 3.996 -3.558 0.671
P548804 4.500 4.144 -3.522 0.788
P548805 4.176 3.989 -3.582 0.714
P548806 4.053 4.002 -3.513 0.906
P548807 4.463 4.262 -3.568 0.628
P548808 4.359 4.483 -3.740 0.643
P548809 4.233 4.338 -3.822 0.892
P548810 4.125 4.139 -4.162 1.116
P548811 4.416 4.266 -3.441 0.785
P548812 4.286 4.362 -4.065 0.898
P548813 4.075 4.143 -3.734 0.370
P548814 4.453 4.025 -3.452 0.847
P548815 4.122 4.245 -3.835 0.549
P548816 4.287 4.225 -3.574 0.483
P548818 3.715 3.861 -3.738 0.720
P548820 3.822 4.094 -4.031 1.141
P548821 4.050 3.969 -3.586 0.991
P548824 3.882 4.046 -3.819 0.884
P548828 3.860 4.190 -3.958 0.902
P548829 3.902 3.985 -3.636 0.554
P548831 3.886 4.079 -3.657 0.542
P548833 3.805 3.947 -3.581 1.756
P548835 3.908 4.041 -3.740 1.463
P548836 3.903 4.098 -3.740 0.443
P548838 3.740 3.970 -3.757 0.453
P548839 3.810 3.996 -3.536 1.533
P548841 3.903 4.047 -3.588 1.433
P548843 3.781 3.900 -3.825 1.204
P548845 3.880 4.077 -3.509 1.526
P548847 3.689 3.858 -3.752 1.045
P548850 3.631 3.837 -3.807 0.942
P548851 3.767 3.983 -3.724 1.061
P548853 3.873 3.702 -3.287 1.705
P548854 3.786 3.987 -3.757 0.895
P548858 3.827 4.090 -3.592 0.527
P548860 3.846 4.070 -3.665 0.414
P548862 4.049 4.002 -4.124 1.073
P548864 3.983 4.220 -3.648 0.431
P548867 3.775 4.078 -3.934 0.893
P548869 4.018 3.946 -3.314 1.252
P548871 4.084 4.040 -3.311 1.374
P548874 3.778 3.993 -3.805 0.714
P548876 3.969 4.199 -3.866 0.404
P548878 3.867 4.080 -3.723 0.434
P548880 3.900 4.202 -3.644 0.504
P548882 3.912 4.229 -3.796 0.672
P548884 3.919 4.026 -3.996 0.886
P548886 3.987 4.242 -3.861 0.389
P548888 3.690 3.987 -4.037 0.774
P548892 3.836 4.055 -3.858 0.441
P548896 3.928 4.042 -3.903 1.477
P548898 3.804 3.967 -3.488 1.761
P548899 3.877 4.012 -3.707 0.662
P548902 4.007 4.200 -3.799 0.391
P548904 3.747 3.894 -3.698 0.696
P548905 3.959 4.006 -3.326 0.852
P548907 4.014 4.207 -3.637 0.469
P548909 3.893 4.138 -3.847 0.402
P548911 3.986 4.337 -3.781 0.521
P548913 4.045 4.223 -3.884 0.851
P548917 3.902 4.054 -3.661 1.695
P548919 3.820 3.965 -3.623 0.600
P548923 3.718 3.990 -3.596 0.349
P548925 4.173 4.368 -3.724 0.399
P548927 3.856 3.927 -3.949 0.760
P548931 3.870 4.122 -3.689 0.358
P548934 3.916 3.961 -3.879 0.979
P548937 3.923 4.124 -3.764 0.363
P548939 3.811 4.052 -4.157 0.527
P548943 3.821 4.006 -4.116 0.846
P548947 3.856 4.108 -3.716 0.436
P548949 4.005 4.259 -3.638 0.556
P548953 3.907 4.099 -3.578 0.472
P548955 3.945 4.209 -3.758 0.387
P548959 3.968 4.265 -3.550 0.679
P548960 3.983 3.981 -3.179 1.319
P548963 3.732 3.935 -3.864 0.485
P548965 3.834 3.984 -3.669 1.528
P548971 3.857 3.941 -3.741 1.687
P548973 4.100 3.962 -3.854 1.190
P548975 3.963 4.100 -3.767 0.573
P548977 3.934 4.042 -3.732 1.855
P548979 3.784 3.903 -3.678 1.546
P548982 3.991 3.942 -3.209 1.146
P548985 3.751 3.967 -3.839 0.961
P548987 3.821 3.964 -3.894 0.709
P548989 3.917 4.250 -3.778 0.457
P548992 3.925 4.210 -3.698 0.444
P548995 3.862 4.060 -3.590 0.613
P548997 3.907 4.067 -3.790 0.441
P548999 3.882 4.173 -3.767 0.450
P549001 3.840 4.060 -3.772 0.440
P549003 3.957 3.991 -3.532 1.546
P549005 4.108 4.272 -3.648 0.845
P549007 3.907 4.228 -3.626 0.525
P549008 3.901 4.058 -3.795 0.719
P549011 3.952 4.197 -3.598 1.040
P549013 4.064 4.307 -3.782 0.428
P549015 3.799 4.034 -3.583 0.911
P549017 3.940 4.125 -3.582 0.414
P549019 3.888 4.130 -3.740 0.508
P549021 3.788 4.080 -3.707 0.510
P549025 3.872 4.062 -3.540 0.873
P549026 3.728 3.937 -3.939 0.427
P549031 4.015 4.352 -3.680 0.432
P549033 3.989 4.237 -3.753 0.344
P549034 4.527 4.190 -3.241 1.581
P549035 4.367 4.323 -3.806 1.538
P549036 4.237 4.291 -3.471 1.072
P549037 4.189 4.179 -3.933 0.760
P549038 4.176 4.418 -3.875 0.554
P549039 4.016 4.186 -4.060 0.708
P549040 4.174 4.440 -3.912 0.416
P549042 3.998 4.234 -3.930 0.736
P549043 3.990 4.224 -3.901 0.362
P549044 4.113 4.117 -3.675 1.292
P549045 4.202 4.360 -4.184 0.766
P549046 4.202 4.386 -3.970 0.365
P549047 4.442 4.454 -3.730 1.597
P549048 4.225 4.179 -3.976 0.747
P549049 4.112 4.164 -3.356 1.302
P549050 4.191 4.324 -4.012 0.379
P549051 4.103 4.269 -3.701 0.581
P549052 4.140 4.215 -3.575 1.322
P549054 4.134 4.354 -3.836 0.566
P549055 4.012 4.268 -3.879 0.400
P549057 4.074 4.296 -3.596 1.269
P549058 4.142 4.107 -4.050 0.737
P549060 3.989 4.226 -3.678 0.560
P549061 3.972 4.255 -3.983 0.956
P549063 3.941 4.248 -3.783 0.432
P549064 4.070 4.087 -3.850 0.884
P549065 4.065 4.287 -4.164 0.709
P549067 4.087 4.253 -4.234 0.849
P549068 4.043 4.089 -3.953 1.125
P549069 4.305 4.262 -3.621 1.378
P549070 4.170 4.214 -3.456 1.570
P549071 4.290 4.476 -3.879 0.500
P549072 4.012 4.239 -3.523 1.310
P549073 4.299 4.467 -3.932 0.397
P549074 4.462 4.539 -3.802 1.515
P549075 4.091 4.354 -3.894 0.410
P549076 4.155 4.294 -3.867 0.410
P549077 4.224 4.359 -4.157 0.576
P549078 3.931 4.182 -3.905 0.409
P549079 4.090 4.260 -3.953 0.446
P549080 4.046 4.241 -4.175 0.827
P549081 3.947 4.208 -3.909 0.552
P549083 3.962 4.193 -3.784 0.400
P549084 3.893 4.127 -4.108 0.420
P549086 3.919 4.039 -4.160 0.745
P549088 3.901 4.143 -3.715 0.514
P549089 3.957 4.222 -3.815 0.791
P549090 4.155 4.170 -3.799 1.971
P549091 3.858 4.044 -3.910 0.427
P549093 4.535 4.576 -3.821 1.465
P549094 4.393 4.376 -3.559 2.104
P549095 4.250 4.157 -3.605 1.342
P549096 4.109 4.270 -3.752 0.529
P549098 4.146 4.211 -4.194 1.120
P549100 3.877 4.210 -4.028 0.672
P549102 4.005 4.141 -3.307 1.159
P549103 4.465 4.415 -3.729 1.563
P549104 4.031 4.173 -4.191 0.504
P549105 4.127 4.412 -3.769 1.605
P549108 4.206 4.471 -3.758 1.629
P549109 3.971 4.355 -3.707 1.966
P549111 4.137 4.328 -3.749 0.971
P549114 4.093 4.240 -4.089 0.311
P549115 3.979 4.153 -3.833 0.697
P549117 4.142 4.477 -3.702 1.741
P549120 3.955 4.177 -4.001 0.323
P549123 4.004 4.199 -4.000 0.529
P549126 3.916 4.106 -3.821 0.368
P549130 4.008 4.173 -3.762 0.617
P549131 4.128 4.200 -3.965 0.549
P549133 3.923 4.003 -4.045 0.446
P549138 4.397 4.523 -3.952 0.459
P549139 4.110 4.241 -3.623 1.284
P549141 4.081 4.275 -4.032 0.369
P549144 3.920 4.136 -4.195 0.323
P549148 4.099 4.279 -4.061 0.398
P549152 4.280 4.595 -3.705 1.677
P549153 3.993 4.205 -3.938 0.309
P549156 4.091 4.271 -4.055 0.461
P549158 4.193 4.352 -4.082 0.331
P549160 4.055 4.270 -3.978 0.327
P549163 3.920 4.230 -3.908 1.314
P549165 4.252 4.340 -3.449 1.937
P549167 4.143 4.399 -4.026 0.384
P549168 3.983 4.166 -4.014 0.357
P549171 4.053 4.186 -3.638 1.527
P549172 4.125 4.481 -3.661 1.927
P549174 4.085 4.307 -3.770 1.650
P549176 4.070 4.299 -3.972 1.136
P549178 4.160 4.361 -4.059 0.265
P549179 4.129 4.334 -4.027 0.406
P549182 3.987 4.213 -4.030 0.331
P549184 4.153 4.367 -4.076 0.270
P549185 4.171 4.273 -4.257 1.014
P549187 4.128 4.475 -3.760 1.627
P549188 3.900 4.118 -3.818 0.317
P549190 4.112 4.320 -3.770 0.681
P549195 4.129 4.415 -3.722 1.525
P549197 4.057 4.267 -3.721 1.596
P549201 4.245 4.466 -3.712 1.652
P549203 4.028 4.264 -3.884 0.529
P549207 4.012 4.171 -4.270 0.597
P549209 4.141 4.117 -3.547 1.831
P549211 3.940 4.137 -4.365 0.421
P549214 3.989 4.100 -3.993 0.413
P549219 4.050 4.253 -3.928 0.325
P549222 4.048 4.182 -3.762 1.203
P549224 4.257 4.262 -3.836 1.561
P549225 4.044 4.251 -4.021 0.349
P549228 3.956 4.199 -4.242 0.725
P549230 3.992 4.176 -3.816 0.357
P549233 3.998 4.168 -4.091 0.355
P549236 4.029 4.199 -3.839 0.506
P549240 4.151 4.421 -3.734 1.624
P549242 4.206 4.569 -3.765 1.581
P549244 4.171 4.340 -4.072 0.339
P549246 4.307 4.145 -3.699 1.296
P549247 3.966 4.107 -3.848 0.428
P549249 3.947 4.147 -4.084 0.341
P549252 4.183 4.310 -3.868 1.767
P549254 4.075 4.202 -3.704 0.604
P549255 4.055 4.143 -3.691 0.761
P549257 4.155 4.326 -3.894 0.577
P549261 4.018 4.167 -4.127 0.303
P549264 3.899 4.086 -4.185 0.353
P549268 4.291 4.190 -3.712 1.623
P549270 4.021 4.209 -3.826 0.412
P549273 4.279 4.420 -4.240 0.878
P549275 4.047 4.264 -3.766 0.624
P549276 4.001 4.265 -3.855 0.445
P549278 4.149 4.450 -3.585 0.453
P549280 4.017 4.226 -3.504 0.913
P549282 4.046 4.273 -3.483 1.558
P549284 4.125 4.415 -3.647 0.685
P549286 3.862 4.013 -3.575 0.926
P549288 3.964 4.111 -3.843 0.770
P549289 3.992 4.171 -3.703 0.384
P549291 3.817 4.095 -3.690 0.477
P549293 3.875 4.086 -3.796 0.816
P549298 3.811 3.979 -3.834 0.600
P549302 3.896 3.917 -3.591 1.156
P549303 3.810 4.049 -3.649 0.976
P549306 3.932 4.114 -3.591 2.109
P549308 3.981 4.171 -3.766 0.557
P549311 3.802 3.926 -3.798 0.904
P549314 4.042 4.345 -3.776 0.440
P549317 3.966 4.113 -3.506 1.990
P549318 3.872 4.010 -3.871 1.055
P549320 4.076 4.150 -3.399 0.596
P549321 3.905 4.177 -3.808 0.383
P549323 4.048 4.291 -3.648 0.510
P549325 4.043 4.285 -3.770 0.434
P549329 3.834 4.082 -3.744 1.210
P549331 4.255 4.499 -3.735 0.413
P549334 4.030 3.956 -3.734 1.813
P549336 3.840 4.002 -3.781 0.704
P549337 4.051 4.218 -3.855 0.445
P549339 3.892 4.166 -3.492 0.359
P549341 3.963 4.216 -3.612 0.721
P549343 3.970 4.276 -3.767 0.473
P549345 3.889 4.126 -3.776 0.490
P549346 4.069 4.295 -3.810 0.473
P549347 4.085 4.145 -3.148 1.077
P549349 3.929 4.100 -3.717 0.473
P549351 3.933 4.110 -3.540 0.533
P549352 3.990 4.170 -3.883 0.565
P549357 3.859 3.999 -3.554 1.858
P549359 3.985 4.028 -3.165 1.144
P549360 4.017 4.182 -3.487 0.934
P549364 3.984 4.303 -3.658 0.348
P549366 3.944 4.025 -3.500 1.821
P549370 4.086 4.253 -3.638 0.563
P549373 3.920 4.014 -3.441 1.996
P549376 3.986 4.113 -3.468 1.669
P549378 3.869 4.054 -4.122 0.542
P549383 3.944 4.103 -3.705 0.535
P549385 3.830 3.989 -3.832 0.894
P549388 3.927 4.195 -3.603 0.641
P549392 3.922 4.003 -3.861 0.737
P549393 3.931 4.117 -3.996 0.850
P549395 4.054 4.083 -3.801 0.953
P549398 3.920 4.133 -3.289 1.880
P549400 3.809 3.974 -4.065 0.530
P549404 4.053 4.325 -3.645 0.591
P549405 3.870 4.006 -3.900 1.024
P549406 3.822 4.146 -3.389 0.414
P549408 3.868 4.087 -3.584 0.534
P549409 4.037 4.212 -3.663 0.509
P549411 4.104 4.424 -3.751 0.584
P549413 4.140 4.023 -3.304 1.067
P549414 4.035 4.269 -3.600 0.515
P549417 3.906 3.998 -3.639 0.490
P549418 4.069 4.245 -3.647 1.005
P549421 3.923 4.085 -3.576 0.872
P549422 3.865 4.131 -3.530 2.060
P549426 4.022 4.176 -3.527 1.812
P549428 3.916 4.096 -3.842 0.388
P549431 4.093 4.046 -3.831 1.653
P549433 4.034 4.218 -3.851 0.692
P549439 3.918 4.142 -3.629 0.949
P549440 4.043 4.244 -3.799 0.745
P549442 4.035 4.299 -4.080 0.960
P549444 4.149 4.207 -4.223 1.016
P549447 4.097 4.403 -4.051 0.558
P549449 4.275 4.327 -3.698 1.539
P549451 3.999 4.193 -4.162 1.539
P549452 4.023 4.143 -3.655 0.859
P549455 4.100 4.334 -3.747 0.879
P549457 4.297 4.407 -3.769 1.540
P549458 4.074 4.134 -3.744 1.514
P549460 4.053 4.178 -3.763 1.498
P549462 4.086 4.233 -3.680 0.748
P549465 4.099 4.352 -3.892 0.781
P549466 3.967 4.059 -3.770 1.516
P549469 4.198 4.211 -3.762 1.324
P549471 4.068 4.243 -4.204 1.203
P549475 3.985 4.139 -3.812 0.574
P549477 3.983 4.075 -3.854 0.624
P549480 3.974 4.166 -4.109 1.395
P549483 3.995 4.042 -3.449 0.849
P549485 3.997 4.180 -3.724 0.420
P549486 3.993 4.136 -3.741 0.486
P549488 3.952 4.030 -3.581 1.132
P549492 4.192 4.336 -2.988 1.113
P549493 3.933 4.150 -4.429 0.779
P549495 4.356 4.229 -3.182 2.369
P549497 3.893 4.098 -3.938 0.612
P549499 3.998 4.191 -3.912 0.447
P549500 4.129 4.114 -3.691 1.949
P549501 4.177 4.304 -4.144 0.484
P549504 4.028 4.185 -4.164 1.457
P549506 4.176 4.383 -3.947 0.434
P549508 4.022 4.314 -3.972 0.777
P549512 3.885 4.223 -3.854 1.580
P549513 4.310 4.132 -3.656 0.991
P549515 4.410 4.240 -3.554 0.797
P549518 3.935 4.124 -3.695 0.919
P549521 3.903 4.135 -3.676 0.498
P549523 4.053 4.244 -3.918 0.746
P549525 3.958 4.210 -4.155 0.794
P549527 4.081 4.167 -3.719 0.984
P549529 4.428 4.119 -3.463 1.316
P549532 3.976 4.193 -3.691 0.908
P549537 4.116 4.167 -3.580 0.754
P549539 3.938 4.163 -3.861 0.926
P549542 4.115 4.211 -3.835 0.912
P549545 4.338 4.109 -3.477 1.298
P549548 4.020 4.343 -4.039 0.902
P549552 4.112 4.183 -3.759 0.521
P549554 4.173 4.418 -4.015 0.982
P549556 4.021 4.221 -3.927 0.843
P549559 4.041 4.119 -4.232 1.004
P549562 3.982 4.202 -4.188 0.650
P549566 4.053 4.228 -3.604 0.546
P549569 3.997 4.200 -3.938 1.246
P549572 3.894 4.105 -4.126 0.541
P549575 3.927 4.068 -3.818 1.052
P549580 4.322 4.519 -3.835 0.737
P549582 4.051 4.143 -3.829 0.471
P549584 4.065 4.189 -3.557 0.457
P549588 4.123 4.206 -3.933 0.399
P549590 4.089 4.257 -3.928 0.718
P549591 4.008 4.127 -3.925 0.523
P549593 3.941 4.201 -3.826 1.351
P549594 4.118 4.191 -3.641 1.552
P549597 3.987 4.066 -3.854 0.852
P549599 3.956 4.188 -3.705 0.857
P549603 4.092 4.318 -3.889 0.911
P549605 4.116 4.397 -4.209 0.994
P549607 4.127 4.316 -3.857 0.522
P549608 4.497 4.310 -3.479 1.143
P549609 4.285 4.335 -3.941 0.458
P549611 3.992 4.051 -3.510 0.924
P549613 6.302 6.292 -7.713 0.338
P549614 6.171 6.181 -7.632 0.331
P549615 6.439 6.436 -7.825 0.338
P549616 6.168 6.201 -7.104 0.462
P549617 6.463 6.348 -3.592 0.554
P549618 6.392 6.366 -4.875 0.272
P549619 6.443 6.477 -2.475 0.314
P549620 6.459 6.463 -2.682 0.307
P549621 6.269 6.214 -1.610 0.602
P549623 4.427 4.092 -5.041 0.858
P549624 4.442 4.056 -5.126 1.182
P549626 4.416 3.998 -5.078 1.178
P549628 4.522 4.462 -5.161 1.039
P549629 4.743 4.838 -4.017 0.324
P549631 4.567 4.265 -5.316 1.163
P549632 4.341 4.228 -5.234 0.413
P549636 4.660 4.396 -4.962 0.962
P549638 4.598 4.540 -5.022 0.905
P549640 4.587 4.243 -4.957 1.135
P549641 4.352 4.101 -4.341 1.182
P549644 4.422 4.375 -5.152 0.857
P549646 4.910 4.918 -4.174 0.279
P549648 4.828 4.528 -4.160 0.945
P549649 4.416 4.119 -5.039 1.089
P549651 4.220 4.172 -5.202 0.675
P549653 4.639 4.556 -5.317 0.714
P549655 4.839 4.743 -3.973 0.560
P549656 4.399 3.984 -4.086 1.478
P549657 4.474 4.130 -4.921 1.209
P549658 4.367 3.683 -4.327 1.122
P549660 4.472 4.259 -4.641 0.787
P549661 4.588 4.074 -4.689 1.807
P549662 4.164 3.994 -4.824 0.455
P549663 4.429 4.413 -5.564 1.229
P549664 4.504 4.398 -4.856 2.493
P549665 4.550 4.454 -4.616 1.417
P549666 4.742 4.900 -3.947 0.298
P549670 4.544 4.590 -5.121 0.863
P549673 4.438 4.269 -4.836 0.447
P549675 4.438 4.324 -5.332 0.435
P549676 4.730 4.513 -5.136 0.919
P549677 5.028 4.962 -4.122 1.324
P549678 5.128 5.001 -4.327 1.383
P549679 4.174 3.827 -3.761 0.432
P549682 4.226 4.062 -5.082 3.134
P549684 4.336 3.949 -3.712 0.373
P549687 4.442 4.200 -4.010 0.262
P549689 3.896 3.716 -3.793 0.314
P549694 3.868 3.560 -4.319 1.598
P549699 4.196 3.917 -3.764 0.376
P549700 4.134 3.835 -3.815 0.383
P549704 4.388 4.070 -3.834 0.347
P549707 3.850 3.631 -4.534 1.352
P549710 4.132 3.869 -3.805 0.374
P549712 4.442 4.189 -4.348 0.353
P549713 4.346 4.075 -4.090 0.283
P549718 4.177 3.770 -3.576 0.389
P549723 4.244 3.980 -4.108 0.378
P549724 4.268 3.934 -4.349 0.615
P549728 4.428 3.936 -3.632 2.174
P549729 4.429 4.184 -4.172 0.287
P549733 4.161 3.837 -3.782 0.347
P549734 4.307 3.985 -4.084 0.369
P549735 4.349 4.080 -3.856 0.313
P549739 4.199 3.938 -3.823 0.341
P549742 4.167 3.885 -4.057 0.413
P549743 3.960 3.724 -3.811 0.369
P549748 4.013 3.780 -3.737 0.347
P549753 4.137 3.825 -3.654 0.325
P549758 4.262 4.142 -3.645 0.436
P549761 4.313 4.100 -3.696 0.393
P549764 4.135 3.865 -3.701 0.325
P549766 4.037 3.598 -4.531 1.533
P549767 3.988 3.641 -3.754 0.447
P549772 4.007 3.769 -3.693 0.332
P549777 4.242 3.884 -3.611 0.336
P549778 4.222 4.162 -5.547 3.373
P549779 4.150 3.935 -3.799 0.381
P549782 4.325 4.086 -4.024 0.498
P549783 4.394 4.135 -3.790 0.309
P549786 4.200 3.951 -3.771 0.402
P549790 4.522 4.066 -4.039 0.649
P549794 4.537 4.340 -4.414 0.310
P549796 4.579 4.154 -4.919 2.045
P549799 4.249 4.025 -4.279 0.425
P549800 4.579 4.143 -4.550 1.488
P549804 4.648 4.382 -4.186 0.333
P549805 4.621 4.337 -4.193 0.369
P549806 4.653 4.513 -3.901 0.355
P549807 4.622 4.336 -4.249 2.079
P549809 4.542 4.307 -4.193 0.230
P549810 4.582 4.509 -4.666 0.469
P549811 4.600 4.284 -4.523 2.869
P549812 4.483 4.003 -4.198 0.782
P549813 4.389 4.068 -4.877 2.766
P549814 4.334 3.869 -4.291 0.388
P549815 4.401 3.985 -4.957 1.426
P549818 4.344 3.905 -4.202 0.559
P549824 4.469 3.923 -4.974 1.752
P549826 4.432 4.030 -3.671 0.537
P549828 4.440 4.059 -4.443 0.837
P549831 4.018 3.770 -3.970 0.429
P549832 4.441 4.009 -4.307 0.757
P549834 4.427 3.780 -4.503 2.108
P549835 4.550 4.397 -4.093 0.210
P549836 4.457 3.898 -4.509 0.951
P549838 4.423 4.065 -4.052 1.439
P549839 3.918 3.669 -3.784 0.499
P549844 3.761 3.538 -3.934 0.376
P549847 4.260 4.177 -4.770 0.794
P549848 4.438 4.182 -4.041 1.423
P549849 4.607 4.331 -3.748 0.324
P549850 4.246 3.877 -5.056 2.450
P549852 4.615 4.397 -3.757 0.297
P549855 4.494 4.011 -5.038 2.435
P549857 4.000 3.862 -3.982 0.410
P549858 4.516 4.153 -4.470 0.801
P549859 4.533 4.348 -3.822 0.364
P549863 4.496 4.322 -4.079 0.432
P549866 4.109 3.947 -3.743 0.281
P549869 4.361 3.867 -4.565 0.961
P549871 4.350 4.254 -3.714 0.209
P549872 4.231 3.861 -5.441 2.190
P549873 4.456 4.313 -3.689 0.382
P549878 4.110 3.906 -3.788 0.373
P549879 4.547 4.112 -4.109 0.404
P549880 4.370 4.082 -3.489 0.743
P549881 4.119 3.881 -4.971 0.366
P549882 4.492 4.266 -3.896 0.338
P549883 4.330 4.181 -4.895 1.460
P549884 4.419 4.091 -4.113 1.382
P549886 4.625 4.305 -3.776 0.336
P549890 4.477 4.259 -3.920 0.318
P549893 4.629 4.278 -3.892 0.392
P549896 4.249 3.979 -3.815 0.351
P549897 4.322 4.027 -3.753 0.355
P549900 4.618 4.400 -3.873 0.337
P549902 4.563 4.329 -3.875 0.366
P549905 4.441 4.280 -4.136 0.363
P549909 4.585 4.113 -4.167 0.460
P549911 4.222 3.937 -3.640 0.331
P549913 4.296 4.105 -3.942 0.274
P549914 4.451 4.100 -4.194 0.343
P549915 4.442 3.808 -4.301 1.843
P549918 4.657 4.357 -4.069 0.333
P549920 4.379 4.239 -3.753 0.240
P549921 4.267 3.995 -4.798 0.809
P549922 4.300 3.787 -4.603 0.933
P549923 4.374 3.948 -4.191 0.553
P549924 4.323 3.889 -4.068 1.203
P549925 4.454 4.171 -3.767 0.339
P549930 4.268 4.162 -3.740 0.251
P549933 4.473 4.159 -3.902 0.370
P549937 4.069 3.868 -4.744 0.534
P549939 4.360 3.820 -4.495 2.308
P549941 4.154 3.882 -3.891 0.410
P549944 4.435 4.055 -4.340 0.753
P549945 4.560 4.202 -4.708 1.180
P549949 4.450 4.024 -4.091 0.724
P549952 4.421 4.188 -5.207 1.548
P549953 4.323 4.041 -3.719 0.418
P549957 4.547 4.310 -3.861 0.403
P549959 4.672 4.338 -3.856 0.358
P549962 4.341 3.940 -4.842 1.054
P549963 4.326 4.067 -3.766 0.333
P549965 4.367 4.094 -3.726 0.338
P549967 4.467 4.132 -5.068 1.766
P549970 4.475 4.176 -3.666 0.327
P549972 4.530 4.327 -4.056 0.445
P549977 4.468 3.789 -4.346 0.978
P549980 4.391 4.232 -3.886 0.315
P549981 4.261 4.045 -3.689 0.447
P549982 4.174 4.091 -3.726 0.298
P549983 4.629 3.988 -3.549 1.326
P549984 4.613 4.251 -4.064 0.338
P549985 4.516 3.994 -4.891 0.972
P549986 4.487 4.351 -4.889 2.881
P549987 4.440 4.072 -4.742 0.633
P549988 4.564 4.008 -4.872 0.987
P549989 4.457 4.266 -4.161 0.525
P549991 4.552 4.283 -4.103 0.448
P549995 4.335 4.130 -4.154 0.352
P549998 4.494 4.117 -4.613 0.985
P550000 4.354 4.056 -3.865 0.360
P550002 4.375 4.233 -3.734 0.322
P550003 4.458 4.086 -3.973 0.457
P550005 4.048 3.564 -4.894 1.450
P550006 4.311 4.000 -4.195 0.328
P550007 4.410 4.032 -4.054 0.490
P550008 4.493 4.303 -4.155 0.283
P550009 4.575 4.055 -3.143 2.295
P550010 4.204 4.047 -5.725 1.068
P550012 4.444 4.337 -4.148 0.216
P550014 4.535 4.429 -4.062 0.325
P550017 4.263 4.107 -4.107 0.276
P550019 4.528 3.862 -4.626 1.068
P550020 4.591 4.333 -4.181 0.376
P550022 4.441 4.218 -4.030 0.293
P550023 4.502 4.213 -3.630 1.408
P550027 4.169 4.024 -4.327 0.281
P550028 4.399 4.199 -4.200 0.277
P550033 4.470 4.278 -4.139 0.269
P550034 4.561 4.448 -3.393 0.504
P550037 4.422 4.143 -4.127 0.283
P550040 4.202 4.110 -4.073 0.590
P550044 4.436 4.098 -4.673 2.745
P550046 4.218 3.946 -3.691 0.415
P550049 4.262 3.986 -4.074 0.477
P550052 4.259 3.508 -4.130 2.450
P550053 4.098 3.939 -4.205 0.274
P550054 4.572 3.940 -3.665 1.438
P550055 4.428 4.095 -4.209 0.324
P550056 4.007 3.677 -3.963 0.520
P550061 4.335 4.175 -3.871 0.250
P550063 4.358 4.070 -4.608 3.463
P550066 4.507 4.153 -4.073 0.662
P550068 4.445 4.361 -5.199 4.099
P550070 4.404 4.161 -4.058 0.235
P550072 4.294 3.976 -3.754 0.606
P550075 4.548 4.323 -3.875 0.359
P550077 4.283 4.039 -3.772 0.332
P550080 4.259 4.020 -3.828 0.347
P550082 4.233 3.985 -4.727 0.516
P550085 4.627 4.376 -3.788 0.310
P550086 4.404 4.292 -3.754 0.265
P550088 4.534 4.037 -4.218 0.816
P550090 4.284 4.023 -3.728 0.728
P550091 4.334 3.949 -4.986 1.748
P550092 4.477 4.215 -3.970 0.425
P550093 4.596 4.374 -3.888 0.312
P550094 3.819 3.526 -4.981 0.545
P550096 4.273 4.028 -3.899 0.206
P550097 4.308 3.996 -4.112 0.332
P550099 4.233 4.100 -4.128 0.625
P550103 4.017 3.802 -3.996 0.392
P550106 4.094 3.845 -4.634 0.711
P550109 3.975 3.729 -3.613 0.344
P550112 4.144 3.810 -5.097 2.092
P550113 4.036 3.897 -3.814 0.293
P550116 4.355 4.241 -3.802 0.429
P550120 4.360 4.170 -3.851 0.337
P550124 3.944 3.779 -4.458 1.963
P550125 4.015 3.889 -4.062 0.503
P550126 4.101 4.044 -4.962 2.045
P550127 3.973 4.021 -5.005 2.701
P550128 4.094 3.600 -4.764 1.031
P550130 4.024 3.785 -4.043 0.376
P550134 4.215 3.944 -4.301 0.883
P550136 4.227 4.028 -4.328 0.513
P550138 4.113 3.844 -4.068 0.326
P550141 4.141 3.882 -4.149 0.498
P550145 4.028 4.026 -5.792 1.328
P550148 3.977 3.749 -4.236 0.356
P550150 4.276 4.050 -5.402 2.816
P550153 4.546 4.319 -4.162 0.326
P550156 4.186 3.891 -4.201 0.520
P550159 4.173 4.041 -3.829 0.304
P550162 4.176 4.037 -3.708 0.314
P550163 3.973 3.655 -5.223 2.846
P550164 4.343 4.053 -5.330 2.528
P550165 4.187 3.925 -3.471 1.755
P550166 4.204 4.017 -5.340 2.482
P550167 4.492 4.112 -4.207 0.711
P550170 4.180 3.808 -4.003 0.307
P550172 4.127 3.897 -4.140 0.513
P550175 4.157 3.758 -4.669 0.740
P550177 4.281 3.957 -4.148 0.367
P550179 3.858 3.686 -3.823 0.415
P550183 4.061 3.816 -3.666 0.430
P550186 4.197 3.911 -3.912 0.479
P550187 4.254 4.045 -3.842 0.439
P550188 4.315 4.167 -4.022 0.534
P550190 4.191 3.690 -4.764 2.427
P550192 4.272 3.941 -4.443 0.798
P550196 4.360 4.150 -3.846 0.432
P550197 4.111 3.808 -3.570 0.395
P550201 3.978 4.072 -4.369 1.551
P550202 4.170 3.981 -4.164 1.461
P550203 4.131 3.601 -4.216 1.535
P550207 4.119 3.923 -5.142 1.840
P550208 4.257 3.956 -5.000 2.206
P550211 4.710 4.454 -4.268 0.310
P550213 4.672 4.450 -4.551 0.338
P550214 4.543 4.337 -4.298 0.321
P550218 4.185 3.918 -4.743 0.952
P550219 4.195 3.981 -3.788 0.343
P550225 4.080 3.827 -4.232 2.104
P550226 4.014 3.797 -3.783 0.364
P550228 4.302 4.049 -3.378 0.475
P550232 4.449 3.858 -4.658 3.570
P550233 4.236 4.052 -3.941 0.500
P550238 4.387 4.164 -3.730 0.416
P550241 4.300 3.933 -4.434 1.269
P550242 3.941 3.791 -3.869 0.406
P550246 4.159 3.946 -3.653 0.382
P550248 4.451 4.227 -3.637 0.400
P550252 4.387 4.135 -3.776 0.422
P550256 4.461 4.102 -3.647 0.415
P550259 4.148 3.930 -3.721 0.329
P550260 4.111 4.077 -4.906 1.892
P550262 4.179 3.986 -3.896 0.472
P550264 4.215 3.910 -4.487 0.906
P550265 4.423 3.923 -4.354 1.252
P550266 4.307 3.826 -4.579 0.915
P550267 4.218 3.585 -4.703 0.844
P550268 4.248 4.062 -3.592 0.339
P550269 4.259 4.048 -3.790 0.332
P550273 4.248 4.194 -3.730 0.657
P550274 4.296 3.760 -4.518 1.119
P550275 4.130 4.027 -3.823 0.694
P550281 4.172 3.949 -3.778 0.665
P550282 4.314 3.833 -4.377 2.529
P550283 4.813 4.583 -4.550 0.409
P550284 4.805 4.581 -4.608 0.281
P550285 4.614 4.335 -4.877 0.412
P550286 4.821 4.860 -3.859 0.669
P550288 4.867 4.766 -4.287 0.297
P550293 4.811 4.522 -4.505 0.637
P550294 4.817 4.681 -4.664 0.313
P550298 4.899 4.726 -4.346 0.301
P550301 4.942 4.764 -4.381 0.310
P550303 4.614 4.425 -4.327 0.315
P550305 4.659 4.508 -4.368 0.336
P550308 4.962 4.763 -4.256 0.276
P550313 4.857 4.658 -4.396 0.296
P550316 4.928 4.691 -4.235 0.292
P550317 4.587 4.583 -4.201 0.740
P550321 4.302 4.154 -3.949 0.473
P550322 4.293 4.080 -4.149 0.377
P550325 4.207 3.942 -4.088 0.435
P550328 4.226 4.029 -3.828 1.332
P550330 4.471 4.214 -4.158 0.449
P550333 4.345 3.970 -5.007 0.721
P550336 4.183 3.856 -4.412 1.967
P550338 4.330 4.159 -5.281 1.776
P550340 4.366 4.182 -4.197 0.338
P550341 4.177 3.800 -4.666 1.610
P550345 4.438 4.208 -4.210 0.510
P550346 4.359 4.155 -4.354 0.523
P550347 4.815 4.479 -4.505 0.550
P550348 4.827 4.620 -4.364 0.295
P550349 4.017 3.928 -4.705 0.312
P550350 4.364 3.960 -4.966 1.456
P550351 4.303 3.833 -4.483 1.771
P550352 4.275 4.155 -3.987 0.762
P550354 4.365 4.139 -4.083 0.425
P550357 3.991 3.813 -6.019 1.142
P550359 4.431 4.196 -4.697 0.321
P550362 4.359 4.024 -4.378 0.490
P550363 4.353 3.988 -3.913 0.418
P550367 4.571 4.257 -4.050 0.417
P550371 4.561 4.268 -4.104 0.312
P550375 4.500 4.070 -5.020 1.943
P550376 4.234 3.892 -3.886 0.308
P550378 4.442 4.166 -4.661 0.651
P550380 4.508 4.097 -3.931 0.393
P550382 4.418 4.137 -5.258 3.041
P550383 4.472 3.931 -4.661 0.773
P550384 4.647 4.569 -3.159 0.428
P550387 4.589 4.079 -4.764 2.136
P550388 4.388 4.277 -5.363 0.592
P550389 4.588 4.102 -4.938 1.774
P550391 4.385 4.007 -4.077 0.888
P550394 4.491 4.289 -5.107 0.854
P550395 4.395 3.750 -3.747 1.587
P550398 4.517 4.264 -4.051 0.388
P550400 4.710 4.436 -3.759 0.446
P550403 4.299 3.903 -5.565 1.721
P550404 4.301 3.929 -5.211 1.058
P550405 4.367 3.943 -4.693 0.609
P550406 4.185 3.973 -5.344 0.354
P550407 4.173 4.049 -5.392 2.616
P550409 4.617 4.236 -4.155 0.369
P550413 4.453 4.067 -4.114 0.511
P550418 4.631 4.416 -3.993 2.390
P550419 4.453 4.428 -5.638 3.032
P550423 4.725 4.353 -4.620 0.274
P550425 4.489 4.230 -4.965 0.623
P550428 4.568 4.223 -4.498 0.288
P550432 4.519 4.400 -4.599 0.324
P550434 4.529 4.210 -5.070 0.792
P550437 4.587 4.258 -4.665 0.281
P550439 4.532 4.232 -4.887 0.324
P550445 4.646 4.282 -4.841 0.643
P550447 4.358 3.835 -4.784 0.858
P550452 4.720 4.396 -3.821 0.475
P550456 4.089 3.797 -3.731 0.345
P550460 4.400 4.254 -3.386 0.396
P550462 4.427 4.122 -3.872 0.424
P550466 4.290 4.113 -3.846 0.418
P550471 4.129 3.851 -3.623 0.457
P550473 3.952 3.910 -3.746 0.850
P550474 4.422 3.898 -4.124 0.575
P550475 4.260 4.023 -3.863 0.398
P550476 4.345 4.114 -3.880 0.401
P550477 4.509 4.195 -3.857 0.407
P550479 4.174 4.086 -4.055 0.309
P550482 4.220 3.960 -4.159 0.420
P550484 4.062 3.901 -4.049 0.402
P550489 4.110 3.980 -3.618 0.622
P550490 4.501 4.256 -3.781 0.329
P550493 4.331 4.167 -3.844 0.419
P550496 4.253 4.126 -5.119 2.419
P550498 4.375 4.201 -4.155 0.427
P550499 4.516 3.927 -3.879 1.770
P550500 4.468 4.108 -3.452 0.466
P550501 4.333 4.012 -4.667 0.731
P550502 4.538 4.321 -3.583 0.326
P550503 4.371 4.231 -4.707 0.625
P550506 4.171 4.017 -3.914 0.345
P550509 4.373 3.887 -4.905 0.688
P550510 4.456 4.068 -4.485 0.643
P550512 4.303 4.106 -4.147 0.429
P550515 4.372 3.853 -4.621 0.691
P550518 4.440 4.250 -4.047 0.342
P550519 4.313 3.952 -4.668 0.284
P550520 4.467 3.924 -5.157 2.174
P550521 4.393 4.050 -5.048 1.672
P550522 4.206 3.990 -4.631 1.185
P550523 4.126 3.740 -4.293 0.539
P550524 4.136 3.975 -3.676 0.324
P550527 4.434 4.240 -3.584 0.431
P550529 4.128 3.887 -4.204 0.564
P550533 4.480 4.209 -4.189 0.377
P550537 4.384 4.016 -3.558 0.394
P550540 4.538 4.435 -4.271 0.630
P550543 4.506 4.442 -4.372 0.231
P550545 4.573 4.310 -3.851 0.542
P550547 4.657 4.450 -4.115 1.034
P550548 4.719 4.386 -3.974 0.365
P550549 4.729 4.570 -3.669 0.543
P550552 4.593 4.412 -3.771 0.303
P550554 4.485 4.328 -4.687 0.318
P550558 4.256 4.193 -4.234 0.359
P550559 4.498 4.218 -3.651 1.388
P550560 4.609 4.331 -4.429 0.310
P550562 4.513 4.293 -4.066 0.349
P550565 4.478 4.284 -5.478 1.744
P550569 4.538 4.246 -4.455 0.358
P550573 4.545 4.392 -4.148 0.495
P550576 4.419 4.171 -4.513 0.409
P550580 4.502 4.193 -3.738 1.030
P550581 4.615 4.117 -5.299 1.539
P550582 4.461 4.295 -4.949 0.450
P550585 4.447 4.079 -4.678 0.280
P550589 4.374 4.044 -4.540 0.279
P550590 4.472 4.227 -4.067 0.366
P550592 4.460 4.221 -4.457 0.310
P550593 4.430 3.928 -4.404 1.588
P550595 4.485 4.413 -4.604 0.268
P550597 4.414 4.159 -4.070 0.407
P550600 4.613 4.282 -4.531 0.348
P550601 4.268 4.269 -4.363 0.527
P550602 4.635 4.183 -4.850 1.727
P550606 4.672 4.467 -4.416 0.436
P550609 4.718 4.426 -4.296 0.328
P550611 4.537 4.183 -4.852 0.383
P550613 4.604 4.430 -4.793 0.331
P550616 4.530 4.423 -4.133 0.392
P550619 4.429 4.203 -4.087 0.375
P550624 4.583 4.435 -4.237 0.220
P550625 4.288 3.928 -4.085 1.943
P550626 4.640 4.384 -4.184 0.279
P550627 3.938 3.666 -4.898 0.840
P550628 4.333 3.916 -4.776 0.797
P550629 4.340 4.270 -4.891 1.622
P550630 4.033 3.840 -5.004 1.317
P550631 4.536 4.212 -5.072 0.826
P550632 4.332 4.142 -4.176 0.262
P550633 4.309 3.887 -4.968 1.600
P550634 4.264 3.607 -5.096 0.944
P550637 3.948 3.889 -4.421 2.363
P550638 4.556 4.185 -3.894 0.713
P550639 4.570 4.134 -4.119 0.497
P550640 4.519 4.343 -5.524 1.273
P550641 4.681 4.385 -4.071 0.522
P550644 4.715 4.314 -4.035 0.453
P550645 4.606 4.369 -3.913 0.531
P550648 4.471 4.277 -3.654 0.381
P550649 4.312 3.977 -5.467 2.276
P550652 4.486 4.105 -4.298 0.719
P550656 4.544 4.284 -4.387 0.471
P550658 4.522 4.227 -4.295 0.694
P550659 4.549 4.305 -4.371 0.562
P550660 4.139 4.101 -5.240 0.343
P550661 4.389 3.927 -4.020 1.024
P550662 4.218 4.007 -4.972 1.385
P550663 4.248 4.056 -4.242 0.492
P550665 4.530 4.191 -4.004 0.382
P550670 4.517 4.197 -4.144 0.400
P550673 4.389 4.119 -4.054 0.358
P550675 4.342 4.243 -5.220 0.621
P550676 4.433 4.414 -3.859 0.629
P550679 4.131 3.871 -3.817 0.310
P550681 4.478 4.020 -4.372 0.808
P550682 4.498 4.245 -4.119 0.374
P550685 4.192 3.863 -4.943 1.372
P550686 4.095 4.061 -5.259 1.472
P550690 4.504 4.257 -4.138 0.770
P550692 4.566 4.359 -3.830 0.381
P550695 4.153 3.654 -4.834 1.368
P550696 4.489 3.930 -3.878 1.250
P550697 4.316 3.706 -3.872 1.574
P550701 4.319 4.198 -3.689 0.332
P550704 4.210 3.780 -4.228 1.578
P550709 4.428 4.347 -2.928 0.683
P550710 4.143 4.036 -3.948 0.340
P550711 4.396 4.079 -4.083 0.377
P550713 4.190 3.907 -3.609 0.415
P550717 4.455 4.153 -3.871 0.324
P550720 4.123 3.800 -4.649 0.977
P550721 4.414 4.182 -4.029 0.297
P550723 4.337 3.880 -3.632 1.640
P550724 4.234 3.740 -4.099 1.274
P550725 4.514 4.388 -5.713 1.927
P550726 3.879 3.799 -5.193 0.998
P550727 4.345 4.100 -4.905 0.997
P550728 4.013 3.936 -3.577 0.433
P550729 4.285 3.959 -3.727 0.517
P550731 3.886 3.868 -5.348 1.245
P550732 4.095 3.635 -4.091 1.955
P550734 4.501 4.226 -3.894 0.346
P550739 4.222 3.983 -4.062 1.663
P550741 4.195 3.959 -4.720 0.921
P550743 4.392 4.236 -3.820 0.511
P550746 4.427 3.883 -3.185 1.274
P550747 4.076 3.838 -5.400 2.460
P550749 4.096 3.836 -4.939 1.146
P550750 4.312 3.958 -3.961 2.010
P550751 4.145 3.866 -3.750 0.335
P550756 3.908 3.788 -4.737 1.391
P550758 4.272 4.070 -4.424 0.231
P550759 4.195 3.959 -5.144 2.479
P550760 4.237 3.987 -4.150 0.491
P550762 4.093 3.918 -4.742 0.453
P550763 4.320 4.139 -5.379 0.872
P550764 4.478 4.042 -5.415 1.984
P550773 4.376 4.145 -4.025 0.397
P550775 4.560 4.325 -3.912 0.395
P550779 4.368 4.171 -3.271 0.326
P550780 4.330 3.938 -3.961 1.948
P550781 4.509 4.357 -5.557 3.131
P550782 4.517 3.990 -4.904 0.804
P550783 4.086 4.045 -5.348 0.132
P550784 4.560 4.034 -4.932 2.937
P550785 4.614 4.397 -4.907 2.692
P550786 4.388 4.335 -4.203 0.306
P550788 4.693 4.530 -5.008 3.182
P550789 4.396 3.936 -4.808 0.804
P550792 4.546 4.074 -3.794 1.547
P550793 4.305 3.896 -4.061 0.908
P550795 4.332 4.212 -3.506 0.323
P550798 4.620 4.183 -4.448 0.523
P550800 4.376 4.042 -3.682 0.415
P550803 4.349 4.247 -3.898 0.361
P550805 4.355 4.100 -4.107 0.335
P550806 4.167 4.030 -4.948 0.397
P550807 4.518 4.261 -5.068 0.954
P550809 4.582 4.065 -4.602 0.889
P550811 4.547 4.099 -5.019 1.734
P550813 4.445 4.300 -3.610 0.380
P550817 4.491 4.384 -3.688 0.349
P550818 4.443 4.033 -4.866 0.733
P550819 4.172 3.806 -5.012 0.744
P550823 4.638 4.360 -3.924 0.328
P550828 4.690 4.476 -4.159 0.756
P550829 4.711 4.510 -5.513 2.373
P550833 4.556 3.928 -4.109 1.407
P550837 4.437 4.127 -4.118 2.823
P550838 4.579 4.396 -5.133 0.851
P550842 4.184 3.986 -3.950 0.509
P550844 4.403 4.239 -4.286 0.355
P550845 4.271 3.847 -4.661 1.564
P550846 4.691 4.683 -3.213 0.459
P550849 4.416 4.319 -4.875 2.593
P550850 4.532 4.135 -3.978 1.495
P550854 4.678 4.100 -4.605 2.595
P550856 4.397 3.989 -4.167 0.921
P550857 4.785 4.063 -3.915 1.627
P550858 4.110 4.009 -3.652 0.410
P550859 4.487 4.083 -3.408 1.262
P550860 4.516 4.350 -3.902 0.567
P550862 4.547 4.448 -3.368 2.510
P550864 4.394 4.344 -3.288 0.698
P550867 4.388 4.218 -4.378 0.283
P550868 4.442 4.017 -3.474 1.344
P550869 4.556 4.165 -4.798 3.307
P550870 3.958 4.148 -4.250 0.438
P550872 4.667 4.439 -3.960 0.367
P550875 4.332 4.281 -4.301 0.386
P550878 4.327 4.076 -5.152 1.330
P550880 4.645 4.316 -3.962 0.485
P550885 4.478 4.462 -3.669 0.235
P550887 4.725 4.249 -4.760 2.172
P550888 4.461 4.271 -4.458 0.688
P550890 4.648 4.609 -3.369 0.708
P550892 4.609 4.439 -3.831 0.569
P550893 4.428 3.750 -3.466 1.600
P550896 4.495 4.297 -3.942 0.320
P550898 4.672 4.433 -3.966 0.811
P550901 4.355 4.214 -3.704 0.700
P550902 4.500 4.325 -4.084 0.583
P550904 4.411 4.163 -3.738 0.388
P550910 4.639 4.347 -3.810 0.327
P550913 4.494 4.365 -3.833 0.297
P550915 4.183 3.803 -4.097 1.683
P550918 4.759 4.452 -3.975 0.328
P550921 4.590 4.398 -4.067 0.328
P550923 4.518 4.312 -4.947 1.213
P550924 4.162 4.055 -3.891 0.348
P550926 4.741 4.452 -3.961 0.344
P550931 4.429 4.174 -4.053 0.434
P550937 4.624 4.353 -4.144 0.284
P550938 4.399 4.324 -3.380 0.526
P550942 4.252 4.100 -4.914 3.654
P550946 4.395 4.307 -3.540 0.301
P550947 4.411 3.790 -4.068 1.908
P550949 4.186 4.018 -4.249 0.445
P550953 4.348 3.324 -3.897 2.378
P550954 4.372 4.124 -4.687 1.011
P550955 4.136 3.891 -4.502 0.370
P550957 4.190 4.023 -5.526 1.744
P550958 4.282 4.153 -4.946 2.684
P550961 4.167 3.965 -3.506 0.383
P550963 4.382 4.057 -4.339 0.739
P550964 4.104 3.909 -4.085 2.733
P550965 4.202 3.905 -4.766 1.335
P550966 4.200 4.111 -5.181 1.196
P550967 4.133 3.852 -4.086 0.622
P550969 4.508 4.256 -3.836 0.556
P550972 4.006 3.932 -4.661 0.942
P550973 4.446 3.733 -4.619 2.452
P550977 4.294 3.861 -4.360 1.254
P550978 3.903 3.933 -5.520 1.065
P550981 4.300 4.219 -3.844 0.685
P550984 4.139 3.570 -4.194 0.707
P550987 4.203 3.914 -4.287 0.762
P550994 4.296 4.058 -4.959 1.712
P550995 4.184 3.999 -5.280 0.429
P550996 4.374 4.244 -4.148 1.077
P550998 4.396 3.966 -4.648 1.322
P550999 3.921 3.927 -5.555 0.805
P551000 4.421 4.290 -3.543 0.341
P551004 4.075 3.731 -5.052 1.043
P551005 4.219 3.837 -4.526 1.120
P551006 4.209 3.740 -4.574 1.856
P551008 3.978 3.781 -3.953 0.446
P551011 3.798 3.653 -5.165 0.549
P551013 4.260 3.921 -4.209 0.359
P551014 3.974 3.792 -4.489 1.305
P551015 4.127 3.700 -5.076 1.091
P551016 4.376 3.954 -5.201 0.974
P551018 4.431 4.204 -4.240 0.856
P551021 4.221 4.096 -4.006 0.879
P551025 4.195 3.806 -4.597 0.465
P551026 4.224 3.897 -5.016 1.440
P551028 4.183 3.796 -4.178 1.070
P551033 4.204 4.113 -3.791 0.502
P551038 4.247 4.053 -3.806 0.377
P551040 4.500 4.326 -3.768 0.384
P551043 4.306 3.887 -4.406 1.639
P551044 3.823 3.784 -5.307 0.153
P551046 4.418 4.266 -3.673 0.403
P551048 4.655 4.403 -4.230 0.687
P551051 4.670 4.388 -3.550 0.285
P551052 4.522 3.763 -4.889 1.262
P551054 4.463 4.101 -4.542 0.803
P551055 4.638 4.161 -4.923 1.092
P551057 4.759 4.565 -3.771 0.394
P551060 4.589 4.408 -4.378 0.348
P551064 4.689 4.514 -3.901 0.505
P551065 4.084 4.020 -5.317 0.124
P551067 4.418 4.183 -4.477 0.327
P551069 4.205 3.907 -4.548 0.350
P551071 4.498 4.359 -3.915 0.529
P551074 4.506 4.259 -4.251 0.657
P551078 4.389 4.261 -3.442 0.554
P551079 4.412 3.829 -3.786 1.164
P551080 4.287 4.055 -3.728 0.404
P551084 4.200 4.160 -3.177 0.684
P551086 4.260 3.979 -4.102 0.339
P551087 4.159 3.741 -4.285 1.729
P551088 4.043 3.952 -5.015 0.536
P551089 4.405 4.231 -4.901 1.209
P551091 4.485 4.295 -4.107 0.762
P551097 4.696 4.402 -4.083 0.322
P551098 4.400 4.280 -5.489 0.490
P551099 4.328 3.800 -4.429 1.563
P551101 4.775 4.619 -3.426 0.546
P551106 4.194 4.086 -3.663 0.290
P551108 4.466 4.370 -3.884 0.388
P551109 4.472 4.014 -4.862 0.703
P551110 4.400 3.813 -4.831 1.025
P551114 4.665 4.413 -3.777 0.573
P551116 4.528 4.340 -4.081 0.339
P551118 4.401 4.301 -4.916 1.588
P551120 4.684 4.292 -3.755 0.316
P551122 4.324 3.981 -4.890 0.794
P551123 4.581 4.401 -5.118 0.847
P551125 4.005 3.849 -4.980 1.174
P551127 4.434 4.249 -4.259 0.376
P551129 4.794 4.522 -3.862 0.317
P551132 4.568 4.271 -4.665 1.352
P551134 4.526 4.189 -4.331 1.172
P551135 4.539 4.156 -3.998 1.577
P551140 4.712 4.280 -5.152 1.697
P551144 4.367 4.204 -3.602 0.562
P551147 4.608 4.272 -4.037 0.637
P551150 4.093 3.678 -4.511 0.781
P551151 4.491 4.083 -4.440 1.660
P551152 4.315 3.946 -4.717 0.604
P551153 4.524 4.223 -4.202 0.509
P551156 4.598 4.321 -4.019 0.396
P551157 4.484 4.261 -4.056 0.346
P551160 4.582 4.345 -3.934 0.328
P551168 4.308 4.068 -4.041 0.436
P551171 4.488 4.212 -4.218 0.316
P551172 4.061 3.827 -4.651 3.261
P551175 4.486 4.101 -4.779 1.036
P551177 4.490 4.230 -3.766 0.321
P551182 4.642 4.312 -4.079 0.458
P551184 4.414 4.202 -5.522 2.581
P551185 4.393 3.809 -3.774 1.937
P551186 4.266 4.181 -4.374 0.226
P551189 4.369 4.266 -3.655 0.340
P551192 4.233 4.127 -4.016 0.358
P551195 4.579 4.498 -5.195 2.431
P551196 4.165 4.032 -3.911 1.206
P551198 4.349 4.097 -3.692 0.375
P551201 4.362 3.816 -3.522 1.380
P551204 4.278 4.135 -4.281 0.280
P551205 4.384 4.194 -5.277 3.405
P551207 4.194 3.849 -4.200 0.826
P551208 4.284 4.080 -4.366 0.354
P551210 4.371 4.100 -4.239 0.718
P551212 4.452 4.083 -4.247 0.469
P551213 4.563 4.437 -4.698 0.596
P551214 4.787 4.666 -4.980 0.539
P551215 4.502 3.953 -4.998 1.186
P551216 4.013 3.934 -5.321 0.173
P551217 4.540 4.256 -4.160 0.490
P551218 4.620 4.402 -5.200 0.630
P551219 4.528 4.421 -4.540 0.570
P551223 4.686 4.510 -4.179 0.238
P551228 4.525 4.264 -4.087 0.328
P551231 4.523 4.238 -4.024 0.418
P551234 4.643 4.496 -4.079 0.394
P551235 4.682 4.481 -4.752 0.323
P551236 4.203 3.960 -5.199 0.680
P551238 4.504 4.396 -4.289 0.286
P551243 4.631 4.549 -3.933 0.231
P551245 4.698 4.236 -4.398 0.546
P551246 4.606 4.234 -4.441 0.356
P551247 4.608 4.184 -4.934 1.482
P551255 4.578 4.357 -3.722 0.284
P551256 4.618 4.130 -4.579 1.959
P551257 4.667 4.390 -4.357 0.546
P551259 4.747 4.483 -3.964 0.358
P551261 4.411 4.162 -4.911 1.626
P551264 4.429 4.236 -4.217 0.496
P551270 4.599 4.340 -4.202 0.330
P551273 4.517 4.191 -3.981 0.346
P551275 4.163 3.980 -5.478 1.709
P551277 4.485 4.354 -3.854 0.276
P551281 4.345 4.108 -3.575 0.612
P551283 4.748 4.315 -4.233 0.752
P551285 4.620 4.479 -3.810 0.551
P551286 4.375 4.292 -4.378 0.248
P551287 4.628 4.393 -4.031 0.916
P551288 4.484 4.285 -4.434 0.523
P551289 4.682 4.425 -3.879 0.433
P551293 4.492 4.295 -4.453 0.288
P551296 4.568 4.210 -4.155 1.084
P551297 4.273 4.218 -4.112 0.474
P551300 4.710 4.408 -3.760 0.332
P551303 4.547 4.332 -4.141 0.328
P551305 4.270 4.136 -3.643 0.341
P551307 4.629 4.384 -3.928 1.739
P551309 4.512 4.005 -3.515 1.406
P551310 4.669 4.304 -4.905 2.011
P551314 4.595 4.314 -4.132 0.937
P551315 4.429 4.105 -5.519 1.708
P551316 4.557 4.162 -5.089 0.859
P551317 4.492 4.139 -4.876 0.724
P551319 4.579 4.458 -4.602 0.266
P551321 4.723 4.622 -3.796 0.366
P551323 4.424 3.970 -4.813 0.795
P551327 4.192 4.142 -5.459 0.295
P551328 4.725 4.238 -4.821 1.314
P551330 4.540 4.324 -3.914 0.499
P551331 4.730 4.405 -4.398 0.343
P551332 4.585 4.429 -4.554 0.331
P551333 4.460 3.769 -5.785 2.660
P551335 4.454 4.167 -3.598 0.455
P551338 4.483 3.893 -3.750 1.772
P551339 4.439 3.822 -4.528 0.957
P551340 4.540 4.279 -5.618 2.486
P551341 4.712 4.467 -4.788 0.825
P551342 4.609 4.251 -4.662 0.874
P551345 4.354 4.092 -4.113 0.315
P551347 4.555 4.367 -4.629 0.305
P551348 4.693 4.386 -4.661 1.478
P551353 4.654 4.268 -5.119 3.075
P551355 4.706 4.392 -4.262 0.351
P551357 4.694 4.375 -4.382 1.473
P551358 4.466 4.433 -4.956 2.741
P551361 4.705 4.566 -5.363 2.765
P551362 4.644 4.374 -4.358 0.697
P551363 4.633 4.405 -4.389 0.539
P551364 4.692 4.158 -3.919 1.898
P551365 4.550 4.473 -5.101 0.636
P551366 4.893 4.717 -4.965 0.287
P551367 4.854 4.697 -4.330 0.569
P551371 4.967 4.954 -3.869 0.861
P551375 4.170 4.049 -4.011 0.653
P551376 4.535 4.294 -5.171 3.240
P551377 4.479 4.259 -4.195 1.796
P551382 4.380 4.231 -3.986 0.623
P551384 4.245 4.094 -3.775 0.647
P551389 4.651 4.008 -4.184 1.403
P551391 4.427 4.291 -3.761 0.610
P551392 4.401 4.127 -3.688 0.684
P551394 4.728 4.535 -4.553 0.273
P551395 4.801 4.479 -5.499 2.544
P551396 4.717 4.614 -4.152 0.583
P551400 4.750 4.628 -4.601 0.373
P551401 4.967 4.827 -3.229 0.382
P551403 4.677 4.441 -4.971 0.283
P551405 5.066 4.879 -4.323 0.251
P551409 4.962 4.723 -4.695 0.627
P551412 4.826 4.526 -4.843 0.355
P551413 4.873 4.675 -4.537 0.581
P551415 5.037 4.773 -4.435 0.328
P551418 4.925 4.814 -4.777 0.542
P551419 4.913 4.557 -4.897 0.470
P551422 4.942 4.666 -4.405 0.371
P551424 4.575 4.062 -4.209 0.819
P551425 4.835 4.670 -4.518 2.819
P551426 4.947 4.611 -5.398 0.825
P551430 5.050 4.759 -4.192 0.419
P551433 4.703 4.521 -4.390 0.301
P551434 4.900 4.874 -3.835 1.215
P551436 4.829 4.623 -4.213 0.332
P551439 4.756 4.628 -5.230 0.972
P551440 4.895 4.648 -4.599 0.320
P551441 4.914 4.742 -4.182 0.282
P551443 4.819 4.806 -3.533 0.821
P551445 4.714 4.695 -3.823 0.624
P551447 4.977 4.808 -4.494 0.617
P551449 4.851 4.875 -3.019 0.389
P551451 4.915 4.819 -4.244 0.236
P551453 4.586 4.413 -5.525 0.477
P551454 4.343 4.172 -4.183 0.631
P551458 4.749 4.492 -4.685 0.517
P551462 4.964 4.753 -4.604 0.283
P551463 4.803 4.658 -5.531 0.364
P551465 4.638 4.485 -4.762 0.294
P551468 4.854 4.726 -4.362 0.309
P551470 4.822 4.764 -4.168 0.223
P551472 4.926 4.686 -4.268 0.275
P551475 4.792 4.789 -3.125 0.433
P551476 4.492 4.388 -5.284 0.311
P551477 4.715 4.351 -4.989 0.727
P551478 4.692 4.321 -5.015 0.624
P551479 4.613 4.329 -5.246 0.275
P551481 4.678 4.596 -4.678 0.204
P551482 4.769 4.557 -5.445 1.678
P551483 4.499 4.363 -4.608 0.303
P551487 4.842 4.616 -4.806 0.911
P551489 4.689 4.579 -5.004 0.415
P551493 4.723 4.490 -4.716 0.348
P551499 4.420 4.261 -4.833 0.363
P551500 4.644 4.475 -4.755 0.231
P551503 4.789 4.528 -4.692 0.292
P551506 4.765 4.538 -4.797 0.333
P551507 4.671 4.414 -4.451 0.264
P551510 4.782 4.575 -4.851 1.271
P551511 4.813 4.350 -4.954 0.908
P551512 4.991 4.342 -3.889 2.300
P551514 4.324 3.972 -4.229 0.913
P551516 4.454 4.248 -4.300 1.411
P551517 4.528 4.023 -3.461 2.172
P551518 4.473 4.202 -4.105 0.484
P551519 4.081 3.968 -5.147 0.325
P551521 4.586 4.313 -4.753 0.289
P551523 4.682 4.659 -3.271 0.944
P551524 4.446 4.233 -4.763 0.333
P551528 4.247 4.138 -4.871 0.578
P551532 4.381 4.258 -4.181 0.322
P551539 4.523 4.308 -4.111 0.587
P551540 4.514 4.215 -4.217 0.740
P551541 4.308 4.165 -5.064 0.902
P551542 4.154 4.063 -4.643 0.195
P551543 4.398 4.116 -4.258 0.575
P551545 4.399 4.151 -4.182 0.651
P551549 4.463 4.141 -4.368 0.517
P551551 4.439 4.253 -4.413 0.397
P551556 4.443 4.083 -4.291 0.822
P551557 4.485 4.031 -4.723 3.265
P551561 3.988 3.905 -4.233 0.348
P551562 4.261 4.005 -3.984 0.475
P551565 4.460 4.154 -4.105 0.544
P551567 4.329 4.076 -4.698 0.304
P551570 4.527 4.306 -4.727 0.276
P551572 4.621 4.336 -4.720 0.349
P551577 4.621 4.348 -4.769 0.404
P551581 4.634 4.310 -4.613 0.349
P551584 4.194 4.222 -4.357 1.064
P551585 4.612 4.248 -4.984 0.825
P551586 4.622 4.177 -4.967 0.711
P551587 4.298 4.205 -5.593 0.323
P551588 4.668 4.482 -4.750 0.345
P551589 4.637 4.304 -4.537 0.287
P551593 4.562 4.444 -5.018 0.443
P551597 4.512 4.239 -3.896 0.638
P551601 4.481 4.273 -3.914 0.663
P551604 4.341 4.121 -3.811 0.832
P551606 4.419 4.124 -4.022 0.613
P551607 4.608 4.027 -4.684 1.727
P551608 4.469 4.015 -4.511 0.878
P551609 4.121 4.031 -5.009 0.509
P551610 4.829 4.215 -3.908 1.810
P551611 4.422 4.136 -5.236 0.587
P551612 4.522 4.403 -4.638 0.246
P551615 4.741 4.441 -4.469 0.397
P551617 4.458 4.225 -4.679 0.389
P551621 4.738 4.633 -4.610 0.202
P551622 4.762 4.600 -4.764 0.265
P551624 4.535 4.387 -4.556 0.295
P551626 4.839 4.651 -4.548 0.471
P551628 4.740 4.610 -4.953 0.396
P551632 4.726 4.534 -4.518 0.341
P551634 4.958 4.455 -5.704 3.380
P551636 4.713 4.279 -4.867 0.759
P551637 4.658 4.229 -5.226 0.557
P551638 4.715 4.504 -4.702 0.247
P551642 4.863 4.569 -4.634 0.299
P551644 4.926 4.832 -4.082 0.502
P551648 4.584 4.405 -4.415 0.396
P551652 4.976 4.339 -4.781 1.576
P551653 4.546 4.551 -4.554 0.609
P551654 4.637 4.291 -4.958 0.582
P551655 4.510 4.260 -4.015 1.932
P551657 4.667 4.333 -5.168 0.670
P551658 5.000 4.404 -3.890 2.203
P551661 4.565 4.335 -3.999 0.348
P551662 4.029 3.899 -5.158 0.764
P551664 4.410 3.981 -4.737 0.674
P551667 4.686 4.349 -4.181 0.488
P551670 4.471 4.094 -4.791 0.713
P551671 4.456 4.125 -4.523 0.712
P551673 4.488 3.980 -4.756 0.508
P551676 4.739 4.418 -4.186 0.403
P551679 4.479 4.398 -4.799 0.637
P551680 4.474 4.242 -4.568 0.376
P551683 4.531 3.990 -4.490 0.530
P551686 4.633 4.246 -3.676 2.493
P551688 4.290 4.300 -4.909 1.395
P551689 4.619 4.374 -4.348 0.440
P551690 4.708 4.377 -3.733 2.362
P551691 4.397 4.206 -4.850 1.003
P551692 4.031 3.775 -3.916 0.543
P551695 4.228 3.999 -4.272 0.485
P551697 4.361 4.317 -4.841 0.879
P551698 4.509 4.239 -4.345 0.388
P551701 4.669 4.054 -4.450 0.591
P551703 4.702 4.532 -3.466 0.556
P551705 4.780 4.479 -3.936 0.324
P551707 4.607 4.479 -4.781 2.507
P551708 4.521 4.402 -5.470 0.529
P551710 4.479 4.231 -4.645 0.459
P551713 4.326 4.065 -3.848 0.343
P551715 4.800 4.493 -4.336 1.632
P551720 4.540 4.247 -4.391 0.357
P551726 4.716 4.555 -3.725 0.328
P551729 4.826 4.575 -4.161 0.614
P551731 4.635 4.497 -4.168 0.672
P551734 4.481 4.135 -4.517 0.448
P551740 4.663 4.082 -4.729 0.709
P551741 4.408 4.280 -5.662 0.675
P551742 4.507 4.304 -3.906 0.604
P551745 4.599 4.315 -4.169 0.331
P551749 4.314 4.050 -3.902 0.604
P551751 4.147 4.001 -5.578 0.231
P551753 4.080 3.550 -4.652 0.899
P551755 4.151 3.954 -4.035 0.315
P551756 4.122 3.949 -4.741 0.971
P551758 4.296 4.182 -4.107 0.384
P551759 4.558 4.120 -4.723 0.591
P551761 4.528 4.281 -4.612 0.407
P551762 4.246 3.832 -4.626 0.600
P551766 4.609 4.426 -4.045 0.388
P551769 4.523 4.310 -4.571 0.269
P551771 4.446 4.115 -4.101 0.867
P551772 4.588 4.246 -5.788 3.284
P551773 4.567 4.320 -4.469 0.363
P551776 4.577 3.935 -4.647 0.819
P551779 4.598 4.095 -4.215 0.573
P551781 4.460 4.053 -5.860 1.424
P551782 4.774 4.443 -5.892 3.594
P551783 4.681 4.090 -4.632 0.835
P551788 4.702 4.458 -4.087 0.424
P551790 4.529 4.380 -5.324 0.849
P551791 4.411 4.097 -5.866 2.675
P551792 4.402 4.300 -4.075 0.476
P551793 4.242 4.073 -4.464 0.786
P551796 4.702 4.335 -4.474 0.742
P551798 4.672 4.386 -4.323 0.413
P551801 4.311 3.932 -4.888 1.463
P551803 4.643 4.357 -4.658 0.459
P551806 4.415 3.997 -4.159 2.576
P551807 4.489 4.012 -4.983 0.658
P551810 4.210 3.960 -3.855 0.382
P551812 4.392 4.423 -5.521 0.969
P551813 4.427 4.409 -5.510 0.529
P551814 4.296 4.196 -4.335 0.832
P551815 4.380 4.260 -4.190 0.474
P551816 4.742 4.019 -4.717 2.309
P551818 4.531 4.236 -3.878 0.529
P551822 4.543 4.316 -4.126 0.260
P551823 4.281 4.041 -4.620 0.605
P551824 4.654 4.286 -4.659 0.569
P551825 4.194 4.078 -3.755 2.764
P551827 4.493 4.360 -3.912 0.503
P551829 4.570 4.043 -4.489 0.983
P551831 4.515 4.579 -5.940 0.844
P551833 4.315 4.062 -4.364 0.316
P551834 4.435 4.012 -4.753 1.881
P551836 4.145 3.962 -3.802 0.515
P551838 4.379 4.136 -3.965 0.477
P551841 4.427 3.952 -3.973 0.596
P551844 4.319 4.155 -4.334 0.339
P551847 4.421 4.310 -3.800 0.428
P551849 4.245 3.954 -4.297 1.218
P551850 4.528 4.409 -5.211 0.855
P551851 3.919 3.824 -5.195 0.189
P551852 4.270 4.439 -5.013 1.013
P551854 4.192 3.937 -3.673 0.571
P551858 4.383 4.029 -4.165 0.650
P551866 4.369 4.183 -4.153 0.315
P551868 4.174 4.057 -3.963 0.352
P551870 4.532 4.339 -3.434 0.588
P551873 4.426 3.942 -3.794 0.805
P551876 4.570 4.308 -3.903 0.613
P551877 4.399 4.262 -4.894 3.218
P551878 4.363 4.240 -4.340 0.413
P551879 4.062 3.981 -3.760 0.557
P551882 4.556 4.263 -4.081 0.470
P551886 4.428 4.247 -3.970 0.436
P551889 4.590 4.402 -5.660 2.597
P551890 4.614 4.179 -3.972 0.616
P551891 4.385 3.915 -4.186 1.177
P551892 4.473 4.392 -4.946 0.574
P551893 4.246 4.109 -4.778 0.569
P551894 4.200 4.169 -5.764 2.576
P551896 4.333 4.111 -4.394 0.400
P551897 4.301 4.086 -4.917 1.250
P551899 4.243 4.042 -4.022 0.431
P551901 4.623 4.130 -4.264 0.798
P551902 4.407 4.187 -4.376 0.448
P551903 4.304 4.084 -5.015 2.041
P551904 4.471 4.236 -4.474 0.651
P551907 4.541 4.291 -4.175 0.375
P551911 4.550 4.348 -3.457 0.357
P551914 4.561 4.298 -3.407 0.770
P551915 4.359 4.077 -3.519 0.570
P551920 4.211 3.838 -5.358 1.548
P551921 4.644 4.416 -3.815 0.498
P551922 4.105 3.911 -4.007 0.467
P551927 4.662 3.955 -3.911 1.659
P551928 4.474 3.845 -4.422 2.756
P551930 4.664 4.317 -3.749 0.377
P551931 4.436 4.013 -5.105 3.297
P551933 4.203 3.913 -4.616 0.694
P551934 4.384 4.262 -3.185 0.328
P551935 4.548 4.132 -3.799 1.683
P551937 4.208 3.824 -5.372 0.953
P551939 4.437 4.119 -4.787 0.714
P551942 4.422 4.015 -4.698 0.907
P551944 4.339 4.007 -4.237 1.349
P551945 4.486 4.335 -4.618 0.383
P551947 4.432 4.268 -3.805 0.468
P551948 4.618 4.450 -4.276 1.284
P551950 4.509 4.325 -4.037 0.379
P551953 4.182 3.632 -4.761 1.926
P551954 4.471 4.332 -4.233 0.537
P551956 4.165 4.074 -4.414 0.492
P551960 4.538 4.270 -4.193 0.557
P551961 4.447 4.369 -4.496 0.525
P551963 4.441 4.166 -3.841 0.579
P551964 4.273 4.045 -3.791 1.716
P551965 4.529 4.412 -4.457 0.543
P551968 4.449 4.179 -5.023 0.625
P551969 4.584 4.437 -4.250 0.426
P551973 4.377 4.116 -4.058 0.503
P551977 4.570 4.387 -4.046 0.508
P551979 4.102 3.688 -4.449 1.753
P551981 4.574 4.320 -4.336 0.402
P551985 4.351 4.122 -4.476 0.739
P551989 4.440 4.242 -4.620 1.516
P551992 4.429 4.055 -5.081 0.647
P551994 4.376 4.097 -4.326 0.467
P551998 4.442 3.919 -4.320 1.696
P551999 4.360 4.025 -3.897 1.242
P552003 4.428 4.350 -3.456 0.492
P552004 4.278 4.234 -5.252 0.580
P552005 4.410 4.138 -4.819 0.718
P552006 4.509 4.419 -3.970 0.235
P552007 4.475 4.342 -5.492 0.841
P552008 4.470 3.998 -4.288 2.669
P552010 4.531 4.392 -4.024 0.237
P552011 4.521 4.025 -5.044 0.528
P552012 4.381 3.875 -5.099 0.768
P552014 4.498 4.093 -4.915 1.816
P552016 4.580 4.159 -3.872 1.364
P552018 4.546 4.204 -4.725 0.344
P552019 4.658 4.336 -4.371 0.670
P552020 4.668 4.067 -4.893 0.798
P552021 4.517 4.184 -4.080 0.382
P552025 4.352 3.720 -4.910 1.103
P552027 4.416 4.096 -4.436 0.338
P552028 4.179 4.018 -5.658 0.713
P552029 4.467 4.229 -5.795 0.810
P552030 4.066 3.972 -5.178 0.748
P552032 4.283 3.968 -3.944 0.420
P552035 4.321 3.995 -3.490 0.429
P552036 4.391 4.176 -3.697 0.321
P552038 4.254 4.066 -3.904 0.382
P552039 4.603 4.015 -5.475 2.879
P552041 4.494 4.195 -4.043 0.403
P552047 4.530 4.187 -4.026 0.658
P552049 4.494 4.236 -4.549 1.087
P552050 4.508 4.204 -5.033 1.736
P552052 4.424 4.002 -3.858 0.742
P552054 4.375 3.962 -4.439 1.077
P552055 4.530 4.151 -4.168 0.783
P552058 4.481 4.324 -3.567 0.334
P552061 4.472 4.370 -3.809 0.662
P552065 4.454 4.231 -3.714 0.398
P552068 4.365 3.832 -5.457 2.055
P552070 4.370 3.738 -4.891 1.982
P552073 4.073 3.874 -3.881 0.404
P552074 4.507 3.936 -4.634 3.000
P552077 4.400 4.206 -3.631 0.459
P552079 4.459 4.237 -3.666 0.470
P552080 4.556 4.312 -3.890 0.801
P552081 4.632 4.389 -3.682 0.875
P552087 4.618 4.118 -4.158 2.256
P552089 4.235 3.854 -4.929 1.095
P552093 4.816 4.544 -6.151 1.299
P552094 4.875 4.455 -4.741 1.045
P552095 4.871 4.789 -3.215 0.338
P552096 4.942 4.615 -5.114 1.352
P552097 4.877 4.721 -4.601 0.287
P552098 4.726 4.600 -4.514 0.217
P552103 4.854 4.817 -5.774 1.547
P552104 4.753 4.449 -4.763 0.483
P552109 4.710 4.589 -5.218 0.346
P552112 4.610 4.464 -4.972 0.500
P552117 4.820 4.501 -5.419 0.636
P552119 4.895 4.543 -5.277 0.854
P552120 4.653 4.135 -5.368 0.832
P552123 4.758 4.676 -4.800 0.201
P552127 4.683 4.347 -4.694 0.618
P552131 4.769 4.679 -4.575 0.207
P552134 4.714 4.327 -5.007 0.549
P552137 4.852 4.402 -4.773 1.065
P552138 4.991 4.939 -4.991 0.620
P552139 4.967 4.386 -4.400 1.412
P552141 4.818 4.590 -4.483 0.340
P552146 4.696 4.520 -4.790 0.245
P552147 5.004 4.809 -4.418 0.258
P552149 4.766 4.552 -4.545 0.405
P552152 5.062 4.478 -4.712 2.172
P552153 4.762 4.306 -5.438 0.523
P552155 4.749 4.658 -5.133 0.258
P552156 4.438 4.488 -5.513 1.596
P552157 4.384 4.313 -5.500 1.444
P552158 4.677 4.458 -4.225 0.402
P552162 4.688 4.435 -3.774 0.538
P552163 4.364 4.092 -5.442 1.167
P552165 4.860 4.657 -3.805 0.533
P552166 4.549 4.306 -4.691 0.431
P552171 4.642 4.487 -4.098 0.490
P552174 4.455 4.381 -4.848 0.855
P552175 4.708 4.219 -5.103 0.773
P552176 4.732 4.514 -4.158 0.480
P552177 4.780 4.000 -4.519 1.293
P552178 4.028 3.967 -5.477 0.204
P552180 4.690 4.354 -4.929 2.151
P552181 4.677 4.507 -3.515 2.267
P552183 4.434 4.164 -4.612 0.415
P552184 4.374 4.208 -5.391 0.847
P552186 4.657 4.369 -4.468 0.581
P552190 4.377 4.170 -4.575 0.631
P552196 4.599 4.452 -4.178 0.347
P552199 4.772 4.773 -3.613 0.405
P552201 4.736 4.363 -4.162 0.541
P552203 4.975 4.754 -3.504 2.192
P552204 4.426 4.491 -4.656 0.836
P552205 4.668 4.535 -3.312 0.484
P552206 4.909 4.317 -3.344 2.280
P552207 4.713 4.674 -3.298 0.327
P552211 4.238 4.207 -4.246 0.825
P552212 4.376 4.323 -5.424 0.525
P552215 4.172 3.996 -4.228 0.394
P552216 4.547 4.247 -4.869 0.555
P552220 4.675 4.305 -5.099 0.592
P552221 4.847 4.827 -5.862 0.351
P552222 4.910 4.254 -5.013 2.181
P552225 4.478 4.276 -4.543 0.291
P552227 4.433 4.326 -4.750 0.381
P552228 4.288 4.222 -4.478 0.366
P552233 4.289 4.166 -4.516 0.323
P552237 4.680 4.449 -5.232 0.642
P552238 4.531 4.285 -4.517 0.402
P552243 4.457 4.523 -5.073 1.814
P552244 4.690 4.386 -4.956 0.855
P552245 4.511 4.236 -5.055 0.342
P552246 4.443 4.142 -5.362 0.465
P552247 4.620 4.510 -4.762 0.232
P552250 4.721 4.531 -4.546 0.561
P552251 4.476 4.433 -5.970 1.134
P552256 4.621 4.544 -4.781 0.356
P552261 4.742 4.535 -4.560 0.290
P552263 4.706 4.530 -4.762 0.315
P552266 4.558 4.254 -4.952 0.858
P552269 4.269 4.198 -4.281 0.442
P552273 4.612 4.242 -3.943 0.452
P552276 4.395 4.350 -4.119 0.335
P552279 4.408 4.104 -4.348 0.608
P552280 4.906 4.611 -3.307 2.265
P552281 4.503 4.362 -5.038 0.879
P552282 4.412 4.302 -3.817 0.351
P552286 4.466 4.446 -5.330 1.022
P552287 4.751 4.376 -4.012 0.615
P552288 4.835 4.371 -5.448 2.076
P552291 4.653 4.286 -4.276 0.642
P552294 4.788 4.516 -4.018 0.445
P552297 4.421 4.030 -4.634 0.502
P552300 4.600 4.381 -4.722 0.413
P552302 4.721 4.630 -3.574 0.620
P552305 4.676 4.100 -4.941 2.493
P552306 4.295 3.952 -4.671 1.993
P552307 4.634 4.299 -4.851 2.340
P552309 4.844 4.476 -5.337 0.513
P552310 4.782 4.712 -4.643 0.203
P552315 4.590 4.421 -4.171 0.371
P552316 4.752 4.487 -4.998 0.292
P552317 4.561 4.279 -5.018 0.441
P552328 4.803 4.546 -4.748 0.350
P552330 4.782 4.565 -5.411 0.481
P552332 4.814 4.549 -4.781 0.320
P552335 4.762 4.659 -3.812 0.299
P552336 4.765 4.538 -5.112 0.812
P552339 4.683 4.503 -4.755 0.225
P552341 4.689 4.184 -4.108 1.037
P552342 4.677 4.432 -4.635 0.325
P552346 4.571 4.284 -4.981 0.309
P552348 4.595 4.310 -4.561 0.356
P552351 4.804 4.332 -4.177 2.334
P552352 4.577 4.418 -4.337 0.791
P552353 4.756 4.328 -5.256 0.768
P552355 4.780 4.470 -5.015 0.727
P552358 4.834 4.596 -4.731 0.276
P552362 4.635 4.107 -5.437 0.972
P552363 4.698 4.244 -4.778 1.547
P552366 4.677 4.508 -4.592 0.387
P552370 4.815 4.757 -4.503 0.202
P552371 4.642 4.502 -4.211 0.575
P552372 4.559 4.395 -4.990 0.426
P552373 4.691 4.391 -4.938 0.485
P552374 4.572 4.427 -5.203 0.411
P552377 4.554 4.138 -4.990 0.674
P552380 4.636 4.438 -5.055 0.355
P552382 4.727 4.490 -4.921 0.397
P552383 4.612 4.363 -4.652 0.323
P552384 4.572 4.207 -6.110 1.152
P552385 4.812 4.674 -4.777 0.484
P552387 4.542 4.352 -5.096 0.492
P552393 4.789 4.605 -4.616 0.479
P552394 4.627 4.469 -5.171 0.309
P552397 4.536 4.326 -4.302 0.335
P552398 4.315 4.306 -5.369 0.616
P552399 4.561 4.556 -5.621 0.741
P552400 4.594 4.111 -3.872 0.799
P552406 4.478 4.295 -3.861 0.610
P552408 4.332 4.167 -4.056 0.613
P552409 4.327 4.199 -5.445 0.798
P552410 4.663 4.201 -5.175 1.461
P552411 4.396 4.218 -4.000 0.633
P552421 4.606 4.388 -3.757 0.850
P552422 4.835 4.420 -5.219 1.895
P552426 4.584 4.367 -3.877 0.642
P552427 4.686 4.477 -3.981 0.637
P552429 4.300 3.934 -4.992 0.843
P552431 4.556 4.251 -5.378 1.233
P552432 4.402 4.067 -4.127 1.952
P552433 4.447 4.055 -4.337 0.836
P552435 4.455 4.388 -5.519 3.220
P552436 4.164 3.824 -4.627 0.876
P552439 4.520 4.192 -3.985 0.622
P552441 4.731 4.174 -5.379 2.524
P552442 4.573 4.147 -4.853 1.038
P552445 4.821 4.695 -3.445 0.632
P552447 4.707 4.487 -3.903 0.611
P552451 4.375 4.023 -3.918 1.366
P552453 4.766 4.255 -4.472 1.465
P552454 4.543 4.245 -4.337 1.715
P552455 4.611 4.363 -4.674 2.330
P552456 4.659 4.390 -5.042 2.736
P552457 4.245 3.983 -4.679 1.069
P552459 4.444 4.416 -3.688 0.595
P552460 4.735 4.470 -5.358 0.342
P552462 4.745 4.513 -4.135 1.134
P552464 4.453 4.265 -4.306 0.585
P552466 4.729 4.423 -3.878 0.804
P552472 4.380 4.091 -3.839 0.652
P552473 4.740 4.305 -4.384 1.584
P552474 4.781 4.557 -4.894 1.963
P552478 4.756 4.550 -3.550 0.453
P552479 4.382 4.257 -5.359 0.609
P552480 4.596 4.201 -4.963 1.811
P552485 4.296 4.064 -3.587 0.621
P552486 4.501 4.368 -5.115 0.995
P552487 4.637 4.422 -4.419 0.826
P552488 4.436 4.282 -4.471 0.605
P552490 4.551 4.255 -3.656 0.895
P552491 4.430 3.885 -3.992 2.021
P552493 4.847 4.611 -3.904 0.783
P552495 4.788 4.649 -4.648 0.511
P552496 4.764 4.616 -4.531 0.224
P552498 4.861 4.730 -4.761 0.487
P552499 5.025 4.652 -4.194 3.003
P552500 4.962 4.731 -4.229 0.781
P552503 4.969 4.934 -4.476 0.181
P552505 4.943 4.677 -4.222 0.847
P552507 4.763 4.622 -5.163 0.322
P552511 4.748 4.362 -4.988 0.546
P552513 4.802 4.627 -5.067 0.338
P552515 4.897 4.383 -4.984 0.829
P552519 4.989 4.730 -4.718 0.351
P552522 4.982 4.677 -4.785 0.276
P552525 4.927 4.698 -4.796 0.385
P552529 4.809 4.779 -3.706 1.535
P552530 4.975 4.518 -4.875 1.287
P552534 4.832 4.723 -4.657 0.376
P552537 4.781 4.492 -4.386 0.458
P552541 4.841 4.712 -4.748 0.218
P552542 4.796 4.626 -4.448 0.255
P552545 4.884 4.525 -4.790 0.400
P552548 4.703 4.544 -4.911 0.562
P552554 4.796 4.412 -4.527 1.223
P552556 4.734 4.678 -5.120 0.606
P552557 4.762 4.317 -4.169 1.083
P552559 4.673 4.457 -4.991 0.255
P552560 4.727 4.244 -5.131 0.904
P552562 4.845 4.666 -4.908 0.462
P552564 4.719 4.280 -5.079 0.862
P552565 4.962 4.609 -4.695 0.423
P552566 4.876 4.592 -5.043 0.332
P552569 4.632 4.347 -4.582 0.507
P552571 4.710 4.568 -4.733 0.669
P552573 4.647 4.541 -5.064 0.441
P552578 4.915 4.647 -4.430 0.346
P552581 4.805 4.677 -5.125 0.233
P552582 4.992 4.522 -4.811 0.822
P552583 4.889 4.677 -4.915 0.305
P552584 4.868 4.746 -4.168 0.254
P552585 4.629 4.157 -5.682 0.680
P552586 4.873 4.622 -4.111 1.194
P552587 4.586 4.525 -5.518 0.705
P552588 4.724 4.516 -4.494 0.275
P552590 4.768 4.496 -4.941 0.275
P552591 4.759 4.526 -4.428 0.419
P552594 4.739 4.380 -4.805 0.993
P552598 4.836 4.569 -4.678 0.372
P552600 4.767 4.487 -5.434 0.502
P552604 4.717 4.670 -4.274 0.194
P552605 4.697 4.401 -4.953 0.665
P552606 4.836 4.416 -4.785 0.704
P552607 4.635 4.584 -5.147 0.500
P552609 4.771 4.753 -4.721 1.083
P552610 4.672 4.334 -5.572 0.997
P552611 4.964 4.498 -4.083 1.362
P552612 4.801 4.495 -4.527 0.839
P552613 4.485 4.384 -4.712 0.389
P552614 4.550 4.520 -5.345 0.765
P552615 4.677 4.411 -4.533 0.908
P552617 4.806 4.500 -4.536 0.436
P552620 4.694 4.316 -5.702 1.023
P552622 4.673 4.527 -4.517 0.287
P552626 4.766 4.381 -4.656 0.683
P552628 4.502 4.239 -5.521 0.463
P552630 4.437 4.336 -4.593 0.392
P552632 4.356 4.204 -4.546 0.486
P552635 4.785 4.581 -4.621 0.410
P552637 4.648 4.575 -4.607 0.413
P552640 4.682 4.511 -4.864 0.461
P552644 4.733 4.521 -4.655 0.960
P552645 4.322 4.194 -4.494 0.327
P552650 4.806 4.630 -4.439 0.393
P552652 4.823 4.383 -4.610 0.533
P552653 4.551 4.240 -5.087 0.498
P552654 4.823 4.438 -5.004 0.710
P552655 4.764 4.452 -4.627 0.542
P552656 4.719 4.533 -4.235 0.394
P552658 4.734 4.699 -5.734 0.454
P552659 4.811 4.779 -3.956 0.721
P552664 4.669 4.527 -4.877 0.244
P552666 4.725 4.799 -4.072 0.759
P552673 4.890 4.509 -5.011 0.790
P552674 4.609 4.372 -5.229 0.314
P552675 4.750 4.578 -4.735 0.248
P552679 4.790 4.551 -4.979 0.457
P552682 4.736 4.378 -5.321 0.424
P552683 4.798 4.437 -4.530 1.423
P552684 4.736 4.572 -5.836 0.668
P552687 4.586 4.249 -4.664 0.790
P552689 4.687 4.536 -3.914 1.057
P552691 4.608 4.370 -5.053 0.290
P552692 4.496 4.443 -4.205 0.813
P552693 4.945 4.976 -4.759 0.442
P552694 4.397 4.036 -5.208 0.544
P552695 4.843 4.587 -5.284 1.302
P552697 4.850 4.867 -4.546 0.424
P552698 4.726 4.476 -4.561 0.437
P552699 4.610 4.255 -5.399 0.437
P552700 4.931 4.964 -4.459 0.344
P552701 4.496 4.555 -5.080 1.004
P552702 4.655 4.297 -5.328 0.508
P552704 4.693 4.191 -4.525 0.831
P552707 4.880 4.850 -4.141 0.431
P552708 5.118 5.108 -1.054 0.356
P552711 4.699 4.367 -4.787 0.328
P552716 4.849 4.626 -4.173 0.342
P552718 4.688 4.534 -5.027 0.338
P552723 4.846 4.665 -4.822 1.774
P552724 4.756 4.644 -4.437 0.300
P552729 4.752 4.358 -4.540 0.874
P552730 4.628 4.332 -5.183 0.263
P552731 4.967 4.641 -4.077 1.756
P552734 4.852 4.693 -3.818 0.476
P552736 4.612 4.436 -5.164 0.339
P552737 4.947 4.480 -4.715 0.517
P552741 4.957 4.850 -2.938 0.491
P552742 4.730 4.635 -4.785 0.401
P552744 4.724 4.478 -4.808 1.106
P552745 4.707 4.560 -5.199 0.343
P552750 4.610 4.247 -5.539 0.364
P552751 4.881 4.691 -4.824 0.375
P552752 4.979 4.746 -4.643 0.389
P552753 4.658 4.527 -5.100 0.307
P552755 4.902 4.646 -4.639 0.718
P552757 4.867 4.565 -5.596 3.189
P552758 4.881 4.567 -4.754 0.452
P552759 4.931 4.343 -4.511 0.602
P552760 4.888 4.561 -4.373 0.839
P552762 4.888 4.493 -4.778 0.626
P552765 4.817 4.486 -5.143 0.519
P552766 4.810 4.593 -5.151 0.393
P552769 4.412 4.258 -4.432 0.602
P552772 4.514 4.342 -4.884 0.493
P552773 4.444 4.268 -4.716 0.595
P552774 4.401 4.325 -5.617 0.663
P552775 4.693 4.531 -5.819 0.815
P552776 4.700 4.551 -5.745 0.554
P552780 4.847 4.483 -4.822 0.523
P552784 4.977 4.759 -3.936 1.115
P552785 4.683 4.191 -5.152 0.415
P552787 4.868 4.468 -5.416 0.557
P552789 4.892 4.744 -4.630 0.315
P552792 4.677 4.523 -4.902 0.692
P552793 4.940 5.012 -4.266 2.577
P552797 4.569 4.456 -4.752 0.448
P552802 4.916 4.553 -5.352 0.728
P552803 4.740 4.464 -5.966 0.367
P552805 4.605 4.543 -4.800 0.431
P552806 4.649 4.569 -4.638 0.312
P552809 4.759 4.586 -4.346 0.352
P552815 4.658 4.568 -4.502 0.333
P552817 4.754 4.647 -5.108 0.443
P552818 5.335 5.001 -6.394 0.782
P552819 5.355 5.285 -5.232 0.448
P552820 5.261 4.811 -6.280 1.297
P552821 5.452 5.456 -5.552 0.745
P552824 4.817 4.766 -4.612 0.883
P552826 5.147 5.037 -4.902 0.481
P552832 5.022 4.810 -4.435 2.517
P552834 5.184 5.196 -2.165 0.992
P552843 5.251 5.049 -4.799 1.705
P552845 5.047 5.123 -4.214 1.072
P552855 5.135 5.105 -3.966 1.742
P552861 5.036 4.613 -4.316 1.510
P552897 5.399 5.416 -3.141 0.438
P552960 5.224 4.937 -3.529 2.377
P552997 5.277 5.042 -4.217 2.758
P553001 5.204 5.198 -3.835 1.628
P553077 5.237 5.205 -3.548 1.412
P553154 5.562 5.773 0.348 0.789
P553190 5.372 4.973 -3.704 3.217
P553193 5.224 5.100 -0.125 1.014
P553225 5.476 5.421 0.889 0.513
P553251 5.249 5.174 -6.921 0.304
P553252 5.874 5.857 -5.467 2.414
P553254 3.540 3.649 -3.702 1.004
P553256 3.592 3.736 -3.798 1.366
P553257 3.440 3.578 -3.782 0.892
P553260 3.517 3.597 -3.695 1.058
P553262 3.646 3.621 -3.129 1.359
P553264 3.556 3.626 -3.706 1.236
P553265 3.417 3.461 -3.561 1.005
P553268 3.647 3.622 -3.282 0.759
P553269 3.446 3.571 -3.675 0.635
P553271 3.437 3.502 -3.596 0.695
P553274 3.503 3.607 -3.738 1.333
P553276 3.504 3.660 -3.782 1.223
P553278 3.516 3.637 -3.730 1.159
P553280 3.432 3.464 -3.365 1.089
P553281 3.647 3.715 -3.861 1.086
P553283 3.593 3.715 -3.891 1.183
P553285 3.714 3.808 -3.776 0.653
P553287 3.802 3.736 -3.335 1.209
P553289 3.689 3.745 -3.874 1.057
P553292 3.723 3.798 -3.579 0.874
P553293 3.621 3.721 -3.739 0.817
P553296 3.529 3.555 -3.702 1.031
P553297 3.735 3.718 -3.494 0.750
P553300 3.543 3.692 -3.946 0.929
P553301 3.617 3.672 -3.888 1.410
P553303 3.626 3.710 -3.926 1.330
P553305 3.610 3.700 -3.765 0.690
P553307 3.631 3.740 -3.908 1.316
P553309 3.583 3.565 -3.467 1.089
P553312 3.678 3.800 -3.954 1.570
P553314 3.644 3.805 -4.000 1.355
P553316 3.565 3.575 -3.227 1.162
P553318 3.573 3.584 -3.686 0.962
P553320 3.632 3.796 -3.945 1.439
P553322 3.817 3.726 -3.298 1.140
P553324 3.618 3.771 -3.931 1.454
P553326 3.675 3.704 -3.638 1.072
P553328 3.568 3.789 -3.994 1.185
P553329 3.685 3.878 -3.902 1.556
P553332 3.641 3.753 -3.979 1.317
P553333 3.455 3.523 -3.584 0.957
P553334 3.509 3.653 -3.944 1.481
P553336 3.597 3.740 -3.525 1.029
P553337 3.688 3.682 -3.330 0.755
P553340 3.643 3.724 -3.669 1.089
P553342 3.567 3.742 -4.006 1.447
P553343 3.629 3.695 -3.612 0.755
P553346 3.582 3.730 -3.937 1.243
P553347 3.604 3.700 -3.947 1.202
P553349 3.587 3.725 -3.999 1.440
P553352 3.609 3.749 -3.935 1.433
P553354 3.729 3.738 -3.415 0.781
P553356 3.656 3.843 -3.887 1.376
P553357 3.498 3.611 -3.468 0.913
P553360 3.603 3.777 -3.948 1.500
P553362 3.677 3.812 -3.871 1.403
P553364 3.834 3.786 -3.360 0.831
P553365 3.664 3.715 -3.540 1.359
P553367 3.615 3.705 -3.675 1.125
P553370 3.562 3.609 -3.637 0.871
P553372 3.711 3.781 -3.779 1.196
P553373 3.664 3.680 -3.588 1.385
P553376 3.689 3.402 -3.576 0.982
P553377 3.269 3.253 -3.215 0.927
P553380 3.498 3.618 -3.631 1.410
P553381 3.432 3.581 -3.548 0.838
P553383 3.569 3.631 -3.506 1.064
P553386 3.638 3.799 -3.905 1.402
P553388 3.549 3.639 -3.630 1.172
P553390 3.513 3.557 -3.119 0.845
P553391 3.603 3.493 -3.078 0.955
P553394 3.537 3.647 -3.619 1.307
P553396 3.486 3.608 -3.675 1.483
P553398 3.664 3.724 -3.789 1.180
P553400 3.487 3.619 -3.724 1.412
P553401 3.674 3.591 -3.563 1.891
P553404 3.485 3.561 -3.775 1.237
P553406 3.562 3.600 -3.647 0.848
P553408 3.670 3.763 -3.790 1.013
P553410 3.541 3.660 -3.630 1.287
P553411 3.523 3.612 -3.580 1.006
P553413 3.557 3.549 -3.475 1.351
P553416 3.495 3.532 -3.518 0.763
P553418 3.655 3.701 -3.635 0.824
P553420 3.764 3.722 -3.340 1.462
P553421 3.591 3.676 -3.569 0.954
P553424 3.597 3.756 -3.974 1.417
P553426 3.473 3.615 -3.220 0.453
P553427 3.417 3.539 -3.350 0.844
P553429 3.490 3.610 -3.607 1.308
P553432 3.607 3.578 -3.294 1.329
P553434 3.562 3.549 -3.286 1.323
P553436 3.509 3.600 -3.567 1.205
P553437 3.651 3.740 -3.515 0.761
P553439 3.434 3.511 -3.117 1.692
P553441 3.678 3.694 -3.408 0.793
P553443 3.381 3.475 -3.398 0.720
P553445 3.444 3.451 -3.144 1.239
P553448 3.684 3.769 -3.594 1.333
P553450 3.605 3.819 -3.861 1.432
P553451 3.631 3.673 -3.196 0.709
P553454 3.772 3.652 -3.648 1.390
P553456 3.627 3.668 -3.529 1.326
P553457 3.678 3.725 -3.707 0.671
P553459 3.572 3.681 -3.592 0.953
P553462 3.871 3.988 -3.647 1.406
P553463 3.777 3.902 -3.715 0.883
P553466 3.856 3.918 -3.735 1.056
P553468 3.767 3.978 -3.965 1.396
P553470 3.688 3.825 -3.816 1.169
P553471 3.864 3.862 -3.366 0.734
P553473 3.566 3.613 -3.216 0.883
P553475 3.604 3.724 -3.443 0.988
P553478 3.735 3.973 -4.018 1.136
P553480 3.701 3.753 -3.414 1.386
P553482 3.713 3.783 -3.517 1.153
P553483 3.768 3.910 -4.188 1.634
P553486 3.869 3.929 -3.737 0.708
P553488 3.689 3.772 -3.803 1.384
P553490 3.799 3.850 -3.387 1.124
P553492 3.810 3.837 -3.733 0.853
P553494 3.649 3.651 -3.710 0.818
P553495 3.585 3.669 -3.493 0.902
P553498 3.739 3.786 -3.754 0.701
P553500 3.763 3.830 -3.700 0.788
P553501 3.720 3.772 -3.745 0.835
P553503 3.746 3.781 -3.740 0.735
P553505 3.754 3.787 -3.701 0.777
P553507 3.859 3.817 -3.749 0.872
P553509 3.708 3.881 -4.156 1.638
P553511 3.861 4.014 -4.156 1.598
P553513 3.712 3.866 -4.240 1.613
P553515 3.761 3.808 -3.838 0.872
P553517 3.768 3.854 -3.964 0.738
P553520 3.580 3.644 -3.996 1.003
P553521 3.699 3.696 -3.722 1.176
P553523 3.714 3.845 -3.985 0.658
P553525 3.729 3.905 -4.152 1.626
P553527 3.688 3.869 -4.228 1.638
P553529 3.736 3.877 -4.170 1.630
P553531 3.953 3.857 -3.584 1.280
P553534 3.721 3.807 -3.762 1.271
P553536 3.868 3.799 -3.480 0.618
P553537 3.725 3.760 -3.415 0.762
P553540 3.813 3.506 -3.627 0.894
P553542 3.459 3.426 -3.582 1.028
P553544 3.657 3.778 -3.702 1.615
P553546 3.643 3.750 -3.793 1.601
P553547 3.723 3.744 -3.493 0.513
P553550 3.925 3.887 -3.470 1.091
P553552 3.850 3.960 -4.045 1.365
P553554 3.623 3.775 -3.833 1.277
P553556 3.672 3.701 -3.553 1.739
P553557 3.485 3.594 -3.060 1.418
P553559 3.552 3.753 -3.188 0.540
P553561 3.528 3.668 -3.609 0.755
P553564 3.676 3.697 -3.651 0.747
P553566 3.727 3.732 -3.715 1.029
P553568 3.778 3.827 -3.753 1.364
P553570 3.666 3.819 -3.789 1.208
P553572 3.744 3.941 -4.048 1.475
P553573 3.647 3.698 -3.390 0.611
P553575 3.532 3.705 -3.896 0.892
P553578 3.872 3.869 -3.484 0.641
P553580 3.661 3.777 -3.433 1.190
P553582 3.680 3.892 -3.857 1.148
P553584 3.631 3.772 -3.781 1.702
P553586 3.706 3.809 -3.654 0.919
P553587 3.643 3.687 -3.811 0.970
P553590 3.521 3.613 -3.554 1.095
P553592 3.856 3.869 -3.575 1.196
P553593 3.709 3.810 -3.419 0.999
P553595 3.680 3.853 -3.872 1.385
P553598 3.620 3.664 -3.564 0.801
P553599 3.899 3.925 -3.592 1.611
P553602 3.670 3.684 -3.599 0.846
P553603 3.772 3.912 -3.942 1.298
P553605 3.814 3.899 -3.906 1.058
P553607 3.835 3.903 -3.961 1.271
P553610 3.792 3.796 -3.625 0.723
P553611 3.874 3.902 -3.485 0.422
P553613 3.631 3.714 -3.790 1.332
P553615 3.765 3.819 -3.972 1.470
P553617 3.586 3.665 -3.736 1.614
P553619 3.663 3.760 -3.771 1.214
P553622 3.617 3.414 -3.814 2.433
P553624 3.532 3.669 -3.478 1.783
P553625 3.666 3.748 -3.793 1.230
P553628 3.799 3.896 -4.034 1.225
P553629 3.722 3.806 -3.485 0.891
P553632 3.718 3.549 -3.365 1.099
P553633 3.475 3.565 -3.145 0.767
P553635 3.652 3.730 -3.837 1.415
P553637 3.482 3.635 -3.406 0.870
P553640 3.851 3.914 -3.340 0.557
P553642 3.689 3.774 -3.474 0.901
P553644 3.742 3.830 -3.725 0.760
P553645 3.729 3.907 -4.004 0.999
P553648 3.799 3.923 -4.021 1.194
P553650 3.839 3.920 -3.699 1.809
P553652 3.895 3.978 -3.666 1.836
P553654 3.565 3.667 -3.480 0.950
P553656 3.682 3.703 -3.786 0.609
P553658 3.590 3.690 -3.802 1.424
P553659 3.617 3.774 -3.850 1.219
P553662 3.634 3.600 -3.389 1.155
P553663 3.604 3.653 -3.067 0.685
P553666 3.620 3.778 -3.870 1.423
P553667 3.565 3.661 -3.589 0.646
P553669 3.706 3.751 -3.575 2.306
P553671 3.652 3.762 -3.768 1.349
P553674 3.642 3.721 -3.783 1.342
P553676 3.614 3.701 -3.778 1.305
P553677 3.772 3.889 -4.036 1.356
P553679 3.836 3.893 -3.332 0.571
P553682 3.599 3.707 -3.801 1.346
P553683 3.647 3.664 -3.498 1.340
P553685 3.540 3.523 -3.341 1.447
P553687 3.443 3.710 -3.352 0.577
P553689 3.662 3.697 -3.339 1.121
P553692 3.570 3.683 -3.682 0.658
P553693 3.682 3.720 -3.701 0.978
P553696 3.701 3.715 -3.364 0.831
P553697 3.826 3.940 -3.619 1.693
P553698 3.564 3.689 -3.713 1.481
P553699 3.609 3.626 -3.569 2.071
P553700 3.846 3.886 -3.965 1.340
P553702 3.755 3.813 -3.752 1.066
P553704 3.793 3.471 -3.736 0.926
P553706 3.513 3.387 -3.811 1.048
P553709 3.566 3.681 -3.778 0.984
P553710 3.687 3.744 -3.709 1.129
P553712 3.581 3.668 -3.605 0.752
P553714 3.818 3.873 -3.975 1.375
P553717 3.810 3.803 -3.637 0.765
P553718 3.632 3.700 -3.727 1.262
P553721 3.639 3.668 -3.378 0.856
P553723 3.636 3.597 -3.227 0.451
P553725 3.227 3.653 -3.662 2.158
P553726 3.628 3.697 -3.680 0.750
P553728 3.633 3.726 -3.596 0.790
P553730 3.723 3.751 -3.682 0.828
P553732 3.727 3.814 -3.854 0.699
P553734 3.673 3.651 -3.664 0.621
P553736 3.663 3.723 -3.746 1.060
P553738 3.612 3.696 -3.795 1.378
P553740 3.934 3.889 -3.548 0.819
P553742 3.744 3.813 -3.828 1.037
P553744 3.751 3.798 -3.585 0.959
P553746 3.787 3.826 -3.591 1.716
P553748 3.741 3.863 -4.050 1.470
P553750 3.994 3.979 -3.740 0.815
P553753 3.615 3.791 -3.621 1.728
P553754 3.895 4.020 -4.304 1.659
P553757 3.458 3.873 -3.579 0.847
P553758 3.932 4.008 -4.102 1.562
P553760 3.684 3.824 -4.029 1.761
P553762 3.827 3.915 -4.058 1.646
P553765 3.888 3.932 -3.853 0.761
P553766 3.655 3.735 -3.701 0.831
P553768 3.783 3.847 -4.050 1.684
P553770 3.844 3.875 -3.598 1.906
P553772 3.728 3.893 -3.990 1.700
P553774 3.710 3.770 -3.723 0.739
P553777 3.768 3.807 -3.529 0.740
P553779 3.540 3.473 -4.010 1.012
P553781 3.628 3.756 -3.879 0.915
P553782 3.751 3.804 -3.895 1.391
P553784 3.327 3.753 -3.657 0.795
P553786 3.770 3.880 -4.067 0.975
P553789 3.649 3.774 -3.910 0.855
P553790 3.644 3.683 -3.521 1.393
P553793 3.601 3.652 -3.545 0.648
P553794 3.487 3.814 -3.657 0.748
P553797 3.653 3.769 -4.019 1.302
P553798 3.881 3.981 -3.938 1.221
P553800 3.913 4.058 -4.226 1.631
P553802 3.896 3.844 -3.400 1.519
P553804 3.793 3.900 -4.095 1.000
P553806 3.912 3.614 -3.864 1.121
P553808 3.861 3.973 -4.022 1.686
P553810 3.956 3.991 -4.120 1.571
P553813 3.783 3.821 -3.929 1.181
P553814 3.823 3.812 -4.003 1.106
P553816 3.860 3.957 -4.108 1.404
P553818 3.934 3.973 -4.046 1.719
P553820 4.052 3.980 -3.807 0.922
P553822 3.684 3.724 -3.756 0.848
P553824 3.801 3.834 -3.891 1.295
P553826 3.896 3.970 -4.143 1.086
P553828 3.816 3.901 -4.019 1.430
P553830 3.710 3.831 -3.971 1.830
P553832 3.879 4.000 -3.932 1.019
P553834 3.701 3.806 -3.911 1.391
P553837 3.874 3.927 -3.897 0.906
P553838 3.735 3.845 -3.604 1.224
P553840 3.724 3.811 -3.357 0.909
P553842 3.546 3.818 -3.569 0.699
P553845 3.409 3.528 -3.188 1.102
P553846 3.606 3.750 -3.511 0.917
P553849 3.724 3.773 -3.677 0.740
P553850 3.956 4.009 -3.631 0.861
P553852 3.679 3.788 -3.515 0.931
P553854 3.881 3.932 -3.809 0.808
P553857 3.605 3.747 -3.675 1.308
P553859 3.706 3.785 -3.620 0.747
P553861 3.716 3.616 -3.201 1.091
P553863 3.783 3.668 -4.012 2.342
P553864 3.714 3.837 -3.668 1.264
P553867 3.717 3.808 -3.592 1.261
P553868 3.865 3.925 -3.822 1.322
P553871 4.027 4.011 -3.601 0.829
P553872 3.857 3.898 -3.589 1.235
P553875 3.918 3.970 -3.823 1.262
P553877 3.758 3.769 -3.734 0.811
P553879 3.873 3.941 -3.793 0.725
P553881 3.829 3.878 -3.625 0.765
P553883 3.967 3.975 -3.517 0.559
P553884 3.778 3.829 -3.600 1.265
P553887 3.673 3.783 -3.623 1.295
P553889 3.674 3.762 -3.618 0.854
P553891 3.708 3.772 -3.573 0.766
P553893 3.742 3.829 -3.551 0.847
P553894 3.703 3.910 -4.081 1.621
P553897 3.782 3.702 -3.586 0.666
P553899 3.870 3.759 -3.718 1.506
P553900 3.700 3.903 -4.065 1.627
P553902 3.700 3.842 -4.067 1.684
P553904 3.837 3.953 -4.253 1.709
P553907 3.648 3.806 -4.085 1.078
P553908 4.037 4.053 -3.517 0.622
P553911 3.247 3.621 -3.522 0.814
P553913 3.780 3.647 -3.997 2.337
P553914 3.884 3.909 -3.604 1.352
P553917 3.927 3.951 -3.791 0.813
P553919 3.761 3.762 -3.753 0.813
P553920 3.754 3.769 -3.811 0.907
P553923 3.766 3.840 -3.726 1.186
P553924 3.867 3.949 -3.595 1.276
P553927 4.045 3.957 -3.545 0.647
P553929 3.861 3.943 -3.866 1.405
P553931 3.644 3.742 -3.710 1.412
P553932 3.732 3.772 -3.742 0.974
P553934 4.114 4.082 -4.330 1.256
P553936 4.026 4.107 -4.417 0.755
P553939 4.028 4.177 -4.439 1.541
P553940 4.088 4.168 -4.616 1.397
P553942 4.045 4.170 -4.551 1.232
P553945 4.221 4.191 -3.838 1.054
P553946 3.999 4.015 -4.303 1.926
P553949 3.945 3.932 -4.281 0.920
P553950 4.107 4.222 -4.472 1.484
P553952 4.051 4.163 -3.816 0.603
P553954 4.134 4.239 -4.305 1.685
P553956 4.046 4.184 -4.566 1.093
P553958 3.833 3.828 -4.217 2.065
P553960 4.089 4.094 -4.304 0.915
P553962 3.846 3.943 -4.603 0.877
P553964 3.861 3.951 -4.190 0.930
P553966 3.866 3.997 -4.658 1.460
P553968 3.833 3.877 -4.197 0.882
P553970 3.867 3.994 -4.558 1.290
P553972 3.874 3.915 -3.797 0.727
P553974 3.856 3.993 -4.529 1.215
P553976 3.997 4.027 -4.580 1.051
P553979 3.988 4.068 -4.786 0.710
P553980 3.849 3.894 -4.365 1.133
P553982 3.883 3.882 -4.364 1.037
P553985 3.989 4.025 -4.632 1.017
P553987 4.074 4.029 -4.258 1.056
P553989 3.902 4.031 -4.704 0.732
P553990 3.903 4.010 -4.868 0.687
P553992 3.634 3.728 -4.168 0.998
P553994 4.070 4.033 -4.212 0.951
P553996 3.927 4.015 -4.793 0.657
P553998 3.908 3.970 -4.734 1.008
P554000 4.222 4.331 -4.486 1.418
P554003 4.093 4.127 -4.758 0.630
P554004 3.900 3.946 -4.187 0.925
P554007 3.882 3.994 -4.453 0.830
P554009 3.801 3.911 -4.520 0.947
P554011 4.070 4.134 -4.416 0.995
P554013 3.864 4.025 -4.449 1.083
P554015 4.111 4.021 -4.015 1.482
P554017 3.975 4.053 -4.465 0.856
P554018 3.876 3.856 -4.528 1.119
P554020 3.615 3.878 -3.208 2.257
P554022 3.668 3.735 -3.913 0.960
P554025 3.798 3.864 -3.889 1.525
P554026 3.785 3.842 -3.233 0.937
P554028 3.667 3.811 -4.102 0.874
P554031 3.801 3.906 -4.136 1.286
P554033 3.821 3.834 -4.121 0.912
P554035 3.814 3.904 -4.346 1.444
P554037 3.859 3.914 -4.279 1.221
P554039 3.866 3.896 -4.298 1.302
P554041 3.635 3.692 -3.714 1.615
P554042 3.912 3.886 -4.163 1.429
P554045 3.921 4.022 -4.445 0.945
P554046 4.009 4.045 -4.195 0.881
P554048 3.823 3.947 -4.205 1.464
P554051 4.023 4.019 -4.282 1.178
P554053 3.930 4.047 -4.414 0.986
P554054 4.004 4.029 -4.493 1.054
P554056 4.029 4.054 -4.461 1.087
P554059 3.872 4.008 -4.346 0.949
P554060 4.051 4.049 -4.315 0.978
P554063 4.064 4.073 -4.421 1.075
P554065 3.866 3.901 -3.947 1.236
P554066 3.686 3.762 -3.753 1.116
P554069 4.018 4.032 -3.731 1.054
P554071 3.984 4.051 -4.614 1.070
P554073 3.961 3.996 -4.734 0.549
P554074 4.067 4.125 -3.627 1.753
P554076 3.424 3.907 -3.485 0.768
P554078 3.904 3.977 -4.089 1.353
P554081 3.741 3.807 -3.784 1.154
P554083 3.816 3.828 -3.707 0.933
P554085 3.905 4.042 -4.292 0.973
P554086 3.917 3.953 -3.777 1.416
P554088 4.027 3.657 -3.761 0.956
P554091 3.647 3.707 -3.753 1.148
P554093 3.653 3.781 -3.742 0.988
P554094 3.703 3.812 -4.086 1.335
P554096 3.458 3.945 -3.754 0.771
P554099 3.895 3.920 -3.699 0.999
P554100 3.862 3.929 -4.446 0.889
P554102 3.415 3.753 -3.573 0.783
P554104 3.762 3.837 -3.472 1.688
P554107 3.894 3.949 -4.454 0.753
P554109 3.985 3.934 -4.306 0.773
P554110 3.832 3.808 -4.184 1.026
P554112 3.739 3.764 -4.416 0.801
P554114 3.945 4.015 -4.411 0.997
P554117 4.012 4.042 -3.910 1.038
P554118 3.885 3.983 -4.481 0.977
P554121 3.838 3.888 -4.570 0.800
P554123 4.136 4.092 -4.454 1.019
P554125 3.687 3.885 -3.660 1.641
P554127 3.903 3.932 -4.563 0.826
P554128 3.871 3.939 -4.487 0.963
P554130 3.869 3.957 -4.496 0.879
P554132 3.849 3.972 -4.483 0.866
P554134 3.287 3.761 -3.554 0.800
P554136 4.009 3.833 -3.907 1.642
P554138 3.845 3.766 -3.606 1.316
P554140 3.775 3.839 -3.814 1.394
P554142 3.671 3.764 -3.819 1.207
P554145 3.806 3.917 -3.986 0.938
P554146 3.829 3.825 -3.745 1.007
P554148 3.685 3.810 -3.899 1.518
P554151 3.682 3.812 -3.728 0.978
P554152 3.779 3.853 -3.779 1.383
P554154 3.814 3.885 -3.472 1.688
P554156 3.716 3.806 -3.703 1.062
P554159 3.700 3.814 -3.628 0.788
P554161 3.662 3.786 -3.954 1.191
P554162 4.019 4.103 -3.627 1.681
P554165 3.729 3.975 -3.808 1.958
P554167 3.862 3.904 -3.581 0.808
P554168 3.928 4.040 -4.326 1.219
P554170 3.837 3.869 -3.750 0.862
P554172 3.961 4.062 -3.963 1.421
P554174 3.907 3.996 -4.256 1.290
P554176 3.225 3.715 -3.543 0.726
P554178 4.097 4.045 -3.784 0.704
P554180 3.863 3.933 -4.103 1.241
P554183 4.175 4.295 -4.381 1.263
P554185 4.310 4.429 -4.317 1.525
P554187 4.049 3.937 -3.765 2.575
P554188 4.139 4.262 -4.293 1.576
P554191 4.130 4.068 -3.883 2.371
P554193 4.097 4.130 -3.712 0.972
P554194 4.072 4.197 -4.244 1.860
P554197 4.029 4.246 -4.185 2.093
P554199 4.055 4.126 -3.621 0.926
P554200 4.049 4.164 -4.394 2.107
P554203 4.095 4.240 -4.348 1.550
P554204 3.973 4.013 -3.520 2.134
P554206 3.898 3.945 -4.147 1.606
P554209 4.153 4.065 -4.157 1.069
P554211 4.271 4.320 -3.919 2.014
P554213 3.893 3.932 -4.042 1.530
P554214 4.033 3.932 -4.088 1.234
P554216 4.061 4.088 -4.156 1.263
P554219 3.996 4.060 -4.206 1.399
P554221 3.937 4.017 -4.278 1.916
P554222 4.036 4.022 -4.204 1.511
P554225 3.934 4.057 -4.075 1.166
P554226 4.100 4.034 -4.476 0.452
P554228 4.121 4.161 -4.267 1.882
P554230 4.149 4.114 -3.954 1.075
P554233 3.953 3.990 -4.430 0.909
P554234 4.014 4.032 -4.393 0.947
P554237 4.180 4.073 -3.952 1.356
P554238 4.149 4.134 -4.750 1.157
P554240 3.939 3.897 -4.558 1.472
P554243 3.986 4.062 -4.595 0.699
P554245 4.029 4.108 -4.549 0.797
P554247 3.968 4.120 -4.289 0.748
P554249 4.123 4.118 -3.495 1.463
P554250 4.073 4.054 -4.184 1.627
P554253 3.872 3.930 -4.485 0.903
P554255 4.148 4.281 -4.166 1.880
P554257 4.060 4.121 -4.587 0.774
P554258 4.126 4.071 -4.409 0.881
P554260 4.221 4.154 -3.939 1.358
P554263 4.097 4.135 -4.583 0.825
P554264 3.881 3.862 -4.513 1.040
P554267 4.003 3.979 -4.310 1.131
P554269 4.000 4.082 -4.592 0.759
P554270 4.202 4.231 -4.615 0.759
P554273 3.993 4.067 -4.587 0.770
P554275 4.024 4.091 -4.577 0.756
P554277 4.008 4.089 -4.553 0.781
P554279 4.041 4.114 -4.557 0.785
P554280 4.191 4.346 -4.742 1.429
P554283 4.034 4.030 -4.396 1.054
P554285 3.974 4.025 -4.399 0.985
P554287 3.932 4.119 -4.649 0.738
P554289 4.124 4.110 -4.342 0.772
P554290 3.968 4.257 -4.735 1.480
P554293 3.983 4.012 -4.425 1.028
P554294 3.991 4.171 -4.701 1.160
P554296 3.961 4.266 -4.799 1.515
P554298 4.006 4.271 -4.731 1.472
P554300 3.972 4.279 -4.777 1.393
P554303 3.927 3.990 -4.169 0.882
P554304 3.831 4.003 -4.635 1.046
P554306 4.059 4.273 -4.750 1.505
P554309 4.193 4.101 -4.042 1.085
P554310 4.020 4.256 -4.744 1.446
P554312 3.962 4.269 -4.771 1.404
P554315 4.036 4.059 -4.412 0.960
P554317 3.985 4.029 -4.425 1.000
P554319 4.042 4.128 -4.724 0.596
P554320 4.158 4.129 -4.432 0.773
P554323 3.987 4.103 -4.717 0.609
P554325 4.019 4.108 -4.734 0.588
P554326 3.989 4.064 -4.891 0.563
P554329 4.029 4.126 -4.711 0.589
P554331 3.999 4.088 -4.755 0.552
P554332 3.994 3.958 -4.353 0.678
P554334 3.923 3.934 -3.697 1.391
P554337 4.222 4.261 -4.711 0.615
P554338 3.985 4.067 -4.863 0.597
P554341 4.035 4.053 -4.829 0.685
P554343 4.217 4.146 -4.296 0.999
P554345 4.076 4.153 -4.725 0.611
P554346 3.915 3.927 -4.687 0.573
P554349 4.025 4.075 -4.378 0.926
P554350 4.147 4.139 -4.232 1.066
P554352 4.106 4.175 -4.400 1.188
P554355 4.027 4.083 -4.069 1.185
P554357 3.987 3.815 -3.423 1.265
P554358 4.047 4.170 -4.478 1.282
P554360 4.042 4.096 -4.344 1.252
P554362 4.177 4.221 -4.573 0.915
P554364 4.070 4.084 -4.193 1.047
P554366 4.319 4.395 -4.375 1.823
P554368 4.299 4.440 -4.478 2.196
P554370 4.206 4.333 -4.791 1.250
P554372 4.234 4.292 -4.092 1.457
P554374 4.200 4.296 -4.621 1.064
P554377 4.119 4.263 -4.337 1.714
P554379 4.265 4.252 -4.254 0.817
P554381 3.960 4.147 -4.231 1.830
P554383 3.973 4.166 -4.388 1.424
P554384 3.905 4.074 -3.758 1.049
P554386 4.018 4.150 -4.354 1.137
P554389 3.873 3.973 -4.639 0.712
P554390 4.238 4.177 -4.485 0.728
P554392 4.110 4.118 -4.384 1.108
P554395 3.995 4.033 -4.555 1.045
P554397 3.964 3.915 -4.246 1.368
P554398 3.921 3.981 -4.548 0.705
P554401 4.153 4.156 -4.686 1.051
P554402 4.048 4.116 -4.606 0.730
P554405 4.148 3.659 -4.473 2.610
P554406 3.838 3.834 -3.906 0.860
P554408 3.919 3.967 -4.485 1.108
P554411 3.855 3.979 -4.558 0.851
P554412 4.046 4.140 -4.818 0.687
P554415 3.761 3.838 -3.471 1.339
P554417 3.966 3.989 -4.047 1.390
P554418 3.964 3.966 -3.293 0.960
P554420 3.914 3.925 -4.597 0.744
P554423 3.847 3.870 -4.244 1.058
P554425 3.561 3.738 -3.340 1.019
P554426 4.270 4.319 -4.327 1.450
P554429 3.968 4.049 -4.374 0.924
P554430 3.648 3.780 -4.157 0.999
P554432 4.307 3.989 -4.025 1.236
P554434 4.138 4.303 -4.326 1.853
P554436 4.229 4.302 -4.644 1.098
P554438 4.090 4.024 -3.974 0.789
P554440 4.212 4.195 -4.167 0.960
P554442 4.193 4.230 -4.030 0.943
P554444 3.899 3.987 -4.197 1.086
P554446 4.134 4.125 -4.549 1.072
P554449 3.926 4.035 -4.284 0.963
P554451 4.225 4.235 -4.233 1.028
P554453 3.979 4.032 -4.446 1.701
P554454 3.975 3.981 -3.636 1.026
P554457 4.078 4.104 -3.461 1.416
P554459 3.817 3.854 -3.891 1.476
P554461 3.870 3.988 -4.142 1.578
P554462 3.781 3.843 -3.322 0.864
P554465 3.458 3.886 -3.330 0.882
P554466 3.558 3.793 -3.691 1.616
P554469 3.894 3.893 -4.198 1.143
P554471 3.881 3.823 -3.639 1.279
P554472 3.708 3.779 -3.572 1.040
P554474 3.675 3.712 -4.094 1.508
P554476 4.010 3.975 -3.626 0.740
P554478 3.877 3.857 -3.578 0.970
P554480 3.872 3.998 -3.895 0.989
P554483 4.071 4.086 -4.357 1.444
P554485 4.005 4.072 -4.258 0.855
P554487 3.826 3.935 -3.472 1.185
P554488 4.104 4.070 -3.562 1.097
P554490 4.133 4.147 -4.327 2.289
P554492 4.091 4.079 -4.139 0.962
P554495 4.226 4.209 -4.285 0.956
P554497 4.136 4.145 -4.670 1.050
P554499 3.943 3.943 -3.975 0.465
P554501 3.964 3.720 -4.094 1.342
P554503 3.198 3.762 -3.457 1.055
P554504 3.837 3.946 -4.280 1.295
P554506 3.744 3.917 -4.319 1.540
P554508 3.910 4.084 -4.518 0.733
P554511 3.710 3.914 -3.506 0.648
P554512 3.828 3.997 -4.378 1.638
P554515 3.519 3.926 -3.633 1.183
P554517 3.431 3.842 -3.561 0.853
P554519 3.805 3.879 -4.210 1.732
P554521 3.668 3.702 -3.451 1.047
P554523 4.008 3.597 -4.281 1.094
P554524 3.932 3.899 -3.520 1.992
P554527 3.955 4.044 -4.457 1.371
P554528 3.787 3.807 -3.598 0.704
P554531 3.842 3.876 -3.737 0.950
P554532 3.989 4.124 -4.639 1.248
P554534 3.923 3.992 -4.349 1.913
P554536 3.916 3.878 -4.200 0.943
P554539 3.861 4.035 -4.256 1.073
P554541 4.121 3.839 -4.182 2.167
P554542 3.965 3.887 -3.840 1.331
P554544 3.862 4.011 -4.260 1.159
P554546 3.815 3.987 -4.323 1.254
P554548 4.013 4.067 -4.312 0.926
P554551 3.734 3.872 -4.072 1.693
P554552 3.673 3.929 -4.308 1.391
P554554 4.124 4.152 -4.145 1.033
P554556 4.009 4.049 -4.068 1.005
P554558 4.021 4.046 -4.353 1.024
P554561 3.884 3.874 -4.250 1.102
P554562 3.988 4.002 -4.196 1.346
P554565 4.063 4.031 -3.870 0.956
P554567 3.995 4.076 -4.326 0.750
P554568 4.030 4.104 -4.203 1.029
P554570 4.079 4.152 -4.184 1.412
P554572 4.142 4.122 -4.047 0.887
P554574 3.858 3.970 -4.441 1.292
P554577 3.886 4.072 -4.566 1.441
P554578 3.829 3.903 -4.340 1.343
P554580 3.797 3.949 -4.083 0.888
P554582 3.789 3.815 -4.003 1.265
P554584 3.825 3.837 -3.950 0.828
P554586 3.788 3.936 -4.077 0.784
P554589 4.017 4.030 -4.391 1.079
P554590 4.014 4.095 -4.316 0.864
P554593 3.886 4.013 -4.442 0.977
P554595 3.704 3.886 -4.238 1.584
P554596 3.725 3.798 -4.257 1.147
P554599 3.778 3.725 -4.129 0.687
P554601 3.883 3.994 -3.568 1.473
P554603 3.680 3.865 -3.971 1.298
P554605 3.430 4.017 -3.688 0.857
P554607 3.849 3.907 -3.985 1.009
P554608 3.861 3.951 -4.188 1.605
P554610 3.737 3.945 -4.140 1.752
P554613 3.787 4.061 -4.541 2.087
P554614 4.074 4.058 -4.149 0.659
P554616 4.021 4.023 -4.118 1.299
P554618 3.747 3.811 -3.539 1.288
P554619 4.028 4.078 -4.486 0.922
P554622 3.810 3.865 -4.396 1.190
P554623 3.834 3.931 -4.286 0.879
P554625 3.674 3.655 -4.460 1.437
P554627 4.027 3.882 -4.466 2.498
P554629 4.008 4.093 -4.261 1.078
P554631 4.060 4.113 -4.501 0.992
P554633 3.878 3.893 -4.487 0.900
P554636 3.882 3.863 -4.373 1.064
P554637 3.960 4.055 -4.347 0.949
P554639 3.995 4.088 -4.274 0.976
P554641 4.179 4.156 -4.171 0.847
P554644 3.968 3.924 -3.902 0.683
P554646 4.025 3.982 -3.608 0.788
P554648 4.062 4.090 -4.171 1.198
P554650 4.065 4.104 -4.150 1.258
P554651 3.989 4.142 -4.506 0.978
P554653 3.845 3.744 -3.925 1.281
P554655 3.921 3.946 -4.118 1.500
P554657 3.871 3.941 -4.319 0.887
P554660 4.074 4.019 -4.347 0.795
P554661 4.174 4.262 -4.407 1.148
P554663 3.980 4.026 -4.462 1.036
P554666 3.884 3.977 -4.578 0.701
P554668 3.949 3.984 -4.480 1.111
P554670 4.190 4.202 -4.494 0.723
P554671 4.122 4.152 -4.532 0.595
P554674 4.073 4.173 -4.850 0.665
P554675 4.175 4.141 -4.494 0.735
P554677 4.058 4.143 -4.743 1.000
P554679 4.013 4.049 -4.584 0.812
P554681 4.061 3.709 -3.814 2.400
P554683 3.923 4.000 -4.198 1.022
P554685 3.792 3.883 -4.285 0.933
P554688 3.884 3.848 -4.478 1.022
P554690 4.004 4.069 -4.535 0.718
P554691 3.887 3.985 -4.286 0.998
P554694 3.980 4.027 -4.474 1.010
P554695 4.308 4.240 -4.210 1.239
P554697 4.025 4.177 -4.490 0.847
P554699 3.982 4.149 -4.520 0.899
P554701 4.153 4.176 -4.545 1.088
P554704 4.130 4.117 -4.166 1.148
P554706 3.906 4.000 -4.204 0.743
P554708 3.979 4.069 -4.150 1.219
P554709 3.944 3.898 -3.831 1.462
P554712 3.900 4.009 -4.246 1.101
P554713 3.854 3.960 -4.344 0.882
P554715 3.864 3.834 -3.585 1.220
P554718 3.917 3.902 -4.088 1.144
P554720 3.966 3.966 -4.336 1.077
P554722 4.238 4.218 -4.216 1.069
P554723 4.068 4.163 -4.216 1.085
P554725 4.108 4.125 -4.392 1.050
P554728 3.933 3.904 -4.298 1.421
P554730 3.937 3.963 -4.356 1.005
P554732 4.113 4.176 -4.464 1.009
P554733 4.038 4.128 -4.234 0.819
P554735 4.048 3.768 -3.837 0.882
P554738 3.902 3.991 -4.251 0.829
P554740 3.806 3.970 -4.093 1.197
P554742 4.013 3.869 -4.077 1.009
P554743 3.856 3.956 -4.350 0.887
P554745 3.871 3.984 -4.317 1.273
P554748 3.833 3.905 -4.382 0.739
P554750 3.960 3.951 -4.093 0.792
P554752 4.365 4.364 -4.751 1.037
P554753 3.950 3.931 -4.188 1.121
P554755 3.883 3.983 -4.267 1.145
P554757 3.841 3.906 -4.347 0.890
P554759 3.987 4.050 -4.557 0.913
P554761 3.826 3.928 -4.345 0.890
P554764 4.163 4.143 -4.112 0.947
P554765 4.176 4.153 -4.524 0.615
P554767 4.035 4.121 -4.532 0.906
P554770 4.106 4.161 -4.588 1.037
P554772 3.997 4.060 -4.620 0.795
P554773 3.931 3.997 -4.332 0.897
P554776 4.104 4.062 -4.334 0.764
P554778 3.876 3.871 -4.008 0.881
P554780 4.064 4.069 -4.243 0.874
P554782 3.880 3.882 -4.228 1.152
P554784 4.056 4.094 -4.604 1.100
P554786 3.952 3.973 -4.524 0.991
P554788 4.174 4.176 -4.538 1.067
P554790 4.185 4.190 -4.195 0.936
P554792 3.973 4.074 -4.230 1.049
P554794 3.705 3.858 -4.037 1.266
P554795 3.587 3.741 -3.905 2.760
P554798 4.027 3.795 -3.935 1.203
P554800 4.109 4.201 -4.521 0.988
P554802 4.220 4.247 -4.540 1.053
P554804 3.849 3.720 -3.377 0.643
P554806 4.058 4.168 -4.491 0.853
P554807 4.041 4.057 -4.329 1.206
P554809 4.018 4.006 -4.174 1.264
P554811 4.038 4.066 -4.294 1.073
P554813 4.047 3.972 -4.001 1.194
P554816 4.056 4.005 -3.939 0.734
P554817 4.138 4.175 -4.461 0.679
P554820 3.880 3.994 -4.556 0.707
P554821 3.960 3.959 -4.423 1.036
P554823 3.925 3.860 -4.116 1.064
P554826 3.817 3.914 -4.207 1.479
P554828 4.244 4.192 -4.233 1.133
P554829 3.977 4.006 -4.061 1.314
P554831 3.912 4.114 -3.968 1.432
P554833 4.024 4.010 -3.956 0.760
P554835 4.203 4.262 -4.596 0.874
P554837 4.438 4.290 -3.963 0.774
P554839 4.066 4.154 -4.358 1.162
P554842 3.919 3.986 -4.264 0.727
P554844 4.015 3.989 -3.929 0.506
P554846 4.125 4.096 -3.921 1.066
P554848 4.020 4.045 -4.157 1.208
P554849 4.218 4.285 -4.380 0.619
P554851 4.043 4.162 -4.462 0.966
P554854 3.944 3.973 -4.203 0.945
P554855 3.978 4.034 -4.393 1.060
P554857 4.134 4.182 -4.261 0.508
P554860 4.182 4.167 -4.533 1.162
P554861 4.263 4.174 -4.340 0.720
P554864 4.114 4.170 -4.528 1.200
P554865 4.176 4.156 -4.543 1.170
P554867 4.034 4.072 -4.177 1.033
P554869 4.120 4.102 -4.203 0.896
P554871 4.074 4.098 -4.163 1.280
P554874 4.028 4.051 -3.916 0.525
P554875 4.052 4.067 -4.223 1.129
P554877 3.990 3.981 -4.022 0.776
P554879 3.937 3.936 -4.006 0.718
P554882 4.157 4.140 -4.473 0.901
P554883 4.170 4.225 -3.321 1.958
P554885 4.161 4.091 -3.604 1.786
P554888 4.100 4.095 -4.219 0.914
P554889 4.120 4.200 -4.621 1.371
P554892 4.171 4.190 -4.588 1.449
P554894 4.104 4.196 -4.626 1.461
P554896 4.273 4.086 -4.288 0.828
P554898 4.059 4.187 -4.609 0.706
P554899 4.100 4.167 -4.092 1.115
P554902 4.085 4.038 -4.631 0.763
P554903 4.136 4.201 -3.980 1.039
P554905 4.156 4.239 -3.771 1.720
P554908 3.978 4.073 -3.873 1.308
P554909 4.298 4.322 -4.970 0.742
P554911 4.242 4.244 -4.500 0.779
P554913 4.273 4.277 -4.492 0.722
P554915 4.109 4.143 -4.202 0.968
P554917 3.971 3.977 -4.541 0.925
P554920 4.206 4.185 -4.530 1.203
P554921 4.308 4.179 -4.055 1.041
P554923 4.163 4.175 -4.503 1.149
P554926 4.103 4.180 -4.585 1.434
P554927 4.297 4.292 -4.450 0.641
P554930 4.226 4.129 -3.955 1.325
P554932 4.060 4.102 -4.064 0.585
P554934 3.935 4.113 -4.862 0.938
P554936 4.103 4.210 -4.345 1.115
P554938 4.291 4.307 -3.951 2.280
P554940 4.058 4.179 -4.319 1.112
P554942 4.079 4.247 -4.768 1.170
P554944 4.276 4.389 -4.637 1.211
P554945 4.464 4.273 -4.616 0.924
P554948 4.055 4.131 -4.284 1.750
P554950 4.053 4.236 -4.411 1.203
P554951 4.234 4.259 -4.785 1.070
P554953 4.007 4.115 -3.926 0.824
P554956 4.115 4.243 -4.648 1.205
P554958 4.093 4.220 -4.731 1.214
P554960 4.138 4.268 -4.700 1.204
P554962 3.970 4.201 -4.401 1.185
P554964 4.152 4.177 -4.147 1.268
P554965 4.258 4.408 -4.329 1.244
P554968 4.264 4.341 -3.743 1.176
P554970 4.188 4.289 -4.176 1.468
P554972 4.375 4.361 -4.051 1.579
P554974 4.313 4.370 -3.989 1.380
P554976 4.447 4.514 -3.678 1.307
P554978 4.260 4.288 -4.083 1.322
P554980 4.523 4.425 -3.823 1.269
P554982 4.326 4.338 -3.985 1.345
P554983 4.249 4.398 -4.639 1.218
P554986 4.356 4.275 -3.825 1.200
P554988 4.281 4.371 -4.274 1.769
P554989 4.340 4.475 -4.475 1.036
P554992 4.314 4.536 -4.290 2.004
P554994 4.271 4.320 -3.998 1.378
P554996 4.063 4.157 -4.295 1.420
P554997 4.037 4.042 -4.194 0.872
P554999 3.918 3.954 -4.548 0.588
P555002 4.096 4.172 -4.266 0.734
P555004 4.149 4.241 -4.041 1.924
P555006 4.135 4.178 -4.309 1.333
P555007 4.118 4.259 -4.542 1.172
P555009 4.111 4.246 -4.582 1.139
P555012 4.144 4.107 -4.124 0.649
P555013 4.224 4.205 -4.444 0.587
P555015 4.215 4.146 -4.256 1.516
P555017 3.983 4.028 -4.693 0.454
P555019 4.076 4.125 -4.030 1.477
P555021 4.202 4.048 -4.203 1.289
P555024 4.073 4.111 -3.592 1.370
P555025 4.047 3.929 -3.866 1.647
P555027 4.021 3.844 -3.704 1.155
P555030 4.203 4.276 -4.777 0.841
P555032 3.995 4.041 -4.487 0.730
P555033 4.119 3.983 -3.893 0.846
P555034 4.024 4.049 -4.389 0.930
P555037 4.012 3.984 -4.151 1.219
P555038 4.021 4.275 -4.534 1.452
P555040 4.150 4.403 -4.753 1.205
P555042 3.965 4.088 -4.706 1.023
P555044 3.931 4.273 -4.646 1.424
P555047 4.056 4.077 -4.214 1.108
P555048 4.127 4.213 -4.283 0.507
P555051 4.060 3.937 -4.452 0.370
P555053 3.989 4.042 -4.117 1.632
P555055 4.388 4.303 -4.338 0.225
P555056 4.175 4.097 -4.142 0.360
P555058 4.180 4.174 -4.027 1.699
P555060 4.050 4.009 -4.323 0.999
P555063 4.058 3.936 -4.096 0.620
P555065 4.160 4.177 -4.505 0.928
P555066 4.168 4.141 -4.228 0.979
P555069 4.210 3.957 -4.585 2.649
P555071 3.962 3.895 -3.990 0.812
P555072 3.993 4.121 -3.878 0.754
P555075 3.946 4.006 -4.211 0.991
P555077 4.171 4.197 -4.466 0.984
P555078 4.124 4.226 -4.113 1.680
P555081 4.249 4.265 -4.539 0.514
P555082 4.050 3.965 -3.445 1.292
P555084 4.151 4.271 -4.337 1.055
P555087 3.928 4.114 -4.113 0.724
P555089 4.177 4.173 -3.928 1.257
P555091 4.088 4.173 -3.974 0.884
P555092 4.038 3.994 -4.046 1.621
P555094 3.994 4.031 -4.187 0.855
P555097 3.844 3.880 -4.299 1.859
P555098 4.204 3.893 -4.578 0.815
P555101 4.149 4.245 -4.048 1.872
P555103 4.170 4.198 -4.209 1.365
P555105 3.980 3.981 -4.588 0.591
P555107 3.921 4.010 -4.520 1.348
P555109 4.011 4.015 -4.601 0.742
P555111 4.137 4.161 -4.038 1.653
P555113 3.929 3.999 -4.533 0.762
P555115 4.052 4.125 -4.581 0.544
P555117 4.049 4.047 -4.219 0.806
P555118 4.169 4.030 -4.297 1.255
P555120 4.032 4.112 -4.574 0.574
P555123 4.045 4.077 -4.515 0.939
P555124 4.170 4.163 -4.753 0.585
P555127 4.024 4.080 -4.561 0.617
P555129 4.383 4.328 -4.440 0.831
P555131 3.988 4.000 -4.237 2.686
P555133 4.251 4.277 -4.544 0.496
P555135 4.169 4.268 -4.819 0.586
P555136 4.323 4.285 -4.743 0.744
P555139 4.221 4.259 -4.785 0.802
P555140 4.181 4.171 -4.596 0.883
P555142 4.295 4.225 -4.622 0.576
P555144 3.929 4.018 -4.521 0.531
P555147 4.052 4.082 -4.564 0.603
P555149 4.107 4.055 -4.462 0.978
P555150 4.136 4.118 -3.783 1.939
P555152 4.101 4.097 -3.989 1.427
P555154 3.994 4.029 -4.428 0.471
P555157 4.054 4.094 -4.434 0.764
P555159 4.073 4.182 -3.682 1.326
P555160 4.207 4.077 -4.149 1.368
P555162 4.097 3.946 -4.206 1.011
P555165 4.041 4.100 -4.630 0.748
P555166 4.042 4.021 -4.247 0.642
P555169 4.066 4.145 -4.211 0.680
P555171 4.052 3.963 -4.174 0.385
P555172 4.075 4.063 -4.390 0.768
P555175 4.011 4.103 -4.546 0.646
P555176 4.039 4.094 -4.424 0.842
P555179 3.933 4.031 -4.542 1.496
P555180 4.363 4.271 -4.137 2.610
P555181 4.263 4.207 -4.536 0.484
P555183 4.037 4.023 -4.122 1.383
P555185 4.282 4.474 -4.423 1.548
P555187 4.154 4.438 -4.828 1.418
P555190 4.211 4.255 -4.420 0.574
P555191 4.269 4.361 -4.476 0.978
P555193 3.968 4.250 -4.673 1.538
P555195 4.088 4.293 -4.750 1.134
P555197 3.960 4.180 -4.565 1.460
P555199 3.980 4.299 -4.616 1.442
P555202 4.090 3.950 -4.154 1.042
P555204 4.271 4.307 -4.801 0.800
P555206 4.212 4.175 -4.192 1.620
P555208 4.092 4.133 -4.491 0.892
P555210 4.200 4.239 -4.793 0.661
P555212 3.962 4.101 -4.500 0.851
P555213 4.122 4.347 -4.745 1.123
P555215 4.205 4.306 -4.479 1.076
P555218 4.235 4.273 -4.048 1.163
P555220 4.079 4.027 -3.951 0.698
P555221 4.058 4.230 -4.261 1.132
P555224 4.352 4.382 -4.013 1.374
P555225 4.088 4.281 -4.593 1.414
P555227 4.108 4.276 -4.261 1.086
P555230 4.210 4.120 -3.492 1.160
P555231 4.105 4.229 -4.290 1.062
P555233 4.041 4.202 -4.473 0.939
P555235 3.998 4.260 -4.536 1.422
P555238 4.033 4.112 -4.195 0.931
P555239 4.032 4.256 -4.609 1.559
P555242 4.035 4.033 -4.467 0.396
P555243 4.084 3.984 -3.667 1.537
P555245 4.077 4.041 -4.624 0.576
P555248 4.075 4.135 -3.857 1.280
P555250 4.132 4.195 -4.139 1.754
P555252 3.907 4.015 -3.415 1.090
P555253 4.149 4.213 -4.204 1.557
P555255 4.059 4.234 -4.172 1.171
P555257 4.019 4.184 -4.291 0.895
P555260 4.273 4.292 -4.509 0.952
P555261 4.220 4.441 -4.538 1.099
P555264 3.999 4.041 -4.001 1.298
P555266 4.071 4.234 -4.496 1.085
P555268 3.916 3.837 -4.000 0.888
P555270 4.192 4.001 -4.466 1.018
P555271 4.228 4.371 -4.460 0.966
P555273 4.214 4.315 -4.599 0.955
P555276 4.117 4.001 -3.853 0.748
P555277 3.998 4.098 -4.467 0.988
P555279 3.992 4.016 -4.696 1.022
P555281 4.407 4.256 -4.615 0.603
P555283 4.157 4.217 -4.500 0.667
P555285 4.087 4.203 -4.590 0.580
P555287 4.059 4.078 -4.586 1.032
P555289 4.057 4.057 -4.736 0.653
P555292 4.246 4.282 -4.816 0.833
P555293 4.166 4.258 -4.560 0.634
P555295 4.175 3.927 -4.438 0.992
P555297 3.961 3.909 -4.370 0.516
P555300 4.127 4.093 -3.634 0.816
P555302 4.007 4.087 -4.499 0.699
P555303 4.139 4.245 -4.596 0.981
P555305 4.074 4.240 -4.253 1.117
P555307 4.362 4.507 -4.283 1.119
P555310 4.214 4.316 -3.872 0.859
P555311 4.254 4.465 -4.639 0.937
P555313 4.097 4.246 -4.194 1.719
P555315 4.167 4.298 -4.582 0.896
P555318 4.214 4.302 -4.601 1.037
P555320 4.327 4.337 -4.503 0.942
P555322 4.020 4.225 -4.303 1.186
P555323 4.142 4.197 -3.894 0.695
P555325 4.046 4.168 -4.293 1.031
P555328 4.173 4.277 -4.642 0.768
P555329 4.040 4.058 -4.528 1.046
P555332 4.168 4.231 -4.633 0.768
P555333 4.145 4.131 -4.440 0.914
P555335 4.246 4.192 -4.447 0.910
P555338 4.058 4.009 -4.277 0.918
P555339 4.063 4.105 -4.431 0.993
P555342 4.102 4.099 -4.332 1.193
P555343 4.020 4.114 -4.368 0.797
P555345 4.018 4.067 -4.428 0.811
P555348 4.063 4.189 -4.020 1.394
P555350 3.904 3.854 -3.895 0.912
P555352 4.083 4.057 -4.334 1.197
P555354 4.034 4.084 -4.398 0.871
P555356 4.229 4.224 -4.373 0.717
P555358 4.148 4.249 -4.641 0.778
P555359 4.215 4.198 -4.462 0.890
P555362 4.299 4.289 -4.414 0.765
P555364 3.878 3.949 -3.656 1.272
P555366 4.055 4.118 -3.764 1.303
P555368 3.980 3.989 -3.644 1.065
P555370 3.984 4.042 -4.364 1.064
P555372 4.119 4.049 -4.135 1.292
P555373 4.053 4.051 -4.294 1.196
P555375 4.096 3.990 -4.050 0.909
P555378 4.134 4.116 -4.233 1.036
P555380 4.179 4.201 -4.458 1.007
P555382 4.184 4.245 -4.454 0.986
P555384 4.180 4.215 -4.478 0.862
P555385 4.166 4.118 -3.574 0.930
P555388 3.983 4.054 -4.401 0.760
P555390 4.118 4.162 -4.652 0.806
P555392 4.008 4.060 -4.411 0.784
P555393 4.191 4.118 -4.147 0.323
P555396 3.966 4.038 -4.351 0.837
P555398 3.998 4.067 -4.349 0.805
P555399 4.039 4.099 -4.397 1.265
P555402 3.852 4.026 -4.041 1.269
P555404 4.018 4.045 -4.168 1.022
P555405 3.952 4.086 -4.491 0.790
P555407 4.356 4.279 -4.322 1.003
P555410 3.985 4.040 -4.431 0.787
P555411 4.064 4.025 -4.543 1.278
P555413 4.013 4.219 -4.607 1.379
P555415 4.282 4.218 -3.832 1.229
P555418 4.156 4.105 -4.463 0.967
P555420 4.060 4.081 -4.548 1.426
P555422 3.970 3.991 -4.263 1.231
P555423 4.168 4.098 -4.263 1.566
P555425 4.031 4.005 -4.294 1.476
P555428 3.998 4.049 -4.277 0.923
P555430 4.014 4.091 -4.406 1.355
P555431 3.994 4.067 -4.281 1.541
P555434 4.150 3.909 -4.493 1.093
P555435 4.196 4.222 -4.408 0.791
P555438 4.185 4.255 -4.659 0.799
P555440 4.004 4.023 -4.631 0.822
P555441 4.025 4.045 -4.540 1.026
P555443 4.124 4.161 -4.432 0.777
P555445 4.153 4.208 -4.349 0.830
P555448 4.111 4.202 -4.652 1.024
P555450 4.066 4.134 -4.705 1.006
P555451 4.056 4.059 -4.570 0.674
P555454 4.008 4.032 -4.560 0.942
P555455 4.152 4.428 -4.832 1.402
P555457 4.152 4.341 -4.597 1.456
P555459 4.112 3.926 -4.449 1.159
P555462 3.910 3.937 -4.154 0.572
P555463 3.969 4.165 -4.472 1.145
P555466 3.904 4.045 -4.660 1.109
P555468 4.220 4.235 -4.848 0.695
P555469 4.198 4.402 -4.434 1.566
P555472 4.089 4.100 -3.686 1.519
P555473 4.138 4.257 -4.124 1.589
P555476 4.254 4.391 -4.375 1.587
P555477 4.097 4.234 -4.532 1.425
P555480 4.016 3.978 -3.700 2.303
P555482 4.396 4.331 -3.692 1.501
P555483 4.191 4.248 -3.465 1.136
P555485 4.153 4.255 -4.134 1.378
P555488 4.144 4.212 -4.434 1.189
P555489 4.148 4.209 -4.443 1.179
P555491 4.213 4.277 -4.493 0.498
P555493 4.287 4.381 -4.180 1.575
P555496 4.281 4.101 -4.278 2.113
P555497 4.014 4.181 -3.974 1.128
P555499 3.995 4.086 -4.261 0.635
P555502 4.194 4.272 -3.600 1.126
P555504 4.190 4.239 -3.642 1.055
P555505 4.129 4.298 -4.555 1.262
P555507 4.097 4.260 -4.208 1.575
P555509 4.229 3.992 -4.167 1.338
P555511 4.218 4.180 -3.973 1.835
P555513 4.098 4.269 -4.228 1.544
P555515 4.026 4.204 -4.581 1.161
P555518 4.166 4.244 -4.657 0.793
P555520 4.042 4.114 -4.346 0.841
P555522 4.405 4.675 -4.126 1.441
P555523 4.151 4.319 -4.347 1.852
P555526 4.301 4.404 -4.258 1.095
P555528 4.121 4.089 -3.488 1.171
P555529 4.171 4.267 -3.958 1.818
P555532 4.055 4.016 -3.877 0.448
P555534 3.842 4.362 -3.742 2.132
P555536 4.105 4.216 -4.021 1.244
P555538 4.039 4.152 -4.171 0.734
P555539 4.106 4.148 -3.468 0.881
P555542 4.127 4.248 -4.531 1.208
P555543 4.126 4.171 -4.091 1.342
P555545 4.352 4.497 -4.215 1.066
P555548 4.154 4.190 -3.465 1.259
P555550 4.208 4.229 -4.003 2.368
P555551 4.080 4.095 -4.172 1.668
P555554 4.251 4.421 -4.430 1.471
P555555 4.027 4.180 -4.446 1.109
P555557 4.214 4.348 -4.184 1.187
P555559 4.277 4.248 -5.398 0.915
P555561 4.339 4.188 -5.126 0.932
P555564 4.193 4.226 -4.790 0.924
P555566 4.305 4.242 -4.581 1.395
P555567 4.288 4.336 -5.369 0.716
P555570 4.178 4.205 -4.815 0.894
P555572 4.167 4.177 -5.502 0.735
P555574 4.346 4.245 -4.858 0.859
P555575 4.381 4.298 -4.686 0.993
P555577 4.160 4.126 -4.590 1.037
P555579 4.298 4.115 -4.441 1.291
P555582 4.093 4.170 -5.532 0.570
P555583 4.322 4.275 -4.681 0.986
P555585 4.170 4.201 -5.403 0.933
P555588 4.276 4.244 -4.728 1.050
P555589 4.371 4.397 -3.698 1.062
P555591 4.278 4.334 -3.967 1.437
P555593 4.136 4.160 -4.075 1.466
P555597 4.419 4.508 -4.185 1.733
P555599 4.088 4.111 -4.353 0.936
P555602 4.311 4.246 -4.341 0.666
P555603 4.032 4.067 -3.761 1.354
P555605 4.158 4.078 -4.374 1.604
P555607 4.207 4.150 -4.311 0.613
P555608 4.190 4.219 -4.074 1.539
P555611 4.173 4.123 -3.935 0.861
P555612 4.083 4.153 -4.232 1.112
P555614 4.215 4.277 -3.446 1.555
P555616 4.468 4.231 -4.311 1.133
P555623 4.404 4.458 -4.348 1.922
P555626 4.246 4.317 -4.155 1.487
P555628 4.376 4.460 -4.182 1.800
P555633 4.445 4.581 -3.707 2.751
P555638 4.519 4.517 -5.054 0.729
P555642 4.219 4.311 -3.714 0.806
P555644 4.481 4.328 -4.820 0.899
P555650 4.261 4.301 -4.450 1.645
P555654 4.443 4.388 -4.620 0.624
P555656 4.262 4.299 -4.465 1.675
P555662 4.277 4.365 -4.207 1.725
P555666 4.253 4.354 -4.065 1.586
P555668 4.171 4.204 -4.083 1.452
P555669 4.197 4.269 -4.111 1.091
P555672 4.572 4.512 -4.818 1.586
P555674 4.392 4.368 -4.640 1.295
P555676 4.186 4.324 -4.063 1.487
P555678 4.440 4.254 -3.908 0.922
P555679 4.298 4.419 -4.919 1.383
P555682 4.127 4.068 -3.904 1.208
P555684 4.222 4.296 -4.381 2.523
P555685 4.160 4.384 -4.922 0.958
P555688 4.269 4.267 -4.608 1.471
P555689 4.207 4.196 -4.747 1.387
P555692 4.285 4.382 -4.881 1.064
P555694 4.287 4.233 -4.054 1.213
P555695 4.583 4.540 -4.496 1.680
P555698 4.521 4.495 -4.775 1.577
P555700 4.155 4.251 -4.628 0.812
P555702 4.635 4.637 -3.911 1.080
P555704 4.448 4.472 -4.421 1.851
P555705 4.507 4.419 -3.431 1.578
P555708 4.604 4.585 -4.041 2.394
P555710 4.602 4.519 -4.793 1.546
P555712 4.323 4.222 -4.045 1.802
P555714 4.428 4.387 -4.298 1.897
P555716 4.529 4.477 -4.828 1.540
P555718 4.502 4.514 -3.668 1.819
P555720 4.475 4.409 -3.432 1.563
P555722 4.525 4.490 -4.846 1.613
P555723 4.097 4.174 -4.450 0.589
P555725 4.220 4.266 -4.313 0.774
P555727 4.329 4.298 -4.235 1.344
P555729 4.149 4.091 -4.793 2.315
P555732 4.037 4.137 -4.091 1.320
P555734 4.385 4.402 -3.939 1.461
P555736 4.200 4.209 -4.495 1.207
P555737 4.317 4.245 -4.171 1.577
P555739 4.249 4.367 -4.031 1.539
P555741 4.146 4.170 -4.477 0.880
P555743 4.317 4.338 -4.608 0.949
P555746 4.305 4.362 -4.126 1.897
P555747 4.353 4.417 -4.231 1.441
P555750 4.368 4.676 -3.976 1.811
P555752 4.288 4.496 -4.090 1.813
P555754 4.524 4.659 -4.348 1.888
P555756 4.471 4.381 -3.829 1.706
P555758 4.465 4.525 -4.052 1.354
P555760 4.346 4.334 -3.898 0.729
P555761 4.425 4.663 -4.536 1.009
P555764 4.476 4.517 -3.874 1.399
P555766 4.262 3.985 -4.301 0.998
P555768 4.265 4.327 -3.864 1.427
P555770 4.439 4.353 -3.885 1.195
P555771 4.253 4.362 -4.461 1.020
P555774 4.294 4.350 -3.884 1.353
P555776 4.421 4.231 -3.436 0.993
P555777 4.388 4.483 -4.030 1.585
P555779 4.318 4.487 -4.477 1.190
P555781 4.597 4.687 -4.289 1.149
P555784 3.962 4.031 -3.692 1.252
P555785 4.178 4.016 -3.747 1.575
P555786 4.342 4.380 -4.102 1.085
P555789 4.250 4.315 -4.021 1.330
P555790 4.393 4.387 -4.279 0.594
P555793 4.069 4.166 -4.152 1.497
P555795 4.237 4.392 -4.378 1.886
P555796 4.192 4.240 -4.162 1.758
P555798 4.120 4.176 -4.373 0.741
P555801 4.327 4.145 -3.524 1.336
P555803 4.084 4.171 -4.075 0.584
P555804 4.235 4.208 -4.738 0.508
P555807 4.157 4.214 -4.409 1.368
P555808 4.347 4.317 -4.266 1.413
P555810 4.266 4.305 -3.935 1.144
P555813 4.300 4.208 -4.344 0.788
P555814 4.182 4.139 -4.240 0.900
P555817 3.976 4.119 -4.452 0.849
P555818 4.413 4.408 -4.360 1.707
P555821 4.257 4.299 -4.002 1.350
P555822 4.114 4.182 -3.975 1.204
P555825 4.044 4.170 -4.422 0.798
P555826 4.300 4.231 -4.231 1.063
P555829 3.944 4.321 -4.089 2.472
P555830 4.186 4.185 -4.044 0.937
P555833 4.140 4.220 -4.063 1.625
P555834 4.332 4.251 -4.239 1.045
P555837 4.131 4.182 -4.399 0.808
P555839 4.120 4.111 -4.471 0.621
P555841 4.321 4.349 -3.752 1.048
P555842 4.253 4.367 -4.237 1.029
P555845 4.500 4.450 -4.035 1.622
P555847 4.537 4.458 -3.755 1.237
P555848 4.470 4.331 -3.929 1.877
P555851 4.147 4.259 -3.772 1.063
P555853 4.297 4.301 -3.858 1.350
P555855 4.272 4.287 -3.797 1.413
P555856 4.409 4.631 -4.557 1.047
P555859 4.456 4.499 -3.871 1.404
P555860 4.307 4.391 -4.436 1.012
P555863 4.349 4.391 -3.770 1.197
P555864 4.334 4.349 -3.880 1.556
P555867 4.195 4.349 -3.400 1.174
P555869 4.337 4.364 -4.180 1.400
P555871 4.344 4.305 -3.898 0.713
P555873 4.364 4.439 -3.883 1.358
P555875 4.344 4.354 -3.819 1.400
P555876 4.424 4.615 -4.678 1.227
P555879 4.313 4.328 -3.978 1.094
P555881 4.251 4.284 -3.937 1.397
P555883 4.579 4.490 -3.775 1.672
P555884 4.430 4.546 -4.395 1.293
P555886 4.071 4.051 -3.805 2.189
P555888 4.003 4.001 -4.325 0.785
P555891 4.133 4.292 -4.542 1.197
P555893 4.184 4.334 -4.400 1.087
P555895 3.985 4.074 -4.327 1.124
P555897 4.032 4.192 -4.414 1.151
P555899 4.385 4.504 -4.402 1.207
P555900 4.061 4.039 -3.915 0.688
P555902 4.175 4.120 -3.603 1.908
P555905 3.989 4.116 -3.766 1.642
P555906 4.057 4.155 -3.971 0.765
P555909 4.085 4.074 -3.845 1.605
P555910 4.047 4.137 -3.971 1.307
P555912 4.042 4.060 -4.095 0.753
P555915 3.929 4.025 -4.427 0.643
P555917 4.014 4.138 -3.596 2.156
P555919 4.246 4.335 -4.679 1.302
P555920 4.181 4.290 -4.003 0.886
P555923 4.195 4.252 -4.355 0.893
P555925 4.209 4.171 -4.026 1.561
P555927 4.252 4.298 -4.321 1.143
P555929 4.352 4.278 -3.475 2.357
P555931 4.353 4.399 -3.994 1.272
P555932 3.976 4.086 -3.847 1.068
P555935 4.072 4.073 -4.269 0.666
P555937 4.299 4.157 -3.474 1.872
P555938 4.155 4.264 -4.397 1.135
P555941 4.102 4.215 -4.829 1.034
P555943 4.156 4.248 -4.325 1.858
P555944 4.131 4.280 -4.470 1.348
P555946 4.123 4.161 -3.996 1.950
P555948 4.335 4.404 -4.750 1.115
P555951 4.166 4.336 -4.506 1.176
P555953 4.239 4.386 -4.787 1.205
P555955 4.282 4.450 -4.655 1.185
P555957 4.179 4.359 -4.434 0.976
P555958 4.201 4.209 -3.781 0.769
P555961 4.383 4.546 -4.235 1.569
P555963 4.050 4.202 -4.410 1.171
P555965 4.192 4.342 -4.746 1.156
P555966 3.987 4.096 -4.332 1.423
P555968 4.054 4.201 -4.222 0.975
P555970 4.182 4.158 -4.597 1.299
P555972 4.150 4.122 -4.353 1.715
P555975 4.057 4.252 -4.290 1.108
P555976 4.075 4.233 -4.309 1.230
P555979 4.042 3.992 -3.799 0.818
P555981 4.194 4.402 -4.495 1.198
P555982 4.190 4.290 -4.209 1.130
P555985 4.232 4.128 -4.462 1.497
P555986 3.872 3.926 -3.834 1.068
P555989 4.037 4.193 -4.132 1.158
P555991 4.024 4.165 -4.285 1.236
P555993 4.161 4.326 -4.422 1.088
P555995 4.139 4.241 -4.824 1.125
P555996 4.155 3.982 -3.803 0.970
P555999 4.145 4.211 -4.319 1.890
P556000 3.972 4.173 -4.748 1.350
P556003 4.028 4.116 -3.814 0.599
P556004 4.178 4.290 -3.787 0.820
P556007 4.041 4.008 -3.583 1.152
P556008 4.183 4.147 -3.690 1.619
P556010 3.990 4.047 -4.189 0.763
P556012 4.171 4.179 -4.248 0.724
P556015 4.141 4.202 -4.192 1.009
P556017 4.025 3.936 -4.050 1.207
P556019 4.149 4.120 -4.095 1.171
P556021 4.101 4.183 -4.400 0.772
P556022 4.152 4.188 -4.286 1.072
P556025 4.152 4.221 -4.180 0.986
P556026 4.179 4.200 -4.396 1.473
P556028 4.120 4.087 -4.266 1.173
P556030 4.345 4.316 -4.391 0.733
P556033 4.246 4.212 -4.446 1.462
P556035 4.276 4.324 -4.681 1.445
P556037 4.138 4.174 -4.524 0.997
P556039 4.267 4.322 -4.624 1.127
P556041 4.323 4.291 -4.391 0.762
P556043 4.278 4.321 -4.622 1.151
P556045 4.118 4.090 -4.591 1.031
P556047 4.102 4.157 -4.423 1.204
P556049 4.464 4.493 -4.256 0.649
P556050 4.273 4.270 -4.326 1.179
P556052 4.236 4.314 -4.416 1.265
P556054 4.133 4.107 -4.548 1.312
P556057 4.284 4.320 -4.623 1.113
P556059 4.280 4.262 -4.253 0.752
P556061 4.258 4.117 -4.334 0.861
P556063 4.028 4.097 -4.404 0.927
P556065 4.141 4.169 -4.360 1.486
P556067 4.081 4.109 -4.328 1.193
P556068 4.265 4.295 -4.613 1.175
P556070 4.133 4.171 -4.501 0.897
P556072 4.314 4.293 -4.440 0.779
P556074 4.334 4.201 -4.144 0.676
P556076 4.213 4.200 -3.973 1.528
P556078 4.286 4.220 -3.631 1.987
P556081 3.970 4.066 -4.261 0.456
P556083 4.149 4.171 -3.957 2.033
P556085 4.241 4.232 -4.544 0.899
P556087 4.142 4.210 -4.080 1.017
P556088 4.212 3.975 -3.504 1.998
P556090 3.954 3.906 -4.110 2.339
P556093 4.064 4.101 -4.081 0.775
P556095 4.221 4.245 -3.790 3.017
P556096 4.290 4.288 -4.018 1.431
P556099 4.152 4.100 -3.494 1.885
P556101 3.928 4.031 -4.106 0.563
P556103 4.107 4.158 -4.428 1.195
P556105 4.188 4.233 -4.475 0.737
P556107 4.081 4.094 -4.459 1.555
P556108 4.134 4.193 -4.434 1.232
P556110 4.207 3.992 -4.145 1.127
P556112 4.171 4.125 -4.036 0.752
P556115 4.149 4.188 -4.480 1.455
P556116 3.970 4.020 -4.250 1.537
P556119 4.184 4.147 -3.477 1.815
P556121 4.261 4.294 -4.245 0.887
P556123 4.421 4.521 -4.221 0.632
P556124 5.504 5.285 -7.097 0.401
P556125 5.771 5.995 -7.525 0.989
P556126 5.366 5.343 -5.980 0.346
P556129 5.446 5.161 -5.872 1.216
P556131 6.243 6.303 -6.838 0.729
P556132 5.826 5.090 -5.844 3.079
P556133 5.870 5.252 -5.595 2.247
P556134 4.900 4.557 -4.581 0.924
P556138 5.371 5.347 -6.617 0.439
P556143 6.155 6.190 -7.610 0.510
P556144 5.479 5.472 -5.677 0.571
P556145 6.081 6.053 -7.040 0.229
P556146 5.216 5.325 -5.015 0.603
P556147 6.366 6.196 -5.589 0.570
P556148 5.407 5.581 -5.346 0.549
P556150 5.738 5.737 -3.588 0.795
P556151 6.406 6.431 -6.405 0.306
P556152 6.246 6.506 -9.080 0.378
P556153 5.531 5.265 -6.019 0.880
P556154 6.305 6.234 -6.563 0.536
P556155 6.120 6.039 -6.800 0.656
P556156 6.165 6.127 -6.823 0.707
P556157 6.558 6.531 -7.355 0.980
P556158 6.232 6.026 -7.073 0.596
P556159 6.081 6.166 -7.018 0.664
P556160 6.025 5.916 -6.731 0.584
P556161 6.422 6.396 -6.641 0.571
P556162 6.474 6.420 -7.583 0.322
P556163 5.639 5.430 -5.527 0.735
P556165 6.473 6.288 -7.608 1.319
P556166 6.167 6.169 -6.060 0.488
P556169 6.486 6.495 -6.588 0.717
P556171 6.202 6.161 -5.601 0.364
P556173 6.101 6.216 -5.960 0.813
P556174 5.872 5.704 -5.560 0.492
P556175 5.692 5.886 -5.707 1.577
P556176 6.387 6.421 -7.035 0.665
P556177 6.298 6.262 -6.390 0.682
P556178 6.336 6.599 -7.459 0.898
P556179 5.952 5.568 -5.776 0.807
P556181 6.336 6.114 -3.742 0.852
P556182 6.226 6.023 -3.745 0.517
P556184 5.927 5.967 -5.626 0.678
P556186 6.097 5.946 -5.523 0.436
P556187 5.793 5.350 -6.016 1.545
P556189 5.293 5.230 -6.601 0.307
P556191 5.033 4.995 -6.041 0.273
P556194 6.395 6.449 -7.703 0.274
P556195 6.312 6.291 -7.990 0.460
P556196 5.423 5.613 -5.215 0.504
P556198 4.942 5.145 -5.740 0.302
P556200 5.332 5.271 -5.904 0.557
P556203 6.270 6.190 -7.342 0.600
P556204 6.576 6.589 -7.215 1.220
P556205 5.551 5.620 -6.732 0.330
P556208 6.351 6.522 -7.227 0.677
P556209 5.288 5.506 -5.630 0.407
P556210 6.326 6.226 -6.601 0.991
P556211 5.439 5.330 -6.508 0.509
P556212 5.826 5.667 -4.948 0.638
P556213 5.241 5.361 -5.159 0.739
P556214 5.802 5.646 -5.866 1.931
P556215 6.089 6.109 -6.918 1.060
P556217 5.477 5.556 -5.696 0.323
P556219 5.962 5.865 -5.027 0.543
P556220 5.565 5.933 -5.753 1.302
P556221 6.356 6.313 -5.993 0.280
P556222 3.802 3.619 -5.369 2.584
P556223 3.710 3.542 -4.738 1.061
P556224 3.875 3.693 -4.668 1.131
P556225 3.792 3.484 -4.293 1.198
P556226 3.826 3.706 -4.561 1.029
P556227 3.877 3.706 -4.562 1.198
P556228 3.795 3.553 -4.592 1.553
P556229 4.099 3.875 -4.732 1.440
P556230 3.917 3.595 -4.546 1.263
P556231 3.781 3.603 -4.314 1.168
P556232 3.888 3.749 -4.564 1.212
P556233 3.770 3.512 -4.338 1.184
P556234 3.698 3.601 -4.567 1.276
P556235 3.737 3.510 -4.592 1.060
P556236 3.953 3.755 -4.694 0.984
P556237 3.761 3.558 -4.472 1.341
P556238 3.929 3.764 -4.447 0.745
P556239 3.805 3.629 -4.589 1.345
P556240 4.091 3.936 -4.817 1.389
P556241 3.987 3.778 -4.672 0.861
P556242 4.275 3.952 -3.768 1.451
P556243 3.834 3.599 -4.590 1.416
P556244 3.934 3.691 -4.586 1.141
P556245 3.945 3.706 -4.795 1.175
P556246 3.875 3.581 -5.561 2.609
P556247 3.853 3.659 -4.356 1.330
P556248 3.856 3.601 -4.452 0.911
P556249 3.970 3.846 -4.281 0.764
P556250 3.895 3.571 -4.655 1.477
P556251 3.594 3.501 -4.290 1.236
P556252 3.624 3.488 -4.758 1.300
P556253 3.642 3.345 -4.210 1.289
P556254 3.693 3.545 -4.879 1.579
P556255 3.580 3.401 -4.711 0.869
P556256 3.924 3.794 -4.339 0.640
P556257 3.900 3.570 -4.638 1.348
P556258 3.905 3.728 -4.733 1.942
P556260 3.924 3.789 -4.758 1.153
P556261 3.851 3.556 -4.619 1.450
P556262 4.048 3.721 -4.709 1.425
P556263 3.786 3.515 -4.740 1.038
P556264 3.818 3.558 -4.750 0.985
P556265 3.957 3.745 -4.354 0.502
P556266 3.977 3.650 -4.596 1.001
P556267 4.036 3.738 -4.743 1.480
P556268 3.808 3.678 -4.476 0.897
P556269 3.856 3.743 -4.649 1.151
P556270 3.692 3.450 -4.155 0.871
P556271 3.684 3.674 -5.405 2.478
P556272 4.141 3.880 -4.213 1.039
P556273 4.031 3.639 -4.929 1.224
P556274 4.296 4.010 -4.550 1.580
P556275 4.282 3.763 -4.345 1.130
P556276 4.006 3.616 -4.676 1.020
P556277 4.047 3.654 -4.582 1.660
P556278 4.062 3.771 -4.348 0.943
P556279 4.015 3.729 -4.646 1.500
P556280 4.133 3.734 -4.405 1.446
P556281 3.986 3.828 -4.605 0.876
P556282 4.026 3.645 -4.124 1.417
P556284 3.928 3.765 -4.649 0.917
P556285 4.158 3.775 -4.065 1.438
P556286 3.814 3.735 -4.732 1.383
P556287 4.179 3.781 -4.517 1.197
P556288 4.077 3.723 -4.507 1.469
P556289 4.065 3.772 -4.093 1.659
P556290 4.105 3.571 -3.575 1.466
P556291 3.826 3.706 -4.788 1.374
P556292 3.865 3.736 -4.351 1.312
P556293 3.690 3.726 -4.605 1.326
P556294 3.957 3.740 -4.645 0.984
P556295 3.888 3.751 -4.592 0.917
P556296 4.035 3.997 -4.724 1.489
P556297 3.859 3.662 -4.596 1.192
P556298 4.002 3.814 -4.268 1.211
P556299 4.046 3.733 -4.783 1.852
P556300 3.826 3.560 -4.413 0.979
P556301 4.197 3.940 -3.798 1.803
P556302 3.824 3.715 -4.530 0.821
P556303 4.109 3.819 -4.519 0.913
P556304 4.104 3.884 -3.934 1.519
P556305 3.978 3.867 -3.924 7.557
P556306 3.984 3.911 -3.737 1.292
P556308 3.767 3.865 -4.378 0.926
P556309 3.879 3.576 -4.768 1.474
P556310 3.787 3.612 -4.564 1.308
P556311 4.021 3.641 -4.962 1.846
P556312 3.974 3.719 -4.725 1.030
P556313 3.833 3.661 -4.693 1.272
P556314 3.866 3.715 -4.733 1.504
P556315 3.764 3.542 -4.775 1.450
P556316 3.887 3.713 -4.536 1.312
P556317 3.974 3.669 -5.264 2.464
P556318 4.089 3.639 -4.344 1.726
P556319 4.157 3.759 -4.528 1.325
P556320 3.864 3.699 -4.647 1.290
P556321 3.875 3.754 -4.551 1.284
P556322 4.174 3.870 -4.782 2.130
P556323 3.795 3.630 -4.436 1.740
P556324 3.653 3.608 -4.709 1.192
P556325 4.046 3.555 -4.474 1.150
P556326 4.151 3.848 -4.007 1.313
P556327 4.111 3.705 -4.245 1.612
P556328 3.767 3.638 -4.436 0.832
P556329 3.975 3.547 -5.301 2.481
P556330 3.792 3.748 -4.601 1.950
P556331 3.877 3.548 -4.294 1.543
P556332 3.919 3.520 -3.558 1.139
P556333 4.025 3.769 -3.975 1.448
P556334 3.765 3.523 -4.427 1.366
P556335 3.824 3.619 -4.551 1.207
P556336 3.884 3.536 -4.264 1.415
P556337 4.105 3.779 -4.222 1.309
P556338 4.168 3.832 -4.274 1.743
P556339 3.862 3.566 -4.167 1.681
P556340 3.988 3.499 -4.608 1.997
P556341 4.063 3.859 -4.562 1.331
P556342 4.157 3.955 -4.214 0.877
P556343 3.938 3.805 -4.639 0.878
P556344 4.011 3.767 -4.648 1.160
P556346 3.982 3.815 -4.870 1.282
P556347 4.218 3.828 -3.979 1.862
P556348 4.340 3.597 -4.308 1.568
P556349 4.231 3.945 -4.901 1.671
P556350 4.226 3.781 -4.320 1.385
P556351 4.046 3.740 -4.075 1.669
P556352 4.128 3.874 -4.024 1.669
P556353 3.965 3.725 -5.178 1.121
P556354 4.068 3.566 -4.245 1.155
P556355 4.096 3.914 -4.082 1.362
P556356 3.878 3.758 -4.446 1.393
P556357 4.007 3.932 -4.682 1.457
P556358 4.064 3.897 -4.618 1.191
P556359 4.160 3.979 -4.319 0.682
P556360 4.155 4.067 -4.782 1.055
P556361 3.971 3.825 -4.690 1.937
P556362 4.156 3.941 -4.245 1.285
P556363 4.157 3.815 -4.452 1.332
P556364 4.102 3.855 -5.101 1.669
P556365 4.120 3.878 -4.315 0.831
P556366 3.901 3.851 -4.809 1.909
P556367 4.213 4.069 -4.630 0.946
P556368 4.115 3.993 -5.029 1.196
P556369 4.090 4.034 -4.862 1.929
P556370 3.931 3.771 -4.441 1.249
P556371 3.959 3.793 -4.634 1.005
P556372 3.903 3.935 -4.134 1.399
P556373 3.943 3.821 -4.672 1.012
P556374 4.184 3.996 -4.428 1.332
P556375 4.108 3.987 -4.810 1.230
P556377 4.020 3.705 -4.283 1.187
P556378 4.098 3.747 -4.029 1.277
P556379 4.227 3.816 -5.034 2.261
P556380 3.933 3.761 -4.997 1.477
P556381 4.351 3.797 -5.090 1.735
P556382 3.996 3.735 -4.449 0.775
P556383 4.158 3.640 -4.832 7.974
P556384 3.962 3.687 -4.631 1.363
P556385 3.836 3.657 -4.290 1.429
P556386 4.044 3.951 -4.760 1.420
P556387 4.597 3.923 -3.860 1.731
P556388 4.202 3.867 -4.829 1.654
P556389 4.311 3.996 -4.490 1.442
P556390 4.253 3.747 -4.737 1.689
P556391 3.914 3.821 -5.208 0.998
P556392 4.463 4.014 -4.588 1.108
P556393 4.432 4.117 -4.435 1.059
P556394 4.230 3.935 -4.479 1.171
P556395 4.344 4.077 -4.400 1.131
P556396 3.872 3.775 -4.537 1.083
P556397 4.282 4.070 -4.750 1.312
P556398 4.054 3.842 -4.592 1.139
P556399 4.085 3.984 -4.571 0.943
P556400 4.116 3.896 -4.663 0.757
P556401 4.114 3.877 -4.555 1.449
P556402 3.946 3.940 -4.464 1.008
P556403 4.357 3.944 -4.153 1.840
P556404 4.066 3.971 -5.050 2.110
P556405 4.165 3.950 -4.047 1.842
P556406 4.278 3.864 -4.435 1.301
P556407 4.079 3.795 -4.728 1.229
P556408 4.186 3.908 -4.767 1.374
P556409 4.000 3.881 -5.150 1.750
P556410 4.132 3.825 -3.425 1.425
P556412 4.463 3.864 -4.317 1.124
P556413 4.037 3.776 -4.558 1.130
P556414 4.110 3.858 -4.716 1.284
P556416 4.068 3.855 -4.730 1.036
P556417 4.006 3.819 -4.374 1.181
P556418 4.133 4.068 -4.742 1.387
P556419 4.322 3.824 -5.302 1.097
P556420 4.055 3.950 -4.574 1.449
P556421 3.987 3.946 -3.883 1.554
P556422 4.054 3.694 -4.096 1.511
P556423 4.220 3.827 -3.850 1.582
P556424 4.229 4.044 -3.905 1.682
P556425 4.074 3.746 -4.216 1.700
P556426 4.154 3.964 -3.896 1.962
P556427 4.044 3.863 -5.339 1.009
P556428 4.114 3.790 -4.272 1.351
P556430 3.830 4.049 -5.534 0.945
P556431 4.056 3.973 -4.925 0.980
P556432 3.816 3.873 -5.198 1.027
P556433 4.209 4.038 -4.547 0.823
P556434 4.013 3.718 -4.832 1.437
P556435 3.975 3.708 -4.544 0.629
P556436 4.096 3.980 -5.125 1.003
P556437 4.196 3.996 -4.913 1.294
P556438 3.954 3.839 -4.803 1.083
P556439 4.094 3.955 -5.354 1.135
P556440 4.035 3.883 -4.530 0.848
P556441 4.015 4.017 -4.494 0.545
P556442 4.138 3.820 -4.328 1.187
P556443 3.932 3.691 -4.650 1.511
P556444 4.110 3.854 -4.846 1.545
P556445 4.013 3.792 -4.663 1.301
P556446 3.813 3.657 -4.748 0.886
P556447 4.075 3.878 -4.699 0.860
P556448 4.059 3.659 -4.397 1.137
P556449 4.260 3.929 -4.592 1.455
P556450 4.258 3.801 -4.440 1.453
P556452 4.010 3.807 -4.629 1.211
P556454 4.054 3.863 -4.744 1.278
P556455 3.970 3.768 -4.627 1.147
P556456 4.510 3.729 -4.214 2.350
P556457 3.886 3.751 -4.432 0.743
P556458 4.290 4.159 -3.676 1.258
P556459 4.130 3.986 -4.675 1.250
P556460 3.939 3.816 -4.576 1.353
P556461 4.050 3.790 -4.339 1.321
P556462 3.940 3.709 -4.399 1.554
P556464 4.016 3.903 -4.547 1.244
P556465 3.867 3.787 -4.697 1.227
P556466 3.972 3.806 -4.657 1.093
P556467 4.372 3.969 -4.633 1.170
P556468 4.091 3.996 -4.670 1.324
P556469 4.157 3.937 -4.622 1.224
P556470 4.133 3.920 -4.238 0.872
P556471 4.144 4.048 -4.844 1.059
P556472 4.138 4.001 -4.402 1.128
P556473 3.690 3.554 -4.457 1.470
P556474 3.798 3.613 -5.164 0.949
P556475 4.158 3.807 -4.944 1.762
P556476 3.669 3.647 -5.079 1.215
P556477 3.980 3.735 -5.066 1.279
P556478 3.742 3.680 -5.092 0.891
P556479 4.031 3.731 -4.912 1.281
P556480 4.091 3.785 -5.285 0.948
P556481 4.024 3.713 -5.282 0.953
P556482 3.927 3.807 -4.650 1.763
P556484 4.098 3.614 -4.480 1.258
P556485 4.122 3.864 -4.624 0.927
P556486 3.813 3.591 -4.431 1.421
P556487 4.282 3.954 -4.153 1.517
P556489 4.187 3.716 -4.228 1.519
P556490 4.221 3.833 -3.987 1.754
P556492 4.367 4.036 -4.639 1.041
P556493 4.294 3.978 -4.713 0.979
P556494 4.309 3.930 -4.834 1.192
P556495 4.400 3.981 -3.724 1.590
P556497 4.149 3.787 -4.496 1.152
P556498 4.291 4.268 -2.771 1.230
P556500 3.720 3.593 -4.465 1.368
P556501 4.232 3.873 -4.274 1.381
P556503 3.908 3.943 -4.772 1.203
P556505 4.195 3.940 -4.083 1.399
P556507 4.497 4.189 -4.709 1.613
P556508 4.234 3.736 -4.580 1.680
P556510 4.263 3.906 -4.577 1.253
P556511 4.329 3.909 -3.946 1.487
P556514 4.223 3.591 -5.053 2.184
P556515 4.088 3.738 -4.083 1.467
P556516 3.898 3.811 -4.567 0.903
P556517 3.665 3.556 -5.066 1.871
P556518 4.114 3.912 -4.651 1.448
P556519 4.143 3.758 -3.919 1.172
P556520 4.100 3.877 -5.130 1.657
P556521 4.052 3.928 -4.580 1.254
P556522 4.109 3.937 -5.013 1.261
P556523 3.944 3.898 -4.856 1.008
P556524 4.201 4.093 -4.659 0.988
P556525 3.987 3.923 -4.696 0.802
P556526 4.305 3.800 -4.604 2.032
P556527 4.006 3.820 -4.692 1.154
P556528 4.096 3.961 -4.691 0.905
P556529 4.083 4.185 -4.844 2.028
P556530 4.237 4.076 -4.901 1.411
P556531 3.912 3.767 -4.609 1.045
P556532 4.011 3.941 -4.965 1.461
P556533 3.897 3.676 -4.755 1.450
P556534 3.976 3.874 -3.784 1.241
P556535 4.063 3.871 -4.795 1.399
P556536 4.088 4.078 -4.577 1.169
P556537 4.038 3.854 -5.167 1.220
P556538 4.180 3.924 -4.697 0.887
P556539 3.970 3.641 -4.362 1.134
P556540 4.430 3.897 -4.987 1.740
P556541 4.370 4.007 -4.323 1.737
P556543 4.230 4.204 -3.165 1.272
P556544 4.144 3.852 -4.129 1.760
P556546 4.306 3.973 -4.023 1.779
P556547 4.105 3.822 -4.297 1.893
P556548 4.207 3.659 -3.938 1.713
P556549 4.468 4.008 -5.015 1.453
P556550 4.303 3.936 -4.425 1.192
P556551 4.275 3.992 -4.775 2.232
P556552 4.358 3.947 -4.109 1.433
P556553 4.458 3.934 -4.968 1.748
P556554 4.342 4.071 -4.157 1.391
P556555 4.338 4.047 -4.009 1.237
P556556 4.161 3.730 -3.856 0.987
P556557 4.181 3.504 -5.244 1.829
P556558 4.183 3.935 -4.908 1.519
P556559 4.412 4.132 -4.501 1.038
P556560 4.252 3.897 -4.636 0.987
P556561 4.278 3.782 -4.776 1.731
P556562 4.191 3.956 -4.846 0.826
P556563 4.342 4.192 -4.087 0.578
P556564 4.321 4.004 -4.471 0.991
P556565 4.257 3.811 -4.796 1.644
P556566 4.101 3.808 -4.405 1.618
P556567 4.239 3.963 -4.986 1.106
P556568 4.246 3.853 -4.630 1.164
P556569 4.332 3.990 -4.634 1.545
P556570 4.278 3.942 -4.426 1.009
P556571 4.343 3.945 -4.885 1.521
P556572 4.404 3.951 -4.823 1.111
P556573 4.242 3.842 -4.765 1.025
P556574 4.467 4.008 -4.725 1.519
P556576 4.331 4.009 -5.078 1.080
P556577 4.066 3.852 -5.105 1.171
P556578 4.190 3.969 -4.247 1.391
P556579 3.816 3.903 -4.350 1.452
P556581 4.187 3.721 -4.057 1.608
P556583 3.826 3.616 -4.339 1.129
P556584 4.274 3.838 -4.698 1.191
P556585 4.194 3.822 -4.624 1.010
P556586 4.146 3.817 -4.657 1.854
P556587 4.138 3.613 -4.257 1.498
P556588 4.144 3.923 -4.015 1.415
P556589 4.419 4.194 -4.318 1.825
P556591 4.127 3.883 -4.405 1.742
P556592 3.901 3.979 -4.990 1.427
P556593 4.007 3.807 -4.888 1.368
P556594 4.082 3.931 -4.529 1.556
P556595 4.186 3.909 -4.348 2.161
P556596 4.194 3.953 -4.232 1.632
P556597 4.527 3.898 -4.345 1.017
P556598 4.433 3.981 -4.417 1.760
P556599 4.360 3.908 -4.394 1.599
P556600 4.380 3.940 -3.928 1.140
P556601 3.983 3.867 -4.982 1.348
P556602 3.885 3.640 -4.559 1.206
P556603 3.822 3.618 -4.798 1.531
P556604 3.871 3.677 -4.794 1.276
P556605 3.820 3.552 -4.617 1.535
P556606 3.975 3.664 -4.872 1.878
P556608 3.898 3.629 -4.869 1.531
P556609 3.859 3.498 -4.381 1.051
P556610 3.859 3.624 -4.583 1.026
P556611 3.798 3.543 -4.393 1.351
P556612 3.835 3.652 -4.700 1.091
P556613 4.555 4.154 -4.187 2.136
P556614 4.476 3.727 -4.335 2.442
P556615 4.092 3.931 -4.016 1.579
P556616 4.186 4.120 -4.123 1.348
P556617 4.001 3.827 -4.287 0.910
P556619 4.093 3.805 -4.548 1.609
P556620 3.840 3.690 -4.566 0.689
P556621 3.828 3.604 -5.497 1.068
P556622 3.750 3.554 -4.474 0.937
P556623 3.816 3.642 -4.388 0.332
P556624 3.722 3.508 -5.336 0.971
P556625 3.703 3.604 -4.426 0.944
P556626 3.725 3.502 -4.396 0.877
P556627 3.852 3.790 -4.766 1.064
P556628 3.915 3.885 -4.760 1.053
P556629 4.226 4.026 -4.740 1.306
P556630 3.878 3.688 -4.419 1.212
P556631 4.023 3.892 -4.507 0.788
P556632 3.674 3.443 -5.146 1.050
P556633 3.780 3.547 -5.448 1.293
P556634 3.771 3.590 -5.265 1.003
P556635 4.171 3.879 -4.785 0.886
P556636 3.821 3.771 -4.208 1.287
P556637 3.963 3.861 -4.443 1.024
P556638 3.936 3.727 -4.385 0.867
P556639 3.982 3.789 -4.605 0.907
P556640 4.192 4.035 -4.148 1.241
P556641 4.164 3.688 -4.332 7.779
P556642 3.849 3.585 -5.227 1.321
P556643 3.995 3.760 -4.902 1.357
P556644 3.969 3.763 -4.351 1.292
P556645 3.904 3.600 -4.359 1.285
P556646 4.129 3.927 -4.897 1.348
P556647 3.988 3.822 -4.804 1.203
P556649 4.021 3.822 -4.800 1.392
P556650 4.110 3.818 -4.765 0.902
P556651 4.200 3.554 -4.534 1.514
P556652 3.859 3.808 -4.680 1.301
P556653 3.946 3.720 -4.555 1.728
P556654 4.051 3.885 -4.618 1.595
P556655 4.196 3.910 -4.843 1.193
P556656 4.381 3.933 -4.152 1.419
P556657 4.005 3.645 -4.204 1.649
P556658 3.919 3.853 -3.878 0.448
P556659 3.939 3.824 -4.842 1.260
P556660 4.300 3.835 -4.198 1.472
P556661 4.017 3.809 -4.242 1.538
P556662 3.914 3.767 -4.402 1.828
P556663 4.208 3.856 -4.301 1.697
P556664 4.003 3.846 -4.466 1.595
P556665 4.350 4.081 -3.990 2.031
P556666 4.347 3.784 -4.757 1.677
P556667 3.885 3.786 -4.355 1.551
P556668 3.999 3.636 -3.978 1.346
P556670 4.013 3.847 -4.639 1.607
P556671 4.171 3.820 -4.647 1.471
P556672 4.203 3.878 -4.550 2.063
P556673 4.184 3.884 -4.084 2.047
P556674 4.229 3.902 -4.126 1.761
P556675 4.287 3.956 -4.753 1.886
P556676 4.225 3.881 -4.641 1.419
P556677 3.990 3.652 -4.652 1.624
P556678 4.038 3.714 -4.623 2.043
P556679 4.188 3.876 -4.496 1.881
P556680 3.940 3.623 -4.466 1.919
P556681 4.249 3.934 -4.287 1.697
P556682 4.350 3.740 -4.261 1.457
P556684 4.064 3.856 -4.388 1.297
P556685 4.118 3.925 -4.345 1.681
P556686 4.414 4.206 -3.825 0.960
P556687 4.282 4.113 -4.100 0.717
P556688 4.220 3.895 -4.178 1.171
P556689 4.129 3.801 -4.290 1.576
P556690 4.183 3.820 -5.029 1.178
P556691 3.935 3.703 -4.970 1.079
P556693 4.071 4.119 -3.988 1.165
P556694 4.059 3.863 -4.821 1.173
P556695 4.212 3.851 -4.445 1.177
P556696 3.974 3.910 -4.645 1.072
P556697 3.922 3.844 -4.628 1.480
P556698 4.263 3.977 -4.579 0.795
P556699 4.163 4.000 -4.469 1.560
P556700 3.873 3.660 -4.790 1.105
P556701 4.099 3.835 -4.110 1.665
P556702 3.997 3.753 -4.297 1.542
P556703 3.902 3.702 -4.871 1.666
P556704 4.026 3.733 -4.331 1.734
P556705 4.008 3.748 -4.299 1.033
P556706 4.208 3.854 -4.150 1.174
P556707 4.035 3.797 -4.103 1.368
P556708 3.997 3.721 -4.525 1.750
P556709 3.890 3.627 -4.443 0.802
P556710 3.869 3.801 -4.355 1.177
P556711 3.906 3.772 -4.528 1.182
P556712 4.045 3.721 -4.642 1.426
P556713 3.962 3.627 -4.856 0.981
P556714 3.968 3.823 -5.632 2.553
P556715 4.074 3.789 -4.385 1.485
P556716 3.860 3.753 -4.238 1.894
P556717 3.997 3.622 -3.752 0.440
P556718 3.798 3.577 -4.381 1.836
P556719 3.887 3.831 -3.981 1.700
P556720 4.094 3.672 -4.392 1.960
P556721 3.971 3.820 -3.871 1.508
P556722 4.059 3.823 -4.430 1.765
P556724 4.030 3.688 -4.080 1.658
P556725 4.059 3.554 -4.037 1.517
P556726 4.049 3.888 -3.667 1.135
P556727 4.201 3.839 -4.310 1.843
P556728 3.983 3.724 -4.875 2.241
P556729 3.960 3.802 -4.428 1.289
P556730 3.841 3.529 -4.466 1.874
P556731 3.680 3.598 -4.673 1.198
P556732 3.821 3.658 -4.775 1.103
P556733 3.708 3.459 -4.769 1.388
P556734 3.798 3.730 -4.532 1.261
P556735 3.655 3.579 -4.848 1.244
P556736 3.766 3.663 -4.685 1.001
P556737 4.088 4.074 -4.041 1.715
P556738 4.237 3.983 -4.843 1.465
P556739 3.994 3.913 -3.692 2.359
P556740 3.730 3.378 -4.827 0.813
P556741 3.832 3.720 -4.974 0.923
P556742 4.191 3.973 -4.623 1.849
P556743 4.020 3.852 -4.766 1.373
P556744 3.787 3.625 -4.689 1.415
P556745 3.984 3.799 -4.515 1.741
P556746 4.145 3.666 -5.110 1.957
P556747 4.151 3.916 -4.596 1.321
P556748 4.083 3.795 -4.655 1.478
P556749 4.267 4.063 -4.650 1.134
P556750 4.109 3.808 -4.972 0.791
P556751 4.054 3.824 -4.583 1.017
P556752 4.182 3.944 -4.552 1.351
P556754 4.171 3.918 -4.426 1.015
P556755 4.049 3.956 -4.408 1.536
P556756 4.178 3.969 -4.592 0.757
P556757 3.929 3.727 -4.358 1.292
P556758 4.128 3.711 -4.375 1.077
P556759 4.235 4.039 -4.791 1.328
P556760 4.027 3.743 -4.626 1.199
P556761 4.146 3.905 -4.403 1.114
P556762 4.031 3.839 -4.179 2.154
P556763 4.130 3.666 -4.696 2.198
P556764 4.342 4.043 -3.950 1.951
P556765 4.089 3.727 -4.651 2.054
P556766 4.102 3.808 -4.656 1.154
P556767 4.031 3.824 -4.493 1.387
P556768 3.994 3.660 -4.219 1.567
P556769 3.864 4.002 -4.080 1.978
P556770 3.975 3.768 -4.369 1.347
P556771 4.240 3.877 -4.135 1.693
P556772 3.866 3.680 -4.834 1.361
P556773 3.832 3.556 -4.379 1.257
P556774 3.962 3.814 -4.847 1.253
P556775 3.992 3.636 -4.714 0.997
P556776 4.175 3.834 -4.236 1.412
P556777 3.993 4.049 -3.897 1.896
P556778 3.681 3.988 -4.240 0.959
P556779 4.312 4.032 -4.017 1.440
P556780 3.946 3.702 -5.691 2.355
P556781 3.885 3.556 -4.424 0.789
P556782 4.001 3.719 -4.647 1.213
P556783 4.205 3.958 -4.582 1.221
P556784 4.272 4.045 -4.692 1.831
P556785 4.039 3.850 -4.496 1.727
P556786 4.003 3.895 -4.587 1.629
P556787 3.982 3.790 -4.669 1.149
P556788 4.155 3.846 -4.882 1.500
P556789 3.966 3.545 -5.008 2.421
P556790 4.343 3.906 -4.307 1.631
P556791 4.111 3.971 -4.731 1.225
P556793 3.841 3.600 -5.145 1.339
P556794 4.246 4.166 -4.878 1.533
P556795 4.123 3.803 -5.273 1.663
P556797 3.742 3.553 -4.707 1.405
P556798 4.103 3.767 -4.760 1.187
P556799 4.335 4.194 -4.343 1.523
P556800 4.105 3.779 -4.781 0.920
P556801 3.928 3.841 -4.666 1.109
P556802 4.177 3.973 -4.839 1.351
P556803 4.157 3.946 -4.556 1.338
P556805 4.062 3.954 -4.489 1.199
P556806 3.987 3.688 -4.921 1.354
P556807 4.176 3.910 -4.919 1.087
P556808 4.057 3.850 -4.951 1.374
P556810 3.723 3.745 -4.667 1.648
P556811 4.233 3.763 -3.745 1.612
P556812 4.414 3.864 -5.409 2.368
P556813 3.915 4.112 -3.736 1.297
P556814 4.068 3.923 -5.231 1.228
P556815 3.962 3.793 -4.900 0.995
P556816 3.671 3.575 -5.061 1.806
P556817 4.111 3.924 -4.608 1.348
P556819 3.824 3.608 -4.388 1.021
P556820 4.160 4.007 -4.370 1.289
P556821 4.228 4.006 -4.902 0.973
P556822 4.166 4.090 -4.874 1.696
P556823 4.014 3.762 -4.986 1.040
P556824 4.135 3.911 -4.072 1.250
P556825 4.266 3.864 -5.426 1.422
P556826 3.919 3.726 -5.768 1.240
P556827 4.121 3.775 -4.442 1.623
P556829 4.593 4.084 -4.678 1.809
P556830 4.114 3.790 -4.962 1.779
P556832 4.088 3.801 -4.890 0.979
P556833 4.202 3.834 -4.564 1.326
P556834 4.188 3.956 -3.899 1.405
P556836 4.106 3.887 -3.854 1.383
P556837 3.968 3.639 -4.670 0.909
P556838 4.012 3.783 -4.976 1.437
P556840 3.951 3.715 -4.853 0.849
P556841 3.741 3.504 -5.371 0.922
P556843 3.942 3.647 -4.488 1.342
P556844 4.032 3.785 -4.398 1.098
P556846 3.676 3.535 -4.666 0.832
P556847 4.076 3.964 -5.147 0.959
P556848 4.062 3.810 -4.184 1.213
P556849 3.904 3.741 -4.710 0.861
P556850 4.108 3.886 -5.023 0.930
P556851 4.065 3.883 -4.597 0.804
P556852 4.129 3.817 -4.892 1.008
P556853 4.409 3.785 -4.478 1.789
P556854 4.131 4.064 -5.507 0.892
P556855 4.240 3.946 -4.848 1.666
P556856 4.087 3.849 -4.847 0.933
P556857 4.018 3.718 -4.989 1.404
P556858 4.283 3.937 -4.767 1.555
P556859 4.030 3.675 -4.100 0.776
P556860 3.938 3.685 -4.722 1.015
P556861 4.213 4.053 -5.197 1.119
P556862 4.563 3.979 -4.598 1.490
P556863 4.017 3.786 -4.532 1.514
P556864 3.832 3.606 -5.035 0.762
P556865 3.740 3.461 -5.361 0.288
P556866 4.145 3.836 -4.926 1.082
P556867 4.268 3.993 -4.700 1.371
P556869 4.129 3.872 -4.965 0.985
P556870 4.069 3.931 -4.718 0.911
P556871 4.029 3.891 -4.600 0.845
P556872 3.972 3.910 -4.935 1.460
P556873 4.053 3.748 -4.495 1.308
P556874 4.014 3.645 -5.340 1.335
P556875 3.829 3.670 -4.399 1.365
P556876 4.012 3.842 -4.857 1.309
P556877 4.064 4.006 -4.486 1.169
P556878 3.940 3.843 -4.765 1.304
P556879 3.931 3.664 -3.660 2.244
P556880 4.055 3.876 -4.806 1.398
P556881 3.824 3.777 -4.782 1.630
P556882 3.867 3.721 -4.799 0.880
P556883 4.051 3.856 -4.703 0.862
P556884 4.005 3.945 -4.551 0.794
P556885 3.975 3.588 -4.274 1.720
P556886 4.299 3.871 -4.650 2.311
P556887 3.893 3.594 -5.161 1.328
P556889 4.111 3.911 -4.700 1.484
P556890 4.265 4.200 -5.027 1.448
P556891 4.099 3.862 -4.549 1.305
P556892 4.146 3.975 -4.927 1.365
P556893 4.196 4.193 -4.857 1.162
P556894 3.987 3.892 -4.652 1.371
P556896 4.240 4.005 -4.794 1.405
P556897 4.376 3.936 -4.395 1.307
P556898 4.058 3.812 -4.330 1.531
P556899 3.969 3.657 -4.114 1.383
P556900 4.034 3.645 -3.676 1.697
P556901 4.144 3.727 -4.478 1.731
P556902 4.589 4.281 -3.872 1.498
P556903 3.869 3.581 -4.561 1.079
P556904 4.198 3.882 -4.549 1.284
P556905 4.212 3.837 -4.345 1.389
P556906 4.151 3.886 -4.317 1.652
P556907 4.107 3.712 -4.772 2.102
P556908 4.239 3.826 -4.406 1.474
P556909 3.944 3.720 -4.301 1.310
P556910 4.039 3.656 -5.254 1.418
P556911 4.033 3.906 -4.666 1.302
P556912 3.814 3.734 -4.682 1.348
P556913 4.068 3.841 -4.777 1.248
P556914 3.998 3.846 -4.737 1.722
P556915 4.173 3.982 -4.575 1.175
P556916 4.306 3.764 -4.593 1.380
P556917 4.335 3.987 -4.400 1.741
P556918 3.939 3.746 -4.723 1.353
P556919 3.707 3.370 -5.138 1.008
P556920 4.266 3.952 -5.173 1.691
P556921 3.995 3.503 -4.292 0.876
P556922 4.045 3.584 -4.678 1.853
P556923 4.103 3.849 -4.379 0.855
P556924 3.705 3.695 -4.549 0.816
P556925 4.081 3.697 -4.313 1.314
P556926 4.071 3.938 -4.770 1.309
P556927 4.109 3.791 -5.048 1.017
P556928 4.154 3.925 -4.387 0.842
P556929 4.095 3.779 -5.275 1.713
P556931 4.097 3.830 -4.454 0.979
P556932 3.752 3.703 -4.194 1.347
P556933 3.783 3.627 -5.367 2.532
P556934 4.135 3.776 -4.965 1.106
P556935 3.872 3.694 -4.669 1.234
P556936 4.135 3.750 -4.613 0.477
P556937 3.914 3.552 -4.254 0.803
P556938 3.883 3.551 -4.019 1.165
P556939 3.773 3.514 -4.559 0.917
P556940 3.979 3.818 -4.498 1.402
P556941 4.109 3.844 -4.040 1.201
P556943 4.050 3.932 -4.097 1.168
P556945 4.084 4.042 -4.615 1.419
P556946 4.063 3.826 -4.751 1.367
P556947 3.973 3.867 -4.502 0.913
P556948 3.987 3.663 -5.224 1.435
P556949 3.959 3.911 -4.733 1.427
P556950 4.031 3.818 -4.592 0.878
P556951 4.064 3.976 -4.438 0.830
P556952 4.007 3.711 -3.470 2.103
P556953 4.180 3.998 -4.828 1.484
P556954 4.141 4.150 -4.383 1.705
P556955 4.072 3.990 -4.346 1.165
P556956 3.977 3.752 -4.652 0.674
P556957 3.972 3.933 -4.980 1.480
P556958 3.864 3.722 -4.651 0.855
P556959 3.974 3.555 -3.917 1.198
P556960 3.776 3.699 -4.045 2.306
P556961 3.856 3.584 -4.187 1.177
P556963 3.814 3.591 -4.728 0.980
P556964 3.771 3.538 -5.093 0.782
P556965 3.906 3.647 -4.130 1.442
P556966 3.687 3.557 -4.126 1.330
P556967 4.117 3.802 -4.483 1.151
P556968 4.077 3.501 -5.429 2.571
P556969 4.154 3.714 -4.707 1.106
P556970 3.882 3.672 -5.244 0.804
P556971 4.030 3.765 -4.425 1.222
P556973 4.047 3.691 -4.859 1.183
P556974 3.809 3.647 -5.370 1.458
P556975 3.779 3.549 -4.474 0.877
P556976 3.842 3.631 -4.434 1.105
P556977 3.964 3.936 -4.944 1.646
P556978 4.062 3.891 -4.647 0.857
P556979 3.868 3.734 -4.840 1.127
P556980 3.881 3.564 -4.227 1.265
P556981 4.021 3.678 -3.871 0.707
P556983 4.191 3.961 -4.618 1.438
P556984 3.993 3.783 -4.905 1.455
P556985 4.189 4.152 -4.752 1.562
P556986 4.178 3.817 -4.975 1.424
P556987 4.218 4.120 -4.293 1.490
P556988 4.235 4.083 -4.323 1.631
P556989 4.260 3.893 -5.005 1.529
P556990 3.984 3.695 -4.477 0.998
P556991 4.081 3.791 -4.728 1.170
P556992 4.018 3.912 -4.881 1.501
P556993 4.051 3.756 -5.076 0.771
P556994 4.039 3.856 -5.030 1.567
P556995 4.090 3.952 -4.822 1.173
P556996 4.062 3.888 -4.744 1.351
P556997 4.042 3.845 -4.625 1.489
P556998 3.956 3.778 -5.250 1.179
P556999 3.839 3.708 -5.120 1.135
P557000 4.165 4.035 -4.006 1.644
P557001 4.088 3.729 -4.521 0.956
P557002 4.005 3.883 -4.855 1.452
P557003 4.273 4.008 -3.893 1.472
P557004 4.103 3.937 -3.970 1.749
P557005 4.124 3.847 -4.648 2.079
P557006 3.838 3.653 -4.407 1.329
P557007 4.012 3.844 -5.161 1.227
P557008 4.163 3.956 -4.770 0.802
P557009 4.031 3.883 -4.872 0.800
P557010 4.196 3.884 -5.037 1.045
P557011 4.169 3.845 -4.066 1.587
P557012 3.778 3.604 -4.185 1.707
P557013 4.353 3.933 -4.309 1.904
P557014 4.097 3.710 -4.523 1.635
P557015 4.151 3.877 -4.227 1.789
P557016 4.238 3.814 -3.829 1.473
P557018 4.258 3.926 -3.607 1.526
P557019 4.225 3.661 -3.808 1.609
P557020 3.964 3.893 -4.408 1.299
P557021 4.008 3.794 -4.836 1.538
P557022 4.083 3.788 -4.546 0.684
P557023 3.694 3.467 -4.682 1.412
P557024 4.097 3.842 -4.740 1.000
P557025 4.039 3.738 -4.984 1.528
P557026 4.118 4.015 -4.298 1.637
P557028 4.140 3.749 -4.552 0.879
P557029 4.101 3.684 -4.511 1.300
P557030 4.128 3.778 -4.591 1.686
P557032 4.192 3.739 -3.931 1.511
P557033 4.174 3.919 -4.260 1.443
P557034 4.112 4.226 -4.172 1.335
P557035 4.378 3.823 -3.934 1.647
P557036 4.198 4.258 -4.616 1.423
P557037 4.117 3.909 -4.232 1.727
P557038 4.048 3.608 -4.345 1.305
P557039 3.887 3.546 -4.782 1.863
P557040 3.961 3.236 -4.699 1.914
P557041 4.148 3.719 -4.210 1.510
P557042 4.225 4.060 -4.101 1.909
P557043 4.342 4.145 -4.330 1.765
P557044 4.279 4.026 -4.142 1.353
P557045 4.028 3.867 -4.754 1.700
P557046 4.392 4.103 -4.276 1.401
P557047 4.249 4.089 -4.116 1.575
P557048 4.023 3.698 -4.034 1.228
P557049 4.176 4.012 -4.136 1.351
P557051 4.326 3.914 -3.954 1.492
P557052 4.099 3.834 -3.753 1.397
P557053 4.173 3.988 -4.910 1.532
P557054 3.945 3.718 -4.871 0.919
P557055 4.027 3.742 -4.646 1.284
P557056 4.028 3.780 -4.264 1.126
P557058 3.491 3.388 -4.619 1.340
P557059 3.800 3.622 -4.367 1.309
P557060 4.303 4.033 -4.500 1.162
P557061 3.948 3.713 -4.286 1.348
P557062 4.092 3.856 -4.208 1.209
P557063 4.012 3.869 -4.886 1.352
P557064 4.210 4.185 -4.617 1.601
P557065 4.012 3.673 -4.529 0.962
P557066 4.255 3.954 -5.216 1.700
P557067 3.745 3.556 -5.459 1.735
P557068 3.953 3.709 -4.776 0.913
P557069 3.935 3.701 -5.141 0.934
P557070 4.098 3.717 -4.363 1.504
P557072 3.813 3.646 -4.874 1.606
P557073 4.362 3.618 -4.887 1.837
P557074 4.028 3.940 -4.916 1.532
P557075 4.089 3.949 -4.608 1.164
P557076 3.933 3.942 -3.595 1.269
P557078 4.115 3.862 -4.944 1.404
P557079 3.679 3.625 -4.584 1.446
P557080 4.188 3.946 -4.616 0.953
P557081 4.151 3.950 -5.015 1.103
P557082 4.150 4.075 -4.758 1.499
P557083 3.958 3.757 -4.531 1.231
P557085 3.809 3.520 -5.249 1.289
P557087 4.294 4.055 -4.998 1.475
P557088 4.042 3.783 -4.704 0.732
P557089 4.031 3.714 -3.874 0.908
P557090 4.009 3.932 -4.747 1.311
P557091 4.101 4.015 -4.280 0.729
P557092 3.765 3.670 -4.749 0.621
P557094 4.110 3.792 -3.921 1.397
P557095 4.133 3.827 -4.553 0.896
P557096 4.188 4.011 -4.849 0.931
P557097 4.204 3.992 -4.679 1.123
P557098 3.957 3.812 -4.692 1.632
P557099 3.406 3.763 -5.040 0.818
P557100 3.898 3.690 -4.188 1.439
P557102 4.006 3.721 -4.947 1.256
P557103 4.135 3.926 -4.556 0.764
P557104 4.034 3.859 -4.673 1.362
P557105 4.056 4.025 -3.247 1.172
P557107 4.227 4.139 -3.875 1.775
P557108 4.063 3.806 -4.317 1.637
P557109 4.147 3.971 -4.694 1.284
P557111 3.987 3.807 -4.789 1.176
P557112 4.214 3.675 -3.989 1.497
P557113 4.227 3.983 -4.238 1.556
P557114 4.228 4.150 -3.842 1.456
P557115 4.162 3.850 -4.030 1.558
P557116 4.026 3.869 -5.148 1.161
P557117 4.055 3.924 -4.221 1.375
P557118 4.022 3.724 -4.603 1.635
P557119 4.183 3.946 -4.910 1.656
P557120 4.033 3.600 -4.384 0.921
P557121 4.154 4.069 -4.356 0.880
P557122 4.048 3.820 -4.247 1.456
P557123 4.341 3.982 -4.740 1.110
P557124 3.992 3.691 -4.619 2.130
P557125 3.759 3.738 -4.914 1.081
P557126 4.068 3.883 -4.589 1.592
P557127 4.093 3.852 -4.799 1.773
P557128 4.207 3.915 -4.634 1.633
P557129 4.125 3.935 -4.641 1.510
P557130 4.171 3.906 -5.144 1.435
P557131 4.159 3.813 -4.738 1.083
P557132 3.783 3.520 -4.987 0.894
P557133 4.076 3.828 -4.588 0.882
P557134 4.034 3.900 -4.666 1.512
P557135 4.041 3.859 -4.682 1.271
P557136 3.613 3.840 -4.484 1.775
P557137 4.109 3.733 -4.769 1.640
P557138 4.141 3.988 -5.043 0.884
P557139 4.154 4.100 -5.014 1.175
P557140 4.232 4.001 -4.984 1.064
P557141 4.305 3.753 -5.171 1.519
P557142 4.025 3.738 -4.511 0.997
P557143 3.933 3.626 -4.460 1.067
P557144 4.273 4.073 -4.955 0.761
P557145 4.142 3.694 -4.302 1.468
P557146 4.159 3.667 -4.052 2.249
P557148 4.205 3.929 -4.147 2.035
P557149 3.523 3.868 -5.405 0.988
P557151 3.699 3.526 -5.564 1.575
P557152 4.133 3.971 -5.128 2.548
P557154 4.060 3.760 -4.726 0.785
P557155 4.126 3.816 -4.577 2.163
P557157 3.986 3.742 -4.905 1.801
P557158 4.179 4.089 -4.668 1.656
P557159 4.207 4.089 -4.313 1.308
P557160 4.204 3.994 -4.819 1.200
P557161 4.287 3.993 -4.545 1.111
P557162 4.152 4.358 -4.194 1.074
P557163 4.499 4.014 -4.713 1.470
P557164 4.444 4.372 -4.314 0.940
P557165 4.475 4.211 -4.379 1.305
P557166 4.362 4.186 -4.183 1.523
P557167 4.431 4.118 -4.182 1.661
P557168 4.143 4.055 -4.767 1.070
P557169 4.261 4.181 -4.160 1.417
P557170 4.289 3.952 -5.193 1.478
P557171 4.378 4.078 -4.311 1.545
P557172 4.182 3.867 -4.479 1.550
P557173 4.693 4.189 -4.512 1.379
P557174 4.285 4.241 -4.277 1.686
P557175 4.535 4.266 -4.323 1.497
P557176 4.422 4.008 -4.644 1.483
P557177 4.460 4.237 -4.736 0.885
P557178 4.386 3.980 -4.493 0.863
P557179 4.286 3.983 -4.591 1.348
P557180 4.288 4.039 -4.654 1.195
P557181 4.674 4.459 -4.056 1.114
P557182 4.204 4.022 -4.324 1.259
P557183 4.424 4.259 -4.846 1.422
P557184 4.258 4.039 -4.894 1.372
P557185 4.176 3.945 -4.472 1.253
P557186 4.413 4.155 -4.901 1.061
P557187 4.390 3.980 -4.454 1.085
P557188 4.564 4.190 -4.477 0.986
P557189 4.312 4.142 -4.701 1.145
P557190 3.809 4.203 -4.261 1.289
P557191 4.612 4.357 -4.520 1.616
P557192 4.491 3.857 -4.446 1.410
P557193 4.208 3.895 -4.734 1.434
P557194 4.279 4.129 -4.936 1.584
P557195 4.304 4.000 -5.218 0.970
P557197 3.901 3.874 -5.329 1.443
P557198 4.213 4.041 -4.645 1.691
P557199 4.158 4.037 -4.335 1.324
P557200 4.298 4.094 -5.410 1.212
P557201 4.033 3.884 -3.748 2.392
P557202 4.206 4.046 -4.576 1.437
P557203 4.356 4.174 -4.795 1.750
P557204 4.365 4.012 -4.913 1.460
P557205 4.280 4.091 -4.675 1.245
P557206 4.170 3.916 -4.240 1.530
P557207 4.112 3.824 -4.344 1.320
P557208 4.278 3.958 -3.942 1.358
P557210 3.652 3.912 -5.457 1.360
P557212 4.004 3.893 -5.376 1.010
P557213 4.274 4.023 -4.300 1.778
P557214 4.523 4.476 -4.107 1.589
P557215 4.466 4.116 -4.466 1.949
P557216 4.425 4.143 -4.446 1.976
P557217 4.104 3.823 -4.439 0.916
P557218 4.342 4.131 -4.233 1.440
P557219 4.495 3.998 -4.443 1.680
P557221 4.550 4.480 -4.170 1.701
P557222 4.314 4.007 -4.378 1.786
P557223 4.322 4.413 -4.022 1.384
P557225 4.255 4.142 -3.671 1.297
P557227 4.258 3.808 -4.286 1.702
P557228 4.198 3.759 -4.238 1.398
P557229 4.277 4.133 -4.208 1.551
P557230 4.248 3.794 -4.025 1.640
P557231 3.979 3.667 -5.773 1.711
P557233 3.910 3.860 -4.718 0.910
P557235 4.241 4.221 -4.396 1.329
P557236 4.318 4.081 -3.563 2.036
P557238 4.374 4.067 -4.400 1.501
P557239 3.842 3.989 -4.624 1.658
P557241 4.501 4.433 -4.363 1.701
P557243 4.298 3.768 -4.486 2.179
P557244 4.297 4.105 -4.322 1.865
P557246 4.381 4.510 -3.865 1.488
P557247 4.276 4.391 -4.625 1.371
P557249 4.483 3.873 -4.272 2.021
P557251 4.144 3.653 -4.117 1.753
P557252 4.203 3.914 -4.385 1.385
P557254 4.233 4.169 -4.386 1.932
P557255 4.372 4.129 -4.803 0.973
P557256 4.385 3.938 -5.134 1.216
P557257 4.380 4.372 -5.081 0.782
P557258 4.120 4.010 -5.399 0.960
P557259 4.159 3.812 -4.280 0.739
P557260 4.420 4.015 -4.944 1.583
P557262 3.877 3.776 -4.932 1.038
P557263 4.144 3.903 -5.457 1.202
P557265 4.095 3.675 -4.947 1.141
P557266 4.129 3.837 -4.817 1.662
P557267 4.254 3.943 -4.617 1.217
P557268 4.124 3.842 -4.843 1.019
P557269 4.303 4.177 -4.685 0.906
P557270 4.652 4.218 -3.935 0.664
P557271 4.158 4.041 -4.672 0.996
P557272 4.332 4.039 -5.021 1.095
P557273 4.519 3.972 -4.993 1.703
P557275 4.269 4.089 -5.525 1.264
P557276 4.322 4.044 -4.599 1.235
P557278 4.234 4.205 -5.291 1.356
P557279 4.127 3.747 -4.115 1.166
P557280 4.227 4.082 -4.586 0.938
P557281 4.162 3.915 -4.336 1.256
P557282 4.016 3.949 -5.603 1.114
P557283 4.291 3.764 -5.012 1.887
P557285 4.071 3.391 -4.976 1.453
P557286 4.175 3.977 -4.624 0.829
P557287 3.949 3.523 -5.041 0.909
P557288 4.416 4.199 -4.573 1.308
P557290 4.488 3.699 -4.204 2.132
P557291 4.433 4.103 -4.690 1.221
P557292 4.362 4.054 -4.496 0.715
P557293 4.330 4.199 -5.022 1.616
P557295 4.333 3.850 -4.390 1.631
P557296 4.427 3.768 -4.155 2.256
P557297 4.433 4.042 -4.320 1.738
P557298 4.256 3.996 -4.842 1.316
P557300 4.083 3.863 -4.893 1.114
P557301 4.255 4.034 -4.287 1.180
P557302 4.467 4.360 -4.480 1.427
P557303 4.497 4.200 -5.057 1.440
P557305 4.268 4.034 -4.869 1.176
P557306 4.252 3.974 -4.888 1.228
P557307 4.419 4.165 -5.103 1.407
P557308 4.288 4.250 -4.685 0.505
P557309 3.986 3.793 -4.773 1.398
P557311 3.888 3.699 -4.796 0.970
P557312 4.152 3.871 -5.049 1.269
P557314 4.097 3.917 -4.828 1.332
P557315 4.082 3.636 -4.446 1.389
P557316 3.962 3.624 -5.244 0.810
P557317 4.016 3.944 -4.152 1.304
P557318 4.045 3.696 -4.512 1.109
P557319 3.668 3.737 -4.620 1.631
P557320 4.048 3.758 -4.459 1.145
P557321 4.120 3.794 -4.395 1.137
P557322 4.298 3.886 -4.508 0.827
P557323 3.981 3.457 -4.736 0.949
P557324 4.113 3.943 -4.532 1.179
P557326 3.927 3.695 -4.388 0.908
P557327 4.028 3.801 -4.752 0.905
P557328 4.163 3.991 -4.355 1.315
P557329 4.017 3.431 -3.958 0.959
P557330 3.893 3.770 -4.517 1.865
P557331 4.001 3.876 -4.839 1.223
P557333 4.298 4.077 -4.115 1.579
P557334 4.219 3.988 -4.616 1.157
P557335 4.274 3.981 -4.547 0.751
P557336 4.324 4.047 -4.543 0.935
P557337 4.334 4.051 -4.699 1.232
P557338 4.283 3.877 -5.592 1.120
P557339 4.058 3.886 -4.762 1.200
P557341 3.791 3.609 -5.600 1.047
P557342 4.242 3.689 -5.178 1.490
P557343 4.202 3.838 -4.813 1.235
P557345 4.171 3.886 -5.300 1.649
P557347 4.387 4.235 -5.514 1.223
P557348 4.309 4.073 -4.521 1.276
P557350 4.405 4.092 -4.704 1.272
P557352 4.671 4.364 -4.838 1.149
P557353 4.649 4.144 -4.873 1.217
P557354 4.556 4.134 -5.286 1.208
P557356 4.277 4.210 -4.428 1.430
P557357 4.123 3.932 -4.117 0.650
P557358 4.490 4.071 -5.481 1.164
P557359 4.557 4.232 -4.191 1.443
P557361 4.663 4.562 -4.338 0.889
P557362 4.394 3.998 -4.737 1.369
P557363 4.337 4.183 -4.324 1.319
P557364 3.807 4.001 -4.546 1.465
P557366 4.365 3.958 -4.479 1.724
P557367 4.496 4.304 -4.259 0.435
P557368 4.653 4.455 -4.588 1.296
P557369 4.544 4.069 -5.009 1.030
P557370 4.356 4.012 -5.222 1.070
P557371 4.489 3.937 -4.932 1.041
P557372 4.469 4.066 -4.615 1.489
P557373 3.955 3.867 -4.701 1.169
P557374 4.378 4.157 -3.958 1.300
P557376 4.364 3.868 -4.632 1.480
P557377 4.305 3.870 -5.199 2.018
P557378 4.548 4.097 -4.650 1.828
P557380 4.221 3.997 -5.755 1.064
P557381 4.405 3.973 -5.003 1.472
P557382 4.474 3.982 -4.882 2.408
P557383 4.424 4.077 -4.279 1.271
P557385 4.165 3.778 -4.684 1.531
P557386 4.381 4.001 -5.436 1.142
P557388 4.134 3.519 -4.352 1.027
P557390 4.157 4.078 -4.535 1.211
P557391 4.499 4.131 -3.551 1.438
P557393 4.303 3.844 -4.406 1.471
P557394 4.422 4.283 -4.106 1.347
P557396 4.446 4.116 -5.340 1.173
P557397 4.399 3.927 -4.557 1.684
P557399 4.621 4.237 -5.292 1.203
P557400 4.409 3.916 -4.632 2.003
P557402 3.724 4.116 -4.945 1.347
P557404 4.189 3.943 -4.399 1.160
P557405 3.933 3.825 -4.793 1.438
P557406 4.114 3.947 -5.187 1.006
P557407 4.299 4.086 -5.469 1.274
P557408 4.444 4.351 -4.694 1.495
P557409 4.345 4.091 -4.859 0.927
P557410 4.337 4.027 -5.713 1.218
P557411 4.529 4.176 -4.565 1.216
P557412 4.095 4.059 -5.259 1.019
P557413 4.248 4.184 -5.040 1.076
P557414 3.942 3.805 -5.323 1.697
P557415 4.294 3.980 -4.836 1.358
P557416 3.768 3.947 -4.498 1.262
P557417 4.228 4.071 -4.198 1.167
P557418 4.167 4.066 -4.823 0.972
P557419 4.344 3.957 -5.193 1.670
P557421 4.473 4.282 -4.909 1.387
P557422 4.333 3.965 -5.099 1.814
P557425 4.064 3.792 -5.371 1.235
P557426 4.292 3.967 -4.906 0.941
P557428 4.308 4.120 -4.708 1.226
P557430 4.425 4.272 -4.605 0.855
P557431 4.392 3.917 -4.842 1.430
P557432 3.904 3.677 -4.812 1.535
P557433 4.318 3.879 -5.059 1.198
P557434 4.311 3.909 -3.621 1.549
P557435 4.279 3.978 -4.861 1.470
P557436 4.258 3.834 -5.249 1.627
P557437 4.443 4.184 -4.612 1.483
P557438 4.633 4.070 -4.630 1.267
P557439 4.473 4.108 -4.754 1.176
P557440 4.291 4.289 -5.208 1.081
P557441 4.569 4.003 -4.689 1.676
P557442 4.287 4.077 -4.212 1.182
P557443 4.515 4.084 -5.223 1.422
P557444 4.421 4.071 -5.299 1.345
P557445 4.515 4.349 -4.160 0.501
P557446 4.196 4.137 -5.789 1.127
P557448 4.217 3.932 -4.442 1.106
P557449 3.987 3.745 -4.574 1.000
P557450 4.056 3.913 -4.420 1.278
P557451 3.750 3.700 -4.860 1.158
P557453 4.187 4.008 -5.234 1.435
P557454 4.082 3.927 -5.504 1.124
P557455 4.100 3.610 -4.242 1.751
P557456 3.981 3.817 -5.307 0.973
P557457 4.316 3.997 -5.172 1.265
P557458 4.139 3.966 -5.462 1.108
P557459 3.791 3.928 -4.679 1.712
P557460 4.138 4.015 -4.348 1.266
P557461 4.267 4.068 -4.846 1.076
P557462 4.038 4.054 -4.684 0.928
P557463 4.765 4.230 -4.136 2.082
P557464 4.157 4.003 -4.748 1.493
P557465 4.083 4.022 -4.773 1.854
P557466 4.071 3.987 -4.932 1.441
P557467 4.113 3.991 -4.406 0.996
P557468 4.280 3.938 -5.035 0.978
P557469 4.255 3.818 -5.216 1.459
P557470 4.183 3.968 -4.886 1.010
P557471 3.833 3.728 -4.631 1.394
P557472 4.251 3.838 -4.299 0.863
P557473 4.390 4.111 -4.434 0.763
P557474 4.100 3.983 -5.189 2.662
P557475 4.344 4.059 -4.785 1.172
P557476 4.178 3.901 -4.930 1.262
P557477 4.370 3.884 -5.011 1.119
P557478 4.186 3.998 -4.364 1.057
P557479 4.027 3.864 -4.585 0.917
P557480 4.168 3.995 -4.811 1.139
P557481 3.652 3.588 -4.279 1.389
P557482 4.192 3.781 -4.507 0.904
P557483 3.961 3.816 -4.849 1.470
P557484 3.922 3.864 -4.797 1.845
P557485 3.934 3.815 -4.897 1.649
P557486 4.627 4.075 -3.945 2.025
P557487 3.992 3.834 -5.159 1.196
P557488 4.003 3.750 -5.365 1.546
P557489 3.928 3.555 -5.442 1.390
P557490 3.890 3.636 -4.772 0.940
P557491 4.097 3.644 -4.672 1.020
P557492 3.852 3.607 -4.774 0.945
P557493 4.030 3.638 -4.557 0.998
P557494 4.017 3.906 -5.186 1.066
P557495 4.202 3.968 -5.133 1.203
P557496 4.013 3.889 -5.502 0.982
P557497 4.080 4.010 -5.325 1.197
P557498 4.500 3.824 -4.336 1.630
P557499 4.181 3.877 -4.587 1.268
P557500 3.956 3.813 -5.064 1.316
P557501 4.040 3.970 -5.061 1.646
P557502 3.637 3.483 -4.974 0.652
P557503 4.168 3.955 -5.371 1.575
P557504 4.133 4.096 -4.768 1.532
P557505 3.929 3.752 -5.083 1.866
P557506 4.362 3.732 -4.189 2.215
P557507 3.845 3.671 -4.751 1.139
P557508 3.920 3.977 -3.414 1.666
P557510 3.942 3.528 -4.686 1.256
P557511 3.935 3.696 -4.768 0.940
P557512 3.807 3.649 -4.746 0.850
P557513 3.911 3.761 -4.977 1.191
P557514 3.522 3.561 -4.531 1.304
P557515 3.994 3.623 -4.887 0.853
P557516 4.112 3.848 -4.762 0.933
P557517 4.111 3.888 -5.033 1.180
P557518 4.221 4.014 -4.835 1.448
P557519 3.872 3.633 -4.635 1.203
P557520 4.009 3.605 -4.351 1.931
P557521 4.069 3.906 -5.206 0.946
P557522 4.013 3.858 -5.372 1.355
P557523 4.262 4.139 -4.589 0.766
P557524 4.264 4.139 -4.508 1.465
P557525 3.961 3.667 -4.151 0.827
P557526 4.075 4.044 -4.512 0.821
P557527 4.341 4.145 -4.514 1.355
P557528 4.106 3.886 -5.125 1.264
P557529 3.843 3.671 -4.924 1.633
P557530 4.057 3.617 -4.011 1.499
P557532 4.197 3.572 -4.469 1.172
P557533 4.238 3.958 -4.465 1.323
P557534 4.114 4.078 -4.196 1.318
P557535 3.968 3.996 -4.506 1.142
P557537 4.271 4.078 -4.310 1.156
P557538 4.088 3.959 -4.607 1.193
P557539 4.649 4.062 -4.348 1.871
P557540 3.977 3.845 -5.136 1.055
P557541 3.996 3.848 -4.702 1.401
P557542 3.876 3.748 -5.344 0.903
P557543 4.141 3.986 -5.320 1.213
P557545 4.216 4.041 -4.808 1.292
P557546 4.060 3.891 -5.265 1.276
P557547 4.197 4.181 -5.235 1.393
P557548 4.502 3.975 -4.384 1.939
P557549 3.888 3.797 -4.870 1.449
P557550 3.952 3.929 -5.062 1.235
P557551 4.059 3.970 -5.281 1.328
P557552 4.016 3.971 -4.586 1.268
P557553 4.279 4.050 -4.879 0.939
P557554 3.870 3.660 -4.524 1.367
P557555 4.123 3.839 -4.641 0.764
P557556 4.268 4.108 -4.703 1.334
P557557 4.327 4.065 -4.670 1.291
P557558 4.141 3.915 -4.372 0.947
P557559 4.246 3.851 -5.117 1.708
P557561 4.359 4.333 -4.628 1.450
P557562 4.170 4.050 -4.429 1.344
P557563 4.083 3.819 -4.973 1.064
P557564 3.574 3.341 -5.274 1.042
P557565 4.246 3.825 -4.549 2.297
P557566 4.190 3.904 -4.386 1.828
P557567 4.183 3.810 -4.994 2.213
P557568 4.261 3.892 -5.005 1.134
P557569 4.072 3.905 -4.558 1.815
P557570 4.136 3.989 -4.173 1.301
P557572 4.392 3.937 -3.624 1.525
P557573 4.279 4.077 -4.153 1.385
P557574 4.092 3.957 -4.797 0.888
P557575 4.196 3.887 -4.565 1.297
P557577 4.133 4.058 -4.359 1.225
P557578 4.126 3.831 -3.784 1.681
P557579 4.364 3.973 -3.752 1.667
P557580 4.192 3.795 -3.516 1.089
P557581 4.048 3.720 -3.908 1.744
P557582 3.956 3.676 -3.721 1.328
P557583 4.096 3.884 -5.685 2.485
P557584 4.192 3.955 -4.445 0.882
P557585 4.020 3.852 -4.398 1.158
P557586 4.051 3.889 -4.700 1.138
P557587 4.367 4.053 -4.159 1.197
P557588 4.472 4.166 -4.271 1.685
P557589 4.193 4.002 -4.066 1.501
P557591 4.085 3.764 -4.907 1.414
P557593 4.414 3.991 -5.134 1.452
P557595 4.131 3.817 -4.613 0.725
P557596 4.104 3.857 -4.700 1.294
P557598 4.035 3.712 -5.946 2.293
P557601 4.267 3.884 -5.077 0.986
P557603 4.283 3.876 -4.970 1.377
P557606 4.152 3.992 -4.773 1.211
P557609 4.109 3.778 -4.888 1.304
P557611 4.282 3.804 -5.082 1.091
P557612 4.043 3.710 -5.924 2.096
P557614 4.250 3.889 -4.745 1.005
P557615 4.374 4.038 -4.904 1.313
P557616 4.212 3.836 -4.925 1.155
P557617 4.091 3.761 -4.935 1.072
P557618 4.132 3.602 -5.354 1.802
P557619 4.277 3.818 -5.099 1.677
P557620 4.054 3.727 -5.476 1.208
P557622 4.257 3.820 -4.801 1.257
P557623 4.193 3.982 -4.300 0.883
P557624 4.148 3.746 -4.773 0.809
P557625 4.259 3.715 -4.427 2.076
P557626 4.298 3.983 -4.336 1.503
P557627 4.281 3.906 -4.329 1.587
P557628 4.351 4.084 -4.211 1.615
P557629 4.191 3.759 -4.213 1.646
P557630 4.405 3.934 -4.372 1.458
P557631 4.033 4.036 -4.374 1.175
P557632 4.470 4.095 -4.246 1.359
P557633 4.290 3.763 -3.937 1.425
P557635 4.400 4.070 -4.312 1.440
P557636 4.295 4.074 -4.192 1.541
P557637 4.502 4.148 -4.320 1.846
P557638 4.278 3.841 -4.417 1.757
P557639 4.324 4.136 -4.311 1.633
P557640 4.481 3.934 -4.309 1.358
P557641 4.475 3.923 -4.024 1.289
P557642 4.302 3.663 -4.390 1.908
P557643 4.407 3.804 -4.174 1.362
P557644 4.188 3.922 -4.309 1.573
P557645 4.423 4.079 -4.113 2.144
P557646 4.124 3.992 -4.146 0.980
P557648 4.132 3.948 -4.945 1.479
P557649 4.229 3.971 -4.009 1.436
P557650 4.283 4.038 -3.925 1.593
P557651 4.065 3.626 -3.511 1.408
P557652 3.963 3.666 -3.817 1.636
P557653 4.102 3.927 -4.282 0.779
P557654 4.138 3.603 -5.232 2.373
P557655 4.074 3.763 -4.436 0.906
P557656 3.920 3.750 -4.520 1.123
P557657 3.945 3.711 -4.793 1.266
P557658 3.904 3.670 -4.596 1.236
P557659 4.061 3.885 -4.789 1.333
P557660 3.870 3.669 -4.209 0.857
P557662 4.065 3.788 -4.162 1.126
P557663 3.992 3.714 -4.540 1.172
P557664 4.021 3.629 -4.443 1.434
P557665 4.191 3.844 -4.089 1.854
P557666 4.448 4.079 -3.728 1.174
P557667 4.051 3.664 -4.097 1.216
P557668 4.212 4.061 -3.978 1.724
P557669 4.146 3.908 -4.369 1.475
P557670 4.347 3.969 -3.785 1.812
P557671 4.095 3.748 -4.422 1.775
P557672 4.096 3.828 -4.661 1.597
P557673 4.340 4.000 -3.936 1.642
P557674 3.978 3.601 -4.562 2.467
P557675 4.206 3.848 -4.532 1.501
P557676 4.025 3.694 -4.725 1.852
P557677 4.168 4.089 -3.830 1.481
P557678 4.071 3.980 -3.687 1.739
P557679 3.912 3.779 -4.377 1.780
P557680 4.183 3.719 -3.876 1.925
P557681 4.357 3.615 -4.010 1.821
P557682 4.227 3.789 -4.042 1.428
P557683 4.006 3.759 -4.696 1.066
P557684 3.882 3.797 -3.809 1.702
P557685 4.215 3.667 -4.545 1.073
P557686 4.122 3.661 -4.525 1.235
P557687 4.115 3.790 -4.697 1.399
P557689 4.017 3.778 -4.573 1.366
P557690 4.003 3.834 -4.598 0.981
P557691 4.183 3.993 -4.907 1.469
P557692 4.049 3.829 -4.678 1.327
P557693 3.873 3.676 -4.758 1.354
P557694 3.954 3.725 -4.899 1.547
P557695 4.086 3.830 -4.804 1.765
P557696 3.868 3.651 -4.256 1.232
P557697 3.967 3.871 -4.684 1.350
P557698 3.869 3.706 -4.395 1.278
P557699 3.995 3.434 -4.139 1.327
P557700 4.080 3.907 -4.620 1.713
P557701 4.063 3.559 -3.859 1.489
P557702 4.104 3.838 -3.734 1.899
P557703 4.151 3.722 -3.498 1.142
P557704 4.029 3.890 -4.424 1.345
P557705 4.115 3.850 -4.489 1.053
P557706 3.953 3.749 -4.082 1.293
P557707 3.899 3.676 -4.656 1.888
P557708 3.964 3.400 -4.340 1.305
P557709 3.928 3.733 -4.449 1.082
P557710 4.125 3.953 -4.593 0.912
P557711 4.022 3.882 -4.518 1.247
P557712 4.231 4.062 -4.447 1.342
P557713 4.270 3.734 -4.550 0.948
P557714 4.050 3.816 -4.725 1.374
P557715 4.102 4.016 -4.485 1.269
P557716 4.062 4.001 -4.341 0.928
P557717 4.182 3.951 -4.510 1.284
P557718 4.029 3.798 -4.737 1.444
P557720 4.141 3.910 -4.851 1.297
P557721 4.062 3.760 -4.829 1.438
P557722 3.894 3.767 -4.395 0.951
P557724 3.811 3.595 -4.620 1.258
P557725 3.802 3.547 -4.779 1.202
P557727 4.012 3.807 -4.591 1.153
P557728 3.823 3.629 -4.635 0.662
P557730 3.755 3.539 -4.638 1.483
P557731 4.062 3.781 -4.332 1.342
P557733 3.977 3.725 -4.713 0.944
P557734 3.732 3.545 -4.590 1.276
P557735 3.735 3.547 -4.430 1.331
P557736 3.993 3.479 -5.234 2.199
P557737 3.791 3.610 -5.121 2.186
P557739 3.874 3.652 -4.831 1.442
P557741 3.823 3.502 -4.704 1.488
P557743 4.006 3.728 -4.385 1.132
P557744 3.935 3.671 -5.118 1.047
P557745 3.792 3.619 -5.075 1.109
P557746 3.868 3.818 -4.769 0.529
P557747 3.901 3.812 -4.790 0.696
P557748 3.826 3.567 -4.963 1.381
P557749 4.035 3.932 -5.114 0.966
P557750 3.938 3.889 -5.663 0.814
P557751 4.072 3.838 -5.185 1.540
P557752 3.840 3.735 -4.951 1.104
P557753 3.926 3.754 -4.954 1.132
P557754 3.994 3.931 -4.481 1.267
P557756 3.840 3.607 -5.373 0.888
P557757 4.298 3.674 -4.593 1.771
P557758 4.179 3.697 -3.956 1.789
P557759 3.934 3.459 -5.266 1.446
P557761 4.093 3.612 -5.103 1.042
P557763 3.831 3.528 -5.312 0.795
P557766 3.976 3.746 -4.182 1.186
P557768 3.968 3.633 -4.821 1.274
P557770 3.992 3.504 -5.265 1.309
P557772 3.995 3.632 -4.731 0.683
P557773 3.943 3.696 -4.422 0.937
P557775 4.156 3.608 -5.378 1.073
P557776 4.146 3.789 -4.832 1.009
P557778 4.187 3.824 -3.935 1.759
P557779 4.223 4.020 -4.013 1.218
P557781 4.108 3.687 -5.016 1.092
P557782 3.916 3.558 -5.384 2.178
P557784 4.203 4.008 -4.451 1.165
P557785 4.545 3.869 -3.947 2.112
P557786 4.267 4.130 -4.492 1.283
P557787 4.220 4.041 -4.637 0.773
P557788 4.092 3.812 -4.518 1.199
P557789 4.104 3.969 -4.544 1.213
P557790 4.145 3.924 -4.530 1.180
P557791 4.215 4.036 -4.325 1.195
P557792 4.227 4.043 -4.591 0.789
P557794 4.267 3.910 -4.714 1.356
P557795 4.185 4.007 -4.266 1.101
P557796 4.187 3.981 -4.602 0.935
P557797 4.312 4.096 -4.483 1.273
P557798 4.289 4.206 -3.868 1.365
P557799 4.244 4.208 -3.985 1.488
P557800 4.381 3.889 -4.736 1.678
P557801 4.389 3.788 -4.411 2.068
P557802 4.035 3.888 -4.695 1.071
P557803 4.330 3.929 -4.939 1.818
P557804 4.258 3.831 -4.514 1.756
P557805 4.195 4.023 -3.951 1.383
P557806 4.143 3.779 -5.330 2.232
P557807 4.369 4.085 -4.752 1.217
P557808 4.059 3.587 -4.499 1.277
P557809 4.092 3.835 -4.642 1.406
P557810 4.293 3.840 -5.149 1.798
P557811 4.095 3.852 -5.816 2.345
P557812 4.165 4.016 -4.551 0.734
P557813 4.214 3.914 -4.774 1.322
P557815 4.170 3.923 -4.576 1.075
P557816 4.196 4.070 -4.561 0.628
P557817 4.022 3.806 -4.619 0.678
P557818 4.156 3.939 -4.920 0.816
P557819 4.120 3.975 -4.703 1.277
P557820 4.214 3.924 -5.015 0.853
P557821 4.015 3.701 -4.832 0.816
P557822 4.243 3.942 -5.218 2.180
P557823 4.059 3.904 -5.851 2.444
P557824 4.027 3.841 -4.750 1.347
P557825 4.077 3.900 -4.522 0.922
P557826 4.322 3.919 -4.333 0.819
P557827 4.140 3.738 -4.206 1.866
P557828 4.001 3.846 -4.496 1.868
P557829 4.036 3.794 -4.401 1.497
P557830 4.050 3.856 -4.699 1.310
P557831 4.367 3.861 -5.003 1.533
P557832 4.108 3.967 -4.861 1.277
P557833 4.148 3.927 -4.902 1.214
P557834 4.351 3.853 -4.806 0.968
P557835 4.065 3.825 -4.824 1.318
P557836 4.240 3.816 -4.965 1.901
P557837 4.044 3.774 -5.627 2.433
P557838 4.175 3.974 -4.742 1.369
P557839 4.201 3.949 -4.053 1.353
P557840 4.406 4.037 -5.041 1.765
P557841 4.241 3.908 -5.046 1.532
P557842 4.318 3.961 -4.900 2.342
P557843 4.219 3.984 -4.222 1.552
P557844 4.195 3.916 -4.617 1.475
P557846 4.312 3.965 -3.756 1.200
P557847 4.284 3.930 -5.012 1.395
P557848 4.448 4.027 -4.946 1.665
P557849 4.230 3.895 -4.499 0.875
P557850 4.127 3.979 -4.536 1.292
P557851 4.055 3.895 -4.336 1.316
P557852 4.372 4.181 -4.678 1.384
P557853 4.280 3.937 -4.506 0.859
P557854 4.085 3.834 -4.540 0.931
P557855 4.082 3.904 -4.399 1.253
P557856 4.140 3.879 -5.497 2.529
P557857 3.998 3.817 -4.523 0.940
P557859 4.185 3.963 -4.624 1.419
P557860 4.392 3.980 -3.977 1.136
P557861 4.370 3.737 -4.848 1.618
P557863 4.302 4.071 -4.479 0.822
P557865 4.030 3.918 -4.837 1.667
P557866 4.247 3.822 -4.610 1.217
P557871 4.158 3.905 -4.562 0.776
P557873 4.249 3.904 -5.434 1.346
P557874 4.226 4.014 -5.410 1.542
P557875 4.087 3.918 -4.986 1.406
P557877 4.444 4.187 -4.579 1.333
P557879 4.173 3.786 -5.115 1.645
P557882 4.373 3.854 -4.420 1.784
P557883 4.097 3.867 -4.806 1.318
P557885 4.410 4.022 -4.780 1.774
P557888 4.322 3.900 -4.635 0.674
P557889 4.173 3.621 -4.979 1.004
P557890 4.590 3.812 -4.304 2.208
P557891 4.378 4.136 -4.651 0.927
P557895 4.350 4.118 -3.791 1.166
P557897 4.356 3.915 -4.926 1.776
P557898 4.492 4.016 -5.071 2.211
P557899 4.477 4.347 -3.883 0.599
P557900 4.319 4.146 -4.007 0.700
P557901 4.376 3.767 -5.126 1.947
P557902 4.319 3.732 -4.948 1.996
P557903 4.386 3.946 -4.190 1.321
P557904 4.509 3.742 -5.188 1.437
P557905 4.253 3.785 -5.491 1.447
P557907 4.163 4.225 -3.679 1.219
P557908 4.444 4.211 -4.663 1.186
P557910 4.277 4.186 -4.693 0.897
P557911 4.457 4.177 -4.194 1.469
P557913 4.484 4.106 -5.394 1.414
P557915 4.615 3.943 -4.660 1.843
P557916 4.211 4.042 -4.698 0.833
P557917 4.432 4.243 -4.635 1.018
P557918 4.179 3.927 -5.242 1.334
P557920 4.078 3.707 -4.010 1.762
P557921 4.279 3.937 -4.567 1.522
P557922 4.338 4.050 -4.634 1.785
P557923 4.221 3.894 -4.562 1.530
P557924 4.368 3.995 -4.694 1.487
P557925 4.015 3.824 -4.576 2.030
P557926 4.212 3.868 -4.669 1.569
P557927 4.190 4.073 -4.648 1.752
P557928 4.325 3.997 -4.683 1.817
P557929 4.169 3.800 -4.343 1.848
P557930 4.205 4.076 -4.704 1.899
P557931 4.349 4.241 -4.491 1.491
P557932 4.313 3.985 -4.855 1.064
P557933 4.405 4.138 -4.782 1.648
P557934 3.948 3.614 -4.892 1.190
P557935 4.177 3.683 -3.829 1.235
P557936 4.354 4.270 -4.625 1.599
P557937 4.137 3.833 -4.725 1.329
P557938 3.816 4.014 -4.869 1.169
P557939 4.369 4.040 -4.798 1.421
P557940 4.291 4.047 -4.651 1.266
P557941 4.225 3.957 -4.733 1.652
P557942 3.955 3.643 -4.516 1.602
P557943 4.122 3.794 -4.606 1.613
P557945 4.055 4.114 -3.746 1.816
P557946 3.826 3.869 -4.616 1.180
P557947 4.152 3.925 -4.425 1.613
P557948 4.243 3.785 -4.743 1.804
P557949 4.026 3.742 -4.452 1.166
P557951 3.915 3.791 -4.396 1.129
P557952 3.693 3.635 -5.296 1.346
P557953 3.868 3.841 -4.948 1.101
P557954 3.972 3.610 -4.872 0.772
P557955 4.227 3.788 -4.753 1.658
P557957 3.648 3.673 -4.942 0.639
P557958 3.874 3.667 -5.248 1.280
P557960 3.813 3.342 -4.464 1.137
P557961 3.942 3.884 -4.444 1.175
P557962 4.083 3.889 -4.229 1.705
P557965 4.058 4.024 -5.296 1.300
P557966 3.948 3.905 -5.083 1.244
P557967 3.996 3.649 -4.909 1.676
P557969 4.073 3.508 -5.575 2.157
P557971 4.208 4.097 -4.400 1.526
P557972 4.327 4.221 -4.293 1.363
P557973 4.700 3.937 -3.746 2.690
P557974 4.327 3.978 -5.003 1.295
P557975 4.490 4.102 -4.936 1.077
P557976 4.264 4.097 -4.563 1.790
P557977 4.201 4.083 -4.724 1.632
P557978 4.412 4.082 -4.858 1.165
P557979 4.499 3.795 -5.118 2.159
P557980 4.208 4.170 -3.721 1.204
P557983 4.489 3.986 -4.749 2.351
P557984 4.209 3.626 -3.841 1.978
P557985 4.115 3.917 -5.181 1.288
P557986 4.457 3.987 -3.592 1.613
P557987 4.496 3.982 -3.976 1.436
P557988 4.464 4.052 -4.762 1.744
P557989 4.011 3.777 -4.398 2.088
P557990 4.310 3.928 -4.217 1.463
P557991 4.047 4.010 -4.750 1.359
P557992 4.350 3.893 -4.413 1.591
P557993 4.134 3.612 -4.604 1.118
P557994 4.549 4.060 -5.068 1.829
P557995 4.066 3.908 -5.423 0.847
P557996 4.102 3.919 -4.756 0.949
P557997 4.184 3.919 -4.568 1.204
P557998 4.216 3.875 -4.615 1.267
P557999 4.220 4.013 -4.333 1.243
P558000 4.232 3.865 -4.964 2.276
P558001 4.227 4.043 -4.267 1.347
P558002 4.211 3.915 -4.358 1.354
P558003 4.340 4.048 -4.411 0.728
P558004 4.326 3.950 -4.625 1.695
P558005 4.276 4.017 -4.500 1.012
P558006 3.935 3.617 -4.289 0.919
P558007 4.216 3.956 -4.559 1.186
P558008 4.422 4.129 -4.536 1.441
P558009 4.209 3.907 -4.422 1.451
P558010 4.263 3.989 -4.485 1.307
P558011 4.179 3.930 -4.137 1.153
P558012 4.037 3.810 -4.065 1.795
P558013 4.212 3.871 -4.242 1.705
P558014 3.968 3.814 -5.021 1.197
P558015 4.189 3.859 -4.731 1.234
P558016 3.998 3.820 -4.313 1.811
P558017 3.815 3.616 -4.232 0.991
P558018 4.044 3.776 -4.376 1.403
P558019 3.884 3.708 -4.329 0.954
P558020 3.871 3.573 -4.233 0.682
P558021 3.822 3.537 -4.241 1.315
P558022 3.942 3.658 -4.215 0.876
P558023 3.846 3.386 -4.193 0.718
P558025 4.112 3.665 -3.797 0.486
P558026 3.872 3.537 -4.476 1.265
P558027 3.881 3.626 -4.424 1.254
P558028 3.978 3.667 -4.245 1.099
P558029 4.168 3.972 -4.708 1.258
P558030 4.319 4.208 -5.262 1.501
P558031 4.086 3.712 -5.323 1.155
P558032 4.294 4.114 -4.712 1.279
P558033 3.787 3.669 -5.047 1.501
P558034 4.025 3.767 -4.978 1.436
P558036 3.868 3.828 -5.150 1.083
P558037 4.077 3.710 -3.761 1.880
P558039 4.096 3.693 -4.048 2.762
P558040 3.914 3.784 -4.145 1.216
P558041 3.911 3.768 -4.715 1.007
P558042 4.159 3.977 -4.890 1.502
P558043 3.689 3.592 -4.876 1.030
P558044 4.201 3.703 -4.656 1.641
P558046 3.896 3.753 -4.836 0.837
P558047 4.017 3.618 -4.377 1.167
P558049 4.013 3.810 -4.549 1.290
P558050 4.038 3.846 -5.429 1.162
P558051 3.978 3.745 -5.270 1.081
P558052 3.873 3.640 -4.934 0.851
P558053 4.306 3.819 -4.427 2.073
P558054 3.990 3.761 -5.012 0.985
P558055 3.940 3.856 -5.366 1.045
P558056 3.890 3.876 -5.261 0.861
P558057 4.044 3.919 -4.574 0.392
P558058 3.855 3.573 -4.904 1.808
P558059 4.019 3.647 -4.970 1.440
P558060 3.872 3.902 -4.720 0.801
P558061 4.014 3.729 -5.017 0.869
P558062 4.061 3.856 -5.464 1.103
P558063 3.986 3.879 -5.335 1.120
P558064 4.574 3.832 -4.526 1.989
P558065 3.756 3.613 -4.563 1.376
P558066 4.075 4.030 -4.437 1.411
P558067 4.203 4.048 -4.888 1.064
P558068 4.078 3.893 -4.976 1.913
P558069 4.108 3.921 -4.842 0.927
P558070 4.114 4.056 -4.850 1.312
P558071 4.124 3.851 -4.527 1.389
P558072 4.233 4.125 -4.910 1.252
P558073 4.424 3.934 -4.464 1.387
P558074 4.108 3.745 -4.435 1.467
P558075 4.103 4.033 -4.404 1.512
P558076 4.292 3.857 -4.471 1.069
P558077 4.408 4.037 -4.104 1.140
P558078 4.238 3.821 -4.477 1.778
P558079 3.938 3.503 -4.771 1.264
P558080 4.141 3.885 -4.996 1.723
P558082 3.953 3.911 -4.121 1.333
P558084 4.195 3.799 -4.193 1.604
P558085 4.254 3.638 -4.287 1.907
P558086 4.389 4.241 -3.843 1.523
P558087 4.040 3.590 -4.449 1.991
P558088 3.794 3.830 -5.145 1.543
P558089 4.118 3.647 -3.798 1.590
P558090 4.154 3.873 -4.973 1.843
P558091 4.429 4.199 -4.874 1.805
P558092 4.389 4.141 -5.101 1.377
P558094 4.299 4.063 -4.840 1.048
P558095 3.940 3.593 -4.203 0.818
P558096 4.323 4.093 -5.008 1.550
P558097 4.679 4.075 -4.712 2.274
P558098 4.335 4.095 -4.355 0.938
P558099 4.221 3.949 -4.709 1.523
P558100 4.195 3.843 -4.593 0.838
P558101 3.882 3.797 -4.248 1.065
P558103 4.061 4.127 -3.909 1.291
P558104 4.178 3.889 -4.520 1.463
P558105 4.134 3.692 -5.430 1.323
P558106 4.213 3.787 -5.042 1.782
P558107 4.159 3.912 -4.436 1.161
P558108 4.361 4.059 -4.604 0.942
P558109 4.087 3.928 -4.682 0.826
P558110 4.298 4.016 -4.992 1.085
P558111 4.319 4.068 -4.933 1.828
P558112 4.040 3.781 -4.625 0.820
P558113 4.247 3.733 -4.467 1.394
P558114 3.941 3.674 -4.533 1.311
P558116 4.142 3.759 -4.687 1.107
P558117 4.118 3.853 -5.123 2.245
P558118 4.436 3.855 -3.892 1.654
P558119 4.319 4.029 -4.118 1.976
P558120 4.226 3.870 -4.327 1.194
P558121 4.087 3.843 -4.733 1.416
P558122 4.355 4.110 -4.632 1.383
P558124 4.103 4.026 -4.904 1.039
P558125 4.268 3.990 -5.250 1.681
P558127 4.248 4.016 -5.232 2.188
P558128 4.276 4.060 -5.038 1.322
P558129 4.284 3.911 -4.218 1.670
P558130 4.240 3.917 -4.147 1.599
P558131 4.339 4.031 -4.120 1.231
P558132 4.196 3.841 -3.556 1.449
P558133 4.143 3.777 -4.402 1.861
P558134 4.333 4.034 -4.776 1.585
P558135 4.149 4.085 -3.723 1.942
P558137 4.036 3.621 -4.277 1.627
P558138 4.101 3.718 -4.551 1.506
P558139 4.000 3.685 -4.643 1.357
P558140 4.269 3.976 -4.267 1.942
P558141 4.333 3.931 -4.385 1.426
P558142 4.408 4.298 -4.072 1.284
P558143 4.152 4.030 -4.095 1.683
P558144 4.294 3.725 -4.557 2.109
P558145 4.278 4.189 -4.190 1.739
P558146 4.234 4.045 -4.176 1.662
P558147 4.028 3.750 -3.768 0.879
P558148 4.135 3.554 -4.418 0.985
P558149 4.276 4.145 -4.644 1.248
P558151 4.303 4.147 -4.585 1.380
P558152 4.383 4.094 -5.076 1.559
P558153 4.213 3.784 -4.900 1.513
P558154 4.257 3.954 -5.428 1.338
P558155 4.510 4.306 -4.146 1.495
P558156 4.227 4.117 -4.149 1.539
P558157 4.426 3.749 -4.915 2.168
P558159 4.195 3.794 -4.439 1.706
P558160 4.249 4.291 -5.059 1.420
P558161 4.259 4.013 -4.341 1.524
P558162 4.255 4.048 -4.721 1.378
P558164 4.166 3.817 -4.615 2.157
P558165 4.179 3.875 -4.452 2.117
P558166 4.223 4.221 -4.319 1.237
P558167 3.989 3.922 -5.043 1.374
P558168 3.980 3.867 -3.708 1.477
P558169 4.225 4.370 -2.645 1.335
P558170 4.215 3.750 -4.535 1.706
P558171 4.358 4.023 -4.668 2.012
P558173 4.367 4.040 -4.339 1.339
P558174 3.993 3.606 -4.674 1.287
P558175 4.413 4.043 -4.464 1.770
P558176 4.501 4.283 -4.158 1.496
P558177 4.289 4.229 -3.943 0.380
P558178 4.142 3.848 -3.963 2.848
P558179 4.089 3.708 -4.267 1.429
P558180 4.331 3.972 -4.161 1.775
P558181 4.253 3.904 -4.376 1.108
P558182 4.192 3.804 -4.606 0.879
P558183 4.146 3.862 -4.052 1.533
P558184 4.395 4.319 -4.026 0.666
P558185 4.325 4.016 -4.347 1.682
P558186 4.365 3.960 -4.490 1.324
P558187 4.415 4.248 -4.347 1.704
P558188 4.122 3.695 -4.161 1.651
P558190 4.162 3.887 -4.669 1.610
P558191 4.322 4.034 -4.242 1.544
P558192 4.315 3.927 -4.573 1.355
P558193 4.332 4.076 -4.668 1.667
P558194 4.251 4.008 -4.748 1.787
P558195 4.339 4.024 -4.668 1.428
P558196 3.994 3.723 -4.566 1.616
P558197 4.232 3.966 -5.064 1.345
P558199 3.826 3.414 -5.134 1.039
P558200 4.098 3.809 -4.714 1.449
P558201 4.096 3.665 -5.125 0.967
P558202 4.332 3.838 -4.289 1.681
P558203 4.312 3.921 -4.273 1.069
P558205 4.163 3.955 -4.675 1.238
P558206 4.378 4.230 -4.948 1.347
P558207 4.219 3.869 -5.351 2.067
P558208 4.098 3.820 -4.801 0.836
P558210 4.355 3.995 -4.675 1.289
P558211 4.238 3.963 -4.760 1.212
P558212 4.420 4.154 -4.756 1.293
P558214 4.325 4.026 -4.547 2.097
P558215 4.360 4.010 -4.722 1.707
P558216 4.180 3.729 -4.474 1.070
P558217 4.390 4.132 -3.379 2.156
P558218 4.377 4.124 -4.720 1.932
P558219 4.420 4.177 -4.680 1.443
P558220 4.229 3.988 -4.642 1.814
P558221 4.464 4.308 -4.683 1.788
P558222 4.241 3.902 -4.817 1.764
P558223 4.169 4.172 -4.440 1.235
P558225 4.045 4.072 -4.475 1.287
P558226 3.998 3.875 -4.986 1.105
P558227 4.261 3.975 -4.651 1.811
P558228 4.326 4.096 -4.735 1.214
P558229 4.360 4.110 -4.691 1.239
P558230 3.773 3.550 -5.289 1.016
P558231 4.179 3.876 -4.776 1.238
P558232 3.974 3.670 -4.563 1.595
P558234 4.123 3.858 -4.417 1.653
P558235 4.066 4.230 -3.815 1.321
P558236 4.342 4.083 -4.676 1.209
P558237 4.304 4.158 -4.752 1.365
P558239 4.416 4.120 -4.037 1.799
P558240 4.332 4.040 -4.105 1.834
P558241 4.449 4.047 -4.236 1.573
P558242 4.514 3.990 -4.265 1.383
P558243 4.296 3.957 -4.458 1.998
P558244 4.466 4.181 -4.157 1.983
P558245 4.646 4.236 -4.064 1.827
P558246 4.508 4.113 -4.153 1.933
P558247 4.575 3.985 -4.448 1.313
P558248 4.547 4.146 -5.181 2.008
P558249 4.314 3.934 -4.188 1.751
P558250 4.479 4.107 -4.234 1.923
P558251 4.520 4.347 -4.127 1.827
P558252 4.268 3.771 -4.762 2.075
P558253 4.365 4.106 -4.138 2.161
P558254 4.293 3.974 -3.605 1.831
P558255 4.525 4.030 -3.969 1.714
P558257 4.328 4.037 -4.113 1.465
P558258 4.170 4.135 -4.337 1.571
P558259 4.458 3.764 -4.131 1.821
P558260 4.330 4.141 -4.399 1.864
P558262 4.400 4.310 -4.188 2.032
P558263 4.539 4.016 -4.294 1.621
P558264 4.543 4.317 -4.220 1.658
P558265 4.545 4.322 -4.243 1.768
P558266 4.289 3.837 -4.268 2.021
P558267 4.124 4.049 -4.877 1.883
P558268 4.415 3.928 -3.865 1.953
P558270 4.607 4.032 -3.694 1.753
P558271 4.493 4.062 -4.155 1.738
P558272 4.150 3.746 -4.298 1.328
P558273 4.441 3.750 -4.458 2.167
P558275 4.202 3.907 -4.244 1.318
P558277 4.248 4.010 -4.426 1.408
P558279 4.367 3.886 -4.492 2.137
P558280 4.235 3.754 -4.278 2.010
P558281 4.208 4.081 -4.653 1.399
P558282 4.118 4.020 -4.966 1.650
P558283 4.191 4.050 -4.874 1.153
P558284 4.220 3.742 -4.031 1.141
P558285 4.132 3.990 -3.935 1.316
P558286 4.308 3.865 -3.812 1.460
P558287 4.214 4.094 -4.856 0.873
P558288 4.427 4.106 -4.929 1.428
P558289 3.865 3.790 -4.748 0.826
P558290 4.235 3.968 -4.701 0.974
P558291 4.298 3.894 -4.183 1.216
P558292 4.139 4.086 -5.377 2.211
P558293 4.201 4.134 -4.722 1.240
P558294 4.025 3.849 -4.615 0.943
P558295 3.727 3.660 -4.195 1.445
P558296 4.218 3.820 -4.321 1.116
P558298 4.263 4.098 -4.955 1.661
P558299 4.615 4.232 -4.139 2.026
P558300 4.342 4.080 -5.128 1.755
P558301 4.249 4.019 -4.902 2.016
P558302 4.574 4.213 -4.272 1.929
P558303 4.546 4.027 -5.157 1.765
P558304 4.280 4.145 -4.999 1.623
P558305 4.656 4.055 -4.423 1.473
P558306 4.517 4.041 -4.796 1.474
P558307 4.525 3.935 -4.422 1.459
P558308 4.578 4.001 -3.922 2.178
P558309 4.056 3.664 -5.274 1.803
P558311 4.272 3.693 -3.650 1.162
P558312 4.426 4.403 -3.730 1.417
P558313 4.535 4.166 -3.472 1.776
P558315 4.299 4.216 -4.993 1.898
P558316 4.489 4.140 -5.051 1.606
P558318 4.290 3.965 -4.966 2.207
P558319 4.496 4.117 -4.998 1.458
P558320 3.861 4.112 -4.134 1.447
P558321 4.397 4.012 -3.583 1.931
P558322 4.594 4.117 -4.527 2.469
P558323 4.202 3.910 -5.059 1.409
P558324 4.170 4.132 -4.655 1.449
P558325 4.146 4.033 -4.978 1.221
P558326 4.178 4.057 -4.549 1.394
P558327 3.789 3.612 -5.120 1.769
P558328 4.403 3.867 -4.516 1.477
P558329 3.783 3.718 -4.640 0.637
P558330 4.454 4.086 -4.129 1.804
P558331 4.166 4.008 -3.246 1.515
P558332 4.121 3.853 -4.098 1.266
P558333 4.173 3.974 -3.904 3.069
P558334 4.198 4.369 -3.883 1.336
P558336 4.132 3.802 -4.184 2.026
P558337 4.455 4.138 -4.738 1.648
P558338 4.344 3.934 -5.325 2.453
P558339 4.200 3.891 -4.542 1.158
P558340 4.338 4.199 -5.032 1.610
P558341 4.280 3.917 -4.897 1.686
P558342 4.274 3.917 -4.933 1.563
P558343 4.387 4.039 -4.338 1.878
P558344 4.394 4.120 -3.741 1.303
P558345 3.898 3.513 -4.717 1.927
P558347 4.333 3.943 -3.881 1.366
P558348 4.159 3.780 -4.844 1.513
P558349 4.099 3.751 -4.342 0.864
P558350 4.119 4.045 -4.415 1.288
P558352 4.178 3.983 -5.054 1.786
P558353 4.276 3.821 -4.749 2.025
P558355 4.342 3.899 -4.226 1.482
P558356 4.233 3.792 -4.039 1.816
P558357 3.993 3.920 -4.615 0.901
P558358 4.136 3.919 -4.920 1.447
P558359 4.236 4.087 -4.372 1.102
P558360 4.133 4.069 -4.534 0.859
P558361 4.099 4.012 -4.561 1.207
P558362 4.229 3.952 -4.217 0.645
P558363 4.050 3.948 -5.706 2.444
P558364 4.179 3.881 -4.984 1.929
P558365 4.266 3.763 -4.302 2.823
P558366 4.013 3.863 -4.654 1.378
P558367 4.402 3.811 -4.469 1.576
P558368 4.242 4.020 -4.280 1.454
P558369 4.280 3.863 -4.823 1.797
P558370 4.053 4.002 -4.902 1.067
P558371 4.338 4.099 -4.886 0.807
P558372 4.262 4.200 -4.600 1.286
P558373 4.164 3.877 -5.153 2.215
P558374 4.110 3.655 -4.517 0.925
P558376 4.325 4.160 -4.655 1.297
P558377 4.374 3.994 -4.993 1.535
P558379 4.387 4.176 -5.115 1.433
P558380 4.288 4.066 -4.707 0.768
P558381 3.968 3.820 -4.731 0.569
P558382 4.337 4.121 -4.908 1.579
P558383 4.237 4.031 -3.848 1.331
P558384 4.172 3.960 -3.700 1.944
P558385 3.870 3.676 -5.017 1.649
P558386 4.136 3.603 -5.204 1.038
P558387 4.399 4.223 -5.004 1.325
P558389 4.275 3.916 -5.352 1.949
P558390 4.177 3.720 -4.863 0.985
P558393 4.362 3.924 -5.459 1.617
P558395 4.270 3.994 -4.647 1.314
P558396 4.095 3.845 -4.777 1.410
P558397 4.401 4.148 -5.216 1.312
P558399 4.332 4.074 -4.938 1.373
P558400 4.165 3.930 -4.633 0.914
P558401 4.192 4.027 -4.724 1.306
P558403 4.218 3.913 -4.337 1.795
P558404 4.365 4.016 -4.158 1.383
P558405 4.221 3.746 -4.170 1.806
P558406 4.367 3.991 -4.252 1.508
P558407 4.408 4.013 -4.319 1.754
P558408 4.370 4.198 -4.781 1.472
P558409 4.135 3.922 -5.056 1.356
P558410 4.227 3.992 -4.492 1.416
P558411 4.212 4.106 -4.959 1.702
P558412 4.351 3.789 -3.847 1.605
P558413 4.038 3.876 -4.963 1.496
P558414 4.242 3.981 -3.891 1.945
P558415 3.916 3.518 -4.906 1.306
P558416 4.391 3.992 -4.492 1.211
P558417 4.184 3.858 -5.129 2.094
P558418 4.196 3.943 -4.763 1.116
P558419 3.892 3.741 -4.364 1.292
P558420 4.244 4.096 -4.257 1.460
P558421 4.121 3.883 -4.760 1.156
P558422 4.227 3.759 -4.698 2.018
P558424 4.295 3.681 -4.151 1.961
P558425 4.269 3.881 -4.526 1.293
P558427 4.277 3.889 -3.941 1.401
P558428 4.280 3.904 -4.369 1.409
P558429 4.283 3.771 -3.930 2.194
P558431 4.647 4.190 -4.442 1.250
P558432 4.171 3.879 -4.477 0.877
P558433 4.330 3.922 -4.494 1.183
P558434 3.922 3.734 -4.551 1.830
P558435 4.409 3.929 -4.349 1.450
P558436 4.425 3.930 -4.321 1.723
P558437 4.561 4.066 -4.198 1.206
P558438 4.619 3.972 -3.937 2.339
P558439 4.117 3.920 -4.727 1.277
P558440 3.912 3.890 -4.636 1.457
P558442 4.182 3.752 -4.783 1.235
P558443 4.062 4.182 -3.800 1.302
P558445 4.095 3.879 -4.811 1.204
P558447 4.244 3.804 -3.974 2.048
P558448 4.413 4.130 -4.310 1.814
P558449 4.502 4.155 -4.026 1.154
P558450 4.166 3.879 -4.505 1.172
P558451 4.011 3.883 -4.609 1.403
P558452 4.203 4.103 -4.707 0.917
P558453 4.363 4.120 -4.667 0.940
P558454 4.086 3.943 -4.827 1.131
P558455 4.309 3.951 -4.722 0.809
P558456 4.330 4.064 -5.140 1.772
P558457 4.256 4.003 -4.804 1.463
P558458 4.187 3.607 -3.519 1.679
P558459 4.459 4.410 -4.081 1.550
P558460 4.059 3.852 -4.707 0.911
P558461 4.339 4.263 -3.510 1.158
P558462 4.365 4.223 -4.357 1.509
P558464 4.235 3.862 -4.634 1.035
P558465 4.378 4.088 -4.402 1.999
P558466 4.344 4.014 -5.253 0.973
P558467 4.382 4.039 -4.231 1.320
P558468 4.295 3.943 -4.295 1.328
P558469 4.403 4.054 -5.021 1.034
P558471 3.968 3.638 -4.279 1.563
P558472 4.373 4.335 -3.858 1.117
P558473 4.266 3.866 -4.601 0.927
P558474 4.262 3.854 -4.240 1.474
P558475 4.387 4.177 -4.949 1.233
P558476 4.406 3.863 -3.952 1.369
P558477 4.303 4.156 -4.140 1.279
P558478 4.265 4.162 -4.552 1.747
P558479 4.086 3.730 -4.645 1.474
P558481 4.107 3.683 -3.814 1.024
P558483 4.364 3.960 -3.854 1.652
P558484 4.047 3.608 -4.902 1.865
P558485 4.146 3.830 -4.449 1.475
P558486 4.096 3.929 -4.629 1.282
P558487 4.198 3.922 -3.954 1.380
P558488 4.228 4.205 -4.701 1.419
P558489 4.239 3.986 -5.125 1.677
P558491 4.201 3.860 -4.636 1.698
P558492 4.198 3.735 -4.668 2.176
P558494 4.218 3.568 -4.718 1.826
P558495 4.339 4.141 -4.956 1.313
P558496 4.415 4.175 -4.275 1.216
P558497 4.361 3.879 -4.300 1.555
P558498 4.537 4.226 -4.608 1.734
P558499 4.577 4.157 -4.544 1.202
P558501 4.414 4.223 -5.055 1.568
P558502 4.366 3.897 -4.221 1.439
P558503 4.556 3.963 -3.385 1.625
P558504 4.562 3.997 -4.116 1.849
P558505 4.074 3.890 -4.318 0.846
P558506 4.590 4.010 -4.363 2.680
P558507 4.423 4.380 -3.668 1.477
P558509 4.391 4.081 -4.650 2.053
P558510 4.307 4.130 -4.671 1.379
P558511 4.314 3.626 -4.892 1.483
P558513 4.334 3.918 -3.861 1.410
P558514 4.227 3.880 -4.033 1.555
P558515 4.322 4.166 -4.118 1.458
P558516 4.371 3.908 -4.663 1.595
P558517 4.537 4.301 -4.313 1.856
P558518 4.449 4.258 -4.003 2.001
P558519 4.375 3.615 -4.597 1.947
P558520 4.832 4.017 -3.918 2.063
P558521 4.324 3.884 -3.791 1.463
P558522 4.281 3.886 -5.026 1.518
P558523 4.324 4.193 -4.211 1.470
P558524 4.703 4.222 -4.204 1.821
P558525 4.177 3.756 -4.148 1.155
P558526 4.507 4.266 -5.036 1.407
P558527 4.291 4.125 -4.090 2.188
P558528 4.269 3.847 -4.005 1.533
P558529 4.451 4.084 -4.531 2.126
P558530 3.949 3.941 -3.997 1.642
P558531 4.330 4.209 -4.111 2.022
P558532 4.098 4.005 -4.421 1.319
P558533 4.464 3.933 -4.169 1.686
P558534 4.545 4.019 -4.307 1.426
P558535 4.338 4.387 -4.314 1.422
P558537 4.359 4.266 -4.266 1.673
P558538 4.312 4.105 -5.167 1.569
P558539 4.437 4.155 -4.708 1.510
P558540 4.294 4.163 -4.247 1.771
P558541 4.341 4.187 -4.762 1.726
P558542 4.305 3.845 -4.076 1.467
P558543 4.389 4.159 -2.964 3.825
P558544 4.193 4.053 -4.517 1.374
P558545 3.687 3.776 -5.424 0.871
P558546 4.155 3.784 -4.469 0.892
P558547 4.535 3.962 -3.524 1.685
P558548 4.208 4.009 -4.328 1.946
P558549 4.465 4.164 -4.407 1.853
P558550 4.362 4.294 -4.224 1.690
P558551 4.257 4.232 -4.231 1.846
P558552 3.981 3.923 -4.192 1.737
P558553 4.332 4.046 -3.888 1.485
P558554 4.377 4.277 -4.277 1.339
P558555 4.343 4.111 -5.143 1.937
P558556 4.489 4.156 -4.247 1.401
P558557 4.683 4.224 -4.621 1.091
P558558 3.992 3.981 -4.250 1.751
P558559 4.391 4.162 -4.173 1.505
P558560 4.351 4.007 -5.198 1.840
P558561 4.418 4.359 -3.997 0.540
P558562 4.280 3.933 -4.724 2.125
P558563 4.448 4.044 -4.497 1.269
P558565 4.236 3.751 -4.915 2.022
P558566 3.893 3.836 -4.853 1.991
P558567 4.344 4.023 -4.063 1.273
P558569 4.265 4.012 -4.914 1.440
P558570 4.338 3.976 -4.312 1.081
P558571 4.205 4.193 -3.965 0.211
P558573 4.367 4.264 -4.100 1.979
P558574 4.544 4.331 -4.363 1.287
P558575 4.374 4.231 -4.117 1.538
P558576 4.062 3.998 -4.086 1.809
P558577 4.173 3.872 -4.019 1.609
P558578 4.026 3.663 -4.102 1.823
P558580 4.426 4.135 -5.205 1.244
P558581 4.351 4.112 -4.117 1.881
P558582 4.217 3.883 -4.447 1.785
P558583 4.485 4.209 -4.226 1.304
P558584 4.308 4.146 -4.246 2.065
P558585 4.290 4.287 -4.028 1.390
P558587 4.163 4.040 -4.729 1.495
P558588 4.062 3.832 -3.980 2.020
P558589 4.365 3.917 -3.722 1.412
P558590 4.320 4.054 -5.053 1.891
P558591 4.135 3.768 -5.146 0.710
P558592 3.850 3.671 -5.203 1.830
P558593 4.309 4.111 -4.964 1.560
P558594 4.009 3.780 -5.292 1.209
P558595 4.226 3.891 -5.419 1.642
P558596 4.294 4.192 -4.732 1.475
P558598 4.237 3.932 -4.424 1.694
P558599 4.067 3.864 -3.869 1.297
P558600 4.374 3.884 -4.773 1.427
P558602 4.410 4.167 -5.134 1.628
P558603 3.826 3.763 -4.797 1.395
P558604 4.208 3.939 -4.843 0.992
P558605 4.476 4.240 -4.723 1.210
P558606 4.495 4.287 -4.671 0.991
P558607 4.355 4.158 -4.739 0.878
P558608 4.194 3.948 -4.682 1.067
P558609 4.323 4.117 -4.624 0.878
P558610 4.312 4.060 -4.712 1.276
P558611 4.338 4.086 -4.743 1.059
P558612 4.157 3.990 -4.568 1.235
P558613 4.378 4.075 -4.284 0.569
P558614 4.237 4.022 -4.936 1.563
P558615 4.385 4.126 -4.777 1.263
P558616 4.455 4.209 -4.871 1.239
P558617 4.300 4.066 -5.419 0.850
P558618 4.064 3.944 -4.777 0.950
P558619 4.236 3.940 -4.727 1.673
P558620 4.071 3.841 -3.822 1.315
P558621 3.976 3.690 -4.366 1.675
P558622 3.897 3.583 -4.128 1.723
P558623 4.183 3.847 -4.220 1.186
P558624 4.026 3.698 -4.183 1.226
P558625 4.339 3.935 -4.613 1.381
P558626 4.163 3.822 -4.151 1.657
P558627 4.169 3.987 -4.100 1.751
P558628 3.935 3.571 -3.747 1.693
P558629 4.073 3.783 -4.534 2.162
P558630 4.106 3.839 -4.387 1.125
P558632 4.180 4.009 -4.499 1.252
P558633 4.341 4.161 -4.398 0.694
P558635 3.973 3.420 -4.640 1.252
P558636 4.246 4.243 -4.259 1.187
P558638 4.078 3.658 -4.705 1.719
P558640 4.118 3.537 -3.987 1.966
P558641 4.012 3.649 -3.901 1.797
P558643 4.044 3.956 -4.215 1.484
P558644 4.155 3.881 -4.034 1.889
P558646 4.220 3.892 -3.562 1.529
P558647 3.928 3.686 -4.579 1.650
P558648 3.798 3.456 -5.471 1.975
P558649 4.219 3.896 -4.443 1.944
P558650 4.076 3.758 -4.589 2.396
P558651 4.342 4.142 -4.136 1.910
P558653 4.082 3.945 -3.712 1.781
P558654 4.252 3.495 -3.808 2.017
P558655 4.049 3.904 -4.940 1.785
P558656 4.388 4.145 -5.170 1.414
P558657 4.263 4.045 -4.163 1.161
P558658 4.154 3.756 -4.295 1.130
P558659 4.032 3.921 -4.608 1.331
P558660 4.120 3.876 -4.700 0.935
P558661 4.244 4.034 -5.099 1.178
P558662 4.216 4.027 -4.833 0.826
P558663 4.135 3.889 -4.746 0.804
P558664 3.967 3.798 -4.616 1.354
P558665 4.113 3.719 -5.536 1.339
P558666 3.789 3.721 -4.646 1.355
P558667 4.125 3.884 -4.741 1.319
P558668 4.067 3.922 -5.065 1.570
P558669 3.916 3.737 -4.328 0.950
P558670 4.384 3.939 -4.756 0.965
P558671 4.399 4.193 -4.469 2.264
P558673 4.154 3.614 -5.670 1.581
P558674 4.239 4.018 -4.347 1.057
P558675 4.150 3.902 -4.764 1.498
P558677 4.342 4.301 -4.069 1.208
P558678 4.370 3.885 -4.329 2.192
P558679 4.636 4.186 -5.158 2.230
P558680 4.357 4.160 -4.455 1.921
P558681 4.467 4.153 -3.987 1.693
P558683 4.454 4.297 -4.345 1.358
P558684 4.358 3.852 -4.378 1.954
P558686 4.165 3.889 -4.873 1.353
P558687 4.188 3.745 -4.151 1.068
P558689 4.298 4.067 -4.374 1.852
P558690 4.050 3.991 -4.429 2.007
P558691 4.378 4.068 -3.913 1.687
P558692 4.425 3.985 -5.132 2.232
P558693 4.527 4.151 -4.249 1.820
P558694 4.330 4.057 -3.961 1.479
P558695 4.460 3.991 -4.471 1.231
P558696 4.213 3.862 -5.167 1.592
P558697 4.536 3.963 -4.240 2.299
P558698 4.445 4.161 -4.167 1.392
P558699 4.073 3.903 -5.050 1.436
P558700 4.560 4.069 -3.653 1.607
P558701 4.513 4.116 -4.869 1.630
P558702 4.521 4.096 -4.392 1.141
P558703 4.552 4.260 -4.073 1.158
P558704 4.285 3.825 -3.880 1.532
P558705 4.402 4.129 -4.508 1.521
P558707 4.429 4.081 -4.602 1.698
P558709 4.186 3.705 -4.659 2.003
P558710 4.669 4.206 -4.260 1.299
P558711 4.200 4.089 -4.868 1.195
P558712 4.178 3.998 -4.900 0.805
P558713 4.278 3.915 -4.634 1.916
P558714 4.339 3.948 -4.098 1.593
P558715 4.378 4.256 -4.057 1.488
P558716 4.400 4.256 -4.092 1.418
P558717 4.522 3.979 -4.538 1.370
P558718 4.460 4.298 -4.111 2.122
P558719 4.350 3.960 -4.336 1.183
P558720 4.420 4.190 -4.087 1.931
P558721 4.220 3.948 -4.094 1.702
P558723 4.082 4.020 -4.787 1.638
P558724 4.537 4.313 -4.310 1.276
P558725 4.439 4.066 -5.247 1.724
P558726 4.575 4.136 -4.681 2.066
P558727 4.353 3.947 -5.166 1.787
P558728 4.471 4.247 -3.941 0.655
P558729 4.485 4.358 -3.925 0.667
P558730 4.251 4.277 -4.488 0.809
P558731 4.253 4.064 -5.133 1.840
P558732 4.032 4.144 -4.390 1.367
P558733 4.329 4.310 -3.995 1.402
P558734 4.158 4.273 -4.211 1.824
P558736 4.386 3.872 -4.281 1.729
P558737 4.555 4.200 -4.512 1.157
P558738 4.266 4.067 -4.315 1.954
P558740 4.666 4.045 -3.987 1.764
P558741 4.239 4.154 -4.055 1.723
P558742 4.448 3.944 -3.563 1.552
P558743 4.400 4.140 -3.153 1.401
P558744 4.271 3.862 -3.758 1.715
P558745 4.248 4.125 -4.716 0.969
P558747 4.298 4.013 -4.609 1.099
P558748 3.852 3.673 -5.265 1.644
P558749 3.958 3.890 -5.437 0.830
P558750 4.041 3.933 -4.801 1.148
P558752 4.052 4.012 -3.745 0.139
P558753 3.964 3.752 -5.128 1.147
P558755 4.033 3.748 -4.860 1.150
P558756 4.085 3.759 -5.365 1.739
P558758 3.927 3.850 -4.678 1.104
P558760 4.114 4.014 -4.777 1.067
P558761 4.124 4.119 -4.890 1.167
P558762 3.894 3.653 -4.612 1.493
P558763 4.264 3.922 -4.974 1.264
P558764 3.895 3.598 -4.383 1.637
P558765 4.283 4.146 -4.426 1.411
P558766 4.235 3.905 -5.386 1.230
P558767 4.443 4.135 -4.485 1.255
P558768 4.460 4.257 -4.580 1.031
P558769 4.396 4.136 -4.470 1.267
P558770 4.385 4.263 -4.406 1.546
P558772 4.182 3.921 -4.430 1.481
P558773 4.355 3.823 -4.901 1.914
P558774 4.253 4.212 -4.125 0.795
P558775 3.969 3.961 -4.687 1.178
P558776 4.350 3.945 -4.681 1.351
P558778 4.038 3.652 -3.995 1.468
P558779 4.397 3.946 -4.565 1.336
P558780 4.244 4.155 -4.835 1.456
P558781 4.073 3.924 -4.517 0.969
P558782 3.876 3.924 -4.723 1.433
P558784 4.146 3.980 -4.693 1.140
P558785 4.034 3.915 -4.553 1.452
P558786 4.293 4.073 -5.003 1.242
P558787 4.206 3.957 -4.239 1.368
P558788 4.382 4.270 -4.740 1.479
P558790 4.346 4.156 -4.579 1.356
P558791 4.633 4.334 -3.925 1.055
P558792 4.102 3.759 -4.102 1.228
P558794 3.890 3.866 -4.738 1.345
P558795 4.163 3.968 -4.861 1.331
P558796 4.496 3.964 -5.119 1.053
P558797 4.217 3.962 -4.540 1.279
P558798 4.218 3.898 -4.131 1.269
P558799 4.462 4.134 -4.440 1.732
P558801 3.974 3.633 -5.051 0.649
P558803 4.396 3.895 -4.480 1.540
P558804 4.289 3.935 -4.535 1.220
P558805 4.022 3.683 -4.681 1.066
P558806 4.367 3.942 -3.682 1.624
P558807 3.952 3.762 -4.814 1.296
P558808 4.134 3.831 -4.824 1.272
P558809 4.010 3.529 -4.640 1.049
P558810 3.955 3.742 -4.779 1.598
P558811 4.032 3.860 -4.850 1.238
P558812 4.088 3.928 -4.790 1.038
P558813 4.069 4.045 -4.935 1.687
P558814 4.106 3.768 -4.011 1.494
P558815 3.755 3.558 -4.457 1.262
P558816 3.645 3.355 -5.279 0.949
P558817 4.303 3.874 -5.093 0.895
P558818 4.200 3.877 -4.756 1.598
P558820 3.988 4.097 -4.875 0.959
P558822 4.139 3.744 -4.940 1.675
P558823 4.370 4.031 -4.004 1.671
P558825 4.320 3.807 -4.165 1.684
P558826 4.334 3.875 -4.524 1.146
P558827 4.532 4.188 -4.492 1.661
P558828 4.510 4.096 -4.728 1.085
P558829 4.554 4.248 -4.599 1.281
P558831 4.274 4.255 -4.256 1.522
P558832 4.090 3.852 -4.137 1.247
P558833 4.582 4.036 -4.485 1.424
P558835 4.399 4.128 -4.846 1.787
P558836 4.220 3.979 -4.510 1.216
P558837 4.277 3.893 -4.096 1.973
P558838 4.338 4.036 -4.140 1.288
P558840 3.976 3.695 -4.575 1.380
P558842 4.301 3.978 -4.733 1.577
P558843 4.515 4.196 -4.690 1.086
P558845 4.287 4.135 -4.430 1.334
P558846 4.377 4.030 -4.124 1.016
P558847 4.386 4.071 -4.127 1.482
P558849 4.221 3.686 -3.808 1.583
P558850 4.416 4.072 -4.512 1.544
P558851 4.378 4.046 -4.400 1.542
P558852 4.307 4.182 -3.997 0.682
P558853 4.147 3.786 -4.265 1.715
P558854 4.168 3.975 -4.672 1.465
P558855 4.189 3.713 -4.860 1.050
P558856 4.132 3.752 -5.126 1.429
P558857 4.475 4.185 -4.612 1.225
P558858 4.419 4.021 -4.674 1.769
P558859 4.270 3.887 -4.810 1.931
P558860 4.458 4.404 -4.096 0.788
P558861 4.346 3.813 -4.707 1.242
P558862 4.436 4.258 -4.372 1.052
P558863 4.259 3.866 -4.373 1.250
P558864 4.632 4.301 -4.460 1.614
P558865 4.267 3.782 -5.182 1.432
P558866 4.395 3.910 -4.725 1.823
P558867 4.346 4.101 -4.165 1.419
P558868 4.196 3.753 -4.250 1.479
P558869 4.413 3.969 -3.935 2.003
P558871 4.254 3.974 -4.287 1.231
P558872 4.187 3.837 -4.443 1.595
P558873 4.412 4.174 -4.500 1.303
P558874 4.371 4.137 -5.003 1.917
P558875 4.073 3.855 -4.507 0.972
P558876 4.300 3.965 -5.030 1.000
P558877 4.270 3.957 -4.766 1.277
P558878 4.251 3.934 -4.534 1.106
P558879 4.270 3.997 -5.148 1.403
P558880 4.338 4.027 -4.636 1.256
P558881 4.437 4.154 -4.589 1.201
P558882 4.484 4.295 -4.436 1.214
P558883 4.246 4.064 -4.777 1.377
P558884 3.971 3.732 -4.600 1.198
P558886 3.890 3.766 -4.888 1.209
P558887 4.455 4.227 -4.816 1.191
P558888 4.397 4.169 -4.933 0.900
P558889 4.019 3.875 -4.769 0.862
P558890 4.173 3.963 -4.486 0.885
P558891 4.265 3.947 -4.811 0.801
P558892 4.053 3.930 -4.829 0.902
P558893 4.313 4.161 -4.666 0.806
P558894 4.184 4.030 -4.897 1.183
P558895 4.697 4.531 -3.938 1.286
P558896 4.296 3.991 -4.679 1.392
P558897 4.151 3.927 -4.832 1.381
P558898 4.147 3.999 -4.699 1.059
P558899 4.123 3.967 -5.126 1.411
P558900 4.103 3.923 -4.730 0.844
P558901 3.867 3.784 -4.529 1.386
P558902 4.203 4.009 -4.622 1.131
P558903 4.089 3.809 -4.472 0.891
P558904 4.244 4.059 -4.786 1.206
P558905 4.085 3.913 -4.933 1.765
P558906 4.014 3.956 -4.691 0.499
P558907 3.659 3.553 -4.749 1.650
P558908 4.250 4.059 -4.634 0.896
P558909 3.969 3.968 -4.593 1.412
P558910 4.197 4.033 -4.767 0.997
P558911 4.116 4.008 -4.991 1.399
P558912 4.270 3.935 -4.402 0.879
P558913 4.194 3.762 -5.231 1.430
P558914 4.097 3.926 -5.014 1.431
P558915 4.203 4.127 -4.496 0.763
P558916 4.189 4.114 -4.718 0.982
P558917 4.557 4.264 -4.986 1.385
P558919 4.399 4.122 -4.792 0.941
P558920 4.612 4.039 -4.158 1.851
P558921 4.069 4.115 -3.581 1.357
P558922 4.199 4.021 -4.957 1.399
P558924 3.819 3.746 -4.543 1.319
P558925 4.172 3.825 -4.413 0.899
P558926 4.193 3.889 -4.416 0.802
P558927 4.396 4.007 -5.039 1.808
P558929 4.462 4.262 -4.409 0.751
P558930 4.386 3.995 -5.175 1.687
P558932 4.239 4.107 -4.811 1.152
P558933 4.445 4.159 -4.696 1.229
P558935 3.904 3.633 -4.418 1.814
P558936 4.423 4.149 -4.584 1.248
P558938 4.443 3.809 -4.191 1.439
P558939 4.018 3.799 -5.310 1.382
P558940 4.219 4.051 -4.592 0.829
P558941 4.130 3.858 -4.458 1.176
P558942 4.058 3.753 -4.768 1.424
P558944 4.171 3.865 -4.402 1.898
P558945 4.192 4.152 -4.881 1.590
P558946 4.427 4.155 -4.615 1.340
P558948 4.024 3.739 -5.148 1.742
P558949 4.253 3.804 -5.044 0.675
P558952 4.354 4.154 -4.336 0.385
P558953 4.251 4.019 -4.398 1.293
P558954 4.277 3.758 -4.465 0.902
P558955 4.225 4.020 -4.814 0.837
P558956 4.222 4.055 -4.492 1.283
P558958 4.170 4.002 -5.046 1.578
P558959 4.058 3.858 -5.362 1.239
P558960 4.100 3.824 -5.228 1.954
P558962 4.411 3.872 -4.433 1.561
P558963 4.378 4.157 -4.697 1.343
P558965 4.163 3.889 -5.232 2.042
P558966 4.280 4.155 -4.714 0.764
P558967 3.924 3.890 -4.582 0.680
P558968 4.396 3.939 -3.695 1.770
P558970 4.254 4.194 -4.860 1.510
P558971 4.220 4.049 -4.604 0.817
P558972 4.306 4.125 -4.545 1.288
P558973 4.096 4.092 -5.063 1.182
P558974 4.275 3.976 -4.512 1.590
P558975 4.139 3.922 -4.803 1.123
P558976 4.252 4.054 -4.942 1.412
P558977 4.346 3.816 -4.752 1.433
P558978 4.036 3.694 -5.532 1.508
P558980 4.346 4.086 -3.753 0.983
P558981 4.046 3.871 -5.195 1.061
P558982 3.827 3.755 -4.875 0.844
P558983 4.046 3.896 -4.711 0.852
P558984 4.055 3.902 -4.800 1.294
P558985 3.891 3.672 -4.417 1.155
P558986 3.971 3.830 -4.634 1.763
P558987 4.012 3.648 -4.855 2.042
P558988 4.066 3.861 -4.707 0.953
P558989 3.764 3.591 -4.399 1.380
P558990 3.973 3.870 -4.455 1.559
P558991 4.110 3.873 -4.704 1.448
P558992 4.016 3.711 -4.527 0.995
P558993 4.344 4.254 -5.125 1.399
P558994 4.162 3.993 -4.803 1.423
P558997 4.249 3.847 -5.350 2.132
P558999 4.305 4.079 -5.047 1.501
P559000 4.086 3.948 -4.725 0.924
P559001 4.152 3.962 -5.004 1.319
P559002 4.188 3.995 -4.413 1.389
P559003 4.073 3.916 -4.419 1.174
P559005 4.248 4.295 -3.796 1.301
P559006 4.451 4.016 -4.529 1.793
P559007 4.207 3.878 -3.975 1.096
P559009 4.222 4.033 -4.935 1.616
P559010 4.117 3.791 -5.485 1.856
P559011 4.369 4.006 -4.195 1.371
P559012 4.304 4.030 -4.847 1.211
P559013 4.535 4.334 -4.607 1.299
P559015 4.382 4.201 -4.591 1.452
P559016 4.368 4.261 -4.839 1.374
P559017 4.142 3.688 -4.352 1.011
P559019 3.983 3.383 -4.745 1.297
P559020 4.077 3.865 -4.732 0.750
P559021 3.866 3.724 -4.960 1.351
P559023 4.323 4.178 -4.652 1.467
P559024 4.213 4.227 -4.273 1.074
P559025 4.263 4.227 -4.842 1.096
P559027 4.298 4.008 -4.556 1.229
P559028 4.209 3.995 -5.053 1.292
P559029 4.258 4.172 -4.304 1.201
P559030 3.875 3.694 -4.412 0.969
P559031 4.067 3.907 -5.174 2.508
P559032 4.147 4.161 -4.651 1.170
P559034 4.410 4.019 -4.043 1.213
P559035 4.339 4.148 -3.322 1.438
P559036 4.258 4.074 -4.794 1.329
P559037 4.562 4.304 -4.904 1.491
P559038 4.289 4.171 -4.807 1.286
P559039 4.510 4.436 -4.559 1.661
P559040 4.328 3.948 -4.190 1.237
P559042 4.538 4.224 -4.394 1.923
P559043 4.365 3.930 -4.314 1.309
P559044 4.541 4.235 -4.368 1.096
P559045 4.208 4.127 -4.603 1.474
P559046 4.173 3.965 -4.454 1.347
P559047 4.223 4.129 -4.465 0.990
P559048 4.512 4.267 -4.543 1.054
P559049 4.355 4.080 -4.949 1.504
P559050 4.220 4.186 -4.788 1.875
P559051 4.327 4.132 -4.390 1.060
P559052 4.352 4.109 -4.372 1.309
P559053 4.211 3.780 -4.169 1.127
P559054 4.373 4.099 -4.518 1.553
P559055 4.239 3.986 -4.663 1.381
P559056 4.424 4.143 -4.740 1.010
P559057 3.986 4.030 -4.500 1.564
P559058 4.257 4.136 -4.670 1.377
P559059 4.579 4.155 -4.415 1.638
P559061 4.475 4.076 -4.426 1.454
P559062 4.751 3.879 -5.403 1.637
P559064 4.220 4.048 -4.413 1.698
P559065 4.383 4.184 -3.901 1.320
P559066 4.244 3.999 -4.820 1.308
P559067 4.353 4.122 -4.500 1.136
P559068 4.245 4.077 -3.529 1.704
P559069 4.316 4.095 -4.625 1.237
P559070 4.447 4.232 -4.901 1.194
P559071 4.012 3.829 -4.679 0.740
P559072 4.515 4.368 -4.935 1.565
P559073 4.234 3.901 -4.900 0.964
P559074 4.454 4.210 -4.624 1.579
P559075 4.299 4.049 -4.282 1.949
P559076 4.452 3.996 -4.365 1.595
P559077 4.467 4.043 -5.137 2.280
P559078 4.390 4.248 -4.976 1.680
P559079 4.574 4.383 -4.364 0.838
P559080 4.609 4.168 -4.400 1.492
P559081 4.400 4.064 -5.180 1.105
P559082 4.393 4.238 -4.569 1.085
P559083 4.357 4.099 -4.095 1.609
P559084 4.205 3.664 -4.770 1.836
P559085 4.362 3.967 -5.128 1.192
P559086 4.240 3.856 -3.832 1.467
P559088 4.897 4.471 -3.996 1.605
P559089 4.359 4.228 -4.411 0.878
P559090 4.301 4.082 -4.403 1.249
P559091 4.052 3.804 -4.728 1.085
P559092 4.197 3.917 -4.847 1.369
P559093 4.386 3.983 -4.647 1.525
P559094 4.026 3.855 -4.205 1.062
P559095 4.449 4.134 -4.739 1.141
P559096 4.429 3.961 -5.267 1.621
P559097 4.536 3.999 -4.293 1.531
P559098 4.215 3.723 -3.425 1.077
P559099 3.876 3.673 -5.424 1.676
P559100 4.308 4.174 -4.303 1.226
P559101 4.199 3.940 -4.770 1.873
P559102 4.436 4.010 -4.285 2.127
P559103 4.417 3.817 -4.032 1.858
P559104 4.384 4.257 -4.211 1.804
P559105 4.418 3.926 -3.870 1.698
P559106 4.374 4.176 -4.065 1.523
P559107 4.325 3.995 -4.782 1.496
P559108 4.607 4.377 -4.161 1.606
P559109 4.405 3.932 -4.481 1.951
P559110 4.320 3.881 -4.593 2.205
P559111 4.294 4.003 -5.055 1.477
P559112 4.409 4.038 -4.128 1.505
P559113 4.242 3.987 -5.153 1.632
P559114 4.421 4.157 -4.361 1.931
P559115 4.404 3.743 -4.031 1.579
P559116 4.357 4.095 -4.083 1.542
P559117 4.329 3.895 -4.365 1.903
P559118 4.563 4.217 -4.028 0.709
P559119 4.467 4.281 -4.891 1.657
P559120 4.512 4.210 -3.878 2.074
P559121 4.143 4.047 -4.329 1.798
P559122 4.448 4.097 -4.052 1.965
P559123 4.253 4.068 -4.436 1.006
P559124 4.487 4.162 -4.258 1.747
P559125 4.789 4.240 -3.672 0.996
P559127 4.389 4.065 -4.851 1.233
P559128 4.306 4.004 -5.559 0.960
P559129 4.439 4.072 -4.718 2.007
P559131 4.157 3.976 -5.294 1.229
P559133 4.389 4.122 -5.076 1.423
P559135 4.232 3.756 -4.095 1.933
P559136 4.369 4.093 -3.933 3.075
P559138 4.359 3.906 -4.178 1.610
P559139 4.224 3.883 -4.051 1.600
P559140 4.430 3.970 -4.243 1.713
P559141 4.693 4.193 -4.356 1.524
P559142 4.620 4.055 -5.300 1.827
P559143 4.683 4.162 -4.286 1.707
P559144 4.596 4.208 -4.161 1.923
P559145 4.565 4.164 -4.217 1.649
P559146 4.548 3.930 -4.141 1.584
P559147 4.349 4.120 -4.318 1.171
P559148 4.558 3.974 -4.408 1.962
P559149 4.360 3.888 -4.174 1.688
P559150 4.573 4.083 -4.130 1.593
P559151 4.735 4.364 -4.067 1.571
P559153 4.445 3.757 -5.382 2.143
P559155 4.506 4.272 -5.206 1.491
P559159 4.384 3.883 -4.982 1.577
P559162 4.268 4.028 -5.159 1.399
P559164 4.338 4.069 -4.789 1.419
P559167 4.288 4.059 -4.692 1.175
P559169 4.339 4.019 -4.516 1.628
P559170 4.276 4.050 -4.845 1.151
P559173 4.165 3.794 -4.558 0.828
P559174 4.349 3.866 -4.702 1.345
P559176 4.159 3.919 -5.173 0.890
P559177 4.525 4.036 -5.208 1.304
P559179 4.633 4.187 -5.118 1.402
P559181 4.326 3.972 -5.001 0.743
P559183 4.500 4.153 -4.953 0.869
P559185 4.355 4.128 -5.110 1.051
P559187 4.250 3.903 -4.744 0.929
P559190 4.159 4.199 -5.110 1.290
P559192 4.314 4.212 -5.059 1.057
P559194 4.266 3.991 -5.236 0.937
P559196 4.406 4.094 -4.649 0.875
P559198 4.473 4.054 -5.131 1.114
P559199 4.477 4.077 -5.038 0.954
P559201 4.541 4.080 -5.512 1.412
P559203 4.324 4.077 -4.826 1.133
P559205 4.523 4.289 -4.389 1.101
P559207 4.433 4.330 -3.475 1.081
P559209 4.347 3.948 -4.763 1.263
P559212 4.241 4.124 -5.301 0.858
P559214 4.213 4.072 -4.823 0.936
P559215 3.960 3.841 -4.657 1.314
P559219 4.623 4.010 -5.147 1.603
P559220 4.397 4.158 -4.702 1.509
P559221 4.319 4.127 -4.075 0.879
P559223 4.305 3.883 -5.023 1.025
P559224 4.554 4.318 -4.765 0.874
P559226 4.549 4.182 -4.864 0.828
P559228 4.370 4.179 -4.892 0.834
P559229 4.430 4.053 -4.835 1.360
P559231 4.127 3.868 -5.252 0.812
P559233 3.786 3.865 -6.123 1.228
P559234 4.284 4.037 -4.913 0.649
P559236 4.408 4.051 -3.968 1.526
P559237 4.691 4.384 -4.169 1.809
P559238 4.266 3.841 -4.371 1.420
P559239 4.480 4.246 -4.386 1.644
P559240 4.396 4.134 -4.235 2.253
P559241 4.548 4.224 -4.460 1.535
P559242 4.561 4.100 -4.549 1.541
P559243 4.493 4.196 -4.523 1.485
P559244 4.692 4.430 -4.225 1.549
P559245 4.530 4.249 -4.407 1.748
P559246 4.529 4.060 -4.668 1.717
P559248 4.248 4.115 -4.596 1.387
P559249 4.199 4.024 -4.691 1.356
P559250 4.536 4.077 -4.214 1.265
P559251 4.473 4.145 -4.572 1.770
P559252 4.520 4.159 -4.194 1.992
P559253 4.286 3.961 -4.564 1.554
P559254 4.574 4.225 -4.591 1.352
P559255 4.448 4.178 -4.486 1.675
P559256 4.593 4.305 -4.487 1.500
P559257 4.436 4.124 -4.846 1.627
P559258 4.044 4.167 -4.223 1.605
P559261 4.382 4.437 -3.851 1.388
P559262 4.172 4.079 -4.769 1.353
P559264 4.421 4.225 -4.571 1.076
P559265 4.216 3.893 -4.430 1.707
P559266 4.622 4.074 -4.518 2.050
P559267 4.385 3.722 -3.943 1.590
P559268 4.435 4.157 -4.340 1.742
P559269 4.655 4.377 -4.436 1.626
P559270 4.651 4.217 -4.396 1.343
P559271 4.535 4.354 -4.282 1.388
P559272 4.438 3.989 -4.210 1.480
P559273 4.235 4.029 -4.507 0.953
P559274 4.579 4.187 -4.478 1.383
P559275 4.620 4.011 -4.603 2.010
P559277 4.684 4.413 -4.418 1.728
P559278 4.467 4.095 -4.566 1.668
P559279 4.378 4.010 -4.173 1.633
P559280 4.217 3.861 -4.854 1.642
P559282 4.702 4.093 -4.972 2.174
P559283 4.720 4.048 -5.048 1.930
P559284 4.506 4.044 -4.266 1.690
P559285 4.590 4.203 -4.271 1.942
P559286 4.546 4.138 -5.179 1.871
P559288 4.458 4.129 -3.881 1.834
P559289 4.153 3.865 -4.078 1.672
P559290 4.772 4.055 -4.603 1.415
P559292 4.581 4.149 -4.126 1.580
P559293 4.492 4.134 -4.421 1.747
P559294 4.411 4.038 -3.517 2.029
P559295 4.602 4.017 -4.433 2.128
P559297 4.357 4.155 -5.005 1.545
P559298 4.733 3.856 -4.535 1.849
P559299 4.134 4.176 -5.209 1.562
P559302 4.399 4.090 -3.679 1.390
P559303 4.571 4.261 -5.142 1.469
P559304 4.464 3.941 -3.994 1.564
P559306 4.508 4.229 -4.198 1.468
P559307 4.487 4.062 -4.204 1.618
P559309 4.404 4.191 -4.660 1.760
P559311 4.370 4.292 -3.641 1.334
P559312 4.281 3.938 -4.073 2.995
P559313 4.764 4.129 -3.794 1.732
P559314 4.231 3.811 -4.325 2.041
P559316 4.499 4.213 -4.907 1.073
P559317 4.337 4.053 -5.205 1.699
P559318 4.525 4.115 -4.705 1.437
P559319 4.503 4.279 -5.140 1.673
P559320 4.686 4.321 -4.174 1.340
P559321 4.414 4.172 -5.029 1.446
P559322 4.166 4.135 -5.459 1.836
P559323 4.446 4.191 -5.179 1.363
P559324 4.517 4.113 -5.208 1.812
P559325 4.091 4.052 -4.256 1.515
P559326 4.411 4.287 -4.193 1.522
P559327 4.541 4.170 -5.082 1.576
P559328 4.586 4.270 -5.102 1.595
P559329 4.560 4.208 -5.048 1.558
P559330 4.544 4.054 -4.838 1.800
P559331 4.421 4.118 -4.374 1.337
P559332 4.137 3.844 -5.805 1.182
P559334 4.631 4.195 -4.406 1.852
P559335 4.420 3.930 -4.167 1.459
P559336 4.461 4.243 -4.490 1.086
P559337 4.571 4.269 -5.091 1.409
P559338 4.657 4.129 -5.126 1.875
P559339 4.434 3.879 -3.738 1.385
P559340 4.493 4.400 -4.275 1.596
P559341 4.507 4.190 -4.342 1.381
P559343 4.619 4.203 -4.433 1.733
P559344 4.694 4.392 -4.528 1.191
P559345 4.510 4.086 -5.239 2.299
P559346 4.484 4.279 -4.177 1.438
P559348 4.328 3.974 -4.251 1.374
P559349 4.522 3.974 -4.805 1.826
P559350 4.561 4.252 -4.096 1.224
P559352 4.436 4.417 -3.264 1.153
P559354 4.512 4.235 -4.787 1.434
P559355 4.547 4.059 -4.601 1.583
P559356 4.240 3.990 -4.497 0.917
P559357 4.029 3.819 -4.737 1.380
P559359 4.574 4.249 -5.050 1.664
P559360 4.285 3.890 -4.353 1.038
P559361 4.282 4.059 -4.532 1.894
P559362 4.434 4.207 -4.519 1.233
P559363 4.452 4.100 -4.675 1.428
P559364 4.346 4.095 -4.607 1.028
P559365 4.325 4.147 -4.610 1.468
P559367 4.451 4.424 -4.741 1.483
P559368 4.614 4.419 -3.841 1.441
P559369 4.298 3.658 -4.783 1.699
P559370 4.514 4.020 -3.459 1.869
P559371 4.401 3.953 -4.306 2.028
P559372 4.712 4.446 -3.963 2.118
P559373 4.452 4.137 -4.674 1.579
P559375 4.346 4.161 -4.300 0.731
P559376 4.324 4.172 -4.871 1.264
P559378 4.443 4.092 -5.053 1.892
P559379 4.089 4.266 -5.003 1.005
P559381 4.448 4.196 -3.642 1.482
P559383 4.529 4.352 -3.674 1.384
P559385 4.508 4.133 -4.809 1.278
P559386 4.311 3.879 -4.540 1.525
P559387 4.288 3.873 -5.052 1.118
P559388 4.440 4.001 -4.831 1.399
P559389 4.435 4.019 -5.345 0.944
P559390 4.365 4.193 -4.833 0.825
P559391 4.512 4.042 -3.908 1.662
P559392 4.056 3.674 -5.671 0.926
P559393 4.060 3.750 -5.024 0.666
P559394 4.381 3.969 -5.334 0.976
P559396 4.601 4.111 -5.068 1.379
P559397 4.556 4.212 -5.143 2.059
P559398 4.314 3.887 -5.273 1.964
P559399 4.490 4.144 -4.845 1.275
P559400 4.142 3.887 -5.179 1.335
P559402 4.368 3.902 -4.867 1.232
P559403 4.351 3.970 -5.378 0.994
P559404 4.145 4.019 -5.531 0.805
P559406 4.326 3.961 -5.002 1.386
P559408 4.469 4.168 -4.847 1.255
P559410 4.394 3.814 -5.733 2.073
P559411 4.592 4.132 -5.334 1.462
P559413 4.408 3.853 -5.519 1.705
P559414 4.237 4.028 -4.899 1.109
P559415 4.484 4.120 -5.222 1.239
P559416 4.356 4.259 -4.635 1.161
P559417 3.938 3.832 -4.763 1.447
P559419 4.275 4.088 -4.543 0.487
P559420 4.378 4.025 -5.159 1.011
P559421 4.196 3.821 -5.093 0.887
P559423 4.525 4.304 -3.810 1.329
P559424 4.488 4.163 -4.668 1.064
P559425 4.296 4.164 -3.207 1.748
P559426 4.518 3.997 -4.336 1.829
P559427 4.565 4.273 -5.219 1.801
P559428 4.448 3.987 -4.205 1.447
P559429 4.535 4.292 -4.630 1.202
P559431 4.540 4.244 -4.056 1.371
P559432 4.313 3.835 -4.204 1.528
P559433 4.557 4.157 -3.991 2.231
P559434 4.371 4.103 -5.055 0.956
P559435 4.342 3.913 -5.057 0.871
P559436 4.491 4.196 -5.091 0.952
P559437 4.458 4.011 -5.274 1.009
P559438 4.233 3.853 -5.839 1.185
P559439 4.234 4.045 -4.843 0.827
P559440 4.299 3.931 -4.994 1.090
P559441 4.366 4.053 -4.866 0.694
P559442 4.282 3.841 -5.383 2.232
P559443 4.564 4.216 -4.867 1.001
P559444 4.483 4.155 -5.220 1.074
P559445 4.576 4.033 -4.613 1.933
P559448 4.556 4.213 -4.835 1.524
P559449 4.519 3.801 -5.461 1.971
P559451 4.228 3.996 -5.603 1.084
P559452 4.210 3.957 -5.779 1.179
P559453 4.421 3.846 -4.699 1.411
P559454 4.472 4.292 -4.681 1.431
P559455 4.198 3.940 -4.689 0.973
P559456 4.274 4.078 -4.526 1.290
P559457 4.090 3.780 -4.619 1.386
P559458 4.509 3.803 -4.690 1.865
P559460 4.362 4.036 -4.556 1.096
P559461 4.232 4.059 -4.903 1.321
P559463 4.448 4.017 -4.201 1.295
P559464 4.291 4.017 -4.671 1.434
P559465 4.479 4.486 -4.489 1.783
P559466 4.576 4.125 -4.176 1.155
P559467 4.061 4.078 -5.139 1.105
P559468 3.979 3.695 -5.517 1.362
P559469 3.956 3.858 -5.161 1.138
P559470 4.130 4.114 -5.262 0.790
P559471 4.325 4.242 -4.274 1.371
P559472 4.056 3.969 -5.147 1.029
P559473 3.825 3.753 -4.722 0.794
P559474 3.992 3.825 -5.109 0.927
P559475 3.749 3.766 -4.861 0.804
P559476 4.312 3.946 -5.090 1.543
P559478 4.090 3.785 -4.939 0.716
P559479 3.945 3.916 -5.189 0.802
P559480 4.207 4.084 -5.271 1.059
P559481 4.045 3.815 -5.360 0.818
P559482 4.617 3.896 -4.750 1.839
P559483 4.346 3.641 -4.056 1.689
P559485 4.165 3.977 -4.750 1.284
P559486 3.933 3.922 -5.519 0.625
P559487 4.013 3.901 -5.180 1.105
P559488 4.480 4.056 -4.796 1.539
P559490 4.198 4.181 -4.941 0.700
P559491 4.015 3.868 -5.279 1.270
P559492 4.156 4.170 -4.499 0.797
P559493 3.598 3.733 -3.920 1.528
P559495 3.960 3.692 -4.357 0.786
P559496 4.477 3.907 -4.521 1.731
P559497 4.182 3.953 -5.561 1.169
P559498 4.404 3.849 -4.334 0.924
P559500 4.508 4.248 -4.621 1.433
P559501 4.039 3.647 -5.024 0.951
P559502 4.257 3.999 -4.513 1.309
P559504 4.234 4.060 -4.076 0.432
P559505 4.466 4.221 -3.857 1.087
P559506 4.480 4.415 -2.933 1.201
P559508 4.561 4.140 -4.799 1.383
P559509 4.391 4.149 -4.643 0.911
P559511 4.404 4.144 -4.394 1.153
P559512 4.534 4.309 -4.310 1.368
P559514 4.458 3.965 -5.197 2.158
P559516 4.275 4.060 -4.836 0.935
P559517 4.450 4.142 -4.922 1.008
P559518 3.909 3.789 -5.344 1.591
P559519 4.225 4.145 -4.533 1.445
P559520 4.063 3.988 -5.298 0.927
P559521 4.207 4.096 -5.033 0.921
P559522 4.081 3.874 -5.825 1.134
P559524 4.570 4.272 -4.308 1.226
P559525 4.746 4.211 -4.180 1.926
P559526 4.022 3.866 -4.222 0.995
P559527 4.554 3.842 -4.298 2.430
P559529 4.432 4.186 -4.484 0.852
P559530 4.425 4.248 -4.825 0.852
P559531 4.522 4.305 -4.594 0.749
P559533 4.164 4.024 -4.148 1.416
P559535 4.265 4.112 -4.182 1.463
P559536 4.461 4.197 -3.648 1.896
P559539 4.098 3.490 -4.263 1.813
P559540 4.482 4.170 -4.672 1.650
P559541 4.986 4.169 -3.568 2.415
P559542 4.491 4.171 -3.687 1.458
P559543 4.304 3.890 -4.101 0.681
P559544 4.419 4.163 -3.872 1.228
P559545 4.487 3.951 -4.353 1.982
P559546 4.453 3.916 -4.334 1.880
P559547 4.194 3.639 -5.482 1.544
P559550 4.319 3.898 -5.457 1.412
P559551 4.638 3.867 -5.126 1.308
P559552 4.341 4.015 -4.886 1.274
P559553 4.380 4.145 -4.590 0.696
P559554 4.835 4.443 -4.245 1.736
P559555 4.425 4.155 -4.654 0.861
P559556 4.397 4.069 -4.813 1.121
P559557 4.347 3.883 -5.098 1.287
P559560 4.082 4.145 -4.675 1.172
P559561 4.530 4.029 -4.226 2.241
P559562 4.361 3.982 -5.021 1.378
P559563 4.377 4.206 -4.053 1.609
P559565 4.055 3.777 -5.343 0.980
P559566 4.132 3.571 -3.991 1.453
P559568 4.129 3.826 -4.671 1.291
P559570 4.315 4.098 -5.632 1.645
P559571 4.111 3.837 -4.949 1.849
P559573 4.117 3.992 -5.001 0.989
P559574 4.253 4.105 -4.442 1.126
P559576 4.163 3.903 -4.694 1.215
P559578 4.503 4.012 -4.101 1.647
P559579 4.418 3.861 -4.161 2.168
P559580 4.372 3.913 -3.587 1.712
P559581 4.074 4.037 -4.063 1.789
P559583 4.290 3.869 -3.957 1.721
P559584 4.014 3.820 -4.074 1.782
P559585 4.484 3.983 -4.346 1.231
P559586 4.422 4.099 -4.146 1.426
P559587 4.458 3.827 -4.100 1.859
P559588 4.265 3.792 -3.872 2.219
P559590 4.504 4.209 -4.408 1.230
P559591 4.447 4.149 -5.162 1.311
P559592 4.306 4.074 -4.967 0.974
P559593 4.488 3.970 -4.681 1.437
P559594 4.373 4.162 -4.534 1.186
P559596 4.357 3.938 -4.643 1.705
P559597 4.496 4.177 -4.852 1.378
P559599 4.442 4.072 -4.888 1.402
P559601 4.436 4.436 -4.298 1.138
P559602 4.286 4.130 -4.555 0.719
P559603 4.076 3.575 -5.196 1.183
P559604 4.483 4.310 -4.667 1.352
P559606 4.280 3.793 -4.638 0.904
P559607 4.290 4.185 -4.548 0.969
P559608 4.563 4.288 -4.709 1.270
P559609 4.468 4.368 -4.758 0.708
P559610 4.287 3.920 -4.911 0.677
P559612 4.443 3.861 -4.583 1.716
P559613 4.392 3.989 -4.426 1.172
P559616 4.403 4.095 -4.937 0.857
P559617 4.289 3.842 -4.830 0.967
P559619 4.391 3.936 -5.495 2.059
P559621 4.328 3.950 -5.035 0.753
P559622 4.038 3.824 -4.723 1.025
P559623 4.484 4.195 -4.768 1.069
P559624 4.201 3.883 -4.900 0.828
P559625 4.288 3.959 -5.376 0.760
P559626 4.300 4.089 -4.917 1.314
P559627 4.367 3.993 -4.659 0.996
P559628 4.489 4.205 -4.649 0.924
P559629 4.256 3.989 -4.656 1.450
P559630 4.216 3.991 -5.041 1.861
P559631 4.411 3.883 -4.842 1.129
P559632 4.366 4.186 -4.756 1.389
P559633 4.308 3.895 -4.557 1.514
P559634 4.272 3.986 -4.653 1.180
P559635 4.204 4.014 -4.654 1.168
P559636 4.417 4.199 -4.506 1.065
P559637 4.356 4.212 -4.647 0.938
P559638 4.527 4.103 -4.594 1.337
P559639 4.457 4.162 -4.682 1.213
P559640 3.990 3.715 -4.172 0.688
P559641 4.163 3.944 -4.667 0.708
P559642 4.426 4.085 -4.682 0.923
P559643 4.346 3.934 -5.527 2.129
P559645 4.201 3.876 -5.341 1.025
P559646 4.322 4.046 -4.479 0.467
P559647 4.475 4.194 -4.854 1.718
P559648 4.532 4.295 -4.655 1.387
P559650 4.587 4.430 -4.523 1.023
P559651 4.292 4.067 -5.035 1.963
P559652 4.439 4.127 -4.350 1.248
P559653 4.336 4.370 -3.787 1.224
P559655 4.323 3.790 -4.818 1.237
P559656 4.049 3.899 -4.795 1.726
P559657 4.369 4.085 -4.673 1.270
P559658 4.452 4.232 -4.829 1.335
P559659 4.395 4.409 -4.738 1.436
P559661 4.229 4.048 -5.070 1.217
P559662 4.310 4.018 -5.038 1.179
P559663 4.381 3.954 -4.515 1.195
P559664 4.306 4.105 -5.101 1.222
P559665 4.384 4.091 -4.667 1.285
P559666 4.247 3.951 -4.961 0.961
P559667 4.245 4.137 -4.959 1.084
P559668 4.269 4.161 -5.165 1.187
P559669 4.419 4.212 -4.918 0.834
P559670 4.236 4.064 -4.991 0.907
P559671 4.316 4.084 -5.188 1.047
P559672 4.351 4.031 -4.767 0.955
P559673 4.236 3.765 -5.623 1.368
P559674 4.205 3.845 -4.831 0.840
P559676 3.901 3.583 -4.832 1.408
P559678 4.379 4.115 -5.026 1.508
P559681 4.711 4.608 -4.031 1.541
P559682 4.720 4.211 -5.042 1.891
P559684 4.648 4.203 -4.665 1.606
P559686 4.889 4.450 -4.032 2.949
P559688 4.775 4.184 -3.686 2.204
P559689 4.453 4.117 -5.375 2.105
P559692 3.874 4.134 -5.117 1.112
P559693 4.656 4.363 -4.415 1.352
P559695 4.776 4.007 -4.315 2.865
P559696 4.070 4.051 -4.738 1.904
P559697 4.563 4.252 -5.064 1.056
P559699 4.669 4.144 -4.685 2.534
P559700 4.572 4.151 -4.693 1.869
P559702 4.617 4.449 -3.932 0.899
P559704 4.911 5.101 -5.545 1.681
P559709 4.769 4.842 -5.231 1.382
P559711 5.470 5.582 -5.056 0.852
P559716 5.192 5.430 -5.857 1.620
P559717 5.325 5.118 -5.254 1.735
P559719 4.913 4.880 -5.193 0.814
P559722 4.967 4.866 -5.003 0.839
P559727 4.950 5.001 -5.117 1.324
P559729 5.507 5.629 -5.218 0.985
P559732 4.976 5.119 -5.202 1.508
P559733 4.893 5.033 -5.157 1.095
P559734 4.905 5.082 -5.342 1.574
P559736 4.908 5.151 -5.404 1.789
P559740 4.827 4.947 -5.385 2.009
P559743 4.804 4.917 -4.817 1.483
P559746 4.842 5.004 -5.120 1.736
P559750 5.040 5.175 -5.023 1.335
P559754 4.957 4.928 -5.251 1.322
P559756 5.203 5.403 -5.155 1.059
P559759 4.774 4.944 -4.946 1.323
P559760 4.984 5.200 -5.064 1.175
P559762 5.033 5.177 -5.509 1.539
P559764 5.115 5.045 -5.405 1.828
P559766 5.060 4.941 -5.463 2.112
P559771 4.828 5.018 -5.494 2.091
P559773 4.968 4.987 -4.683 1.677
P559775 5.175 5.318 -5.067 1.653
P559778 4.969 5.168 -5.092 1.081
P559782 4.772 5.052 -4.850 2.277
P559784 5.471 5.743 -5.062 2.249
P559786 5.024 5.066 -5.006 0.663
P559787 5.129 5.274 -5.297 1.077
P559789 5.073 5.298 -5.532 2.155
P559792 5.479 5.785 -5.481 2.197
P559794 4.975 4.996 -5.462 2.746
P559795 5.559 5.728 -5.529 1.400
P559800 4.990 5.121 -5.098 1.777
P559801 5.509 5.637 -5.535 1.909
P559805 5.052 5.033 -5.212 1.952
P559806 5.389 5.332 -5.112 2.084
P559808 5.537 5.658 -5.795 2.038
P559810 5.107 5.108 -5.211 1.614
P559812 5.779 5.858 -5.295 0.821
P559816 4.961 5.082 -4.779 0.566
P559818 5.349 5.465 -5.024 1.312
P559820 4.763 4.803 -5.455 2.392
P559823 5.048 5.284 -5.025 1.141
P559825 5.483 5.609 -5.503 1.574
P559829 5.026 5.014 -4.899 1.098
P559832 5.039 4.989 -5.140 1.554
P559835 5.060 5.177 -5.151 1.513
P559837 5.212 5.359 -4.805 1.373
P559839 4.868 4.925 -5.402 1.806
P559844 5.213 5.330 -5.021 1.544
P559846 5.576 5.678 -4.959 0.525
P559850 5.522 5.749 -4.895 1.188
P559854 5.060 4.990 -5.116 1.100
P559861 5.279 5.369 -5.134 0.695
P559866 5.438 5.732 -5.820 1.943
P559869 5.191 5.275 -5.438 2.658
P559870 5.005 5.018 -4.770 0.521
P559874 5.180 5.363 -5.288 2.174
P559875 4.910 5.005 -5.120 1.559
P559877 4.902 4.973 -4.905 1.315
P559879 5.011 5.141 -5.181 1.065
P559882 4.824 4.821 -4.933 1.347
P559889 5.427 5.898 -5.822 2.137
P559891 4.970 5.362 -5.531 1.656
P559894 5.850 6.091 -5.512 1.156
P559895 5.459 5.357 -5.676 0.735
P559898 5.287 5.466 -5.899 2.689
P559900 5.067 5.140 -5.686 1.902
P559902 5.277 5.419 -4.926 1.821
P559905 5.264 5.181 -5.346 1.681
P559907 5.026 5.327 -5.409 1.758
P559910 4.953 4.962 -5.182 1.475
P559913 5.456 5.634 -5.340 1.267
P559915 5.285 5.356 -4.899 0.768
P559917 5.206 5.234 -4.840 0.738
P559919 5.226 5.276 -5.097 0.768
P559922 5.048 5.172 -5.312 1.109
P559925 5.502 5.697 -5.988 2.430
P559927 5.373 5.701 -6.317 2.927
P559929 5.218 5.194 -5.047 1.580
P559933 4.980 4.947 -5.201 1.795
P559935 5.148 5.257 -5.227 2.493
P559937 5.024 5.144 -4.720 1.232
P559940 5.283 5.446 -5.434 1.343
P559943 5.169 5.137 -5.056 1.071
P559944 5.397 5.486 -5.322 1.664
P559947 5.208 5.365 -5.101 1.296
P559949 5.761 5.875 -5.190 0.619
P559950 5.218 5.123 -5.167 1.049
P559952 5.266 5.449 -5.350 1.725
P559954 5.087 5.261 -4.803 1.346
P559956 5.317 5.225 -5.448 1.562
P559959 5.171 5.329 -5.561 1.459
P559960 5.341 5.428 -5.187 1.223
P559962 5.261 5.192 -5.427 1.433
P559964 5.194 5.214 -5.698 2.560
P559966 5.304 5.453 -5.314 1.355
P559969 5.203 5.352 -5.081 1.171
P559970 5.365 5.312 -5.730 1.282
P559972 5.286 5.462 -5.494 1.490
P559975 5.107 5.136 -5.193 1.092
P559977 5.348 5.412 -5.281 1.246
P559979 5.179 5.210 -5.103 1.082
P559981 4.890 5.682 -4.779 1.809
P559982 5.256 5.609 -5.808 1.677
P559984 5.272 5.432 -5.399 1.273
P559987 5.082 4.987 -5.429 1.765
P559989 5.083 5.164 -5.259 1.638
P559993 5.341 5.291 -5.270 1.053
P559994 5.247 5.179 -4.967 1.747
P559995 5.301 5.279 -5.127 1.415
P559996 5.118 5.277 -5.065 1.947
P559998 5.238 5.311 -5.397 1.388
P560000 4.913 5.045 -5.699 2.279
P560002 5.338 5.489 -5.410 1.293
P560004 5.116 5.110 -5.063 1.646
P560006 5.124 5.228 -4.979 1.578
P560010 4.951 5.128 -4.830 1.341
P560011 4.867 5.057 -5.126 1.793
P560014 5.091 5.162 -5.201 1.791
P560017 4.908 4.948 -4.733 0.799
P560021 5.161 5.117 -5.346 1.572
P560024 5.034 5.066 -5.218 1.450
P560025 5.230 5.184 -5.260 1.305
P560027 5.150 5.166 -5.089 2.052
P560028 5.742 5.951 -5.148 0.990
P560030 5.212 5.312 -5.246 1.634
P560031 5.623 5.909 -5.221 1.204
P560034 5.115 5.347 -4.901 1.544
P560035 5.228 5.382 -5.412 2.164
P560038 4.965 5.008 -4.658 2.171
P560039 5.559 5.680 -5.291 1.292
P560044 5.468 5.546 -4.848 0.987
P560046 5.287 5.479 -5.427 1.276
P560048 5.162 5.179 -5.162 0.955
P560050 5.529 5.745 -5.183 1.099
P560052 5.051 5.440 -5.525 2.544
P560054 5.318 5.210 -5.390 1.718
P560057 5.097 5.031 -5.410 1.392
P560058 5.320 5.409 -5.202 1.405
P560060 5.271 5.475 -5.441 2.152
P560062 5.032 5.194 -5.441 2.701
P560065 5.380 5.504 -4.742 1.188
P560069 5.350 5.472 -5.771 2.220
P560073 5.361 5.460 -5.809 2.581
P560075 5.209 5.263 -4.970 0.863
P560076 5.269 5.171 -5.080 1.325
P560078 5.686 5.726 -5.804 1.565
P560080 5.427 5.476 -5.526 1.407
P560082 4.896 5.185 -5.151 1.317
P560084 5.623 5.942 -6.181 1.436
P560088 5.416 5.506 -4.869 1.278
P560093 5.497 5.865 -6.288 2.299
P560094 5.352 5.262 -4.508 1.369
P560099 5.163 5.619 -4.790 2.013
P560101 5.341 5.538 -4.954 1.516
P560103 5.312 5.507 -5.218 2.105
P560104 5.348 5.398 -5.133 0.866
P560107 5.211 5.199 -5.517 1.938
P560109 5.039 5.186 -4.695 2.107
P560111 4.943 5.165 -5.008 2.291
P560114 5.309 5.112 -5.369 1.678
P560117 5.721 6.002 -4.882 1.149
P560118 5.197 5.176 -5.175 1.636
P560124 5.088 5.024 -5.532 1.725
P560128 4.856 5.113 -5.503 1.907
P560129 5.155 5.245 -4.811 1.346
P560131 5.481 5.463 -5.666 1.258
P560133 5.775 5.925 -5.125 0.978
P560136 5.223 5.401 -5.495 1.817
P560137 5.398 5.508 -5.206 1.201
P560141 5.059 5.102 -4.709 1.276
P560144 5.168 5.253 -5.658 2.062
P560147 4.961 5.201 -5.592 2.325
P560151 5.345 5.421 -5.037 0.913
P560155 5.500 5.638 -5.640 1.073
P560159 5.707 5.884 -5.242 0.761
P560162 5.086 5.135 -5.260 1.712
P560163 5.476 5.679 -5.045 1.183
P560166 4.888 5.241 -5.003 1.922
P560167 5.847 5.988 -5.222 0.733
P560172 5.021 5.103 -4.766 1.309
P560175 5.388 5.625 -4.333 0.578
P560179 5.281 5.248 -5.138 0.643
P560181 5.173 5.289 -4.773 1.795
P560183 5.259 5.423 -5.511 1.910
P560185 5.029 5.200 -4.636 1.917
P560186 5.755 5.981 -5.181 1.081
P560189 5.136 5.167 -5.374 1.444
P560190 5.168 5.321 -4.775 1.734
P560195 5.180 5.385 -4.950 1.238
P560196 5.441 6.002 -5.607 2.054
P560198 5.338 5.504 -5.392 1.722
P560201 5.181 5.278 -5.202 1.488
P560203 5.207 5.371 -5.476 1.230
P560204 5.064 5.113 -5.229 1.092
P560205 5.006 5.159 -5.127 1.218
P560207 4.955 5.056 -5.397 2.021
P560211 4.966 5.122 -5.092 1.343
P560214 5.224 5.593 -5.892 1.983
P560217 5.201 5.419 -5.309 1.482
P560220 4.920 4.922 -4.697 0.873
P560222 4.807 4.910 -4.763 1.350
P560223 4.452 4.216 -5.255 0.624
P560225 4.477 4.243 -5.320 0.603
P560228 4.605 4.313 -5.442 0.614
P560231 4.431 4.179 -5.356 0.603
P560232 4.431 4.215 -5.329 0.573
P560234 4.432 4.178 -5.387 0.599
P560235 4.440 4.206 -5.163 0.661
P560237 4.338 4.104 -5.315 0.570
P560239 4.309 4.080 -5.324 0.577
P560242 4.382 4.137 -5.410 0.594
P560244 4.446 4.210 -5.426 0.590
P560247 4.351 4.131 -5.342 0.576
P560250 4.422 4.174 -5.311 0.582
P560251 4.407 4.146 -5.338 0.582
P560255 4.436 4.213 -5.254 0.569
P560257 4.633 4.348 -5.014 0.591
P560259 4.651 4.397 -4.735 0.597
P560261 4.704 4.282 -4.859 0.715
P560263 4.673 4.426 -5.025 0.587
P560265 4.638 4.393 -5.110 0.518
P560269 4.570 4.241 -5.081 0.551
P560270 4.513 4.202 -4.108 1.006
P560272 4.944 4.460 -4.730 1.859
P560276 4.477 4.246 -4.205 0.937
P560281 4.650 4.040 -4.545 1.445
P560282 4.547 4.362 -4.474 0.575
P560283 4.593 4.361 -4.324 0.901
P560287 4.577 4.273 -4.319 0.981
P560289 4.684 4.358 -5.184 0.545
P560291 4.720 4.211 -4.552 1.337
P560292 4.639 4.337 -4.481 0.969
P560293 4.627 4.403 -4.540 0.648
P560295 4.649 4.286 -4.189 1.064
P560297 4.648 4.288 -4.154 1.068
P560299 4.641 4.346 -4.362 1.124
P560301 4.623 4.142 -4.651 1.345
P560305 4.590 4.323 -5.075 0.548
P560309 4.632 4.362 -5.057 0.521
P560311 4.611 4.247 -5.016 0.633
P560312 4.573 4.244 -5.111 0.546
P560313 4.566 4.209 -5.065 0.672
P560318 4.574 4.249 -4.958 0.570
P560320 4.499 4.178 -5.006 0.540
P560321 4.635 4.244 -5.000 0.691
P560325 4.580 4.243 -4.948 0.570
P560327 4.710 4.315 -5.330 0.782
P560329 4.454 4.137 -5.011 0.537
P560330 4.609 4.333 -4.805 0.557
P560332 4.454 4.115 -4.979 0.555
P560336 4.545 4.230 -4.983 0.552
P560337 4.615 4.310 -4.881 0.572
P560339 4.653 4.357 -5.184 0.557
P560342 4.661 4.316 -5.126 0.567
P560343 4.701 4.400 -5.526 0.562
P560347 4.627 4.253 -5.138 0.616
P560350 4.575 4.254 -4.989 0.548
P560351 4.691 4.389 -4.808 0.624
P560353 4.503 4.142 -4.968 0.585
P560355 4.622 4.299 -4.998 0.563
P560358 4.500 4.236 -5.096 0.529
P560360 4.520 4.259 -5.299 0.828
P560364 4.370 4.147 -5.659 0.543
P560367 4.541 4.201 -5.589 0.661
P560369 4.460 4.279 -5.156 0.719
P560372 4.512 4.257 -5.294 0.648
P560374 4.552 4.288 -5.173 0.578
P560375 4.607 4.378 -5.115 0.597
P560377 4.575 4.399 -5.220 0.757
P560379 4.581 4.338 -5.393 0.614
P560382 4.618 4.340 -5.184 0.677
P560383 4.563 4.363 -5.594 0.560
P560385 4.612 4.358 -5.306 0.603
P560386 4.557 4.305 -5.177 0.577
P560387 4.588 4.346 -5.300 0.613
P560389 4.538 4.286 -5.338 0.615
P560392 4.638 4.292 -4.850 0.792
P560393 4.484 4.335 -4.984 0.799
P560395 4.565 4.300 -5.170 0.563
P560396 4.559 4.313 -4.858 0.721
P560397 4.506 4.238 -5.155 0.544
P560398 4.552 4.394 -5.063 1.320
P560399 4.402 4.186 -4.974 0.670
P560400 4.598 4.336 -5.321 0.596
P560402 4.515 4.289 -5.547 0.521
P560406 4.605 4.379 -5.538 0.578
P560407 4.426 4.169 -5.130 0.548
P560409 4.453 4.225 -4.963 0.865
P560410 4.612 4.393 -5.083 0.619
P560412 4.634 4.366 -5.320 0.557
P560413 4.468 4.269 -5.224 0.582
P560422 4.465 4.264 -5.605 0.581
P560425 4.420 4.127 -5.036 0.608
P560427 4.507 4.189 -5.114 0.619
P560429 4.547 4.248 -5.458 0.606
P560430 4.605 4.380 -5.120 0.595
P560432 4.577 4.366 -5.124 0.682
P560435 4.576 4.325 -5.222 0.658
P560436 4.572 4.326 -5.306 0.614
P560438 4.467 4.212 -5.127 0.650
P560439 4.579 4.340 -5.995 0.563
P560444 4.550 4.270 -5.154 0.625
P560446 4.590 4.476 -5.472 0.846
P560452 4.436 4.168 -5.468 0.570
P560458 4.367 4.145 -5.506 0.616
P560463 4.570 4.383 -4.254 0.775
P560465 4.607 4.310 -5.252 0.598
P560468 4.473 4.238 -4.995 0.558
P560469 4.605 4.454 -5.102 0.910
P560471 4.587 4.377 -5.958 0.542
P560478 4.406 4.184 -5.270 0.600
P560479 4.600 4.306 -5.663 0.605
P560483 4.613 4.353 -5.545 0.578
P560487 4.555 4.261 -5.126 0.779
P560489 4.766 4.127 -4.597 1.748
P560490 4.702 4.582 -4.430 0.812
P560492 4.725 4.253 -4.648 1.304
P560494 4.773 4.330 -4.999 1.311
P560496 4.470 3.993 -4.682 1.263
P560500 4.773 4.280 -4.494 1.424
P560502 4.708 4.415 -4.536 0.947
P560503 4.794 4.432 -4.137 1.064
P560505 4.782 4.244 -4.842 1.631
P560508 4.761 4.178 -4.719 1.702
P560511 4.645 4.178 -4.740 1.342
P560512 4.779 4.570 -4.440 0.649
P560514 4.851 4.335 -4.616 1.359
P560516 4.710 3.882 -4.943 2.210
P560517 4.705 4.540 -4.430 0.696
P560518 4.711 4.480 -4.302 0.820
P560520 4.801 4.325 -4.831 1.336
P560523 4.913 4.679 -4.083 1.184
P560525 4.773 4.405 -4.285 1.153
P560533 4.641 3.797 -4.656 2.417
P560534 4.820 4.337 -4.859 1.354
P560536 4.808 4.217 -4.593 1.863
P560537 4.810 4.603 -4.367 0.798
P560539 4.686 4.489 -4.265 0.568
P560540 4.629 4.408 -4.572 0.602
P560541 4.790 4.417 -4.087 1.017
P560542 4.598 4.160 -4.762 1.486
P560543 4.809 4.247 -4.679 1.720
P560544 4.809 4.345 -4.926 1.260
P560546 4.773 4.481 -4.521 0.970
P560550 4.744 4.223 -5.263 1.142
P560552 4.725 4.433 -4.178 1.036
P560554 4.778 4.187 -4.555 1.946
P560556 4.624 4.282 -4.301 0.993
P560559 4.639 4.062 -4.738 1.889
P560561 4.715 4.588 -4.584 0.541
P560562 4.812 4.222 -4.649 1.950
P560565 4.719 4.524 -4.317 0.616
P560569 4.554 4.225 -4.897 1.077
P560575 4.746 4.374 -4.300 0.995
P560576 4.692 4.473 -4.467 0.558
P560577 4.718 4.122 -4.664 1.845
P560580 4.719 4.403 -4.284 0.999
P560586 4.707 4.166 -5.077 1.823
P560591 4.760 4.140 -4.806 2.016
P560593 4.882 4.160 -4.877 2.321
P560594 4.848 4.167 -4.969 2.200
P560598 4.767 4.435 -4.680 0.951
P560602 4.664 4.117 -4.912 1.861
P560604 4.764 4.601 -4.173 0.549
P560606 4.745 4.570 -4.154 0.549
P560608 4.738 4.321 -4.346 1.609
P560609 4.776 4.612 -4.188 0.553
P560610 4.669 4.372 -3.890 1.873
P560615 4.759 4.582 -4.153 0.559
P560617 4.669 4.447 -4.140 0.709
P560618 4.727 4.478 -4.864 1.263
P560622 4.676 4.360 -4.318 1.279
P560623 4.619 4.478 -3.915 0.620
P560625 4.688 4.555 -3.507 0.725
P560626 4.777 4.615 -4.198 0.740
P560628 4.725 4.518 -4.174 0.548
P560630 4.623 4.482 -4.156 1.436
P560631 4.641 4.539 -4.674 0.627
P560632 4.542 4.172 -4.797 1.569
P560635 4.643 4.196 -4.664 1.622
P560637 4.728 4.233 -4.528 1.948
P560640 4.568 4.090 -4.476 1.733
P560642 4.672 4.224 -4.547 1.832
P560645 4.623 4.236 -4.529 1.372
P560648 4.647 4.432 -4.649 1.021
P560651 4.485 4.283 -3.727 0.626
P560652 4.607 4.219 -4.484 1.684
P560654 4.814 4.667 -4.178 0.573
P560657 4.636 4.522 -4.574 0.653
P560658 4.678 4.203 -4.835 1.472
P560660 4.817 4.105 -4.501 1.906
P560665 4.728 4.390 -4.840 0.974
P560671 4.696 4.148 -4.800 1.683
P560672 4.806 4.460 -4.436 0.953
P560676 4.903 4.361 -4.182 1.956
P560677 4.818 4.573 -4.850 0.726
P560680 4.775 4.615 -4.109 0.670
P560683 4.736 4.365 -4.831 0.640
P560685 4.596 4.313 -4.926 0.511
P560689 4.769 4.375 -5.115 0.576
P560693 4.472 4.136 -5.106 0.561
P560701 4.567 4.204 -5.122 0.538
P560709 4.755 4.395 -4.851 0.588
P560710 4.840 4.609 -4.679 0.638
P560714 4.759 4.460 -5.018 0.575
P560715 4.731 4.420 -4.979 0.546
P560716 4.738 4.400 -4.827 0.623
P560717 4.770 4.416 -5.060 0.558
P560719 4.688 4.380 -4.953 0.572
P560721 4.770 4.387 -4.808 0.557
P560722 4.599 4.260 -5.066 0.553
P560724 4.715 4.375 -4.935 0.616
P560725 4.757 4.383 -4.758 0.670
P560726 4.749 4.410 -5.127 0.544
P560729 4.675 4.390 -4.890 0.566
P560735 4.614 4.161 -5.154 0.674
P560740 4.704 4.351 -4.976 0.582
P560741 4.741 4.355 -5.048 0.612
P560742 4.765 4.382 -5.078 0.865
P560743 4.752 4.380 -4.795 0.672
P560744 4.703 4.502 -4.454 0.715
P560746 4.669 4.307 -4.851 0.599
P560748 4.700 4.338 -4.851 0.569
P560750 4.727 4.381 -4.855 0.532
P560751 4.647 4.303 -5.174 0.565
P560753 4.637 4.343 -5.002 0.756
P560758 4.568 4.225 -5.538 0.537
P560761 4.573 4.174 -4.881 0.756
P560763 4.584 4.232 -4.863 0.572
P560765 4.662 4.243 -4.861 0.720
P560767 4.689 4.318 -4.836 0.547
P560770 4.698 4.265 -4.732 0.789
P560773 4.632 4.302 -4.911 0.562
P560774 4.771 4.408 -4.924 0.635
P560775 4.742 4.365 -4.781 0.681
P560777 4.598 3.948 -5.447 1.916
P560778 4.750 4.362 -4.896 0.631
P560779 4.698 4.382 -4.917 0.704
P560782 4.558 4.253 -4.913 0.552
P560785 4.611 4.193 -5.133 0.843
P560787 4.660 4.376 -4.737 0.805
P560788 4.650 4.283 -5.144 0.576
P560790 4.746 4.334 -4.840 1.003
P560792 4.597 4.266 -4.893 0.858
P560794 4.628 4.262 -5.224 0.569
P560804 4.675 4.233 -4.711 0.619
P560805 4.673 4.282 -5.034 0.605
P560808 4.794 4.376 -4.703 0.721
P560809 4.800 4.432 -4.934 0.551
P560810 4.746 4.327 -5.150 0.691
P560811 4.839 4.455 -5.447 0.654
P560816 4.812 4.487 -5.183 0.553
P560822 4.578 4.195 -5.230 0.730
P560832 4.672 4.341 -5.184 0.515
P560836 4.836 4.427 -4.920 0.700
P560837 4.909 4.698 -4.923 0.610
P560839 4.791 4.485 -5.019 0.610
P560842 4.727 4.398 -5.034 0.581
P560843 4.766 4.544 -4.899 0.631
P560844 4.859 4.517 -5.057 0.573
P560845 4.877 4.652 -4.837 0.549
P560847 4.774 4.442 -4.791 0.707
P560848 4.809 4.523 -5.192 0.536
P560850 4.829 4.457 -4.912 0.692
P560851 4.795 4.609 -4.769 0.708
P560852 4.785 4.562 -4.787 0.592
P560856 4.960 4.110 -4.983 1.682
P560864 4.785 4.300 -4.951 0.655
P560865 4.742 4.446 -4.900 0.603
P560866 4.850 4.492 -5.141 0.521
P560867 4.830 4.524 -4.871 0.639
P560870 4.822 4.491 -4.940 0.600
P560871 4.689 4.381 -4.749 1.064
P560873 4.648 4.269 -5.355 0.633
P560876 4.727 4.431 -5.296 0.509
P560878 4.826 4.490 -4.964 0.741
P560880 4.785 4.437 -4.918 0.569
P560881 4.751 4.430 -4.550 0.616
P560884 4.668 4.283 -4.901 0.813
P560888 4.701 4.432 -5.030 0.535
P560889 4.805 4.486 -5.066 0.575
P560890 4.880 4.431 -4.809 0.735
P560893 4.835 4.480 -4.961 0.589
P560894 4.830 4.412 -4.756 0.693
P560897 4.693 4.389 -4.986 0.607
P560898 4.753 4.383 -5.185 0.656
P560903 4.725 4.346 -4.989 0.660
P560904 4.877 4.476 -4.856 0.663
P560905 4.631 4.430 -4.738 0.672
P560906 4.842 4.498 -5.142 0.736
P560907 4.813 4.504 -5.188 0.552
P560910 4.616 4.364 -4.991 0.535
P560914 4.682 4.370 -4.969 0.537
P560915 4.852 4.483 -4.871 0.761
P560917 4.788 4.437 -4.957 0.958
P560918 4.737 4.349 -5.368 0.650
P560921 4.706 4.375 -4.974 0.831
P560923 4.747 4.403 -5.439 0.579
P560933 4.746 4.299 -4.786 0.662
P560934 4.753 4.396 -5.128 0.528
P560936 4.745 4.495 -4.560 0.618
P560938 4.787 4.433 -4.924 0.530
P560939 4.842 4.474 -4.991 0.624
P560941 4.776 4.477 -4.520 1.217
P560944 4.692 4.571 -4.775 0.625
P560945 4.782 4.620 -4.507 0.637
P560949 4.755 4.264 -4.813 1.596
P560954 4.766 4.404 -4.073 1.707
P560956 4.552 4.420 -3.356 0.770
P560957 4.661 4.486 -3.972 0.987
P560961 4.672 4.147 -4.312 2.980
P560962 5.084 4.943 -3.005 0.534
P560966 4.781 4.469 -3.716 0.964
P560967 4.803 4.494 -3.727 0.817
P560969 4.765 4.626 -3.597 0.923
P560971 4.811 4.614 -4.164 0.766
P560973 4.764 4.650 -3.548 0.658
P560976 4.847 4.744 -3.515 0.636
P560978 4.678 4.196 -4.835 2.478
P560983 4.803 4.595 -4.267 0.585
P560984 4.738 4.471 -3.968 0.734
P560985 4.806 4.591 -4.212 0.573
P560987 4.769 4.542 -4.497 0.947
P560989 4.762 4.605 -4.479 0.707
P560990 4.859 4.213 -4.478 2.803
P560991 4.827 4.671 -3.476 0.669
P560992 4.874 4.759 -4.235 0.606
P560993 4.875 4.478 -4.292 1.886
P560996 4.896 4.725 -4.067 0.535
P560997 4.928 4.733 -4.315 0.747
P560998 4.897 4.744 -4.166 0.801
P560999 4.782 4.558 -4.345 1.293
P561001 4.774 4.579 -3.838 1.100
P561004 4.735 4.593 -3.930 0.668
P561006 4.789 4.574 -4.215 0.757
P561008 4.881 4.616 -4.075 1.006
P561011 4.900 4.675 -4.278 0.807
P561014 4.867 4.717 -4.051 0.958
P561021 4.897 4.714 -4.554 0.479
P561023 4.732 4.577 -3.741 1.140
P561024 4.756 4.570 -4.410 0.973
P561025 4.864 4.720 -4.041 0.974
P561026 4.635 4.401 -4.639 1.236
P561028 4.736 4.577 -4.177 0.755
P561033 4.920 4.719 -4.351 0.548
P561037 4.711 4.536 -4.796 0.555
P561045 4.893 4.719 -4.725 0.483
P561051 5.081 4.823 -3.496 1.919
P561054 4.717 4.583 -4.739 0.521
P561059 4.770 4.430 -4.210 1.317
P561064 4.767 4.562 -3.760 0.823
P561065 4.912 4.769 -4.094 0.648
P561066 4.917 4.733 -4.119 0.533
P561068 4.793 4.668 -3.925 0.893
P561070 4.722 4.569 -4.105 0.649
P561074 4.721 4.571 -3.939 0.559
P561075 4.854 4.521 -4.258 1.740
P561077 4.878 4.515 -4.331 1.273
P561078 4.650 4.293 -4.300 2.217
P561079 4.769 4.535 -4.437 1.142
P561080 4.804 4.537 -3.737 1.179
P561081 4.805 4.344 -3.858 2.047
P561083 4.833 4.684 -4.181 0.548
P561088 4.725 4.527 -5.113 1.195
P561089 4.806 4.622 -4.349 0.562
P561090 4.905 4.712 -4.110 0.563
P561092 4.756 4.441 -4.123 1.249
P561094 4.747 4.595 -3.631 0.620
P561097 4.766 4.609 -4.238 0.570
P561101 4.686 4.524 -3.655 0.792
P561102 4.788 4.657 -3.671 0.629
P561104 5.030 4.806 -4.343 0.642
P561105 4.827 4.703 -3.417 0.876
P561108 4.884 4.737 -4.037 0.563
P561110 4.777 4.553 -3.832 1.096
P561111 4.877 4.647 -4.163 0.945
P561114 4.772 4.210 -4.470 2.064
P561116 4.686 4.566 -4.457 0.608
P561117 4.699 4.228 -4.582 1.846
P561119 4.728 4.331 -4.273 1.251
P561121 4.748 4.258 -4.744 1.897
P561122 4.633 4.104 -4.925 1.382
P561127 4.727 4.552 -4.721 1.022
P561130 4.715 4.516 -4.526 0.641
P561131 4.793 4.498 -4.471 1.238
P561133 4.729 4.390 -4.487 1.151
P561134 4.879 4.446 -4.697 1.220
P561136 4.874 4.435 -4.440 1.473
P561138 4.633 4.425 -4.617 1.019
P561140 4.793 4.416 -4.992 1.474
P561143 4.823 4.249 -4.748 1.924
P561150 4.476 4.045 -4.774 1.774
P561155 4.621 4.478 -4.481 0.910
P561157 4.821 4.594 -4.393 1.039
P561159 4.844 4.309 -4.484 1.935
P561160 4.766 4.728 -4.359 1.089
P561161 4.775 4.534 -4.134 0.965
P561162 4.795 4.699 -4.673 0.726
P561163 4.835 4.590 -4.393 0.662
P561165 4.660 4.573 -4.614 0.455
P561168 4.778 4.402 -4.611 1.773
P561171 4.820 4.267 -4.491 2.110
P561178 4.787 4.455 -5.089 1.187
P561182 4.632 4.523 -3.794 0.645
P561184 4.879 4.411 -4.585 1.431
P561185 4.641 4.480 -4.240 0.996
P561186 4.708 4.396 -4.517 1.025
P561187 4.685 4.496 -4.757 0.632
P561188 4.778 4.421 -4.694 1.786
P561190 4.763 4.592 -4.734 0.710
P561194 4.769 4.393 -4.957 1.877
P561195 4.526 4.281 -4.412 1.450
P561198 4.697 4.056 -4.556 3.160
P561200 4.796 4.608 -4.476 0.633
P561201 4.678 4.164 -4.580 1.925
P561204 4.879 4.458 -4.521 1.247
P561205 4.796 4.470 -4.463 1.186
P561206 4.723 4.269 -4.494 1.817
P561210 4.766 4.465 -5.025 1.207
P561212 4.689 4.528 -3.860 0.632
P561213 4.779 4.628 -4.318 0.964
P561215 4.639 4.184 -4.418 1.808
P561217 4.644 3.892 -4.464 3.181
P561224 4.920 4.404 -4.764 3.474
P561227 4.860 4.145 -4.729 3.584
P561229 4.911 4.441 -4.677 3.467
P561232 4.850 4.020 -4.897 3.625
P561236 4.726 4.594 -3.626 0.750
P561238 4.773 4.629 -3.423 0.907
P561240 4.842 4.199 -4.644 3.600
P561243 4.773 4.637 -3.576 0.757
P561244 4.798 4.205 -4.679 2.598
P561250 4.810 4.586 -4.453 0.644
P561254 4.820 4.749 -3.743 0.692
P561257 4.883 4.200 -4.684 3.502
P561259 4.893 4.203 -4.695 3.544
P561261 4.780 4.590 -3.667 1.034
P561263 4.906 4.186 -4.729 3.598
P561265 4.855 4.232 -5.669 3.128
P561267 4.900 4.810 -3.565 0.789
P561270 4.789 4.427 -3.811 1.657
P561271 4.856 4.448 -4.466 1.672
P561272 4.852 4.604 -4.021 1.858
P561274 4.825 4.345 -4.923 2.886
P561275 4.823 4.670 -3.934 0.669
P561277 4.803 4.199 -4.798 2.967
P561281 4.859 4.633 -4.241 0.769
P561282 4.875 4.479 -4.943 1.643
P561283 4.914 4.756 -4.303 0.674
P561284 4.747 4.156 -5.238 3.014
P561285 4.920 4.603 -3.670 0.879
P561286 4.658 4.529 -3.698 1.089
P561287 4.862 4.696 -3.951 0.699
P561289 4.885 4.735 -4.026 0.629
P561291 4.700 4.038 -4.383 3.371
P561294 4.704 4.506 -4.147 0.718
P561296 4.864 4.748 -4.057 1.015
P561297 4.839 4.690 -3.555 1.052
P561299 4.926 4.714 -3.968 0.752
P561301 4.728 4.272 -4.669 2.377
P561308 4.806 4.063 -5.403 3.279
P561312 4.848 4.634 -4.625 0.604
P561314 4.860 4.882 -3.667 1.023
P561315 4.920 4.590 -3.374 1.225
P561317 4.894 4.680 -3.839 0.679
P561319 4.914 4.669 -4.166 0.605
P561321 4.984 4.752 -3.901 0.723
P561323 4.868 4.787 -3.742 0.766
P561325 4.888 4.620 -3.794 0.923
P561328 4.841 4.635 -3.599 1.033
P561329 4.895 4.728 -3.917 0.953
P561330 4.749 4.604 -3.996 0.685
P561331 4.860 4.769 -3.685 1.120
P561332 4.882 4.676 -3.125 0.876
P561334 4.938 4.543 -3.571 1.203
P561336 5.042 4.980 -4.248 0.813
P561337 4.893 4.392 -4.506 2.808
P561339 4.869 4.427 -3.529 1.531
P561346 4.778 4.627 -4.146 0.854
P561348 4.632 4.103 -4.671 2.592
P561357 4.934 4.742 -3.561 0.820
P561361 4.787 4.643 -4.109 1.339
P561363 4.770 4.491 -3.984 0.719
P561365 4.954 4.980 -3.645 1.372
P561367 4.853 4.626 -3.823 0.681
P561368 4.775 3.977 -4.952 2.576
P561373 4.841 4.634 -3.346 0.802
P561375 4.690 4.469 -3.685 0.971
P561376 4.832 4.640 -3.359 1.096
P561377 4.965 4.623 -3.583 1.282
P561381 4.922 4.489 -4.603 1.150
P561382 4.818 4.418 -5.139 0.973
P561383 4.847 4.450 -4.648 2.848
P561384 4.917 4.668 -4.347 2.873
P561387 5.022 4.529 -4.852 3.409
P561389 4.902 4.771 -4.260 2.902
P561390 4.984 4.517 -4.573 2.923
P561392 4.999 4.398 -5.119 3.617
P561393 5.012 4.520 -4.904 3.469
P561395 4.944 4.629 -4.618 3.161
P561396 4.960 4.994 -1.696 1.748
P561397 4.999 4.296 -5.091 3.962
P561398 5.030 4.595 -4.430 3.652
P561399 4.980 4.166 -5.495 1.286
P561400 4.890 4.164 -5.019 1.402
P561402 4.829 4.556 -5.097 0.667
P561403 4.722 4.444 -5.522 0.827
P561406 4.651 4.260 -4.728 1.125
P561408 4.820 4.576 -5.007 0.715
P561410 4.731 4.412 -5.081 0.613
P561412 5.040 4.182 -4.565 1.599
P561413 4.807 4.263 -5.250 1.136
P561414 4.962 4.368 -4.755 1.465
P561415 4.695 4.328 -5.075 1.010
P561417 4.932 4.788 -3.395 0.782
P561418 4.860 4.760 -3.141 1.116
P561420 4.956 4.754 -3.374 1.062
P561421 4.816 4.292 -5.624 3.264
P561422 5.027 4.368 -4.707 3.517
P561426 4.976 4.692 -3.620 1.031
P561428 4.868 4.740 -3.615 0.807
P561430 4.764 4.090 -4.453 3.155
P561432 4.955 4.190 -4.544 3.642
P561434 4.881 4.732 -3.489 0.741
P561436 4.981 4.783 -3.545 1.010
P561437 5.011 4.412 -4.698 3.396
P561438 4.954 4.809 -3.571 0.741
P561440 4.991 4.310 -5.054 3.673
P561442 4.951 4.712 -3.500 1.409
P561443 4.949 4.494 -4.047 1.623
P561444 4.960 4.854 -3.355 1.059
P561445 4.908 4.704 -3.568 0.808
P561449 4.892 4.773 -4.001 0.750
P561452 4.894 4.379 -4.740 3.564
P561453 5.008 4.821 -3.651 0.810
P561455 4.954 4.794 -3.450 0.754
P561457 4.973 4.355 -4.706 3.441
P561460 4.875 4.724 -3.948 0.721
P561465 4.848 4.232 -4.649 3.613
P561469 4.719 4.525 -3.241 0.975
P561471 4.928 4.639 -3.795 1.535
P561472 4.865 4.618 -3.708 1.504
P561474 4.766 4.584 -3.662 0.792
P561477 4.830 4.724 -3.565 0.746
P561481 5.053 4.415 -4.960 3.419
P561482 4.939 4.545 -3.898 1.631
P561483 4.740 4.384 -3.819 1.753
P561484 5.047 4.755 -2.872 1.154
P561485 4.843 4.729 -3.513 0.915
P561486 5.025 4.367 -4.868 3.608
P561487 4.891 4.510 -3.741 1.611
P561489 4.925 4.754 -3.543 1.070
P561490 4.823 4.320 -4.288 3.360
P561491 4.870 4.251 -4.976 3.353
P561495 4.833 3.980 -5.332 3.385
P561497 4.945 4.854 -3.617 0.724
P561499 4.995 4.796 -4.179 1.137
P561500 4.966 4.807 -3.713 0.740
P561501 5.042 4.248 -4.312 3.699
P561507 4.818 4.696 -3.762 0.733
P561510 4.773 4.336 -4.039 1.677
P561513 5.075 4.413 -4.836 3.469
P561517 4.730 4.589 -4.062 0.722
P561529 4.953 4.284 -5.066 3.408
P561531 4.978 4.833 -3.565 0.876
P561533 5.072 4.933 -3.404 0.893
P561534 4.803 4.718 -3.615 0.809
P561540 4.988 4.630 -2.880 1.407
P561542 4.906 4.468 -5.239 3.088
P561544 5.001 4.563 -4.785 3.280
P561545 5.123 4.891 -4.447 2.780
P561547 5.108 4.688 -4.968 3.370
P561548 5.069 4.898 -4.223 3.154
P561549 4.930 4.732 -4.081 3.038
P561550 4.987 4.677 -4.847 3.383
P561551 5.087 4.815 -4.448 2.892
P561552 5.044 4.506 -5.009 3.641
P561553 5.002 4.987 -2.630 2.126
P561555 5.000 4.567 -5.158 3.248
P561560 4.988 4.874 -1.765 1.937
P561562 4.941 4.630 -4.697 2.870
P561564 4.945 4.608 -4.385 3.042
P561566 5.000 4.864 -4.145 2.869
P561568 5.051 4.941 -4.125 3.181
P561569 5.070 4.920 -4.331 2.919
P561571 4.931 4.769 -4.143 2.928
P561572 5.164 4.702 -4.258 2.873
P561573 5.085 4.758 -4.619 2.849
P561574 5.094 4.787 -4.366 3.219
P561578 4.972 4.613 -4.386 3.310
P561579 4.893 4.508 -5.223 2.965
P561580 5.096 4.655 -5.028 3.426
P561581 4.982 4.578 -4.414 3.008
P561582 5.103 4.934 -4.448 2.780
P561583 5.046 4.639 -5.154 2.998
P561590 5.117 4.523 -4.811 3.762
P561592 5.125 4.724 -4.457 3.808
P561593 5.079 4.750 -4.405 3.029
P561594 4.763 4.630 -4.811 0.822
P561595 4.987 4.725 -5.220 0.657
P561596 5.042 4.296 -5.355 1.327
P561597 4.984 4.681 -5.698 0.647
P561598 5.126 4.260 -5.169 1.201
P561601 4.742 4.519 -5.667 0.598
P561603 5.038 4.678 -5.718 0.818
P561604 4.846 4.410 -4.804 1.105
P561605 4.936 4.644 -5.280 0.616
P561607 4.579 4.211 -5.428 1.031
P561609 4.880 4.740 -5.289 0.539
P561611 4.957 4.711 -5.013 0.619
P561612 5.061 4.344 -4.970 1.395
P561614 4.684 4.501 -5.089 0.637
P561617 4.893 4.234 -5.340 1.186
P561618 5.082 4.359 -4.426 1.405
P561623 4.814 4.537 -5.402 0.625
P561624 4.903 4.516 -5.526 1.342
P561626 5.061 4.378 -4.505 1.426
P561627 4.971 4.795 -5.379 0.679
P561628 5.028 4.372 -5.416 0.829
P561630 5.052 4.673 -5.118 1.160
P561631 5.137 4.739 -4.600 3.138
P561632 5.001 4.629 -4.815 3.377
P561633 4.916 4.701 -4.290 3.341
P561634 4.958 4.676 -4.418 3.097
P561635 5.100 5.182 -1.922 1.694
P561636 4.973 4.690 -5.277 0.642
P561637 4.787 4.344 -5.527 0.950
P561638 5.013 4.771 -5.111 0.861
P561642 4.744 4.653 -5.436 0.608
P561646 4.679 4.419 -5.334 0.687
P561651 4.794 4.308 -4.792 1.171
P561652 5.039 4.802 -5.561 0.570
P561654 5.009 4.312 -6.116 1.251
P561657 4.956 4.891 -4.413 0.603
P561658 4.849 4.568 -5.120 0.782
P561659 4.880 4.357 -4.984 1.100
P561660 4.950 4.652 -4.851 0.810
P561661 4.356 4.131 -5.495 1.819
P561662 4.366 4.057 -5.533 1.996
P561663 4.345 4.063 -5.646 1.609
P561664 4.271 3.918 -4.688 1.812
P561665 4.374 4.050 -5.474 1.966
P561666 4.335 4.047 -5.787 1.850
P561667 4.371 4.014 -4.768 1.851
P561668 4.542 4.192 -5.253 2.081
P561669 4.561 4.118 -5.060 3.479
P561670 4.397 4.037 -5.109 1.628
P561671 4.662 4.646 -2.284 0.389
P561672 4.669 4.289 -4.050 1.779
P561673 4.595 4.231 -5.169 1.597
P561674 4.505 4.213 -5.578 1.824
P561675 4.320 3.949 -5.046 1.900
P561676 4.643 4.374 -2.868 0.916
P561677 4.334 4.017 -5.619 2.033
P561678 4.569 4.167 -2.560 2.330
P561679 4.661 4.472 -5.221 2.653
P561680 4.500 4.161 -5.146 1.536
P561682 4.529 4.167 -5.675 2.002
P561683 4.520 4.168 -5.564 1.816
P561684 4.666 4.384 -2.756 1.463
P561685 4.524 4.090 -4.157 2.650
P561686 4.606 4.312 -5.013 1.632
P561687 4.675 4.379 -5.616 1.911
P561688 4.682 4.511 -2.502 0.970
P561689 4.392 4.093 -5.798 1.895
P561690 4.594 4.159 -5.023 2.370
P561691 4.377 4.018 -4.557 2.053
P561692 4.518 4.147 -5.376 2.148
P561693 4.438 4.143 -4.795 2.167
P561694 4.286 4.014 -4.744 1.764
P561695 4.576 3.941 -4.277 3.686
P561696 4.580 4.309 -5.200 1.966
P561697 4.509 4.149 -5.096 1.613
P561699 4.439 4.112 -5.750 1.903
P561700 4.451 4.162 -4.734 1.489
P561701 4.608 4.199 -4.779 2.689
P561702 4.509 4.189 -2.163 1.441
P561703 4.311 3.924 -5.332 2.706
P561704 4.461 3.981 -5.036 2.928
P561705 4.653 4.213 -4.018 3.441
P561706 4.531 4.310 -5.080 1.481
P561707 4.611 4.357 -5.520 1.904
P561708 4.571 4.140 -3.229 2.736
P561709 4.330 4.064 -5.787 1.781
P561710 4.493 4.168 -5.071 2.434
P561711 4.602 4.488 -2.314 0.274
P561712 4.664 4.461 -2.640 0.818
P561713 4.423 3.987 -5.114 1.935
P561715 4.413 4.142 -5.672 1.687
P561716 4.495 4.164 -5.773 1.573
P561720 4.368 4.011 -4.314 1.952
P561721 4.539 4.155 -5.775 2.011
P561722 4.532 4.176 -4.573 1.943
P561723 4.469 4.149 -5.727 1.736
P561725 4.498 4.258 -5.652 1.787
P561726 4.501 4.192 -5.802 1.830
P561727 4.452 4.113 -5.773 2.038
P561728 4.420 4.105 -5.708 1.991
P561729 4.353 3.905 -4.994 1.506
P561730 4.425 4.068 -4.733 1.633
P561731 4.379 4.064 -5.607 1.787
P561732 4.687 4.489 -2.581 0.898
P561733 4.592 4.184 -4.915 2.131
P561734 4.669 4.382 -5.623 1.865
P561735 4.633 4.287 -2.680 1.088
P561736 4.617 3.980 -5.027 2.384
P561737 4.601 4.214 -5.459 1.976
P561738 4.420 4.088 -5.715 1.964
P561739 4.576 4.212 -4.093 2.124
P561740 4.734 4.248 -5.119 2.246
P561741 4.482 4.164 -5.647 1.597
P561742 4.550 4.111 -6.051 1.678
P561743 4.398 4.066 -5.534 1.631
P561745 4.646 4.165 -4.454 2.094
P561747 4.350 3.942 -4.755 2.088
P561748 4.638 4.406 -2.526 0.956
P561749 4.659 4.415 -5.316 1.775
P561750 4.626 4.430 -1.398 0.623
P561751 4.616 4.170 -3.853 2.161
P561752 4.351 4.120 -5.517 1.632
P561753 4.343 4.039 -4.858 1.501
P561754 4.573 4.364 -5.002 1.534
P561755 4.558 4.169 -5.218 1.614
P561756 4.638 4.360 -4.420 1.483
P561757 4.641 4.244 -4.282 2.553
P561758 4.368 4.090 -5.526 1.552
P561759 4.522 4.137 -5.363 1.929
P561760 4.537 4.137 -4.805 2.883
P561761 4.736 4.293 -5.153 2.818
P561762 4.601 4.521 -1.849 0.621
P561763 4.436 4.080 -5.850 1.876
P561764 4.518 4.202 -4.803 2.075
P561765 4.614 4.218 -2.451 2.633
P561766 4.759 4.298 -4.216 3.586
P561767 4.856 4.463 -5.890 2.004
P561768 4.770 4.290 -5.803 1.938
P561769 4.551 4.191 -4.480 1.894
P561772 4.610 4.276 -4.768 2.624
P561773 4.369 3.958 -5.117 1.960
P561776 4.580 4.290 -2.251 1.910
P561778 4.466 4.139 -5.289 2.182
P561779 4.571 4.219 -5.822 1.791
P561780 4.671 4.362 -4.780 2.817
P561781 4.737 4.170 -5.142 2.413
P561782 4.612 4.388 -5.393 2.271
P561783 4.558 4.193 -5.931 2.255
P561786 4.751 4.496 -3.157 1.198
P561788 4.788 4.532 -5.250 2.780
P561789 4.493 4.103 -5.650 1.707
P561790 4.508 4.074 -5.089 2.543
P561791 4.698 4.403 -2.915 1.061
P561794 4.746 4.374 -5.389 2.105
P561796 4.685 4.383 -5.143 3.285
P561798 4.589 4.284 -5.996 1.934
P561800 4.738 4.644 -1.336 0.632
P561801 4.721 4.407 -5.269 1.679
P561803 4.811 4.462 -5.864 2.129
P561805 4.577 4.189 -5.848 1.828
P561806 4.827 4.455 -2.873 1.849
P561807 4.583 4.185 -5.950 2.084
P561808 4.603 4.307 -5.004 2.160
P561809 4.705 4.409 -2.339 1.950
P561810 4.767 4.441 -2.816 1.358
P561811 4.694 4.434 -5.167 1.487
P561812 4.791 4.025 -4.241 4.113
P561813 4.561 4.215 -5.432 1.592
P561814 4.663 4.286 -5.024 2.793
P561815 4.790 4.484 -3.024 1.387
P561816 4.907 4.500 -5.320 2.672
P561817 4.744 4.177 -4.221 3.555
P561819 4.564 4.126 -5.276 1.739
P561821 4.617 4.240 -5.825 1.865
P561823 4.744 4.228 -5.181 1.512
P561824 4.503 4.127 -4.919 2.901
P561825 4.545 4.135 -4.177 3.400
P561826 4.416 4.098 -5.602 1.841
P561827 4.575 4.256 -2.941 2.468
P561828 4.726 4.344 -5.461 1.929
P561829 4.629 4.282 -5.609 1.841
P561830 4.761 4.324 -5.070 2.315
P561831 4.647 3.900 -4.510 3.785
P561832 4.670 4.266 -5.615 1.582
P561834 4.760 4.315 -5.324 1.996
P561835 4.620 4.234 -4.326 2.276
P561836 4.413 4.075 -5.633 2.214
P561837 4.492 4.126 -4.989 2.557
P561839 4.500 4.074 -4.895 3.452
P561840 4.636 4.307 -5.681 2.043
P561841 4.347 4.032 -5.172 1.718
P561843 4.825 4.580 -2.742 0.740
P561845 4.665 4.362 -5.418 2.060
P561846 4.624 4.307 -5.275 1.942
P561847 4.676 4.388 -5.549 2.051
P561848 4.656 4.277 -3.995 2.503
P561849 4.441 4.096 -5.959 1.739
P561850 4.521 4.217 -5.094 2.420
P561851 4.423 4.049 -5.194 1.771
P561852 4.626 4.500 -2.386 1.062
P561853 4.856 4.427 -5.677 2.117
P561854 4.799 4.318 -4.519 2.146
P561855 4.559 4.128 -5.345 1.762
P561856 4.651 4.304 -5.520 2.312
P561857 4.757 4.415 -2.662 2.154
P561858 4.652 4.357 -5.185 1.963
P561859 4.514 4.125 -5.334 1.569
P561860 4.801 4.214 -4.725 3.566
P561861 4.824 4.473 -4.237 1.853
P561862 4.732 4.287 -5.552 1.543
P561863 4.715 4.253 -5.709 1.874
P561864 4.857 4.399 -2.502 1.952
P561865 4.762 4.354 -4.163 2.254
P561866 4.538 4.227 -5.744 1.974
P561867 4.377 3.938 -5.233 1.880
P561868 4.559 4.457 -2.514 0.382
P561869 4.686 4.264 -5.353 2.807
P561870 4.657 4.263 -5.158 1.677
P561871 4.744 4.368 -5.275 1.520
P561874 4.767 4.386 -5.052 1.929
P561875 4.722 4.541 -1.464 0.646
P561877 4.465 4.104 -5.909 1.751
P561879 4.785 4.510 -2.450 0.836
P561880 4.738 4.441 -5.183 2.229
P561881 4.588 4.127 -5.270 1.787
P561882 4.637 4.289 -5.368 2.139
P561883 4.792 4.606 -2.264 0.506
P561884 4.522 4.213 -2.672 2.142
P561885 4.679 4.370 -4.992 2.130
P561886 4.722 4.265 -4.201 2.760
P561887 4.539 4.186 -5.732 1.893
P561888 4.760 4.568 -2.750 0.818
P561889 4.802 4.469 -5.621 2.151
P561890 4.703 4.368 -5.014 1.830
P561891 4.780 4.284 -5.305 2.071
P561892 4.556 4.184 -5.520 1.904
P561894 4.536 4.118 -5.407 1.504
P561895 4.631 4.294 -4.228 1.878
P561896 4.586 4.531 -2.518 0.421
P561897 4.346 4.024 -5.312 1.610
P561898 4.520 4.102 -5.386 2.190
P561899 4.631 4.232 -4.934 2.818
P561900 4.679 4.288 -5.220 2.248
P561901 4.688 4.214 -5.152 2.286
P561903 4.733 4.646 -2.543 0.380
P561905 4.865 4.426 -5.105 3.091
P561907 4.861 4.694 -1.281 1.029
P561909 4.778 4.178 -4.138 3.621
P561910 4.686 4.248 -4.914 2.899
P561912 4.907 4.782 -1.771 0.287
P561913 4.745 4.323 -4.094 2.590
P561914 4.586 4.157 -6.273 1.916
P561915 4.672 4.227 -5.591 2.151
P561916 4.740 4.307 -2.703 2.876
P561917 4.639 4.190 -4.758 2.930
P561918 4.515 4.151 -6.330 1.737
P561919 4.808 4.760 -2.085 0.431
P561920 4.766 4.487 -5.458 1.673
P561921 4.736 4.341 -6.189 1.785
P561923 4.742 4.397 -5.210 1.692
P561925 4.892 4.550 -5.673 1.795
P561927 4.825 4.388 -4.557 3.462
P561928 4.536 4.246 -5.488 1.663
P561930 4.719 4.121 -5.503 2.009
P561932 4.674 4.262 -5.287 2.037
P561933 4.575 4.360 -3.985 2.178
P561934 4.495 4.165 -4.804 1.833
P561935 4.662 4.338 -4.537 2.359
P561936 4.693 4.344 -3.511 1.954
P561937 4.665 4.294 -2.457 2.524
P561938 4.584 4.219 -4.649 1.887
P561939 4.650 4.136 -4.538 2.995
P561940 4.516 4.380 -1.877 0.723
P561941 4.363 4.056 -5.575 2.008
P561942 4.425 4.131 -5.080 2.097
P561943 4.463 4.126 -1.975 1.650
P561944 4.557 4.070 -4.964 2.341
P561945 4.340 4.008 -5.666 1.739
P561946 4.544 4.081 -3.754 2.986
P561947 4.605 4.362 -5.666 2.179
P561948 4.579 4.206 -5.570 1.950
P561949 4.611 4.255 -5.807 1.619
P561950 4.686 4.323 -5.244 1.825
P561951 4.758 4.378 -5.486 2.124
P561952 4.697 4.279 -4.038 2.390
P561953 4.435 4.054 -4.878 1.759
P561954 4.655 4.231 -4.914 2.328
P561955 4.675 4.330 -5.066 3.269
P561956 4.526 4.323 -4.582 1.485
P561957 4.779 4.279 -4.070 2.371
P561958 4.810 4.393 -2.741 1.462
P561959 4.700 4.473 -3.049 1.693
P561960 4.448 4.084 -5.179 1.539
P561961 4.774 4.330 -5.706 1.902
P561962 4.512 4.130 -5.954 2.102
P561963 4.778 4.402 -5.380 2.098
P561965 4.894 4.772 -1.518 0.611
P561966 4.639 4.290 -5.453 2.111
P561968 4.574 4.239 -5.812 1.896
P561970 4.754 4.644 -2.056 0.461
P561972 4.902 4.448 -5.410 2.371
P561973 4.612 4.187 -5.698 1.822
P561975 4.630 4.351 -5.320 1.654
P561976 4.746 4.437 -5.846 2.026
P561977 4.673 4.246 -4.041 2.717
P561978 4.443 4.123 -5.849 1.727
P561979 4.576 4.169 -4.972 2.828
P561980 4.665 4.436 -1.888 0.745
P561981 4.844 4.513 -5.640 1.831
P561982 4.541 4.188 -5.490 1.839
P561983 4.841 4.419 -5.075 2.177
P561984 4.762 4.488 -2.952 1.191
P561985 4.562 4.161 -5.538 2.011
P561986 4.709 4.204 -4.817 2.746
P561987 4.552 4.186 -5.527 1.865
P561988 4.926 4.748 -2.675 0.543
P561989 4.863 4.471 -5.555 1.900
P561990 4.749 4.337 -5.006 1.682
P561991 4.395 4.069 -5.119 1.353
P561992 4.732 4.289 -5.763 1.929
P561993 4.581 4.153 -5.257 1.948
P561995 4.708 4.504 -2.802 0.920
P561996 4.698 4.242 -3.944 1.957
P561999 4.664 4.270 -4.435 2.142
P562000 4.462 4.183 -5.483 1.904
P562002 4.703 4.350 -4.893 2.629
P562003 4.637 4.324 -4.749 2.131
P562004 4.754 4.386 -2.585 2.697
P562005 4.574 4.217 -5.707 1.921
P562006 4.743 4.541 -3.018 1.544
P562007 4.927 4.434 -5.124 2.320
P562009 4.648 4.407 -5.347 1.494
P562011 4.752 4.398 -4.849 1.546
P562013 4.693 4.469 -2.907 0.961
P562015 4.472 4.202 -6.006 1.776
P562016 4.540 4.190 -5.153 3.462
P562018 4.588 4.336 -5.002 2.019
P562019 4.590 4.462 -1.829 0.720
P562021 4.580 4.186 -5.337 2.119
P562022 4.657 4.222 -4.918 2.824
P562024 4.528 4.241 -5.901 1.772
P562026 4.757 4.607 -1.349 0.706
P562028 4.819 4.579 -5.524 1.757
P562029 4.676 4.278 -4.946 1.993
P562030 4.755 4.360 -5.362 2.009
P562031 4.693 4.256 -5.596 1.537
P562033 4.732 4.404 -5.407 1.761
P562036 4.488 4.122 -5.580 2.156
P562037 4.688 4.347 -2.795 2.372
P562040 4.510 4.099 -5.756 1.930
P562041 4.711 4.213 -3.154 2.682
P562043 4.598 4.181 -4.966 2.435
P562046 4.492 4.086 -5.704 1.706
P562047 4.680 4.398 -3.118 2.246
P562049 4.644 4.283 -3.617 1.885
P562051 4.649 4.336 -5.424 2.077
P562052 4.685 4.050 -4.456 3.949
P562053 4.820 4.534 -4.882 1.950
P562054 4.728 4.426 -5.225 1.447
P562055 4.586 4.196 -4.657 3.217
P562057 4.587 4.308 -4.842 2.093
P562059 4.731 4.238 -3.313 2.474
P562060 4.546 4.186 -5.150 2.085
P562062 4.555 4.212 -5.907 1.925
P562064 4.709 4.306 -4.438 2.258
P562065 4.763 4.286 -4.780 3.200
P562067 4.768 4.359 -5.937 1.893
P562068 4.754 4.420 -5.434 1.859
P562069 4.657 4.188 -4.202 2.260
P562070 4.458 4.073 -5.709 1.805
P562071 4.621 4.270 -4.648 3.156
P562072 4.574 4.177 -4.892 2.255
P562074 4.736 4.429 -5.843 1.930
P562076 4.630 4.342 -2.766 1.295
P562077 4.659 4.265 -5.919 1.947
P562080 4.789 4.180 -4.127 3.188
P562083 4.836 4.471 -4.986 2.119
P562084 4.893 4.392 -5.347 2.177
P562085 4.738 4.347 -4.611 2.110
P562086 4.767 4.475 -2.832 1.307
P562087 4.599 4.129 -5.111 1.751
P562088 4.775 4.561 -2.767 0.982
P562089 4.662 4.286 -5.104 2.427
P562090 4.574 4.191 -5.231 1.663
P562091 4.821 4.564 -2.667 0.847
P562092 4.836 4.505 -5.431 2.965
P562093 4.729 4.329 -5.167 1.674
P562095 4.741 4.388 -5.832 1.887
P562096 4.658 4.275 -5.335 2.115
P562097 4.517 4.163 -5.631 1.910
P562098 4.633 4.314 -4.482 2.103
P562101 4.533 4.235 -5.913 1.566
P562103 4.694 4.272 -4.921 3.274
P562107 4.639 4.257 -5.178 2.813
P562110 4.741 4.338 -3.704 2.111
P562113 4.641 4.319 -5.647 2.077
P562116 4.583 4.163 -6.052 2.009
P562120 4.731 4.625 -2.286 0.629
P562123 4.741 4.320 -3.861 1.819
P562126 4.657 4.441 -5.039 1.960
P562127 4.758 4.448 -5.547 2.015
P562128 4.722 4.262 -4.306 3.569
P562129 4.500 4.181 -5.710 1.718
P562130 4.674 4.096 -5.206 2.474
P562133 4.857 4.519 -5.885 1.815
P562135 4.477 4.153 -5.164 1.750
P562136 4.684 4.230 -5.429 1.936
P562137 4.668 4.249 -5.261 1.958
P562138 4.568 4.232 -4.963 2.081
P562140 4.422 4.068 -4.808 3.298
P562141 4.845 4.505 -4.742 2.226
P562142 4.727 4.418 -5.389 1.720
P562143 4.542 4.459 -4.007 1.329
P562144 4.683 4.264 -5.203 1.805
P562145 4.670 4.329 -6.040 1.724
P562146 4.620 4.236 -5.372 1.835
P562147 4.567 4.406 -6.348 1.725
P562148 4.752 4.399 -5.807 1.567
P562149 4.643 4.584 -4.810 1.107
P562150 4.568 4.311 -5.529 1.370
P562151 4.673 4.363 -5.301 1.725
P562152 4.602 4.234 -5.770 1.880
P562153 4.506 4.327 -5.493 1.387
P562154 4.693 4.293 -3.657 2.671
P562155 4.530 4.475 -2.569 1.584
P562156 4.406 4.163 -6.184 1.077
P562157 4.646 4.432 -4.385 2.396
P562158 4.781 4.472 -4.513 2.353
P562160 4.442 4.058 -4.714 3.375
P562161 4.545 4.320 -5.946 1.801
P562162 4.830 4.476 -5.456 2.067
P562164 4.473 4.045 -4.741 1.740
P562165 4.523 4.131 -5.363 2.189
P562166 4.488 4.272 -5.812 1.646
P562168 4.422 3.933 -5.086 3.380
P562169 4.816 4.448 -5.216 2.265
P562170 4.573 4.274 -4.933 1.807
P562171 4.771 4.600 -4.508 1.918
P562172 4.650 4.252 -5.699 2.285
P562173 4.593 4.367 -5.286 1.076
P562174 4.594 4.201 -4.182 2.248
P562175 4.602 4.326 -5.100 1.678
P562176 4.394 4.064 -5.316 1.978
P562177 4.525 4.135 -5.546 1.899
P562178 4.758 4.237 -5.374 1.862
P562180 4.441 3.989 -5.033 1.718
P562181 4.493 4.101 -5.371 1.813
P562182 4.709 4.297 -5.454 1.856
P562183 4.690 4.250 -5.751 1.863
P562184 4.635 4.355 -5.086 1.286
P562186 4.662 4.305 -5.813 2.003
P562187 4.692 4.315 -5.788 1.539
P562188 4.686 4.390 -5.443 1.764
P562189 4.599 4.361 -5.462 1.403
P562190 4.708 4.516 -5.332 1.028
P562191 4.796 4.439 -5.596 1.455
P562192 4.899 4.464 -5.215 2.241
P562193 4.294 4.087 -4.941 3.416
P562195 4.589 4.387 -6.071 1.790
P562196 4.672 4.345 -5.429 1.863
P562197 4.698 4.334 -5.092 1.974
P562198 4.708 4.572 -5.418 0.958
P562199 4.831 4.443 -5.824 2.220
P562200 4.960 4.239 -5.430 2.603
P562201 4.441 4.143 -4.670 2.770
P562203 4.578 4.378 -6.088 1.742
P562204 4.736 4.607 -5.384 0.920
P562205 4.557 4.479 -1.612 1.177
P562206 4.743 4.498 -1.841 1.128
P562207 4.541 4.388 -5.404 1.457
P562208 4.661 4.378 -5.634 1.821
P562209 4.411 4.092 -5.606 1.987
P562210 4.784 4.381 -5.438 1.357
P562211 4.922 4.237 -5.422 2.539
P562212 4.552 4.371 -5.805 1.640
P562214 4.497 4.139 -3.955 3.665
P562216 4.529 4.165 -5.731 1.869
P562217 4.728 4.257 -5.989 1.810
P562218 4.594 4.369 -1.820 1.850
P562220 4.625 4.283 -4.830 1.675
P562221 4.595 4.227 -5.750 2.335
P562222 4.523 4.299 -5.465 1.990
P562224 4.902 4.725 -2.895 0.908
P562225 4.693 4.275 -5.826 1.582
P562227 4.604 4.214 -4.978 3.068
P562228 4.862 4.452 -5.887 1.857
P562230 4.500 4.116 -5.681 1.579
P562232 4.947 4.526 -5.160 2.848
P562234 4.726 4.484 -5.019 1.685
P562236 4.632 4.274 -5.544 1.326
P562239 4.526 4.436 -4.621 2.879
P562240 5.031 4.625 -5.483 1.937
P562242 4.733 4.167 -4.832 3.392
P562243 4.717 4.470 -6.174 1.702
P562246 4.522 4.094 -5.575 1.796
P562247 4.662 4.161 -4.510 3.771
P562249 4.973 4.730 -2.217 0.567
P562250 4.965 4.497 -4.021 2.212
P562252 4.701 4.598 -2.383 0.508
P562253 4.556 4.202 -5.748 2.045
P562255 4.673 4.221 -5.115 1.932
P562256 4.916 4.499 -5.631 1.758
P562257 4.957 4.679 -5.600 2.707
P562258 4.875 4.786 -2.400 0.432
P562259 4.684 4.178 -5.413 1.899
P562260 4.745 4.473 -5.577 2.039
P562261 4.638 4.128 -3.463 2.736
P562263 4.942 4.467 -2.145 2.151
P562264 4.756 4.532 -5.558 2.036
P562265 4.776 4.470 -5.097 2.981
P562266 4.648 4.304 -5.674 1.600
P562267 4.943 4.849 -2.788 0.479
P562268 4.964 4.579 -4.558 1.556
P562269 4.865 4.523 -5.778 1.596
P562270 4.582 4.156 -4.860 2.905
P562273 4.768 4.515 -5.866 1.574
P562274 4.543 4.286 -4.981 3.443
P562278 4.967 4.499 -4.981 2.775
P562279 4.801 4.293 -4.870 3.296
P562281 4.973 4.625 -6.103 2.209
P562282 4.905 4.820 -4.862 0.823
P562284 4.880 4.442 -4.415 3.599
P562285 4.883 4.510 -5.266 1.741
P562288 4.842 4.512 -5.781 1.726
P562290 4.692 4.290 -6.181 1.883
P562292 4.842 4.413 -5.039 1.871
P562293 4.710 4.310 -4.272 3.543
P562296 4.461 4.140 -5.728 1.702
P562298 4.639 4.097 -5.135 2.617
P562299 4.829 4.496 -2.815 1.138
P562300 4.691 4.263 -5.640 2.285
P562301 4.848 4.246 -4.956 2.223
P562302 4.674 4.287 -3.762 2.404
P562303 4.776 4.511 -4.989 2.674
P562304 4.703 4.443 -5.325 1.730
P562306 4.727 4.405 -5.788 1.874
P562307 4.770 4.326 -5.812 2.968
P562310 4.788 4.234 -4.302 4.306
P562312 4.830 4.759 -4.743 0.803
P562314 4.851 4.466 -5.693 1.375
P562315 4.494 4.120 -5.756 1.890
P562316 4.667 4.056 -2.965 3.468
P562317 4.908 4.329 -4.936 2.224
P562318 4.692 4.523 -4.494 3.132
P562319 4.678 4.235 -5.726 1.880
P562320 4.901 4.456 -4.014 2.254
P562321 4.988 4.619 -5.725 1.759
P562322 4.849 4.450 -5.376 2.094
P562323 4.748 4.359 -4.984 1.506
P562324 4.849 4.436 -3.572 1.473
P562325 4.705 4.627 -2.634 0.561
P562326 4.507 4.128 -5.656 1.810
P562327 4.568 4.240 -4.240 3.286
P562328 4.736 4.054 -4.887 2.410
P562329 4.714 4.399 -4.979 1.786
P562330 4.695 4.248 -5.658 1.583
P562331 4.525 4.584 -1.646 2.209
P562332 4.756 4.290 -5.681 2.077
P562333 4.822 4.497 -4.684 2.027
P562334 4.799 4.410 -4.289 1.972
P562335 4.878 4.332 -3.526 4.387
P562336 4.950 4.535 -5.219 2.215
P562337 4.929 4.258 -3.993 3.697
P562338 4.784 4.474 -5.839 1.754
P562339 4.768 4.403 -4.875 1.937
P562340 4.909 4.659 -2.142 0.961
P562341 4.617 4.384 -6.081 0.963
P562342 4.807 4.435 -4.802 3.099
P562343 4.705 4.324 -5.779 1.709
P562344 4.940 4.374 -3.195 2.215
P562345 5.030 4.422 -5.276 2.436
P562346 4.913 4.447 -5.778 1.827
P562347 4.829 4.529 -5.034 1.693
P562348 4.936 4.725 -5.268 1.966
P562349 4.785 4.458 -4.066 1.746
P562350 4.883 4.496 -3.981 2.198
P562351 4.836 4.354 -5.059 2.365
P562352 4.685 4.426 -5.918 1.595
P562353 5.086 4.444 -4.204 2.797
P562354 4.810 4.417 -5.661 1.497
P562355 4.736 4.521 -5.623 2.711
P562356 5.067 4.595 -4.511 2.481
P562358 4.621 4.395 -3.614 1.690
P562359 4.702 4.500 -5.759 1.707
P562360 4.700 4.225 -5.357 1.804
P562361 4.792 4.532 -5.065 2.423
P562362 4.903 4.425 -4.707 2.207
P562363 4.982 4.659 -5.511 1.534
P562364 4.858 4.426 -5.904 1.541
P562365 4.601 4.480 -2.310 0.502
P562366 4.355 3.947 -5.128 2.309
P562367 4.598 4.308 -2.799 1.220
P562368 4.547 4.212 -4.357 1.883
P562369 4.780 4.393 -5.325 1.792
P562370 4.812 4.597 -5.310 1.211
P562371 4.771 4.558 -4.510 2.350
P562372 4.956 4.204 -5.767 2.512
P562373 4.610 4.187 -5.292 2.297
P562375 4.704 4.375 -5.676 1.709
P562376 4.858 4.436 -4.105 2.276
P562377 4.646 4.125 -4.895 2.484
P562378 4.536 4.230 -3.592 2.681
P562379 4.443 4.052 -5.672 2.004
P562380 4.713 4.387 -2.838 1.210
P562381 4.837 4.371 -5.010 2.470
P562384 4.961 4.581 -5.030 2.133
P562390 4.713 4.480 -4.980 2.842
P562393 4.754 4.494 -5.979 1.493
P562399 4.896 4.641 -5.644 1.553
P562401 4.847 4.561 -5.764 1.405
P562405 4.938 4.790 -2.127 0.655
P562406 4.686 4.432 -5.391 2.119
P562407 4.656 4.211 -5.502 1.909
P562408 4.693 4.335 -5.012 2.100
P562409 4.777 4.317 -4.390 2.489
P562410 4.576 4.340 -2.110 1.856
P562412 4.696 4.573 -2.488 0.529
P562415 4.752 4.357 -5.124 2.194
P562417 4.853 4.527 -5.156 2.071
P562422 4.859 4.450 -5.493 1.730
P562424 4.689 4.265 -4.459 3.558
P562425 4.907 4.500 -3.312 2.616
P562426 4.987 4.665 -5.103 1.516
P562427 4.902 4.494 -5.875 1.906
P562428 4.691 4.183 -4.953 2.014
P562429 4.923 4.500 -3.530 2.632
P562430 4.963 4.439 -3.732 1.957
P562431 4.663 4.304 -2.568 2.227
P562432 4.522 4.077 -5.751 1.937
P562434 4.941 4.542 -2.829 1.674
P562435 4.747 4.234 -5.885 2.034
P562436 4.765 4.503 -2.581 3.137
P562437 4.910 4.512 -4.226 2.273
P562438 4.743 4.188 -4.949 3.048
P562439 4.661 4.212 -5.835 1.909
P562440 4.946 4.749 -2.598 0.595
P562441 4.972 4.635 -5.910 2.146
P562442 4.861 4.469 -5.092 1.664
P562443 4.986 4.648 -5.099 2.705
P562444 4.688 4.426 -4.445 3.008
P562445 4.710 4.248 -4.401 2.185
P562448 4.684 4.307 -3.829 1.715
P562449 4.708 4.296 -6.042 1.662
P562450 4.760 4.409 -4.880 1.517
P562451 4.764 4.432 -5.002 1.749
P562452 4.794 4.239 -3.973 3.833
P562453 4.918 4.373 -5.782 2.214
P562454 4.754 4.407 -5.050 3.361
P562455 4.924 4.541 -5.045 2.672
P562457 4.613 4.327 -3.914 2.896
P562458 4.652 4.491 -6.038 1.697
P562459 4.747 4.288 -5.069 2.896
P562460 4.828 4.476 -5.351 1.534
P562462 4.668 4.415 -4.236 1.305
P562464 4.777 4.376 -5.585 1.892
P562466 4.723 4.127 -4.059 2.492
P562468 4.507 4.167 -5.636 1.603
P562470 4.573 4.440 -0.834 0.799
P562472 4.681 4.164 -5.167 2.258
P562473 4.954 4.591 -5.566 2.271
P562474 4.999 4.692 -3.035 0.886
P562475 4.754 4.296 -5.384 1.626
P562476 4.948 4.820 -2.404 0.623
P562477 4.491 4.310 -5.261 1.694
P562478 4.698 4.397 -4.919 2.914
P562479 4.667 4.378 -5.274 2.210
P562480 4.841 4.467 -5.787 2.016
P562481 4.667 4.199 -4.054 2.188
P562482 4.449 4.011 -4.982 1.599
P562483 4.547 4.212 -4.672 3.058
P562484 4.556 4.274 -5.007 2.002
P562485 4.651 4.371 -2.978 0.682
P562486 4.697 4.247 -4.870 2.029
P562487 4.463 4.143 -5.743 2.032
P562488 4.733 4.406 -2.945 1.355
P562489 4.697 4.209 -4.612 2.147
P562490 4.699 4.237 -5.795 1.867
P562491 4.877 4.531 -4.168 1.965
P562492 4.790 4.351 -2.912 2.168
P562493 4.648 4.075 -5.324 2.160
P562494 4.867 4.479 -5.251 2.082
P562495 4.856 4.421 -5.218 2.905
P562496 4.666 4.260 -4.916 1.756
P562497 4.982 4.546 -4.870 2.468
P562498 4.826 4.507 -3.502 2.374
P562499 4.894 4.478 -5.497 2.191
P562500 4.830 4.440 -4.851 2.562
P562501 4.657 4.353 -5.004 1.520
P562502 4.864 4.446 -4.178 3.310
P562503 4.948 4.646 -5.830 1.954
P562504 4.948 4.538 -5.532 1.609
P562506 4.874 4.559 -5.164 1.493
P562507 4.700 4.305 -5.896 1.916
P562508 4.708 4.324 -5.374 2.264
P562509 4.792 4.550 -2.010 1.137
P562510 4.575 4.362 -4.641 1.800
P562511 4.747 4.486 -5.601 1.092
P562512 4.781 4.448 -5.526 1.147
P562513 4.943 4.503 -5.441 2.306
P562515 4.527 4.099 -5.398 3.356
P562516 4.656 4.433 -6.243 1.778
P562517 5.005 4.610 -5.536 1.846
P562520 4.918 4.765 -1.849 0.546
P562522 4.710 4.386 -5.536 1.562
P562523 4.801 4.484 -5.081 2.792
P562525 4.454 4.026 -4.283 2.965
P562526 4.533 4.268 -5.401 1.718
P562527 4.817 4.475 -5.614 2.278
P562528 4.772 4.248 -6.316 2.270
P562529 4.738 4.428 -4.521 2.431
P562532 4.856 4.488 -3.664 2.100
P562533 4.775 4.281 -5.753 1.814
P562536 4.855 4.784 -2.792 0.841
P562538 5.012 4.500 -5.172 2.658
P562539 4.638 4.356 -6.105 1.762
P562540 4.639 4.144 -5.372 2.072
P562541 4.864 4.428 -4.182 2.133
P562542 4.510 4.411 -5.259 1.341
P562543 4.898 4.532 -4.787 1.301
P562544 4.915 4.277 -4.817 2.904
P562545 4.732 4.434 -4.737 2.718
P562546 4.621 4.340 -5.590 2.510
P562547 4.955 4.693 -2.951 0.993
P562548 5.005 4.617 -5.819 2.104
P562549 4.927 4.469 -5.839 1.937
P562550 4.651 4.268 -5.876 1.569
P562551 4.741 4.420 -5.427 1.432
P562552 4.958 4.536 -5.060 2.204
P562553 4.840 4.513 -4.847 1.999
P562554 4.807 4.379 -5.832 2.020
P562555 4.696 4.377 -5.092 2.211
P562556 4.812 4.374 -2.526 2.381
P562557 4.670 4.415 -4.888 2.343
P562558 4.641 4.292 -5.808 1.659
P562559 4.792 4.344 -3.044 2.525
P562560 4.948 4.609 -5.582 1.788
P562561 4.738 4.294 -3.528 2.177
P562562 4.497 4.067 -5.654 1.572
P562563 4.565 4.194 -4.706 1.467
P562564 4.786 4.575 -2.989 0.899
P562565 4.696 4.271 -3.100 2.438
P562566 4.515 4.096 -5.776 1.592
P562567 4.745 4.575 -2.886 0.589
P562568 4.684 4.256 -4.196 1.815
P562569 4.678 4.243 -5.133 1.609
P562570 4.715 4.286 -4.706 2.112
P562571 4.877 4.579 -5.238 2.009
P562572 4.667 4.278 -5.764 1.921
P562573 4.855 4.777 -1.903 0.461
P562575 4.798 4.506 -2.894 1.317
P562577 4.657 4.236 -4.469 2.331
P562579 4.464 4.034 -5.233 1.991
P562580 4.650 4.367 -5.069 2.305
P562581 4.832 4.438 -4.841 2.432
P562582 4.560 4.460 -5.941 2.240
P562583 4.778 4.478 -3.125 2.149
P562584 4.938 4.560 -5.634 1.850
P562585 4.735 4.465 -5.066 1.777
P562586 4.649 4.311 -5.400 1.548
P562588 4.760 4.412 -5.505 1.814
P562591 4.673 4.088 -4.555 3.605
P562592 4.450 4.106 -5.156 1.603
P562595 4.580 4.245 -4.922 2.739
P562597 4.567 4.300 -5.240 2.086
P562598 4.643 4.484 -3.138 0.698
P562601 4.613 4.207 -5.406 2.166
P562602 4.801 4.356 -4.525 2.828
P562605 4.794 4.355 -5.163 2.432
P562607 4.728 4.381 -5.574 1.531
P562609 4.950 4.828 -0.974 0.589
P562611 4.997 4.569 -5.036 2.069
P562612 4.910 4.486 -5.172 1.623
P562613 4.856 4.539 -1.935 1.903
P562615 4.718 4.399 -5.220 2.245
P562617 4.857 4.477 -5.983 1.881
P562618 4.831 4.767 -2.782 0.408
P562620 4.984 4.788 -2.190 0.878
P562623 4.928 4.608 -5.104 2.229
P562624 5.003 4.855 -2.214 0.810
P562626 4.749 4.312 -5.696 1.931
P562628 4.832 4.346 -3.943 3.814
P562630 4.852 4.434 -5.059 2.150
P562631 4.754 4.407 -4.941 2.454
P562634 4.657 4.390 -5.528 1.494
P562635 4.752 4.251 -4.762 2.085
P562637 4.853 4.451 -3.537 1.995
P562640 4.605 4.364 -6.280 2.033
P562642 4.680 4.377 -5.439 2.003
P562644 4.682 4.297 -4.955 2.782
P562645 4.656 4.285 -5.179 3.352
P562648 4.617 4.192 -5.768 1.740
P562650 4.875 4.306 -5.334 2.278
P562652 4.970 4.501 -5.576 1.890
P562654 4.834 4.341 -5.799 1.824
P562655 4.810 4.469 -3.634 2.176
P562657 4.940 4.896 -2.620 0.514
P562660 5.008 4.526 -4.819 1.635
P562662 4.840 4.418 -5.121 1.528
P562664 4.861 4.564 -5.540 2.775
P562666 4.759 4.686 -2.344 0.473
P562668 4.595 4.078 -5.379 2.322
P562669 4.699 4.072 -5.652 2.658
P562671 4.788 4.278 -2.890 2.912
P562673 4.643 4.134 -5.366 2.113
P562674 4.623 4.545 -1.319 0.731
P562677 4.523 4.177 -5.565 1.596
P562679 4.768 4.672 -2.830 0.421
P562680 4.878 4.465 -4.170 1.970
P562682 4.774 4.320 -6.538 2.229
P562684 4.547 4.145 -5.902 1.922
P562685 4.928 4.552 -3.113 2.558
P562686 5.039 4.590 -5.764 1.892
P562687 4.854 4.462 -5.101 1.523
P562688 4.650 4.261 -5.836 1.873
P562689 4.815 4.402 -5.368 1.672
P562690 4.850 4.433 -3.311 2.709
P562691 4.767 4.502 -4.424 1.647
P562692 4.891 4.587 -5.437 1.045
P562693 4.965 4.460 -5.584 1.875
P562694 5.003 4.654 -4.539 2.338
P562695 4.842 4.470 -4.982 1.625
P562696 4.392 4.172 -4.686 3.588
P562698 4.803 4.452 -4.857 2.749
P562699 4.631 4.171 -4.825 2.033
P562700 4.718 4.318 -4.496 1.962
P562701 4.529 4.028 -5.586 2.016
P562702 4.882 4.358 -4.978 2.600
P562703 4.643 4.206 -3.598 2.247
P562704 4.545 4.293 -5.199 1.905
P562705 4.474 4.076 -5.892 1.702
P562706 4.722 4.454 -2.986 0.948
P562707 4.822 4.384 -5.061 1.666
P562708 4.644 4.238 -5.265 1.539
P562709 4.765 4.537 -6.071 1.712
P562710 4.684 4.441 -5.230 3.033
P562711 4.616 4.167 -4.975 2.629
P562712 4.746 4.379 -6.134 1.899
P562714 4.722 4.417 -5.148 1.805
P562716 4.823 4.440 -3.350 2.574
P562717 4.827 4.604 -5.711 0.939
P562719 4.845 4.387 -5.912 1.587
P562721 4.400 4.110 -4.978 1.648
P562722 4.899 4.502 -5.381 2.839
P562725 4.573 4.158 -4.757 3.455
P562729 4.719 4.533 -6.478 1.705
P562730 4.766 4.535 -3.085 0.829
P562731 4.842 4.507 -5.622 1.901
P562732 4.812 4.370 -5.824 1.842
P562734 4.734 4.546 -5.788 1.581
P562736 4.737 4.360 -4.888 3.259
P562739 4.723 4.312 -4.874 2.278
P562742 4.804 4.445 -4.425 1.945
P562744 4.614 4.331 -5.883 1.908
P562745 4.713 4.352 -5.298 2.100
P562747 4.791 4.553 -2.899 0.700
P562749 4.987 4.598 -5.144 2.881
P562750 4.953 4.753 -2.742 1.504
P562751 4.784 4.335 -4.729 2.122
P562752 4.984 4.536 -5.274 2.531
P562755 4.857 4.580 -5.132 2.174
P562756 4.704 4.359 -5.919 1.944
P562757 4.741 4.449 -5.108 2.065
P562758 4.929 4.497 -6.150 1.753
P562760 4.832 4.375 -5.268 1.715
P562763 4.804 4.731 -4.256 0.701
P562765 4.939 4.624 -6.066 2.243
P562766 4.621 4.373 -4.923 3.429
P562767 4.750 4.383 -6.119 1.957
P562768 4.733 4.292 -5.467 1.811
P562769 4.850 4.602 -1.688 1.641
P562770 4.900 4.510 -6.080 2.217
P562771 4.753 4.408 -5.303 2.421
P562772 4.874 4.463 -5.171 2.828
P562773 4.667 4.412 -6.105 1.729
P562774 4.922 4.638 -2.799 0.716
P562775 4.621 4.352 -3.617 2.388
P562777 4.677 4.330 -5.847 2.107
P562778 4.878 4.729 -2.503 0.659
P562779 4.895 4.633 -2.659 1.408
P562780 4.573 4.184 -5.900 2.102
P562782 4.809 4.425 -3.168 2.505
P562784 4.911 4.519 -5.716 1.773
P562786 4.743 4.419 -5.071 1.596
P562789 4.822 4.635 -3.092 1.238
P562790 4.730 4.268 -4.961 2.983
P562792 4.732 4.358 -4.742 3.408
P562793 4.679 4.315 -6.008 1.994
P562794 4.900 4.414 -3.597 3.086
P562796 5.028 4.622 -5.336 1.879
P562798 4.870 4.493 -4.950 1.414
P562800 4.809 4.334 -5.139 2.066
P562802 4.699 4.192 -3.250 2.620
P562803 4.754 4.441 -5.525 1.810
P562804 4.699 4.244 -5.322 1.503
P562805 4.619 4.457 -3.086 0.839
P562806 4.725 4.533 -5.413 1.511
P562807 4.716 4.420 -5.413 1.319
P562808 4.667 4.449 -6.403 0.966
P562809 4.913 4.506 -5.781 1.591
P562810 4.993 4.535 -5.092 2.775
P562811 4.386 4.400 -2.268 3.289
P562813 4.798 4.499 -5.744 1.604
P562814 4.969 4.793 -2.271 0.936
P562815 4.652 4.264 -5.088 2.408
P562816 4.642 4.179 -4.725 3.432
P562817 4.491 4.013 -5.200 1.651
P562818 4.628 4.161 -6.001 2.009
P562819 4.772 4.133 -4.229 3.766
P562820 4.786 4.478 -5.415 2.145
P562821 4.766 4.451 -5.416 1.430
P562822 4.774 4.464 -5.284 1.711
P562823 4.679 4.235 -3.357 2.018
P562824 4.471 4.193 -5.679 1.831
P562825 4.753 4.397 -5.434 1.339
P562826 4.884 4.522 -5.527 1.759
P562827 4.813 4.613 -3.060 1.105
P562828 4.589 4.238 -6.120 1.763
P562829 4.858 4.576 -5.528 2.421
P562830 4.794 4.378 -4.930 2.151
P562831 4.617 4.058 -5.272 2.247
P562832 4.628 4.351 -5.494 2.295
P562833 4.732 4.303 -2.831 2.440
P562834 4.633 4.403 -5.255 2.044
P562835 4.666 4.319 -4.866 3.052
P562836 4.663 4.176 -2.587 2.555
P562838 4.863 4.427 -4.888 1.968
P562840 4.900 4.468 -3.761 2.273
P562841 4.745 4.265 -6.084 1.961
P562844 4.747 4.527 -5.235 2.220
P562845 4.833 4.429 -3.091 2.584
P562847 4.787 4.485 -5.070 2.938
P562850 4.648 4.221 -5.313 1.610
P562851 4.948 4.829 -1.292 0.547
P562853 5.016 4.564 -5.226 1.743
P562855 4.921 4.414 -6.132 1.790
P562857 4.728 4.541 -5.121 2.031
P562859 4.604 4.255 -4.952 1.894
P562864 4.486 4.138 -2.013 1.319
P562865 4.702 4.225 -3.879 1.770
P562866 4.706 4.205 -4.682 2.354
P562867 4.607 4.063 -6.086 2.088
P562868 4.780 4.334 -5.162 2.903
P562871 4.645 4.071 -5.961 3.254
P562873 4.620 4.401 -5.520 1.724
P562875 4.637 4.392 -5.214 2.133
P562876 4.720 4.077 -4.280 4.161
P562877 4.674 4.462 -5.531 0.992
P562880 4.779 4.431 -5.470 1.457
P562881 4.708 4.454 -6.686 1.706
P562882 4.978 4.484 -5.523 2.916
P562883 4.782 4.516 -5.877 1.823
P562884 4.375 4.198 -4.340 3.513
P562886 5.006 4.454 -4.948 2.827
P562887 4.754 4.542 -2.871 2.638
P562888 4.875 4.504 -5.429 1.371
P562889 4.858 4.319 -3.979 3.793
P562890 4.772 4.503 -5.528 1.402
P562891 4.802 4.496 -5.862 1.924
P562892 4.560 4.234 -5.399 1.420
P562893 4.769 4.314 -5.896 1.958
P562894 4.601 4.286 -3.134 2.230
P562895 4.413 4.023 -6.035 1.685
P562896 4.533 4.147 -4.701 2.909
P562897 4.495 4.133 -4.794 1.902
P562899 4.833 4.385 -5.136 1.752
P562900 4.814 4.581 -5.663 1.814
P562902 4.728 4.328 -5.377 1.555
P562903 4.813 4.451 -5.653 1.857
P562904 4.723 4.097 -4.661 3.708
P562905 4.532 4.093 -5.053 2.599
P562906 4.556 4.322 -5.312 2.198
P562907 4.747 4.405 -2.690 1.917
P562908 4.882 4.669 -2.175 0.790
P562910 4.556 4.277 -5.499 2.137
P562911 4.735 4.350 -3.491 2.220
P562912 4.679 4.244 -4.994 2.337
P562913 4.557 4.144 -5.830 2.509
P562914 4.897 4.522 -5.554 1.359
P562916 4.637 4.102 -3.974 3.961
P562917 4.464 4.154 -5.235 2.188
P562918 4.428 4.082 -6.008 2.113
P562919 4.665 4.328 -2.925 1.367
P562920 4.639 4.307 -3.687 1.804
P562922 4.899 4.647 -5.798 1.097
P562923 4.778 4.512 -6.344 1.866
P562925 4.716 4.478 -3.874 1.473
P562928 4.978 4.483 -5.274 2.804
P562930 4.801 4.494 -4.511 2.087
P562933 4.782 4.240 -4.658 1.994
P562934 4.773 4.506 -6.135 1.751
P562935 4.791 4.231 -5.513 2.230
P562936 5.068 4.349 -5.594 2.659
P562937 4.740 4.621 -6.076 2.994
P562938 4.948 4.543 -6.048 1.582
P562939 4.698 4.429 -5.568 1.313
P562940 4.614 4.245 -5.784 2.188
P562942 4.753 4.503 -2.987 1.012
P562944 4.773 4.577 -6.001 1.694
P562945 4.738 4.300 -4.929 1.997
P562947 5.054 4.429 -5.470 2.352
P562948 4.724 4.626 -6.266 2.323
P562949 4.799 4.472 -6.189 1.832
P562950 4.900 4.589 -5.686 1.403
P562951 4.968 4.670 -2.172 1.042
P562952 4.690 4.449 -5.311 1.400
P562953 4.824 4.483 -5.384 1.835
P562955 4.747 4.403 -5.024 1.459
P562956 4.943 4.582 -5.640 2.068
P562958 4.845 4.574 -3.069 1.276
P562961 4.512 4.381 -5.684 1.718
P562962 4.709 4.727 -0.440 0.616
P562964 4.677 4.281 -4.954 2.319
P562966 4.661 4.402 -6.061 1.045
P562967 4.754 4.464 -4.799 1.769
P562969 4.384 4.342 -1.275 2.263
P562970 4.976 4.672 -4.997 2.263
P562971 4.882 4.530 -5.445 1.227
P562972 4.908 4.653 -5.497 0.978
P562973 4.923 4.666 -1.560 1.251
P562974 4.872 4.457 -4.851 1.780
P562975 4.829 4.589 -5.618 1.689
P562977 4.684 4.372 -6.058 1.668
P562978 4.661 4.002 -5.810 2.469
P562982 4.682 4.540 -6.189 2.797
P562984 4.787 4.411 -5.687 1.468
P562986 4.822 4.627 -5.773 1.002
P562988 4.901 4.685 -2.249 1.121
P562990 4.775 4.420 -5.420 1.928
P562992 4.748 4.467 -5.594 1.765
P562994 4.868 4.526 -4.637 2.303
P562995 4.764 4.385 -4.993 1.623
P562996 4.755 4.303 -4.767 3.742
P562997 4.733 4.356 -5.727 1.524
P562998 4.778 4.081 -5.030 4.083
P562999 4.868 4.502 -4.638 1.616
P563000 4.700 4.347 -5.770 1.621
P563001 4.908 4.460 -5.980 1.886
P563002 5.022 4.692 -5.709 1.956
P563003 4.990 4.785 -2.938 0.632
P563004 4.708 4.353 -5.947 1.616
P563005 4.810 4.425 -5.322 2.609
P563006 4.876 4.453 -5.294 2.126
P563008 4.621 4.235 -5.290 2.106
P563009 4.949 4.530 -6.042 1.713
P563010 4.737 4.354 -5.197 1.914
P563011 4.827 4.592 -4.234 2.502
P563012 4.747 4.467 -4.963 2.749
P563013 4.736 4.321 -5.899 1.796
P563014 4.743 4.243 -4.495 3.193
P563015 4.966 4.529 -6.093 1.652
P563016 4.807 4.405 -5.306 2.002
P563017 4.716 4.327 -5.845 1.580
P563019 4.757 4.221 -4.473 3.312
P563020 4.799 4.382 -5.144 1.852
P563021 4.944 4.675 -2.972 0.720
P563022 4.862 4.375 -4.871 1.968
P563023 4.635 4.345 -4.968 2.699
P563024 4.719 4.361 -5.160 1.837
P563025 4.606 4.077 -5.014 2.921
P563026 4.873 4.530 -5.416 1.549
P563027 4.967 4.486 -6.387 2.204
P563028 4.978 4.584 -4.239 1.989
P563029 4.938 4.790 -1.746 0.527
P563030 4.642 4.267 -5.512 1.516
P563031 4.850 4.184 -5.632 2.567
P563032 4.867 4.282 -4.584 3.593
P563033 4.723 4.431 -5.684 2.118
P563034 4.686 4.173 -5.443 1.916
P563035 4.887 4.782 -2.438 0.498
P563037 4.564 4.177 -4.605 2.908
P563038 4.695 4.318 -5.779 1.857
P563039 4.722 4.324 -4.894 1.747
P563040 4.735 4.263 -3.695 2.836
P563041 4.715 4.131 -5.384 2.760
P563042 4.928 4.463 -4.649 2.014
P563043 5.019 4.500 -5.868 2.165
P563044 4.910 4.718 -5.631 0.913
P563045 4.854 4.728 -2.457 1.298
P563046 4.615 4.449 -5.606 1.192
P563047 4.839 4.424 -5.514 1.820
P563048 4.713 4.452 -6.197 1.677
P563049 4.419 4.153 -3.848 1.485
P563051 4.949 4.507 -5.358 2.414
P563052 4.773 4.637 -5.346 0.907
P563053 4.473 4.197 -6.605 1.005
P563054 4.896 4.455 -5.940 1.681
P563055 4.964 4.665 -5.103 1.126
P563056 4.954 4.409 -4.570 2.112
P563057 4.677 4.331 -5.908 1.607
P563058 4.843 4.463 -5.333 2.017
P563059 4.893 4.433 -3.824 2.226
P563060 4.689 4.244 -5.891 1.653
P563061 4.908 4.552 -5.336 2.067
P563062 4.815 4.538 -5.553 1.811
P563063 4.833 4.695 -2.924 0.378
P563064 4.619 4.260 -5.766 1.827
P563065 4.853 4.167 -4.536 3.460
P563067 4.689 4.456 -5.717 2.137
P563069 4.734 4.404 -5.463 3.251
P563070 4.958 4.408 -6.190 1.982
P563071 4.837 4.574 -5.483 2.486
P563072 4.948 4.513 -5.378 2.793
P563073 4.832 4.300 -5.237 1.913
P563074 4.835 4.550 -5.838 1.436
P563075 4.738 4.404 -5.715 1.651
P563076 4.696 4.456 -6.025 1.350
P563077 4.721 4.707 -5.213 0.962
P563078 4.820 4.423 -6.112 1.369
P563079 4.647 4.116 -4.776 1.981
P563080 4.356 4.204 -3.832 1.460
P563082 4.841 4.394 -5.486 1.860
P563083 4.491 4.272 -5.471 1.353
P563084 4.563 4.267 -5.404 1.813
P563085 4.699 4.343 -4.562 2.876
P563086 4.788 4.179 -4.928 2.749
P563087 4.925 4.737 -1.354 1.037
P563088 4.877 4.406 -5.322 2.179
P563090 4.902 4.461 -5.744 2.493
P563091 4.816 4.758 -2.466 0.516
P563093 4.750 4.098 -5.870 2.087
P563095 4.771 4.421 -5.096 2.143
P563096 4.586 4.125 -5.091 1.870
P563097 4.818 4.478 -6.115 1.757
P563098 4.676 4.541 -2.756 0.595
P563099 4.855 4.410 -5.068 2.384
P563101 4.774 4.341 -5.890 1.593
P563102 4.634 4.495 -5.430 1.388
P563103 4.667 4.281 -5.633 1.691
P563104 4.775 4.354 -5.232 2.015
P563105 4.671 4.234 -2.753 3.197
P563106 5.021 4.449 -5.055 1.887
P563108 4.712 4.107 -5.974 1.891
P563110 4.762 4.383 -5.519 1.659
P563111 4.858 4.529 -5.457 1.792
P563112 4.754 4.293 -4.430 3.579
P563113 4.883 4.127 -4.677 3.359
P563115 4.831 4.469 -5.389 1.383
P563116 4.810 4.420 -2.171 3.236
P563117 4.642 4.497 -4.671 1.697
P563118 4.672 4.424 -6.146 0.745
P563119 4.874 4.383 -5.561 1.996
P563120 4.791 4.505 -5.266 1.863
P563124 4.769 4.373 -4.921 2.957
P563125 5.033 4.525 -6.277 1.884
P563126 4.905 4.368 -5.858 2.038
P563128 4.897 4.626 -6.402 1.060
P563129 4.674 4.301 -4.818 2.655
P563130 4.966 4.488 -5.424 2.680
P563131 5.073 4.822 -4.272 0.814
P563133 4.872 4.409 -4.325 3.224
P563134 4.960 4.683 -4.886 1.398
P563135 4.981 4.279 -6.020 2.447
P563137 5.163 4.765 -5.572 2.276
P563138 4.767 4.469 -5.796 1.977
P563139 4.968 4.691 -6.146 1.567
P563141 4.755 4.120 -5.848 2.697
P563145 4.712 4.104 -5.559 3.135
P563147 4.892 4.507 -6.168 1.693
P563148 4.796 4.463 -5.193 1.707
P563149 5.008 4.400 -4.881 4.003
P563150 4.978 4.672 -1.999 1.476
P563151 4.474 4.095 -4.643 1.635
P563152 4.441 4.182 -4.971 2.139
P563153 4.806 4.451 -5.637 1.883
P563157 4.776 4.354 -2.989 1.713
P563159 4.889 4.531 -5.415 2.857
P563160 4.918 4.495 -6.101 1.249
P563162 4.966 4.637 -4.773 1.172
P563163 4.796 4.264 -4.911 3.461
P563165 4.834 4.300 -5.762 1.901
P563167 4.854 4.453 -6.099 1.762
P563168 5.021 4.628 -5.544 1.760
P563169 4.694 4.331 -5.452 2.267
P563170 4.652 4.296 -6.019 1.746
P563171 4.862 4.527 -5.796 1.188
P563172 4.886 4.742 -5.223 0.587
P563173 4.934 4.840 -2.887 1.647
P563174 4.889 4.555 -5.496 1.685
P563175 5.005 4.600 -5.443 1.733
P563177 4.817 4.646 -2.116 0.480
P563178 4.985 4.655 -5.578 1.739
P563182 4.696 4.356 -2.978 1.758
P563184 4.738 4.412 -5.432 1.834
P563186 5.171 5.061 -1.847 0.682
P563187 4.493 4.487 -4.780 0.661
P563188 4.824 4.444 -6.358 1.559
P563189 4.606 4.371 -6.021 1.768
P563190 4.524 4.070 -4.974 2.306
P563192 4.685 4.382 -5.210 1.975
P563194 4.801 4.312 -5.809 1.707
P563195 4.908 4.864 -1.838 0.332
P563196 4.565 4.196 -5.233 1.869
P563198 4.832 4.549 -5.264 1.648
P563199 4.822 4.404 -6.351 1.346
P563202 4.905 4.569 -5.039 2.238
P563203 4.895 4.590 -4.086 1.987
P563204 4.875 4.456 -5.751 1.284
P563205 4.747 4.380 -5.743 1.645
P563206 5.026 4.675 -5.920 0.971
P563207 4.907 4.428 -4.600 2.433
P563208 4.828 4.442 -6.198 1.216
P563209 5.000 4.549 -6.237 1.749
P563210 4.895 4.546 -3.202 3.643
P563211 4.943 4.543 -5.073 1.280
P563212 4.850 4.838 -6.105 2.574
P563213 4.989 4.508 -5.306 3.078
P563214 4.823 4.460 -4.939 1.852
P563215 4.853 4.626 -5.891 1.840
P563216 4.942 4.653 -6.009 2.154
P563218 4.934 4.752 -5.636 0.994
P563220 4.750 4.429 -5.902 2.641
P563223 4.845 4.393 -4.965 2.911
P563224 5.127 4.748 -5.854 1.720
P563226 4.903 4.437 -5.227 2.102
P563227 4.843 4.474 -6.052 1.605
P563228 4.951 4.666 -5.433 1.358
P563229 4.791 4.274 -5.918 1.690
P563231 4.799 4.356 -4.502 2.931
P563232 4.862 4.717 -6.310 1.755
P563234 4.968 4.586 -4.785 2.257
P563236 4.904 4.601 -5.785 1.733
P563237 4.642 4.510 -2.197 1.409
P563240 4.993 4.641 -5.316 1.746
P563241 4.924 4.635 -5.572 1.751
P563242 5.011 4.730 -2.005 1.310
P563243 5.065 4.873 -5.484 1.214
P563244 5.037 4.692 -5.729 1.443
P563245 5.161 4.580 -5.612 2.325
P563246 4.551 4.406 -3.647 3.257
P563248 4.899 4.651 -5.847 2.254
P563249 5.121 4.815 -6.025 1.420
P563251 4.883 4.408 -4.415 3.033
P563252 4.478 4.182 -5.392 1.845
P563253 4.600 4.131 -5.060 2.164
P563254 4.975 4.643 -6.339 2.354
P563257 4.885 4.619 -5.191 2.568
P563259 5.043 4.672 -4.885 2.784
P563260 4.847 4.688 -2.021 2.324
P563261 4.970 4.776 -5.064 2.531
P563264 5.061 4.949 -4.627 0.543
P563265 4.998 4.766 -1.965 1.387
P563267 4.950 4.475 -5.173 1.705
P563269 4.966 4.640 -5.204 1.696
P563270 4.756 4.344 -5.213 1.845
P563271 4.792 4.270 -5.067 2.224
P563272 5.031 4.527 -5.511 2.251
P563273 4.801 4.313 -4.948 2.042
P563274 4.820 4.309 -5.291 1.869
P563275 4.856 4.535 -2.546 1.343
P563276 4.899 4.711 -5.982 0.979
P563277 4.895 4.594 -4.480 1.336
P563278 4.807 4.557 -4.786 1.720
P563280 4.730 4.064 -4.765 3.785
P563281 5.042 4.776 -5.715 1.074
P563282 5.085 4.574 -5.862 1.941
P563283 5.220 4.793 -5.575 2.935
P563284 4.935 4.503 -4.773 2.123
P563285 4.918 4.633 -6.061 1.833
P563286 4.939 4.534 -5.379 1.937
P563287 4.778 4.422 -5.269 2.300
P563289 4.567 4.253 -5.131 3.273
P563290 4.902 4.592 -5.729 1.230
P563291 4.863 4.706 -5.930 0.897
P563292 4.924 4.686 -5.886 1.487
P563293 4.806 4.582 -4.458 1.308
P563294 4.937 4.722 -5.045 1.717
P563295 4.974 4.578 -5.428 1.788
P563296 5.079 4.402 -4.457 3.774
P563297 5.055 4.922 -4.599 0.701
P563298 5.086 4.656 -5.831 1.481
P563299 5.135 4.520 -5.052 2.776
P563300 5.048 4.299 -5.992 2.370
P563301 4.992 4.741 -2.348 2.629
P563302 4.986 4.535 -5.275 1.774
P563303 4.891 4.660 -5.979 1.759
P563304 4.988 4.619 -5.299 2.099
P563306 4.966 4.669 -5.998 1.726
P563307 4.996 4.307 -5.857 2.333
P563308 5.142 4.519 -5.868 2.473
P563309 5.006 4.693 -6.047 1.584
P563310 5.099 4.762 -2.238 1.530
P563311 4.972 4.523 -5.591 1.850
P563312 4.949 4.638 -4.865 1.314
P563313 4.927 4.476 -4.682 3.225
P563315 5.024 4.675 -4.539 2.623
P563317 4.970 4.343 -5.502 2.377
P563319 5.107 4.684 -6.221 1.521
P563320 5.053 4.558 -5.557 1.633
P563321 5.033 4.619 -5.709 1.630
P563323 5.067 4.880 -5.795 0.986
P563325 5.054 4.767 -2.264 1.017
P563326 5.175 4.751 -5.915 1.981
P563327 4.892 4.616 -1.906 1.350
P563328 4.865 4.625 -6.657 0.881
P563329 5.094 4.959 -1.818 0.460
P563330 4.808 4.731 -6.385 2.253
P563331 5.093 4.407 -5.540 3.238
P563333 4.919 4.587 -4.972 3.230
P563334 4.833 4.851 -6.365 2.435
P563335 5.043 4.740 -5.734 1.168
P563336 5.017 4.784 -5.571 1.106
P563337 5.043 4.650 -3.211 3.072
P563338 4.976 4.582 -5.343 1.623
P563339 4.969 4.647 -5.644 1.709
P563340 4.964 4.579 -5.450 1.766
P563341 4.992 4.652 -5.382 1.580
P563342 4.966 4.687 -6.078 1.469
P563344 4.666 3.982 -5.101 3.913
P563345 4.661 4.325 -5.745 1.570
P563346 4.963 4.553 -5.684 1.858
P563348 4.936 4.518 -5.297 1.692
P563351 5.010 4.911 -4.426 0.795
P563352 5.020 4.751 -5.924 1.560
P563354 5.055 4.668 -4.749 2.217
P563357 4.879 4.329 -5.338 3.218
P563361 4.893 4.677 -5.772 1.429
P563363 4.993 4.672 -3.201 3.278
P563364 4.791 4.378 -5.035 2.475
P563365 4.726 4.113 -4.595 2.324
P563366 4.892 4.400 -5.162 2.467
P563367 4.490 4.119 -4.968 2.245
P563368 4.656 4.435 -5.911 1.700
P563369 4.963 4.618 -6.235 1.775
P563370 4.944 4.324 -5.623 2.428
P563371 5.006 4.689 -5.113 2.403
P563372 5.078 4.738 -5.617 1.474
P563373 4.813 4.577 -6.540 1.025
P563374 4.991 4.552 -5.967 2.892
P563375 4.913 4.707 -5.508 1.784
P563376 4.759 4.330 -5.672 1.734
P563377 4.759 4.350 -4.927 1.803
P563378 4.704 4.442 -1.809 1.430
P563379 4.783 4.544 -5.578 1.163
P563380 4.778 4.567 -4.970 0.884
P563381 4.930 4.526 -6.091 1.975
P563382 4.897 4.615 -5.321 2.023
P563384 5.083 4.653 -6.026 1.831
P563386 4.901 4.355 -4.618 3.438
P563387 4.724 4.236 -4.374 1.689
P563388 4.556 4.194 -5.466 1.354
P563389 4.746 4.312 -4.324 4.118
P563390 4.906 4.667 -5.099 0.908
P563391 4.832 4.418 -5.745 1.321
P563392 5.057 4.574 -4.993 2.266
P563394 4.663 4.450 -4.896 2.727
P563395 4.683 4.526 -5.453 1.445
P563396 4.998 4.548 -5.445 2.799
P563398 4.818 4.718 -4.440 2.776
P563399 5.009 4.633 -6.283 1.674
P563401 4.900 4.606 -4.232 2.496
P563406 5.079 4.742 -4.759 2.107
P563407 4.854 4.595 -6.395 1.660
P563409 4.612 4.353 -5.139 3.197
P563410 4.942 4.498 -5.428 2.833
P563411 4.756 4.517 -3.239 2.695
P563412 4.904 4.649 -5.464 0.836
P563413 4.912 4.425 -4.764 3.340
P563414 4.862 4.423 -5.620 1.688
P563415 4.998 4.566 -4.905 1.712
P563416 4.856 4.463 -6.092 1.780
P563417 4.882 4.485 -5.687 2.077
P563418 4.885 4.550 -3.655 3.707
P563419 4.939 4.706 -5.964 0.982
P563420 4.780 4.466 -5.667 1.979
P563421 5.086 4.678 -6.103 1.737
P563422 4.964 4.556 -5.378 1.974
P563423 4.563 4.087 -5.649 1.812
P563424 4.914 4.611 -4.828 1.567
P563425 4.448 4.212 -3.677 2.344
P563426 4.840 4.625 -6.345 1.643
P563427 4.992 4.621 -5.789 1.404
P563428 4.875 4.461 -4.598 3.289
P563429 4.957 4.666 -5.371 2.019
P563430 4.953 4.627 -6.026 1.725
P563431 4.824 4.511 -3.396 1.575
P563432 4.978 4.811 -5.098 2.251
P563433 4.923 4.836 -5.890 2.402
P563434 5.145 4.925 -4.642 1.828
P563435 4.828 4.547 -6.354 1.049
P563436 4.880 4.446 -4.644 3.564
P563437 5.042 4.742 -5.896 2.066
P563438 5.028 4.558 -5.031 1.948
P563439 4.960 4.570 -1.877 2.449
P563440 4.821 4.293 -4.536 2.768
P563441 4.754 4.703 -4.802 0.785
P563442 5.181 4.544 -6.155 2.202
P563443 4.961 4.548 -5.710 1.630
P563444 4.978 4.680 -5.075 2.118
P563445 4.997 4.631 -5.940 1.944
P563446 4.975 4.670 -5.354 1.386
P563447 4.944 4.469 -5.897 1.722
P563448 5.051 4.600 -4.585 3.456
P563449 5.051 4.834 -5.211 1.725
P563450 5.030 4.689 -5.997 1.085
P563452 4.559 4.490 -3.637 3.391
P563453 4.904 4.693 -6.089 2.015
P563455 4.987 4.599 -2.150 2.316
P563456 4.925 4.567 -4.806 1.585
P563458 4.799 4.368 -5.882 1.616
P563459 4.944 4.480 -5.249 2.677
P563460 4.641 4.185 -5.228 2.533
P563461 4.764 4.628 -5.992 1.630
P563463 4.792 4.327 -4.591 3.022
P563464 4.826 4.476 -6.342 1.878
P563465 4.945 4.486 -6.469 1.609
P563466 4.765 4.620 -5.962 0.912
P563467 4.931 4.650 -6.532 1.733
P563468 4.890 4.483 -5.648 1.524
P563469 5.037 4.760 -5.207 2.324
P563470 4.813 4.077 -4.829 4.301
P563471 4.653 4.471 -5.296 1.349
P563472 4.461 4.114 -5.562 1.672
P563473 4.851 4.407 -5.547 1.895
P563474 4.817 4.562 -2.203 0.767
P563477 4.707 4.429 -5.325 2.678
P563479 4.695 4.504 -5.035 1.857
P563480 4.435 4.105 -5.040 1.766
P563481 4.559 4.142 -5.063 2.123
P563483 4.867 4.384 -4.787 2.933
P563485 4.781 4.363 -5.965 1.608
P563486 4.839 4.543 -5.335 1.952
P563490 4.803 4.269 -3.883 3.789
P563492 4.578 4.194 -5.413 2.755
P563493 4.907 4.596 -7.095 1.872
P563496 4.848 4.208 -6.084 2.157
P563497 4.585 4.555 -4.970 1.286
P563498 4.783 4.487 -5.600 1.535
P563499 4.782 4.538 -5.501 1.708
P563500 4.752 4.432 -5.502 1.448
P563501 4.803 4.571 -2.228 0.931
P563502 4.919 4.617 -6.354 1.867
P563504 4.669 4.273 -5.202 2.779
P563505 5.088 4.588 -6.039 2.261
P563507 5.035 4.482 -6.465 1.661
P563509 4.654 4.671 -5.811 2.147
P563510 4.901 4.467 -4.848 1.852
P563511 4.866 4.669 -5.646 0.878
P563512 4.729 4.467 -5.960 1.791
P563513 4.837 4.433 -4.805 2.291
P563515 4.527 4.216 -2.428 2.203
P563517 4.847 4.574 -5.773 1.824
P563521 4.687 4.525 -1.080 1.512
P563523 4.925 4.726 -4.898 2.437
P563524 4.779 4.509 -4.097 2.217
P563527 4.961 4.640 -5.698 1.342
P563528 4.715 4.506 -6.407 1.096
P563530 4.893 4.603 -1.772 1.087
P563532 4.836 4.549 -5.423 1.830
P563534 4.803 4.463 -6.060 1.708
P563535 4.816 4.637 -5.432 1.704
P563537 4.929 4.546 -6.028 1.578
P563538 4.895 4.486 -4.858 2.057
P563540 4.687 4.472 -5.779 1.788
P563542 4.886 4.571 -4.562 2.093
P563544 4.973 4.611 -4.902 2.599
P563545 5.019 4.677 -4.798 2.490
P563546 4.761 4.354 -4.856 3.477
P563547 4.895 4.611 -5.894 1.877
P563548 4.962 4.550 -4.952 2.138
P563549 5.035 4.557 -4.040 3.774
P563550 4.820 4.587 -6.514 1.153
P563551 5.148 4.767 -5.986 1.749
P563552 4.741 4.316 -5.989 1.585
P563553 4.807 4.442 -5.295 1.879
P563554 4.934 4.517 -6.103 1.728
P563555 5.060 4.731 -4.751 2.434
P563556 4.727 4.448 -5.145 1.655
P563558 4.910 4.314 -5.754 2.648
P563560 5.048 4.606 -4.587 2.230
P563561 5.001 4.508 -5.564 1.633
P563562 4.911 4.622 -5.372 1.627
P563564 4.806 4.631 -5.856 1.266
P563565 4.564 4.531 -6.503 2.766
P563567 4.727 4.271 -4.270 3.767
P563569 4.753 4.426 -5.427 2.056
P563571 4.826 4.403 -5.717 1.356
P563572 4.930 4.348 -6.195 1.960
P563573 4.709 4.290 -5.304 2.091
P563574 4.899 4.476 -5.282 2.853
P563575 4.994 4.599 -5.502 1.699
P563576 4.945 4.569 -5.938 1.377
P563577 4.896 4.306 -4.538 3.524
P563578 4.935 4.670 -5.018 1.617
P563579 4.964 4.495 -5.804 1.695
P563580 5.060 4.811 -6.068 1.466
P563581 5.011 4.626 -6.067 1.173
P563583 4.656 4.253 -4.075 2.505
P563586 4.842 4.585 -5.670 1.009
P563588 4.853 4.269 -6.081 1.189
P563589 4.776 4.526 -5.952 1.520
P563592 4.669 4.474 -4.614 2.639
P563596 4.942 4.464 -5.027 2.844
P563598 4.936 4.651 -2.359 1.159
P563600 4.878 4.426 -5.433 1.878
P563602 4.880 4.676 -5.735 1.783
P563604 4.806 4.437 -4.656 3.265
P563605 5.083 4.735 -6.064 1.581
P563606 4.847 4.430 -5.654 1.407
P563608 4.901 4.674 -4.833 2.412
P563609 4.759 4.703 -4.830 1.256
P563611 4.944 4.624 -6.009 1.739
P563612 4.969 4.588 -5.479 1.855
P563613 4.774 4.397 -5.539 1.914
P563615 4.925 4.583 -4.527 1.580
P563616 4.896 4.425 -5.997 1.775
P563617 4.998 4.667 -5.286 1.617
P563619 4.885 4.432 -4.661 3.624
P563621 5.014 4.930 -4.704 0.545
P563623 4.964 4.485 -5.560 1.769
P563625 4.905 4.673 -5.850 1.752
P563626 4.508 4.182 -3.402 2.181
P563627 5.368 5.100 -1.756 0.916
P563628 4.636 4.237 -5.648 1.906
P563629 4.990 4.252 -5.277 3.844
P563630 4.835 4.861 -1.143 0.399
P563632 4.771 4.472 -4.823 1.265
P563633 4.869 4.631 -5.871 1.280
P563634 4.924 4.557 -6.067 1.586
P563636 4.850 4.623 -5.542 1.702
P563637 4.918 4.523 -4.949 1.746
P563640 5.025 4.809 -1.862 0.722
P563641 4.888 4.409 -5.134 1.927
P563643 5.041 4.577 -6.001 1.581
P563645 4.963 4.732 -5.084 2.369
P563649 4.748 4.649 -4.266 2.559
P563650 4.830 4.572 -6.101 1.840
P563652 4.904 4.673 -5.513 1.093
P563654 4.948 4.527 -6.145 2.041
P563655 5.096 4.912 -2.287 0.666
P563656 4.868 4.521 -5.083 1.880
P563657 4.806 4.400 -4.427 3.442
P563658 5.074 4.881 -5.634 0.906
P563659 4.816 4.364 -5.034 2.075
P563660 4.789 4.412 -5.275 1.832
P563661 4.757 4.449 -4.765 1.774
P563662 5.025 4.761 -5.450 1.173
P563663 4.976 4.523 -5.925 2.244
P563666 4.963 4.606 -5.405 1.828
P563667 4.881 4.504 -5.981 1.544
P563670 4.882 4.567 -5.214 2.532
P563674 4.945 4.561 -5.514 1.957
P563677 4.876 4.501 -6.155 1.717
P563678 4.846 4.636 -5.005 3.144
P563681 5.054 4.638 -6.000 1.507
P563682 4.962 4.773 -4.120 2.354
P563683 4.976 4.640 -5.482 1.502
P563684 4.986 4.506 -5.716 1.733
P563685 4.752 4.552 -6.213 0.853
P563686 4.958 4.662 -5.220 0.954
P563687 4.695 4.544 -5.798 1.618
P563689 4.594 4.306 -4.722 3.128
P563691 4.877 4.410 -5.188 2.925
P563693 4.810 4.550 -4.829 1.358
P563694 5.028 4.921 -4.987 0.878
P563695 5.029 4.664 -5.870 1.164
P563696 5.135 4.818 -5.066 2.078
P563697 4.834 4.708 -3.904 2.898
P563698 4.982 4.698 -6.597 1.877
P563699 4.774 4.488 -5.484 1.466
P563700 5.000 4.222 -5.317 3.778
P563701 4.462 4.258 -5.691 1.372
P563702 4.476 4.092 -2.587 1.433
P563703 4.924 4.476 -5.962 1.923
P563704 4.832 4.713 -5.988 1.633
P563705 5.012 4.502 -5.100 3.211
P563706 4.907 4.517 -4.681 1.536
P563707 4.892 4.495 -2.950 2.538
P563709 4.831 4.379 -5.931 2.028
P563710 4.953 4.441 -6.858 1.878
P563714 5.047 4.537 -4.504 3.172
P563715 5.105 4.848 -5.652 1.799
P563717 5.097 4.663 -6.376 1.392
P563719 5.047 4.659 -5.396 2.594
P563720 5.026 4.682 -5.863 2.015
P563721 4.745 4.421 -5.973 2.012
P563722 5.066 4.756 -5.262 2.263
P563724 4.989 4.632 -5.867 1.491
P563725 4.569 4.095 -4.521 2.160
P563728 4.603 4.392 -5.866 1.753
P563729 4.856 4.372 -5.398 1.358
P563731 5.091 4.780 -4.740 1.180
P563732 5.090 4.831 -5.039 1.150
P563733 4.978 4.720 -5.420 1.999
P563734 4.972 4.483 -5.898 1.877
P563736 4.893 4.430 -5.001 4.011
P563738 4.994 4.415 -5.263 3.785
P563739 5.078 4.783 -5.544 1.879
P563740 4.781 4.438 -6.070 1.418
P563742 4.916 4.596 -5.898 1.770
P563745 4.820 4.527 -5.522 2.949
P563746 5.082 4.678 -6.002 1.929
P563748 5.170 4.753 -5.525 2.012
P563749 5.192 4.876 -6.068 1.319
P563750 5.009 4.547 -4.279 2.862
P563752 5.059 4.507 -4.684 3.149
P563753 5.133 4.651 -5.481 1.932
P563754 4.912 4.418 -4.820 3.659
P563755 4.870 4.074 -5.090 4.835
P563756 4.791 4.236 -5.312 1.996
P563757 4.664 4.480 -5.064 1.471
P563758 5.119 4.845 -2.210 2.165
P563759 5.065 4.660 -5.612 0.873
P563762 5.049 4.669 -5.065 2.798
P563764 4.878 4.766 -2.438 1.125
P563765 4.700 4.348 -5.680 1.646
P563766 4.867 4.881 -5.749 1.207
P563767 5.054 4.318 -5.726 4.080
P563769 5.265 4.794 -6.174 1.754
P563773 4.874 4.447 -5.631 2.699
P563774 5.091 4.711 -6.537 1.323
P563776 4.962 4.562 -5.717 1.953
P563777 4.950 4.543 -6.053 1.374
P563778 4.961 4.694 -5.462 1.983
P563779 4.817 4.486 -5.419 1.769
P563780 4.526 4.208 -5.305 2.309
P563781 4.641 4.300 -4.626 2.082
P563782 4.972 4.694 -3.266 2.270
P563783 4.682 4.252 -5.199 2.104
P563784 4.620 4.301 -5.516 1.574
P563785 4.867 4.579 -5.041 1.085
P563786 5.030 4.979 -1.415 0.411
P563787 4.643 4.370 -4.986 1.881
P563788 4.932 4.458 -4.605 3.221
P563789 4.956 4.679 -5.206 1.869
P563791 4.954 4.547 -4.769 3.368
P563792 4.885 4.443 -5.907 1.579
P563793 4.510 4.228 -4.444 2.310
P563794 5.111 4.745 -4.520 3.174
P563798 4.661 4.395 -6.476 1.823
P563800 4.708 4.234 -5.199 2.392
P563804 4.975 4.505 -6.420 1.177
P563807 4.724 4.733 5.995 0.827
P563808 5.046 4.959 -1.469 0.329
P563809 5.084 4.834 -4.450 1.008
P563811 4.717 4.409 -6.029 1.721
P563812 4.934 4.779 -1.771 1.013
P563813 4.538 4.537 -5.802 1.990
P563814 5.120 4.602 -4.921 2.291
P563815 4.992 4.720 -5.136 2.416
P563816 5.139 4.649 -4.109 2.771
P563817 5.033 4.822 -2.092 0.787
P563818 4.941 4.475 -5.520 1.722
P563819 5.082 4.688 -6.206 1.914
P563820 4.931 4.702 -4.912 1.370
P563821 4.900 4.910 -1.311 0.447
P563823 5.034 4.332 -5.261 3.837
P563824 5.099 4.876 -5.135 1.637
P563825 5.063 4.781 -5.630 1.578
P563826 4.684 4.712 4.315 0.803
P563827 4.920 4.788 -1.874 0.852
P563828 4.945 4.830 -1.757 0.740
P563829 4.723 4.335 -5.495 2.847
P563830 4.511 4.290 -4.154 3.200
P563831 5.117 4.420 -5.159 3.708
P563832 5.119 4.665 -5.868 1.821
P563833 5.135 4.793 -3.982 2.733
P563834 4.652 4.260 -5.442 1.831
P563835 5.028 4.723 -4.897 1.568
P563836 5.004 4.595 -6.408 1.264
P563837 4.631 4.180 -6.006 1.709
P563838 4.591 4.189 -4.726 2.935
P563839 5.121 5.041 -1.034 0.323
P563840 5.116 4.333 -5.262 3.639
P563841 4.598 4.347 -5.435 2.538
P563844 4.649 4.331 -4.925 2.188
P563845 5.080 4.741 -4.493 1.440
P563847 4.906 4.273 -5.022 3.276
P563848 4.883 4.533 -5.802 1.581
P563849 4.850 4.467 -5.002 2.913
P563850 4.584 4.246 -5.781 2.256
P563851 4.994 4.632 -5.299 1.619
P563852 4.499 4.217 -4.941 2.434
P563853 4.865 4.795 -1.344 0.466
P563854 4.957 4.539 -6.075 1.735
P563855 5.013 4.699 -6.286 1.239
P563856 5.132 4.732 -5.774 1.779
P563858 5.061 4.485 -5.105 3.742
P563859 4.860 4.365 -5.766 1.665
P563860 4.903 4.639 -5.104 1.545
P563861 5.082 4.816 -5.690 1.508
P563862 4.768 4.338 -4.714 3.324
P563863 5.065 4.562 -4.765 1.568
P563864 5.079 4.384 -5.188 4.134
P563866 4.951 4.450 -3.373 3.646
P563867 5.173 4.858 -6.259 1.804
P563868 4.895 4.606 -5.759 1.923
P563869 4.756 4.378 -6.147 1.529
P563870 4.905 4.667 -5.248 1.853
P563872 5.071 4.704 -6.116 1.751
P563874 4.872 4.546 -5.011 2.813
P563875 5.137 4.739 -4.382 1.500
P563876 4.745 4.339 -5.475 1.722
P563877 4.673 4.816 -0.738 1.548
P563878 4.861 4.558 -3.213 3.197
P563879 4.524 4.266 -4.710 2.040
P563880 5.449 5.268 -1.983 0.706
P563881 4.697 4.208 -5.261 1.757
P563882 4.926 4.486 -5.951 1.120
P563883 4.654 4.237 -5.879 2.381
P563884 4.984 4.778 -2.250 0.922
P563886 4.998 4.585 -6.033 1.745
P563887 4.985 4.605 -6.683 1.381
P563888 5.112 4.934 -5.643 1.549
P563889 5.215 4.815 -6.835 1.453
P563891 5.090 4.662 -5.523 2.685
P563893 5.105 4.430 -4.637 3.247
P563894 4.622 4.283 -5.675 1.879
P563896 4.823 4.423 -5.933 1.664
P563897 4.956 4.664 -4.576 2.748
P563898 4.885 4.859 -1.139 0.442
P563899 5.015 4.263 -5.321 3.684
P563900 4.626 4.221 -5.694 2.150
P563901 4.469 4.308 -5.154 2.142
P563902 5.064 4.648 -4.976 1.979
P563903 5.137 4.629 -5.445 1.614
P563904 4.450 4.215 -5.225 2.343
P563906 4.996 4.627 -4.827 1.375
P563907 5.121 4.603 -6.075 1.986
P563908 5.035 4.791 -5.886 1.862
P563909 4.681 4.528 -5.388 1.128
P563910 4.683 4.307 -5.127 2.551
P563911 5.043 4.526 -4.846 3.290
P563912 5.087 4.804 -5.200 1.592
P563913 4.915 4.760 -1.427 0.799
P563914 4.703 4.289 -6.252 1.177
P563915 4.438 4.100 -6.238 1.907
P563916 5.188 5.056 -3.006 0.392
P563917 4.372 4.087 -4.932 1.839
P563918 4.532 4.277 -5.428 2.264
P563919 5.350 5.210 -2.789 0.422
P563923 4.840 4.354 -4.455 3.087
P563924 4.992 4.764 -4.860 1.632
P563926 5.013 4.694 -4.586 1.543
P563927 5.014 4.920 -1.376 0.327
P563929 5.131 4.312 -5.393 3.647
P563930 4.555 4.265 -5.719 1.549
P563932 4.649 4.230 -5.148 2.701
P563934 4.904 4.485 -5.721 1.505
P563935 5.028 4.479 -4.965 3.381
P563938 4.893 4.482 -5.011 2.832
P563940 5.133 4.858 -5.879 1.270
P563941 4.745 4.466 -6.121 1.842
P563942 4.753 4.370 -6.723 1.416
P563943 4.473 4.082 -5.259 2.732
P563945 5.152 5.032 -2.819 0.422
P563947 4.559 4.165 -5.877 2.139
P563949 4.924 4.247 -4.936 3.551
P563950 4.961 4.622 -5.498 1.862
P563951 4.852 4.614 -4.146 0.754
P563952 4.806 4.251 -5.805 1.723
P563954 4.585 4.256 -4.853 2.199
P563956 5.098 4.656 -4.951 3.921
P563958 4.931 4.537 -5.360 2.684
P563959 5.056 4.777 -5.684 2.304
P563960 4.900 4.493 -6.572 1.384
P563961 4.720 4.463 -4.946 2.490
P563962 4.769 4.348 -5.668 1.558
P563963 4.914 4.435 -6.163 2.177
P563964 4.825 4.380 -4.672 3.442
P563965 5.007 4.798 -4.933 1.257
P563967 4.692 4.338 -5.949 1.742
P563968 5.052 4.630 -5.086 1.519
P563970 4.866 4.512 -2.754 3.309
P563971 5.054 4.749 -5.586 1.885
P563973 4.714 4.488 -4.881 2.568
P563974 4.960 4.637 -5.271 3.207
P563975 4.923 4.246 -4.900 4.264
P563976 4.844 4.628 -2.014 1.014
P563977 4.827 4.813 -1.076 0.451
P563978 4.927 4.274 -4.869 2.902
P563979 5.130 4.694 -6.070 1.540
P563980 4.871 4.552 -5.190 1.575
P563982 5.049 4.661 -5.094 2.886
P563983 4.454 4.119 -4.869 2.301
P563985 4.955 4.612 -5.265 2.855
P563986 4.542 4.154 -6.051 2.376
P563987 5.044 4.139 -5.381 3.599
P563988 4.986 4.628 -6.144 1.536
P563990 5.126 4.850 -5.720 2.014
P563992 5.193 4.909 -6.169 1.305
P563995 5.000 4.777 -5.347 3.366
P563997 5.045 4.720 -5.229 2.669
P563999 5.034 4.646 -6.306 1.630
P564000 4.645 4.375 -5.534 1.517
P564001 4.506 4.344 -2.888 1.032
P564002 5.073 4.591 -5.150 3.222
P564003 5.165 4.828 -5.173 1.609
P564008 5.019 4.555 -4.641 3.389
P564009 5.122 4.626 -5.004 4.016
P564010 4.637 4.354 -4.987 1.162
P564011 4.415 4.142 -4.871 1.881
P564012 4.368 4.050 -4.817 3.134
P564013 5.130 4.828 -5.390 1.640
P564015 4.893 4.238 -4.744 3.646
P564017 5.134 4.518 -5.619 2.223
P564019 5.059 4.669 -5.218 1.905
P564020 5.061 4.565 -4.985 2.793
P564021 5.045 4.725 -5.505 1.758
P564022 5.247 4.843 -5.572 1.840
P564023 4.446 4.302 -3.264 0.907
P564025 5.268 5.121 -2.765 0.458
P564027 4.554 4.198 -5.150 1.779
P564029 4.732 4.573 -5.539 1.342
P564030 4.727 4.517 2.936 1.687
P564031 4.975 4.791 -2.314 0.907
P564034 4.893 4.523 -5.963 1.784
P564035 4.772 4.486 -6.171 1.177
P564038 4.872 4.460 -5.145 3.104
P564039 4.999 5.005 -1.264 0.404
P564040 5.093 4.710 -4.425 1.504
P564041 5.076 4.739 -6.761 1.349
P564044 4.879 4.423 -5.511 2.781
P564045 4.762 4.302 -6.029 1.747
P564046 4.681 4.240 -5.558 1.717
P564047 4.556 4.256 -4.592 1.936
P564048 4.497 4.369 -5.467 3.041
P564049 4.954 4.744 -1.971 0.950
P564050 4.474 4.203 -3.196 1.527
P564051 4.734 4.330 -5.141 1.850
P564052 4.777 4.334 -5.751 1.744
P564053 5.420 4.648 -5.439 2.621
P564054 4.696 4.385 -4.759 2.103
P564055 4.812 4.572 -5.325 2.414
P564056 4.761 4.417 -4.776 1.936
P564057 4.716 4.443 -4.977 1.846
P564058 5.295 4.600 -5.131 3.737
P564059 4.568 4.298 -5.327 1.755
P564060 5.095 5.079 -1.643 0.653
P564061 4.880 4.581 -5.113 1.060
P564062 5.080 5.025 -1.561 0.479
P564063 5.016 4.716 -4.532 1.379
P564064 4.629 4.580 1.549 1.724
P564065 4.672 4.514 -5.247 2.125
P564067 4.754 4.621 2.484 1.009
P564069 4.980 4.931 -1.078 0.779
P564070 5.156 4.356 -5.265 3.667
P564072 4.670 4.259 -5.833 1.784
P564073 4.454 4.363 -2.527 0.573
P564076 4.843 4.471 -5.369 2.449
P564078 5.551 5.333 -2.152 0.878
P564080 4.648 4.535 -6.003 1.935
P564081 5.286 4.692 -4.460 3.394
P564083 5.086 4.786 -2.137 1.091
P564084 4.711 4.522 -6.128 2.067
P564085 5.035 4.652 -5.109 1.197
P564086 4.692 4.506 -5.529 1.603
P564087 4.580 4.534 -4.714 2.681
P564088 4.791 4.337 -4.778 2.455
P564089 4.988 4.763 -1.447 0.798
P564090 5.046 4.571 -4.477 2.889
P564091 4.564 4.235 -5.663 1.929
P564092 4.517 4.219 -4.906 2.103
P564094 5.010 5.016 -1.639 0.473
P564095 5.065 4.764 -3.858 3.219
P564096 4.890 4.854 -1.681 1.254
P564097 5.223 4.509 -5.016 3.893
P564098 4.832 4.567 -3.124 3.053
P564099 4.808 4.571 1.519 1.491
P564100 5.265 4.862 -4.464 1.565
P564101 5.119 5.065 -1.573 0.538
P564102 4.481 4.162 -5.080 2.220
P564103 4.565 4.158 -5.470 1.853
P564104 4.571 4.396 -6.373 2.020
P564105 5.200 4.268 -5.764 3.629
P564106 4.959 4.870 -1.619 0.314
P564107 5.200 4.817 -4.205 4.341
P564108 5.052 4.975 -1.406 0.373
P564109 5.128 4.613 -5.791 1.153
P564110 4.546 4.254 -5.727 2.165
P564112 5.176 4.247 -5.760 3.773
P564113 5.068 4.690 -5.199 2.918
P564114 5.031 4.568 -5.565 3.129
P564115 4.693 4.336 -4.766 2.528
P564116 5.335 4.719 -5.333 1.740
P564117 4.870 4.353 -5.183 1.622
P564118 5.218 4.763 -4.715 3.357
P564119 4.779 4.471 -6.355 2.459
P564120 4.684 4.355 -4.406 2.004
P564121 4.627 4.461 -5.266 2.441
P564122 4.486 4.137 -4.778 2.639
P564123 5.146 4.436 -6.264 1.375
P564124 5.213 5.222 -1.798 0.775
P564125 5.101 5.121 -1.444 0.781
P564126 5.305 4.539 -5.368 3.665
P564127 4.813 4.470 -4.906 1.788
P564128 4.911 4.478 -4.928 2.058
P564129 4.795 4.336 -5.679 1.692
P564130 5.290 4.917 -4.394 2.971
P564131 4.595 4.365 -3.811 2.632
P564132 5.070 4.685 -5.237 2.901
P564133 5.132 4.933 -2.549 0.987
P564134 5.397 5.013 -4.854 1.490
P564135 5.066 4.657 -5.966 1.160
P564136 4.790 4.463 -5.084 1.899
P564137 4.629 4.445 -5.202 2.117
P564138 5.001 4.448 -5.555 1.539
P564139 5.219 4.947 -4.836 1.429
P564140 5.455 5.441 -2.435 0.346
P564141 4.642 4.586 -5.612 2.408
P564142 5.087 5.063 -1.864 0.311
P564143 5.057 4.635 -5.496 2.746
P564144 4.990 4.723 -5.352 1.290
P564145 4.964 5.061 -1.673 1.086
P564146 5.167 4.602 -5.640 1.820
P564147 4.849 4.429 -5.085 1.255
P564148 4.587 4.383 -5.126 2.051
P564149 5.438 5.219 -2.040 0.642
P564150 5.095 4.880 -5.469 2.567
P564151 4.604 3.840 -4.386 4.186
P564152 4.561 4.263 -4.942 1.969
P564153 5.011 4.325 -4.725 3.628
P564155 4.537 4.254 -5.498 2.071
P564157 4.808 4.173 -5.203 1.524
P564158 4.509 4.478 -5.414 2.023
P564160 4.911 4.788 -2.148 0.865
P564161 5.046 4.651 -4.675 1.400
P564163 4.700 4.221 -2.813 2.320
P564164 4.602 4.150 -5.252 2.218
P564165 4.786 4.484 -6.244 2.045
P564166 4.635 4.489 -5.621 2.226
P564167 4.995 4.684 -5.084 0.846
P564169 5.162 4.872 -3.383 2.537
P564171 4.733 4.504 -5.326 1.302
P564172 4.969 4.363 -6.281 1.349
P564173 4.852 4.792 -1.136 2.566
P564174 4.792 4.485 -4.999 3.729
P564175 4.799 4.472 -5.862 2.124
P564176 5.227 4.757 -4.718 3.708
P564177 5.256 4.633 -5.143 2.212
P564178 4.592 4.187 -4.518 3.880
P564179 4.668 4.324 -6.119 2.502
P564180 5.081 4.528 -4.394 2.555
P564182 5.235 4.687 -4.825 1.622
P564183 4.594 4.298 -4.279 2.003
P564184 4.922 4.477 -5.968 1.663
P564185 5.066 4.581 -4.378 3.348
P564188 4.714 4.380 -5.181 1.287
P564190 4.716 4.551 3.307 1.210
P564191 4.657 4.157 -5.254 4.474
P564193 5.224 4.512 -5.137 3.755
P564194 4.866 4.481 -6.571 1.750
P564195 4.978 4.868 -2.405 1.072
P564197 4.720 4.534 -5.076 3.448
P564198 4.666 4.565 -1.155 1.292
P564199 5.026 4.157 -5.309 3.655
P564200 4.514 4.084 -5.316 2.017
P564201 4.436 4.045 -4.625 2.609
P564202 4.650 4.645 -5.497 1.842
P564203 5.121 5.109 -2.239 0.960
P564204 5.248 4.974 -5.824 1.239
P564206 4.730 4.373 -5.585 1.960
P564207 4.942 4.886 -1.413 0.273
P564208 5.152 4.790 -4.656 1.348
P564209 4.835 4.490 -5.919 1.462
P564211 5.041 4.491 -5.413 1.569
P564213 4.713 4.502 -5.745 1.689
P564215 4.814 4.419 -5.612 1.333
P564216 5.259 4.683 -2.689 1.981
P564217 4.649 4.340 -4.930 1.573
P564218 4.628 4.519 -4.640 2.223
P564219 4.714 4.433 -5.143 1.925
P564220 4.589 4.160 -4.954 1.648
P564221 5.231 4.362 -5.458 3.650
P564223 4.600 4.359 -3.584 2.109
P564224 5.238 5.250 -2.875 0.747
P564225 4.798 4.420 -4.994 2.171
P564227 4.898 4.609 -6.255 1.774
P564228 5.132 4.714 -4.414 2.766
P564229 4.580 4.265 -5.446 1.541
P564230 4.621 4.337 -5.281 2.696
P564232 4.804 4.425 -5.895 1.664
P564233 5.211 4.692 -4.561 3.533
P564234 5.153 5.067 -1.751 0.348
P564235 4.727 4.603 1.683 1.153
P564236 4.974 4.821 -4.248 0.859
P564237 4.934 4.879 -1.646 0.440
P564238 5.164 4.741 -4.911 1.643
P564239 4.838 4.488 -5.813 4.186
P564240 4.671 4.463 -5.013 1.579
P564241 5.132 4.583 -4.884 3.543
P564242 5.078 4.676 -2.925 2.300
P564243 4.990 4.913 -1.973 0.774
P564245 5.055 4.896 -4.628 0.356
P564246 5.265 4.878 -4.807 3.064
P564247 4.803 4.348 -5.758 1.815
P564248 4.880 4.812 -1.045 3.315
P564249 5.095 4.575 -5.747 1.475
P564250 4.563 4.155 -5.150 2.405
P564251 4.698 4.207 -5.956 1.512
P564252 4.974 4.569 -1.913 2.290
P564253 5.202 4.744 -4.709 1.587
P564254 4.766 4.293 -5.472 1.807
P564255 4.959 4.950 -2.153 1.208
P564256 5.055 4.708 -5.413 1.329
P564257 4.735 4.668 -4.961 1.201
P564258 5.179 4.507 -5.107 3.913
P564259 5.020 4.705 -4.937 0.761
P564260 5.165 4.556 -5.366 4.128
P564261 4.841 4.463 -5.066 1.465
P564262 4.919 4.546 -5.178 1.605
P564264 4.685 4.270 -4.840 2.089
P564265 5.388 5.271 -2.813 0.452
P564267 4.703 4.245 -5.641 2.015
P564269 5.234 4.350 -5.546 3.667
P564270 4.721 4.551 4.279 1.141
P564271 4.960 4.895 -1.516 1.010
P564274 5.271 4.915 -4.613 1.227
P564275 5.125 4.838 -5.570 1.195
P564276 5.143 5.027 -3.194 1.556
P564278 5.329 5.107 -5.064 2.981
P564279 4.785 4.566 -5.048 1.440
P564281 4.996 5.028 0.722 0.515
P564283 4.800 4.286 -5.360 4.527
P564285 4.892 4.795 -4.832 0.937
P564286 5.196 4.460 -5.569 3.956
P564287 5.019 5.055 -5.866 0.594
P564288 4.655 4.438 -5.775 1.949
P564290 4.753 4.298 -5.118 4.030
P564292 5.243 4.679 -5.536 1.815
P564293 4.614 4.449 -5.830 2.637
P564296 4.627 4.467 -6.449 1.771
P564297 5.203 4.737 -4.360 2.897
P564299 4.888 4.886 -1.696 0.288
P564300 5.024 4.942 1.459 1.338
P564301 5.087 5.021 0.676 1.193
P564302 5.190 4.807 -4.368 1.484
P564304 4.778 4.602 -5.161 1.516
P564305 5.250 4.762 -5.497 3.780
P564306 5.241 4.684 -5.058 1.540
P564307 4.580 4.189 -5.543 1.808
P564308 4.950 4.470 -5.488 1.409
P564309 5.261 4.794 -5.852 1.376
P564312 4.810 4.682 -1.247 2.735
P564314 4.853 4.579 -6.062 1.878
P564315 5.102 4.975 -5.572 0.506
P564316 4.668 4.423 -5.572 1.856
P564317 5.076 4.899 -2.619 1.307
P564318 4.808 4.679 -3.407 3.651
P564319 5.251 4.874 -4.257 2.860
P564320 4.406 4.646 -6.014 2.212
P564321 5.026 4.770 -2.087 0.911
P564322 4.906 4.556 -5.062 1.294
P564323 5.253 4.943 -3.645 2.791
P564324 5.141 4.825 -5.756 1.428
P564325 4.671 4.422 -5.733 2.048
P564327 5.124 4.481 -6.296 1.191
P564328 5.252 4.843 -6.343 1.660
P564329 4.868 4.585 -5.621 1.385
P564333 5.313 5.100 -4.507 2.762
P564335 4.877 4.559 -5.633 2.103
P564336 5.218 4.936 -2.603 1.514
P564337 5.230 4.689 -5.848 1.325
P564338 5.230 4.609 -5.093 3.966
P564339 4.805 4.712 -2.888 0.980
P564341 4.516 4.344 -3.085 1.316
P564343 5.417 5.442 -2.385 0.291
P564346 4.657 4.327 -5.608 1.520
P564348 5.052 4.858 -2.375 0.916
P564350 5.265 4.422 -5.345 3.728
P564351 5.178 4.849 -5.546 1.143
P564352 5.250 4.554 -5.165 4.143
P564353 4.793 4.614 -5.109 1.514
P564354 4.865 4.867 -1.307 0.931
P564355 4.758 4.716 5.704 0.979
P564356 5.055 4.965 -2.110 1.027
P564358 4.843 4.598 -5.982 2.234
P564360 5.152 5.071 -2.598 0.692
P564362 5.256 4.759 -4.778 3.429
P564364 5.163 5.086 -4.374 1.434
P564366 5.191 4.730 -4.745 1.623
P564368 4.862 4.906 -1.656 0.290
P564369 4.765 4.548 -6.263 2.507
P564370 4.663 4.353 -5.140 2.520
P564371 4.405 4.262 -3.077 1.443
P564372 5.324 4.840 -4.120 2.496
P564373 4.498 4.212 -5.658 1.629
P564374 4.867 4.838 -2.471 1.123
P564375 4.581 4.365 -3.741 1.763
P564376 4.628 4.346 -5.598 1.596
P564377 5.197 4.546 -4.742 3.328
P564378 4.771 4.792 1.318 1.306
P564379 4.553 4.709 -3.638 3.123
P564381 4.585 4.239 -5.359 2.210
P564382 5.040 4.566 -5.440 2.160
P564383 4.549 4.323 -5.906 2.020
P564386 5.100 4.377 -5.131 3.674
P564387 4.918 4.843 -1.496 0.779
P564388 5.127 4.695 -6.470 1.871
P564389 4.748 4.683 6.261 1.103
P564390 5.147 4.483 -5.745 1.945
P564392 4.527 4.218 -5.287 1.915
P564393 5.412 5.459 -2.678 0.440
P564394 4.532 4.260 -5.736 1.548
P564396 4.811 4.473 -5.450 1.085
P564398 5.149 4.810 -5.184 1.543
P564400 4.225 4.728 -1.741 3.769
P564401 4.996 5.011 -1.720 0.275
P564402 4.667 4.343 -5.385 1.293
P564403 4.598 4.241 -4.858 2.417
P564404 5.142 5.003 -5.040 0.896
P564405 5.260 4.918 -4.165 2.955
P564406 4.810 4.475 -5.512 1.728
P564407 5.054 4.785 -2.076 0.782
P564408 4.834 4.744 -1.987 0.811
P564409 5.054 4.609 -4.755 3.320
P564410 4.596 4.441 -3.100 1.090
P564411 4.893 4.730 -1.890 1.560
P564412 5.311 4.729 -5.203 3.667
P564413 4.683 4.479 -5.835 1.581
P564414 4.852 4.759 -0.317 1.111
P564415 4.853 4.719 -2.720 1.621
P564416 4.914 4.683 -5.081 1.291
P564417 5.238 4.786 -4.911 1.559
P564418 4.653 4.365 -5.524 1.655
P564419 5.376 5.012 -4.838 1.715
P564420 5.196 5.119 -1.987 0.815
P564421 5.352 4.941 -4.321 3.196
P564423 5.004 4.715 -5.693 1.252
P564425 4.812 4.454 -5.807 1.932
P564426 5.126 4.789 -4.668 3.622
P564427 4.695 4.435 -6.381 2.287
P564428 4.702 4.818 -0.902 1.800
P564430 4.816 4.452 -5.348 2.389
P564431 4.881 4.858 -5.665 0.594
P564432 5.053 4.485 -4.801 3.781
P564433 5.401 4.998 -4.970 3.398
P564435 4.784 4.522 -5.988 2.775
P564436 5.182 5.038 -2.553 1.050
P564437 4.992 4.629 -6.302 1.760
P564438 4.921 4.519 -5.903 1.706
P564439 5.177 5.132 -5.982 0.537
P564440 5.031 4.966 -6.027 0.714
P564441 5.163 4.853 -4.208 2.811
P564443 5.135 5.022 -2.411 1.178
P564444 4.982 4.911 2.372 0.795
P564445 4.990 4.743 -2.610 1.257
P564447 4.963 4.759 -3.601 2.060
P564449 4.700 4.778 -4.590 1.439
P564451 4.793 4.432 -5.855 1.795
P564452 4.834 4.553 -5.920 2.888
P564453 4.934 4.542 -6.336 1.697
P564454 5.045 4.933 -2.613 1.586
P564455 5.127 4.768 -5.549 1.217
P564457 4.972 5.052 0.551 0.569
P564458 5.392 4.891 -4.882 3.240
P564459 5.180 4.786 -5.927 1.293
P564460 4.893 4.543 -5.684 1.631
P564462 5.040 5.012 -3.038 1.512
P564464 4.807 4.603 -6.065 2.791
P564467 4.950 4.333 -4.882 3.743
P564468 5.177 4.796 -4.237 3.287
P564469 5.230 4.711 -5.213 3.676
P564470 5.081 5.052 -1.847 1.193
P564471 4.934 4.572 -5.359 1.520
P564472 5.276 4.771 -4.769 3.641
P564473 5.454 4.693 -4.301 2.336
P564475 5.161 4.741 -5.617 1.476
P564476 4.889 4.497 -5.119 2.365
P564477 5.224 4.775 -4.442 3.007
P564479 5.056 4.931 -2.465 1.129
P564480 4.952 4.709 -5.963 2.041
P564482 5.392 5.097 -3.922 2.788
P564483 5.367 5.117 -3.265 1.410
P564484 4.946 4.372 -5.240 5.022
P564486 5.355 4.878 -4.811 3.306
P564487 5.271 4.967 -5.587 1.448
P564488 5.358 4.776 -5.111 3.976
P564489 4.946 4.668 -6.304 1.868
P564490 4.940 5.000 -0.914 2.158
P564491 5.176 5.083 -6.030 0.475
P564492 5.237 4.882 -4.576 1.164
P564493 5.373 4.998 -4.927 3.059
P564494 5.238 4.908 -5.500 1.246
P564495 4.832 4.569 -5.635 1.481
P564496 5.221 4.684 -5.463 3.843
P564497 5.046 4.980 -4.891 1.669
P564498 4.766 4.551 -5.620 1.447
P564500 5.028 5.053 -1.344 0.924
P564501 4.742 4.346 -5.100 1.524
P564503 4.797 4.890 0.560 0.529
P564504 5.226 4.626 -5.437 1.777
P564505 4.975 5.048 0.556 0.550
P564506 5.123 4.971 -2.610 1.092
P564507 5.219 4.798 -4.160 3.201
P564508 5.335 4.796 -5.213 1.819
P564509 5.278 4.582 -5.109 3.952
P564510 5.068 4.962 -6.236 1.430
P564511 4.904 4.574 -4.733 1.906
P564512 4.785 4.553 -5.249 4.280
P564513 5.094 4.733 -5.667 1.788
P564514 5.338 4.948 -6.184 1.043
P564515 5.155 4.721 -5.471 1.485
P564516 4.919 4.664 -6.307 2.178
P564517 5.167 4.728 -2.251 1.571
P564518 4.760 4.470 -6.025 1.973
P564520 5.341 4.946 -3.441 1.888
P564521 4.803 4.961 -1.010 1.662
P564522 5.184 5.186 2.107 0.887
P564523 5.000 4.829 -3.231 4.066
P564524 5.049 4.968 -2.685 1.566
P564526 4.762 4.462 -5.982 2.086
P564529 5.112 5.160 -6.133 0.685
P564530 4.984 4.310 -5.194 2.725
P564531 5.129 4.765 -5.671 1.604
P564533 4.855 4.798 -2.692 2.881
P564534 4.802 4.879 -0.969 1.620
P564536 4.728 4.422 -5.240 1.603
P564538 5.208 4.830 -4.276 2.947
P564540 4.986 4.723 -5.210 0.863
P564542 4.949 4.652 -4.825 1.628
P564543 5.410 4.938 -5.205 3.349
P564545 4.986 4.534 -5.412 1.619
P564546 5.386 5.035 -4.790 3.150
P564547 4.779 4.679 -5.609 1.882
P564549 5.348 4.919 -5.882 1.127
P564550 5.100 4.902 -4.910 0.371
P564551 5.087 4.596 -5.612 1.834
P564552 4.803 4.511 -5.460 1.195
P564553 5.144 5.049 -2.424 1.153
P564555 4.963 4.637 -5.316 4.232
P564557 5.161 4.465 -5.070 3.807
P564558 5.233 4.415 -4.617 2.540
P564560 4.921 4.722 -3.064 3.975
P564563 5.063 4.776 -2.153 0.980
P564564 4.854 4.621 -6.238 1.744
P564566 5.265 4.715 -4.831 3.378
P564567 5.019 4.681 -4.686 1.039
P564568 4.988 4.835 -4.162 0.923
P564569 5.239 4.711 -4.622 3.292
P564570 4.895 4.903 6.178 0.870
P564571 4.798 4.351 -6.022 1.887
P564572 4.998 4.897 -2.508 1.126
P564573 4.986 4.864 -2.520 1.082
P564574 4.789 4.502 -5.673 1.676
P564575 5.153 4.915 -5.078 1.564
P564576 4.852 4.463 -5.673 1.213
P564577 4.897 4.829 -2.953 1.694
P564578 5.163 5.040 -2.505 1.085
P564579 5.002 4.562 -5.385 1.861
P564582 5.215 5.084 -4.596 0.973
P564583 4.877 4.473 -5.686 2.028
P564584 4.947 4.825 -1.571 2.967
P564585 5.073 4.971 -3.192 2.217
P564586 5.330 4.659 -5.504 3.827
P564587 5.260 5.214 -5.742 0.709
P564588 4.942 4.665 -5.308 1.782
P564589 4.972 4.730 -4.746 5.119
P564590 4.779 4.570 -6.196 2.337
P564591 4.938 4.480 -5.940 3.443
P564592 5.037 4.424 -5.115 4.130
P564593 4.698 4.560 -4.634 1.762
P564594 4.949 4.882 -2.314 1.196
P564595 5.241 4.960 -3.936 2.990
P564596 5.206 5.239 -6.219 1.046
P564597 5.389 4.835 -4.245 2.449
P564598 4.887 4.773 -1.671 2.620
P564599 4.956 4.846 -2.113 0.765
P564600 4.805 4.627 -5.055 1.546
P564601 5.250 4.971 -5.341 1.269
P564602 5.015 4.730 -5.641 1.116
P564603 5.047 4.693 -4.324 3.460
P564604 4.808 4.237 -5.360 2.169
P564605 5.087 5.125 -3.996 1.966
P564606 4.943 5.051 -1.048 1.744
P564607 4.687 4.824 -1.107 1.541
P564608 5.011 4.577 -3.640 2.263
P564609 5.262 4.913 -5.623 2.729
P564610 5.415 5.187 -5.130 1.689
P564611 5.278 4.689 -5.508 2.386
P564612 5.040 4.810 -2.846 3.066
P564613 4.819 4.522 4.799 1.625
P564614 4.979 4.787 -0.042 1.656
P564615 5.167 4.788 -5.508 1.733
P564617 5.241 5.104 -1.892 0.587
P564618 5.117 4.871 -0.681 1.960
P564619 4.668 4.639 -1.716 3.421
P564620 5.061 4.767 -5.108 1.696
P564621 4.928 4.841 -2.778 0.467
P564623 5.334 4.848 -4.896 2.013
P564625 5.185 5.018 -4.866 2.654
P564627 5.235 4.598 -5.730 3.434
P564628 4.760 4.514 -5.117 1.878
P564629 4.983 4.844 -0.077 1.209
P564631 5.887 5.874 -7.312 0.485
P564637 5.864 5.735 -7.274 0.488
P564638 6.084 6.031 -7.084 0.385
P564639 5.947 5.901 -7.316 0.490
P564642 5.983 5.875 -7.536 0.436
P564643 6.280 6.257 -7.381 0.329
P564645 6.094 6.042 -7.780 0.441
P564646 6.109 6.050 -7.338 0.472
P564652 6.255 6.249 -7.134 0.343
P564654 6.155 6.038 -7.546 0.516
P564655 6.206 6.112 -7.484 0.371
P564657 6.164 6.187 -6.973 0.531
P564661 6.276 6.315 -7.592 0.404
P564664 6.436 6.369 -7.956 0.488
P564667 5.956 5.911 -7.115 0.393
P564670 6.149 6.054 -7.401 0.416
P564671 6.345 6.236 -6.763 0.415
P564674 6.137 6.020 -8.016 0.534
P564677 6.313 6.300 -7.413 0.524
P564681 6.552 6.512 -7.242 0.345
P564682 6.406 6.455 -7.141 0.700
P564685 6.414 6.536 -7.512 0.503
P564697 6.203 6.199 -6.995 0.469
P564698 6.715 6.606 -7.514 0.313
P564700 6.293 6.347 -6.841 0.387
P564701 6.242 6.262 -7.292 0.689
P564703 6.480 6.405 -6.603 0.552
P564710 6.689 6.546 -7.488 0.363
P564714 6.487 6.471 -7.499 0.427
P564717 6.787 6.787 -6.540 0.467
P564721 6.790 6.776 -8.693 0.443
P564727 6.625 6.521 -6.745 0.704
P564729 6.383 6.420 -7.516 0.671
P564730 6.933 6.815 -7.329 0.707
P564733 6.989 6.925 -7.785 0.715
P564738 6.724 6.714 -7.284 0.953
P564741 6.761 6.847 -6.822 0.733
P564747 6.667 6.611 -7.136 0.663
P564752 6.604 6.415 -6.790 0.726
P564753 6.517 6.360 -7.132 0.727
P564757 6.644 6.735 -7.537 0.725
P564759 6.693 6.684 -5.068 0.271
P564764 3.835 3.855 -4.905 0.835
P564766 3.791 3.863 -4.712 0.658
P564768 3.761 3.797 -4.866 0.923
P564773 3.719 3.756 -4.897 0.803
P564777 4.240 4.289 -4.799 0.560
P564778 4.229 4.357 -4.722 0.776
P564779 4.206 4.253 -4.807 0.586
P564782 4.145 4.160 -4.793 0.535
P564785 4.003 3.952 -4.787 0.805
P564788 4.055 4.038 -4.729 1.084
P564791 4.097 4.208 -4.701 0.810
P564792 4.113 4.104 -4.793 0.814
P564799 4.018 3.917 -5.361 1.083
P564800 4.224 4.152 -3.893 1.375
P564801 3.978 3.817 -4.425 0.466
P564806 3.918 3.806 -5.239 1.069
P564809 4.059 4.087 -4.973 0.819
P564811 4.050 4.200 -4.741 1.104
P564815 4.014 3.887 -4.400 0.519
P564816 4.018 4.102 -4.683 0.705
P564819 4.094 4.222 -4.807 1.209
P564821 4.124 4.171 -4.899 1.341
P564825 4.145 4.214 -4.679 0.946
P564827 3.815 3.747 -5.315 1.603
P564830 3.971 3.924 -5.273 1.476
P564831 3.903 3.824 -5.189 1.433
P564834 4.018 3.994 -4.860 0.674
P564839 3.944 3.919 -5.046 1.206
P564842 3.878 3.757 -4.936 1.676
P564846 4.004 3.783 -4.877 1.443
P564847 4.020 3.939 -4.928 1.279
P564850 4.004 4.141 -5.015 1.282
P564851 4.053 3.790 -4.627 1.139
P564854 3.961 3.956 -5.005 1.013
P564858 3.917 3.785 -4.584 0.670
P564859 4.005 3.935 -4.544 0.617
P564863 4.012 3.959 -4.643 1.097
P564866 4.314 4.393 -4.888 1.296
P564867 4.304 4.399 -4.849 0.849
P564868 4.256 4.336 -4.911 1.410
P564872 4.191 4.287 -4.877 1.404
P564874 3.746 3.734 -4.998 0.841
P564879 3.779 3.624 -4.592 1.118
P564881 3.781 3.766 -4.989 0.579
P564885 3.865 3.746 -5.364 1.698
P564888 3.925 3.734 -4.564 1.298
P564890 3.910 4.086 -4.696 1.476
P564891 3.933 3.892 -4.986 1.034
P564895 3.852 3.789 -4.949 1.161
P564901 4.173 4.158 -5.096 1.902
P564903 4.171 4.106 -5.070 1.482
P564904 4.129 4.225 -4.779 1.462
P564906 4.060 4.172 -5.051 1.482
P564913 3.953 3.916 -4.376 0.684
P564917 4.055 4.009 -4.424 1.401
P564918 4.132 4.051 -4.712 0.652
P564921 4.103 4.048 -4.752 1.118
P564923 4.057 4.046 -4.376 1.466
P564924 3.906 3.642 -4.648 1.319
P564928 3.857 3.991 -5.002 0.719
P564929 3.865 4.043 -4.813 0.799
P564930 3.769 3.739 -4.954 0.808
P564934 3.847 3.822 -4.962 0.811
P564938 3.875 4.042 -4.507 0.973
P564939 3.892 3.853 -4.984 0.792
P564946 3.919 4.033 -5.000 1.388
P564947 3.870 4.012 -4.879 1.183
P564950 3.806 3.955 -4.807 0.913
P564954 3.887 4.043 -4.859 1.098
P564957 3.985 4.054 -5.079 0.963
P564958 3.983 4.066 -4.588 0.984
P564959 3.931 4.004 -5.076 0.967
P564965 3.864 3.916 -5.075 1.224
P564970 4.049 3.992 -4.555 0.583
P564973 3.841 3.860 -4.963 0.771
P564976 4.321 4.359 -4.475 1.031
P564979 4.280 4.335 -4.362 0.611
P564980 4.240 4.194 -4.432 1.018
P564983 4.181 4.184 -4.458 0.786
P564989 4.325 4.343 -3.664 0.583
P564990 4.336 4.214 -3.643 1.043
P564992 4.289 4.332 -3.818 1.558
P564994 4.234 4.266 -3.706 0.523
P564996 4.289 4.261 -3.175 0.410
P564999 4.348 4.277 -3.209 0.818
P565002 4.276 4.270 -3.154 0.440
P565003 4.198 4.139 -3.260 1.104
P565006 3.918 3.756 -5.461 1.841
P565009 3.967 3.833 -5.137 1.533
P565011 4.028 3.855 -5.291 1.445
P565014 3.996 3.851 -5.283 1.572
P565016 4.072 3.895 -5.272 1.431
P565020 3.843 3.847 -5.401 0.900
P565021 4.010 4.009 -4.928 0.946
P565025 4.001 4.388 -4.351 1.494
P565026 4.036 4.002 -4.819 1.353
P565032 3.934 3.882 -4.683 1.119
P565034 4.077 4.093 -5.233 0.717
P565035 4.113 4.102 -4.655 0.516
P565038 4.045 4.048 -4.651 0.432
P565039 4.184 4.250 -4.572 0.888
P565040 4.023 3.969 -4.877 0.914
P565043 4.008 4.024 -5.200 1.087
P565047 4.059 4.070 -4.961 0.898
P565051 4.090 4.152 -5.145 1.054
P565055 4.076 4.106 -4.977 0.770
P565056 3.966 3.958 -4.899 1.027
P565061 4.074 4.126 -5.221 0.982
P565062 4.082 4.127 -4.663 1.046
P565063 4.082 4.139 -4.856 1.887
P565066 4.180 4.255 -4.863 0.998
P565067 4.393 4.086 -4.169 2.230
P565068 4.107 4.193 -4.361 1.362
P565071 4.082 4.125 -4.859 1.161
P565074 4.091 4.084 -4.974 1.142
P565076 4.055 4.093 -4.621 1.584
P565081 4.126 4.279 -4.214 0.454
P565083 4.224 4.161 -4.569 0.635
P565086 4.003 3.960 -4.422 1.331
P565091 4.497 4.446 -5.092 0.562
P565092 4.165 4.101 -4.617 0.539
P565095 4.152 4.153 -4.930 0.902
P565096 4.013 3.626 -3.926 1.368
P565097 4.036 4.085 -5.060 1.386
P565098 4.193 4.351 -3.950 0.850
P565099 4.267 4.089 -4.194 0.665
P565100 4.060 4.152 -4.539 1.538
P565101 4.545 4.603 -5.043 0.603
P565105 4.507 4.497 -4.694 0.421
P565108 4.559 4.564 -5.079 1.103
P565110 4.117 4.040 -4.930 0.953
P565111 4.513 4.400 -2.932 0.898
P565112 4.420 4.308 -2.997 1.007
P565113 4.399 4.399 -2.985 1.193
P565115 4.404 4.334 -3.097 0.381
P565116 4.484 4.433 -3.530 1.467
P565117 4.412 4.448 -3.194 0.631
P565120 4.357 4.230 -2.972 0.474
P565124 4.299 4.251 -3.067 1.739
P565125 4.547 4.513 -3.397 1.132
P565126 4.429 4.436 -3.184 0.659
P565131 4.162 4.136 -5.514 2.039
P565134 4.439 4.452 -3.230 0.921
P565138 3.980 3.925 -5.046 0.413
P565139 4.027 3.952 -5.026 0.371
P565142 4.098 3.963 -4.813 0.634
P565146 4.080 3.994 -4.866 0.459
P565149 4.294 4.261 -3.017 1.166
P565150 4.400 4.388 -3.167 0.414
P565151 4.156 4.147 -4.937 1.192
P565155 4.380 4.381 -5.059 1.455
P565159 3.965 4.039 -4.451 0.802
P565160 3.945 3.991 -4.726 1.440
P565161 4.050 4.060 -4.736 0.983
P565163 3.933 4.068 -4.773 1.241
P565166 4.007 4.105 -5.057 1.148
P565168 4.012 4.077 -5.063 1.225
P565172 3.945 3.933 -4.694 0.669
P565177 3.880 3.893 -4.546 1.344
P565178 4.137 4.199 -4.599 0.671
P565182 4.048 4.052 -4.478 1.204
P565185 4.003 4.069 -4.708 0.470
P565186 4.050 4.094 -4.534 0.417
P565187 3.905 3.900 -4.752 1.042
P565191 3.997 4.138 -5.037 1.315
P565194 3.995 4.118 -4.993 0.937
P565195 3.983 4.009 -4.810 0.682
P565196 4.026 4.147 -4.573 0.788
P565197 4.058 4.012 -4.795 0.832
P565201 4.471 4.506 -5.058 1.387
P565202 4.451 4.511 -5.014 0.674
P565203 4.425 4.440 -4.995 1.104
P565207 4.241 3.981 -3.970 0.923
P565211 4.027 3.964 -4.651 0.859
P565212 4.152 4.084 -4.929 0.761
P565214 3.945 3.864 -5.062 1.488
P565215 3.973 4.064 -4.446 1.557
P565216 4.333 4.402 -5.405 1.365
P565218 4.269 4.360 -5.237 0.833
P565219 4.152 4.273 -5.294 0.596
P565223 4.542 4.385 -4.030 0.738
P565224 4.326 4.277 -3.698 0.806
P565228 4.345 4.262 -3.773 0.493
P565229 4.358 3.836 -4.202 1.863
P565234 4.065 4.008 -5.189 1.290
P565236 4.232 4.222 -3.831 1.334
P565237 4.473 4.352 -3.694 1.112
P565238 4.162 4.038 -5.011 1.073
P565241 3.819 3.872 -5.143 1.274
P565242 4.089 3.972 -5.522 1.856
P565247 3.947 3.956 -5.099 0.732
P565248 4.061 3.894 -4.886 1.303
P565252 3.897 3.802 -5.023 1.314
P565253 3.885 3.809 -4.885 1.555
P565254 3.920 4.011 -4.921 1.328
P565257 3.875 3.895 -5.018 2.093
P565259 3.882 3.861 -4.483 0.385
P565263 3.953 3.950 -5.052 1.282
P565264 3.906 3.947 -5.141 1.478
P565268 3.960 3.914 -4.359 0.343
P565270 3.860 3.851 -4.988 0.901
P565272 3.836 3.802 -4.848 1.775
P565276 4.046 4.091 -4.484 0.656
P565280 3.948 3.901 -4.819 1.226
P565284 3.894 3.932 -4.779 0.611
P565285 3.961 4.083 -4.374 0.639
P565286 3.787 3.755 -4.825 0.956
P565290 3.938 3.944 -5.043 1.206
P565292 4.162 4.204 -5.214 0.837
P565296 4.162 4.386 -4.788 1.204
P565297 4.142 4.034 -5.079 0.937
P565301 4.034 4.016 -4.977 0.539
P565306 4.426 4.413 -3.349 1.011
P565307 4.190 4.005 -5.186 1.601
P565308 4.379 4.333 -3.970 1.069
P565309 4.341 4.353 -4.421 1.089
P565310 4.189 4.258 -4.352 1.081
P565311 4.240 4.053 -4.679 0.700
P565312 4.123 3.988 -4.850 1.221
P565313 4.183 4.013 -4.423 1.272
P565314 4.100 4.088 -4.744 1.047
P565318 4.166 4.084 -4.427 0.688
P565319 4.172 4.153 -4.957 0.955
P565326 4.170 4.139 -4.756 0.895
P565328 4.002 3.905 -5.127 1.353
P565330 4.300 4.264 -4.235 0.889
P565331 4.072 4.034 -5.481 1.865
P565332 4.322 4.346 -3.821 0.886
P565335 4.190 4.343 -4.974 1.325
P565340 4.206 4.408 -5.101 1.562
P565341 4.381 4.524 -4.812 0.930
P565345 4.321 4.443 -5.094 1.556
P565346 3.875 3.968 -4.532 1.010
P565347 4.328 4.339 -3.210 1.225
P565348 4.056 3.987 -3.991 0.690
P565349 3.938 3.785 -4.661 2.129
P565354 4.013 3.875 -4.949 1.857
P565358 3.989 3.872 -5.007 1.519
P565360 3.909 3.744 -4.640 1.174
P565362 3.923 3.731 -5.073 1.420
P565366 4.078 3.888 -4.312 0.436
P565370 4.018 3.909 -5.223 1.452
P565371 3.983 3.732 -4.476 1.024
P565375 4.123 4.002 -3.981 1.252
P565376 4.017 3.963 -5.279 1.349
P565379 3.819 3.859 -5.221 2.187
P565382 4.006 3.864 -4.822 1.150
P565383 3.943 3.673 -4.302 0.518
P565384 3.987 3.849 -4.293 0.477
P565385 4.136 3.761 -4.430 0.731
P565386 4.560 4.540 -4.869 2.212
P565389 4.629 4.385 -4.562 1.546
P565390 4.719 4.629 -3.807 0.748
P565391 3.999 3.821 -4.644 1.314
P565393 4.063 3.781 -4.381 0.500
P565394 4.289 4.358 -4.414 0.458
P565395 4.216 4.242 -4.649 1.221
P565398 4.679 4.564 -3.749 0.781
P565399 4.320 4.310 -4.998 0.328
P565400 4.073 3.967 -5.093 0.899
P565401 4.048 4.089 -4.604 1.105
P565402 4.012 4.165 -4.564 1.435
P565403 4.029 3.997 -4.177 1.060
P565404 4.021 3.969 -5.083 1.568
P565406 3.995 3.998 -4.835 1.041
P565410 4.085 4.038 -5.092 1.136
P565415 4.072 4.038 -4.756 1.054
P565418 4.079 4.004 -4.441 0.337
P565419 3.987 3.937 -5.068 1.148
P565421 3.932 3.902 -4.913 0.695
P565425 4.111 4.265 -4.686 1.367
P565429 4.094 4.081 -4.949 1.748
P565433 4.017 4.108 -4.584 0.601
P565434 4.054 4.120 -4.554 0.451
P565435 3.985 3.828 -4.830 1.155
P565439 4.102 4.070 -5.206 0.687
P565441 4.301 4.461 -4.725 0.880
P565442 4.219 4.354 -4.616 0.923
P565443 4.246 4.364 -4.770 1.097
P565444 4.191 4.331 -4.615 0.773
P565446 4.208 4.382 -4.703 1.786
P565449 4.316 4.410 -5.042 1.443
P565452 4.330 4.322 -4.906 1.445
P565455 4.193 4.347 -4.789 0.776
P565460 4.139 4.288 -4.602 1.186
P565461 4.272 4.600 -4.761 1.462
P565465 4.292 4.416 -4.716 1.600
P565466 4.603 4.663 -4.202 1.435
P565470 4.633 4.597 -4.158 0.909
P565472 4.639 4.526 -4.348 1.266
P565474 4.487 4.498 -4.203 1.526
P565479 4.271 4.420 -4.910 0.994
P565480 4.308 4.459 -4.622 0.725
P565483 4.125 4.268 -4.578 1.575
P565484 4.299 4.429 -4.809 0.718
P565486 4.277 4.352 -5.011 0.773
P565487 4.436 4.416 -3.700 1.134
P565491 4.405 4.280 -4.998 0.768
P565492 4.459 4.330 -4.986 0.837
P565496 4.429 4.368 -4.804 0.467
P565499 4.485 4.386 -4.950 0.580
P565501 4.387 4.366 -4.607 1.539
P565502 4.332 4.153 -4.242 1.131
P565503 4.341 4.440 -4.308 0.881
P565504 4.381 4.352 -4.369 1.469
P565508 4.397 4.397 -4.684 0.947
P565512 4.389 4.378 -4.383 0.537
P565515 4.328 4.402 -4.669 1.748
P565516 4.328 4.375 -4.118 0.413
P565520 4.410 4.417 -4.150 0.514
P565524 4.484 4.407 -4.361 1.477
P565525 4.338 4.323 -3.925 1.470
P565529 4.361 4.408 -4.465 0.333
P565531 4.495 4.544 -3.779 0.695
P565532 4.353 4.427 -3.615 0.476
P565535 4.476 4.413 -3.256 0.519
P565536 4.052 3.880 -4.843 1.051
P565537 4.290 4.126 -4.594 1.620
P565538 4.268 4.132 -4.663 1.307
P565543 4.198 3.978 -4.579 1.703
P565544 4.498 4.401 -4.049 0.776
P565545 4.493 4.466 -3.989 1.417
P565546 4.437 4.405 -3.471 0.528
P565547 4.483 4.390 -3.485 1.001
P565550 4.400 4.423 -3.723 0.761
P565552 4.500 4.520 -3.863 0.996
P565556 4.463 4.505 -3.509 0.669
P565559 4.394 4.452 -3.936 1.734
P565563 4.346 4.416 -3.624 0.563
P565564 4.512 4.546 -3.571 0.734
P565568 4.491 4.533 -3.610 0.755
P565572 4.450 4.521 -3.740 0.489
P565573 4.440 4.464 -3.862 1.012
P565574 4.493 4.536 -3.735 0.355
P565576 4.416 4.357 -3.296 0.415
P565577 4.452 4.376 -4.489 1.336
P565578 4.411 4.407 -4.509 0.513
P565580 4.203 3.881 -4.415 2.242
P565581 4.456 4.572 -4.788 0.602
P565584 4.293 4.426 -4.942 2.094
P565586 4.398 4.552 -4.887 0.807
P565589 4.412 4.551 -4.930 1.042
P565590 4.298 4.395 -4.756 0.552
P565591 4.410 4.549 -4.801 0.872
P565594 4.285 4.342 -4.373 1.779
P565597 4.433 4.540 -5.128 0.988
P565600 4.454 4.645 -4.868 1.263
P565601 4.398 4.435 -4.595 0.716
P565602 4.377 4.367 -4.624 0.274
P565603 4.360 4.261 -4.283 1.149
P565604 4.428 4.401 -4.301 0.673
P565605 4.336 3.914 -3.922 1.883
P565609 4.349 4.323 -4.868 0.752
P565611 4.275 4.032 -4.514 1.653
P565617 4.166 4.078 -4.412 2.221
P565618 4.397 4.336 -4.487 0.543
P565619 4.417 4.525 -4.880 1.101
P565623 4.425 4.493 -4.757 0.646
P565627 4.424 4.521 -5.101 1.502
P565631 4.387 4.525 -4.747 1.318
P565632 4.359 4.420 -4.955 0.889
P565636 4.245 4.364 -4.838 1.522
P565638 4.371 4.467 -4.702 1.012
P565641 4.317 4.044 -4.530 1.680
P565642 4.021 3.870 -4.963 1.413
P565645 3.868 3.740 -4.877 0.801
P565648 3.924 3.848 -4.944 1.421
P565652 3.929 3.995 -4.723 0.592
P565655 4.037 3.886 -4.928 1.830
P565656 4.535 4.535 -4.917 1.507
P565660 4.522 4.660 -4.742 0.961
P565663 4.532 4.570 -4.886 1.612
P565665 4.445 4.431 -4.895 1.546
P565668 4.156 4.056 -5.375 1.657
P565673 4.141 4.093 -5.318 1.357
P565675 4.300 4.201 -5.384 1.348
P565679 4.202 4.016 -4.598 1.474
P565682 4.137 4.055 -5.027 1.497
P565683 4.147 4.040 -5.094 1.253
P565685 4.088 4.003 -5.088 1.489
P565689 4.015 3.930 -5.009 1.467
P565691 4.004 3.849 -5.074 0.411
P565695 4.034 3.855 -5.081 0.658
P565698 4.136 3.929 -5.313 1.174
P565699 4.548 4.574 -4.899 1.375
P565702 4.536 4.572 -4.685 0.673
P565703 4.484 4.526 -4.732 0.909
P565706 4.434 4.464 -4.710 0.646
P565713 4.109 3.958 -5.089 0.543
P565714 3.977 4.089 -5.527 1.673
P565718 3.977 4.015 -5.179 1.053
P565722 4.043 4.194 -5.254 1.042
P565726 4.072 4.114 -5.202 1.203
P565729 4.320 4.223 -5.409 1.624
P565731 4.373 4.260 -5.510 1.121
P565732 4.272 4.189 -4.494 0.518
P565738 4.201 4.121 -5.239 1.370
P565741 4.105 4.001 -4.519 0.509
P565742 4.043 3.925 -4.897 0.566
P565746 4.163 4.137 -4.331 1.200
P565749 4.181 4.039 -5.660 1.413
P565752 4.274 4.311 -5.065 0.928
P565755 4.266 4.227 -5.216 1.541
P565758 4.344 4.531 -4.987 0.889
P565764 4.373 4.566 -5.149 1.330
P565765 4.397 4.296 -5.014 1.224
P565766 4.203 3.995 -4.072 1.650
P565771 4.281 4.303 -4.207 1.563
P565775 4.346 4.238 -4.167 1.229
P565776 4.008 3.920 -4.510 1.489
P565777 4.230 4.276 -4.927 0.479
P565778 4.110 4.044 -4.807 1.519
P565781 4.402 4.358 -5.064 1.120
P565783 4.378 4.324 -5.099 1.081
P565784 4.368 4.364 -4.987 0.569
P565789 4.287 4.250 -4.992 0.556
P565792 4.152 4.165 -4.710 0.435
P565795 4.529 4.665 -5.181 0.931
P565796 4.507 4.450 -5.395 1.195
P565797 4.469 4.641 -5.204 1.128
P565801 4.437 4.303 -5.573 1.384
P565805 4.120 3.667 -4.505 1.741
P565807 4.175 4.262 -5.129 0.965
P565808 4.282 4.201 -4.669 0.670
P565811 4.266 4.253 -4.455 0.358
P565812 4.370 4.449 -3.537 1.374
P565814 4.408 4.289 -4.912 0.571
P565818 4.380 4.274 -4.713 0.644
P565819 4.375 4.225 -4.944 0.986
P565825 4.313 4.181 -4.959 0.458
P565826 3.846 3.790 -5.512 1.555
P565828 4.082 3.683 -4.508 1.564
P565831 4.164 4.109 -4.487 1.069
P565833 4.585 4.378 -4.793 1.379
P565834 4.581 4.482 -4.902 1.213
P565835 4.545 4.454 -4.965 1.538
P565838 4.487 4.332 -4.912 1.514
P565841 4.292 4.379 -5.250 1.230
P565843 4.314 4.356 -5.098 0.703
P565845 4.362 4.158 -4.781 2.163
P565846 4.267 4.303 -5.141 0.647
P565851 4.234 4.238 -5.139 0.925
P565854 3.905 3.939 -5.327 1.308
P565859 3.947 3.871 -5.356 1.529
P565860 4.059 3.673 -4.793 1.205
P565863 4.003 4.068 -5.492 1.620
P565865 4.017 3.971 -5.460 1.222
P565869 4.391 4.365 -5.062 0.686
P565870 4.351 4.512 -4.827 0.791
P565871 4.692 4.793 -4.651 1.128
P565873 4.747 4.831 -4.722 0.868
P565877 4.808 4.887 -4.697 0.689
P565881 4.795 4.875 -4.786 1.205
P565883 4.755 4.805 -4.784 0.954
P565885 4.703 4.777 -4.722 0.988
P565886 4.680 4.724 -4.589 0.596
P565887 4.621 4.411 -4.823 1.208
P565891 4.277 4.216 -5.075 0.837
P565898 4.376 4.279 -5.095 0.888
P565899 4.231 4.248 -5.027 0.785
P565905 4.149 4.128 -5.013 1.158
P565907 4.058 4.216 -5.111 1.064
P565910 4.128 3.999 -5.047 1.146
P565911 3.994 4.185 -5.126 0.894
P565916 3.920 4.130 -5.067 0.910
P565919 4.141 3.988 -5.185 1.361
P565920 4.226 4.074 -5.176 1.398
P565925 4.240 4.115 -4.605 0.522
P565929 4.181 4.001 -4.843 0.797
P565930 4.239 3.999 -5.052 1.200
P565933 4.262 4.142 -4.825 0.651
P565935 4.289 4.140 -5.077 0.856
P565936 4.393 4.216 -3.733 1.702
P565941 4.264 4.092 -5.126 1.179
P565943 4.297 4.382 -4.671 0.808
P565944 4.323 4.447 -4.881 1.004
P565945 4.338 4.315 -4.708 1.379
P565950 4.423 4.449 -4.783 0.539
P565953 4.332 4.381 -4.725 0.573
P565956 4.280 4.300 -4.851 0.484
P565958 4.278 4.308 -4.705 0.550
P565962 4.379 4.631 -4.715 1.429
P565966 4.437 4.470 -4.632 0.551
P565969 4.301 4.367 -4.755 0.329
P565971 4.366 4.464 -4.731 0.331
P565973 4.269 4.371 -4.727 0.805
P565976 4.378 4.426 -4.876 0.459
P565979 4.390 4.415 -4.879 0.691
P565980 4.328 4.353 -4.996 0.323
P565981 4.304 4.415 -4.643 1.449
P565982 4.342 4.325 -4.634 0.883
P565984 4.118 4.123 -4.405 0.755
P565987 4.118 4.216 -4.605 0.790
P565988 4.050 4.126 -4.786 0.944
P565989 4.145 4.221 -4.895 0.970
P565990 4.122 4.074 -4.894 0.836
P565993 4.181 4.148 -5.278 0.880
P565995 4.187 4.225 -5.150 0.868
P566001 4.200 4.152 -4.889 0.842
P566002 4.085 4.101 -5.132 1.449
P566005 4.072 4.059 -4.831 0.843
P566006 4.299 4.253 -4.818 0.635
P566010 4.172 4.109 -4.954 0.808
P566011 4.190 4.266 -4.870 0.778
P566014 4.025 4.039 -4.870 1.360
P566016 4.177 4.146 -5.108 0.832
P566018 4.153 4.169 -5.026 0.861
P566020 4.023 3.951 -4.548 0.756
P566021 4.169 4.174 -4.803 0.721
P566025 4.210 4.223 -3.995 0.584
P566026 4.240 4.285 -4.371 0.976
P566030 4.176 4.215 -4.157 0.858
P566034 4.144 4.281 -4.873 0.826
P566035 4.420 3.970 -3.251 1.757
P566039 4.481 4.323 -4.721 2.425
P566040 4.237 4.184 -5.096 0.767
P566044 4.210 4.293 -4.921 1.016
P566045 4.209 4.168 -5.272 0.787
P566049 4.123 4.091 -4.993 0.590
P566056 4.156 4.214 -4.958 0.917
P566058 4.399 4.396 -4.062 1.584
P566060 4.341 4.339 -5.025 0.801
P566064 4.361 4.152 -3.704 1.118
P566066 4.374 4.421 -5.086 0.523
P566068 4.438 4.503 -5.079 0.587
P566072 4.474 4.547 -5.139 0.432
P566076 4.486 4.555 -5.092 0.713
P566077 4.440 4.495 -4.131 1.651
P566078 4.244 4.307 -4.343 0.352
P566080 4.093 4.160 -4.765 0.860
P566082 4.069 4.054 -5.051 0.904
P566083 4.149 3.991 -4.766 0.669
P566087 4.470 4.614 -5.149 0.816
P566088 4.460 4.627 -5.148 1.061
P566089 4.439 4.629 -5.224 0.705
P566093 4.366 4.575 -5.253 0.851
P566099 4.403 4.430 -5.161 0.757
P566100 4.370 4.407 -5.038 0.923
P566101 4.056 3.981 -4.764 1.463
P566102 4.208 4.056 -4.166 2.330
P566104 4.210 4.073 -5.338 1.552
P566106 4.261 4.137 -5.251 1.170
P566110 4.301 4.013 -4.846 1.480
P566113 4.249 4.191 -5.350 1.029
P566115 4.210 4.225 -3.796 0.685
P566119 4.278 4.294 -5.245 0.973
P566120 4.205 4.270 -5.231 1.003
P566123 4.179 4.163 -5.215 0.919
P566127 4.117 4.147 -3.806 0.445
P566131 4.172 4.125 -4.495 0.615
P566133 4.242 4.238 -4.486 1.489
P566134 4.315 4.250 -4.837 1.698
P566136 4.261 4.307 -5.113 1.385
P566140 3.955 3.725 -4.546 1.199
P566141 4.681 4.785 -5.099 0.502
P566146 4.635 4.701 -5.263 1.568
P566147 4.539 4.654 -5.025 0.484
P566154 4.408 4.359 -5.166 1.418
P566155 4.329 4.325 -5.098 1.296
P566161 4.141 4.156 -4.845 0.589
P566163 4.208 4.203 -5.263 1.445
P566167 4.235 4.169 -5.185 1.202
P566168 4.263 4.309 -5.107 1.277
P566174 4.492 4.330 -5.046 1.918
P566176 4.488 4.339 -4.862 1.193
P566180 4.399 4.203 -4.439 0.958
P566181 4.324 4.190 -4.913 1.532
P566185 4.050 4.013 -5.372 1.725
P566186 3.939 3.835 -5.289 1.061
P566187 3.888 3.629 -4.315 0.635
P566189 3.958 3.930 -5.495 0.876
P566190 3.910 3.951 -5.547 1.587
P566193 3.928 3.821 -5.174 1.764
P566196 4.044 3.689 -4.810 1.198
P566200 3.888 3.834 -5.491 1.164
P566204 3.946 3.899 -5.228 1.336
P566205 3.901 3.789 -4.327 1.105
P566208 3.770 3.786 -5.149 1.451
P566210 3.945 3.875 -5.594 2.072
P566213 3.992 4.013 -4.933 1.091
P566216 3.963 3.917 -5.526 1.282
P566220 4.094 3.642 -4.569 1.225
P566223 3.951 3.906 -5.117 1.600
P566225 3.987 3.884 -5.268 1.787
P566226 3.931 3.715 -4.312 0.555
P566227 4.083 3.774 -4.441 0.717
P566228 3.943 3.874 -5.444 1.231
P566229 3.897 4.046 -4.825 0.871
P566232 3.965 3.962 -4.741 0.591
P566234 3.946 4.107 -4.801 0.920
P566237 3.918 3.907 -4.903 1.435
P566238 3.870 3.831 -5.056 0.536
P566240 4.028 3.939 -4.910 0.350
P566244 3.905 3.900 -4.887 0.564
P566247 3.949 3.983 -5.218 0.988
P566249 4.030 3.802 -4.199 0.636
P566250 3.992 3.685 -4.212 1.355
P566251 4.128 3.873 -4.458 1.167
P566252 4.164 3.900 -4.284 0.787
P566253 3.976 4.078 -5.038 0.611
P566254 3.897 3.923 -4.931 0.283
P566258 3.907 3.983 -4.924 0.886
P566259 3.866 4.113 -4.912 1.309
P566260 3.850 4.008 -5.416 0.834
P566261 4.203 4.350 -4.765 1.257
P566262 4.190 4.311 -4.777 0.602
P566264 4.266 4.368 -5.053 1.309
P566270 4.245 4.346 -4.669 0.956
P566271 4.194 4.221 -4.690 0.915
P566275 4.295 4.486 -4.585 0.843
P566276 4.266 4.325 -4.879 1.189
P566282 4.192 4.350 -4.712 1.073
P566284 4.190 4.146 -4.482 1.395
P566285 4.145 4.095 -4.815 1.507
P566288 4.076 4.082 -5.028 0.698
P566289 4.106 4.133 -4.743 1.121
P566290 4.147 4.291 -4.554 1.072
P566291 4.269 4.381 -4.690 0.744
P566292 4.270 4.326 -4.998 0.360
P566293 3.902 3.734 -3.971 0.692
P566294 3.968 3.935 -4.881 0.975
P566295 4.043 3.907 -4.459 1.572
P566297 4.071 4.103 -4.758 0.672
P566298 4.181 4.018 -4.181 1.020
P566302 3.912 4.110 -5.042 1.114
P566303 3.976 4.049 -5.174 1.463
P566304 4.114 4.140 -4.525 0.587
P566305 4.187 4.181 -4.687 1.254
P566306 4.166 4.111 -4.698 1.565
P566312 4.218 4.242 -4.939 1.059
P566315 4.180 4.221 -4.519 0.686
P566316 4.041 4.099 -4.892 0.456
P566319 3.807 3.906 -4.921 1.708
P566321 3.921 3.906 -5.049 0.520
P566325 4.083 4.009 -5.048 1.483
P566327 3.970 3.999 -4.957 1.304
P566331 4.084 3.949 -5.040 1.775
P566333 4.085 3.979 -5.026 1.578
P566335 3.985 4.070 -4.583 0.742
P566336 4.134 4.242 -4.643 0.739
P566337 4.093 3.880 -4.951 1.666
P566341 4.013 4.008 -4.525 0.760
P566342 3.947 3.861 -5.068 0.825
P566347 3.820 3.827 -4.458 0.685
P566348 4.377 3.927 -4.209 1.053
P566352 4.050 3.986 -4.765 1.859
P566355 4.059 4.257 -4.659 1.122
P566357 4.206 4.365 -4.749 1.152
P566358 4.014 4.062 -4.646 0.849
P566362 4.001 4.161 -4.468 1.252
P566363 3.918 4.094 -4.402 1.157
P566364 4.113 3.683 -4.269 0.847
P566366 3.983 3.983 -4.927 1.297
P566370 4.055 3.906 -5.025 1.071
P566375 4.007 4.281 -4.595 1.417
P566377 4.017 3.852 -5.064 1.758
P566379 4.131 4.169 -4.997 1.278
P566383 4.098 4.257 -5.072 0.675
P566387 4.100 4.284 -4.843 0.920
P566388 4.080 3.927 -4.895 1.404
P566389 4.029 4.083 -4.297 0.994
P566390 4.062 4.067 -4.646 0.458
P566391 4.016 3.956 -5.122 0.870
P566393 4.179 4.049 -5.251 1.887
P566394 4.093 3.942 -4.962 1.759
P566396 4.184 4.040 -5.308 1.360
P566400 4.185 4.062 -5.008 1.509
P566401 4.084 3.939 -5.500 1.707
P566405 4.032 3.842 -4.895 1.391
P566406 4.150 4.006 -4.518 1.232
P566409 4.172 4.019 -4.892 1.457
P566413 4.152 4.025 -5.518 2.018
P566415 4.153 3.805 -4.224 1.147
P566418 4.036 3.986 -5.535 2.908
P566420 4.163 4.018 -4.635 0.648
P566423 4.170 3.972 -5.428 1.437
P566424 3.992 4.010 -4.877 1.220
P566425 4.040 4.098 -4.951 0.915
P566426 3.962 3.899 -5.193 0.472
P566428 3.935 3.961 -5.072 0.762
P566429 4.014 3.971 -5.229 0.698
P566431 4.006 3.720 -4.778 1.071
P566432 4.162 4.157 -4.489 1.063
P566433 4.168 3.899 -4.184 0.573
P566434 4.105 4.076 -4.598 0.434
P566436 3.906 3.997 -4.472 1.198
P566439 3.973 4.003 -4.623 1.018
P566440 4.225 3.780 -4.132 1.156
P566441 4.147 3.904 -4.376 1.509
P566445 4.282 4.161 -4.497 0.580
P566449 4.225 4.114 -4.278 0.471
P566450 4.138 4.041 -4.463 0.495
P566452 4.068 4.069 -4.440 1.426
P566456 4.364 3.868 -4.124 1.283
P566460 4.225 4.121 -4.680 0.915
P566463 4.195 4.045 -5.269 1.904
P566465 4.278 4.210 -4.361 0.597
P566467 4.145 4.016 -4.889 1.771
P566470 4.269 3.933 -4.628 0.732
P566471 4.097 4.083 -4.679 0.972
P566475 4.108 3.720 -4.360 1.023
P566476 4.019 4.030 -5.397 1.507
P566480 3.901 3.901 -5.110 1.226
P566482 4.149 4.079 -5.259 1.707
P566486 4.077 4.053 -5.148 1.377
P566488 4.043 3.944 -4.443 0.542
P566489 4.203 4.138 -4.511 0.310
P566492 4.195 4.119 -4.910 0.736
P566493 4.200 3.700 -4.300 1.230
P566494 4.208 4.247 -4.114 0.379
P566495 4.186 4.041 -4.771 0.988
P566496 4.142 4.028 -5.071 1.494
P566497 3.932 3.828 -5.080 2.055
P566500 4.093 4.466 -4.210 1.768
P566501 3.989 3.923 -4.376 0.894
P566502 4.012 3.992 -5.349 1.090
P566503 3.989 3.965 -5.173 1.448
P566505 4.112 4.097 -5.477 1.140
P566510 4.101 4.078 -5.185 1.275
P566514 4.093 3.974 -4.654 1.284
P566515 4.176 4.168 -4.639 0.613
P566518 4.135 4.516 -4.505 1.768
P566522 4.160 4.134 -4.825 0.950
P566524 4.200 4.355 -4.140 0.820
P566525 4.176 3.851 -4.360 0.703
P566526 4.102 4.026 -4.808 0.984
P566530 4.115 4.031 -4.705 0.570
P566532 4.193 4.160 -5.025 1.440
P566536 4.171 4.145 -5.091 1.094
P566540 4.141 4.109 -4.726 2.046
P566544 4.156 4.123 -4.810 1.182
P566545 4.073 4.034 -5.384 1.504
P566547 4.211 4.028 -5.058 1.399
P566549 4.180 4.067 -5.439 1.028
P566551 4.198 4.179 -4.913 1.224
P566553 4.175 4.145 -5.062 0.929
P566554 4.019 3.822 -3.892 0.698
P566555 4.126 4.313 -4.151 0.983
P566556 4.175 3.909 -4.338 1.148
P566560 4.103 4.094 -4.700 1.349
P566561 4.119 4.071 -4.845 0.508
P566563 4.229 4.374 -4.642 0.981
P566564 4.040 4.106 -4.553 1.144
P566565 4.269 4.195 -4.934 1.429
P566569 4.220 4.221 -4.714 0.585
P566570 4.258 4.371 -5.126 1.372
P566571 4.260 4.373 -4.861 0.687
P566573 4.174 4.229 -4.672 0.494
P566574 4.057 4.181 -4.606 0.804
P566575 4.283 4.225 -5.078 0.386
P566577 4.188 4.179 -4.639 0.608
P566579 4.177 4.221 -4.720 0.321
P566582 4.213 4.179 -4.845 0.485
P566586 4.044 4.104 -4.707 1.598
P566591 4.393 4.377 -5.054 0.603
P566592 4.412 4.648 -4.705 0.875
P566596 4.545 4.487 -4.939 1.298
P566597 4.665 4.710 -5.103 1.407
P566604 4.680 4.756 -4.586 0.905
P566605 4.848 4.673 -4.723 1.475
P566607 4.479 4.664 -4.609 1.732
P566609 4.465 4.404 -4.770 0.945
P566610 4.686 4.771 -4.673 0.512
P566614 4.675 4.632 -5.299 2.029
P566618 4.061 3.841 -4.550 0.573
P566619 4.079 4.018 -4.276 0.659
P566620 4.089 3.761 -4.208 0.770
P566621 4.159 4.031 -5.631 1.427
P566622 4.680 4.504 -4.932 1.033
P566623 4.490 4.536 -4.972 0.506
P566624 4.543 4.618 -4.839 1.107
P566631 4.172 4.233 -4.773 0.873
P566632 4.640 4.408 -4.635 1.954
P566633 4.366 4.340 -4.409 0.911
P566634 4.378 4.093 -4.963 1.518
P566635 4.332 4.483 -4.684 0.695
P566638 4.310 4.412 -5.151 2.118
P566640 4.374 4.373 -5.431 2.178
P566641 4.372 4.495 -5.192 1.288
P566644 4.322 4.436 -4.311 1.244
P566646 4.467 4.514 -5.319 0.621
P566647 4.514 4.427 -5.128 0.617
P566649 4.393 4.336 -5.050 1.050
P566653 4.156 4.243 -4.836 0.814
P566655 4.460 4.605 -4.962 1.139
P566656 4.193 4.082 -4.521 0.540
P566659 3.939 3.812 -4.625 0.684
P566662 4.470 4.687 -4.860 0.887
P566665 4.073 4.049 -4.958 0.649
P566666 4.109 3.900 -4.940 1.021
P566667 3.972 3.956 -4.556 0.365
P566668 4.665 4.600 -4.742 1.757
P566669 4.681 4.773 -4.737 0.760
P566671 4.662 4.695 -5.010 1.529
P566673 4.526 4.388 -4.961 1.692
P566674 4.640 4.758 -4.603 0.688
P566675 4.148 3.946 -4.621 1.085
P566676 4.303 4.332 -5.113 1.776
P566682 4.564 4.534 -4.803 2.207
P566685 4.192 4.171 -4.773 1.093
P566686 4.559 4.037 -4.973 1.119
P566687 4.860 4.770 -5.090 1.943
P566691 4.870 4.926 -4.904 0.999
P566694 4.226 4.142 -4.805 1.200
P566695 4.349 4.114 -4.911 1.586
P566696 4.403 4.418 -4.906 1.162
P566700 4.413 4.362 -4.858 0.654
P566701 4.316 4.390 -4.444 0.864
P566704 4.292 4.438 -4.954 1.084
P566705 4.794 4.834 -4.497 0.385
P566709 4.884 4.623 -4.632 2.180
P566710 4.824 4.869 -4.584 0.730
P566711 4.726 4.795 -4.742 0.621
P566713 4.899 4.972 -4.579 0.809
P566714 4.310 4.194 -4.486 1.090
P566715 4.340 4.224 -4.675 1.760
P566716 4.816 4.723 -4.574 1.110
P566717 4.477 4.228 -4.637 1.127
P566719 4.321 4.130 -4.929 0.718
P566720 4.722 4.828 -4.849 0.728
P566722 4.858 4.938 -4.758 0.555
P566723 4.840 4.925 -4.708 0.563
P566727 4.701 4.798 -4.633 1.790
P566729 4.866 4.962 -4.667 1.280
P566732 4.824 4.934 -4.791 0.974
P566737 4.888 4.897 -4.619 1.240
P566741 4.732 4.802 -4.652 1.547
P566742 4.325 4.257 -5.487 1.509
P566747 4.333 4.174 -4.419 0.453
P566750 4.320 4.186 -5.367 1.431
P566754 4.352 4.264 -5.372 1.704
P566756 4.284 4.220 -5.174 1.232
P566757 4.470 4.139 -3.983 1.459
P566758 4.534 4.246 -4.254 1.434
P566759 4.757 4.655 -4.915 1.538
P566760 4.607 4.712 -4.574 0.881
P566761 4.708 4.617 -5.026 1.261
P566763 4.589 4.577 -4.752 1.716
P566765 4.505 4.450 -5.259 1.004
P566772 4.524 4.521 -4.921 0.826
P566773 4.275 4.201 -5.174 1.429
P566776 4.494 4.367 -5.375 1.300
P566777 4.415 4.288 -5.302 1.503
P566782 4.264 4.157 -4.607 0.640
P566786 4.151 4.303 -4.683 1.297
P566789 4.251 4.379 -4.976 0.496
P566790 4.318 4.420 -4.533 0.597
P566794 4.392 4.484 -5.144 1.283
P566795 4.370 4.455 -4.742 0.647
P566796 4.485 4.152 -3.922 1.366
P566797 4.452 4.352 -5.121 0.627
P566799 4.569 4.280 -4.712 1.299
P566800 4.136 3.900 -4.587 0.931
P566801 4.307 4.164 -4.605 0.468
P566803 4.443 4.283 -5.483 1.586
P566805 4.164 4.188 -5.211 1.370
P566808 4.616 4.585 -5.261 0.837
P566809 4.573 4.427 -5.298 1.783
P566810 4.339 4.151 -4.508 0.385
P566811 4.467 4.464 -5.031 1.118
P566812 4.485 4.425 -4.941 1.216
P566816 4.311 4.132 -4.536 0.659
P566817 4.514 4.257 -4.248 1.177
P566818 4.705 4.814 -4.655 0.654
P566822 4.145 4.026 -4.871 1.327
P566823 4.088 4.001 -4.984 1.218
P566824 4.348 4.225 -4.795 0.837
P566825 4.167 4.066 -5.135 1.016
P566826 4.224 4.177 -5.092 0.959
P566827 4.133 4.148 -4.849 1.048
P566828 4.078 3.920 -4.758 1.720
P566830 4.201 4.102 -5.043 1.577
P566833 4.140 4.135 -4.895 1.447
P566837 4.256 4.232 -5.259 0.812
P566841 4.229 4.155 -5.027 2.133
P566843 4.123 4.067 -5.097 1.441
P566847 4.014 4.058 -4.745 0.944
P566848 4.069 3.985 -4.941 0.846
P566852 4.181 4.022 -5.262 0.748
P566856 4.233 4.082 -5.150 1.164
P566860 4.210 4.345 -4.665 0.693
P566861 4.464 4.237 -4.896 1.098
P566862 4.406 4.373 -4.720 0.690
P566863 4.222 4.105 -5.592 0.535
P566864 4.269 4.047 -4.982 1.289
P566865 4.246 4.106 -5.086 0.761
P566867 4.217 4.056 -5.170 0.697
P566868 4.284 4.279 -4.764 0.712
P566869 4.147 4.038 -5.145 0.631
P566871 4.316 4.069 -5.052 1.451
P566873 4.276 4.129 -5.012 0.536
P566879 4.120 4.007 -4.900 0.699
P566880 4.454 4.352 -4.843 0.844
P566883 4.172 4.106 -5.752 2.408
P566887 4.069 3.931 -4.768 0.457
P566888 4.110 4.015 -5.743 2.097
P566892 3.897 3.979 -4.999 1.037
P566897 4.052 3.871 -4.923 0.703
P566899 4.232 4.025 -5.264 1.319
P566900 4.250 4.084 -5.174 0.993
P566902 4.078 3.900 -4.963 0.561
P566906 4.235 4.159 -5.153 1.262
P566911 4.102 4.247 -5.106 1.323
P566912 4.163 4.193 -4.733 0.493
P566913 4.694 4.595 -4.929 1.335
P566914 4.644 4.500 -4.858 1.431
P566915 4.739 4.528 -4.620 0.807
P566916 4.598 4.618 -4.574 1.693
P566920 4.693 4.667 -4.357 0.337
P566923 4.748 4.617 -5.152 1.756
P566928 4.201 4.272 -4.919 1.644
P566930 4.127 3.968 -5.574 2.251
P566932 4.130 4.234 -5.434 1.363
P566933 4.112 4.269 -5.139 0.739
P566934 4.084 3.945 -5.306 1.797
P566935 4.236 4.301 -4.750 1.006
P566938 4.060 3.964 -4.447 0.543
P566940 4.137 3.979 -4.557 0.651
P566941 3.949 3.934 -4.992 1.379
P566945 4.161 4.141 -5.647 2.040
P566948 4.159 4.102 -5.615 1.466
P566949 4.222 4.255 -4.762 0.997
P566950 4.200 4.053 -5.509 1.787
P566952 4.064 4.030 -5.853 1.318
P566953 4.075 3.873 -4.633 1.111
P566954 4.026 3.957 -5.487 1.719
P566955 4.197 3.956 -4.693 1.102
P566959 4.223 4.306 -4.604 1.046
P566960 4.718 4.548 -4.712 1.231
P566961 4.191 4.261 -4.676 0.826
P566965 4.346 4.477 -4.662 1.132
P566967 4.741 4.587 -4.866 1.237
P566968 4.479 4.349 -4.804 1.385
P566970 4.683 4.571 -5.001 1.522
P566972 4.354 4.463 -5.124 1.268
P566973 4.394 4.461 -5.081 1.349
P566976 4.186 4.079 -4.497 1.249
P566980 4.248 4.142 -4.744 1.039
P566984 4.146 4.056 -4.437 1.281
P566985 4.096 3.942 -4.811 1.264
P566987 4.213 4.177 -4.488 0.310
P566991 4.268 4.173 -4.382 1.006
P566993 4.209 4.169 -4.638 1.089
P566996 4.086 3.904 -5.073 1.181
P566998 4.183 3.964 -4.737 1.686
P567001 4.043 4.004 -4.754 0.998
P567002 4.116 3.971 -4.729 1.367
P567003 4.295 4.396 -4.851 0.597
P567007 4.041 3.858 -4.776 0.649
P567008 4.689 4.737 -4.649 0.385
P567009 4.511 4.575 -4.569 0.508
P567013 4.680 4.707 -5.039 1.017
P567015 4.652 4.680 -4.801 0.875
P567016 4.494 4.549 -4.547 0.768
P567017 4.730 4.732 -4.696 0.446
P567018 4.632 4.590 -4.807 1.485
P567019 4.363 4.523 -4.996 0.833
P567023 4.295 4.316 -4.699 0.786
P567025 4.650 4.711 -4.792 0.583
P567028 4.085 3.988 -5.467 1.480
P567029 4.010 3.981 -5.406 1.555
P567030 4.160 3.766 -4.564 0.792
P567031 4.040 4.165 -5.464 1.467
P567033 4.104 4.024 -5.261 1.490
P567037 4.158 4.069 -5.549 0.835
P567040 4.361 4.458 -4.852 0.900
P567041 4.281 4.219 -4.813 1.273
P567044 4.699 4.730 -4.658 1.589
P567045 4.574 4.650 -4.567 0.876
P567046 4.748 4.701 -4.483 0.496
P567047 4.606 4.623 -4.648 1.382
P567051 4.607 4.680 -4.443 0.703
P567054 4.682 4.724 -4.851 1.075
P567055 4.566 4.622 -4.756 0.539
P567059 4.514 4.561 -4.579 0.532
P567061 4.711 4.558 -5.134 1.310
P567064 4.574 4.404 -4.796 1.773
P567068 4.688 4.591 -5.044 1.485
P567072 4.718 4.568 -4.719 1.543
P567073 4.837 4.661 -4.905 1.346
P567077 4.525 4.340 -4.524 1.359
P567078 4.607 4.492 -4.774 1.062
P567082 4.681 4.695 -4.633 1.374
P567084 4.383 4.311 -5.115 2.445
P567087 4.472 4.453 -4.909 0.943
P567088 4.576 4.599 -4.300 1.443
P567089 4.338 4.396 -4.216 1.877
P567090 4.303 4.395 -5.078 1.201
P567094 4.382 4.483 -4.981 0.460
P567095 4.205 4.148 -5.131 0.813
P567099 4.355 4.306 -5.372 0.780
P567101 4.352 4.327 -5.365 0.789
P567103 4.192 4.105 -4.807 0.931
P567104 4.319 4.499 -4.885 0.710
P567107 4.528 4.522 -5.122 0.853
P567110 4.639 4.381 -3.604 1.706
P567114 4.490 4.542 -4.176 1.136
P567115 4.267 4.295 -5.223 0.534
P567121 4.357 4.430 -5.191 0.960
P567123 4.323 4.252 -4.939 0.473
P567128 4.290 4.316 -5.233 1.366
P567132 4.244 4.149 -4.942 0.834
P567133 4.519 4.517 -4.674 0.955
P567137 4.387 4.371 -4.887 1.232
P567138 4.548 4.604 -4.171 1.092
P567139 4.380 4.433 -5.034 1.036
P567140 4.491 4.274 -3.780 0.834
P567142 4.574 4.204 -4.129 1.431
P567143 4.601 4.629 -4.189 1.292
P567145 4.317 4.256 -4.806 0.836
P567149 4.529 4.071 -4.264 1.127
P567153 4.452 4.362 -5.128 2.257
P567156 4.536 4.449 -4.707 2.425
P567158 4.563 4.499 -4.639 0.586
P567160 4.325 4.348 -4.888 1.076
P567166 4.603 4.707 -5.297 1.155
P567167 4.601 4.647 -4.996 0.520
P567170 4.540 4.665 -5.063 0.779
P567177 4.624 4.784 -5.071 0.815
P567180 4.549 4.589 -5.404 1.454
P567182 4.604 4.828 -5.022 0.813
P567183 4.474 4.513 -5.365 1.406
P567186 4.566 4.740 -5.270 0.827
P567189 4.595 4.795 -5.332 0.673
P567190 4.416 4.625 -5.233 1.084
P567191 4.570 4.830 -5.043 0.949
P567192 4.548 4.728 -5.124 0.557
P567196 4.579 4.706 -5.101 1.100
P567197 4.557 4.737 -4.990 0.838
P567198 4.459 4.403 -4.713 0.564
P567199 4.538 4.571 -4.063 1.080
P567200 4.388 4.440 -4.349 1.881
P567201 4.568 4.528 -4.459 0.578
P567202 4.555 4.531 -4.485 0.650
P567204 4.551 4.665 -4.276 1.691
P567205 4.539 4.606 -4.235 2.425
P567206 4.240 4.260 -3.666 1.152
P567207 4.498 4.548 -4.196 1.963
P567208 4.341 4.393 -5.041 1.095
P567209 4.552 4.591 -3.802 1.673
P567210 4.672 4.716 -5.155 0.808
P567211 4.547 4.455 -4.090 1.390
P567212 4.297 4.079 -4.848 0.773
P567213 4.316 4.298 -4.931 1.265
P567214 4.601 4.456 -4.988 1.527
P567217 4.571 4.450 -4.951 1.550
P567218 4.478 4.359 -4.690 0.981
P567219 4.436 4.279 -4.435 1.366
P567220 4.605 4.363 -4.580 1.000
P567221 4.322 4.083 -5.279 1.599
P567222 4.424 4.199 -5.344 1.327
P567223 4.230 4.068 -5.196 1.375
P567224 4.341 4.367 -5.055 0.916
P567227 4.359 4.450 -5.346 1.247
P567228 4.216 4.008 -5.273 1.501
P567232 4.406 4.346 -5.176 0.759
P567236 4.346 4.201 -5.103 0.688
P567237 4.325 4.450 -5.168 1.611
P567241 4.432 4.378 -5.114 0.962
P567242 4.177 4.304 -5.224 1.680
P567246 4.260 4.170 -5.078 0.886
P567247 4.407 4.356 -5.152 1.110
P567253 4.382 4.358 -5.194 1.379
P567257 4.321 4.412 -5.248 1.138
P567258 4.334 4.420 -5.125 0.973
P567259 4.276 4.119 -5.227 1.630
P567260 4.425 4.214 -5.283 1.418
P567261 4.392 4.227 -4.975 2.289
P567265 4.508 4.416 -4.599 0.878
P567269 4.564 4.442 -4.982 1.400
P567273 4.513 4.418 -4.709 1.678
P567274 4.400 3.942 -4.493 2.181
P567275 4.647 4.463 -5.465 0.762
P567276 4.297 4.266 -5.389 0.651
P567279 4.530 4.458 -5.653 1.408
P567280 4.368 4.113 -3.563 2.498
P567281 4.644 4.582 -5.247 0.819
P567282 4.422 4.449 -3.762 0.637
P567283 4.575 4.470 -5.333 1.269
P567284 4.477 4.485 -3.868 0.507
P567285 4.538 4.279 -4.017 1.775
P567287 4.604 4.436 -5.147 1.575
P567293 4.498 4.279 -4.396 1.479
P567295 4.576 4.405 -4.938 0.938
P567299 4.397 4.268 -4.787 1.567
P567300 4.601 4.479 -4.856 1.321
P567301 4.554 4.613 -4.865 0.762
P567302 4.524 4.614 -4.862 0.483
P567303 4.529 4.520 -4.829 0.437
P567305 4.611 4.682 -5.154 0.638
P567307 4.665 4.625 -5.093 0.687
P567309 4.508 4.599 -4.997 1.626
P567312 4.591 4.677 -5.002 0.472
P567315 4.570 4.778 -5.122 0.956
P567316 4.599 4.627 -5.031 0.427
P567320 4.740 4.771 -4.995 0.633
P567324 4.498 4.562 -4.921 0.726
P567325 4.520 4.586 -5.115 0.321
P567327 4.590 4.664 -5.297 1.196
P567332 4.637 4.649 -5.237 0.829
P567335 4.570 4.632 -4.934 1.030
P567337 4.557 4.673 -4.863 0.761
P567338 4.501 4.709 -4.916 1.023
P567339 4.629 4.690 -4.825 0.645
P567340 4.466 4.572 -4.764 0.647
P567341 4.458 4.253 -4.799 0.935
P567342 4.588 4.591 -4.737 0.374
P567343 4.525 4.544 -4.896 1.331
P567346 4.491 4.564 -4.943 1.774
P567350 4.554 4.561 -5.167 1.024
P567355 4.571 4.581 -4.944 0.636
P567356 4.463 4.458 -5.097 0.440
P567358 4.417 4.399 -4.979 0.816
P567362 4.545 4.501 -4.524 0.647
P567363 4.520 4.529 -5.161 0.772
P567367 4.461 4.497 -5.191 1.394
P567371 4.401 4.447 -4.908 0.529
P567376 4.589 4.512 -4.638 0.287
P567378 4.513 4.561 -5.274 0.779
P567379 4.453 4.372 -4.515 0.788
P567380 4.490 4.626 -4.729 0.868
P567381 4.549 4.596 -5.196 0.381
P567382 4.564 4.530 -4.713 0.765
P567383 4.567 4.516 -4.430 0.956
P567384 4.495 4.660 -5.390 1.123
P567385 4.511 4.387 -5.067 1.632
P567386 4.346 4.140 -4.840 1.379
P567387 4.388 4.592 -4.817 0.709
P567388 4.565 4.355 -4.909 0.843
P567389 4.386 4.280 -4.577 1.587
P567394 4.499 4.313 -5.458 2.216
P567397 4.506 4.627 -4.714 0.811
P567400 4.425 4.572 -5.071 0.825
P567405 4.271 4.415 -4.700 0.951
P567406 4.593 4.516 -4.979 1.193
P567409 4.475 4.415 -5.180 2.111
P567411 4.468 4.468 -5.106 1.454
P567415 4.483 4.472 -4.925 1.627
P567418 4.420 4.528 -4.876 0.856
P567420 4.565 4.659 -5.107 0.685
P567422 4.470 4.322 -5.050 1.544
P567424 4.348 4.242 -5.074 1.556
P567425 4.521 4.357 -5.148 1.333
P567426 4.510 4.436 -4.932 1.270
P567427 4.171 4.444 -5.091 1.452
P567428 4.071 4.275 -5.201 1.362
P567429 4.056 4.175 -4.980 0.654
P567433 4.172 4.136 -5.182 1.062
P567434 4.455 4.196 -4.455 0.793
P567436 4.422 4.393 -4.778 1.738
P567442 4.462 4.352 -5.702 1.095
P567443 4.463 4.410 -4.402 0.544
P567444 4.243 4.281 -5.258 1.512
P567448 4.385 4.343 -4.565 0.518
P567451 4.365 4.331 -4.555 0.544
P567452 4.200 4.201 -4.715 1.110
P567453 4.343 4.127 -4.468 0.826
P567454 4.477 4.203 -4.581 0.878
P567455 4.131 4.267 -5.090 1.162
P567456 4.821 4.830 -4.447 0.590
P567457 4.140 4.377 -5.107 1.032
P567459 4.166 4.356 -5.353 1.600
P567460 4.164 4.329 -5.276 1.474
P567462 4.080 4.032 -5.044 0.960
P567466 4.180 4.379 -5.103 0.871
P567470 4.124 4.372 -5.479 1.618
P567474 4.244 4.341 -5.074 1.304
P567475 4.181 4.339 -5.069 0.923
P567479 4.069 4.082 -5.119 1.743
P567480 4.123 4.079 -5.211 0.956
P567484 4.200 4.311 -5.092 0.519
P567486 4.185 4.210 -5.063 0.593
P567493 4.210 4.372 -5.388 1.411
P567494 4.121 4.259 -5.067 1.487
P567498 4.061 4.194 -5.213 1.222
P567500 4.323 4.267 -4.664 0.928
P567502 4.320 4.501 -4.903 1.153
P567505 4.376 4.455 -4.538 1.402
P567508 4.193 4.227 -5.074 1.814
P567511 4.396 4.405 -4.493 0.765
P567512 4.283 4.293 -4.427 0.631
P567513 4.407 4.339 -4.705 0.351
P567514 4.525 4.263 -3.969 0.681
P567515 4.339 4.278 -4.157 0.885
P567517 4.468 4.375 -4.231 1.254
P567518 4.492 4.185 -4.249 1.317
P567519 4.344 4.250 -4.249 1.472
P567523 4.493 4.380 -4.134 1.235
P567527 4.462 4.368 -4.276 1.158
P567530 4.486 4.487 -4.149 1.739
P567532 4.581 4.437 -4.064 1.203
P567535 4.336 4.338 -4.106 1.754
P567537 4.398 4.371 -4.373 1.566
P567541 4.471 4.366 -4.054 1.381
P567543 4.496 4.395 -4.300 1.335
P567548 4.499 4.294 -3.967 0.998
P567549 4.428 4.313 -4.035 1.129
P567550 4.439 4.343 -4.224 1.457
P567551 4.502 4.411 -4.405 1.510
P567552 4.471 4.301 -5.559 1.021
P567558 4.385 4.414 -5.190 0.972
P567562 4.375 4.375 -4.913 1.437
P567564 4.304 4.286 -5.071 0.613
P567569 4.258 4.263 -4.894 1.231
P567570 4.369 4.519 -4.807 0.738
P567574 4.378 4.374 -4.858 0.946
P567575 4.345 4.432 -4.997 0.731
P567579 4.325 4.383 -5.046 0.458
P567582 4.229 4.264 -4.935 1.586
P567584 4.355 4.310 -5.093 1.124
P567586 4.345 4.387 -5.083 0.892
P567588 4.173 4.240 -4.902 1.049
P567589 4.263 3.926 -4.413 0.991
P567590 4.416 4.474 -4.540 0.741
P567591 4.367 4.257 -4.080 1.824
P567592 4.311 4.327 -4.924 1.332
P567596 4.323 4.098 -4.263 0.741
P567597 4.412 4.333 -4.678 0.336
P567598 4.391 4.005 -4.696 1.186
P567599 4.212 3.975 -4.725 1.519
P567600 4.385 4.063 -4.713 1.222
P567601 4.348 4.231 -5.048 0.509
P567602 4.148 4.100 -4.984 1.226
P567605 4.248 4.222 -5.162 0.844
P567606 4.298 4.169 -4.681 0.650
P567609 4.432 4.295 -4.953 1.357
P567610 4.199 4.274 -4.623 0.824
P567613 4.276 4.181 -5.097 0.882
P567614 4.288 3.988 -3.850 1.103
P567615 4.243 4.087 -4.970 2.231
P567619 4.243 4.256 -4.628 0.738
P567620 4.371 4.301 -3.773 1.330
P567621 4.430 4.463 -5.126 0.451
P567622 4.273 4.367 -4.804 0.854
P567624 4.343 4.395 -4.933 0.688
P567628 4.371 4.319 -5.201 1.041
P567629 4.346 4.313 -5.579 1.506
P567630 4.513 4.393 -4.144 0.439
P567632 4.328 4.231 -4.624 1.232
P567633 4.089 3.902 -5.238 1.681
P567637 4.392 4.248 -4.374 1.205
P567638 4.356 4.216 -4.464 1.187
P567645 4.370 4.192 -5.145 0.768
P567646 4.457 4.311 -4.231 0.870
P567650 4.192 4.045 -5.596 1.196
P567652 4.310 4.270 -4.288 0.378
P567653 4.333 4.138 -4.280 0.848
P567657 4.373 4.076 -5.933 1.614
P567660 4.309 4.135 -4.285 1.344
P567664 4.389 4.210 -4.198 1.108
P567665 4.432 4.233 -4.361 1.005
P567666 4.079 4.032 -4.775 0.658
P567667 4.378 4.235 -4.308 0.846
P567668 4.810 4.773 -5.389 0.997
P567669 4.367 4.265 -4.312 0.584
P567670 4.785 4.930 -4.402 1.297
P567671 4.387 4.297 -4.752 0.966
P567675 4.451 4.301 -5.316 1.221
P567677 4.322 4.254 -4.381 0.589
P567678 4.315 3.955 -4.057 1.919
P567679 4.372 4.226 -4.220 0.657
P567680 4.349 4.421 -4.234 0.855
P567681 4.168 3.690 -3.663 1.837
P567682 4.356 4.406 -4.333 0.984
P567683 4.354 4.210 -4.177 1.162
P567684 4.352 4.278 -4.838 0.829
P567687 4.142 4.127 -4.997 1.869
P567689 4.016 4.067 -5.485 1.374
P567690 4.351 4.326 -5.081 0.902
P567694 4.155 4.209 -4.718 0.939
P567695 4.255 4.389 -4.498 0.860
P567699 4.398 4.330 -5.272 0.657
P567701 4.263 4.360 -4.849 1.009
P567705 4.155 4.183 -4.793 1.832
P567710 4.266 4.223 -4.151 1.772
P567713 4.363 4.402 -5.104 1.053
P567715 4.470 4.071 -4.781 2.097
P567716 4.308 4.248 -5.075 2.648
P567717 4.348 4.347 -5.018 0.630
P567718 4.244 4.248 -4.912 0.744
P567719 4.277 4.152 -5.116 0.944
P567720 4.262 4.071 -4.713 0.500
P567721 4.132 4.111 -4.809 1.149
P567722 4.169 4.244 -3.850 1.329
P567723 4.323 4.368 -4.380 1.366
P567727 4.681 4.681 -5.132 0.770
P567729 4.735 4.747 -4.982 1.035
P567732 4.623 4.623 -5.030 0.351
P567734 4.627 4.550 -4.974 0.847
P567738 4.691 4.761 -4.637 0.459
P567741 4.714 4.740 -4.914 1.522
P567745 4.637 4.755 -4.859 0.594
P567747 4.642 4.738 -5.047 0.554
P567749 4.563 4.666 -4.919 0.915
P567752 4.706 4.736 -5.119 0.515
P567755 4.702 4.725 -5.095 0.474
P567756 4.476 4.584 -4.802 0.487
P567757 4.623 4.721 -4.842 0.374
P567758 4.644 4.603 -4.824 0.864
P567759 4.055 3.758 -4.696 1.618
P567761 4.128 4.019 -4.747 0.560
P567768 4.304 4.257 -5.156 1.302
P567772 4.169 4.132 -4.962 0.385
P567776 4.083 4.060 -4.829 0.353
P567777 4.196 4.211 -5.065 0.929
P567781 4.181 4.127 -5.004 0.475
P567785 4.248 4.165 -5.229 1.239
P567786 4.233 4.196 -4.846 0.334
P567789 4.094 4.071 -4.799 0.515
P567791 4.230 4.145 -5.005 0.509
P567793 4.230 4.135 -5.037 0.328
P567795 3.997 3.922 -4.795 0.735
P567796 4.213 4.227 -4.641 0.370
P567797 4.499 4.282 -4.192 1.009
P567801 4.302 4.237 -4.542 0.952
P567802 4.264 4.432 -4.340 0.806
P567805 4.234 4.499 -4.596 1.398
P567806 4.247 4.098 -4.769 0.531
P567810 4.178 4.100 -4.847 1.064
P567811 4.247 4.371 -4.600 0.984
P567813 4.366 4.289 -4.171 0.841
P567814 4.318 4.259 -5.170 1.065
P567818 4.349 4.625 -4.260 1.617
P567819 4.422 4.247 -4.122 0.744
P567820 4.689 4.736 -4.904 0.524
P567824 4.534 4.697 -4.893 0.917
P567825 4.143 4.071 -5.095 0.449
P567827 4.216 4.279 -4.038 0.971
P567828 4.320 4.376 -4.071 0.856
P567829 4.331 4.267 -4.925 0.753
P567831 4.497 4.131 -4.342 1.221
P567832 4.407 4.313 -4.728 1.128
P567837 4.148 4.163 -4.614 1.859
P567840 4.269 4.209 -4.926 0.868
P567841 4.572 4.566 -4.763 0.983
P567842 4.478 4.632 -4.649 0.976
P567843 4.438 4.434 -4.779 1.107
P567845 4.627 4.588 -5.102 0.906
P567846 4.622 4.631 -5.068 0.678
P567850 4.508 4.521 -4.907 1.896
P567852 4.558 4.644 -4.990 1.100
P567856 4.571 4.725 -5.106 1.262
P567859 4.588 4.660 -4.901 1.900
P567861 4.558 4.635 -4.810 1.215
P567865 4.485 4.421 -4.797 1.427
P567866 4.569 4.468 -5.004 0.917
P567868 4.556 4.622 -4.790 0.551
P567871 4.584 4.663 -4.867 1.911
P567874 4.636 4.675 -5.169 1.452
P567877 4.607 4.555 -4.833 0.930
P567881 4.581 4.587 -4.760 0.711
P567882 4.521 4.534 -4.772 0.997
P567883 4.646 4.688 -5.093 0.954
P567884 4.542 4.606 -4.897 1.209
P567885 4.210 4.172 -5.101 1.238
P567889 4.269 4.268 -4.746 1.178
P567893 4.256 4.221 -5.195 1.180
P567894 4.304 4.273 -5.354 0.973
P567897 4.226 4.179 -5.011 0.925
P567899 4.243 4.282 -5.040 1.101
P567900 4.329 4.267 -4.609 0.383
P567901 4.257 4.102 -4.659 1.017
P567902 4.394 4.203 -5.109 0.661
P567903 4.423 4.413 -4.953 0.419
P567904 4.436 4.560 -4.731 0.950
P567905 4.344 4.535 -4.811 0.872
P567906 4.021 3.745 -4.180 0.905
P567907 4.388 4.455 -4.859 0.752
P567908 4.429 4.453 -5.234 0.748
P567910 4.427 4.499 -5.387 0.829
P567911 4.400 4.505 -5.410 0.564
P567915 4.316 4.386 -5.050 0.911
P567920 4.134 4.169 -4.800 1.222
P567921 4.430 4.513 -5.082 0.750
P567922 4.365 4.501 -4.784 0.934
P567926 4.227 4.260 -5.151 1.255
P567927 4.209 3.835 -4.596 1.324
P567929 4.144 3.929 -5.569 1.140
P567930 4.451 4.505 -4.503 0.685
P567931 4.193 3.877 -4.736 1.602
P567932 4.285 4.036 -4.796 0.853
P567934 4.293 4.090 -4.439 0.512
P567936 4.121 3.987 -5.314 1.655
P567940 4.302 4.147 -5.461 2.634
P567943 4.256 4.204 -5.500 1.958
P567945 4.270 3.830 -4.435 1.410
P567946 4.315 4.004 -5.213 1.783
P567947 4.236 3.970 -4.594 1.221
P567948 4.185 3.975 -4.946 1.017
P567952 4.213 3.998 -4.439 0.443
P567953 4.157 3.942 -4.912 1.245
P567955 4.161 4.005 -5.202 1.471
P567956 4.276 4.137 -4.679 0.882
P567957 4.316 4.199 -5.052 0.590
P567958 4.056 4.087 -4.751 0.967
P567959 4.262 4.256 -5.354 0.821
P567961 4.265 4.265 -5.342 0.813
P567962 4.138 4.093 -5.019 0.986
P567966 4.311 4.299 -4.894 0.469
P567969 4.276 4.318 -4.743 1.408
P567970 4.371 4.321 -4.361 0.405
P567974 4.358 4.468 -5.307 0.653
P567975 4.442 4.672 -4.832 1.015
P567976 4.232 4.216 -4.453 0.901
P567978 4.388 4.284 -4.770 1.029
P567979 4.457 4.427 -4.762 0.778
P567980 4.442 4.379 -5.086 1.522
P567981 4.498 4.629 -4.218 1.582
P567982 4.651 4.692 -4.129 2.054
P567983 4.547 4.539 -4.426 1.095
P567984 4.524 4.659 -4.292 1.994
P567985 4.599 4.708 -4.697 0.729
P567986 4.491 4.517 -4.798 0.603
P567990 4.406 4.495 -5.243 0.778
P567991 4.221 4.509 -4.761 1.420
P567992 4.342 4.382 -5.141 0.779
P567996 4.355 4.334 -5.212 0.670
P568001 4.403 4.495 -5.242 0.783
P568003 4.451 4.419 -5.254 0.819
P568006 4.361 4.455 -5.121 0.955
P568010 4.407 4.415 -5.205 1.189
P568011 4.342 4.543 -4.968 1.356
P568012 4.440 4.474 -5.190 1.513
P568013 4.333 4.232 -5.698 1.261
P568014 4.393 4.473 -4.835 1.199
P568017 4.388 4.538 -4.890 1.703
P568020 4.408 4.636 -5.101 1.052
P568025 4.512 4.568 -4.909 1.656
P568027 4.342 4.418 -4.958 0.813
P568030 4.380 4.435 -4.888 1.170
P568033 4.547 4.689 -4.792 0.730
P568036 4.442 4.628 -4.901 1.585
P568041 4.415 4.573 -4.913 1.014
P568042 4.448 4.689 -4.687 0.899
P568046 4.416 4.392 -4.790 0.759
P568047 4.458 4.558 -5.287 1.062
P568049 4.427 4.552 -5.074 1.097
P568050 4.383 4.689 -4.756 1.201
P568051 4.147 3.969 -4.930 1.194
P568052 4.416 4.217 -4.152 0.499
P568053 4.429 4.454 -4.814 1.186
P568054 4.396 4.385 -4.473 0.808
P568056 4.335 4.156 -4.670 0.763
P568057 4.390 4.107 -4.571 1.176
P568058 4.481 4.317 -4.716 0.970
P568059 4.255 4.202 -4.584 1.502
P568060 4.408 4.263 -4.679 1.455
P568061 4.322 3.976 -3.865 1.566
P568062 4.419 4.253 -4.925 1.564
P568063 4.798 4.629 -4.346 1.162
P568064 4.819 4.677 -4.585 1.633
P568065 4.643 4.610 -3.605 1.161
P568068 4.331 4.199 -4.742 1.489
P568069 4.212 4.030 -4.667 2.327
P568070 4.334 4.142 -4.437 1.480
P568071 4.449 4.364 -5.128 1.157
P568072 4.331 4.328 -4.787 0.526
P568073 4.220 4.123 -4.309 0.829
P568075 4.180 4.182 -4.519 1.174
P568078 4.380 4.316 -4.348 0.645
P568079 4.134 4.154 -4.391 0.578
P568080 4.186 4.147 -5.403 2.008
P568082 4.118 4.127 -4.507 0.535
P568083 4.177 3.862 -3.845 0.820
P568084 4.515 4.016 -4.227 1.148
P568086 4.734 4.462 -5.537 1.579
P568088 4.759 4.632 -4.372 0.771
P568091 4.713 4.460 -4.669 1.591
P568092 4.847 4.764 -4.377 1.373
P568093 4.475 4.331 -4.712 0.765
P568095 4.333 4.164 -4.737 1.349
P568096 4.607 4.386 -4.677 0.915
P568097 4.507 4.353 -4.815 0.993
P568098 4.520 4.339 -4.986 0.687
P568099 4.694 4.521 -3.967 2.082
P568100 4.663 4.665 -4.184 2.139
P568103 4.589 4.516 -5.164 1.422
P568105 4.918 4.759 -4.319 0.832
P568107 4.792 4.555 -3.635 0.993
P568110 4.797 4.606 -4.731 1.468
P568112 4.570 4.514 -3.657 1.429
P568115 4.780 4.539 -3.883 1.017
P568117 4.722 4.524 -4.649 1.997
P568118 4.611 4.310 -3.683 0.565
P568119 4.710 4.653 -4.487 0.949
P568120 4.761 4.756 -4.478 0.937
P568121 4.731 4.698 -4.166 1.430
P568122 4.685 4.820 -3.859 0.705
P568123 4.682 4.524 -4.074 1.059
P568124 4.696 4.762 -4.308 1.532
P568126 4.703 4.729 -4.352 1.749
P568131 4.684 4.562 -4.565 1.855
P568132 4.764 4.702 -4.244 0.973
P568133 4.696 4.783 -4.375 1.394
P568139 4.703 4.642 -4.337 2.308
P568141 4.864 4.782 -4.209 1.142
P568145 4.601 4.718 -3.944 1.225
P568147 4.651 4.670 -4.476 1.802
P568150 4.705 4.802 -3.793 1.497
P568153 4.748 4.569 -4.053 1.991
P568156 4.743 4.687 -4.235 1.519
P568157 4.501 4.481 -5.008 0.487
P568161 4.525 4.438 -4.766 0.719
P568162 4.694 4.665 -4.773 0.861
P568166 4.657 4.521 -4.804 1.049
P568168 4.605 4.509 -4.903 0.486
P568171 4.567 4.555 -4.923 0.601
P568172 4.530 4.329 -4.845 1.296
P568176 4.649 4.490 -5.087 0.659
P568177 4.621 4.469 -5.067 0.679
P568179 4.481 4.361 -4.672 0.423
P568180 4.556 4.552 -4.722 0.566
P568181 4.226 4.267 -4.184 0.732
P568182 4.255 4.235 -4.778 0.754
P568186 4.343 4.250 -4.731 0.663
P568190 4.278 4.171 -4.523 0.983
P568193 4.212 4.091 -4.665 0.844
P568200 4.373 4.282 -5.462 1.855
P568202 4.112 4.139 -4.754 0.926
P568207 4.236 4.174 -5.160 0.998
P568211 4.186 4.112 -4.613 1.265
P568214 4.619 4.570 -4.873 0.389
P568216 4.647 4.496 -5.040 0.782
P568220 4.573 4.507 -5.031 1.441
P568223 4.341 4.375 -4.991 0.942
P568224 4.378 4.167 -4.700 1.864
P568226 4.383 4.256 -4.661 1.956
P568229 4.299 4.077 -3.839 0.649
P568232 4.458 4.438 -3.959 0.433
P568236 4.384 4.106 -4.651 1.623
P568240 4.389 4.234 -3.872 0.562
P568241 4.316 3.978 -5.038 1.759
P568245 4.315 4.100 -4.145 0.684
P568248 4.447 4.300 -3.861 0.670
P568251 4.424 4.366 -4.290 1.491
P568256 4.396 4.038 -4.416 1.710
P568257 4.393 4.266 -4.056 1.087
P568258 4.378 4.099 -4.408 0.858
P568259 4.377 4.200 -4.443 1.656
P568260 4.348 4.351 -4.830 0.431
P568261 4.571 4.475 -4.673 0.644
P568262 4.553 4.403 -4.608 0.537
P568263 4.593 4.563 -5.050 1.047
P568264 4.431 4.365 -4.855 1.078
P568265 4.417 4.313 -5.041 2.402
P568266 4.390 4.089 -4.706 1.504
P568267 4.714 4.498 -4.807 0.756
P568268 4.629 4.497 -4.889 0.821
P568271 4.333 4.255 -4.849 0.955
P568273 4.275 4.345 -4.436 0.585
P568276 4.112 4.048 -5.337 1.452
P568280 4.367 4.307 -5.085 0.861
P568284 4.341 4.270 -4.924 0.948
P568285 4.266 4.515 -4.418 1.375
P568289 4.337 4.035 -4.271 1.688
P568290 4.417 4.334 -5.032 0.916
P568291 4.530 4.420 -5.131 1.006
P568292 4.567 4.157 -4.920 2.150
P568294 4.355 3.999 -3.413 1.148
P568295 4.502 4.361 -4.679 2.581
P568299 4.296 4.011 -4.242 1.202
P568301 4.454 4.473 -4.864 0.597
P568304 4.514 4.385 -5.162 2.719
P568307 4.457 4.360 -5.047 2.447
P568310 4.666 4.099 -3.735 1.501
P568313 4.410 3.892 -3.444 1.942
P568315 4.526 4.079 -3.787 1.824
P568316 4.506 4.445 -4.803 0.599
P568321 4.501 4.395 -4.868 0.511
P568323 4.532 4.529 -3.883 2.655
P568327 4.431 4.393 -5.035 2.682
P568328 4.336 4.308 -4.319 1.866
P568329 4.497 4.482 -4.955 1.724
P568330 4.702 4.410 -4.675 1.315
P568331 4.377 4.232 -4.450 0.669
P568332 4.423 4.204 -4.298 1.224
P568334 4.072 3.899 -4.884 1.290
P568337 4.491 4.562 -4.793 0.701
P568338 4.098 3.952 -4.977 1.493
P568342 4.133 3.774 -4.718 1.500
P568343 4.036 3.704 -4.393 0.985
P568344 3.922 4.002 -5.346 1.344
P568348 3.987 3.918 -5.049 1.485
P568349 4.030 3.816 -4.390 0.569
P568351 3.879 3.922 -5.452 1.418
P568352 3.873 3.610 -4.116 0.912
P568353 4.100 3.798 -4.476 0.791
P568354 4.161 3.868 -4.591 1.234
P568355 4.360 4.391 -5.035 1.207
P568356 4.307 4.167 -4.516 0.777
P568357 4.487 4.274 -4.545 1.291
P568358 4.202 4.010 -4.398 0.731
P568362 4.299 4.123 -5.065 0.993
P568366 4.093 4.029 -5.204 1.341
P568367 4.034 4.036 -5.088 1.010
P568371 4.006 3.634 -4.715 1.545
P568373 4.413 4.286 -4.414 0.518
P568374 4.448 4.104 -4.384 1.365
P568375 4.459 4.386 -4.767 0.737
P568376 4.533 4.082 -4.315 0.972
P568377 4.442 4.456 -4.908 0.988
P568379 4.432 4.508 -4.924 0.903
P568382 4.505 4.467 -5.233 1.017
P568389 4.519 4.511 -4.837 1.329
P568390 4.602 4.614 -4.760 0.257
P568391 4.430 4.383 -5.075 0.532
P568396 4.450 4.401 -4.787 1.160
P568397 4.452 4.541 -4.967 1.226
P568398 4.473 4.496 -5.183 1.184
P568402 4.459 4.588 -4.802 0.633
P568406 4.506 4.513 -4.914 0.352
P568410 4.405 4.361 -4.875 0.810
P568411 4.509 4.491 -5.068 0.544
P568413 4.520 4.487 -5.154 0.666
P568414 4.446 4.338 -5.174 0.310
P568415 4.505 4.504 -4.944 0.860
P568416 4.524 4.428 -4.765 0.783
P568417 4.376 4.148 -4.403 1.382
P568418 4.139 3.726 -4.292 1.254
P568420 4.177 3.877 -4.503 1.598
P568421 4.180 3.841 -4.520 1.596
P568423 3.894 3.710 -4.459 0.665
P568426 4.049 3.911 -4.529 0.495
P568428 4.020 3.884 -4.577 0.776
P568434 4.024 3.868 -4.412 0.630
P568435 4.318 3.938 -4.508 1.401
P568436 3.931 3.777 -5.597 1.982
P568440 3.955 3.845 -5.741 1.743
P568442 4.269 4.018 -4.418 1.197
P568444 4.059 3.956 -5.693 1.555
P568448 3.950 3.794 -4.354 0.655
P568449 4.003 3.921 -5.473 1.494
P568450 3.926 3.827 -5.280 1.692
P568451 4.625 4.723 -3.402 1.803
P568452 4.511 4.543 -3.837 1.367
P568453 4.509 4.250 -4.792 0.617
P568454 4.351 4.183 -4.991 0.804
P568455 4.472 4.328 -4.733 0.586
P568456 4.503 4.302 -4.693 0.455
P568457 4.493 4.276 -4.992 1.187
P568458 4.427 4.304 -4.754 1.064
P568464 4.512 4.264 -5.131 1.534
P568469 4.504 4.396 -4.761 0.877
P568470 4.421 4.296 -5.058 1.072
P568471 4.386 4.239 -4.890 0.786
P568475 4.495 4.294 -4.652 0.826
P568479 4.512 4.367 -4.775 1.238
P568480 4.461 4.373 -4.899 0.477
P568484 4.506 4.378 -4.743 0.438
P568488 4.392 4.251 -4.900 1.655
P568489 4.520 4.432 -4.983 0.320
P568491 4.491 4.388 -4.969 0.526
P568493 4.401 4.322 -4.763 0.804
P568494 4.482 4.417 -4.705 0.808
P568495 4.580 4.447 -5.013 0.641
P568496 4.567 4.784 -5.054 0.923
P568497 4.670 4.825 -5.304 0.925
P568498 4.550 4.688 -5.125 1.648
P568502 4.651 4.854 -5.307 0.893
P568508 4.657 4.599 -5.434 2.163
P568511 4.560 4.523 -5.619 1.821
P568515 4.473 4.618 -5.116 1.517
P568516 4.832 4.842 -5.155 0.732
P568517 4.688 4.706 -5.354 1.345
P568523 4.627 4.839 -5.324 0.911
P568525 4.639 4.819 -5.000 1.074
P568528 4.036 4.073 -5.519 1.264
P568530 4.290 3.826 -4.420 1.116
P568531 4.096 3.955 -5.352 2.116
P568532 4.121 3.979 -4.986 1.234
P568533 4.169 3.975 -4.784 1.434
P568534 3.960 3.937 -5.306 2.181
P568538 4.146 3.926 -4.729 0.880
P568540 4.385 4.158 -4.393 1.337
P568541 3.921 3.706 -4.844 0.368
P568542 4.079 4.163 -5.651 1.426
P568543 4.085 3.997 -4.971 1.487
P568547 4.051 3.963 -5.285 1.696
P568549 4.115 3.767 -4.916 1.681
P568550 4.052 3.952 -5.068 1.180
P568554 3.943 3.914 -5.640 1.650
P568556 4.103 4.187 -6.189 1.425
P568557 4.144 3.765 -4.036 0.776
P568558 4.324 4.116 -4.509 1.551
P568559 4.467 4.368 -4.819 1.109
P568560 4.479 4.338 -4.565 0.709
P568561 4.432 4.274 -4.321 1.049
P568562 4.557 4.539 -5.361 0.665
P568563 4.354 4.109 -4.623 2.049
P568564 4.474 4.415 -3.427 1.550
P568571 3.899 3.885 -5.361 0.869
P568573 4.052 4.093 -5.453 1.431
P568575 4.025 3.702 -5.113 1.792
P568576 4.104 3.992 -5.613 1.605
P568582 3.903 3.979 -4.980 1.685
P568587 4.147 4.061 -5.320 1.506
P568589 4.181 3.857 -5.178 1.915
P568590 4.294 4.316 -4.696 1.384
P568591 4.250 4.210 -4.866 0.324
P568593 4.277 4.213 -4.735 0.503
P568594 4.342 4.437 -4.710 1.544
P568595 4.321 4.329 -4.487 0.399
P568596 4.915 4.966 -4.498 0.656
P568598 4.120 4.052 -4.965 0.788
P568600 4.940 4.854 -5.008 1.384
P568601 4.743 4.883 -4.652 1.291
P568603 4.864 4.960 -4.746 1.230
P568604 4.898 4.983 -4.771 0.788
P568606 4.720 4.835 -4.551 0.905
P568609 4.958 5.044 -4.581 0.629
P568611 4.905 5.046 -4.971 0.877
P568617 4.954 4.966 -4.613 1.231
P568618 5.038 5.218 -4.635 0.729
P568619 4.831 4.846 -4.660 0.651
P568623 4.787 4.882 -4.763 0.704
P568626 4.920 5.001 -5.014 1.296
P568628 4.845 4.874 -4.426 0.846
P568632 4.895 4.943 -4.506 0.469
P568633 4.884 4.828 -4.859 1.280
P568634 4.852 4.653 -5.360 1.161
P568635 4.466 4.627 -5.060 0.853
P568639 4.694 4.608 -5.179 0.572
P568641 4.660 4.767 -5.351 1.256
P568642 4.519 4.626 -5.070 0.563
P568643 4.574 4.828 -4.978 0.677
P568644 4.627 4.778 -5.071 0.894
P568645 4.633 4.687 -3.657 0.994
P568648 4.641 4.756 -3.631 1.585
P568649 4.566 4.469 -3.503 1.739
P568650 4.049 4.063 -4.950 0.883
P568652 4.141 4.293 -4.973 1.367
P568654 4.146 4.318 -5.305 0.885
P568658 4.086 4.238 -5.047 0.884
P568662 4.099 3.992 -4.934 1.457
P568663 4.026 4.272 -5.095 1.575
P568664 4.187 4.225 -4.916 0.780
P568665 4.302 4.034 -4.368 1.315
P568666 4.618 4.592 -4.276 1.455
P568667 4.278 4.219 -5.519 1.570
P568671 4.304 4.188 -5.203 1.622
P568672 4.387 4.208 -5.310 0.822
P568676 4.425 4.176 -5.070 1.422
P568680 4.622 4.621 -4.362 1.458
P568681 4.274 4.022 -5.370 1.828
P568685 4.723 4.662 -4.270 1.135
P568687 4.371 4.249 -4.974 0.821
P568690 3.997 4.158 -4.935 0.908
P568693 4.360 4.032 -4.592 1.173
P568697 4.279 4.419 -5.047 0.918
P568699 4.131 4.210 -5.069 0.957
P568702 4.926 4.949 -5.115 0.367
P568704 4.772 4.893 -4.852 0.961
P568707 4.823 4.919 -5.283 0.997
P568710 4.739 4.894 -5.012 1.758
P568712 4.806 4.930 -4.901 1.056
P568713 4.813 4.891 -5.074 0.857
P568714 4.922 4.979 -5.135 0.760
P568715 4.734 4.936 -5.471 0.712
P568716 4.194 3.943 -5.355 2.406
P568718 4.131 4.055 -5.134 1.816
P568719 4.291 4.121 -5.378 1.397
P568723 4.295 4.087 -4.180 0.563
P568724 4.325 3.901 -4.170 0.886
P568725 4.294 4.022 -4.179 0.773
P568729 4.256 4.037 -4.689 1.703
P568730 4.158 4.031 -5.023 1.442
P568731 4.099 4.324 -5.024 1.368
P568732 4.092 3.999 -5.121 0.774
P568733 4.124 4.317 -5.219 0.846
P568736 4.165 4.343 -5.237 0.736
P568737 4.017 4.184 -4.953 0.810
P568741 4.089 4.333 -5.084 1.322
P568745 4.150 4.283 -4.907 1.282
P568746 4.760 4.797 -5.333 1.391
P568747 4.599 4.579 -3.776 1.080
P568749 4.535 4.240 -5.530 1.125
P568752 4.308 4.233 -4.593 0.739
P568754 4.320 4.304 -5.090 1.764
P568759 4.276 4.221 -4.692 0.916
P568760 4.346 4.424 -4.416 1.146
P568761 4.613 4.221 -4.069 1.703
P568762 4.179 3.853 -4.672 0.743
P568763 4.427 4.520 -4.421 0.930
P568764 4.386 4.537 -4.455 0.835
P568766 4.126 4.001 -4.834 1.510
P568770 4.325 3.842 -4.510 1.629
P568776 4.156 4.082 -4.516 0.703
P568778 4.096 3.969 -5.254 1.936
P568780 4.054 3.871 -4.778 1.012
P568783 4.576 4.539 -4.227 0.391
P568786 4.175 4.052 -4.786 1.847
P568788 4.158 4.249 -4.169 1.318
P568792 4.147 3.990 -5.163 1.134
P568796 4.458 4.413 -4.906 1.646
P568800 4.273 4.197 -5.209 2.216
P568801 4.685 4.582 -4.376 2.240
P568802 4.492 4.455 -4.251 1.207
P568803 4.289 4.130 -4.310 0.572
P568804 4.387 4.072 -4.515 0.826
P568806 4.321 4.096 -4.994 1.701
P568809 4.190 4.109 -4.892 1.832
P568811 4.226 4.179 -4.928 1.137
P568816 4.085 4.060 -5.380 1.951
P568819 4.319 4.097 -5.757 1.706
P568821 4.090 3.847 -4.338 0.536
P568823 4.217 4.039 -5.506 2.152
P568828 4.085 3.972 -4.895 1.076
P568831 4.268 4.151 -5.209 1.410
P568833 4.321 4.174 -4.727 1.959
P568834 4.179 3.763 -3.522 1.485
P568835 4.182 4.040 -5.225 1.755
P568836 4.402 4.490 -4.102 0.507
P568837 4.410 4.444 -4.370 1.031
P568839 4.152 4.111 -5.176 2.301
P568841 4.304 4.315 -4.821 1.169
P568842 4.386 4.264 -4.780 0.646
P568848 3.918 3.932 -5.527 2.580
P568852 4.701 4.779 -5.073 1.199
P568853 4.806 4.881 -5.288 1.230
P568858 4.328 4.285 -4.991 1.620
P568861 4.420 4.393 -4.738 0.675
P568863 4.420 4.312 -4.782 0.754
P568864 4.480 4.250 -4.769 1.220
P568865 4.358 4.208 -5.168 2.111
P568866 4.245 4.093 -4.215 0.593
P568867 4.286 4.072 -4.304 1.005
P568868 4.488 4.356 -4.940 2.456
P568869 4.376 4.280 -4.599 0.485
P568870 4.276 4.195 -4.662 0.755
P568872 4.397 4.464 -5.238 0.640
P568874 4.413 4.450 -5.245 0.698
P568876 4.275 4.312 -4.898 0.637
P568878 4.445 4.370 -4.645 0.405
P568879 4.382 4.342 -4.854 0.634
P568886 4.351 4.307 -4.663 0.425
P568887 4.486 4.431 -4.450 0.447
P568888 4.764 4.820 -3.410 1.767
P568889 4.520 4.579 -3.444 1.356
P568890 4.646 4.616 -3.558 1.278
P568891 4.634 4.721 -3.226 1.642
P568892 4.407 4.281 -5.005 0.717
P568893 4.445 4.228 -4.849 1.292
P568894 4.395 4.370 -4.496 1.065
P568895 4.330 4.270 -4.512 1.034
P568899 4.441 4.320 -4.760 0.848
P568904 4.480 4.395 -4.450 0.733
P568906 4.349 4.284 -4.714 0.825
P568911 4.249 4.215 -4.498 0.716
P568915 4.419 4.378 -4.544 0.902
P568916 4.886 5.006 -5.072 0.557
P568918 4.418 4.441 -4.897 0.697
P568923 4.380 4.264 -4.918 0.628
P568925 3.833 3.779 -4.475 1.494
P568926 4.257 4.295 -4.638 2.085
P568927 4.132 4.081 -4.520 1.618
P568929 4.235 4.042 -4.979 1.485
P568933 4.295 4.163 -4.937 1.362
P568937 4.072 4.005 -5.327 2.244
P568938 4.311 4.137 -4.411 0.539
P568942 4.246 4.068 -4.978 2.196
P568943 4.301 4.139 -4.990 1.206
P568946 4.276 4.000 -5.365 1.805
P568949 4.090 3.951 -5.238 1.438
P568951 4.759 4.848 -4.954 0.806
P568952 4.828 4.989 -5.000 0.699
P568953 4.651 4.741 -4.968 0.539
P568955 4.811 4.891 -5.197 0.831
P568956 4.834 4.938 -5.425 1.113
P568957 4.649 4.775 -4.976 0.557
P568959 4.804 4.949 -5.060 1.223
P568963 4.792 4.929 -5.239 0.646
P568964 4.076 3.809 -4.235 1.845
P568965 4.558 4.321 -4.430 1.222
P568966 3.796 3.637 -4.104 1.964
P568967 4.160 4.065 -4.467 0.970
P568968 4.333 4.346 -5.254 1.107
P568972 4.384 4.430 -5.087 0.633
P568976 4.529 4.470 -5.405 1.586
P568979 4.383 4.345 -4.992 0.886
P568980 4.352 4.328 -4.623 0.680
P568981 4.481 4.170 -4.677 2.315
P568982 4.358 4.357 -5.191 1.570
P568983 3.923 3.949 -3.709 1.109
P568984 4.123 4.149 -4.540 0.913
P568985 4.226 3.944 -3.837 1.443
P568986 4.222 3.960 -4.811 2.804
P568988 4.184 4.083 -4.630 0.898
P568989 4.041 4.001 -4.593 1.213
P568990 4.334 3.807 -3.801 0.849
P568991 4.182 4.098 -4.529 2.061
P568992 4.906 4.899 -4.338 0.536
P568993 4.148 4.163 -4.651 0.460
P568996 4.320 4.449 -5.019 0.936
P569000 4.313 4.358 -4.692 0.776
P569001 4.230 4.155 -4.680 0.623
P569002 4.279 4.279 -4.775 0.608
P569006 4.294 4.354 -4.730 0.676
P569010 4.263 4.182 -4.644 0.785
P569011 4.236 4.306 -4.590 0.840
P569013 4.043 4.063 -5.271 1.540
P569014 3.974 4.075 -4.921 1.412
P569015 4.349 4.353 -4.819 0.574
P569016 4.198 4.209 -4.503 1.157
P569017 4.218 4.179 -5.128 0.998
P569019 4.181 4.334 -4.735 1.228
P569023 4.161 4.162 -4.582 0.941
P569024 4.214 4.226 -4.676 1.083
P569025 4.058 4.195 -4.549 0.549
P569026 4.189 4.181 -4.457 0.760
P569028 4.112 4.153 -4.801 0.456
P569029 4.072 4.194 -4.697 0.922
P569033 4.163 4.269 -4.864 0.813
P569037 4.063 4.082 -4.695 1.380
P569039 3.983 4.071 -5.303 0.820
P569047 4.104 3.928 -4.577 1.212
P569048 4.217 4.241 -5.461 1.936
P569050 3.996 4.078 -5.000 1.097
P569052 4.110 4.183 -5.110 1.436
P569059 3.918 3.990 -4.627 0.851
P569062 4.133 4.219 -4.832 0.936
P569064 4.084 4.070 -4.341 0.340
P569065 4.229 4.161 -4.973 1.275
P569066 4.090 4.165 -4.408 0.810
P569070 4.127 4.174 -4.952 1.177
P569072 3.984 4.108 -4.533 0.759
P569075 4.128 4.205 -4.894 1.537
P569076 3.998 4.070 -5.194 0.628
P569077 4.057 4.233 -4.605 0.884
P569081 4.109 4.231 -4.612 1.440
P569082 4.188 4.124 -4.762 0.933
P569083 4.097 4.188 -5.016 0.579
P569089 3.984 4.062 -4.845 0.612
P569091 4.037 4.129 -4.853 0.512
P569092 4.158 4.317 -4.662 0.951
P569096 4.156 4.202 -5.179 1.015
P569097 4.107 4.263 -4.592 0.821
P569099 4.139 4.104 -5.158 1.377
P569100 4.234 4.145 -4.727 0.343
P569101 3.927 4.050 -5.409 0.960
P569103 4.202 4.285 -4.787 1.217
P569105 4.137 4.181 -5.039 0.762
P569107 4.283 4.346 -4.875 1.078
P569110 3.969 4.005 -4.793 0.769
P569113 4.213 4.268 -4.737 0.479
P569114 3.981 3.879 -4.577 1.344
P569118 4.262 4.063 -4.714 1.488
P569119 4.133 4.070 -4.555 1.145
P569120 4.245 4.034 -4.148 1.361
P569121 4.169 4.071 -4.192 0.766
P569125 4.166 4.194 -4.667 1.381
P569127 4.228 4.257 -5.306 1.485
P569129 4.045 4.124 -4.865 0.608
P569130 4.141 4.157 -5.257 1.029
P569131 4.097 4.184 -4.982 1.960
P569141 4.008 4.071 -5.067 1.153
P569145 4.172 4.231 -5.107 1.113
P569147 4.213 4.218 -5.270 1.331
P569149 4.090 4.022 -4.595 0.463
P569150 4.203 4.214 -4.593 0.682
P569154 4.252 4.268 -5.064 1.512
P569156 4.171 4.272 -4.645 1.019
P569157 4.130 4.165 -4.446 0.329
P569158 3.978 3.853 -4.896 1.224
P569159 4.137 4.119 -4.771 0.909
P569164 4.108 4.132 -4.784 0.462
P569166 4.088 4.100 -5.027 1.018
P569171 4.065 4.148 -5.224 0.835
P569172 4.220 4.161 -4.873 1.162
P569173 4.232 4.193 -4.858 0.987
P569174 4.245 4.169 -4.735 1.320
P569175 4.196 3.937 -4.639 1.305
P569176 4.275 4.287 -4.467 0.738
P569177 4.167 4.181 -4.765 1.354
P569178 4.113 4.123 -5.119 0.964
P569181 4.205 4.284 -5.327 0.994
P569185 4.143 4.213 -4.723 1.320
P569190 4.213 4.242 -5.352 0.969
P569191 3.972 4.060 -4.592 0.831
P569196 4.141 4.172 -4.989 0.950
P569197 4.483 4.578 -3.621 1.713
P569201 4.388 4.429 -3.268 1.722
P569202 4.408 4.347 -3.384 0.584
P569203 4.443 4.351 -3.288 0.412
P569205 4.465 4.411 -3.263 0.935
P569206 4.182 4.207 -4.710 0.319
P569212 4.313 4.365 -4.454 1.211
P569213 4.275 4.304 -4.890 0.371
P569215 4.364 4.462 -4.697 1.322
P569216 4.266 4.293 -4.739 0.581
P569217 4.535 4.522 -3.530 1.176
P569218 4.490 4.474 -3.501 0.765
P569222 4.214 4.158 -5.195 0.949
P569226 4.519 4.468 -2.958 0.826
P569228 4.415 4.384 -3.508 0.325
P569235 4.568 4.666 -3.555 1.792
P569236 4.473 4.440 -3.366 0.785
P569239 4.493 4.555 -3.234 1.595
P569245 4.530 4.544 -3.273 1.138
P569246 4.562 4.521 -3.472 0.301
P569248 4.343 4.340 -3.165 1.361
P569253 4.316 4.135 -5.195 1.437
P569254 4.551 4.431 -3.449 0.889
P569259 4.591 4.638 -3.816 0.744
P569263 4.543 4.674 -3.594 0.691
P569265 4.501 4.451 -3.931 1.403
P569268 4.683 4.636 -3.961 0.437
P569271 4.514 4.558 -3.557 0.450
P569273 4.622 4.733 -3.837 0.499
P569274 4.579 4.622 -3.680 0.423
P569275 4.612 4.631 -3.868 0.520
P569281 4.417 4.534 -3.683 0.558
P569282 4.511 4.518 -4.238 1.869
P569283 4.628 4.583 -3.678 0.905
P569284 4.566 4.398 -3.579 1.177
P569285 4.725 4.684 -3.800 0.237
P569286 4.423 4.226 -4.112 1.208
P569287 4.986 4.637 -3.724 0.810
P569288 4.150 4.260 -4.767 1.080
P569292 4.539 4.579 -3.461 1.209
P569294 4.273 4.157 -5.278 1.451
P569295 4.285 4.260 -4.523 0.344
P569298 4.312 4.334 -5.252 1.133
P569300 4.255 4.366 -4.941 1.938
P569302 4.284 4.375 -4.683 0.353
P569303 4.465 4.361 -4.790 0.323
P569304 4.282 4.200 -4.458 0.660
P569305 4.334 4.396 -4.651 0.481
P569308 4.312 4.301 -4.965 0.786
P569310 4.192 4.249 -4.470 0.360
P569311 4.201 4.298 -4.935 0.492
P569316 4.168 4.199 -4.761 1.323
P569321 4.163 4.176 -4.812 0.620
P569325 4.354 4.317 -5.112 0.903
P569327 4.104 4.003 -5.027 1.329
P569328 4.116 4.198 -4.631 0.721
P569329 4.004 3.927 -4.973 1.887
P569330 4.093 4.093 -4.575 0.790
P569334 3.998 4.038 -4.762 0.991
P569335 4.002 4.059 -4.680 0.630
P569339 4.332 4.359 -5.068 1.495
P569340 4.049 4.101 -5.197 0.617
P569342 4.234 4.273 -5.139 1.255
P569346 4.154 4.187 -4.383 0.630
P569349 4.254 4.253 -5.121 1.698
P569350 4.126 4.176 -4.859 0.612
P569352 3.911 3.661 -4.366 1.171
P569353 4.346 4.407 -4.776 0.345
P569354 4.312 4.226 -4.681 1.860
P569355 4.291 4.192 -4.705 0.982
P569356 4.604 4.630 -3.625 0.703
P569357 4.576 4.528 -3.182 1.454
P569361 4.572 4.461 -2.911 0.820
P569362 4.477 4.332 -2.979 1.537
P569365 4.354 4.102 -5.405 1.283
P569368 4.446 4.402 -3.487 1.014
P569372 4.515 4.468 -3.173 0.493
P569376 4.478 4.499 -3.573 1.217
P569377 4.656 3.942 -4.126 3.284
P569381 4.520 4.429 -3.117 0.533
P569382 4.558 4.517 -3.234 0.638
P569383 4.585 4.053 -4.269 2.835
P569387 4.501 4.500 -3.197 0.363
P569388 4.645 4.546 -3.211 0.708
P569392 4.578 4.539 -3.418 0.538
P569396 4.344 4.318 -4.445 1.495
P569397 4.333 4.388 -4.745 0.460
P569398 4.903 4.042 -4.195 2.380
P569399 4.497 4.457 -3.406 1.444
P569400 4.549 4.560 -3.168 0.891
P569402 4.637 4.641 -3.933 0.685
P569405 4.073 4.078 -4.843 1.494
P569406 4.534 4.444 -3.917 0.751
P569407 4.395 4.047 -5.312 1.614
P569408 4.277 4.147 -5.063 1.443
P569409 4.105 4.002 -5.253 1.482
P569413 4.476 4.494 -4.216 1.460
P569417 4.131 4.012 -5.059 1.155
P569420 4.082 3.938 -5.140 1.191
P569427 4.213 4.139 -5.297 1.437
P569428 4.029 3.912 -4.587 0.622
P569430 4.105 4.012 -5.503 1.292
P569433 4.199 4.126 -5.496 1.257
P569437 4.504 4.320 -3.682 1.057
P569438 4.064 4.056 -5.634 2.140
P569439 4.401 4.327 -4.614 0.321
P569440 4.539 4.474 -4.011 1.133
P569441 4.530 4.416 -4.013 1.260
P569443 4.169 4.218 -5.818 1.794
P569447 4.298 4.096 -5.167 1.100
P569449 3.982 4.083 -5.524 1.716
P569452 4.432 4.432 -3.999 0.689
P569453 4.103 3.973 -4.913 1.029
P569457 4.212 4.022 -4.915 1.311
P569461 4.477 4.401 -4.006 1.052
P569462 4.115 4.080 -5.357 1.412
P569464 4.038 3.988 -5.148 1.337
P569467 4.255 4.126 -5.163 1.045
P569471 4.052 3.886 -4.533 0.663
P569472 4.113 4.077 -4.737 1.120
P569474 4.057 4.057 -4.869 0.996
P569476 4.000 3.986 -4.354 0.818
P569480 4.193 4.072 -4.187 1.292
P569481 4.029 3.978 -4.340 1.192
P569483 4.278 4.218 -4.979 0.709
P569484 4.335 4.090 -4.181 2.946
P569485 4.208 4.210 -4.900 1.072
P569486 4.212 4.105 -5.600 1.951
P569488 4.109 3.992 -5.659 1.454
P569489 4.184 4.127 -5.272 0.955
P569494 4.273 4.117 -5.118 1.139
P569497 4.206 3.850 -4.587 0.910
P569498 4.516 4.388 -3.878 0.736
P569499 4.449 4.339 -3.961 0.924
P569501 4.129 4.064 -5.218 1.938
P569504 4.394 4.248 -3.975 1.456
P569506 4.057 3.934 -5.291 1.413
P569507 4.313 3.875 -4.389 1.088
P569510 4.014 3.907 -4.909 2.204
P569516 3.889 3.822 -5.112 1.346
P569521 4.116 4.045 -5.080 1.355
P569522 3.902 3.922 -5.082 1.193
P569524 4.001 3.959 -5.192 0.911
P569531 3.978 3.809 -4.729 1.174
P569533 4.108 4.044 -5.163 1.611
P569537 4.098 4.059 -5.121 0.753
P569539 4.122 4.104 -5.473 1.749
P569541 4.052 3.981 -4.875 1.224
P569544 4.118 4.131 -4.347 0.742
P569548 3.894 3.935 -5.089 1.424
P569549 4.068 4.182 -4.496 1.327
P569550 4.060 4.031 -4.224 0.360
P569554 4.137 4.003 -4.712 1.225
P569555 4.086 4.118 -4.480 0.885
P569556 3.963 4.015 -4.513 0.843
P569560 4.032 4.181 -4.574 1.051
P569561 4.057 3.982 -5.557 1.048
P569565 3.872 3.862 -4.956 1.661
P569566 4.002 4.296 -5.032 2.048
P569568 4.027 4.008 -5.691 1.045
P569569 4.083 4.071 -4.924 1.064
P569572 4.104 4.066 -5.195 0.816
P569574 4.122 4.129 -4.307 0.494
P569575 4.075 3.981 -5.051 1.547
P569577 4.131 4.159 -5.069 2.249
P569582 4.098 4.036 -4.914 1.184
P569584 4.047 3.945 -4.647 0.945
P569585 4.167 4.295 -4.686 1.109
P569586 4.176 4.306 -5.031 1.435
P569588 4.069 3.993 -5.188 1.432
P569589 3.866 3.813 -4.408 0.428
P569590 4.002 3.962 -5.040 1.673
P569594 3.887 3.832 -4.735 1.312
P569595 3.973 4.003 -4.638 0.569
P569596 3.955 3.859 -5.224 1.289
P569598 3.923 4.087 -4.531 0.672
P569599 3.853 3.641 -4.489 0.807
P569600 4.229 4.391 -4.924 0.833
P569601 4.071 4.025 -5.071 1.703
P569607 4.250 4.333 -4.592 1.816
P569608 4.171 3.739 -4.640 1.014
P569609 4.306 4.224 -4.052 0.672
P569610 4.343 4.107 -4.207 1.168
P569611 4.321 4.265 -5.185 1.012
P569615 4.385 4.389 -4.522 1.773
P569618 4.112 4.146 -4.532 2.101
P569621 4.268 4.227 -4.361 0.983
P569622 4.390 4.288 -4.271 0.996
P569626 4.094 3.961 -4.523 1.825
P569627 4.249 4.099 -4.370 1.880
P569628 3.915 3.634 -3.838 0.784
P569629 4.305 4.250 -4.072 0.598
P569630 4.147 4.197 -4.888 0.805
P569631 4.220 4.030 -4.155 1.908
P569633 4.291 4.166 -4.418 0.984
P569634 4.210 4.196 -4.712 0.971
P569640 4.287 4.250 -4.823 0.956
P569641 4.334 4.387 -4.425 0.437
P569643 4.060 3.751 -3.991 1.787
P569645 4.337 4.239 -4.469 0.639
P569649 4.233 4.161 -4.785 0.859
P569656 4.317 4.278 -4.880 0.911
P569657 4.175 3.998 -4.980 1.090
P569658 4.179 3.780 -4.406 2.027
P569662 4.158 4.043 -4.576 0.823
P569663 4.128 4.039 -4.636 1.262
P569664 4.146 4.101 -4.739 0.766
P569666 4.270 3.973 -4.623 0.722
P569668 4.141 4.192 -4.498 0.470
P569672 4.115 3.999 -4.768 0.931
P569674 4.190 4.301 -4.311 0.481
P569675 4.207 4.203 -4.417 0.474
P569676 4.318 4.259 -5.028 1.026
P569680 4.158 3.941 -3.908 0.607
P569681 4.366 4.129 -4.454 0.752
P569682 4.264 4.299 -4.365 0.497
P569683 4.325 4.212 -4.677 0.565
P569688 4.253 4.170 -4.297 1.086
P569689 4.325 4.015 -3.953 1.367
P569690 4.074 4.139 -5.254 1.609
P569699 4.371 4.253 -4.678 0.860
P569700 4.159 4.171 -4.825 0.867
P569706 4.064 3.912 -4.048 1.930
P569707 4.051 4.089 -4.940 0.816
P569709 4.306 4.068 -4.580 1.261
P569712 4.089 3.841 -4.625 1.224
P569717 4.104 4.076 -4.647 1.340
P569718 4.651 4.713 -3.649 0.423
P569720 3.911 4.036 -5.239 1.645
P569726 4.078 4.110 -4.672 1.509
P569727 4.340 4.283 -4.994 1.461
P569728 4.410 4.541 -4.745 0.793
P569730 4.392 4.511 -4.996 0.858
P569731 4.173 4.285 -4.988 1.072
P569732 4.095 4.189 -5.017 1.762
P569736 4.043 4.045 -5.100 0.574
P569738 3.939 4.042 -4.982 1.653
P569742 4.089 4.177 -4.888 0.486
P569743 4.125 4.094 -5.216 1.338
P569744 4.047 3.938 -4.842 0.955
P569745 4.070 4.109 -4.670 0.553
P569749 4.112 4.176 -5.314 1.085
P569750 3.956 3.961 -4.794 1.015
P569752 4.012 3.978 -5.152 0.263
P569753 3.976 4.076 -5.030 0.624
P569758 4.035 4.226 -5.221 1.079
P569760 4.139 4.249 -4.946 0.763
P569761 4.181 4.093 -5.016 0.371
P569765 4.411 4.549 -4.500 1.728
P569767 4.254 4.311 -4.808 1.414
P569770 4.403 4.539 -4.922 0.682
P569777 4.235 4.405 -4.742 0.882
P569778 4.469 4.603 -5.048 0.666
P569780 4.210 4.332 -4.907 0.750
P569782 4.401 4.682 -4.610 1.047
P569786 4.343 4.550 -5.090 1.228
P569791 4.379 4.538 -4.797 0.867
P569792 4.370 4.475 -4.926 0.683
P569794 4.229 4.360 -4.731 0.871
P569796 4.385 4.509 -4.765 0.982
P569800 4.483 4.695 -4.863 0.870
P569804 4.314 4.305 -4.919 1.288
P569811 4.043 4.062 -4.693 1.044
P569812 4.348 4.467 -4.956 1.639
P569815 4.557 4.707 -4.515 0.893
P569819 4.232 4.360 -4.628 0.564
P569820 4.382 4.470 -5.031 0.977
P569821 4.385 4.346 -4.943 0.710
P569822 4.425 4.456 -4.774 0.634
P569825 4.314 4.475 -5.018 0.595
P569826 4.248 4.367 -4.594 1.019
P569829 4.431 4.522 -5.076 1.288
P569831 4.427 4.522 -4.669 1.007
P569832 4.426 4.352 -4.351 0.913
P569833 4.476 4.035 -5.060 1.413
P569834 4.218 4.390 -4.475 0.866
P569838 4.226 4.285 -4.892 1.668
P569840 3.938 3.792 -4.292 0.898
P569843 4.166 4.043 -4.359 0.416
P569844 3.996 3.837 -4.890 0.611
P569845 4.372 4.216 -4.288 0.477
P569847 4.122 3.955 -5.054 2.528
P569850 4.203 4.059 -4.314 0.576
P569852 4.015 3.852 -4.520 0.652
P569855 3.948 3.907 -5.303 1.307
P569859 3.990 3.848 -4.490 0.498
P569861 4.358 4.353 -4.394 0.698
P569862 4.126 3.871 -5.567 1.768
P569866 4.117 3.986 -5.232 1.947
P569870 4.173 3.981 -5.007 1.721
P569871 4.050 3.922 -4.445 0.532
P569873 4.219 3.823 -3.906 1.767
P569876 4.173 4.124 -4.878 1.001
P569878 3.969 3.998 -5.074 1.451
P569882 4.024 4.129 -5.268 0.892
P569886 4.079 4.000 -4.348 0.916
P569887 4.163 3.960 -4.267 0.680
P569888 4.172 4.077 -5.408 1.472
P569889 4.067 3.834 -5.243 2.164
P569891 4.099 3.942 -4.402 0.772
P569892 4.197 3.894 -4.559 0.982
P569896 3.975 3.878 -5.181 1.397
P569897 4.071 3.958 -4.835 1.808
P569899 3.982 3.882 -5.506 1.638
P569900 4.173 3.675 -4.623 1.341
P569901 4.016 3.866 -5.073 1.575
P569902 3.873 4.033 -5.141 0.846
P569904 4.156 4.300 -5.348 2.024
P569910 3.855 3.979 -4.807 0.771
P569913 4.214 4.036 -5.602 2.460
P569917 4.030 3.826 -5.739 2.053
P569919 4.129 4.060 -5.578 1.526
P569923 4.057 3.937 -5.073 1.889
P569924 3.964 3.766 -5.168 1.400
P569932 4.157 3.982 -5.788 1.630
P569936 4.152 3.998 -5.685 1.980
P569938 3.974 3.827 -4.564 1.019
P569940 4.057 3.959 -5.605 1.720
P569942 3.996 3.931 -5.199 2.080
P569947 4.081 4.033 -5.435 1.279
P569948 5.486 5.503 -7.172 0.175
P569952 5.300 5.478 -7.563 0.946
P569953 5.272 5.406 -7.061 0.687
P569959 5.249 5.175 -6.788 0.337
P569963 5.300 5.342 -6.689 0.321
P569966 5.476 5.563 -7.172 0.626
P569968 5.508 5.538 -6.585 0.367
P569969 5.700 5.642 -6.955 1.013
P569970 5.523 5.650 -7.533 0.996
P569972 5.357 5.385 -7.502 0.160
P569974 5.429 5.507 -7.269 0.498
P569977 5.848 5.830 -6.891 0.505
P569978 5.405 5.398 -6.801 0.358
P569982 5.618 5.605 -7.149 1.053
P569983 5.403 5.376 -7.194 0.415
P569985 5.470 5.516 -7.102 0.216
P569986 5.548 5.653 -7.278 0.699
P569990 5.499 5.522 -7.626 0.418
P569991 5.554 5.206 -5.236 0.674
P569993 5.652 5.633 -7.765 0.654
P569997 5.492 5.543 -7.255 0.187
P570001 5.539 5.549 -7.815 0.255
P570002 5.556 5.682 -6.769 0.615
P570004 5.706 5.717 -6.481 0.644
P570006 5.549 5.543 -6.218 0.170
P570010 5.716 5.752 -8.038 0.474
P570011 5.795 5.705 -6.160 0.884
P570014 5.525 5.549 -6.856 0.254
P570018 5.723 5.395 -5.977 0.883
P570020 5.731 5.730 -6.908 0.315
P570021 5.793 5.742 -7.152 0.796
P570022 5.623 5.607 -6.549 0.413
P570023 5.543 5.454 -7.798 0.511
P570024 5.629 5.646 -6.958 0.278
P570027 5.090 5.466 -6.160 0.830
P570029 5.590 5.708 -7.403 1.367
P570033 5.490 5.636 -7.800 1.019
P570035 5.672 5.700 -6.516 0.243
P570039 5.687 5.600 -7.184 0.431
P570042 5.827 5.786 -7.573 0.480
P570043 5.718 5.779 -7.378 0.946
P570044 5.569 5.687 -7.781 0.922
P570046 5.533 5.547 -6.570 0.265
P570049 5.446 5.384 -5.993 1.204
P570050 5.470 5.533 -7.518 0.360
P570053 5.891 5.803 -7.356 0.477
P570055 5.745 5.772 -8.076 0.228
P570057 5.510 5.639 -6.938 0.383
P570060 5.547 5.535 -7.558 0.595
P570063 5.763 5.785 -6.860 0.349
P570065 5.592 5.722 -7.992 0.764
P570068 5.688 5.697 -7.968 0.155
P570071 5.537 5.485 -7.568 0.339
P570073 5.394 5.399 -6.558 0.253
P570075 5.518 5.500 -7.292 0.182
P570083 5.660 5.749 -6.879 0.243
P570084 5.677 5.793 -7.450 0.707
P570087 5.634 5.769 -6.678 0.811
P570089 6.001 5.979 -7.265 0.302
P570092 5.590 5.795 -6.879 1.270
P570095 5.771 5.823 -8.159 0.247
P570097 5.852 5.891 -5.923 0.293
P570099 5.708 5.792 -7.643 0.651
P570101 5.955 5.976 -6.541 0.386
P570103 5.412 5.779 -7.583 1.435
P570105 5.679 5.604 -7.541 0.240
P570107 5.695 5.597 -5.716 1.246
P570108 5.735 5.680 -6.833 0.956
P570110 5.748 5.748 -7.423 0.290
P570111 5.824 5.789 -6.774 0.542
P570113 5.865 5.941 -7.252 0.300
P570114 5.630 5.720 -6.419 0.594
P570118 5.701 5.721 -6.315 0.367
P570120 5.900 5.810 -7.034 0.398
P570122 5.657 5.742 -6.999 1.207
P570126 5.705 5.891 -7.113 0.936
P570127 5.581 5.585 -6.530 1.540
P570128 5.735 5.780 -7.433 0.809
P570129 5.662 5.697 -6.603 0.331
P570130 5.904 5.860 -7.601 0.251
P570135 5.940 5.665 -6.589 0.807
P570136 5.637 5.782 -7.250 1.108
P570137 5.608 5.522 -6.066 0.853
P570142 5.617 5.646 -7.883 0.835
P570145 5.518 5.622 -6.961 0.585
P570149 5.782 5.710 -6.476 0.762
P570150 5.546 5.771 -6.072 1.225
P570151 5.724 5.483 -4.995 0.742
P570152 5.638 5.258 -5.534 0.907
P570153 5.810 5.825 -7.795 0.159
P570160 5.929 5.725 -5.805 0.793
P570164 5.714 5.795 -7.282 0.526
P570166 5.811 5.722 -6.851 0.586
P570176 5.825 5.629 -5.921 1.031
P570180 5.609 5.643 -7.206 0.279
P570183 5.815 5.678 -6.463 0.582
P570184 5.542 5.418 -6.363 0.564
P570186 5.835 5.846 -7.550 0.106
P570188 5.810 5.810 -6.414 0.335
P570190 5.730 5.635 -7.082 0.374
P570191 5.810 5.833 -7.983 0.189
P570194 5.637 5.737 -8.344 1.305
P570196 5.630 5.578 -6.459 0.679
P570200 5.704 5.632 -7.056 0.374
P570201 5.656 5.653 -7.451 0.783
P570204 5.771 5.880 -7.055 0.684
P570205 5.800 5.730 -7.520 0.252
P570207 5.732 5.662 -8.053 0.262
P570209 5.714 5.682 -8.419 0.359
P570212 5.807 5.660 -7.765 1.556
P570214 5.731 5.664 -6.483 0.291
P570217 5.719 5.760 -6.886 0.370
P570219 5.680 5.657 -7.793 0.322
P570222 6.004 5.991 -6.721 0.855
P570223 5.722 5.610 -6.522 0.373
P570225 5.334 5.379 -6.461 1.020
P570227 5.932 5.938 -7.181 1.239
P570229 5.567 5.568 -6.559 0.223
P570233 5.773 5.751 -7.569 0.199
P570236 5.577 5.674 -6.344 1.632
P570239 5.913 5.853 -7.815 0.324
P570241 5.733 5.720 -7.250 0.207
P570244 5.351 5.288 -5.813 0.254
P570245 5.814 5.664 -5.502 1.053
P570247 5.685 5.765 -6.048 0.367
P570249 5.868 5.816 -8.196 0.204
P570250 5.708 5.660 -7.725 0.432
P570252 5.916 5.963 -4.850 0.244
P570254 5.905 5.991 -6.145 0.276
P570255 5.920 5.958 -7.396 0.346
P570258 5.977 5.969 -5.617 0.162
P570259 5.834 5.872 -7.084 0.270
P570263 6.152 6.149 -6.582 0.307
P570266 5.744 5.765 -6.418 0.166
P570268 5.829 5.942 -6.013 0.824
P570269 5.839 5.768 -6.172 0.858
P570271 6.155 6.193 -5.944 0.234
P570274 5.654 5.823 -7.872 0.912
P570276 5.583 5.606 -6.196 1.209
P570277 5.632 5.318 -6.877 0.640
P570278 5.824 5.606 -6.589 0.868
P570279 5.666 5.666 -7.019 0.217
P570282 5.753 5.683 -6.630 0.985
P570286 6.217 6.310 -6.782 0.504
P570287 5.778 5.957 -6.821 0.687
P570289 5.868 5.575 -6.115 1.378
P570290 5.847 5.942 -7.301 0.340
P570293 5.862 5.903 -6.284 0.418
P570296 6.100 6.062 -7.052 0.849
P570298 5.798 5.743 -5.976 0.262
P570299 5.839 5.676 -5.001 0.473
P570301 5.948 5.969 -7.445 0.357
P570302 5.908 5.649 -7.216 0.701
P570303 6.088 5.789 -6.109 0.746
P570304 5.735 5.778 -5.986 0.415
P570306 5.798 5.838 -6.241 1.017
P570307 5.942 5.917 -7.416 0.224
P570309 6.112 6.116 -5.928 0.315
P570310 6.011 5.889 -6.381 0.488
P570312 5.677 5.577 -7.525 0.482
P570313 5.841 5.593 -5.258 0.565
P570315 5.813 5.722 -7.856 0.336
P570318 5.763 5.808 -6.873 0.697
P570320 5.826 5.541 -7.147 0.744
P570321 5.588 5.369 -5.082 1.842
P570322 6.173 5.837 -6.363 0.729
P570326 5.879 5.846 -7.009 0.415
P570327 5.792 5.804 -6.983 0.585
P570329 6.166 6.086 -6.736 0.693
P570331 5.361 5.293 -5.103 0.718
P570332 5.702 5.697 -8.572 0.232
P570333 5.749 5.542 -6.283 0.576
P570336 5.985 5.952 -6.631 0.286
P570337 5.807 5.712 -7.186 0.600
P570338 5.991 6.009 -7.292 0.170
P570341 5.767 5.795 -7.092 0.288
P570343 6.075 5.938 -4.834 0.551
P570345 6.088 6.091 -7.167 0.311
P570347 6.014 6.052 -5.931 0.247
P570349 5.700 5.906 -5.238 0.554
P570350 5.787 5.973 -7.509 0.682
P570351 5.757 5.704 -7.051 0.909
P570352 6.059 5.939 -6.208 0.617
P570353 5.894 5.917 -6.728 0.133
P570354 6.077 6.037 -7.458 0.396
P570357 5.967 5.934 -6.188 0.875
P570358 5.671 5.570 -6.818 0.572
P570361 5.830 5.794 -7.831 0.283
P570362 5.863 5.887 -5.076 0.404
P570365 5.922 5.866 -7.748 0.253
P570366 5.712 5.526 -5.506 1.678
P570368 5.836 5.699 -7.105 0.479
P570370 5.768 5.780 -6.988 0.562
P570373 5.961 5.978 -8.357 0.157
P570376 5.866 5.932 -8.728 0.534
P570380 5.902 5.951 -7.508 0.314
P570381 6.004 5.877 -7.322 0.730
P570382 5.551 5.495 -6.704 0.439
P570385 5.922 5.948 -8.980 0.161
P570387 5.916 5.742 -4.905 0.532
P570389 5.817 5.803 -4.569 0.262
P570391 6.280 6.251 -7.422 0.436
P570393 5.719 5.782 -5.852 0.408
P570396 5.795 5.891 -6.842 0.450
P570397 5.876 5.870 -7.105 0.186
P570398 5.663 5.459 -6.549 0.641
P570399 5.939 5.807 -5.273 0.459
P570400 6.139 5.973 -7.160 0.517
P570401 5.825 5.817 -5.463 0.626
P570403 5.992 5.991 -6.410 0.784
P570404 6.181 5.844 -6.662 0.640
P570405 6.290 6.276 -6.741 0.196
P570406 5.844 5.903 -7.166 0.640
P570408 5.876 5.763 -5.933 0.432
P570409 6.120 6.133 -6.848 0.546
P570412 6.142 5.838 -5.571 0.843
P570413 5.989 5.970 -6.756 0.556
P570415 6.078 6.023 -7.184 1.070
P570416 5.771 5.668 -5.020 0.380
P570418 6.035 6.089 -7.182 0.373
P570419 5.743 5.828 -7.332 0.394
P570421 5.935 5.688 -6.214 0.823
P570422 5.730 5.673 -4.867 0.390
P570423 5.757 5.692 -5.418 0.209
P570425 5.840 5.734 -6.802 0.439
P570428 6.144 6.140 -6.808 0.348
P570431 5.779 5.806 -7.554 0.412
P570432 5.879 5.733 -7.428 0.278
P570435 6.116 6.093 -6.899 0.341
P570437 6.259 5.953 -6.664 0.757
P570438 5.891 5.752 -6.988 0.504
P570439 5.834 5.828 -5.360 0.174
P570440 6.158 5.807 -6.554 0.758
P570441 5.864 5.559 -5.686 1.486
P570442 5.648 5.409 -7.312 0.749
P570443 5.869 5.771 -5.894 0.839
P570444 6.299 6.267 -7.614 0.340
P570445 5.796 5.634 -4.504 0.589
P570446 6.310 6.360 -6.221 0.298
P570449 6.116 6.084 -8.051 0.757
P570450 6.198 6.359 -6.490 0.961
P570452 5.992 5.832 -6.581 0.619
P570453 6.196 6.224 -7.334 0.400
P570456 5.970 6.038 -6.730 0.319
P570458 5.735 5.331 -6.109 1.025
P570460 5.714 5.781 -6.598 0.712
P570461 5.981 5.257 -6.188 1.956
P570464 5.910 5.840 -7.077 0.450
P570466 6.164 6.190 -6.623 0.272
P570468 5.958 5.779 -7.081 0.583
P570469 6.115 6.195 -6.367 0.352
P570470 6.248 6.267 -6.802 0.351
P570471 5.562 5.686 -6.682 0.552
P570472 6.034 6.089 -6.273 0.288
P570473 5.829 5.827 -6.161 0.264
P570475 6.017 6.125 -6.789 0.506
P570477 6.212 6.074 -6.635 0.418
P570478 5.219 5.206 -6.122 0.940
P570480 5.974 5.952 -7.289 0.880
P570481 6.160 6.158 -5.411 0.191
P570482 5.892 5.869 -5.683 0.438
P570483 6.188 6.141 -6.922 0.459
P570485 5.678 5.708 -6.763 0.482
P570487 5.670 5.645 -5.043 0.427
P570489 6.058 5.974 -4.796 0.547
P570490 5.866 5.752 -5.874 0.405
P570491 6.186 6.019 -6.869 0.898
P570492 5.969 5.879 -7.771 0.661
P570493 5.781 5.474 -6.476 1.076
P570494 5.886 5.892 -6.302 0.742
P570495 5.878 6.063 -7.120 0.567
P570496 5.966 5.877 -6.420 0.281
P570503 5.959 6.011 -7.894 0.248
P570504 5.893 5.825 -5.056 0.314
P570506 5.845 5.623 -6.074 0.461
P570507 5.887 5.630 -6.723 0.921
P570509 6.155 6.200 -7.036 0.613
P570510 5.862 5.436 -6.348 2.125
P570511 6.003 5.735 -6.236 0.705
P570512 6.129 6.098 -7.168 0.448
P570514 6.004 5.906 -4.878 0.497
P570515 5.799 5.587 -4.707 1.370
P570521 5.997 6.046 -8.351 0.266
P570522 5.874 5.800 -5.677 0.278
P570523 6.187 6.171 -5.879 0.195
P570524 5.860 5.827 -6.660 0.614
P570525 5.871 5.864 -3.704 0.343
P570527 6.170 5.977 -6.650 0.735
P570528 6.096 6.186 -5.721 1.021
P570530 5.666 5.628 -4.873 0.651
P570531 5.827 5.770 -6.998 0.252
P570532 6.261 6.300 -6.747 0.211
P570533 5.876 5.955 -6.911 0.694
P570536 6.031 6.287 -6.841 0.522
P570537 5.781 5.402 -6.521 1.927
P570538 6.141 6.143 -7.551 0.374
P570539 5.844 5.835 -6.935 0.845
P570540 6.156 6.112 -5.841 0.452
P570541 6.287 6.047 -5.807 0.680
P570542 6.430 6.408 -7.158 0.795
P570543 6.101 6.054 -7.380 0.882
P570545 6.116 6.072 -5.262 0.694
P570546 6.054 5.905 -5.372 0.742
P570547 6.535 6.490 -6.797 0.259
P570549 5.691 5.844 -6.199 0.417
P570551 6.091 5.949 -6.266 0.829
P570552 6.002 6.145 -6.082 0.527
P570553 5.747 5.782 -7.423 0.627
P570554 5.980 6.087 -7.101 0.553
P570557 5.846 5.954 -7.548 0.638
P570558 6.199 6.187 -7.399 0.679
P570560 5.929 5.624 -6.958 0.959
P570561 5.974 6.035 -6.161 0.266
P570562 6.122 6.143 -6.690 0.667
P570563 5.831 5.854 -5.177 0.368
P570565 5.968 5.739 -6.743 1.077
P570567 5.920 5.653 -6.112 1.491
P570568 6.033 5.940 -6.768 0.363
P570569 5.758 5.728 -7.741 0.335
P570570 6.046 5.826 -7.405 0.370
P570571 6.003 5.928 -5.976 0.666
P570572 5.589 5.363 -5.662 1.024
P570574 6.212 6.125 -7.282 0.833
P570577 6.403 6.330 -6.013 0.353
P570578 5.825 5.829 -7.390 0.704
P570580 6.043 6.044 -6.351 0.372
P570582 5.831 5.470 -5.939 0.911
P570583 5.815 5.590 -5.400 0.703
P570584 5.782 5.824 -7.330 1.072
P570585 6.095 6.084 -7.767 0.146
P570586 6.008 6.045 -5.428 0.244
P570588 5.750 5.777 -4.483 0.288
P570591 5.841 5.803 -5.099 0.577
P570593 6.205 6.100 -5.318 0.497
P570594 5.848 5.702 -4.848 0.323
P570597 5.881 5.899 -6.494 0.346
P570599 5.971 5.991 -5.051 0.136
P570600 5.671 5.665 -4.481 0.374
P570601 5.806 5.720 -6.405 0.747
P570603 5.757 5.889 -6.261 0.405
P570604 6.164 6.165 -6.880 0.325
P570605 6.156 6.094 -5.047 0.234
P570606 6.169 6.267 -6.843 0.288
P570608 6.265 6.105 -7.182 0.804
P570610 6.047 6.070 -5.835 0.238
P570612 6.015 6.066 -5.876 0.516
P570615 6.305 6.253 -6.124 0.399
P570616 5.820 5.177 -7.034 2.246
P570617 5.777 5.449 -5.791 0.867
P570618 6.003 5.894 -5.777 0.397
P570619 6.038 6.111 -5.969 0.573
P570620 5.928 5.536 -6.858 1.334
P570622 6.170 5.942 -5.697 0.541
P570624 5.989 6.178 -6.186 0.572
P570625 5.970 5.637 -5.291 1.369
P570626 5.950 5.593 -5.558 1.513
P570628 6.439 6.349 -5.816 0.350
P570629 6.014 6.212 -6.797 0.996
P570630 6.037 6.174 -6.935 0.983
P570631 6.540 6.501 -6.151 0.340
P570632 6.260 6.143 -6.306 0.872
P570633 6.304 6.231 -5.682 0.523
P570634 6.037 5.964 -6.371 0.655
P570635 6.059 6.079 -4.312 0.439
P570636 6.148 6.118 -6.136 0.152
P570637 5.791 5.447 -5.104 1.032
P570638 5.965 5.896 -4.711 0.414
P570640 6.406 6.378 -6.103 0.190
P570641 5.990 6.026 -6.962 0.382
P570642 5.776 5.882 -6.824 0.598
P570643 6.080 5.999 -7.049 0.690
P570645 6.336 6.358 -7.858 0.799
P570646 6.361 6.372 -6.484 0.477
P570647 6.354 5.675 -6.681 1.870
P570649 6.134 5.694 -6.661 1.261
P570651 5.878 5.866 -7.150 0.901
P570652 6.123 6.116 -7.153 0.162
P570653 6.160 6.094 -6.704 0.583
P570654 6.043 5.707 -5.903 1.388
P570655 6.122 6.015 -7.107 0.212
P570656 6.170 6.142 -7.107 0.739
P570657 6.179 6.119 -7.048 0.228
P570658 5.926 6.001 -7.559 0.907
P570660 5.614 5.605 -3.834 0.213
P570661 5.776 5.334 -7.532 2.300
P570662 6.115 6.035 -5.468 0.396
P570664 5.851 5.737 -6.837 0.655
P570665 6.407 6.371 -5.571 0.380
P570666 6.147 6.167 -6.502 0.431
P570667 5.931 5.592 -6.624 1.173
P570668 6.490 6.325 -7.496 0.790
P570670 6.267 6.229 -6.264 0.470
P570671 6.063 5.997 -5.702 0.434
P570672 5.750 5.900 -6.847 0.564
P570673 5.990 6.018 -6.602 0.403
P570674 6.140 6.193 -5.433 0.201
P570675 6.115 5.962 -6.395 0.472
P570676 6.119 6.171 -5.734 0.222
P570677 6.244 6.198 -6.201 0.446
P570678 5.977 5.787 -5.495 0.970
P570680 5.792 5.844 -7.175 0.180
P570684 6.124 6.030 -6.164 0.712
P570685 6.330 6.255 -5.399 0.445
P570686 5.878 5.757 -5.891 0.509
P570687 6.365 6.274 -6.642 0.310
P570689 6.191 6.266 -4.270 0.389
P570690 5.930 6.013 -6.979 0.475
P570691 6.182 5.709 -6.143 1.105
P570694 6.077 6.057 -7.701 0.547
P570695 6.044 5.898 -6.135 0.451
P570696 6.344 6.407 -7.446 0.561
P570697 6.315 6.281 -7.241 0.325
P570698 5.864 5.884 -5.140 0.254
P570699 6.697 6.551 -6.604 0.738
P570700 6.047 6.155 -6.932 0.395
P570701 6.519 6.507 -6.087 0.435
P570702 6.424 6.405 -6.253 0.191
P570703 5.999 6.239 -7.111 0.793
P570704 5.944 5.705 -5.007 0.603
P570709 6.012 5.887 -7.393 0.321
P570710 6.373 6.256 -5.835 0.476
P570711 6.418 6.451 -5.479 0.543
P570712 6.374 6.419 -6.679 0.411
P570713 6.111 6.173 -7.312 0.894
P570714 6.046 6.121 -7.081 1.157
P570715 6.050 6.097 -6.878 0.551
P570716 6.238 6.070 -6.557 0.717
P570717 5.887 5.501 -4.701 1.438
P570718 6.160 6.173 -7.189 0.891
P570719 6.412 6.198 -5.662 0.914
P570720 6.462 6.498 -6.885 0.834
P570721 6.104 5.993 -4.158 0.645
P570722 5.998 5.955 -6.732 0.308
P570724 6.176 6.252 -5.613 0.326
P570725 6.175 5.957 -5.029 0.518
P570726 6.377 6.371 -6.985 0.200
P570727 6.590 6.577 -7.000 0.533
P570728 6.084 6.421 -6.681 1.158
P570729 5.956 5.351 -7.056 2.177
P570730 6.186 6.131 -6.299 0.544
P570731 6.036 6.080 -7.203 0.711
P570732 6.275 6.354 -7.513 0.442
P570733 5.659 5.695 -5.023 0.390
P570734 6.270 6.287 -8.196 0.866
P570735 6.347 6.327 -5.037 0.466
P570738 5.897 5.935 -6.119 0.351
P570740 6.303 6.334 -6.951 0.885
P570741 6.333 5.890 -7.083 0.771
P570743 6.035 5.969 -6.645 0.372
P570745 6.098 5.979 -6.336 0.594
P570746 5.988 6.031 -6.374 1.015
P570747 6.414 6.306 -5.766 0.445
P570748 6.250 6.188 -5.421 0.447
P570750 6.233 6.216 -5.773 0.533
P570752 6.125 6.069 -5.194 0.477
P570753 6.217 6.169 -5.336 0.315
P570756 6.333 6.186 -5.060 0.709
P570757 6.254 6.356 -5.589 0.562
P570759 6.062 5.879 -7.925 0.475
P570760 6.389 6.216 -7.583 0.715
P570761 6.410 6.233 -7.772 0.737
P570762 6.295 6.158 -6.233 0.398
P570763 6.020 5.683 -4.500 1.367
P570764 6.156 6.181 -7.166 1.361
P570765 6.157 6.214 -7.249 0.832
P570767 5.972 6.017 -7.756 0.336
P570768 6.327 6.205 -5.887 0.440
P570770 5.961 5.851 -6.821 0.379
P570771 6.142 6.069 -5.585 0.459
P570773 6.275 6.133 -6.975 0.603
P570774 5.507 5.498 -7.572 0.315
P570775 5.790 5.735 -7.822 0.331
P570776 5.758 5.682 -6.438 0.259
P570777 5.785 5.515 -4.843 0.807
P570778 5.654 5.687 -7.558 0.306
P570779 5.676 5.643 -7.390 0.255
P570780 5.523 5.485 -6.886 0.456
P570781 5.687 5.611 -5.275 0.266
P570782 5.620 5.568 -6.500 0.266
P570783 5.574 5.520 -6.340 0.244
P570784 5.547 5.520 -7.079 0.513
P570785 5.703 5.602 -3.913 0.370
P570786 5.817 5.745 -4.639 0.226
P570787 5.641 5.500 -5.610 0.444
P570788 5.771 5.657 -5.171 0.558
P570789 5.540 5.539 -6.016 0.340
P570790 5.691 5.640 -7.599 0.338
P570791 5.554 5.549 -6.108 0.242
P570792 5.728 5.757 -3.619 0.603
P570793 5.622 5.533 -6.085 0.273
P570794 5.949 5.727 -5.251 0.509
P570795 5.750 5.608 -5.629 0.437
P570796 5.927 5.867 -4.649 0.209
P570797 5.813 5.724 -3.840 0.360
P570798 5.683 5.619 -6.110 0.307
P570799 5.897 5.632 -6.097 0.731
P570800 5.702 5.685 -5.968 0.300
P570801 5.666 5.800 -5.440 0.789
P570802 5.807 5.797 -5.130 0.300
P570803 5.660 5.704 -7.127 0.430
P570804 5.932 5.730 -4.907 0.532
P570805 5.783 5.776 -6.410 0.219
P570806 5.868 5.864 -8.465 0.328
P570807 6.001 5.794 -5.594 0.473
P570808 6.024 5.976 -6.570 0.276
P570809 5.726 5.695 -4.813 0.363
P570810 5.649 5.414 -2.955 0.497
P570811 5.691 5.632 -4.940 0.355
P570812 5.708 5.642 -5.190 0.295
P570813 5.549 5.598 -7.255 0.328
P570814 5.823 5.636 -4.859 0.499
P570815 5.681 5.623 -6.472 0.247
P570816 5.529 5.475 -5.568 0.384
P570817 5.827 5.797 -7.591 0.370
P570818 5.898 5.695 -5.581 0.449
P570819 5.686 5.633 -4.860 0.328
P570820 5.912 5.762 -5.304 0.621
P570821 5.856 5.829 -6.791 0.467
P570822 5.978 5.876 -3.471 0.389
P570823 5.889 5.918 -7.523 0.393
P570824 6.024 5.847 -4.965 0.746
P570825 5.820 5.842 -7.611 0.656
P570826 5.937 5.835 -3.701 0.357
P570827 5.923 5.892 -6.530 0.222
P570828 5.887 5.917 -7.512 0.555
P570829 6.056 5.963 -5.426 0.244
P570830 5.946 5.870 -4.788 0.455
P570831 5.596 5.684 -4.200 0.529
P570832 5.910 5.956 -7.582 0.442
P570833 5.739 5.628 -5.498 0.385
P570834 5.938 5.933 -7.559 0.520
P570835 6.030 5.811 -5.227 0.551
P570836 5.737 5.785 -4.467 0.512
P570837 5.798 5.800 -7.728 0.352
P570838 5.848 5.717 -4.177 0.259
P570839 5.890 5.901 -7.924 0.533
P570840 5.892 5.849 -6.154 0.317
P570841 5.777 5.768 -4.963 0.351
P570842 5.887 5.969 -7.583 0.353
P570843 5.824 5.823 -6.273 0.311
P570844 6.077 5.838 -3.913 0.674
P570845 5.922 5.919 -8.008 0.344
P570846 5.705 5.708 -4.764 0.472
P570847 5.934 5.880 -7.394 0.300
P570848 5.936 5.938 -7.594 0.518
P570849 6.102 5.812 -4.250 0.651
P570850 5.628 5.530 -5.401 0.349
P570851 5.700 5.649 -6.066 0.329
P570852 5.796 5.797 -7.684 0.343
P570853 5.806 5.798 -7.594 0.257
P570854 5.947 5.929 -7.898 0.285
P570855 5.990 5.715 -4.201 0.622
P570856 5.795 5.756 -5.343 0.309
P570857 5.748 5.764 -7.506 0.263
P570858 5.770 5.688 -4.826 0.211
P570859 5.706 5.631 -6.091 0.244
P570860 5.674 5.646 -5.961 0.286
P570861 5.608 5.683 -7.308 0.251
P570862 5.619 5.620 -7.058 0.281
P570863 5.587 5.612 -6.900 0.441
P570864 5.751 5.729 -5.465 0.371
P570865 5.709 5.671 -6.639 0.300
P570866 5.647 5.631 -6.361 0.507
P570867 5.622 5.638 -7.712 0.358
P570868 5.964 5.885 -5.412 0.188
P570869 5.747 5.705 -5.406 0.276
P570870 5.854 5.745 -6.434 0.262
P570871 5.841 5.669 -5.058 0.498
P570872 5.636 5.660 -7.706 0.729
P570873 5.810 5.852 -5.127 0.337
P570874 6.004 5.811 -4.793 0.684
P570875 5.718 5.702 -7.861 0.215
P570876 5.731 5.729 -5.800 0.451
P570877 5.808 5.819 -1.333 0.451
P570878 5.879 5.839 -7.382 0.401
P570879 5.771 5.767 -7.459 0.287
P570880 5.786 5.833 -1.779 0.354
P570881 5.849 5.704 -3.712 0.358
P570882 5.657 5.676 -7.330 0.261
P570883 5.888 5.857 -4.842 0.222
P570884 5.757 5.791 -7.669 0.334
P570885 5.934 5.785 -2.270 0.443
P570886 5.648 5.644 -4.504 0.469
P570887 5.598 5.593 -7.707 0.444
P570888 5.624 5.589 -4.021 0.188
P570889 5.807 5.781 -4.474 0.248
P570890 5.816 5.810 -7.577 0.477
P570891 5.713 5.731 -7.571 0.275
P570892 5.726 5.446 -5.732 0.968
P570893 5.763 5.822 -7.873 0.448
P570894 5.883 5.784 -5.984 0.454
P570895 5.907 5.932 -7.457 0.271
P570896 5.939 5.931 -4.867 0.292
P570897 5.824 5.853 -6.103 0.344
P570898 5.931 5.872 -4.860 0.277
P570899 5.990 5.968 -6.587 0.289
P570900 6.148 6.002 -6.044 0.598
P570901 5.879 5.826 -5.954 0.331
P570902 5.945 5.931 -7.655 0.597
P570903 6.003 5.593 -4.292 1.341
P570904 5.944 6.003 -7.486 0.384
P570905 5.881 5.782 -3.918 0.441
P570906 6.158 6.118 -5.060 0.195
P570908 6.004 6.081 -7.555 0.344
P570909 6.052 5.563 -6.544 1.861
P570910 6.087 5.919 -5.832 0.881
P570911 5.990 5.901 -4.588 0.211
P570912 5.881 5.834 -1.733 0.292
P570913 6.012 6.049 -7.841 0.983
P570914 6.021 5.986 -7.855 0.290
P570915 5.917 5.880 -5.810 0.360
P570916 6.066 6.075 -6.447 0.262
P570917 5.684 5.708 -2.643 0.463
P570918 5.962 6.073 -8.600 0.684
P570919 5.912 5.910 -8.222 0.288
P570920 6.067 6.032 -4.899 0.238
P570921 5.806 5.848 -6.036 0.369
P570922 5.761 5.809 -5.991 0.540
P570923 6.052 6.040 -4.689 0.124
P570924 5.949 5.945 -6.670 0.323
P570925 5.971 6.021 -7.828 0.439
P570926 5.971 5.964 -7.600 0.534
P570927 5.892 5.887 -7.493 0.519
P570928 5.648 5.518 -7.421 0.414
P570929 5.634 5.661 -7.702 0.342
P570930 5.704 5.626 -4.901 0.841
P570931 5.684 5.601 -6.567 0.394
P570932 5.757 5.666 -5.462 0.430
P570933 5.702 5.644 -7.753 0.422
P570934 5.868 5.912 -6.164 0.499
P570935 5.728 5.697 -4.703 0.274
P570936 5.534 5.422 -5.384 0.229
P570937 6.070 6.017 -4.993 0.486
P570938 5.796 5.848 -6.069 0.520
P570939 5.958 5.980 -6.691 0.349
P570940 6.003 5.948 -7.667 0.439
P570941 6.022 5.928 -4.208 0.309
P570942 5.906 5.819 -1.433 0.460
P570943 5.942 5.818 -3.569 0.445
P570944 6.027 6.068 -7.711 0.312
P570945 5.735 5.637 -2.299 0.425
P570946 5.778 5.836 -5.072 0.288
P570947 5.776 5.722 -4.829 0.257
P570948 5.759 5.733 -6.372 0.339
P570949 6.001 5.990 -3.296 0.305
P570950 5.732 5.686 -6.126 0.238
P570951 5.945 5.944 -4.742 0.286
P570952 5.869 5.807 -4.112 0.423
P570953 5.979 5.894 -3.682 0.581
P570954 5.871 5.823 -4.249 0.203
P570955 5.590 5.608 -5.353 0.275
P570956 6.039 6.083 -4.613 0.524
P570957 5.663 5.622 -5.756 0.173
P570958 5.984 5.966 -3.105 0.382
P570959 5.930 5.874 -4.338 0.178
P570960 5.983 6.013 -4.965 0.434
P570961 5.887 5.898 -4.041 0.332
P570962 5.815 5.783 -4.616 0.332
P570963 5.570 5.585 -5.808 0.378
P570964 5.659 5.652 -7.367 0.211
P570965 6.097 6.064 -7.712 0.219
P570966 6.025 6.057 -6.568 0.496
P570967 6.053 5.990 -3.409 0.342
P570968 5.915 5.908 -7.763 0.403
P570970 6.040 6.038 -7.935 0.598
P570971 5.751 5.758 -7.792 0.448
P570972 5.632 5.606 -6.193 0.431
P570973 5.895 5.696 -5.436 0.556
P570974 5.723 5.534 -5.804 0.519
P570975 5.841 5.764 -4.869 0.294
P570976 5.683 5.662 -5.096 0.409
P570977 5.915 5.689 -5.738 0.516
P570978 5.829 5.787 -8.619 0.404
P570979 5.686 5.644 -6.598 0.283
P570980 5.742 5.721 -5.396 0.336
P570981 5.789 5.584 -6.410 0.838
P570982 5.734 5.465 -3.280 0.539
P570983 5.877 5.866 -8.706 0.294
P570984 5.818 5.773 -3.458 0.596
P570985 5.620 5.577 -6.291 0.328
P570986 5.763 5.665 -4.196 0.399
P570987 5.609 5.671 -7.425 0.405
P570988 5.913 5.710 -5.427 0.534
P570989 5.798 5.805 -7.744 0.321
P570990 5.914 5.892 -7.964 0.223
P570991 5.822 5.832 -6.219 0.217
P570992 5.887 5.772 -3.929 0.437
P570993 5.860 5.747 -6.099 0.588
P570994 5.771 5.741 -6.213 0.317
P570995 5.731 4.951 -7.504 2.570
P570996 5.708 5.754 -7.776 0.294
P570997 5.854 5.917 -8.112 0.314
P570998 5.585 5.569 -2.664 0.398
P570999 6.075 5.683 -3.694 1.353
P571000 6.047 6.004 -5.156 0.370
P571001 5.789 5.742 -5.857 0.388
P571002 5.954 5.893 -5.484 0.357
P571003 5.848 5.727 -7.355 0.469
P571004 5.893 5.943 -7.899 0.308
P571005 5.742 5.726 -7.366 0.512
P571006 5.843 5.801 -6.272 0.294
P571007 5.760 5.807 -7.375 0.483
P571008 5.885 5.813 -7.692 0.355
P571009 5.843 5.843 -6.585 0.285
P571010 5.809 5.774 -0.841 0.487
P571011 5.694 5.730 -6.123 0.491
P571012 5.948 5.942 -4.924 0.347
P571013 5.780 5.769 -7.501 0.204
P571014 6.104 5.981 -3.970 0.442
P571015 5.512 5.608 -3.134 0.564
P571016 5.809 5.770 -4.940 0.322
P571017 5.802 5.830 -6.448 0.427
P571018 5.773 5.756 -4.373 0.478
P571019 5.890 5.891 -6.444 0.364
P571020 5.747 5.799 -6.255 0.238
P571021 5.929 5.769 -2.800 0.560
P571022 5.745 5.685 -6.019 0.250
P571023 5.693 5.668 -7.299 0.283
P571024 5.851 5.850 -7.681 0.722
P571025 5.507 5.498 -7.420 0.375
P571026 5.782 5.694 -3.917 0.489
P571027 5.965 5.947 -7.964 0.195
P571028 5.846 5.733 -3.812 0.365
P571029 5.814 5.833 -4.391 0.200
P571030 5.898 5.931 -7.951 0.298
P571031 6.022 6.001 -7.244 0.259
P571032 5.936 5.907 -3.605 0.674
P571033 5.656 5.726 -4.216 0.575
P571034 5.844 5.726 -7.893 0.431
P571036 5.900 5.895 -7.917 0.585
P571037 5.921 5.944 -7.616 0.306
P571038 5.889 5.924 -7.350 0.323
P571040 5.457 5.429 -2.944 0.296
P571041 5.823 5.719 -3.425 0.411
P571042 5.922 5.901 -4.709 0.214
P571043 5.919 5.927 -5.476 0.200
P571044 6.085 6.069 -4.954 0.298
P571045 5.830 5.777 -3.276 0.508
P571046 5.938 5.762 -4.033 0.481
P571047 5.778 5.835 -7.657 0.295
P571048 5.761 5.704 -7.977 0.451
P571049 5.867 5.873 -7.561 0.395
P571050 5.484 5.417 -2.481 0.275
P571051 5.992 5.943 -6.089 0.428
P571052 6.019 5.960 -6.058 0.219
P571054 6.054 5.922 -6.133 0.556
P571055 6.036 6.004 -3.746 0.476
P571056 6.142 6.109 -5.452 0.187
P571057 5.963 5.902 -3.676 0.558
P571058 6.290 6.167 -5.293 0.425
P571059 6.357 6.321 -5.429 0.205
P571060 5.756 5.154 -4.265 4.561
P571061 6.227 6.232 -8.053 0.337
P571063 6.130 5.914 -3.304 1.024
P571064 6.160 5.980 -5.542 0.630
P571065 6.114 5.968 -1.501 0.695
P571066 5.938 5.898 -6.519 0.351
P571067 5.904 5.807 -4.438 0.371
P571069 5.769 5.730 -0.796 0.261
P571070 6.000 5.969 -5.470 0.274
P571071 6.098 6.073 -6.332 0.304
P571072 6.101 6.068 -8.079 0.287
P571073 6.048 6.031 -7.248 0.206
P571074 5.772 5.812 -0.452 0.621
P571075 6.145 5.919 -6.033 0.862
P571076 6.196 5.981 -5.822 0.706
P571077 6.202 6.172 -8.267 0.314
P571078 6.049 6.039 -6.584 0.319
P571079 6.246 6.198 -7.548 0.259
P571081 6.130 6.108 -8.452 0.323
P571082 6.152 6.109 -6.387 0.311
P571083 6.067 6.028 -8.513 0.318
P571084 6.067 6.094 -6.988 0.269
P571085 6.119 6.071 -6.466 0.206
P571086 5.742 5.273 -5.161 4.427
P571087 6.106 6.166 -7.514 0.749
P571088 6.319 6.273 -5.611 0.202
P571089 6.035 6.056 -7.353 0.332
P571090 6.303 6.183 -4.359 0.570
P571091 6.063 6.021 -7.446 0.258
P571093 6.229 6.219 -4.740 0.268
P571094 6.001 6.046 -6.545 0.338
P571095 5.925 5.954 -6.417 0.467
P571096 5.480 5.391 -0.616 0.808
P571097 6.081 6.072 -3.826 0.339
P571098 6.110 6.045 -5.263 0.298
P571099 6.085 6.024 -4.457 0.230
P571100 6.035 6.030 -7.549 0.752
P571101 5.686 5.594 -3.551 0.334
P571102 6.344 6.066 -5.341 1.503
P571103 6.100 5.616 -5.050 1.883
P571104 5.999 5.927 -5.013 0.630
P571105 6.029 5.872 -5.521 0.575
P571106 6.028 5.973 -8.166 0.709
P571107 5.705 5.721 -4.132 0.960
P571108 5.809 5.711 -6.612 0.592
P571109 5.762 5.586 -4.217 0.480
P571110 5.802 5.805 -4.945 0.314
P571111 5.932 5.878 -5.939 0.518
P571112 5.884 5.647 -5.278 0.655
P571113 5.835 5.723 -5.438 0.602
P571114 5.554 5.569 -6.197 0.437
P571115 5.757 5.687 -7.667 0.358
P571116 5.913 5.937 -4.328 0.323
P571117 5.712 5.692 -7.144 0.232
P571118 5.978 5.955 -4.904 0.159
P571119 5.603 5.489 -6.186 0.437
P571120 5.649 5.472 -3.646 0.479
P571121 5.714 5.737 -5.257 0.432
P571122 5.758 5.616 -5.372 0.411
P571123 5.711 5.597 -5.217 0.419
P571124 5.859 5.682 -5.603 0.608
P571125 5.792 5.751 -8.535 0.430
P571126 5.709 5.589 -6.522 0.365
P571127 5.959 5.674 -4.406 0.726
P571128 5.608 5.608 -7.257 0.569
P571129 5.725 5.732 -7.599 0.268
P571130 5.782 5.758 -6.184 0.200
P571131 5.706 5.768 -7.161 0.515
P571132 6.097 6.076 -5.171 0.248
P571133 5.821 5.842 -4.314 0.267
P571134 5.754 5.719 -5.335 0.322
P571135 5.838 5.776 -7.031 0.509
P571136 5.796 5.778 -7.185 0.174
P571137 5.890 5.792 -3.695 0.304
P571138 5.707 5.720 -5.782 0.362
P571139 6.072 6.102 -5.782 0.360
P571140 5.740 5.775 -7.023 0.224
P571141 5.713 5.759 -7.383 0.354
P571142 5.730 5.735 -5.436 0.231
P571143 5.836 5.830 -4.831 0.609
P571144 5.756 5.803 -7.361 0.326
P571145 5.670 5.745 -5.986 0.310
P571146 5.970 5.944 -4.494 0.207
P571147 5.682 5.665 -4.888 0.485
P571148 5.749 5.746 -7.152 0.176
P571149 5.771 5.764 -7.312 0.228
P571150 5.840 5.845 -4.323 0.235
P571151 5.632 5.655 -3.671 0.242
P571152 5.753 5.694 -4.169 0.293
P571153 6.001 5.956 -2.003 0.286
P571154 5.810 5.840 -7.069 0.657
P571155 5.999 6.046 -8.187 0.274
P571156 5.976 5.953 -7.259 0.220
P571157 6.099 5.880 -5.145 0.746
P571158 6.288 6.252 -5.358 0.203
P571159 6.106 6.136 -7.989 0.268
P571161 6.039 5.799 -3.360 0.934
P571162 6.145 6.118 -8.358 0.299
P571163 5.828 5.685 -3.538 0.458
P571164 5.890 5.844 -6.439 0.261
P571165 6.000 5.963 -6.495 0.202
P571166 5.853 5.892 -4.986 0.322
P571167 5.997 5.799 -6.180 0.658
P571168 5.883 5.866 -6.611 0.321
P571169 6.076 6.051 -8.165 0.331
P571170 6.107 6.015 -5.571 0.432
P571171 5.904 5.939 -6.554 0.626
P571172 6.142 5.990 -4.387 0.639
P571174 5.991 5.996 -8.309 0.224
P571175 6.052 6.008 -6.370 0.252
P571176 5.926 5.901 -8.413 0.288
P571177 5.956 5.943 -7.046 0.248
P571178 6.178 6.165 -8.464 0.303
P571180 5.677 5.638 -4.971 0.232
P571181 5.692 5.658 -0.650 0.216
P571182 5.591 5.488 -3.548 0.347
P571183 6.148 6.039 -1.738 0.658
P571184 5.979 5.933 -2.487 0.591
P571185 5.877 5.906 -8.153 0.438
P571186 5.969 5.836 -5.541 0.513
P571187 5.943 5.794 -2.194 0.576
P571188 5.923 5.978 -7.598 0.395
P571189 6.225 6.115 -4.346 0.541
P571191 5.898 5.907 -8.325 0.447
P571192 5.891 5.852 -1.302 0.307
P571194 5.972 5.907 -6.063 0.446
P571195 6.057 5.971 -5.121 0.631
P571196 5.958 5.936 -8.145 0.291
P571197 6.015 5.906 -5.486 0.474
P571198 5.981 5.950 -7.753 0.610
P571199 6.253 6.222 -5.482 0.347
P571200 5.917 5.854 -5.008 0.631
P571201 5.814 5.846 -6.365 0.422
P571202 5.994 5.917 -5.296 0.328
P571203 5.931 5.897 -2.090 0.401
P571204 6.003 5.944 -4.443 0.352
P571205 5.962 5.993 -8.040 0.556
P571206 6.083 5.921 -6.437 0.707
P571207 6.187 6.223 -8.120 0.344
P571208 5.999 5.842 -4.169 0.550
P571209 5.709 5.731 -5.038 0.573
P571210 5.993 5.717 -5.323 0.697
P571211 5.835 5.843 -7.753 0.528
P571212 5.937 5.877 -5.048 0.273
P571213 5.849 5.813 -7.657 0.433
P571214 5.904 5.821 -4.377 0.420
P571215 5.872 5.807 -6.620 0.306
P571216 5.969 5.854 -5.637 0.324
P571217 5.801 5.739 -5.666 0.351
P571218 5.721 5.626 -5.844 0.607
P571219 5.931 5.917 -7.469 0.355
P571220 5.903 5.951 -7.768 0.486
P571221 5.851 5.761 -4.690 0.379
P571222 5.972 5.996 -8.025 0.337
P571223 5.910 5.860 -7.213 0.488
P571224 5.827 5.590 -6.006 1.074
P571225 5.834 5.827 -5.253 0.254
P571226 5.734 5.713 -3.111 0.279
P571227 5.843 5.804 -8.041 0.521
P571228 5.821 5.803 -5.955 0.458
P571229 6.001 5.954 -5.445 0.357
P571230 5.862 5.924 -7.693 0.374
P571231 5.743 5.749 -6.346 0.401
P571232 5.915 5.891 -7.745 0.322
P571233 5.834 5.870 -7.700 0.688
P571234 6.123 6.039 -6.194 0.353
P571235 6.078 5.887 -2.313 0.482
P571236 5.830 5.856 -5.586 0.304
P571237 5.813 5.795 -7.824 0.332
P571238 5.941 5.670 -5.248 0.714
P571239 5.881 5.869 -7.554 0.321
P571240 6.230 6.239 -5.395 0.191
P571241 5.912 5.877 -7.922 0.342
P571242 6.027 6.107 -7.808 0.828
P571243 5.585 5.524 -2.316 0.284
P571244 6.100 6.063 -6.102 0.381
P571245 5.725 5.706 -2.659 0.314
P571247 6.123 6.080 -5.777 0.213
P571248 5.934 5.829 -2.918 0.499
P571249 5.919 5.773 -5.867 0.592
P571250 6.003 6.028 -8.250 0.566
P571252 5.978 6.050 -7.705 0.311
P571254 6.021 6.025 -6.782 0.455
P571255 6.221 6.187 -2.827 0.440
P571256 6.056 6.096 -7.816 0.515
P571257 6.175 6.162 -5.119 0.351
P571258 6.028 5.973 -3.844 0.542
P571259 6.041 6.016 -8.319 0.358
P571262 5.969 5.972 -6.370 0.181
P571263 5.963 6.072 -7.670 0.398
P571264 6.179 5.843 -5.234 0.885
P571265 5.703 5.706 -6.735 0.393
P571266 6.109 6.122 -8.304 0.425
P571267 5.917 5.890 -6.347 0.316
P571268 5.948 5.972 -7.468 0.427
P571269 6.197 5.976 -3.196 0.644
P571270 6.282 6.054 -6.483 0.944
P571271 5.891 5.923 -6.764 0.502
P571272 5.822 5.917 -7.287 0.351
P571274 5.946 5.916 -6.793 0.331
P571275 5.922 5.828 -5.102 0.294
P571276 6.088 5.957 -6.411 0.727
P571277 5.905 5.838 -5.136 0.348
P571278 5.802 5.807 -6.102 0.474
P571279 5.906 5.903 -7.767 0.316
P571280 5.926 5.942 -8.003 0.677
P571281 6.148 6.128 -8.730 0.322
P571283 6.089 6.083 -8.764 0.255
P571284 6.143 6.081 -6.250 0.420
P571285 5.981 5.964 -3.562 0.495
P571286 6.049 6.096 -6.856 0.641
P571287 5.782 5.810 -7.624 0.701
P571288 6.149 5.987 -2.840 0.612
P571289 6.205 6.050 -5.478 0.513
P571290 5.871 5.848 -6.222 0.684
P571291 5.999 6.114 -8.741 0.431
P571292 5.869 5.834 -5.363 0.335
P571293 6.089 6.027 -5.639 0.321
P571294 6.095 6.084 -7.132 0.303
P571295 6.001 5.992 -4.558 0.355
P571296 5.935 5.849 -3.166 0.895
P571297 5.905 5.895 -7.304 0.350
P571298 5.844 5.879 -6.422 0.277
P571299 5.898 5.861 -4.081 0.392
P571300 6.283 6.318 -2.937 0.259
P571301 5.924 5.901 -5.760 0.228
P571302 5.991 5.992 -5.421 0.310
P571303 5.867 5.862 -6.446 0.248
P571304 6.020 6.012 -1.909 0.298
P571305 5.847 5.899 -6.140 0.239
P571306 5.868 5.903 -6.052 0.208
P571307 5.853 5.816 -4.471 0.300
P571308 5.980 5.965 -5.407 0.395
P571309 5.847 5.817 -4.485 0.310
P571310 6.206 6.206 -3.135 0.307
P571311 5.808 5.817 -5.890 0.339
P571312 5.943 5.928 -7.462 0.223
P571313 5.869 5.754 0.013 0.255
P571314 5.877 5.845 -6.938 0.456
P571315 5.629 5.583 -4.550 3.003
P571316 5.889 5.891 -7.511 0.338
P571317 5.892 5.887 -7.354 0.362
P571318 6.006 5.792 -1.456 0.596
P571319 6.088 6.045 -5.384 0.407
P571320 5.779 5.798 -6.345 0.616
P571321 6.109 6.014 -5.492 0.435
P571322 5.952 5.979 -8.054 0.453
P571323 5.910 5.899 -7.209 0.429
P571324 6.047 6.039 -7.645 0.250
P571325 5.851 5.832 -8.586 0.487
P571326 6.033 5.952 -4.119 0.466
P571327 5.647 5.579 -2.920 0.352
P571328 5.922 5.747 -3.814 0.500
P571329 6.007 5.907 -4.495 0.373
P571330 5.948 5.660 -3.658 1.186
P571331 5.978 5.950 -7.419 0.384
P571332 5.843 5.775 -2.891 0.346
P571333 6.029 5.912 -4.646 0.475
P571334 5.876 5.795 -4.248 0.463
P571335 5.899 5.912 -7.715 0.343
P571336 5.928 5.966 -5.549 0.298
P571337 6.034 5.985 -7.912 0.267
P571338 5.839 5.059 -3.556 2.311
P571339 6.005 6.064 -6.825 0.466
P571340 6.133 5.973 -2.786 0.457
P571341 5.666 5.662 -4.395 0.285
P571342 5.905 5.942 -8.117 0.358
P571344 6.016 6.026 -8.027 0.423
P571345 6.157 6.099 -5.259 0.226
P571346 6.056 6.034 -7.157 0.301
P571348 5.987 5.618 -4.550 1.299
P571349 5.709 5.735 -6.210 0.530
P571350 5.774 5.840 -6.326 0.553
P571351 5.945 5.927 -7.793 0.434
P571352 6.017 6.087 -8.204 0.370
P571353 5.720 5.676 -1.012 0.826
P571354 5.748 5.716 -3.504 0.310
P571355 6.102 5.939 -3.621 1.004
P571356 6.030 5.981 -6.661 0.336
P571357 5.898 5.837 -6.272 0.405
P571358 5.968 5.986 -5.728 0.349
P571359 6.019 6.020 -7.949 0.269
P571360 6.070 6.046 -7.726 0.613
P571361 5.870 5.836 -2.106 0.393
P571362 5.948 5.880 -4.794 0.259
P571363 5.989 5.958 -4.947 0.298
P571364 5.563 5.505 -3.269 0.431
P571365 5.867 5.897 -6.457 0.257
P571366 5.880 5.885 -6.114 0.212
P571367 5.985 5.925 -2.938 0.319
P571368 5.699 5.702 -5.890 0.478
P571370 6.086 6.064 -7.065 0.296
P571371 6.096 6.065 -6.489 0.589
P571373 6.166 6.176 -8.347 0.370
P571374 6.145 6.156 -8.520 0.468
P571376 6.161 6.122 -8.293 0.378
P571378 6.302 6.254 -1.790 0.250
P571379 6.257 6.209 -5.942 0.373
P571380 6.083 6.100 -6.487 0.269
P571382 6.152 6.143 -8.155 0.302
P571383 6.131 6.193 -8.122 0.327
P571384 6.474 6.337 -5.116 0.551
P571385 6.226 6.164 -5.521 0.260
P571386 5.721 5.654 -2.983 0.365
P571387 6.278 6.194 -6.108 0.432
P571388 6.113 6.032 -3.550 0.546
P571389 6.182 6.177 -6.324 0.337
P571390 5.889 5.940 -6.724 0.274
P571391 6.121 6.101 -5.759 0.323
P571392 6.273 6.253 -8.199 0.311
P571393 6.048 6.005 -7.950 0.829
P571395 6.021 6.012 -7.668 0.288
P571396 6.269 6.278 -8.694 0.312
P571397 5.988 5.681 -3.601 2.284
P571398 6.120 6.242 -8.666 0.431
P571399 6.006 5.974 -6.134 0.337
P571400 6.035 6.093 -3.176 0.726
P571401 5.907 5.986 -6.059 0.267
P571402 5.853 5.858 -7.016 0.683
P571403 5.706 5.834 -3.557 2.611
P571404 6.104 6.111 -7.698 0.405
P571405 5.673 5.593 -3.240 0.318
P571406 6.263 6.274 -8.454 0.217
P571407 6.231 6.180 -3.737 0.408
P571408 5.702 5.810 -1.266 0.669
P571409 6.180 6.176 -8.015 0.546
P571410 6.276 6.068 -5.725 0.599
P571411 6.077 6.181 -8.892 0.627
P571412 6.094 6.072 -0.831 0.744
P571413 6.165 6.185 -7.244 0.334
P571414 5.874 5.813 -3.327 0.480
P571415 6.223 5.997 -3.904 2.043
P571416 6.214 6.189 -6.109 0.358
P571417 6.014 6.037 -6.905 0.365
P571418 6.215 6.211 -6.583 0.282
P571419 6.111 6.110 -2.248 0.461
P571420 6.135 6.114 -6.487 0.390
P571421 6.390 6.361 -5.643 0.212
P571422 6.104 6.105 -6.571 0.186
P571423 5.936 5.881 -3.910 0.722
P571424 6.152 6.197 -8.512 0.237
P571425 6.112 6.095 -2.699 0.536
P571426 5.933 6.032 -8.035 0.493
P571427 6.282 6.275 -5.643 0.276
P571428 5.977 6.054 -8.898 0.641
P571429 5.967 5.969 -6.123 0.468
P571430 5.585 5.514 -7.795 1.144
P571431 5.750 5.726 -3.118 0.518
P571432 6.127 6.165 -8.293 0.393
P571433 6.194 6.134 -5.746 0.437
P571434 6.341 6.314 -5.959 0.234
P571436 6.005 6.101 -7.512 0.375
P571437 5.940 5.980 -8.591 0.554
P571438 6.047 6.046 -6.427 0.283
P571439 5.935 6.048 -7.909 0.567
P571440 6.128 6.090 -3.632 0.361
P571441 6.219 6.136 -2.618 0.245
P571442 5.916 5.887 -3.688 0.564
P571443 6.091 6.085 -4.712 0.227
P571444 5.968 5.952 -6.870 0.455
P571446 5.568 5.561 -2.928 0.281
P571447 5.911 5.893 -2.926 0.246
P571448 6.038 6.006 -6.262 0.335
P571449 6.057 6.040 -5.208 0.322
P571450 5.775 5.818 -0.970 0.514
P571451 5.906 5.947 -7.236 0.543
P571452 5.978 6.000 -7.519 0.403
P571453 5.800 5.814 -5.049 0.276
P571454 5.986 5.956 -5.306 0.311
P571455 5.936 5.930 -4.896 0.313
P571456 5.934 5.973 -5.880 0.319
P571457 5.571 5.520 -5.036 1.822
P571459 5.953 5.930 -0.328 0.516
P571460 5.767 5.714 -4.856 0.962
P571461 5.906 5.862 -7.330 0.250
P571462 5.817 5.806 -7.856 0.313
P571463 5.953 5.992 -7.703 0.260
P571464 5.726 5.699 -2.637 0.255
P571465 6.180 6.139 -3.847 0.372
P571466 5.720 5.673 -3.791 0.270
P571467 5.994 5.982 -7.575 0.597
P571468 6.077 6.126 -8.538 0.309
P571469 5.818 5.823 -7.682 0.236
P571471 5.759 5.855 -5.907 0.399
P571472 5.748 5.920 -4.000 0.768
P571473 5.926 5.951 -7.450 0.261
P571474 5.976 5.976 -6.920 0.280
P571475 5.896 5.858 -0.227 0.769
P571476 5.837 5.815 -7.726 0.691
P571477 5.794 5.732 -7.675 0.534
P571478 5.964 5.815 -2.917 0.464
P571479 5.734 5.612 -5.201 0.550
P571480 5.932 5.760 -4.259 0.605
P571481 5.760 5.712 -4.829 0.349
P571482 5.861 5.802 -7.562 0.364
P571483 5.776 5.725 -7.570 0.360
P571484 5.904 5.813 -5.074 0.377
P571485 6.012 5.800 -4.962 0.651
P571486 5.723 5.677 -6.390 0.373
P571487 5.878 5.823 -7.954 0.393
P571488 5.861 5.840 -5.270 0.665
P571489 5.768 5.744 -5.848 0.501
P571490 5.734 5.703 -7.511 0.465
P571491 5.723 5.584 -7.445 0.662
P571492 5.883 5.722 -4.397 0.484
P571493 5.747 5.741 -6.694 0.260
P571494 5.788 5.752 -5.576 0.366
P571495 6.011 5.740 -4.425 0.737
P571496 6.003 5.971 -6.122 0.360
P571497 5.898 5.787 -7.874 0.517
P571498 5.851 5.808 -7.739 0.368
P571499 5.726 5.653 -6.300 0.424
P571500 5.794 5.738 -5.223 0.576
P571501 5.927 5.814 -4.404 0.259
P571502 5.769 5.711 -7.548 0.690
P571503 5.723 5.646 -7.833 0.435
P571504 5.645 5.595 -2.876 0.439
P571505 5.904 5.791 -2.937 0.481
P571506 6.236 6.209 -8.211 0.342
P571508 6.453 6.425 -5.982 0.214
P571509 5.765 5.590 -3.833 0.601
P571510 6.105 6.070 -6.414 0.398
P571511 6.190 6.277 -8.442 0.568
P571512 6.346 6.278 -5.372 0.585
P571513 5.776 5.617 -4.412 0.362
P571514 5.723 5.666 -7.763 0.388
P571515 5.935 5.665 -5.192 0.717
P571516 6.154 6.083 -3.390 1.096
P571517 5.907 5.777 -3.150 0.521
P571518 6.201 6.137 -5.691 0.321
P571519 6.149 6.169 -8.814 0.675
P571520 6.151 6.136 -8.251 0.523
P571521 5.781 4.962 -6.289 3.380
P571522 6.108 6.081 -6.064 0.272
P571524 5.678 5.657 -3.017 0.471
P571525 6.110 5.989 -6.689 0.594
P571526 5.559 5.508 -2.758 0.395
P571527 6.071 6.015 -7.514 0.436
P571528 5.920 5.239 -6.365 1.582
P571529 5.892 5.902 -8.106 0.395
P571530 6.085 6.012 -6.243 0.530
P571531 5.979 5.940 -6.473 0.406
P571533 5.933 5.911 -6.125 0.349
P571534 6.143 6.095 -4.335 0.461
P571535 6.184 6.186 -5.744 0.439
P571536 6.196 6.105 -5.965 0.425
P571537 6.169 6.127 -4.564 0.586
P571538 6.187 6.188 -7.628 0.406
P571540 6.133 5.992 -5.676 0.584
P571541 6.029 5.816 -4.194 0.615
P571542 5.893 5.864 -6.724 0.320
P571543 6.006 6.026 -7.146 0.348
P571544 6.207 6.052 -5.502 0.622
P571545 6.042 5.971 -5.017 0.319
P571546 5.932 5.986 -6.605 0.444
P571547 6.040 6.093 -8.400 0.422
P571549 6.080 6.078 -8.518 0.313
P571550 6.097 6.086 -6.827 0.585
P571551 5.943 5.991 -8.509 0.412
P571552 6.035 6.031 -6.537 0.524
P571553 6.184 6.207 -7.566 0.388
P571554 6.292 6.229 -5.751 0.244
P571555 6.176 6.134 -7.526 0.365
P571556 6.110 5.953 -5.648 0.545
P571557 5.993 6.016 -8.125 0.464
P571558 6.183 6.057 -5.771 0.848
P571559 5.943 6.006 -1.626 0.527
P571560 5.850 5.698 -4.935 1.473
P571561 6.071 6.116 0.647 0.760
P571563 5.908 5.907 0.960 0.286
P571564 5.922 5.973 1.090 0.221
P571565 5.964 5.984 1.577 0.325
P571566 5.942 5.902 0.535 0.433
P571567 5.905 5.922 -2.045 0.962
P571569 5.556 5.708 -1.166 1.200
P571570 5.881 5.597 0.892 0.818
P571571 5.913 5.969 -6.855 0.326
P571572 5.797 5.537 -3.705 0.861
P571573 5.875 5.878 -6.633 0.531
P571574 5.926 5.735 -3.610 0.648
P571575 5.920 5.909 -0.844 0.220
P571576 6.453 6.378 -3.814 0.705
P571577 5.733 5.746 -3.957 0.195
P571578 5.950 5.983 -4.415 0.440
P571579 6.114 6.080 -1.456 0.487
P571580 5.989 6.094 -7.489 0.659
P571581 6.053 6.003 -4.286 0.321
P571582 6.015 5.995 -4.809 0.316
P571583 5.935 5.997 2.434 0.177
P571584 5.943 6.021 -6.416 0.303
P571585 6.260 6.271 -5.022 0.317
P571586 6.005 6.051 -7.159 0.471
P571587 6.023 6.077 -4.768 0.322
P571588 6.000 5.978 -7.753 0.387
P571589 6.005 6.012 -6.021 0.292
P571591 6.059 5.983 -5.581 0.335
P571592 5.941 5.880 -7.472 0.258
P571593 5.714 5.684 -0.567 0.294
P571594 6.213 6.223 -4.213 0.238
P571595 6.053 5.803 -5.404 0.706
P571596 5.816 5.781 -8.208 0.710
P571597 5.954 5.937 -7.655 0.382
P571598 5.799 5.800 -7.471 0.477
P571599 5.997 5.955 -8.134 0.234
P571601 5.907 5.887 -7.076 0.326
P571602 6.102 6.085 -1.265 0.290
P571603 5.735 5.680 -5.173 0.200
P571604 5.878 5.890 -4.833 0.490
P571605 6.136 6.087 -7.828 0.325
P571606 6.057 6.045 -5.153 0.332
P571607 5.853 5.863 -5.907 0.247
P571608 5.940 5.814 -1.040 0.373
P571609 6.118 6.124 -7.753 0.469
P571610 6.190 6.114 -7.787 0.247
P571611 6.080 6.008 -4.324 0.833
P571612 6.030 6.053 -5.262 0.404
P571614 6.049 6.031 -5.617 0.216
P571615 5.625 5.634 -2.528 0.286
P571616 6.065 5.994 -6.316 0.510
P571617 5.585 5.491 -2.464 0.266
P571618 5.952 5.926 -7.260 0.201
P571619 5.878 5.857 -7.521 0.283
P571620 6.088 6.120 -6.360 0.362
P571621 5.962 5.964 -3.172 0.223
P571622 6.089 6.127 -8.048 0.435
P571624 6.052 6.018 -7.991 0.262
P571625 5.888 5.824 -6.253 0.191
P571626 6.064 6.034 -0.507 0.306
P571627 6.114 6.095 -3.369 0.311
P571629 6.146 6.154 -7.300 0.697
P571630 6.293 6.298 -4.728 0.292
P571631 6.051 6.051 -6.216 0.255
P571632 6.038 5.970 -6.590 0.253
P571633 6.021 6.012 -5.232 0.279
P571634 5.987 5.995 -6.605 0.216
P571635 5.934 5.897 -7.393 0.263
P571636 6.072 6.048 -6.190 0.310
P571637 6.186 6.185 -3.259 0.301
P571638 6.014 5.940 -7.738 0.576
P571640 5.816 5.726 -7.737 0.624
P571641 5.744 5.710 -4.532 0.571
P571642 5.936 5.897 -7.234 0.489
P571643 5.921 5.753 -3.161 1.297
P571644 6.068 6.015 -5.489 0.312
P571645 6.068 6.029 -3.319 0.731
P571646 6.061 6.009 -7.698 0.656
P571647 6.060 5.993 -2.301 0.268
P571648 5.971 5.940 -5.169 0.617
P571649 5.783 5.673 -4.388 0.321
P571650 6.229 6.129 -2.055 0.692
P571651 5.988 5.954 -1.493 0.375
P571652 5.962 5.963 -8.335 0.485
P571653 6.125 6.059 -4.859 0.359
P571654 6.186 6.133 -4.767 0.318
P571655 5.948 5.916 -7.677 0.688
P571656 6.313 6.139 -4.514 0.643
P571657 6.180 6.153 -7.556 0.303
P571658 5.908 5.511 -3.666 1.813
P571659 5.908 5.937 -8.021 0.386
P571660 5.724 5.727 -5.521 0.357
P571661 5.886 5.830 -7.900 0.558
P571662 5.831 5.829 -7.674 0.600
P571663 5.872 5.885 -7.664 0.256
P571664 5.757 5.646 -6.416 0.483
P571665 5.972 5.726 -6.003 0.732
P571666 5.789 5.716 -4.647 0.574
P571667 5.793 5.749 -6.532 0.564
P571668 5.862 5.859 -5.120 0.340
P571669 5.880 5.814 -6.603 0.364
P571670 5.784 5.753 -6.402 0.354
P571671 5.896 5.717 -7.270 0.641
P571672 6.101 5.906 -6.451 0.823
P571673 5.916 5.887 -6.416 0.619
P571674 5.746 5.671 -6.288 0.653
P571675 5.923 5.878 -3.255 0.739
P571676 6.040 5.905 -5.510 0.456
P571677 5.900 5.844 -7.878 0.367
P571678 6.157 6.007 -6.726 0.659
P571679 6.074 5.975 -4.950 0.394
P571680 5.633 5.625 -6.382 0.310
P571681 5.880 5.808 -5.594 0.388
P571682 5.926 5.865 -7.849 0.391
P571683 5.694 5.532 -3.918 0.496
P571685 5.899 5.830 -7.034 0.371
P571686 6.003 5.697 -6.467 1.407
P571687 5.952 5.636 -4.545 1.263
P571688 5.901 5.864 -4.937 0.288
P571689 5.920 5.775 -4.806 0.315
P571690 5.795 5.730 -2.285 0.384
P571691 5.971 5.883 -7.431 0.457
P571692 5.989 5.936 -7.912 0.617
P571693 5.900 5.901 -7.328 0.473
P571694 5.991 5.765 -5.497 0.929
P571695 5.946 5.895 -6.299 0.343
P571696 6.162 5.852 -3.940 1.415
P571697 5.961 6.037 -7.013 0.594
P571698 5.903 5.896 -7.696 0.423
P571699 5.858 5.763 -7.581 0.505
P571700 5.981 5.866 -5.121 0.413
P571701 5.724 5.703 -6.254 0.608
P571702 5.900 5.864 -4.510 0.323
P571704 6.015 6.050 -7.909 0.571
P571705 6.035 6.085 -6.171 0.507
P571706 6.040 6.184 -6.638 0.749
P571707 6.197 6.154 -4.411 0.480
P571708 6.186 6.218 -8.648 0.534
P571709 6.206 6.236 -8.924 0.916
P571710 6.440 6.425 -4.934 0.495
P571711 6.173 6.170 -6.949 0.285
P571712 6.281 6.269 -8.452 0.418
P571713 6.300 6.384 -8.931 0.496
P571714 6.266 6.209 -4.046 0.415
P571715 6.138 6.204 -8.301 0.655
P571716 6.120 6.205 -7.891 0.484
P571717 6.182 6.096 -7.519 0.318
P571718 6.125 6.138 -7.389 0.260
P571719 6.352 6.335 -8.323 0.246
P571720 6.132 6.068 -8.060 1.265
P571721 6.235 6.214 -8.713 0.979
P571722 6.131 6.104 -5.107 0.310
P571723 6.304 6.302 -7.555 0.304
P571724 6.299 6.373 -9.065 0.575
P571725 6.068 6.049 -7.222 0.251
P571726 6.491 6.469 -8.276 0.263
P571727 6.163 6.032 -6.009 0.451
P571728 6.238 6.297 -8.099 0.341
P571729 6.233 6.262 -9.029 0.290
P571730 6.236 6.324 -9.000 0.331
P571732 6.241 6.324 -8.802 0.480
P571733 6.179 6.275 -8.857 0.633
P571735 6.360 6.286 -4.705 0.609
P571736 6.267 6.284 -7.241 0.280
P571738 6.106 6.196 -7.472 0.531
P571739 6.231 6.211 -3.661 0.544
P571740 6.222 6.253 -8.795 0.652
P571741 6.179 6.260 -8.875 0.414
P571742 6.247 6.373 -8.882 0.591
P571743 6.209 6.130 -3.140 0.500
P571744 6.196 6.091 -4.129 0.802
P571745 6.172 6.161 -8.134 0.417
P571747 6.484 6.455 -7.943 0.245
P571748 6.464 6.482 -6.305 0.211
P571749 6.485 6.449 -5.710 0.210
P571750 6.218 6.167 -5.956 0.404
P571751 6.074 6.080 -7.382 0.680
P571752 6.288 6.236 -7.938 0.242
P571754 6.444 6.460 -8.347 0.329
P571755 6.111 6.133 -8.528 0.265
P571756 6.066 6.087 -7.978 0.236
P571757 6.235 6.226 -8.372 0.247
P571758 6.013 6.045 -7.519 0.243
P571759 6.109 6.009 -5.790 0.407
P571760 6.024 6.035 -8.285 0.550
P571762 6.141 6.212 -7.502 0.295
P571763 6.394 6.403 -7.989 0.309
P571764 6.343 6.408 -8.573 0.301
P571765 6.372 6.411 -7.866 0.478
P571766 6.619 6.451 -4.220 0.615
P571768 6.135 6.223 -8.841 0.482
P571769 6.133 6.194 -8.892 0.296
P571771 5.587 5.826 -1.491 1.507
P571772 6.089 6.132 -8.434 0.504
P571773 6.017 6.025 -7.937 0.305
P571775 6.115 6.142 -8.348 0.468
P571776 6.371 6.330 -6.048 0.322
P571777 6.422 6.396 -6.046 0.271
P571778 6.500 5.967 -5.608 1.928
P571779 6.141 6.165 -3.505 0.413
P571780 6.114 6.070 -5.876 0.789
P571781 6.188 6.093 -6.801 0.572
P571782 5.955 6.134 -7.988 0.643
P571783 6.323 6.009 -4.490 0.954
P571784 6.108 6.158 -2.311 0.778
P571785 5.964 5.977 -3.800 0.266
P571786 6.226 6.223 -6.222 0.482
P571787 6.391 6.406 -5.938 0.254
P571789 6.092 6.124 -8.793 0.282
P571790 6.403 6.397 -8.007 0.273
P571791 6.096 6.116 -8.487 0.347
P571792 6.124 6.146 -8.628 0.491
P571793 5.937 5.979 -5.983 0.172
P571794 6.115 6.145 -8.045 0.312
P571795 6.027 6.089 -7.878 0.611
P571796 6.318 6.397 -8.527 0.277
P571797 5.706 5.728 -0.430 1.207
P571798 5.916 5.927 -7.087 0.241
P571799 6.326 6.390 -7.952 0.497
P571800 6.066 6.057 -7.584 0.479
P571802 6.047 6.118 -7.249 0.330
P571803 6.179 6.260 -8.899 0.627
P571804 6.099 6.162 -8.921 0.393
P571805 6.125 6.188 -8.124 0.320
P571806 5.985 5.977 -5.772 0.313
P571807 6.259 6.280 -8.527 0.428
P571808 6.145 6.230 -8.831 0.473
P571809 5.803 5.410 -7.378 1.252
P571810 6.018 6.043 -6.699 0.181
P571811 6.097 6.183 -7.663 0.546
P571812 5.947 5.892 -5.602 0.136
P571813 6.141 6.211 -7.801 0.342
P571814 6.218 6.205 -8.373 0.718
P571815 6.199 6.226 -2.574 0.678
P571816 5.896 5.855 -3.622 0.394
P571817 6.200 6.202 -8.692 0.491
P571818 6.149 6.255 -8.090 0.910
P571819 6.033 6.050 -6.812 0.588
P571820 6.183 6.190 -3.464 0.433
P571821 6.059 6.125 -8.000 0.381
P571823 6.099 6.093 -7.114 0.417
P571824 6.258 6.290 -6.347 0.273
P571825 6.464 6.248 -7.417 0.714
P571826 6.383 6.337 -8.031 0.316
P571827 6.125 5.998 -4.749 0.362
P571828 6.004 5.925 -5.209 0.296
P571829 6.326 6.206 -7.474 0.528
P571830 5.967 5.980 -8.162 0.368
P571831 6.108 6.107 -8.454 0.675
P571832 6.238 6.303 -8.849 0.436
P571833 6.213 6.225 -7.294 0.527
P571834 6.019 6.071 -7.765 1.097
P571835 6.144 6.132 -8.708 0.968
P571836 6.055 6.012 -7.553 0.479
P571837 5.971 5.994 -8.030 0.486
P571838 5.956 6.017 -7.941 0.336
P571840 6.103 6.107 -8.818 0.340
P571841 6.323 6.115 -6.196 0.848
P571842 6.290 6.269 -8.224 0.262
P571843 5.836 5.766 -7.663 0.516
P571844 5.957 5.927 -7.787 0.822
P571845 5.565 5.490 -2.978 0.401
P571846 6.048 5.962 -6.820 0.412
P571847 5.688 5.585 -3.087 0.557
P571848 6.032 5.990 -6.144 0.331
P571850 5.829 5.827 -6.618 0.410
P571852 6.198 6.056 -7.307 0.451
P571853 6.060 6.045 -8.264 0.508
P571854 6.392 6.388 -5.364 0.221
P571855 5.973 5.952 -5.426 0.219
P571856 6.099 6.162 -7.289 0.545
P571857 6.165 6.096 -3.860 0.298
P571858 6.081 5.968 -6.176 0.217
P571859 6.152 6.169 -7.249 0.539
P571860 5.942 6.022 -1.825 0.487
P571861 5.875 5.721 1.858 0.860
P571863 6.155 5.885 1.664 0.666
P571864 5.830 5.992 -0.733 1.050
P571866 5.883 5.980 0.597 0.696
P571867 6.187 6.137 -2.971 0.366
P571868 6.377 6.373 -3.956 0.203
P571869 6.190 6.147 -6.129 0.366
P571870 5.934 5.971 -6.694 0.285
P571871 6.139 6.027 -6.222 0.330
P571872 6.047 6.018 -3.243 1.414
P571873 6.227 6.219 -7.855 0.194
P571874 6.257 6.229 -8.088 0.225
P571875 6.059 6.045 -7.517 0.639
P571876 6.183 6.093 -4.769 0.315
P571877 5.965 5.999 -1.922 0.447
P571879 6.109 6.137 4.866 0.300
P571880 6.080 6.021 -6.896 0.304
P571881 6.059 6.115 -8.968 1.131
P571882 6.230 6.145 -5.712 0.454
P571883 6.061 6.039 -8.586 0.674
P571884 6.132 6.226 -7.992 0.361
P571885 6.230 6.221 -8.500 0.584
P571886 6.038 6.122 -7.406 0.746
P571887 6.066 6.049 -8.528 0.298
P571889 6.297 6.338 -8.994 0.409
P571890 6.279 6.269 -8.954 0.660
P571891 6.222 6.265 -8.012 0.683
P571893 6.255 6.224 -4.660 0.341
P571894 6.256 6.323 -6.805 0.487
P571895 6.389 6.313 -6.545 0.404
P571896 5.908 5.844 -7.825 0.487
P571897 6.093 6.076 -8.006 0.477
P571898 6.207 6.210 -7.080 0.211
P571899 6.244 6.307 -5.759 0.394
P571900 6.173 5.438 -4.839 1.405
P571901 5.956 5.977 -2.847 1.580
P571902 6.015 6.148 -0.118 0.562
P571903 5.733 5.756 -3.021 1.907
P571904 6.012 5.780 -5.777 0.958
P571905 5.853 5.722 -7.099 1.075
P571906 5.924 5.393 -7.479 2.310
P571907 5.696 5.718 2.087 0.437
P571909 6.128 6.179 1.917 0.338
P571910 5.759 5.631 -3.947 1.329
P571911 5.694 5.858 -1.916 1.501
P571912 6.072 6.115 -8.200 0.564
P571913 6.237 6.261 -9.448 0.724
P571914 5.561 5.500 -7.378 0.476
P571915 6.265 6.152 -2.729 0.639
P571916 6.488 6.546 -7.628 0.407
P571917 5.893 5.933 -1.033 0.538
P571918 5.992 6.060 1.560 0.364
P571920 6.067 6.100 -8.210 0.520
P571921 5.503 4.903 -5.856 2.240
P571922 5.508 4.900 -6.213 2.061
P571923 6.199 6.195 -8.811 0.317
P571924 6.459 6.492 -8.406 0.594
P571925 6.214 6.222 -8.370 0.672
P571926 6.265 6.349 -6.695 0.505
P571927 6.077 5.943 -7.151 0.829
P571928 5.918 5.848 -5.821 0.571
P571929 6.162 6.185 -8.427 0.413
P571930 6.197 6.161 -8.864 0.961
P571931 6.183 6.179 -8.404 0.504
P571932 6.007 6.012 -7.953 0.293
P571933 6.200 6.190 -8.833 0.918
P571934 6.231 6.245 -9.199 0.255
P571938 6.146 6.144 -7.264 0.255
P571940 5.980 6.004 -7.538 0.376
P571941 6.314 6.268 -1.702 0.386
P571942 6.220 6.223 -8.369 0.285
P571943 6.207 6.226 -5.201 0.358
P571944 6.248 6.279 -9.020 0.961
P571945 6.200 6.174 -4.285 0.447
P571946 6.178 6.180 -7.478 0.526
P571947 6.251 6.272 -8.908 0.359
P571948 6.460 6.548 -8.496 0.267
P571949 6.366 6.342 -5.572 0.317
P571950 6.238 5.934 -6.255 0.771
P571951 6.167 6.072 -1.821 0.359
P571953 6.251 6.291 -8.630 0.330
P571954 6.391 6.340 -6.162 0.292
P571955 6.171 6.180 -8.444 0.807
P571956 6.222 6.201 -8.870 0.575
P571958 6.294 6.261 -7.644 0.414
P571959 5.864 5.756 -6.585 0.357
P571960 5.827 5.357 -6.301 2.069
P571961 5.730 5.665 -4.836 0.395
P571962 6.037 6.090 -7.440 0.632
P571963 6.013 5.986 -5.516 0.456
P571964 6.031 5.952 -6.074 0.617
P571965 5.994 5.970 -8.044 0.369
P571966 6.044 5.944 -5.680 0.568
P571967 6.085 5.993 -7.558 0.661
P571968 6.332 6.219 -5.756 0.441
P571969 6.137 6.078 -4.135 0.365
P571970 5.944 5.850 -4.819 0.799
P571971 6.029 5.997 -2.339 0.231
P571972 5.997 5.983 -7.536 0.693
P571973 6.091 5.925 -5.550 0.730
P571974 6.032 5.939 -4.820 0.304
P571975 6.066 5.947 -5.427 0.452
P571976 5.873 5.794 -6.485 0.529
P571977 5.980 5.973 -7.034 0.323
P571978 5.977 5.834 -3.417 0.914
P571979 6.166 6.061 -8.010 0.426
P571981 5.934 5.936 -8.058 0.414
P571982 6.123 6.032 -5.582 0.433
P571984 6.052 6.023 -8.413 0.372
P571985 6.025 6.053 -8.316 0.453
P571986 6.006 5.934 -6.560 0.502
P571987 6.035 6.011 -4.671 0.538
P571988 6.193 6.112 -7.639 0.531
P571989 6.057 5.935 -5.797 0.526
P571990 5.781 5.717 -6.070 0.711
P571991 6.092 6.058 -8.117 0.503
P571992 6.083 5.963 -4.140 0.645
P571993 5.974 5.892 -7.106 0.372
P571994 6.168 6.113 -4.614 0.628
P571995 5.967 5.894 -7.283 0.337
P571996 6.077 6.003 -6.594 0.531
P571997 5.993 5.885 -3.901 0.649
P571998 5.778 5.336 -2.995 2.294
P571999 5.933 5.891 -8.519 0.572
P572001 6.276 6.130 -4.515 0.581
P572002 5.951 5.949 -7.401 0.364
P572003 5.887 5.874 -7.684 0.330
P572004 6.000 6.089 -3.164 0.596
P572005 6.259 6.264 -4.870 0.421
P572006 6.067 6.010 -7.295 0.542
P572007 6.053 6.022 -5.098 0.431
P572008 6.333 6.353 -7.108 0.334
P572009 5.965 6.028 -7.466 0.816
P572013 6.239 6.197 -7.255 0.251
P572014 6.359 6.352 -9.057 0.604
P572015 6.282 6.243 -8.838 0.462
P572016 6.132 6.103 -8.237 0.546
P572017 6.287 6.352 -8.927 0.451
P572018 6.233 6.322 -8.503 0.658
P572019 6.309 6.380 -8.292 0.396
P572020 6.616 6.571 -8.021 0.346
P572021 6.353 6.387 -6.645 0.379
P572022 5.976 6.065 -6.763 1.073
P572023 6.061 6.054 -7.409 0.505
P572024 6.130 6.173 -7.604 0.290
P572025 6.325 6.398 -6.591 0.535
P572026 6.474 6.430 -6.065 0.401
P572027 6.335 6.425 -7.897 0.293
P572028 6.218 6.216 -5.022 0.673
P572029 6.100 6.117 -8.131 0.646
P572030 6.336 6.341 -8.488 0.305
P572031 6.023 6.111 2.547 0.539
P572032 5.618 5.700 -1.986 1.634
P572033 6.192 6.146 -3.556 0.568
P572034 6.298 6.229 -5.624 0.613
P572036 6.187 6.218 -9.022 0.305
P572037 6.088 5.994 -6.525 0.491
P572039 6.128 6.086 -8.369 0.576
P572040 6.040 6.015 -8.361 0.303
P572042 6.265 6.258 -2.084 0.439
P572043 6.249 6.224 -6.093 0.417
P572044 6.078 6.002 -4.149 0.528
P572045 6.095 6.065 -6.643 0.319
P572047 6.088 6.115 -7.984 0.554
P572048 6.473 6.315 -5.245 0.496
P572049 6.227 5.978 -4.084 1.244
P572050 6.141 6.138 -4.450 0.446
P572051 5.714 5.591 -5.223 2.912
P572052 6.584 6.374 -6.328 0.865
P572053 6.213 6.127 -2.788 0.486
P572054 6.223 6.145 -7.415 0.319
P572055 6.108 6.082 -8.014 0.354
P572056 5.915 5.910 -5.678 0.348
P572057 6.227 6.129 -5.415 0.364
P572058 6.092 6.187 -8.778 0.445
P572060 5.904 5.835 -5.837 0.624
P572062 5.955 5.928 -7.766 0.303
P572063 6.227 6.212 -8.730 0.334
P572064 6.080 6.172 -8.873 0.438
P572065 5.999 5.947 -6.511 0.471
P572066 5.972 5.913 -7.048 0.433
P572067 6.240 6.190 -6.526 0.393
P572068 6.150 6.054 -4.674 0.441
P572069 5.937 6.001 -6.495 0.368
P572071 6.157 6.126 -8.352 0.364
P572072 6.145 5.937 0.623 0.728
P572073 6.118 6.046 -4.227 0.613
P572074 5.851 5.771 -3.534 0.533
P572075 5.959 5.986 -8.308 0.541
P572076 6.311 6.310 -7.291 0.595
P572077 6.169 6.110 -4.055 0.387
P572078 5.701 5.743 -2.024 0.797
P572079 6.130 6.019 -7.960 0.373
P572080 6.049 6.053 -8.696 0.315
P572081 5.882 5.793 -3.158 0.501
P572082 6.125 6.136 -7.449 0.293
P572084 6.437 6.401 -6.143 0.239
P572085 6.083 6.031 -6.632 0.398
P572086 6.300 6.300 -8.932 0.327
P572087 6.206 6.213 -2.907 0.408
P572088 6.219 6.171 -6.102 0.335
P572089 6.218 6.124 -6.407 0.580
P572090 6.051 5.246 -6.087 2.991
P572091 6.100 5.481 -5.503 2.552
P572092 6.368 6.328 -6.340 0.381
P572093 6.183 6.063 -2.818 0.516
P572094 6.116 6.041 -6.542 0.480
P572095 6.045 6.112 -8.964 0.573
P572096 6.360 6.337 -6.165 0.334
P572097 6.089 6.078 -7.814 0.419
P572099 6.149 6.121 -7.188 0.290
P572101 6.156 6.173 -5.928 0.598
P572103 6.290 6.318 -9.332 0.271
P572104 6.074 6.053 -4.794 0.356
P572105 6.235 6.261 -7.262 0.525
P572106 6.442 6.433 -7.396 0.283
P572107 6.430 6.414 -7.401 0.285
P572108 6.063 6.161 -8.551 0.539
P572109 5.976 5.996 -7.000 0.440
P572111 6.095 5.996 -6.685 0.775
P572113 6.246 6.234 -7.572 0.226
P572114 6.395 6.401 -9.054 0.537
P572115 6.076 6.120 -8.884 0.736
P572117 6.224 6.175 -7.140 0.379
P572118 6.211 6.271 -7.481 0.429
P572119 6.349 6.345 -8.639 0.334
P572120 6.121 6.141 -8.515 0.986
P572121 6.353 6.351 -8.694 0.292
P572122 6.150 6.210 -8.740 1.255
P572123 6.276 6.267 -5.706 0.223
P572124 6.290 6.294 -8.574 0.942
P572125 6.345 6.428 -8.597 0.384
P572127 6.313 6.311 -8.576 0.317
P572128 6.335 6.326 -7.666 0.447
P572129 6.309 6.322 -4.527 0.407
P572130 6.211 6.200 -8.033 0.559
P572131 6.572 6.578 -8.534 0.331
P572132 6.476 6.382 -6.350 0.526
P572133 6.323 6.318 -8.691 0.334
P572134 6.108 6.213 -8.571 1.153
P572135 6.203 6.261 -8.143 1.143
P572136 6.365 6.381 -6.642 0.354
P572137 5.952 5.923 -6.113 0.350
P572138 6.245 6.260 -7.504 0.573
P572139 6.286 6.299 -8.674 0.447
P572140 6.608 6.597 -8.361 0.301
P572141 6.450 6.428 -5.709 0.197
P572142 6.326 6.301 -8.822 0.904
P572143 6.538 6.569 -8.358 0.627
P572144 6.277 6.240 -9.055 0.374
P572145 6.264 6.245 -5.941 0.333
P572146 6.358 6.367 -9.555 0.372
P572147 6.308 6.294 -8.870 0.792
P572148 5.931 5.876 -8.102 0.537
P572150 6.361 6.291 -8.988 0.403
P572151 6.482 6.394 -6.506 0.406
P572152 6.190 6.179 -7.453 0.249
P572153 6.304 6.301 -5.238 0.259
P572154 5.661 5.855 -3.639 2.230
P572155 6.503 6.436 -6.227 0.325
P572156 6.075 6.078 -2.647 0.285
P572157 6.337 6.316 -0.659 0.466
P572158 6.285 6.263 -3.487 0.399
P572160 6.073 6.022 -7.792 0.581
P572161 5.909 5.953 -6.141 0.300
P572162 6.286 6.314 -4.621 0.509
P572163 6.145 6.160 -6.437 0.564
P572164 5.929 5.860 -6.928 0.564
P572165 5.952 5.936 -5.388 0.283
P572166 5.956 5.982 -3.849 0.387
P572167 5.704 5.731 -2.811 0.309
P572168 6.043 6.077 -7.927 0.313
P572169 6.082 6.141 -7.562 0.333
P572171 6.060 6.085 -6.499 0.338
P572172 5.989 6.132 -4.251 1.132
P572173 6.175 6.268 -1.684 0.465
P572174 6.015 5.986 -7.863 0.261
P572176 6.103 6.118 -7.732 0.292
P572178 6.103 5.959 -6.205 0.512
P572180 6.106 6.012 -7.014 0.322
P572181 5.509 5.341 -4.237 0.415
P572183 6.049 6.066 -6.785 1.505
P572184 6.116 6.141 2.496 0.297
P572185 6.175 6.249 -0.949 0.779
P572186 6.055 6.211 0.829 0.761
P572189 6.094 6.191 -1.302 0.974
P572190 6.093 5.889 0.085 1.332
P572191 5.834 5.924 -3.541 1.748
P572192 5.966 5.816 -5.608 1.470
P572193 5.844 5.838 -3.305 1.785
P572195 6.074 6.032 0.113 1.593
P572196 5.961 5.956 -0.720 0.537
P572197 6.081 6.041 -0.865 0.372
P572199 6.111 5.963 -5.931 1.476
P572200 6.086 5.984 -2.519 0.449
P572202 5.896 5.769 0.781 1.432
P572204 5.789 5.119 -5.506 2.170
P572205 6.078 5.910 -3.337 1.883
P572206 5.884 5.598 -2.750 1.752
P572208 5.966 5.950 -0.260 1.163
P572209 6.175 6.068 -2.608 0.544
P572211 5.982 5.976 -0.056 0.406
P572212 6.134 5.938 -5.440 1.471
P572213 5.801 5.786 2.358 0.306
P572214 5.811 5.424 -4.235 2.289
P572215 6.098 5.880 -1.612 0.670
P572216 6.031 5.974 -2.431 0.396
P572217 5.850 5.708 -2.132 0.923
P572218 6.012 5.862 -6.093 1.141
P572219 5.931 5.975 -3.634 1.711
P572220 6.253 6.185 0.343 0.618
P572221 6.098 6.153 -1.380 0.485
P572225 6.035 6.009 -2.301 0.642
P572227 5.941 5.535 -4.963 2.887
P572229 5.938 5.880 -3.778 1.789
P572230 5.980 5.815 -3.079 0.547
P572231 5.990 6.007 3.539 0.334
P572234 5.977 6.020 1.412 0.488
P572235 6.489 6.057 -4.904 1.394
P572236 6.383 6.330 -6.814 0.283
P572237 6.350 6.416 -8.050 0.356
P572239 5.984 5.901 -6.450 0.486
P572240 6.080 6.071 -8.119 0.742
P572241 6.215 6.064 -5.605 0.700
P572242 6.012 6.065 -8.634 0.383
P572243 6.184 6.181 -8.014 0.510
P572244 6.332 6.308 -8.100 0.552
P572245 6.294 6.333 -8.540 0.817
P572246 5.774 5.707 0.671 0.401
P572247 6.391 6.400 -8.705 0.587
P572248 6.140 6.138 -4.906 0.273
P572249 6.364 6.303 -4.050 0.349
P572250 6.260 6.291 -7.931 0.540
P572251 6.231 6.284 -9.107 0.724
P572252 6.217 6.291 -8.848 0.534
P572253 6.259 6.227 -6.040 0.440
P572254 6.393 6.421 -5.767 0.515
P572255 6.308 6.334 -8.490 0.423
P572256 6.323 6.349 -8.575 0.392
P572257 6.452 6.411 -6.122 0.377
P572258 6.023 6.026 -5.888 0.630
P572259 6.256 6.293 -8.204 0.398
P572260 6.264 6.401 -8.796 0.581
P572261 6.091 6.149 -8.337 0.513
P572262 6.143 6.215 -8.597 0.508
P572263 6.277 6.182 -2.645 0.721
P572264 6.041 6.000 0.522 0.562
P572265 6.264 6.114 0.988 0.734
P572266 6.040 5.987 -4.791 0.351
P572267 6.275 6.188 -7.651 0.353
P572268 6.240 6.347 -8.794 0.578
P572269 6.013 6.070 -7.237 0.469
P572270 5.839 5.824 -0.708 1.184
P572271 6.473 6.446 -8.332 0.236
P572272 6.158 6.080 -8.294 1.304
P572273 6.211 6.175 -8.416 0.751
P572274 5.998 6.016 -5.427 0.298
P572275 6.275 6.173 -4.645 0.580
P572276 5.876 5.753 -6.203 0.569
P572277 6.184 6.172 -3.475 0.493
P572278 6.495 6.453 -4.769 0.422
P572279 6.226 6.219 -5.547 0.302
P572280 6.275 6.311 -7.982 0.558
P572281 6.562 6.588 -8.582 0.581
P572282 6.280 6.334 -8.544 0.925
P572283 6.594 6.537 -6.174 0.442
P572284 6.437 6.447 -2.979 0.499
P572285 6.491 6.497 -7.777 0.304
P572286 6.438 6.413 -4.996 0.399
P572287 6.392 6.343 -4.018 0.415
P572288 6.156 6.119 -7.945 0.249
P572289 5.793 5.760 -3.682 0.469
P572290 6.136 6.102 -7.914 0.888
P572291 6.009 6.076 -7.615 0.560
P572293 6.264 6.359 -8.194 0.490
P572294 6.013 6.016 -7.319 0.549
P572295 6.193 6.124 -8.134 0.497
P572296 6.148 6.145 -7.597 0.636
P572297 6.564 6.470 -5.349 0.428
P572298 6.354 6.403 -4.020 0.309
P572299 6.386 6.402 -9.190 0.268
P572300 6.517 6.478 -7.329 0.259
P572301 6.526 6.451 -9.319 0.522
P572302 5.837 5.700 -7.494 0.922
P572303 6.493 6.499 -5.172 0.430
P572304 6.663 6.275 -4.978 1.074
P572305 6.190 6.236 -8.250 1.195
P572306 6.291 6.254 -6.827 0.558
P572307 6.202 6.219 -7.720 0.726
P572308 6.441 6.432 -9.043 0.664
P572310 6.087 6.090 -8.194 0.509
P572311 6.494 6.509 -9.110 0.254
P572312 6.285 6.239 -8.590 0.453
P572313 6.224 6.264 -9.203 1.262
P572314 6.608 6.592 -9.041 0.419
P572315 6.325 6.304 -8.241 0.458
P572316 6.201 6.242 -8.106 0.629
P572317 5.903 5.400 -4.404 1.544
P572318 6.102 6.081 -7.537 0.446
P572319 6.244 6.278 -8.463 0.569
P572320 6.418 6.456 -8.245 0.431
P572321 5.819 5.894 -0.557 1.255
P572322 6.057 6.153 -7.755 0.483
P572325 6.215 6.225 -8.958 0.345
P572326 6.490 6.469 -5.567 0.349
P572327 6.336 6.239 -6.057 0.447
P572328 5.993 5.976 -5.522 0.547
P572329 6.090 5.984 -0.096 0.851
P572330 6.153 6.245 -8.026 0.526
P572331 6.007 6.076 -7.058 0.784
P572332 5.904 6.016 -6.266 0.730
P572333 6.423 5.856 -4.135 1.160
P572334 6.495 6.476 -8.121 0.308
P572335 6.479 6.400 -6.258 0.382
P572336 6.423 6.352 -6.247 0.449
P572337 6.283 6.275 -9.081 0.495
P572338 6.569 6.485 -4.884 0.417
P572339 6.050 6.052 -7.993 0.359
P572341 6.166 6.236 -8.528 0.510
P572342 6.167 6.114 -8.015 0.337
P572344 6.184 6.290 -8.862 0.498
P572345 6.106 6.136 -7.498 0.552
P572346 6.105 6.195 -7.734 0.294
P572347 6.220 6.261 -9.196 0.653
P572349 6.034 6.002 -7.754 0.364
P572350 6.311 6.438 -8.817 0.534
P572351 6.004 5.987 -7.523 0.299
P572352 6.213 6.242 -8.763 0.936
P572353 6.249 6.128 -0.179 0.768
P572354 6.201 6.269 -7.628 0.596
P572355 5.974 5.879 -4.142 0.279
P572356 6.072 6.178 -7.163 0.476
P572357 6.108 6.151 -8.061 0.468
P572358 6.129 6.152 -8.612 0.590
P572359 5.975 6.081 -7.713 0.592
P572360 6.065 6.080 -4.048 0.514
P572361 5.810 5.869 2.940 0.584
P572362 5.790 5.645 -2.913 0.821
P572363 6.015 5.975 -7.032 0.445
P572365 5.981 5.948 -8.562 0.616
P572366 6.178 6.025 -5.892 0.538
P572367 5.949 5.975 -8.264 0.731
P572368 5.943 5.571 -2.350 1.911
P572369 6.205 6.071 -6.275 0.629
P572370 6.439 6.340 -6.150 0.424
P572371 6.192 6.280 -8.199 0.543
P572372 6.072 5.754 -6.666 0.850
P572373 6.107 6.084 -4.325 0.568
P572374 6.156 6.063 -5.941 0.486
P572375 6.133 6.101 -7.225 0.449
P572376 5.772 5.681 -2.705 0.782
P572377 6.191 6.001 -6.331 0.717
P572378 6.136 6.116 -5.984 0.328
P572379 6.030 6.079 -6.939 0.254
P572380 6.023 5.751 -3.754 1.229
P572381 6.208 6.147 -7.705 0.387
P572382 5.747 5.684 -7.259 0.577
P572383 6.177 6.157 -3.189 0.383
P572384 5.933 5.919 -7.751 0.737
P572385 6.282 6.294 -2.994 0.255
P572386 6.308 6.211 -5.867 0.427
P572387 6.022 6.039 -8.756 0.627
P572388 6.022 6.019 -6.120 0.831
P572389 6.391 6.451 -7.785 0.463
P572390 6.316 6.319 -9.185 0.248
P572391 6.477 6.544 -6.872 0.527
P572392 6.309 6.350 -8.378 0.369
P572393 6.309 6.236 -2.974 0.771
P572394 6.148 6.167 -8.218 0.635
P572395 6.414 6.417 -5.136 0.420
P572396 6.223 6.224 -8.494 0.378
P572397 6.464 6.531 -8.949 0.398
P572398 6.240 6.204 -8.517 0.763
P572399 6.158 6.165 -8.424 0.540
P572400 6.409 6.435 -9.114 0.823
P572401 6.219 6.219 -4.306 0.297
P572402 6.393 6.350 -4.157 0.445
P572403 6.357 6.355 -3.470 0.407
P572404 6.124 6.104 -4.854 0.218
P572405 6.169 6.302 -8.794 0.655
P572406 6.055 6.149 -8.251 0.755
P572407 6.134 6.116 -3.212 0.259
P572408 6.032 6.052 -7.257 1.153
P572409 6.078 6.062 -4.009 0.299
P572410 6.310 6.261 -2.464 0.417
P572411 6.121 6.178 -8.254 0.269
P572412 6.254 6.262 -8.567 0.391
P572413 5.683 5.648 0.656 0.416
P572414 6.405 6.420 -8.679 0.443
P572415 6.304 6.302 -8.271 0.498
P572416 6.166 6.238 -7.484 0.838
P572417 6.191 6.168 -8.746 0.339
P572419 6.048 6.064 -8.392 0.417
P572420 6.284 6.379 -8.153 0.777
P572421 6.090 6.115 -7.812 1.031
P572422 6.099 6.099 -5.199 0.455
P572423 5.631 5.502 -7.876 1.222
P572424 6.122 6.046 -8.338 0.837
P572425 6.434 6.417 -8.574 0.398
P572426 6.449 6.339 -6.624 0.598
P572427 5.629 5.532 -2.417 1.568
P572428 5.791 6.025 -0.199 0.737
P572430 6.121 6.129 -7.057 0.363
P572431 6.387 6.443 -8.333 0.563
P572432 6.449 6.444 -5.847 0.304
P572433 6.473 6.448 -5.631 0.319
P572434 6.196 6.156 -7.942 0.286
P572435 6.331 6.345 -4.607 0.585
P572436 6.034 6.055 -5.867 0.351
P572438 6.466 6.460 -8.167 0.193
P572439 6.210 6.246 -8.351 0.201
P572440 6.172 6.216 -8.574 0.380
P572441 5.853 5.887 -2.529 0.171
P572443 6.082 6.093 -4.858 0.365
P572444 6.219 6.207 -7.492 0.619
P572445 6.161 6.164 -8.056 0.204
P572446 6.234 6.162 -5.953 0.409
P572447 6.286 6.272 -7.817 0.319
P572448 6.298 6.295 -8.181 0.421
P572449 6.213 6.267 -3.361 0.355
P572450 6.022 6.143 -1.211 0.184
P572451 6.199 6.241 -7.894 0.339
P572452 6.078 6.094 -7.091 0.505
P572453 6.028 6.077 -7.183 0.274
P572454 6.051 6.138 -6.935 0.489
P572455 5.882 5.825 -5.598 0.216
P572456 5.892 5.986 0.801 0.402
P572457 5.955 5.961 -6.153 0.287
P572458 5.993 6.069 -6.549 0.587
P572459 6.201 6.235 -8.494 0.427
P572461 6.169 6.268 -8.436 0.464
P572462 6.154 6.244 -8.652 0.663
P572464 6.394 6.439 -5.032 0.287
P572465 6.262 6.284 -6.612 0.280
P572466 6.275 6.352 -1.527 0.233
P572468 6.268 6.192 -2.125 0.254
P572469 6.041 6.085 -7.260 0.253
P572470 6.216 6.217 -7.972 0.385
P572471 6.461 6.400 -7.324 0.229
P572472 6.136 6.083 -4.872 0.642
P572474 6.101 6.011 -8.244 0.449
P572475 6.211 5.947 -7.005 1.053
P572476 6.080 6.037 -4.399 0.636
P572477 6.160 6.065 -6.520 0.493
P572478 5.901 5.813 -6.943 0.521
P572479 5.882 5.811 -7.542 0.403
P572480 6.050 6.046 -4.779 0.721
P572482 6.108 6.096 -8.931 0.353
P572483 5.714 5.593 -3.195 0.446
P572484 6.179 6.070 -5.582 0.425
P572485 6.214 6.017 -3.894 1.218
P572486 6.434 6.300 -5.304 0.543
P572487 6.065 6.040 -8.100 0.401
P572488 6.019 6.023 -8.156 0.993
P572489 5.980 5.965 -6.760 0.277
P572491 6.087 5.995 -5.719 0.723
P572492 6.138 6.091 -5.917 0.306
P572494 6.105 6.079 -8.315 0.562
P572495 5.992 5.976 -8.302 0.365
P572497 5.972 5.850 -6.376 0.564
P572498 6.038 5.948 -5.856 0.520
P572499 6.097 6.118 -8.263 0.545
P572500 6.090 6.104 -7.327 0.613
P572501 6.195 6.268 -7.420 0.576
P572502 6.169 6.144 -7.652 0.170
P572503 6.224 6.101 -8.324 0.494
P572504 6.308 6.289 -6.922 0.252
P572505 6.230 6.335 -8.416 0.535
P572506 6.138 6.118 -7.381 0.155
P572507 5.891 6.010 0.798 0.542
P572508 6.056 6.082 -7.629 0.356
P572510 6.229 6.229 -7.813 0.173
P572511 6.419 6.413 -5.246 0.413
P572512 6.192 6.126 -8.568 0.420
P572514 5.919 5.886 -7.300 0.573
P572515 6.255 6.010 -5.205 1.104
P572516 6.060 6.066 -8.572 0.535
P572517 6.035 6.133 -7.927 0.546
P572518 6.389 6.341 -7.100 0.631
P572521 3.772 3.583 -3.658 0.900
P572523 3.604 3.580 -3.418 0.722
P572526 3.782 3.626 -3.625 0.793
P572530 3.773 3.601 -3.608 0.829
P572532 3.875 3.759 -3.404 0.709
P572535 3.595 3.413 -3.562 0.834
P572538 3.712 3.552 -3.543 0.425
P572540 3.744 3.743 -3.517 0.683
P572544 3.525 3.399 -3.415 1.049
P572545 3.757 3.548 -3.644 0.946
P572547 3.730 3.552 -3.404 1.043
P572551 3.417 3.325 -3.594 0.861
P572558 3.647 3.450 -3.663 0.968
P572561 3.799 3.531 -3.551 0.735
P572563 3.701 3.591 -3.472 1.149
P572565 3.550 3.501 -3.269 0.379
P572567 3.744 3.611 -3.567 1.133
P572570 3.770 3.549 -3.390 0.624
P572571 3.863 3.636 -3.714 0.941
P572575 3.943 3.701 -3.714 0.963
P572581 3.635 3.463 -3.572 1.184
P572583 3.768 3.599 -3.680 0.946
P572585 3.825 3.676 -3.664 0.932
P572588 4.122 3.986 -3.508 0.459
P572594 3.615 3.435 -3.361 0.789
P572597 4.041 3.861 -3.134 0.849
P572599 4.046 3.706 -3.915 1.830
P572603 3.870 3.628 -3.568 1.034
P572605 3.910 3.836 -3.201 1.533
P572611 3.922 3.712 -3.537 0.709
P572612 3.922 3.878 -3.316 0.519
P572615 3.796 3.619 -3.349 1.095
P572617 3.496 3.476 -3.634 0.423
P572622 3.545 3.534 -3.118 1.116
P572623 3.787 3.657 -4.162 1.631
P572625 4.028 3.775 -3.415 1.049
P572631 3.991 3.990 -3.629 1.593
P572636 3.898 3.957 -3.469 1.349
P572639 3.516 3.383 -3.421 1.247
P572641 3.996 3.806 -3.618 0.904
P572644 3.895 3.674 -3.820 1.742
P572646 3.881 3.778 -3.118 0.632
P572648 3.878 3.866 -3.137 0.459
P572650 4.038 3.710 -3.653 1.061
P572654 3.849 3.684 -3.690 1.096
P572655 4.055 3.809 -3.569 0.928
P572659 3.757 3.516 -3.549 0.562
P572665 3.880 3.695 -3.517 0.580
P572668 3.938 3.962 -3.655 1.332
P572673 4.083 3.959 -3.686 2.087
P572676 4.089 3.713 -3.379 1.165
P572679 4.028 3.722 -3.576 1.124
P572682 4.039 3.831 -3.482 0.945
P572686 3.748 3.658 -3.158 1.328
P572687 3.848 3.841 -2.931 1.038
P572694 3.700 3.727 -4.361 2.457
P572697 3.864 3.672 -3.802 0.954
P572698 3.584 3.504 -3.179 0.701
P572700 3.544 3.506 -3.697 0.981
P572708 3.587 3.543 -4.525 1.894
P572716 3.666 3.521 -3.511 0.912
P572722 3.663 3.455 -3.578 1.150
P572725 3.470 3.238 -3.573 0.859
P572732 3.700 3.465 -4.088 1.779
P572744 3.353 3.141 -3.819 3.141
P572746 3.550 3.415 -3.408 1.329
P572748 3.682 3.630 -3.426 1.738
P572752 3.838 3.753 -3.128 1.106
P572754 3.878 3.846 -3.128 1.159
P572760 3.772 3.656 -3.158 1.197
P572764 3.571 3.477 -3.121 1.118
P572765 3.869 3.746 -3.266 0.796
P572768 3.935 3.803 -3.422 0.816
P572775 3.687 3.630 -3.271 0.822
P572779 3.599 3.383 -3.686 0.990
P572784 3.528 3.307 -3.957 3.059
P572789 3.573 3.470 -3.363 1.262
P572795 3.703 3.454 -3.604 0.991
P572802 3.873 3.695 -3.866 1.030
P572805 3.907 3.709 -3.477 0.985
P572809 3.974 3.871 -3.244 0.732
P572812 3.982 3.871 -3.364 1.047
P572814 3.940 3.879 -3.449 0.937
P572815 4.102 3.749 -4.146 1.709
P572817 3.886 3.666 -3.407 1.061
P572821 3.877 3.860 -3.060 1.325
P572824 3.841 3.789 -3.086 1.112
P572825 3.972 3.819 -3.566 0.842
P572829 3.853 3.649 -3.469 1.481
P572830 3.879 3.655 -3.375 0.991
P572831 3.819 3.672 -3.335 1.168
P572832 3.892 3.771 -3.124 1.620
P572837 3.874 3.582 -3.678 0.929
P572842 3.844 3.677 -3.238 1.010
P572846 3.970 3.939 -3.735 2.995
P572857 3.562 3.302 -3.679 1.373
P572858 3.867 3.492 -3.412 0.811
P572867 3.849 3.696 -3.681 0.806
P572870 3.838 3.659 -3.803 0.873
P572872 3.901 3.689 -3.193 0.750
P572879 3.862 3.636 -3.192 0.771
P572887 3.903 3.642 -3.479 0.996
P572890 3.921 3.619 -3.427 0.823
P572892 3.869 3.611 -3.735 0.921
P572895 3.956 3.628 -3.651 1.060
P572901 3.867 3.845 -4.031 1.694
P572904 3.630 3.525 -3.532 0.952
P572905 3.674 3.518 -3.464 1.074
P572906 3.527 3.454 -3.872 0.937
P572908 3.661 3.540 -3.570 0.678
P572911 3.629 3.556 -3.277 0.774
P572913 3.683 3.374 -3.658 1.807
P572915 3.658 3.494 -3.503 1.005
P572919 3.825 3.487 -3.983 1.560
P572920 3.808 3.698 -3.578 1.186
P572923 3.464 3.415 -3.875 1.740
P572925 3.725 3.518 -3.534 0.851
P572932 3.220 3.063 -3.551 0.995
P572935 3.823 3.694 -3.368 0.677
P572937 3.956 3.870 -3.277 0.970
P572941 3.963 3.726 -3.474 1.372
P572943 4.056 3.939 -3.776 2.269
P572946 4.002 3.787 -3.736 1.042
P572948 3.808 3.704 -3.748 1.055
P572950 3.666 3.528 -3.570 0.545
P572954 3.871 3.785 -3.766 0.863
P572955 3.777 3.573 -4.083 1.729
P572961 3.581 3.510 -3.380 1.274
P572965 3.656 3.461 -3.663 0.765
P572967 3.702 3.357 -4.013 3.012
P572972 3.877 3.785 -3.682 0.582
P572973 3.725 3.588 -3.706 1.141
P572978 3.697 3.574 -3.500 1.086
P572983 3.896 3.769 -3.585 1.189
P572987 3.657 3.477 -3.793 0.951
P572995 3.477 3.414 -3.517 0.626
P572998 3.632 3.312 -3.778 1.478
P573001 3.648 3.386 -3.735 1.221
P573003 3.622 3.521 -3.892 0.723
P573004 3.763 3.593 -4.007 1.597
P573006 3.748 3.519 -3.584 1.373
P573009 3.740 3.612 -3.274 0.964
P573013 3.788 3.652 -3.323 1.051
P573016 3.768 3.666 -3.229 1.259
P573020 3.442 3.204 -3.531 0.945
P573023 3.839 3.763 -3.086 0.830
P573027 3.820 3.711 -3.575 1.187
P573029 3.882 3.702 -3.469 1.143
P573030 3.855 3.733 -3.326 0.561
P573032 3.946 3.819 -3.035 0.780
P573036 4.020 3.912 -3.053 0.673
P573042 3.798 3.674 -3.225 1.585
P573044 3.665 3.544 -3.193 0.693
P573046 3.949 3.730 -3.419 0.894
P573049 3.918 3.695 -3.701 0.830
P573051 3.839 3.664 -3.511 0.966
P573052 3.885 3.702 -3.161 1.362
P573054 3.802 3.645 -3.547 0.924
P573056 3.844 3.706 -3.941 2.102
P573061 3.485 3.377 -3.146 1.086
P573063 3.636 3.634 -3.141 0.568
P573066 3.772 3.697 -3.426 1.478
P573071 3.792 3.735 -3.042 0.928
P573074 3.734 3.645 -3.301 0.633
P573075 3.744 3.694 -3.089 0.776
P573076 3.662 3.600 -3.631 1.066
P573078 3.737 3.742 -3.067 0.549
P573081 3.732 3.720 -3.052 0.743
P573082 3.776 3.776 -4.209 2.317
P573086 3.921 3.656 -3.990 1.438
P573088 4.019 3.939 -3.597 0.391
P573091 3.423 3.329 -3.440 0.986
P573094 4.070 3.667 -3.878 1.730
P573098 4.133 3.922 -3.310 0.712
P573103 3.667 3.654 -3.464 1.103
P573107 3.983 3.734 -4.160 2.246
P573110 3.999 3.950 -3.267 0.983
P573112 3.985 3.876 -3.229 0.981
P573116 3.985 3.779 -3.592 1.019
P573118 3.972 3.928 -3.461 1.148
P573119 4.097 3.952 -3.696 2.003
P573120 3.641 3.658 -4.558 2.284
P573126 3.898 3.721 -3.292 0.632
P573128 3.870 3.690 -3.559 0.678
P573132 3.776 3.639 -3.533 0.991
P573134 3.741 3.499 -3.722 1.085
P573138 4.028 3.885 -3.686 0.405
P573140 3.860 3.729 -3.713 0.936
P573143 3.924 3.755 -3.327 0.916
P573146 3.879 3.773 -3.373 1.032
P573149 3.867 3.873 -3.078 0.726
P573152 3.863 3.694 -3.430 1.135
P573153 3.880 3.771 -3.334 0.985
P573160 3.994 3.873 -3.601 0.641
P573165 3.815 3.635 -3.645 1.123
P573168 3.941 3.685 -3.583 1.062
P573169 4.017 3.834 -3.573 0.985
P573173 3.773 3.609 -3.678 1.427
P573176 3.582 3.517 -3.378 1.184
P573179 3.789 3.806 -3.642 1.842
P573182 4.011 3.941 -3.205 1.019
P573184 3.883 3.786 -3.359 1.009
P573188 3.891 3.682 -3.611 1.022
P573190 4.017 3.657 -4.149 1.692
P573192 4.037 3.841 -3.966 1.014
P573197 3.790 3.611 -3.665 1.109
P573199 3.830 3.701 -3.511 0.562
P573202 3.910 3.697 -4.683 2.544
P573206 3.790 3.716 -3.317 0.770
P573210 3.555 3.436 -3.401 0.670
P573211 3.941 3.817 -3.700 1.452
P573216 3.911 3.715 -3.661 1.316
P573219 3.883 3.662 -3.801 1.042
P573220 3.857 3.733 -3.518 0.798
P573227 3.908 3.889 -3.149 0.894
P573229 3.888 3.932 -4.370 2.230
P573233 3.894 3.634 -3.729 0.927
P573237 3.935 3.667 -3.878 1.032
P573239 4.022 3.732 -4.187 1.521
P573243 3.991 3.829 -3.530 0.764
P573246 3.951 3.649 -3.835 1.384
P573248 4.060 3.840 -3.364 1.041
P573252 3.872 3.616 -3.704 0.932
P573254 3.868 3.781 -4.321 2.305
P573259 3.750 3.523 -4.123 1.754
P573265 4.038 3.598 -3.768 1.125
P573271 3.904 3.634 -3.432 1.004
P573274 3.870 3.839 -3.214 0.688
P573277 3.790 3.788 -3.760 0.920
P573283 4.042 3.700 -3.558 1.303
P573289 3.659 3.469 -3.477 1.044
P573301 3.591 3.505 -3.192 0.932
P573305 3.974 3.610 -3.933 1.723
P573310 3.875 3.886 -3.160 0.731
P573318 3.839 3.715 -3.264 0.704
P573330 3.575 3.266 -3.633 1.288
P573335 3.759 3.476 -3.471 1.319
P573347 3.907 3.517 -3.260 0.982
P573349 3.871 3.624 -4.587 2.458
P573356 3.872 3.431 -3.467 0.739
P573360 3.793 3.699 -3.341 0.781
P573361 3.842 3.507 -3.659 1.417
P573364 3.788 3.736 -2.983 0.390
P573369 3.716 3.438 -3.695 1.539
P573372 3.908 3.704 -3.615 1.297
P573377 3.855 3.736 -4.088 1.160
P573380 3.738 3.531 -3.684 1.307
P573387 4.029 3.648 -3.684 1.136
P573391 3.976 3.960 -3.069 0.639
P573395 4.038 3.722 -3.185 1.193
P573397 3.851 3.864 -3.246 0.952
P573400 3.827 3.721 -3.635 0.641
P573401 3.907 3.642 -3.643 1.031
P573405 3.916 3.712 -3.491 1.148
P573409 3.893 3.859 -3.342 0.912
P573414 3.840 3.642 -3.447 1.218
P573417 3.641 3.472 -3.449 1.040
P573419 3.936 3.684 -3.672 1.147
P573422 3.698 3.582 -3.305 0.859
P573426 3.763 3.527 -3.682 0.946
P573431 3.918 3.753 -3.464 1.390
P573436 3.599 3.407 -3.982 1.785
P573438 3.852 3.540 -4.489 2.608
P573441 3.871 3.849 -3.277 0.908
P573444 3.895 3.802 -3.619 1.446
P573446 3.854 3.705 -3.559 0.692
P573447 3.880 3.754 -3.421 0.783
P573454 3.737 3.517 -3.443 0.997
P573457 3.876 3.938 -3.293 1.129
P573458 4.015 3.996 -3.271 0.921
P573463 4.033 3.735 -3.389 1.045
P573465 3.889 3.791 -3.897 1.145
P573468 3.884 3.763 -3.654 0.965
P573471 3.926 3.641 -3.725 1.250
P573472 3.999 3.917 -3.495 1.027
P573474 3.993 4.013 -3.108 0.707
P573477 3.807 3.680 -3.203 0.611
P573480 3.904 3.996 -3.431 1.318
P573483 3.953 3.721 -3.732 1.000
P573485 4.074 3.843 -3.754 1.255
P573486 4.028 3.804 -3.530 2.025
P573488 3.779 3.501 -3.598 1.189
P573491 3.768 3.554 -3.255 1.086
P573494 4.026 3.769 -3.351 1.087
P573496 3.860 3.732 -3.670 0.567
P573498 3.929 3.741 -3.491 1.311
P573499 3.910 3.923 -3.287 0.888
P573504 3.858 3.576 -3.905 1.167
P573506 3.776 3.621 -3.231 0.748
P573509 3.717 3.664 -3.142 0.951
P573512 3.729 3.692 -2.866 0.444
P573516 3.902 3.769 -3.249 1.229
P573519 3.805 3.622 -3.717 1.259
P573520 3.833 3.604 -3.497 1.223
P573521 3.865 3.721 -3.508 1.313
P573525 3.807 3.737 -4.749 1.940
P573527 3.891 3.606 -4.103 1.754
P573532 3.829 3.789 -4.206 2.679
P573536 3.617 3.564 -3.303 1.217
P573537 3.980 3.903 -3.047 0.882
P573541 3.650 3.493 -4.140 1.854
P573547 3.510 3.211 -3.702 1.314
P573548 4.015 4.014 -3.396 1.139
P573555 3.821 3.635 -3.389 1.211
P573558 3.389 3.308 -3.368 1.028
P573559 3.920 3.690 -3.565 0.853
P573564 3.847 3.717 -3.770 1.133
P573565 3.814 3.664 -3.440 0.847
P573568 3.851 3.700 -3.267 0.811
P573571 3.855 3.650 -3.302 1.886
P573573 3.858 3.684 -3.249 1.322
P573578 3.670 3.576 -3.485 1.091
P573580 3.904 3.693 -3.327 1.759
P573584 3.770 3.560 -3.557 1.118
P573586 3.522 3.320 -3.505 1.517
P573592 3.801 3.671 -3.650 1.063
P573595 3.921 3.649 -3.109 1.062
P573598 3.681 3.438 -3.990 1.523
P573599 3.852 3.581 -3.296 1.357
P573600 3.660 3.574 -4.596 1.942
P573602 3.580 3.494 -3.674 0.867
P573606 3.636 3.435 -3.871 1.453
P573608 3.818 3.623 -3.455 1.230
P573612 3.827 3.565 -4.202 1.406
P573615 3.915 3.662 -3.929 1.991
P573618 4.052 3.893 -3.565 0.809
P573621 3.639 3.477 -4.446 2.523
P573623 3.630 3.559 -3.291 0.794
P573627 3.489 3.413 -3.029 0.540
P573631 3.654 3.545 -3.229 1.043
P573633 3.746 3.671 -3.291 1.201
P573639 3.706 3.756 -3.038 1.217
P573641 3.720 3.600 -3.444 0.996
P573642 3.746 3.635 -3.231 1.164
P573643 3.623 3.558 -3.465 1.044
P573646 3.688 3.517 -3.689 1.065
P573649 3.812 3.491 -3.854 1.118
P573651 3.950 3.605 -3.629 1.307
P573655 3.961 3.760 -3.467 1.220
P573657 4.173 3.702 -3.636 1.480
P573663 3.863 3.535 -3.352 1.065
P573664 4.025 3.768 -3.481 0.840
P573669 4.028 3.766 -3.717 1.065
P573670 4.064 3.774 -3.513 0.826
P573674 3.918 3.721 -3.508 1.113
P573681 4.063 3.819 -3.984 1.786
P573684 4.167 4.120 -3.372 0.946
P573690 3.618 3.541 -4.261 1.723
P573697 3.858 3.637 -3.720 0.953
P573699 4.003 3.841 -3.529 1.276
P573701 4.173 3.984 -3.616 0.462
P573703 4.185 4.045 -3.147 1.058
P573705 4.103 4.093 -3.284 0.703
P573708 4.021 3.978 -3.288 0.466
P573711 3.911 3.795 -4.355 1.477
P573714 4.251 4.024 -3.308 0.858
P573719 3.846 3.762 -3.648 1.173
P573726 3.755 3.679 -3.256 1.327
P573732 3.938 3.796 -3.235 1.267
P573734 4.059 3.701 -3.743 1.240
P573738 3.972 3.743 -4.013 2.279
P573743 4.023 3.740 -3.525 2.117
P573747 3.658 3.332 -3.871 2.119
P573748 3.955 3.853 -3.372 1.010
P573755 3.976 3.855 -3.827 1.284
P573756 3.910 3.745 -3.878 1.249
P573757 4.041 3.830 -3.776 1.760
P573758 4.010 3.871 -3.562 1.152
P573762 4.008 3.885 -3.376 1.099
P573764 4.102 3.923 -3.300 1.079
P573771 3.887 3.653 -3.611 0.700
P573775 3.693 3.625 -3.665 1.067
P573776 3.981 3.768 -4.187 2.353
P573783 4.002 3.962 -2.989 0.541
P573788 3.734 3.726 -4.058 0.502
P573791 4.043 4.011 -3.737 0.588
P573794 4.117 4.080 -3.850 1.683
P573799 3.923 3.762 -3.580 1.222
P573801 4.108 3.754 -4.187 1.718
P573804 4.054 3.903 -3.313 0.533
P573808 4.059 4.045 -3.463 0.887
P573812 4.078 3.836 -3.844 0.874
P573814 4.065 3.922 -3.575 0.717
P573815 4.033 3.753 -3.963 0.920
P573817 4.042 3.839 -3.357 0.541
P573820 4.070 3.871 -3.575 0.960
P573824 3.859 3.790 -4.891 1.999
P573829 3.702 3.679 -3.548 0.948
P573832 3.614 3.607 -3.336 1.000
P573834 3.893 3.692 -3.289 1.383
P573837 4.076 3.901 -3.425 1.289
P573839 3.770 3.666 -3.779 1.284
P573843 4.193 3.915 -3.692 1.271
P573846 4.282 4.009 -3.706 1.116
P573850 4.305 3.985 -3.658 1.157
P573852 4.224 3.934 -3.911 1.126
P573854 4.276 3.923 -3.874 1.119
P573855 4.198 3.908 -3.554 0.879
P573857 4.021 3.840 -3.637 0.717
P573860 4.173 4.044 -4.092 1.082
P573862 4.142 4.032 -3.379 0.972
P573868 4.329 4.207 -3.499 1.658
P573869 4.260 3.968 -3.649 1.160
P573872 4.259 4.266 -3.540 1.436
P573875 4.217 3.958 -3.983 1.091
P573881 3.954 3.724 -3.685 1.072
P573882 3.968 3.875 -3.280 0.742
P573884 4.021 4.122 -3.355 1.534
P573886 4.044 3.892 -3.156 1.260
P573888 4.058 3.741 -3.820 1.278
P573889 3.936 3.861 -3.497 1.047
P573892 4.072 3.986 -3.319 0.602
P573896 4.131 4.080 -3.324 0.610
P573900 3.985 3.951 -3.358 0.746
P573902 3.759 3.733 -3.374 0.795
P573906 4.152 4.026 -3.641 1.058
P573909 4.202 4.156 -3.677 0.902
P573912 4.229 4.063 -3.410 1.052
P573916 4.083 4.076 -3.443 1.410
P573917 4.290 4.117 -3.785 1.187
P573921 4.005 3.708 -3.809 2.898
P573926 3.896 3.689 -3.564 1.563
P573937 3.641 3.528 -3.677 1.885
P573943 3.608 3.614 -3.056 0.721
P573951 3.592 3.525 -3.616 0.956
P573952 3.574 3.490 -3.460 1.056
P573954 3.482 3.366 -4.268 0.920
P573956 3.632 3.637 -3.107 0.599
P573964 3.588 3.517 -3.269 1.366
P573967 3.642 3.619 -3.378 1.739
P573973 4.020 3.835 -3.607 1.222
P573976 4.042 3.836 -3.413 1.234
P573981 3.865 3.620 -3.920 1.451
P573988 3.948 3.905 -3.317 0.765
P573991 3.779 3.575 -3.519 1.365
P573992 4.170 3.969 -3.456 0.735
P573999 3.562 3.452 -4.206 1.712
P574000 4.050 3.828 -3.590 1.180
P574001 4.001 3.879 -3.571 0.756
P574002 3.972 3.850 -3.602 0.908
P574006 4.000 3.687 -4.012 1.943
P574009 3.829 3.537 -4.622 2.157
P574012 4.035 3.735 -3.338 1.117
P574016 4.011 3.849 -3.244 1.241
P574019 4.170 3.945 -3.203 1.420
P574021 4.219 3.911 -3.992 1.058
P574028 3.422 3.310 -3.374 0.906
P574033 4.062 3.960 -3.306 0.855
P574040 4.009 3.963 -3.002 0.615
P574041 3.456 3.459 -3.605 0.704
P574049 4.135 3.888 -3.795 1.021
P574052 4.235 3.919 -3.350 1.561
P574054 4.130 3.966 -3.689 1.063
P574056 4.217 3.910 -4.028 0.953
P574057 4.279 4.005 -3.448 0.976
P574059 4.093 3.960 -4.199 0.916
P574064 4.144 3.900 -3.883 1.027
P574066 4.309 3.948 -4.754 2.717
P574069 4.118 3.980 -3.825 1.426
P574071 4.290 3.877 -4.094 1.382
P574088 4.038 3.764 -3.888 1.382
P574089 3.946 3.657 -3.776 1.115
P574091 4.011 3.947 -4.458 2.293
P574092 3.954 3.709 -3.866 1.003
P574095 3.788 3.717 -4.241 1.657
P574096 4.349 4.050 -3.171 0.992
P574098 4.324 4.067 -3.440 1.037
P574100 4.175 4.059 -3.747 0.789
P574103 4.156 3.930 -3.474 1.039
P574104 4.179 3.941 -3.714 1.166
P574105 3.992 3.897 -4.483 2.889
P574109 4.164 3.907 -3.992 1.192
P574111 4.106 4.278 -3.635 1.182
P574112 4.358 4.073 -3.167 0.996
P574114 4.190 3.962 -4.144 0.950
P574119 4.276 3.931 -3.913 1.315
P574122 4.182 3.863 -4.544 2.393
P574123 4.103 3.830 -3.786 1.246
P574126 3.829 3.637 -3.165 0.675
P574129 4.167 4.204 -3.718 1.318
P574132 4.078 4.187 -3.951 1.170
P574136 4.177 4.010 -3.694 1.066
P574138 4.147 4.072 -3.672 0.525
P574144 3.746 3.539 -3.577 1.205
P574147 3.744 3.752 -5.165 2.385
P574153 3.842 3.657 -3.336 0.865
P574158 3.805 3.562 -3.545 1.374
P574162 3.824 3.571 -3.631 1.067
P574165 3.657 3.639 -4.166 1.707
P574171 3.477 3.340 -3.722 1.825
P574177 3.558 3.543 -4.492 1.115
P574187 3.595 3.392 -4.161 1.027
P574189 3.713 3.743 -4.923 2.117
P574194 3.321 3.168 -4.438 0.972
P574198 3.528 3.344 -3.702 0.980
P574202 3.719 3.609 -4.025 0.954
P574210 3.746 3.725 -4.638 2.403
P574211 3.713 3.613 -3.598 1.271
P574215 3.730 3.699 -3.624 0.441
P574218 3.850 3.836 -4.059 1.127
P574225 3.511 3.410 -4.313 2.642
P574228 4.158 4.143 -4.563 2.939
P574237 4.171 3.935 -4.847 2.685
P574238 4.338 4.250 -3.333 1.528
P574242 4.206 4.001 -3.661 0.980
P574245 4.151 3.730 -3.415 1.001
P574248 4.271 4.160 -3.201 0.921
P574251 3.917 3.776 -3.650 0.721
P574257 3.791 3.849 -3.930 1.529
P574259 4.196 4.076 -4.364 1.302
P574263 4.163 4.134 -4.676 2.597
P574265 3.931 3.705 -3.559 1.333
P574267 3.766 3.696 -3.260 0.674
P574270 3.725 3.508 -3.933 1.193
P574274 3.698 3.559 -4.211 1.891
P574277 3.729 3.666 -3.801 1.633
P574280 3.732 3.715 -3.346 0.469
P574284 3.831 3.733 -4.013 1.544
P574285 4.057 4.037 -3.598 1.982
P574287 3.731 3.576 -3.830 1.159
P574291 3.593 3.474 -3.450 1.015
P574293 4.104 4.047 -3.094 0.786
P574298 3.937 3.974 -4.103 1.508
P574299 4.030 3.946 -3.358 0.653
P574302 4.186 4.041 -3.373 2.219
P574304 3.976 3.879 -3.469 1.253
P574305 4.038 3.909 -3.431 1.224
P574308 3.850 3.645 -3.615 1.088
P574311 4.015 4.075 -3.963 1.228
P574312 4.002 3.824 -3.756 0.992
P574314 4.030 3.893 -3.411 1.113
P574317 3.984 3.868 -3.883 1.248
P574320 4.066 3.944 -3.263 1.847
P574322 4.007 3.877 -3.294 0.947
P574325 4.311 3.905 -3.580 1.100
P574328 4.031 4.054 -3.763 1.556
P574331 4.130 3.900 -4.156 1.145
P574335 4.317 3.836 -3.741 1.081
P574337 4.139 3.919 -3.506 1.173
P574341 3.987 3.866 -3.925 0.883
P574342 4.147 3.897 -4.291 1.323
P574344 4.042 3.878 -3.463 0.643
P574361 3.885 3.841 -3.541 0.855
P574362 4.048 3.887 -4.459 1.516
P574367 4.232 3.973 -3.476 0.941
P574371 3.681 3.501 -3.640 1.838
P574380 3.563 3.499 -3.577 1.211
P574386 4.251 4.207 -3.196 0.979
P574390 4.171 3.949 -4.470 2.101
P574393 4.075 3.635 -3.392 1.057
P574394 3.961 3.719 -3.444 1.014
P574395 3.909 3.667 -3.745 1.593
P574396 4.003 3.792 -4.064 1.216
P574412 3.782 3.687 -3.804 0.847
P574414 3.782 3.518 -3.653 1.068
P574416 3.935 3.785 -3.769 0.584
P574417 3.935 3.921 -3.825 0.777
P574422 4.108 4.038 -3.504 1.433
P574426 3.569 3.379 -4.018 3.377
P574438 3.490 3.401 -3.501 1.177
P574440 4.049 3.734 -4.051 1.898
P574448 4.065 3.830 -3.828 1.327
P574450 3.997 3.890 -3.445 1.261
P574453 3.757 3.758 -3.471 1.382
P574456 3.964 3.802 -3.659 1.891
P574459 3.643 3.451 -4.262 1.254
P574462 3.692 3.574 -3.518 0.560
P574465 3.994 3.914 -3.245 0.926
P574468 3.991 3.814 -4.918 2.829
P574470 3.688 3.440 -4.059 0.845
P574473 3.962 3.872 -3.847 1.170
P574478 3.947 3.794 -3.677 1.278
P574481 3.699 3.744 -3.539 1.223
P574484 3.998 3.707 -4.086 1.502
P574487 4.029 4.047 -4.205 1.531
P574492 4.032 3.916 -3.298 0.858
P574493 3.677 3.594 -4.032 1.255
P574495 3.748 3.531 -3.808 1.793
P574497 3.941 3.763 -3.730 0.874
P574498 4.004 3.829 -3.418 2.231
P574500 3.945 3.796 -3.976 1.488
P574501 3.907 3.719 -3.728 1.298
P574504 3.991 3.825 -4.095 0.964
P574508 3.955 3.769 -3.862 0.970
P574512 4.077 3.955 -3.174 0.689
P574513 3.753 3.690 -3.578 1.031
P574517 3.704 3.533 -3.919 0.918
P574525 3.965 3.587 -4.065 1.384
P574531 4.009 3.799 -3.650 0.656
P574536 3.837 3.562 -4.524 1.856
P574538 3.671 3.289 -4.371 2.572
P574542 4.024 3.898 -3.309 0.971
P574545 4.109 4.012 -3.578 1.208
P574550 3.725 3.627 -3.921 2.482
P574554 3.942 4.003 -3.544 0.976
P574557 4.066 3.789 -3.644 1.102
P574563 4.104 3.875 -3.650 1.731
P574566 3.826 3.696 -3.365 0.647
P574567 4.045 3.838 -3.495 1.259
P574568 3.908 3.780 -3.896 0.889
P574570 3.952 3.578 -4.126 1.649
P574571 4.017 3.800 -3.361 1.358
P574577 3.912 3.842 -3.470 1.339
P574580 3.938 3.838 -3.400 0.733
P574581 3.892 3.842 -3.657 1.281
P574583 4.061 3.847 -3.523 1.093
P574586 3.911 3.929 -3.072 0.862
P574587 3.922 3.797 -4.225 1.112
P574588 3.985 3.946 -4.300 2.287
P574592 3.945 3.800 -3.871 1.143
P574596 3.896 3.665 -3.730 0.654
P574599 3.912 3.583 -4.088 1.704
P574602 3.904 3.512 -4.113 1.457
P574605 3.949 3.700 -4.584 1.836
P574609 4.047 3.802 -3.628 1.210
P574613 3.986 3.710 -3.977 1.605
P574619 3.728 3.462 -3.611 1.064
P574621 3.902 3.581 -4.022 1.371
P574625 3.972 3.736 -3.888 0.797
P574629 4.016 3.890 -3.481 0.814
P574632 3.952 3.976 -3.875 0.836
P574633 3.999 3.599 -3.877 1.235
P574635 3.961 3.687 -4.435 1.677
P574638 3.980 4.029 -3.391 1.451
P574640 3.972 3.888 -3.948 1.711
P574644 4.018 3.798 -3.806 0.852
P574649 4.090 4.052 -3.696 0.700
P574655 3.895 3.783 -3.245 0.943
P574657 3.897 3.718 -4.183 1.847
P574660 4.027 3.715 -3.646 1.940
P574661 4.052 4.022 -3.532 1.292
P574665 4.019 3.814 -4.010 1.086
P574668 3.894 3.565 -3.765 1.326
P574672 3.844 3.738 -3.604 1.335
P574675 3.737 3.503 -4.580 2.052
P574677 3.827 3.650 -3.783 0.950
P574680 3.752 3.619 -3.487 0.458
P574681 3.796 3.604 -3.633 1.030
P574682 3.848 3.718 -3.526 1.118
P574686 3.807 3.671 -3.388 1.057
P574688 3.899 3.775 -3.387 1.179
P574693 3.748 3.628 -3.409 1.170
P574696 3.413 3.255 -3.664 1.225
P574699 4.150 4.008 -3.542 1.313
P574704 3.682 3.570 -3.190 0.799
P574706 3.818 3.790 -4.181 1.378
P574708 3.329 3.423 -4.413 2.154
P574715 3.248 3.079 -3.514 1.218
P574723 3.687 3.426 -3.732 1.555
P574730 3.597 3.470 -3.740 0.967
P574731 4.019 3.701 -3.688 1.279
P574740 4.019 3.911 -4.328 2.403
P574744 3.928 3.719 -4.612 2.277
P574749 3.931 3.666 -3.644 1.143
P574755 4.155 3.821 -4.154 2.312
P574757 4.094 3.866 -3.373 1.297
P574760 3.928 3.677 -3.533 1.265
P574762 4.020 3.822 -3.300 1.181
P574772 4.138 3.765 -3.597 1.519
P574779 3.770 3.672 -3.223 0.977
P574782 3.707 3.325 -3.586 1.024
P574791 3.611 3.373 -3.995 1.343
P574794 3.729 3.865 -4.179 1.501
P574803 3.762 3.645 -4.575 2.235
P574808 3.530 3.394 -4.378 0.664
P574809 3.741 3.583 -4.439 1.673
P574831 3.553 3.450 -3.941 1.759
P574839 3.814 3.608 -3.512 1.278
P574850 3.490 3.316 -3.621 1.145
P574852 3.815 3.574 -3.962 1.082
P574860 3.565 3.471 -4.158 0.738
P574867 3.338 3.262 -3.832 1.726
P574881 3.166 3.065 -3.527 0.702
P574897 3.688 3.689 -4.283 1.848
P574907 3.717 3.675 -4.883 2.296
P574912 3.844 3.853 -4.005 2.502
P574918 3.517 3.388 -4.178 0.722
P574924 3.764 3.519 -3.684 1.007
P574926 3.954 3.746 -3.441 0.994
P574934 3.951 3.623 -3.999 0.744
P574936 3.964 3.871 -3.165 0.519
P574940 4.004 4.036 -3.480 1.271
P574941 4.277 3.926 -3.238 1.495
P574942 3.923 3.691 -4.185 0.601
P574944 4.063 3.882 -3.681 0.988
P574949 4.160 3.797 -3.824 1.513
P574955 3.934 3.880 -3.280 0.651
P574957 3.881 3.645 -3.732 0.695
P574961 4.142 4.112 -5.775 7.057
P574966 4.017 3.791 -3.877 0.601
P574968 4.090 4.013 -3.860 1.227
P574972 4.101 3.898 -3.736 1.087
P574982 3.788 3.706 -3.723 1.707
P574989 4.063 3.806 -4.027 2.587
P574994 3.987 3.940 -3.683 0.671
P575003 4.232 3.699 -3.798 1.352
P575005 4.056 3.929 -3.664 0.527
P575009 4.057 3.832 -3.538 1.244
P575011 4.152 4.069 -3.397 0.857
P575019 4.225 3.798 -3.527 1.091
P575020 3.904 3.621 -4.750 2.130
P575023 4.067 3.885 -3.745 1.628
P575029 4.088 3.840 -3.618 0.930
P575033 3.628 3.643 -3.851 0.657
P575037 3.685 3.669 -3.546 0.792
P575041 3.624 3.561 -3.390 0.625
P575042 3.776 3.589 -3.658 1.206
P575053 4.085 3.798 -3.710 0.574
P575054 3.977 3.784 -4.341 2.064
P575060 4.020 3.883 -3.420 0.985
P575065 4.005 3.861 -3.742 0.834
P575073 3.956 3.751 -4.042 1.361
P575076 3.987 3.888 -3.256 1.453
P575079 3.836 3.746 -3.424 1.000
P575083 3.945 3.838 -3.347 0.828
P575084 3.937 3.920 -3.886 2.009
P575086 3.873 3.886 -3.754 1.734
P575089 3.706 3.598 -4.049 1.670
P575092 3.936 3.811 -3.157 0.878
P575096 3.852 3.739 -3.463 0.985
P575100 3.397 3.382 -3.549 0.732
P575102 3.970 3.896 -3.514 2.050
P575105 3.908 3.662 -3.650 1.339
P575113 3.860 3.782 -4.270 2.283
P575119 3.605 3.528 -3.673 1.205
P575120 3.851 3.772 -3.077 0.551
P575124 3.701 3.593 -3.648 1.061
P575126 3.672 3.587 -3.624 0.415
P575130 3.721 3.608 -3.409 0.539
P575131 3.854 3.614 -4.086 2.034
P575137 3.720 3.602 -3.346 1.177
P575139 3.480 3.199 -3.716 2.089
P575143 3.764 3.624 -3.787 1.167
P575149 3.889 3.741 -3.991 1.662
P575159 3.558 3.498 -3.332 1.188
P575167 3.805 3.886 -4.364 2.716
P575174 4.057 3.780 -3.936 2.306
P575180 3.888 3.773 -3.969 2.785
P575182 3.887 3.783 -3.286 0.438
P575186 3.926 3.699 -3.498 1.120
P575195 3.966 3.700 -3.470 1.039
P575196 4.042 3.853 -3.807 0.667
P575201 3.780 3.591 -4.300 1.647
P575208 3.678 3.510 -3.718 1.081
P575209 3.787 3.616 -3.477 1.507
P575216 3.543 3.501 -3.794 0.695
P575225 4.052 3.685 -3.734 1.419
P575229 4.027 3.795 -3.962 2.008
P575232 3.939 3.789 -3.369 1.378
P575235 4.036 3.777 -3.393 1.170
P575238 3.955 3.856 -3.439 1.124
P575239 3.979 3.809 -3.363 1.262
P575241 4.098 3.956 -3.128 1.179
P575244 3.984 3.811 -3.372 1.267
P575246 4.069 3.907 -3.175 1.082
P575251 4.214 3.918 -3.709 1.281
P575260 3.919 3.800 -3.411 1.369
P575267 4.012 3.783 -4.022 1.809
P575269 3.763 3.695 -3.711 1.004
P575278 3.563 3.386 -3.469 1.154
P575290 3.692 3.569 -3.463 1.180
P575292 3.796 3.775 -3.494 1.424
P575305 3.887 3.686 -3.304 1.026
P575308 3.726 3.612 -3.555 0.789
P575312 3.724 3.735 -3.278 0.777
P575313 3.670 3.646 -3.749 1.020
P575315 4.016 4.060 -3.726 1.387
P575322 4.160 4.024 -3.588 1.356
P575327 4.238 3.879 -3.469 1.307
P575336 4.116 3.864 -3.700 1.501
P575338 4.090 4.048 -3.631 1.352
P575339 4.008 3.683 -3.782 1.250
P575340 4.221 3.804 -3.701 1.097
P575346 4.042 3.709 -3.768 1.152
P575354 4.053 3.873 -3.569 1.149
P575366 3.794 3.499 -3.840 1.087
P575368 3.662 3.594 -3.253 1.107
P575372 3.995 3.777 -4.134 2.859
P575375 4.180 4.139 -3.608 1.086
P575376 4.279 4.009 -3.720 1.062
P575377 4.101 3.986 -3.679 0.674
P575379 4.236 4.157 -3.538 1.022
P575383 4.299 4.239 -3.557 1.020
P575390 4.184 4.150 -3.718 1.694
P575394 3.758 3.751 -3.453 0.617
P575396 4.155 4.101 -3.540 0.746
P575400 4.083 3.976 -3.287 0.878
P575411 3.774 3.616 -3.457 1.086
P575418 4.073 3.886 -3.258 2.899
P575425 4.011 3.988 -3.594 0.768
P575430 4.027 3.801 -3.332 0.712
P575438 3.976 3.829 -3.587 0.847
P575441 3.988 3.937 -3.455 0.559
P575444 4.122 4.047 -3.512 0.552
P575447 4.069 3.940 -3.383 0.742
P575448 4.289 4.231 -3.169 0.729
P575450 3.839 3.718 -3.169 0.697
P575460 3.584 3.451 -3.649 3.495
P575467 3.616 3.554 -4.275 1.547
P575479 3.999 3.621 -3.237 1.242
P575481 3.865 3.710 -3.250 1.637
P575490 3.760 3.565 -3.647 0.795
P575491 3.695 3.514 -3.494 0.762
P575494 3.590 3.459 -3.673 0.918
P575500 3.971 3.632 -3.765 3.837
P575504 3.771 3.575 -3.393 1.052
P575506 3.727 3.654 -3.167 0.667
P575511 3.796 3.575 -3.599 0.906
P575520 4.188 3.991 -3.824 0.969
P575523 3.880 3.695 -3.797 1.447
P575527 3.892 3.721 -4.860 1.892
P575531 3.691 3.425 -3.807 1.752
P575533 3.836 3.507 -3.859 1.408
P575537 3.860 3.845 -3.215 1.019
P575540 3.914 3.723 -4.708 2.019
P575542 3.886 3.626 -4.684 1.682
P575544 3.861 3.663 -4.421 2.025
P575545 3.784 3.696 -3.877 1.012
P575547 3.838 3.683 -3.879 0.678
P575549 3.919 3.694 -4.647 1.909
P575551 4.007 3.704 -4.585 3.012
P575554 3.828 3.736 -3.944 0.734
P575557 3.771 3.623 -3.958 0.959
P575559 4.043 3.884 -3.362 1.249
P575562 4.075 3.830 -3.843 2.195
P575565 3.968 3.911 -2.969 1.248
P575570 3.992 3.814 -3.873 1.611
P575576 4.079 3.807 -4.409 2.085
P575580 3.832 3.691 -3.188 1.019
P575581 4.047 3.719 -3.650 1.584
P575585 3.958 3.827 -3.751 1.142
P575589 3.879 3.722 -3.573 1.242
P575595 3.867 3.872 -4.273 2.270
P575599 3.888 3.802 -3.119 0.808
P575602 4.020 3.780 -3.476 1.329
P575608 3.881 3.740 -3.666 1.234
P575609 3.908 3.787 -3.402 0.970
P575612 3.947 3.872 -3.282 0.693
P575621 3.919 3.748 -3.223 0.835
P575627 3.978 3.967 -3.063 0.656
P575631 3.665 3.593 -3.454 1.151
P575644 3.621 3.559 -3.133 0.943
P575646 4.111 3.872 -3.076 1.168
P575653 3.931 3.784 -4.450 1.166
P575659 4.008 3.902 -3.951 1.150
P575667 3.866 3.737 -3.424 0.964
P575669 4.085 3.844 -3.522 1.505
P575673 3.952 3.758 -3.636 1.678
P575677 3.947 3.788 -3.457 1.090
P575678 4.012 3.932 -3.346 1.138
P575679 3.990 3.831 -3.536 1.677
P575681 4.072 3.965 -3.148 1.174
P575684 3.978 3.809 -3.358 1.200
P575686 4.095 3.906 -3.299 1.153
P575693 3.973 3.766 -3.337 1.294
P575697 3.674 3.532 -3.428 1.377
P575699 4.098 3.898 -3.468 1.279
P575702 3.998 3.765 -5.002 2.737
P575711 3.967 3.762 -3.958 1.262
P575713 3.988 3.807 -3.560 1.495
P575714 4.045 3.929 -3.315 1.404
P575716 4.054 3.871 -3.173 1.360
P575719 4.077 3.940 -3.202 1.522
P575723 4.071 3.916 -3.216 1.376
P575728 3.979 3.873 -4.105 2.668
P575730 3.822 3.750 -3.273 1.547
P575733 4.086 3.966 -2.939 0.788
P575737 4.064 3.819 -3.805 1.312
P575738 3.998 3.841 -3.904 0.896
P575750 3.744 3.569 -3.974 1.660
P575758 3.942 3.853 -3.804 1.564
P575760 3.987 3.706 -4.129 1.801
P575770 3.928 3.864 -3.824 1.020
P575777 3.968 3.698 -3.929 0.937
P575779 4.115 3.970 -3.603 0.377
P575781 3.977 3.901 -4.098 1.114
P575783 3.885 3.647 -3.399 1.322
P575784 3.736 3.624 -3.612 1.223
P575788 3.829 3.715 -3.541 1.051
P575793 3.686 3.475 -3.641 1.335
P575795 3.712 3.728 -3.398 0.973
P575801 3.545 3.389 -3.352 1.287
P575802 3.822 3.731 -3.740 0.849
P575806 3.844 3.750 -3.354 1.036
P575808 3.606 3.474 -3.536 1.117
P575814 3.780 3.560 -3.827 1.379
P575816 3.727 3.530 -3.796 1.073
P575822 3.856 3.611 -3.745 1.132
P575824 3.840 3.617 -3.658 0.752
P575825 3.887 3.669 -3.605 1.383
P575826 3.921 3.699 -3.841 1.707
P575827 3.835 3.673 -3.543 1.090
P575831 3.828 3.557 -4.628 2.006
P575834 3.851 3.690 -3.932 1.597
P575839 4.180 4.097 -3.840 0.416
P575841 3.891 3.727 -3.730 0.957
P575845 3.774 3.599 -3.853 1.303
P575848 3.917 3.764 -3.731 1.504
P575850 3.505 3.460 -3.881 1.519
P575853 3.601 3.543 -3.507 1.241
P575856 3.710 3.608 -3.953 1.344
P575858 4.061 3.925 -3.563 1.296
P575862 3.763 3.705 -3.585 1.062
P575868 4.025 3.780 -3.439 1.465
P575871 4.130 3.782 -3.327 1.184
P575873 4.114 3.899 -3.380 1.366
P575877 4.105 3.738 -3.509 1.159
P575881 3.646 3.679 -3.410 0.440
P575882 3.925 3.814 -3.219 0.913
P575888 3.644 3.545 -2.864 1.381
P575892 3.931 3.874 -3.982 2.830
P575894 4.027 3.738 -3.424 1.417
P575900 4.013 3.816 -2.926 1.318
P575902 3.872 3.909 -3.477 1.340
P575903 4.040 3.820 -3.318 1.245
P575904 4.112 3.838 -3.379 1.901
P575908 3.922 3.733 -2.928 1.214
P575910 3.997 3.938 -2.819 0.606
P575913 3.975 3.926 -3.458 1.590
P575920 3.698 3.672 -3.571 0.505
P575921 3.722 3.572 -3.868 1.538
P575925 3.484 3.589 -4.783 2.701
P575927 4.009 3.895 -3.318 1.068
P575929 4.183 3.945 -3.404 0.570
P575933 4.098 3.909 -3.563 0.983
P575934 4.143 3.957 -3.995 2.616
P575939 4.153 4.052 -3.651 1.046
P575943 4.076 3.854 -3.873 1.049
P575946 4.165 4.042 -4.407 2.289
P575949 4.063 3.923 -3.470 1.109
P575952 3.984 4.111 -3.432 0.469
P575955 4.095 4.262 -3.270 0.727
P575956 4.089 3.846 -3.728 1.067
P575961 4.222 3.845 -3.810 1.277
P575964 4.158 3.964 -3.512 1.109
P575969 4.058 3.801 -3.752 1.468
P575973 3.755 3.712 -3.536 0.581
P575974 3.762 3.785 -4.684 2.588
P575978 3.960 3.833 -3.448 1.193
P575981 3.996 3.894 -3.362 1.311
P575984 3.855 3.611 -3.782 1.375
P575988 3.865 3.770 -4.311 2.392
P575990 3.895 3.653 -3.374 1.419
P575993 3.916 3.824 -3.378 1.344
P575996 3.740 3.570 -3.880 0.992
P575997 3.908 3.743 -3.604 1.152
P575998 3.859 3.670 -3.613 1.150
P576002 3.919 3.707 -3.392 1.191
P576004 4.024 3.834 -3.619 2.034
P576011 3.820 3.527 -3.746 1.921
P576014 3.601 3.430 -3.422 1.181
P576015 3.962 3.874 -3.326 1.225
P576020 3.700 3.630 -3.160 1.199
P576022 3.977 3.934 -2.756 0.480
P576025 3.659 3.471 -4.006 0.996
P576026 3.747 3.652 -3.452 1.593
P576027 3.761 3.585 -3.495 1.418
P576031 3.783 3.645 -4.768 2.483
P576036 3.630 3.522 -3.397 1.098
P576037 3.804 3.619 -4.044 1.912
P576043 3.473 3.514 -3.415 0.990
P576044 3.837 3.701 -4.116 1.605
P576048 4.131 4.005 -3.826 0.870
P576049 4.017 3.747 -3.879 1.904
P576056 3.655 3.384 -3.536 1.364
P576059 3.882 3.826 -3.085 1.401
P576062 3.862 3.603 -3.471 1.246
P576067 3.890 3.742 -4.405 2.117
P576068 3.755 3.689 -3.180 1.302
P576070 3.948 3.666 -3.685 1.580
P576071 3.918 3.746 -3.345 1.154
P576072 4.188 3.998 -3.832 0.929
P576075 6.344 6.379 -7.837 0.280
P576076 6.314 6.257 -8.118 0.211
P576077 6.261 6.221 -7.591 0.278
P576078 6.071 5.923 -7.177 0.319
P576079 6.369 6.327 -8.243 0.300
P576080 5.945 5.898 -6.474 0.184
P576081 6.183 6.135 -8.093 0.202
P576083 6.240 6.269 -7.822 0.266
P576084 6.139 6.107 -7.575 0.291
P576085 6.058 6.025 -7.384 0.325
P576086 5.946 5.838 -7.175 0.309
P576087 6.353 6.423 -8.009 0.426
P576088 6.245 6.169 -7.529 0.319
P576089 6.503 6.578 -8.274 0.498
P576091 6.119 6.055 -7.558 0.418
P576092 6.109 6.102 -6.845 0.166
P576093 6.399 6.492 -8.286 0.470
P576094 6.293 6.291 -6.766 0.197
P576096 6.239 6.369 -6.766 0.345
P576097 6.303 6.314 -7.664 0.255
P576098 6.128 6.052 -7.532 0.315
P576099 6.175 6.131 -7.160 0.303
P576101 6.214 6.156 -7.580 0.401
P576102 6.406 6.405 -7.101 0.371
P576104 6.239 6.294 -7.660 0.308
P576105 6.101 6.166 -7.432 0.551
P576106 6.287 6.237 -7.165 0.305
P576108 6.332 6.389 -7.665 0.309
P576109 6.072 6.166 -4.956 0.528
P576111 5.908 6.181 -7.295 1.289
P576112 6.379 6.341 -7.328 0.250
P576113 6.397 6.552 -7.670 0.565
P576114 6.182 6.023 -7.047 0.350
P576115 6.390 6.398 -7.289 0.124
P576116 6.406 6.288 -7.111 0.328
P576117 6.513 6.617 -7.902 0.312
P576118 6.560 6.559 -7.736 0.179
P576119 6.192 6.154 -7.388 0.309
P576120 6.387 6.232 -7.111 0.358
P576121 5.858 5.830 -4.584 0.305
P576123 6.470 6.516 -7.417 0.197
P576124 6.473 6.496 -7.410 0.180
P576125 6.340 6.354 -8.153 0.290
P576126 6.436 6.404 -7.240 0.172
P576127 6.035 6.129 -6.481 0.367
P576128 6.319 6.410 -7.163 1.337
P576129 6.378 6.413 -6.772 0.118
P576130 6.119 6.196 -6.424 0.600
P576131 6.587 6.586 -7.032 0.295
P576133 6.387 6.447 -7.560 0.210
P576134 6.229 6.274 -7.425 0.279
P576135 6.218 6.120 -7.152 0.500
P576136 6.269 6.158 -6.941 0.644
P576137 5.779 5.632 -6.636 0.303
P576138 6.399 6.346 -8.093 0.281
P576139 6.107 6.023 -7.049 0.250
P576140 6.271 6.228 -7.466 0.320
P576141 6.278 6.250 -7.948 0.281
P576143 6.366 6.409 -7.624 0.289
P576145 6.049 6.187 -7.366 0.587
P576146 6.079 6.104 -7.750 0.252
P576147 6.071 6.147 -7.232 0.388
P576148 6.070 6.085 -6.781 0.236
P576149 6.163 6.236 -7.923 0.381
P576150 6.168 6.084 -7.238 0.353
P576151 6.241 6.331 -6.971 1.303
P576152 6.253 6.263 -8.147 0.287
P576153 6.511 6.491 -7.029 0.288
P576154 6.437 6.480 -7.810 0.332
P576156 5.961 5.959 -6.718 0.803
P576157 6.374 6.406 -7.382 0.166
P576158 6.292 6.306 -7.278 0.150
P576159 6.483 6.482 -7.703 0.191
P576160 6.214 6.228 -7.139 0.381
P576161 6.344 6.322 -7.229 0.167
P576162 6.277 6.227 -6.336 0.358
P576163 6.500 6.455 -6.974 0.308
P576164 6.565 6.628 -6.000 0.714
P576165 6.502 6.553 -6.110 0.283
P576166 6.215 6.261 -6.562 0.592
P576167 6.483 6.638 -8.441 0.550
P576169 6.120 6.058 -5.592 0.840
P576170 6.310 6.358 -8.012 0.315
P576171 6.540 6.538 -7.986 0.218
P576172 6.169 6.295 -7.742 0.372
P576173 6.432 6.429 -8.014 0.226
P576175 6.036 6.089 -7.101 0.625
P576177 6.085 6.211 -7.234 0.549
P576178 6.155 6.053 -6.715 0.289
P576179 5.890 6.099 -4.342 0.561
P576181 5.928 6.064 -6.889 1.300
P576182 6.233 6.221 -6.764 0.212
P576183 6.454 6.434 -7.529 0.274
P576184 6.410 6.486 -7.453 0.345
P576186 6.302 6.299 -7.722 0.267
P576187 6.284 6.255 -7.246 0.281
P576188 6.214 6.145 -7.064 0.411
P576189 6.120 6.057 -6.832 0.265
P576190 6.389 6.392 -7.834 0.281
P576191 6.474 6.477 -7.311 0.132
P576193 6.664 6.746 -6.599 0.288
P576194 6.427 6.592 -7.809 0.652
P576195 6.485 6.452 -5.838 0.599
P576196 6.132 6.259 -6.773 0.647
P576197 6.336 6.396 -7.007 0.243
P576198 6.208 6.200 -6.754 0.210
P576199 6.508 6.619 -8.130 0.494
P576200 6.277 6.222 -7.439 0.294
P576201 6.223 6.336 -6.904 0.623
P576202 6.459 6.477 -7.560 0.347
P576204 6.292 6.197 -7.412 0.556
P576205 6.297 6.122 -7.060 0.393
P576207 6.344 6.390 -7.499 0.393
P576208 6.171 6.249 -4.876 0.799
P576209 6.039 6.138 -4.858 0.561
P576211 6.218 6.299 -7.407 0.547
P576212 6.107 6.169 -7.023 0.281
P576213 6.386 6.378 -7.523 0.265
P576214 5.986 5.945 -5.311 0.773
P576215 6.444 6.458 -7.961 0.208
P576216 6.344 6.518 -7.798 0.654
P576217 6.332 6.359 -7.826 0.297
P576218 6.432 6.407 -5.854 0.487
P576220 6.592 6.681 -6.589 0.283
P576221 6.408 6.417 -7.294 0.127
P576222 6.121 6.192 -6.568 0.586
P576223 6.345 6.358 -8.003 0.223
P576224 6.489 6.586 -5.998 0.796
P576225 6.217 6.154 -6.299 0.434
P576226 6.062 6.115 -6.823 0.282
P576227 6.529 6.600 -7.898 0.255
P576228 6.501 6.441 -7.766 0.308
P576229 6.438 6.489 -6.080 0.280
P576231 5.967 5.910 -5.223 0.298
P576232 6.564 6.592 -8.178 0.243
P576233 6.630 6.647 -8.113 0.235
P576234 5.892 5.803 -6.346 0.379
P576235 6.293 6.321 -6.750 0.367
P576236 6.103 6.240 -6.422 0.529
P576238 6.318 6.433 -6.711 0.329
P576239 5.977 6.127 -6.123 0.534
P576240 6.033 5.886 -2.854 0.681
P576242 6.296 6.303 -7.200 0.428
P576243 6.456 6.522 -7.420 0.262
P576244 6.254 6.337 -6.286 0.298
P576245 6.516 6.521 -7.856 0.193
P576246 6.564 6.607 -7.825 0.425
P576248 6.510 6.545 -8.116 0.209
P576249 6.502 6.481 -4.983 0.389
P576250 6.407 6.452 -7.993 0.281
P576251 6.213 6.257 -6.534 0.336
P576252 6.378 6.346 -6.959 0.238
P576253 6.264 6.257 -6.338 0.358
P576254 5.924 6.017 -7.083 0.362
P576255 6.414 6.333 -7.015 0.345
P576256 6.072 6.254 -6.813 1.108
P576257 6.473 6.459 -7.224 0.373
P576258 6.365 6.507 -7.046 1.287
P576260 6.072 6.023 -7.122 0.449
P576261 6.481 6.462 -7.119 0.316
P576262 6.312 6.261 -3.971 0.652
P576264 6.668 6.614 -6.914 0.335
P576265 6.543 6.573 -7.244 0.202
P576266 6.397 6.355 -6.934 0.356
P576267 6.408 6.313 -6.867 0.636
P576268 6.351 6.345 -6.665 0.339
P576269 6.353 6.319 -6.852 0.431
P576271 6.537 6.566 -7.268 0.211
P576272 5.753 6.110 -6.975 0.789
P576273 6.360 6.509 -7.586 0.435
P576274 6.628 6.602 -7.545 0.191
P576275 6.582 6.662 -7.510 0.324
P576276 6.134 6.183 -4.847 0.604
P576277 6.430 6.495 -7.452 0.245
P576278 6.314 6.416 -5.289 0.369
P576279 6.465 6.616 -7.796 0.487
P576280 6.267 6.240 -7.189 0.424
P576282 6.373 6.417 -6.463 0.296
P576283 6.494 6.514 -7.307 0.314
P576284 6.331 6.246 -7.187 0.505
P576286 6.283 6.159 -6.904 0.483
P576287 6.021 6.203 -5.789 0.802
P576288 6.396 6.401 -7.272 0.330
P576290 6.147 6.144 -4.578 0.398
P576292 5.983 6.240 -7.100 1.105
P576293 6.264 6.374 -6.141 0.233
P576294 6.532 6.615 -6.618 0.388
P576295 6.393 6.452 -7.622 0.265
P576296 6.270 6.335 -6.310 0.267
P576297 6.216 6.345 -6.063 0.476
P576298 6.442 6.438 -6.166 0.637
P576299 6.502 6.501 -6.804 0.149
P576300 6.500 6.579 -7.499 0.295
P576301 6.306 6.278 -5.446 0.181
P576302 6.580 6.531 -7.803 0.234
P576303 6.537 6.592 -7.451 0.326
P576305 6.509 6.597 -6.521 0.331
P576306 6.479 6.460 -5.823 0.361
P576307 6.221 6.279 -7.212 0.276
P576308 6.431 6.428 -7.514 0.310
P576309 6.390 6.455 -7.352 0.416
P576310 6.183 5.988 -6.580 1.051
P576311 6.566 6.514 -6.621 0.459
P576312 6.601 6.601 -7.867 0.205
P576313 6.493 6.479 -7.515 0.312
P576314 6.325 6.430 -6.141 0.253
P576315 6.306 6.340 -7.198 0.275
P576316 6.339 6.398 -5.917 0.391
P576317 6.491 6.456 -6.057 0.424
P576318 6.578 6.570 -6.837 0.154
P576319 6.380 6.486 -5.477 0.252
P576320 6.631 6.578 -7.796 0.239
P576321 6.615 6.653 -7.448 0.322
P576322 6.671 6.712 -7.229 0.209
P576323 6.523 6.501 -5.825 0.370
P576324 6.343 6.397 -6.307 0.282
P576325 6.352 6.535 -7.826 0.960
P576326 6.526 6.579 -7.411 0.256
P576327 6.259 6.467 -5.672 0.680
P576328 6.694 6.727 -8.131 0.219
P576329 6.671 6.687 -8.382 0.249
P576330 6.566 6.527 -4.973 0.397
P576332 6.577 6.603 -8.129 0.214
P576333 6.619 6.669 -7.819 0.438
P576334 6.460 6.514 -7.632 0.271
P576335 6.367 6.184 -3.878 0.577
P576336 6.448 6.569 -6.689 0.303
P576337 6.281 6.427 -6.955 0.399
P576338 6.591 6.669 -6.621 0.400
P576339 6.463 6.553 -8.277 0.376
P576340 6.308 6.365 -7.087 0.265
P576341 6.146 6.247 -6.962 0.374
P576342 6.217 6.315 -6.746 0.322
P576344 5.866 5.933 -6.555 0.534
P576345 6.360 6.354 -7.025 0.186
P576346 6.502 6.558 -7.443 0.233
P576347 6.198 6.258 -4.845 0.599
P576348 6.268 6.306 -6.868 1.278
P576349 6.274 6.494 -7.411 0.439
P576350 5.678 6.059 -4.917 0.973
P576351 6.156 6.108 -6.333 0.795
P576353 6.297 6.310 -4.002 0.843
P576355 6.667 6.619 -6.714 0.312
P576356 6.500 6.454 -7.049 0.467
P576357 6.102 6.423 -7.370 1.206
P576358 6.578 6.610 -7.138 0.676
P576359 6.490 6.461 -6.897 0.227
P576360 6.402 6.480 -6.727 1.287
P576361 6.578 6.626 -5.823 0.221
P576362 6.551 6.572 -7.198 0.270
P576364 6.037 5.968 -3.279 0.385
P576365 6.334 6.222 -6.518 0.786
P576366 6.083 6.210 -5.252 1.053
P576368 6.528 6.668 -6.050 0.485
P576369 6.154 6.175 -3.532 0.480
P576371 6.400 6.341 -6.838 0.427
P576372 6.555 6.566 -7.362 0.344
P576374 6.430 6.537 -4.745 0.198
P576375 6.313 6.204 -6.588 0.797
P576376 6.423 6.424 -7.026 0.368
P576377 6.672 6.635 -7.327 0.234
P576378 6.275 6.360 -4.466 0.315
P576379 6.718 6.829 -6.769 0.369
P576380 6.248 6.366 -6.483 0.573
P576381 6.754 6.780 -7.516 0.329
P576382 6.509 6.583 -7.429 0.315
P576383 6.645 6.561 -7.658 0.346
P576384 6.613 6.715 -7.759 0.343
P576385 6.317 6.278 -6.925 0.206
P576386 6.606 6.642 -5.940 0.611
P576387 6.495 6.497 -7.806 0.240
P576389 6.403 6.177 -7.115 1.422
P576390 6.189 6.112 -4.455 0.691
P576391 6.204 6.171 -4.796 1.076
P576393 6.306 6.412 -1.217 0.406
P576394 6.395 6.341 -7.297 0.319
P576395 6.604 6.607 -7.795 0.232
P576396 6.548 6.488 -7.386 0.308
P576397 6.676 6.674 -8.515 0.294
P576399 6.717 6.773 -6.491 0.270
P576400 6.496 6.610 -7.672 0.694
P576401 6.416 6.406 -6.876 0.289
P576402 6.342 6.224 -5.189 0.270
P576403 5.966 5.618 -6.160 0.919
P576405 6.129 6.227 -6.667 0.662
P576406 6.546 6.498 -7.354 0.235
P576407 6.672 6.782 -6.765 0.364
P576409 6.380 6.466 -4.726 0.196
P576410 6.412 6.490 -5.586 0.347
P576411 6.426 6.447 -7.992 0.311
P576413 6.470 6.620 -6.287 0.331
P576414 6.628 6.624 -8.530 0.293
P576415 6.428 6.519 -5.707 0.206
P576416 6.378 6.621 -7.863 0.811
P576417 6.159 6.245 -6.640 0.322
P576418 6.309 6.336 -6.276 0.190
P576419 6.629 6.682 -5.708 0.370
P576420 6.267 6.427 -7.445 0.338
P576421 6.537 6.571 -6.677 0.216
P576422 6.411 6.600 -7.225 0.407
P576423 5.882 6.169 -6.255 1.046
P576424 6.368 6.517 -7.187 0.361
P576425 6.360 6.521 -7.446 0.349
P576426 6.498 6.506 -7.988 0.315
P576427 6.426 6.412 -4.351 0.230
P576429 6.533 6.673 -6.355 0.383
P576430 6.273 6.547 -7.028 0.594
P576431 6.275 6.597 -6.834 0.536
P576432 6.363 6.568 -6.796 0.601
P576434 6.478 6.599 -6.139 0.404
P576435 6.267 6.426 -5.777 0.682
P576436 6.324 6.514 -7.017 0.431
P576437 6.526 6.626 -5.604 0.362
P576438 6.225 6.402 -6.598 0.405
P576439 6.407 6.708 -6.827 0.549
P576440 6.256 6.535 -6.975 0.568
P576441 6.215 6.420 -5.794 0.524
P576442 6.178 6.437 -5.609 0.646
P576443 6.201 6.525 -6.838 1.077
P576444 6.374 6.543 -6.566 0.356
P576445 6.482 6.631 -6.431 0.379
P576446 6.479 6.662 -7.015 0.422
P576447 6.527 6.637 -7.302 0.366
P576448 6.498 6.696 -6.219 0.569
P576449 6.769 6.802 -6.296 0.311
P576451 6.405 6.103 -5.981 2.161
P576453 6.509 6.538 -3.837 0.692
P576455 6.492 6.570 -1.953 0.457
P576456 6.378 6.445 -0.574 0.549
P576457 6.274 6.297 -2.357 0.788
P576459 6.443 6.443 -6.762 0.426
P576460 6.249 6.375 -6.298 0.639
P576461 6.640 6.658 -7.582 0.249
P576462 6.580 6.524 -7.232 0.373
P576463 6.551 6.554 -6.977 0.246
P576464 6.001 5.743 -5.875 0.682
P576465 6.611 6.729 -6.716 0.618
P576466 6.621 6.565 -6.679 0.349
P576467 6.501 6.589 -6.299 0.440
P576468 6.049 6.086 -4.083 0.562
P576469 6.551 6.626 -7.518 0.244
P576470 6.478 6.703 -7.414 0.366
P576471 6.549 6.551 -7.619 0.270
P576472 6.611 6.644 -5.902 1.200
P576473 6.412 6.351 -7.079 0.381
P576474 6.187 6.300 -6.310 0.428
P576475 6.344 6.599 -6.815 0.554
P576476 6.545 6.688 -6.757 0.277
P576477 6.663 6.677 -4.744 0.238
P576478 6.311 6.498 -5.481 0.567
P576479 6.362 6.561 -7.377 0.404
P576481 6.419 6.606 -7.404 0.326
P576482 6.214 6.243 0.449 0.426
P576483 6.127 5.764 -4.010 2.039
P576484 6.210 5.336 -6.192 3.036
P576486 6.067 5.894 -6.435 1.464
P576487 6.198 6.055 -3.061 0.548
P576488 6.523 6.601 -8.003 0.482
P576489 5.973 5.319 -3.259 1.333
P576490 6.536 6.644 -7.451 1.091
P576491 6.443 6.470 -6.225 0.279
P576492 6.368 6.468 -5.993 0.465
P576493 6.553 6.588 -7.471 0.274
P576494 6.653 6.685 -6.403 0.206
P576495 6.578 6.640 -7.310 0.256
P576496 6.538 6.581 -7.188 0.454
P576497 6.543 6.540 -6.067 0.734
P576498 6.629 6.618 -6.725 0.175
P576499 6.659 6.653 -7.707 0.248
P576500 6.476 6.365 -6.489 0.711
P576501 6.524 6.590 -6.364 0.261
P576502 6.561 6.552 -7.369 0.337
P576503 6.456 6.524 -6.086 0.237
P576504 6.399 6.443 -7.073 0.279
P576505 6.376 6.253 -4.207 0.504
P576506 6.607 6.610 -5.778 0.303
P576508 6.730 6.765 -7.287 0.324
P576509 6.601 6.577 -7.667 0.317
P576510 6.511 6.587 -5.472 0.270
P576511 6.569 6.607 -7.381 0.356
P576513 6.823 6.851 -6.377 0.612
P576514 6.497 6.541 -5.239 0.441
P576515 6.554 6.571 -4.055 0.244
P576516 6.500 6.507 -7.618 0.266
P576517 6.744 6.670 -7.335 0.437
P576518 6.698 6.746 -7.517 0.395
P576519 6.434 6.449 -7.602 0.250
P576520 6.415 6.470 -6.229 0.305
P576521 6.770 6.748 -8.209 0.288
P576522 6.619 6.584 -4.997 0.428
P576524 6.665 6.642 -7.963 0.246
P576525 6.484 6.570 -7.811 0.299
P576526 6.326 6.554 -5.619 0.700
P576527 6.780 6.745 -7.944 0.245
P576528 6.473 6.519 -6.462 0.675
P576529 6.631 6.666 -7.292 0.280
P576530 6.423 6.479 -6.035 0.342
P576531 6.520 6.566 -7.594 0.337
P576532 6.420 6.542 -6.002 0.547
P576533 6.600 6.587 -7.256 0.685
P576534 6.691 6.681 -7.471 0.312
P576535 6.730 6.781 -7.377 0.462
P576536 6.696 6.691 -7.737 0.375
P576538 6.579 6.577 -4.918 0.482
P576539 6.451 6.071 -4.128 0.816
P576540 6.335 6.403 -3.077 0.233
P576541 6.648 6.686 -7.084 0.463
P576542 6.273 6.535 -5.428 0.593
P576543 6.807 6.787 -7.738 0.370
P576545 6.268 6.149 -6.409 0.634
P576546 6.282 5.658 -5.128 1.731
P576547 6.404 6.479 -5.316 0.407
P576548 6.762 6.726 -4.357 0.323
P576550 6.256 5.998 -6.677 0.640
P576551 6.818 6.703 -6.631 0.355
P576552 6.298 5.759 -1.990 2.475
P576553 6.141 5.913 -3.259 0.680
P576554 6.243 6.071 -6.507 1.001
P576556 6.700 6.710 -3.652 0.282
P576557 6.493 6.585 -3.354 0.261
P576558 6.258 6.225 -2.444 0.862
P576559 6.340 5.975 -5.286 1.843
P576560 6.350 6.390 -3.244 0.591
P576561 6.475 6.452 -2.865 0.306
P576562 6.216 5.671 -4.925 1.311
P576564 6.402 6.030 -4.089 0.831
P576565 6.286 6.350 -3.073 0.238
P576566 6.405 6.616 -3.524 0.654
P576567 6.469 6.530 -5.715 0.926
P576569 6.237 6.048 -5.202 1.325
P576570 6.264 6.056 -4.486 0.950
P576571 6.445 6.458 -6.897 0.323
P576572 6.303 6.269 -2.580 0.466
P576573 5.415 5.166 -5.715 1.352
P576574 6.398 6.218 -4.090 0.512
P576575 6.693 6.726 -6.244 0.332
P576577 6.409 6.524 -5.236 0.462
P576578 6.487 6.578 -6.604 0.339
P576579 6.506 6.610 -5.387 0.321
P576581 6.273 6.649 -4.443 0.821
P576582 6.573 6.838 -6.207 0.501
P576583 6.360 6.560 -4.056 0.660
P576584 6.587 6.613 -5.964 0.168
P576585 6.157 6.502 -6.403 0.892
P576587 6.281 6.673 -5.702 0.609
P576588 6.596 6.658 -7.771 0.268
P576589 6.518 6.562 -5.482 0.361
P576590 6.528 6.531 -7.824 0.309
P576591 6.533 6.527 -4.380 0.246
P576593 6.603 6.748 -6.241 0.371
P576594 6.355 6.368 -6.672 0.382
P576595 6.613 6.667 -6.040 0.412
P576596 6.690 6.628 -6.265 0.453
P576597 6.530 6.403 -5.715 0.400
P576598 6.536 6.614 -6.793 0.517
P576599 6.739 6.711 -8.345 0.310
P576600 6.427 6.535 -5.619 0.232
P576601 6.742 6.863 -6.662 0.356
P576603 6.532 6.597 -4.700 0.238
P576604 6.519 6.638 -5.268 0.374
P576605 6.584 6.629 -5.680 0.261
P576606 6.765 6.681 -6.646 0.332
P576607 6.679 6.721 -6.369 0.463
P576608 6.591 6.606 -7.238 0.301
P576609 6.469 6.494 -6.050 0.284
P576610 6.343 6.489 -5.851 0.537
P576611 6.509 6.549 -6.562 0.589
P576612 6.651 6.633 -6.483 0.175
P576613 6.640 6.669 -7.114 0.344
P576614 6.596 6.628 -7.255 0.718
P576615 6.499 6.624 -5.353 0.356
P576616 6.565 6.603 -6.956 0.476
P576617 6.259 6.309 -4.676 0.627
P576618 6.599 6.575 -7.466 0.346
P576619 6.707 6.728 -7.113 0.383
P576620 6.325 6.234 -7.182 0.555
P576621 6.416 6.205 -3.462 1.929
P576622 6.241 5.118 -7.036 4.080
P576623 6.341 6.269 -3.103 0.371
P576624 6.541 6.394 -3.456 0.524
P576625 6.546 6.470 -2.739 0.295
P576626 6.433 6.467 -0.640 0.458
P576627 6.202 5.840 -5.997 1.020
P576629 6.493 5.317 -7.690 3.886
P576630 6.356 6.470 0.860 0.445
P576632 6.320 5.966 -4.863 1.652
P576633 6.186 6.106 -2.013 0.537
P576634 6.487 6.395 -4.894 1.734
P576636 6.303 6.459 -2.409 0.676
P576637 6.131 5.943 -2.924 0.503
P576639 6.582 6.557 -5.117 0.287
P576640 6.176 5.548 -4.741 2.405
P576641 6.539 6.612 -6.953 0.215
P576645 6.409 6.402 -4.291 1.937
P576646 6.511 6.651 -4.975 0.425
P576647 6.232 6.092 -4.603 0.518
P576648 6.592 6.607 -7.464 0.274
P576649 6.420 6.771 -7.365 0.327
P576650 5.757 5.105 -5.884 2.091
P576651 6.562 6.670 -5.129 0.435
P576653 6.531 6.606 -4.640 0.252
P576655 6.752 6.863 -6.454 0.345
P576656 6.423 6.528 -5.523 0.299
P576657 6.735 6.738 -8.116 0.245
P576658 6.437 6.483 -2.368 0.405
P576659 5.966 5.760 -4.340 0.825
P576660 6.344 6.371 -6.506 0.710
P576661 6.611 6.736 -6.075 0.403
P576663 6.523 6.530 -4.273 0.327
P576664 6.527 6.543 -7.592 0.406
P576665 6.551 6.590 -5.404 0.445
P576666 6.652 6.678 -5.905 0.456
P576667 5.323 5.293 -6.756 0.320
P576668 4.999 4.707 -5.946 1.223
P576669 5.365 5.301 -6.712 0.301
P576670 5.276 5.068 -5.420 0.838
P576671 5.686 5.527 -5.268 0.322
P576672 5.312 5.309 -7.449 0.909
P576673 5.376 5.357 -6.767 0.450
P576674 5.405 5.424 -7.453 0.470
P576675 5.216 5.271 -7.090 1.025
P576676 5.458 5.234 -6.678 0.764
P576677 5.256 5.191 -6.680 1.048
P576678 5.211 5.182 -6.692 0.728
P576679 5.464 5.410 -6.643 0.708
P576680 5.233 5.192 -6.808 0.407
P576681 5.487 5.620 -6.171 0.617
P576682 5.478 5.378 -7.206 0.278
P576683 5.260 5.136 -6.482 1.342
P576684 5.257 5.245 -6.674 0.426
P576685 5.452 5.295 -7.217 0.378
P576686 5.361 5.431 -6.500 0.313
P576687 5.405 5.325 -5.811 0.714
P576688 5.216 5.333 -6.954 0.486
P576689 5.099 5.224 -6.301 1.092
P576690 5.266 5.324 -6.812 0.272
P576691 5.318 5.320 -6.786 0.933
P576692 5.204 5.073 -6.197 0.924
P576693 5.390 5.599 -6.172 0.812
P576694 5.427 5.330 -6.451 0.517
P576695 5.397 5.158 -6.734 0.705
P576696 5.250 5.275 -4.831 0.799
P576697 5.570 5.562 -6.593 0.421
P576698 5.537 5.479 -6.275 0.224
P576699 5.435 5.441 -5.890 1.272
P576700 5.540 5.581 -6.561 0.281
P576701 5.416 5.050 -6.053 1.341
P576702 5.127 4.954 -6.282 1.384
P576703 5.183 5.258 -6.963 0.351
P576704 5.123 4.916 -6.048 1.651
P576705 5.158 5.130 -6.008 1.204
P576706 4.976 5.071 -5.611 0.379
P576707 5.259 5.412 -7.283 0.823
P576708 5.650 5.636 -7.120 0.458
P576709 5.476 5.468 -7.290 0.268
P576710 5.293 5.363 -6.909 0.311
P576711 5.339 5.382 -7.252 0.277
P576712 5.138 5.273 -6.966 1.309
P576713 4.907 5.090 -6.196 0.586
P576714 5.345 5.304 -6.807 0.466
P576715 5.073 5.071 -6.277 0.665
P576716 5.488 5.320 -7.121 0.792
P576717 5.345 5.371 -6.808 0.511
P576718 5.152 5.338 -6.968 0.991
P576719 5.242 5.243 -6.554 0.597
P576720 5.045 5.090 -6.109 0.437
P576721 4.887 4.812 -5.033 0.264
P576722 5.008 4.843 -6.176 1.166
P576723 5.144 4.944 -6.388 0.913
P576724 5.126 4.948 -6.213 1.239
P576725 5.485 5.358 -6.877 0.860
P576726 5.685 5.595 -5.278 0.287
P576727 5.578 5.566 -7.219 0.178
P576728 5.285 5.451 -6.882 0.766
P576729 5.315 5.393 -6.895 0.283
P576730 5.414 5.328 -7.287 0.364
P576731 5.319 5.362 -6.841 0.337
P576732 5.348 5.377 -7.442 0.395
P576733 5.275 5.281 -6.927 0.445
P576734 5.108 5.158 -6.926 0.422
P576735 5.434 5.486 -6.526 0.281
P576736 5.184 5.147 -7.139 0.344
P576737 5.571 5.440 -5.806 0.334
P576738 5.504 5.516 -6.750 0.293
P576739 5.470 5.494 -6.680 0.259
P576740 5.251 5.353 -6.272 0.305
P576741 5.223 5.127 -6.384 0.295
P576742 5.555 5.606 -6.680 0.234
P576743 5.532 5.602 -6.474 0.245
P576744 5.236 5.285 -7.184 0.286
P576745 5.430 5.398 -7.195 0.193
P576746 5.570 5.601 -6.893 0.136
P576747 5.499 5.534 -7.155 0.272
P576748 5.109 5.144 -6.123 0.445
P576749 5.159 5.149 -5.876 0.689
P576750 5.402 5.375 -5.575 0.294
P576751 5.407 5.500 -6.730 0.451
P576752 5.237 5.209 -6.452 0.309
P576753 5.612 5.625 -7.082 0.622
P576754 5.318 5.508 -5.928 0.839
P576755 5.470 5.358 -6.935 0.614
P576756 5.042 5.020 -6.103 1.179
P576758 5.538 5.501 -7.069 0.196
P576759 5.397 5.515 -7.024 0.845
P576760 5.316 5.432 -6.846 0.527
P576762 5.383 5.503 -6.231 0.828
P576763 5.513 5.506 -6.649 0.329
P576765 5.193 5.260 -6.358 0.343
P576766 5.372 5.349 -6.919 1.523
P576767 5.642 5.697 -7.697 0.291
P576768 5.342 5.575 -7.785 0.528
P576769 5.587 5.613 -7.747 0.161
P576770 5.342 5.291 -7.200 0.745
P576771 5.403 5.497 -6.503 0.678
P576772 5.094 5.152 -6.024 0.607
P576773 5.377 5.455 -7.174 0.640
P576774 5.482 5.468 -7.129 0.513
P576775 5.223 5.196 -6.245 0.351
P576776 5.350 5.373 -7.973 0.469
P576777 5.149 5.062 -6.937 0.386
P576778 5.509 5.332 -6.469 0.611
P576780 5.016 5.054 -5.185 0.528
P576781 5.451 5.532 -7.036 0.315
P576782 5.769 5.817 -7.391 0.318
P576783 5.438 5.435 -6.586 0.247
P576784 5.402 5.307 -6.293 0.889
P576786 5.460 5.502 -6.539 0.479
P576788 5.603 5.623 -7.691 0.236
P576789 5.320 5.338 -6.468 0.293
P576790 5.614 5.576 -6.435 0.230
P576791 5.628 5.631 -6.915 0.205
P576792 5.591 5.547 -5.483 0.316
P576793 5.568 5.591 -6.514 0.326
P576794 5.073 5.058 -5.044 0.721
P576795 5.578 5.647 -7.570 0.578
P576797 5.436 5.479 -6.581 0.259
P576798 5.458 5.484 -7.435 0.232
P576799 5.719 5.750 -6.875 0.251
P576800 5.377 5.468 -7.100 0.245
P576801 5.511 5.496 -7.513 0.184
P576802 5.698 5.681 -7.321 0.465
P576803 5.733 5.756 -6.427 0.217
P576805 5.488 5.527 -7.129 0.642
P576806 5.521 5.462 -6.864 0.317
P576808 5.522 5.549 -7.125 1.127
P576810 5.825 5.672 -5.954 0.889
P576811 5.619 5.633 -7.165 0.176
P576813 5.185 5.148 -5.955 0.797
P576814 5.226 5.313 -7.127 0.460
P576815 5.642 5.587 -6.958 1.166
P576816 5.370 5.312 -6.245 0.516
P576818 5.456 5.544 -5.813 0.837
P576819 5.278 5.287 -6.820 1.068
P576821 5.357 5.406 -6.377 1.113
P576823 5.689 5.691 -6.147 0.505
P576824 5.161 5.128 -5.654 0.588
P576825 5.592 5.520 -6.505 0.521
P576827 5.703 5.587 -6.843 0.839
P576828 5.195 5.397 -7.080 0.793
P576829 5.475 5.440 -6.065 0.806
P576830 5.339 5.350 -6.561 0.549
P576832 5.203 5.261 -5.763 0.436
P576834 5.493 5.391 -6.722 0.869
P576835 5.026 4.959 -5.424 0.691
P576836 5.097 5.479 -6.807 1.427
P576837 5.539 5.331 -7.213 0.785
P576838 5.571 5.286 -6.903 0.941
P576839 5.487 5.460 -6.583 0.196
P576840 5.326 5.311 -6.533 1.364
P576841 5.154 5.089 -6.073 1.207
P576842 5.109 4.910 -5.535 0.759
P576843 5.216 5.095 -5.512 0.820
P576844 5.458 5.275 -5.965 1.173
P576845 5.484 5.177 -6.943 0.917
P576846 5.394 5.301 -6.677 0.693
P576847 5.322 4.972 -5.848 1.416
P576848 5.125 4.895 -5.879 1.495
P576849 5.669 5.775 -6.798 0.678
P576850 5.321 5.548 -6.651 0.783
P576851 5.626 5.686 -6.684 0.601
P576852 5.458 5.490 -6.884 0.624
P576853 5.484 5.497 -7.319 0.684
P576854 5.577 5.579 -7.145 0.522
P576855 5.542 5.610 -6.934 0.602
P576856 5.423 5.564 -5.774 0.875
P576857 5.360 5.344 -5.466 0.869
P576858 5.259 5.110 -5.096 0.945
P576859 5.413 5.254 -5.564 0.827
P576860 5.273 5.183 -5.477 0.808
P576861 5.412 5.024 -6.297 1.158
P576862 5.246 5.273 -6.920 0.283
P576863 5.548 5.470 -6.812 0.446
P576864 5.339 5.371 -7.210 0.591
P576865 5.221 5.263 -6.446 0.536
P576866 5.160 5.168 -6.727 0.397
P576867 5.526 5.434 -6.739 0.537
P576868 5.276 5.213 -7.235 0.330
P576869 5.331 5.606 -6.445 0.856
P576870 5.190 5.098 -6.915 0.599
P576871 5.489 5.507 -5.971 0.827
P576872 5.419 5.438 -6.443 1.049
P576873 5.368 5.278 -5.399 0.397
P576874 4.939 4.874 -5.374 0.237
P576875 5.198 5.023 -6.640 0.976
P576876 5.133 4.924 -6.195 1.167
P576878 5.234 4.995 -6.989 1.079
P576880 5.200 4.999 -6.788 1.183
P576881 5.248 5.188 -4.598 0.251
P576882 5.545 5.553 -6.103 0.720
P576883 5.258 5.255 -6.390 0.267
P576885 5.611 5.457 -5.635 0.256
P576886 5.263 5.184 -6.733 1.140
P576887 5.303 5.349 -6.504 0.392
P576888 5.221 5.246 -6.059 0.421
P576889 5.395 5.308 -6.449 0.788
P576890 5.480 5.486 -5.539 0.259
P576891 4.947 5.228 -6.655 1.605
P576892 5.500 5.505 -6.779 0.652
P576893 5.046 5.107 -6.617 0.577
P576895 5.188 5.237 -6.129 0.429
P576896 5.243 5.289 -6.701 0.368
P576897 5.055 5.394 -6.704 1.108
P576898 5.142 5.076 -6.035 0.655
P576899 5.489 5.448 -6.067 0.216
P576900 5.510 5.539 -5.539 1.022
P576901 5.422 5.365 -6.376 0.316
P576902 5.530 5.501 -6.974 0.435
P576904 5.290 4.988 -6.825 1.091
P576906 4.960 4.599 -5.667 2.084
P576907 5.105 4.997 -5.850 0.271
P576908 5.038 5.153 -5.312 0.262
P576909 5.058 4.956 -4.947 0.316
P576910 5.289 5.297 -5.985 0.200
P576911 5.287 4.941 -5.799 1.246
P576912 5.312 5.036 -6.607 1.178
P576913 5.615 5.482 -6.589 1.184
P576914 5.199 5.218 -4.388 0.494
P576915 4.919 4.828 -5.611 0.249
P576916 5.252 5.020 -6.610 1.101
P576917 5.074 4.729 -5.871 1.196
P576918 4.995 5.064 -5.636 0.292
P576920 5.120 5.142 -5.810 1.256
P576921 5.256 5.284 -5.451 0.182
P576923 5.503 5.379 -6.334 1.148
P576924 5.142 5.255 -5.495 0.283
P576925 5.017 4.744 -5.799 1.260
P576926 5.212 5.003 -5.107 1.508
P576927 5.229 4.890 -6.036 1.241
P576929 5.289 5.395 -6.155 0.382
P576930 5.245 4.990 -5.985 0.953
P576931 5.234 4.937 -6.179 1.174
P576932 5.049 5.221 -4.951 0.523
P576934 5.540 5.528 -7.110 0.389
P576935 5.333 5.300 -7.945 0.551
P576936 5.560 5.688 -7.444 1.384
P576937 5.187 5.195 -6.557 0.538
P576938 5.233 5.181 -5.656 0.645
P576939 5.526 5.496 -6.968 0.251
P576940 5.596 5.521 -5.900 0.262
P576941 5.412 5.435 -6.865 0.305
P576942 5.387 5.418 -6.535 0.153
P576943 5.308 5.308 -4.951 0.187
P576944 5.415 5.360 -7.483 0.229
P576945 5.418 5.407 -6.044 0.217
P576946 5.634 5.656 -6.636 0.324
P576948 5.247 5.551 -6.753 1.062
P576949 5.327 5.193 -5.378 0.727
P576950 5.222 5.226 -6.330 0.211
P576952 5.759 5.744 -6.553 0.320
P576953 5.498 5.528 -6.988 0.308
P576954 5.376 5.378 -6.267 0.179
P576955 5.288 5.252 -8.001 0.275
P576956 5.279 5.325 -6.868 0.678
P576957 5.572 5.566 -7.542 0.240
P576958 5.393 5.397 -6.899 0.489
P576959 5.538 5.486 -7.997 0.341
P576962 5.328 5.400 -6.915 0.300
P576963 5.621 5.619 -6.523 0.232
P576967 5.263 5.343 -6.942 0.315
P576968 5.338 5.327 -7.421 1.044
P576969 5.207 5.137 -5.538 0.459
P576970 5.577 5.589 -7.080 0.298
P576971 5.354 5.381 -6.706 0.184
P576972 5.440 5.318 -7.106 0.424
P576974 5.528 5.513 -7.437 0.371
P576975 5.236 5.283 -6.488 0.262
P576977 5.509 5.482 -7.885 0.244
P576978 5.417 5.593 -5.949 0.646
P576979 5.366 5.671 -7.215 1.632
P576980 5.116 5.148 -5.521 0.548
P576981 5.422 5.543 -7.324 0.640
P576982 5.000 5.312 -7.082 1.196
P576983 5.271 5.389 -7.438 0.659
P576984 5.412 5.393 -7.238 0.693
P576985 5.655 5.717 -6.527 0.434
P576986 5.488 5.435 -7.158 0.700
P576987 5.073 5.203 -6.414 0.999
P576990 5.191 5.180 -6.174 0.883
P576992 5.652 5.711 -6.576 0.473
P576993 5.850 5.855 -7.149 0.445
P576994 5.281 5.057 -5.939 0.439
P576995 5.271 5.333 -6.555 0.195
P576996 4.961 5.393 -6.903 1.058
P576997 5.155 5.103 -5.730 0.281
P576998 5.489 5.463 -7.287 0.571
P576999 5.193 5.279 -5.856 0.325
P577000 5.509 5.340 -7.293 0.789
P577001 5.330 5.285 -7.478 0.485
P577002 5.008 5.273 -6.842 1.027
P577003 5.238 5.279 -6.073 0.257
P577005 5.553 5.516 -7.191 0.452
P577006 5.488 5.487 -7.607 0.242
P577007 5.349 5.397 -5.923 0.227
P577008 5.354 5.343 -5.914 0.140
P577010 5.075 5.276 -4.887 0.521
P577011 5.455 5.422 -8.077 0.288
P577012 5.653 5.614 -7.457 0.253
P577013 5.312 5.267 -6.776 0.800
P577014 5.165 5.199 -7.197 0.269
P577015 5.637 5.641 -7.043 0.216
P577016 5.555 5.539 -7.918 0.208
P577018 5.227 5.266 -6.464 0.181
P577020 5.109 5.251 -6.239 0.446
P577023 5.694 5.662 -6.986 0.445
P577024 5.472 5.466 -6.489 0.331
P577025 5.274 5.197 -7.048 0.336
P577026 5.808 5.719 -6.978 0.274
P577027 5.583 5.629 -7.236 0.211
P577028 5.551 5.667 -7.079 0.567
P577030 5.502 5.534 -6.679 0.230
P577031 5.694 5.629 -7.358 0.507
P577032 5.659 5.677 -7.683 0.231
P577033 5.570 5.545 -7.124 0.472
P577034 5.669 5.626 -7.446 0.598
P577036 5.225 5.261 -6.915 0.467
P577037 5.603 5.468 -5.573 0.343
P577038 5.732 5.743 -7.246 0.370
P577039 5.648 5.645 -7.440 0.360
P577042 5.518 5.445 -7.441 0.168
P577043 5.574 5.585 -5.924 0.304
P577044 5.846 5.853 -7.013 0.181
P577045 5.670 5.587 -5.429 0.346
P577046 5.397 5.459 -6.692 0.294
P577047 5.296 5.552 -6.673 0.588
P577048 5.373 5.297 -5.933 0.218
P577049 5.345 5.369 -6.509 0.365
P577050 5.430 5.467 -7.290 0.294
P577052 5.518 5.498 -7.478 0.193
P577053 5.476 5.512 -7.008 0.341
P577054 5.128 5.194 -6.433 0.721
P577055 5.527 5.511 -7.055 0.196
P577056 5.243 5.256 -6.011 0.236
P577057 5.443 5.488 -6.640 0.316
P577058 5.657 5.719 -7.390 0.271
P577059 5.531 5.483 -7.469 0.171
P577060 5.387 5.480 -7.012 0.801
P577061 5.321 5.359 -7.046 0.420
P577063 5.460 5.448 -7.129 0.349
P577064 5.866 5.931 -7.272 0.339
P577066 5.718 5.631 -7.278 0.591
P577068 5.193 5.276 -5.243 0.278
P577069 5.610 5.658 -6.760 0.477
P577070 5.374 5.378 -7.212 0.590
P577071 5.314 5.374 -7.416 0.388
P577072 5.246 5.271 -6.576 0.545
P577073 5.589 5.666 -7.107 0.391
P577074 5.508 5.646 -7.151 1.339
P577075 5.432 5.409 -5.604 0.242
P577076 5.206 5.605 -7.241 1.330
P577077 5.269 5.223 -5.800 0.694
P577078 5.344 5.320 -7.439 0.217
P577079 5.356 5.411 -6.624 0.137
P577080 5.248 5.506 -7.216 0.687
P577081 5.541 5.555 -7.456 0.292
P577082 5.759 5.731 -6.522 0.265
P577084 5.411 5.413 -7.880 0.297
P577085 5.677 5.701 -5.660 0.257
P577086 5.467 5.430 -7.450 0.257
P577088 5.464 5.489 -6.850 0.308
P577089 5.493 5.523 -6.798 0.201
P577090 5.619 5.754 -7.019 1.150
P577091 5.386 5.421 -6.229 0.499
P577092 5.572 5.540 -6.964 0.238
P577093 5.642 5.571 -5.869 0.280
P577094 5.385 5.491 -7.268 0.591
P577095 5.525 5.564 -7.274 0.284
P577096 5.515 5.470 -7.195 0.454
P577097 5.397 5.439 -5.886 0.208
P577098 5.262 5.242 -4.951 0.397
P577100 5.227 5.217 -5.351 0.558
P577101 5.383 5.265 -5.683 0.827
P577102 5.295 5.208 -6.436 1.586
P577103 5.446 5.174 -6.322 1.196
P577104 4.989 5.071 -5.192 0.782
P577106 5.517 5.539 -6.287 1.226
P577107 5.448 5.484 -6.904 1.437
P577108 5.601 5.597 -7.488 0.206
P577110 5.434 5.448 -7.393 0.249
P577111 5.501 5.519 -7.379 0.322
P577113 5.724 5.766 -7.426 0.872
P577115 5.526 5.503 -5.404 0.596
P577116 5.231 5.087 -5.697 0.368
P577117 5.346 5.299 -7.377 0.426
P577118 5.486 5.511 -7.026 0.237
P577119 5.264 5.473 -6.877 0.899
P577120 5.508 5.447 -7.446 0.229
P577121 5.561 5.604 -6.949 0.232
P577123 4.891 5.374 -7.041 1.294
P577124 5.333 5.307 -5.840 0.234
P577125 5.354 5.392 -6.834 0.184
P577126 5.235 5.263 -6.712 0.617
P577127 5.533 5.704 -7.530 1.386
P577128 5.157 5.064 -6.491 0.401
P577130 5.773 5.758 -6.660 0.212
P577132 5.341 5.405 -6.950 0.365
P577133 5.526 5.455 -6.816 0.740
P577134 5.173 5.364 -5.730 1.225
P577135 5.495 5.464 -7.400 0.440
P577136 5.299 5.291 -4.929 0.333
P577137 5.644 5.607 -6.925 0.283
P577138 5.524 5.510 -7.257 0.271
P577139 5.450 5.313 -5.849 0.379
P577140 5.515 5.284 -6.976 0.764
P577141 5.490 5.426 -6.826 0.646
P577142 5.599 5.549 -6.353 0.921
P577143 5.591 5.627 -5.966 0.621
P577144 5.397 5.332 -6.730 0.176
P577145 5.618 5.636 -7.669 0.167
P577146 5.866 5.876 -7.094 0.260
P577147 5.559 5.562 -7.217 1.201
P577148 5.029 5.046 -6.242 0.233
P577150 5.361 5.396 -7.390 1.176
P577151 5.309 5.576 -7.527 0.802
P577152 5.369 5.355 -7.091 0.278
P577154 5.476 5.474 -6.911 0.264
P577156 5.663 5.713 -7.419 0.361
P577157 5.447 5.462 -6.561 0.287
P577159 5.411 5.069 -6.674 1.278
P577160 5.162 5.164 -6.149 0.135
P577161 5.384 5.486 -6.989 1.170
P577162 5.779 5.698 -6.304 0.300
P577164 5.118 5.482 -7.250 0.506
P577165 5.232 5.378 -6.281 0.443
P577167 5.546 5.584 -6.908 0.221
P577168 5.095 5.254 -5.044 0.527
P577169 5.579 5.618 -6.731 0.404
P577170 5.777 5.719 -6.493 0.525
P577171 5.184 5.326 -6.270 0.496
P577173 5.530 5.587 -6.637 0.327
P577174 5.870 5.831 -7.423 0.478
P577175 5.404 5.452 -6.840 0.284
P577176 5.227 5.243 -7.397 0.302
P577177 5.698 5.850 -7.768 0.448
P577178 5.704 5.711 -7.753 0.189
P577179 5.515 5.486 -7.618 0.267
P577180 5.417 5.360 -6.607 0.480
P577181 5.608 5.613 -7.051 0.250
P577182 5.614 5.650 -7.693 0.226
P577183 5.597 5.561 -7.748 0.338
P577185 5.355 5.405 -6.991 0.233
P577187 5.504 5.372 -4.907 0.906
P577188 5.428 5.769 -6.676 0.743
P577189 5.581 5.626 -7.440 0.333
P577191 5.653 5.640 -7.105 0.434
P577192 5.507 5.501 -7.993 0.274
P577194 5.488 5.542 -7.529 0.304
P577195 5.615 5.656 -7.126 0.354
P577197 5.635 5.497 -7.665 0.506
P577198 5.388 5.589 -7.460 0.779
P577199 5.667 5.634 -7.210 0.454
P577200 5.389 5.015 -5.985 1.365
P577201 5.209 5.082 -6.302 1.132
P577202 5.429 5.174 -6.025 1.254
P577203 5.043 5.123 -5.126 0.354
P577204 5.154 5.252 -4.399 0.508
P577205 5.119 5.073 -6.600 1.743
P577207 5.217 4.902 -6.122 1.349
P577208 5.160 5.172 -4.630 0.637
P577209 5.434 5.367 -4.371 0.330
P577210 5.185 5.052 -3.624 0.467
P577211 5.339 5.162 -6.116 1.338
P577212 5.087 5.079 -5.242 0.312
P577213 5.764 5.698 -4.889 0.692
P577214 5.482 5.456 -5.348 0.451
P577215 5.505 5.554 -5.649 0.584
P577216 5.465 5.445 -5.551 0.443
P577217 5.390 5.394 -5.000 1.206
P577218 5.530 5.458 -5.226 0.483
P577219 5.465 5.427 -4.813 0.451
P577220 5.384 5.250 -6.178 0.860
P577221 5.528 5.123 -6.721 1.255
P577222 5.495 4.879 -6.487 1.413
P577223 5.344 5.418 -4.831 0.788
P577224 5.685 5.642 -6.001 0.857
P577225 5.035 5.094 -5.283 0.770
P577226 5.166 5.288 -4.004 0.480
P577227 5.793 5.646 -4.901 0.851
P577228 5.147 5.145 -5.588 0.288
P577229 5.310 5.481 -5.723 0.661
P577230 5.533 5.443 -5.931 0.598
P577231 5.443 5.462 -4.976 0.535
P577232 5.510 5.277 -4.705 0.998
P577233 5.228 5.228 -4.795 0.327
P577234 5.444 5.406 -5.886 0.622
P577235 5.352 5.468 -5.107 1.240
P577236 5.836 5.735 -5.140 0.924
P577237 5.742 5.889 -5.415 0.474
P577238 5.336 5.284 -4.348 0.601
P577239 4.993 4.872 -5.848 1.425
P577240 5.151 4.842 -6.166 1.419
P577241 5.219 5.285 -5.770 0.356
P577242 5.214 4.979 -6.149 1.472
P577243 5.090 4.779 -5.705 1.537
P577244 5.088 5.123 -5.417 0.305
P577245 5.290 5.053 -5.846 1.627
P577246 5.137 5.023 -6.247 1.459
P577247 5.457 5.220 -6.302 1.587
P577248 5.767 5.435 -6.331 1.454
P577249 5.379 5.118 -5.685 1.633
P577250 5.729 5.770 -5.992 0.393
P577251 5.539 5.500 -3.212 0.755
P577252 5.398 5.402 -3.707 0.798
P577253 5.270 5.278 -6.673 1.215
P577254 5.104 5.115 -6.190 1.137
P577255 5.361 5.406 -5.454 1.447
P577256 5.403 5.484 -4.988 0.488
P577257 5.492 5.507 -6.109 1.007
P577258 4.960 4.868 -5.231 0.331
P577259 5.247 4.567 -6.354 1.527
P577260 5.472 4.939 -6.069 1.498
P577261 5.235 4.451 -6.094 2.258
P577262 4.977 5.075 -5.271 0.848
P577263 5.510 5.498 -4.442 0.352
P577264 5.378 5.243 -6.155 0.461
P577265 5.455 5.498 -5.378 0.537
P577267 5.707 5.797 -6.480 0.678
P577269 5.654 5.767 -6.932 0.565
P577270 5.511 5.780 -6.994 0.854
P577271 5.441 5.582 -6.416 0.903
P577272 5.929 5.906 -7.147 0.532
P577273 5.661 5.714 -5.956 1.303
P577275 5.667 5.630 -7.346 0.522
P577276 5.673 5.590 -7.264 0.471
P577277 5.453 5.536 -6.266 0.490
P577278 5.802 5.769 -6.729 0.611
P577279 5.656 5.656 -7.148 0.605
P577280 5.611 5.658 -7.194 0.747
P577281 5.643 5.822 -7.248 1.732
P577282 5.379 5.325 -5.989 0.450
P577283 5.609 5.578 -7.133 0.555
P577284 5.412 5.448 -6.260 0.608
P577285 5.160 5.436 -6.963 0.649
P577286 5.530 5.773 -6.984 1.039
P577287 5.256 5.284 -3.807 0.332
P577288 5.343 5.342 -6.195 0.815
P577289 5.425 5.329 -6.129 1.275
P577290 5.111 5.113 -4.819 0.581
P577291 5.274 5.156 -6.583 1.366
P577292 5.143 5.065 -4.850 1.330
P577293 5.678 5.603 -6.160 1.315
P577294 5.378 5.086 -5.489 1.704
P577295 5.342 5.241 -6.093 0.920
P577297 5.276 5.113 -6.424 1.347
P577298 5.452 5.323 -6.141 0.914
P577300 5.430 5.317 -6.833 1.401
P577301 5.402 5.313 -6.414 1.732
P577302 5.330 5.410 -4.282 0.711
P577304 5.135 5.417 -4.715 1.359
P577306 5.362 5.357 -3.193 0.280
P577307 5.248 5.310 -4.001 0.474
P577308 5.239 5.230 -3.853 0.343
P577309 5.523 5.526 -4.334 0.315
P577310 5.392 5.497 -3.962 0.399
P577311 5.207 5.281 -3.963 0.824
P577313 5.306 5.371 -4.279 0.334
P577314 5.457 5.384 -3.781 0.478
P577315 5.576 5.611 -4.507 0.334
P577316 5.325 5.330 -4.604 0.230
P577317 5.380 5.443 -4.914 0.369
P577319 5.496 5.555 -5.207 0.368
P577320 5.393 5.507 -4.702 0.778
P577322 5.659 5.554 -5.339 0.459
P577323 5.165 5.453 -4.798 0.801
P577324 5.290 5.449 -4.926 0.817
P577326 5.744 5.712 -4.262 0.196
P577329 5.665 5.593 -7.189 0.436
P577330 5.356 5.309 -6.206 0.566
P577332 5.648 5.708 -7.794 0.523
P577333 5.693 5.731 -7.723 0.568
P577334 5.742 5.712 -7.229 0.538
P577335 5.294 5.447 -6.572 0.647
P577337 5.559 5.635 -6.670 0.514
P577338 5.447 4.831 -5.389 2.555
P577339 5.486 5.517 -5.535 0.353
P577340 5.231 5.282 -4.771 0.516
P577341 5.436 5.398 -4.983 0.346
P577342 5.503 5.536 -3.179 0.171
P577343 5.299 5.336 -5.274 1.120
P577344 5.328 5.326 -4.006 0.108
P577345 5.532 5.616 -4.917 0.416
P577346 5.118 5.195 -4.493 0.583
P577347 5.700 5.673 -5.324 0.557
P577348 5.104 5.696 -6.814 1.480
P577349 5.614 5.718 -6.692 0.382
P577350 5.237 5.250 -5.698 0.204
P577351 5.354 5.219 -5.777 0.422
P577352 5.447 5.426 -6.685 0.217
P577353 5.611 5.753 -7.151 0.620
P577354 5.434 5.374 -7.267 0.264
P577355 5.423 5.448 -6.401 0.381
P577357 5.634 5.634 -6.724 0.500
P577358 5.354 5.432 -5.804 0.282
P577359 5.163 5.138 -6.154 0.339
P577360 5.262 5.249 -6.127 0.251
P577362 5.580 5.565 -6.180 1.189
P577363 5.398 4.745 -5.733 1.956
P577364 5.491 5.355 -6.849 1.205
P577366 5.537 5.440 -6.199 0.366
P577367 5.267 5.203 -6.115 0.466
P577368 5.370 5.468 -6.693 0.328
P577369 5.320 5.311 -6.546 0.319
P577370 5.192 5.226 -6.444 0.280
P577371 5.297 5.258 -7.742 0.330
P577372 5.488 5.505 -6.929 0.258
P577374 5.245 5.330 -5.776 0.272
P577375 5.229 5.306 -6.631 0.777
P577376 5.464 5.536 -6.368 0.601
P577377 5.121 5.396 -7.405 1.394
P577379 5.282 5.484 -7.270 0.709
P577380 5.594 5.612 -6.864 0.271
P577382 5.068 5.431 -6.402 0.881
P577383 5.397 5.444 -6.664 0.346
P577385 5.485 5.503 -6.669 0.244
P577386 5.501 5.533 -7.607 0.374
P577388 5.336 5.343 -6.893 0.247
P577389 5.438 5.446 -6.683 0.493
P577390 5.505 5.533 -6.810 0.477
P577391 5.264 5.245 -6.458 0.571
P577392 5.452 5.346 -5.581 0.363
P577393 5.447 5.433 -5.627 0.672
P577394 5.602 5.547 -5.728 0.657
P577395 5.351 5.440 -5.368 0.328
P577396 5.508 5.523 -7.226 0.217
P577397 5.391 5.633 -6.944 0.657
P577399 5.253 5.318 -6.369 0.501
P577401 5.297 5.350 -6.184 0.282
P577402 5.052 5.183 -5.148 0.417
P577404 5.563 5.629 -7.175 0.465
P577405 5.321 5.334 -7.802 0.222
P577406 5.647 5.704 -7.037 0.211
P577407 5.415 5.447 -6.871 0.251
P577408 5.426 5.343 -6.879 0.761
P577409 5.585 5.294 -7.192 1.320
P577410 5.438 5.409 -6.288 0.678
P577412 5.296 5.319 -5.863 1.056
P577413 5.355 5.444 -6.434 1.137
P577415 5.019 5.155 -5.632 0.889
P577416 5.374 5.444 -6.071 0.610
P577417 5.408 5.090 -5.428 1.355
P577418 5.434 5.300 -6.299 1.447
P577419 5.370 5.296 -5.566 0.892
P577420 5.484 5.636 -6.210 1.404
P577421 5.401 5.438 -6.306 0.677
P577422 5.423 5.100 -6.288 1.320
P577423 5.256 5.244 -4.836 0.467
P577424 5.542 5.580 -3.787 0.186
P577425 5.763 5.772 -3.156 0.479
P577426 5.451 5.506 -3.216 0.472
P577427 5.401 5.563 -4.946 0.520
P577428 5.745 5.859 -4.636 0.327
P577429 5.684 5.716 -4.873 0.432
P577430 5.348 5.328 -6.096 1.272
P577431 5.487 5.316 -6.341 1.229
P577432 5.494 5.491 -5.262 0.454
P577433 5.369 5.351 -1.960 1.081
P577434 5.189 4.694 -6.001 2.201
P577437 5.527 5.312 -6.449 1.578
P577438 5.202 5.221 -4.863 0.367
P577439 5.439 5.189 -6.996 1.560
P577441 5.272 5.285 -5.880 0.403
P577442 5.157 4.932 -6.321 1.777
P577443 5.355 5.130 -5.862 1.699
P577445 5.402 5.228 -6.214 1.476
P577446 5.192 5.257 -5.410 0.539
P577447 5.384 5.431 -5.040 0.273
P577448 5.326 5.399 -6.142 0.453
P577449 5.386 5.039 -6.208 1.329
P577450 5.245 5.085 -6.092 1.493
P577452 5.427 5.516 -5.535 0.404
P577453 5.364 5.175 -6.954 1.181
P577455 5.241 5.229 -6.058 0.238
P577456 5.292 5.216 -6.725 1.427
P577458 5.300 5.136 -6.687 1.543
P577459 5.274 5.167 -2.798 0.701
P577460 5.235 5.281 -3.557 0.315
P577461 5.477 5.494 -5.286 1.031
P577462 5.204 5.128 -4.427 0.522
P577463 5.193 4.849 -4.678 1.474
P577464 5.181 5.231 -3.666 0.367
P577465 5.171 5.258 -4.088 0.726
P577466 5.381 5.249 -6.174 1.542
P577467 5.271 5.086 -6.459 1.408
P577468 5.387 5.418 -7.064 0.751
P577469 5.318 5.324 -5.103 0.308
P577470 5.434 5.386 -6.795 1.060
P577471 5.644 5.669 -6.617 0.692
P577474 5.805 5.771 -3.803 0.893
P577476 5.678 5.152 -5.465 2.285
P577477 5.819 5.919 -6.248 0.307
P577478 5.899 5.972 -7.041 1.218
P577479 5.578 5.289 -6.757 1.481
P577480 6.143 6.152 -6.442 0.337
P577481 5.387 5.361 -5.149 0.909
P577482 5.318 5.406 -6.338 1.189
P577484 5.744 5.791 -5.699 0.892
P577485 5.457 5.507 -6.835 1.265
P577486 5.658 5.650 -5.888 0.865
P577487 5.426 5.439 -5.950 1.065
P577488 5.525 5.603 -6.487 1.348
P577489 5.605 5.679 -6.375 1.552
P577490 5.760 5.682 -6.186 0.929
P577492 5.851 5.769 -6.230 0.365
P577493 5.921 5.883 -6.655 1.373
P577494 5.632 5.535 -6.539 1.425
P577495 5.658 5.811 -5.532 0.394
P577496 5.696 5.790 -5.949 0.462
P577497 5.482 5.699 -6.769 1.640
P577498 5.659 5.739 -5.990 0.238
P577499 5.785 5.670 -6.378 1.551
P577500 5.877 5.963 -5.284 0.336
P577501 5.749 5.515 -6.423 1.447
P577503 5.702 5.210 -6.029 1.967
P577504 5.633 5.459 -6.088 1.686
P577505 5.688 5.705 -6.690 0.140
P577506 5.606 5.641 -5.721 0.266
P577507 5.153 4.829 -6.375 1.452
P577509 5.562 5.542 -4.890 0.701
P577510 5.319 4.987 -6.675 1.484
P577512 5.002 5.272 -6.483 1.909
P577514 5.396 5.173 -6.652 1.378
P577516 5.394 5.495 -4.964 0.526
P577517 5.241 5.357 -5.286 0.338
P577518 5.286 5.383 -4.616 0.439
P577520 5.262 5.368 -5.523 0.367
P577521 5.221 5.134 -4.668 0.708
P577522 5.505 5.560 -5.888 1.310
P577523 4.972 5.054 -4.962 0.664
P577524 5.222 5.001 -6.617 1.621
P577525 5.157 5.406 -5.540 1.159
P577526 5.147 5.290 -3.118 0.601
P577527 5.127 5.163 -5.543 0.222
P577528 5.286 5.304 -6.242 0.256
P577529 5.433 5.524 -5.939 0.408
P577530 5.164 5.252 -5.671 0.336
P577531 5.279 5.298 -5.000 0.277
P577533 5.304 5.371 -6.259 0.484
P577534 5.771 5.684 -6.900 1.361
P577535 5.602 5.765 -4.962 0.518
P577537 5.723 5.429 -6.864 1.486
P577538 5.473 5.719 -5.821 0.902
P577540 5.967 5.960 -6.501 1.678
P577541 5.683 5.830 -5.876 0.888
P577542 5.455 5.613 -4.292 0.574
P577543 5.746 5.634 -5.043 0.770
P577544 5.770 5.714 -5.857 1.073
P577545 5.564 5.477 -5.271 0.513
P577546 5.621 5.477 -5.759 0.974
P577547 5.415 5.374 -5.206 0.809
P577548 5.607 5.464 -6.333 1.187
P577549 5.622 5.695 -4.708 0.534
P577550 5.636 5.467 -6.481 1.234
P577551 5.449 5.507 -6.022 0.970
P577552 5.421 5.480 -5.109 0.423
P577553 5.482 5.435 -5.501 0.561
P577554 5.600 5.573 -6.042 1.260
P577555 5.642 5.598 -5.818 0.284
P577556 5.342 5.375 -5.025 0.396
P577557 5.393 5.671 -5.385 1.215
P577558 5.419 5.494 -4.931 0.381
P577559 5.584 5.119 -2.817 1.664
P577560 5.323 5.257 -5.655 0.425
P577561 5.894 5.847 -6.619 1.372
P577562 5.934 6.012 -2.997 0.527
P577563 5.419 5.303 -4.037 0.689
P577564 5.417 5.333 -4.416 0.985
P577565 5.925 5.983 -4.641 0.323
P577566 5.553 5.673 -3.772 0.459
P577567 5.940 6.021 -3.748 0.556
P577568 5.562 5.744 -4.582 0.530
P577569 5.805 5.815 -4.266 0.617
P577570 5.909 5.857 -5.120 0.348
P577571 5.692 5.847 -4.912 0.541
P577572 5.854 5.882 -5.185 0.487
P577573 5.742 5.648 -4.436 0.404
P577574 5.524 5.510 -4.536 0.508
P577575 5.536 5.674 -5.090 0.711
P577576 5.689 5.865 -4.888 0.409
P577577 5.384 5.665 -6.001 0.760
P577578 5.628 5.867 -5.320 0.653
P577579 5.574 5.770 -4.222 0.729
P577580 5.807 5.879 -4.452 0.335
P577582 5.581 5.564 -4.466 0.711
P577583 5.626 5.764 -4.482 0.589
P577584 5.783 5.877 -4.536 0.458
P577585 5.783 5.831 -5.209 0.474
P577586 5.809 5.900 -4.865 0.396
P577587 5.933 5.984 -4.675 0.276
P577588 5.688 5.870 -4.122 0.578
P577589 5.693 5.751 -4.663 1.136
P577590 5.383 5.440 -1.405 0.324
P577591 5.721 5.719 -2.596 0.352
P577592 6.068 6.057 -2.492 0.708
P577593 5.747 5.569 -6.651 0.431
P577594 5.686 5.518 -6.311 3.282
P577595 5.526 5.554 -6.184 0.396
P577596 5.616 5.665 -5.813 0.405
P577598 5.614 5.659 -5.687 0.372
P577600 5.574 5.641 -6.554 0.368
P577601 5.506 5.531 -6.170 0.348
P577602 5.272 5.381 -5.243 0.387
P577603 5.378 5.430 -5.717 0.375
P577604 5.411 5.627 -5.063 0.703
P577606 5.587 5.641 -6.669 0.315
P577607 5.509 5.498 -6.342 0.113
P577608 5.648 5.669 -5.762 0.466
P577610 5.634 5.649 -6.549 0.365
P577611 5.581 5.721 -5.758 0.517
P577612 5.697 5.818 -5.417 0.358
P577614 5.575 5.628 -3.165 0.160
P577615 5.434 5.439 -3.533 0.197
P577616 5.467 5.543 -5.443 0.315
P577617 5.606 5.771 -5.147 0.798
P577619 5.670 5.741 -6.333 0.247
P577620 5.510 5.586 -5.590 0.369
P577621 5.434 5.505 -5.162 0.363
P577622 5.542 5.730 -5.889 0.567
P577623 5.690 5.764 -6.236 0.343
P577624 5.646 5.735 -6.203 0.324
P577625 5.778 5.532 -5.186 1.614
P577626 5.610 5.631 -4.903 0.853
P577628 5.715 5.794 -5.228 0.609
P577629 5.560 5.570 -5.596 0.458
P577630 5.532 5.556 -5.085 0.378
P577631 5.681 5.653 -2.469 0.503
P577632 5.588 5.683 -4.009 0.287
P577633 5.685 5.746 -4.692 0.401
P577635 5.726 5.847 -2.405 0.664
P577636 5.807 5.859 -3.376 0.165
P577637 5.643 5.779 -5.617 0.390
P577638 5.589 5.586 -5.747 0.641
P577640 5.632 5.763 -6.017 0.322
P577642 5.712 5.774 -6.741 0.379
P577643 5.095 5.076 -4.686 0.481
P577644 5.546 5.595 -6.575 0.412
P577645 5.348 5.286 -5.224 0.328
P577646 5.567 5.596 -4.664 0.359
P577647 5.601 5.621 -5.118 0.370
P577648 5.829 5.900 -4.149 0.515
P577649 5.797 5.837 -3.753 0.248
P577650 5.583 5.624 -4.726 0.478
P577651 5.715 5.722 -4.648 0.386
P577653 5.550 5.608 -0.856 0.269
P577654 5.568 5.713 -3.694 1.056
P577656 5.693 5.738 -3.355 0.353
P577657 5.409 5.462 -6.226 0.518
P577658 5.535 5.590 -6.258 0.505
P577659 5.481 5.501 -4.716 0.406
P577661 5.483 5.516 -4.794 0.396
P577664 5.569 5.563 -5.275 0.594
P577665 5.583 5.476 -4.732 0.653
P577666 5.631 5.660 -4.420 0.355
P577668 5.687 5.748 -4.201 0.448
P577669 5.558 5.645 -6.167 0.445
P577670 5.658 5.789 -6.355 0.393
P577671 5.681 5.767 -5.757 0.472
P577672 5.776 5.886 -6.022 0.722
P577673 5.799 5.838 -5.467 0.414
P577674 5.818 5.632 -4.770 0.568
P577675 5.845 5.842 -4.598 0.693
P577676 5.883 5.848 -3.601 0.444
P577677 5.922 6.000 -1.834 0.713
P577678 5.732 5.824 -3.246 0.623
P577679 5.803 5.895 -5.708 0.708
P577680 5.758 5.613 -4.482 0.697
P577681 5.638 5.617 -2.580 0.546
P577682 5.757 5.856 -2.365 0.897
P577684 6.325 6.260 -6.484 0.319
P577685 5.822 5.860 -4.108 0.730
P577686 5.807 5.881 -3.775 1.991
P577687 6.271 6.210 -7.165 0.519
P577688 6.168 6.092 -6.837 0.583
P577689 5.853 5.636 -5.194 0.569
P577690 5.791 5.697 -5.686 0.763
P577691 5.698 5.681 -4.602 0.878
P577692 6.256 6.226 -6.602 0.592
P577693 5.991 6.004 -6.836 0.363
P577694 5.980 5.976 -6.266 0.595
P577696 5.856 5.853 -6.599 0.499
P577698 5.692 5.750 -4.238 0.495
P577699 5.946 5.969 -6.749 0.327
P577700 5.980 6.043 -0.211 0.502
P577701 5.924 5.889 -1.547 0.755
P577702 5.938 5.948 -3.377 0.606
P577703 5.872 5.882 -3.604 0.624
P577704 5.216 5.029 -6.242 0.969
P577705 6.069 6.100 -7.334 0.236
P577706 6.196 6.199 -8.055 0.194
P577707 6.176 6.190 -6.700 0.365
P577709 6.239 6.294 -7.334 0.233
P577710 6.031 6.023 -7.878 0.116
P577711 6.262 6.246 -8.175 0.164
P577712 6.123 6.118 -7.873 0.149
P577714 6.239 6.253 -7.690 0.256
P577715 6.162 6.138 -8.166 0.162
P577717 6.147 6.138 -7.680 0.479
P577718 6.144 6.177 -7.883 0.257
P577719 6.208 6.264 -7.842 0.262
P577720 6.035 6.042 -7.739 0.247
P577721 6.151 6.161 -7.753 0.114
P577722 6.042 6.000 -7.485 0.233
P577724 6.286 6.212 -7.564 0.444
P577725 6.268 6.268 -8.032 0.175
P577727 6.159 6.249 -7.264 0.219
P577728 6.293 6.277 -7.731 0.178
P577729 6.115 6.092 -7.460 0.231
P577730 6.125 6.167 -7.544 0.177
P577731 6.272 6.256 -7.792 0.246
P577733 6.256 6.269 -7.324 0.534
P577737 6.207 6.260 -7.547 0.264
P577740 6.319 6.102 -4.567 0.989
P577741 6.296 6.027 -5.011 1.009
P577742 6.185 6.034 -7.552 1.424
P577745 6.294 6.139 -6.535 1.526
P577746 6.249 5.958 -7.058 1.414
P577750 6.328 6.095 -4.579 0.693
P577752 6.382 6.079 -5.326 0.999
P577753 6.224 6.141 -7.162 1.294
P577754 6.398 6.168 -4.964 0.958
P577755 6.304 6.261 -4.329 0.485
P577756 6.331 6.358 -4.175 0.552
P577757 6.424 6.133 -5.186 0.991
P577758 6.334 6.221 -3.513 0.547
P577760 6.267 6.249 -3.005 0.339
P577762 6.398 6.195 -4.831 0.897
P577763 6.257 6.127 -6.636 0.756
P577766 6.197 6.132 -6.487 0.202
P577768 6.319 6.388 -5.754 0.344
P577769 6.146 6.088 -5.388 0.275
P577770 6.025 5.983 -6.762 0.295
P577772 6.275 6.264 -6.941 1.144
P577773 6.180 6.247 -7.347 1.018
P577774 6.010 6.146 -6.875 0.867
P577775 6.191 6.233 -7.366 0.790
P577777 6.332 6.317 -6.260 1.084
P577778 6.118 6.092 -7.050 0.291
P577779 6.218 6.211 -5.384 0.296
P577780 6.117 6.212 -6.285 0.519
P577781 6.267 6.386 -6.681 0.830
P577782 6.206 6.154 -5.378 1.307
P577783 6.273 6.232 -5.542 1.095
P577784 6.139 6.252 -6.961 1.090
P577785 6.287 6.270 -5.239 0.330
P577786 6.355 6.236 -4.791 1.418
P577787 6.272 6.268 -4.259 1.012
P577788 6.255 6.192 -4.359 0.493
P577790 6.213 6.111 -6.179 1.023
P577791 6.324 5.868 -5.677 2.060
P577792 6.345 6.318 -4.529 0.672
P577793 6.154 6.113 -3.781 0.899
P577794 6.234 6.002 -4.089 0.704
P577795 6.243 6.292 -4.112 0.598
P577797 6.208 6.073 -5.705 0.760
P577798 6.306 6.434 -4.612 0.860
P577799 6.126 5.975 -3.954 1.959
P577800 6.295 6.417 -5.441 0.559
P577802 6.454 6.401 -3.384 0.481
P577803 6.495 6.537 -3.400 0.714
P577804 6.391 6.011 -5.357 1.855
P577805 6.531 6.254 -4.752 1.297
P577806 6.534 6.100 -5.046 1.592
P577807 6.319 6.167 -4.227 0.603
P577808 6.546 5.923 -6.144 2.627
P577809 6.294 6.010 -5.098 1.069
P577810 6.279 5.701 -4.172 1.834
P577811 6.599 6.309 -5.834 1.416
P577812 6.383 6.216 -5.413 1.605
P577813 6.275 5.360 -6.981 2.542
P577814 6.686 6.556 -3.993 1.124
P577819 5.401 5.228 -5.845 0.630
P577820 5.291 5.387 -8.310 0.472
P577821 5.854 5.528 -7.970 0.921
P577822 5.296 5.010 -6.679 1.239
P577823 5.527 5.325 -7.784 1.433
P577824 5.368 5.226 -6.214 1.043
P577825 5.522 5.297 -6.148 0.824
P577826 5.441 5.528 -6.948 1.619
P577827 5.574 5.734 -6.889 0.474
P577828 5.752 5.712 -7.755 0.201
P577829 5.652 5.592 -6.805 0.996
P577830 5.553 5.574 -7.054 0.319
P577831 5.654 5.466 -7.256 0.739
P577832 5.317 5.320 -6.375 0.236
P577834 5.370 5.261 -7.511 0.388
P577835 5.598 5.716 -6.637 1.013
P577836 5.936 5.914 -6.753 0.555
P577837 6.099 5.866 -7.055 0.696
P577838 5.644 5.454 -6.876 0.683
P577839 5.460 5.270 -7.148 0.371
P577840 5.415 5.622 -4.515 0.784
P577841 5.328 5.294 -5.946 0.377
P577842 5.573 5.683 -5.028 0.905
P577843 5.355 5.562 -6.694 0.855
P577844 6.062 5.696 -7.322 0.851
P577845 6.118 6.174 -6.143 0.246
P577846 5.991 6.218 -7.341 0.573
P577847 5.626 5.554 -7.487 0.702
P577848 5.498 5.361 -5.800 0.644
P577849 5.617 5.700 -7.161 1.227
P577850 5.435 5.412 -6.502 0.218
P577851 5.834 5.663 -7.293 0.632
P577852 5.735 5.625 -6.284 0.492
P577853 5.791 5.588 -7.372 0.747
P577854 5.830 5.769 -6.737 0.504
P577855 5.764 5.578 -7.206 0.595
P577856 5.477 5.480 -5.897 1.217
P577859 6.037 5.845 -7.297 0.652
P577861 6.290 6.131 -7.733 0.559
P577862 5.797 6.013 -7.752 0.559
P577863 5.573 5.793 -7.766 0.508
P577864 5.703 5.403 -6.881 0.667
P577865 5.230 5.473 -7.019 0.649
P577866 6.079 6.176 -7.498 0.362
P577867 5.455 5.491 -7.027 0.312
P577868 5.813 5.742 -7.103 0.544
P577870 6.066 5.928 -8.101 1.004
P577871 5.493 5.525 -6.841 0.559
P577872 6.130 5.892 -8.102 1.121
P577873 5.737 5.575 -7.837 1.376
P577874 5.019 5.286 -7.058 0.838
P577875 5.810 5.686 -6.699 0.365
P577876 6.054 5.885 -8.202 1.131
P577877 5.825 5.853 -7.031 1.222
P577879 5.777 5.763 -8.205 0.686
P577880 6.092 5.896 -5.485 0.807
P577881 6.126 6.102 -7.783 1.255
P577882 5.850 5.853 -6.376 0.473
P577883 5.867 5.870 -6.377 0.514
P577884 5.889 5.465 -5.022 2.092
P577885 5.881 5.905 -7.433 0.371
P577886 5.561 5.629 -7.045 0.521
P577887 6.086 5.926 -6.570 0.376
P577889 5.819 5.622 -6.064 0.834
P577891 6.148 6.001 -7.420 0.616
P577892 6.310 6.219 -7.995 0.310
P577893 5.326 5.564 -5.312 1.214
P577896 5.805 5.896 -5.336 1.313
P577897 5.459 5.397 -6.568 0.370
P577898 6.176 6.019 -5.606 0.791
P577899 6.014 6.124 -7.180 0.813
P577900 5.651 5.342 -5.273 2.097
P577901 5.974 5.922 -5.848 0.364
P577902 5.501 5.416 -7.481 0.522
P577903 6.111 6.178 -6.128 0.403
P577904 6.130 6.154 -6.033 0.289
P577905 6.279 6.298 -5.579 0.212
P577906 5.721 5.530 -3.288 0.806
P577907 6.329 6.333 -6.423 0.283
P577908 5.874 5.751 -6.683 0.361
P577909 5.945 5.964 -5.138 0.336
P577910 6.086 5.834 -6.916 1.078
P577911 6.506 6.536 -5.458 0.522
P577913 5.932 5.254 -6.379 2.486
P577914 5.674 5.449 -4.634 0.585
P577915 5.681 5.623 -7.481 0.472
P577916 6.387 6.188 -5.684 0.757
P577918 6.513 6.512 -6.979 0.477
P577919 6.458 6.427 -6.587 0.408
P577920 6.139 6.227 -6.985 0.836
P577921 6.092 5.848 -7.341 0.582
P577923 5.371 5.260 -5.308 1.111
P577924 5.291 5.154 -4.628 0.786
P577925 5.860 6.133 -7.956 0.764
P577928 5.022 5.058 -6.370 0.521
P577930 5.671 5.574 -5.205 0.462
P577931 6.094 6.013 -6.167 0.487
P577932 5.986 6.071 -8.221 0.366
P577933 5.533 5.651 -6.021 0.371
P577934 6.034 6.201 -7.889 0.421
P577935 5.379 5.162 -5.906 0.685
P577939 5.405 5.525 -7.511 0.419
P577945 5.652 5.417 -6.000 1.702
P577948 5.219 5.184 -7.057 0.606
P577951 5.374 5.378 -5.647 1.003
P577952 5.018 5.041 -5.187 0.959
P577953 5.923 5.978 -8.203 0.296
P577954 5.984 6.119 -6.861 0.572
P577955 6.540 6.746 -7.497 0.418
P577957 6.078 6.317 -8.213 0.689
P577958 5.462 5.320 -6.056 0.454
P577959 6.331 6.332 -6.782 0.461
P577960 6.031 6.036 -7.145 0.274
P577961 6.162 6.341 -7.624 0.501
P577962 5.552 5.756 -6.286 0.619
P577963 5.785 5.554 -5.284 1.079
P577964 6.801 6.787 -6.481 0.389
P577965 6.416 6.364 -5.952 1.284
P577966 6.497 6.536 -5.607 0.800
P577967 5.875 5.796 -4.669 1.633
P577972 4.404 4.182 -5.660 1.673
P577990 4.322 4.386 -5.994 1.219
P578002 4.193 4.388 -5.433 0.832
P578004 4.464 4.492 -5.545 1.378
P578008 4.531 4.306 -5.861 1.274
P578010 4.429 4.386 -5.132 0.531
P578012 4.192 4.093 -5.259 0.651
P578014 4.530 4.430 -5.529 0.386
P578018 4.453 4.285 -6.252 0.469
P578019 4.742 4.633 -6.432 1.303
P578042 4.470 4.540 -5.460 0.547
P578044 4.236 4.178 -4.279 0.743
P578045 4.417 4.252 -5.804 1.100
P578046 4.196 4.176 -3.573 1.537
P578051 4.391 4.384 -5.348 0.902
P578052 4.180 4.289 -5.345 1.209
P578053 4.315 4.194 -6.470 0.357
P578060 4.714 4.681 -6.632 0.931
P578061 4.340 4.224 -6.391 0.817
P578062 4.333 4.293 -4.986 0.594
P578069 4.402 4.335 -6.083 0.728
P578074 4.407 4.241 -5.715 1.160
P578075 4.614 4.535 -5.560 1.041
P578084 4.530 4.410 -4.567 0.734
P578085 4.766 4.750 -5.491 0.699
P578088 4.280 4.407 -4.547 0.850
P578089 4.126 4.128 -4.014 1.105
P578090 4.320 4.226 -4.187 2.681
P578091 4.380 4.201 -4.441 1.927
P578096 4.480 4.240 -4.279 2.792
P578098 4.792 4.698 -6.523 1.119
P578099 4.656 4.362 -5.477 0.892
P578101 5.086 4.567 -6.219 1.152
P578102 4.591 4.478 -6.392 1.597
P578105 4.462 4.273 -5.805 0.809
P578106 4.530 4.191 -4.972 1.873
P578107 4.467 4.430 -5.927 1.299
P578110 5.018 4.860 -5.641 0.352
P578112 4.844 4.606 -5.851 0.517
P578115 4.289 4.338 -5.369 0.633
P578119 4.437 4.231 -4.241 2.391
P578122 4.891 4.945 -5.369 1.026
P578123 4.091 3.989 -4.860 0.885
P578124 4.426 4.242 -3.995 1.186
P578125 4.532 4.655 -7.060 0.348
P578126 4.607 4.584 -5.274 0.614
P578131 5.268 4.608 -6.117 1.113
P578132 4.555 4.487 -5.500 0.866
P578133 4.518 4.381 -5.138 1.762
P578135 4.428 4.365 -4.481 0.868
P578136 4.552 4.554 -6.367 0.691
P578138 4.392 4.390 -5.409 0.982
P578139 4.529 4.358 -6.539 0.444
P578140 4.490 4.343 -6.657 0.345
P578142 4.586 4.380 -5.310 0.770
P578147 4.848 4.741 -6.036 0.394
P578148 4.638 4.577 -5.805 0.872
P578150 4.770 4.644 -4.909 0.556
P578152 4.839 4.768 -5.902 1.109
P578153 4.550 4.441 -5.532 0.775
P578155 4.440 4.502 -5.510 1.122
P578157 4.889 4.779 -5.136 1.097
P578158 4.271 4.290 -5.426 0.667
P578163 4.645 4.461 -5.320 0.674
P578165 4.906 4.586 -5.974 2.208
P578166 4.733 4.338 -5.724 0.861
P578167 4.844 4.805 -4.968 1.183
P578168 4.658 4.294 -5.181 1.306
P578170 4.953 4.872 -5.165 0.364
P578172 4.901 4.776 -4.873 0.595
P578176 4.816 4.716 -4.809 0.688
P578177 5.033 4.801 -4.935 0.715
P578178 4.961 4.700 -5.034 0.739
P578179 5.195 4.836 -5.106 1.632
P578180 4.506 4.420 -5.384 2.052
P578184 4.559 4.582 -5.040 0.846
P578187 4.849 4.418 -5.770 4.141
P578188 4.479 4.314 -3.708 1.699
P578189 4.654 4.100 -4.980 1.714
P578191 4.463 4.346 -4.737 2.087
P578192 4.568 4.074 -5.127 2.436
P578193 4.821 4.448 -5.297 0.954
P578195 4.646 4.686 -5.879 2.097
P578196 4.477 4.509 -5.511 0.946
P578200 4.577 4.661 -5.817 1.120
P578202 4.814 4.526 -6.036 0.638
P578205 4.422 4.454 -5.694 1.323
P578212 4.756 4.647 -6.132 0.773
P578214 5.290 5.097 -5.879 0.658
P578216 5.071 4.650 -6.120 0.919
P578220 4.705 4.347 -6.083 1.745
P578222 4.366 4.324 -6.844 1.124
P578223 5.065 4.633 -6.112 1.515
P578225 4.785 4.251 -6.192 0.686
P578227 4.517 4.421 -5.842 0.820
P578232 4.779 4.584 -6.672 1.740
P578234 4.847 4.686 -5.753 0.508
P578235 4.745 4.710 -5.589 0.863
P578237 4.717 4.577 -5.389 0.934
P578238 4.352 4.324 -5.500 0.793
P578240 4.996 4.979 -5.204 0.952
P578241 4.685 4.664 -6.041 0.782
P578243 5.075 4.980 -5.024 0.708
P578244 5.253 4.937 -5.626 1.132
P578245 4.489 4.453 -6.250 0.383
P578246 4.813 4.707 -4.999 0.599
P578251 4.682 4.552 -6.147 1.508
P578254 4.481 4.488 -5.488 0.146
P578256 4.678 4.671 -6.752 0.550
P578257 5.505 5.317 -5.184 1.260
P578258 5.272 5.090 -6.139 0.740
P578259 5.235 5.085 -5.103 0.879
P578262 4.568 4.537 -5.855 0.753
P578263 4.814 4.091 -5.981 1.033
P578264 5.047 4.736 -6.112 0.953
P578266 4.595 4.453 -6.571 1.608
P578270 5.117 4.980 -5.570 0.955
P578272 5.117 5.076 -5.647 0.941
P578273 4.765 4.567 -4.375 1.013
P578274 4.867 4.667 -4.918 1.844
P578275 4.501 4.293 -5.174 3.220
P578276 4.916 4.894 -4.106 1.694
P578277 5.241 4.241 -5.175 1.777
P578279 4.829 4.683 -4.225 2.060
P578280 5.106 4.920 -5.396 0.535
P578281 5.655 5.363 -5.274 0.852
P578282 5.259 5.285 -5.469 1.261
P578283 5.024 4.922 -4.732 0.564
P578285 5.280 5.004 -5.314 0.887
P578287 5.433 4.992 -6.200 1.467
P578289 5.663 5.391 -5.560 0.363
P578290 5.388 5.245 -4.729 0.651
P578291 4.932 4.813 -5.039 1.276
P578292 5.604 5.239 -5.552 1.118
P578293 5.379 5.224 -5.070 0.898
P578295 5.495 5.336 -5.014 0.640
P578300 5.312 5.053 -6.100 1.174
P578301 5.111 4.935 -5.890 1.067
P578305 5.265 5.211 -6.182 1.179
P578306 4.975 4.715 -5.515 1.314
P578308 5.200 5.183 -5.795 0.453
P578311 4.902 4.696 -5.560 1.894
P578312 5.165 4.850 -6.242 0.571
P578313 4.646 4.450 -5.145 1.191
P578315 4.702 4.627 -6.599 0.834
P578320 4.522 4.352 -6.389 1.661
P578323 4.632 4.642 -4.815 0.801
P578327 4.823 4.613 -5.093 0.401
P578331 5.189 4.589 -5.275 1.610
P578332 5.262 4.871 -6.034 1.912
P578334 4.898 4.993 -5.740 1.135
P578335 4.827 4.486 -6.523 1.208
P578337 6.188 6.112 -7.355 0.443
P578338 6.338 6.338 -7.062 0.433
P578343 6.563 6.496 -5.768 0.609
P578344 6.276 6.241 -7.074 0.436
P578350 6.469 6.432 -5.123 0.335
P578351 6.690 6.707 -5.574 0.407
P578354 6.787 6.732 -5.382 0.358
P578355 6.132 6.333 -7.419 0.441
P578357 6.167 6.268 -7.942 1.013
P578358 5.799 5.817 -5.524 0.793
P578359 5.536 6.104 -7.477 2.186
P578360 5.911 6.012 -7.879 0.344
P578361 5.329 5.192 -6.349 0.813
P578362 5.207 5.320 -5.771 0.562
P578363 5.611 5.617 -6.760 0.501
P578364 5.637 5.257 -5.668 1.072
P578365 5.765 5.715 -6.910 0.532
P578366 5.650 5.458 -5.934 0.456
P578369 5.456 5.194 -5.904 0.595
P578371 5.659 5.673 -7.915 0.419
P578372 6.475 6.454 -8.018 0.313
P578373 5.842 5.766 -7.405 0.306
P578374 5.913 5.917 -7.374 0.414
P578376 5.872 5.711 -6.047 0.932
P578377 5.134 5.092 -5.633 0.620
P578380 5.959 6.080 -7.474 0.395
P578382 6.163 6.102 -7.852 0.807
P578383 6.214 6.310 -6.520 0.384
P578385 6.183 6.194 -8.119 0.598
P578386 5.492 5.678 -6.193 0.374
P578387 6.461 6.378 -7.003 0.598
P578388 6.215 6.272 -6.747 0.494
P578389 6.146 6.038 -7.830 0.657
P578390 5.490 5.266 -5.491 2.285
P578391 5.819 5.249 -6.060 3.169
P578392 5.692 5.276 -5.579 0.760
P578393 6.292 6.261 -6.679 0.648
P578394 5.522 5.653 -8.161 0.853
P578395 4.929 4.908 -6.877 0.464
P578396 5.056 5.222 -6.260 0.483
P578397 5.932 6.042 -7.139 0.824
P578398 5.152 5.130 -7.038 0.427
P578400 5.510 5.667 -5.301 0.949
P578401 4.998 5.077 -5.025 0.636
P578402 5.141 5.281 -5.865 0.534
P578403 5.838 5.751 -6.156 0.449
P578404 5.158 5.099 -6.531 0.399
P578405 5.731 5.404 -5.729 2.999
P578406 5.489 5.551 -5.566 0.967
P578407 5.593 5.646 -7.857 0.508
P578408 5.328 5.356 -6.121 0.775
P578409 5.717 5.574 -4.997 0.670
P578410 5.363 5.562 -5.761 0.555
P578411 5.801 5.768 -6.197 0.291
P578412 5.879 5.970 -7.153 1.077
P578413 5.116 5.454 -5.935 0.279
P578415 5.714 5.596 -6.309 0.408
P578416 5.144 5.086 -6.063 0.696
P578417 5.093 5.569 -5.098 0.515
P578422 6.304 6.333 -6.918 0.232
P578424 5.586 5.652 -7.220 0.384
P578425 4.920 5.083 -4.443 0.366
P578429 6.029 5.865 -6.129 0.700
P578431 6.392 6.409 -7.089 0.398
P578432 6.392 6.395 -7.025 0.348
P578435 6.583 6.501 -6.673 0.458
P578441 6.702 6.711 -6.996 0.559
P578442 5.411 5.345 -6.896 0.318
P578443 5.537 5.546 -7.604 0.349
P578444 5.331 5.217 -6.533 1.166
P578446 5.510 5.334 -6.608 0.452
P578447 5.674 5.614 -6.959 0.574
P578448 5.648 5.650 -6.996 0.351
P578449 6.229 6.181 -6.775 0.471
P578450 6.185 6.204 -9.554 0.380
P578451 4.896 4.923 -6.171 0.391
P578454 6.446 6.583 -8.928 0.362
P578455 5.737 5.865 -8.722 0.374
P578456 6.334 6.417 -7.592 0.364
P578458 6.287 6.238 -7.858 0.335
P578459 6.463 6.567 -9.029 0.368
P578462 5.262 5.252 -7.733 0.344
P578464 5.993 6.382 -6.218 0.662
P578465 5.374 5.680 -6.468 0.827
P578468 6.465 6.437 -7.388 0.331
P578470 6.393 6.436 -8.126 0.378
P578472 6.367 6.394 -8.147 0.410
P578473 6.197 6.472 -7.424 0.645
P578474 6.229 6.218 -7.669 0.453
P578475 6.049 6.001 -6.176 0.888
P578476 6.656 6.682 -7.773 0.315
P578477 6.102 5.904 -6.952 0.857
P578478 6.306 6.350 -8.743 0.597
P578479 6.131 5.908 -6.576 0.783
P578482 6.178 5.807 -6.482 1.830
P578483 6.186 6.091 -3.927 1.120
P578484 5.950 5.992 -2.366 0.794
P578486 5.898 5.626 -6.641 1.574
P578488 6.805 6.837 -8.182 0.271
P578489 6.616 6.670 -7.517 0.288
P578495 6.022 5.953 -7.371 0.473
P578496 6.092 5.975 -6.520 1.558
P578497 6.671 6.498 -7.778 0.352
P578498 6.032 5.874 -4.173 1.100
P578499 6.430 6.471 -7.545 0.451
P578500 6.313 6.473 -8.273 1.113
P578503 5.771 5.821 -4.601 0.592
P578504 6.607 6.608 -7.241 0.549
P578505 6.425 6.324 -6.424 0.556
P578506 5.628 5.129 -6.141 2.291
P578507 5.835 4.957 -6.302 2.169
P578508 5.085 4.926 -6.052 0.747
P578509 5.588 5.669 -4.715 0.660
P578510 6.174 6.371 -7.188 0.615
P578512 5.944 5.907 -7.171 0.993
P578513 6.211 6.159 -7.190 0.480
P578515 6.225 6.259 -7.193 0.248
P578516 5.935 5.964 -6.302 0.227
P578517 6.257 6.229 -7.216 0.614
P578518 6.248 6.221 -7.396 0.412
P578519 6.102 6.206 -6.316 0.392
P578520 5.825 5.814 -6.871 0.561
P578522 5.975 6.228 -6.215 0.472
P578523 6.336 6.348 -6.799 0.627
P578525 6.348 6.350 -7.086 0.409
P578526 6.262 6.135 -5.666 0.543
P578527 6.137 6.118 -5.483 0.747
P578528 6.227 6.283 -6.662 0.817
P578530 6.328 6.067 -5.496 0.901
P578531 5.969 6.065 -7.762 0.507
P578532 5.265 5.412 -5.588 0.645
P578533 5.706 5.842 -5.507 0.527
P578534 5.196 5.670 -6.276 1.184
P578536 5.528 5.834 -5.002 0.461
P578537 5.833 5.503 -6.828 0.766
P578538 6.208 6.245 -7.145 0.233
P578539 5.874 6.335 -7.136 0.628
P578540 6.275 6.285 -7.560 0.318
P578541 5.944 6.604 -7.308 0.341
P578542 5.717 5.469 -6.233 0.876
P578543 5.932 5.873 -6.054 0.239
P578544 6.329 6.508 -6.623 0.545
P578545 6.356 6.643 -8.733 0.766
P578546 6.443 6.208 -6.458 0.782
P578547 6.187 6.183 -6.778 0.285
P578548 6.411 6.369 -6.288 0.181
P578549 5.615 5.359 -6.270 0.516
P578551 5.272 5.509 -6.301 0.537
P578555 6.318 6.358 -6.110 0.377
P578556 5.277 5.551 -5.962 1.287
P578558 6.189 6.235 -5.325 0.622
P578559 5.681 5.316 -6.117 1.083
P578561 5.668 5.843 -6.595 1.014
P578563 5.894 5.658 -5.307 1.036
P578564 5.846 5.652 -3.840 0.649
P578566 6.019 5.779 -4.759 0.472
P578567 6.003 5.771 -4.811 1.026
P578568 6.218 6.344 -7.610 1.075
P578569 5.897 5.611 -4.999 2.291
P578570 5.921 5.756 -4.555 0.513
P578571 5.999 5.828 -5.593 0.717
P578572 6.300 6.233 -6.920 0.735
P578573 6.244 6.177 -7.524 0.698
P578574 6.432 6.427 -6.380 0.223
P578576 6.286 6.547 -6.620 0.767
P578577 6.468 6.355 -7.051 0.636
P578579 6.618 6.481 -7.218 0.920
P578581 6.279 6.381 -8.387 0.608
P578582 6.641 6.529 -8.352 0.334
P578583 5.538 5.476 -3.381 0.401
P578584 5.875 5.674 -5.589 0.805
P578585 6.013 5.798 -3.617 0.834
P578587 5.875 5.801 -4.170 0.687
P578588 6.184 6.078 -6.533 0.479
P578590 5.975 5.477 -6.484 1.592
P578591 5.872 5.727 -6.552 1.226
P578594 5.596 5.485 -6.435 0.625
P578595 6.120 6.000 -7.215 0.447
P578597 6.134 5.964 -7.474 0.404
P578599 5.532 5.550 -6.785 0.537
P578602 5.596 5.706 -5.593 0.673
P578603 5.917 5.768 -7.452 0.564
P578604 6.573 6.749 -7.318 0.519
P578605 5.679 5.647 -6.937 0.391
P578606 6.312 6.320 -7.912 0.179
P578608 5.311 5.302 -5.542 0.695
P578609 6.268 6.373 -7.813 0.383
P578610 3.912 3.835 -2.953 1.335
P578611 3.649 3.797 -3.161 1.712
P578612 3.948 3.786 -2.099 2.742
P578613 4.468 4.132 -4.146 1.768
P578614 4.174 4.529 -3.263 0.584
P578615 3.967 4.343 -3.613 1.605
P578616 4.432 4.740 -2.871 2.459
P578617 3.707 3.964 -3.807 0.948
P578619 3.398 3.437 -3.818 1.413
P578621 3.342 3.323 -4.167 1.655
P578623 3.626 3.516 -3.865 1.461
P578625 3.554 3.681 -3.981 1.991
P578627 3.254 3.328 -3.885 2.037
P578629 3.579 3.620 -3.725 0.886
P578631 3.361 3.360 -3.635 0.596
P578633 3.458 3.570 -3.991 2.151
P578635 3.460 3.456 -4.082 1.670
P578637 3.318 3.296 -3.853 0.537
P578639 3.287 3.333 -3.505 0.752
P578641 3.444 3.519 -3.785 1.326
P578643 3.173 3.290 -3.893 1.173
P578645 3.385 3.460 -3.991 2.080
P578647 3.531 3.437 -3.927 1.671
P578649 3.309 3.342 -3.883 1.191
P578651 3.523 3.551 -3.809 0.789
P578653 3.463 3.475 -3.978 1.621
P578655 3.401 3.399 -3.899 1.663
P578657 3.301 3.312 -3.796 1.253
P578659 3.354 3.336 -3.544 0.708
P578661 3.465 3.464 -4.027 1.701
P578663 3.359 3.409 -3.619 0.739
P578666 3.297 3.265 -4.117 2.138
P578669 3.485 3.532 -3.870 1.430
P578671 3.501 3.514 -3.755 0.883
P578672 3.519 3.517 -3.693 2.169
P578676 3.466 3.433 -3.705 2.272
P578680 3.614 3.687 -3.671 1.914
P578684 3.301 3.366 -3.715 1.829
P578688 3.503 3.538 -3.588 2.133
P578692 3.664 3.562 -3.729 2.253
P578696 3.441 3.495 -3.726 1.948
P578701 3.506 3.586 -3.795 0.778
P578705 3.366 3.433 -3.810 1.843
P578708 3.614 3.733 -3.772 1.287
P578713 3.427 3.435 -4.019 1.781
P578718 3.317 3.327 -3.859 2.549
P578725 3.564 3.568 -3.885 1.804
P578729 3.534 3.698 -3.803 1.278
P578734 3.357 3.360 -3.950 0.625
P578738 3.354 3.389 -3.530 0.750
P578740 3.367 3.436 -3.713 1.175
P578743 3.373 3.345 -4.063 2.567
P578747 3.661 3.612 -3.921 1.802
P578751 3.602 3.762 -3.907 1.240
P578755 3.292 3.365 -3.759 1.790
P578759 3.573 3.626 -4.201 1.781
P578763 3.503 3.575 -4.085 1.751
P578766 3.603 3.498 -3.800 2.240
P578770 3.448 3.402 -3.525 1.565
P578774 3.482 3.503 -4.098 1.738
P578779 3.468 3.551 -3.841 1.702
P578782 3.616 3.538 -3.994 2.188
P578786 3.452 3.448 -3.597 1.517
P578790 3.533 3.577 -3.673 1.591
P578794 3.500 3.424 -3.836 2.251
P578798 3.424 3.443 -3.745 1.963
P578806 3.599 3.580 -3.682 2.282
P578810 3.608 3.726 -3.737 1.136
P578814 3.404 3.488 -3.991 1.285
P578818 3.446 3.461 -3.636 2.299
P578822 3.551 3.485 -4.025 1.904
P578826 3.629 3.726 -3.636 1.858
P578830 3.409 3.349 -3.756 1.649
P578831 3.436 3.350 -3.954 2.297
P578835 3.759 3.627 -3.758 2.152
P578839 3.743 3.772 -3.692 1.286
P578843 3.398 3.399 -3.643 1.835
P578848 3.328 3.379 -3.616 1.045
P578852 3.499 3.545 -4.027 1.757
P578856 3.615 3.764 -3.936 1.051
P578860 3.333 3.352 -4.071 1.717
P578864 3.522 3.510 -3.904 1.810
P578869 3.647 3.619 -4.018 1.130
P578873 3.464 3.427 -4.023 2.184
P578876 3.636 3.775 -3.977 1.447
P578880 3.567 3.547 -4.086 2.154
P578886 3.523 3.545 -3.873 1.187
P578888 3.426 3.513 -4.185 1.693
P578894 3.392 3.572 -3.654 0.927
P578898 3.498 3.584 -3.886 0.965
P578900 3.407 3.496 -3.905 1.778
P578904 3.509 3.561 -3.814 0.795
P578908 3.231 3.270 -3.961 1.848
P578912 3.417 3.484 -3.754 1.791
P578916 3.558 3.548 -3.881 1.844
P578920 3.341 3.489 -3.835 1.874
P578924 3.548 3.711 -3.833 1.368
P578928 3.492 3.604 -3.957 1.829
P578932 3.448 3.516 -3.872 1.791
P578935 3.404 3.436 -3.843 2.342
P578942 3.408 3.459 -3.886 1.739
P578949 3.627 3.751 -3.799 1.143
P578952 3.632 3.774 -3.950 1.274
P578956 3.386 3.513 -4.097 1.069
P578961 3.422 3.452 -3.981 1.120
P578964 3.574 3.591 -4.256 1.786
P578968 3.634 3.780 -3.938 1.052
P578971 3.495 3.403 -4.156 2.571
P578975 3.451 3.475 -4.297 1.752
P578980 3.728 3.602 -3.971 1.213
P578982 3.749 3.884 -3.926 1.046
P578986 3.418 3.416 -3.878 1.874
P578990 3.489 3.493 -3.982 2.030
P578994 3.358 3.417 -4.010 1.247
P579000 3.479 3.472 -3.220 0.278
P579011 3.605 3.641 -3.787 1.437
P579018 3.513 3.613 -4.035 1.825
P579023 3.298 3.342 -3.980 1.495
P579034 3.487 3.521 -2.997 0.253
P579039 3.756 3.744 -3.621 1.351
P579047 3.327 3.371 -3.871 1.641
P579059 3.632 3.708 -4.194 1.562
P579063 3.451 3.451 -3.915 1.742
P579075 3.750 3.733 -3.906 1.486
P579080 3.446 3.463 -3.358 0.310
P579086 3.436 3.470 -4.170 2.455
P579092 3.631 3.682 -3.859 1.665
P579104 3.647 3.679 -3.892 1.490
P579106 3.397 3.550 -3.839 1.458
P579118 3.600 3.678 -3.927 1.240
P579128 3.580 3.674 -3.961 1.500
P579132 3.445 3.510 -4.187 1.513
P579142 3.441 3.551 -3.882 1.590
P579151 3.555 3.608 -3.888 1.317
P579159 3.478 3.489 -3.005 0.205
P579167 3.405 3.423 -4.065 2.588
P579181 3.559 3.647 -3.913 1.569
P579190 3.600 3.829 -3.991 1.155
P579199 3.409 3.479 -4.039 1.124
P579206 3.462 3.525 -3.157 0.400
P579215 3.567 3.655 -4.121 1.531
P579219 3.451 3.502 -3.829 1.563
P579223 3.591 3.721 -3.697 1.646
P579225 3.370 3.419 -3.997 2.120
P579231 3.435 3.384 -3.975 2.363
P579234 3.707 3.703 -3.830 1.550
P579237 3.704 3.773 -3.801 1.303
P579240 3.314 3.396 -3.619 1.374
P579246 3.540 3.566 -3.923 1.548
P579250 3.602 3.614 -3.979 1.550
P579254 3.405 3.464 -3.758 1.534
P579256 3.388 3.529 -3.736 1.496
P579262 3.397 3.470 -4.020 0.982
P579267 3.597 3.565 -3.964 1.809
P579269 3.591 3.591 -3.761 1.754
P579272 3.499 3.511 -4.429 3.246
P579275 3.342 3.353 -3.769 1.433
P579282 3.466 3.576 -3.533 1.594
P579284 3.657 3.590 -4.258 3.055
P579288 3.418 3.404 -3.862 1.773
P579294 3.616 3.777 -3.732 1.340
P579297 3.572 3.504 -4.043 1.744
P579298 3.382 3.417 -4.052 0.698
P579305 3.456 3.373 -3.771 1.927
P579307 3.534 3.494 -3.806 1.400
P579312 3.440 3.474 -3.924 1.490
P579318 3.343 3.335 -3.774 1.590
P579323 3.633 3.648 -4.301 3.143
P579327 3.639 3.649 -4.342 1.806
P579331 3.316 3.335 -3.981 1.904
P579336 3.472 3.585 -3.782 1.776
P579340 3.625 3.659 -3.913 1.742
P579344 3.429 3.516 -3.930 1.851
P579348 3.619 3.690 -3.654 1.006
P579351 3.546 3.618 -4.109 1.635
P579355 3.442 3.539 -4.064 0.997
P579359 3.369 3.549 -3.827 1.281
P579363 3.502 3.645 -3.926 1.425
P579367 3.456 3.552 -4.087 1.560
P579375 3.385 3.477 -3.728 1.164
P579380 3.585 3.660 -3.905 1.922
P579383 3.569 3.763 -3.881 0.789
P579388 3.397 3.488 -4.010 1.070
P579392 3.424 3.527 -3.807 1.613
P579396 3.566 3.642 -4.167 1.767
P579399 3.388 3.492 -3.949 2.181
P579402 3.405 3.530 -4.256 1.593
P579406 3.691 3.738 -4.014 1.653
P579411 3.729 3.833 -3.814 1.811
P579415 3.490 3.579 -3.868 1.722
P579419 3.582 3.715 -3.830 1.719
P579423 3.480 3.528 -3.919 1.739
P579426 3.456 3.462 -3.831 1.688
P579429 3.525 3.499 -3.821 1.023
P579432 3.338 3.431 -3.914 1.085
P579435 3.425 3.446 -4.020 1.041
P579438 3.280 3.375 -3.777 0.875
P579440 3.836 3.825 -3.879 0.885
P579444 3.653 3.702 -3.623 0.976
P579447 3.438 3.418 -4.200 1.183
P579450 3.482 3.570 -4.018 0.885
P579452 3.501 3.489 -3.394 0.142
P579454 3.323 3.444 -3.932 0.859
P579458 3.564 3.644 -4.153 1.217
P579460 3.871 3.883 -4.107 1.619
P579462 3.314 3.368 -4.258 1.204
P579464 3.627 3.771 -3.863 1.270
P579467 3.417 3.380 -3.691 0.988
P579472 3.333 3.378 -3.578 0.885
P579475 3.703 3.691 -3.967 2.753
P579480 3.610 3.552 -4.014 1.517
P579482 3.559 3.683 -3.304 1.143
P579484 3.777 3.779 -4.151 1.622
P579486 3.684 3.556 -4.473 2.240
P579488 3.600 3.681 -4.301 1.636
P579493 3.462 3.475 -3.811 1.563
P579495 3.616 3.615 -3.801 1.656
P579496 3.564 3.570 -4.000 2.302
P579497 3.462 3.487 -3.882 2.191
P579498 3.464 3.423 -3.609 1.127
P579499 3.573 3.631 -3.893 1.296
P579500 3.574 3.403 -4.023 2.228
P579501 3.290 3.324 -3.999 1.937
P579502 3.479 3.515 -3.466 1.273
P579503 3.663 3.628 -3.782 2.451
P579504 3.362 3.367 -3.843 1.624
P579505 3.527 3.401 -4.001 2.236
P579506 3.579 3.581 -3.983 2.131
P579507 3.417 3.502 -4.077 1.252
P579508 3.541 3.374 -3.567 0.791
P579509 3.532 3.630 -3.934 1.794
P579510 3.595 3.403 -4.166 2.257
P579511 3.413 3.346 -3.779 4.115
P579513 3.740 3.511 -4.048 2.245
P579514 3.577 3.591 -3.800 1.145
P579515 3.410 3.439 -3.926 0.768
P579516 3.771 3.592 -3.712 0.775
P579518 3.418 3.460 -3.655 0.392
P579519 3.431 3.380 -4.037 2.442
P579520 3.681 3.811 -3.842 0.940
P579521 3.875 3.588 -4.065 2.255
P579522 3.473 3.499 -3.945 1.300
P579523 3.637 3.633 -4.199 2.113
P579524 3.344 3.384 -3.794 1.634
P579526 3.539 3.646 -3.970 0.856
P579530 3.707 3.757 -3.654 0.825
P579531 3.523 3.450 -3.579 1.655
P579533 3.758 3.773 -4.115 1.616
P579536 3.562 3.601 -4.285 1.214
P579541 3.400 3.518 -3.744 1.313
P579543 3.628 3.623 -3.863 1.440
P579545 3.463 3.610 -4.065 0.752
P579547 3.410 3.402 -3.752 0.464
P579549 3.966 3.935 -3.747 0.596
P579550 3.809 3.590 -3.919 2.443
P579552 3.808 3.837 -4.032 0.932
P579554 3.372 3.399 -3.524 1.291
P579556 3.253 3.375 -3.669 0.736
P579558 3.805 3.798 -3.968 0.781
P579560 3.544 3.658 -4.143 0.781
P579562 3.444 3.456 -3.841 1.627
P579564 3.381 3.488 -3.844 1.258
P579566 3.419 3.481 -4.011 0.965
P579568 3.409 3.501 -4.494 1.474
P579572 3.614 3.662 -3.692 0.678
P579574 3.489 3.454 -3.760 0.889
P579576 3.270 3.445 -4.180 1.656
P579579 3.318 3.356 -3.980 0.893
P579581 3.616 3.448 -3.779 2.981
P579584 3.505 3.569 -3.721 0.769
P579586 3.427 3.444 -3.675 0.514
P579589 3.377 3.440 -3.680 0.661
P579593 3.282 3.370 -3.827 0.944
P579597 3.547 3.449 -3.925 1.131
P579601 3.483 3.515 -4.227 1.198
P579604 3.701 3.691 -4.289 2.043
P579606 3.345 3.415 -3.856 0.693
P579610 3.415 3.432 -3.493 0.688
P579613 3.480 3.514 -4.282 0.854
P579615 3.445 3.708 -3.538 0.983
P579616 4.038 3.697 -4.093 2.548
P579617 3.575 3.698 -3.526 1.040
P579618 3.849 4.090 -3.690 1.073
P579619 3.512 3.472 -4.139 1.137
P579620 3.634 3.602 -3.579 2.484
P579621 4.333 4.053 -3.751 2.124
P579622 3.716 3.946 -3.693 0.939
P579624 3.748 3.725 -4.078 1.446
P579625 3.574 3.729 -3.892 1.381
P579626 3.960 3.684 -3.996 1.428
P579627 3.506 3.581 -3.799 0.984
P579628 3.633 3.839 -3.553 1.064
P579629 3.723 3.942 -3.747 0.918
P579630 3.659 3.772 -3.832 1.262
P579631 3.488 3.465 -3.850 2.062
P579632 3.648 3.905 -3.442 1.183
P579633 3.776 3.693 -3.737 1.468
P579634 3.573 3.748 -3.870 1.249
P579635 3.771 3.937 -3.704 1.350
P579636 3.726 3.752 -3.894 1.448
P579637 3.723 3.763 -3.671 1.104
P579638 3.718 3.949 -3.910 2.848
P579639 3.963 3.493 -3.688 1.564
P579641 3.821 3.643 -4.046 1.250
P579642 3.644 3.849 -3.548 1.135
P579643 3.848 3.537 -3.481 1.236
P579644 3.548 3.621 -3.388 1.057
P579646 3.261 3.357 -3.567 1.227
P579649 3.577 3.662 -3.638 2.827
P579651 3.377 3.384 -3.865 1.365
P579653 3.561 3.658 -3.675 0.877
P579656 3.664 3.791 -3.936 1.307
P579657 3.524 3.566 -4.032 1.731
P579660 3.343 3.466 -3.883 1.623
P579664 3.190 3.368 -3.834 1.812
P579667 3.917 3.669 -3.592 0.758
P579668 3.476 3.622 -3.985 1.054
P579669 3.408 3.499 -3.779 0.956
P579670 3.654 3.642 -3.923 1.558
P579671 3.692 3.856 -3.734 0.905
P579672 3.634 3.442 -3.633 3.680
P579673 3.536 3.524 -3.675 1.869
P579674 3.858 3.991 -3.465 0.989
P579675 3.805 3.986 -3.750 0.857
P579676 3.478 3.579 -3.453 0.859
P579677 3.774 3.718 -3.877 1.143
P579678 3.705 3.424 -3.925 2.481
P579682 3.524 3.559 -4.233 2.379
P579683 3.723 3.880 -3.455 1.032
P579685 3.691 3.730 -4.333 1.210
P579688 3.662 3.510 -3.352 1.626
P579690 3.622 3.678 -3.835 1.015
P579691 3.733 3.483 -4.017 2.293
P579692 3.729 3.814 -3.758 1.289
P579693 3.638 3.731 -3.454 0.986
P579694 3.448 3.441 -3.808 2.084
P579695 3.628 3.662 -3.398 1.097
P579696 3.800 3.692 -3.969 2.126
P579697 3.597 3.471 -3.596 2.034
P579698 3.764 3.790 -3.583 1.011
P579699 3.749 3.682 -3.897 1.463
P579700 3.596 3.737 -3.933 1.566
P579701 3.538 3.581 -3.725 1.445
P579702 3.622 3.577 -3.742 2.725
P579705 3.717 3.754 -3.949 2.296
P579708 3.586 3.718 -4.049 1.504
P579712 3.471 3.509 -3.756 0.864
P579715 3.546 3.696 -3.684 1.254
P579719 3.480 3.535 -3.841 1.881
P579723 3.354 3.437 -3.966 1.202
P579728 3.388 3.427 -3.668 1.633
P579731 3.448 3.598 -3.681 1.269
P579739 3.321 3.290 -3.746 2.450
P579743 3.524 3.530 -3.762 1.899
P579747 3.424 3.706 -3.755 1.148
P579752 3.335 3.437 -3.979 1.713
P579755 3.358 3.436 -3.698 1.911
P579759 3.471 3.567 -4.006 1.677
P579763 3.510 3.700 -3.670 1.665
P579767 3.377 3.372 -4.043 1.535
P579772 3.374 3.375 -4.069 1.958
P579775 3.620 3.673 -3.804 1.820
P579779 3.478 3.704 -3.763 1.677
P579783 3.340 3.510 -3.783 1.662
P579787 3.472 3.583 -3.784 1.643
P579791 3.411 3.466 -3.639 1.819
P579796 3.245 3.265 -3.901 2.030
P579800 3.960 3.895 -4.222 1.134
P579804 3.833 4.040 -4.008 1.170
P579808 3.489 3.660 -4.021 1.145
P579811 3.748 3.853 -4.325 1.288
P579816 3.600 3.573 -3.681 0.937
P579819 3.531 3.631 -4.054 1.693
P579823 3.376 3.453 -3.778 1.880
P579827 3.504 3.640 -3.731 1.639
P579831 3.360 3.552 -3.722 1.687
P579834 3.696 3.733 -3.917 1.866
P579835 3.550 3.680 -3.751 0.912
P579839 3.577 3.653 -4.070 0.894
P579843 3.535 3.577 -3.876 0.878
P579847 3.607 3.694 -3.848 1.040
P579849 3.587 3.604 -4.137 1.729
P579855 3.523 3.557 -3.803 0.920
P579863 3.697 3.790 -3.966 1.887
P579867 3.690 3.710 -4.191 0.845
P579869 3.463 3.501 -4.288 0.760
P579875 3.543 3.686 -3.736 1.093
P579879 3.625 3.807 -4.219 1.861
P579883 3.673 3.875 -3.932 1.814
P579887 3.468 3.610 -4.364 1.630
P579889 3.486 3.656 -4.269 1.888
P579895 3.824 3.819 -4.074 1.785
P579899 3.779 4.000 -3.906 1.776
P579903 3.441 3.513 -3.812 0.720
P579905 3.601 3.605 -3.729 0.949
P579909 3.774 3.746 -4.206 2.718
P579912 3.423 3.641 -4.030 1.320
P579917 3.873 3.886 -4.028 1.426
P579921 3.919 3.859 -3.700 1.579
P579926 3.570 3.481 -4.169 2.262
P579930 3.539 3.543 -3.933 2.520
P579932 3.771 3.776 -4.021 1.443
P579936 3.702 3.642 -4.140 2.922
P579940 3.644 3.606 -3.611 1.156
P579943 3.416 3.478 -3.974 0.838
P579950 3.625 3.842 -4.107 1.882
P579952 3.719 3.739 -3.880 1.000
P579958 3.707 3.890 -3.996 1.354
P579962 3.736 3.773 -4.016 1.732
P579963 3.612 3.636 -4.113 2.163
P579966 3.692 3.766 -3.641 0.991
P579967 3.552 3.641 -4.129 1.970
P579969 3.606 3.729 -3.539 1.043
P579971 3.503 3.625 -4.029 1.332
P579975 3.534 3.690 -4.007 1.984
P579979 3.657 3.878 -3.879 1.919
P579983 3.574 3.720 -3.952 1.907
P579987 3.462 3.414 -4.034 1.929
P579991 3.560 3.751 -3.851 1.840
P579993 3.473 3.664 -3.970 1.972
P579997 3.814 3.750 -3.635 1.007
P580005 3.534 3.482 -3.809 1.166
P580010 3.642 3.556 -4.426 3.349
P580013 3.694 3.810 -3.866 1.037
P580017 3.724 3.720 -3.864 1.238
P580022 3.504 3.586 -3.670 1.491
P580029 3.597 3.667 -3.678 1.063
P580033 3.623 3.702 -3.655 1.050
P580037 3.516 3.629 -3.620 0.990
P580041 3.570 3.671 -3.951 0.999
P580045 3.662 3.749 -3.974 2.117
P580050 3.774 3.851 -3.579 0.724
P580053 3.501 3.721 -3.712 1.526
P580057 3.738 3.824 -3.891 2.168
P580061 3.591 3.793 -3.722 2.130
P580066 3.401 3.449 -3.869 1.913
P580070 3.625 3.767 -3.427 0.757
P580073 3.664 3.708 -4.012 1.340
P580077 3.561 3.693 -3.671 1.032
P580083 3.712 3.745 -4.191 1.305
P580087 3.492 3.573 -3.836 2.392
P580089 3.490 3.610 -3.804 0.774
P580093 3.545 3.641 -3.547 1.073
P580097 3.664 3.669 -4.041 1.668
P580102 3.745 3.819 -3.667 1.989
P580105 3.655 3.711 -4.088 1.917
P580109 3.600 3.563 -3.654 0.991
P580114 3.564 3.636 -4.146 1.299
P580117 3.725 3.724 -4.190 3.745
P580121 3.734 3.751 -3.799 1.002
P580126 3.563 3.549 -3.818 1.654
P580129 3.829 3.661 -4.142 2.270
P580133 3.658 3.852 -3.604 1.160
P580137 3.423 3.423 -4.179 2.106
P580141 3.668 3.661 -3.631 1.170
P580145 3.727 3.763 -3.605 1.177
P580149 3.615 3.607 -4.133 2.177
P580152 3.443 3.424 -3.587 1.175
P580155 3.506 3.586 -3.665 1.010
P580160 3.781 3.766 -3.879 0.925
P580163 3.459 3.634 -3.929 1.370
P580168 3.871 3.940 -3.668 1.953
P580171 3.850 3.829 -2.849 0.213
P580175 3.519 3.518 -4.090 1.638
P580178 3.569 3.550 -3.760 1.484
P580181 3.581 3.646 -3.666 1.062
P580182 3.743 3.710 -4.144 1.998
P580185 3.506 3.521 -4.008 1.262
P580186 3.477 3.513 -3.873 1.202
P580187 3.798 3.725 -3.753 2.151
P580188 3.376 3.437 -3.832 0.814
P580189 3.990 3.899 -3.926 2.317
P580190 3.706 3.647 -4.055 0.860
P580191 3.585 3.621 -3.603 0.994
P580192 3.663 3.628 -3.930 0.879
P580193 3.634 3.773 -3.956 1.720
P580194 4.234 3.969 -3.805 2.047
P580195 3.569 3.860 -3.566 0.979
P580196 3.621 3.466 -3.313 1.255
P580197 3.616 3.770 -3.463 0.913
P580198 4.240 4.009 -3.573 2.747
P580199 3.582 3.798 -3.544 1.086
P580200 3.616 3.746 -3.512 0.990
P580201 3.740 3.852 -3.617 0.975
P580202 3.786 3.648 -3.943 1.162
P580203 3.548 3.610 -3.657 1.476
P580205 3.538 3.564 -4.083 1.932
P580207 3.714 3.759 -4.459 2.242
P580209 3.460 3.553 -3.978 1.873
P580212 3.803 3.895 -3.629 1.013
P580213 3.828 3.729 -4.184 2.210
P580216 3.502 3.503 -4.430 2.109
P580218 3.548 3.456 -4.302 2.651
P580220 3.689 3.779 -3.646 1.040
P580221 3.638 3.712 -4.367 2.040
P580223 3.560 3.604 -4.095 1.985
P580226 3.476 3.598 -4.254 1.564
P580227 3.696 3.682 -4.095 1.033
P580229 3.723 3.722 -4.106 1.928
P580233 3.509 3.441 -4.151 2.631
P580236 3.600 3.490 -4.171 1.405
P580237 3.627 3.819 -4.049 1.607
P580239 3.453 3.435 -3.772 1.036
P580241 3.526 3.594 -4.336 0.861
P580243 3.645 3.736 -4.242 1.971
P580245 3.706 3.721 -3.838 0.981
P580247 3.632 3.639 -3.987 2.129
P580248 3.720 3.853 -3.776 1.906
P580249 3.756 4.040 -3.482 1.022
P580250 3.758 3.804 -3.672 1.111
P580251 3.553 3.601 -3.804 0.922
P580252 3.619 3.813 -3.472 1.042
P580253 3.720 3.796 -4.081 1.401
P580254 3.755 3.911 -3.730 0.847
P580255 3.674 3.492 -4.195 1.313
P580256 3.895 3.936 -3.489 1.111
P580257 3.884 4.025 -3.716 0.862
P580258 3.525 3.680 -3.481 0.931
P580259 3.902 3.627 -4.204 1.335
P580260 3.639 3.632 -4.158 1.123
P580261 3.538 3.562 -3.869 1.164
P580262 3.630 3.621 -3.806 1.951
P580263 3.574 3.452 -4.277 2.999
P580264 3.786 4.000 -3.483 0.988
P580266 3.644 3.579 -3.346 1.820
P580267 3.512 3.478 -4.137 0.821
P580268 3.676 3.835 -3.538 1.125
P580269 3.430 3.473 -3.834 0.712
P580270 3.607 3.615 -4.135 1.587
P580271 3.790 3.562 -4.142 2.253
P580272 3.871 3.664 -4.075 2.910
P580273 3.543 3.657 -3.893 1.275
P580274 3.803 3.759 -3.285 1.116
P580275 3.641 3.502 -3.397 1.338
P580276 3.436 3.400 -3.116 1.359
P580277 3.636 3.643 -3.869 1.585
P580278 3.740 3.828 -3.692 1.087
P580280 3.687 3.708 -3.865 1.025
P580282 3.459 3.549 -4.354 2.048
P580286 3.723 3.991 -3.718 1.965
P580288 3.710 3.650 -3.983 1.655
P580290 3.637 3.781 -3.745 1.946
P580292 3.528 3.663 -3.969 1.411
P580294 3.767 3.993 -3.719 1.421
P580296 3.856 3.885 -3.827 1.862
P580299 3.586 3.686 -3.833 2.078
P580302 3.688 3.685 -3.799 1.947
P580304 3.650 3.839 -3.759 1.697
P580306 3.619 3.748 -3.635 1.538
P580308 3.551 3.615 -4.077 1.618
P580310 3.593 3.589 -3.965 2.714
P580312 3.682 3.829 -3.892 1.977
P580314 3.540 3.774 -3.780 1.903
P580316 3.871 3.723 -3.821 1.632
P580318 3.636 3.847 -3.659 1.807
P580320 3.493 3.380 -3.375 1.418
P580322 3.714 3.746 -3.520 0.908
P580324 3.732 3.972 -3.763 1.887
P580326 3.590 3.712 -3.812 1.974
P580328 3.762 3.970 -3.744 1.410
P580330 3.558 3.627 -4.076 1.998
P580332 3.889 3.932 -3.836 1.999
P580334 3.820 4.090 -3.716 1.988
P580337 3.616 3.536 -4.135 2.162
P580341 3.617 3.660 -3.688 0.989
P580345 3.486 3.707 -3.671 1.111
P580348 3.581 3.625 -4.499 1.770
P580353 3.691 3.686 -3.958 2.241
P580356 3.661 3.680 -3.960 0.934
P580360 3.461 3.565 -3.822 1.784
P580365 3.772 3.702 -4.025 2.145
P580369 3.586 3.917 -3.628 1.276
P580373 3.413 3.398 -4.057 2.071
P580377 3.639 3.643 -4.003 2.162
P580381 3.710 3.864 -3.948 1.266
P580384 3.514 3.660 -3.821 0.961
P580388 3.573 3.689 -3.749 2.026
P580390 3.777 3.768 -3.933 1.480
P580392 3.516 3.699 -3.379 0.802
P580397 3.479 3.569 -3.861 0.941
P580401 3.520 3.518 -3.598 0.778
P580404 3.689 3.727 -4.174 1.273
P580405 3.448 3.532 -4.149 2.564
P580408 3.805 3.990 -3.861 1.177
P580409 3.831 3.922 -3.567 0.767
P580411 3.581 3.582 -3.817 1.205
P580413 3.686 3.805 -3.934 1.313
P580415 3.614 3.668 -4.260 1.677
P580416 3.531 3.645 -3.677 0.767
P580418 3.482 3.512 -4.128 1.315
P580421 3.688 3.709 -3.946 1.072
P580423 3.740 3.699 -3.887 1.367
P580425 3.451 3.481 -4.013 1.866
P580429 3.599 3.590 -4.138 1.404
P580430 3.597 3.650 -3.990 1.473
P580432 3.550 3.617 -3.586 0.852
P580434 3.574 3.502 -4.278 1.662
P580437 3.503 3.503 -4.263 1.527
P580438 3.576 3.601 -3.879 1.015
P580439 3.763 3.916 -3.451 1.158
P580440 3.585 3.638 -3.484 1.084
P580441 3.814 3.763 -3.858 1.242
P580442 3.379 3.368 -3.492 0.980
P580443 3.849 4.016 -3.762 0.951
P580444 3.895 3.851 -3.664 2.810
P580445 3.415 3.479 -4.143 0.722
P580446 3.705 3.555 -3.735 3.161
P580447 3.731 3.901 -3.764 0.850
P580448 3.768 3.671 -3.830 1.255
P580449 3.621 3.722 -3.294 1.508
P580450 3.580 3.576 -3.729 1.206
P580451 3.619 3.708 -3.788 0.586
P580452 3.781 3.919 -3.454 0.997
P580453 3.699 3.594 -3.471 1.780
P580455 3.654 3.601 -3.742 2.804
P580456 3.695 3.651 -3.845 1.341
P580457 3.580 3.679 -3.473 0.979
P580458 3.670 3.779 -3.878 1.702
P580459 3.762 3.763 -3.710 2.852
P580460 3.754 3.892 -3.799 0.962
P580461 3.631 3.794 -3.577 1.385
P580462 3.823 3.939 -3.719 1.360
P580463 3.669 3.883 -3.512 1.278
P580464 3.449 3.519 -3.484 2.155
P580465 3.731 3.845 -3.464 1.014
P580466 3.607 3.653 -4.070 1.748
P580469 3.666 3.640 -4.261 1.496
P580473 3.436 3.457 -4.159 1.040
P580477 3.644 3.693 -4.047 0.968
P580481 3.475 3.593 -3.965 2.030
P580486 3.738 3.777 -3.945 1.356
P580489 3.453 3.482 -3.869 1.040
P580494 3.814 3.797 -3.942 1.871
P580498 3.859 3.916 -3.649 1.303
P580501 3.542 3.652 -4.273 1.327
P580507 3.575 3.503 -3.549 1.480
P580509 3.625 3.815 -3.812 2.428
P580513 3.602 3.718 -4.328 2.429
P580518 3.568 3.625 -3.752 0.867
P580522 3.744 3.876 -4.192 1.247
P580528 3.572 3.630 -4.019 1.385
P580533 3.769 3.715 -3.969 1.823
P580538 3.591 3.744 -4.139 0.829
P580540 3.492 3.506 -3.876 0.867
P580546 3.842 3.668 -3.991 3.240
P580550 3.562 3.454 -4.155 1.569
P580552 3.927 3.966 -3.918 1.815
P580558 3.474 3.535 -3.703 1.030
P580559 3.452 3.587 -4.067 3.425
P580564 3.945 3.933 -4.187 2.204
P580569 3.618 3.724 -4.138 0.757
P580574 3.545 3.557 -3.528 2.563
P580585 3.678 3.677 -4.191 1.734
P580588 3.368 3.420 -3.254 1.322
P580592 3.830 3.925 -3.908 1.444
P580598 3.663 3.656 -3.994 1.596
P580604 3.582 3.572 -3.645 1.363
P580608 3.601 3.642 -3.944 1.490
P580613 3.606 3.584 -3.663 2.497
P580614 3.440 3.544 -4.103 1.260
P580624 3.438 3.492 -3.722 0.940
P580628 3.591 3.482 -3.957 1.615
P580633 3.921 3.814 -4.182 1.811
P580636 3.783 3.702 -3.674 2.437
P580643 3.375 3.410 -3.696 1.132
P580648 3.840 3.912 -3.990 1.532
P580652 3.593 3.639 -3.829 0.944
P580656 3.646 3.783 -3.807 1.322
P580661 3.554 3.543 -3.718 2.378
P580666 4.075 3.980 -3.961 1.559
P580670 3.703 3.503 -3.715 2.710
P580671 3.576 3.490 -3.634 1.689
P580681 3.610 3.663 -3.956 1.419
P580685 3.900 3.912 -3.993 1.546
P580688 3.640 3.508 -3.773 3.373
P580702 3.592 3.689 -4.144 1.817
P580714 3.608 3.715 -4.088 1.778
P580736 3.437 3.508 -3.810 1.331
P580741 3.544 3.590 -4.132 1.476
P580747 3.666 3.747 -3.833 1.418
P580759 3.417 3.519 -4.031 2.085
P580772 3.396 3.443 -4.108 1.777
P580781 3.600 3.478 -4.136 1.604
P580796 3.783 3.768 -3.956 1.448
P580801 3.593 3.654 -4.508 1.924
P580810 3.600 3.636 -4.085 1.840
P580817 3.644 3.681 -3.944 1.609
P580827 3.913 3.821 -3.649 2.549
P580833 3.455 3.574 -3.777 1.587
P580837 3.557 3.690 -3.727 1.810
P580847 3.546 3.562 -3.977 1.422
P580851 3.565 3.525 -3.727 2.226
P580857 3.518 3.523 -3.178 0.970
P580864 3.970 3.853 -4.290 2.334
P580869 3.719 3.721 -3.887 1.595
P580873 3.533 3.544 -3.713 0.823
P580881 3.688 3.763 -3.800 0.932
P580885 3.693 3.745 -3.959 1.448
P580891 3.657 3.661 -4.133 1.530
P580894 3.832 3.752 -4.175 2.516
P580900 4.012 4.053 -3.581 1.282
P580901 3.481 3.529 -4.109 1.517
P580905 3.704 3.797 -4.165 1.641
P580909 3.452 3.409 -3.630 1.593
P580924 3.433 3.450 -3.406 1.579
P580935 3.603 3.462 -3.622 2.893
P580942 3.645 3.643 -3.580 2.540
P580948 3.595 3.376 -3.968 2.249
P580952 3.807 3.645 -3.891 2.055
P580960 3.595 3.635 -4.053 1.615
P580968 3.576 3.427 -3.822 3.371
P580972 3.842 3.773 -3.998 1.919
P580976 3.538 3.652 -3.826 1.468
P580980 3.615 3.658 -3.834 1.839
P580984 4.118 3.904 -3.930 2.195
P580988 3.530 3.545 -3.673 1.604
P580992 3.940 3.832 -3.929 2.165
P580996 3.743 3.631 -4.142 3.334
P581004 3.469 3.600 -3.898 1.324
P581008 3.741 3.726 -3.728 2.136
P581012 3.718 3.822 -4.140 1.867
P581016 3.555 3.497 -4.063 3.169
P581020 3.492 3.430 -3.823 1.165
P581024 3.493 3.363 -3.916 3.636
P581028 3.597 3.554 -3.725 2.330
P581033 3.367 3.405 -4.309 1.829
P581037 3.635 3.731 -4.264 1.909
P581044 3.410 3.414 -3.685 2.025
P581051 3.365 3.592 -3.941 1.411
P581058 3.752 3.866 -3.939 1.109
P581066 3.635 3.706 -4.070 2.322
P581072 3.439 3.501 -3.990 1.748
P581081 3.547 3.599 -4.038 1.842
P581086 3.546 3.574 -3.457 0.962
P581088 3.628 3.572 -3.942 1.765
P581096 3.655 3.595 -3.876 2.029
P581105 3.431 3.493 -3.755 2.183
P581113 3.522 3.631 -4.230 1.392
P581117 3.816 3.864 -4.188 1.771
P581120 3.834 3.664 -4.057 3.268
P581121 3.569 3.467 -3.758 2.141
P581125 3.960 3.923 -4.176 1.370
P581129 3.627 3.485 -3.726 1.347
P581137 3.623 3.721 -3.784 1.250
P581141 3.618 3.674 -3.934 1.114
P581145 3.726 3.602 -4.083 2.199
P581149 3.807 3.706 -4.144 2.156
P581153 3.983 3.859 -3.845 2.243
P581157 3.431 3.496 -4.089 1.988
P581161 3.755 3.654 -4.132 1.689
P581165 3.544 3.534 -3.789 2.517
P581173 3.909 3.792 -3.806 2.050
P581181 3.768 3.625 -4.106 1.913
P581189 3.639 3.645 -3.853 1.837
P581193 3.912 3.820 -3.994 2.169
P581197 3.613 3.501 -3.735 2.656
P581201 3.489 3.363 -3.672 3.692
P581209 3.761 3.764 -3.658 1.248
P581217 3.974 3.916 -3.920 0.920
P581221 3.469 3.559 -3.806 1.309
P581225 3.506 3.548 -3.562 1.810
P581229 3.406 3.430 -4.132 1.893
P581233 3.949 3.905 -3.834 1.834
P581237 3.729 3.845 -4.137 1.610
P581241 3.612 3.576 -3.622 1.965
P581249 3.770 3.686 -4.041 3.308
P581257 3.872 3.773 -3.934 1.934
P581261 3.554 3.543 -3.661 0.779
P581269 3.550 3.603 -4.040 1.939
P581273 3.659 3.786 -3.702 1.282
P581281 3.499 3.547 -3.946 1.802
P581285 3.639 3.574 -3.895 2.521
P581297 3.549 3.600 -3.912 1.601
P581306 3.826 3.918 -4.316 1.765
P581315 3.563 3.631 -3.935 1.153
P581323 3.606 3.628 -4.040 1.401
P581333 3.669 3.722 -4.030 1.609
P581346 3.820 3.957 -4.157 1.773
P581362 3.586 3.590 -3.726 1.407
P581370 3.524 3.606 -4.327 1.631
P581383 3.616 3.704 -4.136 2.616
P581395 3.501 3.501 -4.190 1.403
P581409 3.530 3.511 -3.710 1.365
P581420 3.542 3.603 -4.251 3.120
P581434 4.016 4.114 -3.947 1.046
P581449 3.814 3.761 -3.971 1.451
P581465 3.591 3.675 -3.738 0.861
P581470 3.632 3.708 -4.021 1.081
P581482 3.712 3.762 -4.004 1.443
P581489 3.691 3.693 -3.605 0.404
P581498 3.464 3.531 -3.963 1.277
P581504 3.580 3.582 -2.587 0.233
P581513 4.094 4.149 -3.205 0.265
P581520 3.588 3.655 -3.660 1.492
P581528 3.907 3.974 -4.064 1.552
P581543 3.721 3.699 -4.090 1.468
P581551 3.492 3.536 -3.956 0.862
P581559 3.721 3.833 -4.072 1.800
P581565 3.687 3.800 -4.267 1.496
P581575 3.533 3.513 -3.272 0.250
P581579 3.861 3.717 -4.195 2.239
P581590 3.570 3.590 -3.906 1.480
P581597 3.937 4.064 -4.271 1.530
P581606 3.504 3.479 -3.712 1.459
P581611 3.372 3.473 -4.146 1.779
P581621 3.935 4.062 -4.158 1.584
P581626 3.695 3.819 -4.242 1.381
P581635 3.815 3.849 -4.509 1.810
P581639 3.921 3.848 -4.024 1.774
P581642 3.945 3.919 -4.051 1.565
P581653 3.704 3.803 -4.420 1.808
P581669 3.495 3.544 -3.862 1.704
P581687 3.463 3.500 -3.843 1.409
P581698 3.907 3.899 -3.927 1.741
P581717 3.714 3.826 -4.207 1.836
P581728 3.623 3.645 -4.058 1.413
P581735 3.912 3.965 -4.395 1.802
P581744 3.579 3.580 -2.621 0.099
P581748 3.423 3.489 -4.321 1.505
P581755 3.732 3.756 -4.300 1.799
P581759 3.544 3.630 -3.948 1.481
P581762 3.721 3.524 -4.392 2.383
P581764 3.560 3.653 -3.521 1.258
P581765 3.626 3.627 -4.046 1.178
P581767 3.890 3.877 -3.987 2.069
P581768 3.926 4.006 -4.051 1.817
P581769 3.614 3.498 -3.768 1.310
P581771 3.730 3.590 -3.422 1.108
P581772 3.624 3.729 -3.662 1.259
P581774 3.527 3.468 -3.372 1.427
P581775 3.572 3.709 -3.795 3.787
P581777 3.491 3.392 -3.515 0.869
P581778 3.931 3.846 -3.966 0.967
P581779 3.868 3.723 -3.812 3.504
P581781 3.401 3.439 -4.140 1.932
P581783 3.551 3.416 -3.784 1.413
P581784 3.878 3.875 -4.100 3.556
P581785 3.549 3.665 -3.768 1.686
P581786 3.654 3.595 -3.230 1.419
P581787 3.486 3.599 -3.966 2.358
P581788 4.111 3.972 -3.895 2.631
P581789 3.544 3.772 -3.891 1.676
P581790 3.463 3.482 -3.731 2.117
P581791 3.916 4.019 -4.305 2.563
P581792 3.461 3.465 -3.853 1.251
P581793 3.765 3.797 -3.919 2.060
P581794 3.637 3.799 -4.208 1.402
P581795 3.490 3.435 -3.887 1.054
P581796 3.761 3.634 -4.334 1.536
P581797 3.642 3.480 -4.015 1.447
P581798 3.906 3.928 -4.053 0.823
P581799 3.687 3.630 -4.020 1.436
P581802 3.748 3.551 -3.405 1.018
P581803 3.608 3.669 -3.770 1.004
P581804 3.585 3.632 -3.914 1.316
P581805 3.700 3.780 -4.455 2.522
P581806 3.834 3.815 -4.410 2.188
P581807 4.092 3.797 -4.169 2.234
P581808 3.473 3.396 -3.264 0.959
P581809 3.737 3.787 -4.340 2.253
P581811 3.521 3.493 -3.473 3.403
P581812 3.500 3.599 -3.628 1.266
P581814 3.776 3.838 -3.873 1.115
P581816 3.708 3.610 -3.993 1.385
P581818 3.692 3.612 -3.257 1.430
P581819 3.950 3.877 -4.035 2.555
P581820 3.531 3.597 -3.166 0.670
P581821 3.551 3.631 -3.809 1.594
P581822 3.563 3.406 -4.048 2.193
P581825 4.086 3.992 -4.089 1.671
P581829 3.538 3.745 -3.622 1.024
P581833 3.896 3.940 -4.096 1.691
P581840 3.698 3.702 -4.045 1.642
P581845 3.452 3.496 -3.911 1.098
P581848 3.692 3.842 -3.958 1.503
P581852 3.665 3.857 -4.163 1.192
P581857 3.473 3.706 -4.119 2.732
P581861 3.472 3.532 -3.950 1.397
P581865 3.571 3.561 -3.964 1.744
P581868 3.859 4.001 -4.142 1.345
P581873 3.492 3.516 -3.690 1.572
P581877 3.397 3.447 -4.117 1.989
P581881 3.953 4.042 -4.040 1.527
P581884 3.706 3.793 -4.254 1.126
P581887 3.722 3.702 -4.087 2.377
P581890 3.613 3.694 -3.996 1.482
P581894 3.808 3.907 -4.098 1.793
P581898 3.834 3.842 -4.162 1.255
P581904 3.586 3.690 -4.048 2.356
P581912 3.598 3.748 -4.046 2.634
P581921 3.457 3.424 -3.938 1.944
P581926 3.647 3.657 -3.492 1.324
P581930 3.563 3.634 -4.060 1.318
P581934 3.579 3.612 -3.739 2.668
P581938 3.380 3.375 -3.963 1.637
P581942 3.574 3.469 -4.189 1.802
P581948 3.763 3.746 -4.062 2.339
P581953 3.472 3.519 -4.309 0.655
P581961 3.516 3.392 -3.967 3.316
P581970 3.441 3.488 -4.265 1.713
P581974 3.512 3.485 -3.584 1.373
P581985 3.459 3.638 -4.069 2.369
P581992 3.889 3.855 -4.019 2.353
P582000 3.716 3.753 -4.186 2.270
P582006 3.622 3.702 -4.027 1.460
P582009 3.858 3.899 -4.318 1.693
P582014 3.571 3.565 -3.840 2.044
P582016 3.574 3.570 -3.769 1.274
P582019 3.433 3.312 -3.711 3.357
P582020 3.609 3.586 -3.389 1.483
P582021 3.535 3.524 -3.961 1.282
P582022 3.406 3.466 -4.029 0.735
P582024 3.380 3.394 -3.756 1.128
P582025 3.639 3.597 -3.754 1.302
P582029 3.473 3.576 -3.535 0.932
P582036 3.673 3.776 -4.356 1.772
P582041 3.448 3.575 -4.271 1.454
P582045 3.684 3.678 -4.093 2.352
P582053 3.810 3.927 -3.979 1.759
P582060 3.588 3.658 -3.588 1.190
P582065 3.571 3.658 -4.188 1.488
P582070 3.573 3.631 -3.772 0.672
P582077 3.577 3.564 -3.486 1.247
P582081 3.487 3.600 -4.102 2.764
P582087 3.538 3.484 -3.307 1.277
P582093 3.976 4.050 -3.903 1.000
P582099 3.785 3.739 -4.046 2.103
P582108 3.565 3.677 -3.792 1.093
P582113 3.644 3.742 -4.027 1.394
P582116 3.690 3.757 -4.034 1.805
P582120 3.656 3.711 -4.348 1.623
P582124 3.772 3.790 -4.473 1.646
P582127 3.833 3.767 -3.788 3.359
P582134 3.718 3.738 -4.281 2.815
P582138 3.647 3.630 -4.176 1.874
P582142 3.907 3.915 -3.237 0.277
P582146 3.585 3.574 -4.065 1.980
P582151 3.521 3.625 -4.013 2.512
P582159 3.574 3.621 -3.979 2.375
P582172 3.866 3.880 -4.005 1.402
P582178 3.371 3.431 -3.904 1.583
P582182 3.536 3.510 -3.903 1.881
P582185 3.342 3.387 -3.930 0.763
P582194 3.427 3.419 -3.803 1.242
P582198 3.489 3.415 -4.195 1.764
P582203 3.714 3.686 -3.756 3.497
P582211 3.595 3.540 -3.258 1.112
P582215 3.458 3.630 -4.494 2.498
P582222 3.514 3.516 -4.100 2.754
P582231 3.480 3.518 -3.652 2.393
P582233 3.493 3.527 -4.002 1.432
P582242 3.643 3.639 -4.131 2.777
P582248 3.475 3.509 -4.249 1.732
P582253 3.627 3.689 -4.091 1.126
P582259 3.471 3.537 -3.810 1.277
P582262 3.972 4.059 -4.072 1.361
P582270 3.786 3.712 -4.250 2.993
P582276 3.577 3.738 -4.043 1.316
P582279 3.707 3.737 -4.135 1.945
P582283 3.674 3.645 -4.363 2.137
P582287 3.793 3.812 -3.488 0.342
P582292 3.969 4.019 -4.309 2.280
P582295 3.439 3.538 -4.349 1.445
P582299 3.685 3.745 -4.353 1.940
P582306 3.617 3.526 -4.162 2.885
P582314 3.478 3.291 -3.838 3.136
P582318 3.779 3.855 -4.129 1.797
P582323 3.491 3.433 -3.637 2.133
P582331 3.544 3.634 -3.830 1.381
P582338 3.781 3.850 -3.965 1.750
P582343 3.489 3.565 -3.713 1.403
P582350 3.496 3.488 -4.141 1.816
P582354 3.629 3.537 -3.630 0.702
P582363 3.470 3.513 -4.026 1.124
P582372 3.429 3.397 -3.656 0.835
P582374 3.851 4.001 -3.925 1.206
P582379 3.727 3.683 -4.008 2.511
P582387 3.513 3.518 -3.955 2.545
P582394 3.546 3.604 -3.754 1.099
P582398 3.424 3.448 -4.167 1.822
P582403 3.612 3.794 -4.147 1.383
P582406 3.865 3.960 -3.997 1.575
P582410 3.478 3.543 -3.951 1.549
P582416 3.597 3.654 -3.601 1.472
P582419 3.473 3.500 -3.996 2.678
P582422 4.028 3.900 -4.058 1.777
P582428 3.541 3.621 -3.828 1.059
P582430 3.801 3.876 -4.048 1.824
P582435 3.634 3.659 -4.260 2.124
P582443 3.416 3.435 -3.809 0.643
P582446 3.663 3.772 -3.881 1.754
P582450 3.585 3.681 -3.972 0.919
P582454 3.434 3.450 -3.865 1.218
P582459 3.650 3.656 -4.217 1.807
P582461 3.489 3.449 -3.769 1.781
P582465 3.830 3.949 -4.070 1.565
P582469 3.460 3.461 -3.649 1.781
P582473 3.313 3.340 -3.679 1.678
P582480 3.443 3.487 -3.811 1.022
P582485 3.827 3.866 -4.080 1.835
P582490 3.644 3.647 -4.394 3.334
P582497 3.600 3.635 -4.224 1.825
P582505 3.600 3.585 -4.227 2.926
P582509 3.502 3.478 -2.896 0.119
P582513 3.736 3.770 -4.037 1.746
P582517 3.691 3.724 -4.305 1.682
P582520 3.453 3.479 -3.963 1.012
P582524 3.824 3.794 -4.043 1.504
P582529 3.584 3.564 -4.052 1.716
P582532 3.974 3.984 -4.170 1.754
P582540 3.702 3.739 -4.334 2.794
P582545 3.360 3.449 -3.848 1.735
P582548 3.962 4.013 -4.132 1.502
P582552 3.661 3.734 -5.003 3.666
P582560 3.563 3.564 -3.900 3.046
P582565 3.547 3.525 -4.106 2.909
P582568 3.880 3.860 -4.179 2.137
P582573 3.617 3.630 -3.716 1.414
P582578 4.068 4.124 -4.329 2.553
P582586 3.631 3.562 -3.885 1.402
P582594 3.428 3.504 -3.857 1.804
P582596 3.560 3.664 -4.172 1.446
P582599 3.506 3.649 -4.253 2.525
P582603 3.373 3.412 -4.075 1.341
P582613 3.494 3.434 -4.119 1.784
P582616 3.597 3.449 -4.352 1.691
P582626 3.754 3.663 -4.017 1.562
P582630 3.554 3.765 -4.304 1.703
P582636 3.608 3.511 -3.786 2.401
P582640 3.814 3.861 -4.233 1.747
P582645 3.523 3.596 -4.000 1.356
P582649 3.601 3.627 -3.965 1.472
P582652 3.598 3.595 -4.184 2.732
P582657 3.960 3.953 -4.048 1.905
P582660 3.879 3.747 -4.084 2.078
P582664 3.637 3.596 -3.953 2.168
P582668 3.818 3.854 -4.025 1.801
P582674 3.689 3.644 -4.174 1.873
P582678 3.579 3.736 -4.154 1.266
P582682 3.621 3.624 -3.646 1.209
P582684 3.694 3.879 -3.913 1.149
P582689 3.648 3.683 -3.860 2.003
P582696 3.647 3.496 -3.942 2.551
P582700 3.908 3.811 -3.934 2.145
P582704 3.834 3.906 -3.853 1.600
P582708 3.638 3.649 -4.052 1.813
P582712 3.686 3.640 -4.019 2.081
P582717 3.742 3.880 -3.630 2.391
P582719 3.721 3.747 -3.323 1.946
P582724 3.670 3.855 -3.593 1.240
P582726 3.366 3.417 -3.913 1.659
P582731 3.802 3.957 -3.913 1.163
P582735 3.650 3.644 -4.070 2.066
P582741 3.674 3.538 -4.055 2.365
P582743 3.650 3.586 -4.185 2.355
P582747 3.638 3.564 -4.203 2.253
P582751 3.992 3.808 -4.105 2.075
P582756 3.498 3.643 -3.613 1.873
P582759 3.643 3.642 -3.980 2.043
P582763 3.790 3.739 -4.352 2.232
P582767 3.883 3.818 -4.222 3.523
P582771 3.725 3.765 -4.202 1.140
P582776 3.645 3.813 -4.031 1.234
P582780 3.585 3.642 -3.852 1.750
P582784 3.535 3.558 -4.364 2.623
P582788 3.700 3.737 -4.315 1.127
P582792 3.751 3.878 -4.117 1.157
P582797 3.569 3.722 -4.075 1.329
P582800 3.855 3.832 -4.190 1.260
P582804 3.639 3.696 -3.899 1.952
P582807 3.422 3.423 -4.179 1.968
P582812 3.687 3.812 -3.956 1.229
P582816 3.598 3.757 -4.021 1.238
P582820 3.743 3.862 -4.034 0.955
P582822 3.689 3.575 -3.851 1.073
P582823 3.946 3.712 -4.192 1.351
P582824 3.789 3.622 -3.910 1.348
P582825 4.007 4.190 -3.812 0.994
P582826 3.820 3.797 -4.188 1.645
P582827 4.150 3.690 -2.806 1.034
P582828 4.180 3.789 -2.952 1.236
P582829 3.649 3.607 -4.027 1.234
P582830 4.128 3.618 -2.865 1.978
P582832 3.594 3.834 -3.651 1.062
P582833 3.862 3.963 -3.930 1.139
P582834 4.084 3.662 -3.082 1.172
P582835 4.079 3.683 -2.771 1.259
P582836 3.874 3.681 -4.091 1.465
P582837 3.896 3.956 -3.861 1.374
P582838 3.671 3.610 -4.231 1.140
P582839 4.038 3.766 -3.960 1.796
P582840 4.337 3.847 -2.882 1.238
P582844 3.713 3.704 -3.600 1.326
P582846 4.086 4.039 -4.357 2.349
P582850 3.783 3.667 -3.778 1.936
P582855 4.011 4.282 -3.716 1.385
P582859 4.033 4.084 -3.670 1.896
P582864 3.684 3.682 -4.105 1.391
P582865 3.722 3.766 -3.954 1.161
P582868 3.761 3.816 -3.690 1.651
P582870 4.991 4.750 -4.586 1.372
P582872 3.606 3.974 -4.436 1.000
P582873 3.585 3.971 -4.454 0.902
P582875 3.687 3.948 -4.191 0.860
P582876 3.658 4.015 -4.532 0.729
P582880 3.594 4.026 -4.563 1.095
P582882 3.629 4.022 -4.557 0.684
P582884 3.612 3.900 -4.658 0.832
P582886 3.594 4.021 -4.575 1.157
P582888 3.514 3.865 -4.506 1.094
P582890 3.717 4.028 -4.461 0.786
P582891 3.588 4.009 -4.573 0.878
P582893 3.502 3.742 -4.214 0.735
P582894 3.644 4.024 -4.620 0.755
P582899 3.614 3.874 -4.211 0.665
P582901 3.518 3.966 -4.503 0.977
P582902 3.629 3.990 -4.550 0.728
P582906 3.440 3.760 -4.459 0.590
P582910 3.766 4.121 -4.645 0.841
P582912 3.804 4.174 -4.741 0.783
P582916 3.853 4.132 -4.583 0.674
P582921 3.848 4.156 -4.624 0.748
P582923 3.668 3.973 -4.848 1.906
P582926 3.720 4.040 -4.612 0.679
P582928 3.735 4.125 -4.477 1.000
P582930 3.819 4.152 -4.695 0.712
P582931 3.583 3.986 -4.372 0.657
P582935 3.749 4.137 -4.388 1.162
P582937 3.630 3.964 -4.581 0.960
P582938 3.645 3.889 -4.281 0.668
P582939 3.724 4.112 -4.676 0.861
P582942 3.798 4.180 -4.600 0.882
P582947 3.622 3.941 -4.439 0.603
P582950 3.683 4.030 -4.195 1.178
P582951 3.561 3.950 -4.535 1.271
P582955 3.729 3.899 -4.203 0.951
P582956 3.600 3.924 -4.539 0.736
P582958 3.788 4.188 -4.597 0.785
P582962 3.640 3.760 -4.231 0.639
P582963 3.694 4.025 -4.280 1.167
P582965 3.676 3.781 -4.082 0.590
P582966 3.720 4.151 -4.769 1.278
P582967 3.820 3.990 -4.197 0.628
P582969 3.566 3.840 -4.431 0.808
P582970 3.561 3.769 -4.248 0.919
P582971 3.619 3.887 -4.247 0.811
P582974 3.670 3.956 -4.434 0.801
P582975 3.751 3.921 -4.286 0.532
P582977 3.786 4.144 -4.370 1.125
P582978 3.769 4.163 -4.703 0.934
P582979 3.785 4.106 -4.640 0.704
P582982 3.776 4.155 -4.704 0.811
P582983 3.570 3.917 -4.316 0.599
P582988 3.743 4.148 -4.679 1.269
P582992 3.846 4.148 -4.542 0.923
P582994 3.745 4.149 -4.436 1.376
P582997 3.568 3.879 -4.534 0.736
P583000 3.786 4.144 -4.625 0.691
P583002 3.607 3.909 -4.582 0.574
P583005 3.696 4.004 -4.663 0.667
P583007 3.728 4.147 -4.466 1.014
P583011 3.582 3.877 -4.637 0.728
P583018 3.676 4.053 -4.749 0.703
P583020 3.654 4.054 -4.391 0.911
P583024 3.663 4.044 -4.640 0.987
P583030 3.759 4.064 -4.817 0.747
P583033 3.814 4.162 -4.715 0.874
P583035 3.615 4.044 -4.477 1.538
P583037 3.759 4.137 -4.746 0.729
P583039 3.869 4.166 -4.460 0.973
P583042 3.696 4.138 -4.664 1.374
P583044 3.765 4.057 -4.402 0.825
P583049 3.685 3.962 -4.171 0.823
P583055 3.725 4.090 -4.742 1.022
P583056 3.802 4.154 -4.547 0.634
P583060 3.704 3.797 -4.260 0.783
P583063 3.568 3.777 -4.189 1.007
P583065 3.888 4.199 -4.721 0.715
P583067 3.735 4.131 -4.726 0.610
P583068 3.735 4.056 -4.313 0.848
P583071 3.773 4.008 -4.666 0.665
P583073 3.785 4.149 -4.663 0.723
P583078 3.619 3.925 -4.593 0.710
P583079 3.797 4.185 -4.569 0.787
P583081 3.730 4.168 -4.566 0.931
P583083 3.652 4.044 -4.591 1.026
P583088 3.810 4.110 -4.968 0.887
P583091 3.792 4.113 -4.567 0.808
P583093 3.805 4.051 -4.767 1.009
P583094 3.704 3.793 -3.927 0.823
P583095 3.737 3.833 -4.185 0.702
P583097 3.605 3.925 -4.298 1.151
P583098 3.520 3.616 -4.281 0.813
P583100 3.716 3.817 -3.931 0.737
P583101 3.714 3.804 -4.295 0.668
P583103 3.741 3.948 -4.273 0.879
P583104 3.761 3.869 -4.141 1.053
P583105 3.837 4.170 -4.293 1.486
P583106 3.746 3.866 -4.483 0.605
P583107 3.790 4.061 -4.335 1.090
P583108 3.855 4.004 -4.238 1.040
P583109 3.792 3.967 -4.137 0.507
P583112 3.785 3.940 -4.283 0.309
P583115 3.792 4.106 -4.485 1.111
P583118 3.767 3.899 -4.310 0.611
P583121 3.834 4.029 -4.097 0.725
P583122 3.874 3.993 -4.336 0.519
P583124 3.733 3.880 -4.072 0.586
P583126 3.883 4.117 -4.394 0.986
P583127 3.786 4.120 -4.441 1.467
P583129 3.933 4.008 -4.353 1.123
P583130 3.719 3.875 -4.325 0.694
P583131 3.618 3.786 -4.222 0.996
P583133 3.873 4.006 -4.342 0.568
P583134 3.683 3.959 -4.325 0.737
P583135 3.930 3.991 -4.468 1.069
P583136 3.839 3.956 -4.403 0.708
P583137 3.878 4.062 -4.526 1.183
P583138 3.772 3.983 -4.450 0.579
P583139 3.601 3.772 -4.340 0.997
P583141 3.924 4.150 -4.331 0.841
P583142 3.980 4.200 -4.427 0.858
P583144 3.908 3.949 -4.359 0.708
P583145 3.864 4.122 -4.539 0.857
P583146 3.702 3.999 -4.322 0.943
P583148 3.860 3.912 -4.120 0.795
P583150 3.855 4.111 -4.578 1.763
P583151 3.717 3.800 -4.555 0.927
P583153 3.740 3.898 -4.372 0.623
P583155 3.767 3.938 -4.159 0.506
P583158 3.887 4.082 -4.258 0.855
P583160 3.784 4.005 -4.522 0.636
P583163 3.753 3.908 -4.184 0.841
P583166 3.859 4.069 -4.389 1.268
P583167 3.792 4.060 -4.394 0.406
P583169 3.887 4.091 -4.381 1.157
P583170 3.832 3.942 -3.948 0.524
P583171 3.681 3.806 -4.427 0.754
P583172 3.655 3.982 -4.720 1.641
P583174 3.603 3.703 -4.198 0.946
P583175 3.728 3.916 -4.541 0.660
P583176 3.673 4.063 -4.868 1.897
P583177 3.650 3.776 -4.362 0.551
P583178 3.768 3.939 -4.047 0.813
P583180 3.860 4.111 -4.512 0.828
P583181 3.653 3.825 -4.103 0.755
P583182 3.851 3.963 -4.207 0.515
P583183 3.888 4.087 -4.150 0.965
P583184 3.845 3.970 -4.304 0.597
P583185 3.870 4.010 -4.594 0.702
P583188 3.826 4.078 -4.444 0.524
P583189 3.725 4.015 -4.504 1.995
P583191 3.913 4.007 -4.287 0.723
P583192 3.692 3.690 -4.002 0.929
P583193 3.868 3.985 -4.426 0.546
P583194 3.848 3.936 -4.541 0.789
P583196 3.882 4.063 -4.169 1.083
P583198 3.836 4.122 -4.718 0.572
P583199 3.929 4.133 -4.520 0.437
P583200 3.645 3.744 -4.335 0.500
P583202 3.656 3.877 -4.281 0.771
P583203 3.839 3.976 -4.492 0.965
P583205 3.677 3.784 -4.383 0.613
P583206 3.991 4.067 -4.249 0.485
P583207 3.849 4.008 -4.595 0.416
P583209 3.636 3.748 -4.298 0.795
P583211 4.114 4.209 -4.435 1.142
P583213 3.921 3.948 -4.290 0.825
P583214 3.799 4.000 -4.376 2.233
P583215 3.725 4.016 -4.395 0.395
P583216 3.728 3.826 -4.116 0.865
P583219 3.837 4.010 -4.298 0.806
P583220 3.814 3.939 -4.337 0.664
P583221 3.869 4.132 -4.499 1.237
P583222 3.617 3.795 -4.457 0.484
P583224 3.753 3.833 -4.467 0.875
P583226 3.920 4.174 -4.815 1.013
P583227 4.036 4.194 -4.715 1.181
P583228 3.846 4.160 -4.705 0.761
P583230 3.723 3.934 -4.465 1.005
P583231 4.307 4.325 -4.898 1.412
P583232 3.889 4.147 -4.597 0.959
P583236 3.853 3.976 -4.652 1.308
P583238 3.970 4.187 -4.638 0.832
P583240 3.909 4.203 -4.404 0.938
P583241 3.942 3.976 -4.410 1.123
P583243 3.938 4.094 -4.479 0.575
P583244 3.796 3.983 -4.344 0.686
P583245 3.951 4.171 -4.406 1.155
P583247 4.079 4.119 -4.239 0.560
P583248 3.799 3.941 -4.614 1.154
P583250 4.136 4.134 -4.375 0.795
P583252 4.031 4.250 -4.835 0.511
P583254 4.055 4.245 -4.653 0.830
P583258 4.039 4.279 -4.669 0.731
P583259 4.152 4.163 -4.574 0.756
P583261 3.883 4.159 -4.531 1.098
P583263 4.005 4.308 -4.488 0.975
P583264 4.068 4.208 -4.407 0.517
P583266 3.778 4.020 -4.823 2.050
P583267 3.767 3.956 -4.356 0.478
P583270 4.169 4.292 -4.541 0.873
P583271 3.984 4.151 -4.710 0.577
P583272 3.936 4.237 -4.507 1.337
P583274 3.885 4.121 -4.613 0.828
P583276 3.928 4.148 -4.525 0.758
P583277 3.938 4.308 -4.495 0.925
P583278 4.190 4.275 -4.691 0.646
P583279 3.979 4.238 -4.877 2.025
P583280 3.859 3.955 -4.632 0.900
P583281 4.079 4.252 -4.743 0.722
P583282 3.998 3.977 -4.591 0.704
P583286 4.107 4.269 -4.563 0.865
P583287 3.754 4.014 -4.601 1.066
P583291 4.099 4.242 -4.613 0.775
P583292 4.073 4.175 -4.594 0.567
P583294 3.851 3.970 -4.429 0.674
P583295 3.847 4.029 -4.948 1.284
P583296 3.959 4.232 -4.714 0.759
P583298 3.875 4.019 -4.689 1.083
P583299 3.896 3.963 -4.234 0.825
P583300 4.003 4.225 -4.565 0.480
P583302 3.918 4.222 -4.352 1.468
P583303 3.893 4.157 -4.556 0.888
P583307 4.162 4.140 -4.545 1.099
P583309 4.081 4.291 -4.746 1.127
P583310 3.888 4.153 -4.506 1.219
P583312 3.776 3.965 -4.611 0.518
P583314 3.919 4.143 -4.454 0.557
P583315 4.129 4.222 -4.499 0.902
P583316 3.998 4.260 -4.386 0.549
P583318 3.800 4.064 -4.444 0.522
P583319 4.008 4.252 -4.649 1.653
P583320 4.055 4.193 -4.529 0.945
P583322 4.044 4.213 -4.848 0.691
P583324 4.026 4.306 -4.994 0.586
P583325 4.158 4.142 -4.515 0.920
P583327 4.035 4.185 -4.920 2.281
P583328 4.016 4.136 -4.563 1.030
P583329 3.913 4.174 -4.557 1.205
P583332 4.013 4.126 -4.368 0.535
P583334 4.006 4.311 -4.659 1.242
P583336 3.730 4.010 -4.636 2.056
P583337 3.757 3.918 -4.678 0.693
P583338 3.945 4.112 -4.575 0.740
P583340 3.902 4.043 -4.333 0.675
P583342 3.918 4.086 -4.692 0.389
P583345 4.073 4.354 -4.419 0.681
P583349 4.018 4.197 -4.808 0.463
P583351 3.775 4.058 -4.675 1.334
P583353 3.925 4.093 -4.721 0.498
P583354 4.162 4.287 -4.504 0.814
P583355 3.857 4.035 -4.893 1.564
P583356 4.056 4.278 -4.329 0.875
P583358 4.022 4.219 -4.622 0.944
P583359 4.004 4.299 -4.531 1.132
P583361 3.882 4.137 -4.491 0.943
P583363 4.194 4.093 -4.313 0.890
P583364 3.974 4.221 -4.547 1.150
P583366 4.053 4.182 -4.720 1.271
P583367 4.089 4.360 -4.438 1.280
P583369 3.955 4.179 -4.722 0.541
P583370 4.062 4.214 -4.715 1.094
P583373 3.990 4.220 -4.720 0.467
P583375 4.158 4.152 -4.758 0.623
P583377 3.871 4.123 -4.765 0.622
P583381 3.945 4.165 -4.685 0.598
P583382 3.823 4.086 -4.524 0.975
P583384 4.094 4.119 -4.539 0.622
P583387 3.983 4.171 -4.689 0.875
P583388 3.875 4.178 -4.549 1.158
P583390 4.154 4.150 -4.531 0.871
P583392 3.967 4.133 -5.038 2.087
P583393 4.034 4.202 -4.152 1.262
P583395 3.799 4.126 -4.498 1.090
P583397 4.111 4.049 -4.459 1.073
P583399 4.118 4.069 -4.721 0.951
P583401 4.150 4.167 -4.720 0.566
P583403 3.924 4.174 -4.555 0.874
P583406 3.968 4.192 -4.869 0.524
P583408 3.853 4.031 -4.674 0.756
P583409 3.779 4.050 -4.491 1.165
P583411 3.926 4.036 -4.609 0.728
P583412 4.025 4.049 -4.433 1.012
P583414 3.880 4.065 -4.569 1.172
P583416 3.875 4.141 -4.551 0.836
P583418 4.135 4.183 -4.661 0.341
P583422 4.123 4.154 -4.677 0.505
P583426 3.884 4.118 -4.515 0.763
P583430 3.852 4.158 -4.534 1.169
P583432 4.145 4.089 -4.297 0.411
P583433 4.062 4.202 -4.698 0.597
P583434 4.103 4.182 -4.700 0.554
P583435 4.157 4.169 -4.587 0.395
P583440 3.888 4.074 -4.479 0.931
P583441 3.992 4.259 -4.414 1.034
P583443 3.952 4.185 -4.535 0.846
P583447 4.007 4.260 -4.513 0.798
P583451 4.017 4.295 -4.569 0.814
P583457 3.996 4.292 -4.737 0.662
P583460 4.023 4.268 -4.999 1.131
P583464 3.847 4.099 -4.931 0.550
P583469 3.909 4.148 -4.735 0.968
P583471 4.064 4.069 -4.758 0.251
P583476 4.129 4.404 -4.931 0.922
P583480 3.886 4.061 -4.826 2.043
P583483 4.115 4.347 -4.600 0.823
P583484 3.862 4.036 -5.162 2.677
P583485 4.173 4.479 -4.512 0.876
P583490 4.108 4.339 -4.414 0.828
P583493 4.308 4.205 -4.753 0.981
P583495 4.108 4.251 -4.428 1.025
P583497 4.162 4.360 -4.417 0.845
P583499 4.321 4.319 -4.625 0.631
P583503 4.230 4.130 -4.712 0.856
P583511 4.000 4.240 -5.023 2.442
P583520 4.073 4.248 -4.549 0.990
P583523 4.311 4.274 -4.733 0.689
P583530 4.106 4.323 -4.529 0.922
P583534 4.058 4.163 -4.165 1.210
P583539 4.269 4.173 -4.411 1.252
P583543 4.016 4.266 -4.444 0.682
P583544 4.075 4.388 -4.725 0.833
P583547 4.089 4.399 -4.550 0.929
P583551 4.083 4.290 -4.681 1.474
P583552 4.127 4.132 -4.549 0.572
P583554 4.286 4.235 -4.612 1.036
P583556 4.047 4.117 -4.278 1.041
P583558 4.014 4.309 -4.607 1.071
P583561 4.133 4.428 -4.548 1.024
P583565 4.266 4.217 -4.635 0.943
P583568 3.956 4.212 -4.640 0.885
P583570 3.998 4.279 -4.695 1.330
P583576 4.232 4.170 -4.655 0.620
P583578 4.212 4.184 -4.549 2.192
P583581 4.034 4.266 -4.499 1.062
P583586 4.009 4.257 -4.734 0.690
P583587 4.224 4.463 -4.229 1.423
P583589 4.109 4.195 -4.531 0.951
P583591 4.325 4.208 -4.570 0.707
P583594 4.123 4.266 -4.460 0.873
P583596 4.275 4.227 -4.860 1.096
P583600 3.890 4.106 -4.826 0.916
P583601 3.894 4.012 -4.224 1.161
P583607 4.077 4.012 -4.531 0.738
P583610 4.329 4.301 -4.777 1.490
P583611 3.981 4.285 -4.597 1.416
P583613 4.126 4.413 -4.579 1.386
P583615 4.296 4.224 -4.288 0.560
P583617 4.006 4.223 -4.654 1.492
P583620 4.087 4.039 -4.589 0.742
P583623 4.145 4.398 -4.800 1.102
P583628 3.890 4.167 -4.583 0.855
P583632 3.872 4.170 -5.134 1.852
P583633 3.925 4.176 -4.803 2.804
P583635 4.105 4.121 -4.656 0.525
P583638 4.005 4.287 -5.233 1.514
P583639 4.110 4.219 -4.529 1.091
P583643 3.872 4.144 -4.953 0.534
P583644 3.966 4.074 -4.510 1.026
P583648 4.070 4.087 -4.621 0.781
P583651 4.176 4.168 -4.857 1.627
P583652 4.286 4.226 -4.468 1.495
P583657 3.953 4.110 -4.501 0.710
P583659 3.871 4.166 -4.602 0.953
P583662 4.078 4.034 -4.614 0.940
P583666 4.142 4.346 -4.636 1.251
P583668 4.076 4.209 -4.352 0.928
P583670 3.884 4.090 -4.502 0.959
P583672 4.092 4.061 -4.515 0.992
P583674 4.232 4.184 -4.873 0.467
P583676 4.185 4.372 -4.776 0.921
P583680 4.121 4.173 -4.540 1.329
P583681 4.226 4.392 -5.248 0.751
P583682 4.234 4.182 -4.915 0.684
P583687 4.070 4.308 -4.503 1.018
P583688 3.995 4.174 -4.802 1.178
P583691 3.949 4.202 -4.572 1.036
P583692 4.037 4.174 -4.331 1.239
P583694 4.261 4.096 -4.285 0.942
P583696 4.100 4.369 -4.686 0.957
P583697 4.045 4.240 -4.669 0.861
P583699 4.027 4.334 -5.189 2.059
P583704 4.152 4.101 -4.735 0.647
P583707 4.084 4.342 -4.969 2.178
P583710 4.089 4.309 -4.936 0.695
P583711 4.089 4.349 -4.663 0.910
P583713 4.307 4.334 -4.719 0.333
P583715 4.048 4.240 -4.561 1.025
P583717 4.028 4.109 -4.480 1.385
P583719 3.961 4.229 -4.807 0.584
P583730 3.967 4.245 -4.799 0.978
P583734 4.247 4.168 -4.694 0.873
P583742 4.065 4.271 -4.367 0.699
P583744 4.018 4.179 -4.740 2.322
P583745 4.028 4.284 -4.613 1.253
P583747 3.965 4.162 -4.577 1.279
P583750 4.252 4.193 -4.693 1.007
P583751 4.201 4.177 -4.338 1.520
P583755 3.990 4.225 -4.673 0.852
P583756 4.216 4.356 -5.175 1.057
P583758 4.009 4.261 -4.775 0.762
P583760 4.296 4.232 -4.683 0.457
P583761 3.977 4.150 -4.313 1.058
P583763 4.229 4.135 -4.596 0.830
P583766 4.101 4.379 -5.026 0.789
P583767 4.078 4.312 -4.680 1.130
P583769 4.338 4.305 -4.922 0.673
P583771 4.095 4.319 -4.619 2.218
P583772 4.023 4.221 -4.656 0.908
P583773 3.982 4.239 -4.618 0.839
P583775 3.863 4.105 -4.964 2.022
P583777 4.053 4.032 -4.778 0.571
P583779 4.210 4.303 -4.455 1.338
P583781 3.990 4.302 -5.010 1.222
P583782 4.038 4.165 -4.673 1.296
P583784 4.280 4.228 -4.802 1.216
P583787 4.311 4.237 -4.710 0.865
P583790 4.117 4.368 -4.617 0.934
P583792 4.022 4.155 -5.034 1.034
P583793 4.249 4.267 -4.656 0.524
P583797 4.209 4.384 -4.235 1.596
P583804 4.038 4.260 -4.844 0.886
P583807 3.928 4.308 -4.452 1.648
P583811 4.242 4.214 -4.646 0.544
P583816 4.069 4.316 -4.208 1.741
P583817 4.015 4.357 -4.801 2.060
P583822 4.159 4.415 -4.370 1.026
P583825 4.156 4.196 -4.837 2.921
P583831 3.985 4.291 -4.877 0.864
P583833 3.979 4.275 -4.632 1.205
P583837 4.234 4.192 -4.662 0.664
P583841 4.063 4.053 -4.536 0.502
P583847 3.902 4.112 -4.784 2.165
P583850 3.862 4.174 -4.773 1.032
P583852 4.150 4.169 -4.784 0.869
P583854 3.945 4.234 -5.019 2.114
P583857 4.023 4.277 -4.746 0.543
P583858 3.959 4.260 -5.114 2.082
P583860 4.237 4.201 -5.007 0.693
P583862 3.892 4.302 -4.630 0.994
P583866 4.070 4.246 -4.454 0.958
P583869 4.276 4.220 -4.787 1.364
P583876 4.035 4.322 -5.125 2.101
P583884 4.196 4.112 -4.673 0.935
P583888 3.857 4.269 -4.643 2.381
P583892 3.980 4.278 -4.673 0.757
P583895 4.072 4.307 -4.976 0.563
P583896 4.153 4.327 -4.174 1.093
P583898 3.955 4.227 -4.662 2.253
P583900 4.166 4.077 -4.459 1.506
P583902 4.253 4.210 -4.868 0.845
P583904 4.043 4.362 -5.203 2.241
P583906 4.167 4.356 -5.114 2.185
P583908 4.127 4.419 -4.649 1.111
P583912 3.985 4.237 -4.397 0.765
P583917 4.233 4.174 -4.472 0.922
P583921 4.068 4.062 -4.583 0.894
P583924 3.910 4.126 -4.693 1.413
P583930 3.870 4.090 -4.611 0.528
P583932 4.177 4.284 -4.757 0.861
P583933 4.221 4.193 -4.822 0.573
P583934 4.271 4.270 -4.909 0.524
P583939 4.017 4.236 -4.836 0.834
P583944 4.290 4.212 -4.612 0.752
P583954 4.036 4.295 -4.759 1.631
P583962 4.296 4.262 -4.679 0.576
P583964 3.942 4.240 -5.032 2.037
P583966 3.979 4.259 -4.760 0.935
P583968 4.156 4.381 -4.702 0.974
P583971 3.983 4.230 -4.886 0.532
P583972 4.324 4.209 -4.325 0.685
P583974 4.274 4.283 -4.993 0.668
P583978 3.976 4.189 -4.457 1.012
P583980 4.000 4.267 -4.631 0.749
P583982 4.251 4.297 -4.831 0.464
P583984 4.143 4.115 -4.587 0.862
P583991 3.874 4.115 -5.061 0.624
P583992 3.867 4.101 -4.612 1.346
P583998 3.955 4.168 -4.676 0.539
P584001 3.860 4.141 -4.743 0.927
P584007 4.227 4.175 -5.029 0.316
P584008 3.896 4.201 -4.609 1.082
P584012 4.183 4.453 -4.724 0.879
P584015 4.000 4.288 -4.757 1.289
P584016 4.166 4.142 -4.978 0.508
P584018 4.101 4.417 -4.340 0.917
P584020 4.156 4.305 -4.360 1.217
P584022 3.977 4.147 -4.934 0.694
P584023 4.223 4.184 -4.553 0.694
P584025 4.132 4.383 -4.602 0.860
P584027 4.279 4.294 -4.795 0.306
P584029 4.018 4.215 -4.519 0.976
P584032 3.898 4.123 -4.596 0.560
P584033 3.988 4.134 -5.152 2.593
P584034 3.862 4.115 -4.482 1.380
P584037 4.267 4.212 -4.789 0.651
P584040 4.029 4.236 -4.388 1.059
P584044 4.260 4.222 -4.888 1.328
P584047 4.085 4.306 -4.948 0.677
P584048 4.093 4.074 -4.577 0.811
P584050 3.995 4.097 -4.706 1.076
P584052 4.016 4.295 -4.627 0.753
P584054 4.044 4.261 -4.510 0.913
P584058 4.282 4.203 -4.531 1.063
P584059 4.028 4.304 -4.734 2.211
P584063 4.078 4.293 -4.938 0.804
P584065 4.225 4.207 -5.205 2.037
P584066 4.110 4.191 -5.194 2.196
P584067 4.252 4.319 -5.162 1.029
P584069 4.422 4.219 -4.614 3.009
P584070 4.127 4.199 -5.044 0.987
P584071 4.200 4.289 -4.586 1.100
P584073 4.051 4.281 -4.473 1.642
P584074 4.077 4.248 -4.988 1.621
P584075 4.135 4.361 -4.674 1.131
P584076 4.296 4.343 -5.034 0.716
P584077 4.458 4.426 -4.800 1.443
P584079 4.105 4.255 -4.851 1.058
P584080 4.106 4.331 -4.330 1.869
P584081 4.179 4.265 -4.925 1.452
P584083 4.200 4.276 -4.976 0.816
P584085 4.241 4.312 -4.705 1.465
P584086 4.160 4.219 -4.914 1.353
P584087 4.125 4.255 -4.417 0.900
P584088 4.219 4.243 -4.585 1.260
P584089 4.205 4.395 -4.539 0.900
P584091 4.315 4.396 -4.406 1.081
P584092 4.252 4.432 -4.561 1.510
P584093 4.378 4.393 -4.387 1.502
P584094 3.998 4.256 -4.227 0.738
P584096 4.291 4.412 -4.346 0.964
P584097 4.163 4.225 -4.908 2.220
P584099 4.158 4.296 -4.999 1.158
P584100 4.136 4.377 -5.050 3.456
P584101 4.232 4.327 -4.259 0.604
P584102 4.187 4.313 -4.673 1.282
P584103 4.160 4.253 -4.763 1.129
P584104 4.131 4.245 -4.865 1.215
P584105 4.206 4.353 -4.524 1.413
P584107 4.190 4.331 -4.509 1.491
P584108 4.186 4.383 -4.499 0.878
P584110 4.051 4.286 -4.476 0.818
P584111 4.219 4.360 -4.441 0.801
P584113 4.265 4.422 -4.560 1.242
P584114 4.302 4.322 -5.154 0.736
P584115 4.085 4.188 -4.355 0.623
P584117 4.208 4.295 -4.714 1.205
P584119 4.060 4.297 -4.707 0.812
P584120 4.265 4.353 -4.389 0.998
P584121 4.287 4.285 -4.485 1.601
P584123 4.301 4.407 -4.465 1.080
P584124 4.066 4.299 -4.668 0.815
P584126 4.071 4.275 -4.843 1.045
P584127 4.303 4.328 -4.442 1.717
P584128 4.210 4.321 -4.194 1.231
P584130 4.186 4.252 -4.617 1.187
P584133 4.147 4.261 -4.648 1.208
P584134 4.130 4.110 -4.813 2.544
P584135 4.337 4.323 -5.105 1.958
P584136 4.181 4.323 -4.540 1.587
P584138 4.127 4.298 -4.522 0.577
P584139 4.227 4.438 -4.634 0.855
P584141 4.162 4.250 -4.457 1.028
P584144 4.241 4.355 -4.326 0.694
P584146 4.167 4.166 -4.863 0.814
P584147 4.177 4.297 -4.450 1.260
P584148 4.158 4.392 -4.629 1.221
P584152 4.265 4.342 -4.780 1.271
P584156 4.066 4.223 -4.875 1.365
P584158 4.163 4.349 -4.722 2.020
P584163 4.261 4.384 -4.798 1.335
P584165 4.134 4.149 -4.890 1.050
P584167 4.212 4.414 -4.558 0.793
P584168 4.179 4.396 -4.498 2.272
P584170 4.215 4.483 -4.910 1.901
P584174 4.343 4.558 -4.626 1.380
P584176 4.311 4.570 -4.601 1.787
P584178 4.193 4.483 -4.657 1.868
P584180 4.453 4.778 -4.637 1.371
P584183 4.498 4.408 -4.201 0.865
P584184 4.282 4.574 -4.643 2.175
P584186 4.372 4.645 -4.573 1.897
P584188 4.311 4.578 -4.407 1.607
P584190 4.379 4.618 -4.486 1.097
P584194 4.394 4.649 -4.934 2.034
P584196 4.367 4.608 -4.910 2.071
P584200 4.277 4.504 -4.939 2.168
P584202 4.371 4.682 -4.889 1.308
P584204 4.293 4.566 -4.395 1.237
P584206 4.379 4.660 -4.935 2.022
P584210 4.381 4.638 -4.575 1.999
P584214 4.360 4.676 -4.750 1.563
P584218 4.545 4.689 -4.727 2.324
P584220 4.407 4.714 -4.937 1.708
P584223 4.471 4.683 -4.818 1.416
P584226 4.380 4.673 -4.902 2.120
P584228 4.390 4.654 -4.493 0.957
P584230 4.502 4.691 -4.855 2.065
P584232 4.487 4.731 -4.840 1.944
P584234 4.360 4.519 -5.006 1.524
P584238 4.656 4.719 -4.437 0.880
P584241 4.390 4.698 -4.544 2.321
P584245 4.479 4.822 -4.928 2.063
P584252 4.513 4.727 -4.492 0.770
P584256 4.325 4.532 -4.666 2.001
P584258 4.470 4.760 -4.848 2.007
P584260 4.460 4.756 -4.384 1.501
P584262 4.270 4.488 -4.675 2.053
P584264 4.750 4.790 -4.745 0.921
P584268 4.478 4.796 -4.598 1.722
P584274 4.275 4.528 -4.653 1.321
P584276 4.392 4.704 -4.662 1.196
P584280 4.433 4.589 -4.820 0.876
P584282 4.496 4.660 -4.799 1.981
P584286 4.322 4.587 -4.653 1.595
P584288 4.490 4.726 -4.906 2.109
P584290 4.493 4.677 -4.986 1.691
P584298 4.500 4.751 -4.956 2.001
P584300 4.371 4.657 -4.946 1.643
P584302 4.576 4.769 -5.022 0.895
P584304 4.381 4.542 -4.752 2.236
P584308 4.390 4.471 -4.874 0.843
P584309 4.408 4.650 -4.902 2.182
P584311 4.299 4.516 -4.748 1.064
P584316 4.538 4.701 -4.633 1.575
P584318 4.414 4.756 -4.772 1.843
P584322 4.503 4.728 -4.471 0.800
P584324 4.473 4.704 -4.791 0.738
P584325 4.279 4.559 -4.896 2.065
P584327 4.554 4.764 -4.848 1.644
P584329 4.466 4.730 -4.628 2.215
P584333 4.294 4.574 -4.766 1.560
P584335 4.273 4.582 -4.441 1.680
P584337 4.628 4.691 -4.675 1.198
P584338 4.448 4.614 -4.282 2.303
P584342 4.488 4.821 -5.128 1.575
P584344 4.486 4.746 -4.942 1.608
P584346 4.498 4.691 -4.478 1.534
P584348 4.451 4.632 -4.860 1.645
P584356 4.403 4.608 -4.666 1.947
P584360 4.497 4.789 -4.731 2.117
P584364 4.671 4.812 -4.410 1.671
P584366 4.378 4.665 -4.514 1.402
P584368 4.486 4.697 -4.742 0.848
P584371 4.475 4.889 -4.450 2.340
P584375 4.404 4.699 -4.549 1.889
P584377 4.249 4.451 -4.493 1.611
P584381 4.558 4.679 -4.384 0.881
P584385 4.313 4.617 -4.860 1.876
P584387 4.460 4.831 -4.735 2.051
P584393 4.385 4.697 -4.830 1.877
P584399 4.409 4.647 -4.424 1.782
P584401 4.480 4.818 -4.517 2.284
P584404 3.237 3.223 -3.253 1.455
P584405 3.110 3.204 -3.279 2.077
P584406 3.203 3.273 -3.311 2.122
P584407 3.212 3.371 -3.439 1.637
P584409 3.509 3.349 -3.233 2.494
P584411 3.229 3.413 -3.474 2.786
P584414 3.286 3.410 -3.759 2.604
P584416 3.413 3.257 -4.154 3.362
P584418 3.286 3.375 -3.650 1.512
P584422 3.360 3.440 -3.831 2.663
P584424 3.508 3.393 -3.855 3.545
P584425 3.414 3.438 -3.462 1.655
P584426 3.430 3.434 -3.516 1.613
P584428 3.475 3.369 -3.396 1.392
P584429 3.316 3.376 -3.610 2.238
P584431 3.225 3.274 -3.266 2.077
P584433 3.195 3.165 -3.791 4.089
P584435 3.325 3.377 -3.525 2.912
P584437 3.344 3.333 -2.555 0.350
P584439 3.319 3.421 -3.593 2.289
P584441 3.201 3.143 -3.687 2.963
P584443 3.298 3.172 -3.394 1.382
P584444 3.186 3.279 -3.475 1.315
P584446 3.354 3.176 -3.325 1.431
P584447 3.156 3.192 -3.404 1.823
P584448 3.729 3.492 -3.553 2.440
P584450 3.241 3.202 -2.763 0.633
P584453 3.154 3.305 -3.779 2.517
P584455 3.340 3.220 -3.523 1.486
P584456 3.017 3.074 -3.401 2.018
P584458 3.434 3.150 -3.599 3.618
P584463 3.039 3.088 -3.524 2.965
P584464 3.355 3.220 -3.522 2.721
P584465 3.099 3.109 -3.708 2.719
P584466 3.441 3.345 -3.608 4.487
P584467 3.260 3.245 -3.495 3.121
P584468 3.528 3.290 -3.785 2.212
P584469 3.494 3.428 -3.133 1.141
P584471 3.321 3.267 -2.952 0.424
P584473 3.258 3.273 -3.371 2.024
P584475 3.335 3.454 -3.673 2.575
P584476 3.298 3.337 -3.547 1.972
P584477 3.416 3.314 -3.222 3.408
P584480 3.268 3.202 -3.066 1.450
P584481 3.392 3.371 -3.201 2.337
P584483 3.216 3.198 -3.364 3.086
P584487 3.217 3.326 -3.454 2.517
P584488 3.289 3.403 -3.501 1.353
P584489 3.306 3.366 -3.438 1.944
P584493 3.263 3.349 -3.388 2.090
P584494 3.255 3.279 -3.447 2.513
P584495 3.264 3.191 -3.287 1.655
P584497 3.379 3.365 -3.417 1.321
P584498 3.299 3.348 -3.281 1.837
P584501 3.135 3.263 -3.236 2.522
P584504 3.331 3.239 -3.220 1.978
P584506 3.231 3.280 -3.332 1.517
P584507 3.387 3.275 -3.527 1.589
P584509 3.141 3.101 -3.572 2.380
P584511 3.227 3.300 -3.206 1.943
P584515 3.097 3.191 -3.181 2.155
P584516 3.313 3.226 -3.240 1.538
P584517 3.151 3.280 -3.386 1.446
P584518 3.243 3.351 -3.497 1.289
P584520 3.411 3.332 -3.572 2.280
P584521 3.208 3.295 -3.708 2.275
P584523 3.361 3.366 -3.420 1.278
P584525 3.301 3.189 -3.353 1.201
P584527 3.245 3.194 -3.566 3.430
P584528 3.236 3.261 -3.743 3.133
P584530 3.487 3.272 -3.590 2.743
P584531 3.206 3.227 -3.592 2.030
P584532 3.229 3.313 -3.439 1.618
P584535 3.087 3.131 -3.251 1.846
P584536 3.176 3.232 -3.142 1.818
P584538 3.129 3.139 -3.459 2.679
P584539 3.388 3.204 -3.999 4.409
P584541 3.328 3.208 -3.433 2.304
P584542 3.240 3.215 -3.482 1.886
P584543 3.222 3.322 -3.561 2.105
P584547 3.218 3.325 -3.670 2.671
P584548 3.334 3.175 -3.271 1.712
P584549 3.242 3.146 -4.126 3.427
P584550 3.198 3.298 -3.335 2.555
P584551 3.332 3.466 -3.972 2.598
P584552 3.477 3.277 -3.838 3.276
P584555 3.411 3.524 -3.449 6.916
P584556 3.329 3.475 -3.732 3.509
P584558 3.336 3.241 -3.249 1.349
P584561 3.350 3.452 -3.474 1.819
P584563 3.409 3.496 -3.466 1.642
P584564 3.287 3.293 -3.647 2.727
P584566 3.529 3.397 -3.307 1.274
P584567 3.821 3.624 -2.588 1.887
P584568 3.573 3.348 -3.517 1.490
P584569 3.522 3.436 -3.373 1.493
P584571 3.776 3.546 -3.742 2.484
P584573 3.395 3.565 -3.903 2.945
P584577 3.248 3.346 -3.377 2.360
P584579 3.390 3.479 -3.965 3.798
P584580 3.339 3.427 -3.419 1.571
P584581 3.460 3.547 -3.479 1.463
P584583 3.607 3.560 -3.547 1.200
P584584 3.268 3.365 -3.768 2.217
P584585 3.330 3.442 -3.799 2.433
P584588 3.535 3.365 -3.290 1.008
P584590 3.457 3.401 -3.512 1.610
P584591 3.424 3.454 -3.740 2.871
P584594 3.414 3.396 -3.274 1.366
P584595 3.410 3.312 -3.309 1.385
P584597 3.317 3.422 -3.761 2.383
P584600 3.455 3.407 -3.331 1.573
P584601 3.596 3.533 -3.796 2.057
P584603 3.437 3.341 -3.241 2.303
P584607 3.395 3.505 -3.555 2.249
P584608 3.405 3.408 -3.454 1.998
P584609 3.610 3.602 -3.030 0.957
P584611 3.386 3.265 -3.742 4.450
P584614 3.499 3.510 -4.040 3.390
P584616 3.308 3.402 -3.698 1.943
P584617 3.475 3.546 -3.510 1.969
P584619 3.502 3.589 -3.368 2.311
P584620 3.412 3.547 -4.460 3.305
P584621 3.225 3.328 -4.147 2.609
P584622 3.387 3.337 -4.196 3.674
P584625 3.459 3.375 -3.046 1.160
P584627 3.479 3.354 -4.172 4.296
P584628 3.326 3.483 -4.627 2.985
P584629 3.412 3.417 -3.356 1.664
P584630 3.386 3.450 -3.665 1.473
P584633 3.507 3.399 -3.012 0.537
P584634 3.656 3.341 -3.815 2.422
P584636 3.470 3.494 -3.483 2.197
P584638 3.481 3.378 -3.938 4.470
P584641 3.647 3.505 -3.877 2.426
P584642 3.337 3.356 -2.779 1.619
P584644 3.291 3.464 -4.378 4.225
P584645 3.419 3.407 -2.381 2.405
P584646 3.396 3.373 -2.972 1.592
P584647 3.289 3.305 -3.719 1.562
P584648 3.521 3.525 -3.139 2.444
P584650 3.421 3.485 -3.371 2.222
P584651 3.100 3.175 -3.894 2.625
P584652 3.391 3.357 -3.807 2.644
P584656 3.404 3.349 -2.854 2.724
P584657 3.624 3.304 -3.083 1.638
P584658 3.273 3.285 -3.166 0.744
P584659 3.511 3.256 -3.642 1.944
P584662 3.303 3.287 -2.233 2.254
P584664 3.290 3.468 -4.436 2.584
P584668 3.460 3.505 -3.811 2.840
P584670 3.709 3.527 -3.612 2.305
P584671 3.577 3.647 -3.142 1.499
P584673 3.306 3.262 -3.735 3.859
P584675 3.306 3.398 -3.515 2.736
P584676 3.323 3.351 -2.905 1.995
P584679 3.299 3.310 -3.710 2.278
P584680 3.438 3.251 -3.709 3.283
P584681 3.408 3.533 -3.522 1.319
P584682 3.559 3.544 -3.152 2.782
P584686 3.390 3.309 -3.473 4.175
P584687 3.776 3.508 -3.556 2.642
P584688 3.484 3.526 -2.459 3.004
P584691 3.305 3.484 -3.371 2.658
P584692 3.169 3.271 -3.370 2.662
P584694 3.283 3.364 -3.535 3.206
P584695 3.227 3.324 -3.109 1.551
P584696 3.325 3.457 -3.332 1.682
P584697 3.672 3.350 -3.630 3.670
P584698 3.323 3.318 -3.236 2.026
P584700 3.664 3.603 -3.882 3.060
P584703 3.695 3.558 -3.499 2.106
P584704 3.427 3.545 -3.502 1.216
P584705 3.552 3.497 -4.136 3.426
P584707 3.457 3.509 -3.415 1.512
P584708 3.563 3.533 -3.456 2.276
P584713 3.387 3.420 -3.330 2.193
P584715 3.837 3.439 -3.203 1.817
P584716 3.772 3.459 -3.578 1.838
P584717 3.558 3.568 -3.634 1.854
P584719 3.578 3.617 -3.640 2.124
P584720 3.576 3.723 -3.518 1.403
P584722 3.599 3.377 -3.523 1.688
P584724 3.557 3.527 -2.490 0.790
P584725 3.548 3.474 -3.507 1.776
P584728 3.598 3.449 -3.804 3.728
P584729 3.922 3.467 -3.326 1.569
P584730 3.460 3.546 -3.451 1.745
P584732 3.690 3.671 -2.635 2.198
P584733 3.473 3.513 -3.443 1.307
P584734 3.576 3.534 -3.434 2.434
P584736 3.444 3.494 -3.855 2.901
P584739 3.594 3.596 -3.537 1.222
P584740 3.561 3.533 -4.334 2.675
P584742 3.322 3.395 -3.717 2.096
P584743 3.695 3.429 -3.945 2.768
P584744 3.363 3.439 -3.278 1.633
P584745 3.287 3.433 -3.066 1.571
P584747 3.641 3.640 -2.956 2.296
P584748 3.369 3.374 -3.796 2.366
P584750 3.610 3.414 -3.400 2.037
P584753 3.540 3.424 -3.509 2.259
P584754 3.650 3.392 -3.291 1.939
P584757 3.409 3.299 -2.610 2.491
P584758 3.529 3.312 -3.353 1.700
P584759 4.852 4.891 -6.022 0.496
P584760 4.880 5.019 -6.468 1.101
P584761 5.211 5.239 -5.333 0.460
P584762 5.257 5.299 -5.436 0.447
P584763 4.633 4.825 -6.315 1.375
P584764 5.250 5.184 -6.587 0.670
P584765 5.202 5.348 -5.412 0.617
P584766 4.768 4.745 -6.186 0.788
P584767 4.718 4.735 -6.212 0.648
P584768 4.851 4.850 -6.693 0.816
P584769 4.960 4.991 -6.438 0.543
P584770 4.887 4.900 -5.931 0.757
P584771 5.043 4.965 -5.072 0.498
P584772 5.292 5.205 -6.030 0.558
P584773 5.149 5.252 -5.909 0.612
P584774 4.852 4.977 -6.493 0.754
P584775 4.852 4.997 -6.384 0.884
P584776 5.036 5.085 -4.757 0.315
P584777 4.982 4.993 -4.790 0.846
P584778 4.981 5.159 -4.959 0.717
P584779 4.781 4.826 -5.102 0.529
P584780 4.697 4.814 -5.950 0.560
P584781 5.060 5.072 -6.507 0.250
P584782 5.157 5.138 -5.627 0.799
P584783 5.022 5.172 -6.090 0.851
P584784 5.258 5.218 -6.425 0.537
P584785 5.089 4.816 -5.092 0.662
P584786 4.716 4.687 -6.473 0.333
P584787 5.158 5.033 -5.701 1.135
P584788 4.988 5.142 -5.309 0.713
P584789 4.876 4.923 -5.380 0.780
P584790 5.040 5.084 -5.862 0.236
P584791 5.124 5.148 -5.660 1.052
P584792 4.966 4.951 -5.623 0.247
P584793 4.887 4.784 -5.869 0.358
P584794 5.066 4.853 -5.260 0.628
P584795 4.721 4.675 -6.541 0.285
P584796 4.841 4.768 -5.149 0.509
P584797 5.196 5.129 -5.488 0.553
P584798 5.331 5.265 -5.537 0.337
P584800 4.994 5.039 -5.164 0.556
P584801 5.272 5.165 -5.628 0.464
P584802 5.136 5.075 -4.420 0.295
P584804 5.272 5.203 -5.401 1.824
P584805 5.279 5.250 -5.292 0.340
P584806 4.940 4.984 -6.162 0.660
P584807 5.409 5.405 -5.362 0.311
P584808 5.301 5.267 -5.488 0.271
P584809 5.183 5.198 -5.198 0.267
P584810 5.311 5.366 -5.500 0.445
P584811 5.528 5.405 -3.965 0.388
P584812 5.652 5.567 -5.359 0.281
P584813 5.158 5.085 -5.903 0.593
P584814 4.771 4.922 -5.976 0.707
P584815 4.789 4.899 -5.989 0.388
P584816 5.229 5.070 -6.072 0.699
P584817 4.950 4.942 -6.543 0.544
P584818 5.346 5.312 -5.354 0.679
P584820 5.365 5.340 -5.614 0.293
P584821 5.282 5.287 -4.652 0.234
P584822 5.344 5.302 -5.335 0.153
P584823 4.950 5.034 -4.762 0.547
P584824 5.277 5.190 -5.106 0.558
P584825 5.163 5.021 -5.409 1.737
P584826 5.443 5.389 -6.463 0.350
P584827 5.218 5.187 -6.451 0.577
P584828 5.139 5.121 -6.238 0.364
P584830 5.430 5.509 -5.704 0.174
P584831 4.985 5.033 -6.431 0.395
P584832 4.629 4.427 -5.406 1.033
P584833 5.030 5.098 -6.909 0.580
P584834 5.374 5.365 -5.489 0.268
P584836 5.114 5.167 -6.242 0.406
P584837 5.075 5.051 -5.864 0.207
P584838 4.846 4.850 -4.175 0.504
P584839 5.181 5.219 -5.878 0.276
P584840 5.179 5.169 -6.403 0.388
P584842 4.846 5.160 -6.499 0.856
P584843 5.275 5.121 -5.974 0.674
P584844 5.142 5.170 -5.881 0.318
P584845 4.918 4.909 -6.404 0.574
P584846 5.180 5.257 -6.233 0.241
P584847 4.838 4.898 -5.830 0.357
P584848 5.224 5.287 -6.294 0.372
P584849 5.390 5.347 -5.649 0.436
P584850 4.964 5.065 -5.692 0.949
P584851 5.565 5.637 -5.023 0.624
P584852 5.174 5.190 -5.163 0.259
P584854 5.187 5.162 -5.325 0.425
P584855 5.326 5.317 -5.431 0.160
P584856 5.306 5.110 -6.091 1.727
P584857 5.521 5.519 -4.639 0.376
P584858 5.059 5.093 -5.500 1.184
P584859 5.406 5.077 -5.939 1.777
P584860 5.212 5.172 -5.493 1.769
P584861 5.257 5.349 -5.352 0.363
P584862 5.054 5.137 -5.842 1.804
P584863 5.519 5.504 -5.925 0.129
P584864 5.151 4.923 -6.512 0.601
P584865 4.848 4.601 -5.686 1.101
P584866 4.937 4.773 -5.922 0.345
P584867 5.213 5.257 -6.967 0.564
P584869 4.608 4.452 -5.556 0.477
P584870 5.064 5.146 -6.352 0.568
P584871 4.996 5.037 -6.300 0.530
P584872 5.106 5.136 -5.728 0.764
P584874 4.829 5.079 -6.693 0.548
P584875 4.926 4.675 -6.514 1.136
P584876 5.001 5.075 -5.672 0.560
P584877 4.944 4.973 -6.809 0.806
P584878 5.150 5.096 -6.824 0.641
P584880 5.170 5.365 -6.103 0.722
P584882 5.010 4.913 -5.855 0.592
P584883 5.146 5.273 -5.596 0.724
P584884 4.976 5.040 -6.959 0.771
P584885 4.924 4.895 -6.785 0.719
P584886 4.636 4.922 -6.425 1.277
P584888 5.147 5.168 -5.201 0.595
P584889 4.968 4.674 -6.029 1.268
P584890 5.358 5.249 -6.567 0.657
P584891 5.248 5.269 -5.902 0.903
P584892 5.097 5.066 -6.983 0.697
P584893 5.269 5.318 -6.696 0.719
P584894 5.161 5.219 -6.831 1.020
P584895 5.052 5.233 -6.114 0.694
P584896 5.348 5.258 -6.885 0.637
P584897 4.964 4.867 -5.969 0.978
P584898 4.910 5.093 -6.272 0.750
P584899 4.923 4.957 -6.008 0.666
P584900 5.151 5.122 -6.606 0.352
P584901 5.195 5.142 -5.367 0.533
P584902 4.869 4.239 -4.644 1.588
P584903 5.430 5.381 -6.583 0.516
P584904 5.118 5.337 -6.444 1.302
P584905 4.898 4.778 -5.656 0.371
P584906 5.332 5.342 -6.505 0.289
P584907 5.157 5.202 -5.861 0.251
P584908 5.311 5.307 -6.421 0.277
P584910 5.545 5.501 -5.782 0.192
P584911 5.321 5.331 -6.581 0.193
P584912 4.697 4.613 -5.864 0.766
P584913 5.228 5.249 -5.165 0.190
P584914 5.039 5.105 -5.509 0.423
P584916 5.268 5.247 -6.381 0.509
P584917 5.174 5.123 -6.588 0.634
P584918 5.163 4.802 -5.134 1.046
P584919 5.341 5.409 -6.521 0.420
P584920 5.126 5.017 -5.397 0.385
P584921 5.309 5.308 -6.009 0.153
P584922 5.208 5.197 -6.017 0.393
P584923 4.848 4.952 -6.444 0.947
P584924 5.118 5.052 -6.237 0.878
P584925 5.167 5.156 -5.577 0.385
P584926 5.273 5.459 -5.916 0.630
P584927 5.060 4.729 -5.202 0.810
P584928 5.221 5.179 -6.491 0.556
P584929 5.352 5.358 -5.907 0.296
P584930 5.375 5.337 -6.301 0.646
P584931 5.219 5.066 -5.641 0.767
P584933 5.283 5.344 -6.188 0.651
P584935 5.517 5.498 -5.991 0.501
P584936 5.368 5.285 -6.970 0.709
P584937 5.220 5.207 -6.592 0.513
P584938 5.147 5.340 -6.292 0.832
P584940 5.048 5.102 -5.903 0.870
P584941 5.148 5.039 -6.725 0.633
P584942 5.189 5.060 -6.595 0.902
P584944 4.882 4.877 -6.573 0.518
P584945 4.835 4.975 -6.647 1.009
P584947 5.216 5.081 -6.492 0.635
P584948 4.625 4.755 -6.163 0.748
P584950 4.913 4.838 -5.383 0.690
P584951 4.871 4.418 -5.180 1.763
P584952 5.066 4.883 -5.916 1.019
P584953 5.207 5.221 -6.201 0.191
P584955 5.178 5.187 -5.305 0.187
P584956 5.067 5.093 -5.687 0.184
P584958 4.949 4.907 -6.143 1.259
P584959 5.229 5.405 -5.645 0.860
P584961 5.041 5.041 -5.747 0.438
P584962 4.993 4.970 -5.967 0.426
P584963 5.022 5.051 -6.210 0.646
P584965 5.383 5.340 -5.772 0.428
P584966 5.283 5.362 -5.252 0.420
P584968 5.128 5.134 -5.362 0.244
P584969 4.958 5.181 -6.009 0.816
P584970 5.102 5.091 -5.525 0.152
P584971 5.100 4.940 -6.862 0.702
P584972 4.713 4.828 -4.545 1.050
P584973 4.889 4.401 -5.512 1.381
P584974 5.028 4.993 -6.864 0.648
P584975 5.207 5.150 -6.300 0.601
P584976 5.150 5.231 -6.780 0.518
P584977 4.693 4.825 -6.085 1.079
P584978 4.669 4.988 -6.761 1.171
P584979 5.083 5.071 -5.913 0.748
P584980 4.851 4.741 -6.648 0.561
P584981 4.605 4.879 -6.725 0.838
P584983 5.075 5.102 -6.298 0.948
P584984 4.790 4.654 -5.830 0.854
P584985 4.962 5.009 -6.715 0.567
P584986 5.125 5.107 -6.155 0.382
P584987 5.049 5.063 -5.913 0.529
P584988 4.693 4.659 -5.892 0.894
P584989 5.227 5.296 -6.233 0.519
P584991 5.209 5.272 -5.629 0.289
P584992 4.792 4.795 -5.808 0.337
P584993 4.565 4.677 -5.194 1.200
P584994 4.595 4.455 -5.880 1.025
P584995 4.644 4.566 -5.578 0.262
P584996 4.591 4.554 -5.543 0.449
P584997 5.007 5.080 -6.165 0.378
P584998 4.826 4.757 -5.910 0.856
P584999 5.019 4.841 -6.543 0.345
P585000 4.719 4.598 -6.137 0.683
P585003 4.996 4.955 -5.392 0.322
P585004 4.657 4.578 -6.238 0.328
P585005 4.910 4.789 -6.743 0.452
P585006 4.959 4.972 -5.361 0.273
P585007 4.820 4.926 -6.519 0.974
P585008 4.889 4.850 -6.836 0.326
P585009 4.896 4.852 -6.787 0.250
P585010 4.951 4.867 -6.444 0.430
P585011 4.910 4.883 -6.598 0.331
P585012 4.746 4.788 -5.792 0.578
P585013 4.931 4.891 -6.629 0.305
P585015 4.586 4.638 -5.934 0.939
P585016 4.645 4.559 -5.730 0.399
P585017 4.656 4.722 -5.563 0.879
P585018 4.634 4.925 -6.148 0.950
P585019 5.321 5.318 -6.011 0.361
P585021 5.023 5.047 -4.769 0.159
P585023 5.217 5.198 -6.120 0.555
P585025 5.211 5.246 -5.354 0.222
P585026 4.934 4.920 -4.998 1.331
P585027 5.202 5.257 -5.646 0.175
P585028 5.191 5.220 -6.093 0.307
P585029 4.860 4.900 -5.613 0.375
P585030 4.823 4.728 -6.520 0.515
P585031 4.830 4.636 -6.345 0.755
P585032 4.601 4.558 -6.648 0.306
P585033 4.647 4.504 -5.315 0.528
P585034 5.036 4.954 -5.118 0.465
P585035 5.257 5.154 -6.442 0.360
P585036 5.075 4.873 -4.980 0.944
P585038 5.456 5.556 -5.743 0.696
P585040 5.048 5.048 -5.662 0.241
P585042 5.191 5.194 -5.746 0.171
P585043 5.293 5.248 -6.363 0.344
P585044 5.035 5.265 -5.853 0.682
P585045 5.148 5.164 -6.375 0.463
P585046 5.304 5.336 -6.238 0.467
P585047 5.291 5.285 -6.387 0.537
P585048 5.171 5.183 -7.221 0.562
P585049 5.050 4.899 -6.107 0.796
P585050 4.948 4.834 -6.363 0.642
P585051 5.174 5.137 -6.941 0.646
P585052 4.931 5.018 -5.177 0.573
P585053 5.243 5.252 -6.564 0.517
P585054 4.810 4.671 -5.459 0.700
P585055 5.279 5.351 -5.323 0.591
P585056 4.903 4.888 -6.637 0.540
P585057 4.763 5.000 -6.698 0.511
P585058 5.306 5.280 -6.364 0.522
P585059 4.853 4.588 -4.817 1.295
P585060 5.000 5.084 -6.776 0.436
P585061 4.942 5.067 -5.087 0.684
P585063 5.100 5.184 -6.287 0.542
P585064 5.073 5.178 -5.946 0.514
P585065 4.861 5.118 -6.992 1.040
P585066 5.255 5.346 -6.112 0.681
P585067 4.849 4.907 -5.855 0.602
P585068 5.212 5.196 -6.471 0.946
P585069 4.851 4.965 -6.454 1.205
P585071 5.240 5.238 -6.022 0.972
P585072 4.941 5.121 -6.720 0.535
P585073 5.057 5.207 -6.752 0.724
P585074 4.864 5.081 -6.074 0.757
P585075 4.976 5.072 -5.692 0.416
P585077 5.195 5.158 -7.078 0.705
P585078 5.186 5.248 -7.005 0.331
P585080 5.308 5.311 -5.885 0.287
P585081 5.138 5.134 -6.379 0.638
P585082 5.119 5.069 -5.915 0.405
P585083 5.157 5.158 -5.861 0.411
P585084 5.487 5.548 -5.722 0.264
P585085 4.995 4.737 -5.992 1.504
P585086 4.890 4.992 -5.844 0.935
P585087 5.594 5.511 -5.780 0.302
P585088 5.047 5.014 -6.011 0.256
P585089 5.068 5.267 -5.940 0.782
P585091 5.422 5.381 -5.783 0.123
P585092 5.108 5.151 -5.831 0.276
P585094 5.128 5.140 -5.828 0.261
P585095 5.308 5.286 -6.011 0.221
P585096 5.223 5.081 -5.922 0.715
P585097 5.480 5.461 -5.936 0.845
P585098 4.944 5.027 -5.365 0.427
P585099 5.379 5.293 -6.140 0.463
P585100 5.540 5.466 -5.995 0.328
P585101 4.706 4.981 -6.258 1.087
P585102 4.595 4.893 -6.469 1.136
P585103 4.985 4.713 -5.988 1.267
P585104 4.764 4.878 -5.788 0.545
P585105 5.113 5.136 -6.276 0.456
P585106 4.921 5.116 -6.430 0.538
P585107 4.838 4.673 -4.341 0.883
P585108 4.950 4.810 -6.286 0.803
P585109 5.131 5.073 -7.022 0.675
P585110 5.337 5.223 -6.128 0.502
P585111 4.951 4.830 -6.740 0.417
P585112 5.261 5.248 -5.151 0.660
P585113 5.384 5.186 -6.826 0.554
P585114 5.490 5.131 -6.082 1.592
P585115 4.709 5.184 -6.659 1.174
P585116 5.206 5.259 -5.873 0.736
P585117 5.404 5.493 -5.148 0.890
P585118 5.023 4.831 -5.570 0.510
P585119 5.527 5.584 -4.890 0.314
P585121 5.188 5.132 -5.136 0.528
P585122 5.131 5.126 -6.259 0.371
P585123 4.812 4.533 -4.341 1.899
P585124 5.064 4.875 -6.182 1.239
P585125 5.320 5.254 -6.698 0.302
P585126 5.201 5.224 -5.229 0.937
P585127 5.342 5.314 -5.589 0.438
P585128 4.675 4.612 -6.185 0.438
P585129 4.982 4.818 -6.022 0.841
P585130 5.293 5.368 -6.170 0.926
P585131 5.616 5.664 -5.423 0.246
P585132 5.128 5.128 -2.876 0.248
P585133 4.953 4.689 -6.001 1.139
P585134 5.352 5.256 -6.484 0.494
P585135 5.084 4.985 -4.185 1.503
P585136 5.182 5.072 -6.915 0.723
P585137 4.994 4.589 -5.274 1.254
P585138 5.063 4.912 -5.391 0.744
P585139 4.872 4.969 -6.082 0.780
P585140 5.121 5.108 -6.354 0.633
P585141 4.946 4.871 -5.904 0.755
P585142 4.950 4.795 -5.354 0.341
P585143 5.061 5.040 -6.163 0.352
P585144 4.434 4.391 -5.591 0.425
P585145 5.440 5.262 -6.124 1.047
P585146 4.968 4.887 -5.870 1.141
P585147 5.354 5.241 -6.390 0.891
P585148 5.259 5.173 -5.006 0.861
P585149 5.208 5.177 -6.663 0.893
P585150 5.240 5.187 -6.676 0.524
P585151 4.609 4.280 -5.406 1.046
P585152 5.024 4.969 -5.423 0.351
P585153 5.086 5.059 -6.603 0.346
P585154 4.735 4.722 -6.088 0.318
P585155 4.867 4.873 -6.395 0.904
P585156 4.997 4.917 -6.453 0.330
P585157 4.834 4.862 -5.889 0.434
P585158 4.803 4.883 -6.195 0.754
P585159 5.075 5.070 -6.578 0.282
P585160 5.150 5.349 -5.926 0.789
P585161 5.256 5.152 -6.015 0.350
P585162 5.117 5.112 -6.259 0.311
P585163 5.241 5.254 -6.786 0.420
P585164 5.213 5.226 -6.122 0.584
P585165 5.011 5.009 -5.793 0.682
P585166 5.045 5.218 -6.447 0.618
P585167 5.357 5.396 -6.085 0.426
P585168 5.138 5.105 -5.614 0.485
P585169 5.381 5.429 -6.009 1.076
P585170 5.142 5.044 -5.524 0.551
P585171 4.988 4.815 -5.368 0.662
P585172 5.080 4.850 -5.064 1.458
P585173 5.058 4.988 -6.052 0.934
P585174 5.087 4.936 -5.600 0.795
P585175 4.778 4.758 -5.412 0.499
P585176 5.001 4.859 -5.878 0.530
P585177 5.634 5.576 -5.267 0.360
P585178 4.830 4.863 -6.198 0.389
P585179 5.332 5.271 -5.514 0.560
P585180 5.517 5.453 -5.686 0.593
P585181 5.442 5.476 -5.967 0.284
P585182 5.597 5.471 -5.466 0.865
P585183 5.434 5.489 -5.595 0.389
P585184 5.111 5.413 -5.713 0.793
P585185 5.131 5.247 -4.988 0.385
P585186 5.216 5.280 -6.150 0.301
P585187 5.158 5.107 -6.510 0.346
P585188 5.228 5.224 -5.887 0.290
P585190 5.186 5.384 -6.156 0.882
P585191 4.899 4.736 -5.831 0.738
P585192 5.444 5.283 -6.432 0.363
P585193 4.983 4.858 -5.454 0.387
P585194 5.277 5.217 -6.821 0.597
P585195 4.936 4.779 -5.729 1.363
P585196 5.245 4.997 -6.005 0.980
P585197 5.052 5.246 -6.150 0.471
P585199 5.084 5.085 -6.356 1.286
P585200 5.153 5.166 -6.589 0.406
P585201 5.275 5.217 -5.750 0.239
P585202 5.042 5.016 -5.590 0.267
P585203 5.263 5.173 -5.993 0.536
P585204 4.994 5.074 -6.587 0.393
P585205 5.484 5.491 -6.137 0.255
P585206 4.858 4.827 -6.095 0.438
P585208 5.264 5.350 -6.027 0.273
P585209 4.896 4.729 -5.886 0.495
P585210 5.145 5.161 -6.578 0.523
P585212 5.441 5.314 -6.516 0.950
P585213 4.876 4.777 -4.825 1.342
P585214 5.272 5.112 -6.466 0.536
P585215 5.446 5.347 -6.590 0.365
P585216 5.101 5.090 -6.511 0.255
P585217 5.216 5.156 -6.214 0.423
P585219 5.069 5.071 -6.129 0.263
P585220 5.188 5.190 -6.548 0.396
P585221 5.234 5.273 -6.167 0.635
P585222 4.733 4.820 -5.729 0.191
P585224 5.325 5.358 -6.971 0.527
P585225 5.327 5.263 -6.827 0.468
P585226 5.248 5.240 -6.283 0.189
P585227 5.239 5.219 -5.849 0.259
P585228 4.991 5.029 -6.016 0.472
P585230 5.054 5.147 -6.135 0.748
P585232 4.909 4.839 -5.809 0.360
P585233 5.273 5.281 -5.575 0.286
P585234 5.277 5.276 -6.640 0.635
P585235 4.961 5.049 -5.996 0.666
P585236 5.374 5.344 -6.181 0.351
P585237 5.001 4.876 -5.766 0.862
P585238 5.085 5.036 -6.261 0.595
P585239 5.290 5.299 -6.789 0.642
P585240 5.302 5.313 -7.242 0.365
P585241 5.289 5.346 -7.293 0.404
P585243 5.295 5.293 -6.519 0.295
P585244 5.114 5.184 -6.524 0.325
P585245 4.973 5.019 -5.968 0.471
P585246 5.011 5.200 -6.419 0.933
P585247 4.834 5.099 -6.518 0.808
P585248 4.973 5.241 -6.178 0.818
P585249 5.095 5.060 -5.377 0.349
P585250 4.953 4.708 -5.713 0.600
P585251 4.949 4.874 -5.187 0.372
P585252 5.384 5.212 -5.946 0.503
P585253 5.115 5.112 -6.915 0.487
P585254 4.899 4.860 -6.447 0.682
P585255 5.088 4.855 -5.719 1.032
P585256 5.102 5.140 -6.593 0.383
P585258 5.256 5.302 -6.261 0.332
P585259 4.881 4.834 -5.374 0.838
P585260 5.114 5.179 -5.575 0.307
P585262 5.114 5.289 -6.062 0.892
P585263 5.167 5.317 -4.959 0.358
P585264 5.330 5.359 -5.570 1.009
P585265 5.536 5.476 -4.474 0.319
P585266 4.863 5.353 -5.114 1.330
P585267 5.369 5.455 -5.167 0.258
P585268 5.359 5.380 -5.219 0.352
P585269 5.083 5.071 -5.696 1.375
P585270 5.437 5.497 -5.294 0.390
P585271 5.297 5.322 -5.171 0.432
P585272 5.370 5.435 -5.111 0.420
P585273 5.474 5.309 -6.171 1.753
P585274 5.434 5.513 -5.594 0.301
P585277 5.204 5.298 -6.544 1.891
P585279 5.226 5.262 -5.432 0.574
P585280 5.475 5.459 -5.769 0.368
P585281 5.524 5.511 -5.491 0.388
P585283 5.317 5.145 -5.371 0.987
P585284 5.389 5.389 -5.047 0.306
P585285 5.354 5.279 -5.331 0.882
P585286 4.953 4.936 -5.915 0.269
P585287 5.255 5.226 -6.541 0.307
P585288 4.994 5.027 -6.624 0.311
P585289 4.844 4.955 -6.209 0.363
P585290 5.001 5.076 -5.986 0.287
P585291 5.278 5.142 -5.511 0.345
P585292 5.427 5.404 -6.155 0.297
P585293 5.315 5.308 -5.699 0.528
P585294 4.854 4.626 -5.784 1.007
P585296 5.180 5.223 -5.940 0.729
P585297 4.782 4.560 -5.375 1.018
P585298 5.131 5.164 -6.957 0.696
P585299 4.893 4.964 -6.442 1.457
P585302 4.764 4.684 -5.571 0.361
P585303 5.204 5.191 -6.574 0.455
P585305 5.240 5.233 -6.721 0.333
P585306 4.751 5.183 -5.973 0.586
P585307 5.246 5.257 -5.873 0.369
P585309 4.996 5.122 -6.707 0.700
P585310 4.650 5.173 -6.516 1.184
P585311 5.156 5.072 -5.951 0.907
P585312 4.993 5.162 -6.604 0.869
P585314 5.409 5.416 -6.327 0.629
P585315 5.259 5.228 -6.683 0.902
P585318 5.464 5.394 -6.491 0.610
P585319 5.559 5.559 -6.526 0.643
P585320 5.054 4.981 -6.192 1.223
P585321 4.885 5.005 -6.236 0.760
P585324 5.315 5.117 -6.067 0.938
P585325 4.828 5.465 -6.389 1.463
P585326 5.459 5.481 -6.061 0.329
P585327 5.127 5.027 -6.402 0.659
P585328 5.368 5.366 -5.795 0.645
P585329 5.240 5.333 -5.983 0.740
P585330 5.307 5.198 -5.793 0.677
P585331 5.362 5.063 -6.045 0.903
P585332 5.347 5.448 -6.432 0.798
P585333 5.562 5.435 -6.833 0.844
P585334 5.109 5.088 -6.048 0.812
P585335 5.484 5.352 -5.751 1.456
P585336 5.342 5.260 -6.155 0.832
P585337 5.059 5.193 -6.400 0.721
P585338 4.680 4.665 -5.653 0.694
P585339 4.535 4.467 -5.734 0.378
P585340 4.537 4.529 -5.418 0.576
P585341 4.870 4.788 -5.310 0.495
P585342 5.240 5.241 -6.296 0.331
P585344 5.208 5.215 -6.237 0.369
P585345 5.329 5.236 -6.509 0.510
P585346 4.545 4.569 -5.452 0.980
P585347 5.352 5.382 -6.874 0.451
P585348 5.370 5.353 -6.343 0.336
P585349 5.066 5.379 -6.667 0.976
P585350 5.099 5.316 -6.565 0.722
P585351 5.286 5.261 -6.213 0.355
P585352 5.221 5.542 -6.211 0.554
P585353 4.527 4.507 -5.643 0.451
P585354 5.316 5.413 -7.060 0.593
P585355 4.425 4.360 -5.796 1.552
P585356 4.700 4.546 -5.481 0.634
P585357 4.548 4.494 -5.878 0.328
P585358 4.682 4.559 -5.522 0.705
P585359 4.625 4.624 -5.438 0.374
P585360 5.606 5.670 -6.222 0.667
P585361 5.132 4.889 -5.462 1.071
P585362 5.525 5.512 -5.342 0.683
P585363 5.426 5.338 -6.141 1.473
P585364 5.705 5.484 -6.701 0.784
P585365 5.636 5.572 -6.671 0.552
P585367 5.501 5.553 -6.959 0.649
P585368 5.043 5.375 -6.569 0.891
P585369 5.023 5.067 -5.667 0.656
P585370 5.011 5.307 -6.797 1.087
P585371 5.377 5.473 -6.049 0.590
P585372 4.814 4.663 -5.598 1.158
P585373 5.385 5.311 -7.102 0.634
P585374 4.960 5.089 -5.896 1.407
P585375 5.378 5.446 -6.197 0.749
P585376 5.008 5.409 -6.113 1.329
P585378 5.401 5.333 -5.929 0.589
P585379 5.403 5.354 -6.211 0.793
P585380 5.159 5.169 -6.301 0.896
P585381 5.472 5.319 -6.321 0.878
P585382 5.136 5.264 -5.864 0.515
P585384 5.343 5.468 -5.992 0.563
P585385 5.429 5.380 -6.602 0.833
P585386 5.236 5.177 -5.869 0.566
P585387 5.623 5.509 -6.110 1.013
P585388 5.162 5.135 -6.201 0.946
P585389 5.049 4.748 -5.519 0.791
P585390 5.629 5.468 -6.691 0.597
P585391 5.674 5.487 -6.097 0.628
P585392 5.657 5.642 -6.969 0.750
P585394 5.563 5.296 -6.061 1.034
P585395 5.361 4.667 -5.397 1.771
P585396 5.057 4.791 -5.475 1.662
P585397 5.248 5.010 -5.805 1.748
P585398 5.185 4.877 -5.209 1.712
P585399 5.428 5.227 -6.219 0.838
P585400 5.448 5.447 -6.536 0.841
P585402 5.532 5.605 -6.401 0.788
P585404 5.507 5.498 -6.154 0.697
P585405 4.879 4.982 -5.785 1.049
P585406 5.157 5.313 -5.951 0.697
P585408 4.861 4.997 -5.860 0.481
P585410 5.154 5.097 -6.812 0.437
P585411 4.878 4.888 -5.782 0.329
P585412 4.895 4.901 -5.650 0.442
P585413 5.160 5.151 -6.608 0.363
P585414 5.014 5.020 -6.489 0.331
P585415 4.747 4.736 -6.083 0.300
P585416 5.232 5.163 -5.963 0.493
P585417 5.274 5.346 -6.349 0.353
P585419 4.962 4.938 -6.540 0.267
P585422 5.096 5.000 -6.761 0.677
P585423 5.129 5.113 -7.134 0.329
P585424 4.820 4.790 -5.962 0.263
P585425 4.993 4.985 -6.603 0.642
P585426 4.992 4.982 -6.688 0.286
P585427 5.278 5.174 -6.380 0.308
P585428 5.103 5.148 -6.356 0.195
P585429 5.261 5.216 -6.745 0.311
P585430 5.191 5.094 -6.216 0.534
P585432 5.202 5.023 -6.517 0.428
P585434 5.161 5.172 -6.364 0.336
P585435 5.245 5.217 -6.499 0.396
P585436 4.913 4.725 -5.521 0.579
P585437 5.239 5.283 -5.963 0.285
P585438 5.408 5.391 -5.727 0.612
P585440 5.794 5.888 -5.927 0.345
P585441 4.839 4.975 -6.559 0.711
P585442 5.046 4.948 -5.869 0.504
P585443 5.179 5.141 -6.059 0.377
P585444 5.183 4.900 -6.407 1.347
P585445 4.898 4.880 -6.077 0.395
P585446 4.890 4.991 -5.957 0.312
P585449 5.239 5.211 -5.796 0.432
P585450 4.877 4.905 -6.473 0.365
P585451 4.870 4.771 -6.316 0.371
P585452 4.719 4.702 -5.383 0.287
P585453 5.074 4.997 -5.612 0.426
P585455 5.261 5.263 -5.858 0.477
P585457 5.643 5.511 -5.971 0.772
P585458 4.851 4.828 -5.654 0.395
P585459 5.441 5.404 -6.619 0.562
P585461 5.152 5.159 -6.248 0.542
P585463 5.480 5.492 -6.845 0.366
P585464 5.195 5.382 -6.972 0.707
P585466 5.335 5.296 -7.031 0.274
P585467 5.157 4.804 -5.818 1.393
P585468 5.247 5.387 -6.919 0.427
P585469 5.067 4.838 -4.816 0.941
P585471 5.309 5.126 -6.786 0.973
P585472 5.345 5.325 -5.466 0.514
P585473 4.980 4.996 -5.793 0.408
P585474 5.565 5.766 -6.631 0.639
P585475 5.246 5.290 -6.796 0.257
P585479 5.392 5.453 -7.367 0.492
P585480 5.280 5.231 -6.459 0.318
P585481 5.446 5.493 -7.055 0.408
P585483 5.313 5.406 -6.483 0.328
P585484 5.517 5.552 -6.199 0.263
P585485 5.383 5.392 -6.949 0.473
P585486 5.136 5.070 -6.093 0.279
P585487 5.248 5.242 -6.686 0.242
P585488 5.453 5.545 -6.330 0.400
P585489 5.245 5.390 -6.677 0.574
P585490 5.578 5.537 -6.786 0.315
P585491 5.292 5.119 -6.195 0.454
P585492 5.158 5.081 -6.281 0.379
P585493 5.408 5.382 -6.574 0.612
P585494 5.043 5.155 -6.578 0.303
P585495 5.070 5.276 -6.035 0.758
P585496 5.134 5.191 -6.292 0.299
P585497 5.439 5.140 -5.709 1.250
P585498 5.481 5.602 -6.018 0.718
P585500 5.379 5.357 -5.880 0.236
P585501 5.219 5.283 -6.254 0.614
P585502 5.270 5.277 -6.510 0.326
P585503 5.388 5.474 -6.579 0.306
P585504 5.478 5.475 -6.902 0.319
P585506 5.348 5.418 -6.266 0.378
P585507 5.189 5.143 -6.221 0.227
P585510 4.871 5.176 -6.033 0.460
P585512 5.544 5.601 -6.624 0.314
P585513 5.221 5.173 -6.511 1.055
P585514 5.149 5.153 -6.820 0.658
P585515 5.120 5.052 -6.062 0.455
P585516 5.236 5.432 -7.275 0.817
P585518 5.421 5.438 -5.850 0.278
P585519 4.961 4.929 -4.998 0.444
P585520 5.170 5.185 -6.120 0.727
P585521 4.965 4.861 -5.559 0.454
P585522 5.244 5.134 -5.975 0.500
P585523 5.122 5.111 -5.735 0.423
P585524 5.188 5.118 -6.455 0.355
P585526 5.313 5.263 -5.833 0.398
P585527 5.253 5.290 -5.973 0.475
P585528 5.141 4.921 -6.060 1.107
P585529 5.047 4.996 -5.992 0.429
P585530 5.034 4.854 -6.294 0.918
P585531 4.834 4.853 -5.254 0.856
P585532 4.932 4.847 -6.002 0.596
P585533 4.993 5.019 -5.976 0.391
P585534 5.026 4.963 -5.911 0.544
P585536 4.968 4.830 -5.768 0.536
P585537 5.265 5.263 -4.474 0.363
P585539 5.091 5.060 -5.483 0.768
P585540 5.066 5.047 -4.958 0.540
P585542 4.940 4.955 -5.089 1.306
P585543 5.184 5.149 -6.112 0.417
P585546 5.241 5.226 -5.715 0.448
P585547 5.196 5.175 -5.722 0.451
P585549 4.912 4.817 -5.853 1.204
P585550 5.114 4.796 -6.224 1.443
P585551 4.831 4.744 -5.921 0.688
P585552 5.454 5.380 -5.677 1.291
P585553 5.710 5.734 -6.509 0.394
P585554 5.478 5.644 -6.060 0.778
P585556 5.795 5.719 -5.773 0.350
P585557 5.690 5.635 -5.688 0.803
P585558 5.264 5.352 -6.028 1.593
P585559 5.678 5.735 -5.733 0.194
P585560 5.493 4.961 -5.938 1.334
P585561 5.796 5.780 -5.403 0.238
P585563 5.570 5.631 -5.720 0.502
P585565 5.444 5.595 -5.380 0.444
P585566 5.413 5.657 -5.762 0.941
P585568 5.718 5.774 -5.743 0.267
P585569 5.427 5.422 -5.623 0.442
P585570 5.361 5.285 -5.782 0.524
P585571 5.677 5.658 -5.072 0.491
P585572 5.639 5.633 -5.991 0.207
P585573 5.636 5.648 -6.265 0.468
P585574 5.552 5.528 -5.707 0.465
P585575 5.401 5.422 -5.214 0.777
P585576 5.427 5.233 -5.799 0.823
P585577 5.840 5.722 -4.620 0.351
P585578 5.872 5.773 -5.914 0.874
P585579 4.952 4.743 -4.786 1.216
P585580 4.847 4.831 -5.727 0.567
P585581 5.282 5.240 -6.022 0.995
P585584 5.214 5.207 -4.444 0.802
P585587 5.234 5.228 -5.320 0.313
P585588 5.168 5.119 -6.560 0.693
P585589 5.647 5.567 -6.164 0.323
P585591 5.694 5.737 -6.035 0.647
P585593 5.572 5.364 -6.348 1.318
P585594 5.652 5.605 -5.805 0.680
P585596 5.526 5.542 -6.055 0.290
P585597 5.171 5.053 -5.287 0.537
P585598 5.513 5.418 -5.705 0.834
P585599 5.651 5.582 -5.976 0.227
P585600 5.651 5.641 -6.076 0.115
P585602 5.484 5.598 -5.351 0.440
P585603 5.400 5.455 -5.373 0.685
P585604 4.550 4.390 -5.965 2.220
P585605 4.589 4.606 -5.823 0.818
P585606 4.652 4.743 -5.997 0.963
P585607 4.582 4.572 -6.019 0.417
P585608 4.676 4.695 -5.799 0.432
P585609 4.550 4.717 -5.739 0.771
P585611 4.645 4.461 -5.343 0.977
P585613 4.710 4.744 -5.591 0.537
P585615 4.627 4.675 -5.664 0.978
P585617 4.689 4.731 -5.719 0.440
P585618 4.782 4.737 -5.767 0.696
P585619 4.753 4.668 -5.457 0.564
P585621 4.631 4.702 -5.517 0.535
P585622 4.650 4.592 -5.638 0.903
P585623 4.622 4.673 -5.842 0.462
P585624 4.351 4.599 -5.853 0.655
P585626 4.675 4.677 -5.778 0.386
P585628 4.454 4.643 -5.570 0.526
P585630 4.604 4.723 -5.595 1.301
P585631 4.580 4.547 -6.092 0.460
P585632 4.465 4.485 -5.565 0.942
P585635 4.611 4.656 -5.521 0.544
P585636 4.742 4.663 -5.577 0.962
P585638 4.686 4.689 -6.057 0.460
P585639 4.716 4.722 -5.740 0.406
P585640 4.616 4.657 -6.304 0.793
P585641 4.666 4.730 -5.601 0.658
P585643 4.690 4.730 -5.951 0.865
P585644 4.677 4.656 -5.986 1.833
P585645 4.484 4.559 -5.455 0.608
P585646 4.582 4.615 -5.464 0.498
P585647 4.665 4.583 -5.302 0.489
P585649 4.627 4.692 -5.500 0.563
P585650 4.621 4.457 -5.326 0.467
P585651 4.864 5.087 -6.482 2.211
P585652 5.169 5.258 -5.567 2.010
P585653 4.794 5.058 -5.669 0.910
P585654 4.936 5.186 -5.520 1.290
P585655 5.105 5.112 -5.954 0.801
P585656 5.099 4.952 -5.999 1.800
P585657 4.931 4.993 -6.060 2.041
P585658 4.977 4.934 -5.068 0.646
P585659 5.139 5.273 -5.549 0.918
P585660 4.845 5.022 -5.626 0.770
P585663 5.387 5.538 -6.219 0.377
P585665 5.438 5.528 -7.205 0.584
P585667 5.747 5.716 -6.279 0.440
P585668 5.227 5.379 -6.440 0.428
P585670 5.512 5.587 -6.396 0.335
P585671 5.215 5.498 -6.805 1.013
P585674 5.680 5.617 -6.780 0.460
P585675 5.411 5.468 -7.105 0.435
P585678 5.473 5.502 -6.880 0.443
P585679 5.490 5.401 -6.667 0.476
P585681 5.299 5.582 -6.441 0.578
P585683 5.462 5.461 -6.936 0.255
P585685 5.222 5.449 -6.719 0.606
P585686 4.864 5.082 -5.892 1.399
P585687 4.581 4.614 -5.496 0.755
P585688 4.723 4.758 -5.678 0.709
P585689 4.625 4.645 -5.749 0.599
P585690 4.711 4.747 -6.043 0.521
P585691 4.627 4.707 -5.550 0.727
P585692 4.747 4.592 -5.876 1.975
P585695 4.774 4.793 -5.693 0.792
P585696 4.674 4.632 -5.409 0.998
P585697 4.637 4.663 -5.754 1.092
P585698 4.859 4.818 -6.203 0.628
P585699 4.472 4.470 -5.682 0.477
P585700 4.634 4.741 -5.468 0.698
P585701 5.390 5.492 -7.292 0.566
P585702 5.438 5.443 -6.370 0.383
P585703 5.264 5.441 -6.684 0.633
P585704 4.681 4.700 -5.700 0.274
P585705 5.180 5.365 -6.446 0.723
P585706 5.542 5.536 -7.079 0.529
P585707 5.246 5.480 -6.820 0.751
P585708 5.471 5.396 -6.630 0.498
P585709 5.526 5.587 -6.389 0.521
P585710 5.497 5.475 -6.973 0.367
P585711 5.246 5.189 -5.561 0.469
P585712 5.486 5.509 -6.613 0.969
P585713 4.964 4.920 -4.727 0.305
P585714 5.257 5.199 -6.485 0.483
P585715 5.668 5.691 -6.704 0.277
P585716 5.279 5.302 -6.967 0.532
P585718 5.459 5.475 -7.298 0.577
P585720 5.125 5.580 -6.700 1.060
P585721 5.370 5.189 -6.247 1.050
P585722 5.205 5.289 -6.199 0.483
P585723 5.540 5.551 -7.131 0.545
P585724 5.673 5.612 -6.928 0.321
P585725 5.199 5.135 -6.128 0.678
P585726 5.270 5.195 -6.416 0.401
P585728 5.298 5.443 -6.039 0.390
P585729 5.349 5.376 -5.886 0.393
P585731 5.537 5.562 -6.330 0.249
P585733 4.969 5.237 -6.203 0.516
P585734 5.037 5.313 -6.112 0.705
P585735 5.292 5.379 -6.434 0.242
P585737 4.987 5.048 -5.546 0.696
P585738 5.419 5.336 -6.977 0.370
P585740 5.447 5.563 -6.784 0.401
P585741 5.294 5.353 -6.320 0.334
P585742 5.480 5.501 -7.075 0.433
P585743 5.551 5.577 -6.672 0.454
P585744 5.238 5.313 -6.938 0.337
P585745 5.133 5.241 -6.715 0.333
P585747 5.434 5.452 -6.667 0.601
P585748 5.209 5.431 -6.442 1.004
P585750 5.507 5.561 -7.514 0.342
P585752 5.502 5.443 -7.186 0.356
P585753 5.045 5.060 -6.326 0.911
P585754 5.382 5.417 -6.942 0.263
P585757 5.630 5.589 -6.641 0.298
P585759 5.589 5.586 -7.050 0.511
P585760 5.340 5.592 -6.099 1.079
P585762 5.735 5.715 -6.690 0.498
P585763 5.314 5.450 -5.885 0.352
P585764 5.226 5.247 -5.946 0.352
P585765 5.249 5.305 -6.421 0.289
P585766 5.563 5.491 -5.687 0.689
P585767 5.350 5.434 -6.530 0.225
P585768 5.207 5.234 -6.383 0.481
P585769 5.483 5.415 -7.135 0.268
P585770 5.568 5.531 -7.116 0.346
P585772 5.514 5.527 -7.040 0.508
P585774 5.284 5.367 -6.481 0.425
P585776 5.435 5.490 -6.957 0.238
P585778 5.480 5.678 -6.235 0.867
P585779 5.228 5.350 -6.570 0.820
P585781 4.853 4.956 -6.170 0.779
P585784 5.705 5.700 -6.986 0.524
P585786 5.082 5.097 -6.409 1.526
P585787 4.701 4.357 -5.315 1.300
P585788 5.198 5.250 -6.423 0.693
P585790 4.981 5.345 -5.971 1.692
P585792 5.043 5.119 -5.474 0.982
P585794 5.205 5.301 -5.319 0.666
P585795 5.234 5.178 -5.606 0.715
P585796 5.258 5.242 -4.829 0.595
P585797 5.132 4.904 -5.551 0.859
P585798 5.305 5.504 -6.350 1.625
P585799 5.393 5.235 -6.268 1.823
P585800 5.158 5.195 -6.026 0.428
P585801 4.923 4.986 -5.219 1.471
P585802 5.192 5.234 -4.112 0.653
P585803 5.388 5.373 -5.843 0.580
P585804 5.313 5.128 -6.233 1.755
P585805 5.472 5.574 -6.931 0.296
P585814 5.380 5.464 -6.263 0.512
P585817 5.408 5.471 -5.159 0.435
P585819 5.615 5.589 -7.453 0.630
P585822 5.190 5.094 -6.069 0.867
P585824 5.422 5.514 -7.294 0.392
P585825 5.730 5.747 -6.934 0.329
P585830 5.230 5.411 -6.671 0.238
P585833 5.415 5.377 -6.794 0.341
P585838 5.596 5.606 -6.770 0.243
P585842 5.576 5.674 -6.315 0.394
P585845 5.347 5.277 -5.154 1.526
P585848 5.473 5.469 -5.898 0.899
P585850 5.410 5.414 -6.993 0.303
P585852 5.801 5.896 -6.899 0.406
P585853 5.447 5.384 -6.086 0.620
P585856 5.538 5.566 -6.596 0.279
P585857 5.486 5.590 -6.660 0.466
P585860 5.590 5.637 -7.231 0.123
P585861 5.265 5.334 -5.884 0.581
P585862 5.544 5.543 -6.888 0.212
P585864 5.533 5.342 -6.484 0.513
P585865 5.432 5.394 -4.911 0.247
P585867 5.406 5.581 -7.288 0.773
P585868 5.266 5.119 -6.667 0.493
P585869 5.346 5.283 -6.111 0.455
P585870 5.187 5.543 -6.748 0.896
P585875 5.690 5.703 -7.171 0.258
P585876 5.293 5.388 -6.214 0.281
P585878 5.723 5.723 -7.347 0.300
P585884 5.340 5.440 -6.284 0.353
P585887 5.751 5.723 -7.031 0.190
P585888 5.620 5.673 -7.096 0.365
P585892 5.640 5.684 -7.201 0.487
P585894 5.348 5.449 -6.676 0.683
P585896 5.645 5.707 -7.618 0.324
P585900 5.414 5.469 -6.936 0.495
P585903 5.427 5.476 -6.839 0.181
P585905 5.464 5.535 -5.910 0.229
P585907 5.698 5.647 -6.271 0.474
P585908 5.328 5.474 -6.524 0.573
P585910 5.581 5.622 -7.003 0.423
P585912 5.574 5.606 -7.074 0.411
P585914 5.544 5.572 -6.978 0.395
P585915 5.667 5.687 -6.600 0.298
P585920 5.590 5.668 -7.039 0.467
P585923 5.760 5.733 -7.393 0.210
P585924 5.216 5.496 -6.366 0.805
P585925 5.191 5.297 -6.205 0.326
P585928 5.301 5.307 -6.189 0.980
P585931 5.337 5.504 -7.181 0.300
P585934 5.805 5.823 -6.869 0.303
P585938 5.587 5.677 -6.818 0.356
P585939 5.480 5.488 -6.884 0.525
P585940 5.340 5.446 -6.014 0.519
P585941 5.563 5.619 -7.072 0.378
P585942 5.510 5.495 -7.190 0.700
P585943 5.278 5.293 -5.997 0.173
P585944 5.528 5.655 -6.846 0.360
P585945 5.523 5.447 -7.355 0.423
P585946 5.344 5.495 -6.706 0.681
P585948 5.415 5.357 -6.245 0.568
P585950 5.325 5.560 -7.407 0.874
P585952 5.306 5.388 -6.504 0.649
P585954 5.859 5.867 -6.542 0.195
P585955 5.389 5.423 -7.161 0.604
P585956 5.361 5.324 -6.453 0.467
P585957 5.674 5.773 -6.736 0.505
P585959 5.424 5.475 -6.273 0.362
P585960 4.932 5.261 -6.255 0.660
P585961 5.404 5.219 -6.659 0.583
P585962 5.759 5.642 -6.696 0.627
P585964 5.223 5.331 -6.506 0.851
P585965 5.300 5.432 -6.917 0.647
P585966 5.415 5.472 -6.936 0.280
P585969 5.255 5.126 -6.640 0.511
P585971 5.544 5.563 -6.762 0.237
P585972 5.592 5.647 -7.692 0.471
P585973 5.443 5.681 -7.113 0.700
P585975 5.900 5.864 -6.644 0.264
P585976 5.674 5.611 -7.204 0.563
P585977 5.090 5.113 -5.740 0.698
P585978 5.106 5.312 -6.487 0.484
P585979 5.751 5.766 -7.273 0.382
P585981 5.267 5.524 -6.619 0.935
P585983 5.399 5.575 -6.657 0.654
P585984 5.635 5.599 -7.168 0.621
P585986 5.540 5.670 -6.327 0.411
P585988 5.495 5.717 -7.009 0.679
P585989 5.452 5.594 -6.521 0.809
P585991 5.395 5.630 -6.774 0.429
P585992 5.608 5.682 -7.351 0.675
P585994 5.068 5.129 -5.205 1.541
P585995 5.189 5.082 -5.887 1.188
P585996 5.079 5.077 -5.810 0.397
P585997 5.155 5.223 -5.653 0.969
P585998 5.153 5.194 -5.830 0.861
P586000 5.022 5.074 -5.631 0.759
P586001 5.372 5.333 -6.181 1.160
P586003 5.197 5.124 -6.291 0.760
P586004 5.269 5.225 -5.971 0.670
P586006 5.137 5.397 -5.750 1.524
P586007 5.187 5.193 -5.509 1.041
P586008 5.184 5.212 -6.200 1.207
P586009 4.772 4.821 -5.377 0.640
P586010 5.175 5.183 -5.614 1.265
P586011 4.835 4.557 -5.482 2.069
P586012 5.077 5.121 -5.715 0.908
P586014 5.129 5.185 -5.100 0.977
P586015 4.955 5.051 -5.508 0.648
P586016 5.039 5.224 -6.119 1.194
P586017 5.682 5.762 -6.567 0.609
P586019 5.333 5.287 -5.864 0.572
P586021 5.093 4.960 -6.399 2.002
P586022 5.760 5.738 -7.084 0.264
P586023 5.672 5.743 -7.363 0.452
P586024 5.496 5.613 -6.680 0.396
P586025 5.721 5.668 -6.739 0.275
P586026 5.507 5.396 -6.529 0.530
P586027 5.390 5.340 -6.354 0.566
P586028 5.248 5.320 -4.627 1.333
P586029 5.226 5.373 -6.486 0.503
P586030 5.204 5.715 -6.336 0.977
P586031 5.739 5.801 -6.840 0.346
P586033 5.274 5.415 -6.226 1.355
P586034 4.868 4.936 -5.017 0.390
P586035 4.783 4.992 -5.141 1.463
P586036 5.163 5.293 -6.329 0.805
P586038 5.140 5.251 -6.451 1.954
P586040 4.922 5.223 -6.117 1.411
P586041 4.855 4.738 -5.856 1.235
P586043 4.991 5.022 -5.931 0.898
P586046 5.309 5.333 -6.007 1.624
P586048 5.125 5.234 -6.648 0.948
P586049 5.541 5.592 -6.444 0.321
P586050 5.447 5.358 -6.774 0.920
P586051 5.331 5.314 -6.420 0.344
P586052 5.477 5.212 -6.021 1.005
P586053 5.317 5.354 -6.823 0.570
P586054 5.527 5.391 -7.390 0.353
P586055 5.335 5.119 -6.744 0.511
P586056 5.343 5.346 -6.828 0.480
P586057 5.406 5.242 -6.513 0.384
P586058 5.451 5.325 -6.759 0.360
P586059 5.359 5.412 -5.720 0.440
P586060 5.541 5.529 -6.377 0.552
P586062 5.516 5.397 -7.254 0.420
P586063 5.354 5.158 -6.968 0.384
P586065 5.792 5.687 -6.108 0.438
P586066 5.521 5.512 -6.817 0.367
P586067 5.642 5.542 -7.140 0.598
P586069 5.419 5.308 -7.168 0.408
P586070 5.758 5.751 -7.122 0.396
P586071 5.436 5.423 -7.259 0.481
P586072 5.574 5.412 -6.677 0.502
P586073 5.505 5.344 -6.205 0.464
P586074 5.262 5.382 -6.067 1.081
P586075 5.365 5.282 -6.643 0.531
P586076 5.686 5.703 -7.516 0.261
P586077 5.477 5.402 -5.283 0.302
P586078 5.614 5.418 -7.320 0.533
P586079 5.748 5.715 -6.604 0.326
P586080 5.374 5.361 -6.409 0.348
P586081 5.608 5.606 -7.042 0.333
P586082 5.736 5.560 -5.805 0.467
P586083 5.291 5.257 -6.160 0.318
P586084 5.397 5.341 -6.850 0.314
P586085 5.453 5.430 -5.715 0.604
P586086 5.461 5.421 -6.906 0.576
P586088 5.638 5.558 -7.413 0.357
P586090 5.418 5.286 -7.344 0.439
P586091 5.698 5.622 -7.124 0.328
P586092 5.670 5.703 -6.526 0.646
P586093 5.727 5.718 -6.270 0.280
P586095 5.614 5.566 -6.848 0.343
P586096 5.632 5.571 -6.836 0.375
P586098 5.268 5.283 -6.170 0.703
P586099 5.586 5.584 -7.275 0.377
P586100 5.322 5.304 -6.876 0.409
P586102 5.511 5.415 -6.325 0.348
P586103 5.364 5.459 -6.773 0.859
P586104 5.541 5.468 -7.002 0.459
P586106 5.733 5.664 -6.553 0.511
P586107 5.632 5.652 -7.032 0.492
P586108 5.810 5.750 -6.715 0.266
P586109 5.496 5.442 -7.311 0.688
P586110 5.457 5.469 -7.084 0.361
P586112 5.523 5.584 -7.011 0.756
P586116 3.395 3.406 -2.952 0.694
P586119 3.499 3.287 -3.261 1.560
P586133 3.214 3.196 -2.964 0.355
P586134 3.278 3.237 -3.642 0.934
P586140 3.285 3.347 -3.095 0.780
P586143 3.342 3.210 -3.230 1.422
P586158 3.345 3.398 -2.895 0.899
P586163 3.391 3.402 -3.043 0.858
P586168 3.505 3.301 -3.247 1.377
P586182 3.593 3.551 -3.663 0.933
P586184 3.282 3.304 -2.937 0.383
P586187 3.362 3.366 -3.674 0.798
P586189 3.417 3.436 -3.115 0.620
P586192 3.502 3.457 -4.041 1.810
P586198 3.411 3.388 -2.937 0.392
P586200 3.467 3.432 -3.648 0.802
P586203 3.503 3.469 -3.666 0.935
P586207 3.552 3.639 -3.095 0.608
P586209 3.458 3.438 -3.715 0.848
P586212 3.457 3.413 -2.938 0.445
P586213 3.491 3.364 -3.379 1.499
P586229 3.420 3.454 -3.065 0.712
P586230 3.438 3.625 -2.662 1.267
P586231 3.624 3.583 -3.201 1.133
P586233 3.628 3.577 -3.906 1.175
P586236 3.564 3.456 -3.614 0.920
P586237 3.551 3.624 -3.321 1.791
P586238 3.382 3.343 -3.188 1.292
P586240 3.489 3.504 -3.195 0.938
P586242 3.721 3.620 -3.436 1.106
P586243 3.615 3.554 -3.446 1.829
P586260 3.606 3.555 -2.912 1.033
P586269 3.737 3.447 -3.570 1.354
P586280 3.738 3.409 -3.444 1.213
P586298 3.538 3.408 -3.299 1.744
P586300 3.636 3.561 -3.553 0.954
P586303 3.620 3.594 -2.884 0.418
P586305 3.454 3.461 -3.147 0.548
P586308 3.447 3.451 -3.729 0.534
P586319 3.716 3.674 -3.380 0.357
P586321 3.715 3.673 -2.987 0.499
P586323 3.643 3.623 -3.250 2.771
P586326 3.290 3.357 -2.865 0.665
P586334 3.502 3.416 -3.454 1.558
P586339 3.603 3.577 -3.101 0.550
P586342 3.494 3.374 -3.507 1.958
P586345 3.579 3.528 -3.422 0.521
P586353 3.395 3.337 -2.906 1.121
P586356 3.562 3.434 -3.698 1.598
P586359 3.467 3.392 -3.511 0.769
P586362 3.412 3.400 -2.979 0.659
P586376 3.669 3.506 -3.529 1.299
P586379 3.602 3.403 -3.708 3.298
P586382 3.556 3.589 -2.644 1.617
P586394 3.615 3.579 -3.040 1.196
P586402 3.625 3.515 -3.347 1.040
P586419 3.570 3.484 -3.459 1.782
P586421 3.581 3.481 -3.439 1.108
P586423 3.358 3.321 -3.286 1.073
P586427 3.348 3.444 -2.925 0.725
P586434 3.425 3.331 -3.595 0.726
P586450 3.260 3.265 -3.209 0.865
P586451 3.459 3.401 -3.434 1.124
P586453 3.592 3.547 -2.959 0.730
P586455 3.580 3.581 -3.153 0.713
P586457 3.655 3.627 -2.982 0.336
P586465 3.679 3.636 -3.717 0.723
P586467 3.605 3.607 -3.281 1.425
P586470 3.845 3.649 -3.238 0.827
P586474 3.721 3.670 -2.997 1.025
P586482 3.630 3.563 -3.308 0.653
P586493 3.566 3.576 -3.385 0.512
P586499 3.617 3.558 -3.867 1.076
P586501 3.358 3.336 -3.202 0.850
P586503 3.529 3.463 -2.844 0.610
P586504 3.556 3.490 -3.579 0.791
P586509 3.496 3.361 -3.757 1.160
P586512 3.391 3.391 -3.016 1.800
P586514 3.509 3.473 -3.605 0.960
P586517 3.362 3.259 -3.442 1.344
P586521 3.464 3.462 -3.094 0.870
P586522 3.219 3.167 -2.933 0.682
P586524 3.414 3.452 -2.822 1.320
P586525 3.558 3.500 -2.789 1.443
P586530 3.604 3.635 -3.113 0.671
P586533 3.538 3.466 -3.458 1.569
P586550 3.532 3.478 -2.941 0.743
P586554 3.378 3.526 -2.872 0.903
P586556 3.561 3.518 -3.834 1.716
P586569 3.678 3.647 -2.931 0.743
P586571 3.593 3.497 -2.921 1.225
P586581 3.665 3.486 -3.538 1.205
P586589 3.635 3.580 -3.792 0.879
P586597 3.653 3.581 -3.568 0.990
P586600 3.622 3.617 -2.953 1.030
P586604 3.329 3.273 -3.283 1.627
P586610 3.666 3.484 -3.389 1.623
P586627 3.431 3.364 -3.477 1.569
P586632 3.219 3.152 -3.278 1.501
P586637 3.498 3.449 -2.851 0.420
P586652 3.490 3.373 -3.261 1.850
P586657 3.399 3.473 -3.055 0.728
P586658 3.598 3.480 -3.503 1.388
P586661 3.633 3.581 -3.569 0.978
P586665 3.595 3.365 -3.532 1.564
P586677 3.453 3.451 -2.942 0.456
P586681 3.671 3.596 -3.594 1.052
P586684 3.651 3.667 -3.006 0.634
P586686 3.641 3.427 -3.398 1.725
P586713 3.703 3.486 -3.635 1.675
P586720 3.584 3.607 -3.304 1.361
P586722 3.564 3.561 -3.067 0.516
P586728 3.583 3.531 -2.961 0.725
P586734 3.510 3.318 -3.501 1.492
P586751 3.364 3.277 -3.132 1.276
P586762 3.371 3.368 -2.953 1.263
P586766 3.702 3.668 -3.101 0.986
P586771 3.619 3.604 -3.477 0.920
P586773 3.876 3.872 -3.394 0.688
P586778 3.486 3.459 -3.800 1.351
P586783 3.694 3.627 -3.554 1.067
P586786 3.755 3.623 -3.799 1.229
P586789 3.478 3.537 -3.325 0.906
P586793 3.541 3.523 -3.165 1.041
P586796 3.753 3.685 -3.542 1.064
P586799 3.545 3.578 -2.716 1.310
P586808 3.580 3.442 -3.541 1.295
P586814 3.307 3.314 -3.355 1.305
P586816 3.488 3.373 -3.433 1.427
P586819 3.415 3.472 -2.970 0.847
P586828 3.617 3.656 -3.447 1.153
P586834 3.547 3.394 -3.380 1.337
P586837 3.324 3.269 -3.201 1.247
P586846 3.483 3.448 -3.040 1.448
P586849 3.359 3.362 -2.697 1.075
P586857 3.564 3.616 -3.217 0.448
P586861 3.742 3.742 -3.294 0.778
P586867 3.704 3.668 -3.100 0.974
P586872 3.286 3.346 -2.771 0.985
P586877 3.453 3.465 -3.541 1.357
P586884 3.549 3.628 -2.975 0.869
P586890 3.732 3.783 -3.412 1.105
P586894 3.454 3.342 -2.721 1.016
P586901 3.632 3.651 -3.325 0.667
P586905 3.573 3.425 -3.671 1.713
P586907 3.723 3.625 -3.829 1.821
P586911 3.582 3.609 -3.277 1.267
P586915 3.728 3.693 -3.380 0.840
P586930 3.882 3.610 -3.575 1.645
P586932 3.446 3.473 -2.970 0.970
P586935 3.476 3.402 -3.361 0.928
P586942 3.910 3.846 -3.059 0.398
P586951 3.776 3.729 -3.049 1.318
P586964 3.844 3.873 -3.246 0.629
P586970 3.762 3.536 -3.140 0.922
P586974 3.556 3.548 -2.961 0.703
P586975 3.496 3.516 -2.878 1.172
P586991 3.812 3.758 -3.279 1.198
P586996 3.863 3.679 -3.473 1.563
P587011 3.714 3.797 -2.555 1.671
P587013 3.761 3.720 -3.012 0.746
P587017 3.783 3.725 -3.314 1.704
P587018 3.626 3.640 -3.202 0.696
P587025 3.617 3.557 -3.066 0.828
P587027 3.688 3.627 -3.054 0.565
P587042 3.660 3.639 -2.941 0.987
P587046 3.780 3.578 -3.279 1.933
P587047 3.691 3.652 -2.858 0.457
P587049 3.708 3.634 -3.623 0.900
P587064 3.615 3.463 -3.325 1.778
P587068 3.830 3.584 -3.324 1.581
P587082 3.489 3.517 -3.063 0.594
P587086 3.498 3.491 -3.525 0.802
P587087 3.639 3.596 -3.381 1.760
P587094 3.701 3.478 -3.540 1.598
P587098 3.755 3.745 -3.134 0.664
P587102 3.779 3.715 -3.737 2.104
P587109 3.783 3.584 -3.865 2.124
P587114 3.545 3.539 -3.056 0.199
P587119 3.870 3.647 -3.646 1.643
P587123 3.757 3.720 -2.933 1.079
P587126 3.856 3.678 -3.394 1.584
P587141 3.837 3.878 -2.891 0.864
P587153 3.700 3.644 -3.325 0.641
P587161 3.729 3.618 -3.367 1.146
P587162 3.813 3.805 -2.906 0.608
P587166 3.775 3.731 -3.495 1.019
P587167 3.656 3.484 -3.706 1.642
P587175 3.736 3.628 -3.845 1.015
P587177 3.651 3.619 -3.157 2.527
P587178 3.638 3.451 -3.674 0.871
P587185 3.642 3.606 -2.993 0.773
P587187 3.498 3.473 -3.069 0.675
P587190 3.667 3.612 -3.284 0.754
P587202 3.687 3.655 -3.366 0.418
P587210 3.795 3.764 -3.187 2.693
P587212 3.793 3.669 -3.193 0.844
P587215 3.772 3.750 -3.006 0.822
P587217 3.492 3.419 -3.418 0.911
P587229 3.882 3.884 -2.851 0.170
P587236 3.803 3.795 -3.018 0.806
P587240 3.756 3.779 -3.522 0.665
P587246 3.836 3.878 -3.474 1.702
P587250 3.830 3.798 -3.385 0.500
P587265 3.498 3.572 -2.576 1.373
P587280 3.833 3.623 -3.659 1.299
P587285 3.761 3.744 -3.541 1.337
P587286 3.582 3.471 -3.501 1.151
P587288 3.777 3.713 -3.149 1.158
P587289 3.544 3.522 -3.595 0.926
P587292 3.514 3.280 -3.334 1.730
P587293 3.637 3.477 -3.394 1.430
P587296 3.401 3.420 -3.159 1.129
P587298 3.517 3.504 -3.090 0.806
P587305 3.485 3.377 -3.345 1.214
P587308 3.693 3.693 -3.259 0.537
P587312 3.789 3.609 -3.378 1.465
P587316 3.478 3.419 -3.197 0.587
P587320 3.544 3.362 -3.176 1.075
P587333 3.772 3.820 -3.005 0.830
P587334 3.767 3.727 -3.645 1.072
P587338 3.809 3.707 -3.569 1.828
P587341 3.768 3.733 -4.044 1.420
P587351 3.790 3.730 -3.563 1.007
P587353 3.765 3.696 -3.153 1.872
P587360 3.821 3.625 -3.688 1.235
P587374 3.796 3.711 -3.125 0.980
P587380 3.778 3.699 -3.153 0.886
P587382 3.866 3.805 -3.035 0.404
P587386 3.966 3.697 -3.600 1.551
P587392 3.810 3.766 -3.016 1.023
P587393 3.833 3.733 -2.729 0.504
P587394 3.587 3.566 -3.233 1.161
P587397 3.558 3.583 -3.188 0.977
P587400 3.777 3.807 -3.435 0.488
P587404 3.525 3.537 -3.545 1.443
P587410 3.355 3.308 -2.809 0.571
P587412 3.573 3.573 -3.116 0.587
P587413 3.822 3.795 -2.954 0.890
P587416 3.397 3.282 -3.362 1.535
P587425 3.747 3.747 -3.352 1.001
P587427 3.741 3.611 -3.603 1.205
P587431 3.555 3.617 -3.832 0.908
P587437 3.714 3.691 -3.550 1.507
P587440 3.584 3.472 -3.281 1.152
P587449 3.527 3.534 -3.195 0.694
P587450 3.664 3.637 -3.208 0.586
P587454 3.780 3.712 -3.312 1.440
P587455 3.517 3.607 -3.061 0.806
P587457 3.768 3.777 -2.958 1.043
P587459 3.736 3.766 -3.366 0.988
P587462 3.547 3.482 -3.561 1.801
P587468 3.399 3.426 -2.897 1.244
P587475 3.709 3.608 -3.631 1.643
P587478 3.513 3.526 -2.905 1.118
P587484 3.774 3.818 -3.301 1.223
P587486 3.887 3.877 -3.736 1.012
P587489 3.754 3.748 -3.684 1.176
P587494 3.676 3.734 -3.168 0.669
P587498 3.441 3.384 -3.371 0.967
P587506 3.783 3.798 -3.259 0.547
P587518 3.562 3.504 -3.328 0.926
P587526 3.824 3.735 -3.366 0.922
P587530 3.579 3.520 -3.365 0.962
P587533 3.672 3.594 -3.387 1.070
P587535 3.454 3.449 -3.335 1.339
P587537 3.490 3.545 -3.071 0.681
P587538 3.744 3.775 -3.174 0.514
P587546 3.566 3.579 -3.263 0.558
P587547 3.638 3.492 -3.390 1.860
P587549 3.449 3.393 -3.483 1.437
P587553 3.467 3.399 -3.376 1.052
P587567 3.828 3.757 -3.157 0.604
P587571 3.752 3.747 -3.756 1.023
P587576 3.522 3.467 -3.362 0.903
P587578 3.527 3.419 -3.367 0.945
P587583 3.537 3.472 -3.572 1.368
P587585 3.614 3.596 -3.293 0.472
P587599 3.535 3.565 -2.930 0.793
P587608 3.721 3.678 -3.257 0.484
P587622 3.780 3.706 -3.286 1.494
P587625 3.565 3.472 -3.466 1.094
P587639 3.412 3.505 -3.345 0.705
P587661 3.792 3.673 -3.458 1.082
P587674 3.687 3.738 -3.354 1.032
P587680 3.482 3.521 -3.323 0.674
P587688 3.528 3.359 -3.330 1.171
P587699 3.824 3.831 -3.152 0.635
P587700 3.612 3.671 -3.182 0.882
P587702 3.918 3.778 -3.274 1.357
P587710 3.815 3.814 -3.742 0.819
P587716 3.963 3.973 -3.766 0.877
P587722 3.731 3.674 -3.743 1.193
P587738 3.755 3.712 -3.376 0.885
P587740 3.596 3.497 -3.136 1.097
P587741 3.724 3.782 -3.569 1.028
P587745 4.112 3.900 -3.387 1.123
P587749 3.798 3.703 -3.239 1.086
P587759 3.499 3.593 -2.729 1.613
P587764 3.687 3.668 -3.493 0.785
P587778 3.960 3.916 -3.188 0.713
P587782 3.554 3.580 -3.634 0.957
P587785 3.606 3.520 -3.612 1.316
P587788 3.900 3.890 -3.300 1.026
P587790 3.733 3.709 -3.405 1.088
P587793 3.772 3.691 -3.246 1.019
P587795 3.977 3.909 -3.244 1.018
P587802 3.537 3.400 -3.648 1.756
P587807 3.600 3.622 -3.295 1.222
P587813 3.983 3.937 -3.238 1.013
P587815 3.723 3.723 -3.598 0.804
P587820 3.934 4.016 -3.435 1.113
P587821 3.654 3.735 -2.946 0.739
P587825 3.893 4.019 -3.349 1.036
P587826 3.610 3.643 -3.089 0.564
P587828 3.370 3.357 -2.811 1.060
P587830 3.705 3.708 -3.652 1.386
P587832 3.843 3.764 -3.278 0.957
P587836 3.648 3.658 -3.699 0.935
P587839 3.909 3.978 -3.330 1.011
P587840 3.678 3.582 -3.126 0.735
P587843 3.691 3.681 -3.628 1.571
P587846 3.892 3.874 -3.653 0.998
P587851 3.775 3.699 -3.503 0.628
P587862 3.612 3.397 -3.368 1.576
P587872 3.607 3.729 -2.812 1.717
P587875 3.893 3.993 -3.446 1.120
P587879 3.659 3.591 -2.902 1.149
P587880 3.763 3.771 -3.424 1.167
P587884 3.577 3.702 -3.291 1.066
P587887 3.759 3.711 -3.078 1.442
P587889 3.947 4.033 -3.376 0.992
P587891 3.976 4.007 -3.409 0.520
P587893 3.622 3.496 -3.236 1.267
P587895 3.915 4.041 -3.427 1.161
P587898 3.622 3.565 -3.152 1.539
P587900 3.896 3.923 -3.570 0.527
P587905 3.744 3.525 -3.697 1.710
P587907 3.893 3.744 -3.696 3.406
P587910 3.886 3.886 -3.110 0.657
P587912 3.663 3.519 -3.064 2.066
P587925 3.478 3.507 -2.827 1.132
P587928 3.788 3.769 -3.107 0.890
P587931 3.707 3.614 -3.026 1.299
P587933 3.484 3.412 -3.475 1.379
P587941 3.618 3.579 -3.548 1.045
P587943 3.399 3.414 -2.943 0.751
P587950 3.600 3.632 -2.984 1.056
P587954 3.893 3.935 -3.261 1.378
P587956 3.651 3.627 -3.399 0.676
P587962 3.661 3.654 -2.789 1.545
P587968 3.884 3.901 -3.634 0.995
P587969 3.933 3.831 -3.149 1.143
P587970 3.688 3.620 -3.248 1.239
P587973 3.628 3.676 -3.440 0.668
P587977 3.877 3.958 -3.466 1.062
P587978 3.563 3.552 -2.794 1.461
P587980 3.770 3.741 -2.688 0.513
P587982 3.414 3.354 -3.131 0.710
P587986 3.815 3.849 -3.567 1.271
P587991 3.447 3.499 -2.920 1.626
P587998 3.564 3.554 -2.786 0.970
P588003 3.545 3.434 -3.442 1.164
P588007 3.815 3.757 -3.461 1.284
P588014 3.449 3.471 -2.825 1.165
P588020 3.599 3.650 -3.325 1.137
P588021 3.907 3.888 -3.668 1.430
P588025 3.654 3.630 -2.984 0.707
P588028 3.687 3.688 -3.177 1.429
P588029 3.917 3.856 -3.171 1.018
P588033 3.853 3.918 -3.609 1.480
P588039 3.687 3.620 -2.962 1.536
P588043 3.930 3.774 -3.506 1.922
P588046 3.676 3.640 -3.486 0.760
P588048 3.886 3.876 -3.540 0.736
P588052 3.744 3.780 -3.695 0.916
P588064 3.975 3.726 -3.486 1.129
P588081 3.786 3.575 -3.538 1.227
P588091 3.782 3.678 -3.646 1.073
P588118 3.958 3.910 -3.277 0.545
P588120 3.719 3.792 -3.443 1.277
P588121 3.939 3.911 -2.833 1.166
P588132 3.550 3.375 -3.607 1.215
P588151 3.577 3.586 -2.980 0.696
P588155 3.972 3.865 -3.103 1.570
P588172 3.772 3.566 -3.509 1.492
P588192 3.770 3.562 -3.570 1.650
P588206 3.958 4.036 -3.416 1.233
P588210 3.713 3.699 -2.977 0.486
P588212 3.895 3.851 -3.005 1.077
P588217 3.739 3.721 -2.995 0.605
P588233 3.925 3.913 -3.036 0.642
P588247 4.076 3.953 -2.749 0.248
P588256 3.761 3.740 -3.156 0.505
P588264 3.700 3.695 -3.462 1.091
P588275 3.948 3.922 -3.146 0.732
P588283 3.719 3.714 -3.000 1.042
P588286 3.735 3.768 -3.632 0.744
P588292 3.526 3.484 -3.605 1.335
P588302 3.806 3.724 -3.071 0.767
P588310 3.767 3.743 -3.148 1.156
P588315 4.004 3.889 -3.266 0.821
P588325 3.673 3.643 -3.542 0.990
P588329 3.989 3.763 -3.672 1.598
P588332 3.794 3.602 -3.683 1.456
P588343 3.947 3.877 -3.224 0.658
P588351 3.966 3.834 -3.016 1.268
P588353 3.679 3.585 -3.253 0.962
P588358 3.476 3.387 -3.247 1.025
P588370 3.783 3.596 -3.552 1.461
P588382 3.972 3.779 -3.536 1.473
P588392 3.624 3.558 -3.059 0.994
P588396 3.749 3.756 -3.572 0.708
P588406 3.821 3.627 -3.472 1.353
P588418 3.648 3.728 -3.089 0.926
P588432 3.712 3.725 -3.407 0.493
P588451 3.656 3.661 -2.964 0.767
P588462 3.896 3.668 -3.492 1.675
P588471 3.940 3.827 -3.693 0.918
P588476 3.592 3.533 -3.248 1.029
P588480 3.410 3.451 -3.147 0.768
P588487 3.611 3.658 -3.404 0.951
P588496 3.830 3.738 -3.479 1.084
P588508 3.791 3.708 -3.242 0.936
P588511 4.019 3.956 -3.242 0.919
P588520 3.627 3.498 -3.405 1.084
P588533 3.765 3.773 -3.345 0.431
P588560 3.633 3.549 -3.468 0.872
P588562 3.707 3.799 -3.618 1.063
P588568 3.972 4.086 -3.153 0.888
P588585 3.760 3.635 -3.514 1.079
P588595 3.917 3.808 -3.776 1.289
P588603 3.647 3.633 -3.527 0.971
P588604 3.915 3.945 -3.344 1.404
P588606 3.720 3.567 -3.526 1.511
P588614 3.950 3.990 -3.436 1.129
P588619 3.879 3.944 -3.295 1.089
P588626 3.663 3.680 -2.698 0.914
P588632 3.573 3.515 -2.808 1.865
P588637 3.804 3.787 -3.128 1.141
P588642 3.857 3.738 -3.346 0.807
P588654 4.038 4.046 -3.657 0.603
P588657 3.847 3.758 -3.246 0.943
P588664 3.655 3.581 -3.204 0.618
P588669 3.763 3.821 -2.982 0.733
P588692 3.605 3.564 -2.949 0.577
P588706 3.676 3.558 -3.198 1.322
P588728 3.453 3.465 -3.129 0.647
P588732 3.773 3.651 -3.474 0.787
P588738 3.974 3.872 -3.473 0.779
P588754 3.913 3.809 -3.470 0.604
P588772 3.702 3.620 -3.423 0.561
P588778 3.886 3.808 -3.525 2.162
P588782 3.618 3.579 -2.956 0.765
P588798 3.922 3.754 -3.284 1.165
P588800 3.674 3.670 -2.871 1.220
P588816 3.895 3.825 -3.459 0.462
P588828 4.061 4.121 -3.336 1.263
P588841 3.939 3.695 -3.577 1.869
P588863 3.952 3.863 -3.078 0.914
P588879 4.132 4.206 -2.963 0.628
P588892 3.964 3.860 -3.480 0.642
P588902 3.785 3.661 -3.564 0.748
P588903 4.114 4.040 -3.580 0.995
P588911 3.929 3.830 -3.589 0.995
P588932 3.965 3.926 -2.990 0.859
P588940 3.829 3.613 -3.453 1.748
P588957 4.082 3.891 -3.700 1.096
P588977 3.775 3.727 -3.524 0.773
P588983 4.084 4.100 -3.032 0.816
P589004 3.960 3.942 -2.994 0.910
P589025 3.953 3.912 -3.512 0.741
P589032 3.821 3.725 -3.187 0.995
P589039 3.811 3.699 -3.455 0.661
P589056 3.978 3.865 -3.485 0.782
P589065 4.078 4.124 -3.194 0.729
P589071 3.869 3.844 -3.430 0.866
P589078 4.116 3.987 -3.445 0.633
P589085 3.922 3.889 -3.457 1.487
P589089 4.052 4.131 -3.595 0.911
P589103 4.146 3.963 -3.589 0.847
P589109 3.954 3.871 -3.438 1.448
P589128 3.885 3.822 -3.067 0.592
P589134 3.887 3.865 -3.473 1.399
P589142 4.203 3.998 -3.576 1.052
P589146 3.795 3.777 -3.458 0.794
P589172 3.685 3.523 -3.454 1.148
P589176 4.163 4.136 -2.847 0.976
P589181 3.821 3.841 -3.346 0.734
P589185 4.130 3.950 -3.070 1.393
P589189 3.973 3.915 -3.379 1.243
P589191 3.772 3.722 -3.396 1.429
P589199 3.823 3.796 -3.829 1.182
P589204 4.121 3.846 -3.604 1.087
P589217 3.826 3.864 -2.746 0.868
P589224 3.655 3.585 -3.287 0.856
P589227 3.781 3.758 -3.292 0.761
P589240 4.347 4.069 -3.640 1.188
P589242 4.100 3.912 -3.508 0.792
P589251 3.589 3.549 -3.161 0.687
P589258 3.990 3.806 -3.570 1.141
P589260 4.207 4.004 -3.639 1.178
P589281 3.978 3.952 -2.990 0.908
P589290 4.120 4.016 -3.619 0.907
P589300 4.119 4.086 -3.527 1.111
P589306 3.928 3.842 -3.101 1.558
P589317 3.704 3.643 -2.804 0.769
P589324 3.782 3.784 -2.862 0.848
P589340 3.871 3.904 -3.412 0.815
P589347 3.607 3.579 -3.638 1.039
P589348 3.901 3.779 -3.700 1.370
P589356 3.905 3.870 -3.194 0.678
P589362 4.102 3.967 -3.535 1.236
P589367 3.810 3.781 -3.744 1.275
P589373 3.814 3.795 -2.765 0.857
P589378 3.871 3.737 -3.565 1.475
P589384 3.749 3.678 -3.344 1.301
P589387 3.927 3.844 -3.172 1.097
P589392 4.196 3.975 -3.467 1.057
P589393 3.751 3.693 -3.672 1.713
P589407 4.010 3.751 -3.752 1.515
P589410 3.703 3.622 -3.621 1.453
P589416 3.814 3.902 -3.460 0.995
P589417 3.947 3.860 -3.267 1.049
P589421 4.167 4.087 -3.278 0.879
P589430 4.187 3.961 -3.684 1.321
P589434 3.798 3.784 -3.489 1.577
P589446 3.798 3.824 -3.292 1.303
P589450 3.970 3.953 -2.990 0.783
P589454 3.855 3.834 -3.411 1.666
P589455 3.622 3.565 -3.011 0.942
P589460 3.823 3.783 -3.761 1.300
P589461 3.737 3.710 -2.768 0.651
P589464 3.752 3.742 -3.397 1.043
P589467 3.845 3.794 -3.743 1.284
P589480 3.515 3.555 -3.479 1.148
P589483 3.927 3.983 -3.438 0.894
P589486 3.911 3.881 -3.122 0.943
P589487 3.893 3.937 -3.429 1.180
P589492 3.856 3.855 -3.488 1.152
P589506 3.648 3.568 -2.804 0.804
P589520 3.834 3.715 -3.217 0.555
P589531 3.865 3.827 -3.664 1.029
P589534 4.186 4.191 -3.298 0.747
P589542 3.765 3.660 -3.165 1.059
P589546 3.967 3.980 -3.723 0.979
P589554 3.718 3.701 -3.345 1.142
P589559 3.717 3.718 -3.398 0.890
P589565 3.843 3.849 -3.185 1.042
P589568 3.770 3.750 -3.491 1.317
P589572 4.072 3.912 -3.250 1.159
P589575 3.807 3.800 -3.449 1.010
P589588 3.881 3.861 -3.800 1.361
P589591 3.873 3.924 -3.285 1.252
P589599 3.825 3.852 -3.182 0.965
P589607 3.710 3.662 -2.842 0.818
P589621 3.821 3.789 -3.583 0.999
P589623 3.736 3.734 -3.431 0.991
P589628 3.664 3.557 -3.472 1.151
P589641 3.922 3.729 -3.760 1.190
P589658 4.068 3.876 -3.750 1.182
P589666 3.857 3.912 -3.192 1.121
P589667 3.867 3.732 -3.897 1.808
P589682 3.703 3.667 -3.033 0.833
P589684 3.864 3.827 -3.414 1.115
P589689 3.868 3.926 -3.425 0.891
P589691 3.878 3.825 -3.487 1.413
P589693 3.954 3.902 -2.980 1.046
P589708 4.128 4.011 -3.097 0.951
P589727 3.754 3.770 -3.134 0.688
P589737 3.762 3.707 -3.003 0.770
P589740 4.193 4.175 -3.261 1.326
P589741 3.845 3.812 -3.601 1.957
P589743 4.012 3.993 -3.375 0.379
P589750 3.797 3.796 -3.471 0.893
P589752 3.740 3.675 -3.376 0.628
P589758 3.702 3.836 -3.299 0.754
P589765 3.596 3.553 -3.522 1.161
P589766 3.902 3.873 -3.573 1.927
P589779 3.870 3.823 -3.058 0.711
P589783 3.649 3.615 -3.573 1.222
P589790 3.920 3.793 -3.225 1.008
P589794 3.751 3.690 -3.758 1.006
P589800 3.823 3.951 -3.327 0.802
P589810 3.966 4.062 -3.398 0.778
P589814 3.833 3.844 -3.540 1.776
P589824 3.977 3.980 -3.543 1.485
P589829 4.000 3.995 -3.258 1.343
P589835 4.038 4.079 -3.306 0.564
P589839 4.016 3.967 -3.575 0.937
P589841 3.855 3.812 -3.127 1.085
P589843 3.855 3.716 -2.722 0.878
P589844 3.744 3.470 -2.795 1.094
P589846 3.667 3.303 -2.769 1.789
P589849 3.652 3.314 -2.405 1.188
P589850 3.779 3.785 -2.374 0.056
P589854 3.617 3.419 -2.500 1.086
P589855 3.918 3.795 -2.708 0.859
P589856 3.436 3.228 -2.588 1.903
P589857 3.825 3.693 -2.685 0.816
P589858 3.728 3.530 -3.153 0.773
P589861 3.928 3.866 -2.579 1.263
P589862 3.704 3.687 -2.017 0.540
P589869 3.622 3.452 -3.106 1.466
P589870 3.847 3.705 -2.813 1.181
P589878 3.889 3.452 -2.420 2.334
P589880 3.608 3.241 -2.768 1.994
P589884 3.735 3.696 -2.055 0.122
P589888 3.867 3.345 -3.111 1.739
P589890 3.951 3.860 -2.716 0.354
P589893 3.900 3.654 -2.100 0.800
P589894 3.900 3.866 -2.904 1.758
P589895 3.797 3.555 -3.101 1.359
P589896 4.000 3.883 -2.668 0.544
P589898 3.938 3.802 -2.655 0.718
P589900 3.808 3.735 -1.879 0.480
P589903 3.704 3.266 -2.720 2.211
P589907 4.013 3.960 -2.555 0.979
P589908 3.630 3.577 -2.730 0.911
P589909 3.535 3.306 -2.768 1.696
P589910 3.515 3.589 -3.396 0.584
P589913 3.859 3.429 -2.891 1.858
P589916 3.349 3.146 -3.242 1.625
P589918 3.776 3.428 -2.761 1.522
P589927 3.859 3.429 -2.961 1.820
P589935 4.011 3.787 -2.701 1.272
P589941 4.245 4.219 -2.587 0.638
P589943 3.948 3.994 -2.764 1.010
P589944 3.797 3.377 -2.874 1.898
P589945 4.171 4.089 -2.701 0.994
P589947 4.120 4.151 -3.209 1.547
P589949 4.016 3.777 -2.863 1.681
P589950 4.127 4.159 -2.859 0.909
P589952 3.916 3.425 -3.101 1.923
P589957 4.141 3.844 -2.703 1.439
P589959 3.874 3.696 -2.863 1.345
P589961 4.162 4.051 -2.643 1.303
P589965 4.069 3.645 -2.803 1.439
P589969 3.917 4.005 -2.561 0.624
P589970 4.308 4.321 -2.589 0.941
P589971 3.884 3.832 -2.671 0.889
P589972 4.137 4.018 -2.785 2.063
P589975 3.965 3.825 -3.016 1.337
P589978 3.698 3.720 -2.981 0.969
P589981 4.089 4.034 -4.169 2.827
P589984 4.282 4.146 -2.583 1.518
P589988 3.975 3.899 -2.728 0.960
P589992 3.896 3.808 -2.700 1.061
P589994 4.029 3.838 -3.651 2.391
P589997 4.198 4.079 -4.051 2.703
P589998 3.933 3.738 -2.887 0.945
P589999 3.880 3.592 -4.083 2.603
P590001 3.723 3.415 -3.050 1.821
P590005 4.235 4.163 -3.002 1.092
P590009 4.363 4.132 -4.310 2.549
P590012 4.216 4.072 -2.920 1.017
P590014 3.816 3.598 -3.107 0.769
P590015 4.199 3.869 -2.928 2.225
P590018 4.253 4.036 -2.691 1.121
P590021 4.257 4.100 -2.923 0.741
P590024 4.230 4.151 -4.110 2.606
P590025 4.369 4.269 -3.654 3.538
P590026 4.069 4.011 -2.868 0.764
P590028 3.901 3.833 -2.700 0.835
P590031 3.589 3.589 -3.561 0.875
P590035 3.865 3.878 -2.364 0.074
P590037 4.199 4.234 -2.681 0.748
P590038 4.189 4.155 -2.993 1.332
P590041 4.045 3.958 -2.381 0.367
P590043 4.134 4.060 -3.053 0.994
P590049 3.833 3.823 -2.760 0.555
P590052 4.297 4.146 -2.679 1.115
P590053 3.687 3.466 -2.757 1.698
P590054 4.282 4.411 -2.772 0.712
P590057 3.427 3.217 -2.870 1.642
P590060 4.130 4.137 -2.651 0.527
P590062 3.871 3.564 -2.698 1.358
P590064 4.120 3.996 -2.932 1.140
P590065 3.804 3.531 -2.617 2.060
P590070 4.159 4.093 -3.040 1.135
P590074 3.735 3.621 -3.141 1.544
P590076 3.629 3.451 -3.107 0.645
P590077 3.658 3.527 -2.565 1.832
P590084 4.174 4.078 -3.056 1.932
P590088 4.203 4.093 -2.790 1.247
P590090 3.762 3.693 -2.759 1.636
P590092 3.803 3.844 -2.760 1.852
P590094 4.209 4.235 -2.990 0.864
P590096 3.891 3.957 -2.813 0.952
P590097 4.246 4.104 -4.019 3.061
P590098 4.041 4.018 -3.636 1.373
P590099 3.980 3.715 -2.578 1.971
P590108 4.028 3.511 -3.141 2.749
P590109 4.134 4.082 -2.836 0.731
P590112 3.467 3.464 -3.344 0.768
P590113 3.966 3.486 -3.256 1.648
P590117 4.235 4.062 -2.664 1.046
P590118 4.162 4.046 -3.087 1.753
P590119 4.073 3.879 -3.989 2.889
P590121 4.411 4.355 -2.909 0.785
P590122 3.930 3.520 -3.571 1.797
P590124 4.381 4.289 -2.921 0.608
P590125 3.887 3.717 -2.939 1.112
P590130 4.624 4.532 -2.629 1.097
P590131 4.294 3.776 -3.312 1.516
P590133 4.411 4.021 -2.664 1.549
P590135 4.064 4.210 -2.558 1.337
P590136 4.364 4.128 -2.931 0.728
P590140 4.342 4.203 -3.385 1.512
P590142 3.926 3.690 -3.030 0.727
P590143 4.308 4.287 -2.907 1.227
P590145 4.007 3.945 -3.365 0.416
P590146 4.189 3.942 -2.718 0.962
P590149 4.218 4.170 -2.879 0.435
P590152 4.139 4.087 -2.854 0.611
P590153 4.070 3.897 -2.973 0.611
P590157 4.426 4.102 -2.699 1.392
P590160 4.016 3.873 -2.998 1.024
P590163 4.275 4.128 -3.035 1.255
P590165 4.489 4.394 -2.877 0.994
P590166 4.445 4.363 -4.070 3.091
P590170 4.485 4.297 -2.722 1.149
P590171 4.347 4.303 -3.625 1.341
P590172 4.121 3.926 -3.055 1.297
P590174 4.473 4.310 -2.991 1.249
P590176 3.961 3.792 -2.936 1.974
P590180 4.166 4.085 -2.670 0.509
P590183 4.454 4.209 -2.930 1.008
P590187 4.231 4.025 -3.306 1.835
P590190 3.971 3.792 -2.438 1.565
P590191 4.047 3.925 -2.649 0.787
P590194 4.000 3.915 -2.828 1.444
P590198 3.957 3.886 -2.999 1.696
P590199 3.927 3.706 -3.204 0.898
P590200 4.174 4.169 -2.275 0.162
P590201 3.931 3.988 -2.788 1.137
P590202 3.959 3.798 -2.922 1.889
P590210 3.984 3.903 -2.834 2.059
P590215 4.126 3.841 -2.732 1.030
P590220 3.945 3.690 -2.890 0.789
P590223 4.029 4.056 -2.780 1.260
P590229 4.100 4.122 -2.684 0.756
P590231 4.024 3.815 -3.485 0.987
P590234 4.314 3.774 -3.013 1.561
P590235 3.946 3.895 -2.701 1.162
P590236 3.993 3.929 -2.728 0.979
P590237 4.285 3.759 -3.037 1.593
P590240 4.018 3.910 -4.024 2.502
P590242 3.926 3.930 -2.655 0.560
P590243 3.920 3.846 -3.298 1.498
P590244 4.278 3.714 -3.139 1.705
P590245 4.038 4.019 -2.940 1.157
P590246 3.992 3.868 -3.021 1.862
P590251 4.053 4.057 -2.626 1.437
P590252 4.114 3.762 -2.746 0.713
P590253 4.425 4.175 -2.694 1.357
P590255 3.988 3.843 -2.870 1.456
P590256 4.120 3.949 -2.635 1.168
P590257 3.946 3.835 -2.870 0.877
P590259 4.131 3.885 -4.308 2.695
P590260 4.028 3.839 -2.883 1.021
P590261 4.234 3.989 -3.526 2.937
P590263 4.421 4.365 -2.618 1.131
P590271 4.245 4.094 -2.900 0.712
P590275 4.109 4.011 -2.886 0.830
P590278 4.072 3.862 -3.012 2.122
P590281 3.995 3.916 -2.682 1.879
P590283 4.249 4.111 -2.829 0.832
P590285 4.310 4.066 -3.014 1.514
P590286 4.059 3.992 -3.080 0.924
P590288 3.966 3.890 -2.772 2.039
P590289 4.178 4.297 -2.614 1.202
P590292 4.229 3.861 -2.421 1.911
P590293 4.052 3.798 -3.350 2.148
P590299 4.257 3.968 -3.047 1.542
P590300 4.171 3.675 -3.162 0.555
P590301 4.249 3.999 -2.815 0.850
P590303 4.278 3.975 -2.995 2.160
P590305 4.305 3.909 -3.226 1.731
P590307 4.298 4.153 -2.583 0.851
P590308 4.385 4.030 -3.311 2.028
P590309 4.191 4.181 -3.820 2.361
P590314 4.152 3.960 -2.849 1.371
P590318 3.993 3.798 -4.204 2.472
P590321 4.087 3.897 -2.926 1.691
P590325 4.050 3.911 -2.732 1.351
P590328 4.266 3.889 -3.146 1.367
P590330 4.064 4.072 -2.943 1.146
P590333 4.152 4.151 -3.342 2.350
P590334 4.235 4.161 -4.121 2.777
P590335 3.988 4.105 -3.066 1.608
P590339 4.275 4.016 -3.355 2.704
P590344 4.184 3.976 -3.335 2.792
P590346 4.207 3.964 -3.065 1.821
P590362 4.230 4.071 -2.760 0.701
P590368 3.988 3.820 -3.145 0.716
P590372 4.215 4.097 -2.853 1.605
P590373 3.850 3.620 -2.973 0.817
P590375 4.129 3.832 -3.706 2.972
P590376 4.173 4.049 -3.358 1.229
P590377 4.186 4.273 -2.807 0.676
P590378 4.508 3.996 -3.121 2.000
P590379 3.940 3.747 -2.775 1.042
P590381 3.895 3.685 -2.840 2.035
P590384 4.104 3.974 -3.065 1.952
P590385 4.255 3.998 -2.867 0.846
P590387 4.114 4.091 -2.361 0.075
P590389 4.513 3.768 -3.115 3.202
P590395 4.321 3.509 -3.999 2.940
P590398 4.472 4.005 -3.400 2.855
P590399 4.352 3.875 -3.537 2.220
P590400 4.552 3.939 -3.826 3.999
P590401 4.432 4.088 -2.959 3.558
P590402 4.269 4.218 -1.969 0.494
P590403 4.193 4.183 -2.434 0.872
P590404 4.493 4.133 -2.874 2.214
P590405 4.451 4.027 -3.373 3.065
P590406 4.449 3.970 -4.302 3.388
P590412 4.115 4.059 -3.088 0.973
P590417 4.134 3.913 -4.645 2.951
P590425 4.242 4.181 -2.961 1.629
P590426 3.938 3.764 -3.388 2.338
P590432 4.206 4.067 -4.673 2.855
P590437 4.264 4.026 -3.680 2.945
P590442 4.087 3.801 -4.257 3.631
P590446 4.347 4.198 -3.374 2.079
P590447 3.972 4.095 -3.522 2.576
P590454 4.132 4.043 -3.644 3.052
P590457 4.338 4.211 -2.513 0.857
P590458 4.131 4.141 -3.358 2.551
P590459 4.223 4.185 -2.711 0.874
P590460 4.132 4.164 -3.547 2.162
P590461 4.127 4.058 -3.225 1.695
P590464 4.221 4.065 -3.749 1.471
P590467 4.009 4.045 -2.828 1.124
P590469 4.114 4.057 -3.058 1.795
P590476 4.241 4.177 -2.582 1.067
P590480 4.179 3.904 -3.744 2.928
P590482 4.203 4.258 -3.223 2.335
P590507 4.196 4.276 -3.265 1.475
P590512 4.332 4.209 -3.079 1.931
P590513 4.187 4.168 -3.846 1.802
P590519 4.166 4.351 -4.064 2.603
P590530 4.271 4.401 -3.745 1.304
P590531 4.522 4.275 -3.355 2.417
P590540 4.501 4.368 -2.266 2.244
P590541 4.532 4.444 -1.886 0.563
P590542 4.298 4.177 -3.300 2.117
P590543 4.550 4.250 -3.272 3.946
P590545 4.130 4.080 -3.278 0.772
P590548 4.426 4.160 -2.931 1.393
P590549 4.170 4.168 -2.956 3.125
P590550 4.459 4.629 -2.230 1.884
P590551 4.325 4.203 -2.772 1.086
P590556 4.551 4.441 -1.970 0.558
P590557 4.554 4.090 -3.516 3.888
P590559 4.534 4.039 -3.647 3.454
P590560 4.275 4.296 -2.431 1.136
P590561 4.070 3.912 -3.680 2.409
P590562 4.435 4.256 -3.673 2.260
P590564 4.375 4.188 -3.235 0.992
P590566 4.585 4.125 -3.498 1.213
P590573 4.578 4.289 -2.878 2.451
P590575 4.560 4.359 -2.718 1.041
P590578 4.352 3.992 -2.392 2.483
P590579 4.339 4.019 -4.296 3.737
P590580 4.487 4.390 -1.884 0.645
P590582 4.549 4.291 -3.199 2.173
P590587 4.346 3.962 -3.393 1.456
P590588 4.471 4.488 -3.225 2.181
P590589 4.224 4.217 -2.921 0.752
P590590 4.482 4.235 -2.542 2.766
P590591 4.399 4.378 -2.250 2.882
P590592 4.056 3.840 -3.980 1.687
P590596 4.485 4.388 -2.180 0.622
P590601 4.324 4.087 -2.754 3.159
P590603 4.514 3.745 -3.879 4.411
P590611 4.618 4.295 -3.152 1.582
P590612 4.614 3.947 -3.522 3.903
P590615 4.261 4.207 -2.755 1.528
P590616 4.440 4.219 -2.520 3.441
P590619 4.421 4.107 -3.414 0.747
P590624 4.549 4.462 -2.320 2.182
P590628 4.547 4.465 -1.975 0.661
P590629 4.500 4.261 -3.523 2.988
P590630 4.584 4.309 -4.212 2.793
P590632 4.547 4.178 -3.324 3.161
P590633 4.509 4.309 -3.664 2.152
P590635 3.952 3.950 -3.362 1.862
P590636 4.428 4.135 -3.316 4.648
P590637 4.643 4.577 -2.001 1.557
P590638 4.676 4.489 -3.366 0.896
P590639 4.639 4.273 -3.440 2.979
P590640 4.594 4.518 -2.209 1.418
P590642 4.557 3.969 -3.919 4.230
P590643 4.561 4.496 -1.806 0.708
P590644 4.646 4.550 -2.076 1.779
P590645 4.473 4.225 -2.536 3.982
P590647 4.742 4.293 -3.405 1.227
P590648 4.753 4.669 -1.975 1.133
P590649 4.612 3.985 -3.824 5.159
P590650 4.643 4.416 -3.289 1.189
P590652 4.700 4.144 -2.872 3.365
P590654 4.715 4.401 -3.612 3.278
P590655 4.649 4.226 -3.485 2.605
P590657 4.515 4.042 -3.874 2.612
P590659 4.533 4.113 -3.461 2.582
P590660 4.451 4.310 -2.198 2.087
P590662 4.578 4.401 -2.837 3.621
P590663 4.481 4.342 -3.433 3.526
P590664 4.515 4.059 -3.268 3.531
P590665 4.501 4.171 -4.187 3.380
P590667 4.677 4.005 -3.742 5.081
P590669 4.771 4.424 -2.512 1.274
P590670 4.522 4.223 -3.197 2.553
P590672 4.654 4.548 -1.970 0.796
P590673 4.554 4.553 -2.148 2.409
P590676 4.573 4.324 -3.052 1.995
P590679 4.641 4.530 -1.976 0.652
P590682 4.619 4.390 -2.855 3.511
P590683 4.611 4.373 -2.993 2.888
P590685 4.549 4.083 -3.573 1.222
P590689 4.676 4.374 -4.384 3.066
P590690 4.518 4.426 -2.096 1.771
P590691 4.596 4.594 -2.636 2.406
P590692 4.304 3.952 -3.773 4.005
P590693 3.785 3.962 -3.118 1.521
P590694 3.856 3.545 -2.648 0.769
P590695 3.924 4.052 -3.260 1.571
P590696 3.887 3.762 -2.561 0.897
P590697 6.718 6.490 -9.657 0.746
