name gnina_score gnina_score_min smina_score_min min_rmsd 
P17661 4.881 4.793 -7.840 1.369
P23307 4.836 4.940 -7.767 1.097
P30966 4.662 4.931 -6.119 0.926
P31229 4.363 4.234 -3.743 0.941
P31731 4.768 4.838 -5.710 0.398
P31783 3.013 4.664 -3.500 4.483
P31894 5.048 5.394 -8.045 0.995
P32606 4.272 4.349 -6.226 0.286
P32634 4.328 4.146 -5.215 1.282
P34338 4.063 3.809 -5.264 1.291
P34801 5.007 4.877 -6.779 2.400
P35392 4.665 4.608 -5.956 0.861
P35516 4.910 4.938 -6.824 0.471
P35692 4.907 4.610 -4.107 1.421
P36311 2.620 4.415 45.533 5.143
P37294 4.584 4.314 -4.786 0.709
P38465 4.185 4.215 -5.268 0.706
P41214 5.241 4.977 -6.586 0.874
P41471 5.273 5.397 -7.146 0.920
P42146 3.842 4.083 -4.485 1.230
P44063 4.810 4.260 -5.009 1.068
P44696 4.880 4.269 -4.040 1.423
P44733 5.270 5.211 -6.037 1.196
P44791 5.344 4.885 -4.852 1.487
P47327 5.025 5.238 -5.340 1.406
P48276 3.850 3.992 -4.221 1.146
P48957 4.643 4.509 -5.883 1.654
P50682 3.530 3.603 -3.873 1.031
P51493 4.405 4.039 -3.396 1.049
P52585 4.751 4.645 -4.547 0.936
P54169 4.660 4.549 -5.305 1.148
P54277 3.375 3.420 -3.827 0.687
P54406 3.855 3.971 -5.025 1.574
P55921 4.515 4.556 -5.972 1.274
P56250 3.714 3.900 -5.758 0.683
P56257 4.692 5.019 -6.496 0.778
P56264 4.728 5.036 -6.896 0.723
P57300 4.539 4.429 -5.911 2.088
P58306 4.982 5.015 -5.527 1.083
P59060 4.963 4.779 -5.015 0.930
P60390 4.733 4.797 -3.903 1.012
P60443 3.573 3.434 -3.294 0.909
P60858 4.557 4.608 -5.102 0.885
P60864 4.767 4.760 -5.057 0.791
P60865 4.578 4.874 -4.960 1.178
P60867 4.601 4.662 -5.002 1.392
P60869 4.576 4.743 -4.932 0.733
P60878 4.491 4.922 -5.336 1.209
P60881 4.524 4.572 -4.540 1.244
P60885 4.469 4.470 -4.917 0.998
P60891 4.594 4.620 -5.113 0.741
P61241 4.442 4.391 -5.177 1.080
P64483 4.799 5.012 -5.394 1.214
P65060 4.741 4.854 -5.947 1.021
P65140 4.295 4.365 -5.009 1.416
P65141 4.390 4.178 -5.042 1.686
P65868 4.067 3.931 -3.837 1.636
P65875 4.023 4.051 -4.277 1.368
P65947 4.038 4.348 -5.714 1.458
P66377 4.789 4.917 -5.361 1.192
P68463 5.911 5.821 -6.840 0.747
P68467 6.107 5.932 -6.994 0.756
P68471 6.092 5.786 -7.230 1.101
P68476 6.139 5.773 -7.085 0.921
P68480 5.650 5.320 -7.849 0.840
P68485 6.042 5.904 -9.570 0.478
P68487 5.637 5.221 -7.761 1.380
P68488 6.160 6.007 -7.882 1.310
P68492 6.043 5.865 -7.039 0.656
P68495 5.956 5.236 -8.033 1.229
P68505 5.883 5.680 -9.677 0.328
P68506 5.808 5.501 -8.667 1.373
P68507 6.093 5.628 -9.156 0.425
P68511 5.907 5.591 -7.997 1.526
P68513 6.110 5.628 -7.542 0.824
P68515 5.874 5.639 -7.796 0.410
P68519 6.058 5.422 -9.242 1.102
P68526 6.181 5.780 -7.289 1.107
P68531 5.820 5.457 -9.262 0.698
P68536 6.227 5.533 -7.819 1.463
P68539 5.029 4.536 -5.379 1.880
P68542 5.421 4.863 -5.442 2.500
P68543 5.495 5.202 -5.710 0.467
P68544 5.714 5.934 -6.853 0.845
P68545 5.613 4.963 -6.547 0.956
P68547 5.290 5.199 -5.544 1.700
P68552 5.217 5.296 -5.686 0.419
P68554 4.811 5.113 -5.424 0.751
P68556 5.051 5.228 -6.069 0.783
P68558 4.697 4.976 -4.855 1.217
P68559 5.157 5.184 -5.546 0.811
P68560 4.286 4.534 -4.318 2.986
P68561 4.606 5.085 -4.928 1.533
P68563 4.827 4.743 -5.437 0.855
P68564 5.146 5.044 -5.887 0.827
P68567 5.094 5.206 -5.573 0.817
P68571 5.411 5.435 -5.956 0.945
P68575 5.256 5.278 -6.008 1.032
P68579 5.159 5.182 -6.530 0.949
P68587 4.746 4.638 -4.669 2.057
P68590 5.095 5.184 -5.775 1.528
P68597 4.551 4.272 -4.694 1.570
P68601 5.283 5.374 -5.794 1.191
P68606 5.004 4.959 -6.273 1.237
P68608 5.186 5.095 -5.744 1.541
P68609 5.037 5.294 -5.098 1.240
P68610 5.377 5.575 -5.696 1.569
P68611 5.305 5.327 -5.558 1.124
P68612 5.208 5.230 -5.976 1.166
P68613 5.242 5.334 -5.412 1.433
P68614 5.099 5.200 -5.222 1.123
P68618 5.023 5.500 -5.670 0.963
P68620 5.293 5.164 -5.186 0.990
P68622 5.203 5.206 -6.228 1.315
P68623 5.077 5.227 -5.753 0.874
P68629 4.805 5.182 -5.368 0.697
P68630 4.668 4.327 -4.519 1.875
P68639 5.114 5.106 -5.739 0.452
P68640 5.027 5.108 -5.628 0.692
P68641 4.564 5.224 -5.359 0.943
P68642 4.888 4.804 -4.768 0.890
P68644 5.286 5.011 -5.103 0.727
P68645 5.326 5.388 -5.913 1.187
P68647 5.148 5.228 -5.072 0.585
P68651 5.108 4.926 -5.282 0.579
P68654 5.238 5.024 -6.477 1.297
P68655 5.285 5.096 -5.878 1.181
P68657 5.027 4.835 -5.265 0.951
P68658 5.221 5.253 -6.172 0.754
P68660 5.415 5.470 -6.176 0.912
P68663 5.260 5.061 -5.081 1.312
P68664 5.175 5.248 -6.029 1.143
P68665 5.279 5.272 -5.102 0.601
P68666 5.105 5.216 -5.187 1.076
P68669 5.208 5.282 -5.964 1.022
P68671 5.057 4.858 -5.347 1.069
P68677 4.943 5.112 -5.426 0.586
P68679 5.253 5.460 -5.854 0.855
P68687 5.023 5.142 -5.751 1.248
P68689 4.403 5.152 -5.228 1.449
P68693 5.399 5.435 -6.083 1.146
P68695 5.408 5.377 -5.909 1.115
P68701 5.433 5.485 -6.246 1.075
P68702 5.171 5.079 -6.456 1.146
P68704 5.279 5.418 -6.531 1.060
P68706 4.809 4.709 -4.843 2.453
P68710 5.051 5.312 -5.344 1.031
P68711 5.455 5.587 -5.861 1.286
P68712 5.323 5.325 -5.844 0.937
P68713 5.248 5.298 -6.439 1.379
P68714 5.346 5.337 -5.791 1.066
P68715 4.883 4.618 -4.499 1.512
P68717 5.322 5.384 -5.629 1.265
P68721 5.483 5.523 -6.098 1.106
P68726 5.092 5.028 -5.919 0.270
P68727 4.782 5.180 -5.453 0.566
P68730 5.246 5.275 -6.191 0.881
P68731 5.054 5.064 -5.427 0.589
P68732 4.628 5.062 -5.555 0.824
P68736 4.853 4.926 -5.830 1.055
P68739 5.189 5.277 -6.009 1.209
P68740 4.698 4.580 -4.071 1.715
P68741 4.988 5.356 -5.663 1.167
P68742 5.449 5.504 -5.859 0.966
P68743 5.325 5.294 -5.634 0.465
P68744 5.229 5.177 -6.120 0.775
P68745 5.351 5.376 -5.971 1.031
P68746 4.896 4.653 -4.627 1.504
P68747 5.103 5.154 -5.440 0.578
P68748 4.529 5.021 -5.309 1.444
P68749 5.062 5.209 -5.247 1.033
P68752 5.278 5.360 -6.010 1.186
P68753 5.159 5.218 -6.492 1.150
P68754 5.296 5.345 -5.978 1.086
P68755 4.653 4.544 -4.454 1.844
P68757 5.046 5.118 -5.427 1.663
P68760 5.050 5.083 -6.261 1.210
P68764 5.097 5.062 -5.619 0.713
P68766 4.441 4.939 -4.911 0.957
P68768 5.007 5.061 -5.492 1.596
P68773 5.055 5.039 -5.474 1.222
P68782 5.268 5.435 -6.532 1.075
P68783 5.340 5.438 -7.475 1.097
P68785 5.137 5.060 -6.223 1.105
P68787 5.165 5.022 -6.802 0.656
P68788 4.387 4.590 -5.350 1.690
P68793 4.331 5.065 -5.141 0.772
P68796 5.324 5.486 -7.132 1.263
P68800 5.155 5.121 -6.605 0.742
P68803 4.780 4.871 -4.880 0.548
P68804 5.290 5.330 -6.928 0.545
P68805 5.173 5.069 -6.738 0.598
P68806 4.904 5.006 -5.177 0.622
P68807 5.205 5.100 -6.438 1.219
P68808 5.426 5.483 -6.835 1.194
P68809 5.085 5.056 -5.804 0.133
P68811 4.905 4.824 -5.699 2.666
P68813 5.298 5.316 -6.895 0.479
P68815 4.254 4.749 -5.147 1.790
P68817 5.259 5.135 -6.016 1.165
P68820 5.133 5.221 -7.106 0.714
P68824 3.911 4.670 -5.212 1.707
P68828 5.093 5.067 -6.593 1.157
P68830 4.910 4.901 -6.101 1.227
P68831 3.786 4.692 -5.300 1.999
P68833 5.155 4.964 -6.308 0.755
P68834 5.151 5.075 -6.340 0.806
P68836 4.073 5.029 -5.119 0.980
P68838 5.248 5.510 -6.601 1.621
P68840 5.046 5.090 -6.642 1.250
P68841 5.123 5.170 -6.960 1.493
P68846 4.010 4.773 -5.381 1.857
P68847 3.961 4.484 -5.688 1.804
P68854 4.629 4.452 -5.218 1.416
P68859 4.823 4.605 -4.344 1.534
P68860 4.780 4.598 -4.740 1.786
P68864 4.786 4.677 -4.707 0.843
P68868 4.303 4.785 -5.046 2.073
P68870 5.045 4.804 -4.342 1.670
P68871 4.986 4.917 -4.500 1.478
P68872 4.388 4.902 -4.869 1.304
P68879 4.873 4.726 -6.055 1.257
P68880 4.839 4.610 -6.146 0.886
P68882 5.107 5.189 -5.862 0.732
P68883 5.558 5.630 -5.534 0.856
P68885 5.457 5.228 -6.592 0.969
P68886 5.676 5.596 -6.888 1.207
P68887 5.902 6.062 -8.339 0.610
P68888 5.749 5.902 -8.475 0.887
P68889 5.423 5.692 -8.711 0.762
P68890 5.550 4.574 -5.430 1.396
P68891 5.440 4.879 -5.791 0.914
P68892 5.281 4.661 -5.800 1.945
P68893 5.432 5.188 -6.338 0.870
P68894 5.171 5.130 -7.673 0.912
P68895 5.395 5.036 -5.642 1.987
P68896 4.943 4.727 -4.976 1.050
P68898 4.864 4.792 -4.865 0.450
P68901 5.534 5.120 -6.223 0.597
P68902 5.514 5.230 -6.376 1.266
P68904 5.594 4.915 -6.274 0.955
P68907 5.659 5.314 -6.021 1.397
P68909 5.496 5.174 -6.228 2.225
P68914 5.411 5.326 -6.154 0.370
P68916 5.599 4.727 -6.083 1.632
P68921 4.940 4.833 -6.540 2.051
P68924 5.335 5.054 -6.035 0.785
P68926 5.337 5.497 -6.446 0.643
P68927 5.218 5.053 -6.341 1.179
P68929 5.082 5.074 -6.432 1.992
P68931 5.473 5.328 -5.916 0.744
P68936 5.551 4.925 -5.286 0.910
P68938 5.437 5.095 -5.674 1.040
P68939 5.411 4.868 -6.312 1.400
P68940 5.798 5.614 -5.745 1.367
P68941 5.043 5.182 -5.809 1.258
P68942 6.187 5.433 -7.862 1.084
P68943 4.293 4.102 -4.095 2.702
P68945 4.211 4.060 -3.992 1.297
P68946 4.227 4.474 -4.272 0.895
P68947 4.020 3.940 -3.716 1.641
P68952 4.402 4.230 -4.285 1.977
P68953 4.636 4.406 -4.221 1.740
P68955 4.196 3.926 -3.764 1.524
P68959 4.235 4.163 -3.734 2.016
P68964 4.355 4.382 -4.252 0.934
P68965 4.162 4.346 -4.807 2.666
P68968 4.363 4.159 -3.843 2.133
P68973 4.111 4.285 -3.992 1.276
P68975 3.979 3.849 -4.124 2.816
P68979 4.237 4.057 -4.150 2.862
P68981 4.421 4.542 -4.191 0.782
P68983 4.327 4.185 -4.538 2.679
P68987 4.206 4.279 -3.960 2.484
P68991 4.198 4.135 -4.055 1.332
P68992 4.429 4.386 -3.891 1.697
P68995 3.957 3.996 -3.798 2.102
P69000 4.562 4.537 -4.578 1.204
P69003 4.180 4.122 -4.203 1.833
P69008 4.246 4.335 -4.413 1.079
P69011 4.552 4.287 -3.696 2.050
P69013 4.550 4.708 -4.462 1.281
P69015 4.639 4.429 -4.163 2.417
P69022 4.301 4.197 -3.737 2.111
P69025 4.139 3.866 -4.011 2.061
P69029 4.203 4.236 -4.354 1.198
P69033 4.506 4.533 -3.764 1.909
P69035 4.788 4.743 -4.246 1.014
P69041 4.233 4.259 -4.482 0.922
P69044 4.560 4.652 -3.890 0.939
P69049 4.235 4.008 -4.025 2.119
P69053 4.175 3.951 -4.220 2.601
P69056 4.098 4.261 -4.666 1.178
P69062 4.381 4.346 -3.020 1.310
P69065 4.371 4.404 -4.276 0.938
P69067 4.437 4.493 -4.465 1.213
P69068 4.252 4.537 -4.527 1.282
P69071 4.682 4.316 -4.000 1.087
P69075 4.685 4.745 -4.645 1.141
P69076 4.324 3.995 -4.034 1.773
P69078 4.773 4.635 -4.462 1.146
P69082 4.350 4.190 -4.376 2.120
P69086 4.300 4.555 -4.140 1.147
P69089 4.420 4.157 -4.034 1.934
P69090 4.600 4.511 -4.180 1.047
P69092 4.369 4.092 -4.041 1.625
P69094 4.476 4.327 -3.780 2.118
P69100 4.434 4.541 -4.469 1.468
P69104 4.433 4.593 -4.187 1.113
P69108 4.441 4.265 -3.944 1.280
P69115 4.515 4.403 -4.517 2.473
P69119 4.658 4.803 -4.424 0.911
P69121 4.380 4.262 -3.861 1.327
P69124 4.055 4.422 -4.395 1.121
P69125 4.373 4.173 -4.397 3.009
P69130 4.270 4.386 -4.212 1.387
P69133 4.562 4.478 -3.441 1.324
P69135 4.829 4.814 -4.441 0.830
P69140 4.663 4.855 -4.599 0.961
P69142 4.495 4.494 -4.101 2.481
P69143 4.462 4.645 -4.374 1.048
P69146 4.331 4.161 -3.821 1.937
P69147 4.519 4.448 -3.944 1.237
P69150 4.511 4.607 -3.811 2.105
P69152 4.725 4.744 -4.207 1.297
P69153 4.505 4.239 -4.045 1.895
P69154 4.411 4.242 -4.112 2.626
P69157 4.729 4.365 -4.726 3.098
P69159 4.742 4.811 -4.524 1.581
P69161 4.532 4.312 -4.233 1.785
P69164 4.423 4.424 -3.935 2.113
P69165 4.608 4.682 -4.407 0.992
P69167 4.064 4.083 -4.142 2.869
P69172 4.147 4.396 -4.224 0.773
P69174 4.437 4.343 -3.997 1.046
P69176 4.287 4.266 -4.773 3.111
P69178 4.537 4.610 -4.344 0.921
P69187 4.543 4.613 -4.551 1.001
P69189 4.681 4.457 -4.300 2.545
P69192 4.298 4.162 -4.470 0.930
P69193 4.571 4.435 -4.398 2.127
P69195 4.713 4.890 -4.533 1.457
P69198 4.615 4.790 -4.478 1.065
P69200 4.327 3.991 -4.154 2.281
P69207 4.358 4.466 -4.298 1.122
P69208 4.513 4.270 -3.903 1.640
P69210 4.329 4.176 -4.133 2.225
P69213 4.418 4.154 -4.162 1.661
P69214 4.347 4.104 -4.019 2.402
P69220 4.305 4.506 -4.393 0.983
P69221 4.086 4.043 -3.391 1.225
P69227 3.975 4.122 -4.250 2.956
P69228 4.321 4.356 -3.977 2.542
P69232 4.623 4.718 -4.012 1.315
P69234 4.137 4.043 -3.858 0.969
P69236 4.255 4.366 -4.381 1.075
P69238 4.275 4.081 -4.178 2.546
P69240 4.308 4.208 -4.152 0.615
P69241 4.418 4.558 -4.393 1.292
P69243 4.085 4.116 -4.076 2.516
P69245 4.277 4.212 -3.316 0.998
P69247 4.254 4.336 -4.369 2.273
P69251 4.497 4.568 -3.126 1.418
P69254 4.237 4.256 -3.500 1.103
P69256 4.219 4.214 -3.846 1.989
P69260 4.197 4.413 -3.823 2.053
P69263 4.625 4.542 -4.355 1.886
P69266 4.505 4.185 -4.395 2.972
P69273 4.398 4.116 -4.224 3.179
P69275 4.622 4.553 -4.428 1.782
P69283 4.605 4.626 -4.418 2.141
P69285 4.519 4.540 -3.196 1.492
P69287 4.566 4.683 -3.342 1.729
P69293 4.258 4.424 -5.332 3.751
P69296 4.284 4.154 -4.066 3.136
P69297 4.504 4.622 -3.346 1.893
P69301 4.515 4.518 -4.402 2.639
P69312 4.277 4.288 -4.577 3.924
P69314 4.341 4.366 -4.556 3.933
P69316 4.634 4.619 -4.773 2.752
P69317 4.358 4.481 -3.486 1.769
P69319 4.271 4.282 -3.512 0.868
P69322 4.151 4.225 -3.643 2.381
P69326 4.401 4.357 -3.957 2.456
P69331 4.109 4.193 -4.068 2.286
P69332 4.089 3.946 -4.800 2.774
P69335 4.596 4.572 -4.299 2.290
P69340 4.206 4.509 -2.202 1.286
P69342 4.564 4.489 -4.140 3.469
P69345 4.082 4.170 -3.322 1.726
P69349 4.541 4.240 -3.696 2.023
P69351 4.681 4.416 -3.284 1.654
P69352 4.700 4.477 -4.142 1.785
P69355 4.413 4.135 -3.845 1.475
P69357 4.270 4.225 -4.103 1.433
P69358 4.286 4.444 -4.348 2.219
P69362 4.749 4.463 -3.925 1.558
P69369 4.901 4.596 -3.793 1.702
P69370 4.827 4.580 -4.034 1.451
P69374 4.749 4.769 -4.493 2.342
P69376 4.525 4.169 -3.955 2.013
P69377 4.781 4.424 -4.506 1.898
P69379 4.733 4.541 -3.620 1.751
P69381 4.707 4.618 -4.151 1.262
P69382 4.410 4.392 -4.479 2.285
P69386 4.623 4.754 -3.679 2.164
P69387 4.750 4.755 -3.672 1.929
P69388 4.777 4.671 -4.172 1.313
P69389 4.908 4.748 -4.043 1.600
P69392 4.749 4.446 -4.158 2.604
P69395 4.822 4.759 -4.253 2.004
P69396 4.972 4.703 -4.007 1.744
P69397 4.721 4.792 -3.011 1.186
P69399 4.880 4.662 -4.440 2.027
P69402 4.669 4.239 -3.850 3.326
P69412 4.865 4.651 -3.881 2.835
P69414 4.689 4.397 -3.376 1.446
P69418 4.893 4.708 -4.927 2.466
P69421 4.799 4.381 -3.696 3.555
P69427 4.771 4.680 -3.909 2.044
P69429 4.786 4.618 -4.042 1.123
P69433 4.946 4.702 -4.166 1.132
P69439 4.663 4.288 -3.640 1.166
P69440 4.662 4.877 -4.322 2.281
P69445 4.495 4.202 -4.391 2.068
P69447 4.500 4.705 -4.164 1.573
P69448 4.552 4.312 -3.497 1.530
P69452 4.907 4.833 -4.671 2.135
P69455 4.649 4.592 -3.611 2.401
P69458 4.601 4.711 -3.931 2.166
P69462 4.507 4.607 -4.041 2.039
P69464 4.847 4.671 -3.863 2.325
P69466 5.181 5.240 -5.526 1.127
P69468 5.214 5.173 -5.495 1.570
P69470 5.148 5.283 -5.641 1.601
P69472 5.180 5.201 -5.946 1.345
P69480 5.188 5.168 -6.449 1.762
P69483 5.256 5.175 -5.399 1.715
P69484 5.708 5.759 -5.624 0.944
P69485 5.707 5.851 -6.196 1.213
P69486 5.808 5.769 -5.957 1.371
P69487 5.078 5.195 -5.989 1.419
P69489 5.287 5.168 -5.594 0.588
P69490 5.609 5.780 -6.190 0.972
P69492 5.179 5.356 -6.163 1.107
P69495 5.236 5.307 -5.552 0.834
P69497 5.737 5.801 -6.755 1.613
P69501 5.376 5.423 -5.717 0.880
P69506 5.835 6.122 -6.542 0.772
P69509 6.002 6.238 -6.153 0.807
P69512 5.781 6.102 -6.425 1.590
P69517 6.284 6.732 -5.981 1.169
P69519 4.635 4.736 -5.785 1.209
P69520 4.837 5.097 -5.641 1.070
P69522 4.342 4.292 -5.277 2.190
P69525 4.534 4.289 -6.054 2.786
P69527 4.940 4.884 -4.565 1.643
P69529 4.789 4.535 -4.493 1.699
P69534 4.873 4.706 -5.580 0.797
P69535 4.794 4.771 -5.504 1.952
P69537 4.723 4.685 -5.498 2.458
P69540 4.777 4.874 -4.739 0.449
P69541 5.079 5.090 -6.026 1.123
P69542 5.228 5.289 -5.544 1.385
P69546 4.976 5.320 -5.592 3.636
P69549 4.899 4.779 -5.171 1.348
P69558 5.085 4.796 -4.861 1.255
P69559 4.243 4.275 -4.996 2.659
P69561 4.331 4.080 -3.896 1.856
P69563 4.171 3.895 -4.907 2.162
P69565 4.261 4.316 -4.091 0.912
P69567 4.278 4.353 -3.555 0.736
P69569 4.249 4.258 -5.085 2.344
P69572 4.114 4.110 -5.409 2.370
P69573 3.843 3.797 -3.855 0.763
P69575 4.416 4.362 -4.968 2.662
P69577 4.010 4.058 -3.791 0.801
P69579 4.457 4.421 -3.553 2.040
P69583 4.484 4.279 -4.224 3.028
P69588 4.337 4.148 -4.037 1.071
P69590 4.499 4.425 -5.539 2.339
P69596 4.461 4.374 -4.331 2.004
P69597 4.263 4.380 -4.009 1.075
P69608 3.995 3.847 -4.008 0.849
P69615 4.506 4.509 -4.181 1.902
P69618 4.456 4.350 -4.015 1.529
P69620 4.576 4.616 -4.071 0.881
P69623 4.376 4.081 -4.876 2.265
P69629 4.176 4.061 -4.891 2.356
P69631 4.405 4.170 -4.875 2.384
P69634 4.469 4.495 -4.045 0.859
P69636 4.503 4.431 -5.090 2.479
P69642 4.578 4.359 -4.746 1.897
P69645 4.627 4.642 -3.903 1.014
P69649 4.413 4.282 -3.715 1.041
P69651 4.678 4.518 -3.710 2.125
P69654 4.635 4.635 -5.097 2.442
P69658 4.508 4.660 -5.327 3.996
P69663 4.401 4.425 -3.794 1.189
P69667 4.574 4.528 -3.676 1.713
P69668 4.527 4.359 -4.605 1.008
P69669 4.608 4.557 -4.947 2.553
P69676 4.068 4.098 -3.885 0.896
P69678 4.313 4.086 -5.035 2.259
P69682 4.309 4.412 -3.867 1.163
P69685 4.632 4.786 -3.826 1.825
P69687 4.421 4.037 -5.225 2.442
P69692 4.527 4.504 -4.433 0.946
P69695 4.437 4.351 -3.437 1.745
P69697 4.717 4.513 -4.465 0.878
P69699 4.466 4.286 -5.418 1.179
P69701 4.372 4.169 -5.979 1.222
P69703 4.383 4.381 -5.573 0.853
P69706 4.592 4.564 -6.017 1.880
P69708 4.999 4.760 -6.087 0.826
P69709 4.952 4.947 -6.266 0.366
P69710 5.056 4.911 -5.579 0.402
P69716 4.831 4.599 -5.459 0.379
P69725 4.632 4.663 -6.522 1.315
P69729 5.165 5.002 -6.141 0.741
P69731 5.013 5.007 -6.853 1.118
P69733 5.099 4.900 -6.094 0.717
P69735 4.539 4.608 -6.083 0.464
P69736 4.764 4.638 -5.840 0.266
P69738 4.892 4.997 -6.563 1.003
P69739 4.800 4.677 -5.582 0.364
P69742 5.114 4.931 -6.007 0.650
P69746 4.857 4.982 -6.612 0.885
P69748 4.892 4.883 -6.157 0.843
P69750 4.324 4.294 -6.182 0.473
P69752 4.924 4.774 -5.690 0.712
P69753 4.783 4.664 -5.568 0.432
P69756 5.076 4.964 -5.189 0.542
P69757 4.650 4.623 -6.354 1.148
P69767 4.856 5.052 -6.739 1.216
P69769 5.190 5.086 -5.870 0.388
P69771 4.657 4.418 -6.113 0.587
P69778 4.957 4.708 -6.208 0.589
P69780 4.423 4.485 -6.195 0.373
P69782 4.984 4.929 -5.874 0.623
P69789 5.189 5.144 -5.859 0.614
P69794 4.935 4.974 -6.286 0.961
P69796 4.794 4.600 -5.936 0.220
P69800 4.433 4.346 -6.248 0.500
P69803 4.789 4.668 -6.338 0.500
P69805 5.400 5.107 -4.925 1.076
P69807 5.269 5.155 -6.005 0.673
P69817 5.166 4.998 -5.828 0.500
P69818 5.208 5.116 -5.379 0.445
P69822 5.264 5.258 -6.580 1.007
P69827 4.763 4.731 -6.598 0.748
P69828 4.724 4.742 -6.280 0.356
P69830 5.250 4.902 -6.713 1.302
P69832 5.186 4.988 -6.734 0.844
P69843 5.342 5.193 -6.397 0.678
P69847 4.863 4.864 -6.426 0.710
P69849 5.170 5.073 -5.030 1.035
P69851 5.009 5.006 -5.368 1.296
P69852 5.184 5.097 -6.122 2.378
P69854 5.222 5.419 -5.325 1.741
P69855 5.029 5.041 -6.120 1.427
P69860 5.022 4.609 -5.568 1.622
P69861 4.934 4.555 -5.453 1.306
P69866 4.704 4.555 -6.775 0.627
P69867 5.210 5.132 -6.140 0.655
P69869 4.893 4.598 -6.371 1.294
P69872 5.455 5.340 -7.185 0.706
P69877 4.958 4.798 -5.768 0.251
P69882 5.323 5.038 -5.904 0.551
P69884 5.011 5.077 -6.740 0.996
P69886 4.881 4.982 -7.377 0.997
P69887 4.996 4.781 -6.445 0.613
P69891 4.806 5.009 -7.448 0.833
P69893 5.008 4.773 -7.435 1.259
P69900 5.038 4.902 -5.799 0.528
P69903 5.425 5.216 -5.371 1.341
P69907 5.299 5.220 -6.200 0.761
P69909 5.209 5.232 -6.563 1.936
P69912 5.109 5.246 -7.338 1.156
P69914 5.457 5.196 -6.813 2.493
P69916 5.778 5.380 -5.872 1.260
P69919 5.631 5.234 -6.472 2.608
P69921 5.520 5.033 -6.033 1.040
P69922 5.499 5.418 -6.703 1.515
P69925 5.203 5.001 -6.885 1.063
P69930 5.188 5.118 -6.180 1.319
P69931 5.170 5.073 -6.550 1.269
P69933 5.485 5.448 -7.255 1.894
P69937 5.497 5.283 -4.983 0.675
P69939 5.188 4.746 -6.815 1.442
P69940 5.707 5.585 -4.399 1.132
P69942 4.787 4.831 -7.436 0.209
P69943 5.386 5.428 -7.397 1.080
P69944 5.082 4.843 -6.567 1.407
P69946 5.170 5.045 -6.207 0.886
P69947 5.538 5.347 -6.329 0.932
P69948 5.150 5.233 -7.021 0.521
P69949 5.423 5.749 -7.305 1.539
P69952 4.940 4.610 -7.001 0.827
P69954 4.768 4.857 -5.220 1.833
P69955 5.623 5.158 -6.143 1.003
P69957 5.718 5.077 -6.301 1.242
P69958 5.325 5.224 -6.591 1.830
P69959 5.356 5.142 -6.486 1.048
P69961 5.287 5.130 -6.594 1.067
P69962 5.306 5.288 -6.817 1.423
P69963 5.508 5.324 -6.426 1.023
P69964 5.545 5.035 -6.844 1.807
P69965 5.689 5.503 -6.790 0.941
P69966 5.257 5.500 -6.755 0.693
P69967 5.406 5.213 -7.254 1.756
P69968 5.330 5.419 -6.709 0.986
P69969 5.529 5.338 -6.722 1.756
P69972 5.350 5.240 -6.172 1.673
P69973 5.396 5.433 -7.038 0.900
P69974 5.461 5.264 -6.964 1.195
P69976 5.534 5.600 -6.909 1.426
P69977 5.677 5.370 -6.684 1.308
P69979 5.664 5.211 -6.599 1.694
P69981 5.581 5.312 -5.748 1.718
P69982 5.321 5.527 -7.308 1.181
P69984 5.612 5.621 -6.518 1.979
P69986 5.769 5.550 -7.512 1.420
P69987 5.729 5.500 -6.336 1.352
P69988 5.432 5.321 -5.243 0.880
P69989 5.062 4.961 -6.971 1.387
P69990 5.403 5.229 -5.412 0.981
P69991 5.301 5.158 -5.360 0.867
P69992 5.106 4.878 -4.901 0.759
P69993 5.401 5.311 -5.333 0.688
P69994 5.388 5.555 -6.346 0.969
P69995 5.360 5.235 -6.418 2.090
P69996 5.287 5.409 -6.031 0.965
P69997 5.140 5.228 -6.370 1.242
P69998 5.081 5.106 -6.318 0.646
P69999 5.409 5.379 -5.983 1.374
P70000 5.300 5.152 -5.917 1.350
P70001 5.543 5.453 -5.884 1.291
P70002 5.412 5.245 -5.889 1.600
P70003 5.502 5.429 -5.829 0.869
P70004 5.450 5.311 -6.333 1.952
P70005 5.666 5.650 -6.233 0.759
P70006 5.534 5.476 -6.208 0.614
P70007 5.397 5.417 -6.573 0.878
P70008 5.375 5.277 -6.450 0.750
P70009 5.247 5.145 -5.571 1.178
P70010 5.343 5.362 -5.824 1.382
P70011 5.254 5.168 -5.643 0.926
P70012 5.313 5.255 -6.468 0.580
P70013 5.561 5.272 -5.559 1.594
P70014 5.390 5.480 -6.254 1.440
P70015 5.572 5.551 -6.149 1.971
P70016 5.432 5.311 -6.220 1.162
P70017 5.351 5.264 -6.366 1.630
P70018 5.656 5.466 -5.975 1.068
P70019 5.510 5.396 -6.461 0.673
P70020 5.542 5.448 -5.839 0.457
P70021 5.919 5.687 -5.319 1.425
P70022 5.603 5.554 -6.002 1.920
P70023 5.594 5.563 -6.386 0.795
P70024 5.341 5.255 -6.297 1.173
P70025 5.431 5.422 -5.213 0.842
P70026 5.226 5.204 -5.211 1.296
P70027 5.463 5.358 -5.609 1.363
P70028 5.328 5.350 -5.817 1.172
P70029 5.750 5.603 -6.176 1.008
P70030 5.497 5.375 -6.170 0.717
P70031 5.828 5.827 -6.127 1.231
P70032 5.704 5.549 -6.689 1.580
P70033 5.990 5.833 -5.940 1.885
P70034 5.841 5.698 -5.562 0.759
P70035 5.725 5.589 -6.711 2.203
P70036 5.485 5.416 -5.790 1.171
P70037 5.156 5.152 -6.660 0.987
P70038 5.262 5.293 -6.624 1.159
P70040 5.350 5.475 -6.245 1.364
P70041 5.270 5.525 -7.060 1.495
P70042 5.593 5.545 -6.384 0.728
P70043 5.304 5.377 -6.107 1.266
P70044 5.388 5.451 -6.772 1.073
P70045 5.459 5.549 -6.563 0.775
P70046 5.458 5.410 -6.207 0.843
P70048 5.549 5.702 -6.775 1.557
P70049 5.489 5.569 -6.744 1.103
P70050 5.357 5.395 -7.400 1.872
P70051 5.403 5.122 -6.176 0.494
P70052 5.072 5.006 -5.737 1.282
P70053 5.230 5.191 -3.074 2.392
P70054 5.398 5.302 -5.714 0.963
P70055 5.089 4.931 -4.881 1.865
P70057 5.392 5.075 -6.134 0.854
P70058 5.615 5.486 -6.340 0.946
P70060 5.656 5.365 -6.118 1.356
P70061 5.720 5.591 -5.110 1.562
P70062 5.895 5.726 -5.122 1.502
P70064 5.568 5.438 -6.282 0.801
P70065 5.845 5.362 -5.431 0.981
P70066 5.850 5.592 -5.989 1.204
P70067 5.839 5.268 -5.816 2.404
P70068 5.563 5.544 -6.949 0.846
P70069 6.070 5.904 -5.318 0.684
P70071 5.633 5.589 -6.654 0.719
P70072 5.095 4.882 -4.787 0.703
P70073 5.172 5.158 -6.176 1.465
P70074 5.449 5.020 -6.097 1.071
P70075 5.019 4.790 -7.053 1.134
P70076 5.815 5.246 -7.664 0.660
P70077 5.914 5.686 -5.961 0.947
P70080 5.065 4.849 -5.421 0.800
P70081 5.448 5.137 -6.087 0.981
P70082 5.435 5.225 -5.788 0.696
P70083 5.856 5.510 -6.721 0.477
P70085 5.567 5.497 -6.519 0.907
P70086 5.488 5.065 -6.229 0.734
P70090 5.843 5.276 -5.883 0.989
P70092 5.361 5.512 -6.501 1.101
P70094 5.534 5.295 -5.038 1.438
P70095 5.235 5.115 -6.640 0.876
P70097 5.736 5.581 -5.134 1.055
P70098 5.373 5.387 -6.115 0.858
P70099 6.025 5.490 -5.139 0.591
P70103 5.692 5.761 -6.862 0.646
P70106 5.712 5.380 -5.741 0.506
P70107 5.297 5.342 -6.211 1.594
P70108 5.769 5.209 -6.101 1.264
P70110 5.975 5.589 -6.814 1.716
P70112 5.674 5.379 -6.355 1.378
P70114 6.032 5.646 -6.901 1.178
P70117 5.461 5.443 -6.071 0.748
P70119 5.755 5.586 -5.077 1.214
P70124 6.362 6.117 -5.116 0.728
P70127 5.644 5.578 -5.651 0.472
P70129 6.262 5.720 -7.988 1.678
P70130 5.305 4.757 -5.941 1.232
P70131 5.225 5.253 -7.248 0.424
P70132 5.480 5.376 -6.442 1.493
P70133 5.160 4.988 -6.894 0.569
P70134 5.488 5.398 -7.472 0.992
P70136 6.172 6.160 -8.307 0.287
P70137 6.041 6.073 -7.236 0.871
P70138 5.228 5.387 -6.374 0.732
P70139 5.108 5.146 -6.356 0.871
P70142 5.326 5.015 -6.694 1.324
P70143 5.061 5.197 -5.899 0.550
P70146 5.364 5.410 -6.408 0.603
P70147 5.259 5.167 -6.184 0.817
P70148 5.209 5.198 -6.472 0.943
P70149 5.128 5.128 -6.186 0.919
P70151 5.237 5.037 -6.287 1.823
P70155 5.384 5.342 -6.402 0.580
P70156 5.465 5.509 -6.362 0.638
P70158 5.380 5.190 -6.297 1.619
P70159 5.344 5.393 -5.940 0.970
P70160 5.529 5.418 -6.173 1.431
P70162 5.306 5.126 -6.439 1.666
P70163 5.609 5.704 -5.467 1.124
P70164 5.145 5.135 -6.069 1.089
P70169 5.371 5.176 -6.540 1.886
P70172 5.749 4.898 -5.846 2.095
P70174 5.315 5.288 -6.439 1.178
P70179 5.588 5.267 -5.792 0.549
P70180 5.344 5.344 -6.238 0.502
P70182 5.460 5.232 -5.939 0.645
P70184 5.401 5.213 -6.787 1.987
P70185 5.506 5.256 -5.893 1.332
P70186 5.518 5.473 -6.307 1.070
P70189 5.419 5.539 -6.628 0.746
P70191 5.197 5.103 -6.382 1.078
P70192 5.242 5.341 -6.840 0.673
P70194 5.726 5.460 -6.042 0.614
P70196 5.280 5.110 -5.713 0.671
P70197 5.681 5.421 -6.313 0.934
P70198 6.047 5.385 -5.598 1.459
P70201 5.538 5.330 -6.521 1.453
P70202 5.324 5.477 -6.656 1.055
P70203 5.511 5.420 -5.777 0.657
P70204 5.864 5.426 -5.840 0.911
P70208 5.731 5.668 -6.388 0.446
P70211 6.142 5.725 -6.430 0.800
P70212 6.065 5.943 -6.304 0.476
P70214 6.239 5.944 -6.213 0.684
P70215 5.858 5.687 -5.589 2.619
P70217 5.478 5.970 -6.282 1.581
P70218 5.620 6.344 -6.618 1.119
P70219 6.040 6.152 -6.908 0.884
P70220 5.742 6.138 -6.896 1.501
P70221 5.991 6.461 -7.156 1.345
P70222 5.706 6.332 -6.516 1.632
P70223 5.780 5.961 -6.324 1.262
P70224 5.461 6.015 -6.627 1.220
P70225 5.710 6.336 -6.596 1.549
P70226 5.798 5.927 -6.216 1.368
P70227 5.706 6.337 -6.580 1.608
P70228 5.578 5.773 -6.431 0.895
P70229 5.335 5.812 -6.370 1.317
P70230 5.480 6.174 -6.702 1.193
P70231 5.756 5.920 -6.402 1.571
P70232 5.653 6.108 -6.205 1.842
P70233 5.825 6.491 -6.363 1.675
P70234 5.897 6.389 -6.678 1.911
P70235 5.657 5.958 -5.840 2.068
P70236 5.822 6.312 -6.010 1.989
P70237 5.721 6.373 -6.611 1.623
P70238 5.751 5.779 -6.334 2.334
P70239 5.887 6.388 -6.482 2.083
P70240 5.885 6.062 -6.024 1.465
P70241 5.724 6.363 -6.558 1.327
P70242 5.492 5.752 -7.095 1.146
P70243 5.076 5.755 -7.060 1.284
P70244 5.329 6.122 -7.092 1.240
P70245 5.835 5.958 -6.201 1.318
P70246 5.752 6.396 -6.528 1.255
P70247 5.749 6.376 -6.548 1.054
P70248 5.857 5.962 -6.926 1.007
P70249 5.806 6.341 -7.267 1.230
P70250 5.396 5.676 -6.206 2.060
P70251 5.541 6.158 -6.444 1.777
P70252 5.212 5.747 -6.360 1.269
P70253 5.350 6.090 -6.511 1.513
P70254 5.930 6.349 -6.420 1.707
P70255 5.497 5.652 -6.127 1.254
P70256 5.759 6.261 -7.461 1.151
P70257 5.723 6.021 -6.188 1.517
P70258 5.552 6.046 -6.521 1.291
P70259 5.655 6.299 -6.576 1.280
P70260 5.867 6.139 -6.635 2.331
P70261 5.701 5.812 -6.144 2.131
P70262 5.670 6.054 -6.226 1.523
P70263 5.828 5.985 -6.427 0.868
P70264 5.596 5.975 -6.384 1.672
P70265 5.864 6.384 -6.782 1.189
P70266 5.878 6.502 -6.696 1.406
P70267 5.701 5.806 -6.540 0.788
P70268 5.909 6.431 -6.678 1.549
P70269 5.247 5.813 -7.194 1.258
P70270 5.483 6.155 -7.227 1.208
P70271 5.649 5.991 -6.161 1.682
P70272 5.958 6.123 -6.412 1.365
P70273 5.754 5.863 -6.325 2.526
P70274 5.863 6.243 -6.488 2.376
P70275 5.767 5.974 -6.215 1.472
P70276 6.012 6.496 -6.668 1.656
P70277 5.715 5.722 -6.418 2.499
P70278 5.905 5.934 -6.568 2.474
P70279 6.054 6.346 -6.658 2.386
P70280 5.954 6.137 -6.397 1.159
P70281 5.654 6.115 -6.667 1.290
P70282 5.917 6.510 -6.697 1.462
P70283 5.670 6.322 -6.386 1.653
P70284 5.729 6.148 -6.502 1.826
P70285 5.985 6.489 -6.702 1.714
P70286 5.786 5.973 -5.892 1.619
P70287 5.415 5.953 -6.287 1.360
P70288 5.755 6.340 -6.468 1.186
P70289 5.512 5.747 -6.455 1.960
P70290 5.631 6.263 -6.649 1.462
P70291 6.061 6.543 -6.825 1.987
P70292 5.535 5.755 -6.655 0.977
P70293 5.300 5.757 -6.471 1.338
P70294 5.444 6.131 -6.708 1.121
P70295 5.983 6.458 -6.895 1.929
P70296 5.633 6.072 -6.751 1.151
P70297 5.887 6.404 -6.891 1.089
P70298 5.711 6.189 -6.583 1.183
P70299 5.555 5.731 -6.520 1.073
P70300 5.735 5.930 -6.569 0.913
P70301 5.864 5.720 -6.963 1.795
P70302 5.772 6.393 -6.827 1.429
P70303 5.511 5.896 -6.481 1.484
P70304 5.671 6.017 -6.893 1.817
P70305 5.914 6.330 -6.551 1.655
P70306 5.713 6.098 -6.708 1.169
P70307 6.084 5.847 -6.214 2.040
P70308 5.971 5.774 -6.265 1.861
P70309 6.019 6.361 -6.662 1.988
P70310 5.912 5.892 -6.357 2.453
P70311 6.130 6.402 -6.634 2.261
P70312 5.679 5.893 -7.016 1.011
P70313 5.383 5.908 -7.211 1.314
P70314 5.718 6.260 -7.206 1.340
P70315 5.380 5.935 -7.217 1.113
P70316 5.536 6.309 -7.243 1.001
P70317 5.978 6.047 -5.800 1.901
P70318 5.826 6.062 -6.132 2.626
P70319 6.312 6.274 -6.579 1.300
P70320 5.864 6.024 -6.817 1.608
P70321 5.659 6.175 -6.683 1.414
P70322 5.882 6.486 -6.701 1.489
P70323 5.453 5.859 -6.258 1.143
P70324 5.844 6.408 -6.569 1.776
P70325 5.657 6.070 -6.607 0.922
P70326 5.851 6.393 -6.738 0.965
P70327 5.840 6.008 -6.664 1.117
P70328 5.415 5.933 -7.385 1.202
P70329 6.108 6.055 -6.408 0.955
P70330 5.801 6.038 -6.605 0.952
P70331 5.529 6.068 -6.527 1.092
P70332 5.492 5.857 -7.116 1.736
P70333 5.507 6.196 -7.431 1.299
P70334 5.459 5.861 -6.459 1.575
P70335 5.721 6.270 -6.635 1.534
P70336 5.803 5.993 -6.258 1.009
P70337 5.555 5.985 -6.226 1.472
P70338 5.825 6.373 -6.418 1.326
P70339 5.906 6.156 -6.799 0.985
P70340 5.546 6.178 -7.470 1.141
P70341 5.303 5.806 -6.473 0.982
P70342 5.828 6.365 -6.856 1.263
P70343 5.485 5.950 -6.538 1.412
P70344 5.690 6.388 -6.846 1.178
P70345 5.509 6.024 -6.933 1.369
P70346 5.971 6.374 -6.241 1.069
P70347 5.685 6.102 -6.236 0.981
P70348 6.121 6.169 -6.261 0.683
P70349 5.723 5.979 -6.371 1.332
P70350 5.651 5.947 -6.968 1.692
P70351 5.476 5.683 -6.796 1.926
P70352 5.634 5.539 -6.838 1.469
P70353 5.464 5.968 -6.431 1.545
P70354 5.883 6.220 -6.319 2.162
P70355 6.163 6.214 -6.033 1.644
P70356 5.846 6.305 -6.314 1.148
P70357 5.635 6.043 -6.297 0.997
P70358 5.918 6.122 -6.113 1.450
P70359 5.856 6.308 -6.715 1.055
P70360 5.997 5.897 -6.940 1.062
P70361 6.031 6.087 -6.858 1.056
P70362 5.677 6.181 -7.165 0.630
P70363 6.143 6.198 -6.900 0.523
P70364 5.589 5.991 -6.376 1.440
P70365 5.851 6.201 -6.546 1.729
P70366 5.940 6.269 -7.093 1.392
P70367 6.149 6.387 -6.886 2.132
P70368 5.888 5.885 -6.579 2.483
P70369 5.888 6.445 -6.420 1.700
P70370 5.607 6.097 -6.591 1.680
P70371 6.042 6.081 -6.615 1.339
P70372 5.938 6.032 -6.100 1.226
P70373 5.286 5.799 -6.914 1.278
P70374 6.117 6.574 -6.963 1.183
P70375 5.930 6.174 -6.376 1.177
P70376 6.139 6.226 -5.847 1.684
P70377 5.564 5.620 -6.001 2.664
P70378 6.020 6.567 -6.775 1.617
P70379 6.147 6.201 -6.280 1.358
P70380 6.278 6.363 -6.660 1.062
P70381 6.127 6.271 -6.705 1.351
P70382 6.074 6.411 -6.637 1.899
P70383 6.010 6.176 -6.389 2.157
P70384 6.274 6.588 -6.573 1.865
P70385 5.942 6.145 -6.721 1.435
P70386 5.903 6.425 -7.214 0.636
P70387 5.802 5.913 -6.934 1.539
P70388 5.958 6.183 -6.979 1.575
P70389 5.883 6.386 -7.246 0.695
P70390 6.025 6.695 -7.484 0.706
P70391 6.135 6.202 -6.486 2.588
P70392 6.271 6.330 -6.371 3.014
P70393 6.239 6.197 -6.450 1.888
P70394 6.232 6.437 -6.708 2.375
P70395 6.117 6.261 -6.441 1.829
P70396 6.281 6.486 -6.485 2.214
P70397 6.074 6.321 -6.587 1.673
P70398 6.260 6.465 -6.587 1.489
P70399 6.274 6.590 -6.706 1.213
P70400 6.245 6.307 -6.393 0.905
P70401 6.167 6.520 -6.480 0.973
P70402 5.888 5.828 -6.296 2.524
P70403 6.114 6.219 -5.481 1.220
P70404 6.123 6.524 -6.649 2.004
P70405 5.805 6.242 -6.722 1.695
P70406 6.087 6.192 -6.542 1.641
P70407 6.077 6.512 -6.804 0.473
P70408 6.355 6.816 -6.771 1.674
P70409 6.194 6.422 -6.507 2.013
P70410 6.166 6.608 -7.075 0.871
P70411 6.090 6.577 -7.282 0.408
P70412 6.143 6.695 -6.981 1.006
P70413 5.962 6.082 -6.185 2.291
P70414 5.983 6.446 -6.721 0.840
P70415 5.753 6.150 -6.433 1.306
P70416 6.111 6.488 -7.288 0.698
P70417 5.913 6.267 -7.191 0.672
P70418 5.655 6.276 -6.581 1.298
P70419 6.096 6.353 -6.782 0.938
P70420 6.356 6.443 -7.001 0.595
P70421 5.987 6.338 -6.878 0.706
P70422 6.499 6.497 -6.147 0.892
P70423 5.939 6.318 -5.239 1.128
P70424 6.194 6.585 -6.698 1.813
P70425 5.881 6.356 -6.674 2.281
P70426 6.173 6.358 -6.467 1.407
P70427 6.389 6.741 -6.655 1.903
P70428 6.206 6.258 -6.630 2.247
P70429 6.299 6.319 -6.519 2.034
P70431 6.421 6.725 -7.078 0.867
P70433 6.130 6.434 -7.278 0.653
P70434 4.814 4.814 -5.747 1.833
P70439 5.677 5.563 -7.354 1.555
P70441 4.875 4.789 -5.928 0.516
P70442 5.000 4.706 -5.253 1.049
P70453 5.117 5.053 -4.939 0.851
P70456 5.221 5.044 -4.767 0.795
P70458 5.295 4.860 -5.494 2.507
P70459 4.979 4.845 -3.688 1.477
P70460 5.626 5.141 -6.292 1.333
P70463 5.570 5.593 -5.669 0.372
P70465 5.017 5.005 -4.125 0.163
P70467 5.158 4.985 -6.149 0.978
P70469 5.276 4.899 -6.776 2.548
P70470 5.359 5.152 -6.594 1.736
P70473 5.422 4.842 -6.436 2.263
P70474 5.108 4.995 -6.291 2.037
P70475 5.144 4.710 -6.652 2.733
P70476 5.177 4.558 -6.351 2.148
P70481 5.120 5.291 -5.663 1.246
P70483 4.976 4.751 -5.979 1.038
P70486 5.428 5.227 -6.441 1.646
P70489 5.388 4.798 -5.893 1.759
P70491 5.465 5.134 -6.358 1.594
P70493 5.279 5.016 -6.372 1.986
P70494 5.316 5.209 -6.797 2.165
P70496 5.420 5.151 -6.534 1.922
P70500 5.336 5.100 -5.583 2.114
P70501 5.278 5.051 -5.430 1.309
P70503 5.554 5.190 -6.689 2.620
P70506 5.389 5.107 -4.949 1.118
P70507 5.160 4.778 -5.489 1.042
P70508 5.225 5.260 -6.774 1.657
P70509 5.321 5.103 -5.043 0.706
P70514 5.304 5.198 -6.079 2.059
P70516 5.569 5.231 -6.028 2.258
P70518 5.659 5.295 -6.339 2.475
P70519 5.483 5.239 -5.564 1.723
P70520 5.277 5.194 -6.018 1.972
P70521 5.646 5.291 -6.801 2.362
P70524 5.633 5.458 -5.405 0.695
P70526 5.580 5.386 -7.943 2.633
P70528 5.530 5.000 -5.734 1.702
P70529 5.242 5.079 -6.188 1.990
P70532 5.535 5.138 -7.371 1.785
P70535 5.469 5.064 -6.913 2.604
P70538 5.294 4.897 -5.959 1.861
P70541 5.494 5.412 -6.043 2.261
P70542 5.346 5.150 -6.873 2.340
P70543 5.664 5.256 -6.097 1.855
P70545 5.424 5.276 -6.054 1.218
P70546 5.600 5.403 -6.402 1.222
P70547 5.793 5.296 -5.437 1.640
P70550 5.758 5.373 -6.577 0.778
P70551 5.365 5.262 -7.328 1.952
P70552 5.694 5.351 -7.795 2.393
P70553 6.010 5.659 -6.545 1.367
P70554 5.605 5.574 -4.334 2.919
P70555 5.841 5.450 -5.083 3.647
P70558 5.764 5.382 -5.009 1.745
P70560 4.834 4.657 -5.152 0.618
P70568 5.144 4.841 -5.002 1.496
P70570 4.431 4.788 -6.529 1.407
P70571 4.272 4.379 -6.335 1.460
P70572 4.395 4.372 -5.730 0.781
P70573 4.224 4.535 -6.702 1.527
P70574 4.445 4.592 -6.727 1.368
P70575 4.794 5.227 -6.714 1.376
P70576 4.722 4.548 -5.473 0.618
P70577 4.270 4.383 -6.912 1.418
P70579 4.937 5.372 -7.184 1.299
P70580 4.256 4.458 -6.893 1.566
P70581 4.491 4.444 -6.812 1.147
P70583 4.366 4.333 -6.936 0.673
P70585 4.268 4.390 -6.805 1.005
P70586 4.057 4.391 -7.207 1.145
P70587 4.039 4.311 -7.082 1.229
P70588 4.409 4.720 -6.543 1.296
P70589 5.504 5.188 -7.723 0.994
P70590 5.462 5.271 -7.780 0.890
P70591 5.515 5.095 -7.571 0.980
P70595 5.544 5.298 -8.007 0.850
P70596 5.562 5.140 -7.878 0.969
P70597 5.571 5.168 -7.956 0.942
P70601 5.362 5.466 -7.583 0.870
P70602 5.695 5.624 -7.684 0.727
P70603 5.614 5.398 -7.229 0.638
P70605 5.732 5.810 -9.726 0.361
P70606 5.757 5.749 -9.334 0.636
P70608 5.990 5.884 -9.381 0.621
P70617 6.161 6.181 -9.219 0.475
P70618 6.254 6.062 -9.317 1.155
P70619 6.172 6.075 -10.327 1.074
P70623 6.189 6.094 -9.765 0.791
P70628 4.760 4.621 -3.511 0.944
P70629 4.961 4.500 -4.292 1.487
P70631 5.092 4.788 -4.024 1.266
P70632 4.512 4.288 -5.721 0.508
P70635 4.911 4.833 -6.030 1.061
P70637 4.724 4.686 -4.993 1.222
P70639 4.864 4.760 -5.660 0.662
P70641 5.072 4.870 -3.773 0.684
P70642 5.211 4.497 -4.349 1.803
P70644 4.586 4.312 -5.205 0.610
P70645 5.026 4.950 -5.153 0.646
P70647 4.768 4.627 -5.650 1.123
P70649 5.259 5.062 -5.948 1.115
P70651 5.053 4.645 -5.421 0.780
P70652 5.147 4.515 -5.824 1.215
P70653 5.217 5.362 -5.539 1.934
P70654 4.924 4.746 -6.265 2.473
P70659 5.542 5.508 -5.771 0.304
P70674 5.728 5.263 -6.142 0.852
P70682 5.536 5.524 -5.840 0.343
P70698 5.346 4.973 -5.451 1.184
P70702 5.244 4.712 -5.917 1.168
P70705 5.307 4.894 -5.708 1.469
P70708 5.357 5.306 -6.206 0.445
P70712 5.077 5.142 -6.245 2.037
P70716 5.115 4.712 -5.305 0.885
P70717 5.403 5.363 -5.840 1.101
P70718 5.187 4.778 -4.460 1.454
P70720 5.079 5.137 -5.611 0.945
P70721 4.938 4.675 -5.466 0.678
P70722 5.311 5.173 -5.354 0.412
P70723 5.127 4.493 -5.060 1.168
P70724 4.866 4.766 -5.291 2.865
P70728 5.337 5.118 -5.298 1.499
P70733 5.721 5.439 -4.534 1.052
P70735 5.254 5.143 -5.853 1.031
P70737 5.766 4.844 -4.911 1.229
P70738 4.993 5.125 -6.646 2.169
P70741 4.919 4.758 -5.208 0.903
P70742 5.451 5.346 -5.358 0.593
P70743 5.789 5.495 -6.666 0.408
P70744 5.907 5.634 -6.230 1.673
P70745 5.552 5.293 -5.193 0.869
P70747 5.177 5.027 -6.033 0.842
P70749 6.064 5.826 -6.811 0.931
P70750 5.659 5.102 -4.622 1.386
P70751 5.430 5.130 -5.937 0.670
P70752 5.475 5.327 -5.697 1.308
P70753 5.535 5.060 -5.474 1.170
P70755 5.928 5.428 -5.740 0.803
P70757 5.123 4.796 -5.479 0.635
P70759 4.966 4.976 -5.433 3.763
P70760 5.178 4.670 -5.933 2.148
P70761 5.103 4.947 -5.807 2.156
P70762 5.072 5.014 -4.989 1.852
P70763 5.378 5.082 -4.947 1.830
P70764 4.874 4.816 -6.006 2.218
P70765 5.240 5.120 -4.907 1.581
P70766 4.985 4.829 -5.818 2.654
P70767 5.082 4.850 -4.641 3.186
P70768 5.090 5.023 -5.207 2.981
P70770 4.799 5.383 -5.679 1.904
P70771 5.069 4.954 -5.493 1.704
P70772 5.266 5.170 -5.234 2.088
P70773 4.569 5.156 -5.227 3.618
P70775 5.003 4.979 -6.161 1.999
P70776 5.118 5.170 -4.805 2.052
P70777 5.356 5.223 -5.292 2.205
P70778 5.483 5.496 -4.731 1.629
P70779 5.474 5.138 -4.602 1.695
P70780 5.429 5.130 -4.946 1.617
P70781 5.860 5.641 -5.883 1.928
P70782 6.440 6.231 -4.819 0.734
P70783 4.997 5.086 -6.494 0.557
P70784 6.282 5.849 -6.153 1.056
P70785 5.479 5.823 -5.744 0.840
P70786 5.763 5.555 -5.797 0.807
P70787 5.405 5.084 -6.765 0.552
P70789 5.654 5.720 -4.768 0.423
P70793 5.566 5.755 -5.011 2.392
P70794 5.110 5.388 -6.960 0.742
P70795 5.739 5.554 -5.830 0.815
P70801 5.927 5.523 -5.880 0.949
P70802 6.210 5.936 -5.174 1.629
P70803 4.988 4.564 -4.763 0.466
P70804 5.408 5.291 -6.785 1.058
P70805 5.382 4.938 -5.539 0.819
P70806 5.287 4.937 -6.408 1.523
P70807 5.264 4.959 -5.363 2.457
P70808 5.071 4.555 -4.760 0.797
P70809 5.492 5.179 -5.469 0.693
P70811 5.398 5.184 -6.453 0.525
P70816 3.773 3.794 -4.238 0.969
P70817 3.742 4.032 -4.133 0.892
P70818 3.878 4.157 -5.049 1.216
P70822 3.449 3.461 -3.692 0.612
P70826 3.479 3.599 -3.937 0.443
P70829 3.557 4.145 -4.260 2.747
P70831 3.621 3.797 -4.517 0.676
P70832 3.805 3.869 -4.307 0.433
P70834 3.698 4.077 -4.531 2.487
P70836 3.807 4.091 -4.847 2.599
P70845 3.385 3.357 -3.592 0.447
P70847 3.586 3.674 -4.101 0.406
P70852 3.438 3.783 -4.066 2.259
P70854 3.828 3.911 -4.418 0.789
P70856 3.670 3.682 -3.916 0.771
P70858 3.504 3.524 -4.378 0.923
P70860 3.506 3.830 -4.238 1.823
P70868 3.870 4.030 -4.283 0.601
P70870 3.806 3.721 -3.928 1.021
P70874 3.606 3.629 -3.801 0.783
P70878 3.597 3.836 -4.668 1.378
P70881 3.611 3.939 -4.852 2.487
P70882 3.847 3.864 -4.569 0.447
P70883 3.492 3.539 -4.440 0.324
P70885 3.855 4.044 -4.784 2.657
P70889 3.614 3.956 -4.714 3.906
P70890 3.786 3.861 -4.265 0.548
P70893 3.529 3.868 -4.843 1.616
P70895 3.698 4.148 -4.611 2.390
P70900 3.557 3.569 -4.132 0.425
P70902 3.924 3.975 -4.331 0.479
P70904 3.719 4.146 -4.290 2.594
P70911 3.683 3.831 -4.233 0.617
P70913 3.569 3.799 -4.676 1.817
P70914 3.638 3.618 -3.504 0.909
P70920 3.752 3.822 -4.146 0.498
P70922 3.589 3.679 -4.740 0.704
P70923 3.582 3.470 -4.276 0.893
P70926 3.483 3.425 -4.828 1.256
P70927 3.854 4.214 -4.786 1.529
P70930 3.720 3.796 -4.166 1.199
P70931 3.733 3.967 -4.630 0.613
P70932 3.587 3.817 -4.875 1.882
P70938 3.559 3.556 -3.466 1.280
P70940 3.462 3.549 -4.574 0.504
P70941 3.536 3.982 -4.372 2.297
P70942 3.720 3.844 -4.712 0.727
P70944 3.448 3.454 -4.777 0.765
P70945 3.624 3.629 -4.124 0.434
P70948 3.458 3.737 -4.715 1.844
P70951 3.799 4.078 -4.427 1.423
P70955 3.446 3.556 -4.201 0.378
P70958 3.426 3.495 -3.981 1.383
P70959 3.668 3.790 -4.104 0.397
P70966 3.482 3.751 -4.679 1.508
P70968 3.627 3.725 -4.084 0.992
P70973 3.478 3.577 -4.197 0.330
P70976 3.477 3.521 -3.891 0.511
P70978 3.802 4.158 -4.849 1.356
P70979 3.540 3.744 -4.299 0.681
P70981 3.633 3.476 -3.617 0.648
P70984 3.700 3.868 -4.379 1.058
P70989 3.597 3.662 -4.614 0.737
P70993 3.589 3.532 -3.358 0.705
P70996 3.863 3.879 -3.226 0.143
P70998 4.007 4.067 -4.834 0.634
P71000 3.892 3.937 -4.204 1.414
P71001 3.897 3.834 -3.984 0.871
P71005 3.619 3.618 -4.322 0.741
P71008 3.586 3.625 -3.944 0.681
P71021 3.802 3.610 -3.580 0.964
P71023 3.975 4.084 -4.492 0.738
P71030 3.874 3.814 -3.935 1.026
P71032 3.978 4.192 -4.818 1.176
P71034 3.573 4.129 -4.191 2.891
P71037 4.016 4.151 -4.765 0.421
P71046 3.772 3.842 -3.776 0.615
P71048 3.650 3.613 -4.725 0.946
P71049 3.877 3.784 -3.375 0.664
P71054 3.909 3.974 -4.202 1.333
P71055 3.894 3.752 -3.937 0.747
P71057 4.125 4.336 -5.050 0.977
P71060 4.093 3.905 -3.702 0.493
P71062 4.075 4.193 -4.903 0.516
P71065 3.750 4.032 -4.393 0.789
P71066 3.796 3.642 -3.788 0.559
P71074 3.779 3.902 -4.562 1.108
P71080 4.231 4.127 -4.047 1.801
P71082 3.615 3.690 -4.191 0.963
P71085 3.788 3.988 -3.943 0.458
P71088 3.631 4.033 -4.615 1.706
P71090 3.724 4.281 -4.251 2.698
P71092 3.920 4.102 -4.414 0.984
P71094 3.751 3.779 -3.872 0.780
P71097 4.106 4.155 -4.693 0.403
P71099 3.838 3.867 -3.871 0.480
P71101 3.891 3.917 -4.080 0.654
P71104 3.929 4.139 -4.927 1.475
P71106 3.525 4.058 -4.111 2.869
P71107 4.022 4.025 -3.762 0.597
P71109 4.023 4.113 -4.802 0.470
P71118 3.729 3.787 -3.979 0.980
P71119 3.621 3.653 -4.647 0.419
P71122 3.684 3.741 -4.476 1.156
P71125 4.013 4.450 -4.763 1.486
P71128 3.863 4.242 -4.486 2.278
P71134 3.944 3.913 -4.235 1.130
P71142 3.699 3.758 -4.783 0.536
P71143 4.013 4.088 -4.951 0.585
P71145 3.839 3.865 -4.372 0.579
P71146 3.958 3.997 -4.632 0.865
P71147 4.046 4.225 -4.462 0.672
P71151 4.034 4.300 -4.837 1.625
P71155 3.892 4.336 -4.902 2.223
P71158 3.660 3.694 -4.228 1.277
P71176 3.780 4.356 -4.886 2.203
P71177 4.157 3.986 -3.841 1.698
P71181 3.606 3.609 -4.791 0.517
P71182 3.964 4.255 -4.926 1.106
P71184 4.017 4.018 -3.975 0.382
P71185 3.982 4.153 -5.135 0.606
P71186 3.725 3.887 -4.709 0.594
P71189 3.633 3.622 -3.194 0.654
P71190 3.570 3.576 -4.180 0.431
P71192 3.597 4.074 -4.286 2.439
P71193 3.879 4.279 -4.422 2.320
P71195 3.809 3.857 -3.955 0.457
P71198 3.896 3.927 -4.988 0.569
P71200 3.838 3.766 -4.365 0.599
P71201 3.883 3.832 -4.415 0.447
P71202 3.976 4.095 -4.508 0.705
P71204 3.664 3.645 -4.395 0.358
P71205 3.682 3.617 -4.229 0.599
P71207 3.922 4.076 -4.621 0.643
P71209 3.597 3.668 -4.544 0.503
P71211 3.715 3.932 -4.337 0.508
P71212 3.549 3.969 -4.809 1.748
P71213 3.695 3.539 -4.226 0.652
P71216 3.744 4.158 -4.546 2.020
P71218 3.749 3.921 -4.025 0.987
P71219 4.081 4.162 -4.643 0.347
P71230 3.991 3.960 -3.865 1.174
P71232 3.997 4.172 -4.965 0.675
P71236 3.756 3.812 -3.628 0.771
P71237 3.821 3.834 -4.116 0.939
P71241 3.784 3.834 -4.394 0.321
P71243 3.905 4.125 -4.648 3.215
P71248 4.080 4.149 -4.770 2.829
P71252 3.860 3.970 -4.296 0.390
P71259 3.758 3.856 -3.429 0.646
P71262 3.771 3.854 -4.390 0.379
P71267 3.860 3.985 -3.631 0.779
P71268 4.139 4.206 -4.637 0.351
P71271 3.875 3.977 -4.267 1.031
P71275 4.019 4.227 -4.831 1.300
P71277 3.655 4.199 -4.162 2.604
P71280 4.046 4.163 -4.809 0.440
P71283 3.799 3.783 -3.902 0.830
P71286 3.897 3.966 -4.413 0.484
P71287 3.618 3.998 -4.987 1.240
P71289 3.954 4.260 -4.897 1.404
P71292 3.677 3.572 -3.534 0.505
P71295 3.785 3.915 -4.242 0.452
P71296 3.654 3.565 -4.040 1.617
P71297 3.854 4.192 -4.644 2.137
P71298 3.812 3.835 -4.502 0.862
P71300 3.666 4.096 -4.664 2.401
P71303 3.758 4.350 -4.190 2.699
P71304 4.075 4.145 -4.637 0.320
P71310 4.100 4.394 -5.143 1.095
P71314 3.998 3.939 -3.574 0.557
P71318 3.818 4.048 -4.434 0.715
P71320 3.791 3.646 -3.707 0.621
P71326 3.631 3.633 -4.468 0.571
P71327 3.628 3.459 -4.496 0.680
P71331 3.575 3.504 -3.750 0.639
P71333 3.866 4.171 -4.649 2.107
P71335 3.919 3.879 -4.103 0.864
P71337 3.652 3.844 -4.213 2.296
P71338 3.859 3.832 -3.803 0.791
P71340 3.960 3.975 -3.396 0.121
P71342 4.256 4.162 -4.149 1.707
P71343 4.075 4.164 -4.907 1.049
P71344 3.705 4.023 -5.253 1.896
P71345 3.925 4.011 -4.227 0.576
P71348 3.744 3.771 -3.943 0.986
P71349 3.545 3.680 -4.139 0.389
P71354 3.709 3.933 -4.127 1.046
P71359 3.756 3.844 -4.618 0.448
P71360 4.095 4.148 -4.986 0.262
P71362 3.867 3.893 -4.287 0.433
P71363 4.023 4.258 -5.159 1.013
P71364 4.023 3.993 -3.909 0.507
P71365 4.031 4.162 -5.147 0.485
P71367 3.769 3.783 -4.138 0.609
P71371 3.603 4.160 -4.870 2.215
P71373 3.516 3.761 -4.383 1.210
P71380 3.500 3.781 -4.965 1.116
P71384 3.559 3.611 -4.527 0.519
P71385 3.613 3.630 -3.434 0.843
P71386 3.696 3.905 -4.436 0.659
P71388 3.715 3.735 -3.381 1.170
P71389 3.904 4.065 -4.627 0.645
P71390 4.035 4.080 -4.969 2.886
P71397 3.655 3.614 -3.454 0.669
P71400 3.841 4.457 -4.258 2.710
P71401 4.140 4.179 -4.649 0.325
P71404 4.015 4.016 -4.174 1.464
P71414 4.064 4.156 -4.956 1.071
P71416 3.880 4.003 -4.351 0.660
P71421 4.050 4.071 -3.402 0.121
P71423 3.612 4.101 -4.148 2.848
P71425 4.049 4.054 -4.003 0.645
P71427 4.029 4.117 -4.909 1.273
P71429 3.812 3.907 -4.391 0.963
P71433 3.731 3.791 -4.057 0.711
P71441 3.635 3.652 -3.183 0.143
P71445 4.071 4.083 -4.833 0.757
P71447 3.893 3.985 -4.250 1.165
P71448 3.901 3.972 -4.215 0.841
P71457 3.417 3.825 -4.227 2.886
P71458 3.657 3.574 -3.395 0.521
P71460 3.956 4.008 -4.666 0.315
P71463 3.834 4.232 -4.267 1.689
P71465 3.476 3.468 -3.205 0.980
P71470 3.737 4.112 -4.660 2.406
P71471 3.745 3.772 -3.935 0.455
P71473 3.738 3.756 -3.986 0.561
P71476 3.826 4.024 -5.089 1.280
P71478 3.515 3.899 -4.296 2.928
P71479 3.882 3.869 -3.703 0.550
P71483 3.653 3.745 -4.346 0.396
P71485 3.666 3.672 -3.931 0.713
P71490 3.569 3.684 -4.156 0.894
P71491 3.560 3.567 -4.555 0.493
P71501 3.828 3.851 -4.269 0.646
P71506 4.040 3.937 -3.905 1.187
P71509 3.888 3.628 -4.538 1.893
P71512 3.971 4.024 -4.367 0.500
P71514 3.748 3.868 -4.164 1.272
P71517 3.644 3.696 -4.319 0.551
P71518 3.632 3.696 -3.628 0.938
P71521 3.673 3.913 -4.427 0.576
P71522 3.567 3.863 -4.708 1.375
P71525 3.718 3.758 -3.721 0.950
P71527 3.796 4.066 -4.757 1.427
P71532 3.580 3.442 -3.573 0.779
P71535 3.684 4.074 -4.422 2.789
P71537 3.670 3.742 -4.667 1.556
P71540 4.072 4.073 -4.668 0.701
P71544 3.707 3.857 -4.057 0.634
P71546 3.700 4.251 -4.493 2.783
P71548 3.532 3.574 -4.045 0.420
P71551 3.586 3.751 -4.198 0.461
P71554 3.441 3.683 -4.908 1.411
P71558 3.549 3.579 -3.651 0.818
P71564 3.694 3.840 -4.527 0.754
P71566 3.616 3.552 -4.142 1.251
P71569 3.526 3.622 -4.526 0.900
P71577 4.007 4.292 -4.601 1.484
P71588 3.661 3.927 -4.715 1.869
P71592 3.623 4.095 -4.743 2.459
P71594 3.423 3.540 -4.269 0.543
P71597 3.594 3.530 -4.041 1.271
P71599 3.404 3.669 -5.239 1.804
P71601 3.502 3.312 -3.535 1.704
P71608 3.875 3.912 -4.250 1.694
P71611 3.508 3.436 -3.841 0.868
P71613 3.483 3.472 -3.445 0.853
P71621 4.054 4.387 -4.654 1.780
P71624 3.930 4.227 -4.612 2.182
P71626 3.646 3.914 -4.570 1.416
P71628 3.697 4.083 -4.542 2.147
P71630 3.797 3.951 -4.372 1.503
P71631 3.707 3.802 -4.348 0.441
P71633 3.591 3.497 -3.287 0.733
P71636 3.821 3.860 -4.152 1.153
P71638 3.883 4.286 -4.623 2.842
P71639 3.692 3.654 -4.163 2.443
P71642 4.077 4.148 -4.646 0.314
P71646 3.864 3.872 -3.967 0.658
P71648 3.993 4.237 -4.754 1.009
P71652 3.864 3.922 -3.609 0.673
P71655 3.919 4.024 -4.965 0.756
P71656 3.746 3.863 -4.310 0.322
P71658 3.757 3.614 -3.704 0.965
P71664 3.604 3.647 -4.547 0.535
P71667 4.022 4.181 -4.916 1.035
P71669 4.142 4.306 -4.899 0.446
P71670 4.137 4.224 -4.694 0.812
P71673 3.860 3.806 -3.911 0.995
P71675 3.648 3.681 -4.198 0.552
P71678 3.687 3.615 -3.523 0.789
P71683 3.566 3.913 -4.871 2.033
P71685 3.756 4.282 -4.656 2.320
P71686 3.610 3.643 -4.115 0.226
P71691 3.721 3.984 -4.642 1.904
P71692 3.545 3.405 -3.549 0.676
P71702 3.669 3.614 -4.593 0.529
P71705 3.644 3.781 -4.749 0.746
P71710 3.401 3.360 -4.661 0.689
P71712 3.446 3.334 -3.920 0.700
P71714 3.607 3.618 -4.344 0.940
P71720 3.518 3.603 -4.293 0.565
P71726 3.552 3.813 -4.871 2.431
P71728 3.579 3.744 -4.189 0.719
P71732 3.712 3.709 -3.980 0.672
P71734 3.879 4.041 -4.371 1.680
P71736 3.870 4.086 -4.093 2.027
P71737 3.597 3.620 -4.208 0.299
P71740 3.664 4.069 -4.766 2.713
P71746 3.764 3.865 -4.048 0.934
P71747 3.909 3.869 -4.202 0.922
P71749 3.648 3.692 -4.420 0.395
P71754 3.688 3.920 -4.370 0.597
P71760 3.883 3.997 -4.585 0.872
P71762 3.920 4.155 -4.387 1.604
P71763 3.966 4.138 -4.302 1.794
P71765 3.732 3.916 -4.122 1.494
P71774 3.890 4.374 -4.363 2.333
P71776 3.508 3.493 -4.203 0.492
P71778 3.798 3.925 -4.649 0.657
P71779 3.613 4.122 -4.652 2.486
P71782 3.428 3.536 -4.153 0.757
P71786 3.596 3.764 -4.472 0.884
P71788 3.380 3.708 -4.663 1.576
P71790 3.541 4.078 -4.457 3.518
P71791 3.813 3.851 -4.584 1.046
P71795 3.808 3.977 -4.477 1.465
P71798 3.473 3.602 -4.090 0.397
P71805 3.467 3.661 -4.062 0.858
P71807 3.704 4.058 -3.980 2.549
P71813 3.585 3.673 -4.751 1.412
P71815 3.798 3.778 -4.264 0.406
P71819 3.933 4.073 -4.394 1.861
P71822 3.698 3.895 -4.250 1.450
P71825 3.675 4.058 -4.583 2.420
P71827 3.843 3.760 -4.077 1.678
P71829 3.689 3.962 -4.877 1.904
P71832 3.875 4.105 -5.037 0.933
P71834 3.904 4.090 -5.215 1.051
P71840 3.702 3.625 -5.053 0.649
P71841 3.872 3.784 -4.122 1.199
P71845 4.079 4.241 -5.037 0.547
P71846 4.236 3.996 -3.806 0.832
P71849 3.937 3.996 -4.080 0.516
P71850 3.946 3.920 -3.849 0.547
P71853 3.872 3.806 -4.468 0.959
P71855 4.130 4.096 -4.797 1.269
P71859 4.122 3.878 -4.118 0.725
P71864 3.976 4.307 -5.328 1.298
P71866 4.081 4.299 -5.333 0.917
P71869 4.254 4.455 -5.272 0.913
P71871 3.969 4.153 -5.443 0.610
P71875 4.067 4.032 -5.085 0.768
P71884 4.232 4.085 -4.652 1.694
P71887 4.176 4.309 -5.535 0.632
P71893 3.950 4.200 -5.369 1.020
P71897 4.301 4.192 -4.622 1.211
P71898 3.964 4.043 -4.819 1.126
P71899 3.891 3.966 -4.503 1.033
P71903 4.266 4.326 -5.193 0.795
P71908 3.880 4.179 -4.880 1.195
P71910 3.947 3.798 -4.777 1.175
P71914 3.964 3.946 -5.399 0.846
P71915 4.092 4.254 -5.783 0.779
P71917 4.293 4.227 -4.813 0.803
P71918 3.882 3.872 -4.425 0.573
P71921 3.740 3.689 -3.285 1.162
P71923 3.664 3.831 -4.945 0.462
P71925 3.619 3.583 -3.614 0.603
P71926 3.750 3.767 -4.259 0.625
P71927 3.862 3.753 -4.535 0.500
P71930 3.831 3.713 -3.622 0.691
P71938 4.052 4.199 -4.824 1.021
P71940 3.914 4.164 -3.858 1.313
P71942 3.672 4.186 -4.098 3.075
P71944 4.117 4.291 -4.713 1.331
P71946 4.018 4.163 -4.064 0.782
P71947 4.016 4.040 -4.076 1.403
P71950 4.075 4.216 -4.797 1.071
P71952 3.919 4.004 -3.744 1.095
P71956 3.659 3.783 -4.589 1.094
P71958 3.800 4.329 -4.155 2.585
P71963 3.797 3.907 -4.325 1.195
P71967 3.759 3.982 -4.180 0.726
P71983 4.081 4.377 -4.993 1.006
P71985 3.874 3.904 -4.544 0.824
P71988 3.823 3.980 -5.712 0.818
P71989 3.777 3.888 -5.770 1.067
P71993 3.860 3.688 -5.134 0.991
P71994 3.989 4.154 -5.823 0.857
P71995 4.366 4.428 -4.140 0.601
P71996 3.966 4.112 -5.189 1.164
P71997 4.100 4.031 -4.489 0.977
P71998 3.924 3.838 -4.038 1.063
P72000 4.204 4.264 -5.164 0.984
P72005 3.709 3.602 -5.212 0.667
P72007 4.235 4.111 -4.036 0.607
P72011 4.029 4.142 -4.874 0.369
P72013 4.181 4.076 -4.507 0.749
P72017 4.192 4.292 -5.039 0.346
P72021 3.945 3.858 -3.712 0.776
P72023 3.981 4.195 -5.066 1.341
P72026 3.927 4.531 -4.872 1.968
P72032 4.150 4.301 -3.866 0.336
P72033 3.810 4.298 -4.547 2.408
P72034 4.142 4.311 -4.963 1.437
P72036 3.919 3.985 -4.056 0.494
P72038 3.829 4.227 -4.683 2.170
P72040 3.822 3.833 -4.805 0.406
P72043 3.932 4.017 -4.275 1.186
P72045 3.962 4.202 -5.284 1.102
P72047 4.022 4.132 -5.135 0.645
P72048 4.133 4.099 -4.865 0.937
P72051 4.015 4.288 -5.148 1.071
P72055 3.800 4.149 -4.558 2.717
P72056 3.851 3.869 -4.406 0.395
P72059 3.929 3.870 -4.257 1.883
P72060 4.070 4.263 -4.228 2.328
P72063 4.133 4.006 -3.824 0.457
P72064 3.865 4.261 -5.048 2.915
P72065 4.171 4.484 -5.223 1.060
P72067 4.093 4.131 -4.263 0.964
P72072 4.181 4.199 -5.153 0.419
P72073 3.910 3.949 -4.401 0.940
P72076 4.164 4.414 -4.848 0.753
P72078 3.903 4.363 -4.699 2.271
P72081 4.016 4.085 -4.043 1.308
P72082 4.032 4.093 -5.231 0.336
P72087 4.018 4.016 -3.849 0.587
P72088 3.720 3.666 -3.160 0.604
P72089 4.020 4.392 -5.009 1.239
P72090 3.935 3.996 -4.107 0.604
P72091 3.871 3.811 -3.802 0.442
P72096 3.720 3.774 -4.164 0.446
P72097 3.684 3.774 -4.872 0.698
P72100 3.792 3.824 -3.973 0.746
P72102 3.811 3.567 -4.077 0.381
P72105 3.686 3.620 -4.180 0.778
P72109 3.798 3.897 -4.461 0.677
P72114 4.117 4.316 -4.962 0.426
P72115 3.705 3.666 -5.274 0.692
P72117 4.197 4.023 -4.045 0.869
P72124 4.019 3.902 -4.535 0.844
P72126 4.124 4.221 -5.028 1.243
P72128 4.140 4.251 -5.184 1.061
P72130 4.099 4.158 -5.160 0.619
P72131 4.042 4.266 -5.180 1.140
P72133 3.914 4.509 -5.113 1.846
P72136 3.910 3.925 -4.265 0.613
P72139 4.111 4.253 -4.873 0.843
P72140 3.967 3.925 -3.731 0.480
P72144 4.311 4.439 -4.615 0.448
P72149 3.907 3.923 -4.275 0.659
P72151 4.099 4.070 -5.167 0.885
P72155 3.697 4.116 -4.533 2.476
P72158 3.917 3.939 -4.152 0.617
P72160 3.885 3.976 -4.190 0.743
P72162 4.137 4.207 -4.784 0.493
P72166 3.593 3.607 -3.499 0.937
P72169 3.728 3.472 -4.065 0.391
P72170 3.513 3.545 -5.106 0.794
P72172 3.944 4.030 -4.464 0.729
P72173 3.912 4.024 -4.884 0.605
P72176 3.960 3.948 -4.955 0.566
P72178 3.691 3.594 -4.452 0.683
P72181 3.939 4.089 -4.121 0.474
P72182 3.896 3.744 -3.993 1.007
P72183 4.119 4.227 -4.895 0.582
P72184 4.059 4.497 -4.307 2.316
P72186 3.742 3.784 -4.207 0.502
P72188 3.953 4.388 -4.335 2.476
P72189 3.851 3.960 -4.231 2.026
P72191 3.837 4.045 -5.170 1.004
P72192 3.811 3.964 -4.503 2.388
P72196 3.743 4.013 -5.087 1.266
P72210 3.904 3.889 -5.044 0.772
P72214 3.951 3.997 -5.168 0.748
P72217 4.011 3.988 -4.608 1.552
P72221 4.022 4.194 -5.488 0.655
P72224 3.859 4.151 -5.169 1.083
P72228 4.016 4.069 -4.944 0.763
P72237 3.977 4.187 -4.869 1.278
P72239 3.863 3.720 -3.981 1.168
P72241 3.892 3.871 -4.220 0.964
P72242 4.049 4.069 -4.385 0.323
P72245 3.823 4.338 -4.978 1.901
P72247 3.644 3.998 -4.392 2.534
P72250 3.673 3.592 -4.385 0.490
P72252 3.716 4.213 -4.972 2.492
P72259 3.764 3.712 -4.135 1.006
P72260 4.122 4.226 -5.094 0.722
P72263 4.078 4.290 -4.737 0.740
P72265 4.121 4.177 -4.689 0.538
P72266 4.076 4.369 -5.155 1.116
P72271 4.015 4.186 -4.197 0.838
P72275 4.377 4.457 -4.814 0.782
P72278 4.192 4.227 -4.834 0.595
P72284 3.846 3.934 -4.898 0.900
P72286 3.794 4.029 -5.295 0.951
P72287 4.099 3.976 -4.332 1.170
P72291 4.260 4.004 -4.149 1.009
P72297 4.491 4.805 -5.583 1.659
P72300 4.546 4.945 -6.558 1.599
P72301 4.668 4.251 -5.291 1.024
P72302 4.692 4.935 -5.541 1.864
P72304 4.867 3.954 -5.463 1.446
P72309 4.621 4.880 -6.907 2.266
P72311 4.571 4.043 -4.334 1.120
P72312 4.706 4.914 -4.354 1.168
P72313 4.598 4.485 -5.516 0.257
P72315 5.201 4.067 -5.705 1.612
P72317 5.230 4.239 -5.327 1.159
P72319 4.844 4.245 -5.463 1.119
P72320 4.730 4.031 -4.536 2.496
P72322 4.758 5.032 -6.350 1.468
P72324 4.685 4.686 -6.001 1.337
P72328 4.354 3.978 -5.215 1.039
P72329 4.866 4.537 -5.648 1.043
P72330 4.998 4.521 -5.787 0.939
P72332 5.033 5.219 -5.757 0.875
P72333 4.699 4.095 -5.322 1.783
P72334 4.866 4.065 -4.984 1.893
P72336 4.641 3.945 -4.749 1.446
P72337 4.981 4.345 -5.140 1.287
P72340 4.892 4.908 -6.584 2.438
P72343 5.159 4.350 -5.500 1.682
P72345 5.144 4.277 -5.443 1.730
P72346 4.758 4.441 -5.119 1.189
P72348 4.855 3.952 -5.307 2.285
P72349 4.747 4.151 -4.862 2.217
P72352 4.896 4.142 -5.419 1.480
P72353 4.662 3.965 -3.514 1.709
P72354 4.958 4.254 -4.228 1.682
P72356 4.996 4.700 -5.754 0.934
P72358 5.465 4.228 -5.873 1.664
P72361 5.009 4.974 -6.566 1.718
P72362 4.661 4.227 -5.769 1.052
P72363 4.862 4.556 -5.577 0.747
P72364 5.086 4.611 -5.017 1.827
P72366 4.645 4.129 -5.403 0.867
P72367 4.730 4.280 -4.809 1.710
P72368 5.154 4.507 -5.126 1.312
P72370 5.090 4.610 -5.615 1.402
P72371 5.284 4.667 -5.461 1.749
P72372 5.416 4.719 -5.804 1.211
P72373 4.147 3.786 -3.455 1.848
P72376 5.281 5.369 -6.334 1.002
P72379 4.939 5.163 -5.879 1.416
P72381 5.197 5.330 -5.661 0.942
P72386 5.365 5.315 -6.224 0.934
P72389 5.454 5.405 -5.979 1.526
P72393 5.437 5.363 -6.171 1.255
P72395 5.671 5.512 -6.805 2.634
P72396 5.609 5.335 -6.336 0.757
P72398 5.370 5.359 -6.168 0.848
P72400 5.389 5.643 -5.852 1.633
P72401 5.484 5.538 -6.027 0.703
P72403 5.427 5.484 -5.032 0.983
P72404 5.579 5.521 -6.273 1.714
P72405 5.564 5.385 -5.757 1.895
P72407 5.984 5.794 -5.029 1.492
P72408 5.562 5.431 -5.651 1.741
P72410 5.778 5.712 -5.692 0.911
P72414 5.449 5.699 -5.371 2.906
P72415 5.810 5.609 -5.899 0.708
P72418 6.010 5.824 -5.938 1.579
P72419 5.364 5.248 -6.820 3.229
P72422 3.955 3.733 -4.121 0.819
P72424 4.173 4.002 -4.709 1.813
P72425 4.421 4.256 -3.994 0.814
P72426 4.943 4.466 -4.411 1.712
P72427 5.287 4.686 -4.406 2.981
P72428 5.409 5.308 -5.961 0.414
P72429 4.926 4.622 -5.100 1.248
P72430 5.518 5.506 -4.314 1.285
P72431 5.564 5.403 -5.389 2.790
P72432 5.398 5.284 -5.625 0.477
P72433 5.533 5.117 -6.105 1.330
P72434 5.513 5.114 -5.831 0.977
P72435 5.393 5.265 -5.621 0.413
P72436 5.547 5.287 -5.626 0.801
P72437 5.560 5.764 -4.249 1.427
P72438 5.729 5.261 -5.811 1.045
P72439 5.607 5.119 -5.603 1.066
P72440 5.683 5.356 -6.079 1.660
P72441 5.898 5.268 -5.304 1.263
P72443 5.388 4.946 -5.686 2.497
P72445 5.408 5.516 -6.458 1.939
P72450 5.124 5.178 -5.137 1.217
P72453 5.390 5.400 -6.963 1.298
P72454 5.300 5.415 -6.950 1.980
P72457 5.131 5.122 -5.833 1.103
P72459 5.353 5.238 -5.996 1.183
P72461 5.517 5.508 -6.929 1.152
P72463 5.276 4.894 -5.996 1.228
P72465 5.187 5.130 -6.313 0.621
P72469 5.253 5.094 -6.148 0.584
P72473 5.292 5.391 -6.028 1.516
P72474 5.910 6.076 -6.367 0.736
P72475 5.119 4.924 -4.435 2.344
P72478 5.083 5.034 -6.451 1.192
P72479 5.411 5.569 -6.670 1.602
P72481 5.436 5.362 -5.553 2.435
P72483 5.605 5.628 -5.621 2.140
P72485 5.615 5.600 -6.643 1.666
P72489 5.589 5.808 -7.050 1.481
P72492 5.586 5.857 -7.203 1.714
P72494 5.699 6.009 -7.108 1.170
P72496 4.998 4.998 -6.905 1.314
P72497 5.403 5.432 -6.967 0.360
P72498 5.255 4.953 -6.466 1.627
P72499 5.544 5.634 -7.136 0.514
P72502 5.395 5.683 -7.400 0.773
P72503 5.262 5.084 -6.328 0.926
P72506 5.170 5.136 -6.547 1.124
P72515 5.548 5.693 -6.906 0.605
P72521 5.193 5.395 -7.037 1.815
P72523 5.126 5.329 -7.003 1.113
P72524 5.209 5.020 -6.115 0.559
P72525 5.834 5.757 -6.841 0.366
P72534 5.425 5.276 -6.381 1.620
P72537 5.227 5.345 -7.139 1.313
P72539 5.155 5.316 -5.433 1.578
P72540 5.380 5.332 -6.641 2.031
P72546 5.234 5.198 -4.659 1.687
P72553 5.490 5.797 -7.612 1.163
P72556 5.924 5.972 -7.527 1.006
P72559 5.901 5.938 -7.535 0.530
P72567 4.273 4.338 -5.936 0.426
P72572 4.366 4.477 -5.974 0.571
P72580 4.163 4.080 -5.752 0.740
P72582 4.243 4.331 -5.948 0.612
P72585 4.396 4.429 -6.391 0.422
P72589 4.633 4.736 -5.983 0.552
P72594 4.546 4.611 -5.607 0.527
P72596 4.514 4.606 -5.518 0.924
P72597 4.421 4.261 -5.362 0.867
P72601 4.390 4.386 -5.737 0.433
P72604 4.403 4.379 -5.869 0.731
P72610 4.555 4.599 -5.758 0.669
P72612 4.385 4.483 -6.040 1.537
P72613 4.476 4.530 -5.927 0.594
P72615 4.440 4.656 -6.150 0.855
P72617 4.434 4.421 -5.640 0.799
P72619 4.512 4.438 -5.391 1.263
P72620 4.346 4.253 -5.898 0.812
P72628 4.363 4.306 -5.455 1.257
P72633 4.484 4.517 -5.527 0.564
P72637 4.498 4.465 -5.746 0.485
P72639 4.279 4.097 -5.270 1.351
P72641 4.264 4.398 -5.387 0.658
P72643 4.371 4.473 -5.391 1.153
P72645 4.375 4.301 -5.001 1.633
P72653 4.332 4.409 -5.733 0.616
P72656 4.288 4.150 -5.348 1.295
P72658 4.452 4.579 -6.192 0.999
P72664 4.527 4.489 -5.911 0.808
P72666 4.396 4.420 -5.432 1.095
P72668 4.159 4.518 -5.752 1.148
P72672 4.447 4.438 -5.375 0.525
P72674 4.476 4.127 -5.379 1.465
P72675 4.204 4.205 -5.837 0.842
P72677 4.281 4.410 -6.238 0.420
P72684 4.510 4.395 -5.306 1.135
P72686 4.386 4.384 -5.661 1.076
P72689 4.422 4.363 -5.357 0.638
P72694 4.319 4.284 -6.078 0.777
P72704 4.273 4.132 -5.281 0.762
P72707 4.481 4.556 -5.702 1.057
P72712 4.533 4.697 -5.608 0.313
P72714 3.877 4.443 -5.668 1.236
P72716 4.231 4.289 -5.298 0.877
P72719 4.301 4.178 -5.275 1.011
P72723 4.457 4.541 -5.532 0.674
P72724 4.543 4.587 -6.013 0.343
P72727 4.195 4.196 -5.742 1.032
P72731 4.260 4.329 -6.106 0.533
P72734 4.302 4.319 -5.787 0.981
P72737 4.489 4.514 -5.942 0.568
P72739 4.556 4.549 -5.462 0.590
P72741 4.423 4.526 -5.821 0.478
P72747 4.314 4.230 -5.614 1.865
P72753 4.292 4.121 -5.381 1.310
P72755 4.337 4.441 -5.764 0.657
P72757 4.387 4.326 -6.251 1.585
P72759 4.379 4.398 -6.054 0.886
P72764 4.609 4.449 -6.279 0.760
P72765 4.349 4.364 -5.343 0.456
P72768 4.231 4.261 -5.579 1.248
P72772 4.441 4.327 -5.775 1.568
P72777 4.524 4.612 -6.250 0.635
P72780 4.393 4.199 -6.007 0.682
P72788 4.381 4.314 -5.077 1.698
P72790 4.604 4.659 -5.298 0.737
P72791 4.505 4.347 -5.272 0.709
P72794 4.279 4.343 -6.152 0.534
P72795 4.355 4.368 -5.948 0.606
P72797 4.327 4.186 -5.380 1.354
P72800 4.194 4.334 -6.036 0.555
P72806 4.288 4.305 -6.076 0.592
P72811 4.196 3.974 -5.851 0.716
P72815 4.320 4.457 -5.882 0.693
P72818 4.355 4.518 -6.292 0.693
P72821 4.504 4.493 -5.369 0.777
P72826 4.463 4.612 -5.850 0.383
P72828 4.450 4.507 -5.871 0.987
P72832 4.417 4.379 -5.453 1.821
P72836 4.566 4.666 -5.893 0.294
P72837 4.494 4.583 -5.671 0.854
P72838 4.454 4.440 -5.628 1.831
P72840 4.558 4.677 -6.070 0.341
P72844 4.432 4.465 -5.618 0.719
P72850 4.483 4.149 -5.340 0.949
P72860 4.537 4.635 -6.504 0.363
P72864 4.335 4.126 -6.017 1.171
P72867 4.487 4.390 -5.656 0.672
P72871 4.454 4.373 -5.708 1.536
P72879 4.639 4.555 -6.155 1.143
P72880 4.554 4.591 -6.022 0.490
P72884 4.496 4.225 -5.760 0.812
P72889 4.351 4.497 -5.953 0.536
P72891 4.416 4.397 -5.862 0.625
P72893 4.435 4.313 -5.589 1.154
P72897 4.456 4.424 -5.865 1.078
P72906 4.444 4.489 -6.040 0.316
P72908 4.435 4.452 -5.885 0.515
P72912 4.321 4.047 -5.431 1.159
P72928 4.346 4.170 -5.749 0.824
P72936 4.473 4.559 -5.566 0.903
P72939 4.509 4.474 -5.198 1.214
P72941 4.637 4.729 -5.448 1.176
P72945 4.472 4.550 -5.880 0.571
P72947 4.443 4.422 -5.863 0.838
P72948 4.465 4.156 -5.460 1.505
P72951 4.604 4.495 -5.247 1.458
P72953 4.301 4.152 -6.282 1.323
P72954 4.265 4.015 -5.871 1.350
P72955 4.569 4.605 -5.895 0.630
P72957 4.455 4.392 -5.803 0.695
P72958 4.294 4.131 -5.924 1.081
P72966 4.463 4.211 -5.601 0.959
P72968 4.425 4.523 -6.051 0.460
P72970 4.224 4.290 -5.820 0.715
P72973 4.348 4.301 -6.052 1.218
P72974 4.125 4.170 -5.316 0.727
P72980 4.516 4.647 -6.102 0.399
P72984 4.528 4.619 -5.834 1.015
P72989 4.632 4.499 -5.337 1.524
P72991 4.620 4.588 -5.570 0.745
P72993 4.486 4.546 -5.743 0.597
P72997 4.375 4.179 -5.121 0.778
P73004 4.309 4.173 -5.894 0.765
P73009 4.418 4.535 -5.935 0.498
P73013 4.477 4.686 -6.118 0.477
P73023 4.479 4.370 -5.108 1.953
P73025 4.387 4.449 -6.071 0.564
P73032 4.540 4.601 -5.652 0.757
P73035 4.461 4.450 -5.770 1.126
P73038 4.359 4.513 -6.050 0.921
P73043 4.407 4.476 -5.531 1.491
P73060 4.405 4.458 -6.227 1.028
P73067 4.652 4.696 -5.606 1.019
P73069 4.446 4.494 -5.259 1.110
P73071 4.425 4.111 -5.505 1.410
P73072 4.379 4.461 -6.168 0.810
P73077 4.430 4.535 -5.893 0.591
P73078 4.469 4.509 -6.185 1.192
P73081 4.444 4.560 -6.091 0.593
P73085 4.425 4.355 -5.529 1.374
P73091 4.339 4.330 -5.623 0.770
P73094 4.578 4.613 -5.849 0.578
P73099 4.317 4.219 -6.020 0.874
P73101 4.273 4.073 -5.742 0.864
P73103 4.603 4.696 -5.355 0.949
P73104 4.713 4.661 -5.172 0.856
P73105 4.572 4.503 -4.820 0.424
P73107 4.650 4.775 -5.323 0.375
P73109 4.836 4.744 -5.280 0.860
P73111 4.739 4.726 -5.835 0.636
P73113 4.453 4.345 -5.920 0.905
P73115 4.693 4.662 -5.549 0.249
P73124 4.485 4.474 -5.631 0.549
P73128 4.812 4.780 -5.649 0.543
P73131 4.668 4.768 -5.475 0.954
P73135 4.881 4.847 -5.359 0.427
P73140 4.429 4.465 -5.628 1.088
P73146 4.799 4.792 -5.927 0.580
P73150 4.518 4.506 -5.752 0.555
P73152 4.408 4.482 -5.757 0.851
P73156 4.787 4.779 -5.644 1.088
P73159 4.678 4.541 -5.611 1.087
P73160 4.500 4.512 -6.190 0.946
P73163 4.737 4.619 -5.686 1.201
P73165 4.648 4.665 -5.623 1.026
P73166 4.432 4.356 -5.381 0.896
P73167 4.628 4.691 -5.475 0.724
P73170 4.649 4.663 -5.442 0.633
P73173 4.689 4.602 -5.552 0.990
P73174 4.429 4.448 -5.600 0.657
P73180 4.799 4.685 -5.587 0.907
P73186 4.514 4.564 -5.917 0.617
P73189 4.548 4.533 -5.004 0.898
P73193 4.773 4.774 -5.542 0.882
P73197 4.665 4.751 -5.389 0.686
P73200 4.661 4.688 -5.562 0.465
P73203 4.419 4.397 -5.267 0.608
P73205 4.591 4.893 -5.767 1.317
P73209 4.855 4.886 -5.657 0.705
P73212 4.485 4.683 -5.858 1.572
P73215 4.497 4.444 -5.711 0.557
P73218 4.542 4.575 -5.848 0.551
P73225 4.390 4.459 -5.672 1.644
P73226 4.647 4.602 -5.646 0.928
P73229 4.717 4.823 -5.930 0.636
P73231 4.652 4.725 -5.881 0.530
P73232 4.837 4.854 -5.293 0.524
P73233 4.934 4.818 -5.661 0.727
P73236 4.460 4.431 -5.178 1.073
P73237 4.591 4.541 -5.339 0.379
P73240 4.354 4.377 -5.829 0.553
P73242 4.731 4.618 -5.596 0.441
P73243 4.523 4.510 -5.642 0.224
P73247 4.642 4.551 -4.802 0.425
P73248 4.763 4.801 -5.503 0.502
P73250 4.856 4.749 -5.412 0.733
P73253 4.551 4.667 -5.996 0.764
P73255 4.727 4.777 -5.675 0.477
P73257 4.656 4.706 -5.750 0.358
P73260 4.843 4.791 -5.638 0.541
P73261 4.491 4.518 -5.649 0.541
P73264 4.726 4.769 -5.659 0.592
P73271 4.726 4.760 -5.678 1.098
P73277 4.434 4.431 -5.682 0.409
P73280 4.374 4.400 -5.226 1.004
P73281 4.723 4.831 -5.567 0.522
P73282 4.531 4.589 -5.338 0.832
P73284 4.648 4.606 -5.684 0.470
P73287 4.717 4.714 -5.815 0.492
P73288 4.456 4.387 -5.618 1.196
P73293 4.800 4.706 -5.560 0.991
P73296 4.569 4.614 -5.926 0.627
P73298 4.604 4.672 -5.473 0.752
P73300 4.393 4.427 -5.514 0.963
P73303 4.600 4.729 -5.794 0.841
P73308 4.794 4.521 -5.979 1.182
P73310 4.534 4.358 -5.960 0.952
P73311 4.802 4.802 -5.680 0.388
P73312 4.532 4.477 -5.448 1.007
P73315 4.802 4.859 -5.974 0.565
P73317 4.850 4.827 -5.550 0.987
P73321 4.666 4.668 -5.853 0.625
P73323 4.678 4.612 -5.793 1.451
P73327 4.521 4.479 -5.753 0.543
P73332 4.728 4.764 -5.898 0.801
P73334 4.848 4.610 -5.932 0.972
P73343 4.641 4.653 -5.740 0.617
P73344 4.762 4.738 -5.682 0.398
P73345 4.311 4.383 -5.366 1.469
P73347 4.799 4.544 -5.534 0.860
P73348 4.493 4.406 -5.817 0.757
P73349 4.631 4.693 -5.661 0.653
P73352 4.572 4.674 -5.485 0.478
P73358 4.313 4.394 -5.537 1.164
P73359 4.616 4.710 -5.429 0.657
P73361 4.635 4.675 -5.251 1.087
P73362 4.639 4.663 -5.433 0.716
P73365 4.470 4.457 -5.470 0.923
P73366 4.295 4.257 -5.527 0.780
P73368 4.362 4.466 -5.848 0.915
P73375 4.795 4.655 -5.960 1.085
P73377 4.563 4.569 -5.914 0.440
P73382 4.468 4.539 -5.713 0.696
P73387 4.396 4.364 -5.886 0.813
P73390 4.301 4.290 -5.619 0.652
P73393 4.665 4.496 -5.380 1.370
P73394 4.450 4.484 -5.851 0.654
P73396 4.617 4.709 -5.637 0.652
P73399 4.789 4.764 -5.606 0.808
P73403 4.761 4.762 -5.967 0.633
P73406 4.640 4.743 -5.828 0.379
P73408 4.705 4.734 -5.951 0.587
P73412 4.760 4.851 -5.922 0.479
P73416 4.725 4.711 -5.309 0.452
P73417 4.465 4.414 -4.958 0.752
P73419 4.646 4.721 -5.594 0.625
P73421 4.721 4.572 -5.328 0.771
P73423 4.554 4.595 -5.376 1.163
P73424 4.661 4.596 -5.767 0.402
P73426 4.755 4.529 -5.597 0.934
P73429 4.570 4.289 -5.651 0.927
P73430 4.344 4.291 -5.177 0.495
P73435 4.532 4.545 -5.666 0.644
P73437 4.602 4.545 -5.464 1.064
P73444 4.550 4.581 -5.677 0.667
P73446 4.683 4.540 -5.751 1.173
P73447 4.480 4.505 -5.935 0.529
P73449 4.826 4.607 -5.175 0.644
P73450 4.560 4.529 -5.368 0.377
P73451 4.428 4.444 -5.862 1.073
P73454 4.197 4.225 -5.408 0.389
P73458 4.425 4.708 -6.207 1.883
P73461 4.428 4.394 -5.381 0.941
P73465 4.276 4.321 -5.594 0.962
P73468 4.545 4.615 -5.329 0.464
P73470 4.731 4.673 -5.357 0.671
P73472 4.493 4.492 -5.327 0.699
P73473 4.716 4.791 -5.417 0.399
P73475 4.722 4.753 -5.504 0.833
P73476 4.646 4.714 -5.265 0.973
P73478 4.706 4.783 -5.430 0.805
P73479 4.671 4.697 -5.226 1.354
P73483 4.498 4.347 -5.430 0.950
P73485 4.300 4.235 -5.519 0.943
P73488 4.522 4.651 -5.944 0.530
P73490 4.554 4.498 -5.586 0.979
P73494 4.348 4.370 -5.981 1.103
P73499 4.723 4.653 -5.102 0.685
P73502 4.662 4.679 -5.482 1.006
P73506 4.512 4.572 -5.415 0.418
P73508 4.512 4.554 -5.624 0.246
P73509 4.285 4.183 -5.653 1.035
P73516 4.477 4.458 -5.632 0.504
P73520 4.843 4.736 -5.322 0.625
P73522 4.512 4.653 -5.671 1.502
P73523 4.744 4.738 -5.825 0.456
P73525 4.839 4.681 -6.052 1.131
P73528 4.461 4.415 -5.930 0.910
P73529 4.689 4.767 -5.964 0.492
P73530 4.562 4.608 -5.854 0.455
P73531 4.442 4.440 -5.366 0.713
P73534 4.430 4.419 -5.140 0.427
P73536 4.200 4.278 -5.293 1.054
P73538 4.409 4.560 -5.150 0.478
P73543 4.379 4.467 -5.130 0.832
P73544 4.513 4.686 -5.602 0.980
P73548 4.577 4.597 -5.352 0.580
P73549 4.720 4.575 -5.647 0.666
P73550 4.618 4.674 -5.536 0.276
P73552 4.777 4.677 -5.504 0.419
P73554 4.557 4.459 -5.684 0.906
P73555 4.478 4.411 -5.419 0.895
P73559 4.597 4.575 -5.267 0.820
P73561 4.639 4.687 -5.999 0.501
P73563 4.549 4.475 -5.636 0.365
P73565 4.696 4.690 -5.645 0.780
P73566 4.721 4.744 -5.742 0.440
P73568 4.809 4.791 -5.897 0.888
P73569 4.312 4.117 -6.019 0.989
P73570 4.346 4.472 -6.321 0.447
P73571 4.495 4.427 -5.975 0.696
P73573 4.556 4.497 -5.442 1.011
P73574 4.402 4.159 -5.235 0.986
P73575 4.383 4.502 -5.688 1.324
P73577 4.464 4.243 -5.585 0.873
P73579 4.521 4.291 -5.349 0.783
P73582 4.422 4.439 -6.371 1.354
P73585 4.338 4.476 -5.518 1.020
P73587 4.547 4.335 -5.890 0.852
P73589 4.423 4.230 -5.384 0.954
P73592 4.469 4.461 -5.582 0.883
P73596 4.218 4.177 -6.299 1.025
P73599 4.333 4.249 -5.588 1.320
P73604 4.501 4.490 -5.336 1.361
P73606 4.554 4.490 -5.541 1.414
P73609 4.470 4.325 -6.159 0.745
P73612 4.467 4.345 -6.032 0.774
P73615 4.280 4.154 -5.626 1.004
P73619 4.316 4.102 -5.848 0.871
P73622 4.547 4.511 -5.100 0.907
P73625 4.471 4.559 -5.829 0.920
P73626 4.343 4.310 -6.217 1.317
P73633 4.507 4.173 -5.296 1.172
P73637 4.429 4.385 -6.140 1.249
P73645 4.431 4.442 -6.182 0.932
P73646 4.286 4.082 -5.683 0.901
P73647 4.564 4.490 -5.563 1.772
P73650 4.449 4.476 -6.352 0.996
P73651 4.622 4.449 -5.476 1.070
P73656 4.387 4.154 -4.804 0.989
P73657 4.501 4.361 -5.840 0.817
P73665 4.401 4.378 -6.029 1.145
P73668 4.580 4.527 -5.103 1.279
P73672 4.452 4.390 -6.219 1.199
P73678 4.501 4.318 -5.889 1.129
P73681 4.514 4.348 -6.162 0.781
P73683 4.525 4.410 -5.894 1.204
P73691 4.481 4.466 -6.655 0.841
P73694 4.470 4.480 -5.595 1.676
P73696 4.465 4.284 -5.323 1.144
P73698 4.386 4.460 -6.449 1.181
P73700 4.550 4.480 -5.554 1.007
P73702 4.567 4.498 -5.163 1.283
P73706 4.575 4.524 -5.843 0.509
P73708 4.391 4.333 -6.047 1.032
P73709 4.513 4.174 -5.509 0.930
P73714 4.266 4.246 -5.724 1.248
P73716 4.174 4.131 -6.318 0.934
P73719 4.897 4.354 -4.710 1.606
P73720 4.756 4.693 -6.235 1.180
P73728 4.666 4.903 -5.018 0.986
P73730 4.461 4.514 -5.833 0.937
P73731 4.949 4.507 -4.518 1.102
P73738 4.759 4.511 -6.319 1.061
P73741 4.793 4.441 -5.553 1.294
P73743 4.470 4.438 -6.304 0.635
P73750 4.398 4.099 -5.797 0.813
P73760 4.559 4.435 -5.924 0.628
P73779 4.681 4.491 -5.552 0.697
P73785 4.726 4.676 -5.849 1.275
P73787 4.803 4.745 -5.845 0.825
P73791 4.525 4.594 -5.867 0.697
P73798 4.739 4.553 -5.956 1.070
P73800 4.848 4.804 -5.621 1.232
P73804 4.876 4.855 -6.255 0.952
P73806 4.881 4.831 -5.091 0.766
P73807 4.400 4.137 -5.396 0.670
P73811 4.492 4.031 -4.356 1.479
P73813 4.702 4.675 -5.101 0.694
P73820 4.386 4.527 -5.882 1.283
P73821 4.442 4.317 -6.023 1.408
P73823 4.427 4.308 -6.001 0.860
P73824 4.956 5.006 -6.077 1.223
P73828 4.902 4.981 -5.430 0.986
P73836 4.686 4.768 -5.804 0.921
P73838 5.125 5.036 -5.066 0.773
P73839 5.020 4.897 -4.797 0.852
P73841 4.394 4.398 -5.325 0.823
P73845 4.951 4.982 -5.554 0.704
P73850 4.951 5.047 -5.500 0.765
P73851 4.937 5.027 -5.479 0.833
P73853 4.772 4.855 -5.924 1.818
P73868 4.737 4.639 -6.289 0.596
P73869 4.870 4.813 -5.926 0.865
P73874 4.886 4.705 -5.320 1.164
P73875 4.634 4.665 -5.575 0.940
P73882 4.917 4.763 -5.972 1.203
P73884 4.901 4.965 -5.416 1.350
P73893 4.925 4.871 -5.386 0.525
P73897 4.928 4.820 -5.158 0.528
P73898 5.098 4.997 -4.973 0.707
P73899 5.071 4.965 -4.788 0.723
P73903 4.914 4.952 -6.032 0.482
P73909 4.783 4.740 -5.256 1.755
P73911 5.179 5.021 -5.019 1.011
P73912 5.132 5.099 -5.169 0.845
P73916 4.763 4.481 -5.282 0.927
P73920 4.813 4.721 -5.671 1.400
P73921 4.976 4.559 -5.232 4.298
P73930 5.352 5.235 -4.896 0.646
P73936 4.919 4.784 -5.543 1.343
P73937 5.139 4.848 -5.625 1.679
P73939 5.155 5.154 -5.375 0.821
P73946 5.221 5.143 -5.299 0.478
P73947 4.755 4.769 -5.692 0.780
P73955 5.480 5.360 -5.824 2.571
P73960 5.393 4.793 -4.810 2.368
P73963 4.831 4.770 -4.322 1.620
P73965 5.113 4.947 -4.616 1.736
P73967 5.729 5.321 -6.020 2.366
P73975 5.614 5.272 -5.957 2.125
P73979 5.352 5.201 -4.571 2.073
P73985 5.842 5.412 -6.506 1.209
P73988 5.751 5.536 -5.058 0.919
P73989 5.514 5.500 -6.339 2.251
P73991 5.517 5.541 -6.803 2.615
P73995 5.641 5.437 -6.064 2.319
P73997 5.838 5.626 -6.438 1.378
P74001 5.662 4.898 -4.598 1.854
P74003 5.657 4.943 -5.108 2.104
P74005 5.778 5.148 -5.761 2.084
P74007 5.170 4.719 -4.503 1.366
P74008 5.410 5.170 -4.579 1.134
P74009 5.631 5.001 -4.664 2.018
P74011 5.659 5.205 -5.422 2.311
P74012 5.338 5.011 -4.773 1.064
P74013 5.685 5.405 -5.707 2.275
P74019 5.397 5.416 -5.199 0.835
P74030 4.869 4.812 -6.092 0.445
P74032 4.935 4.891 -6.642 0.269
P74034 5.075 4.872 -6.371 0.825
P74036 5.019 4.851 -6.258 0.463
P74038 4.988 4.925 -6.338 0.440
P74042 4.832 4.861 -6.499 0.469
P74047 5.041 4.954 -6.586 0.719
P74049 4.932 4.558 -5.217 1.283
P74055 4.753 4.602 -6.294 0.284
P74056 4.445 4.408 -6.020 0.766
P74058 4.981 4.969 -5.980 0.506
P74060 4.982 5.012 -6.462 0.256
P74063 5.004 4.901 -5.717 0.939
P74069 4.896 4.962 -5.530 0.791
P74073 5.087 4.977 -6.247 0.416
P74075 4.934 4.864 -6.545 0.334
P74076 4.783 4.798 -7.064 0.451
P74081 5.036 4.921 -6.025 0.631
P74083 4.310 4.812 -6.084 1.518
P74084 5.025 4.962 -6.399 0.334
P74089 4.964 4.799 -6.387 0.628
P74090 4.911 4.895 -6.468 0.331
P74094 5.167 5.067 -6.377 0.408
P74098 5.000 5.073 -5.690 1.136
P74102 5.107 5.011 -6.421 0.288
P74106 4.473 4.602 -5.612 1.124
P74110 4.937 5.002 -6.247 0.545
P74112 5.086 4.983 -6.643 0.538
P74116 5.245 5.292 -5.687 0.294
P74118 5.057 4.798 -6.095 0.606
P74126 5.076 5.223 -6.028 0.389
P74140 5.118 4.907 -5.968 0.665
P74145 5.168 4.920 -6.113 0.608
P74151 5.357 5.323 -6.204 0.477
P74155 5.112 4.989 -6.306 0.714
P74158 5.084 5.044 -6.829 1.920
P74159 5.071 5.080 -6.517 0.717
P74164 5.191 5.101 -5.839 0.736
P74168 4.881 4.843 -6.638 0.592
P74169 5.051 5.049 -6.787 0.761
P74177 5.032 5.048 -6.081 0.601
P74178 4.994 4.979 -6.660 0.687
P74179 5.215 5.177 -5.841 0.888
P74184 5.125 4.997 -6.517 0.757
P74192 5.169 5.141 -6.534 0.657
P74196 5.007 4.836 -6.330 0.421
P74204 5.150 5.081 -6.344 0.561
P74208 5.189 5.157 -5.922 0.399
P74211 5.215 5.066 -6.335 0.600
P74215 5.196 5.030 -6.346 0.678
P74219 5.098 5.015 -5.615 0.646
P74240 5.294 5.244 -6.299 0.396
P74245 5.366 5.222 -6.683 0.387
P74249 5.355 5.338 -5.803 0.372
P74255 5.361 5.174 -6.343 0.502
P74257 5.308 5.236 -6.471 0.605
P74262 5.069 5.309 -6.126 0.777
P74264 4.541 4.343 -4.670 0.422
P74271 5.397 5.188 -6.389 0.630
P74274 5.231 5.018 -6.358 0.490
P74277 5.237 5.131 -6.213 0.315
P74284 5.106 5.122 -6.649 0.288
P74285 4.464 4.497 -5.356 1.046
P74290 5.231 5.295 -6.371 0.477
P74297 5.242 5.240 -6.466 0.633
P74303 5.267 5.444 -6.159 0.682
P74304 5.131 5.192 -6.421 0.252
P74306 5.156 5.145 -6.037 0.464
P74313 5.207 5.213 -6.192 0.414
P74318 5.318 5.329 -6.003 0.904
P74330 5.341 5.323 -6.015 0.713
P74333 5.191 5.223 -5.493 1.151
P74343 5.242 5.160 -6.325 0.726
P74345 5.354 5.249 -6.224 0.588
P74346 5.312 5.131 -6.037 0.992
P74350 5.255 5.266 -5.825 0.449
P74352 5.319 5.283 -6.806 0.812
P74353 5.197 4.912 -6.908 1.228
P74358 5.270 5.103 -6.263 0.663
P74363 5.359 5.341 -6.061 0.897
P74369 5.152 5.185 -6.372 0.552
P74374 5.230 4.889 -6.455 0.665
P74380 5.262 5.022 -6.316 0.677
P74384 5.326 5.280 -6.551 0.474
P74387 5.310 5.106 -6.875 1.074
P74389 5.279 5.205 -6.006 0.677
P74393 5.184 5.089 -6.481 0.735
P74394 5.384 5.341 -5.942 0.380
P74403 4.423 4.282 -6.055 0.725
P74408 5.399 5.324 -6.041 0.653
P74413 5.252 5.231 -6.139 0.673
P74417 4.529 4.306 -6.034 0.729
P74422 5.365 5.232 -6.415 1.025
P74425 5.390 5.390 -6.082 0.744
P74429 5.387 5.516 -6.236 0.677
P74434 4.694 5.071 -6.132 1.044
P74438 5.039 5.256 -6.126 0.652
P74444 5.249 5.497 -6.639 0.665
P74452 5.324 5.501 -6.152 0.569
P74457 5.182 5.442 -5.495 0.937
P74460 5.333 5.549 -6.434 0.618
P74474 5.278 5.491 -5.906 0.474
P74478 5.402 5.534 -5.986 0.777
P74482 5.372 5.588 -6.105 0.557
P74485 5.398 5.533 -6.241 0.520
P74498 4.792 5.376 -5.432 1.134
P74509 5.375 5.151 -6.597 1.414
P74512 5.334 5.295 -6.288 0.884
P74513 5.284 5.270 -6.389 0.917
P74516 5.346 5.334 -6.720 0.976
P74519 5.266 5.339 -6.412 0.232
P74521 5.423 5.331 -6.170 1.100
P74524 5.289 5.173 -6.320 0.548
P74526 5.382 5.291 -6.511 0.571
P74529 5.356 5.426 -6.306 0.607
P74531 5.176 5.418 -6.778 0.667
P74536 5.299 5.563 -6.570 1.021
P74541 5.500 5.447 -6.609 0.500
P74549 4.760 4.531 -6.082 0.522
P74570 4.660 4.391 -5.598 0.975
P74586 5.417 5.360 -6.460 1.478
P74598 4.732 4.436 -6.075 1.368
P74609 4.481 4.290 -5.826 0.942
P74644 4.739 4.389 -5.766 1.198
P74652 4.613 4.425 -5.887 0.644
P74658 4.516 4.391 -6.076 0.686
P74660 4.741 4.332 -5.449 1.267
P74662 4.825 4.515 -5.893 1.173
P74672 4.588 4.354 -6.051 0.774
P74682 4.772 4.039 -5.997 1.643
P74687 4.665 4.362 -6.127 0.601
P74689 4.605 4.507 -6.044 1.237
P74691 4.658 4.446 -6.246 0.669
P74700 4.440 4.392 -6.169 0.624
P74703 5.312 5.223 -6.520 0.608
P74726 4.678 4.578 -5.567 2.124
P74738 4.567 4.358 -5.962 0.410
P74746 4.152 3.935 -5.976 0.349
P74749 4.566 4.440 -6.547 0.969
P74801 4.799 4.381 -5.422 0.537
P74826 4.760 4.590 -5.786 0.863
P74846 4.841 4.559 -6.494 1.579
P74856 5.386 5.060 -5.803 1.722
P74857 5.499 5.351 -5.754 0.832
P74859 5.309 5.092 -5.945 1.849
P74860 5.660 5.353 -6.390 1.746
P74861 5.715 5.105 -5.260 0.958
P74862 5.578 4.960 -5.077 1.582
P74863 5.792 5.144 -4.917 0.870
P74864 5.822 5.315 -5.246 0.868
P74865 5.175 5.211 -7.165 1.359
P74866 5.500 5.286 -7.763 0.453
P74867 5.163 4.828 -6.402 1.157
P74868 6.067 5.564 -6.799 1.553
P74869 5.184 5.395 -6.485 1.142
P74870 5.446 5.554 -6.501 1.149
P74871 5.409 5.215 -5.534 2.084
P74872 5.741 5.583 -7.186 0.658
P74873 5.706 5.278 -7.182 1.010
P74874 5.762 5.946 -6.359 1.175
P74875 5.893 5.989 -5.925 2.633
P74876 5.078 4.990 -5.154 1.317
P74877 4.589 4.433 -4.478 0.599
P74878 4.665 4.451 -4.640 1.461
P74879 5.416 4.775 -6.046 1.518
P74881 4.980 4.595 -5.726 0.619
P74882 5.271 5.078 -5.852 1.069
P74885 5.099 4.693 -6.431 0.924
P74886 4.756 4.545 -5.155 0.782
P74887 5.363 4.666 -4.692 0.962
P74888 5.116 4.751 -4.908 0.524
P74889 4.603 4.773 -4.985 0.843
P74890 5.408 5.333 -5.952 1.101
P74891 5.080 4.993 -5.613 2.811
P74893 4.872 4.754 -6.303 2.359
P74894 5.594 5.440 -5.358 1.839
P74895 5.342 5.443 -6.186 1.021
P74896 4.932 4.807 -6.400 0.502
P74897 5.340 5.117 -4.244 1.096
P74898 5.173 4.942 -6.088 2.111
P74900 5.205 4.930 -6.499 2.171
P74903 4.805 4.903 -4.949 1.464
P74905 5.202 5.058 -5.713 2.225
P74906 4.913 5.377 -4.323 0.658
P74908 5.971 6.000 -4.553 0.509
P74909 5.774 5.808 -4.647 0.420
P74910 5.865 5.699 -5.047 0.861
P74912 5.414 5.169 -6.376 2.115
P74913 4.852 4.320 -4.345 2.056
P74914 5.013 4.592 -5.263 1.164
P74915 4.847 4.937 -4.978 2.289
P74916 5.323 5.508 -6.089 0.782
P74917 5.755 5.125 -5.188 0.552
P74918 5.208 5.114 -6.314 0.724
P74919 5.288 5.183 -4.790 0.769
P74920 5.482 5.329 -6.268 1.905
P74922 5.399 5.233 -5.773 2.016
P74924 4.777 4.395 -4.885 0.709
P74927 4.395 4.861 -5.161 0.952
P74928 5.271 4.637 -5.661 0.439
P74929 5.512 4.975 -6.016 1.075
P74931 5.785 5.402 -6.306 0.852
P74933 4.904 4.491 -4.816 1.288
P74934 5.151 5.105 -4.653 0.650
P74936 5.402 5.244 -4.593 1.993
P74937 5.288 5.097 -4.454 0.895
P74939 5.606 5.155 -5.497 2.534
P74941 5.114 4.927 -5.637 1.994
P74943 5.527 5.092 -6.199 2.036
P74946 5.418 5.211 -6.711 1.064
P74947 5.337 4.913 -5.351 0.677
P74948 5.587 5.230 -4.937 1.809
P74950 5.100 4.814 -6.455 2.418
P74954 5.716 5.474 -5.449 0.952
P74955 5.692 5.217 -4.485 1.615
P74957 5.631 5.161 -5.657 2.775
P74958 5.499 4.957 -4.891 0.826
P74959 5.544 5.359 -6.291 0.852
P74960 5.006 4.975 -5.492 1.158
P74962 5.153 4.978 -5.662 0.690
P74963 5.154 5.195 -5.665 0.838
P74965 5.081 4.750 -4.979 1.869
P74968 5.543 5.033 -6.235 0.616
P74969 5.257 4.713 -5.205 1.685
P74970 5.792 5.558 -5.221 0.550
P74971 5.170 5.504 -5.721 0.945
P74972 5.178 4.828 -5.419 0.990
P74974 5.287 5.373 -5.290 0.697
P74975 5.814 5.683 -7.041 0.571
P74976 5.620 4.877 -5.046 1.676
P74977 5.264 5.760 -6.336 0.917
P74978 5.116 5.310 -4.952 0.840
P74980 5.637 5.301 -5.314 1.273
P74982 5.758 5.622 -5.513 0.878
P74983 5.603 5.343 -4.608 1.037
P74984 5.387 5.178 -5.563 1.602
P74985 5.580 5.308 -4.968 2.425
P74987 4.784 4.720 -5.098 1.848
P74988 5.415 5.454 -4.479 0.869
P74990 5.406 4.922 -4.142 0.523
P74992 5.709 5.811 -5.813 1.054
P74993 5.422 5.134 -4.936 0.469
P74994 5.671 5.387 -5.977 1.173
P74995 5.782 5.617 -5.521 0.688
P74998 4.651 5.072 -5.384 1.021
P74999 5.278 5.162 -5.359 0.937
P75000 5.301 5.312 -5.529 2.263
P75001 5.670 5.541 -5.533 1.413
P75002 5.438 5.236 -5.543 0.615
P75004 4.803 4.753 -6.067 3.064
P75005 5.784 5.245 -4.670 1.427
P75006 5.335 5.227 -6.259 1.278
P75008 5.622 5.448 -5.625 2.776
P75009 5.392 5.197 -5.689 1.123
P75012 5.067 5.045 -4.522 1.182
P75014 5.733 6.003 -5.958 0.738
P75015 5.358 5.000 -5.777 1.090
P75016 5.427 4.961 -5.888 0.631
P75017 5.180 5.159 -5.601 1.157
P75018 5.428 5.231 -5.512 0.870
P75020 5.741 5.239 -5.467 1.845
P75021 5.510 4.433 -4.745 0.657
P75023 5.376 4.782 -5.570 0.696
P75025 5.523 5.418 -4.848 0.809
P75026 5.345 5.502 -4.894 2.349
P75028 5.674 4.938 -4.091 0.746
P75029 6.029 5.454 -5.549 2.218
P75030 5.637 5.105 -6.158 1.346
P75031 5.699 5.564 -4.890 0.708
P75032 5.177 5.157 -4.968 1.410
P75037 5.206 4.898 -4.345 2.072
P75039 5.631 5.683 -6.424 2.592
P75040 5.396 5.119 -5.695 1.441
P75041 5.589 5.218 -4.596 1.636
P75043 5.885 5.489 -4.729 0.708
P75045 6.169 5.365 -5.828 2.470
P75046 5.479 5.864 -4.624 2.048
P75048 5.845 5.385 -5.795 2.438
P75051 5.544 5.356 -6.515 2.505
P75052 6.255 6.092 -4.940 0.650
P75053 5.163 4.927 -5.606 0.646
P75054 5.572 5.368 -4.144 0.828
P75055 5.827 5.811 -5.245 1.151
P75056 5.589 5.572 -5.869 0.859
P75058 5.932 5.818 -4.593 1.774
P75059 5.569 5.454 -7.084 1.814
P75060 6.019 5.457 -6.088 2.215
P75061 6.189 5.560 -5.020 2.351
P75063 5.810 5.301 -5.349 1.082
P75064 5.480 5.595 -5.723 1.731
P75065 5.761 5.370 -5.586 0.703
P75066 5.397 4.988 -5.125 0.698
P75067 5.417 5.506 -5.852 0.861
P75068 6.484 5.952 -7.273 2.133
P75070 5.682 5.460 -6.609 1.940
P75071 6.246 5.643 -5.015 1.619
P75073 5.840 5.430 -5.018 1.659
P75074 6.060 5.384 -5.840 2.266
P75075 6.127 5.633 -5.368 0.974
P75077 3.710 3.394 -2.887 1.074
P75080 3.749 3.700 -4.004 1.207
P75081 3.756 3.542 -3.357 1.099
P75082 3.727 3.474 -3.465 1.032
P75084 3.538 3.706 -3.851 0.834
P75087 3.658 3.642 -3.813 1.501
P75094 4.134 4.208 -4.720 0.689
P75096 3.931 3.639 -4.305 1.422
P75098 4.142 4.243 -4.847 0.730
P75100 3.612 3.937 -3.855 1.279
P75102 3.964 3.894 -4.182 0.659
P75107 3.967 3.841 -4.832 0.780
P75112 3.587 3.309 -3.350 1.180
P75117 3.714 3.579 -4.101 1.647
P75118 3.709 3.461 -3.469 0.848
P75119 3.781 3.799 -3.940 1.574
P75129 3.736 3.571 -3.733 1.363
P75132 3.724 3.720 -3.616 1.133
P75134 3.883 3.643 -4.314 0.947
P75135 3.860 3.619 -4.281 1.269
P75137 3.878 4.096 -4.321 0.769
P75139 3.919 3.939 -5.149 0.548
P75141 3.800 3.594 -3.690 1.552
P75142 4.042 4.344 -5.050 1.728
P75143 3.904 3.770 -4.173 1.406
P75146 3.891 3.690 -4.012 1.206
P75147 3.855 3.766 -4.216 1.354
P75148 3.789 3.723 -3.874 1.373
P75155 3.981 3.863 -4.291 0.923
P75157 3.716 3.749 -4.635 1.146
P75159 3.836 3.761 -3.993 1.162
P75160 3.998 3.518 -3.820 1.536
P75161 3.751 3.423 -2.842 0.674
P75163 4.078 4.211 -4.565 0.940
P75164 3.872 3.712 -3.807 1.073
P75165 3.932 3.648 -3.585 1.196
P75166 3.711 3.803 -3.802 1.995
P75167 3.765 3.601 -3.485 0.570
P75168 3.659 3.622 -3.896 1.964
P75173 3.896 3.815 -4.242 1.236
P75174 3.902 3.364 -3.757 1.291
P75176 3.829 3.550 -3.458 0.875
P75177 3.739 3.429 -3.253 1.138
P75178 4.044 4.183 -4.594 0.908
P75179 4.131 4.127 -4.537 0.928
P75181 3.728 3.836 -4.645 0.647
P75184 4.067 3.791 -3.854 1.026
P75186 3.710 3.960 -5.168 1.277
P75188 4.057 3.632 -4.303 1.211
P75189 4.212 3.965 -4.515 1.041
P75192 4.041 3.995 -4.511 1.080
P75195 3.994 3.998 -4.630 0.549
P75196 3.885 3.766 -3.145 0.787
P75199 4.169 4.273 -4.741 1.158
P75207 4.002 3.724 -3.970 1.342
P75208 4.203 4.149 -4.489 1.241
P75209 4.078 3.916 -3.800 0.876
P75211 4.023 3.815 -4.513 1.554
P75214 3.993 3.567 -3.522 1.289
P75216 3.829 4.036 -4.572 0.569
P75218 3.753 3.665 -4.007 0.796
P75220 3.880 4.103 -4.617 1.002
P75230 3.868 3.691 -4.045 1.397
P75231 3.798 3.653 -4.122 1.087
P75232 4.181 4.310 -4.773 1.213
P75233 4.106 3.980 -4.454 1.305
P75234 3.880 3.535 -3.739 1.133
P75235 4.101 4.268 -4.739 1.151
P75236 4.037 3.905 -4.427 1.494
P75239 3.520 3.828 -4.823 1.130
P75242 3.865 3.972 -4.649 1.107
P75245 3.903 3.577 -3.435 0.865
P75246 4.094 3.843 -3.788 0.968
P75247 4.238 4.368 -4.669 1.102
P75248 3.781 3.487 -3.519 1.342
P75249 3.986 3.725 -3.908 1.390
P75250 4.248 4.218 -4.543 0.921
P75251 4.047 3.812 -3.921 2.375
P75253 4.005 3.676 -4.038 1.267
P75255 3.823 3.849 -3.625 1.077
P75256 3.894 3.626 -4.194 1.103
P75257 3.819 3.573 -4.229 0.836
P75258 3.987 3.916 -3.911 0.615
P75260 3.993 3.538 -3.624 1.154
P75261 4.023 3.928 -4.697 0.760
P75264 3.836 3.887 -4.654 0.684
P75267 3.970 3.985 -4.446 0.354
P75269 3.975 3.975 -4.454 1.120
P75271 4.044 3.841 -4.684 1.262
P75275 3.942 3.961 -4.754 0.935
P75282 3.732 3.597 -3.112 0.802
P75289 3.971 3.753 -3.242 1.423
P75293 4.071 3.994 -4.713 1.052
P75295 4.111 4.186 -4.520 0.777
P75302 4.185 3.888 -3.970 1.186
P75303 3.845 3.893 -4.911 1.377
P75306 3.986 3.886 -4.434 1.048
P75308 4.047 3.785 -3.994 1.247
P75310 4.158 4.253 -5.054 1.421
P75311 4.104 4.240 -4.590 0.996
P75312 3.996 3.685 -4.113 1.211
P75313 4.018 3.879 -4.334 1.454
P75314 4.136 4.263 -4.707 0.694
P75316 4.137 3.756 -3.982 1.380
P75318 4.002 4.194 -4.808 1.331
P75321 3.840 3.753 -4.217 1.568
P75325 3.961 3.861 -4.644 1.245
P75326 3.850 3.882 -4.651 2.191
P75327 4.027 3.843 -4.353 1.327
P75333 3.713 3.648 -4.123 1.761
P75334 4.004 3.725 -4.269 0.939
P75335 3.976 3.831 -4.091 1.368
P75338 4.079 3.926 -4.357 1.094
P75342 3.839 3.788 -4.912 1.659
P75343 3.802 3.850 -4.073 0.881
P75344 4.051 3.807 -3.852 1.290
P75348 3.885 4.079 -4.462 0.698
P75349 4.219 4.262 -4.686 0.900
P75351 3.564 3.741 -5.197 1.582
P75352 3.808 3.646 -4.397 1.169
P75355 3.785 3.252 -3.811 0.534
P75356 3.892 3.612 -3.690 0.649
P75357 3.903 3.690 -4.172 1.088
P75358 3.887 4.100 -5.157 1.343
P75360 3.924 4.025 -4.615 1.083
P75363 4.047 3.865 -4.553 1.239
P75364 4.165 3.753 -3.622 0.822
P75365 4.155 3.955 -3.808 1.175
P75366 3.835 3.911 -4.884 1.321
P75367 3.920 3.807 -4.033 0.558
P75368 3.777 3.819 -4.584 1.341
P75370 4.006 3.576 -4.040 1.015
P75371 3.499 3.659 -5.099 1.360
P75373 3.722 3.755 -4.545 1.180
P75374 3.830 3.483 -4.380 0.927
P75383 3.852 3.601 -3.431 0.613
P75384 4.030 3.786 -3.856 0.894
P75386 3.905 4.153 -4.624 0.981
P75392 3.668 3.432 -3.862 1.149
P75393 3.723 3.619 -3.716 0.633
P75394 3.614 3.353 -3.972 0.657
P75397 3.709 3.861 -4.887 1.537
P75403 4.112 4.405 -4.840 0.816
P75412 3.951 3.629 -4.466 1.322
P75413 3.872 3.623 -3.473 0.646
P75417 4.031 3.769 -3.859 0.804
P75419 4.053 3.814 -4.110 1.376
P75420 3.966 4.189 -4.757 1.649
P75421 3.888 3.611 -3.861 1.328
P75422 3.728 3.724 -3.997 1.507
P75424 4.076 4.021 -4.176 0.831
P75427 4.033 3.962 -4.239 1.293
P75431 3.996 4.004 -5.117 0.811
P75433 4.047 3.947 -4.635 1.180
P75435 4.226 3.835 -3.937 1.330
P75438 4.180 3.757 -3.825 1.206
P75440 4.302 4.017 -4.209 1.196
P75441 4.233 3.721 -3.619 0.813
P75442 4.007 3.768 -3.462 1.263
P75443 4.210 3.933 -4.003 1.425
P75445 4.178 3.785 -4.150 1.211
P75446 3.829 3.687 -4.248 1.382
P75448 4.400 4.290 -4.660 0.768
P75454 3.831 4.116 -4.905 1.699
P75457 3.795 3.699 -4.077 0.344
P75459 4.336 4.041 -4.339 2.080
P75461 4.295 4.421 -4.349 0.848
P75467 3.951 3.892 -4.473 0.994
P75468 4.207 3.882 -4.460 1.007
P75471 3.995 3.968 -4.537 1.381
P75473 4.268 3.743 -3.695 0.956
P75479 4.213 3.795 -4.300 1.315
P75481 4.079 4.065 -4.607 0.810
P75491 3.887 3.578 -3.945 1.016
P75492 3.956 3.550 -3.694 2.434
P75493 4.180 3.971 -4.209 0.971
P75494 3.925 3.826 -4.410 1.671
P75497 4.194 3.849 -3.942 1.390
P75498 3.959 3.727 -3.888 1.111
P75502 3.892 3.880 -4.496 1.353
P75504 3.954 3.525 -3.854 0.888
P75506 3.580 3.449 -4.051 0.562
P75512 3.799 3.665 -4.971 2.030
P75518 4.053 4.053 -4.696 1.004
P75520 4.134 3.741 -3.182 1.105
P75521 3.747 3.631 -3.884 0.590
P75522 4.214 4.183 -4.392 1.078
P75523 4.008 3.748 -4.405 1.328
P75525 4.133 4.043 -4.674 0.890
P75526 4.128 3.841 -4.441 0.972
P75528 4.200 4.174 -4.618 1.355
P75529 4.184 4.252 -4.857 1.097
P75532 4.301 3.887 -3.788 0.478
P75533 4.087 4.002 -4.519 1.681
P75535 4.205 3.981 -3.515 0.793
P75537 4.024 3.834 -3.590 1.316
P75538 4.180 3.985 -3.431 1.360
P75539 4.026 3.710 -3.851 1.072
P75540 4.006 3.814 -4.996 1.498
P75543 3.984 3.683 -4.574 1.090
P75546 3.861 3.788 -4.696 1.711
P75547 3.840 3.910 -4.707 1.737
P75551 4.209 3.858 -4.249 1.006
P75552 4.219 3.779 -3.912 1.322
P75553 4.096 3.806 -4.155 1.250
P75556 3.982 3.646 -3.402 0.712
P75558 4.162 3.866 -4.054 0.920
P75561 3.640 3.490 -3.847 0.424
P75562 3.941 3.900 -4.005 1.001
P75564 4.075 3.666 -3.726 1.259
P75569 4.133 4.004 -4.668 0.768
P75570 4.077 3.959 -4.558 2.270
P75572 4.076 4.012 -5.020 1.544
P75573 3.986 3.520 -3.499 0.820
P75575 4.271 4.068 -4.102 1.357
P75581 4.024 4.137 -4.826 0.876
P75584 3.998 3.877 -3.768 1.168
P75585 4.127 3.772 -3.778 0.824
P75586 3.728 3.770 -4.301 1.256
P75590 4.169 3.903 -4.063 1.178
P75592 3.978 3.895 -4.473 1.608
P75595 4.202 3.944 -4.298 1.261
P75597 3.907 3.749 -3.587 1.187
P75602 4.090 4.105 -4.537 0.527
P75603 3.704 3.854 -4.489 0.924
P75605 3.776 3.978 -5.169 1.752
P75606 3.900 3.735 -4.327 0.997
P75608 3.806 3.561 -4.064 1.000
P75609 4.082 3.771 -4.075 0.812
P75610 4.231 4.128 -4.564 1.070
P75613 4.188 4.180 -4.731 1.437
P75618 4.037 3.997 -5.153 0.639
P75619 3.992 3.813 -4.089 0.587
P75621 4.080 3.823 -4.303 1.120
P75622 4.354 4.212 -4.666 0.898
P75626 3.935 3.630 -4.188 0.921
P75628 4.160 3.795 -3.865 1.205
P75631 4.146 3.678 -3.832 1.484
P75632 3.792 3.984 -4.953 1.457
P75634 4.114 3.824 -3.750 0.830
P75636 4.195 4.082 -4.476 1.619
P75640 4.170 3.597 -3.523 0.867
P75641 4.056 3.855 -4.542 0.854
P75644 3.769 3.774 -3.853 1.919
P75646 4.182 3.752 -3.338 2.272
P75649 3.950 3.700 -4.150 0.828
P75653 4.021 3.791 -4.608 1.516
P75655 4.254 3.970 -4.030 1.151
P75657 4.036 3.607 -4.271 1.016
P75663 4.011 3.978 -5.186 0.645
P75664 4.053 3.784 -4.517 1.669
P75666 3.744 3.869 -5.247 1.295
P75668 3.899 3.854 -4.485 1.141
P75669 4.314 3.939 -3.876 1.130
P75671 4.259 3.841 -3.694 1.101
P75672 3.907 3.837 -4.051 0.544
P75673 4.060 3.535 -3.950 0.565
P75676 4.151 4.010 -4.453 0.645
P75678 3.890 3.917 -4.576 1.178
P75680 4.145 3.987 -4.183 1.017
P75683 4.136 3.842 -3.992 1.384
P75684 3.999 3.627 -4.319 1.405
P75685 3.999 3.607 -4.255 0.607
P75690 3.887 4.006 -5.065 0.774
P75691 4.070 3.781 -3.438 1.018
P75692 4.078 3.795 -3.501 1.136
P75693 4.221 3.947 -4.115 0.793
P75695 3.855 3.529 -3.836 1.495
P75696 4.101 4.019 -4.920 0.719
P75698 4.218 4.101 -4.713 1.761
P75701 4.092 3.949 -4.759 0.927
P75703 4.128 3.784 -3.968 1.110
P75705 3.807 3.538 -4.006 1.011
P75709 4.165 4.082 -4.498 1.370
P75711 4.154 4.083 -4.515 1.265
P75712 3.796 3.707 -3.878 0.661
P75715 3.648 3.715 -5.085 1.313
P75718 3.526 3.621 -4.297 1.064
P75720 3.662 3.804 -4.774 1.392
P75722 4.308 3.994 -4.083 1.220
P75723 4.174 3.786 -3.357 0.419
P75724 4.030 3.983 -4.971 0.809
P75726 4.258 4.152 -4.715 1.323
P75727 4.262 3.815 -4.191 0.769
P75733 4.029 3.734 -3.715 1.206
P75734 4.118 3.752 -4.148 1.279
P75737 4.062 4.059 -5.062 1.309
P75744 4.022 3.888 -4.501 1.167
P75746 4.116 3.597 -3.610 0.505
P75754 4.489 4.454 -4.711 0.908
P75761 4.277 4.048 -4.104 1.217
P75764 4.385 4.181 -4.456 1.037
P75766 4.323 4.152 -4.168 0.593
P75768 4.408 4.152 -4.070 0.605
P75771 4.365 4.218 -4.429 1.344
P75774 4.122 3.989 -3.824 1.057
P75780 3.856 3.960 -4.987 0.922
P75781 4.151 4.052 -4.231 2.151
P75782 4.081 4.070 -5.276 1.003
P75786 4.124 4.252 -4.957 0.750
P75790 4.220 4.165 -4.784 1.991
P75794 4.189 3.952 -3.769 0.805
P75795 4.346 3.851 -3.620 1.078
P75796 4.149 4.006 -4.182 2.728
P75799 3.953 3.947 -5.051 1.239
P75800 4.010 4.261 -4.781 1.166
P75801 4.113 3.952 -3.924 1.733
P75802 3.998 3.831 -3.699 1.542
P75803 4.020 3.644 -3.840 0.786
P75807 4.062 4.085 -4.678 0.598
P75818 4.074 3.703 -4.300 1.308
P75819 4.062 3.855 -4.245 1.084
P75824 4.149 4.013 -4.491 0.906
P75828 4.017 3.890 -3.962 0.865
P75833 4.150 4.077 -4.312 0.870
P75840 4.311 4.255 -4.633 0.296
P75860 4.360 4.175 -4.351 1.129
P75862 4.527 4.258 -4.384 1.575
P75864 4.510 3.793 -4.075 1.277
P75866 4.233 4.034 -3.796 0.615
P75874 3.955 3.742 -4.205 0.735
P75884 4.453 4.391 -4.679 1.581
P75889 4.145 4.209 -4.607 0.586
P75892 3.954 3.701 -4.122 1.147
P75902 4.214 4.351 -4.829 0.609
P75903 3.825 3.572 -3.835 2.516
P75904 3.913 3.715 -3.773 1.092
P75909 4.174 3.731 -4.434 0.787
P75911 4.023 4.288 -4.892 1.107
P75913 3.982 3.919 -4.274 1.319
P75914 4.246 4.127 -3.347 1.853
P75915 4.123 3.652 -3.745 2.372
P75917 4.029 3.909 -4.547 1.178
P75920 3.914 3.804 -4.807 1.421
P75921 4.074 4.323 -5.730 1.515
P75926 4.427 4.256 -4.619 0.639
P75928 4.139 4.282 -4.960 0.641
P75935 4.041 3.897 -4.665 1.699
P75939 4.333 3.997 -4.539 1.197
P75941 4.074 4.181 -3.842 0.965
P75942 4.251 3.849 -3.957 1.141
P75944 4.536 4.314 -4.570 0.805
P75945 3.964 4.156 -4.887 0.736
P75951 4.327 4.391 -4.587 0.925
P75954 4.541 4.386 -4.494 0.945
P75955 4.205 4.332 -4.469 1.138
P75962 4.054 3.914 -4.445 1.096
P75964 4.050 4.249 -5.490 2.137
P75965 4.197 3.999 -4.776 0.823
P75968 4.400 3.978 -4.793 0.913
P75971 4.617 4.343 -4.602 1.021
P75972 4.211 4.484 -5.163 0.871
P75976 4.033 3.838 -4.853 1.571
P75977 4.203 3.909 -4.582 1.174
P75978 3.919 4.062 -3.690 1.477
P75979 4.023 3.627 -3.542 1.517
P75980 4.114 3.870 -3.745 0.798
P75982 4.080 3.919 -4.290 1.147
P75987 4.084 3.930 -4.841 1.668
P75989 4.457 4.382 -4.249 1.171
P75990 4.249 4.120 -4.544 1.222
P75993 3.766 3.720 -3.745 0.768
P75994 3.698 3.477 -4.755 1.532
P75995 3.771 3.828 -4.314 0.917
P76001 4.234 4.385 -4.902 0.674
P76002 4.068 4.057 -4.460 0.374
P76005 4.087 3.747 -4.018 0.999
P76010 3.957 3.918 -3.540 1.525
P76012 4.536 4.172 -4.227 1.351
P76014 4.487 4.276 -4.542 1.314
P76017 4.146 4.168 -4.721 1.196
P76018 4.444 4.100 -4.204 1.274
P76023 3.955 3.761 -3.826 0.649
P76024 4.197 4.068 -4.336 1.052
P76025 4.179 3.949 -4.053 1.310
P76026 3.784 3.752 -3.759 0.951
P76028 4.118 4.203 -4.191 1.044
P76030 3.854 3.878 -4.723 1.155
P76034 4.258 4.310 -4.828 1.326
P76035 3.921 4.201 -5.426 2.076
P76036 4.241 3.980 -3.839 1.487
P76038 4.078 4.076 -3.932 0.562
P76040 3.957 3.825 -4.780 0.385
P76041 4.093 4.022 -4.684 2.131
P76046 3.919 4.077 -4.804 1.429
P76047 3.992 3.802 -4.161 1.444
P76049 4.101 3.651 -4.137 2.514
P76053 4.103 3.733 -3.412 2.397
P76056 4.015 4.105 -4.004 2.254
P76057 4.341 3.939 -3.920 0.756
P76060 3.975 3.808 -5.104 1.892
P76062 4.163 3.916 -4.211 1.274
P76064 4.238 4.018 -4.315 0.723
P76067 4.328 4.319 -5.793 2.385
P76070 4.308 4.142 -3.879 1.475
P76073 3.968 3.504 -4.550 1.702
P76077 4.269 4.135 -4.173 1.283
P76079 4.273 4.465 -5.901 1.483
P76081 3.993 3.956 -4.325 1.597
P76082 4.454 3.999 -3.400 1.764
P76088 4.200 4.328 -4.914 1.164
P76089 3.963 3.824 -3.810 1.003
P76090 4.083 3.767 -4.746 1.415
P76091 4.430 4.309 -4.774 1.779
P76094 4.607 4.582 -4.606 0.915
P76096 4.564 4.368 -4.985 1.612
P76099 4.160 4.302 -5.069 1.034
P76100 4.449 4.253 -4.530 0.848
P76110 4.012 3.435 -3.821 1.189
P76112 4.328 3.979 -4.048 0.725
P76115 3.897 3.820 -4.392 1.072
P76116 3.956 3.785 -3.532 1.143
P76117 4.128 3.988 -3.997 1.513
P76118 4.068 4.027 -4.198 0.979
P76119 4.051 3.924 -4.690 1.533
P76120 4.531 4.461 -4.447 0.729
P76123 4.223 3.999 -4.459 1.329
P76126 4.189 4.285 -4.758 1.304
P76129 4.193 3.789 -4.344 2.103
P76130 4.461 4.279 -4.630 1.691
P76131 4.134 3.867 -3.449 1.287
P76135 4.076 4.050 -4.906 1.411
P76136 4.257 3.900 -3.602 0.873
P76137 4.611 4.412 -4.699 1.223
P76138 3.962 3.690 -3.971 0.904
P76140 4.130 3.971 -4.608 1.684
P76142 4.531 4.453 -4.850 0.630
P76143 4.147 4.052 -4.630 1.041
P76146 4.289 4.182 -4.828 0.833
P76149 4.040 4.232 -4.956 0.836
P76150 3.945 4.090 -5.384 0.873
P76158 4.044 3.880 -3.475 0.634
P76160 3.764 3.985 -5.284 1.507
P76166 3.854 3.724 -4.274 0.779
P76168 3.851 3.908 -3.546 1.030
P76169 3.978 4.137 -4.731 1.137
P76170 4.420 3.957 -4.263 1.739
P76172 3.983 3.783 -3.999 0.458
P76174 4.005 3.928 -4.523 1.333
P76179 4.401 4.380 -4.160 0.151
P76181 4.087 3.857 -3.705 0.822
P76183 3.985 3.734 -6.047 1.633
P76184 3.851 3.908 -4.608 1.388
P76185 3.896 3.851 -5.083 0.452
P76186 4.104 3.981 -4.187 0.738
P76189 4.061 4.009 -4.655 1.134
P76190 4.159 3.837 -4.530 1.424
P76193 4.445 4.262 -4.690 0.882
P76194 4.086 3.764 -5.266 2.448
P76197 4.170 4.105 -3.796 0.834
P76200 4.367 4.009 -5.002 0.857
P76203 3.918 3.619 -4.465 1.156
P76204 4.034 3.885 -4.517 1.788
P76206 4.419 4.177 -4.134 0.886
P76208 3.804 3.700 -3.843 0.591
P76209 4.158 3.800 -3.838 0.981
P76210 4.495 4.346 -4.727 1.150
P76211 3.823 4.069 -5.449 2.581
P76212 4.174 3.653 -4.460 0.948
P76221 3.986 3.538 -4.000 0.849
P76222 3.814 3.727 -3.702 0.623
P76224 3.972 3.811 -4.222 1.275
P76225 4.135 3.692 -4.183 0.966
P76227 3.755 3.506 -4.764 1.615
P76229 4.522 4.337 -4.729 1.044
P76230 3.955 3.795 -3.949 0.871
P76231 4.271 4.181 -4.079 0.833
P76232 4.061 3.833 -4.051 0.986
P76234 4.015 4.384 -4.146 0.887
P76235 4.599 4.487 -4.720 0.911
P76236 4.142 4.079 -4.872 1.699
P76237 4.476 4.471 -4.776 0.839
P76239 3.998 3.788 -3.998 0.482
P76242 4.093 3.901 -4.678 1.549
P76246 3.942 3.851 -4.094 0.646
P76250 4.174 3.977 -4.552 1.110
P76251 4.468 4.495 -5.117 0.950
P76252 4.589 4.488 -4.829 0.891
P76253 4.525 4.285 -4.448 1.048
P76254 4.015 3.961 -4.823 1.251
P76256 4.087 4.226 -4.010 0.541
P76257 4.090 3.941 -4.424 0.464
P76259 4.514 3.795 -3.774 1.006
P76260 4.137 3.968 -3.431 1.169
P76261 4.201 4.185 -3.905 0.719
P76266 4.535 4.579 -4.633 0.801
P76267 4.404 4.228 -4.704 0.899
P76270 4.251 4.430 -4.670 0.835
P76276 4.526 4.316 -4.374 0.818
P76277 4.224 3.810 -4.017 1.122
P76280 4.166 3.775 -4.216 0.809
P76281 4.577 3.822 -3.797 0.981
P76282 4.057 3.772 -3.858 0.486
P76284 4.174 3.962 -4.391 0.815
P76285 4.318 3.946 -3.540 0.877
P76293 4.431 4.530 -5.751 0.661
P76297 4.210 4.283 -4.731 2.010
P76306 4.538 4.473 -4.478 0.622
P76309 4.683 4.340 -4.792 0.704
P76312 3.890 3.552 -4.267 0.424
P76313 4.327 4.364 -2.341 0.683
P76314 4.113 4.141 -4.409 2.068
P76315 4.577 4.428 -4.480 0.994
P76320 4.482 4.455 -5.384 0.615
P76326 4.740 4.515 -4.676 1.274
P76327 4.493 4.154 -4.515 1.103
P76333 4.379 4.301 -3.990 1.026
P76336 4.257 4.147 -4.851 0.953
P76341 4.226 3.864 -4.132 1.094
P76342 4.097 4.062 -3.541 1.020
P76345 4.149 3.719 -3.889 0.578
P76347 4.386 4.299 -4.845 0.943
P76351 4.044 3.757 -4.204 0.735
P76352 4.658 4.298 -3.726 0.514
P76357 4.078 4.167 -4.759 0.976
P76358 4.427 4.343 -4.115 0.876
P76359 4.299 3.843 -3.635 0.879
P76362 4.389 4.501 -6.698 0.710
P76363 4.655 4.379 -4.874 1.659
P76366 4.534 4.435 -4.675 0.894
P76369 4.192 4.304 -6.336 0.543
P76370 4.216 4.178 -5.755 0.386
P76371 4.466 4.108 -4.893 1.257
P76377 4.341 4.532 -6.069 1.422
P76378 4.186 4.221 -4.149 0.585
P76380 4.151 3.808 -4.164 0.442
P76381 3.898 3.851 -4.541 1.326
P76384 4.557 4.045 -3.989 2.368
P76386 4.461 4.578 -5.752 1.550
P76388 4.011 3.860 -3.944 1.076
P76389 4.097 4.240 -5.693 0.598
P76390 4.293 3.958 -5.503 1.029
P76392 4.014 3.820 -4.663 0.766
P76396 4.316 4.081 -4.545 1.110
P76397 3.948 3.709 -4.302 0.954
P76398 3.871 4.091 -5.813 0.470
P76399 4.438 4.408 -6.000 0.449
P76400 4.215 4.115 -4.724 0.818
P76401 3.975 3.805 -4.776 1.381
P76402 4.567 4.249 -4.824 1.041
P76407 4.119 4.116 -4.875 1.693
P76408 4.076 3.774 -4.351 0.884
P76409 3.872 3.849 -4.880 1.407
P76412 3.949 3.856 -4.883 1.718
P76413 4.585 4.208 -4.416 1.217
P76415 4.424 4.163 -4.713 1.343
P76418 4.634 4.410 -4.739 0.887
P76422 4.133 4.372 -3.811 1.612
P76425 4.332 3.842 -3.525 0.990
P76427 4.671 4.443 -4.563 0.761
P76429 4.664 4.477 -4.855 0.912
P76431 4.222 4.064 -4.482 1.087
P76432 4.165 3.975 -4.014 1.427
P76434 4.374 4.378 -3.907 1.034
P76437 4.339 4.641 -6.375 1.875
P76440 4.143 3.773 -3.711 0.442
P76442 4.601 4.601 -4.799 0.999
P76445 4.401 4.405 -5.111 0.759
P76446 4.137 4.048 -4.003 1.104
P76454 4.228 4.271 -5.380 0.280
P76456 4.444 4.366 -4.729 1.648
P76457 4.421 4.331 -4.355 1.457
P76459 4.517 4.369 -4.943 1.528
P76462 4.338 4.466 -5.710 0.924
P76464 4.710 4.656 -4.836 0.819
P76466 4.500 4.134 -4.529 0.907
P76467 4.538 4.247 -4.237 0.776
P76468 4.646 4.357 -3.849 1.073
P76469 4.521 4.291 -4.629 0.914
P76470 4.073 3.674 -4.199 1.300
P76471 4.136 3.636 -4.324 1.046
P76473 4.349 4.248 -3.575 1.013
P76474 4.390 3.953 -4.337 0.896
P76475 4.163 3.766 -4.009 1.344
P76477 4.290 3.974 -3.960 1.181
P76478 4.489 4.278 -4.731 0.994
P76479 4.589 4.194 -5.021 1.072
P76482 4.078 3.690 -3.452 1.361
P76483 4.091 4.192 -4.928 1.196
P76484 4.194 4.218 -4.585 1.335
P76485 4.420 4.508 -5.202 0.887
P76487 4.373 4.264 -5.676 1.270
P76491 4.137 3.687 -4.489 1.239
P76492 4.109 4.014 -4.925 0.819
P76493 4.158 4.142 -4.340 0.387
P76496 4.018 3.853 -3.650 0.803
P76497 4.625 4.355 -5.188 0.811
P76498 4.346 4.096 -4.907 0.999
P76499 4.293 3.864 -3.863 0.761
P76502 3.932 3.825 -4.827 1.537
P76503 4.421 4.026 -4.526 1.776
P76504 4.591 4.295 -4.386 0.812
P76505 4.528 4.076 -3.517 1.312
P76507 4.578 4.047 -4.551 1.254
P76508 4.275 4.334 -2.121 2.290
P76509 3.891 3.805 -4.944 1.559
P76512 4.593 4.354 -4.936 1.297
P76513 4.454 4.603 -5.252 1.076
P76515 4.101 4.178 -4.200 1.398
P76519 4.056 4.140 -3.970 1.311
P76520 4.279 4.021 -3.996 1.134
P76521 4.631 4.497 -4.849 1.304
P76524 4.561 4.243 -4.709 0.869
P76526 4.224 4.097 -4.315 0.499
P76528 4.615 4.537 -4.955 1.201
RGHZSASRGFOXQA-UHFFFAOYSA-N-P337-P126-P337-601526 5.592 5.677 -8.834 0.348
GDZAABKVXBSQEZ-UHFFFAOYSA-N-P288-P178-P288-601526 5.760 5.809 -10.529 0.967
NOAAROLXSJEELS-UHFFFAOYSA-N-P288-P178-P288-601526 5.788 5.805 -10.626 0.972
VHFCAHLQHNTGFJ-UHFFFAOYSA-N-P288-P178-P288-601526 5.765 5.816 -10.577 1.242
SDOQTPUMEXRLDM-UHFFFAOYSA-N-P178-P178-P288-601526 5.813 5.714 -10.346 1.234
GVWIHBIBEJNYEH-UHFFFAOYSA-N-P178-P178-P288-601526 5.939 5.616 -10.085 1.465
PHSBQOWJNFCZBH-UHFFFAOYSA-N-P288-P178-P288-601526 5.906 5.934 -10.312 1.072
FWMQLMYBMDGDPT-UHFFFAOYSA-N-P178-P178-P288-601526 6.175 6.113 -9.557 1.286
VOVDBENHIZRNOS-UHFFFAOYSA-N-P288-P178-P288-601526 6.083 5.719 -8.371 2.038
GHZOWFRCUIOQHF-UHFFFAOYSA-N-P178-P178-P288-601526 6.219 5.571 -7.452 1.824
JQEIDFVBSDOEHZ-UHFFFAOYSA-N-P178-P178-P288-601526 6.144 5.570 -8.240 2.115
LHPDRWDWXQABJZ-UHFFFAOYSA-N-P288-P178-P288-601526 6.240 6.042 -6.029 0.632
RZCCWBLMDPVIBO-UHFFFAOYSA-N-P301-P214-P301-601526 5.558 5.453 -7.550 0.553
RAJDPSICUSKCMO-UHFFFAOYSA-N-P301-P214-P301-601526 5.624 5.265 -7.929 1.234
ADGHGTBLPQHOCM-UHFFFAOYSA-N-P214-P214-P301-601526 5.842 5.191 -8.328 1.492
RWQRSTJNVOGQIH-UHFFFAOYSA-N-P301-P214-P301-601526 5.704 5.603 -7.247 0.405
NUAAYKYDGCZRCQ-UHFFFAOYSA-N-P301-P214-P301-601526 5.503 5.394 -8.118 0.478
PISLUNXJGWEFNY-UHFFFAOYSA-N-P301-P214-P301-601526 5.746 5.354 -7.332 0.952
YRIPQWNIHSFYGM-UHFFFAOYSA-N-P301-P214-P301-601526 5.717 5.607 -8.268 0.488
MYSYHPXYYCVQOW-UHFFFAOYSA-N-P214-P214-P301-601526 5.626 5.290 -7.408 0.882
ZSYOCLOOTAWKGX-UHFFFAOYSA-N-P224-P110-P224-601526 5.989 5.260 -6.617 2.396
IJJIQIFRAHDFRB-UHFFFAOYSA-N-P224-P110-P224-601526 5.872 5.318 -5.556 2.266
LTGNPPWXLXHJLJ-UHFFFAOYSA-N-P110-P110-P224-601526 6.327 5.826 -5.764 1.433
WDJKIIXSCMGOCX-UHFFFAOYSA-N-P308-P269-P308-601526 5.972 5.825 -9.896 0.690
ULDLPYGZHWOFJD-UHFFFAOYSA-N-P308-P269-P308-601526 6.325 5.935 -7.726 1.456
PJTOUAKFIMDBTO-UHFFFAOYSA-N-P24-P24-P295-601526 5.994 6.003 -8.760 0.579
QSWOAURHZNNATI-UHFFFAOYSA-N-P24-P24-P295-601526 5.934 5.965 -8.611 0.407
GDHGWYIIRZNFTH-UHFFFAOYSA-N-P7-P7-P159-601526 5.095 4.973 -4.495 0.733
VSCXCVYNBRQMKG-UHFFFAOYSA-N-P159-P7-P159-601526 5.109 4.935 -5.569 0.757
RQLGMFWEYIWBIO-UHFFFAOYSA-N-P159-P7-P159-601526 4.918 4.963 -5.869 0.824
IGWZNGUMSSUANC-UHFFFAOYSA-N-P159-P7-P159-601526 5.228 5.124 -5.429 0.604
ODABDEBRYYYUHT-UHFFFAOYSA-N-P51-P51-P91-601526 4.609 5.026 -5.450 1.889
BPLJQOCLYHDJPR-UHFFFAOYSA-N-P91-P51-P91-601526 5.288 5.068 -5.387 1.259
QFIYVFXZIMKDLV-UHFFFAOYSA-N-P51-P51-P91-601526 4.971 5.040 -4.935 2.172
FRGPSQVHHKBARJ-UHFFFAOYSA-N-P51-P51-P91-601526 5.355 5.041 -4.943 1.716
RVBJKPBDGJNRJN-UHFFFAOYSA-N-P51-P51-P91-601526 4.876 5.040 -4.877 1.738
WKISXCHXHAFHMX-UHFFFAOYSA-N-P94-P91-P94-601526 5.382 5.375 -5.933 0.948
LKUWXKKWWGPMMT-UHFFFAOYSA-N-P94-P91-P94-601526 5.506 5.306 -5.704 1.113
LBFGHCVOTUMGIL-UHFFFAOYSA-N-P94-P91-P94-601526 5.247 5.257 -6.152 1.012
FYATZSXLEPKAGQ-UHFFFAOYSA-N-P94-P91-P94-601526 5.092 5.358 -6.616 1.444
OYKFPACNNGTTDU-UHFFFAOYSA-N-P91-P91-P94-601526 5.409 5.347 -5.463 1.132
GFTTZQFHMKOLHO-UHFFFAOYSA-N-P94-P91-P94-601526 5.877 5.893 -5.872 1.172
WTMJGLVTKCGDIS-UHFFFAOYSA-N-P94-P91-P94-601526 5.279 5.462 -6.202 0.965
VLPNTVXEWCMPHU-UHFFFAOYSA-N-P94-P91-P94-601526 5.703 5.919 -6.204 0.538
MEDUNHYPVPCNKM-UHFFFAOYSA-N-P94-P91-P94-601526 5.988 6.011 -6.064 1.310
RXAQOAJDTXGSMN-UHFFFAOYSA-N-P94-P91-P94-601526 5.582 5.546 -5.887 1.189
IXQYOKHGBOSDNI-UHFFFAOYSA-N-P91-P91-P94-601526 5.661 5.731 -6.598 1.309
UXGFPEUNXVFLIG-UHFFFAOYSA-N-P94-P91-P94-601526 5.746 5.759 -5.787 1.703
KVVMYNRLQLZVKW-UHFFFAOYSA-N-P94-P91-P94-601526 5.653 5.875 -6.436 0.906
GARGFVQINWBCSB-UHFFFAOYSA-N-P91-P91-P94-601526 5.909 6.005 -5.946 1.659
OYGSLWRIBKJOON-UHFFFAOYSA-N-P91-P91-P94-601526 5.883 6.162 -6.666 0.964
HLVSEPIWORWGBR-UHFFFAOYSA-N-P94-P91-P94-601526 6.282 6.452 -6.306 1.627
FSCRKONAWXWWCQ-UHFFFAOYSA-N-P84-P29-P84-601526 5.028 4.962 -6.274 1.521
LLTOLTRJIQDLHP-UHFFFAOYSA-N-P84-P29-P84-601526 5.508 5.179 -6.220 1.131
RXAUJQLQQGEIFK-UHFFFAOYSA-N-P29-P29-P84-601526 5.208 5.080 -6.300 1.410
JCUQTWHDKVCYIY-UHFFFAOYSA-N-P29-P29-P84-601526 5.251 4.855 -6.727 2.273
HQDXLFQUKACCNC-UHFFFAOYSA-N-P29-P29-P84-601526 5.424 5.244 -6.104 1.013
QXWBNHONDIFDSB-UHFFFAOYSA-N-P29-P29-P84-601526 5.141 4.832 -6.164 2.241
XDRQCBRNULXMSS-UHFFFAOYSA-N-P84-P29-P84-601526 5.061 4.973 -6.424 2.113
XDLSOORXGLUXRB-UHFFFAOYSA-N-P84-P29-P84-601526 5.276 5.145 -6.112 1.079
SPZUELNJYLVVHO-UHFFFAOYSA-N-P29-P29-P84-601526 5.471 5.214 -6.272 1.674
ISKJMDZZKPGIGC-UHFFFAOYSA-N-P29-P29-P84-601526 5.283 4.928 -6.162 2.256
UUSZCJBZBRPTRA-UHFFFAOYSA-N-P29-P29-P84-601526 5.439 5.234 -6.118 1.063
LZLCMQGMCUTNON-UHFFFAOYSA-N-P29-P29-P84-601526 5.508 5.130 -6.442 1.866
UIFLPKYZUNBPIN-UHFFFAOYSA-N-P29-P29-P84-601526 5.305 5.156 -6.152 1.393
RTMXOCVYXJBOGJ-UHFFFAOYSA-N-P29-P29-P84-601526 5.215 4.887 -5.401 1.507
LWKCJZTWADOCPA-UHFFFAOYSA-N-P29-P29-P84-601526 5.162 5.269 -6.322 2.324
YMVKUAHJYLQHMZ-UHFFFAOYSA-N-P84-P29-P84-601526 5.782 5.669 -5.323 1.092
DIANHGOPLMCXIO-UHFFFAOYSA-N-P29-P29-P84-601526 5.177 4.805 -6.258 1.675
VCOUTMHNSKANBV-UHFFFAOYSA-N-P84-P29-P84-601526 5.389 5.106 -5.884 1.541
ZBROLQGYBONJND-UHFFFAOYSA-N-P29-P29-P84-601526 5.420 5.326 -6.521 1.558
SUXFJNHVYRXINY-UHFFFAOYSA-N-P84-P29-P84-601526 5.215 5.178 -6.503 2.155
WTLMDQHHDUHLRB-UHFFFAOYSA-N-P29-P29-P84-601526 5.402 5.297 -6.394 1.025
VFDCPGDXNSUVGO-UHFFFAOYSA-N-P84-P29-P84-601526 5.477 5.415 -6.210 0.960
JJUYFRHAYYPQEA-UHFFFAOYSA-N-P84-P29-P84-601526 5.169 5.161 -5.938 1.372
JKNPJEDORIPPLC-UHFFFAOYSA-N-P84-P29-P84-601526 5.505 5.411 -6.284 0.929
XROZIARETOKJRZ-UHFFFAOYSA-N-P84-P29-P84-601526 5.178 5.014 -5.896 0.778
GJTIMWBHYAGVBN-UHFFFAOYSA-N-P29-P29-P84-601526 5.454 5.236 -6.593 1.626
MRBQGPVAMBEZQJ-UHFFFAOYSA-N-P29-P29-P84-601526 5.215 5.103 -6.319 1.382
XBLIUXJNNVAESD-UHFFFAOYSA-N-P84-P29-P84-601526 5.534 5.380 -5.696 1.037
RMSYTVGRYQMSSH-UHFFFAOYSA-N-P29-P29-P84-601526 5.555 5.006 -5.964 1.988
TXKCQXXYHFSUFV-UHFFFAOYSA-N-P84-P29-P84-601526 5.539 5.248 -4.881 1.729
JRYGQCXTOUQVLA-UHFFFAOYSA-N-P84-P29-P84-601526 5.456 5.386 -6.438 1.102
JMVWRVNPHBVWBG-UHFFFAOYSA-N-P84-P29-P84-601526 5.631 5.422 -5.484 0.920
NBMVIWGQXWVSLH-UHFFFAOYSA-N-P84-P29-P84-601526 5.544 5.297 -5.765 1.032
CNAQHLYJGMHFSP-UHFFFAOYSA-N-P84-P29-P84-601526 5.372 5.356 -6.366 1.259
XZIVGKFHNFUWSP-UHFFFAOYSA-N-P29-P29-P84-601526 5.313 5.067 -5.358 1.713
GFENYIPTFGNEEO-UHFFFAOYSA-N-P84-P29-P84-601526 5.472 5.332 -6.254 1.636
OSBUZNVVWRXCNV-UHFFFAOYSA-N-P84-P29-P84-601526 5.049 4.960 -6.512 0.782
BDGMXKVFMNVKBS-UHFFFAOYSA-N-P29-P29-P84-601526 5.739 5.249 -5.511 2.894
HFPVCDUSEFCRJC-UHFFFAOYSA-N-P84-P29-P84-601526 5.338 5.372 -5.913 1.120
ZOJFWVXHPFLAFA-UHFFFAOYSA-N-P84-P29-P84-601526 5.509 5.397 -5.158 1.093
DQRIAKFQXXXWOW-UHFFFAOYSA-N-P29-P29-P84-601526 5.537 5.216 -6.179 2.316
LIVHXKFPPFBXGZ-UHFFFAOYSA-N-P84-P29-P84-601526 5.257 5.376 -6.569 0.974
VHLOPYRIYFFLAH-UHFFFAOYSA-N-P84-P29-P84-601526 5.546 5.387 -5.279 0.465
URWBNBSQXPVUGU-UHFFFAOYSA-N-P84-P29-P84-601526 5.406 5.221 -6.302 1.023
OPIAANXHCHHUGR-UHFFFAOYSA-N-P84-P29-P84-601526 5.686 5.342 -6.142 1.947
OLGJLUIBQMGOEZ-UHFFFAOYSA-N-P84-P29-P84-601526 5.686 5.649 -6.111 1.096
KNLACQXEJULGTC-UHFFFAOYSA-N-P84-P29-P84-601526 5.471 5.314 -6.315 1.210
LVTFCAMATWTFEP-UHFFFAOYSA-N-P29-P29-P84-601526 5.857 4.857 -5.873 2.207
DPYCUGBZTADEGM-UHFFFAOYSA-N-P84-P29-P84-601526 5.456 5.168 -5.768 1.362
GBTNAKZNVGAUNQ-UHFFFAOYSA-N-P84-P29-P84-601526 5.613 5.208 -6.003 1.697
MTOSJZWYYLWSEZ-UHFFFAOYSA-N-P29-P29-P84-601526 5.684 5.291 -6.181 2.074
XSPPWEOPEVXPCX-UHFFFAOYSA-N-P84-P29-P84-601526 5.755 5.225 -5.161 1.557
QRLOOALLCAKYGI-UHFFFAOYSA-N-P29-P29-P84-601526 5.815 5.465 -5.835 1.429
ZQGNFABOKRATLF-UHFFFAOYSA-N-P29-P29-P84-601526 5.691 5.360 -5.537 1.723
OILFHAGLQLLAHT-UHFFFAOYSA-N-P29-P29-P84-601526 5.514 5.280 -6.341 1.936
FEYWWJNYGQTBMQ-UHFFFAOYSA-N-P84-P29-P84-601526 5.206 5.075 -5.559 1.565
PTIRTZVAUQIROX-UHFFFAOYSA-N-P84-P29-P84-601526 5.647 5.741 -6.521 0.707
BHZQMFAAQYMVEG-UHFFFAOYSA-N-P29-P29-P84-601526 5.888 5.674 -5.411 1.658
DSAUVGXYBPDVLR-UHFFFAOYSA-N-P84-P29-P84-601526 5.951 5.837 -6.001 0.564
JIWVFBQRMQSJFP-UHFFFAOYSA-N-P29-P29-P84-601526 5.570 5.446 -6.171 0.782
YEROUSOGYPTTST-UHFFFAOYSA-N-P84-P29-P84-601526 5.912 5.548 -7.017 1.714
AJRALRLBZHYVHD-UHFFFAOYSA-N-P29-P29-P84-601526 6.232 5.656 -6.066 1.569
ZWMKNXWDQLYGSI-UHFFFAOYSA-N-P84-P29-P84-601526 6.204 5.423 -5.918 1.555
DOXQJTOVLPIJRZ-UHFFFAOYSA-N-P84-P29-P84-601526 5.469 5.361 -6.048 1.506
ZJCZNIXTNNUWKP-UHFFFAOYSA-N-P84-P29-P84-601526 6.043 5.807 -6.922 3.460
ZAEKCVTZSLEHJZ-UHFFFAOYSA-N-P84-P29-P84-601526 6.289 5.595 -6.142 1.499
ZFZOIUFYEFPDCY-UHFFFAOYSA-N-P84-P29-P84-601526 5.736 5.525 -5.986 0.534
ABQWUBOVTVUJDV-UHFFFAOYSA-N-P29-P29-P84-601526 6.139 5.835 -7.017 1.250
VOGXJSKNDDUTAF-UHFFFAOYSA-N-P29-P29-P84-601526 5.589 5.691 -5.724 1.320
CGYCNTQDACJBJH-UHFFFAOYSA-N-P29-P29-P84-601526 6.129 5.749 -5.865 3.481
YHGOGNUBBZUEQK-UHFFFAOYSA-N-P84-P29-P84-601526 6.237 5.728 -6.210 2.099
ZHCIEICHTCKGSI-UHFFFAOYSA-N-P59-P48-P59-601526 4.601 4.517 -4.796 2.782
VVHBWTZGMREMOF-UHFFFAOYSA-N-P48-P48-P59-601526 4.514 4.533 -3.952 2.656
RTNSYIXCOOVPMM-UHFFFAOYSA-N-P48-P48-P59-601526 4.654 4.430 -4.046 2.568
UHDMGYVXGIYXAO-UHFFFAOYSA-N-P86-P35-P86-601526 3.629 3.797 -3.764 1.637
XFCSLLJWWDRKTK-UHFFFAOYSA-N-P86-P35-P86-601526 3.574 3.661 -3.649 1.154
NWYAKWVTXMBMGQ-UHFFFAOYSA-N-P86-P35-P86-601526 3.767 3.600 -3.411 0.541
IIMXXAKKLQLHAI-UHFFFAOYSA-N-P35-P35-P86-601526 3.916 3.748 -4.411 1.001
JVHLCAFTYUVRDP-UHFFFAOYSA-N-P86-P35-P86-601526 3.494 3.524 -4.324 1.429
IMIQFANMEGDZIA-UHFFFAOYSA-N-P35-P35-P86-601526 3.803 3.911 -4.234 0.751
ZCHXCJGZRNCXCH-UHFFFAOYSA-N-P86-P35-P86-601526 3.475 3.870 -4.167 2.292
YLMCQPSIVOTNIJ-UHFFFAOYSA-N-P86-P35-P86-601526 3.557 3.630 -3.825 1.399
CENRXKHSTBPKPG-UHFFFAOYSA-N-P86-P35-P86-601526 3.715 3.682 -3.765 1.367
BPBCYBSJNKWOSY-UHFFFAOYSA-N-P86-P35-P86-601526 3.715 3.658 -3.655 0.858
LCFCAIXYWWBKFU-UHFFFAOYSA-N-P86-P35-P86-601526 3.669 3.622 -3.705 1.059
RFALVEDOEVHVJR-UHFFFAOYSA-N-P86-P35-P86-601526 3.884 3.858 -4.155 0.979
AGRLNDINHMBHBV-UHFFFAOYSA-N-P35-P35-P86-601526 3.903 3.918 -4.476 1.210
ZGVNSOLIVBOSLG-UHFFFAOYSA-N-P35-P35-P86-601526 4.056 3.923 -4.272 1.735
GLJXDBPVHONMNC-UHFFFAOYSA-N-P86-P35-P86-601526 3.936 3.663 -4.436 1.073
WVVVJECBSWTEBH-UHFFFAOYSA-N-P86-P35-P86-601526 3.760 3.910 -4.065 1.309
FJOUTFVUEVZQJN-UHFFFAOYSA-N-P35-P35-P86-601526 4.055 4.162 -5.064 0.707
JNYNBLMYYYISGK-UHFFFAOYSA-N-P86-P35-P86-601526 3.903 3.806 -4.874 0.955
WGHYHGXNPOFXQG-UHFFFAOYSA-N-P86-P35-P86-601526 3.835 4.294 -4.838 0.808
LKQAGTFTUSVISA-UHFFFAOYSA-N-P86-P35-P86-601526 3.572 3.693 -4.015 1.244
MQYYYEAPQVWCKR-UHFFFAOYSA-N-P86-P35-P86-601526 3.973 3.896 -4.537 1.181
IPRQBVSJLGASKQ-UHFFFAOYSA-N-P86-P35-P86-601526 4.000 3.887 -4.575 0.948
OPSHDJJMAKKCFT-UHFFFAOYSA-N-P35-P35-P86-601526 4.066 4.224 -5.190 0.902
RPFUJBJJWYNURD-UHFFFAOYSA-N-P86-P35-P86-601526 3.966 3.718 -4.368 1.476
SLUAPJGPTVTLQZ-UHFFFAOYSA-N-P35-P35-P86-601526 4.144 4.018 -4.869 0.937
MITZJXJLERAKEZ-UHFFFAOYSA-N-P35-P35-P86-601526 3.951 3.693 -3.852 1.228
QBQLZHQHTFFCLW-UHFFFAOYSA-N-P35-P35-P86-601526 3.974 4.007 -4.746 1.165
BVRLVWKMHVMDCT-UHFFFAOYSA-N-P86-P35-P86-601526 3.904 3.876 -4.702 0.816
JGAIWSMNDVUZNL-UHFFFAOYSA-N-P86-P35-P86-601526 3.657 3.835 -4.114 1.074
NZYWFPLCKJMBGW-UHFFFAOYSA-N-P86-P35-P86-601526 3.156 4.404 -5.139 1.535
WJBLPWQFFGQJDR-UHFFFAOYSA-N-P86-P35-P86-601526 3.918 3.884 -4.321 0.653
XDTYTDIVGSPNTB-UHFFFAOYSA-N-P86-P35-P86-601526 4.096 4.020 -4.395 1.721
FKMLGIUZKPRTSU-UHFFFAOYSA-N-P86-P35-P86-601526 3.902 3.826 -4.078 0.817
YLTLWZMGUPNLRA-UHFFFAOYSA-N-P86-P35-P86-601526 3.910 4.016 -5.143 0.767
WOGBVDVDDVYJKD-UHFFFAOYSA-N-P86-P35-P86-601526 3.745 3.662 -4.607 0.720
ALRPLARYGBOOPI-UHFFFAOYSA-N-P35-P35-P86-601526 4.109 4.271 -4.737 0.916
GSGQNDOZNFJRAE-UHFFFAOYSA-N-P86-P35-P86-601526 3.812 3.765 -4.140 0.780
IRMMNXSWCRPFTN-UHFFFAOYSA-N-P35-P35-P86-601526 3.996 3.789 -4.025 1.791
ABPKVZMDSNFTEY-UHFFFAOYSA-N-P86-P35-P86-601526 4.025 4.417 -5.162 1.167
DGIPLKHHNAIKAV-UHFFFAOYSA-N-P86-P35-P86-601526 3.987 3.868 -4.173 0.785
KZIKHZWFNLIAMX-UHFFFAOYSA-N-P86-P35-P86-601526 4.038 4.309 -5.054 0.824
LYPZTDJDGBOAJT-UHFFFAOYSA-N-P35-P35-P86-601526 3.984 4.109 -4.812 1.054
LWYZSRYNXCQKLT-UHFFFAOYSA-N-P86-P35-P86-601526 3.975 4.387 -4.824 1.064
FALWSKAZHYPUOH-UHFFFAOYSA-N-P35-P35-P86-601526 4.107 4.035 -4.169 1.876
HNRHTCWEDXFBSA-UHFFFAOYSA-N-P86-P35-P86-601526 3.730 3.676 -4.531 1.446
ACRJRWJNVLSDEO-UHFFFAOYSA-N-P86-P35-P86-601526 3.499 3.595 -3.581 1.416
AMDHXSDRIQFWNR-UHFFFAOYSA-N-P35-P35-P86-601526 3.907 3.903 -5.236 1.013
CJAWHHJVFBKOQR-UHFFFAOYSA-N-P86-P35-P86-601526 3.971 3.748 -4.775 0.869
LQBANGMNADGMGN-UHFFFAOYSA-N-P86-P35-P86-601526 3.960 3.743 -4.153 1.096
JNTPGPGPKGWRGO-UHFFFAOYSA-N-P86-P35-P86-601526 4.088 3.758 -3.410 1.690
JXGPTUDPIIRHNX-UHFFFAOYSA-N-P86-P35-P86-601526 4.004 3.836 -4.101 0.893
RKNIUFLSSKUXPO-UHFFFAOYSA-N-P86-P35-P86-601526 3.766 3.621 -4.166 0.954
HODPVBPZPXBNSR-UHFFFAOYSA-N-P86-P35-P86-601526 3.808 3.708 -3.585 1.049
SRPWTVRUCRKEDY-UHFFFAOYSA-N-P35-P35-P86-601526 4.237 4.365 -4.887 0.939
BDJNZZZAYWHNOS-UHFFFAOYSA-N-P86-P35-P86-601526 3.976 3.970 -4.018 1.352
BDWSDMVHZMLCHG-UHFFFAOYSA-N-P86-P35-P86-601526 3.586 3.672 -3.988 1.475
MAGLHGJSSPNJIT-UHFFFAOYSA-N-P35-P35-P86-601526 3.892 3.840 -3.939 0.577
LRDYHRRRNSZYGF-UHFFFAOYSA-N-P35-P35-P86-601526 4.254 4.450 -4.691 1.086
JYYNZLZZWSXJGF-UHFFFAOYSA-N-P86-P35-P86-601526 4.128 4.318 -4.297 0.788
NDPOXZOZJRPQMI-UHFFFAOYSA-N-P86-P35-P86-601526 4.078 4.111 -4.653 0.693
COTVYJOLKNNLKT-UHFFFAOYSA-N-P86-P35-P86-601526 4.232 4.109 -3.978 1.501
SRPASYSSSSHMEM-UHFFFAOYSA-N-P86-P35-P86-601526 3.870 4.065 -4.524 1.172
DXGHTQCGDGJWEZ-UHFFFAOYSA-N-P86-P35-P86-601526 4.079 4.097 -4.547 1.009
JKAQSRZOKJMFIX-UHFFFAOYSA-N-P35-P35-P86-601526 4.189 3.952 -4.409 0.655
CBVWLWHMBRPXMU-UHFFFAOYSA-N-P86-P35-P86-601526 4.053 3.909 -4.377 0.589
QKHCOHIWSXXWNM-UHFFFAOYSA-N-P86-P35-P86-601526 3.850 3.713 -4.491 0.787
QDZVPVJELRQCPS-UHFFFAOYSA-N-P86-P35-P86-601526 4.052 3.679 -3.156 0.757
ZADOPTKUIOTCRJ-UHFFFAOYSA-N-P86-P35-P86-601526 4.105 4.074 -4.907 0.886
RRRVNDDIDGACSC-UHFFFAOYSA-N-P86-P35-P86-601526 4.033 4.346 -5.100 0.890
WNTNEMHOJDFTEE-UHFFFAOYSA-N-P35-P35-P86-601526 4.401 4.301 -4.981 0.646
JFAWPCSCNONKJH-UHFFFAOYSA-N-P86-P35-P86-601526 4.096 4.171 -4.932 0.954
DWTKQUPXMDAWES-UHFFFAOYSA-N-P86-P35-P86-601526 4.063 3.973 -4.441 0.776
BRWMBWPTJFUZGK-UHFFFAOYSA-N-P35-P35-P86-601526 4.174 4.002 -4.276 1.869
SAHJPMLRWLISCJ-UHFFFAOYSA-N-P86-P35-P86-601526 3.763 3.625 -4.569 0.972
UJYUZUZVNXQIFX-UHFFFAOYSA-N-P35-P35-P86-601526 4.064 4.420 -5.739 0.987
XVZUQIQZOXTIDK-UHFFFAOYSA-N-P35-P35-P86-601526 4.023 4.018 -4.827 1.438
AJUNUFMOFBROOI-UHFFFAOYSA-N-P35-P35-P86-601526 4.347 4.437 -5.096 0.934
ZUQYRUOFMNOBAH-UHFFFAOYSA-N-P35-P35-P86-601526 4.108 4.137 -4.883 1.018
LPKLAPWOUJRDON-UHFFFAOYSA-N-P35-P35-P86-601526 4.183 4.102 -4.213 1.958
KNVNSOSQVNZGHE-UHFFFAOYSA-N-P86-P35-P86-601526 3.936 3.970 -4.914 0.574
JVGAYQYFRUXWHX-UHFFFAOYSA-N-P35-P35-P86-601526 3.987 3.935 -5.077 0.741
QWWOKOOBZXGAEB-UHFFFAOYSA-N-P86-P35-P86-601526 4.096 4.213 -5.377 1.119
JDRDKBXHHHVLSU-UHFFFAOYSA-N-P86-P35-P86-601526 4.248 4.229 -5.659 0.600
FIERXBCZEWIDJH-UHFFFAOYSA-N-P35-P35-P86-601526 4.091 3.972 -5.227 1.138
HILLINVKQCZDNM-UHFFFAOYSA-N-P35-P35-P86-601526 4.081 4.040 -4.584 0.822
OSEIHQVQTYZMEE-UHFFFAOYSA-N-P86-P35-P86-601526 4.057 4.116 -4.515 0.873
CLUPCCNXPLYBSD-UHFFFAOYSA-N-P35-P35-P86-601526 4.242 4.098 -4.165 1.486
YKTQKVQPEOBCAJ-UHFFFAOYSA-N-P86-P35-P86-601526 4.079 4.225 -5.065 0.956
KYNVSJOMAQKWIS-UHFFFAOYSA-N-P35-P35-P86-601526 4.062 4.309 -4.932 1.380
VCJONRPKDVOFTM-UHFFFAOYSA-N-P35-P35-P86-601526 4.477 4.422 -5.021 0.729
JWZNUOVFDAZITD-UHFFFAOYSA-N-P35-P35-P86-601526 4.143 4.222 -5.427 0.596
GCCGVABTQZNABA-UHFFFAOYSA-N-P86-P35-P86-601526 4.101 3.956 -4.999 1.129
VXTZZZUBPOPVPR-UHFFFAOYSA-N-P35-P35-P86-601526 4.210 4.396 -4.965 1.079
VEOLYTWSHJQYSD-UHFFFAOYSA-N-P35-P35-P86-601526 3.979 3.926 -4.331 1.830
ODJIMUOHTGWMPF-UHFFFAOYSA-N-P86-P35-P86-601526 4.111 3.551 -4.274 1.248
SFOWYCGPKDAFIM-UHFFFAOYSA-N-P86-P35-P86-601526 4.155 3.740 -4.414 1.010
PJJKXTJZBYHCAR-UHFFFAOYSA-N-P35-P35-P86-601526 3.988 4.085 -5.164 0.945
LARMNIOBRBHJRE-UHFFFAOYSA-N-P35-P35-P86-601526 4.308 4.127 -4.867 1.218
DBPAONLYKIGHTR-UHFFFAOYSA-N-P86-P35-P86-601526 4.247 4.093 -5.111 0.660
BBFLDQDRKIXCAP-UHFFFAOYSA-N-P35-P35-P86-601526 4.218 4.356 -5.232 1.050
JNCSCEGGQPELDO-UHFFFAOYSA-N-P86-P35-P86-601526 3.522 3.844 -4.932 1.334
FJXKWCGYPOPRDK-UHFFFAOYSA-N-P35-P35-P86-601526 4.403 4.161 -4.430 1.608
NVEWIZFYEMSJDU-UHFFFAOYSA-N-P86-P35-P86-601526 4.141 3.764 -4.298 1.433
QJFIHWHAQUAJHA-UHFFFAOYSA-N-P35-P35-P86-601526 3.935 3.805 -4.151 0.786
RMMJZZNGDNIFFT-UHFFFAOYSA-N-P86-P35-P86-601526 4.092 4.162 -5.052 1.117
SLZJSHZIQDZNTQ-UHFFFAOYSA-N-P86-P35-P86-601526 3.916 3.858 -4.304 0.885
HDOXCBMGILTPQL-UHFFFAOYSA-N-P86-P35-P86-601526 4.091 3.683 -3.596 2.194
ZTAUICVSLCLFNJ-UHFFFAOYSA-N-P35-P35-P86-601526 4.313 4.440 -5.152 1.013
JTRYZPDLYGNTSW-UHFFFAOYSA-N-P35-P35-P86-601526 4.095 4.061 -4.585 0.736
KPNVMSYJQGPCSO-UHFFFAOYSA-N-P86-P35-P86-601526 3.946 3.871 -4.287 0.842
POFVKBGZCTZXQS-UHFFFAOYSA-N-P35-P35-P86-601526 4.103 4.005 -4.633 2.035
MGMVDMJCRQPYRQ-UHFFFAOYSA-N-P35-P35-P86-601526 4.336 4.131 -4.162 1.530
SIOXNYZOFWAZSQ-UHFFFAOYSA-N-P35-P35-P86-601526 4.044 4.363 -5.079 0.874
KBTFPZWMXMTBEV-UHFFFAOYSA-N-P35-P35-P86-601526 4.347 4.361 -5.146 0.973
XCYFBLNZDZNVEB-UHFFFAOYSA-N-P86-P35-P86-601526 4.193 4.146 -4.582 0.960
RKMQTDKQWSZRQN-UHFFFAOYSA-N-P86-P35-P86-601526 3.887 3.864 -4.460 1.284
GMSHYFBWQBVWHN-UHFFFAOYSA-N-P86-P35-P86-601526 3.990 3.800 -3.846 0.910
GSSMNZGSJGMAQT-UHFFFAOYSA-N-P35-P35-P86-601526 4.092 4.075 -4.287 1.907
MAWUSJRSTDHINP-UHFFFAOYSA-N-P86-P35-P86-601526 4.152 4.049 -4.190 1.624
QNLWYYDZRHRJCK-UHFFFAOYSA-N-P35-P35-P86-601526 4.320 4.079 -4.272 1.959
MSRYQXJWWQIOGM-UHFFFAOYSA-N-P86-P35-P86-601526 3.862 3.860 -4.178 1.257
JEKVGTHLWOPHLT-UHFFFAOYSA-N-P35-P35-P86-601526 4.125 3.517 -3.615 6.576
AERJILSALBTJDN-UHFFFAOYSA-N-P35-P35-P86-601526 4.101 4.075 -4.628 0.644
OHTSGXCYIQYFND-UHFFFAOYSA-N-P35-P35-P86-601526 4.285 4.343 -4.943 0.924
OVCKDOJUYJMHKW-UHFFFAOYSA-N-P86-P35-P86-601526 4.151 4.087 -5.201 1.032
AMCVDAPFGRRRFA-UHFFFAOYSA-N-P86-P35-P86-601526 4.116 4.251 -5.589 1.086
RAJRDJWSUJPFHX-UHFFFAOYSA-N-P86-P35-P86-601526 4.066 4.040 -4.963 1.165
HVLCFOHOBBZEDJ-UHFFFAOYSA-N-P86-P35-P86-601526 3.952 3.814 -4.275 0.610
IHQDJVZZPCAYGC-UHFFFAOYSA-N-P86-P35-P86-601526 3.760 3.765 -4.626 1.114
HWVUJNJGVXYINA-UHFFFAOYSA-N-P86-P35-P86-601526 3.957 4.276 -5.546 1.260
UTWIFKVAPUPMOB-UHFFFAOYSA-N-P35-P35-P86-601526 4.246 4.390 -4.911 1.021
MOZQNCRQSSIPKT-UHFFFAOYSA-N-P35-P35-P86-601526 4.125 4.113 -5.183 1.981
UGPXGMWMPOQLIC-UHFFFAOYSA-N-P86-P35-P86-601526 4.179 4.337 -5.209 0.908
OYMKIEQIUXRAOF-UHFFFAOYSA-N-P86-P35-P86-601526 3.770 4.097 -4.873 1.391
HDIQYASOIAZSME-UHFFFAOYSA-N-P86-P35-P86-601526 4.253 4.027 -3.923 0.554
GCHIJZDJUUHAHW-UHFFFAOYSA-N-P35-P35-P86-601526 4.236 3.921 -4.050 1.146
LHUJVHCVQNAPKE-UHFFFAOYSA-N-P35-P35-P86-601526 4.120 3.661 -3.365 1.245
VLGPSXWCPGERIU-UHFFFAOYSA-N-P86-P35-P86-601526 4.356 4.192 -3.963 1.012
BDSMPVRWTBIDTQ-UHFFFAOYSA-N-P35-P35-P86-601526 4.188 3.734 -3.006 1.682
XHKJCBMFNFDMHP-UHFFFAOYSA-N-P35-P35-P86-601526 4.271 3.856 -4.721 1.358
RWRXINOBYQVOOY-UHFFFAOYSA-N-P86-P35-P86-601526 4.115 4.098 -4.478 0.659
CSUNWSCBRNDGSV-UHFFFAOYSA-N-P86-P35-P86-601526 3.955 4.042 -4.690 1.027
CZSREMZEIPNGKN-UHFFFAOYSA-N-P86-P35-P86-601526 3.922 3.927 -5.166 0.947
FQVRFSROIFJRKW-UHFFFAOYSA-N-P86-P35-P86-601526 3.997 3.762 -4.999 0.878
NWJJYCNEKOUUJM-UHFFFAOYSA-N-P86-P35-P86-601526 3.741 3.745 -4.499 1.295
BYFKTUVHLFKKAU-UHFFFAOYSA-N-P86-P35-P86-601526 3.927 4.031 -4.666 0.917
YAZGYBKYIVWZOC-UHFFFAOYSA-N-P86-P35-P86-601526 4.104 3.502 -3.996 0.828
XYHFOCBMPYIPNT-UHFFFAOYSA-N-P35-P35-P86-601526 4.334 4.137 -5.170 1.209
MOHHGRIEZKDRIS-UHFFFAOYSA-N-P86-P35-P86-601526 4.301 4.337 -5.068 0.637
KYJJLTYLGURZMV-UHFFFAOYSA-N-P86-P35-P86-601526 4.081 4.089 -5.157 0.948
LZQGTEGIMCYSSS-UHFFFAOYSA-N-P86-P35-P86-601526 4.089 4.113 -4.914 0.825
UTJZSPOLRZXYLO-UHFFFAOYSA-N-P35-P35-P86-601526 4.317 3.808 -3.560 1.235
NZSRKXQAHSZTSR-UHFFFAOYSA-N-P86-P35-P86-601526 4.093 4.212 -4.774 0.788
USTWDWYJKYYVJS-UHFFFAOYSA-N-P35-P35-P86-601526 3.916 3.951 -5.460 2.170
SYASNOKXAUCSOJ-UHFFFAOYSA-N-P35-P35-P86-601526 4.027 3.870 -4.970 0.716
GLUSPDFKTAICGH-UHFFFAOYSA-N-P35-P35-P86-601526 4.161 3.922 -4.495 1.999
GQOVNXMZMBOVCD-UHFFFAOYSA-N-P86-P35-P86-601526 4.026 4.097 -5.203 1.104
DTFHQIBKWWOYFP-UHFFFAOYSA-N-P35-P35-P86-601526 4.218 4.365 -4.839 1.162
RIZAIIGXORDVEW-UHFFFAOYSA-N-P86-P35-P86-601526 4.157 4.188 -5.040 0.880
SKHLFUWKPXMHHJ-UHFFFAOYSA-N-P86-P35-P86-601526 4.057 4.173 -5.241 0.751
ILBLNJZSADAZHG-UHFFFAOYSA-N-P35-P35-P86-601526 4.130 3.931 -4.276 1.610
VRFPEUYXHDKJIO-UHFFFAOYSA-N-P86-P35-P86-601526 4.349 3.748 -3.862 1.985
ZTDZNATVVSPQSF-UHFFFAOYSA-N-P35-P35-P86-601526 4.167 3.887 -4.473 1.134
UHSBWEITIRIVHA-UHFFFAOYSA-N-P86-P35-P86-601526 4.389 4.144 -4.156 0.779
NYIXSAHKZWQZDE-UHFFFAOYSA-N-P86-P35-P86-601526 4.319 4.126 -3.515 1.029
VONSJATYTFLMCO-UHFFFAOYSA-N-P86-P35-P86-601526 4.070 3.969 -5.063 1.493
LRTSFGRDHHJGGP-UHFFFAOYSA-N-P86-P35-P86-601526 3.713 4.050 -4.665 1.053
HIOTYMGAJNPJQS-UHFFFAOYSA-N-P86-P35-P86-601526 3.996 4.130 -4.740 0.873
FNDRSJJLZSCPCX-UHFFFAOYSA-N-P86-P35-P86-601526 3.887 3.892 -4.363 0.662
DEMQVQHEMIYVKK-UHFFFAOYSA-N-P86-P35-P86-601526 3.867 3.849 -4.763 1.058
VQKYHUMCEQKLIT-UHFFFAOYSA-N-P86-P35-P86-601526 3.872 3.785 -4.824 1.150
CAQOGOZSXXFUDU-UHFFFAOYSA-N-P35-P35-P86-601526 4.258 4.185 -5.003 1.196
ORQPKGLWOFMXCS-UHFFFAOYSA-N-P35-P35-P86-601526 4.132 4.156 -4.734 0.691
HRNUFCNNKOCNFZ-UHFFFAOYSA-N-P86-P35-P86-601526 3.869 4.017 -5.030 0.879
SIUITJFMAAFNSR-UHFFFAOYSA-N-P86-P35-P86-601526 3.932 3.959 -5.336 1.564
QYNLTLTXPPILDH-UHFFFAOYSA-N-P86-P35-P86-601526 3.919 3.669 -4.031 1.284
XUWQNGXGAOORBV-UHFFFAOYSA-N-P35-P35-P86-601526 4.198 4.057 -4.637 0.822
OPXSTPSSHZPMEW-UHFFFAOYSA-N-P86-P35-P86-601526 4.028 4.062 -5.142 0.999
ABGJRPXZHRBBBN-UHFFFAOYSA-N-P35-P35-P86-601526 4.181 4.032 -4.196 1.717
FYOVAYOJBBMPKG-UHFFFAOYSA-N-P86-P35-P86-601526 4.005 4.079 -4.235 1.290
VGMMYVJKGLMTPG-UHFFFAOYSA-N-P35-P35-P86-601526 4.136 4.079 -5.477 2.141
QWNVTZSXAMZHJH-UHFFFAOYSA-N-P86-P35-P86-601526 4.233 4.289 -5.174 0.898
ZKMSKSDVXQTJHJ-UHFFFAOYSA-N-P35-P35-P86-601526 4.144 4.011 -4.552 1.006
QXKYBZSJZOYNNY-UHFFFAOYSA-N-P86-P35-P86-601526 4.148 4.268 -5.194 0.972
LSQXPBGJHJOHHD-UHFFFAOYSA-N-P35-P35-P86-601526 4.212 4.161 -4.716 6.197
LYISKEAQOOOHJG-UHFFFAOYSA-N-P35-P35-P86-601526 4.186 3.911 -3.705 6.168
YTJWNIDWPGDISL-UHFFFAOYSA-N-P86-P35-P86-601526 3.517 4.247 -4.413 0.853
HJNVKQGWXMWRBX-UHFFFAOYSA-N-P86-P35-P86-601526 4.032 4.049 -4.185 1.531
CLDDRONCWUKXMS-UHFFFAOYSA-N-P86-P35-P86-601526 4.028 4.158 -4.751 0.814
UPNVWRDVXMDLJO-UHFFFAOYSA-N-P86-P35-P86-601526 4.090 4.047 -5.192 1.584
NOHLOSYXFRZPHO-UHFFFAOYSA-N-P35-P35-P86-601526 4.365 4.204 -5.023 0.628
XVQSEDLKGDTXNS-UHFFFAOYSA-N-P86-P35-P86-601526 4.067 4.019 -4.491 1.070
WXVIYYDWDFPDIQ-UHFFFAOYSA-N-P86-P35-P86-601526 4.185 4.080 -4.823 1.506
LCUXRVDIPMTCJC-UHFFFAOYSA-N-P35-P35-P86-601526 4.234 4.197 -5.214 1.772
ZRTLZCCZAFWIDO-UHFFFAOYSA-N-P86-P35-P86-601526 4.299 4.125 -4.664 1.235
FCYXEJSPKNMYOY-UHFFFAOYSA-N-P35-P35-P86-601526 4.431 4.255 -4.559 1.620
UZDJWJHRTPUTKH-UHFFFAOYSA-N-P35-P35-P86-601526 4.346 4.380 -5.064 0.884
FRSCMQSFOQMYFB-UHFFFAOYSA-N-P86-P35-P86-601526 4.010 4.040 -4.769 0.582
LAEXOENUSOEWFO-UHFFFAOYSA-N-P35-P35-P86-601526 4.202 4.176 -4.746 0.978
VHFSVNFWAPDECT-UHFFFAOYSA-N-P86-P35-P86-601526 4.272 4.182 -5.207 1.188
NEOOVOVWBGKKFL-UHFFFAOYSA-N-P86-P35-P86-601526 3.894 4.146 -4.680 0.757
UMDKXYXWCZEFLE-UHFFFAOYSA-N-P35-P35-P86-601526 4.497 4.372 -4.680 1.700
ULJGNPBBJQIYNF-UHFFFAOYSA-N-P35-P35-P86-601526 4.519 3.839 -3.518 2.019
UPDBCNJBMUJCTD-UHFFFAOYSA-N-P86-P35-P86-601526 4.232 4.028 -4.496 1.151
MADWNRFZVIGXLK-UHFFFAOYSA-M-P35-P35-P86-601526 4.049 4.021 -4.512 1.479
KICGIJOMTFOTJF-UHFFFAOYSA-N-P86-P35-P86-601526 4.501 4.234 -5.215 1.016
JWODKODEEKTLTG-UHFFFAOYSA-N-P35-P35-P86-601526 4.314 4.123 -4.846 1.336
CFYNUCKQNOPYRK-UHFFFAOYSA-N-P86-P35-P86-601526 4.199 4.220 -5.062 0.735
BLKIGMMNHPWOAZ-UHFFFAOYSA-N-P35-P35-P86-601526 4.367 4.059 -3.763 1.504
VGMWYRPEKRUGCS-UHFFFAOYSA-N-P35-P35-P86-601526 4.370 4.174 -4.721 1.591
WFPOLFMKAQTTNO-UHFFFAOYSA-N-P86-P35-P86-601526 4.150 4.123 -5.334 1.246
JSZHJNHWKKPCAL-UHFFFAOYSA-N-P86-P35-P86-601526 4.108 4.163 -4.763 1.023
IDTVXUAFKQFCAY-UHFFFAOYSA-N-P86-P35-P86-601526 4.161 4.189 -4.587 1.117
FTFDGEZVGHUZAK-UHFFFAOYSA-N-P35-P35-P86-601526 4.657 4.142 -3.306 1.853
QOJHQWLZXVKFKD-UHFFFAOYSA-N-P35-P35-P86-601526 4.127 3.878 -4.076 1.848
ZRFMXXSKAISMCV-UHFFFAOYSA-N-P35-P35-P86-601526 4.142 3.627 -5.161 5.790
VHDFUYDTIUPRJC-UHFFFAOYSA-N-P35-P35-P86-601526 4.182 4.077 -4.409 1.560
BECAXXYKRMFBLC-UHFFFAOYSA-N-P35-P35-P86-601526 4.475 4.256 -4.617 1.563
WGPDRTOPWHHKHK-UHFFFAOYSA-N-P86-P35-P86-601526 4.156 4.318 -5.239 0.873
HGFJDHARHCIYTK-UHFFFAOYSA-N-P86-P35-P86-601527 4.124 3.722 -4.107 1.192
OBCVJPANFOZPQK-UHFFFAOYSA-N-P35-P35-P86-601527 4.005 3.666 -3.715 0.685
QBSLOXUUPVTFKK-UHFFFAOYSA-N-P86-P35-P86-601527 3.868 3.518 -4.501 1.374
ABEGXYAEHRBDCM-UHFFFAOYSA-N-P35-P35-P86-601527 3.631 3.508 -4.335 1.164
JTNRXUXSRQKBDY-UHFFFAOYSA-N-P35-P35-P86-601527 3.577 3.876 -5.323 1.713
OOJKNUDAFOWUIT-UHFFFAOYSA-N-P86-P35-P86-601527 4.172 3.851 -4.329 1.555
VROFNQNXNVBHSZ-UHFFFAOYSA-N-P35-P35-P86-601527 3.978 4.158 -4.927 1.246
JSWAUJLUTPMQPR-UHFFFAOYSA-N-P35-P35-P86-601527 3.943 3.668 -4.197 1.502
RUVMNKAJVNFDCW-UHFFFAOYSA-N-P35-P35-P86-601527 3.901 3.681 -3.720 0.873
DDIGVTHZOSFENA-UHFFFAOYSA-N-P86-P35-P86-601527 3.989 3.543 -4.252 1.333
FFQPRRGLIWPUCP-UHFFFAOYSA-N-P35-P35-P86-601527 3.791 3.746 -4.889 0.886
QLCGLDCUKMELEL-UHFFFAOYSA-N-P35-P35-P86-601527 4.106 3.762 -4.231 0.524
KZKPRRGOCKPGRN-UHFFFAOYSA-N-P35-P35-P86-601527 4.283 4.026 -3.652 1.800
XYCNVJYGZPISNX-UHFFFAOYSA-N-P35-P35-P86-601527 4.474 4.339 -4.836 1.451
FDZLFYVIGZTSTI-UHFFFAOYSA-N-P86-P35-P86-601527 4.271 4.117 -5.077 1.431
RGJOJDWWDUKFOE-UHFFFAOYSA-N-P35-P35-P86-601527 3.938 3.694 -4.321 0.844
WRKOQMKMUYPWMY-UHFFFAOYSA-N-P86-P35-P86-601527 3.813 3.592 -4.851 1.843
ILRBZVHYHSWELB-UHFFFAOYSA-N-P86-P35-P86-601527 4.106 3.790 -4.220 1.644
HSGPSOMKFSLMMN-UHFFFAOYSA-N-P86-P35-P86-601527 4.090 3.894 -4.287 1.274
HJKUZGKWZRDCKR-UHFFFAOYSA-N-P86-P35-P86-601527 3.916 4.008 -4.251 1.228
AVUNSTIVWSCOES-UHFFFAOYSA-N-P35-P35-P86-601527 4.077 3.984 -4.798 0.575
KPFKNFBZWRFQGY-UHFFFAOYSA-N-P86-P35-P86-601527 4.049 4.136 -4.996 1.615
LFMLTRLLYYZWJA-UHFFFAOYSA-N-P86-P35-P86-601527 4.067 3.834 -4.007 1.121
YFMRWIOUEZVUCD-UHFFFAOYSA-N-P35-P35-P86-601527 3.930 3.989 -4.555 0.841
YSAVCZNAXSHFOJ-UHFFFAOYSA-N-P35-P35-P86-601527 3.959 4.193 -4.778 0.884
CNWOHZNPCAPWQE-UHFFFAOYSA-N-P35-P35-P86-601527 3.957 3.760 -4.179 2.325
HAHWZANVNUBMFL-UHFFFAOYSA-N-P35-P35-P86-601527 4.258 4.114 -4.639 0.815
XMHWZHRRKZHAJO-UHFFFAOYSA-N-P86-P35-P86-601527 3.931 3.993 -4.584 1.232
PBIBVDJWBWVTPH-UHFFFAOYSA-N-P86-P35-P86-601527 4.329 3.720 -3.997 2.102
QVHVZMYQLNUSLN-UHFFFAOYSA-N-P35-P35-P86-601527 4.038 3.727 -3.675 0.824
SGSNAVITFVQCAH-UHFFFAOYSA-N-P86-P35-P86-601527 4.023 3.874 -4.184 0.859
BYALMOFXDVUURE-UHFFFAOYSA-N-P35-P35-P86-601527 4.110 4.072 -4.681 0.973
MSDMHJROJKSZST-UHFFFAOYSA-N-P35-P35-P86-601527 4.268 4.099 -4.109 0.575
ZWWSWMIIRAHFMN-UHFFFAOYSA-N-P35-P35-P86-601527 4.001 3.874 -3.457 1.233
BXSCDEVXSJGMSP-UHFFFAOYSA-N-P86-P35-P86-601527 4.300 3.733 -3.580 1.778
MXJVXXRMQHGKPF-UHFFFAOYSA-N-P86-P35-P86-601527 4.254 3.994 -4.840 1.054
KNPDVJBATKUGGJ-UHFFFAOYSA-N-P86-P35-P86-601527 4.206 3.891 -4.410 1.371
JIBAWHOWLVFPJA-UHFFFAOYSA-N-P86-P35-P86-601527 4.038 3.597 -4.631 1.413
KOUJJJOTZZPENJ-UHFFFAOYSA-N-P35-P35-P86-601527 4.027 3.787 -4.563 1.091
TYPSHMJUGFXTBI-UHFFFAOYSA-N-P86-P35-P86-601527 4.022 3.824 -4.633 2.068
HJRATECMFLNYPM-UHFFFAOYSA-N-P35-P35-P86-601527 4.033 3.775 -4.511 0.520
QIAFDRNZMSJOGJ-UHFFFAOYSA-N-P86-P35-P86-601527 3.970 3.590 -4.836 1.234
GKOGYTFSRYBAPW-UHFFFAOYSA-N-P35-P35-P86-601527 3.915 4.026 -4.601 0.811
PFUHRRNFZIKSGW-UHFFFAOYSA-N-P86-P35-P86-601527 4.230 4.114 -5.034 0.972
GNODEBHXEBCAAA-UHFFFAOYSA-N-P86-P35-P86-601527 4.165 4.132 -5.153 1.804
MLZFWYFZULMUQM-UHFFFAOYSA-N-P86-P35-P86-601527 4.336 3.873 -4.183 1.456
AVSUPBKRKIKWKJ-UHFFFAOYSA-N-P86-P35-P86-601527 4.228 3.984 -4.507 1.310
JTWHPYZKRRMUJV-UHFFFAOYSA-N-P35-P35-P86-601527 4.206 3.779 -3.960 1.173
YQMQCKVSPAVADS-UHFFFAOYSA-N-P86-P35-P86-601527 3.967 3.841 -4.323 2.291
AIEOKCFDNAKJCW-UHFFFAOYSA-N-P86-P35-P86-601527 4.197 3.846 -3.942 1.459
RALSKDNRWGTULG-UHFFFAOYSA-N-P86-P35-P86-601527 4.149 3.810 -4.223 1.315
DVZXFUJVKPOCTJ-UHFFFAOYSA-N-P86-P35-P86-601527 3.715 4.022 -4.368 1.479
ICKKYCLPEAUQQQ-UHFFFAOYSA-N-P35-P35-P86-601527 3.793 3.591 -4.113 0.544
FQCWGDVKZRXCAP-UHFFFAOYSA-N-P35-P35-P86-601527 4.275 4.080 -4.103 1.140
JNYZMIMXTIATHQ-UHFFFAOYSA-N-P86-P35-P86-601527 4.121 3.867 -4.399 1.326
WMNSYFXXHWHDGS-UHFFFAOYSA-N-P86-P35-P86-601527 4.126 3.949 -4.400 1.458
GYHAYTWHMYCMEM-UHFFFAOYSA-N-P86-P35-P86-601527 3.973 3.717 -4.451 1.428
NWEULLMGNQHAQX-UHFFFAOYSA-N-P86-P35-P86-601527 4.024 3.753 -4.722 0.626
FZUQXNYQHCVZJB-UHFFFAOYSA-N-P86-P35-P86-601527 4.253 3.793 -4.512 1.296
HCTZSCJZHCYHIB-UHFFFAOYSA-N-P86-P35-P86-601527 4.112 3.854 -4.383 0.823
LWYWBMVRLSTLCJ-UHFFFAOYSA-N-P35-P35-P86-601527 4.411 3.881 -3.416 0.899
VSKZAXMKRVAYGV-UHFFFAOYSA-N-P86-P35-P86-601527 4.216 3.691 -3.523 2.071
DGXWBDXBDHPXLO-UHFFFAOYSA-N-P35-P35-P86-601527 4.209 3.997 -3.421 1.084
PPGKMVHTIUJHSB-UHFFFAOYSA-N-P35-P35-P86-601527 4.115 3.996 -4.545 1.148
NZBPMHYFJMCVMN-UHFFFAOYSA-N-P35-P35-P86-601527 4.016 4.050 -4.969 1.030
JSPSDZFENPBMFM-UHFFFAOYSA-N-P86-P35-P86-601527 3.931 3.501 -4.044 1.224
SVDYLMVZEJYWIP-UHFFFAOYSA-N-P35-P35-P86-601527 3.597 3.369 -4.025 0.633
TVMOJNAZCFRUJC-UHFFFAOYSA-N-P86-P35-P86-601527 3.777 3.757 -4.443 1.235
VCKKFTZCBPFZHX-UHFFFAOYSA-N-P86-P35-P86-601527 4.244 3.924 -3.603 1.231
XEFAGPFAHYDLLJ-UHFFFAOYSA-N-P35-P35-P86-601527 4.309 4.154 -5.004 1.456
VJQZSTKLZHSRBI-UHFFFAOYSA-N-P35-P35-P86-601527 4.210 4.031 -3.984 0.504
KUXAGAVHUXMABL-UHFFFAOYSA-N-P35-P35-P86-601527 4.194 3.711 -3.929 0.938
PDDWLGGQTZVHCQ-UHFFFAOYSA-N-P35-P35-P86-601527 4.151 3.960 -4.217 0.531
JGCFNZYLNXZWFF-UHFFFAOYSA-N-P86-P35-P86-601527 3.973 3.526 -4.210 1.094
XCBKEOCCWNYJLM-UHFFFAOYSA-N-P35-P35-P86-601527 4.277 4.108 -4.611 1.382
UXGYZLULXGIDBI-UHFFFAOYSA-N-P35-P35-P86-601527 3.893 3.910 -5.179 1.555
QPZWCJCDOLROKX-UHFFFAOYSA-N-P35-P35-P86-601527 4.029 3.394 -3.803 1.063
JATXHEOITCTKPH-UHFFFAOYSA-N-P35-P35-P86-601527 3.780 3.946 -4.714 1.656
DBOWJQPRWJVSBW-UHFFFAOYSA-N-P86-P35-P86-601527 3.943 3.757 -4.888 1.284
ZRASKCFGZMWQKH-UHFFFAOYSA-N-P35-P35-P86-601527 4.029 3.699 -3.978 0.810
WYMRRACLVCEJII-UHFFFAOYSA-N-P86-P35-P86-601527 4.422 4.055 -4.706 0.873
HHJJEJAIPDWPHM-UHFFFAOYSA-N-P86-P35-P86-601527 3.746 4.221 -4.538 1.982
XLYHWOIBZZPPIR-UHFFFAOYSA-N-P35-P35-P86-601527 4.259 4.157 -4.452 0.368
MQJSQBACZJSNPG-UHFFFAOYSA-N-P35-P35-P86-601527 4.097 3.958 -4.291 1.082
LUUFTUSMCJFPKL-UHFFFAOYSA-N-P86-P35-P86-601527 4.172 3.775 -4.351 1.151
NVCYKMMLXDRXEO-UHFFFAOYSA-N-P86-P35-P86-601527 3.980 3.943 -4.324 1.330
VCSLXABCDMMYQF-UHFFFAOYSA-N-P86-P35-P86-601527 4.143 3.561 -3.856 0.879
QEPWMKJQKPYCOG-UHFFFAOYSA-N-P86-P35-P86-601527 4.001 3.792 -4.547 1.298
XGMHLIHWLVVOLF-UHFFFAOYSA-N-P86-P35-P86-601527 3.788 3.762 -4.198 1.271
MYLXIQOKCMMWLP-UHFFFAOYSA-N-P35-P35-P86-601527 3.823 3.873 -5.086 0.716
BWEKSHUEPRRQCH-UHFFFAOYSA-N-P86-P35-P86-601527 4.150 3.809 -4.196 1.033
HPDJNONWQDERBI-UHFFFAOYSA-N-P86-P35-P86-601527 4.020 3.772 -4.215 1.305
UASKLXXYSGFGKK-UHFFFAOYSA-N-P35-P35-P86-601527 4.191 3.971 -4.433 1.034
QPYRFJCSFJRVON-UHFFFAOYSA-N-P86-P35-P86-601527 4.273 3.823 -3.918 1.563
NCZNPHZXWQQWPC-UHFFFAOYSA-N-P35-P35-P86-601527 4.119 3.996 -3.851 1.332
AIUONQKUHOOCFI-UHFFFAOYSA-N-P86-P35-P86-601527 4.075 3.903 -2.968 6.212
UZSVSKLSPHKJSV-UHFFFAOYSA-N-P86-P35-P86-601527 4.088 3.740 -3.897 1.698
DGFJTIWRPFFCNE-UHFFFAOYSA-N-P35-P35-P86-601527 3.753 4.100 -4.881 1.265
ZAWGOQIEGAYMTC-UHFFFAOYSA-N-P86-P35-P86-601527 4.273 3.792 -3.232 1.293
KQSWKKICLDZPBE-UHFFFAOYSA-M-P35-P35-P86-601527 3.821 3.541 -4.254 1.489
BURIOIODNUIVBG-UHFFFAOYSA-N-P35-P35-P86-601527 4.195 3.971 -4.641 0.651
VXLQNMPLMJXQHR-UHFFFAOYSA-N-P35-P35-P86-601527 4.083 3.892 -4.071 1.440
VTSKJPUHCLMDSD-UHFFFAOYSA-N-P35-P35-P86-601527 4.161 3.730 -3.821 1.201
KGLZGXHKEQNEJP-UHFFFAOYSA-N-P86-P35-P86-601527 4.149 3.836 -4.168 1.627
MAZKJWLFUXUZSP-UHFFFAOYSA-N-P86-P35-P86-601527 4.242 3.825 -3.629 1.314
XHELGBMYRBHQJZ-UHFFFAOYSA-N-P86-P35-P86-601527 4.066 3.752 -3.994 1.044
SSBNMRNSOTWSLA-UHFFFAOYSA-N-P86-P35-P86-601527 4.206 3.952 -3.298 1.080
YYLSEQGVDVDCGD-UHFFFAOYSA-N-P35-P35-P86-601527 4.360 3.855 -3.742 0.495
LEHHSNANMVKNFX-UHFFFAOYSA-N-P35-P35-P86-601527 4.148 3.817 -3.948 1.194
NNFBIIXVPDDMIA-UHFFFAOYSA-N-P86-P35-P86-601527 4.245 3.760 -4.018 1.463
IIWWIBRVFPESTB-UHFFFAOYSA-M-P35-P35-P86-601527 3.860 3.637 -3.760 1.318
VPLWOBOYCADRRY-UHFFFAOYSA-N-P86-P35-P86-601527 4.197 4.162 -4.679 1.642
XSPVJRWNSHWOHQ-UHFFFAOYSA-N-P86-P35-P86-601527 4.116 3.850 -4.679 1.905
NDAPDPDEHQXOGH-UHFFFAOYSA-N-P86-P35-P86-601527 4.080 3.854 -4.018 1.416
HSWXTDWWMVDKSY-UHFFFAOYSA-N-P35-P35-P86-601527 3.910 4.227 -5.282 2.170
FACUKZDYZBJDPZ-UHFFFAOYSA-N-P35-P35-P86-601527 4.298 3.818 -3.654 1.016
ROSNESWGQRHWMY-UHFFFAOYSA-N-P86-P35-P86-601527 4.275 3.755 -3.581 1.349
UBLAOBMAWKKPFF-UHFFFAOYSA-N-P86-P35-P86-601527 4.170 3.953 -4.630 1.371
FFXWQPPJHHUTTD-UHFFFAOYSA-N-P35-P35-P86-601527 4.082 3.799 -4.243 1.379
XSEDMFMKPZUUJX-UHFFFAOYSA-N-P86-P35-P86-601527 4.104 3.865 -3.861 1.295
OWDGNYYUILDULC-UHFFFAOYSA-N-P35-P35-P86-601527 4.142 3.759 -3.319 1.478
ZYGSZPIEQOUXHA-UHFFFAOYSA-N-P86-P35-P86-601527 4.420 3.975 -4.432 1.299
YYUFSTIAYNCDLT-UHFFFAOYSA-N-P86-P35-P86-601527 4.279 3.744 -3.933 1.088
IORXSTUPJWKPIF-UHFFFAOYSA-N-P35-P35-P86-601527 4.297 3.854 -3.827 0.440
WDIICKJCBGLSTK-UHFFFAOYSA-N-P35-P35-P86-601527 4.106 3.859 -3.410 1.554
QFRFUHFZVMVLPY-UHFFFAOYSA-N-P86-P35-P86-601527 4.181 4.089 -4.637 1.036
ORVCFXFKXHKJQH-UHFFFAOYSA-N-P86-P35-P86-601527 3.961 3.900 -4.666 1.252
CYUVSYNFDZEZDS-UHFFFAOYSA-N-P86-P35-P86-601527 4.136 3.772 -4.241 1.535
BFOJNXQDWLBXTM-UHFFFAOYSA-N-P86-P35-P86-601527 4.256 3.756 -3.618 0.982
ALLRQWJRTPOGID-UHFFFAOYSA-N-P86-P35-P86-601527 4.105 3.766 -4.047 1.805
KWICHBWRXHDPGE-UHFFFAOYSA-N-P86-P35-P86-601527 4.151 3.924 -4.396 1.584
XEIMYPSKDSAENN-UHFFFAOYSA-N-P86-P35-P86-601527 4.404 3.970 -3.854 1.391
SGEUKLQHTAJURD-UHFFFAOYSA-N-P86-P35-P86-601527 4.232 3.948 -4.779 1.296
DQONNOLBIWTLCQ-UHFFFAOYSA-N-P35-P35-P86-601527 3.856 3.613 -3.866 1.120
ZSHORSIYVVNFIG-UHFFFAOYSA-N-P35-P35-P86-601527 4.283 4.176 -4.514 1.276
PAUWXGNVTJDINQ-UHFFFAOYSA-N-P86-P35-P86-601527 4.180 3.924 -4.911 1.461
IKDFEJUMDGJVOF-UHFFFAOYSA-N-P86-P35-P86-601527 3.939 3.819 -4.280 1.412
ZSYFWVHUPFBGAB-UHFFFAOYSA-N-P35-P35-P86-601527 4.149 4.028 -4.205 0.993
WOUYRYLNFKLODW-UHFFFAOYSA-N-P35-P35-P86-601527 4.114 3.726 -4.008 0.470
JPXKHNWSXPHSLC-UHFFFAOYSA-N-P86-P35-P86-601527 4.351 3.675 -3.626 1.640
AMKPCVNIGDTTEM-UHFFFAOYSA-N-P35-P35-P86-601527 4.249 3.781 -3.768 0.627
JZORHYWNMYLNLX-UHFFFAOYSA-N-P35-P35-P86-601527 4.043 3.711 -3.627 0.994
OXHLVEAIRIDWFX-UHFFFAOYSA-N-P86-P35-P86-601527 4.094 3.760 -4.167 1.192
AUOKUSJUDJFPFS-UHFFFAOYSA-N-P86-P35-P86-601527 4.162 3.914 -4.121 1.543
KFOQSXRCAVSIQG-UHFFFAOYSA-N-P35-P35-P86-601527 4.105 3.757 -3.283 0.935
GXDZLZXLAHPRNN-UHFFFAOYSA-M-P35-P35-P86-601527 3.912 3.661 -4.779 1.309
LZXIRFGDDSLACM-UHFFFAOYSA-N-P86-P35-P86-601527 4.015 4.005 -4.174 1.264
JVJPFISTWULYKF-UHFFFAOYSA-N-P35-P35-P86-601527 3.926 3.644 -3.347 0.973
YAVXZEXUNAYEAG-UHFFFAOYSA-N-P86-P35-P86-601527 4.310 3.762 -3.769 2.019
HUTJBOBOBWOZBG-UHFFFAOYSA-N-P35-P35-P86-601527 3.763 3.813 -3.602 0.927
RRCZXEBPVPPVNR-UHFFFAOYSA-N-P86-P35-P86-601527 4.155 3.821 -4.547 1.404
FUBGHVKJIREQLU-UHFFFAOYSA-N-P86-P35-P86-601527 4.132 3.902 -4.410 1.715
VGMSWPFDQWXSBU-UHFFFAOYSA-N-P35-P35-P86-601527 3.976 4.131 -4.676 1.218
HCQCJLPHLAMEQD-UHFFFAOYSA-N-P35-P35-P86-601527 4.198 4.136 -4.667 1.071
KRSZFNUKARVAGD-UHFFFAOYSA-N-P86-P35-P86-601527 4.416 3.986 -4.035 1.152
BGJKTHFZDTUYLG-UHFFFAOYSA-N-P35-P35-P86-601527 4.216 3.955 -3.885 1.177
OBEFWCRWDZSZRC-UHFFFAOYSA-N-P86-P35-P86-601527 4.112 3.803 -4.063 1.476
WCVNATFSZIERNF-UHFFFAOYSA-N-P86-P35-P86-601527 4.202 3.569 -3.835 1.096
LKVCNNGAKNXLFW-UHFFFAOYSA-N-P35-P35-P86-601527 4.343 3.821 -3.747 0.455
SEVVLSOIXOSQOM-UHFFFAOYSA-N-P86-P35-P86-601527 3.819 3.649 -4.334 1.510
KLOCRZXXHSVAKF-UHFFFAOYSA-N-P35-P35-P86-601527 4.077 3.743 -4.285 1.281
YCEOIOSVXMFFRG-UHFFFAOYSA-N-P86-P35-P86-601527 4.238 4.083 -5.216 1.365
IHCNWLMPWUVEMY-UHFFFAOYSA-N-P86-P35-P86-601527 4.436 4.251 -4.704 0.811
HMFRALGMRSLAQZ-UHFFFAOYSA-N-P86-P35-P86-601527 4.159 4.186 -4.984 1.964
SXWYALRIBWHSCZ-UHFFFAOYSA-N-P86-P35-P86-601527 4.216 3.787 -4.256 1.388
VWGLFNKTEQHNOK-UHFFFAOYSA-N-P86-P35-P86-601527 4.351 4.005 -4.711 0.681
FMWUOAORGMQPDA-UHFFFAOYSA-N-P86-P35-P86-601527 3.999 3.840 -4.938 1.374
DEQBSIXOHYSWEB-UHFFFAOYSA-N-P35-P35-P86-601527 4.010 3.937 -4.430 0.906
YDIHCGPGGDYMSS-UHFFFAOYSA-N-P35-P35-P86-601527 3.874 3.789 -4.542 0.958
OTWDQVPHKJUKLL-UHFFFAOYSA-N-P35-P35-P86-601527 3.949 3.908 -4.694 1.030
IAFVVXQJXKSUSS-UHFFFAOYSA-N-P86-P35-P86-601527 4.004 3.663 -4.263 1.138
WTCDXVZVNXRPBY-UHFFFAOYSA-N-P35-P35-P86-601527 3.958 4.115 -4.964 0.792
QCSCFCJSRQCUME-UHFFFAOYSA-N-P35-P35-P86-601527 4.309 3.794 -3.488 0.953
PJDDYASRESKWLP-UHFFFAOYSA-N-P86-P35-P86-601527 3.895 3.950 -3.704 1.375
OWEPZYDYTXAQIV-UHFFFAOYSA-N-P35-P35-P86-601527 4.080 3.901 -3.829 0.832
OMXOQZONHOOIAO-UHFFFAOYSA-N-P86-P35-P86-601527 4.273 3.939 -4.112 1.260
SUPDYFUTOGPNCE-UHFFFAOYSA-N-P86-P35-P86-601527 4.373 4.046 -4.241 1.374
JPZTYFDCXAMGKA-UHFFFAOYSA-N-P86-P35-P86-601527 4.040 3.799 -4.399 1.075
GDIHCEXSURJWEA-UHFFFAOYSA-N-P86-P35-P86-601527 3.913 3.579 -3.751 1.205
SSXFFVJNSRJDPA-UHFFFAOYSA-N-P35-P35-P86-601527 4.124 3.830 -4.683 0.871
SEPFIDIRCBNIIT-UHFFFAOYSA-N-P86-P35-P86-601527 4.135 3.828 -4.618 1.825
SJVMCWUHJGRQTO-UHFFFAOYSA-N-P86-P35-P86-601527 4.128 3.772 -4.210 1.271
LLXHTPQMBQAGDY-UHFFFAOYSA-N-P86-P35-P86-601527 4.218 4.135 -3.250 1.850
LYRJZZBGOGOSKZ-UHFFFAOYSA-N-P35-P35-P86-601527 4.022 3.818 -4.013 0.556
IOIKESUJOMERTB-UHFFFAOYSA-N-P86-P35-P86-601527 4.161 3.857 -4.434 1.465
IIQZYSWBARQEHX-UHFFFAOYSA-N-P35-P35-P86-601527 4.117 3.861 -4.290 1.096
APQUZJYICRRMOX-UHFFFAOYSA-N-P35-P35-P86-601527 4.348 4.389 -4.356 1.022
UQOFIBWWQDGHTD-UHFFFAOYSA-N-P35-P35-P86-601527 4.169 3.911 -3.363 1.301
WELCSQQAHYYPSM-UHFFFAOYSA-N-P86-P35-P86-601527 4.319 3.905 -4.053 1.257
AWMOTKABIIEGIJ-UHFFFAOYSA-N-P86-P35-P86-601527 4.283 4.072 -4.441 0.844
PKGKWYZMQJZQEC-UHFFFAOYSA-N-P86-P35-P86-601527 4.269 3.961 -4.522 1.114
QAFGXAVYNVRFML-UHFFFAOYSA-N-P86-P35-P86-601527 4.174 3.743 -4.306 1.339
YIEJZUAIJMZYGA-UHFFFAOYSA-N-P35-P35-P86-601527 4.135 3.801 -3.935 1.067
FGQXLADBRBYKJA-UHFFFAOYSA-N-P35-P35-P86-601527 4.194 4.083 -4.468 0.819
NZKZFPDDEGOVEK-UHFFFAOYSA-N-P86-P35-P86-601527 3.816 3.764 -3.856 1.255
KBLSITYFCDGJLJ-UHFFFAOYSA-N-P35-P35-P86-601527 4.334 4.017 -3.505 0.941
NTLIWMYOQOODPR-UHFFFAOYSA-N-P35-P35-P86-601527 4.202 4.141 -4.529 1.324
OBKWLFMBCKELHV-UHFFFAOYSA-N-P35-P35-P86-601527 4.283 4.155 -4.504 1.133
LVZOSWZFXXVPBJ-UHFFFAOYSA-N-P35-P35-P86-601527 4.312 3.975 -5.204 1.519
NVJARLPHYHBUTM-UHFFFAOYSA-N-P35-P35-P86-601527 3.836 3.614 -3.912 1.106
JZMXQWVUHPXFRS-UHFFFAOYSA-N-P86-P35-P86-601527 4.008 3.904 -4.811 1.052
YDMIKBMRVFOEON-UHFFFAOYSA-N-P86-P35-P86-601527 4.449 3.875 -3.851 0.973
SNSWXJYVLRDYPJ-UHFFFAOYSA-N-P86-P35-P86-601527 4.262 3.630 -3.858 1.111
YQEBRVZBQUNQJZ-UHFFFAOYSA-N-P86-P35-P86-601527 4.091 3.809 -4.361 1.115
GUUOCPIFOHJFNP-UHFFFAOYSA-N-P86-P35-P86-601527 4.237 3.676 -4.391 1.270
XARUVMFIWGBKFI-UHFFFAOYSA-N-P35-P35-P86-601527 4.191 4.133 -4.159 0.813
JNEKUIHSWGVQNZ-UHFFFAOYSA-N-P86-P35-P86-601527 4.388 3.990 -5.083 1.189
OLNKGLXJPLWCEG-UHFFFAOYSA-N-P35-P35-P86-601527 3.947 3.796 -4.012 1.096
GZTYKLREFIJAMC-UHFFFAOYSA-N-P86-P35-P86-601527 4.125 3.749 -4.432 1.397
UIWCZRIXQVYZDC-UHFFFAOYSA-N-P35-P35-P86-601527 4.178 4.331 -4.769 0.963
RJVODZGXJUPULK-UHFFFAOYSA-N-P86-P35-P86-601527 4.303 4.187 -4.269 1.519
NRUXPVHMQYQGKP-UHFFFAOYSA-N-P86-P35-P86-601527 4.238 4.065 -4.160 0.662
PFEYNLLFQYWICW-UHFFFAOYSA-N-P86-P35-P86-601527 4.571 4.265 -4.109 0.968
KJLSXTSQRNXADK-UHFFFAOYSA-N-P35-P35-P86-601527 4.271 3.717 -3.426 0.826
AWHCOFPWJGZSDJ-UHFFFAOYSA-N-P86-P35-P86-601527 4.508 4.302 -4.059 1.717
GAZFDOKAZRCOFE-UHFFFAOYSA-N-P35-P35-P86-601527 4.558 4.188 -4.103 1.474
OLKBXPIUGSYIFF-UHFFFAOYSA-N-P86-P35-P86-601527 4.268 4.034 -4.349 1.484
AQKUIFXLHLQHNP-UHFFFAOYSA-N-P35-P35-P86-601527 4.440 4.277 -5.201 1.234
PSTZMGLCEZVBIY-UHFFFAOYSA-N-P86-P35-P86-601527 4.293 3.916 -4.795 1.071
IUIWXSWQFIUCBM-UHFFFAOYSA-N-P35-P35-P86-601527 4.063 3.924 -4.935 0.768
YYHPVXVZUVQQBC-UHFFFAOYSA-N-P35-P35-P86-601527 4.187 4.299 -5.263 1.511
RAZGCPHILGORBG-UHFFFAOYSA-N-P86-P35-P86-601527 4.520 4.037 -4.001 1.176
FCEPZAIWLLYBGK-UHFFFAOYSA-M-P35-P35-P86-601527 3.844 3.812 -5.307 1.647
HHSGSBHOPYSAEQ-UHFFFAOYSA-N-P86-P35-P86-601527 4.248 3.909 -3.831 1.521
NRIMIPOLTCLFQH-UHFFFAOYSA-M-P35-P35-P86-601527 4.053 3.708 -4.054 1.488
KMHRKZFSWMUFAU-UHFFFAOYSA-N-P86-P35-P86-601527 4.193 3.978 -4.603 1.273
CVXYWDDGYSXXMI-UHFFFAOYSA-N-P35-P35-P86-601527 3.903 3.933 -4.509 1.832
HTTDNRTZAHVFEY-UHFFFAOYSA-N-P86-P35-P86-601527 4.457 4.188 -4.617 0.873
SHZMKFNVOHQHRX-UHFFFAOYSA-N-P35-P35-P86-601527 4.064 4.356 -4.597 0.879
USFUQAWCJQKKOM-UHFFFAOYSA-N-P35-P35-P86-601527 4.499 4.167 -4.143 0.907
NXKOACRJCRZGKT-UHFFFAOYSA-N-P86-P35-P86-601527 4.142 3.979 -3.389 1.908
BNTHSBBSZFAMHL-UHFFFAOYSA-N-P35-P35-P86-601527 4.173 3.872 -3.869 0.902
CYZQVOSYMGLMLE-UHFFFAOYSA-N-P35-P35-P86-601527 4.446 4.307 -5.080 1.421
RALWPVCPUVWLFS-UHFFFAOYSA-N-P86-P35-P86-601527 4.402 3.860 -3.645 0.921
WAEGTIHAUNIOJI-UHFFFAOYSA-M-P35-P35-P86-601527 4.198 3.779 -5.035 1.400
VOSXDUQGUWDUBE-UHFFFAOYSA-N-P86-P35-P86-601527 4.005 4.318 -4.732 1.494
CDVSCPQUIVYFJP-UHFFFAOYSA-N-P86-P35-P86-601527 4.194 3.849 -4.574 1.528
WWMDHQDBXWCGER-UHFFFAOYSA-N-P35-P35-P86-601527 4.453 3.878 -3.572 0.885
GGQJWPZBEIYLBD-UHFFFAOYSA-N-P86-P35-P86-601527 4.305 4.015 -4.390 1.202
JQUZUAKKXYAHNK-UHFFFAOYSA-N-P86-P35-P86-601527 4.298 3.896 -3.526 1.114
IPQVCLRUJIHWTF-UHFFFAOYSA-N-P86-P35-P86-601527 4.078 3.758 -4.554 1.223
XJQYTABLUCYPJC-UHFFFAOYSA-N-P86-P35-P86-601527 4.151 3.789 -4.488 1.404
UKNGYEJTTZHACX-UHFFFAOYSA-N-P86-P35-P86-601527 4.511 3.765 -4.014 1.268
IQGXHMGBZNHDQU-UHFFFAOYSA-N-P86-P35-P86-601527 4.323 4.217 -4.073 2.961
WXWKFDQHQXLAFR-UHFFFAOYSA-N-P35-P35-P86-601527 4.314 3.737 -3.676 1.660
JCAMNOGPUBIEJO-UHFFFAOYSA-N-P35-P35-P86-601527 4.594 4.243 -4.793 1.391
HEJSCEOVWPMMNJ-UHFFFAOYSA-N-P86-P35-P86-601527 4.189 3.960 -4.929 2.090
RGEOVCKBDODYEU-UHFFFAOYSA-N-P35-P35-P86-601527 3.993 3.887 -3.955 0.974
XAGRGFSGJWXZPP-UHFFFAOYSA-N-P86-P35-P86-601527 3.878 3.904 -4.479 1.410
JVAUJXXQCJMVSZ-UHFFFAOYSA-N-P35-P35-P86-601527 4.020 3.836 -3.953 0.579
ZQMSVYRDZOSLAH-UHFFFAOYSA-N-P35-P35-P86-601527 4.401 3.982 -4.546 1.629
WDQPKSIIFPARKK-UHFFFAOYSA-N-P86-P35-P86-601527 4.152 4.033 -3.940 2.063
ACMSNBMKDXROCM-UHFFFAOYSA-N-P86-P35-P86-601527 4.142 3.896 -4.631 1.726
DENMHTRWKHTWDM-UHFFFAOYSA-N-P86-P35-P86-601527 4.145 3.677 -4.072 6.235
AXTMMAXTOVXIRS-UHFFFAOYSA-N-P86-P35-P86-601527 4.550 4.419 -4.835 1.154
UCVPJOSFBHDQPN-UHFFFAOYSA-N-P86-P35-P86-601527 4.516 4.302 -4.778 0.948
UOFCYZHKJIMAFG-UHFFFAOYSA-N-P35-P35-P86-601527 4.155 4.251 -4.735 0.592
OFNZNXLXAFCUDP-UHFFFAOYSA-N-P35-P35-P86-601527 4.579 4.362 -4.770 1.010
LXXGEZRCVYFQLN-UHFFFAOYSA-N-P86-P35-P86-601527 4.470 4.389 -4.728 1.827
QSLFZPLLFQDFSH-UHFFFAOYSA-N-P35-P35-P86-601527 4.444 4.384 -4.817 0.793
ULLPESGSQDYTSY-UHFFFAOYSA-N-P86-P35-P86-601527 4.131 3.869 -3.581 1.118
OIUWBGZNAWWDOV-UHFFFAOYSA-N-P35-P35-P86-601527 4.135 3.827 -3.801 1.220
LJCBZUCGHPHSPA-UHFFFAOYSA-N-P86-P35-P86-601527 4.236 3.778 -3.828 1.138
UNQPNHSSZUKVOH-UHFFFAOYSA-N-P86-P35-P86-601527 4.676 4.518 -4.674 1.200
SRTMPSVYXBHWOG-UHFFFAOYSA-N-P86-P35-P86-601527 4.090 3.738 -4.573 1.688
LYUHTIZXDDVQIU-UHFFFAOYSA-N-P86-P35-P86-601527 4.031 3.711 -4.050 1.570
USGGBHCQCZZUFI-UHFFFAOYSA-N-P86-P35-P86-601527 4.366 4.191 -4.835 0.774
FQQNQQNOIMLQBD-UHFFFAOYSA-N-P35-P35-P86-601527 4.155 3.856 -4.899 1.187
HXBPSCQNODCKFY-UHFFFAOYSA-N-P35-P35-P86-601527 4.523 4.094 -3.369 1.251
DPYMLGVIDODCIQ-UHFFFAOYSA-N-P86-P35-P86-601527 4.309 4.152 -4.148 1.856
FXCOFKOTCZLBRK-UHFFFAOYSA-N-P86-P35-P86-601527 3.993 4.045 -4.773 1.019
YJAIXZNZWQQOKG-UHFFFAOYSA-N-P35-P35-P86-601527 4.136 3.817 -3.898 0.753
BNNZUXCVHLGPJU-UHFFFAOYSA-N-P86-P35-P86-601527 4.335 4.356 -5.124 1.090
IHXVOBWXXNEDKG-UHFFFAOYSA-N-P35-P35-P86-601527 4.184 4.380 -5.101 0.870
FFFZXGBEVSIDNU-UHFFFAOYSA-N-P86-P35-P86-601527 4.564 4.376 -4.746 0.787
LQJBQOAYIGJBRO-UHFFFAOYSA-N-P86-P35-P86-601527 4.393 4.251 -5.053 0.978
CZIFPJFBURTVBC-UHFFFAOYSA-N-P86-P35-P86-601527 4.379 3.734 -3.805 1.274
VMHAEZYOZQHKNE-UHFFFAOYSA-N-P86-P35-P86-601527 4.301 3.973 -4.761 1.714
RAHVCKFXQJEXMB-UHFFFAOYSA-N-P86-P35-P86-601527 4.342 3.971 -4.902 2.108
DUUNVMULVKNTFI-UHFFFAOYSA-N-P35-P35-P86-601527 4.502 4.039 -3.499 1.119
ZBBZDPWPFQBRCB-UHFFFAOYSA-N-P86-P35-P86-601527 4.480 3.916 -3.831 1.039
FQSWWEAQLNNPNI-UHFFFAOYSA-N-P86-P35-P86-601527 4.284 3.753 -3.994 1.307
QCJNOTTZXFJZSC-UHFFFAOYSA-N-P35-P35-P86-601527 4.218 4.118 -3.933 0.447
JXNDJRVRFJPUAA-UHFFFAOYSA-N-P35-P35-P86-601527 4.410 4.209 -4.653 0.969
LKWSIYASHDJFJL-UHFFFAOYSA-N-P35-P35-P86-601527 3.978 3.837 -3.759 0.739
KPAIUCJDPQZDTA-UHFFFAOYSA-M-P35-P35-P86-601527 4.304 3.868 -4.748 1.555
YAUSHTCBZIWJEG-UHFFFAOYSA-N-P35-P35-P86-601527 4.412 4.350 -4.687 1.154
DSMIYQHPXJKAOH-UHFFFAOYSA-N-P86-P35-P86-601527 4.185 4.228 -5.444 1.872
YVTYHAJMIVPMLQ-UHFFFAOYSA-N-P86-P35-P86-601527 4.283 3.629 -3.447 3.499
XYCNGKJNOUBGKN-UHFFFAOYSA-N-P86-P35-P86-601527 4.188 3.699 -4.091 1.126
BFSCLNUBRMCEOC-UHFFFAOYSA-N-P35-P35-P86-601527 4.488 4.135 -4.110 1.334
IRUNXWATCARBIT-UHFFFAOYSA-N-P86-P35-P86-601527 4.043 3.755 -4.396 1.673
SUPCFRLKNMNIPZ-UHFFFAOYSA-N-P86-P35-P86-601527 4.070 3.784 -3.962 1.791
NJJOJLACECAPEL-UHFFFAOYSA-N-P86-P35-P86-601527 3.986 3.586 -3.305 1.802
WWVBSHSLBAMLDS-UHFFFAOYSA-N-P35-P35-P86-601527 3.840 3.536 -4.035 1.028
WCUGHLJFJXXOKB-UHFFFAOYSA-N-P86-P35-P86-601527 3.860 3.657 -4.428 1.548
WVJHFCCMHCRXGP-UHFFFAOYSA-N-P86-P35-P86-601527 4.024 3.727 -4.687 1.815
FOCYCAZUCCNHRJ-UHFFFAOYSA-N-P86-P35-P86-601527 4.257 3.985 -3.959 2.440
WTAXCFMGAJSHTQ-UHFFFAOYSA-N-P86-P35-P86-601527 4.094 3.608 -4.214 1.307
BBSOICDSGCLCPS-UHFFFAOYSA-N-P35-P35-P86-601527 4.193 3.896 -4.334 1.099
KDFBHWJUXDOLDP-UHFFFAOYSA-N-P35-P35-P86-601527 4.035 3.863 -4.043 1.230
GMQULILDXRTHMQ-UHFFFAOYSA-N-P86-P35-P86-601527 4.241 3.890 -4.082 1.389
TUSSAMSJMLQWOF-UHFFFAOYSA-N-P86-P35-P86-601527 4.452 4.022 -4.181 1.156
FBBITJASEIBDPS-UHFFFAOYSA-N-P35-P35-P86-601527 4.299 3.965 -3.919 1.077
ARORTDLEEPJSET-UHFFFAOYSA-N-P35-P35-P86-601527 4.406 4.082 -4.256 1.113
CEUHCHOVASDZMN-UHFFFAOYSA-N-P86-P35-P86-601527 4.286 4.123 -4.298 1.507
MHVHHFVLJOJTET-UHFFFAOYSA-N-P35-P35-P86-601527 4.492 4.366 -4.438 0.950
FIQMZBXVVGVKIG-UHFFFAOYSA-N-P86-P35-P86-601527 4.522 3.843 -3.588 1.378
MPEMYWNPNTWWNK-UHFFFAOYSA-M-P35-P35-P86-601527 4.066 3.834 -4.613 1.330
NVTYMUMDEICCJY-UHFFFAOYSA-N-P35-P35-P86-601527 4.328 4.008 -4.688 1.190
YDGZDJYTOMEFFK-UHFFFAOYSA-N-P35-P35-P86-601527 4.506 4.432 -4.804 0.658
MPNCQIIKCOGFGS-UHFFFAOYSA-N-P35-P35-P86-601527 4.404 4.137 -4.654 0.884
DAKCIUHHIUZCOR-UHFFFAOYSA-N-P86-P35-P86-601527 4.287 4.197 -2.930 4.892
BGXKVRLBRYSOSO-UHFFFAOYSA-N-P86-P35-P86-601527 4.359 3.964 -4.487 1.440
JTLHFWSACXAVNR-UHFFFAOYSA-N-P86-P35-P86-601527 4.053 3.895 -4.738 1.335
YYXMAQXCYOCPCO-UHFFFAOYSA-N-P35-P35-P86-601527 4.204 3.767 -3.688 0.749
JSAXBLZPSNJQIK-UHFFFAOYSA-N-P86-P35-P86-601528 3.963 4.130 -3.931 1.606
DESOEPLVWZOWLY-UHFFFAOYSA-N-P35-P35-P86-601528 4.140 3.758 -3.735 1.310
RUFWYNOFUSORNJ-UHFFFAOYSA-M-P35-P35-P86-601528 3.763 3.604 -4.863 1.141
XDQWDQAZKNUYNT-UHFFFAOYSA-N-P35-P35-P86-601528 4.471 4.033 -3.945 0.754
DVCOARQCFCTKHX-UHFFFAOYSA-N-P35-P35-P86-601528 4.570 4.174 -3.793 1.102
UXENSGYTRRDLQU-UHFFFAOYSA-N-P35-P35-P86-601528 4.539 4.105 -4.101 0.788
CQOFNDLBVYHKES-UHFFFAOYSA-N-P35-P35-P86-601528 4.582 4.091 -3.673 1.310
XNPVOXAVDQIJQP-UHFFFAOYSA-N-P35-P35-P86-601528 4.382 4.266 -3.196 1.902
VUWCAFGPULCSLB-UHFFFAOYSA-N-P35-P35-P86-601528 4.393 4.025 -4.356 0.963
QTUYXHNRHXUTLI-UHFFFAOYSA-N-P35-P35-P86-601528 4.075 3.993 -3.488 1.638
OABPUEHWBMOYCZ-UHFFFAOYSA-N-P86-P35-P86-601528 4.322 4.077 -4.211 1.536
FUAOUJOQADDLNI-UHFFFAOYSA-N-P86-P35-P86-601528 4.257 3.960 -4.287 2.189
FWLMWIQQHKONOB-UHFFFAOYSA-N-P35-P35-P86-601528 4.477 4.182 -3.679 0.928
OTWHRIQXSHGWGV-UHFFFAOYSA-N-P35-P35-P86-601528 4.155 3.931 -3.855 0.900
UBOWXEFLRJQBJK-UHFFFAOYSA-N-P86-P35-P86-601528 4.620 4.303 -4.128 0.799
ZOSNXFVGRBZMJL-UHFFFAOYSA-N-P86-P35-P86-601528 4.159 4.090 -4.784 0.897
OBCRWTYBOIDAEK-UHFFFAOYSA-N-P86-P35-P86-601528 4.377 4.040 -4.006 1.941
ZYFYSZCOLSCJBH-UHFFFAOYSA-N-P86-P35-P86-601528 4.247 3.982 -5.046 1.875
SIODTADGWPSHHC-UHFFFAOYSA-N-P86-P35-P86-601528 4.176 4.039 -4.942 1.740
IKJPAFUTPHYKNW-UHFFFAOYSA-N-P35-P35-P86-601528 4.327 4.413 -4.787 1.332
FCIHBBWSDBSOPY-UHFFFAOYSA-N-P35-P35-P86-601528 4.406 3.943 -3.595 0.992
HONVZDRPNNCOPS-UHFFFAOYSA-N-P86-P35-P86-601528 4.404 3.852 -3.799 1.171
PYMZOCTWGYNGQH-UHFFFAOYSA-N-P86-P35-P86-601528 4.159 3.914 -4.528 1.455
KVWGTUYEXDXXTP-UHFFFAOYSA-N-P86-P35-P86-601528 4.241 3.743 -4.103 1.469
LTNSSOPRWHABGV-UHFFFAOYSA-N-P35-P35-P86-601528 4.181 3.560 -3.685 1.013
ZIRSYMFTACBPNO-UHFFFAOYSA-N-P86-P35-P86-601528 4.305 3.644 -3.649 1.350
TZXJFJRJKZEOKP-UHFFFAOYSA-M-P35-P35-P86-601528 4.069 3.821 -4.870 1.428
XOGJULKTBGKYRU-UHFFFAOYSA-N-P86-P35-P86-601528 4.068 4.114 -4.244 1.575
GPUIREKLLCZPSN-UHFFFAOYSA-N-P86-P35-P86-601528 4.278 4.007 -4.788 1.717
XOLQNWRXFSZWBH-UHFFFAOYSA-N-P86-P35-P86-601528 4.268 4.030 -4.692 1.752
RAHLKOGLRVRFME-UHFFFAOYSA-N-P86-P35-P86-601528 4.181 3.713 -4.516 1.524
ZBEXPWXSXWCLGE-UHFFFAOYSA-N-P86-P35-P86-601528 4.135 3.984 -5.232 1.966
AEDSXAZHHDKKQR-UHFFFAOYSA-N-P86-P35-P86-601528 4.222 4.072 -5.223 2.058
URJVEONHSMWJLB-UHFFFAOYSA-N-P35-P35-P86-601528 4.156 4.201 -4.748 1.248
CZGXYZZHDCQTBI-UHFFFAOYSA-N-P86-P35-P86-601528 4.262 3.947 -4.041 1.807
HDAVYMXRAFFVNQ-UHFFFAOYSA-N-P86-P35-P86-601528 4.215 3.873 -3.830 2.125
IVUXHAPQQBODGN-UHFFFAOYSA-M-P35-P35-P86-601528 3.965 3.701 -3.774 1.456
ZXASVENLCQCDIW-UHFFFAOYSA-N-P86-P35-P86-601528 4.117 3.708 -3.943 1.240
UVSBPHFZDIVJDI-UHFFFAOYSA-N-P35-P35-P86-601528 4.254 4.033 -4.019 0.469
FVZTZWWQEHSDFF-UHFFFAOYSA-N-P86-P35-P86-601528 4.238 3.985 -4.372 1.464
SGECYJJKCAJYOB-UHFFFAOYSA-N-P35-P35-P86-601528 4.249 3.996 -4.196 0.893
IXCQAXPPEPNQSB-UHFFFAOYSA-N-P86-P35-P86-601528 4.120 3.820 -4.245 1.655
LVEBWKKOLNQQBO-UHFFFAOYSA-N-P86-P35-P86-601528 4.087 3.768 -4.338 1.687
KTEBDXXYVCYPNT-UHFFFAOYSA-N-P86-P35-P86-601528 4.218 4.052 -4.371 1.468
GNXZPSNJXWJJHX-UHFFFAOYSA-N-P86-P35-P86-601528 4.220 4.007 -4.402 1.634
BSGRNZQICQZLSL-UHFFFAOYSA-N-P86-P35-P86-601528 3.750 3.518 -4.160 1.679
FTMNTRFHJDVCFQ-UHFFFAOYSA-N-P86-P35-P86-601528 4.117 3.809 -4.844 1.289
VWPGONQHDGIPFP-UHFFFAOYSA-N-P86-P35-P86-601528 4.292 3.765 -3.868 1.362
WZYIUNPRZXXUIY-UHFFFAOYSA-N-P86-P35-P86-601528 4.203 4.029 -3.367 2.116
QSZUBVRNZALKSD-UHFFFAOYSA-N-P35-P35-P86-601528 3.994 3.744 -4.211 1.063
KUVIFSBDSBHAEM-UHFFFAOYSA-M-P35-P35-P86-601528 4.058 3.757 -3.562 0.585
SMDSIZIPNILUJQ-UHFFFAOYSA-N-P35-P35-P86-601528 4.178 4.028 -3.308 2.584
WZIHXGDXYZVKKP-UHFFFAOYSA-N-P86-P35-P86-601528 4.265 4.091 -4.150 1.303
VTBXMBXUHJPZAS-UHFFFAOYSA-N-P86-P35-P86-601528 4.231 4.028 -4.418 1.622
UGRVWAOCIVWVBH-UHFFFAOYSA-N-P86-P35-P86-601528 4.177 3.902 -4.118 1.283
CTSHBZZQILNHOX-UHFFFAOYSA-N-P86-P35-P86-601528 4.450 4.205 -3.107 1.157
VYSKJAZYEHRBBE-UHFFFAOYSA-N-P35-P35-P86-601528 4.075 3.769 -4.599 1.093
SQNSUOCFCZOKGT-UHFFFAOYSA-N-P86-P35-P86-601528 4.204 3.894 -4.573 1.470
NILGZDHZLSIJSI-UHFFFAOYSA-N-P86-P35-P86-601528 4.249 3.909 -4.519 1.716
BCXKXWQJTZJVNT-UHFFFAOYSA-N-P35-P35-P86-601528 4.130 3.876 -4.133 0.775
VAMNKDVINGFLSZ-UHFFFAOYSA-N-P86-P35-P86-601528 4.541 3.737 -3.768 1.129
FLFUVYCJYZFHIC-UHFFFAOYSA-N-P35-P35-P86-601528 4.406 3.863 -3.523 1.189
RWGHIAUUCUMSJO-UHFFFAOYSA-N-P86-P35-P86-601528 4.089 3.857 -4.630 1.485
HPLLRNGVWYLFTO-UHFFFAOYSA-N-P35-P35-P86-601528 4.146 3.910 -4.379 1.126
JRVPEPOFTDYICQ-UHFFFAOYSA-N-P35-P35-P86-601528 4.471 4.286 -4.817 0.879
PHDSAMMMAGNQRP-UHFFFAOYSA-N-P86-P35-P86-601528 4.284 3.795 -4.675 1.507
GEUXSSIXCGNSJW-UHFFFAOYSA-N-P86-P35-P86-601528 4.080 3.653 -4.430 1.578
GSMODFDSFURJIB-UHFFFAOYSA-N-P86-P35-P86-601528 4.169 3.568 -4.018 1.086
AVJUBYHOIMBAAZ-UHFFFAOYSA-N-P86-P35-P86-601528 4.497 4.368 -4.420 0.780
CQUWCZHTKJXYEX-UHFFFAOYSA-N-P86-P35-P86-601528 4.133 4.228 -4.547 1.251
SIWGCXODZBYPFL-UHFFFAOYSA-N-P35-P35-P86-601528 4.101 3.779 -4.394 0.796
VZHKIOMEHUXZPS-UHFFFAOYSA-N-P35-P35-P86-601528 3.761 3.568 -3.912 1.657
JUCYPFVPSKSTCF-UHFFFAOYSA-N-P35-P35-P86-601528 3.786 3.619 -4.243 0.688
WSWHXWBBRCVDFW-UHFFFAOYSA-N-P86-P35-P86-601528 4.150 3.531 -4.493 1.675
DZOPSLDXBMBBIY-UHFFFAOYSA-N-P86-P35-P86-601528 4.213 3.909 -4.950 1.151
GYMJCVRDBSPNPM-UHFFFAOYSA-N-P86-P35-P86-601528 4.176 4.028 -4.289 1.186
MNSOGWXCTHAVDR-UHFFFAOYSA-N-P86-P35-P86-601528 4.257 4.018 -4.844 1.369
SLKCMJDYRWKYAD-UHFFFAOYSA-N-P86-P35-P86-601528 4.338 3.841 -3.887 1.494
RRRCEWHPQUPNLD-UHFFFAOYSA-N-P35-P35-P86-601528 4.379 4.171 -4.907 0.844
PXHVXEGGGUMHFP-UHFFFAOYSA-N-P86-P35-P86-601528 4.262 4.253 -5.644 2.251
YBSUBYMEVUOQHZ-UHFFFAOYSA-N-P86-P35-P86-601528 4.110 3.897 -4.541 1.518
HEYTVMUHQCGMHJ-UHFFFAOYSA-N-P35-P35-P86-601528 4.317 3.998 -4.471 2.035
PBCOHCIFWCLQKA-UHFFFAOYSA-N-P35-P35-P86-601528 4.280 3.726 -3.834 1.174
RFWVHEVIFWARLZ-UHFFFAOYSA-N-P86-P35-P86-601528 3.956 3.708 -4.337 1.343
BSXSPTNRZGFCAT-UHFFFAOYSA-N-P35-P35-P86-601528 4.429 4.376 -5.394 0.563
OSXNCBZFKCCCGZ-UHFFFAOYSA-N-P86-P35-P86-601528 4.249 3.913 -4.522 1.524
NMBRGKYHKRLECK-UHFFFAOYSA-N-P86-P35-P86-601528 4.251 4.049 -4.591 1.406
ACOHVOAIOCUMCC-UHFFFAOYSA-N-P35-P35-P86-601528 3.946 3.920 -4.452 1.315
BCSDNCUHZOLLHE-UHFFFAOYSA-N-P86-P35-P86-601528 4.376 3.839 -3.576 0.948
WTNOHYDPWCRZHG-UHFFFAOYSA-N-P35-P35-P86-601528 3.972 3.848 -4.157 0.598
IZIDOTHLDLJRPK-UHFFFAOYSA-N-P86-P35-P86-601528 4.189 3.922 -4.606 1.322
OILHTPVPQBAOTQ-UHFFFAOYSA-N-P35-P35-P86-601528 4.228 3.937 -4.076 0.801
DCTCMXIBRTXMNJ-UHFFFAOYSA-M-P35-P35-P86-601528 4.110 3.654 -3.915 1.462
IAYRVVVYXAJTBF-UHFFFAOYSA-N-P86-P35-P86-601528 4.199 4.279 -4.578 1.516
OLQRHDAERIWYHW-UHFFFAOYSA-N-P35-P35-P86-601528 4.416 3.862 -3.640 1.181
KDEUWMRJGUDAFC-UHFFFAOYSA-N-P86-P35-P86-601528 4.040 4.130 -4.486 1.399
USUPZKSAXKGEEM-UHFFFAOYSA-N-P86-P35-P86-601528 4.212 3.932 -3.628 1.538
LXSBLJCQLWFTLW-UHFFFAOYSA-N-P35-P35-P86-601528 4.357 4.093 -4.583 1.361
QTAHXUNQRYZJMR-UHFFFAOYSA-N-P35-P35-P86-601528 4.477 4.425 -4.804 0.971
QUZYDUZVEYSLEK-UHFFFAOYSA-N-P86-P35-P86-601528 4.091 3.878 -4.443 1.682
PFLXOKOGCFEKDD-UHFFFAOYSA-N-P86-P35-P86-601528 4.117 3.962 -5.008 1.456
YXRKPQCXRJGEHH-UHFFFAOYSA-N-P35-P35-P86-601528 3.919 3.984 -4.691 0.851
MMTSZAPRHWIJOW-UHFFFAOYSA-N-P86-P35-P86-601528 4.133 3.839 -4.859 1.139
DHWYCQXXLPIJKB-UHFFFAOYSA-N-P86-P35-P86-601528 4.497 4.236 -4.504 0.890
DIXIASGBUOIYIG-UHFFFAOYSA-N-P35-P35-P86-601528 4.150 3.977 -5.069 1.674
KFMYVGJMEDQPAL-UHFFFAOYSA-N-P35-P35-P86-601528 3.697 3.779 -3.696 0.822
XDPSWRLALHJZEN-UHFFFAOYSA-N-P35-P35-P86-601528 4.181 3.624 -3.759 0.992
KGSPHXZIYNBZKV-UHFFFAOYSA-N-P86-P35-P86-601528 4.258 3.584 -4.142 1.003
XMGAFAOZBRRTHM-UHFFFAOYSA-N-P35-P35-P86-601528 3.690 3.497 -4.222 1.136
AMFAMQBXBCCYRG-UHFFFAOYSA-N-P86-P35-P86-601528 4.166 3.871 -4.788 1.191
PQLVAXFKMCGHSH-UHFFFAOYSA-N-P86-P35-P86-601528 3.938 3.474 -4.701 1.349
ZDDSJPPMFWFDNI-UHFFFAOYSA-N-P86-P35-P86-601528 4.051 3.858 -4.742 1.568
LOMXGIRMIQZLSL-UHFFFAOYSA-N-P86-P35-P86-601528 4.257 3.623 -4.063 6.425
RKBPYTDOMAFXQP-UHFFFAOYSA-N-P35-P35-P86-601528 4.277 4.331 -5.532 0.663
DFGTWSOIMBETRY-UHFFFAOYSA-N-P35-P35-P86-601528 4.029 4.418 -5.281 1.352
ZFUGLEWYNRAXKB-UHFFFAOYSA-N-P86-P35-P86-601528 4.594 4.020 -4.186 1.409
JYYCXZNHRIPPDZ-UHFFFAOYSA-N-P35-P35-P86-601528 4.293 4.265 -4.171 2.634
PFUWCUTZSRCBSW-UHFFFAOYSA-N-P35-P35-P86-601528 3.969 3.792 -4.371 1.039
JGQAUHHRTHXHMY-UHFFFAOYSA-N-P86-P35-P86-601528 4.354 4.106 -4.527 1.544
UUSRXKZUMFSXSR-UHFFFAOYSA-N-P86-P35-P86-601528 4.276 3.891 -4.644 1.642
DQWMBBDEIWSBRJ-UHFFFAOYSA-N-P86-P35-P86-601528 4.286 4.027 -4.556 1.735
LCMNGFRLJFTWDJ-UHFFFAOYSA-N-P86-P35-P86-601528 4.470 4.135 -3.959 1.778
KZSBQWDYMCOLIC-UHFFFAOYSA-N-P35-P35-P86-601528 4.225 3.975 -4.476 0.642
YHNCRDVMXZHECH-UHFFFAOYSA-N-P86-P35-P86-601528 4.205 4.089 -4.853 1.238
QMORRVLMUSSSKM-UHFFFAOYSA-N-P86-P35-P86-601528 3.894 3.739 -4.433 0.833
LGKKEYGMUFUKAC-UHFFFAOYSA-N-P35-P35-P86-601528 3.915 3.719 -4.727 0.800
KTJVYPVGEPSXMS-UHFFFAOYSA-N-P35-P35-P86-601528 4.144 4.073 -4.447 0.743
GFBQHGLHYLKXAU-UHFFFAOYSA-N-P35-P35-P86-601528 4.218 3.998 -4.519 0.446
DIUFMWPMUGNNFU-UHFFFAOYSA-N-P86-P35-P86-601528 4.068 4.246 -4.482 1.560
GTFPBIVUVOHXAQ-UHFFFAOYSA-N-P86-P35-P86-601528 4.225 3.952 -4.570 1.241
KNTHTMZJXNYLEU-UHFFFAOYSA-N-P86-P35-P86-601528 4.267 3.950 -4.402 1.628
WQKMROCACZQFOB-UHFFFAOYSA-N-P86-P35-P86-601528 4.314 4.092 -4.400 1.047
BBTNUDIGYYNVNY-UHFFFAOYSA-N-P35-P35-P86-601528 4.274 3.866 -4.815 1.429
FZCLBLBCSWTWRP-UHFFFAOYSA-N-P35-P35-P86-601528 4.244 4.104 -4.316 0.566
GUGQPVRVZQMOAD-UHFFFAOYSA-N-P86-P35-P86-601528 3.928 3.777 -4.302 0.894
VZKYJSSCRBSWQJ-UHFFFAOYSA-N-P86-P35-P86-601528 4.314 4.334 -3.644 1.248
QLNGNJJQGWSTFT-UHFFFAOYSA-N-P35-P35-P86-601528 4.299 4.434 -4.885 1.532
QITBJNMFNLJCHT-UHFFFAOYSA-N-P35-P35-P86-601528 4.216 4.159 -5.101 0.882
CQLJIRMTSNHLKX-UHFFFAOYSA-N-P86-P35-P86-601528 4.324 4.006 -5.140 1.343
AYAGVRAKKQBVKS-UHFFFAOYSA-N-P86-P35-P86-601528 4.214 4.383 -5.012 1.019
MKBQWIMECRBBMH-UHFFFAOYSA-N-P35-P35-P86-601528 4.073 4.355 -4.855 0.852
XFNVOKFFGINVLL-UHFFFAOYSA-N-P86-P35-P86-601528 4.389 4.224 -4.723 0.981
LSGWPURRRNLRFF-UHFFFAOYSA-N-P35-P35-P86-601528 4.504 4.395 -4.647 0.652
NKIXGWTXKPNLOD-UHFFFAOYSA-N-P86-P35-P86-601528 4.498 4.241 -4.326 1.276
XRMXJMCWPGEXLB-UHFFFAOYSA-N-P86-P35-P86-601528 4.192 3.970 -4.458 1.541
FIEWIKPFIFDTAY-UHFFFAOYSA-N-P35-P35-P86-601528 4.465 4.231 -4.815 1.050
WCHREVYBHWIENB-UHFFFAOYSA-N-P35-P35-P86-601528 3.948 4.268 -5.343 1.311
IOKSAHRTJGPEHY-UHFFFAOYSA-N-P86-P35-P86-601528 4.378 4.063 -3.976 1.137
CEGOUSYSXGBVSQ-UHFFFAOYSA-N-P86-P35-P86-601528 4.217 3.766 -4.366 1.008
DOFBDLCMXZLNSS-UHFFFAOYSA-N-P86-P35-P86-601528 4.252 4.166 -3.804 3.974
KEVRRZXWHOQIRO-UHFFFAOYSA-M-P86-P35-P86-601528 4.169 3.754 -4.398 1.910
HABHTWUMDUFLIF-UHFFFAOYSA-N-P86-P35-P86-601528 4.280 3.995 -5.001 1.742
RPPWJLNABRFIKE-UHFFFAOYSA-N-P86-P35-P86-601528 4.369 3.915 -4.245 1.930
RZMJTUKDZXFQKO-UHFFFAOYSA-N-P86-P35-P86-601528 4.294 3.971 -4.140 1.490
GMASABBOPYYPLD-UHFFFAOYSA-N-P86-P35-P86-601528 4.194 4.071 -4.155 1.649
IZHLMFPAHZWUFB-UHFFFAOYSA-N-P35-P35-P86-601528 4.481 4.414 -4.740 1.166
HURQIUJESKCHAI-UHFFFAOYSA-N-P86-P35-P86-601528 4.011 4.217 -4.512 1.246
HWCWSWWTOMNVSY-UHFFFAOYSA-N-P86-P35-P86-601528 4.012 3.698 -4.613 1.613
IGPHQFWBPGOGTO-UHFFFAOYSA-N-P35-P35-P86-601528 3.865 3.759 -4.636 1.034
VAOMADSLUANCIJ-UHFFFAOYSA-N-P86-P35-P86-601528 4.007 3.694 -4.667 1.457
DALYAHODZHBTAT-UHFFFAOYSA-N-P86-P35-P86-601528 4.013 3.726 -4.252 2.713
MAOZHBFCYLMLTQ-UHFFFAOYSA-N-P35-P35-P86-601528 4.151 3.639 -3.613 1.327
UVZRVFXZCLFNKI-UHFFFAOYSA-N-P86-P35-P86-601528 4.140 3.818 -3.628 2.165
GKHDRXYHIMBQII-UHFFFAOYSA-N-P86-P35-P86-601528 4.125 3.970 -4.371 1.731
JIFUDRDXOCZQRB-UHFFFAOYSA-N-P86-P35-P86-601528 4.199 3.895 -4.759 1.401
HQGSTTFITZTUFA-UHFFFAOYSA-N-P35-P35-P86-601528 4.541 4.309 -4.659 0.830
JFDGTBIMAKBMDL-UHFFFAOYSA-N-P86-P35-P86-601528 4.405 3.999 -4.034 1.424
GIZYUKUJYFVPJQ-UHFFFAOYSA-N-P35-P35-P86-601528 4.263 4.137 -3.608 0.783
PZFWUUVRFTTZRS-UHFFFAOYSA-N-P35-P35-P86-601528 4.231 4.426 -5.163 0.679
XEMOIVBLPZBFCS-UHFFFAOYSA-N-P35-P35-P86-601528 4.446 4.319 -5.052 1.069
LDZBERQKLVCWPK-UHFFFAOYSA-N-P86-P35-P86-601528 4.193 3.982 -4.099 1.427
FMYLWTOLFSXMCE-UHFFFAOYSA-N-P86-P35-P86-601528 4.312 4.041 -4.979 1.347
JARPWWAAWIBLCU-UHFFFAOYSA-N-P35-P35-P86-601528 4.390 4.060 -3.958 1.344
PHBCUNWGOAERTI-UHFFFAOYSA-N-P86-P35-P86-601528 4.389 4.038 -3.643 1.298
RDGPHLQKLGRHEG-UHFFFAOYSA-N-P35-P35-P86-601528 4.030 3.875 -4.119 0.639
SWLPCXMSDFNLJK-UHFFFAOYSA-N-P35-P35-P86-601528 4.368 3.978 -4.023 0.563
IFRMDKZPGOJYGA-UHFFFAOYSA-N-P35-P35-P86-601528 4.500 4.187 -4.397 1.219
QGVKYXZNKHHMEQ-UHFFFAOYSA-N-P35-P35-P86-601528 3.943 3.961 -3.556 0.529
QJSAIESSACOGOI-UHFFFAOYSA-N-P35-P35-P86-601528 4.638 4.438 -4.461 0.659
LLYQJQVZAYWBIK-UHFFFAOYSA-N-P35-P35-P86-601528 4.016 3.781 -4.310 0.947
UNQLKEVNZSPIQI-UHFFFAOYSA-N-P86-P35-P86-601528 4.133 3.725 -3.922 3.060
JXBHEJSVMYGUII-UHFFFAOYSA-N-P86-P35-P86-601528 4.395 4.102 -3.785 2.276
GOQLTKVCKXNNMN-UHFFFAOYSA-N-P35-P35-P86-601528 4.373 4.184 -4.105 0.955
WKHVBKGBCHFGJR-UHFFFAOYSA-N-P86-P35-P86-601528 4.161 4.031 -4.624 1.799
MGXZLGCJFSBCDU-UHFFFAOYSA-N-P86-P35-P86-601528 4.340 3.949 -3.960 1.520
QTIMAUQWVIPTRV-UHFFFAOYSA-N-P86-P35-P86-601528 4.400 4.279 -4.528 0.915
OPRIZCQAPKFGFX-UHFFFAOYSA-N-P35-P35-P86-601528 4.179 4.135 -4.269 1.280
SDLZQFBYNNDPTP-UHFFFAOYSA-N-P86-P35-P86-601528 4.332 3.864 -4.070 1.251
VEMSARPAHXDLNY-UHFFFAOYSA-N-P35-P35-P86-601528 4.530 4.138 -4.685 0.951
GSVWSRBBWKVJCU-UHFFFAOYSA-N-P35-P35-P86-601528 4.208 3.892 -4.354 0.596
TWWXKTFXXCYQPA-UHFFFAOYSA-N-P86-P35-P86-601528 4.153 3.995 -4.569 1.790
OOPMDYOSCNLJOB-UHFFFAOYSA-N-P86-P35-P86-601528 4.218 3.967 -4.393 1.421
RLPKQLIFXFTKHA-UHFFFAOYSA-N-P35-P35-P86-601528 4.048 3.909 -4.240 1.479
LGNYSZBJZZGPQZ-UHFFFAOYSA-N-P35-P35-P86-601528 4.443 4.009 -4.280 0.978
JVKVDUBGNMDGCR-UHFFFAOYSA-N-P86-P35-P86-601528 3.959 4.074 -3.649 2.112
YOJRNOBAXGOJSG-UHFFFAOYSA-N-P86-P35-P86-601528 4.193 3.969 -4.292 0.452
YDVZRGYEKKYJQF-UHFFFAOYSA-N-P86-P35-P86-601528 4.417 3.800 -3.843 1.762
IZLUUNOISQDHGS-UHFFFAOYSA-N-P86-P35-P86-601528 4.514 4.215 -4.132 0.900
MORONVRUNQAMLB-UHFFFAOYSA-N-P86-P35-P86-601528 4.220 3.964 -4.326 1.402
YDNMXBBJTOCNRQ-UHFFFAOYSA-N-P35-P35-P86-601528 4.616 4.282 -4.481 1.041
LPWBHKVYFPJALJ-UHFFFAOYSA-N-P86-P35-P86-601528 4.209 3.916 -4.255 1.690
CFGDZJBFDLFKJX-UHFFFAOYSA-N-P35-P35-P86-601528 4.254 4.146 -4.226 1.257
PWJDOJZVSDGIDI-UHFFFAOYSA-N-P35-P35-P86-601528 4.171 3.777 -3.854 0.679
NWPKWIIPOUDQFE-UHFFFAOYSA-N-P35-P35-P86-601528 4.168 3.904 -4.466 1.491
DXJITZJHQDCAQA-UHFFFAOYSA-N-P35-P35-P86-601528 4.334 3.899 -4.050 0.775
ZTJWEGJGBRYYTO-UHFFFAOYSA-N-P35-P35-P86-601528 4.596 4.377 -4.896 1.181
VSJGSHVYAAMYDD-UHFFFAOYSA-N-P86-P35-P86-601528 4.440 4.196 -4.789 1.512
MXASWRIGDYTCKL-UHFFFAOYSA-N-P86-P35-P86-601528 4.393 4.230 -4.615 1.102
FSWWNHWUZKCJFT-UHFFFAOYSA-N-P35-P35-P86-601528 4.499 4.299 -4.845 1.662
MNIBCDATNNJFTJ-UHFFFAOYSA-N-P35-P35-P86-601528 4.401 4.271 -4.038 0.703
KPMRFXNPZSWMDQ-UHFFFAOYSA-N-P86-P35-P86-601528 4.332 4.447 -5.364 0.867
QGTPDXDXOFFRTB-UHFFFAOYSA-N-P35-P35-P86-601528 4.190 4.199 -5.237 0.304
FGFRDSMEXBBVEE-UHFFFAOYSA-N-P86-P35-P86-601528 4.555 4.366 -4.837 2.012
QJKVTORGSYMDBA-UHFFFAOYSA-N-P35-P35-P86-601528 4.370 4.311 -3.945 0.522
UHKCVFZGKIWMGY-UHFFFAOYSA-N-P35-P35-P86-601528 4.390 4.328 -6.152 0.800
WMZARPNGWOVYCN-UHFFFAOYSA-N-P86-P35-P86-601528 4.553 4.111 -4.397 1.090
OWGVIPPSDFLSSY-UHFFFAOYSA-N-P86-P35-P86-601528 4.736 4.183 -4.712 1.505
CJTGBPWOOBHTIH-UHFFFAOYSA-N-P35-P35-P86-601528 4.449 4.508 -5.778 1.852
ANZIGMVBAIUOPR-UHFFFAOYSA-N-P86-P35-P86-601528 4.493 4.294 -5.427 1.514
HFXATALFHOSMAC-UHFFFAOYSA-N-P86-P35-P86-601528 4.548 3.968 -5.141 1.867
AQVNIHUCQGPWQB-UHFFFAOYSA-N-P35-P35-P86-601528 4.757 4.505 -4.451 0.769
CJJBPNSSTCVPJM-UHFFFAOYSA-N-P35-P35-P86-601528 4.485 4.218 -4.747 1.252
CTJNTRUEWCPVRW-UHFFFAOYSA-N-P35-P35-P86-601528 4.595 4.527 -4.665 0.806
ZBHNEMNJRUCRLH-UHFFFAOYSA-N-P35-P35-P86-601528 4.659 4.443 -4.787 0.892
VHGBPEYROZPGLH-UHFFFAOYSA-N-P35-P35-P86-601528 4.390 4.430 -3.894 0.561
SYHNCXYONZEIKO-UHFFFAOYSA-N-P35-P35-P86-601528 4.787 4.752 -4.765 0.840
YJMNNJPCHDXWEN-UHFFFAOYSA-N-P35-P35-P86-601528 4.655 4.401 -4.067 0.769
JYWCSDHKDMBFMX-UHFFFAOYSA-N-P35-P35-P86-601528 4.593 4.253 -4.333 1.030
WEMYDYHAGXDIAL-UHFFFAOYSA-N-P35-P35-P86-601528 4.252 3.883 -3.779 0.729
ZRLIOZDIVXWMAI-UHFFFAOYSA-N-P86-P35-P86-601528 4.613 3.943 -3.962 1.492
YWYJITNABPZTPE-UHFFFAOYSA-N-P86-P35-P86-601528 4.145 4.273 -4.587 1.211
KBJYJGFNIQYGRQ-UHFFFAOYSA-N-P86-P35-P86-601528 4.353 4.201 -4.149 0.951
NNYJQFNQMKCHLY-UHFFFAOYSA-N-P35-P35-P86-601528 4.293 4.017 -4.437 1.827
GWUIAWKJAUEVJH-UHFFFAOYSA-N-P35-P35-P86-601528 4.146 4.068 -4.802 0.848
NPTHKXYXMSTWMR-UHFFFAOYSA-N-P35-P35-P86-601528 4.115 4.148 -5.437 0.734
DBDJNEUMGXBCHG-UHFFFAOYSA-N-P35-P35-P86-601528 4.270 3.829 -4.344 1.183
IIALYNHCGUUSOH-UHFFFAOYSA-N-P86-P35-P86-601528 4.182 3.898 -3.985 6.699
UHEWNZJHXABJCO-UHFFFAOYSA-N-P35-P35-P86-601528 4.282 4.065 -4.203 0.973
WIFCXUXYPZBKCE-UHFFFAOYSA-N-P35-P35-P86-601528 4.383 4.329 -4.841 1.004
OXOJFALTZDYFLJ-UHFFFAOYSA-N-P35-P35-P86-601528 4.082 3.571 -4.317 1.147
ITNRSQKPZBTJBB-UHFFFAOYSA-N-P86-P35-P86-601528 4.273 4.185 -4.268 1.572
RERQQMDEMYSDSM-UHFFFAOYSA-N-P35-P35-P86-601528 4.283 4.000 -4.747 1.285
WIGKEASTSLGCEW-UHFFFAOYSA-N-P35-P35-P86-601528 4.222 4.186 -4.630 0.848
JEDQYXGTRCZVPR-UHFFFAOYSA-N-P35-P35-P86-601528 4.074 3.919 -3.456 1.212
MSCFCNROPKDOAJ-UHFFFAOYSA-N-P35-P35-P86-601528 4.521 4.323 -5.562 0.669
YUZCBKZKIKMNQT-UHFFFAOYSA-N-P35-P35-P86-601528 4.219 4.341 -4.751 0.981
RKJJXQSTFLUORE-UHFFFAOYSA-N-P35-P35-P86-601528 4.131 3.974 -4.600 1.542
DKVYERKWFUOWTQ-UHFFFAOYSA-N-P35-P35-P86-601528 4.507 4.113 -3.667 1.075
LUHPWEKWJCGFAI-UHFFFAOYSA-N-P86-P35-P86-601528 4.143 4.179 -5.851 0.716
IHVIOITXPKHXRH-UHFFFAOYSA-N-P86-P35-P86-601528 4.527 4.048 -4.302 1.042
UWGNMTVIKRALBC-UHFFFAOYSA-N-P35-P35-P86-601528 4.329 4.234 -4.599 1.424
SKQISEDLLABPQK-UHFFFAOYSA-N-P35-P35-P86-601528 4.124 4.154 -5.024 0.859
APNCJHZRKWDWLZ-UHFFFAOYSA-N-P86-P35-P86-601528 4.513 4.359 -4.493 0.955
SNSGSRWPIJKSRT-UHFFFAOYSA-N-P35-P35-P86-601528 3.948 3.632 -4.492 0.575
JXXUUFNPUJWKGK-UHFFFAOYSA-N-P35-P35-P86-601528 4.347 4.263 -4.460 0.792
HOFLVSHPZKRIFM-UHFFFAOYSA-N-P35-P35-P86-601528 4.475 4.123 -4.435 0.963
KQLNABALVRRXOY-UHFFFAOYSA-N-P86-P35-P86-601528 4.357 4.352 -5.807 1.018
NLRHKRFPANZQIL-UHFFFAOYSA-N-P35-P35-P86-601528 4.655 4.141 -4.023 1.150
ZLWOPCRJDCJTSC-UHFFFAOYSA-N-P86-P35-P86-601528 4.139 4.049 -4.345 0.881
DARDCJFHBMSJMI-UHFFFAOYSA-N-P35-P35-P86-601528 4.286 4.133 -4.717 0.472
ZRWVJMZMKZQIFD-UHFFFAOYSA-N-P35-P35-P86-601528 4.260 4.153 -4.690 1.867
WTEKPFWZARFVIQ-UHFFFAOYSA-N-P86-P35-P86-601528 4.450 4.101 -4.008 0.977
URNYEVRHGIFLAQ-UHFFFAOYSA-N-P86-P35-P86-601528 4.442 4.052 -4.434 1.647
LDMPHEZHVNLQGE-UHFFFAOYSA-N-P35-P35-P86-601528 4.165 3.855 -4.620 1.336
NJGOPHVJTDKMDF-UHFFFAOYSA-N-P35-P35-P86-601528 4.321 3.990 -4.554 1.192
VDJCFDQMQRMOIV-UHFFFAOYSA-N-P86-P35-P86-601528 4.334 4.115 -4.222 0.799
FFPSNNXOCQMITR-UHFFFAOYSA-N-P86-P35-P86-601528 4.421 4.027 -4.345 0.794
WRTYIRICHPNJOY-UHFFFAOYSA-N-P86-P35-P86-601528 4.006 3.607 -3.933 1.155
CXXOLVPODVWKHF-UHFFFAOYSA-N-P35-P35-P86-601528 4.184 4.118 -4.229 0.729
VYHAAHLTAQHDOL-UHFFFAOYSA-N-P86-P35-P86-601528 4.326 3.922 -4.362 1.031
ABDBOMKPJQPXSZ-UHFFFAOYSA-N-P35-P35-P86-601528 4.447 4.240 -4.004 1.195
SETRHSPLEOTAOA-UHFFFAOYSA-N-P35-P35-P86-601528 4.358 3.878 -4.572 1.541
WHLXFOHAUUEHEE-UHFFFAOYSA-N-P35-P35-P86-601528 4.557 4.131 -4.763 1.495
AWRDKLPSJRPAEF-UHFFFAOYSA-N-P86-P35-P86-601528 4.468 4.513 -5.094 1.127
OGHSXWNSTUIKKW-UHFFFAOYSA-N-P35-P35-P86-601528 4.433 4.733 -6.100 1.276
JVIOJNDFWPLSBG-UHFFFAOYSA-N-P35-P35-P86-601528 4.398 4.318 -4.698 1.124
PDTXAPYGBNPVNI-UHFFFAOYSA-N-P86-P35-P86-601528 4.390 4.081 -4.315 1.796
HHRLIAWMADQVLL-UHFFFAOYSA-N-P35-P35-P86-601528 4.432 3.994 -4.318 1.173
DOLGFPAXBAWNSB-UHFFFAOYSA-N-P86-P35-P86-601528 4.356 4.043 -3.957 1.474
CXVUNWPXWHSOTB-UHFFFAOYSA-N-P35-P35-P86-601528 4.198 3.912 -4.706 1.481
KVYXNHKBILKJQO-UHFFFAOYSA-N-P86-P35-P86-601528 4.218 4.244 -4.530 1.145
AIHDLTMYHBSAMI-UHFFFAOYSA-N-P35-P35-P86-601528 4.543 4.072 -4.213 1.001
JVFSCBSBNBJIQZ-UHFFFAOYSA-N-P35-P35-P86-601528 4.520 4.226 -4.577 0.975
ORYZGNKDJVCVLY-UHFFFAOYSA-N-P35-P35-P86-601528 4.187 4.248 -4.560 1.071
ANOHVNSEVLFSNC-UHFFFAOYSA-N-P86-P35-P86-601528 4.151 4.365 -4.457 1.819
FOKGBUUAVSXZID-UHFFFAOYSA-N-P35-P35-P86-601528 4.711 4.283 -4.390 0.789
ILXHRTAIDQDGEE-UHFFFAOYSA-N-P86-P35-P86-601528 4.501 4.272 -4.051 1.229
VJAICZBTLFOKDU-UHFFFAOYSA-N-P86-P35-P86-601528 4.309 3.935 -4.007 1.334
UKACWVVTLSWLSR-UHFFFAOYSA-N-P86-P35-P86-601528 4.655 4.514 -4.059 0.819
UREPZHITNIOCIY-UHFFFAOYSA-N-P86-P35-P86-601528 4.635 4.531 -4.743 1.951
UDDOBCNBLHIYLL-UHFFFAOYSA-N-P35-P35-P86-601528 4.716 4.473 -4.859 1.646
XKFVXYXMFGLDSB-UHFFFAOYSA-N-P86-P35-P86-601528 4.666 4.254 -3.860 1.373
WQWZNUXEEUNHBP-UHFFFAOYSA-N-P35-P35-P86-601528 4.279 3.993 -4.188 0.674
ZMBUATQHXGPUCC-UHFFFAOYSA-N-P86-P35-P86-601528 4.414 4.165 -4.397 1.927
RHTAQQXNSZGNTF-UHFFFAOYSA-N-P35-P35-P86-601528 4.328 4.170 -2.503 1.552
SYXOKBLJWPYOKR-UHFFFAOYSA-N-P35-P35-P86-601528 4.493 4.231 -4.404 0.950
PJOONOOOAVKFHL-UHFFFAOYSA-N-P35-P35-P86-601528 4.151 4.107 -3.975 0.404
YLJCDTYLVNXJCT-UHFFFAOYSA-N-P35-P35-P86-601528 4.343 3.920 -4.750 1.521
JCHJJBYZHWFAKB-UHFFFAOYSA-N-P86-P35-P86-601529 4.136 3.924 -3.879 1.757
UMLXMCNXDXWUQR-UHFFFAOYSA-N-P35-P35-P86-601529 4.428 3.994 -4.287 0.823
IMIKKXLXVLOERB-UHFFFAOYSA-N-P35-P35-P86-601529 4.298 4.214 -4.608 1.524
VILFJGFSVNPHCG-UHFFFAOYSA-N-P86-P35-P86-601529 4.370 4.290 -4.852 1.013
JHKXTVRWYZMBKF-UHFFFAOYSA-N-P35-P35-P86-601529 4.398 4.312 -3.931 1.151
SWDBMYGLBYRCHN-UHFFFAOYSA-N-P86-P35-P86-601529 4.389 4.080 -4.076 1.615
KLHTUKKPNZOHAH-UHFFFAOYSA-N-P86-P35-P86-601529 4.338 4.333 -4.735 1.274
BSAFUZCTBMGOHS-UHFFFAOYSA-N-P86-P35-P86-601529 4.546 4.067 -4.989 0.996
IEYSWLHOEPOFNO-UHFFFAOYSA-N-P35-P35-P86-601529 4.402 4.491 -5.555 0.562
SSFYZXDOASTBOW-UHFFFAOYSA-N-P86-P35-P86-601529 4.800 4.451 -5.138 1.977
CMFDINQZSIACLM-UHFFFAOYSA-N-P86-P35-P86-601529 4.367 4.226 -3.739 2.622
KCUZHXDWFHRAFI-UHFFFAOYSA-N-P35-P35-P86-601529 4.364 4.306 -4.059 0.585
BKJZJCRXVMEZSI-UHFFFAOYSA-N-P35-P35-P86-601529 4.252 4.436 -5.697 0.962
ITFJRKKNPFJENH-UHFFFAOYSA-N-P86-P35-P86-601529 4.202 4.144 -4.478 1.002
LDEPLAXAFMDNNU-UHFFFAOYSA-N-P86-P35-P86-601529 4.485 4.168 -4.205 1.823
REYJMLQILSNXSL-UHFFFAOYSA-N-P35-P35-P86-601529 4.458 4.477 -4.878 0.941
BWQRIKVSPGXXLO-UHFFFAOYSA-N-P35-P35-P86-601529 4.263 4.175 -4.459 1.199
PEPDVGAFYVGSJC-UHFFFAOYSA-N-P35-P35-P86-601529 4.310 4.233 -4.790 0.761
LUDMBOTWBZFHRZ-UHFFFAOYSA-N-P35-P35-P86-601529 4.261 4.148 -4.592 0.886
JMMLMHPJLCXQTN-UHFFFAOYSA-N-P35-P35-P86-601529 4.465 4.345 -5.428 1.960
KFMUCAAEKCTVEH-UHFFFAOYSA-N-P35-P35-P86-601529 4.550 4.400 -4.889 1.410
XZDUWKYBLVJXON-UHFFFAOYSA-N-P35-P35-P86-601529 4.325 4.382 -3.908 1.063
ZTQQBOPHTIHBAN-UHFFFAOYSA-N-P35-P35-P86-601529 4.406 4.201 -4.521 0.893
RPAKVTHYNRWXBX-UHFFFAOYSA-N-P86-P35-P86-601529 4.524 4.019 -4.214 1.244
BVLUTPRTMUEMDX-UHFFFAOYSA-N-P86-P35-P86-601529 4.679 4.603 -5.699 1.430
FKALYDCLPWGWRR-UHFFFAOYSA-N-P86-P35-P86-601529 4.454 4.215 -4.377 1.457
IZCBBLRYQZGIMW-UHFFFAOYSA-N-P86-P35-P86-601529 4.515 4.057 -4.180 1.097
BAAIMNARZQOOIT-UHFFFAOYSA-N-P86-P35-P86-601529 4.388 3.909 -4.119 1.604
NMSPYFKXVVDDIW-UHFFFAOYSA-N-P35-P35-P86-601529 4.262 4.029 -3.873 0.606
RQELNUAYINPLJJ-UHFFFAOYSA-N-P86-P35-P86-601529 4.273 3.968 -4.444 1.152
SVVURXKGZNSKTG-UHFFFAOYSA-N-P86-P35-P86-601529 4.328 4.057 -3.963 1.489
YRANMBPQEHQDPL-UHFFFAOYSA-N-P86-P35-P86-601529 4.469 4.169 -4.025 1.239
HSIWKJDTLCKZIW-UHFFFAOYSA-N-P86-P35-P86-601529 4.565 4.028 -4.885 1.179
AUQPGDVCYIJFSJ-UHFFFAOYSA-N-P86-P35-P86-601529 4.321 3.717 -4.358 1.934
DBTGBSFZBQTXDY-UHFFFAOYSA-N-P86-P35-P86-601529 4.346 3.877 -4.456 1.146
LSYONDYBMVOBML-UHFFFAOYSA-N-P35-P35-P86-601529 4.327 3.969 -4.517 2.023
HPURPISEEAAJTH-UHFFFAOYSA-N-P35-P35-P86-601529 4.463 4.406 -5.586 0.640
ARKWVERYSSHYEZ-UHFFFAOYSA-N-P35-P35-P86-601529 4.653 4.150 -3.700 1.274
JUZFLEHIFPFFMG-UHFFFAOYSA-N-P35-P35-P86-601529 4.240 3.829 -4.799 0.611
FZGYIGFPRSUWTP-UHFFFAOYSA-N-P35-P35-P86-601529 4.366 4.224 -3.920 0.941
AKTNCFPUMRNLFA-UHFFFAOYSA-N-P86-P35-P86-601529 4.497 4.104 -4.000 1.572
GXVGNNBJGAOEEA-UHFFFAOYSA-N-P86-P35-P86-601529 4.911 4.370 -4.706 1.549
PYJCMOBAVRTLLW-UHFFFAOYSA-N-P86-P35-P86-601529 4.700 4.557 -3.950 0.856
DPMDKWAKILVBRV-UHFFFAOYSA-N-P35-P35-P86-601529 4.141 4.200 -4.759 0.855
QCTZPEWBALVNKE-UHFFFAOYSA-N-P86-P35-P86-601529 4.783 4.369 -4.560 1.104
WXKOGJAPYHBBSG-UHFFFAOYSA-N-P35-P35-P86-601529 4.545 4.045 -4.652 1.016
LIJKLMXJNJOZAH-UHFFFAOYSA-N-P35-P35-P86-601529 4.441 4.381 -3.644 1.270
PKISJKQULCWAHB-UHFFFAOYSA-N-P35-P35-P86-601529 4.259 3.786 -3.205 3.281
XTWDVVWKIYNVMR-UHFFFAOYSA-N-P35-P35-P86-601529 4.090 3.875 -4.574 1.563
XVRCGXVFLYHKID-UHFFFAOYSA-N-P86-P35-P86-601529 4.309 4.078 -3.982 1.341
ULBTZYLKWAONMP-UHFFFAOYSA-N-P86-P35-P86-601529 4.509 4.145 -4.664 1.440
FPZVLSKTUOJWSZ-UHFFFAOYSA-N-P86-P35-P86-601529 4.612 4.291 -4.645 1.393
KKIKXOGGQQYRGA-UHFFFAOYSA-N-P52-P7-P52-601529 3.494 3.646 -4.550 1.394
FNZHMFGOBRZWHZ-UHFFFAOYSA-N-P52-P7-P52-601529 3.590 3.858 -4.416 1.110
ZMGZHJIBYLFJLY-UHFFFAOYSA-N-P52-P7-P52-601529 3.481 3.442 -4.574 0.763
WRTLXDPCCOIMAZ-UHFFFAOYSA-N-P52-P7-P52-601529 3.841 3.925 -4.329 0.521
VCMFSHIOJGFWJP-UHFFFAOYSA-N-P52-P7-P52-601529 3.902 3.817 -4.163 0.750
SJIHWUYKHMGFCK-UHFFFAOYSA-N-P7-P7-P52-601529 3.400 3.505 -4.161 0.675
XMPUTYBAMCJIDQ-UHFFFAOYSA-N-P7-P7-P52-601529 3.688 3.714 -3.726 0.782
ATPWHFCXMLMEOJ-UHFFFAOYSA-N-P7-P7-P52-601529 3.845 3.888 -4.677 0.720
OBOAZTOBMGWYJP-UHFFFAOYSA-N-P7-P7-P52-601529 3.700 3.825 -4.643 1.218
XPXIGWMKQMGPKL-UHFFFAOYSA-N-P7-P7-P52-601529 3.530 3.496 -4.016 1.241
YUCAHBJCQFWEAA-UHFFFAOYSA-N-P7-P7-P52-601529 3.499 3.378 -4.354 1.610
JVASLQMHRLGYHV-UHFFFAOYSA-N-P7-P7-P52-601529 3.343 3.582 -4.805 1.611
DBTGRDSHAGGVAW-UHFFFAOYSA-N-P7-P7-P52-601529 3.726 3.727 -3.713 0.559
QUYXBMANIKUKOV-UHFFFAOYSA-N-P7-P7-P52-601529 3.513 3.772 -4.202 1.202
AOICOGWBRZAIEM-UHFFFAOYSA-N-P7-P7-P52-601529 3.581 3.655 -3.782 0.926
MFJZFSSGYCPVHI-UHFFFAOYSA-N-P7-P7-P52-601529 3.733 3.545 -3.933 1.332
QHGGDCGKFSNYGS-UHFFFAOYSA-N-P7-P7-P52-601529 3.741 3.772 -3.880 0.506
AEMDXAROPLYTRE-UHFFFAOYSA-N-P7-P7-P52-601529 3.742 3.902 -4.066 2.063
FRHDEWMSOIFEMF-UHFFFAOYSA-N-P7-P7-P52-601529 3.834 3.881 -4.363 0.738
ZETOSTHVPKEOKT-UHFFFAOYSA-N-P7-P7-P52-601529 3.839 3.627 -3.977 0.932
DCBZUMWAIBUWEH-UHFFFAOYSA-N-P7-P7-P52-601529 3.547 3.599 -4.132 0.932
KUCCEGXMIYRZCQ-UHFFFAOYSA-N-P7-P7-P52-601529 3.614 3.631 -4.009 1.684
GONKTWSIIYDNGX-UHFFFAOYSA-N-P7-P7-P52-601529 3.604 3.768 -4.388 1.460
OWQJJMSMUHUKRV-UHFFFAOYSA-N-P52-P7-P52-601529 3.485 3.451 -3.901 0.803
WGZONKAZJTWLLE-UHFFFAOYSA-N-P7-P7-P52-601529 3.502 3.325 -4.403 0.673
FBBHXYADOVEFSM-UHFFFAOYSA-N-P7-P7-P52-601529 3.672 3.522 -4.190 0.572
LZHXFIZXUMCSAU-UHFFFAOYSA-N-P7-P7-P52-601529 3.672 3.641 -3.786 0.898
AHLCPGGQIRJEMF-UHFFFAOYSA-N-P7-P7-P52-601529 3.597 3.408 -3.576 0.926
WTEDBYLJIMWYAI-UHFFFAOYSA-N-P52-P7-P52-601529 3.403 3.674 -4.307 1.075
JJRMJXKHUNYVKS-UHFFFAOYSA-N-P52-P7-P52-601529 3.686 3.641 -3.948 0.805
UOVYIBKUUCWIRU-UHFFFAOYSA-N-P7-P7-P52-601529 3.657 3.424 -3.325 0.631
GPNQTQTXMAYTAF-UHFFFAOYSA-N-P7-P7-P52-601529 3.469 3.512 -4.473 1.087
NEWCOIXZNCXSIX-UHFFFAOYSA-N-P52-P7-P52-601529 3.523 3.707 -4.041 1.364
ADNSXUKUUXAUAX-UHFFFAOYSA-N-P7-P7-P52-601529 3.740 3.693 -3.829 1.746
HDZFBJSAYARUHR-UHFFFAOYSA-N-P7-P7-P52-601529 3.842 3.562 -3.823 0.879
IARMRUUYLNLQPU-UHFFFAOYSA-N-P7-P7-P52-601529 3.716 3.734 -3.720 0.616
DXIAMQZPRHJSTN-UHFFFAOYSA-N-P7-P7-P52-601529 3.790 3.777 -4.247 0.962
RHPCYNFKNFIIGM-UHFFFAOYSA-N-P7-P7-P52-601529 3.869 3.798 -3.838 1.611
XKQDZERTOKJKQM-UHFFFAOYSA-N-P7-P7-P52-601529 3.592 3.551 -3.768 0.496
OXFDLTXJCIJDOY-UHFFFAOYSA-N-P7-P7-P52-601529 3.726 3.941 -4.100 2.551
MPFZQDCJQWWLNY-UHFFFAOYSA-N-P7-P7-P52-601529 3.626 3.581 -3.842 0.905
HXHKZPTWFAFQQT-UHFFFAOYSA-N-P52-P7-P52-601529 3.683 3.709 -4.241 0.456
YYSJTQJCJMIVFQ-UHFFFAOYSA-N-P52-P7-P52-601529 3.713 3.866 -3.984 0.613
ZACWUEPYJCWEQL-UHFFFAOYSA-N-P7-P7-P52-601529 3.642 3.714 -4.119 0.899
MDYCEKOPHVOPIS-UHFFFAOYSA-N-P52-P7-P52-601529 4.056 4.050 -3.671 0.747
LSRZYENCTUGHQG-UHFFFAOYSA-N-P7-P7-P52-601529 3.837 3.765 -3.900 0.484
GVLXEUIZLAYPTC-UHFFFAOYSA-N-P7-P7-P52-601529 3.715 3.607 -3.889 1.156
XXTGLSZCGRZXGD-UHFFFAOYSA-N-P52-P7-P52-601529 3.657 3.675 -3.894 1.558
XRRCLTDOQICAQI-UHFFFAOYSA-N-P7-P7-P52-601529 4.108 3.910 -4.120 0.788
GYLOOVFFKUQZLB-UHFFFAOYSA-N-P7-P7-P52-601529 3.737 4.029 -3.996 2.584
KPMGYIQDUFBBGC-UHFFFAOYSA-N-P52-P7-P52-601529 3.774 3.792 -4.145 1.807
CYFCMWUOJZZWBJ-UHFFFAOYSA-N-P7-P7-P52-601529 3.855 3.857 -3.970 2.245
MPESXQFFBTZQLO-UHFFFAOYSA-N-P7-P7-P52-601529 3.674 3.603 -4.412 0.440
KSCQBCRXQYGPBH-UHFFFAOYSA-N-P7-P7-P52-601529 3.765 3.487 -2.934 0.770
OEIRCDZLEONBGI-UHFFFAOYSA-N-P52-P7-P52-601529 4.056 4.091 -4.226 0.757
GUKSQVRCERHVOX-UHFFFAOYSA-N-P52-P7-P52-601529 3.789 3.745 -4.085 0.645
RGRLHIPPVRARCO-UHFFFAOYSA-N-P7-P7-P52-601529 3.613 3.810 -4.025 1.834
QGBSLQCOTCLUOT-UHFFFAOYSA-N-P7-P7-P52-601529 3.780 3.872 -4.037 2.347
PRLXYCSUVGLIMR-UHFFFAOYSA-N-P7-P7-P52-601529 3.662 3.716 -4.108 0.682
DVVCFNPSFJFCRS-UHFFFAOYSA-N-P7-P7-P52-601529 3.700 3.562 -3.828 1.181
CCQJSJMGALOSHM-UHFFFAOYSA-N-P52-P7-P52-601529 3.602 3.868 -4.225 1.848
UFILDLGZNLVSOX-UHFFFAOYSA-N-P7-P7-P52-601529 3.548 3.723 -3.872 2.054
ACONVVJYMMFRGG-UHFFFAOYSA-N-P52-P7-P52-601529 3.761 3.748 -4.116 0.782
CXOSUSIWCGBOKW-UHFFFAOYSA-N-P7-P7-P52-601529 3.707 3.888 -4.139 1.484
WXOWNJNLEKKBBK-UHFFFAOYSA-N-P52-P7-P52-601529 3.637 3.949 -4.458 1.960
HPNMNXUTWZYJAB-UHFFFAOYSA-N-P7-P7-P52-601529 3.908 4.236 -3.929 2.512
RHEKXVPLRZQSRA-UHFFFAOYSA-N-P52-P7-P52-601529 3.702 3.697 -4.310 0.530
AKRYLJDNWKJLEZ-UHFFFAOYSA-N-P7-P7-P52-601529 3.747 3.657 -4.104 0.573
HLHBDATXZZLXMM-UHFFFAOYSA-N-P52-P7-P52-601529 3.626 3.387 -4.287 0.583
NCKLWFFCHFBURM-UHFFFAOYSA-N-P7-P7-P52-601529 3.743 3.740 -3.966 0.766
PKQVLGFMZGWEKY-UHFFFAOYSA-N-P7-P7-P52-601529 3.796 3.850 -4.433 0.560
RLZLWPBFIWRLCW-UHFFFAOYSA-N-P7-P7-P52-601529 3.870 3.874 -4.186 2.136
ZPNLFQPTMBYNQR-UHFFFAOYSA-N-P7-P7-P52-601529 3.909 3.814 -3.983 0.511
LBVGNRVOLIINDB-UHFFFAOYSA-N-P52-P7-P52-601529 3.655 3.808 -4.936 2.019
SYQSNOPWWRGOIX-UHFFFAOYSA-N-P7-P7-P52-601529 3.598 3.384 -3.023 1.256
XCWXERZPWYYEFT-UHFFFAOYSA-N-P7-P7-P52-601529 3.774 3.688 -3.499 0.651
BKUGHIQLGHYQRR-UHFFFAOYSA-N-P52-P7-P52-601529 3.586 3.769 -3.888 1.848
CUXZDFXGWZRQFR-UHFFFAOYSA-N-P7-P7-P52-601529 3.759 3.685 -4.014 0.466
TVRSRANXBVDUMV-UHFFFAOYSA-N-P52-P7-P52-601529 3.881 4.044 -4.709 0.587
YHOITQATJUVYJQ-UHFFFAOYSA-N-P7-P7-P52-601529 3.918 3.928 -3.683 0.523
RAXFRWUDWKDKPV-UHFFFAOYSA-N-P7-P7-P52-601529 3.769 3.558 -3.184 1.229
CYRNMCHXUGYYAV-UHFFFAOYSA-N-P7-P7-P52-601529 3.757 3.700 -4.035 2.704
DPVPHTJZDIQNHQ-UHFFFAOYSA-N-P52-P7-P52-601529 3.690 3.727 -4.617 0.699
DESQGRFKFOGKPY-UHFFFAOYSA-N-P7-P7-P52-601529 3.613 3.308 -4.272 0.588
MDYOKPFFEXUWMN-UHFFFAOYSA-N-P52-P7-P52-601529 3.844 3.758 -3.932 1.083
PEOHJQBQWPWXAV-UHFFFAOYSA-N-P7-P7-P52-601529 3.605 3.923 -3.990 2.052
MTUYGPFMVGPWNE-UHFFFAOYSA-N-P7-P7-P52-601529 3.835 3.862 -3.731 0.818
UNUIRYLLFPYMJC-UHFFFAOYSA-N-P7-P7-P52-601529 3.972 3.864 -3.763 0.960
AILSACLGJCMPBZ-UHFFFAOYSA-N-P52-P7-P52-601529 3.867 4.212 -4.869 1.199
MKXOKPMMBPOSTI-UHFFFAOYSA-N-P7-P7-P52-601529 3.720 3.947 -4.038 1.860
GPNVUVQMRREYFD-UHFFFAOYSA-N-P52-P7-P52-601529 3.623 3.736 -4.266 0.526
GNJSDHUDCNHYDD-UHFFFAOYSA-N-P7-P7-P52-601529 3.783 3.949 -4.012 2.035
CLZRZVMCUKDNSQ-UHFFFAOYSA-N-P52-P7-P52-601529 3.970 4.008 -4.415 2.077
LFOGJDSRIRFTIR-UHFFFAOYSA-N-P7-P7-P52-601529 3.745 3.684 -3.759 0.945
CTPPVOAOPWKRTQ-UHFFFAOYSA-N-P52-P7-P52-601529 3.686 3.936 -4.222 1.924
IAAFDIUCBGBZIC-UHFFFAOYSA-N-P7-P7-P52-601529 3.644 3.652 -4.390 0.629
CRYOLUVEXCFAGV-UHFFFAOYSA-N-P7-P7-P52-601529 3.684 3.884 -3.909 1.654
HWRMHKDSWRQIMI-UHFFFAOYSA-N-P7-P7-P52-601529 4.021 3.817 -3.501 0.782
DZRRDRFVCVUMSM-UHFFFAOYSA-N-P7-P7-P52-601529 4.151 3.829 -3.402 0.981
DPRAUGLYRLIIMT-UHFFFAOYSA-N-P52-P7-P52-601529 3.844 3.958 -4.531 0.682
CNQKTKUFDRGMCG-UHFFFAOYSA-N-P52-P7-P52-601529 3.680 3.764 -4.381 1.104
YFJXKEGHSPRFCV-UHFFFAOYSA-N-P7-P7-P52-601529 3.590 3.934 -4.064 2.247
XXLICIWCQBQRQL-UHFFFAOYSA-N-P7-P7-P52-601529 3.726 3.638 -3.720 1.490
QIXHPZMJJQKXSU-UHFFFAOYSA-N-P52-P7-P52-601529 3.847 3.738 -4.150 0.825
UGRMVHOVIWQSGG-UHFFFAOYSA-N-P52-P7-P52-601529 3.539 3.653 -4.601 0.753
IVSXYFIXTWDUKP-UHFFFAOYSA-N-P7-P7-P52-601529 3.671 3.733 -4.265 0.693
GXYWYGBOZRURSA-UHFFFAOYSA-N-P52-P7-P52-601529 3.712 3.568 -4.147 0.795
NZAPINURHWYAFW-UHFFFAOYSA-N-P7-P7-P52-601529 4.040 3.781 -3.354 0.833
CASNOQPTZFFNNI-UHFFFAOYSA-N-P7-P7-P52-601529 3.966 3.926 -4.220 0.971
MNVPIBNYVRORBP-UHFFFAOYSA-N-P7-P7-P52-601529 3.699 4.030 -4.096 2.636
UXDBKFQIAYAEEM-UHFFFAOYSA-N-P7-P7-P52-601529 4.039 4.044 -4.690 0.733
KNIHFFKLLAJBOE-UHFFFAOYSA-N-P52-P7-P52-601529 3.668 3.924 -4.341 1.661
ZLPSQRAVMJQKPF-UHFFFAOYSA-N-P7-P7-P52-601529 3.761 3.790 -3.937 1.040
AWHBBZTVZZWZKP-UHFFFAOYSA-N-P52-P7-P52-601529 3.481 3.438 -3.683 1.834
YABOOOOHSWDJOG-UHFFFAOYSA-N-P7-P7-P52-601529 3.504 3.331 -3.496 0.732
ZHILZMIUGSOKCU-UHFFFAOYSA-N-P52-P7-P52-601529 3.361 3.617 -4.467 1.113
GARARKPUARDCRA-UHFFFAOYSA-N-P52-P7-P52-601529 3.609 3.867 -4.642 1.392
FCAYJKHMLRWPAU-UHFFFAOYSA-N-P52-P7-P52-601529 3.906 4.029 -4.444 1.387
PXTRBEQSIHPACF-UHFFFAOYSA-N-P7-P7-P52-601529 3.634 3.615 -4.297 1.007
RRSRFVNOPSPCFZ-UHFFFAOYSA-N-P7-P7-P52-601529 3.583 3.741 -4.018 1.898
YCVNJABGYWKKAF-UHFFFAOYSA-N-P7-P7-P52-601529 3.692 3.843 -4.195 2.217
MDPIHOOJGAYZNO-UHFFFAOYSA-N-P52-P7-P52-601529 3.618 3.580 -2.976 0.601
POTOHMRKYLQQFH-UHFFFAOYSA-N-P7-P7-P52-601529 4.022 3.807 -3.882 0.934
UJVMGDGHCHCNLW-UHFFFAOYSA-N-P52-P7-P52-601529 3.810 3.729 -4.209 0.573
GBEFVHAJJAPBFB-UHFFFAOYSA-N-P7-P7-P52-601529 3.729 3.599 -4.496 0.787
LKEWPVJFOPDELH-UHFFFAOYSA-N-P7-P7-P52-601529 3.814 3.834 -4.276 0.759
IXMXYKJMIOCCSD-UHFFFAOYSA-N-P7-P7-P52-601529 3.458 3.529 -4.397 1.758
WHFBCVTXKSEUTA-UHFFFAOYSA-N-P7-P7-P52-601529 3.596 3.654 -3.941 1.146
HAQQAGOBCBGNLE-UHFFFAOYSA-N-P52-P7-P52-601529 3.446 3.892 -4.141 1.766
ULHLGBLJAZUFTH-UHFFFAOYSA-N-P7-P7-P52-601529 3.880 3.800 -3.944 1.210
ONHVOLUBUXJDAZ-UHFFFAOYSA-N-P7-P7-P52-601529 3.701 3.751 -4.334 1.322
WOLDGOCHBHNNGP-UHFFFAOYSA-N-P52-P7-P52-601529 3.819 3.744 -3.572 1.164
QGYVRIYWUVCWNL-UHFFFAOYSA-N-P7-P7-P52-601529 3.733 3.792 -3.592 0.868
REIYXOJERIBZIE-UHFFFAOYSA-N-P7-P7-P52-601529 3.632 3.606 -4.500 0.363
FCXXSBIRIMGOMU-UHFFFAOYSA-N-P7-P7-P52-601529 3.966 3.906 -3.850 0.865
PBVSNTGDJLCWDT-UHFFFAOYSA-N-P7-P7-P52-601529 3.973 4.209 -4.678 1.143
HIHPDJNNSIHUQR-UHFFFAOYSA-N-P7-P7-P52-601529 3.728 3.813 -3.660 1.841
NBZITWRDGCEFTA-UHFFFAOYSA-N-P7-P7-P52-601529 4.120 4.079 -3.753 1.005
UESHVDWHDIBFLE-UHFFFAOYSA-N-P7-P7-P52-601529 3.792 3.701 -3.854 1.107
NMHJZQLPFXUBKZ-UHFFFAOYSA-N-P7-P7-P52-601529 3.752 3.774 -4.171 0.782
BQGOADLHLQYNDY-UHFFFAOYSA-N-P52-P7-P52-601529 4.003 3.847 -3.602 2.720
RIZILDYIQUIODD-UHFFFAOYSA-N-P7-P7-P52-601529 3.738 3.654 -3.869 1.137
KKJRNXPXZJSOOK-UHFFFAOYSA-N-P7-P7-P52-601529 3.682 3.793 -3.624 0.888
HTJXBLXTFOYERY-UHFFFAOYSA-N-P7-P7-P52-601529 3.734 3.563 -4.249 0.738
GOCNONRLAUKTLJ-UHFFFAOYSA-N-P7-P7-P52-601529 3.692 3.725 -4.157 0.836
XBPNZQWIYXHLDS-UHFFFAOYSA-N-P7-P7-P52-601529 3.928 3.792 -3.097 0.765
WTGKHNDJUBQQJD-UHFFFAOYSA-N-P7-P7-P52-601529 3.958 4.176 -4.665 1.243
XKBGAXGAKDHTPL-UHFFFAOYSA-N-P7-P7-P52-601529 3.933 3.955 -3.908 1.419
ZOKILLYCSAWBCJ-UHFFFAOYSA-N-P52-P7-P52-601529 3.591 3.581 -4.560 0.686
PJINAPGITUMQTJ-UHFFFAOYSA-N-P7-P7-P52-601529 3.827 3.937 -4.305 0.721
OLQMOGCYMGQPAS-UHFFFAOYSA-N-P52-P7-P52-601529 3.521 3.621 -4.369 0.754
NBCYYJUDQUENGO-UHFFFAOYSA-N-P7-P7-P52-601529 3.794 3.771 -4.117 0.780
MASDFWZQSMKUFV-UHFFFAOYSA-N-P7-P7-P52-601529 3.464 3.783 -4.411 1.422
RKXWTWBNXMHKAZ-UHFFFAOYSA-N-P7-P7-P52-601529 3.684 3.755 -3.254 2.231
GJWCKEAWYDFSRX-UHFFFAOYSA-N-P52-P7-P52-601529 3.745 3.778 -4.557 0.927
NMGPZFWTTLPMIM-UHFFFAOYSA-N-P52-P7-P52-601529 3.577 3.598 -3.906 1.655
GYTJGKWYLWUDST-UHFFFAOYSA-N-P7-P7-P52-601529 3.911 3.873 -4.340 1.524
CLHIANUFXWACSC-UHFFFAOYSA-N-P7-P7-P52-601529 3.753 3.876 -4.197 1.602
ROFCWPMRMUTIAC-UHFFFAOYSA-N-P7-P7-P52-601529 3.798 3.513 -4.344 1.253
VBRCGHFSNYQEHX-UHFFFAOYSA-N-P7-P7-P52-601529 3.472 3.276 -3.576 1.450
GIHVWYHXSVKLMV-UHFFFAOYSA-N-P7-P7-P52-601529 3.745 3.513 -3.768 0.868
JMBHGKBTMFMZHT-UHFFFAOYSA-N-P7-P7-P52-601529 3.836 3.613 -4.313 0.594
BJCHSOZAIJGZKO-UHFFFAOYSA-N-P7-P7-P52-601529 3.544 3.324 -4.443 0.681
SXEVECLQLFIQGB-UHFFFAOYSA-N-P52-P7-P52-601529 3.895 3.696 -3.768 1.933
NZSXECPKVUFFBI-UHFFFAOYSA-N-P7-P7-P52-601529 3.944 4.126 -4.106 2.528
PLMGMKIUEGDYOZ-UHFFFAOYSA-N-P7-P7-P52-601529 3.712 3.557 -3.746 0.862
NSWGBSRUZKCHBS-UHFFFAOYSA-N-P7-P7-P52-601529 3.592 3.615 -4.179 0.623
IHGKQXOUQGZMAK-UHFFFAOYSA-N-P7-P7-P52-601529 3.467 3.686 -4.578 1.679
GUWMNMIKKNFXNO-UHFFFAOYSA-N-P7-P7-P52-601529 3.673 3.638 -4.327 0.510
FUZCOBBZHHWAPI-UHFFFAOYSA-N-P7-P7-P52-601529 3.870 4.083 -4.380 1.883
ZLRGNTWSBGIYNH-UHFFFAOYSA-N-P52-P7-P52-601529 3.986 3.859 -4.036 1.174
DWIFNVJRQZHNNO-UHFFFAOYSA-N-P7-P7-P52-601529 3.873 3.764 -4.252 0.912
BBZPTFUPNIYBFD-UHFFFAOYSA-N-P7-P7-P52-601529 3.473 3.484 -3.765 1.001
UBSJQWSSPPJJEB-UHFFFAOYSA-N-P7-P7-P52-601529 3.668 3.684 -4.360 1.480
BPYXTMFGFSKDDT-UHFFFAOYSA-N-P7-P7-P52-601529 3.831 3.868 -4.104 1.632
QPRXMWCVQVDTMN-UHFFFAOYSA-N-P7-P7-P52-601529 3.431 3.357 -3.570 0.861
ZRRZNQUDOUTNJK-UHFFFAOYSA-N-P7-P7-P52-601529 3.936 3.904 -4.085 1.964
RUBVGVVVSIQKNR-UHFFFAOYSA-N-P52-P7-P52-601529 3.612 3.551 -4.260 0.465
UVKLIXVSXXTLQY-UHFFFAOYSA-N-P7-P7-P52-601529 3.625 3.592 -3.967 0.785
KGAXNJNHCULSFX-UHFFFAOYSA-N-P7-P7-P52-601529 3.921 3.817 -3.941 0.534
NCNRVIOMDBPHNJ-UHFFFAOYSA-N-P7-P7-P52-601529 3.908 3.978 -4.115 1.678
DKHOAKDANJOVMV-UHFFFAOYSA-N-P52-P7-P52-601529 3.411 3.546 -3.919 1.469
HYCBMCCPEIKCAQ-UHFFFAOYSA-N-P52-P7-P52-601529 3.605 3.583 -3.554 1.058
BZMJUYVTAQPEMB-UHFFFAOYSA-N-P7-P7-P52-601529 3.762 3.919 -4.220 1.394
SPJSMDVELMMLKD-UHFFFAOYSA-N-P7-P7-P52-601529 3.608 3.866 -3.990 1.738
BMHCIOZZEFPWQZ-UHFFFAOYSA-N-P7-P7-P52-601529 3.757 3.644 -3.635 0.692
AELIUGUBGSGRLO-UHFFFAOYSA-N-P7-P7-P52-601529 3.477 3.740 -4.294 1.472
XNYXRQQRJWYZPA-UHFFFAOYSA-N-P7-P7-P52-601529 3.636 3.818 -4.577 1.278
ULWJQOKZVVDCJZ-UHFFFAOYSA-N-P7-P7-P52-601529 3.987 3.704 -3.353 0.908
DDXZOSXTSQDXIG-UHFFFAOYSA-N-P52-P7-P52-601529 3.621 3.899 -3.886 2.160
GGSHWHVOXQEPAJ-UHFFFAOYSA-N-P52-P7-P52-601529 3.592 3.669 -3.933 1.189
GXYYMOINOLLVGU-UHFFFAOYSA-N-P7-P7-P52-601529 3.663 3.715 -3.739 1.090
RFTOKOVVIKFJPX-UHFFFAOYSA-N-P52-P7-P52-601529 3.882 3.771 -4.155 0.862
ZNXOTKRXAATPHS-UHFFFAOYSA-N-P52-P7-P52-601529 3.737 3.907 -4.967 1.230
BMFFWDNLNXIIMC-UHFFFAOYSA-N-P52-P7-P52-601529 3.779 3.878 -4.291 0.834
PWNBJUQTOFEQNK-UHFFFAOYSA-N-P7-P7-P52-601529 3.953 3.858 -4.191 0.667
LRTGKWYCZRDCLD-UHFFFAOYSA-N-P7-P7-P52-601529 3.730 3.728 -3.994 0.800
JIWDTOXLGFZHFG-UHFFFAOYSA-N-P7-P7-P52-601529 4.168 3.731 -3.860 2.646
CQQRZFGHZUVINR-UHFFFAOYSA-N-P52-P7-P52-601529 3.482 3.740 -4.223 1.523
QLRHBDLAKUUTTF-UHFFFAOYSA-N-P52-P7-P52-601529 3.704 3.978 -3.766 1.868
YODXZDYWTAUKBM-UHFFFAOYSA-N-P52-P7-P52-601529 3.452 3.370 -4.290 0.896
RGUOKJOMZZKYQD-UHFFFAOYSA-N-P7-P7-P52-601529 3.665 3.585 -3.973 0.813
NFLDDHNYXLXRLT-UHFFFAOYSA-N-P7-P7-P52-601529 3.483 3.540 -4.347 1.122
BUFZDZXHRDETLE-UHFFFAOYSA-N-P7-P7-P52-601529 3.930 3.911 -4.329 1.021
BWJUMMSHXRMAHG-UHFFFAOYSA-N-P52-P7-P52-601529 3.866 3.772 -4.011 0.943
XWWSDRWSBNXDMT-UHFFFAOYSA-N-P7-P7-P52-601529 3.550 3.470 -2.878 0.678
BYYLPEHVUBEWIG-UHFFFAOYSA-N-P52-P7-P52-601529 3.749 3.793 -3.858 0.669
VXQXUWAFKAOFGJ-UHFFFAOYSA-N-P52-P7-P52-601529 3.585 3.536 -3.806 2.403
WYPQAPVUWHHSJL-UHFFFAOYSA-N-P7-P7-P52-601529 3.437 3.617 -4.514 1.940
NIXFPKOIZOXTBI-UHFFFAOYSA-N-P7-P7-P52-601529 3.583 3.472 -3.974 1.038
LGPIWWBXXOOEDT-UHFFFAOYSA-N-P7-P7-P52-601529 3.513 3.644 -4.138 1.853
ROVWTPQJXZUWTA-UHFFFAOYSA-N-P7-P7-P52-601529 3.677 3.783 -3.955 0.600
JLNAVMVETKTGFP-UHFFFAOYSA-N-P7-P7-P52-601529 3.927 4.022 -4.262 1.513
YSEZYWLOOHTAFS-UHFFFAOYSA-N-P7-P7-P52-601529 3.920 3.798 -3.994 0.680
TUYGEYWMUQECLC-UHFFFAOYSA-N-P52-P7-P52-601529 3.626 3.825 -4.694 1.536
KXMNFBVUYQGAHE-UHFFFAOYSA-N-P7-P7-P52-601529 3.634 3.876 -4.235 1.875
MDYJAGJHZIZXCO-UHFFFAOYSA-N-P7-P7-P52-601529 3.489 3.779 -4.580 1.734
HQYXFCCHWWSQOQ-UHFFFAOYSA-N-P7-P7-P52-601529 3.755 3.812 -3.951 1.357
WZLFLPDSAVMMHL-UHFFFAOYSA-N-P7-P7-P52-601529 3.610 3.586 -3.543 0.845
URDQRYKXNYOSSH-UHFFFAOYSA-N-P52-P7-P52-601529 3.875 3.751 -3.406 0.668
PILQIUOYLATWQS-UHFFFAOYSA-N-P52-P7-P52-601529 3.784 3.819 -4.290 1.592
WWUXXAIEDMNTQG-UHFFFAOYSA-N-P7-P7-P52-601529 3.788 3.536 -3.647 0.532
IIIVUYNWUUGLTC-UHFFFAOYSA-N-P7-P7-P52-601529 3.479 3.732 -3.956 2.622
QBLUCHPUYKCSGR-UHFFFAOYSA-N-P7-P7-P52-601529 3.752 3.549 -3.583 0.778
PZTWDFQUZRPNOX-UHFFFAOYSA-N-P7-P7-P52-601529 3.565 3.345 -3.870 0.624
ZHXMSXFHPQPSJP-UHFFFAOYSA-N-P7-P7-P52-601529 3.750 3.621 -3.682 1.023
MJOTYMISSBBUHL-UHFFFAOYSA-N-P7-P7-P52-601529 3.632 3.535 -3.679 0.871
MHIIQORKSNPYPZ-UHFFFAOYSA-N-P7-P7-P52-601529 3.767 3.814 -3.644 0.598
RIUJMHIAMBDPMF-UHFFFAOYSA-N-P52-P7-P52-601529 3.637 3.823 -4.403 0.949
NWMJQTBXALVWLZ-UHFFFAOYSA-N-P7-P7-P52-601529 3.788 3.580 -3.477 1.501
BYTNBPCVLVBTER-UHFFFAOYSA-N-P7-P7-P52-601529 3.654 3.666 -4.575 1.305
JAXBKLQYVHWRSP-UHFFFAOYSA-N-P7-P7-P52-601529 3.886 3.948 -4.126 1.642
CADWPJSZNQJJBQ-UHFFFAOYSA-N-P52-P7-P52-601529 3.709 3.768 -3.866 0.745
UXKCAJUOVYCPSB-UHFFFAOYSA-N-P52-P7-P52-601529 3.827 3.993 -4.589 1.721
KEYWTUPEAIXZPL-UHFFFAOYSA-N-P52-P7-P52-601529 3.948 4.091 -5.148 0.673
TXXUHXMQSDIMMF-UHFFFAOYSA-N-P52-P7-P52-601529 3.908 3.946 -4.570 0.557
XBNFLJPQVCXOHB-UHFFFAOYSA-N-P7-P7-P52-601529 3.915 3.900 -4.710 0.851
SVELKHVCINPSOH-UHFFFAOYSA-N-P52-P7-P52-601529 3.864 3.953 -4.552 3.251
RGPNOXJOTNQWES-UHFFFAOYSA-N-P52-P7-P52-601529 3.780 3.978 -5.125 0.699
HEPIDPHCFPVBAA-UHFFFAOYSA-N-P7-P7-P52-601529 3.590 3.466 -5.159 0.925
XCBFFOIICBIBCA-UHFFFAOYSA-N-P52-P7-P52-601529 3.927 3.897 -4.785 0.536
GSQZZGRGJSFSHJ-UHFFFAOYSA-N-P7-P7-P52-601529 3.733 3.980 -4.892 1.249
PKEASTPXBCLMMX-UHFFFAOYSA-N-P52-P7-P52-601529 3.933 3.820 -3.893 1.964
GNUOIVRDKUPCAZ-UHFFFAOYSA-N-P7-P7-P52-601529 3.995 4.225 -4.882 1.263
HCPJXKUGADZSGM-UHFFFAOYSA-N-P7-P7-P52-601529 3.969 4.176 -4.568 0.548
OZJHRJDDLFHGQR-UHFFFAOYSA-N-P52-P7-P52-601529 3.861 3.917 -5.339 0.907
UBGNDNFLKXEVFA-UHFFFAOYSA-N-P52-P7-P52-601529 3.899 4.097 -4.998 0.877
FMLRZWWQPIWRLV-UHFFFAOYSA-N-P7-P7-P52-601529 4.137 4.033 -4.265 1.244
ODNDPXDCBZTGRL-UHFFFAOYSA-N-P7-P7-P52-601529 4.285 4.234 -4.642 0.367
AZHAUYDEYBTNNJ-UHFFFAOYSA-N-P52-P7-P52-601529 3.838 3.848 -4.799 0.982
HHEPFJOROADMNZ-UHFFFAOYSA-N-P7-P7-P52-601529 3.915 3.780 -4.550 0.962
GGOIBPVHIKLLFU-UHFFFAOYSA-N-P7-P7-P52-601529 4.047 3.840 -4.232 1.349
BHHXUPBNOOPJNJ-UHFFFAOYSA-N-P7-P7-P52-601529 3.958 3.935 -4.322 0.682
GSTBGTOMXFCABX-UHFFFAOYSA-N-P7-P7-P52-601529 4.246 3.898 -3.674 0.990
SWQKQGJNYSHNME-UHFFFAOYSA-N-P7-P7-P52-601529 3.807 3.669 -4.664 0.892
TZOTUGRFOACCPX-UHFFFAOYSA-N-P7-P7-P52-601529 4.009 3.629 -3.774 0.657
HFNQKQGPMUCBCN-UHFFFAOYSA-N-P52-P7-P52-601529 3.544 3.837 -3.982 2.208
DIUNMEACSKWFOA-UHFFFAOYSA-N-P52-P7-P52-601529 3.865 4.007 -5.347 0.963
IBBZHQITVWOJJK-UHFFFAOYSA-N-P7-P7-P52-601529 3.819 3.696 -4.003 0.854
CELLGMNZJVVNJI-UHFFFAOYSA-N-P7-P7-P52-601529 3.881 3.917 -5.418 0.643
YPTCYGUKVLDMTP-UHFFFAOYSA-N-P7-P7-P52-601529 3.858 3.865 -4.445 0.660
VSKFWUNXJGTAJG-UHFFFAOYSA-N-P52-P7-P52-601529 3.805 3.908 -5.284 1.035
DGXNYTBVSVYJMD-UHFFFAOYSA-N-P52-P7-P52-601529 3.828 4.037 -4.480 1.522
LEJHKJMKPDQKGQ-UHFFFAOYSA-N-P7-P7-P52-601529 3.879 3.787 -4.033 0.765
JHSPRMKWXACYRB-UHFFFAOYSA-N-P7-P7-P52-601529 3.951 3.952 -4.429 0.547
BXRYUWLDUXVZNO-UHFFFAOYSA-N-P7-P7-P52-601529 3.456 3.741 -3.894 2.321
JFBNTZXMVIEFJJ-UHFFFAOYSA-N-P7-P7-P52-601529 3.682 3.573 -4.928 0.635
ICLVCDCYKKXHOZ-UHFFFAOYSA-N-P52-P7-P52-601529 3.752 3.850 -4.251 1.813
LZKXGSNOOGDLFI-UHFFFAOYSA-N-P52-P7-P52-601529 4.102 4.166 -4.605 0.402
IYCNBRBTOADINB-UHFFFAOYSA-N-P7-P7-P52-601529 3.943 4.220 -3.865 2.346
KAWYFDMOVZBYHJ-UHFFFAOYSA-N-P52-P7-P52-601529 3.830 3.848 -4.480 0.632
FWLDIENZMDKKKK-UHFFFAOYSA-N-P7-P7-P52-601529 3.668 3.705 -4.655 0.823
KCBHSUONZZNDLU-UHFFFAOYSA-N-P52-P7-P52-601529 3.747 4.027 -3.993 2.197
CQPRGFIYFWXOHL-UHFFFAOYSA-N-P7-P7-P52-601529 3.935 3.790 -4.009 0.839
SGUYVYWZHPTFCP-UHFFFAOYSA-N-P7-P7-P52-601529 3.856 3.785 -3.620 0.620
MDGWYXZQIWOJJH-UHFFFAOYSA-N-P7-P7-P52-601529 3.784 3.834 -4.153 0.671
OEXLRFYPOCTLQF-UHFFFAOYSA-N-P7-P7-P52-601529 3.703 3.805 -3.888 1.358
UKJFYNLNXFALFL-UHFFFAOYSA-N-P52-P7-P52-601529 3.870 4.059 -4.050 2.449
DQTSCQZJTIUNBN-UHFFFAOYSA-N-P7-P7-P52-601529 3.690 3.810 -3.608 0.644
BLRBAZZVZIPTTJ-UHFFFAOYSA-N-P52-P7-P52-601529 3.981 3.450 -3.671 1.974
HMHOVCORBVHPRH-UHFFFAOYSA-N-P52-P7-P52-601529 3.782 3.471 -5.217 1.076
ZEOSNWCHUSKZOI-UHFFFAOYSA-N-P52-P7-P52-601529 3.695 3.943 -4.483 1.700
XBYVDLMBSWTYTL-UHFFFAOYSA-N-P7-P7-P52-601529 3.853 4.100 -4.857 0.634
MKFXUKBGJSUADU-UHFFFAOYSA-N-P52-P7-P52-601529 3.768 3.704 -5.369 1.017
WNJFGDOGMSSOKA-UHFFFAOYSA-N-P7-P7-P52-601529 3.885 4.376 -4.407 1.103
LSSVYPCVEHKLTF-UHFFFAOYSA-N-P7-P7-P52-601529 4.178 4.270 -4.738 0.612
FGTMCAUZDQGUNQ-UHFFFAOYSA-N-P7-P7-P52-601529 3.913 3.948 -4.929 1.080
LBQBSTVOUJTGBX-UHFFFAOYSA-N-P7-P7-P52-601529 3.910 3.806 -4.891 0.627
CXEDBOFWTCCIQN-UHFFFAOYSA-N-P52-P7-P52-601529 3.992 3.705 -4.248 0.854
VFLNWKBUQFENKB-UHFFFAOYSA-N-P7-P7-P52-601529 3.673 3.481 -4.425 1.134
QEWUDNMDOUROLA-UHFFFAOYSA-N-P7-P7-P52-601529 3.959 4.145 -4.683 1.158
VNODPYZDNZFQNU-UHFFFAOYSA-N-P52-P7-P52-601529 3.976 3.874 -4.135 0.877
WYYMOQIXVOGSAP-UHFFFAOYSA-N-P52-P7-P52-601529 3.922 3.720 -4.698 0.917
HLBUVZZWYJUZFB-UHFFFAOYSA-N-P7-P7-P52-601529 4.086 3.969 -4.501 1.070
LBXPJSNWDZSPRC-UHFFFAOYSA-N-P52-P7-P52-601529 3.811 3.938 -4.045 0.356
BTONONNLORXWEV-UHFFFAOYSA-N-P7-P7-P52-601529 4.097 4.291 -4.970 1.719
XNPRXLFKWHSOKB-UHFFFAOYSA-N-P52-P7-P52-601529 3.696 3.686 -3.851 1.697
ROCLHBPQRJAQDT-UHFFFAOYSA-N-P52-P7-P52-601529 3.980 4.149 -3.916 1.765
ZFKRHZCZHLMPOE-UHFFFAOYSA-N-P7-P7-P52-601529 4.098 4.104 -4.478 0.548
CCLQAKSUPGBLSY-UHFFFAOYSA-N-P7-P7-P52-601529 3.992 3.933 -3.971 0.680
PWSLNZZNHOFCIR-UHFFFAOYSA-N-P7-P7-P52-601529 4.141 4.021 -4.373 0.840
JGUQWXFUPWJNDU-UHFFFAOYSA-N-P52-P7-P52-601530 3.844 3.893 -4.281 0.374
JVBQOFNQOFUTBR-UHFFFAOYSA-N-P52-P7-P52-601530 3.972 4.305 -4.372 2.412
KVCHECGAXHSKEP-UHFFFAOYSA-N-P52-P7-P52-601530 3.953 3.621 -3.614 1.784
RSFFEBWLBIOROK-UHFFFAOYSA-N-P52-P7-P52-601530 3.845 3.882 -4.259 0.370
GXPFHYHGTCZCAC-UHFFFAOYSA-N-P7-P7-P52-601530 4.154 4.159 -4.609 0.931
JDPAZZPTGAFRPM-UHFFFAOYSA-N-P7-P7-P52-601530 4.121 4.074 -4.990 0.867
QNMPKNIVEHOZGN-UHFFFAOYSA-N-P7-P7-P52-601530 4.206 4.293 -5.171 0.377
NRLHRDQTKQRYQO-UHFFFAOYSA-N-P52-P7-P52-601530 4.244 4.428 -4.881 0.790
SKXAIMDFLYSFCQ-UHFFFAOYSA-N-P7-P7-P52-601530 3.872 3.911 -4.103 1.029
VPHGVLKZGNVHAO-UHFFFAOYSA-N-P7-P7-P52-601530 3.758 3.796 -4.652 0.435
RMHHMCZLTNBLGY-UHFFFAOYSA-N-P52-P7-P52-601530 4.070 4.264 -4.369 2.241
LDIKXYYRMHWITG-UHFFFAOYSA-N-P52-P7-P52-601530 3.913 4.025 -4.455 0.337
PQQSZOIKDKGIRW-UHFFFAOYSA-N-P52-P7-P52-601530 4.083 4.292 -4.996 0.780
YLLBCMVGCROQHX-UHFFFAOYSA-N-P7-P7-P52-601530 4.005 4.273 -5.407 1.122
VCAGNXWLTZYGFM-UHFFFAOYSA-N-P7-P7-P52-601530 4.469 4.217 -3.985 1.033
JIKJDWLWXMVRNH-UHFFFAOYSA-N-P7-P7-P52-601530 3.907 3.975 -4.043 0.510
QWFUDDXPGQMWAX-UHFFFAOYSA-N-P52-P7-P52-601530 4.156 4.192 -4.246 0.154
SNJKAGNCZDFFHD-UHFFFAOYSA-N-P7-P7-P52-601530 4.226 4.355 -4.965 0.455
UIJKQHFHNLYBQL-UHFFFAOYSA-N-P52-P7-P52-601530 4.002 4.242 -5.341 1.034
YKCZZQUJHRVSBO-UHFFFAOYSA-N-P7-P7-P52-601530 4.060 4.312 -5.157 1.145
BWHFRRFJEFCMJI-UHFFFAOYSA-N-P7-P7-P52-601530 3.961 4.219 -5.316 1.218
QYWZKPWVHVVEBE-UHFFFAOYSA-N-P52-P7-P52-601530 4.108 4.058 -5.172 1.155
FGAIQCWREJGHQO-UHFFFAOYSA-N-P52-P7-P52-601530 4.164 4.193 -5.330 1.048
ZNULNMQTSZWUAJ-UHFFFAOYSA-N-P7-P7-P52-601530 4.141 4.304 -5.515 0.504
VMDVTTBZMBDEOM-UHFFFAOYSA-N-P7-P7-P52-601530 4.070 4.246 -5.087 0.656
IVDVYZALDXIGSX-UHFFFAOYSA-N-P7-P7-P52-601530 4.106 4.241 -4.845 0.627
OAOCIHBRSKZWNN-UHFFFAOYSA-N-P7-P7-P52-601530 3.807 3.920 -4.643 0.572
LPXJBBGQTMCXSQ-UHFFFAOYSA-N-P52-P7-P52-601530 3.972 3.812 -3.467 1.020
OJIWNTNMTFJTSW-UHFFFAOYSA-N-P7-P7-P52-601530 3.670 3.674 -3.265 1.053
IAOFVIVGXTXWRQ-UHFFFAOYSA-N-P52-P7-P52-601530 3.846 3.761 -3.279 0.889
QINZYQXATUXGIU-UHFFFAOYSA-N-P52-P7-P52-601530 3.885 3.765 -3.799 1.318
NKCCQPWQYMNJTD-UHFFFAOYSA-N-P7-P7-P52-601530 3.896 4.269 -4.566 2.520
CUTVBUYIKDTVMW-UHFFFAOYSA-N-P52-P7-P52-601530 3.807 3.659 -3.915 1.215
YXDFIMGFOPEZQP-UHFFFAOYSA-N-P7-P7-P52-601530 3.940 4.265 -5.113 1.345
ZJDWMFDOZOIAMU-UHFFFAOYSA-N-P52-P7-P52-601530 3.756 3.653 -5.116 1.077
GLHIBDMJJCSABQ-UHFFFAOYSA-N-P7-P7-P52-601530 3.995 3.958 -5.007 0.914
JDXUUWVGFLQFKP-UHFFFAOYSA-N-P52-P7-P52-601530 4.014 4.309 -5.175 1.144
QCPMIQNCWWUSDL-UHFFFAOYSA-N-P52-P7-P52-601530 3.850 4.082 -4.988 2.643
SODYGZGOPRNJGX-UHFFFAOYSA-N-P7-P7-P52-601530 4.151 4.357 -4.897 0.790
YVONBGYVMYLGAM-UHFFFAOYSA-N-P7-P7-P52-601530 4.037 4.139 -3.737 0.283
YLSACKQHMQAODA-UHFFFAOYSA-N-P52-P7-P52-601530 4.060 4.169 -4.866 1.245
UVRNZEXLHGEKIX-UHFFFAOYSA-N-P7-P7-P52-601530 3.795 3.903 -4.164 0.929
IMZINTCELXCHSW-UHFFFAOYSA-N-P7-P7-P52-601530 3.985 3.941 -5.323 0.602
XDIFQMJLGKUABW-UHFFFAOYSA-N-P7-P7-P52-601530 3.825 3.745 -4.342 0.834
HPMUBIQBLPYVPD-UHFFFAOYSA-N-P7-P7-P52-601530 3.838 3.792 -4.650 0.872
XNZSJSVCWLZWGE-UHFFFAOYSA-N-P7-P7-P52-601530 3.697 3.655 -4.884 0.741
ASJIXYUZNVLSSC-UHFFFAOYSA-N-P52-P7-P52-601530 3.733 3.817 -4.933 0.403
KSYZSUPEQOUQRL-UHFFFAOYSA-N-P52-P7-P52-601530 3.756 3.926 -4.012 0.591
XUAIOIRVWIVOCC-UHFFFAOYSA-N-P7-P7-P52-601530 3.675 3.683 -3.313 0.712
NSCYZRUQQKAIJV-UHFFFAOYSA-N-P52-P7-P52-601530 3.634 3.748 -4.874 0.650
HKGFGMQRSKMYFZ-UHFFFAOYSA-N-P7-P7-P52-601530 3.850 3.977 -4.634 0.546
BTSPXHSOGPCMKU-UHFFFAOYSA-N-P7-P7-P52-601530 4.002 4.089 -4.996 0.524
OULULVHMVPZLGQ-UHFFFAOYSA-N-P7-P7-P52-601530 3.910 3.994 -4.814 0.599
LELPQGHCHZYMED-UHFFFAOYSA-N-P7-P7-P52-601530 3.832 3.714 -4.214 1.701
BPBIWAZJPXYDQS-UHFFFAOYSA-N-P7-P7-P52-601530 3.815 4.032 -5.376 0.621
UNKULXKYGSRHAR-UHFFFAOYSA-N-P52-P7-P52-601530 4.073 3.796 -4.282 1.421
CDNFBROYMIWNIY-UHFFFAOYSA-N-P7-P7-P52-601530 3.849 4.002 -5.230 0.651
NNBZLICQGYZUAD-UHFFFAOYSA-N-P52-P7-P52-601530 3.948 3.883 -4.993 1.227
YZGCKQLRYVNZQC-UHFFFAOYSA-N-P52-P7-P52-601530 4.050 4.092 -5.064 0.462
SOSIYEXZZGLMDU-UHFFFAOYSA-N-P7-P7-P52-601530 3.992 4.068 -5.278 1.032
KKFPZVWWVOTTPC-UHFFFAOYSA-N-P52-P7-P52-601530 3.871 3.936 -3.555 0.565
OKBDPQCDDOFPBQ-UHFFFAOYSA-N-P7-P7-P52-601530 3.669 3.630 -3.777 0.858
GLUKPRMUNWEUHQ-UHFFFAOYSA-N-P7-P7-P52-601530 3.768 3.778 -4.381 0.983
MTBLNNZDXAYBAS-UHFFFAOYSA-N-P52-P7-P52-601530 3.759 3.609 -4.174 1.297
NBBGKQODYVEYHG-UHFFFAOYSA-N-P7-P7-P52-601530 3.733 3.878 -4.975 2.174
ZFKIPVUREGRJGR-UHFFFAOYSA-N-P7-P7-P52-601530 4.098 4.091 -3.894 0.440
CWBGHTXWRVKTIR-UHFFFAOYSA-N-P7-P7-P52-601530 3.735 3.694 -3.275 0.811
SRHXKWGCGROGER-UHFFFAOYSA-N-P7-P7-P52-601530 4.373 4.502 -4.606 0.425
BEKZFMIUVRKPPM-UHFFFAOYSA-N-P7-P7-P52-601530 4.177 4.326 -4.883 0.795
IUWWGNFCXUXHOT-UHFFFAOYSA-N-P52-P7-P52-601530 3.769 3.935 -4.320 2.296
VIBYNNXPJVMRJG-UHFFFAOYSA-N-P7-P7-P52-601530 3.987 4.165 -4.992 1.449
ZIXGYNHCZJIADF-UHFFFAOYSA-N-P7-P7-P52-601530 3.963 3.881 -3.679 0.729
WIGIVQYYQDLAKD-UHFFFAOYSA-N-P52-P7-P52-601530 4.052 4.231 -4.971 0.756
WIZHGOADHOOHBM-UHFFFAOYSA-N-P98-P5-P98-601530 4.759 4.749 -6.294 1.480
CLOCCLVEOROIDG-UHFFFAOYSA-N-P98-P5-P98-601530 5.078 5.102 -6.475 0.845
JHDCCWAPHABEBD-UHFFFAOYSA-N-P56-P56-P159-601530 5.050 5.020 -5.712 0.916
QRBIIECLOMNZDW-UHFFFAOYSA-N-P8-P8-P48-601530 5.182 4.792 -4.228 2.277
KMEFJWRTTYTIBB-UHFFFAOYSA-N-P8-P8-P48-601530 4.842 4.725 -5.165 2.790
RHRXQYAUCHWILK-UHFFFAOYSA-N-P8-P8-P48-601530 4.934 4.761 -3.377 7.034
ACAQSIDENPBCPT-UHFFFAOYSA-N-P8-P8-P48-601530 4.970 5.329 -5.239 2.975
PJKROGFIGMFAJW-UHFFFAOYSA-N-P8-P8-P48-601530 4.890 4.980 -5.788 2.139
VTXNVIUETNJNOJ-UHFFFAOYSA-N-P8-P8-P48-601530 4.690 4.869 -4.670 2.496
JHULSTIRYADVKH-UHFFFAOYSA-N-P8-P8-P48-601530 4.657 5.130 -5.617 2.443
WVIRNHZESRFREK-UHFFFAOYSA-N-P8-P8-P48-601530 4.742 4.990 -5.302 3.109
DMVAWDBAWDVSAQ-UHFFFAOYSA-N-P8-P8-P48-601530 5.046 4.927 -5.528 1.742
GFSLUJHUJDQALZ-UHFFFAOYSA-N-P8-P8-P48-601530 5.080 5.146 -5.414 2.375
YHFSJDIRFAZNCB-UHFFFAOYSA-N-P8-P8-P48-601530 4.936 5.071 -5.130 2.497
IDILWGAGURJTJU-UHFFFAOYSA-N-P8-P8-P48-601530 4.806 5.179 -5.929 2.250
VZTNALKZKVXMNE-UHFFFAOYSA-N-P8-P8-P48-601530 4.963 4.763 -4.861 2.438
VJFAPMXZUZCTKP-UHFFFAOYSA-N-P8-P8-P48-601530 4.910 5.223 -6.019 2.579
DZQAMTUFHQKHSR-UHFFFAOYSA-N-P8-P8-P48-601530 4.948 5.227 -4.352 2.756
OGADVFKBUFAHTD-UHFFFAOYSA-N-P8-P8-P48-601530 4.981 4.879 -4.972 2.433
ZLYFZZDUYFMSLJ-UHFFFAOYSA-N-P8-P8-P48-601530 4.913 5.087 -5.266 2.342
BLIGESBWLWHCGL-UHFFFAOYSA-N-P8-P8-P48-601530 5.004 5.049 -5.775 1.628
DZRQDSNQAZRNGI-UHFFFAOYSA-N-P8-P8-P48-601530 4.878 4.849 -5.219 2.350
YXCMJSDOLBFYQJ-UHFFFAOYSA-N-P8-P8-P48-601530 4.960 4.926 -5.277 2.403
AGNHHOWCPJCURN-UHFFFAOYSA-N-P8-P8-P48-601530 5.077 4.998 -5.298 2.273
KVIGAVQUYDBNNO-UHFFFAOYSA-N-P8-P8-P48-601530 5.221 5.442 -5.519 2.338
XCJMRSJFVSOEHR-UHFFFAOYSA-N-P8-P8-P48-601530 5.026 5.130 -5.654 2.732
QSZWWCYUPYIBOT-UHFFFAOYSA-N-P8-P8-P48-601530 5.208 5.303 -5.582 2.264
CSVZMMGQPGIBDX-UHFFFAOYSA-N-P8-P8-P48-601530 5.482 5.400 -6.244 1.795
JACGMNOJMMBRFC-UHFFFAOYSA-N-P8-P8-P48-601530 5.152 5.209 -5.531 2.234
HUEBXJIZLLPOHQ-UHFFFAOYSA-N-P8-P8-P48-601530 5.487 5.400 -6.192 1.527
JVXAIRBOHXHWEX-UHFFFAOYSA-N-P8-P8-P48-601530 4.968 5.220 -4.160 2.031
LCZHBEWDUSYCBU-UHFFFAOYSA-N-P8-P8-P48-601530 5.142 5.223 -5.323 2.387
VWGBZMNGSGRBAO-UHFFFAOYSA-N-P8-P8-P48-601530 5.579 5.329 -5.622 2.282
AMIYWLWIULQINH-UHFFFAOYSA-N-P8-P8-P48-601530 5.253 5.350 -5.658 1.983
INYWNEVOOHYGLT-UHFFFAOYSA-N-P8-P8-P48-601530 5.216 5.313 -5.589 2.535
FRSDMJUZNVFIDR-UHFFFAOYSA-N-P8-P8-P48-601530 5.392 5.476 -5.840 2.068
YSOOFNMTJHRRDL-UHFFFAOYSA-N-P8-P8-P48-601530 5.124 5.536 -5.849 2.301
WRZWTHSRQGLLKN-UHFFFAOYSA-N-P8-P8-P48-601530 5.311 5.477 -5.859 2.203
XIXYJAYOJFELHL-UHFFFAOYSA-N-P8-P8-P48-601530 5.214 5.415 -5.198 2.471
IMKRJOBKGSTMOE-UHFFFAOYSA-N-P8-P8-P48-601530 5.295 5.343 -5.403 2.143
OGNFBPCOEUDHHR-UHFFFAOYSA-N-P8-P8-P268-601530 4.123 4.201 -4.865 1.515
YMHLXCWPAMRQNL-UHFFFAOYSA-N-P8-P8-P268-601530 4.542 4.418 -5.098 1.484
WXFJMXOGWDKRAA-UHFFFAOYSA-N-P268-P8-P268-601530 4.153 4.171 -5.022 1.809
NIRHINPACPZTCZ-UHFFFAOYSA-N-P8-P8-P268-601530 4.087 3.743 -4.939 1.771
AXMISGZYUVCDAK-UHFFFAOYSA-N-P268-P8-P268-601530 3.971 4.046 -5.002 1.328
WKCYDZQAQKZTAU-UHFFFAOYSA-N-P8-P8-P268-601530 4.572 4.291 -4.830 1.643
AREBHSMNPJYVFR-UHFFFAOYSA-N-P8-P8-P268-601530 4.528 4.477 -5.196 1.560
BEBDLEFEUKACRZ-UHFFFAOYSA-N-P8-P8-P268-601530 4.643 4.680 -4.981 1.108
WYGFZKIQWNETHV-UHFFFAOYSA-N-P8-P8-P268-601530 4.521 4.289 -4.968 1.426
JBZNKZIRPIHHGX-UHFFFAOYSA-N-P8-P8-P268-601530 4.146 3.886 -5.153 1.819
PIHXMGGBTHXTGD-UHFFFAOYSA-N-P8-P8-P268-601530 4.324 4.245 -3.729 4.717
UXKQTNLDSASQRY-UHFFFAOYSA-N-P8-P8-P268-601530 4.172 4.127 -5.262 3.076
TWZLTRSCXLCPHM-UHFFFAOYSA-N-P8-P8-P268-601530 4.407 3.979 -5.195 1.427
PMOQFLWZLDIFLA-UHFFFAOYSA-N-P8-P8-P268-601530 4.363 3.922 -5.188 1.696
NEOWRBCXIWXGNJ-UHFFFAOYSA-N-P8-P8-P268-601530 4.135 4.190 -4.817 1.940
RBABGFUCMJRGAA-UHFFFAOYSA-N-P8-P8-P268-601530 4.459 4.024 -5.093 1.568
CVKNWENGKMUEHV-UHFFFAOYSA-N-P8-P8-P268-601530 4.268 4.195 -4.514 1.672
DALKIHJUXADJPQ-UHFFFAOYSA-N-P8-P8-P268-601530 4.280 3.873 -5.408 1.512
HZAFZRQTHKQXFB-UHFFFAOYSA-N-P268-P8-P268-601530 4.015 3.653 -4.506 1.578
PTIPMPRKLACHDU-UHFFFAOYSA-N-P8-P8-P268-601530 3.585 4.130 -3.210 2.668
HUWQJNZPUSDQOL-UHFFFAOYSA-N-P8-P8-P268-601530 4.110 4.216 -5.000 2.104
VSSHFPUXFYCHFI-UHFFFAOYSA-N-P268-P8-P268-601530 4.009 4.230 -4.908 2.522
JFQHHSKWTMDQHX-UHFFFAOYSA-N-P268-P8-P268-601530 4.165 4.179 -5.025 1.774
QQSDVFCXRLIJGJ-UHFFFAOYSA-N-P8-P8-P268-601530 4.490 4.248 -5.264 1.578
HFADJQFNGFCUTC-UHFFFAOYSA-N-P8-P8-P268-601530 4.277 4.402 -5.162 1.736
NSMBXXDPCJZWCO-UHFFFAOYSA-N-P8-P8-P268-601530 4.663 4.736 -4.784 1.241
OUIVPHWJCSFTJG-UHFFFAOYSA-N-P8-P8-P268-601530 4.556 4.596 -4.878 1.258
SWIWQPFIZMVZIJ-UHFFFAOYSA-N-P8-P8-P268-601530 4.126 4.469 -4.407 1.547
AMKQYECIHYAHKD-UHFFFAOYSA-N-P268-P8-P268-601530 4.252 4.060 -5.009 1.446
IQGKVCZJKKLOGV-UHFFFAOYSA-N-P8-P8-P268-601530 4.176 4.049 -4.750 1.999
SGQKIHNFOSQJFN-UHFFFAOYSA-N-P8-P8-P268-601530 4.676 4.591 -5.036 1.585
BXWDGKFDNFCANN-UHFFFAOYSA-N-P268-P8-P268-601530 4.262 4.312 -5.191 1.892
MOSNSACXYMUVJM-UHFFFAOYSA-N-P268-P8-P268-601530 4.393 4.320 -4.632 1.368
DVHNMBVMJPPJIS-UHFFFAOYSA-N-P8-P8-P268-601530 4.359 4.077 -5.431 2.280
DWPRWYKIGHGWIA-UHFFFAOYSA-N-P8-P8-P268-601530 4.314 4.368 -5.025 1.839
XVPJZOFPICPTKY-UHFFFAOYSA-N-P268-P8-P268-601530 4.154 4.168 -3.907 2.325
SOJZDLKUPZWDSY-UHFFFAOYSA-N-P268-P8-P268-601530 3.941 4.377 -5.119 3.028
FPGLHACLFVFULQ-UHFFFAOYSA-N-P268-P8-P268-601530 4.424 4.449 -4.471 1.373
GZAHIIVQJFMKDL-UHFFFAOYSA-N-P8-P8-P268-601530 4.442 4.250 -5.111 1.832
YFZJVSOGVNDLTM-UHFFFAOYSA-N-P8-P8-P268-601530 4.760 4.593 -4.873 1.546
GVPQEVCJCABEHT-UHFFFAOYSA-N-P268-P8-P268-601530 4.566 4.549 -4.694 1.564
JHTJLMXMHZWXOH-UHFFFAOYSA-N-P8-P8-P268-601530 4.145 4.011 -5.253 1.916
TWZWZNVWQGAXBO-UHFFFAOYSA-N-P268-P8-P268-601530 4.646 4.580 -4.957 1.387
HVPIGQZRMFQIIU-UHFFFAOYSA-N-P8-P8-P268-601530 4.198 4.662 -4.922 1.722
TUGCREUMFOLKOE-UHFFFAOYSA-N-P8-P8-P268-601530 4.397 4.194 -4.796 1.668
FVGIXSDIEVFZRI-UHFFFAOYSA-N-P8-P8-P268-601530 4.766 4.855 -5.191 1.566
DKJSYABDRUVDPC-UHFFFAOYSA-N-P268-P8-P268-601530 4.376 4.780 -3.574 1.506
HKBSUKPLEWUBHG-UHFFFAOYSA-N-P8-P8-P268-601530 3.894 4.434 -5.055 1.685
JDVZAUFNPFFFJF-UHFFFAOYSA-N-P8-P8-P268-601530 4.509 4.499 -5.202 1.475
COVSUWNXCNOBOV-UHFFFAOYSA-N-P8-P8-P268-601530 4.454 4.359 -4.732 1.452
FPVKRKDGPLBXBX-UHFFFAOYSA-N-P8-P8-P268-601530 4.436 4.355 -4.816 1.481
BNMAJOWIAKGFNK-UHFFFAOYSA-N-P268-P8-P268-601530 4.780 4.753 -4.227 1.361
DTZNCYONKDCHGC-UHFFFAOYSA-N-P268-P8-P268-601530 4.124 4.501 -4.680 1.797
CYGPXAHZFLGPOE-UHFFFAOYSA-N-P8-P8-P268-601530 4.846 4.862 -5.194 1.510
SSFSTOSNYGVOQH-UHFFFAOYSA-N-P8-P8-P268-601530 4.266 4.833 -4.684 1.720
SCHNJDYLLVKXHR-UHFFFAOYSA-N-P8-P8-P268-601530 4.684 4.577 -4.192 1.623
VVYOGDIAPSSCAD-UHFFFAOYSA-N-P268-P8-P268-601530 4.646 4.820 -4.287 1.885
ODPBDWSNZYOIPY-UHFFFAOYSA-N-P8-P8-P268-601530 3.969 4.231 -4.789 1.838
NZEKGEIAYJITFA-UHFFFAOYSA-N-P8-P8-P268-601530 4.862 4.862 -5.075 1.654
GGRIHWJZGKWNQA-UHFFFAOYSA-N-P268-P8-P268-601530 4.519 4.425 -5.100 2.802
NUEBLVHFAYTBIZ-UHFFFAOYSA-N-P268-P8-P268-601530 4.460 4.916 -5.348 2.437
MMNCQIFOBDMNJG-UHFFFAOYSA-N-P8-P8-P268-601530 4.573 4.798 -4.262 1.459
AJSBKIKCXKPWIU-UHFFFAOYSA-N-P8-P8-P268-601530 4.414 4.247 -5.225 1.774
FLSHHTXFZQJLMD-UHFFFAOYSA-N-P8-P8-P268-601530 4.668 4.694 -5.081 1.493
XVNAUBFCUHMXIP-UHFFFAOYSA-N-P8-P8-P268-601530 4.534 4.664 -3.735 1.480
OAUGMMXULQXDTG-UHFFFAOYSA-N-P268-P8-P268-601530 4.777 4.605 -5.025 1.934
GFYGQKKXWRPNQA-UHFFFAOYSA-N-P268-P8-P268-601530 4.350 4.603 -4.839 2.265
FYAACRWYXVLQAO-UHFFFAOYSA-N-P268-P8-P268-601530 4.555 4.683 -4.814 1.852
KWWFGSBFGXHQKS-UHFFFAOYSA-N-P268-P8-P268-601530 4.738 4.397 -4.919 2.985
JWRZDCSLLJNADK-UHFFFAOYSA-N-P8-P8-P268-601530 4.187 4.529 -3.613 1.589
RFQXEAVSLBHURT-UHFFFAOYSA-N-P8-P8-P268-601530 4.780 4.897 -4.178 1.578
JDKAOQLPVVGFNB-UHFFFAOYSA-N-P8-P8-P268-601530 4.557 4.377 -5.086 1.912
LHYJMOGCHOSNHZ-UHFFFAOYSA-N-P268-P8-P268-601530 4.892 4.929 -4.241 1.594
WRCXYLFVVDWTHY-UHFFFAOYSA-N-P8-P8-P268-601530 4.726 4.783 -4.538 1.431
BQWZQLBAAYAVMZ-UHFFFAOYSA-N-P268-P8-P268-601530 4.878 4.928 -4.506 1.378
VJHGCDBOOWCNHI-UHFFFAOYSA-N-P268-P8-P268-601530 4.435 4.634 -4.521 1.439
GRHJAODQFMBDHD-UHFFFAOYSA-N-P268-P8-P268-601530 4.941 4.785 -5.635 3.064
WBOMFWXIDYCRRQ-UHFFFAOYSA-N-P268-P8-P268-601530 4.753 5.367 -3.949 2.972
YHEGUIDPKLMYKR-UHFFFAOYSA-N-P8-P8-P268-601530 4.739 5.112 -5.062 2.969
WMEHPGFYFYBVFV-UHFFFAOYSA-N-P268-P8-P268-601530 4.771 4.776 -5.514 3.309
QDWPSUBCYFRGEG-UHFFFAOYSA-N-P8-P8-P268-601530 4.806 4.990 -4.759 1.528
NDOXMYYVXCOCKS-UHFFFAOYSA-N-P268-P8-P268-601530 4.535 5.119 -4.453 3.332
MBTFVCMKKQVJSR-UHFFFAOYSA-N-P268-P8-P268-601530 5.080 5.098 -5.224 1.516
OIJYJQRNBWGIJI-UHFFFAOYSA-N-P8-P8-P268-601530 5.023 5.276 -5.566 3.198
HYNNDTTYUKMFLJ-UHFFFAOYSA-N-P8-P8-P268-601530 4.682 5.206 -5.453 2.848
LYAUOSRHJHGHTI-UHFFFAOYSA-N-P268-P8-P268-601530 4.693 4.945 -4.647 3.296
YRQJYXCRXYJQNX-UHFFFAOYSA-N-P8-P8-P268-601530 4.908 5.223 -4.835 3.353
JTPFLHJICULJQI-UHFFFAOYSA-N-P8-P8-P268-601530 4.919 4.973 -3.991 3.467
SNQFXSNYHZNVPM-UHFFFAOYSA-N-P268-P8-P268-601530 4.676 5.449 -5.249 4.461
HSHOQBFMCSUSIA-UHFFFAOYSA-N-P8-P8-P268-601530 4.628 5.245 -5.723 2.231
LBCPKHBQJDABIQ-UHFFFAOYSA-N-P8-P8-P268-601530 4.618 4.722 -5.050 3.065
OGZUPTGVBUJQJZ-UHFFFAOYSA-N-P268-P8-P268-601530 5.001 5.637 -5.923 2.825
IAAISCWXLRFBBS-UHFFFAOYSA-N-P8-P8-P268-601530 4.784 5.014 -4.945 3.171
BCYWFRJEFREKSS-UHFFFAOYSA-N-P8-P8-P268-601530 4.831 5.323 -5.999 2.902
FCOWSBLWCYFBPD-UHFFFAOYSA-N-P268-P8-P268-601530 4.885 5.575 -6.419 2.630
TWPLWRSMQPLDRY-UHFFFAOYSA-N-P8-P8-P268-601530 4.689 5.060 -5.250 1.639
OFVMKZDGYATAMX-UHFFFAOYSA-N-P268-P8-P268-601530 4.843 5.123 -5.105 2.652
GJNHIZZMVGBNAA-UHFFFAOYSA-N-P91-P7-P91-601530 4.192 4.302 -6.088 0.617
AFPAQHFOCXRNLM-UHFFFAOYSA-N-P7-P7-P91-601530 4.196 4.387 -5.970 0.498
OIPOSHVUNJEWMR-UHFFFAOYSA-N-P91-P7-P91-601530 4.255 4.339 -6.183 0.882
OMJFJHWRJDMWBF-UHFFFAOYSA-N-P91-P7-P91-601530 4.166 3.957 -5.711 1.595
KIVXCWWCFHWSQS-UHFFFAOYSA-N-P7-P7-P91-601530 4.264 4.385 -6.279 0.362
SSCOWULPRAEIDV-UHFFFAOYSA-N-P7-P7-P91-601530 4.382 4.345 -6.807 0.498
OYCHAJAGIJIUQM-UHFFFAOYSA-N-P91-P7-P91-601530 4.190 4.048 -5.719 1.556
XJRRXVIYHSMOLK-UHFFFAOYSA-N-P7-P7-P91-601530 4.456 4.646 -6.070 0.995
VPPZXOZXDJSAER-UHFFFAOYSA-N-P7-P7-P91-601530 4.204 4.244 -5.803 1.080
RQNKZZMYWPAXNR-UHFFFAOYSA-N-P7-P7-P91-601530 4.488 4.604 -5.968 0.543
UHRXCGGSIRCJHU-UHFFFAOYSA-N-P91-P7-P91-601530 4.549 4.676 -5.684 0.914
ULKXLMHMGCGEQS-UHFFFAOYSA-N-P7-P7-P91-601530 4.452 4.534 -6.072 0.583
DPROVNRETXVMFT-UHFFFAOYSA-N-P91-P7-P91-601530 4.502 4.517 -5.922 0.424
LLEGVLRZUVKRGU-UHFFFAOYSA-N-P91-P7-P91-601530 4.442 4.490 -6.027 0.597
PUPJHUVDNDNSJW-UHFFFAOYSA-N-P7-P7-P91-601530 4.314 4.433 -5.765 0.426
HXZPXZUFYLWQAE-UHFFFAOYSA-N-P91-P7-P91-601530 4.412 4.526 -6.372 1.096
DTGCKVPZHKGIOI-UHFFFAOYSA-N-P7-P7-P91-601530 4.329 4.203 -6.159 0.941
FRQCHJCQXAQFKJ-UHFFFAOYSA-N-P91-P7-P91-601530 4.278 4.217 -6.029 1.463
MZYQISMVOWKKTI-UHFFFAOYSA-N-P91-P7-P91-601530 4.202 4.027 -5.266 1.510
TTYWWVOZIXSCBN-UHFFFAOYSA-N-P91-P7-P91-601530 4.297 4.339 -5.453 0.573
YIJMOOACMDKRHX-UHFFFAOYSA-N-P91-P7-P91-601530 4.391 4.418 -5.236 0.982
VKEVKPIRRFOXSO-UHFFFAOYSA-N-P7-P7-P91-601530 4.406 4.302 -5.969 0.312
HBUPKUGNOBELIJ-UHFFFAOYSA-N-P7-P7-P91-601530 4.311 4.389 -6.010 0.652
CURNWSDRJBAGLO-UHFFFAOYSA-N-P7-P7-P91-601530 4.307 4.420 -5.965 0.482
UKVLFCFYLKIFQO-UHFFFAOYSA-N-P7-P7-P91-601530 4.375 4.571 -6.595 0.501
VNKPGKAKAKZPMX-UHFFFAOYSA-N-P7-P7-P91-601530 4.421 4.375 -6.230 0.786
TWCIDLZTBKLFPI-UHFFFAOYSA-N-P91-P7-P91-601530 4.360 4.219 -6.068 1.680
XKHTXRQAYKRUHH-UHFFFAOYSA-N-P7-P7-P91-601530 4.111 4.277 -5.838 0.884
IYUGFZNHCZPUIX-UHFFFAOYSA-N-P7-P7-P91-601530 4.119 4.350 -5.960 0.686
KSJZLKKBGHIJJG-UHFFFAOYSA-N-P7-P7-P91-601530 4.327 4.643 -6.471 0.572
YHDOWWXVNCQMCF-UHFFFAOYSA-N-P7-P7-P91-601530 4.348 4.445 -6.209 0.719
UWVLLEGAYFSSDN-UHFFFAOYSA-N-P91-P7-P91-601530 4.238 4.173 -5.706 0.920
FREQKYNEDZVYFS-UHFFFAOYSA-N-P91-P7-P91-601530 4.324 4.404 -5.833 0.792
COJFJPLURWOKJF-UHFFFAOYSA-N-P91-P7-P91-601530 4.381 4.457 -6.130 0.849
PSCAMFXAGSEQRY-UHFFFAOYSA-N-P91-P7-P91-601530 4.239 4.221 -5.129 1.498
MYBSAXJEFFKXOY-UHFFFAOYSA-N-P7-P7-P91-601530 4.193 4.300 -6.543 0.894
VSDRSNBLSOQKCC-UHFFFAOYSA-N-P91-P7-P91-601530 4.008 3.860 -6.063 0.952
MIFMWIHDCNVTAY-UHFFFAOYSA-N-P7-P7-P91-601530 4.367 4.405 -5.741 0.679
FKMOINOOVZFLIR-UHFFFAOYSA-N-P7-P7-P91-601530 4.367 4.415 -5.931 0.400
ZWENWKFNBGIEQG-UHFFFAOYSA-N-P7-P7-P91-601530 4.395 4.445 -5.391 0.470
ZVJCDQBSIYZUKK-UHFFFAOYSA-N-P91-P7-P91-601530 4.365 4.463 -5.975 0.344
BHPHSWBSARWLQM-UHFFFAOYSA-N-P7-P7-P91-601530 4.128 4.288 -5.944 0.796
UBAZLLXYFVBDFV-UHFFFAOYSA-N-P7-P7-P91-601530 4.159 4.208 -5.854 0.756
HQZOIEGXNGFRFJ-UHFFFAOYSA-N-P7-P7-P91-601530 4.067 3.859 -5.956 0.910
XHYPQXAYMDMXPQ-UHFFFAOYSA-N-P91-P7-P91-601530 4.237 4.310 -5.502 1.974
JNJFAHODMUGRBK-UHFFFAOYSA-N-P7-P7-P91-601530 4.270 4.339 -5.266 1.226
MGPKSCMMHYBELE-UHFFFAOYSA-N-P7-P7-P91-601530 4.452 4.418 -6.324 0.483
CQOHEWTVEXGUCT-UHFFFAOYSA-N-P91-P7-P91-601530 4.355 4.316 -5.798 1.494
NCDLHYDXSVRNNR-UHFFFAOYSA-N-P91-P7-P91-601530 4.236 4.556 -6.351 0.844
ZYSWDTJHPUNHRT-UHFFFAOYSA-N-P7-P7-P91-601530 4.389 4.520 -5.723 0.708
ZAWKSBZMYKYVIF-UHFFFAOYSA-N-P7-P7-P91-601530 4.327 4.080 -5.878 1.039
GEYOXBYMHGETBU-UHFFFAOYSA-N-P7-P7-P91-601530 4.163 4.226 -5.698 0.583
NEUSIIGQFVXQGD-UHFFFAOYSA-N-P7-P7-P91-601530 4.197 4.419 -6.199 0.874
FYCFZSUBTAPYGY-UHFFFAOYSA-N-P7-P7-P91-601530 4.251 4.185 -5.828 0.948
MNNMNHJSFYHCNE-UHFFFAOYSA-N-P7-P7-P91-601530 4.157 4.191 -5.318 0.354
JYIFNZVHWQNXSD-UHFFFAOYSA-N-P91-P7-P91-601530 4.178 4.216 -6.508 1.211
KZGHCNWJQAKKKQ-UHFFFAOYSA-N-P7-P7-P91-601530 4.178 4.201 -5.697 0.572
MRPDTVZFLKMZHS-UHFFFAOYSA-N-P91-P7-P91-601530 4.219 4.089 -5.985 1.816
OBXNUPVGIVPOFV-UHFFFAOYSA-N-P7-P7-P91-601530 4.359 4.261 -5.798 0.504
OQKGKZDAOPBUBX-UHFFFAOYSA-N-P91-P7-P91-601530 4.365 4.468 -6.226 0.525
AZOOACFKYLMXPO-UHFFFAOYSA-N-P7-P7-P91-601530 4.301 4.385 -5.945 0.944
MQXCMWMCHAJFRB-UHFFFAOYSA-N-P7-P7-P91-601530 4.343 4.509 -6.364 0.749
AOUFUGPLATWRKD-UHFFFAOYSA-N-P91-P7-P91-601530 4.377 4.404 -6.534 0.711
HPHIWRUGIFXZFQ-UHFFFAOYSA-N-P7-P7-P91-601530 4.289 4.438 -6.356 0.511
GDMZUEBBTXBQIC-UHFFFAOYSA-N-P91-P7-P91-601530 4.432 4.335 -5.869 1.377
SLLUAQLUJPHWDH-UHFFFAOYSA-N-P91-P7-P91-601530 4.362 4.345 -5.502 0.589
ANZIJFXFIRSDPV-UHFFFAOYSA-N-P91-P7-P91-601530 4.473 4.377 -4.916 1.034
NMWXKCLYMMNSLR-UHFFFAOYSA-N-P91-P7-P91-601530 4.540 4.396 -6.134 0.878
GUHSOXZFVNYBRM-UHFFFAOYSA-N-P7-P7-P91-601530 4.169 4.143 -5.413 1.096
QLEAITDEBCSFCP-UHFFFAOYSA-N-P7-P7-P91-601530 4.183 4.343 -5.902 0.460
PVVABTFMJONYFA-UHFFFAOYSA-N-P91-P7-P91-601530 4.269 4.003 -5.201 1.349
WYNRLSCFTXEUPW-UHFFFAOYSA-N-P7-P7-P91-601530 4.210 4.399 -5.635 1.118
WXXVOSPJTWPCBM-UHFFFAOYSA-N-P7-P7-P91-601530 4.435 4.439 -5.695 0.440
YXVWXSXEYHYDMX-UHFFFAOYSA-N-P7-P7-P91-601530 4.294 4.353 -5.279 0.734
QKJLVOZUJNGHQK-UHFFFAOYSA-N-P91-P7-P91-601530 4.332 4.521 -5.784 0.697
RTTWLQUJAAAUJZ-UHFFFAOYSA-N-P91-P7-P91-601530 4.324 4.254 -5.710 1.394
DACGGSJCFZJKJE-UHFFFAOYSA-N-P7-P7-P91-601530 4.321 4.260 -5.638 0.882
YLQCFSNTGVFNKX-UHFFFAOYSA-N-P7-P7-P91-601530 4.363 4.496 -6.618 0.473
GRFSONGWQAMCBH-UHFFFAOYSA-N-P7-P7-P91-601530 4.308 4.421 -5.899 0.475
VSDPRMYNXFQTHH-UHFFFAOYSA-N-P7-P7-P91-601530 4.380 4.422 -5.610 0.271
PXHZDADZZXGJTL-UHFFFAOYSA-N-P91-P7-P91-601530 4.392 4.492 -6.239 0.403
IOXGVNQUPZVYJJ-UHFFFAOYSA-N-P7-P7-P91-601530 4.342 4.456 -5.417 0.532
OWFZKDVOUIVHKS-UHFFFAOYSA-N-P7-P7-P91-601530 4.170 4.321 -5.537 0.625
QJJZUDOHJHCOMJ-UHFFFAOYSA-N-P91-P7-P91-601530 4.224 4.519 -6.075 1.145
PBLNIBVBPFBPLU-UHFFFAOYSA-N-P91-P7-P91-601530 4.307 4.114 -5.200 1.352
IDIKGPXJIWPKHG-UHFFFAOYSA-N-P7-P7-P91-601530 4.386 4.538 -6.500 0.352
MUFXDDGQXMPCMG-UHFFFAOYSA-N-P7-P7-P91-601530 4.377 4.580 -5.917 0.798
WTRDBDRJUBYAPJ-UHFFFAOYSA-N-P7-P7-P91-601530 4.285 4.457 -6.364 1.019
KGSDJGANTKAKCO-UHFFFAOYSA-N-P7-P7-P91-601530 4.332 4.461 -5.941 0.733
DJGQJYAJGGPKMB-UHFFFAOYSA-N-P91-P7-P91-601530 4.336 4.302 -5.698 1.429
YYRZOXZMHCWMBN-UHFFFAOYSA-N-P7-P7-P91-601530 4.252 4.405 -5.926 0.645
ALNMBAGYPUUXLO-UHFFFAOYSA-N-P91-P7-P91-601530 4.327 4.448 -6.237 0.692
DYMLUGPZQNODHU-UHFFFAOYSA-N-P7-P7-P91-601530 4.360 4.421 -6.221 0.541
LKDTWVIHFZJZGT-UHFFFAOYSA-N-P91-P7-P91-601530 4.231 4.326 -5.782 0.478
ZRFNUHVQEGHRSF-UHFFFAOYSA-N-P7-P7-P91-601530 4.263 4.447 -5.273 0.841
GJHMWMCBRPKZTC-UHFFFAOYSA-N-P91-P7-P91-601530 4.360 4.652 -6.020 0.931
NFFMZOVQLOVGQG-UHFFFAOYSA-N-P91-P7-P91-601530 4.353 4.309 -5.170 1.374
JKQRINFAOHJXCZ-UHFFFAOYSA-N-P91-P7-P91-601530 4.521 4.495 -5.410 0.735
FKESKKDCBROWSF-UHFFFAOYSA-N-P91-P7-P91-601530 4.406 4.529 -6.604 0.383
AZFSDPCINHPJKC-UHFFFAOYSA-N-P7-P7-P91-601530 4.312 4.440 -6.278 0.765
YSQFYJJZEHMRAS-UHFFFAOYSA-N-P7-P7-P91-601530 4.353 4.357 -6.423 0.772
ZCQPHSIGXGMFHY-UHFFFAOYSA-N-P7-P7-P91-601530 4.522 4.437 -6.091 0.846
QKYCORGWUVBHEC-UHFFFAOYSA-N-P7-P7-P91-601530 4.548 4.203 -5.196 1.111
HSERXEMHFRZJGL-UHFFFAOYSA-N-P91-P7-P91-601530 4.329 4.226 -5.056 1.090
OGTUYXCZCZZJRB-UHFFFAOYSA-N-P7-P7-P91-601530 4.366 4.431 -5.648 0.603
NYLSUOOGFIJMDI-UHFFFAOYSA-N-P91-P7-P91-601530 4.435 4.414 -6.456 0.585
DJRRNLFMHSQLHQ-UHFFFAOYSA-N-P7-P7-P91-601530 4.471 4.378 -6.634 0.436
ZKFRLPLDXHQHIH-UHFFFAOYSA-N-P91-P7-P91-601530 4.397 4.442 -6.182 0.619
GSVYIAKQFDFCBO-UHFFFAOYSA-N-P91-P7-P91-601530 4.247 4.481 -6.361 0.741
RTOOURFXHJNHDA-UHFFFAOYSA-N-P7-P7-P91-601530 4.304 4.480 -6.005 0.678
LWHAMZVGCDYQSH-UHFFFAOYSA-N-P91-P7-P91-601530 4.264 4.499 -5.506 1.494
JWINWCRDVCIMRU-UHFFFAOYSA-N-P7-P7-P91-601530 4.297 4.438 -6.058 0.537
TZYRCKTXNIREEZ-UHFFFAOYSA-N-P91-P7-P91-601530 4.359 4.329 -6.398 1.164
SVDUXVDUIBJBBL-UHFFFAOYSA-N-P7-P7-P91-601530 4.330 4.362 -5.923 0.858
QNUVLBNSFSURIY-UHFFFAOYSA-N-P7-P7-P91-601530 4.355 4.382 -6.206 1.035
FUPCNXCXJTVSKK-UHFFFAOYSA-N-P91-P7-P91-601530 4.318 4.012 -5.793 1.321
YVTQDXVLDBDRAB-UHFFFAOYSA-N-P7-P7-P91-601530 4.314 4.480 -5.941 0.838
WOHXIMYHEJSCBB-UHFFFAOYSA-N-P91-P7-P91-601530 4.368 4.323 -5.966 1.276
GVOKZORGLFPPJI-UHFFFAOYSA-N-P7-P7-P91-601530 4.244 4.348 -5.400 0.880
AVMJMADTBFKFCB-UHFFFAOYSA-N-P7-P7-P91-601530 4.316 4.344 -5.269 1.353
HIWVSUAZVIDWOC-UHFFFAOYSA-N-P91-P7-P91-601530 4.267 4.481 -5.658 0.962
VTBZSIMTSYNXNJ-UHFFFAOYSA-N-P91-P7-P91-601530 4.407 4.627 -6.109 0.850
DCWQWMXEQIAUQF-UHFFFAOYSA-N-P91-P7-P91-601530 4.332 4.245 -5.794 1.197
OZKQHZSCSHSSQP-UHFFFAOYSA-N-P7-P7-P91-601530 4.290 4.019 -5.464 1.135
GHPGSNBUJHUBFE-UHFFFAOYSA-N-P91-P7-P91-601530 4.258 4.131 -5.265 1.349
JOIZCBMEFDIYNR-UHFFFAOYSA-N-P7-P7-P91-601530 4.309 4.517 -5.978 0.846
SBGGYFRJQXODIX-UHFFFAOYSA-N-P7-P7-P91-601530 4.327 4.602 -6.162 0.777
DIWDXIFYIJOQFK-UHFFFAOYSA-N-P91-P7-P91-601530 4.321 4.581 -5.860 0.652
WBCLMACCSCKESB-UHFFFAOYSA-N-P91-P7-P91-601530 4.298 4.425 -6.097 0.768
RFPGALRSHMPWLP-UHFFFAOYSA-N-P7-P7-P91-601530 4.224 4.396 -6.636 0.736
CJJKNLDHNNLLMT-UHFFFAOYSA-N-P7-P7-P91-601530 4.384 4.463 -6.483 0.470
JOACOWBEQXYPLN-UHFFFAOYSA-N-P91-P7-P91-601530 4.233 4.075 -5.864 1.012
GPFYGCBPBYFIET-UHFFFAOYSA-N-P7-P7-P91-601530 4.317 4.360 -5.797 0.626
ARLVRZDSTDFIMR-UHFFFAOYSA-N-P91-P7-P91-601530 4.472 4.551 -5.143 0.539
YFYPUUJLJOLEAD-UHFFFAOYSA-N-P91-P7-P91-601530 4.548 4.713 -5.991 1.171
MPGPVAJSACKIMF-UHFFFAOYSA-N-P7-P7-P91-601530 4.263 4.040 -5.964 1.272
UCTXONHHXMFEKG-UHFFFAOYSA-N-P7-P7-P91-601530 4.285 4.383 -6.495 1.070
ZNXIEGQNCSGLDX-UHFFFAOYSA-N-P91-P7-P91-601530 4.454 4.467 -5.766 0.915
QXUQGBGUZUEOAR-UHFFFAOYSA-N-P91-P7-P91-601530 4.576 4.552 -5.483 0.911
CRKLKJMEVITKOT-UHFFFAOYSA-N-P91-P7-P91-601530 4.572 4.708 -6.016 0.540
BBULEPTVYJUENG-UHFFFAOYSA-N-P91-P7-P91-601530 4.749 4.834 -5.947 0.769
WEBFIYIIXDZDIB-UHFFFAOYSA-N-P7-P7-P91-601530 4.365 4.509 -5.932 0.434
ZMAITHZRJKISJT-UHFFFAOYSA-N-P7-P7-P91-601530 4.529 4.696 -6.513 0.961
OKPAEUPTFOBKSP-UHFFFAOYSA-N-P7-P7-P91-601530 4.400 4.264 -5.751 0.551
OTFCXZZWDFIBDT-UHFFFAOYSA-N-P7-P7-P91-601530 4.533 4.612 -5.565 0.658
LNBKGJOUKSKNIU-UHFFFAOYSA-N-P7-P7-P91-601530 4.598 4.775 -6.052 0.786
LCQCDHVRINZDNQ-UHFFFAOYSA-N-P91-P7-P91-601530 4.602 4.698 -5.702 0.791
LNFYCQXLURLKCH-UHFFFAOYSA-N-P7-P7-P91-601530 4.557 4.822 -6.296 0.832
YQGXZEQVMQABMX-UHFFFAOYSA-N-P7-P7-P91-601530 4.400 4.615 -6.151 0.779
HZKPQMCXLAFEPP-UHFFFAOYSA-N-P7-P7-P91-601530 4.589 4.745 -6.102 0.587
YMYUDFKEEAKPAM-UHFFFAOYSA-N-P7-P7-P91-601530 4.387 4.512 -5.972 0.555
WDPOREMMZWJVJX-UHFFFAOYSA-N-P91-P7-P91-601530 4.592 4.603 -5.292 0.679
NJMQJPZNGWRLLN-UHFFFAOYSA-N-P7-P7-P91-601530 4.541 4.724 -5.918 0.558
BJCNUMGVFWHUHH-UHFFFAOYSA-N-P91-P7-P91-601530 4.639 4.391 -5.653 1.599
FOSZZEOZAUVOLY-UHFFFAOYSA-N-P7-P7-P91-601530 4.647 4.807 -5.475 0.581
MWXUEQAPPFPZNJ-UHFFFAOYSA-N-P91-P7-P91-601530 4.599 4.663 -5.702 1.069
ULWTZKZSVPBBQQ-UHFFFAOYSA-N-P7-P7-P91-601530 4.414 4.546 -5.586 0.614
UBZZZRSHLISESK-UHFFFAOYSA-N-P91-P7-P91-601530 4.288 4.480 -5.871 1.038
LLFSKJXMHBTXPW-UHFFFAOYSA-N-P7-P7-P91-601530 4.657 4.748 -5.673 0.830
FYDYOLDTFUUHAH-UHFFFAOYSA-N-P91-P7-P91-601530 4.599 4.559 -5.569 0.894
ATCAIUBWQLDGJN-UHFFFAOYSA-N-P91-P7-P91-601530 4.540 4.719 -6.059 0.529
YFFJLUWNVWPBOK-UHFFFAOYSA-N-P7-P7-P91-601530 4.427 4.497 -5.530 0.336
WVNVYWVODSOUPH-UHFFFAOYSA-N-P7-P7-P91-601530 4.416 4.455 -5.928 0.421
QYVWSCOXTCHUOP-UHFFFAOYSA-N-P91-P7-P91-601530 4.431 4.482 -5.067 0.821
FFJZGADMHIPHMD-UHFFFAOYSA-N-P91-P7-P91-601530 4.368 4.347 -5.771 1.334
JSTKZJQNDVMLSF-UHFFFAOYSA-N-P91-P7-P91-601530 4.723 4.494 -5.916 0.880
DQOJAOYJDCVASA-UHFFFAOYSA-N-P7-P7-P91-601530 4.549 4.432 -4.778 0.640
FFSDDFQXGOAICD-UHFFFAOYSA-N-P91-P7-P91-601530 4.529 4.652 -5.412 0.880
KAQDXFAJPIKZMT-UHFFFAOYSA-N-P7-P7-P91-601530 4.224 4.150 -5.633 0.717
KTOWASOEIGHSQW-UHFFFAOYSA-N-P91-P7-P91-601530 4.516 4.575 -6.050 0.683
HSFMKOYPNHPARX-UHFFFAOYSA-N-P91-P7-P91-601530 4.447 4.673 -6.267 0.575
XOPPEVOCJBLGEB-UHFFFAOYSA-N-P7-P7-P91-601530 4.655 4.968 -6.385 0.985
MWIUIFCGEBKPPX-UHFFFAOYSA-N-P91-P7-P91-601530 4.267 4.414 -6.189 0.534
DFBAIXDCGQDPHF-UHFFFAOYSA-N-P91-P7-P91-601530 4.666 4.591 -5.598 0.685
PNZCTXCWJKRTHE-UHFFFAOYSA-N-P7-P7-P91-601530 4.545 4.680 -5.553 0.646
YJULIZIQIVYMLR-UHFFFAOYSA-N-P7-P7-P91-601530 4.682 4.657 -5.632 0.443
VYUVMESPVFOFJR-UHFFFAOYSA-N-P91-P7-P91-601530 4.365 4.496 -5.801 0.643
LJYUZSBUYYWMNA-UHFFFAOYSA-N-P91-P7-P91-601530 4.306 4.343 -5.802 1.676
NPCDKPYLPUZMNJ-UHFFFAOYSA-N-P7-P7-P91-601530 4.542 4.659 -5.899 0.837
MWWZSYJQYPSXGE-UHFFFAOYSA-N-P7-P7-P91-601530 4.402 4.386 -5.878 0.522
VRBSASSPSOHDFZ-UHFFFAOYSA-N-P91-P7-P91-601531 4.574 4.562 -5.088 1.157
SBCLWBGVZNGSEH-UHFFFAOYSA-N-P7-P7-P91-601531 4.664 4.745 -5.746 1.000
KDGAGXROFGLJIR-UHFFFAOYSA-N-P91-P7-P91-601531 4.312 4.399 -5.747 0.485
SZDQAYKPCAZFJG-UHFFFAOYSA-N-P91-P7-P91-601531 4.511 4.663 -6.040 0.555
PZJRNCYINPSINZ-UHFFFAOYSA-N-P91-P7-P91-601531 4.526 4.753 -6.187 0.589
GBBVBXFCLXLPRM-UHFFFAOYSA-N-P91-P7-P91-601531 4.547 4.626 -5.770 0.907
OJOXELYARCDREZ-UHFFFAOYSA-N-P7-P7-P91-601531 4.387 4.423 -5.919 0.335
QDLXAOWFQDCYQX-UHFFFAOYSA-N-P7-P7-P91-601531 4.589 4.769 -6.296 0.575
AOHGCNOZGDHTKX-UHFFFAOYSA-N-P7-P7-P91-601531 4.427 4.497 -5.737 0.573
UEJVFFSOEAYFKQ-UHFFFAOYSA-N-P91-P7-P91-601531 4.377 4.342 -5.756 0.970
KPNPAXVLQXLALS-UHFFFAOYSA-N-P7-P7-P91-601531 4.525 4.484 -5.546 0.398
ARFDBEWBCSUJRP-UHFFFAOYSA-N-P7-P7-P91-601531 4.832 4.743 -5.796 0.404
ULPWKUJABDEOBL-UHFFFAOYSA-N-P7-P7-P91-601531 4.428 4.614 -5.987 1.273
GSQIIHPJIAIUOX-UHFFFAOYSA-N-P91-P7-P91-601531 4.404 4.513 -5.625 1.364
ZXXKFYGCSUIQAQ-UHFFFAOYSA-N-P7-P7-P91-601531 4.330 4.418 -5.612 0.804
ILDDCQJISYARBH-UHFFFAOYSA-N-P7-P7-P91-601531 4.729 4.598 -5.637 0.479
DOIWLZKFZFGHRA-UHFFFAOYSA-N-P7-P7-P91-601531 4.506 4.378 -5.512 0.376
URQYFUZIFCORLC-UHFFFAOYSA-N-P7-P7-P91-601531 4.694 4.729 -5.668 0.677
KHFVIIDTUPXPRC-UHFFFAOYSA-N-P7-P7-P91-601531 4.515 4.449 -5.524 0.448
DAGHXMKQVQAUCF-UHFFFAOYSA-N-P91-P7-P91-601531 4.535 4.612 -5.758 0.483
UGPVASZFIIDGDX-UHFFFAOYSA-N-P7-P7-P91-601531 4.517 4.498 -5.364 0.397
OQQJIRWLXVFSLE-UHFFFAOYSA-N-P91-P7-P91-601531 4.403 4.360 -5.618 0.853
FVXYSVYZQHGMAF-UHFFFAOYSA-N-P91-P7-P91-601531 4.459 4.530 -5.912 0.507
BVCDJRPVINFNMB-UHFFFAOYSA-N-P7-P7-P91-601531 4.414 4.470 -5.983 0.591
PPFVUECMMGRDIQ-UHFFFAOYSA-N-P7-P7-P91-601531 4.470 4.577 -5.217 1.500
XYYFPRHFMRNDAX-UHFFFAOYSA-N-P91-P7-P91-601531 4.377 4.529 -6.100 0.577
CIXPCBIWZCRXBA-UHFFFAOYSA-N-P91-P7-P91-601531 4.346 4.546 -6.197 0.715
YCSIYADGHJGZBG-UHFFFAOYSA-N-P7-P7-P91-601531 4.568 4.643 -6.293 0.610
BSGKTSABUJCHQE-UHFFFAOYSA-N-P7-P7-P91-601531 4.405 4.466 -6.183 0.569
NJPSRSVNEHPEQV-UHFFFAOYSA-N-P7-P7-P91-601531 4.628 4.328 -4.957 0.879
ZJHHDNMNIJZIST-UHFFFAOYSA-N-P91-P7-P91-601531 4.444 4.465 -5.983 0.774
VVODCKKQBSFBPH-UHFFFAOYSA-N-P91-P7-P91-601531 4.808 4.900 -5.770 0.830
WYGLUKDXQCGDJV-UHFFFAOYSA-N-P91-P7-P91-601531 4.562 4.462 -5.113 1.385
GXSNCIXJUHMDEE-UHFFFAOYSA-N-P91-P7-P91-601531 4.320 4.120 -5.432 1.174
UUNQJQGLMQLTQT-UHFFFAOYSA-N-P91-P7-P91-601531 4.385 4.449 -5.689 0.971
MBOYGASWJXOWHK-UHFFFAOYSA-N-P91-P7-P91-601531 4.273 4.079 -6.433 0.809
SMCMKISWNCMPHY-UHFFFAOYSA-N-P7-P7-P91-601531 4.502 4.327 -6.300 0.904
FKNPKHVLUBKNPT-UHFFFAOYSA-N-P7-P7-P91-601531 4.256 4.230 -6.447 1.294
AODLVEMNPFCVGS-UHFFFAOYSA-N-P7-P7-P91-601531 4.474 4.591 -5.823 0.590
VDRKBBAJUQLKDE-UHFFFAOYSA-N-P7-P7-P91-601531 4.298 4.453 -6.082 0.697
ZJQXNHPLJNEBEH-UHFFFAOYSA-N-P7-P7-P91-601531 4.346 4.470 -5.945 0.884
RWPZVFNTWCJWLA-UHFFFAOYSA-N-P91-P7-P91-601531 4.434 4.610 -6.173 0.638
YVZKTSFSFOFXPB-UHFFFAOYSA-N-P91-P7-P91-601531 4.259 4.320 -5.455 0.875
VTEMUKJZQVUXTE-UHFFFAOYSA-N-P91-P7-P91-601531 4.476 4.599 -6.100 0.704
HSSJHTPDQJMXLV-UHFFFAOYSA-N-P91-P7-P91-601531 4.550 4.550 -6.103 1.296
OZYRGCUXVFPNIY-UHFFFAOYSA-N-P91-P7-P91-601531 4.261 4.419 -5.971 0.879
GYLJLBHYKGVSIK-UHFFFAOYSA-N-P7-P7-P91-601531 4.568 4.743 -5.958 1.225
MGJGNKYUMSWWBP-UHFFFAOYSA-N-P91-P7-P91-601531 4.523 4.813 -5.938 0.838
IOADDALTJPLMEE-UHFFFAOYSA-N-P91-P7-P91-601531 4.650 4.708 -5.945 0.561
HAPOATUVQZPDAD-UHFFFAOYSA-N-P7-P7-P91-601531 4.574 4.651 -5.777 0.747
YCBHRJDTXOJHJF-UHFFFAOYSA-N-P91-P7-P91-601531 4.337 4.240 -5.161 1.359
YBRBLECGWUPSIV-UHFFFAOYSA-N-P7-P7-P91-601531 4.468 4.428 -5.401 0.780
XASAOKDIIKKJDP-UHFFFAOYSA-N-P7-P7-P91-601531 4.621 4.745 -5.349 0.594
LOYULGVMNHYRAA-UHFFFAOYSA-N-P7-P7-P91-601531 4.417 4.548 -5.361 1.597
ZQBPXDPABTUHJL-UHFFFAOYSA-N-P91-P7-P91-601531 4.373 4.276 -5.103 1.192
ZXCAUKIBMWPDIA-UHFFFAOYSA-N-P91-P7-P91-601531 4.436 4.255 -5.376 0.659
PCLXSLCURPZIKA-UHFFFAOYSA-N-P7-P7-P91-601531 4.601 4.743 -5.531 0.517
HXIKRKWZVWQKRN-UHFFFAOYSA-N-P91-P7-P91-601531 4.663 4.548 -5.133 0.992
OQFVPMLSBQQYAR-UHFFFAOYSA-N-P7-P7-P91-601531 4.427 4.412 -6.295 0.404
KLDKTWRMBZVSEE-UHFFFAOYSA-N-P91-P7-P91-601531 4.465 4.428 -5.680 0.799
RWNXOCHKTJAEOR-UHFFFAOYSA-N-P7-P7-P91-601531 4.198 4.356 -6.128 0.806
LZGABPMLQOSWJW-UHFFFAOYSA-N-P91-P7-P91-601531 4.515 4.599 -5.142 0.882
ICQZGYONHYIISN-UHFFFAOYSA-N-P91-P7-P91-601531 4.500 4.594 -5.385 0.777
TXUQZBBFDOFRAH-UHFFFAOYSA-N-P7-P7-P91-601531 4.436 4.558 -6.049 0.515
CNKJTIKKHVWBOG-UHFFFAOYSA-N-P91-P7-P91-601531 4.592 4.617 -6.097 0.829
WRFUKRWNBKPUHG-UHFFFAOYSA-N-P91-P7-P91-601531 4.557 4.576 -5.646 0.934
GRPJMNVRVGQPAX-UHFFFAOYSA-N-P7-P7-P91-601531 4.235 4.312 -5.916 0.945
QHNULAVWMQSDJH-UHFFFAOYSA-N-P7-P7-P91-601531 4.596 4.620 -5.922 0.634
PKXFFNMYJONJPY-UHFFFAOYSA-N-P91-P7-P91-601531 4.301 4.429 -5.885 0.490
NWHBQHBSQQYVQP-UHFFFAOYSA-N-P7-P7-P91-601531 4.615 4.832 -6.350 1.144
JMFOFOSPFWIIHT-UHFFFAOYSA-N-P7-P7-P91-601531 4.545 4.452 -5.274 0.936
BALYDZNKBUZJHI-UHFFFAOYSA-N-P7-P7-P91-601531 4.423 4.575 -6.284 1.280
SQRJTSVVNQCZEJ-UHFFFAOYSA-N-P7-P7-P91-601531 4.292 4.221 -5.194 0.738
ZWEJKSDKXFMOHB-UHFFFAOYSA-N-P7-P7-P91-601531 4.501 4.660 -5.675 0.627
QXXPHUXFLRZFSN-UHFFFAOYSA-N-P91-P7-P91-601531 4.385 4.349 -5.394 0.220
CWMYXGFSTKRKNN-UHFFFAOYSA-N-P7-P7-P91-601531 4.544 4.796 -5.651 0.643
JTKSTYADCPUNNZ-UHFFFAOYSA-N-P91-P7-P91-601531 4.268 4.299 -5.004 0.957
CHWQWBIZDBNZJT-UHFFFAOYSA-N-P7-P7-P91-601531 4.404 4.491 -5.940 0.390
QFAXNLPHOKAUKM-UHFFFAOYSA-N-P7-P7-P91-601531 4.445 4.528 -6.154 0.512
DJXNSAGYYCQNIP-UHFFFAOYSA-N-P7-P7-P91-601531 4.487 4.527 -5.798 0.587
ZZQFUVKFBBRKNL-UHFFFAOYSA-N-P7-P7-P91-601531 4.301 4.101 -6.115 1.064
HYDSVRMBXJCPJS-UHFFFAOYSA-N-P91-P7-P91-601531 4.148 3.941 -5.459 1.607
MQGOTAJKJIYGQH-UHFFFAOYSA-N-P91-P7-P91-601531 4.134 3.980 -6.408 1.030
PJAFMXKOUIWJAN-UHFFFAOYSA-N-P7-P7-P91-601531 4.495 4.334 -6.032 1.596
VCZIQZWUFCNSCO-UHFFFAOYSA-N-P7-P7-P91-601531 4.337 4.152 -5.655 1.021
XQRYDVYKWNNFAO-UHFFFAOYSA-N-P91-P7-P91-601531 4.192 3.851 -5.811 1.210
OIDBSRVUHBPABO-UHFFFAOYSA-N-P91-P7-P91-601531 4.246 4.076 -6.315 1.160
OINXHEHMKUJNAC-UHFFFAOYSA-N-P7-P7-P91-601531 4.266 4.294 -6.262 0.595
YRMOALPWBJWHQO-UHFFFAOYSA-N-P7-P7-P91-601531 4.340 4.241 -6.353 1.180
IDZZLSNIDGCZQR-UHFFFAOYSA-N-P91-P7-P91-601531 4.220 4.222 -6.319 1.570
KGOYYKIMGUKNRO-UHFFFAOYSA-N-P7-P7-P91-601531 4.358 4.127 -5.983 1.137
BNPIWJBMTWSYNL-UHFFFAOYSA-N-P91-P7-P91-601531 4.343 4.070 -4.704 0.971
PACPSDKTTYWMCE-UHFFFAOYSA-N-P7-P7-P91-601531 4.359 4.112 -6.201 1.028
SPOUBUCYKRSJFI-UHFFFAOYSA-N-P7-P7-P91-601531 4.526 4.459 -6.274 1.682
MGYIHGZLNNUXPX-UHFFFAOYSA-N-P7-P7-P91-601531 4.369 4.381 -5.811 0.942
MWKVNESHVLMOPP-UHFFFAOYSA-N-P7-P7-P91-601531 4.348 4.049 -6.379 1.033
FYLOEXXGBDBPQG-UHFFFAOYSA-N-P91-P7-P91-601531 4.291 4.263 -5.453 1.301
YFLIZFXGTSLGQK-UHFFFAOYSA-N-P7-P7-P91-601531 4.345 4.038 -6.189 1.136
TZGLJRNMZSUDCG-UHFFFAOYSA-N-P91-P7-P91-601531 4.308 4.150 -6.120 1.338
RQAQOCADVOIHNV-UHFFFAOYSA-N-P91-P7-P91-601531 4.655 4.430 -5.207 1.190
COAQXJIKIXWKKB-UHFFFAOYSA-N-P7-P7-P91-601531 4.356 4.070 -6.175 1.086
ZZKAFVKBDHKSIR-UHFFFAOYSA-N-P91-P7-P91-601531 4.090 4.037 -5.912 1.804
IXSVWBCRRDFEIJ-UHFFFAOYSA-N-P7-P7-P91-601531 4.555 4.645 -5.852 0.441
CSBXOGHJNVBCMN-UHFFFAOYSA-N-P91-P7-P91-601531 4.496 4.552 -6.206 1.007
JFHNJJYEXCGPBG-UHFFFAOYSA-N-P268-P91-P268-601531 5.092 5.115 -6.368 2.810
LJMIVLALZCANSV-UHFFFAOYSA-N-P268-P91-P268-601531 5.780 5.154 -6.618 1.735
UDHHCTFMZABZEQ-UHFFFAOYSA-N-P159-P7-P159-601531 5.295 4.746 -5.348 1.507
GXUXNTPHLGNVIQ-UHFFFAOYSA-N-P159-P7-P159-601531 5.651 5.147 -5.211 2.103
NHDBPIKFGHMNAJ-UHFFFAOYSA-N-P23-P23-P219-601532 4.403 4.376 -5.699 1.528
CKKGRRQBFNXELK-UHFFFAOYSA-N-P23-P23-P219-601532 4.660 4.538 -5.075 1.355
KVCFCAZRZGUEGW-UHFFFAOYSA-N-P219-P23-P219-601532 3.702 4.460 -4.738 1.226
YTKRROIQPFCOAQ-UHFFFAOYSA-N-P23-P23-P219-601532 4.312 4.258 -4.518 1.041
MJVSELROJJTCPX-UHFFFAOYSA-N-P23-P23-P219-601532 4.805 4.590 -4.868 1.649
YJDKRSPDZYPTOC-UHFFFAOYSA-N-P23-P23-P219-601532 4.822 4.581 -4.908 1.524
VQTHBDRTXKSOHQ-UHFFFAOYSA-N-P219-P23-P219-601532 4.920 4.598 -4.771 1.669
VTCBAVSVTYAYGW-UHFFFAOYSA-N-P23-P23-P219-601532 5.226 4.984 -4.980 1.219
AQMHDPRCGHPQKR-UHFFFAOYSA-N-P219-P23-P219-601532 5.006 4.678 -4.336 2.145
YFOCARRJPLCREN-UHFFFAOYSA-N-P23-P23-P219-601532 4.861 4.663 -4.152 0.816
FNEUKPAHRFZVKX-UHFFFAOYSA-N-P23-P23-P219-601532 4.704 4.578 -4.865 0.908
SETLSIKNPDREIJ-UHFFFAOYSA-N-P35-P7-P35-601532 5.207 5.224 -4.459 1.726
KJXFTECPLAPHBP-UHFFFAOYSA-N-P7-P7-P35-601532 5.514 5.284 -7.127 1.085
XWWBLSVQEDACCV-UHFFFAOYSA-N-P35-P7-P35-601532 5.423 5.529 -6.803 1.310
WJAXPHLZUJRINP-UHFFFAOYSA-N-P7-P7-P35-601532 5.816 5.576 -6.502 0.575
OBZJDFRZHIPBFI-UHFFFAOYSA-N-P35-P7-P35-601532 5.469 5.412 -5.981 1.469
HHVOTRASIGVYAO-UHFFFAOYSA-N-P7-P7-P35-601532 5.007 5.036 -4.069 1.941
SZCYIYWXOFTFLN-UHFFFAOYSA-N-P7-P7-P35-601532 4.981 4.797 -4.928 1.316
QGGGNLBFBKHTNJ-UHFFFAOYSA-N-P35-P7-P35-601532 5.197 5.108 -4.787 0.890
IXUQILWYTHQCGX-UHFFFAOYSA-N-P35-P7-P35-601532 5.135 5.352 -4.633 1.484
CBQZGEMQTNAPAQ-UHFFFAOYSA-N-P7-P7-P35-601532 5.449 5.354 -5.792 2.086
MCBPQFSODJBRJI-UHFFFAOYSA-N-P64-P64-P84-601532 4.359 4.384 -6.515 0.467
NZLVGEBVZYVMCP-UHFFFAOYSA-N-P64-P64-P84-601532 5.076 4.894 -5.828 0.540
JCWZHSLHSGJAIH-UHFFFAOYSA-N-P64-P64-P84-601532 4.798 4.564 -5.428 0.790
MZAVMXSHWNHJCS-UHFFFAOYSA-N-P64-P64-P84-601532 4.346 4.282 -6.314 0.760
IGSFYKTWGJKWPO-UHFFFAOYSA-N-P84-P64-P84-601532 4.526 4.378 -5.935 1.080
QWHZXVIJCJVPSM-UHFFFAOYSA-N-P64-P64-P84-601532 4.846 4.544 -5.322 0.947
IXQLMVZGVXBGIR-UHFFFAOYSA-N-P64-P64-P84-601532 5.091 4.913 -6.521 0.373
AHOVIYFAVBCLQX-UHFFFAOYSA-N-P84-P64-P84-601532 5.196 5.038 -5.985 0.569
YDSSBYHSJOFZNR-UHFFFAOYSA-N-P84-P64-P84-601532 4.977 4.519 -5.173 0.748
VLONOIJEMXLXJV-UHFFFAOYSA-N-P64-P64-P84-601532 5.146 5.115 -4.963 2.105
KJZZHNXCMGIAHM-UHFFFAOYSA-N-P64-P64-P84-601532 4.862 4.437 -5.871 1.695
JPRRVFLGTZSFFA-UHFFFAOYSA-N-P64-P64-P84-601532 5.108 5.103 -5.567 0.454
CMNXVPKWMYVWIN-UHFFFAOYSA-N-P84-P64-P84-601532 4.706 4.634 -6.456 0.621
DDDFPKJWUVENTE-UHFFFAOYSA-N-P64-P64-P84-601532 5.045 4.651 -5.384 0.847
NEVNSZIOHAQAPB-UHFFFAOYSA-N-P64-P64-P84-601532 5.265 5.136 -6.438 1.000
STPHOHFHKMCHIK-UHFFFAOYSA-N-P64-P64-P84-601532 4.482 4.567 -6.770 0.566
OYTQUPGJRBEEJL-UHFFFAOYSA-N-P64-P64-P84-601532 4.911 4.614 -4.949 0.977
RRROGAUZQSHKIE-UHFFFAOYSA-N-P84-P64-P84-601532 4.524 4.293 -5.767 0.601
FMKPNEJKJJOERM-UHFFFAOYSA-N-P64-P64-P84-601532 5.119 4.938 -6.024 0.651
LFZLVJRAGNTIRO-UHFFFAOYSA-N-P84-P64-P84-601532 5.125 4.754 -4.571 1.460
AZTQAFUSHHRJFX-UHFFFAOYSA-N-P64-P64-P84-601532 5.375 5.135 -5.882 0.778
LORGLECSAUROMB-UHFFFAOYSA-N-P64-P64-P84-601532 5.066 5.050 -5.599 0.356
YWRWSPLRFAWENM-UHFFFAOYSA-N-P64-P64-P84-601532 4.768 4.500 -4.733 0.891
SDFGNVOKRFHYRN-UHFFFAOYSA-N-P64-P64-P84-601532 5.273 5.042 -5.863 0.758
IASQVUKFZGDYCG-UHFFFAOYSA-N-P64-P64-P84-601532 5.254 5.342 -5.718 0.542
SJHVVSLSHOUOQQ-UHFFFAOYSA-N-P64-P64-P84-601532 5.046 4.792 -4.758 1.547
AUYWKGFDYAPFIA-UHFFFAOYSA-N-P64-P64-P84-601532 4.795 4.878 -6.044 0.663
YZLLXYVUCNZPFI-UHFFFAOYSA-N-P64-P64-P84-601532 5.326 5.336 -6.251 0.256
BHWMSWMCURKTQV-UHFFFAOYSA-N-P84-P64-P84-601532 5.417 4.685 -6.020 1.498
NVVOPHGXZRPZAE-UHFFFAOYSA-N-P84-P64-P84-601532 5.358 4.929 -5.707 1.189
CVERCPZYBCZHAV-UHFFFAOYSA-N-P84-P64-P84-601532 5.075 4.833 -4.942 0.481
RXFXLIGKNPWZEU-UHFFFAOYSA-N-P64-P64-P84-601532 5.104 4.986 -6.373 0.341
HBEOJOGVRQHHHO-UHFFFAOYSA-N-P64-P64-P84-601532 4.817 4.731 -5.242 0.341
CXXSNKIQBXGUPK-UHFFFAOYSA-N-P84-P64-P84-601532 4.835 4.201 -5.730 2.057
AWQVOEMDIRTPMF-UHFFFAOYSA-N-P84-P64-P84-601532 5.097 4.753 -6.413 1.028
QANJBGVJPQMBOO-UHFFFAOYSA-N-P84-P64-P84-601532 5.165 4.570 -5.846 0.964
GGOGPUPFVSMNRC-UHFFFAOYSA-N-P64-P64-P84-601532 4.981 4.883 -6.262 1.214
QJMSVPDAUGCZEE-UHFFFAOYSA-N-P84-P64-P84-601532 5.321 5.258 -5.209 0.632
KVGNAVJXYYFSQW-UHFFFAOYSA-N-P84-P64-P84-601532 5.033 4.855 -6.131 0.751
HUVBPKQGNVYKQR-UHFFFAOYSA-N-P84-P64-P84-601532 5.487 4.914 -6.392 0.814
WPNZALSTKGMWBK-UHFFFAOYSA-N-P64-P64-P84-601532 4.916 4.798 -7.159 1.638
OAMOYNVEQGZZND-UHFFFAOYSA-N-P64-P64-P84-601532 4.675 4.339 -6.580 1.514
LIOHVDFZLFOHLG-UHFFFAOYSA-N-P64-P64-P84-601532 4.663 4.607 -6.451 0.679
QMGIPXCCMZYXET-UHFFFAOYSA-N-P64-P64-P84-601532 4.950 4.641 -6.264 0.969
YIKDAFPOVURDNN-UHFFFAOYSA-N-P64-P64-P84-601532 5.191 5.095 -5.962 1.287
NZYSKMPUCHYIGK-UHFFFAOYSA-N-P84-P64-P84-601532 5.097 5.160 -6.337 0.818
IDDIYYMNXDMDDC-UHFFFAOYSA-N-P84-P64-P84-601532 4.928 4.678 -5.253 1.139
KLIQMTUFDMEVKT-UHFFFAOYSA-N-P84-P64-P84-601532 5.381 5.298 -6.777 0.338
NMMJHQNOTVKXNC-UHFFFAOYSA-N-P84-P64-P84-601532 4.923 4.668 -5.139 0.965
YFYNLTOCPKVLGH-UHFFFAOYSA-N-P64-P64-P84-601532 5.059 4.445 -6.015 1.745
RAKLAQHYJWVCOX-UHFFFAOYSA-N-P64-P64-P84-601532 5.248 5.155 -5.810 0.968
AAIJIQCMMJRTAY-UHFFFAOYSA-N-P84-P64-P84-601532 4.790 4.601 -5.996 0.915
FBTMZSFIIMRHRQ-UHFFFAOYSA-N-P64-P64-P84-601532 5.113 4.864 -4.852 1.040
BWYRRLQKLKXMFI-UHFFFAOYSA-N-P64-P64-P84-601532 5.456 5.012 -6.603 0.627
AFHGPVANGKREIS-UHFFFAOYSA-N-P84-P64-P84-601532 5.063 4.753 -6.249 0.713
MRUHXPVGOQAMJQ-UHFFFAOYSA-N-P84-P64-P84-601532 4.785 4.614 -6.575 0.591
ADPGZCMRXPFASA-UHFFFAOYSA-N-P64-P64-P84-601532 5.193 4.753 -5.525 0.982
FBOTVMTYEZRJCL-UHFFFAOYSA-N-P64-P64-P84-601532 5.610 5.432 -6.802 0.643
DMXCQXGUHOSVDW-UHFFFAOYSA-N-P84-P64-P84-601532 5.160 5.045 -7.001 0.339
CNSABFMNDVPGQJ-UHFFFAOYSA-N-P64-P64-P84-601532 5.249 5.204 -7.228 0.413
VDRYLIAXVRWTPO-UHFFFAOYSA-N-P64-P64-P84-601532 5.439 5.306 -6.506 0.563
PYHCEOYYJYWMHT-UHFFFAOYSA-N-P84-P64-P84-601532 5.384 5.030 -6.239 0.680
QDBBLUDNEHYNNX-UHFFFAOYSA-N-P84-P64-P84-601532 5.453 4.842 -5.354 0.994
FXXHGKDZJOFNEU-UHFFFAOYSA-N-P84-P64-P84-601532 5.255 4.843 -6.149 1.145
OWTJDCBNFSPIFO-UHFFFAOYSA-N-P64-P64-P84-601532 5.306 5.318 -6.020 2.878
ZXDGVQGYBOTGJB-UHFFFAOYSA-N-P64-P64-P84-601532 5.140 4.881 -5.368 0.974
JWRRYVZDRLDRDN-UHFFFAOYSA-N-P84-P64-P84-601532 5.097 4.751 -6.394 1.158
SZMGJEHWYYQCNK-UHFFFAOYSA-N-P64-P64-P84-601532 5.128 4.807 -6.159 1.552
SULAOQZLZJXNEQ-UHFFFAOYSA-N-P84-P64-P84-601532 5.117 4.988 -6.716 1.242
FZCIDINPEATDIT-UHFFFAOYSA-N-P84-P64-P84-601532 5.487 5.246 -7.740 1.545
HCHHBITZWBRPAW-UHFFFAOYSA-N-P84-P64-P84-601532 5.402 5.240 -5.128 1.182
YAIWHTVZMLPWNQ-UHFFFAOYSA-N-P84-P64-P84-601532 5.384 5.072 -6.509 0.494
NCHRSCPONSIZJC-UHFFFAOYSA-N-P84-P64-P84-601532 5.140 4.797 -6.757 1.077
NQMWEWPDNPCBCH-UHFFFAOYSA-N-P84-P64-P84-601532 5.347 4.722 -5.904 0.901
AIDBSEPTFLEFCA-UHFFFAOYSA-N-P84-P64-P84-601532 5.462 4.989 -5.986 0.934
RHJUNSNFNRVQSB-UHFFFAOYSA-N-P64-P64-P84-601532 5.635 5.033 -6.641 2.593
XWDXKTRIFNAKHJ-UHFFFAOYSA-N-P84-P64-P84-601532 5.397 5.173 -6.393 1.616
KUBJCMJOZFCRPI-UHFFFAOYSA-N-P64-P64-P84-601532 5.081 5.011 -6.793 1.156
HCGXCZSICZDBQJ-UHFFFAOYSA-N-P64-P64-P84-601532 5.612 5.488 -6.344 1.151
PZALTQWIGXCNMR-UHFFFAOYSA-N-P64-P64-P84-601532 5.400 5.499 -6.422 0.620
AMNBQFXKOMBFDT-UHFFFAOYSA-N-P64-P64-P84-601532 5.546 5.423 -6.508 0.465
HQADRXOFEUVWAT-UHFFFAOYSA-N-P84-P64-P84-601532 5.776 4.990 -6.437 1.260
CLTOEDHRMKDURM-UHFFFAOYSA-N-P84-P64-P84-601532 5.634 5.143 -5.465 1.488
MKKSWMAQGLPMOT-UHFFFAOYSA-N-P64-P64-P84-601532 5.374 4.992 -5.968 1.442
RFRRUFYRSJFITL-UHFFFAOYSA-N-P84-P64-P84-601532 5.319 5.385 -6.492 1.063
GFZLQZUAHWQRAF-UHFFFAOYSA-N-P84-P64-P84-601532 5.587 5.124 -6.131 1.255
BASCXKJIMFLERD-UHFFFAOYSA-N-P84-P64-P84-601532 5.104 5.153 -7.034 0.595
CWUMBFJCFZYXEH-UHFFFAOYSA-N-P84-P64-P84-601532 5.609 5.623 -7.234 0.423
VKVMVEGFTDMWNL-UHFFFAOYSA-N-P219-P8-P219-601532 4.781 4.860 -6.082 0.901
CWHWXFMHANARRZ-UHFFFAOYSA-N-P8-P8-P219-601532 4.691 4.539 -6.234 0.880
SVTXBPPDEGSXAD-UHFFFAOYSA-N-P8-P8-P219-601532 4.996 4.775 -6.103 0.764
RSEMZJGKECFNRA-UHFFFAOYSA-N-P219-P8-P219-601532 4.814 4.808 -5.888 0.336
FROAAJPQGBCDLY-UHFFFAOYSA-N-P8-P8-P219-601532 4.546 4.592 -5.774 2.154
JYAYXWRMFWEALC-UHFFFAOYSA-N-P219-P8-P219-601532 5.041 5.274 -5.962 0.845
WZXYOJBTBUEEBR-UHFFFAOYSA-N-P8-P8-P219-601532 4.470 4.395 -5.512 0.578
PLWOQKUAHGZKNS-UHFFFAOYSA-N-P219-P8-P219-601532 5.074 5.107 -5.814 0.815
CRCDSJDOMNBHJN-UHFFFAOYSA-N-P219-P8-P219-601532 5.131 5.211 -6.280 0.674
BOLAQOOMFSEYIJ-UHFFFAOYSA-N-P219-P8-P219-601532 4.928 5.112 -6.395 1.548
RSBHLNCHAVRNGO-UHFFFAOYSA-N-P8-P8-P219-601532 5.099 5.182 -6.582 0.635
KCQCKPCBCYJMGM-UHFFFAOYSA-N-P219-P8-P219-601532 5.108 5.072 -5.956 0.782
AASCGGAPVZVAJP-UHFFFAOYSA-N-P219-P8-P219-601532 5.170 5.287 -6.348 1.345
LMCXEXCSVXKWSC-UHFFFAOYSA-N-P8-P8-P219-601532 4.545 4.753 -5.706 1.634
YMYUHKKJRUPVRQ-UHFFFAOYSA-N-P8-P8-P219-601532 5.178 5.003 -6.827 1.324
PLXZHCBAMGBBPY-UHFFFAOYSA-N-P8-P8-P219-601533 5.021 4.975 -6.686 0.285
IZRLLYVVVVRYJX-UHFFFAOYSA-N-P219-P8-P219-601533 5.163 5.523 -6.633 1.759
YZTHMSBEOLVCHU-UHFFFAOYSA-N-P219-P8-P219-601533 5.083 4.987 -5.911 0.293
BJFGDJPQRFNEJH-UHFFFAOYSA-N-P219-P8-P219-601533 5.306 5.562 -6.389 1.127
SNTZPWWZEAYXOR-UHFFFAOYSA-N-P219-P8-P219-601533 5.260 5.198 -6.486 0.459
LOZRMXPRVTXOFM-UHFFFAOYSA-N-P8-P8-P219-601533 5.450 5.365 -6.081 0.940
YYOTWMJSMWDHFW-UHFFFAOYSA-N-P8-P8-P219-601533 5.339 5.180 -5.600 0.807
MNZYBYDMNKJPAG-UHFFFAOYSA-N-P8-P8-P219-601533 5.284 5.055 -6.320 0.438
ZWAAIRGHKBCJDS-UHFFFAOYSA-N-P8-P8-P219-601533 5.290 5.385 -6.295 1.154
LHUPODUYUFEURF-UHFFFAOYSA-N-P8-P8-P219-601533 5.349 5.306 -6.132 0.705
LDVFVBSODIABKD-UHFFFAOYSA-N-P219-P8-P219-601533 5.223 5.328 -5.973 1.034
KLPUMBGGDBCLGA-UHFFFAOYSA-N-P219-P8-P219-601533 5.202 5.394 -6.483 1.252
UUHCJJJCCJICKZ-UHFFFAOYSA-N-P219-P8-P219-601533 5.068 5.160 -5.525 0.738
XOUHWTKPSUTJRL-UHFFFAOYSA-N-P219-P8-P219-601533 5.164 5.234 -6.860 1.198
BTIXGPDDNNVIHB-UHFFFAOYSA-N-P8-P8-P219-601533 4.964 4.563 -5.283 1.261
JIEKJDNEXPMDSE-UHFFFAOYSA-N-P8-P8-P219-601533 5.032 4.840 -4.806 1.151
PHZLCWXQSMEQIO-UHFFFAOYSA-N-P8-P8-P219-601533 5.375 5.387 -6.957 0.977
OZYJVXLZCPUSHG-UHFFFAOYSA-N-P8-P8-P219-601533 5.542 5.610 -6.428 0.727
COWDGMKWJZKWFQ-UHFFFAOYSA-N-P8-P8-P219-601533 5.459 5.544 -5.951 0.846
DUUMRQASHAGBPR-UHFFFAOYSA-N-P219-P8-P219-601533 5.637 5.513 -6.250 0.548
DTSZTSLADXBAQX-UHFFFAOYSA-N-P8-P8-P219-601533 5.135 5.015 -5.252 0.734
RGRBYEWLPZNHOB-UHFFFAOYSA-N-P8-P8-P219-601533 5.173 4.993 -5.911 1.003
ZBJVVMNSRWZHCY-UHFFFAOYSA-N-P8-P8-P219-601533 5.126 5.125 -4.992 2.150
AIBJTPGVWJPXJY-UHFFFAOYSA-N-P8-P8-P219-601533 5.170 5.195 -5.030 1.115
BSGVJMBQOVAGKG-UHFFFAOYSA-N-P8-P8-P219-601533 4.665 4.625 -4.719 0.805
AICKTRLKZOIBRM-UHFFFAOYSA-N-P8-P8-P219-601533 4.881 4.777 -5.354 0.536
QCVZTDAEIDTKDM-UHFFFAOYSA-N-P8-P8-P219-601533 4.926 4.853 -5.392 0.529
XEOFVWINQKJJJA-UHFFFAOYSA-N-P8-P8-P219-601533 5.036 4.576 -5.467 2.065
ZNPVFOHYSSSHEC-UHFFFAOYSA-N-P8-P8-P219-601533 5.121 4.659 -5.762 1.851
KYVVPCUFSRLNRP-UHFFFAOYSA-N-P8-P8-P219-601533 5.097 4.602 -5.628 1.881
FGSVDHMRGLRHFZ-UHFFFAOYSA-N-P8-P8-P219-601533 4.779 4.754 -5.820 0.405
KOCADZNPLZUKHW-UHFFFAOYSA-N-P8-P8-P219-601533 4.828 4.548 -5.723 1.698
JIPPZYDZNLEPGC-UHFFFAOYSA-N-P8-P8-P219-601533 4.897 4.554 -5.917 1.387
PXIIUKZXJHQKAI-UHFFFAOYSA-N-P8-P8-P219-601533 4.821 4.606 -5.652 0.941
PRSWXBZCCXOPOX-UHFFFAOYSA-N-P8-P8-P219-601533 5.110 4.951 -5.890 1.283
IOPNTKVFDXILGH-UHFFFAOYSA-N-P8-P8-P219-601533 4.969 4.654 -5.584 0.681
ZGCJUFKSHFWHFF-UHFFFAOYSA-N-P8-P8-P219-601533 4.943 4.480 -5.373 1.261
CSQVJIWUTORGEP-UHFFFAOYSA-N-P8-P8-P219-601533 4.914 4.826 -5.513 0.733
SQRFJOWXBUHKAE-UHFFFAOYSA-N-P8-P8-P219-601533 4.904 4.280 -5.459 1.944
GVOZODSQLOZSJJ-UHFFFAOYSA-N-P8-P8-P219-601533 4.930 4.879 -5.309 2.081
NZEJZHMAJQHUBB-UHFFFAOYSA-N-P8-P8-P219-601533 4.626 4.665 -4.942 0.681
MZOHRUNZSBXEOF-UHFFFAOYSA-N-P8-P8-P219-601533 4.915 4.389 -5.576 1.788
MHDDEXOLPKNXES-UHFFFAOYSA-N-P8-P8-P219-601533 4.798 4.458 -5.033 0.751
VRTDQLXRQDUTEP-UHFFFAOYSA-N-P8-P8-P219-601533 4.980 4.709 -5.713 1.039
HCDNCRWIXDHACI-UHFFFAOYSA-N-P8-P8-P219-601533 4.791 4.674 -6.038 1.866
UMMGJOLUZPUUEF-UHFFFAOYSA-N-P8-P8-P219-601533 5.018 4.442 -5.194 2.028
XXYLIUZHCWUKSU-UHFFFAOYSA-N-P8-P8-P219-601533 4.997 5.035 -5.803 1.201
SNXVPGCGZMFLGI-UHFFFAOYSA-N-P8-P8-P219-601533 4.970 4.929 -5.901 1.665
OUYPTARUZBIYBS-UHFFFAOYSA-N-P8-P8-P219-601533 5.003 4.685 -5.644 1.135
HHZSMDDWAZYDGD-UHFFFAOYSA-N-P8-P8-P219-601533 5.026 4.809 -5.703 0.602
VQFOAKPFTOQCCI-UHFFFAOYSA-N-P8-P8-P219-601533 4.944 4.879 -5.078 0.521
GPZFLSVJXNGDRR-UHFFFAOYSA-N-P8-P8-P219-601533 4.890 4.577 -5.896 0.888
WCLYJMNPVCUJMS-UHFFFAOYSA-N-P8-P8-P219-601533 4.902 4.678 -5.702 0.680
DUPQXSVGPBXJGK-UHFFFAOYSA-N-P8-P8-P219-601533 5.062 4.779 -5.713 1.167
FDJPFJVOTUNBQT-UHFFFAOYSA-N-P8-P8-P219-601533 5.019 4.733 -5.870 0.785
GVWLGIONPUGSJX-UHFFFAOYSA-N-P8-P8-P219-601533 4.821 4.774 -6.042 0.592
VDLMHJLCFAOZJU-UHFFFAOYSA-N-P8-P8-P219-601533 4.721 4.679 -5.668 1.452
GNZKZBMCYZMEQK-UHFFFAOYSA-N-P8-P8-P219-601533 5.111 4.810 -5.140 1.136
GQEDKYBQJNHOPD-UHFFFAOYSA-N-P219-P8-P219-601533 5.329 4.733 -5.345 2.177
ALFVCPWUWMYQFP-UHFFFAOYSA-N-P8-P8-P219-601533 5.029 5.010 -5.015 0.742
OPKBBEMTUJITPX-UHFFFAOYSA-N-P8-P8-P219-601533 5.135 4.728 -5.625 1.933
SJXWVLWJWAIIBO-UHFFFAOYSA-N-P8-P8-P219-601533 4.854 4.402 -5.205 2.063
KFWPRHRLOCURLU-UHFFFAOYSA-N-P8-P8-P219-601533 5.012 4.949 -4.934 0.807
HVAYFXSTEUWKID-UHFFFAOYSA-N-P8-P8-P219-601533 4.985 4.535 -5.946 2.461
XRXJIHRWOQHVBY-UHFFFAOYSA-N-P8-P8-P219-601533 5.109 4.635 -6.089 2.011
XIOQBYYDZSJZOK-UHFFFAOYSA-N-P8-P8-P219-601533 5.260 5.033 -5.183 1.690
RTMUABWDYJJDKJ-UHFFFAOYSA-N-P8-P8-P219-601533 5.201 5.026 -5.529 2.136
UDQZCTNLXWRQJP-UHFFFAOYSA-N-P219-P8-P219-601533 5.247 4.785 -5.389 2.516
LJQGHZKELSVOKR-UHFFFAOYSA-N-P8-P8-P219-601533 5.090 4.714 -5.554 2.015
HRMMWSXFARZJJD-UHFFFAOYSA-N-P8-P8-P219-601533 5.037 4.660 -5.304 1.167
ALHGFDXFQZXLJA-UHFFFAOYSA-N-P8-P8-P219-601533 4.993 4.597 -5.396 2.439
NFTSPUYIDUJZOU-UHFFFAOYSA-N-P95-P23-P95-601533 4.621 4.857 -4.944 1.359
PLLJBAZSDFGZLS-UHFFFAOYSA-N-P23-P23-P95-601533 4.343 4.514 -4.587 1.150
WRPMBASQDURZTE-UHFFFAOYSA-N-P23-P23-P95-601533 4.239 4.426 -4.383 1.326
ZKWQTMPOQOGADM-UHFFFAOYSA-N-P23-P23-P95-601533 4.439 4.103 -3.930 1.440
AHULQBWVNJLEHR-UHFFFAOYSA-N-P23-P23-P95-601533 4.577 4.679 -4.699 1.245
HXDOLNPNPKGZIG-UHFFFAOYSA-N-P23-P23-P95-601533 4.691 4.867 -4.944 1.517
QMIJOGIMMMHAAP-UHFFFAOYSA-N-P23-P23-P95-601533 4.191 4.060 -4.192 1.918
QKUJNSRQVVIMMW-UHFFFAOYSA-N-P23-P23-P95-601533 4.648 4.888 -4.972 1.563
GGJZYQNVMGVMSB-UHFFFAOYSA-N-P23-P23-P95-601533 4.577 4.867 -4.612 1.342
ROPZEPIJDBZZLP-UHFFFAOYSA-N-P23-P23-P95-601533 4.366 4.112 -4.145 1.510
BUHJGYJEWGZKDZ-UHFFFAOYSA-N-P95-P23-P95-601533 4.245 4.445 -4.637 1.310
NPGABIAJQSKDPL-UHFFFAOYSA-N-P23-P23-P95-601533 4.625 4.475 -4.156 2.727
OBLRTAWXDPNFMQ-UHFFFAOYSA-N-P23-P23-P95-601533 4.622 4.484 -4.331 1.620
ZPQUHLJPJHQFHX-UHFFFAOYSA-N-P23-P23-P95-601533 4.666 4.376 -3.851 2.159
WUJILQNCTLGCPM-UHFFFAOYSA-N-P23-P23-P95-601533 4.897 5.173 -4.763 1.222
LRCUCOUTSOOFMV-UHFFFAOYSA-N-P95-P23-P95-601533 4.479 4.714 -4.304 1.016
LTZQPAFCBLGLAU-UHFFFAOYSA-N-P23-P23-P95-601533 4.677 4.973 -4.964 1.145
LKDKKGBMRNFPKK-UHFFFAOYSA-N-P23-P23-P95-601533 4.096 4.051 -4.236 2.142
BDZNFKROKPMFCB-UHFFFAOYSA-N-P23-P23-P95-601533 4.551 4.445 -3.864 2.609
RVLQNBRRBAGXBO-UHFFFAOYSA-N-P23-P23-P95-601533 4.702 4.949 -5.168 0.810
YHMCVZYOKIZIHQ-UHFFFAOYSA-N-P23-P23-P95-601533 4.407 4.421 -4.379 2.697
QKTBBTKQUMKVNL-UHFFFAOYSA-N-P23-P23-P95-601533 4.769 4.850 -4.881 1.317
PXVGKNUPHXKPAM-UHFFFAOYSA-N-P23-P23-P95-601533 4.535 4.580 -3.842 2.045
DUJPWIOZDHLOQD-UHFFFAOYSA-N-P23-P23-P95-601533 4.592 4.316 -3.602 1.598
OLZLBINELYDJPV-UHFFFAOYSA-N-P23-P23-P95-601533 4.762 4.849 -4.655 1.669
QMCNLRSVINROMC-UHFFFAOYSA-N-P23-P23-P95-601533 4.502 4.460 -3.777 2.134
OYGJXVVWIXXTJI-UHFFFAOYSA-N-P23-P23-P95-601533 4.664 4.590 -4.070 2.010
OPIJJOWLHUFXKH-UHFFFAOYSA-N-P23-P23-P95-601533 4.817 4.888 -4.853 1.351
BJUBCCWUHOBOBF-UHFFFAOYSA-N-P95-P23-P95-601533 4.547 4.309 -4.465 3.632
DPCBWXTZYMTCHV-UHFFFAOYSA-N-P23-P23-P95-601533 4.626 4.865 -4.145 1.210
GKFLJMQWPGQHQN-UHFFFAOYSA-N-P23-P23-P95-601533 4.867 4.792 -4.300 1.141
HXVJZLNLAJKYDO-UHFFFAOYSA-N-P95-P23-P95-601533 4.607 4.901 -4.811 1.526
QXUAEWPWHNQHBJ-UHFFFAOYSA-N-P23-P23-P95-601533 4.243 4.181 -3.873 1.593
PUTUNEVJNHJCFT-UHFFFAOYSA-N-P23-P23-P95-601533 4.420 4.598 -3.978 2.174
YRYQHHQISOGWQS-UHFFFAOYSA-N-P95-P23-P95-601533 4.776 4.998 -4.334 0.908
KXMOEHBOSOYPEN-UHFFFAOYSA-N-P95-P23-P95-601533 4.901 5.032 -4.843 1.892
NTFGMUXRUDZOMD-UHFFFAOYSA-N-P23-P23-P95-601533 4.617 5.029 -5.040 1.249
VRYSMPGANYTMTK-UHFFFAOYSA-N-P23-P23-P95-601533 4.505 4.510 -4.151 2.960
UQZGXAVJZICWIG-UHFFFAOYSA-N-P23-P23-P95-601533 4.998 5.115 -4.789 1.104
MIDPWUQFBPVRFO-UHFFFAOYSA-N-P95-P23-P95-601533 4.411 4.658 -4.778 1.328
DYNAVDZZNLGHEN-UHFFFAOYSA-N-P23-P23-P95-601533 4.665 4.888 -5.201 1.086
YAVXEIVIDUECSF-UHFFFAOYSA-N-P23-P23-P95-601533 4.578 4.598 -4.697 1.460
UDASSKTUMLKCJD-UHFFFAOYSA-N-P23-P23-P95-601533 4.643 4.984 -4.719 1.446
WBVVORMEDDXDPI-UHFFFAOYSA-N-P23-P23-P95-601533 4.578 4.419 -4.563 2.370
JLMNHZWTCMKPML-UHFFFAOYSA-N-P23-P23-P95-601533 4.787 4.392 -4.071 1.614
NUOZIHOHIRPYCK-UHFFFAOYSA-N-P23-P23-P95-601533 4.562 4.242 -3.842 1.474
FLSOVGDWOUKALP-UHFFFAOYSA-N-P95-P23-P95-601533 4.531 4.684 -3.568 1.889
CMTXTFJCOAESLY-UHFFFAOYSA-N-P23-P23-P95-601533 4.536 4.342 -4.046 2.062
NTYTURJRTZUZDQ-UHFFFAOYSA-N-P95-P23-P95-601533 4.947 4.772 -4.208 2.712
BZJTYKDQOUSLPB-UHFFFAOYSA-N-P95-P23-P95-601533 4.341 4.401 -3.910 1.511
WNNBSWVDZGYUOH-UHFFFAOYSA-N-P23-P23-P95-601533 4.572 4.659 -4.082 1.653
JDHGLMVEMQODTB-UHFFFAOYSA-N-P23-P23-P95-601533 4.599 4.187 -3.729 1.776
FWVGCFNUMVJOOG-UHFFFAOYSA-N-P23-P23-P95-601533 4.810 4.670 -4.044 1.852
DAHMEVQBFWGGJH-UHFFFAOYSA-N-P95-P23-P95-601533 4.646 4.561 -3.753 2.218
GUGCBAKVLDACSO-UHFFFAOYSA-N-P95-P23-P95-601533 4.706 4.634 -3.944 2.194
NVQNXQYWXTYJSB-UHFFFAOYSA-N-P23-P23-P95-601533 4.853 4.535 -3.905 1.410
FXKGNMLJTAJRNO-UHFFFAOYSA-N-P23-P23-P95-601533 4.732 4.737 -3.720 1.608
OBIGQZRNRIZSOO-UHFFFAOYSA-N-P95-P23-P95-601533 4.819 4.643 -4.405 2.916
SZDMLIYBEXUJGJ-UHFFFAOYSA-N-P23-P23-P95-601533 4.665 4.489 -4.096 3.017
ZQCCQDYKSPWVST-UHFFFAOYSA-N-P23-P23-P95-601533 4.820 4.592 -3.747 3.010
LSHSQIAAARIAQC-UHFFFAOYSA-N-P23-P23-P95-601533 4.539 4.242 -3.916 1.296
DSZGWJPLIQGOGL-UHFFFAOYSA-N-P95-P23-P95-601533 4.833 4.686 -3.415 1.252
UZCPOHLGNMVKIU-UHFFFAOYSA-N-P95-P23-P95-601533 4.824 4.488 -4.016 1.275
DDXUTTSFSNUSMP-UHFFFAOYSA-N-P23-P23-P95-601533 4.893 4.676 -2.989 2.295
WNODPNYQJKJOPR-UHFFFAOYSA-N-P95-P23-P95-601533 4.105 4.640 -3.747 2.081
NXEZKRDXHFDLCY-UHFFFAOYSA-N-P23-P23-P95-601533 4.961 4.715 -3.902 2.059
MKWZDUWLLVPOTD-UHFFFAOYSA-N-P23-P23-P95-601533 4.637 4.653 -5.034 4.138
SFVOKCIDPJDAMP-UHFFFAOYSA-N-P23-P23-P95-601533 4.341 4.082 -3.740 1.241
VQIIABMZLNFZNQ-UHFFFAOYSA-N-P23-P23-P95-601533 4.717 4.625 -3.985 2.283
IMPCTUCNXRCNFU-UHFFFAOYSA-N-P95-P23-P95-601533 4.801 4.439 -3.921 1.988
UMIDAMSOKBPVBW-UHFFFAOYSA-N-P23-P23-P95-601533 4.861 4.559 -4.064 1.324
UEMMBJQCWCLAKO-UHFFFAOYSA-N-P23-P23-P95-601533 4.774 4.501 -4.017 1.574
SCGNUKDKAQOTMO-UHFFFAOYSA-N-P95-P23-P95-601533 4.547 4.407 -4.373 1.203
BOYJXZZMAQCYOC-UHFFFAOYSA-N-P95-P23-P95-601533 4.691 4.788 -4.557 2.754
LNNPUXNLUMHPNE-UHFFFAOYSA-N-P23-P23-P95-601533 4.927 4.580 -3.933 1.740
REGUUBGWAIYMAZ-UHFFFAOYSA-N-P23-P23-P95-601533 4.966 4.534 -4.037 1.582
HMQRELJAHUQJBS-UHFFFAOYSA-N-P23-P23-P95-601533 4.804 4.652 -4.430 2.842
XXQXLETUAJGDIT-UHFFFAOYSA-N-P95-P23-P95-601533 4.905 4.675 -4.843 3.356
BIZOEBISERYDEB-UHFFFAOYSA-N-P23-P23-P95-601533 5.047 4.779 -3.988 1.681
IYKXSQMDYZRINN-UHFFFAOYSA-N-P95-P23-P95-601533 4.961 4.853 -4.377 3.242
BNODBAJXPOKZIQ-UHFFFAOYSA-N-P95-P23-P95-601533 4.954 4.737 -3.964 1.911
QGDQKJGSAJOSFO-UHFFFAOYSA-N-P23-P23-P95-601533 4.960 4.689 -3.457 1.950
FIYPMFYLZGNZBN-UHFFFAOYSA-N-P23-P23-P95-601533 5.131 4.821 -4.574 2.188
ALDWKYWAAWIKBX-UHFFFAOYSA-N-P23-P23-P95-601533 4.876 4.808 -5.535 3.923
JZZWJLVHMDSQKY-UHFFFAOYSA-N-P23-P23-P95-601533 5.018 4.723 -4.356 1.415
FUWDBZVPYVTMDA-UHFFFAOYSA-N-P95-P23-P95-601533 5.060 4.736 -4.142 1.300
FBSDNQNLWIGJQZ-UHFFFAOYSA-N-P23-P23-P95-601533 4.957 4.636 -4.381 2.121
WXJVTYIJGGREMO-UHFFFAOYSA-N-P23-P23-P95-601533 5.018 4.638 -4.331 2.411
TXQOWHDUHSMFEP-UHFFFAOYSA-N-P23-P23-P95-601533 4.967 4.606 -4.306 2.592
ZETPDNFSEZYINE-UHFFFAOYSA-N-P23-P23-P95-601533 5.001 4.755 -4.404 2.332
PCKJNGNXBIVYPR-UHFFFAOYSA-N-P95-P23-P95-601533 4.251 4.093 -4.799 2.483
OVMAOUPAEFDQCC-UHFFFAOYSA-N-P95-P23-P95-601533 4.420 4.957 -5.782 3.201
MOPKZHLFVFWFCC-UHFFFAOYSA-N-P23-P23-P95-601533 4.414 4.494 -4.044 1.770
RQEUXLXRBPLMRC-UHFFFAOYSA-N-P23-P23-P95-601533 4.570 4.830 -5.274 2.938
ODDGZKVGHSZVTN-UHFFFAOYSA-N-P95-P23-P95-601533 4.154 4.171 -4.004 1.208
NJZDXLSSWVNGOL-UHFFFAOYSA-N-P95-P23-P95-601533 4.483 4.639 -4.227 2.016
IXCVDVACCBWJGM-UHFFFAOYSA-N-P95-P23-P95-601533 3.598 4.201 -4.448 2.189
MCFMHFGUVOKHQG-UHFFFAOYSA-N-P23-P23-P95-601533 4.485 4.475 -4.946 3.015
IUFQYSNMSKFWED-UHFFFAOYSA-N-P95-P23-P95-601533 4.460 4.641 -4.731 1.804
BACYBYOXZNMZKL-UHFFFAOYSA-N-P23-P23-P95-601533 4.356 4.559 -4.214 1.105
FATFRKGQVWOMGS-UHFFFAOYSA-N-P23-P23-P95-601533 4.512 4.557 -5.048 1.119
ZDEQCFAVAXLXME-UHFFFAOYSA-N-P23-P23-P95-601533 4.641 4.579 -3.716 1.623
BUYNOCCBJGPTAE-UHFFFAOYSA-N-P23-P23-P95-601533 4.721 4.616 -4.799 2.427
ZOAXDYKKENGVNS-UHFFFAOYSA-N-P23-P23-P95-601533 4.438 4.187 -5.523 3.260
VFAITMSDUXUANU-UHFFFAOYSA-N-P23-P23-P95-601533 4.688 4.630 -4.395 1.647
IPKRHOCSXNIEEV-UHFFFAOYSA-N-P95-P23-P95-601533 4.236 4.535 -4.844 2.181
GEBRWSYENMOHII-UHFFFAOYSA-N-P23-P23-P95-601533 4.460 4.318 -5.398 2.569
ZZHFIBATNOSCEU-UHFFFAOYSA-N-P23-P23-P95-601533 4.732 4.457 -5.095 2.759
ODUPZRZCPXBPNQ-UHFFFAOYSA-N-P23-P23-P95-601533 4.468 4.400 -4.183 1.401
NGHFPUAVQNFEBB-UHFFFAOYSA-N-P23-P23-P95-601533 4.421 4.181 -4.429 2.602
YCVUVAVJWYRFPL-UHFFFAOYSA-N-P23-P23-P95-601533 4.556 4.684 -4.149 1.035
CRXDFSMMKAIHJQ-UHFFFAOYSA-N-P95-P23-P95-601533 4.392 4.614 -4.171 2.146
NAGZSLDZBVCFQN-UHFFFAOYSA-N-P95-P23-P95-601533 4.267 4.658 -4.657 2.761
QAPPRCQIDFZKJV-UHFFFAOYSA-N-P95-P23-P95-601533 4.657 4.803 -5.410 1.093
IPLPICXTWUWRAQ-UHFFFAOYSA-N-P23-P23-P95-601533 4.694 4.556 -5.045 2.268
RTZMSYPHKWVHRD-UHFFFAOYSA-N-P95-P23-P95-601533 5.178 4.884 -5.591 1.650
XNPFOQBBJDJVBK-UHFFFAOYSA-N-P23-P23-P95-601533 5.018 4.774 -4.003 2.139
SINUWWGYSQHHAS-UHFFFAOYSA-N-P95-P23-P95-601533 4.866 4.700 -3.748 1.826
WWAZLJIGGZFMPP-UHFFFAOYSA-N-P23-P23-P95-601533 4.939 5.037 -5.171 1.404
ZWOSEAGSTFGXMP-UHFFFAOYSA-N-P95-P23-P95-601533 4.897 4.386 -6.507 1.628
WSHRCOAQGKZFLK-UHFFFAOYSA-N-P23-P23-P95-601533 5.136 5.219 -5.865 1.524
SKFVKGIWIKPGGJ-UHFFFAOYSA-N-P23-P23-P95-601533 4.722 4.716 -4.806 2.633
VQZRMIAAWUVYBK-UHFFFAOYSA-N-P95-P23-P95-601533 5.194 4.722 -6.338 3.060
NUEHWXLATQHZNL-UHFFFAOYSA-N-P95-P23-P95-601533 4.476 4.842 -3.255 1.713
DHQZAOXORUTUQJ-UHFFFAOYSA-N-P23-P23-P95-601533 5.251 4.869 -5.502 2.309
SHYKBVKWGYZFCF-UHFFFAOYSA-N-P23-P23-P95-601533 5.316 5.453 -6.301 1.168
HFWDSFQKVYSZLA-UHFFFAOYSA-N-P95-P23-P95-601533 4.964 4.923 -5.158 1.679
FUUPKOYJRGKDFS-UHFFFAOYSA-N-P23-P23-P95-601533 5.386 4.928 -5.741 2.034
DAJSAETUKQBYHO-UHFFFAOYSA-N-P95-P23-P95-601533 5.090 4.895 -5.357 0.941
SSHBOQAHIAHAKL-UHFFFAOYSA-N-P23-P23-P95-601533 5.036 5.293 -7.154 2.769
PEBJOTXRPJJWDI-UHFFFAOYSA-N-P23-P23-P95-601533 5.032 4.797 -5.667 2.532
UJANUOKGDOITBE-UHFFFAOYSA-N-P23-P23-P95-601533 4.620 5.021 -5.299 1.852
BRUHSFZSKRXSQU-UHFFFAOYSA-N-P23-P23-P95-601533 5.459 5.617 -5.290 1.168
CFWDOCDVIHDVBR-UHFFFAOYSA-N-P23-P23-P95-601533 5.066 5.436 -6.399 0.937
HNCACCDAGDXNFW-UHFFFAOYSA-N-P23-P23-P95-601533 5.009 4.764 -5.858 2.339
ZYXQALLGCXQQIU-UHFFFAOYSA-N-P34-P34-P48-601533 4.721 5.209 -5.716 2.648
FVZSVLGEJTVFLW-UHFFFAOYSA-N-P34-P34-P48-601533 5.663 5.743 -5.595 1.547
JYRBZOQFRCNYRV-UHFFFAOYSA-N-P34-P34-P48-601533 6.135 5.461 -5.172 1.556
ADBBOGGISJBTID-UHFFFAOYSA-N-P86-P50-P86-601533 5.267 5.360 -7.214 1.034
XOWHQAOCTKFAFG-UHFFFAOYSA-N-P86-P50-P86-601533 5.129 5.356 -7.438 1.768
LSJJMWRUFNQSRH-UHFFFAOYSA-N-P86-P50-P86-601533 5.445 5.711 -6.638 1.155
PSCPOQAOTZVTEO-UHFFFAOYSA-N-P86-P50-P86-601533 5.295 5.470 -6.233 0.952
CAXAZFJOEXXVAL-UHFFFAOYSA-N-P50-P50-P86-601533 5.182 5.617 -6.459 0.944
AGUBERUTAHLOKR-UHFFFAOYSA-N-P50-P50-P86-601533 5.020 5.261 -7.445 1.343
IBRLIROKMQCCIQ-UHFFFAOYSA-N-P50-P50-P86-601533 5.343 5.467 -7.111 1.076
OOAVIUNEZBAYNS-UHFFFAOYSA-N-P50-P50-P86-601533 4.449 4.826 -4.963 1.740
QRMYKPOZUWAUEC-UHFFFAOYSA-N-P50-P50-P86-601533 5.129 5.199 -7.078 1.694
VNIQYZAZOYQUQV-UHFFFAOYSA-N-P50-P50-P86-601533 4.986 5.202 -6.795 1.392
FCWKHIQDETXNJV-UHFFFAOYSA-N-P86-P50-P86-601533 5.200 5.322 -6.805 0.749
WCDXDBHATYGOQI-UHFFFAOYSA-N-P50-P50-P86-601533 5.062 5.367 -6.349 0.630
ZYGUEEAUHSUHPR-UHFFFAOYSA-N-P50-P50-P86-601533 4.866 5.066 -5.318 2.192
WLTVLYHBGSCGRT-UHFFFAOYSA-N-P86-P50-P86-601533 5.007 5.278 -6.583 0.902
ZWMLYPJPWSFVOI-UHFFFAOYSA-N-P50-P50-P86-601533 4.989 5.294 -6.467 1.017
JKYYVCVUVQEYJQ-UHFFFAOYSA-N-P50-P50-P86-601533 5.261 5.474 -7.042 0.963
KQBMHULPCUPHAV-UHFFFAOYSA-N-P86-P50-P86-601533 5.172 5.247 -6.879 0.822
VYNLNLLLXUIECZ-UHFFFAOYSA-N-P50-P50-P86-601533 4.968 5.301 -6.085 1.220
FFUUOXUZVDFSDL-UHFFFAOYSA-N-P50-P50-P86-601533 5.328 5.646 -6.550 0.979
GTQNMOVIJQCZRL-UHFFFAOYSA-N-P86-P50-P86-601533 5.219 5.545 -6.550 0.976
XIYUPBDCWLBLKX-UHFFFAOYSA-N-P50-P50-P86-601533 4.823 4.994 -4.896 2.169
DXWFGUGMDFNMGJ-UHFFFAOYSA-N-P50-P50-P86-601533 5.452 5.713 -7.082 0.961
IBKQHWBSOBDVSK-UHFFFAOYSA-N-P86-P50-P86-601533 5.455 5.492 -7.068 0.671
RDYWZXXUPCIRQJ-UHFFFAOYSA-N-P50-P50-P86-601533 5.400 5.343 -6.951 0.677
KGXXIGJEHBDLPV-UHFFFAOYSA-N-P50-P50-P86-601533 4.440 4.722 -5.078 2.211
JANQUOLVGKRIQT-UHFFFAOYSA-N-P86-P50-P86-601533 5.130 5.503 -6.944 0.836
XOALDPZBOKTZPA-UHFFFAOYSA-N-P86-P50-P86-601533 5.341 5.542 -7.801 0.882
XBCNFFBTBBBCNJ-UHFFFAOYSA-N-P50-P50-P86-601533 4.891 5.065 -5.302 2.171
UOLPHLPBKDHASG-UHFFFAOYSA-N-P50-P50-P86-601533 5.478 5.697 -6.777 1.009
XZYIKVGADODDSA-UHFFFAOYSA-N-P50-P50-P86-601533 5.157 5.499 -6.299 1.025
CWLWYBOFALPBLF-UHFFFAOYSA-N-P50-P50-P86-601533 5.037 5.192 -7.405 1.152
OGRXNTAIXWYPMP-UHFFFAOYSA-N-P86-P50-P86-601533 4.735 4.772 -4.363 0.713
RDMGYVFSNPFIJL-UHFFFAOYSA-N-P50-P50-P86-601533 4.923 5.118 -6.623 1.079
ATWQBKJFKUMOKR-UHFFFAOYSA-N-P86-P50-P86-601533 5.216 5.546 -7.558 1.343
AEMDLGVMSBSKGR-UHFFFAOYSA-N-P50-P50-P86-601533 5.260 5.287 -7.426 2.054
HYJBWXNVGIZBPW-UHFFFAOYSA-N-P50-P50-P86-601533 4.889 5.129 -4.861 2.268
JLZOZOMOJGASJC-UHFFFAOYSA-N-P50-P50-P86-601533 5.540 5.734 -7.173 1.063
OLHIZJPLHJEPOM-UHFFFAOYSA-N-P50-P50-P86-601533 4.858 4.988 -4.832 2.331
IRTMISOSPAECSX-UHFFFAOYSA-N-P86-P50-P86-601533 5.179 5.476 -6.971 0.661
XEOJZVNQNINIII-UHFFFAOYSA-N-P50-P50-P86-601533 5.208 5.385 -7.120 1.446
USDCODYWEPYOAQ-UHFFFAOYSA-N-P86-P50-P86-601533 5.192 5.335 -6.631 0.971
CAICZHLEMFLSIC-UHFFFAOYSA-N-P50-P50-P86-601533 5.621 5.909 -6.700 0.962
FOXXVKRVGUGGDK-UHFFFAOYSA-N-P50-P50-P86-601533 5.483 5.731 -6.823 1.022
CZSRMTNOGIXYNZ-UHFFFAOYSA-N-P50-P50-P86-601533 4.978 5.064 -4.769 1.944
COIKOJBAWAUJMO-UHFFFAOYSA-N-P50-P50-P86-601533 5.408 5.570 -7.094 1.007
VULNQLMTZUITSG-UHFFFAOYSA-N-P86-P50-P86-601533 5.212 5.323 -7.393 0.608
UANSVNMLWVDQQH-UHFFFAOYSA-N-P86-P50-P86-601533 4.981 4.845 -4.808 1.701
GVXHEIQKPSDQDJ-UHFFFAOYSA-N-P50-P50-P86-601533 5.361 5.520 -7.332 1.305
NVLLWYPYPATZNK-UHFFFAOYSA-N-P50-P50-P86-601533 5.099 5.395 -7.559 1.534
JYADDJQKLSTADP-UHFFFAOYSA-N-P50-P50-P86-601533 5.127 5.217 -7.404 1.871
QXVRKSUHRBIKLU-UHFFFAOYSA-N-P50-P50-P86-601533 4.624 4.780 -5.273 2.732
VUUUCDOSMAFTQX-UHFFFAOYSA-N-P86-P50-P86-601533 5.386 5.479 -6.929 0.995
RVIWUVVBOYFDOL-UHFFFAOYSA-N-P86-P50-P86-601533 5.245 5.490 -6.730 0.929
CKAOJEMBZHXZHT-UHFFFAOYSA-N-P50-P50-P86-601534 5.373 5.516 -5.885 1.299
VPDSKLVRXQLMIM-UHFFFAOYSA-N-P86-P50-P86-601534 5.110 5.026 -4.932 0.579
DPSDKAQJOUGQKH-UHFFFAOYSA-N-P86-P50-P86-601534 5.131 5.317 -5.379 0.732
LXBRVSFOBDXXDM-UHFFFAOYSA-N-P86-P50-P86-601534 4.536 5.282 -4.718 1.541
GZMFYDIZIUPIOY-UHFFFAOYSA-N-P50-P50-P86-601534 4.799 5.076 -5.520 1.520
HSJGTPKQHPVQRX-UHFFFAOYSA-N-P50-P50-P86-601534 4.732 4.527 -4.591 1.779
FJWHPBPZRAJQEQ-UHFFFAOYSA-N-P50-P50-P86-601534 5.086 5.182 -5.342 1.017
AKLLCKCTCQFIHT-UHFFFAOYSA-N-P50-P50-P86-601534 5.217 5.201 -5.400 0.452
GTEZXPMPUZLWBU-UHFFFAOYSA-N-P86-P50-P86-601534 4.951 5.101 -6.293 1.149
LUDZHANZKOMMBD-UHFFFAOYSA-N-P50-P50-P86-601534 5.265 5.226 -5.863 1.067
NSBQCHINEFYSJD-UHFFFAOYSA-N-P50-P50-P86-601534 5.283 5.428 -5.939 1.167
YRSVEZVWVCQUNX-UHFFFAOYSA-N-P50-P50-P86-601534 5.297 5.274 -6.129 0.495
SVQFXTZUJVPTHU-UHFFFAOYSA-N-P50-P50-P86-601534 5.154 5.179 -6.554 0.563
QXJQCDRTPOHIMV-UHFFFAOYSA-N-P86-P50-P86-601534 5.194 5.296 -6.063 1.438
HFMJVUIBOCZXRB-UHFFFAOYSA-N-P50-P50-P86-601534 4.657 4.695 -4.016 1.705
GOTKWYOHASSDFS-UHFFFAOYSA-N-P86-P50-P86-601534 5.013 4.969 -6.223 0.513
OYAQKQFEDBNINZ-UHFFFAOYSA-N-P50-P50-P86-601534 5.192 4.879 -6.385 0.820
SZXKAKQUSPRIGL-UHFFFAOYSA-N-P86-P50-P86-601534 4.378 4.983 -5.401 1.337
JEYHQOLVISVCGV-UHFFFAOYSA-N-P86-P50-P86-601534 4.034 4.950 -5.076 1.417
MHFSQZXEZLPIGY-UHFFFAOYSA-N-P86-P50-P86-601534 4.626 4.847 -4.492 0.188
OVYOOYGSCMIMCH-UHFFFAOYSA-N-P86-P50-P86-601534 5.071 4.961 -6.150 0.817
CQSKFJVVODQLSM-UHFFFAOYSA-N-P86-P50-P86-601534 5.287 5.388 -6.779 0.683
HGFCQNFUSSKQKK-UHFFFAOYSA-N-P86-P50-P86-601534 4.164 4.996 -5.289 0.959
GPYIGOFCICNCDY-UHFFFAOYSA-N-P50-P50-P86-601534 5.363 5.339 -6.335 1.251
FOVYIBOJURHHOT-UHFFFAOYSA-N-P86-P50-P86-601534 5.035 5.017 -6.752 0.570
QLAUFHKBNWDLME-UHFFFAOYSA-N-P50-P50-P86-601534 4.429 4.860 -5.483 1.261
BOPFZEOEQJTDKV-UHFFFAOYSA-N-P50-P50-P86-601534 4.859 4.886 -6.771 0.704
UKXWZZQRBPFPJD-UHFFFAOYSA-N-P50-P50-P86-601534 5.356 5.353 -5.801 0.086
ICZUJTBONCAPAN-UHFFFAOYSA-N-P86-P50-P86-601534 4.051 4.988 -5.238 1.371
LQLKQEZXLSNXNM-UHFFFAOYSA-N-P86-P50-P86-601534 5.147 5.377 -6.880 1.125
CZMCTLOSXROXBX-UHFFFAOYSA-N-P50-P50-P86-601534 5.388 5.430 -6.473 1.558
MINZFIZEVHEOOU-UHFFFAOYSA-N-P50-P50-P86-601534 5.152 5.074 -6.135 0.930
TWSSSCDARGUYGF-UHFFFAOYSA-N-P86-P50-P86-601534 5.100 5.149 -6.318 0.760
QOOSTCRVQRJVLY-UHFFFAOYSA-N-P86-P50-P86-601534 5.750 5.104 -5.331 1.328
GJMQNXWXATXSHK-UHFFFAOYSA-N-P86-P50-P86-601534 5.705 5.125 -5.234 1.358
KNPZOHGJELJMHA-UHFFFAOYSA-N-P86-P50-P86-601534 4.625 4.874 -5.189 1.561
AYGISRIVMPCNDV-UHFFFAOYSA-N-P86-P50-P86-601534 5.803 5.158 -5.064 1.256
JVKHOUOBEMMWRQ-UHFFFAOYSA-N-P50-P50-P86-601534 4.978 4.886 -6.359 1.073
