target-names,no-steps,concentration-required-mM,amount-required-uL,batch-tag,reactant-1-1,reactant-2-1,reaction-product-smiles-1,reaction-name-1,reaction-recipe-1,reaction-groupby-column-1
C142804,1,,,,Nc1ccc2c(c1)CNC2=O,O=C(O)c1ccc2c(c1)C1(CCOCC1)C(=O)N2,O=C(Nc1ccc2c(c1)CNC2=O)c1ccc2c(c1)C1(CCOCC1)C(=O)N2,Amidation,,
C142805,1,,,,O=C(O)c1ccc2c(c1)C1(CCOCC1)C(=O)N2,Nc1ccc2c(c1)C(=O)NC2,O=C(Nc1ccc2c(c1)C(=O)NC2)c1ccc2c(c1)C1(CCOCC1)C(=O)N2,Amidation,,
C142806,1,,,,O=C(O)c1ccc2c(c1)C1(CCOCC1)C(=O)N2,CN1Cc2ccc(N)cc2C1=O,CN1Cc2ccc(NC(=O)c3ccc4c(c3)C3(CCOCC3)C(=O)N4)cc2C1=O,Amidation,,
C142808,1,,,,O=C(O)c1ccc2c(c1)C1(CCOCC1)C(=O)N2,Nc1cc2c(cc1F)CNC2=O,O=C(Nc1cc2c(cc1F)CNC2=O)c1ccc2c(c1)C1(CCOCC1)C(=O)N2,Amidation,,
C142809,1,,,,O=C(O)c1ccc2c(c1)C1(CCOCC1)C(=O)N2,CN1Cc2cc(N)ccc2C1=O,CN1Cc2cc(NC(=O)c3ccc4c(c3)C3(CCOCC3)C(=O)N4)ccc2C1=O,Amidation,,
C142810,1,,,,O=C(O)c1ccc2c(c1)C1(CCOCC1)C(=O)N2,Nc1ccc2c(c1)C(=O)NC2=O,O=C(Nc1ccc2c(c1)C(=O)NC2=O)c1ccc2c(c1)C1(CCOCC1)C(=O)N2,Amidation,,
C140042,1,,,,CN(C)Cc1ccsc1C(=O)O,Nc1c(Br)cc(Cl)c2ncccc12,CN(C)Cc1ccsc1C(=O)Nc1c(Br)cc(Cl)c2ncccc12,Amidation,,
C140043,1,,,,CN(C)Cc1ccsc1C(=O)O,Cc1ccnc2c(Cl)ccc(N)c12,Cc1ccnc2c(Cl)ccc(NC(=O)c3sccc3CN(C)C)c12,Amidation,,
C142811,1,,,,O=C(O)c1ccc2c(c1)C1(CCOCC1)C(=O)N2,CN1C(=O)c2ccc(N)cc2C1=O,CN1C(=O)c2ccc(NC(=O)c3ccc4c(c3)C3(CCOCC3)C(=O)N4)cc2C1=O,Amidation,,
C142812,1,,,,O=C(O)c1ccc2c(c1)C1(CCOCC1)C(=O)N2,CN1Cc2cc(N)ccc2C1(C)C,CN1Cc2cc(NC(=O)c3ccc4c(c3)C3(CCOCC3)C(=O)N4)ccc2C1(C)C,Amidation,,
C142814,1,,,,O=C(O)c1ccc2c(c1)C1(CCOCC1)C(=O)N2,COCCCN1Cc2ccc(N)cc2C1,COCCCN1Cc2ccc(NC(=O)c3ccc4c(c3)C3(CCOCC3)C(=O)N4)cc2C1,Amidation,,
C142816,1,,,,O=C(O)c1ccc2c(c1)C1(CCOCC1)C(=O)N2,CC(C)CCN1Cc2ccc(N)cc2C1,CC(C)CCN1Cc2ccc(NC(=O)c3ccc4c(c3)C3(CCOCC3)C(=O)N4)cc2C1,Amidation,,
C147664,1,,,,CC(C(=O)O)n1c(C(F)(F)F)nc2ccccc21,CC1CC(N)C(=O)O1,CC1CC(NC(=O)C(C)n2c(C(F)(F)F)nc3ccccc32)C(=O)O1,Amidation,,
C142819,1,,,,O=C(O)c1ccc2c(c1)C1(CCOCC1)C(=O)N2,CC(C)(O)CCN1Cc2ccc(N)cc2C1=O,CC(C)(O)CCN1Cc2ccc(NC(=O)c3ccc4c(c3)C3(CCOCC3)C(=O)N4)cc2C1=O,Amidation,,
C142821,1,,,,O=C(O)c1ccc2c(c1)C1(CCOCC1)C(=O)N2,CC(C)c1ccc(N2Cc3ccc(N)cc3C2)cc1,CC(C)c1ccc(N2Cc3ccc(NC(=O)c4ccc5c(c4)C4(CCOCC4)C(=O)N5)cc3C2)cc1,Amidation,,
C142822,1,,,,O=C(O)c1ccc2c(c1)C1(CCOCC1)C(=O)N2,Nc1ccc2c(c1)CN(C1CC(F)CNC1=O)C2=O,O=C(Nc1ccc2c(c1)CN(C1CC(F)CNC1=O)C2=O)c1ccc2c(c1)C1(CCOCC1)C(=O)N2,Amidation,,
C140054,1,,,,O=C(O)c1sccc1OC(F)F,Nc1c(Br)cc(Cl)c2ncccc12,O=C(Nc1c(Br)cc(Cl)c2ncccc12)c1sccc1OC(F)F,Amidation,,
C140055,1,,,,O=C(O)c1sccc1OC(F)F,Cc1ccnc2c(Cl)ccc(N)c12,Cc1ccnc2c(Cl)ccc(NC(=O)c3sccc3OC(F)F)c12,Amidation,,
C142823,1,,,,O=C(O)c1ccc2c(c1)C1(CCOCC1)C(=O)N2,CN1C(=O)CCC(N2Cc3cc(N)ccc3C2=O)C1=O,CN1C(=O)CCC(N2Cc3cc(NC(=O)c4ccc5c(c4)C4(CCOCC4)C(=O)N5)ccc3C2=O)C1=O,Amidation,,
C142825,1,,,,O=C(O)c1ccc2c(c1)C1(CCOCC1)C(=O)N2,CN1C(=O)CCC(N2Cc3ccc(N)cc3C2=O)C1=O,CN1C(=O)CCC(N2Cc3ccc(NC(=O)c4ccc5c(c4)C4(CCOCC4)C(=O)N5)cc3C2=O)C1=O,Amidation,,
C140062,1,,,,COC(=O)c1sccc1C(=O)O,Nc1c(Br)cc(Cl)c2ncccc12,COC(=O)c1sccc1C(=O)Nc1c(Br)cc(Cl)c2ncccc12,Amidation,,
C140095,1,,,,O=C(O)c1scc2c1CCCC2,Cc1ccnc2c(Cl)ccc(N)c12,Cc1ccnc2c(Cl)ccc(NC(=O)c3scc4c3CCCC4)c12,Amidation,,
C147729,1,,,,Cn1c(=O)n(C2CCC(=O)NC2=O)c2cccc(N)c21,Cn1cncc1CC(O)C(=O)O,Cn1cncc1CC(O)C(=O)Nc1cccc2c1n(C)c(=O)n2C1CCC(=O)NC1=O,Amidation,,
C147740,1,,,,C=CCN1C(=O)CCC(O)C1=O,Clc1ccc2[nH]c(C3CCNCC3)cc2c1,C=CCN1C(=O)CCC(N2CCC(c3cc4cc(Cl)ccc4[nH]3)CC2)C1=O,Mitsunobu_reaction_with_amine_alcohol_and_thioalcohol,,
C147742,1,,,,C=CCN1C(=O)CCC(O)C1=O,Cc1ccc2[nH]c(C3CCNCC3)c(C)c2c1,C=CCN1C(=O)CCC(N2CCC(c3[nH]c4ccc(C)cc4c3C)CC2)C1=O,Mitsunobu_reaction_with_amine_alcohol_and_thioalcohol,,
C147183,1,,,,NC12COCC1C2,CC(C)C(C(=O)O)n1cnc2ccccc21,CC(C)C(C(=O)NC12COCC1C2)n1cnc2ccccc21,Amidation,,
C137318,1,,,,O=C(O)c1cc(Br)cc2[nH]c(=O)[nH]c12,CN1CCC(N2CC(N)CC2=O)CC1,CN1CCC(N2CC(NC(=O)c3cc(Br)cc4[nH]c(=O)[nH]c34)CC2=O)CC1,Amidation,,
C137325,1,,,,O=C(O)c1cc(Br)cc2[nH]c(=O)[nH]c12,CN1CCC(N2CCC(N)C2=O)CC1,CN1CCC(N2CCC(NC(=O)c3cc(Br)cc4[nH]c(=O)[nH]c34)C2=O)CC1,Amidation,,
C145344,1,,,,CN1C2CCC1CC(C(=O)O)C2,Cc1cc(C(F)(F)F)nc2[nH]nc(N)c12,Cc1cc(C(F)(F)F)nc2[nH]nc(NC(=O)C3CC4CCC(C3)N4C)c12,Amidation,,
C145345,1,,,,O=C(O)C1CCN2CCCC2C1,Cc1cc(C(F)(F)F)nc2[nH]nc(N)c12,Cc1cc(C(F)(F)F)nc2[nH]nc(NC(=O)C3CCN4CCCC4C3)c12,Amidation,,
C145346,1,,,,O=C(O)C1CC2CC(C1)C(=O)N2,Cc1cc(C(F)(F)F)nc2[nH]nc(N)c12,Cc1cc(C(F)(F)F)nc2[nH]nc(NC(=O)C3CC4CC(C3)C(=O)N4)c12,Amidation,,
C145347,1,,,,O=C1CCC2(CC(C(=O)O)C2)N1,Cc1cc(C(F)(F)F)nc2[nH]nc(N)c12,Cc1cc(C(F)(F)F)nc2[nH]nc(NC(=O)C3CC4(CCC(=O)N4)C3)c12,Amidation,,
C145348,1,,,,O=C(O)C1CC2CCCN2C(=O)N1,Cc1cc(C(F)(F)F)nc2[nH]nc(N)c12,Cc1cc(C(F)(F)F)nc2[nH]nc(NC(=O)C3CC4CCCN4C(=O)N3)c12,Amidation,,
C145353,1,,,,CC(C)N1C2CCC1CC(C(=O)O)C2,Cc1cc(C(F)(F)F)nc2[nH]nc(N)c12,Cc1cc(C(F)(F)F)nc2[nH]nc(NC(=O)C3CC4CCC(C3)N4C(C)C)c12,Amidation,,
C145354,1,,,,CCCN1C2CCC1CC(C(=O)O)C2,Cc1cc(C(F)(F)F)nc2[nH]nc(N)c12,CCCN1C2CCC1CC(C(=O)Nc1n[nH]c3nc(C(F)(F)F)cc(C)c13)C2,Amidation,,
C145355,1,,,,O=C(O)C1CC2CCC(C1)N2C1CC1,Cc1cc(C(F)(F)F)nc2[nH]nc(N)c12,Cc1cc(C(F)(F)F)nc2[nH]nc(NC(=O)C3CC4CCC(C3)N4C3CC3)c12,Amidation,,
C145357,1,,,,CC=CC(=O)N1C2CCC1C(C(=O)O)C2,Cc1cc(C(F)(F)F)nc2[nH]nc(N)c12,CC=CC(=O)N1C2CCC1C(C(=O)Nc1n[nH]c3nc(C(F)(F)F)cc(C)c13)C2,Amidation,,
C140136,1,,,,O=C(O)c1sccc1SC(F)F,Nc1c(Br)cc(Cl)c2ncccc12,O=C(Nc1c(Br)cc(Cl)c2ncccc12)c1sccc1SC(F)F,Amidation,,
C140137,1,,,,O=C(O)c1sccc1SC(F)F,Cc1ccnc2c(Cl)ccc(N)c12,Cc1ccnc2c(Cl)ccc(NC(=O)c3sccc3SC(F)F)c12,Amidation,,
C145363,1,,,,O=C(O)C1CC2CCC(C1)N2Cc1ccccc1,Cc1cc(C(F)(F)F)nc2[nH]nc(N)c12,Cc1cc(C(F)(F)F)nc2[nH]nc(NC(=O)C3CC4CCC(C3)N4Cc3ccccc3)c12,Amidation,,
C145364,1,,,,CC(C)(C)OC(=O)N1CCCC12CC(C(=O)O)C2,Cc1cc(C(F)(F)F)nc2[nH]nc(N)c12,Cc1cc(C(F)(F)F)nc2[nH]nc(NC(=O)C3CC4(CCCN4C(=O)OC(C)(C)C)C3)c12,Amidation,,
C140140,1,,,,NS(=O)(=O)c1ccsc1C(=O)O,Nc1c(Br)cc(Cl)c2ncccc12,NS(=O)(=O)c1ccsc1C(=O)Nc1c(Br)cc(Cl)c2ncccc12,Amidation,,
C140141,1,,,,NS(=O)(=O)c1ccsc1C(=O)O,Cc1ccnc2c(Cl)ccc(N)c12,Cc1ccnc2c(Cl)ccc(NC(=O)c3sccc3S(N)(=O)=O)c12,Amidation,,
C145366,1,,,,CC(C)(C)OC(=O)N1CC2CC(C(=O)O)CC1C2,Cc1cc(C(F)(F)F)nc2[nH]nc(N)c12,Cc1cc(C(F)(F)F)nc2[nH]nc(NC(=O)C3CC4CC(C3)N(C(=O)OC(C)(C)C)C4)c12,Amidation,,
C140143,1,,,,CC(C)(C)c1ccsc1C(=O)O,Cc1ccnc2c(Cl)ccc(N)c12,Cc1ccnc2c(Cl)ccc(NC(=O)c3sccc3C(C)(C)C)c12,Amidation,,
C147824,1,,,,Cc1cn2c(CC(=O)O)csc2n1,NC1(CN2CCN(c3ncccn3)CC2)CC1,Cc1cn2c(CC(=O)NC3(CN4CCN(c5ncccn5)CC4)CC3)csc2n1,Amidation,,
C147828,1,,,,Cc1cn2c(CC(=O)O)csc2n1,NCCCCN1CCN(c2ncccn2)CC1,Cc1cn2c(CC(=O)NCCCCN3CCN(c4ncccn4)CC3)csc2n1,Amidation,,
C137392,1,,,,O=C(O)c1cc(Br)cc2[nH]c(=O)[nH]c12,Nc1cccc2c1CN(C1CC(=O)NC(=O)C1)C2=O,O=C1CC(N2Cc3c(NC(=O)c4cc(Br)cc5[nH]c(=O)[nH]c45)cccc3C2=O)CC(=O)N1,Amidation,,
C145415,1,,,,NCc1ccc2c(c1)CNC2=O,Cc1csc(C(=O)O)c1-n1cccc1,Cc1csc(C(=O)NCc2ccc3c(c2)CNC3=O)c1-n1cccc1,Amidation,,
C137395,1,,,,Cn1c(=O)[nH]c2cccc(C(=O)O)c21,Nc1cccc2c1CN(C1CC(=O)NC(=O)C1)C2=O,Cn1c(=O)[nH]c2cccc(C(=O)Nc3cccc4c3CN(C3CC(=O)NC(=O)C3)C4=O)c21,Amidation,,
C140189,1,,,,CS(=O)(=O)c1ccsc1C(=O)O,Cc1ccnc2c(Cl)ccc(N)c12,Cc1ccnc2c(Cl)ccc(NC(=O)c3sccc3S(C)(=O)=O)c12,Amidation,,
C137399,1,,,,Cn1c(=O)[nH]c2c(C(=O)O)cccc21,Nc1cccc2c1CN(C1CC(=O)NC(=O)C1)C2=O,Cn1c(=O)[nH]c2c(C(=O)Nc3cccc4c3CN(C3CC(=O)NC(=O)C3)C4=O)cccc21,Amidation,,
C140199,1,,,,CS(=O)(=O)Nc1ccsc1C(=O)O,Nc1c(Br)cc(Cl)c2ncccc12,CS(=O)(=O)Nc1ccsc1C(=O)Nc1c(Br)cc(Cl)c2ncccc12,Amidation,,
C140200,1,,,,CS(=O)(=O)Nc1ccsc1C(=O)O,Cc1ccnc2c(Cl)ccc(N)c12,Cc1ccnc2c(Cl)ccc(NC(=O)c3sccc3NS(C)(=O)=O)c12,Amidation,,
C140210,1,,,,O=C(O)c1sccc1-n1cnnn1,Nc1c(Br)cc(Cl)c2ncccc12,O=C(Nc1c(Br)cc(Cl)c2ncccc12)c1sccc1-n1cnnn1,Amidation,,
C140211,1,,,,O=C(O)c1sccc1-n1cnnn1,Cc1ccnc2c(Cl)ccc(N)c12,Cc1ccnc2c(Cl)ccc(NC(=O)c3sccc3-n3cnnn3)c12,Amidation,,
C147207,1,,,,NC1CCOC1,Cc1nc2ccccc2n1C(C(=O)O)C(C)C,Cc1nc2ccccc2n1C(C(=O)NC1CCOC1)C(C)C,Amidation,,
C137608,1,,,,O=C(O)C1CCCN(c2ccncc2)C1,O=C1CCCC2(CCCNC2)N1,O=C1CCCC2(CCCN(C(=O)C3CCCN(c4ccncc4)C3)C2)N1,Amidation,,
C142790,1,,,,CCN1Cc2cc(N)ccc2C1=O,Cc1ccc(C(=O)O)c2[nH]cc(C#N)c12,CCN1Cc2cc(NC(=O)c3ccc(C)c4c(C#N)c[nH]c34)ccc2C1=O,Amidation,,
C147979,1,,,,O=C(O)c1ccc(CNC(=O)C(F)(F)F)o1,NCc1nc2cccnc2[nH]1,O=C(NCc1nc2cccnc2[nH]1)c1ccc(CNC(=O)C(F)(F)F)o1,Amidation,,
C147997,1,,,,O=C(O)c1ccc(CNC(=O)C(F)(F)F)o1,COc1cccc2[nH]c(CN)nc12,COc1cccc2[nH]c(CNC(=O)c3ccc(CNC(=O)C(F)(F)F)o3)nc12,Amidation,,
C142269,1,,,,Cc1cc(C(=O)O)c2cccc(C)c2n1,CC(C)(C)c1cc(N)c2ncccc2c1,Cc1cc(C(=O)Nc2cc(C(C)(C)C)cc3cccnc23)c2cccc(C)c2n1,Amidation,,
C142271,1,,,,Cc1c(Cl)nc2ccccc2c1C(=O)O,Nc1cc(C(F)(F)F)cc2cccnc12,Cc1c(Cl)nc2ccccc2c1C(=O)Nc1cc(C(F)(F)F)cc2cccnc12,Amidation,,
C142273,1,,,,Cc1c(C(=O)O)c2ccccc2[nH]c1=O,COC(=O)c1cc(N)c2ncccc2c1,COC(=O)c1cc(NC(=O)c2c(C)c(=O)[nH]c3ccccc23)c2ncccc2c1,Amidation,,
C142275,1,,,,O=C(O)c1c(O)cnc2ccc(Cl)cc12,Nc1cc(C(F)(F)F)cc2cccnc12,O=C(Nc1cc(C(F)(F)F)cc2cccnc12)c1c(O)cnc2ccc(Cl)cc12,Amidation,,
C137688,1,,,,O=C(O)C1CCCN(c2ccccc2)C1=O,CC12CCC(CN)(C1)NC2=O,CC12CCC(CNC(=O)C3CCCN(c4ccccc4)C3=O)(C1)NC2=O,Amidation,,
C142276,1,,,,Cc1c(Cl)nc2ccccc2c1C(=O)O,COC(=O)c1cc(N)c2ncccc2c1,COC(=O)c1cc(NC(=O)c2c(C)c(Cl)nc3ccccc23)c2ncccc2c1,Amidation,,
C143169,1,,,,CC(C(=O)O)N1CCN(c2ccccc2F)CC1,CN1CC(C)(CN)CCC1=O,CC(C(=O)NCC1(C)CCC(=O)N(C)C1)N1CCN(c2ccccc2F)CC1,Amidation,,
C142278,1,,,,Cc1nc2ccccc2c(C(=O)O)c1O,CC(C)(C)c1cc(N)c2ncccc2c1,Cc1nc2ccccc2c(C(=O)Nc2cc(C(C)(C)C)cc3cccnc23)c1O,Amidation,,
C142279,1,,,,O=C(O)c1c(O)cnc2ccc(F)cc12,Nc1cc(C(F)(F)F)cc2cccnc12,O=C(Nc1cc(C(F)(F)F)cc2cccnc12)c1c(O)cnc2ccc(F)cc12,Amidation,,
C137711,1,,,,O=C(O)C1CCCN(c2ncccc2Cl)C1,CC12CCC(CN)(C1)NC2=O,CC12CCC(CNC(=O)C3CCCN(c4ncccc4Cl)C3)(C1)NC2=O,Amidation,,
C142280,1,,,,O=C(O)c1c(O)cnc2ccc(F)cc12,CC(C)(C)c1cc(N)c2ncccc2c1,CC(C)(C)c1cc(NC(=O)c2c(O)cnc3ccc(F)cc23)c2ncccc2c1,Amidation,,
C145681,1,,,,NCC1(c2ccncc2)CCC1,CCOC(=O)c1cnc(Br)c(O)c1,CCOC(=O)c1cnc(NCC2(c3ccncc3)CCC2)c(O)c1,N-nucleophilic_aromatic_substitution,,
C145682,1,,,,NCC1(c2ccncc2)CCC1,CCOC(=O)c1ccc(Br)nc1C,CCOC(=O)c1ccc(NCC2(c3ccncc3)CCC2)nc1C,N-nucleophilic_aromatic_substitution,,
C142281,1,,,,O=C(O)c1cc(O)nc2cc(Br)ccc12,Nc1cc(C(F)(F)F)cc2cccnc12,O=C(Nc1cc(C(F)(F)F)cc2cccnc12)c1cc(O)nc2cc(Br)ccc12,Amidation,,
C137719,1,,,,CN1C(=O)CCC(C(=O)O)C1c1cccs1,NCC1CCC(F)(F)C(=O)N1,CN1C(=O)CCC(C(=O)NCC2CCC(F)(F)C(=O)N2)C1c1cccs1,Amidation,,
C137720,1,,,,O=Cc1ccc(N2CCCC(C(=O)O)C2)o1,CC12CCC(CN)(C1)NC2=O,CC12CCC(CNC(=O)C3CCCN(c4ccc(C=O)o4)C3)(C1)NC2=O,Amidation,,
C142282,1,,,,O=C(O)c1cc(O)nc2cc(Br)ccc12,CC(C)(C)c1cc(N)c2ncccc2c1,CC(C)(C)c1cc(NC(=O)c2cc(O)nc3cc(Br)ccc23)c2ncccc2c1,Amidation,,
C145690,1,,,,NCC1(c2ccncc2)CCCCC1,COC(=O)c1ccc(Br)nc1,COC(=O)c1ccc(NCC2(c3ccncc3)CCCCC2)nc1,N-nucleophilic_aromatic_substitution,,
C142285,1,,,,COc1cccc2c(C(=O)O)ccnc12,CC(C)(C)c1cc(N)c2ncccc2c1,COc1cccc2c(C(=O)Nc3cc(C(C)(C)C)cc4cccnc34)ccnc12,Amidation,,
C142286,1,,,,CCc1cnc2ccccc2c1C(=O)O,COC(=O)c1cc(N)c2ncccc2c1,CCc1cnc2ccccc2c1C(=O)Nc1cc(C(=O)OC)cc2cccnc12,Amidation,,
C140380,1,,,,Cc1csc(C(=O)O)c1C(F)(F)F,Nc1c(Br)cc(Cl)c2ncccc12,Cc1csc(C(=O)Nc2c(Br)cc(Cl)c3ncccc23)c1C(F)(F)F,Amidation,,
C140381,1,,,,Cc1csc(C(=O)O)c1C(F)(F)F,Cc1ccnc2c(Cl)ccc(N)c12,Cc1csc(C(=O)Nc2ccc(Cl)c3nccc(C)c23)c1C(F)(F)F,Amidation,,
C142288,1,,,,Cc1cnc2ccc(Br)cc2c1C(=O)O,Nc1cc(C(F)(F)F)cc2cccnc12,Cc1cnc2ccc(Br)cc2c1C(=O)Nc1cc(C(F)(F)F)cc2cccnc12,Amidation,,
C142289,1,,,,Cc1nc2ccccc2c(C(=O)O)c1O,Nc1cc(C(F)(F)F)cc2cccnc12,Cc1nc2ccccc2c(C(=O)Nc2cc(C(F)(F)F)cc3cccnc23)c1O,Amidation,,
C140392,1,,,,O=C(O)c1sccc1-c1ccsc1,Nc1c(Br)cc(Cl)c2ncccc12,O=C(Nc1c(Br)cc(Cl)c2ncccc12)c1sccc1-c1ccsc1,Amidation,,
C140393,1,,,,O=C(O)c1sccc1-c1ccsc1,Cc1ccnc2c(Cl)ccc(N)c12,Cc1ccnc2c(Cl)ccc(NC(=O)c3sccc3-c3ccsc3)c12,Amidation,,
C142290,1,,,,Cn1c(=O)cc(C(=O)O)c2ccccc21,CC(C)(C)c1cc(N)c2ncccc2c1,Cn1c(=O)cc(C(=O)Nc2cc(C(C)(C)C)cc3cccnc23)c2ccccc21,Amidation,,
C140401,1,,,,O=C(O)c1sccc1-n1ccnn1,Nc1c(Br)cc(Cl)c2ncccc12,O=C(Nc1c(Br)cc(Cl)c2ncccc12)c1sccc1-n1ccnn1,Amidation,,
C140402,1,,,,O=C(O)c1sccc1-n1ccnn1,Cc1ccnc2c(Cl)ccc(N)c12,Cc1ccnc2c(Cl)ccc(NC(=O)c3sccc3-n3ccnn3)c12,Amidation,,
C142291,1,,,,Cn1c(=O)cc(C(=O)O)c2ccccc21,Nc1cc(C(F)(F)F)cc2cccnc12,Cn1c(=O)cc(C(=O)Nc2cc(C(F)(F)F)cc3cccnc23)c2ccccc21,Amidation,,
C145737,1,,,,NCC1(c2ccncc2)CCCCC1,COC(=O)c1cnc(Br)c(O)c1,COC(=O)c1cnc(NCC2(c3ccncc3)CCCCC2)c(O)c1,N-nucleophilic_aromatic_substitution,,
C145738,1,,,,NCC1(c2ccncc2)CCCCC1,COC(=O)c1ccc(Br)nc1C,COC(=O)c1ccc(NCC2(c3ccncc3)CCCCC2)nc1C,N-nucleophilic_aromatic_substitution,,
C142292,1,,,,COc1cnc2ccccc2c1C(=O)O,CC(C)(C)c1cc(N)c2ncccc2c1,COc1cnc2ccccc2c1C(=O)Nc1cc(C(C)(C)C)cc2cccnc12,Amidation,,
C140476,1,,,,CCCOc1nc2ccccc2cc1C(=O)O,CN1C2CNCC1C2,CCCOc1nc2ccccc2cc1C(O)N1CC2CC(C1)N2C,Reductive_amination,,
C140479,1,,,,CCCOc1nc2ccc(F)cc2cc1C(=O)O,CN1C2CNCC1C2,CCCOc1nc2ccc(F)cc2cc1C(O)N1CC2CC(C1)N2C,Reductive_amination,,
C140481,1,,,,CCCOc1nc2ccccc2cc1C(=O)O,NC1CN2CCC1CC2,CCCOc1nc2ccccc2cc1C(O)NC1CN2CCC1CC2,Reductive_amination,,
C140482,1,,,,CCCOc1nc2ccccc2cc1C(=O)O,CN1CC2CCC1CN2,CCCOc1nc2ccccc2cc1C(O)N1CC2CCC1CN2C,Reductive_amination,,
C140486,1,,,,CCCOc1nc2ccccc2cc1C(=O)O,CN1CC2CCC1C(N)C2,CCCOc1nc2ccccc2cc1C(O)NC1CC2CCC1N(C)C2,Reductive_amination,,
C137798,1,,,,O=C(O)C1CCC(=O)N(c2cccc(F)c2)C1,CC12CCC(CN)(C1)NC2=O,CC12CCC(CNC(=O)C3CCC(=O)N(c4cccc(F)c4)C3)(C1)NC2=O,Amidation,,
C140489,1,,,,CCCOc1nc2ccccc2cc1C(=O)O,CNC1CN2CCC1CC2,CCCOc1nc2ccccc2cc1C(O)N(C)C1CN2CCC1CC2,Reductive_amination,,
C140491,1,,,,CCCOc1nc2ccc(F)cc2cc1C(=O)O,CN1CC2CCC1CN2,CCCOc1nc2ccc(F)cc2cc1C(O)N1CC2CCC1CN2C,Reductive_amination,,
C145766,1,,,,NC(=O)C1(c2ccncc2)CCCCC1,COC(=O)c1cnc(Br)cc1C,COC(=O)c1cnc(NC(=O)C2(c3ccncc3)CCCCC2)cc1C,N-nucleophilic_aromatic_substitution,,
C140493,1,,,,CCCOc1nc2ccc(F)cc2cc1C(=O)O,NC1CN2CCC1CC2,CCCOc1nc2ccc(F)cc2cc1C(O)NC1CN2CCC1CC2,Reductive_amination,,
C142298,1,,,,CCc1nc2ccccc2c(C(=O)O)c1C,COC(=O)c1cc(N)c2ncccc2c1,CCc1nc2ccccc2c(C(=O)Nc2cc(C(=O)OC)cc3cccnc23)c1C,Amidation,,
C145768,1,,,,NC(=O)C1(c2ccncc2)CCCCC1,COC(=O)c1ccc(Br)nc1C,COC(=O)c1ccc(NC(=O)C2(c3ccncc3)CCCCC2)nc1C,N-nucleophilic_aromatic_substitution,,
C145774,1,,,,NCC1(c2ccncc2)CCCCC1,COC(=O)c1ccc(Br)n2cncc12,COC(=O)c1ccc(NCC2(c3ccncc3)CCCCC2)n2cncc12,N-nucleophilic_aromatic_substitution,,
C142299,1,,,,CC(=O)c1cnc2ccccc2c1C(=O)O,COC(=O)c1cc(N)c2ncccc2c1,COC(=O)c1cc(NC(=O)c2c(C(C)=O)cnc3ccccc23)c2ncccc2c1,Amidation,,
C147250,1,,,,NC12COCC1C2,CCc1nc2ccccc2n1C(C)C(=O)O,CCc1nc2ccccc2n1C(C)C(=O)NC12COCC1C2,Amidation,,
C142300,1,,,,Cc1ccc2nc(C)c(O)c(C(=O)O)c2c1,CC(C)(C)c1cc(N)c2ncccc2c1,Cc1ccc2nc(C)c(O)c(C(=O)Nc3cc(C(C)(C)C)cc4cccnc34)c2c1,Amidation,,
C140507,1,,,,CCCOc1nc2ccc(F)cc2cc1C(=O)O,CN1CC2CCC1C(N)C2,CCCOc1nc2ccc(F)cc2cc1C(O)NC1CC2CCC1N(C)C2,Reductive_amination,,
C142301,1,,,,Cc1ccc2nc(C)c(O)c(C(=O)O)c2c1,Nc1cc(C(F)(F)F)cc2cccnc12,Cc1ccc2nc(C)c(O)c(C(=O)Nc3cc(C(F)(F)F)cc4cccnc34)c2c1,Amidation,,
C140512,1,,,,CCCOc1nc2ccccc2cc1C(=O)O,OCCN1CC2CCC1CN2,CCCOc1nc2ccccc2cc1C(O)N1CC2CCC1CN2CCO,Reductive_amination,,
C142302,1,,,,Cc1ccc2nc(C)c(O)c(C(=O)O)c2c1,COC(=O)c1cc(N)c2ncccc2c1,COC(=O)c1cc(NC(=O)c2c(O)c(C)nc3ccc(C)cc23)c2ncccc2c1,Amidation,,
C145824,1,,,,O=C(O)c1cc(Cl)cc2cc[nH]c12,COc1ccc(CC(C)(N)CO)cc1OC,COc1ccc(CC(C)(CO)NC(=O)c2cc(Cl)cc3cc[nH]c23)cc1OC,Amidation,,
C145827,1,,,,O=C(O)c1ccc(Br)c2cc[nH]c12,COc1ccc(CC(C)(N)CO)cc1OC,COc1ccc(CC(C)(CO)NC(=O)c2ccc(Br)c3cc[nH]c23)cc1OC,Amidation,,
C142303,1,,,,CC(=O)c1cnc2ccccc2c1C(=O)O,Nc1cc(C(F)(F)F)cc2cccnc12,CC(=O)c1cnc2ccccc2c1C(=O)Nc1cc(C(F)(F)F)cc2cccnc12,Amidation,,
C145828,1,,,,O=C(O)c1cc(F)cc2cc[nH]c12,COc1ccc(CC(C)(N)CO)cc1OC,COc1ccc(CC(C)(CO)NC(=O)c2cc(F)cc3cc[nH]c23)cc1OC,Amidation,,
C145829,1,,,,Cc1cc(C(=O)O)c2[nH]ccc2c1,COc1ccc(CC(C)(N)CO)cc1OC,COc1ccc(CC(C)(CO)NC(=O)c2cc(C)cc3cc[nH]c23)cc1OC,Amidation,,
C145831,1,,,,O=C(O)c1cccc2c(Br)c[nH]c12,COc1ccc(CC(C)(N)CO)cc1OC,COc1ccc(CC(C)(CO)NC(=O)c2cccc3c(Br)c[nH]c23)cc1OC,Amidation,,
C145832,1,,,,O=C(O)c1cc(Br)cc2cc[nH]c12,COc1ccc(CC(C)(N)CO)cc1OC,COc1ccc(CC(C)(CO)NC(=O)c2cc(Br)cc3cc[nH]c23)cc1OC,Amidation,,
C147254,1,,,,CCc1nc2ccccc2n1C(C)C(=O)O,CC1(O)CCC1N,CCc1nc2ccccc2n1C(C)C(=O)NC1CCC1(C)O,Amidation,,
C147266,1,,,,CC(C)C(C(=O)O)n1cnc2ccccc21,CC1(O)CCC1N,CC(C)C(C(=O)NC1CCC1(C)O)n1cnc2ccccc21,Amidation,,
C147255,1,,,,CCc1nc2ccccc2n1C(C)C(=O)O,C=C1COCC1N,C=C1COCC1NC(=O)C(C)n1c(CC)nc2ccccc21,Amidation,,
C145837,1,,,,O=C(O)c1c(F)c(Cl)cc2cc[nH]c12,COc1ccc(CC(C)(N)CO)cc1OC,COc1ccc(CC(C)(CO)NC(=O)c2c(F)c(Cl)cc3cc[nH]c23)cc1OC,Amidation,,
C145838,1,,,,COc1ccc(C(=O)O)c2[nH]ccc12,COc1ccc(CC(C)(N)CO)cc1OC,COc1ccc(CC(C)(CO)NC(=O)c2ccc(OC)c3cc[nH]c23)cc1OC,Amidation,,
C145839,1,,,,CCc1cc2cc(Cl)cc(C(=O)O)c2[nH]1,COc1ccc(CC(C)(N)CO)cc1OC,CCc1cc2cc(Cl)cc(C(=O)NC(C)(CO)Cc3ccc(OC)c(OC)c3)c2[nH]1,Amidation,,
C145842,1,,,,O=C(O)c1cccc2c3c([nH]c12)CCC3,COc1ccc(CC(C)(N)CO)cc1OC,COc1ccc(CC(C)(CO)NC(=O)c2cccc3c4c([nH]c23)CCC4)cc1OC,Amidation,,
C142306,1,,,,O=C(O)c1cc(C2CC2)nc2ccccc12,COC(=O)c1cc(N)c2ncccc2c1,COC(=O)c1cc(NC(=O)c2cc(C3CC3)nc3ccccc23)c2ncccc2c1,Amidation,,
C145843,1,,,,Cc1ccc(C(=O)O)c2[nH]cc(C#N)c12,COc1ccc(CC(C)(N)CO)cc1OC,COc1ccc(CC(C)(CO)NC(=O)c2ccc(C)c3c(C#N)c[nH]c23)cc1OC,Amidation,,
C145844,1,,,,Cc1[nH]c2c(C(=O)O)ccc(Br)c2c1C,COc1ccc(CC(C)(N)CO)cc1OC,COc1ccc(CC(C)(CO)NC(=O)c2ccc(Br)c3c(C)c(C)[nH]c23)cc1OC,Amidation,,
C145845,1,,,,O=C(O)c1cccc2c3c([nH]c12)CCCC3,COc1ccc(CC(C)(N)CO)cc1OC,COc1ccc(CC(C)(CO)NC(=O)c2cccc3c4c([nH]c23)CCCC4)cc1OC,Amidation,,
C145847,1,,,,O=C(O)c1cccc2c3c([nH]c12)CCCCC3,COc1ccc(CC(C)(N)CO)cc1OC,COc1ccc(CC(C)(CO)NC(=O)c2cccc3c4c([nH]c23)CCCCC4)cc1OC,Amidation,,
C145848,1,,,,CC1CCc2[nH]c3c(C(=O)O)cccc3c2C1,COc1ccc(CC(C)(N)CO)cc1OC,COc1ccc(CC(C)(CO)NC(=O)c2cccc3c4c([nH]c23)CCC(C)C4)cc1OC,Amidation,,
C145849,1,,,,O=C(O)c1cccc2ccn(Cc3ccccc3)c12,COc1ccc(CC(C)(N)CO)cc1OC,COc1ccc(CC(C)(CO)NC(=O)c2cccc3ccn(Cc4ccccc4)c23)cc1OC,Amidation,,
C145853,1,,,,Cc1cc(C(=O)O)c2[nH]ccc2c1,NC1(Cc2ccc(F)cc2F)COC1,Cc1cc(C(=O)NC2(Cc3ccc(F)cc3F)COC2)c2[nH]ccc2c1,Amidation,,
C145855,1,,,,O=C(O)c1cc(Cl)cc2cc[nH]c12,NC1(Cc2ccc(F)cc2F)COC1,O=C(NC1(Cc2ccc(F)cc2F)COC1)c1cc(Cl)cc2cc[nH]c12,Amidation,,
C145858,1,,,,O=C(O)c1cc(F)cc2cc[nH]c12,NC1(Cc2ccc(F)cc2F)COC1,O=C(NC1(Cc2ccc(F)cc2F)COC1)c1cc(F)cc2cc[nH]c12,Amidation,,
C143329,1,,,,CCN1CCN(CC(=O)O)CC1,Cn1ccnc1C1C(CN)CCC(=O)N1C1CC1,CCN1CCN(CC(=O)NCC2CCC(=O)N(C3CC3)C2c2nccn2C)CC1,Amidation,,
C143331,1,,,,CC1CN2CCN1CC2C(=O)O,Cn1ccnc1C1C(CN)CCC(=O)N1C1CC1,CC1CN2CCN1CC2C(=O)NCC1CCC(=O)N(C2CC2)C1c1nccn1C,Amidation,,
C145863,1,,,,O=C(O)c1cc(Cl)cc2cc[nH]c12,COC(=O)C(C)(N)Cc1ccc(F)cc1,COC(=O)C(C)(Cc1ccc(F)cc1)NC(=O)c1cc(Cl)cc2cc[nH]c12,Amidation,,
C142310,1,,,,Cc1cc(C(=O)O)c2c(F)ccc(F)c2n1,COC(=O)c1cc(N)c2ncccc2c1,COC(=O)c1cc(NC(=O)c2cc(C)nc3c(F)ccc(F)c23)c2ncccc2c1,Amidation,,
C145865,1,,,,Cc1cc(C(=O)O)c2[nH]ccc2c1,COC(=O)C(C)(N)Cc1ccc(F)cc1,COC(=O)C(C)(Cc1ccc(F)cc1)NC(=O)c1cc(C)cc2cc[nH]c12,Amidation,,
C145867,1,,,,O=C(O)c1cc(Br)cc2cc[nH]c12,COC(=O)C(C)(N)Cc1ccc(F)cc1,COC(=O)C(C)(Cc1ccc(F)cc1)NC(=O)c1cc(Br)cc2cc[nH]c12,Amidation,,
C145868,1,,,,O=C(O)c1ccc(Cl)c2cc[nH]c12,COC(=O)C(C)(N)Cc1ccc(F)cc1,COC(=O)C(C)(Cc1ccc(F)cc1)NC(=O)c1ccc(Cl)c2cc[nH]c12,Amidation,,
C145869,1,,,,O=C(O)c1cc(F)cc2cc[nH]c12,COC(=O)C(C)(N)Cc1ccc(F)cc1,COC(=O)C(C)(Cc1ccc(F)cc1)NC(=O)c1cc(F)cc2cc[nH]c12,Amidation,,
C148408,1,,,,Cn1ccc(C(=O)N2CCCC(C(=O)O)C2)cc1=O,CC(C)(C)OC(=O)N1CC2CCC(N)C(O)C21,Cn1ccc(C(=O)N2CCCC(C(=O)NC3CCC4CN(C(=O)OC(C)(C)C)C4C3O)C2)cc1=O,Amidation,,
C145872,1,,,,Cc1[nH]c2c(C(=O)O)cccc2c1C,NC1(Cc2ccc(F)cc2F)COC1,Cc1[nH]c2c(C(=O)NC3(Cc4ccc(F)cc4F)COC3)cccc2c1C,Amidation,,
C145874,1,,,,O=Cc1c[nH]c2c(C(=O)O)cccc12,NC1(Cc2ccc(F)cc2F)COC1,O=Cc1c[nH]c2c(C(=O)NC3(Cc4ccc(F)cc4F)COC3)cccc12,Amidation,,
C142312,1,,,,Cc1c(C(=O)O)c2ccccc2n(C)c1=O,Nc1cc(C(F)(F)F)cc2cccnc12,Cc1c(C(=O)Nc2cc(C(F)(F)F)cc3cccnc23)c2ccccc2n(C)c1=O,Amidation,,
C137874,1,,,,CN1C(=O)CCC(C(=O)O)C1c1nccn1C,NCC1CCC(F)(F)C(=O)N1,CN1C(=O)CCC(C(=O)NCC2CCC(F)(F)C(=O)N2)C1c1nccn1C,Amidation,,
C145876,1,,,,O=C(O)c1c(F)c(Cl)cc2cc[nH]c12,NC1(Cc2ccc(F)cc2F)COC1,O=C(NC1(Cc2ccc(F)cc2F)COC1)c1c(F)c(Cl)cc2cc[nH]c12,Amidation,,
C142313,1,,,,Cc1c(C(=O)O)c2ccccc2n(C)c1=O,COC(=O)c1cc(N)c2ncccc2c1,COC(=O)c1cc(NC(=O)c2c(C)c(=O)n(C)c3ccccc23)c2ncccc2c1,Amidation,,
C145880,1,,,,O=C(O)c1c(F)c(Cl)cc2cc[nH]c12,COC(=O)C(C)(N)Cc1ccc(F)cc1,COC(=O)C(C)(Cc1ccc(F)cc1)NC(=O)c1c(F)c(Cl)cc2cc[nH]c12,Amidation,,
C145881,1,,,,COc1ccc(C(=O)O)c2[nH]ccc12,COC(=O)C(C)(N)Cc1ccc(F)cc1,COC(=O)C(C)(Cc1ccc(F)cc1)NC(=O)c1ccc(OC)c2cc[nH]c12,Amidation,,
C145883,1,,,,Cn1cc(C=O)c2cccc(C(=O)O)c21,NC1(Cc2ccc(F)cc2F)COC1,Cn1cc(C=O)c2cccc(C(=O)NC3(Cc4ccc(F)cc4F)COC3)c21,Amidation,,
C145884,1,,,,CCc1cc2cc(Cl)cc(C(=O)O)c2[nH]1,NC1(Cc2ccc(F)cc2F)COC1,CCc1cc2cc(Cl)cc(C(=O)NC3(Cc4ccc(F)cc4F)COC3)c2[nH]1,Amidation,,
C145885,1,,,,COc1ccc2ccn(C)c2c1C(=O)O,NC1(Cc2ccc(F)cc2F)COC1,COc1ccc2ccn(C)c2c1C(=O)NC1(Cc2ccc(F)cc2F)COC1,Amidation,,
C145886,1,,,,Cc1ccc(C(=O)O)c2[nH]cc(C#N)c12,NC1(Cc2ccc(F)cc2F)COC1,Cc1ccc(C(=O)NC2(Cc3ccc(F)cc3F)COC2)c2[nH]cc(C#N)c12,Amidation,,
C145887,1,,,,Cc1[nH]c2c(C(=O)O)ccc(Br)c2c1C,NC1(Cc2ccc(F)cc2F)COC1,Cc1[nH]c2c(C(=O)NC3(Cc4ccc(F)cc4F)COC3)ccc(Br)c2c1C,Amidation,,
C145888,1,,,,O=C(O)c1cccc2c3c([nH]c12)CCC3,COC(=O)C(C)(N)Cc1ccc(F)cc1,COC(=O)C(C)(Cc1ccc(F)cc1)NC(=O)c1cccc2c3c([nH]c12)CCC3,Amidation,,
C145889,1,,,,CCc1cc2cc(Cl)cc(C(=O)O)c2[nH]1,COC(=O)C(C)(N)Cc1ccc(F)cc1,CCc1cc2cc(Cl)cc(C(=O)NC(C)(Cc3ccc(F)cc3)C(=O)OC)c2[nH]1,Amidation,,
C145890,1,,,,COc1ccc2ccn(C)c2c1C(=O)O,COC(=O)C(C)(N)Cc1ccc(F)cc1,COC(=O)C(C)(Cc1ccc(F)cc1)NC(=O)c1c(OC)ccc2ccn(C)c12,Amidation,,
C145891,1,,,,Cn1cc(C=O)c2cccc(C(=O)O)c21,COC(=O)C(C)(N)Cc1ccc(F)cc1,COC(=O)C(C)(Cc1ccc(F)cc1)NC(=O)c1cccc2c(C=O)cn(C)c12,Amidation,,
C145892,1,,,,Cc1ccc(C(=O)O)c2[nH]cc(C#N)c12,COC(=O)C(C)(N)Cc1ccc(F)cc1,COC(=O)C(C)(Cc1ccc(F)cc1)NC(=O)c1ccc(C)c2c(C#N)c[nH]c12,Amidation,,
C145893,1,,,,Cc1[nH]c2c(C(=O)O)ccc(Br)c2c1C,COC(=O)C(C)(N)Cc1ccc(F)cc1,COC(=O)C(C)(Cc1ccc(F)cc1)NC(=O)c1ccc(Br)c2c(C)c(C)[nH]c12,Amidation,,
C145894,1,,,,O=C(O)c1cccc2c3c([nH]c12)CCCC3,NC1(Cc2ccc(F)cc2F)COC1,O=C(NC1(Cc2ccc(F)cc2F)COC1)c1cccc2c3c([nH]c12)CCCC3,Amidation,,
C142316,1,,,,O=C(O)c1c2c(nc3ccccc13)CCC2,COC(=O)c1cc(N)c2ncccc2c1,COC(=O)c1cc(NC(=O)c2c3c(nc4ccccc24)CCC3)c2ncccc2c1,Amidation,,
C145895,1,,,,O=C(O)c1cccc2c3c([nH]c12)CCCC3,COC(=O)C(C)(N)Cc1ccc(F)cc1,COC(=O)C(C)(Cc1ccc(F)cc1)NC(=O)c1cccc2c3c([nH]c12)CCCC3,Amidation,,
C145896,1,,,,O=C(O)c1cccc2c3c([nH]c12)CCCCC3,NC1(Cc2ccc(F)cc2F)COC1,O=C(NC1(Cc2ccc(F)cc2F)COC1)c1cccc2c3c([nH]c12)CCCCC3,Amidation,,
C145897,1,,,,CCOC(=O)c1cc2cccc(C(=O)O)c2[nH]1,NC1(Cc2ccc(F)cc2F)COC1,CCOC(=O)c1cc2cccc(C(=O)NC3(Cc4ccc(F)cc4F)COC3)c2[nH]1,Amidation,,
C145898,1,,,,CC1CCc2[nH]c3c(C(=O)O)cccc3c2C1,NC1(Cc2ccc(F)cc2F)COC1,CC1CCc2[nH]c3c(C(=O)NC4(Cc5ccc(F)cc5F)COC4)cccc3c2C1,Amidation,,
C145899,1,,,,O=C(O)c1cccc2c3c([nH]c12)CCCCC3,COC(=O)C(C)(N)Cc1ccc(F)cc1,COC(=O)C(C)(Cc1ccc(F)cc1)NC(=O)c1cccc2c3c([nH]c12)CCCCC3,Amidation,,
C145900,1,,,,CCOC(=O)c1cc2cccc(C(=O)O)c2[nH]1,COC(=O)C(C)(N)Cc1ccc(F)cc1,CCOC(=O)c1cc2cccc(C(=O)NC(C)(Cc3ccc(F)cc3)C(=O)OC)c2[nH]1,Amidation,,
C145901,1,,,,CC1CCc2[nH]c3c(C(=O)O)cccc3c2C1,COC(=O)C(C)(N)Cc1ccc(F)cc1,COC(=O)C(C)(Cc1ccc(F)cc1)NC(=O)c1cccc2c3c([nH]c12)CCC(C)C3,Amidation,,
C145902,1,,,,O=C(O)c1cccc2ccn(Cc3ccccc3)c12,NC1(Cc2ccc(F)cc2F)COC1,O=C(NC1(Cc2ccc(F)cc2F)COC1)c1cccc2ccn(Cc3ccccc3)c12,Amidation,,
C145903,1,,,,O=C(O)c1cccc2ccn(Cc3ccccc3)c12,COC(=O)C(C)(N)Cc1ccc(F)cc1,COC(=O)C(C)(Cc1ccc(F)cc1)NC(=O)c1cccc2ccn(Cc3ccccc3)c12,Amidation,,
C143373,1,,,,CN1CCN(C(C)(C)C(=O)O)CC1,Cn1ccnc1C1C(CN)CCC(=O)N1C1CC1,CN1CCN(C(C)(C)C(=O)NCC2CCC(=O)N(C3CC3)C2c2nccn2C)CC1,Amidation,,
C143375,1,,,,CC(C(=O)O)N1CCN(c2ccccc2)CC1,O=C1CCC(C2CCCCN2)C(=O)N1,CC(C(=O)N1CCCCC1C1CCC(=O)NC1=O)N1CCN(c2ccccc2)CC1,Amidation,,
C140701,1,,,,O=C(O)c1ccc(-c2ccccn2)[nH]c1=O,CN(C)CC1CC2(CNC2)C1,CN(C)CC1CC2(C1)CN(C(=O)c1ccc(-c3ccccn3)[nH]c1=O)C2,Amidation,,
C140702,1,,,,O=C(O)c1ccc(-c2ccccn2)[nH]c1=O,C1CC(C2NCC23CCC3)C1,O=C(c1ccc(-c2ccccn2)[nH]c1=O)N1CC2(CCC2)C1C1CCC1,Amidation,,
C143377,1,,,,CS(=O)(=O)N1CCN(CC(=O)O)CC1,CCN1C(=O)CCC(CN)C1c1cnn(C)c1,CCN1C(=O)CCC(CNC(=O)CN2CCN(S(C)(=O)=O)CC2)C1c1cnn(C)c1,Amidation,,
C148537,1,,,,CC(C)Cc1ccnc(C(=O)O)c1F,COc1ccc2[nH]c(=O)cc(N)c2c1,COc1ccc2[nH]c(=O)cc(NC(=O)c3nccc(CC(C)C)c3F)c2c1,Amidation,,
C140711,1,,,,O=C(O)c1ccc(-c2ccccn2)[nH]c1=O,c1cc(C2NCC23CCC3)cs1,O=C(c1ccc(-c2ccccn2)[nH]c1=O)N1CC2(CCC2)C1c1ccsc1,Amidation,,
C148543,1,,,,O=C(O)c1cc2c(cn1)COCC2,Cc1cc(N)c2cc([N+](=O)[O-])ccc2n1,Cc1cc(NC(=O)c2cc3c(cn2)COCC3)c2cc([N+](=O)[O-])ccc2n1,Amidation,,
C140713,1,,,,O=C(O)c1ccc(-c2ccccn2)[nH]c1=O,C1COC(C2NCC23CCC3)C1,O=C(c1ccc(-c2ccccn2)[nH]c1=O)N1CC2(CCC2)C1C1CCCO1,Amidation,,
C140714,1,,,,O=C(O)c1ccc(-c2ccccn2)[nH]c1=O,c1coc(C2NCC23CCC3)c1,O=C(c1ccc(-c2ccccn2)[nH]c1=O)N1CC2(CCC2)C1c1ccco1,Amidation,,
C148550,1,,,,O=C(O)c1cc2c(cn1)COCC2,CC(=O)c1c(C)nc2ccccc2c1N,CC(=O)c1c(C)nc2ccccc2c1NC(=O)c1cc2c(cn1)COCC2,Amidation,,
C148556,1,,,,CC(C)Cc1ccnc(C(=O)O)c1F,Cc1nc2ccccc2c(N)c1C(C)C,Cc1nc2ccccc2c(NC(=O)c2nccc(CC(C)C)c2F)c1C(C)C,Amidation,,
C147514,1,,,,CC(C)C(C(=O)O)n1cnc2cc(F)c(F)cc21,NC1COCC1O,CC(C)C(C(=O)NC1COCC1O)n1cnc2cc(F)c(F)cc21,Amidation,,
C140726,1,,,,O=C(O)c1ccc(-c2ccccn2)[nH]c1=O,c1cncc(C2NCC23CCC3)c1,O=C(c1ccc(-c2ccccn2)[nH]c1=O)N1CC2(CCC2)C1c1cccnc1,Amidation,,
C140727,1,,,,c1cc(C2NCC23CCC3)ccn1,O=C(O)c1ccc(-c2ccccn2)[nH]c1=O,O=C(c1ccc(-c2ccccn2)[nH]c1=O)N1CC2(CCC2)C1c1ccncc1,Amidation,,
C142324,1,,,,Cn1c(=O)cc(C(=O)O)c2cc(Br)ccc21,Nc1cc(C(F)(F)F)cc2cccnc12,Cn1c(=O)cc(C(=O)Nc2cc(C(F)(F)F)cc3cccnc23)c2cc(Br)ccc21,Amidation,,
C140737,1,,,,O=C(O)c1ccc(-c2ccccn2)[nH]c1=O,CN1CCC(C2NCC23CCC3)CC1,CN1CCC(C2N(C(=O)c3ccc(-c4ccccn4)[nH]c3=O)CC23CCC3)CC1,Amidation,,
C140741,1,,,,O=C(O)c1ccc(-c2ccccn2)[nH]c1=O,Fc1ccc(C2NCC23CCC3)cc1,O=C(c1ccc(-c2ccccn2)[nH]c1=O)N1CC2(CCC2)C1c1ccc(F)cc1,Amidation,,
C148577,1,,,,CC(C)Cc1ccnc(C(=O)O)c1F,Nc1ccnc2ccc(C(F)(F)F)cc12,CC(C)Cc1ccnc(C(=O)Nc2ccnc3ccc(C(F)(F)F)cc23)c1F,Amidation,,
C140745,1,,,,O=C(O)c1ccc(-c2ccccn2)[nH]c1=O,c1ccc(COC2CC3(CNC3)C2)cc1,O=C(c1ccc(-c2ccccn2)[nH]c1=O)N1CC2(CC(OCc3ccccc3)C2)C1,Amidation,,
C140749,1,,,,O=C(O)c1ccc(-c2ccccn2)[nH]c1=O,CC(C)(C)OC(=O)N1CC2(CCC2CN)C1,CC(C)(C)OC(=O)N1CC2(CCC2CNC(=O)c2ccc(-c3ccccn3)[nH]c2=O)C1,Amidation,,
C140750,1,,,,O=C(O)c1ccc(-c2ccccn2)[nH]c1=O,FC(F)(F)c1ccc(C2NCC23CCC3)cc1,O=C(c1ccc(-c2ccccn2)[nH]c1=O)N1CC2(CCC2)C1c1ccc(C(F)(F)F)cc1,Amidation,,
C140751,1,,,,O=C(O)c1ccc(-c2ccccn2)[nH]c1=O,CC1(CN)CC2(CN(C(=O)OC(C)(C)C)C2)C1,CC1(CNC(=O)c2ccc(-c3ccccn3)[nH]c2=O)CC2(CN(C(=O)OC(C)(C)C)C2)C1,Amidation,,
C141739,1,,,,O=C(O)c1ccc(-c2nc[nH]n2)nc1,NCc1cc(=O)[nH]c(-c2ccccn2)n1,O=C(NCc1cc(=O)[nH]c(-c2ccccn2)n1)c1ccc(-c2nc[nH]n2)nc1,Amidation,,
C143426,1,,,,CC(C(=O)O)N1CCN(c2ccc(F)cc2)CC1,O=C1CCC(C2CCCCN2)C(=O)N1,CC(C(=O)N1CCCCC1C1CCC(=O)NC1=O)N1CCN(c2ccc(F)cc2)CC1,Amidation,,
C140769,1,,,,O=C(O)c1c(F)ccc2[nH]cnc12,COC(=O)C(N)c1ncc[nH]1,COC(=O)C(NC(=O)c1c(F)ccc2[nH]cnc12)c1ncc[nH]1,Amidation,,
C35875,1,,,,O=C(O)c1ccc2c(c1)C1(CCOCC1)C(=O)N2,CN1Cc2ccc(N)cc2C1,CN1Cc2ccc(NC(=O)c3ccc4c(c3)C3(CCOCC3)C(=O)N4)cc2C1,Amidation,,
C147283,1,,,,CCc1nc2ccccc2n1C(C)C(=O)O,CC1CC(N)C(=O)O1,CCc1nc2ccccc2n1C(C)C(=O)NC1CC(C)OC1=O,Amidation,,
C142333,1,,,,CN(C)c1cc(C(=O)O)c2ccccc2n1,Nc1cc(C(F)(F)F)cc2cccnc12,CN(C)c1cc(C(=O)Nc2cc(C(F)(F)F)cc3cccnc23)c2ccccc2n1,Amidation,,
C142334,1,,,,CN(C)c1cc(C(=O)O)c2ccccc2n1,COC(=O)c1cc(N)c2ncccc2c1,COC(=O)c1cc(NC(=O)c2cc(N(C)C)nc3ccccc23)c2ncccc2c1,Amidation,,
C142335,1,,,,Cc1c(C=O)nc2ccccc2c1C(=O)O,COC(=O)c1cc(N)c2ncccc2c1,COC(=O)c1cc(NC(=O)c2c(C)c(C=O)nc3ccccc23)c2ncccc2c1,Amidation,,
C142337,1,,,,Cc1cc(C(=O)O)c2ccc(C)c(C)c2n1,CC(C)(C)c1cc(N)c2ncccc2c1,Cc1cc(C(=O)Nc2cc(C(C)(C)C)cc3cccnc23)c2ccc(C)c(C)c2n1,Amidation,,
C142339,1,,,,CCCc1cc(C(=O)O)c2ccccc2n1,Nc1cc(C(F)(F)F)cc2cccnc12,CCCc1cc(C(=O)Nc2cc(C(F)(F)F)cc3cccnc23)c2ccccc2n1,Amidation,,
C138095,1,,,,CC(C)C(CC(=O)O)c1c[nH]c2ccccc12,c1cc(CNC2CC2)ccn1,CC(C)C(CC(=O)N(Cc1ccncc1)C1CC1)c1c[nH]c2ccccc12,Amidation,,
C142343,1,,,,Cc1cc(F)c2nc(O)cc(C(=O)O)c2c1,COC(=O)c1cc(N)c2ncccc2c1,COC(=O)c1cc(NC(=O)c2cc(O)nc3c(F)cc(C)cc23)c2ncccc2c1,Amidation,,
C147518,1,,,,CC(O)C1(N)CC1,CC(C)C(C(=O)O)n1cnc2cc(F)c(F)cc21,CC(C)C(C(=O)NC1(C(C)O)CC1)n1cnc2cc(F)c(F)cc21,Amidation,,
C142344,1,,,,CC(C)c1cc(C(=O)O)c2ccccc2n1,CC(C)(C)c1cc(N)c2ncccc2c1,CC(C)c1cc(C(=O)Nc2cc(C(C)(C)C)cc3cccnc23)c2ccccc2n1,Amidation,,
C142346,1,,,,CC(C)c1cc(C(=O)O)c2ccccc2n1,COC(=O)c1cc(N)c2ncccc2c1,COC(=O)c1cc(NC(=O)c2cc(C(C)C)nc3ccccc23)c2ncccc2c1,Amidation,,
C142349,1,,,,Cc1cccc2c(C(=O)O)cc(C3CC3)nc12,COC(=O)c1cc(N)c2ncccc2c1,COC(=O)c1cc(NC(=O)c2cc(C3CC3)nc3c(C)cccc23)c2ncccc2c1,Amidation,,
C142350,1,,,,Cc1cccc2c(C(=O)O)cc(C3CC3)nc12,Nc1cc(C(F)(F)F)cc2cccnc12,Cc1cccc2c(C(=O)Nc3cc(C(F)(F)F)cc4cccnc34)cc(C3CC3)nc12,Amidation,,
C147301,1,,,,CC(C)C(C(=O)O)n1cnc2ccccc21,CC1CC(N)C(=O)O1,CC1CC(NC(=O)C(C(C)C)n2cnc3ccccc32)C(=O)O1,Amidation,,
C142351,1,,,,O=C(O)c1cc(=O)[nH]c2ccc([N+](=O)[O-])cc12,CC(C)(C)c1cc(N)c2ncccc2c1,CC(C)(C)c1cc(NC(=O)c2cc(=O)[nH]c3ccc([N+](=O)[O-])cc23)c2ncccc2c1,Amidation,,
C143623,1,,,,CCS(=O)(=O)c1cccnc1C(=O)O,Cc1cc(Cl)c(N)c2cccnc12,CCS(=O)(=O)c1cccnc1C(=O)Nc1c(Cl)cc(C)c2ncccc12,Amidation,,
C138159,1,,,,CC(C)C(CC(=O)O)c1c[nH]c2ccccc12,CN(Cc1ccncc1)CC(O)CN,CC(C)C(CC(=O)NCC(O)CN(C)Cc1ccncc1)c1c[nH]c2ccccc12,Amidation,,
C143628,1,,,,CCS(=O)(=O)c1cccnc1C(=O)O,CCc1ccc2ncccc2c1N,CCc1ccc2ncccc2c1NC(=O)c1ncccc1S(=O)(=O)CC,Amidation,,
C143630,1,,,,CCS(=O)(=O)c1cccnc1C(=O)O,COc1ccc(N)c2cccnc12,CCS(=O)(=O)c1cccnc1C(=O)Nc1ccc(OC)c2ncccc12,Amidation,,
C147307,1,,,,Cc1nc2ccccc2n1C(C(=O)O)C(C)C,NC1CCCC1O,Cc1nc2ccccc2n1C(C(=O)NC1CCCC1O)C(C)C,Amidation,,
C143637,1,,,,CCS(=O)(=O)c1cccnc1C(=O)O,CCCc1ccc(N)c2cccnc12,CCCc1ccc(NC(=O)c2ncccc2S(=O)(=O)CC)c2cccnc12,Amidation,,
C143638,1,,,,CCS(=O)(=O)c1cccnc1C(=O)O,Nc1ccc(S(=O)(=O)F)c2ncccc12,CCS(=O)(=O)c1cccnc1C(=O)Nc1ccc(S(=O)(=O)F)c2ncccc12,Amidation,,
C147309,1,,,,NC12COCC1C2,Cc1nc2ccccc2n1C(C(=O)O)C(C)C,Cc1nc2ccccc2n1C(C(=O)NC12COCC1C2)C(C)C,Amidation,,
C138182,1,,,,Cn1c2c(c3ccccc31)CC(C(=O)O)C2,CN1C(=O)CC(CN)C1c1ccncc1,CN1C(=O)CC(CNC(=O)C2Cc3c(n(C)c4ccccc34)C2)C1c1ccncc1,Amidation,,
C143650,1,,,,CCS(=O)(=O)c1cccnc1C(=O)O,c1cc(NC2CCCCCC2)c2cccnc2c1,CCS(=O)(=O)c1cccnc1C(=O)N(c1cccc2ncccc12)C1CCCCCC1,Amidation,,
C147310,1,,,,Cc1nc2ccccc2n1C(C(=O)O)C(C)C,NC1COCC1F,Cc1nc2ccccc2n1C(C(=O)NC1COCC1F)C(C)C,Amidation,,
C140999,1,,,,N#Cc1csc2ccc(C(=O)O)cc12,Nc1cc2c(cc1F)CNC2=O,N#Cc1csc2ccc(C(=O)Nc3cc4c(cc3F)CNC4=O)cc12,Amidation,,
C148873,1,,,,O=C(O)Cc1cncn1C1CC1,NCCc1ccn2ccnc2c1,O=C(Cc1cncn1C1CC1)NCCc1ccn2ccnc2c1,Amidation,,
C139444,1,,,,Cc1nnnn1C(=Cc1ccc(F)cc1)C(=O)O,CN1C(=O)c2ccc(CN)cc2C1=O,Cc1nnnn1C(=Cc1ccc(F)cc1)C(=O)NCc1ccc2c(c1)C(=O)N(C)C2=O,Amidation,,
C141004,1,,,,N#Cc1csc2ccc(C(=O)O)cc12,COCCCN1Cc2ccc(N)cc2C1,COCCCN1Cc2ccc(NC(=O)c3ccc4scc(C#N)c4c3)cc2C1,Amidation,,
C141006,1,,,,N#Cc1csc2ccc(C(=O)O)cc12,CC(C)CCN1Cc2ccc(N)cc2C1,CC(C)CCN1Cc2ccc(NC(=O)c3ccc4scc(C#N)c4c3)cc2C1,Amidation,,
C142362,1,,,,O=C(O)c1cc(C(F)(F)F)nc2ccccc12,Nc1cc(C(F)(F)F)cc2cccnc12,O=C(Nc1cc(C(F)(F)F)cc2cccnc12)c1cc(C(F)(F)F)nc2ccccc12,Amidation,,
C139445,1,,,,Cc1nnnn1C(=Cc1cccc(F)c1)C(=O)O,CCN1Cc2cc(CN)ccc2C1=O,CCN1Cc2cc(CNC(=O)C(=Cc3cccc(F)c3)n3nnnc3C)ccc2C1=O,Amidation,,
C141009,1,,,,N#Cc1csc2ccc(C(=O)O)cc12,CCOCCCN1Cc2ccc(N)cc2C1,CCOCCCN1Cc2ccc(NC(=O)c3ccc4scc(C#N)c4c3)cc2C1,Amidation,,
C141013,1,,,,N#Cc1csc2ccc(C(=O)O)cc12,CC(C)c1ccc(N2Cc3ccc(N)cc3C2)cc1,CC(C)c1ccc(N2Cc3ccc(NC(=O)c4ccc5scc(C#N)c5c4)cc3C2)cc1,Amidation,,
C142363,1,,,,O=C(O)c1c2c(nc3ccc(Br)cc13)CCC2,Nc1cc(C(F)(F)F)cc2cccnc12,O=C(Nc1cc(C(F)(F)F)cc2cccnc12)c1c2c(nc3ccc(Br)cc13)CCC2,Amidation,,
C147314,1,,,,Cc1nc2ccccc2n1C(C(=O)O)C(C)C,CC1OCCC1N,Cc1nc2ccccc2n1C(C(=O)NC1CCOC1C)C(C)C,Amidation,,
C148889,1,,,,CC1CCCn2c(CC(=O)O)cnc21,NCCc1ccncc1Br,CC1CCCn2c(CC(=O)NCCc3ccncc3Br)cnc21,Amidation,,
C147315,1,,,,CC1(N)CCOC1,Cc1nc2ccccc2n1C(C(=O)O)C(C)C,Cc1nc2ccccc2n1C(C(=O)NC1(C)CCOC1)C(C)C,Amidation,,
C148890,1,,,,CC(CN)c1ccncc1,Cc1nc2c(n1C)C(C(=O)O)CCC2,Cc1nc2c(n1C)C(C(=O)NCC(C)c1ccncc1)CCC2,Amidation,,
C147317,1,,,,Cc1nc2ccccc2n1C(C(=O)O)C(C)C,NC1CCOC1=O,Cc1nc2ccccc2n1C(C(=O)NC1CCOC1=O)C(C)C,Amidation,,
C148906,1,,,,NC(CO)Cc1ccncc1,CC1CCCn2c(CC(=O)O)cnc21,CC1CCCn2c(CC(=O)NC(CO)Cc3ccncc3)cnc21,Amidation,,
C148910,1,,,,CC1CCCn2c(CC(=O)O)cnc21,NCCc1c(Br)cncc1Br,CC1CCCn2c(CC(=O)NCCc3c(Br)cncc3Br)cnc21,Amidation,,
C148913,1,,,,CC1CCCn2c(CC(=O)O)cnc21,NCCc1c(Cl)cncc1Cl,CC1CCCn2c(CC(=O)NCCc3c(Cl)cncc3Cl)cnc21,Amidation,,
C147320,1,,,,CC1(N)CCC1O,Cc1nc2ccccc2n1C(C(=O)O)C(C)C,Cc1nc2ccccc2n1C(C(=O)NC1(C)CCC1O)C(C)C,Amidation,,
C143740,1,,,,OC1CN(c2ncc(Br)cc2F)C1,Nc1ccc2ccc(Cl)c(Cl)c2n1,Fc1cc(Br)cnc1N1CC(Nc2ccc3ccc(Cl)c(Cl)c3n2)C1,Mitsunobu_reaction_with_amine_alcohol_and_thioalcohol,,
C143741,1,,,,OC1CN(c2ncc(Br)cc2F)C1,Nc1ccc2c(F)ccc(Cl)c2n1,Fc1cc(Br)cnc1N1CC(Nc2ccc3c(F)ccc(Cl)c3n2)C1,Mitsunobu_reaction_with_amine_alcohol_and_thioalcohol,,
C148920,1,,,,CC1CCCn2c(CC(=O)O)cnc21,NCCc1ccnc(Cl)c1F,CC1CCCn2c(CC(=O)NCCc3ccnc(Cl)c3F)cnc21,Amidation,,
C148926,1,,,,COC(=O)C(N)Cc1ccncc1,O=C(O)Cc1cncn1C1CC1,COC(=O)C(Cc1ccncc1)NC(=O)Cc1cncn1C1CC1,Amidation,,
C147323,1,,,,Cc1nc2ccccc2n1C(C(=O)O)C(C)C,CC1(C)OCC1N,Cc1nc2ccccc2n1C(C(=O)NC1COC1(C)C)C(C)C,Amidation,,
C148507,1,,,,O=C(O)c1nccc2c1OCC2,CC(=O)c1c(C)nc2ccccc2c1N,CC(=O)c1c(C)nc2ccccc2c1NC(=O)c1nccc2c1OCC2,Amidation,,
C142374,1,,,,Cc1nc2c(F)c(F)ccc2c(C(=O)O)c1O,Nc1cc(C(F)(F)F)cc2cccnc12,Cc1nc2c(F)c(F)ccc2c(C(=O)Nc2cc(C(F)(F)F)cc3cccnc23)c1O,Amidation,,
C147325,1,,,,CC(O)C1(N)CC1,Cc1nc2ccccc2n1C(C(=O)O)C(C)C,Cc1nc2ccccc2n1C(C(=O)NC1(C(C)O)CC1)C(C)C,Amidation,,
C142375,1,,,,Cc1nc2c(F)c(F)ccc2c(C(=O)O)c1O,CC(C)(C)c1cc(N)c2ncccc2c1,Cc1nc2c(F)c(F)ccc2c(C(=O)Nc2cc(C(C)(C)C)cc3cccnc23)c1O,Amidation,,
C147326,1,,,,CC1COCC1N,Cc1nc2ccccc2n1C(C(=O)O)C(C)C,Cc1nc2ccccc2n1C(C(=O)NC1COCC1C)C(C)C,Amidation,,
C148510,1,,,,O=C(O)c1nccc2c1OCC2,Cc1nc2ccccc2c(N)c1C(C)C,Cc1nc2ccccc2c(NC(=O)c2nccc3c2OCC3)c1C(C)C,Amidation,,
C142376,1,,,,O=C(O)c1c2c(nc3ccc(Cl)cc13)CCC2,Nc1cc(C(F)(F)F)cc2cccnc12,O=C(Nc1cc(C(F)(F)F)cc2cccnc12)c1c2c(nc3ccc(Cl)cc13)CCC2,Amidation,,
C142377,1,,,,O=C(O)c1c2c(nc3ccc(Cl)cc13)CCC2,CC(C)(C)c1cc(N)c2ncccc2c1,CC(C)(C)c1cc(NC(=O)c2c3c(nc4ccc(Cl)cc24)CCC3)c2ncccc2c1,Amidation,,
C142379,1,,,,O=C(O)c1cc(C2CC2)nc2ccc(Cl)cc12,CC(C)(C)c1cc(N)c2ncccc2c1,CC(C)(C)c1cc(NC(=O)c2cc(C3CC3)nc3ccc(Cl)cc23)c2ncccc2c1,Amidation,,
C142380,1,,,,Cc1ccc2nc(C3CC3)cc(C(=O)O)c2c1,COC(=O)c1cc(N)c2ncccc2c1,COC(=O)c1cc(NC(=O)c2cc(C3CC3)nc3ccc(C)cc23)c2ncccc2c1,Amidation,,
C143821,1,,,,O=C(O)C1CCc2ncsc2C1,c1cc(C2CNCC23CCC3)n[nH]1,O=C(C1CCc2ncsc2C1)N1CC(c2cc[nH]n2)C2(CCC2)C1,Amidation,,
C142382,1,,,,Cc1ccc2nc(C3CC3)cc(C(=O)O)c2c1,CC(C)(C)c1cc(N)c2ncccc2c1,Cc1ccc2nc(C3CC3)cc(C(=O)Nc3cc(C(C)(C)C)cc4cccnc34)c2c1,Amidation,,
C135368,1,,,,CC(C)(C)OC(=O)NC1c2ccccc2CC1C(=O)O,Nc1ccc2c(c1)CN(C1CC(=O)NC1=O)C2=O,CC(C)(C)OC(=O)NC1c2ccccc2CC1C(=O)Nc1ccc2c(c1)CN(C1CC(=O)NC1=O)C2=O,Amidation,,
C143834,1,,,,Cc1nc2c(s1)CC(C(=O)O)CC2,c1cc(C2CNCC23CCC3)n[nH]1,Cc1nc2c(s1)CC(C(=O)N1CC(c3cc[nH]n3)C3(CCC3)C1)CC2,Amidation,,
C147333,1,,,,NC1CCOC1,CC(C)Cc1nc2ccccc2n1C(C)C(=O)O,CC(C)Cc1nc2ccccc2n1C(C)C(=O)NC1CCOC1,Amidation,,
C135371,1,,,,CC(C)(C)OC(=O)NC1c2ccccc2CC1C(=O)O,Nc1ccc2c(c1)CN(C1CC(F)CNC1=O)C2=O,CC(C)(C)OC(=O)NC1c2ccccc2CC1C(=O)Nc1ccc2c(c1)CN(C1CC(F)CNC1=O)C2=O,Amidation,,
C135372,1,,,,CC(C)(C)OC(=O)NC1c2ccccc2CC1C(=O)O,Nc1ccc2c(c1)CN(C1CCC(=O)NC1=O)C2=O,CC(C)(C)OC(=O)NC1c2ccccc2CC1C(=O)Nc1ccc2c(c1)CN(C1CCC(=O)NC1=O)C2=O,Amidation,,
C148986,1,,,,O=C(O)Cc1cncn1C1CC1,COC(=O)C(C)(N)Cc1ccncc1,COC(=O)C(C)(Cc1ccncc1)NC(=O)Cc1cncn1C1CC1,Amidation,,
C135374,1,,,,CC(C)(C)OC(=O)NC1c2ccccc2CC1C(=O)O,Nc1ccc2c(c1)C(=O)N(C1CCCNC1=O)C2=O,CC(C)(C)OC(=O)NC1c2ccccc2CC1C(=O)Nc1ccc2c(c1)C(=O)N(C1CCCNC1=O)C2=O,Amidation,,
C135375,1,,,,CC(C)(C)OC(=O)NC1c2ccccc2CC1C(=O)O,Nc1ccc2c(c1)C(=O)N(C1CCC(=O)NC1=O)C2,CC(C)(C)OC(=O)NC1c2ccccc2CC1C(=O)Nc1ccc2c(c1)C(=O)N(C1CCC(=O)NC1=O)C2,Amidation,,
C135376,1,,,,Cc1ccc2c(c1)C(NC(=O)OC(C)(C)C)C(C(=O)O)C2,Nc1ccc2c(c1)CN(C1CC(=O)NC1=O)C2=O,Cc1ccc2c(c1)C(NC(=O)OC(C)(C)C)C(C(=O)Nc1ccc3c(c1)CN(C1CC(=O)NC1=O)C3=O)C2,Amidation,,
C135377,1,,,,CC(C)(C)OC(=O)NC1c2ccccc2CC1C(=O)O,Nc1ccc2c(c1)C(=O)N(c1ccc(F)cc1)C2=O,CC(C)(C)OC(=O)NC1c2ccccc2CC1C(=O)Nc1ccc2c(c1)C(=O)N(c1ccc(F)cc1)C2=O,Amidation,,
C135378,1,,,,CC(C)(C)OC(=O)NC1c2cccc(O)c2CC1C(=O)O,Nc1ccc2c(c1)CN(C1CC(=O)NC1=O)C2=O,CC(C)(C)OC(=O)NC1c2cccc(O)c2CC1C(=O)Nc1ccc2c(c1)CN(C1CC(=O)NC1=O)C2=O,Amidation,,
C135379,1,,,,CC(C)(C)OC(=O)NC1c2cccc(O)c2CC1C(=O)O,Nc1ccc2c(c1)C1CCC2N1C(=O)C(F)(F)F,CC(C)(C)OC(=O)NC1c2cccc(O)c2CC1C(=O)Nc1ccc2c(c1)C1CCC2N1C(=O)C(F)(F)F,Amidation,,
C135380,1,,,,CC(C)(C)OC(=O)NC1c2ccccc2CC1C(=O)O,Nc1ccc2c(c1)C(=O)N(C1CC(=O)NC1=O)C2=O,CC(C)(C)OC(=O)NC1c2ccccc2CC1C(=O)Nc1ccc2c(c1)C(=O)N(C1CC(=O)NC1=O)C2=O,Amidation,,
C135381,1,,,,CC(C)(C)OC(=O)NC1c2ccccc2CC1C(=O)O,Nc1ccc2c(c1)C(=O)N(C1CCC(=O)NC1=O)C2=O,CC(C)(C)OC(=O)NC1c2ccccc2CC1C(=O)Nc1ccc2c(c1)C(=O)N(C1CCC(=O)NC1=O)C2=O,Amidation,,
C135382,1,,,,Cc1ccc2c(c1)C(NC(=O)OC(C)(C)C)C(C(=O)O)C2,Nc1ccc2c(c1)C(=O)N(c1ccc(F)cc1)C2=O,Cc1ccc2c(c1)C(NC(=O)OC(C)(C)C)C(C(=O)Nc1ccc3c(c1)C(=O)N(c1ccc(F)cc1)C3=O)C2,Amidation,,
C143845,1,,,,O=C(O)C1CCOC1c1cncs1,CCOC(=O)c1cn[nH]c1C1CCNC1,CCOC(=O)c1cn[nH]c1C1CCN(C(=O)C2CCOC2c2cncs2)C1,Amidation,,
C135384,1,,,,Cc1ccc2c(c1)C(NC(=O)OC(C)(C)C)C(C(=O)O)C2,Nc1ccc2c(c1)C(=O)N(C1CC(=O)NC1=O)C2=O,Cc1ccc2c(c1)C(NC(=O)OC(C)(C)C)C(C(=O)Nc1ccc3c(c1)C(=O)N(C1CC(=O)NC1=O)C3=O)C2,Amidation,,
C135385,1,,,,CC(C)(C)OC(=O)NC1c2cccc(O)c2CC1C(=O)O,Nc1ccc2c(c1)C(=O)N(C1CCC(=O)NC1=O)C2,CC(C)(C)OC(=O)NC1c2cccc(O)c2CC1C(=O)Nc1ccc2c(c1)C(=O)N(C1CCC(=O)NC1=O)C2,Amidation,,
C135386,1,,,,CC(C)(C)OC(=O)NC1c2cccc(O)c2CC1C(=O)O,Nc1ccc2c(c1)C(=O)N(C1CCCNC1=O)C2=O,CC(C)(C)OC(=O)NC1c2cccc(O)c2CC1C(=O)Nc1ccc2c(c1)C(=O)N(C1CCCNC1=O)C2=O,Amidation,,
C135387,1,,,,CC(C)(C)OC(=O)NC1c2cccc(O)c2CC1C(=O)O,Nc1ccc2c(c1)C(=O)N(c1ccc(F)cc1)C2=O,CC(C)(C)OC(=O)NC1c2cccc(O)c2CC1C(=O)Nc1ccc2c(c1)C(=O)N(c1ccc(F)cc1)C2=O,Amidation,,
C135388,1,,,,CC(C)(C)OC(=O)NC1c2cccc(O)c2CC1C(=O)O,Nc1ccc2c(c1)C(=O)N(C1CC(=O)NC1=O)C2=O,CC(C)(C)OC(=O)NC1c2cccc(O)c2CC1C(=O)Nc1ccc2c(c1)C(=O)N(C1CC(=O)NC1=O)C2=O,Amidation,,
C135389,1,,,,CC(C)(C)OC(=O)NC1c2cccc(O)c2CC1C(=O)O,Nc1ccc2c(c1)CN(C1CC(F)CNC1=O)C2=O,CC(C)(C)OC(=O)NC1c2cccc(O)c2CC1C(=O)Nc1ccc2c(c1)CN(C1CC(F)CNC1=O)C2=O,Amidation,,
C148999,1,,,,NCC(CCO)c1ccncc1,Cc1nc2c(n1C)C(C(=O)O)CCC2,Cc1nc2c(n1C)C(C(=O)NCC(CCO)c1ccncc1)CCC2,Amidation,,
C135391,1,,,,Cc1ccc2c(c1)C(NC(=O)OC(C)(C)C)C(C(=O)O)C2,Nc1ccc2c(c1)C(=O)N(C1CCC(=O)NC1=O)C2=O,Cc1ccc2c(c1)C(NC(=O)OC(C)(C)C)C(C(=O)Nc1ccc3c(c1)C(=O)N(C1CCC(=O)NC1=O)C3=O)C2,Amidation,,
C135392,1,,,,CC(C)(C)OC(=O)NC1c2cccc(O)c2CC1C(=O)O,Nc1ccc2c(c1)C(=O)N(C1CCC(=O)NC1=O)C2=O,CC(C)(C)OC(=O)NC1c2cccc(O)c2CC1C(=O)Nc1ccc2c(c1)C(=O)N(C1CCC(=O)NC1=O)C2=O,Amidation,,
C149011,1,,,,CCC(C)(CN)c1ccncc1,Cc1nc2n(c1CC(=O)O)CCCC2,CCC(C)(CNC(=O)Cc1c(C)nc2n1CCCC2)c1ccncc1,Amidation,,
C142389,1,,,,Cc1cccc2c(C(=O)O)cc(C3CC3)nc12,CC(C)(C)c1cc(N)c2ncccc2c1,Cc1cccc2c(C(=O)Nc3cc(C(C)(C)C)cc4cccnc34)cc(C3CC3)nc12,Amidation,,
C149021,1,,,,NCC1(c2ccncc2)CCCCC1,O=C(O)C1CCCn2cncc21,O=C(NCC1(c2ccncc2)CCCCC1)C1CCCn2cncc21,Amidation,,
C143879,1,,,,O=C(O)C1C2CCC1(c1cncs1)C2,CC(C)(C)OC(=O)N1CCC(c2[nH]ncc2CN)C1,CC(C)(C)OC(=O)N1CCC(c2[nH]ncc2CNC(=O)C2C3CCC2(c2cncs2)C3)C1,Amidation,,
C149026,1,,,,NCC(CCO)c1ccncc1,Cn1cnc2c1C(C(=O)O)CC(=O)N2,Cn1cnc2c1C(C(=O)NCC(CCO)c1ccncc1)CC(=O)N2,Amidation,,
C141254,1,,,,O=C(O)CN1C(=O)C2CCCCC2C1=O,Nc1cnn(C2CCC(=O)NC2)c1,O=C1CCC(n2cc(NC(=O)CN3C(=O)C4CCCCC4C3=O)cn2)CN1,Amidation,,
C143910,1,,,,O=C(CO)Nc1ccc(F)cc1F,CN1CCNCCC12CC2,CN1CCN(CC(=O)Nc2ccc(F)cc2F)CCC12CC2,Mitsunobu_reaction_with_amine_alcohol_and_thioalcohol,,
C149041,1,,,,CC(C)(CN)c1cc[nH]c(=O)c1,CC1CCCn2c(CC(=O)O)cnc21,CC1CCCn2c(CC(=O)NCC(C)(C)c3cc[nH]c(=O)c3)cnc21,Amidation,,
C149043,1,,,,Cn1cncc1C1(C(=O)O)CC1,CCOC(=O)C(N)Cc1ccncc1,CCOC(=O)C(Cc1ccncc1)NC(=O)C1(c2cncn2C)CC1,Amidation,,
C142395,1,,,,CCCc1nc2ccccc2c(C(=O)O)c1CC,COC(=O)c1cc(N)c2ncccc2c1,CCCc1nc2ccccc2c(C(=O)Nc2cc(C(=O)OC)cc3cccnc23)c1CC,Amidation,,
C143917,1,,,,CC(O)C(=O)Nc1ccc2c(c1)OCO2,CN1CCNCCC12CC2,CC(C(=O)Nc1ccc2c(c1)OCO2)N1CCN(C)C2(CC1)CC2,Mitsunobu_reaction_with_amine_alcohol_and_thioalcohol,,
C141268,1,,,,CCCCC1(C)NC(=O)N(CC(=O)O)C1=O,Nc1cnn(C2CCC(=O)NC2)c1,CCCCC1(C)NC(=O)N(CC(=O)Nc2cnn(C3CCC(=O)NC3)c2)C1=O,Amidation,,
C143919,1,,,,O=C(CO)Nc1ccc2c(c1)OC(F)(F)O2,CN1CCNCCC12CC2,CN1CCN(CC(=O)Nc2ccc3c(c2)OC(F)(F)O3)CCC12CC2,Mitsunobu_reaction_with_amine_alcohol_and_thioalcohol,,
C149044,1,,,,CCC(C)(CN)c1ccncc1,CC1CCCn2c(CC(=O)O)cnc21,CCC(C)(CNC(=O)Cc1cnc2n1CCCC2C)c1ccncc1,Amidation,,
C149047,1,,,,CC1CCCn2c(CC(=O)O)cnc21,CC(C)(CN)c1ccncc1F,CC1CCCn2c(CC(=O)NCC(C)(C)c3ccncc3F)cnc21,Amidation,,
C149051,1,,,,Cc1nc2c(n1C)C(C(=O)O)CCC2,COc1cc(CCN)cc(C)n1,COc1cc(CCNC(=O)C2CCCc3nc(C)n(C)c32)cc(C)n1,Amidation,,
C149058,1,,,,O=C(O)Cc1cncn1Cc1ccccc1,NCCc1ccnc(Cl)c1,O=C(Cc1cncn1Cc1ccccc1)NCCc1ccnc(Cl)c1,Amidation,,
C142398,1,,,,O=C(O)c1cc(-c2ccco2)nc2ccccc12,COC(=O)c1cc(N)c2ncccc2c1,COC(=O)c1cc(NC(=O)c2cc(-c3ccco3)nc3ccccc23)c2ncccc2c1,Amidation,,
C149066,1,,,,O=C(O)Cc1cncn1Cc1ccccc1,NCCc1c(Br)cncc1Br,O=C(Cc1cncn1Cc1ccccc1)NCCc1c(Br)cncc1Br,Amidation,,
C141289,1,,,,O=C(O)CN1C(=O)C2CCCCC2C1=O,Nc1cnn(C2CCC(=O)NC2=O)c1,O=C1CCC(n2cc(NC(=O)CN3C(=O)C4CCCCC4C3=O)cn2)C(=O)N1,Amidation,,
C149067,1,,,,O=C(O)Cc1cncn1Cc1ccccc1,CC(CN)c1ccncc1Br,CC(CNC(=O)Cc1cncn1Cc1ccccc1)c1ccncc1Br,Amidation,,
C149071,1,,,,CC(C)(CN)c1ccncc1,O=C(O)Cc1cncn1Cc1ccccc1,CC(C)(CNC(=O)Cc1cncn1Cc1ccccc1)c1ccncc1,Amidation,,
C149075,1,,,,Cc1nc2c(n1C)C(C(=O)O)CCC2,NCCc1ccnc(C(F)(F)F)c1,Cc1nc2c(n1C)C(C(=O)NCCc1ccnc(C(F)(F)F)c1)CCC2,Amidation,,
C147353,1,,,,Cc1nc2ccccc2n1C(C(=O)O)C(C)C,CC1CC(O)C1N,Cc1nc2ccccc2n1C(C(=O)NC1C(C)CC1O)C(C)C,Amidation,,
C149083,1,,,,NCC1(c2ccncc2)CCCC1,Cc1nc2c(n1C)C(C(=O)O)CCC2,Cc1nc2c(n1C)C(C(=O)NCC1(c3ccncc3)CCCC1)CCC2,Amidation,,
C149084,1,,,,Cn1cncc1C1(C(=O)O)CC1,NC(Cc1ccncc1)CC1CCCC1,Cn1cncc1C1(C(=O)NC(Cc2ccncc2)CC2CCCC2)CC1,Amidation,,
C149090,1,,,,CC1CCCn2c(CC(=O)O)cnc21,NC(CO)Cc1cc(Br)nc(Br)c1,CC1CCCn2c(CC(=O)NC(CO)Cc3cc(Br)nc(Br)c3)cnc21,Amidation,,
C149091,1,,,,CC1CCCn2c(CC(=O)O)cnc21,NCC1(c2ccncc2F)CCC1,CC1CCCn2c(CC(=O)NCC3(c4ccncc4F)CCC3)cnc21,Amidation,,
C149092,1,,,,COc1cc(C(C)(C)CN)ccn1,CC1CCCn2c(CC(=O)O)cnc21,COc1cc(C(C)(C)CNC(=O)Cc2cnc3n2CCCC3C)ccn1,Amidation,,
C149100,1,,,,NCC1(c2ccnc(O)c2)CCC1,CC1CCCn2c(CC(=O)O)cnc21,CC1CCCn2c(CC(=O)NCC3(c4ccnc(O)c4)CCC3)cnc21,Amidation,,
C149102,1,,,,COC(=O)C(N)Cc1ccncc1,CC1CCCn2c(CC(=O)O)cnc21,COC(=O)C(Cc1ccncc1)NC(=O)Cc1cnc2n1CCCC2C,Amidation,,
C149111,1,,,,COc1cc(C(C)(C)CN)ccn1,Cc1nc2n(c1CC(=O)O)CCCC2,COc1cc(C(C)(C)CNC(=O)Cc2c(C)nc3n2CCCC3)ccn1,Amidation,,
C141337,1,,,,CCCCC1(C)NC(=O)N(C(C)C(=O)O)C1=O,Nc1cnn(C2CCC(=O)NC2)c1,CCCCC1(C)NC(=O)N(C(C)C(=O)Nc2cnn(C3CCC(=O)NC3)c2)C1=O,Amidation,,
C147360,1,,,,CC1(N)CCC1O,CCCc1nc2ccccc2n1C(C)C(=O)O,CCCc1nc2ccccc2n1C(C)C(=O)NC1(C)CCC1O,Amidation,,
C142410,1,,,,Cc1cc(C)c2c(C(=O)O)cc(C3CC3)nc2c1,CC(C)(C)c1cc(N)c2ncccc2c1,Cc1cc(C)c2c(C(=O)Nc3cc(C(C)(C)C)cc4cccnc34)cc(C3CC3)nc2c1,Amidation,,
C149119,1,,,,O=C(O)C1CCCn2cncc21,NC(Cc1ccncc1)CC1CCCC1,O=C(NC(Cc1ccncc1)CC1CCCC1)C1CCCn2cncc21,Amidation,,
C149121,1,,,,NCC1(c2ccncc2)CCCC1,Cn1cnc2c1C(C(=O)O)CC(=O)N2,Cn1cnc2c1C(C(=O)NCC1(c3ccncc3)CCCC1)CC(=O)N2,Amidation,,
C149122,1,,,,Cn1cnc2c1C(C(=O)O)CC(=O)N2,NCC1(c2ccncc2F)CCC1,Cn1cnc2c1C(C(=O)NCC1(c3ccncc3F)CCC1)CC(=O)N2,Amidation,,
C142411,1,,,,Cc1cc(C)c2c(C(=O)O)cc(C3CC3)nc2c1,Nc1cc(C(F)(F)F)cc2cccnc12,Cc1cc(C)c2c(C(=O)Nc3cc(C(F)(F)F)cc4cccnc34)cc(C3CC3)nc2c1,Amidation,,
C149128,1,,,,O=C(O)Cc1cncn1Cc1ccccc1,CC(C)(N)Cc1ccncc1,CC(C)(Cc1ccncc1)NC(=O)Cc1cncn1Cc1ccccc1,Amidation,,
C142412,1,,,,O=C(O)c1c2c(nc3ccc(Br)cc13)CCCC2,CC(C)(C)c1cc(N)c2ncccc2c1,CC(C)(C)c1cc(NC(=O)c2c3c(nc4ccc(Br)cc24)CCCC3)c2ncccc2c1,Amidation,,
C141352,1,,,,O=C(O)CN1C(=O)NC2(CCCCC2)C1=O,Nc1cnn(C2CCC(=O)NC2=O)c1,O=C1CCC(n2cc(NC(=O)CN3C(=O)NC4(CCCCC4)C3=O)cn2)C(=O)N1,Amidation,,
C149131,1,,,,O=C(O)Cc1cncn1Cc1ccccc1,NCCc1c(F)cncc1F,O=C(Cc1cncn1Cc1ccccc1)NCCc1c(F)cncc1F,Amidation,,
C147363,1,,,,NC1CCOC1,CC(C)C(C(=O)O)n1cnc2cc(F)c(F)cc21,CC(C)C(C(=O)NC1CCOC1)n1cnc2cc(F)c(F)cc21,Amidation,,
C149134,1,,,,O=C(O)Cc1cncn1Cc1ccccc1,NCCc1c(Cl)cncc1Cl,O=C(Cc1cncn1Cc1ccccc1)NCCc1c(Cl)cncc1Cl,Amidation,,
C149135,1,,,,CCC(C)(CN)c1ccncc1,O=C(O)Cc1cncn1Cc1ccccc1,CCC(C)(CNC(=O)Cc1cncn1Cc1ccccc1)c1ccncc1,Amidation,,
C149139,1,,,,O=C(O)Cc1cncn1C1CC1,NCCc1ccnc(Oc2ccccc2)c1,O=C(Cc1cncn1C1CC1)NCCc1ccnc(Oc2ccccc2)c1,Amidation,,
C149140,1,,,,O=C(O)Cc1cncn1C1CC1,CC(C)(C)OC(=O)C(N)Cc1ccncc1,CC(C)(C)OC(=O)C(Cc1ccncc1)NC(=O)Cc1cncn1C1CC1,Amidation,,
C149141,1,,,,CN(C)C(C(=O)O)c1cncn1C,COC(=O)C(N)Cc1cc(F)nc(F)c1,COC(=O)C(Cc1cc(F)nc(F)c1)NC(=O)C(c1cncn1C)N(C)C,Amidation,,
C149144,1,,,,COc1cc(C2(CN)CCC2)ccn1,Cc1nc2c(n1C)C(C(=O)O)CCC2,COc1cc(C2(CNC(=O)C3CCCc4nc(C)n(C)c43)CCC2)ccn1,Amidation,,
C149150,1,,,,Cc1nc2c(n1C)C(C(=O)O)CCC2,CCOC(=O)C(N)Cc1ccncc1,CCOC(=O)C(Cc1ccncc1)NC(=O)C1CCCc2nc(C)n(C)c21,Amidation,,
C141373,1,,,,CN1C(=O)N(CC(=O)O)C(=O)C12CCCCC2,Nc1cnn(C2CCC(=O)NC2)c1,CN1C(=O)N(CC(=O)Nc2cnn(C3CCC(=O)NC3)c2)C(=O)C12CCCCC2,Amidation,,
C147368,1,,,,NC1CCOC1,CC(C(=O)O)n1c(C(F)(F)F)nc2ccccc21,CC(C(=O)NC1CCOC1)n1c(C(F)(F)F)nc2ccccc21,Amidation,,
C141387,1,,,,CC(C(=O)O)N1C(=O)C2CC=CCC2C1=O,Nc1cnn(C2CCC(=O)NC2=O)c1,CC(C(=O)Nc1cnn(C2CCC(=O)NC2=O)c1)N1C(=O)C2CC=CCC2C1=O,Amidation,,
C142419,1,,,,O=C(O)c1cc(Cl)nc2c(S(=O)(=O)F)cccc12,Nc1cc(C(F)(F)F)cc2cccnc12,O=C(Nc1cc(C(F)(F)F)cc2cccnc12)c1cc(Cl)nc2c(S(=O)(=O)F)cccc12,Amidation,,
C149165,1,,,,COc1cc(C2(CN)CCC2)ccn1,CC1CCCn2c(CC(=O)O)cnc21,COc1cc(C2(CNC(=O)Cc3cnc4n3CCCC4C)CCC2)ccn1,Amidation,,
C149172,1,,,,Cc1nc2n(c1CC(=O)O)CCCC2,COC(=O)C(C)(N)Cc1ccncc1,COC(=O)C(C)(Cc1ccncc1)NC(=O)Cc1c(C)nc2n1CCCC2,Amidation,,
C141395,1,,,,CC1CCC2(CC1)NC(=O)N(CC(=O)O)C2=O,Nc1cnn(C2CCC(=O)NC2)c1,CC1CCC2(CC1)NC(=O)N(CC(=O)Nc1cnn(C3CCC(=O)NC3)c1)C2=O,Amidation,,
C149174,1,,,,COc1cc(C2(CN)CCC2)ccn1,Cc1nc2n(c1CC(=O)O)CCCC2,COc1cc(C2(CNC(=O)Cc3c(C)nc4n3CCCC4)CCC2)ccn1,Amidation,,
C147372,1,,,,CCCc1nc2ccccc2n1C(C)C(=O)O,NC1COCC1O,CCCc1nc2ccccc2n1C(C)C(=O)NC1COCC1O,Amidation,,
C141400,1,,,,CCCCC1(C)NC(=O)N(C(C)C(=O)O)C1=O,Nc1cnn(C2CCC(=O)NC2=O)c1,CCCCC1(C)NC(=O)N(C(C)C(=O)Nc2cnn(C3CCC(=O)NC3=O)c2)C1=O,Amidation,,
C141403,1,,,,CC1CCC2(CC1)NC(=O)N(CC(=O)O)C2=O,Nc1cnn(C2CCC(=O)NC2=O)c1,CC1CCC2(CC1)NC(=O)N(CC(=O)Nc1cnn(C3CCC(=O)NC3=O)c1)C2=O,Amidation,,
C149185,1,,,,O=C(O)Cc1cncn1C1CC1,NC(Cc1ccncc1)c1ccc(Cl)c(Cl)c1,O=C(Cc1cncn1C1CC1)NC(Cc1ccncc1)c1ccc(Cl)c(Cl)c1,Amidation,,
C149187,1,,,,Cc1nc2n(c1CC(=O)O)CCCC2,CCOC(=O)C(N)Cc1ccnc(F)c1,CCOC(=O)C(Cc1ccnc(F)c1)NC(=O)Cc1c(C)nc2n1CCCC2,Amidation,,
C149188,1,,,,Cc1nc2n(c1CC(=O)O)CCCC2,CCOC(=O)C(N)C(O)c1ccncc1,CCOC(=O)C(NC(=O)Cc1c(C)nc2n1CCCC2)C(O)c1ccncc1,Amidation,,
C149191,1,,,,CC1CCCn2c(CC(=O)O)cnc21,NC1CCN(CCc2ccncc2)CC1,CC1CCCn2c(CC(=O)NC3CCN(CCc4ccncc4)CC3)cnc21,Amidation,,
C141416,1,,,,CC1CC(C)CC2(C1)NC(=O)N(CC(=O)O)C2=O,Nc1cnn(C2CCC(=O)NC2)c1,CC1CC(C)CC2(C1)NC(=O)N(CC(=O)Nc1cnn(C3CCC(=O)NC3)c1)C2=O,Amidation,,
C149202,1,,,,CC1CCCn2c(CC(=O)O)cnc21,COC(=O)C(N)Cc1cc(F)nc(F)c1,COC(=O)C(Cc1cc(F)nc(F)c1)NC(=O)Cc1cnc2n1CCCC2C,Amidation,,
C149204,1,,,,CC1CCCn2c(CC(=O)O)cnc21,NC(Cc1ccncc1)CC1CCCC1,CC1CCCn2c(CC(=O)NC(Cc3ccncc3)CC3CCCC3)cnc21,Amidation,,
C141428,1,,,,CN1C(=O)N(CC(=O)O)C(=O)C12CCCCC2,Nc1cnn(C2CCC(=O)NC2=O)c1,CN1C(=O)N(CC(=O)Nc2cnn(C3CCC(=O)NC3=O)c2)C(=O)C12CCCCC2,Amidation,,
C149206,1,,,,CC1CCCn2c(CC(=O)O)cnc21,NC(Cc1ccncc1)c1ccncc1,CC1CCCn2c(CC(=O)NC(Cc3ccncc3)c3ccncc3)cnc21,Amidation,,
C149207,1,,,,CC1CCCn2c(CC(=O)O)cnc21,CCOC(=O)C(N)Cc1ccnc(F)c1,CCOC(=O)C(Cc1ccnc(F)c1)NC(=O)Cc1cnc2n1CCCC2C,Amidation,,
C149208,1,,,,CC1CCCn2c(CC(=O)O)cnc21,CCOC(=O)C(N)C(O)c1ccncc1,CCOC(=O)C(NC(=O)Cc1cnc2n1CCCC2C)C(O)c1ccncc1,Amidation,,
C149211,1,,,,CC1CCCn2c(CC(=O)O)cnc21,Fc1cncc(Cl)c1CC1CCCCN1,CC1CCCn2c(CC(=O)N3CCCCC3Cc3c(F)cncc3Cl)cnc21,Amidation,,
C138634,1,,,,CC(Br)C(=O)Br,Nc1nc(Cl)nc2scnc12,CC(Br)C(Br)Nc1nc(Cl)nc2scnc12,Reductive_amination,,
C149220,1,,,,CC(C)n1cncc1CC(=O)O,CCOC(=O)C(N)Cc1ccnc([N+](=O)[O-])c1,CCOC(=O)C(Cc1ccnc([N+](=O)[O-])c1)NC(=O)Cc1cncn1C(C)C,Amidation,,
C149222,1,,,,CCn1cncc1CC(=O)O,CC(C)(C)OC(=O)N1CCc2ccnc(N)c2C1,CCn1cncc1CC(=O)Nc1nccc2c1CN(C(=O)OC(C)(C)C)CC2,Amidation,,
C141452,1,,,,CC1(C)CCCC2(C1)NC(=O)N(CC(=O)O)C2=O,Nc1cnn(C2CCC(=O)NC2)c1,CC1(C)CCCC2(C1)NC(=O)N(CC(=O)Nc1cnn(C3CCC(=O)NC3)c1)C2=O,Amidation,,
C147383,1,,,,CCCc1nc2ccccc2n1C(C)C(=O)O,CC1(C)OCC1N,CCCc1nc2ccccc2n1C(C)C(=O)NC1COC1(C)C,Amidation,,
C149233,1,,,,CC1CCCn2c(CC(=O)O)cnc21,CC(C)(C)OC(=O)C(N)Cc1ccncc1,CC1CCCn2c(CC(=O)NC(Cc3ccncc3)C(=O)OC(C)(C)C)cnc21,Amidation,,
C149234,1,,,,CC1CCCn2c(CC(=O)O)cnc21,NCCc1ccnc(Oc2ccccc2)c1,CC1CCCn2c(CC(=O)NCCc3ccnc(Oc4ccccc4)c3)cnc21,Amidation,,
C149236,1,,,,CC1CCCn2c(CC(=O)O)cnc21,CCOC(=O)C(N)Cc1ccnc(Br)c1Br,CCOC(=O)C(Cc1ccnc(Br)c1Br)NC(=O)Cc1cnc2n1CCCC2C,Amidation,,
C147385,1,,,,CCCc1nc2ccccc2n1C(C)C(=O)O,NC1CCCC1O,CCCc1nc2ccccc2n1C(C)C(=O)NC1CCCC1O,Amidation,,
C149243,1,,,,O=C(O)Cc1cncn1Cc1ccccc1,CCOC(=O)C(N)Cc1ccncc1,CCOC(=O)C(Cc1ccncc1)NC(=O)Cc1cncn1Cc1ccccc1,Amidation,,
C149246,1,,,,O=C(O)Cc1cnc2n1CCOC2,CC(C)(C)OC(=O)N1CCc2ccnc(N)c2C1,CC(C)(C)OC(=O)N1CCc2ccnc(NC(=O)Cc3cnc4n3CCOC4)c2C1,Amidation,,
C149249,1,,,,CC1CCCn2c(CC(=O)O)cnc21,NC(Cc1ccncc1)c1ccc(Cl)c(Cl)c1,CC1CCCn2c(CC(=O)NC(Cc3ccncc3)c3ccc(Cl)c(Cl)c3)cnc21,Amidation,,
C149250,1,,,,O=C(O)Cc1cncn1Cc1ccccc1,COC(=O)C(N)Cc1cc(F)nc(F)c1,COC(=O)C(Cc1cc(F)nc(F)c1)NC(=O)Cc1cncn1Cc1ccccc1,Amidation,,
C147387,1,,,,NC12COCC1C2,CCCc1nc2ccccc2n1C(C)C(=O)O,CCCc1nc2ccccc2n1C(C)C(=O)NC12COCC1C2,Amidation,,
C149254,1,,,,CC1CCCn2c(CC(=O)O)cnc21,CCOC(=O)C(N)Cc1ccnc([N+](=O)[O-])c1,CCOC(=O)C(Cc1ccnc([N+](=O)[O-])c1)NC(=O)Cc1cnc2n1CCCC2C,Amidation,,
C142437,1,,,,Cc1cc(C)c2nc(C3CC3)cc(C(=O)O)c2c1,CC(C)(C)c1cc(N)c2ncccc2c1,Cc1cc(C)c2nc(C3CC3)cc(C(=O)Nc3cc(C(C)(C)C)cc4cccnc34)c2c1,Amidation,,
C149255,1,,,,Cc1nc2n(c1CC(=O)O)CCCC2,CCOC(=O)C(N)Cc1ccnc([N+](=O)[O-])c1,CCOC(=O)C(Cc1ccnc([N+](=O)[O-])c1)NC(=O)Cc1c(C)nc2n1CCCC2,Amidation,,
C147388,1,,,,CCCc1nc2ccccc2n1C(C)C(=O)O,NC1COCC1F,CCCc1nc2ccccc2n1C(C)C(=O)NC1COCC1F,Amidation,,
C149257,1,,,,O=C(O)Cc1cncn1Cc1ccccc1,CCOC(=O)C(N)Cc1ccnc(Br)c1Br,CCOC(=O)C(Cc1ccnc(Br)c1Br)NC(=O)Cc1cncn1Cc1ccccc1,Amidation,,
C147392,1,,,,CCCc1nc2ccccc2n1C(C)C(=O)O,CC1OCCC1N,CCCc1nc2ccccc2n1C(C)C(=O)NC1CCOC1C,Amidation,,
C141500,1,,,,O=C(O)CN1C(=O)NC(c2cccs2)(C2CC2)C1=O,Nc1cnn(C2CCC(=O)NC2)c1,O=C1CCC(n2cc(NC(=O)CN3C(=O)NC(c4cccs4)(C4CC4)C3=O)cn2)CN1,Amidation,,
C147393,1,,,,CC1(N)CCOC1,CCCc1nc2ccccc2n1C(C)C(=O)O,CCCc1nc2ccccc2n1C(C)C(=O)NC1(C)CCOC1,Amidation,,
C135927,1,,,,NCC1(C2CCCO2)CCC1,O=C(O)c1csc2c(Br)ccnc12,O=C(O)c1csc2c(NCC3(C4CCCO4)CCC3)ccnc12,N-nucleophilic_aromatic_substitution,,
C141510,1,,,,CC1(C)CCCC2(C1)NC(=O)N(CC(=O)O)C2=O,Nc1cnn(C2CCC(=O)NC2=O)c1,CC1(C)CCCC2(C1)NC(=O)N(CC(=O)Nc1cnn(C3CCC(=O)NC3=O)c1)C2=O,Amidation,,
C147395,1,,,,CCCc1nc2ccccc2n1C(C)C(=O)O,NC1CCOC1=O,CCCc1nc2ccccc2n1C(C)C(=O)NC1CCOC1=O,Amidation,,
C147400,1,,,,CC(O)C1(N)CC1,CCCc1nc2ccccc2n1C(C)C(=O)O,CCCc1nc2ccccc2n1C(C)C(=O)NC1(C(C)O)CC1,Amidation,,
C147401,1,,,,CC1COCC1N,CCCc1nc2ccccc2n1C(C)C(=O)O,CCCc1nc2ccccc2n1C(C)C(=O)NC1COCC1C,Amidation,,
C147403,1,,,,CCCc1nc2ccccc2n1C(C)C(=O)O,C=C1COCC1N,C=C1COCC1NC(=O)C(C)n1c(CCC)nc2ccccc21,Amidation,,
C141584,1,,,,O=C(O)CNC(=O)C1CC1c1ccc(Cl)c(Cl)c1,Nc1cnn(C2CCC(=O)NC2=O)c1,O=C1CCC(n2cc(NC(=O)CNC(=O)C3CC3c3ccc(Cl)c(Cl)c3)cn2)C(=O)N1,Amidation,,
C141587,1,,,,CC1CC(C)CC2(C1)NC(=O)N(CC(=O)O)C2=O,Nc1cnn(C2CCC(=O)NC2=O)c1,CC1CC(C)CC2(C1)NC(=O)N(CC(=O)Nc1cnn(C3CCC(=O)NC3=O)c1)C2=O,Amidation,,
C141590,1,,,,CC1CC(C)(C)CC2(C1)NC(=O)N(CC(=O)O)C2=O,Nc1cnn(C2CCC(=O)NC2)c1,CC1CC(C)(C)CC2(C1)NC(=O)N(CC(=O)Nc1cnn(C3CCC(=O)NC3)c1)C2=O,Amidation,,
C141595,1,,,,C#CCCSC1=C(C(=O)O)N2C(=O)C(C(C)O)C2C1C,Nc1cnn(C2CCC(=O)NC2)c1,C#CCCSC1=C(C(=O)Nc2cnn(C3CCC(=O)NC3)c2)N2C(=O)C(C(C)O)C2C1C,Amidation,,
C141602,1,,,,CNC(=O)c1ccn(C2CCCNC2)n1,CSCC(C(=O)O)N1C(=O)C2CCCCC2C1=O,CNC(=O)c1ccn(C2CCCN(C(=O)C(CSC)N3C(=O)C4CCCCC4C3=O)C2)n1,Amidation,,
C136022,1,,,,CC1(C)CCCN(CCN)C1,COC(=O)c1csc2c(Br)ccnc12,COC(=O)c1csc2c(NCCN3CCCC(C)(C)C3)ccnc12,N-nucleophilic_aromatic_substitution,,
C141605,1,,,,Nc1ccc2c(c1)CN(c1ccccc1)C2,O=C(O)c1ccc2c(c1)C1(CC1)C(=O)N2,O=C(Nc1ccc2c(c1)CN(c1ccccc1)C2)c1ccc2c(c1)C1(CC1)C(=O)N2,Amidation,,
C141606,1,,,,O=C(O)c1ccc2c(c1)C1(CCOCC1)C(=O)N2,Nc1ccc2c(c1)CN(c1ccccc1)C2,O=C(Nc1ccc2c(c1)CN(c1ccccc1)C2)c1ccc2c(c1)C1(CCOCC1)C(=O)N2,Amidation,,
C141608,1,,,,CC(C)c1ccc(N2Cc3ccc(N)cc3C2)cc1,CN1C(=O)C(C)(C)c2cc(C(=O)O)ccc21,CC(C)c1ccc(N2Cc3ccc(NC(=O)c4ccc5c(c4)C(C)(C)C(=O)N5C)cc3C2)cc1,Amidation,,
C141729,1,,,,O=C(O)c1ccc(-c2nc[nH]n2)nc1,NCc1ccnc(-c2ccccn2)n1,O=C(NCc1ccnc(-c2ccccn2)n1)c1ccc(-c2nc[nH]n2)nc1,Amidation,,
C141731,1,,,,O=C(O)c1ccc(-c2nc[nH]n2)nc1,NCc1cc(=O)n2ccc(Br)cc2n1,O=C(NCc1cc(=O)n2ccc(Br)cc2n1)c1ccc(-c2nc[nH]n2)nc1,Amidation,,
C138877,1,,,,O=C(O)CCc1cc2ccccc2[nH]c1=O,OCc1cnc2n1CCC2,O=C(CCc1cc2ccccc2[nH]c1=O)OCc1cnc2n1CCC2,Steglich_esterification,,
C138878,1,,,,O=C(O)CCc1cc2ccccc2[nH]c1=O,OCc1cncn1C1CC1,O=C(CCc1cc2ccccc2[nH]c1=O)OCc1cncn1C1CC1,Steglich_esterification,,
C138879,1,,,,O=C(O)CCc1cc2ccccc2[nH]c1=O,CC(C)n1cncc1CO,CC(C)n1cncc1COC(=O)CCc1cc2ccccc2[nH]c1=O,Steglich_esterification,,
C138880,1,,,,NC(Cc1cnc2ccccc2c1)C(=O)O,OCc1cncn1C1CC1,NC(Cc1cnc2ccccc2c1)C(=O)OCc1cncn1C1CC1,Steglich_esterification,,
C138881,1,,,,NC(Cc1cnc2ccccc2c1)C(=O)O,CC(C)n1cncc1CO,CC(C)n1cncc1COC(=O)C(N)Cc1cnc2ccccc2c1,Steglich_esterification,,
C138882,1,,,,NC(Cc1cnc2ccccc2c1)C(=O)O,OCc1cnc2n1CCC2,NC(Cc1cnc2ccccc2c1)C(=O)OCc1cnc2n1CCC2,Steglich_esterification,,
C138883,1,,,,O=C(O)CCc1cc2ccccc2[nH]c1=O,OCc1cnc2n1CCOC2,O=C(CCc1cc2ccccc2[nH]c1=O)OCc1cnc2n1CCOC2,Steglich_esterification,,
C138884,1,,,,O=C(O)CCc1cc2ccccc2[nH]c1=O,OC1CCCn2c1cnc2Br,O=C(CCc1cc2ccccc2[nH]c1=O)OC1CCCn2c1cnc2Br,Steglich_esterification,,
C138885,1,,,,O=C(O)CCc1cc2ccccc2[nH]c1=O,OCc1cncn1CC(F)F,O=C(CCc1cc2ccccc2[nH]c1=O)OCc1cncn1CC(F)F,Steglich_esterification,,
C138886,1,,,,NC(Cc1cnc2ccccc2c1)C(=O)O,OC1CCCn2c1cnc2Br,NC(Cc1cnc2ccccc2c1)C(=O)OC1CCCn2c1cnc2Br,Steglich_esterification,,
C138887,1,,,,NC(Cc1cnc2ccccc2c1)C(=O)O,OCc1cncn1CC(F)F,NC(Cc1cnc2ccccc2c1)C(=O)OCc1cncn1CC(F)F,Steglich_esterification,,
C138891,1,,,,NC(Cc1cnc2ccccc2c1)C(=O)O,OCc1cnc2n1CCOC2,NC(Cc1cnc2ccccc2c1)C(=O)OCc1cnc2n1CCOC2,Steglich_esterification,,
C138892,1,,,,O=C(O)CCc1cc2ccccc2[nH]c1=O,OCc1cncn1CC(F)(F)F,O=C(CCc1cc2ccccc2[nH]c1=O)OCc1cncn1CC(F)(F)F,Steglich_esterification,,
C141757,1,,,,COC(=O)c1cc(Cl)c2[nH]cc(C)c2c1,CN1Cc2cc(N)ccc2C1=O,Cc1c[nH]c2c(Cl)cc(C(=O)Nc3ccc4c(c3)CN(C)C4=O)cc12,Ester_amidation,,
C141758,1,,,,COC(=O)c1cc(Cl)c2[nH]cc(C)c2c1,CN1C(=O)c2ccc(N)cc2C1=O,Cc1c[nH]c2c(Cl)cc(C(=O)Nc3ccc4c(c3)C(=O)N(C)C4=O)cc12,Ester_amidation,,
C138895,1,,,,NC(Cc1cnc2ccccc2c1)C(=O)O,OCc1c(Br)nc2n1CCOC2,NC(Cc1cnc2ccccc2c1)C(=O)OCc1c(Br)nc2n1CCOC2,Steglich_esterification,,
C138896,1,,,,NC(Cc1cnc2ccccc2c1)C(=O)O,OCc1cncn1CC(F)(F)F,NC(Cc1cnc2ccccc2c1)C(=O)OCc1cncn1CC(F)(F)F,Steglich_esterification,,
C138897,1,,,,O=C(O)CCc1cc2ccccc2[nH]c1=O,OCc1c(Br)nc2n1CCOC2,O=C(CCc1cc2ccccc2[nH]c1=O)OCc1c(Br)nc2n1CCOC2,Steglich_esterification,,
C141759,1,,,,COC(=O)c1cc(Cl)c2[nH]cc(C)c2c1,CCN1Cc2cc(N)ccc2C1=O,CCN1Cc2cc(NC(=O)c3cc(Cl)c4[nH]cc(C)c4c3)ccc2C1=O,Ester_amidation,,
C141760,1,,,,COC(=O)c1cc(Cl)c2[nH]cc(C)c2c1,CCCCN1Cc2cc(N)ccc2C1=O,CCCCN1Cc2cc(NC(=O)c3cc(Cl)c4[nH]cc(C)c4c3)ccc2C1=O,Ester_amidation,,
C138901,1,,,,NC(Cc1cnc2ccccc2c1)C(=O)O,OCc1cncn1Cc1ccccc1,NC(Cc1cnc2ccccc2c1)C(=O)OCc1cncn1Cc1ccccc1,Steglich_esterification,,
C138902,1,,,,O=C(O)CCc1cc2ccccc2[nH]c1=O,OCc1cncn1Cc1ccccc1,O=C(CCc1cc2ccccc2[nH]c1=O)OCc1cncn1Cc1ccccc1,Steglich_esterification,,
C138903,1,,,,O=C(O)CCc1cc2ccccc2[nH]c1=O,OCc1cnc(S)n1Cc1ccccc1,O=C(CCc1cc2ccccc2[nH]c1=O)OCc1cnc(S)n1Cc1ccccc1,Steglich_esterification,,
C138904,1,,,,NC(Cc1cnc2ccccc2c1)C(=O)O,OCc1cnc(S)n1Cc1ccccc1,NC(Cc1cnc2ccccc2c1)C(=O)OCc1cnc(S)n1Cc1ccccc1,Steglich_esterification,,
C138906,1,,,,NC(Cc1cnc2ccccc2c1)C(=O)O,OCc1cnc(S)n1Cc1cccc(F)c1,NC(Cc1cnc2ccccc2c1)C(=O)OCc1cnc(S)n1Cc1cccc(F)c1,Steglich_esterification,,
C138908,1,,,,O=C(O)CCc1cc2ccccc2[nH]c1=O,OCc1cnc(S)n1Cc1cccc(F)c1,O=C(CCc1cc2ccccc2[nH]c1=O)OCc1cnc(S)n1Cc1cccc(F)c1,Steglich_esterification,,
C138909,1,,,,NC(Cc1cnc2ccccc2c1)C(=O)O,CC(c1ccc(Cl)cc1)n1c(CO)cnc1S,CC(c1ccc(Cl)cc1)n1c(COC(=O)C(N)Cc2cnc3ccccc3c2)cnc1S,Steglich_esterification,,
C138910,1,,,,O=C(O)CCc1cc2ccccc2[nH]c1=O,CC(c1ccc(Cl)cc1)n1c(CO)cnc1S,CC(c1ccc(Cl)cc1)n1c(COC(=O)CCc2cc3ccccc3[nH]c2=O)cnc1S,Steglich_esterification,,
C141816,1,,,,Cc1cn2ccc(C(=O)O)cc2n1,CCOC(=O)c1nc(N)sc1Cl,CCOC(=O)c1nc(NC(=O)c2ccn3cc(C)nc3c2)sc1Cl,Amidation,,
C141820,1,,,,Cc1cnc2cc(C(=O)O)ccn12,CCOC(=O)c1nc(N)sc1Br,CCOC(=O)c1nc(NC(=O)c2ccn3c(C)cnc3c2)sc1Br,Amidation,,
C141824,1,,,,O=C(O)c1cc2nccn2cc1F,CCOC(=O)c1nc(N)sc1Cl,CCOC(=O)c1nc(NC(=O)c2cc3nccn3cc2F)sc1Cl,Amidation,,
C141827,1,,,,O=C(O)c1cc2nccn2cc1F,CCOC(=O)c1nc(N)sc1Br,CCOC(=O)c1nc(NC(=O)c2cc3nccn3cc2F)sc1Br,Amidation,,
C141831,1,,,,O=C(O)c1cc(Br)n2ccnc2c1,CCOC(=O)c1nc(N)sc1Br,CCOC(=O)c1nc(NC(=O)c2cc(Br)n3ccnc3c2)sc1Br,Amidation,,
C141833,1,,,,O=C(O)c1cc2nccn2cc1Br,CCOC(=O)c1nc(N)sc1Cl,CCOC(=O)c1nc(NC(=O)c2cc3nccn3cc2Br)sc1Cl,Amidation,,
C138957,1,,,,CN(C)C(C)(C)CO,S=c1nc2ccccc2c(NC2CC2)[nH]1,CN(C)C(C)(C)CN(c1[nH]c(=S)nc2ccccc12)C1CC1,Mitsunobu_reaction_with_amine_alcohol_and_thioalcohol,,
C141837,1,,,,O=C(O)c1cc2nccn2cc1Br,CCOC(=O)c1nc(N)sc1Br,CCOC(=O)c1nc(NC(=O)c2cc3nccn3cc2Br)sc1Br,Amidation,,
C141839,1,,,,O=C(O)c1cc(Br)n2ccnc2c1,CCOC(=O)c1nc(N)sc1Cl,CCOC(=O)c1nc(NC(=O)c2cc(Br)n3ccnc3c2)sc1Cl,Amidation,,
C141842,1,,,,O=C(O)c1cc(Br)n2ccnc2c1,CCOC(=O)c1nc(N)sc1CC,CCOC(=O)c1nc(NC(=O)c2cc(Br)n3ccnc3c2)sc1CC,Amidation,,
C141843,1,,,,O=C(O)c1cc(Br)n2ccnc2c1,CCNc1nc(C(=O)OCC)cs1,CCOC(=O)c1csc(N(CC)C(=O)c2cc(Br)n3ccnc3c2)n1,Amidation,,
C138966,1,,,,Clc1nc(NCc2ccco2)c2ccccc2n1,CC1(CO)N=N1,CC1(CN(Cc2ccco2)c2nc(Cl)nc3ccccc23)N=N1,Mitsunobu_reaction_with_amine_alcohol_and_thioalcohol,,
C141844,1,,,,O=C(O)c1cc2nccn2cc1F,CCOC(=O)c1nc(N)sc1CC,CCOC(=O)c1nc(NC(=O)c2cc3nccn3cc2F)sc1CC,Amidation,,
C138968,1,,,,CC1(CO)N=N1,S=c1nc(Nc2ccccc2)c2ccccc2[nH]1,CC1(CN(c2ccccc2)c2nc(=S)[nH]c3ccccc23)N=N1,Mitsunobu_reaction_with_amine_alcohol_and_thioalcohol,,
C141845,1,,,,O=C(O)c1cc2nccn2cc1Br,CCOC(=O)c1nc(N)sc1CC,CCOC(=O)c1nc(NC(=O)c2cc3nccn3cc2Br)sc1CC,Amidation,,
C138970,1,,,,O=C1CCC(CO)N1,c1coc(CNc2ncnc3ccccc23)c1,O=C1CCC(CN(Cc2ccco2)c2ncnc3ccccc23)N1,Mitsunobu_reaction_with_amine_alcohol_and_thioalcohol,,
C141853,1,,,,O=C(O)c1cc2ncc(Cl)n2cc1F,CCOC(=O)c1nc(N)sc1Cl,CCOC(=O)c1nc(NC(=O)c2cc3ncc(Cl)n3cc2F)sc1Cl,Amidation,,
C141854,1,,,,O=C(O)c1cc2ncc(Cl)n2cc1F,CCOC(=O)c1nc(N)sc1C,CCOC(=O)c1nc(NC(=O)c2cc3ncc(Cl)n3cc2F)sc1C,Amidation,,
C141855,1,,,,O=C(O)c1cc2ncc(Br)n2cc1F,CCOC(=O)c1nc(N)sc1C,CCOC(=O)c1nc(NC(=O)c2cc3ncc(Br)n3cc2F)sc1C,Amidation,,
C138978,1,,,,CC1(CO)N=N1,S=c1nc2ccccc2c(Nc2ccccc2Cl)[nH]1,CC1(CN(c2ccccc2Cl)c2[nH]c(=S)nc3ccccc23)N=N1,Mitsunobu_reaction_with_amine_alcohol_and_thioalcohol,,
C138979,1,,,,CC1(CO)N=N1,Clc1nc(NCc2ccccc2)c2ccccc2n1,CC1(CN(Cc2ccccc2)c2nc(Cl)nc3ccccc23)N=N1,Mitsunobu_reaction_with_amine_alcohol_and_thioalcohol,,
C141856,1,,,,O=C(O)c1cc2ncc(Cl)n2cc1F,CCOC(=O)c1nc(N)sc1Br,CCOC(=O)c1nc(NC(=O)c2cc3ncc(Cl)n3cc2F)sc1Br,Amidation,,
C136247,1,,,,O=C(O)c1csc2c(Br)ccnc12,CCCCCC(N)C1CC1,CCCCCC(Nc1ccnc2c(C(=O)O)csc12)C1CC1,N-nucleophilic_aromatic_substitution,,
C141859,1,,,,Cc1cn2ccc(C(=O)O)cc2n1,CCOC(=O)c1nc(N)sc1CC,CCOC(=O)c1nc(NC(=O)c2ccn3cc(C)nc3c2)sc1CC,Amidation,,
C141860,1,,,,O=C(O)c1cc2ncc(Br)n2cc1F,CCOC(=O)c1nc(N)sc1Cl,CCOC(=O)c1nc(NC(=O)c2cc3ncc(Br)n3cc2F)sc1Cl,Amidation,,
C141863,1,,,,O=C(O)c1cc2ncc(Br)n2cc1F,CCOC(=O)c1nc(N)sc1Br,CCOC(=O)c1nc(NC(=O)c2cc3ncc(Br)n3cc2F)sc1Br,Amidation,,
C141866,1,,,,O=Cc1cnc2cc(C(=O)O)c(Br)cn12,CCOC(=O)c1nc(N)sc1Br,CCOC(=O)c1nc(NC(=O)c2cc3ncc(C=O)n3cc2Br)sc1Br,Amidation,,
C141870,1,,,,O=C(O)c1cc2nccn2cc1Br,CCOC(=O)c1nc(N)sc1C(C)=O,CCOC(=O)c1nc(NC(=O)c2cc3nccn3cc2Br)sc1C(C)=O,Amidation,,
C141871,1,,,,O=C(O)c1cc(Br)n2ccnc2c1,C=CCNc1nc(C(=O)OCC)cs1,C=CCN(C(=O)c1cc(Br)n2ccnc2c1)c1nc(C(=O)OCC)cs1,Amidation,,
C141872,1,,,,O=C(O)c1cc(Br)n2ccnc2c1,CCOC(=O)c1nc(N)sc1C(C)=O,CCOC(=O)c1nc(NC(=O)c2cc(Br)n3ccnc3c2)sc1C(C)=O,Amidation,,
C141873,1,,,,O=Cc1cn2cc(Br)c(C(=O)O)cc2n1,CCOC(=O)c1nc(N)sc1Br,CCOC(=O)c1nc(NC(=O)c2cc3nc(C=O)cn3cc2Br)sc1Br,Amidation,,
C141874,1,,,,O=C(O)c1ccn2c(Br)cnc2c1,CCOC(=O)c1nc(N)sc1C(C)=O,CCOC(=O)c1nc(NC(=O)c2ccn3c(Br)cnc3c2)sc1C(C)=O,Amidation,,
C146897,1,,,,CCCn1c(=O)n(CC(=O)O)c2ccccc21,COCC(C)C(C)N,CCCn1c(=O)n(CC(=O)NC(C)C(C)COC)c2ccccc21,Amidation,,
C141876,1,,,,O=C(O)c1ccn2c(Br)cnc2c1,C=CCNc1nc(C(=O)OCC)cs1,C=CCN(C(=O)c1ccn2c(Br)cnc2c1)c1nc(C(=O)OCC)cs1,Amidation,,
C141877,1,,,,O=C(O)c1ccn2cc(C3CC3)nc2c1,CCOC(=O)c1nc(N)sc1Br,CCOC(=O)c1nc(NC(=O)c2ccn3cc(C4CC4)nc3c2)sc1Br,Amidation,,
C141878,1,,,,O=C(O)c1cc2ncc(Cl)n2cc1F,CCOC(=O)c1nc(N)sc1CC,CCOC(=O)c1nc(NC(=O)c2cc3ncc(Cl)n3cc2F)sc1CC,Amidation,,
C141879,1,,,,Cc1cn2ccc(C(=O)O)cc2n1,C=CCNc1nc(C(=O)OCC)cs1,C=CCN(C(=O)c1ccn2cc(C)nc2c1)c1nc(C(=O)OCC)cs1,Amidation,,
C141882,1,,,,O=C(O)c1cc2ncc(Br)n2cc1F,CCOC(=O)c1nc(N)sc1CC,CCOC(=O)c1nc(NC(=O)c2cc3ncc(Br)n3cc2F)sc1CC,Amidation,,
C146911,1,,,,CCCn1c(=O)n(CC(=O)O)c2ccccc21,NC1C2CCCOC12,CCCn1c(=O)n(CC(=O)NC2C3CCCOC32)c2ccccc21,Amidation,,
C141886,1,,,,O=C(O)c1cc(Br)n2ccnc2c1,CCOC(=O)c1nc(N)sc1C(F)(F)F,CCOC(=O)c1nc(NC(=O)c2cc(Br)n3ccnc3c2)sc1C(F)(F)F,Amidation,,
C141887,1,,,,Cc1cnc2cc(C(=O)O)ccn12,CCOC(=O)c1nc(N)sc1C(F)(F)F,CCOC(=O)c1nc(NC(=O)c2ccn3c(C)cnc3c2)sc1C(F)(F)F,Amidation,,
C146912,1,,,,CCCn1c(=O)n(CC(=O)O)c2ccccc21,NC1CC2COCC12,CCCn1c(=O)n(CC(=O)NC2CC3COCC32)c2ccccc21,Amidation,,
C141889,1,,,,O=C(O)c1cc2nccn2cc1F,CCOC(=O)c1nc(N)sc1C(F)(F)F,CCOC(=O)c1nc(NC(=O)c2cc3nccn3cc2F)sc1C(F)(F)F,Amidation,,
C141890,1,,,,O=C(O)c1ccn2c(Br)cnc2c1,CCOC(=O)c1nc(N)sc1C(F)(F)F,CCOC(=O)c1nc(NC(=O)c2ccn3c(Br)cnc3c2)sc1C(F)(F)F,Amidation,,
C141893,1,,,,O=C(O)c1ccn2cc(C(F)(F)F)nc2c1,CCOC(=O)c1nc(N)sc1Br,CCOC(=O)c1nc(NC(=O)c2ccn3cc(C(F)(F)F)nc3c2)sc1Br,Amidation,,
C141895,1,,,,O=C(O)c1cc2ncc(Cl)n2cc1F,CCOC(=O)c1nc(N)sc1C(C)=O,CCOC(=O)c1nc(NC(=O)c2cc3ncc(Cl)n3cc2F)sc1C(C)=O,Amidation,,
C141897,1,,,,O=C(O)c1cc2ncc(Br)n2cc1F,CCOC(=O)c1nc(N)sc1C(C)=O,CCOC(=O)c1nc(NC(=O)c2cc3ncc(Br)n3cc2F)sc1C(C)=O,Amidation,,
C141898,1,,,,Cc1cn2ccc(C(=O)O)cc2n1,CCOC(=O)c1nc(N)sc1C(F)(F)F,CCOC(=O)c1nc(NC(=O)c2ccn3cc(C)nc3c2)sc1C(F)(F)F,Amidation,,
C141899,1,,,,O=C(O)c1cc2nccn2cc1Br,CCOC(=O)c1nc(N)sc1C(F)(F)F,CCOC(=O)c1nc(NC(=O)c2cc3nccn3cc2Br)sc1C(F)(F)F,Amidation,,
C141901,1,,,,O=Cc1cn2cc(Br)c(C(=O)O)cc2n1,CCOC(=O)c1nc(N)sc1CC,CCOC(=O)c1nc(NC(=O)c2cc3nc(C=O)cn3cc2Br)sc1CC,Amidation,,
C146928,1,,,,COCC(C)CN,O=C(O)Cn1c(=O)n(C2=CCCCC2)c2ccccc21,COCC(C)CNC(=O)Cn1c(=O)n(C2=CCCCC2)c2ccccc21,Amidation,,
C141904,1,,,,O=C(O)c1ccn2cc(C3CC3)nc2c1,CCNc1nc(C(=O)OCC)cs1,CCOC(=O)c1csc(N(CC)C(=O)c2ccn3cc(C4CC4)nc3c2)n1,Amidation,,
C141905,1,,,,O=C(O)c1ccn2cc(C3CC3)nc2c1,CCOC(=O)c1nc(N)sc1CC,CCOC(=O)c1nc(NC(=O)c2ccn3cc(C4CC4)nc3c2)sc1CC,Amidation,,
C146932,1,,,,O=C(O)Cn1c(=O)n(C2=CCCCC2)c2ccccc21,NC1CCC1CO,O=C(Cn1c(=O)n(C2=CCCCC2)c2ccccc21)NC1CCC1CO,Amidation,,
C141908,1,,,,O=C(O)c1ccn2cc(C(F)(F)F)nc2c1,CCOC(=O)c1nc(N)sc1CC,CCOC(=O)c1nc(NC(=O)c2ccn3cc(C(F)(F)F)nc3c2)sc1CC,Amidation,,
C141909,1,,,,O=C(O)c1ccn2cc(C(F)(F)F)nc2c1,CCNc1nc(C(=O)OCC)cs1,CCOC(=O)c1csc(N(CC)C(=O)c2ccn3cc(C(F)(F)F)nc3c2)n1,Amidation,,
C141911,1,,,,O=Cc1cnc2cc(C(=O)O)c(Br)cn12,CCOC(=O)c1nc(N)sc1C(C)=O,CCOC(=O)c1nc(NC(=O)c2cc3ncc(C=O)n3cc2Br)sc1C(C)=O,Amidation,,
C141913,1,,,,O=Cc1cn2cc(Br)c(C(=O)O)cc2n1,CCOC(=O)c1nc(N)sc1C(C)=O,CCOC(=O)c1nc(NC(=O)c2cc3nc(C=O)cn3cc2Br)sc1C(C)=O,Amidation,,
C141914,1,,,,O=C(O)c1cc2ncc(Br)n2cc1F,CCOC(=O)c1nc(N)sc1C(F)(F)F,CCOC(=O)c1nc(NC(=O)c2cc3ncc(Br)n3cc2F)sc1C(F)(F)F,Amidation,,
C141915,1,,,,O=C(O)c1ccn2cc(C3CC3)nc2c1,C=CCNc1nc(C(=O)OCC)cs1,C=CCN(C(=O)c1ccn2cc(C3CC3)nc2c1)c1nc(C(=O)OCC)cs1,Amidation,,
C141916,1,,,,O=C(O)c1cc2ncc(Cl)n2cc1F,CCOC(=O)c1nc(N)sc1C(F)(F)F,CCOC(=O)c1nc(NC(=O)c2cc3ncc(Cl)n3cc2F)sc1C(F)(F)F,Amidation,,
C141917,1,,,,O=C(O)c1ccn2cc(C3CC3)nc2c1,CCOC(=O)c1nc(N)sc1C(C)=O,CCOC(=O)c1nc(NC(=O)c2ccn3cc(C4CC4)nc3c2)sc1C(C)=O,Amidation,,
C141918,1,,,,O=Cc1cn2cc(Br)c(C(=O)O)cc2n1,CCOC(=O)c1nc(N)sc1C(F)(F)F,CCOC(=O)c1nc(NC(=O)c2cc3nc(C=O)cn3cc2Br)sc1C(F)(F)F,Amidation,,
C141919,1,,,,O=C(O)c1ccn2cc(C3CC3)nc2c1,CCOC(=O)c1nc(N)sc1C(F)(F)F,CCOC(=O)c1nc(NC(=O)c2ccn3cc(C4CC4)nc3c2)sc1C(F)(F)F,Amidation,,
C146946,1,,,,O=C(O)Cn1c(=O)n(C2=CCCCC2)c2ccccc21,COCC1CC1N,COCC1CC1NC(=O)Cn1c(=O)n(C2=CCCCC2)c2ccccc21,Amidation,,
C141922,1,,,,Cn1cc(-c2cn3ccc(C(=O)O)cc3n2)cn1,CCOC(=O)c1nc(N)sc1Cl,CCOC(=O)c1nc(NC(=O)c2ccn3cc(-c4cnn(C)c4)nc3c2)sc1Cl,Amidation,,
C141923,1,,,,Cn1cc(-c2cn3ccc(C(=O)O)cc3n2)cn1,CCOC(=O)c1nc(N)sc1C,CCOC(=O)c1nc(NC(=O)c2ccn3cc(-c4cnn(C)c4)nc3c2)sc1C,Amidation,,
C141924,1,,,,Cn1cc(-c2cn3ccc(C(=O)O)cc3n2)cn1,CCOC(=O)c1nc(N)sc1Br,CCOC(=O)c1nc(NC(=O)c2ccn3cc(-c4cnn(C)c4)nc3c2)sc1Br,Amidation,,
C141926,1,,,,Cn1cc(-c2cn3ccc(C(=O)O)cc3n2)cn1,CCOC(=O)c1nc(N)sc1CC,CCOC(=O)c1nc(NC(=O)c2ccn3cc(-c4cnn(C)c4)nc3c2)sc1CC,Amidation,,
C146954,1,,,,O=C(O)Cn1c(=O)n(C2=CCCCC2)c2ccccc21,CC1COCC1N,CC1COCC1NC(=O)Cn1c(=O)n(C2=CCCCC2)c2ccccc21,Amidation,,
C141929,1,,,,Cc1cn2ccc(C(=O)O)cc2n1,CCOC(=O)c1nc(N)sc1Cc1ccccc1,CCOC(=O)c1nc(NC(=O)c2ccn3cc(C)nc3c2)sc1Cc1ccccc1,Amidation,,
C141930,1,,,,O=C(O)c1ccn2c(Br)cnc2c1,CCOC(=O)c1nc(N)sc1Cc1ccccc1,CCOC(=O)c1nc(NC(=O)c2ccn3c(Br)cnc3c2)sc1Cc1ccccc1,Amidation,,
C141931,1,,,,O=C(O)c1cc2nccn2cc1F,CCOC(=O)c1nc(N)sc1Cc1ccccc1,CCOC(=O)c1nc(NC(=O)c2cc3nccn3cc2F)sc1Cc1ccccc1,Amidation,,
C141932,1,,,,O=C(O)c1cc2nccn2cc1Br,CCOC(=O)c1nc(N)sc1Cc1ccccc1,CCOC(=O)c1nc(NC(=O)c2cc3nccn3cc2Br)sc1Cc1ccccc1,Amidation,,
C141933,1,,,,O=C(O)c1cc(Br)n2ccnc2c1,CCOC(=O)c1nc(N)sc1Cc1ccccc1,CCOC(=O)c1nc(NC(=O)c2cc(Br)n3ccnc3c2)sc1Cc1ccccc1,Amidation,,
C141934,1,,,,O=C(O)c1ccn2cc(C(F)(F)F)nc2c1,CCOC(=O)c1nc(N)sc1C(F)(F)F,CCOC(=O)c1nc(NC(=O)c2ccn3cc(C(F)(F)F)nc3c2)sc1C(F)(F)F,Amidation,,
C141935,1,,,,O=C(O)c1cc(Br)n2ccnc2c1,CCOC(=O)c1nc(NCc2ccccc2)sc1C,CCOC(=O)c1nc(N(Cc2ccccc2)C(=O)c2cc(Br)n3ccnc3c2)sc1C,Amidation,,
C141936,1,,,,O=C(O)c1cc2ncc(Br)n2cc1F,CCOC(=O)c1nc(N)sc1Cc1ccccc1,CCOC(=O)c1nc(NC(=O)c2cc3ncc(Br)n3cc2F)sc1Cc1ccccc1,Amidation,,
C146956,1,,,,O=C(O)Cn1c(=O)n(C2=CCCCC2)c2ccccc21,CC1(CO)CNC1,CC1(CO)CN(C(=O)Cn2c(=O)n(C3=CCCCC3)c3ccccc32)C1,Amidation,,
C146959,1,,,,O=C(O)Cn1c(=O)n(C2=CCCCC2)c2ccccc21,NC1CCCC1CO,O=C(Cn1c(=O)n(C2=CCCCC2)c2ccccc21)NC1CCCC1CO,Amidation,,
C146961,1,,,,O=C(O)Cn1c(=O)n(C2=CCCCC2)c2ccccc21,NCC1CCCC1O,O=C(Cn1c(=O)n(C2=CCCCC2)c2ccccc21)NCC1CCCC1O,Amidation,,
C141940,1,,,,Cn1cc(-c2cn3ccc(C(=O)O)cc3n2)cn1,CCOC(=O)c1nc(N)sc1C(C)=O,CCOC(=O)c1nc(NC(=O)c2ccn3cc(-c4cnn(C)c4)nc3c2)sc1C(C)=O,Amidation,,
C146962,1,,,,O=C(O)Cn1c(=O)n(C2=CCCCC2)c2ccccc21,CC1(C)CNCC1O,CC1(C)CN(C(=O)Cn2c(=O)n(C3=CCCCC3)c3ccccc32)CC1O,Amidation,,
C141942,1,,,,O=C(O)c1cc2ncc(Cl)n2cc1F,CCOC(=O)c1nc(N)sc1Cc1ccccc1,CCOC(=O)c1nc(NC(=O)c2cc3ncc(Cl)n3cc2F)sc1Cc1ccccc1,Amidation,,
C141943,1,,,,Cc1cn2ccc(C(=O)O)cc2n1,CCOC(=O)c1nc(NCc2ccccc2)sc1C,CCOC(=O)c1nc(N(Cc2ccccc2)C(=O)c2ccn3cc(C)nc3c2)sc1C,Amidation,,
C146963,1,,,,O=C(O)Cn1c(=O)n(C2=CCCCC2)c2ccccc21,CC1COCCC1N,CC1COCCC1NC(=O)Cn1c(=O)n(C2=CCCCC2)c2ccccc21,Amidation,,
C146964,1,,,,O=C(O)Cn1c(=O)n(C2=CCCCC2)c2ccccc21,NCC12COCC1C2,O=C(Cn1c(=O)n(C2=CCCCC2)c2ccccc21)NCC12COCC1C2,Amidation,,
C146966,1,,,,O=C(O)Cn1c(=O)n(C2=CCCCC2)c2ccccc21,OCC1(CO)CNC1,O=C(Cn1c(=O)n(C2=CCCCC2)c2ccccc21)N1CC(CO)(CO)C1,Amidation,,
C146967,1,,,,O=C(O)Cn1c(=O)n(C2=CCCCC2)c2ccccc21,NCC1COCC1O,O=C(Cn1c(=O)n(C2=CCCCC2)c2ccccc21)NCC1COCC1O,Amidation,,
C141948,1,,,,O=C(O)c1ccn2cc(C3CC3)nc2c1,CCOC(=O)c1nc(N)sc1Cc1ccccc1,CCOC(=O)c1nc(NC(=O)c2ccn3cc(C4CC4)nc3c2)sc1Cc1ccccc1,Amidation,,
C146969,1,,,,O=C(O)Cn1c(=O)n(C2=CCCCC2)c2ccccc21,NC1CC2COCC12,O=C(Cn1c(=O)n(C2=CCCCC2)c2ccccc21)NC1CC2COCC21,Amidation,,
C141950,1,,,,Cn1cc(-c2cn3ccc(C(=O)O)cc3n2)cn1,CCOC(=O)c1nc(N)sc1C(F)(F)F,CCOC(=O)c1nc(NC(=O)c2ccn3cc(-c4cnn(C)c4)nc3c2)sc1C(F)(F)F,Amidation,,
C146970,1,,,,O=C(O)Cn1c(=O)n(C2=CCCCC2)c2ccccc21,NC1C2CCCOC12,O=C(Cn1c(=O)n(C2=CCCCC2)c2ccccc21)NC1C2CCCOC21,Amidation,,
C146973,1,,,,O=C(O)Cn1c(=O)n(C2=CCCCC2)c2ccccc21,CC(N)C(C)(C)CO,CC(NC(=O)Cn1c(=O)n(C2=CCCCC2)c2ccccc21)C(C)(C)CO,Amidation,,
C146976,1,,,,O=C(O)Cn1c(=O)n(C2=CCCCC2)c2ccccc21,COCC(C)(O)CN,COCC(C)(O)CNC(=O)Cn1c(=O)n(C2=CCCCC2)c2ccccc21,Amidation,,
C146978,1,,,,O=C(O)Cn1c(=O)n(C2=CCCCC2)c2ccccc21,NCC1(CO)COC1,O=C(Cn1c(=O)n(C2=CCCCC2)c2ccccc21)NCC1(CO)COC1,Amidation,,
C146980,1,,,,O=C(O)Cn1c(=O)n(C2=CCCCC2)c2ccccc21,CC(C)C(CN)CO,CC(C)C(CO)CNC(=O)Cn1c(=O)n(C2=CCCCC2)c2ccccc21,Amidation,,
C141958,1,,,,O=Cc1cnc2cc(C(=O)O)c(Br)cn12,CCOC(=O)c1nc(N)sc1Cc1ccccc1,CCOC(=O)c1nc(NC(=O)c2cc3ncc(C=O)n3cc2Br)sc1Cc1ccccc1,Amidation,,
C146992,1,,,,O=C(O)Cn1c(=O)n(C2=CCCCC2)c2ccccc21,CC(N)C1CCOC1,CC(NC(=O)Cn1c(=O)n(C2=CCCCC2)c2ccccc21)C1CCOC1,Amidation,,
C146993,1,,,,O=C(O)Cn1c(=O)n(C2=CCCCC2)c2ccccc21,COCC(C)C(C)N,COCC(C)C(C)NC(=O)Cn1c(=O)n(C2=CCCCC2)c2ccccc21,Amidation,,
C142107,1,,,,O=C(O)c1ccnc2cc(F)ccc12,Nc1cc(C(F)(F)F)cc2cccnc12,O=C(Nc1cc(C(F)(F)F)cc2cccnc12)c1ccnc2cc(F)ccc12,Amidation,,
C142108,1,,,,O=C(O)c1ccnc2cc(F)ccc12,CC(C)(C)c1cc(N)c2ncccc2c1,CC(C)(C)c1cc(NC(=O)c2ccnc3cc(F)ccc23)c2ncccc2c1,Amidation,,
C146995,1,,,,O=C(O)Cn1c(=O)n(C2=CCCCC2)c2ccccc21,COCC1CCC1N,COCC1CCC1NC(=O)Cn1c(=O)n(C2=CCCCC2)c2ccccc21,Amidation,,
C146996,1,,,,O=C(O)Cn1c(=O)n(C2=CCCCC2)c2ccccc21,COCC1(C)CNC1,COCC1(C)CN(C(=O)Cn2c(=O)n(C3=CCCCC3)c3ccccc32)C1,Amidation,,
C146997,1,,,,O=C(O)Cn1c(=O)n(C2=CCCCC2)c2ccccc21,CC1(C)COCC1N,CC1(C)COCC1NC(=O)Cn1c(=O)n(C2=CCCCC2)c2ccccc21,Amidation,,
C142119,1,,,,O=C(O)c1c(Br)cnc2ccccc12,COC(=O)c1cc(N)c2ncccc2c1,COC(=O)c1cc(NC(=O)c2c(Br)cnc3ccccc23)c2ncccc2c1,Amidation,,
C142120,1,,,,O=C(O)c1c(Br)cnc2ccccc12,Nc1cc(C(F)(F)F)cc2cccnc12,O=C(Nc1cc(C(F)(F)F)cc2cccnc12)c1c(Br)cnc2ccccc12,Amidation,,
C142121,1,,,,O=C(O)c1c(Br)cnc2ccccc12,CC(C)(C)c1cc(N)c2ncccc2c1,CC(C)(C)c1cc(NC(=O)c2c(Br)cnc3ccccc23)c2ncccc2c1,Amidation,,
C142123,1,,,,Cc1ccc2c(C(=O)O)ccnc2c1,CC(C)(C)c1cc(N)c2ncccc2c1,Cc1ccc2c(C(=O)Nc3cc(C(C)(C)C)cc4cccnc34)ccnc2c1,Amidation,,
C142124,1,,,,O=C(O)c1cc(Cl)nc2ccccc12,COC(=O)c1cc(N)c2ncccc2c1,COC(=O)c1cc(NC(=O)c2cc(Cl)nc3ccccc23)c2ncccc2c1,Amidation,,
C142125,1,,,,O=C(O)c1cc(Cl)nc2ccccc12,Nc1cc(C(F)(F)F)cc2cccnc12,O=C(Nc1cc(C(F)(F)F)cc2cccnc12)c1cc(Cl)nc2ccccc12,Amidation,,
C142130,1,,,,O=C(O)c1ccnc2ccc(F)cc12,CC(C)(C)c1cc(N)c2ncccc2c1,CC(C)(C)c1cc(NC(=O)c2ccnc3ccc(F)cc23)c2ncccc2c1,Amidation,,
C142132,1,,,,Cc1cccc2c(C(=O)O)ccnc12,COC(=O)c1cc(N)c2ncccc2c1,COC(=O)c1cc(NC(=O)c2ccnc3c(C)cccc23)c2ncccc2c1,Amidation,,
C142135,1,,,,O=C(O)c1ccnc2cc(Cl)ccc12,CC(C)(C)c1cc(N)c2ncccc2c1,CC(C)(C)c1cc(NC(=O)c2ccnc3cc(Cl)ccc23)c2ncccc2c1,Amidation,,
C142136,1,,,,O=C(O)c1ccnc2c(O)cccc12,COC(=O)c1cc(N)c2ncccc2c1,COC(=O)c1cc(NC(=O)c2ccnc3c(O)cccc23)c2ncccc2c1,Amidation,,
C139179,1,,,,O=C(O)C1CCCC2(CCC2)O1,Nc1cc(Br)n2ccnc2c1,O=C(Nc1cc(Br)n2ccnc2c1)C1CCCC2(CCC2)O1,Amidation,,
C142137,1,,,,O=C(O)c1ccnc2c(O)cccc12,Nc1cc(C(F)(F)F)cc2cccnc12,O=C(Nc1cc(C(F)(F)F)cc2cccnc12)c1ccnc2c(O)cccc12,Amidation,,
C142138,1,,,,O=C(O)c1ccnc2c(O)cccc12,CC(C)(C)c1cc(N)c2ncccc2c1,CC(C)(C)c1cc(NC(=O)c2ccnc3c(O)cccc23)c2ncccc2c1,Amidation,,
C142139,1,,,,Cc1cc(C(=O)O)c2ccccc2n1,COC(=O)c1cc(N)c2ncccc2c1,COC(=O)c1cc(NC(=O)c2cc(C)nc3ccccc23)c2ncccc2c1,Amidation,,
C139185,1,,,,CC1(C)OC2(C(=O)O)CCC1C2,Nc1cc(Br)n2ccnc2c1,CC1(C)OC2(C(=O)Nc3cc(Br)n4ccnc4c3)CCC1C2,Amidation,,
C142143,1,,,,O=C(O)c1ccnc2ccc(Cl)cc12,CC(C)(C)c1cc(N)c2ncccc2c1,CC(C)(C)c1cc(NC(=O)c2ccnc3ccc(Cl)cc23)c2ncccc2c1,Amidation,,
C142151,1,,,,Cc1cc(C(=O)O)c2ccccc2n1,CC(C)(C)c1cc(N)c2ncccc2c1,Cc1cc(C(=O)Nc2cc(C(C)(C)C)cc3cccnc23)c2ccccc2n1,Amidation,,
C142152,1,,,,O=C(O)c1ccnc2ccc(Br)cc12,Nc1cc(C(F)(F)F)cc2cccnc12,O=C(Nc1cc(C(F)(F)F)cc2cccnc12)c1ccnc2ccc(Br)cc12,Amidation,,
C139195,1,,,,CC1(C)CCCC(C)(C(=O)O)O1,Nc1cc(Br)n2ccnc2c1,CC1(C)CCCC(C)(C(=O)Nc2cc(Br)n3ccnc3c2)O1,Amidation,,
C142153,1,,,,O=C(O)c1ccnc2ccc(Br)cc12,CC(C)(C)c1cc(N)c2ncccc2c1,CC(C)(C)c1cc(NC(=O)c2ccnc3ccc(Br)cc23)c2ncccc2c1,Amidation,,
C142158,1,,,,O=C(O)c1ccnc2cc(Br)ccc12,CC(C)(C)c1cc(N)c2ncccc2c1,CC(C)(C)c1cc(NC(=O)c2ccnc3cc(Br)ccc23)c2ncccc2c1,Amidation,,
C142159,1,,,,O=C(O)c1c(O)cnc2ccccc12,COC(=O)c1cc(N)c2ncccc2c1,COC(=O)c1cc(NC(=O)c2c(O)cnc3ccccc23)c2ncccc2c1,Amidation,,
C142160,1,,,,O=C(O)c1c(O)cnc2ccccc12,Nc1cc(C(F)(F)F)cc2cccnc12,O=C(Nc1cc(C(F)(F)F)cc2cccnc12)c1c(O)cnc2ccccc12,Amidation,,
C142161,1,,,,O=C(O)c1c(O)cnc2ccccc12,CC(C)(C)c1cc(N)c2ncccc2c1,CC(C)(C)c1cc(NC(=O)c2c(O)cnc3ccccc23)c2ncccc2c1,Amidation,,
C139204,1,,,,CC12CC(C(=O)O)(C1)OC2(C)C,Nc1cc(Br)n2ccnc2c1,CC12CC(C(=O)Nc3cc(Br)n4ccnc4c3)(C1)OC2(C)C,Amidation,,
C142162,1,,,,O=C(O)c1ccnc2c(Br)cccc12,COC(=O)c1cc(N)c2ncccc2c1,COC(=O)c1cc(NC(=O)c2ccnc3c(Br)cccc23)c2ncccc2c1,Amidation,,
C142164,1,,,,O=C(O)c1ccnc2c(Br)cccc12,CC(C)(C)c1cc(N)c2ncccc2c1,CC(C)(C)c1cc(NC(=O)c2ccnc3c(Br)cccc23)c2ncccc2c1,Amidation,,
C142166,1,,,,Cc1cnc2ccccc2c1C(=O)O,COC(=O)c1cc(N)c2ncccc2c1,COC(=O)c1cc(NC(=O)c2c(C)cnc3ccccc23)c2ncccc2c1,Amidation,,
C142168,1,,,,Cc1cnc2ccccc2c1C(=O)O,CC(C)(C)c1cc(N)c2ncccc2c1,Cc1cnc2ccccc2c1C(=O)Nc1cc(C(C)(C)C)cc2cccnc12,Amidation,,
C142169,1,,,,O=C(O)c1ccnc2ccc(O)cc12,Nc1cc(C(F)(F)F)cc2cccnc12,O=C(Nc1cc(C(F)(F)F)cc2cccnc12)c1ccnc2ccc(O)cc12,Amidation,,
C142170,1,,,,O=C(O)c1ccnc2ccc(O)cc12,CC(C)(C)c1cc(N)c2ncccc2c1,CC(C)(C)c1cc(NC(=O)c2ccnc3ccc(O)cc23)c2ncccc2c1,Amidation,,
C142172,1,,,,O=C(O)c1cc(O)nc2ccccc12,Nc1cc(C(F)(F)F)cc2cccnc12,O=C(Nc1cc(C(F)(F)F)cc2cccnc12)c1cc(O)nc2ccccc12,Amidation,,
C142173,1,,,,O=C(O)c1cc(O)nc2ccccc12,CC(C)(C)c1cc(N)c2ncccc2c1,CC(C)(C)c1cc(NC(=O)c2cc(O)nc3ccccc23)c2ncccc2c1,Amidation,,
C142174,1,,,,O=C(O)c1ccnc2c(F)cccc12,CC(C)(C)c1cc(N)c2ncccc2c1,CC(C)(C)c1cc(NC(=O)c2ccnc3c(F)cccc23)c2ncccc2c1,Amidation,,
C142175,1,,,,O=C(O)c1cc(O)nc2ccccc12,COC(=O)c1cc(N)c2ncccc2c1,COC(=O)c1cc(NC(=O)c2cc(O)nc3ccccc23)c2ncccc2c1,Amidation,,
C142177,1,,,,O=C(O)c1c(O)cnc2ccc(Cl)cc12,CC(C)(C)c1cc(N)c2ncccc2c1,CC(C)(C)c1cc(NC(=O)c2c(O)cnc3ccc(Cl)cc23)c2ncccc2c1,Amidation,,
C142178,1,,,,O=C(O)c1ccnc2c(F)c(F)ccc12,COC(=O)c1cc(N)c2ncccc2c1,COC(=O)c1cc(NC(=O)c2ccnc3c(F)c(F)ccc23)c2ncccc2c1,Amidation,,
C142180,1,,,,CCc1cnc2ccccc2c1C(=O)O,Nc1cc(C(F)(F)F)cc2cccnc12,CCc1cnc2ccccc2c1C(=O)Nc1cc(C(F)(F)F)cc2cccnc12,Amidation,,
C142181,1,,,,CCc1cnc2ccccc2c1C(=O)O,CC(C)(C)c1cc(N)c2ncccc2c1,CCc1cnc2ccccc2c1C(=O)Nc1cc(C(C)(C)C)cc2cccnc12,Amidation,,
C142182,1,,,,O=C(O)c1cc(O)nc2ccc(Br)cc12,CC(C)(C)c1cc(N)c2ncccc2c1,CC(C)(C)c1cc(NC(=O)c2cc(O)nc3ccc(Br)cc23)c2ncccc2c1,Amidation,,
C142183,1,,,,COc1ccc2nccc(C(=O)O)c2c1,Nc1cc(C(F)(F)F)cc2cccnc12,COc1ccc2nccc(C(=O)Nc3cc(C(F)(F)F)cc4cccnc34)c2c1,Amidation,,
C142184,1,,,,O=C(O)c1cc(Cl)nc2c(F)cccc12,COC(=O)c1cc(N)c2ncccc2c1,COC(=O)c1cc(NC(=O)c2cc(Cl)nc3c(F)cccc23)c2ncccc2c1,Amidation,,
C142186,1,,,,O=C(O)c1cc(=O)[nH]c2c(Br)cccc12,COC(=O)c1cc(N)c2ncccc2c1,COC(=O)c1cc(NC(=O)c2cc(=O)[nH]c3c(Br)cccc23)c2ncccc2c1,Amidation,,
C142187,1,,,,O=C(O)c1cc(=O)[nH]c2c(Br)cccc12,Nc1cc(C(F)(F)F)cc2cccnc12,O=C(Nc1cc(C(F)(F)F)cc2cccnc12)c1cc(=O)[nH]c2c(Br)cccc12,Amidation,,
C139230,1,,,,O=C(O)C1CCCC2(CCOC2)O1,Nc1cc(Br)n2ccnc2c1,O=C(Nc1cc(Br)n2ccnc2c1)C1CCCC2(CCOC2)O1,Amidation,,
C142188,1,,,,O=C(O)c1cc(=O)[nH]c2c(Br)cccc12,CC(C)(C)c1cc(N)c2ncccc2c1,CC(C)(C)c1cc(NC(=O)c2cc(=O)[nH]c3c(Br)cccc23)c2ncccc2c1,Amidation,,
C142190,1,,,,Cc1cc(C(=O)O)c2ccc(Br)cc2n1,CC(C)(C)c1cc(N)c2ncccc2c1,Cc1cc(C(=O)Nc2cc(C(C)(C)C)cc3cccnc23)c2ccc(Br)cc2n1,Amidation,,
C142191,1,,,,Cc1nc2ccccc2c(C(=O)O)c1O,COC(=O)c1cc(N)c2ncccc2c1,COC(=O)c1cc(NC(=O)c2c(O)c(C)nc3ccccc23)c2ncccc2c1,Amidation,,
C142192,1,,,,O=C(O)c1cc(Cl)nc2c(F)cccc12,CC(C)(C)c1cc(N)c2ncccc2c1,CC(C)(C)c1cc(NC(=O)c2cc(Cl)nc3c(F)cccc23)c2ncccc2c1,Amidation,,
C142193,1,,,,O=C(O)c1c(O)cnc2cc(F)ccc12,Nc1cc(C(F)(F)F)cc2cccnc12,O=C(Nc1cc(C(F)(F)F)cc2cccnc12)c1c(O)cnc2cc(F)ccc12,Amidation,,
C142194,1,,,,O=C(O)c1c(O)cnc2cc(F)ccc12,CC(C)(C)c1cc(N)c2ncccc2c1,CC(C)(C)c1cc(NC(=O)c2c(O)cnc3cc(F)ccc23)c2ncccc2c1,Amidation,,
C142195,1,,,,COc1ccc2c(C(=O)O)ccnc2c1,Nc1cc(C(F)(F)F)cc2cccnc12,COc1ccc2c(C(=O)Nc3cc(C(F)(F)F)cc4cccnc34)ccnc2c1,Amidation,,
C139240,1,,,,CC1(C)OC2(C(=O)O)CCC1CC2,Nc1cc(Br)n2ccnc2c1,CC1(C)OC2(C(=O)Nc3cc(Br)n4ccnc4c3)CCC1CC2,Amidation,,
C142198,1,,,,O=C(O)c1cc(=O)[nH]c2ccc(Cl)cc12,Nc1cc(C(F)(F)F)cc2cccnc12,O=C(Nc1cc(C(F)(F)F)cc2cccnc12)c1cc(=O)[nH]c2ccc(Cl)cc12,Amidation,,
C142199,1,,,,O=C(O)c1cc(=O)[nH]c2ccc(Cl)cc12,CC(C)(C)c1cc(N)c2ncccc2c1,CC(C)(C)c1cc(NC(=O)c2cc(=O)[nH]c3ccc(Cl)cc23)c2ncccc2c1,Amidation,,
C142200,1,,,,Cn1c(=O)cc(C(=O)O)c2ccccc21,COC(=O)c1cc(N)c2ncccc2c1,COC(=O)c1cc(NC(=O)c2cc(=O)n(C)c3ccccc23)c2ncccc2c1,Amidation,,
C142202,1,,,,O=C(O)c1cc(O)nc2ccc(Br)cc12,Nc1cc(C(F)(F)F)cc2cccnc12,O=C(Nc1cc(C(F)(F)F)cc2cccnc12)c1cc(O)nc2ccc(Br)cc12,Amidation,,
C142203,1,,,,Cc1cc(C(=O)O)c2cc(Br)ccc2n1,Nc1cc(C(F)(F)F)cc2cccnc12,Cc1cc(C(=O)Nc2cc(C(F)(F)F)cc3cccnc23)c2cc(Br)ccc2n1,Amidation,,
C142204,1,,,,Cc1cc(C(=O)O)c2cc(Br)ccc2n1,CC(C)(C)c1cc(N)c2ncccc2c1,Cc1cc(C(=O)Nc2cc(C(C)(C)C)cc3cccnc23)c2cc(Br)ccc2n1,Amidation,,
C139247,1,,,,CC1(C)OCC(C(=O)O)OC1(C)C,Nc1cc(Br)n2ccnc2c1,CC1(C)OCC(C(=O)Nc2cc(Br)n3ccnc3c2)OC1(C)C,Amidation,,
C142205,1,,,,Cc1cc(C(=O)O)c2cccc(Cl)c2n1,COC(=O)c1cc(N)c2ncccc2c1,COC(=O)c1cc(NC(=O)c2cc(C)nc3c(Cl)cccc23)c2ncccc2c1,Amidation,,
C142206,1,,,,Cc1cc(C(=O)O)c2cccc(Cl)c2n1,Nc1cc(C(F)(F)F)cc2cccnc12,Cc1cc(C(=O)Nc2cc(C(F)(F)F)cc3cccnc23)c2cccc(Cl)c2n1,Amidation,,
C142207,1,,,,Cc1cc(C(=O)O)c2cccc(Cl)c2n1,CC(C)(C)c1cc(N)c2ncccc2c1,Cc1cc(C(=O)Nc2cc(C(C)(C)C)cc3cccnc23)c2cccc(Cl)c2n1,Amidation,,
C142208,1,,,,O=C(O)c1cc(=O)[nH]c2cc(F)ccc12,CC(C)(C)c1cc(N)c2ncccc2c1,CC(C)(C)c1cc(NC(=O)c2cc(=O)[nH]c3cc(F)ccc23)c2ncccc2c1,Amidation,,
C142209,1,,,,Cc1ccc2c(C(=O)O)cc(Br)nc2c1,Nc1cc(C(F)(F)F)cc2cccnc12,Cc1ccc2c(C(=O)Nc3cc(C(F)(F)F)cc4cccnc34)cc(Br)nc2c1,Amidation,,
C142210,1,,,,Cc1ccc2c(C(=O)O)cc(Br)nc2c1,CC(C)(C)c1cc(N)c2ncccc2c1,Cc1ccc2c(C(=O)Nc3cc(C(C)(C)C)cc4cccnc34)cc(Br)nc2c1,Amidation,,
C142211,1,,,,COc1cc(C(=O)O)c2ccccc2n1,COC(=O)c1cc(N)c2ncccc2c1,COC(=O)c1cc(NC(=O)c2cc(OC)nc3ccccc23)c2ncccc2c1,Amidation,,
C142212,1,,,,COc1cc(C(=O)O)c2ccccc2n1,Nc1cc(C(F)(F)F)cc2cccnc12,COc1cc(C(=O)Nc2cc(C(F)(F)F)cc3cccnc23)c2ccccc2n1,Amidation,,
C142213,1,,,,COc1cc(C(=O)O)c2ccccc2n1,CC(C)(C)c1cc(N)c2ncccc2c1,COc1cc(C(=O)Nc2cc(C(C)(C)C)cc3cccnc23)c2ccccc2n1,Amidation,,
C142214,1,,,,O=C(O)c1cc(O)nc2ccc(F)cc12,Nc1cc(C(F)(F)F)cc2cccnc12,O=C(Nc1cc(C(F)(F)F)cc2cccnc12)c1cc(O)nc2ccc(F)cc12,Amidation,,
C142215,1,,,,O=C(O)c1cc(O)nc2ccc(F)cc12,CC(C)(C)c1cc(N)c2ncccc2c1,CC(C)(C)c1cc(NC(=O)c2cc(O)nc3ccc(F)cc23)c2ncccc2c1,Amidation,,
C142217,1,,,,Cc1cc(C(=O)O)c2cc(Cl)ccc2n1,CC(C)(C)c1cc(N)c2ncccc2c1,Cc1cc(C(=O)Nc2cc(C(C)(C)C)cc3cccnc23)c2cc(Cl)ccc2n1,Amidation,,
C142218,1,,,,O=C(O)c1cc(O)nc2c(O)cccc12,COC(=O)c1cc(N)c2ncccc2c1,COC(=O)c1cc(NC(=O)c2cc(O)nc3c(O)cccc23)c2ncccc2c1,Amidation,,
C142219,1,,,,O=C(O)c1cc(O)nc2c(O)cccc12,Nc1cc(C(F)(F)F)cc2cccnc12,O=C(Nc1cc(C(F)(F)F)cc2cccnc12)c1cc(O)nc2c(O)cccc12,Amidation,,
C142220,1,,,,O=C(O)c1cc(O)nc2c(O)cccc12,CC(C)(C)c1cc(N)c2ncccc2c1,CC(C)(C)c1cc(NC(=O)c2cc(O)nc3c(O)cccc23)c2ncccc2c1,Amidation,,
C147189,1,,,,CC(C)C(C(=O)O)n1cnc2ccccc21,CC1CC(O)C1N,CC(C)C(C(=O)NC1C(C)CC1O)n1cnc2ccccc21,Amidation,,
C147193,1,,,,CC(C)C(C(=O)O)n1cnc2ccccc21,CC1(C)OCC1N,CC(C)C(C(=O)NC1COC1(C)C)n1cnc2ccccc21,Amidation,,
C139266,1,,,,O=C(O)C1CCCC2(CCCCC2)O1,Nc1cc(Br)n2ccnc2c1,O=C(Nc1cc(Br)n2ccnc2c1)C1CCCC2(CCCCC2)O1,Amidation,,
C142224,1,,,,Cc1ccc2nc(C)cc(C(=O)O)c2c1,CC(C)(C)c1cc(N)c2ncccc2c1,Cc1ccc2nc(C)cc(C(=O)Nc3cc(C(C)(C)C)cc4cccnc34)c2c1,Amidation,,
C142225,1,,,,Cc1ccc2c(C(=O)O)ccnc2c1C,Nc1cc(C(F)(F)F)cc2cccnc12,Cc1ccc2c(C(=O)Nc3cc(C(F)(F)F)cc4cccnc34)ccnc2c1C,Amidation,,
C142226,1,,,,Cc1ccc2c(C(=O)O)ccnc2c1C,CC(C)(C)c1cc(N)c2ncccc2c1,Cc1ccc2c(C(=O)Nc3cc(C(C)(C)C)cc4cccnc34)ccnc2c1C,Amidation,,
C139270,1,,,,O=C(O)C1CCCC2(CCOCC2)O1,Nc1cc(Br)n2ccnc2c1,O=C(Nc1cc(Br)n2ccnc2c1)C1CCCC2(CCOCC2)O1,Amidation,,
C142227,1,,,,Cc1c(C(=O)O)c2ccccc2[nH]c1=O,CC(C)(C)c1cc(N)c2ncccc2c1,Cc1c(C(=O)Nc2cc(C(C)(C)C)cc3cccnc23)c2ccccc2[nH]c1=O,Amidation,,
C142228,1,,,,O=C(O)c1c(O)cnc2c(F)cccc12,COC(=O)c1cc(N)c2ncccc2c1,COC(=O)c1cc(NC(=O)c2c(O)cnc3c(F)cccc23)c2ncccc2c1,Amidation,,
C142229,1,,,,Cc1cc(C(=O)O)c2cccc(O)c2n1,COC(=O)c1cc(N)c2ncccc2c1,COC(=O)c1cc(NC(=O)c2cc(C)nc3c(O)cccc23)c2ncccc2c1,Amidation,,
C142230,1,,,,Cc1cc(C(=O)O)c2cccc(O)c2n1,Nc1cc(C(F)(F)F)cc2cccnc12,Cc1cc(C(=O)Nc2cc(C(F)(F)F)cc3cccnc23)c2cccc(O)c2n1,Amidation,,
C142231,1,,,,Cc1cc(C(=O)O)c2cccc(O)c2n1,CC(C)(C)c1cc(N)c2ncccc2c1,Cc1cc(C(=O)Nc2cc(C(C)(C)C)cc3cccnc23)c2cccc(O)c2n1,Amidation,,
C142232,1,,,,O=C(O)c1cc(=O)[nH]c2cc(F)ccc12,Nc1cc(C(F)(F)F)cc2cccnc12,O=C(Nc1cc(C(F)(F)F)cc2cccnc12)c1cc(=O)[nH]c2cc(F)ccc12,Amidation,,
C142233,1,,,,O=C(O)c1cc(=O)[nH]c2c(F)cccc12,COC(=O)c1cc(N)c2ncccc2c1,COC(=O)c1cc(NC(=O)c2cc(=O)[nH]c3c(F)cccc23)c2ncccc2c1,Amidation,,
C142235,1,,,,O=C(O)c1cc(=O)[nH]c2c(F)cccc12,CC(C)(C)c1cc(N)c2ncccc2c1,CC(C)(C)c1cc(NC(=O)c2cc(=O)[nH]c3c(F)cccc23)c2ncccc2c1,Amidation,,
C142236,1,,,,Cc1ccc2c(C(=O)O)ccnc2c1Cl,Nc1cc(C(F)(F)F)cc2cccnc12,Cc1ccc2c(C(=O)Nc3cc(C(F)(F)F)cc4cccnc34)ccnc2c1Cl,Amidation,,
C142238,1,,,,Cc1cc(Br)cc2c(C(=O)O)ccnc12,COC(=O)c1cc(N)c2ncccc2c1,COC(=O)c1cc(NC(=O)c2ccnc3c(C)cc(Br)cc23)c2ncccc2c1,Amidation,,
C139281,1,,,,CCOC(=O)C12CC(C)(C1)OC2C(=O)O,Nc1cc(Br)n2ccnc2c1,CCOC(=O)C12CC(C)(C1)OC2C(=O)Nc1cc(Br)n2ccnc2c1,Amidation,,
C142239,1,,,,Cc1cc(C)c2nccc(C(=O)O)c2c1,COC(=O)c1cc(N)c2ncccc2c1,COC(=O)c1cc(NC(=O)c2ccnc3c(C)cc(C)cc23)c2ncccc2c1,Amidation,,
C142241,1,,,,Cc1cc(C)c2nccc(C(=O)O)c2c1,CC(C)(C)c1cc(N)c2ncccc2c1,Cc1cc(C)c2nccc(C(=O)Nc3cc(C(C)(C)C)cc4cccnc34)c2c1,Amidation,,
C142242,1,,,,Cc1cc(Br)cc2c(C(=O)O)ccnc12,Nc1cc(C(F)(F)F)cc2cccnc12,Cc1cc(Br)cc2c(C(=O)Nc3cc(C(F)(F)F)cc4cccnc34)ccnc12,Amidation,,
C142243,1,,,,Cc1cc(Br)cc2c(C(=O)O)ccnc12,CC(C)(C)c1cc(N)c2ncccc2c1,Cc1cc(Br)cc2c(C(=O)Nc3cc(C(C)(C)C)cc4cccnc34)ccnc12,Amidation,,
C147214,1,,,,CCc1nc2ccccc2n1C(C)C(=O)O,CC1(C)OCC1N,CCc1nc2ccccc2n1C(C)C(=O)NC1COC1(C)C,Amidation,,
C142246,1,,,,O=C(O)c1c(O)cnc2c(Br)cccc12,COC(=O)c1cc(N)c2ncccc2c1,COC(=O)c1cc(NC(=O)c2c(O)cnc3c(Br)cccc23)c2ncccc2c1,Amidation,,
C142247,1,,,,O=C(O)c1c(O)cnc2c(Br)cccc12,Nc1cc(C(F)(F)F)cc2cccnc12,O=C(Nc1cc(C(F)(F)F)cc2cccnc12)c1c(O)cnc2c(Br)cccc12,Amidation,,
C142248,1,,,,O=C(O)c1c(O)cnc2c(Br)cccc12,CC(C)(C)c1cc(N)c2ncccc2c1,CC(C)(C)c1cc(NC(=O)c2c(O)cnc3c(Br)cccc23)c2ncccc2c1,Amidation,,
C139291,1,,,,Cc1cn2ccc(N)cc2n1,CC(C)(C)OC(C(=O)O)c1ccccc1,Cc1cn2ccc(NC(=O)C(OC(C)(C)C)c3ccccc3)cc2n1,Amidation,,
C136708,1,,,,O=C(O)CCC1CC1,Cc1cc(N)c2[nH]cnc2c1,Cc1cc(NC(=O)CCC2CC2)c2[nH]cnc2c1,Amidation,,
C136709,1,,,,CC1CC1CC(=O)O,Nc1cc(Br)cc2nc[nH]c12,CC1CC1CC(=O)Nc1cc(Br)cc2nc[nH]c12,Amidation,,
C139292,1,,,,CC(C)(C)OC(C(=O)O)c1ccccc1,Nc1cc(Br)n2ccnc2c1,CC(C)(C)OC(C(=O)Nc1cc(Br)n2ccnc2c1)c1ccccc1,Amidation,,
C139294,1,,,,COC(=O)C12CC(C(=O)O)(C1)OC2(C)C,Nc1cc(Br)n2ccnc2c1,COC(=O)C12CC(C(=O)Nc3cc(Br)n4ccnc4c3)(C1)OC2(C)C,Amidation,,
C136712,1,,,,CC1CC1CC(=O)O,Cc1cc(N)c2[nH]cnc2c1,Cc1cc(NC(=O)CC2CC2C)c2[nH]cnc2c1,Amidation,,
C142249,1,,,,O=C(O)c1c(O)cnc2ccc(Br)cc12,Nc1cc(C(F)(F)F)cc2cccnc12,O=C(Nc1cc(C(F)(F)F)cc2cccnc12)c1c(O)cnc2ccc(Br)cc12,Amidation,,
C142250,1,,,,O=C(O)c1c(O)cnc2ccc(Br)cc12,CC(C)(C)c1cc(N)c2ncccc2c1,CC(C)(C)c1cc(NC(=O)c2c(O)cnc3ccc(Br)cc23)c2ncccc2c1,Amidation,,
C142251,1,,,,Cc1cc(C(=O)O)c2c(Br)cccc2n1,COC(=O)c1cc(N)c2ncccc2c1,COC(=O)c1cc(NC(=O)c2cc(C)nc3cccc(Br)c23)c2ncccc2c1,Amidation,,
C139300,1,,,,CC(=O)OCC12CCC(C(=O)O)(CC1)O2,Nc1cc(Br)n2ccnc2c1,CC(=O)OCC12CCC(C(=O)Nc3cc(Br)n4ccnc4c3)(CC1)O2,Amidation,,
C142252,1,,,,Cc1cc(C(=O)O)c2c(Br)cccc2n1,Nc1cc(C(F)(F)F)cc2cccnc12,Cc1cc(C(=O)Nc2cc(C(F)(F)F)cc3cccnc23)c2c(Br)cccc2n1,Amidation,,
C142253,1,,,,Cc1cc(C(=O)O)c2c(Br)cccc2n1,CC(C)(C)c1cc(N)c2ncccc2c1,Cc1cc(C(=O)Nc2cc(C(C)(C)C)cc3cccnc23)c2c(Br)cccc2n1,Amidation,,
C142257,1,,,,O=C(O)c1c(O)cnc2c(F)cccc12,CC(C)(C)c1cc(N)c2ncccc2c1,CC(C)(C)c1cc(NC(=O)c2c(O)cnc3c(F)cccc23)c2ncccc2c1,Amidation,,
C139304,1,,,,Cc1cnc2cc(N)ccn12,CC(C)(C)OC(Cc1ccccc1)C(=O)O,Cc1cnc2cc(NC(=O)C(Cc3ccccc3)OC(C)(C)C)ccn12,Amidation,,
C142258,1,,,,Cc1cc(C(=O)O)c2ccc(F)cc2n1,Nc1cc(C(F)(F)F)cc2cccnc12,Cc1cc(C(=O)Nc2cc(C(F)(F)F)cc3cccnc23)c2ccc(F)cc2n1,Amidation,,
C142259,1,,,,Cc1cc(C(=O)O)c2ccc(F)cc2n1,CC(C)(C)c1cc(N)c2ncccc2c1,Cc1cc(C(=O)Nc2cc(C(C)(C)C)cc3cccnc23)c2ccc(F)cc2n1,Amidation,,
C139307,1,,,,CC(C)(C)OC(Cc1ccccc1)C(=O)O,Nc1cc(Br)n2ccnc2c1,CC(C)(C)OC(Cc1ccccc1)C(=O)Nc1cc(Br)n2ccnc2c1,Amidation,,
C142266,1,,,,Cc1c(C(=O)O)c2ccccc2[nH]c1=O,Nc1cc(C(F)(F)F)cc2cccnc12,Cc1c(C(=O)Nc2cc(C(F)(F)F)cc3cccnc23)c2ccccc2[nH]c1=O,Amidation,,
C147237,1,,,,CC1COCC1N,CCc1nc2ccccc2n1C(C)C(=O)O,CCc1nc2ccccc2n1C(C)C(=O)NC1COCC1C,Amidation,,
C136726,1,,,,O=C(O)CC1CCCO1,Cc1cc(N)c2[nH]cnc2c1,Cc1cc(NC(=O)CC2CCCO2)c2[nH]cnc2c1,Amidation,,
C136727,1,,,,CC1CC1CCC(=O)O,Nc1cc(Cl)cc2[nH]cnc12,CC1CC1CCC(=O)Nc1cc(Cl)cc2[nH]cnc12,Amidation,,
C136728,1,,,,CC1CC1CCC(=O)O,Nc1cc(Br)cc2nc[nH]c12,CC1CC1CCC(=O)Nc1cc(Br)cc2nc[nH]c12,Amidation,,
C136729,1,,,,CC1CC1CCC(=O)O,Cc1ccc2nc[nH]c2c1N,Cc1ccc2nc[nH]c2c1NC(=O)CCC1CC1C,Amidation,,
C136730,1,,,,Nc1cccc2[nH]c(=O)[nH]c12,CC1CC1CCC(=O)O,CC1CC1CCC(=O)Nc1cccc2[nH]c(=O)[nH]c12,Amidation,,
C136731,1,,,,CC1CC1CCC(=O)O,Cc1cc(N)c2[nH]cnc2c1,Cc1cc(NC(=O)CCC2CC2C)c2[nH]cnc2c1,Amidation,,
C139311,1,,,,Nc1ccn2c(Br)cnc2c1,O=C(O)C1CCCC2(CCC(F)(F)CC2)O1,O=C(Nc1ccn2c(Br)cnc2c1)C1CCCC2(CCC(F)(F)CC2)O1,Amidation,,
C139317,1,,,,CCOC(=O)C12CC(C(=O)O)(C1)OC2(C)C,Nc1cc(Br)n2ccnc2c1,CCOC(=O)C12CC(C(=O)Nc3cc(Br)n4ccnc4c3)(C1)OC2(C)C,Amidation,,
C136734,1,,,,CC1CC1CCC(=O)O,Cc1nc2cccc(N)c2[nH]1,Cc1nc2cccc(NC(=O)CCC3CC3C)c2[nH]1,Amidation,,
C139318,1,,,,O=C(O)C1CCCC2(CCC(F)(F)CC2)O1,Nc1cc(Br)n2ccnc2c1,O=C(Nc1cc(Br)n2ccnc2c1)C1CCCC2(CCC(F)(F)CC2)O1,Amidation,,
C139320,1,,,,CC(C)(C)OC(=O)NCC12CC(C1)C(C(=O)O)O2,Nc1cc(Br)n2ccnc2c1,CC(C)(C)OC(=O)NCC12CC(C1)C(C(=O)Nc1cc(Br)n3ccnc3c1)O2,Amidation,,
C136737,1,,,,O=C(O)CC1CCCO1,Cc1nc2cccc(N)c2[nH]1,Cc1nc2cccc(NC(=O)CC3CCCO3)c2[nH]1,Amidation,,
C139322,1,,,,Cc1cn2ccc(N)cc2n1,CC(C)(C)OC(=O)NCC12CC(C1)C(C(=O)O)O2,Cc1cn2ccc(NC(=O)C3OC4(CNC(=O)OC(C)(C)C)CC3C4)cc2n1,Amidation,,
C142272,1,,,,Cc1c(Cl)nc2ccccc2c1C(=O)O,CC(C)(C)c1cc(N)c2ncccc2c1,Cc1c(Cl)nc2ccccc2c1C(=O)Nc1cc(C(C)(C)C)cc2cccnc12,Amidation,,
C136740,1,,,,CC(O)CCCC(=O)O,Cc1nc2cccc(N)c2[nH]1,Cc1nc2cccc(NC(=O)CCCC(C)O)c2[nH]1,Amidation,,
C136741,1,,,,CC(O)CCCC(=O)O,Nc1cc(Br)cc2nc[nH]c12,CC(O)CCCC(=O)Nc1cc(Br)cc2nc[nH]c12,Amidation,,
C136742,1,,,,CC(O)CCCC(=O)O,Cc1ccc2nc[nH]c2c1N,Cc1ccc2nc[nH]c2c1NC(=O)CCCC(C)O,Amidation,,
C139324,1,,,,Nc1ccn2c(Br)cnc2c1,CC(C)(C)OC(=O)NC12CC(C)(C1)OC2C(=O)O,CC(C)(C)OC(=O)NC12CC(C)(C1)OC2C(=O)Nc1ccn2c(Br)cnc2c1,Amidation,,
C142277,1,,,,COc1cnc2ccccc2c1C(=O)O,COC(=O)c1cc(N)c2ncccc2c1,COC(=O)c1cc(NC(=O)c2c(OC)cnc3ccccc23)c2ncccc2c1,Amidation,,
C136745,1,,,,C=CCCCCC(=O)O,Nc1cc(Cl)cc2[nH]cnc12,C=CCCCCC(=O)Nc1cc(Cl)cc2[nH]cnc12,Amidation,,
C136746,1,,,,C=CCCCCC(=O)O,Nc1cc(Br)cc2nc[nH]c12,C=CCCCCC(=O)Nc1cc(Br)cc2nc[nH]c12,Amidation,,
C136747,1,,,,C=CCCCCC(=O)O,Cc1ccc2nc[nH]c2c1N,C=CCCCCC(=O)Nc1c(C)ccc2nc[nH]c12,Amidation,,
C136748,1,,,,Nc1cccc2[nH]c(=O)[nH]c12,C=CCCCCC(=O)O,C=CCCCCC(=O)Nc1cccc2[nH]c(=O)[nH]c12,Amidation,,
C136749,1,,,,C=CCCCCC(=O)O,Cc1cc(N)c2[nH]cnc2c1,C=CCCCCC(=O)Nc1cc(C)cc2nc[nH]c12,Amidation,,
C142283,1,,,,COc1cccc2c(C(=O)O)ccnc12,COC(=O)c1cc(N)c2ncccc2c1,COC(=O)c1cc(NC(=O)c2ccnc3c(OC)cccc23)c2ncccc2c1,Amidation,,
C142284,1,,,,COc1cccc2c(C(=O)O)ccnc12,Nc1cc(C(F)(F)F)cc2cccnc12,COc1cccc2c(C(=O)Nc3cc(C(F)(F)F)cc4cccnc34)ccnc12,Amidation,,
C136752,1,,,,C=CCCCCC(=O)O,Cc1nc2cccc(N)c2[nH]1,C=CCCCCC(=O)Nc1cccc2nc(C)[nH]c12,Amidation,,
C136753,1,,,,CCC(C)CCC(=O)O,Nc1cc(Cl)cc2[nH]cnc12,CCC(C)CCC(=O)Nc1cc(Cl)cc2[nH]cnc12,Amidation,,
C136754,1,,,,CCC(C)CCC(=O)O,Nc1cc(Br)cc2nc[nH]c12,CCC(C)CCC(=O)Nc1cc(Br)cc2nc[nH]c12,Amidation,,
C136755,1,,,,CCC(C)CCC(=O)O,Cc1ccc2nc[nH]c2c1N,CCC(C)CCC(=O)Nc1c(C)ccc2nc[nH]c12,Amidation,,
C136756,1,,,,Nc1cccc2[nH]c(=O)[nH]c12,CCC(C)CCC(=O)O,CCC(C)CCC(=O)Nc1cccc2[nH]c(=O)[nH]c12,Amidation,,
C136757,1,,,,CCC(C)CCC(=O)O,Cc1cc(N)c2[nH]cnc2c1,CCC(C)CCC(=O)Nc1cc(C)cc2nc[nH]c12,Amidation,,
C139341,1,,,,CC(C)(C)OC(=O)NC1CC(C(=O)O)OC(C)(C)C1,Nc1cc(Br)n2ccnc2c1,CC(C)(C)OC(=O)NC1CC(C(=O)Nc2cc(Br)n3ccnc3c2)OC(C)(C)C1,Amidation,,
C136759,1,,,,CC(O)CCCC(=O)O,Nc1cc(Cl)cc2[nH]cnc12,CC(O)CCCC(=O)Nc1cc(Cl)cc2[nH]cnc12,Amidation,,
C142293,1,,,,COc1cnc2ccccc2c1C(=O)O,Nc1cc(C(F)(F)F)cc2cccnc12,COc1cnc2ccccc2c1C(=O)Nc1cc(C(F)(F)F)cc2cccnc12,Amidation,,
C136761,1,,,,CCC(C)CCC(=O)O,Cc1nc2cccc(N)c2[nH]1,CCC(C)CCC(=O)Nc1cccc2nc(C)[nH]c12,Amidation,,
C142296,1,,,,CCc1nc2ccccc2c(C(=O)O)c1C,CC(C)(C)c1cc(N)c2ncccc2c1,CCc1nc2ccccc2c(C(=O)Nc2cc(C(C)(C)C)cc3cccnc23)c1C,Amidation,,
C142297,1,,,,CCc1nc2ccccc2c(C(=O)O)c1C,Nc1cc(C(F)(F)F)cc2cccnc12,CCc1nc2ccccc2c(C(=O)Nc2cc(C(F)(F)F)cc3cccnc23)c1C,Amidation,,
C136764,1,,,,CCCC(O)CC(=O)O,Nc1cc(Cl)cc2[nH]cnc12,CCCC(O)CC(=O)Nc1cc(Cl)cc2[nH]cnc12,Amidation,,
C136765,1,,,,CCCC(O)CC(=O)O,Nc1cc(Br)cc2nc[nH]c12,CCCC(O)CC(=O)Nc1cc(Br)cc2nc[nH]c12,Amidation,,
C136766,1,,,,CCCC(O)CC(=O)O,Cc1ccc2nc[nH]c2c1N,CCCC(O)CC(=O)Nc1c(C)ccc2nc[nH]c12,Amidation,,
C139350,1,,,,Nc1ccn2cc(O)nc2c1,CC(C)(C)OC(=O)NCC12CCC(C(=O)O)(CC1)O2,CC(C)(C)OC(=O)NCC12CCC(C(=O)Nc3ccn4cc(O)nc4c3)(CC1)O2,Amidation,,
C136768,1,,,,O=C(O)CCCCCF,Nc1cc(Cl)cc2[nH]cnc12,O=C(CCCCCF)Nc1cc(Cl)cc2[nH]cnc12,Amidation,,
C136769,1,,,,O=C(O)CCCCCF,Nc1cc(Br)cc2nc[nH]c12,O=C(CCCCCF)Nc1cc(Br)cc2nc[nH]c12,Amidation,,
C136770,1,,,,O=C(O)CCCCCF,Cc1ccc2nc[nH]c2c1N,Cc1ccc2nc[nH]c2c1NC(=O)CCCCCF,Amidation,,
C142305,1,,,,O=C(O)c1cc(C2CC2)nc2ccccc12,Nc1cc(C(F)(F)F)cc2cccnc12,O=C(Nc1cc(C(F)(F)F)cc2cccnc12)c1cc(C2CC2)nc2ccccc12,Amidation,,
C136772,1,,,,O=C(O)CCCCCF,Cc1cc(N)c2[nH]cnc2c1,Cc1cc(NC(=O)CCCCCF)c2[nH]cnc2c1,Amidation,,
C139356,1,,,,CC(C)(C)OC(=O)NC12CC(C(=O)O)(C1)OC2(C)C,Nc1cc(Br)n2ccnc2c1,CC(C)(C)OC(=O)NC12CC(C(=O)Nc3cc(Br)n4ccnc4c3)(C1)OC2(C)C,Amidation,,
C142308,1,,,,Cc1c(C=O)nc2ccccc2c1C(=O)O,CC(C)(C)c1cc(N)c2ncccc2c1,Cc1c(C=O)nc2ccccc2c1C(=O)Nc1cc(C(C)(C)C)cc2cccnc12,Amidation,,
C142309,1,,,,Cc1c(C=O)nc2ccccc2c1C(=O)O,Nc1cc(C(F)(F)F)cc2cccnc12,Cc1c(C=O)nc2ccccc2c1C(=O)Nc1cc(C(F)(F)F)cc2cccnc12,Amidation,,
C139360,1,,,,Nc1ccn2cc(O)nc2c1,CC(C)(C)OC(=O)NC12CC(C(=O)O)(C1)OC2(C)C,CC(C)(C)OC(=O)NC12CC(C(=O)Nc3ccn4cc(O)nc4c3)(C1)OC2(C)C,Amidation,,
C136777,1,,,,CCCC(C)CC(=O)O,Cc1cc(N)c2[nH]cnc2c1,CCCC(C)CC(=O)Nc1cc(C)cc2nc[nH]c12,Amidation,,
C142311,1,,,,Cc1c(C(=O)O)c2ccccc2n(C)c1=O,CC(C)(C)c1cc(N)c2ncccc2c1,Cc1c(C(=O)Nc2cc(C(C)(C)C)cc3cccnc23)c2ccccc2n(C)c1=O,Amidation,,
C139365,1,,,,O=C(O)c1cc(F)cc2[nH]nnc12,Nc1ccc2c(c1)CNC2=O,O=C1NCc2cc(NC(=O)c3cc(F)cc4[nH]nnc34)ccc21,Amidation,,
C136780,1,,,,CCCC(C)CC(=O)O,Nc1cc(Cl)cc2[nH]cnc12,CCCC(C)CC(=O)Nc1cc(Cl)cc2[nH]cnc12,Amidation,,
C136781,1,,,,CCCC(C)CC(=O)O,Nc1cc(Br)cc2nc[nH]c12,CCCC(C)CC(=O)Nc1cc(Br)cc2nc[nH]c12,Amidation,,
C142315,1,,,,O=C(O)c1c2c(nc3ccccc13)CCC2,Nc1cc(C(F)(F)F)cc2cccnc12,O=C(Nc1cc(C(F)(F)F)cc2cccnc12)c1c2c(nc3ccccc13)CCC2,Amidation,,
C136783,1,,,,CCC(=O)CCC(=O)O,Nc1cc(Br)cc2nc[nH]c12,CCC(=O)CCC(=O)Nc1cc(Br)cc2nc[nH]c12,Amidation,,
C136784,1,,,,CCC(=O)CCC(=O)O,Cc1ccc2nc[nH]c2c1N,CCC(=O)CCC(=O)Nc1c(C)ccc2nc[nH]c12,Amidation,,
C142318,1,,,,COc1ccc2c(C(=O)O)cc(=O)[nH]c2c1,Nc1cc(C(F)(F)F)cc2cccnc12,COc1ccc2c(C(=O)Nc3cc(C(F)(F)F)cc4cccnc34)cc(=O)[nH]c2c1,Amidation,,
C142319,1,,,,Cc1cc(C(=O)O)c2ccc(C)c(C)c2n1,Nc1cc(C(F)(F)F)cc2cccnc12,Cc1cc(C(=O)Nc2cc(C(F)(F)F)cc3cccnc23)c2ccc(C)c(C)c2n1,Amidation,,
C142320,1,,,,Cc1nc2c(F)cccc2c(C(=O)O)c1O,CC(C)(C)c1cc(N)c2ncccc2c1,Cc1nc2c(F)cccc2c(C(=O)Nc2cc(C(C)(C)C)cc3cccnc23)c1O,Amidation,,
C142323,1,,,,Cn1c(=O)cc(C(=O)O)c2cc(Br)ccc21,CC(C)(C)c1cc(N)c2ncccc2c1,Cn1c(=O)cc(C(=O)Nc2cc(C(C)(C)C)cc3cccnc23)c2cc(Br)ccc21,Amidation,,
C139401,1,,,,Cc1nnnn1C(C(=O)O)c1ccccc1,NCc1ccc2c(c1)C(=O)NC2,Cc1nnnn1C(C(=O)NCc1ccc2c(c1)C(=O)NC2)c1ccccc1,Amidation,,
C136790,1,,,,CC1(CC(=O)O)CCC1,Cc1cc(N)c2[nH]cnc2c1,Cc1cc(NC(=O)CC2(C)CCC2)c2[nH]cnc2c1,Amidation,,
C136791,1,,,,O=C(O)CC1=CCCC1,Nc1cc(Cl)cc2[nH]cnc12,O=C(CC1=CCCC1)Nc1cc(Cl)cc2[nH]cnc12,Amidation,,
C136792,1,,,,O=C(O)CC1=CCCC1,Nc1cc(Br)cc2nc[nH]c12,O=C(CC1=CCCC1)Nc1cc(Br)cc2nc[nH]c12,Amidation,,
C5576,1,,,,Nc1ccc2c(c1)CNC2,O=C(O)C1CCCN(c2cc(=O)[nH]cn2)C1,O=C(Nc1ccc2c(c1)CNC2)C1CCCN(c2cc(=O)[nH]cn2)C1,Amidation,,
C136794,1,,,,O=C(O)CC1=CCCC1,Cc1cc(N)c2[nH]cnc2c1,Cc1cc(NC(=O)CC2=CCCC2)c2[nH]cnc2c1,Amidation,,
C139405,1,,,,Cc1nnnn1C(C(=O)O)c1ccccc1,CN1Cc2cc(CN)ccc2C1=O,Cc1nnnn1C(C(=O)NCc1ccc2c(c1)CN(C)C2=O)c1ccccc1,Amidation,,
C139406,1,,,,Cc1nnnn1C(Cc1ccccc1)C(=O)O,CN1Cc2ccc(CN)cc2C1,Cc1nnnn1C(Cc1ccccc1)C(=O)NCc1ccc2c(c1)CN(C)C2,Amidation,,
C139409,1,,,,Cc1nnnn1C(Cc1ccccc1)C(=O)O,CN1Cc2ccc(CN)cc2C1=O,Cc1nnnn1C(Cc1ccccc1)C(=O)NCc1ccc2c(c1)C(=O)N(C)C2,Amidation,,
C136798,1,,,,C#CCCCCC(=O)O,Nc1cc(Br)cc2nc[nH]c12,C#CCCCCC(=O)Nc1cc(Br)cc2nc[nH]c12,Amidation,,
C142332,1,,,,CN(C)c1cc(C(=O)O)c2ccccc2n1,CC(C)(C)c1cc(N)c2ncccc2c1,CN(C)c1cc(C(=O)Nc2cc(C(C)(C)C)cc3cccnc23)c2ccccc2n1,Amidation,,
C136800,1,,,,Nc1cccc2[nH]c(=O)[nH]c12,C#CCCCCC(=O)O,C#CCCCCC(=O)Nc1cccc2[nH]c(=O)[nH]c12,Amidation,,
C136801,1,,,,C#CCCCCC(=O)O,Cc1cc(N)c2[nH]cnc2c1,C#CCCCCC(=O)Nc1cc(C)cc2nc[nH]c12,Amidation,,
C139414,1,,,,Cc1nnnn1C(C(=O)O)c1ccccc1,CN1C(=O)c2ccc(CN)cc2C1=O,Cc1nnnn1C(C(=O)NCc1ccc2c(c1)C(=O)N(C)C2=O)c1ccccc1,Amidation,,
C142336,1,,,,COc1ccc2c(C(=O)O)c(O)cnc2c1,Nc1cc(C(F)(F)F)cc2cccnc12,COc1ccc2c(C(=O)Nc3cc(C(F)(F)F)cc4cccnc34)c(O)cnc2c1,Amidation,,
C136804,1,,,,C#CCCCCC(=O)O,Cc1nc2cccc(N)c2[nH]1,C#CCCCCC(=O)Nc1cccc2nc(C)[nH]c12,Amidation,,
C136805,1,,,,C#CCCCCC(=O)O,Nc1cc(Cl)cc2[nH]cnc12,C#CCCCCC(=O)Nc1cc(Cl)cc2[nH]cnc12,Amidation,,
C136806,1,,,,CCCCC(O)C(=O)O,Nc1cc(Br)cc2nc[nH]c12,CCCCC(O)C(=O)Nc1cc(Br)cc2nc[nH]c12,Amidation,,
C142340,1,,,,CCCc1cc(C(=O)O)c2ccccc2n1,COC(=O)c1cc(N)c2ncccc2c1,CCCc1cc(C(=O)Nc2cc(C(=O)OC)cc3cccnc23)c2ccccc2n1,Amidation,,
C136808,1,,,,CCCCC(O)C(=O)O,Cc1cc(N)c2[nH]cnc2c1,CCCCC(O)C(=O)Nc1cc(C)cc2nc[nH]c12,Amidation,,
C139420,1,,,,Cc1nnnn1C(Cc1cccc(F)c1)C(=O)O,CN1Cc2ccc(CN)cc2C1,Cc1nnnn1C(Cc1cccc(F)c1)C(=O)NCc1ccc2c(c1)CN(C)C2,Amidation,,
C139421,1,,,,Cc1nnnn1C(=Cc1ccc(F)cc1)C(=O)O,CN1Cc2ccc(CN)cc2C1,Cc1nnnn1C(=Cc1ccc(F)cc1)C(=O)NCc1ccc2c(c1)CN(C)C2,Amidation,,
C139422,1,,,,Cc1nnnn1C(=Cc1ccccc1)C(=O)O,CN1C(=O)c2ccc(CN)cc2C1=O,Cc1nnnn1C(=Cc1ccccc1)C(=O)NCc1ccc2c(c1)C(=O)N(C)C2=O,Amidation,,
C139423,1,,,,Cc1nnnn1C(Cc1ccc(F)cc1)C(=O)O,CN1Cc2ccc(CN)cc2C1=O,Cc1nnnn1C(Cc1ccc(F)cc1)C(=O)NCc1ccc2c(c1)C(=O)N(C)C2,Amidation,,
C136813,1,,,,O=C(O)CC1CC(S)C1,Nc1cc(Br)cc2nc[nH]c12,O=C(CC1CC(S)C1)Nc1cc(Br)cc2nc[nH]c12,Amidation,,
C136814,1,,,,Nc1cccc2[nH]c(=O)[nH]c12,O=C(O)CC1CC(S)C1,O=C(CC1CC(S)C1)Nc1cccc2[nH]c(=O)[nH]c12,Amidation,,
C136815,1,,,,O=C(O)CC1CC(S)C1,Cc1cc(N)c2[nH]cnc2c1,Cc1cc(NC(=O)CC2CC(S)C2)c2[nH]cnc2c1,Amidation,,
C139425,1,,,,Cc1nnnn1C(=Cc1ccccc1)C(=O)O,CCN1Cc2cc(CN)ccc2C1=O,CCN1Cc2cc(CNC(=O)C(=Cc3ccccc3)n3nnnc3C)ccc2C1=O,Amidation,,
C139428,1,,,,Cc1nnnn1C(Cc1ccccc1)C(=O)O,CCN1Cc2cc(CN)ccc2C1=O,CCN1Cc2cc(CNC(=O)C(Cc3ccccc3)n3nnnc3C)ccc2C1=O,Amidation,,
C139430,1,,,,Cc1nnnn1C(=Cc1ccc(F)cc1)C(=O)O,CN1Cc2cc(CN)ccc2C1=O,Cc1nnnn1C(=Cc1ccc(F)cc1)C(=O)NCc1ccc2c(c1)CN(C)C2=O,Amidation,,
C136818,1,,,,O=C(O)CC1CC(S)C1,Cc1nc2cccc(N)c2[nH]1,Cc1nc2cccc(NC(=O)CC3CC(S)C3)c2[nH]1,Amidation,,
C136819,1,,,,CCCCC(C)C(=O)O,Nc1cc(Cl)cc2[nH]cnc12,CCCCC(C)C(=O)Nc1cc(Cl)cc2[nH]cnc12,Amidation,,
C136820,1,,,,CCCCC(C)C(=O)O,Nc1cc(Br)cc2nc[nH]c12,CCCCC(C)C(=O)Nc1cc(Br)cc2nc[nH]c12,Amidation,,
C136821,1,,,,CCCCC(C)C(=O)O,Cc1ccc2nc[nH]c2c1N,CCCCC(C)C(=O)Nc1c(C)ccc2nc[nH]c12,Amidation,,
C139435,1,,,,COc1cccc(CC(C(=O)O)n2nnnc2C)c1,CN1Cc2ccc(CN)cc2C1,COc1cccc(CC(C(=O)NCc2ccc3c(c2)CN(C)C3)n2nnnc2C)c1,Amidation,,
C136822,1,,,,CCCCC(C)C(=O)O,Cc1cc(N)c2[nH]cnc2c1,CCCCC(C)C(=O)Nc1cc(C)cc2nc[nH]c12,Amidation,,
C139437,1,,,,COc1cccc(CC(C(=O)O)n2nnnc2C)c1,NCc1ccc2c(c1)CNC2=O,COc1cccc(CC(C(=O)NCc2ccc3c(c2)CNC3=O)n2nnnc2C)c1,Amidation,,
C139429,1,,,,Cc1nnnn1C(=Cc1ccc(F)cc1)C(=O)O,CN1Cc2ccc(CN)cc2C1=O,Cc1nnnn1C(=Cc1ccc(F)cc1)C(=O)NCc1ccc2c(c1)C(=O)N(C)C2,Amidation,,
C136824,1,,,,O=C(O)CC1CC12CC2,Nc1cc(Cl)cc2[nH]cnc12,O=C(CC1CC12CC2)Nc1cc(Cl)cc2[nH]cnc12,Amidation,,
C136825,1,,,,O=C(O)CC1CC12CC2,Nc1cc(Br)cc2nc[nH]c12,O=C(CC1CC12CC2)Nc1cc(Br)cc2nc[nH]c12,Amidation,,
C136827,1,,,,O=C(O)CC1CC12CC2,Cc1cc(N)c2[nH]cnc2c1,Cc1cc(NC(=O)CC2CC23CC3)c2[nH]cnc2c1,Amidation,,
C139434,1,,,,Cc1nnnn1C(Cc1cccc(F)c1)C(=O)O,CN1Cc2cc(CN)ccc2C1=O,Cc1nnnn1C(Cc1cccc(F)c1)C(=O)NCc1ccc2c(c1)CN(C)C2=O,Amidation,,
C136830,1,,,,O=C(O)CC1CC12CC2,Cc1nc2cccc(N)c2[nH]1,Cc1nc2cccc(NC(=O)CC3CC34CC4)c2[nH]1,Amidation,,
C136831,1,,,,CC(C)CCCC(=O)O,Cc1nc2cccc(N)c2[nH]1,Cc1nc2cccc(NC(=O)CCCC(C)C)c2[nH]1,Amidation,,
C136832,1,,,,CC(C)CCCC(=O)O,Nc1cc(Cl)cc2[nH]cnc12,CC(C)CCCC(=O)Nc1cc(Cl)cc2[nH]cnc12,Amidation,,
C136833,1,,,,CC(C)CCCC(=O)O,Nc1cc(Br)cc2nc[nH]c12,CC(C)CCCC(=O)Nc1cc(Br)cc2nc[nH]c12,Amidation,,
C136834,1,,,,CC(C)CCCC(=O)O,Cc1ccc2nc[nH]c2c1N,Cc1ccc2nc[nH]c2c1NC(=O)CCCC(C)C,Amidation,,
C136835,1,,,,Nc1cccc2[nH]c(=O)[nH]c12,CC(C)CCCC(=O)O,CC(C)CCCC(=O)Nc1cccc2[nH]c(=O)[nH]c12,Amidation,,
C136836,1,,,,CC(C)CCCC(=O)O,Cc1cc(N)c2[nH]cnc2c1,Cc1cc(NC(=O)CCCC(C)C)c2[nH]cnc2c1,Amidation,,
C139443,1,,,,Cc1nnnn1C(=Cc1ccc(F)cc1)C(=O)O,CCN1Cc2cc(CN)ccc2C1=O,CCN1Cc2cc(CNC(=O)C(=Cc3ccc(F)cc3)n3nnnc3C)ccc2C1=O,Amidation,,
C136839,1,,,,CCCCC(Br)C(=O)O,Nc1cc(Cl)cc2[nH]cnc12,CCCCC(Br)C(=O)Nc1cc(Cl)cc2[nH]cnc12,Amidation,,
C136840,1,,,,CCCCC(Br)C(=O)O,Nc1cc(Br)cc2nc[nH]c12,CCCCC(Br)C(=O)Nc1cc(Br)cc2nc[nH]c12,Amidation,,
C136841,1,,,,CCCCC(Br)C(=O)O,Cc1ccc2nc[nH]c2c1N,CCCCC(Br)C(=O)Nc1c(C)ccc2nc[nH]c12,Amidation,,
C136842,1,,,,CCCCC(Br)C(=O)O,Cc1cc(N)c2[nH]cnc2c1,CCCCC(Br)C(=O)Nc1cc(C)cc2nc[nH]c12,Amidation,,
C139446,1,,,,Cc1nnnn1C(=Cc1cccc(F)c1)C(=O)O,CN1C(=O)c2ccc(CN)cc2C1=O,Cc1nnnn1C(=Cc1cccc(F)c1)C(=O)NCc1ccc2c(c1)C(=O)N(C)C2=O,Amidation,,
C139449,1,,,,COc1cccc(CC(C(=O)O)n2nnnc2C)c1,NCc1ccc2c(c1)C(=O)NC2=O,COc1cccc(CC(C(=O)NCc2ccc3c(c2)C(=O)NC3=O)n2nnnc2C)c1,Amidation,,
C142378,1,,,,O=C(O)c1cc(C2CC2)nc2ccc(Cl)cc12,Nc1cc(C(F)(F)F)cc2cccnc12,O=C(Nc1cc(C(F)(F)F)cc2cccnc12)c1cc(C2CC2)nc2ccc(Cl)cc12,Amidation,,
C136846,1,,,,O=C(O)CC1CCCC1,Nc1cc(Cl)cc2[nH]cnc12,O=C(CC1CCCC1)Nc1cc(Cl)cc2[nH]cnc12,Amidation,,
C136847,1,,,,O=C(O)CC1CCCC1,Nc1cc(Br)cc2nc[nH]c12,O=C(CC1CCCC1)Nc1cc(Br)cc2nc[nH]c12,Amidation,,
C136848,1,,,,Nc1cccc2[nH]c(=O)[nH]c12,O=C(O)CC1CCCC1,O=C(CC1CCCC1)Nc1cccc2[nH]c(=O)[nH]c12,Amidation,,
C136849,1,,,,O=C(O)CC1CCCC1,Cc1cc(N)c2[nH]cnc2c1,Cc1cc(NC(=O)CC2CCCC2)c2[nH]cnc2c1,Amidation,,
C142384,1,,,,O=C(O)c1cc(C2CC2)nc2ccc(F)cc12,Nc1cc(C(F)(F)F)cc2cccnc12,O=C(Nc1cc(C(F)(F)F)cc2cccnc12)c1cc(C2CC2)nc2ccc(F)cc12,Amidation,,
C142385,1,,,,O=C(O)c1cc(C2CC2)nc2ccc(F)cc12,CC(C)(C)c1cc(N)c2ncccc2c1,CC(C)(C)c1cc(NC(=O)c2cc(C3CC3)nc3ccc(F)cc23)c2ncccc2c1,Amidation,,
C142386,1,,,,CC(C)c1cc(C(=O)O)c2cc(F)ccc2n1,Nc1cc(C(F)(F)F)cc2cccnc12,CC(C)c1cc(C(=O)Nc2cc(C(F)(F)F)cc3cccnc23)c2cc(F)ccc2n1,Amidation,,
C142387,1,,,,CC(C)c1cc(C(=O)O)c2cc(F)ccc2n1,CC(C)(C)c1cc(N)c2ncccc2c1,CC(C)c1cc(C(=O)Nc2cc(C(C)(C)C)cc3cccnc23)c2cc(F)ccc2n1,Amidation,,
C136854,1,,,,O=C(O)CC1CC(=O)C1,Nc1cc(Br)cc2nc[nH]c12,O=C1CC(CC(=O)Nc2cc(Br)cc3nc[nH]c23)C1,Amidation,,
C136855,1,,,,Nc1cccc2[nH]c(=O)[nH]c12,O=C(O)CC1CC(=O)C1,O=C1CC(CC(=O)Nc2cccc3[nH]c(=O)[nH]c23)C1,Amidation,,
C136856,1,,,,O=C(O)CC1CC(=O)C1,Cc1cc(N)c2[nH]cnc2c1,Cc1cc(NC(=O)CC2CC(=O)C2)c2[nH]cnc2c1,Amidation,,
C142391,1,,,,Cc1c(C2CC2)nc2ccccc2c1C(=O)O,COC(=O)c1cc(N)c2ncccc2c1,COC(=O)c1cc(NC(=O)c2c(C)c(C3CC3)nc3ccccc23)c2ncccc2c1,Amidation,,
C142393,1,,,,Cc1c(C2CC2)nc2ccccc2c1C(=O)O,CC(C)(C)c1cc(N)c2ncccc2c1,Cc1c(C2CC2)nc2ccccc2c1C(=O)Nc1cc(C(C)(C)C)cc2cccnc12,Amidation,,
C142394,1,,,,O=C(O)c1cc(=O)[nH]c2ccc([N+](=O)[O-])cc12,Nc1cc(C(F)(F)F)cc2cccnc12,O=C(Nc1cc(C(F)(F)F)cc2cccnc12)c1cc(=O)[nH]c2ccc([N+](=O)[O-])cc12,Amidation,,
C136860,1,,,,CCCCC(=O)C(=O)O,Nc1cc(Br)cc2nc[nH]c12,CCCCC(=O)C(=O)Nc1cc(Br)cc2nc[nH]c12,Amidation,,
C136861,1,,,,CCCCC(=O)C(=O)O,Cc1ccc2nc[nH]c2c1N,CCCCC(=O)C(=O)Nc1c(C)ccc2nc[nH]c12,Amidation,,
C136862,1,,,,CCCCC(=O)C(=O)O,Cc1cc(N)c2[nH]cnc2c1,CCCCC(=O)C(=O)Nc1cc(C)cc2nc[nH]c12,Amidation,,
C142396,1,,,,O=C(O)c1cc(-c2ccco2)nc2ccccc12,CC(C)(C)c1cc(N)c2ncccc2c1,CC(C)(C)c1cc(NC(=O)c2cc(-c3ccco3)nc3ccccc23)c2ncccc2c1,Amidation,,
C142397,1,,,,O=C(O)c1cc(-c2ccco2)nc2ccccc12,Nc1cc(C(F)(F)F)cc2cccnc12,O=C(Nc1cc(C(F)(F)F)cc2cccnc12)c1cc(-c2ccco2)nc2ccccc12,Amidation,,
C136865,1,,,,C=C(C)CCCC(=O)O,Nc1cc(Cl)cc2[nH]cnc12,C=C(C)CCCC(=O)Nc1cc(Cl)cc2[nH]cnc12,Amidation,,
C136866,1,,,,C=C(C)CCCC(=O)O,Nc1cc(Br)cc2nc[nH]c12,C=C(C)CCCC(=O)Nc1cc(Br)cc2nc[nH]c12,Amidation,,
C136867,1,,,,C=C(C)CCCC(=O)O,Cc1ccc2nc[nH]c2c1N,C=C(C)CCCC(=O)Nc1c(C)ccc2nc[nH]c12,Amidation,,
C136868,1,,,,Nc1cccc2[nH]c(=O)[nH]c12,C=C(C)CCCC(=O)O,C=C(C)CCCC(=O)Nc1cccc2[nH]c(=O)[nH]c12,Amidation,,
C136869,1,,,,C=C(C)CCCC(=O)O,Cc1cc(N)c2[nH]cnc2c1,C=C(C)CCCC(=O)Nc1cc(C)cc2nc[nH]c12,Amidation,,
C139764,1,,,,O=C(O)c1sccc1I,Cc1ccnc2c(Cl)ccc(N)c12,Cc1ccnc2c(Cl)ccc(NC(=O)c3sccc3I)c12,Amidation,,
C142409,1,,,,Cc1c(C2CC2)nc2ccc(Br)cc2c1C(=O)O,Nc1cc(C(F)(F)F)cc2cccnc12,Cc1c(C2CC2)nc2ccc(Br)cc2c1C(=O)Nc1cc(C(F)(F)F)cc2cccnc12,Amidation,,
C136872,1,,,,C=C(C)CCCC(=O)O,Cc1nc2cccc(N)c2[nH]1,C=C(C)CCCC(=O)Nc1cccc2nc(C)[nH]c12,Amidation,,
C139768,1,,,,O=C(O)c1sccc1Br,Cc1ccnc2c(Cl)ccc(N)c12,Cc1ccnc2c(Cl)ccc(NC(=O)c3sccc3Br)c12,Amidation,,
C136874,1,,,,CC(F)CCCC(=O)O,Nc1cc(Cl)cc2[nH]cnc12,CC(F)CCCC(=O)Nc1cc(Cl)cc2[nH]cnc12,Amidation,,
C136875,1,,,,CC(F)CCCC(=O)O,Nc1cc(Br)cc2nc[nH]c12,CC(F)CCCC(=O)Nc1cc(Br)cc2nc[nH]c12,Amidation,,
C136876,1,,,,CC(F)CCCC(=O)O,Cc1ccc2nc[nH]c2c1N,Cc1ccc2nc[nH]c2c1NC(=O)CCCC(C)F,Amidation,,
C136877,1,,,,Nc1cccc2[nH]c(=O)[nH]c12,CC(F)CCCC(=O)O,CC(F)CCCC(=O)Nc1cccc2[nH]c(=O)[nH]c12,Amidation,,
C136878,1,,,,CC(F)CCCC(=O)O,Cc1cc(N)c2[nH]cnc2c1,Cc1cc(NC(=O)CCCC(C)F)c2[nH]cnc2c1,Amidation,,
C139774,1,,,,O=C(O)c1sccc1F,Cc1ccnc2c(Cl)ccc(N)c12,Cc1ccnc2c(Cl)ccc(NC(=O)c3sccc3F)c12,Amidation,,
C142413,1,,,,O=C(O)c1c2c(nc3ccc(Br)cc13)CCCC2,Nc1cc(C(F)(F)F)cc2cccnc12,O=C(Nc1cc(C(F)(F)F)cc2cccnc12)c1c2c(nc3ccc(Br)cc13)CCCC2,Amidation,,
C142414,1,,,,Cc1ccc2nc3c(c(C(=O)O)c2c1)CCCC3,CC(C)(C)c1cc(N)c2ncccc2c1,Cc1ccc2nc3c(c(C(=O)Nc4cc(C(C)(C)C)cc5cccnc45)c2c1)CCCC3,Amidation,,
C142415,1,,,,Cc1ccc2nc3c(c(C(=O)O)c2c1)CCCC3,Nc1cc(C(F)(F)F)cc2cccnc12,Cc1ccc2nc3c(c(C(=O)Nc4cc(C(F)(F)F)cc5cccnc45)c2c1)CCCC3,Amidation,,
C142418,1,,,,O=C(O)c1cc(Cl)nc2c(S(=O)(=O)F)cccc12,CC(C)(C)c1cc(N)c2ncccc2c1,CC(C)(C)c1cc(NC(=O)c2cc(Cl)nc3c(S(=O)(=O)F)cccc23)c2ncccc2c1,Amidation,,
C136884,1,,,,O=CCCCCC(=O)O,Nc1cc(Br)cc2nc[nH]c12,O=CCCCCC(=O)Nc1cc(Br)cc2nc[nH]c12,Amidation,,
C136885,1,,,,O=CCCCCC(=O)O,Cc1ccc2nc[nH]c2c1N,Cc1ccc2nc[nH]c2c1NC(=O)CCCCC=O,Amidation,,
C139782,1,,,,O=C(O)c1sccc1Cl,Cc1ccnc2c(Cl)ccc(N)c12,Cc1ccnc2c(Cl)ccc(NC(=O)c3sccc3Cl)c12,Amidation,,
C142421,1,,,,CN1CCc2nc3ccccc3c(C(=O)O)c2C1,CC(C)(C)c1cc(N)c2ncccc2c1,CN1CCc2nc3ccccc3c(C(=O)Nc3cc(C(C)(C)C)cc4cccnc34)c2C1,Amidation,,
C142422,1,,,,CN1CCc2nc3ccccc3c(C(=O)O)c2C1,Nc1cc(C(F)(F)F)cc2cccnc12,CN1CCc2nc3ccccc3c(C(=O)Nc3cc(C(F)(F)F)cc4cccnc34)c2C1,Amidation,,
C139785,1,,,,N#Cc1ccsc1C(=O)O,Cc1ccnc2c(Cl)ccc(N)c12,Cc1ccnc2c(Cl)ccc(NC(=O)c3sccc3C#N)c12,Amidation,,
C142423,1,,,,O=C(O)c1c2c(nc3ccccc13)CCCCC2,CC(C)(C)c1cc(N)c2ncccc2c1,CC(C)(C)c1cc(NC(=O)c2c3c(nc4ccccc24)CCCCC3)c2ncccc2c1,Amidation,,
C142424,1,,,,O=C(O)c1c2c(nc3ccccc13)CCCCC2,Nc1cc(C(F)(F)F)cc2cccnc12,O=C(Nc1cc(C(F)(F)F)cc2cccnc12)c1c2c(nc3ccccc13)CCCCC2,Amidation,,
C142425,1,,,,O=C(O)c1c2c(nc3ccccc13)CCCCC2,COC(=O)c1cc(N)c2ncccc2c1,COC(=O)c1cc(NC(=O)c2c3c(nc4ccccc24)CCCCC3)c2ncccc2c1,Amidation,,
C142431,1,,,,CCCc1nc2ccccc2c(C(=O)O)c1CC,CC(C)(C)c1cc(N)c2ncccc2c1,CCCc1nc2ccccc2c(C(=O)Nc2cc(C(C)(C)C)cc3cccnc23)c1CC,Amidation,,
C136894,1,,,,CC(=O)CCCC(=O)O,Nc1cc(Cl)cc2[nH]cnc12,CC(=O)CCCC(=O)Nc1cc(Cl)cc2[nH]cnc12,Amidation,,
C142432,1,,,,CCCc1nc2ccccc2c(C(=O)O)c1CC,Nc1cc(C(F)(F)F)cc2cccnc12,CCCc1nc2ccccc2c(C(=O)Nc2cc(C(F)(F)F)cc3cccnc23)c1CC,Amidation,,
C136896,1,,,,CC(=O)CCCC(=O)O,Cc1ccc2nc[nH]c2c1N,CC(=O)CCCC(=O)Nc1c(C)ccc2nc[nH]c12,Amidation,,
C142434,1,,,,O=C(O)c1cc(-c2cccs2)nc2ccccc12,CC(C)(C)c1cc(N)c2ncccc2c1,CC(C)(C)c1cc(NC(=O)c2cc(-c3cccs3)nc3ccccc23)c2ncccc2c1,Amidation,,
C136898,1,,,,CC(=O)CCCC(=O)O,Cc1cc(N)c2[nH]cnc2c1,CC(=O)CCCC(=O)Nc1cc(C)cc2nc[nH]c12,Amidation,,
C142435,1,,,,O=C(O)c1cc(-c2cccs2)nc2ccccc12,Nc1cc(C(F)(F)F)cc2cccnc12,O=C(Nc1cc(C(F)(F)F)cc2cccnc12)c1cc(-c2cccs2)nc2ccccc12,Amidation,,
C142436,1,,,,O=C(O)c1cc(-c2cccs2)nc2ccccc12,COC(=O)c1cc(N)c2ncccc2c1,COC(=O)c1cc(NC(=O)c2cc(-c3cccs3)nc3ccccc23)c2ncccc2c1,Amidation,,
C136901,1,,,,CC1(CCC(=O)O)CC1,Nc1cc(Br)cc2nc[nH]c12,CC1(CCC(=O)Nc2cc(Br)cc3nc[nH]c23)CC1,Amidation,,
C136902,1,,,,CC1(CCC(=O)O)CC1,Cc1ccc2nc[nH]c2c1N,Cc1ccc2nc[nH]c2c1NC(=O)CCC1(C)CC1,Amidation,,
C136903,1,,,,Nc1cccc2[nH]c(=O)[nH]c12,CC1(CCC(=O)O)CC1,CC1(CCC(=O)Nc2cccc3[nH]c(=O)[nH]c23)CC1,Amidation,,
C136904,1,,,,CC1(CCC(=O)O)CC1,Cc1cc(N)c2[nH]cnc2c1,Cc1cc(NC(=O)CCC2(C)CC2)c2[nH]cnc2c1,Amidation,,
C142438,1,,,,Cc1cc(C)c2nc(C3CC3)cc(C(=O)O)c2c1,Nc1cc(C(F)(F)F)cc2cccnc12,Cc1cc(C)c2nc(C3CC3)cc(C(=O)Nc3cc(C(F)(F)F)cc4cccnc34)c2c1,Amidation,,
C142439,1,,,,Cc1cc(C)c2nc(C3CC3)cc(C(=O)O)c2c1,COC(=O)c1cc(N)c2ncccc2c1,COC(=O)c1cc(NC(=O)c2cc(C3CC3)nc3c(C)cc(C)cc23)c2ncccc2c1,Amidation,,
C142440,1,,,,CC1CCc2nc3ccccc3c(C(=O)O)c2C1,CC(C)(C)c1cc(N)c2ncccc2c1,CC1CCc2nc3ccccc3c(C(=O)Nc3cc(C(C)(C)C)cc4cccnc34)c2C1,Amidation,,
C147418,1,,,,CCCc1nc2ccccc2n1C(C)C(=O)O,CC1CC(N)C(=O)O1,CCCc1nc2ccccc2n1C(C)C(=O)NC1CC(C)OC1=O,Amidation,,
C136909,1,,,,CCC(=O)CCC(=O)O,Nc1cc(Br)cc2nc(O)[nH]c12,CCC(=O)CCC(=O)Nc1cc(Br)cc2nc(O)[nH]c12,Amidation,,
C136911,1,,,,O=C(O)CC1=CCCC1,Nc1cc(Br)cc2nc(O)[nH]c12,O=C(CC1=CCCC1)Nc1cc(Br)cc2nc(O)[nH]c12,Amidation,,
C142454,1,,,,CC1CCc2nc3ccccc3c(C(=O)O)c2C1,Nc1cc(C(F)(F)F)cc2cccnc12,CC1CCc2nc3ccccc3c(C(=O)Nc3cc(C(F)(F)F)cc4cccnc34)c2C1,Amidation,,
C136919,1,,,,O=C(O)CC1CC(S)C1,Nc1cc(Br)cc2nc(O)[nH]c12,O=C(CC1CC(S)C1)Nc1cc(Br)cc2nc(O)[nH]c12,Amidation,,
C136921,1,,,,CC1CC1CCC(=O)O,Nc1cc(Br)cc2nc(O)[nH]c12,CC1CC1CCC(=O)Nc1cc(Br)cc2nc(O)[nH]c12,Amidation,,
C142484,1,,,,N#Cc1cc2cccnc2nc1Cl,NC1CCc2[nH]cnc2C1,N#Cc1cc2cccnc2nc1NC1CCc2[nH]cnc2C1,N-nucleophilic_aromatic_substitution,,
C136924,1,,,,CC1(CCC(=O)O)CC1,Nc1cc(Br)cc2nc(O)[nH]c12,CC1(CCC(=O)Nc2cc(Br)cc3nc(O)[nH]c23)CC1,Amidation,,
C147442,1,,,,CC(C(=O)O)n1c(C(F)(F)F)nc2ccccc21,NC1CCOC1=O,CC(C(=O)NC1CCOC1=O)n1c(C(F)(F)F)nc2ccccc21,Amidation,,
C142489,1,,,,N#Cc1cc2cccnc2nc1Cl,Cc1ncc2n1CCC(N)C2,Cc1ncc2n1CCC(Nc1nc3ncccc3cc1C#N)C2,N-nucleophilic_aromatic_substitution,,
C147445,1,,,,CC(C(=O)O)n1c(C(F)(F)F)nc2ccccc21,CC1OCCC1N,CC1OCCC1NC(=O)C(C)n1c(C(F)(F)F)nc2ccccc21,Amidation,,
C136929,1,,,,CC(C)CCCC(=O)O,Nc1cc(Br)cc2nc(O)[nH]c12,CC(C)CCCC(=O)Nc1cc(Br)cc2nc(O)[nH]c12,Amidation,,
C142491,1,,,,N#Cc1cc2cccnc2nc1Cl,Cc1nc2c([nH]1)CC(N)CC2,Cc1nc2c([nH]1)CC(Nc1nc3ncccc3cc1C#N)CC2,N-nucleophilic_aromatic_substitution,,
C142492,1,,,,N#Cc1cc2cccnc2nc1Cl,Cn1cnc2c1CCC(N)C2,Cn1cnc2c1CCC(Nc1nc3ncccc3cc1C#N)C2,N-nucleophilic_aromatic_substitution,,
C136932,1,,,,O=C(O)CC1CC12CC2,Nc1cc(Br)cc2nc(O)[nH]c12,O=C(CC1CC12CC2)Nc1cc(Br)cc2nc(O)[nH]c12,Amidation,,
C147450,1,,,,CC(C(=O)O)n1c(C(F)(F)F)nc2ccccc21,NC1COCC1O,CC(C(=O)NC1COCC1O)n1c(C(F)(F)F)nc2ccccc21,Amidation,,
C136934,1,,,,C#CCCCCC(=O)O,Nc1cc(Br)cc2nc(O)[nH]c12,C#CCCCCC(=O)Nc1cc(Br)cc2nc(O)[nH]c12,Amidation,,
C139831,1,,,,O=Cc1ccsc1C(=O)O,Nc1c(Br)cc(Cl)c2ncccc12,O=Cc1ccsc1C(=O)Nc1c(Br)cc(Cl)c2ncccc12,Amidation,,
C139832,1,,,,O=Cc1ccsc1C(=O)O,Cc1ccnc2c(Cl)ccc(N)c12,Cc1ccnc2c(Cl)ccc(NC(=O)c3sccc3C=O)c12,Amidation,,
C147455,1,,,,CC(C(=O)O)n1c(C(F)(F)F)nc2ccccc21,C=C1COCC1N,C=C1COCC1NC(=O)C(C)n1c(C(F)(F)F)nc2ccccc21,Amidation,,
C136938,1,,,,O=C(O)CC1CCCO1,Nc1cc(Br)cc2nc(O)[nH]c12,O=C(CC1CCCO1)Nc1cc(Br)cc2nc(O)[nH]c12,Amidation,,
C142501,1,,,,N#Cc1cc2cccnc2nc1Cl,Cc1nc2c(n1CCO)CCC(N)C2,Cc1nc2c(n1CCO)CCC(Nc1nc3ncccc3cc1C#N)C2,N-nucleophilic_aromatic_substitution,,
C142502,1,,,,N#Cc1cc2cccnc2nc1Cl,NC(Cc1ccccc1)Cc1c[nH]cn1,N#Cc1cc2cccnc2nc1NC(Cc1ccccc1)Cc1c[nH]cn1,N-nucleophilic_aromatic_substitution,,
C136941,1,,,,CC(F)CCCC(=O)O,Nc1cc(Br)cc2nc(O)[nH]c12,CC(F)CCCC(=O)Nc1cc(Br)cc2nc(O)[nH]c12,Amidation,,
C147458,1,,,,CC(O)C1(N)CC1,CC(C(=O)O)n1c(C(F)(F)F)nc2ccccc21,CC(C(=O)NC1(C(C)O)CC1)n1c(C(F)(F)F)nc2ccccc21,Amidation,,
C136943,1,,,,CC(=O)CCCC(=O)O,Nc1cc(Br)cc2nc(O)[nH]c12,CC(=O)CCCC(=O)Nc1cc(Br)cc2nc(O)[nH]c12,Amidation,,
C136948,1,,,,O=CCCCCC(=O)O,Nc1cc(Br)cc2nc(O)[nH]c12,O=CCCCCC(=O)Nc1cc(Br)cc2nc(O)[nH]c12,Amidation,,
C142542,1,,,,CN1CC(C(=O)O)CCC1=O,Cc1nccc(-n2ccc(N)n2)c1Cl,Cc1nccc(-n2ccc(NC(=O)C3CCC(=O)N(C)C3)n2)c1Cl,Amidation,,
C147470,1,,,,NC12COCC1C2,CC(C(=O)O)n1c(C(F)(F)F)nc2ccccc21,CC(C(=O)NC12COCC1C2)n1c(C(F)(F)F)nc2ccccc21,Amidation,,
C136957,1,,,,C=CCCCCC(=O)O,Nc1cc(Br)cc2nc(O)[nH]c12,C=CCCCCC(=O)Nc1cc(Br)cc2nc(O)[nH]c12,Amidation,,
C136959,1,,,,CC(O)CCCC(=O)O,Nc1cc(Br)cc2nc(O)[nH]c12,CC(O)CCCC(=O)Nc1cc(Br)cc2nc(O)[nH]c12,Amidation,,
C136960,1,,,,CCC(C)CCC(=O)O,Nc1cc(Br)cc2nc(O)[nH]c12,CCC(C)CCC(=O)Nc1cc(Br)cc2nc(O)[nH]c12,Amidation,,
C147480,1,,,,CC(C(=O)O)n1c(C(F)(F)F)nc2ccccc21,CC1(C)OCC1N,CC(C(=O)NC1COC1(C)C)n1c(C(F)(F)F)nc2ccccc21,Amidation,,
C147482,1,,,,CC1(N)CCC1O,CC(C(=O)O)n1c(C(F)(F)F)nc2ccccc21,CC(C(=O)NC1(C)CCC1O)n1c(C(F)(F)F)nc2ccccc21,Amidation,,
C142555,1,,,,CC1CC(=O)NCC1C(=O)O,Nc1ccn(-c2ccnc(C(F)F)c2)n1,CC1CC(=O)NCC1C(=O)Nc1ccn(-c2ccnc(C(F)F)c2)n1,Amidation,,
C142558,1,,,,CCN1CC(C(=O)O)CCC1=O,Cc1nccc(-n2ccc(N)n2)c1Cl,CCN1CC(C(=O)Nc2ccn(-c3ccnc(C)c3Cl)n2)CCC1=O,Amidation,,
C55811,1,,,,Nc1cccc2ncccc12,CCSc1cccnc1C(=O)O,CCSc1cccnc1C(=O)Nc1cccc2ncccc12,Amidation,,
C142569,1,,,,CCN1CC(C(=O)O)CCC1=O,Nc1ccn(-c2ccnc(C(F)F)c2)n1,CCN1CC(C(=O)Nc2ccn(-c3ccnc(C(F)F)c3)n2)CCC1=O,Amidation,,
C142570,1,,,,CC1CC(=O)N(C)CC1C(=O)O,Nc1ccn(-c2ccnc(C(F)F)c2)n1,CC1CC(=O)N(C)CC1C(=O)Nc1ccn(-c2ccnc(C(F)F)c2)n1,Amidation,,
C142575,1,,,,CC(C)N1CC(C(=O)O)CCC1=O,Cc1nccc(-n2ccc(N)n2)c1Cl,Cc1nccc(-n2ccc(NC(=O)C3CCC(=O)N(C(C)C)C3)n2)c1Cl,Amidation,,
C147506,1,,,,CC(C)Cc1nc2ccccc2n1C(C)C(=O)O,NC1COCC1F,CC(C)Cc1nc2ccccc2n1C(C)C(=O)NC1COCC1F,Amidation,,
C139885,1,,,,O=C(O)c1sccc1CO,Nc1c(Br)cc(Cl)c2ncccc12,O=C(Nc1c(Br)cc(Cl)c2ncccc12)c1sccc1CO,Amidation,,
C147507,1,,,,CC1(N)CCOC1,CC(C)C(C(=O)O)n1cnc2cc(F)c(F)cc21,CC(C)C(C(=O)NC1(C)CCOC1)n1cnc2cc(F)c(F)cc21,Amidation,,
C142581,1,,,,O=C(O)C1CCC(=O)N(C(F)(F)F)C1,Cc1cc(-n2ccc(N)n2)ccn1,Cc1cc(-n2ccc(NC(=O)C3CCC(=O)N(C(F)(F)F)C3)n2)ccn1,Amidation,,
C147508,1,,,,CC(C)C(C(=O)O)n1cnc2cc(F)c(F)cc21,CC1OCCC1N,CC(C)C(C(=O)NC1CCOC1C)n1cnc2cc(F)c(F)cc21,Amidation,,
C142583,1,,,,O=C1CC(C(F)(F)F)C(C(=O)O)CN1,Cc1cc(-n2ccc(N)n2)ccn1,Cc1cc(-n2ccc(NC(=O)C3CNC(=O)CC3C(F)(F)F)n2)ccn1,Amidation,,
C114014,1,,,,CC(=O)N(C)C1CCNCC1,O=C(O)c1cccc2[nH]c(=O)[nH]c12,CC(=O)N(C)C1CCN(C(=O)c2cccc3[nH]c(=O)[nH]c23)CC1,Amidation,,
C142584,1,,,,O=C1CCC(C(=O)O)C(C(F)(F)F)N1,Cc1nccc(-n2ccc(N)n2)c1Cl,Cc1nccc(-n2ccc(NC(=O)C3CCC(=O)NC3C(F)(F)F)n2)c1Cl,Amidation,,
C139892,1,,,,O=C(O)c1sccc1CF,Nc1c(Br)cc(Cl)c2ncccc12,O=C(Nc1c(Br)cc(Cl)c2ncccc12)c1sccc1CF,Amidation,,
C139893,1,,,,O=C(O)c1sccc1CF,Cc1ccnc2c(Cl)ccc(N)c12,Cc1ccnc2c(Cl)ccc(NC(=O)c3sccc3CF)c12,Amidation,,
C142585,1,,,,CC(C)N1CC(C(=O)O)CCC1=O,Nc1ccn(-c2ccnc(C(F)F)c2)n1,CC(C)N1CC(C(=O)Nc2ccn(-c3ccnc(C(F)F)c3)n2)CCC1=O,Amidation,,
C142587,1,,,,O=C1CC2(CCC2)C(C(=O)O)CN1,Nc1ccn(-c2ccnc(C(F)F)c2)n1,O=C1CC2(CCC2)C(C(=O)Nc2ccn(-c3ccnc(C(F)F)c3)n2)CN1,Amidation,,
C142588,1,,,,O=C(O)C1CCC(=O)N(C2CC2)C1,Nc1ccn(-c2ccnc(C(F)F)c2)n1,O=C(Nc1ccn(-c2ccnc(C(F)F)c2)n1)C1CCC(=O)N(C2CC2)C1,Amidation,,
C142589,1,,,,O=C(O)C1CCC(=O)N(C(F)(F)F)C1,Cc1nccc(-n2ccc(N)n2)c1Cl,Cc1nccc(-n2ccc(NC(=O)C3CCC(=O)N(C(F)(F)F)C3)n2)c1Cl,Amidation,,
C139898,1,,,,O=C(O)c1sccc1CCl,Nc1c(Br)cc(Cl)c2ncccc12,O=C(Nc1c(Br)cc(Cl)c2ncccc12)c1sccc1CCl,Amidation,,
C139899,1,,,,O=C(O)c1sccc1CCl,Cc1ccnc2c(Cl)ccc(N)c12,Cc1ccnc2c(Cl)ccc(NC(=O)c3sccc3CCl)c12,Amidation,,
C142590,1,,,,O=C1CC(C(F)(F)F)C(C(=O)O)CN1,Cc1nccc(-n2ccc(N)n2)c1Cl,Cc1nccc(-n2ccc(NC(=O)C3CNC(=O)CC3C(F)(F)F)n2)c1Cl,Amidation,,
C142591,1,,,,O=C(O)C1CNC(=O)C(C(F)(F)F)C1,Cc1nccc(-n2ccc(N)n2)c1Cl,Cc1nccc(-n2ccc(NC(=O)C3CNC(=O)C(C(F)(F)F)C3)n2)c1Cl,Amidation,,
C145100,1,,,,CN1Cc2cccc(N)c2C1,CC1(CO)COC(C)(C)C1,CN1Cc2cccc(NCC3(C)COC(C)(C)C3)c2C1,Mitsunobu_reaction_with_amine_alcohol_and_thioalcohol,,
C147516,1,,,,CC(C)C(C(=O)O)n1cnc2cc(F)c(F)cc21,NC1CCCC1O,CC(C)C(C(=O)NC1CCCC1O)n1cnc2cc(F)c(F)cc21,Amidation,,
C147517,1,,,,CC1COCC1N,CC(C)C(C(=O)O)n1cnc2cc(F)c(F)cc21,CC(C)C(C(=O)NC1COCC1C)n1cnc2cc(F)c(F)cc21,Amidation,,
C142599,1,,,,O=C1CC(C(F)(F)F)C(C(=O)O)CN1,Nc1ccn(-c2ccnc(C(F)F)c2)n1,O=C1CC(C(F)(F)F)C(C(=O)Nc2ccn(-c3ccnc(C(F)F)c3)n2)CN1,Amidation,,
C142600,1,,,,O=C(O)C1CCC(=O)N(C(F)(F)F)C1,Nc1ccn(-c2ccnc(C(F)F)c2)n1,O=C(Nc1ccn(-c2ccnc(C(F)F)c2)n1)C1CCC(=O)N(C(F)(F)F)C1,Amidation,,
C142601,1,,,,O=C1CCC(C(=O)O)(c2ccccc2)CN1,Cc1cc(-n2ccc(N)n2)ccn1,Cc1cc(-n2ccc(NC(=O)C3(c4ccccc4)CCC(=O)NC3)n2)ccn1,Amidation,,
C147522,1,,,,CC(C)C(C(=O)O)n1cnc2cc(F)c(F)cc21,NC1CCOC1=O,CC(C)C(C(=O)NC1CCOC1=O)n1cnc2cc(F)c(F)cc21,Amidation,,
C142603,1,,,,Cn1cc(N2CC(C(=O)O)CCC2=O)cn1,Cc1cc(-n2ccc(N)n2)ccn1,Cc1cc(-n2ccc(NC(=O)C3CCC(=O)N(c4cnn(C)c4)C3)n2)ccn1,Amidation,,
C142604,1,,,,Cn1cc(N2CC(C(=O)O)CCC2=O)cn1,Cc1nccc(-n2ccc(N)n2)c1Cl,Cc1nccc(-n2ccc(NC(=O)C3CCC(=O)N(c4cnn(C)c4)C3)n2)c1Cl,Amidation,,
C139911,1,,,,CC(C)c1ccsc1C(=O)O,Cc1ccnc2c(Cl)ccc(N)c12,Cc1ccnc2c(Cl)ccc(NC(=O)c3sccc3C(C)C)c12,Amidation,,
C142605,1,,,,O=C1CCC(C(=O)O)(c2ccccc2)CN1,Cc1nccc(-n2ccc(N)n2)c1Cl,Cc1nccc(-n2ccc(NC(=O)C3(c4ccccc4)CCC(=O)NC3)n2)c1Cl,Amidation,,
C147527,1,,,,CC(C)C(C(=O)O)n1cnc2cc(F)c(F)cc21,NC1C(O)CC1O,CC(C)C(C(=O)NC1C(O)CC1O)n1cnc2cc(F)c(F)cc21,Amidation,,
C147528,1,,,,CC(C)C(C(=O)O)n1cnc2cc(F)c(F)cc21,NC1COCC1F,CC(C)C(C(=O)NC1COCC1F)n1cnc2cc(F)c(F)cc21,Amidation,,
C147529,1,,,,NC12COCC1C2,CC(C)C(C(=O)O)n1cnc2cc(F)c(F)cc21,CC(C)C(C(=O)NC12COCC1C2)n1cnc2cc(F)c(F)cc21,Amidation,,
C147533,1,,,,CC(C)C(C(=O)O)n1cnc2cc(F)c(F)cc21,CC1(O)CCC1N,CC(C)C(C(=O)NC1CCC1(C)O)n1cnc2cc(F)c(F)cc21,Amidation,,
C147534,1,,,,CC(C)C(C(=O)O)n1cnc2cc(F)c(F)cc21,C=C1COCC1N,C=C1COCC1NC(=O)C(C(C)C)n1cnc2cc(F)c(F)cc21,Amidation,,
C147536,1,,,,CC(C)C(C(=O)O)n1cnc2cc(F)c(F)cc21,CC1CC(O)C1N,CC(C)C(C(=O)NC1C(C)CC1O)n1cnc2cc(F)c(F)cc21,Amidation,,
C147540,1,,,,CC(C)C(C(=O)O)n1cnc2cc(F)c(F)cc21,CC1(C)OCC1N,CC(C)C(C(=O)NC1COC1(C)C)n1cnc2cc(F)c(F)cc21,Amidation,,
C142614,1,,,,O=C(O)C1CCC(=O)N(Cc2ccccc2)C1,Cc1cc(-n2ccc(N)n2)ccn1,Cc1cc(-n2ccc(NC(=O)C3CCC(=O)N(Cc4ccccc4)C3)n2)ccn1,Amidation,,
C139921,1,,,,O=C(O)c1sccc1C(F)F,Cc1ccnc2c(Cl)ccc(N)c12,Cc1ccnc2c(Cl)ccc(NC(=O)c3sccc3C(F)F)c12,Amidation,,
C142615,1,,,,Cn1cc(N2CC(C(=O)O)CCC2=O)cn1,Nc1ccn(-c2ccnc(C(F)F)c2)n1,Cn1cc(N2CC(C(=O)Nc3ccn(-c4ccnc(C(F)F)c4)n3)CCC2=O)cn1,Amidation,,
C139923,1,,,,N#CCc1ccsc1C(=O)O,Nc1c(Br)cc(Cl)c2ncccc12,N#CCc1ccsc1C(=O)Nc1c(Br)cc(Cl)c2ncccc12,Amidation,,
C139924,1,,,,N#CCc1ccsc1C(=O)O,Cc1ccnc2c(Cl)ccc(N)c12,Cc1ccnc2c(Cl)ccc(NC(=O)c3sccc3CC#N)c12,Amidation,,
C142617,1,,,,O=C1CCC(C(=O)O)(c2ccccc2)CN1,Nc1ccn(-c2ccnc(C(F)F)c2)n1,O=C1CCC(C(=O)Nc2ccn(-c3ccnc(C(F)F)c3)n2)(c2ccccc2)CN1,Amidation,,
C147543,1,,,,CC1(N)CCC1O,CC(C)C(C(=O)O)n1cnc2cc(F)c(F)cc21,CC(C)C(C(=O)NC1(C)CCC1O)n1cnc2cc(F)c(F)cc21,Amidation,,
C142623,1,,,,O=C(O)C1CCC(=O)N(Cc2ccccc2)C1,Cc1nccc(-n2ccc(N)n2)c1Cl,Cc1nccc(-n2ccc(NC(=O)C3CCC(=O)N(Cc4ccccc4)C3)n2)c1Cl,Amidation,,
C147551,1,,,,CC(C)Cc1nc2ccccc2n1C(C)C(=O)O,C=C1COCC1N,C=C1COCC1NC(=O)C(C)n1c(CC(C)C)nc2ccccc21,Amidation,,
C147553,1,,,,CC1COCC1N,CC(C)Cc1nc2ccccc2n1C(C)C(=O)O,CC(C)Cc1nc2ccccc2n1C(C)C(=O)NC1COCC1C,Amidation,,
C117748,1,,,,O=C(O)CCc1cnc2ccccc2c1,CCn1cncc1CO,CCn1cncc1COC(=O)CCc1cnc2ccccc2c1,Steglich_esterification,,
C139937,1,,,,CCOc1ccsc1C(=O)O,Cc1ccnc2c(Cl)ccc(N)c12,CCOc1ccsc1C(=O)Nc1ccc(Cl)c2nccc(C)c12,Amidation,,
C147559,1,,,,CC(C)Cc1nc2ccccc2n1C(C)C(=O)O,NC1CCOC1=O,CC(C)Cc1nc2ccccc2n1C(C)C(=O)NC1CCOC1=O,Amidation,,
C147562,1,,,,CC(C)Cc1nc2ccccc2n1C(C)C(=O)O,CC1OCCC1N,CC(C)Cc1nc2ccccc2n1C(C)C(=O)NC1CCOC1C,Amidation,,
C142643,1,,,,CC(Cc1cncc2ccccc12)C(=O)O,COC(=O)c1csc(CN)n1,COC(=O)c1csc(CNC(=O)C(C)Cc2cncc3ccccc23)n1,Amidation,,
C147566,1,,,,NC12COCC1C2,CC(C)Cc1nc2ccccc2n1C(C)C(=O)O,CC(C)Cc1nc2ccccc2n1C(C)C(=O)NC12COCC1C2,Amidation,,
C142648,1,,,,CC(Cc1cncc2ccccc12)C(=O)O,CCOC(=O)c1nc(CN)sc1Br,CCOC(=O)c1nc(CNC(=O)C(C)Cc2cncc3ccccc23)sc1Br,Amidation,,
C147571,1,,,,CC(C)Cc1nc2ccccc2n1C(C)C(=O)O,NC1COCC1O,CC(C)Cc1nc2ccccc2n1C(C)C(=O)NC1COCC1O,Amidation,,
C147573,1,,,,CC(C)Cc1nc2ccccc2n1C(C)C(=O)O,NC1CCCC1O,CC(C)Cc1nc2ccccc2n1C(C)C(=O)NC1CCCC1O,Amidation,,
C147575,1,,,,CC(C)Cc1nc2ccccc2n1C(C)C(=O)O,COC1CCC1N,COC1CCC1NC(=O)C(C)n1c(CC(C)C)nc2ccccc21,Amidation,,
C147581,1,,,,Cc1nc2ccccc2n1C(C(=O)O)C(C)C,CC1CC(N)C(=O)O1,Cc1nc2ccccc2n1C(C(=O)NC1CC(C)OC1=O)C(C)C,Amidation,,
C147588,1,,,,CC(C)C(C(=O)O)n1cnc2cc(F)c(F)cc21,CNC1COCC1O,CC(C)C(C(=O)N(C)C1COCC1O)n1cnc2cc(F)c(F)cc21,Amidation,,
C147591,1,,,,CC(C)C(C(=O)O)n1cnc2cc(F)c(F)cc21,CC1CC(N)C(=O)O1,CC1CC(NC(=O)C(C(C)C)n2cnc3cc(F)c(F)cc32)C(=O)O1,Amidation,,
C142742,1,,,,O=Cc1cc(Cl)cc(Cl)n1,CN(C)c1ccc2c(c1)CNC2,CN(C)c1ccc2c(c1)CN(Cc1cc(Cl)cc(Cl)n1)C2,Reductive_amination,,
C137133,1,,,,O=C(O)c1csc2c(Br)ccnc12,CC(N)CC1CC1,CC(CC1CC1)Nc1ccnc2c(C(=O)O)csc12,N-nucleophilic_aromatic_substitution,,
C147610,1,,,,CC(C)Cc1nc2ccccc2n1C(C)C(=O)O,CC1CC(N)C(=O)O1,CC(C)Cc1nc2ccccc2n1C(C)C(=O)NC1CC(C)OC1=O,Amidation,,
C139993,1,,,,COCc1ccsc1C(=O)O,Nc1c(Br)cc(Cl)c2ncccc12,COCc1ccsc1C(=O)Nc1c(Br)cc(Cl)c2ncccc12,Amidation,,
C139994,1,,,,COCc1ccsc1C(=O)O,Cc1ccnc2c(Cl)ccc(N)c12,COCc1ccsc1C(=O)Nc1ccc(Cl)c2nccc(C)c12,Amidation,,
C142775,1,,,,CN1Cc2ccc(N)cc2C1,Cc1ccc(C(=O)O)c2[nH]cc(C#N)c12,Cc1ccc(C(=O)Nc2ccc3c(c2)CN(C)C3)c2[nH]cc(C#N)c12,Amidation,,
C142776,1,,,,Nc1ccc2c(c1)CNC2=O,Cc1ccc(C(=O)O)c2[nH]cc(C#N)c12,Cc1ccc(C(=O)Nc2ccc3c(c2)CNC3=O)c2[nH]cc(C#N)c12,Amidation,,
C147630,1,,,,COCC1(N)CCC1,CC(C)Cc1nc2ccccc2n1C(C)C(=O)O,COCC1(NC(=O)C(C)n2c(CC(C)C)nc3ccccc32)CCC1,Amidation,,
C142778,1,,,,Cc1ccc(C(=O)O)c2[nH]cc(C#N)c12,CCN1Cc2ccc(N)cc2C1,CCN1Cc2ccc(NC(=O)c3ccc(C)c4c(C#N)c[nH]c34)cc2C1,Amidation,,
C142779,1,,,,Cc1ccc(C(=O)O)c2[nH]cc(C#N)c12,CN1Cc2ccc(N)cc2C1=O,Cc1ccc(C(=O)Nc2ccc3c(c2)C(=O)N(C)C3)c2[nH]cc(C#N)c12,Amidation,,
C142781,1,,,,Nc1cc2c(cc1F)CNC2=O,Cc1ccc(C(=O)O)c2[nH]cc(C#N)c12,Cc1ccc(C(=O)Nc2cc3c(cc2F)CNC3=O)c2[nH]cc(C#N)c12,Amidation,,
C142782,1,,,,CN1Cc2cc(N)ccc2C1=O,Cc1ccc(C(=O)O)c2[nH]cc(C#N)c12,Cc1ccc(C(=O)Nc2ccc3c(c2)CN(C)C3=O)c2[nH]cc(C#N)c12,Amidation,,
C142784,1,,,,CN1C(=O)c2ccc(N)cc2C1=O,Cc1ccc(C(=O)O)c2[nH]cc(C#N)c12,Cc1ccc(C(=O)Nc2ccc3c(c2)C(=O)N(C)C3=O)c2[nH]cc(C#N)c12,Amidation,,
C142786,1,,,,CCCN1Cc2ccc(N)cc2C1,Cc1ccc(C(=O)O)c2[nH]cc(C#N)c12,CCCN1Cc2ccc(NC(=O)c3ccc(C)c4c(C#N)c[nH]c34)cc2C1,Amidation,,
C142787,1,,,,Cc1ccc(C(=O)O)c2[nH]cc(C#N)c12,CCN1Cc2ccc(N)cc2C1=O,CCN1Cc2ccc(NC(=O)c3ccc(C)c4c(C#N)c[nH]c34)cc2C1=O,Amidation,,
C142788,1,,,,Cc1ccc(C(=O)O)c2[nH]cc(C#N)c12,CN1Cc2cc(N)ccc2C1(C)C,Cc1ccc(C(=O)Nc2ccc3c(c2)CN(C)C3(C)C)c2[nH]cc(C#N)c12,Amidation,,
C137187,1,,,,NCc1nc2ccccn2c1Br,O=C(O)CC1Cn2c(nc3ccccc32)NC1=O,O=C(CC1Cn2c(nc3ccccc32)NC1=O)NCc1nc2ccccn2c1Br,Amidation,,
C142791,1,,,,Nc1ccc2c(c1)CN(CC(F)F)C2,Cc1ccc(C(=O)O)c2[nH]cc(C#N)c12,Cc1ccc(C(=O)Nc2ccc3c(c2)CN(CC(F)F)C3)c2[nH]cc(C#N)c12,Amidation,,
C142792,1,,,,CC(C)N1Cc2ccc(N)cc2C1=O,Cc1ccc(C(=O)O)c2[nH]cc(C#N)c12,Cc1ccc(C(=O)Nc2ccc3c(c2)C(=O)N(C(C)C)C3)c2[nH]cc(C#N)c12,Amidation,,
C142793,1,,,,Nc1ccc2c(c1)CN(CC(F)(F)F)C2,Cc1ccc(C(=O)O)c2[nH]cc(C#N)c12,Cc1ccc(C(=O)Nc2ccc3c(c2)CN(CC(F)(F)F)C3)c2[nH]cc(C#N)c12,Amidation,,
C142794,1,,,,Cc1ccc(C(=O)O)c2[nH]cc(C#N)c12,COCN1C(=O)c2ccc(N)cc2C1=O,COCN1C(=O)c2ccc(NC(=O)c3ccc(C)c4c(C#N)c[nH]c34)cc2C1=O,Amidation,,
C140027,1,,,,Cc1cc(CO)c(C(=O)O)s1,Cc1ccnc2c(Cl)ccc(N)c12,Cc1cc(CO)c(C(=O)Nc2ccc(Cl)c3nccc(C)c23)s1,Amidation,,
