smiles,template,compound_set,hit1,hit2,hit3,hit4,hit5,hit6,hit7,hit8,hit9,hit10,hit11,hit12,hit13,hit14,hit15,hit16,hit17,hit18,hit19,hit20,hit21,hit22,hit23,hit24,hit25,hit26,hit27,hit28,hit29,hit30,hit31,hit32,hit33,hit34,hit35,hit36,hit37,hit38,hit39,hit40,hit41,hit42,hit43,hit44,hit45,hit46,hit47,hit48,hit49,hit50,hit51,hit52,hit53,hit54,hit55,hit56,hit57,hit58,hit59,hit60,hit61
NN1Cc2ccc(NC(=O)c3cc(F)cc4c3ncn4C3CCCO3)cc2C1,Z0490a,openbind_xx01zvns2b_c1_scaffolds,Z0490a,Z0404a,,,,,,,,,,,,,,,,,,,,,,,,,,,,,,,,,,,,,,,,,,,,,,,,,,,,,,,,,,,
c1cc2c3c(c1)NCN3CCC2,Z0490a,openbind_xx01zvns2b_c1_scaffolds,Z0490a,Z0455a,,,,,,,,,,,,,,,,,,,,,,,,,,,,,,,,,,,,,,,,,,,,,,,,,,,,,,,,,,,
CCn1cnc2cc(Br)cc(C)c21,Z0490a,openbind_xx01zvns2b_c1_scaffolds,Z0490a,Z0589a,,,,,,,,,,,,,,,,,,,,,,,,,,,,,,,,,,,,,,,,,,,,,,,,,,,,,,,,,,,
COCCOc1c(C)c(C)c2c(C(=O)C(=O)C3CC4(CCNC4)C3)cc(F)cc2c1CO,Z0490a,openbind_xx01zvns2b_c1_scaffolds,Z0490a,Z0719a,,,,,,,,,,,,,,,,,,,,,,,,,,,,,,,,,,,,,,,,,,,,,,,,,,,,,,,,,,,
CC1NCC2(CN1)NCc1cccc(C(=O)NC3CN(C)C4(CCNC4)C3)c12,Z0490a,openbind_xx01zvns2b_c1_scaffolds,Z0490a,Z0773a,,,,,,,,,,,,,,,,,,,,,,,,,,,,,,,,,,,,,,,,,,,,,,,,,,,,,,,,,,,
CNCc1ncc(C(O)(C#N)Nc2ccc3c(c2)CNC3N)c2cc(Cl)ccc12,Z0490a,openbind_xx01zvns2b_c1_scaffolds,Z0490a,Z0806a,,,,,,,,,,,,,,,,,,,,,,,,,,,,,,,,,,,,,,,,,,,,,,,,,,,,,,,,,,,
CCn1cnc2ccc(NCCc3ccc(CNc4nc5ccccc5[nH]4)c(O)c3)cc21,Z0490a,openbind_xx01zvns2b_c1_scaffolds,Z0490a,Z0846b,,,,,,,,,,,,,,,,,,,,,,,,,,,,,,,,,,,,,,,,,,,,,,,,,,,,,,,,,,,
CCC(=O)Nc1cc(Cl)cc(C(O)(NC2CCC3(CCNC3)CC2C)C(=O)NCC2CCOCC2)c1NNC,Z0490a,openbind_xx01zvns2b_c1_scaffolds,Z0490a,Z0846a,,,,,,,,,,,,,,,,,,,,,,,,,,,,,,,,,,,,,,,,,,,,,,,,,,,,,,,,,,,
CNCn1nnc2c(C(=O)Nc3cc4c(cc3F)CNC4)cc(F)cc21,Z0490a,openbind_xx01zvns2b_c1_scaffolds,Z0490a,Z0969a,,,,,,,,,,,,,,,,,,,,,,,,,,,,,,,,,,,,,,,,,,,,,,,,,,,,,,,,,,,
N#Cc1cc2c(cc1NC(=O)c1cc(F)cc3c1cnn3NC1CNC1)CNC2,Z0490a,openbind_xx01zvns2b_c1_scaffolds,Z0490a,Z1664a,,,,,,,,,,,,,,,,,,,,,,,,,,,,,,,,,,,,,,,,,,,,,,,,,,,,,,,,,,,
Cc1cccc(O)c1NC(=O)c1c(F)cncc1CCNCS(=O)(=O)c1nccn1Cc1cscn1,Z0490a,openbind_xx01zvns2b_c1_scaffolds,Z0490a,Z3397a,,,,,,,,,,,,,,,,,,,,,,,,,,,,,,,,,,,,,,,,,,,,,,,,,,,,,,,,,,,
CC(Cc1ccc(CNc2nc3ccccc3[nH]2)c(O)c1)n1ncc2c(C(=O)Nc3ccc4c(c3)CNC4)cccc21,Z0490a,openbind_xx01zvns2b_c1_scaffolds,Z0490a,Z3441a,,,,,,,,,,,,,,,,,,,,,,,,,,,,,,,,,,,,,,,,,,,,,,,,,,,,,,,,,,,
CNCn1cnc2c(C(=O)Nc3cc(C#N)c4c(c3)CNC4)cc(Cl)cc21,Z0490a,openbind_xx01zvns2b_c1_scaffolds,Z0490a,Z3452a,Z3654a,Z4117a,Z4227a,,,,,,,,,,,,,,,,,,,,,,,,,,,,,,,,,,,,,,,,,,,,,,,,,,,,,,,,
CCNC1(C)CSC(CC(CC)C2(O)NC(C)NCCNCCCNC(=O)c3cccnc32)C1,Z0490a,openbind_xx01zvns2b_c1_scaffolds,Z0490a,Z3476a,,,,,,,,,,,,,,,,,,,,,,,,,,,,,,,,,,,,,,,,,,,,,,,,,,,,,,,,,,,
Cc1nc2c(C(=O)Nc3ccc4c(c3)CNC4)ccc3ncn1c32,Z0490a,openbind_xx01zvns2b_c1_scaffolds,Z0490a,Z3495a,Z4951a,,,,,,,,,,,,,,,,,,,,,,,,,,,,,,,,,,,,,,,,,,,,,,,,,,,,,,,,,,
CCCNC(=O)C(Nc1ccc2c(c1)CNC2)c1ccc(NCNCC)cc1CNN,Z0490a,openbind_xx01zvns2b_c1_scaffolds,Z0490a,Z3503a,,,,,,,,,,,,,,,,,,,,,,,,,,,,,,,,,,,,,,,,,,,,,,,,,,,,,,,,,,,
CS(=O)(=O)c1ccc(N2CCNCC2)cc1C(=O)c1cc(Cl)cc(NC(=O)OCc2ccccc2)c1,Z0490a,openbind_xx01zvns2b_c1_scaffolds,Z0490a,Z3699a,,,,,,,,,,,,,,,,,,,,,,,,,,,,,,,,,,,,,,,,,,,,,,,,,,,,,,,,,,,
COC1(C)c2c(C(=O)Nc3ccc4c(c3)CNC4)ccc3ncn(c23)C1C,Z0490a,openbind_xx01zvns2b_c1_scaffolds,Z0490a,Z3815a,,,,,,,,,,,,,,,,,,,,,,,,,,,,,,,,,,,,,,,,,,,,,,,,,,,,,,,,,,,
CC(=O)Nc1c(Cl)cc(C(O)(Nc2ccc3c(c2)CNC3)C(=O)NCS(=O)(=O)c2ccc(C)cc2)c2cn[nH]c12,Z0490a,openbind_xx01zvns2b_c1_scaffolds,Z0490a,Z3850a,,,,,,,,,,,,,,,,,,,,,,,,,,,,,,,,,,,,,,,,,,,,,,,,,,,,,,,,,,,
COn1cc2c(n1)CC(Cl)CC2(O)C(Nc1ccc2c(c1)CNC2)C(=O)NCc1cccnc1,Z0490a,openbind_xx01zvns2b_c1_scaffolds,Z0490a,Z3880a,,,,,,,,,,,,,,,,,,,,,,,,,,,,,,,,,,,,,,,,,,,,,,,,,,,,,,,,,,,
Oc1ccc(NCN=C(Nc2ccc3c(c2)CNC3)c2cc(F)cc3[nH]ncc23)cc1CNc1nc2ccccc2[nH]1,Z0490a,openbind_xx01zvns2b_c1_scaffolds,Z0490a,Z3936a,,,,,,,,,,,,,,,,,,,,,,,,,,,,,,,,,,,,,,,,,,,,,,,,,,,,,,,,,,,
CCNc1cccc(C2(CC(N)OC)CNCC3(CCNC(N4CCNCC4)C3)C2)c1,Z0490a,openbind_xx01zvns2b_c1_scaffolds,Z0490a,Z4959b,,,,,,,,,,,,,,,,,,,,,,,,,,,,,,,,,,,,,,,,,,,,,,,,,,,,,,,,,,,
Cn1ncc2c(C(=O)Nc3ccc4c(c3)CNC4)c3ncccn3c21,Z0490a,openbind_xx01zvns2b_c1_scaffolds,Z0490a,Z5148a,,,,,,,,,,,,,,,,,,,,,,,,,,,,,,,,,,,,,,,,,,,,,,,,,,,,,,,,,,,
CCC1(O)CC(n2ncc3c(C(=O)C(=O)c4cc(=O)n(C)o4)cc(Cl)cc32)C1(C)N,Z0490a,openbind_xx01zvns2b_c1_scaffolds,Z0490a,Z5302a,,,,,,,,,,,,,,,,,,,,,,,,,,,,,,,,,,,,,,,,,,,,,,,,,,,,,,,,,,,
O=C(Nc1ccc2c(c1)CNC2)c1cc2c(c(C(=O)c3cscn3)c1)CCC2=O,Z0490a,openbind_xx01zvns2b_c1_scaffolds,Z0844a,Z0386a,,,,,,,,,,,,,,,,,,,,,,,,,,,,,,,,,,,,,,,,,,,,,,,,,,,,,,,,,,,
CN1C(CC#N)=NC2CCCCC21,Z0490a,openbind_xx01zvns2b_c1_scaffolds,Z0844a,Z0435a,Z0465a,,,,,,,,,,,,,,,,,,,,,,,,,,,,,,,,,,,,,,,,,,,,,,,,,,,,,,,,,,
CC(CCCN=O)C(=O)NC1CN2CNCN2C1,Z0490a,openbind_xx01zvns2b_c1_scaffolds,Z0844a,Z3394a,,,,,,,,,,,,,,,,,,,,,,,,,,,,,,,,,,,,,,,,,,,,,,,,,,,,,,,,,,,
CCn1cc(NC(=O)c2cc(Cl)ccc2-c2cnc(C)nc2CNC)cc1C,Z0490a,openbind_xx01zvns2b_c1_scaffolds,Z0844a,Z3706a,,,,,,,,,,,,,,,,,,,,,,,,,,,,,,,,,,,,,,,,,,,,,,,,,,,,,,,,,,,
NC1=CC2=NC3CCCCC3N2C(C(=O)Nc2ccc3c(c2)CNC3=O)=C1,Z0490a,openbind_xx01zvns2b_c1_scaffolds,Z0844a,Z3815a,,,,,,,,,,,,,,,,,,,,,,,,,,,,,,,,,,,,,,,,,,,,,,,,,,,,,,,,,,,
CCC(=O)c1cccc(CC)c1CC,Z0490a,openbind_xx01zvns2b_c1_scaffolds,Z0844a,Z5122a,,,,,,,,,,,,,,,,,,,,,,,,,,,,,,,,,,,,,,,,,,,,,,,,,,,,,,,,,,,
Nc1ccc2c3c(cccc13)C(O)(C(F)(F)F)N2,Z0490a,openbind_xx01zvns2b_c1_scaffolds,Z1682a,Z2048a,,,,,,,,,,,,,,,,,,,,,,,,,,,,,,,,,,,,,,,,,,,,,,,,,,,,,,,,,,,
FC1(Oc2cccc3c4nccc-4c[nH]c23)Oc2ccncc2O1,Z0490a,openbind_xx01zvns2b_c1_scaffolds,Z1682a,Z0709a,,,,,,,,,,,,,,,,,,,,,,,,,,,,,,,,,,,,,,,,,,,,,,,,,,,,,,,,,,,
CCOC(=O)C1CC2(C#N)C3OCNC3C3CCCC(C1N)C32,Z0490a,openbind_xx01zvns2b_c1_scaffolds,Z1682a,Z0945a,,,,,,,,,,,,,,,,,,,,,,,,,,,,,,,,,,,,,,,,,,,,,,,,,,,,,,,,,,,
CC(C)Nc1nc2c(C(=O)NC3CCN(c4ccccn4)C3)cccc2[nH]1,Z0490a,openbind_xx01zvns2b_c1_scaffolds,Z1682a,Z1098a,,,,,,,,,,,,,,,,,,,,,,,,,,,,,,,,,,,,,,,,,,,,,,,,,,,,,,,,,,,
CCOC(=O)c1cc(CCNC)cc(CCCCC#N)c1C(=O)N1CCC(c2cccnc2)C1,Z0490a,openbind_xx01zvns2b_c1_scaffolds,Z1682a,Z1597a,,,,,,,,,,,,,,,,,,,,,,,,,,,,,,,,,,,,,,,,,,,,,,,,,,,,,,,,,,,
Cc1cc2c(C(O)(Nc3ccc4c(c3)CNC4)C(=O)NCc3cccnc3)cc(Cl)cc2n1C,Z0490a,openbind_xx01zvns2b_c1_scaffolds,Z1682a,Z1664a,,,,,,,,,,,,,,,,,,,,,,,,,,,,,,,,,,,,,,,,,,,,,,,,,,,,,,,,,,,
N#CC1C(CN)CCC(CC(NC(=O)C2CCCCC23CCNN3)C(=O)N2CCCCC2)C12CCNC2,Z0490a,openbind_xx01zvns2b_c1_scaffolds,Z1682a,Z1731a,Z4243a,,,,,,,,,,,,,,,,,,,,,,,,,,,,,,,,,,,,,,,,,,,,,,,,,,,,,,,,,,
CCCNC(=O)C(O)(Nc1ccc2c(c1)CNC2)c1cc(CC)cc2c1cnn2C,Z0490a,openbind_xx01zvns2b_c1_scaffolds,Z1682a,Z1838a,Z2500a,Z3463a,Z3898a,Z4245a,Z4429a,,,,,,,,,,,,,,,,,,,,,,,,,,,,,,,,,,,,,,,,,,,,,,,,,,,,,,
CC(C)CNC(=O)C(N)(C1CC(Cl)C2(CCCNC2)c2n[nH]cc21)C(N)(CCCN)c1ccc2c(c1)C(O)NC2,Z0490a,openbind_xx01zvns2b_c1_scaffolds,Z1682a,Z3028a,Z3264a,Z3647a,Z3685a,Z4478a,,,,,,,,,,,,,,,,,,,,,,,,,,,,,,,,,,,,,,,,,,,,,,,,,,,,,,,
CC(O)(O)C(C(=O)c1cnn2c1CNCC2)c1cccc2ncccc12,Z0490a,openbind_xx01zvns2b_c1_scaffolds,Z1682a,Z3440a,,,,,,,,,,,,,,,,,,,,,,,,,,,,,,,,,,,,,,,,,,,,,,,,,,,,,,,,,,,
CN(C)Cc1cc(CNc2cc(Cl)c3ccc(C(C)(C)CO)c(O)c3c2)ccc1O,Z0490a,openbind_xx01zvns2b_c1_scaffolds,Z1682a,Z3472a,,,,,,,,,,,,,,,,,,,,,,,,,,,,,,,,,,,,,,,,,,,,,,,,,,,,,,,,,,,
CNC1NC2(CCN(C)CC2)Cc2cccc(C(=O)Nc3ccc4c(c3)CNC4)c21,Z0490a,openbind_xx01zvns2b_c1_scaffolds,Z1682a,Z3502a,,,,,,,,,,,,,,,,,,,,,,,,,,,,,,,,,,,,,,,,,,,,,,,,,,,,,,,,,,,
Nc1ccnc2c(OC(F)(F)Oc3cnc4c(c3)CNC4)cc(F)cc12,Z0490a,openbind_xx01zvns2b_c1_scaffolds,Z1682a,Z3505a,Z3506a,,,,,,,,,,,,,,,,,,,,,,,,,,,,,,,,,,,,,,,,,,,,,,,,,,,,,,,,,,
CC(NCCN=C1CCc2cc(C(=O)Nc3ccc4c(c3)CNC4)ccc2N1)c1cn(-c2ccccc2)nn1,Z0490a,openbind_xx01zvns2b_c1_scaffolds,Z1682a,Z3546a,,,,,,,,,,,,,,,,,,,,,,,,,,,,,,,,,,,,,,,,,,,,,,,,,,,,,,,,,,,
CC1CC2(CN1)NC(CC(=O)c1cc(Cl)c3c(NC(C)(C)CO)c(C4(O)CN(C)C4)[nH]c3c1)CS2,Z0490a,openbind_xx01zvns2b_c1_scaffolds,Z1682a,Z3665a,,,,,,,,,,,,,,,,,,,,,,,,,,,,,,,,,,,,,,,,,,,,,,,,,,,,,,,,,,,
O=C(NC1CC2CNCC2C(c2nnn[nH]2)C1)C1CC(Cl)CC2=C1NNC2,Z0490a,openbind_xx01zvns2b_c1_scaffolds,Z1682a,Z3711a,,,,,,,,,,,,,,,,,,,,,,,,,,,,,,,,,,,,,,,,,,,,,,,,,,,,,,,,,,,
CCN1CCC2(CC(CC(=O)c3cc(Cl)cc(C(N=O)NC(C)(C)CO)c3)CCC2O)C1,Z0490a,openbind_xx01zvns2b_c1_scaffolds,Z1682a,Z3790a,,,,,,,,,,,,,,,,,,,,,,,,,,,,,,,,,,,,,,,,,,,,,,,,,,,,,,,,,,,
NCC1(c2ncccc2C(=O)Nc2cc3c(c(C4=CCOCC4)c2)CNC3)CCCC1,Z0490a,openbind_xx01zvns2b_c1_scaffolds,Z1682a,Z3831a,,,,,,,,,,,,,,,,,,,,,,,,,,,,,,,,,,,,,,,,,,,,,,,,,,,,,,,,,,,
CNCC1(N)CCNc2c(OC(F)(F)F)cc(Cl)cc21,Z0490a,openbind_xx01zvns2b_c1_scaffolds,Z1682a,Z3833a,,,,,,,,,,,,,,,,,,,,,,,,,,,,,,,,,,,,,,,,,,,,,,,,,,,,,,,,,,,
CNCn1cc(NC(=O)c2cc(Cl)cc3c2C2(CNCC(OC)C2)NN3C2CNC2)cc1C,Z0490a,openbind_xx01zvns2b_c1_scaffolds,Z1682a,Z3880a,,,,,,,,,,,,,,,,,,,,,,,,,,,,,,,,,,,,,,,,,,,,,,,,,,,,,,,,,,,
CNCC1(N)CCNc2c(OC(F)(F)Oc3cccc(C4CCN(C)CC4)c3)cc(Cl)cc21,Z0490a,openbind_xx01zvns2b_c1_scaffolds,Z1682a,Z4017a,,,,,,,,,,,,,,,,,,,,,,,,,,,,,,,,,,,,,,,,,,,,,,,,,,,,,,,,,,,
Cc1cc(CO)c2cccc(N(C#N)C(=O)C3CCNC4(CCNC4)C3)c2n1,Z0490a,openbind_xx01zvns2b_c1_scaffolds,Z1682a,Z4090a,,,,,,,,,,,,,,,,,,,,,,,,,,,,,,,,,,,,,,,,,,,,,,,,,,,,,,,,,,,
CC1CC2(CC(NCO)CCN2O)c2cc(O)cc(Cc3ccccc3C(=O)N3CCC(N)C3)c2N1,Z0490a,openbind_xx01zvns2b_c1_scaffolds,Z1682a,Z4179a,,,,,,,,,,,,,,,,,,,,,,,,,,,,,,,,,,,,,,,,,,,,,,,,,,,,,,,,,,,
CNCC1(N)CCNc2c(OC(F)(F)Oc3ccc(C)c(C)c3)cc(Cl)cc21,Z0490a,openbind_xx01zvns2b_c1_scaffolds,Z1682a,Z4198a,,,,,,,,,,,,,,,,,,,,,,,,,,,,,,,,,,,,,,,,,,,,,,,,,,,,,,,,,,,
Cc1nc(C2CCCNC2)[nH]c1C(O)(O)NC1CCCCC12CNNC2,Z0490a,openbind_xx01zvns2b_c1_scaffolds,Z1682a,Z4811a,,,,,,,,,,,,,,,,,,,,,,,,,,,,,,,,,,,,,,,,,,,,,,,,,,,,,,,,,,,
CNc1ccc(C2CCCCC2(Nc2cnn(C)c2)C(=O)N2CCNCC2)cn1,Z0490a,openbind_xx01zvns2b_c1_scaffolds,Z1682a,Z4849a,,,,,,,,,,,,,,,,,,,,,,,,,,,,,,,,,,,,,,,,,,,,,,,,,,,,,,,,,,,
CNCc1cccc(OC(F)(F)Oc2cc(Cl)cc3c(CNC)ccnc23)c1,Z0490a,openbind_xx01zvns2b_c1_scaffolds,Z1682a,Z4858a,,,,,,,,,,,,,,,,,,,,,,,,,,,,,,,,,,,,,,,,,,,,,,,,,,,,,,,,,,,
CC1CC(CO)C2(CCCCC2C(=O)N(C=O)C2CNN(C)C23CCNC3)C(F)N1,Z0490a,openbind_xx01zvns2b_c1_scaffolds,Z2048a,Z3519a,,,,,,,,,,,,,,,,,,,,,,,,,,,,,,,,,,,,,,,,,,,,,,,,,,,,,,,,,,,
CC(=O)NC(C(=O)C(=O)C1CCCC2C(CO)C(=O)C(C)NC12)c1ccnc2c1CNC2,Z0490a,openbind_xx01zvns2b_c1_scaffolds,Z2048a,Z3527a,,,,,,,,,,,,,,,,,,,,,,,,,,,,,,,,,,,,,,,,,,,,,,,,,,,,,,,,,,,
CCCC(C(=O)Nc1ccc2c(c1)CNC2)c1cn(C2CNC2)c(CNCC)n1,Z0490a,openbind_xx01zvns2b_c1_scaffolds,Z2048a,Z3970a,,,,,,,,,,,,,,,,,,,,,,,,,,,,,,,,,,,,,,,,,,,,,,,,,,,,,,,,,,,
O=c1[nH]ncn1C1CCN(Cc2c[nH]c3cc(Cl)ccc23)CC1,Z0490a,openbind_xx01zvns2b_c1_scaffolds,Z2971a,Z0435a,,,,,,,,,,,,,,,,,,,,,,,,,,,,,,,,,,,,,,,,,,,,,,,,,,,,,,,,,,,
CC1NC2=C(CCCC2NC(=O)C2CCNCC2)C1CN1CCC(n2cn[nH]c2=O)CC1,Z0490a,openbind_xx01zvns2b_c1_scaffolds,Z2971a,Z0605a,Z0673a,,,,,,,,,,,,,,,,,,,,,,,,,,,,,,,,,,,,,,,,,,,,,,,,,,,,,,,,,,
N#CC(Nc1ccc2c(c1)CNC2)c1c(Cl)ccc2c(CN3CCC(n4cn[nH]c4=O)CC3)c[nH]c12,Z0490a,openbind_xx01zvns2b_c1_scaffolds,Z2971a,Z0990a,,,,,,,,,,,,,,,,,,,,,,,,,,,,,,,,,,,,,,,,,,,,,,,,,,,,,,,,,,,
COC1NC2(CC3N(CCNC34CCNCC4)C2)NC(COc2cncnc2)C1OC,Z0490a,openbind_xx01zvns2b_c1_scaffolds,Z2971a,Z1098a,Z1406a,Z3553a,,,,,,,,,,,,,,,,,,,,,,,,,,,,,,,,,,,,,,,,,,,,,,,,,,,,,,,,,
CCC(C)(CO)Nn1cnc2c(C(=O)Nc3ccc4c(c3)CNC4)cc(Cl)cc21,Z0490a,openbind_xx01zvns2b_c1_scaffolds,Z2971a,Z1237a,,,,,,,,,,,,,,,,,,,,,,,,,,,,,,,,,,,,,,,,,,,,,,,,,,,,,,,,,,,
O=C(Nc1ccc2c(c1)CNC2)c1c(F)ccc2c(CN3CCC(n4cn[nH]c4=O)CC3)c[nH]c12,Z0490a,openbind_xx01zvns2b_c1_scaffolds,Z2971a,Z1261a,Z1265a,Z3689a,Z4168a,,,,,,,,,,,,,,,,,,,,,,,,,,,,,,,,,,,,,,,,,,,,,,,,,,,,,,,,
N#Cc1cc2c(CN3CCC(n4cn[nH]c4=O)CC3)c[nH]c2c(C(=O)Nc2ccc3c(c2)CNC3)c1Cl,Z0490a,openbind_xx01zvns2b_c1_scaffolds,Z2971a,Z1342a,,,,,,,,,,,,,,,,,,,,,,,,,,,,,,,,,,,,,,,,,,,,,,,,,,,,,,,,,,,
NCc1cccc2c1CCC(Cl)N2C(=O)Nc1ccc2c(c1)CNC2,Z0490a,openbind_xx01zvns2b_c1_scaffolds,Z2971a,Z1597a,Z1713a,Z3559a,Z3970a,Z4131a,Z4134a,Z4200a,,,,,,,,,,,,,,,,,,,,,,,,,,,,,,,,,,,,,,,,,,,,,,,,,,,,,
CC(C)NC(=O)C(O)(Nc1ccc2c(c1)CNC2)c1cc(Cl)cc2c1NC(F)(F)N2,Z0490a,openbind_xx01zvns2b_c1_scaffolds,Z2971a,Z1667a,,,,,,,,,,,,,,,,,,,,,,,,,,,,,,,,,,,,,,,,,,,,,,,,,,,,,,,,,,,
O=C(Nc1ccc2c(c1)CNC2)c1c(F)ccc2c(CN3CCC(n4cn[nH]c4=O)CC3)c(OCCCO)[nH]c12,Z0490a,openbind_xx01zvns2b_c1_scaffolds,Z2971a,Z3397a,,,,,,,,,,,,,,,,,,,,,,,,,,,,,,,,,,,,,,,,,,,,,,,,,,,,,,,,,,,
COCCc1c(CN2CCC(n3cn[nH]c3=O)CC2)c2ccc(F)c(C(=O)Nc3ccc4c(c3)CNC4)c2n1C,Z0490a,openbind_xx01zvns2b_c1_scaffolds,Z2971a,Z3400a,,,,,,,,,,,,,,,,,,,,,,,,,,,,,,,,,,,,,,,,,,,,,,,,,,,,,,,,,,,
O=C(Nc1cnc2c(c1)CNC2)c1c(F)ccc2c(CN3CCC(n4cn[nH]c4=O)CC3)c[nH]c12,Z0490a,openbind_xx01zvns2b_c1_scaffolds,Z2971a,Z3432a,Z3439a,Z3473a,,,,,,,,,,,,,,,,,,,,,,,,,,,,,,,,,,,,,,,,,,,,,,,,,,,,,,,,,
CN(c1ccc2c(c1)CNC2)C(C(=O)NCC(F)F)c1c(Cl)ccc2c(CN3CCC(C4=CN=NC4=O)CC3)c[nH]c12,Z0490a,openbind_xx01zvns2b_c1_scaffolds,Z2971a,Z3440a,,,,,,,,,,,,,,,,,,,,,,,,,,,,,,,,,,,,,,,,,,,,,,,,,,,,,,,,,,,
CSc1cc2c(cc1NC(=O)c1c(F)ccc3c(CN4CCC(n5cn[nH]c5=O)CC4)c[nH]c13)CNC2,Z0490a,openbind_xx01zvns2b_c1_scaffolds,Z2971a,Z3441a,,,,,,,,,,,,,,,,,,,,,,,,,,,,,,,,,,,,,,,,,,,,,,,,,,,,,,,,,,,
Cc1cc(CCCC(=O)Nc2ccc3c(c2)CNC3)ccc1C(CN)CN1CCC(n2cn[nH]c2=O)CC1,Z0490a,openbind_xx01zvns2b_c1_scaffolds,Z2971a,Z3452a,,,,,,,,,,,,,,,,,,,,,,,,,,,,,,,,,,,,,,,,,,,,,,,,,,,,,,,,,,,
O=C(NCC(F)F)C(Nc1ccc2c(c1)CNC2)c1cc(N=[SH](=O)NC2CCNCC2)cc(C(F)F)c1,Z0490a,openbind_xx01zvns2b_c1_scaffolds,Z2971a,Z3463a,,,,,,,,,,,,,,,,,,,,,,,,,,,,,,,,,,,,,,,,,,,,,,,,,,,,,,,,,,,
O=C(O)CC1NCc2cc(NC(=O)c3c(Cl)ccc4c(CN5CCC(n6cn[nH]c6=O)CC5)c[nH]c34)ccc21,Z0490a,openbind_xx01zvns2b_c1_scaffolds,Z2971a,Z3464a,,,,,,,,,,,,,,,,,,,,,,,,,,,,,,,,,,,,,,,,,,,,,,,,,,,,,,,,,,,
CC#CC1CNC2C(CCC3CNCCC32N)C(C(=O)Nc2ccc3c(c2)CNC3)C1,Z0490a,openbind_xx01zvns2b_c1_scaffolds,Z2971a,Z3469a,,,,,,,,,,,,,,,,,,,,,,,,,,,,,,,,,,,,,,,,,,,,,,,,,,,,,,,,,,,
O=C(Nc1ccc2c(c1)CNCCO2)C1CCCCCc2c(CN3CCC(n4cn[nH]c4=O)CC3)c[nH]c21,Z0490a,openbind_xx01zvns2b_c1_scaffolds,Z2971a,Z3477a,,,,,,,,,,,,,,,,,,,,,,,,,,,,,,,,,,,,,,,,,,,,,,,,,,,,,,,,,,,
O=C(Nc1ccc2c(c1)CNC2)c1cccnc2c(CN3CCC(n4cn[nH]c4=O)CC3)cnc1-2,Z0490a,openbind_xx01zvns2b_c1_scaffolds,Z2971a,Z3485a,,,,,,,,,,,,,,,,,,,,,,,,,,,,,,,,,,,,,,,,,,,,,,,,,,,,,,,,,,,
O=C(Nc1cnc2c(c1)CNC2)c1c[nH]c(=O)cc2c(CN3CCC(n4cn[nH]c4=O)CC3)cnc1-2,Z0490a,openbind_xx01zvns2b_c1_scaffolds,Z2971a,Z3501a,,,,,,,,,,,,,,,,,,,,,,,,,,,,,,,,,,,,,,,,,,,,,,,,,,,,,,,,,,,
Cc1ncc(-c2ccccc2C(=O)NC(C)Cn2cnc(CCN)n2)cn1,Z0490a,openbind_xx01zvns2b_c1_scaffolds,Z2971a,Z3502a,,,,,,,,,,,,,,,,,,,,,,,,,,,,,,,,,,,,,,,,,,,,,,,,,,,,,,,,,,,
O=C1CCCCC(C(=O)Nc2cnn(Cc3ccncc3)c2)c2[nH]cc(CN3CCC(n4cn[nH]c4=O)CC3)c21,Z0490a,openbind_xx01zvns2b_c1_scaffolds,Z2971a,Z3515a,,,,,,,,,,,,,,,,,,,,,,,,,,,,,,,,,,,,,,,,,,,,,,,,,,,,,,,,,,,
O=C(Nc1ccc2c(c1)CNC2)c1ccc2c(c1)CC(=NCNc1cccc(CNc3nc4ccccc4[nH]3)c1O)N2,Z0490a,openbind_xx01zvns2b_c1_scaffolds,Z2971a,Z3519a,,,,,,,,,,,,,,,,,,,,,,,,,,,,,,,,,,,,,,,,,,,,,,,,,,,,,,,,,,,
Cn1cc(C(F)(F)Oc2ccc3c(c2)CNC3)nc1C1CCCNC12CCNC2,Z0490a,openbind_xx01zvns2b_c1_scaffolds,Z2971a,Z3522a,,,,,,,,,,,,,,,,,,,,,,,,,,,,,,,,,,,,,,,,,,,,,,,,,,,,,,,,,,,
NCC(N)Cc1ccc2c(c1)C(N=CNCC(=O)Nc1cc(Cl)cc3cccnc13)NC2,Z0490a,openbind_xx01zvns2b_c1_scaffolds,Z2971a,Z3596a,,,,,,,,,,,,,,,,,,,,,,,,,,,,,,,,,,,,,,,,,,,,,,,,,,,,,,,,,,,
Cc1cc(NC(C)(C)CO)c2cc(Cl)cc(N3Cc4ccc(O)c5c4C(CCC5N(C)C)C3=O)c2n1,Z0490a,openbind_xx01zvns2b_c1_scaffolds,Z2971a,Z3677a,,,,,,,,,,,,,,,,,,,,,,,,,,,,,,,,,,,,,,,,,,,,,,,,,,,,,,,,,,,
CCNCc1ccc(C(N)CN(CC(=O)NCC(F)F)c2ccc3c(c2)CNC3)cc1,Z0490a,openbind_xx01zvns2b_c1_scaffolds,Z2971a,Z3685a,,,,,,,,,,,,,,,,,,,,,,,,,,,,,,,,,,,,,,,,,,,,,,,,,,,,,,,,,,,
O=C(Nc1cccc(F)c1)c1cccc2c(CN3CCC(n4cn[nH]c4=O)CC3)c[nH]c12,Z0490a,openbind_xx01zvns2b_c1_scaffolds,Z2971a,Z3699a,,,,,,,,,,,,,,,,,,,,,,,,,,,,,,,,,,,,,,,,,,,,,,,,,,,,,,,,,,,
CC1CN(Cc2c[nH]c3c(C(=O)Nc4ccc5c(c4)CNC5)cccc23)CCC1n1cn[nH]c1=O,Z0490a,openbind_xx01zvns2b_c1_scaffolds,Z2971a,Z3774a,,,,,,,,,,,,,,,,,,,,,,,,,,,,,,,,,,,,,,,,,,,,,,,,,,,,,,,,,,,
Cc1cc(NC(=O)c2cc(Cl)cc3nc(C)n(F)c23)cc2c1CNC2,Z0490a,openbind_xx01zvns2b_c1_scaffolds,Z2971a,Z3790a,,,,,,,,,,,,,,,,,,,,,,,,,,,,,,,,,,,,,,,,,,,,,,,,,,,,,,,,,,,
CCN=C1N=c2cccc(C(=O)Nc3ccc4c(c3)CNC4)c2=N1,Z0490a,openbind_xx01zvns2b_c1_scaffolds,Z2971a,Z3790a,,,,,,,,,,,,,,,,,,,,,,,,,,,,,,,,,,,,,,,,,,,,,,,,,,,,,,,,,,,
CC1N=S(C)(=O)C2NCCN2CC2CSC(C(Nc3ccc4c(c3)CNC4)C(=O)NCC(F)F)N2O1,Z0490a,openbind_xx01zvns2b_c1_scaffolds,Z2971a,Z3813a,,,,,,,,,,,,,,,,,,,,,,,,,,,,,,,,,,,,,,,,,,,,,,,,,,,,,,,,,,,
OC1(NCC(F)F)C2CCNC3C4=C(CNC4)NCC32NN1c1cccc2cccnc12,Z0490a,openbind_xx01zvns2b_c1_scaffolds,Z2971a,Z3815a,,,,,,,,,,,,,,,,,,,,,,,,,,,,,,,,,,,,,,,,,,,,,,,,,,,,,,,,,,,
Cc1cc(NC(=O)c2cc(Cl)c3[nH]c(C(C)(CO)C(C)C)nc3c2)cn1CN(C)C,Z0490a,openbind_xx01zvns2b_c1_scaffolds,Z2971a,Z3826a,,,,,,,,,,,,,,,,,,,,,,,,,,,,,,,,,,,,,,,,,,,,,,,,,,,,,,,,,,,
CN1CC(NC2(O)CC3CCC4(CCC(CN)CC4)C3CCC3OCCN32)CC12CCNC2,Z0490a,openbind_xx01zvns2b_c1_scaffolds,Z2971a,Z3830a,,,,,,,,,,,,,,,,,,,,,,,,,,,,,,,,,,,,,,,,,,,,,,,,,,,,,,,,,,,
O=C(Nc1ccc(C2CCOC2)cc1F)c1c(Cl)ccc2c(CN3CCC(n4cn[nH]c4=O)CC3)c[nH]c12,Z0490a,openbind_xx01zvns2b_c1_scaffolds,Z2971a,Z3833a,,,,,,,,,,,,,,,,,,,,,,,,,,,,,,,,,,,,,,,,,,,,,,,,,,,,,,,,,,,
O=C(Nc1ccc(N2CCCCC2)c(F)c1)c1c(Cl)ccc2c(CN3CCC(n4cn[nH]c4=O)CC3)c[nH]c12,Z0490a,openbind_xx01zvns2b_c1_scaffolds,Z2971a,Z3834a,,,,,,,,,,,,,,,,,,,,,,,,,,,,,,,,,,,,,,,,,,,,,,,,,,,,,,,,,,,
CCOC(=O)c1cnc2c(C#N)cc(Cl)cc2c1N(Nc1ccc2c(c1)C(=O)OC2)C(=O)NC,Z0490a,openbind_xx01zvns2b_c1_scaffolds,Z2971a,Z3837a,,,,,,,,,,,,,,,,,,,,,,,,,,,,,,,,,,,,,,,,,,,,,,,,,,,,,,,,,,,
O=C(Nc1ccc(F)cc1)c1c(Cl)ccc2c(CN3CCC(n4cn[nH]c4=O)CC3)c[nH]c12,Z0490a,openbind_xx01zvns2b_c1_scaffolds,Z2971a,Z3842a,,,,,,,,,,,,,,,,,,,,,,,,,,,,,,,,,,,,,,,,,,,,,,,,,,,,,,,,,,,
OC1(Nc2ccc3c(c2)CNC3)Nn2nnc3cc(F)cc1c32,Z0490a,openbind_xx01zvns2b_c1_scaffolds,Z2971a,Z3850a,,,,,,,,,,,,,,,,,,,,,,,,,,,,,,,,,,,,,,,,,,,,,,,,,,,,,,,,,,,
NC(c1c[nH]c2c1CCCC(Cl)C2C(=O)Nc1ccc2c(c1)CNC2)N1CCC(n2cn[nH]c2=O)CC1,Z0490a,openbind_xx01zvns2b_c1_scaffolds,Z2971a,Z4020a,,,,,,,,,,,,,,,,,,,,,,,,,,,,,,,,,,,,,,,,,,,,,,,,,,,,,,,,,,,
CCOC(=O)c1cc2c3c(cc(Cl)cc3c1C(=O)Nc1ccc3c(c1)CNC3)N(N)C=C2C,Z0490a,openbind_xx01zvns2b_c1_scaffolds,Z2971a,Z4089a,,,,,,,,,,,,,,,,,,,,,,,,,,,,,,,,,,,,,,,,,,,,,,,,,,,,,,,,,,,
CC(=O)NC(C(=O)N1C=CC=C2C=CC3(C(O)=CC=C13)C(Cl)=C2)c1ccc2c(n1)CNC2C,Z0490a,openbind_xx01zvns2b_c1_scaffolds,Z2971a,Z4090a,Z4204a,,,,,,,,,,,,,,,,,,,,,,,,,,,,,,,,,,,,,,,,,,,,,,,,,,,,,,,,,,
CC1CC2(NCCS2)c2cccc(C(=O)C(=O)C3CCNCC3C)c2N1,Z0490a,openbind_xx01zvns2b_c1_scaffolds,Z2971a,Z4103a,,,,,,,,,,,,,,,,,,,,,,,,,,,,,,,,,,,,,,,,,,,,,,,,,,,,,,,,,,,
Cc1nc2c(C(=O)C(=O)Cc3cccc4c3CCNC4)cccc2c2c1C(C)OC2,Z0490a,openbind_xx01zvns2b_c1_scaffolds,Z2971a,Z4206a,,,,,,,,,,,,,,,,,,,,,,,,,,,,,,,,,,,,,,,,,,,,,,,,,,,,,,,,,,,
CC1Nc2c(C(=O)C(=O)N3CCC4(CCNC4)C3)cccc2C(C)C12CCNCC2,Z0490a,openbind_xx01zvns2b_c1_scaffolds,Z0051a,Z0687a,,,,,,,,,,,,,,,,,,,,,,,,,,,,,,,,,,,,,,,,,,,,,,,,,,,,,,,,,,,
C=CCC(C(=O)Nc1cnc2c(c1)CNC2)N(C)CC(C)C(N)=O,Z0490a,openbind_xx01zvns2b_c1_scaffolds,Z0051a,Z0969b,,,,,,,,,,,,,,,,,,,,,,,,,,,,,,,,,,,,,,,,,,,,,,,,,,,,,,,,,,,
CC1CNCC12NC(C(=O)NC1CC(Cl)CC3(C1)CC(C1CCNC1)C(C(C)(C)CO)N3)CS2,Z0490a,openbind_xx01zvns2b_c1_scaffolds,Z0051a,Z1237a,,,,,,,,,,,,,,,,,,,,,,,,,,,,,,,,,,,,,,,,,,,,,,,,,,,,,,,,,,,
O=C(Nc1cc2c(cc1CNc1ccc(O)c(CNc3nc4ccccc4[nH]3)c1)CNC2)c1cccc2[nH]c(C(F)(F)F)nc12,Z0490a,openbind_xx01zvns2b_c1_scaffolds,Z0051a,Z1342a,,,,,,,,,,,,,,,,,,,,,,,,,,,,,,,,,,,,,,,,,,,,,,,,,,,,,,,,,,,
CC(CC(c1cn[nH]c1)C(CC(=O)O)Nc1ccc2c(c1)CNC2)N=[SH](N)=O,Z0490a,openbind_xx01zvns2b_c1_scaffolds,Z0051a,Z1664a,,,,,,,,,,,,,,,,,,,,,,,,,,,,,,,,,,,,,,,,,,,,,,,,,,,,,,,,,,,
NCC1C=c2cc(CNN)cc(S(N)(C(=O)NCC3CCCO3)c3ccc4c(c3)CNC4)c2=C1,Z0490a,openbind_xx01zvns2b_c1_scaffolds,Z0051a,Z1664a,,,,,,,,,,,,,,,,,,,,,,,,,,,,,,,,,,,,,,,,,,,,,,,,,,,,,,,,,,,
CNN1CCC2(CC(CC(=O)c3cc(Cl)cc4c3cc(O)n4NC(C)(C)CO)CCC2O)C1,Z0490a,openbind_xx01zvns2b_c1_scaffolds,Z0051a,Z3522a,,,,,,,,,,,,,,,,,,,,,,,,,,,,,,,,,,,,,,,,,,,,,,,,,,,,,,,,,,,
CCCCC1CNCC1CC(N)CCCN,Z0490a,openbind_xx01zvns2b_c1_scaffolds,Z0051a,Z3522a,,,,,,,,,,,,,,,,,,,,,,,,,,,,,,,,,,,,,,,,,,,,,,,,,,,,,,,,,,,
O=C(Nc1ccc2c(c1)CNC2)c1cc(F)cc2c1NNC21CCNC1,Z0490a,openbind_xx01zvns2b_c1_scaffolds,Z0051a,Z3545a,,,,,,,,,,,,,,,,,,,,,,,,,,,,,,,,,,,,,,,,,,,,,,,,,,,,,,,,,,,
CC(C)N(Cc1ccc(CNc2nc3ccccc3[nH]2)c(O)c1)c1nc2ccccc2[nH]1,Z0490a,openbind_xx01zvns2b_c1_scaffolds,Z0051a,Z3842a,,,,,,,,,,,,,,,,,,,,,,,,,,,,,,,,,,,,,,,,,,,,,,,,,,,,,,,,,,,
O=C(Nc1cnn2c1CNCC2)C1CCC2NC(NC3CCC3)NN3CCCC1C23,Z0490a,openbind_xx01zvns2b_c1_scaffolds,Z0089a,Z0101a,Z1390a,,,,,,,,,,,,,,,,,,,,,,,,,,,,,,,,,,,,,,,,,,,,,,,,,,,,,,,,,,
CC(Cl)CC(c1cnn(C(N)NN)c1)C(Nc1ccc2c(c1)CNC2)C(=O)NCC1CCOCC1,Z0490a,openbind_xx01zvns2b_c1_scaffolds,Z0089a,Z0182a,,,,,,,,,,,,,,,,,,,,,,,,,,,,,,,,,,,,,,,,,,,,,,,,,,,,,,,,,,,
CC(C)Nc1[nH]c2cc(Br)cc(C(=O)Nc3ccc4c(c3)CNC4)c2[n+]1[O-],Z0490a,openbind_xx01zvns2b_c1_scaffolds,Z0089a,Z0693a,,,,,,,,,,,,,,,,,,,,,,,,,,,,,,,,,,,,,,,,,,,,,,,,,,,,,,,,,,,
CN1C2=C(CCN2)C2CCCCC2C(O)(NC2CC3CNCC3C2)C(O)NCC2CC1CO2,Z0490a,openbind_xx01zvns2b_c1_scaffolds,Z0089a,Z1261a,Z1274a,,,,,,,,,,,,,,,,,,,,,,,,,,,,,,,,,,,,,,,,,,,,,,,,,,,,,,,,,,
CC(C)CNC(=O)C(O)(Nc1ccc2c(c1)CNC2)C1CC(Cl)C2(CCC(C3CNC3)N2)c2[nH]ncc21,Z0490a,openbind_xx01zvns2b_c1_scaffolds,Z0089a,Z1667a,,,,,,,,,,,,,,,,,,,,,,,,,,,,,,,,,,,,,,,,,,,,,,,,,,,,,,,,,,,
Nc1nnc2n1CC(Cl)C(C(=O)Nc1ccc3c(c1)CNC3)C21CCNC1,Z0490a,openbind_xx01zvns2b_c1_scaffolds,Z0089a,Z1681a,Z1743a,Z1838a,,,,,,,,,,,,,,,,,,,,,,,,,,,,,,,,,,,,,,,,,,,,,,,,,,,,,,,,,
CC(C)Nc1nc2c(C(CC(=O)O)Nc3ccc4c(c3)CNC4)cccc2[nH]1,Z0490a,openbind_xx01zvns2b_c1_scaffolds,Z0089a,Z3432a,,,,,,,,,,,,,,,,,,,,,,,,,,,,,,,,,,,,,,,,,,,,,,,,,,,,,,,,,,,
CS(=O)(=O)c1ccc(N2CCNCC2)cc1C(C=O)c1cc(N)c2cccc(Br)c2n1,Z0490a,openbind_xx01zvns2b_c1_scaffolds,Z0089a,Z3441a,,,,,,,,,,,,,,,,,,,,,,,,,,,,,,,,,,,,,,,,,,,,,,,,,,,,,,,,,,,
CCNCc1cc(C(CC(O)CO)C(=O)Nc2ccc(C3CCOC3)cc2F)c[nH]1,Z0490a,openbind_xx01zvns2b_c1_scaffolds,Z0089a,Z3465a,,,,,,,,,,,,,,,,,,,,,,,,,,,,,,,,,,,,,,,,,,,,,,,,,,,,,,,,,,,
COCCONc1c2c(C(=O)Nc3ccc4c(c3)CNC4)cc(F)cc2o[n+]1[O-],Z0490a,openbind_xx01zvns2b_c1_scaffolds,Z0089a,Z3495a,,,,,,,,,,,,,,,,,,,,,,,,,,,,,,,,,,,,,,,,,,,,,,,,,,,,,,,,,,,
CNN1CC2C(C(C#N)Nc3ccc4c(c3)CNC4)C(Cl)CC3NCN1C32,Z0490a,openbind_xx01zvns2b_c1_scaffolds,Z0089a,Z3596a,,,,,,,,,,,,,,,,,,,,,,,,,,,,,,,,,,,,,,,,,,,,,,,,,,,,,,,,,,,
CNCc1cnc2c(NC(N=O)C(NC(C)=O)c3cccc(F)c3NN)cccc2c1,Z0490a,openbind_xx01zvns2b_c1_scaffolds,Z0089a,Z3733a,,,,,,,,,,,,,,,,,,,,,,,,,,,,,,,,,,,,,,,,,,,,,,,,,,,,,,,,,,,
CC(=O)NC(c1ccc2c(c1)CNC2)C(N=O)Nc1cccc2c1NCC1(CCNN1)C2,Z0490a,openbind_xx01zvns2b_c1_scaffolds,Z0089a,Z3792a,,,,,,,,,,,,,,,,,,,,,,,,,,,,,,,,,,,,,,,,,,,,,,,,,,,,,,,,,,,
COCC1CC2(CCN1)CCC(=O)Nc1cccc(C(=O)NC3CNC4(CCNC4)C3)c12,Z0490a,openbind_xx01zvns2b_c1_scaffolds,Z0089a,Z5229a,,,,,,,,,,,,,,,,,,,,,,,,,,,,,,,,,,,,,,,,,,,,,,,,,,,,,,,,,,,
CC(C)(CO)NC(=O)c1cc(Cl)cc(C(=O)Nc2cccc(CN)c2)c1,Z0490a,openbind_xx01zvns2b_c1_scaffolds,Z0089a,Z5230a,,,,,,,,,,,,,,,,,,,,,,,,,,,,,,,,,,,,,,,,,,,,,,,,,,,,,,,,,,,
Nc1nnc(-c2ccc(NC(=O)C3CCNCC3)s2)[nH]1,Z0490a,openbind_xx01zvns2b_c1_scaffolds,Z0089a,Z5339a,,,,,,,,,,,,,,,,,,,,,,,,,,,,,,,,,,,,,,,,,,,,,,,,,,,,,,,,,,,
CC(C)(CO)Nc1[nH]c(N)c2c(C(=O)Nc3ccc4c(c3)CNC4)cc(Cl)cc12,Z0490a,openbind_xx01zvns2b_c1_scaffolds,Z0101a,Z0455a,,,,,,,,,,,,,,,,,,,,,,,,,,,,,,,,,,,,,,,,,,,,,,,,,,,,,,,,,,,
CC(C)(CO)Nc1[nH]nc2c(C(=O)Nc3ccc4c(c3)CNC4)cc(Cl)cc12,Z0490a,openbind_xx01zvns2b_c1_scaffolds,Z0101a,Z1098a,,,,,,,,,,,,,,,,,,,,,,,,,,,,,,,,,,,,,,,,,,,,,,,,,,,,,,,,,,,
COCC1CC2(CCN1)C(NC(=O)OCc1ccccc1)CC(Cl)CC2C(=O)Nc1cccc(CN)c1,Z0490a,openbind_xx01zvns2b_c1_scaffolds,Z0101a,Z1261a,,,,,,,,,,,,,,,,,,,,,,,,,,,,,,,,,,,,,,,,,,,,,,,,,,,,,,,,,,,
Cc1cc2c(C(=O)C(=O)c3ccc4c(c3)CNC4)cc(Cl)nc2n1CO,Z0490a,openbind_xx01zvns2b_c1_scaffolds,Z0101a,Z1274a,,,,,,,,,,,,,,,,,,,,,,,,,,,,,,,,,,,,,,,,,,,,,,,,,,,,,,,,,,,
NC(=O)C12CCCNC1NCc1cc(F)ccc12,Z0490a,openbind_xx01zvns2b_c1_scaffolds,Z0101a,Z1288a,,,,,,,,,,,,,,,,,,,,,,,,,,,,,,,,,,,,,,,,,,,,,,,,,,,,,,,,,,,
CC(C)(CO)NNC(O)Cc1cc(Cl)cc(C(=O)NC2CCN(c3ccccn3)C2)c1,Z0490a,openbind_xx01zvns2b_c1_scaffolds,Z0101a,Z1320a,,,,,,,,,,,,,,,,,,,,,,,,,,,,,,,,,,,,,,,,,,,,,,,,,,,,,,,,,,,
CN(Cn1ncc2c(C(O)(Nc3ccc4c(c3)CNC4)C(=O)NCC3CCOCC3)cc(Cl)cc21)C1CCOCC1,Z0490a,openbind_xx01zvns2b_c1_scaffolds,Z0101a,Z1713a,,,,,,,,,,,,,,,,,,,,,,,,,,,,,,,,,,,,,,,,,,,,,,,,,,,,,,,,,,,
CCc1cc(NC(O)(C(=O)NCCCF)C2CCN3C4=CN=CC4NC3C2)c(C)cn1,Z0490a,openbind_xx01zvns2b_c1_scaffolds,Z0101a,Z1729a,,,,,,,,,,,,,,,,,,,,,,,,,,,,,,,,,,,,,,,,,,,,,,,,,,,,,,,,,,,
CNN1CCC2(CC(CC(=O)c3cc(Cl)c4[nH]c(NC(C)(C)CO)cc4c3)CCC2O)C1,Z0490a,openbind_xx01zvns2b_c1_scaffolds,Z0101a,Z3060a,,,,,,,,,,,,,,,,,,,,,,,,,,,,,,,,,,,,,,,,,,,,,,,,,,,,,,,,,,,
CS(=O)(=O)c1ccc(N2CCNCC2)cc1C(=O)c1cc(F)cc(-c2c[nH]c3ccccc23)c1,Z0490a,openbind_xx01zvns2b_c1_scaffolds,Z0101a,Z3441a,,,,,,,,,,,,,,,,,,,,,,,,,,,,,,,,,,,,,,,,,,,,,,,,,,,,,,,,,,,
CC(C)NCC1(c2ncccc2C(=O)Nc2ccc3c(c2)CNC3)CCCC1,Z0490a,openbind_xx01zvns2b_c1_scaffolds,Z0101a,Z3473a,,,,,,,,,,,,,,,,,,,,,,,,,,,,,,,,,,,,,,,,,,,,,,,,,,,,,,,,,,,
O=C(Nc1ccc2c(c1)CCCC2)c1cc(Cl)cc2c1cnn2C1CN(CCO)C1,Z0490a,openbind_xx01zvns2b_c1_scaffolds,Z0101a,Z3487a,,,,,,,,,,,,,,,,,,,,,,,,,,,,,,,,,,,,,,,,,,,,,,,,,,,,,,,,,,,
CC(=O)NC1C(=O)C(C=O)(C2CCC3NC(=O)C4CC(C)NC2C34)c2ccc3c(c21)CNC3,Z0490a,openbind_xx01zvns2b_c1_scaffolds,Z0101a,Z3553a,,,,,,,,,,,,,,,,,,,,,,,,,,,,,,,,,,,,,,,,,,,,,,,,,,,,,,,,,,,
CCOC(=O)C1CN2c3c(c[nH]c3C1C(=O)Nc1ccc3c(c1)CNC3)NC2N,Z0490a,openbind_xx01zvns2b_c1_scaffolds,Z0101a,Z3646a,,,,,,,,,,,,,,,,,,,,,,,,,,,,,,,,,,,,,,,,,,,,,,,,,,,,,,,,,,,
NCCc1ccc(NC(=O)c2cc(Cl)cc3c(C(O)c4ccccc4)c(O)ccc23)cc1,Z0490a,openbind_xx01zvns2b_c1_scaffolds,Z0101a,Z3720a,Z3729a,,,,,,,,,,,,,,,,,,,,,,,,,,,,,,,,,,,,,,,,,,,,,,,,,,,,,,,,,,
CC(C)(CO)C(CC1CCNC1)Nc1cc(Cl)cc(C(=O)Nc2ccc3c(c2)CNC3)c1,Z0490a,openbind_xx01zvns2b_c1_scaffolds,Z0101a,Z3743a,,,,,,,,,,,,,,,,,,,,,,,,,,,,,,,,,,,,,,,,,,,,,,,,,,,,,,,,,,,
O=C(Nc1ccc2c(c1)CNC2)c1sc2cccnc2c1F,Z0490a,openbind_xx01zvns2b_c1_scaffolds,Z0101a,Z3808b,,,,,,,,,,,,,,,,,,,,,,,,,,,,,,,,,,,,,,,,,,,,,,,,,,,,,,,,,,,
O=C(Nc1ccc2c(c1)CNC2)c1cccc2c1NC(=O)C1(CCCN1)C2,Z0490a,openbind_xx01zvns2b_c1_scaffolds,Z0101a,Z4117a,,,,,,,,,,,,,,,,,,,,,,,,,,,,,,,,,,,,,,,,,,,,,,,,,,,,,,,,,,,
CC1C(NC(=O)c2cc(F)cc3[nH]ncc23)CC2(N)CNCC2C12CCS(=O)(=O)CC2,Z0490a,openbind_xx01zvns2b_c1_scaffolds,Z0182a,Z1237a,,,,,,,,,,,,,,,,,,,,,,,,,,,,,,,,,,,,,,,,,,,,,,,,,,,,,,,,,,,
NCC1(c2ncccc2C(=O)Nc2ccc3c(c2)CNC3)CCC(=O)C1,Z0490a,openbind_xx01zvns2b_c1_scaffolds,Z0227a,Z0386a,,,,,,,,,,,,,,,,,,,,,,,,,,,,,,,,,,,,,,,,,,,,,,,,,,,,,,,,,,,
NCC1(c2ncccc2C(=O)Nc2ccc3c(c2)CNC3)CCC2(CCCCC2)C1,Z0490a,openbind_xx01zvns2b_c1_scaffolds,Z0227a,Z0404a,,,,,,,,,,,,,,,,,,,,,,,,,,,,,,,,,,,,,,,,,,,,,,,,,,,,,,,,,,,
NCc1cccc(NC(=O)c2cccnc2C2(CN)CCCC2)c1,Z0490a,openbind_xx01zvns2b_c1_scaffolds,Z0227a,Z0719a,,,,,,,,,,,,,,,,,,,,,,,,,,,,,,,,,,,,,,,,,,,,,,,,,,,,,,,,,,,
Cc1cc(CO)c2cccc(NC(=O)C3CCNC4(C3)NCCn3ncc(C)c34)c2n1,Z0490a,openbind_xx01zvns2b_c1_scaffolds,Z0182a,Z0229a,,,,,,,,,,,,,,,,,,,,,,,,,,,,,,,,,,,,,,,,,,,,,,,,,,,,,,,,,,,
CC1CC(O)C2(CCCNC2)CC1C(=O)Nc1cc(Cl)cc(C(=O)NC(C)(C)CO)c1,Z0490a,openbind_xx01zvns2b_c1_scaffolds,Z0229a,Z0455a,,,,,,,,,,,,,,,,,,,,,,,,,,,,,,,,,,,,,,,,,,,,,,,,,,,,,,,,,,,
CN(C)Cc1cc(CNc2cc(Cl)c3c(NC(C)(C)CO)n(O)ncc2-3)ccc1O,Z0490a,openbind_xx01zvns2b_c1_scaffolds,Z0229a,Z0465a,,,,,,,,,,,,,,,,,,,,,,,,,,,,,,,,,,,,,,,,,,,,,,,,,,,,,,,,,,,
CCOC(=O)C1CNC2=C(CNCC2NC(=O)CC)C1,Z0490a,openbind_xx01zvns2b_c1_scaffolds,Z0229a,Z0945a,,,,,,,,,,,,,,,,,,,,,,,,,,,,,,,,,,,,,,,,,,,,,,,,,,,,,,,,,,,
CNCN1CCN2C(C1)C(C)CN2C(=O)Nc1ccccc1,Z0490a,openbind_xx01zvns2b_c1_scaffolds,Z0229a,Z0951a,,,,,,,,,,,,,,,,,,,,,,,,,,,,,,,,,,,,,,,,,,,,,,,,,,,,,,,,,,,
O=C(Oc1ccc2c(c1)CNC2)c1cccc2c1NC(=O)C1(CCCN1)C2,Z0490a,openbind_xx01zvns2b_c1_scaffolds,Z0229a,Z1098a,,,,,,,,,,,,,,,,,,,,,,,,,,,,,,,,,,,,,,,,,,,,,,,,,,,,,,,,,,,
CC1NCC(C)(c2c(Cl)cccc2C(=O)Nc2cnn(C)c2)C2(CCOC2)N1,Z0490a,openbind_xx01zvns2b_c1_scaffolds,Z0229a,Z1451a,Z1470a,Z1688a,,,,,,,,,,,,,,,,,,,,,,,,,,,,,,,,,,,,,,,,,,,,,,,,,,,,,,,,,
O=C(NCCCF)C(Nc1ccc2c(c1)CNC2)c1cc(Cl)cc2c1NC(=O)C1(CCCN1)C2,Z0490a,openbind_xx01zvns2b_c1_scaffolds,Z0229a,Z1688a,,,,,,,,,,,,,,,,,,,,,,,,,,,,,,,,,,,,,,,,,,,,,,,,,,,,,,,,,,,
NCn1c(C(F)(F)F)nc2c(C(=O)Nc3ccc4c(c3)CNC4)cccc21,Z0490a,openbind_xx01zvns2b_c1_scaffolds,Z0229a,Z1837a,,,,,,,,,,,,,,,,,,,,,,,,,,,,,,,,,,,,,,,,,,,,,,,,,,,,,,,,,,,
O=C1CCC2(CN(O)C3(CSCN3)N2)C(C(=O)Nc2ccc3c(c2)CNC3)N1,Z0490a,openbind_xx01zvns2b_c1_scaffolds,Z0229a,Z3548a,,,,,,,,,,,,,,,,,,,,,,,,,,,,,,,,,,,,,,,,,,,,,,,,,,,,,,,,,,,
Cc1ncn2c(C(=NC(=O)O)Nc3ccc4c(c3)CNC4)cc(Cl)cc12,Z0490a,openbind_xx01zvns2b_c1_scaffolds,Z0386a,Z0559a,,,,,,,,,,,,,,,,,,,,,,,,,,,,,,,,,,,,,,,,,,,,,,,,,,,,,,,,,,,
CN(C)C(=O)Cc1c(-c2ccccc2)ncc2c1CCC(O)C2(F)C(=O)Nc1ccc2c(c1)CNC2,Z0490a,openbind_xx01zvns2b_c1_scaffolds,Z2971a,Z0404a,,,,,,,,,,,,,,,,,,,,,,,,,,,,,,,,,,,,,,,,,,,,,,,,,,,,,,,,,,,
CNCC1CC(C(=O)C(=O)c2cc(F)cc3c(CO)cc(C)nc23)CCC1[NH3+],Z0490a,openbind_xx01zvns2b_c1_scaffolds,Z0404a,Z0435a,,,,,,,,,,,,,,,,,,,,,,,,,,,,,,,,,,,,,,,,,,,,,,,,,,,,,,,,,,,
CC(=O)NC(C(=O)N(C(=O)NCC(F)F)c1ccc(C)c2cccnc12)c1ccc2c(c1C)CNC2,Z0490a,openbind_xx01zvns2b_c1_scaffolds,Z0404a,Z0727a,,,,,,,,,,,,,,,,,,,,,,,,,,,,,,,,,,,,,,,,,,,,,,,,,,,,,,,,,,,
CSc1ncc(NC2(C)CCC(=O)NC2C(=O)Nc2ccc3c(c2)CNC3)nc1C,Z0490a,openbind_xx01zvns2b_c1_scaffolds,Z0404a,Z0917a,,,,,,,,,,,,,,,,,,,,,,,,,,,,,,,,,,,,,,,,,,,,,,,,,,,,,,,,,,,
Cc1cc(C(=O)N(C(=O)NCC(F)F)c2ccc3c(c2)CNC3)c2c(c1)=NC(=NOCF)N=2,Z0490a,openbind_xx01zvns2b_c1_scaffolds,Z0404a,Z1265a,Z1674a,,,,,,,,,,,,,,,,,,,,,,,,,,,,,,,,,,,,,,,,,,,,,,,,,,,,,,,,,,
CS(=O)(=O)c1ccc(N2CCNCC2)cc1C(=O)c1cc(Cl)c2[nH]nc(CC3CNC3)c2c1,Z0490a,openbind_xx01zvns2b_c1_scaffolds,Z0404a,Z1288a,,,,,,,,,,,,,,,,,,,,,,,,,,,,,,,,,,,,,,,,,,,,,,,,,,,,,,,,,,,
CS(=O)(=O)c1ccc(N2CCNCC2)cc1C(=O)c1cc(F)cc2c1ncn2C1CNC1,Z0490a,openbind_xx01zvns2b_c1_scaffolds,Z0404a,Z3394a,,,,,,,,,,,,,,,,,,,,,,,,,,,,,,,,,,,,,,,,,,,,,,,,,,,,,,,,,,,
CS(=O)(=O)c1ccc(N2CCNCC2)cc1C(=O)c1cc(Cl)c2[nH]nc(N3CCOCC3)c2c1,Z0490a,openbind_xx01zvns2b_c1_scaffolds,Z0404a,Z3441a,,,,,,,,,,,,,,,,,,,,,,,,,,,,,,,,,,,,,,,,,,,,,,,,,,,,,,,,,,,
CN(CCS1=CNC(Cn2ccnc2S(C)(=O)=O)=C1)C(=O)N1CCNCC1,Z0490a,openbind_xx01zvns2b_c1_scaffolds,Z0422a,Z1743a,,,,,,,,,,,,,,,,,,,,,,,,,,,,,,,,,,,,,,,,,,,,,,,,,,,,,,,,,,,
CNN1CCC2(CC(C(C#N)NC3CC(Cl)CC4=C3CNN4)CCC2O)C1,Z0490a,openbind_xx01zvns2b_c1_scaffolds,Z0422a,Z5211a,,,,,,,,,,,,,,,,,,,,,,,,,,,,,,,,,,,,,,,,,,,,,,,,,,,,,,,,,,,
CNCc1cc(CN)c2c(C(=O)Nc3ccc4c(c3)CC(C)(C)O4)cc(C)cc2n1,Z0490a,openbind_xx01zvns2b_c1_scaffolds,Z0425a,Z0455a,,,,,,,,,,,,,,,,,,,,,,,,,,,,,,,,,,,,,,,,,,,,,,,,,,,,,,,,,,,
CNCN1CCCC2(C1)C(O)CCC1C2CCN1C(C)(O)c1nc(C2CCC(C(C)(C)CO)NC2)sc1Cl,Z0490a,openbind_xx01zvns2b_c1_scaffolds,Z0425a,Z0553a,,,,,,,,,,,,,,,,,,,,,,,,,,,,,,,,,,,,,,,,,,,,,,,,,,,,,,,,,,,
CC(C)NC(=O)C(Nc1ccc2c(c1)CNC2)c1cc(Cl)cc2c1cnn2CN,Z0490a,openbind_xx01zvns2b_c1_scaffolds,Z0425a,Z0589a,,,,,,,,,,,,,,,,,,,,,,,,,,,,,,,,,,,,,,,,,,,,,,,,,,,,,,,,,,,
CCC(=O)N(F)c1cc(Cl)cc(C(O)(NC2CCC3(CCNC3)CC2C)C(=O)NC(C)C)c1,Z0490a,openbind_xx01zvns2b_c1_scaffolds,Z0425a,Z0605a,,,,,,,,,,,,,,,,,,,,,,,,,,,,,,,,,,,,,,,,,,,,,,,,,,,,,,,,,,,
C=Cc1cccc(C)c1,Z0490a,openbind_xx01zvns2b_c1_scaffolds,Z0425a,Z1752a,Z1756a,,,,,,,,,,,,,,,,,,,,,,,,,,,,,,,,,,,,,,,,,,,,,,,,,,,,,,,,,,
O=C(C(=O)C1CCNC2(CCNC2)C1)c1cccc2c(CO)cc(CC(F)F)nc12,Z0490a,openbind_xx01zvns2b_c1_scaffolds,Z0425a,Z3831a,,,,,,,,,,,,,,,,,,,,,,,,,,,,,,,,,,,,,,,,,,,,,,,,,,,,,,,,,,,
O=C(NCC1CCCO1)C(Nc1ccc2c(c1)CNC2)c1cc(Cl)cc2c1C=N[NH+]2[O-],Z0490a,openbind_xx01zvns2b_c1_scaffolds,Z0425a,Z4240a,,,,,,,,,,,,,,,,,,,,,,,,,,,,,,,,,,,,,,,,,,,,,,,,,,,,,,,,,,,
CN1CCc2nc3cccc(C(=O)Nc4ccc5c(c4)CNC5)c3c(N3CCNCC3)c2CC1,Z0490a,openbind_xx01zvns2b_c1_scaffolds,Z0844a,Z0429a,,,,,,,,,,,,,,,,,,,,,,,,,,,,,,,,,,,,,,,,,,,,,,,,,,,,,,,,,,,
O=C(Nc1ccc2c(c1)CNC2)c1cccc2c1c(N1CCNCC1)cc[n+]2[O-],Z0490a,openbind_xx01zvns2b_c1_scaffolds,Z1682a,Z0429a,,,,,,,,,,,,,,,,,,,,,,,,,,,,,,,,,,,,,,,,,,,,,,,,,,,,,,,,,,,
CC(=O)NC(c1ccc2c(c1)CNC2)C(N=O)Nc1cccc2c1NCC(C)(O)C2,Z0490a,openbind_xx01zvns2b_c1_scaffolds,Z0089a,Z0429a,Z0687a,,,,,,,,,,,,,,,,,,,,,,,,,,,,,,,,,,,,,,,,,,,,,,,,,,,,,,,,,,
CC1CC2(CCOC2)CCC1NC(=O)c1cc(Cl)cc2c1CNC21NCCS1,Z0490a,openbind_xx01zvns2b_c1_scaffolds,Z0429a,Z0472a,,,,,,,,,,,,,,,,,,,,,,,,,,,,,,,,,,,,,,,,,,,,,,,,,,,,,,,,,,,
CC(NCN1CCC(c2n[nH]c3c(C(=O)Nc4ccc5c(c4)CNC5)cccc23)CC1)c1cn(-c2ccccc2)nn1,Z0490a,openbind_xx01zvns2b_c1_scaffolds,Z0429a,Z0589a,,,,,,,,,,,,,,,,,,,,,,,,,,,,,,,,,,,,,,,,,,,,,,,,,,,,,,,,,,,
COC1CCC2(CCC(C#N)CC2C(=O)Nc2cnn(C)c2)CN1,Z0490a,openbind_xx01zvns2b_c1_scaffolds,Z0429a,Z1288a,,,,,,,,,,,,,,,,,,,,,,,,,,,,,,,,,,,,,,,,,,,,,,,,,,,,,,,,,,,
Nc1nnc2c(C(=O)Nc3ccc4c(c3)CNC4)cc(Br)cn12,Z0490a,openbind_xx01zvns2b_c1_scaffolds,Z0429a,Z3803a,,,,,,,,,,,,,,,,,,,,,,,,,,,,,,,,,,,,,,,,,,,,,,,,,,,,,,,,,,,
Nc1nnc2c(C(Nc3ccc4c(c3)CNC4)C(=O)NCC(F)F)cc(Cl)cn12,Z0490a,openbind_xx01zvns2b_c1_scaffolds,Z0429a,Z3808a,Z5302a,,,,,,,,,,,,,,,,,,,,,,,,,,,,,,,,,,,,,,,,,,,,,,,,,,,,,,,,,,
COc1ccc(C2CNC3=C2CC(F)CC3C(=O)NC2CC3=C(CNC3)CC2C)nn1,Z0490a,openbind_xx01zvns2b_c1_scaffolds,Z0429a,Z3808a,,,,,,,,,,,,,,,,,,,,,,,,,,,,,,,,,,,,,,,,,,,,,,,,,,,,,,,,,,,
Oc1ccc(NCN=C(Nc2ccc3c(c2)CNC3)c2ccc3ncccc3c2)cc1CNc1nc2ccccc2[nH]1,Z0490a,openbind_xx01zvns2b_c1_scaffolds,Z0429a,Z4855a,,,,,,,,,,,,,,,,,,,,,,,,,,,,,,,,,,,,,,,,,,,,,,,,,,,,,,,,,,,
Cc1cc(C)c(NC(=O)c2cc(Cl)cc3c2cnn3C2CNC2)cc1N,Z0490a,openbind_xx01zvns2b_c1_scaffolds,Z0429a,Z5086a,,,,,,,,,,,,,,,,,,,,,,,,,,,,,,,,,,,,,,,,,,,,,,,,,,,,,,,,,,,
NCC1CCC(CC(NC(=NCc2ccccn2)c2ccccc2)C(=O)N2CCCC(F)C2)C2(CCNC2)C1,Z0490a,openbind_xx01zvns2b_c1_scaffolds,Z0490a,Z0435a,,,,,,,,,,,,,,,,,,,,,,,,,,,,,,,,,,,,,,,,,,,,,,,,,,,,,,,,,,,
NC(c1cc(Cl)cc(C(=O)N(C(=O)NCC(F)F)C2CCC3CNCC3C2)c1)C(F)F,Z0490a,openbind_xx01zvns2b_c1_scaffolds,Z0435a,Z0589a,,,,,,,,,,,,,,,,,,,,,,,,,,,,,,,,,,,,,,,,,,,,,,,,,,,,,,,,,,,
Cc1cc(CO)c2cccc(NC3C(=O)C4CCC(C)(O)C4C3CCCN)c2n1,Z0490a,openbind_xx01zvns2b_c1_scaffolds,Z0435a,Z0605a,Z0673a,Z1046a,Z1046b,Z1234a,Z1261a,,,,,,,,,,,,,,,,,,,,,,,,,,,,,,,,,,,,,,,,,,,,,,,,,,,,,,
CNCN1NC2C(C(=O)Nc3ccc4c(c3)CNC4)CC(Cl)CN2C1N,Z0490a,openbind_xx01zvns2b_c1_scaffolds,Z0435a,Z0800a,,,,,,,,,,,,,,,,,,,,,,,,,,,,,,,,,,,,,,,,,,,,,,,,,,,,,,,,,,,
CCN(C)C1CCCN2CCCC12,Z0490a,openbind_xx01zvns2b_c1_scaffolds,Z0435a,Z3831a,,,,,,,,,,,,,,,,,,,,,,,,,,,,,,,,,,,,,,,,,,,,,,,,,,,,,,,,,,,
O=C(Nc1ccc2c(c1)CNC2)c1cc(Cl)c2n[nH]c(CC3(CNc4ccc(CNc5nc6ccccc6[nH]5)c(O)c4)CNC3)c2c1,Z0490a,openbind_xx01zvns2b_c1_scaffolds,Z0844a,Z0455a,,,,,,,,,,,,,,,,,,,,,,,,,,,,,,,,,,,,,,,,,,,,,,,,,,,,,,,,,,,
CNC1CC2(CN1)NNc1cncc(C(=O)Nc3cc(C)c4c(c3)CNC4)c12,Z0490a,openbind_xx01zvns2b_c1_scaffolds,Z0844a,Z0455a,,,,,,,,,,,,,,,,,,,,,,,,,,,,,,,,,,,,,,,,,,,,,,,,,,,,,,,,,,,
Cc1cc2c3c(c(C(=O)Nc4ccc5c(c4)CNC5)ccn13)NCC2,Z0490a,openbind_xx01zvns2b_c1_scaffolds,Z0435a,Z0455a,,,,,,,,,,,,,,,,,,,,,,,,,,,,,,,,,,,,,,,,,,,,,,,,,,,,,,,,,,,
O=C(OCc1ccccc1)c1nc2cc(Cl)cc(C(=O)Nc3ccc4c(c3)CNC4)c2[nH]1,Z0490a,openbind_xx01zvns2b_c1_scaffolds,Z0455a,Z0472a,,,,,,,,,,,,,,,,,,,,,,,,,,,,,,,,,,,,,,,,,,,,,,,,,,,,,,,,,,,
CCNc1nn2ccc(C(=O)Nc3ccc4c(c3)CNC4)c3c2c1CCN3,Z0490a,openbind_xx01zvns2b_c1_scaffolds,Z0455a,Z0559a,,,,,,,,,,,,,,,,,,,,,,,,,,,,,,,,,,,,,,,,,,,,,,,,,,,,,,,,,,,
CNCC1CN(C(NCOC)N(O)C2CCCC(C3(NCN)CCCCC3)OC2)CCN1,Z0490a,openbind_xx01zvns2b_c1_scaffolds,Z0455a,Z0687a,,,,,,,,,,,,,,,,,,,,,,,,,,,,,,,,,,,,,,,,,,,,,,,,,,,,,,,,,,,
N#Cc1cc(OC(F)(F)F)c2nccc(N)c2c1,Z0490a,openbind_xx01zvns2b_c1_scaffolds,Z0465a,Z5243a,,,,,,,,,,,,,,,,,,,,,,,,,,,,,,,,,,,,,,,,,,,,,,,,,,,,,,,,,,,
CCOC(=O)C1CC2COC(N)C3CC(F)CC(C1NNc1ccc4c(c1)CNC4)C23,Z0490a,openbind_xx01zvns2b_c1_scaffolds,Z0472a,Z3463a,,,,,,,,,,,,,,,,,,,,,,,,,,,,,,,,,,,,,,,,,,,,,,,,,,,,,,,,,,,
CCC1(C)C(C(Nc2cnc3c(c2)CNC3)C(=O)NCC(F)F)CCC(O)C1NC(=O)c1ccncc1F,Z0490a,openbind_xx01zvns2b_c1_scaffolds,Z0472a,Z3465a,Z4243a,,,,,,,,,,,,,,,,,,,,,,,,,,,,,,,,,,,,,,,,,,,,,,,,,,,,,,,,,,
O=C1CC(=O)c2cc(C(=O)Nc3ccc4c(c3)CNC4)ccc2N1,Z0490a,openbind_xx01zvns2b_c1_scaffolds,Z0472a,Z5200a,,,,,,,,,,,,,,,,,,,,,,,,,,,,,,,,,,,,,,,,,,,,,,,,,,,,,,,,,,,
Cc1ccc(S(=O)(=O)CNC(=O)C(O)(Nc2ccc3c(c2)CNC3)C2CC(Cl)C3(CNC(NC(C)C)N3)c3[nH]ncc32)cc1,Z0490a,openbind_xx01zvns2b_c1_scaffolds,Z0553a,Z3469a,Z3817a,Z4019a,,,,,,,,,,,,,,,,,,,,,,,,,,,,,,,,,,,,,,,,,,,,,,,,,,,,,,,,,
O=C(Nc1ccc2c(c1)CNC2)c1cc2ccc3cc(CC4CCNCC4)c(c1)n23,Z0490a,openbind_xx01zvns2b_c1_scaffolds,Z0553a,Z4039a,Z4134a,,,,,,,,,,,,,,,,,,,,,,,,,,,,,,,,,,,,,,,,,,,,,,,,,,,,,,,,,,
O=C(NC1C(O)CCC(C(Nc2ccc3c(c2)CNC3)C(=O)NCC(F)F)C12CNCN2)c1ccncc1F,Z0490a,openbind_xx01zvns2b_c1_scaffolds,Z0559a,Z4104a,,,,,,,,,,,,,,,,,,,,,,,,,,,,,,,,,,,,,,,,,,,,,,,,,,,,,,,,,,,
CC(=O)NC(CCCN)C(=O)Nc1cccc2c(NO)nn(C)c12,Z0490a,openbind_xx01zvns2b_c1_scaffolds,Z0589a,Z3495a,,,,,,,,,,,,,,,,,,,,,,,,,,,,,,,,,,,,,,,,,,,,,,,,,,,,,,,,,,,
C=CC1CC(C(=O)Nc2ccc3c(c2)CNC3)N(C)C12CCNN2,Z0490a,openbind_xx01zvns2b_c1_scaffolds,Z0589a,Z4139a,,,,,,,,,,,,,,,,,,,,,,,,,,,,,,,,,,,,,,,,,,,,,,,,,,,,,,,,,,,
CNC1CC2=C(CN1)c1ccc(Cl)cc1C(N(C(=O)NCC(F)F)C1CN3COC4CNCC43C1)=NC2C(=O)O,Z0490a,openbind_xx01zvns2b_c1_scaffolds,Z0589a,Z4756a,,,,,,,,,,,,,,,,,,,,,,,,,,,,,,,,,,,,,,,,,,,,,,,,,,,,,,,,,,,
C=Cc1cc(C)cc(N)c1,Z0490a,openbind_xx01zvns2b_c1_scaffolds,Z0589a,Z4827a,,,,,,,,,,,,,,,,,,,,,,,,,,,,,,,,,,,,,,,,,,,,,,,,,,,,,,,,,,,
N#CC1(c2cnc3c4c(cccc24)C(C2CNC2)=C3)Nc2cc3c(cc2N1)CNC3,Z0490a,openbind_xx01zvns2b_c1_scaffolds,Z0589a,Z4887a,Z4590a,Z4926a,Z4931a,,,,,,,,,,,,,,,,,,,,,,,,,,,,,,,,,,,,,,,,,,,,,,,,,,,,,,,,
CNCc1c(OC)ccc2c1NC(N)=S2C(=O)Nc1ccccn1,Z0490a,openbind_xx01zvns2b_c1_scaffolds,Z0386a,Z0553a,Z0589a,Z0687a,,,,,,,,,,,,,,,,,,,,,,,,,,,,,,,,,,,,,,,,,,,,,,,,,,,,,,,,,
CCOC(=O)c1cc(CNC)c2c(C#N)cc(Cl)cc2c1C(=O)Nc1ccc2c(c1)CC(C)(C)O2,Z0490a,openbind_xx01zvns2b_c1_scaffolds,Z0687a,Z3561a,,,,,,,,,,,,,,,,,,,,,,,,,,,,,,,,,,,,,,,,,,,,,,,,,,,,,,,,,,,
Cc1cc(CO)c2cccc(N(C(=O)C3CCC([NH3+])CC3)C([NH3+])C(=O)[O-])c2n1,Z0490a,openbind_xx01zvns2b_c1_scaffolds,Z0687a,Z3743a,,,,,,,,,,,,,,,,,,,,,,,,,,,,,,,,,,,,,,,,,,,,,,,,,,,,,,,,,,,
COC1CNC2(C1)NNc1cncc(C(=O)Nc3ccc4c(c3)CNC4)c12,Z0490a,openbind_xx01zvns2b_c1_scaffolds,Z0687a,Z3850a,,,,,,,,,,,,,,,,,,,,,,,,,,,,,,,,,,,,,,,,,,,,,,,,,,,,,,,,,,,
[NH3+]C(Cc1ccc2ccc(NCc3ccc(CNc4nc5ccccc5[nH]4)c(O)c3)cc2n1)C(=O)[O-],Z0490a,openbind_xx01zvns2b_c1_scaffolds,Z0472a,Z0693a,,,,,,,,,,,,,,,,,,,,,,,,,,,,,,,,,,,,,,,,,,,,,,,,,,,,,,,,,,,
CC1CCN2C(CCCC2C(=O)Nc2ccc3c(c2)CNC3)N1,Z0490a,openbind_xx01zvns2b_c1_scaffolds,Z0693a,Z3476a,,,,,,,,,,,,,,,,,,,,,,,,,,,,,,,,,,,,,,,,,,,,,,,,,,,,,,,,,,,
CCCNC(=O)C(Nc1ccc2c(c1)CNC2)c1cc(Cl)cc2c1NC(=O)C1(CCCN1)C2,Z0490a,openbind_xx01zvns2b_c1_scaffolds,Z0709a,Z3440a,,,,,,,,,,,,,,,,,,,,,,,,,,,,,,,,,,,,,,,,,,,,,,,,,,,,,,,,,,,
CNc1nccc2cccc(C(=O)Nc3ccncc3C)c12,Z0490a,openbind_xx01zvns2b_c1_scaffolds,Z0709a,Z3466a,,,,,,,,,,,,,,,,,,,,,,,,,,,,,,,,,,,,,,,,,,,,,,,,,,,,,,,,,,,
CNc1nccc2cc(Cl)cc(C(=O)Nc3ccc4c(c3)CNC4)c12,Z0490a,openbind_xx01zvns2b_c1_scaffolds,Z0709a,Z3970a,Z4025a,,,,,,,,,,,,,,,,,,,,,,,,,,,,,,,,,,,,,,,,,,,,,,,,,,,,,,,,,,
CNCc1cc2cc(Br)cc(C(=O)Nc3ccc4c(c3)CNC4)c2c(NC)n1,Z0490a,openbind_xx01zvns2b_c1_scaffolds,Z0709a,Z5011a,,,,,,,,,,,,,,,,,,,,,,,,,,,,,,,,,,,,,,,,,,,,,,,,,,,,,,,,,,,
N#Cc1cc2c(cc1NC(=O)CCC(F)Cc1c[nH]c(C(CN)CN3CCC(n4cn[nH]c4=O)CC3)c1)CNC2,Z0490a,openbind_xx01zvns2b_c1_scaffolds,Z0727a,Z0951a,,,,,,,,,,,,,,,,,,,,,,,,,,,,,,,,,,,,,,,,,,,,,,,,,,,,,,,,,,,
Cc1cn2ccc(C(=O)Nc3c(C(=O)c4cscn4)c[nH]c(=O)c3C)cc2n1,Z0490a,openbind_xx01zvns2b_c1_scaffolds,Z0772a,Z3489a,,,,,,,,,,,,,,,,,,,,,,,,,,,,,,,,,,,,,,,,,,,,,,,,,,,,,,,,,,,
COc1ccc(N2CCC(CC(C)S(C)(=O)=O)NC2)c(C(=O)Nc2ccc3c(c2)CNC3)c1,Z0490a,openbind_xx01zvns2b_c1_scaffolds,Z0806a,Z4245a,,,,,,,,,,,,,,,,,,,,,,,,,,,,,,,,,,,,,,,,,,,,,,,,,,,,,,,,,,,
O=C(Nc1ccc2c(c1)CNC2)c1cc(F)cc(-c2cnn(Nc3ccc(CNc4nc5ccccc5[nH]4)c(O)c3)c2)c1,Z0490a,openbind_xx01zvns2b_c1_scaffolds,Z0827a,Z3706a,Z3711a,,,,,,,,,,,,,,,,,,,,,,,,,,,,,,,,,,,,,,,,,,,,,,,,,,,,,,,,,,
Cc1cc(C(O)NC(C)(C)CO)c2cc(Cl)cc(C3C(=O)C4C(N)CC(C)N4C(=O)c4ccccc43)c2n1,Z0490a,openbind_xx01zvns2b_c1_scaffolds,Z0827a,Z4469a,,,,,,,,,,,,,,,,,,,,,,,,,,,,,,,,,,,,,,,,,,,,,,,,,,,,,,,,,,,
Cc1cccc(-c2nc(N)c3ccccc3n2)n1,Z0490a,openbind_xx01zvns2b_c1_scaffolds,Z0827a,Z5086a,,,,,,,,,,,,,,,,,,,,,,,,,,,,,,,,,,,,,,,,,,,,,,,,,,,,,,,,,,,
CN1CC(C(F)(F)Oc2ccc3c(c2)CNC3=O)NC12CCC1(O)NCCCC12,Z0490a,openbind_xx01zvns2b_c1_scaffolds,Z0605a,Z0884a,,,,,,,,,,,,,,,,,,,,,,,,,,,,,,,,,,,,,,,,,,,,,,,,,,,,,,,,,,,
COc1cc(OCNc2cc(C)cc(CN)c2)nc(N2CCNCC2)n1,Z0490a,openbind_xx01zvns2b_c1_scaffolds,Z0884a,Z4858a,,,,,,,,,,,,,,,,,,,,,,,,,,,,,,,,,,,,,,,,,,,,,,,,,,,,,,,,,,,
COC1CC(C(=O)Oc2ccc3c(c2)CNC3)NC2N1NC(=O)C21CCNCC1,Z0490a,openbind_xx01zvns2b_c1_scaffolds,Z0884a,Z4986a,,,,,,,,,,,,,,,,,,,,,,,,,,,,,,,,,,,,,,,,,,,,,,,,,,,,,,,,,,,
CNC(Nc1ccc2c(c1)CNC2CC(=O)O)c1nnc2ccc(Cl)cn12,Z0490a,openbind_xx01zvns2b_c1_scaffolds,Z0904a,Z3956a,,,,,,,,,,,,,,,,,,,,,,,,,,,,,,,,,,,,,,,,,,,,,,,,,,,,,,,,,,,
NCCCc1cc(C(N)=O)c2c(c1C(=O)Nc1cc(Cl)cc3cc(C4CNC4)cnc13)CNC2,Z0490a,openbind_xx01zvns2b_c1_scaffolds,Z0904a,Z4125a,Z4971a,,,,,,,,,,,,,,,,,,,,,,,,,,,,,,,,,,,,,,,,,,,,,,,,,,,,,,,,,,
CC(=O)N=C(C1CCN(N)CC1C)[N+](N)([O-])c1cccc2cccnc12,Z0490a,openbind_xx01zvns2b_c1_scaffolds,Z0425a,Z0945a,,,,,,,,,,,,,,,,,,,,,,,,,,,,,,,,,,,,,,,,,,,,,,,,,,,,,,,,,,,
COc1cc(-c2ccccc2C(=O)Nc2cnn(C)c2)c(CNc2ccc(CNc3nc4ccccc4[nH]3)c(O)c2)cn1,Z0490a,openbind_xx01zvns2b_c1_scaffolds,Z0951a,Z3028a,,,,,,,,,,,,,,,,,,,,,,,,,,,,,,,,,,,,,,,,,,,,,,,,,,,,,,,,,,,
O=C(NCC(F)F)C(Nc1ccc2c(c1)CNC2)c1ccccc1C(F)(F)N1CCNCC1,Z0490a,openbind_xx01zvns2b_c1_scaffolds,Z0951a,Z3685a,,,,,,,,,,,,,,,,,,,,,,,,,,,,,,,,,,,,,,,,,,,,,,,,,,,,,,,,,,,
O=C(Nc1ccc2c(c1)CNC2)c1cccc2c1C(O)NC21CCNCC1,Z0490a,openbind_xx01zvns2b_c1_scaffolds,Z0951a,Z3830a,,,,,,,,,,,,,,,,,,,,,,,,,,,,,,,,,,,,,,,,,,,,,,,,,,,,,,,,,,,
CNc1nc(CNc2cc(NC(C)=O)cc(NC(=O)COC)c2)cc2ccccc12,Z0490a,openbind_xx01zvns2b_c1_scaffolds,Z0687a,Z1098a,,,,,,,,,,,,,,,,,,,,,,,,,,,,,,,,,,,,,,,,,,,,,,,,,,,,,,,,,,,
O=C(NC1CCOCC1)C(Nc1ccc2c(c1)CNC2)c1cc(Cl)cc2c1CC(=O)C21CCCN1,Z0490a,openbind_xx01zvns2b_c1_scaffolds,Z1098a,Z2500a,Z3093a,Z3400a,Z3799a,,,,,,,,,,,,,,,,,,,,,,,,,,,,,,,,,,,,,,,,,,,,,,,,,,,,,,,,
CCN1CCC(O)C2(C1)C(N)CNCC2C(=O)C(=O)C1CC2NCCCN2CC1C,Z0490a,openbind_xx01zvns2b_c1_scaffolds,Z1234a,Z3729a,,,,,,,,,,,,,,,,,,,,,,,,,,,,,,,,,,,,,,,,,,,,,,,,,,,,,,,,,,,
CNCn1ncc2c(C(=O)Nc3cc4c(c(C5=CCS(=O)(=O)CC5)c3F)CNC4)cc(F)cc21,Z0490a,openbind_xx01zvns2b_c1_scaffolds,Z1234a,Z3813a,,,,,,,,,,,,,,,,,,,,,,,,,,,,,,,,,,,,,,,,,,,,,,,,,,,,,,,,,,,
Cc1cc(CO)c2c(n1)C([N+](N)([O-])C(=O)C1CCNCC1)=CC=CN2,Z0490a,openbind_xx01zvns2b_c1_scaffolds,Z1234a,Z3815a,,,,,,,,,,,,,,,,,,,,,,,,,,,,,,,,,,,,,,,,,,,,,,,,,,,,,,,,,,,
CNCCc1ncn(CC(C)NC(=O)c2ccccc2-c2cnc(F)c(C)c2)n1,Z0490a,openbind_xx01zvns2b_c1_scaffolds,Z1234a,Z4025a,,,,,,,,,,,,,,,,,,,,,,,,,,,,,,,,,,,,,,,,,,,,,,,,,,,,,,,,,,,
Cc1cc(C)c(-c2cnc(F)c(C)c2)c(C(O)(O)Nc2cnn(C)c2C)c1,Z0490a,openbind_xx01zvns2b_c1_scaffolds,Z1234a,Z4103a,,,,,,,,,,,,,,,,,,,,,,,,,,,,,,,,,,,,,,,,,,,,,,,,,,,,,,,,,,,
CC(C)NC1NC2CC(C(=O)Nc3ccc4c(c3)CNC4)CC3CCCN1C32,Z0490a,openbind_xx01zvns2b_c1_scaffolds,Z1234a,Z4114a,Z4120a,Z4134a,,,,,,,,,,,,,,,,,,,,,,,,,,,,,,,,,,,,,,,,,,,,,,,,,,,,,,,,,
CC(C)NC(=O)C(Nc1ccc2c(c1)CNC2)c1cc(Cl)cc2nn3c(c12)CCNCC3,Z0490a,openbind_xx01zvns2b_c1_scaffolds,Z1234a,Z4164a,,,,,,,,,,,,,,,,,,,,,,,,,,,,,,,,,,,,,,,,,,,,,,,,,,,,,,,,,,,
Cc1cc(-c2c(C)cccc2C(=O)Nc2cn(N)c(C)c2C)cnc1F,Z0490a,openbind_xx01zvns2b_c1_scaffolds,Z1234a,Z4169a,,,,,,,,,,,,,,,,,,,,,,,,,,,,,,,,,,,,,,,,,,,,,,,,,,,,,,,,,,,
O=C(Nc1ccc2c(c1)CNC2)N1C2=C(CCC1O)NC1(CCCCC1)CC2,Z0490a,openbind_xx01zvns2b_c1_scaffolds,Z1234a,Z4478a,,,,,,,,,,,,,,,,,,,,,,,,,,,,,,,,,,,,,,,,,,,,,,,,,,,,,,,,,,,
COc1c(C2CCC3(CCNCC3)CN2)nc2ccccc2c1N,Z0490a,openbind_xx01zvns2b_c1_scaffolds,Z1234a,Z4942a,,,,,,,,,,,,,,,,,,,,,,,,,,,,,,,,,,,,,,,,,,,,,,,,,,,,,,,,,,,
CNc1c(N)cc(C2CCc3ccc(C(=O)Nc4ccc5c(c4)CNC5)cc32)cc1O,Z0490a,openbind_xx01zvns2b_c1_scaffolds,Z1234a,Z4959a,Z4959b,Z4983a,Z5067a,Z5139a,Z5197a,,,,,,,,,,,,,,,,,,,,,,,,,,,,,,,,,,,,,,,,,,,,,,,,,,,,,,
NC1(C2CNC2)NNc2c(C(=O)Nc3cc(F)cc(-c4nnn[nH]4)c3)cc(Cl)cc21,Z0490a,openbind_xx01zvns2b_c1_scaffolds,Z0673a,Z1261a,,,,,,,,,,,,,,,,,,,,,,,,,,,,,,,,,,,,,,,,,,,,,,,,,,,,,,,,,,,
NC(=O)C12CNCCC1C(=O)NC21CCC(F)CC1C(=O)Nc1ccc2c(c1)CNCC2,Z0490a,openbind_xx01zvns2b_c1_scaffolds,Z1261a,Z1320a,Z3024a,Z3400a,,,,,,,,,,,,,,,,,,,,,,,,,,,,,,,,,,,,,,,,,,,,,,,,,,,,,,,,,
Cc1cc(-c2ccc(Cl)cc2C(=O)NC2CN(C)C3(CCNC3)C2)cnc1F,Z0490a,openbind_xx01zvns2b_c1_scaffolds,Z1261a,Z3463a,,,,,,,,,,,,,,,,,,,,,,,,,,,,,,,,,,,,,,,,,,,,,,,,,,,,,,,,,,,
NCC1(c2ncccc2C(Nc2cnc3c(c2)CNC3)C(=O)NCC(F)F)CCCC1,Z0490a,openbind_xx01zvns2b_c1_scaffolds,Z1265a,Z3394a,,,,,,,,,,,,,,,,,,,,,,,,,,,,,,,,,,,,,,,,,,,,,,,,,,,,,,,,,,,
Cc1ccccc1-c1nc2c(C(=O)Nc3ccc4c(c3)CNC4)c(O)cc3ncn1c32,Z0490a,openbind_xx01zvns2b_c1_scaffolds,Z1274a,Z3799a,,,,,,,,,,,,,,,,,,,,,,,,,,,,,,,,,,,,,,,,,,,,,,,,,,,,,,,,,,,
CS(=O)(=O)c1cccc2cccc(C(=O)Nc3cnc4c(c3)CNC4)c12,Z0490a,openbind_xx01zvns2b_c1_scaffolds,Z0435a,Z1288a,,,,,,,,,,,,,,,,,,,,,,,,,,,,,,,,,,,,,,,,,,,,,,,,,,,,,,,,,,,
CC1CCC(C(=O)Nc2cccc(CN)c2)C2=C(C1)CN(N1CCCC1)N2CC(=O)O,Z0490a,openbind_xx01zvns2b_c1_scaffolds,Z0687a,Z1288a,,,,,,,,,,,,,,,,,,,,,,,,,,,,,,,,,,,,,,,,,,,,,,,,,,,,,,,,,,,
CC1CC2(CNC1F)NNc1cc(Cl)cc(C(=O)NC3CN(C)C4(CNCCOC4)C3)c12,Z0490a,openbind_xx01zvns2b_c1_scaffolds,Z0727a,Z1288a,,,,,,,,,,,,,,,,,,,,,,,,,,,,,,,,,,,,,,,,,,,,,,,,,,,,,,,,,,,
CC(C)c1nnc(C2NC3=C(N2)C(C(=O)Nc2ccc4c(c2)CNC4)CC3Cl)s1,Z0490a,openbind_xx01zvns2b_c1_scaffolds,Z1098a,Z1288a,Z1597a,,,,,,,,,,,,,,,,,,,,,,,,,,,,,,,,,,,,,,,,,,,,,,,,,,,,,,,,,,
CN1CC(NC(=O)c2cccc3c2C2=C(CN3)C(CCN)NC2)CC12CCNC2,Z0490a,openbind_xx01zvns2b_c1_scaffolds,Z1288a,Z1664a,,,,,,,,,,,,,,,,,,,,,,,,,,,,,,,,,,,,,,,,,,,,,,,,,,,,,,,,,,,
O=C(NCC(F)F)C(Nc1cc2c(cc1CNc1ccc(O)c(CNc3nc4ccccc4[nH]3)c1)CNC2)c1cc(Br)ccc1OCc1ccccn1,Z0490a,openbind_xx01zvns2b_c1_scaffolds,Z1288a,Z1719a,,,,,,,,,,,,,,,,,,,,,,,,,,,,,,,,,,,,,,,,,,,,,,,,,,,,,,,,,,,
Cc1ccc(C#N)cc1CCNCc1cnn2c1CNCC2,Z0490a,openbind_xx01zvns2b_c1_scaffolds,Z1288a,Z1727a,,,,,,,,,,,,,,,,,,,,,,,,,,,,,,,,,,,,,,,,,,,,,,,,,,,,,,,,,,,
CNC1NCC(=O)C2CCCC(C(=O)Oc3ccc4c(c3)CNC4)C12,Z0490a,openbind_xx01zvns2b_c1_scaffolds,Z0455a,Z1291a,,,,,,,,,,,,,,,,,,,,,,,,,,,,,,,,,,,,,,,,,,,,,,,,,,,,,,,,,,,
Cc1cnc2c(cnn2CC(O)=NCCNCc2cnn3c2CNCC3)c1,Z0490a,openbind_xx01zvns2b_c1_scaffolds,Z0693a,Z1291a,,,,,,,,,,,,,,,,,,,,,,,,,,,,,,,,,,,,,,,,,,,,,,,,,,,,,,,,,,,
CNN1CCC2(CC(C(N)(O)N(C)c3cc(Cl)cc(C(=O)NC(C)(C)CO)c3)CCC2O)C1,Z0490a,openbind_xx01zvns2b_c1_scaffolds,Z1291a,Z1342a,,,,,,,,,,,,,,,,,,,,,,,,,,,,,,,,,,,,,,,,,,,,,,,,,,,,,,,,,,,
OC1CNCCN1c1ccnc2ccccc12,Z0490a,openbind_xx01zvns2b_c1_scaffolds,Z1291a,Z3489a,,,,,,,,,,,,,,,,,,,,,,,,,,,,,,,,,,,,,,,,,,,,,,,,,,,,,,,,,,,
O=C(Nc1ccn[nH]1)c1cc(Cl)cc2c1cnn2C1CN(CCO)C1,Z0490a,openbind_xx01zvns2b_c1_scaffolds,Z0553a,Z0917a,Z1288a,Z1317a,,,,,,,,,,,,,,,,,,,,,,,,,,,,,,,,,,,,,,,,,,,,,,,,,,,,,,,,,
CNCc1ccc2c(C(=O)Nc3cc(C)n(C)c3)cc(Cl)cc2n1,Z0490a,openbind_xx01zvns2b_c1_scaffolds,Z0852a,Z0969a,Z1317a,,,,,,,,,,,,,,,,,,,,,,,,,,,,,,,,,,,,,,,,,,,,,,,,,,,,,,,,,,
NCC1CCC(CC(C(=O)c2ccc3ccccc3c2)C(=O)N2CCCCC2)CC12CCNC2,Z0490a,openbind_xx01zvns2b_c1_scaffolds,Z1317a,Z1731a,,,,,,,,,,,,,,,,,,,,,,,,,,,,,,,,,,,,,,,,,,,,,,,,,,,,,,,,,,,
CS(=O)(=O)c1ccc(N2CCNCC2)cc1NC(=O)c1cccc2c(N)cccc12,Z0490a,openbind_xx01zvns2b_c1_scaffolds,Z1317a,Z1743a,Z3561a,,,,,,,,,,,,,,,,,,,,,,,,,,,,,,,,,,,,,,,,,,,,,,,,,,,,,,,,,,
O=C(Nc1cc2c(cc1CNc1ccc(O)c(CNc3nc4ccccc4[nH]3)c1)CNC2)c1cc(Cl)cc2c1cnn2C1CCCNC1,Z0490a,openbind_xx01zvns2b_c1_scaffolds,Z1317a,Z2992a,,,,,,,,,,,,,,,,,,,,,,,,,,,,,,,,,,,,,,,,,,,,,,,,,,,,,,,,,,,
Cc1cc2c(C(O)(O)c3ccn4cc(N(C)C)nc4c3)cccc2[nH]1,Z0490a,openbind_xx01zvns2b_c1_scaffolds,Z1317a,Z3548a,,,,,,,,,,,,,,,,,,,,,,,,,,,,,,,,,,,,,,,,,,,,,,,,,,,,,,,,,,,
CS(=O)(=O)c1c(NC(=O)c2cc(Cl)cc3c(N)cccc23)cc(N2CCNCC2)c2nnnnc12,Z0490a,openbind_xx01zvns2b_c1_scaffolds,Z1317a,Z3769a,,,,,,,,,,,,,,,,,,,,,,,,,,,,,,,,,,,,,,,,,,,,,,,,,,,,,,,,,,,
CCCC(c1[nH]c(CCC2(C)CCNC2)nc1C(=O)NCC(F)F)C1(O)CCc2cnc(Br)c(C)c2C1,Z0490a,openbind_xx01zvns2b_c1_scaffolds,Z1317a,Z3830a,,,,,,,,,,,,,,,,,,,,,,,,,,,,,,,,,,,,,,,,,,,,,,,,,,,,,,,,,,,
C=NC(NC(Cc1[nH]ccc1CCCN)CC(F)F)c1nc(C2CNCCC2C)sc1Cl,Z0490a,openbind_xx01zvns2b_c1_scaffolds,Z1317a,Z3833a,,,,,,,,,,,,,,,,,,,,,,,,,,,,,,,,,,,,,,,,,,,,,,,,,,,,,,,,,,,
CS(=O)(=O)c1ccc(N2CCNCC2)cc1NC(=O)C1CC(Br)CC2NCC(=O)CC21,Z0490a,openbind_xx01zvns2b_c1_scaffolds,Z1317a,Z3850a,,,,,,,,,,,,,,,,,,,,,,,,,,,,,,,,,,,,,,,,,,,,,,,,,,,,,,,,,,,
CS(=O)(=O)c1ccc2c(cc3n2CCNC3)c1NC(=O)c1cc2ccnc2c2[nH]cccc12,Z0490a,openbind_xx01zvns2b_c1_scaffolds,Z1317a,Z4017a,,,,,,,,,,,,,,,,,,,,,,,,,,,,,,,,,,,,,,,,,,,,,,,,,,,,,,,,,,,
CC(C)C1NC(=O)C(C)(NC2CC(Cl)C3OC4NCCCN4NCC23)O1,Z0490a,openbind_xx01zvns2b_c1_scaffolds,Z1317a,Z4031a,,,,,,,,,,,,,,,,,,,,,,,,,,,,,,,,,,,,,,,,,,,,,,,,,,,,,,,,,,,
CC1CC2(CCCCC2C(=O)NC(C(=O)N2CCCCC2)c2[nH]cc3cc(CN)ccc23)CNC1F,Z0490a,openbind_xx01zvns2b_c1_scaffolds,Z1317a,Z4047a,,,,,,,,,,,,,,,,,,,,,,,,,,,,,,,,,,,,,,,,,,,,,,,,,,,,,,,,,,,
CCc1cc(C(=O)Nc2cc(N3CCNCC3)ccc2S(C)(=O)=O)c2cccc(C)c2c1,Z0490a,openbind_xx01zvns2b_c1_scaffolds,Z1317a,Z4066a,,,,,,,,,,,,,,,,,,,,,,,,,,,,,,,,,,,,,,,,,,,,,,,,,,,,,,,,,,,
C=Cc1cn(C=[SH](C)=O)c2ccccc12,Z0490a,openbind_xx01zvns2b_c1_scaffolds,Z1317a,Z4070a,,,,,,,,,,,,,,,,,,,,,,,,,,,,,,,,,,,,,,,,,,,,,,,,,,,,,,,,,,,
Cc1cccc2c1C1(CCCC1)C(N)C2,Z0490a,openbind_xx01zvns2b_c1_scaffolds,Z1317a,Z4089a,,,,,,,,,,,,,,,,,,,,,,,,,,,,,,,,,,,,,,,,,,,,,,,,,,,,,,,,,,,
CC1(C)Cc2cc(NCOC3CCC4(CCNCC4)NCC(O)C3)ccc2O1,Z0490a,openbind_xx01zvns2b_c1_scaffolds,Z1317a,Z4094a,,,,,,,,,,,,,,,,,,,,,,,,,,,,,,,,,,,,,,,,,,,,,,,,,,,,,,,,,,,
CCC1NNC(Nc2cc(F)cc(C(=O)Nc3cc(C)c4c(c3)CNC4)c2)C(C)(S(C)(=O)=O)C1C,Z0490a,openbind_xx01zvns2b_c1_scaffolds,Z1317a,Z4120a,,,,,,,,,,,,,,,,,,,,,,,,,,,,,,,,,,,,,,,,,,,,,,,,,,,,,,,,,,,
CS(=O)(=O)C1CC2SCCC3NC(N)CC3C2CC1n1[nH]c2ccc3ncccc3c2c1=O,Z0490a,openbind_xx01zvns2b_c1_scaffolds,Z1317a,Z4131a,,,,,,,,,,,,,,,,,,,,,,,,,,,,,,,,,,,,,,,,,,,,,,,,,,,,,,,,,,,
CC(C)C1NNC2(CNc3cc(F)cc(C(=O)Nc4cc(N5CCNCC5)ccc4S(C)(=O)=O)c3C2)S1,Z0490a,openbind_xx01zvns2b_c1_scaffolds,Z1317a,Z4153a,,,,,,,,,,,,,,,,,,,,,,,,,,,,,,,,,,,,,,,,,,,,,,,,,,,,,,,,,,,
CC1NC2CC(F)CC(C(=O)Nc3cc(N4CCNCC4)ccc3S(C)(=O)=O)C2C(OCCCO)C1=O,Z0490a,openbind_xx01zvns2b_c1_scaffolds,Z1317a,Z4204a,,,,,,,,,,,,,,,,,,,,,,,,,,,,,,,,,,,,,,,,,,,,,,,,,,,,,,,,,,,
Cc1cc(N2CCNCC2N)cc(NC(=O)c2cccc3ncccc23)c1S(C)(=O)=O,Z0490a,openbind_xx01zvns2b_c1_scaffolds,Z1317a,Z4243a,,,,,,,,,,,,,,,,,,,,,,,,,,,,,,,,,,,,,,,,,,,,,,,,,,,,,,,,,,,
Nc1nnc2c(OCc3ccccn3)c(C(Nc3ccc4c(c3)CNC4)C(=O)NCC(F)F)c(Br)cn12,Z0490a,openbind_xx01zvns2b_c1_scaffolds,Z1317a,Z4498a,,,,,,,,,,,,,,,,,,,,,,,,,,,,,,,,,,,,,,,,,,,,,,,,,,,,,,,,,,,
CC(C)OC1NC2CC(F)CC(C(=O)Nc3cc(N4CCNCC4)ccc3S(C)(=O)=O)C2C(C)C1=O,Z0490a,openbind_xx01zvns2b_c1_scaffolds,Z1317a,Z4811a,,,,,,,,,,,,,,,,,,,,,,,,,,,,,,,,,,,,,,,,,,,,,,,,,,,,,,,,,,,
Cc1cc(N)c2ccc3c(c2n1)NCN3c1ccncc1C,Z0490a,openbind_xx01zvns2b_c1_scaffolds,Z1317a,Z4858a,,,,,,,,,,,,,,,,,,,,,,,,,,,,,,,,,,,,,,,,,,,,,,,,,,,,,,,,,,,
CC(N)c1ccc(NC(=O)C2CC(Cl)CC3CNC(OCc4ccccc4)CCC32)cc1,Z0490a,openbind_xx01zvns2b_c1_scaffolds,Z1317a,Z4861a,,,,,,,,,,,,,,,,,,,,,,,,,,,,,,,,,,,,,,,,,,,,,,,,,,,,,,,,,,,
CCC(CN(CC)CCNC(N)(O)c1cc2cccc(CNC)c2c(C)c1Cl)C1CCOC1,Z0490a,openbind_xx01zvns2b_c1_scaffolds,Z1317a,Z4926a,,,,,,,,,,,,,,,,,,,,,,,,,,,,,,,,,,,,,,,,,,,,,,,,,,,,,,,,,,,
NCCC(NOC(=NCC1CCCO1)Nc1cc(Cl)cc2cccnc12)c1ccc2c(c1C(N)=O)CNC2,Z0490a,openbind_xx01zvns2b_c1_scaffolds,Z1317a,Z4954a,,,,,,,,,,,,,,,,,,,,,,,,,,,,,,,,,,,,,,,,,,,,,,,,,,,,,,,,,,,
Cc1ccc(S(=O)(=O)CNC(=O)C(O)(c2cc(Cl)c(C)c3[nH]ncc23)C2C(C)CC34CCC35CCNC5CN2C4)cc1,Z0490a,openbind_xx01zvns2b_c1_scaffolds,Z1317a,Z4963a,,,,,,,,,,,,,,,,,,,,,,,,,,,,,,,,,,,,,,,,,,,,,,,,,,,,,,,,,,,
CCC(=O)NC1CNCC(C(=O)Nc2ccnc(C)c2C)C12CCC(OC)NC2,Z0490a,openbind_xx01zvns2b_c1_scaffolds,Z1317a,Z4966a,,,,,,,,,,,,,,,,,,,,,,,,,,,,,,,,,,,,,,,,,,,,,,,,,,,,,,,,,,,
CNCn1ncc2c(C(O)(Nc3ccc4c(c3)C(=O)OC4)C(=O)NC)cc(Cl)cc21,Z0490a,openbind_xx01zvns2b_c1_scaffolds,Z1317a,Z4983a,,,,,,,,,,,,,,,,,,,,,,,,,,,,,,,,,,,,,,,,,,,,,,,,,,,,,,,,,,,
C=Cc1cccc(CCCNCc2cnn3c2CNCC3)c1,Z0490a,openbind_xx01zvns2b_c1_scaffolds,Z1317a,Z5027a,,,,,,,,,,,,,,,,,,,,,,,,,,,,,,,,,,,,,,,,,,,,,,,,,,,,,,,,,,,
CCC(CC(C)C(C=O)(CC(=O)N(C)C)C1CCNCC1)C(=O)Nc1ccc2c(c1)CNC2,Z0490a,openbind_xx01zvns2b_c1_scaffolds,Z1317a,Z5042a,,,,,,,,,,,,,,,,,,,,,,,,,,,,,,,,,,,,,,,,,,,,,,,,,,,,,,,,,,,
O=CC(NC1(O)Cc2c(ccc3c2CNC3)NC1c1cc(Cl)cc2n[nH]cc12)C1CCOCC1,Z0490a,openbind_xx01zvns2b_c1_scaffolds,Z1317a,Z5086a,,,,,,,,,,,,,,,,,,,,,,,,,,,,,,,,,,,,,,,,,,,,,,,,,,,,,,,,,,,
CN1CC(c2cc3c4c(c(C(=O)Nc5ccc6c(c5)CNC6)ccn24)NCC3)C1,Z0490a,openbind_xx01zvns2b_c1_scaffolds,Z1317a,Z5139a,,,,,,,,,,,,,,,,,,,,,,,,,,,,,,,,,,,,,,,,,,,,,,,,,,,,,,,,,,,
O=C(O)CC1CNCc2c(CC(=O)c3cc(Cl)cc4[nH]ncc34)cnn21,Z0490a,openbind_xx01zvns2b_c1_scaffolds,Z1317a,Z5197a,,,,,,,,,,,,,,,,,,,,,,,,,,,,,,,,,,,,,,,,,,,,,,,,,,,,,,,,,,,
Cc1cn(CO)c2cc(Br)cc(C3=C4C5CCCCC(C5)C4C4CC5CNCC5CC4N3)c12,Z0490a,openbind_xx01zvns2b_c1_scaffolds,Z1317a,Z5200a,,,,,,,,,,,,,,,,,,,,,,,,,,,,,,,,,,,,,,,,,,,,,,,,,,,,,,,,,,,
CC(C)CNC(=O)C(Nc1ccc2c(c1)CNC2)C1(O)CC(Cl)Cc2c1cnn2C(F)F,Z0490a,openbind_xx01zvns2b_c1_scaffolds,Z1317a,Z5243a,,,,,,,,,,,,,,,,,,,,,,,,,,,,,,,,,,,,,,,,,,,,,,,,,,,,,,,,,,,
CCc1cc(C(O)(Nc2ccc3c(c2)CNC3)C(=O)NCc2cccnc2)c2cnn(C)c2c1,Z0490a,openbind_xx01zvns2b_c1_scaffolds,Z1317a,Z5302a,,,,,,,,,,,,,,,,,,,,,,,,,,,,,,,,,,,,,,,,,,,,,,,,,,,,,,,,,,,
Cc1ncc(-c2c(C(=O)Nc3cnn(C)c3)ccc(C)c2C)cn1,Z0490a,openbind_xx01zvns2b_c1_scaffolds,Z1320a,Z1731a,,,,,,,,,,,,,,,,,,,,,,,,,,,,,,,,,,,,,,,,,,,,,,,,,,,,,,,,,,,
CC1NCc2c(CC(=O)c3cc(Cl)cc4c3cnn4C3CNC3)cnn2C1C,Z0490a,openbind_xx01zvns2b_c1_scaffolds,Z1320a,Z3094a,,,,,,,,,,,,,,,,,,,,,,,,,,,,,,,,,,,,,,,,,,,,,,,,,,,,,,,,,,,
O=C(Nc1ccc2c(c1)CNC2)c1ccc2ncc(Br)cc2c1,Z0490a,openbind_xx01zvns2b_c1_scaffolds,Z1320a,Z3720a,,,,,,,,,,,,,,,,,,,,,,,,,,,,,,,,,,,,,,,,,,,,,,,,,,,,,,,,,,,
O=C(Nc1cnn2c1CNCC2)C1CCC2(COCN2)c2ncccc21,Z0490a,openbind_xx01zvns2b_c1_scaffolds,Z1320a,Z3746a,Z3754a,Z3769a,Z3774a,Z3802a,Z3813a,Z3819a,Z3830a,Z3833a,Z3842a,Z3880a,Z3956a,Z4125a,Z4179a,Z4194a,Z4469a,,,,,,,,,,,,,,,,,,,,,,,,,,,,,,,,,,,,,,,,,,,,
CCCCC1CCC2(Cc3nc(C(=CNc4ccc(CCN)cc4)Oc4cc(C)nc5ncnn45)cc(OC)c3C2)C(=O)OC1,Z0490a,openbind_xx01zvns2b_c1_scaffolds,Z1320a,Z3767a,,,,,,,,,,,,,,,,,,,,,,,,,,,,,,,,,,,,,,,,,,,,,,,,,,,,,,,,,,,
CC(=O)NC1C(O)NC2CCCC3C(Cl)CC(C)N(C(C(=O)NCC(F)F)C1c1ccc4c(c1)C(C)NC4)C23,Z0490a,openbind_xx01zvns2b_c1_scaffolds,Z1320a,Z3790a,,,,,,,,,,,,,,,,,,,,,,,,,,,,,,,,,,,,,,,,,,,,,,,,,,,,,,,,,,,
CC1(N2CCC(=O)CC2C(=O)Nc2ccc3c(c2)CNC3)CCCCN1NC1CNC1,Z0490a,openbind_xx01zvns2b_c1_scaffolds,Z1320a,Z3837a,,,,,,,,,,,,,,,,,,,,,,,,,,,,,,,,,,,,,,,,,,,,,,,,,,,,,,,,,,,
O=C(Nc1ccc2c(c1)CNC2)C1CC(Cl)CC2=C1n1ncnc1CCNC2,Z0490a,openbind_xx01zvns2b_c1_scaffolds,Z1320a,Z4114a,Z4118a,,,,,,,,,,,,,,,,,,,,,,,,,,,,,,,,,,,,,,,,,,,,,,,,,,,,,,,,,,
CNCN1C(=O)Cc2c(C(=O)Nc3cc4c(cc3F)CNC4)cc(Cl)cc21,Z0490a,openbind_xx01zvns2b_c1_scaffolds,Z1320a,Z4429a,,,,,,,,,,,,,,,,,,,,,,,,,,,,,,,,,,,,,,,,,,,,,,,,,,,,,,,,,,,
Cc1ccc(S(=O)(=O)CNC(O)(COc2cc(C)nc3c(C)cccc23)Nc2cccc3c2CNC3)cc1,Z0490a,openbind_xx01zvns2b_c1_scaffolds,Z1320a,Z4951a,,,,,,,,,,,,,,,,,,,,,,,,,,,,,,,,,,,,,,,,,,,,,,,,,,,,,,,,,,,
COCCOC(F)(F)N(c1ccc2c(c1)CNC2)c1cccc2c(N)cc(=O)n(C)c12,Z0490a,openbind_xx01zvns2b_c1_scaffolds,Z1320a,Z4983a,,,,,,,,,,,,,,,,,,,,,,,,,,,,,,,,,,,,,,,,,,,,,,,,,,,,,,,,,,,
Cc1nc(C2CCCNC2)[nH]c1C(=O)Nc1cccc2c1NC(=O)C1(CCCN1)C2,Z0490a,openbind_xx01zvns2b_c1_scaffolds,Z1320a,Z5002a,,,,,,,,,,,,,,,,,,,,,,,,,,,,,,,,,,,,,,,,,,,,,,,,,,,,,,,,,,,
CCOCc1cc(C)nc2c(C(=O)C(=O)N3CCC4(CCNC4)C3)cccc12,Z0490a,openbind_xx01zvns2b_c1_scaffolds,Z1320a,Z5148a,,,,,,,,,,,,,,,,,,,,,,,,,,,,,,,,,,,,,,,,,,,,,,,,,,,,,,,,,,,
Cc1cc(CO)c2cccc(NC(=NCCCCN)C3CCC(C)([NH3+])CC3)c2n1,Z0490a,openbind_xx01zvns2b_c1_scaffolds,Z1320a,Z5229a,,,,,,,,,,,,,,,,,,,,,,,,,,,,,,,,,,,,,,,,,,,,,,,,,,,,,,,,,,,
CNCC1(C)CC(C)Nc2c(C(=O)C(=O)C3CCNC4(CCCC4=O)C3F)cc(Cl)cc21,Z0490a,openbind_xx01zvns2b_c1_scaffolds,Z0945a,Z1333a,,,,,,,,,,,,,,,,,,,,,,,,,,,,,,,,,,,,,,,,,,,,,,,,,,,,,,,,,,,
Cc1cc(CO)c2cccc(C(=O)C(=O)C3CCNC4(CCNC4)C3)c2n1,Z0490a,openbind_xx01zvns2b_c1_scaffolds,Z0990a,Z1333a,,,,,,,,,,,,,,,,,,,,,,,,,,,,,,,,,,,,,,,,,,,,,,,,,,,,,,,,,,,
CNCn1c(-c2ccccc2)nc2c(C(=O)Nc3cc4c(c5c3OC(C)(C)C5)CNC4)cc(F)cc21,Z0490a,openbind_xx01zvns2b_c1_scaffolds,Z1333a,Z1688a,,,,,,,,,,,,,,,,,,,,,,,,,,,,,,,,,,,,,,,,,,,,,,,,,,,,,,,,,,,
COC1NC(N2CCNC3(CCCC3)C2)NC2=C1CC(Cl)Cc1ncncc1NCC2,Z0490a,openbind_xx01zvns2b_c1_scaffolds,Z1333a,Z1753a,,,,,,,,,,,,,,,,,,,,,,,,,,,,,,,,,,,,,,,,,,,,,,,,,,,,,,,,,,,
COCC(=O)Nc1cc(CCC2=C(CC#N)NC3CCCCC23)cc(NC(C)=O)c1,Z0490a,openbind_xx01zvns2b_c1_scaffolds,Z1333a,Z2057a,,,,,,,,,,,,,,,,,,,,,,,,,,,,,,,,,,,,,,,,,,,,,,,,,,,,,,,,,,,
CCOC(=O)c1cnc2c(C#N)cccc2c1NCNc1ccc(O)c(CNc2nc3ccccc3[nH]2)c1,Z0490a,openbind_xx01zvns2b_c1_scaffolds,Z1333a,Z2235a,,,,,,,,,,,,,,,,,,,,,,,,,,,,,,,,,,,,,,,,,,,,,,,,,,,,,,,,,,,
CN(C)Cc1cc(CC(=O)c2[nH]c(Cl)c3nc(NC(C)(C)CO)ccc23)ccc1O,Z0490a,openbind_xx01zvns2b_c1_scaffolds,Z1333a,Z3021a,,,,,,,,,,,,,,,,,,,,,,,,,,,,,,,,,,,,,,,,,,,,,,,,,,,,,,,,,,,
CC(=O)NC(O)(Nc1ccc2c(c1)CNC2)c1cc(F)c2[nH]ccc2c1,Z0490a,openbind_xx01zvns2b_c1_scaffolds,Z1333a,Z3028a,,,,,,,,,,,,,,,,,,,,,,,,,,,,,,,,,,,,,,,,,,,,,,,,,,,,,,,,,,,
CC(CCCO)c1ccc(CNS)cc1C(=O)C(=O)c1ccc2c(c1)CNC2,Z0490a,openbind_xx01zvns2b_c1_scaffolds,Z1333a,Z3060a,,,,,,,,,,,,,,,,,,,,,,,,,,,,,,,,,,,,,,,,,,,,,,,,,,,,,,,,,,,
CN(C)Cc1cc(CNC2CC(Cl)CC3(C2)NCCC3C(C)(C)CO)ccc1O,Z0490a,openbind_xx01zvns2b_c1_scaffolds,Z1333a,Z3400a,,,,,,,,,,,,,,,,,,,,,,,,,,,,,,,,,,,,,,,,,,,,,,,,,,,,,,,,,,,
CC(CCCNC1CCC2(Cc3ccccc3NC2=O)N1)c1nc2cccc(C(=O)Nc3cccc(CN)c3)c2[nH]1,Z0490a,openbind_xx01zvns2b_c1_scaffolds,Z1333a,Z3432a,,,,,,,,,,,,,,,,,,,,,,,,,,,,,,,,,,,,,,,,,,,,,,,,,,,,,,,,,,,
COC1CCN2COCNCCC(C)CCCNC(C)C(N)NC(O)C12,Z0490a,openbind_xx01zvns2b_c1_scaffolds,Z1333a,Z3545a,Z3546a,,,,,,,,,,,,,,,,,,,,,,,,,,,,,,,,,,,,,,,,,,,,,,,,,,,,,,,,,,
CCN(c1ccc2c(c1)CNCCO2)C1CCCC2=C1CCNC2,Z0490a,openbind_xx01zvns2b_c1_scaffolds,Z1333a,Z3561a,,,,,,,,,,,,,,,,,,,,,,,,,,,,,,,,,,,,,,,,,,,,,,,,,,,,,,,,,,,
CCN1CCC2(CC(CC(=O)c3cc(Cl)c(C#N)c(C(=O)NC(C)(C)CO)c3)CCC2O)C1,Z0490a,openbind_xx01zvns2b_c1_scaffolds,Z1333a,Z3706a,,,,,,,,,,,,,,,,,,,,,,,,,,,,,,,,,,,,,,,,,,,,,,,,,,,,,,,,,,,
CNNCc1cc(CC(C)CN)[nH]c1C(=O)Nc1ccc2c(c1)CNC2,Z0490a,openbind_xx01zvns2b_c1_scaffolds,Z1333a,Z4120a,,,,,,,,,,,,,,,,,,,,,,,,,,,,,,,,,,,,,,,,,,,,,,,,,,,,,,,,,,,
Cc1cc2c(cc1C(=O)C(=O)c1cc(C(=O)NC(C)(C)CO)c3sncc3c1)CNC2,Z0490a,openbind_xx01zvns2b_c1_scaffolds,Z1333a,Z4861a,,,,,,,,,,,,,,,,,,,,,,,,,,,,,,,,,,,,,,,,,,,,,,,,,,,,,,,,,,,
CC1C(c2[nH]nc3c(C(=O)Cc4cc(Br)c(O)c(CN(C)C)c4)cc(Cl)cc23)CN1CO,Z0490a,openbind_xx01zvns2b_c1_scaffolds,Z1333a,Z4887a,,,,,,,,,,,,,,,,,,,,,,,,,,,,,,,,,,,,,,,,,,,,,,,,,,,,,,,,,,,
CNCc1cccc(NC(=O)n2cc(C)c3c2CCN(CNC)C3)c1,Z0490a,openbind_xx01zvns2b_c1_scaffolds,Z1333a,Z4951a,,,,,,,,,,,,,,,,,,,,,,,,,,,,,,,,,,,,,,,,,,,,,,,,,,,,,,,,,,,
NCc1cccc(NC(=O)C2CC(Cl)CC3NC4COCc5ccccc5ON4CCCC32C(N)=O)c1,Z0490a,openbind_xx01zvns2b_c1_scaffolds,Z1333a,Z4971a,,,,,,,,,,,,,,,,,,,,,,,,,,,,,,,,,,,,,,,,,,,,,,,,,,,,,,,,,,,
CC(=O)NC1CC(C2CCNCC2)CC(=O)N(C(C)c2ncccc2C2(CO)CNC(C)C2)C1=O,Z0490a,openbind_xx01zvns2b_c1_scaffolds,Z1333a,Z5136a,,,,,,,,,,,,,,,,,,,,,,,,,,,,,,,,,,,,,,,,,,,,,,,,,,,,,,,,,,,
CNc1ccc(-c2c(OCC(=O)N(C)C)cccc2C(=O)Nc2cnn(C)c2)cn1,Z0490a,openbind_xx01zvns2b_c1_scaffolds,Z1333a,Z5348a,,,,,,,,,,,,,,,,,,,,,,,,,,,,,,,,,,,,,,,,,,,,,,,,,,,,,,,,,,,
CC(N)c1ccc(NC(=O)c2cc(Cl)cc3c2cc(O)n3C2CNC2OCc2ccccc2)cc1C#N,Z0490a,openbind_xx01zvns2b_c1_scaffolds,Z1342a,Z1667a,,,,,,,,,,,,,,,,,,,,,,,,,,,,,,,,,,,,,,,,,,,,,,,,,,,,,,,,,,,
COCC(=O)NC1CC(NC(C)=O)CC2(C1)CC(c1csc3cc(C(=O)Nc4ccc5c(c4)CNC5)ccc13)CCC2CN,Z0490a,openbind_xx01zvns2b_c1_scaffolds,Z1342a,Z1752a,,,,,,,,,,,,,,,,,,,,,,,,,,,,,,,,,,,,,,,,,,,,,,,,,,,,,,,,,,,
CC(=O)NC1CCCC2(CCC(C)NC2)C1,Z0490a,openbind_xx01zvns2b_c1_scaffolds,Z1342a,Z1837a,,,,,,,,,,,,,,,,,,,,,,,,,,,,,,,,,,,,,,,,,,,,,,,,,,,,,,,,,,,
CNCc1cc(C)nc2c(N(C=O)C(=O)C3CC(N)C3)cc(F)cc12,Z0490a,openbind_xx01zvns2b_c1_scaffolds,Z1342a,Z2992a,,,,,,,,,,,,,,,,,,,,,,,,,,,,,,,,,,,,,,,,,,,,,,,,,,,,,,,,,,,
NCCc1cccc(NC(=O)c2cc(Cl)cc3c2cnn3C2(O)CN(c3ccccc3)C2)c1,Z0490a,openbind_xx01zvns2b_c1_scaffolds,Z0875a,Z1390a,Z1745a,,,,,,,,,,,,,,,,,,,,,,,,,,,,,,,,,,,,,,,,,,,,,,,,,,,,,,,,,,
CC(C)NC(=O)N(C(=O)C1=CC=CSc2nn(C)cc21)c1ccc2c(c1)CNC2,Z0490a,openbind_xx01zvns2b_c1_scaffolds,Z1413a,Z3476a,,,,,,,,,,,,,,,,,,,,,,,,,,,,,,,,,,,,,,,,,,,,,,,,,,,,,,,,,,,
COc1cc(C(=CNc2ccc3c(c2)CNC3)Oc2cc(C)nc3ncnn23)nc2c1nc1n2C2(CCNC2)CNC1,Z0490a,openbind_xx01zvns2b_c1_scaffolds,Z1413a,Z3647a,,,,,,,,,,,,,,,,,,,,,,,,,,,,,,,,,,,,,,,,,,,,,,,,,,,,,,,,,,,
CCC1(O)Cc2c(cncc2C(=O)Nc2cc(CN)ncc2C)N1,Z0490a,openbind_xx01zvns2b_c1_scaffolds,Z0435a,Z1451a,,,,,,,,,,,,,,,,,,,,,,,,,,,,,,,,,,,,,,,,,,,,,,,,,,,,,,,,,,,
CCn1cnc2cccc(CC([NH3+])C(=O)[O-])c21,Z0490a,openbind_xx01zvns2b_c1_scaffolds,Z0687a,Z1451a,,,,,,,,,,,,,,,,,,,,,,,,,,,,,,,,,,,,,,,,,,,,,,,,,,,,,,,,,,,
COC1CC2(CCN1)C(CN)CC(Cl)CC2C(=O)Nc1ccc(C)c(-c2nnn[nH]2)c1,Z0490a,openbind_xx01zvns2b_c1_scaffolds,Z1470a,Z4153a,,,,,,,,,,,,,,,,,,,,,,,,,,,,,,,,,,,,,,,,,,,,,,,,,,,,,,,,,,,
Cc1cc(N(Oc2cc(C)nc3ncnn23)C(=O)C2CC(N)C2)c2c(c1)C1(CCNCC1)CC(C)N2,Z0490a,openbind_xx01zvns2b_c1_scaffolds,Z0386a,Z1495a,,,,,,,,,,,,,,,,,,,,,,,,,,,,,,,,,,,,,,,,,,,,,,,,,,,,,,,,,,,
O=C(NC1CC2=C(CNC2)C2(CCS(=O)(=O)CC2)C1)c1cc(F)cc2nc(-c3ccccc3)[nH]c12,Z0490a,openbind_xx01zvns2b_c1_scaffolds,Z0435a,Z1495a,,,,,,,,,,,,,,,,,,,,,,,,,,,,,,,,,,,,,,,,,,,,,,,,,,,,,,,,,,,
O=C(Nc1ccc2c(c1)CNC2)c1cc2c(cc1Cl)CC1(CCCN1)C(=O)C21CNCN1,Z0490a,openbind_xx01zvns2b_c1_scaffolds,Z0687a,Z1495a,,,,,,,,,,,,,,,,,,,,,,,,,,,,,,,,,,,,,,,,,,,,,,,,,,,,,,,,,,,
Cc1cc(C(=O)Nc2cccc(CN)c2)c2c(c1)nc(C(C)C)n2CC(=O)O,Z0490a,openbind_xx01zvns2b_c1_scaffolds,Z0727a,Z1495a,,,,,,,,,,,,,,,,,,,,,,,,,,,,,,,,,,,,,,,,,,,,,,,,,,,,,,,,,,,
CC(N)CC(N)c1cc(Cl)c(Cl)c(CNN)c1,Z0490a,openbind_xx01zvns2b_c1_scaffolds,Z1495a,Z4849a,,,,,,,,,,,,,,,,,,,,,,,,,,,,,,,,,,,,,,,,,,,,,,,,,,,,,,,,,,,
Clc1ccc2c3c(ccnc13)CCN2,Z0490a,openbind_xx01zvns2b_c1_scaffolds,Z0687a,Z1664a,,,,,,,,,,,,,,,,,,,,,,,,,,,,,,,,,,,,,,,,,,,,,,,,,,,,,,,,,,,
COC1CC2CN(C3CNO3)CC2NCNCC(O)C(=O)COC(C)NC(N2CCNC3(CCNC3)C2)N1,Z0490a,openbind_xx01zvns2b_c1_scaffolds,Z0990a,Z1664a,,,,,,,,,,,,,,,,,,,,,,,,,,,,,,,,,,,,,,,,,,,,,,,,,,,,,,,,,,,
CC1CC2(CCN1)CCC([N+](C)([O-])C(=O)c1cc(Cl)cc3cc(OCc4ccccc4)cnc13)CC2,Z0490a,openbind_xx01zvns2b_c1_scaffolds,Z1664a,Z1745a,,,,,,,,,,,,,,,,,,,,,,,,,,,,,,,,,,,,,,,,,,,,,,,,,,,,,,,,,,,
NC1CCN2CCc3cccc1c32,Z0490a,openbind_xx01zvns2b_c1_scaffolds,Z1664a,Z3519a,,,,,,,,,,,,,,,,,,,,,,,,,,,,,,,,,,,,,,,,,,,,,,,,,,,,,,,,,,,
CCc1nccc(NC(=O)C2CCCC34CC5CNCC5CC3COCC24)c1C,Z0490a,openbind_xx01zvns2b_c1_scaffolds,Z1664a,Z4104a,,,,,,,,,,,,,,,,,,,,,,,,,,,,,,,,,,,,,,,,,,,,,,,,,,,,,,,,,,,
Nc1cc(C(Nc2ccc3c(n2)CNC3)C(=O)NCC(F)F)nc2c(Cl)cccc12,Z0490a,openbind_xx01zvns2b_c1_scaffolds,Z1664a,Z4104a,,,,,,,,,,,,,,,,,,,,,,,,,,,,,,,,,,,,,,,,,,,,,,,,,,,,,,,,,,,
CC1=CC(C(=O)C(C=O)c2ccncc2C)=C2CCCC3=C2N1CNC3,Z0490a,openbind_xx01zvns2b_c1_scaffolds,Z1406a,Z1667a,,,,,,,,,,,,,,,,,,,,,,,,,,,,,,,,,,,,,,,,,,,,,,,,,,,,,,,,,,,
[NH3+]C(Cc1ccc2nccc(N3CCNCC3)c2c1)C(=O)[O-],Z0490a,openbind_xx01zvns2b_c1_scaffolds,Z1667a,Z3556a,,,,,,,,,,,,,,,,,,,,,,,,,,,,,,,,,,,,,,,,,,,,,,,,,,,,,,,,,,,
COCC(=O)Nc1cc(NCc2cc(C)nc3c(NC(=O)C(CCCC[NH3+])NC(C)=O)cccc23)cc(NC(C)=O)c1,Z0490a,openbind_xx01zvns2b_c1_scaffolds,Z1667a,Z4118a,,,,,,,,,,,,,,,,,,,,,,,,,,,,,,,,,,,,,,,,,,,,,,,,,,,,,,,,,,,
Cc1ccc2cccnc2c1C1(O)CCOC1C,Z0490a,openbind_xx01zvns2b_c1_scaffolds,Z0472a,Z1674a,,,,,,,,,,,,,,,,,,,,,,,,,,,,,,,,,,,,,,,,,,,,,,,,,,,,,,,,,,,
N=C(N)n1ncc2c(C(O)(Nc3ccc4c(c3)CNC4)C(=O)NCC3CCOCC3)cc(Cl)cc21,Z0490a,openbind_xx01zvns2b_c1_scaffolds,Z1320a,Z1674a,,,,,,,,,,,,,,,,,,,,,,,,,,,,,,,,,,,,,,,,,,,,,,,,,,,,,,,,,,,
CC1N(C)CCC12CC(CN(C(=O)NCc1cccnc1)C1CC(Cl)CC(C(=O)NC(C)(C)CO)C13CNNC3)CCC2O,Z0490a,openbind_xx01zvns2b_c1_scaffolds,Z1390a,Z1674a,,,,,,,,,,,,,,,,,,,,,,,,,,,,,,,,,,,,,,,,,,,,,,,,,,,,,,,,,,,
CCOC(=O)c1cnc2c(C#N)cc(F)c3c2c1CC(Nc1cc2c(c(C4=CCS(=O)(=O)CC4)c1)CNC2)C3,Z0490a,openbind_xx01zvns2b_c1_scaffolds,Z1674a,Z3519a,,,,,,,,,,,,,,,,,,,,,,,,,,,,,,,,,,,,,,,,,,,,,,,,,,,,,,,,,,,
O=C(NC1CCC2(CCCC2)CC1F)c1cc(Cl)cc2c1cc(O)n2C1CNC1OCc1ccccc1,Z0490a,openbind_xx01zvns2b_c1_scaffolds,Z1674a,Z4104a,,,,,,,,,,,,,,,,,,,,,,,,,,,,,,,,,,,,,,,,,,,,,,,,,,,,,,,,,,,
CC(C)N1CCCC12Cc1cccc(C(=O)Nc3c[nH]c(C(N)=O)c3)c1NC2=O,Z0490a,openbind_xx01zvns2b_c1_scaffolds,Z1682a,Z0051a,Z1681a,,,,,,,,,,,,,,,,,,,,,,,,,,,,,,,,,,,,,,,,,,,,,,,,,,,,,,,,,,
CC(C)CNC(=O)C(Nc1ccc2c(c1)CNC2)N1NC(=O)C(CCO)C12CNNC2,Z0490a,openbind_xx01zvns2b_c1_scaffolds,Z1317a,Z1681a,,,,,,,,,,,,,,,,,,,,,,,,,,,,,,,,,,,,,,,,,,,,,,,,,,,,,,,,,,,
Cc1cc(CO)c2cccc(C3(N)C(=O)C4CCC(C)(N)C4C3CCCN)c2n1,Z0490a,openbind_xx01zvns2b_c1_scaffolds,Z1342a,Z1681a,,,,,,,,,,,,,,,,,,,,,,,,,,,,,,,,,,,,,,,,,,,,,,,,,,,,,,,,,,,
CCC(CN)NCCc1cc(N)c2ccccc2c1C,Z0490a,openbind_xx01zvns2b_c1_scaffolds,Z1495a,Z1681a,,,,,,,,,,,,,,,,,,,,,,,,,,,,,,,,,,,,,,,,,,,,,,,,,,,,,,,,,,,
CC1CC(C(=O)Nc2ccc3c(c2)CNC3)CC2(CCNC3(CCCNC3)C2)C1,Z0490a,openbind_xx01zvns2b_c1_scaffolds,Z0687a,Z0709a,Z0719a,Z0827a,Z1597a,Z1715a,Z1731a,Z1743a,,,,,,,,,,,,,,,,,,,,,,,,,,,,,,,,,,,,,,,,,,,,,,,,,,,,,
O=C(C(=O)C1CCNC2(CCNC2)C1)c1cccc2cccnc12,Z0490a,openbind_xx01zvns2b_c1_scaffolds,Z0687a,Z1715a,,,,,,,,,,,,,,,,,,,,,,,,,,,,,,,,,,,,,,,,,,,,,,,,,,,,,,,,,,,
CNCc1cc(N2CCNCC2)c2c(C(=O)Nc3ncccn3)cc(F)cc2n1,Z0490a,openbind_xx01zvns2b_c1_scaffolds,Z1715a,Z3486a,Z3489a,Z3803a,Z3856a,,,,,,,,,,,,,,,,,,,,,,,,,,,,,,,,,,,,,,,,,,,,,,,,,,,,,,,,
CN(c1ccc2c(c1)CNC2)C(C(=O)C(=O)CC1CCCO1)c1cc(Cl)cc2[nH]ncc12,Z0490a,openbind_xx01zvns2b_c1_scaffolds,Z1715a,Z3733a,,,,,,,,,,,,,,,,,,,,,,,,,,,,,,,,,,,,,,,,,,,,,,,,,,,,,,,,,,,
CC1=NCCC2NC3C(CCCC3C(CO)C2=O)C(=O)C(=O)C(c2cccc3c2CNC3)N1,Z0490a,openbind_xx01zvns2b_c1_scaffolds,Z0101a,Z1716a,,,,,,,,,,,,,,,,,,,,,,,,,,,,,,,,,,,,,,,,,,,,,,,,,,,,,,,,,,,
CC(=O)NC1C(=O)N(c2ccc(C(C)=O)c3cccnc23)Nc2cc3c(cc21)CNC3C,Z0490a,openbind_xx01zvns2b_c1_scaffolds,Z0435a,Z1716a,,,,,,,,,,,,,,,,,,,,,,,,,,,,,,,,,,,,,,,,,,,,,,,,,,,,,,,,,,,
CCc1c(Cn2ccnc2S(C)(=O)=O)csc1C(Nc1ccc2c(c1)CNC2)C(=O)NCC(F)F,Z0490a,openbind_xx01zvns2b_c1_scaffolds,Z1274a,Z1716a,,,,,,,,,,,,,,,,,,,,,,,,,,,,,,,,,,,,,,,,,,,,,,,,,,,,,,,,,,,
CCN1CCCC2(CNc3cccc(C(=O)Nc4cc(N5CCNCC5C)ccc4S(C)(=O)=O)c3C2)C1,Z0490a,openbind_xx01zvns2b_c1_scaffolds,Z1716a,Z5197a,,,,,,,,,,,,,,,,,,,,,,,,,,,,,,,,,,,,,,,,,,,,,,,,,,,,,,,,,,,
Cc1cc(CN(C)C2CCOCC2)c2cccc(C(=O)C(=O)C3CCNC4(CCNC4)C3)c2n1,Z0490a,openbind_xx01zvns2b_c1_scaffolds,Z1727a,Z2500a,,,,,,,,,,,,,,,,,,,,,,,,,,,,,,,,,,,,,,,,,,,,,,,,,,,,,,,,,,,
CCOC1CCC2CCCC3CCCC1C32,Z0490a,openbind_xx01zvns2b_c1_scaffolds,Z1728a,Z3441a,,,,,,,,,,,,,,,,,,,,,,,,,,,,,,,,,,,,,,,,,,,,,,,,,,,,,,,,,,,
CC1CC2=C(CNC2)CC1NC(=O)c1cc(F)cc2c1C(C)(OCCCO)C(=O)N2,Z0490a,openbind_xx01zvns2b_c1_scaffolds,Z1728a,Z3489a,Z3647a,,,,,,,,,,,,,,,,,,,,,,,,,,,,,,,,,,,,,,,,,,,,,,,,,,,,,,,,,,
NC(=O)CCc1ccc(C(N)NCC(C(=O)Nc2ccc3c(c2)CNC3)C2=CS3=CN=CC3=C2)cc1,Z0490a,openbind_xx01zvns2b_c1_scaffolds,Z0490a,Z1729a,,,,,,,,,,,,,,,,,,,,,,,,,,,,,,,,,,,,,,,,,,,,,,,,,,,,,,,,,,,
CS(=O)(=O)c1ccc(N2CCNCC2)cc1C(=O)c1cccc2cn[nH]c12,Z0490a,openbind_xx01zvns2b_c1_scaffolds,Z0101a,Z1729a,,,,,,,,,,,,,,,,,,,,,,,,,,,,,,,,,,,,,,,,,,,,,,,,,,,,,,,,,,,
COc1cnc2c(c1)C1=C3C(CCC1)COCC3OC1N=CN(C3CN4COC5CNCC54C3)C21,Z0490a,openbind_xx01zvns2b_c1_scaffolds,Z0422a,Z1729a,,,,,,,,,,,,,,,,,,,,,,,,,,,,,,,,,,,,,,,,,,,,,,,,,,,,,,,,,,,
Cn1oc(C(=O)NNC2CC(=O)CCN2c2ccccc2C(=O)NC(C)(C)CO)cc1=O,Z0490a,openbind_xx01zvns2b_c1_scaffolds,Z0425a,Z1729a,,,,,,,,,,,,,,,,,,,,,,,,,,,,,,,,,,,,,,,,,,,,,,,,,,,,,,,,,,,
CN(CN1CCc2cccc(C(=O)Nc3ccc4c(c3)CNC4)c21)C1CCOCC1,Z0490a,openbind_xx01zvns2b_c1_scaffolds,Z0435a,Z1729a,,,,,,,,,,,,,,,,,,,,,,,,,,,,,,,,,,,,,,,,,,,,,,,,,,,,,,,,,,,
CC(C)C1NNC2(S1)C(C)Nc1c(C(=O)C(=O)C3CCC(N(C)C)CC3)cc(F)cc1C2CO,Z0490a,openbind_xx01zvns2b_c1_scaffolds,Z0435a,Z1729a,,,,,,,,,,,,,,,,,,,,,,,,,,,,,,,,,,,,,,,,,,,,,,,,,,,,,,,,,,,
CCC(OCNC1CCCC2(CCNC2)C1)c1cccc(Cl)c1,Z0490a,openbind_xx01zvns2b_c1_scaffolds,Z0727a,Z0772a,Z1729a,,,,,,,,,,,,,,,,,,,,,,,,,,,,,,,,,,,,,,,,,,,,,,,,,,,,,,,,,,
NCCc1cccc(NC(NO)OC2CCC3C(NC(=O)OCc4ccccc4)CC(Cl)C3C2)c1,Z0490a,openbind_xx01zvns2b_c1_scaffolds,Z1317a,Z1729a,Z3473a,,,,,,,,,,,,,,,,,,,,,,,,,,,,,,,,,,,,,,,,,,,,,,,,,,,,,,,,,,
CNCC1(C)CC(C)Nc2c(C(=O)C(=O)C3CCC([NH3+])CC3)cccc21,Z0490a,openbind_xx01zvns2b_c1_scaffolds,Z1713a,Z1729a,,,,,,,,,,,,,,,,,,,,,,,,,,,,,,,,,,,,,,,,,,,,,,,,,,,,,,,,,,,
O=C(CCc1cc(CNCNC2CCC3(Cc4ccccc4NC3=O)N2)cs1)Nc1ccc2c(c1)CNC2,Z0490a,openbind_xx01zvns2b_c1_scaffolds,Z1729a,Z1731a,Z3487a,Z3548a,,,,,,,,,,,,,,,,,,,,,,,,,,,,,,,,,,,,,,,,,,,,,,,,,,,,,,,,,
CNCc1cc(C)c2c3c(cccc13)C(C(=O)C(NC(C)=O)c1cc(Br)cc(C[NH3+])c1)=C2,Z0490a,openbind_xx01zvns2b_c1_scaffolds,Z1729a,Z3441a,Z3463a,Z3507a,,,,,,,,,,,,,,,,,,,,,,,,,,,,,,,,,,,,,,,,,,,,,,,,,,,,,,,,,
Cc1cc2c(c(N)c1NC(=O)C1CC3=C(CCCN3)S1)CNC2,Z0490a,openbind_xx01zvns2b_c1_scaffolds,Z1729a,Z3480a,,,,,,,,,,,,,,,,,,,,,,,,,,,,,,,,,,,,,,,,,,,,,,,,,,,,,,,,,,,
CC1CCC2(CCC34CC(N5CCNCC5)CCC3S(=O)(=O)CON24)c2cccnc21,Z0490a,openbind_xx01zvns2b_c1_scaffolds,Z1729a,Z3556a,,,,,,,,,,,,,,,,,,,,,,,,,,,,,,,,,,,,,,,,,,,,,,,,,,,,,,,,,,,
COCC(=O)Nc1cc(NCNCc2csc(CCC(=O)Nc3ccc4c(c3)CNC4)c2)cc(NC(C)=O)c1,Z0490a,openbind_xx01zvns2b_c1_scaffolds,Z1729a,Z3646a,,,,,,,,,,,,,,,,,,,,,,,,,,,,,,,,,,,,,,,,,,,,,,,,,,,,,,,,,,,
Cc1cc(CO)c2cc(F)cc(C(=O)C(=O)C3CC4(CCNC4)C3)c2n1,Z0490a,openbind_xx01zvns2b_c1_scaffolds,Z0589a,Z0601a,Z0800a,Z1731a,,,,,,,,,,,,,,,,,,,,,,,,,,,,,,,,,,,,,,,,,,,,,,,,,,,,,,,,,
CC1CC2=C3N(CC(C(=O)Nc4cnn5c4CNCC5)N3C1)NC2,Z0490a,openbind_xx01zvns2b_c1_scaffolds,Z0673a,Z1731a,,,,,,,,,,,,,,,,,,,,,,,,,,,,,,,,,,,,,,,,,,,,,,,,,,,,,,,,,,,
CN1C(C(=O)Nc2ccc3c(c2)CNC3)CC(C#N)CC12CCNN2,Z0490a,openbind_xx01zvns2b_c1_scaffolds,Z0673a,Z1731a,,,,,,,,,,,,,,,,,,,,,,,,,,,,,,,,,,,,,,,,,,,,,,,,,,,,,,,,,,,
CN(C)Cc1nc2c(C(=O)Nc3ccc4c(c3)CNC4)cc(Cl)cc2[nH]1,Z0490a,openbind_xx01zvns2b_c1_scaffolds,Z1333a,Z1731a,,,,,,,,,,,,,,,,,,,,,,,,,,,,,,,,,,,,,,,,,,,,,,,,,,,,,,,,,,,
Cc1cc(C(Nc2ccc3c(c2)CNC3)C(=O)NCC(F)F)c2c(cnn2CC(=O)O)c1,Z0490a,openbind_xx01zvns2b_c1_scaffolds,Z1596a,Z1731a,,,,,,,,,,,,,,,,,,,,,,,,,,,,,,,,,,,,,,,,,,,,,,,,,,,,,,,,,,,
CNCc1ccnc2c(C(=O)C(=O)c3cc(C(C)CN)cc(C4CCOC4)c3NCO)cc(Cl)cc12,Z0490a,openbind_xx01zvns2b_c1_scaffolds,Z1597a,Z1731a,,,,,,,,,,,,,,,,,,,,,,,,,,,,,,,,,,,,,,,,,,,,,,,,,,,,,,,,,,,
CCSCC(C(=O)Nc1ccc2c(c1)CNC2)N(C)NC#N,Z0490a,openbind_xx01zvns2b_c1_scaffolds,Z1681a,Z1731a,,,,,,,,,,,,,,,,,,,,,,,,,,,,,,,,,,,,,,,,,,,,,,,,,,,,,,,,,,,
CCCNC(=O)C(Nc1ccc2c(c1)CNC2)c1cc(Cl)c(CN)c2[nH]ncc12,Z0490a,openbind_xx01zvns2b_c1_scaffolds,Z1731a,Z3441a,,,,,,,,,,,,,,,,,,,,,,,,,,,,,,,,,,,,,,,,,,,,,,,,,,,,,,,,,,,
CNCc1c(C)nc2c(C(=O)C(=O)C3CC4(CCNC4)C3)cccc2c1CO,Z0490a,openbind_xx01zvns2b_c1_scaffolds,Z1731a,Z3452a,,,,,,,,,,,,,,,,,,,,,,,,,,,,,,,,,,,,,,,,,,,,,,,,,,,,,,,,,,,
Cc1nc2c(C(=O)C(=O)C3CC4(CCNC4)C3)cccc2c(CO)c1CN,Z0490a,openbind_xx01zvns2b_c1_scaffolds,Z1731a,Z3465a,,,,,,,,,,,,,,,,,,,,,,,,,,,,,,,,,,,,,,,,,,,,,,,,,,,,,,,,,,,
O=C(Nc1ccc2c(c1)CNC2)C1CCC(O)C2=C1CC1(CCNCC1F)C(O)N2,Z0490a,openbind_xx01zvns2b_c1_scaffolds,Z1731a,Z3469a,,,,,,,,,,,,,,,,,,,,,,,,,,,,,,,,,,,,,,,,,,,,,,,,,,,,,,,,,,,
Cc1cc(O)cc2ccc(C(C(=O)N3CCC(N)C3)C([NH3+])C(=O)[O-])nc12,Z0490a,openbind_xx01zvns2b_c1_scaffolds,Z1731a,Z3477a,,,,,,,,,,,,,,,,,,,,,,,,,,,,,,,,,,,,,,,,,,,,,,,,,,,,,,,,,,,
CC1CC2C(O)CC3C(=O)C(C)C(NC(=O)C4CCNCC4)C(N1)C32,Z0490a,openbind_xx01zvns2b_c1_scaffolds,Z1731a,Z3502a,,,,,,,,,,,,,,,,,,,,,,,,,,,,,,,,,,,,,,,,,,,,,,,,,,,,,,,,,,,
CNCc1cccc2c(Cl)cc(C(Nc3ccc4c(c3)CNC4)C([NH3+])C(=O)[O-])nc12,Z0490a,openbind_xx01zvns2b_c1_scaffolds,Z1731a,Z3507a,,,,,,,,,,,,,,,,,,,,,,,,,,,,,,,,,,,,,,,,,,,,,,,,,,,,,,,,,,,
O=C(Nc1ccc2c(c1)CNC2)c1cc2c3c(c1)=CNS=3N=CC=C2N1CCNCC1,Z0490a,openbind_xx01zvns2b_c1_scaffolds,Z1731a,Z3546a,,,,,,,,,,,,,,,,,,,,,,,,,,,,,,,,,,,,,,,,,,,,,,,,,,,,,,,,,,,
COC1CC2(CCN1)CC(NC(=O)c1cc(Cl)cc3c1cnn3C(=O)OCc1ccccc1)Cc1cn(N)cc12,Z0490a,openbind_xx01zvns2b_c1_scaffolds,Z1731a,Z3548a,,,,,,,,,,,,,,,,,,,,,,,,,,,,,,,,,,,,,,,,,,,,,,,,,,,,,,,,,,,
COC1CC(C(=CNc2ccc3c(c2)CNC3)Oc2cc(C)nc3ncnn23)NC2N1NC(=O)C21CCNCC1,Z0490a,openbind_xx01zvns2b_c1_scaffolds,Z1731a,Z4179a,,,,,,,,,,,,,,,,,,,,,,,,,,,,,,,,,,,,,,,,,,,,,,,,,,,,,,,,,,,
CN(Cn1ncc2c(C(O)(Nc3ccc4c(c3)CNC4)C(=O)NCc3cccnc3)cc(Cl)cc21)C1CCOCC1,Z0490a,openbind_xx01zvns2b_c1_scaffolds,Z1731a,Z4204a,,,,,,,,,,,,,,,,,,,,,,,,,,,,,,,,,,,,,,,,,,,,,,,,,,,,,,,,,,,
O=C([O-])C(Cc1cc(F)c2ccccc2n1)c1ccc2c(n1)CNC2,Z0490a,openbind_xx01zvns2b_c1_scaffolds,Z0472a,Z1743a,,,,,,,,,,,,,,,,,,,,,,,,,,,,,,,,,,,,,,,,,,,,,,,,,,,,,,,,,,,
CNC(=O)C(O)(Nc1ccc2c(c1)C(=O)OC2)c1cc(Cl)cc2c1CC1(CCNCC1)N2,Z0490a,openbind_xx01zvns2b_c1_scaffolds,Z1743a,Z3622a,,,,,,,,,,,,,,,,,,,,,,,,,,,,,,,,,,,,,,,,,,,,,,,,,,,,,,,,,,,
CCc1cc(C2C=NC(N3CCC(N)C3)c3ccccc32)c2nc(C)cc(CO)c2c1,Z0490a,openbind_xx01zvns2b_c1_scaffolds,Z1743a,Z3941a,Z3980a,,,,,,,,,,,,,,,,,,,,,,,,,,,,,,,,,,,,,,,,,,,,,,,,,,,,,,,,,,
O=C(Nc1cc2c(c(C3=C(Nc4cccc(O)c4CNc4nc5ccccc5[nH]4)CS(=O)(=O)CC3)c1)CNC2)c1cc(F)cc2n[nH]cc12,Z0490a,openbind_xx01zvns2b_c1_scaffolds,Z1743a,Z4811a,,,,,,,,,,,,,,,,,,,,,,,,,,,,,,,,,,,,,,,,,,,,,,,,,,,,,,,,,,,
Nc1nnc(-c2ccc(C(NOCc3ccccn3)(Nc3ccc4c(c3)CNC4)C(=O)NCC(F)F)s2)[nH]1,Z0490a,openbind_xx01zvns2b_c1_scaffolds,Z1743a,Z4963a,Z4966a,,,,,,,,,,,,,,,,,,,,,,,,,,,,,,,,,,,,,,,,,,,,,,,,,,,,,,,,,,
Cc1cc(CO)c2cc(Cl)cc(C34CCCC3NCCCNC(C)CCN4)c2n1,Z0490a,openbind_xx01zvns2b_c1_scaffolds,Z1743a,Z5124a,Z5197a,Z5243a,,,,,,,,,,,,,,,,,,,,,,,,,,,,,,,,,,,,,,,,,,,,,,,,,,,,,,,,,
O=C(C(=O)c1ccc2ncsc2c1)c1ccc2c(c1)CNC2,Z0490a,openbind_xx01zvns2b_c1_scaffolds,Z1745a,Z3596a,,,,,,,,,,,,,,,,,,,,,,,,,,,,,,,,,,,,,,,,,,,,,,,,,,,,,,,,,,,
Nn1cc2ccc(N(C(=O)NCC(F)F)C(=O)C3CC(Cl)CC(N)(CC(O)OCc4ccccc4)C3)cc2c1,Z0490a,openbind_xx01zvns2b_c1_scaffolds,Z1750a,Z3397a,Z3440a,Z3452a,Z3464a,Z3556a,Z3792a,,,,,,,,,,,,,,,,,,,,,,,,,,,,,,,,,,,,,,,,,,,,,,,,,,,,,,
CNc1c[nH]c(CN(C)C(=O)C(=O)c2cc(Cl)cc3c(CO)cc(C)nc23)c1,Z0490a,openbind_xx01zvns2b_c1_scaffolds,Z1750a,Z3463a,,,,,,,,,,,,,,,,,,,,,,,,,,,,,,,,,,,,,,,,,,,,,,,,,,,,,,,,,,,
Cc1cc(CO)c2cccc(C(=O)C(=O)N3CCC4(CCNC4)C3)c2n1,Z0490a,openbind_xx01zvns2b_c1_scaffolds,Z1750a,Z3472a,Z3803a,Z3808a,Z3815a,Z4008a,Z4855a,,,,,,,,,,,,,,,,,,,,,,,,,,,,,,,,,,,,,,,,,,,,,,,,,,,,,,
CN1CCC2(CC1)NNC(C)(CCCSCNC(=O)Nc1ccc3c(c1)CNC3)N2,Z0490a,openbind_xx01zvns2b_c1_scaffolds,Z1750a,Z3561a,,,,,,,,,,,,,,,,,,,,,,,,,,,,,,,,,,,,,,,,,,,,,,,,,,,,,,,,,,,
CNc1c[nH]c(CN(C)C(=O)C(=O)c2cc(Cl)cc3c(CN=O)cc(C)nc23)c1,Z0490a,openbind_xx01zvns2b_c1_scaffolds,Z1750a,Z3842a,,,,,,,,,,,,,,,,,,,,,,,,,,,,,,,,,,,,,,,,,,,,,,,,,,,,,,,,,,,
Cc1cc(CO)c2cccc(CC(N=CNCC(F)F)N3CCC4(CCNC4N)C3)c2n1,Z0490a,openbind_xx01zvns2b_c1_scaffolds,Z1750a,Z3850a,,,,,,,,,,,,,,,,,,,,,,,,,,,,,,,,,,,,,,,,,,,,,,,,,,,,,,,,,,,
CC(CC1CCNS(=O)O1)C(=O)Nc1ccc2c(c1)CNC2,Z0490a,openbind_xx01zvns2b_c1_scaffolds,Z1750a,Z4132a,,,,,,,,,,,,,,,,,,,,,,,,,,,,,,,,,,,,,,,,,,,,,,,,,,,,,,,,,,,
Nn1ncc2c(C(=O)Nc3ccc4c(c3)C=NC=CO4)cc(Cl)cc21,Z0490a,openbind_xx01zvns2b_c1_scaffolds,Z1750a,Z4429a,,,,,,,,,,,,,,,,,,,,,,,,,,,,,,,,,,,,,,,,,,,,,,,,,,,,,,,,,,,
CNCc1cc(C)nc2c(C(=O)C(=O)N3CCC(C(C)N)C3)cc(Cl)cc12,Z0490a,openbind_xx01zvns2b_c1_scaffolds,Z1750a,Z5042a,,,,,,,,,,,,,,,,,,,,,,,,,,,,,,,,,,,,,,,,,,,,,,,,,,,,,,,,,,,
CN(c1ccc2c(c1)CNC2)C(C(=O)NCC(F)F)c1cc(Cl)cc2cccc(S(C)(=O)=O)c12,Z0490a,openbind_xx01zvns2b_c1_scaffolds,Z0101a,Z1752a,,,,,,,,,,,,,,,,,,,,,,,,,,,,,,,,,,,,,,,,,,,,,,,,,,,,,,,,,,,
Cc1cc(N)c2cc(Cl)c(N(Nc3ccc4c(c3)CNC4)C(=O)NCC(F)F)c(Cl)c2c1C,Z0490a,openbind_xx01zvns2b_c1_scaffolds,Z1713a,Z1752a,,,,,,,,,,,,,,,,,,,,,,,,,,,,,,,,,,,,,,,,,,,,,,,,,,,,,,,,,,,
CNCc1ccc2c(N)cc(C(=O)Nc3ccc(N4CCCC4=O)c(F)c3)nc2c1Br,Z0490a,openbind_xx01zvns2b_c1_scaffolds,Z1731a,Z1752a,,,,,,,,,,,,,,,,,,,,,,,,,,,,,,,,,,,,,,,,,,,,,,,,,,,,,,,,,,,
CNCC1NCCC(C(=O)C(=O)c2cc(F)cc3c(CO)cc(C)nc23)C1C#N,Z0490a,openbind_xx01zvns2b_c1_scaffolds,Z1752a,Z3463a,,,,,,,,,,,,,,,,,,,,,,,,,,,,,,,,,,,,,,,,,,,,,,,,,,,,,,,,,,,
NCc1cccc(NC(=O)c2cc(N)c3ccc(N)c(Br)c3n2)c1,Z0490a,openbind_xx01zvns2b_c1_scaffolds,Z1752a,Z3469a,,,,,,,,,,,,,,,,,,,,,,,,,,,,,,,,,,,,,,,,,,,,,,,,,,,,,,,,,,,
O=C(Nc1ccc2c(c1)CNC2)C1CC(F)CC2C1NC1=C3CCCCC3OCN12,Z0490a,openbind_xx01zvns2b_c1_scaffolds,Z1752a,Z3477a,,,,,,,,,,,,,,,,,,,,,,,,,,,,,,,,,,,,,,,,,,,,,,,,,,,,,,,,,,,
CC1CNCCN1c1ccc(S(C)(=O)=O)c(NC(=O)c2cccc3c2ccc[n+]3[O-])c1,Z0490a,openbind_xx01zvns2b_c1_scaffolds,Z1752a,Z3545a,,,,,,,,,,,,,,,,,,,,,,,,,,,,,,,,,,,,,,,,,,,,,,,,,,,,,,,,,,,
COC1(C)C(=O)Nc2c1c(C(=O)Nc1ccc3c(c1)CNC3)cc1cnsc21,Z0490a,openbind_xx01zvns2b_c1_scaffolds,Z1752a,Z3685a,,,,,,,,,,,,,,,,,,,,,,,,,,,,,,,,,,,,,,,,,,,,,,,,,,,,,,,,,,,
CNCC1(C)NCc2c(C(=O)Nc3ccc4c(c3)CN(F)C4)cc(C)nc21,Z0490a,openbind_xx01zvns2b_c1_scaffolds,Z1752a,Z3769a,,,,,,,,,,,,,,,,,,,,,,,,,,,,,,,,,,,,,,,,,,,,,,,,,,,,,,,,,,,
CS(=O)(=O)c1nccn1C(N)c1csc(CCC(=O)Nc2ccc3c(c2)CNC3)n1,Z0490a,openbind_xx01zvns2b_c1_scaffolds,Z1752a,Z3842a,,,,,,,,,,,,,,,,,,,,,,,,,,,,,,,,,,,,,,,,,,,,,,,,,,,,,,,,,,,
CC1CC2(CCN(C)CC2)c2cccc(C(=O)C(=O)CC3CCCC4(CCNCC4)C3)c2N1,Z0490a,openbind_xx01zvns2b_c1_scaffolds,Z1752a,Z4089a,,,,,,,,,,,,,,,,,,,,,,,,,,,,,,,,,,,,,,,,,,,,,,,,,,,,,,,,,,,
CC(N)c1ccc(OC(F)(F)c2cn(C)c(C3CCCN(Cc4ccccc4)C3O)n2)cc1,Z0490a,openbind_xx01zvns2b_c1_scaffolds,Z1752a,Z4132a,,,,,,,,,,,,,,,,,,,,,,,,,,,,,,,,,,,,,,,,,,,,,,,,,,,,,,,,,,,
Cc1nc2c(C(=O)C(=O)CC3CCCC4(CCNCC4)C3)cc(Cl)cc2c(CO)c1C1CCNCC1,Z0490a,openbind_xx01zvns2b_c1_scaffolds,Z1752a,Z4169a,,,,,,,,,,,,,,,,,,,,,,,,,,,,,,,,,,,,,,,,,,,,,,,,,,,,,,,,,,,
CNCc1c(N)ccc2c(N(O)Nc3ccc4c(c3)CNC4)cccc12,Z0490a,openbind_xx01zvns2b_c1_scaffolds,Z1752a,Z4179a,,,,,,,,,,,,,,,,,,,,,,,,,,,,,,,,,,,,,,,,,,,,,,,,,,,,,,,,,,,
NCCc1ccc(NC(=O)c2cc(Cl)cc3c2CNC32ON(Cc3ccccc3)C3NCCC32)cc1,Z0490a,openbind_xx01zvns2b_c1_scaffolds,Z1761a,Z4131a,,,,,,,,,,,,,,,,,,,,,,,,,,,,,,,,,,,,,,,,,,,,,,,,,,,,,,,,,,,
COC1CC2(CCN1)CC(CC(=O)c1cc(Cl)cc3c1cnn3NC(C)(C)CO)CC1(CNCC1N(C)C)C2O,Z0490a,openbind_xx01zvns2b_c1_scaffolds,Z2126a,Z3980a,,,,,,,,,,,,,,,,,,,,,,,,,,,,,,,,,,,,,,,,,,,,,,,,,,,,,,,,,,,
Nn1cc2ccc(NC(=O)c3cc(Cl)c4ncn(C(=O)OCc5ccccc5)c4c3)cc2c1,Z0490a,openbind_xx01zvns2b_c1_scaffolds,Z0455a,Z2217a,,,,,,,,,,,,,,,,,,,,,,,,,,,,,,,,,,,,,,,,,,,,,,,,,,,,,,,,,,,
O=C(Nc1ccc2c(c1)CNC2)c1cc(Cl)c2[nH]cc(C3CCNCC3)c2c1-n1ccnc1,Z0490a,openbind_xx01zvns2b_c1_scaffolds,Z1271a,Z2217a,,,,,,,,,,,,,,,,,,,,,,,,,,,,,,,,,,,,,,,,,,,,,,,,,,,,,,,,,,,
O=C([O-])C1c2cc3c(cc2NC1c1ccc2c(n1)CC1(CCNCC1)CC2)CNC3,Z0490a,openbind_xx01zvns2b_c1_scaffolds,Z2217a,Z3469a,,,,,,,,,,,,,,,,,,,,,,,,,,,,,,,,,,,,,,,,,,,,,,,,,,,,,,,,,,,
CC1NCC2CC(NC(=O)c3cc(Cl)cc4nn(OCOCc5ccccc5)cc34)CCC21,Z0490a,openbind_xx01zvns2b_c1_scaffolds,Z2217a,Z4959a,Z4959b,Z5003a,,,,,,,,,,,,,,,,,,,,,,,,,,,,,,,,,,,,,,,,,,,,,,,,,,,,,,,,,
CNCc1ccc(NC(=O)c2cc(Cl)c3[nH]cc(C4(O)CNC4Cc4ccccc4)c3c2)cc1,Z0490a,openbind_xx01zvns2b_c1_scaffolds,Z0429a,Z2235a,,,,,,,,,,,,,,,,,,,,,,,,,,,,,,,,,,,,,,,,,,,,,,,,,,,,,,,,,,,
C=CNc1cccc(CNC)c1,Z0490a,openbind_xx01zvns2b_c1_scaffolds,Z0709a,Z2235a,,,,,,,,,,,,,,,,,,,,,,,,,,,,,,,,,,,,,,,,,,,,,,,,,,,,,,,,,,,
Cc1cnn2c1CNC1NCCCC12C(N)=O,Z0490a,openbind_xx01zvns2b_c1_scaffolds,Z2235a,Z3729a,Z3733a,,,,,,,,,,,,,,,,,,,,,,,,,,,,,,,,,,,,,,,,,,,,,,,,,,,,,,,,,,
O=C(Nc1cc(N=[SH](=O)NC2CCNCC2)cc(C(=O)Nc2ccc3c(c2)CNC3)c1)OCc1ccccc1,Z0490a,openbind_xx01zvns2b_c1_scaffolds,Z2262a,Z3060a,,,,,,,,,,,,,,,,,,,,,,,,,,,,,,,,,,,,,,,,,,,,,,,,,,,,,,,,,,,
O=C(Nc1ccc2c(c1)CNC2)C1CC(F)CC2C3COCC3CC12,Z0490a,openbind_xx01zvns2b_c1_scaffolds,Z2262a,Z5020a,,,,,,,,,,,,,,,,,,,,,,,,,,,,,,,,,,,,,,,,,,,,,,,,,,,,,,,,,,,
Cc1ccc(NC(=O)c2cc(Cl)cc(C(N)C(F)F)c2)cc1-c1nnn[nH]1,Z0490a,openbind_xx01zvns2b_c1_scaffolds,Z1682a,Z2992a,,,,,,,,,,,,,,,,,,,,,,,,,,,,,,,,,,,,,,,,,,,,,,,,,,,,,,,,,,,
Cc1ccc(NC(=O)C2CC(Cl)CC(CN)C23CNC(F)C(C)C3)cc1-c1nnn[nH]1,Z0490a,openbind_xx01zvns2b_c1_scaffolds,Z0227a,Z2992a,,,,,,,,,,,,,,,,,,,,,,,,,,,,,,,,,,,,,,,,,,,,,,,,,,,,,,,,,,,
Cc1nc(C2CCCNC2)[nH]c1C(O)(O)NCc1cnc2nnccn12,Z0490a,openbind_xx01zvns2b_c1_scaffolds,Z1716a,Z2992a,,,,,,,,,,,,,,,,,,,,,,,,,,,,,,,,,,,,,,,,,,,,,,,,,,,,,,,,,,,
CNNc1c(CN)cc(Cl)cc1C(O)(CC(=O)O)NC1CC2CNCC2C(c2nnn[nH]2)C1,Z0490a,openbind_xx01zvns2b_c1_scaffolds,Z2992a,Z3495a,,,,,,,,,,,,,,,,,,,,,,,,,,,,,,,,,,,,,,,,,,,,,,,,,,,,,,,,,,,
CN(C)C(=O)CC(Cc1ccc(Cl)c(F)c1C(=O)Nc1ccc2c(c1)CNC2)C1CCNCC1,Z0490a,openbind_xx01zvns2b_c1_scaffolds,Z2992a,Z3553a,,,,,,,,,,,,,,,,,,,,,,,,,,,,,,,,,,,,,,,,,,,,,,,,,,,,,,,,,,,
CNCC1NCCCC1(C(N)=O)c1ccc(F)cc1C(=O)Nc1ccc(F)cc1N1CCCC1=O,Z0490a,openbind_xx01zvns2b_c1_scaffolds,Z2992a,Z3815a,Z3833a,,,,,,,,,,,,,,,,,,,,,,,,,,,,,,,,,,,,,,,,,,,,,,,,,,,,,,,,,,
O=C(Nc1ccc2c(c1)CNC2)c1cc(Cl)cc2c1NC1(CCNCC1)C1(CCCN1)C2,Z0490a,openbind_xx01zvns2b_c1_scaffolds,Z2992a,Z4017a,,,,,,,,,,,,,,,,,,,,,,,,,,,,,,,,,,,,,,,,,,,,,,,,,,,,,,,,,,,
COn1ncc2c(C(C#N)Nc3ccc4c(c3)CNC4)cc(Cl)cc21,Z0490a,openbind_xx01zvns2b_c1_scaffolds,Z2992a,Z4132a,,,,,,,,,,,,,,,,,,,,,,,,,,,,,,,,,,,,,,,,,,,,,,,,,,,,,,,,,,,
CC1CC(C(=O)Nc2ccc3c(c2)CNC3)C2CNC3(CCN(C)CC3)C2O1,Z0490a,openbind_xx01zvns2b_c1_scaffolds,Z2992a,Z4134a,,,,,,,,,,,,,,,,,,,,,,,,,,,,,,,,,,,,,,,,,,,,,,,,,,,,,,,,,,,
CC(C(=O)Nc1ccc2c(c1)CNC2)C(CCCC(C)(F)F)C1(C(N)=O)CCCNC1,Z0490a,openbind_xx01zvns2b_c1_scaffolds,Z0425a,Z3021a,,,,,,,,,,,,,,,,,,,,,,,,,,,,,,,,,,,,,,,,,,,,,,,,,,,,,,,,,,,
CN1NC2(CCOC2)c2c(C(=O)Nc3ccc4c(c3)CNC4)cc(F)c(Cl)c21,Z0490a,openbind_xx01zvns2b_c1_scaffolds,Z0719a,Z3021a,,,,,,,,,,,,,,,,,,,,,,,,,,,,,,,,,,,,,,,,,,,,,,,,,,,,,,,,,,,
Cc1cc(C(F)(F)F)n(N(C)CC2CCOC2)c1C1(NCl)CCCNC1,Z0490a,openbind_xx01zvns2b_c1_scaffolds,Z0990a,Z3021a,,,,,,,,,,,,,,,,,,,,,,,,,,,,,,,,,,,,,,,,,,,,,,,,,,,,,,,,,,,
Cc1c(Cl)c(C(N)=O)c(-c2cn(CCC(C)CN)c(C)n2)c2cccc(C(=O)OCc3ccccc3)c12,Z0490a,openbind_xx01zvns2b_c1_scaffolds,Z1713a,Z3021a,,,,,,,,,,,,,,,,,,,,,,,,,,,,,,,,,,,,,,,,,,,,,,,,,,,,,,,,,,,
CC(=O)NC(Cc1cnn(C[NH3+])c1)C(=O)N1CCC2CCC3(CCCC13)C(CC(C)C)C2,Z0490a,openbind_xx01zvns2b_c1_scaffolds,Z1729a,Z3021a,,,,,,,,,,,,,,,,,,,,,,,,,,,,,,,,,,,,,,,,,,,,,,,,,,,,,,,,,,,
CC1NCC2CC(NC(=O)c3cc(Cl)cc4c3C(C)(OCCCO)C(OCOCc3ccccc3)N4)CCC21,Z0490a,openbind_xx01zvns2b_c1_scaffolds,Z1731a,Z3021a,,,,,,,,,,,,,,,,,,,,,,,,,,,,,,,,,,,,,,,,,,,,,,,,,,,,,,,,,,,
N#Cn1ncc2c(C(O)(C#N)Nc3ccc4c(c3)CNC4)cc(Cl)cc21,Z0490a,openbind_xx01zvns2b_c1_scaffolds,Z2217a,Z3021a,,,,,,,,,,,,,,,,,,,,,,,,,,,,,,,,,,,,,,,,,,,,,,,,,,,,,,,,,,,
CC(=O)NC1CCC2CC3C(C(=O)Cc4cccc5c4OC(C)(C)C5)CCCC3C2C1,Z0490a,openbind_xx01zvns2b_c1_scaffolds,Z3021a,Z3441a,,,,,,,,,,,,,,,,,,,,,,,,,,,,,,,,,,,,,,,,,,,,,,,,,,,,,,,,,,,
CNCn1ncc2c(C(O)(C#N)Nc3ccc4c(c3)CNC4)cc(Cl)cc21,Z0490a,openbind_xx01zvns2b_c1_scaffolds,Z3021a,Z3452a,,,,,,,,,,,,,,,,,,,,,,,,,,,,,,,,,,,,,,,,,,,,,,,,,,,,,,,,,,,
Cc1cc(F)c2c(CN3CCC(C4=CN=NC4=O)CC3)c(F)[nH]c2c1C(Nc1ccc2c(c1)CNC2)C(=O)NCC(F)F,Z0490a,openbind_xx01zvns2b_c1_scaffolds,Z3021a,Z3466a,Z3469a,Z3487a,,,,,,,,,,,,,,,,,,,,,,,,,,,,,,,,,,,,,,,,,,,,,,,,,,,,,,,,,
CC(NC(C)(C)CO)c1cc(Cl)cc(C(Nc2cnc3c(c2)CNC3)C(=O)NCC(F)F)c1,Z0490a,openbind_xx01zvns2b_c1_scaffolds,Z3021a,Z3486a,,,,,,,,,,,,,,,,,,,,,,,,,,,,,,,,,,,,,,,,,,,,,,,,,,,,,,,,,,,
COCc1cc(-c2ccccc2C(=O)NC2CNC3(CCNC3)C2)cc(=O)[nH]1,Z0490a,openbind_xx01zvns2b_c1_scaffolds,Z3021a,Z3527a,,,,,,,,,,,,,,,,,,,,,,,,,,,,,,,,,,,,,,,,,,,,,,,,,,,,,,,,,,,
Cc1cc(C(=O)Nc2ccc3c(c2)CNC3)c2c(c1)C1(CCNC1)NN2CC(=O)O,Z0490a,openbind_xx01zvns2b_c1_scaffolds,Z3021a,Z3685a,,,,,,,,,,,,,,,,,,,,,,,,,,,,,,,,,,,,,,,,,,,,,,,,,,,,,,,,,,,
Cc1cc(Cl)c2cccc(NC(=O)CCc3cc(C(C)(O)O)cc(C4(C)CCNCC4)c3)c2n1,Z0490a,openbind_xx01zvns2b_c1_scaffolds,Z3021a,Z3689a,,,,,,,,,,,,,,,,,,,,,,,,,,,,,,,,,,,,,,,,,,,,,,,,,,,,,,,,,,,
COc1cc(-c2c(C)cccc2C(=O)Nc2cn(N)c(C)c2C)ccn1,Z0490a,openbind_xx01zvns2b_c1_scaffolds,Z3021a,Z3706a,,,,,,,,,,,,,,,,,,,,,,,,,,,,,,,,,,,,,,,,,,,,,,,,,,,,,,,,,,,
CNCn1ncc2c(C(C#N)C(=O)c3ccc4c(c3)CN(F)C4)cc(Cl)cc21,Z0490a,openbind_xx01zvns2b_c1_scaffolds,Z3021a,Z3720a,,,,,,,,,,,,,,,,,,,,,,,,,,,,,,,,,,,,,,,,,,,,,,,,,,,,,,,,,,,
CC(=O)NCC1(c2ccc3c(c2)CNC3)NC2C(F)(F)CCC23CCC(C)N3C1=O,Z0490a,openbind_xx01zvns2b_c1_scaffolds,Z3021a,Z3743a,,,,,,,,,,,,,,,,,,,,,,,,,,,,,,,,,,,,,,,,,,,,,,,,,,,,,,,,,,,
O=C(NC1CNC2(CCNC2=O)C1)c1cccc2c1C(F)(F)CN2,Z0490a,openbind_xx01zvns2b_c1_scaffolds,Z3021a,Z3808a,Z3826a,,,,,,,,,,,,,,,,,,,,,,,,,,,,,,,,,,,,,,,,,,,,,,,,,,,,,,,,,,
COc1cc(-c2ccccc2C(=O)NC2CC3(CCCNC3)N(C)C2C)ccn1,Z0490a,openbind_xx01zvns2b_c1_scaffolds,Z3021a,Z3808b,,,,,,,,,,,,,,,,,,,,,,,,,,,,,,,,,,,,,,,,,,,,,,,,,,,,,,,,,,,
CCCCc1cc(-c2cc(F)cc(C(=O)C(=O)N3CC4CNC(C)C4C3)c2NCC)c[nH]1,Z0490a,openbind_xx01zvns2b_c1_scaffolds,Z3021a,Z3833a,,,,,,,,,,,,,,,,,,,,,,,,,,,,,,,,,,,,,,,,,,,,,,,,,,,,,,,,,,,
CS(=O)(=O)c1ccc(N2CCNCC2)cc1NC(=O)c1cccc2c(C#N)c[nH]c12,Z0490a,openbind_xx01zvns2b_c1_scaffolds,Z3021a,Z4117a,,,,,,,,,,,,,,,,,,,,,,,,,,,,,,,,,,,,,,,,,,,,,,,,,,,,,,,,,,,
NN1Cc2ccc(NC(=O)c3cc(Cl)cc(N(C=O)C(=O)CCc4ccccc4)n3)cc2C1,Z0490a,openbind_xx01zvns2b_c1_scaffolds,Z3021a,Z4120a,,,,,,,,,,,,,,,,,,,,,,,,,,,,,,,,,,,,,,,,,,,,,,,,,,,,,,,,,,,
O=C1CCN(c2ccccn2)C(C(=O)Nc2cnc3c(c2)CNC3)C1,Z0490a,openbind_xx01zvns2b_c1_scaffolds,Z3021a,Z4164a,,,,,,,,,,,,,,,,,,,,,,,,,,,,,,,,,,,,,,,,,,,,,,,,,,,,,,,,,,,
CC(C)NC(=O)C(Nc1ccc2c(c1)CNC2)c1cc(Cl)cc2nn(C(C)CN)cc12,Z0490a,openbind_xx01zvns2b_c1_scaffolds,Z3021a,Z4179a,,,,,,,,,,,,,,,,,,,,,,,,,,,,,,,,,,,,,,,,,,,,,,,,,,,,,,,,,,,
Cc1ccc(-c2nc3cc(F)cc(C(=O)Nc4ccc5c(c4)CNC5)c3[nH]2)cc1,Z0490a,openbind_xx01zvns2b_c1_scaffolds,Z3021a,Z4966a,,,,,,,,,,,,,,,,,,,,,,,,,,,,,,,,,,,,,,,,,,,,,,,,,,,,,,,,,,,
Cc1nc2c(N(C=O)C(=O)C3CCC([NH3+])C(C)C3)cccc2c(CO)c1C,Z0490a,openbind_xx01zvns2b_c1_scaffolds,Z3021a,Z4983a,,,,,,,,,,,,,,,,,,,,,,,,,,,,,,,,,,,,,,,,,,,,,,,,,,,,,,,,,,,
Cc1c(CN2CCCC2)nc2c(C(=O)NC3CCC4CNCC4C3)cccn12,Z0490a,openbind_xx01zvns2b_c1_scaffolds,Z3021a,Z5197a,,,,,,,,,,,,,,,,,,,,,,,,,,,,,,,,,,,,,,,,,,,,,,,,,,,,,,,,,,,
Cn1cc(C(F)(F)Oc2cnn3c2CNCC3)nc1C1CCCNC1,Z0490a,openbind_xx01zvns2b_c1_scaffolds,Z1682a,Z3024a,Z3792a,,,,,,,,,,,,,,,,,,,,,,,,,,,,,,,,,,,,,,,,,,,,,,,,,,,,,,,,,,
CNc1nccc2cc(Cl)cc(C(Nc3ccc4c(c3)CNC4)C(=O)NCC3CCOCC3)c12,Z0490a,openbind_xx01zvns2b_c1_scaffolds,Z0472a,Z3024a,Z3465a,,,,,,,,,,,,,,,,,,,,,,,,,,,,,,,,,,,,,,,,,,,,,,,,,,,,,,,,,,
CCC(C)NC(=O)C(Nc1ccc2c(c1)CNC2)c1cc(Cl)cc2[nH]ncc12,Z0490a,openbind_xx01zvns2b_c1_scaffolds,Z0827a,Z3024a,,,,,,,,,,,,,,,,,,,,,,,,,,,,,,,,,,,,,,,,,,,,,,,,,,,,,,,,,,,
CC1CCC2(Cc3cccc(C(=O)Nc4ccc5c(c4)CNC5)c3NC2=O)N1,Z0490a,openbind_xx01zvns2b_c1_scaffolds,Z1237a,Z3024a,,,,,,,,,,,,,,,,,,,,,,,,,,,,,,,,,,,,,,,,,,,,,,,,,,,,,,,,,,,
CC(C)NC(=O)C(O)(Nc1ccc2c(c1)CNC2)c1cc(Cl)cc2[nH][n+]([O-])cc12,Z0490a,openbind_xx01zvns2b_c1_scaffolds,Z1745a,Z1753a,Z2135a,Z2217a,Z3024a,,,,,,,,,,,,,,,,,,,,,,,,,,,,,,,,,,,,,,,,,,,,,,,,,,,,,,,,
Cc1ccc(S(=O)(=O)CNC(=O)C(O)(NC2CC3=C(CNC3)C3(C2)NNNN3)c2cc(Cl)c(CN)c3[nH]ncc23)cc1,Z0490a,openbind_xx01zvns2b_c1_scaffolds,Z2126a,Z3024a,,,,,,,,,,,,,,,,,,,,,,,,,,,,,,,,,,,,,,,,,,,,,,,,,,,,,,,,,,,
CC(C)NC(=O)C(O)(Nc1ccc2c(c1)CNC2)c1cc(Cl)cc2nn(CC3CCNCC3)cc12,Z0490a,openbind_xx01zvns2b_c1_scaffolds,Z3024a,Z3546a,Z3696a,,,,,,,,,,,,,,,,,,,,,,,,,,,,,,,,,,,,,,,,,,,,,,,,,,,,,,,,,,
CC1NCC2C3CC(C#N)CCCC4(C(O3)OC2N1)C(O)N4C1CN(C)C2(CCNC2)C1,Z0490a,openbind_xx01zvns2b_c1_scaffolds,Z3024a,Z3559a,,,,,,,,,,,,,,,,,,,,,,,,,,,,,,,,,,,,,,,,,,,,,,,,,,,,,,,,,,,
CNCc1ccc(N2Nc3cc4c(cc3C(NC(C)=O)C2=O)CNC4C)c2ncccc12,Z0490a,openbind_xx01zvns2b_c1_scaffolds,Z3024a,Z3808a,,,,,,,,,,,,,,,,,,,,,,,,,,,,,,,,,,,,,,,,,,,,,,,,,,,,,,,,,,,
Cc1nc2c(C(=O)C(=O)N3CCC4(CCNC4)C3)cccc2c2cn[nH]c12,Z0490a,openbind_xx01zvns2b_c1_scaffolds,Z3024a,Z4019a,,,,,,,,,,,,,,,,,,,,,,,,,,,,,,,,,,,,,,,,,,,,,,,,,,,,,,,,,,,
C=CC(CNC)Cc1cccc(OC)c1,Z0490a,openbind_xx01zvns2b_c1_scaffolds,Z1682a,Z3028a,,,,,,,,,,,,,,,,,,,,,,,,,,,,,,,,,,,,,,,,,,,,,,,,,,,,,,,,,,,
CN(C)C(=O)COC1CCC(Br)C(F)(C(Nc2ccc3c(c2)CNC3)C(=O)NCC(F)F)C12CNCN2,Z0490a,openbind_xx01zvns2b_c1_scaffolds,Z0553a,Z0673a,Z0719a,Z0800a,Z1320a,Z1667a,Z1674a,Z1743a,Z3028a,Z3699a,Z3817a,,,,,,,,,,,,,,,,,,,,,,,,,,,,,,,,,,,,,,,,,,,,,,,,,,
CC(C)N=C(c1cc(Cl)cc2n[nH]cc12)N(C(=O)NCC(F)F)c1ccc2c(c1)CNCCO2,Z0490a,openbind_xx01zvns2b_c1_scaffolds,Z1274a,Z3028a,,,,,,,,,,,,,,,,,,,,,,,,,,,,,,,,,,,,,,,,,,,,,,,,,,,,,,,,,,,
COOCOCCc1[nH]ccc1CC1CCCC(C)(C(=O)NC2CN(C)C3(CCNC3)C2)C1,Z0490a,openbind_xx01zvns2b_c1_scaffolds,Z1664a,Z3028a,,,,,,,,,,,,,,,,,,,,,,,,,,,,,,,,,,,,,,,,,,,,,,,,,,,,,,,,,,,
CNCc1ccc2c3c(c(Cl)cnc13)CN(c1cnn3c1CNCC3)C2=O,Z0490a,openbind_xx01zvns2b_c1_scaffolds,Z1750a,Z3028a,,,,,,,,,,,,,,,,,,,,,,,,,,,,,,,,,,,,,,,,,,,,,,,,,,,,,,,,,,,
CCC(Nc1ccnc(CCCCC(=O)Nc2cc(N3CCNCC3)ccc2S(C)(=O)=O)c1)OC,Z0490a,openbind_xx01zvns2b_c1_scaffolds,Z1752a,Z3028a,,,,,,,,,,,,,,,,,,,,,,,,,,,,,,,,,,,,,,,,,,,,,,,,,,,,,,,,,,,
CN(Cc1ccc2c(C(=O)NC3CN(C)C4(CCNC4)C3)cccc2n1)C1CCOCC1,Z0490a,openbind_xx01zvns2b_c1_scaffolds,Z1837a,Z1838a,Z3028a,,,,,,,,,,,,,,,,,,,,,,,,,,,,,,,,,,,,,,,,,,,,,,,,,,,,,,,,,,
C=Cc1cc(C(=O)Nc2cc(N)ccc2C)c(C)n1C,Z0490a,openbind_xx01zvns2b_c1_scaffolds,Z2094a,Z3028a,,,,,,,,,,,,,,,,,,,,,,,,,,,,,,,,,,,,,,,,,,,,,,,,,,,,,,,,,,,
CNC(=O)C(O)(NC1CC2=CCOCC2OC2OCC(=O)C2C1)c1cc(Cl)cc2[nH]ncc12,Z0490a,openbind_xx01zvns2b_c1_scaffolds,Z3028a,Z3452a,,,,,,,,,,,,,,,,,,,,,,,,,,,,,,,,,,,,,,,,,,,,,,,,,,,,,,,,,,,
CNCn1ccc2c(C(=O)Nc3ccc4c(c3)CN(C)C4C)cc(Br)cc21,Z0490a,openbind_xx01zvns2b_c1_scaffolds,Z3028a,Z3546a,,,,,,,,,,,,,,,,,,,,,,,,,,,,,,,,,,,,,,,,,,,,,,,,,,,,,,,,,,,
CCNn1ccc2c(C(=O)Nc3ccc4c(c3)CNC4)cc(Br)cc21,Z0490a,openbind_xx01zvns2b_c1_scaffolds,Z3028a,Z3743a,,,,,,,,,,,,,,,,,,,,,,,,,,,,,,,,,,,,,,,,,,,,,,,,,,,,,,,,,,,
Cc1cc(COC(C)C)c2cccc(C(=O)C(=O)N3CC(C)C(CN)C3)c2n1,Z0490a,openbind_xx01zvns2b_c1_scaffolds,Z0490a,Z3059a,,,,,,,,,,,,,,,,,,,,,,,,,,,,,,,,,,,,,,,,,,,,,,,,,,,,,,,,,,,
CCC(C)Nc1cc(CNS)cc(C(=O)Nc2ccc3c(c2)CNC3)c1,Z0490a,openbind_xx01zvns2b_c1_scaffolds,Z1667a,Z3059a,,,,,,,,,,,,,,,,,,,,,,,,,,,,,,,,,,,,,,,,,,,,,,,,,,,,,,,,,,,
CC(=O)Nc1ccc(CCNC(C)c2cn(-c3ccccc3)nn2)cc1C,Z0490a,openbind_xx01zvns2b_c1_scaffolds,Z3059a,Z3464a,,,,,,,,,,,,,,,,,,,,,,,,,,,,,,,,,,,,,,,,,,,,,,,,,,,,,,,,,,,
Cc1c(C(=O)Nc2cnn3c2CNCC3)c2ccc[nH]c-2c(OC(C)C)c1=O,Z0490a,openbind_xx01zvns2b_c1_scaffolds,Z3059a,Z3487a,,,,,,,,,,,,,,,,,,,,,,,,,,,,,,,,,,,,,,,,,,,,,,,,,,,,,,,,,,,
CNC1(OC)C(=O)CCc2cccc(C(=O)Nc3ccc4c(c3)CNC4)c21,Z0490a,openbind_xx01zvns2b_c1_scaffolds,Z3059a,Z3502a,,,,,,,,,,,,,,,,,,,,,,,,,,,,,,,,,,,,,,,,,,,,,,,,,,,,,,,,,,,
CC1CC2=C(CNC2)CC1NC(=O)c1cccc2cnncc12,Z0490a,openbind_xx01zvns2b_c1_scaffolds,Z3059a,Z3506a,Z3680a,,,,,,,,,,,,,,,,,,,,,,,,,,,,,,,,,,,,,,,,,,,,,,,,,,,,,,,,,,
NS(=O)(=Nc1ccc2c(c1)CNC2)C1CC2C(CCC2C2CCNCC2)C[SH]2CCCC12,Z0490a,openbind_xx01zvns2b_c1_scaffolds,Z3059a,Z3850a,,,,,,,,,,,,,,,,,,,,,,,,,,,,,,,,,,,,,,,,,,,,,,,,,,,,,,,,,,,
Nn1ncc2c(C(=O)Nc3ccc4c(c3)CNCCO4)cc(Cl)cc21,Z0490a,openbind_xx01zvns2b_c1_scaffolds,Z3059a,Z4066a,Z4094a,Z5020a,Z5236a,,,,,,,,,,,,,,,,,,,,,,,,,,,,,,,,,,,,,,,,,,,,,,,,,,,,,,,,
CCCNC(=O)C(CCCCc1cc(N2CCNCC2CC)ccn1)Nc1ccc2c(c1)CNC2,Z0490a,openbind_xx01zvns2b_c1_scaffolds,Z3059a,Z4138a,,,,,,,,,,,,,,,,,,,,,,,,,,,,,,,,,,,,,,,,,,,,,,,,,,,,,,,,,,,
CCCNC(=O)C(Nc1ccc2c(c1)CNC2)S1=C(N)Nc2cc(OC)ccc21,Z0490a,openbind_xx01zvns2b_c1_scaffolds,Z3059a,Z4198a,,,,,,,,,,,,,,,,,,,,,,,,,,,,,,,,,,,,,,,,,,,,,,,,,,,,,,,,,,,
O=C(Nc1ccc2c(c1)CNCCO2)c1cc(Cl)cc2[nH]ncc12,Z0490a,openbind_xx01zvns2b_c1_scaffolds,Z0844a,Z2048a,Z2971a,Z0182a,Z0227a,Z0386a,Z0687a,Z1234a,Z1398a,Z1406a,Z1713a,Z1727a,Z1750a,Z3060a,Z3647a,Z3654a,Z3665a,Z3792a,Z3803a,Z3808a,Z3813a,Z3817a,,,,,,,,,,,,,,,,,,,,,,,,,,,,,,,,,,,,,,,
NC1CCC2=NC3CCCC(F)C3CC(C(Nc3ccc4c(c3)CNC4)C(=O)NCC(F)F)CC21,Z0490a,openbind_xx01zvns2b_c1_scaffolds,Z0051a,Z3060a,,,,,,,,,,,,,,,,,,,,,,,,,,,,,,,,,,,,,,,,,,,,,,,,,,,,,,,,,,,
Cn1c2cc(Cl)cc(C(=O)Nc3ccc4c(c3)CNCCO4)c2c[n+]1[O-],Z0490a,openbind_xx01zvns2b_c1_scaffolds,Z0404a,Z3060a,,,,,,,,,,,,,,,,,,,,,,,,,,,,,,,,,,,,,,,,,,,,,,,,,,,,,,,,,,,
CNCN1CCCC(c2nc(C(O)(C=O)N3CCC(F)(c4cccnc4)C34CCCC4=O)c(Cl)s2)C1,Z0490a,openbind_xx01zvns2b_c1_scaffolds,Z0435a,Z3060a,,,,,,,,,,,,,,,,,,,,,,,,,,,,,,,,,,,,,,,,,,,,,,,,,,,,,,,,,,,
O=C(NC1CCOCC1)C(O)(Nc1ccc2c(c1)CNCCO2)c1cc(Cl)cc2[nH]ncc12,Z0490a,openbind_xx01zvns2b_c1_scaffolds,Z0455a,Z3060a,,,,,,,,,,,,,,,,,,,,,,,,,,,,,,,,,,,,,,,,,,,,,,,,,,,,,,,,,,,
C=CC1=NC=C(C2CNC2)N(C)C(C(=O)Nc2ccc3c(c2)CNC3)=C1,Z0490a,openbind_xx01zvns2b_c1_scaffolds,Z0553a,Z0773a,Z3060a,Z3677a,,,,,,,,,,,,,,,,,,,,,,,,,,,,,,,,,,,,,,,,,,,,,,,,,,,,,,,,,
Cc1cc(OCC2C(O)C(=O)CCC23CCNCCC32CCCCN2)n2ncnc2n1,Z0490a,openbind_xx01zvns2b_c1_scaffolds,Z0601a,Z3060a,,,,,,,,,,,,,,,,,,,,,,,,,,,,,,,,,,,,,,,,,,,,,,,,,,,,,,,,,,,
CC1CCC2C[SH]3CCCC3C(S(N)(=O)=Nc3ccc4c(c3)CNC4)CC12,Z0490a,openbind_xx01zvns2b_c1_scaffolds,Z0827a,Z0969a,Z3060a,,,,,,,,,,,,,,,,,,,,,,,,,,,,,,,,,,,,,,,,,,,,,,,,,,,,,,,,,,
Cc1cccc2c(C(=O)C(C=O)c3ccc4c(c3)CNC4)cc(CC(C)F)nc12,Z0490a,openbind_xx01zvns2b_c1_scaffolds,Z0951a,Z3060a,,,,,,,,,,,,,,,,,,,,,,,,,,,,,,,,,,,,,,,,,,,,,,,,,,,,,,,,,,,
CC1CC2=C3C(CN1)CC(NC(=O)C1CC(Cl)CC4NNCC41)CC3SC2,Z0490a,openbind_xx01zvns2b_c1_scaffolds,Z0951a,Z3060a,,,,,,,,,,,,,,,,,,,,,,,,,,,,,,,,,,,,,,,,,,,,,,,,,,,,,,,,,,,
CNCn1ncc2c(C(O)(Nc3cc(F)c4c(c3)CNC43CCCCC3)C(=O)NCC3CCCO3)cc(Cl)cc21,Z0490a,openbind_xx01zvns2b_c1_scaffolds,Z1451a,Z3060a,,,,,,,,,,,,,,,,,,,,,,,,,,,,,,,,,,,,,,,,,,,,,,,,,,,,,,,,,,,
O=C(NC1CCNc2cccnc21)c1ccncc1F,Z0490a,openbind_xx01zvns2b_c1_scaffolds,Z1664a,Z3060a,,,,,,,,,,,,,,,,,,,,,,,,,,,,,,,,,,,,,,,,,,,,,,,,,,,,,,,,,,,
Cn1cc(C(F)(F)F)nc1C1(N)CCCNC1,Z0490a,openbind_xx01zvns2b_c1_scaffolds,Z1715a,Z3060a,,,,,,,,,,,,,,,,,,,,,,,,,,,,,,,,,,,,,,,,,,,,,,,,,,,,,,,,,,,
O=C(NCC(F)F)C(NCc1ccccn1)(Nc1ccc2c(c1)CNCCO2)c1cc(Cl)cc2[nH]ncc12,Z0490a,openbind_xx01zvns2b_c1_scaffolds,Z1719a,Z3060a,,,,,,,,,,,,,,,,,,,,,,,,,,,,,,,,,,,,,,,,,,,,,,,,,,,,,,,,,,,
CNc1c[nH]c(CN(C)C(=O)C(=O)c2cccc3c(CO)c(C)c(C)c(OCCCO)c23)c1,Z0490a,openbind_xx01zvns2b_c1_scaffolds,Z1753a,Z1838a,Z2135a,Z2235a,Z3028a,Z3060a,Z3394a,Z3432a,Z3452a,Z3464a,Z3506a,Z3546a,Z3685a,Z3711a,Z3729a,Z3733a,Z3743a,Z3746a,Z3758a,Z3767a,Z3815a,Z3819a,Z3856a,,,,,,,,,,,,,,,,,,,,,,,,,,,,,,,,,,,,,,
Cc1cc(Cl)cc(C(=NCC(=O)O)N(C(=O)NCC(F)F)C2CC3=C(CNC3)CC2C)c1,Z0490a,openbind_xx01zvns2b_c1_scaffolds,Z3060a,Z3515a,Z3519a,,,,,,,,,,,,,,,,,,,,,,,,,,,,,,,,,,,,,,,,,,,,,,,,,,,,,,,,,,
CC(Oc1cc(C(Nc2ccc3c(c2)CNC3)C(=O)NCC(F)F)ccc1C#N)C(N)=O,Z0490a,openbind_xx01zvns2b_c1_scaffolds,Z3060a,Z3691a,,,,,,,,,,,,,,,,,,,,,,,,,,,,,,,,,,,,,,,,,,,,,,,,,,,,,,,,,,,
NCn1cc2c(C(=O)Nc3ccc4c(c3)CNC4)cc(F)cc2n1,Z0490a,openbind_xx01zvns2b_c1_scaffolds,Z3060a,Z4039a,,,,,,,,,,,,,,,,,,,,,,,,,,,,,,,,,,,,,,,,,,,,,,,,,,,,,,,,,,,
O=C(Nc1ccccn1)c1[nH]c(C2CCCNC2)nc1Cc1ccc(O)c(CNc2nc3ccccc3[nH]2)c1,Z0490a,openbind_xx01zvns2b_c1_scaffolds,Z3060a,Z4131a,,,,,,,,,,,,,,,,,,,,,,,,,,,,,,,,,,,,,,,,,,,,,,,,,,,,,,,,,,,
Cc1cncc(C(F)F)c1NC(O)(C(=O)NCC(F)F)c1ccc2c(c1)N=C1C=NC=C12,Z0490a,openbind_xx01zvns2b_c1_scaffolds,Z3060a,Z4983a,,,,,,,,,,,,,,,,,,,,,,,,,,,,,,,,,,,,,,,,,,,,,,,,,,,,,,,,,,,
O=C(Nc1ccc2c(c1)CNC2)C1CC(F)CCC2(CNCC2CN2CCC(n3cn[nH]c3=O)CC2)C1,Z0490a,openbind_xx01zvns2b_c1_scaffolds,Z3060a,Z5082a,,,,,,,,,,,,,,,,,,,,,,,,,,,,,,,,,,,,,,,,,,,,,,,,,,,,,,,,,,,
NC1CC(C(=O)Nc2cnn3c2CNCC3)C2CCCC3CCCC1C32,Z0490a,openbind_xx01zvns2b_c1_scaffolds,Z3060a,Z5197a,,,,,,,,,,,,,,,,,,,,,,,,,,,,,,,,,,,,,,,,,,,,,,,,,,,,,,,,,,,
CCC1(C)CC2(CN1C(O)(Nc1ccc3c(c1)CNC3)C(=O)NCC(F)F)CC(F)(F)C2,Z0490a,openbind_xx01zvns2b_c1_scaffolds,Z1333a,Z3093a,,,,,,,,,,,,,,,,,,,,,,,,,,,,,,,,,,,,,,,,,,,,,,,,,,,,,,,,,,,
CNCn1cc2c(C(=O)Nc3ccc4c(c3)CNC4)cc(F)cc2n1,Z0490a,openbind_xx01zvns2b_c1_scaffolds,Z3093a,Z3463a,Z3685a,Z3689a,,,,,,,,,,,,,,,,,,,,,,,,,,,,,,,,,,,,,,,,,,,,,,,,,,,,,,,,,
CC1CC2(NC(CC(=O)c3cc(Cl)cc4c(NC(C)(C)CO)n(O)cc34)CS2)C(CC(=O)O)N1,Z0490a,openbind_xx01zvns2b_c1_scaffolds,Z3093a,Z3464a,,,,,,,,,,,,,,,,,,,,,,,,,,,,,,,,,,,,,,,,,,,,,,,,,,,,,,,,,,,
C=CC(CC)C(C(Nc1ccc2c(c1)CNC2)C(=O)NC(C)C)N(C)NCc1ccccc1,Z0490a,openbind_xx01zvns2b_c1_scaffolds,Z3093a,Z3476a,Z3546a,,,,,,,,,,,,,,,,,,,,,,,,,,,,,,,,,,,,,,,,,,,,,,,,,,,,,,,,,,
O=C(Nc1ccc2c(c1)CNC2)c1cc(F)cc2c1cnn2NC1CCC1,Z0490a,openbind_xx01zvns2b_c1_scaffolds,Z3093a,Z3556a,,,,,,,,,,,,,,,,,,,,,,,,,,,,,,,,,,,,,,,,,,,,,,,,,,,,,,,,,,,
COn1nc2cc(F)cc(C(=O)Nc3ccc4c(c3)CNC4)c2n1,Z0490a,openbind_xx01zvns2b_c1_scaffolds,Z3093a,Z3858a,,,,,,,,,,,,,,,,,,,,,,,,,,,,,,,,,,,,,,,,,,,,,,,,,,,,,,,,,,,
CNc1nc(NC(C)C)cc2cccc(C(=O)Nc3ccc4c(c3)CNC4)c12,Z0490a,openbind_xx01zvns2b_c1_scaffolds,Z3093a,Z4047a,,,,,,,,,,,,,,,,,,,,,,,,,,,,,,,,,,,,,,,,,,,,,,,,,,,,,,,,,,,
NCc1ccc(NNN)c(C(O)(O)Nc2ccc3c(c2)CNC3)c1,Z0490a,openbind_xx01zvns2b_c1_scaffolds,Z3093a,Z4120a,,,,,,,,,,,,,,,,,,,,,,,,,,,,,,,,,,,,,,,,,,,,,,,,,,,,,,,,,,,
Cc1cn2cc(Cl)cc(C(O)(NC3CCC4CNCC4C3)C(=O)NC(C)C)c2n1,Z0490a,openbind_xx01zvns2b_c1_scaffolds,Z3093a,Z4161a,,,,,,,,,,,,,,,,,,,,,,,,,,,,,,,,,,,,,,,,,,,,,,,,,,,,,,,,,,,
COn1nnc2cc(F)cc(C(=O)Nc3ccc4c(c3)CNC4)c21,Z0490a,openbind_xx01zvns2b_c1_scaffolds,Z3093a,Z4245a,,,,,,,,,,,,,,,,,,,,,,,,,,,,,,,,,,,,,,,,,,,,,,,,,,,,,,,,,,,
Nn1nc2cc(F)cc(C(=O)Nc3ccc4c(c3)CNC4)c2n1,Z0490a,openbind_xx01zvns2b_c1_scaffolds,Z3093a,Z4886a,,,,,,,,,,,,,,,,,,,,,,,,,,,,,,,,,,,,,,,,,,,,,,,,,,,,,,,,,,,
O=C(Nc1ccc2c(c1)CNC2)c1cc(F)cc2[nH]nnc12,Z0490a,openbind_xx01zvns2b_c1_scaffolds,Z3093a,Z5348a,,,,,,,,,,,,,,,,,,,,,,,,,,,,,,,,,,,,,,,,,,,,,,,,,,,,,,,,,,,
Cc1cc(C(=O)C(C=O)c2ccc3c(c2)CNC3CC(=O)O)c2cccc(C)c2n1,Z0490a,openbind_xx01zvns2b_c1_scaffolds,Z1271a,Z3094a,,,,,,,,,,,,,,,,,,,,,,,,,,,,,,,,,,,,,,,,,,,,,,,,,,,,,,,,,,,
CC(NCCN=C1Nc2ccc(C(=O)Nc3ccc4c(c3)CNC4)cc2C1C1CCNCC1)c1cn(-c2ccccc2)nn1,Z0490a,openbind_xx01zvns2b_c1_scaffolds,Z1291a,Z3094a,,,,,,,,,,,,,,,,,,,,,,,,,,,,,,,,,,,,,,,,,,,,,,,,,,,,,,,,,,,
N#Cn1nnc2c(C(=O)Nc3ccc4c(c3)CNC4)cc(F)cc21,Z0490a,openbind_xx01zvns2b_c1_scaffolds,Z1664a,Z3094a,,,,,,,,,,,,,,,,,,,,,,,,,,,,,,,,,,,,,,,,,,,,,,,,,,,,,,,,,,,
CNCn1nnc2c(C(=O)Nc3cc(Br)c4c(c3)CNC4)cc(F)cc21,Z0490a,openbind_xx01zvns2b_c1_scaffolds,Z2992a,Z3094a,,,,,,,,,,,,,,,,,,,,,,,,,,,,,,,,,,,,,,,,,,,,,,,,,,,,,,,,,,,
CN(C)Cn1nc2cc(F)cc(C(=O)Nc3ccc4c(c3)CNC4)c2n1,Z0490a,openbind_xx01zvns2b_c1_scaffolds,Z3094a,Z3473a,Z3545a,,,,,,,,,,,,,,,,,,,,,,,,,,,,,,,,,,,,,,,,,,,,,,,,,,,,,,,,,,
Cc1cn(C(Nc2ccc3c(c2)CNC3)C(=O)NC(C)C)c2c1CNC1(CCCCC1)C2,Z0490a,openbind_xx01zvns2b_c1_scaffolds,Z3094a,Z3505a,,,,,,,,,,,,,,,,,,,,,,,,,,,,,,,,,,,,,,,,,,,,,,,,,,,,,,,,,,,
COC1CNCC2(C1)NNC1CC(F)CC3(C(=O)NC4CC5(CCOCC5)C5(CNCC5C)C4)OCCC123,Z0490a,openbind_xx01zvns2b_c1_scaffolds,Z3094a,Z3815a,Z3819a,,,,,,,,,,,,,,,,,,,,,,,,,,,,,,,,,,,,,,,,,,,,,,,,,,,,,,,,,,
CCCC1C(=O)Nn2c(cnc2C)CNC2(O)C(NCC3CCCNC3)CNC12,Z0490a,openbind_xx01zvns2b_c1_scaffolds,Z3094a,Z4198a,,,,,,,,,,,,,,,,,,,,,,,,,,,,,,,,,,,,,,,,,,,,,,,,,,,,,,,,,,,
CC(=O)Nc1cccc(C(=O)NC2CNC3(CCN(C)C3)C2)c1C(F)(F)F,Z0490a,openbind_xx01zvns2b_c1_scaffolds,Z3094a,Z4827a,,,,,,,,,,,,,,,,,,,,,,,,,,,,,,,,,,,,,,,,,,,,,,,,,,,,,,,,,,,
O=C(Nc1ccc2c(c1)CNC2)c1[nH]c(Cl)c2c1cnn2C1CNC1,Z0490a,openbind_xx01zvns2b_c1_scaffolds,Z3094a,Z5197a,Z5200a,Z5227a,Z5229a,Z5230a,Z5246a,Z5302a,,,,,,,,,,,,,,,,,,,,,,,,,,,,,,,,,,,,,,,,,,,,,,,,,,,,,
CNC(=O)C(O)(Nc1ccc2c(c1)C(=O)OC2)c1cc(Cl)cc2c1CN(C)[N+]2(C)[O-],Z0490a,openbind_xx01zvns2b_c1_scaffolds,Z0844a,Z3264a,,,,,,,,,,,,,,,,,,,,,,,,,,,,,,,,,,,,,,,,,,,,,,,,,,,,,,,,,,,
O=C1Cc2c(cccc2C(O)(O)c2[nH]cc3c4c([nH]c23)CNC4)N1,Z0490a,openbind_xx01zvns2b_c1_scaffolds,Z0051a,Z3264a,,,,,,,,,,,,,,,,,,,,,,,,,,,,,,,,,,,,,,,,,,,,,,,,,,,,,,,,,,,
Cc1[nH]c(C2CCCNC2)nc1C(=O)NC1CCCCC12CNCN2C1CNC1,Z0490a,openbind_xx01zvns2b_c1_scaffolds,Z0182a,Z3264a,,,,,,,,,,,,,,,,,,,,,,,,,,,,,,,,,,,,,,,,,,,,,,,,,,,,,,,,,,,
O=C(Nc1ccc2c(c1)CNC2)c1ccc2[nH]c(=O)n3c2c1CC3=O,Z0490a,openbind_xx01zvns2b_c1_scaffolds,Z0229a,Z3264a,,,,,,,,,,,,,,,,,,,,,,,,,,,,,,,,,,,,,,,,,,,,,,,,,,,,,,,,,,,
CC1NC2CC(Cl)C(NCc3ccc(O)c(CN(C)C)c3)C3NCC(CN4CCC(N5CNNC5=O)CC14)C23,Z0490a,openbind_xx01zvns2b_c1_scaffolds,Z0435a,Z3264a,,,,,,,,,,,,,,,,,,,,,,,,,,,,,,,,,,,,,,,,,,,,,,,,,,,,,,,,,,,
Cc1cc(COCNC(C)c2cn(-c3ccccc3)nn2)c2cccc(CC(=O)N3CCC(CN)C3)c2n1,Z0490a,openbind_xx01zvns2b_c1_scaffolds,Z0455a,Z3264a,,,,,,,,,,,,,,,,,,,,,,,,,,,,,,,,,,,,,,,,,,,,,,,,,,,,,,,,,,,
Nc1cc(C(F)(F)F)cc2c(C(=O)Nc3ccc4c(c3)CNC4)cccc12,Z0490a,openbind_xx01zvns2b_c1_scaffolds,Z0553a,Z3264a,,,,,,,,,,,,,,,,,,,,,,,,,,,,,,,,,,,,,,,,,,,,,,,,,,,,,,,,,,,
O=C1OCc2ccc(NC(C(=O)C(=O)C3CCCO3)c3cc(Cl)cc4n[nH]cc34)cc21,Z0490a,openbind_xx01zvns2b_c1_scaffolds,Z0601a,Z3264a,,,,,,,,,,,,,,,,,,,,,,,,,,,,,,,,,,,,,,,,,,,,,,,,,,,,,,,,,,,
CNC(=O)C(O)(Nc1ccc2c(c1)C(=O)OC2)c1cc(Cl)cc2c1C=N[NH+]2[O-],Z0490a,openbind_xx01zvns2b_c1_scaffolds,Z0727a,Z1674a,Z1727a,Z2057a,Z3264a,Z3439a,,,,,,,,,,,,,,,,,,,,,,,,,,,,,,,,,,,,,,,,,,,,,,,,,,,,,,,
NCC1CCC2(C1)CC1(C(=O)N3CCCCC3)OC(CN2)N1C(=O)c1ccccc1C(F)(F)F,Z0490a,openbind_xx01zvns2b_c1_scaffolds,Z0800a,Z3264a,,,,,,,,,,,,,,,,,,,,,,,,,,,,,,,,,,,,,,,,,,,,,,,,,,,,,,,,,,,
CNC(=O)C(O)(Nc1cc(C)c2c(c1)C(=O)OC2)c1cc(Cl)cc2[nH][n+]([O-])cc12,Z0490a,openbind_xx01zvns2b_c1_scaffolds,Z1265a,Z3264a,,,,,,,,,,,,,,,,,,,,,,,,,,,,,,,,,,,,,,,,,,,,,,,,,,,,,,,,,,,
C=Cc1cc(C)cc(CNO)c1,Z0490a,openbind_xx01zvns2b_c1_scaffolds,Z1271a,Z3264a,,,,,,,,,,,,,,,,,,,,,,,,,,,,,,,,,,,,,,,,,,,,,,,,,,,,,,,,,,,
CNC(=O)C(O)(NC1CCC2=C(C1)C(=O)OC2)c1cc(Cl)cc2[nH][n+]([O-])cc12,Z0490a,openbind_xx01zvns2b_c1_scaffolds,Z1716a,Z3264a,,,,,,,,,,,,,,,,,,,,,,,,,,,,,,,,,,,,,,,,,,,,,,,,,,,,,,,,,,,
CNC(=O)C(Nc1ccc2c(c1)C(=O)OC2)c1cc(Cl)cc2[nH]ncc12,Z0490a,openbind_xx01zvns2b_c1_scaffolds,Z2119a,Z3264a,,,,,,,,,,,,,,,,,,,,,,,,,,,,,,,,,,,,,,,,,,,,,,,,,,,,,,,,,,,
CNC(=O)C(O)(Nc1ccc2c(c1)C(=O)OC2)c1cc(Cl)cc2c1cnn2CN(C)C1CCOCC1,Z0490a,openbind_xx01zvns2b_c1_scaffolds,Z3093a,Z3264a,,,,,,,,,,,,,,,,,,,,,,,,,,,,,,,,,,,,,,,,,,,,,,,,,,,,,,,,,,,
CNCn1ncc2c(C(O)(Nc3cc4c(cc3F)COC4=O)C(=O)NC)cc(Cl)cc21,Z0490a,openbind_xx01zvns2b_c1_scaffolds,Z3264a,Z3486a,,,,,,,,,,,,,,,,,,,,,,,,,,,,,,,,,,,,,,,,,,,,,,,,,,,,,,,,,,,
Cc1nn(CO)c2cncc(C(=O)[N+](C)([O-])c3ccc4c(c3)CNC4)c12,Z0490a,openbind_xx01zvns2b_c1_scaffolds,Z3264a,Z3502a,,,,,,,,,,,,,,,,,,,,,,,,,,,,,,,,,,,,,,,,,,,,,,,,,,,,,,,,,,,
CNC1CCC2(CN1)NC(N)c1cccc(C(=O)Nc3cnn(C)c3)c12,Z0490a,openbind_xx01zvns2b_c1_scaffolds,Z3264a,Z3699a,Z3706a,,,,,,,,,,,,,,,,,,,,,,,,,,,,,,,,,,,,,,,,,,,,,,,,,,,,,,,,,,
Cc1cc(CO)c2cccc(C(C=O)c3ccccc3C(=O)N3CC(N)CC3c3ccncc3)c2n1,Z0490a,openbind_xx01zvns2b_c1_scaffolds,Z3264a,Z3956a,,,,,,,,,,,,,,,,,,,,,,,,,,,,,,,,,,,,,,,,,,,,,,,,,,,,,,,,,,,
COc1cc(-c2cc(NN(O)c3cc(F)cc4nc(N)ccc34)cc3c2CNC3)ccn1,Z0490a,openbind_xx01zvns2b_c1_scaffolds,Z0051a,Z3394a,,,,,,,,,,,,,,,,,,,,,,,,,,,,,,,,,,,,,,,,,,,,,,,,,,,,,,,,,,,
CCC1NCc2cc(NC(=O)c3cc(F)cc4nc(C(F)(F)F)[nH]c34)ccc21,Z0490a,openbind_xx01zvns2b_c1_scaffolds,Z0559a,Z3394a,,,,,,,,,,,,,,,,,,,,,,,,,,,,,,,,,,,,,,,,,,,,,,,,,,,,,,,,,,,
CNCc1c(C)nc2c3c(c(Cl)cc2c1N)N(c1ccc(N2CCCC2=O)c(F)c1)CN3,Z0490a,openbind_xx01zvns2b_c1_scaffolds,Z0693a,Z3394a,,,,,,,,,,,,,,,,,,,,,,,,,,,,,,,,,,,,,,,,,,,,,,,,,,,,,,,,,,,
CCc1c(C(O)(Nc2ccc3c(c2)CNC3)C(=O)NCC(F)F)cc(Br)c2c1OCC(=O)N2,Z0490a,openbind_xx01zvns2b_c1_scaffolds,Z0951a,Z3394a,,,,,,,,,,,,,,,,,,,,,,,,,,,,,,,,,,,,,,,,,,,,,,,,,,,,,,,,,,,
CN1OC(C(=O)C(=O)c2[nH]c(Cl)c3c2CC(O)(NNC(C)(C)CO)N3)CC12CCNCCO2,Z0490a,openbind_xx01zvns2b_c1_scaffolds,Z0951a,Z3394a,,,,,,,,,,,,,,,,,,,,,,,,,,,,,,,,,,,,,,,,,,,,,,,,,,,,,,,,,,,
CNCC1(CC2CNCC23CCC(Cl)CC(C(=O)Nc2ccc4c(c2)CNC4)C3)CCC(n2cn[nH]c2=O)CC1,Z0490a,openbind_xx01zvns2b_c1_scaffolds,Z0969b,Z1743a,Z3394a,Z3432a,,,,,,,,,,,,,,,,,,,,,,,,,,,,,,,,,,,,,,,,,,,,,,,,,,,,,,,,,
Cc1cc(C(=O)Nc2ccc3c(c2)CNC3)c2c3c1CNCN3NC2,Z0490a,openbind_xx01zvns2b_c1_scaffolds,Z1098a,Z3394a,,,,,,,,,,,,,,,,,,,,,,,,,,,,,,,,,,,,,,,,,,,,,,,,,,,,,,,,,,,
CNCC1CN(C(C)CN)Cc2ccsc21,Z0490a,openbind_xx01zvns2b_c1_scaffolds,Z1745a,Z3394a,Z3646a,,,,,,,,,,,,,,,,,,,,,,,,,,,,,,,,,,,,,,,,,,,,,,,,,,,,,,,,,,
CC(=O)NC(CCCN)C1(O)NC2CCCC3CCCN(N1)C32,Z0490a,openbind_xx01zvns2b_c1_scaffolds,Z3024a,Z3394a,,,,,,,,,,,,,,,,,,,,,,,,,,,,,,,,,,,,,,,,,,,,,,,,,,,,,,,,,,,
CNCCCNC(F)CC(S)C(=O)Nc1ccc2c(c1)CNC2,Z0490a,openbind_xx01zvns2b_c1_scaffolds,Z3394a,Z4169a,,,,,,,,,,,,,,,,,,,,,,,,,,,,,,,,,,,,,,,,,,,,,,,,,,,,,,,,,,,
N#Cc1cc2c(cc1OC(F)(F)Oc1cc(F)cc3c(N)ccnc13)CNC2,Z0490a,openbind_xx01zvns2b_c1_scaffolds,Z3394a,Z4963a,,,,,,,,,,,,,,,,,,,,,,,,,,,,,,,,,,,,,,,,,,,,,,,,,,,,,,,,,,,
CS(=O)(=O)C1NCCC12CC1(CCN2)CSCN1C(Nc1ccc2c(c1)CNC2)C(=O)NCC1CCCO1,Z0490a,openbind_xx01zvns2b_c1_scaffolds,Z0386a,Z3397a,,,,,,,,,,,,,,,,,,,,,,,,,,,,,,,,,,,,,,,,,,,,,,,,,,,,,,,,,,,
Cn1ncc2c(C(=O)Nc3ccc4c(c3)CNC4)cc3scnc3c21,Z0490a,openbind_xx01zvns2b_c1_scaffolds,Z0465a,Z0472a,Z3397a,,,,,,,,,,,,,,,,,,,,,,,,,,,,,,,,,,,,,,,,,,,,,,,,,,,,,,,,,,
CCC(C)Nc1cc(SCCc2cccc(CN)c2)[nH]c1C(=O)C(=O)C1CCNC2(CCNC2)C1,Z0490a,openbind_xx01zvns2b_c1_scaffolds,Z3397a,Z3527a,,,,,,,,,,,,,,,,,,,,,,,,,,,,,,,,,,,,,,,,,,,,,,,,,,,,,,,,,,,
COn1cc2c(C(=O)Nc3ccc4c(c3)CNC4)cc(N)cc2n1,Z0490a,openbind_xx01zvns2b_c1_scaffolds,Z3397a,Z3817a,,,,,,,,,,,,,,,,,,,,,,,,,,,,,,,,,,,,,,,,,,,,,,,,,,,,,,,,,,,
CNCN1CCCC2C(C(=O)N3CCC4CNCCN4C4CNC(S(C)(=O)=O)C43)CCCC21,Z0490a,openbind_xx01zvns2b_c1_scaffolds,Z3397a,Z3833a,,,,,,,,,,,,,,,,,,,,,,,,,,,,,,,,,,,,,,,,,,,,,,,,,,,,,,,,,,,
Cc1cc(CO)c2cccc(CC(=O)N3CCC4CNCCN4c4ccc(S(C)(=O)=O)cc43)c2n1,Z0490a,openbind_xx01zvns2b_c1_scaffolds,Z3397a,Z4019a,,,,,,,,,,,,,,,,,,,,,,,,,,,,,,,,,,,,,,,,,,,,,,,,,,,,,,,,,,,
O=C(NC1CCC2CNCC2C1)c1cc(Cl)c2ncn(C(=O)OCc3ccccc3)c2c1,Z0490a,openbind_xx01zvns2b_c1_scaffolds,Z3397a,Z4120a,,,,,,,,,,,,,,,,,,,,,,,,,,,,,,,,,,,,,,,,,,,,,,,,,,,,,,,,,,,
COCn1cc2c(C(=O)Nc3ccc4c(c3)CNC4)cncc2n1,Z0490a,openbind_xx01zvns2b_c1_scaffolds,Z3397a,Z4168a,,,,,,,,,,,,,,,,,,,,,,,,,,,,,,,,,,,,,,,,,,,,,,,,,,,,,,,,,,,
COc1cc(-c2ccccc2C(=O)N(C(=O)NCC(F)F)C2CN(C)C3(CCNC3)C2)ccn1,Z0490a,openbind_xx01zvns2b_c1_scaffolds,Z3397a,Z4971a,,,,,,,,,,,,,,,,,,,,,,,,,,,,,,,,,,,,,,,,,,,,,,,,,,,,,,,,,,,
CCOC(=O)c1cnc2c(C#N)cccc2c1NC(=O)C1CCNCC1,Z0490a,openbind_xx01zvns2b_c1_scaffolds,Z3397a,Z5061a,,,,,,,,,,,,,,,,,,,,,,,,,,,,,,,,,,,,,,,,,,,,,,,,,,,,,,,,,,,
CC(C)NC(=O)C(O)(Nc1ccc2c(c1)CNC2)c1cn(Cl)cc2nncc1-2,Z0490a,openbind_xx01zvns2b_c1_scaffolds,Z3397a,Z5067a,,,,,,,,,,,,,,,,,,,,,,,,,,,,,,,,,,,,,,,,,,,,,,,,,,,,,,,,,,,
COc1ccc2c3c(nc(C)cc13)C(C(=O)C(=O)C1CCNC3(CCNC3)C1)=C2,Z0490a,openbind_xx01zvns2b_c1_scaffolds,Z3397a,Z5136a,,,,,,,,,,,,,,,,,,,,,,,,,,,,,,,,,,,,,,,,,,,,,,,,,,,,,,,,,,,
CC1C(NC(=O)c2cc(Cl)cc3c2cnn3C2CNC2)CC(N)CC12CCN(C)CC2,Z0490a,openbind_xx01zvns2b_c1_scaffolds,Z3397a,Z5139a,,,,,,,,,,,,,,,,,,,,,,,,,,,,,,,,,,,,,,,,,,,,,,,,,,,,,,,,,,,
O=C(Nc1ccc2c(c1)CNC2)c1cn(Br)cc2n[n+]([O-])cc1-2,Z0490a,openbind_xx01zvns2b_c1_scaffolds,Z3397a,Z5230a,,,,,,,,,,,,,,,,,,,,,,,,,,,,,,,,,,,,,,,,,,,,,,,,,,,,,,,,,,,
CN(CC1CCOC1)c1nc(CCNc2ccc(CNc3nc4ccccc4[nH]3)c(O)c2)ncc1Cl,Z0490a,openbind_xx01zvns2b_c1_scaffolds,Z0472a,Z3400a,,,,,,,,,,,,,,,,,,,,,,,,,,,,,,,,,,,,,,,,,,,,,,,,,,,,,,,,,,,
CNC1C2C(C(=O)Nc3ccc4c(c3)CNC4)CCCC2C(O)C2CCNCN21,Z0490a,openbind_xx01zvns2b_c1_scaffolds,Z3400a,Z3432a,,,,,,,,,,,,,,,,,,,,,,,,,,,,,,,,,,,,,,,,,,,,,,,,,,,,,,,,,,,
NC1=CC2=NC3CCCC(O)(NO)C3N2N=C1,Z0490a,openbind_xx01zvns2b_c1_scaffolds,Z3400a,Z3515a,,,,,,,,,,,,,,,,,,,,,,,,,,,,,,,,,,,,,,,,,,,,,,,,,,,,,,,,,,,
CCNn1ncc2c(C(=O)Nc3ccc4c(c3)CNC4)cncc21,Z0490a,openbind_xx01zvns2b_c1_scaffolds,Z3400a,Z3527a,,,,,,,,,,,,,,,,,,,,,,,,,,,,,,,,,,,,,,,,,,,,,,,,,,,,,,,,,,,
N#CC(=O)Nc1ccc2c(c1)CNC2,Z0490a,openbind_xx01zvns2b_c1_scaffolds,Z0844a,Z3432a,,,,,,,,,,,,,,,,,,,,,,,,,,,,,,,,,,,,,,,,,,,,,,,,,,,,,,,,,,,
NCC1CCC(CC(NC(=O)C2CCCCC23CNCC3CN)C(=O)N2CCCCC2)C2(CCNC2)C1,Z0490a,openbind_xx01zvns2b_c1_scaffolds,Z0229a,Z3432a,,,,,,,,,,,,,,,,,,,,,,,,,,,,,,,,,,,,,,,,,,,,,,,,,,,,,,,,,,,
Cc1nc2n(c1C(O)(O)NCc1cnc3nc(-c4ccc(CCC(N)=O)cc4)ncn13)CCC1CCNCC21,Z0490a,openbind_xx01zvns2b_c1_scaffolds,Z0425a,Z3432a,,,,,,,,,,,,,,,,,,,,,,,,,,,,,,,,,,,,,,,,,,,,,,,,,,,,,,,,,,,
COC1CC2(CCN1)NC(N)Sc1cccc(C(=O)NC3CN(C)C4(CCNC4)C3)c12,Z0490a,openbind_xx01zvns2b_c1_scaffolds,Z0553a,Z1398a,Z1664a,Z1743a,Z3059a,Z3394a,Z3432a,,,,,,,,,,,,,,,,,,,,,,,,,,,,,,,,,,,,,,,,,,,,,,,,,,,,,,
O=C(CC1=C(CCO)C(=O)N=N1)Nc1ccc2c(c1)CNC2,Z0490a,openbind_xx01zvns2b_c1_scaffolds,Z0827a,Z3432a,,,,,,,,,,,,,,,,,,,,,,,,,,,,,,,,,,,,,,,,,,,,,,,,,,,,,,,,,,,
Nc1cc2cc(C(=O)Nc3ccc4c(c3)CNC4)cc(F)c2[nH]1,Z0490a,openbind_xx01zvns2b_c1_scaffolds,Z1274a,Z1406a,Z3432a,Z3729a,,,,,,,,,,,,,,,,,,,,,,,,,,,,,,,,,,,,,,,,,,,,,,,,,,,,,,,,,
CCc1ncc(C(C#N)(Nc2ccc3c(c2)CNC3)C(=O)NCC(F)F)c2cc(Cl)ccc12,Z0490a,openbind_xx01zvns2b_c1_scaffolds,Z1674a,Z3432a,,,,,,,,,,,,,,,,,,,,,,,,,,,,,,,,,,,,,,,,,,,,,,,,,,,,,,,,,,,
NC#Cc1n[nH]c2ccccc12,Z0490a,openbind_xx01zvns2b_c1_scaffolds,Z3432a,Z4164a,,,,,,,,,,,,,,,,,,,,,,,,,,,,,,,,,,,,,,,,,,,,,,,,,,,,,,,,,,,
Cc1cc(C(=O)C(=O)c2ccc3c(c2)CNC3)c2cnn(C)c2n1,Z0490a,openbind_xx01zvns2b_c1_scaffolds,Z3432a,Z4200a,,,,,,,,,,,,,,,,,,,,,,,,,,,,,,,,,,,,,,,,,,,,,,,,,,,,,,,,,,,
COCC(=Nc1nncn1C1CCN(Cc2c[nH]c3ccccc23)CC1)Nc1cccc(NC(C)=O)c1,Z0490a,openbind_xx01zvns2b_c1_scaffolds,Z0490a,Z3440a,,,,,,,,,,,,,,,,,,,,,,,,,,,,,,,,,,,,,,,,,,,,,,,,,,,,,,,,,,,
CC(NCN1CC(n2ncc3c(C(=O)Nc4ccc(C5CNC5)cc4)cc(Cl)cc32)C1)c1cn(-c2ccccc2)nn1,Z0490a,openbind_xx01zvns2b_c1_scaffolds,Z0687a,Z3440a,,,,,,,,,,,,,,,,,,,,,,,,,,,,,,,,,,,,,,,,,,,,,,,,,,,,,,,,,,,
CN=C1CCC1C1CCNCC1NCC1COCC1N=CNc1ccc2c(c1)CNC2,Z0490a,openbind_xx01zvns2b_c1_scaffolds,Z0827a,Z3440a,,,,,,,,,,,,,,,,,,,,,,,,,,,,,,,,,,,,,,,,,,,,,,,,,,,,,,,,,,,
Cc1ccn2c(CNC(=O)c3[nH]c(C4CCCNC4)nc3C)c(N)nc2c1,Z0490a,openbind_xx01zvns2b_c1_scaffolds,Z0951a,Z3440a,,,,,,,,,,,,,,,,,,,,,,,,,,,,,,,,,,,,,,,,,,,,,,,,,,,,,,,,,,,
O=C(NCc1cccnc1)C(O)(Nc1ccc2c(c1)CNC2)c1cc(Cl)cc2c1c[nH][n+]2[O-],Z0490a,openbind_xx01zvns2b_c1_scaffolds,Z1237a,Z3440a,,,,,,,,,,,,,,,,,,,,,,,,,,,,,,,,,,,,,,,,,,,,,,,,,,,,,,,,,,,
O=C1N=c2c(C(=O)Nc3ccc4c(c3)CNC4)cc3c(c2N1)N=CC=3,Z0490a,openbind_xx01zvns2b_c1_scaffolds,Z1664a,Z3440a,,,,,,,,,,,,,,,,,,,,,,,,,,,,,,,,,,,,,,,,,,,,,,,,,,,,,,,,,,,
CC(N)c1ccc(C(=O)C(=O)C2CC(Cl)C3CCC(OCOCc4ccccc4)CC23)cc1,Z0490a,openbind_xx01zvns2b_c1_scaffolds,Z1716a,Z3440a,,,,,,,,,,,,,,,,,,,,,,,,,,,,,,,,,,,,,,,,,,,,,,,,,,,,,,,,,,,
NCc1cccc(NC(=O)c2cc(Cl)cc(NC(=O)OCc3cccc(NC4CNC5(Cc6ccccc6NC5=O)C4)c3)c2)c1,Z0490a,openbind_xx01zvns2b_c1_scaffolds,Z1753a,Z3440a,,,,,,,,,,,,,,,,,,,,,,,,,,,,,,,,,,,,,,,,,,,,,,,,,,,,,,,,,,,
CC(C)OC1(C)C(=O)Nc2c(C#N)c(Cl)cc(C(=O)Nc3ccc4c(c3)CNC4)c21,Z0490a,openbind_xx01zvns2b_c1_scaffolds,Z0788a,Z3441a,,,,,,,,,,,,,,,,,,,,,,,,,,,,,,,,,,,,,,,,,,,,,,,,,,,,,,,,,,,
CS(=O)(=O)C1CCC2=C(CC3CNCCN23)C1N(N)C(=O)c1ccc(CN)c2ncccc12,Z0490a,openbind_xx01zvns2b_c1_scaffolds,Z0945a,Z3441a,,,,,,,,,,,,,,,,,,,,,,,,,,,,,,,,,,,,,,,,,,,,,,,,,,,,,,,,,,,
Cc1nc2n(c1C(O)(O)NCC1CNC3(CNCS3)N1)CCC1CCNCC21,Z0490a,openbind_xx01zvns2b_c1_scaffolds,Z1271a,Z3441a,,,,,,,,,,,,,,,,,,,,,,,,,,,,,,,,,,,,,,,,,,,,,,,,,,,,,,,,,,,
NC(=O)CCC1CCC2(CCc3c(cc(Br)cc3C(=O)Nc3ccc4c(c3)CNC4)C2)CC1,Z0490a,openbind_xx01zvns2b_c1_scaffolds,Z1317a,Z2126a,Z3441a,,,,,,,,,,,,,,,,,,,,,,,,,,,,,,,,,,,,,,,,,,,,,,,,,,,,,,,,,,
C=Cc1ccc2c(c1C(=O)Nc1ccc3c(c1)CNC3)NCC2C(C)(C)S(C)(=O)=O,Z0490a,openbind_xx01zvns2b_c1_scaffolds,Z1495a,Z3441a,,,,,,,,,,,,,,,,,,,,,,,,,,,,,,,,,,,,,,,,,,,,,,,,,,,,,,,,,,,
CCOC(=O)C1CNC2=C(CC(Cl)CC2CN)C1,Z0490a,openbind_xx01zvns2b_c1_scaffolds,Z1715a,Z2992a,Z3441a,Z3480a,Z3485a,Z3647a,,,,,,,,,,,,,,,,,,,,,,,,,,,,,,,,,,,,,,,,,,,,,,,,,,,,,,,
Cc1c(CC(C)C(=O)Nc2ccc3c(c2)CNC3)ccc(CNNCC(=O)O)c1CCN,Z0490a,openbind_xx01zvns2b_c1_scaffolds,Z1743a,Z3441a,,,,,,,,,,,,,,,,,,,,,,,,,,,,,,,,,,,,,,,,,,,,,,,,,,,,,,,,,,,
COC1NC(N2CCNC3(CCCCN3)C2)NC2COC3CC(=O)CNC3CC2O1,Z0490a,openbind_xx01zvns2b_c1_scaffolds,Z1750a,Z3441a,,,,,,,,,,,,,,,,,,,,,,,,,,,,,,,,,,,,,,,,,,,,,,,,,,,,,,,,,,,
Cc1cc2c(C(=O)Nc3ccc4c(c3)CNC4)ccc3ncn1c32,Z0490a,openbind_xx01zvns2b_c1_scaffolds,Z1837a,Z3441a,,,,,,,,,,,,,,,,,,,,,,,,,,,,,,,,,,,,,,,,,,,,,,,,,,,,,,,,,,,
CC1C(n2ncc3c(C(=O)CC4CC(CN(C)C)C(O)CC45CCCC5=O)cc(Cl)cc32)CN1CO,Z0490a,openbind_xx01zvns2b_c1_scaffolds,Z2135a,Z3441a,,,,,,,,,,,,,,,,,,,,,,,,,,,,,,,,,,,,,,,,,,,,,,,,,,,,,,,,,,,
Nn1cnc2c(C(Nc3ccc4c(c3)CNC4)C(F)(F)F)cccc21,Z0490a,openbind_xx01zvns2b_c1_scaffolds,Z3441a,Z3673a,,,,,,,,,,,,,,,,,,,,,,,,,,,,,,,,,,,,,,,,,,,,,,,,,,,,,,,,,,,
CC(C)N1CCCC(c2nc(C(F)(F)Oc3ccc4c(c3)CNC4)cn2C)C1,Z0490a,openbind_xx01zvns2b_c1_scaffolds,Z3441a,Z3774a,,,,,,,,,,,,,,,,,,,,,,,,,,,,,,,,,,,,,,,,,,,,,,,,,,,,,,,,,,,
CC(N)c1ccc(NC(=NCCc2ccc(O)c(CNc3nc4ccccc4[nH]3)c2)c2cc(Cl)cc(NC(=O)OCc3ccccc3)c2)cc1,Z0490a,openbind_xx01zvns2b_c1_scaffolds,Z3441a,Z4114a,,,,,,,,,,,,,,,,,,,,,,,,,,,,,,,,,,,,,,,,,,,,,,,,,,,,,,,,,,,
Cc1ccc(C(=O)C(=O)c2ccc3c(c2)CNC3)c2ncn(C)c12,Z0490a,openbind_xx01zvns2b_c1_scaffolds,Z3441a,Z4161a,,,,,,,,,,,,,,,,,,,,,,,,,,,,,,,,,,,,,,,,,,,,,,,,,,,,,,,,,,,
COC1(C)c2c(cc(F)c(Cc3ccc4c(c3)CNC4)c2NO)C(N)CC1C,Z0490a,openbind_xx01zvns2b_c1_scaffolds,Z3441a,Z4849a,,,,,,,,,,,,,,,,,,,,,,,,,,,,,,,,,,,,,,,,,,,,,,,,,,,,,,,,,,,
NC1NCc2ccc(NC(=O)c3cc(Cl)cc4c3ncn4N)cc21,Z0490a,openbind_xx01zvns2b_c1_scaffolds,Z3441a,Z4886a,,,,,,,,,,,,,,,,,,,,,,,,,,,,,,,,,,,,,,,,,,,,,,,,,,,,,,,,,,,
CCc1cc(C(=O)Nc2ccc3c(c2)CNC3)c2ncn(C)c2c1,Z0490a,openbind_xx01zvns2b_c1_scaffolds,Z3441a,Z5197a,,,,,,,,,,,,,,,,,,,,,,,,,,,,,,,,,,,,,,,,,,,,,,,,,,,,,,,,,,,
COc1cncc(-c2cc(C#N)ccc2C(=O)NC2CN(C)C3(CCNC3)C2)c1,Z0490a,openbind_xx01zvns2b_c1_scaffolds,Z0229a,Z0709a,Z0772a,Z0819a,Z0875a,Z0884a,Z3452a,Z3477a,,,,,,,,,,,,,,,,,,,,,,,,,,,,,,,,,,,,,,,,,,,,,,,,,,,,,
CC1CCC2(CC13CCCCC31NCCS1)NCc1cnccc1NC2=O,Z0490a,openbind_xx01zvns2b_c1_scaffolds,Z0429a,Z3452a,,,,,,,,,,,,,,,,,,,,,,,,,,,,,,,,,,,,,,,,,,,,,,,,,,,,,,,,,,,
O=C(NCC1CCCO1)C(NC1CC2=C(CNC2)C2(CCOCC2)C1)c1cc(Cl)cc2[nH]ncc12,Z0490a,openbind_xx01zvns2b_c1_scaffolds,Z0465a,Z3452a,,,,,,,,,,,,,,,,,,,,,,,,,,,,,,,,,,,,,,,,,,,,,,,,,,,,,,,,,,,
c1nc2ccc(Cc3ccc4c(c3)CNC4)cc2s1,Z0490a,openbind_xx01zvns2b_c1_scaffolds,Z0472a,Z3452a,,,,,,,,,,,,,,,,,,,,,,,,,,,,,,,,,,,,,,,,,,,,,,,,,,,,,,,,,,,
O=C(Nc1ccc2c(c1)CNC2)c1cc(Cl)nc2c1ccn2NC1CNC1,Z0490a,openbind_xx01zvns2b_c1_scaffolds,Z0827a,Z3452a,,,,,,,,,,,,,,,,,,,,,,,,,,,,,,,,,,,,,,,,,,,,,,,,,,,,,,,,,,,
CCC(C)CCCCCC1CNCN1c1ccc2c(c1)CNC2,Z0490a,openbind_xx01zvns2b_c1_scaffolds,Z0904a,Z1046b,Z1390a,Z1731a,Z3452a,,,,,,,,,,,,,,,,,,,,,,,,,,,,,,,,,,,,,,,,,,,,,,,,,,,,,,,,
NC1CC(C(Nc2ccc3c(c2)CNC3)C(=O)NC2CCOCC2)N2CNC3CCCC1C32,Z0490a,openbind_xx01zvns2b_c1_scaffolds,Z0917a,Z3452a,,,,,,,,,,,,,,,,,,,,,,,,,,,,,,,,,,,,,,,,,,,,,,,,,,,,,,,,,,,
O=C(Nc1ccc2c(c1)CNC2)c1cccc2c1N=C[NH+]2[O-],Z0490a,openbind_xx01zvns2b_c1_scaffolds,Z1046b,Z3452a,,,,,,,,,,,,,,,,,,,,,,,,,,,,,,,,,,,,,,,,,,,,,,,,,,,,,,,,,,,
CCN=C1N=c2cc(Cl)cc(C(O)(Nc3ccc4c(c3)CNC4)C(=O)NCC(F)F)c2=N1,Z0490a,openbind_xx01zvns2b_c1_scaffolds,Z1320a,Z1681a,Z3452a,,,,,,,,,,,,,,,,,,,,,,,,,,,,,,,,,,,,,,,,,,,,,,,,,,,,,,,,,,
CC(Cc1cc(CO)c2cc(F)cc(C(=O)C(=O)C3CCC(N(C)C)CC3)c2n1)S(C)(=O)=O,Z0490a,openbind_xx01zvns2b_c1_scaffolds,Z1674a,Z1713a,Z3452a,,,,,,,,,,,,,,,,,,,,,,,,,,,,,,,,,,,,,,,,,,,,,,,,,,,,,,,,,,
CC1c2cnccc2C(=O)NC12C(O)CCC(C(Nc1ccc3c(c1)CNC3)C(=O)NCCCF)C2C,Z0490a,openbind_xx01zvns2b_c1_scaffolds,Z1715a,Z2094a,Z2135a,Z2439a,Z3452a,Z3473a,Z3476a,Z3519a,Z3622a,,,,,,,,,,,,,,,,,,,,,,,,,,,,,,,,,,,,,,,,,,,,,,,,,,,,
CCCC1NCCn2c1cc1c(C(=O)Nc3ccc4c(c3)CNC4)cc(OC)nc12,Z0490a,openbind_xx01zvns2b_c1_scaffolds,Z1743a,Z3452a,,,,,,,,,,,,,,,,,,,,,,,,,,,,,,,,,,,,,,,,,,,,,,,,,,,,,,,,,,,
O=C(Nc1ccc2c(c1)CNC2)c1cc(Cl)cc2nc(CC3CCNCC3)[nH]c12,Z0490a,openbind_xx01zvns2b_c1_scaffolds,Z1745a,Z3021a,Z3452a,,,,,,,,,,,,,,,,,,,,,,,,,,,,,,,,,,,,,,,,,,,,,,,,,,,,,,,,,,
NCc1cccc(NC(=O)c2cccc3ncn(CCN4CCCC4)c23)c1,Z0490a,openbind_xx01zvns2b_c1_scaffolds,Z1750a,Z3024a,Z3452a,,,,,,,,,,,,,,,,,,,,,,,,,,,,,,,,,,,,,,,,,,,,,,,,,,,,,,,,,,
Cc1cc2c(c(C(=O)Nc3ccc4c(c3)CNC4)c1)N(CC(=O)O)C1(CCNCC1)C2,Z0490a,openbind_xx01zvns2b_c1_scaffolds,Z1752a,Z3093a,Z3452a,,,,,,,,,,,,,,,,,,,,,,,,,,,,,,,,,,,,,,,,,,,,,,,,,,,,,,,,,,
Cc1ccncc1-c1cc(OCF)c2c(C(=O)NC3CNC4(CCNC4)C3)cccc2n1,Z0490a,openbind_xx01zvns2b_c1_scaffolds,Z1753a,Z3452a,,,,,,,,,,,,,,,,,,,,,,,,,,,,,,,,,,,,,,,,,,,,,,,,,,,,,,,,,,,
CS(=O)(=O)C1NCC2C1N(C(=O)c1cccc3ncccc13)CCC1CNCCN12,Z0490a,openbind_xx01zvns2b_c1_scaffolds,Z1838a,Z3452a,,,,,,,,,,,,,,,,,,,,,,,,,,,,,,,,,,,,,,,,,,,,,,,,,,,,,,,,,,,
CNCn1cnc2c(C(=O)Nc3cc4c(c5c3OC(C)(C)C5)CNC4)cc(Cl)cc21,Z0490a,openbind_xx01zvns2b_c1_scaffolds,Z2057a,Z3452a,,,,,,,,,,,,,,,,,,,,,,,,,,,,,,,,,,,,,,,,,,,,,,,,,,,,,,,,,,,
CNCn1cnc2c(C(=O)Nc3cc(F)c4c(c3)CNC4)cc(Cl)cc21,Z0490a,openbind_xx01zvns2b_c1_scaffolds,Z2126a,Z3452a,,,,,,,,,,,,,,,,,,,,,,,,,,,,,,,,,,,,,,,,,,,,,,,,,,,,,,,,,,,
CC1=Cc2csc3cc(C(=O)Nc4ccc5c(c4)CNC5)cc1c23,Z0490a,openbind_xx01zvns2b_c1_scaffolds,Z2992a,Z3452a,,,,,,,,,,,,,,,,,,,,,,,,,,,,,,,,,,,,,,,,,,,,,,,,,,,,,,,,,,,
COCCOn1c(C)c2nc(C)cc(C(=O)Nc3ccc4c(c3)CNC4)c2c1C,Z0490a,openbind_xx01zvns2b_c1_scaffolds,Z3060a,Z3452a,,,,,,,,,,,,,,,,,,,,,,,,,,,,,,,,,,,,,,,,,,,,,,,,,,,,,,,,,,,
N#CC1CNC2COCC3NCCC132,Z0490a,openbind_xx01zvns2b_c1_scaffolds,Z3264a,Z3452a,,,,,,,,,,,,,,,,,,,,,,,,,,,,,,,,,,,,,,,,,,,,,,,,,,,,,,,,,,,
CN(C)Cc1nc(CNc2cc(Cl)cnc2C2(CNC(C)(C)CO)CCCC2)cs1,Z0490a,openbind_xx01zvns2b_c1_scaffolds,Z3452a,Z3729a,Z3898a,Z4089a,Z4125a,Z4954a,Z4959a,Z4959b,Z4963a,Z4978a,Z5017a,Z5029a,Z5061a,Z5229a,,,,,,,,,,,,,,,,,,,,,,,,,,,,,,,,,,,,,,,,,,,,,,,
CCC1(c2ccc(Cl)cc2C(=O)N(C(=O)NCC(F)F)C2CN(C)C3(CCNC3)C2)CCC(OC)NC1,Z0490a,openbind_xx01zvns2b_c1_scaffolds,Z3452a,Z4872a,,,,,,,,,,,,,,,,,,,,,,,,,,,,,,,,,,,,,,,,,,,,,,,,,,,,,,,,,,,
CC12CCCc3c(C(=O)Nc4ccc5c(c4)CNC5)ccc(c31)NC2=O,Z0490a,openbind_xx01zvns2b_c1_scaffolds,Z3452a,Z5139a,,,,,,,,,,,,,,,,,,,,,,,,,,,,,,,,,,,,,,,,,,,,,,,,,,,,,,,,,,,
CC1(CN)C(=O)Nc2c(Cl)cc(C(=O)Nc3ccc4c(c3)CNC4)cc21,Z0490a,openbind_xx01zvns2b_c1_scaffolds,Z2992a,Z3463a,,,,,,,,,,,,,,,,,,,,,,,,,,,,,,,,,,,,,,,,,,,,,,,,,,,,,,,,,,,
Cc1cc2c(cc1C(=O)C(=O)c1cc(Cl)cc(N3NC(C)(CO)CC3=O)n1)CNC2,Z0490a,openbind_xx01zvns2b_c1_scaffolds,Z3463a,Z4131a,,,,,,,,,,,,,,,,,,,,,,,,,,,,,,,,,,,,,,,,,,,,,,,,,,,,,,,,,,,
O=C(Nc1ccc2c(c1)CNC2)c1cccc2cc(CC3(O)CCCC3)nn12,Z0490a,openbind_xx01zvns2b_c1_scaffolds,Z3463a,Z4179a,,,,,,,,,,,,,,,,,,,,,,,,,,,,,,,,,,,,,,,,,,,,,,,,,,,,,,,,,,,
CN(C(=O)C(Nc1ccc2c(c1)C(=O)OC2)c1cc(Cl)cc2[nH]ncc12)C(F)F,Z0490a,openbind_xx01zvns2b_c1_scaffolds,Z3463a,Z4469a,,,,,,,,,,,,,,,,,,,,,,,,,,,,,,,,,,,,,,,,,,,,,,,,,,,,,,,,,,,
Cc1nc2c(C(=O)C(=O)C3CC4(CCNC4)C3)cccc2c(CO)c1C,Z0490a,openbind_xx01zvns2b_c1_scaffolds,Z3463a,Z4855a,,,,,,,,,,,,,,,,,,,,,,,,,,,,,,,,,,,,,,,,,,,,,,,,,,,,,,,,,,,
CCCNC(=O)C(O)(Nc1ccc2c(c1)CNC2)C1CC(Cl)CN2CN3CC12CNN3,Z0490a,openbind_xx01zvns2b_c1_scaffolds,Z3463a,Z4887a,,,,,,,,,,,,,,,,,,,,,,,,,,,,,,,,,,,,,,,,,,,,,,,,,,,,,,,,,,,
O=C(Nc1c(Br)cc(C(=O)Nc2ccc3c(c2)CNC3)c2ccccc12)c1ccncc1F,Z0490a,openbind_xx01zvns2b_c1_scaffolds,Z3463a,Z4590a,,,,,,,,,,,,,,,,,,,,,,,,,,,,,,,,,,,,,,,,,,,,,,,,,,,,,,,,,,,
Cn1cc(NC(=O)c2cccn3c(N)nnc23)cn1,Z0490a,openbind_xx01zvns2b_c1_scaffolds,Z3463a,Z4978a,Z5011a,,,,,,,,,,,,,,,,,,,,,,,,,,,,,,,,,,,,,,,,,,,,,,,,,,,,,,,,,,
CCCC(NC(=O)C(Cc1ccc2c(c1)CNC2C)NC(C)=O)c1cc(NNC)cc(C)n1,Z0490a,openbind_xx01zvns2b_c1_scaffolds,Z3463a,Z4983a,,,,,,,,,,,,,,,,,,,,,,,,,,,,,,,,,,,,,,,,,,,,,,,,,,,,,,,,,,,
Cc1nc2c(C(=O)C(=O)C3CCNC4(CCNC4)C3)cc(F)cc2c2cocc12,Z0490a,openbind_xx01zvns2b_c1_scaffolds,Z3463a,Z5029a,,,,,,,,,,,,,,,,,,,,,,,,,,,,,,,,,,,,,,,,,,,,,,,,,,,,,,,,,,,
CC(=O)NC(C(=O)Nc1[nH]c(SCN)cc1NC(C)CCCO)c1cccc2c1CNC2,Z0490a,openbind_xx01zvns2b_c1_scaffolds,Z3463a,Z5197a,,,,,,,,,,,,,,,,,,,,,,,,,,,,,,,,,,,,,,,,,,,,,,,,,,,,,,,,,,,
COC1CCC2(CCNc3cccc(C(=O)Nc4cc(N5CCNCC5)ccc4S(C)(=O)=O)c32)N1,Z0490a,openbind_xx01zvns2b_c1_scaffolds,Z1682a,Z3464a,,,,,,,,,,,,,,,,,,,,,,,,,,,,,,,,,,,,,,,,,,,,,,,,,,,,,,,,,,,
CC1(C)Cc2cc(NC(=O)C3NC(=O)CCC34CC(O)C3(CSCN3)N4C3CNC3)ccc2O1,Z0490a,openbind_xx01zvns2b_c1_scaffolds,Z0727a,Z3464a,,,,,,,,,,,,,,,,,,,,,,,,,,,,,,,,,,,,,,,,,,,,,,,,,,,,,,,,,,,
CC(C)NC(=O)C(O)(Nc1ccc2c(c1)CNC2)c1cc(Cl)cc(NC(C)(O)F)n1,Z0490a,openbind_xx01zvns2b_c1_scaffolds,Z0969b,Z3464a,,,,,,,,,,,,,,,,,,,,,,,,,,,,,,,,,,,,,,,,,,,,,,,,,,,,,,,,,,,
CNCc1ccc2c(N)cc(C(C=O)c3cccc(C4CCN(C)CC4)c3)nc2c1Br,Z0490a,openbind_xx01zvns2b_c1_scaffolds,Z1745a,Z3464a,,,,,,,,,,,,,,,,,,,,,,,,,,,,,,,,,,,,,,,,,,,,,,,,,,,,,,,,,,,
O=C1N=c2c(C(=O)Nc3ccc4c(c3)CNC4)cc(Br)c3c2=C1C=N3,Z0490a,openbind_xx01zvns2b_c1_scaffolds,Z3059a,Z3464a,,,,,,,,,,,,,,,,,,,,,,,,,,,,,,,,,,,,,,,,,,,,,,,,,,,,,,,,,,,
NC1=c2cc(Br)cc(C(=NC(F)F)Nc3ccc4c(c3)CNC4)c2=NC1=O,Z0490a,openbind_xx01zvns2b_c1_scaffolds,Z3093a,Z3464a,,,,,,,,,,,,,,,,,,,,,,,,,,,,,,,,,,,,,,,,,,,,,,,,,,,,,,,,,,,
NCc1cc(NC(=O)c2cc(Cl)cc3c2NNC32CC(=O)C3(Cc4ccccc4)NCC32)ccc1F,Z0490a,openbind_xx01zvns2b_c1_scaffolds,Z3264a,Z3464a,,,,,,,,,,,,,,,,,,,,,,,,,,,,,,,,,,,,,,,,,,,,,,,,,,,,,,,,,,,
Cc1cc2c(C(=O)Nc3ccc4c(c3)CNC4)cc(Cl)[nH]c-2n1,Z0490a,openbind_xx01zvns2b_c1_scaffolds,Z3464a,Z3501a,,,,,,,,,,,,,,,,,,,,,,,,,,,,,,,,,,,,,,,,,,,,,,,,,,,,,,,,,,,
COCn1c(=O)[nH]c2c(C(=O)Nc3ccc4c(c3)CNC4)cc(Br)cc21,Z0490a,openbind_xx01zvns2b_c1_scaffolds,Z3464a,Z3689a,,,,,,,,,,,,,,,,,,,,,,,,,,,,,,,,,,,,,,,,,,,,,,,,,,,,,,,,,,,
CS(=O)(=O)c1cc2c(cc1NC(=O)c1cc(Br)cc3c1=NC(=O)N=3)CNC2,Z0490a,openbind_xx01zvns2b_c1_scaffolds,Z3464a,Z3746a,,,,,,,,,,,,,,,,,,,,,,,,,,,,,,,,,,,,,,,,,,,,,,,,,,,,,,,,,,,
Oc1cc(NCn2ccc3c(C4CCCNC4)cccc32)ccc1CNc1nc2ccccc2[nH]1,Z0490a,openbind_xx01zvns2b_c1_scaffolds,Z3464a,Z3767a,,,,,,,,,,,,,,,,,,,,,,,,,,,,,,,,,,,,,,,,,,,,,,,,,,,,,,,,,,,
CCC(N)n1cc(C(CN(N)F)C(=O)NC2Cc3cncn3C3(CCOCC3)C2C)cn1,Z0490a,openbind_xx01zvns2b_c1_scaffolds,Z3464a,Z4017a,,,,,,,,,,,,,,,,,,,,,,,,,,,,,,,,,,,,,,,,,,,,,,,,,,,,,,,,,,,
O=C(NCC1CCOCC1)C(O)(NC1CC2=C(CNC2)C2(CCS(=O)(=O)CC2)C1)c1cc(Cl)cc2n[nH]cc12,Z0490a,openbind_xx01zvns2b_c1_scaffolds,Z3464a,Z4094a,Z4240a,,,,,,,,,,,,,,,,,,,,,,,,,,,,,,,,,,,,,,,,,,,,,,,,,,,,,,,,,,
O=C1N=c2cc(Br)cc(C(O)(Nc3ccc4c(c3)CNC4)C(=O)NC3CCOCC3)c2=N1,Z0490a,openbind_xx01zvns2b_c1_scaffolds,Z3464a,Z4179a,,,,,,,,,,,,,,,,,,,,,,,,,,,,,,,,,,,,,,,,,,,,,,,,,,,,,,,,,,,
CNCn1ccc2c(C3CNCC4CCCCCC43)cc(Cl)cc21,Z0490a,openbind_xx01zvns2b_c1_scaffolds,Z3464a,Z4811a,,,,,,,,,,,,,,,,,,,,,,,,,,,,,,,,,,,,,,,,,,,,,,,,,,,,,,,,,,,
O=C(Nc1cc2c(cc1CNc1ccc(O)c(CNc3nc4ccccc4[nH]3)c1)CNC2)c1cccc2c(C3CNC3)[nH]nc12,Z0490a,openbind_xx01zvns2b_c1_scaffolds,Z3464a,Z4954a,,,,,,,,,,,,,,,,,,,,,,,,,,,,,,,,,,,,,,,,,,,,,,,,,,,,,,,,,,,
CC(=O)NC(CCCC[NH3+])C(=O)NC1CC(=O)C2(CCCN2)c2cccnc21,Z0490a,openbind_xx01zvns2b_c1_scaffolds,Z3464a,Z5236a,,,,,,,,,,,,,,,,,,,,,,,,,,,,,,,,,,,,,,,,,,,,,,,,,,,,,,,,,,,
Cn1cc(NC(=O)S2=C(N)Nc3cc(C(C)(C)N)ccc32)cn1,Z0490a,openbind_xx01zvns2b_c1_scaffolds,Z0227a,Z3465a,,,,,,,,,,,,,,,,,,,,,,,,,,,,,,,,,,,,,,,,,,,,,,,,,,,,,,,,,,,
O=C(O)N=C(Nc1ccc2c(c1)CNC2)c1cc(Br)cc2c1=NC(=O)N=2,Z0490a,openbind_xx01zvns2b_c1_scaffolds,Z0429a,Z3465a,,,,,,,,,,,,,,,,,,,,,,,,,,,,,,,,,,,,,,,,,,,,,,,,,,,,,,,,,,,
O=C(Nc1ccc2c(c1)CNC2)c1cc(Br)cc2c1=NC(=NC1CCNCC1)N=2,Z0490a,openbind_xx01zvns2b_c1_scaffolds,Z0800a,Z1237a,Z3465a,,,,,,,,,,,,,,,,,,,,,,,,,,,,,,,,,,,,,,,,,,,,,,,,,,,,,,,,,,
COC1CNCC2(C1)NN(C1CNC1)c1cc(Cl)cc(C(=O)Nc3cnn(C)c3)c12,Z0490a,openbind_xx01zvns2b_c1_scaffolds,Z1398a,Z1596a,Z3465a,,,,,,,,,,,,,,,,,,,,,,,,,,,,,,,,,,,,,,,,,,,,,,,,,,,,,,,,,,
Cc1cc(C(O)NO)c2cccc(C(=O)C(=O)CC3CCCC4(CCNCC4)C3)c2n1,Z0490a,openbind_xx01zvns2b_c1_scaffolds,Z1470a,Z3465a,,,,,,,,,,,,,,,,,,,,,,,,,,,,,,,,,,,,,,,,,,,,,,,,,,,,,,,,,,,
O=C(NCC(F)F)N(C(=O)c1cc(F)cc2nc(-c3ccccc3)[nH]c12)c1ccc2c(c1)CNC2,Z0490a,openbind_xx01zvns2b_c1_scaffolds,Z1731a,Z3465a,,,,,,,,,,,,,,,,,,,,,,,,,,,,,,,,,,,,,,,,,,,,,,,,,,,,,,,,,,,
CC(C)NC(=O)C(Nc1ccc2c(c1)CNC2)C1CN(C(C)CN)Cc2ccsc21,Z0490a,openbind_xx01zvns2b_c1_scaffolds,Z1753a,Z3465a,,,,,,,,,,,,,,,,,,,,,,,,,,,,,,,,,,,,,,,,,,,,,,,,,,,,,,,,,,,
CCNC(OC)c1ccnc(CCCCC(=O)Nc2cc(N3CCNCC3)c(C)cc2S(C)(=O)=O)c1,Z0490a,openbind_xx01zvns2b_c1_scaffolds,Z1837a,Z3465a,,,,,,,,,,,,,,,,,,,,,,,,,,,,,,,,,,,,,,,,,,,,,,,,,,,,,,,,,,,
Cc1cc(CO)c2cccc(C(=O)C(=O)N3CCC4(CCCCN4N)C3)c2n1,Z0490a,openbind_xx01zvns2b_c1_scaffolds,Z2057a,Z3465a,,,,,,,,,,,,,,,,,,,,,,,,,,,,,,,,,,,,,,,,,,,,,,,,,,,,,,,,,,,
CC(=O)NC(O)(Nc1ccc2c(c1)CNC2)c1cccc2nn(C)cc12,Z0490a,openbind_xx01zvns2b_c1_scaffolds,Z3465a,Z3476a,,,,,,,,,,,,,,,,,,,,,,,,,,,,,,,,,,,,,,,,,,,,,,,,,,,,,,,,,,,
COC1CC2(CCN1)CC(NC(=O)c1cc(F)cc3nn(C)cc13)CC1=C2CNC1,Z0490a,openbind_xx01zvns2b_c1_scaffolds,Z3465a,Z3803a,Z3808b,Z3815a,Z3830a,,,,,,,,,,,,,,,,,,,,,,,,,,,,,,,,,,,,,,,,,,,,,,,,,,,,,,,,
Cn1cc2c(C(=O)Nc3ccc4c(c3)CNC4)cc(F)cc2n1,Z0490a,openbind_xx01zvns2b_c1_scaffolds,Z3465a,Z4094a,Z4959b,Z4963a,Z5017a,,,,,,,,,,,,,,,,,,,,,,,,,,,,,,,,,,,,,,,,,,,,,,,,,,,,,,,,
CC1CNCCN1c1ccc(S(C)(=O)=O)c(NC(=O)c2cccc3c2CCC2(CCN(C)CC2)N3)c1,Z0490a,openbind_xx01zvns2b_c1_scaffolds,Z3465a,Z4118a,,,,,,,,,,,,,,,,,,,,,,,,,,,,,,,,,,,,,,,,,,,,,,,,,,,,,,,,,,,
CNc1nc2cccc(CC(=O)CCC3CCNCC3)c2cc1C,Z0490a,openbind_xx01zvns2b_c1_scaffolds,Z3465a,Z4849a,,,,,,,,,,,,,,,,,,,,,,,,,,,,,,,,,,,,,,,,,,,,,,,,,,,,,,,,,,,
O=c1cc2[nH]cc(Br)cc-2c(C(O)(O)Nc2cnn3c2CNCC3)c1,Z0490a,openbind_xx01zvns2b_c1_scaffolds,Z3465a,Z4966a,,,,,,,,,,,,,,,,,,,,,,,,,,,,,,,,,,,,,,,,,,,,,,,,,,,,,,,,,,,
NCC1CCC(CC(NC(=O)C2CCCCC23CCC(=O)N3)C(=O)N2CCCCC2)C2(CCNC2)C1,Z0490a,openbind_xx01zvns2b_c1_scaffolds,Z0490a,Z3466a,,,,,,,,,,,,,,,,,,,,,,,,,,,,,,,,,,,,,,,,,,,,,,,,,,,,,,,,,,,
CC(C)NC(=O)C(O)(Nc1ccc2cn(N)cc2c1)c1cc(Cl)cc2c1nc(-c1ccccc1)n2C(=O)OCc1ccccc1,Z0490a,openbind_xx01zvns2b_c1_scaffolds,Z0844a,Z3466a,,,,,,,,,,,,,,,,,,,,,,,,,,,,,,,,,,,,,,,,,,,,,,,,,,,,,,,,,,,
CNCc1c2cccc(C(=O)Nc3ccc4c(c3)CNC4)c2cn1C,Z0490a,openbind_xx01zvns2b_c1_scaffolds,Z1682a,Z0227a,Z1451a,Z3466a,,,,,,,,,,,,,,,,,,,,,,,,,,,,,,,,,,,,,,,,,,,,,,,,,,,,,,,,,
CC(=O)NC(CCCC[NH3+])C(=O)NC1CCC(C)N2C(Cl)NC3CCCC3C12,Z0490a,openbind_xx01zvns2b_c1_scaffolds,Z0422a,Z0429a,Z0773a,Z0819a,Z0852a,Z1342a,Z1390a,Z1715a,Z1752a,Z3466a,,,,,,,,,,,,,,,,,,,,,,,,,,,,,,,,,,,,,,,,,,,,,,,,,,,
CCNc1nc2c(Cl)cc(C(=O)Nc3ccc4c(c3)CNC4)c(-n3cncn3)c2[nH]1,Z0490a,openbind_xx01zvns2b_c1_scaffolds,Z0435a,Z3466a,,,,,,,,,,,,,,,,,,,,,,,,,,,,,,,,,,,,,,,,,,,,,,,,,,,,,,,,,,,
CCOC(=O)c1cn2cc(ccc3c1NCC3(F)F)CCCN2,Z0490a,openbind_xx01zvns2b_c1_scaffolds,Z0465a,Z3466a,,,,,,,,,,,,,,,,,,,,,,,,,,,,,,,,,,,,,,,,,,,,,,,,,,,,,,,,,,,
CCNCCn1cc2c(C(=O)Nc3ccc4c(c3)CNC4)ccc(NC=O)c2n1,Z0490a,openbind_xx01zvns2b_c1_scaffolds,Z0472a,Z3466a,,,,,,,,,,,,,,,,,,,,,,,,,,,,,,,,,,,,,,,,,,,,,,,,,,,,,,,,,,,
CNCc1c2cc(Cl)cc(C(=O)Nc3ccc4c(c3)CN(C)C4)c2cn1C,Z0490a,openbind_xx01zvns2b_c1_scaffolds,Z0788a,Z3466a,,,,,,,,,,,,,,,,,,,,,,,,,,,,,,,,,,,,,,,,,,,,,,,,,,,,,,,,,,,
CNC(N)(O)c1ccc2c(C#N)ccc(NC(=O)C3CCNCC3)c2n1,Z0490a,openbind_xx01zvns2b_c1_scaffolds,Z0800a,Z3466a,,,,,,,,,,,,,,,,,,,,,,,,,,,,,,,,,,,,,,,,,,,,,,,,,,,,,,,,,,,
O=C(Nc1ccc2c(c1)CNC2)c1cc(Cl)cc2nn(CC3CNC3)cc12,Z0490a,openbind_xx01zvns2b_c1_scaffolds,Z0969b,Z3466a,,,,,,,,,,,,,,,,,,,,,,,,,,,,,,,,,,,,,,,,,,,,,,,,,,,,,,,,,,,
O=C(Nc1ccc2c(c1)CNC2)c1ccc(-c2nnc3n2CCNCC3)s1,Z0490a,openbind_xx01zvns2b_c1_scaffolds,Z1265a,Z3466a,,,,,,,,,,,,,,,,,,,,,,,,,,,,,,,,,,,,,,,,,,,,,,,,,,,,,,,,,,,
O=C(Nc1ccc2c(c1)CNC2)c1cc(Cl)cc2c1C1(CCNC1)NC2C1CNC1,Z0490a,openbind_xx01zvns2b_c1_scaffolds,Z1320a,Z3466a,,,,,,,,,,,,,,,,,,,,,,,,,,,,,,,,,,,,,,,,,,,,,,,,,,,,,,,,,,,
CNCc1c2cc(F)cc(C(=O)Nc3ccc4c(c3)CNC4)c2cn1C,Z0490a,openbind_xx01zvns2b_c1_scaffolds,Z1333a,Z1398a,Z1719a,Z3466a,,,,,,,,,,,,,,,,,,,,,,,,,,,,,,,,,,,,,,,,,,,,,,,,,,,,,,,,,
CN(C(=O)C1CC(=O)C2NCCCC2C1)c1ccc2c(c1)CNC2,Z0490a,openbind_xx01zvns2b_c1_scaffolds,Z1674a,Z3466a,,,,,,,,,,,,,,,,,,,,,,,,,,,,,,,,,,,,,,,,,,,,,,,,,,,,,,,,,,,
O=C(Nc1ccc2c(c1)CNC2)n1cc(Br)cc2c3c(nc1-2)CCC3,Z0490a,openbind_xx01zvns2b_c1_scaffolds,Z1688a,Z3466a,,,,,,,,,,,,,,,,,,,,,,,,,,,,,,,,,,,,,,,,,,,,,,,,,,,,,,,,,,,
O=C(Nc1ccc2c(c1)CNC2)c1cc(Cl)cc2c1CN1COC3NCCC231,Z0490a,openbind_xx01zvns2b_c1_scaffolds,Z1745a,Z3466a,,,,,,,,,,,,,,,,,,,,,,,,,,,,,,,,,,,,,,,,,,,,,,,,,,,,,,,,,,,
COCC(=O)Nc1cc(NNCCc2csc3cc(C(=O)Nc4ccc5c(c4)CNC5)ccc23)cc(NC(C)=O)c1,Z0490a,openbind_xx01zvns2b_c1_scaffolds,Z1753a,Z3440a,Z3466a,,,,,,,,,,,,,,,,,,,,,,,,,,,,,,,,,,,,,,,,,,,,,,,,,,,,,,,,,,
CNc1ccc(-c2ccccc2C(=O)Nc2cnn(C)c2)c(CN)n1,Z0490a,openbind_xx01zvns2b_c1_scaffolds,Z1756a,Z3466a,,,,,,,,,,,,,,,,,,,,,,,,,,,,,,,,,,,,,,,,,,,,,,,,,,,,,,,,,,,
CCNc1ccc(C(O)C(NC2CCC3(CCNCC3)CC2)C(N)OC)cc1Cl,Z0490a,openbind_xx01zvns2b_c1_scaffolds,Z2057a,Z3466a,Z3815a,Z3817a,,,,,,,,,,,,,,,,,,,,,,,,,,,,,,,,,,,,,,,,,,,,,,,,,,,,,,,,,
NCc1ccc(CC(NC=Cc2cccc(O)c2NC(=O)c2ccncc2F)C(=O)N2CCCCC2)cc1,Z0490a,openbind_xx01zvns2b_c1_scaffolds,Z2126a,Z3466a,,,,,,,,,,,,,,,,,,,,,,,,,,,,,,,,,,,,,,,,,,,,,,,,,,,,,,,,,,,
O=C(Nc1ccc2c(c1)CNC2)c1cccc2c1C1(CCNCC1)NO2,Z0490a,openbind_xx01zvns2b_c1_scaffolds,Z2500a,Z3466a,,,,,,,,,,,,,,,,,,,,,,,,,,,,,,,,,,,,,,,,,,,,,,,,,,,,,,,,,,,
CC(=O)NC1CCCN(COCCCN)CC2(C3CCNCC3)CCCC2CC1=O,Z0490a,openbind_xx01zvns2b_c1_scaffolds,Z2992a,Z3466a,Z3758a,,,,,,,,,,,,,,,,,,,,,,,,,,,,,,,,,,,,,,,,,,,,,,,,,,,,,,,,,,
Nc1[nH]oc2cc(=O)cc(C(=O)Nc3ccc4c(c3)CNC4)c1-2,Z0490a,openbind_xx01zvns2b_c1_scaffolds,Z3024a,Z3466a,,,,,,,,,,,,,,,,,,,,,,,,,,,,,,,,,,,,,,,,,,,,,,,,,,,,,,,,,,,
CC(CN)c1oc2cccc(C(=O)Nc3ccc4c(c3)CNC4)c2c1N,Z0490a,openbind_xx01zvns2b_c1_scaffolds,Z3028a,Z3466a,,,,,,,,,,,,,,,,,,,,,,,,,,,,,,,,,,,,,,,,,,,,,,,,,,,,,,,,,,,
CC(CCC(C)(C)N)c1nc2cc(Cl)cc(C(=O)Nc3ccc(O)c(CN(C)C)c3)c2[nH]1,Z0490a,openbind_xx01zvns2b_c1_scaffolds,Z3060a,Z3466a,,,,,,,,,,,,,,,,,,,,,,,,,,,,,,,,,,,,,,,,,,,,,,,,,,,,,,,,,,,
CC(C)c1nc2cc(C#N)cc(C(=O)Nc3cccc(CN)c3)n2n1,Z0490a,openbind_xx01zvns2b_c1_scaffolds,Z3264a,Z3466a,Z3501a,,,,,,,,,,,,,,,,,,,,,,,,,,,,,,,,,,,,,,,,,,,,,,,,,,,,,,,,,,
NC1CCC2NC3CCCC(C3)C(C(Nc3ccc4c(n3)CNC4)C(=O)NCC(F)F)CC12,Z0490a,openbind_xx01zvns2b_c1_scaffolds,Z3400a,Z3466a,Z3495a,Z3556a,Z3711a,Z4020a,Z4025a,Z4047a,Z4125a,Z4811a,Z4996a,Z5020a,,,,,,,,,,,,,,,,,,,,,,,,,,,,,,,,,,,,,,,,,,,,,,,,,
Nc1c(C(F)(F)F)oc2cccc(C(=O)Nc3ccc4c(c3)CNC4)c12,Z0490a,openbind_xx01zvns2b_c1_scaffolds,Z3466a,Z4103a,,,,,,,,,,,,,,,,,,,,,,,,,,,,,,,,,,,,,,,,,,,,,,,,,,,,,,,,,,,
O=C(Nc1ccc2c(c1)CNC2)c1c[nH]c(=O)cc2c(CN3CCC(n4cn[nH]c4=O)CC3)cnc1-2,Z0490a,openbind_xx01zvns2b_c1_scaffolds,Z3466a,Z4164a,,,,,,,,,,,,,,,,,,,,,,,,,,,,,,,,,,,,,,,,,,,,,,,,,,,,,,,,,,,
N#Cc1cc2c(cc1NC(=O)c1cc(F)cc3onc(N)c13)CNC2,Z0490a,openbind_xx01zvns2b_c1_scaffolds,Z3466a,Z4179a,Z4245a,Z4469a,,,,,,,,,,,,,,,,,,,,,,,,,,,,,,,,,,,,,,,,,,,,,,,,,,,,,,,,,
NS(=O)(=O)c1cc(C(=O)c2cscn2)c2[nH]c(=O)sc2c1,Z0490a,openbind_xx01zvns2b_c1_scaffolds,Z3466a,Z4858a,Z5122a,,,,,,,,,,,,,,,,,,,,,,,,,,,,,,,,,,,,,,,,,,,,,,,,,,,,,,,,,,
CC1=c2cc(F)cc(C(=O)Nc3ccc4c(c3)CNC4)c2=C(NCCCO)[NH+]1[O-],Z0490a,openbind_xx01zvns2b_c1_scaffolds,Z3466a,Z4886a,,,,,,,,,,,,,,,,,,,,,,,,,,,,,,,,,,,,,,,,,,,,,,,,,,,,,,,,,,,
CNC(=O)C(Nc1ccc2c(c1)C(=O)OC2)C1CCC(C)(N)NNCCC(Cl)C1,Z0490a,openbind_xx01zvns2b_c1_scaffolds,Z3466a,Z4887a,,,,,,,,,,,,,,,,,,,,,,,,,,,,,,,,,,,,,,,,,,,,,,,,,,,,,,,,,,,
Cc1cc(Cc2cccc(C)c2C(=O)N2CCC(N)C2)c2nc(C)cc(CO)c2c1,Z0490a,openbind_xx01zvns2b_c1_scaffolds,Z3466a,Z4959a,Z4966a,Z4986a,Z5010a,Z5011a,,,,,,,,,,,,,,,,,,,,,,,,,,,,,,,,,,,,,,,,,,,,,,,,,,,,,,,
Cc1nc2cc(Cl)cc(C(=O)Nc3ccc4c(c3)CNC4)c2n1O,Z0490a,openbind_xx01zvns2b_c1_scaffolds,Z3466a,Z4983a,,,,,,,,,,,,,,,,,,,,,,,,,,,,,,,,,,,,,,,,,,,,,,,,,,,,,,,,,,,
Nc1c2c(C(=O)Nc3ccc4c(c3)CNC4=O)cccc2o[n+]1[O-],Z0490a,openbind_xx01zvns2b_c1_scaffolds,Z3466a,Z5003a,,,,,,,,,,,,,,,,,,,,,,,,,,,,,,,,,,,,,,,,,,,,,,,,,,,,,,,,,,,
NCc1[nH]c(N)c2c(C(=O)Nc3ccc4c(c3)CNC4)cc(Cl)cc12,Z0490a,openbind_xx01zvns2b_c1_scaffolds,Z3466a,Z5017a,,,,,,,,,,,,,,,,,,,,,,,,,,,,,,,,,,,,,,,,,,,,,,,,,,,,,,,,,,,
Cc1nc(C#N)c(CNC(=O)c2nc(C3CCCNC3)[nH]c2C)[nH]1,Z0490a,openbind_xx01zvns2b_c1_scaffolds,Z3466a,Z5029a,Z5084a,Z5230a,,,,,,,,,,,,,,,,,,,,,,,,,,,,,,,,,,,,,,,,,,,,,,,,,,,,,,,,,
CC(=O)NC(CCCC[NH3+])C(=O)NC1CCCC(CC(=O)N(C)C)c2cccc(F)c21,Z0490a,openbind_xx01zvns2b_c1_scaffolds,Z3466a,Z5136a,,,,,,,,,,,,,,,,,,,,,,,,,,,,,,,,,,,,,,,,,,,,,,,,,,,,,,,,,,,
Nc1noc2cc(Cl)cc(C(O)(Nc3ccc4c(c3)CNC4)C(=O)NCCCF)c12,Z0490a,openbind_xx01zvns2b_c1_scaffolds,Z3466a,Z5197a,Z5246a,,,,,,,,,,,,,,,,,,,,,,,,,,,,,,,,,,,,,,,,,,,,,,,,,,,,,,,,,,
O=C(Nc1ccc2c(c1)CNC2)c1cc(Cl)cc2c1NC1(CCNC1)N2,Z0490a,openbind_xx01zvns2b_c1_scaffolds,Z0472a,Z3469a,,,,,,,,,,,,,,,,,,,,,,,,,,,,,,,,,,,,,,,,,,,,,,,,,,,,,,,,,,,
Cn1cc2c(C(Nc3ccc4c(c3)CNC4)C(=O)NC3CCOCC3)cc(Cl)c3c2c1C=N3,Z0490a,openbind_xx01zvns2b_c1_scaffolds,Z1727a,Z3469a,,,,,,,,,,,,,,,,,,,,,,,,,,,,,,,,,,,,,,,,,,,,,,,,,,,,,,,,,,,
O=C(NC1CCOCC1)C(O)(Nc1ccc2c(c1)CNC2)c1cc2scnc2c2[nH]ncc12,Z0490a,openbind_xx01zvns2b_c1_scaffolds,Z3469a,Z3941a,,,,,,,,,,,,,,,,,,,,,,,,,,,,,,,,,,,,,,,,,,,,,,,,,,,,,,,,,,,
CCN1CCC2(CC(CC(=O)C3CC(Cl)C4NCC(C(C)(C)CO)C(O)C4C3)CCC2O)C1,Z0490a,openbind_xx01zvns2b_c1_scaffolds,Z3469a,Z4019a,,,,,,,,,,,,,,,,,,,,,,,,,,,,,,,,,,,,,,,,,,,,,,,,,,,,,,,,,,,
COCC(=O)Nc1cc(NC(C)=O)cc(C2CC(c3csc4cc(C(=O)Nc5ccc6c(c5)CNC6)ccc34)=CCN2)c1,Z0490a,openbind_xx01zvns2b_c1_scaffolds,Z0844a,Z2048a,Z0559a,Z0605a,Z0701a,Z0917a,Z1046b,Z1234a,Z1237a,Z1261a,Z1265a,Z1274a,Z1288a,Z1470a,Z1596a,Z1716a,Z3472a,,,,,,,,,,,,,,,,,,,,,,,,,,,,,,,,,,,,,,,,,,,,
N#Cc1c[nH]c2cc(C(=O)C(CC3CCC(CN)CC34CCNC4)C(=O)N3CCCCC3)ccc12,Z0490a,openbind_xx01zvns2b_c1_scaffolds,Z0819a,Z3472a,,,,,,,,,,,,,,,,,,,,,,,,,,,,,,,,,,,,,,,,,,,,,,,,,,,,,,,,,,,
CNCc1cc(OC)ncc1-c1ccc(Cl)cc1C(=O)NC1CN(C)C2(CCN(C)C2)C1,Z0490a,openbind_xx01zvns2b_c1_scaffolds,Z1713a,Z3472a,,,,,,,,,,,,,,,,,,,,,,,,,,,,,,,,,,,,,,,,,,,,,,,,,,,,,,,,,,,
CCc1ccc(Br)cc1C(Nc1ccc2c(n1)CNC2)C(=O)NCC(F)F,Z0490a,openbind_xx01zvns2b_c1_scaffolds,Z1756a,Z3472a,Z3792a,,,,,,,,,,,,,,,,,,,,,,,,,,,,,,,,,,,,,,,,,,,,,,,,,,,,,,,,,,
O=C(NCCCF)C(O)(Nc1ccc2c(c1)CNC2)c1cc(Cl)cc2[nH]c(C(F)(F)F)nc12,Z0490a,openbind_xx01zvns2b_c1_scaffolds,Z1838a,Z3472a,,,,,,,,,,,,,,,,,,,,,,,,,,,,,,,,,,,,,,,,,,,,,,,,,,,,,,,,,,,
CNCc1nc(NC)ccc1-c1ccc(Cl)cc1C(=O)NC1CN(C)C2(CCN(C)C2)C1,Z0490a,openbind_xx01zvns2b_c1_scaffolds,Z2439a,Z3465a,Z3472a,Z4072a,,,,,,,,,,,,,,,,,,,,,,,,,,,,,,,,,,,,,,,,,,,,,,,,,,,,,,,,,
CN1Cc2ncnn2-c2c(C(=O)Nc3ccc4c(c3)CNC4)cc(Cl)c(Cl)c21,Z0490a,openbind_xx01zvns2b_c1_scaffolds,Z3439a,Z3472a,,,,,,,,,,,,,,,,,,,,,,,,,,,,,,,,,,,,,,,,,,,,,,,,,,,,,,,,,,,
CC(C)NC(N)Nc1cc(Cl)cc(C(=O)Nc2ccc3c(c2)CNC3)c1-n1cncn1,Z0490a,openbind_xx01zvns2b_c1_scaffolds,Z3472a,Z3733a,,,,,,,,,,,,,,,,,,,,,,,,,,,,,,,,,,,,,,,,,,,,,,,,,,,,,,,,,,,
CCn1cnc2cccc(C(=O)NC(Cc3ccc(CN)cc3)C(=O)N3CCCCC3)c21,Z0490a,openbind_xx01zvns2b_c1_scaffolds,Z3472a,Z3767a,Z3769a,,,,,,,,,,,,,,,,,,,,,,,,,,,,,,,,,,,,,,,,,,,,,,,,,,,,,,,,,,
CNCC1=c2cc(Cl)cc(C(=O)Nc3cc4c(c5c3OC(C)(C)C5)CNC4)c2=NC1=O,Z0490a,openbind_xx01zvns2b_c1_scaffolds,Z3472a,Z4090a,,,,,,,,,,,,,,,,,,,,,,,,,,,,,,,,,,,,,,,,,,,,,,,,,,,,,,,,,,,
O=C(NCC(F)F)C(O)(Nc1ccc2c(c1)CNC2)c1cc(Cl)ccc1-n1cncn1,Z0490a,openbind_xx01zvns2b_c1_scaffolds,Z3472a,Z4206a,,,,,,,,,,,,,,,,,,,,,,,,,,,,,,,,,,,,,,,,,,,,,,,,,,,,,,,,,,,
CC1NCN2CC(NC(=O)c3cc(Cl)c4c(c3)C35CCNCC3OC(C)(C)NC5N4)CN12,Z0490a,openbind_xx01zvns2b_c1_scaffolds,Z3472a,Z4245a,,,,,,,,,,,,,,,,,,,,,,,,,,,,,,,,,,,,,,,,,,,,,,,,,,,,,,,,,,,
N#Cc1cc(C(=O)Nc2ccc3c(c2)CNC3)n2nc(C(F)(F)F)nc2c1,Z0490a,openbind_xx01zvns2b_c1_scaffolds,Z3472a,Z4478a,,,,,,,,,,,,,,,,,,,,,,,,,,,,,,,,,,,,,,,,,,,,,,,,,,,,,,,,,,,
NCC1CC2(CNCN2)c2c(C(=O)Nc3ccc4c(c3)CNC4)cc(Cl)cc21,Z0490a,openbind_xx01zvns2b_c1_scaffolds,Z3472a,Z4951a,,,,,,,,,,,,,,,,,,,,,,,,,,,,,,,,,,,,,,,,,,,,,,,,,,,,,,,,,,,
CC(=O)NC(Cc1ccc2c(c1)CNC2)C(=O)NC1CCC2CCC3CC(C)CC1C23,Z0490a,openbind_xx01zvns2b_c1_scaffolds,Z3472a,Z4996a,,,,,,,,,,,,,,,,,,,,,,,,,,,,,,,,,,,,,,,,,,,,,,,,,,,,,,,,,,,
O=C(Nc1ccncn1)c1c(F)ccc2c(CN3CCC(n4cn[nH]c4=O)CC3)c[nH]c12,Z0490a,openbind_xx01zvns2b_c1_scaffolds,Z3472a,Z5011a,Z5017a,Z5082a,,,,,,,,,,,,,,,,,,,,,,,,,,,,,,,,,,,,,,,,,,,,,,,,,,,,,,,,,
O=C1NCc2cc(NC(=O)C3CCC(O)C4C3CC3=NC5CNCCC5C(=O)N34)ccc21,Z0490a,openbind_xx01zvns2b_c1_scaffolds,Z3472a,Z5082a,,,,,,,,,,,,,,,,,,,,,,,,,,,,,,,,,,,,,,,,,,,,,,,,,,,,,,,,,,,
Cc1cc2c(c3cc(F)cnc13)C1=C(C2C(=O)NCC(F)F)C2(CCC3=C(CNC3)C2)C(C)N1,Z0490a,openbind_xx01zvns2b_c1_scaffolds,Z3472a,Z5122a,,,,,,,,,,,,,,,,,,,,,,,,,,,,,,,,,,,,,,,,,,,,,,,,,,,,,,,,,,,
CS(=O)(=O)c1ccc(N2CCNCC2)cc1C(C(=O)NCC(F)F)c1cc(Br)cc2[nH]cnc12,Z0490a,openbind_xx01zvns2b_c1_scaffolds,Z3472a,Z5124a,,,,,,,,,,,,,,,,,,,,,,,,,,,,,,,,,,,,,,,,,,,,,,,,,,,,,,,,,,,
Cc1cc(CO)c2cc(Cl)cc(C(=O)C(=O)C3CC4(CCNC4)C3)c2n1,Z0490a,openbind_xx01zvns2b_c1_scaffolds,Z3472a,Z5148a,,,,,,,,,,,,,,,,,,,,,,,,,,,,,,,,,,,,,,,,,,,,,,,,,,,,,,,,,,,
NCC1CC(Cl)CC2=C1CC(N)CC2,Z0490a,openbind_xx01zvns2b_c1_scaffolds,Z3472a,Z5230a,,,,,,,,,,,,,,,,,,,,,,,,,,,,,,,,,,,,,,,,,,,,,,,,,,,,,,,,,,,
O=C1N=c2c(Cl)cc(C(=O)Nc3ccc4c(c3)CNC4)c(-n3cncn3)c2=N1,Z0490a,openbind_xx01zvns2b_c1_scaffolds,Z3472a,Z5246a,,,,,,,,,,,,,,,,,,,,,,,,,,,,,,,,,,,,,,,,,,,,,,,,,,,,,,,,,,,
Cc1cc(CCN)ccc1NC(=O)c1cc(Cl)cc(NC(N=O)C(C)Cc2ccccc2)c1,Z0490a,openbind_xx01zvns2b_c1_scaffolds,Z0844a,Z3473a,,,,,,,,,,,,,,,,,,,,,,,,,,,,,,,,,,,,,,,,,,,,,,,,,,,,,,,,,,,
O=C(Nc1ccc2c(c1)CNC2)c1cc(Cl)cc2c1C1(CNCN1)NN2C1CNC1,Z0490a,openbind_xx01zvns2b_c1_scaffolds,Z0101a,Z0229a,Z0425a,Z0709a,Z0827a,Z0846b,Z0846a,Z0852a,Z1237a,Z1342a,Z3473a,,,,,,,,,,,,,,,,,,,,,,,,,,,,,,,,,,,,,,,,,,,,,,,,,,
CNCC1CN(C(NO)NC(OC)C(CCCOC)CC(C)Cl)CCN1,Z0490a,openbind_xx01zvns2b_c1_scaffolds,Z0404a,Z3473a,,,,,,,,,,,,,,,,,,,,,,,,,,,,,,,,,,,,,,,,,,,,,,,,,,,,,,,,,,,
Cc1ccc(S(=O)(=O)CNC(=O)C(Nc2ccc3c(c2)CNC3)C(c2ccccc2)c2c[nH]nc2C)cc1,Z0490a,openbind_xx01zvns2b_c1_scaffolds,Z0429a,Z3473a,,,,,,,,,,,,,,,,,,,,,,,,,,,,,,,,,,,,,,,,,,,,,,,,,,,,,,,,,,,
Cc1cc(CN)cc(NC(=O)c2cccc3[nH]nc(C#N)c23)c1,Z0490a,openbind_xx01zvns2b_c1_scaffolds,Z0472a,Z3473a,,,,,,,,,,,,,,,,,,,,,,,,,,,,,,,,,,,,,,,,,,,,,,,,,,,,,,,,,,,
CC1=Cc2c(O)cnc3ccc(C(=O)C(=O)CC4CCCC5(CCNCC5)C4)c(c23)N1,Z0490a,openbind_xx01zvns2b_c1_scaffolds,Z0559a,Z3473a,,,,,,,,,,,,,,,,,,,,,,,,,,,,,,,,,,,,,,,,,,,,,,,,,,,,,,,,,,,
CCCCc1nc[nH]c1Nc1cc(Cl)cc(C(O)(Nc2ccc3c(c2)CNC3)C(=O)NC(C)C)c1,Z0490a,openbind_xx01zvns2b_c1_scaffolds,Z0945a,Z0951a,Z3473a,,,,,,,,,,,,,,,,,,,,,,,,,,,,,,,,,,,,,,,,,,,,,,,,,,,,,,,,,,
CC(NCCCn1nc2ccccc2c1C#N)c1cn(-c2ccccc2)nn1,Z0490a,openbind_xx01zvns2b_c1_scaffolds,Z0969b,Z3473a,,,,,,,,,,,,,,,,,,,,,,,,,,,,,,,,,,,,,,,,,,,,,,,,,,,,,,,,,,,
CNCc1ccc(N(N)C(=O)C2C3CCC4C(CCC[NH3+])CC(C)(C43)N2C(C)=O)c2nc(Cl)ccc12,Z0490a,openbind_xx01zvns2b_c1_scaffolds,Z1271a,Z3473a,,,,,,,,,,,,,,,,,,,,,,,,,,,,,,,,,,,,,,,,,,,,,,,,,,,,,,,,,,,
O=C(NCC(F)F)N(C(=O)c1cc(Cl)cc2[nH]ncc12)c1ccc2c(c1)CNCCO2,Z0490a,openbind_xx01zvns2b_c1_scaffolds,Z1390a,Z1719a,Z1756a,Z1838a,Z3060a,Z3469a,Z3473a,Z3489a,Z3507a,Z3808a,Z3808b,Z3817a,Z3831a,Z3850a,Z3880a,Z4031a,Z4134a,Z4139a,Z4469a,Z4756a,Z4838a,Z4855a,Z4858a,Z4859a,Z4886a,,,,,,,,,,,,,,,,,,,,,,,,,,,,,,,,,,,,
NC(=O)CCC1CCC2(CC1)Cc1c(cc(F)cc1C(=O)Nc1ccc3c(c1)CNC3)N2,Z0490a,openbind_xx01zvns2b_c1_scaffolds,Z1495a,Z3473a,,,,,,,,,,,,,,,,,,,,,,,,,,,,,,,,,,,,,,,,,,,,,,,,,,,,,,,,,,,
CC1(CO)Nn2c(nc3c(C(=O)Nc4ccc5c(c4)CNC5)cc(Cl)cc32)C(F)(F)O1,Z0490a,openbind_xx01zvns2b_c1_scaffolds,Z1596a,Z3473a,,,,,,,,,,,,,,,,,,,,,,,,,,,,,,,,,,,,,,,,,,,,,,,,,,,,,,,,,,,
Cc1cc(NC(=O)c2cccc3nc(NC(C)C)c(=O)[nH]c23)cc2c1CNC2,Z0490a,openbind_xx01zvns2b_c1_scaffolds,Z1667a,Z3473a,,,,,,,,,,,,,,,,,,,,,,,,,,,,,,,,,,,,,,,,,,,,,,,,,,,,,,,,,,,
NC1(C2CNC2)CCNC2=C1SC(C(=O)Nc1cc(F)c3c(c1)CNC3=O)C2Cl,Z0490a,openbind_xx01zvns2b_c1_scaffolds,Z1713a,Z3473a,,,,,,,,,,,,,,,,,,,,,,,,,,,,,,,,,,,,,,,,,,,,,,,,,,,,,,,,,,,
O=C(Nc1ccc2c(c1)CNC2)c1cc(Br)cc2nc(C(F)(F)F)[nH]c12,Z0490a,openbind_xx01zvns2b_c1_scaffolds,Z1731a,Z3473a,Z3758a,Z3767a,Z3830a,,,,,,,,,,,,,,,,,,,,,,,,,,,,,,,,,,,,,,,,,,,,,,,,,,,,,,,,
CNCn1c(C(C)C)nc2c(C(=O)Nc3cccc(CN)c3)cccc21,Z0490a,openbind_xx01zvns2b_c1_scaffolds,Z1743a,Z3473a,,,,,,,,,,,,,,,,,,,,,,,,,,,,,,,,,,,,,,,,,,,,,,,,,,,,,,,,,,,
O=C(Nc1ccc2c(c1)CNC2)c1cc(O)cc2c1CC1(C2)NCSC1NF,Z0490a,openbind_xx01zvns2b_c1_scaffolds,Z1750a,Z3473a,,,,,,,,,,,,,,,,,,,,,,,,,,,,,,,,,,,,,,,,,,,,,,,,,,,,,,,,,,,
CC(C#N)(CN)CC(Br)CNC(=O)Nc1ccc2c(c1)CNC2,Z0490a,openbind_xx01zvns2b_c1_scaffolds,Z1837a,Z3473a,,,,,,,,,,,,,,,,,,,,,,,,,,,,,,,,,,,,,,,,,,,,,,,,,,,,,,,,,,,
NCc1ccc(NC(N)C(F)(F)F)c(C(O)(O)Nc2ccc3c(c2)CNC3)c1,Z0490a,openbind_xx01zvns2b_c1_scaffolds,Z2057a,Z3473a,,,,,,,,,,,,,,,,,,,,,,,,,,,,,,,,,,,,,,,,,,,,,,,,,,,,,,,,,,,
CCc1ccc(C(=O)Nc2cc3c(cc2C)CNC3)c2[nH]c(C(F)(F)F)nc12,Z0490a,openbind_xx01zvns2b_c1_scaffolds,Z3441a,Z3473a,,,,,,,,,,,,,,,,,,,,,,,,,,,,,,,,,,,,,,,,,,,,,,,,,,,,,,,,,,,
COc1ccc(-c2ccc(Br)cc2C(O)(NC2CN(C)C3(CCNC3)C2)C(=O)NCC(F)F)cn1,Z0490a,openbind_xx01zvns2b_c1_scaffolds,Z3473a,Z3743a,,,,,,,,,,,,,,,,,,,,,,,,,,,,,,,,,,,,,,,,,,,,,,,,,,,,,,,,,,,
CCC(C(=O)Nc1cccc(CN)c1)C1(C)NCC(C(C)N2CCC(n3cn[nH]c3=O)CC2)C1CC,Z0490a,openbind_xx01zvns2b_c1_scaffolds,Z3473a,Z4198a,,,,,,,,,,,,,,,,,,,,,,,,,,,,,,,,,,,,,,,,,,,,,,,,,,,,,,,,,,,
O=C(Nc1ccc2c(c1)CNC2)c1cccc2nc3c(c(N4CCNCC4)c12)CNC3,Z0490a,openbind_xx01zvns2b_c1_scaffolds,Z3473a,Z5085a,Z5122a,,,,,,,,,,,,,,,,,,,,,,,,,,,,,,,,,,,,,,,,,,,,,,,,,,,,,,,,,,
CS(=O)(=O)c1ccc(N2CCNCC2)cc1N1C(=O)c2c(c(Cl)cc3ncccc23)C1C(=O)NCC(F)F,Z0490a,openbind_xx01zvns2b_c1_scaffolds,Z1682a,Z3476a,,,,,,,,,,,,,,,,,,,,,,,,,,,,,,,,,,,,,,,,,,,,,,,,,,,,,,,,,,,
Cc1cc(CO)c2cc(F)cc(C(=O)C(=O)C3CCNC4(CCNC4)C3C#N)c2n1,Z0490a,openbind_xx01zvns2b_c1_scaffolds,Z0051a,Z3476a,,,,,,,,,,,,,,,,,,,,,,,,,,,,,,,,,,,,,,,,,,,,,,,,,,,,,,,,,,,
CCC12CCCC3=C1C(CCC2(CO)C(=O)C1Cc2cccnc2C2(CCCNC2)C1)NC3,Z0490a,openbind_xx01zvns2b_c1_scaffolds,Z0089a,Z3476a,,,,,,,,,,,,,,,,,,,,,,,,,,,,,,,,,,,,,,,,,,,,,,,,,,,,,,,,,,,
CNCn1c(C(F)(F)F)nc2c(C(=O)Nc3ccc4c(c3)CN(CC(F)F)C4)cc(Cl)cc21,Z0490a,openbind_xx01zvns2b_c1_scaffolds,Z0227a,Z3476a,,,,,,,,,,,,,,,,,,,,,,,,,,,,,,,,,,,,,,,,,,,,,,,,,,,,,,,,,,,
Cc1ccc(S(=O)(=O)CNC(=O)C(Nc2ccc3c(c2)CNC3)c2cc(Cl)ccc2CNN)cc1,Z0490a,openbind_xx01zvns2b_c1_scaffolds,Z0429a,Z0435a,Z3476a,,,,,,,,,,,,,,,,,,,,,,,,,,,,,,,,,,,,,,,,,,,,,,,,,,,,,,,,,,
O=C(Nc1ccc2c(c1)CNC2)c1cc(Cl)cc2nc(C(F)(F)F)[nH]c12,Z0490a,openbind_xx01zvns2b_c1_scaffolds,Z0465a,Z0559a,Z0819a,Z3476a,Z3826a,,,,,,,,,,,,,,,,,,,,,,,,,,,,,,,,,,,,,,,,,,,,,,,,,,,,,,,,
CNCn1c(C(F)(F)F)nc2c(C(=O)Nc3ccc4c(c3)CNC4)cc(F)cc21,Z0490a,openbind_xx01zvns2b_c1_scaffolds,Z0553a,Z0701a,Z0727a,Z0945a,Z3476a,,,,,,,,,,,,,,,,,,,,,,,,,,,,,,,,,,,,,,,,,,,,,,,,,,,,,,,,
O=C(Nc1ccc2c(c1)CNC2)c1cccc2c1nc1n2NCOC1(F)F,Z0490a,openbind_xx01zvns2b_c1_scaffolds,Z0589a,Z3476a,,,,,,,,,,,,,,,,,,,,,,,,,,,,,,,,,,,,,,,,,,,,,,,,,,,,,,,,,,,
O=C(Nc1cc2c(c(C3=CCS(=O)(=O)CC3)c1)CNC2)c1cc(F)c2[nH]c(=O)n3ncc1c23,Z0490a,openbind_xx01zvns2b_c1_scaffolds,Z0673a,Z3476a,,,,,,,,,,,,,,,,,,,,,,,,,,,,,,,,,,,,,,,,,,,,,,,,,,,,,,,,,,,
CCC(N)C1=C(C)NC=C(C(CNC)C(=O)C2([O-])CCC3CC4(CCCNC4)CC(C)C32)C=C1,Z0490a,openbind_xx01zvns2b_c1_scaffolds,Z0687a,Z0773a,Z3476a,,,,,,,,,,,,,,,,,,,,,,,,,,,,,,,,,,,,,,,,,,,,,,,,,,,,,,,,,,
Cc1cc(CO)c2cc(F)cc(C(=O)C(=O)C3CCc4c(ccn4C)C3C#N)c2n1,Z0490a,openbind_xx01zvns2b_c1_scaffolds,Z0788a,Z3476a,,,,,,,,,,,,,,,,,,,,,,,,,,,,,,,,,,,,,,,,,,,,,,,,,,,,,,,,,,,
C=CC1CC(C(CC(=O)O)Nc2ccc3c(c2)CNC3)N2CNNN12,Z0490a,openbind_xx01zvns2b_c1_scaffolds,Z0875a,Z3476a,,,,,,,,,,,,,,,,,,,,,,,,,,,,,,,,,,,,,,,,,,,,,,,,,,,,,,,,,,,
O=C(Nc1ccc2c(c1)CNC2)c1cc(F)cc2c1N=C1C2=NN=C1N(F)CF,Z0490a,openbind_xx01zvns2b_c1_scaffolds,Z0884a,Z3476a,,,,,,,,,,,,,,,,,,,,,,,,,,,,,,,,,,,,,,,,,,,,,,,,,,,,,,,,,,,
O=C(Nc1ccc2c(c1)CNC2)c1cc(F)cc2c1nc1n2CNCS1(F)F,Z0490a,openbind_xx01zvns2b_c1_scaffolds,Z0917a,Z3476a,,,,,,,,,,,,,,,,,,,,,,,,,,,,,,,,,,,,,,,,,,,,,,,,,,,,,,,,,,,
Cc1cc(C(O)(O)N2CCC3=C2C(C)C(N2CCNCC2)CC3)c2cccnc2c1Cl,Z0490a,openbind_xx01zvns2b_c1_scaffolds,Z0969b,Z3476a,,,,,,,,,,,,,,,,,,,,,,,,,,,,,,,,,,,,,,,,,,,,,,,,,,,,,,,,,,,
Cc1cc(-c2ccc(Cl)cc2C(=O)N(C(=O)NC2CCOCC2)C2CN(C)C3(CCNC3)C2)cnc1F,Z0490a,openbind_xx01zvns2b_c1_scaffolds,Z1046b,Z3476a,,,,,,,,,,,,,,,,,,,,,,,,,,,,,,,,,,,,,,,,,,,,,,,,,,,,,,,,,,,
O=C1Cc2c(C(=O)Nc3ccc4c(c3)CNC4)cc3scnc3c2N1,Z0490a,openbind_xx01zvns2b_c1_scaffolds,Z1098a,Z3476a,,,,,,,,,,,,,,,,,,,,,,,,,,,,,,,,,,,,,,,,,,,,,,,,,,,,,,,,,,,
O=C(Nc1ccc2c(c1)CNC2)c1cc(Cl)cc2c1C1(CCNC1)NN2C1CNC1,Z0490a,openbind_xx01zvns2b_c1_scaffolds,Z1261a,Z3476a,,,,,,,,,,,,,,,,,,,,,,,,,,,,,,,,,,,,,,,,,,,,,,,,,,,,,,,,,,,
CC(C)(N)c1nc2cc(Cl)cc(C(=O)Nc3ccc4c(c3)CNC4)c2[nH]1,Z0490a,openbind_xx01zvns2b_c1_scaffolds,Z1317a,Z3476a,,,,,,,,,,,,,,,,,,,,,,,,,,,,,,,,,,,,,,,,,,,,,,,,,,,,,,,,,,,
Cc1nc2c(C(=O)Nc3ccc4c(c3)CNC4)cc(Cl)cc2n1CN,Z0490a,openbind_xx01zvns2b_c1_scaffolds,Z1342a,Z3476a,Z4849a,,,,,,,,,,,,,,,,,,,,,,,,,,,,,,,,,,,,,,,,,,,,,,,,,,,,,,,,,,
CC(CN)N1Cc2ccsc2C(NC(=O)Nc2ccc3c(c2)CNC3)C1,Z0490a,openbind_xx01zvns2b_c1_scaffolds,Z1390a,Z3476a,,,,,,,,,,,,,,,,,,,,,,,,,,,,,,,,,,,,,,,,,,,,,,,,,,,,,,,,,,,
Cc1nc2c(CN)c(Cl)cc(C(=O)Nc3ccc4c(c3)CNC4)c2[nH]1,Z0490a,openbind_xx01zvns2b_c1_scaffolds,Z1398a,Z3476a,,,,,,,,,,,,,,,,,,,,,,,,,,,,,,,,,,,,,,,,,,,,,,,,,,,,,,,,,,,
CCC(C#N)c1c(NO)cccc1C(=O)Nc1ccc2c(c1)CNC2,Z0490a,openbind_xx01zvns2b_c1_scaffolds,Z1406a,Z3264a,Z3432a,Z3476a,,,,,,,,,,,,,,,,,,,,,,,,,,,,,,,,,,,,,,,,,,,,,,,,,,,,,,,,,
Cc1nc2c(C(=O)Nc3ccc4c(c3)CNC4)cc(Cl)cc2[nH]1,Z0490a,openbind_xx01zvns2b_c1_scaffolds,Z1596a,Z1597a,Z1681a,Z1727a,Z1730a,Z2135a,Z2217a,Z3400a,Z3441a,Z3476a,Z3477a,Z3485a,Z3489a,Z3720a,Z3729a,Z3743a,Z3746a,Z3754a,Z3774a,Z3790a,Z3802a,Z3808b,Z3813a,Z3830a,Z3842a,Z3970a,Z4114a,Z4164a,Z4168a,Z4204a,Z4240a,Z4245a,Z4469a,Z4498a,Z4816a,Z4827a,Z4855a,,,,,,,,,,,,,,,,,,,,,,,,
CNCC1(C)CC(C)Nc2c(C(=O)C(=O)C(NC(C)=O)c3cccc4c3CC3NCCC43)cc(Cl)cc21,Z0490a,openbind_xx01zvns2b_c1_scaffolds,Z1664a,Z3476a,,,,,,,,,,,,,,,,,,,,,,,,,,,,,,,,,,,,,,,,,,,,,,,,,,,,,,,,,,,
CNNC1CC(CC(N)(Nc2cc(CN)c3c(c2)CNC3)C(=O)N2CCC3(CCCCN3)CC2)C2CCCCC12,Z0490a,openbind_xx01zvns2b_c1_scaffolds,Z1674a,Z3476a,,,,,,,,,,,,,,,,,,,,,,,,,,,,,,,,,,,,,,,,,,,,,,,,,,,,,,,,,,,
CC(=O)NC(C(=O)Nc1cc(Cl)cc2c(CN=O)cc(C)nc12)c1cccc2c1CNC2,Z0490a,openbind_xx01zvns2b_c1_scaffolds,Z1688a,Z1713a,Z3476a,,,,,,,,,,,,,,,,,,,,,,,,,,,,,,,,,,,,,,,,,,,,,,,,,,,,,,,,,,
O=C(Nc1ccc2c(c1)CNC2)c1cc(F)cc(-c2ccn(Nc3ccc(CNc4nc5ccccc5[nH]4)c(O)c3)n2)c1,Z0490a,openbind_xx01zvns2b_c1_scaffolds,Z1743a,Z3476a,,,,,,,,,,,,,,,,,,,,,,,,,,,,,,,,,,,,,,,,,,,,,,,,,,,,,,,,,,,
O=C(Nc1ccc2c(c1)CNC2)c1cc(F)cc2nn(CC3CCNCC3)cc12,Z0490a,openbind_xx01zvns2b_c1_scaffolds,Z2500a,Z3476a,,,,,,,,,,,,,,,,,,,,,,,,,,,,,,,,,,,,,,,,,,,,,,,,,,,,,,,,,,,
CNCCC1=CCN2C(C1)NC(C(=O)Nc1cccc(CN)n1)C2C,Z0490a,openbind_xx01zvns2b_c1_scaffolds,Z3060a,Z3476a,,,,,,,,,,,,,,,,,,,,,,,,,,,,,,,,,,,,,,,,,,,,,,,,,,,,,,,,,,,
Cc1nc(C2CCCNC2)[nH]c1C(=O)NCC1=C2N=CC3(CCCN3)N=C2C=C1,Z0490a,openbind_xx01zvns2b_c1_scaffolds,Z3094a,Z3476a,,,,,,,,,,,,,,,,,,,,,,,,,,,,,,,,,,,,,,,,,,,,,,,,,,,,,,,,,,,
O=C(Nc1cc2c(cc1F)CNC2)c1cc2c3c(cccc3c1Cl)N(C1CNC1)N=C2,Z0490a,openbind_xx01zvns2b_c1_scaffolds,Z3397a,Z3476a,,,,,,,,,,,,,,,,,,,,,,,,,,,,,,,,,,,,,,,,,,,,,,,,,,,,,,,,,,,
Cc1nc2c(C(=O)Nc3ccc4c(c3)CNC4)cc(Cl)cc2n1N,Z0490a,openbind_xx01zvns2b_c1_scaffolds,Z3469a,Z3473a,Z3476a,Z3507a,Z3689a,,,,,,,,,,,,,,,,,,,,,,,,,,,,,,,,,,,,,,,,,,,,,,,,,,,,,,,,
Cc1cc2c(cc1C(=O)C(=O)c1cc(Cl)cc3c1nc(C)n3NC(C)(C)CO)CNC2,Z0490a,openbind_xx01zvns2b_c1_scaffolds,Z3476a,Z3561a,,,,,,,,,,,,,,,,,,,,,,,,,,,,,,,,,,,,,,,,,,,,,,,,,,,,,,,,,,,
O=C(Nc1ccc2c(c1)CNC2)c1cc(Cl)cc2[nH]c(CN3CCCC3)nc12,Z0490a,openbind_xx01zvns2b_c1_scaffolds,Z3476a,Z3691a,,,,,,,,,,,,,,,,,,,,,,,,,,,,,,,,,,,,,,,,,,,,,,,,,,,,,,,,,,,
NCCc1cc(CC(NC(=O)c2ccccc2NC(=O)OCc2ccccc2)C(=O)N2CCCCC2)ccc1CN,Z0490a,openbind_xx01zvns2b_c1_scaffolds,Z3476a,Z3711a,,,,,,,,,,,,,,,,,,,,,,,,,,,,,,,,,,,,,,,,,,,,,,,,,,,,,,,,,,,
CC1=Nc2c(C(=O)Nc3ccc4c(c3)CNC4)cc(Cl)cc2[NH+]1[O-],Z0490a,openbind_xx01zvns2b_c1_scaffolds,Z3476a,Z4118a,Z4153a,Z4886a,,,,,,,,,,,,,,,,,,,,,,,,,,,,,,,,,,,,,,,,,,,,,,,,,,,,,,,,,
CCOC(=O)c1cc(C2CCNCC2)c2c(NCN)cc(F)cc2c1C(=O)Nc1ccc2c(c1)CNC2,Z0490a,openbind_xx01zvns2b_c1_scaffolds,Z3476a,Z4179a,,,,,,,,,,,,,,,,,,,,,,,,,,,,,,,,,,,,,,,,,,,,,,,,,,,,,,,,,,,
COn1c(C)c(C)c2c(C(=O)Nc3ccc4c(c3)CNC4)cc(Cl)cc21,Z0490a,openbind_xx01zvns2b_c1_scaffolds,Z3476a,Z4198a,,,,,,,,,,,,,,,,,,,,,,,,,,,,,,,,,,,,,,,,,,,,,,,,,,,,,,,,,,,
CS(=O)(=O)c1ccc(N2CCNCC2)cc1NC(=O)c1cc2c(c3ncccc13)CC(F)(F)C2,Z0490a,openbind_xx01zvns2b_c1_scaffolds,Z3476a,Z4478a,,,,,,,,,,,,,,,,,,,,,,,,,,,,,,,,,,,,,,,,,,,,,,,,,,,,,,,,,,,
CCC(N)Nc1c[nH]c(CC(C)C(O)(NNc2ccc3c(c2)CNC3)NC(C)C)c1,Z0490a,openbind_xx01zvns2b_c1_scaffolds,Z3476a,Z4959a,Z4991a,,,,,,,,,,,,,,,,,,,,,,,,,,,,,,,,,,,,,,,,,,,,,,,,,,,,,,,,,,
Cc1cc(CO)c2cc(Cl)cc(C3NC4N(CC(N)C45CCNC5)C3(O)NCCCF)c2n1,Z0490a,openbind_xx01zvns2b_c1_scaffolds,Z3476a,Z4959b,Z5020a,,,,,,,,,,,,,,,,,,,,,,,,,,,,,,,,,,,,,,,,,,,,,,,,,,,,,,,,,,
NC(=O)C12CCCNC1Nc1cc(F)cc(C(=O)Nc3cnn(Cc4ccncc4)c3)c12,Z0490a,openbind_xx01zvns2b_c1_scaffolds,Z3476a,Z4971a,,,,,,,,,,,,,,,,,,,,,,,,,,,,,,,,,,,,,,,,,,,,,,,,,,,,,,,,,,,
Cc1nc2cc(Cl)cc(C(=NC(=O)O)Nc3ccc4c(c3)CNC4)c2[nH]1,Z0490a,openbind_xx01zvns2b_c1_scaffolds,Z3476a,Z4983a,,,,,,,,,,,,,,,,,,,,,,,,,,,,,,,,,,,,,,,,,,,,,,,,,,,,,,,,,,,
CN1CCC(CN(OCF)c2cccc(C(=O)NC3CNC4(CCNC4)C3)c2)C(F)C1,Z0490a,openbind_xx01zvns2b_c1_scaffolds,Z3476a,Z5139a,,,,,,,,,,,,,,,,,,,,,,,,,,,,,,,,,,,,,,,,,,,,,,,,,,,,,,,,,,,
NCCC1Cc2ccc(C(=O)Nc3ccc4c(c3)CNC4)cc2C1,Z0490a,openbind_xx01zvns2b_c1_scaffolds,Z3476a,Z5197a,,,,,,,,,,,,,,,,,,,,,,,,,,,,,,,,,,,,,,,,,,,,,,,,,,,,,,,,,,,
CNCn1c(C)nc2c(C(=O)Nc3cc4c(c5c3OC(C)(C)C5)CNC4)cc(Cl)cc21,Z0490a,openbind_xx01zvns2b_c1_scaffolds,Z3476a,Z5229a,,,,,,,,,,,,,,,,,,,,,,,,,,,,,,,,,,,,,,,,,,,,,,,,,,,,,,,,,,,
CC(C)NC(=O)C(O)(Nc1ccc2c(c1)CNC2)c1cc(Cl)cc2c1NC1(CCCCC1)N2,Z0490a,openbind_xx01zvns2b_c1_scaffolds,Z0719a,Z0727a,Z3477a,,,,,,,,,,,,,,,,,,,,,,,,,,,,,,,,,,,,,,,,,,,,,,,,,,,,,,,,,,
Cc1cc(CO)c2cccc(C3C(=O)C(CCN)CCC(CCC(C)[NH3+])C3=O)c2n1,Z0490a,openbind_xx01zvns2b_c1_scaffolds,Z1451a,Z3477a,,,,,,,,,,,,,,,,,,,,,,,,,,,,,,,,,,,,,,,,,,,,,,,,,,,,,,,,,,,
CN(C)C(=O)Cn1ncc2c(C(=O)Nc3cc4c(cc3C#N)CNC4)c(F)ccc21,Z0490a,openbind_xx01zvns2b_c1_scaffolds,Z2235a,Z2500a,Z3477a,,,,,,,,,,,,,,,,,,,,,,,,,,,,,,,,,,,,,,,,,,,,,,,,,,,,,,,,,,
NCCc1cccc(NC=CC2=C(CC(O)COCc3ccccc3)C(=O)N=N2)c1,Z0490a,openbind_xx01zvns2b_c1_scaffolds,Z3093a,Z3477a,,,,,,,,,,,,,,,,,,,,,,,,,,,,,,,,,,,,,,,,,,,,,,,,,,,,,,,,,,,
O=NC(Nc1ccc2c(c1)CNC2)c1cccc2c1=NC(=O)N=2,Z0490a,openbind_xx01zvns2b_c1_scaffolds,Z3397a,Z3477a,Z3831a,,,,,,,,,,,,,,,,,,,,,,,,,,,,,,,,,,,,,,,,,,,,,,,,,,,,,,,,,,
CN1CCC(c2c[nH]c3c(Cl)cc(C(=O)Nc4ccc5c(c4)CNC5)c(-n4cncn4)c23)CC1,Z0490a,openbind_xx01zvns2b_c1_scaffolds,Z3477a,Z3646a,,,,,,,,,,,,,,,,,,,,,,,,,,,,,,,,,,,,,,,,,,,,,,,,,,,,,,,,,,,
O=C1N=c2cc(Cl)cc(C(Nc3ccc4c(c3)CNC4)C(=O)NCC3CCCO3)c2=N1,Z0490a,openbind_xx01zvns2b_c1_scaffolds,Z3477a,Z3858a,,,,,,,,,,,,,,,,,,,,,,,,,,,,,,,,,,,,,,,,,,,,,,,,,,,,,,,,,,,
N#Cc1cc2c(cc1NC(=O)c1cc(N)c3cccc(Br)c3n1)CNC2,Z0490a,openbind_xx01zvns2b_c1_scaffolds,Z3477a,Z4827a,,,,,,,,,,,,,,,,,,,,,,,,,,,,,,,,,,,,,,,,,,,,,,,,,,,,,,,,,,,
O=C(Nc1ccc2c(c1)CNC2)c1cccc2c1=NC(=O)[N+]=2[O-],Z0490a,openbind_xx01zvns2b_c1_scaffolds,Z3477a,Z4849a,Z4944a,Z5061a,,,,,,,,,,,,,,,,,,,,,,,,,,,,,,,,,,,,,,,,,,,,,,,,,,,,,,,,,
COC(C)CNCC1CC(NC(=O)CO)CCC12N=C2Nc1ccc2c(c1)CNC2,Z0490a,openbind_xx01zvns2b_c1_scaffolds,Z3477a,Z5086a,,,,,,,,,,,,,,,,,,,,,,,,,,,,,,,,,,,,,,,,,,,,,,,,,,,,,,,,,,,
Cc1cc(C(=O)Nc2ccc3c(c2)CNC3)c2c(n1)C(C)(CN(C)C1CCOCC1)NC2,Z0490a,openbind_xx01zvns2b_c1_scaffolds,Z3477a,Z5148a,,,,,,,,,,,,,,,,,,,,,,,,,,,,,,,,,,,,,,,,,,,,,,,,,,,,,,,,,,,
CNCC1=c2cc(Cl)cc(C(=O)Nc3ccc4c(c3)CNC4)c2=NC1=O,Z0490a,openbind_xx01zvns2b_c1_scaffolds,Z0435a,Z0455a,Z0719a,Z3480a,,,,,,,,,,,,,,,,,,,,,,,,,,,,,,,,,,,,,,,,,,,,,,,,,,,,,,,,,
COC1CCC2(CN1)NC(C)CC(N)c1cccc(C(=O)Nc3cnn(C)c3)c12,Z0490a,openbind_xx01zvns2b_c1_scaffolds,Z3480a,Z3505a,,,,,,,,,,,,,,,,,,,,,,,,,,,,,,,,,,,,,,,,,,,,,,,,,,,,,,,,,,,
CC(C)CNC(=O)C(O)(Nc1ccc2c(c1)CNC2)c1cc(Cl)cc2nn(CCN)cc12,Z0490a,openbind_xx01zvns2b_c1_scaffolds,Z3480a,Z4963a,,,,,,,,,,,,,,,,,,,,,,,,,,,,,,,,,,,,,,,,,,,,,,,,,,,,,,,,,,,
Cc1cc(NC(C)(C)CO)c2cc(Cl)cc(NC(=O)CCC3CCNCC3)c2n1,Z0490a,openbind_xx01zvns2b_c1_scaffolds,Z0386a,Z3485a,,,,,,,,,,,,,,,,,,,,,,,,,,,,,,,,,,,,,,,,,,,,,,,,,,,,,,,,,,,
O=C(C1CCC2NC3CC(N4CNNC4=O)CCN3CC3CNC1C32)N1CCC(c2cccnc2)C1,Z0490a,openbind_xx01zvns2b_c1_scaffolds,Z1234a,Z3485a,,,,,,,,,,,,,,,,,,,,,,,,,,,,,,,,,,,,,,,,,,,,,,,,,,,,,,,,,,,
CC1C(CN)C2(CN1C(=O)NC1CC3=C(CNC3)C3(C1)NNNN3)CC(F)(F)C2,Z0490a,openbind_xx01zvns2b_c1_scaffolds,Z1320a,Z3485a,,,,,,,,,,,,,,,,,,,,,,,,,,,,,,,,,,,,,,,,,,,,,,,,,,,,,,,,,,,
CCCNC(=O)C(Nc1ccc2c(c1)CNC2)C1(O)CC(Cl)Cc2nn(C)c(F)c21,Z0490a,openbind_xx01zvns2b_c1_scaffolds,Z1750a,Z3485a,,,,,,,,,,,,,,,,,,,,,,,,,,,,,,,,,,,,,,,,,,,,,,,,,,,,,,,,,,,
Cc1cc(CO)c2cccc(C(=O)C(=O)C3CCNC4(CCNCC4)C3)c2n1,Z0490a,openbind_xx01zvns2b_c1_scaffolds,Z1756a,Z3485a,,,,,,,,,,,,,,,,,,,,,,,,,,,,,,,,,,,,,,,,,,,,,,,,,,,,,,,,,,,
CCCNC(=O)C(Nc1ccc2c(c1)CNC2)C1(O)CC(Cl)Cc2nn(C)cc21,Z0490a,openbind_xx01zvns2b_c1_scaffolds,Z2057a,Z3485a,,,,,,,,,,,,,,,,,,,,,,,,,,,,,,,,,,,,,,,,,,,,,,,,,,,,,,,,,,,
Nc1ccc2c3c(cc(Cl)c2c1)C(c1cccc(-c2nnn[nH]2)c1)C(C(=O)[O-])=C3,Z0490a,openbind_xx01zvns2b_c1_scaffolds,Z3485a,Z3792a,,,,,,,,,,,,,,,,,,,,,,,,,,,,,,,,,,,,,,,,,,,,,,,,,,,,,,,,,,,
CC(CCN(CN)Cc1c[nH]c(C(C(=O)Nc2ccc3c(c2)CNC3)C(F)CCCO)c1)n1cn[nH]c1=O,Z0490a,openbind_xx01zvns2b_c1_scaffolds,Z3485a,Z3831a,,,,,,,,,,,,,,,,,,,,,,,,,,,,,,,,,,,,,,,,,,,,,,,,,,,,,,,,,,,
NCc1ccccc1N1CCC(=O)CC1C(=O)Nc1ccc2c(c1)CCCC2,Z0490a,openbind_xx01zvns2b_c1_scaffolds,Z3485a,Z3970a,Z4206a,,,,,,,,,,,,,,,,,,,,,,,,,,,,,,,,,,,,,,,,,,,,,,,,,,,,,,,,,,
N#CCC1=C(NC2CNC2)C2CCCC3C(C(=O)Nc4ccc5c(c4)CNC5)CCN1C23,Z0490a,openbind_xx01zvns2b_c1_scaffolds,Z3485a,Z4118a,,,,,,,,,,,,,,,,,,,,,,,,,,,,,,,,,,,,,,,,,,,,,,,,,,,,,,,,,,,
Cc1nc2c(C(=O)C(=O)C3CC4(CCNC4)C3)cc(F)cc2c2cocc12,Z0490a,openbind_xx01zvns2b_c1_scaffolds,Z3485a,Z4134a,,,,,,,,,,,,,,,,,,,,,,,,,,,,,,,,,,,,,,,,,,,,,,,,,,,,,,,,,,,
CC(=O)NC(O)(Nc1ccc2c(c1)CNC2)C1NCCC12CCC(c1cnccc1C)N2,Z0490a,openbind_xx01zvns2b_c1_scaffolds,Z3485a,Z4164a,,,,,,,,,,,,,,,,,,,,,,,,,,,,,,,,,,,,,,,,,,,,,,,,,,,,,,,,,,,
CCCNC(=O)C(Nc1ccc2c(c1)CNC2)c1cc(Cl)cc2c1cnn2CNC,Z0490a,openbind_xx01zvns2b_c1_scaffolds,Z3485a,Z4168a,,,,,,,,,,,,,,,,,,,,,,,,,,,,,,,,,,,,,,,,,,,,,,,,,,,,,,,,,,,
Nn1ncc2c(C(Nc3ccc4c(c3)CNCCO4)=C(F)F)cc(Cl)cc21,Z0490a,openbind_xx01zvns2b_c1_scaffolds,Z3485a,Z4198a,Z4240a,Z4245a,Z4816a,Z4857a,Z4859a,Z4886a,Z4905a,Z4991a,Z5003a,Z5020a,Z5171a,Z5230a,Z5243a,Z5246a,Z5302a,Z5339a,,,,,,,,,,,,,,,,,,,,,,,,,,,,,,,,,,,,,,,,,,,
N#CC1C(Cl)CC2C(OCNc3ccc4c(c3)CNC4)CCCC12,Z0490a,openbind_xx01zvns2b_c1_scaffolds,Z3485a,Z4243a,,,,,,,,,,,,,,,,,,,,,,,,,,,,,,,,,,,,,,,,,,,,,,,,,,,,,,,,,,,
CCCNC(=O)C(O)(Nc1ccc2c(c1)CNC2)c1cc(Cl)c2c3c1CNN3NN2,Z0490a,openbind_xx01zvns2b_c1_scaffolds,Z3485a,Z4887a,Z5082a,,,,,,,,,,,,,,,,,,,,,,,,,,,,,,,,,,,,,,,,,,,,,,,,,,,,,,,,,,
CC(=O)NC(CCCN)C(=O)N(Oc1cc(C)nc2ncnn12)c1cc(C)cc2c3c(cnc12)CNCC3,Z0490a,openbind_xx01zvns2b_c1_scaffolds,Z3485a,Z5002a,Z5010a,,,,,,,,,,,,,,,,,,,,,,,,,,,,,,,,,,,,,,,,,,,,,,,,,,,,,,,,,,
CCCNC(=O)C(O)(Nc1cc(C#N)c2c(c1)CNC2)c1cc(Cl)cc2c1cnn2CNC,Z0490a,openbind_xx01zvns2b_c1_scaffolds,Z3485a,Z5017a,,,,,,,,,,,,,,,,,,,,,,,,,,,,,,,,,,,,,,,,,,,,,,,,,,,,,,,,,,,
COCCOc1cc(OC)cc(-c2ccccc2C(=O)NC2CN(C)C3(CCNC3)C2)c1C,Z0490a,openbind_xx01zvns2b_c1_scaffolds,Z3485a,Z5027a,,,,,,,,,,,,,,,,,,,,,,,,,,,,,,,,,,,,,,,,,,,,,,,,,,,,,,,,,,,
CNC(=O)C(O)(Nc1ccc2c(c1)C(=O)OC2)c1cc(Cl)cc2c1CC1(CCOCC1)N2,Z0490a,openbind_xx01zvns2b_c1_scaffolds,Z1682a,Z3486a,,,,,,,,,,,,,,,,,,,,,,,,,,,,,,,,,,,,,,,,,,,,,,,,,,,,,,,,,,,
Cn1cc(NC(=O)c2cc(Cl)cc3c(NC(C)(C)CO)cccc23)cn1,Z0490a,openbind_xx01zvns2b_c1_scaffolds,Z1597a,Z3486a,,,,,,,,,,,,,,,,,,,,,,,,,,,,,,,,,,,,,,,,,,,,,,,,,,,,,,,,,,,
CC(=O)NC(C(=O)Nc1cc(O)c(NC(C)(C)CO)c2cccnc12)c1ccc(C(C)[NH2+]N)c(O)c1,Z0490a,openbind_xx01zvns2b_c1_scaffolds,Z1664a,Z1681a,Z3486a,,,,,,,,,,,,,,,,,,,,,,,,,,,,,,,,,,,,,,,,,,,,,,,,,,,,,,,,,,
N#CC1(c2cncc3ccccc23)Nc2cc3c(cc2C1=O)CNC3,Z0490a,openbind_xx01zvns2b_c1_scaffolds,Z2262a,Z3486a,,,,,,,,,,,,,,,,,,,,,,,,,,,,,,,,,,,,,,,,,,,,,,,,,,,,,,,,,,,
CC(C)CNC(=O)C(Nc1ccc2c(c1)CNC2)NC1CNNS12CCCC2c1nnc(N)[nH]1,Z0490a,openbind_xx01zvns2b_c1_scaffolds,Z2992a,Z3486a,,,,,,,,,,,,,,,,,,,,,,,,,,,,,,,,,,,,,,,,,,,,,,,,,,,,,,,,,,,
Cc1cc(C(C(=O)c2ccc3c(c2)CNC3)c2ccccc2)c2ccccc2c1CO,Z0490a,openbind_xx01zvns2b_c1_scaffolds,Z3060a,Z3486a,,,,,,,,,,,,,,,,,,,,,,,,,,,,,,,,,,,,,,,,,,,,,,,,,,,,,,,,,,,
CNCc1ccc2c(N)cc(C(=O)c3ccccn3)nc2c1Br,Z0490a,openbind_xx01zvns2b_c1_scaffolds,Z3400a,Z3486a,,,,,,,,,,,,,,,,,,,,,,,,,,,,,,,,,,,,,,,,,,,,,,,,,,,,,,,,,,,
CS(=O)(=O)C1CC2(CCNCC2)CCC1NC(=O)c1cc(Cl)cc2nc(OCc3ccccc3)ccc12,Z0490a,openbind_xx01zvns2b_c1_scaffolds,Z3486a,Z3647a,,,,,,,,,,,,,,,,,,,,,,,,,,,,,,,,,,,,,,,,,,,,,,,,,,,,,,,,,,,
N#CC(C(=O)c1ccc2c(c1)CNC2)c1cncc2ccccc12,Z0490a,openbind_xx01zvns2b_c1_scaffolds,Z3486a,Z3677a,Z3689a,,,,,,,,,,,,,,,,,,,,,,,,,,,,,,,,,,,,,,,,,,,,,,,,,,,,,,,,,,
O=C1CCC2(CC(O)C3(CSCN3)N2C2CNC2)C(C(=O)Nc2ccc3c(c2)CN(CC(F)F)C3)N1,Z0490a,openbind_xx01zvns2b_c1_scaffolds,Z3486a,Z3774a,,,,,,,,,,,,,,,,,,,,,,,,,,,,,,,,,,,,,,,,,,,,,,,,,,,,,,,,,,,
COc1c(C2(C#N)Nc3cc4c(cc3N2)CNC4)c2ccccc2c(=O)n1C,Z0490a,openbind_xx01zvns2b_c1_scaffolds,Z3486a,Z3970a,,,,,,,,,,,,,,,,,,,,,,,,,,,,,,,,,,,,,,,,,,,,,,,,,,,,,,,,,,,
CC(C)Nc1nnc2ccccn12,Z0490a,openbind_xx01zvns2b_c1_scaffolds,Z3486a,Z4025a,,,,,,,,,,,,,,,,,,,,,,,,,,,,,,,,,,,,,,,,,,,,,,,,,,,,,,,,,,,
CC(Cl)CC(c1cnc(-c2ccccc2N=C(N)OCc2ccccc2)[nH]1)C(O)(NC1CCC2CNCC2C1)C(=O)NC(C)C,Z0490a,openbind_xx01zvns2b_c1_scaffolds,Z3486a,Z4886a,,,,,,,,,,,,,,,,,,,,,,,,,,,,,,,,,,,,,,,,,,,,,,,,,,,,,,,,,,,
N#CC1(c2cncc3c(NNC4CCNCC4)cccc23)Nc2cc3c(cc2N1)CNC3,Z0490a,openbind_xx01zvns2b_c1_scaffolds,Z3486a,Z5197a,,,,,,,,,,,,,,,,,,,,,,,,,,,,,,,,,,,,,,,,,,,,,,,,,,,,,,,,,,,
Cc1cc2c(cc1NC(=O)c1cc(Cl)nc3c1CCC31NCCS1)CNC2,Z0490a,openbind_xx01zvns2b_c1_scaffolds,Z1682a,Z3489a,,,,,,,,,,,,,,,,,,,,,,,,,,,,,,,,,,,,,,,,,,,,,,,,,,,,,,,,,,,
CSc1cc2c(cc1NC(=O)c1cc(Br)cc3ccccc13)CNC2,Z0490a,openbind_xx01zvns2b_c1_scaffolds,Z0422a,Z3489a,,,,,,,,,,,,,,,,,,,,,,,,,,,,,,,,,,,,,,,,,,,,,,,,,,,,,,,,,,,
CCOC(=O)C(CNc1ccccc1C#N)C[NH+]([O-])c1ccn2cc(C)nc2c1,Z0490a,openbind_xx01zvns2b_c1_scaffolds,Z0435a,Z3489a,,,,,,,,,,,,,,,,,,,,,,,,,,,,,,,,,,,,,,,,,,,,,,,,,,,,,,,,,,,
Cc1cc(CO)c2ccccc2c1CCC(N=CNC(C)C)N1CCC2(CCNC2N)C1,Z0490a,openbind_xx01zvns2b_c1_scaffolds,Z0472a,Z3489a,,,,,,,,,,,,,,,,,,,,,,,,,,,,,,,,,,,,,,,,,,,,,,,,,,,,,,,,,,,
COCC(=O)Nc1cc(CN(c2nc3ccccc3[nH]2)C(C)C)cc(NC(C)=O)c1,Z0490a,openbind_xx01zvns2b_c1_scaffolds,Z0673a,Z3489a,,,,,,,,,,,,,,,,,,,,,,,,,,,,,,,,,,,,,,,,,,,,,,,,,,,,,,,,,,,
O=C(c1ccncc1F)n1ccc2c1C(O)CCC21CCCNC1,Z0490a,openbind_xx01zvns2b_c1_scaffolds,Z0709a,Z0719a,Z0772a,Z0788a,Z0846b,Z3489a,,,,,,,,,,,,,,,,,,,,,,,,,,,,,,,,,,,,,,,,,,,,,,,,,,,,,,,
CC(NCN(c1nc2cc(C(=O)Nc3c[nH]c(C(N)=O)c3)ccc2[nH]1)C(C)C)c1cn(-c2ccccc2)nn1,Z0490a,openbind_xx01zvns2b_c1_scaffolds,Z0727a,Z3489a,Z4429a,,,,,,,,,,,,,,,,,,,,,,,,,,,,,,,,,,,,,,,,,,,,,,,,,,,,,,,,,,
CNCN1CCC(OCNc2ccccc2)C2NC(Cl)CCC21,Z0490a,openbind_xx01zvns2b_c1_scaffolds,Z0904a,Z0917a,Z3489a,Z4118a,,,,,,,,,,,,,,,,,,,,,,,,,,,,,,,,,,,,,,,,,,,,,,,,,,,,,,,,,
CC(=O)NC1=C(c2cc(F)cc3[nH]nnc23)C(=O)c2cc3c(cc21)CNC3C,Z0490a,openbind_xx01zvns2b_c1_scaffolds,Z1271a,Z3489a,,,,,,,,,,,,,,,,,,,,,,,,,,,,,,,,,,,,,,,,,,,,,,,,,,,,,,,,,,,
C=Cc1cn2c(c1C(=O)Nc1ccc3c(c1)CNC3)CC(C)(OCCOC)C2=O,Z0490a,openbind_xx01zvns2b_c1_scaffolds,Z1390a,Z3489a,Z3711a,,,,,,,,,,,,,,,,,,,,,,,,,,,,,,,,,,,,,,,,,,,,,,,,,,,,,,,,,,
O=C1Cc2c(cccc2C(=O)Nc2cnn(Cc3ccncc3)c2CNc2ccc(O)c(CNc3nc4ccccc4[nH]3)c2)N1,Z0490a,openbind_xx01zvns2b_c1_scaffolds,Z1398a,Z3489a,,,,,,,,,,,,,,,,,,,,,,,,,,,,,,,,,,,,,,,,,,,,,,,,,,,,,,,,,,,
O=C(Nc1ccc2c(c1)CNC2)c1cc2cnsn2c2nccc1-2,Z0490a,openbind_xx01zvns2b_c1_scaffolds,Z1730a,Z3489a,,,,,,,,,,,,,,,,,,,,,,,,,,,,,,,,,,,,,,,,,,,,,,,,,,,,,,,,,,,
Cn1ccc2c(C(=O)Nc3ccc4c(c3)CNC4)cc(Cl)nc21,Z0490a,openbind_xx01zvns2b_c1_scaffolds,Z1753a,Z3473a,Z3489a,,,,,,,,,,,,,,,,,,,,,,,,,,,,,,,,,,,,,,,,,,,,,,,,,,,,,,,,,,
O=C(Nc1ccc2c(c1)CNC2)c1cc(Cl)nc2c1CC1(CCCCC1)N2,Z0490a,openbind_xx01zvns2b_c1_scaffolds,Z1838a,Z3489a,,,,,,,,,,,,,,,,,,,,,,,,,,,,,,,,,,,,,,,,,,,,,,,,,,,,,,,,,,,
CC(C)C1NNC2(Cc3c(C(=O)Nc4ccc5c(c4)CNC5)cc(Cl)nc3N2)S1,Z0490a,openbind_xx01zvns2b_c1_scaffolds,Z3059a,Z3489a,,,,,,,,,,,,,,,,,,,,,,,,,,,,,,,,,,,,,,,,,,,,,,,,,,,,,,,,,,,
O=C(Nc1cc(F)c2c(c1)CNC2)c1cc(CNS)cc(NNCC2CNC2)c1,Z0490a,openbind_xx01zvns2b_c1_scaffolds,Z3094a,Z3400a,Z3432a,Z3439a,Z3489a,Z3665a,Z3817a,,,,,,,,,,,,,,,,,,,,,,,,,,,,,,,,,,,,,,,,,,,,,,,,,,,,,,
CS(=O)(=O)c1ccc(N2CCNCC2)cc1NC(=O)c1cc(Cl)cc2c1CCC1COCC3NCCC213,Z0490a,openbind_xx01zvns2b_c1_scaffolds,Z3469a,Z3489a,,,,,,,,,,,,,,,,,,,,,,,,,,,,,,,,,,,,,,,,,,,,,,,,,,,,,,,,,,,
Cc1nc(C2CCCNC2)[nH]c1C(O)(NCc1c(Cl)nc2nc(-c3ccccc3)ncn12)C(=O)NC(C)C,Z0490a,openbind_xx01zvns2b_c1_scaffolds,Z3476a,Z3489a,,,,,,,,,,,,,,,,,,,,,,,,,,,,,,,,,,,,,,,,,,,,,,,,,,,,,,,,,,,
O=C1C=c2c(C(=O)Nc3ccc4c(c3)CNC4)cc(Cl)nc2=N1,Z0490a,openbind_xx01zvns2b_c1_scaffolds,Z3485a,Z3489a,Z3495a,Z3522a,Z3527a,,,,,,,,,,,,,,,,,,,,,,,,,,,,,,,,,,,,,,,,,,,,,,,,,,,,,,,,
CC1=c2c(C(=O)Nc3ccc4c(c3)CNC4)cc(Cl)nc2=C(OC(C)C)C1=O,Z0490a,openbind_xx01zvns2b_c1_scaffolds,Z3486a,Z3489a,,,,,,,,,,,,,,,,,,,,,,,,,,,,,,,,,,,,,,,,,,,,,,,,,,,,,,,,,,,
O=C(NC1CC(Cl)CC(C(=O)Nc2ccc3c(c2)CNC3)C12CCNC2)OCc1ccccc1,Z0490a,openbind_xx01zvns2b_c1_scaffolds,Z3489a,Z3677a,Z3685a,Z3720a,Z3754a,Z3769a,Z3799a,Z3803a,Z3880a,Z3941a,Z4008a,Z4104a,Z4134a,Z4138a,Z4139a,Z4153a,Z4164a,Z4240a,Z4245a,Z4838a,,,,,,,,,,,,,,,,,,,,,,,,,,,,,,,,,,,,,,,,,
O=C(NCCCF)C(O)(Nc1ccc2c(c1)CNC2)c1cc(Cl)nc2[nH]ccc12,Z0490a,openbind_xx01zvns2b_c1_scaffolds,Z3489a,Z3689a,Z3691a,Z3743a,,,,,,,,,,,,,,,,,,,,,,,,,,,,,,,,,,,,,,,,,,,,,,,,,,,,,,,,,
CCCNC(=O)C(Cc1cnn2c1CNCC2)c1cc(Cl)cc2[nH]ncc12,Z0490a,openbind_xx01zvns2b_c1_scaffolds,Z3489a,Z3830a,,,,,,,,,,,,,,,,,,,,,,,,,,,,,,,,,,,,,,,,,,,,,,,,,,,,,,,,,,,
CCN(c1ccc2c(c1)CNC2)C1CCCC2=C(CCNC2)C1,Z0490a,openbind_xx01zvns2b_c1_scaffolds,Z3489a,Z4019a,,,,,,,,,,,,,,,,,,,,,,,,,,,,,,,,,,,,,,,,,,,,,,,,,,,,,,,,,,,
NC1c2cccc(C(=O)Nc3ccc4c(c3)CNC4)c2CNC12CCNCC2,Z0490a,openbind_xx01zvns2b_c1_scaffolds,Z3489a,Z4047a,,,,,,,,,,,,,,,,,,,,,,,,,,,,,,,,,,,,,,,,,,,,,,,,,,,,,,,,,,,
O=C(Nc1ccc2c(c1)CNCCO2)c1cc(Cl)cc2c1=C[NH+]([O-])N=2,Z0490a,openbind_xx01zvns2b_c1_scaffolds,Z3489a,Z4072a,,,,,,,,,,,,,,,,,,,,,,,,,,,,,,,,,,,,,,,,,,,,,,,,,,,,,,,,,,,
O=C(Nc1cc(Cl)cc(C(NCc2ccccn2)(Nc2ccc3c(c2)CNC3)C(=O)NCC(F)F)c1)OCc1ccccc1,Z0490a,openbind_xx01zvns2b_c1_scaffolds,Z3489a,Z4094a,,,,,,,,,,,,,,,,,,,,,,,,,,,,,,,,,,,,,,,,,,,,,,,,,,,,,,,,,,,
O=C(Nc1ccc2c(c1)CNC2)c1cc(Cl)c2c3c1CCN3CN2,Z0490a,openbind_xx01zvns2b_c1_scaffolds,Z3489a,Z4114a,Z4132a,,,,,,,,,,,,,,,,,,,,,,,,,,,,,,,,,,,,,,,,,,,,,,,,,,,,,,,,,,
CN(CC1CCOC1)C1C(Cl)CNCN1CN=S(C)(=O)c1ccc(N2CCNCC2)cc1,Z0490a,openbind_xx01zvns2b_c1_scaffolds,Z3489a,Z4117a,,,,,,,,,,,,,,,,,,,,,,,,,,,,,,,,,,,,,,,,,,,,,,,,,,,,,,,,,,,
COc1cc(-c2ccccc2C(=O)Nc2cnn(C)c2)cc(N)n1,Z0490a,openbind_xx01zvns2b_c1_scaffolds,Z3489a,Z4131a,Z4161a,,,,,,,,,,,,,,,,,,,,,,,,,,,,,,,,,,,,,,,,,,,,,,,,,,,,,,,,,,
N#CC(Nc1ccc2c(c1)CNC2)(C(=O)NCC(F)F)c1cc(Cl)cc2[nH]nc(Cc3ccccn3)c12,Z0490a,openbind_xx01zvns2b_c1_scaffolds,Z3489a,Z4194a,,,,,,,,,,,,,,,,,,,,,,,,,,,,,,,,,,,,,,,,,,,,,,,,,,,,,,,,,,,
CS(=O)(=O)c1ccc(N2CCNCC2)cc1NC(=O)c1cccc2c(C3CN(C4CCOCC4)C3)n[nH]c12,Z0490a,openbind_xx01zvns2b_c1_scaffolds,Z3489a,Z4200a,,,,,,,,,,,,,,,,,,,,,,,,,,,,,,,,,,,,,,,,,,,,,,,,,,,,,,,,,,,
CNCC1CC1CC1CCC(C(C)=O)(C(=O)CC2CCCO2)C(c2cc(Cl)cc3c2c(C)nn3CO)N1,Z0490a,openbind_xx01zvns2b_c1_scaffolds,Z3489a,Z4227a,,,,,,,,,,,,,,,,,,,,,,,,,,,,,,,,,,,,,,,,,,,,,,,,,,,,,,,,,,,
COC1CC(Cc2ccnc(N3CCNCC3)c2)NC2N3CC(CC#N)NCC3CCCN12,Z0490a,openbind_xx01zvns2b_c1_scaffolds,Z3489a,Z4498a,,,,,,,,,,,,,,,,,,,,,,,,,,,,,,,,,,,,,,,,,,,,,,,,,,,,,,,,,,,
COC1CNCC2(C1)C(C(=O)Cc1nc(CN(C)C)sc1C)CC(Cl)CC2C(=O)NC(C)(C)CO,Z0490a,openbind_xx01zvns2b_c1_scaffolds,Z3489a,Z4811a,,,,,,,,,,,,,,,,,,,,,,,,,,,,,,,,,,,,,,,,,,,,,,,,,,,,,,,,,,,
COc1cncc(-c2ccccc2C(=O)N(C=O)c2cc(C)n(N)c2)c1CO,Z0490a,openbind_xx01zvns2b_c1_scaffolds,Z3489a,Z4816a,,,,,,,,,,,,,,,,,,,,,,,,,,,,,,,,,,,,,,,,,,,,,,,,,,,,,,,,,,,
CNCn1nc2cc(Cl)cc(C(=O)Nc3cc[nH]n3)c2c1C#N,Z0490a,openbind_xx01zvns2b_c1_scaffolds,Z3489a,Z4827a,,,,,,,,,,,,,,,,,,,,,,,,,,,,,,,,,,,,,,,,,,,,,,,,,,,,,,,,,,,
O=C(Nc1sc2ccc(C(=O)Nc3ccc4c(c3)CNC4)cc2c1Cl)OCc1ccccc1,Z0490a,openbind_xx01zvns2b_c1_scaffolds,Z0435a,Z3495a,,,,,,,,,,,,,,,,,,,,,,,,,,,,,,,,,,,,,,,,,,,,,,,,,,,,,,,,,,,
Cc1nc2c(CC(=O)N3CCC(N)C3)cccc2c2[nH]nc(N)c12,Z0490a,openbind_xx01zvns2b_c1_scaffolds,Z0605a,Z1098a,Z3495a,,,,,,,,,,,,,,,,,,,,,,,,,,,,,,,,,,,,,,,,,,,,,,,,,,,,,,,,,,
CC1NCc2ccc(NC(=O)c3ccc(C(N)(C=O)C(C)(C)CO)c(Cl)c3)cc21,Z0490a,openbind_xx01zvns2b_c1_scaffolds,Z0687a,Z1713a,Z3264a,Z3441a,Z3495a,,,,,,,,,,,,,,,,,,,,,,,,,,,,,,,,,,,,,,,,,,,,,,,,,,,,,,,,
CC(=O)NC1CCCC(N)(c2cc(Cl)cc(C(=O)Nc3cccc(CN)c3)c2)C1,Z0490a,openbind_xx01zvns2b_c1_scaffolds,Z0709a,Z3495a,,,,,,,,,,,,,,,,,,,,,,,,,,,,,,,,,,,,,,,,,,,,,,,,,,,,,,,,,,,
CCC(C)C(Nc1ccc2c(c1)CNC2)C(=O)NC(C)C,Z0490a,openbind_xx01zvns2b_c1_scaffolds,Z0727a,Z1046b,Z1234a,Z1597a,Z3495a,,,,,,,,,,,,,,,,,,,,,,,,,,,,,,,,,,,,,,,,,,,,,,,,,,,,,,,,
O=C(NC1CNC2(CCNC2)C1)C1CCCCC12CC(CF)NN2C1CNC1,Z0490a,openbind_xx01zvns2b_c1_scaffolds,Z0772a,Z1728a,Z1729a,Z2057a,Z3495a,,,,,,,,,,,,,,,,,,,,,,,,,,,,,,,,,,,,,,,,,,,,,,,,,,,,,,,,
NCNc1cc(CNS)cc(C(=O)Nc2ccc3c(c2)CNC3)c1,Z0490a,openbind_xx01zvns2b_c1_scaffolds,Z0800a,Z3495a,,,,,,,,,,,,,,,,,,,,,,,,,,,,,,,,,,,,,,,,,,,,,,,,,,,,,,,,,,,
CCN(C)c1cc(C(=O)Nc2ccc3c(c2)CNC3)cc2c[n+]([O-])sc12,Z0490a,openbind_xx01zvns2b_c1_scaffolds,Z0819a,Z3495a,,,,,,,,,,,,,,,,,,,,,,,,,,,,,,,,,,,,,,,,,,,,,,,,,,,,,,,,,,,
O=C(NCC(F)F)C(O)(Nc1ccc2c(c1)CNC2)c1cc2c[nH]sc2c2ncnc12,Z0490a,openbind_xx01zvns2b_c1_scaffolds,Z1667a,Z3495a,,,,,,,,,,,,,,,,,,,,,,,,,,,,,,,,,,,,,,,,,,,,,,,,,,,,,,,,,,,
NC1NC2CCC(C(O)(O)Nc3cnn4c3CNCC4)C3CCCN(S1)C23,Z0490a,openbind_xx01zvns2b_c1_scaffolds,Z1745a,Z3495a,,,,,,,,,,,,,,,,,,,,,,,,,,,,,,,,,,,,,,,,,,,,,,,,,,,,,,,,,,,
O=C(O)CC1NCc2cc(NC(=O)c3cc4c[nH]sc4c4nncc34)ccc21,Z0490a,openbind_xx01zvns2b_c1_scaffolds,Z1750a,Z3495a,,,,,,,,,,,,,,,,,,,,,,,,,,,,,,,,,,,,,,,,,,,,,,,,,,,,,,,,,,,
COCCCC(CC(C)F)C(NC(NO)N1CCNC2(CCNC2)C1)OC,Z0490a,openbind_xx01zvns2b_c1_scaffolds,Z1838a,Z3495a,,,,,,,,,,,,,,,,,,,,,,,,,,,,,,,,,,,,,,,,,,,,,,,,,,,,,,,,,,,
N#CCCNc1cc(CNS)cc(C(=O)Nc2ccc3c(c2)CNC3)c1,Z0490a,openbind_xx01zvns2b_c1_scaffolds,Z2094a,Z3495a,,,,,,,,,,,,,,,,,,,,,,,,,,,,,,,,,,,,,,,,,,,,,,,,,,,,,,,,,,,
CNCC1CN(C2NC(OC)C3(CCNc4cncnc4CC(F)C3)C(C)N2O)CCN1,Z0490a,openbind_xx01zvns2b_c1_scaffolds,Z3028a,Z3495a,,,,,,,,,,,,,,,,,,,,,,,,,,,,,,,,,,,,,,,,,,,,,,,,,,,,,,,,,,,
O=C(Nc1ccc2c(c1)CNC2)C1CC2=CC=CN3CNC(=C23)C1,Z0490a,openbind_xx01zvns2b_c1_scaffolds,Z3495a,Z4039a,,,,,,,,,,,,,,,,,,,,,,,,,,,,,,,,,,,,,,,,,,,,,,,,,,,,,,,,,,,
Cc1cc2c(cc1NC(=O)c1cc(C)c3ncccc3c1)CNC2,Z0490a,openbind_xx01zvns2b_c1_scaffolds,Z3495a,Z4164a,,,,,,,,,,,,,,,,,,,,,,,,,,,,,,,,,,,,,,,,,,,,,,,,,,,,,,,,,,,
COCn1cc2c(n1)CC(Cl)CC2(O)C(Nc1ccc2c(c1)CNC2)C(=O)NCS(=O)(=O)c1ccc(C)cc1,Z0490a,openbind_xx01zvns2b_c1_scaffolds,Z3501a,Z4090a,,,,,,,,,,,,,,,,,,,,,,,,,,,,,,,,,,,,,,,,,,,,,,,,,,,,,,,,,,,
CNNc1cc(Cl)cc(C(O)(Nc2cc3c(cc2S(C)(=O)=O)CNC3)C(=O)NCS(=O)(=O)c2ccc(C)cc2)c1,Z0490a,openbind_xx01zvns2b_c1_scaffolds,Z3501a,Z4118a,,,,,,,,,,,,,,,,,,,,,,,,,,,,,,,,,,,,,,,,,,,,,,,,,,,,,,,,,,,
Cc1ccc(S(=O)(=O)CNC(=O)C(O)(Nc2ccc3c(c2)C(N)NC3)c2cc(Cl)c(CN)c3[nH]ncc23)cc1,Z0490a,openbind_xx01zvns2b_c1_scaffolds,Z3501a,Z4944a,,,,,,,,,,,,,,,,,,,,,,,,,,,,,,,,,,,,,,,,,,,,,,,,,,,,,,,,,,,
CNCn1ccc2c(C(N)(O)c3ccn4cc(C)nc4c3)cccc21,Z0490a,openbind_xx01zvns2b_c1_scaffolds,Z3501a,Z4959a,,,,,,,,,,,,,,,,,,,,,,,,,,,,,,,,,,,,,,,,,,,,,,,,,,,,,,,,,,,
CC1CCC2(CC1)NCCC(CNC(=O)C(Nc1ccc3c(c1)CNC3)c1cc(Cl)cc3[nH]ncc13)C2OCO,Z0490a,openbind_xx01zvns2b_c1_scaffolds,Z3501a,Z5017a,,,,,,,,,,,,,,,,,,,,,,,,,,,,,,,,,,,,,,,,,,,,,,,,,,,,,,,,,,,
NCn1cc2c3c(cc(C(=O)Nc4ccc5c(c4)CNC5)cc31)C=C2,Z0490a,openbind_xx01zvns2b_c1_scaffolds,Z3501a,Z5339a,,,,,,,,,,,,,,,,,,,,,,,,,,,,,,,,,,,,,,,,,,,,,,,,,,,,,,,,,,,
CC1(C)Cc2cccc(NC(=O)c3cc(Cl)cc4c3cnn4C3CNC3CNC3CCC4(Cc5ccccc5NC4=O)N3)c2O1,Z0490a,openbind_xx01zvns2b_c1_scaffolds,Z3501a,Z5348a,,,,,,,,,,,,,,,,,,,,,,,,,,,,,,,,,,,,,,,,,,,,,,,,,,,,,,,,,,,
CNCNCCc1ccc(C(C)C(=O)Nc2ccc3c(c2)CNC3)cc1,Z0490a,openbind_xx01zvns2b_c1_scaffolds,Z0429a,Z3502a,,,,,,,,,,,,,,,,,,,,,,,,,,,,,,,,,,,,,,,,,,,,,,,,,,,,,,,,,,,
NCCc1cccc(NC=NC2CN3C(C(=O)C(Cc4ccccc4)C3CN)c3cc(Cl)sc32)c1,Z0490a,openbind_xx01zvns2b_c1_scaffolds,Z0455a,Z3502a,,,,,,,,,,,,,,,,,,,,,,,,,,,,,,,,,,,,,,,,,,,,,,,,,,,,,,,,,,,
CNCn1cc2c(C(O)(Nc3ccc4c(c3)CNC4)C(=O)NCS(=O)(=O)c3ccc(C)cc3)cc(Cl)cc2n1,Z0490a,openbind_xx01zvns2b_c1_scaffolds,Z1317a,Z3502a,,,,,,,,,,,,,,,,,,,,,,,,,,,,,,,,,,,,,,,,,,,,,,,,,,,,,,,,,,,
Cc1nc2c(Cc3ccccc3C(=O)N3CCC(N)C3)cc(N)cc2c2c1OOC2,Z0490a,openbind_xx01zvns2b_c1_scaffolds,Z3502a,Z4017a,Z4025a,,,,,,,,,,,,,,,,,,,,,,,,,,,,,,,,,,,,,,,,,,,,,,,,,,,,,,,,,,
Oc1ccc(NCN=C(Nc2ccc3c(c2)CNC3)c2cc(F)cc(-c3cncs3)c2)cc1CNc1nc2ccccc2[nH]1,Z0490a,openbind_xx01zvns2b_c1_scaffolds,Z3502a,Z4072a,,,,,,,,,,,,,,,,,,,,,,,,,,,,,,,,,,,,,,,,,,,,,,,,,,,,,,,,,,,
CC1CC(C(=O)Nc2ccc3c(c2)CNC3)CC23CCNC4(CCN(C)CC4)C2NC1N3O,Z0490a,openbind_xx01zvns2b_c1_scaffolds,Z3502a,Z4120a,,,,,,,,,,,,,,,,,,,,,,,,,,,,,,,,,,,,,,,,,,,,,,,,,,,,,,,,,,,
O=C(Nc1ccccn1)c1cc(Cl)cc2c1cnn2CCNc1ccc(CNc2nc3ccccc3[nH]2)c(O)c1,Z0490a,openbind_xx01zvns2b_c1_scaffolds,Z3502a,Z5339a,,,,,,,,,,,,,,,,,,,,,,,,,,,,,,,,,,,,,,,,,,,,,,,,,,,,,,,,,,,
O=C(Nc1ccc2c(c1)CNC2)c1cccc2ncc(CC3CNC3)c(N3CCNCC3)c12,Z0490a,openbind_xx01zvns2b_c1_scaffolds,Z0490a,Z3503a,,,,,,,,,,,,,,,,,,,,,,,,,,,,,,,,,,,,,,,,,,,,,,,,,,,,,,,,,,,
CC(C)CNC(=O)C(Nc1ccc2c(c1)CNC2)c1cc(Cl)c(CCO)c2[nH]ncc12,Z0490a,openbind_xx01zvns2b_c1_scaffolds,Z0227a,Z0969a,Z3503a,,,,,,,,,,,,,,,,,,,,,,,,,,,,,,,,,,,,,,,,,,,,,,,,,,,,,,,,,,
O=C(Nc1ccc2c(c1)CNC2)c1cc(Cl)cc2c1C1(CCNC1)NN2,Z0490a,openbind_xx01zvns2b_c1_scaffolds,Z0429a,Z0435a,Z0701a,Z3472a,Z3503a,,,,,,,,,,,,,,,,,,,,,,,,,,,,,,,,,,,,,,,,,,,,,,,,,,,,,,,,
CNC1CC2(CN1)CC(CC(=O)c1cc(Cl)c3[nH]cc(C4CN(C)C4NC(O)C(C)C)c3c1)CCC2O,Z0490a,openbind_xx01zvns2b_c1_scaffolds,Z0601a,Z0687a,Z0800a,Z0819a,Z3503a,,,,,,,,,,,,,,,,,,,,,,,,,,,,,,,,,,,,,,,,,,,,,,,,,,,,,,,,
CSCc1c(C(CCCl)C(Nc2ccc3c(c2)CNC3)C(=O)NCC2CCCO2)cnn1-c1cccc(CN)c1,Z0490a,openbind_xx01zvns2b_c1_scaffolds,Z0800a,Z3503a,,,,,,,,,,,,,,,,,,,,,,,,,,,,,,,,,,,,,,,,,,,,,,,,,,,,,,,,,,,
O=C(Nc1ccc2c(c1)CNC2)c1cc(Cl)cc2c1C1(CCNC1)N(C1CNC1)N2,Z0490a,openbind_xx01zvns2b_c1_scaffolds,Z0969b,Z1664a,Z3503a,,,,,,,,,,,,,,,,,,,,,,,,,,,,,,,,,,,,,,,,,,,,,,,,,,,,,,,,,,
CNCC1(C)CC(C)Nc2c(C(=O)C(=O)C(CCCN)NC(C)=O)cc(Cl)cc21,Z0490a,openbind_xx01zvns2b_c1_scaffolds,Z1664a,Z3503a,,,,,,,,,,,,,,,,,,,,,,,,,,,,,,,,,,,,,,,,,,,,,,,,,,,,,,,,,,,
COCc1cc(-c2ccccc2C(=O)Nc2cn(C)nc2Nc2ccc(O)c(CNc3nc4ccccc4[nH]3)c2)ccn1,Z0490a,openbind_xx01zvns2b_c1_scaffolds,Z1688a,Z3503a,,,,,,,,,,,,,,,,,,,,,,,,,,,,,,,,,,,,,,,,,,,,,,,,,,,,,,,,,,,
CC(C)(CO)NC(=O)c1cc(Cl)cc(C(=O)Nc2cccc(-c3nnn[nH]3)c2)c1,Z0490a,openbind_xx01zvns2b_c1_scaffolds,Z1837a,Z3503a,,,,,,,,,,,,,,,,,,,,,,,,,,,,,,,,,,,,,,,,,,,,,,,,,,,,,,,,,,,
CCCC(C(=O)Nc1ccc2c(c1)CN(C)C2)c1c[nH]c(CNCC)n1,Z0490a,openbind_xx01zvns2b_c1_scaffolds,Z2057a,Z3503a,,,,,,,,,,,,,,,,,,,,,,,,,,,,,,,,,,,,,,,,,,,,,,,,,,,,,,,,,,,
CCc1cc(C(=O)Nc2ccc3c(c2)CNC3)c2c(c1)=C(C)C(=O)N=2,Z0490a,openbind_xx01zvns2b_c1_scaffolds,Z3503a,Z5339a,,,,,,,,,,,,,,,,,,,,,,,,,,,,,,,,,,,,,,,,,,,,,,,,,,,,,,,,,,,
O=C(NCC1CCOCC1)C(Nc1ccc2c(c1)CNC2)c1cc(CO)cc2c1CNC21CCNCC1,Z0490a,openbind_xx01zvns2b_c1_scaffolds,Z3505a,Z3746a,,,,,,,,,,,,,,,,,,,,,,,,,,,,,,,,,,,,,,,,,,,,,,,,,,,,,,,,,,,
O=C(NC1CCOCC1)C(O)(Nc1ccc2c(c1)CNC2)c1cc(Cl)cc2c1CC1(CCNCC1)N2,Z0490a,openbind_xx01zvns2b_c1_scaffolds,Z3505a,Z4966a,,,,,,,,,,,,,,,,,,,,,,,,,,,,,,,,,,,,,,,,,,,,,,,,,,,,,,,,,,,
COCC1CC2(CCN1)C(C(=O)Nc1cnn(C)c1)CC(Cl)CC2C(=O)NC(C)(C)CO,Z0490a,openbind_xx01zvns2b_c1_scaffolds,Z3505a,Z5042a,,,,,,,,,,,,,,,,,,,,,,,,,,,,,,,,,,,,,,,,,,,,,,,,,,,,,,,,,,,
Cc1nc2c(C(=O)C(=O)C3CCNC4(CCNC4)C3)cc(F)cc2c2cn[nH]c12,Z0490a,openbind_xx01zvns2b_c1_scaffolds,Z1682a,Z3506a,,,,,,,,,,,,,,,,,,,,,,,,,,,,,,,,,,,,,,,,,,,,,,,,,,,,,,,,,,,
CC(C(N)=O)n1cc(N)c2ccccc21,Z0490a,openbind_xx01zvns2b_c1_scaffolds,Z0422a,Z3506a,,,,,,,,,,,,,,,,,,,,,,,,,,,,,,,,,,,,,,,,,,,,,,,,,,,,,,,,,,,
O=C(NCC1CCOCC1)C(O)(Nc1ccc2c(c1)CNC2)c1cc(Cl)c2scc3c2c1C=N3,Z0490a,openbind_xx01zvns2b_c1_scaffolds,Z0425a,Z3506a,,,,,,,,,,,,,,,,,,,,,,,,,,,,,,,,,,,,,,,,,,,,,,,,,,,,,,,,,,,
N#Cc1csc2cc(C(O)(Nc3ccc4c(c3)CNC4)C(=O)NCC3CCOCC3)c3c[nH]nc3c12,Z0490a,openbind_xx01zvns2b_c1_scaffolds,Z0429a,Z3506a,,,,,,,,,,,,,,,,,,,,,,,,,,,,,,,,,,,,,,,,,,,,,,,,,,,,,,,,,,,
O=C(NCC1CCOCC1)C(Nc1ccc2c(c1)CNC2)c1cc(Cl)c2[nH]c(=O)n3ncc1c23,Z0490a,openbind_xx01zvns2b_c1_scaffolds,Z0553a,Z3506a,,,,,,,,,,,,,,,,,,,,,,,,,,,,,,,,,,,,,,,,,,,,,,,,,,,,,,,,,,,
CC1CC2CNCC2CC1NC(=O)C1NC(Cl)C2NNC(NC3CNC3)C12,Z0490a,openbind_xx01zvns2b_c1_scaffolds,Z0852a,Z3506a,,,,,,,,,,,,,,,,,,,,,,,,,,,,,,,,,,,,,,,,,,,,,,,,,,,,,,,,,,,
CC(=O)NC(O)(Nc1ccc(F)cc1)c1nccn1NNCC1CNC1,Z0490a,openbind_xx01zvns2b_c1_scaffolds,Z1390a,Z3506a,,,,,,,,,,,,,,,,,,,,,,,,,,,,,,,,,,,,,,,,,,,,,,,,,,,,,,,,,,,
Cn1cc2c(C(O)(Nc3ccc4c(c3)CNC4)C(=O)NCC3CCOCC3)cc(Cl)cc2n1,Z0490a,openbind_xx01zvns2b_c1_scaffolds,Z1743a,Z3506a,,,,,,,,,,,,,,,,,,,,,,,,,,,,,,,,,,,,,,,,,,,,,,,,,,,,,,,,,,,
NCn1cc2c(C(O)(Nc3ccc4c(c3)CNC4)C(=O)NCC3CCOCC3)cc(Cl)cc2n1,Z0490a,openbind_xx01zvns2b_c1_scaffolds,Z1752a,Z2094a,Z3506a,,,,,,,,,,,,,,,,,,,,,,,,,,,,,,,,,,,,,,,,,,,,,,,,,,,,,,,,,,
O=C(NCC1CCOCC1)C(O)(Nc1ccc2c(c1)CNC2)c1cc(Cl)cc2c1CC1(CCNCC1)N2,Z0490a,openbind_xx01zvns2b_c1_scaffolds,Z2235a,Z3506a,,,,,,,,,,,,,,,,,,,,,,,,,,,,,,,,,,,,,,,,,,,,,,,,,,,,,,,,,,,
CC(C)CC1C(C)c2c(C(=O)C(=O)N3CC4CNC(C)C4C3)cccc2C(CO)C1O,Z0490a,openbind_xx01zvns2b_c1_scaffolds,Z3059a,Z3506a,,,,,,,,,,,,,,,,,,,,,,,,,,,,,,,,,,,,,,,,,,,,,,,,,,,,,,,,,,,
Nn1ncc2c(C(O)(Nc3ccc4c(c3)CNC4)C(=O)NCC3CCOCC3)cc(Cl)cc21,Z0490a,openbind_xx01zvns2b_c1_scaffolds,Z3432a,Z3506a,,,,,,,,,,,,,,,,,,,,,,,,,,,,,,,,,,,,,,,,,,,,,,,,,,,,,,,,,,,
O=C(Nc1ccc2c(c1)CNC2)c1cc(Cl)cc2c1C13CCNC1COCC3N2C1CNC1,Z0490a,openbind_xx01zvns2b_c1_scaffolds,Z3441a,Z3506a,,,,,,,,,,,,,,,,,,,,,,,,,,,,,,,,,,,,,,,,,,,,,,,,,,,,,,,,,,,
NC1c2ccccc2CC1C(=O)Nc1ccc2c(c1)CNC2,Z0490a,openbind_xx01zvns2b_c1_scaffolds,Z3452a,Z3506a,,,,,,,,,,,,,,,,,,,,,,,,,,,,,,,,,,,,,,,,,,,,,,,,,,,,,,,,,,,
O=C(NCC1CCOCC1)C(O)(Nc1ccc2c(c1)CNC2)c1cc(Cl)cc2c1CNC21CCOCC1,Z0490a,openbind_xx01zvns2b_c1_scaffolds,Z3465a,Z3506a,,,,,,,,,,,,,,,,,,,,,,,,,,,,,,,,,,,,,,,,,,,,,,,,,,,,,,,,,,,
N#Cc1ccc(C(=O)Nc2ccc3c(c2)CNC3)c2c1nc(C(N)=O)n2C(F)F,Z0490a,openbind_xx01zvns2b_c1_scaffolds,Z3469a,Z3506a,,,,,,,,,,,,,,,,,,,,,,,,,,,,,,,,,,,,,,,,,,,,,,,,,,,,,,,,,,,
COc1cc(CC2CCC(O)C3(CCNC(C)C3)C2)c2cc(Cl)c3c(c2n1)CC(NC(C)(C)CO)NC3,Z0490a,openbind_xx01zvns2b_c1_scaffolds,Z3489a,Z3506a,,,,,,,,,,,,,,,,,,,,,,,,,,,,,,,,,,,,,,,,,,,,,,,,,,,,,,,,,,,
COCC(=O)Nc1cc(NC(C)=O)cc(NN2CC(n3ncc4c(C(=O)Nc5ccc(C6CCOC6)cc5F)cc(Cl)cc43)C2)c1,Z0490a,openbind_xx01zvns2b_c1_scaffolds,Z3506a,Z3515a,,,,,,,,,,,,,,,,,,,,,,,,,,,,,,,,,,,,,,,,,,,,,,,,,,,,,,,,,,,
CCn1cnc2cccc(C(=O)Nc3cc4c(c(C5=CCS(=O)(=O)CC5)c3)CNC4)c21,Z0490a,openbind_xx01zvns2b_c1_scaffolds,Z3506a,Z3522a,,,,,,,,,,,,,,,,,,,,,,,,,,,,,,,,,,,,,,,,,,,,,,,,,,,,,,,,,,,
Cc1cc(C(=O)Nc2cc(C)c3c(c2)CNC3)c2c(NF)nn(C)c2n1,Z0490a,openbind_xx01zvns2b_c1_scaffolds,Z3506a,Z3767a,,,,,,,,,,,,,,,,,,,,,,,,,,,,,,,,,,,,,,,,,,,,,,,,,,,,,,,,,,,
CC(C)CNC(=O)C(Nc1ccc2c(c1)CNC2)c1cc(Cl)ccc1CNN,Z0490a,openbind_xx01zvns2b_c1_scaffolds,Z3506a,Z3774a,Z3799a,,,,,,,,,,,,,,,,,,,,,,,,,,,,,,,,,,,,,,,,,,,,,,,,,,,,,,,,,,
CC(C)NC(=O)C(O)(Nc1ccc2c(c1)CNC2)c1cc(Cl)nc2c1cc(F)n2F,Z0490a,openbind_xx01zvns2b_c1_scaffolds,Z3506a,Z4017a,,,,,,,,,,,,,,,,,,,,,,,,,,,,,,,,,,,,,,,,,,,,,,,,,,,,,,,,,,,
CCc1c2nc(C)cc(C(=O)C(=O)c3ccc4c(c3)CNC4)c2cn1C,Z0490a,openbind_xx01zvns2b_c1_scaffolds,Z3506a,Z4025a,Z4039a,Z4066a,Z4090a,,,,,,,,,,,,,,,,,,,,,,,,,,,,,,,,,,,,,,,,,,,,,,,,,,,,,,,,
CC(CN)N1CC(NC(=O)Nc2ccc3c(c2)CNC3)c2sccc2C12CCNCC2,Z0490a,openbind_xx01zvns2b_c1_scaffolds,Z3506a,Z4168a,,,,,,,,,,,,,,,,,,,,,,,,,,,,,,,,,,,,,,,,,,,,,,,,,,,,,,,,,,,
CNC(=O)C(O)(Nc1ccc2c(c1)CNC2)c1cc(C)nc2c1cnn2C,Z0490a,openbind_xx01zvns2b_c1_scaffolds,Z3506a,Z4204a,,,,,,,,,,,,,,,,,,,,,,,,,,,,,,,,,,,,,,,,,,,,,,,,,,,,,,,,,,,
Cc1nc2c(C(=O)C(=O)C3CCNC(CN)C3)cccc2c2c1C(C)OC2,Z0490a,openbind_xx01zvns2b_c1_scaffolds,Z3506a,Z4429a,,,,,,,,,,,,,,,,,,,,,,,,,,,,,,,,,,,,,,,,,,,,,,,,,,,,,,,,,,,
CCOC(=O)c1cc2c3c(cc(Cl)cc3c1C(=O)Nc1ccc3c(c1)CNC3)N(N)C=C2C1CCNCC1,Z0490a,openbind_xx01zvns2b_c1_scaffolds,Z3506a,Z4827a,,,,,,,,,,,,,,,,,,,,,,,,,,,,,,,,,,,,,,,,,,,,,,,,,,,,,,,,,,,
O=C(Nc1ccc(C2CNC2)cc1)c1cc(Cl)cc2c1NC(=O)C1(CCCN1)C2,Z0490a,openbind_xx01zvns2b_c1_scaffolds,Z3506a,Z4590a,,,,,,,,,,,,,,,,,,,,,,,,,,,,,,,,,,,,,,,,,,,,,,,,,,,,,,,,,,,
CC(CNCOC(F)CNC(=O)CNc1cnc2c(c1)CNC2)C1Cc2csc3c2C(C1)NCC3,Z0490a,openbind_xx01zvns2b_c1_scaffolds,Z3506a,Z5020a,,,,,,,,,,,,,,,,,,,,,,,,,,,,,,,,,,,,,,,,,,,,,,,,,,,,,,,,,,,
CCc1c2nc(C)cc(C(=O)N(C(=O)NCC(F)F)c3ccc4c(c3)CNC4)c2cn1O,Z0490a,openbind_xx01zvns2b_c1_scaffolds,Z3506a,Z5042a,Z5084a,Z5085a,Z5086a,,,,,,,,,,,,,,,,,,,,,,,,,,,,,,,,,,,,,,,,,,,,,,,,,,,,,,,,
CC(=O)NC(O)(Nc1ccncn1)C1NC(F)CC12CCNN2C1CNC1,Z0490a,openbind_xx01zvns2b_c1_scaffolds,Z3506a,Z5124a,,,,,,,,,,,,,,,,,,,,,,,,,,,,,,,,,,,,,,,,,,,,,,,,,,,,,,,,,,,
CS(=O)(=O)c1ccc(N2CCNCC2)cc1C(C(=O)NCC(F)F)c1cc(Br)ccc1OCc1ccccn1,Z0490a,openbind_xx01zvns2b_c1_scaffolds,Z3506a,Z5139a,,,,,,,,,,,,,,,,,,,,,,,,,,,,,,,,,,,,,,,,,,,,,,,,,,,,,,,,,,,
COC1CCC2(CN1)NCSc1cccc(C(O)(O)NC3CN(C)C4(CCNC4)C3)c12,Z0490a,openbind_xx01zvns2b_c1_scaffolds,Z3506a,Z5148a,,,,,,,,,,,,,,,,,,,,,,,,,,,,,,,,,,,,,,,,,,,,,,,,,,,,,,,,,,,
CNCc1cccc2c(C(=O)NC3CC(N4CCNCC4)CCC34CC(C)C=C4O)cc(Cl)cc12,Z0490a,openbind_xx01zvns2b_c1_scaffolds,Z3506a,Z5200a,,,,,,,,,,,,,,,,,,,,,,,,,,,,,,,,,,,,,,,,,,,,,,,,,,,,,,,,,,,
CC(=O)NC1C(=O)N(c2cc(C)c(CO)c3cccnc23)C(=O)N2CC(C[NH3+])CC12,Z0490a,openbind_xx01zvns2b_c1_scaffolds,Z3506a,Z5211a,,,,,,,,,,,,,,,,,,,,,,,,,,,,,,,,,,,,,,,,,,,,,,,,,,,,,,,,,,,
CCOCC12CCCC1CCC1(Cc3cccc(C(=O)Nc4cccc(CN)c4)c3N1)C2O,Z0490a,openbind_xx01zvns2b_c1_scaffolds,Z0844a,Z3507a,,,,,,,,,,,,,,,,,,,,,,,,,,,,,,,,,,,,,,,,,,,,,,,,,,,,,,,,,,,
Cc1cc(C(O)(CC(=O)O)Nc2ccc3c(c2)CNC3)c2cnn(C)c2n1,Z0490a,openbind_xx01zvns2b_c1_scaffolds,Z0773a,Z3507a,,,,,,,,,,,,,,,,,,,,,,,,,,,,,,,,,,,,,,,,,,,,,,,,,,,,,,,,,,,
CNCC1(C)CC(C)Nc2c1cc(Cl)cc2C1(C=O)C(=O)C(NC(C)=O)c2c(CN)cccc21,Z0490a,openbind_xx01zvns2b_c1_scaffolds,Z1234a,Z3507a,,,,,,,,,,,,,,,,,,,,,,,,,,,,,,,,,,,,,,,,,,,,,,,,,,,,,,,,,,,
Cn1cc(C(F)(F)C(C)(O)c2ccc(N3CCNCC3)cc2)nc1C1CCCNC1,Z0490a,openbind_xx01zvns2b_c1_scaffolds,Z3507a,Z4198a,,,,,,,,,,,,,,,,,,,,,,,,,,,,,,,,,,,,,,,,,,,,,,,,,,,,,,,,,,,
CC(=O)NC(O)(Nc1c[nH]c(C(N)=O)c1)c1ccc2nc(NC(C)C)[nH]c2c1,Z0490a,openbind_xx01zvns2b_c1_scaffolds,Z3515a,Z3815a,,,,,,,,,,,,,,,,,,,,,,,,,,,,,,,,,,,,,,,,,,,,,,,,,,,,,,,,,,,
CNCc1[nH]c(N)c2c(C(=O)Nc3ccc4c(c3)CNC4)cccc12,Z0490a,openbind_xx01zvns2b_c1_scaffolds,Z3515a,Z4017a,,,,,,,,,,,,,,,,,,,,,,,,,,,,,,,,,,,,,,,,,,,,,,,,,,,,,,,,,,,
COc1ccc(-c2ccccc2C(=O)N(C(=O)NCC(F)F)C2CN(C)C3(CCNC3)C2)cn1,Z0490a,openbind_xx01zvns2b_c1_scaffolds,Z3515a,Z4132a,,,,,,,,,,,,,,,,,,,,,,,,,,,,,,,,,,,,,,,,,,,,,,,,,,,,,,,,,,,
O=C1Cc2c(cc(Cl)cc2C(Nc2ccc3c(c2)CNC3)C(=O)NCC2CCCO2)N1,Z0490a,openbind_xx01zvns2b_c1_scaffolds,Z3515a,Z4855a,,,,,,,,,,,,,,,,,,,,,,,,,,,,,,,,,,,,,,,,,,,,,,,,,,,,,,,,,,,
CC(=O)NC1C(=O)N(c2cccc3cccnc23)Nc2cc3c(cc21)CNC3C,Z0490a,openbind_xx01zvns2b_c1_scaffolds,Z0844a,Z0429a,Z0601a,Z1715a,Z3519a,,,,,,,,,,,,,,,,,,,,,,,,,,,,,,,,,,,,,,,,,,,,,,,,,,,,,,,,
O=C(Nc1ccc2c(c1)CNC2)c1cccc2c1CC(=O)C21CCNCC1,Z0490a,openbind_xx01zvns2b_c1_scaffolds,Z1682a,Z3519a,,,,,,,,,,,,,,,,,,,,,,,,,,,,,,,,,,,,,,,,,,,,,,,,,,,,,,,,,,,
CNCN1C(=O)Cc2c(C(=O)Nc3ccc4c(c3)CNC4)cc(Br)cc21,Z0490a,openbind_xx01zvns2b_c1_scaffolds,Z0089a,Z3519a,,,,,,,,,,,,,,,,,,,,,,,,,,,,,,,,,,,,,,,,,,,,,,,,,,,,,,,,,,,
Cc1nc2c(CC(=O)N3CCC(CN)C3)c(Cl)ccc2c(CO)c1C,Z0490a,openbind_xx01zvns2b_c1_scaffolds,Z0852a,Z3519a,,,,,,,,,,,,,,,,,,,,,,,,,,,,,,,,,,,,,,,,,,,,,,,,,,,,,,,,,,,
CC(=O)NC(CCCC[NH3+])C(=Nc1ccc(CNc2nc3ccccc3[nH]2)c(O)c1)Nc1cccc2cccnc12,Z0490a,openbind_xx01zvns2b_c1_scaffolds,Z0917a,Z3519a,,,,,,,,,,,,,,,,,,,,,,,,,,,,,,,,,,,,,,,,,,,,,,,,,,,,,,,,,,,
Oc1cc(Nc2cc(N3CCNCC3)c3ccccc3n2)ccc1CNc1nc2ccccc2[nH]1,Z0490a,openbind_xx01zvns2b_c1_scaffolds,Z0990a,Z3519a,,,,,,,,,,,,,,,,,,,,,,,,,,,,,,,,,,,,,,,,,,,,,,,,,,,,,,,,,,,
CC(C)NCC1(c2ncccc2C(=O)Nc2cnn(C)c2)CCCC1,Z0490a,openbind_xx01zvns2b_c1_scaffolds,Z1046b,Z3519a,,,,,,,,,,,,,,,,,,,,,,,,,,,,,,,,,,,,,,,,,,,,,,,,,,,,,,,,,,,
CCCc1ccc(CCCN)c(Br)c1C(O)(Nc1ccc2c(c1)CNC2)C(=O)NCC(F)F,Z0490a,openbind_xx01zvns2b_c1_scaffolds,Z1291a,Z3519a,,,,,,,,,,,,,,,,,,,,,,,,,,,,,,,,,,,,,,,,,,,,,,,,,,,,,,,,,,,
O=C(Nc1cccc2cccnc12)C1CCNCC1CCNc1ccc(O)c(CNc2nc3ccccc3[nH]2)c1,Z0490a,openbind_xx01zvns2b_c1_scaffolds,Z1320a,Z1342a,Z1719a,Z3519a,,,,,,,,,,,,,,,,,,,,,,,,,,,,,,,,,,,,,,,,,,,,,,,,,,,,,,,,,
NCc1ccc(CC(NC(=O)c2ocnc2CN)C(=O)N2CCCCC2)cc1,Z0490a,openbind_xx01zvns2b_c1_scaffolds,Z1596a,Z1713a,Z3519a,,,,,,,,,,,,,,,,,,,,,,,,,,,,,,,,,,,,,,,,,,,,,,,,,,,,,,,,,,
O=C(NC1CC2=C(CNC2)CC12CCCC2=O)N1CC2(CC(F)(F)C2)c2c1cnn2C1CNC1,Z0490a,openbind_xx01zvns2b_c1_scaffolds,Z1681a,Z1745a,Z3519a,,,,,,,,,,,,,,,,,,,,,,,,,,,,,,,,,,,,,,,,,,,,,,,,,,,,,,,,,,
CNCc1nc(CC(=O)O)c2n(C(=O)Nc3cc(F)cc(N4CCCC4)c3)cc(C)cc1-2,Z0490a,openbind_xx01zvns2b_c1_scaffolds,Z1730a,Z3519a,,,,,,,,,,,,,,,,,,,,,,,,,,,,,,,,,,,,,,,,,,,,,,,,,,,,,,,,,,,
CC1CNCCN1c1ccc(S(C)(=O)=O)c(NC(=O)c2cc(Cl)cc3c2CC2(CCCNC2)CN3)c1,Z0490a,openbind_xx01zvns2b_c1_scaffolds,Z1750a,Z3519a,,,,,,,,,,,,,,,,,,,,,,,,,,,,,,,,,,,,,,,,,,,,,,,,,,,,,,,,,,,
Nc1ccnc2c(N(C(=O)NCC(F)F)C(F)(F)Oc3cnc4c(c3)CNC4)cccc12,Z0490a,openbind_xx01zvns2b_c1_scaffolds,Z1752a,Z3519a,,,,,,,,,,,,,,,,,,,,,,,,,,,,,,,,,,,,,,,,,,,,,,,,,,,,,,,,,,,
CNC1CC2(CN1)CC(CC(=O)c1cc(Cl)c3nn(NC(C)(C)CO)c(OC4CCNCC4)c3c1)CCC2O,Z0490a,openbind_xx01zvns2b_c1_scaffolds,Z1753a,Z3519a,,,,,,,,,,,,,,,,,,,,,,,,,,,,,,,,,,,,,,,,,,,,,,,,,,,,,,,,,,,
O=C(Nc1ccc2c(c1)CNC2)c1cc(Cl)cc2c1CC(=O)N2NC1CNC1,Z0490a,openbind_xx01zvns2b_c1_scaffolds,Z1756a,Z3519a,,,,,,,,,,,,,,,,,,,,,,,,,,,,,,,,,,,,,,,,,,,,,,,,,,,,,,,,,,,
O=C(O)CN=C(c1cc(Cl)cc(NC(=O)OCc2ccccc2)c1)N(C(=O)NCC(F)F)C1CCCC2(CCNC2)C1,Z0490a,openbind_xx01zvns2b_c1_scaffolds,Z1837a,Z3519a,,,,,,,,,,,,,,,,,,,,,,,,,,,,,,,,,,,,,,,,,,,,,,,,,,,,,,,,,,,
CN1CCC(C(CF)Cc2cccc(C(=O)NC3CNC4(CCNC4)C3)c2)C(CF)C1,Z0490a,openbind_xx01zvns2b_c1_scaffolds,Z3469a,Z3519a,,,,,,,,,,,,,,,,,,,,,,,,,,,,,,,,,,,,,,,,,,,,,,,,,,,,,,,,,,,
CCOC(=O)C1CN2SCNC2OC2CC(F)CC2C1NNc1ccc2c(c1)CNC2,Z0490a,openbind_xx01zvns2b_c1_scaffolds,Z3473a,Z3519a,,,,,,,,,,,,,,,,,,,,,,,,,,,,,,,,,,,,,,,,,,,,,,,,,,,,,,,,,,,
Cn1c(-c2ccccc2)nc2c(C(=O)C(=O)c3ccc4c(c3)CNC4)cc(F)cc21,Z0490a,openbind_xx01zvns2b_c1_scaffolds,Z3519a,Z3746a,,,,,,,,,,,,,,,,,,,,,,,,,,,,,,,,,,,,,,,,,,,,,,,,,,,,,,,,,,,
CNC1CN(C)CCC12Nc1cccc(C(=O)NC3CCC4CNCC4C3)c1N2,Z0490a,openbind_xx01zvns2b_c1_scaffolds,Z3519a,Z3774a,,,,,,,,,,,,,,,,,,,,,,,,,,,,,,,,,,,,,,,,,,,,,,,,,,,,,,,,,,,
CCC1CN(c2nc(C(=CNc3ccc4c(c3)CNC4)Oc3cc(C)nc4ncnn34)cc(OC)c2N)CCN1,Z0490a,openbind_xx01zvns2b_c1_scaffolds,Z3519a,Z3790a,,,,,,,,,,,,,,,,,,,,,,,,,,,,,,,,,,,,,,,,,,,,,,,,,,,,,,,,,,,
CNCc1cc(CN)ccc1CC(NC(=O)C1CCCCC12CCNN2C1CNC1)C(=O)N1CCCCC1,Z0490a,openbind_xx01zvns2b_c1_scaffolds,Z3519a,Z3792a,Z3799a,,,,,,,,,,,,,,,,,,,,,,,,,,,,,,,,,,,,,,,,,,,,,,,,,,,,,,,,,,
CCCNC(=O)C(O)(Nc1ccc(CNC)cc1)C1CC(Cl)CC2=C1CNN2,Z0490a,openbind_xx01zvns2b_c1_scaffolds,Z3519a,Z4872a,,,,,,,,,,,,,,,,,,,,,,,,,,,,,,,,,,,,,,,,,,,,,,,,,,,,,,,,,,,
N#Cc1cc2c(cc1NC(=C(F)F)c1cc(F)cc3c1cnn3N)CNC2,Z0490a,openbind_xx01zvns2b_c1_scaffolds,Z2094a,Z3522a,,,,,,,,,,,,,,,,,,,,,,,,,,,,,,,,,,,,,,,,,,,,,,,,,,,,,,,,,,,
Cc1cc(CN(C)Cc2ccccc2)c2cc(Cl)cc(C(C=O)C(=O)N3CC(C)C(N)C3)c2n1,Z0490a,openbind_xx01zvns2b_c1_scaffolds,Z3522a,Z3673a,,,,,,,,,,,,,,,,,,,,,,,,,,,,,,,,,,,,,,,,,,,,,,,,,,,,,,,,,,,
CC[NH2+]c1ccc(C(NC(C)=O)C(=O)Nc2[nH]c(CO)cc2NC(C)CCCl)cc1,Z0490a,openbind_xx01zvns2b_c1_scaffolds,Z3522a,Z3733a,,,,,,,,,,,,,,,,,,,,,,,,,,,,,,,,,,,,,,,,,,,,,,,,,,,,,,,,,,,
N#CCC1=NC2C3CNCCC3CC3C(C(=O)Nc4ccc5c(c4)CNC5)CCN1C32,Z0490a,openbind_xx01zvns2b_c1_scaffolds,Z3522a,Z3769a,Z3774a,Z3792a,Z3802a,Z3808b,Z3813a,,,,,,,,,,,,,,,,,,,,,,,,,,,,,,,,,,,,,,,,,,,,,,,,,,,,,,
CCC12CCCC3=C1C(CCN[N+]2([O-])C(=O)C(CC(C)N)c1cnn(CCNC)c1)NC3,Z0490a,openbind_xx01zvns2b_c1_scaffolds,Z3522a,Z3833a,,,,,,,,,,,,,,,,,,,,,,,,,,,,,,,,,,,,,,,,,,,,,,,,,,,,,,,,,,,
CC(NCCN=C1N=c2ccc(C(=O)Nc3ccc4c(c3)CNC4)cc2=N1)c1cn(-c2ccccc2)nn1,Z0490a,openbind_xx01zvns2b_c1_scaffolds,Z3522a,Z3842a,Z3850a,,,,,,,,,,,,,,,,,,,,,,,,,,,,,,,,,,,,,,,,,,,,,,,,,,,,,,,,,,
N#Cc1cc2c(cc1NC(=O)c1cc(F)cc3[nH]ncc13)CNC2,Z0490a,openbind_xx01zvns2b_c1_scaffolds,Z3522a,Z3941a,Z3970a,Z3980a,Z4017a,Z4019a,Z4020a,Z4047a,Z4066a,Z4089a,Z4139a,Z4153a,Z4160a,Z4811a,Z4827a,Z4857a,Z4951a,Z4954a,Z4959b,Z5003a,Z5020a,Z5084a,,,,,,,,,,,,,,,,,,,,,,,,,,,,,,,,,,,,,,,
COc1cc(-c2cc(NC=NC3CN(C(C)CN)Cc4cc(F)sc43)cc3c2CNC3)ccn1,Z0490a,openbind_xx01zvns2b_c1_scaffolds,Z3522a,Z3956a,,,,,,,,,,,,,,,,,,,,,,,,,,,,,,,,,,,,,,,,,,,,,,,,,,,,,,,,,,,
Nc1cncc2c(C(=O)Nc3ccc4c(c3)CNCCO4)cccc12,Z0490a,openbind_xx01zvns2b_c1_scaffolds,Z3522a,Z4134a,,,,,,,,,,,,,,,,,,,,,,,,,,,,,,,,,,,,,,,,,,,,,,,,,,,,,,,,,,,
Cc1cc(CCN)cc(C(=O)C(=O)c2cc(Cl)cc(C(=O)C3=NCC(C)(c4ccccc4)O3)c2)c1,Z0490a,openbind_xx01zvns2b_c1_scaffolds,Z3522a,Z4756a,,,,,,,,,,,,,,,,,,,,,,,,,,,,,,,,,,,,,,,,,,,,,,,,,,,,,,,,,,,
CN(N)c1cc(C(=O)Nc2ccc3c(c2)CNC3)c2ccnc-2[nH]1,Z0490a,openbind_xx01zvns2b_c1_scaffolds,Z3522a,Z4886a,,,,,,,,,,,,,,,,,,,,,,,,,,,,,,,,,,,,,,,,,,,,,,,,,,,,,,,,,,,
N#Cc1cc2c(cc1NC(=O)c1cc(F)cc3c1C=N[NH+]3[O-])CNC2,Z0490a,openbind_xx01zvns2b_c1_scaffolds,Z3522a,Z5348a,,,,,,,,,,,,,,,,,,,,,,,,,,,,,,,,,,,,,,,,,,,,,,,,,,,,,,,,,,,
N=CC(c1ccc(C(=O)Nc2ccc3c(c2)CNC3)cc1Cl)C1CCNCC1,Z0490a,openbind_xx01zvns2b_c1_scaffolds,Z3527a,Z3696a,,,,,,,,,,,,,,,,,,,,,,,,,,,,,,,,,,,,,,,,,,,,,,,,,,,,,,,,,,,
CNCn1ncc2c(C(=O)Nc3cc4c(c(C5=CCS(=O)(=O)CC5)c3)CN(C)C4)cc(F)cc21,Z0490a,openbind_xx01zvns2b_c1_scaffolds,Z0772a,Z3545a,,,,,,,,,,,,,,,,,,,,,,,,,,,,,,,,,,,,,,,,,,,,,,,,,,,,,,,,,,,
Nc1c(CN2CCC(n3cn[nH]c3=O)CC2)oc2cccc(C(=O)Nc3ccc4c(c3)CNC4)c12,Z0490a,openbind_xx01zvns2b_c1_scaffolds,Z0969b,Z3545a,,,,,,,,,,,,,,,,,,,,,,,,,,,,,,,,,,,,,,,,,,,,,,,,,,,,,,,,,,,
CNCN1c2cc(F)cc(C(=O)Nc3cc4c(c(C5=CCS(=O)(=O)CC5)c3)CNC4)c2CC12CCC(OC)NN2,Z0490a,openbind_xx01zvns2b_c1_scaffolds,Z1234a,Z3545a,,,,,,,,,,,,,,,,,,,,,,,,,,,,,,,,,,,,,,,,,,,,,,,,,,,,,,,,,,,
CC(C)Nc1nc2c(N)cccc2[nH]1,Z0490a,openbind_xx01zvns2b_c1_scaffolds,Z1271a,Z3545a,,,,,,,,,,,,,,,,,,,,,,,,,,,,,,,,,,,,,,,,,,,,,,,,,,,,,,,,,,,
CC(=O)NC(C(=O)Nc1cccc2c1NCCC21CCC(CN)CC1)c1cc2c(cc1C)CNC2,Z0490a,openbind_xx01zvns2b_c1_scaffolds,Z1667a,Z3545a,,,,,,,,,,,,,,,,,,,,,,,,,,,,,,,,,,,,,,,,,,,,,,,,,,,,,,,,,,,
NCc1c(F)cc(C(N=O)Nc2cc3c(c(C4=CCS(=O)(=O)CC4)c2)CNC3)c2cn[nH]c12,Z0490a,openbind_xx01zvns2b_c1_scaffolds,Z1681a,Z3545a,,,,,,,,,,,,,,,,,,,,,,,,,,,,,,,,,,,,,,,,,,,,,,,,,,,,,,,,,,,
COCC(=O)Nc1cc(NCCc2ccnc3c(NC(=O)C(CCCN)NC(C)=O)cccc23)cc(NC(C)=O)c1,Z0490a,openbind_xx01zvns2b_c1_scaffolds,Z1715a,Z3545a,,,,,,,,,,,,,,,,,,,,,,,,,,,,,,,,,,,,,,,,,,,,,,,,,,,,,,,,,,,
CCN1CCCC2(C1)Nc1cc(Br)cc(C(=O)Nc3ccc4c(c3)CNC4)c1N2,Z0490a,openbind_xx01zvns2b_c1_scaffolds,Z1731a,Z3545a,,,,,,,,,,,,,,,,,,,,,,,,,,,,,,,,,,,,,,,,,,,,,,,,,,,,,,,,,,,
CC(C)NC(=O)C(O)(Nc1ccc2c(c1)CNC2)c1cc(Cl)cc2c1CN1CC3CC21CNN3,Z0490a,openbind_xx01zvns2b_c1_scaffolds,Z1750a,Z3545a,,,,,,,,,,,,,,,,,,,,,,,,,,,,,,,,,,,,,,,,,,,,,,,,,,,,,,,,,,,
Cc1nn(CO)c2cc(F)cc(C3=C4C5CCCCC(C5)C4C4C(CC5CNCC5C4C4=CCS(=O)(=O)CC4)N3)c12,Z0490a,openbind_xx01zvns2b_c1_scaffolds,Z1756a,Z3545a,,,,,,,,,,,,,,,,,,,,,,,,,,,,,,,,,,,,,,,,,,,,,,,,,,,,,,,,,,,
CCC(C)(c1nc2cc(F)cc(C(=O)Nc3ccc4c(c3)CNC4)c2[nH]1)S(C)(=O)=O,Z0490a,openbind_xx01zvns2b_c1_scaffolds,Z1838a,Z3515a,Z3545a,,,,,,,,,,,,,,,,,,,,,,,,,,,,,,,,,,,,,,,,,,,,,,,,,,,,,,,,,,
CC1(CO)CC(C)(S(C)(=O)=O)c2nc3c(C(=O)Nc4ccc5c(c4)CNC5)cc(F)cc3n2N1,Z0490a,openbind_xx01zvns2b_c1_scaffolds,Z2094a,Z3545a,,,,,,,,,,,,,,,,,,,,,,,,,,,,,,,,,,,,,,,,,,,,,,,,,,,,,,,,,,,
CNc1c[nH]c(CN(C)C(=O)C(=O)c2ccc3c4c(cc(C)nc24)C(O)=C3)c1,Z0490a,openbind_xx01zvns2b_c1_scaffolds,Z2126a,Z3545a,Z5029a,,,,,,,,,,,,,,,,,,,,,,,,,,,,,,,,,,,,,,,,,,,,,,,,,,,,,,,,,,
CC1(C)CCC2(CC(NC(=O)C3CC(Cl)CCC34CC(F)(F)NN4C3CNC3)CN2)O1,Z0490a,openbind_xx01zvns2b_c1_scaffolds,Z3439a,Z3545a,,,,,,,,,,,,,,,,,,,,,,,,,,,,,,,,,,,,,,,,,,,,,,,,,,,,,,,,,,,
N#CCNNc1ccc(C(Nc2ccc3c(c2)CNC3)C(=O)NCC(F)F)c(NCN)c1,Z0490a,openbind_xx01zvns2b_c1_scaffolds,Z3473a,Z3545a,,,,,,,,,,,,,,,,,,,,,,,,,,,,,,,,,,,,,,,,,,,,,,,,,,,,,,,,,,,
CC(=O)NC1C(=O)C(C=O)(c2cc(Br)cc3c(CO)cc(C)nc23)c2ccc3c(c21)CNC3,Z0490a,openbind_xx01zvns2b_c1_scaffolds,Z3522a,Z3545a,Z3646a,,,,,,,,,,,,,,,,,,,,,,,,,,,,,,,,,,,,,,,,,,,,,,,,,,,,,,,,,,
Cc1ccc(NC(=O)c2cc(Cl)cc3c(C(=N)NCCNC4CCC5(Cc6ccccc6NC5=O)N4)c[nH]c23)cc1C,Z0490a,openbind_xx01zvns2b_c1_scaffolds,Z3545a,Z3548a,,,,,,,,,,,,,,,,,,,,,,,,,,,,,,,,,,,,,,,,,,,,,,,,,,,,,,,,,,,
CN(C)C1CNCC12CC(CN(CC(=O)O)c1cc(Cl)cc3c1cnn3NC(C)(C)CO)CCC2O,Z0490a,openbind_xx01zvns2b_c1_scaffolds,Z3545a,Z3680a,,,,,,,,,,,,,,,,,,,,,,,,,,,,,,,,,,,,,,,,,,,,,,,,,,,,,,,,,,,
CC(C)(c1nc2c(C(=O)C(=O)c3ccc4c(c3)CNC4)cc(F)cc2n1CO)S(C)(=O)=O,Z0490a,openbind_xx01zvns2b_c1_scaffolds,Z3545a,Z3754a,Z3767a,Z3774a,,,,,,,,,,,,,,,,,,,,,,,,,,,,,,,,,,,,,,,,,,,,,,,,,,,,,,,,,
CC(C)(c1nc2c(C(=O)Nc3ccc4c(c3)CNC4)cc(F)cc2n1N)S(C)(=O)=O,Z0490a,openbind_xx01zvns2b_c1_scaffolds,Z3545a,Z3758a,,,,,,,,,,,,,,,,,,,,,,,,,,,,,,,,,,,,,,,,,,,,,,,,,,,,,,,,,,,
NC(=O)CCC1CCC2(CC1)Cc1c(cccc1C1CNCC3CC4=C(CCC31)CNC4)N2,Z0490a,openbind_xx01zvns2b_c1_scaffolds,Z3545a,Z3815a,,,,,,,,,,,,,,,,,,,,,,,,,,,,,,,,,,,,,,,,,,,,,,,,,,,,,,,,,,,
CNCc1c(N)ccc2c(N(O)Nc3cccc4c3OC(C)(C)C4)cc(Cl)cc12,Z0490a,openbind_xx01zvns2b_c1_scaffolds,Z3545a,Z3858a,,,,,,,,,,,,,,,,,,,,,,,,,,,,,,,,,,,,,,,,,,,,,,,,,,,,,,,,,,,
O=CN(Cc1ccccc1)C1NCC1n1ncc2c(C(=O)Nc3ccc4c(c3)CNC4)cc(Cl)cc21,Z0490a,openbind_xx01zvns2b_c1_scaffolds,Z3545a,Z4072a,,,,,,,,,,,,,,,,,,,,,,,,,,,,,,,,,,,,,,,,,,,,,,,,,,,,,,,,,,,
CCc1cnc(C2(CN)CCCC2)c(C(=O)Nc2ccc3c(c2)CNC3)c1,Z0490a,openbind_xx01zvns2b_c1_scaffolds,Z3545a,Z4120a,,,,,,,,,,,,,,,,,,,,,,,,,,,,,,,,,,,,,,,,,,,,,,,,,,,,,,,,,,,
NC(=O)CCC1CCC2(CC1)CC1=C(CCC1C(=O)c1ccc3c(c1)N=C1C=NC=C13)CN2,Z0490a,openbind_xx01zvns2b_c1_scaffolds,Z3545a,Z4153a,,,,,,,,,,,,,,,,,,,,,,,,,,,,,,,,,,,,,,,,,,,,,,,,,,,,,,,,,,,
CS(=O)(=O)CC1CCCCC12Nc1cc(F)cc(C(=O)Nc3ccc4c(c3)CNC4)c1N2,Z0490a,openbind_xx01zvns2b_c1_scaffolds,Z3545a,Z4194a,,,,,,,,,,,,,,,,,,,,,,,,,,,,,,,,,,,,,,,,,,,,,,,,,,,,,,,,,,,
CC(C)(c1nc2cc(F)cc(C(=O)Nc3ccc4c(c3)CNC4)c2n1OCCCO)S(C)(=O)=O,Z0490a,openbind_xx01zvns2b_c1_scaffolds,Z3545a,Z4905a,,,,,,,,,,,,,,,,,,,,,,,,,,,,,,,,,,,,,,,,,,,,,,,,,,,,,,,,,,,
CC1C(C(=O)Nc2ccc3c(c2)CNC3)CC2(CCC(F)C2)CC1C(=O)NC(C)(C)CO,Z0490a,openbind_xx01zvns2b_c1_scaffolds,Z3545a,Z5148a,,,,,,,,,,,,,,,,,,,,,,,,,,,,,,,,,,,,,,,,,,,,,,,,,,,,,,,,,,,
CCN(CC(C)(NC)c1nc2c(C(=O)Nc3ccc4c(c3)CNC4)cc(F)c(NC=O)c2[nH]1)S(C)=O,Z0490a,openbind_xx01zvns2b_c1_scaffolds,Z0425a,Z3546a,,,,,,,,,,,,,,,,,,,,,,,,,,,,,,,,,,,,,,,,,,,,,,,,,,,,,,,,,,,
O=C(NCC1CCOCC1)C(O)(Nc1ccc2c(c1)CNC2)c1cc(Cl)cc2nn(CC3CNC3)cc12,Z0490a,openbind_xx01zvns2b_c1_scaffolds,Z1237a,Z3546a,,,,,,,,,,,,,,,,,,,,,,,,,,,,,,,,,,,,,,,,,,,,,,,,,,,,,,,,,,,
CCNCc1csc(CC(CC)C(=NCC(=O)O)N(C(=O)NCC(F)F)c2cc(C3CCOC3)ccn2)c1,Z3654a,openbind_xx01zvns2b_c1_scaffolds,Z3654a,Z5085a,,,,,,,,,,,,,,,,,,,,,,,,,,,,,,,,,,,,,,,,,,,,,,,,,,,,,,,,,,,
CN(C)Cn1cc2c(C(=O)Nc3ccc4c(c3)CNC4)cc(Cl)cc2c1C1CNC1,Z3654a,openbind_xx01zvns2b_c1_scaffolds,Z3654a,Z5246a,,,,,,,,,,,,,,,,,,,,,,,,,,,,,,,,,,,,,,,,,,,,,,,,,,,,,,,,,,,
O=C(Nc1ccc2c(c1)CNC2)c1cc(Br)c2[nH]cc(C3CCNCC3)c2c1,Z3654a,openbind_xx01zvns2b_c1_scaffolds,Z0465a,Z3465a,Z3665a,Z4160a,,,,,,,,,,,,,,,,,,,,,,,,,,,,,,,,,,,,,,,,,,,,,,,,,,,,,,,,,
C=Cc1cc(C(=O)Nc2ccc3c(c2)CNC3)c(C)c2c(C3CCNCC3)c[nH]c12,Z3654a,openbind_xx01zvns2b_c1_scaffolds,Z0472a,Z3665a,,,,,,,,,,,,,,,,,,,,,,,,,,,,,,,,,,,,,,,,,,,,,,,,,,,,,,,,,,,
O=C(Nc1ccc2c(c1)CNC2)c1ccc2[nH]cc(C3CCNCC3C[SH](=O)=O)c2c1,Z3654a,openbind_xx01zvns2b_c1_scaffolds,Z0709a,Z3665a,,,,,,,,,,,,,,,,,,,,,,,,,,,,,,,,,,,,,,,,,,,,,,,,,,,,,,,,,,,
Cc1cc(C(=O)Nc2ccc3c(c2)CNC3)c(O)c2c(C3CCNCC3)c[nH]c12,Z3654a,openbind_xx01zvns2b_c1_scaffolds,Z0945a,Z3665a,,,,,,,,,,,,,,,,,,,,,,,,,,,,,,,,,,,,,,,,,,,,,,,,,,,,,,,,,,,
Cc1cc2c(cc1NC(=O)c1ccc3c(c1)C1(CN3)NCCC3CNCCC31)CNC2,Z3654a,openbind_xx01zvns2b_c1_scaffolds,Z1237a,Z3665a,,,,,,,,,,,,,,,,,,,,,,,,,,,,,,,,,,,,,,,,,,,,,,,,,,,,,,,,,,,
Nc1[nH]c2cc(Cl)c(C(=O)Nc3ccc4c(c3)CNC4)cc2c1C1CCNCC1,Z3654a,openbind_xx01zvns2b_c1_scaffolds,Z1596a,Z3665a,,,,,,,,,,,,,,,,,,,,,,,,,,,,,,,,,,,,,,,,,,,,,,,,,,,,,,,,,,,
Nc1cc(C(=O)Nc2ccc3c(c2)CNC3)cc2c(C3CCNCC3)c(Br)[nH]c12,Z3654a,openbind_xx01zvns2b_c1_scaffolds,Z1597a,Z3665a,,,,,,,,,,,,,,,,,,,,,,,,,,,,,,,,,,,,,,,,,,,,,,,,,,,,,,,,,,,
CC1(C2CCNCC2)c2cc(C(=O)C(=O)c3ccc4c(c3)CNC4)ccc2NC1O,Z3654a,openbind_xx01zvns2b_c1_scaffolds,Z1727a,Z1728a,Z1743a,Z1752a,Z3665a,,,,,,,,,,,,,,,,,,,,,,,,,,,,,,,,,,,,,,,,,,,,,,,,,,,,,,,,
CC1Nc2c(C(=O)C(=O)c3ccc4c(c3)CNC4)ccc3[nH]c(O)c(c23)C12CCNCC2,Z3654a,openbind_xx01zvns2b_c1_scaffolds,Z1730a,Z3665a,,,,,,,,,,,,,,,,,,,,,,,,,,,,,,,,,,,,,,,,,,,,,,,,,,,,,,,,,,,
CC1CC2(Cc3cc4c(cc3C(C)N2O)CNC4)Cc2c(C3CN(C)C3)c[nH]c21,Z3654a,openbind_xx01zvns2b_c1_scaffolds,Z1752a,Z3665a,,,,,,,,,,,,,,,,,,,,,,,,,,,,,,,,,,,,,,,,,,,,,,,,,,,,,,,,,,,
Cc1[nH]c2ccc(C(=O)O)cc2c1C1CCNCC1,Z3654a,openbind_xx01zvns2b_c1_scaffolds,Z1838a,Z3665a,,,,,,,,,,,,,,,,,,,,,,,,,,,,,,,,,,,,,,,,,,,,,,,,,,,,,,,,,,,
O=C(NCC(F)F)C(O)(Nc1ccc2c(c1)CNC2)c1cc(Cl)c2[nH]cc(C3CCNCC3)c2c1,Z3654a,openbind_xx01zvns2b_c1_scaffolds,Z3060a,Z3665a,Z4019a,Z4164a,,,,,,,,,,,,,,,,,,,,,,,,,,,,,,,,,,,,,,,,,,,,,,,,,,,,,,,,,
O=C(Nc1ccc2c(c1)CNC2)c1cc(F)c2[nH]cc(C3CCNCC3)c2c1,Z3654a,openbind_xx01zvns2b_c1_scaffolds,Z3264a,Z3439a,Z3545a,Z3665a,Z3758a,Z3767a,Z3815a,Z4017a,Z4125a,Z4951a,Z4959b,Z5061a,Z5085a,,,,,,,,,,,,,,,,,,,,,,,,,,,,,,,,,,,,,,,,,,,,,,,,
CNC(=O)C(O)(Nc1ccc2c(c1)CNC2)c1cc(Cl)c2[nH]cc(C3CCNCC3)c2c1,Z3654a,openbind_xx01zvns2b_c1_scaffolds,Z3394a,Z3665a,,,,,,,,,,,,,,,,,,,,,,,,,,,,,,,,,,,,,,,,,,,,,,,,,,,,,,,,,,,
O=C(Nc1ccc2c(c1)CNC2)C1CC(Cl)c2[nH]cc(C3CCNCC3)c2C12CNCN2,Z3654a,openbind_xx01zvns2b_c1_scaffolds,Z3473a,Z3665a,,,,,,,,,,,,,,,,,,,,,,,,,,,,,,,,,,,,,,,,,,,,,,,,,,,,,,,,,,,
O=C(Nc1ccc2c(c1)CNC2)c1cc(Cl)c2[nH]cc3c2c1CCC31CCNCC1,Z3654a,openbind_xx01zvns2b_c1_scaffolds,Z3495a,Z3665a,,,,,,,,,,,,,,,,,,,,,,,,,,,,,,,,,,,,,,,,,,,,,,,,,,,,,,,,,,,
Cc1c(C(=O)Nc2ccc3c(c2)CNC3)cc(CC(C)(F)F)c2[nH]cc(C3CCNCC3)c12,Z3654a,openbind_xx01zvns2b_c1_scaffolds,Z3506a,Z3665a,,,,,,,,,,,,,,,,,,,,,,,,,,,,,,,,,,,,,,,,,,,,,,,,,,,,,,,,,,,
Clc1cc(C(N=CNCC2CCCO2)Nc2ccc3c(c2)CNC3)cc2c(C3CCNCC3)c[nH]c12,Z3654a,openbind_xx01zvns2b_c1_scaffolds,Z3519a,Z3665a,,,,,,,,,,,,,,,,,,,,,,,,,,,,,,,,,,,,,,,,,,,,,,,,,,,,,,,,,,,
CNCN1C(=O)Cc2c(C(=O)OC3CC4=C(CNC4)C4(CCN(C)CC4)C3)cc(Cl)cc21,Z3654a,openbind_xx01zvns2b_c1_scaffolds,Z3546a,Z3646a,Z3654a,Z3665a,,,,,,,,,,,,,,,,,,,,,,,,,,,,,,,,,,,,,,,,,,,,,,,,,,,,,,,,,
CNC1(O)CNCC(C)C1(C)c1c[nH]c2c(F)cc(C(=O)Nc3ccc4c(c3)CNC4)cc12,Z3654a,openbind_xx01zvns2b_c1_scaffolds,Z3553a,Z3665a,,,,,,,,,,,,,,,,,,,,,,,,,,,,,,,,,,,,,,,,,,,,,,,,,,,,,,,,,,,
CCc1c(C(O)(Nc2ccc3c(c2)CNC3)C(=O)NCC(F)F)cc(Br)c2[nH]cc(C3CCNCC3)c12,Z3654a,openbind_xx01zvns2b_c1_scaffolds,Z3665a,Z3706a,,,,,,,,,,,,,,,,,,,,,,,,,,,,,,,,,,,,,,,,,,,,,,,,,,,,,,,,,,,
O=C(Nc1ccc2c(c1)CNC2)c1cc(F)cc(C2CNNC23CCNCC3)c1,Z3654a,openbind_xx01zvns2b_c1_scaffolds,Z3665a,Z3754a,,,,,,,,,,,,,,,,,,,,,,,,,,,,,,,,,,,,,,,,,,,,,,,,,,,,,,,,,,,
CN1CCCOC2(CCC1)C(=O)Nc1cc(F)cc(C(=O)Nc3ccc4c(c3)CNC4)c12,Z3654a,openbind_xx01zvns2b_c1_scaffolds,Z3665a,Z3774a,,,,,,,,,,,,,,,,,,,,,,,,,,,,,,,,,,,,,,,,,,,,,,,,,,,,,,,,,,,
O=C(O)CC1NCc2cc(NC(=O)c3cc(Cl)c4[nH]cc(C5CCNCC5)c4c3)ccc21,Z3654a,openbind_xx01zvns2b_c1_scaffolds,Z3665a,Z3802a,,,,,,,,,,,,,,,,,,,,,,,,,,,,,,,,,,,,,,,,,,,,,,,,,,,,,,,,,,,
CCOC(C)(C)C1CNCCC1c1c[nH]c2c(F)cc(C(=O)Nc3ccc4c(c3)CNC4)cc12,Z3654a,openbind_xx01zvns2b_c1_scaffolds,Z3665a,Z3808a,,,,,,,,,,,,,,,,,,,,,,,,,,,,,,,,,,,,,,,,,,,,,,,,,,,,,,,,,,,
O=C(NCC(F)F)C(O)(Nc1ccc2c(c1)CNC2)c1cc(Br)c2[nH]cc(C3CCNCC3)c2c1OCc1ccccn1,Z3654a,openbind_xx01zvns2b_c1_scaffolds,Z3665a,Z3826a,,,,,,,,,,,,,,,,,,,,,,,,,,,,,,,,,,,,,,,,,,,,,,,,,,,,,,,,,,,
O=C(Nc1ccc2c(c1)CNC2)c1cc2c3c(c1)C(C1CCNCC1)CN3CS2,Z3654a,openbind_xx01zvns2b_c1_scaffolds,Z3665a,Z3867a,,,,,,,,,,,,,,,,,,,,,,,,,,,,,,,,,,,,,,,,,,,,,,,,,,,,,,,,,,,
O=C(O)N=C(Nc1ccc2c(c1)CNC2)c1cc(Cl)c2[nH]cc(C3CCNCC3)c2c1,Z3654a,openbind_xx01zvns2b_c1_scaffolds,Z3665a,Z4089a,,,,,,,,,,,,,,,,,,,,,,,,,,,,,,,,,,,,,,,,,,,,,,,,,,,,,,,,,,,
CCC(Cc1cc(CN(C)CC)cs1)C(=O)N(C(=O)NCC(F)F)c1cc(C2CCOC2)ccn1,Z3654a,openbind_xx01zvns2b_c1_scaffolds,Z3665a,Z4090a,,,,,,,,,,,,,,,,,,,,,,,,,,,,,,,,,,,,,,,,,,,,,,,,,,,,,,,,,,,
CNCc1[nH]c2c(F)cc(C(=O)Nc3ccc4c(c3)CNC4)cc2c1C1CCNCC1,Z3654a,openbind_xx01zvns2b_c1_scaffolds,Z3665a,Z4104a,Z4926a,Z4963a,Z4978a,Z5067a,,,,,,,,,,,,,,,,,,,,,,,,,,,,,,,,,,,,,,,,,,,,,,,,,,,,,,,
ClC1CCC(OCNC2CCCC3(CCNC3)C2)CCCNN2C1CCC1NCCC12,Z3654a,openbind_xx01zvns2b_c1_scaffolds,Z3665a,Z4120a,Z4153a,Z4178a,Z4194a,Z4838a,Z4857a,Z4859a,Z4905a,Z4931a,Z4954a,Z4983a,Z5010a,Z5011a,Z5122a,,,,,,,,,,,,,,,,,,,,,,,,,,,,,,,,,,,,,,,,,,,,,,
CNCc1[nH]c2c(Cl)cc(C(=O)Nc3ccc4c(c3)CNC4)cc2c1C1CCNCC1,Z3654a,openbind_xx01zvns2b_c1_scaffolds,Z3665a,Z4132a,Z4138a,Z4243a,Z4245a,Z4469a,Z4966a,Z4971a,Z5042a,,,,,,,,,,,,,,,,,,,,,,,,,,,,,,,,,,,,,,,,,,,,,,,,,,,,
CNCc1[nH]c2c(Cl)cc(C(=O)Nc3cc(F)c4c(c3)CNC4=O)cc2c1C1CCNCC1,Z3654a,openbind_xx01zvns2b_c1_scaffolds,Z3665a,Z4200a,,,,,,,,,,,,,,,,,,,,,,,,,,,,,,,,,,,,,,,,,,,,,,,,,,,,,,,,,,,
CNCc1[nH]c2c(Cl)cc(C(=O)Nc3cc4c(c5c3OC(C)(C)C5)CNC4)cc2c1C1CCNCC1,Z3654a,openbind_xx01zvns2b_c1_scaffolds,Z3665a,Z4240a,,,,,,,,,,,,,,,,,,,,,,,,,,,,,,,,,,,,,,,,,,,,,,,,,,,,,,,,,,,
CC(C)Nc1nc2c(N)c(C(=O)Nc3ccc4c(c3)CNC4)ccc2n1Cl,Z3654a,openbind_xx01zvns2b_c1_scaffolds,Z3665a,Z4429a,Z4811a,,,,,,,,,,,,,,,,,,,,,,,,,,,,,,,,,,,,,,,,,,,,,,,,,,,,,,,,,,
CNCc1[nH]c2c(Cl)cc(C(=O)Nc3cc(F)c4c(c3)CNC43CCCC3)cc2c1C1CCNCC1,Z3654a,openbind_xx01zvns2b_c1_scaffolds,Z3665a,Z4498a,,,,,,,,,,,,,,,,,,,,,,,,,,,,,,,,,,,,,,,,,,,,,,,,,,,,,,,,,,,
CNCc1[nH]c2c(Cl)cc(C(=O)Nc3ccc4c(c3)CN(C(F)F)C4)cc2c1C1CCNCC1,Z3654a,openbind_xx01zvns2b_c1_scaffolds,Z3665a,Z4827a,,,,,,,,,,,,,,,,,,,,,,,,,,,,,,,,,,,,,,,,,,,,,,,,,,,,,,,,,,,
CC1=Cc2cc(C(=O)N(C(=O)NCC(F)F)c3cc(C4CCOC4)ccn3)cc3scc1c23,Z3654a,openbind_xx01zvns2b_c1_scaffolds,Z3665a,Z4855a,,,,,,,,,,,,,,,,,,,,,,,,,,,,,,,,,,,,,,,,,,,,,,,,,,,,,,,,,,,
O=C(Nc1ccc2c(c1)CNC2)c1cc(F)c2[nH]c3nnc4c(c3c2c1)CCNC4,Z3654a,openbind_xx01zvns2b_c1_scaffolds,Z3665a,Z4861a,Z4872a,,,,,,,,,,,,,,,,,,,,,,,,,,,,,,,,,,,,,,,,,,,,,,,,,,,,,,,,,,
CNCc1[nH]c2c(F)cc(C(=O)Nc3ccc4c(c3)CNC4)cc2c1C1CCNC(OC)C1,Z3654a,openbind_xx01zvns2b_c1_scaffolds,Z3665a,Z4590a,,,,,,,,,,,,,,,,,,,,,,,,,,,,,,,,,,,,,,,,,,,,,,,,,,,,,,,,,,,
COC(C)NCCC1=CC(CCC(C)C(O)(O)Oc2ccc3c(c2)CNC3)=NC1=O,Z3654a,openbind_xx01zvns2b_c1_scaffolds,Z3665a,Z4986a,,,,,,,,,,,,,,,,,,,,,,,,,,,,,,,,,,,,,,,,,,,,,,,,,,,,,,,,,,,
CC(C)NC(=O)C(O)(Nc1ccc2c(c1)CNC2)c1cc(Cl)c2[nH]cc(C3CCNCC3)c2c1,Z3654a,openbind_xx01zvns2b_c1_scaffolds,Z3665a,Z5003a,,,,,,,,,,,,,,,,,,,,,,,,,,,,,,,,,,,,,,,,,,,,,,,,,,,,,,,,,,,
Nc1[nH]c2c(Br)cc(C(=O)Nc3ccc4c(c3)CNC4)cc2c1C1CCNCC1,Z3654a,openbind_xx01zvns2b_c1_scaffolds,Z3665a,Z5082a,,,,,,,,,,,,,,,,,,,,,,,,,,,,,,,,,,,,,,,,,,,,,,,,,,,,,,,,,,,
CC(C)NC(=O)C(O)(Nc1ccc2c(c1)CNC2)c1cc(Cl)cc2c1nc(-c1ccccc1)n2CN(C)C1CCOCC1,Z3654a,openbind_xx01zvns2b_c1_scaffolds,Z3665a,Z5124a,,,,,,,,,,,,,,,,,,,,,,,,,,,,,,,,,,,,,,,,,,,,,,,,,,,,,,,,,,,
CC1C=C(C2=C(CN)CNCC2)c2ccc(C(=O)Nc3ccc4c(c3)CNC4)cc21,Z3654a,openbind_xx01zvns2b_c1_scaffolds,Z0553a,Z3673a,,,,,,,,,,,,,,,,,,,,,,,,,,,,,,,,,,,,,,,,,,,,,,,,,,,,,,,,,,,
CNC(O)(Nc1ccc2c(c1)CNC2)c1ccc2c(C3=CCNCC3)csc2c1,Z3654a,openbind_xx01zvns2b_c1_scaffolds,Z0772a,Z3673a,,,,,,,,,,,,,,,,,,,,,,,,,,,,,,,,,,,,,,,,,,,,,,,,,,,,,,,,,,,
CCc1cc(C(=O)Oc2ccc3c(c2)CNC3)c2c3c1=NC(=O)C=3N=C2,Z3654a,openbind_xx01zvns2b_c1_scaffolds,Z1674a,Z3673a,,,,,,,,,,,,,,,,,,,,,,,,,,,,,,,,,,,,,,,,,,,,,,,,,,,,,,,,,,,
CC1(C)CC2C3CNCC3CC(NC(=O)c3cc(Cl)cc4c3cnn4C3CNC3)C2O1,Z3654a,openbind_xx01zvns2b_c1_scaffolds,Z1745a,Z3673a,,,,,,,,,,,,,,,,,,,,,,,,,,,,,,,,,,,,,,,,,,,,,,,,,,,,,,,,,,,
O=C(NCC(F)F)C(O)(Nc1ccc2c(c1)CNC2)c1cc2scnc2c2nc[nH]c12,Z3654a,openbind_xx01zvns2b_c1_scaffolds,Z2048a,Z3677a,,,,,,,,,,,,,,,,,,,,,,,,,,,,,,,,,,,,,,,,,,,,,,,,,,,,,,,,,,,
Cc1cc(C(O)(F)Nc2ccc3c(c2)CNC3)cc2c1NC(=O)C21CCCNC1,Z3654a,openbind_xx01zvns2b_c1_scaffolds,Z0101a,Z3677a,,,,,,,,,,,,,,,,,,,,,,,,,,,,,,,,,,,,,,,,,,,,,,,,,,,,,,,,,,,
Cc1cc(C(Nc2ccc3c(c2)CNC3)C(=O)NCC(F)F)cc(C(F)(F)ON)c1,Z3654a,openbind_xx01zvns2b_c1_scaffolds,Z0182a,Z3677a,,,,,,,,,,,,,,,,,,,,,,,,,,,,,,,,,,,,,,,,,,,,,,,,,,,,,,,,,,,
CC(=O)NC1CCCC2(C1)C(=O)Nc1c(O)cc(C(=O)Nc3ccc4c(c3)CNC4)cc12,Z3654a,openbind_xx01zvns2b_c1_scaffolds,Z0422a,Z3677a,,,,,,,,,,,,,,,,,,,,,,,,,,,,,,,,,,,,,,,,,,,,,,,,,,,,,,,,,,,
Cc1cc(NC(=O)c2ccc3c(c2C(F)(F)F)CC(=O)N3)cc2c1CNC2,Z3654a,openbind_xx01zvns2b_c1_scaffolds,Z0425a,Z3677a,,,,,,,,,,,,,,,,,,,,,,,,,,,,,,,,,,,,,,,,,,,,,,,,,,,,,,,,,,,
CC1NCc2ccc(NC(=O)c3cc(Cl)c4c(c3)C(O)C(=NC(C)(C)CO)N4)cc21,Z3654a,openbind_xx01zvns2b_c1_scaffolds,Z0589a,Z3677a,,,,,,,,,,,,,,,,,,,,,,,,,,,,,,,,,,,,,,,,,,,,,,,,,,,,,,,,,,,
CS(=O)(=O)c1cc2c(cc1NC(=O)c1ccc3c4c(cccc14)C(=O)N3)CNC2,Z3654a,openbind_xx01zvns2b_c1_scaffolds,Z0601a,Z0693a,Z3677a,,,,,,,,,,,,,,,,,,,,,,,,,,,,,,,,,,,,,,,,,,,,,,,,,,,,,,,,,,
COC1CCC2(CN1)C1=C(CCC2C(=O)Nc2cc(C)c3c(c2)CNC3)NC(=O)C1,Z3654a,openbind_xx01zvns2b_c1_scaffolds,Z0605a,Z3677a,,,,,,,,,,,,,,,,,,,,,,,,,,,,,,,,,,,,,,,,,,,,,,,,,,,,,,,,,,,
NCCc1cccc(NC(=O)c2cccc3c2CC(=O)N3)c1,Z3654a,openbind_xx01zvns2b_c1_scaffolds,Z0819a,Z3677a,,,,,,,,,,,,,,,,,,,,,,,,,,,,,,,,,,,,,,,,,,,,,,,,,,,,,,,,,,,
Cc1cc2c(cc1C(=O)C(=O)c1cc(Cl)c3c(c1)C(O)C(=NCC(C)(C)N)N3)CNC2,Z3654a,openbind_xx01zvns2b_c1_scaffolds,Z1274a,Z3677a,,,,,,,,,,,,,,,,,,,,,,,,,,,,,,,,,,,,,,,,,,,,,,,,,,,,,,,,,,,
NN1Cc2ccc(NC(=O)c3cc(Cl)c4c(c3)C(C(=O)OCc3ccccc3)C(=O)N4)cc2C1,Z3654a,openbind_xx01zvns2b_c1_scaffolds,Z1398a,Z3677a,,,,,,,,,,,,,,,,,,,,,,,,,,,,,,,,,,,,,,,,,,,,,,,,,,,,,,,,,,,
O=C1Cc2c(c(Cl)cc(C(=O)Nc3ccc4c(c3)CNC4)c2NC(=O)OCc2ccccc2)N1,Z3654a,openbind_xx01zvns2b_c1_scaffolds,Z1406a,Z1413a,Z3677a,,,,,,,,,,,,,,,,,,,,,,,,,,,,,,,,,,,,,,,,,,,,,,,,,,,,,,,,,,
NC1C(=O)Nc2c(Cl)cc(C(=O)NC3CC4=C(CNC4)C4(C3)NNNN4)cc21,Z3654a,openbind_xx01zvns2b_c1_scaffolds,Z1596a,Z3677a,,,,,,,,,,,,,,,,,,,,,,,,,,,,,,,,,,,,,,,,,,,,,,,,,,,,,,,,,,,
NCC1CCC2(CC1)C(O)C1CC(N(N)C3CCCC4(CCNC4)C3)C3CCCC2C31,Z3654a,openbind_xx01zvns2b_c1_scaffolds,Z1681a,Z3489a,Z3677a,Z3758a,,,,,,,,,,,,,,,,,,,,,,,,,,,,,,,,,,,,,,,,,,,,,,,,,,,,,,,,,
O=C1N=c2c(F)cc(C(=O)Nc3ccc4c(c3)CNC4)c3c2=C1N=N3,Z3654a,openbind_xx01zvns2b_c1_scaffolds,Z1715a,Z3677a,,,,,,,,,,,,,,,,,,,,,,,,,,,,,,,,,,,,,,,,,,,,,,,,,,,,,,,,,,,
CC(=O)C1C(=O)Nc2ccc(C(=O)Nc3ccc4c(c3)CNC4)cc21,Z3654a,openbind_xx01zvns2b_c1_scaffolds,Z1750a,Z3677a,,,,,,,,,,,,,,,,,,,,,,,,,,,,,,,,,,,,,,,,,,,,,,,,,,,,,,,,,,,
COc1cc(C(=O)Nc2ccc3c(c2)CNC3)c2[nH]nc(C3CCNCC3)c2c1,Z3654a,openbind_xx01zvns2b_c1_scaffolds,Z1752a,Z3677a,,,,,,,,,,,,,,,,,,,,,,,,,,,,,,,,,,,,,,,,,,,,,,,,,,,,,,,,,,,
O=C1N=c2ccc(C(=O)Nc3ccc4c(c3)CNC4)c3c2=C1C(C(F)(F)F)=N3,Z3654a,openbind_xx01zvns2b_c1_scaffolds,Z1838a,Z3677a,,,,,,,,,,,,,,,,,,,,,,,,,,,,,,,,,,,,,,,,,,,,,,,,,,,,,,,,,,,
CC1=Nc2c(C(=O)Nc3ccc4c(c3)CNC4)cc(Cl)c3c2=C1C(=O)N=3,Z3654a,openbind_xx01zvns2b_c1_scaffolds,Z2057a,Z3677a,,,,,,,,,,,,,,,,,,,,,,,,,,,,,,,,,,,,,,,,,,,,,,,,,,,,,,,,,,,
CCCNC(=O)C(O)(Nc1ccc2c(c1)CNC2)C1CC(Cl)C2=C(CC(=O)N2)C12CNNC2,Z3654a,openbind_xx01zvns2b_c1_scaffolds,Z2126a,Z3677a,,,,,,,,,,,,,,,,,,,,,,,,,,,,,,,,,,,,,,,,,,,,,,,,,,,,,,,,,,,
O=C(Nc1ccc2c(c1)CNC2)c1cc(Cl)c2c3c(c[nH]c13)C(=O)N2,Z3654a,openbind_xx01zvns2b_c1_scaffolds,Z2235a,Z3677a,,,,,,,,,,,,,,,,,,,,,,,,,,,,,,,,,,,,,,,,,,,,,,,,,,,,,,,,,,,
O=C1N=c2c(F)cc(C(=O)Nc3ccc4c(c3)CNC4)c3c2=C1C(c1ccccc1)=N3,Z3654a,openbind_xx01zvns2b_c1_scaffolds,Z3094a,Z3677a,,,,,,,,,,,,,,,,,,,,,,,,,,,,,,,,,,,,,,,,,,,,,,,,,,,,,,,,,,,
NCc1nc2cc(Cl)cc(C(=O)Nc3ccc4c(c3)CNC4)c2[nH]1,Z3654a,openbind_xx01zvns2b_c1_scaffolds,Z3452a,Z3677a,,,,,,,,,,,,,,,,,,,,,,,,,,,,,,,,,,,,,,,,,,,,,,,,,,,,,,,,,,,
N#Cc1cc2c(cc1NC(=O)c1cc(F)c3c(c1)CC(=O)N3)CNC2,Z3654a,openbind_xx01zvns2b_c1_scaffolds,Z3463a,Z3677a,,,,,,,,,,,,,,,,,,,,,,,,,,,,,,,,,,,,,,,,,,,,,,,,,,,,,,,,,,,
CC(C)c1nnc(C2=Nc3c(C(=O)Nc4ccc5c(c4)CNC5)cc(F)c4c3=C2C(=O)N=4)s1,Z3654a,openbind_xx01zvns2b_c1_scaffolds,Z3469a,Z3677a,,,,,,,,,,,,,,,,,,,,,,,,,,,,,,,,,,,,,,,,,,,,,,,,,,,,,,,,,,,
Cc1cc2c(C(=O)Nc3ccc4c(c3)CNC4)cccc2n1C1CNC1,Z3654a,openbind_xx01zvns2b_c1_scaffolds,Z3486a,Z3677a,,,,,,,,,,,,,,,,,,,,,,,,,,,,,,,,,,,,,,,,,,,,,,,,,,,,,,,,,,,
C=Nc1cc(C(=O)Nc2ncccn2)c2cnn(C3CNC3)c2c1,Z3654a,openbind_xx01zvns2b_c1_scaffolds,Z3487a,Z3677a,,,,,,,,,,,,,,,,,,,,,,,,,,,,,,,,,,,,,,,,,,,,,,,,,,,,,,,,,,,
CN1CCC(C2CC(NC(=O)c3cc(Cl)cc4c3cc(CN)n4C3CNC3)CC3CNCC32)CC1,Z3654a,openbind_xx01zvns2b_c1_scaffolds,Z3503a,Z3677a,,,,,,,,,,,,,,,,,,,,,,,,,,,,,,,,,,,,,,,,,,,,,,,,,,,,,,,,,,,
CC(C)OC1(C)C(=O)C2C(=O)Nc3c(F)cc(C(=O)Nc4ccc5c(c4)CNC5)c1c32,Z3654a,openbind_xx01zvns2b_c1_scaffolds,Z3553a,Z3677a,,,,,,,,,,,,,,,,,,,,,,,,,,,,,,,,,,,,,,,,,,,,,,,,,,,,,,,,,,,
CC1C(=O)Nc2ccc(C(=O)Nc3ccc4c(c3)CNC4)cc21,Z3654a,openbind_xx01zvns2b_c1_scaffolds,Z3622a,Z3677a,,,,,,,,,,,,,,,,,,,,,,,,,,,,,,,,,,,,,,,,,,,,,,,,,,,,,,,,,,,
O=C1Nc2ccc(C(=O)Nc3ccc4c(c3)CNC4)cc2C1=O,Z3654a,openbind_xx01zvns2b_c1_scaffolds,Z3646a,Z3677a,,,,,,,,,,,,,,,,,,,,,,,,,,,,,,,,,,,,,,,,,,,,,,,,,,,,,,,,,,,
CC1(C#N)CCCC2COCC2C(C(=O)Nc2ccc3c(c2)CNC3)CCSC1,Z3654a,openbind_xx01zvns2b_c1_scaffolds,Z3677a,Z3685a,,,,,,,,,,,,,,,,,,,,,,,,,,,,,,,,,,,,,,,,,,,,,,,,,,,,,,,,,,,
O=C1NC2CCC(C(=O)Nc3ccc4c(c3)CNC4)C3NNC1=C23,Z3654a,openbind_xx01zvns2b_c1_scaffolds,Z3677a,Z3706a,Z3746a,Z3834a,Z3880a,,,,,,,,,,,,,,,,,,,,,,,,,,,,,,,,,,,,,,,,,,,,,,,,,,,,,,,,
CN1CCC2c3c([nH]c4ccc(C(=O)Nc5ccc6c(c5)CNC6)cc34)CNC21,Z3654a,openbind_xx01zvns2b_c1_scaffolds,Z3677a,Z3720a,,,,,,,,,,,,,,,,,,,,,,,,,,,,,,,,,,,,,,,,,,,,,,,,,,,,,,,,,,,
N=CN=C1N=c2c(Cl)cc(C(=O)Nc3ccc4c(c3)CNC4)c3c2=C1C=N3,Z3654a,openbind_xx01zvns2b_c1_scaffolds,Z3677a,Z3808a,,,,,,,,,,,,,,,,,,,,,,,,,,,,,,,,,,,,,,,,,,,,,,,,,,,,,,,,,,,
CNC1C(C(=O)Nc2ccc3c(c2)CNC3)CC(Cl)C2NCNC(=O)CC21,Z3654a,openbind_xx01zvns2b_c1_scaffolds,Z3677a,Z3830a,Z4178a,Z4240a,Z4429a,,,,,,,,,,,,,,,,,,,,,,,,,,,,,,,,,,,,,,,,,,,,,,,,,,,,,,,,
O=C1Cc2c(cccc2C(=O)Nc2cc(-c3ccncc3)c3c(n2)CNC3)N1,Z3654a,openbind_xx01zvns2b_c1_scaffolds,Z3677a,Z3850a,,,,,,,,,,,,,,,,,,,,,,,,,,,,,,,,,,,,,,,,,,,,,,,,,,,,,,,,,,,
O=C(Nc1ccc2c(c1)CNC2)c1cc(Br)c2c3c(n(C4CNC4)cc13)C(=O)N2,Z3654a,openbind_xx01zvns2b_c1_scaffolds,Z3677a,Z3936a,,,,,,,,,,,,,,,,,,,,,,,,,,,,,,,,,,,,,,,,,,,,,,,,,,,,,,,,,,,
CN1CCC(C2CC(NC(=O)c3cc(Cl)cc4c5n(cc34)CC3(C)NCCC53)CC3CNCC32)CC1,Z3654a,openbind_xx01zvns2b_c1_scaffolds,Z3677a,Z3956a,,,,,,,,,,,,,,,,,,,,,,,,,,,,,,,,,,,,,,,,,,,,,,,,,,,,,,,,,,,
NCN1C(=O)c2cc(C(=O)Nc3ccc4c(c3)CNC4)cc3scc1c23,Z3654a,openbind_xx01zvns2b_c1_scaffolds,Z3677a,Z4017a,Z4125a,,,,,,,,,,,,,,,,,,,,,,,,,,,,,,,,,,,,,,,,,,,,,,,,,,,,,,,,,,
CN(C)CC1C(=O)Nc2ccc(C(=O)Nc3ccc4c(c3)CNC4)cc21,Z3654a,openbind_xx01zvns2b_c1_scaffolds,Z3677a,Z4019a,Z4131a,,,,,,,,,,,,,,,,,,,,,,,,,,,,,,,,,,,,,,,,,,,,,,,,,,,,,,,,,,
O=C(Nc1cc(F)c2c(c1)CNC21CCCC1=O)c1cc(Cl)c2c3c([nH]cc13)C(=O)N2,Z3654a,openbind_xx01zvns2b_c1_scaffolds,Z3677a,Z4031a,,,,,,,,,,,,,,,,,,,,,,,,,,,,,,,,,,,,,,,,,,,,,,,,,,,,,,,,,,,
CNCC12NCc3c(C(=O)NC4CC5=C(CNC5)CC45CCCC5=O)cc(Cl)c(c31)NC2=O,Z3654a,openbind_xx01zvns2b_c1_scaffolds,Z3677a,Z4047a,,,,,,,,,,,,,,,,,,,,,,,,,,,,,,,,,,,,,,,,,,,,,,,,,,,,,,,,,,,
O=C(Nc1ccc2c(c1)CNC2)c1cc(Cl)c2c3c([nH]cc13)C(=O)N2,Z3654a,openbind_xx01zvns2b_c1_scaffolds,Z3677a,Z4072a,Z4117a,Z4206a,Z4243a,Z4245a,Z4478a,Z4861a,Z4954a,,,,,,,,,,,,,,,,,,,,,,,,,,,,,,,,,,,,,,,,,,,,,,,,,,,,
O=C(Nc1cc(F)c2c(c1)CNC2)c1cc(Cl)c2c3c([nH]cc13)C(=O)N2,Z3654a,openbind_xx01zvns2b_c1_scaffolds,Z3677a,Z4094a,,,,,,,,,,,,,,,,,,,,,,,,,,,,,,,,,,,,,,,,,,,,,,,,,,,,,,,,,,,
CC(C)NC(=O)C(C(=O)c1ccc2c(c1)CNC2)C1Cc2ncsc2C2(CCNN2)C1,Z3654a,openbind_xx01zvns2b_c1_scaffolds,Z3677a,Z4104a,,,,,,,,,,,,,,,,,,,,,,,,,,,,,,,,,,,,,,,,,,,,,,,,,,,,,,,,,,,
N#Cc1cc(NC(=O)c2cc(Cl)c3c4c([nH]cc24)C(=O)N3)cc2c1CNC2,Z3654a,openbind_xx01zvns2b_c1_scaffolds,Z3677a,Z4114a,,,,,,,,,,,,,,,,,,,,,,,,,,,,,,,,,,,,,,,,,,,,,,,,,,,,,,,,,,,
O=C(Nc1ccc2c(c1)CN(F)C2)c1cc(Cl)c2c3c([nH]cc13)C(=O)N2,Z3654a,openbind_xx01zvns2b_c1_scaffolds,Z3677a,Z4118a,,,,,,,,,,,,,,,,,,,,,,,,,,,,,,,,,,,,,,,,,,,,,,,,,,,,,,,,,,,
CS(=O)(=O)C1CCC2CC(CCC23CNC3)C(C(=O)c2ccc3[nH]c(C4CNC4)cc3c2)C1,Z3654a,openbind_xx01zvns2b_c1_scaffolds,Z3677a,Z4120a,,,,,,,,,,,,,,,,,,,,,,,,,,,,,,,,,,,,,,,,,,,,,,,,,,,,,,,,,,,
O=Cc1cc(C(=O)Nc2ccc3c(c2)CNC3)c2c3c1=NC(=O)C=3C(c1ccccc1)=N2,Z3654a,openbind_xx01zvns2b_c1_scaffolds,Z3677a,Z4132a,,,,,,,,,,,,,,,,,,,,,,,,,,,,,,,,,,,,,,,,,,,,,,,,,,,,,,,,,,,
N#Cc1csc2cc(C(O)(Nc3ccc4c(c3)CNC4)C(=O)NCC(F)F)cc(C(F)(F)F)c12,Z3654a,openbind_xx01zvns2b_c1_scaffolds,Z3677a,Z4138a,,,,,,,,,,,,,,,,,,,,,,,,,,,,,,,,,,,,,,,,,,,,,,,,,,,,,,,,,,,
NNCC1C(=O)Nc2c(F)cc(C(=O)Nc3ccc4c(c3)CNC4)cc21,Z3654a,openbind_xx01zvns2b_c1_scaffolds,Z3677a,Z4153a,Z4160a,,,,,,,,,,,,,,,,,,,,,,,,,,,,,,,,,,,,,,,,,,,,,,,,,,,,,,,,,,
NCC1C(=O)Nc2c(Cl)cc(C(=O)Nc3ccc4c(c3)CNC4)cc21,Z3654a,openbind_xx01zvns2b_c1_scaffolds,Z3677a,Z4179a,,,,,,,,,,,,,,,,,,,,,,,,,,,,,,,,,,,,,,,,,,,,,,,,,,,,,,,,,,,
CNCC1C(=O)Nc2ccc(C(=O)Nc3ccc4c(c3)CNC4)cc21,Z3654a,openbind_xx01zvns2b_c1_scaffolds,Z3677a,Z4200a,Z4498a,,,,,,,,,,,,,,,,,,,,,,,,,,,,,,,,,,,,,,,,,,,,,,,,,,,,,,,,,,
CC(C)NC(=O)C(O)(Nc1ccc2c(c1)CNC2)c1cc(Cl)c2c3c1N=C(c1ccccc1)C=3C(=O)N=2,Z3654a,openbind_xx01zvns2b_c1_scaffolds,Z3677a,Z4811a,Z4816a,,,,,,,,,,,,,,,,,,,,,,,,,,,,,,,,,,,,,,,,,,,,,,,,,,,,,,,,,,
O=C(Nc1ccc2c(c1)CNC2)c1cc(Cl)c2c(c1)C1(CCNC1)C(=O)N2,Z3654a,openbind_xx01zvns2b_c1_scaffolds,Z3677a,Z4838a,,,,,,,,,,,,,,,,,,,,,,,,,,,,,,,,,,,,,,,,,,,,,,,,,,,,,,,,,,,
O=C(Nc1ccc2c(c1)CNC2)c1cc(F)c2c(c1)C(NCO)C(=O)N2,Z3654a,openbind_xx01zvns2b_c1_scaffolds,Z3677a,Z4855a,,,,,,,,,,,,,,,,,,,,,,,,,,,,,,,,,,,,,,,,,,,,,,,,,,,,,,,,,,,
O=C(NCC(F)F)C(O)(Nc1ccc2c(c1)CNC2)c1cc(Cl)c2[nH]c(C3CNC3)cc2c1,Z3654a,openbind_xx01zvns2b_c1_scaffolds,Z3677a,Z4857a,,,,,,,,,,,,,,,,,,,,,,,,,,,,,,,,,,,,,,,,,,,,,,,,,,,,,,,,,,,
CCNC1C(=O)Nc2c(F)cc(C(=O)Nc3ccc4c(c3)CNC4)cc21,Z3654a,openbind_xx01zvns2b_c1_scaffolds,Z3677a,Z4859a,,,,,,,,,,,,,,,,,,,,,,,,,,,,,,,,,,,,,,,,,,,,,,,,,,,,,,,,,,,
CCc1ccc(NC(=O)c2cc(Cl)cc3c(C4CNC4)n[nH]c23)cc1Br,Z3654a,openbind_xx01zvns2b_c1_scaffolds,Z3677a,Z4887a,,,,,,,,,,,,,,,,,,,,,,,,,,,,,,,,,,,,,,,,,,,,,,,,,,,,,,,,,,,
O=C(Nc1ccc2c(c1)CNC2)c1cc(F)c2c(c1)C(Nc1ccccc1)C(=O)N2,Z3654a,openbind_xx01zvns2b_c1_scaffolds,Z3677a,Z4905a,,,,,,,,,,,,,,,,,,,,,,,,,,,,,,,,,,,,,,,,,,,,,,,,,,,,,,,,,,,
O=C(Nc1ccc2c(c1)CNC2)c1ccc2c(c1)C1(CCOCC1)C(=O)N2,Z3654a,openbind_xx01zvns2b_c1_scaffolds,Z3677a,Z4590a,,,,,,,,,,,,,,,,,,,,,,,,,,,,,,,,,,,,,,,,,,,,,,,,,,,,,,,,,,,
O=C(Nc1ccc2c(c1)CNC2)c1ccc2c(CCNCCCCS(=O)(=O)c3nccn3Cc3cscn3)csc2c1,Z3654a,openbind_xx01zvns2b_c1_scaffolds,Z3677a,Z5211a,,,,,,,,,,,,,,,,,,,,,,,,,,,,,,,,,,,,,,,,,,,,,,,,,,,,,,,,,,,
NCCc1csc2cc(C(O)(O)Nc3ccc4c(c3)CNC4)c(OCF)c(F)c12,Z3654a,openbind_xx01zvns2b_c1_scaffolds,Z0227a,Z3680a,,,,,,,,,,,,,,,,,,,,,,,,,,,,,,,,,,,,,,,,,,,,,,,,,,,,,,,,,,,
NC(=NC1CCN1)c1c[nH]c2c(C(=O)Nc3ccc4c(c3)CNC4)cc(Cl)cc12,Z3654a,openbind_xx01zvns2b_c1_scaffolds,Z1234a,Z3680a,,,,,,,,,,,,,,,,,,,,,,,,,,,,,,,,,,,,,,,,,,,,,,,,,,,,,,,,,,,
CC(C)N1CCC2=C1Nc1cc(C(=O)Nc3ccc4c(c3)CNC4)cc3scc2c13,Z3654a,openbind_xx01zvns2b_c1_scaffolds,Z1237a,Z3680a,,,,,,,,,,,,,,,,,,,,,,,,,,,,,,,,,,,,,,,,,,,,,,,,,,,,,,,,,,,
COC1C(C(=O)Nc2ccc3c(c2)CNC3)CC2SCC3NC(N)CC1C32,Z3654a,openbind_xx01zvns2b_c1_scaffolds,Z1265a,Z3680a,,,,,,,,,,,,,,,,,,,,,,,,,,,,,,,,,,,,,,,,,,,,,,,,,,,,,,,,,,,
NNC1NCc2ccc(NC(=O)c3ccc4c(c3)C(Cl)C=C4C(N)(O)CNc3ccccc3)cc21,Z3654a,openbind_xx01zvns2b_c1_scaffolds,Z1274a,Z3680a,,,,,,,,,,,,,,,,,,,,,,,,,,,,,,,,,,,,,,,,,,,,,,,,,,,,,,,,,,,
CNC1(N2NC3(CCOC3)c3c(C(=O)Nc4ccc(C)c(C)n4)cc(Cl)c(Cl)c32)CNC1,Z3654a,openbind_xx01zvns2b_c1_scaffolds,Z3680a,Z4039a,,,,,,,,,,,,,,,,,,,,,,,,,,,,,,,,,,,,,,,,,,,,,,,,,,,,,,,,,,,
CNCc1nc2cc(C(=O)Nc3cc4c(cc3F)CNC4)cc(Cl)c2s1,Z3654a,openbind_xx01zvns2b_c1_scaffolds,Z0051a,Z3685a,,,,,,,,,,,,,,,,,,,,,,,,,,,,,,,,,,,,,,,,,,,,,,,,,,,,,,,,,,,
Cn1cc2c(C(=O)Nc3cc4c(c(C5=CCOCC5)c3)CNC4)cc(F)cc2c1N,Z3654a,openbind_xx01zvns2b_c1_scaffolds,Z0101a,Z3685a,,,,,,,,,,,,,,,,,,,,,,,,,,,,,,,,,,,,,,,,,,,,,,,,,,,,,,,,,,,
Cn1ncc2c(C(=O)C(=O)c3cc4c(c(C5=CCOCC5)c3)CNC4)cc(F)cc21,Z3654a,openbind_xx01zvns2b_c1_scaffolds,Z0386a,Z3685a,,,,,,,,,,,,,,,,,,,,,,,,,,,,,,,,,,,,,,,,,,,,,,,,,,,,,,,,,,,
Cc1nn(CO)c2cc(F)cc(C(=O)C(=O)c3cc4c(c(C5=CCOCC5)c3)CNC4)c12,Z3654a,openbind_xx01zvns2b_c1_scaffolds,Z0465a,Z0472a,Z0559a,Z0601a,Z0693a,Z3685a,,,,,,,,,,,,,,,,,,,,,,,,,,,,,,,,,,,,,,,,,,,,,,,,,,,,,,,
CC(C)N(C)c1nc2ccc(C(=O)C(=O)c3ccc4c(c3)CNC4)cc2n1C,Z3654a,openbind_xx01zvns2b_c1_scaffolds,Z0687a,Z3685a,,,,,,,,,,,,,,,,,,,,,,,,,,,,,,,,,,,,,,,,,,,,,,,,,,,,,,,,,,,
CC(C)Nn1ncc2c(C(=O)Nc3cc4c(c(C5=CCOCC5)c3)CNC4)cc(F)cc21,Z3654a,openbind_xx01zvns2b_c1_scaffolds,Z0773a,Z3685a,Z4047a,,,,,,,,,,,,,,,,,,,,,,,,,,,,,,,,,,,,,,,,,,,,,,,,,,,,,,,,,,
NC1NCc2c(C3=CCOCC3)cc(NC(=O)c3cc(F)cc4c3cnn4N)cc21,Z3654a,openbind_xx01zvns2b_c1_scaffolds,Z0875a,Z3685a,,,,,,,,,,,,,,,,,,,,,,,,,,,,,,,,,,,,,,,,,,,,,,,,,,,,,,,,,,,
COc1nc2c(cc(F)c3[nH]cc(C4CCNCC4)c32)c(O)c1Nc1ccc2c(c1)CNC2,Z3654a,openbind_xx01zvns2b_c1_scaffolds,Z0884a,Z3685a,,,,,,,,,,,,,,,,,,,,,,,,,,,,,,,,,,,,,,,,,,,,,,,,,,,,,,,,,,,
Nn1ncc2c(C(=O)Nc3cc4c(c(C5=CCOCC5)c3)CNC4)cc(F)cc21,Z3654a,openbind_xx01zvns2b_c1_scaffolds,Z0917a,Z3685a,Z4178a,,,,,,,,,,,,,,,,,,,,,,,,,,,,,,,,,,,,,,,,,,,,,,,,,,,,,,,,,,
CN1Cc2c(C(=O)Nc3cc4c(c(C5=CCOCC5)c3)CNC4)cc(F)cc2[N+]1(C)[O-],Z3654a,openbind_xx01zvns2b_c1_scaffolds,Z1317a,Z3685a,,,,,,,,,,,,,,,,,,,,,,,,,,,,,,,,,,,,,,,,,,,,,,,,,,,,,,,,,,,
NCn1cc2c(C(CC(=O)O)Nc3ccc4c(c3)CNC4)cc(Cl)cc2n1,Z3654a,openbind_xx01zvns2b_c1_scaffolds,Z1317a,Z3685a,,,,,,,,,,,,,,,,,,,,,,,,,,,,,,,,,,,,,,,,,,,,,,,,,,,,,,,,,,,
NCc1cccc(NC(=O)c2cccc3c2CC(=O)N3)c1,Z3654a,openbind_xx01zvns2b_c1_scaffolds,Z1320a,Z1342a,Z1451a,Z1719a,Z3685a,Z4019a,,,,,,,,,,,,,,,,,,,,,,,,,,,,,,,,,,,,,,,,,,,,,,,,,,,,,,,
O=C(NC1CCN(c2ccccn2)C1)c1cccc2c1C1(CCNC1)C(=O)N2,Z3654a,openbind_xx01zvns2b_c1_scaffolds,Z1713a,Z3685a,,,,,,,,,,,,,,,,,,,,,,,,,,,,,,,,,,,,,,,,,,,,,,,,,,,,,,,,,,,
O=C(Nc1cc2c(c(C3=CCOCC3)c1)CNC2)c1cc(F)cc2c1C1(CCNC1)NN2,Z3654a,openbind_xx01zvns2b_c1_scaffolds,Z1713a,Z3685a,,,,,,,,,,,,,,,,,,,,,,,,,,,,,,,,,,,,,,,,,,,,,,,,,,,,,,,,,,,
O=C(Nc1cc2c(c(C3=CCOCC3)c1)CNC2)c1cc(F)cc2[nH][n+]([O-])cc12,Z3654a,openbind_xx01zvns2b_c1_scaffolds,Z1729a,Z2262a,Z3452a,Z3465a,Z3473a,Z3486a,Z3487a,Z3685a,,,,,,,,,,,,,,,,,,,,,,,,,,,,,,,,,,,,,,,,,,,,,,,,,,,,,
O=C(NC1CC(F)C2(CCCC2)CN1)c1cc(Cl)cc2c1cnn2C1CNC1,Z3654a,openbind_xx01zvns2b_c1_scaffolds,Z1750a,Z3522a,Z3685a,Z3706a,Z3711a,Z3733a,Z3754a,Z3936a,Z4114a,,,,,,,,,,,,,,,,,,,,,,,,,,,,,,,,,,,,,,,,,,,,,,,,,,,,
CC1(C)CC(n2ncc3c(C(=O)Nc4ccn5cncc5n4)cc(F)cc32)C1,Z3654a,openbind_xx01zvns2b_c1_scaffolds,Z1752a,Z3685a,,,,,,,,,,,,,,,,,,,,,,,,,,,,,,,,,,,,,,,,,,,,,,,,,,,,,,,,,,,
O=C(Nc1cc2c(c(C3=CCOCC3)c1)CNC2)C1CC(F)C2NC(=O)N3NCC1C23,Z3654a,openbind_xx01zvns2b_c1_scaffolds,Z1753a,Z3685a,,,,,,,,,,,,,,,,,,,,,,,,,,,,,,,,,,,,,,,,,,,,,,,,,,,,,,,,,,,
N#Cc1c(NC(=O)c2cc(F)cc3[nH]ncc23)cc2c(c1C1=CCOCC1)CNC2,Z3654a,openbind_xx01zvns2b_c1_scaffolds,Z2094a,Z3685a,,,,,,,,,,,,,,,,,,,,,,,,,,,,,,,,,,,,,,,,,,,,,,,,,,,,,,,,,,,
CCN(c1nc2ccc(C(=O)Nc3ccc4c(c3)CNC4)cc2[nH]1)C1CCC1,Z3654a,openbind_xx01zvns2b_c1_scaffolds,Z3060a,Z3685a,,,,,,,,,,,,,,,,,,,,,,,,,,,,,,,,,,,,,,,,,,,,,,,,,,,,,,,,,,,
O=C(O)COC1C(C(Nc2ccc3c(c2)CNC3)C(=O)NCC(F)F)CC(CO)CC12CCNCC2,Z3654a,openbind_xx01zvns2b_c1_scaffolds,Z3485a,Z3685a,,,,,,,,,,,,,,,,,,,,,,,,,,,,,,,,,,,,,,,,,,,,,,,,,,,,,,,,,,,
CNCn1cc2c(C(=O)Nc3cc4c(c(C5=CCOCC5)c3)CNC4)cc(F)cc2n1,Z3654a,openbind_xx01zvns2b_c1_scaffolds,Z3546a,Z3685a,Z3758a,Z4066a,Z4070a,,,,,,,,,,,,,,,,,,,,,,,,,,,,,,,,,,,,,,,,,,,,,,,,,,,,,,,,
O=C(NCCCF)C(O)(Nc1cc2c(c(C3=CCOCC3)c1)CNC2)c1cc(F)cc2[nH]ncc12,Z3654a,openbind_xx01zvns2b_c1_scaffolds,Z3561a,Z3677a,Z3685a,,,,,,,,,,,,,,,,,,,,,,,,,,,,,,,,,,,,,,,,,,,,,,,,,,,,,,,,,,
CNCN1C(=O)C(C)(OC(C)C)c2c(C(=O)Nc3ccc4c(c3)CNC4)cc(F)cc21,Z3654a,openbind_xx01zvns2b_c1_scaffolds,Z3596a,Z3685a,Z3720a,,,,,,,,,,,,,,,,,,,,,,,,,,,,,,,,,,,,,,,,,,,,,,,,,,,,,,,,,,
NCC1CCCC2=C1CCNC1C(CCC1C(=O)NC1CCC3=C(CNC3)C1)SCC2,Z3654a,openbind_xx01zvns2b_c1_scaffolds,Z3685a,Z3792a,,,,,,,,,,,,,,,,,,,,,,,,,,,,,,,,,,,,,,,,,,,,,,,,,,,,,,,,,,,
CNCn1ncc2c(C(=O)Nc3cc4c(c(C5=CCOCC5)c3)C(C)N(C)C4)cc(F)cc21,Z3654a,openbind_xx01zvns2b_c1_scaffolds,Z3685a,Z3817a,,,,,,,,,,,,,,,,,,,,,,,,,,,,,,,,,,,,,,,,,,,,,,,,,,,,,,,,,,,
COCC1CC(C(C(=O)NCC(F)F)C(=O)c2ccc3c(c2)CNC3)CC(Cl)C12CNC(=O)C2,Z3654a,openbind_xx01zvns2b_c1_scaffolds,Z3685a,Z3834a,,,,,,,,,,,,,,,,,,,,,,,,,,,,,,,,,,,,,,,,,,,,,,,,,,,,,,,,,,,
CC(C)NC(=O)C(Nc1ccc2c(c1)CNC2)c1ccc2sc(NC(=O)c3ccncc3F)nc2c1,Z3654a,openbind_xx01zvns2b_c1_scaffolds,Z3685a,Z3837a,,,,,,,,,,,,,,,,,,,,,,,,,,,,,,,,,,,,,,,,,,,,,,,,,,,,,,,,,,,
CNCn1ncc2c(C(=O)Nc3cc4c(c(C5=CCOCC5)c3)CN(F)C4)cc(F)cc21,Z3654a,openbind_xx01zvns2b_c1_scaffolds,Z3685a,Z3856a,,,,,,,,,,,,,,,,,,,,,,,,,,,,,,,,,,,,,,,,,,,,,,,,,,,,,,,,,,,
CNCN1c2cc(F)cc(C(=O)Nc3cc4c(c(C5=CCOCC5)c3)CNC4)c2CC12CCC(OC)NN2,Z3654a,openbind_xx01zvns2b_c1_scaffolds,Z3685a,Z4020a,,,,,,,,,,,,,,,,,,,,,,,,,,,,,,,,,,,,,,,,,,,,,,,,,,,,,,,,,,,
CNCn1ncc2c(C(=O)Nc3cc4c(c(C5=CCOCC5)c3C)CNC4)cc(F)cc21,Z3654a,openbind_xx01zvns2b_c1_scaffolds,Z3685a,Z4072a,,,,,,,,,,,,,,,,,,,,,,,,,,,,,,,,,,,,,,,,,,,,,,,,,,,,,,,,,,,
NCn1cc2c(C(=O)Nc3cc4c(c(C5=CCOCC5)c3)CNC4)cc(F)cc2n1,Z3654a,openbind_xx01zvns2b_c1_scaffolds,Z3685a,Z4089a,,,,,,,,,,,,,,,,,,,,,,,,,,,,,,,,,,,,,,,,,,,,,,,,,,,,,,,,,,,
CNCn1ncc2c(C(=O)Nc3cc4c(c(C5=CCOCC5)c3)CNC4)cc(F)cc21,Z3654a,openbind_xx01zvns2b_c1_scaffolds,Z3685a,Z4090a,Z4094a,Z4103a,Z4104a,Z4117a,Z4118a,Z4164a,Z4169a,Z4240a,,,,,,,,,,,,,,,,,,,,,,,,,,,,,,,,,,,,,,,,,,,,,,,,,,,
CC(C)Oc1ccc(Cl)cc1C(Nc1ccc2c(c1)CNC2)C(=O)NCC(F)F,Z3654a,openbind_xx01zvns2b_c1_scaffolds,Z3685a,Z4138a,,,,,,,,,,,,,,,,,,,,,,,,,,,,,,,,,,,,,,,,,,,,,,,,,,,,,,,,,,,
CCCCc1ncn(-c2cc(F)cc(C(=O)Nc3cc4c(c(C5=CCOCC5)c3)CNC4)c2C)n1,Z3654a,openbind_xx01zvns2b_c1_scaffolds,Z3685a,Z4179a,,,,,,,,,,,,,,,,,,,,,,,,,,,,,,,,,,,,,,,,,,,,,,,,,,,,,,,,,,,
NCc1ccc(N(CC(=O)N2CCCCC2)C(=O)c2cc(Cl)cc3c2cnn3C2CNC2)cc1,Z3654a,openbind_xx01zvns2b_c1_scaffolds,Z3685a,Z4227a,,,,,,,,,,,,,,,,,,,,,,,,,,,,,,,,,,,,,,,,,,,,,,,,,,,,,,,,,,,
COC1CC2(CCN1)CC(NC(=O)c1cc(Cl)cc3c1cnn3C1CNC1)CC1=C2CNC1,Z3654a,openbind_xx01zvns2b_c1_scaffolds,Z3685a,Z4429a,,,,,,,,,,,,,,,,,,,,,,,,,,,,,,,,,,,,,,,,,,,,,,,,,,,,,,,,,,,
COc1cc(-c2cc(NC(=O)c3cc(F)cc4nn(OC)cc34)cc3c2CNC3)ccn1,Z3654a,openbind_xx01zvns2b_c1_scaffolds,Z3685a,Z4498a,,,,,,,,,,,,,,,,,,,,,,,,,,,,,,,,,,,,,,,,,,,,,,,,,,,,,,,,,,,
CNCCC(C)CCCCC(NN)C(Cl)CC(C)C(O)(C=O)Nc1cc(C)c2c(c1)CNC2,Z3654a,openbind_xx01zvns2b_c1_scaffolds,Z3685a,Z4827a,,,,,,,,,,,,,,,,,,,,,,,,,,,,,,,,,,,,,,,,,,,,,,,,,,,,,,,,,,,
COc1cc(-c2cc(NC(=O)c3cc(F)cc4c3CC(=O)C43CCCN3)cc3c2CNC3)ccn1,Z3654a,openbind_xx01zvns2b_c1_scaffolds,Z3685a,Z4838a,,,,,,,,,,,,,,,,,,,,,,,,,,,,,,,,,,,,,,,,,,,,,,,,,,,,,,,,,,,
COc1cc(-c2cc(NC(=O)c3cc(F)cc4c3cnn4N)cc3c2CNC3)ccn1,Z3654a,openbind_xx01zvns2b_c1_scaffolds,Z3685a,Z4849a,Z4861a,,,,,,,,,,,,,,,,,,,,,,,,,,,,,,,,,,,,,,,,,,,,,,,,,,,,,,,,,,
CC(C)OC1(C)c2c(C(=O)Nc3ccc4c(c3)CNC4)cc(F)cc2N2CNNC21O,Z3654a,openbind_xx01zvns2b_c1_scaffolds,Z3685a,Z4931a,,,,,,,,,,,,,,,,,,,,,,,,,,,,,,,,,,,,,,,,,,,,,,,,,,,,,,,,,,,
O=C(Nc1ccc2c(c1)CNC2)c1cccc2c1NC=C1CCC(C3C(=O)NNC4OCCC43)C12,Z3654a,openbind_xx01zvns2b_c1_scaffolds,Z3685a,Z4944a,,,,,,,,,,,,,,,,,,,,,,,,,,,,,,,,,,,,,,,,,,,,,,,,,,,,,,,,,,,
O=C(Nc1ccc2c(c1)CNC2)c1cc(Cl)c2c(c1)NC1(CCCNC1)S2,Z3654a,openbind_xx01zvns2b_c1_scaffolds,Z3685a,Z4959a,,,,,,,,,,,,,,,,,,,,,,,,,,,,,,,,,,,,,,,,,,,,,,,,,,,,,,,,,,,
COc1cc(-c2cc(NC(=O)c3cc(F)cc4nn(Br)cc34)cc3c2CNC3)ccn1,Z3654a,openbind_xx01zvns2b_c1_scaffolds,Z0051a,Z3689a,,,,,,,,,,,,,,,,,,,,,,,,,,,,,,,,,,,,,,,,,,,,,,,,,,,,,,,,,,,
CCc1cc(CNN)c(C(=O)Nc2cc3c(c(-c4ccnc(OC)c4)c2)CNC3)cc1F,Z3654a,openbind_xx01zvns2b_c1_scaffolds,Z0089a,Z3689a,,,,,,,,,,,,,,,,,,,,,,,,,,,,,,,,,,,,,,,,,,,,,,,,,,,,,,,,,,,
COc1cc(-c2cc(C(=O)C(=O)c3cc(F)cc4c3cnn4C)cc3c2CNC3)ccn1,Z3654a,openbind_xx01zvns2b_c1_scaffolds,Z0101a,Z3689a,,,,,,,,,,,,,,,,,,,,,,,,,,,,,,,,,,,,,,,,,,,,,,,,,,,,,,,,,,,
COc1cc(-c2cc(C(=O)C(=O)c3cc(F)cc4[nH]ncc34)cc3c2CNC3)ccn1,Z3654a,openbind_xx01zvns2b_c1_scaffolds,Z0404a,Z3689a,,,,,,,,,,,,,,,,,,,,,,,,,,,,,,,,,,,,,,,,,,,,,,,,,,,,,,,,,,,
COc1cc(-c2cc(C(=O)C(=O)c3cc(F)cc4c(CO)n(C)cc34)cc3c2CNC3)ccn1,Z3654a,openbind_xx01zvns2b_c1_scaffolds,Z0425a,Z3689a,,,,,,,,,,,,,,,,,,,,,,,,,,,,,,,,,,,,,,,,,,,,,,,,,,,,,,,,,,,
COc1cc(-c2cc(C(=O)C(=O)c3cc(F)cc4c3c(C)nn4CO)cc3c2CNC3)ccn1,Z3654a,openbind_xx01zvns2b_c1_scaffolds,Z0429a,Z0455a,Z0472a,Z3689a,,,,,,,,,,,,,,,,,,,,,,,,,,,,,,,,,,,,,,,,,,,,,,,,,,,,,,,,,
COc1cc(-c2cc(C(=O)C(=O)c3cc(F)cc4c3c(C)nn4CO)c(N)c3c2CNC3)ccn1,Z3654a,openbind_xx01zvns2b_c1_scaffolds,Z0589a,Z3689a,,,,,,,,,,,,,,,,,,,,,,,,,,,,,,,,,,,,,,,,,,,,,,,,,,,,,,,,,,,
CCN1CCC(NCc2ccc(CNc3nc4ccccc4[nH]3)c(O)c2)(c2c[nH]c3ccc(C(=O)Nc4ccc5c(c4)CNC5)cc23)CC1,Z3654a,openbind_xx01zvns2b_c1_scaffolds,Z1274a,Z1291a,Z1390a,Z3689a,Z3970a,,,,,,,,,,,,,,,,,,,,,,,,,,,,,,,,,,,,,,,,,,,,,,,,,,,,,,,,
COc1cc(-c2cc(NC(=O)c3cc(F)cc4nn(C(F)(F)F)cc34)cc3c2CNC3)ccn1,Z3654a,openbind_xx01zvns2b_c1_scaffolds,Z1342a,Z3689a,,,,,,,,,,,,,,,,,,,,,,,,,,,,,,,,,,,,,,,,,,,,,,,,,,,,,,,,,,,
CNCn1nc2c(Cl)cc(C(=O)Nc3ccc4c(c3)CNC4)cc2c1C1CCNCC1,Z3654a,openbind_xx01zvns2b_c1_scaffolds,Z1413a,Z3689a,,,,,,,,,,,,,,,,,,,,,,,,,,,,,,,,,,,,,,,,,,,,,,,,,,,,,,,,,,,
N#CC12CCCC(N3CCNCC3)C3CC(C(=O)Nc4ccc5c(c4)CNC5)CC(SC1)C32,Z3654a,openbind_xx01zvns2b_c1_scaffolds,Z1713a,Z3689a,,,,,,,,,,,,,,,,,,,,,,,,,,,,,,,,,,,,,,,,,,,,,,,,,,,,,,,,,,,
CC1CC2CN(CF)C(O)(F)C(C)OOC(F)CN(CO)C(=O)C(C(=O)c3ccc4c(c3)CNC4)C2C1,Z3654a,openbind_xx01zvns2b_c1_scaffolds,Z1729a,Z3689a,,,,,,,,,,,,,,,,,,,,,,,,,,,,,,,,,,,,,,,,,,,,,,,,,,,,,,,,,,,
O=C1CC(C(F)(F)F)c2cc(C(=O)Nc3ccc4c(c3)CNC4)ccc2N1,Z3654a,openbind_xx01zvns2b_c1_scaffolds,Z1731a,Z3689a,,,,,,,,,,,,,,,,,,,,,,,,,,,,,,,,,,,,,,,,,,,,,,,,,,,,,,,,,,,
CC(C)C1NN2OC3(CCC3)NC3Nc4c(F)cc(C(=O)Nc5ccc6c(c5)CNC6)cc4C32S1,Z3654a,openbind_xx01zvns2b_c1_scaffolds,Z1761a,Z3689a,,,,,,,,,,,,,,,,,,,,,,,,,,,,,,,,,,,,,,,,,,,,,,,,,,,,,,,,,,,
COc1cc(-c2cc(NC(=O)c3cc(F)cc4c3CC3(NNC(C(C)C)S3)N4)cc3c2CNC3)ccn1,Z3654a,openbind_xx01zvns2b_c1_scaffolds,Z1838a,Z3689a,,,,,,,,,,,,,,,,,,,,,,,,,,,,,,,,,,,,,,,,,,,,,,,,,,,,,,,,,,,
COc1cc(-c2cc(NC(O)(C(=O)NCC(F)F)c3cc(F)cc4[nH]ncc34)cc3c2CNC3)ccn1,Z3654a,openbind_xx01zvns2b_c1_scaffolds,Z2439a,Z3515a,Z3689a,Z3746a,,,,,,,,,,,,,,,,,,,,,,,,,,,,,,,,,,,,,,,,,,,,,,,,,,,,,,,,,
COc1cc(-c2cc(NC(=O)c3cc(F)cc4c3c(OCCCO)[n+]([O-])n4C)cc3c2CNC3)ccn1,Z3654a,openbind_xx01zvns2b_c1_scaffolds,Z3024a,Z3689a,,,,,,,,,,,,,,,,,,,,,,,,,,,,,,,,,,,,,,,,,,,,,,,,,,,,,,,,,,,
COc1cc(-c2cc(NC(=O)c3cc(F)cc4c3cc(C)n4C)cc3c2CNC3)ccn1,Z3654a,openbind_xx01zvns2b_c1_scaffolds,Z3264a,Z3689a,,,,,,,,,,,,,,,,,,,,,,,,,,,,,,,,,,,,,,,,,,,,,,,,,,,,,,,,,,,
COc1cc(-c2cc(NC(O)(C(=O)NCC(F)F)c3cc(F)cc4n[nH]c(C(C)C)c34)cc3c2CNC3)ccn1,Z3654a,openbind_xx01zvns2b_c1_scaffolds,Z3394a,Z3689a,,,,,,,,,,,,,,,,,,,,,,,,,,,,,,,,,,,,,,,,,,,,,,,,,,,,,,,,,,,
COc1cc(-c2cc(NC(=O)c3cc(F)cc4c3c(C)[n+]([O-])n4OC)cc3c2CNC3)ccn1,Z3654a,openbind_xx01zvns2b_c1_scaffolds,Z3397a,Z3689a,,,,,,,,,,,,,,,,,,,,,,,,,,,,,,,,,,,,,,,,,,,,,,,,,,,,,,,,,,,
O=C1N=Nc2c1cccc2C(=O)Nc1ccc2c(c1)CNC2,Z3654a,openbind_xx01zvns2b_c1_scaffolds,Z3665a,Z3680a,Z3689a,Z3699a,Z3711a,Z3813a,Z3833a,Z4008a,Z4066a,Z4070a,Z4072a,Z4089a,Z4094a,Z4103a,Z4139a,Z4160a,Z4200a,,,,,,,,,,,,,,,,,,,,,,,,,,,,,,,,,,,,,,,,,,,,
NCc1[nH]c2c(C(=O)Nc3ccc4c(c3)CNC4)cc(Cl)cc2c1CN,Z3654a,openbind_xx01zvns2b_c1_scaffolds,Z3689a,Z3758a,Z3792a,,,,,,,,,,,,,,,,,,,,,,,,,,,,,,,,,,,,,,,,,,,,,,,,,,,,,,,,,,
COc1cc(-c2cc(NC(=O)c3cc(F)cc4nn(CC5CCNCC5)cc34)cc3c2CNC3)ccn1,Z3654a,openbind_xx01zvns2b_c1_scaffolds,Z3689a,Z3769a,Z3842a,,,,,,,,,,,,,,,,,,,,,,,,,,,,,,,,,,,,,,,,,,,,,,,,,,,,,,,,,,
O=C(Nc1ccc2c(c1)CNC2)c1cc(Cl)c2[nH]nc(C3CCCNCC4NCCC43)c2c1,Z3654a,openbind_xx01zvns2b_c1_scaffolds,Z3689a,Z3817a,Z3826a,,,,,,,,,,,,,,,,,,,,,,,,,,,,,,,,,,,,,,,,,,,,,,,,,,,,,,,,,,
O=C(NC1CC2C=NC=C2CN1)c1cc(Cl)c2c3c1cnn3C1(CNC1)C(=O)N2,Z3654a,openbind_xx01zvns2b_c1_scaffolds,Z3689a,Z3834a,,,,,,,,,,,,,,,,,,,,,,,,,,,,,,,,,,,,,,,,,,,,,,,,,,,,,,,,,,,
NCNCc1c[nH]c2c(C(=O)Nc3ccc4c(c3)CNC4)cc(Cl)cc12,Z3654a,openbind_xx01zvns2b_c1_scaffolds,Z3689a,Z3837a,,,,,,,,,,,,,,,,,,,,,,,,,,,,,,,,,,,,,,,,,,,,,,,,,,,,,,,,,,,
N#Cc1c[nH]c2c(C(=O)Nc3ccc4c(c3)CNC4)cc(Br)cc12,Z3654a,openbind_xx01zvns2b_c1_scaffolds,Z3689a,Z3856a,,,,,,,,,,,,,,,,,,,,,,,,,,,,,,,,,,,,,,,,,,,,,,,,,,,,,,,,,,,
CNCN1c2cc(F)cc(C(=O)Nc3cc4c(c(-c5ccnc(OC)c5)c3)CNC4)c2CC12CCC(OC)NN2,Z3654a,openbind_xx01zvns2b_c1_scaffolds,Z3689a,Z3980a,,,,,,,,,,,,,,,,,,,,,,,,,,,,,,,,,,,,,,,,,,,,,,,,,,,,,,,,,,,
CCNn1ncc2c(C(=O)Nc3cc4c(c(-c5ccnc(OC)c5)c3)CNC4)cc(F)cc21,Z3654a,openbind_xx01zvns2b_c1_scaffolds,Z3689a,Z4019a,,,,,,,,,,,,,,,,,,,,,,,,,,,,,,,,,,,,,,,,,,,,,,,,,,,,,,,,,,,
CNCn1ncc2c(C(=O)Nc3cc4c(c(-c5ccnc(OC)c5)c3C)CNC4)cc(F)cc21,Z3654a,openbind_xx01zvns2b_c1_scaffolds,Z3689a,Z4039a,,,,,,,,,,,,,,,,,,,,,,,,,,,,,,,,,,,,,,,,,,,,,,,,,,,,,,,,,,,
CN1CCC(C2NNC3C2CCC2C=NC(Nc4ccc5c(c4)CNC5)C23)CC1,Z3654a,openbind_xx01zvns2b_c1_scaffolds,Z3689a,Z4138a,,,,,,,,,,,,,,,,,,,,,,,,,,,,,,,,,,,,,,,,,,,,,,,,,,,,,,,,,,,
COc1cc(-c2cc(NC(=O)C3CC(F)CC4C3CN3SCNCN43)cc3c2CNC3)ccn1,Z3654a,openbind_xx01zvns2b_c1_scaffolds,Z3689a,Z4153a,,,,,,,,,,,,,,,,,,,,,,,,,,,,,,,,,,,,,,,,,,,,,,,,,,,,,,,,,,,
CCOC(=O)C1(OC)C(=O)Nc2c(C#N)c(F)cc(C(=O)Nc3ccc4c(c3)CNC4)c21,Z3654a,openbind_xx01zvns2b_c1_scaffolds,Z3689a,Z4164a,,,,,,,,,,,,,,,,,,,,,,,,,,,,,,,,,,,,,,,,,,,,,,,,,,,,,,,,,,,
COc1cc(-c2cc(NC(=O)c3cc(F)cc4c3cnn4NC3CNC3)cc3c2CNC3)ccn1,Z3654a,openbind_xx01zvns2b_c1_scaffolds,Z3689a,Z4179a,,,,,,,,,,,,,,,,,,,,,,,,,,,,,,,,,,,,,,,,,,,,,,,,,,,,,,,,,,,
NC(N)Cc1csc2cc(C(=O)Nc3cc(C4(C(=O)OCc5ccccc5)CCOC4)ccn3)ccc12,Z3654a,openbind_xx01zvns2b_c1_scaffolds,Z0773a,Z3691a,,,,,,,,,,,,,,,,,,,,,,,,,,,,,,,,,,,,,,,,,,,,,,,,,,,,,,,,,,,
NCCc1csc2cc(C(=O)Nc3cc(C4CCC(=O)C4)ccn3)ccc12,Z3654a,openbind_xx01zvns2b_c1_scaffolds,Z1837a,Z3691a,,,,,,,,,,,,,,,,,,,,,,,,,,,,,,,,,,,,,,,,,,,,,,,,,,,,,,,,,,,
NCCc1csc2cc(C(=O)Nc3cc(C4(N)COCC4NN)ccn3)ccc12,Z3654a,openbind_xx01zvns2b_c1_scaffolds,Z3519a,Z3691a,,,,,,,,,,,,,,,,,,,,,,,,,,,,,,,,,,,,,,,,,,,,,,,,,,,,,,,,,,,
CCNCc1csc(CC(CC)C(=O)Nc2cc(C3CCOC3)ccn2)c1,Z3654a,openbind_xx01zvns2b_c1_scaffolds,Z3691a,Z3837a,Z3856a,Z4103a,Z4104a,Z4117a,Z4120a,,,,,,,,,,,,,,,,,,,,,,,,,,,,,,,,,,,,,,,,,,,,,,,,,,,,,,
CNCC1(c2ccnc(NC(=O)c3ccc4c(CNCCN)csc4c3)c2)CCOC1,Z3654a,openbind_xx01zvns2b_c1_scaffolds,Z3691a,Z4017a,,,,,,,,,,,,,,,,,,,,,,,,,,,,,,,,,,,,,,,,,,,,,,,,,,,,,,,,,,,
CNn1cc2c(C(=O)Nc3cc4c(c(C)c3C#N)CNC4)cc(F)cc2n1,Z3654a,openbind_xx01zvns2b_c1_scaffolds,Z3691a,Z5139a,,,,,,,,,,,,,,,,,,,,,,,,,,,,,,,,,,,,,,,,,,,,,,,,,,,,,,,,,,,
N#Cc1cc2c(cc1NC(=O)c1cc(F)cc3nn(N)cc13)CNC2,Z3654a,openbind_xx01zvns2b_c1_scaffolds,Z3691a,Z5200a,,,,,,,,,,,,,,,,,,,,,,,,,,,,,,,,,,,,,,,,,,,,,,,,,,,,,,,,,,,
O=C(Nc1ccc2c(c1)CNC2)c1cc2cc[nH]c2c2nn(C3CNC3)cc12,Z3654a,openbind_xx01zvns2b_c1_scaffolds,Z3691a,Z5211a,,,,,,,,,,,,,,,,,,,,,,,,,,,,,,,,,,,,,,,,,,,,,,,,,,,,,,,,,,,
O=C(Nc1cc(F)cc(N2CCCC2)c1)c1cc(Cl)cc2c1CC1(CCNCC1)N2C1CNC1,Z3654a,openbind_xx01zvns2b_c1_scaffolds,Z0422a,Z3696a,,,,,,,,,,,,,,,,,,,,,,,,,,,,,,,,,,,,,,,,,,,,,,,,,,,,,,,,,,,
Cc1c(C#N)c(NC(=O)c2cc(F)cc3c2cnn3NC(C)C)cc2c1CNC2,Z3654a,openbind_xx01zvns2b_c1_scaffolds,Z0435a,Z3696a,,,,,,,,,,,,,,,,,,,,,,,,,,,,,,,,,,,,,,,,,,,,,,,,,,,,,,,,,,,
N#Cc1cc2c(cc1NC(O)(C(=O)NCc1cccnc1)c1cc(F)cc3[nH]ncc13)CNC2,Z3654a,openbind_xx01zvns2b_c1_scaffolds,Z0875a,Z3696a,,,,,,,,,,,,,,,,,,,,,,,,,,,,,,,,,,,,,,,,,,,,,,,,,,,,,,,,,,,
COCc1[nH]c2c3c(c(Cl)cc2c1C(N)=O)C=NC3Nc1ccc2c(c1)CNC2,Z3654a,openbind_xx01zvns2b_c1_scaffolds,Z1320a,Z3696a,,,,,,,,,,,,,,,,,,,,,,,,,,,,,,,,,,,,,,,,,,,,,,,,,,,,,,,,,,,
N#Cc1cc2c(cc1NC(N=O)c1cc(F)cc3c1CNC31CCNCC1)CNC2,Z3654a,openbind_xx01zvns2b_c1_scaffolds,Z1664a,Z3696a,,,,,,,,,,,,,,,,,,,,,,,,,,,,,,,,,,,,,,,,,,,,,,,,,,,,,,,,,,,
N#Cc1cc2c(cc1NC1N=Cc3c(F)cc4c(c31)C=N[NH+]4[O-])C(N)NC2,Z3654a,openbind_xx01zvns2b_c1_scaffolds,Z1745a,Z3696a,,,,,,,,,,,,,,,,,,,,,,,,,,,,,,,,,,,,,,,,,,,,,,,,,,,,,,,,,,,
CCc1n[nH]c2cc(F)cc(C(O)(Nc3cc4c(cc3C#N)CNC4)C(=O)NCC(F)F)c12,Z3654a,openbind_xx01zvns2b_c1_scaffolds,Z1750a,Z3696a,,,,,,,,,,,,,,,,,,,,,,,,,,,,,,,,,,,,,,,,,,,,,,,,,,,,,,,,,,,
O=C(Nc1ccc2c(c1)CNC2)c1cc(F)c2[nH]cc(C3CCNC(F)C3)c2c1,Z3654a,openbind_xx01zvns2b_c1_scaffolds,Z1838a,Z3696a,,,,,,,,,,,,,,,,,,,,,,,,,,,,,,,,,,,,,,,,,,,,,,,,,,,,,,,,,,,
Cc1c2c(C(=O)Nc3cc4c(cc3C#N)CNC4)cc(F)cc2n(OC(C)C)[n+]1[O-],Z3654a,openbind_xx01zvns2b_c1_scaffolds,Z2992a,Z3696a,,,,,,,,,,,,,,,,,,,,,,,,,,,,,,,,,,,,,,,,,,,,,,,,,,,,,,,,,,,
N#Cc1cc2c(cc1NC(=O)c1cc(F)cc3c1cnn3C#N)CNC2,Z3654a,openbind_xx01zvns2b_c1_scaffolds,Z3060a,Z3696a,,,,,,,,,,,,,,,,,,,,,,,,,,,,,,,,,,,,,,,,,,,,,,,,,,,,,,,,,,,
O=C1CCCN1C1CC2CNCC2CC1N(C(=O)NCC(F)F)C(=O)c1cc(Cl)cc2c1cnn2C1CNC1,Z3654a,openbind_xx01zvns2b_c1_scaffolds,Z3464a,Z3696a,,,,,,,,,,,,,,,,,,,,,,,,,,,,,,,,,,,,,,,,,,,,,,,,,,,,,,,,,,,
CS(=O)(=O)c1cc2c(cc1NC(C(=O)NCC(F)F)C1CC(Cl)CC3(CCCNC3)C1OCC(=O)O)CNC2,Z3654a,openbind_xx01zvns2b_c1_scaffolds,Z3691a,Z3696a,Z3808a,,,,,,,,,,,,,,,,,,,,,,,,,,,,,,,,,,,,,,,,,,,,,,,,,,,,,,,,,,
O=C(NC1CCOCC1)C(O)(Nc1ccc2c(c1)CNC2)c1cc(Cl)c2n[nH]c(C3CCNCC3)c2c1,Z3654a,openbind_xx01zvns2b_c1_scaffolds,Z3696a,Z4008a,,,,,,,,,,,,,,,,,,,,,,,,,,,,,,,,,,,,,,,,,,,,,,,,,,,,,,,,,,,
N#CC(O)(Nc1ccc2c(c1)CNC2)c1cc(Cl)cc2c3c([nH]c12)CCC3,Z3654a,openbind_xx01zvns2b_c1_scaffolds,Z3696a,Z4047a,,,,,,,,,,,,,,,,,,,,,,,,,,,,,,,,,,,,,,,,,,,,,,,,,,,,,,,,,,,
CC(O)(Nc1cc2c(cc1C#N)CNC2)c1cc(F)c(CN)c2[nH]ncc12,Z3654a,openbind_xx01zvns2b_c1_scaffolds,Z3696a,Z4072a,,,,,,,,,,,,,,,,,,,,,,,,,,,,,,,,,,,,,,,,,,,,,,,,,,,,,,,,,,,
COc1cc(-c2cc(NC(=O)c3cc(F)cc4[nH]ncc34)cc3c2CNC3)ccn1,Z3654a,openbind_xx01zvns2b_c1_scaffolds,Z3696a,Z5082a,Z5227a,,,,,,,,,,,,,,,,,,,,,,,,,,,,,,,,,,,,,,,,,,,,,,,,,,,,,,,,,,
COc1cc(-c2c3c(cc4[nH]c(-c5cc(F)cc6[nH]ncc56)c(C(=O)[O-])c24)CNC3)ccn1,Z3654a,openbind_xx01zvns2b_c1_scaffolds,Z1682a,Z3699a,,,,,,,,,,,,,,,,,,,,,,,,,,,,,,,,,,,,,,,,,,,,,,,,,,,,,,,,,,,
CNNc1cc(F)cc(C(O)(Nc2cc3c(c(-c4ccnc(OC)c4)c2)CNC3)C(=O)NCc2cccnc2)c1,Z3654a,openbind_xx01zvns2b_c1_scaffolds,Z0827a,Z3699a,,,,,,,,,,,,,,,,,,,,,,,,,,,,,,,,,,,,,,,,,,,,,,,,,,,,,,,,,,,
COc1cc(-c2cc(NC(=O)c3cc(F)cc4c3c[n+]([O-])n4C)cc3c2CNC3)ccn1,Z3654a,openbind_xx01zvns2b_c1_scaffolds,Z0852a,Z3699a,,,,,,,,,,,,,,,,,,,,,,,,,,,,,,,,,,,,,,,,,,,,,,,,,,,,,,,,,,,
COc1cc(-c2cc(NC(=O)c3cc(F)cc4[nH][n+]([O-])cc34)cc3c2CNC3)ccn1,Z3654a,openbind_xx01zvns2b_c1_scaffolds,Z0990a,Z3699a,,,,,,,,,,,,,,,,,,,,,,,,,,,,,,,,,,,,,,,,,,,,,,,,,,,,,,,,,,,
COc1cc(-c2cc(NC(=O)c3cc(F)cc4c3CC3(CCCCC3)N4)cc3c2CNC3)ccn1,Z3654a,openbind_xx01zvns2b_c1_scaffolds,Z1390a,Z3699a,,,,,,,,,,,,,,,,,,,,,,,,,,,,,,,,,,,,,,,,,,,,,,,,,,,,,,,,,,,
COc1cc(-c2cc(NC(=O)c3cc(F)cc4c3CNC43CCNCC3)cc3c2CNC3)ccn1,Z3654a,openbind_xx01zvns2b_c1_scaffolds,Z1470a,Z3699a,,,,,,,,,,,,,,,,,,,,,,,,,,,,,,,,,,,,,,,,,,,,,,,,,,,,,,,,,,,
CCc1n[nH]c2cc(F)cc(C(O)(Nc3cc4c(c(-c5ccnc(OC)c5)c3)CNC4)C(=O)NCC(F)F)c12,Z3654a,openbind_xx01zvns2b_c1_scaffolds,Z1730a,Z3699a,,,,,,,,,,,,,,,,,,,,,,,,,,,,,,,,,,,,,,,,,,,,,,,,,,,,,,,,,,,
O=C(Nc1ccc2c(c1)CNC2)c1cccc2c(C3CCC4(CCOCC4)CC3)n[nH]c12,Z3654a,openbind_xx01zvns2b_c1_scaffolds,Z3021a,Z3699a,,,,,,,,,,,,,,,,,,,,,,,,,,,,,,,,,,,,,,,,,,,,,,,,,,,,,,,,,,,
CC1(C)CC2CCNC(NC(=O)c3cc(F)cc4c3cnn4C3CNC3)N2O1,Z3654a,openbind_xx01zvns2b_c1_scaffolds,Z3093a,Z3699a,,,,,,,,,,,,,,,,,,,,,,,,,,,,,,,,,,,,,,,,,,,,,,,,,,,,,,,,,,,
COc1cc(-c2cc(NC(=O)c3cc(F)cc4c3CC3(CCN(C)CC3)N4)cc3c2CNC3)ccn1,Z3654a,openbind_xx01zvns2b_c1_scaffolds,Z3546a,Z3699a,,,,,,,,,,,,,,,,,,,,,,,,,,,,,,,,,,,,,,,,,,,,,,,,,,,,,,,,,,,
COc1cc(-c2cc(NC(=O)c3cc(F)cc4c3CC3(CCCNC3)C4=O)cc3c2CNC3)ccn1,Z3654a,openbind_xx01zvns2b_c1_scaffolds,Z3622a,Z3699a,,,,,,,,,,,,,,,,,,,,,,,,,,,,,,,,,,,,,,,,,,,,,,,,,,,,,,,,,,,
CNCn1ncc2c(C(=O)Nc3cc4c(c(-c5ccc(C)c(OC)c5)c3)CNC4)cc(F)cc21,Z3654a,openbind_xx01zvns2b_c1_scaffolds,Z3691a,Z3699a,,,,,,,,,,,,,,,,,,,,,,,,,,,,,,,,,,,,,,,,,,,,,,,,,,,,,,,,,,,
CNCn1ncc2c(C(=O)Nc3cc4c(c(-c5ccnc(OC)c5)c3)CN(C)C4)cc(F)cc21,Z3654a,openbind_xx01zvns2b_c1_scaffolds,Z3699a,Z4120a,,,,,,,,,,,,,,,,,,,,,,,,,,,,,,,,,,,,,,,,,,,,,,,,,,,,,,,,,,,
O=C(Nc1ccc2c(c1)CNC2)c1cc2ccn3cc(C4CCNCC4)c(c1)c23,Z3654a,openbind_xx01zvns2b_c1_scaffolds,Z3699a,Z4179a,,,,,,,,,,,,,,,,,,,,,,,,,,,,,,,,,,,,,,,,,,,,,,,,,,,,,,,,,,,
CC1CN(C)CCC1c1c2cc(C(=O)Nc3ccc4c(c3)CNC4)cc(Cl)c2nn1N,Z3654a,openbind_xx01zvns2b_c1_scaffolds,Z3699a,Z4827a,,,,,,,,,,,,,,,,,,,,,,,,,,,,,,,,,,,,,,,,,,,,,,,,,,,,,,,,,,,
Cc1cc2c(cc1NC(O)(O)c1cc(C=O)cc3[nH]c(-c4ccccc4)nc13)CNC2,Z3654a,openbind_xx01zvns2b_c1_scaffolds,Z3699a,Z4887a,,,,,,,,,,,,,,,,,,,,,,,,,,,,,,,,,,,,,,,,,,,,,,,,,,,,,,,,,,,
CC1CC(NC(=O)c2cc(Br)cc3c2CC(=O)N3)CC2(CCNC2)C1,Z3654a,openbind_xx01zvns2b_c1_scaffolds,Z3699a,Z5029a,,,,,,,,,,,,,,,,,,,,,,,,,,,,,,,,,,,,,,,,,,,,,,,,,,,,,,,,,,,
CNC1NCC1n1c(C(N)=O)cc2c(C(=O)Nc3ccc4c(c3)CNC4)cc(Cl)c(C#N)c21,Z3654a,openbind_xx01zvns2b_c1_scaffolds,Z3699a,Z5136a,,,,,,,,,,,,,,,,,,,,,,,,,,,,,,,,,,,,,,,,,,,,,,,,,,,,,,,,,,,
CN1CCC(c2cccc(NC(=O)c3cc(Cl)cc4c3cnn4C3CNC3)c2)CC1,Z3654a,openbind_xx01zvns2b_c1_scaffolds,Z0422a,Z3706a,,,,,,,,,,,,,,,,,,,,,,,,,,,,,,,,,,,,,,,,,,,,,,,,,,,,,,,,,,,
CNCn1c(-c2ccccc2)nc2c(C(O)(Nc3cc(C#N)c4c(c3)CNC4)C(=O)NC(C)C)cc(Cl)cc21,Z3654a,openbind_xx01zvns2b_c1_scaffolds,Z0465a,Z3706a,,,,,,,,,,,,,,,,,,,,,,,,,,,,,,,,,,,,,,,,,,,,,,,,,,,,,,,,,,,
N#Cc1cc2c(cc1NC(=O)c1cc(F)c(C#N)c3n[nH]cc13)CNC2,Z3654a,openbind_xx01zvns2b_c1_scaffolds,Z0773a,Z3706a,,,,,,,,,,,,,,,,,,,,,,,,,,,,,,,,,,,,,,,,,,,,,,,,,,,,,,,,,,,
N#CC1C(NC(=O)c2cc(F)cc3n[nH]cc23)CC2=C(CNC2)C12CCS(=O)(=O)CC2,Z3654a,openbind_xx01zvns2b_c1_scaffolds,Z1320a,Z3706a,,,,,,,,,,,,,,,,,,,,,,,,,,,,,,,,,,,,,,,,,,,,,,,,,,,,,,,,,,,
CC(C)C1NNC2(Cc3c(cc(F)cc3C(=O)Nc3cc4c(cc3C#N)CNC4)N2)S1,Z3654a,openbind_xx01zvns2b_c1_scaffolds,Z1664a,Z3706a,,,,,,,,,,,,,,,,,,,,,,,,,,,,,,,,,,,,,,,,,,,,,,,,,,,,,,,,,,,
Cc1c(C#N)c(NC(=O)c2cc(F)cc3c2=C[NH+]([O-])N=3)cc2c1CNC2,Z3654a,openbind_xx01zvns2b_c1_scaffolds,Z1752a,Z3706a,,,,,,,,,,,,,,,,,,,,,,,,,,,,,,,,,,,,,,,,,,,,,,,,,,,,,,,,,,,
COn1c2cc(F)cc(C(=O)Nc3cc4c(cc3C#N)CNC4)c2c(C)[n+]1[O-],Z3654a,openbind_xx01zvns2b_c1_scaffolds,Z1837a,Z3706a,,,,,,,,,,,,,,,,,,,,,,,,,,,,,,,,,,,,,,,,,,,,,,,,,,,,,,,,,,,
CNCn1ncc2c(C(=O)Nc3cc4c(c(F)c3C#N)C3(CCCC3=O)NC4)cc(F)cc21,Z3654a,openbind_xx01zvns2b_c1_scaffolds,Z3665a,Z3706a,,,,,,,,,,,,,,,,,,,,,,,,,,,,,,,,,,,,,,,,,,,,,,,,,,,,,,,,,,,
NC1C(=O)Nc2cccc(C(=O)NC3CCCC4(CCNC4)C3)c21,Z3654a,openbind_xx01zvns2b_c1_scaffolds,Z3691a,Z3706a,,,,,,,,,,,,,,,,,,,,,,,,,,,,,,,,,,,,,,,,,,,,,,,,,,,,,,,,,,,
Cc1cc(NC(=O)c2cc(Cl)cc3c(CNCN)c[nH]c23)cc2c1CNC2,Z3654a,openbind_xx01zvns2b_c1_scaffolds,Z3706a,Z3956a,,,,,,,,,,,,,,,,,,,,,,,,,,,,,,,,,,,,,,,,,,,,,,,,,,,,,,,,,,,
N#Cc1cc2c(cc1NC(=O)C1CC(F)CC3C4COCC4CC13)CNC2,Z3654a,openbind_xx01zvns2b_c1_scaffolds,Z3706a,Z3980a,,,,,,,,,,,,,,,,,,,,,,,,,,,,,,,,,,,,,,,,,,,,,,,,,,,,,,,,,,,
N#Cc1cc2c(cc1NC(=O)c1cc(F)cc3c1cn1cn[nH]c31)CNC2,Z3654a,openbind_xx01zvns2b_c1_scaffolds,Z3706a,Z4019a,,,,,,,,,,,,,,,,,,,,,,,,,,,,,,,,,,,,,,,,,,,,,,,,,,,,,,,,,,,
N#Cc1cc2c(cc1NC(=O)c1cc(F)cc3c1CNC31CCOCC1)CNC2,Z3654a,openbind_xx01zvns2b_c1_scaffolds,Z3706a,Z4094a,,,,,,,,,,,,,,,,,,,,,,,,,,,,,,,,,,,,,,,,,,,,,,,,,,,,,,,,,,,
CN1CC(n2ncc3c(C(=O)Nc4ccc5c(c4)CNC5)cc(F)cc32)C1,Z3654a,openbind_xx01zvns2b_c1_scaffolds,Z0051a,Z0089a,Z3711a,Z3792a,,,,,,,,,,,,,,,,,,,,,,,,,,,,,,,,,,,,,,,,,,,,,,,,,,,,,,,,,
CC(C)C12C(N)C=NC1(F)CCCC2CC(F)CNC(=O)N(C(=O)CCCF)c1ccc2c(c1)CNC2,Z3654a,openbind_xx01zvns2b_c1_scaffolds,Z0425a,Z3711a,,,,,,,,,,,,,,,,,,,,,,,,,,,,,,,,,,,,,,,,,,,,,,,,,,,,,,,,,,,
CC(=O)Nc1cc(C(=O)Nc2ccc3c(c2)CNC3)cc2scc(-c3cccc(CN)c3)c12,Z3654a,openbind_xx01zvns2b_c1_scaffolds,Z0788a,Z3711a,,,,,,,,,,,,,,,,,,,,,,,,,,,,,,,,,,,,,,,,,,,,,,,,,,,,,,,,,,,
Cc1cc2c(cc1C(=O)C(=O)c1cc(F)cc3c1C(C)(OCCCO)C(=O)N3NC(C)(C)CO)CNC2,Z3654a,openbind_xx01zvns2b_c1_scaffolds,Z1274a,Z1413a,Z1495a,Z3711a,,,,,,,,,,,,,,,,,,,,,,,,,,,,,,,,,,,,,,,,,,,,,,,,,,,,,,,,,
NCC1CCCC2(C1)C(=O)c1cc(C(=O)Nc3ccc4c(c3)CNC4)cc3scc2c13,Z3654a,openbind_xx01zvns2b_c1_scaffolds,Z1674a,Z3711a,,,,,,,,,,,,,,,,,,,,,,,,,,,,,,,,,,,,,,,,,,,,,,,,,,,,,,,,,,,
NCc1cccc(-c2csc3cc(C(=O)Nc4ccc5c(c4)CNC5=O)cc(O)c23)c1,Z3654a,openbind_xx01zvns2b_c1_scaffolds,Z2217a,Z3711a,,,,,,,,,,,,,,,,,,,,,,,,,,,,,,,,,,,,,,,,,,,,,,,,,,,,,,,,,,,
CCc1ccc2c(c1CN)Nc1cc(C(=O)Nc3ccc4c(c3)CNC4)cc3scc-2c13,Z3654a,openbind_xx01zvns2b_c1_scaffolds,Z3711a,Z3790a,,,,,,,,,,,,,,,,,,,,,,,,,,,,,,,,,,,,,,,,,,,,,,,,,,,,,,,,,,,
CC(N=O)(Nc1cc2cnccc2cn1)c1cc(Cl)cc2c1cnn2C1(N)CNC1,Z3654a,openbind_xx01zvns2b_c1_scaffolds,Z0101a,Z3720a,,,,,,,,,,,,,,,,,,,,,,,,,,,,,,,,,,,,,,,,,,,,,,,,,,,,,,,,,,,
CC(C)c1nnc(-c2nc3c(C(=O)Nc4ccc5c(c4)CNC5)cc(F)c(C#N)c3[nH]2)s1,Z3654a,openbind_xx01zvns2b_c1_scaffolds,Z0673a,Z3720a,,,,,,,,,,,,,,,,,,,,,,,,,,,,,,,,,,,,,,,,,,,,,,,,,,,,,,,,,,,
CCCNC(=O)C(O)(Nc1ccc2c(c1)CNC2)c1cc(F)cc2nc(-c3nnc(C(C)C)s3)[nH]c12,Z3654a,openbind_xx01zvns2b_c1_scaffolds,Z0846b,Z3720a,,,,,,,,,,,,,,,,,,,,,,,,,,,,,,,,,,,,,,,,,,,,,,,,,,,,,,,,,,,
Cc1ccc(S(=O)(=O)CNC(=O)C(O)(Nc2ccc3c(c2)CNC3)c2cc(F)cc3nc(-c4nnc(C(C)C)s4)[nH]c23)cc1,Z3654a,openbind_xx01zvns2b_c1_scaffolds,Z0917a,Z3720a,,,,,,,,,,,,,,,,,,,,,,,,,,,,,,,,,,,,,,,,,,,,,,,,,,,,,,,,,,,
CCc1cc(C(=O)Nc2ccc3c(c2)CNC3)c2nc(-c3nnc(C(C)C)s3)n(C)c2c1,Z3654a,openbind_xx01zvns2b_c1_scaffolds,Z0990a,Z3720a,,,,,,,,,,,,,,,,,,,,,,,,,,,,,,,,,,,,,,,,,,,,,,,,,,,,,,,,,,,
CC(C)NC(=O)C(O)(Nc1ccc2c(c1)CNC2)c1cc(Cl)cc2c1NC1(CCCCC1)C2C#N,Z3654a,openbind_xx01zvns2b_c1_scaffolds,Z1237a,Z1342a,Z1398a,Z3720a,,,,,,,,,,,,,,,,,,,,,,,,,,,,,,,,,,,,,,,,,,,,,,,,,,,,,,,,,
NC1NCC1n1ncc2c(C(=O)Nc3ccc(N4CCCC4=O)c(F)c3)cc(Cl)cc21,Z3654a,openbind_xx01zvns2b_c1_scaffolds,Z1597a,Z3720a,,,,,,,,,,,,,,,,,,,,,,,,,,,,,,,,,,,,,,,,,,,,,,,,,,,,,,,,,,,
CC(C)c1nnc(-c2c(OCCCO)c3c(C(=O)Nc4ccc5c(c4)CNC5)cc(F)cc3n2C)s1,Z3654a,openbind_xx01zvns2b_c1_scaffolds,Z1715a,Z3720a,,,,,,,,,,,,,,,,,,,,,,,,,,,,,,,,,,,,,,,,,,,,,,,,,,,,,,,,,,,
CC1(C)Cc2c3c(cc(NC(=O)c4cc(Cl)cc5c(CNCN)c[nH]c45)c2O1)CNC3,Z3654a,openbind_xx01zvns2b_c1_scaffolds,Z1743a,Z3720a,,,,,,,,,,,,,,,,,,,,,,,,,,,,,,,,,,,,,,,,,,,,,,,,,,,,,,,,,,,
CC(C)c1nc2c(s1)-c1nc3c(C(=O)Nc4ccc5c(c4)CNC5)cc(F)cc3n1CC2,Z3654a,openbind_xx01zvns2b_c1_scaffolds,Z1753a,Z3720a,,,,,,,,,,,,,,,,,,,,,,,,,,,,,,,,,,,,,,,,,,,,,,,,,,,,,,,,,,,
CC(C)c1nnc(-c2nc3c(C(=O)Nc4ccc5c(c4)CNC5)cc(F)cc3n2C#N)s1,Z3654a,openbind_xx01zvns2b_c1_scaffolds,Z1838a,Z3720a,,,,,,,,,,,,,,,,,,,,,,,,,,,,,,,,,,,,,,,,,,,,,,,,,,,,,,,,,,,
Cn1cc2c(C(=O)Nc3ccc4c(c3)CNC4)cc(F)cc2c1C1CNC1,Z3654a,openbind_xx01zvns2b_c1_scaffolds,Z2057a,Z3060a,Z3465a,Z3720a,,,,,,,,,,,,,,,,,,,,,,,,,,,,,,,,,,,,,,,,,,,,,,,,,,,,,,,,,
CCCCC1C=C(c2cccc(C(=O)Nc3ccc4c(c3)CNC4=O)c2C)CN1,Z3654a,openbind_xx01zvns2b_c1_scaffolds,Z3021a,Z3093a,Z3439a,Z3466a,Z3477a,Z3486a,Z3501a,Z3503a,Z3646a,Z3685a,Z3720a,Z3769a,Z3774a,Z3813a,Z3815a,Z3817a,Z3819a,Z3831a,Z3936a,,,,,,,,,,,,,,,,,,,,,,,,,,,,,,,,,,,,,,,,,,
CC(C)c1nnc(-c2nc3cc(F)cc(C(O)(Nc4ccc5c(c4)CNC5)C(=O)NCC(F)F)c3[nH]2)s1,Z3654a,openbind_xx01zvns2b_c1_scaffolds,Z3394a,Z3519a,Z3720a,,,,,,,,,,,,,,,,,,,,,,,,,,,,,,,,,,,,,,,,,,,,,,,,,,,,,,,,,,
CNCC1CCC2C(CC(C)Cl)C(Nc3ccc4c(c3)CNC4)(C(=O)NCC(F)F)CN2CC1(O)NC,Z3654a,openbind_xx01zvns2b_c1_scaffolds,Z3545a,Z3720a,,,,,,,,,,,,,,,,,,,,,,,,,,,,,,,,,,,,,,,,,,,,,,,,,,,,,,,,,,,
NCc1cc(NC(=O)c2cccc3c(C4CNC4)[n+]([O-])[nH]c23)ccc1F,Z3654a,openbind_xx01zvns2b_c1_scaffolds,Z3559a,Z3720a,,,,,,,,,,,,,,,,,,,,,,,,,,,,,,,,,,,,,,,,,,,,,,,,,,,,,,,,,,,
CNCn1c(-c2nnc(C(C)C)s2)nc2c(C(=O)Nc3cc(F)c4c(c3)CNC4)cc(F)cc21,Z3654a,openbind_xx01zvns2b_c1_scaffolds,Z3665a,Z3720a,,,,,,,,,,,,,,,,,,,,,,,,,,,,,,,,,,,,,,,,,,,,,,,,,,,,,,,,,,,
CNCn1c(-c2nnc(C(C)C)s2)nc2c(C(=O)Nc3cc(F)c4c(c3)CNC43CCCC3)cc(F)cc21,Z3654a,openbind_xx01zvns2b_c1_scaffolds,Z3677a,Z3720a,,,,,,,,,,,,,,,,,,,,,,,,,,,,,,,,,,,,,,,,,,,,,,,,,,,,,,,,,,,
CC(C)C1NC2CNC3C4CC(F)CC(C(=O)Nc5ccc6c(c5)CNC6)C4NC3C2S1,Z3654a,openbind_xx01zvns2b_c1_scaffolds,Z3720a,Z3792a,,,,,,,,,,,,,,,,,,,,,,,,,,,,,,,,,,,,,,,,,,,,,,,,,,,,,,,,,,,
O=C(Nc1ccc2c(c1)CNC2)c1cc2c(c3c(C4CN(C5CCOCC5)C4)n[nH]c13)CC(F)(F)C2,Z3654a,openbind_xx01zvns2b_c1_scaffolds,Z3720a,Z3856a,,,,,,,,,,,,,,,,,,,,,,,,,,,,,,,,,,,,,,,,,,,,,,,,,,,,,,,,,,,
NC1(n2ncc3c(C(=O)NC4CC5=C(CCCC5)C5(C4)NNNN5)cc(Cl)cc32)CNC1,Z3654a,openbind_xx01zvns2b_c1_scaffolds,Z3720a,Z3880a,,,,,,,,,,,,,,,,,,,,,,,,,,,,,,,,,,,,,,,,,,,,,,,,,,,,,,,,,,,
CCCNC(=O)C(O)(Nc1ccc2c(c1)CN(C)C2)C1CC(Cl)C2=C(CC(=O)N2)C12CCNN2,Z3654a,openbind_xx01zvns2b_c1_scaffolds,Z3720a,Z4031a,,,,,,,,,,,,,,,,,,,,,,,,,,,,,,,,,,,,,,,,,,,,,,,,,,,,,,,,,,,
NN1Cc2ccc(NC(=O)c3cc(NC(=O)OCc4ccccc4)c4[nH]ccc4c3)cc2C1,Z3654a,openbind_xx01zvns2b_c1_scaffolds,Z0490a,Z3729a,,,,,,,,,,,,,,,,,,,,,,,,,,,,,,,,,,,,,,,,,,,,,,,,,,,,,,,,,,,
O=C(Nc1ccc2c(c1)CNC2)c1cc2c(c3c1=CC=N3)N=CC=2,Z3654a,openbind_xx01zvns2b_c1_scaffolds,Z0227a,Z0827a,Z3729a,,,,,,,,,,,,,,,,,,,,,,,,,,,,,,,,,,,,,,,,,,,,,,,,,,,,,,,,,,
CNCN1C(=O)C(C)(OC)c2c(C(=O)Nc3cc(Br)c4c(c3)CNC4)cc(F)cc21,Z3654a,openbind_xx01zvns2b_c1_scaffolds,Z0429a,Z3729a,,,,,,,,,,,,,,,,,,,,,,,,,,,,,,,,,,,,,,,,,,,,,,,,,,,,,,,,,,,
Nn1ccc2cc(C(=O)Nc3ccc4c(c3)CNC4)ccc21,Z3654a,openbind_xx01zvns2b_c1_scaffolds,Z0559a,Z3729a,,,,,,,,,,,,,,,,,,,,,,,,,,,,,,,,,,,,,,,,,,,,,,,,,,,,,,,,,,,
C1=Nc2c3c(c(C(N=CNCC4CCCO4)Nc4ccc5c(c4)CNC5)cc2=C1)=CN=N3,Z3654a,openbind_xx01zvns2b_c1_scaffolds,Z0951a,Z3729a,,,,,,,,,,,,,,,,,,,,,,,,,,,,,,,,,,,,,,,,,,,,,,,,,,,,,,,,,,,
CCC(C)Nc1ccc(CN)cc1C(O)(O)Nc1ccc2c(c1)CNC2,Z3654a,openbind_xx01zvns2b_c1_scaffolds,Z1495a,Z3028a,Z3729a,,,,,,,,,,,,,,,,,,,,,,,,,,,,,,,,,,,,,,,,,,,,,,,,,,,,,,,,,,
O=C1C=C2CC3(CC4=C2C(=N1)C=C4)N=C3Nc1ccc2c(c1)CNC2,Z3654a,openbind_xx01zvns2b_c1_scaffolds,Z1664a,Z3729a,,,,,,,,,,,,,,,,,,,,,,,,,,,,,,,,,,,,,,,,,,,,,,,,,,,,,,,,,,,
CC1(OCCCO)C(=O)Nc2c1c(C(=O)Nc1ccc3c(c1)CNC3)cc1cc[nH]c21,Z3654a,openbind_xx01zvns2b_c1_scaffolds,Z1667a,Z3729a,,,,,,,,,,,,,,,,,,,,,,,,,,,,,,,,,,,,,,,,,,,,,,,,,,,,,,,,,,,
Cc1cc(NC(=O)c2cc3c4c(ccn4NC(=O)C3)c2)cc2c1CNC2,Z3654a,openbind_xx01zvns2b_c1_scaffolds,Z1713a,Z3729a,,,,,,,,,,,,,,,,,,,,,,,,,,,,,,,,,,,,,,,,,,,,,,,,,,,,,,,,,,,
CCC1=c2ccc(C(=O)Nc3ccc4c(c3)CNC4)cc2=CC1=O,Z3654a,openbind_xx01zvns2b_c1_scaffolds,Z2235a,Z3729a,,,,,,,,,,,,,,,,,,,,,,,,,,,,,,,,,,,,,,,,,,,,,,,,,,,,,,,,,,,
O=C1CC(CC2CNC2)c2cc(C(=O)Nc3ccc4c(c3)CNC4)cc(Cl)c2N1,Z3654a,openbind_xx01zvns2b_c1_scaffolds,Z2500a,Z3505a,Z3522a,Z3729a,,,,,,,,,,,,,,,,,,,,,,,,,,,,,,,,,,,,,,,,,,,,,,,,,,,,,,,,,
O=C(Nc1cc(F)cc(N2CCCC2)c1)c1cc(Cl)cc2c1cnn2C1CN(CO)C1,Z3654a,openbind_xx01zvns2b_c1_scaffolds,Z3028a,Z3729a,,,,,,,,,,,,,,,,,,,,,,,,,,,,,,,,,,,,,,,,,,,,,,,,,,,,,,,,,,,
CN(C)Cn1cc2c(C(=O)Nc3ccc4c(c3)CN(CC(F)F)C4)cc(Cl)cc2c1C1CNC1,Z3654a,openbind_xx01zvns2b_c1_scaffolds,Z3486a,Z3729a,,,,,,,,,,,,,,,,,,,,,,,,,,,,,,,,,,,,,,,,,,,,,,,,,,,,,,,,,,,
NN(C(=O)c1cccc2c1CC(=O)N2)C1CCCC2(CCNC2)C1,Z3654a,openbind_xx01zvns2b_c1_scaffolds,Z3489a,Z3729a,,,,,,,,,,,,,,,,,,,,,,,,,,,,,,,,,,,,,,,,,,,,,,,,,,,,,,,,,,,
O=C(Nc1ccc2c(c1)CNC2)c1cc2ccn3nc(CC4CNC4)c(c1)c23,Z3654a,openbind_xx01zvns2b_c1_scaffolds,Z3519a,Z3696a,Z3729a,,,,,,,,,,,,,,,,,,,,,,,,,,,,,,,,,,,,,,,,,,,,,,,,,,,,,,,,,,
CNCN1C(=O)Cc2c(C(=O)Nc3cc(Br)c4c(c3)CNC4)cccc21,Z3654a,openbind_xx01zvns2b_c1_scaffolds,Z3677a,Z3729a,,,,,,,,,,,,,,,,,,,,,,,,,,,,,,,,,,,,,,,,,,,,,,,,,,,,,,,,,,,
NCCC1CC(CNNC2CNC2)C(C(=O)Nc2ccc3c(c2)CNC3)C1Cl,Z3654a,openbind_xx01zvns2b_c1_scaffolds,Z3729a,Z3802a,,,,,,,,,,,,,,,,,,,,,,,,,,,,,,,,,,,,,,,,,,,,,,,,,,,,,,,,,,,
Cc1cc(C(=O)C(=O)c2cc(Cl)cc3c2cnn3C2CC(C)(O)C2C)nc(C)c1C,Z3654a,openbind_xx01zvns2b_c1_scaffolds,Z3729a,Z3880a,,,,,,,,,,,,,,,,,,,,,,,,,,,,,,,,,,,,,,,,,,,,,,,,,,,,,,,,,,,
N#Cc1cc2c(cc1NC(=O)c1cc(F)cc3nn(CN4CCCC4)cc13)CNC2,Z3654a,openbind_xx01zvns2b_c1_scaffolds,Z3729a,Z3970a,,,,,,,,,,,,,,,,,,,,,,,,,,,,,,,,,,,,,,,,,,,,,,,,,,,,,,,,,,,
CCCc1c[nH]c2c(C(=O)Nc3ccc4c(c3)CNC4)cc(Cl)cc12,Z3654a,openbind_xx01zvns2b_c1_scaffolds,Z0490a,Z3733a,,,,,,,,,,,,,,,,,,,,,,,,,,,,,,,,,,,,,,,,,,,,,,,,,,,,,,,,,,,
CC(C)n1cc2cccc(C(=O)Nc3ccc4c(c3)C(N)NC4)c2n1,Z3654a,openbind_xx01zvns2b_c1_scaffolds,Z1682a,Z3733a,,,,,,,,,,,,,,,,,,,,,,,,,,,,,,,,,,,,,,,,,,,,,,,,,,,,,,,,,,,
O=C(Nc1ccc2c(n1)C=NC=CO2)c1cc(Cl)cc2c1cnn2C1CNC1,Z3654a,openbind_xx01zvns2b_c1_scaffolds,Z0101a,Z3733a,,,,,,,,,,,,,,,,,,,,,,,,,,,,,,,,,,,,,,,,,,,,,,,,,,,,,,,,,,,
CNCC1C(=O)NC2C3=C1CNC3C(C(=O)Nc1ccc3c(c1)CNC3)CC2F,Z3654a,openbind_xx01zvns2b_c1_scaffolds,Z0386a,Z1597a,Z1664a,Z1730a,Z3733a,,,,,,,,,,,,,,,,,,,,,,,,,,,,,,,,,,,,,,,,,,,,,,,,,,,,,,,,
N#Cc1cc(NC(=O)c2cc(Cl)cc3c2cnn3C2CNC2)cc2c1CNC2,Z3654a,openbind_xx01zvns2b_c1_scaffolds,Z0422a,Z1320a,Z2217a,Z3394a,Z3733a,,,,,,,,,,,,,,,,,,,,,,,,,,,,,,,,,,,,,,,,,,,,,,,,,,,,,,,,
Cc1ccc(S(=O)(=O)CNC(=O)C(O)(Nc2ccc3c(c2)CNC3)c2cc(Cl)cc3c[nH]nc23)cc1,Z3654a,openbind_xx01zvns2b_c1_scaffolds,Z0455a,Z3733a,,,,,,,,,,,,,,,,,,,,,,,,,,,,,,,,,,,,,,,,,,,,,,,,,,,,,,,,,,,
CC(C)CNC(=O)C(O)(Nc1ccc2c(c1)CNC2)c1cc(Cl)cc2cn[nH]c12,Z3654a,openbind_xx01zvns2b_c1_scaffolds,Z0719a,Z3733a,,,,,,,,,,,,,,,,,,,,,,,,,,,,,,,,,,,,,,,,,,,,,,,,,,,,,,,,,,,
N#CC(O)(Nc1ccc2c(c1)CNC2)c1cccc2c[nH]nc12,Z3654a,openbind_xx01zvns2b_c1_scaffolds,Z0772a,Z3733a,,,,,,,,,,,,,,,,,,,,,,,,,,,,,,,,,,,,,,,,,,,,,,,,,,,,,,,,,,,
Cc1cc(C(=O)Nc2ccc3c(c2)CNC3)c2n[nH]c(C)c2c1,Z3654a,openbind_xx01zvns2b_c1_scaffolds,Z0875a,Z3733a,,,,,,,,,,,,,,,,,,,,,,,,,,,,,,,,,,,,,,,,,,,,,,,,,,,,,,,,,,,
O=C(NCC(F)F)C(O)(Nc1ccc2c(c1)CNC2)c1cc(Br)cc2c1ncn2C(F)(F)F,Z3654a,openbind_xx01zvns2b_c1_scaffolds,Z0945a,Z3733a,,,,,,,,,,,,,,,,,,,,,,,,,,,,,,,,,,,,,,,,,,,,,,,,,,,,,,,,,,,
O=C(NCCCF)C(O)(NC1CC2=C(CNC2)CN1)c1cc(Cl)cc2c1cnn2C1CNC1,Z3654a,openbind_xx01zvns2b_c1_scaffolds,Z0990a,Z3466a,Z3473a,Z3733a,,,,,,,,,,,,,,,,,,,,,,,,,,,,,,,,,,,,,,,,,,,,,,,,,,,,,,,,,
CNCN1C(=O)Cc2c(C(=O)Nc3ccc4c(n3)CNC4)cc(Cl)cc21,Z3654a,openbind_xx01zvns2b_c1_scaffolds,Z1261a,Z1271a,Z3733a,,,,,,,,,,,,,,,,,,,,,,,,,,,,,,,,,,,,,,,,,,,,,,,,,,,,,,,,,,
NCc1cc(N(C(=O)N2CCCCC2)C2=NC23CC(Br)Cc2nn(C4CNC4)cc23)cc2c1CNC2,Z3654a,openbind_xx01zvns2b_c1_scaffolds,Z1288a,Z3733a,,,,,,,,,,,,,,,,,,,,,,,,,,,,,,,,,,,,,,,,,,,,,,,,,,,,,,,,,,,
Cc1c(C(=O)N(C)O)cc(Br)cc1C(Nc1ccc2c(c1)CNC2)C(=O)NCC(F)F,Z3654a,openbind_xx01zvns2b_c1_scaffolds,Z1342a,Z3733a,,,,,,,,,,,,,,,,,,,,,,,,,,,,,,,,,,,,,,,,,,,,,,,,,,,,,,,,,,,
O=C(NCC(F)F)C(O)(Nc1ccc2c(c1)CNC2)c1cc(Br)cc2cn[nH]c12,Z3654a,openbind_xx01zvns2b_c1_scaffolds,Z1398a,Z3733a,,,,,,,,,,,,,,,,,,,,,,,,,,,,,,,,,,,,,,,,,,,,,,,,,,,,,,,,,,,
O=C(NCC(F)F)C(O)(Nc1ccc2c(c1)CNC2)c1cc(Cl)cc2cn[nH]c12,Z3654a,openbind_xx01zvns2b_c1_scaffolds,Z1406a,Z3733a,,,,,,,,,,,,,,,,,,,,,,,,,,,,,,,,,,,,,,,,,,,,,,,,,,,,,,,,,,,
COCCOc1c2cc(F)cc(C(=O)Nc3ccc4c(c3)CNC4)c2n(C)[n+]1[O-],Z3654a,openbind_xx01zvns2b_c1_scaffolds,Z1596a,Z3733a,,,,,,,,,,,,,,,,,,,,,,,,,,,,,,,,,,,,,,,,,,,,,,,,,,,,,,,,,,,
Cc1c2cccc(C(=O)Nc3ccc4c(c3)CNC4)c2nn1C,Z3654a,openbind_xx01zvns2b_c1_scaffolds,Z1681a,Z3733a,,,,,,,,,,,,,,,,,,,,,,,,,,,,,,,,,,,,,,,,,,,,,,,,,,,,,,,,,,,
CC(C)n1ncc2cc(Cl)cc(C(O)(Nc3ccc4c(c3)CNC4)C(=O)NCC(F)F)c21,Z3654a,openbind_xx01zvns2b_c1_scaffolds,Z1688a,Z3733a,,,,,,,,,,,,,,,,,,,,,,,,,,,,,,,,,,,,,,,,,,,,,,,,,,,,,,,,,,,
N#Cc1[nH]nc2c(C(=O)Nc3ccc4c(c3)CNC4)cccc12,Z3654a,openbind_xx01zvns2b_c1_scaffolds,Z1731a,Z3733a,,,,,,,,,,,,,,,,,,,,,,,,,,,,,,,,,,,,,,,,,,,,,,,,,,,,,,,,,,,
CCc1cc(C(=O)Nc2ccc3c(c2)CNC3)cc2c1cnn2C1CCNCC1,Z3654a,openbind_xx01zvns2b_c1_scaffolds,Z1743a,Z3733a,,,,,,,,,,,,,,,,,,,,,,,,,,,,,,,,,,,,,,,,,,,,,,,,,,,,,,,,,,,
O=C1NCc2cc(NC(=O)c3cccc4c3=N[NH+]([O-])C=4)ccc21,Z3654a,openbind_xx01zvns2b_c1_scaffolds,Z1753a,Z3733a,,,,,,,,,,,,,,,,,,,,,,,,,,,,,,,,,,,,,,,,,,,,,,,,,,,,,,,,,,,
O=C(O)CC1NCc2cc(NC(=O)c3cc4c(c5c3=CN=N5)N=CC=4)ccc21,Z3654a,openbind_xx01zvns2b_c1_scaffolds,Z1837a,Z3733a,,,,,,,,,,,,,,,,,,,,,,,,,,,,,,,,,,,,,,,,,,,,,,,,,,,,,,,,,,,
CNCc1n[nH]c2c(C(=O)Nc3ccc4c(c3)CNC4)cccc12,Z3654a,openbind_xx01zvns2b_c1_scaffolds,Z2094a,Z2235a,Z3397a,Z3464a,Z3733a,Z3803a,,,,,,,,,,,,,,,,,,,,,,,,,,,,,,,,,,,,,,,,,,,,,,,,,,,,,,,
CNCc1[nH]nc2c(C(=O)Nc3ccc4c(c3)CNC4)cc(Br)cc12,Z3654a,openbind_xx01zvns2b_c1_scaffolds,Z3021a,Z3733a,,,,,,,,,,,,,,,,,,,,,,,,,,,,,,,,,,,,,,,,,,,,,,,,,,,,,,,,,,,
O=C(NCCCF)C(O)(Nc1ccc2c(c1)CNC2)c1cc(Cl)cc2cn[nH]c12,Z3654a,openbind_xx01zvns2b_c1_scaffolds,Z3060a,Z3439a,Z3733a,,,,,,,,,,,,,,,,,,,,,,,,,,,,,,,,,,,,,,,,,,,,,,,,,,,,,,,,,,
CNCc1[nH]nc2c(C(=O)Nc3cc(Br)c4c(c3)CNC4)cccc12,Z3654a,openbind_xx01zvns2b_c1_scaffolds,Z3432a,Z3733a,,,,,,,,,,,,,,,,,,,,,,,,,,,,,,,,,,,,,,,,,,,,,,,,,,,,,,,,,,,
O=C(Nc1ccc2c(c1)CNC2)c1cc(Cl)cc2c1NC1(CCNCC1)C2,Z3654a,openbind_xx01zvns2b_c1_scaffolds,Z3465a,Z3480a,Z3673a,Z3733a,Z3799a,,,,,,,,,,,,,,,,,,,,,,,,,,,,,,,,,,,,,,,,,,,,,,,,,,,,,,,,
O=C1Cc2cccc3c(C(O)(Nc4ccc5c(c4)CNC5)C(=O)NCC(F)F)cc(Br)c(c23)N1,Z3654a,openbind_xx01zvns2b_c1_scaffolds,Z3477a,Z3733a,,,,,,,,,,,,,,,,,,,,,,,,,,,,,,,,,,,,,,,,,,,,,,,,,,,,,,,,,,,
CNCc1[nH]nc2c(C(=O)Nc3ccc4c(c3)CN(C)C4C)cc(Cl)cc12,Z3654a,openbind_xx01zvns2b_c1_scaffolds,Z3522a,Z3733a,,,,,,,,,,,,,,,,,,,,,,,,,,,,,,,,,,,,,,,,,,,,,,,,,,,,,,,,,,,
Cc1nc2cc(Cl)cc(C(O)(Nc3ccc4c(c3)CNC4)C(=O)NCC(F)F)c2[nH]1,Z3654a,openbind_xx01zvns2b_c1_scaffolds,Z3665a,Z3733a,,,,,,,,,,,,,,,,,,,,,,,,,,,,,,,,,,,,,,,,,,,,,,,,,,,,,,,,,,,
O=C(Nc1ccc2c(c1)CNC2)c1cccc2c(NC3CCC3)[nH]nc12,Z3654a,openbind_xx01zvns2b_c1_scaffolds,Z3677a,Z3733a,,,,,,,,,,,,,,,,,,,,,,,,,,,,,,,,,,,,,,,,,,,,,,,,,,,,,,,,,,,
O=C(Nc1ccc2c(c1)CNC2)c1cc(Cl)cc2cn(CC3CNC3)nc12,Z3654a,openbind_xx01zvns2b_c1_scaffolds,Z3680a,Z3733a,,,,,,,,,,,,,,,,,,,,,,,,,,,,,,,,,,,,,,,,,,,,,,,,,,,,,,,,,,,
NCn1cnc2c(C(Nc3ccc4c(c3)CNC4)C(=O)NCC(F)F)cc(Br)cc21,Z3654a,openbind_xx01zvns2b_c1_scaffolds,Z3733a,Z4039a,,,,,,,,,,,,,,,,,,,,,,,,,,,,,,,,,,,,,,,,,,,,,,,,,,,,,,,,,,,
O=C(NCC(F)F)C(Nc1ccc2c(c1)CNC2)c1cc(Br)cc2nc[nH]c12,Z3654a,openbind_xx01zvns2b_c1_scaffolds,Z3733a,Z4120a,Z4469a,Z5002a,,,,,,,,,,,,,,,,,,,,,,,,,,,,,,,,,,,,,,,,,,,,,,,,,,,,,,,,,
CCc1nc2c(C(Nc3ccc4c(c3)CNC4)C(=O)NCC(F)F)cc(Br)c3c2n1C=CC=C3,Z3654a,openbind_xx01zvns2b_c1_scaffolds,Z3733a,Z4168a,,,,,,,,,,,,,,,,,,,,,,,,,,,,,,,,,,,,,,,,,,,,,,,,,,,,,,,,,,,
O=C(NCC(F)F)C(Nc1ccc2c(c1)CNC2)C1CC(Br)C2CNCN3CNC1C23,Z3654a,openbind_xx01zvns2b_c1_scaffolds,Z3733a,Z4478a,,,,,,,,,,,,,,,,,,,,,,,,,,,,,,,,,,,,,,,,,,,,,,,,,,,,,,,,,,,
CC(C)NC(=O)C(Nc1ccc2c(c1)CNC2)c1ccc2c(c1)NC(OC(C)C(N)=O)=S2C#N,Z3654a,openbind_xx01zvns2b_c1_scaffolds,Z3733a,Z4931a,,,,,,,,,,,,,,,,,,,,,,,,,,,,,,,,,,,,,,,,,,,,,,,,,,,,,,,,,,,
Cc1nc2c(C(Nc3ccc4c(c3)CNC4)C(=O)NCC(F)F)cc(Br)cc2n1CO,Z3654a,openbind_xx01zvns2b_c1_scaffolds,Z3733a,Z5011a,Z5029a,Z5082a,Z5084a,,,,,,,,,,,,,,,,,,,,,,,,,,,,,,,,,,,,,,,,,,,,,,,,,,,,,,,,
CCOC(=O)C1CC2C(N)SC3CCC(C32)C(O)(Nc2ccc3c(c2)CNC3)C1,Z3654a,openbind_xx01zvns2b_c1_scaffolds,Z3733a,Z5017a,,,,,,,,,,,,,,,,,,,,,,,,,,,,,,,,,,,,,,,,,,,,,,,,,,,,,,,,,,,
O=C(NCC(F)F)C(O)(Nc1ccc2c(c1)CNC2)c1cc(Br)cc2nc[nH]c12,Z3654a,openbind_xx01zvns2b_c1_scaffolds,Z1682a,Z2048a,Z0101a,Z0386a,Z0687a,Z1261a,Z1406a,Z1413a,Z1713a,Z3654a,Z3743a,Z3792a,,,,,,,,,,,,,,,,,,,,,,,,,,,,,,,,,,,,,,,,,,,,,,,,,
Nc1c(C(=O)Nc2ccc3c(c2)CN(N)C3)cc(Cl)c2nc(C3(Cc4ccccc4)CCCNC3)ncc12,Z3654a,openbind_xx01zvns2b_c1_scaffolds,Z0089a,Z3743a,,,,,,,,,,,,,,,,,,,,,,,,,,,,,,,,,,,,,,,,,,,,,,,,,,,,,,,,,,,
Cc1ccc(N)nc1NC(=O)c1cc(F)cc2c1cnn2C1CNC1,Z3654a,openbind_xx01zvns2b_c1_scaffolds,Z0472a,Z3743a,,,,,,,,,,,,,,,,,,,,,,,,,,,,,,,,,,,,,,,,,,,,,,,,,,,,,,,,,,,
O=C(NCC(F)F)C(O)(Nc1ccc2c(c1)CNC2)C1CC2=C(NCCC2)c2nc[nH]c21,Z3654a,openbind_xx01zvns2b_c1_scaffolds,Z0701a,Z3743a,,,,,,,,,,,,,,,,,,,,,,,,,,,,,,,,,,,,,,,,,,,,,,,,,,,,,,,,,,,
Cc1c(CC(C)F)cc(C(O)(Nc2ccc3c(c2)CNC3)C(=O)NCC(F)F)c2[nH]cnc12,Z3654a,openbind_xx01zvns2b_c1_scaffolds,Z0727a,Z3743a,,,,,,,,,,,,,,,,,,,,,,,,,,,,,,,,,,,,,,,,,,,,,,,,,,,,,,,,,,,
CCc1cc(C(O)(Nc2ccc3c(c2)CNC3)C(=O)NCC(F)F)c2ncn(C)c2c1,Z3654a,openbind_xx01zvns2b_c1_scaffolds,Z0788a,Z3743a,,,,,,,,,,,,,,,,,,,,,,,,,,,,,,,,,,,,,,,,,,,,,,,,,,,,,,,,,,,
Cc1nc2c(C(O)(Nc3ccc4c(c3)CNC4)C(=O)NCC(F)F)cc(Br)cc2n1C,Z3654a,openbind_xx01zvns2b_c1_scaffolds,Z1470a,Z3743a,,,,,,,,,,,,,,,,,,,,,,,,,,,,,,,,,,,,,,,,,,,,,,,,,,,,,,,,,,,
COC1CCC2(CN1)C(=O)Nc1cccc(C(=O)NC3CC(C)N(c4ccccn4)C3)c12,Z3654a,openbind_xx01zvns2b_c1_scaffolds,Z1681a,Z1730a,Z1731a,Z3743a,,,,,,,,,,,,,,,,,,,,,,,,,,,,,,,,,,,,,,,,,,,,,,,,,,,,,,,,,
CNC1=CNC(Nc2ccc(Cl)cc2C(=O)Nc2ccc3c(c2)CNC3)=CC=C1,Z3654a,openbind_xx01zvns2b_c1_scaffolds,Z1752a,Z3743a,,,,,,,,,,,,,,,,,,,,,,,,,,,,,,,,,,,,,,,,,,,,,,,,,,,,,,,,,,,
O=C1C=C(C2c3nc[nH]c3C(O)(C(Nc3cc4c(c(-c5ccncc5)c3)CNC4)C(=O)NCC(F)F)CC2Br)C=N1,Z3654a,openbind_xx01zvns2b_c1_scaffolds,Z1756a,Z3743a,,,,,,,,,,,,,,,,,,,,,,,,,,,,,,,,,,,,,,,,,,,,,,,,,,,,,,,,,,,
CC1(OCCCO)C(=O)C(C2CNC2)c2cc(F)cc(C(=O)NC3CCC4CNCC4C3)c21,Z3654a,openbind_xx01zvns2b_c1_scaffolds,Z2135a,Z2235a,Z3028a,Z3264a,Z3400a,Z3441a,Z3463a,Z3505a,Z3506a,Z3515a,Z3545a,Z3680a,Z3720a,Z3729a,Z3743a,Z3815a,Z3819a,Z3856a,,,,,,,,,,,,,,,,,,,,,,,,,,,,,,,,,,,,,,,,,,,
CNCN1C(=O)Cc2c(C(=O)Nc3nc4c(c5c3OC(C)(C)C5)CNC4)cc(Cl)cc21,Z3654a,openbind_xx01zvns2b_c1_scaffolds,Z3024a,Z3743a,,,,,,,,,,,,,,,,,,,,,,,,,,,,,,,,,,,,,,,,,,,,,,,,,,,,,,,,,,,
NC1NCc2ccc(OC(=O)c3cccc4c3CC(=O)C4=O)cc21,Z3654a,openbind_xx01zvns2b_c1_scaffolds,Z3452a,Z3561a,Z3743a,,,,,,,,,,,,,,,,,,,,,,,,,,,,,,,,,,,,,,,,,,,,,,,,,,,,,,,,,,
NCNc1cc(NNCCC2CCNCC2)c(Br)cc1C(O)(Nc1ccc2c(c1)CNC2)C(=O)NCC(F)F,Z3654a,openbind_xx01zvns2b_c1_scaffolds,Z3480a,Z3743a,,,,,,,,,,,,,,,,,,,,,,,,,,,,,,,,,,,,,,,,,,,,,,,,,,,,,,,,,,,
CC1CC(C(C(=O)NCC(F)F)C(=O)c2ccc3c(c2)CNC3)CC2=C1NC(=O)CC2,Z3654a,openbind_xx01zvns2b_c1_scaffolds,Z3743a,Z3831a,,,,,,,,,,,,,,,,,,,,,,,,,,,,,,,,,,,,,,,,,,,,,,,,,,,,,,,,,,,
CNC1(C2CCNCC2)NCC2C(Cl)CC(C(O)(C#N)Nc3ccc4c(c3)CNC4)OC21,Z3654a,openbind_xx01zvns2b_c1_scaffolds,Z3743a,Z3833a,,,,,,,,,,,,,,,,,,,,,,,,,,,,,,,,,,,,,,,,,,,,,,,,,,,,,,,,,,,
NCc1cccc(NC(O)(F)c2cccc3c2CC2NCCCN32)c1,Z3654a,openbind_xx01zvns2b_c1_scaffolds,Z3743a,Z4179a,,,,,,,,,,,,,,,,,,,,,,,,,,,,,,,,,,,,,,,,,,,,,,,,,,,,,,,,,,,
CC(C)NC(=O)N(C(=O)C1=CC(Cl)=CSc2c(CN)c[nH]c21)c1ccc2c(c1)CNC2,Z3654a,openbind_xx01zvns2b_c1_scaffolds,Z0182a,Z3746a,,,,,,,,,,,,,,,,,,,,,,,,,,,,,,,,,,,,,,,,,,,,,,,,,,,,,,,,,,,
O=C(NC1CCCC2(CCNC2)C1)c1cccc2c1CC(=NC(F)F)N2,Z3654a,openbind_xx01zvns2b_c1_scaffolds,Z0229a,Z3746a,,,,,,,,,,,,,,,,,,,,,,,,,,,,,,,,,,,,,,,,,,,,,,,,,,,,,,,,,,,
CCc1cc2c(c(C(=O)NC3CCCC4(CCNC4)C3)c1)CC(=O)N2,Z3654a,openbind_xx01zvns2b_c1_scaffolds,Z0553a,Z3746a,,,,,,,,,,,,,,,,,,,,,,,,,,,,,,,,,,,,,,,,,,,,,,,,,,,,,,,,,,,
CCC1CCC(CNNC2CCNCC2)C(Cl)CCC1(O)Nc1ccc2c(c1)CNC2,Z3654a,openbind_xx01zvns2b_c1_scaffolds,Z1234a,Z3746a,,,,,,,,,,,,,,,,,,,,,,,,,,,,,,,,,,,,,,,,,,,,,,,,,,,,,,,,,,,
CNCC1(O)Cc2c(cc(Br)cc2C(=O)NC2CCCC3(CCNC3)C2)N1,Z3654a,openbind_xx01zvns2b_c1_scaffolds,Z2126a,Z3746a,,,,,,,,,,,,,,,,,,,,,,,,,,,,,,,,,,,,,,,,,,,,,,,,,,,,,,,,,,,
CN1CCC2(CC1)Cc1c(cccc1C(=O)NC1CCCC3(CCNC3)C1)N2,Z3654a,openbind_xx01zvns2b_c1_scaffolds,Z2217a,Z3746a,,,,,,,,,,,,,,,,,,,,,,,,,,,,,,,,,,,,,,,,,,,,,,,,,,,,,,,,,,,
CN(C)CC1Cc2c(cccc2C(=O)NC2CCCC3(CCNC3)C2)N1,Z3654a,openbind_xx01zvns2b_c1_scaffolds,Z2500a,Z3463a,Z3746a,,,,,,,,,,,,,,,,,,,,,,,,,,,,,,,,,,,,,,,,,,,,,,,,,,,,,,,,,,
Cn1cc2ccc(NC(=O)c3cccc4c3CC(=O)C4=O)cc2c1,Z3654a,openbind_xx01zvns2b_c1_scaffolds,Z3021a,Z3746a,,,,,,,,,,,,,,,,,,,,,,,,,,,,,,,,,,,,,,,,,,,,,,,,,,,,,,,,,,,
NC(=O)c1c[nH]c2c(C(=O)Nc3ccc4c(c3)CNC4)cc(Cl)cc12,Z3654a,openbind_xx01zvns2b_c1_scaffolds,Z3060a,Z3746a,,,,,,,,,,,,,,,,,,,,,,,,,,,,,,,,,,,,,,,,,,,,,,,,,,,,,,,,,,,
CNCC1Cc2c(cc(Cl)cc2C(=O)NC2CC(F)C3(CCCCC3)C(CN)C2)N1,Z3654a,openbind_xx01zvns2b_c1_scaffolds,Z3432a,Z3746a,,,,,,,,,,,,,,,,,,,,,,,,,,,,,,,,,,,,,,,,,,,,,,,,,,,,,,,,,,,
CNc1cc2c(C(C(=O)NCC(F)F)C(=O)c3ccc4c(c3)CNC4)cc(Br)cc2n1O,Z3654a,openbind_xx01zvns2b_c1_scaffolds,Z3746a,Z5136a,,,,,,,,,,,,,,,,,,,,,,,,,,,,,,,,,,,,,,,,,,,,,,,,,,,,,,,,,,,
CC1(N)Cc2csc3cc(C(O)(Nc4ccc5c(c4)CNC5)C(=O)NCC(F)F)cc(c23)C1=O,Z3654a,openbind_xx01zvns2b_c1_scaffolds,Z1682a,Z3754a,,,,,,,,,,,,,,,,,,,,,,,,,,,,,,,,,,,,,,,,,,,,,,,,,,,,,,,,,,,
O=C(NC1CCC2CNCC2C1)c1cccc2c(C3CC4(CCOCC4)C3)[nH]nc12,Z3654a,openbind_xx01zvns2b_c1_scaffolds,Z0425a,Z3754a,,,,,,,,,,,,,,,,,,,,,,,,,,,,,,,,,,,,,,,,,,,,,,,,,,,,,,,,,,,
Cc1ncc2c(Br)cc(C(Nc3ccc4c(c3)CNC4)C(=O)NCC(F)F)c(O)c2c1O,Z3654a,openbind_xx01zvns2b_c1_scaffolds,Z0429a,Z3754a,,,,,,,,,,,,,,,,,,,,,,,,,,,,,,,,,,,,,,,,,,,,,,,,,,,,,,,,,,,
CC(C)CNC(=O)C(O)(Nc1ccc2c(c1)CN(C)C2)c1cc(Cl)cc2c1cnn2C1CNC1,Z3654a,openbind_xx01zvns2b_c1_scaffolds,Z0465a,Z3754a,,,,,,,,,,,,,,,,,,,,,,,,,,,,,,,,,,,,,,,,,,,,,,,,,,,,,,,,,,,
CC(C)CNC(=O)C(O)(Nc1ccc2c(c1)CNC2)C1CC(Cl)c2[nH]nc(CC3CNC3)c2C12CNNC2,Z3654a,openbind_xx01zvns2b_c1_scaffolds,Z0687a,Z3754a,,,,,,,,,,,,,,,,,,,,,,,,,,,,,,,,,,,,,,,,,,,,,,,,,,,,,,,,,,,
CNc1c(C)oc2c(C(Nc3ccc4c(c3)CNC4)C(=O)NCC(F)F)cc(Br)cc12,Z3654a,openbind_xx01zvns2b_c1_scaffolds,Z0693a,Z3754a,,,,,,,,,,,,,,,,,,,,,,,,,,,,,,,,,,,,,,,,,,,,,,,,,,,,,,,,,,,
NCC1=c2cc(C(=O)Nc3ccc4c(c3)CNC4)cc(Cl)c2=NC1=O,Z3654a,openbind_xx01zvns2b_c1_scaffolds,Z0773a,Z3466a,Z3754a,,,,,,,,,,,,,,,,,,,,,,,,,,,,,,,,,,,,,,,,,,,,,,,,,,,,,,,,,,
CCNn1ncc2c(C(=O)Nc3cnc4c(c3)CNC4)cc(F)cc21,Z3654a,openbind_xx01zvns2b_c1_scaffolds,Z0788a,Z3754a,,,,,,,,,,,,,,,,,,,,,,,,,,,,,,,,,,,,,,,,,,,,,,,,,,,,,,,,,,,
CNN(c1cc(Br)cc(C(C(=O)NCC(F)F)C(=O)c2ccc3c(c2)CNC3)c1)N(O)CC1CNC1,Z3654a,openbind_xx01zvns2b_c1_scaffolds,Z0951a,Z3754a,,,,,,,,,,,,,,,,,,,,,,,,,,,,,,,,,,,,,,,,,,,,,,,,,,,,,,,,,,,
CCC(NO)c1cc(Br)cc(C(C(=O)NCC(F)F)N(C)c2ccc3c(c2)CNC3)c1,Z3654a,openbind_xx01zvns2b_c1_scaffolds,Z1261a,Z3754a,,,,,,,,,,,,,,,,,,,,,,,,,,,,,,,,,,,,,,,,,,,,,,,,,,,,,,,,,,,
CCC(O)c1cc(Br)cc(C(C(=O)NCC(F)F)N(C)c2ccc3c(c2)CNC3)c1,Z3654a,openbind_xx01zvns2b_c1_scaffolds,Z1291a,Z3754a,,,,,,,,,,,,,,,,,,,,,,,,,,,,,,,,,,,,,,,,,,,,,,,,,,,,,,,,,,,
CNC1(NN(O)Cc2cc(Br)cc(C(C(=O)NCC(F)F)C(=O)c3ccc4c(c3)CNC4)c2)CNC1,Z3654a,openbind_xx01zvns2b_c1_scaffolds,Z1333a,Z3754a,,,,,,,,,,,,,,,,,,,,,,,,,,,,,,,,,,,,,,,,,,,,,,,,,,,,,,,,,,,
CN1CC2(CC(Br)CC(C(Nc3ccc4c(c3)CNC4)C(=O)NCC(F)F)C2)CN1O,Z3654a,openbind_xx01zvns2b_c1_scaffolds,Z1342a,Z3754a,,,,,,,,,,,,,,,,,,,,,,,,,,,,,,,,,,,,,,,,,,,,,,,,,,,,,,,,,,,
CC1NCC1NN(O)Cc1cc(Br)cc(C(C(=O)NCC(F)F)C(=O)c2ccc3c(c2)CNC3)c1,Z3654a,openbind_xx01zvns2b_c1_scaffolds,Z3441a,Z3452a,Z3754a,,,,,,,,,,,,,,,,,,,,,,,,,,,,,,,,,,,,,,,,,,,,,,,,,,,,,,,,,,
CNC(c1cc(Br)cc(C(O)(Nc2ccc3c(c2)CNC3)C(=O)NCC(F)F)c1)N(O)NC1CNC1,Z3654a,openbind_xx01zvns2b_c1_scaffolds,Z3505a,Z3754a,,,,,,,,,,,,,,,,,,,,,,,,,,,,,,,,,,,,,,,,,,,,,,,,,,,,,,,,,,,
CC(C)OC1(C)C(=NC=O)N2CCc3c(F)cc(C(=O)Nc4ccc5c(c4)CNC5)c1c32,Z3654a,openbind_xx01zvns2b_c1_scaffolds,Z0788a,Z3758a,,,,,,,,,,,,,,,,,,,,,,,,,,,,,,,,,,,,,,,,,,,,,,,,,,,,,,,,,,,
NC1CC2(CCCC(C(N)(CC(=O)O)C(=O)c3cccc4c3CC(=O)N4)C2)CN1,Z3654a,openbind_xx01zvns2b_c1_scaffolds,Z0969a,Z3758a,,,,,,,,,,,,,,,,,,,,,,,,,,,,,,,,,,,,,,,,,,,,,,,,,,,,,,,,,,,
CNCC1(O)Cc2c(cc(Cl)cc2C(=O)Nc2cccc(CCN)c2)N1,Z3654a,openbind_xx01zvns2b_c1_scaffolds,Z1271a,Z3758a,,,,,,,,,,,,,,,,,,,,,,,,,,,,,,,,,,,,,,,,,,,,,,,,,,,,,,,,,,,
CNCC1C(=O)Nc2cc(Br)cc(C(=O)NC3CCCC4(CCNC4)C3)c21,Z3654a,openbind_xx01zvns2b_c1_scaffolds,Z1288a,Z3758a,,,,,,,,,,,,,,,,,,,,,,,,,,,,,,,,,,,,,,,,,,,,,,,,,,,,,,,,,,,
CC(C)NC(=O)C(N)(C(=O)c1cc(Cl)cc2c1C(F)(F)C(=O)N2)C1CCCC2(CNC(N)C2)C1,Z3654a,openbind_xx01zvns2b_c1_scaffolds,Z1333a,Z3758a,,,,,,,,,,,,,,,,,,,,,,,,,,,,,,,,,,,,,,,,,,,,,,,,,,,,,,,,,,,
COC1CCC2C3N(CN2N1)C1C(C(=O)Nc2ccc4c(c2)CNC4)CC(F)CC1N3C1CNC1,Z3654a,openbind_xx01zvns2b_c1_scaffolds,Z0490a,Z3769a,,,,,,,,,,,,,,,,,,,,,,,,,,,,,,,,,,,,,,,,,,,,,,,,,,,,,,,,,,,
N#Cc1cccc2c(C(O)(Nc3ccc4c(c3)CNC4)C(=O)NCC(F)F)cc(Br)cc12,Z3654a,openbind_xx01zvns2b_c1_scaffolds,Z1682a,Z3769a,,,,,,,,,,,,,,,,,,,,,,,,,,,,,,,,,,,,,,,,,,,,,,,,,,,,,,,,,,,
Cc1c(C(=O)Nc2cccc3c2OC(C)(C)C3)c(O)c(Cl)c2c1nnn2C(=O)C1CNC1F,Z3654a,openbind_xx01zvns2b_c1_scaffolds,Z0425a,Z3769a,,,,,,,,,,,,,,,,,,,,,,,,,,,,,,,,,,,,,,,,,,,,,,,,,,,,,,,,,,,
O=C1Nc2c(Br)cc(C(Nc3ccc4c(c3)CNC4)C(=O)NCC(F)F)c3cccc1c23,Z3654a,openbind_xx01zvns2b_c1_scaffolds,Z0465a,Z1237a,Z3769a,,,,,,,,,,,,,,,,,,,,,,,,,,,,,,,,,,,,,,,,,,,,,,,,,,,,,,,,,,
CN1CCCC2(CCc3c(C(O)(Nc4ccc5c(c4)CNC5)C(=O)NCC(F)F)cc(Br)c4[nH]cc2c34)C1,Z3654a,openbind_xx01zvns2b_c1_scaffolds,Z0709a,Z3769a,,,,,,,,,,,,,,,,,,,,,,,,,,,,,,,,,,,,,,,,,,,,,,,,,,,,,,,,,,,
O=C(NCC(F)F)C(O)(Nc1ccc2c(c1)CNC2)c1cc(Br)cc2c1CCC1(CCNCC1)C2,Z3654a,openbind_xx01zvns2b_c1_scaffolds,Z0884a,Z0951a,Z1681a,Z2119a,Z3769a,,,,,,,,,,,,,,,,,,,,,,,,,,,,,,,,,,,,,,,,,,,,,,,,,,,,,,,,
CNCc1cccc2c(C(O)(Nc3ccc4c(c3)CNC4)C(=O)NCC(F)F)cc(Br)cc12,Z3654a,openbind_xx01zvns2b_c1_scaffolds,Z0945a,Z0969a,Z1342a,Z1406a,Z1495a,Z1730a,Z1753a,Z1837a,Z1838a,Z2057a,Z2094a,Z2126a,Z2135a,Z3060a,Z3094a,Z3452a,Z3769a,,,,,,,,,,,,,,,,,,,,,,,,,,,,,,,,,,,,,,,,,,,,
NCc1ccc(-c2csc3cc(C(=O)Nc4ccc5c(c4)CNC5)cc(O)c23)cc1,Z3654a,openbind_xx01zvns2b_c1_scaffolds,Z1317a,Z3769a,,,,,,,,,,,,,,,,,,,,,,,,,,,,,,,,,,,,,,,,,,,,,,,,,,,,,,,,,,,
CNCc1cccc2c(C(O)(Nc3ccc4c(c3)CN(C)C4)C(=O)NCC(F)F)cc(Br)cc12,Z3654a,openbind_xx01zvns2b_c1_scaffolds,Z1390a,Z3769a,,,,,,,,,,,,,,,,,,,,,,,,,,,,,,,,,,,,,,,,,,,,,,,,,,,,,,,,,,,
CC1CC2(CNC1F)CC(Br)CC(C(C=O)(Nc1ccc3c(c1)CNC3)C(=O)NCC(F)F)C2OCc1ccccn1,Z3654a,openbind_xx01zvns2b_c1_scaffolds,Z1413a,Z3769a,,,,,,,,,,,,,,,,,,,,,,,,,,,,,,,,,,,,,,,,,,,,,,,,,,,,,,,,,,,
CNCc1cccc2c(C(O)(Nc3ccc4c(c3)CN(F)C4)C(=O)NCC(F)F)cc(Br)cc12,Z3654a,openbind_xx01zvns2b_c1_scaffolds,Z1596a,Z3769a,,,,,,,,,,,,,,,,,,,,,,,,,,,,,,,,,,,,,,,,,,,,,,,,,,,,,,,,,,,
O=C(NCC(F)F)C(O)(Nc1ccc2c(c1)CNC2)c1cc(Br)cc2c1CCCC21CNNC1,Z3654a,openbind_xx01zvns2b_c1_scaffolds,Z1715a,Z1716a,Z3769a,,,,,,,,,,,,,,,,,,,,,,,,,,,,,,,,,,,,,,,,,,,,,,,,,,,,,,,,,,
CCNc1cccc2c(C(O)(Nc3ccc4c(c3)CNC4)C(=O)NCC(F)F)cc(Br)cc12,Z3654a,openbind_xx01zvns2b_c1_scaffolds,Z1743a,Z3769a,,,,,,,,,,,,,,,,,,,,,,,,,,,,,,,,,,,,,,,,,,,,,,,,,,,,,,,,,,,
N#CC(O)(Nc1ccc2c(c1)CNC2)c1cc(Cl)cc2c(C3CCNCC3)n[nH]c12,Z3654a,openbind_xx01zvns2b_c1_scaffolds,Z1745a,Z3769a,,,,,,,,,,,,,,,,,,,,,,,,,,,,,,,,,,,,,,,,,,,,,,,,,,,,,,,,,,,
CNCc1ccc2c(C(O)(Nc3ccc4c(c3)CNC4)C(=O)NCC(F)F)cc(Br)c3c2c1C=N3,Z3654a,openbind_xx01zvns2b_c1_scaffolds,Z1750a,Z3769a,,,,,,,,,,,,,,,,,,,,,,,,,,,,,,,,,,,,,,,,,,,,,,,,,,,,,,,,,,,
CC(C)c1nnc(-c2nc3cc(F)cc(C(=O)C(=O)c4ccc5c(c4)CNC5)c3[nH]2)s1,Z3654a,openbind_xx01zvns2b_c1_scaffolds,Z3021a,Z3769a,,,,,,,,,,,,,,,,,,,,,,,,,,,,,,,,,,,,,,,,,,,,,,,,,,,,,,,,,,,
NCC1CCC2(CC1)NCc1cc(C(=O)Nc3ccc4c(c3)CNC4)c(Cl)c3scc2c13,Z3654a,openbind_xx01zvns2b_c1_scaffolds,Z0465a,Z0800a,Z0819a,Z1237a,Z1261a,Z1271a,Z1729a,Z2135a,Z3094a,Z3790a,,,,,,,,,,,,,,,,,,,,,,,,,,,,,,,,,,,,,,,,,,,,,,,,,,,
COC1(C)c2c(cc(F)cc2C(=O)Nc2ccc3c(c2)CNC3)NC12CCCCC2,Z3654a,openbind_xx01zvns2b_c1_scaffolds,Z0687a,Z3790a,,,,,,,,,,,,,,,,,,,,,,,,,,,,,,,,,,,,,,,,,,,,,,,,,,,,,,,,,,,
NCC1CCC2(CC1)NCc1cc(C(=O)Nc3cc(F)c4c(c3)CNC4=O)c(Cl)c3scc2c13,Z3654a,openbind_xx01zvns2b_c1_scaffolds,Z0990a,Z3790a,,,,,,,,,,,,,,,,,,,,,,,,,,,,,,,,,,,,,,,,,,,,,,,,,,,,,,,,,,,
COC1CCC2(CN1)CC(C(=O)Nc1cc(C)c3c(c1)CNC3)Cc1cc[nH]c12,Z3654a,openbind_xx01zvns2b_c1_scaffolds,Z1728a,Z3790a,,,,,,,,,,,,,,,,,,,,,,,,,,,,,,,,,,,,,,,,,,,,,,,,,,,,,,,,,,,
O=C(NCCCF)C(O)(Nc1ccc2c(c1)CNC2)c1cc(Cl)cc2c3c([nH]c12)CCC3,Z3654a,openbind_xx01zvns2b_c1_scaffolds,Z0386a,Z0404a,Z0553a,Z3792a,,,,,,,,,,,,,,,,,,,,,,,,,,,,,,,,,,,,,,,,,,,,,,,,,,,,,,,,,
NC1CCc2[nH]c3c(C(=O)Nc4ccc5c(c4)CNC5)cc(Cl)cc3c21,Z3654a,openbind_xx01zvns2b_c1_scaffolds,Z0429a,Z3792a,,,,,,,,,,,,,,,,,,,,,,,,,,,,,,,,,,,,,,,,,,,,,,,,,,,,,,,,,,,
CC(C)NC(=O)C(O)(Nc1ccc2c(c1)CNC2)c1cc(Cl)cc2c1nc(-c1ccccc1)n2C,Z3654a,openbind_xx01zvns2b_c1_scaffolds,Z0727a,Z1234a,Z1688a,Z3792a,,,,,,,,,,,,,,,,,,,,,,,,,,,,,,,,,,,,,,,,,,,,,,,,,,,,,,,,,
CC(N=O)(Nc1ccc2c(c1)CNC2=O)c1cccc2c1CC(=O)N2N,Z3654a,openbind_xx01zvns2b_c1_scaffolds,Z0852a,Z1317a,Z3792a,,,,,,,,,,,,,,,,,,,,,,,,,,,,,,,,,,,,,,,,,,,,,,,,,,,,,,,,,,
O=C(O)CC1NCC2CC1C1CCC(C(=O)O)CC21,Z3654a,openbind_xx01zvns2b_c1_scaffolds,Z0875a,Z3792a,,,,,,,,,,,,,,,,,,,,,,,,,,,,,,,,,,,,,,,,,,,,,,,,,,,,,,,,,,,
CC(CN)n1nc2c(C(=O)Nc3ccc4c(c3)CNC4)cccc2c1C1CCNCC1,Z3654a,openbind_xx01zvns2b_c1_scaffolds,Z0945a,Z3792a,,,,,,,,,,,,,,,,,,,,,,,,,,,,,,,,,,,,,,,,,,,,,,,,,,,,,,,,,,,
CNCC1CCc2[nH]c3c(C(=O)Nc4cc(C#N)c5c(c4)CNC5)cc(Cl)cc3c21,Z3654a,openbind_xx01zvns2b_c1_scaffolds,Z1098a,Z3792a,,,,,,,,,,,,,,,,,,,,,,,,,,,,,,,,,,,,,,,,,,,,,,,,,,,,,,,,,,,
O=C(Nc1ccc2c(c1)CN(F)C2)c1cc(Cl)cc2c3c([nH]c12)CCC3,Z3654a,openbind_xx01zvns2b_c1_scaffolds,Z1237a,Z3792a,,,,,,,,,,,,,,,,,,,,,,,,,,,,,,,,,,,,,,,,,,,,,,,,,,,,,,,,,,,
O=C(Nc1ccc2c(c1)CN(CC(F)F)C2)c1cc(Cl)cc2c3c([nH]c12)CCC3,Z3654a,openbind_xx01zvns2b_c1_scaffolds,Z1261a,Z3792a,,,,,,,,,,,,,,,,,,,,,,,,,,,,,,,,,,,,,,,,,,,,,,,,,,,,,,,,,,,
Cc1cc2[nH]c(-c3cc(Cl)cc4c(C(=N)N)c[nH]c34)c(C(=O)[O-])c2cc1C,Z3654a,openbind_xx01zvns2b_c1_scaffolds,Z1265a,Z3792a,,,,,,,,,,,,,,,,,,,,,,,,,,,,,,,,,,,,,,,,,,,,,,,,,,,,,,,,,,,
COC1CCC2(CCc3c2[nH]c2c(C(=O)Nc4ccc5c(c4)CNC5)cc(F)cc32)N1,Z3654a,openbind_xx01zvns2b_c1_scaffolds,Z1406a,Z3792a,,,,,,,,,,,,,,,,,,,,,,,,,,,,,,,,,,,,,,,,,,,,,,,,,,,,,,,,,,,
CNCC1CCc2[nH]c3c(C(=O)Nc4ccc5c(c4)CNC5)cc(F)cc3c21,Z3654a,openbind_xx01zvns2b_c1_scaffolds,Z1413a,Z1674a,Z1713a,Z3792a,,,,,,,,,,,,,,,,,,,,,,,,,,,,,,,,,,,,,,,,,,,,,,,,,,,,,,,,,
CCC1CCc2[nH]c3c(C(=O)Nc4ccc5c(c4)CNC5)cccc3c21,Z3654a,openbind_xx01zvns2b_c1_scaffolds,Z1470a,Z3792a,,,,,,,,,,,,,,,,,,,,,,,,,,,,,,,,,,,,,,,,,,,,,,,,,,,,,,,,,,,
CC(C)NC(=O)C(C(=O)c1ccc2c(c1)CNC2)c1cc2c3c(c1)N(C1CCNCC1)N=S3C=N2,Z3654a,openbind_xx01zvns2b_c1_scaffolds,Z2057a,Z3792a,,,,,,,,,,,,,,,,,,,,,,,,,,,,,,,,,,,,,,,,,,,,,,,,,,,,,,,,,,,
CC1CCNCC12CCc1[nH]c3c(C(=O)Nc4ccc5c(c4)CNC5)cc(Cl)cc3c12,Z3654a,openbind_xx01zvns2b_c1_scaffolds,Z2119a,Z3792a,,,,,,,,,,,,,,,,,,,,,,,,,,,,,,,,,,,,,,,,,,,,,,,,,,,,,,,,,,,
O=C(Nc1ccc2c(c1)CNC2)c1cc(Cl)cc2c3c([nH]c12)C1(CCOCC1)CC3,Z3654a,openbind_xx01zvns2b_c1_scaffolds,Z2126a,Z3792a,,,,,,,,,,,,,,,,,,,,,,,,,,,,,,,,,,,,,,,,,,,,,,,,,,,,,,,,,,,
CNCC1Cc2c(cccc2C(=O)NC2CCN(c3ccccn3)C2)N1,Z3654a,openbind_xx01zvns2b_c1_scaffolds,Z0227a,Z0425a,Z1274a,Z1729a,Z3799a,,,,,,,,,,,,,,,,,,,,,,,,,,,,,,,,,,,,,,,,,,,,,,,,,,,,,,,,
O=C(NC1CCN(c2ccccn2)C1)c1cccc2c1C1(CCNCC1)C(=O)N2,Z3654a,openbind_xx01zvns2b_c1_scaffolds,Z0455a,Z0553a,Z0990a,Z1470a,Z3799a,,,,,,,,,,,,,,,,,,,,,,,,,,,,,,,,,,,,,,,,,,,,,,,,,,,,,,,,
CNCC1C(=O)Nc2cc(Br)cc(C(=O)NC3CCN(c4ccccn4)C3)c21,Z3654a,openbind_xx01zvns2b_c1_scaffolds,Z0601a,Z3799a,,,,,,,,,,,,,,,,,,,,,,,,,,,,,,,,,,,,,,,,,,,,,,,,,,,,,,,,,,,
NCc1cc(Cl)cc(C(Nc2ccc3c(c2)C(N)NC3)C(=O)NCC(F)F)c1OCC(=O)O,Z3654a,openbind_xx01zvns2b_c1_scaffolds,Z0773a,Z3799a,,,,,,,,,,,,,,,,,,,,,,,,,,,,,,,,,,,,,,,,,,,,,,,,,,,,,,,,,,,
COCCOC1(C)C(O)C2C(O)NC3C(F)CC(C(=O)Nc4ccc5c(c4)CNC5)C1C32,Z3654a,openbind_xx01zvns2b_c1_scaffolds,Z0788a,Z3799a,,,,,,,,,,,,,,,,,,,,,,,,,,,,,,,,,,,,,,,,,,,,,,,,,,,,,,,,,,,
CNCC1Cc2c(cc(Cl)cc2C(=O)NC2CCN(c3ccc(C)cn3)C2)N1,Z3654a,openbind_xx01zvns2b_c1_scaffolds,Z0800a,Z3799a,,,,,,,,,,,,,,,,,,,,,,,,,,,,,,,,,,,,,,,,,,,,,,,,,,,,,,,,,,,
CNCC1Cc2c(cc(Cl)cc2C(=O)NC2CCN(c3ccccn3)C2)N1,Z3654a,openbind_xx01zvns2b_c1_scaffolds,Z0819a,Z0827a,Z1342a,Z1406a,Z1495a,Z1727a,Z1756a,Z3799a,,,,,,,,,,,,,,,,,,,,,,,,,,,,,,,,,,,,,,,,,,,,,,,,,,,,,
CNCC1(O)Cc2c(cc(Cl)cc2C(=O)NC2CN(c3ccccn3)CC2F)N1,Z3654a,openbind_xx01zvns2b_c1_scaffolds,Z0852a,Z3799a,,,,,,,,,,,,,,,,,,,,,,,,,,,,,,,,,,,,,,,,,,,,,,,,,,,,,,,,,,,
CNCC1(O)Cc2c(cc(Cl)cc2C(=O)NC2CCN(c3ccccn3)C2)N1,Z3654a,openbind_xx01zvns2b_c1_scaffolds,Z0904a,Z1413a,Z3799a,,,,,,,,,,,,,,,,,,,,,,,,,,,,,,,,,,,,,,,,,,,,,,,,,,,,,,,,,,
CNCC1Cc2c(cc(Cl)cc2C(=O)NC2CCN(c3ccc(F)cn3)C2)N1,Z3654a,openbind_xx01zvns2b_c1_scaffolds,Z0917a,Z3799a,,,,,,,,,,,,,,,,,,,,,,,,,,,,,,,,,,,,,,,,,,,,,,,,,,,,,,,,,,,
CNCC1Cc2c(cc(Cl)cc2C(=O)NC2CCN(c3ccc(C(F)F)cn3)C2)N1,Z3654a,openbind_xx01zvns2b_c1_scaffolds,Z0945a,Z3799a,,,,,,,,,,,,,,,,,,,,,,,,,,,,,,,,,,,,,,,,,,,,,,,,,,,,,,,,,,,
COC1CC2(CCN1)CC(NC(=O)c1cc(F)c3[nH]nc(C4CCN(C)CC4)c3c1)CC1=C2CNC1,Z3654a,openbind_xx01zvns2b_c1_scaffolds,Z1271a,Z3799a,,,,,,,,,,,,,,,,,,,,,,,,,,,,,,,,,,,,,,,,,,,,,,,,,,,,,,,,,,,
O=C(Nc1ccc(N2CCCC2=O)c(F)c1)c1cc(Cl)cc2c1CC1(CCNCC1)N2C1CNC1,Z3654a,openbind_xx01zvns2b_c1_scaffolds,Z1274a,Z3799a,,,,,,,,,,,,,,,,,,,,,,,,,,,,,,,,,,,,,,,,,,,,,,,,,,,,,,,,,,,
CCC=NC1Cc2c(cccc2C(=O)Nc2cc3c(cc2C)C(=O)NC3)N1,Z3654a,openbind_xx01zvns2b_c1_scaffolds,Z1320a,Z1333a,Z3799a,,,,,,,,,,,,,,,,,,,,,,,,,,,,,,,,,,,,,,,,,,,,,,,,,,,,,,,,,,
CNCC1Cc2c(cc(F)cc2C(=O)NC2CCN(c3ccccn3)C2)N1,Z3654a,openbind_xx01zvns2b_c1_scaffolds,Z1398a,Z3799a,,,,,,,,,,,,,,,,,,,,,,,,,,,,,,,,,,,,,,,,,,,,,,,,,,,,,,,,,,,
CNCC1(O)Cc2c(cccc2C(=O)NC2CCN(c3ccccn3)C2)N1,Z3654a,openbind_xx01zvns2b_c1_scaffolds,Z1451a,Z1596a,Z3799a,,,,,,,,,,,,,,,,,,,,,,,,,,,,,,,,,,,,,,,,,,,,,,,,,,,,,,,,,,
COC1CC2(CCN1)c1scnc1CC(C(Nc1ccc3c(c1)CNC3)C(=O)NC(C)C)C2O,Z3654a,openbind_xx01zvns2b_c1_scaffolds,Z1681a,Z3799a,,,,,,,,,,,,,,,,,,,,,,,,,,,,,,,,,,,,,,,,,,,,,,,,,,,,,,,,,,,
O=C(NC1CCN(c2ccccn2)C1)c1cccc2c1C1CCCCCC1N2,Z3654a,openbind_xx01zvns2b_c1_scaffolds,Z1731a,Z3799a,,,,,,,,,,,,,,,,,,,,,,,,,,,,,,,,,,,,,,,,,,,,,,,,,,,,,,,,,,,
O=C(NC1CCN(c2ccccn2)C1)c1cccc2c1C1(CCOCC1)C(=O)N2,Z3654a,openbind_xx01zvns2b_c1_scaffolds,Z1743a,Z1745a,Z3799a,,,,,,,,,,,,,,,,,,,,,,,,,,,,,,,,,,,,,,,,,,,,,,,,,,,,,,,,,,
CC1(OCCCO)c2c(cc(F)cc2C(=O)Nc2ccc3c(c2)CNC3)NC12CCNCC2,Z3654a,openbind_xx01zvns2b_c1_scaffolds,Z0051a,Z0089a,Z0227a,Z0404a,Z0846a,Z1291a,Z3802a,,,,,,,,,,,,,,,,,,,,,,,,,,,,,,,,,,,,,,,,,,,,,,,,,,,,,,
CNCC1Nc2cc(F)cc(C(=O)Nc3ccc4c(c3)CNC4)c2C1(C)OCCCO,Z3654a,openbind_xx01zvns2b_c1_scaffolds,Z0422a,Z1098a,Z1234a,Z3802a,,,,,,,,,,,,,,,,,,,,,,,,,,,,,,,,,,,,,,,,,,,,,,,,,,,,,,,,,
CN(C)CC1Nc2cc(F)cc(C(=O)Nc3ccc4c(c3)CNC4)c2C1(C)OCCCO,Z3654a,openbind_xx01zvns2b_c1_scaffolds,Z0472a,Z0846b,Z3802a,,,,,,,,,,,,,,,,,,,,,,,,,,,,,,,,,,,,,,,,,,,,,,,,,,,,,,,,,,
CC1(OCCCO)C(=O)n2c(=O)[nH]c3c(F)cc(C(=O)Nc4ccc5c(c4)CNC5)c1c32,Z3654a,openbind_xx01zvns2b_c1_scaffolds,Z0559a,Z3802a,,,,,,,,,,,,,,,,,,,,,,,,,,,,,,,,,,,,,,,,,,,,,,,,,,,,,,,,,,,
CC1C(=O)Nc2cccc(C(=O)N(N)C3CCCC4(CCNC4)C3)c21,Z3654a,openbind_xx01zvns2b_c1_scaffolds,Z0709a,Z3802a,,,,,,,,,,,,,,,,,,,,,,,,,,,,,,,,,,,,,,,,,,,,,,,,,,,,,,,,,,,
CC1(OCCCO)c2c(C(=O)Nc3ccc4c(c3)CNC4)cc(F)cc2N2CNNC21O,Z3654a,openbind_xx01zvns2b_c1_scaffolds,Z0884a,Z0904a,Z3802a,,,,,,,,,,,,,,,,,,,,,,,,,,,,,,,,,,,,,,,,,,,,,,,,,,,,,,,,,,
CNCN1C(=O)C(C)(OCCCO)c2c(C(=O)Nc3cc(C)c4c(c3)CNC4)cc(F)cc21,Z3654a,openbind_xx01zvns2b_c1_scaffolds,Z1317a,Z3802a,,,,,,,,,,,,,,,,,,,,,,,,,,,,,,,,,,,,,,,,,,,,,,,,,,,,,,,,,,,
CC(F)C1OC2(C)c3c(cc(F)cc3C(=O)N(c3ccc4c(c3)CNC4)C(=O)C1CO)NC2(O)F,Z3654a,openbind_xx01zvns2b_c1_scaffolds,Z1333a,Z3802a,,,,,,,,,,,,,,,,,,,,,,,,,,,,,,,,,,,,,,,,,,,,,,,,,,,,,,,,,,,
Cn1c(C2CNC2)c2cccc(C(=O)Nc3cccc(F)c3)c2c1F,Z3654a,openbind_xx01zvns2b_c1_scaffolds,Z1596a,Z3802a,,,,,,,,,,,,,,,,,,,,,,,,,,,,,,,,,,,,,,,,,,,,,,,,,,,,,,,,,,,
O=C1N=c2ccc3c(c2=[N+]1[O-])C=NC3Nc1ccc2c(c1)CNC2,Z3654a,openbind_xx01zvns2b_c1_scaffolds,Z1664a,Z3802a,,,,,,,,,,,,,,,,,,,,,,,,,,,,,,,,,,,,,,,,,,,,,,,,,,,,,,,,,,,
CC1CCNCC12C(=O)C(C)(OCCCO)c1c(C(=O)Nc3ccc4c(c3)CNC4)cc(F)cc12,Z3654a,openbind_xx01zvns2b_c1_scaffolds,Z1713a,Z3802a,,,,,,,,,,,,,,,,,,,,,,,,,,,,,,,,,,,,,,,,,,,,,,,,,,,,,,,,,,,
CC1(OCCCO)C(=O)C2(CCNC2)c2cc(F)cc(C(=O)Nc3ccc4c(c3)CNC4)c21,Z3654a,openbind_xx01zvns2b_c1_scaffolds,Z1719a,Z3802a,,,,,,,,,,,,,,,,,,,,,,,,,,,,,,,,,,,,,,,,,,,,,,,,,,,,,,,,,,,
O=C(Nc1ccc2c(c1)CNC2)c1cc(Br)cc2nn(CC3(Cc4ccccc4)CCN3)cc12,Z3654a,openbind_xx01zvns2b_c1_scaffolds,Z1752a,Z3802a,,,,,,,,,,,,,,,,,,,,,,,,,,,,,,,,,,,,,,,,,,,,,,,,,,,,,,,,,,,
Nc1ccc2c(C(O)(Nc3ccc4c(c3)CNC4)C(=O)NCC(F)F)cc(Br)c3c2c1C=N3,Z3654a,openbind_xx01zvns2b_c1_scaffolds,Z1752a,Z3802a,,,,,,,,,,,,,,,,,,,,,,,,,,,,,,,,,,,,,,,,,,,,,,,,,,,,,,,,,,,
O=C(NC1CCC2CNCC2C1)c1cc(Cl)cc2c1c[n+]([O-])n2C1CNC1,Z3654a,openbind_xx01zvns2b_c1_scaffolds,Z1753a,Z3802a,Z4963a,,,,,,,,,,,,,,,,,,,,,,,,,,,,,,,,,,,,,,,,,,,,,,,,,,,,,,,,,,
COCCOC1(C)C(=O)N(CNN)CC1C(CC(C)F)C(=O)Nc1ccc2c(c1)CNC2,Z3654a,openbind_xx01zvns2b_c1_scaffolds,Z1838a,Z3802a,,,,,,,,,,,,,,,,,,,,,,,,,,,,,,,,,,,,,,,,,,,,,,,,,,,,,,,,,,,
COCCOC1(C)C(=O)N(OC)C2=C1C1(CC(F)C2)N=C1Nc1ccc2c(c1)CNC2,Z3654a,openbind_xx01zvns2b_c1_scaffolds,Z3477a,Z3802a,,,,,,,,,,,,,,,,,,,,,,,,,,,,,,,,,,,,,,,,,,,,,,,,,,,,,,,,,,,
COCCOC1(C)c2c(cc(F)cc2C(=O)Nc2ccc3c(c2)CNC3)NC1(O)OC,Z3654a,openbind_xx01zvns2b_c1_scaffolds,Z3486a,Z3802a,,,,,,,,,,,,,,,,,,,,,,,,,,,,,,,,,,,,,,,,,,,,,,,,,,,,,,,,,,,
COCCOC1(C)c2c(C(=O)Nc3cc(C)c4c(c3)CNC4)cc(F)cc2N(C)C1(O)F,Z3654a,openbind_xx01zvns2b_c1_scaffolds,Z3495a,Z3802a,,,,,,,,,,,,,,,,,,,,,,,,,,,,,,,,,,,,,,,,,,,,,,,,,,,,,,,,,,,
COCCOC1(C)C(=O)n2c(=O)[nH]c3c(F)cc(C(=O)Nc4ccc5c(c4)CNC5)c1c32,Z3654a,openbind_xx01zvns2b_c1_scaffolds,Z3802a,Z3970a,,,,,,,,,,,,,,,,,,,,,,,,,,,,,,,,,,,,,,,,,,,,,,,,,,,,,,,,,,,
COCCOC1(C)C(=O)N(C)c2cc(F)cc(C(=O)Nc3ccc4c(c3)CNC4)c21,Z3654a,openbind_xx01zvns2b_c1_scaffolds,Z3802a,Z3980a,Z4118a,Z4855a,,,,,,,,,,,,,,,,,,,,,,,,,,,,,,,,,,,,,,,,,,,,,,,,,,,,,,,,,
COCCOC1(C)C(=O)Nc2cc(F)cc(C(C#N)Nc3ccc4c(c3)CNC4)c21,Z3654a,openbind_xx01zvns2b_c1_scaffolds,Z3802a,Z4072a,,,,,,,,,,,,,,,,,,,,,,,,,,,,,,,,,,,,,,,,,,,,,,,,,,,,,,,,,,,
CCc1cc(C(=O)Nc2ccc3c(c2)CNC3)c2c(c1)N(C)C(=O)C2(C)OCCOC,Z3654a,openbind_xx01zvns2b_c1_scaffolds,Z3802a,Z4120a,,,,,,,,,,,,,,,,,,,,,,,,,,,,,,,,,,,,,,,,,,,,,,,,,,,,,,,,,,,
CNC1NCc2c(O)cc(NC(=O)c3cc(F)c4[nH]c(NC(C)(C)CO)c(CN)c4c3)cc21,Z3654a,openbind_xx01zvns2b_c1_scaffolds,Z3802a,Z4161a,Z4959b,Z4996a,,,,,,,,,,,,,,,,,,,,,,,,,,,,,,,,,,,,,,,,,,,,,,,,,,,,,,,,,
COCCOC1(C)C(=O)Nc2cc(F)cc(C(=O)Nc3cc4c(cc3SC)CNC4)c21,Z3654a,openbind_xx01zvns2b_c1_scaffolds,Z3802a,Z4849a,,,,,,,,,,,,,,,,,,,,,,,,,,,,,,,,,,,,,,,,,,,,,,,,,,,,,,,,,,,
COCCOC1(C)C(=O)Nc2cc(F)cc(C(=O)Nc3ccc4c(c3)CNC4CC(=O)O)c21,Z3654a,openbind_xx01zvns2b_c1_scaffolds,Z3802a,Z4859a,,,,,,,,,,,,,,,,,,,,,,,,,,,,,,,,,,,,,,,,,,,,,,,,,,,,,,,,,,,
COCCOC12CC(F)CNC(=O)N(c3ccc4c(c3)CNC4)C(=O)c3cc(F)cc(c31)C(F)(F)C2=O,Z3654a,openbind_xx01zvns2b_c1_scaffolds,Z3802a,Z4905a,,,,,,,,,,,,,,,,,,,,,,,,,,,,,,,,,,,,,,,,,,,,,,,,,,,,,,,,,,,
CC1C(O)CC2CC(Cl)CC3C2N1OOC(F)CN(CO)C(O)C3(O)Nc1ccc2c(c1)CNC2,Z3654a,openbind_xx01zvns2b_c1_scaffolds,Z3802a,Z4926a,,,,,,,,,,,,,,,,,,,,,,,,,,,,,,,,,,,,,,,,,,,,,,,,,,,,,,,,,,,
COCCOC1(C)C(=O)C2(C)C(=O)Nc3c(F)cc(C(=O)Nc4ccc5c(c4)CNC5)c1c32,Z3654a,openbind_xx01zvns2b_c1_scaffolds,Z3802a,Z4983a,,,,,,,,,,,,,,,,,,,,,,,,,,,,,,,,,,,,,,,,,,,,,,,,,,,,,,,,,,,
O=C(Nc1nccc(Cc2ccncc2)n1)c1cc(F)cc2c1c[n+]([O-])n2C1CNC1,Z3654a,openbind_xx01zvns2b_c1_scaffolds,Z3802a,Z5002a,,,,,,,,,,,,,,,,,,,,,,,,,,,,,,,,,,,,,,,,,,,,,,,,,,,,,,,,,,,
COCOC(=O)C1C(=O)NC2=C1C(C(C(=O)NCC(F)F)C(=O)c1ccc3c(c1)CNC3)CC(Cl)C2,Z3654a,openbind_xx01zvns2b_c1_scaffolds,Z3802a,Z5003a,,,,,,,,,,,,,,,,,,,,,,,,,,,,,,,,,,,,,,,,,,,,,,,,,,,,,,,,,,,
O=C(Nc1ccc2c(c1)CNC2)c1cc(Cl)c2c(c1)C1(CCC3(CCCNC3)CC1)NN2,Z3654a,openbind_xx01zvns2b_c1_scaffolds,Z3802a,Z5011a,,,,,,,,,,,,,,,,,,,,,,,,,,,,,,,,,,,,,,,,,,,,,,,,,,,,,,,,,,,
NCc1c[nH]c2c(F)cc(C(N=CNCC3CCCO3)Nc3ccc4c(c3)CNC4)cc12,Z3654a,openbind_xx01zvns2b_c1_scaffolds,Z3802a,Z5020a,Z5029a,Z5086a,Z5139a,Z5197a,Z5211a,Z5229a,,,,,,,,,,,,,,,,,,,,,,,,,,,,,,,,,,,,,,,,,,,,,,,,,,,,,
CNCN1C(=O)C(C)(OCCOC)c2c(C(=O)Nc3cc(Br)c4c(c3)CNC4)cc(F)cc21,Z3654a,openbind_xx01zvns2b_c1_scaffolds,Z3802a,Z5124a,,,,,,,,,,,,,,,,,,,,,,,,,,,,,,,,,,,,,,,,,,,,,,,,,,,,,,,,,,,
CNCN1C(=O)C(C)(OCCOC)c2c(C(=O)Nc3cc(F)c4c(c3)CNC4=O)cc(F)cc21,Z3654a,openbind_xx01zvns2b_c1_scaffolds,Z2971a,Z3803a,,,,,,,,,,,,,,,,,,,,,,,,,,,,,,,,,,,,,,,,,,,,,,,,,,,,,,,,,,,
CNCN1C(=O)C(C)(OCCOC)c2c(C(=O)Nc3ccc4c(c3)CNC4)cc(F)cc21,Z3654a,openbind_xx01zvns2b_c1_scaffolds,Z0227a,Z0404a,Z0727a,Z0846a,Z0852a,Z0875a,Z0884a,Z0945a,Z1261a,Z1271a,Z1390a,Z3803a,,,,,,,,,,,,,,,,,,,,,,,,,,,,,,,,,,,,,,,,,,,,,,,,,
CNCN1C(=O)C(C)(OCCOC)c2c(C(=O)Nc3ccc4c(c3)CN(C)C4)cc(F)cc21,Z3654a,openbind_xx01zvns2b_c1_scaffolds,Z0229a,Z3803a,,,,,,,,,,,,,,,,,,,,,,,,,,,,,,,,,,,,,,,,,,,,,,,,,,,,,,,,,,,
CNCN1C(=O)C(C)(OCCOC)c2c(C(=O)Nc3cc4c(cc3F)CNC4)cc(F)cc21,Z3654a,openbind_xx01zvns2b_c1_scaffolds,Z0422a,Z3803a,,,,,,,,,,,,,,,,,,,,,,,,,,,,,,,,,,,,,,,,,,,,,,,,,,,,,,,,,,,
CNCN1C(=O)C(C)(OCCOC)c2c(C(=O)Nc3cc(F)c4c(c3)CNC43CCCC3)cc(F)cc21,Z3654a,openbind_xx01zvns2b_c1_scaffolds,Z0425a,Z3803a,,,,,,,,,,,,,,,,,,,,,,,,,,,,,,,,,,,,,,,,,,,,,,,,,,,,,,,,,,,
CNCN1C(=O)C(C)(OCCOC)c2c(C(=O)Nc3cc(C#N)c4c(c3)CNC4)cc(F)cc21,Z3654a,openbind_xx01zvns2b_c1_scaffolds,Z0429a,Z3803a,,,,,,,,,,,,,,,,,,,,,,,,,,,,,,,,,,,,,,,,,,,,,,,,,,,,,,,,,,,
CC(C)NC1C(=O)Nc2ccc(C(=O)Nc3cnc4c(c3)CNC4)cc21,Z3654a,openbind_xx01zvns2b_c1_scaffolds,Z0687a,Z3803a,,,,,,,,,,,,,,,,,,,,,,,,,,,,,,,,,,,,,,,,,,,,,,,,,,,,,,,,,,,
NCC1=C(CC2CCNCC2)c2cc(C(=O)Nc3ccc4c(c3)CNC4)cc3scc1c23,Z3654a,openbind_xx01zvns2b_c1_scaffolds,Z0773a,Z3803a,,,,,,,,,,,,,,,,,,,,,,,,,,,,,,,,,,,,,,,,,,,,,,,,,,,,,,,,,,,
COCCOC1(C)C(=O)C2(CCCNC2)c2cc(F)cc(C(=O)Nc3ccc4c(c3)CNC4)c21,Z3654a,openbind_xx01zvns2b_c1_scaffolds,Z0990a,Z3803a,,,,,,,,,,,,,,,,,,,,,,,,,,,,,,,,,,,,,,,,,,,,,,,,,,,,,,,,,,,
COCCOC1(C)C(=O)N(N)c2cc(F)cc(C(=O)Nc3ccc4c(c3)CNC4)c21,Z3654a,openbind_xx01zvns2b_c1_scaffolds,Z1274a,Z3803a,,,,,,,,,,,,,,,,,,,,,,,,,,,,,,,,,,,,,,,,,,,,,,,,,,,,,,,,,,,
COCCOC1(C)C(=O)C2(CCNC2)c2cc(F)cc(C(=O)Nc3ccc4c(c3)CNC4)c21,Z3654a,openbind_xx01zvns2b_c1_scaffolds,Z1333a,Z3803a,,,,,,,,,,,,,,,,,,,,,,,,,,,,,,,,,,,,,,,,,,,,,,,,,,,,,,,,,,,
CC1CNCCC1(C)c1c[nH]c2c(F)cc(C(=O)Nc3ccc4c(c3)CNC4)cc12,Z3654a,openbind_xx01zvns2b_c1_scaffolds,Z3803a,Z4008a,,,,,,,,,,,,,,,,,,,,,,,,,,,,,,,,,,,,,,,,,,,,,,,,,,,,,,,,,,,
N#Cc1nc2c(cc1NC(=O)c1cc(F)cc3[nH]ncc13)CNC2,Z3654a,openbind_xx01zvns2b_c1_scaffolds,Z3803a,Z4047a,Z4117a,Z4120a,,,,,,,,,,,,,,,,,,,,,,,,,,,,,,,,,,,,,,,,,,,,,,,,,,,,,,,,,
Cn1c2cc(F)cc(C(=O)Nc3cnc4c(c3)CNC4)c2c(OCCCO)[n+]1[O-],Z3654a,openbind_xx01zvns2b_c1_scaffolds,Z3803a,Z4194a,,,,,,,,,,,,,,,,,,,,,,,,,,,,,,,,,,,,,,,,,,,,,,,,,,,,,,,,,,,
Cc1c2c(C(=O)Nc3cnc4c(c3)CNC4)cc(F)cc2n(OC(C)C)[n+]1[O-],Z3654a,openbind_xx01zvns2b_c1_scaffolds,Z3803a,Z4469a,,,,,,,,,,,,,,,,,,,,,,,,,,,,,,,,,,,,,,,,,,,,,,,,,,,,,,,,,,,
N#Cc1csc2cc(C(=O)Nc3cnc4c(c3)CNC4)c3cn[nH]c3c12,Z3654a,openbind_xx01zvns2b_c1_scaffolds,Z3803a,Z4887a,,,,,,,,,,,,,,,,,,,,,,,,,,,,,,,,,,,,,,,,,,,,,,,,,,,,,,,,,,,
CNCn1ncc2c(C(=O)Nc3cc(F)c4c(c3)CN3CCC(=O)C43)cc(F)cc21,Z3654a,openbind_xx01zvns2b_c1_scaffolds,Z3803a,Z5243a,,,,,,,,,,,,,,,,,,,,,,,,,,,,,,,,,,,,,,,,,,,,,,,,,,,,,,,,,,,
O=C(Nc1ccc2c(c1)CNC2)c1cc2ccn3c(NC4CNC4)nc(c1)c23,Z3654a,openbind_xx01zvns2b_c1_scaffolds,Z0490a,Z2048a,Z0101a,Z0589a,Z0719a,Z0727a,Z0772a,Z0773a,Z0819a,Z0969a,Z0990a,Z3808a,Z3842a,Z4858a,Z4887a,Z4942a,Z4951a,Z4978a,Z5002a,Z5011a,Z5029a,Z5061a,Z5236a,Z5302a,,,,,,,,,,,,,,,,,,,,,,,,,,,,,,,,,,,,,
CNCn1ncc2c(C(=O)Nc3cc(F)c4c(c3)CNC43CCCC3)cc(F)cc21,Z3654a,openbind_xx01zvns2b_c1_scaffolds,Z0051a,Z3808a,Z5348a,,,,,,,,,,,,,,,,,,,,,,,,,,,,,,,,,,,,,,,,,,,,,,,,,,,,,,,,,,
CNCn1ncc2c(C(=O)Nc3cnc4c(c3)CN(CC(F)F)C4)cc(F)cc21,Z3654a,openbind_xx01zvns2b_c1_scaffolds,Z0227a,Z3808a,,,,,,,,,,,,,,,,,,,,,,,,,,,,,,,,,,,,,,,,,,,,,,,,,,,,,,,,,,,
O=C(Nc1cnc2c(c1)CNC2)c1cc(F)cc2c1CC1(CCNCC1)N2,Z3654a,openbind_xx01zvns2b_c1_scaffolds,Z0422a,Z0788a,Z3808a,Z4025a,Z4905a,Z5017a,Z5020a,Z5042a,Z5082a,,,,,,,,,,,,,,,,,,,,,,,,,,,,,,,,,,,,,,,,,,,,,,,,,,,,
Cc1cc(C(O)(F)Nc2ccc3c(c2)CNC3)cc2c1NCC21CCCNC12CCNCC2,Z3654a,openbind_xx01zvns2b_c1_scaffolds,Z0709a,Z1596a,Z3808a,,,,,,,,,,,,,,,,,,,,,,,,,,,,,,,,,,,,,,,,,,,,,,,,,,,,,,,,,,
CNCc1[nH]c2c(Cl)cc(C(=O)Nc3ccc4c(c3)C(C)NC4)cc2c1C1CNC1,Z3654a,openbind_xx01zvns2b_c1_scaffolds,Z0904a,Z3808a,,,,,,,,,,,,,,,,,,,,,,,,,,,,,,,,,,,,,,,,,,,,,,,,,,,,,,,,,,,
O=C(Nc1cnc2c(c1)CNC2)C1CC(F)CC2C3COCC3CC12,Z3654a,openbind_xx01zvns2b_c1_scaffolds,Z0904a,Z3808a,,,,,,,,,,,,,,,,,,,,,,,,,,,,,,,,,,,,,,,,,,,,,,,,,,,,,,,,,,,
CCN1CCC(c2c[nH]c3c(C)cc(C(=O)Nc4ccc5c(c4)CNC5)cc23)CC1,Z3654a,openbind_xx01zvns2b_c1_scaffolds,Z0917a,Z3808a,,,,,,,,,,,,,,,,,,,,,,,,,,,,,,,,,,,,,,,,,,,,,,,,,,,,,,,,,,,
NCc1c[nH]c2c(C(O)(Nc3ccc4c(c3)CNC4)C(=O)NCC3CCOCC3)cc(Cl)cc12,Z3654a,openbind_xx01zvns2b_c1_scaffolds,Z1274a,Z3808a,,,,,,,,,,,,,,,,,,,,,,,,,,,,,,,,,,,,,,,,,,,,,,,,,,,,,,,,,,,
Nn1ncc2c(C(O)(F)Nc3cnc4c(c3)CNC4)cc(F)cc21,Z3654a,openbind_xx01zvns2b_c1_scaffolds,Z1291a,Z3808a,,,,,,,,,,,,,,,,,,,,,,,,,,,,,,,,,,,,,,,,,,,,,,,,,,,,,,,,,,,
N#Cc1cc2c(cc1NC(=O)c1cc(F)cc3nn(CC4CNC4)cc13)CNC2,Z3654a,openbind_xx01zvns2b_c1_scaffolds,Z1342a,Z3596a,Z3622a,Z3808a,,,,,,,,,,,,,,,,,,,,,,,,,,,,,,,,,,,,,,,,,,,,,,,,,,,,,,,,,
NCn1ncc2c(C(=O)Nc3cnc4c(c3)CNC4)cc(F)cc21,Z3654a,openbind_xx01zvns2b_c1_scaffolds,Z1406a,Z3808a,Z4849a,,,,,,,,,,,,,,,,,,,,,,,,,,,,,,,,,,,,,,,,,,,,,,,,,,,,,,,,,,
CCC12CCCC3=C1C(CCN2C(O)(O)C(C)CC1SCC2C(CCCCCN)CCCC12)NC3,Z3654a,openbind_xx01zvns2b_c1_scaffolds,Z1664a,Z3506a,Z3808a,,,,,,,,,,,,,,,,,,,,,,,,,,,,,,,,,,,,,,,,,,,,,,,,,,,,,,,,,,
Cc1nn(C2CNC2)c2cc(Cl)cc(C(=O)N3CCCCCC4=C3CC(N)CC4C3CCN(C)CC3)c12,Z3654a,openbind_xx01zvns2b_c1_scaffolds,Z1727a,Z3808a,,,,,,,,,,,,,,,,,,,,,,,,,,,,,,,,,,,,,,,,,,,,,,,,,,,,,,,,,,,
Cc1[nH]c2c(C(=O)Nc3ccc4c(c3)CNC4)cc(C#N)cc2c1C,Z3654a,openbind_xx01zvns2b_c1_scaffolds,Z1752a,Z3808a,,,,,,,,,,,,,,,,,,,,,,,,,,,,,,,,,,,,,,,,,,,,,,,,,,,,,,,,,,,
O=C(NC1CC2=C(CNC2)C2(CCOCC2)C1)c1cc(Cl)c2[nH]nc(CC3CNC3)c2c1,Z3654a,openbind_xx01zvns2b_c1_scaffolds,Z1753a,Z3808a,,,,,,,,,,,,,,,,,,,,,,,,,,,,,,,,,,,,,,,,,,,,,,,,,,,,,,,,,,,
O=C(Nc1cnc2c(c1)CNC2)c1cc(F)cc2c1cnn2CCc1ccc(CNc2nc3ccccc3[nH]2)c(O)c1,Z3654a,openbind_xx01zvns2b_c1_scaffolds,Z1837a,Z3808a,,,,,,,,,,,,,,,,,,,,,,,,,,,,,,,,,,,,,,,,,,,,,,,,,,,,,,,,,,,
CNCc1c[nH]c2c(C(=O)Nc3cc(C)c4c(c3)CNC4)cc(Cl)cc12,Z3654a,openbind_xx01zvns2b_c1_scaffolds,Z1838a,Z3808a,,,,,,,,,,,,,,,,,,,,,,,,,,,,,,,,,,,,,,,,,,,,,,,,,,,,,,,,,,,
CN1NC2(CCOC2)c2c(C(=O)Nc3cnc4c(c3)CNC4)cc(F)c(Cl)c21,Z3654a,openbind_xx01zvns2b_c1_scaffolds,Z2057a,Z3808a,,,,,,,,,,,,,,,,,,,,,,,,,,,,,,,,,,,,,,,,,,,,,,,,,,,,,,,,,,,
NN(C(=O)c1cccc2c1C1(CCNCC1)C(=O)N2)C1CCCC2(CCNC2)C1,Z3654a,openbind_xx01zvns2b_c1_scaffolds,Z3059a,Z3808a,,,,,,,,,,,,,,,,,,,,,,,,,,,,,,,,,,,,,,,,,,,,,,,,,,,,,,,,,,,
CC(NC(=O)C(Nc1ccc2c(c1)CNC2)c1cc(Cl)cc2c1c(CO)c(-c1ccccc1)n2C)C(F)F,Z3654a,openbind_xx01zvns2b_c1_scaffolds,Z3463a,Z3808a,,,,,,,,,,,,,,,,,,,,,,,,,,,,,,,,,,,,,,,,,,,,,,,,,,,,,,,,,,,
Cc1nn(CO)c2cc(F)cc(C(=O)C(=O)c3cnc4c(c3)CNC4)c12,Z3654a,openbind_xx01zvns2b_c1_scaffolds,Z3505a,Z3519a,Z3546a,Z3808a,,,,,,,,,,,,,,,,,,,,,,,,,,,,,,,,,,,,,,,,,,,,,,,,,,,,,,,,,
O=C(Nc1ccc2c(c1)CNC2)c1cc(F)c2c(c1)C1(CCCC3CNCCC31)CN2,Z3654a,openbind_xx01zvns2b_c1_scaffolds,Z3545a,Z3808a,,,,,,,,,,,,,,,,,,,,,,,,,,,,,,,,,,,,,,,,,,,,,,,,,,,,,,,,,,,
O=C(Nc1cnc2c(c1)CNC2)c1cc(F)cc2[nH][n+]([O-])cc12,Z3654a,openbind_xx01zvns2b_c1_scaffolds,Z3808a,Z3831a,Z3980a,Z4120a,Z4204a,Z4240a,Z4469a,Z4816a,Z4827a,,,,,,,,,,,,,,,,,,,,,,,,,,,,,,,,,,,,,,,,,,,,,,,,,,,,
CC(C)C1NNC2(Cc3c(cc(F)cc3C(=O)Nc3cnc4c(c3)CNC4)N2)S1,Z3654a,openbind_xx01zvns2b_c1_scaffolds,Z3808a,Z4104a,,,,,,,,,,,,,,,,,,,,,,,,,,,,,,,,,,,,,,,,,,,,,,,,,,,,,,,,,,,
O=C(NCC(F)F)C(O)(Nc1cnc2c(c1)CNC2)c1cc(F)cc2[nH]ncc12,Z3654a,openbind_xx01zvns2b_c1_scaffolds,Z3808a,Z4118a,Z4134a,Z4138a,Z4926a,Z4944a,Z4963a,Z5086a,,,,,,,,,,,,,,,,,,,,,,,,,,,,,,,,,,,,,,,,,,,,,,,,,,,,,
CC(C)NC(=O)C(Nc1ccc2c(c1)CNC2)C1(O)CC(Cl)CC2(N1)C(F)NC(C)NC2F,Z3654a,openbind_xx01zvns2b_c1_scaffolds,Z3808a,Z4125a,,,,,,,,,,,,,,,,,,,,,,,,,,,,,,,,,,,,,,,,,,,,,,,,,,,,,,,,,,,
ClC1CC2C(Nc3ccccc3)=NC3NN(C4CNC4)C(C1)C32,Z3654a,openbind_xx01zvns2b_c1_scaffolds,Z3808a,Z4131a,,,,,,,,,,,,,,,,,,,,,,,,,,,,,,,,,,,,,,,,,,,,,,,,,,,,,,,,,,,
COCCOn1c2cc(F)cc(C(=O)Nc3cnc4c(c3)CNC4)c2c(C)[n+]1[O-],Z3654a,openbind_xx01zvns2b_c1_scaffolds,Z3808a,Z4164a,,,,,,,,,,,,,,,,,,,,,,,,,,,,,,,,,,,,,,,,,,,,,,,,,,,,,,,,,,,
CN1CC(NC(=O)c2cc(F)cc3[nH][n+]([O-])cc23)CC2C(N)NCC21,Z3654a,openbind_xx01zvns2b_c1_scaffolds,Z3808a,Z4169a,,,,,,,,,,,,,,,,,,,,,,,,,,,,,,,,,,,,,,,,,,,,,,,,,,,,,,,,,,,
Cc1c2cc(F)cc(C(=O)Nc3cnc4c(c3)CNC4)c2cn1C,Z3654a,openbind_xx01zvns2b_c1_scaffolds,Z3808a,Z4179a,,,,,,,,,,,,,,,,,,,,,,,,,,,,,,,,,,,,,,,,,,,,,,,,,,,,,,,,,,,
CN1Cc2cc(F)c(NC(=O)c3cc(Cl)cc4c3cnn4C3CNC3)cc2C1,Z3654a,openbind_xx01zvns2b_c1_scaffolds,Z3808a,Z4198a,,,,,,,,,,,,,,,,,,,,,,,,,,,,,,,,,,,,,,,,,,,,,,,,,,,,,,,,,,,
O=C1NCc2cc(NC(=O)c3cc(F)cc4[nH][n+]([O-])cc34)cnc21,Z3654a,openbind_xx01zvns2b_c1_scaffolds,Z3808a,Z4811a,,,,,,,,,,,,,,,,,,,,,,,,,,,,,,,,,,,,,,,,,,,,,,,,,,,,,,,,,,,
CCC1NCc2cc(NC(=O)c3cc(F)cc4[nH]ncc34)cnc21,Z3654a,openbind_xx01zvns2b_c1_scaffolds,Z3808a,Z4872a,,,,,,,,,,,,,,,,,,,,,,,,,,,,,,,,,,,,,,,,,,,,,,,,,,,,,,,,,,,
O=C(Nc1cnc2c(c1)CNC2)c1cc(F)cc2c1C=N[NH+]2[O-],Z3654a,openbind_xx01zvns2b_c1_scaffolds,Z3808a,Z4886a,Z4971a,,,,,,,,,,,,,,,,,,,,,,,,,,,,,,,,,,,,,,,,,,,,,,,,,,,,,,,,,,
CNCn1cc2c(C(=O)Nc3cnc4c(c3)CNC4)cc(F)cc2n1,Z3654a,openbind_xx01zvns2b_c1_scaffolds,Z3808a,Z4931a,Z5084a,,,,,,,,,,,,,,,,,,,,,,,,,,,,,,,,,,,,,,,,,,,,,,,,,,,,,,,,,,
O=C(NC1CCC2CNCC2C1)c1cc(Cl)cc2c1CC13CCNCC1OC1NCCC1N23,Z3654a,openbind_xx01zvns2b_c1_scaffolds,Z3808a,Z5085a,,,,,,,,,,,,,,,,,,,,,,,,,,,,,,,,,,,,,,,,,,,,,,,,,,,,,,,,,,,
CC(C)NC(=O)C(O)(Nc1cnc2c(c1)CNC2)c1cc(F)cc2nn(F)cc12,Z3654a,openbind_xx01zvns2b_c1_scaffolds,Z3808a,Z5136a,,,,,,,,,,,,,,,,,,,,,,,,,,,,,,,,,,,,,,,,,,,,,,,,,,,,,,,,,,,
CN(C)Cn1cc2c(C(=O)Nc3cnc4c(c3)CNC4)cc(F)cc2n1,Z3654a,openbind_xx01zvns2b_c1_scaffolds,Z0051a,Z3808b,,,,,,,,,,,,,,,,,,,,,,,,,,,,,,,,,,,,,,,,,,,,,,,,,,,,,,,,,,,
CN(C)CC1C(=O)Nc2ccc(C(=O)Oc3ccc4c(c3)CNC4)cc21,Z3654a,openbind_xx01zvns2b_c1_scaffolds,Z0465a,Z3808b,,,,,,,,,,,,,,,,,,,,,,,,,,,,,,,,,,,,,,,,,,,,,,,,,,,,,,,,,,,
O=C(Nc1cnc2c(c1)CNC2)c1cc(F)cc2c1cn1cn[nH]c21,Z3654a,openbind_xx01zvns2b_c1_scaffolds,Z0852a,Z3808b,,,,,,,,,,,,,,,,,,,,,,,,,,,,,,,,,,,,,,,,,,,,,,,,,,,,,,,,,,,
Cn1c(C2CNC2)c2cc(Cl)cc(C(=O)Nc3cc(F)cc(N4CCCC4)c3)c2c1F,Z3654a,openbind_xx01zvns2b_c1_scaffolds,Z0990a,Z3808b,,,,,,,,,,,,,,,,,,,,,,,,,,,,,,,,,,,,,,,,,,,,,,,,,,,,,,,,,,,
Cc1cc(CN)cc(NC(=O)c2cc(Cl)cc3c2CC(=O)N3NC(C)(C)CO)c1,Z3654a,openbind_xx01zvns2b_c1_scaffolds,Z1291a,Z3808b,,,,,,,,,,,,,,,,,,,,,,,,,,,,,,,,,,,,,,,,,,,,,,,,,,,,,,,,,,,
Cc1cc(CN)cc(NC(=O)c2cccc3c2CC(=O)N3CN)c1,Z3654a,openbind_xx01zvns2b_c1_scaffolds,Z1320a,Z3808b,,,,,,,,,,,,,,,,,,,,,,,,,,,,,,,,,,,,,,,,,,,,,,,,,,,,,,,,,,,
Cc1cc(CN)cc(NC(=O)c2cc(C#N)cc3c2CC(=O)N3)c1,Z3654a,openbind_xx01zvns2b_c1_scaffolds,Z1596a,Z3808b,,,,,,,,,,,,,,,,,,,,,,,,,,,,,,,,,,,,,,,,,,,,,,,,,,,,,,,,,,,
Cc1cc(CN)cc(NC(=O)c2cc(Br)cc3c2CC(=O)N3)c1,Z3654a,openbind_xx01zvns2b_c1_scaffolds,Z1664a,Z3808b,,,,,,,,,,,,,,,,,,,,,,,,,,,,,,,,,,,,,,,,,,,,,,,,,,,,,,,,,,,
N#CC1CC2(CNCN2)c2c(C(=O)Nc3ccc4c(c3)CNC4)cc(Cl)cc21,Z3654a,openbind_xx01zvns2b_c1_scaffolds,Z1731a,Z3808b,,,,,,,,,,,,,,,,,,,,,,,,,,,,,,,,,,,,,,,,,,,,,,,,,,,,,,,,,,,
CC1NCC1n1ncc2c(C(=O)Nc3ccc4c(c3)CNC4)cc(Cl)cc21,Z3654a,openbind_xx01zvns2b_c1_scaffolds,Z3060a,Z3808b,,,,,,,,,,,,,,,,,,,,,,,,,,,,,,,,,,,,,,,,,,,,,,,,,,,,,,,,,,,
Cc1cc(NC(=O)c2cc(Cl)cc3c2CC(C(=O)OCc2ccccc2)N3)cc2c1CN(N)C2,Z3654a,openbind_xx01zvns2b_c1_scaffolds,Z3665a,Z3808b,,,,,,,,,,,,,,,,,,,,,,,,,,,,,,,,,,,,,,,,,,,,,,,,,,,,,,,,,,,
CCc1cc2c(c(C(=O)NC3CC(C)CC4(CCNC4)C3)c1)CC(=O)N2,Z3654a,openbind_xx01zvns2b_c1_scaffolds,Z3808b,Z3831a,,,,,,,,,,,,,,,,,,,,,,,,,,,,,,,,,,,,,,,,,,,,,,,,,,,,,,,,,,,
COC1CC2(CCN1)CC(NC(=O)c1cc(F)cc3c1CC(=O)N3)CC1C(N)NCC12,Z3654a,openbind_xx01zvns2b_c1_scaffolds,Z3808b,Z3898a,,,,,,,,,,,,,,,,,,,,,,,,,,,,,,,,,,,,,,,,,,,,,,,,,,,,,,,,,,,
O=C1Nc2c(Br)cc(C(O)(Nc3ccc4c(c3)CNC4)C(=O)NCC(F)F)c3cccc1c23,Z3654a,openbind_xx01zvns2b_c1_scaffolds,Z3808b,Z3936a,,,,,,,,,,,,,,,,,,,,,,,,,,,,,,,,,,,,,,,,,,,,,,,,,,,,,,,,,,,
CC1CC(NC(=O)c2cccc3c2Cc2cccn2-3)CC2CNCC12,Z3654a,openbind_xx01zvns2b_c1_scaffolds,Z3808b,Z4118a,,,,,,,,,,,,,,,,,,,,,,,,,,,,,,,,,,,,,,,,,,,,,,,,,,,,,,,,,,,
Cc1cc(NC(=O)c2cccc3c2CC(=O)N3)cc2c1C(=O)NC2N,Z3654a,openbind_xx01zvns2b_c1_scaffolds,Z3808b,Z4160a,,,,,,,,,,,,,,,,,,,,,,,,,,,,,,,,,,,,,,,,,,,,,,,,,,,,,,,,,,,
CNCn1cnc2c(C(O)(Nc3ccc4c(c3)CNC4)C(=O)NCC(F)F)cc(Br)cc21,Z3654a,openbind_xx01zvns2b_c1_scaffolds,Z3808b,Z4178a,,,,,,,,,,,,,,,,,,,,,,,,,,,,,,,,,,,,,,,,,,,,,,,,,,,,,,,,,,,
CNCC1(O)Cc2c(cc(Cl)cc2C(=O)NC2CC(C)CC3(CCNC3)C2)N1,Z3654a,openbind_xx01zvns2b_c1_scaffolds,Z3808b,Z4478a,,,,,,,,,,,,,,,,,,,,,,,,,,,,,,,,,,,,,,,,,,,,,,,,,,,,,,,,,,,
CC1CC(NC(O)(CC(=O)O)c2cccc3c2CC(=O)N3)CC2C(N)NCC12,Z3654a,openbind_xx01zvns2b_c1_scaffolds,Z3808b,Z4849a,,,,,,,,,,,,,,,,,,,,,,,,,,,,,,,,,,,,,,,,,,,,,,,,,,,,,,,,,,,
CNCN1C(=O)Cc2c(C(=O)Nc3cc(C)c4ccccc4c3)cc(Cl)cc21,Z3654a,openbind_xx01zvns2b_c1_scaffolds,Z3808b,Z4996a,,,,,,,,,,,,,,,,,,,,,,,,,,,,,,,,,,,,,,,,,,,,,,,,,,,,,,,,,,,
CNCN1C(=O)Cc2c(C(=O)Nc3cc(C)c4cn(C)c(N)c4c3)cc(Cl)cc21,Z3654a,openbind_xx01zvns2b_c1_scaffolds,Z3808b,Z5002a,,,,,,,,,,,,,,,,,,,,,,,,,,,,,,,,,,,,,,,,,,,,,,,,,,,,,,,,,,,
O=C(NCC(F)F)N(C(=O)c1cc(F)cc2nn(CF)c(F)c12)c1cnc2c(c1)CNC2,Z3654a,openbind_xx01zvns2b_c1_scaffolds,Z3808b,Z5017a,,,,,,,,,,,,,,,,,,,,,,,,,,,,,,,,,,,,,,,,,,,,,,,,,,,,,,,,,,,
CNCN1C(=O)Cc2c(C(=O)Nc3cc(C)c4cn(CC(F)F)c(N)c4c3)cc(Cl)cc21,Z3654a,openbind_xx01zvns2b_c1_scaffolds,Z3808b,Z5029a,,,,,,,,,,,,,,,,,,,,,,,,,,,,,,,,,,,,,,,,,,,,,,,,,,,,,,,,,,,
CC1CC(NC(=O)c2cccc3c2CC2(CCCCC2)N3)CC2(CCNC2)C1,Z3654a,openbind_xx01zvns2b_c1_scaffolds,Z0404a,Z3813a,,,,,,,,,,,,,,,,,,,,,,,,,,,,,,,,,,,,,,,,,,,,,,,,,,,,,,,,,,,
CSc1cc2c(cc1NC(=O)c1cc(F)c(Cl)c3c1c(C1CCOC1)nn3C)CNC2,Z3654a,openbind_xx01zvns2b_c1_scaffolds,Z1271a,Z3813a,,,,,,,,,,,,,,,,,,,,,,,,,,,,,,,,,,,,,,,,,,,,,,,,,,,,,,,,,,,
CSc1cc2c(cc1NC(=O)c1cc(F)cc3[nH]ncc13)CNC2,Z3654a,openbind_xx01zvns2b_c1_scaffolds,Z1333a,Z3813a,,,,,,,,,,,,,,,,,,,,,,,,,,,,,,,,,,,,,,,,,,,,,,,,,,,,,,,,,,,
CCc1cc(C(=O)Nc2cc3c(cc2SC)CNC3)c2cn[nH]c2c1,Z3654a,openbind_xx01zvns2b_c1_scaffolds,Z1597a,Z3813a,,,,,,,,,,,,,,,,,,,,,,,,,,,,,,,,,,,,,,,,,,,,,,,,,,,,,,,,,,,
CCCNC(=O)C(O)(Nc1cc2c(c(-c3ccnc(OC)c3)c1)CNC2)c1cc(F)cc2[nH]ncc12,Z3654a,openbind_xx01zvns2b_c1_scaffolds,Z3647a,Z3813a,,,,,,,,,,,,,,,,,,,,,,,,,,,,,,,,,,,,,,,,,,,,,,,,,,,,,,,,,,,
CC(=O)NCC1(c2ccc3c(c2)CNC3)Nc2cc3[nH]cnc3cc2C1=O,Z3654a,openbind_xx01zvns2b_c1_scaffolds,Z3813a,Z4120a,Z4179a,Z4858a,,,,,,,,,,,,,,,,,,,,,,,,,,,,,,,,,,,,,,,,,,,,,,,,,,,,,,,,,
CCN1CC(CO)NC(=O)C(O)(Nc2ccc3c(c2)CNC3)c2cc(F)cc3c2C1(C)C(=O)N3,Z3654a,openbind_xx01zvns2b_c1_scaffolds,Z3813a,Z4971a,,,,,,,,,,,,,,,,,,,,,,,,,,,,,,,,,,,,,,,,,,,,,,,,,,,,,,,,,,,
CSc1cc2c(cc1NC(=O)c1cc(F)c(CN)c3n[nH]cc13)CNC2,Z3654a,openbind_xx01zvns2b_c1_scaffolds,Z0490a,Z3815a,,,,,,,,,,,,,,,,,,,,,,,,,,,,,,,,,,,,,,,,,,,,,,,,,,,,,,,,,,,
CSc1cc2c(cc1NC(=O)c1cc(F)cc3c1cn1cn[nH]c31)CNC2,Z3654a,openbind_xx01zvns2b_c1_scaffolds,Z0844a,Z3815a,,,,,,,,,,,,,,,,,,,,,,,,,,,,,,,,,,,,,,,,,,,,,,,,,,,,,,,,,,,
CSc1cc2c(cc1NC(=O)C1CC(F)CC3C1CN1SCNCN31)CNC2,Z3654a,openbind_xx01zvns2b_c1_scaffolds,Z2048a,Z3815a,,,,,,,,,,,,,,,,,,,,,,,,,,,,,,,,,,,,,,,,,,,,,,,,,,,,,,,,,,,
CSc1cc2c(cc1NC(=O)c1cc(F)cc3c1cnn3NC1CNC1)CNC2,Z3654a,openbind_xx01zvns2b_c1_scaffolds,Z0229a,Z3815a,,,,,,,,,,,,,,,,,,,,,,,,,,,,,,,,,,,,,,,,,,,,,,,,,,,,,,,,,,,
NNC1NCc2ccc(NC(=O)c3ccc4c(c3)C(Cl)C(N)=C4c3ccc(C(N)c4ccccc4)cc3)cc21,Z3654a,openbind_xx01zvns2b_c1_scaffolds,Z0386a,Z3815a,,,,,,,,,,,,,,,,,,,,,,,,,,,,,,,,,,,,,,,,,,,,,,,,,,,,,,,,,,,
O=C(Nc1ccc2c(c1)CNC2)c1cc(F)cc2c(CNO)n(C3CNC3)cc12,Z3654a,openbind_xx01zvns2b_c1_scaffolds,Z1743a,Z3815a,,,,,,,,,,,,,,,,,,,,,,,,,,,,,,,,,,,,,,,,,,,,,,,,,,,,,,,,,,,
Cc1[nH]c2c(C(=O)C(=O)c3ccc4c(c3)CNC4)cccc2c1CO,Z3654a,openbind_xx01zvns2b_c1_scaffolds,Z1837a,Z1838a,Z2094a,Z2126a,Z2262a,Z3815a,,,,,,,,,,,,,,,,,,,,,,,,,,,,,,,,,,,,,,,,,,,,,,,,,,,,,,,
COCCOC1(C)c2c(C(=O)Nc3ccc4c(c3)CNC4)cccc2C(C)C1C,Z3654a,openbind_xx01zvns2b_c1_scaffolds,Z3815a,Z3830a,,,,,,,,,,,,,,,,,,,,,,,,,,,,,,,,,,,,,,,,,,,,,,,,,,,,,,,,,,,
Cc1[nH]c2c(C(O)(Nc3ccc4c(c3)CNC4)C(=O)NCCCF)cc(Cl)cc2c1C,Z3654a,openbind_xx01zvns2b_c1_scaffolds,Z3815a,Z4132a,Z4168a,,,,,,,,,,,,,,,,,,,,,,,,,,,,,,,,,,,,,,,,,,,,,,,,,,,,,,,,,,
O=C(NCC(F)(F)F)C(Nc1ccc2c(c1)CNC2)c1cc(Br)cc2cccc(Cc3ccccn3)c12,Z3654a,openbind_xx01zvns2b_c1_scaffolds,Z0229a,Z3817a,,,,,,,,,,,,,,,,,,,,,,,,,,,,,,,,,,,,,,,,,,,,,,,,,,,,,,,,,,,
CC(Cl)CC(C1CC(CNN)CC(C)O1)C(Nc1ccc2c(c1)CNC2)C(=O)NCC(F)F,Z3654a,openbind_xx01zvns2b_c1_scaffolds,Z0229a,Z3817a,,,,,,,,,,,,,,,,,,,,,,,,,,,,,,,,,,,,,,,,,,,,,,,,,,,,,,,,,,,
CC1(C)Oc2c(C(Nc3ccc4c(c3)CNC4)C(=O)NCC(F)F)cc(Cl)c3ccnc1c23,Z3654a,openbind_xx01zvns2b_c1_scaffolds,Z0693a,Z3817a,,,,,,,,,,,,,,,,,,,,,,,,,,,,,,,,,,,,,,,,,,,,,,,,,,,,,,,,,,,
CC1(C)Oc2c(C(Nc3ccc4c(c3)CNC4)C(=O)NCC(F)F)cc(Cl)c3cccc1c23,Z3654a,openbind_xx01zvns2b_c1_scaffolds,Z1413a,Z3817a,,,,,,,,,,,,,,,,,,,,,,,,,,,,,,,,,,,,,,,,,,,,,,,,,,,,,,,,,,,
Cc1nc2c(C(Nc3ccc4c(c3)CNC4)C(=O)NCC(F)F)cc(Cl)cc2c(CO)c1C,Z3654a,openbind_xx01zvns2b_c1_scaffolds,Z1681a,Z1713a,Z1716a,Z1729a,Z3817a,,,,,,,,,,,,,,,,,,,,,,,,,,,,,,,,,,,,,,,,,,,,,,,,,,,,,,,,
Cc1cc2c(cc1NC(C(=O)NCC(F)F)c1cc(Cl)cc3c1OC(C)C=C3NC(C)(C)CO)CNC2,Z3654a,openbind_xx01zvns2b_c1_scaffolds,Z1745a,Z3817a,,,,,,,,,,,,,,,,,,,,,,,,,,,,,,,,,,,,,,,,,,,,,,,,,,,,,,,,,,,
CCc1n[nH]c2cc(Cl)cc(C(Nc3ccc4c(c3)CNC4)C(=O)NC3CCOCC3(F)F)c12,Z3654a,openbind_xx01zvns2b_c1_scaffolds,Z3452a,Z3817a,,,,,,,,,,,,,,,,,,,,,,,,,,,,,,,,,,,,,,,,,,,,,,,,,,,,,,,,,,,
O=C(Nc1ccc2c(c1)CNC2)C1CCCNN2C3CNCC(CCC2C[SH]2CCCC12)C3,Z3654a,openbind_xx01zvns2b_c1_scaffolds,Z3647a,Z3817a,,,,,,,,,,,,,,,,,,,,,,,,,,,,,,,,,,,,,,,,,,,,,,,,,,,,,,,,,,,
COCCc1cc2c(C(C(=O)NCC(F)F)C(=O)c3ccc4c(c3)CNC4)cc(Cl)cc2n1C,Z3654a,openbind_xx01zvns2b_c1_scaffolds,Z3699a,Z3817a,,,,,,,,,,,,,,,,,,,,,,,,,,,,,,,,,,,,,,,,,,,,,,,,,,,,,,,,,,,
C#CC1CC(N)C2(CCCCC2)C(C(=O)Nc2cc3c(c(-c4ccnc(OC)c4)c2)CNC3)C1,Z3654a,openbind_xx01zvns2b_c1_scaffolds,Z3817a,Z4963a,,,,,,,,,,,,,,,,,,,,,,,,,,,,,,,,,,,,,,,,,,,,,,,,,,,,,,,,,,,
CNCc1nc2c(C(C(=O)NCC(F)F)C(=O)c3ccc4c(c3)CNC4)cc(Cl)cc2n1C1CNC1,Z3654a,openbind_xx01zvns2b_c1_scaffolds,Z3817a,Z4978a,,,,,,,,,,,,,,,,,,,,,,,,,,,,,,,,,,,,,,,,,,,,,,,,,,,,,,,,,,,
Cc1cc(NC(=O)c2cc(F)cc3c2C(C)C2(O)OCCN32)cc2c1CNC2,Z3654a,openbind_xx01zvns2b_c1_scaffolds,Z0472a,Z3819a,,,,,,,,,,,,,,,,,,,,,,,,,,,,,,,,,,,,,,,,,,,,,,,,,,,,,,,,,,,
O=C(Nc1ccc2ccncc2c1)c1cc(Cl)cc2c1c[n+]([O-])n2C1CNC1,Z3654a,openbind_xx01zvns2b_c1_scaffolds,Z1667a,Z3819a,,,,,,,,,,,,,,,,,,,,,,,,,,,,,,,,,,,,,,,,,,,,,,,,,,,,,,,,,,,
COC1(C)C(=O)N(N)c2cc(F)cc(C(=O)Nc3ccc4c(c3)CNC4)c21,Z3654a,openbind_xx01zvns2b_c1_scaffolds,Z1688a,Z3819a,Z4942a,,,,,,,,,,,,,,,,,,,,,,,,,,,,,,,,,,,,,,,,,,,,,,,,,,,,,,,,,,
COC1(C)C(=O)Nc2cc(F)cc(C(O)(Nc3ccc4c(c3)CNC4)C(=O)NCC3CCOCC3)c21,Z3654a,openbind_xx01zvns2b_c1_scaffolds,Z3394a,Z3819a,,,,,,,,,,,,,,,,,,,,,,,,,,,,,,,,,,,,,,,,,,,,,,,,,,,,,,,,,,,
CCC1(C(O)(NC2CN3CC(c4ccncc4)CC4CNCC43C2)C(=O)NCC(F)F)CCCC2=C1CC(=O)N2,Z3654a,openbind_xx01zvns2b_c1_scaffolds,Z3689a,Z3819a,,,,,,,,,,,,,,,,,,,,,,,,,,,,,,,,,,,,,,,,,,,,,,,,,,,,,,,,,,,
COC1(C)C(=O)C(=O)c2cc(F)cc(C(=O)Nc3ccc4c(c3)CNC4)c21,Z3654a,openbind_xx01zvns2b_c1_scaffolds,Z3769a,Z3819a,,,,,,,,,,,,,,,,,,,,,,,,,,,,,,,,,,,,,,,,,,,,,,,,,,,,,,,,,,,
CNCN1C(=O)C(C)(OC)c2c(C(=O)Nc3cc4c(cc3F)CNC4)cc(F)cc21,Z3654a,openbind_xx01zvns2b_c1_scaffolds,Z3819a,Z4131a,,,,,,,,,,,,,,,,,,,,,,,,,,,,,,,,,,,,,,,,,,,,,,,,,,,,,,,,,,,
COC1(C)c2c(C(=O)Nc3ccc4c(c3)CNC4)cc(F)cc2N2CNNC21O,Z3654a,openbind_xx01zvns2b_c1_scaffolds,Z3819a,Z4179a,,,,,,,,,,,,,,,,,,,,,,,,,,,,,,,,,,,,,,,,,,,,,,,,,,,,,,,,,,,
CNCC1Nc2cc(F)cc(C(=O)Nc3ccc4c(c3)CNC4)c2C1(C)OC,Z3654a,openbind_xx01zvns2b_c1_scaffolds,Z3819a,Z4245a,Z4429a,,,,,,,,,,,,,,,,,,,,,,,,,,,,,,,,,,,,,,,,,,,,,,,,,,,,,,,,,,
CC(=O)NC(O)(Nc1ccc2c(c1)CNC2CC(=O)O)c1cc(Cl)cc2[nH]ncc12,Z3654a,openbind_xx01zvns2b_c1_scaffolds,Z3819a,Z5229a,,,,,,,,,,,,,,,,,,,,,,,,,,,,,,,,,,,,,,,,,,,,,,,,,,,,,,,,,,,
O=C(O)CC1NCc2cc(NC(O)(C(=O)NCC(F)F)c3cc(Cl)cc4[nH]ncc34)ccc21,Z3654a,openbind_xx01zvns2b_c1_scaffolds,Z1713a,Z3480a,Z3495a,Z3501a,Z3758a,Z3826a,Z3970a,,,,,,,,,,,,,,,,,,,,,,,,,,,,,,,,,,,,,,,,,,,,,,,,,,,,,,
Cc1ccc(S(=O)(=O)CNC(=O)C(O)(Nc2ccc3c(c2)CNC3CC(=O)O)c2cc(Cl)cc3n[nH]cc23)cc1,Z3654a,openbind_xx01zvns2b_c1_scaffolds,Z3021a,Z3826a,,,,,,,,,,,,,,,,,,,,,,,,,,,,,,,,,,,,,,,,,,,,,,,,,,,,,,,,,,,
O=C(O)CC1NCc2cc(NC(O)(C(=O)NCC3CCOCC3)c3cc(Cl)cc4[nH]ncc34)ccc21,Z3654a,openbind_xx01zvns2b_c1_scaffolds,Z3059a,Z3826a,,,,,,,,,,,,,,,,,,,,,,,,,,,,,,,,,,,,,,,,,,,,,,,,,,,,,,,,,,,
CNCn1ncc2c(C(=O)Nc3cc4c(c5c3OC(C)(C)C5)C(CC(=O)O)NC4)cc(Cl)cc21,Z3654a,openbind_xx01zvns2b_c1_scaffolds,Z3826a,Z4072a,,,,,,,,,,,,,,,,,,,,,,,,,,,,,,,,,,,,,,,,,,,,,,,,,,,,,,,,,,,
NCc1c(Cl)cc(C(N=O)Nc2ccc3c(c2)CNC3CC(=O)O)c2cn[nH]c12,Z3654a,openbind_xx01zvns2b_c1_scaffolds,Z3826a,Z4859a,,,,,,,,,,,,,,,,,,,,,,,,,,,,,,,,,,,,,,,,,,,,,,,,,,,,,,,,,,,
NCN1C(=O)Cc2c(C(=O)Nc3ccc4c(n3)CNC4)cccc21,Z3654a,openbind_xx01zvns2b_c1_scaffolds,Z3826a,Z5002a,,,,,,,,,,,,,,,,,,,,,,,,,,,,,,,,,,,,,,,,,,,,,,,,,,,,,,,,,,,
NN1C(=O)Cc2c(C(=O)Nc3ccc4c(n3)CNC4)cccc21,Z3654a,openbind_xx01zvns2b_c1_scaffolds,Z3826a,Z5010a,Z5027a,,,,,,,,,,,,,,,,,,,,,,,,,,,,,,,,,,,,,,,,,,,,,,,,,,,,,,,,,,
CC1(CO)C(=O)Cc2c(C(=O)Nc3ccc4c(n3)CNC4)cccc21,Z3654a,openbind_xx01zvns2b_c1_scaffolds,Z3826a,Z5136a,,,,,,,,,,,,,,,,,,,,,,,,,,,,,,,,,,,,,,,,,,,,,,,,,,,,,,,,,,,
Cc1cc(C(=O)Nc2ccc3c(n2)CNC3)c2c(c1)N1CCNCC1C2,Z3654a,openbind_xx01zvns2b_c1_scaffolds,Z1682a,Z3830a,,,,,,,,,,,,,,,,,,,,,,,,,,,,,,,,,,,,,,,,,,,,,,,,,,,,,,,,,,,
O=C1Cc2c(cccc2C(=O)Nc2ccc3c(n2)CNC3)N1,Z3654a,openbind_xx01zvns2b_c1_scaffolds,Z2971a,Z0559a,Z0673a,Z0727a,Z0846b,Z1719a,Z1727a,Z1730a,Z1750a,Z1838a,Z2126a,Z3059a,Z3466a,Z3472a,Z3546a,Z3559a,Z3596a,Z3647a,Z3654a,Z3677a,Z3830a,,,,,,,,,,,,,,,,,,,,,,,,,,,,,,,,,,,,,,,,
O=C(Nc1ccc2c(n1)CNC2)C1CCC2C(=O)N3CCNCN3C(=O)CC12,Z3654a,openbind_xx01zvns2b_c1_scaffolds,Z0089a,Z3830a,,,,,,,,,,,,,,,,,,,,,,,,,,,,,,,,,,,,,,,,,,,,,,,,,,,,,,,,,,,
O=C(NC1CC2CNC3=C2C(CSC3)C1)C1CCCC2C(C3CCNCC3)NNC12,Z3654a,openbind_xx01zvns2b_c1_scaffolds,Z0227a,Z3830a,,,,,,,,,,,,,,,,,,,,,,,,,,,,,,,,,,,,,,,,,,,,,,,,,,,,,,,,,,,
CC(CC(C)C(C(=O)NCC(F)F)C(=O)c1ccc2c(c1)CNC2)c1cc(C(F)F)[nH]n1,Z3654a,openbind_xx01zvns2b_c1_scaffolds,Z0386a,Z3830a,,,,,,,,,,,,,,,,,,,,,,,,,,,,,,,,,,,,,,,,,,,,,,,,,,,,,,,,,,,
CC1CC(C(C(=O)NCC(F)F)C(=O)c2ccc3c(c2)CNC3)CC(C(F)F)C12CNC(=O)C2C1CCNCC1,Z3654a,openbind_xx01zvns2b_c1_scaffolds,Z0429a,Z3830a,,,,,,,,,,,,,,,,,,,,,,,,,,,,,,,,,,,,,,,,,,,,,,,,,,,,,,,,,,,
CC(=O)NN=C(C(=O)c1ccc2c(n1)C(C)NC2)c1cccc2c1CC(=O)N2,Z3654a,openbind_xx01zvns2b_c1_scaffolds,Z0884a,Z3830a,,,,,,,,,,,,,,,,,,,,,,,,,,,,,,,,,,,,,,,,,,,,,,,,,,,,,,,,,,,
CC1C(=O)N(CO)c2cccc(C(=O)C(=O)c3ccc4c(n3)CNC4)c21,Z3654a,openbind_xx01zvns2b_c1_scaffolds,Z0904a,Z0917a,Z0951a,Z0969b,Z1098a,Z3830a,,,,,,,,,,,,,,,,,,,,,,,,,,,,,,,,,,,,,,,,,,,,,,,,,,,,,,,
Cc1cc2c(nc1NC(O)(O)c1cccc3c1CC(=O)N3)CNC2,Z3654a,openbind_xx01zvns2b_c1_scaffolds,Z1271a,Z3830a,,,,,,,,,,,,,,,,,,,,,,,,,,,,,,,,,,,,,,,,,,,,,,,,,,,,,,,,,,,
O=C(NCC1CCCO1)C(O)(Nc1ccc2c(c1)CCCC2)c1cc(Cl)cc2c1cnn2C1CNC1,Z3654a,openbind_xx01zvns2b_c1_scaffolds,Z1274a,Z3830a,Z4153a,,,,,,,,,,,,,,,,,,,,,,,,,,,,,,,,,,,,,,,,,,,,,,,,,,,,,,,,,,
O=C(Nc1ccc2c(c1)CNC2)c1cc(F)cc2c1NC1(CCCCC1)C2,Z3654a,openbind_xx01zvns2b_c1_scaffolds,Z1288a,Z3830a,,,,,,,,,,,,,,,,,,,,,,,,,,,,,,,,,,,,,,,,,,,,,,,,,,,,,,,,,,,
NC1NCc2ccc(NC(=O)c3cc(Cl)cc4c3CC(=O)N4N)nc21,Z3654a,openbind_xx01zvns2b_c1_scaffolds,Z1406a,Z3830a,,,,,,,,,,,,,,,,,,,,,,,,,,,,,,,,,,,,,,,,,,,,,,,,,,,,,,,,,,,
N#CC(O)(Nc1ccc2c(n1)CNC2)c1cc(Cl)cc2c1CC(=O)N2,Z3654a,openbind_xx01zvns2b_c1_scaffolds,Z1495a,Z3830a,,,,,,,,,,,,,,,,,,,,,,,,,,,,,,,,,,,,,,,,,,,,,,,,,,,,,,,,,,,
CC1C(=O)N(C(C)O)c2cc(O)cc(C(=O)Oc3ccc4c(c3)CNC4)c21,Z3654a,openbind_xx01zvns2b_c1_scaffolds,Z1715a,Z3665a,Z3699a,Z3790a,Z3830a,Z3880a,,,,,,,,,,,,,,,,,,,,,,,,,,,,,,,,,,,,,,,,,,,,,,,,,,,,,,,
Cc1ccc(NC(=O)c2cc(Cl)cc3c2cnn3C2CNC23CCC(CNc2nc4ccccc4[nH]2)C(O)C3)nc1C,Z3654a,openbind_xx01zvns2b_c1_scaffolds,Z1729a,Z3830a,,,,,,,,,,,,,,,,,,,,,,,,,,,,,,,,,,,,,,,,,,,,,,,,,,,,,,,,,,,
CC(C)NC(=O)C(C(=O)c1ccc2c(c1)CNC2)c1ccc2c(c1)NCS21CCNCC1,Z3654a,openbind_xx01zvns2b_c1_scaffolds,Z1731a,Z3830a,,,,,,,,,,,,,,,,,,,,,,,,,,,,,,,,,,,,,,,,,,,,,,,,,,,,,,,,,,,
O=C1Cc2c(cc(Br)cc2C(=O)Nc2ccc3c(n2)CNC3)N1,Z3654a,openbind_xx01zvns2b_c1_scaffolds,Z1745a,Z3830a,,,,,,,,,,,,,,,,,,,,,,,,,,,,,,,,,,,,,,,,,,,,,,,,,,,,,,,,,,,
NC1C(=O)Nc2cccc(C(=O)Nc3ccc4c(n3)CNC4)c21,Z3654a,openbind_xx01zvns2b_c1_scaffolds,Z1752a,Z3830a,,,,,,,,,,,,,,,,,,,,,,,,,,,,,,,,,,,,,,,,,,,,,,,,,,,,,,,,,,,
CCc1cc(C(=O)Nc2ccc3c(n2)CNC3)c2c(c1)N(C)C(=O)C2,Z3654a,openbind_xx01zvns2b_c1_scaffolds,Z3024a,Z3830a,,,,,,,,,,,,,,,,,,,,,,,,,,,,,,,,,,,,,,,,,,,,,,,,,,,,,,,,,,,
N#Cc1cc2c(nc1NC(=O)c1cc(F)cc3c1CC(=O)N3)CNC2,Z3654a,openbind_xx01zvns2b_c1_scaffolds,Z3463a,Z3830a,,,,,,,,,,,,,,,,,,,,,,,,,,,,,,,,,,,,,,,,,,,,,,,,,,,,,,,,,,,
O=C1Cc2c(cc(F)cc2C(=O)Nc2ccc3c(n2)CNC3)N1,Z3654a,openbind_xx01zvns2b_c1_scaffolds,Z3503a,Z3553a,Z3830a,,,,,,,,,,,,,,,,,,,,,,,,,,,,,,,,,,,,,,,,,,,,,,,,,,,,,,,,,,
CN1CCC2(CC1)Cc1c(cccc1C(=O)Nc1ccc3c(n1)CNC3)N2,Z3654a,openbind_xx01zvns2b_c1_scaffolds,Z3767a,Z3826a,Z3830a,,,,,,,,,,,,,,,,,,,,,,,,,,,,,,,,,,,,,,,,,,,,,,,,,,,,,,,,,,
O=C(NC1CC(Br)C2CNCC2C1)c1cc(Cl)cc2c(C3CNC3)n(C(=O)OCc3ccccc3)nc12,Z3654a,openbind_xx01zvns2b_c1_scaffolds,Z3830a,Z3831a,Z3834a,Z4025a,Z4047a,Z4089a,Z4178a,Z4179a,Z4478a,Z4857a,,,,,,,,,,,,,,,,,,,,,,,,,,,,,,,,,,,,,,,,,,,,,,,,,,,
O=C(Nc1ccc2c(n1)CNC2)c1cc(Cl)cc2c1CC(=NC1CNC1)N2,Z3654a,openbind_xx01zvns2b_c1_scaffolds,Z3830a,Z3956a,Z4118a,,,,,,,,,,,,,,,,,,,,,,,,,,,,,,,,,,,,,,,,,,,,,,,,,,,,,,,,,,
CNCN1C(=O)Cc2c(C(=O)Nc3ccc4c(n3)CN(C)C4C)cc(Cl)cc21,Z3654a,openbind_xx01zvns2b_c1_scaffolds,Z3830a,Z4019a,,,,,,,,,,,,,,,,,,,,,,,,,,,,,,,,,,,,,,,,,,,,,,,,,,,,,,,,,,,
CNCN1C(=O)Cc2c(C(=O)Nc3cc(F)c4c(n3)CNC4)cc(Cl)cc21,Z3654a,openbind_xx01zvns2b_c1_scaffolds,Z3830a,Z4039a,,,,,,,,,,,,,,,,,,,,,,,,,,,,,,,,,,,,,,,,,,,,,,,,,,,,,,,,,,,
CNCN1C(=O)Cc2c(C(=O)Nc3nc4c(cc3F)CNC4)cc(Cl)cc21,Z3654a,openbind_xx01zvns2b_c1_scaffolds,Z3830a,Z4066a,,,,,,,,,,,,,,,,,,,,,,,,,,,,,,,,,,,,,,,,,,,,,,,,,,,,,,,,,,,
CNCN1C(=O)Cc2c(C(=O)Nc3ccc4c(n3)CNC4)cc(F)cc21,Z3654a,openbind_xx01zvns2b_c1_scaffolds,Z3830a,Z4134a,Z4169a,Z4194a,Z4498a,,,,,,,,,,,,,,,,,,,,,,,,,,,,,,,,,,,,,,,,,,,,,,,,,,,,,,,,
Nc1nn(C2CNC2)c2cc(Cl)cc(C(=O)Nc3ccc(C4CCOC4)cc3F)c12,Z3654a,openbind_xx01zvns2b_c1_scaffolds,Z3830a,Z4138a,,,,,,,,,,,,,,,,,,,,,,,,,,,,,,,,,,,,,,,,,,,,,,,,,,,,,,,,,,,
CNCC1Cc2c(cc(Cl)cc2C(=O)Nc2ccc3c(n2)CNC3)N1,Z3654a,openbind_xx01zvns2b_c1_scaffolds,Z3830a,Z4161a,,,,,,,,,,,,,,,,,,,,,,,,,,,,,,,,,,,,,,,,,,,,,,,,,,,,,,,,,,,
CNCN1C(=O)Cc2c(C(=O)Nc3cc(C)c4c(n3)CNC4)cc(Cl)cc21,Z3654a,openbind_xx01zvns2b_c1_scaffolds,Z3830a,Z4164a,Z4200a,,,,,,,,,,,,,,,,,,,,,,,,,,,,,,,,,,,,,,,,,,,,,,,,,,,,,,,,,,
Cc1cc(C(C(=O)NCC(F)F)C(=O)c2ccc3c(c2)CNC3)c2c(c1)=C(F)N=NNC=2,Z3654a,openbind_xx01zvns2b_c1_scaffolds,Z3830a,Z4168a,,,,,,,,,,,,,,,,,,,,,,,,,,,,,,,,,,,,,,,,,,,,,,,,,,,,,,,,,,,
COC1(C)C(=O)Nc2cc(F)cc(C(O)(Nc3ccc4c(c3)CNC4)C(=O)NCCCF)c21,Z3654a,openbind_xx01zvns2b_c1_scaffolds,Z3830a,Z4204a,,,,,,,,,,,,,,,,,,,,,,,,,,,,,,,,,,,,,,,,,,,,,,,,,,,,,,,,,,,
CC(C)c1cc2c(-c3ccc(CN)cc3)csc2c(Cl)c1C(=O)N(C(=O)NCC(F)F)c1ccc2c(c1)CNC2,Z3654a,openbind_xx01zvns2b_c1_scaffolds,Z3830a,Z4756a,,,,,,,,,,,,,,,,,,,,,,,,,,,,,,,,,,,,,,,,,,,,,,,,,,,,,,,,,,,
CC(C)OC1(C)c2c(C(=O)Nc3ccc4c(c3)CNC4)cc(F)cc2N2CC(N(C)C)=NC21,Z3654a,openbind_xx01zvns2b_c1_scaffolds,Z3830a,Z5136a,,,,,,,,,,,,,,,,,,,,,,,,,,,,,,,,,,,,,,,,,,,,,,,,,,,,,,,,,,,
N#CC1CC(NC(=O)c2cc(Cl)cc3c2cnn3C2CNC2)CC2CNCC12,Z3654a,openbind_xx01zvns2b_c1_scaffolds,Z0589a,Z3831a,,,,,,,,,,,,,,,,,,,,,,,,,,,,,,,,,,,,,,,,,,,,,,,,,,,,,,,,,,,
CC(C)OC1(C)C(=O)Nc2cc(F)cc(C(=O)C(=O)c3ccc4c(c3)CNC4)c21,Z3654a,openbind_xx01zvns2b_c1_scaffolds,Z0673a,Z3831a,,,,,,,,,,,,,,,,,,,,,,,,,,,,,,,,,,,,,,,,,,,,,,,,,,,,,,,,,,,
CC(C)OC1(C)C(=O)N(CO)c2cc(F)cc(C(=O)C(=O)c3ccc4c(c3)CNC4)c21,Z3654a,openbind_xx01zvns2b_c1_scaffolds,Z0701a,Z0719a,Z0819a,Z3831a,,,,,,,,,,,,,,,,,,,,,,,,,,,,,,,,,,,,,,,,,,,,,,,,,,,,,,,,,
Cc1nn(C2CNC2)c2cc(Cl)cc(C(=O)[N+]3([O-])CCCNC4CC(C5CCN(C)CC5)CC43)c12,Z3654a,openbind_xx01zvns2b_c1_scaffolds,Z0709a,Z3831a,Z4194a,,,,,,,,,,,,,,,,,,,,,,,,,,,,,,,,,,,,,,,,,,,,,,,,,,,,,,,,,,
CC(C)OC1(C)C(=O)N(CO)c2cc(F)cc(C(=O)C(=O)c3ccc4c(c3N)CNC4)c21,Z3654a,openbind_xx01zvns2b_c1_scaffolds,Z0800a,Z3831a,,,,,,,,,,,,,,,,,,,,,,,,,,,,,,,,,,,,,,,,,,,,,,,,,,,,,,,,,,,
CC(C)OC1(C)C(=O)Nc2c(CN)c(F)cc(C(=O)NC3CC4=C(CNC4)C4(C3)NNNN4)c21,Z3654a,openbind_xx01zvns2b_c1_scaffolds,Z1098a,Z3831a,,,,,,,,,,,,,,,,,,,,,,,,,,,,,,,,,,,,,,,,,,,,,,,,,,,,,,,,,,,
CC(C)OC1(C)C(=O)Nc2c(C#N)c(F)cc(C(=O)Nc3ccc4c(c3)CNC4)c21,Z3654a,openbind_xx01zvns2b_c1_scaffolds,Z1406a,Z3831a,,,,,,,,,,,,,,,,,,,,,,,,,,,,,,,,,,,,,,,,,,,,,,,,,,,,,,,,,,,
CC(C)c1nnc(C2=Nc3c(C(=O)Nc4ccc5c(c4)C(N)NC5)cc(F)cc3[NH+]2[O-])s1,Z3654a,openbind_xx01zvns2b_c1_scaffolds,Z1713a,Z3831a,,,,,,,,,,,,,,,,,,,,,,,,,,,,,,,,,,,,,,,,,,,,,,,,,,,,,,,,,,,
O=C(C(=O)c1cc(Cl)c2n[nH]c(CC3CNC3)c2c1)c1ccc2c(c1)CNC2,Z3654a,openbind_xx01zvns2b_c1_scaffolds,Z1750a,Z3831a,,,,,,,,,,,,,,,,,,,,,,,,,,,,,,,,,,,,,,,,,,,,,,,,,,,,,,,,,,,
O=C(Nc1ccc2c(c1)CCCC2)c1cc(Cl)cc2c1c[n+]([O-])n2C1CNC1,Z3654a,openbind_xx01zvns2b_c1_scaffolds,Z1761a,Z2262a,Z2500a,Z3831a,,,,,,,,,,,,,,,,,,,,,,,,,,,,,,,,,,,,,,,,,,,,,,,,,,,,,,,,,
CC(C)OC1(C)c2c(cc(F)cc2C(=O)Nc2ccc3c(c2)CNC3)NC12NNC(C(C)C)S2,Z3654a,openbind_xx01zvns2b_c1_scaffolds,Z3021a,Z3831a,,,,,,,,,,,,,,,,,,,,,,,,,,,,,,,,,,,,,,,,,,,,,,,,,,,,,,,,,,,
CC(C)OC1(C)C(=O)Nc2c1c(C(=O)Nc1ccc3c(c1)CNC3)cc1cc[nH]c21,Z3654a,openbind_xx01zvns2b_c1_scaffolds,Z3024a,Z3831a,,,,,,,,,,,,,,,,,,,,,,,,,,,,,,,,,,,,,,,,,,,,,,,,,,,,,,,,,,,
CC1CC(=O)N(C2CC3(CCNCC3)CCC2NC(=O)c2cc(Cl)cc3c2cnn3C2CNC2)C1,Z3654a,openbind_xx01zvns2b_c1_scaffolds,Z3264a,Z3469a,Z3802a,Z3831a,,,,,,,,,,,,,,,,,,,,,,,,,,,,,,,,,,,,,,,,,,,,,,,,,,,,,,,,,
CNCc1cccc2c(C(O)(Nc3cc4c(cc3F)CNC4)C(=O)NCC(F)F)cc(Br)cc12,Z3654a,openbind_xx01zvns2b_c1_scaffolds,Z3440a,Z3831a,,,,,,,,,,,,,,,,,,,,,,,,,,,,,,,,,,,,,,,,,,,,,,,,,,,,,,,,,,,
NC1(c2cc3cc(C(=O)Nc4ccc5c(c4)CNC5)cc(Cl)c3[nH]2)CNC1,Z3654a,openbind_xx01zvns2b_c1_scaffolds,Z3465a,Z3831a,,,,,,,,,,,,,,,,,,,,,,,,,,,,,,,,,,,,,,,,,,,,,,,,,,,,,,,,,,,
CC(C)CNC(=O)C(O)(Nc1ccc2c(c1)CNC2)C1CC(F)c2[nH]cc(C3CCNCC3)c2C12CNNC2,Z3654a,openbind_xx01zvns2b_c1_scaffolds,Z3487a,Z3831a,,,,,,,,,,,,,,,,,,,,,,,,,,,,,,,,,,,,,,,,,,,,,,,,,,,,,,,,,,,
CC(CO)OC12CC(F)CNC(=O)C(O)(Nc3ccc4c(c3)CNC4)c3cc(F)cc(c31)NC2=O,Z3654a,openbind_xx01zvns2b_c1_scaffolds,Z3502a,Z3831a,,,,,,,,,,,,,,,,,,,,,,,,,,,,,,,,,,,,,,,,,,,,,,,,,,,,,,,,,,,
CC(C)OC1(C)C(=O)C(=O)c2cc(F)cc(C(=O)Nc3ccc4c(c3)CNC4)c21,Z3654a,openbind_xx01zvns2b_c1_scaffolds,Z3553a,Z3831a,,,,,,,,,,,,,,,,,,,,,,,,,,,,,,,,,,,,,,,,,,,,,,,,,,,,,,,,,,,
CCC1CC2C(c3cccc(CN)c3)CC3CSCC32CC1C(O)(Nc1ccc2c(c1)CNC2)C(=O)NCC(F)F,Z3654a,openbind_xx01zvns2b_c1_scaffolds,Z3646a,Z3654a,Z3691a,Z3711a,Z3733a,Z3758a,Z3769a,Z3831a,Z3837a,Z3856a,Z3898a,Z4066a,Z4114a,Z4117a,Z4118a,Z4120a,Z4132a,Z4169a,Z4179a,Z4243a,,,,,,,,,,,,,,,,,,,,,,,,,,,,,,,,,,,,,,,,,
CC(C)OC12CC(F)CNC(=O)C(O)(Nc3ccc4c(c3)CNC4)c3cc(F)cc(c31)NC2=O,Z3654a,openbind_xx01zvns2b_c1_scaffolds,Z3647a,Z3831a,,,,,,,,,,,,,,,,,,,,,,,,,,,,,,,,,,,,,,,,,,,,,,,,,,,,,,,,,,,
COc1c(Nc2ccc3c(c2)CNC3)c(O)c2cccc3c2c1C(C)=C3C,Z3654a,openbind_xx01zvns2b_c1_scaffolds,Z3673a,Z3706a,Z3831a,,,,,,,,,,,,,,,,,,,,,,,,,,,,,,,,,,,,,,,,,,,,,,,,,,,,,,,,,,
CC(C)NC(=O)C(C(=O)c1ccc2c(c1)CNC2)c1cc2c3c(c1)C(CC1CCNCC1)=NS3=CN2,Z3654a,openbind_xx01zvns2b_c1_scaffolds,Z3691a,Z3831a,,,,,,,,,,,,,,,,,,,,,,,,,,,,,,,,,,,,,,,,,,,,,,,,,,,,,,,,,,,
CC(C)OC1(C)C(=O)Nc2cc(F)cc(C(O)(CC(=O)O)Nc3ccc4c(c3)CNC4)c21,Z3654a,openbind_xx01zvns2b_c1_scaffolds,Z3696a,Z3831a,,,,,,,,,,,,,,,,,,,,,,,,,,,,,,,,,,,,,,,,,,,,,,,,,,,,,,,,,,,
O=C(Nc1ccc2c(c1)CNCCO2)c1cccc2c1CC(=NC1CNC1)N2,Z3654a,openbind_xx01zvns2b_c1_scaffolds,Z3808a,Z3831a,,,,,,,,,,,,,,,,,,,,,,,,,,,,,,,,,,,,,,,,,,,,,,,,,,,,,,,,,,,
CC(C)OC1(C)c2c(C(=O)Nc3ccc4c(c3)CNC4)cc(F)c3ncn(c23)C1(O)CN(C)C,Z3654a,openbind_xx01zvns2b_c1_scaffolds,Z3813a,Z3831a,,,,,,,,,,,,,,,,,,,,,,,,,,,,,,,,,,,,,,,,,,,,,,,,,,,,,,,,,,,
N#CC12CSC3CC(C(=O)Nc4ccc5c(c4)CNC5)CC(C(C4CCNCC4)C1)C32,Z3654a,openbind_xx01zvns2b_c1_scaffolds,Z3815a,Z3831a,Z4017a,,,,,,,,,,,,,,,,,,,,,,,,,,,,,,,,,,,,,,,,,,,,,,,,,,,,,,,,,,
CC(C)OC1(C)C(=O)n2c(=O)[nH]c3c(F)cc(C(=O)Nc4ccc5c(c4)CNC5)c1c32,Z3654a,openbind_xx01zvns2b_c1_scaffolds,Z3817a,Z3831a,,,,,,,,,,,,,,,,,,,,,,,,,,,,,,,,,,,,,,,,,,,,,,,,,,,,,,,,,,,
CNCN1C(=O)C(C)(OC(C)C)c2c(C(=O)Nc3cc(F)c4c(c3)CNC4=O)cc(F)cc21,Z3654a,openbind_xx01zvns2b_c1_scaffolds,Z3819a,Z3831a,,,,,,,,,,,,,,,,,,,,,,,,,,,,,,,,,,,,,,,,,,,,,,,,,,,,,,,,,,,
CNCN1C(=O)C(C)(OC(C)C)c2c(C(=O)NC3CC4=C(CNC4)CC34CCCC4=O)cc(F)cc21,Z3654a,openbind_xx01zvns2b_c1_scaffolds,Z3830a,Z3831a,,,,,,,,,,,,,,,,,,,,,,,,,,,,,,,,,,,,,,,,,,,,,,,,,,,,,,,,,,,
CNCN1C(=O)C(C)(OC(C)C)c2c(C(=O)Nc3cc4c(c5c3OC(C)(C)C5)CNC4)cc(F)cc21,Z3654a,openbind_xx01zvns2b_c1_scaffolds,Z3831a,Z3834a,,,,,,,,,,,,,,,,,,,,,,,,,,,,,,,,,,,,,,,,,,,,,,,,,,,,,,,,,,,
NC(=O)c1c(N)[nH]c2c(C(=O)Nc3ccc4c(c3)CNC4)cc(Cl)cc12,Z3654a,openbind_xx01zvns2b_c1_scaffolds,Z3831a,Z3842a,,,,,,,,,,,,,,,,,,,,,,,,,,,,,,,,,,,,,,,,,,,,,,,,,,,,,,,,,,,
CNCN1C(=O)C(C)(OC(C)C)c2c(C(=O)Nc3cc(F)c4c(c3)CNC4)cc(F)cc21,Z3654a,openbind_xx01zvns2b_c1_scaffolds,Z3831a,Z3850a,,,,,,,,,,,,,,,,,,,,,,,,,,,,,,,,,,,,,,,,,,,,,,,,,,,,,,,,,,,
CC(C)OC1(C)c2c(cc(F)cc2C(=O)Nc2ccc3c(c2)CNC3)NC1CN(C)C,Z3654a,openbind_xx01zvns2b_c1_scaffolds,Z3831a,Z3970a,,,,,,,,,,,,,,,,,,,,,,,,,,,,,,,,,,,,,,,,,,,,,,,,,,,,,,,,,,,
Cc1cc(C(C(=O)NCC(F)F)C(=O)C2CC3=C(CNC3)C3(C2)NNNN3)cc(C(F)(F)ON)c1,Z3654a,openbind_xx01zvns2b_c1_scaffolds,Z3831a,Z4008a,,,,,,,,,,,,,,,,,,,,,,,,,,,,,,,,,,,,,,,,,,,,,,,,,,,,,,,,,,,
CN=C1Nc2cc(F)cc(C(=O)Nc3ccc4c(c3)CNC4)c2C1(C)OC(C)C,Z3654a,openbind_xx01zvns2b_c1_scaffolds,Z3831a,Z4070a,Z4104a,,,,,,,,,,,,,,,,,,,,,,,,,,,,,,,,,,,,,,,,,,,,,,,,,,,,,,,,,,
CNCN1C(=O)C(C)(OC(C)C)c2c(C(=O)Nc3cc(C)c4c(c3)CNC4)cc(F)cc21,Z3654a,openbind_xx01zvns2b_c1_scaffolds,Z3831a,Z4103a,Z4131a,,,,,,,,,,,,,,,,,,,,,,,,,,,,,,,,,,,,,,,,,,,,,,,,,,,,,,,,,,
CC(C)OC1(C)c2c(C(=O)Nc3ccc4c(c3)CNC4)cc(F)cc2N2CCNC21O,Z3654a,openbind_xx01zvns2b_c1_scaffolds,Z3831a,Z4164a,,,,,,,,,,,,,,,,,,,,,,,,,,,,,,,,,,,,,,,,,,,,,,,,,,,,,,,,,,,
CCCC1NCC2=C1C(C)(OC(C)C)c1c(C(=O)Nc3ccc4c(c3)CNC4)cc(F)cc12,Z3654a,openbind_xx01zvns2b_c1_scaffolds,Z3831a,Z4198a,,,,,,,,,,,,,,,,,,,,,,,,,,,,,,,,,,,,,,,,,,,,,,,,,,,,,,,,,,,
CCc1ccc(NC2CCC3(CCCC3CN)C2)c(C(=O)Nc2ccc3c(c2)CNC3)c1,Z3654a,openbind_xx01zvns2b_c1_scaffolds,Z2119a,Z3833a,,,,,,,,,,,,,,,,,,,,,,,,,,,,,,,,,,,,,,,,,,,,,,,,,,,,,,,,,,,
NN1C(=O)Cc2c(C(Nc3ccc4c(c3)CNCC4)=C(F)F)cccc21,Z3654a,openbind_xx01zvns2b_c1_scaffolds,Z3833a,Z4243a,,,,,,,,,,,,,,,,,,,,,,,,,,,,,,,,,,,,,,,,,,,,,,,,,,,,,,,,,,,
Cc1cc(NC(=O)c2cccc3c(C4CCNCC4)n(C)c(F)c23)cc2c1CNC2,Z3654a,openbind_xx01zvns2b_c1_scaffolds,Z3833a,Z4827a,Z4858a,,,,,,,,,,,,,,,,,,,,,,,,,,,,,,,,,,,,,,,,,,,,,,,,,,,,,,,,,,
O=C(Nc1ccc2c(c1)CNCC2)c1cccc2c1C1(CCNCC1)C(=O)N2,Z3654a,openbind_xx01zvns2b_c1_scaffolds,Z3833a,Z4857a,,,,,,,,,,,,,,,,,,,,,,,,,,,,,,,,,,,,,,,,,,,,,,,,,,,,,,,,,,,
CC(C)NC(=O)N(C(=O)C1=CC=CSC2=C1CC(=O)N2)c1cnc2c(c1)CNC2,Z3654a,openbind_xx01zvns2b_c1_scaffolds,Z3833a,Z4887a,,,,,,,,,,,,,,,,,,,,,,,,,,,,,,,,,,,,,,,,,,,,,,,,,,,,,,,,,,,
CCN1C(=O)C(C2CCOC2)c2c(C(=O)Nc3ccc4c(c3)CNCC4)ccc(Cl)c21,Z3654a,openbind_xx01zvns2b_c1_scaffolds,Z3833a,Z5002a,,,,,,,,,,,,,,,,,,,,,,,,,,,,,,,,,,,,,,,,,,,,,,,,,,,,,,,,,,,
Cc1cc(C(O)(F)Nc2ccc3c(c2)CNCC3)c2c3c1CCCNN3C(=O)C2,Z3654a,openbind_xx01zvns2b_c1_scaffolds,Z3833a,Z5011a,,,,,,,,,,,,,,,,,,,,,,,,,,,,,,,,,,,,,,,,,,,,,,,,,,,,,,,,,,,
N#Cc1c(N)[nH]c2c(C(=O)Nc3ccc4c(c3)CNC4)cccc12,Z3654a,openbind_xx01zvns2b_c1_scaffolds,Z3833a,Z5230a,,,,,,,,,,,,,,,,,,,,,,,,,,,,,,,,,,,,,,,,,,,,,,,,,,,,,,,,,,,
CSc1cc2c(cc1NC(=O)c1cc(F)c(O)c3c1cnn3C(=O)c1ccncc1F)CNC2,Z3654a,openbind_xx01zvns2b_c1_scaffolds,Z0969a,Z3487a,Z3545a,Z3711a,Z3834a,,,,,,,,,,,,,,,,,,,,,,,,,,,,,,,,,,,,,,,,,,,,,,,,,,,,,,,,
Cc1cc2c(c(N)c1NC(O)(C(=O)NC(C)C)c1cc(Cl)cc3nc(-c4ccccc4)[nH]c13)CNC2,Z3654a,openbind_xx01zvns2b_c1_scaffolds,Z3834a,Z3837a,Z3842a,,,,,,,,,,,,,,,,,,,,,,,,,,,,,,,,,,,,,,,,,,,,,,,,,,,,,,,,,,
CC(C)C1NCC1n1ncc2c(C(=O)N3CCNC4(CCCC4)C4CC(F)CC43)cc(Cl)cc21,Z3654a,openbind_xx01zvns2b_c1_scaffolds,Z3834a,Z4179a,,,,,,,,,,,,,,,,,,,,,,,,,,,,,,,,,,,,,,,,,,,,,,,,,,,,,,,,,,,
O=C(NCC(F)F)C(O)(NC1CC(Br)C2CNCC2C1)c1cc(Cl)cc2c(C3CNC3)n[nH]c12,Z3654a,openbind_xx01zvns2b_c1_scaffolds,Z3834a,Z4245a,,,,,,,,,,,,,,,,,,,,,,,,,,,,,,,,,,,,,,,,,,,,,,,,,,,,,,,,,,,
Cc1cc(C(F)N=S(C)(=O)c2ncc[nH]2)cc(C(Nc2ccc3c(c2)CNC3)C(=O)NCC(F)F)c1,Z3654a,openbind_xx01zvns2b_c1_scaffolds,Z3834a,Z4859a,,,,,,,,,,,,,,,,,,,,,,,,,,,,,,,,,,,,,,,,,,,,,,,,,,,,,,,,,,,
CN1Cc2ccc(C(=O)C(=O)c3cc(Cl)cc4c3cnn4C3CNC3)cc2C1,Z3654a,openbind_xx01zvns2b_c1_scaffolds,Z0435a,Z3837a,,,,,,,,,,,,,,,,,,,,,,,,,,,,,,,,,,,,,,,,,,,,,,,,,,,,,,,,,,,
CC1CC(C(C(=O)NCC(F)F)C(=O)c2ccc3c(c2)CNC3)CC2(CNC(F)N2)C1,Z3654a,openbind_xx01zvns2b_c1_scaffolds,Z0819a,Z3837a,,,,,,,,,,,,,,,,,,,,,,,,,,,,,,,,,,,,,,,,,,,,,,,,,,,,,,,,,,,
CCc1c(C(Nc2ccc3c(c2)CNC3)C(=O)NCC(F)(F)F)cc(C)cc1C(F)(F)F,Z3654a,openbind_xx01zvns2b_c1_scaffolds,Z1664a,Z3837a,,,,,,,,,,,,,,,,,,,,,,,,,,,,,,,,,,,,,,,,,,,,,,,,,,,,,,,,,,,
CC1NCc2ccc(C(=O)C(=O)c3cc(Cl)c4c(c3)C(C)(CC3CCNCC3)N(O)N4)cc21,Z3654a,openbind_xx01zvns2b_c1_scaffolds,Z3059a,Z3837a,,,,,,,,,,,,,,,,,,,,,,,,,,,,,,,,,,,,,,,,,,,,,,,,,,,,,,,,,,,
Cc1cc(C(Nc2ccc3c(c2)CNC3)C(=O)NCC(F)(F)F)cc(C(F)(F)F)c1,Z3654a,openbind_xx01zvns2b_c1_scaffolds,Z3465a,Z3837a,,,,,,,,,,,,,,,,,,,,,,,,,,,,,,,,,,,,,,,,,,,,,,,,,,,,,,,,,,,
COn1cc2c(C(=O)Nc3cnc4c(c3)CNC4)cc(F)cc2n1,Z3654a,openbind_xx01zvns2b_c1_scaffolds,Z3837a,Z3980a,,,,,,,,,,,,,,,,,,,,,,,,,,,,,,,,,,,,,,,,,,,,,,,,,,,,,,,,,,,
Cc1cc(F)ccc1NC(=O)c1cccc2c(C3CNC3)n[nH]c12,Z3654a,openbind_xx01zvns2b_c1_scaffolds,Z3837a,Z4132a,Z4944a,,,,,,,,,,,,,,,,,,,,,,,,,,,,,,,,,,,,,,,,,,,,,,,,,,,,,,,,,,
CS(=O)(=O)c1nc2c(cc1NC(=O)c1cc(F)cc3n[nH]cc13)CNC2,Z3654a,openbind_xx01zvns2b_c1_scaffolds,Z3837a,Z4872a,,,,,,,,,,,,,,,,,,,,,,,,,,,,,,,,,,,,,,,,,,,,,,,,,,,,,,,,,,,
CNC1NCc2c(O)cc(NC(C(=O)NC(C)C)c3cc(Cl)cc4c3nc(-c3ccccc3)n4N(CO)C(C)(C)CO)cc21,Z3654a,openbind_xx01zvns2b_c1_scaffolds,Z3837a,Z4886a,,,,,,,,,,,,,,,,,,,,,,,,,,,,,,,,,,,,,,,,,,,,,,,,,,,,,,,,,,,
O=NC(Nc1cnc2c(c1)CNC2)c1cc(F)cc2[nH]ncc12,Z3654a,openbind_xx01zvns2b_c1_scaffolds,Z3837a,Z4905a,,,,,,,,,,,,,,,,,,,,,,,,,,,,,,,,,,,,,,,,,,,,,,,,,,,,,,,,,,,
CNn1cc2c(C(=O)NC3CC4CNCC4N(C)C3)cc(F)cc2n1,Z3654a,openbind_xx01zvns2b_c1_scaffolds,Z3837a,Z4590a,,,,,,,,,,,,,,,,,,,,,,,,,,,,,,,,,,,,,,,,,,,,,,,,,,,,,,,,,,,
O=C(Nc1cnc2c(c1)CNC2)c1cc(F)cc2nn(Br)cc12,Z3654a,openbind_xx01zvns2b_c1_scaffolds,Z3837a,Z4959a,,,,,,,,,,,,,,,,,,,,,,,,,,,,,,,,,,,,,,,,,,,,,,,,,,,,,,,,,,,
O=C(Nc1cnc2c(c1)CNC2)c1cc(F)cc2nn(OCOCc3ccccc3)cc12,Z3654a,openbind_xx01zvns2b_c1_scaffolds,Z3837a,Z5197a,,,,,,,,,,,,,,,,,,,,,,,,,,,,,,,,,,,,,,,,,,,,,,,,,,,,,,,,,,,
O=C(Nc1cnc2c(c1)CNC2)c1cc(F)cc2[nH]ncc12,Z3654a,openbind_xx01zvns2b_c1_scaffolds,Z3837a,Z5339a,Z5348a,,,,,,,,,,,,,,,,,,,,,,,,,,,,,,,,,,,,,,,,,,,,,,,,,,,,,,,,,,
CC(C)CNC(=O)C(O)(Nc1cnc2c(c1)CNC2)c1cc(F)cc2[nH]ncc12,Z3654a,openbind_xx01zvns2b_c1_scaffolds,Z0472a,Z3842a,,,,,,,,,,,,,,,,,,,,,,,,,,,,,,,,,,,,,,,,,,,,,,,,,,,,,,,,,,,
Cc1cc(C(C(=O)NCC(F)F)C(=O)c2ccc3c(c2)CNC3)cc(C(F)(F)OOCc2ccccc2)c1,Z3654a,openbind_xx01zvns2b_c1_scaffolds,Z3495a,Z3842a,,,,,,,,,,,,,,,,,,,,,,,,,,,,,,,,,,,,,,,,,,,,,,,,,,,,,,,,,,,
NC1NNN2CCC3CC(C(=O)Nc4ccc5c(c4)CNC5)CC3C12,Z3654a,openbind_xx01zvns2b_c1_scaffolds,Z3842a,Z4072a,Z5230a,Z5236a,,,,,,,,,,,,,,,,,,,,,,,,,,,,,,,,,,,,,,,,,,,,,,,,,,,,,,,,,
CNC(O)(Nc1ccc2c(c1)CNC2)c1cccc2c(C#N)c[nH]c12,Z3654a,openbind_xx01zvns2b_c1_scaffolds,Z3842a,Z4179a,,,,,,,,,,,,,,,,,,,,,,,,,,,,,,,,,,,,,,,,,,,,,,,,,,,,,,,,,,,
Cc1cc(C(=O)Nc2ccc3c(c2)CNC3)c2[nH]cc(C#N)c2c1,Z3654a,openbind_xx01zvns2b_c1_scaffolds,Z3842a,Z4198a,,,,,,,,,,,,,,,,,,,,,,,,,,,,,,,,,,,,,,,,,,,,,,,,,,,,,,,,,,,
CS(=O)(=O)c1cc2c(cc1NC(=O)c1cccc3c(C#N)c[nH]c13)CNC2,Z3654a,openbind_xx01zvns2b_c1_scaffolds,Z3842a,Z4849a,,,,,,,,,,,,,,,,,,,,,,,,,,,,,,,,,,,,,,,,,,,,,,,,,,,,,,,,,,,
N#Cc1c[nH]c2c(C(O)(O)Nc3ccc4c(c3)CNC4)cccc12,Z3654a,openbind_xx01zvns2b_c1_scaffolds,Z3842a,Z4859a,,,,,,,,,,,,,,,,,,,,,,,,,,,,,,,,,,,,,,,,,,,,,,,,,,,,,,,,,,,
Cc1cc(NC(=O)c2cc(Br)cc3c(F)n(C4CNC4)cc23)cc2c1CNC2,Z3654a,openbind_xx01zvns2b_c1_scaffolds,Z3842a,Z4905a,,,,,,,,,,,,,,,,,,,,,,,,,,,,,,,,,,,,,,,,,,,,,,,,,,,,,,,,,,,
N#Cc1c[nH]c2c(C(=O)Nc3ccc4c(c3)CNC4)cccc12,Z3654a,openbind_xx01zvns2b_c1_scaffolds,Z3842a,Z4983a,,,,,,,,,,,,,,,,,,,,,,,,,,,,,,,,,,,,,,,,,,,,,,,,,,,,,,,,,,,
CN(C)c1ccc(NC(=O)c2cc(Cl)cc3c2cnn3C2CN(C)C2CO)c2c1CC(C)(C)O2,Z3654a,openbind_xx01zvns2b_c1_scaffolds,Z0844a,Z3850a,,,,,,,,,,,,,,,,,,,,,,,,,,,,,,,,,,,,,,,,,,,,,,,,,,,,,,,,,,,
Cc1[nH]c2c(C(=O)C(=O)c3ccc4c(c3)CNC4)cc(Cl)cc2c1CN,Z3654a,openbind_xx01zvns2b_c1_scaffolds,Z0227a,Z3850a,,,,,,,,,,,,,,,,,,,,,,,,,,,,,,,,,,,,,,,,,,,,,,,,,,,,,,,,,,,
N#Cc1c(C(F)(F)F)[nH]c2c(C(=O)Nc3ccc4c(c3)CNC4)cccc12,Z3654a,openbind_xx01zvns2b_c1_scaffolds,Z0425a,Z3850a,,,,,,,,,,,,,,,,,,,,,,,,,,,,,,,,,,,,,,,,,,,,,,,,,,,,,,,,,,,
Cc1c2cc(Cl)cc(C(=O)N(C(=O)NCC(F)F)c3ccc4c(c3)CNC4CC(=O)O)c2cn1O,Z3654a,openbind_xx01zvns2b_c1_scaffolds,Z1291a,Z3850a,,,,,,,,,,,,,,,,,,,,,,,,,,,,,,,,,,,,,,,,,,,,,,,,,,,,,,,,,,,
COCCOC1(C)C(=O)C(C#N)c2cccc(C(=O)Nc3ccc4c(c3)CNC4)c21,Z3654a,openbind_xx01zvns2b_c1_scaffolds,Z1317a,Z3850a,,,,,,,,,,,,,,,,,,,,,,,,,,,,,,,,,,,,,,,,,,,,,,,,,,,,,,,,,,,
Cc1cc(NC(=O)c2cccc3c2=NC(=O)C=3C#N)cc2c1CNC2,Z3654a,openbind_xx01zvns2b_c1_scaffolds,Z1342a,Z3850a,,,,,,,,,,,,,,,,,,,,,,,,,,,,,,,,,,,,,,,,,,,,,,,,,,,,,,,,,,,
N#CC1=c2cccc(C(=O)Nc3cc4c(c(-c5ccncc5)c3)CNC4)c2=NC1=O,Z3654a,openbind_xx01zvns2b_c1_scaffolds,Z1745a,Z3850a,,,,,,,,,,,,,,,,,,,,,,,,,,,,,,,,,,,,,,,,,,,,,,,,,,,,,,,,,,,
O=C(NC1CC(Br)C2CNCC2C1)c1cc(Cl)cc2c(C3CNC3)n(CC3CCNCC3)nc12,Z3654a,openbind_xx01zvns2b_c1_scaffolds,Z3850a,Z4161a,Z4855a,Z5124a,Z5148a,Z5171a,Z5211a,Z5227a,Z5229a,Z5243a,Z5348a,,,,,,,,,,,,,,,,,,,,,,,,,,,,,,,,,,,,,,,,,,,,,,,,,,
CC(=O)NC1CCC2(Cc3c(cccc3C(=O)Nc3ccc4c(c3)CNCCO4)N2)C1,Z3654a,openbind_xx01zvns2b_c1_scaffolds,Z3850a,Z4169a,,,,,,,,,,,,,,,,,,,,,,,,,,,,,,,,,,,,,,,,,,,,,,,,,,,,,,,,,,,
Cc1cc(NC(=O)c2cccc3c2C(F)(F)C(=O)N3)cc2c1OCCNC2,Z3654a,openbind_xx01zvns2b_c1_scaffolds,Z3850a,Z4178a,,,,,,,,,,,,,,,,,,,,,,,,,,,,,,,,,,,,,,,,,,,,,,,,,,,,,,,,,,,
CC1C(=O)N(C)c2cccc(C(=O)C(=O)c3ccc4c(c3)CNCCO4)c21,Z3654a,openbind_xx01zvns2b_c1_scaffolds,Z3850a,Z4959b,,,,,,,,,,,,,,,,,,,,,,,,,,,,,,,,,,,,,,,,,,,,,,,,,,,,,,,,,,,
O=C1Cc2c(cc(Br)cc2C(=O)Nc2ccc3c(c2)CNCCO3)N1,Z3654a,openbind_xx01zvns2b_c1_scaffolds,Z3850a,Z5122a,Z5339a,,,,,,,,,,,,,,,,,,,,,,,,,,,,,,,,,,,,,,,,,,,,,,,,,,,,,,,,,,
O=C1Cc2c(cc(Cl)cc2C(=O)Nc2ccc3c(c2)CNCCO3)N1,Z3654a,openbind_xx01zvns2b_c1_scaffolds,Z3850a,Z5139a,,,,,,,,,,,,,,,,,,,,,,,,,,,,,,,,,,,,,,,,,,,,,,,,,,,,,,,,,,,
O=C1Cc2c(C(=O)Nc3ccc4c(c3)CNCCO4)cccc2C1=O,Z3654a,openbind_xx01zvns2b_c1_scaffolds,Z3850a,Z5200a,,,,,,,,,,,,,,,,,,,,,,,,,,,,,,,,,,,,,,,,,,,,,,,,,,,,,,,,,,,
CS(=O)(=O)c1cc2c(cc1NC(=O)c1cc(F)cc3nn(C4CNC4)cc13)CNC2,Z3654a,openbind_xx01zvns2b_c1_scaffolds,Z3856a,Z4861a,,,,,,,,,,,,,,,,,,,,,,,,,,,,,,,,,,,,,,,,,,,,,,,,,,,,,,,,,,,
O=Cc1cc2c(c(C(=O)Nc3ccc4c(c3)CNC4)c1)NC1(CCCCC1)C2,Z3654a,openbind_xx01zvns2b_c1_scaffolds,Z3856a,Z4886a,,,,,,,,,,,,,,,,,,,,,,,,,,,,,,,,,,,,,,,,,,,,,,,,,,,,,,,,,,,
O=C(NCC(F)F)C(Nc1ccc2c(c1)CNC2)C1CC(Br)Cc2[nH]c(=O)[nH]c21,Z3654a,openbind_xx01zvns2b_c1_scaffolds,Z3856a,Z5010a,,,,,,,,,,,,,,,,,,,,,,,,,,,,,,,,,,,,,,,,,,,,,,,,,,,,,,,,,,,
O=C(NCC(F)F)C(Nc1ccc2c(c1)CNC2)C1CC(Br)C2=C1NC(C(F)(F)F)N2,Z3654a,openbind_xx01zvns2b_c1_scaffolds,Z3856a,Z5027a,,,,,,,,,,,,,,,,,,,,,,,,,,,,,,,,,,,,,,,,,,,,,,,,,,,,,,,,,,,
Cc1nc2cc(Br)cc(C(Nc3ccc4c(c3)CNC4)C(=O)NCC(F)F)c2[nH]1,Z3654a,openbind_xx01zvns2b_c1_scaffolds,Z3856a,Z5029a,,,,,,,,,,,,,,,,,,,,,,,,,,,,,,,,,,,,,,,,,,,,,,,,,,,,,,,,,,,
Cc1nn(C2CNC2)cc1C(C(=O)N(C(=O)NC(C)C)c1ccc2c(c1)CNC2)c1cscc1Br,Z3654a,openbind_xx01zvns2b_c1_scaffolds,Z0673a,Z3858a,,,,,,,,,,,,,,,,,,,,,,,,,,,,,,,,,,,,,,,,,,,,,,,,,,,,,,,,,,,
O=C(O)CC1NCc2cc(NC(C(=O)NCC(F)F)c3cc(Br)cc4[nH]ncc34)ccc21,Z3654a,openbind_xx01zvns2b_c1_scaffolds,Z0693a,Z3858a,,,,,,,,,,,,,,,,,,,,,,,,,,,,,,,,,,,,,,,,,,,,,,,,,,,,,,,,,,,
CNC1(N2NC3(CCOC3)c3c(C(=O)Nc4ccc5c(c4)CC(C)(C)O5)cc(Cl)c(Cl)c32)CNC1,Z3654a,openbind_xx01zvns2b_c1_scaffolds,Z2992a,Z3858a,,,,,,,,,,,,,,,,,,,,,,,,,,,,,,,,,,,,,,,,,,,,,,,,,,,,,,,,,,,
CCN(OCCCO)c1c(C(=O)Nc2ccc3c(c2)CNC3)cc(F)c2c1[NH+]([O-])C=N2,Z3654a,openbind_xx01zvns2b_c1_scaffolds,Z0227a,Z3867a,,,,,,,,,,,,,,,,,,,,,,,,,,,,,,,,,,,,,,,,,,,,,,,,,,,,,,,,,,,
CC(C)NC(=O)C(O)(Nc1ccc2c(c1)CNC2)c1cc(Cl)c2c(c1)C1(CCCCC1)CN2,Z3654a,openbind_xx01zvns2b_c1_scaffolds,Z3469a,Z3472a,Z3867a,,,,,,,,,,,,,,,,,,,,,,,,,,,,,,,,,,,,,,,,,,,,,,,,,,,,,,,,,,
CC(C)C1NNC2(Nc3c(C(=O)Nc4ccc5c(c4)CNC5)cc(F)cc3C2C2CNC2)S1,Z3654a,openbind_xx01zvns2b_c1_scaffolds,Z3647a,Z3867a,,,,,,,,,,,,,,,,,,,,,,,,,,,,,,,,,,,,,,,,,,,,,,,,,,,,,,,,,,,
CC1NCc2cc(NC(=O)c3cc(Cl)c4ncn(C(=O)OCc5ccccc5)c4c3)ccc21,Z3654a,openbind_xx01zvns2b_c1_scaffolds,Z3826a,Z3867a,,,,,,,,,,,,,,,,,,,,,,,,,,,,,,,,,,,,,,,,,,,,,,,,,,,,,,,,,,,
Cc1cc2c(c(N)c1NC(C(=O)NCC(F)F)c1cc(Cl)cc(C)c1OCC(=O)O)CNC2,Z3654a,openbind_xx01zvns2b_c1_scaffolds,Z3867a,Z4072a,,,,,,,,,,,,,,,,,,,,,,,,,,,,,,,,,,,,,,,,,,,,,,,,,,,,,,,,,,,
Cc1cc2c(cc1NC(C(=O)NCC(F)F)c1cc(Cl)cc(C(=O)NC(C)(C)CO)c1OCC(=O)O)CNC2,Z3654a,openbind_xx01zvns2b_c1_scaffolds,Z3867a,Z4168a,,,,,,,,,,,,,,,,,,,,,,,,,,,,,,,,,,,,,,,,,,,,,,,,,,,,,,,,,,,
NN1Cc2ccc(NC(C(=O)NCC(F)F)c3cc(Cl)cc(NC(=O)OCc4ccccc4)c3OCC(=O)O)cc2C1,Z3654a,openbind_xx01zvns2b_c1_scaffolds,Z3867a,Z4204a,Z4206a,,,,,,,,,,,,,,,,,,,,,,,,,,,,,,,,,,,,,,,,,,,,,,,,,,,,,,,,,,
CC(C)c1nc2c(Cl)cc(C(Nc3ccc4c(c3)C(N)NC4)C(=O)NCC(F)F)c(OCC(=O)O)c2[nH]1,Z3654a,openbind_xx01zvns2b_c1_scaffolds,Z3867a,Z4429a,,,,,,,,,,,,,,,,,,,,,,,,,,,,,,,,,,,,,,,,,,,,,,,,,,,,,,,,,,,
NCc1cc(Cl)cc(C(NC2CC3=C(CNC3)C3(C2)NNNN3)C(=O)NCC(F)F)c1OCC(=O)O,Z3654a,openbind_xx01zvns2b_c1_scaffolds,Z3867a,Z4469a,,,,,,,,,,,,,,,,,,,,,,,,,,,,,,,,,,,,,,,,,,,,,,,,,,,,,,,,,,,
NCC1CCCC2=C3C(Cl)SC4CC(C(=O)NC5CC6=C(CNC6)CC56CCCC6=O)CC(CNC21)C34,Z3654a,openbind_xx01zvns2b_c1_scaffolds,Z3867a,Z4469a,,,,,,,,,,,,,,,,,,,,,,,,,,,,,,,,,,,,,,,,,,,,,,,,,,,,,,,,,,,
CNCc1nc2c(C)cc(C(C(=O)NCC(F)F)C(=O)c3ccc4c(c3)C(N)NC4)cc2n1OCF,Z3654a,openbind_xx01zvns2b_c1_scaffolds,Z3867a,Z4905a,,,,,,,,,,,,,,,,,,,,,,,,,,,,,,,,,,,,,,,,,,,,,,,,,,,,,,,,,,,
CC(=O)NC1CCC2Cc3c(C(=O)Nc4ccc5c(n4)CNC5)cccc3C2(N)C1,Z3654a,openbind_xx01zvns2b_c1_scaffolds,Z3867a,Z4996a,,,,,,,,,,,,,,,,,,,,,,,,,,,,,,,,,,,,,,,,,,,,,,,,,,,,,,,,,,,
O=C(O)COc1c(C(Nc2ccc3c(c2)CNC3)C(=O)NCC(F)F)cc(Cl)c2[nH]cc(C3CCNCC3)c12,Z3654a,openbind_xx01zvns2b_c1_scaffolds,Z3867a,Z5067a,,,,,,,,,,,,,,,,,,,,,,,,,,,,,,,,,,,,,,,,,,,,,,,,,,,,,,,,,,,
CC(C)c1nnc(C2NCC3=C(N2)C(C(Nc2ccc4c(c2)CNC4)C(=O)NCC(F)F)CC(Cl)C3)s1,Z3654a,openbind_xx01zvns2b_c1_scaffolds,Z3867a,Z5197a,,,,,,,,,,,,,,,,,,,,,,,,,,,,,,,,,,,,,,,,,,,,,,,,,,,,,,,,,,,
CCc1c(C(O)(Nc2ccc3c(c2)CNC3)C(=O)NCC(F)F)cc(Br)c2c1=NC(=O)N=2,Z3654a,openbind_xx01zvns2b_c1_scaffolds,Z3867a,Z5302a,,,,,,,,,,,,,,,,,,,,,,,,,,,,,,,,,,,,,,,,,,,,,,,,,,,,,,,,,,,
O=C(Nc1ccc2c(c1)CNC2)c1cc(F)cc2c1c[n+]([O-])n2C1CNC1,Z3654a,openbind_xx01zvns2b_c1_scaffolds,Z0101a,Z0904a,Z3880a,,,,,,,,,,,,,,,,,,,,,,,,,,,,,,,,,,,,,,,,,,,,,,,,,,,,,,,,,,
CN(C)C(=O)CN1C(=O)Cc2c(C(=O)Oc3ccc4c(c3)CNC4)cccc21,Z3654a,openbind_xx01zvns2b_c1_scaffolds,Z0455a,Z3880a,,,,,,,,,,,,,,,,,,,,,,,,,,,,,,,,,,,,,,,,,,,,,,,,,,,,,,,,,,,
O=C(O)COc1c(C(Nc2ccc3c(c2)CNC3)C(=O)NCC(F)F)cc(Cl)c2scnc12,Z3654a,openbind_xx01zvns2b_c1_scaffolds,Z0589a,Z3880a,,,,,,,,,,,,,,,,,,,,,,,,,,,,,,,,,,,,,,,,,,,,,,,,,,,,,,,,,,,
Cc1cc(NC(=O)c2cc(F)cc3c2cnn3C2CNC2)cc2c1CNC2,Z3654a,openbind_xx01zvns2b_c1_scaffolds,Z0819a,Z3880a,,,,,,,,,,,,,,,,,,,,,,,,,,,,,,,,,,,,,,,,,,,,,,,,,,,,,,,,,,,
O=C(NC1NCC2(CCNC2)CN1)c1cc(F)cc2c(C3CNC3)n(CC3CCNCC3)cc12,Z3654a,openbind_xx01zvns2b_c1_scaffolds,Z1667a,Z3880a,,,,,,,,,,,,,,,,,,,,,,,,,,,,,,,,,,,,,,,,,,,,,,,,,,,,,,,,,,,
O=C(O)COC1C(C(Nc2cc3c(cc2F)CNC3)C(=O)NCC(F)F)CC(Cl)CC12CNN(C1CNC1)C2,Z3654a,openbind_xx01zvns2b_c1_scaffolds,Z1667a,Z3880a,,,,,,,,,,,,,,,,,,,,,,,,,,,,,,,,,,,,,,,,,,,,,,,,,,,,,,,,,,,
Cc1c2cc(Cl)cc(C(Nc3ccc4c(c3)CNC4)C(C)C(=O)N(F)F)c2cn1O,Z3654a,openbind_xx01zvns2b_c1_scaffolds,Z1752a,Z3880a,,,,,,,,,,,,,,,,,,,,,,,,,,,,,,,,,,,,,,,,,,,,,,,,,,,,,,,,,,,
O=C(Nc1ccc(C2CCOC2)cc1F)c1cc(Cl)cc2c1cnn2C1CC2(CCOCC2)C1,Z3654a,openbind_xx01zvns2b_c1_scaffolds,Z2126a,Z3880a,,,,,,,,,,,,,,,,,,,,,,,,,,,,,,,,,,,,,,,,,,,,,,,,,,,,,,,,,,,
CC(=O)Nc1cc(CNN)c(C(O)(Nc2ccc3c(c2)CN(C)C3)C(=O)NC(C)C)cc1Cl,Z3654a,openbind_xx01zvns2b_c1_scaffolds,Z3432a,Z3880a,,,,,,,,,,,,,,,,,,,,,,,,,,,,,,,,,,,,,,,,,,,,,,,,,,,,,,,,,,,
NCC1CCC2(CC1)Nc1c(Cl)cc(C(=O)Nc3ccc4c(c3)CNC4)cc1C2CC1CCNCC1,Z3654a,openbind_xx01zvns2b_c1_scaffolds,Z3546a,Z3880a,,,,,,,,,,,,,,,,,,,,,,,,,,,,,,,,,,,,,,,,,,,,,,,,,,,,,,,,,,,
COc1ccc(C2N(C3CNC3)c3cc(F)cc(C(=O)Nc4ccc5c(c4)CNC5)c3C2(C)OC(C)C)nn1,Z3654a,openbind_xx01zvns2b_c1_scaffolds,Z3556a,Z3880a,,,,,,,,,,,,,,,,,,,,,,,,,,,,,,,,,,,,,,,,,,,,,,,,,,,,,,,,,,,
O=C1Cc2c(cccc2C(=O)Nc2cc3c(cc2NCc2ccc(O)c(CNc4nc5ccccc5[nH]4)c2)C(=O)NC3)N1,Z3654a,openbind_xx01zvns2b_c1_scaffolds,Z3689a,Z3880a,,,,,,,,,,,,,,,,,,,,,,,,,,,,,,,,,,,,,,,,,,,,,,,,,,,,,,,,,,,
N#Cc1cc2c(cc1NC(=O)c1cc(F)cc3c1CC(=O)N3)CNC2=O,Z3654a,openbind_xx01zvns2b_c1_scaffolds,Z3880a,Z4966a,Z5003a,Z5011a,,,,,,,,,,,,,,,,,,,,,,,,,,,,,,,,,,,,,,,,,,,,,,,,,,,,,,,,,
NN=C1Cc2c(cc(Cl)cc2C(=O)Nc2ccc3c(c2)CNC3=O)N1,Z3654a,openbind_xx01zvns2b_c1_scaffolds,Z0089a,Z3898a,,,,,,,,,,,,,,,,,,,,,,,,,,,,,,,,,,,,,,,,,,,,,,,,,,,,,,,,,,,
CNCC1Cc2c(cc(F)cc2C(=O)Nc2ccc3c(c2)CNC3=O)N1,Z3654a,openbind_xx01zvns2b_c1_scaffolds,Z0455a,Z3898a,,,,,,,,,,,,,,,,,,,,,,,,,,,,,,,,,,,,,,,,,,,,,,,,,,,,,,,,,,,
CCc1cc2c(c(C(=O)Oc3ccc4c(c3)CNC4)c1)CC(=O)N2,Z3654a,openbind_xx01zvns2b_c1_scaffolds,Z3452a,Z3898a,,,,,,,,,,,,,,,,,,,,,,,,,,,,,,,,,,,,,,,,,,,,,,,,,,,,,,,,,,,
Cc1cc2c(c(C(=O)Oc3ccc4c(c3)CNC4)c1)C(CC(=O)O)C(=O)N2,Z3654a,openbind_xx01zvns2b_c1_scaffolds,Z3486a,Z3898a,,,,,,,,,,,,,,,,,,,,,,,,,,,,,,,,,,,,,,,,,,,,,,,,,,,,,,,,,,,
CC(C)C1NCC1n1ncc2c(C(=O)Nc3cc(C(N)=O)cc4c3OC(C)(C)C4)cc(Cl)cc21,Z3654a,openbind_xx01zvns2b_c1_scaffolds,Z3646a,Z3898a,,,,,,,,,,,,,,,,,,,,,,,,,,,,,,,,,,,,,,,,,,,,,,,,,,,,,,,,,,,
CNCN1C(=O)Cc2c(C(=O)Nc3cc(C)c(C)c(CN)c3)cc(Cl)cc21,Z3654a,openbind_xx01zvns2b_c1_scaffolds,Z3898a,Z3956a,,,,,,,,,,,,,,,,,,,,,,,,,,,,,,,,,,,,,,,,,,,,,,,,,,,,,,,,,,,
O=C(Oc1ccc2c(c1)CNC2)c1cc(Cl)cc2c1CC(N=COCc1ccccc1)N2,Z3654a,openbind_xx01zvns2b_c1_scaffolds,Z3898a,Z4019a,,,,,,,,,,,,,,,,,,,,,,,,,,,,,,,,,,,,,,,,,,,,,,,,,,,,,,,,,,,
O=C(Oc1ccc2c(c1)CNC2)c1cccc2c1Cc1cccn1-2,Z3654a,openbind_xx01zvns2b_c1_scaffolds,Z3898a,Z4983a,Z5067a,,,,,,,,,,,,,,,,,,,,,,,,,,,,,,,,,,,,,,,,,,,,,,,,,,,,,,,,,,
O=C(NC1CCC2CNCC2C1)c1cc(Cl)cc2c1cc(C1CCNCC1)n2C1CNC1,Z3654a,openbind_xx01zvns2b_c1_scaffolds,Z0844a,Z1390a,Z3936a,,,,,,,,,,,,,,,,,,,,,,,,,,,,,,,,,,,,,,,,,,,,,,,,,,,,,,,,,,
CNCN1C(=O)Cc2c(C(=O)Oc3ccc4c(c3)CNC4)cc(Br)cc21,Z3654a,openbind_xx01zvns2b_c1_scaffolds,Z1682a,Z3936a,,,,,,,,,,,,,,,,,,,,,,,,,,,,,,,,,,,,,,,,,,,,,,,,,,,,,,,,,,,
CNCN1C(=O)Cc2c(C(=O)Oc3ccc4c(c3)CNC4)cc(F)cc21,Z3654a,openbind_xx01zvns2b_c1_scaffolds,Z0435a,Z1317a,Z1451a,Z1596a,Z1731a,Z3936a,,,,,,,,,,,,,,,,,,,,,,,,,,,,,,,,,,,,,,,,,,,,,,,,,,,,,,,
O=C(Oc1ccc2c(c1)CNC2)c1cc(Cl)cc2c1CC1(CCNCC1)N2,Z3654a,openbind_xx01zvns2b_c1_scaffolds,Z0553a,Z0693a,Z1237a,Z1597a,Z3936a,,,,,,,,,,,,,,,,,,,,,,,,,,,,,,,,,,,,,,,,,,,,,,,,,,,,,,,,
O=C(O)COC(NC(=O)NCC(F)F)(c1ccc2c(c1)CNC2)c1cc(Cl)cc2c1cnn2C1CNC1,Z3654a,openbind_xx01zvns2b_c1_scaffolds,Z0601a,Z0673a,Z0884a,Z0945a,Z0990a,Z1470a,Z1495a,Z1729a,Z1761a,Z3936a,,,,,,,,,,,,,,,,,,,,,,,,,,,,,,,,,,,,,,,,,,,,,,,,,,,
CC(C)NC(=O)C(O)(Oc1ccc2c(c1)CNC2)c1cc(Cl)cc2c1CC(O)(F)N2F,Z3654a,openbind_xx01zvns2b_c1_scaffolds,Z0772a,Z3936a,,,,,,,,,,,,,,,,,,,,,,,,,,,,,,,,,,,,,,,,,,,,,,,,,,,,,,,,,,,
O=C(Oc1ccc2c(c1)CNC2)c1cc(Cl)cc2c1CC(=NC1CNC1)N2,Z3654a,openbind_xx01zvns2b_c1_scaffolds,Z0800a,Z1265a,Z3936a,,,,,,,,,,,,,,,,,,,,,,,,,,,,,,,,,,,,,,,,,,,,,,,,,,,,,,,,,,
CNCN1C(=O)Cc2c(C(=O)Oc3ccc4c(c3)CN(C)C4C)cc(Cl)cc21,Z3654a,openbind_xx01zvns2b_c1_scaffolds,Z0852a,Z3936a,,,,,,,,,,,,,,,,,,,,,,,,,,,,,,,,,,,,,,,,,,,,,,,,,,,,,,,,,,,
CNCN1C(=O)Cc2c(C(=O)Oc3cc4c(c5c3OC(C)(C)C5)CNC4)cc(Cl)cc21,Z3654a,openbind_xx01zvns2b_c1_scaffolds,Z0875a,Z3936a,,,,,,,,,,,,,,,,,,,,,,,,,,,,,,,,,,,,,,,,,,,,,,,,,,,,,,,,,,,
CN1CCC(C2CC(NC(=O)c3cc(Cl)cc4c3CC3(CCNC3)N4C3CNC3)CC3CNCC32)CC1,Z3654a,openbind_xx01zvns2b_c1_scaffolds,Z0917a,Z3936a,,,,,,,,,,,,,,,,,,,,,,,,,,,,,,,,,,,,,,,,,,,,,,,,,,,,,,,,,,,
CNCN1C(=O)Cc2c(C(=O)Oc3cc(F)c4c(c3)CNC43CCCC3)cc(Cl)cc21,Z3654a,openbind_xx01zvns2b_c1_scaffolds,Z0969a,Z3936a,,,,,,,,,,,,,,,,,,,,,,,,,,,,,,,,,,,,,,,,,,,,,,,,,,,,,,,,,,,
N#Cc1c[nH]c2c(C(O)(Nc3ccc4c(c3)CNC4)C(=O)NCC(F)F)cc(Cl)cc12,Z3654a,openbind_xx01zvns2b_c1_scaffolds,Z1333a,Z3936a,,,,,,,,,,,,,,,,,,,,,,,,,,,,,,,,,,,,,,,,,,,,,,,,,,,,,,,,,,,
NCC1CCC2(CC1)Cc1c(Cl)cc(C(=O)Nc3ccc4c(c3)CNC4)cc1N2C1CCNCC1,Z3654a,openbind_xx01zvns2b_c1_scaffolds,Z1398a,Z3936a,,,,,,,,,,,,,,,,,,,,,,,,,,,,,,,,,,,,,,,,,,,,,,,,,,,,,,,,,,,
CC1NCc2ccc(NC(=O)c3cc(Cl)cc4c(C5CCN(C)CC5)n[nH]c34)cc21,Z3654a,openbind_xx01zvns2b_c1_scaffolds,Z1727a,Z3936a,,,,,,,,,,,,,,,,,,,,,,,,,,,,,,,,,,,,,,,,,,,,,,,,,,,,,,,,,,,
NCc1ccc(C(N=O)Oc2ccc3c(c2)CNC3)c2c1NC(=O)C2,Z3654a,openbind_xx01zvns2b_c1_scaffolds,Z1728a,Z3936a,,,,,,,,,,,,,,,,,,,,,,,,,,,,,,,,,,,,,,,,,,,,,,,,,,,,,,,,,,,
NN1C(=O)Cc2c(C(=O)Oc3ccc4c(c3)CNC4)cc(Br)cc21,Z3654a,openbind_xx01zvns2b_c1_scaffolds,Z1743a,Z3936a,,,,,,,,,,,,,,,,,,,,,,,,,,,,,,,,,,,,,,,,,,,,,,,,,,,,,,,,,,,
CC(C)NC(=O)N(C(=O)c1cccc2c1CC(=O)N2)C1CCCC2(CNCC2CN)C1,Z3654a,openbind_xx01zvns2b_c1_scaffolds,Z1745a,Z3936a,,,,,,,,,,,,,,,,,,,,,,,,,,,,,,,,,,,,,,,,,,,,,,,,,,,,,,,,,,,
CN1CC(c2c[nH]c3c(Cl)cc(C(=O)Nc4ccc5c(c4)CNC5CC(=O)O)cc23)C1,Z3654a,openbind_xx01zvns2b_c1_scaffolds,Z1753a,Z3936a,,,,,,,,,,,,,,,,,,,,,,,,,,,,,,,,,,,,,,,,,,,,,,,,,,,,,,,,,,,
CN1CC(C2CNC3(C2)c2nc[nH]c2C(C(O)(Nc2ccc4c(c2)CNC4)C(=O)NCC(F)F)CC3Br)C1,Z3654a,openbind_xx01zvns2b_c1_scaffolds,Z1838a,Z3936a,,,,,,,,,,,,,,,,,,,,,,,,,,,,,,,,,,,,,,,,,,,,,,,,,,,,,,,,,,,
CC1CC(CO)C2C(Br)CC(C(Nc3ccc4c(c3)CNC4)C(=O)NCC(F)F)C2C1Cc1ccccn1,Z3654a,openbind_xx01zvns2b_c1_scaffolds,Z2057a,Z3936a,,,,,,,,,,,,,,,,,,,,,,,,,,,,,,,,,,,,,,,,,,,,,,,,,,,,,,,,,,,
CN=C1Cc2c(cc(N)cc2C(=O)Nc2cnc3c(c2)CNC3)N1,Z3654a,openbind_xx01zvns2b_c1_scaffolds,Z2126a,Z3936a,,,,,,,,,,,,,,,,,,,,,,,,,,,,,,,,,,,,,,,,,,,,,,,,,,,,,,,,,,,
CS(=O)(=O)c1nc2c(cc1NC(=O)c1cccc3c1CC(=O)N3)CNC2,Z3654a,openbind_xx01zvns2b_c1_scaffolds,Z2992a,Z3936a,,,,,,,,,,,,,,,,,,,,,,,,,,,,,,,,,,,,,,,,,,,,,,,,,,,,,,,,,,,
O=C(Nc1cnc2c(c1)CNC2)c1cc(O)cc2c1CC(O)N2,Z3654a,openbind_xx01zvns2b_c1_scaffolds,Z3060a,Z3936a,,,,,,,,,,,,,,,,,,,,,,,,,,,,,,,,,,,,,,,,,,,,,,,,,,,,,,,,,,,
Nc1c(C(=O)Nc2ccc3c(c2)CNC3)ccc2c1c(C1CCNCC1)nn2Cl,Z3654a,openbind_xx01zvns2b_c1_scaffolds,Z3093a,Z3936a,,,,,,,,,,,,,,,,,,,,,,,,,,,,,,,,,,,,,,,,,,,,,,,,,,,,,,,,,,,
C=CN1C(=O)Cc2c(C(=O)Nc3cnc4c(c3)CNC4)cccc21,Z3654a,openbind_xx01zvns2b_c1_scaffolds,Z3264a,Z3936a,,,,,,,,,,,,,,,,,,,,,,,,,,,,,,,,,,,,,,,,,,,,,,,,,,,,,,,,,,,
Cc1cc2c(c(C(=O)Nc3cnc4c(c3)CNC4)c1)C(CC(=O)O)C(=O)N2,Z3654a,openbind_xx01zvns2b_c1_scaffolds,Z3452a,Z3936a,,,,,,,,,,,,,,,,,,,,,,,,,,,,,,,,,,,,,,,,,,,,,,,,,,,,,,,,,,,
O=C1Cc2c(cc(F)cc2C(=O)Nc2cnc3c(c2)CNC3)N1,Z3654a,openbind_xx01zvns2b_c1_scaffolds,Z3463a,Z3936a,,,,,,,,,,,,,,,,,,,,,,,,,,,,,,,,,,,,,,,,,,,,,,,,,,,,,,,,,,,
NCC1CCCC2(Cc3c(Cl)cc(C(=O)Nc4ccc5c(c4)CNC5)cc3N2C2CCNCC2)C1,Z3654a,openbind_xx01zvns2b_c1_scaffolds,Z3561a,Z3936a,,,,,,,,,,,,,,,,,,,,,,,,,,,,,,,,,,,,,,,,,,,,,,,,,,,,,,,,,,,
CNc1cc(COC)c(C)c(C(Nc2ccc3c(c2)CNC3)C(=O)NCC(F)F)c1,Z3654a,openbind_xx01zvns2b_c1_scaffolds,Z3647a,Z3936a,,,,,,,,,,,,,,,,,,,,,,,,,,,,,,,,,,,,,,,,,,,,,,,,,,,,,,,,,,,
Cc1nc2c(c(N)c1NC(=O)c1cccc3c1CC(=O)N3)CNC2,Z3654a,openbind_xx01zvns2b_c1_scaffolds,Z3696a,Z3936a,,,,,,,,,,,,,,,,,,,,,,,,,,,,,,,,,,,,,,,,,,,,,,,,,,,,,,,,,,,
Nc1cc2c(c(C(=O)Nc3cnc4c(c3)CNC4)c1)CC(=O)N2,Z3654a,openbind_xx01zvns2b_c1_scaffolds,Z3706a,Z3936a,,,,,,,,,,,,,,,,,,,,,,,,,,,,,,,,,,,,,,,,,,,,,,,,,,,,,,,,,,,
CNCC1(c2ccnc(NC(=O)c3cc4c5c(csc5c3)C(C)=C4)c2)CCOC1,Z3654a,openbind_xx01zvns2b_c1_scaffolds,Z3754a,Z3936a,,,,,,,,,,,,,,,,,,,,,,,,,,,,,,,,,,,,,,,,,,,,,,,,,,,,,,,,,,,
O=C(NCc1cccnc1)C(O)(Nc1ccc2c(c1)CNC2)C1CC(Cl)c2[nH]cc(C3CCNCC3)c2C12CNNC2,Z3654a,openbind_xx01zvns2b_c1_scaffolds,Z3769a,Z3790a,Z3799a,Z3936a,,,,,,,,,,,,,,,,,,,,,,,,,,,,,,,,,,,,,,,,,,,,,,,,,,,,,,,,,
Cc1cc2c(cc1C(=O)C(=O)c1cc(C=O)cc3c1nc(-c1ccccc1)n3OCNC(C)(C)CO)CNC2,Z3654a,openbind_xx01zvns2b_c1_scaffolds,Z3936a,Z3980a,Z4008a,Z4104a,,,,,,,,,,,,,,,,,,,,,,,,,,,,,,,,,,,,,,,,,,,,,,,,,,,,,,,,,
O=C(NCC(F)F)C(O)(Nc1ccc2c(c1)CNC2)c1cc(Cl)c2n[nH]c(CC3CCNCC3)c2c1OCc1ccccn1,Z3654a,openbind_xx01zvns2b_c1_scaffolds,Z3936a,Z4017a,Z4590a,Z5200a,,,,,,,,,,,,,,,,,,,,,,,,,,,,,,,,,,,,,,,,,,,,,,,,,,,,,,,,,
CNC(=O)C(O)(Nc1cnc2c(c1)CNC2)c1cc(Cl)cc2c1CC(=O)N2,Z3654a,openbind_xx01zvns2b_c1_scaffolds,Z3936a,Z4031a,,,,,,,,,,,,,,,,,,,,,,,,,,,,,,,,,,,,,,,,,,,,,,,,,,,,,,,,,,,
O=C(Nc1cnc2c(c1)CNC2)c1cc(Cl)cc2c1C1(CNCN1)C(=O)N2,Z3654a,openbind_xx01zvns2b_c1_scaffolds,Z3936a,Z4120a,,,,,,,,,,,,,,,,,,,,,,,,,,,,,,,,,,,,,,,,,,,,,,,,,,,,,,,,,,,
CC(C)NC(=O)C(Nc1ccc2c(c1)CNC2)c1ccc2sc(C(=O)NC(C)(C)CO)c(Cl)c2c1,Z3654a,openbind_xx01zvns2b_c1_scaffolds,Z3936a,Z4198a,,,,,,,,,,,,,,,,,,,,,,,,,,,,,,,,,,,,,,,,,,,,,,,,,,,,,,,,,,,
O=C1Cc2c(cc(F)cc2C(=O)NC2CC3=C(CNC3)C3(CCS(=O)(=O)CC3)C2)N1,Z3654a,openbind_xx01zvns2b_c1_scaffolds,Z3936a,Z4240a,,,,,,,,,,,,,,,,,,,,,,,,,,,,,,,,,,,,,,,,,,,,,,,,,,,,,,,,,,,
CCNc1nc2ccc(C(=O)Nc3ccc4c(c3)CNC4)cc2n1C#N,Z3654a,openbind_xx01zvns2b_c1_scaffolds,Z3936a,Z4469a,Z5067a,,,,,,,,,,,,,,,,,,,,,,,,,,,,,,,,,,,,,,,,,,,,,,,,,,,,,,,,,,
CNCn1cnc2c(C(C(=O)NCC(F)F)C(=O)c3ccc4c(c3)CNC4)cc(Br)cc21,Z3654a,openbind_xx01zvns2b_c1_scaffolds,Z3936a,Z4756a,Z4827a,,,,,,,,,,,,,,,,,,,,,,,,,,,,,,,,,,,,,,,,,,,,,,,,,,,,,,,,,,
CC1(C)Cc2c(CCN)ccc(NC(=O)c3cc(Cl)cc4c3c[n+]([O-])n4C3CNC3)c2O1,Z3654a,openbind_xx01zvns2b_c1_scaffolds,Z3936a,Z4816a,Z4838a,,,,,,,,,,,,,,,,,,,,,,,,,,,,,,,,,,,,,,,,,,,,,,,,,,,,,,,,,,
CCOC(C)(C)NC1(c2c[nH]c3c(F)cc(C(=O)Nc4ccc5c(c4)CNC5)cc23)CNC1,Z3654a,openbind_xx01zvns2b_c1_scaffolds,Z3936a,Z4859a,Z4905a,,,,,,,,,,,,,,,,,,,,,,,,,,,,,,,,,,,,,,,,,,,,,,,,,,,,,,,,,,
CCC1C(=O)Nc2cc(Br)cc(C(O)(Nc3cnc4c(c3)CNC4)C(=O)NCC(F)F)c21,Z3654a,openbind_xx01zvns2b_c1_scaffolds,Z3936a,Z4887a,,,,,,,,,,,,,,,,,,,,,,,,,,,,,,,,,,,,,,,,,,,,,,,,,,,,,,,,,,,
CC1NCc2ccc(C(=O)C(=O)c3cc(Cl)c4c(c3)C(C)(C3CCNCC3)N(O)N4)cc21,Z3654a,openbind_xx01zvns2b_c1_scaffolds,Z3936a,Z4959a,Z5010a,,,,,,,,,,,,,,,,,,,,,,,,,,,,,,,,,,,,,,,,,,,,,,,,,,,,,,,,,,
O=C(O)CC1NCc2cc(NC(=O)c3cc(Cl)cc4c3CC(=O)N4)cnc21,Z3654a,openbind_xx01zvns2b_c1_scaffolds,Z3936a,Z4983a,,,,,,,,,,,,,,,,,,,,,,,,,,,,,,,,,,,,,,,,,,,,,,,,,,,,,,,,,,,
CCC1NCc2cc(NC(=O)c3cc(F)cc4c3CC(=O)N4)cnc21,Z3654a,openbind_xx01zvns2b_c1_scaffolds,Z3936a,Z5136a,,,,,,,,,,,,,,,,,,,,,,,,,,,,,,,,,,,,,,,,,,,,,,,,,,,,,,,,,,,
CN=C1Cc2c(cccc2C(=O)Nc2ccc3c(n2)CNC3)N1,Z3654a,openbind_xx01zvns2b_c1_scaffolds,Z3936a,Z5197a,,,,,,,,,,,,,,,,,,,,,,,,,,,,,,,,,,,,,,,,,,,,,,,,,,,,,,,,,,,
CNCC1Cc2c(cc(F)cc2C(=O)Nc2cnc3c(c2)CNC3)N1,Z3654a,openbind_xx01zvns2b_c1_scaffolds,Z3936a,Z5211a,,,,,,,,,,,,,,,,,,,,,,,,,,,,,,,,,,,,,,,,,,,,,,,,,,,,,,,,,,,
O=C1Cc2c(C(=O)Nc3cnc4c(c3)CNC4)cccc2C1=O,Z3654a,openbind_xx01zvns2b_c1_scaffolds,Z3936a,Z5348a,,,,,,,,,,,,,,,,,,,,,,,,,,,,,,,,,,,,,,,,,,,,,,,,,,,,,,,,,,,
O=C(O)CC1NCc2cc(NC(=O)c3cc(Cl)c4n[nH]c(CC5CNC5)c4c3)ccc21,Z3654a,openbind_xx01zvns2b_c1_scaffolds,Z0490a,Z0182a,Z1342a,Z3941a,,,,,,,,,,,,,,,,,,,,,,,,,,,,,,,,,,,,,,,,,,,,,,,,,,,,,,,,,
CCNCN1CC(C(CC(C)F)C(=O)Nc2ccc3c(c2)CNC3)C(C)(OC)C1=O,Z3654a,openbind_xx01zvns2b_c1_scaffolds,Z1682a,Z3941a,,,,,,,,,,,,,,,,,,,,,,,,,,,,,,,,,,,,,,,,,,,,,,,,,,,,,,,,,,,
CNCN1C(=O)Cc2c(C(=O)Nc3cnc4c(c3)CNC4)cc(F)cc21,Z3654a,openbind_xx01zvns2b_c1_scaffolds,Z0051a,Z1046a,Z1274a,Z1317a,Z1597a,Z3941a,,,,,,,,,,,,,,,,,,,,,,,,,,,,,,,,,,,,,,,,,,,,,,,,,,,,,,,
CNCC1Cc2c(cc(Br)cc2C(=O)Nc2cnc3c(c2)CNC3)N1,Z3654a,openbind_xx01zvns2b_c1_scaffolds,Z0455a,Z3941a,,,,,,,,,,,,,,,,,,,,,,,,,,,,,,,,,,,,,,,,,,,,,,,,,,,,,,,,,,,
O=C(Nc1cnc2c(c1)CNC2)c1cc(Cl)cc2c1CC(=NC1CNC1)N2,Z3654a,openbind_xx01zvns2b_c1_scaffolds,Z0605a,Z0945a,Z3941a,,,,,,,,,,,,,,,,,,,,,,,,,,,,,,,,,,,,,,,,,,,,,,,,,,,,,,,,,,
CNCN1C(=O)Cc2c(C(=O)Nc3cnc4c(c3)CN(C)C4C)cc(Cl)cc21,Z3654a,openbind_xx01zvns2b_c1_scaffolds,Z0709a,Z3941a,,,,,,,,,,,,,,,,,,,,,,,,,,,,,,,,,,,,,,,,,,,,,,,,,,,,,,,,,,,
O=C1Cc2c(C(=O)Nc3ccc4c(c3)CNCC4)cccc2C1=O,Z3654a,openbind_xx01zvns2b_c1_scaffolds,Z0772a,Z3941a,,,,,,,,,,,,,,,,,,,,,,,,,,,,,,,,,,,,,,,,,,,,,,,,,,,,,,,,,,,
CCC12CC3=CC(CC(CC(F)F)N1C(=O)C(c1cc(Br)cc4ccccc14)N2)NC3,Z3654a,openbind_xx01zvns2b_c1_scaffolds,Z0800a,Z3941a,,,,,,,,,,,,,,,,,,,,,,,,,,,,,,,,,,,,,,,,,,,,,,,,,,,,,,,,,,,
CC(=O)NC[N+]([O-])(C(=O)c1cccc2c1c(C)nn2C1CNC1)c1ccc2c(c1)CNC2,Z3654a,openbind_xx01zvns2b_c1_scaffolds,Z0951a,Z0969b,Z1398a,Z3941a,,,,,,,,,,,,,,,,,,,,,,,,,,,,,,,,,,,,,,,,,,,,,,,,,,,,,,,,,
CN=C1Cc2c(cc(Cl)cc2C(=O)Nc2cnc3c(c2)CNC3)N1,Z3654a,openbind_xx01zvns2b_c1_scaffolds,Z1046b,Z3941a,,,,,,,,,,,,,,,,,,,,,,,,,,,,,,,,,,,,,,,,,,,,,,,,,,,,,,,,,,,
COc1c(NC2CCC3(CCNCC3)CC2)c(O)c2cc(Cl)cc3c2c1N=C3C1CNC1,Z3654a,openbind_xx01zvns2b_c1_scaffolds,Z1406a,Z3941a,,,,,,,,,,,,,,,,,,,,,,,,,,,,,,,,,,,,,,,,,,,,,,,,,,,,,,,,,,,
Cc1cc2c(C(=O)C(=O)C3CCNCC3)cc(Cl)cc2n1C1CNC1,Z3654a,openbind_xx01zvns2b_c1_scaffolds,Z1413a,Z3941a,,,,,,,,,,,,,,,,,,,,,,,,,,,,,,,,,,,,,,,,,,,,,,,,,,,,,,,,,,,
CC1(S(C)(=O)=O)N=C(N)C2C3CC(Cl)CC(C(=O)NC4CCC5CNCC5C4)C3NC21,Z3654a,openbind_xx01zvns2b_c1_scaffolds,Z1596a,Z3941a,,,,,,,,,,,,,,,,,,,,,,,,,,,,,,,,,,,,,,,,,,,,,,,,,,,,,,,,,,,
Cc1cnc2c(C(O)(Nc3ccc4c(c3)CNC4)C(=O)NCC(F)F)cc(Cl)cc2c1,Z3654a,openbind_xx01zvns2b_c1_scaffolds,Z1674a,Z3941a,,,,,,,,,,,,,,,,,,,,,,,,,,,,,,,,,,,,,,,,,,,,,,,,,,,,,,,,,,,
CC1CCNCC12C(=O)Cc1c(C(=O)Nc3cnc4c(c3)CNC4)cc(Cl)cc12,Z3654a,openbind_xx01zvns2b_c1_scaffolds,Z1674a,Z3941a,,,,,,,,,,,,,,,,,,,,,,,,,,,,,,,,,,,,,,,,,,,,,,,,,,,,,,,,,,,
O=C(Nc1cnc2c(c1)CNC2)c1cc(Cl)cc2c1CC(=O)N2NC1CNC1,Z3654a,openbind_xx01zvns2b_c1_scaffolds,Z1688a,Z3941a,,,,,,,,,,,,,,,,,,,,,,,,,,,,,,,,,,,,,,,,,,,,,,,,,,,,,,,,,,,
CC1(C)Cc2cc(N)cc(NC(=O)c3cc(Cl)cc4c3cnn4C3CNC3)c2O1,Z3654a,openbind_xx01zvns2b_c1_scaffolds,Z1713a,Z3941a,,,,,,,,,,,,,,,,,,,,,,,,,,,,,,,,,,,,,,,,,,,,,,,,,,,,,,,,,,,
CC(NCCN=C1Cc2c(cccc2C(=O)Nc2cccc(CCN)c2)N1)c1cn(-c2ccccc2)nn1,Z3654a,openbind_xx01zvns2b_c1_scaffolds,Z3858a,Z3941a,,,,,,,,,,,,,,,,,,,,,,,,,,,,,,,,,,,,,,,,,,,,,,,,,,,,,,,,,,,
CCc1c(C(O)(Nc2cnc3c(c2)CNC3)C(=O)NCC(F)F)cc(Br)c2c1CC(=O)N2,Z3654a,openbind_xx01zvns2b_c1_scaffolds,Z3941a,Z4756a,,,,,,,,,,,,,,,,,,,,,,,,,,,,,,,,,,,,,,,,,,,,,,,,,,,,,,,,,,,
O=C(Nc1cnc2c(c1)CNC2)c1cc(F)c2c3c(n(C4CNC4)cc13)C(=O)N2,Z3654a,openbind_xx01zvns2b_c1_scaffolds,Z3941a,Z5067a,,,,,,,,,,,,,,,,,,,,,,,,,,,,,,,,,,,,,,,,,,,,,,,,,,,,,,,,,,,
NCNC1=Nc2cc(C(=O)Nc3ccc4c(c3)CNC4)cc3scc1c23,Z3654a,openbind_xx01zvns2b_c1_scaffolds,Z0727a,Z3956a,,,,,,,,,,,,,,,,,,,,,,,,,,,,,,,,,,,,,,,,,,,,,,,,,,,,,,,,,,,
CN1CCC(C2CC(NC(O)(C(=O)NCC(F)F)c3cc(Cl)cc4c3cnn4C3CNC3)CC3CNCC32)CC1,Z3654a,openbind_xx01zvns2b_c1_scaffolds,Z3685a,Z3689a,Z3696a,Z3706a,Z3733a,Z3956a,,,,,,,,,,,,,,,,,,,,,,,,,,,,,,,,,,,,,,,,,,,,,,,,,,,,,,,
NCC1=c2cc(Cl)cc(C(=O)Nc3ccc4c(c3)CNC4)c2=NC1=O,Z3654a,openbind_xx01zvns2b_c1_scaffolds,Z3956a,Z4008a,Z4047a,Z4132a,Z4886a,Z4590a,Z4963a,Z4966a,,,,,,,,,,,,,,,,,,,,,,,,,,,,,,,,,,,,,,,,,,,,,,,,,,,,,
CNCn1ncc2c(C(=O)Nc3cc4c(c5cc(C)oc35)CNC4)cc(F)cc21,Z3654a,openbind_xx01zvns2b_c1_scaffolds,Z3956a,Z4019a,,,,,,,,,,,,,,,,,,,,,,,,,,,,,,,,,,,,,,,,,,,,,,,,,,,,,,,,,,,
CC(C)OC1(C)C(=O)C(CN)c2cc(Cl)cc(C(=O)Nc3ccc4c(c3)CNC4)c21,Z3654a,openbind_xx01zvns2b_c1_scaffolds,Z3956a,Z4887a,,,,,,,,,,,,,,,,,,,,,,,,,,,,,,,,,,,,,,,,,,,,,,,,,,,,,,,,,,,
O=C(Nc1ccc2c(c1)CNC2)C1CC(Cl)C2NC(O)C3CNC1C32,Z3654a,openbind_xx01zvns2b_c1_scaffolds,Z0182a,Z3970a,,,,,,,,,,,,,,,,,,,,,,,,,,,,,,,,,,,,,,,,,,,,,,,,,,,,,,,,,,,
O=C(Nc1ccc2c(c1)CNC2)c1ccc2c(c1)C1(CCCC1)CS2,Z3654a,openbind_xx01zvns2b_c1_scaffolds,Z1688a,Z3970a,Z4204a,,,,,,,,,,,,,,,,,,,,,,,,,,,,,,,,,,,,,,,,,,,,,,,,,,,,,,,,,,
CC(CC(Br)c1cc(C=O)[nH]n1)C(C(=O)NCC(F)F)C(=O)c1ccc2c(c1)CNC2,Z3654a,openbind_xx01zvns2b_c1_scaffolds,Z1743a,Z3970a,,,,,,,,,,,,,,,,,,,,,,,,,,,,,,,,,,,,,,,,,,,,,,,,,,,,,,,,,,,
Cc1sc2ccc(C(=O)Nc3ccc4c(c3)CNC4)cc2c1N,Z3654a,openbind_xx01zvns2b_c1_scaffolds,Z1837a,Z3970a,,,,,,,,,,,,,,,,,,,,,,,,,,,,,,,,,,,,,,,,,,,,,,,,,,,,,,,,,,,
CC1C2=C(SC(O)N2)C(=O)CC1C(=O)Nc1ccc2c(c1)CNC2,Z3654a,openbind_xx01zvns2b_c1_scaffolds,Z1838a,Z3970a,,,,,,,,,,,,,,,,,,,,,,,,,,,,,,,,,,,,,,,,,,,,,,,,,,,,,,,,,,,
N#Cc1csc2ccc(C(=O)Nc3ccc4c(c3)CNC4)cc12,Z3654a,openbind_xx01zvns2b_c1_scaffolds,Z2057a,Z3970a,,,,,,,,,,,,,,,,,,,,,,,,,,,,,,,,,,,,,,,,,,,,,,,,,,,,,,,,,,,
CNc1csc2ccc(C(=O)Nc3ccc4c(c3)CNC4)cc12,Z3654a,openbind_xx01zvns2b_c1_scaffolds,Z2126a,Z3970a,,,,,,,,,,,,,,,,,,,,,,,,,,,,,,,,,,,,,,,,,,,,,,,,,,,,,,,,,,,
CN1Cc2cc(NC(=O)c3cc(Cl)c4sc(NC(C)(C)CO)c(O)c4c3)cc(O)c2C1,Z3654a,openbind_xx01zvns2b_c1_scaffolds,Z3480a,Z3970a,,,,,,,,,,,,,,,,,,,,,,,,,,,,,,,,,,,,,,,,,,,,,,,,,,,,,,,,,,,
Cc1nn(C2CNC2)c2cc(Cl)cc(C(=O)[N+](C)([O-])C3CCC4(CCNC4)CN3)c12,Z3654a,openbind_xx01zvns2b_c1_scaffolds,Z3743a,Z3970a,,,,,,,,,,,,,,,,,,,,,,,,,,,,,,,,,,,,,,,,,,,,,,,,,,,,,,,,,,,
CC(=O)c1csc2ccc(C(=O)Nc3ccc4c(c3)CNC4)cc12,Z3654a,openbind_xx01zvns2b_c1_scaffolds,Z3837a,Z3970a,,,,,,,,,,,,,,,,,,,,,,,,,,,,,,,,,,,,,,,,,,,,,,,,,,,,,,,,,,,
CC(C)NC(=O)C(N)(C1CCC2(CCNC2)CN1)C1C(O)C2OCC(NNC3CNC3)N2C2=C(CCC2)C1C(C)F,Z3654a,openbind_xx01zvns2b_c1_scaffolds,Z3850a,Z3970a,Z4478a,,,,,,,,,,,,,,,,,,,,,,,,,,,,,,,,,,,,,,,,,,,,,,,,,,,,,,,,,,
CCC1NCc2cc(C(C(C)=O)C3NC(c4cc(F)cc5c4CNC54CCCCC4NCCl)=NC3=O)ccc21,Z3654a,openbind_xx01zvns2b_c1_scaffolds,Z3970a,Z4198a,,,,,,,,,,,,,,,,,,,,,,,,,,,,,,,,,,,,,,,,,,,,,,,,,,,,,,,,,,,
CNCc1csc2c(Br)cc(C(=O)Nc3ccc4c(c3)CNC4)cc12,Z3654a,openbind_xx01zvns2b_c1_scaffolds,Z3970a,Z5197a,,,,,,,,,,,,,,,,,,,,,,,,,,,,,,,,,,,,,,,,,,,,,,,,,,,,,,,,,,,
CCC1NCc2cc(NC(=O)C(CCNN)C3=CC4=CC(C#N)=CS4=C3)ccc21,Z3654a,openbind_xx01zvns2b_c1_scaffolds,Z3980a,Z4905a,,,,,,,,,,,,,,,,,,,,,,,,,,,,,,,,,,,,,,,,,,,,,,,,,,,,,,,,,,,
N#Cc1csc2cc(C(=O)Nc3ccc4c(c3)CNC4)c3n[nH]c(C4CCNCC4)c3c12,Z3654a,openbind_xx01zvns2b_c1_scaffolds,Z3980a,Z4931a,,,,,,,,,,,,,,,,,,,,,,,,,,,,,,,,,,,,,,,,,,,,,,,,,,,,,,,,,,,
N#CC12CSC3CC(C(=O)Nc4ccc5c(c4)CNC5)CC(C(CC4CNC4)C1)C32,Z3654a,openbind_xx01zvns2b_c1_scaffolds,Z0227a,Z4008a,,,,,,,,,,,,,,,,,,,,,,,,,,,,,,,,,,,,,,,,,,,,,,,,,,,,,,,,,,,
CCNC1CC2CC(C(=O)Nc3ccc4c(c3)CNC4)CC3SCC1(C#N)C23,Z3654a,openbind_xx01zvns2b_c1_scaffolds,Z0465a,Z4008a,,,,,,,,,,,,,,,,,,,,,,,,,,,,,,,,,,,,,,,,,,,,,,,,,,,,,,,,,,,
Nn1nc2c(C(=NC(F)F)Nc3ccc4c(c3)CNC4)cccc2c1C1CNC1,Z3654a,openbind_xx01zvns2b_c1_scaffolds,Z1237a,Z4008a,,,,,,,,,,,,,,,,,,,,,,,,,,,,,,,,,,,,,,,,,,,,,,,,,,,,,,,,,,,
CNCn1ncc2c(C(=O)Nc3cnc4c(c3)CN(C)C4C)cc(F)cc21,Z3654a,openbind_xx01zvns2b_c1_scaffolds,Z1719a,Z4008a,,,,,,,,,,,,,,,,,,,,,,,,,,,,,,,,,,,,,,,,,,,,,,,,,,,,,,,,,,,
O=C(NCC(F)F)C(O)(Nc1ccc2c(c1)CNC2)c1cc(Cl)cc2c1ncc1[nH]ccc12,Z3654a,openbind_xx01zvns2b_c1_scaffolds,Z1745a,Z4008a,,,,,,,,,,,,,,,,,,,,,,,,,,,,,,,,,,,,,,,,,,,,,,,,,,,,,,,,,,,
CC(=O)NCC(=O)C(Nc1ccc2c(c1)CNC2C)c1ccc(Cl)c2c(C3CNC3)n[nH]c12,Z3654a,openbind_xx01zvns2b_c1_scaffolds,Z3487a,Z4008a,,,,,,,,,,,,,,,,,,,,,,,,,,,,,,,,,,,,,,,,,,,,,,,,,,,,,,,,,,,
Cn1nc2c(C(=O)C(=O)c3ccc4c(c3)CNC4)cccc2c1C1(C)CNC1,Z3654a,openbind_xx01zvns2b_c1_scaffolds,Z3502a,Z3506a,Z4008a,,,,,,,,,,,,,,,,,,,,,,,,,,,,,,,,,,,,,,,,,,,,,,,,,,,,,,,,,,
Cn1nc2c(C(=O)C(=O)c3ccc4c(c3)CNC4)cccc2c1C1CNC1,Z3654a,openbind_xx01zvns2b_c1_scaffolds,Z3503a,Z3515a,Z4008a,,,,,,,,,,,,,,,,,,,,,,,,,,,,,,,,,,,,,,,,,,,,,,,,,,,,,,,,,,
O=C([O-])c1c(-c2cccc3c(C4CNC4)[nH]nc23)[nH]c2cc3c(cc12)CNC3,Z3654a,openbind_xx01zvns2b_c1_scaffolds,Z3519a,Z4008a,,,,,,,,,,,,,,,,,,,,,,,,,,,,,,,,,,,,,,,,,,,,,,,,,,,,,,,,,,,
O=C(Nc1ccc2c(c1)CNC2)c1ccc2c3c([nH]nc13)C1(CNC1)C(=O)N2,Z3654a,openbind_xx01zvns2b_c1_scaffolds,Z4008a,Z4031a,Z4838a,Z4858a,Z5122a,Z5171a,,,,,,,,,,,,,,,,,,,,,,,,,,,,,,,,,,,,,,,,,,,,,,,,,,,,,,,
O=C(Nc1ccc2c(c1)CNC2)c1cc(Cl)c2c(c1)C1C3CCNC3OC3CNCCC31N2,Z3654a,openbind_xx01zvns2b_c1_scaffolds,Z4008a,Z5082a,,,,,,,,,,,,,,,,,,,,,,,,,,,,,,,,,,,,,,,,,,,,,,,,,,,,,,,,,,,
CCCN1CC(c2n[nH]c3c(C(=O)Nc4ccc5c(c4)CNC5)cccc23)C1,Z3654a,openbind_xx01zvns2b_c1_scaffolds,Z0101a,Z4017a,,,,,,,,,,,,,,,,,,,,,,,,,,,,,,,,,,,,,,,,,,,,,,,,,,,,,,,,,,,
CC1(C)CC(c2[nH]nc3c(C(=O)Nc4ccc5c(c4)CNC5)cccc23)C1,Z3654a,openbind_xx01zvns2b_c1_scaffolds,Z0455a,Z4017a,,,,,,,,,,,,,,,,,,,,,,,,,,,,,,,,,,,,,,,,,,,,,,,,,,,,,,,,,,,
COCCOC1(C)C(=O)C2C(=O)Nc3c(F)cc(C(=O)Nc4ccc5c(c4)CNC5)c1c32,Z3654a,openbind_xx01zvns2b_c1_scaffolds,Z0559a,Z4017a,,,,,,,,,,,,,,,,,,,,,,,,,,,,,,,,,,,,,,,,,,,,,,,,,,,,,,,,,,,
O=C(Nc1ccc(C2CCOC2=O)cc1F)c1cc(Cl)cc2c1c[n+]([O-])n2C1CNC1,Z3654a,openbind_xx01zvns2b_c1_scaffolds,Z0875a,Z4017a,,,,,,,,,,,,,,,,,,,,,,,,,,,,,,,,,,,,,,,,,,,,,,,,,,,,,,,,,,,
CC1NCC1c1[nH]nc2c(C(=O)Nc3ccc4c(c3)CNC4)cc(Cl)cc12,Z3654a,openbind_xx01zvns2b_c1_scaffolds,Z0904a,Z4017a,,,,,,,,,,,,,,,,,,,,,,,,,,,,,,,,,,,,,,,,,,,,,,,,,,,,,,,,,,,
CC1(C)CC2=C(O1)C(NC(=O)c1cc(Cl)cc3c1cnn3C1CNC1)CCC21CCCC1,Z3654a,openbind_xx01zvns2b_c1_scaffolds,Z3394a,Z4017a,,,,,,,,,,,,,,,,,,,,,,,,,,,,,,,,,,,,,,,,,,,,,,,,,,,,,,,,,,,
NC(O)(Oc1ccc2c(c1)CNC2)c1ccc2c(c1)CC(=O)N2,Z3654a,openbind_xx01zvns2b_c1_scaffolds,Z1320a,Z4019a,,,,,,,,,,,,,,,,,,,,,,,,,,,,,,,,,,,,,,,,,,,,,,,,,,,,,,,,,,,
CN1Cc2ccc(NC(=O)c3cc(Cl)cc4c3CC35CCNCC3OC3NCCC3N45)cc2C1,Z3654a,openbind_xx01zvns2b_c1_scaffolds,Z1752a,Z1837a,Z4019a,,,,,,,,,,,,,,,,,,,,,,,,,,,,,,,,,,,,,,,,,,,,,,,,,,,,,,,,,,
CCC(NC)C1(Cc2cc(C(Cl)CC(C)C(=O)Nc3cc(C)c4c(c3)CNC4)n[nH]2)CNC1,Z3654a,openbind_xx01zvns2b_c1_scaffolds,Z3622a,Z4019a,,,,,,,,,,,,,,,,,,,,,,,,,,,,,,,,,,,,,,,,,,,,,,,,,,,,,,,,,,,
NC1C(=O)Nc2ccc(C(=O)Oc3ccc4c(c3)CNC4)cc21,Z3654a,openbind_xx01zvns2b_c1_scaffolds,Z3654a,Z4019a,,,,,,,,,,,,,,,,,,,,,,,,,,,,,,,,,,,,,,,,,,,,,,,,,,,,,,,,,,,
NCc1ccc2c3c(cc(C(=O)Nc4ccc5c(c4)CNC5)cc13)C=C2,Z3654a,openbind_xx01zvns2b_c1_scaffolds,Z3858a,Z4019a,,,,,,,,,,,,,,,,,,,,,,,,,,,,,,,,,,,,,,,,,,,,,,,,,,,,,,,,,,,
CNCC1(O)Cc2cc(C(=O)Oc3cc4c(cc3F)CNC4)cc(Cl)c2N1,Z3654a,openbind_xx01zvns2b_c1_scaffolds,Z4019a,Z5002a,Z5010a,,,,,,,,,,,,,,,,,,,,,,,,,,,,,,,,,,,,,,,,,,,,,,,,,,,,,,,,,,
O=C(Nc1cc2c(c(-c3ccncc3)c1)CNC2)c1cc(Cl)cc2c1[nH]c[n+]2[O-],Z3654a,openbind_xx01zvns2b_c1_scaffolds,Z3746a,Z4025a,,,,,,,,,,,,,,,,,,,,,,,,,,,,,,,,,,,,,,,,,,,,,,,,,,,,,,,,,,,
CC1CCc2c1c1cc(Br)cc(C(=O)N(C(=O)NCC(F)F)c3ccc4c(c3)CNC4)c1n2O,Z3654a,openbind_xx01zvns2b_c1_scaffolds,Z4025a,Z4120a,,,,,,,,,,,,,,,,,,,,,,,,,,,,,,,,,,,,,,,,,,,,,,,,,,,,,,,,,,,
O=C(Nc1ccc2c(c1)CNC2)c1cc2scnc2c2c(C3CCNCC3)n[nH]c12,Z3654a,openbind_xx01zvns2b_c1_scaffolds,Z3060a,Z4039a,,,,,,,,,,,,,,,,,,,,,,,,,,,,,,,,,,,,,,,,,,,,,,,,,,,,,,,,,,,
O=C(Nc1ccc2c(c1)CNC2)c1cc(F)c2c3c(n[nH]c13)C=N2,Z3654a,openbind_xx01zvns2b_c1_scaffolds,Z3264a,Z4039a,,,,,,,,,,,,,,,,,,,,,,,,,,,,,,,,,,,,,,,,,,,,,,,,,,,,,,,,,,,
CSc1cc(C(=O)Nc2ccc3c(c2)CNC3)c2c3c(c(CCN(C)CN)[nH]c13)N=N2,Z3654a,openbind_xx01zvns2b_c1_scaffolds,Z3691a,Z4039a,,,,,,,,,,,,,,,,,,,,,,,,,,,,,,,,,,,,,,,,,,,,,,,,,,,,,,,,,,,
CC1=Nc2c(C(=O)Nc3ccc4c(c3)CNC4)cc(Cl)c3c2c1c(O)n3N,Z3654a,openbind_xx01zvns2b_c1_scaffolds,Z4039a,Z5086a,,,,,,,,,,,,,,,,,,,,,,,,,,,,,,,,,,,,,,,,,,,,,,,,,,,,,,,,,,,
NCC(N)(O)c1c[nH]c2c(C(=O)Nc3ccc4c(c3)CNC4)cc(Cl)cc12,Z3654a,openbind_xx01zvns2b_c1_scaffolds,Z0844a,Z4047a,,,,,,,,,,,,,,,,,,,,,,,,,,,,,,,,,,,,,,,,,,,,,,,,,,,,,,,,,,,
O=C(Nc1cc2c3c(csc3c1)NC2)c1ccc2c(c1)C1(CCOC1)C(=O)N2,Z3654a,openbind_xx01zvns2b_c1_scaffolds,Z0553a,Z4047a,,,,,,,,,,,,,,,,,,,,,,,,,,,,,,,,,,,,,,,,,,,,,,,,,,,,,,,,,,,
CCNC(N)c1c[nH]c(C(CC(C)Cl)C(=O)Nc2ccc3c(c2)CNC3)c1,Z3654a,openbind_xx01zvns2b_c1_scaffolds,Z0701a,Z4047a,,,,,,,,,,,,,,,,,,,,,,,,,,,,,,,,,,,,,,,,,,,,,,,,,,,,,,,,,,,
CNC1NCc2c(O)cc(NC(=O)c3cc(Cl)cc4c(C(O)(O)NC(C)CO)c[nH]c34)cc21,Z3654a,openbind_xx01zvns2b_c1_scaffolds,Z0875a,Z4047a,,,,,,,,,,,,,,,,,,,,,,,,,,,,,,,,,,,,,,,,,,,,,,,,,,,,,,,,,,,
CCCC(CC)CNCC,Z3654a,openbind_xx01zvns2b_c1_scaffolds,Z3746a,Z4047a,,,,,,,,,,,,,,,,,,,,,,,,,,,,,,,,,,,,,,,,,,,,,,,,,,,,,,,,,,,
CNCC1(C)CNc2c(C(=O)Nc3cc(Br)c4c(c3)CNC4)cc(Cl)cc21,Z3654a,openbind_xx01zvns2b_c1_scaffolds,Z3941a,Z4047a,,,,,,,,,,,,,,,,,,,,,,,,,,,,,,,,,,,,,,,,,,,,,,,,,,,,,,,,,,,
CN(Cc1c[nH]c2c(C(=O)Nc3ccc4c(c3)CNC4)cc(Cl)cc12)C1CCOCC1,Z3654a,openbind_xx01zvns2b_c1_scaffolds,Z4047a,Z4072a,,,,,,,,,,,,,,,,,,,,,,,,,,,,,,,,,,,,,,,,,,,,,,,,,,,,,,,,,,,
O=C(NCC(F)F)C(O)(Nc1ccc2c(c1)CNC2)c1cc(F)c2[nH]cc(C3CNC3)c2c1,Z3654a,openbind_xx01zvns2b_c1_scaffolds,Z4047a,Z4132a,,,,,,,,,,,,,,,,,,,,,,,,,,,,,,,,,,,,,,,,,,,,,,,,,,,,,,,,,,,
CNCc1c[nH]c2c(C(=O)Nc3cc(C#N)c4c(c3)CNC4)cc(Cl)cc12,Z3654a,openbind_xx01zvns2b_c1_scaffolds,Z4047a,Z4179a,,,,,,,,,,,,,,,,,,,,,,,,,,,,,,,,,,,,,,,,,,,,,,,,,,,,,,,,,,,
CCc1cc(C(=O)Nc2cnc3c(c2)CNC3)c2c(c1)N(C)C(=O)C2,Z3654a,openbind_xx01zvns2b_c1_scaffolds,Z4047a,Z4198a,,,,,,,,,,,,,,,,,,,,,,,,,,,,,,,,,,,,,,,,,,,,,,,,,,,,,,,,,,,
NN1CC2(CNc3c(C(=O)Nc4ccc5c(c4)CNC5)cc(Cl)cc32)CN1,Z3654a,openbind_xx01zvns2b_c1_scaffolds,Z4047a,Z4429a,Z4469a,,,,,,,,,,,,,,,,,,,,,,,,,,,,,,,,,,,,,,,,,,,,,,,,,,,,,,,,,,
CC1(C)Cc2c(CCN)ccc(NC(=O)c3cc(Cl)cc(N)c3CN)c2O1,Z3654a,openbind_xx01zvns2b_c1_scaffolds,Z4047a,Z4858a,Z4926a,,,,,,,,,,,,,,,,,,,,,,,,,,,,,,,,,,,,,,,,,,,,,,,,,,,,,,,,,,
O=C(Nc1ccc2c(c1)CNC2)c1cc(Cl)cc2c1[nH]c1cocc12,Z3654a,openbind_xx01zvns2b_c1_scaffolds,Z4047a,Z4963a,,,,,,,,,,,,,,,,,,,,,,,,,,,,,,,,,,,,,,,,,,,,,,,,,,,,,,,,,,,
NNC(=O)c1c[nH]c2c(C(N=O)Nc3ccc4c(c3)CNC4)cc(Cl)cc12,Z3654a,openbind_xx01zvns2b_c1_scaffolds,Z4047a,Z4971a,,,,,,,,,,,,,,,,,,,,,,,,,,,,,,,,,,,,,,,,,,,,,,,,,,,,,,,,,,,
O=C(NC1CNC1)c1c[nH]c2c(C(=O)Nc3ccc4c(c3)CNC4)cc(Cl)cc12,Z3654a,openbind_xx01zvns2b_c1_scaffolds,Z4047a,Z5017a,,,,,,,,,,,,,,,,,,,,,,,,,,,,,,,,,,,,,,,,,,,,,,,,,,,,,,,,,,,
N#CC1CC2=CN=CC2NC1NC(=O)c1cc(F)cc2c1cnn2C1CNC1,Z3654a,openbind_xx01zvns2b_c1_scaffolds,Z1682a,Z4066a,,,,,,,,,,,,,,,,,,,,,,,,,,,,,,,,,,,,,,,,,,,,,,,,,,,,,,,,,,,
COCC(=O)Nc1cc(CCN2CC(n3cc4c(C(=O)Nc5ccc6c(c5)CNC6)cc(F)cc4n3)C2)cc(NC(C)=O)c1,Z3654a,openbind_xx01zvns2b_c1_scaffolds,Z0605a,Z4066a,,,,,,,,,,,,,,,,,,,,,,,,,,,,,,,,,,,,,,,,,,,,,,,,,,,,,,,,,,,
CCC1=Nc2c3c(c(F)cc(C(=O)Nc4cc5c(cc4C)CNC5)c3cn2C2CNC2)N1,Z3654a,openbind_xx01zvns2b_c1_scaffolds,Z0945a,Z4066a,,,,,,,,,,,,,,,,,,,,,,,,,,,,,,,,,,,,,,,,,,,,,,,,,,,,,,,,,,,
CC1CC(N)C2(CC(Cl)CC(C(Nc3ccc4c(c3)CNC4)C(=O)NCC(F)F)C2O)N1C,Z3654a,openbind_xx01zvns2b_c1_scaffolds,Z0969b,Z1317a,Z1727a,Z4066a,Z4971a,,,,,,,,,,,,,,,,,,,,,,,,,,,,,,,,,,,,,,,,,,,,,,,,,,,,,,,,
Cc1c2cc(F)cc(C(=O)C(=O)c3ccc4c(c3)CNC4)c2cn1C1CNC1,Z3654a,openbind_xx01zvns2b_c1_scaffolds,Z1098a,Z4066a,,,,,,,,,,,,,,,,,,,,,,,,,,,,,,,,,,,,,,,,,,,,,,,,,,,,,,,,,,,
NC(=O)CCC1CCC2(CC1)c1cc(C(=O)Nc3ccc4c(c3)CNC4)cc(F)c1NC2C1CNC1,Z3654a,openbind_xx01zvns2b_c1_scaffolds,Z1664a,Z4066a,,,,,,,,,,,,,,,,,,,,,,,,,,,,,,,,,,,,,,,,,,,,,,,,,,,,,,,,,,,
Cc1cc(NC2=NC23Cc2scc(-c4ccc(CN)cc4)c2C2(CNC(F)C(C)C2)C3)cc2c1CNC2,Z3654a,openbind_xx01zvns2b_c1_scaffolds,Z3024a,Z4066a,,,,,,,,,,,,,,,,,,,,,,,,,,,,,,,,,,,,,,,,,,,,,,,,,,,,,,,,,,,
CCc1cc(C(=O)Nc2ccc3c(c2)CNC3)c2cn(C3CNC3)c(C)c2c1,Z3654a,openbind_xx01zvns2b_c1_scaffolds,Z3465a,Z4066a,,,,,,,,,,,,,,,,,,,,,,,,,,,,,,,,,,,,,,,,,,,,,,,,,,,,,,,,,,,
Cc1c2cc(F)cc(C(=O)Nc3ccc4c(c3)CNC4)c2cn1C1CNC1,Z3654a,openbind_xx01zvns2b_c1_scaffolds,Z3673a,Z4066a,,,,,,,,,,,,,,,,,,,,,,,,,,,,,,,,,,,,,,,,,,,,,,,,,,,,,,,,,,,
COc1c2cc(F)cc(C(=O)Nc3ccc4c(c3)CNC4)c2c(C)n1C1CNC1,Z3654a,openbind_xx01zvns2b_c1_scaffolds,Z3680a,Z4066a,,,,,,,,,,,,,,,,,,,,,,,,,,,,,,,,,,,,,,,,,,,,,,,,,,,,,,,,,,,
N#Cc1c2cc(F)cc(C(=O)Nc3ccc4c(c3)CNC4)c2cn1C1CNC1,Z3654a,openbind_xx01zvns2b_c1_scaffolds,Z3720a,Z4066a,,,,,,,,,,,,,,,,,,,,,,,,,,,,,,,,,,,,,,,,,,,,,,,,,,,,,,,,,,,
CC(C)c1nnc(-c2nc3c(CN)c(F)cc(C(N=O)Nc4ccc5c(c4)CNC5)c3[nH]2)s1,Z3654a,openbind_xx01zvns2b_c1_scaffolds,Z3769a,Z4066a,,,,,,,,,,,,,,,,,,,,,,,,,,,,,,,,,,,,,,,,,,,,,,,,,,,,,,,,,,,
O=C(Nc1cc(F)c2c(c1)CCCC21CCCCC1)c1cc(Cl)cc2c1cnn2C1CNC1,Z3654a,openbind_xx01zvns2b_c1_scaffolds,Z4066a,Z4131a,,,,,,,,,,,,,,,,,,,,,,,,,,,,,,,,,,,,,,,,,,,,,,,,,,,,,,,,,,,
COC1CC2(CCN1)CC(NC(=O)c1cc(Cl)c3n[nH]c(CC4CCNCC4)c3c1)CC1=C2CNC1,Z3654a,openbind_xx01zvns2b_c1_scaffolds,Z4066a,Z4164a,,,,,,,,,,,,,,,,,,,,,,,,,,,,,,,,,,,,,,,,,,,,,,,,,,,,,,,,,,,
Cc1ccc(F)cc1C(=O)Nc1ccc2c(c1)CN(F)C2,Z3654a,openbind_xx01zvns2b_c1_scaffolds,Z4066a,Z4169a,,,,,,,,,,,,,,,,,,,,,,,,,,,,,,,,,,,,,,,,,,,,,,,,,,,,,,,,,,,
O=C(Nc1ccc2c(c1)CNC2)c1cc(F)cc2nn(C3CNC34CCNCC4)cc12,Z3654a,openbind_xx01zvns2b_c1_scaffolds,Z4066a,Z4179a,,,,,,,,,,,,,,,,,,,,,,,,,,,,,,,,,,,,,,,,,,,,,,,,,,,,,,,,,,,
O=C(Nc1ccc2c(c1)CNC2)c1cc(Br)cc2c3n(cc12)OC1NCCC31,Z3654a,openbind_xx01zvns2b_c1_scaffolds,Z4066a,Z5042a,,,,,,,,,,,,,,,,,,,,,,,,,,,,,,,,,,,,,,,,,,,,,,,,,,,,,,,,,,,
CCN1CC(n2ncc3c(C(=O)Nc4ccc5c(c4)CNC5)cc(Br)cc32)C1C,Z3654a,openbind_xx01zvns2b_c1_scaffolds,Z4066a,Z5061a,,,,,,,,,,,,,,,,,,,,,,,,,,,,,,,,,,,,,,,,,,,,,,,,,,,,,,,,,,,
NC1NCC1n1ncc2c(C(=O)Nc3ccc4c(c3)CNC4)cc(Br)cc21,Z3654a,openbind_xx01zvns2b_c1_scaffolds,Z4066a,Z5082a,Z5124a,,,,,,,,,,,,,,,,,,,,,,,,,,,,,,,,,,,,,,,,,,,,,,,,,,,,,,,,,,
Nn1cc2c(C(=O)Nc3ccc4c(c3)CNC4)cc(Br)cc2c1C1CNC1,Z3654a,openbind_xx01zvns2b_c1_scaffolds,Z4066a,Z5136a,Z5148a,Z5302a,,,,,,,,,,,,,,,,,,,,,,,,,,,,,,,,,,,,,,,,,,,,,,,,,,,,,,,,,
O=C(Nc1ccc2c(c1)CNC2)C1CC(Cl)C(Cl)C2=C1C1(CCOC1)NN2C1CNC1,Z3654a,openbind_xx01zvns2b_c1_scaffolds,Z0089a,Z4089a,,,,,,,,,,,,,,,,,,,,,,,,,,,,,,,,,,,,,,,,,,,,,,,,,,,,,,,,,,,
O=C(Nc1ccc(F)cc1N1CCCC1=O)c1cc(CO)cc2c1cnn2C1CNC1,Z3654a,openbind_xx01zvns2b_c1_scaffolds,Z0227a,Z4089a,,,,,,,,,,,,,,,,,,,,,,,,,,,,,,,,,,,,,,,,,,,,,,,,,,,,,,,,,,,
O=C(Nc1ccc2c(c1)CNC2)c1cc(CO)cc2c1cnn2C1CNC1,Z3654a,openbind_xx01zvns2b_c1_scaffolds,Z0229a,Z4089a,,,,,,,,,,,,,,,,,,,,,,,,,,,,,,,,,,,,,,,,,,,,,,,,,,,,,,,,,,,
O=C(Nc1ccc2c(c1)CNC2)c1cc(Cl)cc2c1cnn2C1CNC1,Z3654a,openbind_xx01zvns2b_c1_scaffolds,Z0422a,Z0709a,Z0772a,Z0852a,Z1098a,Z1713a,Z1715a,Z1719a,Z1727a,Z1728a,Z1743a,Z1750a,Z1756a,Z2235a,Z3021a,Z3264a,Z3486a,Z3507a,Z3527a,Z3545a,Z3622a,Z3654a,Z3680a,Z3711a,Z3729a,Z3758a,Z3767a,Z3790a,Z3792a,Z3815a,Z3831a,Z3837a,Z3858a,Z3880a,Z4089a,Z4090a,Z4104a,Z4120a,Z4161a,Z4164a,Z4168a,Z4194a,Z4206a,Z4245a,Z4429a,Z4469a,Z4478a,Z4811a,Z4849a,Z4857a,Z4858a,Z4859a,Z4872a,Z4886a,Z4887a,Z4905a,Z4590a,Z4951a,Z4954a,Z4959a,Z4959b
NCc1c[nH]c2c(F)cc(C(=O)Nc3ccc4c(c3)CNC4)c(O)c12,Z3654a,openbind_xx01zvns2b_c1_scaffolds,Z0425a,Z4089a,,,,,,,,,,,,,,,,,,,,,,,,,,,,,,,,,,,,,,,,,,,,,,,,,,,,,,,,,,,
CCC1CC2=C(CNN2C2CNC2)C(C(=O)Nc2cc3c(cc2C)CNC3)C1,Z3654a,openbind_xx01zvns2b_c1_scaffolds,Z0589a,Z4089a,,,,,,,,,,,,,,,,,,,,,,,,,,,,,,,,,,,,,,,,,,,,,,,,,,,,,,,,,,,
O=C(C(=O)c1cc(Cl)cc2c1cnn2C1CNC1)c1ccc2c(c1)CNC2,Z3654a,openbind_xx01zvns2b_c1_scaffolds,Z0904a,Z0969b,Z4089a,,,,,,,,,,,,,,,,,,,,,,,,,,,,,,,,,,,,,,,,,,,,,,,,,,,,,,,,,,
N#CC(O)(Nc1ccc2c(c1)CNC2)c1cc(Cl)cc2c1cnn2C1CNC1,Z3654a,openbind_xx01zvns2b_c1_scaffolds,Z1681a,Z2500a,Z4089a,,,,,,,,,,,,,,,,,,,,,,,,,,,,,,,,,,,,,,,,,,,,,,,,,,,,,,,,,,
COc1cc(-c2cc(NC(c3cc(F)cc4c3cnn4N)C(F)(F)F)cc3c2CNC3)ccn1,Z3654a,openbind_xx01zvns2b_c1_scaffolds,Z1731a,Z4089a,,,,,,,,,,,,,,,,,,,,,,,,,,,,,,,,,,,,,,,,,,,,,,,,,,,,,,,,,,,
CCc1cc(C(=O)Nc2ccc3c(c2)CNC3)c2cnn(C3CNC3)c2c1,Z3654a,openbind_xx01zvns2b_c1_scaffolds,Z1745a,Z3394a,Z4089a,,,,,,,,,,,,,,,,,,,,,,,,,,,,,,,,,,,,,,,,,,,,,,,,,,,,,,,,,,
O=C(Nc1ccc2c(c1)CNC2)c1cc(Cl)c2c(c1)C(C1CCNCC1)C1(CCCNC1)N2,Z3654a,openbind_xx01zvns2b_c1_scaffolds,Z1838a,Z3400a,Z3489a,Z3596a,Z3646a,Z3673a,Z3691a,Z3696a,Z3754a,Z4089a,,,,,,,,,,,,,,,,,,,,,,,,,,,,,,,,,,,,,,,,,,,,,,,,,,,
Cc1nn(C2CNC2)c2cc(F)cc(C(=O)C(=O)c3cccc(CN)n3)c12,Z3654a,openbind_xx01zvns2b_c1_scaffolds,Z3469a,Z4089a,,,,,,,,,,,,,,,,,,,,,,,,,,,,,,,,,,,,,,,,,,,,,,,,,,,,,,,,,,,
O=C(NCC(F)F)C(Nc1ccc2c(c1)CNC2)(OCc1ccccn1)c1cc(Cl)cc2c1cnn2C1CNC1,Z3654a,openbind_xx01zvns2b_c1_scaffolds,Z3677a,Z4089a,,,,,,,,,,,,,,,,,,,,,,,,,,,,,,,,,,,,,,,,,,,,,,,,,,,,,,,,,,,
O=C(O)N=C(Nc1ccc2c(c1)CNC2)c1cc(Cl)cc2c1cnn2C1CNC1,Z3654a,openbind_xx01zvns2b_c1_scaffolds,Z3817a,Z4089a,,,,,,,,,,,,,,,,,,,,,,,,,,,,,,,,,,,,,,,,,,,,,,,,,,,,,,,,,,,
CNC1CCC2(CC(Cl)CC3(C(Nc4ccc5c(c4)CNC5)C(=O)NCC(F)F)C=NCC32)C(NC)N1,Z3654a,openbind_xx01zvns2b_c1_scaffolds,Z4089a,Z4094a,,,,,,,,,,,,,,,,,,,,,,,,,,,,,,,,,,,,,,,,,,,,,,,,,,,,,,,,,,,
O=C(Nc1cc(F)c2c(c1)CNC21CCCC1)c1cc(Cl)cc2c1cnn2C1CNC1,Z3654a,openbind_xx01zvns2b_c1_scaffolds,Z4089a,Z4117a,,,,,,,,,,,,,,,,,,,,,,,,,,,,,,,,,,,,,,,,,,,,,,,,,,,,,,,,,,,
CN1CCC2(CC1)CC(NC(=O)c1cc(Cl)c3[nH]c(=O)n4c3c1CN4)CC1=C2CNC1,Z3654a,openbind_xx01zvns2b_c1_scaffolds,Z4089a,Z4118a,,,,,,,,,,,,,,,,,,,,,,,,,,,,,,,,,,,,,,,,,,,,,,,,,,,,,,,,,,,
O=C(Nc1ccc2c(c1)CN(F)C2)c1cc(Cl)cc2c1cnn2C1CNC1,Z3654a,openbind_xx01zvns2b_c1_scaffolds,Z4089a,Z4125a,,,,,,,,,,,,,,,,,,,,,,,,,,,,,,,,,,,,,,,,,,,,,,,,,,,,,,,,,,,
NC1NC(=O)c2cc(C(C(=O)NCC(F)F)C(=O)c3ccc4c(c3)CNC4)cc3scc(c23)-c2ccccc21,Z3654a,openbind_xx01zvns2b_c1_scaffolds,Z4089a,Z4132a,,,,,,,,,,,,,,,,,,,,,,,,,,,,,,,,,,,,,,,,,,,,,,,,,,,,,,,,,,,
CC1NNC2=C1CC(C(C(=O)NCC(F)F)C(=O)c1ccc3c(c1)CNC3)CC2Br,Z3654a,openbind_xx01zvns2b_c1_scaffolds,Z4089a,Z4134a,,,,,,,,,,,,,,,,,,,,,,,,,,,,,,,,,,,,,,,,,,,,,,,,,,,,,,,,,,,
CCc1cc(C(=O)Nc2cc3c(cc2C)CNC3)c(C)c2c(CC3CNC3)[nH]nc12,Z3654a,openbind_xx01zvns2b_c1_scaffolds,Z4089a,Z4179a,,,,,,,,,,,,,,,,,,,,,,,,,,,,,,,,,,,,,,,,,,,,,,,,,,,,,,,,,,,
O=C(Nc1ccc2c(c1)CNC2)c1cc(Cl)cc2c1CN1CNCN3NCCC3N21,Z3654a,openbind_xx01zvns2b_c1_scaffolds,Z4089a,Z4855a,,,,,,,,,,,,,,,,,,,,,,,,,,,,,,,,,,,,,,,,,,,,,,,,,,,,,,,,,,,
CCCCc1cc(-c2cc(Cl)cc(C(=O)NC3CCC4CNCC4C3)c2N)cn1N,Z3654a,openbind_xx01zvns2b_c1_scaffolds,Z4094a,Z4103a,,,,,,,,,,,,,,,,,,,,,,,,,,,,,,,,,,,,,,,,,,,,,,,,,,,,,,,,,,,
CCC1CC(=O)Nc2c(Cl)cc(C(O)(Nc3ccc4c(c3)CNC4)C(=O)NCC(F)F)cc21,Z3654a,openbind_xx01zvns2b_c1_scaffolds,Z0605a,Z4117a,,,,,,,,,,,,,,,,,,,,,,,,,,,,,,,,,,,,,,,,,,,,,,,,,,,,,,,,,,,
NCc1cc2c(C(=O)Nc3ccc4c(c3)CNC4)cc(Cl)cc2n1C1CNC1,Z3654a,openbind_xx01zvns2b_c1_scaffolds,Z0772a,Z1750a,Z1752a,Z2262a,Z3970a,Z4117a,,,,,,,,,,,,,,,,,,,,,,,,,,,,,,,,,,,,,,,,,,,,,,,,,,,,,,,
COc1ccc(C2C3C(CCC34CNC4NO)C(F)CC(C(=O)Nc3ccc4c(c3)CNC4)C3CCCN32)nn1,Z3654a,openbind_xx01zvns2b_c1_scaffolds,Z1333a,Z4117a,,,,,,,,,,,,,,,,,,,,,,,,,,,,,,,,,,,,,,,,,,,,,,,,,,,,,,,,,,,
N#Cc1cc2c(cc1NC(=O)c1cc(F)c3c(c1)CCC(=O)N3)CNC2,Z3654a,openbind_xx01zvns2b_c1_scaffolds,Z1597a,Z4117a,,,,,,,,,,,,,,,,,,,,,,,,,,,,,,,,,,,,,,,,,,,,,,,,,,,,,,,,,,,
CCc1c(C(O)(Nc2ccc3c(c2)CNC3)C(=O)NCC(F)F)cc(Br)c2c1CCC(=O)N2,Z3654a,openbind_xx01zvns2b_c1_scaffolds,Z1719a,Z4117a,,,,,,,,,,,,,,,,,,,,,,,,,,,,,,,,,,,,,,,,,,,,,,,,,,,,,,,,,,,
Cc1cc(NC(=O)c2ccc3c(c2)C(=O)CC(=O)N3)cc2c1CNC2N,Z3654a,openbind_xx01zvns2b_c1_scaffolds,Z1753a,Z4117a,,,,,,,,,,,,,,,,,,,,,,,,,,,,,,,,,,,,,,,,,,,,,,,,,,,,,,,,,,,
O=C1CC(=O)c2cc(C(=O)Nc3ccc4c(c3)CNC4=O)ccc2N1,Z3654a,openbind_xx01zvns2b_c1_scaffolds,Z3028a,Z4117a,,,,,,,,,,,,,,,,,,,,,,,,,,,,,,,,,,,,,,,,,,,,,,,,,,,,,,,,,,,
N#Cc1ccnc2c(C(O)(Nc3ccc4c(c3)CNC4)C(=O)NCC(F)F)cc(Cl)cc12,Z3654a,openbind_xx01zvns2b_c1_scaffolds,Z3465a,Z3819a,Z4117a,,,,,,,,,,,,,,,,,,,,,,,,,,,,,,,,,,,,,,,,,,,,,,,,,,,,,,,,,,
CC(C)N=C1Cc2c(cccc2C(=O)NC2CN3C(c4ccncc4)OC4CNCC43C2)N1,Z3654a,openbind_xx01zvns2b_c1_scaffolds,Z3495a,Z4117a,,,,,,,,,,,,,,,,,,,,,,,,,,,,,,,,,,,,,,,,,,,,,,,,,,,,,,,,,,,
CNCC1Cc2cc(C(=O)Nc3ccc4c(c3)CNC4)cc(Cl)c2NC1=O,Z3654a,openbind_xx01zvns2b_c1_scaffolds,Z3522a,Z3545a,Z3689a,Z3699a,Z3729a,Z3834a,Z3837a,Z4019a,Z4094a,Z4117a,,,,,,,,,,,,,,,,,,,,,,,,,,,,,,,,,,,,,,,,,,,,,,,,,,,
CC(C)NC(=O)C(O)(Nc1ccc2c(c1)CNC2)c1cc(Cl)c2c(c1)C(F)(NF)CC(=O)N2,Z3654a,openbind_xx01zvns2b_c1_scaffolds,Z3617a,Z4117a,,,,,,,,,,,,,,,,,,,,,,,,,,,,,,,,,,,,,,,,,,,,,,,,,,,,,,,,,,,
CC(C)NC(=O)C(O)(Nc1ccc2c(c1)CNC2)C1CC2=C(N1)C(c1cccc(CN)c1)CS2,Z3654a,openbind_xx01zvns2b_c1_scaffolds,Z3647a,Z3774a,Z4117a,,,,,,,,,,,,,,,,,,,,,,,,,,,,,,,,,,,,,,,,,,,,,,,,,,,,,,,,,,
CNCC1Cc2cc(C(=O)Nc3ccc4c(c3)CN(CC(F)F)C4)cc(Cl)c2NC1=O,Z3654a,openbind_xx01zvns2b_c1_scaffolds,Z3743a,Z4117a,,,,,,,,,,,,,,,,,,,,,,,,,,,,,,,,,,,,,,,,,,,,,,,,,,,,,,,,,,,
CNCC1CC(=O)Nc2c(Cl)cc(C(=O)Nc3ccc4c(c3)CNC4)cc21,Z3654a,openbind_xx01zvns2b_c1_scaffolds,Z3826a,Z4117a,,,,,,,,,,,,,,,,,,,,,,,,,,,,,,,,,,,,,,,,,,,,,,,,,,,,,,,,,,,
O=C(NC1CC2CNC3=C2C(CSC3)C1)c1cc(Cl)c2[nH]cc(C3CCNCC3)c2c1,Z3654a,openbind_xx01zvns2b_c1_scaffolds,Z4117a,Z4198a,,,,,,,,,,,,,,,,,,,,,,,,,,,,,,,,,,,,,,,,,,,,,,,,,,,,,,,,,,,
O=C(Nc1ccc2c(c1)CNC2)c1cccc2c1cnn2C1(NO)CNC1,Z3654a,openbind_xx01zvns2b_c1_scaffolds,Z3464a,Z4120a,,,,,,,,,,,,,,,,,,,,,,,,,,,,,,,,,,,,,,,,,,,,,,,,,,,,,,,,,,,
O=C(Nc1ccc2c(c1)CNC2)c1cc(F)cc2c1cnn2C1CNC1,Z3654a,openbind_xx01zvns2b_c1_scaffolds,Z3733a,Z3767a,Z3808a,Z3815a,Z3850a,Z3856a,Z3867a,Z3898a,Z3936a,Z4120a,,,,,,,,,,,,,,,,,,,,,,,,,,,,,,,,,,,,,,,,,,,,,,,,,,,
O=C(Nc1ccc2c(c1)CNC2)c1cc(Cl)c2[nH]c3c(c2c1)C1CCNCC1C3,Z3654a,openbind_xx01zvns2b_c1_scaffolds,Z4120a,Z4131a,,,,,,,,,,,,,,,,,,,,,,,,,,,,,,,,,,,,,,,,,,,,,,,,,,,,,,,,,,,
Nn1ncc2c(C(CC(=O)O)Nc3ccc4c(c3)CNC4)cc(Cl)cc21,Z3654a,openbind_xx01zvns2b_c1_scaffolds,Z4120a,Z4134a,Z5010a,Z5136a,,,,,,,,,,,,,,,,,,,,,,,,,,,,,,,,,,,,,,,,,,,,,,,,,,,,,,,,,
CC(C)NC(=O)C(O)(Nc1ccc2c(c1)CNC2)c1cc(Cl)c2[nH]c(C3CNC3)cc2c1,Z3654a,openbind_xx01zvns2b_c1_scaffolds,Z4120a,Z4200a,,,,,,,,,,,,,,,,,,,,,,,,,,,,,,,,,,,,,,,,,,,,,,,,,,,,,,,,,,,
O=C(O)CC(Nc1ccc2c(c1)CNC2)c1cc(Cl)cc2c1=C[NH+]([O-])N=2,Z3654a,openbind_xx01zvns2b_c1_scaffolds,Z0673a,Z0772a,Z1729a,Z1743a,Z2057a,Z2094a,Z4125a,,,,,,,,,,,,,,,,,,,,,,,,,,,,,,,,,,,,,,,,,,,,,,,,,,,,,,
O=C(O)C(CCCF)C(Nc1ccc2c(c1)CNC2)c1cc(Cl)cc2[nH]ncc12,Z3654a,openbind_xx01zvns2b_c1_scaffolds,Z3394a,Z4125a,,,,,,,,,,,,,,,,,,,,,,,,,,,,,,,,,,,,,,,,,,,,,,,,,,,,,,,,,,,
CN1CCC(c2n[nH]c3c(C(=O)Nc4ccc5c(c4)CNC5)cc(Cl)cc23)CC1,Z3654a,openbind_xx01zvns2b_c1_scaffolds,Z3440a,Z4125a,,,,,,,,,,,,,,,,,,,,,,,,,,,,,,,,,,,,,,,,,,,,,,,,,,,,,,,,,,,
CNCn1ncc2c(C(O)(CC(=O)O)Nc3cc(C#N)c4c(c3)CNC4)cc(Cl)cc21,Z3654a,openbind_xx01zvns2b_c1_scaffolds,Z3647a,Z4125a,,,,,,,,,,,,,,,,,,,,,,,,,,,,,,,,,,,,,,,,,,,,,,,,,,,,,,,,,,,
CC(C)n1nc2c(C(=O)Nc3cc(Br)cc(CN)c3)cccc2c1C1CNC1,Z3654a,openbind_xx01zvns2b_c1_scaffolds,Z0051a,Z4131a,,,,,,,,,,,,,,,,,,,,,,,,,,,,,,,,,,,,,,,,,,,,,,,,,,,,,,,,,,,
O=C(Nc1cc(Br)c2c(c1)C=NC=CO2)c1cc(Cl)cc2c(C3CNC3)n[nH]c12,Z3654a,openbind_xx01zvns2b_c1_scaffolds,Z0101a,Z4131a,,,,,,,,,,,,,,,,,,,,,,,,,,,,,,,,,,,,,,,,,,,,,,,,,,,,,,,,,,,
N#CC1C(NC(=O)c2cc(F)cc3c(C4CNC4)n[nH]c23)CC2CNCC2C1Br,Z3654a,openbind_xx01zvns2b_c1_scaffolds,Z0553a,Z0589a,Z4131a,,,,,,,,,,,,,,,,,,,,,,,,,,,,,,,,,,,,,,,,,,,,,,,,,,,,,,,,,,
COC1CC2(CCN1)CC(NC(=O)c1cc(F)cc3c(C4CNC4)n[nH]c13)CC1CNCC12,Z3654a,openbind_xx01zvns2b_c1_scaffolds,Z0559a,Z4131a,,,,,,,,,,,,,,,,,,,,,,,,,,,,,,,,,,,,,,,,,,,,,,,,,,,,,,,,,,,
O=C(Nc1cc(Br)c2ccncc2c1)c1cccc2c(C3CNC3)[n+]([O-])[nH]c12,Z3654a,openbind_xx01zvns2b_c1_scaffolds,Z0969a,Z4131a,,,,,,,,,,,,,,,,,,,,,,,,,,,,,,,,,,,,,,,,,,,,,,,,,,,,,,,,,,,
O=C(NC1CC(Br)C2CNCC2C1)c1cc(Br)cc2c(C3CNC3)n[nH]c12,Z3654a,openbind_xx01zvns2b_c1_scaffolds,Z1470a,Z3646a,Z4131a,,,,,,,,,,,,,,,,,,,,,,,,,,,,,,,,,,,,,,,,,,,,,,,,,,,,,,,,,,
CCc1ccc(NC(=O)c2cc(Cl)cc3c2cnn3C2CNC2)c(F)c1C1CCN(C)CC1,Z3654a,openbind_xx01zvns2b_c1_scaffolds,Z1681a,Z4131a,,,,,,,,,,,,,,,,,,,,,,,,,,,,,,,,,,,,,,,,,,,,,,,,,,,,,,,,,,,
CC(C)N=C(c1cc(Cl)cc2c(C3CNC3)n[nH]c12)N(C(=O)NCC(F)F)C1CCC2CNCC2C1,Z3654a,openbind_xx01zvns2b_c1_scaffolds,Z3060a,Z4131a,,,,,,,,,,,,,,,,,,,,,,,,,,,,,,,,,,,,,,,,,,,,,,,,,,,,,,,,,,,
CC(=O)NC[N+]([O-])(C(=O)c1cc(F)cc2c1c(C)nn2CO)c1cc2c(c(C3=CCOCC3)c1)CNC2,Z3654a,openbind_xx01zvns2b_c1_scaffolds,Z3394a,Z4131a,,,,,,,,,,,,,,,,,,,,,,,,,,,,,,,,,,,,,,,,,,,,,,,,,,,,,,,,,,,
NCCc1cccc(NC(=O)c2cc(N)cc3c2C2CCCCC2(O)N3)c1,Z3654a,openbind_xx01zvns2b_c1_scaffolds,Z3397a,Z4131a,,,,,,,,,,,,,,,,,,,,,,,,,,,,,,,,,,,,,,,,,,,,,,,,,,,,,,,,,,,
O=C(NC1CC2=C(CNC2)C2(CCS(=O)(=O)CC2)C1)C1C(F)C2SCCC2N2COC3COCC1C3N2,Z3654a,openbind_xx01zvns2b_c1_scaffolds,Z3469a,Z4131a,,,,,,,,,,,,,,,,,,,,,,,,,,,,,,,,,,,,,,,,,,,,,,,,,,,,,,,,,,,
CC(N=O)(NC1CCC2=C(CNCC2)N1)c1cc(Cl)c(CN)c2c1cnn2C1CNC1,Z3654a,openbind_xx01zvns2b_c1_scaffolds,Z3486a,Z4131a,,,,,,,,,,,,,,,,,,,,,,,,,,,,,,,,,,,,,,,,,,,,,,,,,,,,,,,,,,,
COCc1cc(Cl)cc(C(Nc2cc3c(cc2S(C)(=O)=O)CNC3)C(=O)NCC(F)F)c1,Z3654a,openbind_xx01zvns2b_c1_scaffolds,Z3754a,Z4131a,,,,,,,,,,,,,,,,,,,,,,,,,,,,,,,,,,,,,,,,,,,,,,,,,,,,,,,,,,,
N#Cc1cc2c(cc1NC(=O)c1cc(F)cc3c1cnn3C(=O)OCc1ccccc1)CNC2,Z3654a,openbind_xx01zvns2b_c1_scaffolds,Z3808b,Z3813a,Z4131a,,,,,,,,,,,,,,,,,,,,,,,,,,,,,,,,,,,,,,,,,,,,,,,,,,,,,,,,,,
O=C(Nc1ccc2c(c1)CNC2)c1cc(Cl)c2[nH]c(=O)n3cnc1c23,Z3654a,openbind_xx01zvns2b_c1_scaffolds,Z4131a,Z4971a,,,,,,,,,,,,,,,,,,,,,,,,,,,,,,,,,,,,,,,,,,,,,,,,,,,,,,,,,,,
COn1ncc2c(C(Nc3ccc4c(c3)CNC4)C(=O)NCC(F)F)cc(Cl)cc21,Z3654a,openbind_xx01zvns2b_c1_scaffolds,Z4131a,Z5017a,,,,,,,,,,,,,,,,,,,,,,,,,,,,,,,,,,,,,,,,,,,,,,,,,,,,,,,,,,,
CNCC1Cc2c(cc(F)cc2C(=O)Oc2ccc3c(c2)CNC3)N1,Z3654a,openbind_xx01zvns2b_c1_scaffolds,Z4131a,Z5086a,,,,,,,,,,,,,,,,,,,,,,,,,,,,,,,,,,,,,,,,,,,,,,,,,,,,,,,,,,,
CCOCc1cc(Cl)cc(C(Nc2ccc3c(c2)CNC3)C(=O)NCC(F)F)c1,Z3654a,openbind_xx01zvns2b_c1_scaffolds,Z2971a,Z4132a,,,,,,,,,,,,,,,,,,,,,,,,,,,,,,,,,,,,,,,,,,,,,,,,,,,,,,,,,,,
O=C1N=c2c(C(=O)Nc3ccc4c(c3)CNC4)cc(Br)c3c2=C1C(=O)N3,Z3654a,openbind_xx01zvns2b_c1_scaffolds,Z0404a,Z4132a,,,,,,,,,,,,,,,,,,,,,,,,,,,,,,,,,,,,,,,,,,,,,,,,,,,,,,,,,,,
O=C(C(=O)c1cc(F)cc2c1cnn2C1CNC1)c1ccc2cccnc2n1,Z3654a,openbind_xx01zvns2b_c1_scaffolds,Z0472a,Z4132a,,,,,,,,,,,,,,,,,,,,,,,,,,,,,,,,,,,,,,,,,,,,,,,,,,,,,,,,,,,
CC1N(CCO)CC1(O)n1ncc2c(C(=O)Nc3ccc4c(c3)CNC4)cc(F)cc21,Z3654a,openbind_xx01zvns2b_c1_scaffolds,Z3522a,Z4132a,,,,,,,,,,,,,,,,,,,,,,,,,,,,,,,,,,,,,,,,,,,,,,,,,,,,,,,,,,,
CS(=O)(=O)c1cc2c(cc1NC(=O)c1cc(F)cc3c1cnn3C1CNC1)CNC2,Z3654a,openbind_xx01zvns2b_c1_scaffolds,Z3556a,Z3898a,Z4132a,,,,,,,,,,,,,,,,,,,,,,,,,,,,,,,,,,,,,,,,,,,,,,,,,,,,,,,,,,
Cc1cc2c(cc1NC(=O)c1cc(F)c3c4c1cnn4C1(CN(C)C1)N3)CNC2,Z3654a,openbind_xx01zvns2b_c1_scaffolds,Z4019a,Z4132a,,,,,,,,,,,,,,,,,,,,,,,,,,,,,,,,,,,,,,,,,,,,,,,,,,,,,,,,,,,
CC(=O)NCC1(c2ccc3c(c2)CNC3)Nc2c(F)cc3c(cnn3C3CNC3)c2C1=O,Z3654a,openbind_xx01zvns2b_c1_scaffolds,Z4094a,Z4132a,,,,,,,,,,,,,,,,,,,,,,,,,,,,,,,,,,,,,,,,,,,,,,,,,,,,,,,,,,,
CN1Cc2c(C(=O)C(=O)c3ccc4c(c3)CNC4)cc(F)cc2N1CN1CCC1,Z3654a,openbind_xx01zvns2b_c1_scaffolds,Z4114a,Z4132a,,,,,,,,,,,,,,,,,,,,,,,,,,,,,,,,,,,,,,,,,,,,,,,,,,,,,,,,,,,
Cc1cc2c(C(=O)C(=O)c3ccc4c(c3)CNC4)cc(F)cc2n1C1CNC1,Z3654a,openbind_xx01zvns2b_c1_scaffolds,Z4131a,Z4132a,Z4153a,,,,,,,,,,,,,,,,,,,,,,,,,,,,,,,,,,,,,,,,,,,,,,,,,,,,,,,,,,
CC1C(n2ncc3c(C(=O)Nc4ccc5c(c4)CNC5)cc(F)cc32)CN1C,Z3654a,openbind_xx01zvns2b_c1_scaffolds,Z4132a,Z4179a,,,,,,,,,,,,,,,,,,,,,,,,,,,,,,,,,,,,,,,,,,,,,,,,,,,,,,,,,,,
CC(C)NC(=O)C(O)(Nc1ccc2c(c1)CNC2)c1cc(F)cc2c1cnn2C1CNC1,Z3654a,openbind_xx01zvns2b_c1_scaffolds,Z4132a,Z4478a,,,,,,,,,,,,,,,,,,,,,,,,,,,,,,,,,,,,,,,,,,,,,,,,,,,,,,,,,,,
CCC1NCC2NC3C(Cl)CC(C(=O)NC4CC5=C(CNC5)C5(CCN(C)CC5)C4)CC3C12,Z3654a,openbind_xx01zvns2b_c1_scaffolds,Z4132a,Z4872a,,,,,,,,,,,,,,,,,,,,,,,,,,,,,,,,,,,,,,,,,,,,,,,,,,,,,,,,,,,
O=C(Nc1ccc2c(c1)CNC2)c1cc(F)cc2c1C1(CNCN1)NN2C1CNC1,Z3654a,openbind_xx01zvns2b_c1_scaffolds,Z4132a,Z4951a,,,,,,,,,,,,,,,,,,,,,,,,,,,,,,,,,,,,,,,,,,,,,,,,,,,,,,,,,,,
O=C(Nc1ccc2c(c1)CNC2)c1cc(F)cc2c1CC13CCCCC1OC1NCCC1N23,Z3654a,openbind_xx01zvns2b_c1_scaffolds,Z4132a,Z5029a,,,,,,,,,,,,,,,,,,,,,,,,,,,,,,,,,,,,,,,,,,,,,,,,,,,,,,,,,,,
CCc1nn(C2CNC2)c2cc(F)cc(C(O)(Nc3ccc4c(c3)CNC4)C(=O)NCC(F)F)c12,Z3654a,openbind_xx01zvns2b_c1_scaffolds,Z4132a,Z5246a,,,,,,,,,,,,,,,,,,,,,,,,,,,,,,,,,,,,,,,,,,,,,,,,,,,,,,,,,,,
Cc1cc(C(C(=O)NCC(F)F)C(=O)c2ccc3c(c2)C(N)NC3)cc2c1N=CC2(F)F,Z3654a,openbind_xx01zvns2b_c1_scaffolds,Z0089a,Z4134a,,,,,,,,,,,,,,,,,,,,,,,,,,,,,,,,,,,,,,,,,,,,,,,,,,,,,,,,,,,
NC1(n2ncc3c(C(=O)Nc4ccc5c(c4)CNC5)cc(F)cc32)CNC1,Z3654a,openbind_xx01zvns2b_c1_scaffolds,Z0455a,Z0687a,Z0945a,Z4134a,,,,,,,,,,,,,,,,,,,,,,,,,,,,,,,,,,,,,,,,,,,,,,,,,,,,,,,,,
O=C1NCc2cc(NC(=O)c3cc(F)cc4c3c[n+]([O-])n4C3CNC3)ccc21,Z3654a,openbind_xx01zvns2b_c1_scaffolds,Z0589a,Z4134a,,,,,,,,,,,,,,,,,,,,,,,,,,,,,,,,,,,,,,,,,,,,,,,,,,,,,,,,,,,
CNCc1c[nH]c2c(Cl)cc(C(=O)Nc3ccc4c(c3)CNC4)cc12,Z3654a,openbind_xx01zvns2b_c1_scaffolds,Z1398a,Z2217a,Z4134a,,,,,,,,,,,,,,,,,,,,,,,,,,,,,,,,,,,,,,,,,,,,,,,,,,,,,,,,,,
N#CCCC1C=c2ccc(CNNC3CNC3)c(C(=O)Nc3ccc4c(c3)CNC4)c2=C1,Z3654a,openbind_xx01zvns2b_c1_scaffolds,Z1451a,Z1743a,Z4134a,,,,,,,,,,,,,,,,,,,,,,,,,,,,,,,,,,,,,,,,,,,,,,,,,,,,,,,,,,
O=C(Nc1ccc2c(c1)CNC2)c1cc(F)cc2c(C3CNC3)n(CC3CNC3)cc12,Z3654a,openbind_xx01zvns2b_c1_scaffolds,Z1495a,Z1756a,Z4134a,,,,,,,,,,,,,,,,,,,,,,,,,,,,,,,,,,,,,,,,,,,,,,,,,,,,,,,,,,
CN1CC2=C(CN1)C(C(Nc1ccc3c(c1)CNC3)C(=O)NC1CCOCC1(F)NF)CC(Br)C2,Z3654a,openbind_xx01zvns2b_c1_scaffolds,Z1681a,Z4134a,,,,,,,,,,,,,,,,,,,,,,,,,,,,,,,,,,,,,,,,,,,,,,,,,,,,,,,,,,,
CN(C)Cn1cc2c(C(=O)Nc3ccc4c(c3)CNC4)cc(F)cc2c1C1CNC1,Z3654a,openbind_xx01zvns2b_c1_scaffolds,Z1745a,Z4134a,,,,,,,,,,,,,,,,,,,,,,,,,,,,,,,,,,,,,,,,,,,,,,,,,,,,,,,,,,,
CC1(C)CC(n2ncc3c(C(=O)Nc4ccc5c(c4)CNC5)cc(F)cc32)C1,Z3654a,openbind_xx01zvns2b_c1_scaffolds,Z2235a,Z4134a,,,,,,,,,,,,,,,,,,,,,,,,,,,,,,,,,,,,,,,,,,,,,,,,,,,,,,,,,,,
CC(C)NC(=O)C(Nc1ccc2c(c1)CNC2)c1cc(CS)[nH]c1NC(N)c1ccccc1,Z3654a,openbind_xx01zvns2b_c1_scaffolds,Z3093a,Z4134a,,,,,,,,,,,,,,,,,,,,,,,,,,,,,,,,,,,,,,,,,,,,,,,,,,,,,,,,,,,
CC1NCC1n1ncc2c(C(=O)Nc3ccc4c(c3)CNC4)cc(F)cc21,Z3654a,openbind_xx01zvns2b_c1_scaffolds,Z3473a,Z4134a,,,,,,,,,,,,,,,,,,,,,,,,,,,,,,,,,,,,,,,,,,,,,,,,,,,,,,,,,,,
CC(C)NC(=O)C1C(c2ccc3c(c2)CNC3)=Cc2c(NCN)cc(NCS)cc21,Z3654a,openbind_xx01zvns2b_c1_scaffolds,Z0904a,Z4139a,,,,,,,,,,,,,,,,,,,,,,,,,,,,,,,,,,,,,,,,,,,,,,,,,,,,,,,,,,,
CCN1CCC2C(CNCCC23CNc2ccc(C(=O)Nc4ccc5c(c4)CNC5)cc23)C1,Z3654a,openbind_xx01zvns2b_c1_scaffolds,Z1715a,Z4139a,,,,,,,,,,,,,,,,,,,,,,,,,,,,,,,,,,,,,,,,,,,,,,,,,,,,,,,,,,,
CCN1CCC(c2c[nH]c3c(C#N)cc(C(=O)Nc4ccc5c(c4)CNC5)c(C)c23)CC1,Z3654a,openbind_xx01zvns2b_c1_scaffolds,Z1729a,Z4139a,,,,,,,,,,,,,,,,,,,,,,,,,,,,,,,,,,,,,,,,,,,,,,,,,,,,,,,,,,,
CC(=O)NC[N+]([O-])(c1ccc2c(c1)C(C)N([NH3+])C2)C(CCC(Cl)CC(C)CCCC(C)C)C(=O)NCC(F)F,Z3654a,openbind_xx01zvns2b_c1_scaffolds,Z1838a,Z4139a,,,,,,,,,,,,,,,,,,,,,,,,,,,,,,,,,,,,,,,,,,,,,,,,,,,,,,,,,,,
CCN1CCC(c2c(C(=O)c3ccncc3F)[nH]c3c(O)cc(C(=O)Nc4ccc5c(c4)CNC5)cc23)CC1,Z3654a,openbind_xx01zvns2b_c1_scaffolds,Z2500a,Z4139a,,,,,,,,,,,,,,,,,,,,,,,,,,,,,,,,,,,,,,,,,,,,,,,,,,,,,,,,,,,
CCN1CCC(c2c(N)[nH]c3c(Cl)cc(C(=O)Nc4ccc5c(c4)CNC5)cc23)CC1,Z3654a,openbind_xx01zvns2b_c1_scaffolds,Z3746a,Z4139a,,,,,,,,,,,,,,,,,,,,,,,,,,,,,,,,,,,,,,,,,,,,,,,,,,,,,,,,,,,
CCN1CCC(c2c[nH]c3c(Cl)cc(C(=O)Nc4ccc5c(c4)CNC5)cc23)CC1,Z3654a,openbind_xx01zvns2b_c1_scaffolds,Z3880a,Z4139a,Z5124a,Z5211a,Z5302a,Z5348a,,,,,,,,,,,,,,,,,,,,,,,,,,,,,,,,,,,,,,,,,,,,,,,,,,,,,,,
CCN1CCC(c2c[nH]c3c(F)cc(C(=O)Nc4ccc5c(c4)CNC5)cc23)CC1,Z3654a,openbind_xx01zvns2b_c1_scaffolds,Z4072a,Z4139a,Z4245a,Z4429a,Z4858a,Z4991a,Z5136a,,,,,,,,,,,,,,,,,,,,,,,,,,,,,,,,,,,,,,,,,,,,,,,,,,,,,,
CCN1CCC(c2c[nH]c3c(Cl)cc(C(O)(Nc4ccc5c(c4)CNC5)C(=O)NCCCF)cc23)CC1,Z3654a,openbind_xx01zvns2b_c1_scaffolds,Z4139a,Z5011a,Z5082a,,,,,,,,,,,,,,,,,,,,,,,,,,,,,,,,,,,,,,,,,,,,,,,,,,,,,,,,,,
CCN1CCC(c2c[nH]c3c(Cl)cc(C(O)(Nc4ccc5c(c4)CNC5)C(=O)NCC(F)F)cc23)CC1,Z3654a,openbind_xx01zvns2b_c1_scaffolds,Z4139a,Z5230a,,,,,,,,,,,,,,,,,,,,,,,,,,,,,,,,,,,,,,,,,,,,,,,,,,,,,,,,,,,
Cc1cc(C(=O)Nc2cccc(F)c2)c2nn(CN)c(C3CNC3)c2c1,Z3654a,openbind_xx01zvns2b_c1_scaffolds,Z1674a,Z4153a,,,,,,,,,,,,,,,,,,,,,,,,,,,,,,,,,,,,,,,,,,,,,,,,,,,,,,,,,,,
CC(CCCN)C(Cc1cc(N)n(CCO)c1)C(=O)C(=O)c1cccc2c1CC(=O)N2,Z3654a,openbind_xx01zvns2b_c1_scaffolds,Z1750a,Z3485a,Z4153a,,,,,,,,,,,,,,,,,,,,,,,,,,,,,,,,,,,,,,,,,,,,,,,,,,,,,,,,,,
O=C(O)CC1NCc2cc(NC(=O)c3cc(Cl)cc4c3CC35CNCCC3COCN45)ccc21,Z3654a,openbind_xx01zvns2b_c1_scaffolds,Z2500a,Z4153a,,,,,,,,,,,,,,,,,,,,,,,,,,,,,,,,,,,,,,,,,,,,,,,,,,,,,,,,,,,
CC(C)OC(NC1CCC2CNCC2C1)(C(=O)NCC(F)F)c1cc(Cl)cc2c(C3CNC3)n[nH]c12,Z3654a,openbind_xx01zvns2b_c1_scaffolds,Z3439a,Z4153a,,,,,,,,,,,,,,,,,,,,,,,,,,,,,,,,,,,,,,,,,,,,,,,,,,,,,,,,,,,
COCCOC1(C)C(=O)C2(CCCN2)c2cc(F)cc(C(=O)Nc3ccc4c(c3)CNC4)c21,Z3654a,openbind_xx01zvns2b_c1_scaffolds,Z3440a,Z4153a,,,,,,,,,,,,,,,,,,,,,,,,,,,,,,,,,,,,,,,,,,,,,,,,,,,,,,,,,,,
CC1(OCCCO)C(=O)C(C2CN(C3CCOCC3)C2)c2cc(F)cc(C(=O)Nc3ccc4c(c3)CNC4)c21,Z3654a,openbind_xx01zvns2b_c1_scaffolds,Z3505a,Z4153a,,,,,,,,,,,,,,,,,,,,,,,,,,,,,,,,,,,,,,,,,,,,,,,,,,,,,,,,,,,
O=C(NC1CCC2CNCC2C1)c1cccc2c(C3CNC3)[n+]([O-])[nH]c12,Z3654a,openbind_xx01zvns2b_c1_scaffolds,Z3769a,Z4039a,Z4118a,Z4120a,Z4125a,Z4153a,Z4160a,Z4905a,,,,,,,,,,,,,,,,,,,,,,,,,,,,,,,,,,,,,,,,,,,,,,,,,,,,,
COc1cc(-c2cc(NC(=O)C3CC(F)CC4C3CN3CNNN43)cc3c2CNC3)ccn1,Z3654a,openbind_xx01zvns2b_c1_scaffolds,Z4047a,Z4153a,,,,,,,,,,,,,,,,,,,,,,,,,,,,,,,,,,,,,,,,,,,,,,,,,,,,,,,,,,,
O=C1NCc2cc(NC(=O)c3cccc4c(C5CNC5)[n+]([O-])[nH]c34)ccc21,Z3654a,openbind_xx01zvns2b_c1_scaffolds,Z4117a,Z4153a,,,,,,,,,,,,,,,,,,,,,,,,,,,,,,,,,,,,,,,,,,,,,,,,,,,,,,,,,,,
CC1NCC1c1n[nH]c2c(C(=O)NC3CCC4CNCC4C3)cccc12,Z3654a,openbind_xx01zvns2b_c1_scaffolds,Z4153a,Z5124a,Z5136a,,,,,,,,,,,,,,,,,,,,,,,,,,,,,,,,,,,,,,,,,,,,,,,,,,,,,,,,,,
CC1CC(N(CN)C(N)=O)CC1C(=O)Nc1ccc2c(c1)CNC2,Z3654a,openbind_xx01zvns2b_c1_scaffolds,Z4153a,Z5136a,,,,,,,,,,,,,,,,,,,,,,,,,,,,,,,,,,,,,,,,,,,,,,,,,,,,,,,,,,,
N#CC(Nc1ccc2c(c1)CNC2)(C(=O)NCC(F)F)C1CC(Cl)CC2=C1CN(C(=O)O)C2,Z3654a,openbind_xx01zvns2b_c1_scaffolds,Z4153a,Z5139a,,,,,,,,,,,,,,,,,,,,,,,,,,,,,,,,,,,,,,,,,,,,,,,,,,,,,,,,,,,
CN1Cc2ccc(N(C=O)C(=O)c3cc(Cl)cc4c3cnn4C3CNC3)cc2C1,Z3654a,openbind_xx01zvns2b_c1_scaffolds,Z1682a,Z4161a,Z4194a,,,,,,,,,,,,,,,,,,,,,,,,,,,,,,,,,,,,,,,,,,,,,,,,,,,,,,,,,,
Nc1[nH]c2c(Cl)cc(C(=O)Nc3ccc4c(c3)CNC4)cc2c1C1CCNCC1,Z3654a,openbind_xx01zvns2b_c1_scaffolds,Z0101a,Z4161a,,,,,,,,,,,,,,,,,,,,,,,,,,,,,,,,,,,,,,,,,,,,,,,,,,,,,,,,,,,
CCc1ccc(C(=O)Nc2cc3c(nc2C)CNC3)c2c1NC(=O)C2,Z3654a,openbind_xx01zvns2b_c1_scaffolds,Z0701a,Z3441a,Z3970a,Z4047a,Z4161a,Z5227a,Z5243a,,,,,,,,,,,,,,,,,,,,,,,,,,,,,,,,,,,,,,,,,,,,,,,,,,,,,,
O=C(Nc1ccc2c(c1)CNC2)c1cc2ncn3cc(C4CCNCC4)c(c1)c23,Z3654a,openbind_xx01zvns2b_c1_scaffolds,Z0800a,Z4161a,,,,,,,,,,,,,,,,,,,,,,,,,,,,,,,,,,,,,,,,,,,,,,,,,,,,,,,,,,,
OC(O)(Nc1ccc2c(c1)CNC2)c1cc(F)c2[nH]cc(C3CCNCC3)c2c1,Z3654a,openbind_xx01zvns2b_c1_scaffolds,Z0945a,Z4161a,,,,,,,,,,,,,,,,,,,,,,,,,,,,,,,,,,,,,,,,,,,,,,,,,,,,,,,,,,,
CC(C)NC(=O)C(O)(Nc1ccc2c(c1)CNC2)C1CC(F)CC2NC(c3nnc(C(C)C)s3)CC21,Z3654a,openbind_xx01zvns2b_c1_scaffolds,Z0951a,Z4161a,,,,,,,,,,,,,,,,,,,,,,,,,,,,,,,,,,,,,,,,,,,,,,,,,,,,,,,,,,,
O=C(Nc1ccc2c(c1)CNC2)c1cc(F)c2[nH]cc(C3CCNCC3)c2c1O,Z3654a,openbind_xx01zvns2b_c1_scaffolds,Z1320a,Z4161a,,,,,,,,,,,,,,,,,,,,,,,,,,,,,,,,,,,,,,,,,,,,,,,,,,,,,,,,,,,
OC(O)(c1cc(F)c2[nH]cc(C3CCNCC3)c2c1)c1cc2cc3c(cc2[nH]1)CNC3,Z3654a,openbind_xx01zvns2b_c1_scaffolds,Z1728a,Z4161a,,,,,,,,,,,,,,,,,,,,,,,,,,,,,,,,,,,,,,,,,,,,,,,,,,,,,,,,,,,
COc1cc(C(=NOc2cc(C)nc3ncnn23)Nc2ccc3c(c2)CNC3)ccc1N,Z3654a,openbind_xx01zvns2b_c1_scaffolds,Z1729a,Z4161a,,,,,,,,,,,,,,,,,,,,,,,,,,,,,,,,,,,,,,,,,,,,,,,,,,,,,,,,,,,
O=C(Nc1ccc2c(c1)CNC2)c1cc(F)c2[nH]c(Br)c(C3CCNCC3)c2c1,Z3654a,openbind_xx01zvns2b_c1_scaffolds,Z1750a,Z4161a,,,,,,,,,,,,,,,,,,,,,,,,,,,,,,,,,,,,,,,,,,,,,,,,,,,,,,,,,,,
Nc1c(C(=O)Nc2ccc3c(c2)CNC3)cc(F)c2[nH]cc(C3CCNCC3)c12,Z3654a,openbind_xx01zvns2b_c1_scaffolds,Z1753a,Z1837a,Z4161a,,,,,,,,,,,,,,,,,,,,,,,,,,,,,,,,,,,,,,,,,,,,,,,,,,,,,,,,,,
CC1(C2CCNCC2)c2cc(C(=O)C(=O)c3ccc4c(c3)CNC4)cc(F)c2NC1O,Z3654a,openbind_xx01zvns2b_c1_scaffolds,Z2439a,Z4161a,,,,,,,,,,,,,,,,,,,,,,,,,,,,,,,,,,,,,,,,,,,,,,,,,,,,,,,,,,,
Cc1cc(C(=O)C(=O)c2cc(F)c3[nH]c(NC(C)(C)CO)c(C4CCNCC4)c3c2)cc2c1CNC2,Z3654a,openbind_xx01zvns2b_c1_scaffolds,Z3060a,Z4161a,,,,,,,,,,,,,,,,,,,,,,,,,,,,,,,,,,,,,,,,,,,,,,,,,,,,,,,,,,,
CCN1CCC(c2c(CNC)[nH]c3ccc(C(=O)Nc4cc(F)c5c(c4)CNC5)cc23)CC1,Z3654a,openbind_xx01zvns2b_c1_scaffolds,Z3394a,Z4161a,,,,,,,,,,,,,,,,,,,,,,,,,,,,,,,,,,,,,,,,,,,,,,,,,,,,,,,,,,,
NN1Cc2ccc(NC(=O)c3cc(F)c4[nH]cc(C56CCNC7(CCCCC7)CC5CC=N6)c4c3)cc2C1,Z3654a,openbind_xx01zvns2b_c1_scaffolds,Z3432a,Z4161a,,,,,,,,,,,,,,,,,,,,,,,,,,,,,,,,,,,,,,,,,,,,,,,,,,,,,,,,,,,
CC(C)NC(=O)C(Nc1ccc2c(c1)CNC2)C1(O)CC2=CNN(C3CNC3)S3=CN(Cl)C(=C23)C1,Z3654a,openbind_xx01zvns2b_c1_scaffolds,Z3463a,Z4161a,,,,,,,,,,,,,,,,,,,,,,,,,,,,,,,,,,,,,,,,,,,,,,,,,,,,,,,,,,,
CNCc1cccc(NC(=O)c2cc(F)cc3c2cnn3C2CNC2)n1,Z3654a,openbind_xx01zvns2b_c1_scaffolds,Z3485a,Z4161a,,,,,,,,,,,,,,,,,,,,,,,,,,,,,,,,,,,,,,,,,,,,,,,,,,,,,,,,,,,
CCc1cc(C(=O)Nc2ccc3c(c2)CNC3)c2c3c(c[nH]c13)C1(CCNCC1(CC)CC)NC2,Z3654a,openbind_xx01zvns2b_c1_scaffolds,Z3495a,Z4161a,,,,,,,,,,,,,,,,,,,,,,,,,,,,,,,,,,,,,,,,,,,,,,,,,,,,,,,,,,,
O=C(NCc1cccnc1)C(O)(Nc1ccc2c(c1)CNC2)C1CC(F)c2[nH]cc(C3CCNCC3)c2C12CNNC2,Z3654a,openbind_xx01zvns2b_c1_scaffolds,Z3502a,Z4161a,,,,,,,,,,,,,,,,,,,,,,,,,,,,,,,,,,,,,,,,,,,,,,,,,,,,,,,,,,,
O=C1N=c2c(F)cc(C(=O)Nc3ccc4c(c3)CNC4)cc2=C1C1CCNCC1,Z3654a,openbind_xx01zvns2b_c1_scaffolds,Z3515a,Z3729a,Z4039a,Z4103a,Z4161a,Z4164a,Z4756a,Z4827a,Z4858a,,,,,,,,,,,,,,,,,,,,,,,,,,,,,,,,,,,,,,,,,,,,,,,,,,,,
Nn1c(C2CNC2)cc2c(C(Nc3ccc4c(c3)CNC4)C(F)(F)F)cc(F)cc21,Z3654a,openbind_xx01zvns2b_c1_scaffolds,Z3522a,Z4161a,,,,,,,,,,,,,,,,,,,,,,,,,,,,,,,,,,,,,,,,,,,,,,,,,,,,,,,,,,,
COCNC1(N(O)C2CCCNOC2)CC2=C(CNC2)CC1SC,Z3654a,openbind_xx01zvns2b_c1_scaffolds,Z3546a,Z4161a,,,,,,,,,,,,,,,,,,,,,,,,,,,,,,,,,,,,,,,,,,,,,,,,,,,,,,,,,,,
Cc1nn(C2(C)CNC2)c2cc(Cl)cc(C(=O)[N+](C)([O-])c3ccc4c(n3)CCNC4)c12,Z3654a,openbind_xx01zvns2b_c1_scaffolds,Z3548a,Z4161a,,,,,,,,,,,,,,,,,,,,,,,,,,,,,,,,,,,,,,,,,,,,,,,,,,,,,,,,,,,
CS(=O)(=O)C1CCC2CC(CC3(CNC3)C2)C(C(=O)c2cc(Cl)c3n[nH]c(CC4CNC4)c3c2)C1,Z3654a,openbind_xx01zvns2b_c1_scaffolds,Z3622a,Z4161a,,,,,,,,,,,,,,,,,,,,,,,,,,,,,,,,,,,,,,,,,,,,,,,,,,,,,,,,,,,
O=C(Nc1ccc2c(c1)CNC2)C1CC(F)c2[nH]cc(C3CCNCC3)c2C12CCNC2,Z3654a,openbind_xx01zvns2b_c1_scaffolds,Z3654a,Z4161a,,,,,,,,,,,,,,,,,,,,,,,,,,,,,,,,,,,,,,,,,,,,,,,,,,,,,,,,,,,
CC(C)N1CCC(c2c[nH]c3c(F)cc(C(=O)Nc4ccc5c(c4)CNC5)cc23)CC1,Z3654a,openbind_xx01zvns2b_c1_scaffolds,Z3790a,Z4161a,,,,,,,,,,,,,,,,,,,,,,,,,,,,,,,,,,,,,,,,,,,,,,,,,,,,,,,,,,,
FC1CC2(Cc3c(C4CCNCC4)c[nH]c31)N=C2Nc1ccc2c(c1)CNC2,Z3654a,openbind_xx01zvns2b_c1_scaffolds,Z3808a,Z4161a,,,,,,,,,,,,,,,,,,,,,,,,,,,,,,,,,,,,,,,,,,,,,,,,,,,,,,,,,,,
CNCn1c(-c2ccc(CCC(N)=O)cc2)nc2c(C(=O)Nc3cc(C#N)c4c(c3)CNC4)cc(F)cc21,Z3654a,openbind_xx01zvns2b_c1_scaffolds,Z3808b,Z4161a,,,,,,,,,,,,,,,,,,,,,,,,,,,,,,,,,,,,,,,,,,,,,,,,,,,,,,,,,,,
Cc1ccccc1-c1nc2cc(Cl)cc(C(Nc3ccc4c(c3)CNC4)C(=O)NC(C)C)c2[nH]1,Z3654a,openbind_xx01zvns2b_c1_scaffolds,Z3850a,Z4161a,,,,,,,,,,,,,,,,,,,,,,,,,,,,,,,,,,,,,,,,,,,,,,,,,,,,,,,,,,,
NC(=O)CCC1CCC2=C3NC4C(C(=O)Nc5ccc6c(c5)CNC6)CC(F)CC4C3COC2C1,Z3654a,openbind_xx01zvns2b_c1_scaffolds,Z3867a,Z3936a,Z3980a,Z4161a,,,,,,,,,,,,,,,,,,,,,,,,,,,,,,,,,,,,,,,,,,,,,,,,,,,,,,,,,
CC1CNCCC1c1c[nH]c2c(F)cc(C(=O)Nc3ccc4c(c3)CNC4)cc12,Z3654a,openbind_xx01zvns2b_c1_scaffolds,Z3898a,Z4161a,,,,,,,,,,,,,,,,,,,,,,,,,,,,,,,,,,,,,,,,,,,,,,,,,,,,,,,,,,,
O=C(Nc1ccc2c(c1)CNC2)c1cc(F)c2[nH]c3c(c2c1)C1CCNCC1NC3,Z3654a,openbind_xx01zvns2b_c1_scaffolds,Z4072a,Z4125a,Z4132a,Z4161a,Z4168a,Z4198a,Z4206a,Z4243a,Z4429a,Z4905a,Z4590a,Z4931a,Z4954a,Z5010a,Z5067a,Z5082a,Z5084a,Z5085a,Z5124a,Z5229a,Z5236a,,,,,,,,,,,,,,,,,,,,,,,,,,,,,,,,,,,,,,,,
CC(=NC1Cc2c(cccc2C(=O)Nc2ccc3c(c2)CNCCO3)N1)N(C)C,Z3654a,openbind_xx01zvns2b_c1_scaffolds,Z4090a,Z4161a,,,,,,,,,,,,,,,,,,,,,,,,,,,,,,,,,,,,,,,,,,,,,,,,,,,,,,,,,,,
CCC1NCc2cc(NC(=O)c3cc(F)c4[nH]cc(C5CCNCC5)c4c3)ccc21,Z3654a,openbind_xx01zvns2b_c1_scaffolds,Z4094a,Z4161a,,,,,,,,,,,,,,,,,,,,,,,,,,,,,,,,,,,,,,,,,,,,,,,,,,,,,,,,,,,
O=C(Nc1cc(F)c2c(c1)CNC2)c1cc(F)c2[nH]c3c(c2c1)C1CCNCC1NC3,Z3654a,openbind_xx01zvns2b_c1_scaffolds,Z4104a,Z4161a,Z4926a,,,,,,,,,,,,,,,,,,,,,,,,,,,,,,,,,,,,,,,,,,,,,,,,,,,,,,,,,,
O=C(Nc1cc(F)c2c(c1)CNC2=O)c1cc(F)c2[nH]c3c(c2c1)C1CCNCC1NC3,Z3654a,openbind_xx01zvns2b_c1_scaffolds,Z4161a,Z4859a,,,,,,,,,,,,,,,,,,,,,,,,,,,,,,,,,,,,,,,,,,,,,,,,,,,,,,,,,,,
CNCn1nc2c(Cl)cc(C(=O)Nc3cc(F)c4c(c3)CNC4=O)cc2c1C1CCN(C)CC1,Z3654a,openbind_xx01zvns2b_c1_scaffolds,Z4161a,Z4886a,,,,,,,,,,,,,,,,,,,,,,,,,,,,,,,,,,,,,,,,,,,,,,,,,,,,,,,,,,,
NC(=O)c1ccc2c3c(cccc13)C=C2C(Nc1ccc2c(c1)CNC2)C(=O)NCC(F)F,Z3654a,openbind_xx01zvns2b_c1_scaffolds,Z4161a,Z4887a,,,,,,,,,,,,,,,,,,,,,,,,,,,,,,,,,,,,,,,,,,,,,,,,,,,,,,,,,,,
CCC(NC)C1CNCCC1c1c[nH]c(C(Cl)CC(C)C(=O)Nc2cc(C)c3c(c2)CNC3)c1,Z3654a,openbind_xx01zvns2b_c1_scaffolds,Z4161a,Z4944a,,,,,,,,,,,,,,,,,,,,,,,,,,,,,,,,,,,,,,,,,,,,,,,,,,,,,,,,,,,
O=C(Nc1ccc2c(c1)CN(C(F)F)C2)C1CC(F)C2NC3CNC4CNCCC4C3C2C1,Z3654a,openbind_xx01zvns2b_c1_scaffolds,Z4161a,Z4959b,,,,,,,,,,,,,,,,,,,,,,,,,,,,,,,,,,,,,,,,,,,,,,,,,,,,,,,,,,,
CC(=O)NCC(O)(C1CC2SCC3CC(N)CC1C32)N1CCCC2(CCOC2)c2cc[nH]c21,Z3654a,openbind_xx01zvns2b_c1_scaffolds,Z4161a,Z4971a,,,,,,,,,,,,,,,,,,,,,,,,,,,,,,,,,,,,,,,,,,,,,,,,,,,,,,,,,,,
NCCC1CSC(Br)(CC(c2ccccc2)C(O)(Nc2ccc3c(c2)CNC3)C(=O)NCC(F)F)C1,Z3654a,openbind_xx01zvns2b_c1_scaffolds,Z4161a,Z5011a,Z5061a,,,,,,,,,,,,,,,,,,,,,,,,,,,,,,,,,,,,,,,,,,,,,,,,,,,,,,,,,,
CC(C)NC(=O)C(O)(Nc1ccc2c(c1)CNC2)c1cc(F)c2[nH]cc(C3CCNCC3)c2c1,Z3654a,openbind_xx01zvns2b_c1_scaffolds,Z4161a,Z5139a,Z5148a,,,,,,,,,,,,,,,,,,,,,,,,,,,,,,,,,,,,,,,,,,,,,,,,,,,,,,,,,,
CC(CN)=C1Cc2c(cccc2C(=O)Nc2cnc3c(c2)CNC3)N1,Z3654a,openbind_xx01zvns2b_c1_scaffolds,Z4161a,Z5348a,,,,,,,,,,,,,,,,,,,,,,,,,,,,,,,,,,,,,,,,,,,,,,,,,,,,,,,,,,,
Nc1ccc(C(=O)NC2CCC3(CC2)CNC3)cc1,Z3654a,openbind_xx01zvns2b_c1_scaffolds,Z2094a,Z4164a,,,,,,,,,,,,,,,,,,,,,,,,,,,,,,,,,,,,,,,,,,,,,,,,,,,,,,,,,,,
CC1(C2CNC2)c2cc(C(=O)C(=O)c3ccc4c(c3)CNC4)cc(F)c2NC1O,Z3654a,openbind_xx01zvns2b_c1_scaffolds,Z4168a,Z4838a,,,,,,,,,,,,,,,,,,,,,,,,,,,,,,,,,,,,,,,,,,,,,,,,,,,,,,,,,,,
CC(=O)NCC(=O)C(Nc1ccc2c(c1)CNC2C)c1cc(Cl)cc2c(C(N)=O)c[nH]c12,Z3654a,openbind_xx01zvns2b_c1_scaffolds,Z4168a,Z5229a,,,,,,,,,,,,,,,,,,,,,,,,,,,,,,,,,,,,,,,,,,,,,,,,,,,,,,,,,,,
Nn1nc2ccc(C(=O)Nc3ccc4c(c3)CNC4)cc2c1C1CCNCC1,Z3654a,openbind_xx01zvns2b_c1_scaffolds,Z4168a,Z5302a,,,,,,,,,,,,,,,,,,,,,,,,,,,,,,,,,,,,,,,,,,,,,,,,,,,,,,,,,,,
Cc1cc(C(=O)Nc2ccc3c(c2)CNC3)cc2c(C3CCNCC3)n(CN)nc12,Z3654a,openbind_xx01zvns2b_c1_scaffolds,Z0490a,Z4169a,,,,,,,,,,,,,,,,,,,,,,,,,,,,,,,,,,,,,,,,,,,,,,,,,,,,,,,,,,,
CCC1CC(C(=O)Nc2ccc3c(c2)CNC3)C2CC3(CCN(CC)CC3)C3CCCC3CC12,Z3654a,openbind_xx01zvns2b_c1_scaffolds,Z0435a,Z4169a,,,,,,,,,,,,,,,,,,,,,,,,,,,,,,,,,,,,,,,,,,,,,,,,,,,,,,,,,,,
Cc1cc(C(O)(F)Nc2ccc3c(c2)CNC3)cc2c3n(nc12)CCCNC31CCNCC1,Z3654a,openbind_xx01zvns2b_c1_scaffolds,Z0719a,Z4169a,,,,,,,,,,,,,,,,,,,,,,,,,,,,,,,,,,,,,,,,,,,,,,,,,,,,,,,,,,,
Cc1cc2c(c(N)c1NC(=O)c1ccc3n[nH]c(C4CCNCC4)c3c1)CNC2,Z3654a,openbind_xx01zvns2b_c1_scaffolds,Z1274a,Z4169a,,,,,,,,,,,,,,,,,,,,,,,,,,,,,,,,,,,,,,,,,,,,,,,,,,,,,,,,,,,
CSc1cc2c(cc1NC(=O)c1cc(F)c3n[nH]c(C4CCNCC4)c3c1)CNC2,Z3654a,openbind_xx01zvns2b_c1_scaffolds,Z3696a,Z4169a,,,,,,,,,,,,,,,,,,,,,,,,,,,,,,,,,,,,,,,,,,,,,,,,,,,,,,,,,,,
CCOC(C)(C)NC1(c2[nH]nc3c(F)cc(C(=O)Nc4ccc5c(c4)CNC5)cc23)CCNCC1,Z3654a,openbind_xx01zvns2b_c1_scaffolds,Z3733a,Z4169a,,,,,,,,,,,,,,,,,,,,,,,,,,,,,,,,,,,,,,,,,,,,,,,,,,,,,,,,,,,
CCC1NCc2cc(NC(=O)c3cc(F)c4n[nH]c(C5CCNCC5)c4c3)ccc21,Z3654a,openbind_xx01zvns2b_c1_scaffolds,Z3830a,Z4169a,,,,,,,,,,,,,,,,,,,,,,,,,,,,,,,,,,,,,,,,,,,,,,,,,,,,,,,,,,,
O=C1N(c2ccc3c(c2)CNC3)C12CC1CCC3(CCNCC3)C3CSC(C2)C13,Z3654a,openbind_xx01zvns2b_c1_scaffolds,Z4090a,Z4168a,Z4169a,Z4178a,Z4194a,Z4206a,Z4590a,Z4926a,Z4983a,,,,,,,,,,,,,,,,,,,,,,,,,,,,,,,,,,,,,,,,,,,,,,,,,,,,
NCC1CCC2(CC1)CC(C1CCNC1)C1CC(C(=O)Nc3ccc4c(c3)CNC4)C3CCC[SH]3CC12,Z3654a,openbind_xx01zvns2b_c1_scaffolds,Z4160a,Z4169a,,,,,,,,,,,,,,,,,,,,,,,,,,,,,,,,,,,,,,,,,,,,,,,,,,,,,,,,,,,
CNCn1nc2c(Cl)cc(C(=O)Nc3ccc4c(c3)CN(CC(F)F)C4)cc2c1C1CCNCC1,Z3654a,openbind_xx01zvns2b_c1_scaffolds,Z4169a,Z4240a,,,,,,,,,,,,,,,,,,,,,,,,,,,,,,,,,,,,,,,,,,,,,,,,,,,,,,,,,,,
CNCn1nc2c(F)cc(C(=O)Nc3ccc4c(c3)CNC4)cc2c1C1CCNCC1,Z3654a,openbind_xx01zvns2b_c1_scaffolds,Z4169a,Z4855a,Z4905a,Z4931a,Z4991a,,,,,,,,,,,,,,,,,,,,,,,,,,,,,,,,,,,,,,,,,,,,,,,,,,,,,,,,
COC1CC2(CCN1)CC(NC(=O)c1cc(Cl)cc3c1cnn3C1CNC1)CC1CNCC12,Z3654a,openbind_xx01zvns2b_c1_scaffolds,Z2217a,Z2439a,Z4178a,,,,,,,,,,,,,,,,,,,,,,,,,,,,,,,,,,,,,,,,,,,,,,,,,,,,,,,,,,
CNCC1CCNCC1,Z3654a,openbind_xx01zvns2b_c1_scaffolds,Z3808b,Z3936a,Z4178a,,,,,,,,,,,,,,,,,,,,,,,,,,,,,,,,,,,,,,,,,,,,,,,,,,,,,,,,,,
Cc1c2n(c3c(C(=O)Nc4ccc5c(c4)CNC5)cc(C=O)cc13)CC1(CCCCC1)C2,Z3654a,openbind_xx01zvns2b_c1_scaffolds,Z4178a,Z4200a,,,,,,,,,,,,,,,,,,,,,,,,,,,,,,,,,,,,,,,,,,,,,,,,,,,,,,,,,,,
O=C(O)N=C(Nc1ccc2c(c1)CNC2)c1cc(Cl)cc2c(C3CN(C4CCOCC4)C3)[nH]nc12,Z3654a,openbind_xx01zvns2b_c1_scaffolds,Z3689a,Z4179a,,,,,,,,,,,,,,,,,,,,,,,,,,,,,,,,,,,,,,,,,,,,,,,,,,,,,,,,,,,
CC(C)NC(=O)C(O)(Nc1ccc2c(c1)CNC2)c1cc(Cl)cc2c1NC13CCCCC1OC1C(CCN1C1CCOCC1)C23,Z3654a,openbind_xx01zvns2b_c1_scaffolds,Z4138a,Z4179a,,,,,,,,,,,,,,,,,,,,,,,,,,,,,,,,,,,,,,,,,,,,,,,,,,,,,,,,,,,
CN1CC(c2c(C#N)[nH]c3ccc(C(=O)Nc4ccc5c(c4)CNC5)cc23)C1,Z3654a,openbind_xx01zvns2b_c1_scaffolds,Z0425a,Z0455a,Z4194a,,,,,,,,,,,,,,,,,,,,,,,,,,,,,,,,,,,,,,,,,,,,,,,,,,,,,,,,,,
O=C(Nc1ccc2c(c1)CNC2)c1cc(Cl)c2[nH]cc(C3CC4CC5CCCCC4(C5)CC3C(=O)O)c2c1,Z3654a,openbind_xx01zvns2b_c1_scaffolds,Z0917a,Z4194a,,,,,,,,,,,,,,,,,,,,,,,,,,,,,,,,,,,,,,,,,,,,,,,,,,,,,,,,,,,
Cc1c(NC(=O)c2cc(Cl)c3[nH]cc(C4CCNCC4)c3c2)ccc2c1CNC2,Z3654a,openbind_xx01zvns2b_c1_scaffolds,Z0951a,Z4194a,,,,,,,,,,,,,,,,,,,,,,,,,,,,,,,,,,,,,,,,,,,,,,,,,,,,,,,,,,,
O=C1N=c2c(Cl)cc(C(=O)Nc3ccc4c(c3)CNC4)cc2=C1C1CCNCC1,Z3654a,openbind_xx01zvns2b_c1_scaffolds,Z1274a,Z1838a,Z3024a,Z3503a,Z3519a,Z3545a,Z3792a,Z3808b,Z4194a,,,,,,,,,,,,,,,,,,,,,,,,,,,,,,,,,,,,,,,,,,,,,,,,,,,,
CC1(c2c[nH]c3c(Cl)cc(C(=O)Nc4ccc5c(c4)CNC5)cc23)CCNCC1O,Z3654a,openbind_xx01zvns2b_c1_scaffolds,Z1398a,Z4194a,,,,,,,,,,,,,,,,,,,,,,,,,,,,,,,,,,,,,,,,,,,,,,,,,,,,,,,,,,,
CN1CCC(c2c3cc(C(=O)Nc4ccc5c(c4)CNC5)cc(Br)c3nn2N)CC1,Z3654a,openbind_xx01zvns2b_c1_scaffolds,Z1451a,Z4194a,,,,,,,,,,,,,,,,,,,,,,,,,,,,,,,,,,,,,,,,,,,,,,,,,,,,,,,,,,,
O=C(Nc1ccc2c(c1)CNC2)c1cc(Cl)c2[nH]cc(C3(F)CCNCC3)c2c1,Z3654a,openbind_xx01zvns2b_c1_scaffolds,Z1596a,Z4194a,,,,,,,,,,,,,,,,,,,,,,,,,,,,,,,,,,,,,,,,,,,,,,,,,,,,,,,,,,,
Cc1ccc(S(=O)(=O)CNC(=O)C(O)(Nc2ccc3c(c2)CNC3)C2CC(Cl)c3[nH]cc(C4CCNCC4)c3C23CNNC3)cc1,Z3654a,openbind_xx01zvns2b_c1_scaffolds,Z1719a,Z4194a,,,,,,,,,,,,,,,,,,,,,,,,,,,,,,,,,,,,,,,,,,,,,,,,,,,,,,,,,,,
O=C(Nc1cc2c(cc1F)CNC2)c1cc(Cl)c2[nH]c(C3CNC3)cc2c1,Z3654a,openbind_xx01zvns2b_c1_scaffolds,Z1756a,Z4194a,,,,,,,,,,,,,,,,,,,,,,,,,,,,,,,,,,,,,,,,,,,,,,,,,,,,,,,,,,,
N#Cc1c(Cl)cc(C(=O)Nc2ccc3c(c2)CCCC3)c2cnn(C3CNC3)c12,Z3654a,openbind_xx01zvns2b_c1_scaffolds,Z3060a,Z4194a,,,,,,,,,,,,,,,,,,,,,,,,,,,,,,,,,,,,,,,,,,,,,,,,,,,,,,,,,,,
CC1C(C(=O)NC2CCC3=CN=CC3N2)CCN1CCC1CN(CN)C1,Z3654a,openbind_xx01zvns2b_c1_scaffolds,Z3093a,Z4194a,,,,,,,,,,,,,,,,,,,,,,,,,,,,,,,,,,,,,,,,,,,,,,,,,,,,,,,,,,,
CC(C)Oc1c(C(O)(Nc2ccc3c(c2)CNC3)C(=O)NCC(F)F)cc(Cl)c2nc[nH]c12,Z3654a,openbind_xx01zvns2b_c1_scaffolds,Z3394a,Z4194a,,,,,,,,,,,,,,,,,,,,,,,,,,,,,,,,,,,,,,,,,,,,,,,,,,,,,,,,,,,
Cc1cc(NC(=O)c2cc(Cl)c3c(c2)=C(C2CCNCC2)C(=O)N=3)cc2c1CNC2,Z3654a,openbind_xx01zvns2b_c1_scaffolds,Z3441a,Z4194a,,,,,,,,,,,,,,,,,,,,,,,,,,,,,,,,,,,,,,,,,,,,,,,,,,,,,,,,,,,
CSc1cc2c(cc1N(C=O)C(=O)c1cc(F)cc3c1cnn3C)CNC2,Z3654a,openbind_xx01zvns2b_c1_scaffolds,Z3452a,Z4194a,,,,,,,,,,,,,,,,,,,,,,,,,,,,,,,,,,,,,,,,,,,,,,,,,,,,,,,,,,,
CCOC(C)(C)C1CNCCC1c1c[nH]c2c(Cl)cc(C(=O)Nc3ccc4c(c3)CNC4)cc12,Z3654a,openbind_xx01zvns2b_c1_scaffolds,Z3469a,Z4194a,,,,,,,,,,,,,,,,,,,,,,,,,,,,,,,,,,,,,,,,,,,,,,,,,,,,,,,,,,,
O=C(Nc1ccc2c(c1)CNC2)c1cc(Cl)c2c(c1)=C1C(=NC3CNCCC13)N=2,Z3654a,openbind_xx01zvns2b_c1_scaffolds,Z3485a,Z4194a,,,,,,,,,,,,,,,,,,,,,,,,,,,,,,,,,,,,,,,,,,,,,,,,,,,,,,,,,,,
CCC1NCc2cc(NC(=O)c3cc(Cl)c4[nH]cc(C5CCNCC5)c4c3)ccc21,Z3654a,openbind_xx01zvns2b_c1_scaffolds,Z3527a,Z4194a,,,,,,,,,,,,,,,,,,,,,,,,,,,,,,,,,,,,,,,,,,,,,,,,,,,,,,,,,,,
Cc1cc2c(cc1NC(=O)c1cc3scc(C#N)c3c(C)c1C)CNC2,Z3654a,openbind_xx01zvns2b_c1_scaffolds,Z3553a,Z4194a,,,,,,,,,,,,,,,,,,,,,,,,,,,,,,,,,,,,,,,,,,,,,,,,,,,,,,,,,,,
CN1CCC(c2c[nH]c3c(Cl)cc(C(=O)Nc4ccc5c(c4)CNC5)cc23)CC1,Z3654a,openbind_xx01zvns2b_c1_scaffolds,Z3647a,Z3733a,Z4194a,,,,,,,,,,,,,,,,,,,,,,,,,,,,,,,,,,,,,,,,,,,,,,,,,,,,,,,,,,
NCc1cccc(C2(CC3CNC3)C[SH]3CC4C(C(=O)Nc5ccc6c(c5)CNC6)CCC2C4C3)c1,Z3654a,openbind_xx01zvns2b_c1_scaffolds,Z3673a,Z4194a,,,,,,,,,,,,,,,,,,,,,,,,,,,,,,,,,,,,,,,,,,,,,,,,,,,,,,,,,,,
CNCc1[nH]c2c(Cl)cc(C(=O)Nc3cc(Br)c4c(c3)CNC4)cc2c1C1CCNCC1,Z3654a,openbind_xx01zvns2b_c1_scaffolds,Z3685a,Z4194a,,,,,,,,,,,,,,,,,,,,,,,,,,,,,,,,,,,,,,,,,,,,,,,,,,,,,,,,,,,
CC(C)NC(=O)C(O)(Nc1ccc2c(c1)CNC2)c1cc(Cl)c2[nH]cc(C3(F)CCNCC3F)c2c1,Z3654a,openbind_xx01zvns2b_c1_scaffolds,Z3799a,Z4194a,,,,,,,,,,,,,,,,,,,,,,,,,,,,,,,,,,,,,,,,,,,,,,,,,,,,,,,,,,,
O=C(Nc1ccc2c(c1)CNC2)c1cc(Cl)c2[nH]c3c(c2c1)CC1(CCNCC1)C3,Z3654a,openbind_xx01zvns2b_c1_scaffolds,Z3802a,Z3880a,Z4020a,Z4194a,,,,,,,,,,,,,,,,,,,,,,,,,,,,,,,,,,,,,,,,,,,,,,,,,,,,,,,,,
CNCc1[nH]c2c(Cl)cc(C(=O)Nc3ccc4c(c3)CN(C)C4C)cc2c1C1CCNCC1,Z3654a,openbind_xx01zvns2b_c1_scaffolds,Z3819a,Z4194a,,,,,,,,,,,,,,,,,,,,,,,,,,,,,,,,,,,,,,,,,,,,,,,,,,,,,,,,,,,
CNCc1[nH]c2c(Cl)cc(C(=O)Nc3cc(C#N)c4c(c3)CNC4)cc2c1C1CCNCC1,Z3654a,openbind_xx01zvns2b_c1_scaffolds,Z3850a,Z4194a,,,,,,,,,,,,,,,,,,,,,,,,,,,,,,,,,,,,,,,,,,,,,,,,,,,,,,,,,,,
CNCc1[nH]c2c(Cl)cc(C(=O)Nc3ccc4c(c3)CN(F)C4O)cc2c1C1CCNCC1,Z3654a,openbind_xx01zvns2b_c1_scaffolds,Z3858a,Z4194a,,,,,,,,,,,,,,,,,,,,,,,,,,,,,,,,,,,,,,,,,,,,,,,,,,,,,,,,,,,
O=C(Nc1ccc2c(c1)CNC2)c1cc(Cl)c2c(c1)C(C1CCNCC1)C1(CCNC1)N2,Z3654a,openbind_xx01zvns2b_c1_scaffolds,Z4194a,Z4240a,,,,,,,,,,,,,,,,,,,,,,,,,,,,,,,,,,,,,,,,,,,,,,,,,,,,,,,,,,,
O=C(Nc1ccc2c(c1)CNC2)C1CC(Br)C2NCN3C2C1CN3C1CNC1,Z3654a,openbind_xx01zvns2b_c1_scaffolds,Z4194a,Z4429a,,,,,,,,,,,,,,,,,,,,,,,,,,,,,,,,,,,,,,,,,,,,,,,,,,,,,,,,,,,
O=C(Nc1ccc2c(c1)CNC2)c1cc(Br)cc2c1CN(C1CNC1)C21CCCN1,Z3654a,openbind_xx01zvns2b_c1_scaffolds,Z4194a,Z4855a,,,,,,,,,,,,,,,,,,,,,,,,,,,,,,,,,,,,,,,,,,,,,,,,,,,,,,,,,,,
O=C(Nc1ccc2c(c1)CNC2)c1cc(Br)cc2nn(C3CNC3)cc12,Z3654a,openbind_xx01zvns2b_c1_scaffolds,Z4194a,Z4887a,Z4905a,Z4942a,Z5061a,Z5067a,Z5229a,,,,,,,,,,,,,,,,,,,,,,,,,,,,,,,,,,,,,,,,,,,,,,,,,,,,,,
C=NC1CC2=C(CN(C3CNC3)N2)C(C(=O)Nc2ccc3c(c2)CNC3)C1,Z3654a,openbind_xx01zvns2b_c1_scaffolds,Z4194a,Z4944a,Z4951a,,,,,,,,,,,,,,,,,,,,,,,,,,,,,,,,,,,,,,,,,,,,,,,,,,,,,,,,,,
Cc1ccc(OO)cc1C(=O)Nc1ccc2c(c1)CNC2,Z3654a,openbind_xx01zvns2b_c1_scaffolds,Z4194a,Z5029a,,,,,,,,,,,,,,,,,,,,,,,,,,,,,,,,,,,,,,,,,,,,,,,,,,,,,,,,,,,
O=C(Nc1ccc2c(c1)CCCC2)c1cc(Cl)cc2c(C3CNC3)n(CC3CNC3)cc12,Z3654a,openbind_xx01zvns2b_c1_scaffolds,Z0051a,Z4198a,,,,,,,,,,,,,,,,,,,,,,,,,,,,,,,,,,,,,,,,,,,,,,,,,,,,,,,,,,,
O=C(NCC(F)F)C(O)(Nc1ccc2c(c1)CNC2)c1cc(Br)cc2nn(C3CNC3)cc12,Z3654a,openbind_xx01zvns2b_c1_scaffolds,Z0917a,Z2126a,Z2439a,Z2500a,Z3507a,Z3729a,Z4198a,,,,,,,,,,,,,,,,,,,,,,,,,,,,,,,,,,,,,,,,,,,,,,,,,,,,,,
O=C(NC1CCOCC1)C(O)(Nc1ccc2c(c1)CNC2)c1cc(Br)cc2nn(C3CNC3)cc12,Z3654a,openbind_xx01zvns2b_c1_scaffolds,Z1320a,Z4198a,,,,,,,,,,,,,,,,,,,,,,,,,,,,,,,,,,,,,,,,,,,,,,,,,,,,,,,,,,,
CC(N)c1cc(NC(=O)c2cccc3c2CC(C(=O)Cc2ccccc2)N3)cn1Cc1ccncc1,Z3654a,openbind_xx01zvns2b_c1_scaffolds,Z1667a,Z4198a,,,,,,,,,,,,,,,,,,,,,,,,,,,,,,,,,,,,,,,,,,,,,,,,,,,,,,,,,,,
O=C(NC1NCC2(CCOC2)CC1F)c1cc(F)cc2c1cnn2C1CNC1,Z3654a,openbind_xx01zvns2b_c1_scaffolds,Z1674a,Z4198a,,,,,,,,,,,,,,,,,,,,,,,,,,,,,,,,,,,,,,,,,,,,,,,,,,,,,,,,,,,
N#Cn1ncc2c(C(CC(=O)O)Nc3ccc4c(c3)CNC4)cc(Cl)cc21,Z3654a,openbind_xx01zvns2b_c1_scaffolds,Z1715a,Z4198a,,,,,,,,,,,,,,,,,,,,,,,,,,,,,,,,,,,,,,,,,,,,,,,,,,,,,,,,,,,
CCC1Nn2nc3c(Cl)cc(C(=O)Nc4ccc5c(c4)CNC5)cc3c2CC2CCNCC21,Z3654a,openbind_xx01zvns2b_c1_scaffolds,Z2235a,Z3024a,Z4198a,,,,,,,,,,,,,,,,,,,,,,,,,,,,,,,,,,,,,,,,,,,,,,,,,,,,,,,,,,
O=C(Nc1ccc2c(c1)CNC2)c1cc(Br)cc2c1cn(C1CNC1)[n+]2[O-],Z3654a,openbind_xx01zvns2b_c1_scaffolds,Z3466a,Z3502a,Z4198a,,,,,,,,,,,,,,,,,,,,,,,,,,,,,,,,,,,,,,,,,,,,,,,,,,,,,,,,,,
O=C1NCc2cc(NC(=O)c3cc(Br)cc4c3cn(C3CNC3)[n+]4[O-])ccc21,Z3654a,openbind_xx01zvns2b_c1_scaffolds,Z3473a,Z4198a,,,,,,,,,,,,,,,,,,,,,,,,,,,,,,,,,,,,,,,,,,,,,,,,,,,,,,,,,,,
CNCc1c2cc(Br)cc(C(=O)Nc3ccc4c(c3)CNC4)c2cn1C1CNC1,Z3654a,openbind_xx01zvns2b_c1_scaffolds,Z3487a,Z3503a,Z3527a,Z3561a,Z3654a,Z3677a,Z3691a,Z3699a,Z3803a,Z3826a,Z3956a,Z4039a,Z4047a,Z4066a,Z4070a,Z4090a,Z4134a,Z4139a,Z4178a,Z4198a,,,,,,,,,,,,,,,,,,,,,,,,,,,,,,,,,,,,,,,,,
CC(C)C1NCC1n1ncc2c(C(N)=O)cc(Cl)cc21,Z3654a,openbind_xx01zvns2b_c1_scaffolds,Z3519a,Z4198a,,,,,,,,,,,,,,,,,,,,,,,,,,,,,,,,,,,,,,,,,,,,,,,,,,,,,,,,,,,
CNCc1c2cc(Br)cc(C(=O)Nc3cc(Br)c4c(c3)CNC4)c2cn1C1CNC1,Z3654a,openbind_xx01zvns2b_c1_scaffolds,Z3622a,Z4198a,,,,,,,,,,,,,,,,,,,,,,,,,,,,,,,,,,,,,,,,,,,,,,,,,,,,,,,,,,,
CN1CCc2c3cc(Br)cc(C(=O)Nc4ccc5c(c4)CNC5)c3cn2C2CCNC2C1,Z3654a,openbind_xx01zvns2b_c1_scaffolds,Z3733a,Z4198a,,,,,,,,,,,,,,,,,,,,,,,,,,,,,,,,,,,,,,,,,,,,,,,,,,,,,,,,,,,
CNCc1c2cc(Br)cc(C(=O)Nc3ccc4c(c3)CN(C)C4)c2cn1C1CNC1,Z3654a,openbind_xx01zvns2b_c1_scaffolds,Z3808a,Z4198a,,,,,,,,,,,,,,,,,,,,,,,,,,,,,,,,,,,,,,,,,,,,,,,,,,,,,,,,,,,
CNCc1c2cc(Br)cc(C(=O)Nc3cc(F)c4c(c3)CNC4)c2cn1C1CNC1,Z3654a,openbind_xx01zvns2b_c1_scaffolds,Z3808b,Z3813a,Z4198a,,,,,,,,,,,,,,,,,,,,,,,,,,,,,,,,,,,,,,,,,,,,,,,,,,,,,,,,,,
CNCc1c2cc(Br)cc(C(=O)Nc3cc(C#N)c4c(c3)CNC4)c2cn1C1CNC1,Z3654a,openbind_xx01zvns2b_c1_scaffolds,Z3819a,Z4198a,,,,,,,,,,,,,,,,,,,,,,,,,,,,,,,,,,,,,,,,,,,,,,,,,,,,,,,,,,,
CNCc1c2cc(Br)cc(C(=O)Nc3ccc4c(c3)CN(F)C4)c2cn1C1CNC1,Z3654a,openbind_xx01zvns2b_c1_scaffolds,Z3830a,Z4198a,,,,,,,,,,,,,,,,,,,,,,,,,,,,,,,,,,,,,,,,,,,,,,,,,,,,,,,,,,,
CC1Nc2c3cc(Br)cc(C(=O)Nc4ccc5c(c4)CNC5)c3cn2C2CCNC12,Z3654a,openbind_xx01zvns2b_c1_scaffolds,Z4008a,Z4198a,,,,,,,,,,,,,,,,,,,,,,,,,,,,,,,,,,,,,,,,,,,,,,,,,,,,,,,,,,,
CNCc1c2cc(Br)cc(C(=O)Nc3cc(C)c4c(c3)CNC4)c2cn1C1CNC1,Z3654a,openbind_xx01zvns2b_c1_scaffolds,Z4020a,Z4089a,Z4198a,,,,,,,,,,,,,,,,,,,,,,,,,,,,,,,,,,,,,,,,,,,,,,,,,,,,,,,,,,
O=C(Nc1ccc2c(c1)CNC2)c1cc(Br)cc2c1cn1c3c(ccc21)NCC3,Z3654a,openbind_xx01zvns2b_c1_scaffolds,Z4125a,Z4198a,,,,,,,,,,,,,,,,,,,,,,,,,,,,,,,,,,,,,,,,,,,,,,,,,,,,,,,,,,,
O=C(Nc1ccc2c(c1)CNC2)C1CC(Br)CC2C1CN1C3=C(NCC3)NCN21,Z3654a,openbind_xx01zvns2b_c1_scaffolds,Z4138a,Z4198a,,,,,,,,,,,,,,,,,,,,,,,,,,,,,,,,,,,,,,,,,,,,,,,,,,,,,,,,,,,
NCC1Nc2c3cc(Br)cc(C(=O)Nc4ccc5c(c4)CNC5)c3cn2C2CCNC12,Z3654a,openbind_xx01zvns2b_c1_scaffolds,Z4168a,Z4198a,,,,,,,,,,,,,,,,,,,,,,,,,,,,,,,,,,,,,,,,,,,,,,,,,,,,,,,,,,,
O=C(Nc1ccc2c(c1)CNC2)c1cccc2c1CC13CCNCC1OC1NCCC1N23,Z3654a,openbind_xx01zvns2b_c1_scaffolds,Z4169a,Z4200a,,,,,,,,,,,,,,,,,,,,,,,,,,,,,,,,,,,,,,,,,,,,,,,,,,,,,,,,,,,
O=C(NCC(F)F)C(Nc1ccc2c(c1)CNC2)c1cc(Cl)cc2cccnc12,Z3654a,openbind_xx01zvns2b_c1_scaffolds,Z4200a,Z4204a,Z4206a,Z4245a,Z4811a,Z4827a,Z4951a,Z4954a,Z5124a,Z5211a,,,,,,,,,,,,,,,,,,,,,,,,,,,,,,,,,,,,,,,,,,,,,,,,,,,
CCN1CCCC2(C1)Nc1c(C(=O)Nc3ccc4c(c3)CNC4)cc(Cl)cc1C2C(N)=O,Z3654a,openbind_xx01zvns2b_c1_scaffolds,Z4200a,Z4227a,,,,,,,,,,,,,,,,,,,,,,,,,,,,,,,,,,,,,,,,,,,,,,,,,,,,,,,,,,,
Cc1ccc(NC(=O)c2cc(F)cc3c2cnn3C2CNC2C(C)C)nc1,Z3654a,openbind_xx01zvns2b_c1_scaffolds,Z4200a,Z4944a,,,,,,,,,,,,,,,,,,,,,,,,,,,,,,,,,,,,,,,,,,,,,,,,,,,,,,,,,,,
CNC1NCc2c(O)cc(NC(=O)c3cc(Cl)c4n[nH]c(CC5CCNCC5OCC(C)C)c4c3)cc21,Z3654a,openbind_xx01zvns2b_c1_scaffolds,Z4200a,Z4959a,,,,,,,,,,,,,,,,,,,,,,,,,,,,,,,,,,,,,,,,,,,,,,,,,,,,,,,,,,,
COc1cnc2c(C(C=O)(Nc3ccc4c(c3)CNC4)C(=O)NCC(F)F)cc(Cl)cc2c1,Z3654a,openbind_xx01zvns2b_c1_scaffolds,Z4200a,Z4971a,,,,,,,,,,,,,,,,,,,,,,,,,,,,,,,,,,,,,,,,,,,,,,,,,,,,,,,,,,,
CCN1CCC(c2n[nH]c3ccc(C(=O)Nc4ccc5c(c4)CNC5)cc23)CC1,Z3654a,openbind_xx01zvns2b_c1_scaffolds,Z4200a,Z4983a,,,,,,,,,,,,,,,,,,,,,,,,,,,,,,,,,,,,,,,,,,,,,,,,,,,,,,,,,,,
CN1CCC(c2[nH]nc3c(C(=O)Nc4cc5c(cc4C#N)CNC5)cc(F)cc23)CC1,Z3654a,openbind_xx01zvns2b_c1_scaffolds,Z4200a,Z5010a,Z5027a,,,,,,,,,,,,,,,,,,,,,,,,,,,,,,,,,,,,,,,,,,,,,,,,,,,,,,,,,,
O=C(Nc1ccc2c(c1)CNC2)c1cc(Cl)c2c(c1)C(CC1CCNCC1)C1(CCNCC1)N2,Z3654a,openbind_xx01zvns2b_c1_scaffolds,Z4200a,Z5061a,,,,,,,,,,,,,,,,,,,,,,,,,,,,,,,,,,,,,,,,,,,,,,,,,,,,,,,,,,,
Cc1cc2c(c(N)c1NC(O)(C(=O)NCC(F)F)c1cc(Cl)cc3cccnc13)CNC2,Z3654a,openbind_xx01zvns2b_c1_scaffolds,Z4200a,Z5086a,,,,,,,,,,,,,,,,,,,,,,,,,,,,,,,,,,,,,,,,,,,,,,,,,,,,,,,,,,,
CC(C)OCN=C(NC1CCCC2(CNC(N)C2)C1)c1cccc2c1C(C)(O)C(=O)N2,Z3654a,openbind_xx01zvns2b_c1_scaffolds,Z1743a,Z4204a,,,,,,,,,,,,,,,,,,,,,,,,,,,,,,,,,,,,,,,,,,,,,,,,,,,,,,,,,,,
CCc1ccc(C(=O)Oc2cc3c(cc2C)CNC3)c2c1NC(=O)C2,Z3654a,openbind_xx01zvns2b_c1_scaffolds,Z3394a,Z3440a,Z3465a,Z3469a,Z3486a,Z3502a,Z3506a,Z3522a,Z3545a,Z3685a,Z3696a,Z3720a,Z3808a,Z3826a,Z3831a,Z3833a,Z3834a,Z3837a,Z3850a,Z3856a,Z4017a,Z4020a,Z4090a,Z4204a,,,,,,,,,,,,,,,,,,,,,,,,,,,,,,,,,,,,,
Nc1cnc2c(C(O)(Nc3ccc4c(c3)CNC4)C(=O)NCC(F)F)cc(Cl)cc2c1,Z3654a,openbind_xx01zvns2b_c1_scaffolds,Z3830a,Z4025a,Z4204a,,,,,,,,,,,,,,,,,,,,,,,,,,,,,,,,,,,,,,,,,,,,,,,,,,,,,,,,,,
CN1CCC(C2C(=O)C(C)(OCCCO)c3c(C(=O)Nc4ccc5c(c4)CNC5)cc(F)cc32)CC1,Z3654a,openbind_xx01zvns2b_c1_scaffolds,Z1727a,Z4206a,,,,,,,,,,,,,,,,,,,,,,,,,,,,,,,,,,,,,,,,,,,,,,,,,,,,,,,,,,,
Cc1c2c(C(=O)Nc3ccc4c(c3)CNC4)cccc2c2n1CC1CN(C)CCC21,Z3654a,openbind_xx01zvns2b_c1_scaffolds,Z1745a,Z4206a,,,,,,,,,,,,,,,,,,,,,,,,,,,,,,,,,,,,,,,,,,,,,,,,,,,,,,,,,,,
O=C(Nc1cc(F)c2c(c1)CN(CC(F)F)C2)c1cc(Cl)cc2c1cnn2C1CNC1,Z3654a,openbind_xx01zvns2b_c1_scaffolds,Z1745a,Z4206a,,,,,,,,,,,,,,,,,,,,,,,,,,,,,,,,,,,,,,,,,,,,,,,,,,,,,,,,,,,
CC(C)Nn1c(=O)[nH]c2ccc(C(=O)Nc3ccc4c(c3)CNC4)cc21,Z3654a,openbind_xx01zvns2b_c1_scaffolds,Z4206a,Z5171a,,,,,,,,,,,,,,,,,,,,,,,,,,,,,,,,,,,,,,,,,,,,,,,,,,,,,,,,,,,
CNC(=O)C(O)(Nc1ccc2c(c1)CNC2)c1cc(Cl)c2c(c1)=NC(=O)N=2,Z3654a,openbind_xx01zvns2b_c1_scaffolds,Z0101a,Z4227a,,,,,,,,,,,,,,,,,,,,,,,,,,,,,,,,,,,,,,,,,,,,,,,,,,,,,,,,,,,
O=C1N=C2C(=N1)C1(CNCN1)C(C(=O)Nc1ccc3c(c1)CNC3)CC2Cl,Z3654a,openbind_xx01zvns2b_c1_scaffolds,Z0553a,Z4227a,,,,,,,,,,,,,,,,,,,,,,,,,,,,,,,,,,,,,,,,,,,,,,,,,,,,,,,,,,,
CC(C)CNC(=O)C(O)(Nc1ccc2c(c1)CNC2)C1CC(Cl)C2=NC(=O)N=C2C12CNNC2,Z3654a,openbind_xx01zvns2b_c1_scaffolds,Z0605a,Z4227a,,,,,,,,,,,,,,,,,,,,,,,,,,,,,,,,,,,,,,,,,,,,,,,,,,,,,,,,,,,
O=C1N=c2cc(C(=O)NC3CC4=C(CNC4)C4(CCOCC4)C3)cc(F)c2=N1,Z3654a,openbind_xx01zvns2b_c1_scaffolds,Z0945a,Z4227a,,,,,,,,,,,,,,,,,,,,,,,,,,,,,,,,,,,,,,,,,,,,,,,,,,,,,,,,,,,
Cc1cc(NCC(F)N(CF)N2CCC(C3=CN=NC3=O)CC2)cc(C(Nc2ccc3c(c2)CNC3)C(=O)NCC(F)F)c1,Z3654a,openbind_xx01zvns2b_c1_scaffolds,Z1342a,Z4227a,,,,,,,,,,,,,,,,,,,,,,,,,,,,,,,,,,,,,,,,,,,,,,,,,,,,,,,,,,,
CC1(OCCCO)C(=O)C2=c3c1c(C(=O)Nc1ccc4c(c1)CNC4)cc(F)c3=NC2=O,Z3654a,openbind_xx01zvns2b_c1_scaffolds,Z1390a,Z4227a,,,,,,,,,,,,,,,,,,,,,,,,,,,,,,,,,,,,,,,,,,,,,,,,,,,,,,,,,,,
O=C(Nc1ccc2c(c1)CNC2)c1cc(F)c2[nH]c(=O)n3ncc1c23,Z3654a,openbind_xx01zvns2b_c1_scaffolds,Z1406a,Z1413a,Z1715a,Z4227a,,,,,,,,,,,,,,,,,,,,,,,,,,,,,,,,,,,,,,,,,,,,,,,,,,,,,,,,,
CC(C)Oc1c(C(O)(Nc2ccc3c(c2)CNC3)C(=O)NCC(F)F)cc(Cl)c2c1=NC(=O)N=2,Z3654a,openbind_xx01zvns2b_c1_scaffolds,Z1596a,Z4227a,,,,,,,,,,,,,,,,,,,,,,,,,,,,,,,,,,,,,,,,,,,,,,,,,,,,,,,,,,,
CCc1c(C(O)(Nc2ccc3c(c2)CNC3)C(=O)NCC(F)F)cc(Cl)c2c1=NC(=O)N=2,Z3654a,openbind_xx01zvns2b_c1_scaffolds,Z2119a,Z4227a,,,,,,,,,,,,,,,,,,,,,,,,,,,,,,,,,,,,,,,,,,,,,,,,,,,,,,,,,,,
O=C1N=c2c(F)cc(C(=O)Nc3ccc4c(c3)CNC4)c3c2=C1C(C1CNC1)=C3,Z3654a,openbind_xx01zvns2b_c1_scaffolds,Z2126a,Z4227a,,,,,,,,,,,,,,,,,,,,,,,,,,,,,,,,,,,,,,,,,,,,,,,,,,,,,,,,,,,
Cc1c[nH]c2c(Cl)cc(C(=O)N(C(=O)NCC(F)F)c3ccc4c(c3)CNC4)cc12,Z3654a,openbind_xx01zvns2b_c1_scaffolds,Z2262a,Z4227a,,,,,,,,,,,,,,,,,,,,,,,,,,,,,,,,,,,,,,,,,,,,,,,,,,,,,,,,,,,
NCCC1CSC2=C1CC(C(=O)Nc1ccc3c(c1)CNC3)C2,Z3654a,openbind_xx01zvns2b_c1_scaffolds,Z2439a,Z3093a,Z4227a,,,,,,,,,,,,,,,,,,,,,,,,,,,,,,,,,,,,,,,,,,,,,,,,,,,,,,,,,,
NCCCCC1C=c2cc(CNN)cc(C(O)(Nc3ccc4c(c3)CNC4)C(=O)NC3CCOCC3)c2=C1,Z3654a,openbind_xx01zvns2b_c1_scaffolds,Z3264a,Z3677a,Z4227a,,,,,,,,,,,,,,,,,,,,,,,,,,,,,,,,,,,,,,,,,,,,,,,,,,,,,,,,,,
NCc1c2c(C(=O)Nc3ccc4c(c3)CNC4)cc(F)cc2nn1C1CNC1,Z3654a,openbind_xx01zvns2b_c1_scaffolds,Z3441a,Z3463a,Z3503a,Z3507a,Z3720a,Z3729a,Z3746a,Z3808b,Z3842a,Z4227a,,,,,,,,,,,,,,,,,,,,,,,,,,,,,,,,,,,,,,,,,,,,,,,,,,,
CC(CSc1cccc(C(=O)Nc2ccc3c(c2)CNC3)c1)C1=CCNCC1,Z3654a,openbind_xx01zvns2b_c1_scaffolds,Z3485a,Z3596a,Z4227a,,,,,,,,,,,,,,,,,,,,,,,,,,,,,,,,,,,,,,,,,,,,,,,,,,,,,,,,,,
C=Nc1cc2nn(C3CNC3)cc2c(C(=O)Nc2ccc3c(c2)CNC3)c1C,Z3654a,openbind_xx01zvns2b_c1_scaffolds,Z3502a,Z4227a,,,,,,,,,,,,,,,,,,,,,,,,,,,,,,,,,,,,,,,,,,,,,,,,,,,,,,,,,,,
O=C(Nc1ccc2c(c1)CN(CC(F)F)C2)c1cc(Cl)c2[nH]c(=O)n3c2c1CN3,Z3654a,openbind_xx01zvns2b_c1_scaffolds,Z3546a,Z4227a,,,,,,,,,,,,,,,,,,,,,,,,,,,,,,,,,,,,,,,,,,,,,,,,,,,,,,,,,,,
O=C(Nc1cnn2c1CNCC2)c1cc(Cl)cc2c1cnn2C1CNC1,Z3654a,openbind_xx01zvns2b_c1_scaffolds,Z3622a,Z3646a,Z4227a,,,,,,,,,,,,,,,,,,,,,,,,,,,,,,,,,,,,,,,,,,,,,,,,,,,,,,,,,,
CNCC1=c2cc(C(=O)Nc3ccc4c(c3)CNC4)cc(Cl)c2=NC1=O,Z3654a,openbind_xx01zvns2b_c1_scaffolds,Z3696a,Z4227a,,,,,,,,,,,,,,,,,,,,,,,,,,,,,,,,,,,,,,,,,,,,,,,,,,,,,,,,,,,
O=C(Nc1ccc2c(c1)CNC2)c1cc(F)c2[nH]c(=O)n3c2c1NC3,Z3654a,openbind_xx01zvns2b_c1_scaffolds,Z3815a,Z4227a,,,,,,,,,,,,,,,,,,,,,,,,,,,,,,,,,,,,,,,,,,,,,,,,,,,,,,,,,,,
NNCc1c(C(=O)Nc2ccc3c(c2)CNC3)cc(Cl)c2c1=NC(=O)N=2,Z3654a,openbind_xx01zvns2b_c1_scaffolds,Z3837a,Z4227a,,,,,,,,,,,,,,,,,,,,,,,,,,,,,,,,,,,,,,,,,,,,,,,,,,,,,,,,,,,
CC(=O)NCC1(c2cc(CN)cc(C3CCN(C)CC3)c2)Nc2c(Cl)cc3c(cnn3C3CNC3)c2C1=O,Z3654a,openbind_xx01zvns2b_c1_scaffolds,Z4017a,Z4227a,,,,,,,,,,,,,,,,,,,,,,,,,,,,,,,,,,,,,,,,,,,,,,,,,,,,,,,,,,,
CC(C)NC(=O)C(C(=O)c1ccc2c(c1)CNC2)c1cc(NCS)cc(NNCC2CCN(C)CC2)c1,Z3654a,openbind_xx01zvns2b_c1_scaffolds,Z4031a,Z4227a,,,,,,,,,,,,,,,,,,,,,,,,,,,,,,,,,,,,,,,,,,,,,,,,,,,,,,,,,,,
Cc1ccc(S(=O)(=O)CNC(=O)C(O)(Nc2ccc3c(c2)CNC3)c2cc(Cl)cc3c2cnn3C2CNC2)cc1,Z3654a,openbind_xx01zvns2b_c1_scaffolds,Z4094a,Z4227a,,,,,,,,,,,,,,,,,,,,,,,,,,,,,,,,,,,,,,,,,,,,,,,,,,,,,,,,,,,
CC(C)NC(N)(O)C(Nc1ccc2c(c1)CNC2)c1cc(Cl)cc(C(F)(F)F)n1,Z3654a,openbind_xx01zvns2b_c1_scaffolds,Z4120a,Z4227a,,,,,,,,,,,,,,,,,,,,,,,,,,,,,,,,,,,,,,,,,,,,,,,,,,,,,,,,,,,
CC(C)NC(=O)C(N)(Nc1ccc2c(c1)CNC2)c1cc2scnc2c(C(F)(F)F)n1,Z3654a,openbind_xx01zvns2b_c1_scaffolds,Z4131a,Z4227a,,,,,,,,,,,,,,,,,,,,,,,,,,,,,,,,,,,,,,,,,,,,,,,,,,,,,,,,,,,
CC(C)NC(=O)C(Nc1ccc2c(c1)CNC2)c1cc(Cl)c(Cl)c(C(F)(F)OC2CCOC2)n1,Z3654a,openbind_xx01zvns2b_c1_scaffolds,Z4169a,Z4227a,,,,,,,,,,,,,,,,,,,,,,,,,,,,,,,,,,,,,,,,,,,,,,,,,,,,,,,,,,,
CCOC(F)(F)c1cc(Cl)cc(C(O)(Nc2cc3c(cc2C)CNC3)C(=O)NC(C)C)n1,Z3654a,openbind_xx01zvns2b_c1_scaffolds,Z4227a,Z4872a,,,,,,,,,,,,,,,,,,,,,,,,,,,,,,,,,,,,,,,,,,,,,,,,,,,,,,,,,,,
Cc1cc2c(c(N)c1NC(O)(C(=O)NC(C)C)c1cc(Cl)cc(C(F)(F)F)n1)CNC2,Z3654a,openbind_xx01zvns2b_c1_scaffolds,Z4227a,Z4887a,,,,,,,,,,,,,,,,,,,,,,,,,,,,,,,,,,,,,,,,,,,,,,,,,,,,,,,,,,,
CC(C)NC(=O)C(O)(Nc1ccc2c(c1)CN(N)C2)c1cc(Cl)cc(C(F)(F)OC(=O)OCc2ccccc2)n1,Z3654a,openbind_xx01zvns2b_c1_scaffolds,Z4227a,Z5061a,,,,,,,,,,,,,,,,,,,,,,,,,,,,,,,,,,,,,,,,,,,,,,,,,,,,,,,,,,,
CC(F)c1cc(Cl)cc(C(Nc2ccc3c(c2)CNC3)C(=O)NC(C)C(F)F)n1,Z3654a,openbind_xx01zvns2b_c1_scaffolds,Z4227a,Z5197a,,,,,,,,,,,,,,,,,,,,,,,,,,,,,,,,,,,,,,,,,,,,,,,,,,,,,,,,,,,
CC(C)NC(=O)C(O)(Nc1ccc2c(c1)CNC2)c1cc(Cl)c(C#N)c(C(F)(F)F)n1,Z3654a,openbind_xx01zvns2b_c1_scaffolds,Z4227a,Z5339a,,,,,,,,,,,,,,,,,,,,,,,,,,,,,,,,,,,,,,,,,,,,,,,,,,,,,,,,,,,
Cc1cc2c(C(=O)NC3CC4CNCC4C(C4CCN(C)CC4)C3)cc(Cl)cc2n1C1CNC1,Z3654a,openbind_xx01zvns2b_c1_scaffolds,Z0490a,Z4240a,,,,,,,,,,,,,,,,,,,,,,,,,,,,,,,,,,,,,,,,,,,,,,,,,,,,,,,,,,,
CC(C)NC(=O)C(O)(Nc1ccc2c(c1)CNC2)c1cc(Cl)cc2oc(OCF)c(N)c12,Z3654a,openbind_xx01zvns2b_c1_scaffolds,Z1682a,Z4240a,,,,,,,,,,,,,,,,,,,,,,,,,,,,,,,,,,,,,,,,,,,,,,,,,,,,,,,,,,,
CC(C)NC(=O)C(O)(NC1CC2=C(CNC2)C2(CCOCC2)C1)c1cc(Cl)cc2c1CC(F)(F)N2,Z3654a,openbind_xx01zvns2b_c1_scaffolds,Z0701a,Z4240a,,,,,,,,,,,,,,,,,,,,,,,,,,,,,,,,,,,,,,,,,,,,,,,,,,,,,,,,,,,
CC(C)NC(=O)C(O)(NC1CC2CNC3CSC(C1)C23)C1CC(Cl)CC2(CCOC2F)N1,Z3654a,openbind_xx01zvns2b_c1_scaffolds,Z0719a,Z4240a,,,,,,,,,,,,,,,,,,,,,,,,,,,,,,,,,,,,,,,,,,,,,,,,,,,,,,,,,,,
CC(C)NC(=O)C(O)(Nc1cc2c(cc1C#N)CNC2)C1CC(Cl)C2CNC(F)(F)CN21,Z3654a,openbind_xx01zvns2b_c1_scaffolds,Z0727a,Z4240a,,,,,,,,,,,,,,,,,,,,,,,,,,,,,,,,,,,,,,,,,,,,,,,,,,,,,,,,,,,
CC(C)NC(=O)C(O)(Nc1cc2c(cc1C#N)CNC2)c1cc(Cl)cc2c1CC(F)(F)N2,Z3654a,openbind_xx01zvns2b_c1_scaffolds,Z0773a,Z4240a,,,,,,,,,,,,,,,,,,,,,,,,,,,,,,,,,,,,,,,,,,,,,,,,,,,,,,,,,,,
CC(C)NC(=O)C(C=O)(Nc1ccc2c(c1)C(N)NC2)c1cc(Cl)c2c(n1)C(F)(F)C=N2,Z3654a,openbind_xx01zvns2b_c1_scaffolds,Z0875a,Z4240a,,,,,,,,,,,,,,,,,,,,,,,,,,,,,,,,,,,,,,,,,,,,,,,,,,,,,,,,,,,
CC(CF)NC(=O)C(Nc1ccc2c(c1)CNC2)c1cc(Cl)cc2c(F)cccc12,Z3654a,openbind_xx01zvns2b_c1_scaffolds,Z0904a,Z4240a,,,,,,,,,,,,,,,,,,,,,,,,,,,,,,,,,,,,,,,,,,,,,,,,,,,,,,,,,,,
CNC1(c2ccc(CCC(N)=O)cc2)NC(C(CC(C)C)C(C(=O)NCC(F)F)C(=O)c2ccc3c(c2)CNC3)CC1(F)F,Z3654a,openbind_xx01zvns2b_c1_scaffolds,Z0951a,Z4240a,,,,,,,,,,,,,,,,,,,,,,,,,,,,,,,,,,,,,,,,,,,,,,,,,,,,,,,,,,,
CC(C)NC(=O)C(O)(Nc1ccc2c(c1)CNC2C(=O)O)c1cc(Cl)cc2c(F)c(F)cn12,Z3654a,openbind_xx01zvns2b_c1_scaffolds,Z1261a,Z4240a,,,,,,,,,,,,,,,,,,,,,,,,,,,,,,,,,,,,,,,,,,,,,,,,,,,,,,,,,,,
CC1(C)CC2=C(O1)C(NC(=O)C1CC3CC4(CCNN4C4(C3)CN(CN)C4)C1)CC1(CCNC1)C2,Z3654a,openbind_xx01zvns2b_c1_scaffolds,Z1664a,Z4240a,,,,,,,,,,,,,,,,,,,,,,,,,,,,,,,,,,,,,,,,,,,,,,,,,,,,,,,,,,,
CC(C)NC(=O)C(Nc1ccc2c(c1)CNC2)c1cc(Cl)cc2c1CC(F)(F)N2F,Z3654a,openbind_xx01zvns2b_c1_scaffolds,Z1745a,Z4240a,,,,,,,,,,,,,,,,,,,,,,,,,,,,,,,,,,,,,,,,,,,,,,,,,,,,,,,,,,,
CCOC(=O)c1nn(C2CNC2)c2c(C#N)c(Cl)cc(C(=O)Nc3cccc(C4CCN(C)CC4)c3)c12,Z3654a,openbind_xx01zvns2b_c1_scaffolds,Z1753a,Z4240a,,,,,,,,,,,,,,,,,,,,,,,,,,,,,,,,,,,,,,,,,,,,,,,,,,,,,,,,,,,
CC(C)NC(=O)C(O)(Nc1ccc2c(c1)CNC2)c1cc(Cl)c2[nH]cc(C3(F)CCNCC3F)c2n1,Z3654a,openbind_xx01zvns2b_c1_scaffolds,Z2439a,Z4240a,,,,,,,,,,,,,,,,,,,,,,,,,,,,,,,,,,,,,,,,,,,,,,,,,,,,,,,,,,,
CC(C)NC(=O)C(O)(Nc1ccc2c(c1)CNC2)c1cc(Cl)cc2c(C3CCN(C)CC3OCF)nnn12,Z3654a,openbind_xx01zvns2b_c1_scaffolds,Z3024a,Z4240a,,,,,,,,,,,,,,,,,,,,,,,,,,,,,,,,,,,,,,,,,,,,,,,,,,,,,,,,,,,
CC1NCC1n1cc2c(C(=O)Nc3ccc4c(c3)CNC4)cc(Br)cc2n1,Z3654a,openbind_xx01zvns2b_c1_scaffolds,Z3440a,Z4240a,,,,,,,,,,,,,,,,,,,,,,,,,,,,,,,,,,,,,,,,,,,,,,,,,,,,,,,,,,,
CC(C)NC(=O)C(O)(Nc1cc(C#N)c2c(c1)CNC2)c1cc(Cl)cc2c1C(F)NC1(C2)CC2CNC2C1,Z3654a,openbind_xx01zvns2b_c1_scaffolds,Z3463a,Z4240a,,,,,,,,,,,,,,,,,,,,,,,,,,,,,,,,,,,,,,,,,,,,,,,,,,,,,,,,,,,
CC(C)NC(=O)C(O)(Nc1ccc2c(c1)CNC2)c1cc(Cl)c2n[nH]c(OC3CCNCC3F)c2n1,Z3654a,openbind_xx01zvns2b_c1_scaffolds,Z3469a,Z4240a,,,,,,,,,,,,,,,,,,,,,,,,,,,,,,,,,,,,,,,,,,,,,,,,,,,,,,,,,,,
CC(C)NC(=O)C(O)(Nc1ccc2c(c1)CNC2)c1cc(Cl)c2c(n1)C(F)(F)C(NC1CNC1)N2,Z3654a,openbind_xx01zvns2b_c1_scaffolds,Z3729a,Z4240a,,,,,,,,,,,,,,,,,,,,,,,,,,,,,,,,,,,,,,,,,,,,,,,,,,,,,,,,,,,
N#CCCC1C=c2cc(CNNC3CNC3)cc(C(=O)Nc3ccc4c(c3)CNC4)c2=C1,Z3654a,openbind_xx01zvns2b_c1_scaffolds,Z3830a,Z4240a,,,,,,,,,,,,,,,,,,,,,,,,,,,,,,,,,,,,,,,,,,,,,,,,,,,,,,,,,,,
Cc1cc(NC2=NC2(C)CC(Cl)CNNc2cc[nH]c2)cc2c1CNC2,Z3654a,openbind_xx01zvns2b_c1_scaffolds,Z4134a,Z4240a,,,,,,,,,,,,,,,,,,,,,,,,,,,,,,,,,,,,,,,,,,,,,,,,,,,,,,,,,,,
CC1(CC2CCNCC2)c2cc(C(=O)C(=O)c3ccc4c(c3)CNC4)cc(Cl)c2NN1O,Z3654a,openbind_xx01zvns2b_c1_scaffolds,Z4240a,Z4855a,,,,,,,,,,,,,,,,,,,,,,,,,,,,,,,,,,,,,,,,,,,,,,,,,,,,,,,,,,,
O=C(NCC(F)F)C(O)(Nc1ccc2c(c1)CNC2)c1cc(Cl)c2[nH]nc(CC3CCNCC3)c2c1,Z3654a,openbind_xx01zvns2b_c1_scaffolds,Z4240a,Z5011a,,,,,,,,,,,,,,,,,,,,,,,,,,,,,,,,,,,,,,,,,,,,,,,,,,,,,,,,,,,
Cc1cc(C(=NOc2cc(C)nc3ncnn23)Nc2ccc3c(c2)CNC3)c2n[nH]c(C3CNC3)c2c1,Z3654a,openbind_xx01zvns2b_c1_scaffolds,Z0101a,Z4243a,,,,,,,,,,,,,,,,,,,,,,,,,,,,,,,,,,,,,,,,,,,,,,,,,,,,,,,,,,,
CC(C)NC(=O)C(O)(Nc1ccc2c(c1)CNC2)c1cc(SCCCCN)[nH]c1NC(N)c1ccccc1,Z3654a,openbind_xx01zvns2b_c1_scaffolds,Z0490a,Z4245a,,,,,,,,,,,,,,,,,,,,,,,,,,,,,,,,,,,,,,,,,,,,,,,,,,,,,,,,,,,
CN1CC(c2c[nH]c3c(Cl)cc(C(O)(Nc4ccc5c(c4)CNC5)C(=O)NCC(F)F)cc23)C1,Z3654a,openbind_xx01zvns2b_c1_scaffolds,Z0553a,Z1288a,Z1745a,Z4245a,,,,,,,,,,,,,,,,,,,,,,,,,,,,,,,,,,,,,,,,,,,,,,,,,,,,,,,,,
CN1CC(c2c[nH]c3c(F)cc(C(=O)Nc4ccc5c(c4)CNC5)cc23)C1NCNOCCCO,Z3654a,openbind_xx01zvns2b_c1_scaffolds,Z0605a,Z4245a,,,,,,,,,,,,,,,,,,,,,,,,,,,,,,,,,,,,,,,,,,,,,,,,,,,,,,,,,,,
NCc1c(N)[nH]c2c(F)cc(C(=O)Nc3ccc4c(c3)C(N)NC4)cc12,Z3654a,openbind_xx01zvns2b_c1_scaffolds,Z0773a,Z4245a,,,,,,,,,,,,,,,,,,,,,,,,,,,,,,,,,,,,,,,,,,,,,,,,,,,,,,,,,,,
Cc1ccc(NC(=O)c2cc(Cl)cc3c2cnn3C2CNC2C(C)C)nc1C,Z3654a,openbind_xx01zvns2b_c1_scaffolds,Z0917a,Z4245a,,,,,,,,,,,,,,,,,,,,,,,,,,,,,,,,,,,,,,,,,,,,,,,,,,,,,,,,,,,
CN1CC2(NNc3c(C(=O)Nc4ccc5c(c4)CNC5)ccc4[nH]cc2c34)C12CCNCC2,Z3654a,openbind_xx01zvns2b_c1_scaffolds,Z1271a,Z4245a,,,,,,,,,,,,,,,,,,,,,,,,,,,,,,,,,,,,,,,,,,,,,,,,,,,,,,,,,,,
CCN1CCC(c2c(CNC)[nH]c3c(Cl)cc(C(=O)Nc4cc5c(c6c4COC(C)(C)C6)CNC5)cc23)CC1,Z3654a,openbind_xx01zvns2b_c1_scaffolds,Z1317a,Z1731a,Z4245a,,,,,,,,,,,,,,,,,,,,,,,,,,,,,,,,,,,,,,,,,,,,,,,,,,,,,,,,,,
O=C(Nc1ccc2c(c1)CN(CC(F)F)C2)c1cc(Cl)c2c3c1cnn3C1(CNC1)C(=O)N2,Z3654a,openbind_xx01zvns2b_c1_scaffolds,Z1470a,Z4245a,,,,,,,,,,,,,,,,,,,,,,,,,,,,,,,,,,,,,,,,,,,,,,,,,,,,,,,,,,,
CCN1CC(c2c[nH]c3ccc(C(=O)Nc4ccc5c(c4)CNC5)cc23)C1,Z3654a,openbind_xx01zvns2b_c1_scaffolds,Z1681a,Z4245a,,,,,,,,,,,,,,,,,,,,,,,,,,,,,,,,,,,,,,,,,,,,,,,,,,,,,,,,,,,
CN1CCC2c3c([nH]c4c(Cl)cc(C(=O)Nc5ccc6c(c5)CNC6)cc34)CNC21,Z3654a,openbind_xx01zvns2b_c1_scaffolds,Z2135a,Z2217a,Z3477a,Z4245a,,,,,,,,,,,,,,,,,,,,,,,,,,,,,,,,,,,,,,,,,,,,,,,,,,,,,,,,,
CN1CC(c2c[nH]c3c(Cl)cc(C(=O)Nc4ccc5c(c4)CNC5)cc23)C1N,Z3654a,openbind_xx01zvns2b_c1_scaffolds,Z3463a,Z4245a,,,,,,,,,,,,,,,,,,,,,,,,,,,,,,,,,,,,,,,,,,,,,,,,,,,,,,,,,,,
COn1c(-c2ccc(CCC(N)=O)cc2)nc2cc(F)cc(C(=O)Nc3ccc4c(c3)CNC4)c21,Z3654a,openbind_xx01zvns2b_c1_scaffolds,Z3473a,Z4245a,,,,,,,,,,,,,,,,,,,,,,,,,,,,,,,,,,,,,,,,,,,,,,,,,,,,,,,,,,,
CNCc1[nH]c2c(F)cc(C(=O)Nc3ccc4c(c3)CNC4)cc2c1C1CN(C)C1,Z3654a,openbind_xx01zvns2b_c1_scaffolds,Z3476a,Z3485a,Z4245a,,,,,,,,,,,,,,,,,,,,,,,,,,,,,,,,,,,,,,,,,,,,,,,,,,,,,,,,,,
CNCc1[nH]c2c(Cl)cc(C(=O)Nc3ccc4c(c3)CNC4)cc2c1C1CN(C)C1,Z3654a,openbind_xx01zvns2b_c1_scaffolds,Z3480a,Z4245a,,,,,,,,,,,,,,,,,,,,,,,,,,,,,,,,,,,,,,,,,,,,,,,,,,,,,,,,,,,
CC(C)NC(=O)C(O)(Nc1ccc2c(c1)CNC2)c1cc(Cl)c2[nH]cc(C3CN(C)C3)c2c1,Z3654a,openbind_xx01zvns2b_c1_scaffolds,Z3502a,Z4245a,,,,,,,,,,,,,,,,,,,,,,,,,,,,,,,,,,,,,,,,,,,,,,,,,,,,,,,,,,,
CN1CC(c2c(N)[nH]c3c(Br)cc(C(=O)Nc4ccc5c(c4)CNC5)cc23)C1,Z3654a,openbind_xx01zvns2b_c1_scaffolds,Z3548a,Z4245a,,,,,,,,,,,,,,,,,,,,,,,,,,,,,,,,,,,,,,,,,,,,,,,,,,,,,,,,,,,
O=C(Nc1ccc2c(c1)CNC2)c1cc(F)c2c(c1)C1=C3CCCC3=CC1=N2,Z3654a,openbind_xx01zvns2b_c1_scaffolds,Z3553a,Z4245a,,,,,,,,,,,,,,,,,,,,,,,,,,,,,,,,,,,,,,,,,,,,,,,,,,,,,,,,,,,
CNCc1[nH]c2c(Cl)cc(C(=O)Nc3cc(Br)c4c(c3)CNC4)cc2c1CN,Z3654a,openbind_xx01zvns2b_c1_scaffolds,Z3729a,Z3790a,Z3956a,Z3970a,Z4103a,Z4138a,Z4160a,Z4164a,Z4245a,Z4954a,Z4959a,Z4963a,Z4966a,Z4971a,Z4991a,Z4996a,Z5010a,Z5020a,Z5027a,Z5082a,Z5084a,Z5124a,Z5136a,Z5148a,Z5227a,Z5236a,Z5246a,,,,,,,,,,,,,,,,,,,,,,,,,,,,,,,,,,
O=C(Nc1ncccn1)c1cc(F)cc2c1cnn2C1CNC1,Z3654a,openbind_xx01zvns2b_c1_scaffolds,Z3767a,Z4245a,,,,,,,,,,,,,,,,,,,,,,,,,,,,,,,,,,,,,,,,,,,,,,,,,,,,,,,,,,,
CC(C)OCC(CC1=CC=NS(=O)N1)C(Nc1ccc2c(c1)CNC2)C(=O)NCC(F)F,Z3654a,openbind_xx01zvns2b_c1_scaffolds,Z3792a,Z3799a,Z4245a,,,,,,,,,,,,,,,,,,,,,,,,,,,,,,,,,,,,,,,,,,,,,,,,,,,,,,,,,,
O=C(Nc1ccc(F)cc1N1CCCC1=O)c1cc(Cl)cc2c1cnn2C1CNC1,Z3654a,openbind_xx01zvns2b_c1_scaffolds,Z3808a,Z4245a,,,,,,,,,,,,,,,,,,,,,,,,,,,,,,,,,,,,,,,,,,,,,,,,,,,,,,,,,,,
CNC(O)(Nc1ccc2c(c1)CNC2)c1cc(Cl)c2n[nH]c(CC3CNC3)c2c1,Z3654a,openbind_xx01zvns2b_c1_scaffolds,Z3941a,Z4245a,,,,,,,,,,,,,,,,,,,,,,,,,,,,,,,,,,,,,,,,,,,,,,,,,,,,,,,,,,,
CNC1NCc2c(O)cc(NC(=O)c3cc(Cl)c4n[nH]c(CC5CNC5CC(C)CO)c4c3)cc21,Z3654a,openbind_xx01zvns2b_c1_scaffolds,Z4094a,Z4245a,,,,,,,,,,,,,,,,,,,,,,,,,,,,,,,,,,,,,,,,,,,,,,,,,,,,,,,,,,,
O=C(Nc1ccc2c(c1)CNC2)c1cc(Cl)c2n[nH]c(C(O)(O)C3CC4(CCCCC4)C3)c2c1,Z3654a,openbind_xx01zvns2b_c1_scaffolds,Z4245a,Z4905a,,,,,,,,,,,,,,,,,,,,,,,,,,,,,,,,,,,,,,,,,,,,,,,,,,,,,,,,,,,
NNc1c(C(=O)Nc2ccc3c(c2)CNC3)cc(Cl)c2[nH]nc(CC3CNC3)c12,Z3654a,openbind_xx01zvns2b_c1_scaffolds,Z4245a,Z5029a,,,,,,,,,,,,,,,,,,,,,,,,,,,,,,,,,,,,,,,,,,,,,,,,,,,,,,,,,,,
ClC1CC2(Cc3c(CC4CNC4)n[nH]c31)N=C2Nc1ccc2c(c1)CNC2,Z3654a,openbind_xx01zvns2b_c1_scaffolds,Z0455a,Z0601a,Z4429a,,,,,,,,,,,,,,,,,,,,,,,,,,,,,,,,,,,,,,,,,,,,,,,,,,,,,,,,,,
O=C(NCC(F)F)C(O)(Nc1ccc2c(c1)CNC2)c1cc(Cl)c2n[nH]c(CC3CNC3)c2c1,Z3654a,openbind_xx01zvns2b_c1_scaffolds,Z0472a,Z0553a,Z1274a,Z1317a,Z1743a,Z4429a,,,,,,,,,,,,,,,,,,,,,,,,,,,,,,,,,,,,,,,,,,,,,,,,,,,,,,,
CCN(OC)c1c(C(=O)Nc2ccc3c(c2)CNC3)cc(Cl)c2[nH]nc(CC3CNC3)c12,Z3654a,openbind_xx01zvns2b_c1_scaffolds,Z0772a,Z4429a,,,,,,,,,,,,,,,,,,,,,,,,,,,,,,,,,,,,,,,,,,,,,,,,,,,,,,,,,,,
O=C(NCC(F)F)C(O)(Nc1ccc2c(c1)CNC2)c1cc(Cl)c2n[nH]c3c2c1C(F)C3C1CNC1,Z3654a,openbind_xx01zvns2b_c1_scaffolds,Z0827a,Z4429a,,,,,,,,,,,,,,,,,,,,,,,,,,,,,,,,,,,,,,,,,,,,,,,,,,,,,,,,,,,
Nn1nc2c(Cl)cc(C(=O)Nc3ccc4c(c3)CNC4)cc2c1CC1CNC1,Z3654a,openbind_xx01zvns2b_c1_scaffolds,Z0969b,Z1271a,Z1406a,Z3515a,Z3546a,Z4429a,,,,,,,,,,,,,,,,,,,,,,,,,,,,,,,,,,,,,,,,,,,,,,,,,,,,,,,
O=C(Nc1cc2c(c(-c3ccncc3)c1)CNC2)c1cc(Cl)c2[nH]nc(CC3CNC3)c2c1,Z3654a,openbind_xx01zvns2b_c1_scaffolds,Z1234a,Z4429a,,,,,,,,,,,,,,,,,,,,,,,,,,,,,,,,,,,,,,,,,,,,,,,,,,,,,,,,,,,
CCC1NCc2cc(NC(=O)c3cc(Cl)c4[nH]nc(CC5CNC5)c4c3)ccc21,Z3654a,openbind_xx01zvns2b_c1_scaffolds,Z1237a,Z4429a,,,,,,,,,,,,,,,,,,,,,,,,,,,,,,,,,,,,,,,,,,,,,,,,,,,,,,,,,,,
NN1CCC(C(=O)Nc2ccc3c(c2)CNC3)CC(Cl)CCCC2(CNC2)N1,Z3654a,openbind_xx01zvns2b_c1_scaffolds,Z1333a,Z1342a,Z1596a,Z4429a,,,,,,,,,,,,,,,,,,,,,,,,,,,,,,,,,,,,,,,,,,,,,,,,,,,,,,,,,
CC(C)Nn1nc2c(Cl)cc(C(=O)Nc3ccc4c(c3)CNC4)cc2c1CC1CNC1,Z3654a,openbind_xx01zvns2b_c1_scaffolds,Z3465a,Z4429a,,,,,,,,,,,,,,,,,,,,,,,,,,,,,,,,,,,,,,,,,,,,,,,,,,,,,,,,,,,
NCc1[nH]nc2c(C(=O)Nc3ccc4c(c3)CNC4)cc(Cl)cc12,Z3654a,openbind_xx01zvns2b_c1_scaffolds,Z3501a,Z3502a,Z4429a,,,,,,,,,,,,,,,,,,,,,,,,,,,,,,,,,,,,,,,,,,,,,,,,,,,,,,,,,,
Cc1cc(C(=O)Nc2ccc3c(c2)CN(C)C3)cc2c1NC(=O)C2CN,Z3654a,openbind_xx01zvns2b_c1_scaffolds,Z3729a,Z4429a,,,,,,,,,,,,,,,,,,,,,,,,,,,,,,,,,,,,,,,,,,,,,,,,,,,,,,,,,,,
Cc1cc(C(O)(F)Nc2ccc3c(c2)CN(C)C3)cc2c1NC(=O)C21CCCNC1,Z3654a,openbind_xx01zvns2b_c1_scaffolds,Z3880a,Z4429a,,,,,,,,,,,,,,,,,,,,,,,,,,,,,,,,,,,,,,,,,,,,,,,,,,,,,,,,,,,
CN1Cc2ccc(NC(=O)c3cc(Cl)c4c5c3C=NC=5C(=O)N=4)cc2C1,Z3654a,openbind_xx01zvns2b_c1_scaffolds,Z4429a,Z4963a,,,,,,,,,,,,,,,,,,,,,,,,,,,,,,,,,,,,,,,,,,,,,,,,,,,,,,,,,,,
CN1Cc2ccc(NC(=O)c3ccc4c(c3)C(C)(C)C(=O)N4)cc2C1,Z3654a,openbind_xx01zvns2b_c1_scaffolds,Z4429a,Z5011a,,,,,,,,,,,,,,,,,,,,,,,,,,,,,,,,,,,,,,,,,,,,,,,,,,,,,,,,,,,
CN1Cc2ccc(NC(=O)c3cc(Cl)c4c5c([nH]cc35)C(=O)N4)cc2C1,Z3654a,openbind_xx01zvns2b_c1_scaffolds,Z1713a,Z2262a,Z3472a,Z4469a,,,,,,,,,,,,,,,,,,,,,,,,,,,,,,,,,,,,,,,,,,,,,,,,,,,,,,,,,
CC1C(=O)N(C)c2cccc(C(=O)N3C(=O)CC4=C3CCCC43CCNCC3)c21,Z3654a,openbind_xx01zvns2b_c1_scaffolds,Z3432a,Z4469a,,,,,,,,,,,,,,,,,,,,,,,,,,,,,,,,,,,,,,,,,,,,,,,,,,,,,,,,,,,
CN1CCC(c2cc(NC(=O)c3cc(Cl)cc4c3cnn4C3CNC3)cc3cn(C)cc23)CC1,Z3654a,openbind_xx01zvns2b_c1_scaffolds,Z0945a,Z4498a,,,,,,,,,,,,,,,,,,,,,,,,,,,,,,,,,,,,,,,,,,,,,,,,,,,,,,,,,,,
NCCc1cc(NC(=O)c2cc(Cl)cc3c2cnn3C2(O)CN(c3ccccc3)C2)c(N2CCCC2=O)cc1F,Z3654a,openbind_xx01zvns2b_c1_scaffolds,Z3941a,Z4498a,,,,,,,,,,,,,,,,,,,,,,,,,,,,,,,,,,,,,,,,,,,,,,,,,,,,,,,,,,,
CNCn1nc2c(Cl)cc(C(=O)Nc3ccc4c(c3)CNC4)cc2c1CC1CN(OC)C1,Z3654a,openbind_xx01zvns2b_c1_scaffolds,Z0422a,Z4811a,,,,,,,,,,,,,,,,,,,,,,,,,,,,,,,,,,,,,,,,,,,,,,,,,,,,,,,,,,,
CN1Cc2cc(NC(=O)c3cc(Cl)cc4c3cnn4C3CNC3)cc(Br)c2C1,Z3654a,openbind_xx01zvns2b_c1_scaffolds,Z1597a,Z4811a,,,,,,,,,,,,,,,,,,,,,,,,,,,,,,,,,,,,,,,,,,,,,,,,,,,,,,,,,,,
CC1(C)Cc2cccc(NC(C)(O)c3cc(Cl)cc4c3cnn4C3CNC3)c2O1,Z3654a,openbind_xx01zvns2b_c1_scaffolds,Z2500a,Z4811a,,,,,,,,,,,,,,,,,,,,,,,,,,,,,,,,,,,,,,,,,,,,,,,,,,,,,,,,,,,
CC1C(n2ncc3c(C(=O)Nc4cc(CN(C)C)c(O)c5c4OC(C)(C)C5)cc(Cl)cc32)CN1CO,Z3654a,openbind_xx01zvns2b_c1_scaffolds,Z3465a,Z4811a,,,,,,,,,,,,,,,,,,,,,,,,,,,,,,,,,,,,,,,,,,,,,,,,,,,,,,,,,,,
O=C(Nc1ccc2c(c1)CNC2)c1cc(Cl)c2c(c1)C1CC3(CCNCC3)OC3CCNCC31N2,Z3654a,openbind_xx01zvns2b_c1_scaffolds,Z3689a,Z4811a,,,,,,,,,,,,,,,,,,,,,,,,,,,,,,,,,,,,,,,,,,,,,,,,,,,,,,,,,,,
CC1(C)CC2C3CNCC3CC(NC(=O)c3cc(Cl)cc4c3c[n+]([O-])n4C3CNC3)C2O1,Z3654a,openbind_xx01zvns2b_c1_scaffolds,Z4017a,Z4811a,,,,,,,,,,,,,,,,,,,,,,,,,,,,,,,,,,,,,,,,,,,,,,,,,,,,,,,,,,,
Cn1cc2cc(NC(=O)c3cc(Cl)c4c5c3cnn5C3(CNC3)C(=O)N4)c3c(c2c1)CC(C)(C)O3,Z3654a,openbind_xx01zvns2b_c1_scaffolds,Z4811a,Z4926a,,,,,,,,,,,,,,,,,,,,,,,,,,,,,,,,,,,,,,,,,,,,,,,,,,,,,,,,,,,
CC1(C)CC2=C(O1)C(NC(=O)c1cc(Cl)cc3c1cnn3C1CNC1)CC(F)C21CCCC1=O,Z3654a,openbind_xx01zvns2b_c1_scaffolds,Z4811a,Z4931a,,,,,,,,,,,,,,,,,,,,,,,,,,,,,,,,,,,,,,,,,,,,,,,,,,,,,,,,,,,
NCc1c2cc(F)cc(C(=O)Nc3ccc4c(c3)CNC4)c2cn1C1CNC1,Z3654a,openbind_xx01zvns2b_c1_scaffolds,Z4811a,Z4931a,,,,,,,,,,,,,,,,,,,,,,,,,,,,,,,,,,,,,,,,,,,,,,,,,,,,,,,,,,,
CC1(C)Cc2cc(NC(=O)c3cc(Cl)cc4c3cnn4C3CNC3)c3c(c2O1)CC(C)(C)O3,Z3654a,openbind_xx01zvns2b_c1_scaffolds,Z4811a,Z4951a,,,,,,,,,,,,,,,,,,,,,,,,,,,,,,,,,,,,,,,,,,,,,,,,,,,,,,,,,,,
Cn1cc2cc(NC(=O)c3cc(Cl)cc4c3cnn4C3CNC3)c3c(c2c1)CC(C)(C)O3,Z3654a,openbind_xx01zvns2b_c1_scaffolds,Z4811a,Z4959a,,,,,,,,,,,,,,,,,,,,,,,,,,,,,,,,,,,,,,,,,,,,,,,,,,,,,,,,,,,
CC1(C)Cc2c(c(NC(=O)c3cc(Cl)cc4c3cnn4C3CNC3)cc3cn(CC(F)F)cc23)O1,Z3654a,openbind_xx01zvns2b_c1_scaffolds,Z4811a,Z4986a,,,,,,,,,,,,,,,,,,,,,,,,,,,,,,,,,,,,,,,,,,,,,,,,,,,,,,,,,,,
CC1(C)CC2C3CNCC3CC(NC(=O)c3cc(Cl)cc4c(C5CNC5)n(CC5CNC5)cc34)C2O1,Z3654a,openbind_xx01zvns2b_c1_scaffolds,Z4811a,Z5011a,,,,,,,,,,,,,,,,,,,,,,,,,,,,,,,,,,,,,,,,,,,,,,,,,,,,,,,,,,,
CC1(C)CC2=C(O1)C(NC(C)(N=O)c1cc(Cl)cc3c1cnn3C1(N)CNC1)CC1(CCNC1)C2,Z3654a,openbind_xx01zvns2b_c1_scaffolds,Z0490a,Z4816a,,,,,,,,,,,,,,,,,,,,,,,,,,,,,,,,,,,,,,,,,,,,,,,,,,,,,,,,,,,
Cn1cc2c(C(=O)Nc3ccc4c(c3)CCCC4)cc(Cl)cc2c1C1CNC1,Z3654a,openbind_xx01zvns2b_c1_scaffolds,Z0422a,Z1667a,Z3502a,Z3505a,Z3522a,Z3654a,Z3837a,Z4816a,Z5011a,,,,,,,,,,,,,,,,,,,,,,,,,,,,,,,,,,,,,,,,,,,,,,,,,,,,
O=C(NC1C(C(=O)Nc2ccc3c(c2)CNC3)CC(=O)C2SCNC21)c1cscn1,Z3654a,openbind_xx01zvns2b_c1_scaffolds,Z0673a,Z4816a,Z5027a,Z5084a,,,,,,,,,,,,,,,,,,,,,,,,,,,,,,,,,,,,,,,,,,,,,,,,,,,,,,,,,
Nn1nc(C2CNC2)c2cccc(C(=O)Nc3cccc(F)c3)c21,Z3654a,openbind_xx01zvns2b_c1_scaffolds,Z0800a,Z4816a,,,,,,,,,,,,,,,,,,,,,,,,,,,,,,,,,,,,,,,,,,,,,,,,,,,,,,,,,,,
CCCNc1[nH]c(SCCc2ccc(CN)cc2)cc1C(O)(Nc1ccc2c(c1)CNC2)C(=O)NCC(F)F,Z3654a,openbind_xx01zvns2b_c1_scaffolds,Z1320a,Z4816a,,,,,,,,,,,,,,,,,,,,,,,,,,,,,,,,,,,,,,,,,,,,,,,,,,,,,,,,,,,
Cc1cc2c(cc1NC(=O)c1cc(Cl)cc3c1cnn3C1CNC1)CCCC2,Z3654a,openbind_xx01zvns2b_c1_scaffolds,Z1413a,Z3093a,Z4816a,,,,,,,,,,,,,,,,,,,,,,,,,,,,,,,,,,,,,,,,,,,,,,,,,,,,,,,,,,
CN1CCC2(CC1)CC(NC(=O)c1cc(Cl)cc3c1cnn3C1CNC1)CCC2F,Z3654a,openbind_xx01zvns2b_c1_scaffolds,Z1495a,Z4816a,,,,,,,,,,,,,,,,,,,,,,,,,,,,,,,,,,,,,,,,,,,,,,,,,,,,,,,,,,,
CNn1cc2c(C(=O)Nc3cc(C)c4c(c3)CCCC4)cc(Cl)cc2c1C1CNC1,Z3654a,openbind_xx01zvns2b_c1_scaffolds,Z1688a,Z4816a,,,,,,,,,,,,,,,,,,,,,,,,,,,,,,,,,,,,,,,,,,,,,,,,,,,,,,,,,,,
O=C(O)CN=C(c1cc(Cl)cc2c1cnn2C1CNC1)N(C(=O)NCC(F)F)c1ccc2c(c1)CCCC2,Z3654a,openbind_xx01zvns2b_c1_scaffolds,Z1727a,Z1730a,Z2094a,Z3464a,Z3465a,Z3468a,Z3469a,Z3472a,Z3480a,Z3486a,Z3495a,Z3527a,Z3556a,Z3699a,Z3774a,Z3815a,Z3817a,Z3830a,Z3831a,Z3880a,Z3941a,Z4008a,Z4047a,Z4066a,Z4072a,Z4104a,Z4114a,Z4117a,Z4125a,Z4132a,Z4164a,Z4194a,Z4204a,Z4243a,Z4429a,Z4816a,Z4942a,Z4959a,Z4986a,Z4996a,Z5002a,Z5003a,Z5020a,Z5082a,Z5085a,Z5086a,Z5122a,Z5124a,Z5139a,Z5148a,Z5211a,Z5229a,Z5230a,Z5236a,Z5246a,Z5302a,Z5339a,Z5348a,,,
CCOC(=O)c1nn(C2CNC2)c2c(C#N)c(Cl)cc(C(=O)Nc3ccc4c(c3)CCCC4)c12,Z3654a,openbind_xx01zvns2b_c1_scaffolds,Z1750a,Z4816a,,,,,,,,,,,,,,,,,,,,,,,,,,,,,,,,,,,,,,,,,,,,,,,,,,,,,,,,,,,
Nc1nn(C2CNC2)c2cc(Cl)cc(C(=O)Nc3ccc4c(c3)CCCC4)c12,Z3654a,openbind_xx01zvns2b_c1_scaffolds,Z1752a,Z3506a,Z4816a,,,,,,,,,,,,,,,,,,,,,,,,,,,,,,,,,,,,,,,,,,,,,,,,,,,,,,,,,,
Cc1cc2c(cc1NC(O)(O)c1cc(Cl)cc3c1cnn3C1CNC1)CCCC2,Z3654a,openbind_xx01zvns2b_c1_scaffolds,Z3028a,Z4816a,,,,,,,,,,,,,,,,,,,,,,,,,,,,,,,,,,,,,,,,,,,,,,,,,,,,,,,,,,,
CC(C)C1NCC1n1ncc2c(C(=O)Nc3ccc4c(c3)CCCC4)cc(Cl)cc21,Z3654a,openbind_xx01zvns2b_c1_scaffolds,Z3059a,Z3060a,Z4816a,,,,,,,,,,,,,,,,,,,,,,,,,,,,,,,,,,,,,,,,,,,,,,,,,,,,,,,,,,
NCc1c(N)cc(Cl)cc1C(=O)Nc1ccc2c(c1)CCC(N)C2,Z3654a,openbind_xx01zvns2b_c1_scaffolds,Z3397a,Z4816a,,,,,,,,,,,,,,,,,,,,,,,,,,,,,,,,,,,,,,,,,,,,,,,,,,,,,,,,,,,
NC1CCCc2ccc(NC(=O)c3cc(Cl)cc4c(C5CNC5)n(CN5CCCC5)cc34)cc21,Z3654a,openbind_xx01zvns2b_c1_scaffolds,Z3439a,Z4816a,,,,,,,,,,,,,,,,,,,,,,,,,,,,,,,,,,,,,,,,,,,,,,,,,,,,,,,,,,,
CC(CO)N=C1Nc2c(Cl)cc(C(=O)Nc3cc(O)c4c(c3)CC(C)(C)C4)cc2C1C=O,Z3654a,openbind_xx01zvns2b_c1_scaffolds,Z3440a,Z4816a,,,,,,,,,,,,,,,,,,,,,,,,,,,,,,,,,,,,,,,,,,,,,,,,,,,,,,,,,,,
N#CC(O)(Nc1ccc2c(c1)CCCC2)c1cc(Cl)cc2c1cnn2C1CNC1,Z3654a,openbind_xx01zvns2b_c1_scaffolds,Z3452a,Z4816a,,,,,,,,,,,,,,,,,,,,,,,,,,,,,,,,,,,,,,,,,,,,,,,,,,,,,,,,,,,
O=C(Nc1ccc2c(c1)CNC2)c1cc(Cl)c2n[nH]c3c2c1N(CO)C31CSCC12CCNCC2,Z3654a,openbind_xx01zvns2b_c1_scaffolds,Z3466a,Z3790a,Z3808a,Z3808b,Z4118a,Z4811a,Z4816a,,,,,,,,,,,,,,,,,,,,,,,,,,,,,,,,,,,,,,,,,,,,,,,,,,,,,,
CNC(=O)C(O)(Nc1ccc2c(c1)CCCC2)c1cc(Cl)cc2c1cnn2C1CNC1,Z3654a,openbind_xx01zvns2b_c1_scaffolds,Z3473a,Z4816a,,,,,,,,,,,,,,,,,,,,,,,,,,,,,,,,,,,,,,,,,,,,,,,,,,,,,,,,,,,
O=C(Nc1ccc2c(c1)CCCC2)c1cc(Cl)cc2c1cnn2C1(NO)CNC1,Z3654a,openbind_xx01zvns2b_c1_scaffolds,Z3476a,Z4161a,Z4816a,,,,,,,,,,,,,,,,,,,,,,,,,,,,,,,,,,,,,,,,,,,,,,,,,,,,,,,,,,
O=C(Nc1ccc2c(c1)CCCC2)C1CC2=C(NCS2)c2c1cnn2C1CNC1,Z3654a,openbind_xx01zvns2b_c1_scaffolds,Z3477a,Z4816a,,,,,,,,,,,,,,,,,,,,,,,,,,,,,,,,,,,,,,,,,,,,,,,,,,,,,,,,,,,
O=C(NCc1cccnc1)C(O)(Nc1ccc2c(c1)CCCC2)c1cc(Cl)cc2c1cnn2C1CNC1,Z3654a,openbind_xx01zvns2b_c1_scaffolds,Z3487a,Z4816a,,,,,,,,,,,,,,,,,,,,,,,,,,,,,,,,,,,,,,,,,,,,,,,,,,,,,,,,,,,
CC(C)NC(=O)C(O)(NC1NCC2(CCNC2)CN1)c1cc(F)cc2c1CC(F)(F)N2C1CNC1,Z3654a,openbind_xx01zvns2b_c1_scaffolds,Z3503a,Z3677a,Z3792a,Z3858a,Z3898a,Z3970a,Z4019a,Z4020a,Z4025a,Z4103a,Z4816a,,,,,,,,,,,,,,,,,,,,,,,,,,,,,,,,,,,,,,,,,,,,,,,,,,
O=C(Nc1ccc2c(c1)CCCC2)c1cc(Cl)cc2c1cc(C(F)(F)F)n2C1CNC1,Z3654a,openbind_xx01zvns2b_c1_scaffolds,Z3519a,Z4816a,,,,,,,,,,,,,,,,,,,,,,,,,,,,,,,,,,,,,,,,,,,,,,,,,,,,,,,,,,,
CC(NCCCn1nc2c(Cl)cc(C(=O)Nc3ccc4c(c3)CNC4)cc2c1CC1CCNCC1)c1cn(-c2ccccc2)nn1,Z3654a,openbind_xx01zvns2b_c1_scaffolds,Z3545a,Z4816a,,,,,,,,,,,,,,,,,,,,,,,,,,,,,,,,,,,,,,,,,,,,,,,,,,,,,,,,,,,
N#CC(Nc1ccc2c(c1)CCCC2)c1cc(Cl)cc2c1cnn2C1CNC1,Z3654a,openbind_xx01zvns2b_c1_scaffolds,Z3548a,Z4816a,,,,,,,,,,,,,,,,,,,,,,,,,,,,,,,,,,,,,,,,,,,,,,,,,,,,,,,,,,,
O=C(Nc1ccc2c(c1)CCCC2)c1cc(Cl)cc2c1C1(CCNC1)NN2C1CNC1,Z3654a,openbind_xx01zvns2b_c1_scaffolds,Z3622a,Z4816a,,,,,,,,,,,,,,,,,,,,,,,,,,,,,,,,,,,,,,,,,,,,,,,,,,,,,,,,,,,
O=C(NCC1CCOCC1)C(O)(Nc1ccc2c(c1)CCCC2)c1cc(Cl)cc2c1cnn2C1CNC1,Z3654a,openbind_xx01zvns2b_c1_scaffolds,Z3647a,Z4816a,,,,,,,,,,,,,,,,,,,,,,,,,,,,,,,,,,,,,,,,,,,,,,,,,,,,,,,,,,,
CNCn1c(-c2ccccc2)nc2c(C(=O)Nc3cc4c(cc3F)CNC4)cc(C=O)cc21,Z3654a,openbind_xx01zvns2b_c1_scaffolds,Z3685a,Z3743a,Z3754a,Z4816a,,,,,,,,,,,,,,,,,,,,,,,,,,,,,,,,,,,,,,,,,,,,,,,,,,,,,,,,,
NCn1cc2c(C(=O)Nc3cnc4c(c3)CNC4)cc(F)cc2n1,Z3654a,openbind_xx01zvns2b_c1_scaffolds,Z3696a,Z4206a,Z4478a,Z4816a,Z5136a,,,,,,,,,,,,,,,,,,,,,,,,,,,,,,,,,,,,,,,,,,,,,,,,,,,,,,,,
O=C(Nc1ccc2c(c1)CCCC2)c1cc(Cl)c2c3c1cnn3C1(CNC1)C(=O)N2,Z3654a,openbind_xx01zvns2b_c1_scaffolds,Z3706a,Z4039a,Z4089a,Z4816a,Z4838a,,,,,,,,,,,,,,,,,,,,,,,,,,,,,,,,,,,,,,,,,,,,,,,,,,,,,,,,
Cc1cc2c(cc1NC(C(=O)NC(C)C)c1cc(Cl)cc3c1nc(-c1ccccc1)n3OCNC(C)(C)CO)CNC2,Z3654a,openbind_xx01zvns2b_c1_scaffolds,Z3767a,Z4816a,,,,,,,,,,,,,,,,,,,,,,,,,,,,,,,,,,,,,,,,,,,,,,,,,,,,,,,,,,,
CCOC(=O)c1nn(C2CNC2)c2c(C#N)c(Cl)cc(C(=O)Nc3ccc(C4CNC4)cc3)c12,Z3654a,openbind_xx01zvns2b_c1_scaffolds,Z3769a,Z4816a,,,,,,,,,,,,,,,,,,,,,,,,,,,,,,,,,,,,,,,,,,,,,,,,,,,,,,,,,,,
NC1CCc2ccc(NC(=O)c3cc(Cl)cc4c3cnn4C3CNC3)cc2C1,Z3654a,openbind_xx01zvns2b_c1_scaffolds,Z3802a,Z4816a,,,,,,,,,,,,,,,,,,,,,,,,,,,,,,,,,,,,,,,,,,,,,,,,,,,,,,,,,,,
O=C(Nc1ccc2c(c1)CNC2)c1cccc2c1NC1(CCNCC1)C2,Z3654a,openbind_xx01zvns2b_c1_scaffolds,Z3803a,Z4816a,,,,,,,,,,,,,,,,,,,,,,,,,,,,,,,,,,,,,,,,,,,,,,,,,,,,,,,,,,,
CN1Cc2cc(NC(=O)c3cc(Cl)c4c5c3cnn5C3(CNC3)C(=O)N4)cc(F)c2C12CCCCC2,Z3654a,openbind_xx01zvns2b_c1_scaffolds,Z3826a,Z4816a,,,,,,,,,,,,,,,,,,,,,,,,,,,,,,,,,,,,,,,,,,,,,,,,,,,,,,,,,,,
O=C(Nc1ccc2c(c1)CNC2)c1cc(Br)c2c3c(c4c(cc13)CNCC4)C=N2,Z3654a,openbind_xx01zvns2b_c1_scaffolds,Z3833a,Z4816a,,,,,,,,,,,,,,,,,,,,,,,,,,,,,,,,,,,,,,,,,,,,,,,,,,,,,,,,,,,
CSc1cc2c(cc1NC(=O)c1cc(Cl)cc3c1cnn3C1CNC1)CCCC2,Z3654a,openbind_xx01zvns2b_c1_scaffolds,Z3834a,Z4816a,,,,,,,,,,,,,,,,,,,,,,,,,,,,,,,,,,,,,,,,,,,,,,,,,,,,,,,,,,,
CC(C)NC(=O)N(C(=O)C1CC2=C(C1)SCN2)c1ccc2c(c1)CNC2,Z3654a,openbind_xx01zvns2b_c1_scaffolds,Z3850a,Z4816a,,,,,,,,,,,,,,,,,,,,,,,,,,,,,,,,,,,,,,,,,,,,,,,,,,,,,,,,,,,
O=C(O)CC1CCCc2cc(NC(=O)c3cc(Cl)cc4c3cnn4C3CNC3)ccc21,Z3654a,openbind_xx01zvns2b_c1_scaffolds,Z3856a,Z4816a,,,,,,,,,,,,,,,,,,,,,,,,,,,,,,,,,,,,,,,,,,,,,,,,,,,,,,,,,,,
CC1(C)Cc2c(c(NC(=O)c3cc(Cl)cc4c3cnn4C3CNC3)cc3cnccc23)O1,Z3654a,openbind_xx01zvns2b_c1_scaffolds,Z3867a,Z4816a,,,,,,,,,,,,,,,,,,,,,,,,,,,,,,,,,,,,,,,,,,,,,,,,,,,,,,,,,,,
NC1(n2ncc3c(C(=O)Nc4ccc5c(c4)CCCC5)cc(Cl)cc32)CNC1,Z3654a,openbind_xx01zvns2b_c1_scaffolds,Z3956a,Z4160a,Z4816a,,,,,,,,,,,,,,,,,,,,,,,,,,,,,,,,,,,,,,,,,,,,,,,,,,,,,,,,,,
N#Cc1csc2cc(C(=O)Nc3ccc4c(c3)CCCC4)c3cnn(C4CNC4)c3c12,Z3654a,openbind_xx01zvns2b_c1_scaffolds,Z4070a,Z4816a,,,,,,,,,,,,,,,,,,,,,,,,,,,,,,,,,,,,,,,,,,,,,,,,,,,,,,,,,,,
O=C(Nc1cc2c(c(-c3ccncc3)c1)CCCC2)c1cc(Cl)cc2c1c[n+]([O-])n2C1CNC1,Z3654a,openbind_xx01zvns2b_c1_scaffolds,Z4090a,Z4816a,,,,,,,,,,,,,,,,,,,,,,,,,,,,,,,,,,,,,,,,,,,,,,,,,,,,,,,,,,,
CC12Cn3cc4c(C(=O)Nc5ccc6c(c5)CCCC6)cc(Cl)cc4c3C1CCN2,Z3654a,openbind_xx01zvns2b_c1_scaffolds,Z4120a,Z4816a,,,,,,,,,,,,,,,,,,,,,,,,,,,,,,,,,,,,,,,,,,,,,,,,,,,,,,,,,,,
O=C(O)CC(O)(Nc1ccc2c(c1)CCCC2)c1cc(Cl)cc2c1cnn2C1CNC1,Z3654a,openbind_xx01zvns2b_c1_scaffolds,Z4168a,Z4816a,,,,,,,,,,,,,,,,,,,,,,,,,,,,,,,,,,,,,,,,,,,,,,,,,,,,,,,,,,,
O=C(Nc1cc(Br)c2c(c1)CCCC2)c1cc(Cl)cc2c1cnn2C1CNC1,Z3654a,openbind_xx01zvns2b_c1_scaffolds,Z4169a,Z4816a,,,,,,,,,,,,,,,,,,,,,,,,,,,,,,,,,,,,,,,,,,,,,,,,,,,,,,,,,,,
CNCn1cc2c(C(=O)Nc3ccc4c(c3)CCCC4)cc(Cl)cc2c1C1CNC1,Z3654a,openbind_xx01zvns2b_c1_scaffolds,Z4498a,Z4816a,Z5061a,Z5067a,,,,,,,,,,,,,,,,,,,,,,,,,,,,,,,,,,,,,,,,,,,,,,,,,,,,,,,,,
CC1CCc2ccc(NC(=O)c3cc(Cl)cc4c3cnn4C3CNC3)cc2C1,Z3654a,openbind_xx01zvns2b_c1_scaffolds,Z4816a,Z4926a,,,,,,,,,,,,,,,,,,,,,,,,,,,,,,,,,,,,,,,,,,,,,,,,,,,,,,,,,,,
O=C(Nc1ccc2c(c1)CNC2)c1cccc2c1[nH]n1cccc21,Z3654a,openbind_xx01zvns2b_c1_scaffolds,Z4816a,Z4931a,,,,,,,,,,,,,,,,,,,,,,,,,,,,,,,,,,,,,,,,,,,,,,,,,,,,,,,,,,,
O=C(Nc1ccc2c(c1)CNC2)c1cc(Cl)cc2c3c([nH]c12)CCC3,Z3654a,openbind_xx01zvns2b_c1_scaffolds,Z4816a,Z4954a,,,,,,,,,,,,,,,,,,,,,,,,,,,,,,,,,,,,,,,,,,,,,,,,,,,,,,,,,,,
CNCc1c[nH]c2c(C(=O)Nc3ccc4c(c3)CN(F)C4)cc(Cl)cc12,Z3654a,openbind_xx01zvns2b_c1_scaffolds,Z4816a,Z4959b,,,,,,,,,,,,,,,,,,,,,,,,,,,,,,,,,,,,,,,,,,,,,,,,,,,,,,,,,,,
CN(C)Cn1cc2c(C(=O)Nc3ccc4c(c3)CCCC4)cc(Cl)cc2c1C1CNC1,Z3654a,openbind_xx01zvns2b_c1_scaffolds,Z4816a,Z4971a,,,,,,,,,,,,,,,,,,,,,,,,,,,,,,,,,,,,,,,,,,,,,,,,,,,,,,,,,,,
NC1(n2ncc3c(C(N=O)Nc4ccc5c(c4)CCCC5)cc(Cl)cc32)CNC1,Z3654a,openbind_xx01zvns2b_c1_scaffolds,Z4816a,Z5243a,,,,,,,,,,,,,,,,,,,,,,,,,,,,,,,,,,,,,,,,,,,,,,,,,,,,,,,,,,,
O=C(Nc1ccc2c(c1)CCCC2)c1cc(Cl)cc2c3n(cc12)C=CC=CC1=C3CCN1,Z3654a,openbind_xx01zvns2b_c1_scaffolds,Z0844a,Z4827a,,,,,,,,,,,,,,,,,,,,,,,,,,,,,,,,,,,,,,,,,,,,,,,,,,,,,,,,,,,
ClC1CCC(OCNc2ccc3ccncc3c2)CCCNN2C1CCC1NCCC12,Z3654a,openbind_xx01zvns2b_c1_scaffolds,Z0227a,Z1596a,Z3495a,Z3502a,Z3515a,Z3646a,Z3833a,Z4827a,Z5003a,,,,,,,,,,,,,,,,,,,,,,,,,,,,,,,,,,,,,,,,,,,,,,,,,,,,
CN1Cc2ccc(NC(=O)c3cc(Cl)cc4c3cc3n4C4CCNC4O3)cc2C1,Z3654a,openbind_xx01zvns2b_c1_scaffolds,Z0422a,Z4827a,,,,,,,,,,,,,,,,,,,,,,,,,,,,,,,,,,,,,,,,,,,,,,,,,,,,,,,,,,,
CNC1CC2=C(CNN2C2CNC2)C(C(=O)Nc2ccc3c(c2)CN(C)C3)C1,Z3654a,openbind_xx01zvns2b_c1_scaffolds,Z0727a,Z0772a,Z4827a,,,,,,,,,,,,,,,,,,,,,,,,,,,,,,,,,,,,,,,,,,,,,,,,,,,,,,,,,,
CCC(CC1=CS(CCCCS(C)(=O)=O)=CN1)C(Nc1ccc2c(c1)CNC2)C(=O)NC(C)C,Z3654a,openbind_xx01zvns2b_c1_scaffolds,Z0884a,Z4827a,,,,,,,,,,,,,,,,,,,,,,,,,,,,,,,,,,,,,,,,,,,,,,,,,,,,,,,,,,,
CN1Cc2ccc(NC(=O)c3c(O)c(Cl)c4c5c3cnn5C3C(F)CNC3C(=O)N4)cc2C1,Z3654a,openbind_xx01zvns2b_c1_scaffolds,Z0969a,Z4827a,,,,,,,,,,,,,,,,,,,,,,,,,,,,,,,,,,,,,,,,,,,,,,,,,,,,,,,,,,,
COCC(=O)Nc1cc(CN2CC(n3ncc4c(C(=O)Nc5ccc6c(c5)CN(C)C6)cc(Cl)cc43)C2)cc(NC(C)=O)c1,Z3654a,openbind_xx01zvns2b_c1_scaffolds,Z1271a,Z4827a,,,,,,,,,,,,,,,,,,,,,,,,,,,,,,,,,,,,,,,,,,,,,,,,,,,,,,,,,,,
Cc1cc(NC(=O)c2cc(Cl)cc3c2c(F)nn3C2CNC2)cc2c1CN(C)C2,Z3654a,openbind_xx01zvns2b_c1_scaffolds,Z1288a,Z4827a,,,,,,,,,,,,,,,,,,,,,,,,,,,,,,,,,,,,,,,,,,,,,,,,,,,,,,,,,,,
CCC1CC2=C(CNN2C2CNC2)C(C(=O)Nc2cc3c(cc2C)CN(C)C3)C1,Z3654a,openbind_xx01zvns2b_c1_scaffolds,Z1317a,Z4827a,,,,,,,,,,,,,,,,,,,,,,,,,,,,,,,,,,,,,,,,,,,,,,,,,,,,,,,,,,,
COCc1cc2c(C(=O)Nc3ccc4c(c3)CN(C)C4)cc(Cl)cc2n1C1CNC1,Z3654a,openbind_xx01zvns2b_c1_scaffolds,Z1320a,Z4827a,,,,,,,,,,,,,,,,,,,,,,,,,,,,,,,,,,,,,,,,,,,,,,,,,,,,,,,,,,,
O=C1Cc2cc(C(=O)Oc3ccc4c(c3)CNC4)ccc2N1,Z3654a,openbind_xx01zvns2b_c1_scaffolds,Z1398a,Z4827a,,,,,,,,,,,,,,,,,,,,,,,,,,,,,,,,,,,,,,,,,,,,,,,,,,,,,,,,,,,
CNCc1[nH]c2c(Cl)cc(C(=O)Nc3cc(C)c4c(c3)CNC4)cc2c1C,Z3654a,openbind_xx01zvns2b_c1_scaffolds,Z1667a,Z4827a,,,,,,,,,,,,,,,,,,,,,,,,,,,,,,,,,,,,,,,,,,,,,,,,,,,,,,,,,,,
CC(C)NC(=O)N(C(=O)c1cc(CS)ccc1CNN)c1cc2c(c(C3=CCOCC3)c1)CNC2,Z3654a,openbind_xx01zvns2b_c1_scaffolds,Z1743a,Z3503a,Z4827a,,,,,,,,,,,,,,,,,,,,,,,,,,,,,,,,,,,,,,,,,,,,,,,,,,,,,,,,,,
Cc1cc2c(cc1NC(O)(O)c1cc(Cl)cc3c1cnn3C1CNC1)CN(C)C2,Z3654a,openbind_xx01zvns2b_c1_scaffolds,Z2992a,Z4827a,,,,,,,,,,,,,,,,,,,,,,,,,,,,,,,,,,,,,,,,,,,,,,,,,,,,,,,,,,,
CCc1c(Cl)cc(C(=O)Nc2ccc(C3CNC3)cc2)c2cn(C(N)C3CCN3)nc12,Z3654a,openbind_xx01zvns2b_c1_scaffolds,Z3264a,Z4827a,,,,,,,,,,,,,,,,,,,,,,,,,,,,,,,,,,,,,,,,,,,,,,,,,,,,,,,,,,,
NCN=C1Nc2ccc(C(=O)Nc3ccc4c(c3)CNC4)cc2C1C1CCNCC1,Z3654a,openbind_xx01zvns2b_c1_scaffolds,Z3394a,Z4827a,,,,,,,,,,,,,,,,,,,,,,,,,,,,,,,,,,,,,,,,,,,,,,,,,,,,,,,,,,,
CN1Cc2ccc(NC(=O)c3cc(Cl)cc4c3cc(O)n4C3CNC3OCc3ccccc3)cc2C1,Z3654a,openbind_xx01zvns2b_c1_scaffolds,Z3397a,Z4827a,,,,,,,,,,,,,,,,,,,,,,,,,,,,,,,,,,,,,,,,,,,,,,,,,,,,,,,,,,,
CN1Cc2ccc(NC(=O)c3cc(Cl)cc4c3cc(CN3CCCC3)n4C3CNC3)cc2C1,Z3654a,openbind_xx01zvns2b_c1_scaffolds,Z3400a,Z4827a,,,,,,,,,,,,,,,,,,,,,,,,,,,,,,,,,,,,,,,,,,,,,,,,,,,,,,,,,,,
CC(C)NC(=O)C(O)(Nc1ccc2c(c1)CN(C)C2)c1cc(Cl)cc2c1cnn2C1CNC1,Z3654a,openbind_xx01zvns2b_c1_scaffolds,Z3441a,Z4827a,,,,,,,,,,,,,,,,,,,,,,,,,,,,,,,,,,,,,,,,,,,,,,,,,,,,,,,,,,,
CN1Cc2ccc(NC(=O)c3cc(Cl)cc4c3c[n+]([O-])n4C3CNC3)cc2C1,Z3654a,openbind_xx01zvns2b_c1_scaffolds,Z3501a,Z3665a,Z3774a,Z3850a,Z3867a,Z3941a,Z4017a,Z4019a,Z4090a,Z4827a,,,,,,,,,,,,,,,,,,,,,,,,,,,,,,,,,,,,,,,,,,,,,,,,,,,
CN1Cc2ccc(NC(=O)c3cc(Cl)cc4c3C3(CNCN3)NN4C3CNC3)cc2C1,Z3654a,openbind_xx01zvns2b_c1_scaffolds,Z3506a,Z4827a,,,,,,,,,,,,,,,,,,,,,,,,,,,,,,,,,,,,,,,,,,,,,,,,,,,,,,,,,,,
NCC1CCCC2(C1)Nc1c(F)cc(C(=O)Nc3ccc4c(c3)CNC4)cc1C2C1CNC1,Z3654a,openbind_xx01zvns2b_c1_scaffolds,Z3522a,Z4827a,,,,,,,,,,,,,,,,,,,,,,,,,,,,,,,,,,,,,,,,,,,,,,,,,,,,,,,,,,,
O=C(NCC(F)F)C(Nc1ccc2c(c1)CNC2)C1CC2CCCCC(OCF)C2C1,Z3654a,openbind_xx01zvns2b_c1_scaffolds,Z3559a,Z4827a,,,,,,,,,,,,,,,,,,,,,,,,,,,,,,,,,,,,,,,,,,,,,,,,,,,,,,,,,,,
CN1Cc2ccc(NC(=O)c3cc(Cl)cc4c3C3(CCNC3)NN4C3CNC3)cc2C1,Z3654a,openbind_xx01zvns2b_c1_scaffolds,Z3561a,Z4827a,,,,,,,,,,,,,,,,,,,,,,,,,,,,,,,,,,,,,,,,,,,,,,,,,,,,,,,,,,,
CC(C)NC(=O)C(O)(NC1CCC2(CCNC2)CN1)c1cc(F)cc2c1CC(F)(F)N2C1CNC1,Z3654a,openbind_xx01zvns2b_c1_scaffolds,Z3647a,Z4827a,,,,,,,,,,,,,,,,,,,,,,,,,,,,,,,,,,,,,,,,,,,,,,,,,,,,,,,,,,,
CN1Cc2cc(C#N)c(NC(=O)c3cc(Cl)cc4c3cnn4C3CNC3)cc2C1,Z3654a,openbind_xx01zvns2b_c1_scaffolds,Z3743a,Z4827a,,,,,,,,,,,,,,,,,,,,,,,,,,,,,,,,,,,,,,,,,,,,,,,,,,,,,,,,,,,
O=C(NC1CC2=C(CNC2)CN1)c1cc(Cl)cc2c1cc(CC1CNC1)n2C1CNC1,Z3654a,openbind_xx01zvns2b_c1_scaffolds,Z3815a,Z4827a,,,,,,,,,,,,,,,,,,,,,,,,,,,,,,,,,,,,,,,,,,,,,,,,,,,,,,,,,,,
COCCOC1(C)C(=O)N(C2CNC2)c2cc(Cl)cc(C(=O)Nc3ccc4c(c3)CN(C)C4)c21,Z3654a,openbind_xx01zvns2b_c1_scaffolds,Z3817a,Z4827a,,,,,,,,,,,,,,,,,,,,,,,,,,,,,,,,,,,,,,,,,,,,,,,,,,,,,,,,,,,
CCc1ccc(C(=O)Nc2cccc(CCN)c2)c2c1NC(=O)C2C,Z3654a,openbind_xx01zvns2b_c1_scaffolds,Z3830a,Z4827a,,,,,,,,,,,,,,,,,,,,,,,,,,,,,,,,,,,,,,,,,,,,,,,,,,,,,,,,,,,
CSc1cc2c(cc1NC(=O)c1cc(Cl)cc3c1cnn3C1CNC1)CN(C)C2,Z3654a,openbind_xx01zvns2b_c1_scaffolds,Z3831a,Z4827a,,,,,,,,,,,,,,,,,,,,,,,,,,,,,,,,,,,,,,,,,,,,,,,,,,,,,,,,,,,
CC(C)c1nn(C2CNC2)c2cc(Cl)cc(C(O)(Nc3ccc4c(c3)CN(C)C4)C(=O)NCC(F)F)c12,Z3654a,openbind_xx01zvns2b_c1_scaffolds,Z3834a,Z4827a,,,,,,,,,,,,,,,,,,,,,,,,,,,,,,,,,,,,,,,,,,,,,,,,,,,,,,,,,,,
COC1(C)C(=O)N(C2CNC2)c2cc(Cl)cc(C(=O)Nc3ccc4c(c3)CN(C)C4)c21,Z3654a,openbind_xx01zvns2b_c1_scaffolds,Z3837a,Z4827a,,,,,,,,,,,,,,,,,,,,,,,,,,,,,,,,,,,,,,,,,,,,,,,,,,,,,,,,,,,
CC(C)OC1(C)C(=O)N(C2CNC2)c2cc(Cl)cc(C(=O)Nc3ccc4c(c3)CN(C)C4)c21,Z3654a,openbind_xx01zvns2b_c1_scaffolds,Z3856a,Z4827a,,,,,,,,,,,,,,,,,,,,,,,,,,,,,,,,,,,,,,,,,,,,,,,,,,,,,,,,,,,
CN1Cc2ccc(NC(=O)c3cc(Cl)cc4c3cnn4C3(N)CNC3)cc2C1,Z3654a,openbind_xx01zvns2b_c1_scaffolds,Z3936a,Z4025a,Z4139a,Z4827a,,,,,,,,,,,,,,,,,,,,,,,,,,,,,,,,,,,,,,,,,,,,,,,,,,,,,,,,,
CCNCc1nc2c(Cl)cc(C(=O)NC3CC4=C(CNC4)CC34CCCC4=O)cc2[nH]1,Z3654a,openbind_xx01zvns2b_c1_scaffolds,Z4008a,Z4827a,,,,,,,,,,,,,,,,,,,,,,,,,,,,,,,,,,,,,,,,,,,,,,,,,,,,,,,,,,,
CN1Cc2ccc(NC(=O)c3cc(Cl)cc4c3cnn4C3CNC3N)cc2C1,Z3654a,openbind_xx01zvns2b_c1_scaffolds,Z4104a,Z4827a,,,,,,,,,,,,,,,,,,,,,,,,,,,,,,,,,,,,,,,,,,,,,,,,,,,,,,,,,,,
CN1Cc2ccc(NC(O)(C(=O)NCCCF)c3cc(Cl)cc4c3cnn4C3CNC3)cc2C1,Z3654a,openbind_xx01zvns2b_c1_scaffolds,Z4132a,Z4168a,Z4827a,,,,,,,,,,,,,,,,,,,,,,,,,,,,,,,,,,,,,,,,,,,,,,,,,,,,,,,,,,
O=C(NC1CCC2CNCC2C1)c1cc(Cl)cc2c1CC1(CCCCC1)N2C1CNC1,Z3654a,openbind_xx01zvns2b_c1_scaffolds,Z4161a,Z4827a,,,,,,,,,,,,,,,,,,,,,,,,,,,,,,,,,,,,,,,,,,,,,,,,,,,,,,,,,,,
COC1(O)Nc2cc(F)cc(C(=O)Nc3cc(C)c4c(c3)CNC4)c2C1(C)OC,Z3654a,openbind_xx01zvns2b_c1_scaffolds,Z4164a,Z4827a,,,,,,,,,,,,,,,,,,,,,,,,,,,,,,,,,,,,,,,,,,,,,,,,,,,,,,,,,,,
CS(=O)(=O)C1CCC2CC(CCC23CNC3)C(C(=O)c2cc(Cl)c3[nH]cc(C4CCNCC4)c3c2)C1,Z3654a,openbind_xx01zvns2b_c1_scaffolds,Z4194a,Z4827a,,,,,,,,,,,,,,,,,,,,,,,,,,,,,,,,,,,,,,,,,,,,,,,,,,,,,,,,,,,
O=C(Nc1ccc(C2CNC2)cc1)c1cc(Cl)cc2c1C(O)C1(CSCN1)N2C1CNC1,Z3654a,openbind_xx01zvns2b_c1_scaffolds,Z4240a,Z4827a,Z4971a,,,,,,,,,,,,,,,,,,,,,,,,,,,,,,,,,,,,,,,,,,,,,,,,,,,,,,,,,,
CN1Cc2cc(NC(=O)c3cc(Cl)cc4c3cnn4C3CNC3)c3c(c2C1)CC(C)(C)O3,Z3654a,openbind_xx01zvns2b_c1_scaffolds,Z4827a,Z4886a,,,,,,,,,,,,,,,,,,,,,,,,,,,,,,,,,,,,,,,,,,,,,,,,,,,,,,,,,,,
CN1Cc2ccc(NC(=O)c3cc(Cl)cc4c3cc(CC3CCNCC3)n4C3CNC3)cc2C1,Z3654a,openbind_xx01zvns2b_c1_scaffolds,Z4827a,Z4959b,,,,,,,,,,,,,,,,,,,,,,,,,,,,,,,,,,,,,,,,,,,,,,,,,,,,,,,,,,,
CNCC1C2=C3C(NC1O)C(F)CC(C(=O)Nc1ccc4c(c1)CNC4)C3NC2c1ccc(OC)nn1,Z3654a,openbind_xx01zvns2b_c1_scaffolds,Z4827a,Z5067a,,,,,,,,,,,,,,,,,,,,,,,,,,,,,,,,,,,,,,,,,,,,,,,,,,,,,,,,,,,
CC(C)c1cc2c(C(=O)Nc3cccc(CN)n3)cc(F)cc2n1C1CNC1,Z3654a,openbind_xx01zvns2b_c1_scaffolds,Z4827a,Z5230a,,,,,,,,,,,,,,,,,,,,,,,,,,,,,,,,,,,,,,,,,,,,,,,,,,,,,,,,,,,
CCCC1C2CC(NC(C)=O)CCC2C2C1C(=O)C(NC(C)=O)N2c1ccc2c(c1)CN(C)C2,Z3654a,openbind_xx01zvns2b_c1_scaffolds,Z0490a,Z4838a,,,,,,,,,,,,,,,,,,,,,,,,,,,,,,,,,,,,,,,,,,,,,,,,,,,,,,,,,,,
CN1Cc2ccc(NC(=O)c3cc(Cl)cc4c3CC3(CCOCC3)N4C3CNC3)cc2C1,Z3654a,openbind_xx01zvns2b_c1_scaffolds,Z1682a,Z4838a,,,,,,,,,,,,,,,,,,,,,,,,,,,,,,,,,,,,,,,,,,,,,,,,,,,,,,,,,,,
CN1CCC(c2c[nH]c3c(Cl)cc(C(Nc4ccc5c(c4)CNC5)C(=O)NCC(F)F)c(OCC(=O)O)c23)CC1,Z3654a,openbind_xx01zvns2b_c1_scaffolds,Z0404a,Z4838a,,,,,,,,,,,,,,,,,,,,,,,,,,,,,,,,,,,,,,,,,,,,,,,,,,,,,,,,,,,
Nn1cc2c(C(=O)Nc3cc(F)cc(N4CCCC4)c3)cc(Cl)cc2c1C1CNC1,Z3654a,openbind_xx01zvns2b_c1_scaffolds,Z0472a,Z0589a,Z0788a,Z1716a,Z4838a,Z5003a,Z5029a,,,,,,,,,,,,,,,,,,,,,,,,,,,,,,,,,,,,,,,,,,,,,,,,,,,,,,
CC(CN)n1cc2c(C(=O)Nc3cc(F)cc(N4CCCC4)c3)cc(Cl)cc2c1C1CNC1,Z3654a,openbind_xx01zvns2b_c1_scaffolds,Z0673a,Z4838a,,,,,,,,,,,,,,,,,,,,,,,,,,,,,,,,,,,,,,,,,,,,,,,,,,,,,,,,,,,
NCCC1(CC2CCNCC2)C[SH]2CC3C(C(=O)Nc4ccc5c(c4)CNC5)CCC1C3C2,Z3654a,openbind_xx01zvns2b_c1_scaffolds,Z0846a,Z4838a,,,,,,,,,,,,,,,,,,,,,,,,,,,,,,,,,,,,,,,,,,,,,,,,,,,,,,,,,,,
Cc1c(F)cc(NC(=O)c2cc(Cl)cc3c2C(F)(F)NN3C2CNC2)cc1N1CCCC1,Z3654a,openbind_xx01zvns2b_c1_scaffolds,Z1288a,Z4838a,,,,,,,,,,,,,,,,,,,,,,,,,,,,,,,,,,,,,,,,,,,,,,,,,,,,,,,,,,,
CN1CCC(C2C(F)C(NC(=O)c3cc(Cl)cc4c3cnn4C3CNC3)CCC23CCOC3)CC1,Z3654a,openbind_xx01zvns2b_c1_scaffolds,Z1398a,Z4838a,,,,,,,,,,,,,,,,,,,,,,,,,,,,,,,,,,,,,,,,,,,,,,,,,,,,,,,,,,,
CC(C)NC(=O)C(O)(Nc1ccc2c(c1)CNC2)c1cc(Cl)c2c(c1)N1CCCC3COCN3C(C)NC1N2,Z3654a,openbind_xx01zvns2b_c1_scaffolds,Z1406a,Z4838a,,,,,,,,,,,,,,,,,,,,,,,,,,,,,,,,,,,,,,,,,,,,,,,,,,,,,,,,,,,
COn1cc2c(C(=O)Nc3cc(F)cc(N4CCCC4)c3)cc(Cl)cc2c1C1CNC1,Z3654a,openbind_xx01zvns2b_c1_scaffolds,Z1451a,Z4838a,,,,,,,,,,,,,,,,,,,,,,,,,,,,,,,,,,,,,,,,,,,,,,,,,,,,,,,,,,,
CC(C)Nc1nc2c([nH]1)CC1(Cc3cc4c(cc3C(C)N1)CNC4)CC2C,Z3654a,openbind_xx01zvns2b_c1_scaffolds,Z2126a,Z4838a,,,,,,,,,,,,,,,,,,,,,,,,,,,,,,,,,,,,,,,,,,,,,,,,,,,,,,,,,,,
CNC(=O)C(O)(Nc1cc(F)cc(N2CCCC2)c1)c1cc(Cl)cc2c1cnn2C1CNC1,Z3654a,openbind_xx01zvns2b_c1_scaffolds,Z3468a,Z4838a,,,,,,,,,,,,,,,,,,,,,,,,,,,,,,,,,,,,,,,,,,,,,,,,,,,,,,,,,,,
O=C(Nc1cc(F)cc(N2CCCC2)c1)c1cc(Cl)cc2c1c[n+]([O-])n2C1CNC1,Z3654a,openbind_xx01zvns2b_c1_scaffolds,Z3495a,Z3654a,Z3790a,Z3808b,Z3842a,Z3858a,Z3936a,Z4008a,Z4017a,Z4072a,Z4838a,,,,,,,,,,,,,,,,,,,,,,,,,,,,,,,,,,,,,,,,,,,,,,,,,,
Cn1cc2c(C(=O)Nc3cc(F)cc(N4CCCC4)c3)cc(Cl)cc2c1C1CNC1,Z3654a,openbind_xx01zvns2b_c1_scaffolds,Z3501a,Z3507a,Z3622a,Z3831a,Z4838a,,,,,,,,,,,,,,,,,,,,,,,,,,,,,,,,,,,,,,,,,,,,,,,,,,,,,,,,
O=C(Nc1ccc2c(c1)CNC2)c1cc(Cl)c2nn(NC3CNC3)c(CC3CCNCC3)c2c1,Z3654a,openbind_xx01zvns2b_c1_scaffolds,Z3505a,Z4838a,,,,,,,,,,,,,,,,,,,,,,,,,,,,,,,,,,,,,,,,,,,,,,,,,,,,,,,,,,,
CNCN1C(=O)Cc2c(C(=O)Oc3ccc4c(c3)CN(C)C4)cc(Cl)cc21,Z3654a,openbind_xx01zvns2b_c1_scaffolds,Z3665a,Z4838a,Z4959a,,,,,,,,,,,,,,,,,,,,,,,,,,,,,,,,,,,,,,,,,,,,,,,,,,,,,,,,,,
Nc1c(F)cc(N2CCCC2)cc1NC(=O)c1cc(Cl)cc2c1cnn2C1CNC1,Z3654a,openbind_xx01zvns2b_c1_scaffolds,Z3673a,Z3720a,Z3733a,Z4838a,,,,,,,,,,,,,,,,,,,,,,,,,,,,,,,,,,,,,,,,,,,,,,,,,,,,,,,,,
NCc1ccc(C23CCC(CC(=O)O)C4CC(C(=O)Nc5ccc6c(c5)CNC6)CC(SC2)C43)cc1,Z3654a,openbind_xx01zvns2b_c1_scaffolds,Z3767a,Z4838a,,,,,,,,,,,,,,,,,,,,,,,,,,,,,,,,,,,,,,,,,,,,,,,,,,,,,,,,,,,
CC1NCC1c1c2cc(Cl)cc(C(O)(Nc3cc(F)cc(N4CCCC4)c3)C(=O)NCC(F)F)c2cn1O,Z3654a,openbind_xx01zvns2b_c1_scaffolds,Z3774a,Z4838a,,,,,,,,,,,,,,,,,,,,,,,,,,,,,,,,,,,,,,,,,,,,,,,,,,,,,,,,,,,
O=C(NCC(F)F)C(O)(Nc1cc(F)cc(N2CCCC2)c1)c1cc(Cl)cc2c1c(F)nn2C1CNC1,Z3654a,openbind_xx01zvns2b_c1_scaffolds,Z3867a,Z4838a,,,,,,,,,,,,,,,,,,,,,,,,,,,,,,,,,,,,,,,,,,,,,,,,,,,,,,,,,,,
O=C(Nc1cc(F)cc(N2CCCC2)c1)c1cc(Cl)cc2c1cnn2C1CNC1,Z3654a,openbind_xx01zvns2b_c1_scaffolds,Z4134a,Z4139a,Z4160a,Z4168a,Z4179a,Z4204a,Z4227a,Z4838a,Z4872a,Z4886a,Z4887a,Z4905a,Z4926a,Z4931a,Z4963a,Z4971a,Z4978a,Z4983a,Z4991a,Z5002a,Z5042a,Z5061a,Z5067a,Z5082a,Z5139a,Z5171a,Z5197a,Z5200a,Z5227a,Z5229a,Z5236a,Z5243a,,,,,,,,,,,,,,,,,,,,,,,,,,,,,
CN1Cn2cc3c(C(=O)Nc4cc(F)cc(N5CCCC5)c4)cc(Cl)cc3c2C2CCNC21,Z3654a,openbind_xx01zvns2b_c1_scaffolds,Z4816a,Z4838a,,,,,,,,,,,,,,,,,,,,,,,,,,,,,,,,,,,,,,,,,,,,,,,,,,,,,,,,,,,
O=C(Nc1cc(F)cc(N2CCCC2)c1)c1cc(Cl)cc2c1CC13CCNCC1OC1NCCC1N23,Z3654a,openbind_xx01zvns2b_c1_scaffolds,Z4838a,Z4959b,,,,,,,,,,,,,,,,,,,,,,,,,,,,,,,,,,,,,,,,,,,,,,,,,,,,,,,,,,,
COn1cc2c(C(=O)Nc3ccc(C4CCOC4)cc3F)cc(Cl)cc2c1C1CNC1,Z3654a,openbind_xx01zvns2b_c1_scaffolds,Z0227a,Z4849a,,,,,,,,,,,,,,,,,,,,,,,,,,,,,,,,,,,,,,,,,,,,,,,,,,,,,,,,,,,
CC1(n2ncc3c(C(=O)Nc4ccc(C5CCOC5)cc4F)cc(Cl)cc32)CNC1,Z3654a,openbind_xx01zvns2b_c1_scaffolds,Z0404a,Z4849a,,,,,,,,,,,,,,,,,,,,,,,,,,,,,,,,,,,,,,,,,,,,,,,,,,,,,,,,,,,
O=C(Nc1ccc(C2CCOC2)cc1F)c1cc(Cl)cc2c1c[n+]([O-])n2C1CNC1,Z3654a,openbind_xx01zvns2b_c1_scaffolds,Z0422a,Z3489a,Z3647a,Z3808a,Z3837a,Z3856a,Z3898a,Z3980a,Z4008a,Z4072a,Z4849a,,,,,,,,,,,,,,,,,,,,,,,,,,,,,,,,,,,,,,,,,,,,,,,,,,
NC1(n2ncc3c(C(=O)Nc4ccc(C5CCOC5)cc4F)cc(Cl)cc32)CNC1,Z3654a,openbind_xx01zvns2b_c1_scaffolds,Z0429a,Z3880a,Z4019a,Z4849a,,,,,,,,,,,,,,,,,,,,,,,,,,,,,,,,,,,,,,,,,,,,,,,,,,,,,,,,,
CNCn1c(C(C)(C)S(C)(=O)=O)nc2c(C(=O)Nc3ccc4c(c3)C(N)NC4)cc(F)cc21,Z3654a,openbind_xx01zvns2b_c1_scaffolds,Z0601a,Z4849a,,,,,,,,,,,,,,,,,,,,,,,,,,,,,,,,,,,,,,,,,,,,,,,,,,,,,,,,,,,
CNC1CC2=C(CNN2C2CNC2)C(C(=O)Nc2ccc(C3CCOC3)cc2F)C1,Z3654a,openbind_xx01zvns2b_c1_scaffolds,Z0693a,Z4849a,,,,,,,,,,,,,,,,,,,,,,,,,,,,,,,,,,,,,,,,,,,,,,,,,,,,,,,,,,,
O=C(O)Cc1nn(C2CNC2)c2cc(Cl)cc(C(=O)Nc3ccc(C4CCOC4)cc3F)c12,Z3654a,openbind_xx01zvns2b_c1_scaffolds,Z0773a,Z4849a,,,,,,,,,,,,,,,,,,,,,,,,,,,,,,,,,,,,,,,,,,,,,,,,,,,,,,,,,,,
Cc1c(C2CCOC2)ccc(NC(=O)c2cc(Cl)cc3c(C4CNC4)n(C)cc23)c1F,Z3654a,openbind_xx01zvns2b_c1_scaffolds,Z1495a,Z4849a,,,,,,,,,,,,,,,,,,,,,,,,,,,,,,,,,,,,,,,,,,,,,,,,,,,,,,,,,,,
O=C(Nc1ccc2c(c1)CNC2)c1cc(F)c2[nH]c3c(c2c1)C1CCNCC1NCCC3,Z3654a,openbind_xx01zvns2b_c1_scaffolds,Z1731a,Z3501a,Z4849a,,,,,,,,,,,,,,,,,,,,,,,,,,,,,,,,,,,,,,,,,,,,,,,,,,,,,,,,,,
Cc1c(C2CCOC2)ccc(C(=O)C(=O)c2cc(Cl)cc3c2cnn3C2CC(C)(CO)C2C)c1F,Z3654a,openbind_xx01zvns2b_c1_scaffolds,Z2439a,Z4849a,,,,,,,,,,,,,,,,,,,,,,,,,,,,,,,,,,,,,,,,,,,,,,,,,,,,,,,,,,,
CCN1CC(n2ncc3c(C(=O)Nc4ccc(C5(CN)CCOC5)cc4F)cc(Cl)cc32)C1C,Z3654a,openbind_xx01zvns2b_c1_scaffolds,Z2992a,Z4849a,,,,,,,,,,,,,,,,,,,,,,,,,,,,,,,,,,,,,,,,,,,,,,,,,,,,,,,,,,,
NCCc1cc(NC(=O)c2cc(Cl)cc3c2cnn3C2(O)CN(c3ccccc3)C2)c(F)cc1C1CCOC1,Z3654a,openbind_xx01zvns2b_c1_scaffolds,Z3060a,Z4849a,,,,,,,,,,,,,,,,,,,,,,,,,,,,,,,,,,,,,,,,,,,,,,,,,,,,,,,,,,,
O=C(NCC1CCOCC1)C(O)(Nc1cc2c(c(C3=CCOCC3)c1)CNC2)c1cc(F)cc2n[nH]cc12,Z3654a,openbind_xx01zvns2b_c1_scaffolds,Z3394a,Z4849a,,,,,,,,,,,,,,,,,,,,,,,,,,,,,,,,,,,,,,,,,,,,,,,,,,,,,,,,,,,
N#Cc1cc(C2CCOC2)ccc1NC(=O)c1cc(Cl)cc2c1cnn2C1CNC1,Z3654a,openbind_xx01zvns2b_c1_scaffolds,Z3432a,Z3522a,Z3665a,Z3711a,Z3729a,Z4849a,,,,,,,,,,,,,,,,,,,,,,,,,,,,,,,,,,,,,,,,,,,,,,,,,,,,,,,
CC(C)NC(=O)C(O)(Nc1ccc(C2CCOC2)cc1F)c1cc(Cl)cc2c1cnn2C1CNC1,Z3654a,openbind_xx01zvns2b_c1_scaffolds,Z3439a,Z4849a,,,,,,,,,,,,,,,,,,,,,,,,,,,,,,,,,,,,,,,,,,,,,,,,,,,,,,,,,,,
O=C(NCC(F)F)C(O)(Nc1ccc(C2CCOC2)cc1F)c1cc(Cl)cc2c1cnn2C1CNC1,Z3654a,openbind_xx01zvns2b_c1_scaffolds,Z3452a,Z3758a,Z3792a,Z3799a,Z4103a,Z4469a,Z4849a,,,,,,,,,,,,,,,,,,,,,,,,,,,,,,,,,,,,,,,,,,,,,,,,,,,,,,
Cn1cc2c(C(=O)Nc3ccc(C4CCOC4)cc3F)cc(Cl)cc2c1C1CNC1,Z3654a,openbind_xx01zvns2b_c1_scaffolds,Z3487a,Z3495a,Z3506a,Z3596a,Z3830a,Z4849a,,,,,,,,,,,,,,,,,,,,,,,,,,,,,,,,,,,,,,,,,,,,,,,,,,,,,,,
O=C(NC1CCOCC1)C(O)(Nc1ccc(C2CCOC2)cc1F)c1cc(Cl)cc2c1cnn2C1CNC1,Z3654a,openbind_xx01zvns2b_c1_scaffolds,Z3502a,Z4849a,,,,,,,,,,,,,,,,,,,,,,,,,,,,,,,,,,,,,,,,,,,,,,,,,,,,,,,,,,,
O=C(Nc1ccn2cncc2n1)c1cc(F)cc2c(C3CNC3)n(CC3CNC3)cc12,Z3654a,openbind_xx01zvns2b_c1_scaffolds,Z3519a,Z4849a,,,,,,,,,,,,,,,,,,,,,,,,,,,,,,,,,,,,,,,,,,,,,,,,,,,,,,,,,,,
CC(=O)NN(c1ccc2c(c1)CNC2)C1(O)CNC2C(Cl)C3NNC(CC4CCNCC4)C3CC21,Z3654a,openbind_xx01zvns2b_c1_scaffolds,Z3548a,Z3685a,Z4849a,,,,,,,,,,,,,,,,,,,,,,,,,,,,,,,,,,,,,,,,,,,,,,,,,,,,,,,,,,
O=C(Nc1ccc2c(c1)CNC2)c1cc(F)c2c(c1)C(C1CCNCC1)C(=O)N2,Z3654a,openbind_xx01zvns2b_c1_scaffolds,Z3553a,Z4849a,,,,,,,,,,,,,,,,,,,,,,,,,,,,,,,,,,,,,,,,,,,,,,,,,,,,,,,,,,,
O=C(Nc1ccc(C2CCOC2)cc1F)c1cc(Cl)cc2c1C1(CCNC1)NN2C1CNC1,Z3654a,openbind_xx01zvns2b_c1_scaffolds,Z3556a,Z4849a,,,,,,,,,,,,,,,,,,,,,,,,,,,,,,,,,,,,,,,,,,,,,,,,,,,,,,,,,,,
O=C(Nc1ccc(C2CCOC2)cc1F)c1cc(Cl)cc2c1CC1(CCCCC1)N2C1CNC1,Z3654a,openbind_xx01zvns2b_c1_scaffolds,Z3654a,Z4849a,,,,,,,,,,,,,,,,,,,,,,,,,,,,,,,,,,,,,,,,,,,,,,,,,,,,,,,,,,,
CC(=O)NCC1(c2ccc3c(c2)CNC3)Nc2ccc3c(C4CN(C5CCOCC5)C4)n[nH]c3c2C1=O,Z3654a,openbind_xx01zvns2b_c1_scaffolds,Z3654a,Z4849a,,,,,,,,,,,,,,,,,,,,,,,,,,,,,,,,,,,,,,,,,,,,,,,,,,,,,,,,,,,
O=C(Nc1ccc(C2CCOC2)cc1F)c1cc(Cl)c2c3c1cnn3C1(CNC1)C(=O)N2,Z3654a,openbind_xx01zvns2b_c1_scaffolds,Z3689a,Z4017a,Z4838a,Z4849a,,,,,,,,,,,,,,,,,,,,,,,,,,,,,,,,,,,,,,,,,,,,,,,,,,,,,,,,,
CNCC1(O)Cc2cc(C(=O)Oc3cc4c(c5c3COC(C)(C)C5)CNC4)cc(Cl)c2N1,Z3654a,openbind_xx01zvns2b_c1_scaffolds,Z3808a,Z4849a,,,,,,,,,,,,,,,,,,,,,,,,,,,,,,,,,,,,,,,,,,,,,,,,,,,,,,,,,,,
CC1(OCCCO)C(=O)N(C2CNC2)c2cc(Cl)cc(C(=O)Nc3ccc(C4CCOC4)cc3F)c21,Z3654a,openbind_xx01zvns2b_c1_scaffolds,Z3808b,Z4849a,,,,,,,,,,,,,,,,,,,,,,,,,,,,,,,,,,,,,,,,,,,,,,,,,,,,,,,,,,,
Cc1c(C2CNC2)n(N)c2cc(Cl)c(C(=O)Nc3ccc4c(c3)CNC4)cc12,Z3654a,openbind_xx01zvns2b_c1_scaffolds,Z3819a,Z4849a,,,,,,,,,,,,,,,,,,,,,,,,,,,,,,,,,,,,,,,,,,,,,,,,,,,,,,,,,,,
O=C(O)CC1OCCC1c1ccc(NC(=O)c2cc(Cl)cc3c2cnn3C2CNC2)c(F)c1,Z3654a,openbind_xx01zvns2b_c1_scaffolds,Z3834a,Z4849a,,,,,,,,,,,,,,,,,,,,,,,,,,,,,,,,,,,,,,,,,,,,,,,,,,,,,,,,,,,
Cc1cc(CCN)cc(C(=O)C(=O)c2cc(Cl)cc3c2CC(O)(NC(C)(C)CO)N3)c1,Z3654a,openbind_xx01zvns2b_c1_scaffolds,Z3970a,Z4849a,,,,,,,,,,,,,,,,,,,,,,,,,,,,,,,,,,,,,,,,,,,,,,,,,,,,,,,,,,,
O=C(Nc1ccc(C2CCOC2)c(Cc2ccncc2)c1F)c1cc(Cl)cc2c1c[n+]([O-])n2C1CNC1,Z3654a,openbind_xx01zvns2b_c1_scaffolds,Z4066a,Z4849a,,,,,,,,,,,,,,,,,,,,,,,,,,,,,,,,,,,,,,,,,,,,,,,,,,,,,,,,,,,
O=C(Nc1ccc2c(c1)CNC2)c1cc(Cl)c2c(c1)C(CC1CCNCC1)C(=O)N2,Z3654a,openbind_xx01zvns2b_c1_scaffolds,Z4094a,Z4849a,,,,,,,,,,,,,,,,,,,,,,,,,,,,,,,,,,,,,,,,,,,,,,,,,,,,,,,,,,,
Cc1cc(CN(NC2CNC2)OCF)cc(C(C(=O)NCC(F)F)C(=O)c2ccc3c(c2)CN(C(F)F)C3)c1,Z3654a,openbind_xx01zvns2b_c1_scaffolds,Z4120a,Z4125a,Z4161a,Z4849a,,,,,,,,,,,,,,,,,,,,,,,,,,,,,,,,,,,,,,,,,,,,,,,,,,,,,,,,,
O=C(NCCCF)C(O)(Nc1ccc(C2CCOC2)cc1F)c1cc(Cl)cc2c1cnn2C1CNC1,Z3654a,openbind_xx01zvns2b_c1_scaffolds,Z4125a,Z4849a,,,,,,,,,,,,,,,,,,,,,,,,,,,,,,,,,,,,,,,,,,,,,,,,,,,,,,,,,,,
N#Cc1cc2c(cc1NC(=O)c1cc(F)cc3c1CC1(CCNCC1)N3)CNC2,Z3654a,openbind_xx01zvns2b_c1_scaffolds,Z4131a,Z4849a,,,,,,,,,,,,,,,,,,,,,,,,,,,,,,,,,,,,,,,,,,,,,,,,,,,,,,,,,,,
Cc1nn(C2CNC2)c2cc(Cl)cc(C(=O)C(=O)c3ccc(C4CCOC4)cc3F)c12,Z3654a,openbind_xx01zvns2b_c1_scaffolds,Z4138a,Z4849a,,,,,,,,,,,,,,,,,,,,,,,,,,,,,,,,,,,,,,,,,,,,,,,,,,,,,,,,,,,
CCN1CCC2(CC1)Cc1c(C(=O)Nc3ccc(C4CCOC4)cc3F)cc(Cl)cc1N2C1CNC1,Z3654a,openbind_xx01zvns2b_c1_scaffolds,Z4178a,Z4849a,,,,,,,,,,,,,,,,,,,,,,,,,,,,,,,,,,,,,,,,,,,,,,,,,,,,,,,,,,,
O=C1CC2=C(N1)C(Cl)CC(C(=O)Nc1cnc3c(c1)CNC3)C21CCNC1,Z3654a,openbind_xx01zvns2b_c1_scaffolds,Z4240a,Z4849a,,,,,,,,,,,,,,,,,,,,,,,,,,,,,,,,,,,,,,,,,,,,,,,,,,,,,,,,,,,
O=C1Cc2c(cc(Cl)cc2C(O)(Nc2cnc3c(c2)CNC3)C(=O)NCC(F)F)N1,Z3654a,openbind_xx01zvns2b_c1_scaffolds,Z4756a,Z4849a,,,,,,,,,,,,,,,,,,,,,,,,,,,,,,,,,,,,,,,,,,,,,,,,,,,,,,,,,,,
CC1(C)Cc2c(C3CCOC3)ccc(NC(=O)c3cc(Cl)cc4c3cnn4C3CNC3)c2O1,Z3654a,openbind_xx01zvns2b_c1_scaffolds,Z4849a,Z4861a,,,,,,,,,,,,,,,,,,,,,,,,,,,,,,,,,,,,,,,,,,,,,,,,,,,,,,,,,,,
O=C(Nc1ccc(C2CCOC2)c(F)c1F)c1cc(Cl)cc2c1cnn2C1CNC1,Z3654a,openbind_xx01zvns2b_c1_scaffolds,Z4849a,Z4887a,Z4590a,Z4926a,,,,,,,,,,,,,,,,,,,,,,,,,,,,,,,,,,,,,,,,,,,,,,,,,,,,,,,,,
N#Cc1c(C2CCOC2)ccc(NC(=O)c2cc(Cl)cc3c2cnn3C2CNC2)c1F,Z3654a,openbind_xx01zvns2b_c1_scaffolds,Z4849a,Z4931a,,,,,,,,,,,,,,,,,,,,,,,,,,,,,,,,,,,,,,,,,,,,,,,,,,,,,,,,,,,
O=C(Nc1ccc(C2COC(C(F)F)C2)cc1F)c1cc(Cl)cc2c1cnn2C1CNC1,Z3654a,openbind_xx01zvns2b_c1_scaffolds,Z4849a,Z4951a,,,,,,,,,,,,,,,,,,,,,,,,,,,,,,,,,,,,,,,,,,,,,,,,,,,,,,,,,,,
NCn1cc2c(C(=O)Nc3ccc(C4CCOC4)cc3F)cc(Cl)cc2c1C1CNC1,Z3654a,openbind_xx01zvns2b_c1_scaffolds,Z4849a,Z5010a,,,,,,,,,,,,,,,,,,,,,,,,,,,,,,,,,,,,,,,,,,,,,,,,,,,,,,,,,,,
O=C(Nc1ccc(C2CCOC2)cc1F)c1cc(Cl)cc2c1CC1(CCNCC1)N2C1CNC1,Z3654a,openbind_xx01zvns2b_c1_scaffolds,Z4849a,Z5085a,,,,,,,,,,,,,,,,,,,,,,,,,,,,,,,,,,,,,,,,,,,,,,,,,,,,,,,,,,,
N#Cc1cc2c(cc1NC(=O)c1cc(F)c3[nH]cc(C4CCNCC4)c3c1)CNC2,Z3654a,openbind_xx01zvns2b_c1_scaffolds,Z4849a,Z5171a,,,,,,,,,,,,,,,,,,,,,,,,,,,,,,,,,,,,,,,,,,,,,,,,,,,,,,,,,,,
CC1CCCCN1C(=O)C(c1cc(Cl)cc(C(F)(F)F)n1)N(C)c1cc(CN)c2c(c1)CNC2,Z3654a,openbind_xx01zvns2b_c1_scaffolds,Z0227a,Z4855a,,,,,,,,,,,,,,,,,,,,,,,,,,,,,,,,,,,,,,,,,,,,,,,,,,,,,,,,,,,
O=C(Nc1ccc(N2CCCCC2)c(F)c1)c1cc(Cl)cc2c1c[n+]([O-])n2C1CNC1,Z3654a,openbind_xx01zvns2b_c1_scaffolds,Z0422a,Z4855a,,,,,,,,,,,,,,,,,,,,,,,,,,,,,,,,,,,,,,,,,,,,,,,,,,,,,,,,,,,
CC(C)OC1(C)C(=O)N(C(N)=O)c2cc(F)cc(C(=O)Nc3ccc4c(c3)CNC4)c21,Z3654a,openbind_xx01zvns2b_c1_scaffolds,Z0601a,Z4855a,,,,,,,,,,,,,,,,,,,,,,,,,,,,,,,,,,,,,,,,,,,,,,,,,,,,,,,,,,,
COCc1cc2c(C(=O)Nc3ccc(N4CCCCC4)c(F)c3)cc(Cl)cc2n1C1CNC1,Z3654a,openbind_xx01zvns2b_c1_scaffolds,Z1291a,Z4855a,,,,,,,,,,,,,,,,,,,,,,,,,,,,,,,,,,,,,,,,,,,,,,,,,,,,,,,,,,,
CCOC(=O)c1nn(C2CNC2)c2c(C#N)c(Cl)cc(C(=O)Nc3ccc(N4CCCCC4)c(F)c3)c12,Z3654a,openbind_xx01zvns2b_c1_scaffolds,Z1728a,Z4855a,,,,,,,,,,,,,,,,,,,,,,,,,,,,,,,,,,,,,,,,,,,,,,,,,,,,,,,,,,,
O=C(C(=O)c1cc(Cl)cc2c1cnn2C1CNC1)c1ccc(N2CCCCC2)c(F)c1,Z3654a,openbind_xx01zvns2b_c1_scaffolds,Z1743a,Z4855a,,,,,,,,,,,,,,,,,,,,,,,,,,,,,,,,,,,,,,,,,,,,,,,,,,,,,,,,,,,
COc1ccc(-c2cc3c(C(=O)NC4CCC5(CCNC5)CN4)cc(Cl)cc3n2C2CNC2)nn1,Z3654a,openbind_xx01zvns2b_c1_scaffolds,Z3021a,Z4855a,,,,,,,,,,,,,,,,,,,,,,,,,,,,,,,,,,,,,,,,,,,,,,,,,,,,,,,,,,,
O=C(NC1NCC2=CN=CC2N1)c1cc(F)cc2c1c[n+]([O-])n2C1CNC1,Z3654a,openbind_xx01zvns2b_c1_scaffolds,Z3093a,Z4855a,,,,,,,,,,,,,,,,,,,,,,,,,,,,,,,,,,,,,,,,,,,,,,,,,,,,,,,,,,,
O=C(Nc1cc(F)c2c(c1)CNC21CCCCC1C(=O)O)c1cc(Cl)cc2c1cnn2C1CNC1,Z3654a,openbind_xx01zvns2b_c1_scaffolds,Z3813a,Z4855a,,,,,,,,,,,,,,,,,,,,,,,,,,,,,,,,,,,,,,,,,,,,,,,,,,,,,,,,,,,
O=C(NC1CC(F)C2C(CNC3CCCCC32)C1)c1cc(Cl)c2c3c1cnn3C1(CNC1)C(=O)N2,Z3654a,openbind_xx01zvns2b_c1_scaffolds,Z3970a,Z4855a,,,,,,,,,,,,,,,,,,,,,,,,,,,,,,,,,,,,,,,,,,,,,,,,,,,,,,,,,,,
O=C(NCCCF)C(O)(Nc1ccc(N2CCCCC2)c(F)c1)c1cc(Cl)cc2c1cnn2C1CNC1,Z3654a,openbind_xx01zvns2b_c1_scaffolds,Z4072a,Z4855a,,,,,,,,,,,,,,,,,,,,,,,,,,,,,,,,,,,,,,,,,,,,,,,,,,,,,,,,,,,
CCN1CCC2(CC1)Cc1c(C(=O)NC3CC(F)C4C(CNC5CCCCC54)C3)cc(Cl)cc1N2C1CNC1,Z3654a,openbind_xx01zvns2b_c1_scaffolds,Z4134a,Z4855a,,,,,,,,,,,,,,,,,,,,,,,,,,,,,,,,,,,,,,,,,,,,,,,,,,,,,,,,,,,
O=C(O)CC(Nc1ccc2c(c1)CNC2)c1cc(Cl)cc2c1CC1(CCNC1)N2,Z3654a,openbind_xx01zvns2b_c1_scaffolds,Z4245a,Z4855a,,,,,,,,,,,,,,,,,,,,,,,,,,,,,,,,,,,,,,,,,,,,,,,,,,,,,,,,,,,
O=C(Nc1ccc(N2CCCCC2)c(F)c1F)c1cc(Cl)cc2c1cnn2C1CNC1,Z3654a,openbind_xx01zvns2b_c1_scaffolds,Z4849a,Z4855a,,,,,,,,,,,,,,,,,,,,,,,,,,,,,,,,,,,,,,,,,,,,,,,,,,,,,,,,,,,
CNCc1cc(NC(=O)c2cc(Cl)cc3c2cnn3C2CNC2)cc(F)c1N1CCCCC1,Z3654a,openbind_xx01zvns2b_c1_scaffolds,Z4855a,Z5236a,,,,,,,,,,,,,,,,,,,,,,,,,,,,,,,,,,,,,,,,,,,,,,,,,,,,,,,,,,,
O=C(Nc1ccc2c(c1)CNC2)c1cc(Cl)cc2c(C3CNC3)[nH]nc12,Z3654a,openbind_xx01zvns2b_c1_scaffolds,Z0490a,Z1271a,Z4857a,,,,,,,,,,,,,,,,,,,,,,,,,,,,,,,,,,,,,,,,,,,,,,,,,,,,,,,,,,
O=C(NC1CCC2=C(CNC2)N1)c1cc(Cl)cc2c1CC1(CCNCC1)N2C1CNC1,Z3654a,openbind_xx01zvns2b_c1_scaffolds,Z0229a,Z4857a,,,,,,,,,,,,,,,,,,,,,,,,,,,,,,,,,,,,,,,,,,,,,,,,,,,,,,,,,,,
N#Cc1cccc(NC(=O)c2cc(CO)cc3c2cnn3C2CNC2)c1,Z3654a,openbind_xx01zvns2b_c1_scaffolds,Z0852a,Z4857a,,,,,,,,,,,,,,,,,,,,,,,,,,,,,,,,,,,,,,,,,,,,,,,,,,,,,,,,,,,
Cc1nn(C2CNC2)c2cc(Cl)cc(C(=O)C(=O)c3cccc(C#N)c3)c12,Z3654a,openbind_xx01zvns2b_c1_scaffolds,Z1719a,Z4857a,,,,,,,,,,,,,,,,,,,,,,,,,,,,,,,,,,,,,,,,,,,,,,,,,,,,,,,,,,,
CCNCc1csc(CC(CC)C(=O)N(C(=O)NCC(F)F)C2NCCCC23CC(F)N2CCCC23)c1,Z3654a,openbind_xx01zvns2b_c1_scaffolds,Z1753a,Z4857a,,,,,,,,,,,,,,,,,,,,,,,,,,,,,,,,,,,,,,,,,,,,,,,,,,,,,,,,,,,
CC1C(n2ncc3c(C(=O)C(=O)c4cccc(C#N)c4)cc(Cl)cc32)CC1(C)O,Z3654a,openbind_xx01zvns2b_c1_scaffolds,Z1761a,Z4857a,,,,,,,,,,,,,,,,,,,,,,,,,,,,,,,,,,,,,,,,,,,,,,,,,,,,,,,,,,,
N#CC1CC(NC(=O)c2cc(Cl)cc3c2CC24CCCCC2C2NCCC2N34)CC2CNCC12,Z3654a,openbind_xx01zvns2b_c1_scaffolds,Z3059a,Z4857a,,,,,,,,,,,,,,,,,,,,,,,,,,,,,,,,,,,,,,,,,,,,,,,,,,,,,,,,,,,
CNC1N=C(O)COc2c1cc(Cl)cc2C(Nc1ccc2c(c1)CNC2)C(=O)NCC(F)F,Z3654a,openbind_xx01zvns2b_c1_scaffolds,Z3264a,Z3817a,Z3837a,Z4198a,Z4857a,,,,,,,,,,,,,,,,,,,,,,,,,,,,,,,,,,,,,,,,,,,,,,,,,,,,,,,,
COCCOC1(C)C(=O)N(C2CNC2)c2cc(Cl)cc(C(=O)NC3CC(C#N)C4CNCC4C3)c21,Z3654a,openbind_xx01zvns2b_c1_scaffolds,Z3495a,Z4857a,,,,,,,,,,,,,,,,,,,,,,,,,,,,,,,,,,,,,,,,,,,,,,,,,,,,,,,,,,,
CC(C)Oc1c(C(C(=O)NCC(F)F)C(=O)c2ccc3c(c2)CNC3)cc(Cl)c2[nH]cc(C3CNC3)c12,Z3654a,openbind_xx01zvns2b_c1_scaffolds,Z3503a,Z4857a,,,,,,,,,,,,,,,,,,,,,,,,,,,,,,,,,,,,,,,,,,,,,,,,,,,,,,,,,,,
N#Cc1cc(NC(=O)c2cc(Cl)cc3c2c[n+]([O-])n3C2CNC2)cc2c1C(=O)NC2,Z3654a,openbind_xx01zvns2b_c1_scaffolds,Z3622a,Z4857a,,,,,,,,,,,,,,,,,,,,,,,,,,,,,,,,,,,,,,,,,,,,,,,,,,,,,,,,,,,
N#CC1CC(NC(=O)c2cc(Cl)cc3c2c[n+]([O-])n3C2CNC2)CC2CNCC12,Z3654a,openbind_xx01zvns2b_c1_scaffolds,Z3647a,Z3691a,Z4857a,,,,,,,,,,,,,,,,,,,,,,,,,,,,,,,,,,,,,,,,,,,,,,,,,,,,,,,,,,
NC1CNCCC12C(=O)Nc1c(F)cc(C(=O)Nc3ccc4c(c3)CNC4)cc12,Z3654a,openbind_xx01zvns2b_c1_scaffolds,Z3665a,Z4857a,,,,,,,,,,,,,,,,,,,,,,,,,,,,,,,,,,,,,,,,,,,,,,,,,,,,,,,,,,,
NC(c1ccncc1)c1cccc(NC(=O)c2cc(Cl)cc3c2c[n+]([O-])n3C2CNC2)c1,Z3654a,openbind_xx01zvns2b_c1_scaffolds,Z3689a,Z4857a,,,,,,,,,,,,,,,,,,,,,,,,,,,,,,,,,,,,,,,,,,,,,,,,,,,,,,,,,,,
CNCN1C(=O)C(C)(OC)c2c(C(=O)Nc3ccc4c(c3)CN(C)C4C)cc(F)cc21,Z3654a,openbind_xx01zvns2b_c1_scaffolds,Z3689a,Z4857a,,,,,,,,,,,,,,,,,,,,,,,,,,,,,,,,,,,,,,,,,,,,,,,,,,,,,,,,,,,
CCC1=Nn2c(-c3nnc(C(C)C)s3)nc3c(C(=O)Nc4cc5c(cc4C)CNC5)cc(F)c(c32)N1,Z3654a,openbind_xx01zvns2b_c1_scaffolds,Z3699a,Z3706a,Z3729a,Z3743a,Z3790a,Z3808a,Z4104a,Z4117a,Z4118a,Z4120a,Z4204a,Z4243a,Z4429a,Z4469a,Z4478a,Z4756a,Z4816a,Z4827a,Z4838a,Z4857a,Z4861a,Z4872a,,,,,,,,,,,,,,,,,,,,,,,,,,,,,,,,,,,,,,,
O=C(Nc1cc(F)c2c(c1)CNC21CCCC1)c1cc(Cl)c2c3c1CNC1(CCNCC1)C3C(=O)N2,Z3654a,openbind_xx01zvns2b_c1_scaffolds,Z3813a,Z4857a,,,,,,,,,,,,,,,,,,,,,,,,,,,,,,,,,,,,,,,,,,,,,,,,,,,,,,,,,,,
CNCc1cc2c(Cl)cc(C(=O)Nc3ccc4c(c3)CNC4)cc2n1C1CCN(OC)CC1,Z3654a,openbind_xx01zvns2b_c1_scaffolds,Z3831a,Z4103a,Z4857a,,,,,,,,,,,,,,,,,,,,,,,,,,,,,,,,,,,,,,,,,,,,,,,,,,,,,,,,,,
Cn1cc2cc(NC(=O)c3cc(Cl)cc4c3cnn4C3CNC3)cc(C#N)c2c1,Z3654a,openbind_xx01zvns2b_c1_scaffolds,Z4025a,Z4857a,,,,,,,,,,,,,,,,,,,,,,,,,,,,,,,,,,,,,,,,,,,,,,,,,,,,,,,,,,,
Cc1c(C#N)c(NC(N=O)c2cc(F)cc3c2C2(CC(C)C(F)N2)NN3)cc2c1CNC2,Z3654a,openbind_xx01zvns2b_c1_scaffolds,Z4161a,Z4857a,,,,,,,,,,,,,,,,,,,,,,,,,,,,,,,,,,,,,,,,,,,,,,,,,,,,,,,,,,,
CC(C)NC(=O)C1C(c2ccc3c(c2)CNC3)=Cc2c(NCCC(N)=O)cc(NCS)cc21,Z3654a,openbind_xx01zvns2b_c1_scaffolds,Z4849a,Z4857a,,,,,,,,,,,,,,,,,,,,,,,,,,,,,,,,,,,,,,,,,,,,,,,,,,,,,,,,,,,
CNCc1ccc(NC(=O)c2cc(Cl)cc3c2cnn3C2CNC2)cc1C#N,Z3654a,openbind_xx01zvns2b_c1_scaffolds,Z4857a,Z4886a,,,,,,,,,,,,,,,,,,,,,,,,,,,,,,,,,,,,,,,,,,,,,,,,,,,,,,,,,,,
CCCC(CCC(N)=O)Cn1cc(-c2cc(F)cc(C(=O)Nc3ccc4c(c3)CNC4)c2N)cn1,Z3654a,openbind_xx01zvns2b_c1_scaffolds,Z0490a,Z4858a,,,,,,,,,,,,,,,,,,,,,,,,,,,,,,,,,,,,,,,,,,,,,,,,,,,,,,,,,,,
CC(=O)NN1CCC2C1Nc1c(Cl)cc(C(=O)Nc3ccc(F)cc3)c3cnn2c13,Z3654a,openbind_xx01zvns2b_c1_scaffolds,Z0490a,Z4858a,,,,,,,,,,,,,,,,,,,,,,,,,,,,,,,,,,,,,,,,,,,,,,,,,,,,,,,,,,,
O=C(Nc1ccc(F)cc1)c1cc(Cl)cc2c(C3CNC3)n(F)c(F)c12,Z3654a,openbind_xx01zvns2b_c1_scaffolds,Z0844a,Z4858a,,,,,,,,,,,,,,,,,,,,,,,,,,,,,,,,,,,,,,,,,,,,,,,,,,,,,,,,,,,
CC(C)n1nc2c(C(=O)Nc3ccc4c(c3)C(N)NC4)cccc2c1C1CN(C2CCOCC2)C1,Z3654a,openbind_xx01zvns2b_c1_scaffolds,Z2971a,Z4858a,,,,,,,,,,,,,,,,,,,,,,,,,,,,,,,,,,,,,,,,,,,,,,,,,,,,,,,,,,,
Cc1cc(NC(=O)c2cc(Cl)cc3c(C4CNC4)n(C)cc23)ccc1F,Z3654a,openbind_xx01zvns2b_c1_scaffolds,Z0422a,Z4858a,,,,,,,,,,,,,,,,,,,,,,,,,,,,,,,,,,,,,,,,,,,,,,,,,,,,,,,,,,,
O=C(Nc1ccc2c(c1)CNC2)C1CC(Cl)c2n[nH]c(C3CCNCC3)c2C12CNCN2,Z3654a,openbind_xx01zvns2b_c1_scaffolds,Z1261a,Z4858a,,,,,,,,,,,,,,,,,,,,,,,,,,,,,,,,,,,,,,,,,,,,,,,,,,,,,,,,,,,
CC(C)n1cc2c(C(=O)Nc3ccc(F)c(CN)c3)cc(Cl)cc2c1C1CNC1,Z3654a,openbind_xx01zvns2b_c1_scaffolds,Z1288a,Z4858a,,,,,,,,,,,,,,,,,,,,,,,,,,,,,,,,,,,,,,,,,,,,,,,,,,,,,,,,,,,
O=C(NC1CCC2=C(CNC2)C1)c1cc(Cl)cc2c1cnn2C1CNC1,Z3654a,openbind_xx01zvns2b_c1_scaffolds,Z1333a,Z4858a,,,,,,,,,,,,,,,,,,,,,,,,,,,,,,,,,,,,,,,,,,,,,,,,,,,,,,,,,,,
NCOc1ccc(NC(=O)c2cc(Cl)cc3c2c[n+]([O-])n3C2CNC2)cc1,Z3654a,openbind_xx01zvns2b_c1_scaffolds,Z1745a,Z4858a,,,,,,,,,,,,,,,,,,,,,,,,,,,,,,,,,,,,,,,,,,,,,,,,,,,,,,,,,,,
CCc1nn(C2CNC2)c2cc(Cl)cc(C(O)(NC3CCC4CNCC4C3)C(=O)NCC(F)F)c12,Z3654a,openbind_xx01zvns2b_c1_scaffolds,Z1750a,Z4858a,,,,,,,,,,,,,,,,,,,,,,,,,,,,,,,,,,,,,,,,,,,,,,,,,,,,,,,,,,,
CNCn1ncc2c(C(=O)Nc3cc4c(c(C5=CCOCC5)c3)C3(CCCC3)NC4)cc(F)cc21,Z3654a,openbind_xx01zvns2b_c1_scaffolds,Z1838a,Z4858a,,,,,,,,,,,,,,,,,,,,,,,,,,,,,,,,,,,,,,,,,,,,,,,,,,,,,,,,,,,
O=C(Nc1ccc(Oc2ccncc2)cc1)c1cc(Cl)cc2c1c[n+]([O-])n2C1CNC1,Z3654a,openbind_xx01zvns2b_c1_scaffolds,Z3463a,Z4858a,,,,,,,,,,,,,,,,,,,,,,,,,,,,,,,,,,,,,,,,,,,,,,,,,,,,,,,,,,,
N#Cc1cc(NC(=O)c2cc(Cl)cc3c2cnn3C2CNC2)ccc1F,Z3654a,openbind_xx01zvns2b_c1_scaffolds,Z3754a,Z4858a,,,,,,,,,,,,,,,,,,,,,,,,,,,,,,,,,,,,,,,,,,,,,,,,,,,,,,,,,,,
COn1cnc2c(C(Nc3ccc4c(c3)CNC4)C(=O)NCC(F)F)cc(Br)cc21,Z3654a,openbind_xx01zvns2b_c1_scaffolds,Z3980a,Z4858a,,,,,,,,,,,,,,,,,,,,,,,,,,,,,,,,,,,,,,,,,,,,,,,,,,,,,,,,,,,
O=C(Nc1ccc2c(c1)CN(CC(F)F)C2)C1CC(Cl)CC2=C1CNN2C1CNC1,Z3654a,openbind_xx01zvns2b_c1_scaffolds,Z4240a,Z4858a,,,,,,,,,,,,,,,,,,,,,,,,,,,,,,,,,,,,,,,,,,,,,,,,,,,,,,,,,,,
Nc1nn(C2CNC2)c2cc(Cl)cc(C(=O)Nc3ccc4c(c3)CN(CC(F)F)C4)c12,Z3654a,openbind_xx01zvns2b_c1_scaffolds,Z4858a,Z5148a,,,,,,,,,,,,,,,,,,,,,,,,,,,,,,,,,,,,,,,,,,,,,,,,,,,,,,,,,,,
NCc1c[nH]c2c(Cl)cc(C(Nc3ccc4c(c3)CNC4)C(=O)NCC(F)F)c(OCC(=O)O)c12,Z3654a,openbind_xx01zvns2b_c1_scaffolds,Z0846b,Z4861a,,,,,,,,,,,,,,,,,,,,,,,,,,,,,,,,,,,,,,,,,,,,,,,,,,,,,,,,,,,
CC1CC(C(C(=O)NCC(F)F)C(=O)c2ccc3c(c2)CNC3)CC2=C1NC(=O)CO2,Z3654a,openbind_xx01zvns2b_c1_scaffolds,Z1261a,Z1667a,Z1761a,Z2057a,Z2135a,Z2439a,Z2500a,Z2992a,Z3394a,Z4861a,,,,,,,,,,,,,,,,,,,,,,,,,,,,,,,,,,,,,,,,,,,,,,,,,,,
CC1C(N)CC2(CC(Br)CC(C(Nc3ccc4c(c3)CNC4)C(=O)NCC(F)F)C2Cl)N(O)C1C,Z3654a,openbind_xx01zvns2b_c1_scaffolds,Z1288a,Z4861a,,,,,,,,,,,,,,,,,,,,,,,,,,,,,,,,,,,,,,,,,,,,,,,,,,,,,,,,,,,
O=C(Nc1ccc2c(c1)CN(CC(F)F)C2)c1cc(Cl)cc2c1cnn2C1CNC1,Z3654a,openbind_xx01zvns2b_c1_scaffolds,Z1731a,Z1838a,Z2119a,Z2235a,Z3024a,Z3028a,Z3060a,Z3397a,Z3400a,Z3432a,Z3441a,Z3463a,Z3473a,Z3486a,Z3495a,Z3505a,Z3507a,Z3654a,Z3673a,Z3677a,Z3685a,Z3699a,Z3754a,Z3758a,Z3767a,Z3792a,Z3813a,Z3817a,Z3819a,Z3826a,Z3830a,Z3833a,Z3834a,Z3856a,Z3867a,Z3880a,Z3898a,Z3941a,Z3956a,Z3970a,Z3980a,Z4008a,Z4031a,Z4039a,Z4047a,Z4066a,Z4861a,,,,,,,,,,,,,,
CC(C)OC1(C)C(=O)N(C2CNC2)c2cc(Cl)cc(C(=O)Nc3ccc4c(c3)CN(CC(F)F)C4)c21,Z3654a,openbind_xx01zvns2b_c1_scaffolds,Z1837a,Z4861a,,,,,,,,,,,,,,,,,,,,,,,,,,,,,,,,,,,,,,,,,,,,,,,,,,,,,,,,,,,
NC1(n2ncc3c(C(=O)Nc4ccc5c(c4)CN(CC(F)F)C5)cc(Cl)cc32)CNC1,Z3654a,openbind_xx01zvns2b_c1_scaffolds,Z2126a,Z3469a,Z4861a,,,,,,,,,,,,,,,,,,,,,,,,,,,,,,,,,,,,,,,,,,,,,,,,,,,,,,,,,,
CN1CCC2(CC1)Cc1c(C(=O)Nc3ccc4c(c3)CN(CC(F)F)C4)cc(Cl)cc1N2C1CNC1,Z3654a,openbind_xx01zvns2b_c1_scaffolds,Z3466a,Z4861a,,,,,,,,,,,,,,,,,,,,,,,,,,,,,,,,,,,,,,,,,,,,,,,,,,,,,,,,,,,
CCC(Cc1[nH]c(CCNC)cc1C1CCN(C)CC1)C1(C=O)C(NC(C)=O)c2cc(CNC)ccc2N1C,Z3654a,openbind_xx01zvns2b_c1_scaffolds,Z3480a,Z4861a,,,,,,,,,,,,,,,,,,,,,,,,,,,,,,,,,,,,,,,,,,,,,,,,,,,,,,,,,,,
CCN1CCC2(CC1)Cc1c(C(=O)Nc3ccc4c(c3)CN(CC(F)F)C4)cc(Cl)cc1N2C1CNC1,Z3654a,openbind_xx01zvns2b_c1_scaffolds,Z3489a,Z4861a,,,,,,,,,,,,,,,,,,,,,,,,,,,,,,,,,,,,,,,,,,,,,,,,,,,,,,,,,,,
CN1CCC23Cc4c(C(=O)Nc5ccc6c(c5)CN(CC(F)F)C6)cc(Cl)cc4N2C2CCNC2OC3C1,Z3654a,openbind_xx01zvns2b_c1_scaffolds,Z3503a,Z4861a,,,,,,,,,,,,,,,,,,,,,,,,,,,,,,,,,,,,,,,,,,,,,,,,,,,,,,,,,,,
O=C(Nc1ccc2c(c1)CN(CC(F)F)C2)c1cc(Cl)cc2c1cnn2C1CC2(CCOCC2)C1,Z3654a,openbind_xx01zvns2b_c1_scaffolds,Z3515a,Z4861a,,,,,,,,,,,,,,,,,,,,,,,,,,,,,,,,,,,,,,,,,,,,,,,,,,,,,,,,,,,
O=C(NC1CC2=C(CN(CC(F)F)C2)CC12CCCC2=O)c1cc(Cl)cc2c1cnn2C1CNC1,Z3654a,openbind_xx01zvns2b_c1_scaffolds,Z3647a,Z4861a,,,,,,,,,,,,,,,,,,,,,,,,,,,,,,,,,,,,,,,,,,,,,,,,,,,,,,,,,,,
CC1(C)Cc2c3c(cc(NC(=O)c4cc(Cl)cc5c4cnn5C4CNC4)c2O1)CN(CC(F)F)C3,Z3654a,openbind_xx01zvns2b_c1_scaffolds,Z3665a,Z4861a,,,,,,,,,,,,,,,,,,,,,,,,,,,,,,,,,,,,,,,,,,,,,,,,,,,,,,,,,,,
CC1C(n2ncc3c(C(=O)NC4CC5CNCC5C5CC(C)(C)OC45)cc(Cl)cc32)CN1C,Z3654a,openbind_xx01zvns2b_c1_scaffolds,Z3729a,Z4861a,,,,,,,,,,,,,,,,,,,,,,,,,,,,,,,,,,,,,,,,,,,,,,,,,,,,,,,,,,,
O=C(Nc1ccc2c(c1)CN(CC(F)F)C2)c1cc(Cl)cc2c1CC13CCNCC1OC1NCCC1N23,Z3654a,openbind_xx01zvns2b_c1_scaffolds,Z3733a,Z4861a,,,,,,,,,,,,,,,,,,,,,,,,,,,,,,,,,,,,,,,,,,,,,,,,,,,,,,,,,,,
CCCN1CC(n2ncc3c(C(=O)Nc4ccc5c(c4)CN(CC(F)F)C5)cc(Cl)cc32)C1,Z3654a,openbind_xx01zvns2b_c1_scaffolds,Z3743a,Z4861a,,,,,,,,,,,,,,,,,,,,,,,,,,,,,,,,,,,,,,,,,,,,,,,,,,,,,,,,,,,
NC1(n2ncc3c(C(N=O)Nc4ccc5c(c4)CN(CC(F)F)C5)cc(Cl)cc32)CNC1,Z3654a,openbind_xx01zvns2b_c1_scaffolds,Z3936a,Z4861a,,,,,,,,,,,,,,,,,,,,,,,,,,,,,,,,,,,,,,,,,,,,,,,,,,,,,,,,,,,
CC(=O)NC1CN(N)C(c2cc(Cl)cc(C(=O)Nc3ccc4c(c3)CNC4)c2)CC12CCNCC2,Z3654a,openbind_xx01zvns2b_c1_scaffolds,Z4861a,Z4886a,,,,,,,,,,,,,,,,,,,,,,,,,,,,,,,,,,,,,,,,,,,,,,,,,,,,,,,,,,,
O=C(Nc1ccc2c(c1)CNC2)c1cc(Cl)c2n[nH]c(C(OCc3ccccc3)C3CCNCC3)c2c1,Z3654a,openbind_xx01zvns2b_c1_scaffolds,Z1682a,Z4872a,,,,,,,,,,,,,,,,,,,,,,,,,,,,,,,,,,,,,,,,,,,,,,,,,,,,,,,,,,,
O=C(Nc1ccc2c(c1)CNC2)C1CC(F)CC2C1C1CCNCN1N2C1CNC1,Z3654a,openbind_xx01zvns2b_c1_scaffolds,Z1320a,Z4872a,,,,,,,,,,,,,,,,,,,,,,,,,,,,,,,,,,,,,,,,,,,,,,,,,,,,,,,,,,,
CNC1CNCCC1Cc1[nH]nc2c(Cl)cc(C(=O)Nc3ccc4c(c3)CNC4)c(OCCCO)c12,Z3654a,openbind_xx01zvns2b_c1_scaffolds,Z1667a,Z4872a,,,,,,,,,,,,,,,,,,,,,,,,,,,,,,,,,,,,,,,,,,,,,,,,,,,,,,,,,,,
CC(C=O)CC(C(=O)Nc1ccc2c(c1)CNC2)C1NC(C2CCCCC2)O1,Z3654a,openbind_xx01zvns2b_c1_scaffolds,Z4139a,Z4886a,,,,,,,,,,,,,,,,,,,,,,,,,,,,,,,,,,,,,,,,,,,,,,,,,,,,,,,,,,,
Cn1c(-c2ccccc2)nc2c(C(=O)C(=O)c3ccc4c(c3)CNC4)cc(C=O)cc21,Z3654a,openbind_xx01zvns2b_c1_scaffolds,Z4886a,Z4966a,,,,,,,,,,,,,,,,,,,,,,,,,,,,,,,,,,,,,,,,,,,,,,,,,,,,,,,,,,,
O=C(Oc1ccc2c(c1)CNC2)c1cc(F)cc2c1CC1(O)COCN21,Z3654a,openbind_xx01zvns2b_c1_scaffolds,Z4886a,Z5200a,,,,,,,,,,,,,,,,,,,,,,,,,,,,,,,,,,,,,,,,,,,,,,,,,,,,,,,,,,,
CC(C)c1nnc(-c2nc3c(C(=O)Nc4ccc5c(c4)CNC5)cc(F)cc3n2N)s1,Z3654a,openbind_xx01zvns2b_c1_scaffolds,Z4886a,Z5230a,,,,,,,,,,,,,,,,,,,,,,,,,,,,,,,,,,,,,,,,,,,,,,,,,,,,,,,,,,,
O=Cc1cc(C(O)(Nc2ccc3c(c2)CNC3)C(=O)NC2CCOCC2)c2[nH]c(-c3ccccc3)nc2c1,Z3654a,openbind_xx01zvns2b_c1_scaffolds,Z0435a,Z4887a,,,,,,,,,,,,,,,,,,,,,,,,,,,,,,,,,,,,,,,,,,,,,,,,,,,,,,,,,,,
O=Cc1cc(C(=O)Nc2ccc3c(c2)CNC3)c2c(c1)[NH+]1Oc3ccccc3C1=N2,Z3654a,openbind_xx01zvns2b_c1_scaffolds,Z1667a,Z1688a,Z4887a,,,,,,,,,,,,,,,,,,,,,,,,,,,,,,,,,,,,,,,,,,,,,,,,,,,,,,,,,,
CC1(C2CCNCC2)c2cc(C(=O)C(=O)c3ccc4c(c3)CNC4)cc(Cl)c2CN1O,Z3654a,openbind_xx01zvns2b_c1_scaffolds,Z2500a,Z2992a,Z3264a,Z4887a,,,,,,,,,,,,,,,,,,,,,,,,,,,,,,,,,,,,,,,,,,,,,,,,,,,,,,,,,
CC1(CC(Cl)CNNc2cc[nH]c2)N=C1Nc1ccc2c(c1)CNC2,Z3654a,openbind_xx01zvns2b_c1_scaffolds,Z3476a,Z4887a,,,,,,,,,,,,,,,,,,,,,,,,,,,,,,,,,,,,,,,,,,,,,,,,,,,,,,,,,,,
O=Cc1cc(C(=O)Nc2ccc3c(c2)CNC3)c2nc(-c3ccccc3)n(NC3CCC3)c2c1,Z3654a,openbind_xx01zvns2b_c1_scaffolds,Z3596a,Z4887a,,,,,,,,,,,,,,,,,,,,,,,,,,,,,,,,,,,,,,,,,,,,,,,,,,,,,,,,,,,
O=Cc1cc(C(=O)Nc2ccc3c(c2)CNC3)c2nc(-c3ccccc3)n(NC3CNC3)c2c1,Z3654a,openbind_xx01zvns2b_c1_scaffolds,Z3834a,Z4887a,,,,,,,,,,,,,,,,,,,,,,,,,,,,,,,,,,,,,,,,,,,,,,,,,,,,,,,,,,,
NCC1CCC(C(=O)Nc2ccc3c(c2)CNC3)CC1Cl,Z3654a,openbind_xx01zvns2b_c1_scaffolds,Z3941a,Z4887a,,,,,,,,,,,,,,,,,,,,,,,,,,,,,,,,,,,,,,,,,,,,,,,,,,,,,,,,,,,
CS(=O)(=O)n1nc2c(Cl)cc(C(=O)Nc3ccc4c(c3)CNC4)cc2c1C1CCNCC1,Z3654a,openbind_xx01zvns2b_c1_scaffolds,Z4131a,Z4887a,,,,,,,,,,,,,,,,,,,,,,,,,,,,,,,,,,,,,,,,,,,,,,,,,,,,,,,,,,,
CC1(C2CCNCC2)c2cc(C(=O)C(=O)c3ccc4c(c3)CNC4)cc(Cl)c2NN1O,Z3654a,openbind_xx01zvns2b_c1_scaffolds,Z4887a,Z4991a,Z5002a,Z5010a,,,,,,,,,,,,,,,,,,,,,,,,,,,,,,,,,,,,,,,,,,,,,,,,,,,,,,,,,
Cc1ccncc1C(C)Nc1cc(NCN)c(C(O)(Nc2ccc3c(c2)CNC3)C(=O)NCC(F)F)cc1Br,Z3654a,openbind_xx01zvns2b_c1_scaffolds,Z4590a,Z5139a,,,,,,,,,,,,,,,,,,,,,,,,,,,,,,,,,,,,,,,,,,,,,,,,,,,,,,,,,,,
O=C(Nc1ccc(C2CNC2)cc1)c1cc(Cl)cc2c(C3CNC3)n(CC3CCNCC3)cc12,Z3654a,openbind_xx01zvns2b_c1_scaffolds,Z0693a,Z4926a,,,,,,,,,,,,,,,,,,,,,,,,,,,,,,,,,,,,,,,,,,,,,,,,,,,,,,,,,,,
NNC1=C(C2CCNCC2)OC=C(CC(CCCl)C(O)(Nc2ccc3c(c2)CNC3)C(=O)NCC(F)F)C=C1,Z3654a,openbind_xx01zvns2b_c1_scaffolds,Z1674a,Z4926a,,,,,,,,,,,,,,,,,,,,,,,,,,,,,,,,,,,,,,,,,,,,,,,,,,,,,,,,,,,
CC(=O)C(C)=C(C(=O)c1ccc2c(c1)CNC2)c1cccc2c3n(c(C)c12)CC1CN(C)CCC31,Z3654a,openbind_xx01zvns2b_c1_scaffolds,Z4926a,Z5010a,,,,,,,,,,,,,,,,,,,,,,,,,,,,,,,,,,,,,,,,,,,,,,,,,,,,,,,,,,,
Cn1c(CC2CNC2)c2cc(C(=O)Nc3ccc4c(c3)CNC4)cc(Cl)c2[n+]1[O-],Z3654a,openbind_xx01zvns2b_c1_scaffolds,Z4926a,Z5339a,,,,,,,,,,,,,,,,,,,,,,,,,,,,,,,,,,,,,,,,,,,,,,,,,,,,,,,,,,,
CC1CCC2(CCCNC2)CC1C1=Nc2ccc3c(c2C1=O)CC(=O)N3,Z3654a,openbind_xx01zvns2b_c1_scaffolds,Z0465a,Z4931a,,,,,,,,,,,,,,,,,,,,,,,,,,,,,,,,,,,,,,,,,,,,,,,,,,,,,,,,,,,
O=C(Nc1ccc2c(c1)CNC2)c1cc(Cl)c2c(c1)c(CC1CNC1)[nH][n+]2[O-],Z3654a,openbind_xx01zvns2b_c1_scaffolds,Z0719a,Z1667a,Z2094a,Z3464a,Z4931a,,,,,,,,,,,,,,,,,,,,,,,,,,,,,,,,,,,,,,,,,,,,,,,,,,,,,,,,
O=C(Nc1ccc2c(c1)CNC2=O)c1cc(Cl)c2n[nH]c(CC3CNC3)c2c1,Z3654a,openbind_xx01zvns2b_c1_scaffolds,Z1596a,Z4931a,,,,,,,,,,,,,,,,,,,,,,,,,,,,,,,,,,,,,,,,,,,,,,,,,,,,,,,,,,,
O=C(O)N=C(Nc1ccc2c(c1)CNC2)c1cc(Cl)c2n[nH]c(CC3CNC3)c2c1,Z3654a,openbind_xx01zvns2b_c1_scaffolds,Z2126a,Z4931a,,,,,,,,,,,,,,,,,,,,,,,,,,,,,,,,,,,,,,,,,,,,,,,,,,,,,,,,,,,
Cc1cc(NC(=O)c2cccc3c2C2(CC(C)C(F)N2)C2=C3CCC2)cc2c1CNC2,Z3654a,openbind_xx01zvns2b_c1_scaffolds,Z2135a,Z4931a,,,,,,,,,,,,,,,,,,,,,,,,,,,,,,,,,,,,,,,,,,,,,,,,,,,,,,,,,,,
Cc1ccc(NC(=O)c2cc(Cl)cc3c2cnn3C2CN(CNC(C)c3cn(-c4ccccc4)nn3)C2)nc1C,Z3654a,openbind_xx01zvns2b_c1_scaffolds,Z3472a,Z4931a,,,,,,,,,,,,,,,,,,,,,,,,,,,,,,,,,,,,,,,,,,,,,,,,,,,,,,,,,,,
CCNn1nc2c(Cl)cc(C(=O)Nc3ccc4c(c3)CNC4)cc2c1CC1CNC1,Z3654a,openbind_xx01zvns2b_c1_scaffolds,Z3556a,Z4931a,,,,,,,,,,,,,,,,,,,,,,,,,,,,,,,,,,,,,,,,,,,,,,,,,,,,,,,,,,,
NC1=NN=C2N=c3c(F)cc(C(=O)Nc4ccc5c(c4)CNC5)cc3=C12,Z3654a,openbind_xx01zvns2b_c1_scaffolds,Z4017a,Z4931a,,,,,,,,,,,,,,,,,,,,,,,,,,,,,,,,,,,,,,,,,,,,,,,,,,,,,,,,,,,
CN(C)COn1cc(-c2cc(F)cc(C(=O)Nc3ccc4c(c3)CNC4)c2)cn1,Z3654a,openbind_xx01zvns2b_c1_scaffolds,Z4114a,Z4931a,,,,,,,,,,,,,,,,,,,,,,,,,,,,,,,,,,,,,,,,,,,,,,,,,,,,,,,,,,,
O=C(NC1NCC2=CN=CC2N1)c1cc(F)cc2c1cc1n2C2(CC1)CNC2,Z3654a,openbind_xx01zvns2b_c1_scaffolds,Z4859a,Z4872a,Z4887a,Z4931a,Z4942a,,,,,,,,,,,,,,,,,,,,,,,,,,,,,,,,,,,,,,,,,,,,,,,,,,,,,,,,
O=C(O)COC1C(C(Nc2ccc3c(c2)CNC3)C(=O)NCC(F)F)CC(Cl)CC12CNNC2,Z3654a,openbind_xx01zvns2b_c1_scaffolds,Z4931a,Z5136a,,,,,,,,,,,,,,,,,,,,,,,,,,,,,,,,,,,,,,,,,,,,,,,,,,,,,,,,,,,
O=C(NC1CC2=C(CNC2)C(F)C12CCCC2=O)c1cc(F)cc2c1=CC1=NN=CC=21,Z3654a,openbind_xx01zvns2b_c1_scaffolds,Z3093a,Z4942a,,,,,,,,,,,,,,,,,,,,,,,,,,,,,,,,,,,,,,,,,,,,,,,,,,,,,,,,,,,
CCCNC(=O)C(O)(Nc1ccc2c(c1)CNC2)C1CC(F)CC(c2cn[nH]c2)C12CNNC2,Z3654a,openbind_xx01zvns2b_c1_scaffolds,Z4942a,Z5171a,,,,,,,,,,,,,,,,,,,,,,,,,,,,,,,,,,,,,,,,,,,,,,,,,,,,,,,,,,,
CCc1c(-c2cn[nH]c2)cc(F)cc1C(O)(Nc1ccc2c(c1)CNC2)C(=O)NCC(F)F,Z3654a,openbind_xx01zvns2b_c1_scaffolds,Z0472a,Z4944a,,,,,,,,,,,,,,,,,,,,,,,,,,,,,,,,,,,,,,,,,,,,,,,,,,,,,,,,,,,
O=C(Nc1ccc2c(c1)CNC2)c1cc(Cl)c2ncn3cnc1c23,Z3654a,openbind_xx01zvns2b_c1_scaffolds,Z0773a,Z4951a,,,,,,,,,,,,,,,,,,,,,,,,,,,,,,,,,,,,,,,,,,,,,,,,,,,,,,,,,,,
O=C(Nc1ccc2c(c1)CNC2)c1cc(Cl)c2[nH]c(=O)n3c2c1NC3,Z3654a,openbind_xx01zvns2b_c1_scaffolds,Z0884a,Z4951a,,,,,,,,,,,,,,,,,,,,,,,,,,,,,,,,,,,,,,,,,,,,,,,,,,,,,,,,,,,
COC1CC2(CCN1)CC(NC(O)(C(=O)NCC(F)F)c1cc(Br)cc3ccccc13)CC1=C2CNC1,Z3654a,openbind_xx01zvns2b_c1_scaffolds,Z1716a,Z4951a,,,,,,,,,,,,,,,,,,,,,,,,,,,,,,,,,,,,,,,,,,,,,,,,,,,,,,,,,,,
CC(C)Nn1ncc2c(C(=O)Nc3cnc4c(c3)CNC4)cc(F)cc21,Z3654a,openbind_xx01zvns2b_c1_scaffolds,Z3400a,Z4951a,,,,,,,,,,,,,,,,,,,,,,,,,,,,,,,,,,,,,,,,,,,,,,,,,,,,,,,,,,,
Cc1cc(C(Oc2ccc3c(c2)CNC3)=C(C=O)CC(F)F)c(C(F)(F)F)c2c1NC(=O)C2,Z3654a,openbind_xx01zvns2b_c1_scaffolds,Z3680a,Z3685a,Z4954a,,,,,,,,,,,,,,,,,,,,,,,,,,,,,,,,,,,,,,,,,,,,,,,,,,,,,,,,,,
CC1=Cc2csc3cc(C(O)(O)Nc4ccc5c(c4)CNC5)cc1c23,Z3654a,openbind_xx01zvns2b_c1_scaffolds,Z3729a,Z4954a,,,,,,,,,,,,,,,,,,,,,,,,,,,,,,,,,,,,,,,,,,,,,,,,,,,,,,,,,,,
CC1(C)c2cc(C(=O)C(=O)c3ccc4c(c3)CNC4)cc(Cl)c2NC1O,Z3654a,openbind_xx01zvns2b_c1_scaffolds,Z4125a,Z4954a,,,,,,,,,,,,,,,,,,,,,,,,,,,,,,,,,,,,,,,,,,,,,,,,,,,,,,,,,,,
CC1(C)c2cc(C(=O)C(=O)c3ccc4c(c3N)CNC4)cc(Cl)c2NC1O,Z3654a,openbind_xx01zvns2b_c1_scaffolds,Z4138a,Z4954a,,,,,,,,,,,,,,,,,,,,,,,,,,,,,,,,,,,,,,,,,,,,,,,,,,,,,,,,,,,
Cc1c(N)[nH]c2c(Cl)cc(C(=O)NC3CC4=C(CNC4)C4(C3)NNNN4)cc12,Z3654a,openbind_xx01zvns2b_c1_scaffolds,Z4243a,Z4954a,,,,,,,,,,,,,,,,,,,,,,,,,,,,,,,,,,,,,,,,,,,,,,,,,,,,,,,,,,,
CCNCc1csc(CC(CC)C(=O)Nc2cc(C3CCC4(CCNCC4)C3)ccn2)c1,Z3654a,openbind_xx01zvns2b_c1_scaffolds,Z4954a,Z4959a,,,,,,,,,,,,,,,,,,,,,,,,,,,,,,,,,,,,,,,,,,,,,,,,,,,,,,,,,,,
N#CC1c2cccc(C(=O)Nc3ccc4c(c3)CNC4)c2NC12CCOCC2,Z3654a,openbind_xx01zvns2b_c1_scaffolds,Z4954a,Z4959b,,,,,,,,,,,,,,,,,,,,,,,,,,,,,,,,,,,,,,,,,,,,,,,,,,,,,,,,,,,
Cc1c[nH]c2c1C1(CNCN1)C(C(O)(Nc1ccc3c(c1)CNC3)C(=O)NCC(F)F)CC2Cl,Z3654a,openbind_xx01zvns2b_c1_scaffolds,Z4954a,Z5200a,,,,,,,,,,,,,,,,,,,,,,,,,,,,,,,,,,,,,,,,,,,,,,,,,,,,,,,,,,,
CC(C)NC(=O)C(N)(C(=O)c1cc(Cl)cc2c1C(F)(F)C(=O)N2)C1CCCC2(CCNC2)C1,Z3654a,openbind_xx01zvns2b_c1_scaffolds,Z4954a,Z5302a,,,,,,,,,,,,,,,,,,,,,,,,,,,,,,,,,,,,,,,,,,,,,,,,,,,,,,,,,,,
Cc1c[nH]c2c(Cl)cc(C(=O)Nc3ccc4c(c3)CNC4)cc12,Z3654a,openbind_xx01zvns2b_c1_scaffolds,Z0844a,Z1682a,Z0051a,Z0227a,Z0404a,Z0425a,Z0435a,Z0465a,Z0559a,Z0589a,Z0673a,Z1753a,Z1756a,Z1761a,Z2262a,Z3264a,Z3400a,Z3432a,Z3440a,Z4959a,,,,,,,,,,,,,,,,,,,,,,,,,,,,,,,,,,,,,,,,,
Cc1nn(C2CNC2)c2cc(Cl)cc(C(=O)Nc3ccccn3)c12,Z3654a,openbind_xx01zvns2b_c1_scaffolds,Z0182a,Z4959a,,,,,,,,,,,,,,,,,,,,,,,,,,,,,,,,,,,,,,,,,,,,,,,,,,,,,,,,,,,
Cc1c(N)[nH]c2c(Cl)cc(C(=O)Nc3ccc4c(c3)CNC4)cc12,Z3654a,openbind_xx01zvns2b_c1_scaffolds,Z0429a,Z0605a,Z0773a,Z0884a,Z3464a,Z4959a,,,,,,,,,,,,,,,,,,,,,,,,,,,,,,,,,,,,,,,,,,,,,,,,,,,,,,,
Cc1c[nH]c2c(Cl)cc(C(=O)Nc3ccc4c(c3)CNC4=O)cc12,Z3654a,openbind_xx01zvns2b_c1_scaffolds,Z0553a,Z4959a,,,,,,,,,,,,,,,,,,,,,,,,,,,,,,,,,,,,,,,,,,,,,,,,,,,,,,,,,,,
CNCc1[nH]c2c(Cl)cc(C(=O)Nc3ccc4c(c3)CNC4)cc2c1C,Z3654a,openbind_xx01zvns2b_c1_scaffolds,Z0693a,Z0806a,Z0827a,Z0917a,Z0990a,Z1098a,Z1265a,Z1274a,Z1674a,Z1681a,Z1713a,Z1727a,Z2057a,Z2439a,Z2500a,Z2992a,Z3021a,Z3059a,Z3441a,Z3463a,Z4959a,,,,,,,,,,,,,,,,,,,,,,,,,,,,,,,,,,,,,,,,
CC1(C2CNC3=C2CC(C(C(=O)NCC(F)F)C(=O)c2ccc4c(c2)CNC4)CC3Cl)CNC1,Z3654a,openbind_xx01zvns2b_c1_scaffolds,Z0945a,Z4959a,,,,,,,,,,,,,,,,,,,,,,,,,,,,,,,,,,,,,,,,,,,,,,,,,,,,,,,,,,,
CNCc1[nH]c2c(Cl)cc(C(=O)Nc3cc(F)c4c(c3)CNC4=O)cc2c1C,Z3654a,openbind_xx01zvns2b_c1_scaffolds,Z1495a,Z4959a,,,,,,,,,,,,,,,,,,,,,,,,,,,,,,,,,,,,,,,,,,,,,,,,,,,,,,,,,,,
CC1c2cc(C(=O)Nc3ccc4c(c3)CNC4)cc(Cl)c2NC12CCNC2,Z3654a,openbind_xx01zvns2b_c1_scaffolds,Z3473a,Z4959a,,,,,,,,,,,,,,,,,,,,,,,,,,,,,,,,,,,,,,,,,,,,,,,,,,,,,,,,,,,
COc1ccc(-c2nc3c(C(=O)Nc4ccc5c(c4)CNC5)cc(F)cc3n2C2CNC2)nn1,Z3654a,openbind_xx01zvns2b_c1_scaffolds,Z3505a,Z3506a,Z3522a,Z3548a,Z3596a,Z3646a,Z3647a,Z3790a,Z3792a,Z3842a,Z3856a,Z3867a,Z4194a,Z4240a,Z4243a,Z4429a,Z4469a,Z4478a,Z4816a,Z4838a,Z4857a,Z4861a,Z4872a,Z4926a,Z4959a,Z4959b,Z5003a,Z5011a,Z5029a,Z5042a,Z5171a,Z5246a,,,,,,,,,,,,,,,,,,,,,,,,,,,,,
COC1(C)C(=O)NC2=C1C1(CNCc3cc4c(cc3C1)CNC4)CC(F)C2,Z3654a,openbind_xx01zvns2b_c1_scaffolds,Z3553a,Z4959a,,,,,,,,,,,,,,,,,,,,,,,,,,,,,,,,,,,,,,,,,,,,,,,,,,,,,,,,,,,
COc1ccc(-c2c(C)c3c(C(=O)Nc4ccc5c(c4)CNC5)cc(F)cc3n2C2CNC2)nn1,Z3654a,openbind_xx01zvns2b_c1_scaffolds,Z3685a,Z4959a,Z4991a,,,,,,,,,,,,,,,,,,,,,,,,,,,,,,,,,,,,,,,,,,,,,,,,,,,,,,,,,,
COc1cc(C)c(-c2nc3c(C(=O)Nc4ccc5c(c4)CNC5)cc(F)cc3n2C2CNC2)nn1,Z3654a,openbind_xx01zvns2b_c1_scaffolds,Z3817a,Z4959a,,,,,,,,,,,,,,,,,,,,,,,,,,,,,,,,,,,,,,,,,,,,,,,,,,,,,,,,,,,
COc1cc(C(=NOc2cc(C)nc3ncnn23)Nc2ccc3c(c2)CNC3)c2nc(-c3ccc(OC)nn3)n(C3CNC3)c2c1,Z3654a,openbind_xx01zvns2b_c1_scaffolds,Z3941a,Z4959a,,,,,,,,,,,,,,,,,,,,,,,,,,,,,,,,,,,,,,,,,,,,,,,,,,,,,,,,,,,
CNC(=O)C1CC(C(Nc2ccc3c(c2)CNC3)C(=O)NCC(F)F)C2CCCCC12,Z3654a,openbind_xx01zvns2b_c1_scaffolds,Z4047a,Z4959a,,,,,,,,,,,,,,,,,,,,,,,,,,,,,,,,,,,,,,,,,,,,,,,,,,,,,,,,,,,
COc1ccc(-c2nc3c(C(O)(Nc4ccc5c(c4)CNC5)C(=O)NC4CCOCC4)cc(F)cc3n2C2CNC2)nn1,Z3654a,openbind_xx01zvns2b_c1_scaffolds,Z4887a,Z4959a,,,,,,,,,,,,,,,,,,,,,,,,,,,,,,,,,,,,,,,,,,,,,,,,,,,,,,,,,,,
CCC1=CC2(CCN(C)CC2)c2c3cc(C(=O)Nc4cc5c(cc4C)CNC5)ccc3nn21,Z3654a,openbind_xx01zvns2b_c1_scaffolds,Z4905a,Z4959a,Z4978a,,,,,,,,,,,,,,,,,,,,,,,,,,,,,,,,,,,,,,,,,,,,,,,,,,,,,,,,,,
COc1ccc(-c2nc3c(C(=O)Nc4cc5c(cc4C#N)CNC5)cc(F)cc3n2C2CNC2)nn1,Z3654a,openbind_xx01zvns2b_c1_scaffolds,Z4959a,Z5017a,Z5086a,Z5124a,,,,,,,,,,,,,,,,,,,,,,,,,,,,,,,,,,,,,,,,,,,,,,,,,,,,,,,,,
CC1(OCCCO)C(=O)N(C2CNC2)c2cc(Cl)cc(C(=O)NC3CCC4CNCC4C3)c21,Z3654a,openbind_xx01zvns2b_c1_scaffolds,Z4959a,Z5061a,,,,,,,,,,,,,,,,,,,,,,,,,,,,,,,,,,,,,,,,,,,,,,,,,,,,,,,,,,,
COc1ccc(-c2nc3c(C(=O)Nc4cc5c6c(csc6c4)NC5)cc(F)cc3n2C2CNC2)nn1,Z3654a,openbind_xx01zvns2b_c1_scaffolds,Z4959a,Z5085a,,,,,,,,,,,,,,,,,,,,,,,,,,,,,,,,,,,,,,,,,,,,,,,,,,,,,,,,,,,
COc1ccc(C2Nc3c(C(=O)Nc4ccc5c(c4)CNC5)cc(F)cc3[N+]2([O-])C2CNC2)nn1,Z3654a,openbind_xx01zvns2b_c1_scaffolds,Z0709a,Z4959b,,,,,,,,,,,,,,,,,,,,,,,,,,,,,,,,,,,,,,,,,,,,,,,,,,,,,,,,,,,
O=C1C=C2N=c3ccccc3=C2C(C(=O)NC2CCN(c3ccccn3)C2)=C1,Z3654a,openbind_xx01zvns2b_c1_scaffolds,Z0945a,Z4959b,,,,,,,,,,,,,,,,,,,,,,,,,,,,,,,,,,,,,,,,,,,,,,,,,,,,,,,,,,,
CCOc1ccc(-c2nc3c(C(=O)Nc4ccc5c(c4)CNC5)cc(F)cc3n2C2CNC2)nn1,Z3654a,openbind_xx01zvns2b_c1_scaffolds,Z0990a,Z4959b,,,,,,,,,,,,,,,,,,,,,,,,,,,,,,,,,,,,,,,,,,,,,,,,,,,,,,,,,,,
CN1CC2=C(NC1c1ccccc1)C(C(C(=O)NCC(F)F)C(=O)c1ccc3c(c1)CNC3)CC(Br)C2,Z3654a,openbind_xx01zvns2b_c1_scaffolds,Z1413a,Z4959b,,,,,,,,,,,,,,,,,,,,,,,,,,,,,,,,,,,,,,,,,,,,,,,,,,,,,,,,,,,
COc1ccc(-c2nc3c(C(=O)Nc4cc5c(c6c4OC(C)(C)C6)CNC5)cc(F)cc3n2C2CNC2)nn1,Z3654a,openbind_xx01zvns2b_c1_scaffolds,Z1596a,Z4959b,,,,,,,,,,,,,,,,,,,,,,,,,,,,,,,,,,,,,,,,,,,,,,,,,,,,,,,,,,,
COc1ccc(-c2nc3c(C(=O)Nc4cc(C#N)c5c(c4)CNC5)cc(F)cc3n2C2CNC2)nn1,Z3654a,openbind_xx01zvns2b_c1_scaffolds,Z1713a,Z4959b,,,,,,,,,,,,,,,,,,,,,,,,,,,,,,,,,,,,,,,,,,,,,,,,,,,,,,,,,,,
O=C(NC1CCC2=CN=CC2N1)c1cc(Cl)cc2c1cnn2C1CNC1,Z3654a,openbind_xx01zvns2b_c1_scaffolds,Z3466a,Z4959b,,,,,,,,,,,,,,,,,,,,,,,,,,,,,,,,,,,,,,,,,,,,,,,,,,,,,,,,,,,
COC1CC(C(=NOc2cc(C)nc3ncnn23)Nc2ccc3c(c2)CNC3)CC2C1NC1CNCC(N)C12,Z3654a,openbind_xx01zvns2b_c1_scaffolds,Z4120a,Z4959b,,,,,,,,,,,,,,,,,,,,,,,,,,,,,,,,,,,,,,,,,,,,,,,,,,,,,,,,,,,
CNc1cc(C(=O)Nc2ccc3c(c2)CNC3)cc2c(CN)c[nH]c12,Z3654a,openbind_xx01zvns2b_c1_scaffolds,Z2217a,Z4963a,,,,,,,,,,,,,,,,,,,,,,,,,,,,,,,,,,,,,,,,,,,,,,,,,,,,,,,,,,,
NCc1c[nH]c2c(Cl)cc(C(O)(F)Nc3ccc4c(c3)CNC4)cc12,Z3654a,openbind_xx01zvns2b_c1_scaffolds,Z3463a,Z4963a,,,,,,,,,,,,,,,,,,,,,,,,,,,,,,,,,,,,,,,,,,,,,,,,,,,,,,,,,,,
CCc1cc(C(=O)Nc2ccc3c(c2)CNC3)cc2c(CN)c[nH]c12,Z3654a,openbind_xx01zvns2b_c1_scaffolds,Z3464a,Z4120a,Z4963a,,,,,,,,,,,,,,,,,,,,,,,,,,,,,,,,,,,,,,,,,,,,,,,,,,,,,,,,,,
NCC1c2cc(C(=O)Nc3ccc4c(c3)CN(N)C4)cc(Cl)c2NC1(O)OCc1ccccc1,Z3654a,openbind_xx01zvns2b_c1_scaffolds,Z3799a,Z4963a,,,,,,,,,,,,,,,,,,,,,,,,,,,,,,,,,,,,,,,,,,,,,,,,,,,,,,,,,,,
O=C(NCC(F)F)C(O)(Nc1ccc2c(c1)CNC2)c1cc(Cl)cc2c1NCC1(CCCCC1)C2,Z3654a,openbind_xx01zvns2b_c1_scaffolds,Z3970a,Z4963a,,,,,,,,,,,,,,,,,,,,,,,,,,,,,,,,,,,,,,,,,,,,,,,,,,,,,,,,,,,
NCc1cc(N(C(=O)N2CCCCC2)C2=NC23CCCC2=C3CC(=O)N2)cc2c1CCNC2,Z3654a,openbind_xx01zvns2b_c1_scaffolds,Z4017a,Z4963a,,,,,,,,,,,,,,,,,,,,,,,,,,,,,,,,,,,,,,,,,,,,,,,,,,,,,,,,,,,
NC(F)(F)c1c[nH]c2c(Cl)cc(C(=O)Nc3ccc4c(c3)CNC4)cc12,Z3654a,openbind_xx01zvns2b_c1_scaffolds,Z4025a,Z4963a,,,,,,,,,,,,,,,,,,,,,,,,,,,,,,,,,,,,,,,,,,,,,,,,,,,,,,,,,,,
CNCN1C(=O)Cc2c(C(=O)Nc3cc(C)cc(CN)c3)cc(Cl)cc21,Z3654a,openbind_xx01zvns2b_c1_scaffolds,Z4816a,Z4963a,,,,,,,,,,,,,,,,,,,,,,,,,,,,,,,,,,,,,,,,,,,,,,,,,,,,,,,,,,,
NCc1c[nH]c2c(Cl)cc(C(=O)Nc3ccc4c(c3)CNC4CC(=O)O)cc12,Z3654a,openbind_xx01zvns2b_c1_scaffolds,Z4886a,Z4963a,,,,,,,,,,,,,,,,,,,,,,,,,,,,,,,,,,,,,,,,,,,,,,,,,,,,,,,,,,,
NCc1c[nH]c2c(Cl)cc(C(=O)Nc3cc4c(c(-c5ccncc5)c3)CNC4)cc12,Z3654a,openbind_xx01zvns2b_c1_scaffolds,Z4963a,Z5010a,,,,,,,,,,,,,,,,,,,,,,,,,,,,,,,,,,,,,,,,,,,,,,,,,,,,,,,,,,,
CNCc1[nH]c2c(Cl)cc(C(=O)Nc3cc(F)c4c(c3)CNC4)cc2c1CN,Z3654a,openbind_xx01zvns2b_c1_scaffolds,Z4963a,Z5020a,,,,,,,,,,,,,,,,,,,,,,,,,,,,,,,,,,,,,,,,,,,,,,,,,,,,,,,,,,,
CC(CCC(C(=O)NCC(F)F)C(=O)c1ccc2c(c1)CNC2)CC1CCN(N(C)C2CNC2)OC1(F)F,Z3654a,openbind_xx01zvns2b_c1_scaffolds,Z4963a,Z5197a,,,,,,,,,,,,,,,,,,,,,,,,,,,,,,,,,,,,,,,,,,,,,,,,,,,,,,,,,,,
COCc1cc(C(=O)N(C(=O)NCC(F)F)c2ccc3c(c2)CNC3)c(Cl)c2scc(C3=CCNCC3)c12,Z3654a,openbind_xx01zvns2b_c1_scaffolds,Z4963a,Z5339a,,,,,,,,,,,,,,,,,,,,,,,,,,,,,,,,,,,,,,,,,,,,,,,,,,,,,,,,,,,
CNCC1Cc2c(cccc2C(=O)NC2CCCC3(CCNC3)C2)N1,Z3654a,openbind_xx01zvns2b_c1_scaffolds,Z1731a,Z4966a,,,,,,,,,,,,,,,,,,,,,,,,,,,,,,,,,,,,,,,,,,,,,,,,,,,,,,,,,,,
CCNc1[nH]c2cc(C(=O)Nc3ccc4c(c3)CNC4)ccc2[n+]1[O-],Z3654a,openbind_xx01zvns2b_c1_scaffolds,Z0490a,Z4971a,,,,,,,,,,,,,,,,,,,,,,,,,,,,,,,,,,,,,,,,,,,,,,,,,,,,,,,,,,,
CCNc1nc2c(F)cc(C(=O)Nc3ccc4c(c3)CNC4)cc2n1CN,Z3654a,openbind_xx01zvns2b_c1_scaffolds,Z0701a,Z0800a,Z4971a,,,,,,,,,,,,,,,,,,,,,,,,,,,,,,,,,,,,,,,,,,,,,,,,,,,,,,,,,,
CCNc1nc2c(Cl)cc(C(=O)Nc3ccc4c(c3)CNC4)cc2n1CN,Z3654a,openbind_xx01zvns2b_c1_scaffolds,Z0709a,Z4971a,,,,,,,,,,,,,,,,,,,,,,,,,,,,,,,,,,,,,,,,,,,,,,,,,,,,,,,,,,,
CC1COC2CCC3(Nc4ccc(C(=O)Nc5ccc6c(c5)CNC6)cc4C3=O)N12,Z3654a,openbind_xx01zvns2b_c1_scaffolds,Z1406a,Z4971a,,,,,,,,,,,,,,,,,,,,,,,,,,,,,,,,,,,,,,,,,,,,,,,,,,,,,,,,,,,
CNc1cc(C(=O)Nc2ccc3c(c2)CNC3)cc2c1cnn2C1CCNCC1,Z3654a,openbind_xx01zvns2b_c1_scaffolds,Z1596a,Z4971a,,,,,,,,,,,,,,,,,,,,,,,,,,,,,,,,,,,,,,,,,,,,,,,,,,,,,,,,,,,
CC1CC(CN)n2c(nc3ccc(C(=O)Nc4ccc5c(c4)CNC5)cc32)N1,Z3654a,openbind_xx01zvns2b_c1_scaffolds,Z1681a,Z4971a,,,,,,,,,,,,,,,,,,,,,,,,,,,,,,,,,,,,,,,,,,,,,,,,,,,,,,,,,,,
CCCNCn1cc2c(C(=O)Nc3cnc4c(c3)CNC4)cc(F)c(NC=O)c2n1,Z3654a,openbind_xx01zvns2b_c1_scaffolds,Z1837a,Z4971a,,,,,,,,,,,,,,,,,,,,,,,,,,,,,,,,,,,,,,,,,,,,,,,,,,,,,,,,,,,
CC1CCCCCN2CC3C(C(=O)NC4CC(C#N)C5CNCC5C4)CC(Cl)CC3N12,Z3654a,openbind_xx01zvns2b_c1_scaffolds,Z3486a,Z3546a,Z3677a,Z3680a,Z3808a,Z3817a,Z3898a,Z4134a,Z4139a,Z4756a,Z4838a,Z4855a,Z4887a,Z4944a,Z4971a,,,,,,,,,,,,,,,,,,,,,,,,,,,,,,,,,,,,,,,,,,,,,,
NCC1CNC2=C1CC(C(C(=O)NCC(F)F)C(=O)c1ccc3c(c1)CNC3)CC2Br,Z3654a,openbind_xx01zvns2b_c1_scaffolds,Z3502a,Z4971a,,,,,,,,,,,,,,,,,,,,,,,,,,,,,,,,,,,,,,,,,,,,,,,,,,,,,,,,,,,
COC1(C)C(=O)C2(CCN(C)CC2)c2cc(F)cc(C(=O)Nc3ccc4c(c3)CNC4)c21,Z3654a,openbind_xx01zvns2b_c1_scaffolds,Z3696a,Z4971a,,,,,,,,,,,,,,,,,,,,,,,,,,,,,,,,,,,,,,,,,,,,,,,,,,,,,,,,,,,
CC(C)Nc1nc2c(F)cc(C(=O)Nc3ccc4c(c3)CNC4)cc2[nH]1,Z3654a,openbind_xx01zvns2b_c1_scaffolds,Z3792a,Z3808b,Z4200a,Z4204a,Z4816a,Z4971a,,,,,,,,,,,,,,,,,,,,,,,,,,,,,,,,,,,,,,,,,,,,,,,,,,,,,,,
CC1CC(C)(S(C)(=O)=O)n2c(nc3c(F)cc(C(=O)Nc4ccc5c(c4)CNC5)cc32)N1,Z3654a,openbind_xx01zvns2b_c1_scaffolds,Z4070a,Z4971a,,,,,,,,,,,,,,,,,,,,,,,,,,,,,,,,,,,,,,,,,,,,,,,,,,,,,,,,,,,
CC1C(=O)Nc2cccc(C(=O)N(C=O)c3cc(N)n(Cc4ccncc4)c3)c21,Z3654a,openbind_xx01zvns2b_c1_scaffolds,Z4131a,Z4971a,,,,,,,,,,,,,,,,,,,,,,,,,,,,,,,,,,,,,,,,,,,,,,,,,,,,,,,,,,,
Cc1cc(C(C(=O)NCC(F)F)C(=O)C2CC3=C(CNC3)CC23CCCC3=O)cc2c(F)n(F)c(C3CNC3)c12,Z3654a,openbind_xx01zvns2b_c1_scaffolds,Z4857a,Z4971a,,,,,,,,,,,,,,,,,,,,,,,,,,,,,,,,,,,,,,,,,,,,,,,,,,,,,,,,,,,
CC1CC2CC3(CCN2C)c2cc(C(=O)Nc4ccc5c(c4)CNC5)ccc2NC3N1,Z3654a,openbind_xx01zvns2b_c1_scaffolds,Z4971a,Z4996a,,,,,,,,,,,,,,,,,,,,,,,,,,,,,,,,,,,,,,,,,,,,,,,,,,,,,,,,,,,
CNCC1(O)Cc2c(cc(Cl)cc2C(=O)Nc2ccc3c(c2)CNCCO3)N1,Z3654a,openbind_xx01zvns2b_c1_scaffolds,Z4971a,Z5136a,,,,,,,,,,,,,,,,,,,,,,,,,,,,,,,,,,,,,,,,,,,,,,,,,,,,,,,,,,,
CC(C)Nc1nc2c(Cl)cc(C(O)(Nc3ccc4c(c3)CNC4)C(=O)NCC(F)F)cc2[nH]1,Z3654a,openbind_xx01zvns2b_c1_scaffolds,Z4971a,Z5148a,,,,,,,,,,,,,,,,,,,,,,,,,,,,,,,,,,,,,,,,,,,,,,,,,,,,,,,,,,,
CC(C)NC(=O)C(O)(Nc1ccc2c(c1)CNC2)c1cc(Cl)c2c(c1)C(F)(F)C(NC(C)C)N2,Z3654a,openbind_xx01zvns2b_c1_scaffolds,Z4971a,Z5200a,,,,,,,,,,,,,,,,,,,,,,,,,,,,,,,,,,,,,,,,,,,,,,,,,,,,,,,,,,,
CC(C)Nc1nc2ccc(C(=O)Nc3ccc4c(c3)CNC4)cc2n1CN(C)C,Z3654a,openbind_xx01zvns2b_c1_scaffolds,Z4971a,Z5227a,,,,,,,,,,,,,,,,,,,,,,,,,,,,,,,,,,,,,,,,,,,,,,,,,,,,,,,,,,,
O=C(Nc1ccc2c(c1)CNC2)c1cc2c3c(csc3c1)C=C2C1CNC1,Z3654a,openbind_xx01zvns2b_c1_scaffolds,Z3665a,Z4983a,,,,,,,,,,,,,,,,,,,,,,,,,,,,,,,,,,,,,,,,,,,,,,,,,,,,,,,,,,,
CNCc1[nH]c2c(Cl)cc(C(=O)Nc3ccc4c(c3)CNC4)cc2c1C1CN(OC)C1,Z3654a,openbind_xx01zvns2b_c1_scaffolds,Z0844a,Z4986a,,,,,,,,,,,,,,,,,,,,,,,,,,,,,,,,,,,,,,,,,,,,,,,,,,,,,,,,,,,
CNCc1[nH]c2c(Cl)cc(C(=O)Nc3ccc4c(c3)CNC4)cc2c1C1CNC1,Z3654a,openbind_xx01zvns2b_c1_scaffolds,Z0227a,Z0229a,Z0386a,Z0404a,Z0429a,Z0687a,Z0701a,Z4986a,,,,,,,,,,,,,,,,,,,,,,,,,,,,,,,,,,,,,,,,,,,,,,,,,,,,,
CNCc1[nH]c2c(Cl)cc(C(=O)Nc3cc(C)c4c(c3)CNC4)cc2c1C1CNC1,Z3654a,openbind_xx01zvns2b_c1_scaffolds,Z0425a,Z4986a,,,,,,,,,,,,,,,,,,,,,,,,,,,,,,,,,,,,,,,,,,,,,,,,,,,,,,,,,,,
Nc1[nH]c2c(Cl)cc(C(=O)Nc3ccc4c(c3)CNC4)cc2c1C1CNC1,Z3654a,openbind_xx01zvns2b_c1_scaffolds,Z0709a,Z4986a,,,,,,,,,,,,,,,,,,,,,,,,,,,,,,,,,,,,,,,,,,,,,,,,,,,,,,,,,,,
Cc1cc2c(C(=O)NC3CCC4=C(CNC4)N3)cc(Cl)cc2n1C1CNC1,Z3654a,openbind_xx01zvns2b_c1_scaffolds,Z3706a,Z3733a,Z3792a,Z4070a,Z4986a,,,,,,,,,,,,,,,,,,,,,,,,,,,,,,,,,,,,,,,,,,,,,,,,,,,,,,,,
O=C(Nc1ccc2c(c1)CNC2)c1cc2cnn3c(C4CNC4)cc(c1)c23,Z3654a,openbind_xx01zvns2b_c1_scaffolds,Z4861a,Z4986a,,,,,,,,,,,,,,,,,,,,,,,,,,,,,,,,,,,,,,,,,,,,,,,,,,,,,,,,,,,
CC(NC(=O)C(Nc1ccc2c(c1)CNC2)C1CC(Cl)CC2C(c3ccccc3)CCC12)C(F)F,Z3654a,openbind_xx01zvns2b_c1_scaffolds,Z4959a,Z4986a,,,,,,,,,,,,,,,,,,,,,,,,,,,,,,,,,,,,,,,,,,,,,,,,,,,,,,,,,,,
CCCNc1c[nH]c(C(F)CC(C)C(=O)Nc2ccc3c(c2)CNC3)c1,Z3654a,openbind_xx01zvns2b_c1_scaffolds,Z0719a,Z4991a,,,,,,,,,,,,,,,,,,,,,,,,,,,,,,,,,,,,,,,,,,,,,,,,,,,,,,,,,,,
NCc1c(N)[nH]c2c(F)cc(C(=O)Nc3ccc4c(c3)CNC4)cc12,Z3654a,openbind_xx01zvns2b_c1_scaffolds,Z0773a,Z0819a,Z4039a,Z4104a,Z4198a,Z4991a,,,,,,,,,,,,,,,,,,,,,,,,,,,,,,,,,,,,,,,,,,,,,,,,,,,,,,,
CC(=O)NC(O)(Nc1ccc2c(c1)CNC2)c1ccc2c(-c3ccc(CN)cc3)csc2c1,Z3654a,openbind_xx01zvns2b_c1_scaffolds,Z0875a,Z4991a,,,,,,,,,,,,,,,,,,,,,,,,,,,,,,,,,,,,,,,,,,,,,,,,,,,,,,,,,,,
CN1Cc2ccc(NC(=O)c3cc(Cl)cc4c3cnn4C3CNC3)cc2C1,Z3654a,openbind_xx01zvns2b_c1_scaffolds,Z0945a,Z4991a,,,,,,,,,,,,,,,,,,,,,,,,,,,,,,,,,,,,,,,,,,,,,,,,,,,,,,,,,,,
O=C(NCC(F)F)C(O)(Nc1ccc2c(c1)CNC2)c1cc(Cl)cc2ccc3ncnn3c12,Z3654a,openbind_xx01zvns2b_c1_scaffolds,Z1098a,Z4991a,,,,,,,,,,,,,,,,,,,,,,,,,,,,,,,,,,,,,,,,,,,,,,,,,,,,,,,,,,,
C[N+]([O-])(O)C1NCCC12CNc1c(F)cc(C(=O)Nc3ccc4c(c3)CNC4)cc12,Z3654a,openbind_xx01zvns2b_c1_scaffolds,Z1237a,Z4991a,,,,,,,,,,,,,,,,,,,,,,,,,,,,,,,,,,,,,,,,,,,,,,,,,,,,,,,,,,,
O=C(NC1CCOCC1)C(Nc1ccc2c(c1)CNC2)c1cc(Cl)cc2nc(-c3ccccc3)[nH]c12,Z3654a,openbind_xx01zvns2b_c1_scaffolds,Z1274a,Z4991a,,,,,,,,,,,,,,,,,,,,,,,,,,,,,,,,,,,,,,,,,,,,,,,,,,,,,,,,,,,
CN1Cc2cc(NC(=O)c3cc(F)c4[nH]c(NC(C)(C)CO)c(CN)c4c3)cc(O)c2C1,Z3654a,openbind_xx01zvns2b_c1_scaffolds,Z1731a,Z4991a,,,,,,,,,,,,,,,,,,,,,,,,,,,,,,,,,,,,,,,,,,,,,,,,,,,,,,,,,,,
CCC(NC)N(N)c1c[nH]c(C(F)CC(C)C(=O)Nc2cc(C)c3c(c2)CNC3)c1,Z3654a,openbind_xx01zvns2b_c1_scaffolds,Z1745a,Z4991a,,,,,,,,,,,,,,,,,,,,,,,,,,,,,,,,,,,,,,,,,,,,,,,,,,,,,,,,,,,
Cc1cc(C(=O)C(=O)c2cc(F)c3[nH]cc(C(N)NCC(C)CO)c3c2)cc2c1CNC2,Z3654a,openbind_xx01zvns2b_c1_scaffolds,Z3432a,Z4991a,,,,,,,,,,,,,,,,,,,,,,,,,,,,,,,,,,,,,,,,,,,,,,,,,,,,,,,,,,,
CC(C)Nc1[nH]c2c(F)cc(C(=O)Nc3ccc4c(c3)CNC4)cc2c1CN,Z3654a,openbind_xx01zvns2b_c1_scaffolds,Z3440a,Z3441a,Z4991a,,,,,,,,,,,,,,,,,,,,,,,,,,,,,,,,,,,,,,,,,,,,,,,,,,,,,,,,,,
NC(OCc1ccccc1)c1c[nH]c2c(F)cc(C(=O)Nc3ccc4c(c3)CN(N)C4)cc12,Z3654a,openbind_xx01zvns2b_c1_scaffolds,Z3465a,Z4991a,,,,,,,,,,,,,,,,,,,,,,,,,,,,,,,,,,,,,,,,,,,,,,,,,,,,,,,,,,,
NC1(c2c[nH]c3c(F)cc(C(=O)Nc4ccc5c(c4)CNC5)cc23)CCCC1,Z3654a,openbind_xx01zvns2b_c1_scaffolds,Z3473a,Z4991a,,,,,,,,,,,,,,,,,,,,,,,,,,,,,,,,,,,,,,,,,,,,,,,,,,,,,,,,,,,
CNC(N)(O)n1cc2c(C(=O)Nc3cc4c(c(C5=CCOCC5)c3)CNC4)cc(F)c(C#N)c2n1,Z3654a,openbind_xx01zvns2b_c1_scaffolds,Z3477a,Z4991a,,,,,,,,,,,,,,,,,,,,,,,,,,,,,,,,,,,,,,,,,,,,,,,,,,,,,,,,,,,
CC(C)NC(=O)C(O)(Nc1ccc2c(c1)CNC2)c1cc(F)c2[nH]cc(CN)c2c1,Z3654a,openbind_xx01zvns2b_c1_scaffolds,Z3485a,Z4886a,Z4991a,,,,,,,,,,,,,,,,,,,,,,,,,,,,,,,,,,,,,,,,,,,,,,,,,,,,,,,,,,
O=C1Cc2c(cccc2C(O)(O)C2CCC3=C(CC2)C(=O)NC3)N1,Z3654a,openbind_xx01zvns2b_c1_scaffolds,Z3489a,Z3956a,Z4991a,,,,,,,,,,,,,,,,,,,,,,,,,,,,,,,,,,,,,,,,,,,,,,,,,,,,,,,,,,
CC(N)c1c[nH]c2c(F)cc(C(=O)Nc3ccc4c(c3)CNC4)cc12,Z3654a,openbind_xx01zvns2b_c1_scaffolds,Z3546a,Z4991a,,,,,,,,,,,,,,,,,,,,,,,,,,,,,,,,,,,,,,,,,,,,,,,,,,,,,,,,,,,
NC(=O)CCc1ccc(-c2nc3cc(F)cc(C(=O)C(=O)c4ccc5c(c4)CNC5)c3[nH]2)cc1,Z3654a,openbind_xx01zvns2b_c1_scaffolds,Z3556a,Z4991a,,,,,,,,,,,,,,,,,,,,,,,,,,,,,,,,,,,,,,,,,,,,,,,,,,,,,,,,,,,
Cc1cc2c(-c3ccc(CN)cc3)csc2cc1C(=O)C(=O)c1ccc2c(c1N)CNC2,Z3654a,openbind_xx01zvns2b_c1_scaffolds,Z3720a,Z4991a,,,,,,,,,,,,,,,,,,,,,,,,,,,,,,,,,,,,,,,,,,,,,,,,,,,,,,,,,,,
N#Cc1cc2c(cc1NC(=O)c1cc(F)c3[nH]cc(CN)c3c1)CNC2,Z3654a,openbind_xx01zvns2b_c1_scaffolds,Z3803a,Z4991a,,,,,,,,,,,,,,,,,,,,,,,,,,,,,,,,,,,,,,,,,,,,,,,,,,,,,,,,,,,
NCc1c[nH]c2c(F)cc(C(=O)Nc3ccc4c(c3)CNC4CC(=O)O)cc12,Z3654a,openbind_xx01zvns2b_c1_scaffolds,Z3980a,Z4991a,,,,,,,,,,,,,,,,,,,,,,,,,,,,,,,,,,,,,,,,,,,,,,,,,,,,,,,,,,,
O=C(Nc1ccc2c(c1)CNC2)c1cc(F)c2[nH]cc3c2c1CC31CNC1,Z3654a,openbind_xx01zvns2b_c1_scaffolds,Z4066a,Z4991a,,,,,,,,,,,,,,,,,,,,,,,,,,,,,,,,,,,,,,,,,,,,,,,,,,,,,,,,,,,
NCc1c[nH]c2c(F)cc(C(=O)Nc3ccc4c(c3)CNC4=O)cc12,Z3654a,openbind_xx01zvns2b_c1_scaffolds,Z4089a,Z4991a,,,,,,,,,,,,,,,,,,,,,,,,,,,,,,,,,,,,,,,,,,,,,,,,,,,,,,,,,,,
CNCc1[nH]c2c(F)cc(C(=O)Nc3ccc4c(c3)CNC4)cc2c1CN,Z3654a,openbind_xx01zvns2b_c1_scaffolds,Z4118a,Z4161a,Z4168a,Z4204a,Z4245a,Z4478a,Z4816a,Z4838a,Z4959a,Z4959b,Z4966a,Z4986a,Z4991a,Z5067a,Z5136a,Z5139a,Z5148a,Z5171a,Z5211a,Z5348a,,,,,,,,,,,,,,,,,,,,,,,,,,,,,,,,,,,,,,,,,
CN1CCC23Cc4c(C(=O)Nc5ccc(C6CNC6)cc5)cc(Cl)cc4N2C2CCNC2OC3C1,Z3654a,openbind_xx01zvns2b_c1_scaffolds,Z4206a,Z4991a,,,,,,,,,,,,,,,,,,,,,,,,,,,,,,,,,,,,,,,,,,,,,,,,,,,,,,,,,,,
CNCc1[nH]c2c(F)cc(C(=O)Nc3cc(Br)c4c(c3)CNC4)cc2c1CN,Z3654a,openbind_xx01zvns2b_c1_scaffolds,Z4227a,Z4991a,,,,,,,,,,,,,,,,,,,,,,,,,,,,,,,,,,,,,,,,,,,,,,,,,,,,,,,,,,,
CNCc1[nH]c2c(F)cc(C(=O)Nc3cc(F)c4c(c3)CNC4=O)cc2c1CN,Z3654a,openbind_xx01zvns2b_c1_scaffolds,Z4931a,Z4991a,,,,,,,,,,,,,,,,,,,,,,,,,,,,,,,,,,,,,,,,,,,,,,,,,,,,,,,,,,,
COC1CC2(CCN1)CC(NC(=O)c1cc(F)cc3c(C4CCN(C)CC4)[nH]nc13)CC1=C2CNC1,Z3654a,openbind_xx01zvns2b_c1_scaffolds,Z4954a,Z4991a,,,,,,,,,,,,,,,,,,,,,,,,,,,,,,,,,,,,,,,,,,,,,,,,,,,,,,,,,,,
C=Cc1cc(C(=O)Nc2ccc3c(c2)CNC3)c(C)c2c(C3CCN(CC)CC3)c[nH]c12,Z3654a,openbind_xx01zvns2b_c1_scaffolds,Z4971a,Z4991a,,,,,,,,,,,,,,,,,,,,,,,,,,,,,,,,,,,,,,,,,,,,,,,,,,,,,,,,,,,
CNCc1[nH]c2c(F)cc(C(=O)Nc3cc(C#N)c4c(c3)CNC4)cc2c1CN,Z3654a,openbind_xx01zvns2b_c1_scaffolds,Z4983a,Z4991a,,,,,,,,,,,,,,,,,,,,,,,,,,,,,,,,,,,,,,,,,,,,,,,,,,,,,,,,,,,
CNCc1[nH]c2c(F)cc(C(=O)Nc3ccc4c(c3)CN(CC(F)F)C4)cc2c1CN,Z3654a,openbind_xx01zvns2b_c1_scaffolds,Z4991a,Z5002a,,,,,,,,,,,,,,,,,,,,,,,,,,,,,,,,,,,,,,,,,,,,,,,,,,,,,,,,,,,
NCc1c(NC2CCC2)[nH]c2c(F)cc(C(=O)Nc3ccc4c(c3)CNC4)cc12,Z3654a,openbind_xx01zvns2b_c1_scaffolds,Z4991a,Z5017a,,,,,,,,,,,,,,,,,,,,,,,,,,,,,,,,,,,,,,,,,,,,,,,,,,,,,,,,,,,
CNCc1[nH]c2c(F)cc(C(=O)Nc3cc(C)c4c(c3)CNC4)cc2c1CN,Z3654a,openbind_xx01zvns2b_c1_scaffolds,Z4991a,Z5124a,Z5200a,,,,,,,,,,,,,,,,,,,,,,,,,,,,,,,,,,,,,,,,,,,,,,,,,,,,,,,,,,
Cc1cc2c(C(=O)NC3CC4=C(CNC4)CN3)cc(Cl)cc2n1C1CNC1,Z3654a,openbind_xx01zvns2b_c1_scaffolds,Z4991a,Z5302a,,,,,,,,,,,,,,,,,,,,,,,,,,,,,,,,,,,,,,,,,,,,,,,,,,,,,,,,,,,
COc1n[nH]c2cc(Cl)cc(C(O)(CC(=O)O)Nc3ccc4c(c3)CNC4)c12,Z3654a,openbind_xx01zvns2b_c1_scaffolds,Z0425a,Z4996a,,,,,,,,,,,,,,,,,,,,,,,,,,,,,,,,,,,,,,,,,,,,,,,,,,,,,,,,,,,
O=C(C(=O)c1cc(Cl)cc2c1cnn2C1CNC1)c1ccc2cccnc2n1,Z3654a,openbind_xx01zvns2b_c1_scaffolds,Z0429a,Z4996a,,,,,,,,,,,,,,,,,,,,,,,,,,,,,,,,,,,,,,,,,,,,,,,,,,,,,,,,,,,
O=C(NCC(F)F)C(O)(Nc1ccc2c(c1)CNC2)c1c(OCc2ccccn2)c(Br)cc2c1cnn2C1CNC1,Z3654a,openbind_xx01zvns2b_c1_scaffolds,Z0455a,Z0553a,Z0673a,Z0687a,Z0727a,Z1274a,Z2094a,Z3898a,Z3936a,Z4168a,Z4227a,Z4240a,Z4827a,Z4996a,,,,,,,,,,,,,,,,,,,,,,,,,,,,,,,,,,,,,,,,,,,,,,,
CC(C)Nc1nc2cc(Cl)c(C(=O)Nc3ccc4c(c3)CNC4)cc2[nH]1,Z3654a,openbind_xx01zvns2b_c1_scaffolds,Z0709a,Z4996a,,,,,,,,,,,,,,,,,,,,,,,,,,,,,,,,,,,,,,,,,,,,,,,,,,,,,,,,,,,
CN(C)C1(O)NCC1n1ncc2c(C(=O)Nc3ncccn3)cc(F)cc21,Z3654a,openbind_xx01zvns2b_c1_scaffolds,Z1234a,Z4996a,,,,,,,,,,,,,,,,,,,,,,,,,,,,,,,,,,,,,,,,,,,,,,,,,,,,,,,,,,,
OC(F)(Nc1ncccn1)c1cc(F)cc2c1cnn2C1CNC1,Z3654a,openbind_xx01zvns2b_c1_scaffolds,Z1237a,Z4996a,,,,,,,,,,,,,,,,,,,,,,,,,,,,,,,,,,,,,,,,,,,,,,,,,,,,,,,,,,,
CN=C(Nc1ncccn1)c1cc(F)cc2c1cnn2C1CNC1,Z3654a,openbind_xx01zvns2b_c1_scaffolds,Z1265a,Z4996a,,,,,,,,,,,,,,,,,,,,,,,,,,,,,,,,,,,,,,,,,,,,,,,,,,,,,,,,,,,
CS(=O)(=O)C1CCC2CC(CCC23CNC3)C(C(=O)c2cc(Cl)c3[nH]cc(C4CNC4)c3c2)C1,Z3654a,openbind_xx01zvns2b_c1_scaffolds,Z1271a,Z4996a,,,,,,,,,,,,,,,,,,,,,,,,,,,,,,,,,,,,,,,,,,,,,,,,,,,,,,,,,,,
O=C(Nc1ncccn1)c1cc(F)cc2c1c(O)nn2C1CNC1,Z3654a,openbind_xx01zvns2b_c1_scaffolds,Z1288a,Z4996a,,,,,,,,,,,,,,,,,,,,,,,,,,,,,,,,,,,,,,,,,,,,,,,,,,,,,,,,,,,
COc1nn(C2CNC2)c2cc(F)cc(C(=O)Nc3nccc(C)n3)c12,Z3654a,openbind_xx01zvns2b_c1_scaffolds,Z1398a,Z4996a,,,,,,,,,,,,,,,,,,,,,,,,,,,,,,,,,,,,,,,,,,,,,,,,,,,,,,,,,,,
Cc1ccnc(NC(=O)c2cc(F)cc3c2cnn3C2CNC2)n1,Z3654a,openbind_xx01zvns2b_c1_scaffolds,Z1664a,Z4996a,,,,,,,,,,,,,,,,,,,,,,,,,,,,,,,,,,,,,,,,,,,,,,,,,,,,,,,,,,,
CCCCC1CC(NC(N)NC)NC1(O)c1cc(F)cc2c1c(C)nn2C1CNC1,Z3654a,openbind_xx01zvns2b_c1_scaffolds,Z1719a,Z4996a,,,,,,,,,,,,,,,,,,,,,,,,,,,,,,,,,,,,,,,,,,,,,,,,,,,,,,,,,,,
COc1c(Nc2ccc3c(c2)CCNCC3)c(O)c2cc(Cl)cc3c2c1C=C3C(=N)N,Z3654a,openbind_xx01zvns2b_c1_scaffolds,Z1838a,Z2057a,Z4996a,,,,,,,,,,,,,,,,,,,,,,,,,,,,,,,,,,,,,,,,,,,,,,,,,,,,,,,,,,
CCc1cc(C(=NOc2cc(C)nc3ncnn23)Nc2ccc3c(c2)CNC3)cc2c1cc1n2C2(CCNCC2)CNC1,Z3654a,openbind_xx01zvns2b_c1_scaffolds,Z3394a,Z4996a,,,,,,,,,,,,,,,,,,,,,,,,,,,,,,,,,,,,,,,,,,,,,,,,,,,,,,,,,,,
O=C(NCC(F)F)C(Nc1ccc2c(c1)CNC2)c1cc(Br)cc2ccccc12,Z3654a,openbind_xx01zvns2b_c1_scaffolds,Z3465a,Z4996a,,,,,,,,,,,,,,,,,,,,,,,,,,,,,,,,,,,,,,,,,,,,,,,,,,,,,,,,,,,
N#CC(NC1NCC2(CCNC2)CN1)c1cc(F)cc2c1cnn2C1CNC1,Z3654a,openbind_xx01zvns2b_c1_scaffolds,Z3469a,Z4996a,,,,,,,,,,,,,,,,,,,,,,,,,,,,,,,,,,,,,,,,,,,,,,,,,,,,,,,,,,,
O=C(NC1NCC2=CN=CC2N1)c1cc(F)c2c3c1cnn3C1(CNC1)C(=O)N2,Z3654a,openbind_xx01zvns2b_c1_scaffolds,Z3489a,Z4996a,,,,,,,,,,,,,,,,,,,,,,,,,,,,,,,,,,,,,,,,,,,,,,,,,,,,,,,,,,,
N#CN1CC2=CN=CC2NC1NC(=O)c1cc(F)cc2c1cnn2C1CNC1,Z3654a,openbind_xx01zvns2b_c1_scaffolds,Z3505a,Z3507a,Z4996a,,,,,,,,,,,,,,,,,,,,,,,,,,,,,,,,,,,,,,,,,,,,,,,,,,,,,,,,,,
COC1CC2(CCN1)CC(NC(=O)c1cc(F)cc3c1cnn3C1CNC1)CC1CNCC12,Z3654a,openbind_xx01zvns2b_c1_scaffolds,Z3506a,Z4996a,,,,,,,,,,,,,,,,,,,,,,,,,,,,,,,,,,,,,,,,,,,,,,,,,,,,,,,,,,,
CCCNC(=O)C(O)(Nc1ccc2c(c1)CNC2)C1CC(Cl)c2nc[nH]c2C12CNNC2,Z3654a,openbind_xx01zvns2b_c1_scaffolds,Z3519a,Z3622a,Z3646a,Z3680a,Z3691a,Z3706a,Z3758a,Z3792a,Z3808a,Z3813a,Z3831a,Z3850a,Z4138a,Z4153a,Z4160a,Z4161a,Z4478a,Z4498a,Z4756a,Z4816a,Z4838a,Z4849a,Z4858a,Z4859a,Z4996a,,,,,,,,,,,,,,,,,,,,,,,,,,,,,,,,,,,,
O=C(NCC(F)F)N(C(=O)C1=CC(F)=CC23CCOC2=NC=C13)c1cc2c(c(C3=CCOCC3)c1)CNC2,Z3654a,openbind_xx01zvns2b_c1_scaffolds,Z3527a,Z4996a,,,,,,,,,,,,,,,,,,,,,,,,,,,,,,,,,,,,,,,,,,,,,,,,,,,,,,,,,,,
CN1C(=O)C(N)c2cc(C(=O)Oc3ccc4c(c3)CNC4)ccc21,Z3654a,openbind_xx01zvns2b_c1_scaffolds,Z3556a,Z3802a,Z3980a,Z4996a,,,,,,,,,,,,,,,,,,,,,,,,,,,,,,,,,,,,,,,,,,,,,,,,,,,,,,,,,
O=C(NC1NCC2=CN=CC2N1)c1cc(F)c2[nH]c(=O)n3c2c1CN3,Z3654a,openbind_xx01zvns2b_c1_scaffolds,Z3767a,Z3970a,Z4996a,,,,,,,,,,,,,,,,,,,,,,,,,,,,,,,,,,,,,,,,,,,,,,,,,,,,,,,,,,
CNC1CC2=C(CNN2C2CNC2)C(C(=O)Nc2ccc(C)c(C)n2)C1,Z3654a,openbind_xx01zvns2b_c1_scaffolds,Z3834a,Z4996a,,,,,,,,,,,,,,,,,,,,,,,,,,,,,,,,,,,,,,,,,,,,,,,,,,,,,,,,,,,
O=C(Nc1nccc(F)n1)c1cc(F)cc2c1cnn2C1CNC1,Z3654a,openbind_xx01zvns2b_c1_scaffolds,Z3867a,Z4996a,,,,,,,,,,,,,,,,,,,,,,,,,,,,,,,,,,,,,,,,,,,,,,,,,,,,,,,,,,,
CCc1cnc(NC(=O)c2cc(F)cc3c2cnn3C2CNC2)nc1F,Z3654a,openbind_xx01zvns2b_c1_scaffolds,Z4104a,Z4996a,,,,,,,,,,,,,,,,,,,,,,,,,,,,,,,,,,,,,,,,,,,,,,,,,,,,,,,,,,,
Cc1cc(C(C(=O)NCC(F)F)C(=O)c2ccc3c(c2)CNC3)cc2[nH]c(OCF)cc12,Z3654a,openbind_xx01zvns2b_c1_scaffolds,Z4118a,Z4996a,,,,,,,,,,,,,,,,,,,,,,,,,,,,,,,,,,,,,,,,,,,,,,,,,,,,,,,,,,,
O=C(Nc1ccc(C2CNC2)cc1)C1CC(Cl)CC2=C1CNN2C1CNC1,Z3654a,openbind_xx01zvns2b_c1_scaffolds,Z4996a,Z5020a,,,,,,,,,,,,,,,,,,,,,,,,,,,,,,,,,,,,,,,,,,,,,,,,,,,,,,,,,,,
NCc1cc(N(C(=O)N2CCCCC2)C2=NC23CC(F)Cc2nn(C4CNC4)cc23)cc2c1CNC2,Z3654a,openbind_xx01zvns2b_c1_scaffolds,Z4996a,Z5230a,,,,,,,,,,,,,,,,,,,,,,,,,,,,,,,,,,,,,,,,,,,,,,,,,,,,,,,,,,,
O=C(Nc1ccccn1)c1cc(Cl)cc2c1C(O)C1(CSCN1)N2C1CNC1,Z3654a,openbind_xx01zvns2b_c1_scaffolds,Z5002a,Z5017a,,,,,,,,,,,,,,,,,,,,,,,,,,,,,,,,,,,,,,,,,,,,,,,,,,,,,,,,,,,
CC(=O)Nc1cc(CNN)c(C(O)(Nc2ccc3c(c2)CN(C)C3)C(=O)NC2CCOCC2)cc1Cl,Z3654a,openbind_xx01zvns2b_c1_scaffolds,Z4103a,Z5003a,,,,,,,,,,,,,,,,,,,,,,,,,,,,,,,,,,,,,,,,,,,,,,,,,,,,,,,,,,,
CC1(C)Cc2c3c(cc(NC(=O)c4cc(F)cc5c4cnn5C4CNC4)c2O1)CNC3,Z3654a,openbind_xx01zvns2b_c1_scaffolds,Z0490a,Z5010a,,,,,,,,,,,,,,,,,,,,,,,,,,,,,,,,,,,,,,,,,,,,,,,,,,,,,,,,,,,
NCc1nccc(NC(=O)c2cc(F)cc3c2c[n+]([O-])n3C2CNC2)n1,Z3654a,openbind_xx01zvns2b_c1_scaffolds,Z1291a,Z5010a,,,,,,,,,,,,,,,,,,,,,,,,,,,,,,,,,,,,,,,,,,,,,,,,,,,,,,,,,,,
NCN1CCC(NC(=O)c2cc(F)cc3c2c[n+]([O-])n3C2CNC2)NC1,Z3654a,openbind_xx01zvns2b_c1_scaffolds,Z1320a,Z5010a,,,,,,,,,,,,,,,,,,,,,,,,,,,,,,,,,,,,,,,,,,,,,,,,,,,,,,,,,,,
Cc1cc(NC(=O)c2cc(F)cc3c2c[n+]([O-])n3C2CNC2)nc(CN)n1,Z3654a,openbind_xx01zvns2b_c1_scaffolds,Z1495a,Z5010a,,,,,,,,,,,,,,,,,,,,,,,,,,,,,,,,,,,,,,,,,,,,,,,,,,,,,,,,,,,
O=C(NC1CC(F)C23CCCC2COCC3N1)c1cc(F)cc2c1cnn2C1CNC1,Z3654a,openbind_xx01zvns2b_c1_scaffolds,Z3432a,Z5010a,,,,,,,,,,,,,,,,,,,,,,,,,,,,,,,,,,,,,,,,,,,,,,,,,,,,,,,,,,,
CCN1CNC(NC(=O)c2cc(F)cc3c2cnn3C2CNC2)CC1F,Z3654a,openbind_xx01zvns2b_c1_scaffolds,Z3439a,Z5010a,,,,,,,,,,,,,,,,,,,,,,,,,,,,,,,,,,,,,,,,,,,,,,,,,,,,,,,,,,,
O=C(Nc1ccc2c(c1)CC(F)CC2)c1cc(Cl)cc2c1cnn2C1CNC1,Z3654a,openbind_xx01zvns2b_c1_scaffolds,Z3440a,Z5010a,,,,,,,,,,,,,,,,,,,,,,,,,,,,,,,,,,,,,,,,,,,,,,,,,,,,,,,,,,,
COC1CCC2(Cc3c(C(=O)Nc4ccn5cncc5n4)cc(F)cc3N2C2CNC2)NN1,Z3654a,openbind_xx01zvns2b_c1_scaffolds,Z3476a,Z5010a,,,,,,,,,,,,,,,,,,,,,,,,,,,,,,,,,,,,,,,,,,,,,,,,,,,,,,,,,,,
CNCN1CCC(NC(=O)c2cc(F)cc3c2cnn3C2CNC2)NC1,Z3654a,openbind_xx01zvns2b_c1_scaffolds,Z3502a,Z3556a,Z5010a,,,,,,,,,,,,,,,,,,,,,,,,,,,,,,,,,,,,,,,,,,,,,,,,,,,,,,,,,,
CNCn1ncc2c(C(=O)Nc3cc(F)c4c(c3)CNC4)cc(F)cc21,Z3654a,openbind_xx01zvns2b_c1_scaffolds,Z3519a,Z5010a,,,,,,,,,,,,,,,,,,,,,,,,,,,,,,,,,,,,,,,,,,,,,,,,,,,,,,,,,,,
CNCc1nccc(NC(=O)c2cc(F)cc3c2cnn3C2CNC2)n1,Z3654a,openbind_xx01zvns2b_c1_scaffolds,Z3559a,Z5010a,,,,,,,,,,,,,,,,,,,,,,,,,,,,,,,,,,,,,,,,,,,,,,,,,,,,,,,,,,,
[O-][n+]1cc2c(n1C1CCNCC1)CC1(CC2Cl)N=C1Nc1ccc2c(c1)CNC2,Z3654a,openbind_xx01zvns2b_c1_scaffolds,Z0229a,Z0404a,Z0465a,Z5011a,,,,,,,,,,,,,,,,,,,,,,,,,,,,,,,,,,,,,,,,,,,,,,,,,,,,,,,,,
CC(C)Nc1cc2c(Cl)cc(C(=O)Nc3ccc4c(c3)CNC4)cc2n1C1CCNCC1,Z3654a,openbind_xx01zvns2b_c1_scaffolds,Z3441a,Z5011a,,,,,,,,,,,,,,,,,,,,,,,,,,,,,,,,,,,,,,,,,,,,,,,,,,,,,,,,,,,
O=C1Cc2c(cc(Br)cc2C(O)(Nc2cnc3c(c2)CNC3)C(=O)NCC(F)F)N1,Z3654a,openbind_xx01zvns2b_c1_scaffolds,Z0227a,Z0472a,Z0553a,Z0701a,Z5017a,,,,,,,,,,,,,,,,,,,,,,,,,,,,,,,,,,,,,,,,,,,,,,,,,,,,,,,,
O=C(NC1CC2C=NC=C2CN1)c1cc(Cl)cc2c1c[n+]([O-])n2C1CNC1,Z3654a,openbind_xx01zvns2b_c1_scaffolds,Z0472a,Z5017a,,,,,,,,,,,,,,,,,,,,,,,,,,,,,,,,,,,,,,,,,,,,,,,,,,,,,,,,,,,
CC1(C)Cc2cc(NC(=O)c3cc(Cl)cc4c3cnn4C3CNC3)ncc2O1,Z3654a,openbind_xx01zvns2b_c1_scaffolds,Z1495a,Z5017a,,,,,,,,,,,,,,,,,,,,,,,,,,,,,,,,,,,,,,,,,,,,,,,,,,,,,,,,,,,
O=C(Nc1cc2ccccc2cn1)c1cc(Cl)cc2c1cnn2C1CNC1,Z3654a,openbind_xx01zvns2b_c1_scaffolds,Z1597a,Z5017a,,,,,,,,,,,,,,,,,,,,,,,,,,,,,,,,,,,,,,,,,,,,,,,,,,,,,,,,,,,
CC1C(F)NC(NC(=O)c2cc(Cl)cc3c2cnn3C2CNC2)CC12CCCC2,Z3654a,openbind_xx01zvns2b_c1_scaffolds,Z1667a,Z5017a,,,,,,,,,,,,,,,,,,,,,,,,,,,,,,,,,,,,,,,,,,,,,,,,,,,,,,,,,,,
COCC1CC2(CCN1)C(=O)Nc1cccc(C(=O)Nc3cnn(Cc4ccncc4)c3)c12,Z3654a,openbind_xx01zvns2b_c1_scaffolds,Z3441a,Z5017a,,,,,,,,,,,,,,,,,,,,,,,,,,,,,,,,,,,,,,,,,,,,,,,,,,,,,,,,,,,
CNCc1cc(NC(=O)c2cc(Cl)cc3c2cnn3C2CNC2)ncc1C,Z3654a,openbind_xx01zvns2b_c1_scaffolds,Z3466a,Z5017a,,,,,,,,,,,,,,,,,,,,,,,,,,,,,,,,,,,,,,,,,,,,,,,,,,,,,,,,,,,
CS(=O)(=O)c1c(C2CNC2)[nH]c2ccc(C(=O)Nc3ccc4c(c3)CNC4)cc12,Z3654a,openbind_xx01zvns2b_c1_scaffolds,Z3665a,Z5017a,,,,,,,,,,,,,,,,,,,,,,,,,,,,,,,,,,,,,,,,,,,,,,,,,,,,,,,,,,,
O=C(Nc1ccc2c(n1)CNC2)c1cc(Cl)cc2c1CC1(CCNCC1)N2,Z3654a,openbind_xx01zvns2b_c1_scaffolds,Z5017a,Z5243a,,,,,,,,,,,,,,,,,,,,,,,,,,,,,,,,,,,,,,,,,,,,,,,,,,,,,,,,,,,
CCNC1C(=O)Nc2ccc(C(=O)Nc3cnc4c(c3)CNC4)cc21,Z3654a,openbind_xx01zvns2b_c1_scaffolds,Z4132a,Z5020a,,,,,,,,,,,,,,,,,,,,,,,,,,,,,,,,,,,,,,,,,,,,,,,,,,,,,,,,,,,
CCN1CCC(C)(c2c[nH]c3c(Cl)cc(C(O)(Nc4ccc5c(c4)CNC5)C(=O)NCCCF)cc23)CC1,Z3654a,openbind_xx01zvns2b_c1_scaffolds,Z5020a,Z5246a,,,,,,,,,,,,,,,,,,,,,,,,,,,,,,,,,,,,,,,,,,,,,,,,,,,,,,,,,,,
Cc1cc2c(cc1NC(O)(C(=O)NC(C)C)c1cc(Cl)cc3c1NC1=c4ccccc4=CC=NN13)CNC2,Z3654a,openbind_xx01zvns2b_c1_scaffolds,Z3696a,Z5027a,,,,,,,,,,,,,,,,,,,,,,,,,,,,,,,,,,,,,,,,,,,,,,,,,,,,,,,,,,,
Cc1cc(NC(C=O)(C(=O)NC(C)C)c2cc(Cl)cc3c2c(F)c(-c2ccccc2)n3C)cc2c1CNC2,Z3654a,openbind_xx01zvns2b_c1_scaffolds,Z3699a,Z5027a,,,,,,,,,,,,,,,,,,,,,,,,,,,,,,,,,,,,,,,,,,,,,,,,,,,,,,,,,,,
O=C(Nc1cc(F)cc(N2CCCC2)c1)c1cc(Cl)cc2c3n(cc12)CC1CC2(CNNC2=O)CC31,Z3654a,openbind_xx01zvns2b_c1_scaffolds,Z4008a,Z5029a,,,,,,,,,,,,,,,,,,,,,,,,,,,,,,,,,,,,,,,,,,,,,,,,,,,,,,,,,,,
CNc1c2c(C(=O)N(C(=O)NCC(F)F)c3ccc4c(c3)CN(CC(F)F)C4)cc(Cl)cc2c(C2CNC2)n1O,Z3654a,openbind_xx01zvns2b_c1_scaffolds,Z4179a,Z5029a,,,,,,,,,,,,,,,,,,,,,,,,,,,,,,,,,,,,,,,,,,,,,,,,,,,,,,,,,,,
COCCOC1c2cc(Cl)cc(C(O)(Nc3ccc4c(c3)CNC4)C(=O)NC(C)C)c2CC12CCCCC2,Z3654a,openbind_xx01zvns2b_c1_scaffolds,Z4996a,Z5029a,,,,,,,,,,,,,,,,,,,,,,,,,,,,,,,,,,,,,,,,,,,,,,,,,,,,,,,,,,,
COc1nc2ccccc2cc1CNC1CCCNC1,Z1274a,openbind_xx01zvns2b_c1_scaffolds,Z0673a,Z1719a,,,,,,,,,,,,,,,,,,,,,,,,,,,,,,,,,,,,,,,,,,,,,,,,,,,,,,,,,,,
CCCCC(=O)NCC1CCN(C(=O)c2ncc[nH]2)CC1,Z1274a,openbind_xx01zvns2b_c1_scaffolds,Z0089a,Z0709a,,,,,,,,,,,,,,,,,,,,,,,,,,,,,,,,,,,,,,,,,,,,,,,,,,,,,,,,,,,
N#CC(=Cc1c[nH]c(-c2ccccc2)n1)C(=O)c1ccccn1,Z1274a,openbind_xx01zvns2b_c1_scaffolds,Z0089a,Z0709a,,,,,,,,,,,,,,,,,,,,,,,,,,,,,,,,,,,,,,,,,,,,,,,,,,,,,,,,,,,
CN(Cc1nc2ccccc2s1)C(=O)c1ccc2[nH]cnc2c1F,Z1274a,openbind_xx01zvns2b_c1_scaffolds,Z0969a,Z1342a,,,,,,,,,,,,,,,,,,,,,,,,,,,,,,,,,,,,,,,,,,,,,,,,,,,,,,,,,,,
O=C(CNC(=O)c1cscn1)Nc1ccc(-n2cnc3ccccc32)cc1,Z1274a,openbind_xx01zvns2b_c1_scaffolds,Z0182a,Z3527a,Z3729a,Z4008a,Z4245a,,,,,,,,,,,,,,,,,,,,,,,,,,,,,,,,,,,,,,,,,,,,,,,,,,,,,,,,
Cc1nccc(N(C)C(C)CNC(=O)CCCn2cccn2)n1,Z1274a,openbind_xx01zvns2b_c1_scaffolds,Z0425a,Z1495a,,,,,,,,,,,,,,,,,,,,,,,,,,,,,,,,,,,,,,,,,,,,,,,,,,,,,,,,,,,
O=C(NCCc1nc2ccccc2[nH]1)C(c1cccnc1)N1CCOCC1,Z1274a,openbind_xx01zvns2b_c1_scaffolds,Z0788b,Z0800a,,,,,,,,,,,,,,,,,,,,,,,,,,,,,,,,,,,,,,,,,,,,,,,,,,,,,,,,,,,
O=C(NCC1CCSC1)N1CCN(c2cccc3[nH]ccc23)CC1,Z1274a,openbind_xx01zvns2b_c1_scaffolds,Z0852a,Z1495a,,,,,,,,,,,,,,,,,,,,,,,,,,,,,,,,,,,,,,,,,,,,,,,,,,,,,,,,,,,
CN(Cc1cnn2c1CNCC2)C(=O)c1ccc2[nH]cnc2c1,Z1274a,openbind_xx01zvns2b_c1_scaffolds,Z0227a,Z0852a,Z1495a,,,,,,,,,,,,,,,,,,,,,,,,,,,,,,,,,,,,,,,,,,,,,,,,,,,,,,,,,,
CC(C)C(C(=O)Nc1nc2ccc(F)cc2s1)c1cccnc1,Z1274a,openbind_xx01zvns2b_c1_scaffolds,Z0089a,Z1688a,,,,,,,,,,,,,,,,,,,,,,,,,,,,,,,,,,,,,,,,,,,,,,,,,,,,,,,,,,,
CC(=O)N(C)C1CCN(C(=O)c2ccncn2)C1,Z1274a,openbind_xx01zvns2b_c1_scaffolds,Z0089a,Z1688a,,,,,,,,,,,,,,,,,,,,,,,,,,,,,,,,,,,,,,,,,,,,,,,,,,,,,,,,,,,
CCCNC1CCC(Sc2ncc[nH]2)C1,Z1274a,openbind_xx01zvns2b_c1_scaffolds,Z0089a,Z1688a,,,,,,,,,,,,,,,,,,,,,,,,,,,,,,,,,,,,,,,,,,,,,,,,,,,,,,,,,,,
COC(=O)C(Cc1ccncc1)NC(=O)c1c[nH]c(C2CC2)n1,Z1274a,openbind_xx01zvns2b_c1_scaffolds,Z0788a,Z0969a,,,,,,,,,,,,,,,,,,,,,,,,,,,,,,,,,,,,,,,,,,,,,,,,,,,,,,,,,,,
O=C(Nc1ccc2[nH]ccc2c1)N1CCC(N2CCCC2)CC1,Z1274a,openbind_xx01zvns2b_c1_scaffolds,Z0788a,Z0969a,,,,,,,,,,,,,,,,,,,,,,,,,,,,,,,,,,,,,,,,,,,,,,,,,,,,,,,,,,,
CN1CCN(CCCN(C)C(=O)c2cnn3c2CNCC3)CC1,Z1274a,openbind_xx01zvns2b_c1_scaffolds,Z0788a,Z0969a,,,,,,,,,,,,,,,,,,,,,,,,,,,,,,,,,,,,,,,,,,,,,,,,,,,,,,,,,,,
Cc1nnnn1CC(=O)NCc1ccc2c(c1)CNC2,Z1274a,openbind_xx01zvns2b_c1_scaffolds,Z0788a,Z0969a,,,,,,,,,,,,,,,,,,,,,,,,,,,,,,,,,,,,,,,,,,,,,,,,,,,,,,,,,,,
CC(C(=O)Nc1ccc2cccnc2c1)c1cccnc1,Z1274a,openbind_xx01zvns2b_c1_scaffolds,Z0788a,Z0969a,,,,,,,,,,,,,,,,,,,,,,,,,,,,,,,,,,,,,,,,,,,,,,,,,,,,,,,,,,,
O=C1CCC(C(=O)Nc2ccn(-c3ccncc3)n2)CN1,Z1274a,openbind_xx01zvns2b_c1_scaffolds,Z0788a,Z0969a,,,,,,,,,,,,,,,,,,,,,,,,,,,,,,,,,,,,,,,,,,,,,,,,,,,,,,,,,,,
c1cn(CC2CCCN(C3=NC4CCCCC4N3)C2)nn1,Z1274a,openbind_xx01zvns2b_c1_scaffolds,Z0465a,Z4245a,,,,,,,,,,,,,,,,,,,,,,,,,,,,,,,,,,,,,,,,,,,,,,,,,,,,,,,,,,,
O=C1CCN(CCc2cccnc2)CC1,Z1274a,openbind_xx01zvns2b_c1_scaffolds,Z0182a,Z1719a,,,,,,,,,,,,,,,,,,,,,,,,,,,,,,,,,,,,,,,,,,,,,,,,,,,,,,,,,,,
Fc1ccc(C2CCCCN2c2ncnc3ccccc23)nc1,Z1274a,openbind_xx01zvns2b_c1_scaffolds,Z0182a,Z1719a,,,,,,,,,,,,,,,,,,,,,,,,,,,,,,,,,,,,,,,,,,,,,,,,,,,,,,,,,,,
COCC(=O)NC1C2CC1CN(C(=O)CCc1cncs1)C2,Z1274a,openbind_xx01zvns2b_c1_scaffolds,Z0182a,Z1719a,,,,,,,,,,,,,,,,,,,,,,,,,,,,,,,,,,,,,,,,,,,,,,,,,,,,,,,,,,,
Cc1nc(CNC(C)CNC(=O)c2ccnc3ccccc23)cs1,Z1274a,openbind_xx01zvns2b_c1_scaffolds,Z0182a,Z1719a,,,,,,,,,,,,,,,,,,,,,,,,,,,,,,,,,,,,,,,,,,,,,,,,,,,,,,,,,,,
O=C(CSc1nnc2ccccn12)Nc1ccc2ncccc2c1,Z1274a,openbind_xx01zvns2b_c1_scaffolds,Z0182a,Z1719a,,,,,,,,,,,,,,,,,,,,,,,,,,,,,,,,,,,,,,,,,,,,,,,,,,,,,,,,,,,
CC(=O)NCc1cn(CC(=O)NC(C)c2ccncc2)nn1,Z1274a,openbind_xx01zvns2b_c1_scaffolds,Z0182a,Z1719a,,,,,,,,,,,,,,,,,,,,,,,,,,,,,,,,,,,,,,,,,,,,,,,,,,,,,,,,,,,
CC(=O)NCC1C2CCC(C2)N1C(=O)c1n[nH]c2ccccc12,Z1274a,openbind_xx01zvns2b_c1_scaffolds,Z0182a,Z1719a,,,,,,,,,,,,,,,,,,,,,,,,,,,,,,,,,,,,,,,,,,,,,,,,,,,,,,,,,,,
CC(CN)c1nc2cc(N)ccc2n1C(C)C(=O)O,Z1274a,openbind_xx01zvns2b_c1_scaffolds,Z0182a,Z1719a,,,,,,,,,,,,,,,,,,,,,,,,,,,,,,,,,,,,,,,,,,,,,,,,,,,,,,,,,,,
CCN(Cc1cccnc1)C(=O)c1cnc2c(cnn2CC)c1,Z1274a,openbind_xx01zvns2b_c1_scaffolds,Z0182a,Z1719a,,,,,,,,,,,,,,,,,,,,,,,,,,,,,,,,,,,,,,,,,,,,,,,,,,,,,,,,,,,
CCSCc1ccnc(NC(=O)c2ccc3c(c2)CNC3)c1,Z1274a,openbind_xx01zvns2b_c1_scaffolds,Z0182a,Z1719a,,,,,,,,,,,,,,,,,,,,,,,,,,,,,,,,,,,,,,,,,,,,,,,,,,,,,,,,,,,
c1ccc2c(c1)CN(Cc1cnc(-c3cncnc3)nc1)C2,Z1274a,openbind_xx01zvns2b_c1_scaffolds,Z0182a,Z1719a,,,,,,,,,,,,,,,,,,,,,,,,,,,,,,,,,,,,,,,,,,,,,,,,,,,,,,,,,,,
Cc1cc2cccc(Br)c2nc1C(C)CN,Z1274a,openbind_xx01zvns2b_c1_scaffolds,Z0089a,Z1719a,,,,,,,,,,,,,,,,,,,,,,,,,,,,,,,,,,,,,,,,,,,,,,,,,,,,,,,,,,,
Cc1nc2cc(NC(C)C)ccc2n1C,Z1274a,openbind_xx01zvns2b_c1_scaffolds,Z0089a,Z1719a,,,,,,,,,,,,,,,,,,,,,,,,,,,,,,,,,,,,,,,,,,,,,,,,,,,,,,,,,,,
O=S(=O)(NC1CC(c2ncc[nH]2)C1)N1Cc2ccccc2C1,Z1274a,openbind_xx01zvns2b_c1_scaffolds,Z0089a,Z1719a,,,,,,,,,,,,,,,,,,,,,,,,,,,,,,,,,,,,,,,,,,,,,,,,,,,,,,,,,,,
O=C(Cn1cnc2ccccc21)N1CCCC1c1ncc[nH]1,Z1274a,openbind_xx01zvns2b_c1_scaffolds,Z0089a,Z1719a,,,,,,,,,,,,,,,,,,,,,,,,,,,,,,,,,,,,,,,,,,,,,,,,,,,,,,,,,,,
CN(Cc1cnn2c1CNCC2)C(=O)c1ccc(O)cn1,Z1274a,openbind_xx01zvns2b_c1_scaffolds,Z0089a,Z1719a,,,,,,,,,,,,,,,,,,,,,,,,,,,,,,,,,,,,,,,,,,,,,,,,,,,,,,,,,,,
CN(CCNC(=O)c1ccn(C2CCCC2)n1)Cc1cscn1,Z1274a,openbind_xx01zvns2b_c1_scaffolds,Z0969a,Z1674a,,,,,,,,,,,,,,,,,,,,,,,,,,,,,,,,,,,,,,,,,,,,,,,,,,,,,,,,,,,
[O-][S+](Cc1cncs1)Cc1cccc2cccnc12,Z1274a,openbind_xx01zvns2b_c1_scaffolds,Z0701a,Z0719a,,,,,,,,,,,,,,,,,,,,,,,,,,,,,,,,,,,,,,,,,,,,,,,,,,,,,,,,,,,
Cn1cnc2cccc(CNC(=O)c3ccc4scnc4c3)c21,Z1274a,openbind_xx01zvns2b_c1_scaffolds,Z0701a,Z0719a,,,,,,,,,,,,,,,,,,,,,,,,,,,,,,,,,,,,,,,,,,,,,,,,,,,,,,,,,,,
CCC(C)C(=O)NCC(=O)N1CCCC(n2cccn2)C1,Z1274a,openbind_xx01zvns2b_c1_scaffolds,Z0701a,Z0719a,,,,,,,,,,,,,,,,,,,,,,,,,,,,,,,,,,,,,,,,,,,,,,,,,,,,,,,,,,,
CCN(CCNC(=O)Cc1c[nH][nH]c1=O)C(=O)c1cncs1,Z1274a,openbind_xx01zvns2b_c1_scaffolds,Z0701a,Z0719a,,,,,,,,,,,,,,,,,,,,,,,,,,,,,,,,,,,,,,,,,,,,,,,,,,,,,,,,,,,
CNc1ccnc(C(=O)NCc2c[nH]cn2)c1,Z1274a,openbind_xx01zvns2b_c1_scaffolds,Z0701a,Z0719a,,,,,,,,,,,,,,,,,,,,,,,,,,,,,,,,,,,,,,,,,,,,,,,,,,,,,,,,,,,
O=C(Nc1ccc(-c2ncc[nH]2)cc1)c1cnn2c1CNCC2,Z1274a,openbind_xx01zvns2b_c1_scaffolds,Z0701a,Z0719a,,,,,,,,,,,,,,,,,,,,,,,,,,,,,,,,,,,,,,,,,,,,,,,,,,,,,,,,,,,
O=C1CCC(CNC(=O)CN2CCNCC2)CN1,Z1274a,openbind_xx01zvns2b_c1_scaffolds,Z0701a,Z0719a,,,,,,,,,,,,,,,,,,,,,,,,,,,,,,,,,,,,,,,,,,,,,,,,,,,,,,,,,,,
CC(C)Nc1ncncc1NC(=O)c1cnc2ccsc2c1,Z1274a,openbind_xx01zvns2b_c1_scaffolds,Z0701a,Z0719a,,,,,,,,,,,,,,,,,,,,,,,,,,,,,,,,,,,,,,,,,,,,,,,,,,,,,,,,,,,
O=C(NC1CCN(c2ccccn2)C1)c1cccc2cccnc12,Z1274a,openbind_xx01zvns2b_c1_scaffolds,Z0701a,Z0719a,,,,,,,,,,,,,,,,,,,,,,,,,,,,,,,,,,,,,,,,,,,,,,,,,,,,,,,,,,,
O=C(NC(CO)Cc1ccncc1)c1cncc(-n2ccnc2)n1,Z1274a,openbind_xx01zvns2b_c1_scaffolds,Z0701a,Z0719a,,,,,,,,,,,,,,,,,,,,,,,,,,,,,,,,,,,,,,,,,,,,,,,,,,,,,,,,,,,
CC(C)(C(=O)N1Cc2cccc(F)c2C1)c1ccncn1,Z1274a,openbind_xx01zvns2b_c1_scaffolds,Z0701a,Z0719a,,,,,,,,,,,,,,,,,,,,,,,,,,,,,,,,,,,,,,,,,,,,,,,,,,,,,,,,,,,
COc1ccc2cc(C(=O)NCC3CCCNC3)ccc2n1,Z1274a,openbind_xx01zvns2b_c1_scaffolds,Z0701a,Z0719a,,,,,,,,,,,,,,,,,,,,,,,,,,,,,,,,,,,,,,,,,,,,,,,,,,,,,,,,,,,
CC(Sc1ccccn1)C(=O)Nc1ccc2[nH]c(=O)[nH]c2c1,Z1274a,openbind_xx01zvns2b_c1_scaffolds,Z0701a,Z0719a,,,,,,,,,,,,,,,,,,,,,,,,,,,,,,,,,,,,,,,,,,,,,,,,,,,,,,,,,,,
Cc1ncsc1CN(C)S(=O)(=O)Cc1cccc2cccnc12,Z1274a,openbind_xx01zvns2b_c1_scaffolds,Z0465a,Z0693a,,,,,,,,,,,,,,,,,,,,,,,,,,,,,,,,,,,,,,,,,,,,,,,,,,,,,,,,,,,
Cn1cncc1CC(=O)NCCc1ccncc1,Z1274a,openbind_xx01zvns2b_c1_scaffolds,Z0800a,Z1495a,,,,,,,,,,,,,,,,,,,,,,,,,,,,,,,,,,,,,,,,,,,,,,,,,,,,,,,,,,,
O=C(NCCCSc1nccs1)C1CCC(C(F)(F)F)NC1=O,Z1274a,openbind_xx01zvns2b_c1_scaffolds,Z0800a,Z1495a,,,,,,,,,,,,,,,,,,,,,,,,,,,,,,,,,,,,,,,,,,,,,,,,,,,,,,,,,,,
O=C(NCCc1ncc[nH]1)c1cc(Br)cc2[nH]cnc12,Z1274a,openbind_xx01zvns2b_c1_scaffolds,Z0800a,Z1495a,,,,,,,,,,,,,,,,,,,,,,,,,,,,,,,,,,,,,,,,,,,,,,,,,,,,,,,,,,,
CN(Cc1cscn1)S(=O)(=O)c1cccc2cccnc12,Z1274a,openbind_xx01zvns2b_c1_scaffolds,Z0800a,Z1495a,,,,,,,,,,,,,,,,,,,,,,,,,,,,,,,,,,,,,,,,,,,,,,,,,,,,,,,,,,,
O=C(Nn1cnc2ccccc21)c1ccc2scnc2c1,Z1274a,openbind_xx01zvns2b_c1_scaffolds,Z0089a,Z1495a,,,,,,,,,,,,,,,,,,,,,,,,,,,,,,,,,,,,,,,,,,,,,,,,,,,,,,,,,,,
CN(Cc1ccns1)C(=O)N1CCCCC1c1cncnc1,Z1274a,openbind_xx01zvns2b_c1_scaffolds,Z0089a,Z1495a,,,,,,,,,,,,,,,,,,,,,,,,,,,,,,,,,,,,,,,,,,,,,,,,,,,,,,,,,,,
COc1ccc2cc(-c3cccc(CNC(C)=O)c3)ccc2n1,Z1274a,openbind_xx01zvns2b_c1_scaffolds,Z0089a,Z1495a,,,,,,,,,,,,,,,,,,,,,,,,,,,,,,,,,,,,,,,,,,,,,,,,,,,,,,,,,,,
O=C(Nc1nc2ccccc2n1-c1ccccc1)c1ccccn1,Z1274a,openbind_xx01zvns2b_c1_scaffolds,Z0089a,Z1495a,,,,,,,,,,,,,,,,,,,,,,,,,,,,,,,,,,,,,,,,,,,,,,,,,,,,,,,,,,,
O=C(CC1CCNCC1F)NCc1cncnc1,Z1274a,openbind_xx01zvns2b_c1_scaffolds,Z0089a,Z1495a,,,,,,,,,,,,,,,,,,,,,,,,,,,,,,,,,,,,,,,,,,,,,,,,,,,,,,,,,,,
CN1CCn2nc(NC(=O)c3cccc4ncccc34)cc2C1,Z1274a,openbind_xx01zvns2b_c1_scaffolds,Z0429a,Z0852a,Z1597a,,,,,,,,,,,,,,,,,,,,,,,,,,,,,,,,,,,,,,,,,,,,,,,,,,,,,,,,,,
CC(NC(=O)Cc1cccnc1)C1CCN(c2ncccn2)CC1,Z1274a,openbind_xx01zvns2b_c1_scaffolds,Z0429a,Z0852a,Z1597a,,,,,,,,,,,,,,,,,,,,,,,,,,,,,,,,,,,,,,,,,,,,,,,,,,,,,,,,,,
Cc1[nH]n(-c2nc3ccccc3[nH]2)c(=O)c1CCC#N,Z1274a,openbind_xx01zvns2b_c1_scaffolds,Z0917a,Z4245a,,,,,,,,,,,,,,,,,,,,,,,,,,,,,,,,,,,,,,,,,,,,,,,,,,,,,,,,,,,
Cc1n[nH]c2ncc(NC(=O)c3ccc4c(c3)CNC4)cc12,Z1274a,openbind_xx01zvns2b_c1_scaffolds,Z0917a,Z4245a,,,,,,,,,,,,,,,,,,,,,,,,,,,,,,,,,,,,,,,,,,,,,,,,,,,,,,,,,,,
CC(C)n1c(=O)[nH]c2ccc(C(=O)NCCc3cscn3)cc21,Z1274a,openbind_xx01zvns2b_c1_scaffolds,Z0917a,Z4245a,,,,,,,,,,,,,,,,,,,,,,,,,,,,,,,,,,,,,,,,,,,,,,,,,,,,,,,,,,,
CN(C)CCn1c(=O)[nH]c2ccc(C(=O)NCC3CCNCC3)cc21,Z1274a,openbind_xx01zvns2b_c1_scaffolds,Z0917a,Z4245a,,,,,,,,,,,,,,,,,,,,,,,,,,,,,,,,,,,,,,,,,,,,,,,,,,,,,,,,,,,
CCc1ccnc(-c2noc(-c3cn4ccccc4n3)n2)c1,Z1274a,openbind_xx01zvns2b_c1_scaffolds,Z0917a,Z4245a,,,,,,,,,,,,,,,,,,,,,,,,,,,,,,,,,,,,,,,,,,,,,,,,,,,,,,,,,,,
Cn1c(=O)[nH]c2ccc(C(=O)NCC3CCCNC3)cc21,Z1274a,openbind_xx01zvns2b_c1_scaffolds,Z0917a,Z4245a,,,,,,,,,,,,,,,,,,,,,,,,,,,,,,,,,,,,,,,,,,,,,,,,,,,,,,,,,,,
O=C(NC1CCN(C2CCOCC2)CC1)c1cnc2ccccc2c1,Z1274a,openbind_xx01zvns2b_c1_scaffolds,Z0051a,Z0846a,,,,,,,,,,,,,,,,,,,,,,,,,,,,,,,,,,,,,,,,,,,,,,,,,,,,,,,,,,,
O=C(Cc1cscn1)NC1CCN(c2ncnc3ccccc23)C1,Z1274a,openbind_xx01zvns2b_c1_scaffolds,Z0875a,Z3596a,,,,,,,,,,,,,,,,,,,,,,,,,,,,,,,,,,,,,,,,,,,,,,,,,,,,,,,,,,,
CCC(NC(=O)Nc1ccc(Br)cn1)c1ccccn1,Z1274a,openbind_xx01zvns2b_c1_scaffolds,Z0875a,Z3596a,,,,,,,,,,,,,,,,,,,,,,,,,,,,,,,,,,,,,,,,,,,,,,,,,,,,,,,,,,,
COc1ccc2cc(C(=O)NC(C)c3cn[nH]c3)ccc2n1,Z1274a,openbind_xx01zvns2b_c1_scaffolds,Z0673a,Z1274a,,,,,,,,,,,,,,,,,,,,,,,,,,,,,,,,,,,,,,,,,,,,,,,,,,,,,,,,,,,
CCc1cc(NCC2CCC(=O)NC2)ccn1,Z1274a,openbind_xx01zvns2b_c1_scaffolds,Z0673a,Z1274a,,,,,,,,,,,,,,,,,,,,,,,,,,,,,,,,,,,,,,,,,,,,,,,,,,,,,,,,,,,
c1ccc(C2(NCCCc3ncc[nH]3)CC2)nc1,Z1274a,openbind_xx01zvns2b_c1_scaffolds,Z0673a,Z1274a,,,,,,,,,,,,,,,,,,,,,,,,,,,,,,,,,,,,,,,,,,,,,,,,,,,,,,,,,,,
COC(C(=O)N1CCC1CNC(=O)Cc1cscn1)C(C)C,Z1274a,openbind_xx01zvns2b_c1_scaffolds,Z0673a,Z1274a,,,,,,,,,,,,,,,,,,,,,,,,,,,,,,,,,,,,,,,,,,,,,,,,,,,,,,,,,,,
CCC(C)C(NC(C)=O)C(=O)N1CCC(c2ncc[nH]2)CC1,Z1274a,openbind_xx01zvns2b_c1_scaffolds,Z0673a,Z1274a,,,,,,,,,,,,,,,,,,,,,,,,,,,,,,,,,,,,,,,,,,,,,,,,,,,,,,,,,,,
O=C(CCc1cncc2ccccc12)NCc1nc(CO)cs1,Z1274a,openbind_xx01zvns2b_c1_scaffolds,Z0673a,Z1274a,,,,,,,,,,,,,,,,,,,,,,,,,,,,,,,,,,,,,,,,,,,,,,,,,,,,,,,,,,,
CC(C)Cc1nc(C(=O)OC(C)c2cocn2)cs1,Z1274a,openbind_xx01zvns2b_c1_scaffolds,Z0673a,Z1274a,,,,,,,,,,,,,,,,,,,,,,,,,,,,,,,,,,,,,,,,,,,,,,,,,,,,,,,,,,,
O=C(Nc1ccc2c(c1)CNC2)C1CCCN(c2cc(=O)[nH]cn2)C1,Z1274a,openbind_xx01zvns2b_c1_scaffolds,Z1716a,Z1729a,,,,,,,,,,,,,,,,,,,,,,,,,,,,,,,,,,,,,,,,,,,,,,,,,,,,,,,,,,,
CSCCC(NC(=O)Cc1cc(=O)n(CC(C)C)[nH]1)c1nc2ccccc2[nH]1,Z1274a,openbind_xx01zvns2b_c1_scaffolds,Z1716a,Z1729a,,,,,,,,,,,,,,,,,,,,,,,,,,,,,,,,,,,,,,,,,,,,,,,,,,,,,,,,,,,
COc1cnn2c1CN(C(=O)Nn1cnc3ccccc31)CC2,Z1274a,openbind_xx01zvns2b_c1_scaffolds,Z1716a,Z1729a,,,,,,,,,,,,,,,,,,,,,,,,,,,,,,,,,,,,,,,,,,,,,,,,,,,,,,,,,,,
CN(C(=O)c1ccc2ccccc2n1)c1ccc2ccccc2n1,Z1274a,openbind_xx01zvns2b_c1_scaffolds,Z1716a,Z1729a,,,,,,,,,,,,,,,,,,,,,,,,,,,,,,,,,,,,,,,,,,,,,,,,,,,,,,,,,,,
CC(C)Nc1ccc(-c2ccnc(N3CCCC3)c2)cn1,Z1274a,openbind_xx01zvns2b_c1_scaffolds,Z0465a,Z0772a,,,,,,,,,,,,,,,,,,,,,,,,,,,,,,,,,,,,,,,,,,,,,,,,,,,,,,,,,,,
O=C(NCC(=O)N1CCNCC1)c1cnc(C2CCOCC2)s1,Z1274a,openbind_xx01zvns2b_c1_scaffolds,Z0422a,Z0969a,,,,,,,,,,,,,,,,,,,,,,,,,,,,,,,,,,,,,,,,,,,,,,,,,,,,,,,,,,,
CC(CNC(=O)c1cccnc1C1CC1)NC(=O)c1cscn1,Z1274a,openbind_xx01zvns2b_c1_scaffolds,Z0819a,Z1342a,,,,,,,,,,,,,,,,,,,,,,,,,,,,,,,,,,,,,,,,,,,,,,,,,,,,,,,,,,,
CCCC(OCC)C(=O)NC1CCCN(Cc2cscn2)C1,Z1274a,openbind_xx01zvns2b_c1_scaffolds,Z0819a,Z1342a,,,,,,,,,,,,,,,,,,,,,,,,,,,,,,,,,,,,,,,,,,,,,,,,,,,,,,,,,,,
CC(C)C(CO)NC(=O)C1CCCN(C(=O)c2ccncc2)C1,Z1274a,openbind_xx01zvns2b_c1_scaffolds,Z0819a,Z4245a,,,,,,,,,,,,,,,,,,,,,,,,,,,,,,,,,,,,,,,,,,,,,,,,,,,,,,,,,,,
CC(C(=O)Nc1cc2n(n1)CCNC2)n1cnc2ccccc21,Z1274a,openbind_xx01zvns2b_c1_scaffolds,Z0819a,Z4245a,,,,,,,,,,,,,,,,,,,,,,,,,,,,,,,,,,,,,,,,,,,,,,,,,,,,,,,,,,,
CCOC(=O)c1csc(CCNCc2cn3ccccc3n2)n1,Z1274a,openbind_xx01zvns2b_c1_scaffolds,Z0819a,Z4245a,,,,,,,,,,,,,,,,,,,,,,,,,,,,,,,,,,,,,,,,,,,,,,,,,,,,,,,,,,,
COC(=O)CC1CCCN(C(=O)N(C)Cc2ccncn2)C1,Z1274a,openbind_xx01zvns2b_c1_scaffolds,Z0819a,Z4245a,,,,,,,,,,,,,,,,,,,,,,,,,,,,,,,,,,,,,,,,,,,,,,,,,,,,,,,,,,,
Cc1nccc(CSCCn2cccn2)n1,Z1274a,openbind_xx01zvns2b_c1_scaffolds,Z0819a,Z4245a,,,,,,,,,,,,,,,,,,,,,,,,,,,,,,,,,,,,,,,,,,,,,,,,,,,,,,,,,,,
O=C(CSc1nc2ccccc2[nH]1)NCc1ncc[nH]1,Z1274a,openbind_xx01zvns2b_c1_scaffolds,Z0819a,Z4245a,,,,,,,,,,,,,,,,,,,,,,,,,,,,,,,,,,,,,,,,,,,,,,,,,,,,,,,,,,,
CC(CNC(=O)c1cccnc1)NC(=O)c1ccc2[nH]ccc2c1,Z1274a,openbind_xx01zvns2b_c1_scaffolds,Z0819a,Z4245a,,,,,,,,,,,,,,,,,,,,,,,,,,,,,,,,,,,,,,,,,,,,,,,,,,,,,,,,,,,
COc1cccc2c(C)cc(C(C)CN)nc12,Z1274a,openbind_xx01zvns2b_c1_scaffolds,Z1098a,Z1716a,,,,,,,,,,,,,,,,,,,,,,,,,,,,,,,,,,,,,,,,,,,,,,,,,,,,,,,,,,,
O=C(NC(CO)c1nc[nH]n1)c1cnc(C2CCNCC2)nc1,Z1274a,openbind_xx01zvns2b_c1_scaffolds,Z0051a,Z3503a,,,,,,,,,,,,,,,,,,,,,,,,,,,,,,,,,,,,,,,,,,,,,,,,,,,,,,,,,,,
CCN(Cc1ccncc1)C(=O)CCc1c[nH]c2ccccc12,Z1274a,openbind_xx01zvns2b_c1_scaffolds,Z0051a,Z3503a,,,,,,,,,,,,,,,,,,,,,,,,,,,,,,,,,,,,,,,,,,,,,,,,,,,,,,,,,,,
O=C(Cc1c[nH]c2ccccc12)N1CCCN(c2ccncc2)CC1,Z1274a,openbind_xx01zvns2b_c1_scaffolds,Z0089a,Z3476a,,,,,,,,,,,,,,,,,,,,,,,,,,,,,,,,,,,,,,,,,,,,,,,,,,,,,,,,,,,
CCC(C)NC(=O)CN1CCN(CCCc2ccncc2)CC1,Z1274a,openbind_xx01zvns2b_c1_scaffolds,Z0089a,Z1495a,,,,,,,,,,,,,,,,,,,,,,,,,,,,,,,,,,,,,,,,,,,,,,,,,,,,,,,,,,,
Cc1cc(NC(=O)c2ccnc3ccccc23)c2ncccc2c1,Z1274a,openbind_xx01zvns2b_c1_scaffolds,Z0852a,Z0917a,,,,,,,,,,,,,,,,,,,,,,,,,,,,,,,,,,,,,,,,,,,,,,,,,,,,,,,,,,,
O=C(NC1CCc2ncsc2C1)c1cnc(-c2cccnc2)s1,Z1274a,openbind_xx01zvns2b_c1_scaffolds,Z0852a,Z0917a,,,,,,,,,,,,,,,,,,,,,,,,,,,,,,,,,,,,,,,,,,,,,,,,,,,,,,,,,,,
Cn1ccc(C2CCCN(c3ccnc4ccccc34)C2)n1,Z1274a,openbind_xx01zvns2b_c1_scaffolds,Z0852a,Z0917a,,,,,,,,,,,,,,,,,,,,,,,,,,,,,,,,,,,,,,,,,,,,,,,,,,,,,,,,,,,
c1cc2c(cc1OC1CCCNC1)CNC2,Z1274a,openbind_xx01zvns2b_c1_scaffolds,Z0673a,Z1274a,,,,,,,,,,,,,,,,,,,,,,,,,,,,,,,,,,,,,,,,,,,,,,,,,,,,,,,,,,,
CC(C)C(=O)NC1CCCN(C(=O)CCc2ccnc3ccccc23)C1,Z1274a,openbind_xx01zvns2b_c1_scaffolds,Z0673a,Z1274a,,,,,,,,,,,,,,,,,,,,,,,,,,,,,,,,,,,,,,,,,,,,,,,,,,,,,,,,,,,
CC(=O)NCC1CC(NC(=O)CC(O)(c2ncc[nH]2)C(F)(F)F)C1,Z1274a,openbind_xx01zvns2b_c1_scaffolds,Z0884a,Z0945a,,,,,,,,,,,,,,,,,,,,,,,,,,,,,,,,,,,,,,,,,,,,,,,,,,,,,,,,,,,
CC(=O)NCc1ccc2c(c1)CN(C(=O)CCc1cscn1)C2,Z1274a,openbind_xx01zvns2b_c1_scaffolds,Z1495a,Z1674a,,,,,,,,,,,,,,,,,,,,,,,,,,,,,,,,,,,,,,,,,,,,,,,,,,,,,,,,,,,
O=C(C1CCCNC1)N1Cc2ccc(O)cc2C1,Z1274a,openbind_xx01zvns2b_c1_scaffolds,Z1495a,Z1674a,,,,,,,,,,,,,,,,,,,,,,,,,,,,,,,,,,,,,,,,,,,,,,,,,,,,,,,,,,,
O=C(Nc1nc2c(Cl)cccc2s1)c1cccnc1,Z1274a,openbind_xx01zvns2b_c1_scaffolds,Z0429a,Z1495a,Z1674a,,,,,,,,,,,,,,,,,,,,,,,,,,,,,,,,,,,,,,,,,,,,,,,,,,,,,,,,,,
CC(C)(C)OC(=O)N1CCC(=O)C(OCc2ccccn2)C1,Z1274a,openbind_xx01zvns2b_c1_scaffolds,Z0429a,Z1495a,Z1674a,,,,,,,,,,,,,,,,,,,,,,,,,,,,,,,,,,,,,,,,,,,,,,,,,,,,,,,,,,
O=C(NC(CO)c1ncc[nH]1)c1c(F)ccc2[nH]cnc12,Z1274a,openbind_xx01zvns2b_c1_scaffolds,Z1495a,Z1674a,,,,,,,,,,,,,,,,,,,,,,,,,,,,,,,,,,,,,,,,,,,,,,,,,,,,,,,,,,,
O=C1CCCC2=C1C(c1ccncc1)n1nc(SCc3ccccn3)nc1N2,Z1274a,openbind_xx01zvns2b_c1_scaffolds,Z1495a,Z1674a,,,,,,,,,,,,,,,,,,,,,,,,,,,,,,,,,,,,,,,,,,,,,,,,,,,,,,,,,,,
COc1ccc2cccc(NC(=O)NCCC3CCNCC3)c2n1,Z1274a,openbind_xx01zvns2b_c1_scaffolds,Z0429a,Z1495a,Z1674a,,,,,,,,,,,,,,,,,,,,,,,,,,,,,,,,,,,,,,,,,,,,,,,,,,,,,,,,,,
CC(CN)N1Cc2cccc(N)c2C1,Z1274a,openbind_xx01zvns2b_c1_scaffolds,Z0465a,Z1597a,,,,,,,,,,,,,,,,,,,,,,,,,,,,,,,,,,,,,,,,,,,,,,,,,,,,,,,,,,,
CC(C)Nc1ccnc2ccsc12,Z1274a,openbind_xx01zvns2b_c1_scaffolds,Z0089a,Z3515a,,,,,,,,,,,,,,,,,,,,,,,,,,,,,,,,,,,,,,,,,,,,,,,,,,,,,,,,,,,
CCOC(=O)c1csc(COC(=O)CC(C)n2ccnc2)n1,Z1274a,openbind_xx01zvns2b_c1_scaffolds,Z0472a,Z0819a,,,,,,,,,,,,,,,,,,,,,,,,,,,,,,,,,,,,,,,,,,,,,,,,,,,,,,,,,,,
O=C(C1CCCNC1)N1Cc2ccccc2C1,Z1274a,openbind_xx01zvns2b_c1_scaffolds,Z0819a,Z3527a,,,,,,,,,,,,,,,,,,,,,,,,,,,,,,,,,,,,,,,,,,,,,,,,,,,,,,,,,,,
N#Cc1cccnc1N1CC2CN(c3ccnc4ccccc34)CC2C1,Z1274a,openbind_xx01zvns2b_c1_scaffolds,Z0051a,Z1495a,,,,,,,,,,,,,,,,,,,,,,,,,,,,,,,,,,,,,,,,,,,,,,,,,,,,,,,,,,,
Cc1nc2ccccc2n1CCCNC(=O)C1CCCNC1,Z1274a,openbind_xx01zvns2b_c1_scaffolds,Z0051a,Z1495a,,,,,,,,,,,,,,,,,,,,,,,,,,,,,,,,,,,,,,,,,,,,,,,,,,,,,,,,,,,
CC(O)C(=O)N1CCC(C(C)NC(=O)Cc2cncnc2)CC1,Z1274a,openbind_xx01zvns2b_c1_scaffolds,Z0051a,Z1495a,,,,,,,,,,,,,,,,,,,,,,,,,,,,,,,,,,,,,,,,,,,,,,,,,,,,,,,,,,,
O=C(NC(c1ccco1)C(F)F)c1cnc(N2CCNCC2)s1,Z1274a,openbind_xx01zvns2b_c1_scaffolds,Z0051a,Z1495a,,,,,,,,,,,,,,,,,,,,,,,,,,,,,,,,,,,,,,,,,,,,,,,,,,,,,,,,,,,
CC(C)c1ncc(C(=O)NCCN(C)C(=O)Cc2c[nH][nH]c2=O)s1,Z1274a,openbind_xx01zvns2b_c1_scaffolds,Z0051a,Z1495a,,,,,,,,,,,,,,,,,,,,,,,,,,,,,,,,,,,,,,,,,,,,,,,,,,,,,,,,,,,
CC(C)NC1CC(n2ccnc2)C1,Z1274a,openbind_xx01zvns2b_c1_scaffolds,Z0051a,Z1495a,,,,,,,,,,,,,,,,,,,,,,,,,,,,,,,,,,,,,,,,,,,,,,,,,,,,,,,,,,,
CC(=O)NC(CC(=O)N1CCN(Cc2cscn2)CC1)C(N)=O,Z1274a,openbind_xx01zvns2b_c1_scaffolds,Z0051a,Z1495a,,,,,,,,,,,,,,,,,,,,,,,,,,,,,,,,,,,,,,,,,,,,,,,,,,,,,,,,,,,
CC(NCc1cnc(C2CC2)o1)c1cccc2cccnc12,Z1274a,openbind_xx01zvns2b_c1_scaffolds,Z0709a,Z1495a,Z1597a,,,,,,,,,,,,,,,,,,,,,,,,,,,,,,,,,,,,,,,,,,,,,,,,,,,,,,,,,,
CC(=O)c1csc(NC(=O)CCc2ccnc3ccccc23)n1,Z1274a,openbind_xx01zvns2b_c1_scaffolds,Z0800a,Z3729a,Z3880a,,,,,,,,,,,,,,,,,,,,,,,,,,,,,,,,,,,,,,,,,,,,,,,,,,,,,,,,,,
CCC(=O)N1CCC(N(CC)C(=O)c2cnc3[nH]ncc3c2)CC1,Z1274a,openbind_xx01zvns2b_c1_scaffolds,Z0875a,Z1688a,,,,,,,,,,,,,,,,,,,,,,,,,,,,,,,,,,,,,,,,,,,,,,,,,,,,,,,,,,,
CN(C(=O)CCc1c[nH]cn1)C1CC(c2cccnc2)C1,Z1274a,openbind_xx01zvns2b_c1_scaffolds,Z0182a,Z1495a,,,,,,,,,,,,,,,,,,,,,,,,,,,,,,,,,,,,,,,,,,,,,,,,,,,,,,,,,,,
CON=CC(=O)N1CCC(c2nc3ccccc3[nH]2)CC1,Z1274a,openbind_xx01zvns2b_c1_scaffolds,Z0182a,Z1495a,,,,,,,,,,,,,,,,,,,,,,,,,,,,,,,,,,,,,,,,,,,,,,,,,,,,,,,,,,,
COc1cn[nH]c1NC(=O)CCc1nc2ccccc2[nH]1,Z1274a,openbind_xx01zvns2b_c1_scaffolds,Z0425a,Z0969a,,,,,,,,,,,,,,,,,,,,,,,,,,,,,,,,,,,,,,,,,,,,,,,,,,,,,,,,,,,
c1cncc(-c2csc(NCCc3nc4c(s3)CCCC4)n2)c1,Z1274a,openbind_xx01zvns2b_c1_scaffolds,Z0425a,Z0969a,,,,,,,,,,,,,,,,,,,,,,,,,,,,,,,,,,,,,,,,,,,,,,,,,,,,,,,,,,,
O=[N+]([O-])c1c(NCCc2cccc3cccnc23)nc2ccccn12,Z1274a,openbind_xx01zvns2b_c1_scaffolds,Z0425a,Z0969a,,,,,,,,,,,,,,,,,,,,,,,,,,,,,,,,,,,,,,,,,,,,,,,,,,,,,,,,,,,
CCC1c2ccccc2CN1C(=O)C(=O)Nc1cncnc1,Z1274a,openbind_xx01zvns2b_c1_scaffolds,Z0846a,Z3880a,,,,,,,,,,,,,,,,,,,,,,,,,,,,,,,,,,,,,,,,,,,,,,,,,,,,,,,,,,,
O=C(C1C=CCC1)N1CCCC(N2CCNCC2)C1,Z1274a,openbind_xx01zvns2b_c1_scaffolds,Z0719a,Z3596a,,,,,,,,,,,,,,,,,,,,,,,,,,,,,,,,,,,,,,,,,,,,,,,,,,,,,,,,,,,
c1ccc(C2(NCc3ccc4cccnc4c3)CCC2)nc1,Z1274a,openbind_xx01zvns2b_c1_scaffolds,Z0101a,Z1688a,,,,,,,,,,,,,,,,,,,,,,,,,,,,,,,,,,,,,,,,,,,,,,,,,,,,,,,,,,,
O=C(c1ccoc1)N(Cc1cscn1)c1nc2ccccc2[nH]1,Z1274a,openbind_xx01zvns2b_c1_scaffolds,Z0773a,Z3527a,Z3596a,,,,,,,,,,,,,,,,,,,,,,,,,,,,,,,,,,,,,,,,,,,,,,,,,,,,,,,,,,
CN(C)C(=O)N1CCCC(C(=O)Nc2cncnc2)C1,Z1274a,openbind_xx01zvns2b_c1_scaffolds,Z0089a,Z0875a,,,,,,,,,,,,,,,,,,,,,,,,,,,,,,,,,,,,,,,,,,,,,,,,,,,,,,,,,,,
CCOC(C)c1ncc(C(=O)NCc2ccc3c(c2)CNC3)s1,Z1274a,openbind_xx01zvns2b_c1_scaffolds,Z0472a,Z3476a,,,,,,,,,,,,,,,,,,,,,,,,,,,,,,,,,,,,,,,,,,,,,,,,,,,,,,,,,,,
Cc1cnn2c1CN(CC(F)C1CCNCC1)CC2,Z1274a,openbind_xx01zvns2b_c1_scaffolds,Z0472a,Z3476a,,,,,,,,,,,,,,,,,,,,,,,,,,,,,,,,,,,,,,,,,,,,,,,,,,,,,,,,,,,
Cc1cn2ccc(NCCc3nc4ccccc4s3)cc2n1,Z1274a,openbind_xx01zvns2b_c1_scaffolds,Z0472a,Z3476a,,,,,,,,,,,,,,,,,,,,,,,,,,,,,,,,,,,,,,,,,,,,,,,,,,,,,,,,,,,
CC(C)Nc1nc2cc(F)ccc2n1C,Z1274a,openbind_xx01zvns2b_c1_scaffolds,Z0472a,Z3476a,,,,,,,,,,,,,,,,,,,,,,,,,,,,,,,,,,,,,,,,,,,,,,,,,,,,,,,,,,,
NS(=O)(=O)c1ccc(C(=O)OCC(=O)Nc2ccccn2)s1,Z1274a,openbind_xx01zvns2b_c1_scaffolds,Z0472a,Z3476a,,,,,,,,,,,,,,,,,,,,,,,,,,,,,,,,,,,,,,,,,,,,,,,,,,,,,,,,,,,
CC(CN)c1nc2ccc(Br)cc2[nH]1,Z1274a,openbind_xx01zvns2b_c1_scaffolds,Z0472a,Z3476a,,,,,,,,,,,,,,,,,,,,,,,,,,,,,,,,,,,,,,,,,,,,,,,,,,,,,,,,,,,
Clc1cccc2nc(C3CCCNC3)[nH]c12,Z1274a,openbind_xx01zvns2b_c1_scaffolds,Z0472a,Z3476a,,,,,,,,,,,,,,,,,,,,,,,,,,,,,,,,,,,,,,,,,,,,,,,,,,,,,,,,,,,
CN1CCCCC1COc1ccc2c(c1)CNC2,Z1274a,openbind_xx01zvns2b_c1_scaffolds,Z0472a,Z3476a,,,,,,,,,,,,,,,,,,,,,,,,,,,,,,,,,,,,,,,,,,,,,,,,,,,,,,,,,,,
CC(CCNC(=O)c1cn2ccccc2n1)NC(=O)c1ccncc1,Z1274a,openbind_xx01zvns2b_c1_scaffolds,Z0472a,Z3476a,,,,,,,,,,,,,,,,,,,,,,,,,,,,,,,,,,,,,,,,,,,,,,,,,,,,,,,,,,,
O=C(NCc1ccc2c(c1)CNC2)Nc1nc2ccccc2s1,Z1274a,openbind_xx01zvns2b_c1_scaffolds,Z0472a,Z3476a,,,,,,,,,,,,,,,,,,,,,,,,,,,,,,,,,,,,,,,,,,,,,,,,,,,,,,,,,,,
CC(C)Cc1ccnc(NC(=O)NCC(C)c2ccccn2)c1,Z1274a,openbind_xx01zvns2b_c1_scaffolds,Z0472a,Z3476a,,,,,,,,,,,,,,,,,,,,,,,,,,,,,,,,,,,,,,,,,,,,,,,,,,,,,,,,,,,
CC(CN)c1nc2cc(N)ccc2n1CCCN,Z1274a,openbind_xx01zvns2b_c1_scaffolds,Z0472a,Z3476a,,,,,,,,,,,,,,,,,,,,,,,,,,,,,,,,,,,,,,,,,,,,,,,,,,,,,,,,,,,
CC(=O)NCC1CCN1C(=O)C(O)Cc1c[nH]cn1,Z1274a,openbind_xx01zvns2b_c1_scaffolds,Z0472a,Z3476a,,,,,,,,,,,,,,,,,,,,,,,,,,,,,,,,,,,,,,,,,,,,,,,,,,,,,,,,,,,
CC(NC(=O)c1cc2[nH]cnc2cc1F)c1ncc[nH]1,Z1274a,openbind_xx01zvns2b_c1_scaffolds,Z0472a,Z3476a,,,,,,,,,,,,,,,,,,,,,,,,,,,,,,,,,,,,,,,,,,,,,,,,,,,,,,,,,,,
O=C(Cc1ccn(C2CCCC2)n1)NCCc1ncc[nH]1,Z1274a,openbind_xx01zvns2b_c1_scaffolds,Z0472a,Z3476a,,,,,,,,,,,,,,,,,,,,,,,,,,,,,,,,,,,,,,,,,,,,,,,,,,,,,,,,,,,
O=C(C1CCCS1)N1CCN(c2cccc3[nH]ccc23)CC1,Z1274a,openbind_xx01zvns2b_c1_scaffolds,Z0472a,Z3476a,,,,,,,,,,,,,,,,,,,,,,,,,,,,,,,,,,,,,,,,,,,,,,,,,,,,,,,,,,,
CC(C)NC1CCC(NC(=O)c2ncc[nH]2)CC1,Z1274a,openbind_xx01zvns2b_c1_scaffolds,Z0472a,Z3476a,,,,,,,,,,,,,,,,,,,,,,,,,,,,,,,,,,,,,,,,,,,,,,,,,,,,,,,,,,,
CC(C)CC(NC(=O)C(C)c1ccccn1)c1nc2ccccc2[nH]1,Z1274a,openbind_xx01zvns2b_c1_scaffolds,Z0472a,Z3476a,,,,,,,,,,,,,,,,,,,,,,,,,,,,,,,,,,,,,,,,,,,,,,,,,,,,,,,,,,,
CC(=O)N(C)c1nc(CSc2nnc3ccccn23)cs1,Z1274a,openbind_xx01zvns2b_c1_scaffolds,Z0472a,Z3476a,,,,,,,,,,,,,,,,,,,,,,,,,,,,,,,,,,,,,,,,,,,,,,,,,,,,,,,,,,,
COc1cccc(NC(=O)c2ccc3c(c2)CNC3)n1,Z1274a,openbind_xx01zvns2b_c1_scaffolds,Z0472a,Z3476a,,,,,,,,,,,,,,,,,,,,,,,,,,,,,,,,,,,,,,,,,,,,,,,,,,,,,,,,,,,
O=C(Cc1cncnc1)N(Cc1ccco1)C1CCS(=O)(=O)C1,Z1274a,openbind_xx01zvns2b_c1_scaffolds,Z0472a,Z3476a,,,,,,,,,,,,,,,,,,,,,,,,,,,,,,,,,,,,,,,,,,,,,,,,,,,,,,,,,,,
Cc1ncsc1CCS(=O)(=O)NC1CCNCC1,Z1274a,openbind_xx01zvns2b_c1_scaffolds,Z0472a,Z3476a,,,,,,,,,,,,,,,,,,,,,,,,,,,,,,,,,,,,,,,,,,,,,,,,,,,,,,,,,,,
Cc1cc2n(n1)CCN(C(=O)CSc1nc3ccccc3s1)C2,Z1274a,openbind_xx01zvns2b_c1_scaffolds,Z0472a,Z3476a,,,,,,,,,,,,,,,,,,,,,,,,,,,,,,,,,,,,,,,,,,,,,,,,,,,,,,,,,,,
c1cc(CCCN2CC3CCC(C2)N3C2CCNCC2)ccn1,Z1274a,openbind_xx01zvns2b_c1_scaffolds,Z0472a,Z3476a,,,,,,,,,,,,,,,,,,,,,,,,,,,,,,,,,,,,,,,,,,,,,,,,,,,,,,,,,,,
O=C(Cn1cc(CCO)nn1)NCc1nnc2ccccn12,Z1274a,openbind_xx01zvns2b_c1_scaffolds,Z0472a,Z3476a,,,,,,,,,,,,,,,,,,,,,,,,,,,,,,,,,,,,,,,,,,,,,,,,,,,,,,,,,,,
O=C(c1ccc2ccccc2n1)N1CCN(c2ccc3ccccc3n2)CC1,Z1274a,openbind_xx01zvns2b_c1_scaffolds,Z0472a,Z3476a,,,,,,,,,,,,,,,,,,,,,,,,,,,,,,,,,,,,,,,,,,,,,,,,,,,,,,,,,,,
CC(C)c1cccc(NC(=O)NCC(C)c2ccccn2)n1,Z1274a,openbind_xx01zvns2b_c1_scaffolds,Z0472a,Z3476a,,,,,,,,,,,,,,,,,,,,,,,,,,,,,,,,,,,,,,,,,,,,,,,,,,,,,,,,,,,
COCC(=O)N1CCC(C(C)NC(=O)Cc2cccnc2)CC1,Z1274a,openbind_xx01zvns2b_c1_scaffolds,Z0472a,Z3476a,,,,,,,,,,,,,,,,,,,,,,,,,,,,,,,,,,,,,,,,,,,,,,,,,,,,,,,,,,,
COCC(=O)NC1CCCC1CNC(=O)CCc1ncc[nH]1,Z1274a,openbind_xx01zvns2b_c1_scaffolds,Z0465a,Z0719a,,,,,,,,,,,,,,,,,,,,,,,,,,,,,,,,,,,,,,,,,,,,,,,,,,,,,,,,,,,
FC(F)(F)c1cc(-c2ncc[nH]2)cnc1C1CC1,Z1274a,openbind_xx01zvns2b_c1_scaffolds,Z0182a,Z0819a,Z0827a,,,,,,,,,,,,,,,,,,,,,,,,,,,,,,,,,,,,,,,,,,,,,,,,,,,,,,,,,,
c1cc(C2CCCNC2)c2nc[nH]c2c1,Z1274a,openbind_xx01zvns2b_c1_scaffolds,Z0089a,Z0827a,,,,,,,,,,,,,,,,,,,,,,,,,,,,,,,,,,,,,,,,,,,,,,,,,,,,,,,,,,,
CC(C)NC1CCCN(C(=O)CCc2ccnc3ccccc23)C1,Z1274a,openbind_xx01zvns2b_c1_scaffolds,Z0089a,Z1719a,,,,,,,,,,,,,,,,,,,,,,,,,,,,,,,,,,,,,,,,,,,,,,,,,,,,,,,,,,,
O=C(NC(c1cccnc1)c1ccccn1)N1CC2(CCC2)C1,Z1274a,openbind_xx01zvns2b_c1_scaffolds,Z0089a,Z1719a,,,,,,,,,,,,,,,,,,,,,,,,,,,,,,,,,,,,,,,,,,,,,,,,,,,,,,,,,,,
O=C(Nc1ncc(C2CCOC2)s1)C(F)(F)c1ccncc1,Z1274a,openbind_xx01zvns2b_c1_scaffolds,Z0089a,Z1719a,,,,,,,,,,,,,,,,,,,,,,,,,,,,,,,,,,,,,,,,,,,,,,,,,,,,,,,,,,,
COC(=O)COc1ccc(NC(=O)c2cscn2)c2cccnc12,Z1274a,openbind_xx01zvns2b_c1_scaffolds,Z0089a,Z1719a,,,,,,,,,,,,,,,,,,,,,,,,,,,,,,,,,,,,,,,,,,,,,,,,,,,,,,,,,,,
CC(NC(=O)CCCn1cnc2ccccc21)c1ccccn1,Z1274a,openbind_xx01zvns2b_c1_scaffolds,Z0089a,Z1719a,,,,,,,,,,,,,,,,,,,,,,,,,,,,,,,,,,,,,,,,,,,,,,,,,,,,,,,,,,,
Cn1cnc2cccc(CNc3cccc4ncccc34)c21,Z1274a,openbind_xx01zvns2b_c1_scaffolds,Z0089a,Z1719a,,,,,,,,,,,,,,,,,,,,,,,,,,,,,,,,,,,,,,,,,,,,,,,,,,,,,,,,,,,
CCC(C)(C)C(=O)NCC1CC1CNC(=O)Cc1cncnc1,Z1274a,openbind_xx01zvns2b_c1_scaffolds,Z0559a,Z0969a,,,,,,,,,,,,,,,,,,,,,,,,,,,,,,,,,,,,,,,,,,,,,,,,,,,,,,,,,,,
CC(Oc1ccccn1)C(=O)Nc1cc(N(C)C)ccn1,Z1274a,openbind_xx01zvns2b_c1_scaffolds,Z0559a,Z0969a,,,,,,,,,,,,,,,,,,,,,,,,,,,,,,,,,,,,,,,,,,,,,,,,,,,,,,,,,,,
C=C(Cl)CCC(=O)N1CCCC1CNC(=O)Cc1cncnc1,Z1274a,openbind_xx01zvns2b_c1_scaffolds,Z0559a,Z0969a,,,,,,,,,,,,,,,,,,,,,,,,,,,,,,,,,,,,,,,,,,,,,,,,,,,,,,,,,,,
Cc1nccn1CCCC(=O)NCCN1CCNCC1,Z1274a,openbind_xx01zvns2b_c1_scaffolds,Z0559a,Z0969a,,,,,,,,,,,,,,,,,,,,,,,,,,,,,,,,,,,,,,,,,,,,,,,,,,,,,,,,,,,
O=C(Cn1c(SC(F)F)nc2ccccc21)NCc1nnc2ccccn12,Z1274a,openbind_xx01zvns2b_c1_scaffolds,Z0559a,Z0969a,,,,,,,,,,,,,,,,,,,,,,,,,,,,,,,,,,,,,,,,,,,,,,,,,,,,,,,,,,,
CC(CCNC(=O)c1cccnc1)N(C)C(=O)c1cn(C)cn1,Z1274a,openbind_xx01zvns2b_c1_scaffolds,Z0559a,Z0969a,,,,,,,,,,,,,,,,,,,,,,,,,,,,,,,,,,,,,,,,,,,,,,,,,,,,,,,,,,,
O=C(Cc1cn2ccccc2n1)NNC(=O)c1ccc2ccccc2n1,Z1274a,openbind_xx01zvns2b_c1_scaffolds,Z0559a,Z0969a,,,,,,,,,,,,,,,,,,,,,,,,,,,,,,,,,,,,,,,,,,,,,,,,,,,,,,,,,,,
O=C(NCC1CCOC1)Nc1cccc2c1CN(c1ccccn1)C2,Z1274a,openbind_xx01zvns2b_c1_scaffolds,Z0559a,Z0969a,,,,,,,,,,,,,,,,,,,,,,,,,,,,,,,,,,,,,,,,,,,,,,,,,,,,,,,,,,,
O=C(c1cocn1)N1CCN(c2ncnc3ccccc23)CC1,Z1274a,openbind_xx01zvns2b_c1_scaffolds,Z0559a,Z0969a,,,,,,,,,,,,,,,,,,,,,,,,,,,,,,,,,,,,,,,,,,,,,,,,,,,,,,,,,,,
c1c[nH]c(CCCNC2CCCCC2)n1,Z1274a,openbind_xx01zvns2b_c1_scaffolds,Z0559a,Z0969a,,,,,,,,,,,,,,,,,,,,,,,,,,,,,,,,,,,,,,,,,,,,,,,,,,,,,,,,,,,
CC(NC(=O)C(c1ccncc1)C1CCCC1)C1CCNCC1,Z1274a,openbind_xx01zvns2b_c1_scaffolds,Z0089a,Z1688a,,,,,,,,,,,,,,,,,,,,,,,,,,,,,,,,,,,,,,,,,,,,,,,,,,,,,,,,,,,
COc1cc(C(C)CN)c2ccccc2n1,Z1274a,openbind_xx01zvns2b_c1_scaffolds,Z0089a,Z1688a,,,,,,,,,,,,,,,,,,,,,,,,,,,,,,,,,,,,,,,,,,,,,,,,,,,,,,,,,,,
CN(C(=O)c1ccnc(C2CC2)c1)c1cccc2cccnc12,Z1274a,openbind_xx01zvns2b_c1_scaffolds,Z0089a,Z1688a,,,,,,,,,,,,,,,,,,,,,,,,,,,,,,,,,,,,,,,,,,,,,,,,,,,,,,,,,,,
c1ccc2c(c1)ncn2-c1ccc(-c2noc(-c3cscn3)n2)cc1,Z1274a,openbind_xx01zvns2b_c1_scaffolds,Z0089a,Z1688a,,,,,,,,,,,,,,,,,,,,,,,,,,,,,,,,,,,,,,,,,,,,,,,,,,,,,,,,,,,
N#Cc1ccc2c(c1)CN(C(=O)C(N)c1cscn1)C2,Z1274a,openbind_xx01zvns2b_c1_scaffolds,Z0089a,Z1688a,,,,,,,,,,,,,,,,,,,,,,,,,,,,,,,,,,,,,,,,,,,,,,,,,,,,,,,,,,,
CSCCC(NC(=O)NCCc1nc2ccccc2[nH]1)c1nnc2ccccn12,Z1274a,openbind_xx01zvns2b_c1_scaffolds,Z0089a,Z1688a,,,,,,,,,,,,,,,,,,,,,,,,,,,,,,,,,,,,,,,,,,,,,,,,,,,,,,,,,,,
CC(=O)NCC12CCCCC1CN(C(=O)c1cncc3ccccc13)C2,Z1274a,openbind_xx01zvns2b_c1_scaffolds,Z0089a,Z1688a,,,,,,,,,,,,,,,,,,,,,,,,,,,,,,,,,,,,,,,,,,,,,,,,,,,,,,,,,,,
Cc1ccc(OC(C)C(N)=O)c(N)n1,Z1274a,openbind_xx01zvns2b_c1_scaffolds,Z0089a,Z1688a,,,,,,,,,,,,,,,,,,,,,,,,,,,,,,,,,,,,,,,,,,,,,,,,,,,,,,,,,,,
CC(=O)NCC1CCN(C(=O)c2n[nH]c3ccccc23)CC1,Z0788b,openbind_xx01zvns2b_c1_scaffolds,Z0490a,Z0719a,,,,,,,,,,,,,,,,,,,,,,,,,,,,,,,,,,,,,,,,,,,,,,,,,,,,,,,,,,,
Cc1cccn2cc(C(=O)NCC(C)(C)n3ccnc3)nc12,Z0788b,openbind_xx01zvns2b_c1_scaffolds,Z0490a,Z0719a,,,,,,,,,,,,,,,,,,,,,,,,,,,,,,,,,,,,,,,,,,,,,,,,,,,,,,,,,,,
CC(=O)NCC1CCCCN1C(=O)c1ccc2c(c1)CNC2,Z0788b,openbind_xx01zvns2b_c1_scaffolds,Z0490a,Z0719a,,,,,,,,,,,,,,,,,,,,,,,,,,,,,,,,,,,,,,,,,,,,,,,,,,,,,,,,,,,
COc1ccc(CNC(=O)c2cnn3c2CNCC3)nc1,Z0788b,openbind_xx01zvns2b_c1_scaffolds,Z0490a,Z0719a,,,,,,,,,,,,,,,,,,,,,,,,,,,,,,,,,,,,,,,,,,,,,,,,,,,,,,,,,,,
O=C(Nc1cccc(-c2c[nH]cn2)c1)c1cnc2ccccn12,Z0788b,openbind_xx01zvns2b_c1_scaffolds,Z0490a,Z0719a,,,,,,,,,,,,,,,,,,,,,,,,,,,,,,,,,,,,,,,,,,,,,,,,,,,,,,,,,,,
O=C(NCc1ccncn1)c1ccc(-c2nc[nH]n2)nc1,Z0788b,openbind_xx01zvns2b_c1_scaffolds,Z0490a,Z0719a,,,,,,,,,,,,,,,,,,,,,,,,,,,,,,,,,,,,,,,,,,,,,,,,,,,,,,,,,,,
O=C(Nc1ccc(-c2nc3ccccc3[nH]2)cc1)c1cccc2cccnc12,Z0788b,openbind_xx01zvns2b_c1_scaffolds,Z0490a,Z0719a,,,,,,,,,,,,,,,,,,,,,,,,,,,,,,,,,,,,,,,,,,,,,,,,,,,,,,,,,,,
O=C(c1ccc(-c2ccccn2)nc1)N1CC2(CCC2)C1,Z0788b,openbind_xx01zvns2b_c1_scaffolds,Z0490a,Z0719a,,,,,,,,,,,,,,,,,,,,,,,,,,,,,,,,,,,,,,,,,,,,,,,,,,,,,,,,,,,
CC(C)c1ncsc1NC(=O)Cc1cn2ccccc2n1,Z0788b,openbind_xx01zvns2b_c1_scaffolds,Z0490a,Z0719a,,,,,,,,,,,,,,,,,,,,,,,,,,,,,,,,,,,,,,,,,,,,,,,,,,,,,,,,,,,
CCCN1Cc2ccc(CNC(=O)c3ccccn3)cc2C1,Z0788b,openbind_xx01zvns2b_c1_scaffolds,Z0875a,Z0969a,,,,,,,,,,,,,,,,,,,,,,,,,,,,,,,,,,,,,,,,,,,,,,,,,,,,,,,,,,,
CC(C(N)c1ccc2[nH]cnc2c1)N1CCNCC1,Z0788b,openbind_xx01zvns2b_c1_scaffolds,Z0852a,Z1719a,,,,,,,,,,,,,,,,,,,,,,,,,,,,,,,,,,,,,,,,,,,,,,,,,,,,,,,,,,,
O=C(c1nnc2ccccn12)N1CCN(c2cccnn2)CC1,Z0788b,openbind_xx01zvns2b_c1_scaffolds,Z0852a,Z1719a,,,,,,,,,,,,,,,,,,,,,,,,,,,,,,,,,,,,,,,,,,,,,,,,,,,,,,,,,,,
O=C(NCCc1nc2ccccc2[nH]1)C1CC1c1c[nH]cn1,Z0788b,openbind_xx01zvns2b_c1_scaffolds,Z0852a,Z1719a,,,,,,,,,,,,,,,,,,,,,,,,,,,,,,,,,,,,,,,,,,,,,,,,,,,,,,,,,,,
CN(C(=O)c1ccncc1)c1nc2c(Cl)cccc2s1,Z0788b,openbind_xx01zvns2b_c1_scaffolds,Z0852a,Z1719a,,,,,,,,,,,,,,,,,,,,,,,,,,,,,,,,,,,,,,,,,,,,,,,,,,,,,,,,,,,
Clc1cccc2ccc(NCCNc3ccccn3)nc12,Z0788b,openbind_xx01zvns2b_c1_scaffolds,Z0852a,Z1719a,,,,,,,,,,,,,,,,,,,,,,,,,,,,,,,,,,,,,,,,,,,,,,,,,,,,,,,,,,,
O=C1CCCC(CNC(=O)C2CCCNC2)N1,Z0788b,openbind_xx01zvns2b_c1_scaffolds,Z0852a,Z1719a,,,,,,,,,,,,,,,,,,,,,,,,,,,,,,,,,,,,,,,,,,,,,,,,,,,,,,,,,,,
CCc1csc(NC(=O)C(=O)NCc2nnc3ccccn23)n1,Z0788b,openbind_xx01zvns2b_c1_scaffolds,Z0852a,Z1719a,,,,,,,,,,,,,,,,,,,,,,,,,,,,,,,,,,,,,,,,,,,,,,,,,,,,,,,,,,,
CC(CCCc1cccnc1)NCCc1cccs1,Z0788b,openbind_xx01zvns2b_c1_scaffolds,Z0852a,Z1719a,,,,,,,,,,,,,,,,,,,,,,,,,,,,,,,,,,,,,,,,,,,,,,,,,,,,,,,,,,,
Nc1ncc(CSc2ncnc3ccccc23)s1,Z0788b,openbind_xx01zvns2b_c1_scaffolds,Z0852a,Z1719a,,,,,,,,,,,,,,,,,,,,,,,,,,,,,,,,,,,,,,,,,,,,,,,,,,,,,,,,,,,
c1c[nH]c(C2CCCCN2Cc2cnn3c2CNCC3)n1,Z0788b,openbind_xx01zvns2b_c1_scaffolds,Z0852a,Z1719a,,,,,,,,,,,,,,,,,,,,,,,,,,,,,,,,,,,,,,,,,,,,,,,,,,,,,,,,,,,
CCC(CC)NC(=O)CN1CCC(NC(=O)CCc2c[nH]cn2)CC1,Z0788b,openbind_xx01zvns2b_c1_scaffolds,Z0852a,Z1719a,,,,,,,,,,,,,,,,,,,,,,,,,,,,,,,,,,,,,,,,,,,,,,,,,,,,,,,,,,,
OCC(NCc1ccnc2c(Br)cccc12)c1ncc[nH]1,Z0788b,openbind_xx01zvns2b_c1_scaffolds,Z0852a,Z1719a,,,,,,,,,,,,,,,,,,,,,,,,,,,,,,,,,,,,,,,,,,,,,,,,,,,,,,,,,,,
O=C(CCC(=O)c1ccncc1)NC1CCCN(c2ncccn2)C1,Z0788b,openbind_xx01zvns2b_c1_scaffolds,Z0852a,Z1719a,,,,,,,,,,,,,,,,,,,,,,,,,,,,,,,,,,,,,,,,,,,,,,,,,,,,,,,,,,,
CC(C)C(=O)N1CC2C(CNC(=O)Cc3cccc4cccnc34)C2C1,Z0788b,openbind_xx01zvns2b_c1_scaffolds,Z0852a,Z1719a,,,,,,,,,,,,,,,,,,,,,,,,,,,,,,,,,,,,,,,,,,,,,,,,,,,,,,,,,,,
CC(OC(=O)C1CCCC(=O)N1C)c1nc2ccccc2[nH]1,Z0788b,openbind_xx01zvns2b_c1_scaffolds,Z0852a,Z1719a,,,,,,,,,,,,,,,,,,,,,,,,,,,,,,,,,,,,,,,,,,,,,,,,,,,,,,,,,,,
CC(C)CC(CNC(=O)CCc1ncc[nH]1)NC(=O)c1cn[nH]c1,Z0788b,openbind_xx01zvns2b_c1_scaffolds,Z0852a,Z1719a,,,,,,,,,,,,,,,,,,,,,,,,,,,,,,,,,,,,,,,,,,,,,,,,,,,,,,,,,,,
O=C1CC2C(CCN2c2ncc3ccccc3n2)N1Cc1cncs1,Z0788b,openbind_xx01zvns2b_c1_scaffolds,Z0852a,Z1719a,,,,,,,,,,,,,,,,,,,,,,,,,,,,,,,,,,,,,,,,,,,,,,,,,,,,,,,,,,,
O=C(COc1ncnc2ccccc12)OCc1cncs1,Z0788b,openbind_xx01zvns2b_c1_scaffolds,Z0852a,Z1719a,,,,,,,,,,,,,,,,,,,,,,,,,,,,,,,,,,,,,,,,,,,,,,,,,,,,,,,,,,,
O=C(NNC(=O)c1cccc2cccnc12)Nc1ccnn1C1CCCC1,Z0788b,openbind_xx01zvns2b_c1_scaffolds,Z0852a,Z1719a,,,,,,,,,,,,,,,,,,,,,,,,,,,,,,,,,,,,,,,,,,,,,,,,,,,,,,,,,,,
O=C(CCc1cncnc1)N1CCCC(c2ccncc2)CC1,Z0788b,openbind_xx01zvns2b_c1_scaffolds,Z0089a,Z0772a,,,,,,,,,,,,,,,,,,,,,,,,,,,,,,,,,,,,,,,,,,,,,,,,,,,,,,,,,,,
CC(O)C(=O)Nc1ccccc1Cn1ccnc1,Z0788b,openbind_xx01zvns2b_c1_scaffolds,Z0089a,Z0772a,,,,,,,,,,,,,,,,,,,,,,,,,,,,,,,,,,,,,,,,,,,,,,,,,,,,,,,,,,,
NC(=O)C(O)(CN1CCCC(c2ncc[nH]2)C1)c1ccccc1,Z0788b,openbind_xx01zvns2b_c1_scaffolds,Z0089a,Z0772a,,,,,,,,,,,,,,,,,,,,,,,,,,,,,,,,,,,,,,,,,,,,,,,,,,,,,,,,,,,
Cn1cnc(N2CCNC(c3cn[nH]c3)C2)cc1=O,Z0788b,openbind_xx01zvns2b_c1_scaffolds,Z0719a,Z0773a,Z1674a,Z1713a,,,,,,,,,,,,,,,,,,,,,,,,,,,,,,,,,,,,,,,,,,,,,,,,,,,,,,,,,
CC(NCc1cscn1)C(C)NC(=O)c1ccnn1C1CCCC1,Z0788b,openbind_xx01zvns2b_c1_scaffolds,Z0719a,Z0773a,Z1674a,Z1713a,,,,,,,,,,,,,,,,,,,,,,,,,,,,,,,,,,,,,,,,,,,,,,,,,,,,,,,,,
c1ccc2c(CNc3ncc(C4CCOC4)s3)nccc2c1,Z0788b,openbind_xx01zvns2b_c1_scaffolds,Z0719a,Z0773a,Z1674a,Z1713a,,,,,,,,,,,,,,,,,,,,,,,,,,,,,,,,,,,,,,,,,,,,,,,,,,,,,,,,,
c1ccc(-c2cc3ccccc3[nH]2)nc1,Z0788b,openbind_xx01zvns2b_c1_scaffolds,Z0465a,Z0827a,,,,,,,,,,,,,,,,,,,,,,,,,,,,,,,,,,,,,,,,,,,,,,,,,,,,,,,,,,,
Cc1ccc(NC(=O)C2CCCNC2)c2cccnc12,Z0788b,openbind_xx01zvns2b_c1_scaffolds,Z0465a,Z0827a,Z0852a,,,,,,,,,,,,,,,,,,,,,,,,,,,,,,,,,,,,,,,,,,,,,,,,,,,,,,,,,,
CN1CCC(=O)C(Cc2ccncc2)C1,Z0788b,openbind_xx01zvns2b_c1_scaffolds,Z0101a,Z1729a,,,,,,,,,,,,,,,,,,,,,,,,,,,,,,,,,,,,,,,,,,,,,,,,,,,,,,,,,,,
CN(CC1CCCNC1)C(=O)Cc1scnc1-c1ccccc1,Z0788b,openbind_xx01zvns2b_c1_scaffolds,Z0875a,Z0945a,Z1495a,,,,,,,,,,,,,,,,,,,,,,,,,,,,,,,,,,,,,,,,,,,,,,,,,,,,,,,,,,
CCOC(=O)Cc1cnc(N(C)C(=O)c2ccc3ccccc3n2)s1,Z0788b,openbind_xx01zvns2b_c1_scaffolds,Z0945a,Z1495a,,,,,,,,,,,,,,,,,,,,,,,,,,,,,,,,,,,,,,,,,,,,,,,,,,,,,,,,,,,
c1cc(CNCc2cnc(C3CCC3)s2)c2cc[nH]c2c1,Z0788b,openbind_xx01zvns2b_c1_scaffolds,Z0990a,Z3515a,Z3527a,Z3596a,,,,,,,,,,,,,,,,,,,,,,,,,,,,,,,,,,,,,,,,,,,,,,,,,,,,,,,,,
Cc1ccc(CCNC(=O)c2ccn3ccnc3c2)cn1,Z0788b,openbind_xx01zvns2b_c1_scaffolds,Z0089a,Z0773b,Z1716a,,,,,,,,,,,,,,,,,,,,,,,,,,,,,,,,,,,,,,,,,,,,,,,,,,,,,,,,,,
O=C(NCCc1c[nH]c2ccccc12)C(=O)NCC1CCCNC1,Z0788b,openbind_xx01zvns2b_c1_scaffolds,Z0788a,Z3527a,Z3596a,Z3880a,,,,,,,,,,,,,,,,,,,,,,,,,,,,,,,,,,,,,,,,,,,,,,,,,,,,,,,,,
O=C(Cc1c[nH]c2ccccc12)NCc1ccc(N2CCCC2)nc1,Z0788b,openbind_xx01zvns2b_c1_scaffolds,Z0465a,Z0951a,,,,,,,,,,,,,,,,,,,,,,,,,,,,,,,,,,,,,,,,,,,,,,,,,,,,,,,,,,,
CC(CNC(=O)C(C(C)C)n1ccnc1)NC(=O)Cc1cncs1,Z0788b,openbind_xx01zvns2b_c1_scaffolds,Z0465a,Z1495a,,,,,,,,,,,,,,,,,,,,,,,,,,,,,,,,,,,,,,,,,,,,,,,,,,,,,,,,,,,
CC(=O)NC(C)C1CCN(C(=O)C(C)=Cc2cccnc2)CC1,Z0788b,openbind_xx01zvns2b_c1_scaffolds,Z0465a,Z1495a,,,,,,,,,,,,,,,,,,,,,,,,,,,,,,,,,,,,,,,,,,,,,,,,,,,,,,,,,,,
Cn1cc(NC(=O)CCc2cnc3ccccc3c2)cn1,Z0788b,openbind_xx01zvns2b_c1_scaffolds,Z0465a,Z1495a,,,,,,,,,,,,,,,,,,,,,,,,,,,,,,,,,,,,,,,,,,,,,,,,,,,,,,,,,,,
CCc1ccnc(C(=O)Nc2ccnc3ccccc23)c1,Z0788b,openbind_xx01zvns2b_c1_scaffolds,Z0852a,Z3476a,,,,,,,,,,,,,,,,,,,,,,,,,,,,,,,,,,,,,,,,,,,,,,,,,,,,,,,,,,,
Nc1nc2ccccc2cc1C(=O)NCCc1ncc[nH]1,Z0788b,openbind_xx01zvns2b_c1_scaffolds,Z0945a,Z0969a,,,,,,,,,,,,,,,,,,,,,,,,,,,,,,,,,,,,,,,,,,,,,,,,,,,,,,,,,,,
Brc1ccc(N2CCC(c3ncnc4ccccc34)C2)nc1,Z0788b,openbind_xx01zvns2b_c1_scaffolds,Z0945a,Z0969a,,,,,,,,,,,,,,,,,,,,,,,,,,,,,,,,,,,,,,,,,,,,,,,,,,,,,,,,,,,
Cn1ccnc1C(NC(=O)c1cnn2c1CNCC2)C(F)(F)F,Z0788b,openbind_xx01zvns2b_c1_scaffolds,Z0945a,Z0969a,,,,,,,,,,,,,,,,,,,,,,,,,,,,,,,,,,,,,,,,,,,,,,,,,,,,,,,,,,,
COCC(OC)C(=O)N1CCN(Cc2ccc3ncccc3c2)CC1,Z0788b,openbind_xx01zvns2b_c1_scaffolds,Z0945a,Z0969a,,,,,,,,,,,,,,,,,,,,,,,,,,,,,,,,,,,,,,,,,,,,,,,,,,,,,,,,,,,
COc1cnc2ccccc2c1C(=O)N(C)c1ncc[nH]1,Z0788b,openbind_xx01zvns2b_c1_scaffolds,Z0945a,Z0969a,,,,,,,,,,,,,,,,,,,,,,,,,,,,,,,,,,,,,,,,,,,,,,,,,,,,,,,,,,,
CNc1ccc2c(c1)CN(Cc1ccccn1)C2,Z0788b,openbind_xx01zvns2b_c1_scaffolds,Z0945a,Z0969a,,,,,,,,,,,,,,,,,,,,,,,,,,,,,,,,,,,,,,,,,,,,,,,,,,,,,,,,,,,
c1cc(-c2nnc(CNC3=NC4CCCCC4N3)[nH]2)ccn1,Z0788b,openbind_xx01zvns2b_c1_scaffolds,Z0945a,Z0969a,,,,,,,,,,,,,,,,,,,,,,,,,,,,,,,,,,,,,,,,,,,,,,,,,,,,,,,,,,,
CN(Cc1ncc[nH]1)C(=O)N1CCn2nc(C3CC3)cc2C1,Z0788b,openbind_xx01zvns2b_c1_scaffolds,Z0605a,Z0990a,,,,,,,,,,,,,,,,,,,,,,,,,,,,,,,,,,,,,,,,,,,,,,,,,,,,,,,,,,,
CC(=O)NCC12CC(NC(=O)CCC3CCCCO3)(CO1)C2,Z0788b,openbind_xx01zvns2b_c1_scaffolds,Z0605a,Z0990a,,,,,,,,,,,,,,,,,,,,,,,,,,,,,,,,,,,,,,,,,,,,,,,,,,,,,,,,,,,
Cc1cc(NCc2ccc3c(c2)CNC3)ccn1,Z0788b,openbind_xx01zvns2b_c1_scaffolds,Z0605a,Z0990a,,,,,,,,,,,,,,,,,,,,,,,,,,,,,,,,,,,,,,,,,,,,,,,,,,,,,,,,,,,
COCCC(NC(=O)c1cc(CN)ccn1)c1cccnc1,Z0788b,openbind_xx01zvns2b_c1_scaffolds,Z0089a,Z3596a,,,,,,,,,,,,,,,,,,,,,,,,,,,,,,,,,,,,,,,,,,,,,,,,,,,,,,,,,,,
CCOC1(CNC(=O)Cc2cccc3cccnc23)CCC1,Z0788b,openbind_xx01zvns2b_c1_scaffolds,Z0089a,Z1098a,,,,,,,,,,,,,,,,,,,,,,,,,,,,,,,,,,,,,,,,,,,,,,,,,,,,,,,,,,,
FC(F)(F)c1csc(C2CCN(c3nc4ccccc4[nH]3)CC2)n1,Z0788b,openbind_xx01zvns2b_c1_scaffolds,Z0089a,Z1098a,,,,,,,,,,,,,,,,,,,,,,,,,,,,,,,,,,,,,,,,,,,,,,,,,,,,,,,,,,,
c1cncc(-c2ccnc(NCc3nnc4ccccn34)n2)c1,Z0788b,openbind_xx01zvns2b_c1_scaffolds,Z0709a,Z1098a,,,,,,,,,,,,,,,,,,,,,,,,,,,,,,,,,,,,,,,,,,,,,,,,,,,,,,,,,,,
O=C(Nc1ccc(N2CCNCC2)cn1)c1cnn2c1CNCC2,Z0788b,openbind_xx01zvns2b_c1_scaffolds,Z0182a,Z0773b,Z0827a,,,,,,,,,,,,,,,,,,,,,,,,,,,,,,,,,,,,,,,,,,,,,,,,,,,,,,,,,,
C=C(C(=O)N1Cc2ccc(CNC(C)=O)cc2C1)C(C)(C)C,Z0788b,openbind_xx01zvns2b_c1_scaffolds,Z0182a,Z0773b,Z0827a,,,,,,,,,,,,,,,,,,,,,,,,,,,,,,,,,,,,,,,,,,,,,,,,,,,,,,,,,,
O=C(Nc1cn2ccccc2n1)c1csc(-c2ncccn2)n1,Z0788b,openbind_xx01zvns2b_c1_scaffolds,Z0182a,Z0773b,Z0827a,,,,,,,,,,,,,,,,,,,,,,,,,,,,,,,,,,,,,,,,,,,,,,,,,,,,,,,,,,
Cc1cc(C)c2nc(NC(C)C)sc2c1,Z0788b,openbind_xx01zvns2b_c1_scaffolds,Z0182a,Z0773b,Z0827a,,,,,,,,,,,,,,,,,,,,,,,,,,,,,,,,,,,,,,,,,,,,,,,,,,,,,,,,,,
CC(CN)n1c(=O)n(C)c2cccc(Cl)c21,Z0788b,openbind_xx01zvns2b_c1_scaffolds,Z0182a,Z0773b,Z0827a,,,,,,,,,,,,,,,,,,,,,,,,,,,,,,,,,,,,,,,,,,,,,,,,,,,,,,,,,,
O=C(NCCCn1ncc2ccccc21)c1cnc(-c2cccnc2)nc1,Z0788b,openbind_xx01zvns2b_c1_scaffolds,Z0182a,Z0773b,Z0827a,,,,,,,,,,,,,,,,,,,,,,,,,,,,,,,,,,,,,,,,,,,,,,,,,,,,,,,,,,
COc1nc2ccccc2cc1C(C)C1CCCNC1,Z0788b,openbind_xx01zvns2b_c1_scaffolds,Z0182a,Z0773b,Z0827a,,,,,,,,,,,,,,,,,,,,,,,,,,,,,,,,,,,,,,,,,,,,,,,,,,,,,,,,,,
O=C(CCN1CCNCC1)NCc1nc(-c2ccccn2)n[nH]1,Z0788b,openbind_xx01zvns2b_c1_scaffolds,Z0089a,Z0719a,,,,,,,,,,,,,,,,,,,,,,,,,,,,,,,,,,,,,,,,,,,,,,,,,,,,,,,,,,,
CC(CC(=O)N1CCN(CCC(C)(C)C)CC1)n1cccn1,Z0788b,openbind_xx01zvns2b_c1_scaffolds,Z0819a,Z3476a,,,,,,,,,,,,,,,,,,,,,,,,,,,,,,,,,,,,,,,,,,,,,,,,,,,,,,,,,,,
CC(CNC(=O)Nc1cc(-c2cccnc2)ccn1)c1ccsc1,Z0788b,openbind_xx01zvns2b_c1_scaffolds,Z0819a,Z3476a,,,,,,,,,,,,,,,,,,,,,,,,,,,,,,,,,,,,,,,,,,,,,,,,,,,,,,,,,,,
O=C(Nc1ccc2c(c1)CNC2)NC1CCCN(CCO)C1=O,Z0788b,openbind_xx01zvns2b_c1_scaffolds,Z0719a,Z0969a,,,,,,,,,,,,,,,,,,,,,,,,,,,,,,,,,,,,,,,,,,,,,,,,,,,,,,,,,,,
CC(Oc1cccnc1)C(=O)NC1CCN(C(=O)CCC(F)F)C1,Z0788b,openbind_xx01zvns2b_c1_scaffolds,Z2971a,Z1719a,,,,,,,,,,,,,,,,,,,,,,,,,,,,,,,,,,,,,,,,,,,,,,,,,,,,,,,,,,,
CCSc1cccnc1C(=O)Nc1cccc2ncccc12,Z0788b,openbind_xx01zvns2b_c1_scaffolds,Z2971a,Z1719a,,,,,,,,,,,,,,,,,,,,,,,,,,,,,,,,,,,,,,,,,,,,,,,,,,,,,,,,,,,
Cc1csc(C(C)(C)NC(=O)Nc2ccc3scnc3c2)n1,Z0788b,openbind_xx01zvns2b_c1_scaffolds,Z0465a,Z1098a,,,,,,,,,,,,,,,,,,,,,,,,,,,,,,,,,,,,,,,,,,,,,,,,,,,,,,,,,,,
NC(C(=O)Nc1ccc2ncc(Cl)n2c1)c1cscn1,Z0788b,openbind_xx01zvns2b_c1_scaffolds,Z0465a,Z1098a,,,,,,,,,,,,,,,,,,,,,,,,,,,,,,,,,,,,,,,,,,,,,,,,,,,,,,,,,,,
O=C(NCCc1nnc2ccccn12)c1cnn2c1CNCC2,Z0788b,openbind_xx01zvns2b_c1_scaffolds,Z2971a,Z0827a,Z0917a,,,,,,,,,,,,,,,,,,,,,,,,,,,,,,,,,,,,,,,,,,,,,,,,,,,,,,,,,,
CCC(C(=O)Nc1cnn(C2CCNCC2)c1)c1ccccc1,Z0788b,openbind_xx01zvns2b_c1_scaffolds,Z2971a,Z0827a,Z0917a,,,,,,,,,,,,,,,,,,,,,,,,,,,,,,,,,,,,,,,,,,,,,,,,,,,,,,,,,,
O=C(NCc1ccc(-n2cnc3ccccc32)nc1)c1ccc2[nH]cnc2c1,Z0788b,openbind_xx01zvns2b_c1_scaffolds,Z0673a,Z0917a,,,,,,,,,,,,,,,,,,,,,,,,,,,,,,,,,,,,,,,,,,,,,,,,,,,,,,,,,,,
CCOC(=O)CC1CCN(C(=O)N(C)Cc2c[nH]cn2)CC1,Z0788b,openbind_xx01zvns2b_c1_scaffolds,Z0673a,Z0917a,,,,,,,,,,,,,,,,,,,,,,,,,,,,,,,,,,,,,,,,,,,,,,,,,,,,,,,,,,,
O=C(NC1CCNCC1)c1ccnc(C2CC2)c1,Z0788b,openbind_xx01zvns2b_c1_scaffolds,Z0693a,Z0846a,,,,,,,,,,,,,,,,,,,,,,,,,,,,,,,,,,,,,,,,,,,,,,,,,,,,,,,,,,,
CCC(NC(=O)Nc1ccc([S+](C)[O-])cn1)c1ccncc1,Z0788b,openbind_xx01zvns2b_c1_scaffolds,Z1495a,Z1716a,,,,,,,,,,,,,,,,,,,,,,,,,,,,,,,,,,,,,,,,,,,,,,,,,,,,,,,,,,,
CC(=O)NC(C)C1CCN(C(=O)C(C)Cc2ccncc2)CC1,Z0788b,openbind_xx01zvns2b_c1_scaffolds,Z1495a,Z1716a,,,,,,,,,,,,,,,,,,,,,,,,,,,,,,,,,,,,,,,,,,,,,,,,,,,,,,,,,,,
CC(Oc1cccnc1)C(=O)NC1CCOCC12CCCC2,Z0788b,openbind_xx01zvns2b_c1_scaffolds,Z0875a,Z1719a,,,,,,,,,,,,,,,,,,,,,,,,,,,,,,,,,,,,,,,,,,,,,,,,,,,,,,,,,,,
CCCCC(CNC(=O)C1CCC(=O)NC1)NC(=O)c1cc[nH]n1,Z0788b,openbind_xx01zvns2b_c1_scaffolds,Z2971a,Z1274a,,,,,,,,,,,,,,,,,,,,,,,,,,,,,,,,,,,,,,,,,,,,,,,,,,,,,,,,,,,
CC(NC(=O)C(F)F)C1CCCCN1C(=O)c1cccc2[nH]cnc12,Z0788b,openbind_xx01zvns2b_c1_scaffolds,Z0472a,Z3729a,,,,,,,,,,,,,,,,,,,,,,,,,,,,,,,,,,,,,,,,,,,,,,,,,,,,,,,,,,,
CC(NC(=O)Cc1cccnc1)C1CCN(C(=O)CC#N)CC1,Z0788b,openbind_xx01zvns2b_c1_scaffolds,Z0472a,Z3729a,,,,,,,,,,,,,,,,,,,,,,,,,,,,,,,,,,,,,,,,,,,,,,,,,,,,,,,,,,,
Cn1ccnc1NC(=O)c1ccc2ccccc2n1,Z0788b,openbind_xx01zvns2b_c1_scaffolds,Z1342a,Z1716a,,,,,,,,,,,,,,,,,,,,,,,,,,,,,,,,,,,,,,,,,,,,,,,,,,,,,,,,,,,
CC(=O)N(C)C1CCN(C(=O)c2cccc3[nH]c(=O)[nH]c23)CC1,Z0788b,openbind_xx01zvns2b_c1_scaffolds,Z0852a,Z1688a,,,,,,,,,,,,,,,,,,,,,,,,,,,,,,,,,,,,,,,,,,,,,,,,,,,,,,,,,,,
Cn1ccnc1CCNS(=O)(=O)c1cnn2c1CNCC2,Z0788b,openbind_xx01zvns2b_c1_scaffolds,Z0875a,Z1495a,,,,,,,,,,,,,,,,,,,,,,,,,,,,,,,,,,,,,,,,,,,,,,,,,,,,,,,,,,,
CC(Oc1ccc(-c2ccccc2)cc1)C(=O)NC1CCCNC1,Z0788b,openbind_xx01zvns2b_c1_scaffolds,Z0875a,Z1495a,,,,,,,,,,,,,,,,,,,,,,,,,,,,,,,,,,,,,,,,,,,,,,,,,,,,,,,,,,,
CC(=O)NCC1CCCN(c2nc3ccccc3[nH]2)C1,Z0788b,openbind_xx01zvns2b_c1_scaffolds,Z0875a,Z1495a,,,,,,,,,,,,,,,,,,,,,,,,,,,,,,,,,,,,,,,,,,,,,,,,,,,,,,,,,,,
O=C(COCc1cccnc1)NC1CC(n2cccn2)C1,Z0788b,openbind_xx01zvns2b_c1_scaffolds,Z0852a,Z4245a,,,,,,,,,,,,,,,,,,,,,,,,,,,,,,,,,,,,,,,,,,,,,,,,,,,,,,,,,,,
COCC(=O)NC12CC(NC(=O)CC(C)c3cccnc3)(C1)C2,Z0788b,openbind_xx01zvns2b_c1_scaffolds,Z0852a,Z4245a,,,,,,,,,,,,,,,,,,,,,,,,,,,,,,,,,,,,,,,,,,,,,,,,,,,,,,,,,,,
CC(=O)NCc1ccc(C(=O)NCc2ncc[nH]2)o1,Z0788b,openbind_xx01zvns2b_c1_scaffolds,Z0852a,Z4245a,,,,,,,,,,,,,,,,,,,,,,,,,,,,,,,,,,,,,,,,,,,,,,,,,,,,,,,,,,,
O=C(NCCN1Cc2ccccc2C1)C(F)C1CCNCC1,Z0788b,openbind_xx01zvns2b_c1_scaffolds,Z0435a,Z0788b,Z0951a,,,,,,,,,,,,,,,,,,,,,,,,,,,,,,,,,,,,,,,,,,,,,,,,,,,,,,,,,,
Cn1ccc2ccc(C(=O)NCCOc3cccc4cccnc34)cc21,Z0788b,openbind_xx01zvns2b_c1_scaffolds,Z0435a,Z0788b,Z0951a,,,,,,,,,,,,,,,,,,,,,,,,,,,,,,,,,,,,,,,,,,,,,,,,,,,,,,,,,,
CC(O)C(=O)NC1CC(CCNC(=O)CCc2cscn2)C1,Z0788b,openbind_xx01zvns2b_c1_scaffolds,Z0472a,Z1719a,,,,,,,,,,,,,,,,,,,,,,,,,,,,,,,,,,,,,,,,,,,,,,,,,,,,,,,,,,,
Cc1c[nH]c(C(=O)NC(C)CC(C)NC(=O)Cn2cccn2)n1,Z0788b,openbind_xx01zvns2b_c1_scaffolds,Z0472a,Z1719a,,,,,,,,,,,,,,,,,,,,,,,,,,,,,,,,,,,,,,,,,,,,,,,,,,,,,,,,,,,
O=C(CC1CCCC1)NCc1ccc(-n2cnc3ccccc32)nc1,Z0788b,openbind_xx01zvns2b_c1_scaffolds,Z0472a,Z1719a,,,,,,,,,,,,,,,,,,,,,,,,,,,,,,,,,,,,,,,,,,,,,,,,,,,,,,,,,,,
O=C(CCCF)N1CCC(CNCc2cccc3cccnc23)CC1,Z0788b,openbind_xx01zvns2b_c1_scaffolds,Z0472a,Z1719a,,,,,,,,,,,,,,,,,,,,,,,,,,,,,,,,,,,,,,,,,,,,,,,,,,,,,,,,,,,
CC(CNc1nc2ccccc2s1)NC(=O)COc1cccnc1,Z0788b,openbind_xx01zvns2b_c1_scaffolds,Z1688a,Z1716a,,,,,,,,,,,,,,,,,,,,,,,,,,,,,,,,,,,,,,,,,,,,,,,,,,,,,,,,,,,
FC(F)(F)c1c[nH]nc1-c1ccnc2ccccc12,Z0788b,openbind_xx01zvns2b_c1_scaffolds,Z0472a,Z1274a,,,,,,,,,,,,,,,,,,,,,,,,,,,,,,,,,,,,,,,,,,,,,,,,,,,,,,,,,,,
O=C(CCc1cncs1)N1CC2(CCC2)C1c1ccncc1,Z0788b,openbind_xx01zvns2b_c1_scaffolds,Z0472a,Z1274a,,,,,,,,,,,,,,,,,,,,,,,,,,,,,,,,,,,,,,,,,,,,,,,,,,,,,,,,,,,
CC(CN)c1csc(N(C)C(C)C)n1,Z0788b,openbind_xx01zvns2b_c1_scaffolds,Z0472a,Z1274a,,,,,,,,,,,,,,,,,,,,,,,,,,,,,,,,,,,,,,,,,,,,,,,,,,,,,,,,,,,
O=C(CN1CCCC1c1ncccn1)NCC1CCCNC1,Z0788b,openbind_xx01zvns2b_c1_scaffolds,Z0472a,Z1274a,,,,,,,,,,,,,,,,,,,,,,,,,,,,,,,,,,,,,,,,,,,,,,,,,,,,,,,,,,,
CCCC(CC)C(=O)N1CCC(C(C)NC(=O)Cn2cccn2)CC1,Z0788b,openbind_xx01zvns2b_c1_scaffolds,Z0472a,Z1274a,,,,,,,,,,,,,,,,,,,,,,,,,,,,,,,,,,,,,,,,,,,,,,,,,,,,,,,,,,,
CCc1cnccc1C(C)NC(=O)Nc1ccn2ccnc2c1,Z0788b,openbind_xx01zvns2b_c1_scaffolds,Z0472a,Z1274a,,,,,,,,,,,,,,,,,,,,,,,,,,,,,,,,,,,,,,,,,,,,,,,,,,,,,,,,,,,
CC(O)(C(=O)Nc1csc(-c2ccncc2)n1)C1CCOC1,Z0788b,openbind_xx01zvns2b_c1_scaffolds,Z0227a,Z1274a,,,,,,,,,,,,,,,,,,,,,,,,,,,,,,,,,,,,,,,,,,,,,,,,,,,,,,,,,,,
OCc1cc2ccccc2nc1NCCc1cn2ccccc2n1,Z0788b,openbind_xx01zvns2b_c1_scaffolds,Z0673a,Z1098a,,,,,,,,,,,,,,,,,,,,,,,,,,,,,,,,,,,,,,,,,,,,,,,,,,,,,,,,,,,
c1ccc2c(-c3ccc(C4CC4)nc3)ccnc2c1,Z0788b,openbind_xx01zvns2b_c1_scaffolds,Z0673a,Z1098a,,,,,,,,,,,,,,,,,,,,,,,,,,,,,,,,,,,,,,,,,,,,,,,,,,,,,,,,,,,
O=C(NC1CCN(C(=O)CSC(F)F)C1)C(O)Cc1c[nH]cn1,Z0788b,openbind_xx01zvns2b_c1_scaffolds,Z0673a,Z1098a,,,,,,,,,,,,,,,,,,,,,,,,,,,,,,,,,,,,,,,,,,,,,,,,,,,,,,,,,,,
CON=CC(=O)N1CCC(c2nc(-c3ccncc3)cs2)CC1,Z0788b,openbind_xx01zvns2b_c1_scaffolds,Z0673a,Z1098a,,,,,,,,,,,,,,,,,,,,,,,,,,,,,,,,,,,,,,,,,,,,,,,,,,,,,,,,,,,
CC(CNC(=O)c1cccnc1S)N1CCc2sccc2C1,Z0788b,openbind_xx01zvns2b_c1_scaffolds,Z0089a,Z0827a,,,,,,,,,,,,,,,,,,,,,,,,,,,,,,,,,,,,,,,,,,,,,,,,,,,,,,,,,,,
O=C(Nc1ccncn1)c1cccnc1C1CC1,Z0788b,openbind_xx01zvns2b_c1_scaffolds,Z0846a,Z0917a,,,,,,,,,,,,,,,,,,,,,,,,,,,,,,,,,,,,,,,,,,,,,,,,,,,,,,,,,,,
COc1cnc2ccccc2c1C(=O)N(C)Cc1ccncc1,Z0788b,openbind_xx01zvns2b_c1_scaffolds,Z0846a,Z0917a,,,,,,,,,,,,,,,,,,,,,,,,,,,,,,,,,,,,,,,,,,,,,,,,,,,,,,,,,,,
Cc1cc(N(C)C2CCCNC2)ccn1,Z0788b,openbind_xx01zvns2b_c1_scaffolds,Z0827a,Z0945a,,,,,,,,,,,,,,,,,,,,,,,,,,,,,,,,,,,,,,,,,,,,,,,,,,,,,,,,,,,
CC(=O)NCc1ccc(CNCc2cncs2)cc1,Z0788b,openbind_xx01zvns2b_c1_scaffolds,Z0827a,Z0945a,,,,,,,,,,,,,,,,,,,,,,,,,,,,,,,,,,,,,,,,,,,,,,,,,,,,,,,,,,,
CC(C)(C(=O)O)n1ccc(NC(=O)C2CCC(=O)NC2)n1,Z0788b,openbind_xx01zvns2b_c1_scaffolds,Z0827a,Z0945a,,,,,,,,,,,,,,,,,,,,,,,,,,,,,,,,,,,,,,,,,,,,,,,,,,,,,,,,,,,
CC(CN)c1cn(CC(=O)NCC2CC2)nn1,Z0788b,openbind_xx01zvns2b_c1_scaffolds,Z0673a,Z3880a,,,,,,,,,,,,,,,,,,,,,,,,,,,,,,,,,,,,,,,,,,,,,,,,,,,,,,,,,,,
CC(C)CC(=O)N1CCC(C(C)NC(=O)Cn2cccn2)CC1,Z0788b,openbind_xx01zvns2b_c1_scaffolds,Z2971a,Z0673a,,,,,,,,,,,,,,,,,,,,,,,,,,,,,,,,,,,,,,,,,,,,,,,,,,,,,,,,,,,
O=C(O)c1ccc2c(c1)CN(Cc1ccc3cccnc3c1)C2,Z0788b,openbind_xx01zvns2b_c1_scaffolds,Z0875a,Z1597a,,,,,,,,,,,,,,,,,,,,,,,,,,,,,,,,,,,,,,,,,,,,,,,,,,,,,,,,,,,
CC(CCNC(=O)C1(c2ccccn2)CC1)NCc1cscn1,Z0788b,openbind_xx01zvns2b_c1_scaffolds,Z0875a,Z1597a,,,,,,,,,,,,,,,,,,,,,,,,,,,,,,,,,,,,,,,,,,,,,,,,,,,,,,,,,,,
O=C(CCc1c[nH]cn1)NCc1nnc(-c2ccncc2)[nH]1,Z0788b,openbind_xx01zvns2b_c1_scaffolds,Z0875a,Z1274a,,,,,,,,,,,,,,,,,,,,,,,,,,,,,,,,,,,,,,,,,,,,,,,,,,,,,,,,,,,
Cc1cc(C(C)NC(=O)CC2CCC(=O)NC2)ccn1,Z0788b,openbind_xx01zvns2b_c1_scaffolds,Z0875a,Z1274a,,,,,,,,,,,,,,,,,,,,,,,,,,,,,,,,,,,,,,,,,,,,,,,,,,,,,,,,,,,
CN(C(=O)COc1cccc2cccnc12)C1CCN(c2ncnc3ccccc23)CC1,Z0788b,openbind_xx01zvns2b_c1_scaffolds,Z1688a,Z1716a,,,,,,,,,,,,,,,,,,,,,,,,,,,,,,,,,,,,,,,,,,,,,,,,,,,,,,,,,,,
O=C(CCCn1ccnc1)NCc1nc2ccccn2c1Br,Z0788b,openbind_xx01zvns2b_c1_scaffolds,Z1688a,Z1716a,,,,,,,,,,,,,,,,,,,,,,,,,,,,,,,,,,,,,,,,,,,,,,,,,,,,,,,,,,,
Cc1nccc(CSc2cnn3c2CNCC3)n1,Z0788b,openbind_xx01zvns2b_c1_scaffolds,Z1688a,Z1716a,,,,,,,,,,,,,,,,,,,,,,,,,,,,,,,,,,,,,,,,,,,,,,,,,,,,,,,,,,,
CC(C)Cc1nc(C(=O)OC(C)c2nc3ccccc3[nH]2)cs1,Z0788b,openbind_xx01zvns2b_c1_scaffolds,Z1688a,Z1716a,,,,,,,,,,,,,,,,,,,,,,,,,,,,,,,,,,,,,,,,,,,,,,,,,,,,,,,,,,,
CCCN(C)CC(=O)NC1CCCN(C(=O)Cc2cn[nH]c2)C1,Z0788b,openbind_xx01zvns2b_c1_scaffolds,Z1688a,Z1716a,,,,,,,,,,,,,,,,,,,,,,,,,,,,,,,,,,,,,,,,,,,,,,,,,,,,,,,,,,,
COCC(NC(=O)c1cc2c(s1)CCNC2)c1ccccn1,Z0788b,openbind_xx01zvns2b_c1_scaffolds,Z1688a,Z1716a,,,,,,,,,,,,,,,,,,,,,,,,,,,,,,,,,,,,,,,,,,,,,,,,,,,,,,,,,,,
CC(NC(=O)CO)C1CCCCN1C(=O)c1cccc2cccnc12,Z0788b,openbind_xx01zvns2b_c1_scaffolds,Z1688a,Z1716a,,,,,,,,,,,,,,,,,,,,,,,,,,,,,,,,,,,,,,,,,,,,,,,,,,,,,,,,,,,
CN(CCNC(=O)c1cccnc1)Cc1ccccn1,Z0788b,openbind_xx01zvns2b_c1_scaffolds,Z1688a,Z1716a,,,,,,,,,,,,,,,,,,,,,,,,,,,,,,,,,,,,,,,,,,,,,,,,,,,,,,,,,,,
O=C(Cc1cccc2cccnc12)OCCC1CCCNC1=O,Z0788b,openbind_xx01zvns2b_c1_scaffolds,Z1688a,Z1716a,,,,,,,,,,,,,,,,,,,,,,,,,,,,,,,,,,,,,,,,,,,,,,,,,,,,,,,,,,,
Cc1ncsc1C(=O)NC(C)(C)CCNC(=O)c1cncnc1,Z0788b,openbind_xx01zvns2b_c1_scaffolds,Z1688a,Z1716a,,,,,,,,,,,,,,,,,,,,,,,,,,,,,,,,,,,,,,,,,,,,,,,,,,,,,,,,,,,
CCn1cncc1COC(=O)CCc1cnc2ccccc2c1,Z0788b,openbind_xx01zvns2b_c1_scaffolds,Z1688a,Z1716a,,,,,,,,,,,,,,,,,,,,,,,,,,,,,,,,,,,,,,,,,,,,,,,,,,,,,,,,,,,
NCCCn1c(N2CCNCC2)nc2cccc(F)c21,Z0788b,openbind_xx01zvns2b_c1_scaffolds,Z1688a,Z1716a,,,,,,,,,,,,,,,,,,,,,,,,,,,,,,,,,,,,,,,,,,,,,,,,,,,,,,,,,,,
C=C(COC)C(=O)N1Cc2ccc(CNC(C)=O)cc2C1,Z0788b,openbind_xx01zvns2b_c1_scaffolds,Z0472a,Z0719a,,,,,,,,,,,,,,,,,,,,,,,,,,,,,,,,,,,,,,,,,,,,,,,,,,,,,,,,,,,
CC(=O)NCC1CCCN(S(=O)(=O)c2ccc3ncsc3c2)C1,Z0788b,openbind_xx01zvns2b_c1_scaffolds,Z0472a,Z0719a,,,,,,,,,,,,,,,,,,,,,,,,,,,,,,,,,,,,,,,,,,,,,,,,,,,,,,,,,,,
COCCC(NC(=O)c1ncccc1Br)c1cccnc1,Z0788b,openbind_xx01zvns2b_c1_scaffolds,Z0472a,Z0719a,,,,,,,,,,,,,,,,,,,,,,,,,,,,,,,,,,,,,,,,,,,,,,,,,,,,,,,,,,,
CC(=O)NC(C)(C(=O)N1CCC(c2c[nH]c3ccccc23)CC1)C(C)C,Z0788b,openbind_xx01zvns2b_c1_scaffolds,Z0917a,Z1729a,,,,,,,,,,,,,,,,,,,,,,,,,,,,,,,,,,,,,,,,,,,,,,,,,,,,,,,,,,,
CCC(CN1CCC(C(C)NC(=O)Cn2cccn2)CC1)OC,Z0788b,openbind_xx01zvns2b_c1_scaffolds,Z0917a,Z3503a,,,,,,,,,,,,,,,,,,,,,,,,,,,,,,,,,,,,,,,,,,,,,,,,,,,,,,,,,,,
CC(=O)NCC1CN(c2ccnc3ccc(S(=O)(=O)C(C)C)cc23)CCO1,Z0788b,openbind_xx01zvns2b_c1_scaffolds,Z0846a,Z1674a,,,,,,,,,,,,,,,,,,,,,,,,,,,,,,,,,,,,,,,,,,,,,,,,,,,,,,,,,,,
COc1ccc2cccnc2c1CNC(=O)Cc1cscn1,Z0788b,openbind_xx01zvns2b_c1_scaffolds,Z0846b,Z1342a,Z1688a,,,,,,,,,,,,,,,,,,,,,,,,,,,,,,,,,,,,,,,,,,,,,,,,,,,,,,,,,,
CCC(NC(=O)c1csc(-c2ncc[nH]2)n1)C(C)O,Z0788b,openbind_xx01zvns2b_c1_scaffolds,Z0089a,Z0719a,,,,,,,,,,,,,,,,,,,,,,,,,,,,,,,,,,,,,,,,,,,,,,,,,,,,,,,,,,,
O=C(Cc1nc(-c2ccccc2)cs1)NCC1CCCNC1,Z0788b,openbind_xx01zvns2b_c1_scaffolds,Z2971a,Z1688a,,,,,,,,,,,,,,,,,,,,,,,,,,,,,,,,,,,,,,,,,,,,,,,,,,,,,,,,,,,
O=C(NCc1ccnc(C2CC2)c1)NCc1ccncn1,Z0788b,openbind_xx01zvns2b_c1_scaffolds,Z2971a,Z1688a,,,,,,,,,,,,,,,,,,,,,,,,,,,,,,,,,,,,,,,,,,,,,,,,,,,,,,,,,,,
CC(NC(=O)c1cccc2ncccc12)c1ccncc1,Z0788b,openbind_xx01zvns2b_c1_scaffolds,Z2971a,Z1688a,,,,,,,,,,,,,,,,,,,,,,,,,,,,,,,,,,,,,,,,,,,,,,,,,,,,,,,,,,,
c1ccc(-c2cncnc2)nc1,Z0788b,openbind_xx01zvns2b_c1_scaffolds,Z2971a,Z1688a,,,,,,,,,,,,,,,,,,,,,,,,,,,,,,,,,,,,,,,,,,,,,,,,,,,,,,,,,,,
CC(=O)N1CCC(CNCc2cn3ccccc3n2)CC1,Z0788b,openbind_xx01zvns2b_c1_scaffolds,Z2971a,Z1688a,,,,,,,,,,,,,,,,,,,,,,,,,,,,,,,,,,,,,,,,,,,,,,,,,,,,,,,,,,,
CC(C)(CO)NC(=O)c1ccnc2c(C(F)(F)F)cccc12,Z0719a,openbind_xx01zvns2b_c1_scaffolds,Z0182a,Z0719a,Z0827a,Z0917a,,,,,,,,,,,,,,,,,,,,,,,,,,,,,,,,,,,,,,,,,,,,,,,,,,,,,,,,,
CC(C)CC(=O)N1Cc2ccnn2C(CC(=O)NCCc2cccs2)C1,Z0719a,openbind_xx01zvns2b_c1_scaffolds,Z0182a,Z0719a,Z0827a,Z0917a,,,,,,,,,,,,,,,,,,,,,,,,,,,,,,,,,,,,,,,,,,,,,,,,,,,,,,,,,
CC1c2ccccc2CN1C(=O)C(C)(C)c1cncnc1,Z0719a,openbind_xx01zvns2b_c1_scaffolds,Z0182a,Z0719a,Z0827a,Z0917a,,,,,,,,,,,,,,,,,,,,,,,,,,,,,,,,,,,,,,,,,,,,,,,,,,,,,,,,,
CCC(Nc1ccccc1OCCF)c1ccncc1,Z0719a,openbind_xx01zvns2b_c1_scaffolds,Z0472a,Z1495a,,,,,,,,,,,,,,,,,,,,,,,,,,,,,,,,,,,,,,,,,,,,,,,,,,,,,,,,,,,
CC(=O)NCC1CCCN1C(=O)c1cccc2[nH]ccc12,Z0719a,openbind_xx01zvns2b_c1_scaffolds,Z1098a,Z1342a,Z1716a,,,,,,,,,,,,,,,,,,,,,,,,,,,,,,,,,,,,,,,,,,,,,,,,,,,,,,,,,,
O=C(Nc1ccc2ncccc2c1)c1cccc2cccnc12,Z0719a,openbind_xx01zvns2b_c1_scaffolds,Z0687a,Z0969a,Z1597a,,,,,,,,,,,,,,,,,,,,,,,,,,,,,,,,,,,,,,,,,,,,,,,,,,,,,,,,,,
O=C(CC1CCCS1(=O)=O)NCc1cccnc1,Z0719a,openbind_xx01zvns2b_c1_scaffolds,Z0687a,Z0719a,Z1274a,Z1597a,,,,,,,,,,,,,,,,,,,,,,,,,,,,,,,,,,,,,,,,,,,,,,,,,,,,,,,,,
CN(C(=O)c1ccc2nc(C(F)(F)F)cn2c1)c1ccccn1,Z0719a,openbind_xx01zvns2b_c1_scaffolds,Z0687a,Z0719a,Z1274a,Z1597a,,,,,,,,,,,,,,,,,,,,,,,,,,,,,,,,,,,,,,,,,,,,,,,,,,,,,,,,,
CN(CCC(=O)N1CCN(c2ncccn2)C(=O)C1)c1ccncc1,Z0719a,openbind_xx01zvns2b_c1_scaffolds,Z0917a,Z3476a,,,,,,,,,,,,,,,,,,,,,,,,,,,,,,,,,,,,,,,,,,,,,,,,,,,,,,,,,,,
O=C(CC1CCNCC1F)NCc1ncccn1,Z0719a,openbind_xx01zvns2b_c1_scaffolds,Z0772a,Z0969a,,,,,,,,,,,,,,,,,,,,,,,,,,,,,,,,,,,,,,,,,,,,,,,,,,,,,,,,,,,
CCOC(=O)c1csc(NC(=O)c2ccn3ccnc3c2)n1,Z0719a,openbind_xx01zvns2b_c1_scaffolds,Z0673a,Z1495a,,,,,,,,,,,,,,,,,,,,,,,,,,,,,,,,,,,,,,,,,,,,,,,,,,,,,,,,,,,
Cc1cccn2cc(CC(=O)NCCc3cccc4cccnc34)nc12,Z0719a,openbind_xx01zvns2b_c1_scaffolds,Z0875a,Z0917a,,,,,,,,,,,,,,,,,,,,,,,,,,,,,,,,,,,,,,,,,,,,,,,,,,,,,,,,,,,
CCCN1CCCCC1CNCc1cnn2c1CNCC2,Z0719a,openbind_xx01zvns2b_c1_scaffolds,Z0827a,Z0969a,,,,,,,,,,,,,,,,,,,,,,,,,,,,,,,,,,,,,,,,,,,,,,,,,,,,,,,,,,,
Cc1ccc2cccc(NC(=O)C=Cc3c[nH]cn3)c2n1,Z0719a,openbind_xx01zvns2b_c1_scaffolds,Z0788b,Z0846a,,,,,,,,,,,,,,,,,,,,,,,,,,,,,,,,,,,,,,,,,,,,,,,,,,,,,,,,,,,
COCC(=O)NC1C2CC1CN(C(=O)CCCn1cccn1)C2,Z0719a,openbind_xx01zvns2b_c1_scaffolds,Z0788b,Z0846a,,,,,,,,,,,,,,,,,,,,,,,,,,,,,,,,,,,,,,,,,,,,,,,,,,,,,,,,,,,
O=C(C=Cc1cccnc1)NCC(=O)N1CCc2sccc2C1,Z0719a,openbind_xx01zvns2b_c1_scaffolds,Z0844a,Z1274a,,,,,,,,,,,,,,,,,,,,,,,,,,,,,,,,,,,,,,,,,,,,,,,,,,,,,,,,,,,
Cc1csc(CNC(=O)CCn2cnc3ccccc32)n1,Z0719a,openbind_xx01zvns2b_c1_scaffolds,Z0844a,Z1274a,Z1597a,,,,,,,,,,,,,,,,,,,,,,,,,,,,,,,,,,,,,,,,,,,,,,,,,,,,,,,,,,
CC(C)(C(=O)N1CCN(CCOCCO)CC1)c1c[nH]cn1,Z0719a,openbind_xx01zvns2b_c1_scaffolds,Z0875a,Z1098a,,,,,,,,,,,,,,,,,,,,,,,,,,,,,,,,,,,,,,,,,,,,,,,,,,,,,,,,,,,
COC(=O)Cc1nccn1C1CCCNC1,Z0719a,openbind_xx01zvns2b_c1_scaffolds,Z0182a,Z0719a,Z1688a,,,,,,,,,,,,,,,,,,,,,,,,,,,,,,,,,,,,,,,,,,,,,,,,,,,,,,,,,,
Cc1cc(NC(=O)CCc2ccncn2)cn2ccnc12,Z0719a,openbind_xx01zvns2b_c1_scaffolds,Z0182a,Z4245a,,,,,,,,,,,,,,,,,,,,,,,,,,,,,,,,,,,,,,,,,,,,,,,,,,,,,,,,,,,
OCCCNc1cc(NCc2cccnc2)ncn1,Z0719a,openbind_xx01zvns2b_c1_scaffolds,Z0182a,Z4245a,,,,,,,,,,,,,,,,,,,,,,,,,,,,,,,,,,,,,,,,,,,,,,,,,,,,,,,,,,,
CN(C(=O)c1ccncn1)C(CNC(=O)c1ccn2ccnc2c1)C1CC1,Z0719a,openbind_xx01zvns2b_c1_scaffolds,Z0693a,Z0719a,,,,,,,,,,,,,,,,,,,,,,,,,,,,,,,,,,,,,,,,,,,,,,,,,,,,,,,,,,,
COCC(=O)Nc1cccnc1C1CC1,Z0719a,openbind_xx01zvns2b_c1_scaffolds,Z0819a,Z0846a,Z1729a,,,,,,,,,,,,,,,,,,,,,,,,,,,,,,,,,,,,,,,,,,,,,,,,,,,,,,,,,,
COc1ccc2cccnc2c1CNS(=O)(=O)c1ccccn1,Z0719a,openbind_xx01zvns2b_c1_scaffolds,Z0917a,Z1719a,,,,,,,,,,,,,,,,,,,,,,,,,,,,,,,,,,,,,,,,,,,,,,,,,,,,,,,,,,,
CCCCC(=O)NCC1CCN(Cc2cscn2)CC1,Z0719a,openbind_xx01zvns2b_c1_scaffolds,Z0917a,Z1719a,,,,,,,,,,,,,,,,,,,,,,,,,,,,,,,,,,,,,,,,,,,,,,,,,,,,,,,,,,,
C1CNC(CCCNC2CCC(C3CCNCC3)CC2)C1,Z0719a,openbind_xx01zvns2b_c1_scaffolds,Z0917a,Z1719a,,,,,,,,,,,,,,,,,,,,,,,,,,,,,,,,,,,,,,,,,,,,,,,,,,,,,,,,,,,
O=C(Nc1ccc(Cl)c2ncccc12)c1cccs1,Z0719a,openbind_xx01zvns2b_c1_scaffolds,Z0719a,Z1688a,,,,,,,,,,,,,,,,,,,,,,,,,,,,,,,,,,,,,,,,,,,,,,,,,,,,,,,,,,,
CCC(=O)Nc1cnc[nH]1,Z0719a,openbind_xx01zvns2b_c1_scaffolds,Z0719a,Z1597a,,,,,,,,,,,,,,,,,,,,,,,,,,,,,,,,,,,,,,,,,,,,,,,,,,,,,,,,,,,
CCOC(=O)c1csc(N(C)C(=O)c2cccc3cccnc23)n1,Z0719a,openbind_xx01zvns2b_c1_scaffolds,Z2971a,Z0673a,Z0673b,Z0788b,,,,,,,,,,,,,,,,,,,,,,,,,,,,,,,,,,,,,,,,,,,,,,,,,,,,,,,,,
NC(=O)C(NC(=O)c1cccc2ncccc12)c1ccccn1,Z0719a,openbind_xx01zvns2b_c1_scaffolds,Z2971a,Z0673a,Z0673b,Z0788b,,,,,,,,,,,,,,,,,,,,,,,,,,,,,,,,,,,,,,,,,,,,,,,,,,,,,,,,,
FCCCC1CCN(c2ccnc(-c3ccccn3)n2)CC1,Z0719a,openbind_xx01zvns2b_c1_scaffolds,Z0852a,Z1719a,,,,,,,,,,,,,,,,,,,,,,,,,,,,,,,,,,,,,,,,,,,,,,,,,,,,,,,,,,,
COCC(=O)NC1CCN(C(=O)c2ccn3ccnc3c2)C1,Z0719a,openbind_xx01zvns2b_c1_scaffolds,Z0852a,Z1719a,,,,,,,,,,,,,,,,,,,,,,,,,,,,,,,,,,,,,,,,,,,,,,,,,,,,,,,,,,,
c1ccc2nc(-c3nc(-c4ccc(-n5cnc6ccccc65)nc4)no3)ccc2c1,Z0719a,openbind_xx01zvns2b_c1_scaffolds,Z0852a,Z1719a,,,,,,,,,,,,,,,,,,,,,,,,,,,,,,,,,,,,,,,,,,,,,,,,,,,,,,,,,,,
CN(C)CCn1c(=O)[nH]c2ccc(C(=O)NCc3ncc[nH]3)cc21,Z0719a,openbind_xx01zvns2b_c1_scaffolds,Z0852a,Z1719a,,,,,,,,,,,,,,,,,,,,,,,,,,,,,,,,,,,,,,,,,,,,,,,,,,,,,,,,,,,
CC(C)CC(C(=O)N1Cc2ccc([N+](=O)[O-])cc2C1)n1ccnc1,Z0719a,openbind_xx01zvns2b_c1_scaffolds,Z2971a,Z0089a,,,,,,,,,,,,,,,,,,,,,,,,,,,,,,,,,,,,,,,,,,,,,,,,,,,,,,,,,,,
O=C(Cc1nc(CCl)cs1)NCc1ccncc1,Z0719a,openbind_xx01zvns2b_c1_scaffolds,Z0852a,Z1098a,,,,,,,,,,,,,,,,,,,,,,,,,,,,,,,,,,,,,,,,,,,,,,,,,,,,,,,,,,,
CC(C)(CNc1nccc(-n2cccn2)n1)OC(F)F,Z0719a,openbind_xx01zvns2b_c1_scaffolds,Z0422a,Z3476a,Z3515a,Z3729a,Z4245a,,,,,,,,,,,,,,,,,,,,,,,,,,,,,,,,,,,,,,,,,,,,,,,,,,,,,,,,
O=C(Cc1ccc(Cl)nc1)NNC(=O)c1c[nH]c2ccccc12,Z0719a,openbind_xx01zvns2b_c1_scaffolds,Z0990a,Z1688a,Z1716a,,,,,,,,,,,,,,,,,,,,,,,,,,,,,,,,,,,,,,,,,,,,,,,,,,,,,,,,,,
CN(C(=O)c1ccccn1)C(CNC(=O)c1cn2ccccc2n1)C1CC1,Z0719a,openbind_xx01zvns2b_c1_scaffolds,Z0719a,Z1274a,,,,,,,,,,,,,,,,,,,,,,,,,,,,,,,,,,,,,,,,,,,,,,,,,,,,,,,,,,,
COCC(=O)Nc1ccc(-c2noc(-c3ccn[nH]3)n2)cc1,Z0719a,openbind_xx01zvns2b_c1_scaffolds,Z0719a,Z1274a,,,,,,,,,,,,,,,,,,,,,,,,,,,,,,,,,,,,,,,,,,,,,,,,,,,,,,,,,,,
CC(CNC(=O)c1ccc2[nH]ccc2c1)(NC(=O)c1ccccn1)C1CC1,Z0719a,openbind_xx01zvns2b_c1_scaffolds,Z0951a,Z0990a,,,,,,,,,,,,,,,,,,,,,,,,,,,,,,,,,,,,,,,,,,,,,,,,,,,,,,,,,,,
CC(=O)NCC1CCCN(C(=O)C2CNC(=O)c3ccnn32)C1,Z0719a,openbind_xx01zvns2b_c1_scaffolds,Z0951a,Z0990a,,,,,,,,,,,,,,,,,,,,,,,,,,,,,,,,,,,,,,,,,,,,,,,,,,,,,,,,,,,
CC(CNC(=O)c1cnc(C2CCCN2)nc1)n1cccn1,Z0719a,openbind_xx01zvns2b_c1_scaffolds,Z0951a,Z0990a,,,,,,,,,,,,,,,,,,,,,,,,,,,,,,,,,,,,,,,,,,,,,,,,,,,,,,,,,,,
O=C(Cc1cccnc1)N1CCn2nccc2C1,Z0719a,openbind_xx01zvns2b_c1_scaffolds,Z0951a,Z0990a,,,,,,,,,,,,,,,,,,,,,,,,,,,,,,,,,,,,,,,,,,,,,,,,,,,,,,,,,,,
CC(CNC(=O)c1ccncc1)NC(=O)C(C)N1CCCCC1=O,Z0719a,openbind_xx01zvns2b_c1_scaffolds,Z0951a,Z0990a,,,,,,,,,,,,,,,,,,,,,,,,,,,,,,,,,,,,,,,,,,,,,,,,,,,,,,,,,,,
Clc1cc(N2CCNCC2)c2nnc(C3CC3)n2c1,Z0719a,openbind_xx01zvns2b_c1_scaffolds,Z0951a,Z0990a,,,,,,,,,,,,,,,,,,,,,,,,,,,,,,,,,,,,,,,,,,,,,,,,,,,,,,,,,,,
O=[N+]([O-])c1ccc2c(c1)CN(S(=O)(=O)Cc1cscn1)C2,Z0719a,openbind_xx01zvns2b_c1_scaffolds,Z0951a,Z0990a,,,,,,,,,,,,,,,,,,,,,,,,,,,,,,,,,,,,,,,,,,,,,,,,,,,,,,,,,,,
O=C(Nc1ccn2ccnc2c1)c1cc2c(s1)CCNC2,Z0719a,openbind_xx01zvns2b_c1_scaffolds,Z0951a,Z0990a,,,,,,,,,,,,,,,,,,,,,,,,,,,,,,,,,,,,,,,,,,,,,,,,,,,,,,,,,,,
FCCc1nc(-c2ccccn2)nn1-c1ccnc2ccccc12,Z0719a,openbind_xx01zvns2b_c1_scaffolds,Z0951a,Z0990a,,,,,,,,,,,,,,,,,,,,,,,,,,,,,,,,,,,,,,,,,,,,,,,,,,,,,,,,,,,
O=C(NCCNc1ccccn1)c1csc(C2CCNCC2)n1,Z0719a,openbind_xx01zvns2b_c1_scaffolds,Z0951a,Z0990a,,,,,,,,,,,,,,,,,,,,,,,,,,,,,,,,,,,,,,,,,,,,,,,,,,,,,,,,,,,
COCC(=O)NC1(CNC(C)=O)CCCCC1C,Z0719a,openbind_xx01zvns2b_c1_scaffolds,Z1274a,Z1716a,,,,,,,,,,,,,,,,,,,,,,,,,,,,,,,,,,,,,,,,,,,,,,,,,,,,,,,,,,,
COCc1ccc(NCC(C)c2ccncc2)nc1,Z0719a,openbind_xx01zvns2b_c1_scaffolds,Z1342a,Z1716a,,,,,,,,,,,,,,,,,,,,,,,,,,,,,,,,,,,,,,,,,,,,,,,,,,,,,,,,,,,
O=C(NCc1ccnc(C2CC2)c1)C(=O)Nc1ncc[nH]1,Z0719a,openbind_xx01zvns2b_c1_scaffolds,Z1342a,Z1716a,,,,,,,,,,,,,,,,,,,,,,,,,,,,,,,,,,,,,,,,,,,,,,,,,,,,,,,,,,,
O=C(CSCc1ncc[nH]1)N1CCn2ncc(CO)c2C1,Z0719a,openbind_xx01zvns2b_c1_scaffolds,Z1342a,Z1716a,,,,,,,,,,,,,,,,,,,,,,,,,,,,,,,,,,,,,,,,,,,,,,,,,,,,,,,,,,,
COCCC(NC(=O)c1ccc(Cl)cn1)c1cccnc1,Z0719a,openbind_xx01zvns2b_c1_scaffolds,Z0917a,Z1719a,,,,,,,,,,,,,,,,,,,,,,,,,,,,,,,,,,,,,,,,,,,,,,,,,,,,,,,,,,,
Cn1cnc(C(C)(F)C2CCCNC2)c1,Z0719a,openbind_xx01zvns2b_c1_scaffolds,Z1688a,Z4245a,,,,,,,,,,,,,,,,,,,,,,,,,,,,,,,,,,,,,,,,,,,,,,,,,,,,,,,,,,,
O=C(O)CCCNC(=O)c1cnc(-c2ccccn2)nc1,Z0719a,openbind_xx01zvns2b_c1_scaffolds,Z1688a,Z4245a,,,,,,,,,,,,,,,,,,,,,,,,,,,,,,,,,,,,,,,,,,,,,,,,,,,,,,,,,,,
CSCCCC(=O)N1CCN(C)C(c2ncc[nH]2)C1,Z0719a,openbind_xx01zvns2b_c1_scaffolds,Z1688a,Z4245a,,,,,,,,,,,,,,,,,,,,,,,,,,,,,,,,,,,,,,,,,,,,,,,,,,,,,,,,,,,
CS(=O)(=O)Cc1nc(Cn2cnc3ccccc32)cs1,Z0719a,openbind_xx01zvns2b_c1_scaffolds,Z1688a,Z4245a,,,,,,,,,,,,,,,,,,,,,,,,,,,,,,,,,,,,,,,,,,,,,,,,,,,,,,,,,,,
CCC(OC(=O)c1c(OC)ccc2cccnc12)c1cccnc1,Z0719a,openbind_xx01zvns2b_c1_scaffolds,Z1688a,Z4245a,,,,,,,,,,,,,,,,,,,,,,,,,,,,,,,,,,,,,,,,,,,,,,,,,,,,,,,,,,,
CCCOc1ncccc1CNC1=NC2CCCCC2N1,Z0719a,openbind_xx01zvns2b_c1_scaffolds,Z1688a,Z4245a,,,,,,,,,,,,,,,,,,,,,,,,,,,,,,,,,,,,,,,,,,,,,,,,,,,,,,,,,,,
Cc1ccc2c(Br)ccc(OC(C)C(N)=O)c2n1,Z0719a,openbind_xx01zvns2b_c1_scaffolds,Z1688a,Z4245a,,,,,,,,,,,,,,,,,,,,,,,,,,,,,,,,,,,,,,,,,,,,,,,,,,,,,,,,,,,
O=c1[nH]c2ccccc2n1CCNS(=O)(=O)c1c[nH]cn1,Z0719a,openbind_xx01zvns2b_c1_scaffolds,Z1688a,Z4245a,,,,,,,,,,,,,,,,,,,,,,,,,,,,,,,,,,,,,,,,,,,,,,,,,,,,,,,,,,,
CC(=O)NCC1CCNC(=O)C1,Z0719a,openbind_xx01zvns2b_c1_scaffolds,Z2971a,Z3476a,,,,,,,,,,,,,,,,,,,,,,,,,,,,,,,,,,,,,,,,,,,,,,,,,,,,,,,,,,,
CCC(=O)NC1(CNC(=O)CN2CCSC3CCCCC32)CC1,Z0719a,openbind_xx01zvns2b_c1_scaffolds,Z2971a,Z3476a,,,,,,,,,,,,,,,,,,,,,,,,,,,,,,,,,,,,,,,,,,,,,,,,,,,,,,,,,,,
O=C(C=Cc1cscn1)NCCCOc1cccc2cccnc12,Z0719a,openbind_xx01zvns2b_c1_scaffolds,Z0844a,Z1597a,,,,,,,,,,,,,,,,,,,,,,,,,,,,,,,,,,,,,,,,,,,,,,,,,,,,,,,,,,,
CCC(=O)NC1CCC(N(C)C(=O)Cc2n[nH]c(=O)s2)CC1,Z0719a,openbind_xx01zvns2b_c1_scaffolds,Z0051a,Z3596a,,,,,,,,,,,,,,,,,,,,,,,,,,,,,,,,,,,,,,,,,,,,,,,,,,,,,,,,,,,
CCc1csc(CC(=O)NCC2CCCNC2)n1,Z0719a,openbind_xx01zvns2b_c1_scaffolds,Z0819a,Z3596a,,,,,,,,,,,,,,,,,,,,,,,,,,,,,,,,,,,,,,,,,,,,,,,,,,,,,,,,,,,
Brc1ccc2c(NCC3CCCNC3)ncnc2c1,Z0719a,openbind_xx01zvns2b_c1_scaffolds,Z0819a,Z3596a,,,,,,,,,,,,,,,,,,,,,,,,,,,,,,,,,,,,,,,,,,,,,,,,,,,,,,,,,,,
O=C(c1ccncn1)N1Cc2ccc(Cl)cc2C1,Z0719a,openbind_xx01zvns2b_c1_scaffolds,Z0819a,Z3596a,,,,,,,,,,,,,,,,,,,,,,,,,,,,,,,,,,,,,,,,,,,,,,,,,,,,,,,,,,,
CCN(Cc1cccnc1)C(=O)c1cnc2cc(OC)ccn12,Z0719a,openbind_xx01zvns2b_c1_scaffolds,Z0819a,Z0951a,,,,,,,,,,,,,,,,,,,,,,,,,,,,,,,,,,,,,,,,,,,,,,,,,,,,,,,,,,,
O=C(Nc1nc(-c2cnco2)cs1)c1cccc2cn[nH]c12,Z0846b,openbind_xx01zvns2b_c1_scaffolds,Z0422a,Z0846b,,,,,,,,,,,,,,,,,,,,,,,,,,,,,,,,,,,,,,,,,,,,,,,,,,,,,,,,,,,
c1ccc2c(-c3ccns3)ccnc2c1,Z0846b,openbind_xx01zvns2b_c1_scaffolds,Z0465a,Z0673a,Z0852a,Z1274a,Z1342a,Z1597a,Z1716a,,,,,,,,,,,,,,,,,,,,,,,,,,,,,,,,,,,,,,,,,,,,,,,,,,,,,,
Cn1ncc2c(C(=O)NCCC3CCCCN3)ccnc21,Z0846b,openbind_xx01zvns2b_c1_scaffolds,Z1342a,Z1716a,,,,,,,,,,,,,,,,,,,,,,,,,,,,,,,,,,,,,,,,,,,,,,,,,,,,,,,,,,,
CC(O)C(=O)NC1CC(CCNC(=O)CNc2ccccn2)C1,Z0846b,openbind_xx01zvns2b_c1_scaffolds,Z1342a,Z1716a,,,,,,,,,,,,,,,,,,,,,,,,,,,,,,,,,,,,,,,,,,,,,,,,,,,,,,,,,,,
CCOC(C)c1nc(CN(C)C(=O)c2csc3nccn23)cs1,Z0846b,openbind_xx01zvns2b_c1_scaffolds,Z1342a,Z1716a,,,,,,,,,,,,,,,,,,,,,,,,,,,,,,,,,,,,,,,,,,,,,,,,,,,,,,,,,,,
O=C1C(O)CCCN1Cc1cccnc1,Z0846b,openbind_xx01zvns2b_c1_scaffolds,Z1342a,Z1716a,,,,,,,,,,,,,,,,,,,,,,,,,,,,,,,,,,,,,,,,,,,,,,,,,,,,,,,,,,,
Cc1ccc(NC(=O)c2cccc3scnc23)c2cccnc12,Z0846b,openbind_xx01zvns2b_c1_scaffolds,Z0788a,Z1597a,,,,,,,,,,,,,,,,,,,,,,,,,,,,,,,,,,,,,,,,,,,,,,,,,,,,,,,,,,,
CC(NC(=O)CO)C1CCCCN1C(=O)c1cccc2[nH]cnc12,Z0846b,openbind_xx01zvns2b_c1_scaffolds,Z0788a,Z1597a,,,,,,,,,,,,,,,,,,,,,,,,,,,,,,,,,,,,,,,,,,,,,,,,,,,,,,,,,,,
C1=CC(c2cccnc2)NC1,Z0846b,openbind_xx01zvns2b_c1_scaffolds,Z0819a,Z1274a,,,,,,,,,,,,,,,,,,,,,,,,,,,,,,,,,,,,,,,,,,,,,,,,,,,,,,,,,,,
CCCCNCc1ccc2c(c1)CNC2,Z0846b,openbind_xx01zvns2b_c1_scaffolds,Z0819a,Z1274a,,,,,,,,,,,,,,,,,,,,,,,,,,,,,,,,,,,,,,,,,,,,,,,,,,,,,,,,,,,
O=C1CC(C(=O)Nc2nnc(C3CCNC3)[nH]2)CCN1,Z0846b,openbind_xx01zvns2b_c1_scaffolds,Z0846a,Z3476a,Z3503a,Z3527a,Z3596a,Z4008a,,,,,,,,,,,,,,,,,,,,,,,,,,,,,,,,,,,,,,,,,,,,,,,,,,,,,,,
c1c[nH]c(-c2ccsn2)n1,Z0846b,openbind_xx01zvns2b_c1_scaffolds,Z0465a,Z0673a,Z0673b,Z0852a,Z1688a,,,,,,,,,,,,,,,,,,,,,,,,,,,,,,,,,,,,,,,,,,,,,,,,,,,,,,,,
CC(=O)NCC12CCCN1CCC2,Z0846b,openbind_xx01zvns2b_c1_scaffolds,Z0719a,Z0819a,Z0827a,Z0990a,,,,,,,,,,,,,,,,,,,,,,,,,,,,,,,,,,,,,,,,,,,,,,,,,,,,,,,,,
COC(=O)c1cnc2c(CNC3Cc4cscc4C3)cccn12,Z0846b,openbind_xx01zvns2b_c1_scaffolds,Z0719a,Z0819a,Z0827a,Z0990a,,,,,,,,,,,,,,,,,,,,,,,,,,,,,,,,,,,,,,,,,,,,,,,,,,,,,,,,,
CC(O)C(=O)Nc1nccs1,Z0846b,openbind_xx01zvns2b_c1_scaffolds,Z0773a,Z0846a,Z1688a,,,,,,,,,,,,,,,,,,,,,,,,,,,,,,,,,,,,,,,,,,,,,,,,,,,,,,,,,,
CSCCC(N)c1nc2ccccc2s1,Z0846b,openbind_xx01zvns2b_c1_scaffolds,Z0465a,Z1342a,,,,,,,,,,,,,,,,,,,,,,,,,,,,,,,,,,,,,,,,,,,,,,,,,,,,,,,,,,,
Cc1nc(CCNC(=O)c2cccc3nccn23)c[nH]1,Z0846b,openbind_xx01zvns2b_c1_scaffolds,Z0844a,Z1597a,,,,,,,,,,,,,,,,,,,,,,,,,,,,,,,,,,,,,,,,,,,,,,,,,,,,,,,,,,,
c1cc(-c2ccncc2)c2cccnc2c1,Z0846b,openbind_xx01zvns2b_c1_scaffolds,Z0844a,Z1597a,,,,,,,,,,,,,,,,,,,,,,,,,,,,,,,,,,,,,,,,,,,,,,,,,,,,,,,,,,,
CC(NC(=O)c1noc2c1CNCC2)c1cccc2cccnc12,Z0846b,openbind_xx01zvns2b_c1_scaffolds,Z0089a,Z1716a,,,,,,,,,,,,,,,,,,,,,,,,,,,,,,,,,,,,,,,,,,,,,,,,,,,,,,,,,,,
CSCCN(C)C(C)c1cscn1,Z0846b,openbind_xx01zvns2b_c1_scaffolds,Z0089a,Z1716a,,,,,,,,,,,,,,,,,,,,,,,,,,,,,,,,,,,,,,,,,,,,,,,,,,,,,,,,,,,
c1cc(C2NCCCCS2)ccn1,Z0846b,openbind_xx01zvns2b_c1_scaffolds,Z0089a,Z0875a,,,,,,,,,,,,,,,,,,,,,,,,,,,,,,,,,,,,,,,,,,,,,,,,,,,,,,,,,,,
NC(=O)COc1cccc(CNc2nc3ccccc3[nH]2)c1,Z0846b,openbind_xx01zvns2b_c1_scaffolds,Z0089a,Z0875a,,,,,,,,,,,,,,,,,,,,,,,,,,,,,,,,,,,,,,,,,,,,,,,,,,,,,,,,,,,
C=CCC(C)C(=O)N(C)Cc1ccc2cc[nH]c2c1,Z0846b,openbind_xx01zvns2b_c1_scaffolds,Z0089a,Z0875a,,,,,,,,,,,,,,,,,,,,,,,,,,,,,,,,,,,,,,,,,,,,,,,,,,,,,,,,,,,
CNC(=O)Cc1cccc(NC(=O)c2ccnc3c2CNC3)c1,Z0846b,openbind_xx01zvns2b_c1_scaffolds,Z0089a,Z0875a,,,,,,,,,,,,,,,,,,,,,,,,,,,,,,,,,,,,,,,,,,,,,,,,,,,,,,,,,,,
CC(C)Nc1cnccn1,Z0846b,openbind_xx01zvns2b_c1_scaffolds,Z0089a,Z0875a,,,,,,,,,,,,,,,,,,,,,,,,,,,,,,,,,,,,,,,,,,,,,,,,,,,,,,,,,,,
Nc1cccc2c1NC(=O)C2,Z0846b,openbind_xx01zvns2b_c1_scaffolds,Z0089a,Z3596a,,,,,,,,,,,,,,,,,,,,,,,,,,,,,,,,,,,,,,,,,,,,,,,,,,,,,,,,,,,
CN(Cc1ccc2c(c1)CNC2)CC(F)(F)F,Z0846b,openbind_xx01zvns2b_c1_scaffolds,Z0472a,Z3515a,,,,,,,,,,,,,,,,,,,,,,,,,,,,,,,,,,,,,,,,,,,,,,,,,,,,,,,,,,,
CC(N)Cc1cc2n(n1)CCCCC2,Z0846b,openbind_xx01zvns2b_c1_scaffolds,Z0800a,Z0827a,,,,,,,,,,,,,,,,,,,,,,,,,,,,,,,,,,,,,,,,,,,,,,,,,,,,,,,,,,,
CN(Cc1c[nH]cn1)C(=O)Cn1cccn1,Z0846b,openbind_xx01zvns2b_c1_scaffolds,Z0800a,Z0827a,,,,,,,,,,,,,,,,,,,,,,,,,,,,,,,,,,,,,,,,,,,,,,,,,,,,,,,,,,,
c1cc(NCc2cn3ccsc3n2)c2cn[nH]c2n1,Z0846b,openbind_xx01zvns2b_c1_scaffolds,Z0709a,Z1495a,,,,,,,,,,,,,,,,,,,,,,,,,,,,,,,,,,,,,,,,,,,,,,,,,,,,,,,,,,,
CC(C)(C)CCN1CCN(C(=O)c2ccc3ccccc3n2)CC1,Z0846b,openbind_xx01zvns2b_c1_scaffolds,Z0709a,Z1495a,,,,,,,,,,,,,,,,,,,,,,,,,,,,,,,,,,,,,,,,,,,,,,,,,,,,,,,,,,,
c1cc2[nH]c3c(c2cc1C1CCCNC1)CCCC3,Z0846b,openbind_xx01zvns2b_c1_scaffolds,Z0465a,Z1729a,,,,,,,,,,,,,,,,,,,,,,,,,,,,,,,,,,,,,,,,,,,,,,,,,,,,,,,,,,,
CN(CCNC(=O)c1nccs1)C(=O)c1cccc2cc[nH]c12,Z0846b,openbind_xx01zvns2b_c1_scaffolds,Z0435a,Z0969a,,,,,,,,,,,,,,,,,,,,,,,,,,,,,,,,,,,,,,,,,,,,,,,,,,,,,,,,,,,
N=S(=O)(c1ccc2ccccc2n1)C(F)F,Z0846b,openbind_xx01zvns2b_c1_scaffolds,Z0719a,Z1713a,,,,,,,,,,,,,,,,,,,,,,,,,,,,,,,,,,,,,,,,,,,,,,,,,,,,,,,,,,,
CCC(=O)Nc1ccsn1,Z0846b,openbind_xx01zvns2b_c1_scaffolds,Z0465a,Z0673a,Z0673b,Z0788b,Z1597a,,,,,,,,,,,,,,,,,,,,,,,,,,,,,,,,,,,,,,,,,,,,,,,,,,,,,,,,
c1cncc(C2CNCCN2)c1,Z0846b,openbind_xx01zvns2b_c1_scaffolds,Z0990a,Z1098a,,,,,,,,,,,,,,,,,,,,,,,,,,,,,,,,,,,,,,,,,,,,,,,,,,,,,,,,,,,
CCC[S+]([O-])Nc1ncc[nH]1,Z0846b,openbind_xx01zvns2b_c1_scaffolds,Z0852a,Z1098a,Z1342a,,,,,,,,,,,,,,,,,,,,,,,,,,,,,,,,,,,,,,,,,,,,,,,,,,,,,,,,,,
FC(F)(F)CN1Cc2ccc(NCc3cccc4[nH]ccc34)cc2C1,Z0846b,openbind_xx01zvns2b_c1_scaffolds,Z0425a,Z0465a,Z0788a,Z1495a,,,,,,,,,,,,,,,,,,,,,,,,,,,,,,,,,,,,,,,,,,,,,,,,,,,,,,,,,
CCCCC(=O)NCC1CCN(C(=O)c2ccc3cc[nH]c3c2)CC1,Z0846b,openbind_xx01zvns2b_c1_scaffolds,Z0425a,Z0465a,Z0788a,Z1495a,,,,,,,,,,,,,,,,,,,,,,,,,,,,,,,,,,,,,,,,,,,,,,,,,,,,,,,,,
c1cc(-c2cocn2)ccn1,Z0846b,openbind_xx01zvns2b_c1_scaffolds,Z0425a,Z0465a,Z0788a,Z1495a,,,,,,,,,,,,,,,,,,,,,,,,,,,,,,,,,,,,,,,,,,,,,,,,,,,,,,,,,
O=C(c1ccc2n[nH]c(=O)n2c1)N1Cc2cccc(F)c2C1,Z0846b,openbind_xx01zvns2b_c1_scaffolds,Z1046b,Z1274a,,,,,,,,,,,,,,,,,,,,,,,,,,,,,,,,,,,,,,,,,,,,,,,,,,,,,,,,,,,
C#CCOC(C)C(=O)Nc1cncs1,Z0846b,openbind_xx01zvns2b_c1_scaffolds,Z0673a,Z0852a,Z1688a,,,,,,,,,,,,,,,,,,,,,,,,,,,,,,,,,,,,,,,,,,,,,,,,,,,,,,,,,,
CC(C)(COc1ncccc1Br)NC(=O)C1CCNC1,Z0846b,openbind_xx01zvns2b_c1_scaffolds,Z0852a,Z4245a,,,,,,,,,,,,,,,,,,,,,,,,,,,,,,,,,,,,,,,,,,,,,,,,,,,,,,,,,,,
CC(CCNC(=O)c1cccc(C2CC2)n1)NC(=O)c1cnc[nH]1,Z0846b,openbind_xx01zvns2b_c1_scaffolds,Z0727a,Z0969a,Z1745a,,,,,,,,,,,,,,,,,,,,,,,,,,,,,,,,,,,,,,,,,,,,,,,,,,,,,,,,,,
CCCN(CCNC(=O)c1cccnc1)C(=O)Cc1cncnc1,Z0846b,openbind_xx01zvns2b_c1_scaffolds,Z0773b,Z0773a,Z1495a,,,,,,,,,,,,,,,,,,,,,,,,,,,,,,,,,,,,,,,,,,,,,,,,,,,,,,,,,,
COCC1(CNC(=O)Cc2cccc3c2CCNC3)CCC1,Z0846b,openbind_xx01zvns2b_c1_scaffolds,Z0773b,Z0773a,Z1495a,,,,,,,,,,,,,,,,,,,,,,,,,,,,,,,,,,,,,,,,,,,,,,,,,,,,,,,,,,
O=C(NCc1cnco1)c1ccc2nc(C(F)(F)F)cn2c1,Z0846b,openbind_xx01zvns2b_c1_scaffolds,Z0472a,Z1729a,,,,,,,,,,,,,,,,,,,,,,,,,,,,,,,,,,,,,,,,,,,,,,,,,,,,,,,,,,,
c1ccc2c(c1)ncn2-c1ccc(-c2noc(-c3ccn[nH]3)n2)cc1,Z0846b,openbind_xx01zvns2b_c1_scaffolds,Z0472a,Z1729a,,,,,,,,,,,,,,,,,,,,,,,,,,,,,,,,,,,,,,,,,,,,,,,,,,,,,,,,,,,
CCC(N)C1NCCCS1,Z0846b,openbind_xx01zvns2b_c1_scaffolds,Z0472a,Z1729a,,,,,,,,,,,,,,,,,,,,,,,,,,,,,,,,,,,,,,,,,,,,,,,,,,,,,,,,,,,
O=C(Nc1ccc2cn[nH]c2n1)c1nc2ccccc2s1,Z0846b,openbind_xx01zvns2b_c1_scaffolds,Z0472a,Z1729a,Z4008a,,,,,,,,,,,,,,,,,,,,,,,,,,,,,,,,,,,,,,,,,,,,,,,,,,,,,,,,,,
CCCNc1nc2ccccc2s1,Z0846b,openbind_xx01zvns2b_c1_scaffolds,Z0472a,Z1729a,,,,,,,,,,,,,,,,,,,,,,,,,,,,,,,,,,,,,,,,,,,,,,,,,,,,,,,,,,,
CC(C(=O)O)n1c(C2CCCN2)nc2cc(F)ccc21,Z0846b,openbind_xx01zvns2b_c1_scaffolds,Z0819a,Z3476a,,,,,,,,,,,,,,,,,,,,,,,,,,,,,,,,,,,,,,,,,,,,,,,,,,,,,,,,,,,
CC(C(=O)NC1CCN(C(=O)C(CO)N(C)C)C1)c1cccnc1,Z0846b,openbind_xx01zvns2b_c1_scaffolds,Z0490a,Z3515a,,,,,,,,,,,,,,,,,,,,,,,,,,,,,,,,,,,,,,,,,,,,,,,,,,,,,,,,,,,
C=CCNC(=O)CN1CCC(c2cc3ccccc3[nH]2)CC1,Z0846b,openbind_xx01zvns2b_c1_scaffolds,Z2971a,Z1729a,,,,,,,,,,,,,,,,,,,,,,,,,,,,,,,,,,,,,,,,,,,,,,,,,,,,,,,,,,,
O=C1CCN(C(=O)c2cc(C(O)C(F)(F)F)ccn2)CCN1,Z0846b,openbind_xx01zvns2b_c1_scaffolds,Z2971a,Z1729a,,,,,,,,,,,,,,,,,,,,,,,,,,,,,,,,,,,,,,,,,,,,,,,,,,,,,,,,,,,
c1cc(-c2cnoc2)ccn1,Z0846b,openbind_xx01zvns2b_c1_scaffolds,Z0465a,Z0719a,Z1688a,,,,,,,,,,,,,,,,,,,,,,,,,,,,,,,,,,,,,,,,,,,,,,,,,,,,,,,,,,
CCN(CCNC(=O)c1ccc2c(c1)CC(=O)N2)C(=O)C(F)F,Z0846b,openbind_xx01zvns2b_c1_scaffolds,Z0773a,Z1716a,Z1729a,,,,,,,,,,,,,,,,,,,,,,,,,,,,,,,,,,,,,,,,,,,,,,,,,,,,,,,,,,
CC(NCc1cnc2ccccc2c1)c1cccc2cn[nH]c12,Z0846b,openbind_xx01zvns2b_c1_scaffolds,Z1495a,Z1674a,,,,,,,,,,,,,,,,,,,,,,,,,,,,,,,,,,,,,,,,,,,,,,,,,,,,,,,,,,,
c1cc(N2CCCNCC2)c2sccc2n1,Z0846b,openbind_xx01zvns2b_c1_scaffolds,Z0917a,Z3515a,,,,,,,,,,,,,,,,,,,,,,,,,,,,,,,,,,,,,,,,,,,,,,,,,,,,,,,,,,,
CC(C)(CO)NC(=O)C1NCC2CC21,Z0846b,openbind_xx01zvns2b_c1_scaffolds,Z0917a,Z3515a,,,,,,,,,,,,,,,,,,,,,,,,,,,,,,,,,,,,,,,,,,,,,,,,,,,,,,,,,,,
C#CCN(C)Cc1ccc2c(c1)CNC2,Z0846b,openbind_xx01zvns2b_c1_scaffolds,Z0227a,Z0687a,Z0719a,Z1495a,,,,,,,,,,,,,,,,,,,,,,,,,,,,,,,,,,,,,,,,,,,,,,,,,,,,,,,,,
CCC(N)c1ccc2cccnc2c1,Z0846b,openbind_xx01zvns2b_c1_scaffolds,Z0101a,Z0827a,,,,,,,,,,,,,,,,,,,,,,,,,,,,,,,,,,,,,,,,,,,,,,,,,,,,,,,,,,,
COc1ccc(CC(C)(CO)NC(=O)c2cccc3cc[nH]c23)cc1,Z0846b,openbind_xx01zvns2b_c1_scaffolds,Z0101a,Z0827a,,,,,,,,,,,,,,,,,,,,,,,,,,,,,,,,,,,,,,,,,,,,,,,,,,,,,,,,,,,
CN(C)CCN1CCC(CNCc2cccc3nccn23)CC1,Z0846b,openbind_xx01zvns2b_c1_scaffolds,Z0101a,Z0827a,,,,,,,,,,,,,,,,,,,,,,,,,,,,,,,,,,,,,,,,,,,,,,,,,,,,,,,,,,,
c1cc2ncncc2c(-c2ccc3nc[nH]c3c2)n1,Z0846b,openbind_xx01zvns2b_c1_scaffolds,Z0101a,Z0827a,,,,,,,,,,,,,,,,,,,,,,,,,,,,,,,,,,,,,,,,,,,,,,,,,,,,,,,,,,,
CN1CCn2nc(NC(=O)c3nccc4c3CNCC4)cc2C1,Z0846b,openbind_xx01zvns2b_c1_scaffolds,Z0101a,Z0827a,,,,,,,,,,,,,,,,,,,,,,,,,,,,,,,,,,,,,,,,,,,,,,,,,,,,,,,,,,,
NCCCc1cc2cccnc2s1,Z0846b,openbind_xx01zvns2b_c1_scaffolds,Z0101a,Z0827a,,,,,,,,,,,,,,,,,,,,,,,,,,,,,,,,,,,,,,,,,,,,,,,,,,,,,,,,,,,
CC(CO)(Cc1ccc(F)cc1)NC(=O)c1cccc2cc[nH]c12,Z0846b,openbind_xx01zvns2b_c1_scaffolds,Z0101a,Z0827a,,,,,,,,,,,,,,,,,,,,,,,,,,,,,,,,,,,,,,,,,,,,,,,,,,,,,,,,,,,
c1cc(C2CCCNCC2)n[nH]1,Z0846b,openbind_xx01zvns2b_c1_scaffolds,Z0101a,Z0827a,,,,,,,,,,,,,,,,,,,,,,,,,,,,,,,,,,,,,,,,,,,,,,,,,,,,,,,,,,,
CN(Cc1c[nH]cn1)C(=O)N1CCn2ncc(S(N)(=O)=O)c2C1,Z0846b,openbind_xx01zvns2b_c1_scaffolds,Z0827a,Z0945a,,,,,,,,,,,,,,,,,,,,,,,,,,,,,,,,,,,,,,,,,,,,,,,,,,,,,,,,,,,
CC(C)N(C=O)CC1CCCCN1,Z0846b,openbind_xx01zvns2b_c1_scaffolds,Z0827a,Z0945a,,,,,,,,,,,,,,,,,,,,,,,,,,,,,,,,,,,,,,,,,,,,,,,,,,,,,,,,,,,
C1=C(c2ccncn2)CNC1,Z0846b,openbind_xx01zvns2b_c1_scaffolds,Z0827a,Z0945a,,,,,,,,,,,,,,,,,,,,,,,,,,,,,,,,,,,,,,,,,,,,,,,,,,,,,,,,,,,
CC(CO)(Cc1ccc(Br)cc1)NC(=O)c1ccns1,Z0846b,openbind_xx01zvns2b_c1_scaffolds,Z0827a,Z0945a,,,,,,,,,,,,,,,,,,,,,,,,,,,,,,,,,,,,,,,,,,,,,,,,,,,,,,,,,,,
c1c[nH]c(C2CNCCS2)n1,Z0846b,openbind_xx01zvns2b_c1_scaffolds,Z0719a,Z0827a,,,,,,,,,,,,,,,,,,,,,,,,,,,,,,,,,,,,,,,,,,,,,,,,,,,,,,,,,,,
O=S(=O)(CCCCCl)Nc1cc[nH]n1,Z0846b,openbind_xx01zvns2b_c1_scaffolds,Z0101a,Z4245a,,,,,,,,,,,,,,,,,,,,,,,,,,,,,,,,,,,,,,,,,,,,,,,,,,,,,,,,,,,
N#CC1(C(=O)Nc2ccc3c(c2)CNCCC3)CCCNC1,Z0846b,openbind_xx01zvns2b_c1_scaffolds,Z0101a,Z4245a,,,,,,,,,,,,,,,,,,,,,,,,,,,,,,,,,,,,,,,,,,,,,,,,,,,,,,,,,,,
Cc1nc(CC(=O)NCc2csc3nccn23)c[nH]1,Z0846b,openbind_xx01zvns2b_c1_scaffolds,Z0101a,Z4245a,,,,,,,,,,,,,,,,,,,,,,,,,,,,,,,,,,,,,,,,,,,,,,,,,,,,,,,,,,,
CC(CO)CNC(=O)Cn1c(=O)[nH]c2ccccc21,Z0846b,openbind_xx01zvns2b_c1_scaffolds,Z0101a,Z4245a,,,,,,,,,,,,,,,,,,,,,,,,,,,,,,,,,,,,,,,,,,,,,,,,,,,,,,,,,,,
O=C(Nc1nc(C2CCC2)cs1)c1cccc2[nH]ncc12,Z0846b,openbind_xx01zvns2b_c1_scaffolds,Z0719a,Z1495a,,,,,,,,,,,,,,,,,,,,,,,,,,,,,,,,,,,,,,,,,,,,,,,,,,,,,,,,,,,
c1c[nH]c(-c2cncc3c2CCC3)n1,Z0846b,openbind_xx01zvns2b_c1_scaffolds,Z0719a,Z1495a,,,,,,,,,,,,,,,,,,,,,,,,,,,,,,,,,,,,,,,,,,,,,,,,,,,,,,,,,,,
CCC(C)(C)CNC(=O)C1CCCCN1,Z0846b,openbind_xx01zvns2b_c1_scaffolds,Z0719a,Z1495a,,,,,,,,,,,,,,,,,,,,,,,,,,,,,,,,,,,,,,,,,,,,,,,,,,,,,,,,,,,
[O-][n+]1cccc(C2CCCCN2)c1,Z0846b,openbind_xx01zvns2b_c1_scaffolds,Z0917a,Z1719a,,,,,,,,,,,,,,,,,,,,,,,,,,,,,,,,,,,,,,,,,,,,,,,,,,,,,,,,,,,
CC(CNC(=O)CCc1cnoc1)CNC(=O)c1cncn1C,Z0846b,openbind_xx01zvns2b_c1_scaffolds,Z0917a,Z1719a,,,,,,,,,,,,,,,,,,,,,,,,,,,,,,,,,,,,,,,,,,,,,,,,,,,,,,,,,,,
O=C(CC1=CSC2=NCCCN12)NCc1nc2ccccc2o1,Z0846b,openbind_xx01zvns2b_c1_scaffolds,Z0827a,Z1046b,,,,,,,,,,,,,,,,,,,,,,,,,,,,,,,,,,,,,,,,,,,,,,,,,,,,,,,,,,,
CC(NC(=O)c1ccc2n[nH]c(=O)n2c1)c1ccncc1Cl,Z0846b,openbind_xx01zvns2b_c1_scaffolds,Z0472a,Z3527a,Z3729a,Z3880a,Z4008a,,,,,,,,,,,,,,,,,,,,,,,,,,,,,,,,,,,,,,,,,,,,,,,,,,,,,,,,
COCC(COC)Nc1ccncc1,Z0846b,openbind_xx01zvns2b_c1_scaffolds,Z0465a,Z1046b,,,,,,,,,,,,,,,,,,,,,,,,,,,,,,,,,,,,,,,,,,,,,,,,,,,,,,,,,,,
CC(OC1CCCNC1)C(=O)N(C)C,Z0846b,openbind_xx01zvns2b_c1_scaffolds,Z0472a,Z1274a,,,,,,,,,,,,,,,,,,,,,,,,,,,,,,,,,,,,,,,,,,,,,,,,,,,,,,,,,,,
c1ccc2c(c1)ncn2C1CCCNC1,Z0846b,openbind_xx01zvns2b_c1_scaffolds,Z0490a,Z0719a,,,,,,,,,,,,,,,,,,,,,,,,,,,,,,,,,,,,,,,,,,,,,,,,,,,,,,,,,,,
O=C(Cc1cn2ccccc2n1)NCC1CN(CCO)CCO1,Z0846b,openbind_xx01zvns2b_c1_scaffolds,Z0490a,Z0719a,,,,,,,,,,,,,,,,,,,,,,,,,,,,,,,,,,,,,,,,,,,,,,,,,,,,,,,,,,,
O=C(Nc1ccc2c(c1)CN(CCCC1CNC1)C2)C(F)(F)F,Z0846b,openbind_xx01zvns2b_c1_scaffolds,Z0990a,Z3880a,,,,,,,,,,,,,,,,,,,,,,,,,,,,,,,,,,,,,,,,,,,,,,,,,,,,,,,,,,,
O=C(NCc1ccncn1)c1nccc2c1CNCC2,Z0846b,openbind_xx01zvns2b_c1_scaffolds,Z0945a,Z0969a,,,,,,,,,,,,,,,,,,,,,,,,,,,,,,,,,,,,,,,,,,,,,,,,,,,,,,,,,,,
c1nn(C2CCN(CCCOCC3CC3)CC2)c2c1CNC2,Z0846b,openbind_xx01zvns2b_c1_scaffolds,Z0673a,Z0788b,Z1719a,,,,,,,,,,,,,,,,,,,,,,,,,,,,,,,,,,,,,,,,,,,,,,,,,,,,,,,,,,
CCSc1ccc(NC(=O)c2cn3ccnc3s2)cn1,Z0846b,openbind_xx01zvns2b_c1_scaffolds,Z0673a,Z0788b,Z1719a,,,,,,,,,,,,,,,,,,,,,,,,,,,,,,,,,,,,,,,,,,,,,,,,,,,,,,,,,,
CC(C)(N)c1onc2c1CCCCC2,Z0846b,openbind_xx01zvns2b_c1_scaffolds,Z0673a,Z0788b,Z1719a,,,,,,,,,,,,,,,,,,,,,,,,,,,,,,,,,,,,,,,,,,,,,,,,,,,,,,,,,,
CC(C)Cc1ccc(CNc2ccc3[nH]c(=O)[nH]c3c2)cn1,Z0846b,openbind_xx01zvns2b_c1_scaffolds,Z0673a,Z0788b,Z1719a,,,,,,,,,,,,,,,,,,,,,,,,,,,,,,,,,,,,,,,,,,,,,,,,,,,,,,,,,,
c1cncc(-c2nc(N3CCOCC3)c3ccccc3n2)c1,Z0846b,openbind_xx01zvns2b_c1_scaffolds,Z0673a,Z0788b,Z1719a,,,,,,,,,,,,,,,,,,,,,,,,,,,,,,,,,,,,,,,,,,,,,,,,,,,,,,,,,,
O=C(c1cccnc1)N1CC2CCC(C1)N2c1ncnc2ccccc12,Z0846b,openbind_xx01zvns2b_c1_scaffolds,Z0673a,Z0788b,Z1719a,,,,,,,,,,,,,,,,,,,,,,,,,,,,,,,,,,,,,,,,,,,,,,,,,,,,,,,,,,
CC(CNc1nc(NCCO)c2ccccc2n1)n1cccn1,Z0846b,openbind_xx01zvns2b_c1_scaffolds,Z0673a,Z0788b,Z1719a,,,,,,,,,,,,,,,,,,,,,,,,,,,,,,,,,,,,,,,,,,,,,,,,,,,,,,,,,,
OCC(F)(F)CNc1nc(-c2ccccn2)nc2ccccc12,Z0846b,openbind_xx01zvns2b_c1_scaffolds,Z0673a,Z0788b,Z1719a,,,,,,,,,,,,,,,,,,,,,,,,,,,,,,,,,,,,,,,,,,,,,,,,,,,,,,,,,,
O=C(Cc1csc2nccn12)N1CCN(c2ncccn2)CC1,Z0846b,openbind_xx01zvns2b_c1_scaffolds,Z0673a,Z1719a,,,,,,,,,,,,,,,,,,,,,,,,,,,,,,,,,,,,,,,,,,,,,,,,,,,,,,,,,,,
c1cc(C2CCCNC2)on1,Z0846b,openbind_xx01zvns2b_c1_scaffolds,Z0819a,Z1597a,,,,,,,,,,,,,,,,,,,,,,,,,,,,,,,,,,,,,,,,,,,,,,,,,,,,,,,,,,,
CCC(C)=NNC(=O)CCc1c[nH]c2ccccc12,Z0846b,openbind_xx01zvns2b_c1_scaffolds,Z0709a,Z0969a,,,,,,,,,,,,,,,,,,,,,,,,,,,,,,,,,,,,,,,,,,,,,,,,,,,,,,,,,,,
O=C(c1ccc2[nH]c(=O)[nH]c2c1)N1CC(c2cnc[nH]2)C1,Z0846b,openbind_xx01zvns2b_c1_scaffolds,Z1688a,Z4245a,,,,,,,,,,,,,,,,,,,,,,,,,,,,,,,,,,,,,,,,,,,,,,,,,,,,,,,,,,,
O=C(c1ccc2ncsc2c1)N1CCNC(c2cccnc2)C1,Z0846b,openbind_xx01zvns2b_c1_scaffolds,Z0182a,Z0917a,Z1729a,,,,,,,,,,,,,,,,,,,,,,,,,,,,,,,,,,,,,,,,,,,,,,,,,,,,,,,,,,
CCC(C#N)C(=O)NC(C)c1nnc2ccccn12,Z0846b,openbind_xx01zvns2b_c1_scaffolds,Z0089a,Z3503a,,,,,,,,,,,,,,,,,,,,,,,,,,,,,,,,,,,,,,,,,,,,,,,,,,,,,,,,,,,
COCC(=O)Nc1cncc2c1CCCC2,Z0846b,openbind_xx01zvns2b_c1_scaffolds,Z0472a,Z1495a,,,,,,,,,,,,,,,,,,,,,,,,,,,,,,,,,,,,,,,,,,,,,,,,,,,,,,,,,,,
CC(C)CC(=O)N1Cc2ccnn2C(CC(=O)NCCc2ccncc2)C1,Z0846b,openbind_xx01zvns2b_c1_scaffolds,Z0709a,Z1274a,,,,,,,,,,,,,,,,,,,,,,,,,,,,,,,,,,,,,,,,,,,,,,,,,,,,,,,,,,,
CN(C(=O)CCn1ccnc1)C(c1ccccc1)c1ncc[nH]1,Z0846b,openbind_xx01zvns2b_c1_scaffolds,Z0709a,Z1274a,,,,,,,,,,,,,,,,,,,,,,,,,,,,,,,,,,,,,,,,,,,,,,,,,,,,,,,,,,,
CN(c1cccnc1)c1cc(NCCCO)ncn1,Z0846b,openbind_xx01zvns2b_c1_scaffolds,Z2971a,Z0827a,Z0917a,,,,,,,,,,,,,,,,,,,,,,,,,,,,,,,,,,,,,,,,,,,,,,,,,,,,,,,,,,
O=C(CCc1ncc[nH]1)N1CCC(n2ncc3c2CNC3)CC1,Z0846b,openbind_xx01zvns2b_c1_scaffolds,Z0089a,Z1688a,,,,,,,,,,,,,,,,,,,,,,,,,,,,,,,,,,,,,,,,,,,,,,,,,,,,,,,,,,,
N#CCNc1ccc2c(c1)CC(=O)N2,Z0846b,openbind_xx01zvns2b_c1_scaffolds,Z0089a,Z1688a,,,,,,,,,,,,,,,,,,,,,,,,,,,,,,,,,,,,,,,,,,,,,,,,,,,,,,,,,,,
CCC(C)Nc1ccc2ccccc2n1,Z0846b,openbind_xx01zvns2b_c1_scaffolds,Z0089a,Z1688a,,,,,,,,,,,,,,,,,,,,,,,,,,,,,,,,,,,,,,,,,,,,,,,,,,,,,,,,,,,
O=C(O)c1cccc2c1CN(Cc1cccc3ncccc13)C2,Z0846b,openbind_xx01zvns2b_c1_scaffolds,Z0089a,Z1688a,,,,,,,,,,,,,,,,,,,,,,,,,,,,,,,,,,,,,,,,,,,,,,,,,,,,,,,,,,,
Cn1cncc1CCC(=O)Nc1cccc2[nH]c(=O)[nH]c12,Z0846b,openbind_xx01zvns2b_c1_scaffolds,Z1688a,Z4245a,,,,,,,,,,,,,,,,,,,,,,,,,,,,,,,,,,,,,,,,,,,,,,,,,,,,,,,,,,,
CC(N)Cc1onc2c1CCCCC2,Z0846b,openbind_xx01zvns2b_c1_scaffolds,Z0182a,Z1597a,,,,,,,,,,,,,,,,,,,,,,,,,,,,,,,,,,,,,,,,,,,,,,,,,,,,,,,,,,,
CC(Cc1cnccn1)Nc1ccc(C(C)(C)O)nn1,Z0846b,openbind_xx01zvns2b_c1_scaffolds,Z0089a,Z1719a,,,,,,,,,,,,,,,,,,,,,,,,,,,,,,,,,,,,,,,,,,,,,,,,,,,,,,,,,,,
CN(C)CCn1c(=O)[nH]c2cc(N)ccc21,Z0846b,openbind_xx01zvns2b_c1_scaffolds,Z0089a,Z1719a,,,,,,,,,,,,,,,,,,,,,,,,,,,,,,,,,,,,,,,,,,,,,,,,,,,,,,,,,,,
CC(C)(C(=O)Nc1ccnc2ccccc12)c1cnccn1,Z0846b,openbind_xx01zvns2b_c1_scaffolds,Z0089a,Z1719a,,,,,,,,,,,,,,,,,,,,,,,,,,,,,,,,,,,,,,,,,,,,,,,,,,,,,,,,,,,
N#CCS(=O)(=O)Nc1cccc2c1CNC2,Z0846b,openbind_xx01zvns2b_c1_scaffolds,Z0089a,Z1719a,,,,,,,,,,,,,,,,,,,,,,,,,,,,,,,,,,,,,,,,,,,,,,,,,,,,,,,,,,,
O=C(c1ccn2c(=O)[nH]nc2c1)N1Cc2ccccc2C1,Z0846b,openbind_xx01zvns2b_c1_scaffolds,Z0089a,Z1719a,,,,,,,,,,,,,,,,,,,,,,,,,,,,,,,,,,,,,,,,,,,,,,,,,,,,,,,,,,,
CC(OC1CCCCNC1)C(N)=O,Z0846b,openbind_xx01zvns2b_c1_scaffolds,Z0422a,Z1495a,,,,,,,,,,,,,,,,,,,,,,,,,,,,,,,,,,,,,,,,,,,,,,,,,,,,,,,,,,,
Cc1cccc2ncc(C(=O)NC3CCCc4ccccc43)n12,Z0846b,openbind_xx01zvns2b_c1_scaffolds,Z0422a,Z1495a,,,,,,,,,,,,,,,,,,,,,,,,,,,,,,,,,,,,,,,,,,,,,,,,,,,,,,,,,,,
O=C(NCc1ccco1)c1ccc2nc(C(F)(F)F)cn2c1,Z0846b,openbind_xx01zvns2b_c1_scaffolds,Z0422a,Z1495a,,,,,,,,,,,,,,,,,,,,,,,,,,,,,,,,,,,,,,,,,,,,,,,,,,,,,,,,,,,
CC(CN)c1cc2cccnc2o1,Z0846b,openbind_xx01zvns2b_c1_scaffolds,Z0425a,Z0719a,,,,,,,,,,,,,,,,,,,,,,,,,,,,,,,,,,,,,,,,,,,,,,,,,,,,,,,,,,,
COc1cc(NC(=O)c2cn3ccccc3n2)c2ccccc2n1,Z0846b,openbind_xx01zvns2b_c1_scaffolds,Z0852a,Z1098a,,,,,,,,,,,,,,,,,,,,,,,,,,,,,,,,,,,,,,,,,,,,,,,,,,,,,,,,,,,
Cn1cnc2cc(CNC(=O)c3nnn4ccccc34)ccc21,Z0846b,openbind_xx01zvns2b_c1_scaffolds,Z0089a,Z0827a,,,,,,,,,,,,,,,,,,,,,,,,,,,,,,,,,,,,,,,,,,,,,,,,,,,,,,,,,,,
Cc1cc(Br)cc2[nH]c(-c3ccns3)nc12,Z0846b,openbind_xx01zvns2b_c1_scaffolds,Z0182a,Z0917a,Z3729a,,,,,,,,,,,,,,,,,,,,,,,,,,,,,,,,,,,,,,,,,,,,,,,,,,,,,,,,,,
FC(F)c1cc(NCc2cn3ccsc3n2)ccn1,Z0846b,openbind_xx01zvns2b_c1_scaffolds,Z0425a,Z1495a,,,,,,,,,,,,,,,,,,,,,,,,,,,,,,,,,,,,,,,,,,,,,,,,,,,,,,,,,,,
OCCCN(Cc1ccccn1)Cc1cccc2c1CCNC2,Z0846b,openbind_xx01zvns2b_c1_scaffolds,Z0425a,Z1495a,,,,,,,,,,,,,,,,,,,,,,,,,,,,,,,,,,,,,,,,,,,,,,,,,,,,,,,,,,,
C=CCNC(=O)CNC(=O)Cc1ccn[nH]1,Z0846b,openbind_xx01zvns2b_c1_scaffolds,Z0472a,Z0819a,,,,,,,,,,,,,,,,,,,,,,,,,,,,,,,,,,,,,,,,,,,,,,,,,,,,,,,,,,,
O=C(c1nccc2occc12)N1CCn2ncc(O)c2C1,Z0846b,openbind_xx01zvns2b_c1_scaffolds,Z0089a,Z3503a,Z4245a,,,,,,,,,,,,,,,,,,,,,,,,,,,,,,,,,,,,,,,,,,,,,,,,,,,,,,,,,,
CN(c1ncnc(-c2cccc3c2CNC3)n1)C1CCNC1,Z0846b,openbind_xx01zvns2b_c1_scaffolds,Z0089a,Z0969a,,,,,,,,,,,,,,,,,,,,,,,,,,,,,,,,,,,,,,,,,,,,,,,,,,,,,,,,,,,
CCCC(OCC)C(=O)Nc1ccccn1,Z0846b,openbind_xx01zvns2b_c1_scaffolds,Z0875a,Z1597a,,,,,,,,,,,,,,,,,,,,,,,,,,,,,,,,,,,,,,,,,,,,,,,,,,,,,,,,,,,
CC(Oc1ccccn1)C(=O)Nc1cnc2ccsc2c1,Z0846b,openbind_xx01zvns2b_c1_scaffolds,Z0875a,Z1597a,,,,,,,,,,,,,,,,,,,,,,,,,,,,,,,,,,,,,,,,,,,,,,,,,,,,,,,,,,,
CC(C)(C(=O)N1CCC(c2c[nH]cn2)CC1)c1c[nH]cn1,Z0846b,openbind_xx01zvns2b_c1_scaffolds,Z0875a,Z1597a,,,,,,,,,,,,,,,,,,,,,,,,,,,,,,,,,,,,,,,,,,,,,,,,,,,,,,,,,,,
CNC(=O)Cc1nc(COC(=O)C=C(C)c2cnccn2)cs1,Z0846b,openbind_xx01zvns2b_c1_scaffolds,Z1046b,Z3596a,,,,,,,,,,,,,,,,,,,,,,,,,,,,,,,,,,,,,,,,,,,,,,,,,,,,,,,,,,,
C=CCCC(C)(C)CNC1CCNCC1,Z0846b,openbind_xx01zvns2b_c1_scaffolds,Z0465a,Z1495a,,,,,,,,,,,,,,,,,,,,,,,,,,,,,,,,,,,,,,,,,,,,,,,,,,,,,,,,,,,
CC(C(=O)Nc1ccc2cn[nH]c2n1)c1cncc(F)c1,Z0846b,openbind_xx01zvns2b_c1_scaffolds,Z0875a,Z1597a,,,,,,,,,,,,,,,,,,,,,,,,,,,,,,,,,,,,,,,,,,,,,,,,,,,,,,,,,,,
C=C(CC)CC(N)CCc1cccnc1,Z0846b,openbind_xx01zvns2b_c1_scaffolds,Z0472a,Z1495a,,,,,,,,,,,,,,,,,,,,,,,,,,,,,,,,,,,,,,,,,,,,,,,,,,,,,,,,,,,
c1ccc2c(N3CCOC(c4nccs4)C3)ncnc2c1,Z0846b,openbind_xx01zvns2b_c1_scaffolds,Z0472a,Z1495a,,,,,,,,,,,,,,,,,,,,,,,,,,,,,,,,,,,,,,,,,,,,,,,,,,,,,,,,,,,
O=C(NC1CC(c2ncc[nH]2)C1)c1ccc2c(c1)CCNC2,Z0846b,openbind_xx01zvns2b_c1_scaffolds,Z0472a,Z1495a,,,,,,,,,,,,,,,,,,,,,,,,,,,,,,,,,,,,,,,,,,,,,,,,,,,,,,,,,,,
O=C(CNc1nc2ccccc2s1)N1CC(OCCO)C1,Z0846b,openbind_xx01zvns2b_c1_scaffolds,Z0819a,Z3527a,,,,,,,,,,,,,,,,,,,,,,,,,,,,,,,,,,,,,,,,,,,,,,,,,,,,,,,,,,,
N#Cc1ccc2c(c1)CN(C(=O)C(=O)NCCOC1CCNC1)C2,Z0846b,openbind_xx01zvns2b_c1_scaffolds,Z2971a,Z0827a,,,,,,,,,,,,,,,,,,,,,,,,,,,,,,,,,,,,,,,,,,,,,,,,,,,,,,,,,,,
CC(NCc1nnc2ccccn12)c1ccc2cccnc2c1,Z0846b,openbind_xx01zvns2b_c1_scaffolds,Z1716a,Z1729a,,,,,,,,,,,,,,,,,,,,,,,,,,,,,,,,,,,,,,,,,,,,,,,,,,,,,,,,,,,
CNC(=O)CC1CCCN1,Z0846b,openbind_xx01zvns2b_c1_scaffolds,Z0465a,Z1597a,,,,,,,,,,,,,,,,,,,,,,,,,,,,,,,,,,,,,,,,,,,,,,,,,,,,,,,,,,,
c1cnc2ccc(-c3ncco3)cc2c1,Z0846b,openbind_xx01zvns2b_c1_scaffolds,Z0182a,Z0852a,,,,,,,,,,,,,,,,,,,,,,,,,,,,,,,,,,,,,,,,,,,,,,,,,,,,,,,,,,,
O=C(c1ccnc2c1CNC2)N1CCCCC1c1ncccn1,Z0846b,openbind_xx01zvns2b_c1_scaffolds,Z0182a,Z0852a,,,,,,,,,,,,,,,,,,,,,,,,,,,,,,,,,,,,,,,,,,,,,,,,,,,,,,,,,,,
c1cc(C2CSCCN2)ncn1,Z0846b,openbind_xx01zvns2b_c1_scaffolds,Z0182a,Z0852a,,,,,,,,,,,,,,,,,,,,,,,,,,,,,,,,,,,,,,,,,,,,,,,,,,,,,,,,,,,
Cc1nc2ccccc2cc1C(=O)NCc1cnc2sccn12,Z0846b,openbind_xx01zvns2b_c1_scaffolds,Z0182a,Z0852a,,,,,,,,,,,,,,,,,,,,,,,,,,,,,,,,,,,,,,,,,,,,,,,,,,,,,,,,,,,
CCCN(CCC)CCSc1cnn2c1CNCC2,Z0465a,openbind_xx01zvns2b_c1_scaffolds,Z0472a,Z0969a,,,,,,,,,,,,,,,,,,,,,,,,,,,,,,,,,,,,,,,,,,,,,,,,,,,,,,,,,,,
CCCc1nc(-c2noc(-c3cccc4ncccc34)n2)co1,Z0465a,openbind_xx01zvns2b_c1_scaffolds,Z0472a,Z0969a,,,,,,,,,,,,,,,,,,,,,,,,,,,,,,,,,,,,,,,,,,,,,,,,,,,,,,,,,,,
CCN(CCNC(=O)c1ccns1)C(=O)C1(C)CCNC(=O)C1,Z0465a,openbind_xx01zvns2b_c1_scaffolds,Z0472a,Z0969a,,,,,,,,,,,,,,,,,,,,,,,,,,,,,,,,,,,,,,,,,,,,,,,,,,,,,,,,,,,
O=C(NCc1ccc2cccnc2c1)c1cc2c(s1)CNC2,Z0465a,openbind_xx01zvns2b_c1_scaffolds,Z1716a,Z3476a,Z3515a,Z3596a,,,,,,,,,,,,,,,,,,,,,,,,,,,,,,,,,,,,,,,,,,,,,,,,,,,,,,,,,
Cc1ccc2c(c1)CN(C(=O)C(N)Cc1c[nH]cn1)C2,Z0465a,openbind_xx01zvns2b_c1_scaffolds,Z0719a,Z1274a,,,,,,,,,,,,,,,,,,,,,,,,,,,,,,,,,,,,,,,,,,,,,,,,,,,,,,,,,,,
CCC(NC(=O)CCC(C)SC)c1ncc[nH]1,Z0465a,openbind_xx01zvns2b_c1_scaffolds,Z0089a,Z1719a,,,,,,,,,,,,,,,,,,,,,,,,,,,,,,,,,,,,,,,,,,,,,,,,,,,,,,,,,,,
CC(CNc1ncnc2ccccc12)C(C)(C)C,Z0465a,openbind_xx01zvns2b_c1_scaffolds,Z0089a,Z1719a,,,,,,,,,,,,,,,,,,,,,,,,,,,,,,,,,,,,,,,,,,,,,,,,,,,,,,,,,,,
CCOC1CN(C(=O)C(C)(C)c2ccns2)CCC1=O,Z0465a,openbind_xx01zvns2b_c1_scaffolds,Z0089a,Z1719a,,,,,,,,,,,,,,,,,,,,,,,,,,,,,,,,,,,,,,,,,,,,,,,,,,,,,,,,,,,
Cc1cc2n(n1)CCN(C(=O)c1cccn3nncc13)C2,Z0465a,openbind_xx01zvns2b_c1_scaffolds,Z0089a,Z1719a,,,,,,,,,,,,,,,,,,,,,,,,,,,,,,,,,,,,,,,,,,,,,,,,,,,,,,,,,,,
c1ccc(-c2nc(NCc3ccco3)c3ccccc3n2)nc1,Z0465a,openbind_xx01zvns2b_c1_scaffolds,Z0852a,Z1719a,,,,,,,,,,,,,,,,,,,,,,,,,,,,,,,,,,,,,,,,,,,,,,,,,,,,,,,,,,,
CCOCCCNC(=O)NC(C)C(=O)N1Cc2ccccc2C1,Z0465a,openbind_xx01zvns2b_c1_scaffolds,Z0465a,Z0673a,Z0673b,Z0788b,Z0990a,Z1495a,Z1719a,,,,,,,,,,,,,,,,,,,,,,,,,,,,,,,,,,,,,,,,,,,,,,,,,,,,,,
CN(C(=O)c1ccc2ccccc2n1)c1nc2cccc(Cl)c2s1,Z0465a,openbind_xx01zvns2b_c1_scaffolds,Z0465a,Z0673a,Z0673b,Z0788b,Z0990a,Z1495a,Z1719a,,,,,,,,,,,,,,,,,,,,,,,,,,,,,,,,,,,,,,,,,,,,,,,,,,,,,,
O=C(NCC(NC1CCCNC1=O)c1ccccc1)c1cc[nH]n1,Z0465a,openbind_xx01zvns2b_c1_scaffolds,Z0673a,Z1098a,Z1342a,,,,,,,,,,,,,,,,,,,,,,,,,,,,,,,,,,,,,,,,,,,,,,,,,,,,,,,,,,
CCN(CCNC(=O)c1cc[nH]n1)C(=O)C1CCNC(=O)C1,Z0465a,openbind_xx01zvns2b_c1_scaffolds,Z0719a,Z0917a,,,,,,,,,,,,,,,,,,,,,,,,,,,,,,,,,,,,,,,,,,,,,,,,,,,,,,,,,,,
CC(C)(C(N)=O)N1CCN(C(=O)Cc2csc3nccn23)CC1,Z0465a,openbind_xx01zvns2b_c1_scaffolds,Z0673a,Z0852a,Z1342a,,,,,,,,,,,,,,,,,,,,,,,,,,,,,,,,,,,,,,,,,,,,,,,,,,,,,,,,,,
CCC(CNC(=O)c1nccs1)NC(=O)Cn1cccn1,Z0465a,openbind_xx01zvns2b_c1_scaffolds,Z0819a,Z0884a,,,,,,,,,,,,,,,,,,,,,,,,,,,,,,,,,,,,,,,,,,,,,,,,,,,,,,,,,,,
C1CCC(c2onc3c2CSCC3)NC1,Z0465a,openbind_xx01zvns2b_c1_scaffolds,Z0089a,Z0951a,,,,,,,,,,,,,,,,,,,,,,,,,,,,,,,,,,,,,,,,,,,,,,,,,,,,,,,,,,,
CCC(C)(C)CNC(=O)NC(C)C(=O)N1Cc2ccccc2C1,Z0465a,openbind_xx01zvns2b_c1_scaffolds,Z0089a,Z0951a,,,,,,,,,,,,,,,,,,,,,,,,,,,,,,,,,,,,,,,,,,,,,,,,,,,,,,,,,,,
c1ncc(N2CCNCC2)s1,Z0465a,openbind_xx01zvns2b_c1_scaffolds,Z0089a,Z0951a,,,,,,,,,,,,,,,,,,,,,,,,,,,,,,,,,,,,,,,,,,,,,,,,,,,,,,,,,,,
c1csc(-c2cnco2)n1,Z0465a,openbind_xx01zvns2b_c1_scaffolds,Z0227a,Z0788b,Z0788a,Z1274a,,,,,,,,,,,,,,,,,,,,,,,,,,,,,,,,,,,,,,,,,,,,,,,,,,,,,,,,,
CCC(CCl)Nc1ccnc2ccsc12,Z0465a,openbind_xx01zvns2b_c1_scaffolds,Z0227a,Z0788b,Z0788a,Z1274a,,,,,,,,,,,,,,,,,,,,,,,,,,,,,,,,,,,,,,,,,,,,,,,,,,,,,,,,,
c1csc(-c2cnsc2)n1,Z0465a,openbind_xx01zvns2b_c1_scaffolds,Z0227a,Z0788b,Z0788a,Z1274a,,,,,,,,,,,,,,,,,,,,,,,,,,,,,,,,,,,,,,,,,,,,,,,,,,,,,,,,,
Brc1ccc2nc(-c3ccsn3)[nH]c2c1,Z0465a,openbind_xx01zvns2b_c1_scaffolds,Z0227a,Z0788b,Z0788a,Z1274a,,,,,,,,,,,,,,,,,,,,,,,,,,,,,,,,,,,,,,,,,,,,,,,,,,,,,,,,,
COC1CC(N(C)C(=O)Cc2cnn3ccccc23)C12CCC2,Z0465a,openbind_xx01zvns2b_c1_scaffolds,Z0227a,Z0788b,Z0788a,Z1274a,,,,,,,,,,,,,,,,,,,,,,,,,,,,,,,,,,,,,,,,,,,,,,,,,,,,,,,,,
O=C(Nc1cccc2ncccc12)c1cc2c(s1)CCC2,Z0465a,openbind_xx01zvns2b_c1_scaffolds,Z0875a,Z0969a,,,,,,,,,,,,,,,,,,,,,,,,,,,,,,,,,,,,,,,,,,,,,,,,,,,,,,,,,,,
C=C(Br)CNc1ccnc2ccsc12,Z0465a,openbind_xx01zvns2b_c1_scaffolds,Z0089a,Z3515a,,,,,,,,,,,,,,,,,,,,,,,,,,,,,,,,,,,,,,,,,,,,,,,,,,,,,,,,,,,
Cc1cc(C(=O)N(C)CCNC(=O)CCCc2cccnc2)cs1,Z0465a,openbind_xx01zvns2b_c1_scaffolds,Z0089a,Z3515a,,,,,,,,,,,,,,,,,,,,,,,,,,,,,,,,,,,,,,,,,,,,,,,,,,,,,,,,,,,
O=C(Nc1cccc(C2CC2)n1)c1cccc2cc[nH]c12,Z0465a,openbind_xx01zvns2b_c1_scaffolds,Z0089a,Z3515a,,,,,,,,,,,,,,,,,,,,,,,,,,,,,,,,,,,,,,,,,,,,,,,,,,,,,,,,,,,
CCCN(CCNC(=O)c1cc[nH]n1)C(=O)c1c[nH]c(C)n1,Z0465a,openbind_xx01zvns2b_c1_scaffolds,Z0089a,Z3515a,,,,,,,,,,,,,,,,,,,,,,,,,,,,,,,,,,,,,,,,,,,,,,,,,,,,,,,,,,,
O=C1CC(N2CCNCC2)CCN1c1cccs1,Z0465a,openbind_xx01zvns2b_c1_scaffolds,Z0089a,Z3515a,,,,,,,,,,,,,,,,,,,,,,,,,,,,,,,,,,,,,,,,,,,,,,,,,,,,,,,,,,,
CC(C)(C)CNc1ccnc2ccsc12,Z0465a,openbind_xx01zvns2b_c1_scaffolds,Z0089a,Z3515a,,,,,,,,,,,,,,,,,,,,,,,,,,,,,,,,,,,,,,,,,,,,,,,,,,,,,,,,,,,
CC(C)(CCl)Nc1ccnc2ccsc12,Z0465a,openbind_xx01zvns2b_c1_scaffolds,Z0089a,Z3515a,,,,,,,,,,,,,,,,,,,,,,,,,,,,,,,,,,,,,,,,,,,,,,,,,,,,,,,,,,,
O=C(NC1CCOC(c2ccccn2)C1)c1cccc2cc[nH]c12,Z0465a,openbind_xx01zvns2b_c1_scaffolds,Z0089a,Z3515a,,,,,,,,,,,,,,,,,,,,,,,,,,,,,,,,,,,,,,,,,,,,,,,,,,,,,,,,,,,
CC(C)C(C)Nc1ccnc2ccsc12,Z0465a,openbind_xx01zvns2b_c1_scaffolds,Z0089a,Z3515a,,,,,,,,,,,,,,,,,,,,,,,,,,,,,,,,,,,,,,,,,,,,,,,,,,,,,,,,,,,
CC(c1ccccc1)N(CC(N)=O)C(=O)C(F)(F)c1nccs1,Z0465a,openbind_xx01zvns2b_c1_scaffolds,Z0089a,Z3515a,,,,,,,,,,,,,,,,,,,,,,,,,,,,,,,,,,,,,,,,,,,,,,,,,,,,,,,,,,,
CC(C)CNc1ccnc2ccsc12,Z0465a,openbind_xx01zvns2b_c1_scaffolds,Z0089a,Z3515a,,,,,,,,,,,,,,,,,,,,,,,,,,,,,,,,,,,,,,,,,,,,,,,,,,,,,,,,,,,
c1coc(CN(Cc2ccc3c(c2)CNC3)Cc2ccco2)c1,Z0465a,openbind_xx01zvns2b_c1_scaffolds,Z0089a,Z3515a,,,,,,,,,,,,,,,,,,,,,,,,,,,,,,,,,,,,,,,,,,,,,,,,,,,,,,,,,,,
c1cnn(C2CCCNC2)n1,Z0465a,openbind_xx01zvns2b_c1_scaffolds,Z0089a,Z3515a,,,,,,,,,,,,,,,,,,,,,,,,,,,,,,,,,,,,,,,,,,,,,,,,,,,,,,,,,,,
CC(O)C(=O)NC1C2CN(C(=O)c3nnn4ccccc34)CC21,Z0465a,openbind_xx01zvns2b_c1_scaffolds,Z0089a,Z3515a,,,,,,,,,,,,,,,,,,,,,,,,,,,,,,,,,,,,,,,,,,,,,,,,,,,,,,,,,,,
c1cc2c(c(C3CCCNC3)c1)CCS2,Z0465a,openbind_xx01zvns2b_c1_scaffolds,Z0089a,Z3515a,,,,,,,,,,,,,,,,,,,,,,,,,,,,,,,,,,,,,,,,,,,,,,,,,,,,,,,,,,,
CN(Cc1cncn1C)C(=O)c1nc2ccccc2o1,Z0465a,openbind_xx01zvns2b_c1_scaffolds,Z0089a,Z3515a,,,,,,,,,,,,,,,,,,,,,,,,,,,,,,,,,,,,,,,,,,,,,,,,,,,,,,,,,,,
CN(Cc1ccc2cc[nH]c2c1)C(=O)c1nc(Cl)cs1,Z0465a,openbind_xx01zvns2b_c1_scaffolds,Z0089a,Z3515a,,,,,,,,,,,,,,,,,,,,,,,,,,,,,,,,,,,,,,,,,,,,,,,,,,,,,,,,,,,
C[S+]([O-])CCNc1ccnc2ccsc12,Z0465a,openbind_xx01zvns2b_c1_scaffolds,Z0089a,Z3515a,,,,,,,,,,,,,,,,,,,,,,,,,,,,,,,,,,,,,,,,,,,,,,,,,,,,,,,,,,,
c1ncc(N2CCCCC2)cn1,Z0465a,openbind_xx01zvns2b_c1_scaffolds,Z0089a,Z3515a,,,,,,,,,,,,,,,,,,,,,,,,,,,,,,,,,,,,,,,,,,,,,,,,,,,,,,,,,,,
CC#CCNc1ccnc2ccsc12,Z0465a,openbind_xx01zvns2b_c1_scaffolds,Z0089a,Z3515a,,,,,,,,,,,,,,,,,,,,,,,,,,,,,,,,,,,,,,,,,,,,,,,,,,,,,,,,,,,
Nc1cccc2c1CN(CC1CCOC1)C2,Z0465a,openbind_xx01zvns2b_c1_scaffolds,Z0089a,Z3515a,,,,,,,,,,,,,,,,,,,,,,,,,,,,,,,,,,,,,,,,,,,,,,,,,,,,,,,,,,,
Cc1cn2cc(C(=O)N(C)C3CCCCNC3)ccc2n1,Z0465a,openbind_xx01zvns2b_c1_scaffolds,Z0089a,Z3515a,,,,,,,,,,,,,,,,,,,,,,,,,,,,,,,,,,,,,,,,,,,,,,,,,,,,,,,,,,,
CCCCCNc1ccnc2ccsc12,Z0465a,openbind_xx01zvns2b_c1_scaffolds,Z0089a,Z3515a,,,,,,,,,,,,,,,,,,,,,,,,,,,,,,,,,,,,,,,,,,,,,,,,,,,,,,,,,,,
O=C(NCCc1c[nH]cn1)c1cc(-c2ccccc2)nc2ccccc12,Z0465a,openbind_xx01zvns2b_c1_scaffolds,Z0089a,Z3515a,,,,,,,,,,,,,,,,,,,,,,,,,,,,,,,,,,,,,,,,,,,,,,,,,,,,,,,,,,,
O=C(Nc1cccc2ncccc12)c1ccoc1,Z0465a,openbind_xx01zvns2b_c1_scaffolds,Z0089a,Z3515a,,,,,,,,,,,,,,,,,,,,,,,,,,,,,,,,,,,,,,,,,,,,,,,,,,,,,,,,,,,
O=C(Cc1nc(-c2ccccc2)cs1)NCc1ncccn1,Z0465a,openbind_xx01zvns2b_c1_scaffolds,Z0089a,Z3515a,,,,,,,,,,,,,,,,,,,,,,,,,,,,,,,,,,,,,,,,,,,,,,,,,,,,,,,,,,,
C#CCNc1ccnc2ccsc12,Z0465a,openbind_xx01zvns2b_c1_scaffolds,Z0089a,Z3515a,,,,,,,,,,,,,,,,,,,,,,,,,,,,,,,,,,,,,,,,,,,,,,,,,,,,,,,,,,,
Cc1nc(CC(=O)N(C)CCN(C(=O)c2cc[nH]n2)C(C)C)cs1,Z0465a,openbind_xx01zvns2b_c1_scaffolds,Z0089a,Z3515a,,,,,,,,,,,,,,,,,,,,,,,,,,,,,,,,,,,,,,,,,,,,,,,,,,,,,,,,,,,
C1CNCC(c2nc3n(n2)CCSC3)C1,Z0465a,openbind_xx01zvns2b_c1_scaffolds,Z0089a,Z3515a,,,,,,,,,,,,,,,,,,,,,,,,,,,,,,,,,,,,,,,,,,,,,,,,,,,,,,,,,,,
CC1c2ccccc2CN1C(=O)c1ccc2n[nH]c(=O)n2c1,Z0465a,openbind_xx01zvns2b_c1_scaffolds,Z0089a,Z3515a,,,,,,,,,,,,,,,,,,,,,,,,,,,,,,,,,,,,,,,,,,,,,,,,,,,,,,,,,,,
C=CCC(C)Nc1ccnc2ccsc12,Z0465a,openbind_xx01zvns2b_c1_scaffolds,Z0089a,Z3515a,,,,,,,,,,,,,,,,,,,,,,,,,,,,,,,,,,,,,,,,,,,,,,,,,,,,,,,,,,,
CC(Nc1ccnc2ccsc12)C(F)F,Z0465a,openbind_xx01zvns2b_c1_scaffolds,Z0089a,Z3515a,,,,,,,,,,,,,,,,,,,,,,,,,,,,,,,,,,,,,,,,,,,,,,,,,,,,,,,,,,,
O=C(O)c1ccc2c(c1)CN(C(=O)c1csc3cccnc13)C2,Z0465a,openbind_xx01zvns2b_c1_scaffolds,Z0089a,Z3515a,,,,,,,,,,,,,,,,,,,,,,,,,,,,,,,,,,,,,,,,,,,,,,,,,,,,,,,,,,,
CCN1CCC(N(C)S(=O)(=O)c2ccc3ncsc3c2)CC1,Z0465a,openbind_xx01zvns2b_c1_scaffolds,Z0089a,Z3515a,,,,,,,,,,,,,,,,,,,,,,,,,,,,,,,,,,,,,,,,,,,,,,,,,,,,,,,,,,,
NS(=O)(=O)c1csc(C=Cc2cccc3nccn23)n1,Z0465a,openbind_xx01zvns2b_c1_scaffolds,Z0089a,Z3515a,,,,,,,,,,,,,,,,,,,,,,,,,,,,,,,,,,,,,,,,,,,,,,,,,,,,,,,,,,,
C1=C(c2ccncc2)C2(CC2)NC1,Z0465a,openbind_xx01zvns2b_c1_scaffolds,Z0089a,Z3515a,,,,,,,,,,,,,,,,,,,,,,,,,,,,,,,,,,,,,,,,,,,,,,,,,,,,,,,,,,,
O=C(Nc1cc2[nH]cnc2cc1F)c1cccc2cnsc12,Z0465a,openbind_xx01zvns2b_c1_scaffolds,Z0089a,Z3515a,,,,,,,,,,,,,,,,,,,,,,,,,,,,,,,,,,,,,,,,,,,,,,,,,,,,,,,,,,,
Cc1nc2c(C(=O)NCC(O)c3c[nH]cn3)cccc2[nH]1,Z0465a,openbind_xx01zvns2b_c1_scaffolds,Z0089a,Z3515a,,,,,,,,,,,,,,,,,,,,,,,,,,,,,,,,,,,,,,,,,,,,,,,,,,,,,,,,,,,
CN(Cc1cnn2c1CNCC2)C(=O)C(CN)Cc1ccccc1,Z0465a,openbind_xx01zvns2b_c1_scaffolds,Z0089a,Z3515a,,,,,,,,,,,,,,,,,,,,,,,,,,,,,,,,,,,,,,,,,,,,,,,,,,,,,,,,,,,
O=C(COCc1nc2ccccc2s1)N1CCN(c2nccs2)CC1,Z0465a,openbind_xx01zvns2b_c1_scaffolds,Z0089a,Z3515a,,,,,,,,,,,,,,,,,,,,,,,,,,,,,,,,,,,,,,,,,,,,,,,,,,,,,,,,,,,
CC(=O)NCc1ccc(C(=O)OC2CCCC(=O)NC2)s1,Z0465a,openbind_xx01zvns2b_c1_scaffolds,Z0089a,Z3515a,,,,,,,,,,,,,,,,,,,,,,,,,,,,,,,,,,,,,,,,,,,,,,,,,,,,,,,,,,,
CNC(=O)CN1CCNCCC12CC2,Z0465a,openbind_xx01zvns2b_c1_scaffolds,Z0089a,Z3515a,,,,,,,,,,,,,,,,,,,,,,,,,,,,,,,,,,,,,,,,,,,,,,,,,,,,,,,,,,,
COC(C)C(=O)N1CCC(CNCc2ccc3ncccc3c2)CC1,Z0465a,openbind_xx01zvns2b_c1_scaffolds,Z0472a,Z3729a,,,,,,,,,,,,,,,,,,,,,,,,,,,,,,,,,,,,,,,,,,,,,,,,,,,,,,,,,,,
CC1NC(=O)CCC1CNC(=O)Cc1ncc[nH]1,Z0465a,openbind_xx01zvns2b_c1_scaffolds,Z0472a,Z3880a,,,,,,,,,,,,,,,,,,,,,,,,,,,,,,,,,,,,,,,,,,,,,,,,,,,,,,,,,,,
CC(C)(C)c1nc[nH]c1COC(=O)c1cc2ccsc2[nH]1,Z0465a,openbind_xx01zvns2b_c1_scaffolds,Z0472a,Z3880a,,,,,,,,,,,,,,,,,,,,,,,,,,,,,,,,,,,,,,,,,,,,,,,,,,,,,,,,,,,
C=CCCC(CC)NCc1nc2ccccc2[nH]1,Z0465a,openbind_xx01zvns2b_c1_scaffolds,Z0472a,Z3880a,,,,,,,,,,,,,,,,,,,,,,,,,,,,,,,,,,,,,,,,,,,,,,,,,,,,,,,,,,,
c1cc2c(cc1C1CCNCC1)CCNC2,Z0465a,openbind_xx01zvns2b_c1_scaffolds,Z0472a,Z3880a,,,,,,,,,,,,,,,,,,,,,,,,,,,,,,,,,,,,,,,,,,,,,,,,,,,,,,,,,,,
Cc1ccc2c(c1)CN(C(=O)c1nccn3nccc13)C2,Z0465a,openbind_xx01zvns2b_c1_scaffolds,Z0472a,Z3880a,,,,,,,,,,,,,,,,,,,,,,,,,,,,,,,,,,,,,,,,,,,,,,,,,,,,,,,,,,,
COc1nc2ccccc2cc1CS(=O)(=O)c1ncc[nH]1,Z0465a,openbind_xx01zvns2b_c1_scaffolds,Z0472a,Z3880a,,,,,,,,,,,,,,,,,,,,,,,,,,,,,,,,,,,,,,,,,,,,,,,,,,,,,,,,,,,
FC(F)(F)CNCCc1nc2ccccc2[nH]1,Z0465a,openbind_xx01zvns2b_c1_scaffolds,Z0472a,Z3880a,,,,,,,,,,,,,,,,,,,,,,,,,,,,,,,,,,,,,,,,,,,,,,,,,,,,,,,,,,,
COc1ccc2ncccc2c1NC(=O)c1cc2ncccc2o1,Z0465a,openbind_xx01zvns2b_c1_scaffolds,Z0472a,Z3880a,,,,,,,,,,,,,,,,,,,,,,,,,,,,,,,,,,,,,,,,,,,,,,,,,,,,,,,,,,,
N#CCc1ccnc(N2CCC(n3ncc4c3CNC4)CC2)n1,Z0465a,openbind_xx01zvns2b_c1_scaffolds,Z0472a,Z3880a,,,,,,,,,,,,,,,,,,,,,,,,,,,,,,,,,,,,,,,,,,,,,,,,,,,,,,,,,,,
O=C(Nc1ccc2nscc2c1)N1CCn2ncc(Cl)c2C1,Z0465a,openbind_xx01zvns2b_c1_scaffolds,Z0472a,Z3880a,,,,,,,,,,,,,,,,,,,,,,,,,,,,,,,,,,,,,,,,,,,,,,,,,,,,,,,,,,,
Cn1c(=O)[nH]c2ccc(NC(=O)CC3CCCCN3)cc21,Z0465a,openbind_xx01zvns2b_c1_scaffolds,Z0709a,Z1729a,,,,,,,,,,,,,,,,,,,,,,,,,,,,,,,,,,,,,,,,,,,,,,,,,,,,,,,,,,,
CC(CNC(=O)CCc1c[nH]cn1)NC(=O)c1nc(Cl)cs1,Z0465a,openbind_xx01zvns2b_c1_scaffolds,Z0709a,Z1729a,,,,,,,,,,,,,,,,,,,,,,,,,,,,,,,,,,,,,,,,,,,,,,,,,,,,,,,,,,,
c1cc2nc(N3CCCCC3)ncc2s1,Z0465a,openbind_xx01zvns2b_c1_scaffolds,Z0709a,Z1729a,,,,,,,,,,,,,,,,,,,,,,,,,,,,,,,,,,,,,,,,,,,,,,,,,,,,,,,,,,,
O=C(Nc1nc2ccccc2n1-c1ccccc1)c1cc[nH]n1,Z0465a,openbind_xx01zvns2b_c1_scaffolds,Z0089a,Z0719a,,,,,,,,,,,,,,,,,,,,,,,,,,,,,,,,,,,,,,,,,,,,,,,,,,,,,,,,,,,
C1CCc2nc(N3CCNCC3)sc2CC1,Z0465a,openbind_xx01zvns2b_c1_scaffolds,Z0772a,Z0852a,,,,,,,,,,,,,,,,,,,,,,,,,,,,,,,,,,,,,,,,,,,,,,,,,,,,,,,,,,,
c1cncc(-c2ccnc3nc(-c4cc5ccccc5[nH]4)nn23)c1,Z0465a,openbind_xx01zvns2b_c1_scaffolds,Z0772a,Z0852a,,,,,,,,,,,,,,,,,,,,,,,,,,,,,,,,,,,,,,,,,,,,,,,,,,,,,,,,,,,
CN1CCNC(CC(=O)c2ccc3ncoc3c2)C1,Z0465a,openbind_xx01zvns2b_c1_scaffolds,Z0772a,Z0852a,,,,,,,,,,,,,,,,,,,,,,,,,,,,,,,,,,,,,,,,,,,,,,,,,,,,,,,,,,,
O=C(CCc1cncs1)N1CCC(c2ccn[nH]2)C1,Z0465a,openbind_xx01zvns2b_c1_scaffolds,Z0772a,Z0852a,,,,,,,,,,,,,,,,,,,,,,,,,,,,,,,,,,,,,,,,,,,,,,,,,,,,,,,,,,,
CC(C)(C(=O)NCC(F)(F)F)c1c[nH]cn1,Z0465a,openbind_xx01zvns2b_c1_scaffolds,Z0772a,Z0852a,,,,,,,,,,,,,,,,,,,,,,,,,,,,,,,,,,,,,,,,,,,,,,,,,,,,,,,,,,,
COc1ccc2c(C(=O)NC(C)c3ncc[nH]3)ccnc2c1,Z0465a,openbind_xx01zvns2b_c1_scaffolds,Z0772a,Z0852a,,,,,,,,,,,,,,,,,,,,,,,,,,,,,,,,,,,,,,,,,,,,,,,,,,,,,,,,,,,
O=C1CCCC(CNC(=O)c2ccc3c(c2)CCCNC3)N1,Z0465a,openbind_xx01zvns2b_c1_scaffolds,Z0772a,Z0852a,,,,,,,,,,,,,,,,,,,,,,,,,,,,,,,,,,,,,,,,,,,,,,,,,,,,,,,,,,,
O=C(Nc1cccc(C2CC2)n1)c1ccc2ncccc2c1,Z0465a,openbind_xx01zvns2b_c1_scaffolds,Z0559a,Z0969a,,,,,,,,,,,,,,,,,,,,,,,,,,,,,,,,,,,,,,,,,,,,,,,,,,,,,,,,,,,
CCCn1ccnc1CNCCc1cccc2cc[nH]c12,Z0465a,openbind_xx01zvns2b_c1_scaffolds,Z1674a,Z1729a,,,,,,,,,,,,,,,,,,,,,,,,,,,,,,,,,,,,,,,,,,,,,,,,,,,,,,,,,,,
Cc1cnn2c1CN(C(=O)NC(C)c1cccnc1)CC2,Z0465a,openbind_xx01zvns2b_c1_scaffolds,Z0673a,Z1274a,,,,,,,,,,,,,,,,,,,,,,,,,,,,,,,,,,,,,,,,,,,,,,,,,,,,,,,,,,,
C#CC(C)(C)Nc1ncnc2ccccc12,Z0465a,openbind_xx01zvns2b_c1_scaffolds,Z0465a,Z0673b,Z0990a,Z1495a,Z1719a,,,,,,,,,,,,,,,,,,,,,,,,,,,,,,,,,,,,,,,,,,,,,,,,,,,,,,,,
CNC(=O)Cc1nc(COC(=O)C2CCCc3sccc32)cs1,Z0465a,openbind_xx01zvns2b_c1_scaffolds,Z0819a,Z1716a,,,,,,,,,,,,,,,,,,,,,,,,,,,,,,,,,,,,,,,,,,,,,,,,,,,,,,,,,,,
CCC(NC(=O)Nc1cc(C2CC2)ccn1)c1ncccn1,Z0465a,openbind_xx01zvns2b_c1_scaffolds,Z0917a,Z3476a,,,,,,,,,,,,,,,,,,,,,,,,,,,,,,,,,,,,,,,,,,,,,,,,,,,,,,,,,,,
O=C1CCC2(CCN(c3nnc4ccccn34)CC2)CN1CCc1cccnc1,Z0465a,openbind_xx01zvns2b_c1_scaffolds,Z1046b,Z4008a,,,,,,,,,,,,,,,,,,,,,,,,,,,,,,,,,,,,,,,,,,,,,,,,,,,,,,,,,,,
CC(C)(CO)NC(=O)C1CC(n2cc(-c3ccccn3)nn2)C1,Z0465a,openbind_xx01zvns2b_c1_scaffolds,Z0917a,Z1729a,,,,,,,,,,,,,,,,,,,,,,,,,,,,,,,,,,,,,,,,,,,,,,,,,,,,,,,,,,,
c1nc(C2CCCNC2)n2c1CCCC2,Z0465a,openbind_xx01zvns2b_c1_scaffolds,Z0917a,Z1729a,,,,,,,,,,,,,,,,,,,,,,,,,,,,,,,,,,,,,,,,,,,,,,,,,,,,,,,,,,,
CC(NC(=O)c1cnc(C2CCOCC2)s1)c1ncc[nH]1,Z0465a,openbind_xx01zvns2b_c1_scaffolds,Z0917a,Z1729a,,,,,,,,,,,,,,,,,,,,,,,,,,,,,,,,,,,,,,,,,,,,,,,,,,,,,,,,,,,
CCCC(C)(CC)C(=O)NCC(O)CNC(=O)c1cccnc1,Z0465a,openbind_xx01zvns2b_c1_scaffolds,Z0945a,Z1495a,,,,,,,,,,,,,,,,,,,,,,,,,,,,,,,,,,,,,,,,,,,,,,,,,,,,,,,,,,,
CC(CNC(=O)c1cn2ccccc2n1)NC(=O)c1cnc[nH]1,Z0465a,openbind_xx01zvns2b_c1_scaffolds,Z0875a,Z1274a,,,,,,,,,,,,,,,,,,,,,,,,,,,,,,,,,,,,,,,,,,,,,,,,,,,,,,,,,,,
N#Cc1ccc2c(c1)CN(C(=O)NCC1CCNCC1)C2,Z0465a,openbind_xx01zvns2b_c1_scaffolds,Z0852a,Z1719a,,,,,,,,,,,,,,,,,,,,,,,,,,,,,,,,,,,,,,,,,,,,,,,,,,,,,,,,,,,
NCC1CCC(CC(=O)NCc2ccc3[nH]cnc3c2)CC1,Z0465a,openbind_xx01zvns2b_c1_scaffolds,Z0917a,Z0969a,,,,,,,,,,,,,,,,,,,,,,,,,,,,,,,,,,,,,,,,,,,,,,,,,,,,,,,,,,,
O=C(c1nccn2nccc12)N1Cc2ccc(Cl)cc2C1,Z0465a,openbind_xx01zvns2b_c1_scaffolds,Z0917a,Z0969a,,,,,,,,,,,,,,,,,,,,,,,,,,,,,,,,,,,,,,,,,,,,,,,,,,,,,,,,,,,
CC(C)(CNS(=O)(=O)c1ccc2scnc2c1)C1CCCN1,Z0465a,openbind_xx01zvns2b_c1_scaffolds,Z0917a,Z4008a,,,,,,,,,,,,,,,,,,,,,,,,,,,,,,,,,,,,,,,,,,,,,,,,,,,,,,,,,,,
O=C(c1nccc2c1CNCC2)N1CCCC1c1ncc[nH]1,Z0465a,openbind_xx01zvns2b_c1_scaffolds,Z0472a,Z0819a,,,,,,,,,,,,,,,,,,,,,,,,,,,,,,,,,,,,,,,,,,,,,,,,,,,,,,,,,,,
c1ccc(-n2ccc3ccccc32)nc1,Z0465a,openbind_xx01zvns2b_c1_scaffolds,Z0788a,Z1495a,,,,,,,,,,,,,,,,,,,,,,,,,,,,,,,,,,,,,,,,,,,,,,,,,,,,,,,,,,,
CC(CNC(=O)c1ccc(OCC(N)=O)cc1)NCc1cscn1,Z0465a,openbind_xx01zvns2b_c1_scaffolds,Z0465a,Z0917a,Z0990a,,,,,,,,,,,,,,,,,,,,,,,,,,,,,,,,,,,,,,,,,,,,,,,,,,,,,,,,,,
CC(F)CC(=O)N1CCC(C(C)NC(=O)Cc2ccn[nH]2)CC1,Z0465a,openbind_xx01zvns2b_c1_scaffolds,Z0465a,Z0917a,Z0990a,,,,,,,,,,,,,,,,,,,,,,,,,,,,,,,,,,,,,,,,,,,,,,,,,,,,,,,,,,
O=C(CCc1cncnc1)N1CCN(c2nc3ccccc3o2)CC1,Z0465a,openbind_xx01zvns2b_c1_scaffolds,Z0884a,Z3527a,,,,,,,,,,,,,,,,,,,,,,,,,,,,,,,,,,,,,,,,,,,,,,,,,,,,,,,,,,,
O=C(Nc1ccc2ncc(Cl)n2c1)c1ccc2cccnn12,Z0465a,openbind_xx01zvns2b_c1_scaffolds,Z2971a,Z3515a,,,,,,,,,,,,,,,,,,,,,,,,,,,,,,,,,,,,,,,,,,,,,,,,,,,,,,,,,,,
Cc1cccn2c(NC(=O)c3cccc4cc[nH]c34)cnc12,Z0465a,openbind_xx01zvns2b_c1_scaffolds,Z0472a,Z0719a,,,,,,,,,,,,,,,,,,,,,,,,,,,,,,,,,,,,,,,,,,,,,,,,,,,,,,,,,,,
CCCNC(c1ncc[nH]1)C(F)(F)F,Z0465a,openbind_xx01zvns2b_c1_scaffolds,Z0472a,Z0719a,,,,,,,,,,,,,,,,,,,,,,,,,,,,,,,,,,,,,,,,,,,,,,,,,,,,,,,,,,,
CC(CF)C(=O)N(C)CC1CCCCN1C(=O)Cc1ccn[nH]1,Z0465a,openbind_xx01zvns2b_c1_scaffolds,Z0673a,Z4245a,,,,,,,,,,,,,,,,,,,,,,,,,,,,,,,,,,,,,,,,,,,,,,,,,,,,,,,,,,,
c1cn(-c2ccnc3c2CCCC3)cn1,Z0465a,openbind_xx01zvns2b_c1_scaffolds,Z1046b,Z1719a,,,,,,,,,,,,,,,,,,,,,,,,,,,,,,,,,,,,,,,,,,,,,,,,,,,,,,,,,,,
O=C(Nc1ccc2cn[nH]c2n1)c1ccnn1C1CCCCC1,Z0465a,openbind_xx01zvns2b_c1_scaffolds,Z0709a,Z1098a,,,,,,,,,,,,,,,,,,,,,,,,,,,,,,,,,,,,,,,,,,,,,,,,,,,,,,,,,,,
CCCC(=O)NCC(C)(CO)NC(=O)c1ccn2ccnc2c1,Z0465a,openbind_xx01zvns2b_c1_scaffolds,Z0709a,Z0827a,,,,,,,,,,,,,,,,,,,,,,,,,,,,,,,,,,,,,,,,,,,,,,,,,,,,,,,,,,,
O=C(O)c1cnn2c1CN(C(=O)c1ccn3nccc3c1)CC2,Z0465a,openbind_xx01zvns2b_c1_scaffolds,Z0422a,Z0827a,,,,,,,,,,,,,,,,,,,,,,,,,,,,,,,,,,,,,,,,,,,,,,,,,,,,,,,,,,,
CC(Br)CN(C)C(=O)c1cccc2cccnc12,Z0465a,openbind_xx01zvns2b_c1_scaffolds,Z0422a,Z0827a,,,,,,,,,,,,,,,,,,,,,,,,,,,,,,,,,,,,,,,,,,,,,,,,,,,,,,,,,,,
O=C(Nc1snc2ccccc12)N1Cc2ccc(O)cc2C1,Z0465a,openbind_xx01zvns2b_c1_scaffolds,Z0846a,Z1046b,,,,,,,,,,,,,,,,,,,,,,,,,,,,,,,,,,,,,,,,,,,,,,,,,,,,,,,,,,,
Cc1nc2cc(OCC(=O)NCCC(C)C)ccc2n1C,Z0465a,openbind_xx01zvns2b_c1_scaffolds,Z0846a,Z1046b,,,,,,,,,,,,,,,,,,,,,,,,,,,,,,,,,,,,,,,,,,,,,,,,,,,,,,,,,,,
C=CCS(=O)(=O)Nc1nc2ccccc2[nH]1,Z0465a,openbind_xx01zvns2b_c1_scaffolds,Z0846a,Z1046b,,,,,,,,,,,,,,,,,,,,,,,,,,,,,,,,,,,,,,,,,,,,,,,,,,,,,,,,,,,
O=C(c1sccc1-n1cccc1)N1Cc2ccccc2C1,Z0465a,openbind_xx01zvns2b_c1_scaffolds,Z0719a,Z0727a,,,,,,,,,,,,,,,,,,,,,,,,,,,,,,,,,,,,,,,,,,,,,,,,,,,,,,,,,,,
CCC(C)NC(=O)CSc1ncnc2ccccc12,Z0465a,openbind_xx01zvns2b_c1_scaffolds,Z0719a,Z0727a,,,,,,,,,,,,,,,,,,,,,,,,,,,,,,,,,,,,,,,,,,,,,,,,,,,,,,,,,,,
C#CC(NC(=O)c1cccc2ccncc12)C(C)C,Z0465a,openbind_xx01zvns2b_c1_scaffolds,Z0719a,Z0727a,,,,,,,,,,,,,,,,,,,,,,,,,,,,,,,,,,,,,,,,,,,,,,,,,,,,,,,,,,,
CC(=O)N1CCN(C(=O)c2ccc3[nH]c4c(c3c2)CCCCC4)CC1,Z0465a,openbind_xx01zvns2b_c1_scaffolds,Z0884a,Z0945a,,,,,,,,,,,,,,,,,,,,,,,,,,,,,,,,,,,,,,,,,,,,,,,,,,,,,,,,,,,
c1cc(C2CCNCC2)c2cc[nH]c2c1,Z0465a,openbind_xx01zvns2b_c1_scaffolds,Z0884a,Z0945a,,,,,,,,,,,,,,,,,,,,,,,,,,,,,,,,,,,,,,,,,,,,,,,,,,,,,,,,,,,
CSCCCNc1ccnc2ccsc12,Z0465a,openbind_xx01zvns2b_c1_scaffolds,Z0852a,Z3880a,,,,,,,,,,,,,,,,,,,,,,,,,,,,,,,,,,,,,,,,,,,,,,,,,,,,,,,,,,,
c1cnc(N2CCNCC2)nc1,Z0465a,openbind_xx01zvns2b_c1_scaffolds,Z0827a,Z0945a,,,,,,,,,,,,,,,,,,,,,,,,,,,,,,,,,,,,,,,,,,,,,,,,,,,,,,,,,,,
CC(NC(=O)CCc1cccnc1Br)c1cc(=O)[nH][nH]1,Z0465a,openbind_xx01zvns2b_c1_scaffolds,Z0827a,Z0945a,,,,,,,,,,,,,,,,,,,,,,,,,,,,,,,,,,,,,,,,,,,,,,,,,,,,,,,,,,,
c1cc2cc(-c3cnn4c3CCCC4)ccc2[nH]1,Z0465a,openbind_xx01zvns2b_c1_scaffolds,Z0773b,Z1688a,Z1716a,,,,,,,,,,,,,,,,,,,,,,,,,,,,,,,,,,,,,,,,,,,,,,,,,,,,,,,,,,
CCC(C)(OC)C(=O)NC(C)C1CCN(C(=O)c2cnc[nH]2)CC1,Z0465a,openbind_xx01zvns2b_c1_scaffolds,Z0465a,Z0693a,,,,,,,,,,,,,,,,,,,,,,,,,,,,,,,,,,,,,,,,,,,,,,,,,,,,,,,,,,,
CC(CCc1ccncc1)NC(=O)c1ccc2c(n1)CCCN2,Z0465a,openbind_xx01zvns2b_c1_scaffolds,Z0455a,Z0788b,,,,,,,,,,,,,,,,,,,,,,,,,,,,,,,,,,,,,,,,,,,,,,,,,,,,,,,,,,,
CCn1nc(-c2cccnc2)nc1-c1cccc2nncn12,Z0465a,openbind_xx01zvns2b_c1_scaffolds,Z2971a,Z0089a,,,,,,,,,,,,,,,,,,,,,,,,,,,,,,,,,,,,,,,,,,,,,,,,,,,,,,,,,,,
O=C(Nc1cccc2ncccc12)c1ccco1,Z0465a,openbind_xx01zvns2b_c1_scaffolds,Z0422a,Z0773b,,,,,,,,,,,,,,,,,,,,,,,,,,,,,,,,,,,,,,,,,,,,,,,,,,,,,,,,,,,
c1ccc2[nH]c(C3CCNC3)nc2c1,Z0465a,openbind_xx01zvns2b_c1_scaffolds,Z0429a,Z0827a,,,,,,,,,,,,,,,,,,,,,,,,,,,,,,,,,,,,,,,,,,,,,,,,,,,,,,,,,,,
CC(N)Cc1nc2c([nH]1)C1(CC2)CC1,Z0465a,openbind_xx01zvns2b_c1_scaffolds,Z0089a,Z0719a,,,,,,,,,,,,,,,,,,,,,,,,,,,,,,,,,,,,,,,,,,,,,,,,,,,,,,,,,,,
CC(Cc1c[nH]cn1)Nc1nc2ncccc2cc1C#N,Z0465a,openbind_xx01zvns2b_c1_scaffolds,Z0089a,Z0719a,,,,,,,,,,,,,,,,,,,,,,,,,,,,,,,,,,,,,,,,,,,,,,,,,,,,,,,,,,,
CC(OC(C)(C)C)C(=O)Nc1ccn2ccnc2c1,Z3515a,openbind_xx01zvns2b_c1_scaffolds,Z1046b,Z1495a,,,,,,,,,,,,,,,,,,,,,,,,,,,,,,,,,,,,,,,,,,,,,,,,,,,,,,,,,,,
C=CCCOC(C)C(=O)Nc1ccn2ccnc2c1,Z3515a,openbind_xx01zvns2b_c1_scaffolds,Z1046b,Z1495a,,,,,,,,,,,,,,,,,,,,,,,,,,,,,,,,,,,,,,,,,,,,,,,,,,,,,,,,,,,
CCC(CO)NC(=O)C(C)n1cnc2ccccc21,Z3515a,openbind_xx01zvns2b_c1_scaffolds,Z0101a,Z3880a,,,,,,,,,,,,,,,,,,,,,,,,,,,,,,,,,,,,,,,,,,,,,,,,,,,,,,,,,,,
c1cnc2c(C3CCCCN3)coc2c1,Z3515a,openbind_xx01zvns2b_c1_scaffolds,Z0773b,Z0819a,Z1688a,Z1716a,,,,,,,,,,,,,,,,,,,,,,,,,,,,,,,,,,,,,,,,,,,,,,,,,,,,,,,,,
O=C1Cc2ccccc2N1C1CNC1,Z3515a,openbind_xx01zvns2b_c1_scaffolds,Z0990a,Z3596a,,,,,,,,,,,,,,,,,,,,,,,,,,,,,,,,,,,,,,,,,,,,,,,,,,,,,,,,,,,
O=C1Cc2ccccc2N1C1CCNC1,Z3515a,openbind_xx01zvns2b_c1_scaffolds,Z0990a,Z3596a,,,,,,,,,,,,,,,,,,,,,,,,,,,,,,,,,,,,,,,,,,,,,,,,,,,,,,,,,,,
CCC(N)c1ccccn1,Z3515a,openbind_xx01zvns2b_c1_scaffolds,Z0990a,Z3596a,,,,,,,,,,,,,,,,,,,,,,,,,,,,,,,,,,,,,,,,,,,,,,,,,,,,,,,,,,,
c1cnn(-c2ncnc3c2CCC3)c1,Z3515a,openbind_xx01zvns2b_c1_scaffolds,Z0875a,Z1342a,,,,,,,,,,,,,,,,,,,,,,,,,,,,,,,,,,,,,,,,,,,,,,,,,,,,,,,,,,,
CCN(C)C(=O)CNC1CCN(C(=O)C2CCNC(=O)CC2)CC1,Z3515a,openbind_xx01zvns2b_c1_scaffolds,Z0089a,Z1688a,Z3515a,Z4008a,,,,,,,,,,,,,,,,,,,,,,,,,,,,,,,,,,,,,,,,,,,,,,,,,,,,,,,,,
O=C(CCl)NCc1cccn2ccnc12,Z3515a,openbind_xx01zvns2b_c1_scaffolds,Z0719a,Z1495a,,,,,,,,,,,,,,,,,,,,,,,,,,,,,,,,,,,,,,,,,,,,,,,,,,,,,,,,,,,
O=C(NCC1(OCCO)CCC1)C(O)c1c[nH]cn1,Z3515a,openbind_xx01zvns2b_c1_scaffolds,Z0182a,Z0819a,Z0990a,Z3515a,,,,,,,,,,,,,,,,,,,,,,,,,,,,,,,,,,,,,,,,,,,,,,,,,,,,,,,,,
CC(N)Cc1cccc2cc[nH]c12,Z3515a,openbind_xx01zvns2b_c1_scaffolds,Z2971a,Z0089a,Z0827a,,,,,,,,,,,,,,,,,,,,,,,,,,,,,,,,,,,,,,,,,,,,,,,,,,,,,,,,,,
CC(C)Nc1cccc2cc[nH]c12,Z3515a,openbind_xx01zvns2b_c1_scaffolds,Z2971a,Z0089a,Z0827a,,,,,,,,,,,,,,,,,,,,,,,,,,,,,,,,,,,,,,,,,,,,,,,,,,,,,,,,,,
CC(C)(F)C(=O)Nc1ccc2c(c1)CNC2,Z3515a,openbind_xx01zvns2b_c1_scaffolds,Z1046b,Z3880a,,,,,,,,,,,,,,,,,,,,,,,,,,,,,,,,,,,,,,,,,,,,,,,,,,,,,,,,,,,
NCCCn1cnc2sccc2c1=O,Z3515a,openbind_xx01zvns2b_c1_scaffolds,Z0472a,Z1719a,,,,,,,,,,,,,,,,,,,,,,,,,,,,,,,,,,,,,,,,,,,,,,,,,,,,,,,,,,,
Cc1csc(NC(=O)C(=O)NCc2cn3ccccc3n2)n1,Z3515a,openbind_xx01zvns2b_c1_scaffolds,Z0472a,Z1719a,,,,,,,,,,,,,,,,,,,,,,,,,,,,,,,,,,,,,,,,,,,,,,,,,,,,,,,,,,,
c1cc(C2CCCCN2)ccn1,Z3515a,openbind_xx01zvns2b_c1_scaffolds,Z0472a,Z1719a,,,,,,,,,,,,,,,,,,,,,,,,,,,,,,,,,,,,,,,,,,,,,,,,,,,,,,,,,,,
CCCNc1ncnc2scnc12,Z3515a,openbind_xx01zvns2b_c1_scaffolds,Z0472a,Z1719a,,,,,,,,,,,,,,,,,,,,,,,,,,,,,,,,,,,,,,,,,,,,,,,,,,,,,,,,,,,
CCCNc1ncnc2nccnc12,Z3515a,openbind_xx01zvns2b_c1_scaffolds,Z0472a,Z1719a,,,,,,,,,,,,,,,,,,,,,,,,,,,,,,,,,,,,,,,,,,,,,,,,,,,,,,,,,,,
CCCNc1ncnc2oncc12,Z3515a,openbind_xx01zvns2b_c1_scaffolds,Z0472a,Z1719a,,,,,,,,,,,,,,,,,,,,,,,,,,,,,,,,,,,,,,,,,,,,,,,,,,,,,,,,,,,
NCCCn1cnc2scnc2c1=O,Z3515a,openbind_xx01zvns2b_c1_scaffolds,Z0472a,Z1719a,,,,,,,,,,,,,,,,,,,,,,,,,,,,,,,,,,,,,,,,,,,,,,,,,,,,,,,,,,,
CCCNc1ncnc2sccc12,Z3515a,openbind_xx01zvns2b_c1_scaffolds,Z0472a,Z1719a,,,,,,,,,,,,,,,,,,,,,,,,,,,,,,,,,,,,,,,,,,,,,,,,,,,,,,,,,,,
CCCNc1ncnc2cccnc12,Z3515a,openbind_xx01zvns2b_c1_scaffolds,Z0472a,Z1719a,,,,,,,,,,,,,,,,,,,,,,,,,,,,,,,,,,,,,,,,,,,,,,,,,,,,,,,,,,,
CCCNc1ncnc2ncccc12,Z3515a,openbind_xx01zvns2b_c1_scaffolds,Z0472a,Z1719a,,,,,,,,,,,,,,,,,,,,,,,,,,,,,,,,,,,,,,,,,,,,,,,,,,,,,,,,,,,
CC(CN)n1cnc2sccc2c1=O,Z3515a,openbind_xx01zvns2b_c1_scaffolds,Z0472a,Z1719a,,,,,,,,,,,,,,,,,,,,,,,,,,,,,,,,,,,,,,,,,,,,,,,,,,,,,,,,,,,
CCCNc1nccc2cccnc12,Z3515a,openbind_xx01zvns2b_c1_scaffolds,Z0472a,Z1719a,,,,,,,,,,,,,,,,,,,,,,,,,,,,,,,,,,,,,,,,,,,,,,,,,,,,,,,,,,,
CCCNc1ncnc2ccsc12,Z3515a,openbind_xx01zvns2b_c1_scaffolds,Z0472a,Z1719a,,,,,,,,,,,,,,,,,,,,,,,,,,,,,,,,,,,,,,,,,,,,,,,,,,,,,,,,,,,
N#CC(N)c1ncnc2ccccc12,Z3515a,openbind_xx01zvns2b_c1_scaffolds,Z0472a,Z1719a,,,,,,,,,,,,,,,,,,,,,,,,,,,,,,,,,,,,,,,,,,,,,,,,,,,,,,,,,,,
CCNCCN(C)c1ncnc2ccccc12,Z3515a,openbind_xx01zvns2b_c1_scaffolds,Z0472a,Z1719a,,,,,,,,,,,,,,,,,,,,,,,,,,,,,,,,,,,,,,,,,,,,,,,,,,,,,,,,,,,
CN(c1ncnc2ccccc12)C(C)(C)CN,Z3515a,openbind_xx01zvns2b_c1_scaffolds,Z0472a,Z1719a,,,,,,,,,,,,,,,,,,,,,,,,,,,,,,,,,,,,,,,,,,,,,,,,,,,,,,,,,,,
CSCC(C)C(=O)NCC(C)NC(=O)c1cccc2scnc12,Z3515a,openbind_xx01zvns2b_c1_scaffolds,Z0472a,Z1719a,,,,,,,,,,,,,,,,,,,,,,,,,,,,,,,,,,,,,,,,,,,,,,,,,,,,,,,,,,,
CCN(CCN)c1ncnc2ccccc12,Z3515a,openbind_xx01zvns2b_c1_scaffolds,Z0472a,Z1719a,,,,,,,,,,,,,,,,,,,,,,,,,,,,,,,,,,,,,,,,,,,,,,,,,,,,,,,,,,,
CC(=O)NCCN(C)C(=O)c1ccc2scnc2c1,Z3515a,openbind_xx01zvns2b_c1_scaffolds,Z0472a,Z1719a,,,,,,,,,,,,,,,,,,,,,,,,,,,,,,,,,,,,,,,,,,,,,,,,,,,,,,,,,,,
CC(N)CN(C)c1ncnc2ccccc12,Z3515a,openbind_xx01zvns2b_c1_scaffolds,Z0472a,Z1719a,,,,,,,,,,,,,,,,,,,,,,,,,,,,,,,,,,,,,,,,,,,,,,,,,,,,,,,,,,,
CN(CCN)c1ncnc2ccccc12,Z3515a,openbind_xx01zvns2b_c1_scaffolds,Z0472a,Z1719a,,,,,,,,,,,,,,,,,,,,,,,,,,,,,,,,,,,,,,,,,,,,,,,,,,,,,,,,,,,
CCCCN(CCN)c1ncnc2ccccc12,Z3515a,openbind_xx01zvns2b_c1_scaffolds,Z0472a,Z1719a,,,,,,,,,,,,,,,,,,,,,,,,,,,,,,,,,,,,,,,,,,,,,,,,,,,,,,,,,,,
N#CCC(CN)c1ncnc2ccccc12,Z3515a,openbind_xx01zvns2b_c1_scaffolds,Z0472a,Z1719a,,,,,,,,,,,,,,,,,,,,,,,,,,,,,,,,,,,,,,,,,,,,,,,,,,,,,,,,,,,
CC(CCNC(=O)c1cccnc1)NC(=O)c1cnc2[nH]nnc2c1,Z3515a,openbind_xx01zvns2b_c1_scaffolds,Z0472a,Z1719a,,,,,,,,,,,,,,,,,,,,,,,,,,,,,,,,,,,,,,,,,,,,,,,,,,,,,,,,,,,
c1ccc2[nH]c(C3CCCCN3)cc2c1,Z3515a,openbind_xx01zvns2b_c1_scaffolds,Z0472a,Z1719a,,,,,,,,,,,,,,,,,,,,,,,,,,,,,,,,,,,,,,,,,,,,,,,,,,,,,,,,,,,
CSCC(=O)NC1CCCN(C(=O)c2cn3ccnc3s2)C1,Z3515a,openbind_xx01zvns2b_c1_scaffolds,Z0182a,Z0917a,Z0990a,Z1719a,,,,,,,,,,,,,,,,,,,,,,,,,,,,,,,,,,,,,,,,,,,,,,,,,,,,,,,,,
CC(C)C(C)(C)CNC(=O)CCN1CCNCC1,Z3515a,openbind_xx01zvns2b_c1_scaffolds,Z0182a,Z0917a,Z0990a,Z1719a,,,,,,,,,,,,,,,,,,,,,,,,,,,,,,,,,,,,,,,,,,,,,,,,,,,,,,,,,
CN(C(=O)C(=O)NCC1CCCCCN1)C1CCC(=O)NC1,Z3515a,openbind_xx01zvns2b_c1_scaffolds,Z0182a,Z0917a,Z0990a,Z1719a,,,,,,,,,,,,,,,,,,,,,,,,,,,,,,,,,,,,,,,,,,,,,,,,,,,,,,,,,
O=[N+]([O-])c1cccc2ncnc(NCC(F)C3CCNCC3)c12,Z3515a,openbind_xx01zvns2b_c1_scaffolds,Z0182a,Z0917a,Z0990a,Z1719a,,,,,,,,,,,,,,,,,,,,,,,,,,,,,,,,,,,,,,,,,,,,,,,,,,,,,,,,,
c1cnc2sc(-c3cncs3)cc2c1,Z3515a,openbind_xx01zvns2b_c1_scaffolds,Z0182a,Z0917a,Z0990a,Z1719a,,,,,,,,,,,,,,,,,,,,,,,,,,,,,,,,,,,,,,,,,,,,,,,,,,,,,,,,,
O=[N+]([O-])c1cccc2ncnc(NCC3CC4CC4N3)c12,Z3515a,openbind_xx01zvns2b_c1_scaffolds,Z0182a,Z0917a,Z0990a,Z1719a,,,,,,,,,,,,,,,,,,,,,,,,,,,,,,,,,,,,,,,,,,,,,,,,,,,,,,,,,
CCC(=O)NC1CCC(NC(=O)C(O)Cc2c[nH]cn2)CC1,Z3515a,openbind_xx01zvns2b_c1_scaffolds,Z0182a,Z0917a,Z0990a,Z1719a,,,,,,,,,,,,,,,,,,,,,,,,,,,,,,,,,,,,,,,,,,,,,,,,,,,,,,,,,
CCCCCN1CCn2nc(CNc3ncccn3)cc2C1,Z3515a,openbind_xx01zvns2b_c1_scaffolds,Z0182a,Z0917a,Z0990a,Z1719a,,,,,,,,,,,,,,,,,,,,,,,,,,,,,,,,,,,,,,,,,,,,,,,,,,,,,,,,,
CCC(OC(=O)c1cn2ccnc2s1)c1ccncc1,Z3515a,openbind_xx01zvns2b_c1_scaffolds,Z0182a,Z0917a,Z0990a,Z1719a,,,,,,,,,,,,,,,,,,,,,,,,,,,,,,,,,,,,,,,,,,,,,,,,,,,,,,,,,
CN(c1ncnc2ccccc12)C1CCNC1,Z3515a,openbind_xx01zvns2b_c1_scaffolds,Z0182a,Z0917a,Z0990a,Z1719a,,,,,,,,,,,,,,,,,,,,,,,,,,,,,,,,,,,,,,,,,,,,,,,,,,,,,,,,,
CC(O)C(C)(C)CNC(=O)Cc1cccc2cccnc12,Z3515a,openbind_xx01zvns2b_c1_scaffolds,Z0182a,Z0917a,Z0990a,Z1719a,,,,,,,,,,,,,,,,,,,,,,,,,,,,,,,,,,,,,,,,,,,,,,,,,,,,,,,,,
Cc1cccc2ncnc(NCC3CCCCN3)c12,Z3515a,openbind_xx01zvns2b_c1_scaffolds,Z0182a,Z0917a,Z0990a,Z1719a,,,,,,,,,,,,,,,,,,,,,,,,,,,,,,,,,,,,,,,,,,,,,,,,,,,,,,,,,
O=C(CCC1CCCN1)Nc1n[nH]c2nc(C(F)(F)F)ccc12,Z3515a,openbind_xx01zvns2b_c1_scaffolds,Z0709a,Z0827a,,,,,,,,,,,,,,,,,,,,,,,,,,,,,,,,,,,,,,,,,,,,,,,,,,,,,,,,,,,
CC#CCCNCc1ccc2cccnc2c1,Z3515a,openbind_xx01zvns2b_c1_scaffolds,Z0472a,Z3527a,,,,,,,,,,,,,,,,,,,,,,,,,,,,,,,,,,,,,,,,,,,,,,,,,,,,,,,,,,,
CCC(C)S(C)(=O)=NC(=O)c1sc(-c2ncc[nH]2)nc1C,Z3515a,openbind_xx01zvns2b_c1_scaffolds,Z0773a,Z1495a,,,,,,,,,,,,,,,,,,,,,,,,,,,,,,,,,,,,,,,,,,,,,,,,,,,,,,,,,,,
CC(NC1=NC2CCCCCC2N1)c1ccc(F)cn1,Z3515a,openbind_xx01zvns2b_c1_scaffolds,Z0844a,Z1274a,,,,,,,,,,,,,,,,,,,,,,,,,,,,,,,,,,,,,,,,,,,,,,,,,,,,,,,,,,,
Cc1ccc(C(C)NC2=NC3CCCC3N2)nc1,Z3515a,openbind_xx01zvns2b_c1_scaffolds,Z0844a,Z1274a,,,,,,,,,,,,,,,,,,,,,,,,,,,,,,,,,,,,,,,,,,,,,,,,,,,,,,,,,,,
CCCCCC(=O)Nc1cccc2[nH]cnc12,Z3515a,openbind_xx01zvns2b_c1_scaffolds,Z0846a,Z1597a,,,,,,,,,,,,,,,,,,,,,,,,,,,,,,,,,,,,,,,,,,,,,,,,,,,,,,,,,,,
CCCCC(C)N(CCCC)C(=O)Cc1ccncc1,Z3515a,openbind_xx01zvns2b_c1_scaffolds,Z0846a,Z1597a,,,,,,,,,,,,,,,,,,,,,,,,,,,,,,,,,,,,,,,,,,,,,,,,,,,,,,,,,,,
CC(N)Cc1cccc2c1NC(=O)C2,Z3515a,openbind_xx01zvns2b_c1_scaffolds,Z0089a,Z3596a,,,,,,,,,,,,,,,,,,,,,,,,,,,,,,,,,,,,,,,,,,,,,,,,,,,,,,,,,,,
CN(C(=O)c1nc2ccccc2s1)c1nccc2ccccc12,Z3515a,openbind_xx01zvns2b_c1_scaffolds,Z0422a,Z0969a,,,,,,,,,,,,,,,,,,,,,,,,,,,,,,,,,,,,,,,,,,,,,,,,,,,,,,,,,,,
CCC(CC)C(=O)NC1CCCNC1=O,Z3515a,openbind_xx01zvns2b_c1_scaffolds,Z0089a,Z0709a,,,,,,,,,,,,,,,,,,,,,,,,,,,,,,,,,,,,,,,,,,,,,,,,,,,,,,,,,,,
O=C(NC1(c2ccccn2)CC1)c1cc2c(o1)CCCNC2,Z3515a,openbind_xx01zvns2b_c1_scaffolds,Z0089a,Z0709a,,,,,,,,,,,,,,,,,,,,,,,,,,,,,,,,,,,,,,,,,,,,,,,,,,,,,,,,,,,
CC(C)N(CCO)C(=O)c1c[nH]cn1,Z3515a,openbind_xx01zvns2b_c1_scaffolds,Z0089a,Z0709a,,,,,,,,,,,,,,,,,,,,,,,,,,,,,,,,,,,,,,,,,,,,,,,,,,,,,,,,,,,
CC(OC1CNCC2(CC2)C1)C(N)=O,Z3515a,openbind_xx01zvns2b_c1_scaffolds,Z0465a,Z1597a,,,,,,,,,,,,,,,,,,,,,,,,,,,,,,,,,,,,,,,,,,,,,,,,,,,,,,,,,,,
CC(C)CCCC(=O)Nc1ccncc1,Z3515a,openbind_xx01zvns2b_c1_scaffolds,Z0465a,Z1597a,,,,,,,,,,,,,,,,,,,,,,,,,,,,,,,,,,,,,,,,,,,,,,,,,,,,,,,,,,,
CN(CCNC(=O)Cc1ccccc1)C(=O)c1cncc(C(N)=O)c1,Z3515a,openbind_xx01zvns2b_c1_scaffolds,Z0465a,Z1597a,,,,,,,,,,,,,,,,,,,,,,,,,,,,,,,,,,,,,,,,,,,,,,,,,,,,,,,,,,,
O=C1CCNC(c2cnco2)C1,Z3515a,openbind_xx01zvns2b_c1_scaffolds,Z0465a,Z0673b,Z1098a,Z1342a,,,,,,,,,,,,,,,,,,,,,,,,,,,,,,,,,,,,,,,,,,,,,,,,,,,,,,,,,
O=C1CCNC(c2cnoc2)C1,Z3515a,openbind_xx01zvns2b_c1_scaffolds,Z0465a,Z0673b,Z1098a,Z1342a,,,,,,,,,,,,,,,,,,,,,,,,,,,,,,,,,,,,,,,,,,,,,,,,,,,,,,,,,
c1noc(-c2cnn3c2CNCC3)n1,Z3515a,openbind_xx01zvns2b_c1_scaffolds,Z0465a,Z1098a,Z1342a,,,,,,,,,,,,,,,,,,,,,,,,,,,,,,,,,,,,,,,,,,,,,,,,,,,,,,,,,,
O=C1CCNC(c2cncs2)C1,Z3515a,openbind_xx01zvns2b_c1_scaffolds,Z0465a,Z0673b,Z1098a,Z1342a,,,,,,,,,,,,,,,,,,,,,,,,,,,,,,,,,,,,,,,,,,,,,,,,,,,,,,,,,
O=C1CCNC(c2cocn2)C1,Z3515a,openbind_xx01zvns2b_c1_scaffolds,Z0465a,Z0673b,Z1098a,Z1342a,,,,,,,,,,,,,,,,,,,,,,,,,,,,,,,,,,,,,,,,,,,,,,,,,,,,,,,,,
O=C1CCNC(c2cc[nH]n2)C1,Z3515a,openbind_xx01zvns2b_c1_scaffolds,Z0465a,Z1098a,Z1342a,,,,,,,,,,,,,,,,,,,,,,,,,,,,,,,,,,,,,,,,,,,,,,,,,,,,,,,,,,
O=C1CCNCC1OCc1ccn[nH]1,Z3515a,openbind_xx01zvns2b_c1_scaffolds,Z0465a,Z1098a,Z1342a,,,,,,,,,,,,,,,,,,,,,,,,,,,,,,,,,,,,,,,,,,,,,,,,,,,,,,,,,,
CN1C(=O)Cc2c(C(=O)OCCc3cscn3)cccc21,Z3515a,openbind_xx01zvns2b_c1_scaffolds,Z0852a,Z3596a,,,,,,,,,,,,,,,,,,,,,,,,,,,,,,,,,,,,,,,,,,,,,,,,,,,,,,,,,,,
c1ccc(C2CNCCN2)nc1,Z3515a,openbind_xx01zvns2b_c1_scaffolds,Z0990a,Z1342a,,,,,,,,,,,,,,,,,,,,,,,,,,,,,,,,,,,,,,,,,,,,,,,,,,,,,,,,,,,
CC=CC(O)COC1CCCNC1,Z3515a,openbind_xx01zvns2b_c1_scaffolds,Z0884a,Z1729a,,,,,,,,,,,,,,,,,,,,,,,,,,,,,,,,,,,,,,,,,,,,,,,,,,,,,,,,,,,
c1ccc2[nH]c(C3CNCCS3)nc2c1,Z3515a,openbind_xx01zvns2b_c1_scaffolds,Z0990a,Z3476a,,,,,,,,,,,,,,,,,,,,,,,,,,,,,,,,,,,,,,,,,,,,,,,,,,,,,,,,,,,
CC(C)(C(=O)O)n1cc(NC(=O)c2ccc3ccnn3c2)cn1,Z3515a,openbind_xx01zvns2b_c1_scaffolds,Z0465a,Z0693a,,,,,,,,,,,,,,,,,,,,,,,,,,,,,,,,,,,,,,,,,,,,,,,,,,,,,,,,,,,
O=c1cc(-c2cscn2)[nH][nH]1,Z3515a,openbind_xx01zvns2b_c1_scaffolds,Z0465a,Z0693a,,,,,,,,,,,,,,,,,,,,,,,,,,,,,,,,,,,,,,,,,,,,,,,,,,,,,,,,,,,
CC(=O)c1cccc(OC(C)C(=O)NC2CNCC3(CC3)C2)c1,Z3515a,openbind_xx01zvns2b_c1_scaffolds,Z0465a,Z0693a,,,,,,,,,,,,,,,,,,,,,,,,,,,,,,,,,,,,,,,,,,,,,,,,,,,,,,,,,,,
CC(=O)c1ccc2c(c1)CN(C(=O)C13CCN(CC1)C3)C2,Z3515a,openbind_xx01zvns2b_c1_scaffolds,Z0719a,Z0969a,,,,,,,,,,,,,,,,,,,,,,,,,,,,,,,,,,,,,,,,,,,,,,,,,,,,,,,,,,,
CC1NC(=O)CCC1NS(=O)(=O)c1ccc2c(c1)CCCNC2,Z3515a,openbind_xx01zvns2b_c1_scaffolds,Z0673a,Z3729a,,,,,,,,,,,,,,,,,,,,,,,,,,,,,,,,,,,,,,,,,,,,,,,,,,,,,,,,,,,
CCCn1c(C(=O)NC(CO)Cc2c[nH]cn2)cc2ccccc21,Z3515a,openbind_xx01zvns2b_c1_scaffolds,Z0701a,Z0719a,,,,,,,,,,,,,,,,,,,,,,,,,,,,,,,,,,,,,,,,,,,,,,,,,,,,,,,,,,,
CCC(C)NC(=O)c1cccc2[nH]ncc12,Z3515a,openbind_xx01zvns2b_c1_scaffolds,Z0701a,Z0719a,,,,,,,,,,,,,,,,,,,,,,,,,,,,,,,,,,,,,,,,,,,,,,,,,,,,,,,,,,,
Cc1csc(=O)n1CC(=O)N(C)c1nc2ccccc2s1,Z3515a,openbind_xx01zvns2b_c1_scaffolds,Z0701a,Z0719a,,,,,,,,,,,,,,,,,,,,,,,,,,,,,,,,,,,,,,,,,,,,,,,,,,,,,,,,,,,
c1cncc(C23CCNCC2C3)c1,Z3515a,openbind_xx01zvns2b_c1_scaffolds,Z0701a,Z0719a,,,,,,,,,,,,,,,,,,,,,,,,,,,,,,,,,,,,,,,,,,,,,,,,,,,,,,,,,,,
O=C(Nc1ccc(OCCO)cc1)c1ccn2ccnc2c1,Z3515a,openbind_xx01zvns2b_c1_scaffolds,Z0884a,Z1495a,,,,,,,,,,,,,,,,,,,,,,,,,,,,,,,,,,,,,,,,,,,,,,,,,,,,,,,,,,,
Cc1ccc(C)c2c1CC(=O)N2C1CCNCC1,Z3515a,openbind_xx01zvns2b_c1_scaffolds,Z0465a,Z0827a,,,,,,,,,,,,,,,,,,,,,,,,,,,,,,,,,,,,,,,,,,,,,,,,,,,,,,,,,,,
COc1ccc2cc(C(=O)NCCc3ncc[nH]3)[nH]c2c1,Z3515a,openbind_xx01zvns2b_c1_scaffolds,Z0875a,Z1098a,,,,,,,,,,,,,,,,,,,,,,,,,,,,,,,,,,,,,,,,,,,,,,,,,,,,,,,,,,,
CC(N)C(C)c1nc2ccccc2[nH]1,Z3515a,openbind_xx01zvns2b_c1_scaffolds,Z0472a,Z3476a,,,,,,,,,,,,,,,,,,,,,,,,,,,,,,,,,,,,,,,,,,,,,,,,,,,,,,,,,,,
CC(N)CN(C)c1nc2ccccc2[nH]1,Z3515a,openbind_xx01zvns2b_c1_scaffolds,Z0472a,Z3476a,,,,,,,,,,,,,,,,,,,,,,,,,,,,,,,,,,,,,,,,,,,,,,,,,,,,,,,,,,,
